MATCHID,ROUND,TEAM_ID,TEAM,LOCATION,PLAYER_ID,PLAYER,PLAYER_NAME,IS_STARTER,MIN,MIN_SECS,PTS,FGM_2,FGA_2,FGM_3,FGA_3,FGM,FGA,FTM,FTA,ORB,DRB,TRB,AST,TOV,STL,BLK,BLKA,PF,PFD,PIR,PLUS_MINUS,TS%,eFG%,3PAr,FTr,PPS_2,PPS_3,FTA_PER_PFD,ORB%,DRB%,TRB%,AST%,STL%,BLK%,TOV%,USG%,DORSAL
2512420,Final,980023,GEIEG PACISA,HOME,1949920,,J. Pairo Urtos,1,25.0,1498.0,8.0,1.0,2.0,2.0,5.0,3.0,7.0,0.0,0.0,0.0,5.0,5.0,0.0,0.0,0.0,0.0,0.0,2.0,1.0,8.0,-18.0,57.1,57.1,71.4,0.0,1.0,1.2,0.0,0.0,18.6,10.0,0.0,0.0,0.0,0.0,14.0,
2512420,Final,980023,GEIEG PACISA,HOME,1917788,,M. Carbo Cachinero,0,16.8,1008.0,6.0,0.0,3.0,2.0,2.0,2.0,5.0,0.0,0.0,0.0,1.0,1.0,1.0,2.0,0.0,0.0,0.0,4.0,0.0,-1.0,1.0,60.0,60.0,40.0,0.0,0.0,3.0,0.0,0.0,5.5,3.0,22.7,0.0,0.0,28.6,20.9,
2512420,Final,980023,GEIEG PACISA,HOME,1944150,,M. Melero Bravo,1,29.6,1778.0,14.0,4.0,7.0,1.0,5.0,5.0,12.0,3.0,6.0,0.0,5.0,5.0,3.0,4.0,4.0,0.0,1.0,3.0,6.0,15.0,-22.0,47.8,45.8,41.7,50.0,1.1,0.6,1.0,0.0,15.7,8.4,48.4,7.4,0.0,21.5,31.6,
2512420,Final,980023,GEIEG PACISA,HOME,1667386,,C. Morente Lopez,0,17.7,1064.0,3.0,0.0,0.0,1.0,3.0,1.0,3.0,0.0,0.0,1.0,1.0,2.0,0.0,0.0,2.0,0.0,0.0,0.0,3.0,8.0,-6.0,50.0,50.0,100.0,0.0,0.0,1.0,0.0,6.1,5.3,5.6,0.0,6.2,0.0,0.0,8.5,
2512420,Final,980023,GEIEG PACISA,HOME,1567998,,V. Gonzalez Olaizola,0,22.3,1339.0,11.0,2.0,7.0,0.0,0.0,2.0,7.0,7.0,13.0,3.0,4.0,7.0,0.0,1.0,1.0,1.0,0.0,5.0,7.0,10.0,7.0,43.2,28.6,0.0,185.7,0.6,0.0,1.9,14.5,16.7,15.7,0.0,2.5,4.7,7.3,30.9,
2512420,Final,980023,GEIEG PACISA,HOME,1666109,,A. Coma Perpiña,1,26.0,1561.0,10.0,1.0,4.0,0.0,3.0,1.0,7.0,8.0,8.0,1.0,4.0,5.0,3.0,1.0,2.0,0.0,0.0,2.0,5.0,16.0,-7.0,47.5,14.3,42.9,114.3,0.5,0.0,1.6,4.2,14.3,9.6,29.4,4.2,0.0,8.7,22.2,
2512420,Final,980023,GEIEG PACISA,HOME,1926754,,J. Fernandez Pinsach,1,29.5,1770.0,6.0,2.0,12.0,0.0,0.0,2.0,12.0,2.0,2.0,3.0,1.0,4.0,3.0,1.0,0.0,2.0,1.0,4.0,2.0,2.0,-22.0,23.3,16.7,0.0,16.7,0.3,0.0,1.0,11.0,3.2,6.8,32.6,0.0,7.1,7.2,23.6,
2512420,Final,980023,GEIEG PACISA,HOME,2239082,,N. Mitjanas Costa,1,25.0,1499.0,0.0,0.0,3.0,0.0,1.0,0.0,4.0,0.0,0.0,1.0,4.0,5.0,2.0,0.0,1.0,0.0,0.0,2.0,0.0,2.0,0.0,0.0,0.0,25.0,0.0,0.0,0.0,0.0,4.3,14.9,10.0,20.8,2.2,0.0,0.0,8.0,
2512420,Final,980023,GEIEG PACISA,HOME,2059054,,A. Riera Buil,0,8.1,483.0,0.0,0.0,0.0,0.0,1.0,0.0,1.0,0.0,0.0,0.0,0.0,0.0,0.0,0.0,0.0,0.0,0.0,1.0,0.0,-2.0,2.0,0.0,0.0,100.0,0.0,0.0,0.0,0.0,0.0,0.0,0.0,0.0,0.0,0.0,0.0,6.2,
2512420,Final,981340,MARISTAS CORUÑA,AWAY,1718833,N. Rios Maqueda,N. Rios Maqueda,1,29.4,1762.0,7.0,2.0,4.0,1.0,2.0,3.0,6.0,0.0,4.0,1.0,1.0,2.0,2.0,4.0,1.0,0.0,1.0,3.0,3.0,1.0,22.0,45.1,58.3,33.3,66.7,1.0,1.5,1.3,3.2,3.7,3.4,12.0,1.9,0.0,34.0,17.6,
2512420,Final,981340,MARISTAS CORUÑA,AWAY,2167990,N. Dimitrijevic,N. Dimitrijevic,0,28.1,1685.0,9.0,3.0,3.0,0.0,3.0,3.0,6.0,3.0,4.0,1.0,3.0,4.0,4.0,1.0,3.0,0.0,0.0,2.0,4.0,17.0,12.0,58.0,50.0,50.0,66.7,2.0,0.0,1.0,3.3,11.5,7.1,24.1,6.0,0.0,11.4,13.7,
2512420,Final,981340,MARISTAS CORUÑA,AWAY,1815863,A. Jimenez Garcia,A. Jimenez Garcia,0,26.8,1609.0,13.0,2.0,5.0,3.0,8.0,5.0,13.0,0.0,0.0,2.0,5.0,7.0,0.0,1.0,0.0,1.0,0.0,3.0,1.0,10.0,12.0,50.0,50.0,61.5,0.0,0.8,1.1,0.0,6.9,20.2,13.1,0.0,0.0,3.9,7.1,23.0,
2512420,Final,981340,MARISTAS CORUÑA,AWAY,2065951,C. Naya Angeriz,C. Naya Angeriz,0,6.0,359.0,2.0,1.0,1.0,0.0,1.0,1.0,2.0,0.0,0.0,1.0,0.0,1.0,1.0,0.0,1.0,0.0,0.0,0.0,0.0,4.0,-8.0,50.0,50.0,50.0,0.0,2.0,0.0,0.0,15.5,0.0,8.3,55.6,9.4,0.0,0.0,14.7,
2512420,Final,981340,MARISTAS CORUÑA,AWAY,2744120,J. Zeballos Rodda,J. Zeballos Rodda,1,16.4,984.0,8.0,1.0,2.0,2.0,4.0,3.0,6.0,0.0,0.0,0.0,4.0,4.0,2.0,3.0,1.0,0.0,0.0,2.0,3.0,10.0,6.0,66.7,66.7,66.7,0.0,1.0,1.5,0.0,0.0,26.4,12.2,24.4,3.4,0.0,33.3,24.2,
2512420,Final,981340,MARISTAS CORUÑA,AWAY,1548092,E. Filgueira Chenlo,E. Filgueira Chenlo,1,28.7,1720.0,9.0,1.0,2.0,2.0,6.0,3.0,8.0,1.0,2.0,3.0,4.0,7.0,1.0,0.0,0.0,0.0,0.0,2.0,2.0,11.0,10.0,50.7,50.0,75.0,25.0,1.0,1.0,1.0,9.7,15.1,12.2,6.0,0.0,0.0,0.0,13.6,
2512420,Final,981340,MARISTAS CORUÑA,AWAY,1878476,S. Arcos Jerez,S. Arcos Jerez,1,23.0,1379.0,9.0,4.0,6.0,0.0,4.0,4.0,10.0,1.0,2.0,2.0,3.0,5.0,1.0,2.0,0.0,0.0,0.0,3.0,1.0,4.0,7.0,41.4,40.0,40.0,20.0,1.3,0.0,2.0,8.1,14.1,10.9,7.8,0.0,0.0,15.5,24.7,
2512420,Final,981340,MARISTAS CORUÑA,AWAY,2188436,R. Botana Fragoso,R. Botana Fragoso,0,9.9,592.0,0.0,0.0,2.0,0.0,0.0,0.0,2.0,0.0,4.0,0.0,3.0,3.0,0.0,0.0,0.0,0.0,0.0,3.0,2.0,-4.0,-5.0,0.0,0.0,0.0,200.0,0.0,0.0,2.0,0.0,32.8,15.2,0.0,0.0,0.0,0.0,16.7,
2512420,Final,981340,MARISTAS CORUÑA,AWAY,1172591,A. Perez Alonso,A. Perez Alonso,0,5.7,341.0,0.0,0.0,3.0,0.0,1.0,0.0,4.0,0.0,0.0,1.0,0.0,1.0,0.0,1.0,0.0,0.0,0.0,3.0,0.0,-7.0,-8.0,0.0,0.0,25.0,0.0,0.0,0.0,0.0,16.3,0.0,8.8,0.0,0.0,0.0,20.0,38.6,
2512420,Final,981340,MARISTAS CORUÑA,AWAY,2817727,B. Fontana,B. Fontana,1,26.1,1569.0,14.0,5.0,10.0,1.0,2.0,6.0,12.0,1.0,4.0,7.0,5.0,12.0,1.0,1.0,2.0,1.0,2.0,4.0,6.0,22.0,17.0,50.9,54.2,16.7,33.3,1.0,1.5,0.7,24.9,20.7,23.0,7.4,4.3,4.0,6.8,24.9,
2512421,Final,981340,MARISTAS CORUÑA,HOME,1718833,N. Rios Maqueda,N. Rios Maqueda,1,23.6,1416.0,6.0,3.0,5.0,0.0,2.0,3.0,7.0,0.0,0.0,0.0,0.0,0.0,5.0,1.0,2.0,0.0,0.0,2.0,1.0,7.0,23.0,42.9,42.9,28.6,0.0,1.2,0.0,0.0,0.0,0.0,0.0,36.2,4.7,0.0,12.5,15.2,
2512421,Final,981340,MARISTAS CORUÑA,HOME,2167990,N. Dimitrijevic,N. Dimitrijevic,0,24.6,1475.0,6.0,2.0,3.0,0.0,3.0,2.0,6.0,2.0,3.0,5.0,2.0,7.0,2.0,5.0,3.0,0.0,0.0,3.0,3.0,8.0,7.0,41.0,33.3,50.0,50.0,1.3,0.0,1.0,22.0,7.9,14.6,13.5,6.8,0.0,40.6,22.4,
2512421,Final,981340,MARISTAS CORUÑA,HOME,2014848,L. Ibañez Díaz,L. Ibañez Díaz,0,2.7,162.0,0.0,0.0,0.0,0.0,1.0,0.0,1.0,0.0,0.0,0.0,1.0,1.0,0.0,0.0,0.0,0.0,0.0,0.0,0.0,0.0,3.0,0.0,0.0,100.0,0.0,0.0,0.0,0.0,0.0,36.1,19.0,0.0,0.0,0.0,0.0,16.6,
2512421,Final,981340,MARISTAS CORUÑA,HOME,1815863,A. Jimenez Garcia,A. Jimenez Garcia,0,21.0,1262.0,5.0,1.0,5.0,1.0,3.0,2.0,8.0,0.0,0.0,1.0,3.0,4.0,1.0,1.0,1.0,1.0,1.0,1.0,0.0,4.0,7.0,31.2,31.2,37.5,0.0,0.4,1.0,0.0,5.1,13.9,9.8,8.3,2.7,4.4,11.1,19.2,
2512421,Final,981340,MARISTAS CORUÑA,HOME,2065951,C. Naya Angeriz,C. Naya Angeriz,0,11.1,666.0,3.0,0.0,0.0,1.0,2.0,1.0,2.0,0.0,0.0,0.0,1.0,1.0,1.0,1.0,0.0,0.0,0.0,2.0,0.0,1.0,14.0,75.0,75.0,100.0,0.0,0.0,1.5,0.0,0.0,8.8,4.6,13.5,0.0,0.0,33.3,12.1,
2512421,Final,981340,MARISTAS CORUÑA,HOME,2744120,J. Zeballos Rodda,J. Zeballos Rodda,1,22.5,1349.0,10.0,3.0,5.0,1.0,6.0,4.0,11.0,1.0,2.0,0.0,0.0,0.0,1.0,1.0,1.0,0.0,0.0,3.0,1.0,1.0,0.0,42.1,40.9,54.5,18.2,1.2,0.5,2.0,0.0,0.0,0.0,7.8,2.5,0.0,7.8,25.7,
2512421,Final,981340,MARISTAS CORUÑA,HOME,1548092,E. Filgueira Chenlo,E. Filgueira Chenlo,1,24.4,1465.0,8.0,2.0,4.0,1.0,4.0,3.0,8.0,1.0,2.0,0.0,0.0,0.0,2.0,0.0,1.0,0.0,1.0,2.0,1.0,4.0,21.0,45.0,43.8,50.0,25.0,1.0,0.8,2.0,0.0,0.0,0.0,14.5,2.3,0.0,0.0,16.3,
2512421,Final,981340,MARISTAS CORUÑA,HOME,1831191,S. Bra Piñeiro,S. Bra Piñeiro,0,4.0,240.0,3.0,0.0,0.0,1.0,1.0,1.0,1.0,0.0,0.0,0.0,1.0,1.0,0.0,1.0,0.0,0.0,0.0,0.0,0.0,3.0,5.0,150.0,150.0,100.0,0.0,0.0,3.0,0.0,0.0,24.4,12.8,0.0,0.0,0.0,50.0,22.4,
2512421,Final,981340,MARISTAS CORUÑA,HOME,1878476,S. Arcos Jerez,S. Arcos Jerez,1,22.6,1357.0,12.0,4.0,5.0,0.0,2.0,4.0,7.0,4.0,7.0,3.0,12.0,15.0,1.0,0.0,1.0,0.0,0.0,3.0,7.0,27.0,11.0,59.5,57.1,28.6,100.0,1.6,0.0,1.0,14.4,51.8,34.0,7.8,2.5,0.0,0.0,20.0,
2512421,Final,981340,MARISTAS CORUÑA,HOME,2188436,R. Botana Fragoso,R. Botana Fragoso,1,11.9,715.0,2.0,1.0,4.0,0.0,0.0,1.0,4.0,0.0,0.0,2.0,2.0,4.0,0.0,0.0,0.0,0.0,0.0,3.0,0.0,0.0,-1.0,25.0,25.0,0.0,0.0,0.5,0.0,0.0,18.2,16.4,17.2,0.0,0.0,0.0,0.0,15.1,
2512421,Final,981340,MARISTAS CORUÑA,HOME,1172591,A. Perez Alonso,A. Perez Alonso,0,4.9,292.0,3.0,0.0,1.0,1.0,1.0,1.0,2.0,0.0,0.0,0.0,0.0,0.0,0.0,3.0,1.0,0.0,0.0,2.0,0.0,-2.0,3.0,75.0,75.0,50.0,0.0,0.0,3.0,0.0,0.0,0.0,0.0,0.0,11.4,0.0,60.0,45.7,
2512421,Final,981340,MARISTAS CORUÑA,HOME,2817727,B. Fontana,B. Fontana,0,26.7,1601.0,15.0,5.0,7.0,1.0,2.0,6.0,9.0,2.0,7.0,4.0,4.0,8.0,1.0,1.0,2.0,2.0,0.0,1.0,6.0,24.0,12.0,62.1,72.2,22.2,77.8,1.4,1.5,1.2,16.2,14.6,15.4,7.4,4.2,7.0,7.6,22.0,
2512421,Final,980023,GEIEG PACISA,AWAY,1949920,,J. Pairo Urtos,1,17.2,1035.0,4.0,0.0,1.0,1.0,1.0,1.0,2.0,1.0,2.0,0.0,1.0,1.0,0.0,0.0,1.0,0.0,0.0,4.0,1.0,1.0,-12.0,69.4,75.0,50.0,100.0,0.0,3.0,2.0,0.0,6.3,3.0,0.0,3.1,0.0,0.0,7.7,
2512421,Final,980023,GEIEG PACISA,AWAY,1917788,,M. Carbo Cachinero,0,20.9,1256.0,5.0,0.0,3.0,1.0,2.0,1.0,5.0,2.0,4.0,1.0,1.0,2.0,1.0,3.0,2.0,0.0,0.0,2.0,4.0,3.0,-26.0,37.0,30.0,40.0,80.0,0.0,1.5,1.0,4.7,5.2,4.9,12.5,5.2,0.0,30.7,21.5,
2512421,Final,980023,GEIEG PACISA,AWAY,2191037,,C. Calvet Sandez,0,11.1,665.0,5.0,1.0,1.0,1.0,2.0,2.0,3.0,0.0,0.0,1.0,3.0,4.0,0.0,0.0,0.0,0.0,0.0,2.0,0.0,6.0,-12.0,83.3,83.3,66.7,0.0,2.0,1.5,0.0,8.8,29.2,18.5,0.0,0.0,0.0,0.0,12.5,
2512421,Final,980023,GEIEG PACISA,AWAY,1667386,,C. Morente Lopez,1,36.3,2176.0,4.0,0.0,1.0,1.0,4.0,1.0,5.0,1.0,2.0,1.0,2.0,3.0,1.0,5.0,2.0,0.0,0.0,1.0,3.0,2.0,-14.0,34.0,30.0,80.0,40.0,0.0,0.8,0.7,2.7,6.0,4.2,6.6,3.0,0.0,46.0,13.8,
2512421,Final,980023,GEIEG PACISA,AWAY,1567998,,V. Gonzalez Olaizola,1,29.4,1762.0,5.0,2.0,9.0,0.0,1.0,2.0,10.0,1.0,3.0,4.0,6.0,10.0,2.0,3.0,1.0,0.0,0.0,1.0,4.0,8.0,-8.0,22.1,20.0,10.0,30.0,0.4,0.0,0.8,13.3,22.1,17.4,18.9,1.8,0.0,20.9,22.4,
2512421,Final,980023,GEIEG PACISA,AWAY,1666109,,A. Coma Perpiña,1,19.7,1180.0,14.0,4.0,5.0,1.0,2.0,5.0,7.0,3.0,5.0,1.0,5.0,6.0,1.0,7.0,0.0,1.0,0.0,4.0,5.0,12.0,4.0,76.1,78.6,28.6,71.4,1.6,1.5,1.0,5.0,27.4,15.6,25.0,0.0,5.2,43.2,37.9,
2512421,Final,980023,GEIEG PACISA,AWAY,1926754,,J. Fernandez Pinsach,1,30.6,1834.0,12.0,5.0,15.0,0.0,1.0,5.0,16.0,2.0,4.0,5.0,2.0,7.0,0.0,1.0,1.0,1.0,3.0,3.0,4.0,8.0,-7.0,33.8,31.2,6.2,25.0,0.7,0.0,1.0,15.9,7.1,11.7,0.0,1.8,3.4,5.3,28.3,
2512421,Final,980023,GEIEG PACISA,AWAY,2239082,,N. Mitjanas Costa,0,16.4,981.0,3.0,0.0,6.0,1.0,2.0,1.0,8.0,0.0,0.0,2.0,0.0,2.0,1.0,0.0,0.0,0.0,0.0,4.0,0.0,-5.0,-22.0,18.8,18.8,25.0,0.0,0.0,1.5,0.0,11.9,0.0,6.3,16.1,0.0,0.0,0.0,22.5,
2512421,Final,980023,GEIEG PACISA,AWAY,2191036,,R. Calvet Sandez,0,3.7,223.0,0.0,0.0,1.0,0.0,0.0,0.0,1.0,0.0,0.0,0.0,1.0,1.0,0.0,0.0,0.0,0.0,0.0,0.0,0.0,0.0,-5.0,0.0,0.0,0.0,0.0,0.0,0.0,0.0,0.0,29.2,13.9,0.0,0.0,0.0,0.0,12.5,
2512421,Final,980023,GEIEG PACISA,AWAY,2059054,,A. Riera Buil,0,14.8,888.0,0.0,0.0,1.0,0.0,1.0,0.0,2.0,0.0,0.0,0.0,1.0,1.0,1.0,0.0,0.0,0.0,0.0,0.0,0.0,0.0,-3.0,0.0,0.0,50.0,0.0,0.0,0.0,0.0,0.0,7.3,3.5,13.9,0.0,0.0,0.0,6.2,
2512422,Cuartos de Final,981335,CESUR DISTRITO OLIMPICO,HOME,2286837,,B. Arranz Albero,1,31.2,1870.0,11.0,2.0,3.0,2.0,8.0,4.0,11.0,1.0,1.0,1.0,2.0,3.0,0.0,2.0,0.0,0.0,0.0,2.0,2.0,5.0,-9.0,48.1,45.5,72.7,9.1,1.3,0.8,0.5,4.0,6.6,5.4,0.0,0.0,0.0,14.9,21.2,
2512422,Cuartos de Final,981335,CESUR DISTRITO OLIMPICO,HOME,2031383,,A. Picos Porras,1,35.6,2139.0,10.0,3.0,7.0,0.0,2.0,3.0,9.0,4.0,8.0,3.0,11.0,14.0,1.0,5.0,0.0,0.0,0.0,3.0,7.0,14.0,-9.0,39.9,33.3,22.2,88.9,0.9,0.0,1.1,10.5,31.7,22.2,7.1,0.0,0.0,28.5,24.2,
2512422,Cuartos de Final,981335,CESUR DISTRITO OLIMPICO,HOME,1871488,,M. Gomez Hernandez,1,19.6,1174.0,4.0,0.0,2.0,0.0,3.0,0.0,5.0,4.0,4.0,0.0,2.0,2.0,4.0,3.0,2.0,0.0,0.0,2.0,3.0,5.0,12.0,29.6,0.0,60.0,80.0,0.0,0.0,1.3,0.0,10.5,5.7,42.1,5.9,0.0,30.7,24.5,
2512422,Cuartos de Final,981335,CESUR DISTRITO OLIMPICO,HOME,1676283,,B. Sanchez Campillo,0,4.3,256.0,0.0,0.0,1.0,0.0,0.0,0.0,1.0,0.0,0.0,0.0,1.0,1.0,1.0,0.0,0.0,0.0,0.0,0.0,0.0,1.0,0.0,0.0,0.0,0.0,0.0,0.0,0.0,0.0,0.0,23.9,13.1,52.6,0.0,0.0,0.0,11.4,
2512422,Cuartos de Final,981335,CESUR DISTRITO OLIMPICO,HOME,2035834,,M. Martinez Majan,0,19.5,1172.0,5.0,1.0,5.0,1.0,1.0,2.0,6.0,0.0,0.0,1.0,2.0,3.0,1.0,1.0,0.0,1.0,1.0,2.0,1.0,4.0,-8.0,41.7,41.7,16.7,0.0,0.4,3.0,0.0,6.4,10.5,8.7,13.3,0.0,5.5,14.3,17.6,
2512422,Cuartos de Final,981335,CESUR DISTRITO OLIMPICO,HOME,2226680,,J. Masip Lámbarri,0,4.5,269.0,0.0,0.0,0.0,0.0,0.0,0.0,0.0,0.0,0.0,0.0,1.0,1.0,0.0,0.0,0.0,0.0,0.0,0.0,0.0,1.0,-3.0,0.0,0.0,0.0,0.0,0.0,0.0,0.0,0.0,22.8,12.5,0.0,0.0,0.0,0.0,0.0,
2512422,Cuartos de Final,981335,CESUR DISTRITO OLIMPICO,HOME,1832824,,C. Leal Flores,0,16.9,1012.0,5.0,1.0,1.0,1.0,1.0,2.0,2.0,0.0,0.0,1.0,0.0,1.0,2.0,3.0,0.0,0.0,0.0,4.0,0.0,1.0,7.0,125.0,125.0,50.0,0.0,2.0,3.0,0.0,7.4,0.0,3.3,35.7,0.0,0.0,60.0,14.5,
2512422,Cuartos de Final,981335,CESUR DISTRITO OLIMPICO,HOME,1562695,,A. González Ramírez,1,18.1,1088.0,0.0,0.0,0.0,0.0,1.0,0.0,1.0,0.0,0.0,2.0,2.0,4.0,5.0,3.0,2.0,1.0,0.0,4.0,1.0,5.0,-7.0,0.0,0.0,100.0,0.0,0.0,0.0,0.0,13.8,11.3,12.5,52.6,6.4,6.0,75.0,10.9,
2512422,Cuartos de Final,981335,CESUR DISTRITO OLIMPICO,HOME,2160293,,V. Lopez Riaño,1,32.3,1938.0,17.0,7.0,12.0,0.0,1.0,7.0,13.0,3.0,4.0,3.0,10.0,13.0,0.0,5.0,0.0,3.0,0.0,2.0,2.0,21.0,-2.0,57.6,53.8,7.7,30.8,1.2,0.0,2.0,11.6,31.8,22.7,0.0,0.0,10.0,25.3,30.1,
2512422,Cuartos de Final,981335,CESUR DISTRITO OLIMPICO,HOME,1677519,,R. Flores Aguado,0,8.8,525.0,1.0,0.0,0.0,0.0,0.0,0.0,0.0,1.0,2.0,0.0,0.0,0.0,0.0,2.0,0.0,0.0,0.0,0.0,1.0,-1.0,-9.0,56.8,0.0,0.0,0.0,0.0,0.0,2.0,0.0,0.0,0.0,0.0,0.0,0.0,69.4,16.1,
2512422,Cuartos de Final,981335,CESUR DISTRITO OLIMPICO,HOME,2185253,,P. Álvarez Honorato,0,6.1,364.0,0.0,0.0,0.0,0.0,0.0,0.0,0.0,0.0,0.0,0.0,0.0,0.0,0.0,0.0,0.0,0.0,0.0,2.0,0.0,-2.0,-13.0,0.0,0.0,0.0,0.0,0.0,0.0,0.0,0.0,0.0,0.0,0.0,0.0,0.0,0.0,0.0,
2512422,Cuartos de Final,981335,CESUR DISTRITO OLIMPICO,HOME,2800814,,A. Emusi Adeniran,0,3.2,193.0,3.0,0.0,0.0,1.0,1.0,1.0,1.0,0.0,0.0,0.0,0.0,0.0,0.0,0.0,0.0,0.0,0.0,0.0,0.0,3.0,-4.0,150.0,150.0,100.0,0.0,0.0,3.0,0.0,0.0,0.0,0.0,0.0,0.0,0.0,0.0,15.4,
2512422,Cuartos de Final,981128,IBAIZABAL,AWAY,2325680,L. Vallejo Casares,L. Vallejo Casares,0,14.0,839.0,6.0,3.0,7.0,0.0,3.0,3.0,10.0,0.0,0.0,0.0,3.0,3.0,0.0,0.0,2.0,0.0,1.0,2.0,2.0,4.0,10.0,30.0,30.0,30.0,0.0,0.9,0.0,0.0,0.0,26.8,12.1,0.0,8.1,0.0,0.0,36.8,
2512422,Cuartos de Final,981128,IBAIZABAL,AWAY,2082667,N. Sarasua Blanco,N. Sarasua Blanco,1,17.8,1069.0,5.0,1.0,3.0,1.0,1.0,2.0,4.0,0.0,0.0,0.0,0.0,0.0,1.0,2.0,1.0,0.0,0.0,1.0,1.0,3.0,10.0,62.5,62.5,25.0,0.0,0.7,3.0,0.0,0.0,0.0,0.0,13.9,3.2,0.0,33.3,17.4,
2512422,Cuartos de Final,981128,IBAIZABAL,AWAY,1831311,A. Iruskieta Uribe,A. Iruskieta Uribe,0,18.6,1114.0,2.0,1.0,2.0,0.0,0.0,1.0,2.0,0.0,0.0,1.0,1.0,2.0,2.0,0.0,1.0,0.0,0.0,1.0,0.0,5.0,2.0,50.0,50.0,0.0,0.0,1.0,0.0,0.0,5.5,6.7,6.1,19.0,3.1,0.0,0.0,5.5,
2512422,Cuartos de Final,981128,IBAIZABAL,AWAY,2001169,L. Vindel Aretxabala,L. Vindel Aretxabala,1,27.6,1653.0,5.0,0.0,6.0,0.0,2.0,0.0,8.0,5.0,6.0,2.0,5.0,7.0,2.0,4.0,3.0,0.0,3.0,2.0,6.0,8.0,0.0,23.5,0.0,25.0,75.0,0.0,0.0,1.0,7.4,22.6,14.3,12.4,6.2,0.0,27.3,27.3,
2512422,Cuartos de Final,981128,IBAIZABAL,AWAY,1900318,C. Lopez Bevia,C. Lopez Bevia,0,28.1,1684.0,12.0,3.0,5.0,2.0,8.0,5.0,13.0,0.0,0.0,1.0,2.0,3.0,1.0,0.0,2.0,0.0,1.0,4.0,1.0,7.0,7.0,46.2,46.2,61.5,0.0,1.2,0.8,0.0,3.6,8.9,6.0,9.0,4.0,0.0,0.0,23.8,
2512422,Cuartos de Final,981128,IBAIZABAL,AWAY,1757531,U. Iruskieta Uribe,U. Iruskieta Uribe,1,15.7,941.0,2.0,1.0,5.0,0.0,0.0,1.0,5.0,0.0,0.0,0.0,0.0,0.0,1.0,0.0,1.0,0.0,0.0,1.0,0.0,-1.0,-3.0,20.0,20.0,0.0,0.0,0.4,0.0,0.0,0.0,0.0,0.0,12.2,3.6,0.0,0.0,16.4,
2512422,Cuartos de Final,981128,IBAIZABAL,AWAY,2111167,L. Leguina Taramundi,L. Leguina Taramundi,1,22.3,1338.0,6.0,2.0,4.0,0.0,0.0,2.0,4.0,2.0,3.0,0.0,7.0,7.0,0.0,1.0,1.0,1.0,0.0,1.0,4.0,14.0,-1.0,56.4,50.0,0.0,75.0,1.0,0.0,0.8,0.0,39.2,17.7,0.0,2.5,5.8,15.8,14.6,
2512422,Cuartos de Final,981128,IBAIZABAL,AWAY,2188507,J. Royale Sacristan,J. Royale Sacristan,1,27.5,1651.0,15.0,2.0,2.0,3.0,8.0,5.0,10.0,2.0,2.0,2.0,2.0,4.0,5.0,1.0,4.0,0.0,0.0,3.0,2.0,21.0,6.0,68.9,65.0,80.0,20.0,2.0,1.1,1.0,7.5,9.1,8.2,45.0,8.3,0.0,8.4,22.3,
2512422,Cuartos de Final,981128,IBAIZABAL,AWAY,2439469,G. Chass,G. Chass,0,1.0,62.0,0.0,0.0,0.0,0.0,0.0,0.0,0.0,0.0,0.0,1.0,0.0,1.0,0.0,0.0,0.0,0.0,0.0,0.0,0.0,1.0,2.0,0.0,0.0,0.0,0.0,0.0,0.0,0.0,102.6,0.0,56.3,0.0,0.0,0.0,0.0,0.0,
2512422,Cuartos de Final,981128,IBAIZABAL,AWAY,2137885,M. Cuesta Garcia,M. Cuesta Garcia,0,27.5,1649.0,12.0,3.0,3.0,1.0,4.0,4.0,7.0,3.0,4.0,1.0,1.0,2.0,3.0,0.0,1.0,0.0,0.0,2.0,5.0,17.0,12.0,68.5,64.3,57.1,57.1,2.0,0.8,0.8,3.7,4.5,4.1,24.8,2.1,0.0,0.0,16.4,
2512423,Cuartos de Final,981128,IBAIZABAL,HOME,2325680,L. Vallejo Casares,L. Vallejo Casares,0,24.9,1496.0,10.0,0.0,8.0,3.0,5.0,3.0,13.0,1.0,2.0,1.0,4.0,5.0,1.0,1.0,0.0,0.0,1.0,2.0,2.0,4.0,9.0,36.0,34.6,38.5,15.4,0.0,1.8,1.0,5.0,15.3,10.9,11.9,0.0,0.0,6.7,31.1,
2512423,Cuartos de Final,981128,IBAIZABAL,HOME,2082667,N. Sarasua Blanco,N. Sarasua Blanco,1,18.1,1087.0,5.0,1.0,2.0,1.0,3.0,2.0,5.0,0.0,0.0,0.0,0.0,0.0,0.0,0.0,0.0,0.0,0.0,2.0,0.0,0.0,3.0,50.0,50.0,60.0,0.0,1.0,1.0,0.0,0.0,0.0,0.0,0.0,0.0,0.0,0.0,14.4,
2512423,Cuartos de Final,981128,IBAIZABAL,HOME,1831311,A. Iruskieta Uribe,A. Iruskieta Uribe,0,23.7,1420.0,1.0,0.0,1.0,0.0,2.0,0.0,3.0,1.0,2.0,4.0,2.0,6.0,3.0,1.0,1.0,0.0,0.0,0.0,4.0,10.0,9.0,12.9,0.0,66.7,66.7,0.0,0.0,0.5,21.1,8.0,13.7,26.3,2.5,0.0,20.5,10.7,
2512423,Cuartos de Final,981128,IBAIZABAL,HOME,2001169,L. Vindel Aretxabala,L. Vindel Aretxabala,1,20.0,1198.0,14.0,4.0,6.0,0.0,2.0,4.0,8.0,6.0,6.0,1.0,4.0,5.0,1.0,3.0,2.0,0.0,1.0,2.0,5.0,18.0,15.0,65.8,50.0,25.0,75.0,1.3,0.0,1.2,6.2,19.0,13.5,18.2,5.9,0.0,22.0,35.5,
2512423,Cuartos de Final,981128,IBAIZABAL,HOME,1900318,C. Lopez Bevia,C. Lopez Bevia,0,16.9,1011.0,4.0,1.0,3.0,0.0,7.0,1.0,10.0,2.0,2.0,0.0,3.0,3.0,1.0,0.0,0.0,0.0,0.0,0.0,1.0,0.0,10.0,18.4,10.0,70.0,20.0,0.7,0.0,2.0,0.0,16.9,9.6,15.2,0.0,0.0,0.0,33.5,
2512423,Cuartos de Final,981128,IBAIZABAL,HOME,1757531,U. Iruskieta Uribe,U. Iruskieta Uribe,1,18.3,1099.0,4.0,2.0,4.0,0.0,0.0,2.0,4.0,0.0,0.0,2.0,0.0,2.0,1.0,4.0,1.0,0.0,0.0,5.0,0.0,-3.0,5.0,50.0,50.0,0.0,0.0,1.0,0.0,0.0,13.7,0.0,5.9,13.3,3.2,0.0,50.0,22.7,
2512423,Cuartos de Final,981128,IBAIZABAL,HOME,2111167,L. Leguina Taramundi,L. Leguina Taramundi,1,14.4,867.0,4.0,2.0,4.0,0.0,0.0,2.0,4.0,0.0,0.0,0.0,3.0,3.0,0.0,0.0,0.0,2.0,0.0,5.0,0.0,2.0,4.0,50.0,50.0,0.0,0.0,1.0,0.0,0.0,0.0,19.8,11.3,0.0,0.0,13.2,0.0,14.4,
2512423,Cuartos de Final,981128,IBAIZABAL,HOME,2266239,N. Diaz Camacho,N. Diaz Camacho,0,6.8,406.0,0.0,0.0,0.0,0.0,0.0,0.0,0.0,0.0,0.0,0.0,0.0,0.0,0.0,0.0,0.0,0.0,0.0,1.0,0.0,-1.0,7.0,0.0,0.0,0.0,0.0,0.0,0.0,0.0,0.0,0.0,0.0,0.0,0.0,0.0,0.0,0.0,
2512423,Cuartos de Final,981128,IBAIZABAL,HOME,2556634,L. Iturbe Ruiz,L. Iturbe Ruiz,0,2.7,161.0,0.0,0.0,0.0,0.0,0.0,0.0,0.0,0.0,0.0,0.0,0.0,0.0,1.0,0.0,0.0,0.0,0.0,0.0,0.0,1.0,2.0,0.0,0.0,0.0,0.0,0.0,0.0,0.0,0.0,0.0,0.0,52.6,0.0,0.0,0.0,0.0,
2512423,Cuartos de Final,981128,IBAIZABAL,HOME,2188507,J. Royale Sacristan,J. Royale Sacristan,1,24.8,1488.0,8.0,1.0,1.0,1.0,3.0,2.0,4.0,3.0,4.0,0.0,2.0,2.0,3.0,1.0,1.0,0.0,0.0,1.0,4.0,13.0,1.0,69.4,62.5,75.0,100.0,2.0,1.0,1.0,0.0,7.7,4.4,31.9,2.4,0.0,14.8,14.2,
2512423,Cuartos de Final,981128,IBAIZABAL,HOME,2439469,G. Chass,G. Chass,0,4.9,292.0,2.0,1.0,3.0,0.0,0.0,1.0,3.0,0.0,0.0,0.0,1.0,1.0,0.0,1.0,0.0,0.0,0.0,2.0,0.0,-2.0,-1.0,33.3,33.3,0.0,0.0,0.7,0.0,0.0,0.0,19.4,11.0,0.0,0.0,0.0,25.0,42.5,
2512423,Cuartos de Final,981128,IBAIZABAL,HOME,2137885,M. Cuesta Garcia,M. Cuesta Garcia,0,24.6,1475.0,7.0,1.0,1.0,1.0,2.0,2.0,3.0,2.0,2.0,1.0,6.0,7.0,1.0,1.0,0.0,1.0,0.0,3.0,4.0,15.0,11.0,90.2,83.3,66.7,66.7,2.0,1.5,0.5,5.1,23.2,15.4,10.6,0.0,3.9,20.5,10.3,
2512423,Cuartos de Final,981335,CESUR DISTRITO OLIMPICO,AWAY,2286837,,B. Arranz Albero,0,29.7,1783.0,7.0,0.0,5.0,1.0,7.0,1.0,12.0,4.0,7.0,0.0,1.0,1.0,3.0,1.0,2.0,0.0,0.0,5.0,4.0,-3.0,-3.0,23.2,12.5,58.3,58.3,0.0,0.4,1.8,0.0,4.2,1.8,37.0,4.0,0.0,6.2,25.5,
2512423,Cuartos de Final,981335,CESUR DISTRITO OLIMPICO,AWAY,2031383,,A. Picos Porras,1,33.0,1983.0,11.0,4.0,13.0,0.0,1.0,4.0,14.0,3.0,6.0,7.0,5.0,12.0,2.0,1.0,0.0,0.0,1.0,3.0,4.0,12.0,-14.0,33.1,28.6,7.1,42.9,0.6,0.0,1.5,20.2,18.9,19.7,31.2,0.0,0.0,5.7,25.1,
2512423,Cuartos de Final,981335,CESUR DISTRITO OLIMPICO,AWAY,1871488,,M. Gomez Hernandez,1,21.6,1294.0,0.0,0.0,1.0,0.0,3.0,0.0,4.0,0.0,0.0,0.0,6.0,6.0,2.0,5.0,0.0,0.0,0.0,0.0,1.0,0.0,-9.0,0.0,0.0,75.0,0.0,0.0,0.0,0.0,0.0,34.7,15.0,30.8,0.0,0.0,55.6,19.6,
2512423,Cuartos de Final,981335,CESUR DISTRITO OLIMPICO,AWAY,2800814,,A. Emusi Adeniran,0,9.7,582.0,4.0,1.0,2.0,0.0,0.0,1.0,2.0,2.0,2.0,1.0,2.0,3.0,0.0,0.0,0.0,0.0,0.0,0.0,1.0,7.0,3.0,69.4,50.0,0.0,100.0,1.0,0.0,2.0,9.8,25.8,16.7,0.0,0.0,0.0,0.0,14.0,
2512423,Cuartos de Final,981335,CESUR DISTRITO OLIMPICO,AWAY,1676283,,B. Sanchez Campillo,0,2.0,123.0,0.0,0.0,0.0,0.0,0.0,0.0,0.0,0.0,0.0,0.0,0.0,0.0,0.0,0.0,0.0,0.0,0.0,1.0,0.0,-1.0,0.0,0.0,0.0,0.0,0.0,0.0,0.0,0.0,0.0,0.0,0.0,0.0,0.0,0.0,0.0,0.0,
2512423,Cuartos de Final,981335,CESUR DISTRITO OLIMPICO,AWAY,2283143,,E. Moratinos Molino,0,7.2,434.0,2.0,1.0,4.0,0.0,1.0,1.0,5.0,0.0,2.0,0.0,0.0,0.0,0.0,0.0,1.0,0.0,0.0,1.0,1.0,-3.0,-8.0,17.0,20.0,20.0,40.0,0.5,0.0,2.0,0.0,0.0,0.0,0.0,8.2,0.0,0.0,38.4,
2512423,Cuartos de Final,981335,CESUR DISTRITO OLIMPICO,AWAY,1832824,,C. Leal Flores,1,25.6,1535.0,7.0,2.0,3.0,0.0,1.0,2.0,4.0,3.0,6.0,0.0,0.0,0.0,1.0,3.0,2.0,0.0,0.0,3.0,3.0,2.0,-16.0,52.7,50.0,25.0,150.0,1.3,0.0,2.0,0.0,0.0,0.0,17.2,4.6,0.0,31.1,17.7,
2512423,Cuartos de Final,981335,CESUR DISTRITO OLIMPICO,AWAY,1562695,,A. González Ramírez,1,21.9,1311.0,1.0,0.0,5.0,0.0,0.0,0.0,5.0,1.0,2.0,4.0,1.0,5.0,0.0,3.0,0.0,0.0,1.0,4.0,4.0,-3.0,-11.0,8.5,0.0,0.0,40.0,0.0,0.0,0.5,17.4,5.7,12.3,0.0,0.0,0.0,33.8,19.1,
2512423,Cuartos de Final,981335,CESUR DISTRITO OLIMPICO,AWAY,2160293,,V. Lopez Riaño,1,30.3,1820.0,7.0,3.0,6.0,0.0,0.0,3.0,6.0,1.0,3.0,2.0,6.0,8.0,1.0,2.0,0.0,2.0,1.0,2.0,2.0,11.0,-20.0,47.8,50.0,0.0,50.0,1.0,0.0,1.5,6.3,24.8,14.3,13.5,0.0,8.0,21.5,14.5,
2512423,Cuartos de Final,981335,CESUR DISTRITO OLIMPICO,AWAY,1677519,,R. Flores Aguado,0,8.9,536.0,0.0,0.0,0.0,0.0,0.0,0.0,0.0,0.0,0.0,1.0,1.0,2.0,0.0,1.0,0.0,0.0,0.0,0.0,0.0,1.0,2.0,0.0,0.0,0.0,0.0,0.0,0.0,0.0,10.7,14.0,12.1,0.0,0.0,0.0,100.0,5.3,
2512423,Cuartos de Final,981335,CESUR DISTRITO OLIMPICO,AWAY,2185253,,P. Álvarez Honorato,0,5.1,307.0,0.0,0.0,0.0,0.0,0.0,0.0,0.0,0.0,0.0,1.0,0.0,1.0,0.0,0.0,0.0,0.0,0.0,1.0,1.0,1.0,0.0,0.0,0.0,0.0,0.0,0.0,0.0,0.0,18.7,0.0,10.6,0.0,0.0,0.0,0.0,0.0,
2512423,Cuartos de Final,981335,CESUR DISTRITO OLIMPICO,AWAY,2226680,,J. Masip Lámbarri,0,4.9,292.0,5.0,1.0,3.0,0.0,0.0,1.0,3.0,3.0,4.0,1.0,1.0,2.0,0.0,0.0,0.0,0.0,0.0,0.0,2.0,6.0,1.0,52.5,33.3,0.0,133.3,0.7,0.0,2.0,19.4,25.5,22.1,0.0,0.0,0.0,0.0,45.7,
2512424,Cuartos de Final,980025,MARISCOS ANTÓN CORTEGADA,HOME,2818684,C. Ezumah,C. Ezumah,1,22.2,1333.0,10.0,4.0,7.0,0.0,0.0,4.0,7.0,2.0,4.0,4.0,5.0,9.0,1.0,3.0,1.0,0.0,0.0,2.0,4.0,15.0,5.0,57.1,57.1,0.0,57.1,1.1,0.0,1.0,21.8,28.2,24.9,8.6,2.4,0.0,25.5,25.6,
2512424,Cuartos de Final,980025,MARISCOS ANTÓN CORTEGADA,HOME,2864782,E. Iversen,E. Iversen,1,25.5,1532.0,6.0,0.0,0.0,2.0,2.0,2.0,2.0,0.0,0.0,2.0,1.0,3.0,2.0,2.0,0.0,0.0,0.0,3.0,1.0,7.0,4.0,150.0,150.0,100.0,0.0,0.0,3.0,0.0,9.5,4.9,7.2,14.7,0.0,0.0,50.0,7.6,
2512424,Cuartos de Final,980025,MARISCOS ANTÓN CORTEGADA,HOME,1769737,C. Loureiro Curras,C. Loureiro Curras,1,31.0,1861.0,10.0,4.0,5.0,0.0,2.0,4.0,7.0,2.0,2.0,0.0,2.0,2.0,0.0,1.0,3.0,0.0,0.0,1.0,1.0,11.0,-10.0,63.5,57.1,28.6,28.6,1.6,0.0,2.0,0.0,8.1,4.0,0.0,5.2,0.0,11.3,13.8,
2512424,Cuartos de Final,980025,MARISCOS ANTÓN CORTEGADA,HOME,1439909,B. Manivesa Dopico,B. Manivesa Dopico,1,30.8,1850.0,18.0,7.0,16.0,0.0,1.0,7.0,17.0,4.0,6.0,1.0,2.0,3.0,1.0,4.0,2.0,0.0,0.0,3.0,6.0,11.0,2.0,45.8,41.2,5.9,35.3,0.9,0.0,1.0,3.9,8.1,6.0,7.2,3.5,0.0,16.9,37.1,
2512424,Cuartos de Final,980025,MARISCOS ANTÓN CORTEGADA,HOME,2002691,M. Sanmartín Falcón,M. Sanmartín Falcón,0,13.1,784.0,1.0,0.0,3.0,0.0,1.0,0.0,4.0,1.0,2.0,0.0,0.0,0.0,0.0,1.0,0.0,0.0,0.0,2.0,2.0,-5.0,-5.0,10.2,0.0,25.0,50.0,0.0,0.0,1.0,0.0,0.0,0.0,0.0,0.0,0.0,17.0,21.7,
2512424,Cuartos de Final,980025,MARISCOS ANTÓN CORTEGADA,HOME,2527916,M. Angulo Quintana,M. Angulo Quintana,0,22.0,1320.0,7.0,2.0,3.0,0.0,1.0,2.0,4.0,3.0,4.0,1.0,1.0,2.0,3.0,1.0,0.0,0.0,0.0,3.0,4.0,9.0,0.0,60.8,50.0,25.0,100.0,1.3,0.0,1.0,5.5,5.7,5.6,22.1,0.0,0.0,14.8,14.8,
2512424,Cuartos de Final,980025,MARISCOS ANTÓN CORTEGADA,HOME,1405175,L. Caraban Castro,L. Caraban Castro,0,17.8,1066.0,0.0,0.0,1.0,0.0,1.0,0.0,2.0,0.0,0.0,1.0,4.0,5.0,1.0,1.0,0.0,0.0,0.0,2.0,1.0,2.0,-5.0,0.0,0.0,50.0,0.0,0.0,0.0,0.0,6.8,28.1,17.3,9.6,0.0,0.0,33.3,8.1,
2512424,Cuartos de Final,980025,MARISCOS ANTÓN CORTEGADA,HOME,2818683,D. Rodriguez,D. Rodriguez,0,14.3,860.0,2.0,1.0,4.0,0.0,2.0,1.0,6.0,0.0,0.0,0.0,1.0,1.0,3.0,1.0,1.0,0.0,0.0,1.0,0.0,0.0,-4.0,16.7,16.7,33.3,0.0,0.5,0.0,0.0,0.0,8.7,4.3,31.9,3.8,0.0,14.3,23.6,
2512424,Cuartos de Final,980025,MARISCOS ANTÓN CORTEGADA,HOME,2014327,G. Jorge Garcia,G. Jorge Garcia,1,23.2,1394.0,14.0,4.0,7.0,2.0,4.0,6.0,11.0,0.0,2.0,0.0,8.0,8.0,1.0,0.0,1.0,0.0,0.0,4.0,2.0,15.0,3.0,58.9,63.6,36.4,18.2,1.1,1.5,1.0,0.0,43.1,21.2,10.4,2.3,0.0,0.0,24.7,
2512424,Cuartos de Final,981286,ESCO GRUPO FEMENINO ALCORCON,AWAY,2095287,,G. Escorial Ferrero,0,12.0,720.0,1.0,0.0,0.0,0.0,0.0,0.0,0.0,1.0,2.0,2.0,0.0,2.0,0.0,1.0,0.0,0.0,0.0,2.0,2.0,1.0,6.0,56.8,0.0,0.0,0.0,0.0,0.0,1.0,20.8,0.0,10.3,0.0,0.0,0.0,53.2,7.6,
2512424,Cuartos de Final,981286,ESCO GRUPO FEMENINO ALCORCON,AWAY,2162538,,C. Del Amo Sevillano,1,35.0,2102.0,18.0,8.0,10.0,0.0,6.0,8.0,16.0,2.0,2.0,2.0,5.0,7.0,0.0,2.0,4.0,0.0,0.0,3.0,4.0,20.0,2.0,53.3,50.0,37.5,12.5,1.6,0.0,0.5,7.1,17.3,12.3,0.0,6.2,0.0,10.6,26.1,
2512424,Cuartos de Final,981286,ESCO GRUPO FEMENINO ALCORCON,AWAY,2182200,,L. Bernardo Perez,0,6.4,385.0,0.0,0.0,2.0,0.0,1.0,0.0,3.0,0.0,0.0,0.0,2.0,2.0,1.0,1.0,0.0,0.0,0.0,0.0,0.0,-1.0,-3.0,0.0,0.0,33.3,0.0,0.0,0.0,0.0,0.0,37.9,19.2,20.0,0.0,0.0,25.0,30.3,
2512424,Cuartos de Final,981286,ESCO GRUPO FEMENINO ALCORCON,AWAY,2012796,,M. Blanco Eusebio,1,35.4,2121.0,14.0,3.0,5.0,2.0,6.0,5.0,11.0,2.0,2.0,1.0,7.0,8.0,1.0,2.0,3.0,0.0,0.0,2.0,4.0,20.0,-4.0,58.9,54.5,54.5,18.2,1.2,1.0,0.5,3.5,24.0,13.9,5.7,4.6,0.0,14.4,19.0,
2512424,Cuartos de Final,981286,ESCO GRUPO FEMENINO ALCORCON,AWAY,1535457,,M. Aranda Fraile,1,27.5,1648.0,1.0,0.0,0.0,0.0,5.0,0.0,5.0,1.0,2.0,0.0,2.0,2.0,2.0,0.0,0.0,0.0,0.0,1.0,1.0,-1.0,-4.0,8.5,0.0,100.0,40.0,0.0,0.0,2.0,0.0,8.8,4.5,11.4,0.0,0.0,0.0,10.4,
2512424,Cuartos de Final,981286,ESCO GRUPO FEMENINO ALCORCON,AWAY,2822982,,Y. Sifaoui Bucero,1,21.2,1272.0,6.0,2.0,3.0,0.0,1.0,2.0,4.0,2.0,4.0,1.0,2.0,3.0,0.0,1.0,0.0,0.0,0.0,2.0,3.0,5.0,5.0,52.1,50.0,25.0,100.0,1.3,0.0,1.3,5.9,11.4,8.7,0.0,0.0,0.0,14.8,15.4,
2512424,Cuartos de Final,981286,ESCO GRUPO FEMENINO ALCORCON,AWAY,2128123,,N. Ipo Seriche-Dougan,0,27.8,1667.0,17.0,4.0,8.0,2.0,4.0,6.0,12.0,3.0,6.0,0.0,0.0,0.0,0.0,1.0,0.0,0.0,0.0,3.0,3.0,7.0,8.0,58.1,58.3,33.3,50.0,1.0,1.5,2.0,0.0,0.0,0.0,0.0,0.0,0.0,6.4,27.3,
2512424,Cuartos de Final,981286,ESCO GRUPO FEMENINO ALCORCON,AWAY,2164976,,A. Martínez Mora,1,8.8,531.0,0.0,0.0,1.0,0.0,0.0,0.0,1.0,0.0,0.0,0.0,1.0,1.0,1.0,0.0,1.0,0.0,0.0,2.0,0.0,0.0,-1.0,0.0,0.0,0.0,0.0,0.0,0.0,0.0,0.0,13.8,7.0,20.0,6.2,0.0,0.0,5.5,
2512424,Cuartos de Final,981286,ESCO GRUPO FEMENINO ALCORCON,AWAY,1869823,,D. Miliauskaite,0,18.4,1104.0,13.0,3.0,7.0,1.0,2.0,4.0,9.0,4.0,6.0,2.0,4.0,6.0,2.0,2.0,1.0,0.0,0.0,5.0,4.0,12.0,-2.0,55.8,50.0,22.2,66.7,0.9,1.5,1.5,13.6,26.4,20.1,23.5,2.9,0.0,14.7,35.9,
2512424,Cuartos de Final,981286,ESCO GRUPO FEMENINO ALCORCON,AWAY,2176383,,I. Camiña Rodriguez,0,7.5,450.0,0.0,0.0,0.0,0.0,0.0,0.0,0.0,0.0,0.0,0.0,1.0,1.0,0.0,1.0,0.0,0.0,0.0,1.0,0.0,-1.0,3.0,0.0,0.0,0.0,0.0,0.0,0.0,0.0,0.0,16.2,8.2,0.0,0.0,0.0,100.0,6.5,
2512425,Cuartos de Final,981286,ESCO GRUPO FEMENINO ALCORCON,HOME,2095287,,G. Escorial Ferrero,0,13.0,779.0,5.0,2.0,3.0,0.0,0.0,2.0,3.0,1.0,2.0,2.0,0.0,2.0,1.0,0.0,2.0,0.0,0.0,2.0,2.0,8.0,3.0,64.4,66.7,0.0,66.7,1.3,0.0,1.0,20.5,0.0,10.4,15.6,7.9,0.0,0.0,14.2,
2512425,Cuartos de Final,981286,ESCO GRUPO FEMENINO ALCORCON,HOME,2162538,,C. Del Amo Sevillano,1,32.3,1939.0,11.0,4.0,9.0,1.0,4.0,5.0,13.0,0.0,0.0,2.0,3.0,5.0,3.0,2.0,2.0,1.0,0.0,2.0,3.0,13.0,13.0,42.3,42.3,30.8,0.0,0.9,0.8,0.0,8.3,12.8,10.5,17.2,3.2,3.1,13.3,22.1,
2512425,Cuartos de Final,981286,ESCO GRUPO FEMENINO ALCORCON,HOME,2182200,,L. Bernardo Perez,0,6.0,362.0,0.0,0.0,0.0,0.0,1.0,0.0,1.0,0.0,0.0,0.0,0.0,0.0,1.0,0.0,0.0,0.0,0.0,0.0,0.0,0.0,-5.0,0.0,0.0,100.0,0.0,0.0,0.0,0.0,0.0,0.0,0.0,35.7,0.0,0.0,0.0,7.9,
2512425,Cuartos de Final,981286,ESCO GRUPO FEMENINO ALCORCON,HOME,2012796,,M. Blanco Eusebio,1,35.1,2105.0,7.0,0.0,4.0,2.0,5.0,2.0,9.0,1.0,2.0,0.0,3.0,3.0,4.0,0.0,2.0,0.0,0.0,2.0,4.0,10.0,18.0,35.4,33.3,55.6,22.2,0.0,1.2,0.5,0.0,11.8,5.8,17.2,2.9,0.0,0.0,13.4,
2512425,Cuartos de Final,981286,ESCO GRUPO FEMENINO ALCORCON,HOME,1535457,,M. Aranda Fraile,1,14.9,893.0,8.0,1.0,1.0,2.0,7.0,3.0,8.0,0.0,0.0,0.0,0.0,0.0,1.0,2.0,1.0,0.0,0.0,1.0,0.0,2.0,8.0,50.0,50.0,87.5,0.0,2.0,0.9,0.0,0.0,0.0,0.0,12.2,3.4,0.0,20.0,32.0,
2512425,Cuartos de Final,981286,ESCO GRUPO FEMENINO ALCORCON,HOME,2822982,,Y. Sifaoui Bucero,1,19.5,1169.0,11.0,4.0,5.0,0.0,0.0,4.0,5.0,3.0,4.0,1.0,6.0,7.0,1.0,2.0,2.0,0.0,0.0,1.0,2.0,18.0,5.0,81.4,80.0,0.0,80.0,1.6,0.0,2.0,6.8,42.4,24.3,10.0,5.3,0.0,22.8,21.4,
2512425,Cuartos de Final,981286,ESCO GRUPO FEMENINO ALCORCON,HOME,2128123,,N. Ipo Seriche-Dougan,0,24.6,1474.0,19.0,4.0,4.0,2.0,5.0,6.0,9.0,5.0,6.0,1.0,0.0,1.0,5.0,0.0,0.0,0.0,0.0,4.0,5.0,22.0,14.0,81.6,77.8,55.6,66.7,2.0,1.2,1.2,5.4,0.0,2.8,46.3,0.0,0.0,0.0,22.6,
2512425,Cuartos de Final,981286,ESCO GRUPO FEMENINO ALCORCON,HOME,2164976,,A. Martínez Mora,1,9.0,541.0,0.0,0.0,0.0,0.0,1.0,0.0,1.0,0.0,0.0,0.0,1.0,1.0,1.0,1.0,1.0,1.0,0.0,2.0,0.0,0.0,2.0,0.0,0.0,100.0,0.0,0.0,0.0,0.0,0.0,15.3,7.5,17.9,5.7,11.1,50.0,10.6,
2512425,Cuartos de Final,981286,ESCO GRUPO FEMENINO ALCORCON,HOME,1869823,,D. Miliauskaite,0,20.5,1231.0,4.0,1.0,5.0,0.0,2.0,1.0,7.0,2.0,4.0,3.0,4.0,7.0,2.0,1.0,2.0,1.0,0.0,2.0,3.0,8.0,10.0,22.8,14.3,28.6,57.1,0.4,0.0,1.3,19.5,26.9,23.2,15.4,5.0,4.9,10.2,22.7,
2512425,Cuartos de Final,981286,ESCO GRUPO FEMENINO ALCORCON,HOME,2176383,,I. Camiña Rodriguez,0,25.1,1507.0,12.0,3.0,4.0,2.0,6.0,5.0,10.0,0.0,0.0,1.0,3.0,4.0,2.0,2.0,2.0,0.0,0.0,1.0,0.0,12.0,7.0,60.0,60.0,60.0,0.0,1.5,1.0,0.0,5.3,16.5,10.8,16.9,4.1,0.0,16.7,22.8,
2512425,Cuartos de Final,980025,MARISCOS ANTÓN CORTEGADA,AWAY,2818684,C. Ezumah,C. Ezumah,1,22.7,1360.0,12.0,5.0,7.0,0.0,0.0,5.0,7.0,2.0,5.0,1.0,2.0,3.0,1.0,1.0,1.0,0.0,0.0,0.0,4.0,15.0,-7.0,65.2,71.4,0.0,71.4,1.4,0.0,1.2,6.1,11.7,9.0,10.0,2.4,0.0,9.8,20.7,
2512425,Cuartos de Final,980025,MARISCOS ANTÓN CORTEGADA,AWAY,2864782,E. Iversen,E. Iversen,1,27.3,1636.0,7.0,2.0,2.0,1.0,2.0,3.0,4.0,0.0,0.0,1.0,4.0,5.0,1.0,2.0,1.0,0.0,1.0,3.0,1.0,9.0,-2.0,87.5,87.5,50.0,0.0,2.0,1.5,0.0,5.1,19.5,12.4,6.9,2.0,0.0,33.3,10.1,
2512425,Cuartos de Final,980025,MARISCOS ANTÓN CORTEGADA,AWAY,1769737,C. Loureiro Curras,C. Loureiro Curras,1,31.9,1915.0,15.0,6.0,11.0,1.0,6.0,7.0,17.0,0.0,0.0,3.0,3.0,6.0,3.0,3.0,1.0,0.0,0.0,2.0,2.0,12.0,-13.0,44.1,44.1,35.3,0.0,1.1,0.5,0.0,13.0,12.5,12.8,23.1,1.7,0.0,15.0,28.9,
2512425,Cuartos de Final,980025,MARISCOS ANTÓN CORTEGADA,AWAY,1439909,B. Manivesa Dopico,B. Manivesa Dopico,1,29.1,1745.0,6.0,1.0,9.0,1.0,2.0,2.0,11.0,1.0,2.0,0.0,2.0,2.0,6.0,5.0,1.0,0.0,2.0,3.0,5.0,2.0,-9.0,25.3,22.7,18.2,18.2,0.2,1.5,0.4,0.0,9.2,4.7,38.7,1.9,0.0,29.6,26.7,
2512425,Cuartos de Final,980025,MARISCOS ANTÓN CORTEGADA,AWAY,2002691,M. Sanmartín Falcón,M. Sanmartín Falcón,0,12.6,758.0,6.0,2.0,3.0,0.0,1.0,2.0,4.0,2.0,3.0,1.0,1.0,2.0,4.0,5.0,0.0,0.0,0.0,2.0,3.0,5.0,-12.0,56.4,50.0,25.0,75.0,1.3,0.0,1.0,10.9,10.6,10.8,72.7,0.0,0.0,48.4,37.7,
2512425,Cuartos de Final,980025,MARISCOS ANTÓN CORTEGADA,AWAY,2527916,M. Angulo Quintana,M. Angulo Quintana,0,17.3,1040.0,6.0,1.0,3.0,1.0,1.0,2.0,4.0,1.0,1.0,3.0,2.0,5.0,0.0,4.0,0.0,0.0,0.0,4.0,1.0,2.0,-8.0,67.6,62.5,25.0,25.0,0.7,3.0,1.0,23.9,15.4,19.6,0.0,0.0,0.0,47.4,22.5,
2512425,Cuartos de Final,980025,MARISCOS ANTÓN CORTEGADA,AWAY,1405175,L. Caraban Castro,L. Caraban Castro,0,10.6,635.0,2.0,1.0,1.0,0.0,0.0,1.0,1.0,0.0,0.0,0.0,1.0,1.0,0.0,1.0,0.0,0.0,0.0,2.0,0.0,0.0,-4.0,100.0,100.0,0.0,0.0,2.0,0.0,0.0,0.0,12.6,6.4,0.0,0.0,0.0,50.0,8.7,
2512425,Cuartos de Final,980025,MARISCOS ANTÓN CORTEGADA,AWAY,2818683,D. Rodriguez,D. Rodriguez,0,24.5,1472.0,6.0,0.0,2.0,2.0,3.0,2.0,5.0,0.0,0.0,0.0,1.0,1.0,4.0,4.0,1.0,0.0,0.0,1.0,0.0,4.0,-5.0,60.0,60.0,60.0,0.0,0.0,2.0,0.0,0.0,5.4,2.8,30.8,2.2,0.0,44.4,16.9,
2512425,Cuartos de Final,980025,MARISCOS ANTÓN CORTEGADA,AWAY,2335768,T. Cabello Cañas,T. Cabello Cañas,0,1.0,60.0,0.0,0.0,0.0,0.0,0.0,0.0,0.0,0.0,0.0,0.0,0.0,0.0,0.0,0.0,0.0,0.0,0.0,0.0,0.0,0.0,-2.0,0.0,0.0,0.0,0.0,0.0,0.0,0.0,0.0,0.0,0.0,0.0,0.0,0.0,0.0,0.0,
2512425,Cuartos de Final,980025,MARISCOS ANTÓN CORTEGADA,AWAY,2014327,G. Jorge Garcia,G. Jorge Garcia,1,23.0,1379.0,2.0,1.0,2.0,0.0,2.0,1.0,4.0,0.0,0.0,0.0,4.0,4.0,0.0,0.0,2.0,0.0,0.0,2.0,1.0,4.0,-13.0,25.0,25.0,50.0,0.0,1.0,0.0,0.0,0.0,23.2,11.8,0.0,4.7,0.0,0.0,8.0,
2512426,Cuartos de Final,981209,CB CLARET BENIMACLET,HOME,1886112,,S. Afonso Gonzalez,1,31.2,1874.0,12.0,3.0,5.0,2.0,8.0,5.0,13.0,0.0,2.0,0.0,1.0,1.0,2.0,6.0,3.0,0.0,0.0,3.0,2.0,1.0,-10.0,43.2,46.2,61.5,15.4,1.2,0.8,1.0,0.0,2.9,1.2,21.3,4.2,0.0,30.2,25.2,
2512426,Cuartos de Final,981209,CB CLARET BENIMACLET,HOME,2209715,,J. Sarrio Asensio,0,8.8,526.0,0.0,0.0,2.0,0.0,2.0,0.0,4.0,0.0,0.0,0.0,1.0,1.0,1.0,1.0,2.0,0.0,0.0,0.0,1.0,0.0,-5.0,0.0,0.0,50.0,0.0,0.0,0.0,0.0,0.0,10.3,4.3,27.8,10.0,0.0,20.0,22.5,
2512426,Cuartos de Final,981209,CB CLARET BENIMACLET,HOME,1853228,,J. Rochina Troncoso,0,21.9,1317.0,0.0,0.0,5.0,0.0,1.0,0.0,6.0,0.0,2.0,5.0,3.0,8.0,1.0,2.0,2.0,0.0,1.0,1.0,2.0,2.0,-7.0,0.0,0.0,16.7,33.3,0.0,0.0,1.0,15.0,12.5,13.9,11.1,4.0,0.0,22.5,16.1,
2512426,Cuartos de Final,981209,CB CLARET BENIMACLET,HOME,1840053,,P. Garcia Garcia,1,14.6,877.0,9.0,0.0,2.0,1.0,2.0,1.0,4.0,6.0,8.0,0.0,3.0,3.0,1.0,1.0,0.0,0.0,2.0,2.0,5.0,10.0,-9.0,59.8,37.5,50.0,200.0,0.0,1.5,1.6,0.0,18.7,7.8,16.1,0.0,0.0,11.7,23.1,
2512426,Cuartos de Final,981209,CB CLARET BENIMACLET,HOME,1767443,,M. Cuellar Bayarri,1,22.0,1321.0,2.0,1.0,5.0,0.0,0.0,1.0,5.0,0.0,0.0,2.0,6.0,8.0,3.0,4.0,2.0,0.0,0.0,3.0,2.0,6.0,-8.0,20.0,20.0,0.0,0.0,0.4,0.0,0.0,6.0,24.8,13.9,30.6,4.0,0.0,44.4,16.2,
2512426,Cuartos de Final,981209,CB CLARET BENIMACLET,HOME,1984467,,G. Lopez Cuesta,0,16.1,969.0,0.0,0.0,5.0,0.0,0.0,0.0,5.0,0.0,0.0,2.0,1.0,3.0,1.0,1.0,0.0,0.0,1.0,3.0,1.0,-4.0,-5.0,0.0,0.0,0.0,0.0,0.0,0.0,0.0,8.1,5.6,7.1,13.9,0.0,0.0,16.7,14.8,
2512426,Cuartos de Final,981209,CB CLARET BENIMACLET,HOME,1506842,,E. Cases Rey,1,31.3,1878.0,11.0,3.0,9.0,1.0,11.0,4.0,20.0,2.0,4.0,2.0,3.0,5.0,1.0,1.0,2.0,0.0,0.0,1.0,4.0,3.0,-7.0,25.3,22.5,55.0,20.0,0.7,0.3,1.0,4.2,8.7,6.1,9.6,2.8,0.0,4.4,28.8,
2512426,Cuartos de Final,981209,CB CLARET BENIMACLET,HOME,1994256,,T. Toledo Navarro,0,5.1,308.0,0.0,0.0,0.0,0.0,1.0,0.0,1.0,0.0,0.0,0.0,0.0,0.0,1.0,0.0,0.0,0.0,0.0,0.0,0.0,0.0,-5.0,0.0,0.0,100.0,0.0,0.0,0.0,0.0,0.0,0.0,0.0,55.6,0.0,0.0,0.0,7.8,
2512426,Cuartos de Final,981209,CB CLARET BENIMACLET,HOME,2816051,,E. Tenbrock,0,23.3,1398.0,8.0,1.0,4.0,2.0,4.0,3.0,8.0,0.0,0.0,1.0,4.0,5.0,0.0,0.0,3.0,0.0,0.0,1.0,0.0,10.0,-8.0,50.0,50.0,50.0,0.0,0.5,1.5,0.0,2.8,15.6,8.2,0.0,5.7,0.0,0.0,13.6,
2512426,Cuartos de Final,981209,CB CLARET BENIMACLET,HOME,1749591,,I. Garrido Perez,1,25.5,1532.0,10.0,2.0,6.0,2.0,6.0,4.0,12.0,0.0,0.0,0.0,7.0,7.0,0.0,0.0,1.0,0.0,0.0,0.0,0.0,10.0,-11.0,41.7,41.7,50.0,0.0,0.7,1.0,0.0,0.0,25.0,10.5,0.0,1.7,0.0,0.0,18.6,
2512426,Cuartos de Final,979312,MIPELLETYMAS B.F. LEON,AWAY,2739351,K. Benitez De La Rosa,K. Benitez De La Rosa,0,21.2,1275.0,16.0,5.0,10.0,2.0,4.0,7.0,14.0,0.0,0.0,1.0,8.0,9.0,0.0,3.0,0.0,0.0,0.0,1.0,1.0,15.0,11.0,57.1,57.1,28.6,0.0,1.0,1.5,0.0,4.3,24.7,16.2,0.0,0.0,0.0,17.6,30.2,
2512426,Cuartos de Final,979312,MIPELLETYMAS B.F. LEON,AWAY,2065858,N. Martínez Martínez,N. Martínez Martínez,0,21.1,1269.0,0.0,0.0,3.0,0.0,0.0,0.0,3.0,0.0,2.0,2.0,10.0,12.0,1.0,4.0,1.0,1.0,0.0,3.0,1.0,4.0,4.0,0.0,0.0,0.0,66.7,0.0,0.0,2.0,8.6,31.1,21.7,6.5,2.1,4.4,50.8,14.1,
2512426,Cuartos de Final,979312,MIPELLETYMAS B.F. LEON,AWAY,2068901,J. Martinez Llamazares,J. Martinez Llamazares,1,23.0,1378.0,5.0,2.0,5.0,0.0,4.0,2.0,9.0,1.0,3.0,0.0,3.0,3.0,1.0,4.0,1.0,1.0,0.0,1.0,4.0,1.0,0.0,24.2,22.2,44.4,33.3,0.8,0.0,0.8,0.0,8.6,5.0,6.0,2.0,4.0,27.9,23.5,
2512426,Cuartos de Final,979312,MIPELLETYMAS B.F. LEON,AWAY,1843042,J. Giganto De La Puente,J. Giganto De La Puente,0,4.3,258.0,0.0,0.0,0.0,0.0,0.0,0.0,0.0,0.0,2.0,0.0,1.0,1.0,0.0,0.0,0.0,0.0,0.0,0.0,0.0,-1.0,-1.0,0.0,0.0,0.0,0.0,0.0,0.0,0.0,0.0,15.2,8.9,0.0,0.0,0.0,0.0,7.7,
2512426,Cuartos de Final,979312,MIPELLETYMAS B.F. LEON,AWAY,2115639,M. Ferreras Menendez,M. Ferreras Menendez,0,13.7,821.0,6.0,0.0,2.0,2.0,2.0,2.0,4.0,0.0,0.0,0.0,4.0,4.0,2.0,1.0,1.0,0.0,0.0,1.0,1.0,10.0,11.0,75.0,75.0,50.0,0.0,0.0,3.0,0.0,0.0,19.1,11.1,27.4,3.3,0.0,20.0,13.8,
2512426,Cuartos de Final,979312,MIPELLETYMAS B.F. LEON,AWAY,1893421,L. Garcia Andres,L. Garcia Andres,0,18.4,1106.0,0.0,0.0,0.0,0.0,2.0,0.0,2.0,0.0,0.0,1.0,3.0,4.0,1.0,1.0,0.0,0.0,0.0,0.0,0.0,2.0,10.0,0.0,0.0,100.0,0.0,0.0,0.0,0.0,4.9,10.7,8.3,6.5,0.0,0.0,33.3,6.1,
2512426,Cuartos de Final,979312,MIPELLETYMAS B.F. LEON,AWAY,2288000,A. Martin Castañeda,A. Martin Castañeda,1,12.6,753.0,10.0,5.0,7.0,0.0,0.0,5.0,7.0,0.0,0.0,1.0,1.0,2.0,1.0,2.0,2.0,1.0,0.0,3.0,1.0,10.0,7.0,71.4,71.4,0.0,0.0,1.4,0.0,0.0,7.2,5.2,6.0,23.3,7.1,7.4,22.2,26.9,
2512426,Cuartos de Final,979312,MIPELLETYMAS B.F. LEON,AWAY,2557691,L. Rodriguez De La Torriente,L. Rodriguez De La Torriente,0,22.9,1372.0,12.0,6.0,8.0,0.0,0.0,6.0,8.0,0.0,0.0,2.0,6.0,8.0,2.0,6.0,1.0,0.0,0.0,1.0,4.0,18.0,9.0,75.0,75.0,0.0,0.0,1.5,0.0,0.0,7.9,17.2,13.3,15.9,2.0,0.0,42.9,23.1,
2512426,Cuartos de Final,979312,MIPELLETYMAS B.F. LEON,AWAY,2107076,D. Díaz Gómez,D. Díaz Gómez,1,18.4,1104.0,2.0,1.0,3.0,0.0,2.0,1.0,5.0,0.0,0.0,1.0,4.0,5.0,1.0,1.0,1.0,0.0,0.0,2.0,1.0,3.0,6.0,20.0,20.0,40.0,0.0,0.7,0.0,0.0,4.9,14.3,10.4,6.9,2.4,0.0,16.7,12.3,
2512426,Cuartos de Final,979312,MIPELLETYMAS B.F. LEON,AWAY,2187027,P. Vaquera Blanco,P. Vaquera Blanco,1,27.5,1651.0,8.0,4.0,12.0,0.0,3.0,4.0,15.0,0.0,0.0,1.0,2.0,3.0,2.0,3.0,2.0,0.0,0.0,2.0,1.0,0.0,9.0,26.7,26.7,20.0,0.0,0.7,0.0,0.0,3.3,4.8,4.2,11.3,3.3,0.0,16.7,24.7,
2512426,Cuartos de Final,979312,MIPELLETYMAS B.F. LEON,AWAY,2347927,F. Dembele,F. Dembele,1,16.9,1013.0,8.0,4.0,7.0,0.0,0.0,4.0,7.0,0.0,0.0,6.0,7.0,13.0,2.0,4.0,0.0,1.0,0.0,3.0,0.0,14.0,9.0,57.1,57.1,0.0,0.0,1.1,0.0,0.0,32.3,27.2,29.3,23.8,0.0,5.5,36.4,24.5,
2512427,Cuartos de Final,979312,MIPELLETYMAS B.F. LEON,HOME,2739351,K. Benitez De La Rosa,K. Benitez De La Rosa,0,15.0,899.0,9.0,4.0,7.0,0.0,2.0,4.0,9.0,1.0,6.0,3.0,6.0,9.0,0.0,3.0,1.0,1.0,0.0,0.0,3.0,10.0,7.0,38.7,44.4,22.2,66.7,1.1,0.0,2.0,22.9,32.7,28.6,0.0,2.8,7.4,20.5,35.4,
2512427,Cuartos de Final,979312,MIPELLETYMAS B.F. LEON,HOME,2065858,N. Martínez Martínez,N. Martínez Martínez,0,20.5,1230.0,4.0,2.0,5.0,0.0,0.0,2.0,5.0,0.0,0.0,0.0,8.0,8.0,1.0,3.0,1.0,0.0,0.0,3.0,3.0,8.0,8.0,40.0,40.0,0.0,0.0,0.8,0.0,0.0,0.0,31.9,18.6,8.7,2.1,0.0,37.5,14.1,
2512427,Cuartos de Final,979312,MIPELLETYMAS B.F. LEON,HOME,2337689,M. Mansilla Alvarez,M. Mansilla Alvarez,0,2.3,139.0,0.0,0.0,0.0,0.0,0.0,0.0,0.0,0.0,0.0,0.0,0.0,0.0,0.0,1.0,0.0,0.0,0.0,0.0,0.0,-1.0,1.0,0.0,0.0,0.0,0.0,0.0,0.0,0.0,0.0,0.0,0.0,0.0,0.0,0.0,100.0,15.8,
2512427,Cuartos de Final,979312,MIPELLETYMAS B.F. LEON,HOME,2068901,J. Martinez Llamazares,J. Martinez Llamazares,1,23.1,1383.0,3.0,1.0,4.0,0.0,4.0,1.0,8.0,1.0,2.0,0.0,2.0,2.0,2.0,2.0,0.0,0.0,0.0,2.0,1.0,-4.0,6.0,16.9,12.5,50.0,25.0,0.5,0.0,2.0,0.0,7.1,4.1,13.2,0.0,0.0,18.4,17.1,
2512427,Cuartos de Final,979312,MIPELLETYMAS B.F. LEON,HOME,1843042,J. Giganto De La Puente,J. Giganto De La Puente,0,7.4,443.0,0.0,0.0,2.0,0.0,0.0,0.0,2.0,0.0,0.0,2.0,3.0,5.0,0.0,0.0,0.0,0.0,0.0,2.0,0.0,1.0,-13.0,0.0,0.0,0.0,0.0,0.0,0.0,0.0,30.9,33.1,32.2,0.0,0.0,0.0,0.0,9.8,
2512427,Cuartos de Final,979312,MIPELLETYMAS B.F. LEON,HOME,2115639,M. Ferreras Menendez,M. Ferreras Menendez,0,16.4,983.0,4.0,0.0,1.0,1.0,2.0,1.0,3.0,1.0,2.0,1.0,4.0,5.0,0.0,5.0,0.0,0.0,0.0,4.0,1.0,-2.0,-8.0,51.5,50.0,66.7,66.7,0.0,1.5,2.0,7.0,19.9,14.5,0.0,0.0,0.0,56.3,19.6,
2512427,Cuartos de Final,979312,MIPELLETYMAS B.F. LEON,HOME,1893421,L. Garcia Andres,L. Garcia Andres,0,20.9,1252.0,0.0,0.0,0.0,0.0,2.0,0.0,2.0,0.0,0.0,0.0,1.0,1.0,2.0,2.0,1.0,0.0,0.0,0.0,2.0,2.0,1.0,0.0,0.0,100.0,0.0,0.0,0.0,0.0,0.0,3.9,2.3,14.8,2.0,0.0,50.0,6.9,
2512427,Cuartos de Final,979312,MIPELLETYMAS B.F. LEON,HOME,2288000,A. Martin Castañeda,A. Martin Castañeda,1,12.2,735.0,6.0,2.0,3.0,0.0,0.0,2.0,3.0,2.0,2.0,0.0,2.0,2.0,0.0,1.0,1.0,0.0,0.0,4.0,1.0,4.0,-3.0,77.3,66.7,0.0,66.7,1.3,0.0,2.0,0.0,13.4,7.8,0.0,3.5,0.0,20.5,14.5,
2512427,Cuartos de Final,979312,MIPELLETYMAS B.F. LEON,HOME,2557691,L. Rodriguez De La Torriente,L. Rodriguez De La Torriente,0,22.8,1366.0,19.0,4.0,6.0,0.0,0.0,4.0,6.0,11.0,12.0,1.0,7.0,8.0,0.0,1.0,2.0,0.0,0.0,3.0,7.0,29.0,16.0,84.2,66.7,0.0,200.0,1.3,0.0,1.7,5.0,25.1,16.7,0.0,3.7,0.0,8.1,19.5,
2512427,Cuartos de Final,979312,MIPELLETYMAS B.F. LEON,HOME,2107076,D. Díaz Gómez,D. Díaz Gómez,1,21.7,1301.0,12.0,3.0,8.0,2.0,3.0,5.0,11.0,0.0,0.0,1.0,4.0,5.0,0.0,5.0,1.0,0.0,0.0,1.0,3.0,9.0,3.0,54.5,54.5,27.3,0.0,0.8,2.0,0.0,5.3,15.0,11.0,0.0,1.9,0.0,31.2,26.7,
2512427,Cuartos de Final,979312,MIPELLETYMAS B.F. LEON,HOME,2187027,P. Vaquera Blanco,P. Vaquera Blanco,1,21.5,1288.0,13.0,3.0,8.0,1.0,3.0,4.0,11.0,4.0,4.0,2.0,2.0,4.0,3.0,5.0,1.0,0.0,0.0,3.0,2.0,8.0,10.0,50.9,40.9,27.3,36.4,0.8,1.0,2.0,10.6,7.6,8.9,31.6,2.0,0.0,28.2,30.0,
2512427,Cuartos de Final,979312,MIPELLETYMAS B.F. LEON,HOME,2347927,F. Dembele,F. Dembele,1,16.4,981.0,8.0,4.0,8.0,0.0,1.0,4.0,9.0,0.0,0.0,7.0,3.0,10.0,0.0,1.0,0.0,0.0,0.0,2.0,0.0,10.0,2.0,44.4,44.4,11.1,0.0,1.0,0.0,0.0,48.8,14.9,29.0,0.0,0.0,0.0,10.0,22.1,
2512427,Cuartos de Final,981209,CB CLARET BENIMACLET,AWAY,1886112,,S. Afonso Gonzalez,1,27.9,1676.0,7.0,3.0,7.0,0.0,7.0,3.0,14.0,1.0,1.0,0.0,2.0,2.0,2.0,2.0,1.0,0.0,0.0,3.0,2.0,-2.0,-6.0,24.2,21.4,50.0,7.1,0.9,0.0,0.5,0.0,8.2,3.4,16.1,1.5,0.0,12.2,23.1,
2512427,Cuartos de Final,981209,CB CLARET BENIMACLET,AWAY,2209715,,J. Sarrio Asensio,0,12.1,724.0,2.0,1.0,2.0,0.0,1.0,1.0,3.0,0.0,0.0,0.0,0.0,0.0,0.0,2.0,2.0,0.0,0.0,1.0,0.0,-1.0,0.0,33.3,33.3,33.3,0.0,1.0,0.0,0.0,0.0,0.0,0.0,0.0,7.1,0.0,40.0,16.2,
2512427,Cuartos de Final,981209,CB CLARET BENIMACLET,AWAY,1853228,,J. Rochina Troncoso,0,16.9,1014.0,4.0,1.0,1.0,0.0,1.0,1.0,2.0,2.0,4.0,2.0,3.0,5.0,0.0,2.0,2.0,0.0,0.0,2.0,3.0,7.0,-4.0,53.2,50.0,50.0,200.0,2.0,0.0,1.3,9.7,20.3,14.1,0.0,5.1,0.0,34.7,13.4,
2512427,Cuartos de Final,981209,CB CLARET BENIMACLET,AWAY,1840053,,P. Garcia Garcia,1,19.0,1139.0,7.0,0.0,0.0,0.0,2.0,0.0,2.0,7.0,10.0,0.0,1.0,1.0,0.0,2.0,2.0,0.0,0.0,2.0,5.0,6.0,-1.0,54.7,0.0,100.0,500.0,0.0,0.0,2.0,0.0,6.0,2.5,0.0,4.5,0.0,23.8,17.4,
2512427,Cuartos de Final,981209,CB CLARET BENIMACLET,AWAY,2281500,,L. Liern Ruiz,0,7.1,425.0,4.0,0.0,1.0,1.0,1.0,1.0,2.0,1.0,1.0,2.0,0.0,2.0,0.0,2.0,1.0,0.0,0.0,0.0,2.0,6.0,4.0,82.0,75.0,50.0,50.0,0.0,3.0,0.5,23.0,0.0,13.4,0.0,6.0,0.0,45.0,24.6,
2512427,Cuartos de Final,981209,CB CLARET BENIMACLET,AWAY,1767443,,M. Cuellar Bayarri,1,21.8,1306.0,5.0,2.0,9.0,0.0,0.0,2.0,9.0,1.0,2.0,0.0,1.0,1.0,1.0,1.0,1.0,0.0,0.0,5.0,1.0,-5.0,-1.0,25.3,22.2,0.0,22.2,0.4,0.0,2.0,0.0,5.2,2.2,11.1,2.0,0.0,9.2,19.6,
2512427,Cuartos de Final,981209,CB CLARET BENIMACLET,AWAY,1984467,,G. Lopez Cuesta,0,13.2,794.0,2.0,0.0,1.0,0.0,1.0,0.0,2.0,2.0,2.0,0.0,3.0,3.0,0.0,1.0,0.0,0.0,0.0,4.0,2.0,0.0,-7.0,34.7,0.0,50.0,100.0,0.0,0.0,1.0,0.0,26.0,10.8,0.0,0.0,0.0,25.8,11.5,
2512427,Cuartos de Final,981209,CB CLARET BENIMACLET,AWAY,1506842,,E. Cases Rey,1,22.7,1362.0,16.0,2.0,5.0,3.0,9.0,5.0,14.0,3.0,4.0,2.0,1.0,3.0,4.0,3.0,2.0,0.0,0.0,2.0,6.0,16.0,1.0,50.8,46.4,64.3,28.6,0.8,1.0,0.7,7.2,5.0,6.3,48.8,3.8,0.0,16.0,32.4,
2512427,Cuartos de Final,981209,CB CLARET BENIMACLET,AWAY,1994256,,T. Toledo Navarro,0,9.7,582.0,0.0,0.0,2.0,0.0,2.0,0.0,4.0,0.0,0.0,0.0,1.0,1.0,0.0,1.0,1.0,0.0,1.0,2.0,1.0,-4.0,-3.0,0.0,0.0,50.0,0.0,0.0,0.0,0.0,0.0,11.8,4.9,0.0,4.4,0.0,20.0,20.2,
2512427,Cuartos de Final,981209,CB CLARET BENIMACLET,AWAY,2816051,,E. Tenbrock,0,22.1,1329.0,13.0,1.0,4.0,3.0,7.0,4.0,11.0,2.0,3.0,1.0,2.0,3.0,0.0,1.0,3.0,0.0,0.0,1.0,1.0,10.0,-3.0,52.8,50.0,63.6,27.3,0.5,1.3,3.0,3.7,10.3,6.5,0.0,5.8,0.0,7.5,23.7,
2512427,Cuartos de Final,981209,CB CLARET BENIMACLET,AWAY,1749591,,I. Garrido Perez,1,27.5,1649.0,12.0,3.0,4.0,2.0,6.0,5.0,10.0,0.0,0.0,0.0,4.0,4.0,2.0,0.0,4.0,0.0,0.0,1.0,1.0,17.0,-10.0,60.0,60.0,60.0,0.0,1.5,1.0,0.0,0.0,16.6,6.9,19.2,6.2,0.0,0.0,14.3,
2513272,Semifinal,979312,MIPELLETYMAS B.F. LEON,HOME,2739351,K. Benitez De La Rosa,K. Benitez De La Rosa,0,29.9,1793.0,17.0,6.0,6.0,1.0,3.0,7.0,9.0,2.0,7.0,2.0,11.0,13.0,2.0,1.0,3.0,2.0,0.0,0.0,6.0,35.0,17.0,70.4,83.3,33.3,77.8,2.0,1.0,1.2,7.2,34.2,21.7,13.6,4.8,6.9,7.6,16.3,
2513272,Semifinal,979312,MIPELLETYMAS B.F. LEON,HOME,2065858,N. Martínez Martínez,N. Martínez Martínez,0,22.6,1355.0,12.0,4.0,5.0,0.0,0.0,4.0,5.0,4.0,5.0,4.0,6.0,10.0,1.0,2.0,1.0,0.0,0.0,2.0,4.0,22.0,12.0,83.3,80.0,0.0,100.0,1.6,0.0,1.2,19.1,24.7,22.1,6.8,2.1,0.0,21.7,15.2,
2513272,Semifinal,979312,MIPELLETYMAS B.F. LEON,HOME,2068901,J. Martinez Llamazares,J. Martinez Llamazares,0,21.4,1284.0,10.0,1.0,4.0,1.0,5.0,2.0,9.0,5.0,7.0,1.0,3.0,4.0,3.0,4.0,0.0,0.0,0.0,2.0,3.0,5.0,7.0,41.4,27.8,55.6,77.8,0.5,0.6,2.3,5.1,13.0,9.3,22.2,0.0,0.0,24.9,28.0,
2513272,Semifinal,979312,MIPELLETYMAS B.F. LEON,HOME,2115639,M. Ferreras Menendez,M. Ferreras Menendez,0,14.3,861.0,6.0,1.0,1.0,1.0,3.0,2.0,4.0,1.0,2.0,2.0,0.0,2.0,0.0,2.0,0.0,0.0,0.0,1.0,1.0,3.0,-2.0,61.5,62.5,75.0,50.0,2.0,1.0,2.0,15.1,0.0,7.0,0.0,0.0,0.0,29.1,17.9,
2513272,Semifinal,979312,MIPELLETYMAS B.F. LEON,HOME,1893421,L. Garcia Andres,L. Garcia Andres,1,22.2,1332.0,6.0,0.0,1.0,2.0,3.0,2.0,4.0,0.0,0.0,3.0,2.0,5.0,1.0,6.0,3.0,0.0,0.0,3.0,2.0,6.0,14.0,75.0,75.0,75.0,0.0,0.0,2.0,0.0,14.6,8.4,11.3,6.0,6.5,0.0,60.0,16.8,
2513272,Semifinal,979312,MIPELLETYMAS B.F. LEON,HOME,2288000,A. Martin Castañeda,A. Martin Castañeda,1,23.2,1395.0,8.0,4.0,7.0,0.0,0.0,4.0,7.0,0.0,0.0,3.0,4.0,7.0,4.0,2.0,0.0,0.0,0.0,4.0,2.0,12.0,20.0,57.1,57.1,0.0,0.0,1.1,0.0,0.0,14.0,16.0,15.1,27.4,0.0,0.0,22.2,14.5,
2513272,Semifinal,979312,MIPELLETYMAS B.F. LEON,HOME,2557691,L. Rodriguez De La Torriente,L. Rodriguez De La Torriente,1,15.5,931.0,4.0,2.0,5.0,0.0,0.0,2.0,5.0,0.0,0.0,3.0,2.0,5.0,0.0,6.0,1.0,0.0,1.0,5.0,2.0,-2.0,-1.0,40.0,40.0,0.0,0.0,0.8,0.0,0.0,20.9,12.0,16.1,0.0,3.1,0.0,54.5,26.5,
2513272,Semifinal,979312,MIPELLETYMAS B.F. LEON,HOME,2107076,D. Díaz Gómez,D. Díaz Gómez,0,7.1,425.0,0.0,0.0,0.0,0.0,0.0,0.0,0.0,0.0,0.0,1.0,1.0,2.0,2.0,1.0,0.0,0.0,0.0,2.0,0.0,1.0,-4.0,0.0,0.0,0.0,0.0,0.0,0.0,0.0,15.2,13.1,14.1,32.3,0.0,0.0,100.0,5.2,
2513272,Semifinal,979312,MIPELLETYMAS B.F. LEON,HOME,2187027,P. Vaquera Blanco,P. Vaquera Blanco,1,26.3,1579.0,14.0,4.0,9.0,1.0,6.0,5.0,15.0,3.0,5.0,1.0,2.0,3.0,3.0,3.0,2.0,0.0,2.0,2.0,5.0,10.0,13.0,40.7,36.7,40.0,33.3,0.9,0.5,1.0,4.1,7.1,5.7,18.0,3.7,0.0,14.9,28.6,
2513272,Semifinal,979312,MIPELLETYMAS B.F. LEON,HOME,2347927,F. Dembele,F. Dembele,1,17.4,1045.0,6.0,3.0,7.0,0.0,0.0,3.0,7.0,0.0,2.0,5.0,3.0,8.0,0.0,3.0,0.0,0.0,0.0,3.0,2.0,4.0,4.0,38.1,42.9,0.0,28.6,0.9,0.0,1.0,31.1,16.0,23.0,0.0,0.0,0.0,27.6,23.3,
2513272,Semifinal,980023,GEIEG PACISA,AWAY,1948948,B. Oliveras Solivera,B. Oliveras Solivera,0,5.2,310.0,0.0,0.0,0.0,0.0,1.0,0.0,1.0,0.0,0.0,0.0,0.0,0.0,0.0,0.0,1.0,0.0,0.0,1.0,0.0,-1.0,-2.0,0.0,0.0,100.0,0.0,0.0,0.0,0.0,0.0,0.0,0.0,0.0,9.3,0.0,0.0,8.4,
2513272,Semifinal,980023,GEIEG PACISA,AWAY,1949920,,J. Pairo Urtos,1,21.7,1302.0,0.0,0.0,0.0,0.0,5.0,0.0,5.0,0.0,0.0,0.0,3.0,3.0,0.0,2.0,2.0,0.0,0.0,3.0,0.0,-5.0,-7.0,0.0,0.0,100.0,0.0,0.0,0.0,0.0,0.0,14.9,6.9,0.0,4.5,0.0,28.6,14.1,
2513272,Semifinal,980023,GEIEG PACISA,AWAY,1917788,,M. Carbo Cachinero,0,18.2,1095.0,3.0,0.0,2.0,1.0,1.0,1.0,3.0,0.0,2.0,1.0,1.0,2.0,1.0,2.0,0.0,0.0,1.0,2.0,1.0,-1.0,-12.0,38.7,50.0,33.3,66.7,0.0,3.0,2.0,5.1,5.9,5.5,10.5,0.0,0.0,34.0,14.1,
2513272,Semifinal,980023,GEIEG PACISA,AWAY,1944150,,M. Melero Bravo,1,26.4,1587.0,25.0,5.0,8.0,2.0,6.0,7.0,14.0,9.0,16.0,2.0,1.0,3.0,2.0,4.0,4.0,0.0,0.0,3.0,11.0,24.0,-19.0,59.4,57.1,42.9,114.3,1.2,1.0,1.5,7.0,4.1,5.7,26.0,7.4,0.0,16.0,41.3,
2513272,Semifinal,980023,GEIEG PACISA,AWAY,1667386,,C. Morente Lopez,0,14.3,859.0,6.0,1.0,2.0,1.0,3.0,2.0,5.0,1.0,1.0,0.0,0.0,0.0,1.0,2.0,2.0,0.0,0.0,2.0,3.0,5.0,3.0,55.1,50.0,60.0,20.0,1.0,1.0,0.3,0.0,0.0,0.0,15.6,6.8,0.0,26.9,22.7,
2513272,Semifinal,980023,GEIEG PACISA,AWAY,1567998,,V. Gonzalez Olaizola,1,32.3,1940.0,6.0,3.0,7.0,0.0,0.0,3.0,7.0,0.0,0.0,0.0,3.0,3.0,4.0,0.0,6.0,2.0,0.0,4.0,0.0,13.0,-18.0,42.9,42.9,0.0,0.0,0.9,0.0,0.0,0.0,10.0,4.6,29.0,9.0,5.5,0.0,9.4,
2513272,Semifinal,980023,GEIEG PACISA,AWAY,1666109,,A. Coma Perpiña,1,27.5,1652.0,12.0,4.0,8.0,0.0,3.0,4.0,11.0,4.0,4.0,1.0,0.0,1.0,1.0,4.0,4.0,0.0,0.0,5.0,3.0,5.0,-7.0,47.0,36.4,27.3,36.4,1.0,0.0,1.3,3.4,0.0,1.8,9.3,7.1,0.0,23.9,26.6,
2513272,Semifinal,980023,GEIEG PACISA,AWAY,1926754,,J. Fernandez Pinsach,1,22.1,1328.0,12.0,3.0,11.0,0.0,0.0,3.0,11.0,6.0,6.0,1.0,3.0,4.0,0.0,1.0,3.0,1.0,1.0,4.0,4.0,11.0,-3.0,44.0,27.3,0.0,54.5,0.5,0.0,1.5,4.2,14.7,9.0,0.0,6.6,4.0,6.8,28.9,
2513272,Semifinal,980023,GEIEG PACISA,AWAY,2239082,,N. Mitjanas Costa,0,22.7,1361.0,0.0,0.0,1.0,0.0,2.0,0.0,3.0,0.0,0.0,3.0,1.0,4.0,0.0,1.0,1.0,0.0,0.0,2.0,1.0,0.0,-5.0,0.0,0.0,66.7,0.0,0.0,0.0,0.0,12.3,4.8,8.8,0.0,2.1,0.0,25.0,7.7,
2513272,Semifinal,980023,GEIEG PACISA,AWAY,2191036,,R. Calvet Sandez,0,2.9,171.0,0.0,0.0,0.0,0.0,0.0,0.0,0.0,0.0,0.0,1.0,0.0,1.0,0.0,0.0,0.0,0.0,0.0,1.0,0.0,0.0,-6.0,0.0,0.0,0.0,0.0,0.0,0.0,0.0,32.1,0.0,17.2,0.0,0.0,0.0,0.0,0.0,
2513272,Semifinal,980023,GEIEG PACISA,AWAY,2059054,,A. Riera Buil,0,6.6,395.0,3.0,0.0,0.0,1.0,2.0,1.0,2.0,0.0,0.0,0.0,0.0,0.0,0.0,1.0,0.0,0.0,0.0,0.0,0.0,1.0,-4.0,75.0,75.0,100.0,0.0,0.0,1.5,0.0,0.0,0.0,0.0,0.0,0.0,0.0,33.3,19.8,
2513273,Semifinal,980023,GEIEG PACISA,HOME,1948948,,B. Oliveras Solivera,0,7.9,476.0,0.0,0.0,1.0,0.0,1.0,0.0,2.0,0.0,0.0,0.0,0.0,0.0,0.0,0.0,0.0,0.0,0.0,2.0,0.0,-4.0,2.0,0.0,0.0,50.0,0.0,0.0,0.0,0.0,0.0,0.0,0.0,0.0,0.0,0.0,0.0,11.3,00
2513273,Semifinal,980023,GEIEG PACISA,HOME,1949920,,J. Pairo Urtos,1,15.7,939.0,2.0,1.0,2.0,0.0,3.0,1.0,5.0,0.0,0.0,1.0,3.0,4.0,2.0,0.0,0.0,0.0,0.0,2.0,1.0,3.0,6.0,20.0,20.0,60.0,0.0,1.0,0.0,0.0,6.4,21.2,13.4,23.3,0.0,0.0,0.0,14.2,1
2513273,Semifinal,980023,GEIEG PACISA,HOME,1917788,,M. Carbo Cachinero,0,14.7,879.0,5.0,2.0,6.0,0.0,1.0,2.0,7.0,1.0,1.0,1.0,0.0,1.0,1.0,1.0,1.0,0.0,0.0,4.0,1.0,-1.0,-17.0,33.6,28.6,14.3,14.3,0.7,0.0,1.0,6.8,0.0,3.6,13.2,3.5,0.0,11.8,25.7,5
2513273,Semifinal,980023,GEIEG PACISA,HOME,1944150,,M. Melero Bravo,1,23.8,1427.0,12.0,4.0,9.0,1.0,4.0,5.0,13.0,1.0,2.0,1.0,3.0,4.0,3.0,1.0,2.0,0.0,0.0,3.0,2.0,10.0,-11.0,43.2,42.3,30.8,15.4,0.9,0.8,1.0,4.2,14.0,8.8,31.9,4.3,0.0,6.7,27.9,6
2513273,Semifinal,980023,GEIEG PACISA,HOME,2191036,,R. Calvet Sandez,0,2.6,157.0,0.0,0.0,0.0,0.0,1.0,0.0,1.0,0.0,0.0,0.0,3.0,3.0,0.0,1.0,0.0,0.0,0.0,0.0,1.0,2.0,6.0,0.0,0.0,100.0,0.0,0.0,0.0,0.0,0.0,128.2,60.7,0.0,0.0,0.0,50.0,34.4,8
2513273,Semifinal,980023,GEIEG PACISA,HOME,2191037,,C. Calvet Sandez,0,2.5,151.0,2.0,1.0,1.0,0.0,0.0,1.0,1.0,0.0,0.0,0.0,1.0,1.0,0.0,0.0,0.0,0.0,0.0,2.0,0.0,1.0,3.0,100.0,100.0,0.0,0.0,2.0,0.0,0.0,0.0,44.4,21.1,0.0,0.0,0.0,0.0,17.9,9
2513273,Semifinal,980023,GEIEG PACISA,HOME,1667386,,C. Morente Lopez,0,14.2,855.0,2.0,0.0,3.0,0.0,1.0,0.0,4.0,2.0,2.0,0.0,2.0,2.0,1.0,0.0,0.0,0.0,1.0,1.0,2.0,2.0,10.0,20.5,0.0,25.0,50.0,0.0,0.0,1.0,0.0,15.6,7.4,10.4,0.0,0.0,0.0,15.4,10
2513273,Semifinal,980023,GEIEG PACISA,HOME,1567998,,V. Gonzalez Olaizola,1,35.1,2109.0,8.0,3.0,11.0,0.0,1.0,3.0,12.0,2.0,4.0,4.0,5.0,9.0,0.0,1.0,2.0,1.0,1.0,3.0,5.0,10.0,-14.0,29.1,25.0,8.3,33.3,0.5,0.0,0.8,11.4,15.8,13.5,0.0,2.9,3.0,6.8,18.8,14
2513273,Semifinal,980023,GEIEG PACISA,HOME,1666109,,A. Coma Perpiña,1,30.9,1856.0,15.0,3.0,5.0,2.0,6.0,5.0,11.0,3.0,4.0,0.0,4.0,4.0,5.0,3.0,2.0,0.0,0.0,3.0,5.0,18.0,0.0,58.8,54.5,54.5,36.4,1.2,1.0,0.8,0.0,14.4,6.8,35.2,3.3,0.0,19.0,22.8,15
2513273,Semifinal,980023,GEIEG PACISA,HOME,1926754,,J. Fernandez Pinsach,1,21.5,1288.0,12.0,5.0,8.0,0.0,0.0,5.0,8.0,2.0,4.0,2.0,3.0,5.0,1.0,2.0,4.0,0.0,0.0,5.0,2.0,12.0,7.0,61.5,62.5,0.0,50.0,1.2,0.0,2.0,9.3,15.5,12.2,14.3,9.6,0.0,17.0,24.5,20
2513273,Semifinal,980023,GEIEG PACISA,HOME,2239082,,N. Mitjanas Costa,0,20.5,1232.0,4.0,2.0,6.0,0.0,1.0,2.0,7.0,0.0,0.0,1.0,2.0,3.0,0.0,0.0,2.0,0.0,0.0,1.0,0.0,3.0,-7.0,28.6,28.6,14.3,0.0,0.7,0.0,0.0,4.9,10.8,7.7,0.0,5.0,0.0,0.0,15.3,21
2513273,Semifinal,980023,GEIEG PACISA,HOME,2059054,,A. Riera Buil,0,10.5,631.0,0.0,0.0,0.0,0.0,1.0,0.0,1.0,0.0,0.0,1.0,0.0,1.0,0.0,1.0,0.0,0.0,0.0,0.0,0.0,-1.0,-5.0,0.0,0.0,100.0,0.0,0.0,0.0,0.0,9.5,0.0,5.0,0.0,0.0,0.0,50.0,8.5,77
2513273,Semifinal,979312,MIPELLETYMAS B.F. LEON,AWAY,2739351,,K. Benitez De La Rosa,0,12.2,729.0,8.0,0.0,0.0,2.0,3.0,2.0,3.0,2.0,2.0,0.0,6.0,6.0,0.0,1.0,2.0,1.0,0.0,2.0,3.0,16.0,8.0,103.1,100.0,100.0,66.7,0.0,2.0,0.7,0.0,49.2,25.9,0.0,8.4,6.3,20.5,18.2,0
2513273,Semifinal,979312,MIPELLETYMAS B.F. LEON,AWAY,2065858,,N. Martínez Martínez,0,18.7,1124.0,3.0,1.0,2.0,0.0,0.0,1.0,2.0,1.0,2.0,1.0,3.0,4.0,0.0,1.0,0.0,1.0,1.0,1.0,1.0,5.0,3.0,52.1,50.0,0.0,100.0,1.0,0.0,2.0,5.9,16.0,11.3,0.0,0.0,4.1,25.8,9.4,3
2513273,Semifinal,979312,MIPELLETYMAS B.F. LEON,AWAY,2337689,,M. Mansilla Alvarez,0,2.5,151.0,1.0,0.0,1.0,0.0,0.0,0.0,1.0,1.0,4.0,0.0,0.0,0.0,0.0,0.0,0.0,0.0,0.0,0.0,2.0,-1.0,-3.0,18.1,0.0,0.0,400.0,0.0,0.0,2.0,0.0,0.0,0.0,0.0,0.0,0.0,0.0,50.3,5
2513273,Semifinal,979312,MIPELLETYMAS B.F. LEON,AWAY,2068901,,J. Martinez Llamazares,0,14.8,889.0,1.0,0.0,2.0,0.0,4.0,0.0,6.0,1.0,2.0,0.0,0.0,0.0,0.0,1.0,1.0,0.0,0.0,1.0,2.0,-5.0,-6.0,7.3,0.0,66.7,33.3,0.0,0.0,1.0,0.0,0.0,0.0,0.0,3.4,0.0,12.7,24.2,6
2513273,Semifinal,979312,MIPELLETYMAS B.F. LEON,AWAY,1843042,,J. Giganto De La Puente,0,2.5,151.0,1.0,0.0,0.0,0.0,0.0,0.0,0.0,1.0,2.0,1.0,0.0,1.0,0.0,0.0,0.0,0.0,0.0,0.0,2.0,3.0,-3.0,56.8,0.0,0.0,0.0,0.0,0.0,1.0,44.4,0.0,21.1,0.0,0.0,0.0,0.0,16.0,7
2513273,Semifinal,979312,MIPELLETYMAS B.F. LEON,AWAY,2115639,,M. Ferreras Menendez,0,18.5,1110.0,8.0,1.0,2.0,2.0,5.0,3.0,7.0,0.0,0.0,1.0,0.0,1.0,1.0,1.0,2.0,0.0,0.0,2.0,1.0,6.0,-5.0,57.1,57.1,71.4,0.0,1.0,1.2,0.0,6.0,0.0,2.8,14.3,5.5,0.0,12.5,19.7,11
2513273,Semifinal,979312,MIPELLETYMAS B.F. LEON,AWAY,1893421,,L. Garcia Andres,1,22.3,1337.0,3.0,0.0,1.0,1.0,3.0,1.0,4.0,0.0,0.0,1.0,2.0,3.0,0.0,2.0,1.0,0.0,0.0,2.0,0.0,0.0,-3.0,37.5,37.5,75.0,0.0,0.0,1.0,0.0,5.0,9.0,7.1,0.0,2.3,0.0,33.3,12.3,14
2513273,Semifinal,979312,MIPELLETYMAS B.F. LEON,AWAY,2288000,,A. Martin Castañeda,1,21.2,1271.0,6.0,2.0,3.0,0.0,1.0,2.0,4.0,2.0,4.0,1.0,4.0,5.0,1.0,2.0,1.0,0.0,0.0,3.0,2.0,6.0,10.0,52.1,50.0,25.0,100.0,1.3,0.0,2.0,5.2,18.9,12.4,12.5,2.4,0.0,25.8,16.7,24
2513273,Semifinal,979312,MIPELLETYMAS B.F. LEON,AWAY,2557691,,L. Rodriguez De La Torriente,1,24.6,1477.0,6.0,1.0,7.0,0.0,0.0,1.0,7.0,4.0,8.0,0.0,4.0,4.0,1.0,1.0,0.0,0.0,0.0,2.0,5.0,3.0,-17.0,28.5,14.3,0.0,114.3,0.3,0.0,1.6,0.0,16.3,8.6,9.1,0.0,0.0,8.7,21.3,55
2513273,Semifinal,979312,MIPELLETYMAS B.F. LEON,AWAY,2107076,,D. Díaz Gómez,0,14.8,887.0,4.0,1.0,2.0,0.0,1.0,1.0,3.0,2.0,2.0,2.0,3.0,5.0,1.0,1.0,0.0,0.0,0.0,1.0,2.0,8.0,13.0,51.5,33.3,33.3,66.7,1.0,0.0,1.0,15.0,20.3,17.8,14.3,0.0,0.0,20.5,15.0,61
2513273,Semifinal,979312,MIPELLETYMAS B.F. LEON,AWAY,2187027,,P. Vaquera Blanco,1,26.7,1604.0,18.0,5.0,8.0,1.0,2.0,6.0,10.0,5.0,6.0,0.0,1.0,1.0,2.0,4.0,1.0,0.0,0.0,0.0,4.0,17.0,22.0,71.2,65.0,20.0,60.0,1.2,1.5,1.5,0.0,3.7,2.0,25.0,1.9,0.0,24.0,28.4,64
2513273,Semifinal,979312,MIPELLETYMAS B.F. LEON,AWAY,2347927,,F. Dembele,1,21.2,1270.0,7.0,3.0,10.0,0.0,0.0,3.0,10.0,1.0,4.0,3.0,6.0,9.0,0.0,1.0,1.0,0.0,0.0,5.0,2.0,3.0,1.0,29.8,30.0,0.0,40.0,0.6,0.0,2.0,15.7,28.3,22.3,0.0,2.4,0.0,7.8,27.4,97
2513274,Semifinal,981286,ESCO GRUPO FEMENINO ALCORCON,HOME,2095287,,G. Escorial Ferrero,0,15.7,940.0,0.0,0.0,1.0,0.0,0.0,0.0,1.0,0.0,0.0,1.0,7.0,8.0,1.0,2.0,0.0,1.0,0.0,3.0,1.0,5.0,6.0,0.0,0.0,0.0,0.0,0.0,0.0,0.0,8.2,41.5,27.5,11.4,0.0,5.4,66.7,9.2,
2513274,Semifinal,981286,ESCO GRUPO FEMENINO ALCORCON,HOME,2162538,,C. Del Amo Sevillano,1,31.0,1860.0,23.0,4.0,8.0,4.0,5.0,8.0,13.0,3.0,5.0,1.0,10.0,11.0,3.0,2.0,0.0,0.0,0.0,2.0,6.0,32.0,15.0,75.7,76.9,38.5,38.5,1.0,2.4,0.8,4.2,30.0,19.2,31.2,0.0,0.0,11.6,26.7,
2513274,Semifinal,981286,ESCO GRUPO FEMENINO ALCORCON,HOME,2182200,,L. Bernardo Perez,0,9.3,561.0,2.0,1.0,1.0,0.0,2.0,1.0,3.0,0.0,0.0,0.0,0.0,0.0,0.0,0.0,1.0,0.0,0.0,0.0,0.0,1.0,8.0,33.3,33.3,66.7,0.0,2.0,0.0,0.0,0.0,0.0,0.0,0.0,5.6,0.0,0.0,15.5,
2513274,Semifinal,981286,ESCO GRUPO FEMENINO ALCORCON,HOME,2012796,,M. Blanco Eusebio,1,35.6,2139.0,9.0,3.0,6.0,1.0,2.0,4.0,8.0,0.0,0.0,2.0,7.0,9.0,5.0,6.0,3.0,1.0,0.0,2.0,4.0,19.0,20.0,56.2,56.2,25.0,0.0,1.0,1.5,0.0,7.2,18.3,13.7,31.6,4.4,2.4,42.9,18.9,
2513274,Semifinal,981286,ESCO GRUPO FEMENINO ALCORCON,HOME,1535457,,M. Aranda Fraile,1,20.1,1204.0,11.0,0.0,1.0,3.0,6.0,3.0,7.0,2.0,2.0,0.0,2.0,2.0,0.0,0.0,0.0,0.0,0.0,2.0,1.0,8.0,19.0,69.8,64.3,85.7,28.6,0.0,1.5,2.0,0.0,9.3,5.4,0.0,0.0,0.0,0.0,18.9,
2513274,Semifinal,981286,ESCO GRUPO FEMENINO ALCORCON,HOME,2822982,,Y. Sifaoui Bucero,1,10.2,612.0,4.0,1.0,6.0,0.0,0.0,1.0,6.0,2.0,2.0,2.0,3.0,5.0,0.0,1.0,0.0,0.0,1.0,4.0,1.0,0.0,10.0,29.1,16.7,0.0,33.3,0.3,0.0,2.0,25.3,27.4,26.5,0.0,0.0,0.0,12.7,37.2,
2513274,Semifinal,981286,ESCO GRUPO FEMENINO ALCORCON,HOME,2128123,,N. Ipo Seriche-Dougan,0,20.0,1198.0,6.0,1.0,2.0,0.0,1.0,1.0,3.0,4.0,6.0,0.0,0.0,0.0,0.0,3.0,0.0,0.0,0.0,1.0,3.0,1.0,4.0,53.2,33.3,33.3,200.0,1.0,0.0,2.0,0.0,0.0,0.0,0.0,0.0,0.0,34.7,20.8,
2513274,Semifinal,981286,ESCO GRUPO FEMENINO ALCORCON,HOME,2164976,,A. Martínez Mora,1,14.8,890.0,4.0,0.0,1.0,1.0,2.0,1.0,3.0,1.0,2.0,1.0,0.0,1.0,3.0,1.0,2.0,0.0,0.0,4.0,2.0,4.0,10.0,51.5,50.0,66.7,66.7,0.0,1.5,1.0,8.7,0.0,3.7,38.5,7.1,0.0,20.5,15.9,
2513274,Semifinal,981286,ESCO GRUPO FEMENINO ALCORCON,HOME,1869823,,D. Miliauskaite,0,23.1,1388.0,9.0,3.0,8.0,0.0,1.0,3.0,9.0,3.0,6.0,3.0,6.0,9.0,1.0,3.0,0.0,1.0,1.0,4.0,3.0,7.0,11.0,38.7,33.3,11.1,66.7,0.8,0.0,2.0,16.8,24.2,21.1,9.8,0.0,3.7,20.5,30.5,
2513274,Semifinal,981286,ESCO GRUPO FEMENINO ALCORCON,HOME,2176383,,I. Camiña Rodriguez,0,20.1,1208.0,0.0,0.0,0.0,0.0,2.0,0.0,2.0,0.0,0.0,0.0,1.0,1.0,1.0,0.0,2.0,0.0,0.0,1.0,0.0,1.0,2.0,0.0,0.0,100.0,0.0,0.0,0.0,0.0,0.0,4.6,2.7,9.1,5.2,0.0,0.0,4.8,
2513274,Semifinal,981128,IBAIZABAL,AWAY,2325680,L. Vallejo Casares,L. Vallejo Casares,0,32.5,1950.0,10.0,2.0,3.0,1.0,4.0,3.0,7.0,3.0,5.0,0.0,0.0,0.0,1.0,1.0,2.0,1.0,0.0,2.0,6.0,11.0,-18.0,54.3,50.0,57.1,71.4,1.3,0.8,0.8,0.0,0.0,0.0,9.4,3.4,3.6,9.8,15.1,
2513274,Semifinal,981128,IBAIZABAL,AWAY,2082667,N. Sarasua Blanco,N. Sarasua Blanco,1,18.4,1103.0,4.0,2.0,3.0,0.0,1.0,2.0,4.0,0.0,0.0,0.0,0.0,0.0,1.0,1.0,1.0,0.0,0.0,3.0,2.0,2.0,-17.0,50.0,50.0,25.0,0.0,1.3,0.0,0.0,0.0,0.0,0.0,15.4,3.0,0.0,20.0,13.0,
2513274,Semifinal,981128,IBAIZABAL,AWAY,1831311,A. Iruskieta Uribe,A. Iruskieta Uribe,1,20.3,1216.0,2.0,1.0,3.0,0.0,0.0,1.0,3.0,0.0,0.0,0.0,2.0,2.0,0.0,1.0,0.0,0.0,1.0,2.0,2.0,1.0,2.0,33.3,33.3,0.0,0.0,0.7,0.0,0.0,0.0,12.7,5.3,0.0,0.0,0.0,25.0,9.5,
2513274,Semifinal,981128,IBAIZABAL,AWAY,2001169,L. Vindel Aretxabala,L. Vindel Aretxabala,1,22.1,1325.0,7.0,2.0,11.0,1.0,1.0,3.0,12.0,0.0,2.0,1.0,6.0,7.0,2.0,4.0,1.0,0.0,0.0,4.0,3.0,1.0,-9.0,27.2,29.2,8.3,16.7,0.4,3.0,0.7,4.2,35.0,17.1,27.8,2.5,0.0,23.7,36.7,
2513274,Semifinal,981128,IBAIZABAL,AWAY,1900318,C. Lopez Bevia,C. Lopez Bevia,0,16.1,963.0,2.0,1.0,1.0,0.0,2.0,1.0,3.0,0.0,0.0,1.0,0.0,1.0,1.0,0.0,2.0,0.0,0.0,0.0,0.0,4.0,-3.0,33.3,33.3,66.7,0.0,2.0,0.0,0.0,5.8,0.0,3.4,17.2,6.8,0.0,0.0,8.9,
2513274,Semifinal,981128,IBAIZABAL,AWAY,1757531,U. Iruskieta Uribe,U. Iruskieta Uribe,0,14.9,892.0,0.0,0.0,3.0,0.0,3.0,0.0,6.0,0.0,0.0,2.0,0.0,2.0,0.0,0.0,2.0,0.0,0.0,2.0,1.0,-3.0,-13.0,0.0,0.0,50.0,0.0,0.0,0.0,0.0,12.5,0.0,7.3,0.0,7.3,0.0,0.0,19.3,
2513274,Semifinal,981128,IBAIZABAL,AWAY,2111167,L. Leguina Taramundi,L. Leguina Taramundi,1,24.9,1495.0,4.0,1.0,9.0,0.0,0.0,1.0,9.0,2.0,6.0,1.0,10.0,11.0,2.0,3.0,0.0,1.0,0.0,2.0,4.0,5.0,-13.0,17.2,11.1,0.0,66.7,0.2,0.0,1.5,3.7,51.8,23.9,21.7,0.0,4.7,20.5,28.2,
2513274,Semifinal,981128,IBAIZABAL,AWAY,2266239,N. Diaz Camacho,N. Diaz Camacho,0,3.5,213.0,2.0,1.0,1.0,0.0,0.0,1.0,1.0,0.0,0.0,0.0,1.0,1.0,0.0,0.0,0.0,0.0,0.0,2.0,0.0,1.0,-3.0,100.0,100.0,0.0,0.0,2.0,0.0,0.0,0.0,36.9,15.4,0.0,0.0,0.0,0.0,13.7,
2513274,Semifinal,981128,IBAIZABAL,AWAY,2188507,J. Royale Sacristan,J. Royale Sacristan,0,21.8,1308.0,5.0,1.0,8.0,1.0,2.0,2.0,10.0,0.0,0.0,2.0,1.0,3.0,0.0,0.0,0.0,0.0,2.0,1.0,1.0,0.0,-11.0,25.0,25.0,20.0,0.0,0.2,1.5,0.0,8.5,5.9,7.4,0.0,0.0,0.0,0.0,22.0,
2513274,Semifinal,981128,IBAIZABAL,AWAY,2137885,M. Cuesta Garcia,M. Cuesta Garcia,1,25.6,1535.0,11.0,2.0,5.0,1.0,1.0,3.0,6.0,4.0,6.0,0.0,1.0,1.0,1.0,4.0,0.0,0.0,0.0,3.0,4.0,5.0,-20.0,63.7,58.3,16.7,100.0,0.8,3.0,1.5,0.0,5.0,2.1,13.9,0.0,0.0,31.6,23.7,
2513275,Semifinal,981128,IBAIZABAL,HOME,2325680,,L. Vallejo Casares,1,30.9,1855.0,4.0,2.0,7.0,0.0,1.0,2.0,8.0,0.0,3.0,1.0,2.0,3.0,0.0,2.0,1.0,0.0,1.0,0.0,2.0,-1.0,0.0,21.5,25.0,12.5,37.5,0.6,0.0,1.5,3.6,8.9,6.0,0.0,1.8,0.0,17.7,17.8,1
2513275,Semifinal,981128,IBAIZABAL,HOME,2082667,,N. Sarasua Blanco,0,16.0,958.0,4.0,2.0,4.0,0.0,2.0,2.0,6.0,0.0,1.0,0.0,0.0,0.0,1.0,1.0,1.0,0.0,1.0,2.0,1.0,-1.0,3.0,31.1,33.3,33.3,16.7,1.0,0.0,1.0,0.0,0.0,0.0,16.7,3.4,0.0,13.4,22.6,4
2513275,Semifinal,981128,IBAIZABAL,HOME,1831311,,A. Iruskieta Uribe,0,18.2,1090.0,0.0,0.0,2.0,0.0,0.0,0.0,2.0,0.0,0.0,1.0,0.0,1.0,0.0,1.0,1.0,0.0,0.0,3.0,0.0,-4.0,6.0,0.0,0.0,0.0,0.0,0.0,0.0,0.0,6.1,0.0,3.4,0.0,3.0,0.0,33.3,8.0,7
2513275,Semifinal,981128,IBAIZABAL,HOME,2001169,,L. Vindel Aretxabala,1,28.8,1726.0,13.0,6.0,12.0,0.0,1.0,6.0,13.0,1.0,4.0,1.0,4.0,5.0,4.0,6.0,1.0,0.0,0.0,3.0,6.0,10.0,8.0,44.0,46.2,7.7,30.8,1.0,0.0,0.7,3.9,19.2,10.7,50.0,1.9,0.0,28.9,35.0,8
2513275,Semifinal,981128,IBAIZABAL,HOME,1900318,,C. Lopez Bevia,0,6.4,384.0,0.0,0.0,0.0,0.0,1.0,0.0,1.0,0.0,0.0,0.0,0.0,0.0,2.0,0.0,0.0,0.0,0.0,1.0,0.0,0.0,-2.0,0.0,0.0,100.0,0.0,0.0,0.0,0.0,0.0,0.0,0.0,50.0,0.0,0.0,0.0,7.6,10
2513275,Semifinal,981128,IBAIZABAL,HOME,1757531,,U. Iruskieta Uribe,1,17.6,1054.0,4.0,2.0,3.0,0.0,0.0,2.0,3.0,0.0,0.0,2.0,0.0,2.0,0.0,0.0,1.0,1.0,0.0,2.0,0.0,5.0,4.0,66.7,66.7,0.0,0.0,1.3,0.0,0.0,12.6,0.0,7.0,0.0,3.1,5.7,0.0,8.3,11
2513275,Semifinal,981128,IBAIZABAL,HOME,2111167,,L. Leguina Taramundi,1,36.6,2196.0,17.0,6.0,13.0,0.0,0.0,6.0,13.0,5.0,7.0,3.0,11.0,14.0,0.0,3.0,4.0,2.0,0.0,2.0,7.0,30.0,6.0,52.9,46.2,0.0,53.8,0.9,0.0,1.0,9.1,41.5,23.5,0.0,6.0,5.5,15.7,25.3,17
2513275,Semifinal,981128,IBAIZABAL,HOME,2266239,,N. Diaz Camacho,0,3.4,204.0,0.0,0.0,0.0,0.0,0.0,0.0,0.0,0.0,0.0,0.0,0.0,0.0,0.0,0.0,0.0,0.0,0.0,0.0,0.0,0.0,0.0,0.0,0.0,0.0,0.0,0.0,0.0,0.0,0.0,0.0,0.0,0.0,0.0,0.0,0.0,0.0,19
2513275,Semifinal,981128,IBAIZABAL,HOME,2188507,,J. Royale Sacristan,1,18.1,1085.0,5.0,1.0,3.0,1.0,2.0,2.0,5.0,0.0,0.0,0.0,1.0,1.0,5.0,1.0,1.0,0.0,1.0,1.0,1.0,8.0,-3.0,50.0,50.0,40.0,0.0,0.7,1.5,0.0,0.0,7.6,3.4,62.5,3.0,0.0,16.7,16.1,24
2513275,Semifinal,981128,IBAIZABAL,HOME,2137885,,M. Cuesta Garcia,0,24.1,1448.0,2.0,0.0,6.0,0.0,1.0,0.0,7.0,2.0,2.0,2.0,4.0,6.0,3.0,3.0,2.0,1.0,2.0,0.0,2.0,6.0,8.0,12.7,0.0,14.3,28.6,0.0,0.0,1.0,9.2,22.9,15.3,25.0,4.6,4.1,27.6,21.9,31
2513275,Semifinal,981286,ESCO GRUPO FEMENINO ALCORCON,AWAY,2095287,,G. Escorial Ferrero,0,15.9,955.0,4.0,2.0,5.0,0.0,0.0,2.0,5.0,0.0,2.0,2.0,3.0,5.0,1.0,1.0,1.0,1.0,0.0,2.0,1.0,5.0,0.0,34.0,40.0,0.0,40.0,0.8,0.0,2.0,17.3,21.0,19.4,20.8,3.5,5.0,14.5,21.7,6
2513275,Semifinal,981286,ESCO GRUPO FEMENINO ALCORCON,AWAY,2162538,,C. Del Amo Sevillano,1,31.3,1879.0,17.0,6.0,11.0,1.0,4.0,7.0,15.0,2.0,4.0,2.0,2.0,4.0,0.0,2.0,4.0,1.0,0.0,3.0,3.0,14.0,1.0,50.7,50.0,26.7,26.7,1.1,0.8,1.3,8.8,7.1,7.9,0.0,7.1,2.6,10.7,30.0,8
2513275,Semifinal,981286,ESCO GRUPO FEMENINO ALCORCON,AWAY,2182200,,L. Bernardo Perez,0,6.3,377.0,0.0,0.0,1.0,0.0,1.0,0.0,2.0,0.0,0.0,1.0,0.0,1.0,0.0,1.0,0.0,0.0,0.0,1.0,0.0,-3.0,-4.0,0.0,0.0,50.0,0.0,0.0,0.0,0.0,21.9,0.0,9.8,0.0,0.0,0.0,33.3,23.9,9
2513275,Semifinal,981286,ESCO GRUPO FEMENINO ALCORCON,AWAY,2012796,,M. Blanco Eusebio,1,30.7,1844.0,1.0,0.0,3.0,0.0,3.0,0.0,6.0,1.0,2.0,0.0,4.0,4.0,5.0,3.0,1.0,0.0,0.0,2.0,4.0,3.0,-1.0,7.3,0.0,50.0,33.3,0.0,0.0,0.5,0.0,14.5,8.0,36.8,1.8,0.0,30.4,16.1,10
2513275,Semifinal,981286,ESCO GRUPO FEMENINO ALCORCON,AWAY,1535457,,M. Aranda Fraile,1,19.5,1171.0,1.0,0.0,0.0,0.0,2.0,0.0,2.0,1.0,1.0,0.0,0.0,0.0,1.0,2.0,0.0,1.0,0.0,0.0,0.0,-1.0,-3.0,20.5,0.0,100.0,50.0,0.0,0.0,0.0,0.0,0.0,0.0,11.8,0.0,4.1,45.0,11.4,13
2513275,Semifinal,981286,ESCO GRUPO FEMENINO ALCORCON,AWAY,2822982,,Y. Sifaoui Bucero,1,14.6,873.0,7.0,3.0,7.0,0.0,0.0,3.0,7.0,1.0,1.0,2.0,4.0,6.0,0.0,0.0,0.0,0.0,0.0,3.0,1.0,7.0,-1.0,47.0,42.9,0.0,14.3,0.9,0.0,1.0,18.9,30.4,25.3,0.0,0.0,0.0,0.0,25.5,14
2513275,Semifinal,981286,ESCO GRUPO FEMENINO ALCORCON,AWAY,2128123,,N. Ipo Seriche-Dougan,0,23.8,1426.0,3.0,1.0,6.0,0.0,0.0,1.0,6.0,1.0,1.0,0.0,1.0,1.0,1.0,5.0,2.0,1.0,3.0,3.0,1.0,-4.0,-1.0,23.3,16.7,0.0,16.7,0.3,0.0,1.0,0.0,4.7,2.6,10.9,4.6,3.4,43.7,24.1,19
2513275,Semifinal,981286,ESCO GRUPO FEMENINO ALCORCON,AWAY,2164976,,A. Martínez Mora,1,17.3,1039.0,0.0,0.0,1.0,0.0,2.0,0.0,3.0,0.0,0.0,0.0,1.0,1.0,1.0,0.0,0.0,1.0,0.0,2.0,2.0,0.0,-4.0,0.0,0.0,66.7,0.0,0.0,0.0,0.0,0.0,6.4,3.6,14.7,0.0,4.6,0.0,8.7,21
2513275,Semifinal,981286,ESCO GRUPO FEMENINO ALCORCON,AWAY,1869823,,D. Miliauskaite,0,22.1,1324.0,4.0,2.0,6.0,0.0,1.0,2.0,7.0,0.0,0.0,0.0,9.0,9.0,2.0,4.0,2.0,0.0,1.0,1.0,1.0,8.0,-9.0,28.6,28.6,14.3,0.0,0.7,0.0,0.0,0.0,45.2,25.1,24.4,5.0,0.0,36.4,24.9,23
2513275,Semifinal,981286,ESCO GRUPO FEMENINO ALCORCON,AWAY,2176383,,I. Camiña Rodriguez,0,18.5,1112.0,6.0,0.0,0.0,2.0,2.0,2.0,2.0,0.0,0.0,0.0,2.0,2.0,0.0,2.0,0.0,0.0,0.0,2.0,1.0,5.0,-8.0,150.0,150.0,100.0,0.0,0.0,3.0,0.0,0.0,12.0,6.7,0.0,0.0,0.0,50.0,10.8,30
2513805,Final,979312,MIPELLETYMAS B.F. LEON,HOME,2739351,,K. Benitez De La Rosa,0,22.8,1370.0,9.0,2.0,5.0,1.0,3.0,3.0,8.0,2.0,3.0,2.0,7.0,9.0,0.0,3.0,3.0,0.0,0.0,2.0,1.0,11.0,3.0,48.3,43.8,37.5,37.5,0.8,1.0,3.0,9.7,27.3,19.5,0.0,6.3,0.0,24.4,21.8,0
2513805,Final,979312,MIPELLETYMAS B.F. LEON,HOME,2065858,,N. Martínez Martínez,0,19.7,1181.0,8.0,4.0,6.0,0.0,0.0,4.0,6.0,0.0,0.0,3.0,4.0,7.0,1.0,1.0,0.0,0.0,1.0,2.0,0.0,11.0,9.0,66.7,66.7,0.0,0.0,1.3,0.0,0.0,16.9,18.0,17.5,11.1,0.0,0.0,14.3,14.4,3
2513805,Final,979312,MIPELLETYMAS B.F. LEON,HOME,2068901,,J. Martinez Llamazares,0,21.6,1297.0,8.0,2.0,2.0,0.0,2.0,2.0,4.0,4.0,7.0,0.0,2.0,2.0,3.0,5.0,2.0,0.0,0.0,2.0,4.0,7.0,6.0,56.5,50.0,50.0,175.0,2.0,0.0,1.8,0.0,8.2,4.6,27.3,4.4,0.0,41.4,22.6,6
2513805,Final,979312,MIPELLETYMAS B.F. LEON,HOME,2115639,,M. Ferreras Menendez,0,4.1,247.0,5.0,2.0,2.0,0.0,0.0,2.0,2.0,1.0,1.0,0.0,1.0,1.0,0.0,1.0,0.0,0.0,0.0,0.0,1.0,6.0,0.0,102.5,100.0,0.0,50.0,2.0,0.0,1.0,0.0,21.7,12.0,0.0,0.0,0.0,29.1,33.9,11
2513805,Final,979312,MIPELLETYMAS B.F. LEON,HOME,1893421,,L. Garcia Andres,1,25.2,1515.0,9.0,0.0,2.0,3.0,5.0,3.0,7.0,0.0,0.0,0.0,1.0,1.0,2.0,2.0,0.0,0.0,0.0,2.0,1.0,5.0,10.0,64.3,64.3,71.4,0.0,0.0,1.8,0.0,0.0,3.5,2.0,15.9,0.0,0.0,22.2,14.4,14
2513805,Final,979312,MIPELLETYMAS B.F. LEON,HOME,2288000,,A. Martin Castañeda,1,19.6,1173.0,6.0,3.0,5.0,0.0,0.0,3.0,5.0,0.0,0.0,1.0,1.0,2.0,0.0,0.0,0.0,0.0,0.0,0.0,0.0,6.0,5.0,60.0,60.0,0.0,0.0,1.2,0.0,0.0,5.7,4.5,5.0,0.0,0.0,0.0,0.0,10.3,24
2513805,Final,979312,MIPELLETYMAS B.F. LEON,HOME,2557691,,L. Rodriguez De La Torriente,1,28.4,1703.0,11.0,3.0,9.0,0.0,0.0,3.0,9.0,5.0,9.0,1.0,2.0,3.0,3.0,6.0,1.0,1.0,0.0,2.0,6.0,7.0,18.0,42.4,33.3,0.0,100.0,0.7,0.0,1.5,3.9,6.3,5.2,19.7,1.7,3.1,31.6,27.0,55
2513805,Final,979312,MIPELLETYMAS B.F. LEON,HOME,2107076,,D. Díaz Gómez,0,12.2,731.0,3.0,0.0,2.0,0.0,1.0,0.0,3.0,3.0,4.0,1.0,1.0,2.0,0.0,0.0,2.0,0.0,1.0,1.0,2.0,4.0,14.0,31.5,0.0,33.3,133.3,0.0,0.0,2.0,9.1,7.3,8.1,0.0,7.8,0.0,0.0,15.8,61
2513805,Final,979312,MIPELLETYMAS B.F. LEON,HOME,2187027,,P. Vaquera Blanco,1,28.0,1681.0,8.0,1.0,6.0,1.0,4.0,2.0,10.0,3.0,4.0,0.0,5.0,5.0,6.0,5.0,2.0,0.0,0.0,5.0,4.0,6.0,20.0,34.0,25.0,40.0,40.0,0.3,0.8,1.0,0.0,15.9,8.8,37.0,3.4,0.0,29.8,24.2,64
2513805,Final,979312,MIPELLETYMAS B.F. LEON,HOME,2347927,,F. Dembele,1,18.4,1102.0,9.0,4.0,5.0,0.0,0.0,4.0,5.0,1.0,6.0,6.0,6.0,12.0,1.0,2.0,1.0,0.0,0.0,5.0,3.0,13.0,10.0,58.9,80.0,0.0,120.0,1.6,0.0,2.0,36.2,29.0,32.2,11.1,2.6,0.0,20.7,21.2,97
2513805,Final,981286,ESCO GRUPO FEMENINO ALCORCON,AWAY,2095287,,G. Escorial Ferrero,0,21.8,1306.0,5.0,2.0,5.0,0.0,0.0,2.0,5.0,1.0,2.0,2.0,4.0,6.0,1.0,0.0,1.0,2.0,0.0,5.0,2.0,8.0,-4.0,42.5,40.0,0.0,40.0,0.8,0.0,1.0,8.2,20.4,13.6,13.3,2.2,8.3,0.0,10.9,6
2513805,Final,981286,ESCO GRUPO FEMENINO ALCORCON,AWAY,2162538,,C. Del Amo Sevillano,1,31.6,1899.0,11.0,1.0,9.0,2.0,5.0,3.0,14.0,3.0,4.0,3.0,10.0,13.0,1.0,5.0,2.0,0.0,1.0,3.0,3.0,10.0,-5.0,34.9,28.6,35.7,28.6,0.2,1.2,1.3,8.4,35.2,20.3,8.2,3.0,0.0,24.1,26.5,8
2513805,Final,981286,ESCO GRUPO FEMENINO ALCORCON,AWAY,2182200,,L. Bernardo Perez,0,6.0,363.0,0.0,0.0,0.0,0.0,2.0,0.0,2.0,0.0,0.0,1.0,0.0,1.0,1.0,0.0,0.0,0.0,0.0,1.0,0.0,-1.0,4.0,0.0,0.0,100.0,0.0,0.0,0.0,0.0,14.8,0.0,8.2,52.6,0.0,0.0,0.0,13.5,9
2513805,Final,981286,ESCO GRUPO FEMENINO ALCORCON,AWAY,2012796,,M. Blanco Eusebio,1,38.5,2311.0,5.0,1.0,7.0,1.0,7.0,2.0,14.0,0.0,2.0,2.0,3.0,5.0,3.0,3.0,3.0,0.0,0.0,1.0,4.0,2.0,-19.0,16.8,17.9,50.0,14.3,0.3,0.4,0.5,4.6,8.7,6.4,17.6,3.7,0.0,16.8,18.7,10
2513805,Final,981286,ESCO GRUPO FEMENINO ALCORCON,AWAY,1535457,,M. Aranda Fraile,1,21.2,1274.0,3.0,0.0,1.0,1.0,5.0,1.0,6.0,0.0,0.0,1.0,3.0,4.0,2.0,0.0,3.0,0.0,0.0,4.0,0.0,3.0,-8.0,25.0,25.0,83.3,0.0,0.0,0.6,0.0,4.2,15.7,9.3,23.5,6.7,0.0,0.0,11.4,13
2513805,Final,981286,ESCO GRUPO FEMENINO ALCORCON,AWAY,2822982,,Y. Sifaoui Bucero,1,14.7,881.0,1.0,0.0,2.0,0.0,0.0,0.0,2.0,1.0,2.0,3.0,2.0,5.0,0.0,3.0,0.0,0.0,0.0,3.0,3.0,0.0,-22.0,17.4,0.0,0.0,100.0,0.0,0.0,0.7,18.1,15.1,16.8,0.0,0.0,0.0,51.0,16.1,14
2513805,Final,981286,ESCO GRUPO FEMENINO ALCORCON,AWAY,2128123,,N. Ipo Seriche-Dougan,0,23.2,1391.0,18.0,5.0,8.0,0.0,2.0,5.0,10.0,8.0,9.0,1.0,0.0,1.0,3.0,3.0,1.0,0.0,0.0,2.0,5.0,17.0,-18.0,64.5,50.0,20.0,90.0,1.2,0.0,1.8,3.8,0.0,2.1,46.9,2.0,0.0,17.7,29.5,19
2513805,Final,981286,ESCO GRUPO FEMENINO ALCORCON,AWAY,2164976,,A. Martínez Mora,1,14.1,845.0,4.0,2.0,6.0,0.0,0.0,2.0,6.0,0.0,0.0,1.0,0.0,1.0,1.0,1.0,3.0,0.0,0.0,2.0,1.0,3.0,-5.0,33.3,33.3,0.0,0.0,0.7,0.0,0.0,6.3,0.0,3.5,17.9,10.0,0.0,14.3,20.0,21
2513805,Final,981286,ESCO GRUPO FEMENINO ALCORCON,AWAY,1869823,,D. Miliauskaite,0,17.9,1072.0,8.0,3.0,7.0,0.0,2.0,3.0,9.0,2.0,4.0,1.0,0.0,1.0,0.0,4.0,2.0,0.0,0.0,3.0,3.0,-1.0,-11.0,37.2,33.3,22.2,44.4,0.9,0.0,1.3,5.0,0.0,2.8,0.0,5.3,0.0,27.1,33.3,23
2513805,Final,981286,ESCO GRUPO FEMENINO ALCORCON,AWAY,2176383,,I. Camiña Rodriguez,0,11.0,658.0,2.0,1.0,1.0,0.0,1.0,1.0,2.0,0.0,0.0,0.0,0.0,0.0,0.0,0.0,0.0,0.0,0.0,0.0,0.0,1.0,-7.0,50.0,50.0,50.0,0.0,2.0,0.0,0.0,0.0,0.0,0.0,0.0,0.0,0.0,0.0,7.3,30
2479683,1,979892,C. B. ISLA BONITA,HOME,1131087,B. Armengol Vall,B. Armengol Vall,1,30.7,1842.0,12.0,0.0,3.0,3.0,6.0,3.0,9.0,3.0,4.0,1.0,1.0,2.0,4.0,3.0,0.0,0.0,0.0,2.0,6.0,12.0,-2.0,55.8,50.0,66.7,44.4,0.0,1.5,0.7,5.0,3.9,4.4,20.6,0.0,0.0,21.8,22.6,
2479683,1,979892,C. B. ISLA BONITA,HOME,1870487,T. Gonzalez Soto,T. Gonzalez Soto,1,20.5,1228.0,3.0,0.0,0.0,1.0,5.0,1.0,5.0,0.0,0.0,0.0,1.0,1.0,1.0,0.0,0.0,1.0,0.0,0.0,2.0,4.0,-6.0,30.0,30.0,100.0,0.0,0.0,0.6,0.0,0.0,5.9,3.3,7.7,0.0,5.7,0.0,12.3,
2479683,1,979892,C. B. ISLA BONITA,HOME,1981139,S. Blanco Guitian,S. Blanco Guitian,1,17.6,1055.0,6.0,0.0,0.0,2.0,4.0,2.0,4.0,0.0,0.0,0.0,2.0,2.0,0.0,0.0,0.0,0.0,0.0,4.0,1.0,3.0,6.0,75.0,75.0,100.0,0.0,0.0,1.5,0.0,0.0,13.8,7.7,0.0,0.0,0.0,0.0,11.5,
2479683,1,979892,C. B. ISLA BONITA,HOME,1853281,I. Bautista Villaverde,I. Bautista Villaverde,0,11.8,710.0,3.0,0.0,0.0,1.0,2.0,1.0,2.0,0.0,0.0,0.0,0.0,0.0,2.0,2.0,1.0,0.0,0.0,1.0,0.0,2.0,-6.0,75.0,75.0,100.0,0.0,0.0,1.5,0.0,0.0,0.0,0.0,27.0,4.9,0.0,50.0,17.1,
2479683,1,979892,C. B. ISLA BONITA,HOME,2816643,E. Motekaitytè,E. Motekaitytè,0,18.1,1083.0,7.0,3.0,5.0,0.0,0.0,3.0,5.0,1.0,2.0,1.0,1.0,2.0,0.0,1.0,0.0,0.0,0.0,3.0,2.0,4.0,-14.0,59.5,60.0,0.0,40.0,1.2,0.0,1.0,8.5,6.7,7.5,0.0,0.0,0.0,14.5,19.2,
2479683,1,979892,C. B. ISLA BONITA,HOME,2171960,M. Colom Elosúa,M. Colom Elosúa,0,18.9,1133.0,6.0,1.0,1.0,1.0,2.0,2.0,3.0,1.0,1.0,0.0,4.0,4.0,2.0,3.0,0.0,0.0,0.0,1.0,2.0,9.0,-8.0,87.2,83.3,66.7,33.3,2.0,1.5,0.5,0.0,25.7,14.3,16.7,0.0,0.0,46.6,17.2,
2479683,1,979892,C. B. ISLA BONITA,HOME,2524874,M. Vulovic,M. Vulovic,0,24.0,1441.0,22.0,8.0,10.0,0.0,1.0,8.0,11.0,6.0,6.0,3.0,3.0,6.0,1.0,3.0,1.0,0.0,0.0,4.0,7.0,27.0,-2.0,80.6,72.7,9.1,54.5,1.6,0.0,0.9,19.2,15.2,16.9,11.4,2.4,0.0,18.0,34.9,
2479683,1,979892,C. B. ISLA BONITA,HOME,1471341,M. Rosales Elejabeita,M. Rosales Elejabeita,1,15.8,949.0,10.0,5.0,8.0,0.0,0.0,5.0,8.0,0.0,4.0,2.0,2.0,4.0,3.0,1.0,0.0,0.0,0.0,5.0,3.0,7.0,5.0,51.2,62.5,0.0,50.0,1.2,0.0,1.3,19.5,15.3,17.2,48.4,0.0,0.0,9.3,34.3,
2479683,1,979892,C. B. ISLA BONITA,HOME,1372464,M. Carballo Diaz,M. Carballo Diaz,0,8.8,529.0,0.0,0.0,0.0,0.0,0.0,0.0,0.0,0.0,0.0,0.0,2.0,2.0,0.0,1.0,1.0,0.0,0.0,1.0,0.0,1.0,-1.0,0.0,0.0,0.0,0.0,0.0,0.0,0.0,0.0,27.5,15.4,0.0,6.5,0.0,100.0,5.7,
2479683,1,979892,C. B. ISLA BONITA,HOME,2816642,N. Cunill Peña,N. Cunill Peña,1,22.1,1327.0,6.0,3.0,6.0,0.0,0.0,3.0,6.0,0.0,2.0,4.0,6.0,10.0,0.0,3.0,2.0,0.0,0.0,1.0,1.0,10.0,-7.0,43.6,50.0,0.0,33.3,1.0,0.0,2.0,27.8,32.9,30.7,0.0,5.2,0.0,30.4,22.5,
2479683,1,979892,C. B. ISLA BONITA,HOME,2524609,A. Glomazic,A. Glomazic,0,11.7,703.0,0.0,0.0,0.0,0.0,0.0,0.0,0.0,0.0,0.0,0.0,0.0,0.0,0.0,1.0,0.0,0.0,0.0,3.0,0.0,-4.0,-10.0,0.0,0.0,0.0,0.0,0.0,0.0,0.0,0.0,0.0,0.0,0.0,0.0,0.0,100.0,4.3,
2479683,1,981414,HIERROS DÍAZ EXTREMADURA MIRALVALLE,AWAY,1707378,M. Pérez Castro,M. Pérez Castro,1,28.8,1725.0,13.0,2.0,6.0,2.0,3.0,4.0,9.0,3.0,4.0,0.0,1.0,1.0,0.0,1.0,1.0,0.0,0.0,2.0,4.0,10.0,2.0,60.4,55.6,33.3,44.4,0.7,2.0,1.0,0.0,5.3,2.4,0.0,2.0,0.0,8.5,20.3,
2479683,1,981414,HIERROS DÍAZ EXTREMADURA MIRALVALLE,AWAY,2818302,V. Michel,V. Michel,1,18.7,1123.0,4.0,2.0,5.0,0.0,0.0,2.0,5.0,0.0,0.0,3.0,2.0,5.0,0.0,2.0,2.0,0.0,0.0,3.0,1.0,4.0,1.0,40.0,40.0,0.0,0.0,0.8,0.0,0.0,19.4,16.5,18.1,0.0,6.3,0.0,28.6,18.6,
2479683,1,981414,HIERROS DÍAZ EXTREMADURA MIRALVALLE,AWAY,2734458,L. Navas Castro,L. Navas Castro,0,33.8,2027.0,20.0,4.0,8.0,4.0,6.0,8.0,14.0,0.0,0.0,3.0,3.0,6.0,6.0,5.0,5.0,0.0,1.0,4.0,1.0,23.0,19.0,71.4,71.4,42.9,0.0,1.0,2.0,0.0,10.8,13.7,12.0,46.9,8.7,0.0,26.3,27.9,
2479683,1,981414,HIERROS DÍAZ EXTREMADURA MIRALVALLE,AWAY,1158794,A. Fernandez Oraa,A. Fernandez Oraa,0,16.5,990.0,0.0,0.0,2.0,0.0,2.0,0.0,4.0,0.0,0.0,1.0,1.0,2.0,0.0,0.0,1.0,0.0,0.0,0.0,1.0,0.0,9.0,0.0,0.0,50.0,0.0,0.0,0.0,0.0,7.3,9.3,8.2,0.0,3.5,0.0,0.0,12.0,
2479683,1,981414,HIERROS DÍAZ EXTREMADURA MIRALVALLE,AWAY,1724925,M. Romero Garrido,M. Romero Garrido,1,20.8,1247.0,9.0,0.0,0.0,1.0,4.0,1.0,4.0,6.0,6.0,1.0,2.0,3.0,0.0,2.0,0.0,0.0,0.0,4.0,3.0,6.0,-6.0,67.8,37.5,100.0,150.0,0.0,0.8,2.0,5.8,14.8,9.8,0.0,0.0,0.0,23.1,20.6,
2479683,1,981414,HIERROS DÍAZ EXTREMADURA MIRALVALLE,AWAY,2566363,P. Laurenson Cheynel,P. Laurenson Cheynel,1,27.9,1674.0,24.0,5.0,8.0,2.0,4.0,7.0,12.0,8.0,10.0,2.0,1.0,3.0,0.0,1.0,0.0,0.0,0.0,4.0,6.0,21.0,9.0,73.2,66.7,33.3,83.3,1.2,1.5,1.7,8.7,5.5,7.3,0.0,0.0,0.0,5.7,31.0,
2479683,1,981414,HIERROS DÍAZ EXTREMADURA MIRALVALLE,AWAY,1984467,G. Lopez Cuesta,G. Lopez Cuesta,0,21.3,1279.0,4.0,1.0,2.0,0.0,0.0,1.0,2.0,2.0,4.0,1.0,0.0,1.0,0.0,0.0,0.0,0.0,0.0,4.0,5.0,3.0,4.0,53.2,50.0,0.0,200.0,1.0,0.0,0.8,5.7,0.0,3.2,0.0,0.0,0.0,0.0,8.8,
2479683,1,981414,HIERROS DÍAZ EXTREMADURA MIRALVALLE,AWAY,1529427,C. Lazaro Hernandez,C. Lazaro Hernandez,1,32.2,1935.0,10.0,2.0,3.0,1.0,2.0,3.0,5.0,3.0,9.0,0.0,5.0,5.0,1.0,0.0,0.0,0.0,0.0,3.0,4.0,9.0,7.0,55.8,70.0,40.0,180.0,1.3,1.5,2.2,0.0,23.9,10.5,5.6,0.0,0.0,0.0,13.8,
2479684,1,981227,DPES CB CIUDAD DE MOSTOLES,HOME,2040603,P. Gonzalez Gonzalez,P. Gonzalez Gonzalez,0,19.8,1186.0,12.0,1.0,4.0,2.0,3.0,3.0,7.0,4.0,8.0,2.0,3.0,5.0,2.0,3.0,3.0,0.0,0.0,3.0,4.0,12.0,11.0,57.0,57.1,42.9,114.3,0.5,2.0,2.0,11.9,17.3,14.6,16.0,7.4,0.0,22.2,28.0,
2479684,1,981227,DPES CB CIUDAD DE MOSTOLES,HOME,2162836,D. Vaquero Martinez,D. Vaquero Martinez,0,15.1,908.0,3.0,1.0,5.0,0.0,2.0,1.0,7.0,1.0,2.0,0.0,1.0,1.0,0.0,2.0,0.0,0.0,0.0,0.0,2.0,-3.0,-1.0,19.0,14.3,28.6,28.6,0.4,0.0,1.0,0.0,7.6,3.8,0.0,0.0,0.0,20.2,26.8,
2479684,1,981227,DPES CB CIUDAD DE MOSTOLES,HOME,1178705,A. Peredo Lopez,A. Peredo Lopez,0,14.9,897.0,8.0,1.0,2.0,2.0,3.0,3.0,5.0,0.0,0.0,0.0,5.0,5.0,1.0,1.0,0.0,0.0,0.0,1.0,0.0,10.0,14.0,80.0,80.0,60.0,0.0,1.0,2.0,0.0,0.0,38.4,19.5,10.6,0.0,0.0,16.7,16.5,
2479684,1,981227,DPES CB CIUDAD DE MOSTOLES,HOME,1222687,B. Moreno Hurtado,B. Moreno Hurtado,0,14.1,843.0,2.0,1.0,1.0,0.0,1.0,1.0,2.0,0.0,0.0,0.0,1.0,1.0,1.0,0.0,1.0,0.0,0.0,1.0,1.0,4.0,10.0,50.0,50.0,50.0,0.0,2.0,0.0,0.0,0.0,8.1,4.1,8.8,3.4,0.0,0.0,5.8,
2479684,1,981227,DPES CB CIUDAD DE MOSTOLES,HOME,2285191,C. Martinez Gallego,C. Martinez Gallego,0,2.0,120.0,0.0,0.0,0.0,0.0,0.0,0.0,0.0,0.0,0.0,0.0,0.0,0.0,1.0,0.0,0.0,0.0,0.0,0.0,0.0,1.0,0.0,0.0,0.0,0.0,0.0,0.0,0.0,0.0,0.0,0.0,0.0,32.3,0.0,0.0,0.0,0.0,
2479684,1,981227,DPES CB CIUDAD DE MOSTOLES,HOME,1819108,N. Gomez Cobo,N. Gomez Cobo,1,15.7,939.0,4.0,2.0,3.0,0.0,0.0,2.0,3.0,0.0,0.0,0.0,3.0,3.0,0.0,1.0,2.0,0.0,0.0,1.0,1.0,7.0,1.0,66.7,66.7,0.0,0.0,1.3,0.0,0.0,0.0,21.8,11.1,0.0,6.2,0.0,25.0,10.4,
2479684,1,981227,DPES CB CIUDAD DE MOSTOLES,HOME,2035086,M. Gamez Martinez,M. Gamez Martinez,0,16.8,1009.0,11.0,4.0,5.0,1.0,3.0,5.0,8.0,0.0,0.0,2.0,0.0,2.0,0.0,0.0,1.0,2.0,1.0,0.0,0.0,13.0,10.0,68.8,68.8,37.5,0.0,1.6,1.0,0.0,14.0,0.0,6.9,0.0,2.9,10.4,0.0,19.5,
2479684,1,981227,DPES CB CIUDAD DE MOSTOLES,HOME,1589173,M. Correa Villalona,M. Correa Villalona,1,14.6,875.0,2.0,0.0,1.0,0.0,1.0,0.0,2.0,2.0,2.0,1.0,4.0,5.0,4.0,5.0,0.0,0.0,0.0,1.0,1.0,4.0,3.0,34.7,0.0,50.0,100.0,0.0,0.0,2.0,8.1,31.3,19.9,32.3,0.0,0.0,63.5,22.1,
2479684,1,981227,DPES CB CIUDAD DE MOSTOLES,HOME,1434653,B. Martinez Sanz,B. Martinez Sanz,1,24.8,1486.0,11.0,4.0,6.0,0.0,3.0,4.0,9.0,3.0,6.0,1.0,5.0,6.0,8.0,5.0,1.0,0.0,0.0,3.0,3.0,13.0,27.0,47.3,44.4,33.3,66.7,1.3,0.0,2.0,4.7,23.0,14.0,54.8,2.0,0.0,30.0,27.5,
2479684,1,981227,DPES CB CIUDAD DE MOSTOLES,HOME,1740994,B. Rodríguez Bazaga,B. Rodríguez Bazaga,1,26.9,1616.0,14.0,1.0,2.0,4.0,9.0,5.0,11.0,0.0,0.0,0.0,1.0,1.0,2.0,0.0,2.0,0.0,0.0,1.0,0.0,12.0,25.0,63.6,63.6,81.8,0.0,1.0,1.3,0.0,0.0,4.2,2.2,12.0,3.6,0.0,0.0,16.8,
2479684,1,981227,DPES CB CIUDAD DE MOSTOLES,HOME,2404223,E. Abubakar Arrey,E. Abubakar Arrey,1,17.1,1026.0,7.0,3.0,5.0,0.0,0.0,3.0,5.0,1.0,2.0,1.0,3.0,4.0,1.0,1.0,1.0,1.0,0.0,2.0,4.0,12.0,22.0,59.5,60.0,0.0,40.0,1.2,0.0,0.5,6.9,20.1,13.6,10.6,2.8,5.1,14.5,16.5,
2479684,1,981227,DPES CB CIUDAD DE MOSTOLES,HOME,2527859,A. Jimenez Vizcaino,A. Jimenez Vizcaino,0,18.2,1095.0,9.0,4.0,7.0,0.0,0.0,4.0,7.0,1.0,4.0,5.0,2.0,7.0,1.0,3.0,0.0,0.0,0.0,3.0,2.0,7.0,3.0,51.4,57.1,0.0,57.1,1.1,0.0,2.0,32.3,12.6,22.3,8.7,0.0,0.0,25.5,26.5,
2479684,1,981212,ELSAMEX CB ANDRATX,AWAY,2553411,N. Jeng,N. Jeng,1,1.0,59.0,0.0,0.0,0.0,0.0,1.0,0.0,1.0,0.0,0.0,0.0,0.0,0.0,0.0,0.0,0.0,0.0,0.0,0.0,1.0,0.0,-2.0,0.0,0.0,100.0,0.0,0.0,0.0,0.0,0.0,0.0,0.0,0.0,0.0,0.0,0.0,44.7,
2479684,1,981212,ELSAMEX CB ANDRATX,AWAY,1461086,P. Comella Pons,P. Comella Pons,1,35.1,2108.0,12.0,3.0,11.0,2.0,7.0,5.0,18.0,0.0,0.0,2.0,6.0,8.0,3.0,2.0,3.0,0.0,1.0,1.0,1.0,11.0,-25.0,33.3,33.3,38.9,0.0,0.5,0.9,0.0,6.5,20.1,13.2,19.1,4.0,0.0,10.0,25.5,
2479684,1,981212,ELSAMEX CB ANDRATX,AWAY,2036170,A. Peregrina Garcia,A. Peregrina Garcia,1,31.5,1892.0,10.0,2.0,5.0,1.0,8.0,3.0,13.0,3.0,4.0,0.0,1.0,1.0,2.0,5.0,4.0,1.0,0.0,1.0,5.0,6.0,-26.0,33.9,26.9,61.5,30.8,0.8,0.4,0.8,0.0,3.7,1.8,13.0,5.9,3.1,25.3,28.1,
2479684,1,981212,ELSAMEX CB ANDRATX,AWAY,1579078,H. Condom Rosell,H. Condom Rosell,0,20.8,1249.0,4.0,2.0,5.0,0.0,0.0,2.0,5.0,0.0,0.0,0.0,3.0,3.0,1.0,3.0,2.0,0.0,1.0,3.0,2.0,3.0,-10.0,40.0,40.0,0.0,0.0,0.8,0.0,0.0,0.0,17.0,8.4,10.5,4.5,0.0,37.5,17.2,
2479684,1,981212,ELSAMEX CB ANDRATX,AWAY,2148958,M. López Martí,M. López Martí,0,30.8,1849.0,7.0,2.0,5.0,1.0,2.0,3.0,7.0,0.0,0.0,2.0,5.0,7.0,3.0,1.0,2.0,0.0,1.0,1.0,1.0,14.0,-15.0,50.0,50.0,28.6,0.0,0.8,1.5,0.0,7.4,19.1,13.2,19.5,3.0,0.0,12.5,11.6,
2479684,1,981212,ELSAMEX CB ANDRATX,AWAY,2120195,A. Real Cerda,A. Real Cerda,0,12.2,733.0,7.0,1.0,3.0,0.0,0.0,1.0,3.0,5.0,6.0,0.0,1.0,1.0,0.0,1.0,1.0,0.0,0.0,5.0,4.0,4.0,-13.0,62.1,33.3,0.0,200.0,0.7,0.0,1.5,0.0,9.6,4.8,0.0,3.8,0.0,15.1,24.4,
2479684,1,981212,ELSAMEX CB ANDRATX,AWAY,2276474,L. García Rivera,L. García Rivera,1,25.0,1502.0,10.0,5.0,11.0,0.0,1.0,5.0,12.0,0.0,0.0,2.0,0.0,2.0,0.0,3.0,1.0,0.0,0.0,3.0,1.0,1.0,-2.0,41.7,41.7,8.3,0.0,0.9,0.0,0.0,9.1,0.0,4.6,0.0,1.9,0.0,20.0,26.8,
2479684,1,981212,ELSAMEX CB ANDRATX,AWAY,2294809,P. Sans Cantallops,P. Sans Cantallops,1,17.6,1056.0,4.0,2.0,2.0,0.0,1.0,2.0,3.0,0.0,0.0,1.0,2.0,3.0,2.0,2.0,0.0,0.0,0.0,5.0,0.0,1.0,-9.0,66.7,66.7,33.3,0.0,2.0,0.0,0.0,6.5,13.4,9.9,27.8,0.0,0.0,40.0,12.7,
2479684,1,981212,ELSAMEX CB ANDRATX,AWAY,2820516,L. Stenta,L. Stenta,0,25.9,1552.0,4.0,2.0,4.0,0.0,0.0,2.0,4.0,0.0,0.0,0.0,4.0,4.0,0.0,2.0,1.0,0.0,0.0,0.0,1.0,6.0,-23.0,50.0,50.0,0.0,0.0,1.0,0.0,0.0,0.0,18.2,9.0,0.0,1.8,0.0,33.3,10.4,
2479685,1,981335,CESUR DISTRITO OLIMPICO,HOME,2286837,B. Arranz Albero,B. Arranz Albero,0,19.3,1157.0,9.0,3.0,3.0,1.0,5.0,4.0,8.0,0.0,0.0,0.0,2.0,2.0,0.0,2.0,0.0,0.0,0.0,3.0,0.0,2.0,-4.0,56.2,56.2,62.5,0.0,2.0,0.6,0.0,0.0,10.1,5.5,0.0,0.0,0.0,20.0,24.9,
2479685,1,981335,CESUR DISTRITO OLIMPICO,HOME,1811220,S. Francisco Abos,S. Francisco Abos,1,14.7,883.0,0.0,0.0,1.0,0.0,3.0,0.0,4.0,0.0,0.0,0.0,1.0,1.0,5.0,4.0,0.0,0.0,0.0,1.0,1.0,-2.0,8.0,0.0,0.0,75.0,0.0,0.0,0.0,0.0,0.0,6.6,3.6,62.5,0.0,0.0,50.0,26.2,
2479685,1,981335,CESUR DISTRITO OLIMPICO,HOME,2031383,A. Picos Porras,A. Picos Porras,1,29.4,1767.0,13.0,5.0,7.0,0.0,1.0,5.0,8.0,3.0,8.0,5.0,5.0,10.0,2.0,3.0,0.0,0.0,0.0,3.0,8.0,19.0,20.0,56.4,62.5,12.5,100.0,1.4,0.0,1.0,19.4,16.6,17.9,22.2,0.0,0.0,20.7,23.8,
2479685,1,981335,CESUR DISTRITO OLIMPICO,HOME,2160399,C. Campos Alum,C. Campos Alum,0,15.2,909.0,5.0,1.0,2.0,1.0,3.0,2.0,5.0,0.0,0.0,2.0,0.0,2.0,0.0,0.0,0.0,0.0,1.0,2.0,1.0,3.0,-7.0,50.0,50.0,60.0,0.0,1.0,1.0,0.0,15.0,0.0,6.9,0.0,0.0,0.0,0.0,15.8,
2479685,1,981335,CESUR DISTRITO OLIMPICO,HOME,1871488,M. Gomez Hernandez,M. Gomez Hernandez,1,22.8,1365.0,3.0,0.0,0.0,1.0,4.0,1.0,4.0,0.0,0.0,0.0,2.0,2.0,3.0,3.0,0.0,0.0,0.0,2.0,0.0,0.0,12.0,37.5,37.5,100.0,0.0,0.0,0.8,0.0,0.0,8.6,4.6,27.3,0.0,0.0,42.9,14.8,
2479685,1,981335,CESUR DISTRITO OLIMPICO,HOME,2404419,P. Alonso-Basurto Cumplido,P. Alonso-Basurto Cumplido,1,21.9,1312.0,9.0,3.0,6.0,0.0,1.0,3.0,7.0,3.0,4.0,3.0,6.0,9.0,2.0,2.0,0.0,1.0,0.0,2.0,2.0,14.0,10.0,51.4,42.9,14.3,57.1,1.0,0.0,2.0,15.7,26.7,21.6,28.6,0.0,5.2,18.6,23.6,
2479685,1,981335,CESUR DISTRITO OLIMPICO,HOME,2035834,M. Martinez Majan,M. Martinez Majan,0,0.8,46.0,0.0,0.0,0.0,0.0,0.0,0.0,0.0,0.0,0.0,0.0,0.0,0.0,0.0,0.0,0.0,0.0,0.0,2.0,0.0,-2.0,-2.0,0.0,0.0,0.0,0.0,0.0,0.0,0.0,0.0,0.0,0.0,0.0,0.0,0.0,0.0,0.0,
2479685,1,981335,CESUR DISTRITO OLIMPICO,HOME,1832824,C. Leal Flores,C. Leal Flores,0,22.1,1327.0,6.0,0.0,2.0,1.0,1.0,1.0,3.0,3.0,4.0,1.0,5.0,6.0,0.0,1.0,0.0,0.0,1.0,4.0,4.0,8.0,1.0,63.0,50.0,33.3,133.3,0.0,3.0,1.0,5.2,22.1,14.3,0.0,0.0,0.0,17.4,12.5,
2479685,1,981335,CESUR DISTRITO OLIMPICO,HOME,1562695,A. González Ramírez,A. González Ramírez,1,24.4,1462.0,4.0,1.0,3.0,0.0,2.0,1.0,5.0,2.0,4.0,0.0,3.0,3.0,2.0,0.0,2.0,0.0,0.0,2.0,2.0,5.0,16.0,29.6,20.0,40.0,80.0,0.7,0.0,2.0,0.0,12.0,6.5,18.2,4.8,0.0,0.0,13.3,
2479685,1,981335,CESUR DISTRITO OLIMPICO,HOME,2160293,V. Lopez Riaño,V. Lopez Riaño,0,19.7,1183.0,7.0,3.0,10.0,0.0,0.0,3.0,10.0,1.0,3.0,0.0,6.0,6.0,0.0,1.0,3.0,0.0,1.0,3.0,3.0,6.0,0.0,30.9,30.0,0.0,30.0,0.6,0.0,1.0,0.0,29.7,16.0,0.0,8.9,0.0,8.1,30.1,
2479685,1,981335,CESUR DISTRITO OLIMPICO,HOME,1677519,R. Flores Aguado,R. Flores Aguado,0,9.8,589.0,0.0,0.0,1.0,0.0,2.0,0.0,3.0,0.0,0.0,0.0,0.0,0.0,0.0,0.0,0.0,0.0,0.0,1.0,0.0,-4.0,-14.0,0.0,0.0,66.7,0.0,0.0,0.0,0.0,0.0,0.0,0.0,0.0,0.0,0.0,0.0,14.7,
2479685,1,979775,BASKET ALMEDA,AWAY,2104880,M. Llodra Jaen,M. Llodra Jaen,0,2.2,134.0,0.0,0.0,0.0,0.0,0.0,0.0,0.0,0.0,0.0,0.0,0.0,0.0,0.0,0.0,0.0,0.0,0.0,0.0,0.0,0.0,-2.0,0.0,0.0,0.0,0.0,0.0,0.0,0.0,0.0,0.0,0.0,0.0,0.0,0.0,0.0,0.0,
2479685,1,979775,BASKET ALMEDA,AWAY,1929994,M. Garcia Menéndez,M. Garcia Menéndez,0,19.4,1166.0,5.0,2.0,3.0,0.0,2.0,2.0,5.0,1.0,2.0,2.0,0.0,2.0,0.0,1.0,1.0,0.0,0.0,3.0,2.0,2.0,6.0,42.5,40.0,40.0,40.0,1.3,0.0,1.0,10.1,0.0,5.4,0.0,2.9,0.0,14.5,17.8,
2479685,1,979775,BASKET ALMEDA,AWAY,1912154,C. Balibrea Oliveras,C. Balibrea Oliveras,0,6.0,360.0,0.0,0.0,1.0,0.0,1.0,0.0,2.0,0.0,0.0,0.0,0.0,0.0,0.0,1.0,2.0,0.0,0.0,4.0,1.0,-4.0,-10.0,0.0,0.0,50.0,0.0,0.0,0.0,0.0,0.0,0.0,0.0,0.0,18.5,0.0,33.3,25.1,
2479685,1,979775,BASKET ALMEDA,AWAY,1893303,L. Tierno Martí,L. Tierno Martí,1,26.3,1576.0,2.0,0.0,5.0,0.0,1.0,0.0,6.0,2.0,2.0,2.0,2.0,4.0,3.0,1.0,0.0,0.0,1.0,0.0,2.0,4.0,-9.0,14.5,0.0,16.7,33.3,0.0,0.0,1.0,7.4,8.7,8.0,25.2,0.0,0.0,12.7,15.0,
2479685,1,979775,BASKET ALMEDA,AWAY,1737538,C. Pujol Martinez,C. Pujol Martinez,1,30.2,1812.0,4.0,2.0,5.0,0.0,6.0,2.0,11.0,0.0,1.0,1.0,2.0,3.0,4.0,1.0,0.0,1.0,0.0,1.0,1.0,1.0,-20.0,17.5,18.2,54.5,9.1,0.8,0.0,1.0,3.2,7.6,5.2,34.5,0.0,3.8,8.0,20.7,
2479685,1,979775,BASKET ALMEDA,AWAY,2157230,L. Jove Fuste,L. Jove Fuste,0,15.5,932.0,2.0,0.0,0.0,0.0,1.0,0.0,1.0,2.0,2.0,0.0,1.0,1.0,1.0,3.0,0.0,0.0,0.0,3.0,1.0,-2.0,-3.0,53.2,0.0,100.0,200.0,0.0,0.0,2.0,0.0,7.4,3.4,14.7,0.0,0.0,61.5,15.8,
2479685,1,979775,BASKET ALMEDA,AWAY,1923707,C. Diaz-Guerra Prats,C. Diaz-Guerra Prats,1,29.7,1780.0,15.0,5.0,7.0,0.0,1.0,5.0,8.0,5.0,8.0,1.0,6.0,7.0,1.0,2.0,2.0,1.0,0.0,0.0,8.0,26.0,-1.0,65.1,62.5,12.5,100.0,1.4,0.0,1.0,3.3,23.1,12.4,14.5,3.7,3.8,14.8,22.8,
2479685,1,979775,BASKET ALMEDA,AWAY,2053836,C. Moreno Mengibar,C. Moreno Mengibar,1,23.7,1422.0,3.0,1.0,4.0,0.0,1.0,1.0,5.0,1.0,8.0,4.0,1.0,5.0,0.0,2.0,1.0,0.0,0.0,2.0,5.0,-1.0,-7.0,17.6,20.0,20.0,160.0,0.5,0.0,1.6,16.5,4.8,11.1,0.0,2.3,0.0,19.0,22.3,
2479685,1,979775,BASKET ALMEDA,AWAY,2054903,A. Cojocariu,A. Cojocariu,1,21.7,1300.0,15.0,4.0,5.0,2.0,5.0,6.0,10.0,1.0,4.0,0.0,5.0,5.0,0.0,1.0,1.0,0.0,0.0,5.0,4.0,12.0,-7.0,63.8,70.0,50.0,40.0,1.6,1.2,1.0,0.0,26.3,12.1,0.0,2.6,0.0,7.8,29.5,
2479685,1,979775,BASKET ALMEDA,AWAY,2147731,D. Peris Fons,D. Peris Fons,0,10.3,618.0,2.0,1.0,2.0,0.0,0.0,1.0,2.0,0.0,0.0,0.0,4.0,4.0,1.0,0.0,0.0,1.0,0.0,1.0,0.0,6.0,9.0,50.0,50.0,0.0,0.0,1.0,0.0,0.0,0.0,44.4,20.4,24.4,0.0,11.1,0.0,9.7,
2479685,1,979775,BASKET ALMEDA,AWAY,2440587,M. Coll-Vinent Olle,M. Coll-Vinent Olle,0,15.0,900.0,0.0,0.0,3.0,0.0,1.0,0.0,4.0,0.0,2.0,1.0,3.0,4.0,0.0,1.0,2.0,0.0,0.0,2.0,1.0,-2.0,4.0,0.0,0.0,25.0,50.0,0.0,0.0,2.0,6.5,22.9,14.0,0.0,7.4,0.0,17.0,19.7,
2479686,1,981286,ESCO GRUPO FEMENINO ALCORCON,HOME,2822981,C. Ribeiro Dos Santos Bernardeco,C. Ribeiro Dos Santos Bernardeco,1,33.5,2010.0,3.0,1.0,7.0,0.0,5.0,1.0,12.0,1.0,2.0,2.0,5.0,7.0,0.0,0.0,2.0,0.0,0.0,4.0,3.0,-1.0,6.0,11.6,8.3,41.7,16.7,0.3,0.0,0.7,5.6,15.3,10.2,0.0,3.1,0.0,0.0,15.9,
2479686,1,981286,ESCO GRUPO FEMENINO ALCORCON,HOME,2095287,G. Escorial Ferrero,G. Escorial Ferrero,0,11.6,698.0,2.0,1.0,3.0,0.0,0.0,1.0,3.0,0.0,0.0,2.0,5.0,7.0,1.0,1.0,0.0,3.0,0.0,3.0,1.0,8.0,-6.0,33.3,33.3,0.0,0.0,0.7,0.0,0.0,16.0,44.2,29.4,16.9,0.0,24.6,25.0,14.3,
2479686,1,981286,ESCO GRUPO FEMENINO ALCORCON,HOME,2162538,C. Del Amo Sevillano,C. Del Amo Sevillano,1,27.5,1651.0,7.0,2.0,5.0,0.0,1.0,2.0,6.0,3.0,5.0,1.0,5.0,6.0,0.0,0.0,3.0,0.0,1.0,0.0,4.0,14.0,9.0,42.7,33.3,16.7,83.3,0.8,0.0,1.2,3.4,18.6,10.6,0.0,5.7,0.0,0.0,12.4,
2479686,1,981286,ESCO GRUPO FEMENINO ALCORCON,HOME,2182200,L. Bernardo Perez,L. Bernardo Perez,0,8.2,490.0,0.0,0.0,2.0,0.0,0.0,0.0,2.0,0.0,0.0,0.0,0.0,0.0,1.0,0.0,0.0,0.0,0.0,0.0,0.0,-1.0,-3.0,0.0,0.0,0.0,0.0,0.0,0.0,0.0,0.0,0.0,0.0,21.7,0.0,0.0,0.0,10.1,
2479686,1,981286,ESCO GRUPO FEMENINO ALCORCON,HOME,1535457,M. Aranda Fraile,M. Aranda Fraile,1,30.4,1823.0,4.0,1.0,3.0,0.0,5.0,1.0,8.0,2.0,4.0,0.0,3.0,3.0,2.0,4.0,1.0,1.0,0.0,2.0,3.0,-1.0,18.0,20.5,12.5,62.5,50.0,0.7,0.0,1.3,0.0,10.1,4.8,11.5,1.7,3.1,29.1,18.8,
2479686,1,981286,ESCO GRUPO FEMENINO ALCORCON,HOME,2822982,Y. Sifaoui Bucero,Y. Sifaoui Bucero,1,15.2,909.0,10.0,5.0,10.0,0.0,0.0,5.0,10.0,0.0,1.0,1.0,3.0,4.0,0.0,2.0,0.0,0.0,0.0,4.0,1.0,3.0,1.0,47.9,50.0,0.0,10.0,1.0,0.0,1.0,6.1,20.2,12.8,0.0,0.0,0.0,16.1,33.9,
2479686,1,981286,ESCO GRUPO FEMENINO ALCORCON,HOME,2819126,L. Vulovic,L. Vulovic,0,7.2,432.0,3.0,1.0,1.0,0.0,0.0,1.0,1.0,1.0,3.0,1.0,1.0,2.0,0.0,0.0,0.0,0.0,0.0,0.0,2.0,5.0,-1.0,64.7,100.0,0.0,300.0,2.0,0.0,1.5,12.9,14.2,13.6,0.0,0.0,0.0,0.0,13.4,
2479686,1,981286,ESCO GRUPO FEMENINO ALCORCON,HOME,2128123,N. Ipo Seriche-Dougan,N. Ipo Seriche-Dougan,1,33.4,2006.0,16.0,5.0,10.0,1.0,3.0,6.0,13.0,3.0,8.0,4.0,5.0,9.0,4.0,4.0,2.0,1.0,0.0,2.0,7.0,21.0,13.0,48.4,50.0,23.1,61.5,1.0,1.0,1.1,11.1,15.4,13.1,32.3,3.1,2.9,19.5,25.5,
2479686,1,981286,ESCO GRUPO FEMENINO ALCORCON,HOME,2164976,A. Martínez Mora,A. Martínez Mora,0,5.3,318.0,0.0,0.0,0.0,0.0,1.0,0.0,1.0,0.0,0.0,0.0,0.0,0.0,0.0,1.0,1.0,0.0,0.0,3.0,0.0,-4.0,-1.0,0.0,0.0,100.0,0.0,0.0,0.0,0.0,0.0,0.0,0.0,0.0,9.8,0.0,50.0,15.7,
2479686,1,981286,ESCO GRUPO FEMENINO ALCORCON,HOME,1869823,D. Miliauskaite,D. Miliauskaite,0,21.4,1285.0,13.0,5.0,11.0,0.0,2.0,5.0,13.0,3.0,3.0,3.0,2.0,5.0,0.0,0.0,0.0,0.0,0.0,0.0,4.0,14.0,14.0,45.4,38.5,15.4,23.1,0.9,0.0,0.8,13.0,9.6,11.4,0.0,0.0,0.0,0.0,27.8,
2479686,1,981286,ESCO GRUPO FEMENINO ALCORCON,HOME,2176383,I. Camiña Rodriguez,I. Camiña Rodriguez,0,6.3,378.0,3.0,0.0,0.0,1.0,4.0,1.0,4.0,0.0,0.0,0.0,0.0,0.0,0.0,0.0,0.0,0.0,0.0,0.0,0.0,0.0,-5.0,37.5,37.5,100.0,0.0,0.0,0.8,0.0,0.0,0.0,0.0,0.0,0.0,0.0,0.0,26.3,
2479686,1,981167,SEGLE XXI,AWAY,2357207,Z. Ajisebutu Casas,Z. Ajisebutu Casas,0,9.3,559.0,0.0,0.0,1.0,0.0,0.0,0.0,1.0,0.0,0.0,1.0,0.0,1.0,1.0,1.0,1.0,0.0,0.0,2.0,0.0,-1.0,4.0,0.0,0.0,0.0,0.0,0.0,0.0,0.0,11.0,0.0,5.2,26.3,5.2,0.0,50.0,9.9,
2479686,1,981167,SEGLE XXI,AWAY,2153172,M. Cintas Diaz,M. Cintas Diaz,1,25.7,1542.0,7.0,2.0,4.0,0.0,1.0,2.0,5.0,3.0,5.0,1.0,1.0,2.0,1.0,4.0,2.0,0.0,0.0,3.0,5.0,5.0,-13.0,48.6,40.0,20.0,100.0,1.0,0.0,1.0,4.0,3.6,3.8,10.6,3.8,0.0,35.7,20.1,
2479686,1,981167,SEGLE XXI,AWAY,2289362,D. Garcia Dominguez,D. Garcia Dominguez,0,18.6,1113.0,5.0,0.0,2.0,1.0,2.0,1.0,4.0,2.0,2.0,0.0,2.0,2.0,1.0,1.0,0.0,0.0,0.0,0.0,2.0,6.0,-7.0,51.2,37.5,50.0,50.0,0.0,1.5,1.0,0.0,10.0,5.2,11.8,0.0,0.0,17.0,14.5,
2479686,1,981167,SEGLE XXI,AWAY,2448425,N. Cordón Elizarán,N. Cordón Elizarán,0,1.2,71.0,0.0,0.0,0.0,0.0,0.0,0.0,0.0,0.0,0.0,0.0,0.0,0.0,0.0,0.0,0.0,0.0,0.0,0.0,0.0,0.0,1.0,0.0,0.0,0.0,0.0,0.0,0.0,0.0,0.0,0.0,0.0,0.0,0.0,0.0,0.0,0.0,
2479686,1,981167,SEGLE XXI,AWAY,2528757,I. Garcia Fernandez,I. Garcia Fernandez,1,22.4,1347.0,10.0,4.0,8.0,0.0,1.0,4.0,9.0,2.0,5.0,2.0,7.0,9.0,4.0,2.0,0.0,0.0,1.0,3.0,5.0,15.0,0.0,44.6,44.4,11.1,55.6,1.0,0.0,1.0,9.2,29.1,19.6,54.1,0.0,0.0,15.2,27.1,
2479686,1,981167,SEGLE XXI,AWAY,2244483,S. Nde Akawung,S. Nde Akawung,1,24.1,1445.0,0.0,0.0,4.0,0.0,3.0,0.0,7.0,0.0,0.0,0.0,3.0,3.0,2.0,2.0,1.0,0.0,1.0,5.0,0.0,-8.0,-5.0,0.0,0.0,42.9,0.0,0.0,0.0,0.0,0.0,11.6,6.1,17.5,2.0,0.0,22.2,17.2,
2479686,1,981167,SEGLE XXI,AWAY,2196865,M. Carbó Medina,M. Carbó Medina,0,12.5,752.0,5.0,1.0,1.0,1.0,3.0,2.0,4.0,0.0,2.0,0.0,2.0,2.0,0.0,2.0,0.0,0.0,0.0,3.0,1.0,-1.0,5.0,51.2,62.5,75.0,50.0,2.0,1.0,2.0,0.0,14.9,7.8,0.0,0.0,0.0,29.1,25.3,
2479686,1,981167,SEGLE XXI,AWAY,2639399,S. Okafor Ofoegbu,S. Okafor Ofoegbu,1,28.4,1706.0,8.0,1.0,8.0,2.0,4.0,3.0,12.0,0.0,0.0,0.0,3.0,3.0,3.0,1.0,1.0,0.0,2.0,1.0,1.0,5.0,-11.0,33.3,33.3,33.3,0.0,0.2,1.5,0.0,0.0,9.8,5.2,29.1,1.7,0.0,7.7,21.1,
2479686,1,981167,SEGLE XXI,AWAY,2454402,S. Fernandez De Cuevas Martinez,S. Fernandez De Cuevas Martinez,1,24.3,1459.0,4.0,2.0,5.0,0.0,2.0,2.0,7.0,0.0,0.0,0.0,4.0,4.0,0.0,2.0,0.0,0.0,1.0,1.0,2.0,2.0,-5.0,28.6,28.6,28.6,0.0,0.8,0.0,0.0,0.0,15.3,8.0,0.0,0.0,0.0,22.2,17.0,
2479686,1,981167,SEGLE XXI,AWAY,2229661,B. Asensio Senosiáin,B. Asensio Senosiáin,0,19.3,1157.0,4.0,0.0,4.0,1.0,4.0,1.0,8.0,1.0,2.0,4.0,5.0,9.0,0.0,2.0,0.0,1.0,0.0,2.0,1.0,3.0,-4.0,22.5,18.8,50.0,25.0,0.0,0.8,2.0,21.3,24.1,22.7,0.0,0.0,4.0,18.4,25.9,
2479686,1,981167,SEGLE XXI,AWAY,2461439,A. Smykovskaia,A. Smykovskaia,0,14.2,849.0,9.0,4.0,5.0,0.0,0.0,4.0,5.0,1.0,2.0,2.0,2.0,4.0,0.0,0.0,0.0,0.0,0.0,5.0,1.0,7.0,-10.0,76.5,80.0,0.0,40.0,1.6,0.0,2.0,14.4,13.1,13.7,0.0,0.0,0.0,0.0,19.1,
2479687,1,980023,GEIEG PACISA,HOME,1949920,J. Pairo Urtos,J. Pairo Urtos,1,20.9,1257.0,4.0,0.0,2.0,1.0,4.0,1.0,6.0,1.0,2.0,2.0,2.0,4.0,3.0,1.0,0.0,0.0,0.0,1.0,3.0,6.0,19.0,29.1,25.0,66.7,33.3,0.0,0.8,0.7,10.6,11.6,11.1,23.1,0.0,0.0,12.7,17.2,
2479687,1,980023,GEIEG PACISA,HOME,1917788,M. Carbo Cachinero,M. Carbo Cachinero,0,19.1,1143.0,4.0,0.0,3.0,0.0,4.0,0.0,7.0,4.0,4.0,0.0,1.0,1.0,0.0,2.0,0.0,0.0,0.0,2.0,2.0,-4.0,11.0,22.8,0.0,57.1,57.1,0.0,0.0,2.0,0.0,6.3,3.0,0.0,0.0,0.0,18.6,25.7,
2479687,1,980023,GEIEG PACISA,HOME,1944150,M. Melero Bravo,M. Melero Bravo,1,21.9,1316.0,13.0,6.0,7.0,0.0,1.0,6.0,8.0,1.0,2.0,0.0,1.0,1.0,4.0,3.0,1.0,0.0,0.0,4.0,1.0,10.0,18.0,73.2,75.0,12.5,25.0,1.7,0.0,2.0,0.0,5.5,2.6,50.0,2.4,0.0,25.3,24.7,
2479687,1,980023,GEIEG PACISA,HOME,1748049,N. Bagaria Rovira,N. Bagaria Rovira,0,18.1,1084.0,6.0,0.0,1.0,2.0,4.0,2.0,5.0,0.0,0.0,0.0,0.0,0.0,1.0,0.0,2.0,0.0,0.0,1.0,1.0,6.0,12.0,60.0,60.0,80.0,0.0,0.0,1.5,0.0,0.0,0.0,0.0,8.3,5.7,0.0,0.0,12.6,
2479687,1,980023,GEIEG PACISA,HOME,1667386,C. Morente Lopez,C. Morente Lopez,0,24.4,1461.0,4.0,2.0,4.0,0.0,3.0,2.0,7.0,0.0,1.0,0.0,1.0,1.0,1.0,3.0,2.0,0.0,0.0,3.0,5.0,1.0,17.0,26.9,28.6,42.9,14.3,1.0,0.0,0.2,0.0,5.0,2.4,6.8,4.3,0.0,28.7,19.5,
2479687,1,980023,GEIEG PACISA,HOME,1968963,A. Talasimov,A. Talasimov,1,25.7,1542.0,5.0,1.0,4.0,1.0,3.0,2.0,7.0,0.0,0.0,2.0,4.0,6.0,1.0,0.0,2.0,0.0,0.0,1.0,4.0,12.0,20.0,35.7,35.7,42.9,0.0,0.5,1.0,0.0,8.6,18.9,13.5,6.8,4.0,0.0,0.0,12.4,
2479687,1,980023,GEIEG PACISA,HOME,1567998,V. Gonzalez Olaizola,V. Gonzalez Olaizola,0,27.1,1628.0,13.0,4.0,6.0,0.0,0.0,4.0,6.0,5.0,6.0,1.0,8.0,9.0,1.0,2.0,3.0,0.0,0.0,3.0,5.0,23.0,25.0,75.2,66.7,0.0,100.0,1.3,0.0,1.2,4.1,35.8,19.3,6.4,5.8,0.0,18.8,17.9,
2479687,1,980023,GEIEG PACISA,HOME,1666109,A. Coma Perpiña,A. Coma Perpiña,1,15.7,939.0,9.0,2.0,5.0,1.0,2.0,3.0,7.0,2.0,2.0,2.0,1.0,3.0,0.0,0.0,1.0,0.0,0.0,2.0,1.0,8.0,13.0,57.1,50.0,28.6,28.6,0.8,1.5,2.0,14.2,7.7,11.1,0.0,3.3,0.0,0.0,22.9,
2479687,1,980023,GEIEG PACISA,HOME,1926754,J. Fernandez Pinsach,J. Fernandez Pinsach,1,19.7,1180.0,16.0,7.0,12.0,0.0,0.0,7.0,12.0,2.0,2.0,4.0,4.0,8.0,1.0,0.0,2.0,2.0,0.0,1.0,1.0,24.0,15.0,62.1,58.3,0.0,16.7,1.2,0.0,2.0,22.6,24.6,23.5,14.3,5.3,11.6,0.0,29.8,
2479687,1,980023,GEIEG PACISA,HOME,2191036,R. Calvet Sandez,R. Calvet Sandez,0,7.5,450.0,3.0,1.0,1.0,0.0,2.0,1.0,3.0,1.0,1.0,0.0,2.0,2.0,0.0,0.0,0.0,0.0,0.0,1.0,1.0,3.0,0.0,43.6,33.3,66.7,33.3,2.0,0.0,1.0,0.0,32.3,15.5,0.0,0.0,0.0,0.0,20.9,
2479687,1,982048,EL PLANTEL GMASB,AWAY,2819272,D. Ryzinska,D. Ryzinska,1,27.0,1618.0,3.0,1.0,6.0,0.0,1.0,1.0,7.0,1.0,4.0,2.0,1.0,3.0,0.0,2.0,0.0,0.0,1.0,4.0,2.0,-7.0,-23.0,17.1,14.3,14.3,57.1,0.3,0.0,2.0,9.0,4.1,6.4,0.0,0.0,0.0,18.6,18.6,
2479687,1,982048,EL PLANTEL GMASB,AWAY,2664237,C. Rojas Cepero,C. Rojas Cepero,0,5.9,353.0,1.0,0.0,3.0,0.0,1.0,0.0,4.0,1.0,2.0,2.0,2.0,4.0,1.0,2.0,0.0,0.0,0.0,2.0,1.0,-2.0,-7.0,10.2,0.0,25.0,50.0,0.0,0.0,2.0,41.1,37.7,39.3,58.8,0.0,0.0,29.1,54.3,
2479687,1,982048,EL PLANTEL GMASB,AWAY,2124275,C. Villanueva Lazaro,C. Villanueva Lazaro,0,19.8,1185.0,4.0,1.0,3.0,0.0,2.0,1.0,5.0,2.0,2.0,2.0,6.0,8.0,1.0,6.0,0.0,0.0,0.0,5.0,3.0,1.0,-9.0,34.0,20.0,40.0,40.0,0.7,0.0,0.7,12.2,33.7,23.4,13.3,0.0,0.0,50.5,27.9,
2479687,1,982048,EL PLANTEL GMASB,AWAY,1974272,R. Revueltas Pareja,R. Revueltas Pareja,1,30.4,1823.0,9.0,4.0,7.0,0.0,6.0,4.0,13.0,1.0,2.0,0.0,4.0,4.0,2.0,1.0,1.0,0.0,0.0,4.0,3.0,4.0,-31.0,32.4,30.8,46.2,15.4,1.1,0.0,0.7,0.0,14.6,7.6,20.8,1.7,0.0,6.7,22.8,
2479687,1,982048,EL PLANTEL GMASB,AWAY,2819274,O. Schlegl,O. Schlegl,0,20.6,1235.0,7.0,2.0,3.0,1.0,5.0,3.0,8.0,0.0,0.0,1.0,0.0,1.0,0.0,2.0,2.0,0.0,0.0,1.0,2.0,4.0,-10.0,43.8,43.8,62.5,0.0,1.3,0.6,0.0,5.9,0.0,2.8,0.0,5.1,0.0,20.0,22.6,
2479687,1,982048,EL PLANTEL GMASB,AWAY,2232865,M. Sanchez Valenzuela,M. Sanchez Valenzuela,1,30.9,1851.0,7.0,2.0,2.0,1.0,2.0,3.0,4.0,0.0,0.0,1.0,2.0,3.0,1.0,3.0,3.0,0.0,0.0,2.0,0.0,8.0,-21.0,87.5,87.5,50.0,0.0,2.0,1.5,0.0,3.9,7.2,5.6,9.4,5.1,0.0,42.9,10.5,
2479687,1,982048,EL PLANTEL GMASB,AWAY,1111828,L. Fernandez Fiel,L. Fernandez Fiel,1,28.5,1712.0,10.0,1.0,5.0,2.0,4.0,3.0,9.0,2.0,2.0,0.0,5.0,5.0,0.0,1.0,0.0,0.0,0.0,0.0,5.0,13.0,-18.0,50.6,44.4,44.4,22.2,0.4,1.5,0.4,0.0,19.5,10.2,0.0,0.0,0.0,9.2,17.8,
2479687,1,982048,EL PLANTEL GMASB,AWAY,2112760,M. Diaz Torres,M. Diaz Torres,0,7.0,421.0,0.0,0.0,0.0,0.0,0.0,0.0,0.0,0.0,0.0,0.0,0.0,0.0,0.0,1.0,0.0,0.0,0.0,4.0,0.0,-5.0,-6.0,0.0,0.0,0.0,0.0,0.0,0.0,0.0,0.0,0.0,0.0,0.0,0.0,0.0,100.0,6.7,
2479687,1,982048,EL PLANTEL GMASB,AWAY,2202075,M. Garcia Garrido,M. Garcia Garrido,1,14.5,868.0,1.0,0.0,2.0,0.0,3.0,0.0,5.0,1.0,2.0,0.0,2.0,2.0,1.0,1.0,0.0,0.0,1.0,1.0,1.0,-3.0,-18.0,8.5,0.0,60.0,40.0,0.0,0.0,2.0,0.0,15.3,8.0,14.7,0.0,0.0,14.5,22.1,
2479687,1,982048,EL PLANTEL GMASB,AWAY,2364455,T. Sene,T. Sene,0,15.6,934.0,5.0,2.0,4.0,0.0,0.0,2.0,4.0,1.0,4.0,1.0,3.0,4.0,0.0,0.0,1.0,0.0,0.0,1.0,2.0,6.0,-7.0,43.4,50.0,0.0,100.0,1.0,0.0,2.0,7.8,21.4,14.9,0.0,3.3,0.0,0.0,17.2,
2479688,1,981209,CB CLARET BENIMACLET,HOME,2557107,I. Serrano Alvarez,I. Serrano Alvarez,1,19.2,1153.0,3.0,1.0,4.0,0.0,0.0,1.0,4.0,1.0,3.0,0.0,2.0,2.0,1.0,2.0,0.0,0.0,0.0,1.0,4.0,2.0,9.0,28.2,25.0,0.0,75.0,0.5,0.0,0.8,0.0,11.9,5.9,8.7,0.0,0.0,27.3,16.5,
2479688,1,981209,CB CLARET BENIMACLET,HOME,1886112,S. Afonso Gonzalez,S. Afonso Gonzalez,1,29.1,1743.0,14.0,0.0,2.0,4.0,9.0,4.0,11.0,2.0,4.0,0.0,4.0,4.0,2.0,2.0,0.0,0.0,0.0,0.0,2.0,11.0,7.0,54.9,54.5,81.8,36.4,0.0,1.3,2.0,0.0,15.7,7.7,14.8,0.0,0.0,13.6,21.9,
2479688,1,981209,CB CLARET BENIMACLET,HOME,2209715,J. Sarrio Asensio,J. Sarrio Asensio,0,10.9,657.0,4.0,2.0,4.0,0.0,0.0,2.0,4.0,0.0,0.0,1.0,3.0,4.0,0.0,1.0,0.0,0.0,0.0,2.0,0.0,3.0,7.0,50.0,50.0,0.0,0.0,1.0,0.0,0.0,10.2,31.5,20.7,0.0,0.0,0.0,20.0,19.8,
2479688,1,981209,CB CLARET BENIMACLET,HOME,1853228,J. Rochina Troncoso,J. Rochina Troncoso,0,21.1,1264.0,8.0,2.0,3.0,0.0,2.0,2.0,5.0,4.0,5.0,3.0,1.0,4.0,2.0,3.0,4.0,0.0,1.0,3.0,3.0,11.0,7.0,55.6,40.0,40.0,100.0,1.3,0.0,1.7,15.8,5.4,10.7,19.0,10.0,0.0,29.4,20.9,
2479688,1,981209,CB CLARET BENIMACLET,HOME,1840053,P. Garcia Garcia,P. Garcia Garcia,1,15.9,953.0,7.0,1.0,2.0,1.0,2.0,2.0,4.0,2.0,2.0,2.0,3.0,5.0,2.0,1.0,0.0,0.0,0.0,4.0,3.0,10.0,8.0,71.7,62.5,50.0,50.0,1.0,1.5,0.7,14.0,21.6,17.7,25.0,0.0,0.0,17.0,16.0,
2479688,1,981209,CB CLARET BENIMACLET,HOME,2281500,L. Liern Ruiz,L. Liern Ruiz,0,3.0,183.0,0.0,0.0,0.0,0.0,1.0,0.0,1.0,0.0,0.0,0.0,0.0,0.0,0.0,0.0,0.0,0.0,0.0,1.0,0.0,-2.0,-1.0,0.0,0.0,100.0,0.0,0.0,0.0,0.0,0.0,0.0,0.0,0.0,0.0,0.0,0.0,14.4,
2479688,1,981209,CB CLARET BENIMACLET,HOME,1767443,M. Cuellar Bayarri,M. Cuellar Bayarri,0,20.8,1247.0,11.0,3.0,8.0,0.0,0.0,3.0,8.0,5.0,6.0,3.0,4.0,7.0,0.0,2.0,0.0,1.0,1.0,2.0,3.0,12.0,5.0,51.7,37.5,0.0,75.0,0.8,0.0,2.0,16.0,22.0,19.0,0.0,0.0,5.1,15.8,26.3,
2479688,1,981209,CB CLARET BENIMACLET,HOME,1506842,E. Cases Rey,E. Cases Rey,1,29.2,1755.0,22.0,3.0,6.0,4.0,8.0,7.0,14.0,4.0,4.0,0.0,8.0,8.0,0.0,2.0,2.0,1.0,1.0,1.0,8.0,31.0,11.0,69.8,64.3,57.1,28.6,1.0,1.5,0.5,0.0,31.3,15.4,0.0,3.6,3.6,11.3,26.3,
2479688,1,981209,CB CLARET BENIMACLET,HOME,1681307,E. Iranzo Gutierrez,E. Iranzo Gutierrez,0,11.7,702.0,4.0,0.0,0.0,1.0,3.0,1.0,3.0,1.0,2.0,2.0,0.0,2.0,0.0,1.0,0.0,0.0,0.0,1.0,1.0,2.0,3.0,51.5,50.0,100.0,66.7,0.0,1.0,2.0,19.0,0.0,9.6,0.0,0.0,0.0,20.5,18.0,
2479688,1,981209,CB CLARET BENIMACLET,HOME,1994256,T. Toledo Navarro,T. Toledo Navarro,0,15.7,941.0,3.0,0.0,0.0,1.0,1.0,1.0,1.0,0.0,0.0,2.0,3.0,5.0,4.0,2.0,1.0,0.0,0.0,2.0,1.0,10.0,12.0,150.0,150.0,100.0,0.0,0.0,3.0,0.0,14.2,21.8,17.9,44.4,3.4,0.0,66.7,8.3,
2479688,1,981209,CB CLARET BENIMACLET,HOME,1749591,I. Garrido Perez,I. Garrido Perez,1,23.4,1402.0,4.0,2.0,4.0,0.0,4.0,2.0,8.0,0.0,0.0,3.0,2.0,5.0,2.0,2.0,1.0,0.0,0.0,2.0,0.0,2.0,2.0,25.0,25.0,50.0,0.0,1.0,0.0,0.0,14.2,9.8,12.0,15.4,2.2,0.0,20.0,18.5,
2479688,1,981304,DISHELEC 65 VILADECANS,AWAY,1398200,J. Turrion Aranda,J. Turrion Aranda,1,29.9,1795.0,14.0,0.0,2.0,3.0,8.0,3.0,10.0,5.0,6.0,1.0,5.0,6.0,3.0,0.0,2.0,0.0,0.0,3.0,5.0,19.0,-1.0,55.4,45.0,80.0,60.0,0.0,1.1,1.2,3.8,18.6,11.3,20.7,3.5,0.0,0.0,20.9,
2479688,1,981304,DISHELEC 65 VILADECANS,AWAY,1727776,P. Curto Garcia,P. Curto Garcia,1,29.9,1796.0,17.0,3.0,7.0,3.0,4.0,6.0,11.0,2.0,2.0,1.0,1.0,2.0,1.0,1.0,1.0,0.0,1.0,1.0,2.0,16.0,-11.0,71.5,68.2,36.4,18.2,0.9,2.2,1.0,3.8,3.7,3.8,8.7,1.8,0.0,7.8,21.3,
2479688,1,981304,DISHELEC 65 VILADECANS,AWAY,2056456,N. Soler Ramos,N. Soler Ramos,0,14.3,861.0,5.0,1.0,2.0,1.0,3.0,2.0,5.0,0.0,0.0,0.0,4.0,4.0,0.0,0.0,1.0,0.0,0.0,2.0,0.0,5.0,-15.0,50.0,50.0,60.0,0.0,1.0,1.0,0.0,0.0,31.1,15.8,0.0,3.7,0.0,0.0,17.3,
2479688,1,981304,DISHELEC 65 VILADECANS,AWAY,2322360,A. Torne Labarta,A. Torne Labarta,1,15.3,921.0,5.0,2.0,4.0,0.0,0.0,2.0,4.0,1.0,4.0,1.0,2.0,3.0,2.0,2.0,0.0,3.0,0.0,2.0,4.0,8.0,3.0,43.4,50.0,0.0,100.0,1.0,0.0,1.0,7.5,14.5,11.0,25.0,0.0,23.8,25.8,25.0,
2479688,1,981304,DISHELEC 65 VILADECANS,AWAY,2050407,L. Sanchez Garcia,L. Sanchez Garcia,0,17.1,1025.0,14.0,7.0,7.0,0.0,2.0,7.0,9.0,0.0,1.0,1.0,1.0,2.0,0.0,2.0,0.0,0.0,0.0,5.0,1.0,7.0,-14.0,74.2,77.8,22.2,11.1,2.0,0.0,1.0,6.7,6.5,6.6,0.0,0.0,0.0,17.5,33.0,
2479688,1,981304,DISHELEC 65 VILADECANS,AWAY,1956668,M. Ribera Sanuy,M. Ribera Sanuy,0,19.7,1182.0,2.0,1.0,3.0,0.0,0.0,1.0,3.0,0.0,0.0,0.0,1.0,1.0,0.0,2.0,2.0,0.0,0.0,2.0,1.0,0.0,-7.0,33.3,33.3,0.0,0.0,0.7,0.0,0.0,0.0,5.6,2.9,0.0,5.3,0.0,40.0,12.5,
2479688,1,981304,DISHELEC 65 VILADECANS,AWAY,1663009,Q. Ubia Llunell,Q. Ubia Llunell,1,21.9,1315.0,2.0,1.0,2.0,0.0,2.0,1.0,4.0,0.0,0.0,0.0,2.0,2.0,0.0,1.0,2.0,0.0,0.0,4.0,1.0,-1.0,-14.0,25.0,25.0,50.0,0.0,1.0,0.0,0.0,0.0,10.1,5.1,0.0,4.8,0.0,20.0,11.3,
2479688,1,981304,DISHELEC 65 VILADECANS,AWAY,2146979,N. Sanchez Marques,N. Sanchez Marques,0,16.9,1016.0,3.0,1.0,2.0,0.0,1.0,1.0,3.0,1.0,3.0,0.0,1.0,1.0,3.0,2.0,0.0,0.0,0.0,2.0,3.0,2.0,-3.0,34.7,33.3,33.3,100.0,1.0,0.0,1.0,0.0,6.6,3.3,33.3,0.0,0.0,31.6,18.5,
2479688,1,981304,DISHELEC 65 VILADECANS,AWAY,2082380,J. Torreño Jimenez,J. Torreño Jimenez,0,19.9,1191.0,0.0,0.0,4.0,0.0,3.0,0.0,7.0,0.0,0.0,1.0,1.0,2.0,3.0,0.0,2.0,0.0,1.0,0.0,1.0,1.0,0.0,0.0,0.0,42.9,0.0,0.0,0.0,0.0,5.7,5.6,5.7,24.0,5.3,0.0,0.0,17.4,
2479688,1,981304,DISHELEC 65 VILADECANS,AWAY,1910113,L. Anducas Rodon,L. Anducas Rodon,1,15.0,898.0,4.0,2.0,5.0,0.0,1.0,2.0,6.0,0.0,0.0,0.0,2.0,2.0,4.0,2.0,0.0,0.0,0.0,4.0,1.0,1.0,-8.0,33.3,33.3,16.7,0.0,0.8,0.0,0.0,0.0,14.8,7.5,50.0,0.0,0.0,25.0,26.3,
2479689,1,979778,MAGEC TÍAS LANZAROTE CONTRA LA VIOLENCIA DE GÉNERO,HOME,2178381,E. Lozano Sosa,E. Lozano Sosa,0,3.6,219.0,2.0,0.0,0.0,0.0,0.0,0.0,0.0,2.0,2.0,0.0,0.0,0.0,0.0,1.0,0.0,0.0,0.0,1.0,1.0,1.0,-2.0,113.6,0.0,0.0,0.0,0.0,0.0,2.0,0.0,0.0,0.0,0.0,0.0,0.0,53.2,22.3,
2479689,1,979778,MAGEC TÍAS LANZAROTE CONTRA LA VIOLENCIA DE GÉNERO,HOME,1100445,Y. Garcia Gonzalez,Y. Garcia Gonzalez,1,32.0,1921.0,15.0,4.0,7.0,0.0,0.0,4.0,7.0,7.0,11.0,3.0,4.0,7.0,2.0,5.0,2.0,0.0,0.0,2.0,9.0,21.0,-1.0,63.3,57.1,0.0,157.1,1.1,0.0,1.2,11.4,12.8,12.2,11.4,3.0,0.0,29.7,22.5,
2479689,1,979778,MAGEC TÍAS LANZAROTE CONTRA LA VIOLENCIA DE GÉNERO,HOME,2415445,I. Drake Ruiz-Villar,I. Drake Ruiz-Villar,0,14.6,876.0,0.0,0.0,3.0,0.0,2.0,0.0,5.0,0.0,2.0,3.0,2.0,5.0,2.0,2.0,2.0,0.0,0.0,2.0,2.0,0.0,-14.0,0.0,0.0,40.0,40.0,0.0,0.0,1.0,24.9,14.0,19.0,18.5,6.7,0.0,25.4,23.0,
2479689,1,979778,MAGEC TÍAS LANZAROTE CONTRA LA VIOLENCIA DE GÉNERO,HOME,1995747,S. Hisado Santos,S. Hisado Santos,1,37.4,2242.0,4.0,2.0,2.0,0.0,1.0,2.0,3.0,0.0,0.0,0.0,2.0,2.0,6.0,2.0,2.0,0.0,0.0,4.0,1.0,8.0,-3.0,66.7,66.7,33.3,0.0,2.0,0.0,0.0,0.0,5.5,3.0,26.9,2.6,0.0,40.0,5.7,
2479689,1,979778,MAGEC TÍAS LANZAROTE CONTRA LA VIOLENCIA DE GÉNERO,HOME,1695414,C. Mateo Cañada,C. Mateo Cañada,0,20.8,1245.0,9.0,3.0,9.0,0.0,1.0,3.0,10.0,3.0,4.0,4.0,3.0,7.0,3.0,4.0,1.0,0.0,0.0,5.0,2.0,5.0,4.0,38.3,30.0,10.0,40.0,0.7,0.0,2.0,23.3,14.8,18.7,28.6,2.3,0.0,25.4,32.3,
2479689,1,979778,MAGEC TÍAS LANZAROTE CONTRA LA VIOLENCIA DE GÉNERO,HOME,2824664,B. Snorradottir,B. Snorradottir,1,30.7,1843.0,11.0,2.0,3.0,1.0,2.0,3.0,5.0,4.0,5.0,1.0,6.0,7.0,1.0,2.0,1.0,0.0,0.0,3.0,3.0,15.0,6.0,76.4,70.0,40.0,100.0,1.3,1.5,1.7,3.9,20.0,12.7,5.4,1.6,0.0,21.7,12.8,
2479689,1,979778,MAGEC TÍAS LANZAROTE CONTRA LA VIOLENCIA DE GÉNERO,HOME,2524794,M. Marinho Junqueira,M. Marinho Junqueira,1,31.8,1908.0,14.0,2.0,2.0,3.0,10.0,5.0,12.0,1.0,2.0,0.0,1.0,1.0,5.0,1.0,4.0,1.0,0.0,2.0,2.0,16.0,-3.0,54.3,54.2,83.3,16.7,2.0,0.9,1.0,0.0,3.2,1.7,30.1,6.1,3.8,7.2,18.6,
2479689,1,979778,MAGEC TÍAS LANZAROTE CONTRA LA VIOLENCIA DE GÉNERO,HOME,2379074,N. Zabala Gabilondo,N. Zabala Gabilondo,1,29.1,1746.0,20.0,10.0,12.0,0.0,3.0,10.0,15.0,0.0,3.0,2.0,5.0,7.0,2.0,7.0,5.0,0.0,1.0,4.0,4.0,19.0,-7.0,61.3,66.7,20.0,20.0,1.7,0.0,0.8,8.3,17.6,13.4,22.5,8.3,0.0,30.0,34.2,
2479689,1,981229,SPAR GRAN CANARIA,AWAY,2203305,L. Perez Castro,L. Perez Castro,1,40.0,2400.0,27.0,3.0,6.0,5.0,10.0,8.0,16.0,6.0,12.0,1.0,3.0,4.0,4.0,3.0,3.0,0.0,0.0,2.0,7.0,26.0,4.0,63.4,65.6,62.5,75.0,1.0,1.5,1.7,2.6,9.1,5.6,23.5,3.7,0.0,12.4,24.7,
2479689,1,981229,SPAR GRAN CANARIA,AWAY,2288451,A. Hernandez Martinez,A. Hernandez Martinez,0,25.6,1537.0,15.0,0.0,2.0,5.0,11.0,5.0,13.0,0.0,0.0,1.0,1.0,2.0,2.0,4.0,2.0,0.0,1.0,4.0,1.0,6.0,2.0,57.7,57.7,84.6,0.0,0.0,1.4,0.0,4.0,4.7,4.3,20.0,3.9,0.0,23.5,27.0,
2479689,1,981229,SPAR GRAN CANARIA,AWAY,2233043,A. Deniz Agullo,A. Deniz Agullo,0,5.5,327.0,0.0,0.0,1.0,0.0,0.0,0.0,1.0,0.0,0.0,2.0,0.0,2.0,0.0,1.0,0.0,0.0,0.0,2.0,0.0,-2.0,-8.0,0.0,0.0,0.0,0.0,0.0,0.0,0.0,37.3,0.0,20.2,0.0,0.0,0.0,50.0,14.8,
2479689,1,981229,SPAR GRAN CANARIA,AWAY,2494285,A. Mbengue Sánchez,A. Mbengue Sánchez,1,29.9,1794.0,10.0,4.0,7.0,0.0,0.0,4.0,7.0,2.0,2.0,3.0,3.0,6.0,3.0,2.0,0.0,0.0,0.0,4.0,1.0,11.0,4.0,63.5,57.1,0.0,28.6,1.1,0.0,2.0,10.3,12.2,11.1,22.2,0.0,0.0,20.2,13.4,
2479689,1,981229,SPAR GRAN CANARIA,AWAY,2251955,M. Ocurto Mendes,M. Ocurto Mendes,1,33.8,2027.0,8.0,1.0,5.0,1.0,7.0,2.0,12.0,3.0,4.0,1.0,6.0,7.0,4.0,3.0,1.0,0.0,0.0,4.0,3.0,5.0,4.0,29.1,20.8,58.3,33.3,0.4,0.4,1.3,3.0,21.5,11.5,22.2,1.5,0.0,17.9,20.2,
2479689,1,981229,SPAR GRAN CANARIA,AWAY,1879260,C. Ojeda Bernal,C. Ojeda Bernal,1,30.0,1799.0,9.0,3.0,6.0,0.0,0.0,3.0,6.0,3.0,4.0,1.0,4.0,5.0,1.0,2.0,1.0,0.0,0.0,3.0,3.0,10.0,-3.0,58.0,50.0,0.0,66.7,1.0,0.0,1.3,3.4,16.2,9.3,5.9,1.7,0.0,20.5,13.2,
2479689,1,981229,SPAR GRAN CANARIA,AWAY,2292843,M. Rodríguez Sánchez,M. Rodríguez Sánchez,0,8.9,534.0,1.0,0.0,0.0,0.0,2.0,0.0,2.0,1.0,2.0,1.0,0.0,1.0,0.0,1.0,1.0,0.0,0.0,1.0,1.0,-1.0,5.0,17.4,0.0,100.0,100.0,0.0,0.0,2.0,11.5,0.0,6.2,0.0,5.6,0.0,25.8,17.7,
2479689,1,981229,SPAR GRAN CANARIA,AWAY,2352279,T. Ezeanatogu Ezeonu,T. Ezeanatogu Ezeonu,1,26.4,1582.0,9.0,3.0,6.0,0.0,0.0,3.0,6.0,3.0,4.0,6.0,3.0,9.0,3.0,7.0,4.0,1.0,0.0,4.0,5.0,16.0,12.0,58.0,50.0,0.0,66.7,1.0,0.0,0.8,23.3,13.8,18.9,20.7,7.5,4.0,47.4,22.7,
2479690,2,981229,SPAR GRAN CANARIA,HOME,2203305,L. Perez Castro,L. Perez Castro,1,36.2,2175.0,12.0,3.0,9.0,2.0,3.0,5.0,12.0,0.0,0.0,0.0,2.0,2.0,3.0,1.0,1.0,1.0,0.0,3.0,1.0,9.0,-6.0,50.0,50.0,25.0,0.0,0.7,2.0,0.0,0.0,6.0,2.6,18.1,1.6,5.3,7.7,15.5,
2479690,2,981229,SPAR GRAN CANARIA,HOME,2288451,A. Hernandez Martinez,A. Hernandez Martinez,1,29.9,1793.0,12.0,4.0,7.0,1.0,8.0,5.0,15.0,1.0,2.0,1.0,4.0,5.0,1.0,3.0,1.0,0.0,0.0,2.0,2.0,5.0,-3.0,37.8,36.7,53.3,13.3,1.1,0.4,1.0,2.8,14.5,7.9,8.5,1.9,0.0,15.9,27.2,
2479690,2,981229,SPAR GRAN CANARIA,HOME,2233043,A. Deniz Agullo,A. Deniz Agullo,0,17.0,1022.0,6.0,3.0,4.0,0.0,0.0,3.0,4.0,0.0,0.0,1.0,2.0,3.0,0.0,0.0,0.0,0.0,0.0,5.0,1.0,4.0,-4.0,75.0,75.0,0.0,0.0,1.5,0.0,0.0,4.9,12.7,8.3,0.0,0.0,0.0,0.0,10.1,
2479690,2,981229,SPAR GRAN CANARIA,HOME,2230179,A. Garcia San Blas,A. Garcia San Blas,0,3.8,225.0,0.0,0.0,0.0,0.0,2.0,0.0,2.0,0.0,0.0,0.0,0.0,0.0,0.0,0.0,0.0,0.0,0.0,0.0,0.0,-2.0,-1.0,0.0,0.0,100.0,0.0,0.0,0.0,0.0,0.0,0.0,0.0,0.0,0.0,0.0,0.0,22.6,
2479690,2,981229,SPAR GRAN CANARIA,HOME,2340892,M. Redondo De Santa Ana,M. Redondo De Santa Ana,0,1.9,111.0,0.0,0.0,1.0,0.0,0.0,0.0,1.0,0.0,0.0,0.0,1.0,1.0,0.0,1.0,0.0,0.0,0.0,1.0,0.0,-2.0,-2.0,0.0,0.0,0.0,0.0,0.0,0.0,0.0,0.0,56.9,24.8,0.0,0.0,0.0,50.0,45.3,
2479690,2,981229,SPAR GRAN CANARIA,HOME,2494285,A. Mbengue Sánchez,A. Mbengue Sánchez,1,36.3,2180.0,14.0,7.0,17.0,0.0,0.0,7.0,17.0,0.0,0.0,8.0,4.0,12.0,2.0,2.0,0.0,0.0,0.0,2.0,5.0,19.0,-5.0,41.2,41.2,0.0,0.0,0.8,0.0,0.0,18.4,11.9,15.6,13.7,0.0,0.0,10.5,22.5,
2479690,2,981229,SPAR GRAN CANARIA,HOME,2251955,M. Ocurto Mendes,M. Ocurto Mendes,1,27.7,1661.0,4.0,2.0,6.0,0.0,4.0,2.0,10.0,0.0,2.0,0.0,3.0,3.0,1.0,1.0,5.0,0.0,0.0,1.0,3.0,4.0,-6.0,18.4,20.0,40.0,20.0,0.7,0.0,0.7,0.0,11.7,5.1,6.8,10.5,0.0,8.4,18.5,
2479690,2,981229,SPAR GRAN CANARIA,HOME,2292843,M. Rodríguez Sánchez,M. Rodríguez Sánchez,0,3.5,213.0,0.0,0.0,0.0,0.0,0.0,0.0,0.0,0.0,0.0,0.0,0.0,0.0,0.0,1.0,0.0,0.0,0.0,1.0,0.0,-2.0,1.0,0.0,0.0,0.0,0.0,0.0,0.0,0.0,0.0,0.0,0.0,0.0,0.0,0.0,100.0,12.3,
2479690,2,981229,SPAR GRAN CANARIA,HOME,2343754,O. Boniface Peters,O. Boniface Peters,0,3.7,220.0,0.0,0.0,0.0,0.0,0.0,0.0,0.0,0.0,2.0,0.0,0.0,0.0,0.0,0.0,0.0,0.0,0.0,0.0,1.0,-1.0,-2.0,0.0,0.0,0.0,0.0,0.0,0.0,2.0,0.0,0.0,0.0,0.0,0.0,0.0,0.0,10.2,
2479690,2,981229,SPAR GRAN CANARIA,HOME,2352279,T. Ezeanatogu Ezeonu,T. Ezeanatogu Ezeonu,1,40.0,2400.0,5.0,2.0,15.0,0.0,1.0,2.0,16.0,1.0,3.0,9.0,9.0,18.0,5.0,3.0,5.0,1.0,0.0,4.0,3.0,14.0,-7.0,14.4,12.5,6.2,18.8,0.3,0.0,1.0,18.8,24.3,21.2,22.7,7.3,4.8,14.8,21.9,
2479690,2,979892,C. B. ISLA BONITA,AWAY,1131087,B. Armengol Vall,B. Armengol Vall,1,21.7,1300.0,3.0,1.0,2.0,0.0,6.0,1.0,8.0,1.0,2.0,0.0,2.0,2.0,1.0,0.0,1.0,0.0,1.0,0.0,1.0,0.0,-1.0,16.9,12.5,75.0,25.0,1.0,0.0,2.0,0.0,7.7,4.3,10.5,2.5,0.0,0.0,20.2,
2479690,2,979892,C. B. ISLA BONITA,AWAY,1870487,T. Gonzalez Soto,T. Gonzalez Soto,0,26.9,1614.0,17.0,0.0,0.0,5.0,11.0,5.0,11.0,2.0,4.0,1.0,4.0,5.0,2.0,2.0,3.0,0.0,0.0,1.0,3.0,19.0,4.0,66.6,68.2,100.0,36.4,0.0,1.4,1.3,4.0,12.4,8.7,20.6,6.0,0.0,13.6,27.1,
2479690,2,979892,C. B. ISLA BONITA,AWAY,1981139,S. Blanco Guitian,S. Blanco Guitian,1,16.1,965.0,3.0,0.0,0.0,1.0,6.0,1.0,6.0,0.0,0.0,0.0,3.0,3.0,2.0,1.0,0.0,0.0,0.0,0.0,0.0,2.0,8.0,25.0,25.0,100.0,0.0,0.0,0.5,0.0,0.0,15.5,8.8,27.0,0.0,0.0,14.3,21.5,
2479690,2,979892,C. B. ISLA BONITA,AWAY,1853281,I. Bautista Villaverde,I. Bautista Villaverde,0,6.9,414.0,3.0,0.0,0.0,1.0,3.0,1.0,3.0,0.0,0.0,0.0,0.0,0.0,0.0,1.0,0.0,0.0,0.0,0.0,0.0,0.0,0.0,50.0,50.0,100.0,0.0,0.0,1.0,0.0,0.0,0.0,0.0,0.0,0.0,0.0,25.0,28.7,
2479690,2,979892,C. B. ISLA BONITA,AWAY,2816643,E. Motekaitytè,E. Motekaitytè,0,23.6,1415.0,5.0,1.0,6.0,1.0,4.0,2.0,10.0,0.0,0.0,1.0,7.0,8.0,1.0,0.0,1.0,0.0,1.0,1.0,3.0,9.0,16.0,25.0,25.0,40.0,0.0,0.3,0.8,0.0,4.6,24.7,16.0,9.4,2.3,0.0,0.0,20.9,
2479690,2,979892,C. B. ISLA BONITA,AWAY,2171960,M. Colom Elosúa,M. Colom Elosúa,0,17.2,1035.0,7.0,2.0,2.0,1.0,2.0,3.0,4.0,0.0,0.0,1.0,0.0,1.0,2.0,1.0,1.0,0.0,0.0,0.0,0.0,9.0,4.0,87.5,87.5,50.0,0.0,2.0,1.5,0.0,6.3,0.0,2.7,37.0,3.1,0.0,20.0,14.4,
2479690,2,979892,C. B. ISLA BONITA,AWAY,2524874,M. Vulovic,M. Vulovic,0,25.1,1507.0,8.0,2.0,3.0,0.0,0.0,2.0,3.0,4.0,10.0,0.0,9.0,9.0,0.0,4.0,1.0,0.0,0.0,4.0,8.0,11.0,3.0,54.1,66.7,0.0,333.3,1.3,0.0,1.2,0.0,29.9,16.9,0.0,2.2,0.0,35.1,22.5,
2479690,2,979892,C. B. ISLA BONITA,AWAY,1471341,M. Rosales Elejabeita,M. Rosales Elejabeita,1,19.2,1153.0,7.0,3.0,6.0,0.0,1.0,3.0,7.0,1.0,2.0,6.0,1.0,7.0,3.0,2.0,0.0,0.0,0.0,3.0,2.0,9.0,-1.0,44.4,42.9,14.3,28.6,1.0,0.0,1.0,33.8,4.3,17.2,40.0,0.0,0.0,20.2,25.4,
2479690,2,979892,C. B. ISLA BONITA,AWAY,1372464,M. Carballo Diaz,M. Carballo Diaz,0,13.2,794.0,0.0,0.0,0.0,0.0,2.0,0.0,2.0,0.0,0.0,0.0,1.0,1.0,2.0,1.0,0.0,0.0,0.0,1.0,1.0,0.0,8.0,0.0,0.0,100.0,0.0,0.0,0.0,0.0,0.0,6.3,3.6,31.7,0.0,0.0,33.3,11.2,
2479690,2,979892,C. B. ISLA BONITA,AWAY,2816642,N. Cunill Peña,N. Cunill Peña,1,11.2,675.0,2.0,1.0,1.0,0.0,0.0,1.0,1.0,0.0,0.0,1.0,1.0,2.0,0.0,1.0,0.0,0.0,0.0,3.0,0.0,0.0,-5.0,100.0,100.0,0.0,0.0,2.0,0.0,0.0,9.7,7.4,8.4,0.0,0.0,0.0,50.0,8.8,
2479690,2,979892,C. B. ISLA BONITA,AWAY,2524609,A. Glomazic,A. Glomazic,1,18.8,1128.0,5.0,1.0,1.0,1.0,3.0,2.0,4.0,0.0,0.0,2.0,1.0,3.0,0.0,1.0,0.0,0.0,0.0,3.0,1.0,3.0,-1.0,62.5,62.5,75.0,0.0,2.0,1.0,0.0,11.5,4.4,7.5,0.0,0.0,0.0,20.0,13.1,
2479691,2,981304,DISHELEC 65 VILADECANS,HOME,2050407,L. Sanchez Garcia,L. Sanchez Garcia,1,30.3,1819.0,9.0,4.0,7.0,0.0,3.0,4.0,10.0,1.0,2.0,3.0,6.0,9.0,4.0,0.0,1.0,2.0,0.0,1.0,1.0,18.0,8.0,41.4,40.0,30.0,20.0,1.1,0.0,2.0,11.6,18.9,15.6,26.3,1.6,6.0,0.0,16.9,
2479691,2,981304,DISHELEC 65 VILADECANS,HOME,1910113,L. Anducas Rodon,L. Anducas Rodon,1,20.7,1240.0,14.0,2.0,6.0,2.0,3.0,4.0,9.0,4.0,4.0,2.0,6.0,8.0,3.0,2.0,1.0,1.0,0.0,3.0,5.0,22.0,1.0,65.1,55.6,33.3,44.4,0.7,2.0,0.8,11.4,27.6,20.3,37.5,2.4,4.4,15.7,29.0,
2479691,2,981304,DISHELEC 65 VILADECANS,HOME,1727776,P. Curto Garcia,P. Curto Garcia,1,27.3,1637.0,9.0,2.0,3.0,1.0,6.0,3.0,9.0,2.0,3.0,0.0,2.0,2.0,2.0,4.0,1.0,0.0,0.0,1.0,4.0,6.0,10.0,43.6,38.9,66.7,33.3,1.3,0.5,0.8,0.0,7.0,3.9,14.5,1.8,0.0,27.9,24.6,
2479691,2,981304,DISHELEC 65 VILADECANS,HOME,1398200,J. Turrion Aranda,J. Turrion Aranda,1,27.7,1663.0,8.0,1.0,3.0,0.0,4.0,1.0,7.0,6.0,6.0,0.0,6.0,6.0,1.0,1.0,2.0,0.0,0.0,2.0,3.0,11.0,12.0,41.5,14.3,57.1,85.7,0.7,0.0,2.0,0.0,20.6,11.4,6.3,3.6,0.0,9.4,18.1,
2479691,2,981304,DISHELEC 65 VILADECANS,HOME,2322360,A. Torne Labarta,A. Torne Labarta,0,13.2,792.0,10.0,4.0,6.0,0.0,0.0,4.0,6.0,2.0,2.0,3.0,2.0,5.0,0.0,2.0,0.0,0.0,0.0,2.0,1.0,10.0,2.0,72.7,66.7,0.0,33.3,1.3,0.0,2.0,26.7,14.4,19.9,0.0,0.0,0.0,22.5,31.6,
2479691,2,981304,DISHELEC 65 VILADECANS,HOME,2082380,J. Torreño Jimenez,J. Torreño Jimenez,0,12.7,763.0,2.0,1.0,2.0,0.0,1.0,1.0,3.0,0.0,0.0,1.0,2.0,3.0,2.0,0.0,1.0,0.0,0.0,1.0,0.0,5.0,-3.0,33.3,33.3,33.3,0.0,1.0,0.0,0.0,9.3,15.0,12.4,32.3,3.9,0.0,0.0,11.1,
2479691,2,981304,DISHELEC 65 VILADECANS,HOME,2146979,N. Sanchez Marques,N. Sanchez Marques,1,20.2,1213.0,10.0,0.0,1.0,3.0,6.0,3.0,7.0,1.0,2.0,0.0,3.0,3.0,1.0,3.0,1.0,0.0,0.0,0.0,2.0,9.0,-7.0,63.5,64.3,85.7,28.6,0.0,1.5,1.0,0.0,14.1,7.8,11.1,2.5,0.0,27.6,25.3,
2479691,2,981304,DISHELEC 65 VILADECANS,HOME,1956668,M. Ribera Sanuy,M. Ribera Sanuy,0,17.7,1062.0,6.0,0.0,0.0,2.0,6.0,2.0,6.0,0.0,0.0,0.0,0.0,0.0,0.0,1.0,0.0,0.0,0.0,1.0,1.0,1.0,7.0,50.0,50.0,100.0,0.0,0.0,1.0,0.0,0.0,0.0,0.0,0.0,0.0,0.0,14.3,18.6,
2479691,2,981304,DISHELEC 65 VILADECANS,HOME,1663009,Q. Ubia Llunell,Q. Ubia Llunell,0,21.4,1285.0,9.0,0.0,1.0,2.0,3.0,2.0,4.0,3.0,4.0,2.0,2.0,4.0,2.0,0.0,0.0,0.0,0.0,2.0,3.0,13.0,13.0,78.1,75.0,75.0,100.0,0.0,2.0,1.3,11.0,8.9,9.8,20.0,0.0,0.0,0.0,12.6,
2479691,2,981304,DISHELEC 65 VILADECANS,HOME,2056456,N. Soler Ramos,N. Soler Ramos,0,8.8,526.0,0.0,0.0,0.0,0.0,0.0,0.0,0.0,0.0,0.0,0.0,0.0,0.0,3.0,1.0,0.0,0.0,0.0,2.0,1.0,1.0,-8.0,0.0,0.0,0.0,0.0,0.0,0.0,0.0,0.0,0.0,0.0,62.5,0.0,0.0,100.0,5.3,
2479691,2,979778,MAGEC TÍAS LANZAROTE CONTRA LA VIOLENCIA DE GÉNERO,AWAY,2178381,E. Lozano Sosa,E. Lozano Sosa,0,2.8,167.0,0.0,0.0,0.0,0.0,1.0,0.0,1.0,0.0,0.0,0.0,0.0,0.0,1.0,2.0,0.0,0.0,0.0,0.0,0.0,-2.0,-6.0,0.0,0.0,100.0,0.0,0.0,0.0,0.0,0.0,0.0,0.0,38.5,0.0,0.0,66.7,45.7,
2479691,2,979778,MAGEC TÍAS LANZAROTE CONTRA LA VIOLENCIA DE GÉNERO,AWAY,1100445,Y. Garcia Gonzalez,Y. Garcia Gonzalez,1,23.4,1405.0,8.0,2.0,9.0,0.0,0.0,2.0,9.0,4.0,8.0,4.0,4.0,8.0,2.0,3.0,0.0,0.0,1.0,4.0,4.0,4.0,7.0,31.9,22.2,0.0,88.9,0.4,0.0,2.0,16.3,20.1,18.0,14.7,0.0,0.0,19.3,28.3,
2479691,2,979778,MAGEC TÍAS LANZAROTE CONTRA LA VIOLENCIA DE GÉNERO,AWAY,2415445,I. Drake Ruiz-Villar,I. Drake Ruiz-Villar,0,24.4,1465.0,12.0,4.0,6.0,1.0,3.0,5.0,9.0,1.0,2.0,3.0,1.0,4.0,3.0,3.0,1.0,0.0,0.0,5.0,2.0,9.0,2.0,60.7,61.1,33.3,22.2,1.3,1.0,1.0,11.7,4.8,8.6,28.3,2.2,0.0,23.3,22.5,
2479691,2,979778,MAGEC TÍAS LANZAROTE CONTRA LA VIOLENCIA DE GÉNERO,AWAY,1450205,A. Rodriguez Guerra,A. Rodriguez Guerra,0,2.6,154.0,0.0,0.0,0.0,0.0,2.0,0.0,2.0,0.0,0.0,0.0,0.0,0.0,0.0,0.0,0.0,0.0,0.0,0.0,0.0,-2.0,-7.0,0.0,0.0,100.0,0.0,0.0,0.0,0.0,0.0,0.0,0.0,0.0,0.0,0.0,0.0,32.8,
2479691,2,979778,MAGEC TÍAS LANZAROTE CONTRA LA VIOLENCIA DE GÉNERO,AWAY,1995747,S. Hisado Santos,S. Hisado Santos,1,26.5,1588.0,0.0,0.0,1.0,0.0,3.0,0.0,4.0,0.0,0.0,0.0,3.0,3.0,4.0,3.0,4.0,0.0,0.0,1.0,0.0,3.0,-10.0,0.0,0.0,75.0,0.0,0.0,0.0,0.0,0.0,13.3,6.0,22.0,8.1,0.0,42.9,11.3,
2479691,2,979778,MAGEC TÍAS LANZAROTE CONTRA LA VIOLENCIA DE GÉNERO,AWAY,1695414,C. Mateo Cañada,C. Mateo Cañada,0,30.4,1821.0,14.0,2.0,9.0,3.0,6.0,5.0,15.0,1.0,2.0,2.0,7.0,9.0,6.0,1.0,2.0,0.0,0.0,4.0,3.0,18.0,-11.0,44.1,43.3,40.0,13.3,0.4,1.5,0.7,6.3,27.1,15.6,38.0,3.6,0.0,5.9,23.7,
2479691,2,979778,MAGEC TÍAS LANZAROTE CONTRA LA VIOLENCIA DE GÉNERO,AWAY,2824664,B. Snorradottir,B. Snorradottir,1,27.6,1659.0,10.0,4.0,5.0,0.0,1.0,4.0,6.0,2.0,2.0,1.0,2.0,3.0,0.0,0.0,0.0,0.0,1.0,3.0,2.0,10.0,7.0,72.7,66.7,16.7,33.3,1.6,0.0,1.0,3.5,8.5,5.7,0.0,0.0,0.0,0.0,10.6,
2479691,2,979778,MAGEC TÍAS LANZAROTE CONTRA LA VIOLENCIA DE GÉNERO,AWAY,2524794,M. Marinho Junqueira,M. Marinho Junqueira,1,30.0,1800.0,12.0,3.0,3.0,2.0,7.0,5.0,10.0,0.0,0.0,1.0,4.0,5.0,1.0,1.0,0.0,0.0,0.0,3.0,1.0,10.0,-8.0,60.0,60.0,70.0,0.0,2.0,0.9,0.0,3.2,15.7,8.8,6.3,0.0,0.0,9.1,15.6,
2479691,2,979778,MAGEC TÍAS LANZAROTE CONTRA LA VIOLENCIA DE GÉNERO,AWAY,2379074,N. Zabala Gabilondo,N. Zabala Gabilondo,1,32.4,1941.0,14.0,5.0,11.0,0.0,3.0,5.0,14.0,4.0,6.0,2.0,2.0,4.0,5.0,2.0,2.0,0.0,1.0,1.0,3.0,14.0,-9.0,42.1,35.7,21.4,42.9,0.9,0.0,2.0,5.9,7.3,6.5,31.6,3.3,0.0,10.7,24.5,
2479692,2,982048,EL PLANTEL GMASB,HOME,2819272,D. Ryzinska,D. Ryzinska,1,26.4,1587.0,5.0,1.0,3.0,1.0,3.0,2.0,6.0,0.0,0.0,1.0,6.0,7.0,0.0,1.0,1.0,0.0,0.0,4.0,1.0,5.0,-10.0,41.7,41.7,50.0,0.0,0.7,1.0,0.0,3.8,20.2,12.5,0.0,1.9,0.0,14.3,12.0,
2479692,2,982048,EL PLANTEL GMASB,HOME,2664237,C. Rojas Cepero,C. Rojas Cepero,0,5.2,310.0,0.0,0.0,0.0,0.0,0.0,0.0,0.0,0.0,0.0,0.0,0.0,0.0,0.0,0.0,0.0,0.0,0.0,0.0,0.0,0.0,-11.0,0.0,0.0,0.0,0.0,0.0,0.0,0.0,0.0,0.0,0.0,0.0,0.0,0.0,0.0,0.0,
2479692,2,982048,EL PLANTEL GMASB,HOME,2124275,C. Villanueva Lazaro,C. Villanueva Lazaro,0,23.2,1394.0,6.0,2.0,4.0,0.0,4.0,2.0,8.0,2.0,4.0,2.0,5.0,7.0,3.0,3.0,1.0,0.0,0.0,5.0,3.0,4.0,7.0,30.7,25.0,50.0,50.0,1.0,0.0,1.3,8.6,19.2,14.2,31.9,2.2,0.0,23.5,24.9,
2479692,2,982048,EL PLANTEL GMASB,HOME,1974272,R. Revueltas Pareja,R. Revueltas Pareja,1,27.9,1676.0,8.0,1.0,6.0,2.0,7.0,3.0,13.0,0.0,2.0,1.0,1.0,2.0,1.0,4.0,1.0,0.0,0.0,4.0,4.0,-4.0,-15.0,28.8,30.8,53.8,15.4,0.3,0.9,0.5,3.6,3.2,3.4,9.7,1.8,0.0,22.4,29.0,
2479692,2,982048,EL PLANTEL GMASB,HOME,2819274,O. Schlegl,O. Schlegl,1,16.8,1007.0,10.0,2.0,3.0,1.0,1.0,3.0,4.0,3.0,4.0,2.0,2.0,4.0,1.0,2.0,0.0,1.0,0.0,1.0,2.0,13.0,0.0,86.8,87.5,25.0,100.0,1.3,3.0,2.0,11.9,10.6,11.2,21.7,0.0,6.6,25.8,20.9,
2479692,2,982048,EL PLANTEL GMASB,HOME,2232865,M. Sanchez Valenzuela,M. Sanchez Valenzuela,1,35.1,2105.0,2.0,1.0,7.0,0.0,7.0,1.0,14.0,0.0,0.0,1.0,4.0,5.0,1.0,1.0,0.0,0.0,0.0,0.0,0.0,-6.0,-7.0,7.1,7.1,50.0,0.0,0.3,0.0,0.0,2.8,10.1,6.7,6.2,0.0,0.0,6.7,19.3,
2479692,2,982048,EL PLANTEL GMASB,HOME,1111828,L. Fernandez Fiel,L. Fernandez Fiel,1,33.8,2025.0,14.0,5.0,10.0,1.0,4.0,6.0,14.0,1.0,4.0,0.0,11.0,11.0,0.0,5.0,1.0,0.0,0.0,2.0,4.0,12.0,-11.0,44.4,46.4,28.6,28.6,1.0,0.8,1.0,0.0,28.9,15.3,0.0,1.5,0.0,24.1,27.8,
2479692,2,982048,EL PLANTEL GMASB,HOME,2112760,M. Diaz Torres,M. Diaz Torres,0,12.5,750.0,0.0,0.0,1.0,0.0,0.0,0.0,1.0,0.0,0.0,1.0,3.0,4.0,0.0,1.0,0.0,1.0,0.0,1.0,0.0,2.0,-1.0,0.0,0.0,0.0,0.0,0.0,0.0,0.0,8.0,21.3,15.1,0.0,0.0,8.9,50.0,7.2,
2479692,2,982048,EL PLANTEL GMASB,HOME,2202075,M. Garcia Garrido,M. Garcia Garrido,0,9.3,561.0,0.0,0.0,0.0,0.0,0.0,0.0,0.0,0.0,0.0,2.0,0.0,2.0,0.0,1.0,0.0,0.0,0.0,1.0,0.0,0.0,-1.0,0.0,0.0,0.0,0.0,0.0,0.0,0.0,21.5,0.0,10.1,0.0,0.0,0.0,100.0,4.9,
2479692,2,982048,EL PLANTEL GMASB,HOME,2364455,T. Sene,T. Sene,0,9.8,585.0,7.0,2.0,2.0,0.0,1.0,2.0,3.0,3.0,3.0,2.0,3.0,5.0,0.0,0.0,0.0,0.0,0.0,1.0,2.0,12.0,4.0,81.0,66.7,33.3,100.0,2.0,0.0,1.5,20.4,27.2,24.0,0.0,0.0,0.0,0.0,19.9,
2479692,2,981209,CB CLARET BENIMACLET,AWAY,2557107,I. Serrano Alvarez,I. Serrano Alvarez,1,20.5,1228.0,5.0,2.0,4.0,0.0,2.0,2.0,6.0,1.0,2.0,1.0,4.0,5.0,2.0,3.0,0.0,0.0,0.0,4.0,2.0,2.0,5.0,36.3,33.3,33.3,33.3,1.0,0.0,1.0,4.3,19.5,11.5,23.5,0.0,0.0,30.4,21.7,
2479692,2,981209,CB CLARET BENIMACLET,AWAY,1886112,S. Afonso Gonzalez,S. Afonso Gonzalez,1,29.1,1745.0,8.0,2.0,8.0,1.0,8.0,3.0,16.0,1.0,2.0,2.0,3.0,5.0,3.0,1.0,0.0,0.0,2.0,2.0,5.0,4.0,8.0,23.7,21.9,50.0,12.5,0.5,0.4,0.4,6.1,10.3,8.1,25.6,0.0,0.0,5.6,27.6,
2479692,2,981209,CB CLARET BENIMACLET,AWAY,2209715,J. Sarrio Asensio,J. Sarrio Asensio,0,17.4,1046.0,4.0,0.0,2.0,1.0,5.0,1.0,7.0,1.0,2.0,1.0,1.0,2.0,1.0,0.0,0.0,0.0,0.0,1.0,2.0,1.0,-1.0,25.4,21.4,71.4,28.6,0.0,0.6,1.0,5.1,5.7,5.4,13.5,0.0,0.0,0.0,20.3,
2479692,2,981209,CB CLARET BENIMACLET,AWAY,1853228,J. Rochina Troncoso,J. Rochina Troncoso,0,30.9,1855.0,5.0,1.0,3.0,1.0,3.0,2.0,6.0,0.0,0.0,3.0,6.0,9.0,1.0,0.0,6.0,0.0,0.0,2.0,0.0,15.0,10.0,41.7,41.7,50.0,0.0,0.7,1.0,0.0,8.6,19.4,13.7,6.8,10.2,0.0,0.0,8.7,
2479692,2,981209,CB CLARET BENIMACLET,AWAY,1840053,P. Garcia Garcia,P. Garcia Garcia,1,17.8,1066.0,8.0,1.0,4.0,0.0,2.0,1.0,6.0,6.0,6.0,0.0,3.0,3.0,1.0,2.0,0.0,0.0,0.0,4.0,5.0,6.0,5.0,46.3,16.7,33.3,100.0,0.5,0.0,1.2,0.0,16.9,7.9,13.5,0.0,0.0,18.8,26.9,
2479692,2,981209,CB CLARET BENIMACLET,AWAY,2281500,L. Liern Ruiz,L. Liern Ruiz,0,3.9,232.0,0.0,0.0,0.0,0.0,0.0,0.0,0.0,0.0,0.0,0.0,1.0,1.0,0.0,1.0,1.0,0.0,0.0,0.0,0.0,1.0,3.0,0.0,0.0,0.0,0.0,0.0,0.0,0.0,0.0,25.6,12.1,0.0,13.4,0.0,100.0,11.5,
2479692,2,981209,CB CLARET BENIMACLET,AWAY,1767443,M. Cuellar Bayarri,M. Cuellar Bayarri,0,19.5,1172.0,6.0,2.0,8.0,0.0,0.0,2.0,8.0,2.0,4.0,2.0,3.0,5.0,1.0,0.0,1.0,0.0,0.0,0.0,5.0,10.0,4.0,30.7,25.0,0.0,50.0,0.5,0.0,0.8,9.1,15.4,12.1,11.8,2.7,0.0,0.0,22.5,
2479692,2,981209,CB CLARET BENIMACLET,AWAY,1506842,E. Cases Rey,E. Cases Rey,1,4.9,292.0,0.0,0.0,0.0,0.0,1.0,0.0,1.0,0.0,0.0,0.0,0.0,0.0,1.0,0.0,0.0,0.0,0.0,0.0,0.0,0.0,2.0,0.0,0.0,100.0,0.0,0.0,0.0,0.0,0.0,0.0,0.0,47.6,0.0,0.0,0.0,9.2,
2479692,2,981209,CB CLARET BENIMACLET,AWAY,1681307,E. Iranzo Gutierrez,E. Iranzo Gutierrez,0,14.6,873.0,4.0,2.0,3.0,0.0,4.0,2.0,7.0,0.0,0.0,0.0,2.0,2.0,1.0,2.0,1.0,0.0,0.0,2.0,0.0,-1.0,-3.0,28.6,28.6,57.1,0.0,1.3,0.0,0.0,0.0,13.7,6.4,15.6,3.6,0.0,22.2,27.7,
2479692,2,981209,CB CLARET BENIMACLET,AWAY,1994256,T. Toledo Navarro,T. Toledo Navarro,0,16.2,972.0,3.0,0.0,1.0,1.0,4.0,1.0,5.0,0.0,0.0,1.0,1.0,2.0,1.0,1.0,0.0,0.0,0.0,1.0,0.0,0.0,0.0,30.0,30.0,80.0,0.0,0.0,0.8,0.0,5.5,6.2,5.8,13.5,0.0,0.0,16.7,16.6,
2479692,2,981209,CB CLARET BENIMACLET,AWAY,1749591,I. Garrido Perez,I. Garrido Perez,1,25.3,1519.0,18.0,3.0,3.0,4.0,7.0,7.0,10.0,0.0,0.0,0.0,4.0,4.0,1.0,0.0,3.0,0.0,0.0,0.0,0.0,23.0,12.0,90.0,90.0,70.0,0.0,2.0,1.7,0.0,0.0,15.8,7.4,17.9,6.2,0.0,0.0,17.8,
2479693,2,981167,SEGLE XXI,HOME,2357207,Z. Ajisebutu Casas,Z. Ajisebutu Casas,0,10.1,605.0,3.0,1.0,2.0,0.0,0.0,1.0,2.0,1.0,2.0,2.0,0.0,2.0,0.0,2.0,0.0,0.0,0.0,3.0,1.0,-1.0,-2.0,52.1,50.0,0.0,100.0,1.0,0.0,2.0,18.9,0.0,9.1,0.0,0.0,0.0,41.0,20.5,
2479693,2,981167,SEGLE XXI,HOME,2153172,M. Cintas Diaz,M. Cintas Diaz,1,26.5,1591.0,6.0,1.0,5.0,1.0,2.0,2.0,7.0,1.0,2.0,1.0,3.0,4.0,1.0,4.0,1.0,0.0,0.0,4.0,2.0,0.0,18.0,38.1,35.7,28.6,28.6,0.4,1.5,1.0,3.6,10.1,6.9,7.5,2.1,0.0,33.7,19.0,
2479693,2,981167,SEGLE XXI,HOME,2289362,D. Garcia Dominguez,D. Garcia Dominguez,0,15.4,923.0,0.0,0.0,3.0,0.0,0.0,0.0,3.0,0.0,0.0,0.0,2.0,2.0,2.0,3.0,0.0,0.0,0.0,4.0,1.0,-5.0,-19.0,0.0,0.0,0.0,0.0,0.0,0.0,0.0,0.0,11.5,6.0,22.7,0.0,0.0,50.0,16.5,
2479693,2,981167,SEGLE XXI,HOME,2528757,I. Garcia Fernandez,I. Garcia Fernandez,1,15.0,898.0,2.0,1.0,5.0,0.0,0.0,1.0,5.0,0.0,2.0,3.0,0.0,3.0,1.0,0.0,0.0,0.0,0.0,1.0,4.0,3.0,-10.0,17.0,20.0,0.0,40.0,0.4,0.0,0.5,19.0,0.0,9.2,12.8,0.0,0.0,0.0,16.6,
2479693,2,981167,SEGLE XXI,HOME,2244483,S. Nde Akawung,S. Nde Akawung,1,30.8,1846.0,7.0,1.0,9.0,1.0,3.0,2.0,12.0,2.0,3.0,3.0,5.0,8.0,3.0,1.0,0.0,0.0,1.0,3.0,4.0,7.0,1.0,26.3,20.8,25.0,25.0,0.2,1.0,0.8,9.3,14.4,11.9,19.2,0.0,0.0,7.0,19.7,
2479693,2,981167,SEGLE XXI,HOME,2196865,M. Carbó Medina,M. Carbó Medina,0,13.6,815.0,2.0,1.0,1.0,0.0,2.0,1.0,3.0,0.0,0.0,0.0,2.0,2.0,0.0,1.0,0.0,0.0,0.0,2.0,0.0,-1.0,-17.0,33.3,33.3,66.7,0.0,2.0,0.0,0.0,0.0,13.1,6.8,0.0,0.0,0.0,25.0,12.5,
2479693,2,981167,SEGLE XXI,HOME,2639399,S. Okafor Ofoegbu,S. Okafor Ofoegbu,1,29.1,1745.0,26.0,8.0,13.0,2.0,5.0,10.0,18.0,4.0,4.0,4.0,7.0,11.0,0.0,3.0,1.0,0.0,0.0,3.0,3.0,27.0,10.0,65.8,61.1,27.8,22.2,1.2,1.2,1.3,13.1,21.4,17.4,0.0,1.9,0.0,13.2,33.2,
2479693,2,981167,SEGLE XXI,HOME,2454402,S. Fernandez De Cuevas Martinez,S. Fernandez De Cuevas Martinez,1,25.4,1521.0,0.0,0.0,3.0,0.0,5.0,0.0,8.0,0.0,0.0,1.0,1.0,2.0,1.0,0.0,1.0,0.0,1.0,1.0,0.0,-5.0,13.0,0.0,0.0,62.5,0.0,0.0,0.0,0.0,3.7,3.5,3.6,7.6,2.1,0.0,0.0,13.4,
2479693,2,981167,SEGLE XXI,HOME,2229661,B. Asensio Senosiáin,B. Asensio Senosiáin,0,10.7,644.0,2.0,1.0,1.0,0.0,1.0,1.0,2.0,0.0,0.0,0.0,2.0,2.0,2.0,0.0,0.0,0.0,0.0,2.0,1.0,4.0,3.0,50.0,50.0,50.0,0.0,2.0,0.0,0.0,0.0,16.6,8.6,35.7,0.0,0.0,0.0,7.9,
2479693,2,981167,SEGLE XXI,HOME,2461439,A. Smykovskaia,A. Smykovskaia,0,23.5,1412.0,11.0,4.0,9.0,0.0,0.0,4.0,9.0,3.0,6.0,4.0,13.0,17.0,1.0,3.0,1.0,0.0,0.0,0.0,5.0,24.0,8.0,47.3,44.4,0.0,66.7,0.9,0.0,1.2,16.2,49.2,33.3,10.9,2.3,0.0,20.5,26.4,
2479693,2,980023,GEIEG PACISA,AWAY,1949920,J. Pairo Urtos,J. Pairo Urtos,1,16.0,958.0,0.0,0.0,3.0,0.0,1.0,0.0,4.0,0.0,2.0,2.0,4.0,6.0,0.0,1.0,0.0,0.0,0.0,5.0,1.0,-5.0,-9.0,0.0,0.0,25.0,50.0,0.0,0.0,2.0,11.1,23.8,17.2,0.0,0.0,0.0,17.0,17.6,
2479693,2,980023,GEIEG PACISA,AWAY,1917788,M. Carbo Cachinero,M. Carbo Cachinero,0,20.9,1252.0,9.0,3.0,3.0,0.0,0.0,3.0,3.0,3.0,3.0,0.0,2.0,2.0,0.0,2.0,2.0,0.0,0.0,0.0,1.0,12.0,9.0,104.2,100.0,0.0,100.0,2.0,0.0,3.0,0.0,9.1,4.4,0.0,5.0,0.0,31.6,14.5,
2479693,2,980023,GEIEG PACISA,AWAY,1944150,M. Melero Bravo,M. Melero Bravo,1,27.4,1644.0,17.0,4.0,13.0,1.0,2.0,5.0,15.0,6.0,10.0,1.0,0.0,1.0,1.0,1.0,4.0,0.0,0.0,3.0,7.0,12.0,7.0,43.8,36.7,13.3,66.7,0.6,1.5,1.4,3.2,0.0,1.7,11.1,7.6,0.0,4.9,35.7,
2479693,2,980023,GEIEG PACISA,AWAY,1748049,N. Bagaria Rovira,N. Bagaria Rovira,0,18.4,1107.0,0.0,0.0,2.0,0.0,1.0,0.0,3.0,0.0,0.0,0.0,0.0,0.0,1.0,0.0,1.0,0.0,0.0,0.0,1.0,0.0,-12.0,0.0,0.0,33.3,0.0,0.0,0.0,0.0,0.0,0.0,0.0,10.0,2.8,0.0,0.0,7.8,
2479693,2,980023,GEIEG PACISA,AWAY,1667386,C. Morente Lopez,C. Morente Lopez,1,16.6,993.0,2.0,1.0,2.0,0.0,1.0,1.0,3.0,0.0,0.0,0.0,1.0,1.0,0.0,0.0,1.0,0.0,0.0,0.0,1.0,3.0,0.0,33.3,33.3,33.3,0.0,1.0,0.0,0.0,0.0,5.7,2.8,0.0,3.2,0.0,0.0,8.7,
2479693,2,980023,GEIEG PACISA,AWAY,1968963,A. Talasimov,A. Talasimov,0,20.2,1212.0,2.0,1.0,1.0,0.0,2.0,1.0,3.0,0.0,0.0,1.0,3.0,4.0,0.0,0.0,0.0,0.0,0.0,3.0,2.0,3.0,8.0,33.3,33.3,66.7,0.0,2.0,0.0,0.0,4.4,14.1,9.1,0.0,0.0,0.0,0.0,7.1,
2479693,2,980023,GEIEG PACISA,AWAY,1567998,V. Gonzalez Olaizola,V. Gonzalez Olaizola,1,22.2,1335.0,5.0,2.0,10.0,0.0,0.0,2.0,10.0,1.0,2.0,3.0,6.0,9.0,2.0,1.0,0.0,2.0,0.0,5.0,4.0,7.0,4.0,23.0,20.0,0.0,20.0,0.4,0.0,0.5,12.0,25.7,18.6,20.0,0.0,7.1,8.4,25.7,
2479693,2,980023,GEIEG PACISA,AWAY,1666109,A. Coma Perpiña,A. Coma Perpiña,0,29.6,1773.0,12.0,3.0,10.0,0.0,2.0,3.0,12.0,6.0,8.0,0.0,2.0,2.0,6.0,2.0,0.0,0.0,0.0,1.0,5.0,11.0,-3.0,38.7,25.0,16.7,66.7,0.6,0.0,1.6,0.0,6.4,3.1,54.5,0.0,0.0,11.4,28.4,
2479693,2,980023,GEIEG PACISA,AWAY,1926754,J. Fernandez Pinsach,J. Fernandez Pinsach,1,28.8,1726.0,11.0,5.0,11.0,0.0,1.0,5.0,12.0,1.0,1.0,3.0,6.0,9.0,0.0,0.0,0.0,0.0,0.0,4.0,1.0,10.0,-9.0,44.2,41.7,8.3,8.3,0.9,0.0,1.0,9.3,19.8,14.4,0.0,0.0,0.0,0.0,20.7,
2479694,2,979775,BASKET ALMEDA,HOME,1929994,M. Garcia Menéndez,M. Garcia Menéndez,0,9.8,589.0,0.0,0.0,0.0,0.0,0.0,0.0,0.0,0.0,0.0,0.0,1.0,1.0,0.0,0.0,0.0,0.0,0.0,1.0,0.0,0.0,-16.0,0.0,0.0,0.0,0.0,0.0,0.0,0.0,0.0,13.2,5.3,0.0,0.0,0.0,0.0,0.0,
2479694,2,979775,BASKET ALMEDA,HOME,1912154,C. Balibrea Oliveras,C. Balibrea Oliveras,0,11.5,690.0,0.0,0.0,2.0,0.0,1.0,0.0,3.0,0.0,2.0,1.0,1.0,2.0,0.0,1.0,1.0,0.0,1.0,0.0,1.0,-2.0,-12.0,0.0,0.0,33.3,66.7,0.0,0.0,2.0,7.6,11.2,9.0,0.0,4.6,0.0,20.5,19.2,
2479694,2,979775,BASKET ALMEDA,HOME,1893303,L. Tierno Martí,L. Tierno Martí,1,24.7,1482.0,0.0,0.0,1.0,0.0,0.0,0.0,1.0,0.0,0.0,2.0,2.0,4.0,1.0,3.0,1.0,0.0,0.0,1.0,0.0,1.0,1.0,0.0,0.0,0.0,0.0,0.0,0.0,0.0,7.0,10.4,8.4,9.8,2.1,0.0,75.0,7.3,
2479694,2,979775,BASKET ALMEDA,HOME,1737538,C. Pujol Martinez,C. Pujol Martinez,1,30.5,1829.0,4.0,2.0,13.0,0.0,5.0,2.0,18.0,0.0,0.0,0.0,3.0,3.0,3.0,3.0,0.0,0.0,0.0,1.0,4.0,-6.0,-2.0,11.1,11.1,27.8,0.0,0.3,0.0,0.0,0.0,12.7,5.1,25.9,0.0,0.0,14.3,31.1,
2479694,2,979775,BASKET ALMEDA,HOME,2157230,L. Jove Fuste,L. Jove Fuste,0,14.9,892.0,2.0,1.0,2.0,0.0,0.0,1.0,2.0,0.0,0.0,0.0,0.0,0.0,0.0,2.0,0.0,0.0,0.0,2.0,0.0,-3.0,-3.0,50.0,50.0,0.0,0.0,1.0,0.0,0.0,0.0,0.0,0.0,0.0,0.0,0.0,50.0,12.1,
2479694,2,979775,BASKET ALMEDA,HOME,1923707,C. Diaz-Guerra Prats,C. Diaz-Guerra Prats,1,30.5,1831.0,16.0,5.0,11.0,1.0,6.0,6.0,17.0,3.0,6.0,3.0,4.0,7.0,1.0,3.0,2.0,1.0,0.0,4.0,5.0,11.0,2.0,40.7,38.2,35.3,35.3,0.9,0.5,1.2,8.6,16.9,11.9,13.2,3.4,3.5,13.3,33.5,
2479694,2,979775,BASKET ALMEDA,HOME,2053836,C. Moreno Mengibar,C. Moreno Mengibar,1,22.6,1359.0,2.0,1.0,3.0,0.0,0.0,1.0,3.0,0.0,0.0,4.0,5.0,9.0,0.0,2.0,3.0,0.0,0.0,1.0,1.0,10.0,17.0,33.3,33.3,0.0,0.0,0.7,0.0,0.0,15.4,28.5,20.7,0.0,7.0,0.0,40.0,10.0,
2479694,2,979775,BASKET ALMEDA,HOME,2054903,A. Cojocariu,A. Cojocariu,0,26.3,1578.0,15.0,3.0,9.0,1.0,3.0,4.0,12.0,6.0,7.0,2.0,4.0,6.0,0.0,1.0,1.0,0.0,1.0,5.0,7.0,14.0,-6.0,49.7,37.5,25.0,58.3,0.7,1.0,1.0,6.6,19.6,11.9,0.0,2.0,0.0,6.2,27.6,
2479694,2,979775,BASKET ALMEDA,HOME,2147731,D. Peris Fons,D. Peris Fons,0,11.2,674.0,2.0,1.0,1.0,0.0,0.0,1.0,1.0,0.0,0.0,0.0,2.0,2.0,0.0,1.0,0.0,0.0,0.0,2.0,1.0,2.0,-14.0,100.0,100.0,0.0,0.0,2.0,0.0,0.0,0.0,23.0,9.3,0.0,0.0,0.0,50.0,8.1,
2479694,2,979775,BASKET ALMEDA,HOME,2440587,M. Coll-Vinent Olle,M. Coll-Vinent Olle,1,17.9,1076.0,4.0,2.0,6.0,0.0,1.0,2.0,7.0,0.0,0.0,2.0,2.0,4.0,1.0,2.0,3.0,0.0,1.0,4.0,0.0,1.0,3.0,28.6,28.6,14.3,0.0,0.7,0.0,0.0,9.7,14.4,11.6,20.8,8.8,0.0,22.2,22.7,
2479694,2,981286,ESCO GRUPO FEMENINO ALCORCON,AWAY,2822981,C. Ribeiro Dos Santos Bernardeco,C. Ribeiro Dos Santos Bernardeco,1,30.6,1837.0,6.0,0.0,6.0,2.0,3.0,2.0,9.0,0.0,0.0,2.0,1.0,3.0,4.0,3.0,2.0,0.0,0.0,1.0,2.0,6.0,6.0,33.3,33.3,33.3,0.0,0.0,2.0,0.0,8.4,2.8,5.1,34.5,3.5,0.0,25.0,18.8,
2479694,2,981286,ESCO GRUPO FEMENINO ALCORCON,AWAY,2162538,C. Del Amo Sevillano,C. Del Amo Sevillano,1,31.1,1867.0,17.0,5.0,9.0,1.0,7.0,6.0,16.0,4.0,4.0,1.0,10.0,11.0,2.0,1.0,2.0,1.0,0.0,3.0,5.0,24.0,3.0,47.9,40.6,43.8,25.0,1.1,0.4,0.8,4.1,28.0,18.4,26.3,3.4,2.7,5.3,29.0,
2479694,2,981286,ESCO GRUPO FEMENINO ALCORCON,AWAY,2182200,L. Bernardo Perez,L. Bernardo Perez,1,8.2,492.0,0.0,0.0,0.0,0.0,1.0,0.0,1.0,0.0,2.0,0.0,1.0,1.0,0.0,0.0,0.0,0.0,0.0,1.0,4.0,1.0,-12.0,0.0,0.0,100.0,200.0,0.0,0.0,0.5,0.0,10.6,6.3,0.0,0.0,0.0,0.0,11.0,
2479694,2,981286,ESCO GRUPO FEMENINO ALCORCON,AWAY,1535457,M. Aranda Fraile,M. Aranda Fraile,1,27.2,1635.0,5.0,1.0,1.0,1.0,4.0,2.0,5.0,0.0,0.0,1.0,2.0,3.0,0.0,1.0,1.0,1.0,0.0,0.0,0.0,6.0,0.0,50.0,50.0,80.0,0.0,2.0,0.8,0.0,4.7,6.4,5.7,0.0,2.0,3.1,16.7,10.6,
2479694,2,981286,ESCO GRUPO FEMENINO ALCORCON,AWAY,2822982,Y. Sifaoui Bucero,Y. Sifaoui Bucero,1,20.0,1201.0,5.0,1.0,2.0,0.0,0.0,1.0,2.0,3.0,4.0,1.0,5.0,6.0,0.0,6.0,0.0,0.0,0.0,4.0,2.0,1.0,4.0,66.5,50.0,0.0,200.0,1.0,0.0,2.0,6.5,21.7,15.6,0.0,0.0,0.0,61.5,23.5,
2479694,2,981286,ESCO GRUPO FEMENINO ALCORCON,AWAY,2819126,L. Vulovic,L. Vulovic,0,25.3,1520.0,4.0,2.0,6.0,0.0,0.0,2.0,6.0,0.0,1.0,0.0,2.0,2.0,0.0,2.0,1.0,0.0,0.0,1.0,1.0,0.0,11.0,31.1,33.3,0.0,16.7,0.7,0.0,1.0,0.0,6.9,4.1,0.0,2.1,0.0,23.7,16.0,
2479694,2,981286,ESCO GRUPO FEMENINO ALCORCON,AWAY,2128123,N. Ipo Seriche-Dougan,N. Ipo Seriche-Dougan,0,34.7,2081.0,14.0,4.0,8.0,0.0,3.0,4.0,11.0,6.0,10.0,1.0,8.0,9.0,2.0,4.0,1.0,0.0,0.0,3.0,7.0,15.0,8.0,45.5,36.4,27.3,90.9,1.0,0.0,1.4,3.7,20.0,13.5,17.7,1.5,0.0,20.6,26.9,
2479694,2,981286,ESCO GRUPO FEMENINO ALCORCON,AWAY,2164976,A. Martínez Mora,A. Martínez Mora,0,10.1,605.0,0.0,0.0,5.0,0.0,0.0,0.0,5.0,0.0,0.0,1.0,0.0,1.0,1.0,0.0,4.0,0.0,1.0,2.0,0.0,-1.0,3.0,0.0,0.0,0.0,0.0,0.0,0.0,0.0,12.8,0.0,5.1,19.6,21.2,0.0,0.0,23.8,
2479694,2,981286,ESCO GRUPO FEMENINO ALCORCON,AWAY,2176383,I. Camiña Rodriguez,I. Camiña Rodriguez,0,12.7,762.0,0.0,0.0,0.0,0.0,2.0,0.0,2.0,0.0,0.0,0.0,3.0,3.0,1.0,0.0,0.0,1.0,0.0,3.0,0.0,0.0,7.0,0.0,0.0,100.0,0.0,0.0,0.0,0.0,0.0,20.5,12.3,19.6,0.0,6.6,0.0,7.6,
2479695,2,981212,ELSAMEX CB ANDRATX,HOME,2820516,L. Stenta,L. Stenta,0,14.1,843.0,0.0,0.0,0.0,0.0,0.0,0.0,0.0,0.0,0.0,1.0,4.0,5.0,0.0,2.0,1.0,0.0,0.0,1.0,0.0,3.0,-11.0,0.0,0.0,0.0,0.0,0.0,0.0,0.0,6.6,27.7,16.9,0.0,4.0,0.0,100.0,6.2,
2479695,2,981212,ELSAMEX CB ANDRATX,HOME,1461086,P. Comella Pons,P. Comella Pons,1,33.9,2035.0,8.0,2.0,14.0,1.0,5.0,3.0,19.0,1.0,3.0,2.0,6.0,8.0,0.0,1.0,0.0,0.0,1.0,1.0,3.0,-1.0,-14.0,19.7,18.4,26.3,15.8,0.3,0.6,1.0,5.5,17.3,11.2,0.0,0.0,0.0,4.7,27.6,
2479695,2,981212,ELSAMEX CB ANDRATX,HOME,2036170,A. Peregrina Garcia,A. Peregrina Garcia,1,27.8,1669.0,9.0,2.0,5.0,0.0,5.0,2.0,10.0,5.0,6.0,2.0,8.0,10.0,2.0,4.0,0.0,0.0,0.0,2.0,6.0,12.0,-7.0,35.6,20.0,50.0,60.0,0.8,0.0,1.0,6.7,28.1,17.1,23.5,0.0,0.0,24.0,26.3,
2479695,2,981212,ELSAMEX CB ANDRATX,HOME,2251948,F. Diallo Bagayogo,F. Diallo Bagayogo,0,2.0,118.0,2.0,1.0,2.0,0.0,0.0,1.0,2.0,0.0,0.0,0.0,0.0,0.0,0.0,0.0,0.0,0.0,1.0,0.0,0.0,1.0,-3.0,50.0,50.0,0.0,0.0,1.0,0.0,0.0,0.0,0.0,0.0,0.0,0.0,0.0,0.0,43.9,
2479695,2,981212,ELSAMEX CB ANDRATX,HOME,1579078,H. Condom Rosell,H. Condom Rosell,1,34.6,2076.0,8.0,4.0,14.0,0.0,1.0,4.0,15.0,0.0,1.0,4.0,5.0,9.0,0.0,3.0,1.0,0.0,0.0,3.0,4.0,4.0,-15.0,25.9,26.7,6.7,6.7,0.6,0.0,0.2,10.8,14.1,12.4,0.0,1.6,0.0,16.3,23.4,
2479695,2,981212,ELSAMEX CB ANDRATX,HOME,2148958,M. López Martí,M. López Martí,1,24.7,1480.0,6.0,2.0,4.0,0.0,1.0,2.0,5.0,2.0,2.0,4.0,0.0,4.0,3.0,5.0,1.0,0.0,0.0,1.0,1.0,6.0,-20.0,51.0,40.0,20.0,40.0,1.0,0.0,2.0,15.1,0.0,7.7,42.9,2.3,0.0,46.0,19.3,
2479695,2,981212,ELSAMEX CB ANDRATX,HOME,2120195,A. Real Cerda,A. Real Cerda,0,5.1,305.0,1.0,0.0,0.0,0.0,0.0,0.0,0.0,1.0,2.0,0.0,1.0,1.0,1.0,1.0,0.0,0.0,0.0,2.0,1.0,0.0,-4.0,56.8,0.0,0.0,0.0,0.0,0.0,2.0,0.0,19.1,9.3,66.7,0.0,0.0,53.2,16.2,
2479695,2,981212,ELSAMEX CB ANDRATX,HOME,2276474,L. García Rivera,L. García Rivera,1,27.8,1670.0,0.0,0.0,1.0,0.0,1.0,0.0,2.0,0.0,2.0,0.0,2.0,2.0,1.0,4.0,0.0,0.0,0.0,2.0,2.0,-5.0,-16.0,0.0,0.0,50.0,100.0,0.0,0.0,1.0,0.0,7.0,3.4,9.5,0.0,0.0,58.1,10.9,
2479695,2,981212,ELSAMEX CB ANDRATX,HOME,2294809,P. Sans Cantallops,P. Sans Cantallops,0,30.1,1804.0,13.0,2.0,4.0,1.0,3.0,3.0,7.0,6.0,7.0,2.0,1.0,3.0,0.0,1.0,0.0,0.0,0.0,3.0,5.0,12.0,-20.0,64.5,50.0,42.9,100.0,1.0,1.0,1.4,6.2,3.2,4.7,0.0,0.0,0.0,9.0,16.2,
2479695,2,981335,CESUR DISTRITO OLIMPICO,AWAY,2286837,B. Arranz Albero,B. Arranz Albero,0,18.0,1079.0,9.0,3.0,5.0,1.0,5.0,4.0,10.0,0.0,0.0,0.0,4.0,4.0,0.0,1.0,1.0,0.0,0.0,1.0,0.0,6.0,15.0,45.0,45.0,50.0,0.0,1.2,0.6,0.0,0.0,20.7,10.6,0.0,2.9,0.0,9.1,28.6,
2479695,2,981335,CESUR DISTRITO OLIMPICO,AWAY,1811220,S. Francisco Abos,S. Francisco Abos,1,21.0,1261.0,4.0,0.0,3.0,1.0,5.0,1.0,8.0,1.0,2.0,0.0,5.0,5.0,1.0,0.0,1.0,0.0,0.0,2.0,1.0,2.0,-1.0,22.5,18.8,62.5,25.0,0.0,0.6,2.0,0.0,22.1,11.3,8.3,2.5,0.0,0.0,19.8,
2479695,2,981335,CESUR DISTRITO OLIMPICO,AWAY,2031383,A. Picos Porras,A. Picos Porras,1,32.7,1963.0,17.0,5.0,11.0,1.0,2.0,6.0,13.0,4.0,4.0,3.0,7.0,10.0,0.0,3.0,3.0,0.0,0.0,4.0,5.0,21.0,17.0,57.6,50.0,15.4,30.8,0.9,1.5,0.8,9.0,19.9,14.6,0.0,4.8,0.0,16.9,25.4,
2479695,2,981335,CESUR DISTRITO OLIMPICO,AWAY,2160399,C. Campos Alum,C. Campos Alum,0,11.0,660.0,8.0,2.0,4.0,1.0,2.0,3.0,6.0,1.0,2.0,0.0,1.0,1.0,0.0,1.0,0.0,1.0,0.0,0.0,1.0,6.0,4.0,58.1,58.3,33.3,33.3,1.0,1.5,2.0,0.0,8.5,4.3,0.0,0.0,8.3,12.7,33.5,
2479695,2,981335,CESUR DISTRITO OLIMPICO,AWAY,1871488,M. Gomez Hernandez,M. Gomez Hernandez,1,22.4,1341.0,7.0,1.0,1.0,1.0,4.0,2.0,5.0,2.0,2.0,0.0,3.0,3.0,6.0,1.0,3.0,0.0,0.0,1.0,4.0,18.0,17.0,59.5,50.0,80.0,40.0,2.0,0.8,0.5,0.0,12.5,6.4,44.1,7.0,0.0,14.5,14.4,
2479695,2,981335,CESUR DISTRITO OLIMPICO,AWAY,2404419,P. Alonso-Basurto Cumplido,P. Alonso-Basurto Cumplido,1,7.9,476.0,3.0,1.0,2.0,0.0,0.0,1.0,2.0,1.0,2.0,1.0,0.0,1.0,0.0,1.0,0.0,0.0,0.0,4.0,1.0,-2.0,-7.0,52.1,50.0,0.0,100.0,1.0,0.0,2.0,12.3,0.0,6.0,0.0,0.0,0.0,25.8,23.0,
2479695,2,981335,CESUR DISTRITO OLIMPICO,AWAY,1832824,C. Leal Flores,C. Leal Flores,0,14.1,843.0,2.0,1.0,3.0,0.0,0.0,1.0,3.0,0.0,0.0,3.0,2.0,5.0,1.0,2.0,1.0,0.0,0.0,3.0,0.0,2.0,16.0,33.3,33.3,0.0,0.0,0.7,0.0,0.0,20.8,13.2,16.9,10.6,3.7,0.0,40.0,16.6,
2479695,2,981335,CESUR DISTRITO OLIMPICO,AWAY,1562695,A. González Ramírez,A. González Ramírez,1,19.5,1168.0,4.0,2.0,5.0,0.0,0.0,2.0,5.0,0.0,0.0,2.0,1.0,3.0,2.0,0.0,2.0,0.0,0.0,2.0,0.0,6.0,8.0,40.0,40.0,0.0,0.0,0.8,0.0,0.0,10.0,4.8,7.3,18.2,5.4,0.0,0.0,12.0,
2479695,2,981335,CESUR DISTRITO OLIMPICO,AWAY,2160293,V. Lopez Riaño,V. Lopez Riaño,0,27.3,1640.0,15.0,5.0,9.0,1.0,1.0,6.0,10.0,2.0,3.0,5.0,4.0,9.0,2.0,1.0,2.0,1.0,0.0,3.0,3.0,23.0,27.0,66.3,65.0,10.0,30.0,1.1,3.0,1.0,17.9,13.6,15.7,16.4,3.8,3.3,8.1,21.1,
2479695,2,981335,CESUR DISTRITO OLIMPICO,AWAY,1677519,R. Flores Aguado,R. Flores Aguado,0,16.9,1017.0,0.0,0.0,2.0,0.0,2.0,0.0,4.0,0.0,0.0,0.0,1.0,1.0,3.0,1.0,1.0,0.0,0.0,2.0,0.0,-2.0,7.0,0.0,0.0,50.0,0.0,0.0,0.0,0.0,0.0,5.5,2.8,28.8,3.1,0.0,20.0,13.8,
2479695,2,981335,CESUR DISTRITO OLIMPICO,AWAY,2283143,E. Moratinos Molino,E. Moratinos Molino,0,5.1,305.0,0.0,0.0,1.0,0.0,0.0,0.0,1.0,0.0,0.0,0.0,0.0,0.0,1.0,0.0,0.0,0.0,0.0,1.0,0.0,-1.0,4.0,0.0,0.0,0.0,0.0,0.0,0.0,0.0,0.0,0.0,0.0,38.5,0.0,0.0,0.0,9.2,
2479695,2,981335,CESUR DISTRITO OLIMPICO,AWAY,2800814,A. Emusi Adeniran,A. Emusi Adeniran,0,4.1,247.0,0.0,0.0,0.0,0.0,0.0,0.0,0.0,0.0,0.0,0.0,0.0,0.0,0.0,1.0,0.0,0.0,0.0,0.0,0.0,-1.0,3.0,0.0,0.0,0.0,0.0,0.0,0.0,0.0,0.0,0.0,0.0,0.0,0.0,0.0,100.0,11.4,
2479696,2,981414,HIERROS DÍAZ EXTREMADURA MIRALVALLE,HOME,1707378,M. Pérez Castro,M. Pérez Castro,1,34.4,2063.0,10.0,0.0,4.0,2.0,3.0,2.0,7.0,4.0,4.0,0.0,10.0,10.0,2.0,3.0,0.0,0.0,1.0,3.0,5.0,16.0,-12.0,57.1,42.9,42.9,57.1,0.0,2.0,0.8,0.0,31.4,16.4,18.9,0.0,0.0,25.5,16.3,
2479696,2,981414,HIERROS DÍAZ EXTREMADURA MIRALVALLE,HOME,2818302,V. Michel,V. Michel,1,24.6,1478.0,9.0,4.0,9.0,0.0,0.0,4.0,9.0,1.0,4.0,0.0,4.0,4.0,1.0,2.0,0.0,0.0,0.0,4.0,2.0,2.0,-10.0,41.8,44.4,0.0,44.4,0.9,0.0,2.0,0.0,17.6,9.2,22.7,0.0,0.0,15.7,24.8,
2479696,2,981414,HIERROS DÍAZ EXTREMADURA MIRALVALLE,HOME,2734458,L. Navas Castro,L. Navas Castro,0,22.4,1345.0,0.0,0.0,3.0,0.0,0.0,0.0,3.0,0.0,0.0,1.0,1.0,2.0,1.0,3.0,1.0,0.0,0.0,3.0,0.0,-5.0,-13.0,0.0,0.0,0.0,0.0,0.0,0.0,0.0,5.3,4.8,5.0,11.9,2.2,0.0,50.0,12.8,
2479696,2,981414,HIERROS DÍAZ EXTREMADURA MIRALVALLE,HOME,1158794,A. Fernandez Oraa,A. Fernandez Oraa,0,9.1,545.0,1.0,0.0,1.0,0.0,0.0,0.0,1.0,1.0,3.0,0.0,1.0,1.0,0.0,0.0,1.0,0.0,0.0,0.0,1.0,1.0,0.0,21.6,0.0,0.0,300.0,0.0,0.0,3.0,0.0,11.9,6.2,0.0,5.4,0.0,0.0,12.2,
2479696,2,981414,HIERROS DÍAZ EXTREMADURA MIRALVALLE,HOME,2323794,L. Márquez Corralero,L. Márquez Corralero,0,0.6,35.0,0.0,0.0,0.0,0.0,0.0,0.0,0.0,0.0,0.0,0.0,0.0,0.0,0.0,0.0,0.0,0.0,0.0,0.0,0.0,0.0,0.0,0.0,0.0,0.0,0.0,0.0,0.0,0.0,0.0,0.0,0.0,0.0,0.0,0.0,0.0,0.0,
2479696,2,981414,HIERROS DÍAZ EXTREMADURA MIRALVALLE,HOME,1724925,M. Romero Garrido,M. Romero Garrido,1,30.8,1849.0,5.0,1.0,3.0,1.0,5.0,2.0,8.0,0.0,0.0,0.0,4.0,4.0,2.0,4.0,0.0,0.0,0.0,2.0,5.0,4.0,-13.0,31.2,31.2,62.5,0.0,0.7,0.6,0.0,0.0,14.0,7.3,21.7,0.0,0.0,33.3,18.6,
2479696,2,981414,HIERROS DÍAZ EXTREMADURA MIRALVALLE,HOME,2566363,P. Laurenson Cheynel,P. Laurenson Cheynel,1,32.9,1975.0,14.0,1.0,4.0,2.0,5.0,3.0,9.0,6.0,6.0,1.0,1.0,2.0,3.0,3.0,2.0,0.0,0.0,3.0,3.0,12.0,-5.0,60.1,44.4,55.6,66.7,0.5,1.2,2.0,3.6,3.3,3.4,36.6,3.0,0.0,20.5,21.3,
2479696,2,981414,HIERROS DÍAZ EXTREMADURA MIRALVALLE,HOME,1984467,G. Lopez Cuesta,G. Lopez Cuesta,0,14.8,887.0,6.0,0.0,3.0,0.0,0.0,0.0,3.0,6.0,10.0,2.0,2.0,4.0,0.0,2.0,0.0,0.0,0.0,5.0,6.0,2.0,-4.0,40.5,0.0,0.0,333.3,0.0,0.0,1.7,15.9,14.6,15.2,0.0,0.0,0.0,21.3,30.3,
2479696,2,981414,HIERROS DÍAZ EXTREMADURA MIRALVALLE,HOME,1529427,C. Lazaro Hernandez,C. Lazaro Hernandez,1,30.4,1823.0,8.0,3.0,7.0,0.0,5.0,3.0,12.0,2.0,2.0,2.0,4.0,6.0,0.0,2.0,2.0,0.0,1.0,1.0,2.0,6.0,-13.0,31.1,25.0,41.7,16.7,0.9,0.0,1.0,7.7,14.2,11.1,0.0,3.2,0.0,13.4,23.4,
2479696,2,981227,DPES CB CIUDAD DE MOSTOLES,AWAY,2162836,D. Vaquero Martinez,D. Vaquero Martinez,0,20.2,1213.0,11.0,3.0,3.0,1.0,6.0,4.0,9.0,2.0,3.0,0.0,0.0,0.0,0.0,3.0,2.0,0.0,0.0,4.0,4.0,4.0,14.0,53.3,50.0,66.7,33.3,2.0,0.5,0.8,0.0,0.0,0.0,0.0,5.1,0.0,22.5,28.9,
2479696,2,981227,DPES CB CIUDAD DE MOSTOLES,AWAY,2040603,P. Gonzalez Gonzalez,P. Gonzalez Gonzalez,0,8.2,493.0,0.0,0.0,1.0,0.0,1.0,0.0,2.0,0.0,0.0,1.0,1.0,2.0,0.0,1.0,0.0,0.0,0.0,0.0,0.0,-1.0,-1.0,0.0,0.0,50.0,0.0,0.0,0.0,0.0,13.2,14.3,13.7,0.0,0.0,0.0,33.3,16.0,
2479696,2,981227,DPES CB CIUDAD DE MOSTOLES,AWAY,2367464,H. Sanz Rabja,H. Sanz Rabja,0,0.4,23.0,3.0,0.0,0.0,1.0,1.0,1.0,1.0,0.0,0.0,0.0,0.0,0.0,0.0,0.0,0.0,0.0,0.0,0.0,0.0,3.0,3.0,150.0,150.0,100.0,0.0,0.0,3.0,0.0,0.0,0.0,0.0,-0.0,0.0,0.0,0.0,109.5,
2479696,2,981227,DPES CB CIUDAD DE MOSTOLES,AWAY,1222687,B. Moreno Hurtado,B. Moreno Hurtado,0,8.1,487.0,0.0,0.0,0.0,0.0,0.0,0.0,0.0,0.0,0.0,0.0,1.0,1.0,1.0,0.0,0.0,0.0,0.0,1.0,0.0,1.0,-4.0,0.0,0.0,0.0,0.0,0.0,0.0,0.0,0.0,14.5,7.0,20.8,0.0,0.0,0.0,0.0,
2479696,2,981227,DPES CB CIUDAD DE MOSTOLES,AWAY,1819108,N. Gomez Cobo,N. Gomez Cobo,0,24.1,1446.0,7.0,2.0,4.0,0.0,1.0,2.0,5.0,3.0,4.0,4.0,6.0,10.0,4.0,1.0,1.0,0.0,0.0,4.0,2.0,15.0,14.0,51.8,40.0,20.0,80.0,1.0,0.0,2.0,17.9,29.3,23.4,32.3,2.1,0.0,12.9,14.1,
2479696,2,981227,DPES CB CIUDAD DE MOSTOLES,AWAY,2035086,M. Gamez Martinez,M. Gamez Martinez,0,16.5,992.0,7.0,1.0,2.0,1.0,3.0,2.0,5.0,2.0,2.0,0.0,2.0,2.0,2.0,2.0,0.0,0.0,0.0,1.0,0.0,5.0,7.0,59.5,50.0,60.0,40.0,1.0,1.0,0.0,0.0,14.3,6.8,26.3,0.0,0.0,25.4,20.9,
2479696,2,981227,DPES CB CIUDAD DE MOSTOLES,AWAY,1589173,M. Correa Villalona,M. Correa Villalona,1,19.9,1191.0,4.0,0.0,0.0,1.0,4.0,1.0,4.0,1.0,2.0,0.0,1.0,1.0,0.0,1.0,0.0,0.0,0.0,2.0,5.0,3.0,2.0,41.0,37.5,100.0,50.0,0.0,0.8,0.4,0.0,5.9,2.8,0.0,0.0,0.0,17.0,12.9,
2479696,2,981227,DPES CB CIUDAD DE MOSTOLES,AWAY,1434653,B. Martinez Sanz,B. Martinez Sanz,1,37.8,2266.0,20.0,5.0,7.0,2.0,5.0,7.0,12.0,4.0,4.0,2.0,3.0,5.0,6.0,6.0,3.0,0.0,0.0,2.0,6.0,27.0,13.0,72.7,66.7,41.7,33.3,1.4,1.2,0.7,5.7,9.3,7.5,41.1,4.1,0.0,30.4,22.9,
2479696,2,981227,DPES CB CIUDAD DE MOSTOLES,AWAY,1740994,B. Rodríguez Bazaga,B. Rodríguez Bazaga,1,19.6,1174.0,2.0,1.0,3.0,0.0,4.0,1.0,7.0,0.0,0.0,0.0,3.0,3.0,0.0,2.0,1.0,0.0,0.0,4.0,1.0,-5.0,10.0,14.3,14.3,57.1,0.0,0.7,0.0,0.0,0.0,18.0,8.6,0.0,2.6,0.0,22.2,20.1,
2479696,2,981227,DPES CB CIUDAD DE MOSTOLES,AWAY,2404223,E. Abubakar Arrey,E. Abubakar Arrey,1,20.8,1248.0,7.0,3.0,11.0,0.0,0.0,3.0,11.0,1.0,2.0,1.0,7.0,8.0,0.0,1.0,1.0,0.0,0.0,4.0,1.0,3.0,3.0,29.5,27.3,0.0,18.2,0.5,0.0,2.0,5.2,39.6,21.7,0.0,2.5,0.0,7.8,27.1,
2479696,2,981227,DPES CB CIUDAD DE MOSTOLES,AWAY,2527859,A. Jimenez Vizcaino,A. Jimenez Vizcaino,1,24.4,1467.0,6.0,3.0,6.0,0.0,1.0,3.0,7.0,0.0,2.0,2.0,4.0,6.0,1.0,3.0,1.0,2.0,0.0,2.0,2.0,7.0,9.0,38.1,42.9,14.3,28.6,1.0,0.0,1.0,8.9,19.3,13.9,8.8,2.1,9.6,27.6,19.5,
2479697,3,979892,C. B. ISLA BONITA,HOME,1131087,B. Armengol Vall,B. Armengol Vall,1,31.9,1916.0,11.0,1.0,5.0,1.0,1.0,2.0,6.0,6.0,10.0,1.0,3.0,4.0,3.0,0.0,4.0,0.0,0.0,2.0,7.0,19.0,-9.0,52.9,41.7,16.7,166.7,0.4,3.0,1.4,4.0,11.1,7.7,24.2,7.6,0.0,0.0,18.3,
2479697,3,979892,C. B. ISLA BONITA,HOME,1870487,T. Gonzalez Soto,T. Gonzalez Soto,0,17.4,1043.0,2.0,1.0,1.0,0.0,1.0,1.0,2.0,0.0,0.0,1.0,2.0,3.0,2.0,2.0,0.0,0.0,0.0,2.0,1.0,3.0,-8.0,50.0,50.0,50.0,0.0,2.0,0.0,0.0,7.4,13.5,10.6,32.3,0.0,0.0,50.0,12.9,
2479697,3,979892,C. B. ISLA BONITA,HOME,1981139,S. Blanco Guitian,S. Blanco Guitian,1,16.7,1000.0,5.0,1.0,1.0,1.0,2.0,2.0,3.0,0.0,0.0,0.0,3.0,3.0,0.0,1.0,0.0,0.0,0.0,0.0,0.0,6.0,-5.0,83.3,83.3,66.7,0.0,2.0,1.5,0.0,0.0,21.1,11.1,0.0,0.0,0.0,25.0,13.4,
2479697,3,979892,C. B. ISLA BONITA,HOME,1853281,I. Bautista Villaverde,I. Bautista Villaverde,0,8.3,500.0,3.0,0.0,1.0,1.0,1.0,1.0,2.0,0.0,0.0,0.0,0.0,0.0,0.0,1.0,0.0,0.0,0.0,1.0,0.0,0.0,-8.0,75.0,75.0,50.0,0.0,0.0,3.0,0.0,0.0,0.0,0.0,0.0,0.0,0.0,33.3,20.3,
2479697,3,979892,C. B. ISLA BONITA,HOME,2816643,E. Motekaitytè,E. Motekaitytè,0,27.8,1670.0,7.0,2.0,10.0,0.0,4.0,2.0,14.0,3.0,4.0,3.0,2.0,5.0,0.0,1.0,1.0,0.0,0.0,2.0,2.0,-1.0,0.0,22.2,14.3,28.6,28.6,0.4,0.0,2.0,13.9,8.5,11.1,0.0,2.2,0.0,6.0,33.8,
2479697,3,979892,C. B. ISLA BONITA,HOME,2171960,M. Colom Elosúa,M. Colom Elosúa,0,21.7,1300.0,8.0,1.0,3.0,1.0,2.0,2.0,5.0,3.0,3.0,0.0,0.0,0.0,1.0,1.0,0.0,0.0,0.0,1.0,2.0,6.0,8.0,63.3,50.0,40.0,60.0,0.7,1.5,1.5,0.0,0.0,0.0,14.3,0.0,0.0,13.7,18.9,
2479697,3,979892,C. B. ISLA BONITA,HOME,2524874,M. Vulovic,M. Vulovic,0,20.8,1246.0,4.0,1.0,7.0,0.0,0.0,1.0,7.0,2.0,2.0,2.0,4.0,6.0,1.0,2.0,1.0,0.0,0.0,1.0,3.0,6.0,-11.0,25.4,14.3,0.0,28.6,0.3,0.0,0.7,12.4,22.6,17.8,12.5,2.9,0.0,20.2,26.6,
2479697,3,979892,C. B. ISLA BONITA,HOME,1471341,M. Rosales Elejabeita,M. Rosales Elejabeita,1,3.8,226.0,3.0,0.0,1.0,1.0,1.0,1.0,2.0,0.0,0.0,0.0,1.0,1.0,0.0,0.0,1.0,0.0,0.0,4.0,0.0,0.0,1.0,75.0,75.0,50.0,0.0,0.0,3.0,0.0,0.0,31.0,16.2,0.0,16.0,0.0,0.0,29.5,
2479697,3,979892,C. B. ISLA BONITA,HOME,2816642,N. Cunill Peña,N. Cunill Peña,1,27.6,1658.0,4.0,2.0,2.0,0.0,0.0,2.0,2.0,0.0,0.0,1.0,5.0,6.0,1.0,3.0,1.0,0.0,0.0,2.0,1.0,8.0,2.0,100.0,100.0,0.0,0.0,2.0,0.0,0.0,4.7,21.3,13.4,9.4,2.2,0.0,60.0,10.2,
2479697,3,979892,C. B. ISLA BONITA,HOME,2524609,A. Glomazic,A. Glomazic,1,24.0,1441.0,11.0,1.0,3.0,3.0,5.0,4.0,8.0,0.0,0.0,0.0,4.0,4.0,0.0,1.0,1.0,0.0,0.0,3.0,0.0,8.0,10.0,68.8,68.8,62.5,0.0,0.7,1.8,0.0,0.0,19.6,10.3,0.0,2.5,0.0,11.1,21.0,
2479697,3,981227,DPES CB CIUDAD DE MOSTOLES,AWAY,2040603,P. Gonzalez Gonzalez,P. Gonzalez Gonzalez,0,17.5,1050.0,11.0,2.0,3.0,2.0,5.0,4.0,8.0,1.0,2.0,0.0,3.0,3.0,0.0,0.0,1.0,0.0,0.0,1.0,0.0,9.0,4.0,61.9,62.5,62.5,25.0,1.3,1.2,0.0,0.0,22.1,10.5,0.0,3.6,0.0,0.0,26.8,
2479697,3,981227,DPES CB CIUDAD DE MOSTOLES,AWAY,2162836,D. Vaquero Martinez,D. Vaquero Martinez,0,3.5,207.0,0.0,0.0,2.0,0.0,0.0,0.0,2.0,0.0,0.0,0.0,0.0,0.0,0.0,0.0,1.0,0.0,0.0,0.0,0.0,-1.0,3.0,0.0,0.0,0.0,0.0,0.0,0.0,0.0,0.0,0.0,0.0,0.0,18.0,0.0,0.0,30.2,
2479697,3,981227,DPES CB CIUDAD DE MOSTOLES,AWAY,1178705,A. Peredo Lopez,A. Peredo Lopez,1,26.2,1570.0,6.0,0.0,0.0,2.0,6.0,2.0,6.0,0.0,0.0,0.0,4.0,4.0,3.0,2.0,1.0,0.0,0.0,0.0,1.0,9.0,13.0,50.0,50.0,100.0,0.0,0.0,1.0,0.0,0.0,19.7,9.4,25.0,2.4,0.0,25.0,16.1,
2479697,3,981227,DPES CB CIUDAD DE MOSTOLES,AWAY,1222687,B. Moreno Hurtado,B. Moreno Hurtado,0,9.3,557.0,0.0,0.0,0.0,0.0,3.0,0.0,3.0,0.0,0.0,0.0,1.0,1.0,0.0,2.0,1.0,0.0,0.0,2.0,0.0,-5.0,0.0,0.0,0.0,100.0,0.0,0.0,0.0,0.0,0.0,13.9,6.6,0.0,6.8,0.0,40.0,28.4,
2479697,3,981227,DPES CB CIUDAD DE MOSTOLES,AWAY,1819108,N. Gomez Cobo,N. Gomez Cobo,0,11.2,670.0,0.0,0.0,3.0,0.0,1.0,0.0,4.0,0.0,0.0,2.0,2.0,4.0,0.0,1.0,0.0,0.0,0.0,0.0,0.0,-1.0,-3.0,0.0,0.0,25.0,0.0,0.0,0.0,0.0,21.0,23.0,22.0,0.0,0.0,0.0,20.0,23.6,
2479697,3,981227,DPES CB CIUDAD DE MOSTOLES,AWAY,2035086,M. Gamez Martinez,M. Gamez Martinez,0,18.0,1081.0,6.0,0.0,1.0,2.0,2.0,2.0,3.0,0.0,1.0,0.0,1.0,1.0,1.0,2.0,0.0,0.0,0.0,3.0,2.0,3.0,10.0,87.2,100.0,66.7,33.3,0.0,3.0,0.5,0.0,7.2,3.4,12.5,0.0,0.0,36.8,15.9,
2479697,3,981227,DPES CB CIUDAD DE MOSTOLES,AWAY,1589173,M. Correa Villalona,M. Correa Villalona,1,16.3,978.0,3.0,0.0,0.0,1.0,2.0,1.0,2.0,0.0,2.0,0.0,1.0,1.0,0.0,0.0,0.0,0.0,0.0,3.0,2.0,0.0,-6.0,52.1,75.0,100.0,100.0,0.0,1.5,1.0,0.0,7.9,3.8,0.0,0.0,0.0,0.0,9.3,
2479697,3,981227,DPES CB CIUDAD DE MOSTOLES,AWAY,1434653,B. Martinez Sanz,B. Martinez Sanz,1,34.8,2086.0,17.0,2.0,3.0,2.0,3.0,4.0,6.0,7.0,8.0,6.0,2.0,8.0,3.0,3.0,0.0,0.0,0.0,2.0,5.0,25.0,6.0,89.3,83.3,50.0,133.3,1.3,2.0,1.6,20.3,7.4,14.1,21.4,0.0,0.0,24.0,19.0,
2479697,3,981227,DPES CB CIUDAD DE MOSTOLES,AWAY,1740994,B. Rodríguez Bazaga,B. Rodríguez Bazaga,1,29.9,1793.0,6.0,0.0,1.0,2.0,9.0,2.0,10.0,0.0,0.0,1.0,2.0,3.0,2.0,0.0,0.0,0.0,0.0,1.0,1.0,3.0,-7.0,30.0,30.0,90.0,0.0,0.0,0.7,0.0,3.9,8.6,6.2,16.7,0.0,0.0,0.0,17.6,
2479697,3,981227,DPES CB CIUDAD DE MOSTOLES,AWAY,2404223,E. Abubakar Arrey,E. Abubakar Arrey,1,26.7,1604.0,13.0,5.0,8.0,0.0,0.0,5.0,8.0,3.0,7.0,1.0,5.0,6.0,2.0,2.0,2.0,0.0,0.0,2.0,6.0,18.0,1.0,58.7,62.5,0.0,87.5,1.2,0.0,1.2,4.4,24.2,13.8,22.2,4.7,0.0,15.3,25.9,
2479697,3,981227,DPES CB CIUDAD DE MOSTOLES,AWAY,2527859,A. Jimenez Vizcaino,A. Jimenez Vizcaino,0,6.7,404.0,0.0,0.0,2.0,0.0,0.0,0.0,2.0,0.0,0.0,0.0,2.0,2.0,0.0,1.0,0.0,0.0,0.0,2.0,0.0,-3.0,-1.0,0.0,0.0,0.0,0.0,0.0,0.0,0.0,0.0,38.5,18.4,0.0,0.0,0.0,33.3,23.6,
2479698,3,981335,CESUR DISTRITO OLIMPICO,HOME,2286837,B. Arranz Albero,B. Arranz Albero,0,18.4,1104.0,8.0,1.0,2.0,2.0,5.0,3.0,7.0,0.0,0.0,0.0,1.0,1.0,4.0,0.0,0.0,0.0,0.0,1.0,1.0,9.0,9.0,57.1,57.1,71.4,0.0,1.0,1.2,0.0,0.0,5.9,3.0,40.0,0.0,0.0,0.0,16.9,
2479698,3,981335,CESUR DISTRITO OLIMPICO,HOME,1811220,S. Francisco Abos,S. Francisco Abos,1,16.1,968.0,2.0,1.0,2.0,0.0,2.0,1.0,4.0,0.0,0.0,1.0,1.0,2.0,3.0,1.0,1.0,1.0,0.0,1.0,0.0,4.0,12.0,25.0,25.0,50.0,0.0,1.0,0.0,0.0,7.1,6.7,6.9,31.9,3.4,6.1,20.0,13.8,
2479698,3,981335,CESUR DISTRITO OLIMPICO,HOME,2031383,A. Picos Porras,A. Picos Porras,1,29.6,1779.0,13.0,3.0,6.0,0.0,1.0,3.0,7.0,7.0,8.0,4.0,9.0,13.0,2.0,4.0,1.0,1.0,0.0,2.0,10.0,29.0,22.0,61.8,42.9,14.3,114.3,1.0,0.0,0.8,15.4,32.9,24.4,13.2,1.9,3.3,27.5,21.8,
2479698,3,981335,CESUR DISTRITO OLIMPICO,HOME,2160399,C. Campos Alum,C. Campos Alum,0,7.3,441.0,0.0,0.0,3.0,0.0,0.0,0.0,3.0,0.0,0.0,2.0,1.0,3.0,0.0,0.0,0.0,0.0,0.0,0.0,0.0,0.0,-12.0,0.0,0.0,0.0,0.0,0.0,0.0,0.0,31.3,14.8,22.8,0.0,0.0,0.0,0.0,18.3,
2479698,3,981335,CESUR DISTRITO OLIMPICO,HOME,1871488,M. Gomez Hernandez,M. Gomez Hernandez,1,23.3,1396.0,13.0,2.0,3.0,3.0,8.0,5.0,11.0,0.0,0.0,1.0,3.0,4.0,4.0,4.0,1.0,0.0,0.0,4.0,0.0,8.0,21.0,59.1,59.1,72.7,0.0,1.3,1.1,0.0,4.9,13.9,9.5,37.7,2.4,0.0,26.7,28.6,
2479698,3,981335,CESUR DISTRITO OLIMPICO,HOME,2404419,P. Alonso-Basurto Cumplido,P. Alonso-Basurto Cumplido,0,20.5,1229.0,6.0,3.0,7.0,0.0,1.0,3.0,8.0,0.0,2.0,1.0,4.0,5.0,1.0,1.0,1.0,0.0,1.0,2.0,2.0,5.0,11.0,33.8,37.5,12.5,25.0,0.9,0.0,1.0,5.6,21.1,13.6,10.0,2.7,0.0,10.1,21.4,
2479698,3,981335,CESUR DISTRITO OLIMPICO,HOME,2800814,A. Emusi Adeniran,A. Emusi Adeniran,0,3.9,232.0,0.0,0.0,1.0,0.0,0.0,0.0,1.0,0.0,2.0,2.0,0.0,2.0,0.0,0.0,0.0,0.0,0.0,0.0,1.0,0.0,-3.0,0.0,0.0,0.0,200.0,0.0,0.0,2.0,58.6,0.0,28.5,0.0,0.0,0.0,0.0,21.4,
2479698,3,981335,CESUR DISTRITO OLIMPICO,HOME,1832824,C. Leal Flores,C. Leal Flores,0,25.5,1530.0,4.0,2.0,5.0,0.0,3.0,2.0,8.0,0.0,0.0,3.0,5.0,8.0,1.0,1.0,1.0,1.0,0.0,1.0,1.0,8.0,2.0,25.0,25.0,37.5,0.0,0.8,0.0,0.0,13.4,21.2,17.4,7.4,2.2,3.8,11.1,15.7,
2479698,3,981335,CESUR DISTRITO OLIMPICO,HOME,1562695,A. González Ramírez,A. González Ramírez,1,26.9,1613.0,2.0,1.0,1.0,0.0,3.0,1.0,4.0,0.0,0.0,0.0,2.0,2.0,4.0,0.0,1.0,0.0,0.0,2.0,0.0,4.0,18.0,25.0,25.0,75.0,0.0,2.0,0.0,0.0,0.0,8.0,4.1,23.3,2.1,0.0,0.0,6.6,
2479698,3,981335,CESUR DISTRITO OLIMPICO,HOME,2160293,V. Lopez Riaño,V. Lopez Riaño,1,18.2,1091.0,21.0,7.0,11.0,1.0,1.0,8.0,12.0,4.0,4.0,0.0,3.0,3.0,1.0,1.0,3.0,0.0,0.0,3.0,4.0,24.0,22.0,76.3,70.8,8.3,33.3,1.3,3.0,1.0,0.0,17.8,9.2,20.0,9.1,0.0,6.8,36.0,
2479698,3,981335,CESUR DISTRITO OLIMPICO,HOME,1677519,R. Flores Aguado,R. Flores Aguado,0,8.0,481.0,0.0,0.0,1.0,0.0,0.0,0.0,1.0,0.0,0.0,0.0,1.0,1.0,1.0,3.0,0.0,0.0,0.0,1.0,0.0,-3.0,1.0,0.0,0.0,0.0,0.0,0.0,0.0,0.0,0.0,13.5,6.9,19.2,0.0,0.0,75.0,22.2,
2479698,3,981335,CESUR DISTRITO OLIMPICO,HOME,2283143,E. Moratinos Molino,E. Moratinos Molino,0,2.3,136.0,0.0,0.0,1.0,0.0,0.0,0.0,1.0,0.0,0.0,0.0,0.0,0.0,0.0,1.0,1.0,0.0,0.0,0.0,0.0,-1.0,2.0,0.0,0.0,0.0,0.0,0.0,0.0,0.0,0.0,0.0,0.0,0.0,24.1,0.0,50.0,38.6,
2479698,3,981414,HIERROS DÍAZ EXTREMADURA MIRALVALLE,AWAY,1707378,M. Pérez Castro,M. Pérez Castro,0,33.4,2003.0,8.0,2.0,3.0,0.0,3.0,2.0,6.0,4.0,4.0,0.0,1.0,1.0,4.0,3.0,3.0,0.0,0.0,0.0,5.0,14.0,-13.0,51.5,33.3,50.0,66.7,1.3,0.0,0.8,0.0,3.4,1.7,34.5,4.7,0.0,27.9,16.3,
2479698,3,981414,HIERROS DÍAZ EXTREMADURA MIRALVALLE,AWAY,2818302,V. Michel,V. Michel,1,30.8,1848.0,11.0,5.0,14.0,0.0,1.0,5.0,15.0,1.0,2.0,4.0,4.0,8.0,0.0,5.0,2.0,0.0,1.0,5.0,1.0,1.0,-14.0,34.6,33.3,6.7,13.3,0.7,0.0,2.0,14.0,14.8,14.4,0.0,3.4,0.0,23.9,34.3,
2479698,3,981414,HIERROS DÍAZ EXTREMADURA MIRALVALLE,AWAY,2734458,L. Navas Castro,L. Navas Castro,0,31.2,1873.0,8.0,1.0,4.0,2.0,5.0,3.0,9.0,0.0,2.0,0.0,3.0,3.0,4.0,1.0,2.0,0.0,0.0,3.0,3.0,8.0,-9.0,40.5,44.4,55.6,22.2,0.5,1.2,0.7,0.0,11.0,5.3,37.7,3.4,0.0,9.2,17.6,
2479698,3,981414,HIERROS DÍAZ EXTREMADURA MIRALVALLE,AWAY,1158794,A. Fernandez Oraa,A. Fernandez Oraa,1,5.6,338.0,0.0,0.0,1.0,0.0,0.0,0.0,1.0,0.0,0.0,2.0,1.0,3.0,0.0,0.0,0.0,0.0,0.0,0.0,0.0,2.0,-8.0,0.0,0.0,0.0,0.0,0.0,0.0,0.0,38.6,20.4,29.8,0.0,0.0,0.0,0.0,9.0,
2479698,3,981414,HIERROS DÍAZ EXTREMADURA MIRALVALLE,AWAY,1724925,M. Romero Garrido,M. Romero Garrido,1,28.3,1696.0,9.0,2.0,6.0,1.0,4.0,3.0,10.0,2.0,2.0,1.0,3.0,4.0,1.0,1.0,1.0,0.0,1.0,2.0,3.0,8.0,-15.0,41.4,35.0,40.0,20.0,0.7,0.8,0.7,3.8,12.1,7.9,11.2,1.9,0.0,8.4,21.2,
2479698,3,981414,HIERROS DÍAZ EXTREMADURA MIRALVALLE,AWAY,2566363,P. Laurenson Cheynel,P. Laurenson Cheynel,1,31.1,1864.0,4.0,1.0,6.0,0.0,2.0,1.0,8.0,2.0,2.0,0.0,2.0,2.0,3.0,3.0,1.0,0.0,1.0,2.0,3.0,1.0,-28.0,22.5,12.5,25.0,25.0,0.3,0.0,0.7,0.0,7.3,3.6,23.8,1.7,0.0,25.3,19.3,
2479698,3,981414,HIERROS DÍAZ EXTREMADURA MIRALVALLE,AWAY,1984467,G. Lopez Cuesta,G. Lopez Cuesta,0,20.9,1252.0,8.0,3.0,6.0,0.0,0.0,3.0,6.0,2.0,2.0,0.0,4.0,4.0,0.0,1.0,0.0,1.0,0.0,3.0,1.0,7.0,-12.0,58.1,50.0,0.0,33.3,1.0,0.0,2.0,0.0,21.9,10.6,0.0,0.0,4.5,12.7,19.1,
2479698,3,981414,HIERROS DÍAZ EXTREMADURA MIRALVALLE,AWAY,1529427,C. Lazaro Hernandez,C. Lazaro Hernandez,1,18.8,1126.0,0.0,0.0,1.0,0.0,3.0,0.0,4.0,0.0,0.0,0.0,3.0,3.0,2.0,0.0,0.0,0.0,0.0,4.0,1.0,-2.0,-6.0,0.0,0.0,75.0,0.0,0.0,0.0,0.0,0.0,18.2,8.9,23.5,0.0,0.0,0.0,10.8,
2479699,3,981286,ESCO GRUPO FEMENINO ALCORCON,HOME,2822981,C. Ribeiro Dos Santos Bernardeco,C. Ribeiro Dos Santos Bernardeco,1,27.5,1650.0,13.0,1.0,3.0,3.0,3.0,4.0,6.0,2.0,2.0,1.0,1.0,2.0,3.0,2.0,3.0,0.0,0.0,1.0,2.0,18.0,3.0,94.5,91.7,50.0,33.3,0.7,3.0,1.0,3.6,4.0,3.8,16.9,5.4,0.0,22.5,13.6,
2479699,3,981286,ESCO GRUPO FEMENINO ALCORCON,HOME,2095287,G. Escorial Ferrero,G. Escorial Ferrero,0,22.7,1364.0,12.0,6.0,11.0,0.0,0.0,6.0,11.0,0.0,2.0,3.0,8.0,11.0,0.0,1.0,0.0,1.0,0.0,4.0,2.0,14.0,-1.0,50.5,54.5,0.0,18.2,1.1,0.0,1.0,13.2,39.2,25.5,0.0,0.0,4.8,7.8,23.9,
2479699,3,981286,ESCO GRUPO FEMENINO ALCORCON,HOME,2162538,C. Del Amo Sevillano,C. Del Amo Sevillano,1,12.3,738.0,12.0,4.0,7.0,1.0,2.0,5.0,9.0,1.0,2.0,1.0,1.0,2.0,1.0,1.0,2.0,0.0,0.0,3.0,1.0,9.0,13.0,60.7,61.1,22.2,22.2,1.1,1.5,2.0,8.1,9.0,8.6,23.3,8.0,0.0,9.2,37.3,
2479699,3,981286,ESCO GRUPO FEMENINO ALCORCON,HOME,2182200,L. Bernardo Perez,L. Bernardo Perez,0,14.9,896.0,9.0,1.0,1.0,2.0,4.0,3.0,5.0,1.0,2.0,0.0,4.0,4.0,2.0,1.0,0.0,0.0,0.0,3.0,1.0,9.0,-2.0,76.5,80.0,80.0,40.0,2.0,1.5,2.0,0.0,29.8,14.1,21.3,0.0,0.0,14.5,19.5,
2479699,3,981286,ESCO GRUPO FEMENINO ALCORCON,HOME,1535457,M. Aranda Fraile,M. Aranda Fraile,0,23.8,1430.0,3.0,1.0,1.0,0.0,6.0,1.0,7.0,1.0,2.0,1.0,2.0,3.0,8.0,0.0,0.0,0.0,0.0,2.0,1.0,6.0,7.0,19.0,14.3,85.7,28.6,2.0,0.0,2.0,4.2,9.3,6.6,45.5,0.0,0.0,0.0,13.9,
2479699,3,981286,ESCO GRUPO FEMENINO ALCORCON,HOME,2822982,Y. Sifaoui Bucero,Y. Sifaoui Bucero,0,24.4,1467.0,9.0,3.0,7.0,0.0,0.0,3.0,7.0,3.0,6.0,3.0,5.0,8.0,1.0,1.0,1.0,0.0,0.0,1.0,4.0,14.0,10.0,46.7,42.9,0.0,85.7,0.9,0.0,1.5,12.3,22.8,17.3,6.4,2.0,0.0,9.4,18.4,
2479699,3,981286,ESCO GRUPO FEMENINO ALCORCON,HOME,2819126,L. Vulovic,L. Vulovic,1,17.5,1048.0,5.0,1.0,3.0,0.0,0.0,1.0,3.0,3.0,4.0,0.0,1.0,1.0,1.0,3.0,1.0,0.0,1.0,3.0,2.0,1.0,1.0,52.5,33.3,0.0,133.3,0.7,0.0,2.0,0.0,6.3,3.0,8.8,2.8,0.0,38.7,18.7,
2479699,3,981286,ESCO GRUPO FEMENINO ALCORCON,HOME,2128123,N. Ipo Seriche-Dougan,N. Ipo Seriche-Dougan,1,20.5,1232.0,7.0,1.0,5.0,0.0,1.0,1.0,6.0,5.0,10.0,1.0,5.0,6.0,6.0,1.0,1.0,0.0,0.0,2.0,7.0,14.0,1.0,33.7,16.7,16.7,166.7,0.4,0.0,1.4,4.9,27.1,15.4,41.4,2.4,0.0,8.8,23.4,
2479699,3,981286,ESCO GRUPO FEMENINO ALCORCON,HOME,2164976,A. Martínez Mora,A. Martínez Mora,0,12.4,745.0,3.0,1.0,1.0,0.0,0.0,1.0,1.0,1.0,2.0,1.0,1.0,2.0,0.0,0.0,0.0,0.0,0.0,2.0,2.0,4.0,6.0,79.8,100.0,0.0,200.0,2.0,0.0,1.0,8.1,9.0,8.5,0.0,0.0,0.0,0.0,6.4,
2479699,3,981286,ESCO GRUPO FEMENINO ALCORCON,HOME,2176383,I. Camiña Rodriguez,I. Camiña Rodriguez,1,23.8,1430.0,17.0,3.0,4.0,3.0,9.0,6.0,13.0,2.0,2.0,4.0,4.0,8.0,1.0,2.0,0.0,0.0,0.0,3.0,1.0,15.0,17.0,61.2,57.7,69.2,15.4,1.5,1.0,2.0,16.8,18.7,17.7,7.9,0.0,0.0,12.6,28.1,
2479699,3,981212,ELSAMEX CB ANDRATX,AWAY,2820516,L. Stenta,L. Stenta,0,9.7,581.0,4.0,0.0,1.0,1.0,1.0,1.0,2.0,1.0,2.0,0.0,0.0,0.0,1.0,3.0,0.0,0.0,0.0,3.0,1.0,-2.0,-9.0,69.4,75.0,50.0,100.0,0.0,3.0,2.0,0.0,0.0,0.0,23.8,0.0,0.0,51.0,28.4,
2479699,3,981212,ELSAMEX CB ANDRATX,AWAY,1461086,P. Comella Pons,P. Comella Pons,0,34.4,2064.0,19.0,3.0,7.0,4.0,9.0,7.0,16.0,1.0,3.0,0.0,7.0,7.0,3.0,1.0,2.0,0.0,0.0,0.0,4.0,23.0,-2.0,54.8,56.2,56.2,18.8,0.9,1.3,0.8,0.0,20.3,10.7,18.3,2.9,0.0,5.5,25.0,
2479699,3,981212,ELSAMEX CB ANDRATX,AWAY,2036170,A. Peregrina Garcia,A. Peregrina Garcia,0,27.6,1657.0,11.0,2.0,4.0,1.0,5.0,3.0,9.0,4.0,4.0,0.0,6.0,6.0,5.0,2.0,1.0,0.0,0.0,1.0,7.0,21.0,6.0,51.1,38.9,55.6,44.4,1.0,0.6,0.6,0.0,21.7,11.4,32.9,1.8,0.0,15.7,21.7,
2479699,3,981212,ELSAMEX CB ANDRATX,AWAY,2251948,F. Diallo Bagayogo,F. Diallo Bagayogo,0,8.4,504.0,6.0,0.0,0.0,1.0,1.0,1.0,1.0,3.0,4.0,1.0,0.0,1.0,0.0,0.0,0.0,0.0,0.0,2.0,2.0,6.0,-7.0,108.7,150.0,100.0,400.0,0.0,3.0,2.0,13.2,0.0,6.3,0.0,0.0,0.0,0.0,15.4,
2479699,3,981212,ELSAMEX CB ANDRATX,AWAY,1579078,H. Condom Rosell,H. Condom Rosell,0,30.3,1819.0,8.0,3.0,5.0,0.0,0.0,3.0,5.0,2.0,2.0,2.0,4.0,6.0,2.0,1.0,0.0,1.0,1.0,3.0,1.0,12.0,-2.0,68.0,60.0,0.0,40.0,1.2,0.0,2.0,7.3,13.2,10.4,11.2,0.0,3.1,14.5,10.6,
2479699,3,981212,ELSAMEX CB ANDRATX,AWAY,2148958,M. López Martí,M. López Martí,0,17.5,1052.0,2.0,1.0,2.0,0.0,1.0,1.0,3.0,0.0,0.0,0.0,0.0,0.0,0.0,1.0,2.0,0.0,0.0,1.0,0.0,0.0,-14.0,33.3,33.3,33.3,0.0,1.0,0.0,0.0,0.0,0.0,0.0,0.0,5.7,0.0,25.0,10.7,
2479699,3,981212,ELSAMEX CB ANDRATX,AWAY,2120195,A. Real Cerda,A. Real Cerda,0,7.2,429.0,1.0,0.0,1.0,0.0,0.0,0.0,1.0,1.0,2.0,0.0,1.0,1.0,0.0,1.0,0.0,0.0,0.0,3.0,2.0,-2.0,-9.0,26.6,0.0,0.0,200.0,0.0,0.0,1.0,0.0,13.9,7.3,0.0,0.0,0.0,34.7,18.8,
2479699,3,981212,ELSAMEX CB ANDRATX,AWAY,2276474,L. García Rivera,L. García Rivera,0,19.5,1170.0,0.0,0.0,3.0,0.0,1.0,0.0,4.0,0.0,0.0,0.0,1.0,1.0,6.0,0.0,0.0,0.0,0.0,4.0,0.0,-1.0,-13.0,0.0,0.0,25.0,0.0,0.0,0.0,0.0,0.0,5.1,2.7,46.2,0.0,0.0,0.0,9.6,
2479699,3,981212,ELSAMEX CB ANDRATX,AWAY,2043611,J. Ballester Manque,J. Ballester Manque,0,20.1,1207.0,12.0,5.0,8.0,0.0,0.0,5.0,8.0,2.0,4.0,0.0,4.0,4.0,0.0,1.0,0.0,0.0,0.0,2.0,2.0,10.0,-8.0,61.5,62.5,0.0,50.0,1.2,0.0,2.0,0.0,19.9,10.5,0.0,0.0,0.0,9.3,25.1,
2479699,3,981212,ELSAMEX CB ANDRATX,AWAY,2294809,P. Sans Cantallops,P. Sans Cantallops,0,25.3,1517.0,16.0,3.0,6.0,2.0,7.0,5.0,13.0,4.0,7.0,1.0,2.0,3.0,3.0,1.0,3.0,0.0,0.0,4.0,5.0,14.0,3.0,49.8,46.2,53.8,53.8,1.0,0.9,1.4,4.4,7.9,6.2,28.3,5.9,0.0,5.9,31.7,
2479700,3,980023,GEIEG PACISA,HOME,1949920,J. Pairo Urtos,J. Pairo Urtos,1,21.8,1310.0,6.0,0.0,2.0,2.0,3.0,2.0,5.0,0.0,0.0,0.0,5.0,5.0,0.0,2.0,1.0,0.0,0.0,0.0,0.0,7.0,8.0,60.0,60.0,60.0,0.0,0.0,2.0,0.0,0.0,23.5,13.5,0.0,2.5,0.0,28.6,14.8,
2479700,3,980023,GEIEG PACISA,HOME,1917788,M. Carbo Cachinero,M. Carbo Cachinero,0,16.9,1014.0,10.0,3.0,6.0,1.0,2.0,4.0,8.0,1.0,2.0,1.0,5.0,6.0,0.0,2.0,4.0,0.0,0.0,4.0,2.0,11.0,21.0,56.3,56.2,25.0,25.0,1.0,1.5,1.0,8.2,30.3,20.9,0.0,12.8,0.0,18.4,29.7,
2479700,3,980023,GEIEG PACISA,HOME,1944150,M. Melero Bravo,M. Melero Bravo,1,21.9,1316.0,10.0,3.0,6.0,0.0,2.0,3.0,8.0,4.0,4.0,0.0,4.0,4.0,5.0,5.0,2.0,0.0,0.0,2.0,4.0,13.0,25.0,51.2,37.5,25.0,50.0,1.0,0.0,1.0,0.0,18.7,10.7,50.0,4.9,0.0,33.9,31.1,
2479700,3,980023,GEIEG PACISA,HOME,1748049,N. Bagaria Rovira,N. Bagaria Rovira,0,19.7,1184.0,0.0,0.0,1.0,0.0,2.0,0.0,3.0,0.0,0.0,0.0,1.0,1.0,2.0,1.0,0.0,0.0,0.0,0.0,2.0,1.0,10.0,0.0,0.0,66.7,0.0,0.0,0.0,0.0,0.0,5.2,3.0,15.4,0.0,0.0,25.0,9.4,
2479700,3,980023,GEIEG PACISA,HOME,1667386,C. Morente Lopez,C. Morente Lopez,0,17.1,1026.0,8.0,1.0,2.0,2.0,3.0,3.0,5.0,0.0,0.0,2.0,0.0,2.0,1.0,1.0,0.0,0.0,0.0,1.0,1.0,8.0,12.0,80.0,80.0,60.0,0.0,1.0,2.0,0.0,16.1,0.0,6.9,13.5,0.0,0.0,16.7,16.2,
2479700,3,980023,GEIEG PACISA,HOME,1968963,A. Talasimov,A. Talasimov,1,18.4,1101.0,2.0,1.0,2.0,0.0,1.0,1.0,3.0,0.0,0.0,1.0,2.0,3.0,0.0,2.0,0.0,0.0,0.0,2.0,0.0,-1.0,4.0,33.3,33.3,33.3,0.0,1.0,0.0,0.0,7.5,11.1,9.6,0.0,0.0,0.0,40.0,12.5,
2479700,3,980023,GEIEG PACISA,HOME,1567998,V. Gonzalez Olaizola,V. Gonzalez Olaizola,0,23.8,1425.0,11.0,4.0,6.0,0.0,1.0,4.0,7.0,3.0,6.0,1.0,8.0,9.0,3.0,1.0,0.0,0.0,0.0,3.0,4.0,17.0,30.0,57.1,57.1,14.3,85.7,1.3,0.0,1.5,5.8,34.5,22.2,25.9,0.0,0.0,9.4,20.6,
2479700,3,980023,GEIEG PACISA,HOME,1666109,A. Coma Perpiña,A. Coma Perpiña,1,22.5,1350.0,10.0,3.0,5.0,1.0,2.0,4.0,7.0,1.0,4.0,2.0,1.0,3.0,1.0,4.0,3.0,0.0,0.0,0.0,6.0,13.0,17.0,57.1,64.3,28.6,57.1,1.2,1.5,0.7,12.3,4.6,7.8,8.6,7.2,0.0,31.3,26.2,
2479700,3,980023,GEIEG PACISA,HOME,2055732,C. Vila Matamala,C. Vila Matamala,0,7.7,464.0,0.0,0.0,0.0,0.0,0.0,0.0,0.0,0.0,0.0,0.0,0.0,0.0,0.0,1.0,0.0,0.0,0.0,2.0,0.0,-3.0,8.0,0.0,0.0,0.0,0.0,0.0,0.0,0.0,0.0,0.0,0.0,0.0,0.0,0.0,100.0,6.0,
2479700,3,980023,GEIEG PACISA,HOME,1926754,J. Fernandez Pinsach,J. Fernandez Pinsach,1,17.8,1065.0,10.0,3.0,8.0,0.0,0.0,3.0,8.0,4.0,4.0,5.0,6.0,11.0,0.0,1.0,0.0,0.0,0.0,3.0,4.0,16.0,4.0,51.2,37.5,0.0,50.0,0.8,0.0,1.0,38.7,34.6,36.4,0.0,0.0,0.0,9.3,27.9,
2479700,3,980023,GEIEG PACISA,HOME,2239082,N. Mitjanas Costa,N. Mitjanas Costa,0,12.4,745.0,5.0,2.0,2.0,0.0,1.0,2.0,3.0,1.0,2.0,0.0,0.0,0.0,0.0,0.0,1.0,0.0,0.0,1.0,1.0,4.0,16.0,64.4,66.7,33.3,66.7,2.0,0.0,2.0,0.0,0.0,0.0,0.0,4.3,0.0,0.0,14.4,
2479700,3,979775,BASKET ALMEDA,AWAY,2104880,M. Llodra Jaen,M. Llodra Jaen,0,7.7,463.0,3.0,0.0,0.0,1.0,1.0,1.0,1.0,0.0,0.0,1.0,0.0,1.0,1.0,0.0,0.0,0.0,0.0,0.0,0.0,5.0,-6.0,150.0,150.0,100.0,0.0,0.0,3.0,0.0,13.3,0.0,7.6,45.5,0.0,0.0,0.0,6.4,
2479700,3,979775,BASKET ALMEDA,AWAY,1929994,M. Garcia Menéndez,M. Garcia Menéndez,1,18.7,1123.0,6.0,3.0,5.0,0.0,1.0,3.0,6.0,0.0,0.0,2.0,3.0,5.0,0.0,1.0,0.0,0.0,0.0,1.0,1.0,7.0,-18.0,50.0,50.0,16.7,0.0,1.2,0.0,0.0,11.0,22.1,15.7,0.0,0.0,0.0,14.3,18.4,
2479700,3,979775,BASKET ALMEDA,AWAY,1912154,C. Balibrea Oliveras,C. Balibrea Oliveras,0,15.5,932.0,0.0,0.0,3.0,0.0,0.0,0.0,3.0,0.0,0.0,0.0,0.0,0.0,0.0,1.0,1.0,0.0,0.0,2.0,0.0,-5.0,-22.0,0.0,0.0,0.0,0.0,0.0,0.0,0.0,0.0,0.0,0.0,0.0,3.5,0.0,25.0,12.7,
2479700,3,979775,BASKET ALMEDA,AWAY,2219057,I. Homs Fatjo,I. Homs Fatjo,0,14.2,850.0,10.0,3.0,3.0,1.0,3.0,4.0,6.0,1.0,2.0,0.0,2.0,2.0,1.0,0.0,0.0,0.0,0.0,1.0,2.0,11.0,-7.0,72.7,75.0,50.0,33.3,2.0,1.0,1.0,0.0,19.4,8.3,41.7,0.0,0.0,0.0,23.9,
2479700,3,979775,BASKET ALMEDA,AWAY,1893303,L. Tierno Martí,L. Tierno Martí,1,19.2,1152.0,1.0,0.0,0.0,0.0,4.0,0.0,4.0,1.0,2.0,0.0,1.0,1.0,1.0,3.0,2.0,0.0,0.0,1.0,4.0,0.0,-25.0,10.2,0.0,100.0,50.0,0.0,0.0,0.5,0.0,7.2,3.1,12.5,5.6,0.0,38.1,20.2,
2479700,3,979775,BASKET ALMEDA,AWAY,1737538,C. Pujol Martinez,C. Pujol Martinez,1,27.0,1622.0,2.0,0.0,1.0,0.0,2.0,0.0,3.0,2.0,4.0,1.0,5.0,6.0,3.0,1.0,3.0,0.0,0.0,2.0,4.0,10.0,-12.0,21.0,0.0,66.7,133.3,0.0,0.0,1.0,3.8,25.5,13.1,26.8,6.0,0.0,17.4,10.5,
2479700,3,979775,BASKET ALMEDA,AWAY,2157230,L. Jove Fuste,L. Jove Fuste,0,14.9,894.0,2.0,1.0,3.0,0.0,2.0,1.0,5.0,0.0,0.0,0.0,0.0,0.0,1.0,1.0,0.0,0.0,0.0,1.0,1.0,-2.0,-6.0,20.0,20.0,40.0,0.0,0.7,0.0,0.0,0.0,0.0,0.0,18.5,0.0,0.0,16.7,19.8,
2479700,3,979775,BASKET ALMEDA,AWAY,1923707,C. Diaz-Guerra Prats,C. Diaz-Guerra Prats,1,21.4,1281.0,11.0,4.0,9.0,1.0,4.0,5.0,13.0,0.0,0.0,0.0,1.0,1.0,1.0,4.0,2.0,0.0,0.0,4.0,1.0,0.0,-20.0,42.3,42.3,30.8,0.0,0.9,0.8,0.0,0.0,6.4,2.7,33.3,5.0,0.0,23.5,39.2,
2479700,3,979775,BASKET ALMEDA,AWAY,2053836,C. Moreno Mengibar,C. Moreno Mengibar,1,17.8,1070.0,0.0,0.0,3.0,0.0,1.0,0.0,4.0,0.0,2.0,0.0,3.0,3.0,0.0,1.0,1.0,0.0,0.0,2.0,2.0,-3.0,-12.0,0.0,0.0,25.0,50.0,0.0,0.0,1.0,0.0,23.2,9.9,0.0,3.0,0.0,17.0,16.3,
2479700,3,979775,BASKET ALMEDA,AWAY,2054903,A. Cojocariu,A. Cojocariu,0,16.1,969.0,3.0,0.0,3.0,1.0,3.0,1.0,6.0,0.0,0.0,1.0,1.0,2.0,0.0,4.0,1.0,0.0,0.0,4.0,0.0,-7.0,-2.0,25.0,25.0,50.0,0.0,0.0,1.0,0.0,6.4,8.6,7.3,0.0,3.3,0.0,40.0,30.6,
2479700,3,979775,BASKET ALMEDA,AWAY,2147731,D. Peris Fons,D. Peris Fons,0,13.4,806.0,3.0,1.0,1.0,0.0,0.0,1.0,1.0,1.0,2.0,0.0,1.0,1.0,0.0,3.0,2.0,0.0,0.0,5.0,2.0,-1.0,-2.0,79.8,100.0,0.0,200.0,2.0,0.0,1.0,0.0,10.3,4.4,0.0,8.0,0.0,61.5,17.9,
2479700,3,979775,BASKET ALMEDA,AWAY,2440587,M. Coll-Vinent Olle,M. Coll-Vinent Olle,0,14.0,838.0,0.0,0.0,3.0,0.0,1.0,0.0,4.0,0.0,2.0,2.0,0.0,2.0,0.0,0.0,1.0,0.0,0.0,1.0,1.0,-3.0,-23.0,0.0,0.0,25.0,50.0,0.0,0.0,2.0,14.7,0.0,8.4,0.0,3.8,0.0,0.0,17.2,
2479701,3,981209,CB CLARET BENIMACLET,HOME,2557107,I. Serrano Alvarez,I. Serrano Alvarez,0,14.0,839.0,3.0,1.0,4.0,0.0,1.0,1.0,5.0,1.0,2.0,4.0,3.0,7.0,0.0,1.0,0.0,1.0,0.0,2.0,2.0,5.0,1.0,25.5,20.0,20.0,40.0,0.5,0.0,1.0,28.0,16.6,21.6,0.0,0.0,4.3,14.5,22.3,
2479701,3,981209,CB CLARET BENIMACLET,HOME,1886112,S. Afonso Gonzalez,S. Afonso Gonzalez,1,27.2,1635.0,10.0,2.0,6.0,2.0,5.0,4.0,11.0,0.0,0.0,0.0,3.0,3.0,1.0,1.0,0.0,0.0,0.0,0.0,2.0,8.0,7.0,45.5,45.5,45.5,0.0,0.7,1.2,0.0,0.0,8.6,4.8,9.1,0.0,0.0,8.3,20.1,
2479701,3,981209,CB CLARET BENIMACLET,HOME,2209715,J. Sarrio Asensio,J. Sarrio Asensio,0,17.9,1073.0,5.0,1.0,2.0,0.0,2.0,1.0,4.0,3.0,4.0,1.0,4.0,5.0,0.0,1.0,1.0,0.0,0.0,4.0,3.0,5.0,-2.0,43.4,25.0,50.0,100.0,1.0,0.0,1.3,5.5,17.3,12.1,0.0,2.8,0.0,14.8,17.2,
2479701,3,981209,CB CLARET BENIMACLET,HOME,1853228,J. Rochina Troncoso,J. Rochina Troncoso,1,34.0,2042.0,3.0,1.0,3.0,0.0,1.0,1.0,4.0,1.0,2.0,0.0,3.0,3.0,1.0,3.0,0.0,0.0,0.0,3.0,2.0,-1.0,-2.0,30.7,25.0,25.0,50.0,0.7,0.0,1.0,0.0,6.8,3.8,5.3,0.0,0.0,38.1,10.5,
2479701,3,981209,CB CLARET BENIMACLET,HOME,2163612,N. Garcia Herrera,N. Garcia Herrera,0,4.3,256.0,1.0,0.0,0.0,0.0,0.0,0.0,0.0,1.0,2.0,0.0,0.0,0.0,1.0,0.0,0.0,0.0,0.0,0.0,1.0,2.0,4.0,56.8,0.0,0.0,0.0,0.0,0.0,2.0,0.0,0.0,0.0,40.0,0.0,0.0,0.0,9.3,
2479701,3,981209,CB CLARET BENIMACLET,HOME,2281500,L. Liern Ruiz,L. Liern Ruiz,0,8.2,494.0,0.0,0.0,0.0,0.0,0.0,0.0,0.0,0.0,0.0,1.0,1.0,2.0,0.0,0.0,0.0,0.0,0.0,0.0,0.0,2.0,1.0,0.0,0.0,0.0,0.0,0.0,0.0,0.0,11.9,9.5,10.6,0.0,0.0,0.0,0.0,0.0,
2479701,3,981209,CB CLARET BENIMACLET,HOME,1767443,M. Cuellar Bayarri,M. Cuellar Bayarri,1,30.6,1838.0,17.0,6.0,15.0,0.0,3.0,6.0,18.0,5.0,5.0,2.0,5.0,7.0,1.0,1.0,3.0,1.0,0.0,4.0,4.0,16.0,1.0,42.1,33.3,16.7,27.8,0.8,0.0,1.2,6.4,12.7,9.9,8.7,4.9,2.0,4.7,31.5,
2479701,3,981209,CB CLARET BENIMACLET,HOME,1506842,E. Cases Rey,E. Cases Rey,1,32.7,1963.0,24.0,4.0,9.0,4.0,7.0,8.0,16.0,4.0,6.0,0.0,8.0,8.0,7.0,2.0,0.0,0.0,2.0,2.0,5.0,30.0,1.0,64.4,62.5,43.8,37.5,0.9,1.7,1.2,0.0,19.0,10.6,73.7,0.0,0.0,9.7,28.7,
2479701,3,981209,CB CLARET BENIMACLET,HOME,1681307,E. Iranzo Gutierrez,E. Iranzo Gutierrez,0,14.8,888.0,8.0,1.0,4.0,2.0,6.0,3.0,10.0,0.0,0.0,0.0,0.0,0.0,0.0,2.0,1.0,0.0,1.0,3.0,0.0,-3.0,8.0,40.0,40.0,60.0,0.0,0.5,1.0,0.0,0.0,0.0,0.0,0.0,3.4,0.0,16.7,36.9,
2479701,3,981209,CB CLARET BENIMACLET,HOME,1994256,T. Toledo Navarro,T. Toledo Navarro,0,7.6,458.0,1.0,0.0,2.0,0.0,0.0,0.0,2.0,1.0,2.0,1.0,0.0,1.0,1.0,1.0,1.0,0.0,0.0,0.0,1.0,1.0,6.0,17.4,0.0,0.0,100.0,0.0,0.0,2.0,12.9,0.0,5.7,20.0,6.6,0.0,25.8,23.2,
2479701,3,981209,CB CLARET BENIMACLET,HOME,1749591,I. Garrido Perez,I. Garrido Perez,1,33.6,2014.0,5.0,0.0,1.0,1.0,5.0,1.0,6.0,2.0,2.0,0.0,5.0,5.0,1.0,0.0,0.0,0.0,0.0,0.0,3.0,9.0,0.0,36.3,25.0,83.3,33.3,0.0,0.6,0.7,0.0,11.5,6.4,6.1,0.0,0.0,0.0,9.3,
2479701,3,981167,SEGLE XXI,AWAY,2357207,Z. Ajisebutu Casas,Z. Ajisebutu Casas,0,14.2,852.0,5.0,1.0,1.0,1.0,2.0,2.0,3.0,0.0,0.0,2.0,2.0,4.0,2.0,1.0,1.0,0.0,0.0,3.0,0.0,7.0,-6.0,83.3,83.3,66.7,0.0,2.0,1.5,0.0,10.9,13.8,12.2,27.4,3.5,0.0,25.0,10.9,
2479701,3,981167,SEGLE XXI,AWAY,2153172,M. Cintas Diaz,M. Cintas Diaz,1,35.2,2112.0,8.0,4.0,16.0,0.0,2.0,4.0,18.0,0.0,0.0,2.0,2.0,4.0,3.0,0.0,2.0,0.0,1.0,4.0,2.0,1.0,5.0,22.2,22.2,11.1,0.0,0.5,0.0,0.0,4.4,5.6,4.9,14.4,2.8,0.0,0.0,19.8,
2479701,3,981167,SEGLE XXI,AWAY,2289362,D. Garcia Dominguez,D. Garcia Dominguez,0,25.4,1522.0,5.0,1.0,12.0,1.0,4.0,2.0,16.0,0.0,0.0,0.0,5.0,5.0,1.0,2.0,0.0,0.0,1.0,3.0,0.0,-8.0,-12.0,15.6,15.6,25.0,0.0,0.2,0.8,0.0,0.0,19.3,8.5,6.0,0.0,0.0,11.1,27.5,
2479701,3,981167,SEGLE XXI,AWAY,2448425,N. Cordón Elizarán,N. Cordón Elizarán,0,3.4,206.0,0.0,0.0,0.0,0.0,0.0,0.0,0.0,0.0,0.0,1.0,1.0,2.0,1.0,0.0,0.0,0.0,0.0,0.0,0.0,3.0,-2.0,0.0,0.0,0.0,0.0,0.0,0.0,0.0,22.8,28.8,25.5,32.3,0.0,0.0,0.0,0.0,
2479701,3,981167,SEGLE XXI,AWAY,2528757,I. Garcia Fernandez,I. Garcia Fernandez,1,22.4,1341.0,4.0,2.0,4.0,0.0,0.0,2.0,4.0,0.0,1.0,3.0,4.0,7.0,2.0,3.0,1.0,0.0,0.0,3.0,1.0,6.0,3.0,45.0,50.0,0.0,25.0,1.0,0.0,1.0,10.4,17.5,13.5,14.8,2.2,0.0,40.3,12.9,
2479701,3,981167,SEGLE XXI,AWAY,2244483,S. Nde Akawung,S. Nde Akawung,1,32.4,1941.0,18.0,9.0,15.0,0.0,5.0,9.0,20.0,0.0,0.0,5.0,5.0,10.0,3.0,3.0,0.0,0.0,0.0,4.0,1.0,14.0,-1.0,45.0,45.0,25.0,0.0,1.2,0.0,0.0,12.0,15.1,13.4,23.6,0.0,0.0,13.0,27.5,
2479701,3,981167,SEGLE XXI,AWAY,2196865,M. Carbó Medina,M. Carbó Medina,1,27.8,1665.0,6.0,1.0,7.0,1.0,2.0,2.0,9.0,1.0,3.0,3.0,5.0,8.0,0.0,2.0,1.0,1.0,0.0,2.0,2.0,5.0,2.0,29.1,27.8,22.2,33.3,0.3,1.5,1.5,8.4,17.6,12.5,0.0,1.8,3.5,16.2,17.2,
2479701,3,981167,SEGLE XXI,AWAY,2528756,M. Zarzuelo Oroz,M. Zarzuelo Oroz,0,3.7,220.0,0.0,0.0,1.0,0.0,0.0,0.0,1.0,0.0,0.0,0.0,1.0,1.0,1.0,0.0,0.0,0.0,0.0,1.0,0.0,0.0,-2.0,0.0,0.0,0.0,0.0,0.0,0.0,0.0,0.0,26.4,11.7,32.3,0.0,0.0,0.0,10.5,
2479701,3,981167,SEGLE XXI,AWAY,2454402,S. Fernandez De Cuevas Martinez,S. Fernandez De Cuevas Martinez,1,32.5,1949.0,10.0,2.0,8.0,2.0,6.0,4.0,14.0,0.0,0.0,1.0,4.0,5.0,3.0,2.0,1.0,0.0,0.0,1.0,3.0,9.0,-4.0,35.7,35.7,42.9,0.0,0.5,1.0,0.0,2.4,12.0,6.7,16.9,1.5,0.0,12.5,19.1,
2479701,3,981167,SEGLE XXI,AWAY,2229661,B. Asensio Senosiáin,B. Asensio Senosiáin,0,10.5,628.0,3.0,0.0,1.0,1.0,1.0,1.0,2.0,0.0,0.0,2.0,1.0,3.0,0.0,1.0,2.0,0.0,0.0,1.0,2.0,7.0,-4.0,75.0,75.0,50.0,0.0,0.0,3.0,0.0,14.8,9.3,12.4,0.0,9.5,0.0,33.3,11.1,
2479701,3,981167,SEGLE XXI,AWAY,2461439,A. Smykovskaia,A. Smykovskaia,0,17.7,1064.0,13.0,5.0,9.0,0.0,0.0,5.0,9.0,3.0,10.0,7.0,7.0,14.0,0.0,0.0,0.0,2.0,0.0,1.0,7.0,24.0,-4.0,48.5,55.6,0.0,111.1,1.1,0.0,1.4,30.7,38.7,34.2,0.0,0.0,11.1,0.0,29.3,
2479702,3,979778,MAGEC TÍAS LANZAROTE CONTRA LA VIOLENCIA DE GÉNERO,HOME,2178381,E. Lozano Sosa,E. Lozano Sosa,0,12.1,723.0,11.0,3.0,3.0,1.0,2.0,4.0,5.0,2.0,2.0,1.0,1.0,2.0,0.0,0.0,1.0,0.0,0.0,0.0,1.0,14.0,4.0,93.5,90.0,40.0,40.0,2.0,1.5,2.0,8.7,7.2,7.9,0.0,4.6,0.0,0.0,21.9,
2479702,3,979778,MAGEC TÍAS LANZAROTE CONTRA LA VIOLENCIA DE GÉNERO,HOME,1100445,Y. Garcia Gonzalez,Y. Garcia Gonzalez,1,30.8,1847.0,11.0,4.0,13.0,0.0,0.0,4.0,13.0,3.0,5.0,6.0,7.0,13.0,3.0,6.0,1.0,0.0,0.0,1.0,6.0,16.0,9.0,36.2,30.8,0.0,38.5,0.6,0.0,0.8,20.5,19.8,20.1,15.0,1.8,0.0,28.3,31.0,
2479702,3,979778,MAGEC TÍAS LANZAROTE CONTRA LA VIOLENCIA DE GÉNERO,HOME,2415445,I. Drake Ruiz-Villar,I. Drake Ruiz-Villar,1,22.8,1366.0,4.0,1.0,5.0,0.0,1.0,1.0,6.0,2.0,4.0,2.0,3.0,5.0,2.0,4.0,2.0,0.0,0.0,2.0,5.0,5.0,6.0,25.8,16.7,16.7,66.7,0.4,0.0,0.8,9.2,11.4,10.4,11.8,4.9,0.0,34.0,23.2,
2479702,3,979778,MAGEC TÍAS LANZAROTE CONTRA LA VIOLENCIA DE GÉNERO,HOME,1995747,S. Hisado Santos,S. Hisado Santos,1,28.9,1731.0,2.0,1.0,1.0,0.0,0.0,1.0,1.0,0.0,0.0,0.0,10.0,10.0,6.0,0.0,0.0,0.0,0.0,2.0,0.0,16.0,20.0,100.0,100.0,0.0,0.0,2.0,0.0,0.0,0.0,30.1,16.5,30.0,0.0,0.0,0.0,1.6,
2479702,3,979778,MAGEC TÍAS LANZAROTE CONTRA LA VIOLENCIA DE GÉNERO,HOME,1695414,C. Mateo Cañada,C. Mateo Cañada,1,26.3,1580.0,14.0,3.0,9.0,2.0,4.0,5.0,13.0,2.0,2.0,2.0,5.0,7.0,2.0,2.0,0.0,0.0,0.0,3.0,2.0,12.0,14.0,50.4,46.2,30.8,15.4,0.7,1.5,1.0,8.0,16.5,12.7,12.5,0.0,0.0,12.6,27.2,
2479702,3,979778,MAGEC TÍAS LANZAROTE CONTRA LA VIOLENCIA DE GÉNERO,HOME,2824664,B. Snorradottir,B. Snorradottir,0,25.0,1500.0,0.0,0.0,2.0,0.0,0.0,0.0,2.0,0.0,0.0,2.0,1.0,3.0,0.0,2.0,0.0,0.0,0.0,2.0,1.0,-2.0,13.0,0.0,0.0,0.0,0.0,0.0,0.0,0.0,8.4,3.5,5.7,0.0,0.0,0.0,50.0,7.2,
2479702,3,979778,MAGEC TÍAS LANZAROTE CONTRA LA VIOLENCIA DE GÉNERO,HOME,2524794,M. Marinho Junqueira,M. Marinho Junqueira,0,21.6,1298.0,12.0,3.0,5.0,1.0,5.0,4.0,10.0,3.0,3.0,0.0,2.0,2.0,1.0,0.0,1.0,0.0,0.0,0.0,4.0,14.0,15.0,53.0,45.0,50.0,30.0,1.2,0.6,0.8,0.0,8.1,4.4,9.1,2.6,0.0,0.0,23.6,
2479702,3,979778,MAGEC TÍAS LANZAROTE CONTRA LA VIOLENCIA DE GÉNERO,HOME,2379074,N. Zabala Gabilondo,N. Zabala Gabilondo,1,21.7,1304.0,23.0,8.0,8.0,2.0,3.0,10.0,11.0,1.0,2.0,3.0,5.0,8.0,3.0,1.0,2.0,0.0,0.0,2.0,1.0,32.0,20.0,96.8,100.0,27.3,18.2,2.0,2.0,2.0,14.6,20.0,17.6,60.0,5.2,0.0,7.8,26.7,
2479702,3,979778,MAGEC TÍAS LANZAROTE CONTRA LA VIOLENCIA DE GÉNERO,HOME,2345010,P. Lahora Koerting,P. Lahora Koerting,0,4.3,259.0,3.0,0.0,0.0,1.0,2.0,1.0,2.0,0.0,0.0,1.0,1.0,2.0,0.0,0.0,0.0,0.0,0.0,0.0,0.0,4.0,-1.0,75.0,75.0,100.0,0.0,0.0,1.5,0.0,24.5,20.2,22.1,0.0,0.0,0.0,0.0,20.9,
2479702,3,979778,MAGEC TÍAS LANZAROTE CONTRA LA VIOLENCIA DE GÉNERO,HOME,2347898,M. Cardona Miranda,M. Cardona Miranda,0,3.2,191.0,0.0,0.0,0.0,0.0,2.0,0.0,2.0,0.0,0.0,0.0,0.0,0.0,0.0,0.0,0.0,0.0,0.0,0.0,0.0,-2.0,-7.0,0.0,0.0,100.0,0.0,0.0,0.0,0.0,0.0,0.0,0.0,0.0,0.0,0.0,0.0,28.1,
2479702,3,979778,MAGEC TÍAS LANZAROTE CONTRA LA VIOLENCIA DE GÉNERO,HOME,2381629,S. Muñoz Lahora,S. Muñoz Lahora,0,3.4,201.0,0.0,0.0,0.0,0.0,1.0,0.0,1.0,0.0,0.0,0.0,0.0,0.0,0.0,0.0,1.0,0.0,0.0,2.0,0.0,-2.0,2.0,0.0,0.0,100.0,0.0,0.0,0.0,0.0,0.0,0.0,0.0,0.0,16.5,0.0,0.0,13.2,
2479702,3,982048,EL PLANTEL GMASB,AWAY,2819272,D. Ryzinska,D. Ryzinska,1,20.7,1244.0,5.0,2.0,3.0,0.0,4.0,2.0,7.0,1.0,2.0,2.0,2.0,4.0,1.0,1.0,0.0,0.0,0.0,3.0,1.0,1.0,-16.0,31.7,28.6,57.1,28.6,1.3,0.0,2.0,8.4,10.2,9.2,11.1,0.0,0.0,11.3,20.8,
2479702,3,982048,EL PLANTEL GMASB,AWAY,2664237,C. Rojas Cepero,C. Rojas Cepero,0,5.0,298.0,5.0,1.0,2.0,1.0,1.0,2.0,3.0,0.0,0.0,0.0,1.0,1.0,0.0,1.0,1.0,0.0,0.0,0.0,1.0,6.0,-5.0,83.3,83.3,33.3,0.0,1.0,3.0,0.0,0.0,21.1,9.5,0.0,11.1,0.0,25.0,38.8,
2479702,3,982048,EL PLANTEL GMASB,AWAY,2124275,C. Villanueva Lazaro,C. Villanueva Lazaro,0,29.6,1775.0,13.0,0.0,2.0,4.0,9.0,4.0,11.0,1.0,2.0,3.0,4.0,7.0,4.0,4.0,0.0,0.0,0.0,3.0,5.0,14.0,-11.0,54.7,54.5,81.8,18.2,0.0,1.3,0.4,8.8,14.2,11.3,35.1,0.0,0.0,25.2,26.0,
2479702,3,982048,EL PLANTEL GMASB,AWAY,1974272,R. Revueltas Pareja,R. Revueltas Pareja,1,22.6,1354.0,5.0,2.0,5.0,0.0,3.0,2.0,8.0,1.0,2.0,1.0,4.0,5.0,1.0,1.0,0.0,0.0,0.0,5.0,1.0,-1.0,-14.0,28.2,25.0,37.5,25.0,0.8,0.0,2.0,3.8,18.6,10.5,8.9,0.0,0.0,10.1,21.2,
2479702,3,982048,EL PLANTEL GMASB,AWAY,2819274,O. Schlegl,O. Schlegl,1,28.1,1688.0,13.0,2.0,4.0,3.0,6.0,5.0,10.0,0.0,0.0,3.0,3.0,6.0,2.0,1.0,3.0,0.0,0.0,2.0,1.0,17.0,-11.0,65.0,65.0,60.0,0.0,1.0,1.5,0.0,9.3,11.2,10.2,19.2,5.9,0.0,9.1,19.0,
2479702,3,982048,EL PLANTEL GMASB,AWAY,2232865,M. Sanchez Valenzuela,M. Sanchez Valenzuela,1,26.4,1581.0,9.0,0.0,3.0,3.0,8.0,3.0,11.0,0.0,2.0,0.0,1.0,1.0,1.0,3.0,1.0,0.0,0.0,2.0,2.0,-1.0,-26.0,37.9,40.9,72.7,18.2,0.0,1.1,1.0,0.0,4.0,1.8,8.1,2.1,0.0,20.2,27.4,
2479702,3,982048,EL PLANTEL GMASB,AWAY,1111828,L. Fernandez Fiel,L. Fernandez Fiel,1,27.6,1657.0,4.0,0.0,5.0,1.0,4.0,1.0,9.0,1.0,2.0,0.0,0.0,0.0,3.0,1.0,0.0,0.0,0.0,1.0,3.0,-1.0,-16.0,20.2,16.7,44.4,22.2,0.0,0.8,0.7,0.0,0.0,0.0,20.8,0.0,0.0,9.2,19.1,
2479702,3,982048,EL PLANTEL GMASB,AWAY,2112760,M. Diaz Torres,M. Diaz Torres,0,14.9,897.0,0.0,0.0,0.0,0.0,0.0,0.0,0.0,0.0,0.0,2.0,3.0,5.0,1.0,0.0,0.0,0.0,0.0,2.0,0.0,4.0,-1.0,0.0,0.0,0.0,0.0,0.0,0.0,0.0,11.7,21.2,16.0,11.4,0.0,0.0,0.0,0.0,
2479702,3,982048,EL PLANTEL GMASB,AWAY,2202075,M. Garcia Garrido,M. Garcia Garrido,0,10.0,601.0,2.0,1.0,1.0,0.0,1.0,1.0,2.0,0.0,0.0,0.0,0.0,0.0,0.0,0.0,1.0,0.0,0.0,0.0,0.0,2.0,8.0,50.0,50.0,50.0,0.0,2.0,0.0,0.0,0.0,0.0,0.0,0.0,5.6,0.0,0.0,9.7,
2479702,3,982048,EL PLANTEL GMASB,AWAY,2364455,T. Sene,T. Sene,0,15.1,905.0,5.0,1.0,3.0,1.0,2.0,2.0,5.0,0.0,0.0,0.0,3.0,3.0,2.0,0.0,1.0,0.0,0.0,2.0,0.0,6.0,-3.0,50.0,50.0,40.0,0.0,0.7,1.5,0.0,0.0,20.9,9.5,29.4,3.7,0.0,0.0,16.1,
2479703,3,981229,SPAR GRAN CANARIA,HOME,2203305,L. Perez Castro,L. Perez Castro,1,28.9,1737.0,0.0,0.0,1.0,0.0,2.0,0.0,3.0,0.0,0.0,0.0,6.0,6.0,0.0,2.0,1.0,0.0,0.0,3.0,5.0,4.0,-1.0,0.0,0.0,66.7,0.0,0.0,0.0,0.0,0.0,18.9,9.8,0.0,1.7,0.0,40.0,7.3,
2479703,3,981229,SPAR GRAN CANARIA,HOME,1597595,M. Mbulito Upolo,M. Mbulito Upolo,0,1.6,97.0,0.0,0.0,1.0,0.0,2.0,0.0,3.0,0.0,0.0,0.0,0.0,0.0,0.0,0.0,0.0,0.0,0.0,0.0,0.0,-3.0,-2.0,0.0,0.0,66.7,0.0,0.0,0.0,0.0,0.0,0.0,0.0,0.0,0.0,0.0,0.0,78.9,
2479703,3,981229,SPAR GRAN CANARIA,HOME,2288451,A. Hernandez Martinez,A. Hernandez Martinez,1,38.7,2324.0,0.0,0.0,2.0,0.0,9.0,0.0,11.0,0.0,0.0,0.0,3.0,3.0,1.0,8.0,3.0,0.0,0.0,2.0,1.0,-13.0,-2.0,0.0,0.0,81.8,0.0,0.0,0.0,0.0,0.0,7.0,3.6,3.8,3.9,0.0,42.1,20.7,
2479703,3,981229,SPAR GRAN CANARIA,HOME,2233043,A. Deniz Agullo,A. Deniz Agullo,0,13.2,791.0,2.0,1.0,1.0,0.0,0.0,1.0,1.0,0.0,0.0,0.0,2.0,2.0,0.0,3.0,0.0,1.0,0.0,3.0,0.0,-1.0,-13.0,100.0,100.0,0.0,0.0,2.0,0.0,0.0,0.0,13.8,7.1,0.0,0.0,7.0,75.0,12.7,
2479703,3,981229,SPAR GRAN CANARIA,HOME,2494285,A. Mbengue Sánchez,A. Mbengue Sánchez,1,40.0,2400.0,15.0,7.0,11.0,0.0,0.0,7.0,11.0,1.0,2.0,5.0,6.0,11.0,6.0,2.0,1.0,0.0,1.0,2.0,3.0,27.0,-4.0,63.1,63.6,0.0,18.2,1.3,0.0,0.7,12.2,13.6,12.9,31.6,1.3,0.0,14.4,14.6,
2479703,3,981229,SPAR GRAN CANARIA,HOME,2251955,M. Ocurto Mendes,M. Ocurto Mendes,1,38.0,2278.0,23.0,4.0,9.0,5.0,14.0,9.0,23.0,0.0,0.0,2.0,4.0,6.0,4.0,1.0,5.0,0.0,0.0,1.0,2.0,24.0,-5.0,50.0,50.0,60.9,0.0,0.9,1.1,0.0,5.1,9.6,7.4,27.8,6.6,0.0,4.2,26.6,
2479703,3,981229,SPAR GRAN CANARIA,HOME,2292843,M. Rodríguez Sánchez,M. Rodríguez Sánchez,0,12.7,764.0,7.0,0.0,4.0,2.0,2.0,2.0,6.0,1.0,2.0,2.0,1.0,3.0,0.0,2.0,2.0,0.0,0.0,3.0,1.0,3.0,-2.0,50.9,50.0,33.3,33.3,0.0,3.0,2.0,15.4,7.2,11.1,0.0,7.9,0.0,22.5,29.4,
2479703,3,981229,SPAR GRAN CANARIA,HOME,2352279,T. Ezeanatogu Ezeonu,T. Ezeanatogu Ezeonu,1,26.8,1609.0,15.0,7.0,11.0,0.0,0.0,7.0,11.0,1.0,3.0,4.0,7.0,11.0,4.0,5.0,1.0,1.0,0.0,5.0,3.0,19.0,9.0,60.9,63.6,0.0,27.3,1.3,0.0,1.0,14.6,23.7,19.3,35.7,1.9,3.5,28.9,27.2,
2479703,3,981304,DISHELEC 65 VILADECANS,AWAY,2050407,L. Sanchez Garcia,L. Sanchez Garcia,1,32.8,1966.0,12.0,3.0,10.0,0.0,2.0,3.0,12.0,6.0,6.0,7.0,6.0,13.0,1.0,0.0,0.0,0.0,1.0,2.0,3.0,18.0,6.0,41.0,25.0,16.7,50.0,0.6,0.0,2.0,19.4,17.8,18.7,6.2,0.0,0.0,0.0,18.8,
2479703,3,981304,DISHELEC 65 VILADECANS,AWAY,1910113,L. Anducas Rodon,L. Anducas Rodon,0,24.4,1465.0,9.0,4.0,4.0,0.0,0.0,4.0,4.0,1.0,2.0,0.0,8.0,8.0,2.0,4.0,2.0,0.0,0.0,2.0,6.0,20.0,13.0,92.2,100.0,0.0,50.0,2.0,0.0,0.3,0.0,32.0,15.4,19.2,4.0,0.0,45.0,15.3,
2479703,3,981304,DISHELEC 65 VILADECANS,AWAY,1727776,P. Curto Garcia,P. Curto Garcia,1,24.9,1496.0,14.0,3.0,5.0,2.0,9.0,5.0,14.0,2.0,2.0,2.0,3.0,5.0,0.0,3.0,3.0,0.0,0.0,0.0,2.0,12.0,-10.0,47.0,42.9,64.3,14.3,1.2,0.7,1.0,7.3,11.8,9.4,0.0,5.9,0.0,16.8,30.3,
2479703,3,981304,DISHELEC 65 VILADECANS,AWAY,1398200,J. Turrion Aranda,J. Turrion Aranda,1,22.2,1333.0,3.0,0.0,3.0,1.0,5.0,1.0,8.0,0.0,0.0,1.0,0.0,1.0,1.0,4.0,3.0,0.0,0.0,1.0,0.0,-4.0,-4.0,18.8,18.8,62.5,0.0,0.0,0.6,0.0,4.1,0.0,2.1,7.5,6.6,0.0,33.3,22.8,
2479703,3,981304,DISHELEC 65 VILADECANS,AWAY,2322360,A. Torne Labarta,A. Torne Labarta,0,20.5,1228.0,11.0,5.0,9.0,0.0,0.0,5.0,9.0,1.0,2.0,3.0,4.0,7.0,3.0,4.0,1.0,1.0,0.0,1.0,2.0,15.0,9.0,55.7,55.6,0.0,22.2,1.1,0.0,1.0,13.3,19.0,16.1,42.9,2.4,4.9,28.8,28.5,
2479703,3,981304,DISHELEC 65 VILADECANS,AWAY,2146979,N. Sanchez Marques,N. Sanchez Marques,0,13.5,810.0,0.0,0.0,1.0,0.0,2.0,0.0,3.0,0.0,0.0,0.0,3.0,3.0,2.0,1.0,2.0,0.0,0.0,2.0,0.0,1.0,-8.0,0.0,0.0,66.7,0.0,0.0,0.0,0.0,0.0,21.7,10.5,27.8,7.2,0.0,25.0,12.5,
2479703,3,981304,DISHELEC 65 VILADECANS,AWAY,1956668,M. Ribera Sanuy,M. Ribera Sanuy,1,24.3,1457.0,14.0,4.0,10.0,1.0,3.0,5.0,13.0,3.0,4.0,1.0,1.0,2.0,2.0,1.0,1.0,0.0,0.0,2.0,4.0,11.0,10.0,47.4,42.3,23.1,30.8,0.8,1.0,1.0,3.7,4.0,3.9,21.3,2.0,0.0,6.3,27.3,
2479703,3,981304,DISHELEC 65 VILADECANS,AWAY,1663009,Q. Ubia Llunell,Q. Ubia Llunell,1,32.9,1972.0,0.0,0.0,1.0,0.0,3.0,0.0,4.0,0.0,2.0,1.0,3.0,4.0,4.0,0.0,2.0,0.0,1.0,4.0,2.0,2.0,7.0,0.0,0.0,75.0,50.0,0.0,0.0,1.0,2.8,8.9,5.7,20.8,3.0,0.0,0.0,6.3,
2479703,3,981304,DISHELEC 65 VILADECANS,AWAY,2056456,N. Soler Ramos,N. Soler Ramos,0,4.5,273.0,3.0,0.0,0.0,1.0,2.0,1.0,2.0,0.0,0.0,0.0,0.0,0.0,0.0,1.0,0.0,0.0,0.0,1.0,0.0,0.0,-3.0,75.0,75.0,100.0,0.0,0.0,1.5,0.0,0.0,0.0,0.0,0.0,0.0,0.0,33.3,28.1,
2479704,4,981304,DISHELEC 65 VILADECANS,HOME,2050407,L. Sanchez Garcia,L. Sanchez Garcia,1,28.6,1719.0,10.0,2.0,6.0,1.0,4.0,3.0,10.0,3.0,4.0,1.0,10.0,11.0,2.0,0.0,1.0,0.0,0.0,2.0,3.0,17.0,11.0,42.5,35.0,40.0,40.0,0.7,0.8,1.3,3.3,29.8,17.3,16.1,1.8,0.0,0.0,19.6,
2479704,4,981304,DISHELEC 65 VILADECANS,HOME,1910113,L. Anducas Rodon,L. Anducas Rodon,0,18.6,1113.0,14.0,4.0,6.0,2.0,2.0,6.0,8.0,0.0,1.0,0.0,5.0,5.0,2.0,0.0,1.0,0.0,0.0,4.0,3.0,18.0,9.0,82.9,87.5,25.0,12.5,1.3,3.0,0.3,0.0,22.9,12.1,40.0,2.8,0.0,0.0,21.6,
2479704,4,981304,DISHELEC 65 VILADECANS,HOME,1727776,P. Curto Garcia,P. Curto Garcia,1,25.6,1537.0,6.0,2.0,5.0,0.0,7.0,2.0,12.0,2.0,2.0,0.0,8.0,8.0,0.0,3.0,1.0,0.0,1.0,3.0,1.0,0.0,7.0,23.3,16.7,58.3,16.7,0.8,0.0,2.0,0.0,26.6,14.0,0.0,2.0,0.0,18.9,29.6,
2479704,4,981304,DISHELEC 65 VILADECANS,HOME,1398200,J. Turrion Aranda,J. Turrion Aranda,1,26.6,1598.0,4.0,1.0,6.0,0.0,4.0,1.0,10.0,2.0,2.0,0.0,4.0,4.0,3.0,2.0,4.0,0.0,0.0,3.0,4.0,5.0,23.0,18.4,10.0,40.0,20.0,0.3,0.0,0.5,0.0,12.8,6.8,20.8,7.8,0.0,15.5,23.1,
2479704,4,981304,DISHELEC 65 VILADECANS,HOME,2056456,N. Soler Ramos,N. Soler Ramos,0,7.2,434.0,0.0,0.0,1.0,0.0,1.0,0.0,2.0,0.0,0.0,3.0,2.0,5.0,0.0,1.0,0.0,0.0,0.0,0.0,0.0,2.0,-3.0,0.0,0.0,50.0,0.0,0.0,0.0,0.0,39.7,23.6,31.2,0.0,0.0,0.0,33.3,19.9,
2479704,4,981304,DISHELEC 65 VILADECANS,HOME,2322360,A. Torne Labarta,A. Torne Labarta,0,22.2,1334.0,14.0,7.0,9.0,0.0,0.0,7.0,9.0,0.0,0.0,4.0,2.0,6.0,0.0,2.0,0.0,0.0,0.0,1.0,0.0,15.0,6.0,77.8,77.8,0.0,0.0,1.6,0.0,0.0,17.2,7.7,12.1,0.0,0.0,0.0,18.2,23.6,
2479704,4,981304,DISHELEC 65 VILADECANS,HOME,2146979,N. Sanchez Marques,N. Sanchez Marques,0,28.2,1691.0,6.0,0.0,3.0,1.0,3.0,1.0,6.0,3.0,5.0,0.0,2.0,2.0,3.0,1.0,1.0,0.0,1.0,2.0,4.0,6.0,-2.0,36.6,25.0,50.0,83.3,0.0,1.0,1.2,0.0,6.0,3.2,20.8,1.8,0.0,10.9,15.6,
2479704,4,981304,DISHELEC 65 VILADECANS,HOME,1956668,M. Ribera Sanuy,M. Ribera Sanuy,1,17.3,1038.0,4.0,1.0,4.0,0.0,1.0,1.0,5.0,2.0,2.0,1.0,0.0,1.0,1.0,0.0,0.0,0.0,0.0,2.0,2.0,2.0,13.0,34.0,20.0,20.0,40.0,0.5,0.0,1.0,5.5,0.0,2.6,12.8,0.0,0.0,0.0,16.2,
2479704,4,981304,DISHELEC 65 VILADECANS,HOME,1663009,Q. Ubia Llunell,Q. Ubia Llunell,1,24.2,1450.0,2.0,1.0,2.0,0.0,1.0,1.0,3.0,0.0,0.0,1.0,3.0,4.0,0.0,1.0,1.0,0.0,0.0,3.0,1.0,2.0,3.0,33.3,33.3,33.3,0.0,1.0,0.0,0.0,3.9,10.6,7.4,0.0,2.1,0.0,25.0,7.9,
2479704,4,981304,DISHELEC 65 VILADECANS,HOME,2240210,A. Alcantara Ros,A. Alcantara Ros,0,1.4,86.0,1.0,0.0,0.0,0.0,0.0,0.0,0.0,1.0,2.0,0.0,1.0,1.0,0.0,1.0,0.0,0.0,0.0,0.0,1.0,1.0,-2.0,56.8,0.0,0.0,0.0,0.0,0.0,2.0,0.0,60.8,32.1,0.0,0.0,0.0,53.2,64.0,
2479704,4,979892,C. B. ISLA BONITA,AWAY,1131087,B. Armengol Vall,B. Armengol Vall,1,22.4,1342.0,12.0,4.0,8.0,1.0,7.0,5.0,15.0,1.0,3.0,1.0,6.0,7.0,1.0,3.0,0.0,0.0,0.0,3.0,5.0,7.0,-3.0,36.8,36.7,46.7,20.0,1.0,0.4,0.6,3.8,25.5,14.0,17.2,0.0,0.0,15.5,39.5,
2479704,4,979892,C. B. ISLA BONITA,AWAY,1870487,T. Gonzalez Soto,T. Gonzalez Soto,0,19.2,1152.0,10.0,4.0,4.0,0.0,8.0,4.0,12.0,2.0,4.0,1.0,2.0,3.0,0.0,1.0,1.0,1.0,0.0,2.0,2.0,4.0,-21.0,36.3,33.3,66.7,33.3,2.0,0.0,2.0,4.4,9.9,7.0,0.0,2.8,5.0,6.8,35.2,
2479704,4,979892,C. B. ISLA BONITA,AWAY,1981139,S. Blanco Guitian,S. Blanco Guitian,1,20.1,1208.0,3.0,0.0,1.0,1.0,5.0,1.0,6.0,0.0,0.0,0.0,1.0,1.0,0.0,1.0,0.0,1.0,0.0,0.0,0.0,-1.0,0.0,25.0,25.0,83.3,0.0,0.0,0.6,0.0,0.0,4.7,2.2,0.0,0.0,4.7,14.3,16.0,
2479704,4,979892,C. B. ISLA BONITA,AWAY,1853281,I. Bautista Villaverde,I. Bautista Villaverde,0,7.3,436.0,0.0,0.0,0.0,0.0,3.0,0.0,3.0,0.0,0.0,1.0,0.0,1.0,0.0,0.0,1.0,0.0,0.0,3.0,0.0,-4.0,10.0,0.0,0.0,100.0,0.0,0.0,0.0,0.0,11.7,0.0,6.2,0.0,7.4,0.0,0.0,18.8,
2479704,4,979892,C. B. ISLA BONITA,AWAY,2816643,E. Motekaitytè,E. Motekaitytè,0,16.1,967.0,2.0,1.0,2.0,0.0,1.0,1.0,3.0,0.0,0.0,1.0,3.0,4.0,0.0,1.0,1.0,0.0,0.0,1.0,1.0,4.0,4.0,33.3,33.3,33.3,0.0,1.0,0.0,0.0,5.3,17.7,11.2,0.0,3.4,0.0,25.0,11.4,
2479704,4,979892,C. B. ISLA BONITA,AWAY,2171960,M. Colom Elosúa,M. Colom Elosúa,0,30.1,1804.0,6.0,2.0,3.0,0.0,3.0,2.0,6.0,2.0,3.0,1.0,3.0,4.0,1.0,1.0,0.0,0.0,0.0,1.0,1.0,5.0,-1.0,41.0,33.3,50.0,50.0,1.3,0.0,3.0,2.8,9.5,6.0,8.1,0.0,0.0,12.0,12.7,
2479704,4,979892,C. B. ISLA BONITA,AWAY,2524874,M. Vulovic,M. Vulovic,0,14.5,870.0,3.0,1.0,3.0,0.0,0.0,1.0,3.0,1.0,2.0,0.0,5.0,5.0,1.0,2.0,1.0,0.0,0.0,3.0,4.0,6.0,-16.0,38.7,33.3,0.0,66.7,0.7,0.0,0.5,0.0,32.8,15.5,16.1,3.7,0.0,34.0,18.6,
2479704,4,979892,C. B. ISLA BONITA,AWAY,1471341,M. Rosales Elejabeita,M. Rosales Elejabeita,1,23.6,1418.0,5.0,2.0,5.0,0.0,2.0,2.0,7.0,1.0,3.0,1.0,3.0,4.0,1.0,2.0,0.0,0.0,0.0,1.0,2.0,2.0,-2.0,30.0,28.6,28.6,42.9,0.8,0.0,1.5,3.6,12.1,7.6,11.4,0.0,0.0,19.4,20.0,
2479704,4,979892,C. B. ISLA BONITA,AWAY,1372464,M. Carballo Diaz,M. Carballo Diaz,0,10.2,609.0,0.0,0.0,2.0,0.0,0.0,0.0,2.0,0.0,0.0,0.0,1.0,1.0,1.0,1.0,0.0,0.0,0.0,2.0,1.0,-2.0,-8.0,0.0,0.0,0.0,0.0,0.0,0.0,0.0,0.0,9.3,4.4,18.5,0.0,0.0,33.3,13.5,
2479704,4,979892,C. B. ISLA BONITA,AWAY,2816642,N. Cunill Peña,N. Cunill Peña,1,25.8,1545.0,5.0,1.0,3.0,0.0,0.0,1.0,3.0,3.0,6.0,4.0,6.0,10.0,0.0,1.0,3.0,0.0,0.0,1.0,4.0,15.0,-14.0,44.3,33.3,0.0,200.0,0.7,0.0,1.5,13.2,22.1,17.4,0.0,6.3,0.0,15.1,11.8,
2479704,4,979892,C. B. ISLA BONITA,AWAY,2524609,A. Glomazic,A. Glomazic,1,10.8,649.0,2.0,1.0,2.0,0.0,2.0,1.0,4.0,0.0,0.0,0.0,2.0,2.0,0.0,1.0,0.0,0.0,0.0,2.0,0.0,-2.0,-14.0,25.0,25.0,50.0,0.0,1.0,0.0,0.0,0.0,17.6,8.3,0.0,0.0,0.0,20.0,21.2,
2479705,4,982048,EL PLANTEL GMASB,HOME,2819272,D. Ryzinska,D. Ryzinska,1,33.6,2014.0,8.0,4.0,6.0,0.0,3.0,4.0,9.0,0.0,0.0,1.0,6.0,7.0,1.0,0.0,1.0,0.0,0.0,1.0,0.0,11.0,8.0,44.4,44.4,33.3,0.0,1.3,0.0,0.0,2.8,19.3,10.5,8.3,1.5,0.0,0.0,12.0,
2479705,4,982048,EL PLANTEL GMASB,HOME,2124275,C. Villanueva Lazaro,C. Villanueva Lazaro,1,24.3,1456.0,4.0,0.0,4.0,0.0,4.0,0.0,8.0,4.0,4.0,2.0,1.0,3.0,1.0,2.0,0.0,0.0,1.0,1.0,5.0,2.0,1.0,20.5,0.0,50.0,50.0,0.0,0.0,0.8,7.8,4.4,6.3,8.3,0.0,0.0,17.0,21.6,
2479705,4,982048,EL PLANTEL GMASB,HOME,1974272,R. Revueltas Pareja,R. Revueltas Pareja,0,24.3,1459.0,11.0,2.0,5.0,2.0,4.0,4.0,9.0,1.0,2.0,2.0,6.0,8.0,0.0,1.0,1.0,0.0,0.0,3.0,3.0,13.0,10.0,55.7,55.6,44.4,22.2,0.8,1.5,0.7,7.8,26.7,16.7,0.0,2.1,0.0,9.2,20.0,
2479705,4,982048,EL PLANTEL GMASB,HOME,2819274,O. Schlegl,O. Schlegl,0,17.8,1065.0,0.0,0.0,1.0,0.0,7.0,0.0,8.0,0.0,0.0,3.0,3.0,6.0,0.0,1.0,0.0,0.0,0.0,2.0,1.0,-4.0,1.0,0.0,0.0,87.5,0.0,0.0,0.0,0.0,16.1,18.2,17.1,0.0,0.0,0.0,11.1,22.6,
2479705,4,982048,EL PLANTEL GMASB,HOME,2232865,M. Sanchez Valenzuela,M. Sanchez Valenzuela,1,22.4,1345.0,9.0,1.0,3.0,2.0,8.0,3.0,11.0,1.0,3.0,1.0,1.0,2.0,1.0,0.0,1.0,0.0,0.0,1.0,1.0,3.0,-7.0,36.5,36.4,72.7,27.3,0.7,0.8,3.0,4.3,4.8,4.5,11.1,2.3,0.0,0.0,24.6,
2479705,4,982048,EL PLANTEL GMASB,HOME,1111828,L. Fernandez Fiel,L. Fernandez Fiel,1,32.9,1972.0,18.0,3.0,6.0,1.0,3.0,4.0,9.0,9.0,9.0,0.0,4.0,4.0,2.0,4.0,1.0,0.0,0.0,1.0,6.0,21.0,8.0,69.4,50.0,33.3,100.0,1.0,1.0,1.5,0.0,13.1,6.2,16.7,1.5,0.0,23.6,23.0,
2479705,4,982048,EL PLANTEL GMASB,HOME,2419277,A. Cisse Barragan,A. Cisse Barragan,0,6.4,386.0,0.0,0.0,0.0,0.0,0.0,0.0,0.0,0.0,0.0,0.0,1.0,1.0,0.0,0.0,0.0,0.0,0.0,2.0,0.0,-1.0,-2.0,0.0,0.0,0.0,0.0,0.0,0.0,0.0,0.0,16.9,7.9,0.0,0.0,0.0,0.0,0.0,
2479705,4,982048,EL PLANTEL GMASB,HOME,2112760,M. Diaz Torres,M. Diaz Torres,0,4.4,262.0,3.0,1.0,1.0,0.0,0.0,1.0,1.0,1.0,2.0,1.0,1.0,2.0,0.0,0.0,2.0,0.0,0.0,0.0,1.0,7.0,-1.0,79.8,100.0,0.0,200.0,2.0,0.0,2.0,21.6,24.6,23.0,0.0,23.0,0.0,0.0,19.1,
2479705,4,982048,EL PLANTEL GMASB,HOME,1080472,P. Benet Edo,P. Benet Edo,0,15.6,935.0,6.0,2.0,6.0,0.0,2.0,2.0,8.0,2.0,4.0,0.0,2.0,2.0,1.0,2.0,3.0,0.0,0.0,0.0,2.0,4.0,5.0,30.7,25.0,25.0,50.0,0.7,0.0,2.0,0.0,13.9,6.5,16.7,9.7,0.0,17.0,33.7,
2479705,4,982048,EL PLANTEL GMASB,HOME,2202075,M. Garcia Garrido,M. Garcia Garrido,0,4.8,285.0,2.0,1.0,2.0,0.0,0.0,1.0,2.0,0.0,0.0,0.0,0.0,0.0,0.0,0.0,0.0,0.0,0.0,0.0,0.0,1.0,2.0,50.0,50.0,0.0,0.0,1.0,0.0,0.0,0.0,0.0,0.0,0.0,0.0,0.0,0.0,18.6,
2479705,4,982048,EL PLANTEL GMASB,HOME,2364455,T. Sene,T. Sene,1,13.7,821.0,2.0,1.0,3.0,0.0,0.0,1.0,3.0,0.0,0.0,1.0,5.0,6.0,0.0,1.0,0.0,0.0,0.0,1.0,2.0,6.0,5.0,33.3,33.3,0.0,0.0,0.7,0.0,0.0,7.0,39.5,22.2,0.0,0.0,0.0,25.0,13.0,
2479705,4,981229,SPAR GRAN CANARIA,AWAY,2203305,L. Perez Castro,L. Perez Castro,1,40.0,2400.0,13.0,5.0,9.0,1.0,7.0,6.0,16.0,0.0,0.0,0.0,3.0,3.0,3.0,2.0,0.0,1.0,0.0,4.0,1.0,5.0,-6.0,40.6,40.6,43.8,0.0,1.1,0.4,0.0,0.0,7.1,3.8,20.0,0.0,2.7,11.1,20.9,
2479705,4,981229,SPAR GRAN CANARIA,AWAY,2288451,A. Hernandez Martinez,A. Hernandez Martinez,0,12.1,728.0,0.0,0.0,0.0,0.0,3.0,0.0,3.0,0.0,0.0,1.0,2.0,3.0,0.0,0.0,0.0,0.0,0.0,4.0,0.0,-4.0,-4.0,0.0,0.0,100.0,0.0,0.0,0.0,0.0,8.9,15.7,12.6,0.0,0.0,0.0,0.0,11.5,
2479705,4,981229,SPAR GRAN CANARIA,AWAY,2233043,A. Deniz Agullo,A. Deniz Agullo,0,4.6,277.0,0.0,0.0,2.0,0.0,0.0,0.0,2.0,0.0,0.0,0.0,0.0,0.0,0.0,1.0,0.0,0.0,0.0,1.0,0.0,-4.0,-2.0,0.0,0.0,0.0,0.0,0.0,0.0,0.0,0.0,0.0,0.0,0.0,0.0,0.0,33.3,30.4,
2479705,4,981229,SPAR GRAN CANARIA,AWAY,2494285,A. Mbengue Sánchez,A. Mbengue Sánchez,1,40.0,2400.0,11.0,3.0,6.0,0.0,0.0,3.0,6.0,5.0,6.0,3.0,7.0,10.0,1.0,3.0,0.0,0.0,0.0,3.0,3.0,15.0,-6.0,63.7,50.0,0.0,100.0,1.0,0.0,2.0,8.1,16.7,12.7,5.6,0.0,0.0,25.8,13.5,
2479705,4,981229,SPAR GRAN CANARIA,AWAY,2251955,M. Ocurto Mendes,M. Ocurto Mendes,1,35.1,2105.0,16.0,2.0,9.0,3.0,5.0,5.0,14.0,3.0,4.0,1.0,9.0,10.0,3.0,4.0,0.0,0.0,0.0,2.0,2.0,15.0,-1.0,50.8,46.4,35.7,28.6,0.4,1.8,2.0,3.1,24.4,14.4,21.6,0.0,0.0,20.2,26.2,
2479705,4,981229,SPAR GRAN CANARIA,AWAY,2292843,M. Rodríguez Sánchez,M. Rodríguez Sánchez,1,32.8,1967.0,12.0,3.0,5.0,2.0,6.0,5.0,11.0,0.0,0.0,0.0,3.0,3.0,4.0,1.0,2.0,0.0,0.0,4.0,0.0,10.0,-7.0,54.5,54.5,54.5,0.0,1.2,1.0,0.0,0.0,8.7,4.6,33.9,3.1,0.0,8.3,17.0,
2479705,4,981229,SPAR GRAN CANARIA,AWAY,2352279,T. Ezeanatogu Ezeonu,T. Ezeanatogu Ezeonu,1,35.4,2123.0,5.0,2.0,9.0,0.0,1.0,2.0,10.0,1.0,8.0,2.0,7.0,9.0,3.0,5.0,2.0,0.0,0.0,3.0,6.0,2.0,-4.0,18.5,20.0,10.0,80.0,0.4,0.0,1.3,6.1,18.8,12.9,17.8,2.9,0.0,27.0,24.4,
2479706,4,981167,SEGLE XXI,HOME,2357207,Z. Ajisebutu Casas,Z. Ajisebutu Casas,0,22.3,1339.0,3.0,1.0,1.0,0.0,3.0,1.0,4.0,1.0,2.0,1.0,3.0,4.0,1.0,3.0,3.0,0.0,0.0,2.0,3.0,5.0,17.0,30.7,25.0,75.0,50.0,2.0,0.0,0.7,4.5,13.8,9.1,5.5,6.6,0.0,38.1,12.7,
2479706,4,981167,SEGLE XXI,HOME,2153172,M. Cintas Diaz,M. Cintas Diaz,1,26.0,1560.0,3.0,1.0,5.0,0.0,2.0,1.0,7.0,1.0,2.0,1.0,3.0,4.0,6.0,4.0,4.0,0.0,0.0,3.0,4.0,7.0,34.0,19.0,14.3,28.6,28.6,0.4,0.0,0.5,3.8,11.8,7.8,28.0,7.5,0.0,33.7,16.5,
2479706,4,981167,SEGLE XXI,HOME,2289362,D. Garcia Dominguez,D. Garcia Dominguez,0,25.7,1543.0,13.0,5.0,7.0,1.0,8.0,6.0,15.0,0.0,0.0,0.0,3.0,3.0,3.0,5.0,2.0,0.0,0.0,0.0,1.0,8.0,19.0,43.3,43.3,53.3,0.0,1.4,0.4,0.0,0.0,12.0,5.9,22.7,3.8,0.0,25.0,28.1,
2479706,4,981167,SEGLE XXI,HOME,2448425,N. Cordón Elizarán,N. Cordón Elizarán,0,8.0,478.0,0.0,0.0,1.0,0.0,0.0,0.0,1.0,0.0,0.0,0.0,1.0,1.0,0.0,1.0,1.0,0.0,1.0,1.0,0.0,-1.0,6.0,0.0,0.0,0.0,0.0,0.0,0.0,0.0,0.0,12.8,6.3,0.0,6.1,0.0,50.0,9.0,
2479706,4,981167,SEGLE XXI,HOME,2528757,I. Garcia Fernandez,I. Garcia Fernandez,1,15.1,908.0,0.0,0.0,2.0,0.0,1.0,0.0,3.0,0.0,0.0,1.0,4.0,5.0,2.0,2.0,0.0,0.0,0.0,5.0,0.0,-3.0,15.0,0.0,0.0,33.3,0.0,0.0,0.0,0.0,6.6,27.2,16.8,15.6,0.0,0.0,40.0,11.9,
2479706,4,981167,SEGLE XXI,HOME,2244483,S. Nde Akawung,S. Nde Akawung,1,19.3,1160.0,12.0,2.0,5.0,2.0,2.0,4.0,7.0,2.0,2.0,6.0,5.0,11.0,3.0,2.0,1.0,0.0,0.0,2.0,1.0,21.0,16.0,76.1,71.4,28.6,28.6,0.8,3.0,2.0,31.1,26.6,28.9,25.0,2.5,0.0,20.2,18.5,
2479706,4,981167,SEGLE XXI,HOME,2196865,M. Carbó Medina,M. Carbó Medina,1,25.1,1508.0,15.0,3.0,6.0,3.0,9.0,6.0,15.0,0.0,0.0,4.0,5.0,9.0,2.0,3.0,1.0,0.0,0.0,4.0,0.0,11.0,16.0,50.0,50.0,60.0,0.0,1.0,1.0,0.0,15.9,20.4,18.2,15.2,1.9,0.0,16.7,25.9,
2479706,4,981167,SEGLE XXI,HOME,2528756,M. Zarzuelo Oroz,M. Zarzuelo Oroz,0,6.3,379.0,2.0,1.0,2.0,0.0,1.0,1.0,3.0,0.0,0.0,0.0,1.0,1.0,0.0,0.0,0.0,0.0,0.0,0.0,0.0,1.0,3.0,33.3,33.3,33.3,0.0,1.0,0.0,0.0,0.0,16.3,8.0,0.0,0.0,0.0,0.0,17.2,
2479706,4,981167,SEGLE XXI,HOME,2454402,S. Fernandez De Cuevas Martinez,S. Fernandez De Cuevas Martinez,1,13.0,781.0,5.0,1.0,2.0,1.0,3.0,2.0,5.0,0.0,0.0,0.0,1.0,1.0,0.0,3.0,2.0,0.0,0.0,2.0,0.0,0.0,7.0,50.0,50.0,60.0,0.0,1.0,1.0,0.0,0.0,7.9,3.9,0.0,7.5,0.0,37.5,22.2,
2479706,4,981167,SEGLE XXI,HOME,2229661,B. Asensio Senosiáin,B. Asensio Senosiáin,0,15.8,951.0,4.0,2.0,4.0,0.0,4.0,2.0,8.0,0.0,0.0,2.0,2.0,4.0,0.0,2.0,0.0,0.0,0.0,4.0,0.0,-4.0,14.0,25.0,25.0,50.0,0.0,1.0,0.0,0.0,12.7,13.0,12.8,0.0,0.0,0.0,20.0,22.8,
2479706,4,981167,SEGLE XXI,HOME,2461439,A. Smykovskaia,A. Smykovskaia,0,23.2,1393.0,19.0,9.0,12.0,0.0,0.0,9.0,12.0,1.0,3.0,7.0,6.0,13.0,2.0,2.0,0.0,0.0,0.0,2.0,4.0,29.0,23.0,71.3,75.0,0.0,25.0,1.5,0.0,0.8,30.2,26.5,28.4,19.6,0.0,0.0,13.1,23.8,
2479706,4,979778,MAGEC TÍAS LANZAROTE CONTRA LA VIOLENCIA DE GÉNERO,AWAY,2178381,E. Lozano Sosa,E. Lozano Sosa,0,10.0,601.0,0.0,0.0,1.0,0.0,0.0,0.0,1.0,0.0,0.0,0.0,0.0,0.0,0.0,0.0,0.0,0.0,0.0,1.0,0.0,-2.0,-16.0,0.0,0.0,0.0,0.0,0.0,0.0,0.0,0.0,0.0,0.0,0.0,0.0,0.0,0.0,4.6,
2479706,4,979778,MAGEC TÍAS LANZAROTE CONTRA LA VIOLENCIA DE GÉNERO,AWAY,1100445,Y. Garcia Gonzalez,Y. Garcia Gonzalez,1,13.4,805.0,5.0,2.0,4.0,0.0,0.0,2.0,4.0,1.0,1.0,0.0,3.0,3.0,1.0,2.0,0.0,0.0,0.0,1.0,3.0,7.0,-11.0,56.3,50.0,0.0,25.0,1.0,0.0,0.3,0.0,22.4,11.3,52.6,0.0,0.0,31.1,22.1,
2479706,4,979778,MAGEC TÍAS LANZAROTE CONTRA LA VIOLENCIA DE GÉNERO,AWAY,2415445,I. Drake Ruiz-Villar,I. Drake Ruiz-Villar,1,33.1,1984.0,10.0,4.0,13.0,0.0,0.0,4.0,13.0,2.0,2.0,3.0,2.0,5.0,0.0,5.0,1.0,1.0,0.0,1.0,3.0,5.0,-26.0,36.0,30.8,0.0,15.4,0.6,0.0,0.7,9.3,6.0,7.6,0.0,1.4,2.6,26.5,26.3,
2479706,4,979778,MAGEC TÍAS LANZAROTE CONTRA LA VIOLENCIA DE GÉNERO,AWAY,1450205,A. Rodriguez Guerra,A. Rodriguez Guerra,0,8.5,509.0,0.0,0.0,1.0,0.0,2.0,0.0,3.0,0.0,2.0,0.0,0.0,0.0,0.0,0.0,1.0,0.0,0.0,0.0,1.0,-3.0,-7.0,0.0,0.0,66.7,66.7,0.0,0.0,2.0,0.0,0.0,0.0,0.0,5.3,0.0,0.0,21.0,
2479706,4,979778,MAGEC TÍAS LANZAROTE CONTRA LA VIOLENCIA DE GÉNERO,AWAY,1995747,S. Hisado Santos,S. Hisado Santos,1,33.1,1987.0,3.0,0.0,1.0,1.0,2.0,1.0,3.0,0.0,0.0,1.0,3.0,4.0,2.0,3.0,1.0,0.0,0.0,3.0,2.0,4.0,-28.0,50.0,50.0,66.7,0.0,0.0,1.5,0.0,3.1,9.1,6.1,21.3,1.4,0.0,50.0,8.4,
2479706,4,979778,MAGEC TÍAS LANZAROTE CONTRA LA VIOLENCIA DE GÉNERO,AWAY,1695414,C. Mateo Cañada,C. Mateo Cañada,1,36.9,2215.0,12.0,3.0,13.0,1.0,7.0,4.0,20.0,3.0,5.0,1.0,4.0,5.0,2.0,4.0,2.0,0.0,0.0,4.0,8.0,3.0,-41.0,27.0,22.5,35.0,25.0,0.5,0.4,0.6,2.8,10.8,6.9,26.0,2.4,0.0,15.3,32.7,
2479706,4,979778,MAGEC TÍAS LANZAROTE CONTRA LA VIOLENCIA DE GÉNERO,AWAY,2824664,B. Snorradottir,B. Snorradottir,0,30.1,1807.0,4.0,0.0,3.0,0.0,0.0,0.0,3.0,4.0,4.0,0.0,2.0,2.0,0.0,2.0,4.0,0.0,0.0,1.0,2.0,6.0,-19.0,42.0,0.0,0.0,133.3,0.0,0.0,2.0,0.0,6.6,3.4,0.0,6.0,0.0,29.6,10.3,
2479706,4,979778,MAGEC TÍAS LANZAROTE CONTRA LA VIOLENCIA DE GÉNERO,AWAY,2524794,M. Marinho Junqueira,M. Marinho Junqueira,1,34.9,2092.0,8.0,1.0,5.0,1.0,4.0,2.0,9.0,3.0,6.0,0.0,4.0,4.0,4.0,6.0,5.0,0.0,0.0,2.0,6.0,9.0,-22.0,34.4,27.8,44.4,66.7,0.4,0.8,1.0,0.0,11.5,5.8,41.2,6.4,0.0,34.0,23.3,
2479707,4,979775,BASKET ALMEDA,HOME,2104880,M. Llodra Jaen,M. Llodra Jaen,0,4.3,260.0,2.0,1.0,1.0,0.0,1.0,1.0,2.0,0.0,0.0,0.0,0.0,0.0,0.0,0.0,0.0,0.0,0.0,1.0,0.0,0.0,1.0,50.0,50.0,50.0,0.0,2.0,0.0,0.0,0.0,0.0,0.0,0.0,0.0,0.0,0.0,21.6,
2479707,4,979775,BASKET ALMEDA,HOME,1929994,M. Garcia Menéndez,M. Garcia Menéndez,0,16.4,985.0,1.0,0.0,2.0,0.0,2.0,0.0,4.0,1.0,2.0,2.0,0.0,2.0,0.0,2.0,2.0,0.0,0.0,4.0,2.0,-4.0,-7.0,10.2,0.0,50.0,50.0,0.0,0.0,1.0,12.5,0.0,6.6,0.0,6.4,0.0,29.1,19.5,
2479707,4,979775,BASKET ALMEDA,HOME,1912154,C. Balibrea Oliveras,C. Balibrea Oliveras,0,12.8,765.0,3.0,1.0,1.0,0.0,0.0,1.0,1.0,1.0,2.0,1.0,4.0,5.0,0.0,0.0,0.0,0.0,0.0,2.0,2.0,7.0,6.0,79.8,100.0,0.0,200.0,2.0,0.0,1.0,8.0,35.7,21.1,0.0,0.0,0.0,0.0,6.8,
2479707,4,979775,BASKET ALMEDA,HOME,2219057,I. Homs Fatjo,I. Homs Fatjo,0,13.3,800.0,1.0,0.0,2.0,0.0,1.0,0.0,3.0,1.0,2.0,0.0,1.0,1.0,0.0,0.0,0.0,0.0,0.0,0.0,1.0,-1.0,-8.0,12.9,0.0,33.3,66.7,0.0,0.0,2.0,0.0,8.6,4.1,0.0,0.0,0.0,0.0,13.6,
2479707,4,979775,BASKET ALMEDA,HOME,1893303,L. Tierno Martí,L. Tierno Martí,0,23.1,1387.0,12.0,1.0,1.0,3.0,4.0,4.0,5.0,1.0,2.0,1.0,2.0,3.0,1.0,0.0,0.0,0.0,0.0,2.0,3.0,15.0,-15.0,102.0,110.0,80.0,40.0,2.0,2.2,0.7,4.4,9.9,7.0,8.2,0.0,0.0,0.0,11.8,
2479707,4,979775,BASKET ALMEDA,HOME,1737538,C. Pujol Martinez,C. Pujol Martinez,1,33.7,2024.0,24.0,6.0,10.0,4.0,7.0,10.0,17.0,0.0,0.0,1.0,6.0,7.0,1.0,3.0,0.0,0.0,0.0,2.0,0.0,20.0,-6.0,70.6,70.6,41.2,0.0,1.2,1.7,0.0,3.0,20.3,11.2,8.6,0.0,0.0,15.0,27.6,
2479707,4,979775,BASKET ALMEDA,HOME,2157230,L. Jove Fuste,L. Jove Fuste,1,24.5,1471.0,5.0,1.0,4.0,1.0,1.0,2.0,5.0,0.0,0.0,0.0,0.0,0.0,2.0,2.0,0.0,0.0,0.0,2.0,0.0,0.0,-3.0,50.0,50.0,20.0,0.0,0.5,3.0,0.0,0.0,0.0,0.0,14.1,0.0,0.0,28.6,13.3,
2479707,4,979775,BASKET ALMEDA,HOME,1923707,C. Diaz-Guerra Prats,C. Diaz-Guerra Prats,1,29.1,1745.0,23.0,4.0,11.0,3.0,8.0,7.0,19.0,6.0,8.0,3.0,2.0,5.0,4.0,1.0,0.0,0.0,0.0,3.0,8.0,22.0,-4.0,51.1,44.7,42.1,42.1,0.7,1.1,1.0,10.6,7.9,9.3,33.6,0.0,0.0,4.3,37.6,
2479707,4,979775,BASKET ALMEDA,HOME,2053836,C. Moreno Mengibar,C. Moreno Mengibar,1,16.9,1013.0,2.0,1.0,3.0,0.0,0.0,1.0,3.0,0.0,0.0,3.0,5.0,8.0,0.0,2.0,0.0,0.0,0.0,3.0,1.0,4.0,-15.0,33.3,33.3,0.0,0.0,0.7,0.0,0.0,18.2,33.8,25.6,0.0,0.0,0.0,40.0,13.8,
2479707,4,979775,BASKET ALMEDA,HOME,2147731,D. Peris Fons,D. Peris Fons,0,10.4,622.0,0.0,0.0,4.0,0.0,0.0,0.0,4.0,0.0,0.0,1.0,2.0,3.0,0.0,0.0,0.0,0.0,0.0,2.0,2.0,-1.0,-3.0,0.0,0.0,0.0,0.0,0.0,0.0,0.0,9.9,22.0,15.6,0.0,0.0,0.0,0.0,17.9,
2479707,4,979775,BASKET ALMEDA,HOME,2440587,M. Coll-Vinent Olle,M. Coll-Vinent Olle,1,15.5,928.0,2.0,1.0,4.0,0.0,2.0,1.0,6.0,0.0,0.0,1.0,3.0,4.0,0.0,0.0,0.0,0.0,0.0,2.0,0.0,-1.0,-6.0,16.7,16.7,33.3,0.0,0.5,0.0,0.0,6.6,22.1,13.9,0.0,0.0,0.0,0.0,18.0,
2479707,4,981209,CB CLARET BENIMACLET,AWAY,2557107,I. Serrano Alvarez,I. Serrano Alvarez,0,16.8,1007.0,4.0,1.0,5.0,0.0,0.0,1.0,5.0,2.0,2.0,2.0,6.0,8.0,2.0,1.0,0.0,0.0,0.0,4.0,2.0,7.0,-2.0,34.0,20.0,0.0,40.0,0.4,0.0,1.0,13.6,36.6,25.7,16.9,0.0,0.0,14.5,19.1,
2479707,4,981209,CB CLARET BENIMACLET,AWAY,1886112,S. Afonso Gonzalez,S. Afonso Gonzalez,1,25.1,1506.0,10.0,1.0,3.0,2.0,8.0,3.0,11.0,2.0,2.0,1.0,2.0,3.0,4.0,1.0,2.0,0.0,0.0,3.0,5.0,12.0,7.0,42.1,36.4,72.7,18.2,0.7,0.8,0.4,4.6,8.2,6.5,24.7,4.4,0.0,7.8,24.0,
2479707,4,981209,CB CLARET BENIMACLET,AWAY,2209715,J. Sarrio Asensio,J. Sarrio Asensio,0,19.0,1138.0,10.0,2.0,4.0,2.0,3.0,4.0,7.0,0.0,1.0,0.0,3.0,3.0,0.0,1.0,1.0,0.0,0.0,1.0,2.0,10.0,9.0,67.2,71.4,42.9,14.3,1.0,2.0,0.5,0.0,16.2,8.5,0.0,2.9,0.0,11.8,20.7,
2479707,4,981209,CB CLARET BENIMACLET,AWAY,1853228,J. Rochina Troncoso,J. Rochina Troncoso,1,26.0,1559.0,8.0,3.0,4.0,0.0,0.0,3.0,4.0,2.0,2.0,1.0,1.0,2.0,5.0,0.0,1.0,0.0,0.0,0.0,3.0,18.0,14.0,82.0,75.0,0.0,50.0,1.5,0.0,0.7,4.4,3.9,4.2,25.8,2.1,0.0,0.0,8.8,
2479707,4,981209,CB CLARET BENIMACLET,AWAY,2281500,L. Liern Ruiz,L. Liern Ruiz,0,10.1,603.0,2.0,1.0,1.0,0.0,0.0,1.0,1.0,0.0,0.0,0.0,0.0,0.0,0.0,0.0,0.0,0.0,0.0,1.0,1.0,2.0,-1.0,100.0,100.0,0.0,0.0,2.0,0.0,0.0,0.0,0.0,0.0,0.0,0.0,0.0,0.0,4.6,
2479707,4,981209,CB CLARET BENIMACLET,AWAY,1767443,M. Cuellar Bayarri,M. Cuellar Bayarri,1,23.2,1393.0,18.0,8.0,12.0,0.0,0.0,8.0,12.0,2.0,3.0,3.0,3.0,6.0,1.0,3.0,0.0,0.0,0.0,4.0,3.0,16.0,14.0,67.6,66.7,0.0,25.0,1.3,0.0,1.0,14.8,13.3,14.0,8.9,0.0,0.0,18.4,32.8,
2479707,4,981209,CB CLARET BENIMACLET,AWAY,1506842,E. Cases Rey,E. Cases Rey,1,18.8,1130.0,8.0,3.0,5.0,0.0,4.0,3.0,9.0,2.0,2.0,1.0,1.0,2.0,2.0,2.0,0.0,0.0,0.0,1.0,1.0,4.0,-2.0,40.5,33.3,44.4,22.2,1.2,0.0,2.0,6.1,5.5,5.8,15.4,0.0,0.0,16.8,29.5,
2479707,4,981209,CB CLARET BENIMACLET,AWAY,1681307,E. Iranzo Gutierrez,E. Iranzo Gutierrez,0,14.3,859.0,4.0,2.0,3.0,0.0,2.0,2.0,5.0,0.0,2.0,0.0,0.0,0.0,0.0,0.0,0.0,0.0,0.0,3.0,1.0,-3.0,1.0,34.0,40.0,40.0,40.0,1.3,0.0,2.0,0.0,0.0,0.0,0.0,0.0,0.0,0.0,19.2,
2479707,4,981209,CB CLARET BENIMACLET,AWAY,1994256,T. Toledo Navarro,T. Toledo Navarro,0,20.7,1242.0,12.0,3.0,4.0,0.0,0.0,3.0,4.0,6.0,8.0,1.0,2.0,3.0,1.0,0.0,2.0,0.0,0.0,2.0,4.0,17.0,18.0,79.8,75.0,0.0,200.0,1.5,0.0,2.0,5.5,9.9,7.8,7.7,5.3,0.0,0.0,17.0,
2479707,4,981209,CB CLARET BENIMACLET,AWAY,1749591,I. Garrido Perez,I. Garrido Perez,1,21.1,1266.0,9.0,0.0,0.0,3.0,7.0,3.0,7.0,0.0,0.0,0.0,6.0,6.0,0.0,0.0,0.0,0.0,0.0,0.0,1.0,12.0,5.0,64.3,64.3,100.0,0.0,0.0,1.3,0.0,0.0,29.2,15.4,0.0,0.0,0.0,0.0,15.5,
2479707,4,981209,CB CLARET BENIMACLET,AWAY,2087980,A. Romero De Vicente,A. Romero De Vicente,0,5.0,297.0,2.0,1.0,1.0,0.0,2.0,1.0,3.0,0.0,0.0,1.0,2.0,3.0,0.0,0.0,0.0,0.0,0.0,0.0,0.0,3.0,-3.0,33.3,33.3,66.7,0.0,2.0,0.0,0.0,22.9,41.0,32.4,0.0,0.0,0.0,0.0,28.0,
2479708,4,981212,ELSAMEX CB ANDRATX,HOME,2553411,N. Jeng,N. Jeng,0,19.0,1142.0,6.0,2.0,5.0,0.0,0.0,2.0,5.0,2.0,6.0,1.0,4.0,5.0,1.0,2.0,0.0,0.0,0.0,3.0,4.0,4.0,-11.0,39.3,40.0,0.0,120.0,0.8,0.0,1.5,7.0,22.2,15.5,11.8,0.0,0.0,20.7,22.6,
2479708,4,981212,ELSAMEX CB ANDRATX,HOME,1461086,P. Comella Pons,P. Comella Pons,1,36.9,2213.0,20.0,4.0,9.0,2.0,5.0,6.0,14.0,6.0,6.0,0.0,2.0,2.0,2.0,3.0,1.0,1.0,0.0,0.0,7.0,22.0,-14.0,60.1,50.0,35.7,42.9,0.9,1.2,0.9,0.0,5.7,3.2,15.5,1.3,2.3,15.3,23.7,
2479708,4,981212,ELSAMEX CB ANDRATX,HOME,2036170,A. Peregrina Garcia,A. Peregrina Garcia,1,30.8,1846.0,7.0,1.0,2.0,1.0,6.0,2.0,8.0,2.0,6.0,0.0,4.0,4.0,4.0,4.0,0.0,0.0,0.0,2.0,8.0,7.0,-5.0,32.9,31.2,75.0,75.0,1.0,0.5,0.8,0.0,13.7,7.6,27.0,0.0,0.0,27.3,21.2,
2479708,4,981212,ELSAMEX CB ANDRATX,HOME,2820516,L. Stenta,L. Stenta,0,6.2,373.0,0.0,0.0,3.0,0.0,0.0,0.0,3.0,0.0,0.0,0.0,1.0,1.0,0.0,0.0,0.0,0.0,0.0,3.0,0.0,-5.0,-1.0,0.0,0.0,0.0,0.0,0.0,0.0,0.0,0.0,17.0,9.5,0.0,0.0,0.0,0.0,21.6,
2479708,4,981212,ELSAMEX CB ANDRATX,HOME,1579078,H. Condom Rosell,H. Condom Rosell,1,20.8,1249.0,6.0,3.0,7.0,0.0,0.0,3.0,7.0,0.0,0.0,2.0,2.0,4.0,0.0,2.0,1.0,0.0,0.0,0.0,0.0,5.0,0.0,42.9,42.9,0.0,0.0,0.9,0.0,0.0,12.8,10.1,11.3,0.0,2.3,0.0,22.2,19.3,
2479708,4,981212,ELSAMEX CB ANDRATX,HOME,2148958,M. López Martí,M. López Martí,0,15.3,921.0,5.0,0.0,0.0,1.0,2.0,1.0,2.0,2.0,2.0,0.0,4.0,4.0,1.0,4.0,1.0,0.0,0.0,1.0,1.0,6.0,1.0,86.8,75.0,100.0,100.0,0.0,1.5,2.0,0.0,27.5,15.4,13.5,3.1,0.0,58.1,20.0,
2479708,4,981212,ELSAMEX CB ANDRATX,HOME,2120195,A. Real Cerda,A. Real Cerda,0,1.0,62.0,0.0,0.0,0.0,0.0,0.0,0.0,0.0,0.0,0.0,0.0,0.0,0.0,0.0,1.0,1.0,0.0,0.0,1.0,0.0,-1.0,-1.0,0.0,0.0,0.0,0.0,0.0,0.0,0.0,0.0,0.0,0.0,0.0,47.3,0.0,100.0,44.5,
2479708,4,981212,ELSAMEX CB ANDRATX,HOME,2276474,L. García Rivera,L. García Rivera,0,22.9,1374.0,4.0,2.0,5.0,0.0,0.0,2.0,5.0,0.0,0.0,1.0,2.0,3.0,1.0,2.0,0.0,0.0,0.0,3.0,0.0,0.0,-3.0,40.0,40.0,0.0,0.0,0.8,0.0,0.0,5.8,9.2,7.7,9.4,0.0,0.0,28.6,13.6,
2479708,4,981212,ELSAMEX CB ANDRATX,HOME,2043611,J. Ballester Manque,J. Ballester Manque,1,24.2,1454.0,7.0,2.0,4.0,1.0,2.0,3.0,6.0,0.0,0.0,0.0,4.0,4.0,0.0,5.0,2.0,0.0,0.0,4.0,1.0,2.0,-13.0,58.3,58.3,33.3,0.0,1.0,1.5,0.0,0.0,17.4,9.7,0.0,3.9,0.0,45.5,20.2,
2479708,4,981212,ELSAMEX CB ANDRATX,HOME,2294809,P. Sans Cantallops,P. Sans Cantallops,1,22.8,1366.0,4.0,2.0,3.0,0.0,3.0,2.0,6.0,0.0,0.0,0.0,2.0,2.0,1.0,2.0,0.0,0.0,0.0,5.0,2.0,-2.0,-13.0,33.3,33.3,50.0,0.0,1.3,0.0,0.0,0.0,9.2,5.2,9.4,0.0,0.0,25.0,15.6,
2479708,4,980023,GEIEG PACISA,AWAY,1949920,J. Pairo Urtos,J. Pairo Urtos,0,13.0,778.0,5.0,1.0,3.0,1.0,2.0,2.0,5.0,0.0,0.0,0.0,3.0,3.0,1.0,2.0,0.0,0.0,0.0,2.0,0.0,2.0,1.0,50.0,50.0,40.0,0.0,0.7,1.5,0.0,0.0,30.8,13.6,17.2,0.0,0.0,28.6,22.1,
2479708,4,980023,GEIEG PACISA,AWAY,1917788,M. Carbo Cachinero,M. Carbo Cachinero,1,19.5,1172.0,10.0,2.0,3.0,1.0,2.0,3.0,5.0,3.0,4.0,1.0,3.0,4.0,1.0,1.0,2.0,0.0,0.0,1.0,2.0,14.0,22.0,74.0,70.0,40.0,80.0,1.3,1.5,2.0,5.4,20.5,12.1,10.0,4.8,0.0,12.9,16.3,
2479708,4,980023,GEIEG PACISA,AWAY,1944150,M. Melero Bravo,M. Melero Bravo,1,28.2,1691.0,5.0,2.0,10.0,0.0,2.0,2.0,12.0,1.0,2.0,1.0,3.0,4.0,3.0,4.0,2.0,0.0,0.0,2.0,2.0,-1.0,4.0,19.4,16.7,16.7,16.7,0.4,0.0,1.0,3.7,14.2,8.3,18.5,3.3,0.0,23.7,24.5,
2479708,4,980023,GEIEG PACISA,AWAY,1748049,N. Bagaria Rovira,N. Bagaria Rovira,0,16.0,961.0,7.0,0.0,1.0,2.0,6.0,2.0,7.0,1.0,2.0,0.0,0.0,0.0,0.0,3.0,3.0,0.0,0.0,0.0,1.0,2.0,7.0,44.4,42.9,85.7,28.6,0.0,1.0,2.0,0.0,0.0,0.0,0.0,8.7,0.0,27.6,27.9,
2479708,4,980023,GEIEG PACISA,AWAY,1667386,C. Morente Lopez,C. Morente Lopez,0,13.9,833.0,0.0,0.0,0.0,0.0,3.0,0.0,3.0,0.0,0.0,0.0,2.0,2.0,1.0,2.0,1.0,0.0,0.0,4.0,1.0,-4.0,-12.0,0.0,0.0,100.0,0.0,0.0,0.0,0.0,0.0,19.2,8.5,12.8,3.4,0.0,40.0,14.7,
2479708,4,980023,GEIEG PACISA,AWAY,1968963,A. Talasimov,A. Talasimov,1,28.8,1725.0,14.0,5.0,9.0,0.0,1.0,5.0,10.0,4.0,7.0,3.0,0.0,3.0,0.0,3.0,2.0,0.0,1.0,5.0,7.0,10.0,3.0,53.5,50.0,10.0,70.0,1.1,0.0,1.0,11.0,0.0,6.1,0.0,3.2,0.0,18.7,22.9,
2479708,4,980023,GEIEG PACISA,AWAY,1567998,V. Gonzalez Olaizola,V. Gonzalez Olaizola,0,22.2,1333.0,9.0,3.0,4.0,0.0,0.0,3.0,4.0,3.0,4.0,3.0,5.0,8.0,4.0,2.0,0.0,0.0,0.0,4.0,3.0,16.0,-5.0,78.1,75.0,0.0,100.0,1.5,0.0,1.3,14.2,30.0,21.2,31.7,0.0,0.0,25.8,14.3,
2479708,4,980023,GEIEG PACISA,AWAY,1666109,A. Coma Perpiña,A. Coma Perpiña,1,29.4,1765.0,10.0,4.0,6.0,0.0,2.0,4.0,8.0,2.0,4.0,1.0,4.0,5.0,2.0,2.0,2.0,0.0,0.0,3.0,5.0,13.0,14.0,51.2,50.0,25.0,50.0,1.3,0.0,0.8,3.6,18.1,10.0,14.1,3.2,0.0,17.0,16.4,
2479708,4,980023,GEIEG PACISA,AWAY,1926754,J. Fernandez Pinsach,J. Fernandez Pinsach,1,17.8,1067.0,9.0,4.0,5.0,0.0,0.0,4.0,5.0,1.0,1.0,2.0,5.0,7.0,1.0,2.0,1.0,0.0,0.0,2.0,1.0,14.0,17.0,82.7,80.0,0.0,20.0,1.6,0.0,1.0,11.8,37.5,23.1,15.6,2.6,0.0,26.9,17.1,
2479708,4,980023,GEIEG PACISA,AWAY,2239082,N. Mitjanas Costa,N. Mitjanas Costa,0,11.2,675.0,2.0,1.0,6.0,0.0,0.0,1.0,6.0,0.0,0.0,2.0,1.0,3.0,3.0,1.0,1.0,0.0,0.0,0.0,0.0,3.0,9.0,16.7,16.7,0.0,0.0,0.3,0.0,0.0,18.8,11.9,15.8,44.1,4.2,0.0,14.3,25.6,
2479709,4,981414,HIERROS DÍAZ EXTREMADURA MIRALVALLE,HOME,1707378,M. Pérez Castro,M. Pérez Castro,1,36.3,2180.0,15.0,4.0,8.0,1.0,6.0,5.0,14.0,4.0,5.0,1.0,2.0,3.0,0.0,4.0,2.0,0.0,1.0,2.0,6.0,10.0,-12.0,46.3,39.3,42.9,35.7,1.0,0.5,0.8,2.3,7.3,4.3,0.0,2.8,0.0,19.8,24.6,
2479709,4,981414,HIERROS DÍAZ EXTREMADURA MIRALVALLE,HOME,2818302,V. Michel,V. Michel,1,24.4,1465.0,7.0,3.0,11.0,0.0,0.0,3.0,11.0,1.0,1.0,2.0,5.0,7.0,2.0,1.0,2.0,0.0,1.0,1.0,1.0,9.0,-6.0,30.6,27.3,0.0,9.1,0.5,0.0,1.0,7.0,27.3,14.9,25.6,4.2,0.0,8.0,22.5,
2479709,4,981414,HIERROS DÍAZ EXTREMADURA MIRALVALLE,HOME,2734458,L. Navas Castro,L. Navas Castro,0,26.6,1597.0,9.0,4.0,10.0,0.0,2.0,4.0,12.0,1.0,2.0,0.0,1.0,1.0,0.0,2.0,2.0,0.0,0.0,1.0,1.0,1.0,-22.0,34.9,33.3,16.7,16.7,0.8,0.0,2.0,0.0,5.0,2.0,0.0,3.9,0.0,13.4,24.7,
2479709,4,981414,HIERROS DÍAZ EXTREMADURA MIRALVALLE,HOME,1158794,A. Fernandez Oraa,A. Fernandez Oraa,0,21.7,1304.0,2.0,1.0,2.0,0.0,1.0,1.0,3.0,0.0,0.0,1.0,3.0,4.0,0.0,0.0,0.0,0.0,0.0,0.0,1.0,5.0,-16.0,33.3,33.3,33.3,0.0,1.0,0.0,0.0,3.9,18.4,9.6,0.0,0.0,0.0,0.0,6.1,
2479709,4,981414,HIERROS DÍAZ EXTREMADURA MIRALVALLE,HOME,1724925,M. Romero Garrido,M. Romero Garrido,1,21.2,1274.0,8.0,3.0,6.0,0.0,4.0,3.0,10.0,2.0,2.0,1.0,3.0,4.0,1.0,2.0,5.0,0.0,0.0,4.0,3.0,8.0,-12.0,36.8,30.0,40.0,20.0,1.0,0.0,0.7,4.0,18.9,9.8,16.7,12.1,0.0,15.5,26.8,
2479709,4,981414,HIERROS DÍAZ EXTREMADURA MIRALVALLE,HOME,2566363,P. Laurenson Cheynel,P. Laurenson Cheynel,1,17.6,1056.0,4.0,2.0,8.0,0.0,2.0,2.0,10.0,0.0,0.0,0.0,1.0,1.0,0.0,0.0,0.0,0.0,2.0,4.0,1.0,-6.0,-7.0,20.0,20.0,20.0,0.0,0.5,0.0,0.0,0.0,7.6,3.0,0.0,0.0,0.0,0.0,25.1,
2479709,4,981414,HIERROS DÍAZ EXTREMADURA MIRALVALLE,HOME,1984467,G. Lopez Cuesta,G. Lopez Cuesta,0,18.9,1136.0,0.0,0.0,8.0,0.0,0.0,0.0,8.0,0.0,0.0,3.0,3.0,6.0,0.0,2.0,0.0,0.0,0.0,0.0,1.0,-3.0,-9.0,0.0,0.0,0.0,0.0,0.0,0.0,0.0,13.5,21.2,16.5,0.0,0.0,0.0,20.0,23.4,
2479709,4,981414,HIERROS DÍAZ EXTREMADURA MIRALVALLE,HOME,1529427,C. Lazaro Hernandez,C. Lazaro Hernandez,1,33.1,1988.0,3.0,0.0,1.0,0.0,4.0,0.0,5.0,3.0,5.0,0.0,1.0,1.0,0.0,0.0,3.0,0.0,0.0,4.0,5.0,1.0,-16.0,20.8,0.0,80.0,100.0,0.0,0.0,1.0,0.0,4.0,1.6,0.0,4.7,0.0,0.0,9.6,
2479709,4,981286,ESCO GRUPO FEMENINO ALCORCON,AWAY,2822981,C. Ribeiro Dos Santos Bernardeco,C. Ribeiro Dos Santos Bernardeco,1,18.4,1107.0,6.0,0.0,0.0,2.0,4.0,2.0,4.0,0.0,0.0,0.0,1.0,1.0,0.0,3.0,2.0,0.0,0.0,0.0,0.0,4.0,4.0,75.0,75.0,100.0,0.0,0.0,1.5,0.0,0.0,4.6,2.8,0.0,5.3,0.0,42.9,17.2,
2479709,4,981286,ESCO GRUPO FEMENINO ALCORCON,AWAY,2095287,G. Escorial Ferrero,G. Escorial Ferrero,0,18.4,1105.0,6.0,3.0,6.0,0.0,0.0,3.0,6.0,0.0,0.0,2.0,6.0,8.0,0.0,1.0,0.0,1.0,0.0,3.0,0.0,8.0,14.0,50.0,50.0,0.0,0.0,1.0,0.0,0.0,14.5,27.8,22.6,0.0,0.0,4.0,14.3,17.2,
2479709,4,981286,ESCO GRUPO FEMENINO ALCORCON,AWAY,2162538,C. Del Amo Sevillano,C. Del Amo Sevillano,1,27.5,1648.0,17.0,7.0,13.0,0.0,3.0,7.0,16.0,3.0,5.0,5.0,6.0,11.0,0.0,2.0,1.0,0.0,0.0,1.0,5.0,20.0,7.0,46.7,43.8,18.8,31.2,1.1,0.0,1.0,24.2,18.6,20.8,0.0,1.8,0.0,9.9,33.1,
2479709,4,981286,ESCO GRUPO FEMENINO ALCORCON,AWAY,2182200,L. Bernardo Perez,L. Bernardo Perez,0,12.6,753.0,3.0,1.0,4.0,0.0,2.0,1.0,6.0,1.0,2.0,0.0,2.0,2.0,1.0,1.0,0.0,0.0,0.0,0.0,1.0,0.0,2.0,21.8,16.7,33.3,33.3,0.5,0.0,2.0,0.0,13.5,8.2,13.5,0.0,0.0,12.7,28.2,
2479709,4,981286,ESCO GRUPO FEMENINO ALCORCON,AWAY,2012796,M. Blanco Eusebio,M. Blanco Eusebio,0,22.4,1347.0,7.0,3.0,4.0,0.0,2.0,3.0,6.0,1.0,1.0,1.0,11.0,12.0,2.0,2.0,0.0,0.0,0.0,2.0,2.0,16.0,14.0,54.3,50.0,33.3,16.7,1.5,0.0,0.5,6.0,41.8,27.8,14.5,0.0,0.0,23.7,17.0,
2479709,4,981286,ESCO GRUPO FEMENINO ALCORCON,AWAY,1535457,M. Aranda Fraile,M. Aranda Fraile,0,22.2,1332.0,3.0,0.0,0.0,1.0,2.0,1.0,2.0,0.0,0.0,0.0,4.0,4.0,6.0,3.0,2.0,0.0,0.0,2.0,1.0,10.0,22.0,75.0,75.0,100.0,0.0,0.0,1.5,0.0,0.0,15.3,9.4,38.0,4.4,0.0,60.0,10.2,
2479709,4,981286,ESCO GRUPO FEMENINO ALCORCON,AWAY,2822982,Y. Sifaoui Bucero,Y. Sifaoui Bucero,1,23.0,1379.0,13.0,6.0,9.0,0.0,0.0,6.0,9.0,1.0,1.0,2.0,6.0,8.0,1.0,5.0,1.0,1.0,0.0,2.0,2.0,16.0,4.0,68.9,66.7,0.0,11.1,1.3,0.0,0.5,11.6,22.2,18.1,9.3,2.1,3.2,34.6,28.3,
2479709,4,981286,ESCO GRUPO FEMENINO ALCORCON,AWAY,2819126,L. Vulovic,L. Vulovic,0,13.1,786.0,2.0,1.0,1.0,0.0,0.0,1.0,1.0,0.0,0.0,0.0,1.0,1.0,0.0,2.0,1.0,1.0,0.0,0.0,0.0,3.0,13.0,100.0,100.0,0.0,0.0,2.0,0.0,0.0,0.0,6.5,4.0,0.0,3.7,5.7,66.7,10.3,
2479709,4,981286,ESCO GRUPO FEMENINO ALCORCON,AWAY,2128123,N. Ipo Seriche-Dougan,N. Ipo Seriche-Dougan,1,12.7,762.0,6.0,2.0,3.0,0.0,0.0,2.0,3.0,2.0,4.0,0.0,1.0,1.0,1.0,4.0,0.0,0.0,0.0,3.0,5.0,3.0,8.0,63.0,66.7,0.0,133.3,1.3,0.0,0.8,0.0,6.7,4.1,15.6,0.0,0.0,45.7,31.1,
2479709,4,981286,ESCO GRUPO FEMENINO ALCORCON,AWAY,2164976,A. Martínez Mora,A. Martínez Mora,0,13.7,824.0,3.0,0.0,2.0,1.0,2.0,1.0,4.0,0.0,0.0,1.0,0.0,1.0,2.0,0.0,1.0,1.0,0.0,3.0,0.0,2.0,12.0,37.5,37.5,50.0,0.0,0.0,1.5,0.0,9.7,0.0,3.8,27.0,3.5,5.4,0.0,13.2,
2479709,4,981286,ESCO GRUPO FEMENINO ALCORCON,AWAY,2176383,I. Camiña Rodriguez,I. Camiña Rodriguez,1,15.9,957.0,2.0,1.0,1.0,0.0,1.0,1.0,2.0,0.0,0.0,0.0,1.0,1.0,0.0,1.0,1.0,0.0,0.0,3.0,0.0,-1.0,0.0,50.0,50.0,50.0,0.0,2.0,0.0,0.0,0.0,5.4,3.3,0.0,3.0,0.0,33.3,8.5,
2479710,4,981227,DPES CB CIUDAD DE MOSTOLES,HOME,2040603,P. Gonzalez Gonzalez,P. Gonzalez Gonzalez,0,14.3,861.0,6.0,3.0,5.0,0.0,2.0,3.0,7.0,0.0,0.0,0.0,1.0,1.0,1.0,3.0,2.0,0.0,0.0,2.0,2.0,3.0,0.0,42.9,42.9,28.6,0.0,1.2,0.0,0.0,0.0,8.5,4.3,20.0,7.4,0.0,30.0,35.1,
2479710,4,981227,DPES CB CIUDAD DE MOSTOLES,HOME,2162836,D. Vaquero Martinez,D. Vaquero Martinez,0,10.6,636.0,3.0,0.0,2.0,0.0,1.0,0.0,3.0,3.0,4.0,0.0,2.0,2.0,0.0,2.0,0.0,0.0,0.0,0.0,3.0,2.0,0.0,31.5,0.0,33.3,133.3,0.0,0.0,1.3,0.0,22.9,11.6,0.0,0.0,0.0,29.6,32.0,
2479710,4,981227,DPES CB CIUDAD DE MOSTOLES,HOME,1178705,A. Peredo Lopez,A. Peredo Lopez,0,8.4,506.0,0.0,0.0,1.0,0.0,3.0,0.0,4.0,0.0,0.0,0.0,1.0,1.0,1.0,0.0,0.0,1.0,0.0,0.0,0.0,-1.0,1.0,0.0,0.0,75.0,0.0,0.0,0.0,0.0,0.0,14.4,7.3,25.0,0.0,10.8,0.0,23.9,
2479710,4,981227,DPES CB CIUDAD DE MOSTOLES,HOME,1222687,B. Moreno Hurtado,B. Moreno Hurtado,0,6.2,369.0,0.0,0.0,0.0,0.0,1.0,0.0,1.0,0.0,0.0,0.0,0.0,0.0,1.0,2.0,0.0,0.0,0.0,0.0,0.0,-2.0,-5.0,0.0,0.0,100.0,0.0,0.0,0.0,0.0,0.0,0.0,0.0,25.0,0.0,0.0,66.7,24.3,
2479710,4,981227,DPES CB CIUDAD DE MOSTOLES,HOME,1819108,N. Gomez Cobo,N. Gomez Cobo,0,26.1,1564.0,8.0,1.0,4.0,2.0,3.0,3.0,7.0,0.0,0.0,0.0,2.0,2.0,3.0,0.0,1.0,1.0,0.0,1.0,0.0,10.0,-5.0,57.1,57.1,42.9,0.0,0.5,2.0,0.0,0.0,9.3,4.7,27.3,2.0,3.5,0.0,13.5,
2479710,4,981227,DPES CB CIUDAD DE MOSTOLES,HOME,2035086,M. Gamez Martinez,M. Gamez Martinez,0,19.0,1138.0,0.0,0.0,0.0,0.0,0.0,0.0,0.0,0.0,0.0,0.0,2.0,2.0,0.0,1.0,1.0,1.0,0.0,2.0,1.0,2.0,-6.0,0.0,0.0,0.0,0.0,0.0,0.0,0.0,0.0,12.8,6.5,0.0,2.8,4.8,100.0,2.6,
2479710,4,981227,DPES CB CIUDAD DE MOSTOLES,HOME,1589173,M. Correa Villalona,M. Correa Villalona,1,8.9,533.0,2.0,0.0,1.0,0.0,0.0,0.0,1.0,2.0,2.0,0.0,1.0,1.0,0.0,1.0,0.0,0.0,0.0,1.0,2.0,2.0,0.0,53.2,0.0,0.0,200.0,0.0,0.0,1.0,0.0,13.6,6.9,0.0,0.0,0.0,34.7,16.3,
2479710,4,981227,DPES CB CIUDAD DE MOSTOLES,HOME,1434653,B. Martinez Sanz,B. Martinez Sanz,1,31.0,1859.0,16.0,4.0,6.0,2.0,3.0,6.0,9.0,2.0,5.0,1.0,5.0,6.0,1.0,5.0,2.0,0.0,0.0,1.0,4.0,17.0,-6.0,71.4,77.8,33.3,55.6,1.3,2.0,1.2,4.0,19.6,11.9,10.0,3.4,0.0,30.9,26.3,
2479710,4,981227,DPES CB CIUDAD DE MOSTOLES,HOME,1740994,B. Rodríguez Bazaga,B. Rodríguez Bazaga,1,36.2,2173.0,12.0,0.0,1.0,4.0,10.0,4.0,11.0,0.0,0.0,1.0,2.0,3.0,4.0,1.0,2.0,0.0,0.0,4.0,1.0,10.0,-4.0,54.5,54.5,90.9,0.0,0.0,1.2,0.0,3.5,6.7,5.1,28.6,2.9,0.0,8.3,16.7,
2479710,4,981227,DPES CB CIUDAD DE MOSTOLES,HOME,2404223,E. Abubakar Arrey,E. Abubakar Arrey,1,23.2,1390.0,8.0,3.0,7.0,0.0,0.0,3.0,7.0,2.0,4.0,3.0,1.0,4.0,1.0,3.0,1.0,1.0,1.0,5.0,2.0,3.0,2.0,45.7,42.9,0.0,57.1,0.9,0.0,2.0,16.2,5.2,10.6,11.1,2.3,3.9,25.5,25.5,
2479710,4,981227,DPES CB CIUDAD DE MOSTOLES,HOME,2527859,A. Jimenez Vizcaino,A. Jimenez Vizcaino,1,16.2,971.0,2.0,1.0,3.0,0.0,1.0,1.0,4.0,0.0,0.0,1.0,3.0,4.0,0.0,1.0,2.0,0.0,0.0,3.0,2.0,3.0,-2.0,25.0,25.0,25.0,0.0,0.7,0.0,0.0,7.7,22.4,15.2,0.0,6.6,0.0,20.0,15.5,
2479710,4,981335,CESUR DISTRITO OLIMPICO,AWAY,2286837,B. Arranz Albero,B. Arranz Albero,0,12.7,759.0,5.0,2.0,5.0,0.0,3.0,2.0,8.0,1.0,1.0,1.0,1.0,2.0,1.0,1.0,0.0,0.0,0.0,1.0,1.0,1.0,-6.0,29.6,25.0,37.5,12.5,0.8,0.0,1.0,9.5,9.8,9.7,20.4,0.0,0.0,10.6,33.7,
2479710,4,981335,CESUR DISTRITO OLIMPICO,AWAY,1811220,S. Francisco Abos,S. Francisco Abos,1,27.0,1618.0,12.0,3.0,8.0,1.0,2.0,4.0,10.0,3.0,4.0,0.0,0.0,0.0,2.0,4.0,2.0,0.0,0.0,2.0,4.0,7.0,11.0,51.0,45.0,20.0,40.0,0.8,1.5,1.0,0.0,0.0,0.0,16.5,4.0,0.0,25.4,26.4,
2479710,4,981335,CESUR DISTRITO OLIMPICO,AWAY,2031383,A. Picos Porras,A. Picos Porras,1,30.9,1855.0,13.0,2.0,7.0,2.0,3.0,4.0,10.0,3.0,4.0,3.0,5.0,8.0,2.0,2.0,0.0,0.0,2.0,1.0,2.0,15.0,1.0,55.3,50.0,30.0,40.0,0.6,2.0,2.0,11.8,20.2,15.9,13.9,0.0,0.0,14.5,20.2,
2479710,4,981335,CESUR DISTRITO OLIMPICO,AWAY,2160399,C. Campos Alum,C. Campos Alum,0,1.9,111.0,0.0,0.0,1.0,0.0,0.0,0.0,1.0,0.0,0.0,0.0,0.0,0.0,0.0,0.0,0.0,0.0,0.0,0.0,0.0,-1.0,-1.0,0.0,0.0,0.0,0.0,0.0,0.0,0.0,0.0,0.0,0.0,0.0,0.0,0.0,0.0,23.8,
2479710,4,981335,CESUR DISTRITO OLIMPICO,AWAY,1871488,M. Gomez Hernandez,M. Gomez Hernandez,1,28.8,1726.0,0.0,0.0,2.0,0.0,4.0,0.0,6.0,0.0,0.0,0.0,2.0,2.0,1.0,1.0,0.0,0.0,0.0,2.0,7.0,1.0,4.0,0.0,0.0,66.7,0.0,0.0,0.0,0.0,0.0,8.7,4.3,6.2,0.0,0.0,14.3,11.0,
2479710,4,981335,CESUR DISTRITO OLIMPICO,AWAY,2404419,P. Alonso-Basurto Cumplido,P. Alonso-Basurto Cumplido,0,22.4,1344.0,8.0,4.0,7.0,0.0,0.0,4.0,7.0,0.0,0.0,2.0,6.0,8.0,0.0,6.0,2.0,1.0,1.0,2.0,0.0,8.0,9.0,57.1,57.1,0.0,0.0,1.1,0.0,0.0,10.8,33.5,22.0,0.0,4.9,6.0,46.2,26.3,
2479710,4,981335,CESUR DISTRITO OLIMPICO,AWAY,1832824,C. Leal Flores,C. Leal Flores,0,25.5,1532.0,10.0,0.0,1.0,3.0,4.0,3.0,5.0,1.0,2.0,1.0,2.0,3.0,1.0,1.0,2.0,0.0,0.0,3.0,2.0,11.0,3.0,85.0,90.0,80.0,40.0,0.0,2.2,1.0,4.8,9.8,7.2,9.3,4.3,0.0,14.5,12.2,
2479710,4,981335,CESUR DISTRITO OLIMPICO,AWAY,1562695,A. González Ramírez,A. González Ramírez,1,14.5,868.0,0.0,0.0,3.0,0.0,0.0,0.0,3.0,0.0,0.0,1.0,0.0,1.0,1.0,3.0,0.0,0.0,0.0,2.0,0.0,-6.0,2.0,0.0,0.0,0.0,0.0,0.0,0.0,0.0,8.4,0.0,4.2,10.9,0.0,0.0,50.0,18.7,
2479710,4,981335,CESUR DISTRITO OLIMPICO,AWAY,2160293,V. Lopez Riaño,V. Lopez Riaño,1,24.8,1490.0,14.0,5.0,9.0,1.0,2.0,6.0,11.0,1.0,1.0,5.0,8.0,13.0,0.0,2.0,3.0,0.0,1.0,4.0,3.0,22.0,1.0,61.2,59.1,18.2,9.1,1.1,1.5,0.3,24.4,40.3,32.3,0.0,6.6,0.0,14.9,24.6,
2479710,4,981335,CESUR DISTRITO OLIMPICO,AWAY,1677519,R. Flores Aguado,R. Flores Aguado,0,11.2,674.0,0.0,0.0,1.0,0.0,0.0,0.0,1.0,0.0,0.0,0.0,2.0,2.0,3.0,1.0,0.0,0.0,0.0,0.0,0.0,3.0,1.0,0.0,0.0,0.0,0.0,0.0,0.0,0.0,0.0,22.3,11.0,43.5,0.0,0.0,50.0,8.1,
2479710,4,981335,CESUR DISTRITO OLIMPICO,AWAY,2185253,P. Álvarez Honorato,P. Álvarez Honorato,0,0.4,23.0,0.0,0.0,0.0,0.0,0.0,0.0,0.0,0.0,0.0,0.0,0.0,0.0,0.0,0.0,0.0,0.0,0.0,0.0,0.0,0.0,0.0,0.0,0.0,0.0,0.0,0.0,0.0,0.0,0.0,0.0,0.0,0.0,0.0,0.0,0.0,0.0,
2479711,5,979892,C. B. ISLA BONITA,HOME,1131087,B. Armengol Vall,B. Armengol Vall,1,26.4,1585.0,7.0,1.0,4.0,1.0,3.0,2.0,7.0,2.0,7.0,0.0,2.0,2.0,1.0,3.0,2.0,0.0,0.0,1.0,6.0,4.0,8.0,34.7,35.7,42.9,100.0,0.5,1.0,1.2,0.0,11.2,5.2,5.7,4.3,0.0,22.9,24.0,
2479711,5,979892,C. B. ISLA BONITA,HOME,1870487,T. Gonzalez Soto,T. Gonzalez Soto,1,17.3,1038.0,5.0,1.0,3.0,1.0,3.0,2.0,6.0,0.0,0.0,0.0,4.0,4.0,2.0,2.0,0.0,0.0,0.0,0.0,1.0,6.0,1.0,41.7,41.7,50.0,0.0,0.7,1.0,0.0,0.0,34.3,15.9,21.7,0.0,0.0,25.0,22.4,
2479711,5,979892,C. B. ISLA BONITA,HOME,1981139,S. Blanco Guitian,S. Blanco Guitian,0,14.5,869.0,2.0,1.0,2.0,0.0,1.0,1.0,3.0,0.0,0.0,1.0,0.0,1.0,0.0,0.0,0.0,0.0,0.0,1.0,0.0,0.0,1.0,33.3,33.3,33.3,0.0,1.0,0.0,0.0,8.9,0.0,4.8,0.0,0.0,0.0,0.0,10.0,
2479711,5,979892,C. B. ISLA BONITA,HOME,1853281,I. Bautista Villaverde,I. Bautista Villaverde,0,12.1,727.0,9.0,0.0,0.0,3.0,8.0,3.0,8.0,0.0,0.0,0.0,0.0,0.0,1.0,0.0,0.0,0.0,0.0,0.0,0.0,5.0,-11.0,56.2,56.2,100.0,0.0,0.0,1.1,0.0,0.0,0.0,0.0,18.5,0.0,0.0,0.0,32.1,
2479711,5,979892,C. B. ISLA BONITA,HOME,2816643,E. Motekaitytè,E. Motekaitytè,1,19.2,1151.0,12.0,4.0,6.0,0.0,0.0,4.0,6.0,4.0,5.0,0.0,5.0,5.0,0.0,1.0,1.0,0.0,0.0,2.0,3.0,15.0,-4.0,73.2,66.7,0.0,83.3,1.3,0.0,1.7,0.0,38.6,18.0,0.0,3.0,0.0,10.9,23.2,
2479711,5,979892,C. B. ISLA BONITA,HOME,2171960,M. Colom Elosúa,M. Colom Elosúa,1,26.7,1600.0,2.0,1.0,2.0,0.0,1.0,1.0,3.0,0.0,1.0,1.0,0.0,1.0,3.0,0.0,1.0,0.0,1.0,2.0,3.0,5.0,14.0,29.1,33.3,33.3,33.3,1.0,0.0,0.3,4.8,0.0,2.6,16.1,2.1,0.0,0.0,6.3,
2479711,5,979892,C. B. ISLA BONITA,HOME,2524874,M. Vulovic,M. Vulovic,0,23.5,1408.0,29.0,11.0,15.0,0.0,0.0,11.0,15.0,7.0,9.0,3.0,3.0,6.0,2.0,1.0,1.0,0.0,0.0,2.0,5.0,34.0,4.0,76.5,73.3,0.0,60.0,1.5,0.0,1.8,16.5,18.9,17.6,34.5,2.4,0.0,5.0,41.2,
2479711,5,979892,C. B. ISLA BONITA,HOME,1471341,M. Rosales Elejabeita,M. Rosales Elejabeita,1,16.3,980.0,6.0,3.0,4.0,0.0,1.0,3.0,5.0,0.0,2.0,1.0,1.0,2.0,0.0,2.0,0.0,0.0,0.0,3.0,1.0,0.0,8.0,51.0,60.0,20.0,40.0,1.5,0.0,2.0,7.9,9.1,8.5,0.0,0.0,0.0,25.4,23.5,
2479711,5,979892,C. B. ISLA BONITA,HOME,1372464,M. Carballo Diaz,M. Carballo Diaz,0,13.0,779.0,1.0,0.0,1.0,0.0,1.0,0.0,2.0,1.0,2.0,1.0,1.0,2.0,4.0,1.0,0.0,0.0,0.0,0.0,1.0,4.0,1.0,17.4,0.0,50.0,100.0,0.0,0.0,2.0,9.9,11.4,10.6,47.6,0.0,0.0,25.8,14.5,
2479711,5,979892,C. B. ISLA BONITA,HOME,2816642,N. Cunill Peña,N. Cunill Peña,0,21.5,1292.0,0.0,0.0,2.0,0.0,0.0,0.0,2.0,0.0,0.0,1.0,4.0,5.0,2.0,1.0,2.0,2.0,0.0,3.0,0.0,5.0,8.0,0.0,0.0,0.0,0.0,0.0,0.0,0.0,6.0,27.6,16.0,14.3,5.3,10.6,33.3,6.8,
2479711,5,979892,C. B. ISLA BONITA,HOME,2524609,A. Glomazic,A. Glomazic,0,9.5,571.0,3.0,0.0,0.0,1.0,2.0,1.0,2.0,0.0,0.0,0.0,1.0,1.0,1.0,1.0,1.0,0.0,1.0,3.0,0.0,1.0,10.0,75.0,75.0,100.0,0.0,0.0,1.5,0.0,0.0,15.6,7.3,21.7,6.0,0.0,33.3,15.3,
2479711,5,981335,CESUR DISTRITO OLIMPICO,AWAY,2286837,B. Arranz Albero,B. Arranz Albero,0,28.4,1703.0,24.0,6.0,10.0,2.0,5.0,8.0,15.0,6.0,6.0,1.0,4.0,5.0,0.0,1.0,2.0,0.0,0.0,0.0,6.0,29.0,-3.0,68.0,60.0,33.3,40.0,1.2,1.2,1.0,5.2,18.2,12.1,0.0,3.8,0.0,5.4,34.3,
2479711,5,981335,CESUR DISTRITO OLIMPICO,AWAY,1811220,S. Francisco Abos,S. Francisco Abos,1,23.6,1413.0,8.0,1.0,5.0,2.0,5.0,3.0,10.0,0.0,0.0,0.0,2.0,2.0,0.0,4.0,0.0,0.0,0.0,3.0,1.0,-3.0,7.0,40.0,40.0,50.0,0.0,0.4,1.2,0.0,0.0,10.9,5.8,0.0,0.0,0.0,28.6,31.0,
2479711,5,981335,CESUR DISTRITO OLIMPICO,AWAY,2031383,A. Picos Porras,A. Picos Porras,1,37.9,2273.0,10.0,3.0,8.0,0.0,1.0,3.0,9.0,4.0,5.0,2.0,7.0,9.0,2.0,3.0,2.0,1.0,2.0,3.0,6.0,17.0,-10.0,44.6,33.3,11.1,55.6,0.8,0.0,0.8,7.8,23.8,16.4,10.8,2.8,2.7,21.1,19.6,
2479711,5,981335,CESUR DISTRITO OLIMPICO,AWAY,2160399,C. Campos Alum,C. Campos Alum,0,8.6,515.0,0.0,0.0,1.0,0.0,1.0,0.0,2.0,0.0,0.0,0.0,0.0,0.0,0.0,0.0,0.0,0.0,0.0,0.0,0.0,-2.0,-11.0,0.0,0.0,50.0,0.0,0.0,0.0,0.0,0.0,0.0,0.0,0.0,0.0,0.0,0.0,12.1,
2479711,5,981335,CESUR DISTRITO OLIMPICO,AWAY,1871488,M. Gomez Hernandez,M. Gomez Hernandez,1,14.2,851.0,5.0,1.0,1.0,1.0,3.0,2.0,4.0,0.0,0.0,0.0,1.0,1.0,1.0,2.0,1.0,0.0,0.0,0.0,0.0,4.0,-11.0,62.5,62.5,75.0,0.0,2.0,1.0,0.0,0.0,9.1,4.9,13.2,3.8,0.0,33.3,22.1,
2479711,5,981335,CESUR DISTRITO OLIMPICO,AWAY,2404419,P. Alonso-Basurto Cumplido,P. Alonso-Basurto Cumplido,0,11.9,714.0,2.0,1.0,2.0,0.0,0.0,1.0,2.0,0.0,0.0,0.0,2.0,2.0,0.0,2.0,0.0,1.0,0.0,3.0,0.0,-1.0,-7.0,50.0,50.0,0.0,0.0,1.0,0.0,0.0,0.0,21.7,11.6,0.0,0.0,8.6,50.0,17.6,
2479711,5,981335,CESUR DISTRITO OLIMPICO,AWAY,1832824,C. Leal Flores,C. Leal Flores,0,16.5,988.0,4.0,0.0,2.0,1.0,3.0,1.0,5.0,1.0,2.0,0.0,1.0,1.0,0.0,2.0,0.0,0.0,0.0,2.0,2.0,-2.0,-8.0,34.0,30.0,60.0,40.0,0.0,1.0,1.0,0.0,7.8,4.2,0.0,0.0,0.0,25.4,24.9,
2479711,5,981335,CESUR DISTRITO OLIMPICO,AWAY,1562695,A. González Ramírez,A. González Ramírez,1,25.5,1530.0,2.0,0.0,0.0,0.0,0.0,0.0,0.0,2.0,2.0,1.0,1.0,2.0,1.0,1.0,0.0,0.0,0.0,3.0,2.0,3.0,-7.0,113.6,0.0,0.0,0.0,0.0,0.0,1.0,5.8,5.1,5.4,6.9,0.0,0.0,53.2,3.8,
2479711,5,981335,CESUR DISTRITO OLIMPICO,AWAY,2160293,V. Lopez Riaño,V. Lopez Riaño,1,16.3,980.0,8.0,4.0,4.0,0.0,1.0,4.0,5.0,0.0,0.0,2.0,3.0,5.0,1.0,0.0,1.0,0.0,0.0,5.0,0.0,9.0,5.0,80.0,80.0,20.0,0.0,2.0,0.0,0.0,18.2,23.7,21.2,17.9,3.3,0.0,0.0,16.0,
2479711,5,981335,CESUR DISTRITO OLIMPICO,AWAY,1677519,R. Flores Aguado,R. Flores Aguado,0,17.2,1033.0,5.0,1.0,2.0,1.0,1.0,2.0,3.0,0.0,0.0,0.0,2.0,2.0,2.0,0.0,1.0,0.0,0.0,1.0,0.0,8.0,5.0,83.3,83.3,33.3,0.0,1.0,3.0,0.0,0.0,15.0,8.0,26.3,3.1,0.0,0.0,9.1,
2479712,5,981286,ESCO GRUPO FEMENINO ALCORCON,HOME,2822981,C. Ribeiro Dos Santos Bernardeco,C. Ribeiro Dos Santos Bernardeco,1,23.2,1393.0,1.0,0.0,2.0,0.0,2.0,0.0,4.0,1.0,2.0,1.0,3.0,4.0,2.0,3.0,5.0,0.0,1.0,2.0,3.0,5.0,17.0,10.2,0.0,50.0,50.0,0.0,0.0,0.7,4.9,12.9,9.2,12.3,10.8,0.0,38.1,15.1,
2479712,5,981286,ESCO GRUPO FEMENINO ALCORCON,HOME,2095287,G. Escorial Ferrero,G. Escorial Ferrero,0,16.4,984.0,4.0,2.0,4.0,0.0,0.0,2.0,4.0,0.0,0.0,3.0,2.0,5.0,1.0,3.0,1.0,0.0,0.0,2.0,2.0,6.0,3.0,50.0,50.0,0.0,0.0,1.0,0.0,0.0,20.9,12.2,16.3,11.4,3.1,0.0,42.9,18.9,
2479712,5,981286,ESCO GRUPO FEMENINO ALCORCON,HOME,2162538,C. Del Amo Sevillano,C. Del Amo Sevillano,1,35.5,2128.0,23.0,4.0,10.0,2.0,4.0,6.0,14.0,9.0,10.0,1.0,7.0,8.0,2.0,3.0,4.0,0.0,0.0,1.0,6.0,30.0,15.0,62.5,50.0,28.6,71.4,0.8,1.5,1.7,3.2,19.7,12.0,10.9,5.7,0.0,14.0,26.8,
2479712,5,981286,ESCO GRUPO FEMENINO ALCORCON,HOME,2182200,L. Bernardo Perez,L. Bernardo Perez,0,9.5,568.0,2.0,1.0,1.0,0.0,1.0,1.0,2.0,0.0,0.0,0.0,1.0,1.0,0.0,0.0,0.0,0.0,0.0,1.0,0.0,1.0,6.0,50.0,50.0,50.0,0.0,2.0,0.0,0.0,0.0,10.5,5.6,0.0,0.0,0.0,0.0,9.3,
2479712,5,981286,ESCO GRUPO FEMENINO ALCORCON,HOME,2012796,M. Blanco Eusebio,M. Blanco Eusebio,0,17.9,1074.0,2.0,1.0,3.0,0.0,0.0,1.0,3.0,0.0,2.0,1.0,5.0,6.0,4.0,3.0,2.0,0.0,0.0,1.0,2.0,8.0,2.0,25.8,33.3,0.0,66.7,0.7,0.0,1.0,6.4,27.9,17.9,40.8,5.6,0.0,43.6,17.1,
2479712,5,981286,ESCO GRUPO FEMENINO ALCORCON,HOME,1535457,M. Aranda Fraile,M. Aranda Fraile,1,17.2,1031.0,5.0,1.0,2.0,1.0,3.0,2.0,5.0,0.0,0.0,1.0,2.0,3.0,1.0,1.0,2.0,0.0,0.0,1.0,1.0,7.0,10.0,50.0,50.0,60.0,0.0,1.0,1.0,0.0,6.6,11.6,9.3,11.4,5.8,0.0,16.7,15.5,
2479712,5,981286,ESCO GRUPO FEMENINO ALCORCON,HOME,2822982,Y. Sifaoui Bucero,Y. Sifaoui Bucero,1,19.6,1176.0,16.0,6.0,10.0,0.0,0.0,6.0,10.0,4.0,7.0,6.0,1.0,7.0,0.0,1.0,0.0,0.0,0.0,2.0,4.0,17.0,17.0,61.2,60.0,0.0,70.0,1.2,0.0,1.8,35.0,5.1,19.0,0.0,0.0,0.0,7.1,31.9,
2479712,5,981286,ESCO GRUPO FEMENINO ALCORCON,HOME,2819126,L. Vulovic,L. Vulovic,0,6.8,408.0,4.0,2.0,3.0,0.0,0.0,2.0,3.0,0.0,0.0,0.0,0.0,0.0,0.0,0.0,0.0,1.0,0.0,2.0,0.0,2.0,-7.0,66.7,66.7,0.0,0.0,1.3,0.0,0.0,0.0,0.0,0.0,0.0,0.0,13.1,0.0,19.6,
2479712,5,981286,ESCO GRUPO FEMENINO ALCORCON,HOME,2128123,N. Ipo Seriche-Dougan,N. Ipo Seriche-Dougan,1,29.6,1776.0,10.0,4.0,8.0,0.0,4.0,4.0,12.0,2.0,2.0,0.0,5.0,5.0,5.0,2.0,0.0,0.0,1.0,2.0,2.0,10.0,9.0,38.8,33.3,33.3,16.7,1.0,0.0,1.0,0.0,16.9,9.0,33.6,0.0,0.0,13.4,22.3,
2479712,5,981286,ESCO GRUPO FEMENINO ALCORCON,HOME,2164976,A. Martínez Mora,A. Martínez Mora,0,7.0,418.0,0.0,0.0,1.0,0.0,0.0,0.0,1.0,0.0,0.0,1.0,0.0,1.0,1.0,0.0,1.0,0.0,0.0,1.0,0.0,1.0,-7.0,0.0,0.0,0.0,0.0,0.0,0.0,0.0,16.3,0.0,7.6,18.5,7.2,0.0,0.0,6.3,
2479712,5,981286,ESCO GRUPO FEMENINO ALCORCON,HOME,2176383,I. Camiña Rodriguez,I. Camiña Rodriguez,0,17.4,1044.0,9.0,0.0,2.0,3.0,4.0,3.0,6.0,0.0,0.0,1.0,1.0,2.0,2.0,0.0,0.0,1.0,0.0,2.0,0.0,9.0,10.0,75.0,75.0,66.7,0.0,0.0,2.2,0.0,6.6,5.7,6.1,25.6,0.0,5.1,0.0,15.3,
2479712,5,981227,DPES CB CIUDAD DE MOSTOLES,AWAY,2040603,P. Gonzalez Gonzalez,P. Gonzalez Gonzalez,0,23.4,1406.0,14.0,4.0,6.0,1.0,6.0,5.0,12.0,3.0,3.0,1.0,0.0,1.0,1.0,1.0,2.0,0.0,1.0,3.0,4.0,11.0,0.0,52.6,45.8,50.0,25.0,1.3,0.5,0.8,4.3,0.0,2.3,13.2,4.6,0.0,7.0,26.4,
2479712,5,981227,DPES CB CIUDAD DE MOSTOLES,AWAY,2162836,D. Vaquero Martinez,D. Vaquero Martinez,0,13.7,824.0,7.0,2.0,7.0,1.0,1.0,3.0,8.0,0.0,0.0,1.0,0.0,1.0,0.0,1.0,0.0,0.0,0.0,1.0,1.0,2.0,-12.0,43.8,43.8,12.5,0.0,0.6,3.0,0.0,7.3,0.0,3.9,0.0,0.0,0.0,11.1,28.4,
2479712,5,981227,DPES CB CIUDAD DE MOSTOLES,AWAY,2284393,S. Martinez Gallego,S. Martinez Gallego,0,1.5,90.0,0.0,0.0,1.0,0.0,0.0,0.0,1.0,0.0,0.0,0.0,0.0,0.0,0.0,0.0,0.0,0.0,0.0,0.0,0.0,-1.0,-2.0,0.0,0.0,0.0,0.0,0.0,0.0,0.0,0.0,0.0,0.0,0.0,0.0,0.0,0.0,28.8,
2479712,5,981227,DPES CB CIUDAD DE MOSTOLES,AWAY,1178705,A. Peredo Lopez,A. Peredo Lopez,0,22.5,1351.0,3.0,0.0,4.0,1.0,2.0,1.0,6.0,0.0,0.0,3.0,3.0,6.0,3.0,0.0,1.0,0.0,0.0,0.0,2.0,10.0,0.0,25.0,25.0,33.3,0.0,0.0,1.5,0.0,13.3,15.2,14.2,25.9,2.4,0.0,0.0,11.5,
2479712,5,981227,DPES CB CIUDAD DE MOSTOLES,AWAY,2499420,C. Bokuy Angue,C. Bokuy Angue,0,10.0,599.0,0.0,0.0,1.0,0.0,0.0,0.0,1.0,0.0,0.0,1.0,1.0,2.0,0.0,0.0,1.0,0.0,0.0,1.0,0.0,1.0,1.0,0.0,0.0,0.0,0.0,0.0,0.0,0.0,10.0,11.4,10.7,0.0,5.3,0.0,0.0,4.3,
2479712,5,981227,DPES CB CIUDAD DE MOSTOLES,AWAY,1819108,N. Gomez Cobo,N. Gomez Cobo,1,30.3,1820.0,3.0,0.0,5.0,1.0,4.0,1.0,9.0,0.0,0.0,2.0,9.0,11.0,1.0,1.0,2.0,0.0,0.0,3.0,0.0,5.0,-11.0,16.7,16.7,44.4,0.0,0.0,0.8,0.0,6.6,33.9,19.4,6.3,3.5,0.0,10.0,14.3,
2479712,5,981227,DPES CB CIUDAD DE MOSTOLES,AWAY,2035086,M. Gamez Martinez,M. Gamez Martinez,0,13.7,819.0,5.0,1.0,2.0,1.0,3.0,2.0,5.0,0.0,0.0,0.0,1.0,1.0,0.0,3.0,1.0,1.0,0.0,0.0,0.0,2.0,7.0,50.0,50.0,60.0,0.0,1.0,1.0,0.0,0.0,8.3,3.9,0.0,3.9,6.3,37.5,25.2,
2479712,5,981227,DPES CB CIUDAD DE MOSTOLES,AWAY,1589173,M. Correa Villalona,M. Correa Villalona,1,14.2,849.0,2.0,1.0,2.0,0.0,0.0,1.0,2.0,0.0,0.0,1.0,1.0,2.0,3.0,5.0,1.0,0.0,0.0,1.0,0.0,1.0,-10.0,50.0,50.0,0.0,0.0,1.0,0.0,0.0,7.0,8.0,7.5,40.5,3.7,0.0,71.4,21.3,
2479712,5,981227,DPES CB CIUDAD DE MOSTOLES,AWAY,1434653,B. Martinez Sanz,B. Martinez Sanz,1,34.1,2047.0,11.0,2.0,8.0,0.0,1.0,2.0,9.0,7.0,8.0,3.0,1.0,4.0,6.0,3.0,2.0,0.0,1.0,4.0,5.0,13.0,-10.0,43.9,22.2,11.1,88.9,0.5,0.0,1.6,8.8,3.4,6.3,35.5,3.1,0.0,19.3,19.7,
2479712,5,981227,DPES CB CIUDAD DE MOSTOLES,AWAY,1740994,B. Rodríguez Bazaga,B. Rodríguez Bazaga,1,19.4,1165.0,8.0,3.0,3.0,0.0,3.0,3.0,6.0,2.0,2.0,0.0,3.0,3.0,0.0,5.0,1.0,1.0,0.0,2.0,3.0,6.0,-18.0,58.1,50.0,50.0,33.3,2.0,0.0,0.7,0.0,17.7,8.2,0.0,2.7,4.5,42.1,26.5,
2479712,5,981227,DPES CB CIUDAD DE MOSTOLES,AWAY,2404223,E. Abubakar Arrey,E. Abubakar Arrey,1,17.2,1030.0,8.0,3.0,6.0,0.0,0.0,3.0,6.0,2.0,2.0,1.0,1.0,2.0,1.0,2.0,1.0,0.0,0.0,5.0,2.0,4.0,-20.0,58.1,50.0,0.0,33.3,1.0,0.0,1.0,5.8,6.6,6.2,18.5,3.1,0.0,22.5,22.3,
2479713,5,980023,GEIEG PACISA,HOME,1949920,J. Pairo Urtos,J. Pairo Urtos,1,18.7,1123.0,7.0,0.0,3.0,2.0,4.0,2.0,7.0,1.0,2.0,1.0,2.0,3.0,1.0,2.0,1.0,0.0,0.0,1.0,2.0,5.0,6.0,44.4,42.9,57.1,28.6,0.0,1.5,1.0,5.6,16.5,10.0,10.0,2.8,0.0,20.2,23.4,
2479713,5,980023,GEIEG PACISA,HOME,1917788,M. Carbo Cachinero,M. Carbo Cachinero,0,20.9,1251.0,10.0,2.0,4.0,2.0,5.0,4.0,9.0,0.0,2.0,1.0,0.0,1.0,3.0,1.0,1.0,0.0,0.0,0.0,1.0,8.0,6.0,50.6,55.6,55.6,22.2,1.0,1.2,2.0,5.0,0.0,3.0,37.5,2.5,0.0,9.2,23.1,
2479713,5,980023,GEIEG PACISA,HOME,1944150,M. Melero Bravo,M. Melero Bravo,1,22.5,1352.0,2.0,1.0,4.0,0.0,2.0,1.0,6.0,0.0,2.0,0.0,2.0,2.0,4.0,3.0,4.0,0.0,0.0,4.0,1.0,-1.0,13.0,14.5,16.7,33.3,33.3,0.5,0.0,2.0,0.0,13.7,5.6,29.9,9.2,0.0,30.4,19.5,
2479713,5,980023,GEIEG PACISA,HOME,1748049,N. Bagaria Rovira,N. Bagaria Rovira,0,19.1,1147.0,2.0,1.0,1.0,0.0,2.0,1.0,3.0,0.0,0.0,1.0,1.0,2.0,2.0,0.0,1.0,0.0,0.0,1.0,0.0,4.0,1.0,33.3,33.3,66.7,0.0,2.0,0.0,0.0,5.5,8.1,6.5,18.2,2.7,0.0,0.0,7.0,
2479713,5,980023,GEIEG PACISA,HOME,1667386,C. Morente Lopez,C. Morente Lopez,0,16.1,964.0,0.0,0.0,2.0,0.0,2.0,0.0,4.0,0.0,0.0,1.0,0.0,1.0,3.0,0.0,1.0,0.0,0.0,2.0,0.0,-1.0,-11.0,0.0,0.0,50.0,0.0,0.0,0.0,0.0,6.5,0.0,3.9,31.2,3.2,0.0,0.0,11.0,
2479713,5,980023,GEIEG PACISA,HOME,1968963,A. Talasimov,A. Talasimov,1,17.9,1075.0,9.0,1.0,2.0,1.0,1.0,2.0,3.0,4.0,6.0,2.0,4.0,6.0,0.0,2.0,2.0,0.0,1.0,2.0,4.0,14.0,1.0,79.8,83.3,33.3,200.0,1.0,3.0,1.5,11.8,34.4,20.9,0.0,5.8,0.0,26.2,18.9,
2479713,5,980023,GEIEG PACISA,HOME,1567998,V. Gonzalez Olaizola,V. Gonzalez Olaizola,0,20.1,1209.0,7.0,2.0,9.0,0.0,0.0,2.0,9.0,3.0,4.0,1.0,7.0,8.0,0.0,1.0,3.0,0.0,0.0,1.0,5.0,13.0,-2.0,32.5,22.2,0.0,44.4,0.4,0.0,0.8,5.2,53.6,24.9,0.0,7.7,0.0,8.5,25.9,
2479713,5,980023,GEIEG PACISA,HOME,1666109,A. Coma Perpiña,A. Coma Perpiña,1,22.7,1363.0,13.0,2.0,8.0,1.0,2.0,3.0,10.0,6.0,8.0,0.0,6.0,6.0,1.0,2.0,1.0,0.0,0.0,1.0,6.0,15.0,24.0,48.1,35.0,20.0,80.0,0.5,1.5,1.3,0.0,40.7,16.5,8.8,2.3,0.0,12.9,30.3,
2479713,5,980023,GEIEG PACISA,HOME,1926754,J. Fernandez Pinsach,J. Fernandez Pinsach,1,21.6,1296.0,16.0,6.0,8.0,0.0,0.0,6.0,8.0,4.0,6.0,5.0,1.0,6.0,2.0,1.0,2.0,0.0,1.0,1.0,3.0,23.0,16.0,75.2,75.0,0.0,75.0,1.5,0.0,2.0,24.4,7.1,17.4,33.3,4.8,0.0,8.6,23.9,
2479713,5,980023,GEIEG PACISA,HOME,2239082,N. Mitjanas Costa,N. Mitjanas Costa,0,20.3,1220.0,7.0,2.0,5.0,1.0,1.0,3.0,6.0,0.0,0.0,1.0,2.0,3.0,3.0,0.0,1.0,0.0,0.0,3.0,1.0,9.0,11.0,58.3,58.3,16.7,0.0,0.8,3.0,0.0,5.2,15.2,9.2,33.3,2.5,0.0,0.0,13.1,
2479713,5,981414,HIERROS DÍAZ EXTREMADURA MIRALVALLE,AWAY,1707378,M. Pérez Castro,M. Pérez Castro,1,36.5,2192.0,12.0,2.0,5.0,1.0,4.0,3.0,9.0,5.0,5.0,1.0,1.0,2.0,6.0,2.0,1.0,0.0,0.0,2.0,6.0,17.0,-12.0,53.6,38.9,44.4,55.6,0.8,0.8,0.8,4.2,2.9,3.4,33.9,1.4,0.0,15.2,18.4,
2479713,5,981414,HIERROS DÍAZ EXTREMADURA MIRALVALLE,AWAY,2818302,V. Michel,V. Michel,1,18.3,1097.0,6.0,3.0,6.0,0.0,0.0,3.0,6.0,0.0,0.0,0.0,1.0,1.0,0.0,0.0,1.0,0.0,0.0,4.0,0.0,1.0,13.0,50.0,50.0,0.0,0.0,1.0,0.0,0.0,0.0,5.8,3.4,0.0,2.8,0.0,0.0,16.7,
2479713,5,981414,HIERROS DÍAZ EXTREMADURA MIRALVALLE,AWAY,2734458,L. Navas Castro,L. Navas Castro,0,22.7,1363.0,8.0,4.0,7.0,0.0,1.0,4.0,8.0,0.0,0.0,0.0,3.0,3.0,2.0,6.0,2.0,0.0,0.0,3.0,1.0,3.0,-9.0,50.0,50.0,12.5,0.0,1.1,0.0,0.0,0.0,13.9,8.3,20.4,4.6,0.0,42.9,31.4,
2479713,5,981414,HIERROS DÍAZ EXTREMADURA MIRALVALLE,AWAY,1158794,A. Fernandez Oraa,A. Fernandez Oraa,0,4.6,276.0,0.0,0.0,0.0,0.0,1.0,0.0,1.0,0.0,0.0,0.0,1.0,1.0,0.0,1.0,0.0,0.0,0.0,0.0,0.0,-1.0,-1.0,0.0,0.0,100.0,0.0,0.0,0.0,0.0,0.0,22.9,13.6,0.0,0.0,0.0,50.0,22.1,
2479713,5,981414,HIERROS DÍAZ EXTREMADURA MIRALVALLE,AWAY,1724925,M. Romero Garrido,M. Romero Garrido,1,28.4,1704.0,11.0,2.0,5.0,2.0,3.0,4.0,8.0,1.0,1.0,0.0,2.0,2.0,2.0,1.0,2.0,1.0,0.0,3.0,1.0,11.0,-15.0,65.2,62.5,37.5,12.5,0.8,2.0,1.0,0.0,7.4,4.4,16.5,3.6,3.1,10.6,16.9,
2479713,5,981414,HIERROS DÍAZ EXTREMADURA MIRALVALLE,AWAY,2566363,P. Laurenson Cheynel,P. Laurenson Cheynel,1,29.0,1738.0,2.0,1.0,4.0,0.0,1.0,1.0,5.0,0.0,0.0,0.0,6.0,6.0,1.0,1.0,1.0,0.0,0.0,1.0,1.0,5.0,-8.0,20.0,20.0,20.0,0.0,0.5,0.0,0.0,0.0,21.8,12.9,6.6,1.8,0.0,16.7,10.5,
2479713,5,981414,HIERROS DÍAZ EXTREMADURA MIRALVALLE,AWAY,2845561,S. Brown,S. Brown,1,27.1,1629.0,12.0,3.0,6.0,2.0,5.0,5.0,11.0,0.0,0.0,0.0,3.0,3.0,1.0,7.0,3.0,0.0,0.0,3.0,2.0,5.0,-16.0,54.5,54.5,45.5,0.0,1.0,1.2,0.0,0.0,11.7,6.9,9.0,5.7,0.0,38.9,33.8,
2479713,5,981414,HIERROS DÍAZ EXTREMADURA MIRALVALLE,AWAY,1984467,G. Lopez Cuesta,G. Lopez Cuesta,0,12.8,768.0,2.0,0.0,2.0,0.0,0.0,0.0,2.0,2.0,2.0,0.0,2.0,2.0,0.0,1.0,1.0,1.0,0.0,3.0,1.0,1.0,-18.0,34.7,0.0,0.0,100.0,0.0,0.0,2.0,0.0,16.4,9.8,0.0,4.0,6.8,25.8,15.4,
2479713,5,981414,HIERROS DÍAZ EXTREMADURA MIRALVALLE,AWAY,1529427,C. Lazaro Hernandez,C. Lazaro Hernandez,0,20.6,1233.0,7.0,2.0,3.0,1.0,3.0,3.0,6.0,0.0,0.0,0.0,6.0,6.0,0.0,0.0,0.0,0.0,0.0,4.0,3.0,9.0,1.0,58.3,58.3,50.0,0.0,1.3,1.0,0.0,0.0,30.7,18.2,0.0,0.0,0.0,0.0,14.8,
2479714,5,981209,CB CLARET BENIMACLET,HOME,2557107,I. Serrano Alvarez,I. Serrano Alvarez,0,18.9,1132.0,16.0,8.0,14.0,0.0,2.0,8.0,16.0,0.0,0.0,0.0,5.0,5.0,4.0,0.0,1.0,0.0,0.0,3.0,0.0,15.0,12.0,50.0,50.0,12.5,0.0,1.1,0.0,0.0,0.0,27.8,14.7,38.1,2.5,0.0,0.0,36.2,
2479714,5,981209,CB CLARET BENIMACLET,HOME,1886112,S. Afonso Gonzalez,S. Afonso Gonzalez,1,28.9,1735.0,17.0,4.0,7.0,3.0,10.0,7.0,17.0,0.0,0.0,1.0,2.0,3.0,7.0,2.0,0.0,0.0,0.0,0.0,1.0,16.0,10.0,50.0,50.0,58.8,0.0,1.1,0.9,0.0,4.1,7.3,5.8,37.0,0.0,0.0,10.5,28.1,
2479714,5,981209,CB CLARET BENIMACLET,HOME,2209715,J. Sarrio Asensio,J. Sarrio Asensio,0,17.1,1028.0,0.0,0.0,0.0,0.0,1.0,0.0,1.0,0.0,0.0,1.0,2.0,3.0,3.0,2.0,2.0,0.0,0.0,3.0,0.0,2.0,12.0,0.0,0.0,100.0,0.0,0.0,0.0,0.0,6.9,12.3,9.7,20.3,5.6,0.0,66.7,7.5,
2479714,5,981209,CB CLARET BENIMACLET,HOME,1853228,J. Rochina Troncoso,J. Rochina Troncoso,1,25.4,1526.0,4.0,2.0,3.0,0.0,2.0,2.0,5.0,0.0,0.0,5.0,4.0,9.0,5.0,1.0,2.0,0.0,0.0,1.0,3.0,18.0,8.0,40.0,40.0,40.0,0.0,1.3,0.0,0.0,23.2,16.6,19.7,24.8,3.8,0.0,16.7,10.1,
2479714,5,981209,CB CLARET BENIMACLET,HOME,2281500,L. Liern Ruiz,L. Liern Ruiz,0,7.5,448.0,0.0,0.0,0.0,0.0,0.0,0.0,0.0,0.0,0.0,0.0,1.0,1.0,1.0,0.0,0.0,0.0,0.0,0.0,1.0,3.0,3.0,0.0,0.0,0.0,0.0,0.0,0.0,0.0,0.0,14.0,7.4,13.5,0.0,0.0,0.0,0.0,
2479714,5,981209,CB CLARET BENIMACLET,HOME,1767443,M. Cuellar Bayarri,M. Cuellar Bayarri,1,21.1,1268.0,6.0,3.0,6.0,0.0,1.0,3.0,7.0,0.0,0.0,0.0,2.0,2.0,2.0,3.0,1.0,1.0,0.0,4.0,0.0,1.0,5.0,42.9,42.9,14.3,0.0,1.0,0.0,0.0,0.0,10.0,5.3,12.9,2.3,4.9,30.0,20.2,
2479714,5,981209,CB CLARET BENIMACLET,HOME,1506842,E. Cases Rey,E. Cases Rey,1,24.9,1495.0,21.0,0.0,3.0,6.0,7.0,6.0,10.0,3.0,3.0,1.0,4.0,5.0,4.0,2.0,2.0,0.0,0.0,1.0,3.0,28.0,15.0,92.8,90.0,70.0,30.0,0.0,2.6,1.0,4.7,16.9,11.2,24.7,3.8,0.0,15.0,22.9,
2479714,5,981209,CB CLARET BENIMACLET,HOME,1681307,E. Iranzo Gutierrez,E. Iranzo Gutierrez,0,13.9,834.0,16.0,2.0,2.0,3.0,4.0,5.0,6.0,3.0,3.0,1.0,3.0,4.0,2.0,1.0,0.0,0.0,0.0,3.0,3.0,20.0,2.0,109.3,108.3,66.7,50.0,2.0,2.2,1.0,8.5,22.7,16.0,32.8,0.0,0.0,12.0,25.6,
2479714,5,981209,CB CLARET BENIMACLET,HOME,1994256,T. Toledo Navarro,T. Toledo Navarro,0,13.3,799.0,9.0,3.0,3.0,1.0,1.0,4.0,4.0,0.0,0.0,2.0,1.0,3.0,1.0,3.0,0.0,0.0,0.0,3.0,0.0,7.0,-4.0,112.5,112.5,25.0,0.0,2.0,3.0,0.0,17.7,7.9,12.5,14.1,0.0,0.0,42.9,22.5,
2479714,5,981209,CB CLARET BENIMACLET,HOME,1749591,I. Garrido Perez,I. Garrido Perez,1,24.7,1483.0,5.0,1.0,3.0,1.0,6.0,2.0,9.0,0.0,0.0,2.0,4.0,6.0,3.0,2.0,1.0,0.0,0.0,2.0,2.0,6.0,18.0,27.8,27.8,66.7,0.0,0.7,0.5,0.0,9.5,17.0,13.5,14.9,1.9,0.0,18.2,19.0,
2479714,5,981209,CB CLARET BENIMACLET,HOME,2246236,L. Gonzalez Llacer,L. Gonzalez Llacer,0,4.2,252.0,0.0,0.0,0.0,0.0,0.0,0.0,0.0,0.0,0.0,0.0,0.0,0.0,0.0,0.0,0.0,0.0,0.0,0.0,0.0,0.0,4.0,0.0,0.0,0.0,0.0,0.0,0.0,0.0,0.0,0.0,0.0,0.0,0.0,0.0,0.0,0.0,
2479714,5,981212,ELSAMEX CB ANDRATX,AWAY,2553411,N. Jeng,N. Jeng,1,20.8,1245.0,19.0,5.0,6.0,1.0,1.0,6.0,7.0,6.0,9.0,2.0,0.0,2.0,3.0,3.0,1.0,0.0,1.0,4.0,6.0,20.0,-8.0,86.7,92.9,14.3,128.6,1.7,3.0,1.5,10.1,0.0,5.3,50.0,2.4,0.0,21.5,28.7,
2479714,5,981212,ELSAMEX CB ANDRATX,AWAY,1461086,P. Comella Pons,P. Comella Pons,1,32.6,1956.0,21.0,3.0,7.0,2.0,7.0,5.0,14.0,9.0,10.0,2.0,2.0,4.0,2.0,1.0,4.0,0.0,0.0,1.0,4.0,23.0,-8.0,57.1,42.9,50.0,71.4,0.9,0.9,2.5,6.5,7.2,6.8,14.1,6.1,0.0,5.2,25.4,
2479714,5,981212,ELSAMEX CB ANDRATX,AWAY,2036170,A. Peregrina Garcia,A. Peregrina Garcia,1,26.7,1602.0,5.0,1.0,3.0,1.0,4.0,2.0,7.0,0.0,0.0,0.0,3.0,3.0,5.0,3.0,0.0,0.0,0.0,2.0,2.0,5.0,-13.0,35.7,35.7,57.1,0.0,0.7,0.8,0.0,0.0,13.2,6.2,33.8,0.0,0.0,30.0,16.0,
2479714,5,981212,ELSAMEX CB ANDRATX,AWAY,2820516,L. Stenta,L. Stenta,0,8.1,488.0,0.0,0.0,1.0,0.0,0.0,0.0,1.0,0.0,0.0,0.0,1.0,1.0,0.0,0.0,0.0,0.0,0.0,1.0,0.0,-1.0,0.0,0.0,0.0,0.0,0.0,0.0,0.0,0.0,0.0,14.5,6.9,0.0,0.0,0.0,0.0,5.3,
2479714,5,981212,ELSAMEX CB ANDRATX,AWAY,1762758,P. Charro Och,P. Charro Och,0,17.9,1072.0,6.0,1.0,2.0,1.0,6.0,2.0,8.0,1.0,2.0,1.0,2.0,3.0,0.0,0.0,0.0,0.0,0.0,0.0,2.0,4.0,-7.0,33.8,31.2,75.0,25.0,1.0,0.5,1.0,5.9,13.1,9.3,0.0,0.0,0.0,0.0,21.2,
2479714,5,981212,ELSAMEX CB ANDRATX,AWAY,1579078,H. Condom Rosell,H. Condom Rosell,0,17.9,1071.0,8.0,2.0,3.0,0.0,0.0,2.0,3.0,4.0,8.0,2.0,2.0,4.0,2.0,1.0,0.0,0.0,0.0,0.0,5.0,13.0,-5.0,61.3,66.7,0.0,266.7,1.3,0.0,1.6,11.8,13.1,12.4,26.3,0.0,0.0,13.3,17.9,
2479714,5,981212,ELSAMEX CB ANDRATX,AWAY,2148958,M. López Martí,M. López Martí,0,17.4,1044.0,5.0,1.0,3.0,1.0,2.0,2.0,5.0,0.0,0.0,1.0,5.0,6.0,0.0,4.0,1.0,0.0,0.0,1.0,0.0,4.0,-10.0,50.0,50.0,40.0,0.0,0.7,1.5,0.0,6.0,33.8,19.2,0.0,2.9,0.0,44.4,22.1,
2479714,5,981212,ELSAMEX CB ANDRATX,AWAY,2113013,B. Marroig Padilla,B. Marroig Padilla,0,1.4,87.0,0.0,0.0,1.0,0.0,0.0,0.0,1.0,0.0,0.0,0.0,0.0,0.0,0.0,0.0,0.0,0.0,0.0,0.0,0.0,-1.0,-4.0,0.0,0.0,0.0,0.0,0.0,0.0,0.0,0.0,0.0,0.0,0.0,0.0,0.0,0.0,30.5,
2479714,5,981212,ELSAMEX CB ANDRATX,AWAY,2276474,L. García Rivera,L. García Rivera,0,14.3,856.0,2.0,1.0,6.0,0.0,0.0,1.0,6.0,0.0,0.0,0.0,3.0,3.0,0.0,0.0,2.0,0.0,0.0,0.0,0.0,2.0,-4.0,16.7,16.7,0.0,0.0,0.3,0.0,0.0,0.0,24.7,11.7,0.0,6.9,0.0,0.0,17.9,
2479714,5,981212,ELSAMEX CB ANDRATX,AWAY,2043611,J. Ballester Manque,J. Ballester Manque,1,19.8,1188.0,2.0,1.0,4.0,0.0,0.0,1.0,4.0,0.0,0.0,2.0,1.0,3.0,1.0,2.0,0.0,0.0,0.0,1.0,0.0,0.0,-15.0,25.0,25.0,0.0,0.0,0.5,0.0,0.0,10.6,5.9,8.4,9.1,0.0,0.0,33.3,12.9,
2479714,5,981212,ELSAMEX CB ANDRATX,AWAY,2294809,P. Sans Cantallops,P. Sans Cantallops,1,23.2,1391.0,9.0,2.0,3.0,1.0,5.0,3.0,8.0,2.0,2.0,0.0,2.0,2.0,0.0,2.0,0.0,0.0,0.0,3.0,1.0,2.0,-11.0,50.7,43.8,62.5,25.0,1.3,0.6,2.0,0.0,10.1,4.8,0.0,0.0,0.0,18.4,20.0,
2479715,5,979778,MAGEC TÍAS LANZAROTE CONTRA LA VIOLENCIA DE GÉNERO,HOME,2178381,E. Lozano Sosa,E. Lozano Sosa,0,6.7,402.0,3.0,0.0,0.0,1.0,1.0,1.0,1.0,0.0,0.0,0.0,0.0,0.0,0.0,0.0,0.0,0.0,0.0,1.0,0.0,2.0,16.0,150.0,150.0,100.0,0.0,0.0,3.0,0.0,0.0,0.0,0.0,0.0,0.0,0.0,0.0,7.0,
2479715,5,979778,MAGEC TÍAS LANZAROTE CONTRA LA VIOLENCIA DE GÉNERO,HOME,1100445,Y. Garcia Gonzalez,Y. Garcia Gonzalez,0,23.2,1392.0,0.0,0.0,3.0,0.0,0.0,0.0,3.0,0.0,0.0,3.0,6.0,9.0,0.0,4.0,0.0,0.0,0.0,3.0,2.0,1.0,14.0,0.0,0.0,0.0,0.0,0.0,0.0,0.0,11.5,23.0,17.2,0.0,0.0,0.0,57.1,14.1,
2479715,5,979778,MAGEC TÍAS LANZAROTE CONTRA LA VIOLENCIA DE GÉNERO,HOME,2444469,I. Melian Cabrera,I. Melian Cabrera,0,3.1,186.0,0.0,0.0,0.0,0.0,0.0,0.0,0.0,0.0,0.0,0.0,0.0,0.0,0.0,0.0,1.0,0.0,0.0,0.0,0.0,1.0,7.0,0.0,0.0,0.0,0.0,0.0,0.0,0.0,0.0,0.0,0.0,0.0,18.6,0.0,0.0,0.0,
2479715,5,979778,MAGEC TÍAS LANZAROTE CONTRA LA VIOLENCIA DE GÉNERO,HOME,2415445,I. Drake Ruiz-Villar,I. Drake Ruiz-Villar,1,23.4,1406.0,9.0,2.0,6.0,0.0,2.0,2.0,8.0,5.0,6.0,3.0,4.0,7.0,1.0,2.0,4.0,0.0,1.0,2.0,3.0,13.0,12.0,42.3,25.0,25.0,75.0,0.7,0.0,2.0,11.4,15.2,13.3,10.0,9.9,0.0,15.8,25.2,
2479715,5,979778,MAGEC TÍAS LANZAROTE CONTRA LA VIOLENCIA DE GÉNERO,HOME,1450205,A. Rodriguez Guerra,A. Rodriguez Guerra,0,3.7,223.0,4.0,0.0,0.0,1.0,1.0,1.0,1.0,1.0,2.0,0.0,0.0,0.0,0.0,0.0,0.0,0.0,0.0,1.0,2.0,4.0,8.0,106.4,150.0,100.0,200.0,0.0,3.0,1.0,0.0,0.0,0.0,0.0,0.0,0.0,0.0,23.7,
2479715,5,979778,MAGEC TÍAS LANZAROTE CONTRA LA VIOLENCIA DE GÉNERO,HOME,1995747,S. Hisado Santos,S. Hisado Santos,1,30.2,1812.0,6.0,1.0,4.0,1.0,2.0,2.0,6.0,1.0,2.0,1.0,7.0,8.0,4.0,0.0,1.0,0.0,0.0,0.0,2.0,16.0,5.0,43.6,41.7,33.3,33.3,0.5,1.5,1.0,2.9,20.6,11.8,28.6,1.9,0.0,0.0,10.6,
2479715,5,979778,MAGEC TÍAS LANZAROTE CONTRA LA VIOLENCIA DE GÉNERO,HOME,1695414,C. Mateo Cañada,C. Mateo Cañada,1,32.5,1949.0,20.0,2.0,9.0,3.0,8.0,5.0,17.0,7.0,7.0,5.0,7.0,12.0,3.0,1.0,1.0,0.0,0.0,2.0,8.0,29.0,21.0,49.8,38.2,47.1,41.2,0.4,1.1,0.9,13.7,19.1,16.4,27.3,1.8,0.0,4.7,30.2,
2479715,5,979778,MAGEC TÍAS LANZAROTE CONTRA LA VIOLENCIA DE GÉNERO,HOME,2824664,B. Snorradottir,B. Snorradottir,1,24.3,1459.0,10.0,2.0,4.0,1.0,2.0,3.0,6.0,3.0,4.0,1.0,2.0,3.0,1.0,1.0,0.0,0.0,0.0,1.0,2.0,10.0,21.0,64.4,58.3,33.3,66.7,1.0,1.5,2.0,3.7,7.3,5.5,11.1,0.0,0.0,11.4,16.8,
2479715,5,979778,MAGEC TÍAS LANZAROTE CONTRA LA VIOLENCIA DE GÉNERO,HOME,2524794,M. Marinho Junqueira,M. Marinho Junqueira,0,23.2,1391.0,7.0,2.0,5.0,0.0,10.0,2.0,15.0,3.0,3.0,1.0,5.0,6.0,3.0,0.0,1.0,0.0,0.0,3.0,2.0,3.0,12.0,21.4,13.3,66.7,20.0,0.8,0.0,1.5,3.8,19.2,11.5,30.0,2.5,0.0,0.0,32.8,
2479715,5,979778,MAGEC TÍAS LANZAROTE CONTRA LA VIOLENCIA DE GÉNERO,HOME,2379074,N. Zabala Gabilondo,N. Zabala Gabilondo,1,27.9,1675.0,10.0,3.0,3.0,1.0,4.0,4.0,7.0,1.0,3.0,1.0,2.0,3.0,4.0,2.0,2.0,0.0,0.0,3.0,3.0,12.0,22.0,60.1,64.3,57.1,42.9,2.0,0.8,1.0,3.2,6.4,4.8,40.0,4.1,0.0,19.4,17.2,
2479715,5,979778,MAGEC TÍAS LANZAROTE CONTRA LA VIOLENCIA DE GÉNERO,HOME,2381629,S. Muñoz Lahora,S. Muñoz Lahora,0,1.8,105.0,0.0,0.0,0.0,0.0,0.0,0.0,0.0,0.0,0.0,0.0,0.0,0.0,1.0,0.0,0.0,0.0,0.0,0.0,0.0,1.0,2.0,0.0,0.0,0.0,0.0,0.0,0.0,0.0,0.0,0.0,0.0,0.0,0.0,0.0,0.0,0.0,
2479715,5,979775,BASKET ALMEDA,AWAY,2104880,M. Llodra Jaen,M. Llodra Jaen,0,9.7,583.0,0.0,0.0,0.0,0.0,2.0,0.0,2.0,0.0,0.0,0.0,0.0,0.0,1.0,0.0,1.0,0.0,0.0,1.0,0.0,-1.0,-23.0,0.0,0.0,100.0,0.0,0.0,0.0,0.0,0.0,0.0,0.0,38.5,5.8,0.0,0.0,10.1,
2479715,5,979775,BASKET ALMEDA,AWAY,1929994,M. Garcia Menéndez,M. Garcia Menéndez,1,16.4,983.0,4.0,1.0,1.0,0.0,1.0,1.0,2.0,2.0,4.0,1.0,3.0,4.0,0.0,3.0,0.0,0.0,0.0,2.0,2.0,2.0,-17.0,53.2,50.0,50.0,200.0,2.0,0.0,2.0,5.4,16.3,10.8,0.0,0.0,0.0,44.4,20.3,
2479715,5,979775,BASKET ALMEDA,AWAY,1912154,C. Balibrea Oliveras,C. Balibrea Oliveras,0,4.2,251.0,3.0,1.0,3.0,0.0,0.0,1.0,3.0,1.0,2.0,2.0,0.0,2.0,0.0,1.0,0.0,0.0,0.0,1.0,1.0,1.0,1.0,38.7,33.3,0.0,66.7,0.7,0.0,2.0,42.3,0.0,21.2,0.0,0.0,0.0,20.5,57.1,
2479715,5,979775,BASKET ALMEDA,AWAY,1893303,L. Tierno Martí,L. Tierno Martí,0,24.0,1438.0,7.0,0.0,0.0,2.0,5.0,2.0,5.0,1.0,2.0,1.0,2.0,3.0,3.0,0.0,0.0,0.0,0.0,3.0,1.0,7.0,-7.0,59.5,60.0,100.0,40.0,0.0,1.2,2.0,3.7,7.4,5.6,51.7,0.0,0.0,0.0,12.0,
2479715,5,979775,BASKET ALMEDA,AWAY,1737538,C. Pujol Martinez,C. Pujol Martinez,1,29.8,1790.0,5.0,1.0,4.0,1.0,4.0,2.0,8.0,0.0,1.0,0.0,9.0,9.0,1.0,2.0,1.0,0.0,0.0,1.0,1.0,7.0,-15.0,29.6,31.2,50.0,12.5,0.5,0.8,1.0,0.0,26.8,13.4,14.1,1.9,0.0,19.2,17.2,
2479715,5,979775,BASKET ALMEDA,AWAY,2157230,L. Jove Fuste,L. Jove Fuste,1,19.5,1168.0,3.0,0.0,4.0,1.0,4.0,1.0,8.0,0.0,0.0,1.0,1.0,2.0,1.0,2.0,0.0,0.0,0.0,2.0,1.0,-4.0,-22.0,18.8,18.8,50.0,0.0,0.0,0.8,0.0,4.6,4.6,4.6,18.2,0.0,0.0,20.0,25.2,
2479715,5,979775,BASKET ALMEDA,AWAY,1923707,C. Diaz-Guerra Prats,C. Diaz-Guerra Prats,0,25.9,1557.0,13.0,4.0,7.0,0.0,5.0,4.0,12.0,5.0,6.0,2.0,3.0,5.0,1.0,3.0,4.0,0.0,0.0,3.0,6.0,14.0,4.0,44.4,33.3,41.7,50.0,1.1,0.0,1.0,6.9,10.3,8.6,26.3,8.7,0.0,17.0,33.5,
2479715,5,979775,BASKET ALMEDA,AWAY,2053836,C. Moreno Mengibar,C. Moreno Mengibar,1,10.4,626.0,1.0,0.0,2.0,0.0,0.0,0.0,2.0,1.0,2.0,1.0,2.0,3.0,0.0,0.0,0.0,0.0,0.0,2.0,1.0,0.0,-14.0,17.4,0.0,0.0,100.0,0.0,0.0,2.0,8.5,17.1,12.8,0.0,0.0,0.0,0.0,13.6,
2479715,5,979775,BASKET ALMEDA,AWAY,2054903,A. Cojocariu,A. Cojocariu,1,14.4,862.0,2.0,1.0,5.0,0.0,3.0,1.0,8.0,0.0,0.0,1.0,1.0,2.0,0.0,0.0,0.0,0.0,0.0,4.0,0.0,-7.0,-13.0,12.5,12.5,37.5,0.0,0.4,0.0,0.0,6.2,6.2,6.2,0.0,0.0,0.0,0.0,27.3,
2479715,5,979775,BASKET ALMEDA,AWAY,2147731,D. Peris Fons,D. Peris Fons,0,25.4,1523.0,0.0,0.0,3.0,0.0,0.0,0.0,3.0,0.0,0.0,1.0,5.0,6.0,1.0,2.0,1.0,1.0,0.0,4.0,1.0,1.0,-15.0,0.0,0.0,0.0,0.0,0.0,0.0,0.0,3.5,17.5,10.5,12.8,2.2,4.6,40.0,9.7,
2479715,5,979775,BASKET ALMEDA,AWAY,2440587,M. Coll-Vinent Olle,M. Coll-Vinent Olle,0,20.3,1219.0,3.0,1.0,4.0,0.0,1.0,1.0,5.0,1.0,2.0,2.0,4.0,6.0,1.0,2.0,0.0,0.0,0.0,1.0,1.0,3.0,-19.0,25.5,20.0,20.0,40.0,0.5,0.0,2.0,8.8,17.5,13.1,18.2,0.0,0.0,25.4,19.1,
2479716,5,981229,SPAR GRAN CANARIA,HOME,2203305,L. Perez Castro,L. Perez Castro,1,36.1,2165.0,15.0,3.0,5.0,3.0,6.0,6.0,11.0,0.0,0.0,1.0,3.0,4.0,2.0,1.0,2.0,0.0,0.0,0.0,1.0,18.0,11.0,68.2,68.2,54.5,0.0,1.2,1.5,0.0,3.5,6.5,5.3,13.6,2.9,0.0,8.3,15.6,
2479716,5,981229,SPAR GRAN CANARIA,HOME,2288451,A. Hernandez Martinez,A. Hernandez Martinez,1,22.9,1377.0,3.0,0.0,0.0,1.0,2.0,1.0,2.0,0.0,0.0,0.0,2.0,2.0,0.0,5.0,4.0,0.0,0.0,3.0,0.0,0.0,-1.0,75.0,75.0,100.0,0.0,0.0,1.5,0.0,0.0,6.8,4.2,0.0,9.1,0.0,71.4,14.3,
2479716,5,981229,SPAR GRAN CANARIA,HOME,2230179,A. Garcia San Blas,A. Garcia San Blas,0,3.9,235.0,0.0,0.0,0.0,0.0,0.0,0.0,0.0,0.0,0.0,0.0,0.0,0.0,0.0,0.0,0.0,0.0,0.0,1.0,0.0,-1.0,-4.0,0.0,0.0,0.0,0.0,0.0,0.0,0.0,0.0,0.0,0.0,0.0,0.0,0.0,0.0,0.0,
2479716,5,981229,SPAR GRAN CANARIA,HOME,2494285,A. Mbengue Sánchez,A. Mbengue Sánchez,0,20.0,1202.0,4.0,2.0,2.0,0.0,0.0,2.0,2.0,0.0,0.0,0.0,3.0,3.0,0.0,0.0,0.0,0.0,0.0,4.0,1.0,4.0,0.0,100.0,100.0,0.0,0.0,2.0,0.0,0.0,0.0,11.8,7.2,0.0,0.0,0.0,0.0,4.7,
2479716,5,981229,SPAR GRAN CANARIA,HOME,2251955,M. Ocurto Mendes,M. Ocurto Mendes,0,15.5,932.0,1.0,0.0,4.0,0.0,2.0,0.0,6.0,1.0,2.0,0.0,0.0,0.0,2.0,5.0,1.0,0.0,0.0,0.0,1.0,-7.0,3.0,7.3,0.0,33.3,33.3,0.0,0.0,2.0,0.0,0.0,0.0,21.7,3.4,0.0,42.1,36.0,
2479716,5,981229,SPAR GRAN CANARIA,HOME,2292843,M. Rodríguez Sánchez,M. Rodríguez Sánchez,0,7.5,451.0,0.0,0.0,0.0,0.0,0.0,0.0,0.0,0.0,0.0,0.0,0.0,0.0,0.0,0.0,0.0,0.0,0.0,2.0,1.0,-1.0,12.0,0.0,0.0,0.0,0.0,0.0,0.0,0.0,0.0,0.0,0.0,0.0,0.0,0.0,0.0,0.0,
2479716,5,981229,SPAR GRAN CANARIA,HOME,2352279,T. Ezeanatogu Ezeonu,T. Ezeanatogu Ezeonu,1,35.3,2119.0,14.0,5.0,8.0,0.0,0.0,5.0,8.0,4.0,9.0,3.0,8.0,11.0,6.0,5.0,4.0,0.0,0.0,5.0,9.0,26.0,8.0,58.5,62.5,0.0,112.5,1.2,0.0,1.0,10.6,17.8,15.0,38.2,5.9,0.0,29.5,22.5,
2479716,5,981229,SPAR GRAN CANARIA,HOME,2647608,M. Doumbia,M. Doumbia,1,31.8,1910.0,14.0,3.0,13.0,1.0,1.0,4.0,14.0,5.0,8.0,1.0,3.0,4.0,1.0,4.0,3.0,0.0,1.0,2.0,5.0,8.0,3.0,40.0,32.1,7.1,57.1,0.5,3.0,1.6,3.9,7.4,6.1,6.9,4.9,0.0,18.6,31.8,
2479716,5,981229,SPAR GRAN CANARIA,HOME,2643570,L. Toure,L. Toure,1,26.8,1609.0,10.0,5.0,12.0,0.0,0.0,5.0,12.0,0.0,2.0,0.0,5.0,5.0,1.0,1.0,0.0,0.0,0.0,3.0,2.0,5.0,3.0,38.8,41.7,0.0,16.7,0.8,0.0,1.0,0.0,14.6,9.0,9.0,0.0,0.0,7.2,24.3,
2479716,5,981167,SEGLE XXI,AWAY,2357207,Z. Ajisebutu Casas,Z. Ajisebutu Casas,0,12.5,752.0,3.0,1.0,3.0,0.0,2.0,1.0,5.0,1.0,2.0,2.0,0.0,2.0,1.0,2.0,2.0,0.0,0.0,1.0,1.0,1.0,2.0,25.5,20.0,40.0,40.0,0.7,0.0,2.0,12.5,0.0,7.7,20.0,8.0,0.0,25.4,24.3,
2479716,5,981167,SEGLE XXI,AWAY,2153172,M. Cintas Diaz,M. Cintas Diaz,1,26.4,1583.0,2.0,1.0,5.0,0.0,3.0,1.0,8.0,0.0,0.0,2.0,4.0,6.0,4.0,1.0,4.0,0.0,0.0,3.0,1.0,6.0,-6.0,12.5,12.5,37.5,0.0,0.4,0.0,0.0,5.9,18.9,11.0,30.8,7.6,0.0,11.1,13.2,
2479716,5,981167,SEGLE XXI,AWAY,2289362,D. Garcia Dominguez,D. Garcia Dominguez,0,24.1,1445.0,7.0,1.0,6.0,1.0,2.0,2.0,8.0,2.0,6.0,2.0,1.0,3.0,0.0,4.0,1.0,0.0,0.0,3.0,8.0,2.0,-3.0,32.9,31.2,25.0,75.0,0.3,1.5,0.8,6.5,5.2,6.0,0.0,2.1,0.0,27.3,23.5,
2479716,5,981167,SEGLE XXI,AWAY,2448425,N. Cordón Elizarán,N. Cordón Elizarán,0,0.9,54.0,0.0,0.0,0.0,0.0,0.0,0.0,0.0,0.0,0.0,0.0,0.0,0.0,0.0,0.0,0.0,0.0,0.0,1.0,0.0,-1.0,2.0,0.0,0.0,0.0,0.0,0.0,0.0,0.0,0.0,0.0,0.0,0.0,0.0,0.0,0.0,0.0,
2479716,5,981167,SEGLE XXI,AWAY,2528757,I. Garcia Fernandez,I. Garcia Fernandez,1,12.0,721.0,5.0,1.0,1.0,1.0,1.0,2.0,2.0,0.0,0.0,2.0,1.0,3.0,0.0,4.0,1.0,0.0,0.0,5.0,0.0,0.0,3.0,125.0,125.0,50.0,0.0,2.0,3.0,0.0,13.1,10.4,12.0,0.0,4.2,0.0,66.7,19.3,
2479716,5,981167,SEGLE XXI,AWAY,2244483,S. Nde Akawung,S. Nde Akawung,1,33.1,1986.0,9.0,3.0,6.0,1.0,5.0,4.0,11.0,0.0,0.0,5.0,5.0,10.0,0.0,3.0,1.0,0.0,0.0,4.0,2.0,8.0,-12.0,40.9,40.9,45.5,0.0,1.0,0.6,0.0,11.8,18.9,14.6,0.0,1.5,0.0,21.4,16.3,
2479716,5,981167,SEGLE XXI,AWAY,2196865,M. Carbó Medina,M. Carbó Medina,1,27.1,1623.0,17.0,3.0,6.0,3.0,10.0,6.0,16.0,2.0,3.0,3.0,3.0,6.0,1.0,1.0,1.0,1.0,0.0,1.0,3.0,16.0,-2.0,49.1,46.9,62.5,18.8,1.0,0.9,1.0,8.7,13.8,10.7,12.5,1.8,3.4,5.5,26.1,
2479716,5,981167,SEGLE XXI,AWAY,2454402,S. Fernandez De Cuevas Martinez,S. Fernandez De Cuevas Martinez,1,30.4,1824.0,3.0,0.0,2.0,1.0,6.0,1.0,8.0,0.0,0.0,2.0,5.0,7.0,2.0,4.0,2.0,0.0,0.0,1.0,2.0,4.0,-12.0,18.8,18.8,75.0,0.0,0.0,0.5,0.0,5.2,20.6,11.1,13.3,3.3,0.0,33.3,15.2,
2479716,5,981167,SEGLE XXI,AWAY,2229661,B. Asensio Senosiáin,B. Asensio Senosiáin,0,14.9,894.0,2.0,0.0,1.0,0.0,1.0,0.0,2.0,2.0,2.0,1.0,1.0,2.0,2.0,3.0,0.0,0.0,0.0,0.0,1.0,2.0,-9.0,34.7,0.0,50.0,100.0,0.0,0.0,2.0,5.3,8.4,6.5,25.0,0.0,0.0,51.0,15.2,
2479716,5,981167,SEGLE XXI,AWAY,2461439,A. Smykovskaia,A. Smykovskaia,0,18.6,1118.0,6.0,3.0,12.0,0.0,0.0,3.0,12.0,0.0,2.0,8.0,7.0,15.0,0.0,3.0,0.0,0.0,0.0,1.0,2.0,8.0,2.0,23.3,25.0,0.0,16.7,0.5,0.0,1.0,33.7,47.0,38.9,0.0,0.0,0.0,18.9,33.0,
2479717,5,981304,DISHELEC 65 VILADECANS,HOME,2050407,L. Sanchez Garcia,L. Sanchez Garcia,1,23.6,1414.0,6.0,2.0,2.0,0.0,2.0,2.0,4.0,2.0,2.0,2.0,3.0,5.0,1.0,3.0,1.0,0.0,0.0,3.0,1.0,6.0,6.0,61.5,50.0,50.0,50.0,2.0,0.0,2.0,9.7,13.7,11.8,8.9,2.3,0.0,38.1,16.2,
2479717,5,981304,DISHELEC 65 VILADECANS,HOME,1910113,L. Anducas Rodon,L. Anducas Rodon,0,20.8,1248.0,10.0,3.0,4.0,1.0,3.0,4.0,7.0,1.0,2.0,1.0,4.0,5.0,0.0,1.0,1.0,0.0,0.0,1.0,2.0,12.0,16.0,63.5,64.3,42.9,28.6,1.5,1.0,1.0,5.5,20.8,13.4,0.0,2.6,0.0,11.3,20.7,
2479717,5,981304,DISHELEC 65 VILADECANS,HOME,1727776,P. Curto Garcia,P. Curto Garcia,1,27.9,1671.0,8.0,1.0,4.0,2.0,7.0,3.0,11.0,0.0,0.0,1.0,7.0,8.0,5.0,1.0,0.0,0.0,0.0,0.0,2.0,14.0,17.0,36.4,36.4,63.6,0.0,0.5,0.9,0.0,4.1,27.1,15.9,40.3,0.0,0.0,8.3,20.8,
2479717,5,981304,DISHELEC 65 VILADECANS,HOME,1398200,J. Turrion Aranda,J. Turrion Aranda,1,24.4,1465.0,18.0,4.0,6.0,2.0,5.0,6.0,11.0,4.0,4.0,2.0,5.0,7.0,2.0,0.0,1.0,1.0,0.0,1.0,5.0,28.0,14.0,70.5,63.6,45.5,36.4,1.3,1.2,0.8,9.4,22.2,15.9,27.8,2.2,4.6,0.0,25.3,
2479717,5,981304,DISHELEC 65 VILADECANS,HOME,2322360,A. Torne Labarta,A. Torne Labarta,0,17.4,1042.0,6.0,1.0,6.0,0.0,0.0,1.0,6.0,4.0,4.0,5.0,2.0,7.0,0.0,4.0,0.0,0.0,2.0,1.0,2.0,5.0,16.0,38.7,16.7,0.0,66.7,0.3,0.0,2.0,32.8,12.4,22.3,0.0,0.0,0.0,34.0,32.7,
2479717,5,981304,DISHELEC 65 VILADECANS,HOME,2146979,N. Sanchez Marques,N. Sanchez Marques,0,22.7,1362.0,9.0,2.0,4.0,1.0,4.0,3.0,8.0,2.0,4.0,0.0,4.0,4.0,3.0,1.0,1.0,0.0,0.0,1.0,3.0,11.0,21.0,46.1,43.8,50.0,50.0,1.0,0.8,1.3,0.0,19.0,9.8,29.4,2.4,0.0,9.3,22.9,
2479717,5,981304,DISHELEC 65 VILADECANS,HOME,1956668,M. Ribera Sanuy,M. Ribera Sanuy,1,23.0,1381.0,5.0,1.0,3.0,0.0,2.0,1.0,5.0,3.0,4.0,2.0,1.0,3.0,0.0,2.0,0.0,0.0,0.0,3.0,4.0,2.0,3.0,37.0,20.0,40.0,80.0,0.7,0.0,1.0,9.9,4.7,7.2,0.0,0.0,0.0,22.8,18.4,
2479717,5,981304,DISHELEC 65 VILADECANS,HOME,1663009,Q. Ubia Llunell,Q. Ubia Llunell,1,19.8,1188.0,0.0,0.0,0.0,0.0,2.0,0.0,2.0,0.0,0.0,0.0,2.0,2.0,1.0,1.0,0.0,0.0,0.0,2.0,1.0,-1.0,7.0,0.0,0.0,100.0,0.0,0.0,0.0,0.0,0.0,10.9,5.6,9.1,0.0,0.0,33.3,7.3,
2479717,5,981304,DISHELEC 65 VILADECANS,HOME,2240210,A. Alcantara Ros,A. Alcantara Ros,0,5.8,350.0,2.0,1.0,1.0,0.0,1.0,1.0,2.0,0.0,0.0,0.0,1.0,1.0,0.0,0.0,0.0,1.0,0.0,0.0,0.0,3.0,-4.0,50.0,50.0,50.0,0.0,2.0,0.0,0.0,0.0,18.6,9.6,0.0,0.0,19.2,0.0,16.7,
2479717,5,981304,DISHELEC 65 VILADECANS,HOME,2056456,N. Soler Ramos,N. Soler Ramos,0,14.7,879.0,4.0,1.0,1.0,0.0,2.0,1.0,3.0,2.0,2.0,0.0,1.0,1.0,1.0,1.0,0.0,0.0,0.0,2.0,1.0,2.0,4.0,51.5,33.3,66.7,66.7,2.0,0.0,2.0,0.0,7.4,3.8,12.8,0.0,0.0,20.5,16.1,
2479717,5,982048,EL PLANTEL GMASB,AWAY,2819272,D. Ryzinska,D. Ryzinska,1,9.1,546.0,0.0,0.0,0.0,0.0,1.0,0.0,1.0,0.0,0.0,0.0,2.0,2.0,0.0,0.0,0.0,0.0,0.0,5.0,0.0,-4.0,-9.0,0.0,0.0,100.0,0.0,0.0,0.0,0.0,0.0,25.1,12.2,0.0,0.0,0.0,0.0,5.4,
2479717,5,982048,EL PLANTEL GMASB,AWAY,2664237,C. Rojas Cepero,C. Rojas Cepero,0,3.5,207.0,0.0,0.0,0.0,0.0,0.0,0.0,0.0,0.0,0.0,0.0,1.0,1.0,0.0,0.0,0.0,0.0,0.0,0.0,0.0,1.0,-7.0,0.0,0.0,0.0,0.0,0.0,0.0,0.0,0.0,32.7,15.9,0.0,0.0,0.0,0.0,0.0,
2479717,5,982048,EL PLANTEL GMASB,AWAY,2124275,C. Villanueva Lazaro,C. Villanueva Lazaro,0,18.9,1134.0,1.0,0.0,5.0,0.0,2.0,0.0,7.0,1.0,2.0,0.0,1.0,1.0,2.0,4.0,2.0,0.0,1.0,2.0,3.0,-5.0,-10.0,6.3,0.0,28.6,28.6,0.0,0.0,0.7,0.0,6.0,2.9,21.1,6.1,0.0,33.7,31.1,
2479717,5,982048,EL PLANTEL GMASB,AWAY,1974272,R. Revueltas Pareja,R. Revueltas Pareja,1,28.3,1697.0,13.0,3.0,6.0,2.0,8.0,5.0,14.0,1.0,2.0,2.0,5.0,7.0,0.0,2.0,1.0,0.0,0.0,3.0,1.0,7.0,-2.0,43.7,42.9,57.1,14.3,1.0,0.8,2.0,7.6,20.2,13.7,0.0,2.0,0.0,11.8,29.6,
2479717,5,982048,EL PLANTEL GMASB,AWAY,2819274,O. Schlegl,O. Schlegl,1,6.9,413.0,2.0,1.0,2.0,0.0,2.0,1.0,4.0,0.0,0.0,1.0,0.0,1.0,0.0,0.0,0.0,0.0,0.0,0.0,0.0,0.0,-15.0,25.0,25.0,50.0,0.0,1.0,0.0,0.0,15.7,0.0,8.1,0.0,0.0,0.0,0.0,28.7,
2479717,5,982048,EL PLANTEL GMASB,AWAY,2232865,M. Sanchez Valenzuela,M. Sanchez Valenzuela,1,29.7,1784.0,6.0,0.0,3.0,2.0,6.0,2.0,9.0,0.0,0.0,0.0,2.0,2.0,0.0,0.0,1.0,0.0,1.0,3.0,1.0,0.0,-13.0,33.3,33.3,66.7,0.0,0.0,1.0,0.0,0.0,7.7,3.7,0.0,1.9,0.0,0.0,15.0,
2479717,5,982048,EL PLANTEL GMASB,AWAY,1111828,L. Fernandez Fiel,L. Fernandez Fiel,1,35.1,2107.0,15.0,6.0,8.0,1.0,6.0,7.0,14.0,0.0,2.0,0.0,3.0,3.0,2.0,1.0,1.0,0.0,0.0,0.0,2.0,13.0,-19.0,50.4,53.6,42.9,14.3,1.5,0.5,1.0,0.0,9.8,4.7,19.8,1.6,0.0,6.3,22.4,
2479717,5,982048,EL PLANTEL GMASB,AWAY,2419277,A. Cisse Barragan,A. Cisse Barragan,0,19.6,1175.0,0.0,0.0,1.0,0.0,0.0,0.0,1.0,0.0,2.0,1.0,2.0,3.0,0.0,2.0,0.0,2.0,0.0,2.0,1.0,-1.0,-27.0,0.0,0.0,0.0,200.0,0.0,0.0,2.0,5.5,11.7,8.5,0.0,0.0,13.2,51.5,9.8,
2479717,5,982048,EL PLANTEL GMASB,AWAY,2112760,M. Diaz Torres,M. Diaz Torres,0,18.7,1120.0,4.0,1.0,3.0,0.0,0.0,1.0,3.0,2.0,3.0,3.0,0.0,3.0,2.0,1.0,1.0,0.0,0.0,2.0,3.0,7.0,-6.0,46.3,33.3,0.0,100.0,0.7,0.0,1.0,17.3,0.0,8.9,23.5,3.1,0.0,18.8,14.1,
2479717,5,982048,EL PLANTEL GMASB,AWAY,2364455,T. Sene,T. Sene,0,30.3,1817.0,7.0,3.0,8.0,0.0,0.0,3.0,8.0,1.0,2.0,0.0,6.0,6.0,1.0,4.0,1.0,0.0,0.0,4.0,3.0,4.0,8.0,39.4,37.5,0.0,25.0,0.8,0.0,0.7,0.0,22.6,11.0,8.2,1.9,0.0,31.1,21.1,
2479718,6,982048,EL PLANTEL GMASB,HOME,2819272,D. Ryzinska,D. Ryzinska,1,32.3,1940.0,8.0,1.0,5.0,2.0,5.0,3.0,10.0,0.0,0.0,1.0,0.0,1.0,1.0,0.0,1.0,0.0,0.0,4.0,0.0,0.0,3.0,40.0,40.0,50.0,0.0,0.4,1.2,0.0,3.5,0.0,2.0,7.7,1.8,0.0,0.0,16.1,
2479718,6,982048,EL PLANTEL GMASB,HOME,2124275,C. Villanueva Lazaro,C. Villanueva Lazaro,0,16.4,987.0,3.0,0.0,1.0,1.0,4.0,1.0,5.0,0.0,0.0,0.0,2.0,2.0,2.0,1.0,1.0,0.0,0.0,2.0,2.0,3.0,-4.0,30.0,30.0,80.0,0.0,0.0,0.8,0.0,0.0,18.1,7.9,28.6,3.5,0.0,16.7,19.1,
2479718,6,982048,EL PLANTEL GMASB,HOME,1974272,R. Revueltas Pareja,R. Revueltas Pareja,1,31.6,1894.0,11.0,2.0,4.0,0.0,5.0,2.0,9.0,7.0,8.0,2.0,6.0,8.0,1.0,3.0,2.0,0.0,0.0,3.0,4.0,12.0,1.0,43.9,22.2,55.6,88.9,1.0,0.0,2.0,7.2,28.1,16.3,7.1,3.7,0.0,19.3,25.6,
2479718,6,982048,EL PLANTEL GMASB,HOME,2112760,M. Diaz Torres,M. Diaz Torres,0,2.7,164.0,0.0,0.0,2.0,0.0,0.0,0.0,2.0,0.0,0.0,1.0,0.0,1.0,0.0,0.0,0.0,0.0,0.0,0.0,1.0,0.0,1.0,0.0,0.0,0.0,0.0,0.0,0.0,0.0,42.3,0.0,23.9,0.0,0.0,0.0,0.0,38.6,
2479718,6,982048,EL PLANTEL GMASB,HOME,2232865,M. Sanchez Valenzuela,M. Sanchez Valenzuela,1,33.2,1995.0,12.0,3.0,4.0,2.0,4.0,5.0,8.0,0.0,0.0,0.0,0.0,0.0,1.0,1.0,2.0,0.0,0.0,2.0,1.0,10.0,-6.0,75.0,75.0,50.0,0.0,1.5,1.5,0.0,0.0,0.0,0.0,9.1,3.5,0.0,11.1,14.1,
2479718,6,982048,EL PLANTEL GMASB,HOME,1111828,L. Fernandez Fiel,L. Fernandez Fiel,1,26.8,1608.0,10.0,2.0,6.0,1.0,5.0,3.0,11.0,3.0,4.0,0.0,3.0,3.0,0.0,1.0,2.0,0.0,0.0,0.0,3.0,8.0,-8.0,39.2,31.8,45.5,36.4,0.7,0.6,1.3,0.0,16.6,7.2,0.0,4.3,0.0,7.3,26.8,
2479718,6,982048,EL PLANTEL GMASB,HOME,2419277,A. Cisse Barragan,A. Cisse Barragan,0,4.9,296.0,0.0,0.0,0.0,0.0,0.0,0.0,0.0,0.0,0.0,0.0,0.0,0.0,0.0,1.0,0.0,0.0,0.0,1.0,0.0,-2.0,-8.0,0.0,0.0,0.0,0.0,0.0,0.0,0.0,0.0,0.0,0.0,0.0,0.0,0.0,100.0,10.6,
2479718,6,982048,EL PLANTEL GMASB,HOME,1080472,P. Benet Edo,P. Benet Edo,0,19.2,1150.0,6.0,1.0,2.0,1.0,5.0,2.0,7.0,1.0,1.0,0.0,3.0,3.0,3.0,1.0,0.0,0.0,0.0,1.0,1.0,6.0,-4.0,40.3,35.7,71.4,14.3,1.0,0.6,1.0,0.0,23.1,10.1,37.5,0.0,0.0,11.8,22.9,
2479718,6,982048,EL PLANTEL GMASB,HOME,2202075,M. Garcia Garrido,M. Garcia Garrido,0,18.1,1084.0,9.0,0.0,3.0,3.0,5.0,3.0,8.0,0.0,0.0,1.0,1.0,2.0,0.0,0.0,0.0,0.0,0.0,1.0,1.0,6.0,-1.0,56.2,56.2,62.5,0.0,0.0,1.8,0.0,6.3,8.2,7.1,0.0,0.0,0.0,0.0,23.0,
2479718,6,982048,EL PLANTEL GMASB,HOME,2364455,T. Sene,T. Sene,1,14.7,882.0,2.0,1.0,3.0,0.0,0.0,1.0,3.0,0.0,0.0,1.0,2.0,3.0,0.0,0.0,1.0,0.0,0.0,5.0,1.0,0.0,6.0,33.3,33.3,0.0,0.0,0.7,0.0,0.0,7.8,20.2,13.2,0.0,4.0,0.0,0.0,10.6,
2479718,6,979892,C. B. ISLA BONITA,AWAY,1131087,B. Armengol Vall,B. Armengol Vall,1,25.2,1514.0,4.0,0.0,0.0,1.0,3.0,1.0,3.0,1.0,2.0,1.0,3.0,4.0,4.0,2.0,1.0,0.0,0.0,1.0,1.0,8.0,4.0,51.5,50.0,100.0,66.7,0.0,1.0,2.0,5.9,13.6,10.2,29.9,2.2,0.0,34.0,11.8,
2479718,6,979892,C. B. ISLA BONITA,AWAY,1870487,T. Gonzalez Soto,T. Gonzalez Soto,1,18.6,1117.0,6.0,0.0,0.0,2.0,6.0,2.0,6.0,0.0,0.0,0.0,2.0,2.0,2.0,3.0,2.0,0.0,0.0,3.0,1.0,3.0,3.0,50.0,50.0,100.0,0.0,0.0,1.0,0.0,0.0,12.3,6.9,20.0,6.1,0.0,33.3,24.5,
2479718,6,979892,C. B. ISLA BONITA,AWAY,1981139,S. Blanco Guitian,S. Blanco Guitian,0,10.3,620.0,0.0,0.0,0.0,0.0,1.0,0.0,1.0,0.0,0.0,0.0,1.0,1.0,0.0,0.0,0.0,0.0,0.0,1.0,0.0,-1.0,-1.0,0.0,0.0,100.0,0.0,0.0,0.0,0.0,0.0,11.1,6.3,0.0,0.0,0.0,0.0,4.9,
2479718,6,979892,C. B. ISLA BONITA,AWAY,1853281,I. Bautista Villaverde,I. Bautista Villaverde,0,12.1,726.0,10.0,0.0,0.0,3.0,5.0,3.0,5.0,1.0,2.0,0.0,0.0,0.0,0.0,0.0,0.0,0.0,0.0,0.0,2.0,9.0,11.0,85.0,90.0,100.0,40.0,0.0,1.8,1.0,0.0,0.0,0.0,0.0,0.0,0.0,0.0,24.7,
2479718,6,979892,C. B. ISLA BONITA,AWAY,2816643,E. Motekaitytè,E. Motekaitytè,1,24.9,1496.0,9.0,3.0,6.0,1.0,2.0,4.0,8.0,0.0,0.0,4.0,1.0,5.0,0.0,1.0,0.0,0.0,0.0,0.0,5.0,14.0,0.0,56.2,56.2,25.0,0.0,1.0,1.5,0.0,23.8,4.6,13.0,0.0,0.0,0.0,11.1,18.3,
2479718,6,979892,C. B. ISLA BONITA,AWAY,2171960,M. Colom Elosúa,M. Colom Elosúa,1,29.7,1780.0,9.0,4.0,5.0,0.0,5.0,4.0,10.0,1.0,1.0,0.0,4.0,4.0,0.0,2.0,0.0,0.0,0.0,0.0,2.0,7.0,5.0,43.1,40.0,50.0,10.0,1.6,0.0,0.5,0.0,15.4,8.7,0.0,0.0,0.0,16.1,21.3,
2479718,6,979892,C. B. ISLA BONITA,AWAY,2524874,M. Vulovic,M. Vulovic,0,24.2,1450.0,12.0,5.0,13.0,0.0,0.0,5.0,13.0,2.0,2.0,4.0,8.0,12.0,0.0,5.0,0.0,0.0,0.0,3.0,5.0,13.0,-5.0,43.2,38.5,0.0,15.4,0.8,0.0,0.4,24.5,37.8,32.0,0.0,0.0,0.0,26.5,39.6,
2479718,6,979892,C. B. ISLA BONITA,AWAY,1471341,M. Rosales Elejabeita,M. Rosales Elejabeita,1,23.7,1423.0,6.0,2.0,6.0,0.0,0.0,2.0,6.0,2.0,2.0,0.0,7.0,7.0,1.0,1.0,0.0,0.0,0.0,3.0,1.0,7.0,13.0,43.6,33.3,0.0,33.3,0.7,0.0,2.0,0.0,33.8,19.1,8.1,0.0,0.0,12.7,16.9,
2479718,6,979892,C. B. ISLA BONITA,AWAY,1372464,M. Carballo Diaz,M. Carballo Diaz,0,8.7,524.0,0.0,0.0,1.0,0.0,0.0,0.0,1.0,0.0,0.0,0.0,0.0,0.0,2.0,0.0,0.0,0.0,0.0,1.0,0.0,0.0,-6.0,0.0,0.0,0.0,0.0,0.0,0.0,0.0,0.0,0.0,0.0,41.7,0.0,0.0,0.0,5.8,
2479718,6,979892,C. B. ISLA BONITA,AWAY,2816642,N. Cunill Peña,N. Cunill Peña,0,7.2,431.0,2.0,1.0,1.0,0.0,0.0,1.0,1.0,0.0,0.0,0.0,2.0,2.0,0.0,1.0,0.0,0.0,0.0,3.0,1.0,1.0,0.0,100.0,100.0,0.0,0.0,2.0,0.0,0.0,0.0,31.7,17.9,0.0,0.0,0.0,50.0,14.1,
2479718,6,979892,C. B. ISLA BONITA,AWAY,2524609,A. Glomazic,A. Glomazic,0,15.3,919.0,7.0,1.0,1.0,1.0,4.0,2.0,5.0,2.0,2.0,1.0,1.0,2.0,0.0,0.0,0.0,0.0,0.0,1.0,1.0,6.0,-4.0,59.5,50.0,80.0,40.0,2.0,0.8,2.0,9.7,7.5,8.4,0.0,0.0,0.0,0.0,19.5,
2479719,6,981167,SEGLE XXI,HOME,2357207,Z. Ajisebutu Casas,Z. Ajisebutu Casas,0,14.7,883.0,4.0,2.0,3.0,0.0,2.0,2.0,5.0,0.0,0.0,2.0,4.0,6.0,2.0,2.0,1.0,0.0,0.0,4.0,0.0,4.0,27.0,40.0,40.0,40.0,0.0,1.3,0.0,0.0,11.1,30.2,19.2,20.0,3.2,0.0,28.6,17.9,
2479719,6,981167,SEGLE XXI,HOME,2153172,M. Cintas Diaz,M. Cintas Diaz,1,26.6,1599.0,6.0,3.0,6.0,0.0,0.0,3.0,6.0,0.0,0.0,1.0,1.0,2.0,0.0,5.0,1.0,0.0,1.0,1.0,2.0,2.0,5.0,50.0,50.0,0.0,0.0,1.0,0.0,0.0,3.1,4.2,3.5,0.0,1.8,0.0,45.5,15.6,
2479719,6,981167,SEGLE XXI,HOME,2289362,D. Garcia Dominguez,D. Garcia Dominguez,0,16.9,1015.0,13.0,3.0,6.0,2.0,5.0,5.0,11.0,1.0,3.0,2.0,2.0,4.0,5.0,2.0,2.0,0.0,0.0,4.0,3.0,13.0,11.0,52.8,54.5,45.5,27.3,1.0,1.2,1.0,9.7,13.1,11.1,71.4,5.6,0.0,14.0,31.9,
2479719,6,981167,SEGLE XXI,HOME,2320695,A. Plans Bellavista,A. Plans Bellavista,0,17.1,1029.0,9.0,2.0,6.0,1.0,4.0,3.0,10.0,2.0,2.0,1.0,0.0,1.0,1.0,1.0,3.0,0.0,0.0,2.0,2.0,6.0,19.0,41.4,35.0,40.0,20.0,0.7,0.8,1.0,4.8,0.0,2.8,11.1,8.4,0.0,8.4,26.2,
2479719,6,981167,SEGLE XXI,HOME,2448425,N. Cordón Elizarán,N. Cordón Elizarán,0,6.6,396.0,5.0,1.0,1.0,0.0,0.0,1.0,1.0,3.0,4.0,1.0,2.0,3.0,1.0,0.0,0.0,0.0,0.0,0.0,2.0,10.0,14.0,90.6,100.0,0.0,400.0,2.0,0.0,2.0,12.4,33.7,21.4,20.0,0.0,0.0,0.0,15.8,
2479719,6,981167,SEGLE XXI,HOME,2528757,I. Garcia Fernandez,I. Garcia Fernandez,1,17.7,1060.0,6.0,3.0,6.0,0.0,0.0,3.0,6.0,0.0,2.0,3.0,3.0,6.0,1.0,0.0,2.0,0.0,0.0,2.0,2.0,10.0,-12.0,43.6,50.0,0.0,33.3,1.0,0.0,1.0,13.8,18.8,16.0,11.1,5.4,0.0,0.0,14.7,
2479719,6,981167,SEGLE XXI,HOME,2244483,S. Nde Akawung,S. Nde Akawung,1,20.9,1255.0,4.0,2.0,6.0,0.0,2.0,2.0,8.0,0.0,0.0,3.0,3.0,6.0,1.0,1.0,1.0,0.0,0.0,2.0,3.0,6.0,14.0,25.0,25.0,25.0,0.0,0.7,0.0,0.0,11.7,15.9,13.5,7.7,2.3,0.0,11.1,16.2,
2479719,6,981167,SEGLE XXI,HOME,2196865,M. Carbó Medina,M. Carbó Medina,1,19.4,1164.0,13.0,2.0,6.0,2.0,5.0,4.0,11.0,3.0,4.0,1.0,1.0,2.0,0.0,2.0,2.0,0.0,0.0,3.0,3.0,7.0,1.0,50.9,45.5,45.5,36.4,0.7,1.2,1.3,4.2,5.7,4.9,0.0,4.9,0.0,13.6,28.7,
2479719,6,981167,SEGLE XXI,HOME,2528756,M. Zarzuelo Oroz,M. Zarzuelo Oroz,0,6.9,413.0,3.0,0.0,0.0,1.0,1.0,1.0,1.0,0.0,0.0,0.0,0.0,0.0,1.0,1.0,0.0,0.0,0.0,0.0,0.0,3.0,-4.0,150.0,150.0,100.0,0.0,0.0,3.0,0.0,0.0,0.0,0.0,20.0,0.0,0.0,50.0,10.9,
2479719,6,981167,SEGLE XXI,HOME,2639399,S. Okafor Ofoegbu,S. Okafor Ofoegbu,1,19.4,1166.0,12.0,1.0,3.0,2.0,6.0,3.0,9.0,4.0,4.0,0.0,3.0,3.0,1.0,1.0,1.0,0.0,0.0,1.0,3.0,12.0,3.0,55.8,44.4,66.7,44.4,0.7,1.0,1.3,0.0,17.2,7.3,8.3,2.5,0.0,8.5,22.8,
2479719,6,981167,SEGLE XXI,HOME,2229661,B. Asensio Senosiáin,B. Asensio Senosiáin,0,14.0,841.0,0.0,0.0,2.0,0.0,2.0,0.0,4.0,0.0,0.0,0.0,7.0,7.0,0.0,0.0,1.0,0.0,0.0,3.0,0.0,1.0,-3.0,0.0,0.0,50.0,0.0,0.0,0.0,0.0,0.0,55.6,23.5,0.0,3.4,0.0,0.0,10.8,
2479719,6,981167,SEGLE XXI,HOME,2461439,A. Smykovskaia,A. Smykovskaia,0,19.6,1179.0,9.0,3.0,8.0,0.0,0.0,3.0,8.0,3.0,4.0,8.0,7.0,15.0,3.0,1.0,0.0,0.0,0.0,1.0,2.0,21.0,25.0,46.1,37.5,0.0,50.0,0.8,0.0,2.0,33.3,39.7,36.0,25.0,0.0,0.0,9.3,20.7,
2479719,6,981304,DISHELEC 65 VILADECANS,AWAY,2050407,L. Sanchez Garcia,L. Sanchez Garcia,1,29.1,1746.0,11.0,4.0,8.0,1.0,1.0,5.0,9.0,0.0,1.0,0.0,6.0,6.0,1.0,4.0,0.0,0.0,0.0,3.0,2.0,8.0,-12.0,58.3,61.1,11.1,11.1,1.0,3.0,0.5,0.0,16.8,9.7,8.5,0.0,0.0,29.8,21.3,
2479719,6,981304,DISHELEC 65 VILADECANS,AWAY,1910113,L. Anducas Rodon,L. Anducas Rodon,0,19.0,1141.0,3.0,1.0,4.0,0.0,1.0,1.0,5.0,1.0,7.0,1.0,2.0,3.0,0.0,4.0,1.0,0.0,0.0,3.0,7.0,-3.0,-4.0,18.6,20.0,20.0,140.0,0.5,0.0,1.0,5.8,8.6,7.4,0.0,2.5,0.0,33.1,29.3,
2479719,6,981304,DISHELEC 65 VILADECANS,AWAY,1727776,P. Curto Garcia,P. Curto Garcia,1,28.9,1737.0,11.0,2.0,4.0,1.0,4.0,3.0,8.0,4.0,5.0,1.0,5.0,6.0,2.0,3.0,1.0,1.0,0.0,2.0,4.0,14.0,-22.0,53.9,43.8,50.0,62.5,1.0,0.8,1.2,3.8,14.1,9.8,14.5,1.6,2.6,22.7,21.0,
2479719,6,981304,DISHELEC 65 VILADECANS,AWAY,1398200,J. Turrion Aranda,J. Turrion Aranda,1,23.8,1429.0,12.0,1.0,3.0,3.0,9.0,4.0,12.0,1.0,1.0,1.0,3.0,4.0,3.0,2.0,3.0,0.0,0.0,3.0,4.0,13.0,-11.0,48.2,45.8,75.0,8.3,0.7,1.0,0.2,4.7,10.3,7.9,28.8,6.0,0.0,13.9,28.0,
2479719,6,981304,DISHELEC 65 VILADECANS,AWAY,2322360,A. Torne Labarta,A. Torne Labarta,0,17.7,1063.0,4.0,2.0,2.0,0.0,1.0,2.0,3.0,0.0,0.0,0.0,4.0,4.0,0.0,2.0,0.0,0.0,0.0,2.0,0.0,3.0,-14.0,66.7,66.7,33.3,0.0,2.0,0.0,0.0,0.0,18.4,10.6,0.0,0.0,0.0,40.0,13.0,
2479719,6,981304,DISHELEC 65 VILADECANS,AWAY,2146979,N. Sanchez Marques,N. Sanchez Marques,0,22.9,1375.0,10.0,4.0,5.0,0.0,2.0,4.0,7.0,2.0,3.0,0.0,3.0,3.0,4.0,2.0,0.0,0.0,0.0,3.0,4.0,12.0,-21.0,60.1,57.1,28.6,42.9,1.6,0.0,0.8,0.0,10.7,6.2,38.5,0.0,0.0,19.4,20.8,
2479719,6,981304,DISHELEC 65 VILADECANS,AWAY,1956668,M. Ribera Sanuy,M. Ribera Sanuy,1,18.9,1134.0,2.0,1.0,6.0,0.0,0.0,1.0,6.0,0.0,0.0,0.0,1.0,1.0,0.0,1.0,2.0,0.0,0.0,2.0,0.0,-3.0,-1.0,16.7,16.7,0.0,0.0,0.3,0.0,0.0,0.0,4.3,2.5,0.0,5.0,0.0,14.3,17.1,
2479719,6,981304,DISHELEC 65 VILADECANS,AWAY,1663009,Q. Ubia Llunell,Q. Ubia Llunell,1,28.9,1736.0,11.0,2.0,3.0,2.0,4.0,4.0,7.0,1.0,3.0,0.0,3.0,3.0,1.0,2.0,1.0,0.0,0.0,3.0,2.0,8.0,-15.0,66.1,71.4,57.1,42.9,1.3,1.5,1.5,0.0,8.5,4.9,7.8,1.6,0.0,19.4,16.5,
2479719,6,981304,DISHELEC 65 VILADECANS,AWAY,2240210,A. Alcantara Ros,A. Alcantara Ros,0,1.3,77.0,0.0,0.0,0.0,0.0,0.0,0.0,0.0,0.0,0.0,0.0,0.0,0.0,0.0,0.0,0.0,0.0,0.0,0.0,0.0,0.0,3.0,0.0,0.0,0.0,0.0,0.0,0.0,0.0,0.0,0.0,0.0,0.0,0.0,0.0,0.0,0.0,
2479719,6,981304,DISHELEC 65 VILADECANS,AWAY,2396917,D. Cañizares Herrera,D. Cañizares Herrera,0,1.3,77.0,0.0,0.0,0.0,0.0,0.0,0.0,0.0,0.0,0.0,0.0,0.0,0.0,0.0,0.0,0.0,0.0,0.0,0.0,0.0,0.0,3.0,0.0,0.0,0.0,0.0,0.0,0.0,0.0,0.0,0.0,0.0,0.0,0.0,0.0,0.0,0.0,
2479719,6,981304,DISHELEC 65 VILADECANS,AWAY,2056456,N. Soler Ramos,N. Soler Ramos,0,8.1,485.0,0.0,0.0,0.0,0.0,0.0,0.0,0.0,0.0,0.0,0.0,0.0,0.0,0.0,1.0,0.0,0.0,0.0,1.0,0.0,-2.0,-6.0,0.0,0.0,0.0,0.0,0.0,0.0,0.0,0.0,0.0,0.0,0.0,0.0,0.0,100.0,5.7,
2479720,6,979775,BASKET ALMEDA,HOME,1929994,M. Garcia Menéndez,M. Garcia Menéndez,0,11.8,710.0,2.0,1.0,2.0,0.0,0.0,1.0,2.0,0.0,0.0,1.0,2.0,3.0,0.0,3.0,0.0,0.0,0.0,3.0,1.0,-1.0,-1.0,50.0,50.0,0.0,0.0,1.0,0.0,0.0,8.1,15.4,11.8,0.0,0.0,0.0,60.0,17.7,
2479720,6,979775,BASKET ALMEDA,HOME,1893303,L. Tierno Martí,L. Tierno Martí,1,24.1,1443.0,2.0,0.0,1.0,0.0,2.0,0.0,3.0,2.0,4.0,0.0,3.0,3.0,0.0,0.0,1.0,0.0,0.0,3.0,3.0,1.0,-9.0,21.0,0.0,66.7,133.3,0.0,0.0,1.3,0.0,11.3,5.8,0.0,2.1,0.0,0.0,8.2,
2479720,6,979775,BASKET ALMEDA,HOME,1398197,C. Tapia Palacio,C. Tapia Palacio,0,13.9,834.0,0.0,0.0,1.0,0.0,0.0,0.0,1.0,0.0,0.0,1.0,3.0,4.0,2.0,1.0,0.0,0.0,0.0,1.0,1.0,4.0,-2.0,0.0,0.0,0.0,0.0,0.0,0.0,0.0,6.9,19.6,13.4,30.3,0.0,0.0,50.0,6.0,
2479720,6,979775,BASKET ALMEDA,HOME,1737538,C. Pujol Martinez,C. Pujol Martinez,1,34.0,2041.0,8.0,4.0,11.0,0.0,3.0,4.0,14.0,0.0,0.0,3.0,5.0,8.0,4.0,2.0,1.0,0.0,0.0,3.0,2.0,8.0,-3.0,28.6,28.6,21.4,0.0,0.7,0.0,0.0,8.4,13.4,10.9,29.4,1.5,0.0,12.5,19.6,
2479720,6,979775,BASKET ALMEDA,HOME,2157230,L. Jove Fuste,L. Jove Fuste,0,14.1,848.0,3.0,0.0,1.0,1.0,4.0,1.0,5.0,0.0,0.0,0.0,1.0,1.0,0.0,0.0,0.0,0.0,0.0,2.0,1.0,-1.0,8.0,30.0,30.0,80.0,0.0,0.0,0.8,0.0,0.0,6.4,3.3,0.0,0.0,0.0,0.0,14.8,
2479720,6,979775,BASKET ALMEDA,HOME,1923707,C. Diaz-Guerra Prats,C. Diaz-Guerra Prats,1,31.8,1908.0,22.0,7.0,17.0,1.0,6.0,8.0,23.0,5.0,8.0,3.0,2.0,5.0,5.0,3.0,2.0,0.0,1.0,2.0,6.0,17.0,3.0,41.5,37.0,26.1,34.8,0.8,0.5,1.3,9.0,5.7,7.3,52.1,3.2,0.0,10.2,38.7,
2479720,6,979775,BASKET ALMEDA,HOME,2053836,C. Moreno Mengibar,C. Moreno Mengibar,1,21.6,1297.0,3.0,1.0,4.0,0.0,0.0,1.0,4.0,1.0,2.0,3.0,3.0,6.0,0.0,0.0,0.0,0.0,0.0,4.0,1.0,2.0,-6.0,30.7,25.0,0.0,50.0,0.5,0.0,2.0,13.2,12.6,12.9,0.0,0.0,0.0,0.0,9.4,
2479720,6,979775,BASKET ALMEDA,HOME,2054903,A. Cojocariu,A. Cojocariu,1,24.3,1457.0,9.0,1.0,2.0,2.0,9.0,3.0,11.0,1.0,2.0,2.0,4.0,6.0,1.0,1.0,3.0,0.0,0.0,3.0,1.0,7.0,-11.0,37.9,36.4,81.8,18.2,1.0,0.7,2.0,7.8,15.0,11.5,9.8,6.2,0.0,7.8,22.1,
2479720,6,979775,BASKET ALMEDA,HOME,2147731,D. Peris Fons,D. Peris Fons,0,18.4,1103.0,9.0,3.0,5.0,0.0,0.0,3.0,5.0,3.0,7.0,2.0,3.0,5.0,0.0,5.0,1.0,1.0,0.0,1.0,5.0,9.0,2.0,55.7,60.0,0.0,140.0,1.2,0.0,1.4,10.4,14.8,12.6,0.0,2.7,4.3,38.2,29.6,
2479720,6,979775,BASKET ALMEDA,HOME,2440587,M. Coll-Vinent Olle,M. Coll-Vinent Olle,0,6.0,359.0,2.0,1.0,2.0,0.0,0.0,1.0,2.0,0.0,2.0,0.0,0.0,0.0,0.0,0.0,0.0,0.0,0.0,2.0,1.0,-2.0,-1.0,34.7,50.0,0.0,100.0,1.0,0.0,2.0,0.0,0.0,0.0,0.0,0.0,0.0,0.0,20.0,
2479720,6,981229,SPAR GRAN CANARIA,AWAY,2203305,L. Perez Castro,L. Perez Castro,1,35.8,2149.0,2.0,1.0,3.0,0.0,2.0,1.0,5.0,0.0,0.0,2.0,0.0,2.0,0.0,2.0,2.0,0.0,0.0,2.0,1.0,-1.0,7.0,20.0,20.0,40.0,0.0,0.7,0.0,0.0,5.1,0.0,2.6,0.0,2.8,0.0,28.6,8.0,
2479720,6,981229,SPAR GRAN CANARIA,AWAY,2288451,A. Hernandez Martinez,A. Hernandez Martinez,0,4.4,262.0,0.0,0.0,0.0,0.0,0.0,0.0,0.0,0.0,0.0,0.0,0.0,0.0,0.0,0.0,1.0,0.0,0.0,0.0,1.0,2.0,-4.0,0.0,0.0,0.0,0.0,0.0,0.0,0.0,0.0,0.0,0.0,0.0,11.2,0.0,0.0,0.0,
2479720,6,981229,SPAR GRAN CANARIA,AWAY,2494285,A. Mbengue Sánchez,A. Mbengue Sánchez,0,23.9,1433.0,6.0,3.0,6.0,0.0,0.0,3.0,6.0,0.0,0.0,1.0,2.0,3.0,0.0,2.0,1.0,0.0,0.0,3.0,0.0,2.0,-5.0,50.0,50.0,0.0,0.0,1.0,0.0,0.0,3.8,8.0,5.8,0.0,2.1,0.0,25.0,13.8,
2479720,6,981229,SPAR GRAN CANARIA,AWAY,2251955,M. Ocurto Mendes,M. Ocurto Mendes,1,33.9,2035.0,3.0,1.0,3.0,0.0,10.0,1.0,13.0,1.0,2.0,1.0,4.0,5.0,6.0,2.0,0.0,0.0,0.0,2.0,3.0,0.0,3.0,10.8,7.7,76.9,15.4,0.7,0.0,0.7,2.7,11.2,6.9,33.0,0.0,0.0,12.6,19.3,
2479720,6,981229,SPAR GRAN CANARIA,AWAY,2292843,M. Rodríguez Sánchez,M. Rodríguez Sánchez,0,7.2,432.0,2.0,1.0,1.0,0.0,1.0,1.0,2.0,0.0,0.0,0.0,1.0,1.0,2.0,1.0,2.0,0.0,0.0,4.0,0.0,1.0,5.0,50.0,50.0,50.0,0.0,2.0,0.0,0.0,0.0,13.2,6.5,52.6,13.7,0.0,33.3,17.1,
2479720,6,981229,SPAR GRAN CANARIA,AWAY,2352279,T. Ezeanatogu Ezeonu,T. Ezeanatogu Ezeonu,1,19.8,1186.0,2.0,1.0,3.0,0.0,0.0,1.0,3.0,0.0,0.0,0.0,2.0,2.0,0.0,2.0,0.0,0.0,0.0,5.0,0.0,-5.0,4.0,33.3,33.3,0.0,0.0,0.7,0.0,0.0,0.0,9.6,4.7,0.0,0.0,0.0,40.0,10.4,
2479720,6,981229,SPAR GRAN CANARIA,AWAY,2647608,M. Doumbia,M. Doumbia,1,40.0,2400.0,30.0,8.0,19.0,2.0,7.0,10.0,26.0,8.0,13.0,5.0,7.0,12.0,2.0,2.0,1.0,1.0,1.0,3.0,8.0,28.0,4.0,47.3,42.3,26.9,50.0,0.8,0.9,1.6,11.4,16.7,14.0,14.3,1.2,2.2,5.9,34.6,
2479720,6,981229,SPAR GRAN CANARIA,AWAY,2643570,L. Toure,L. Toure,1,35.0,2103.0,19.0,7.0,16.0,0.0,0.0,7.0,16.0,5.0,13.0,9.0,11.0,20.0,2.0,3.0,0.0,0.0,0.0,3.0,10.0,28.0,6.0,43.7,43.8,0.0,81.2,0.9,0.0,1.3,23.4,29.9,26.6,13.7,0.0,0.0,12.1,29.0,
2479721,6,981212,ELSAMEX CB ANDRATX,HOME,2553411,N. Jeng,N. Jeng,1,18.6,1116.0,4.0,1.0,3.0,0.0,0.0,1.0,3.0,2.0,2.0,1.0,2.0,3.0,1.0,2.0,0.0,0.0,1.0,4.0,1.0,1.0,-1.0,51.5,33.3,0.0,66.7,0.7,0.0,2.0,6.1,15.4,10.2,8.3,0.0,0.0,34.0,15.2,
2479721,6,981212,ELSAMEX CB ANDRATX,HOME,1461086,P. Comella Pons,P. Comella Pons,1,37.8,2267.0,22.0,2.0,4.0,6.0,13.0,8.0,17.0,0.0,0.0,0.0,4.0,4.0,6.0,1.0,1.0,0.0,1.0,3.0,2.0,22.0,-15.0,64.7,64.7,76.5,0.0,1.0,1.4,0.0,0.0,15.1,6.7,39.0,1.4,0.0,5.6,22.9,
2479721,6,981212,ELSAMEX CB ANDRATX,HOME,2036170,A. Peregrina Garcia,A. Peregrina Garcia,1,34.0,2038.0,25.0,5.0,9.0,4.0,10.0,9.0,19.0,3.0,5.0,0.0,6.0,6.0,2.0,4.0,0.0,0.0,1.0,1.0,8.0,24.0,-12.0,59.0,57.9,52.6,26.3,1.1,1.2,0.6,0.0,25.2,11.2,16.9,0.0,0.0,15.9,35.7,
2479721,6,981212,ELSAMEX CB ANDRATX,HOME,2820516,L. Stenta,L. Stenta,0,5.2,313.0,5.0,1.0,2.0,1.0,1.0,2.0,3.0,0.0,0.0,0.0,0.0,0.0,0.0,0.0,0.0,0.0,0.0,1.0,0.0,3.0,-3.0,83.3,83.3,33.3,0.0,1.0,3.0,0.0,0.0,0.0,0.0,0.0,0.0,0.0,0.0,27.8,
2479721,6,981212,ELSAMEX CB ANDRATX,HOME,1762758,P. Charro Och,P. Charro Och,0,11.3,679.0,0.0,0.0,0.0,0.0,4.0,0.0,4.0,0.0,0.0,0.0,0.0,0.0,1.0,0.0,1.0,0.0,0.0,1.0,0.0,-3.0,-2.0,0.0,0.0,100.0,0.0,0.0,0.0,0.0,0.0,0.0,0.0,12.8,4.8,0.0,0.0,17.1,
2479721,6,981212,ELSAMEX CB ANDRATX,HOME,1579078,H. Condom Rosell,H. Condom Rosell,0,24.3,1458.0,6.0,2.0,7.0,0.0,0.0,2.0,7.0,2.0,4.0,1.0,0.0,1.0,2.0,2.0,0.0,0.0,0.0,3.0,2.0,-1.0,-14.0,34.2,28.6,0.0,57.1,0.6,0.0,2.0,4.7,0.0,2.6,14.7,0.0,0.0,18.6,21.3,
2479721,6,981212,ELSAMEX CB ANDRATX,HOME,2148958,M. López Martí,M. López Martí,0,15.2,913.0,0.0,0.0,2.0,0.0,0.0,0.0,2.0,0.0,0.0,1.0,0.0,1.0,2.0,0.0,2.0,0.0,1.0,1.0,0.0,2.0,-10.0,0.0,0.0,0.0,0.0,0.0,0.0,0.0,7.5,0.0,4.2,19.2,7.2,0.0,0.0,6.3,
2479721,6,981212,ELSAMEX CB ANDRATX,HOME,2276474,L. García Rivera,L. García Rivera,0,11.4,686.0,0.0,0.0,0.0,0.0,1.0,0.0,1.0,0.0,0.0,0.0,0.0,0.0,1.0,1.0,1.0,0.0,0.0,0.0,0.0,0.0,-14.0,0.0,0.0,100.0,0.0,0.0,0.0,0.0,0.0,0.0,0.0,12.8,4.8,0.0,50.0,8.5,
2479721,6,981212,ELSAMEX CB ANDRATX,HOME,2043611,J. Ballester Manque,J. Ballester Manque,1,20.7,1241.0,9.0,3.0,7.0,0.0,0.0,3.0,7.0,3.0,3.0,1.0,2.0,3.0,0.0,0.0,0.0,0.0,0.0,1.0,2.0,9.0,5.0,54.1,42.9,0.0,42.9,0.9,0.0,1.5,5.5,13.8,9.2,0.0,0.0,0.0,0.0,19.4,
2479721,6,981212,ELSAMEX CB ANDRATX,HOME,2294809,P. Sans Cantallops,P. Sans Cantallops,1,20.1,1203.0,2.0,1.0,1.0,0.0,1.0,1.0,2.0,0.0,0.0,1.0,5.0,6.0,0.0,1.0,0.0,0.0,0.0,4.0,1.0,3.0,0.0,50.0,50.0,50.0,0.0,2.0,0.0,0.0,5.7,35.5,19.0,0.0,0.0,0.0,33.3,7.2,
2479721,6,981212,ELSAMEX CB ANDRATX,HOME,2113013,B. Marroig Padilla,B. Marroig Padilla,0,1.4,86.0,2.0,0.0,0.0,0.0,0.0,0.0,0.0,2.0,2.0,0.0,1.0,1.0,0.0,0.0,0.0,0.0,0.0,0.0,1.0,4.0,6.0,113.6,0.0,0.0,0.0,0.0,0.0,2.0,0.0,102.0,45.4,0.0,0.0,0.0,0.0,30.3,
2479721,6,979778,MAGEC TÍAS LANZAROTE CONTRA LA VIOLENCIA DE GÉNERO,AWAY,1100445,Y. Garcia Gonzalez,Y. Garcia Gonzalez,1,36.4,2183.0,23.0,9.0,12.0,0.0,0.0,9.0,12.0,5.0,7.0,4.0,7.0,11.0,4.0,2.0,1.0,2.0,0.0,1.0,5.0,38.0,4.0,76.3,75.0,0.0,58.3,1.5,0.0,1.4,15.7,22.0,19.2,22.2,1.4,6.3,11.7,23.1,
2479721,6,979778,MAGEC TÍAS LANZAROTE CONTRA LA VIOLENCIA DE GÉNERO,AWAY,1450205,A. Rodriguez Guerra,A. Rodriguez Guerra,0,3.3,199.0,3.0,0.0,0.0,1.0,3.0,1.0,3.0,0.0,0.0,0.0,0.0,0.0,0.0,0.0,0.0,0.0,0.0,1.0,0.0,0.0,-6.0,50.0,50.0,100.0,0.0,0.0,1.0,0.0,0.0,0.0,0.0,0.0,0.0,0.0,0.0,44.8,
2479721,6,979778,MAGEC TÍAS LANZAROTE CONTRA LA VIOLENCIA DE GÉNERO,AWAY,1995747,S. Hisado Santos,S. Hisado Santos,1,31.5,1891.0,2.0,1.0,2.0,0.0,2.0,1.0,4.0,0.0,0.0,0.0,4.0,4.0,4.0,1.0,0.0,0.0,0.0,1.0,3.0,8.0,15.0,25.0,25.0,50.0,0.0,1.0,0.0,0.0,0.0,14.5,8.1,17.4,0.0,0.0,20.0,7.8,
2479721,6,979778,MAGEC TÍAS LANZAROTE CONTRA LA VIOLENCIA DE GÉNERO,AWAY,1695414,C. Mateo Cañada,C. Mateo Cañada,1,30.3,1817.0,5.0,0.0,4.0,1.0,5.0,1.0,9.0,2.0,2.0,0.0,1.0,1.0,4.0,2.0,1.0,1.0,0.0,3.0,1.0,0.0,10.0,25.3,16.7,55.6,22.2,0.0,0.6,2.0,0.0,3.8,2.1,17.4,1.7,3.8,16.8,19.3,
2479721,6,979778,MAGEC TÍAS LANZAROTE CONTRA LA VIOLENCIA DE GÉNERO,AWAY,2824664,B. Snorradottir,B. Snorradottir,0,19.1,1147.0,19.0,4.0,4.0,2.0,3.0,6.0,7.0,5.0,5.0,2.0,1.0,3.0,0.0,1.0,1.0,0.0,0.0,4.0,3.0,20.0,17.0,103.3,100.0,42.9,71.4,2.0,2.0,1.7,15.0,6.0,10.0,0.0,2.7,0.0,9.8,26.3,
2479721,6,979778,MAGEC TÍAS LANZAROTE CONTRA LA VIOLENCIA DE GÉNERO,AWAY,2524794,M. Marinho Junqueira,M. Marinho Junqueira,1,37.5,2249.0,13.0,3.0,8.0,1.0,4.0,4.0,12.0,4.0,4.0,0.0,12.0,12.0,6.0,3.0,2.0,1.0,0.0,1.0,3.0,25.0,10.0,47.2,37.5,33.3,33.3,0.8,0.8,1.3,0.0,36.6,20.3,26.1,2.7,3.0,17.9,22.0,
2479721,6,979778,MAGEC TÍAS LANZAROTE CONTRA LA VIOLENCIA DE GÉNERO,AWAY,2379074,N. Zabala Gabilondo,N. Zabala Gabilondo,1,23.0,1379.0,16.0,4.0,6.0,2.0,3.0,6.0,9.0,2.0,3.0,1.0,3.0,4.0,1.0,0.0,1.0,0.0,0.0,4.0,2.0,16.0,18.0,77.5,77.8,33.3,33.3,1.3,2.0,1.5,6.2,14.9,11.0,8.3,2.2,0.0,0.0,22.1,
2479721,6,979778,MAGEC TÍAS LANZAROTE CONTRA LA VIOLENCIA DE GÉNERO,AWAY,1373989,N. Bermúdez Martín,N. Bermúdez Martín,0,1.4,86.0,0.0,0.0,0.0,0.0,0.0,0.0,0.0,0.0,0.0,0.0,0.0,0.0,0.0,0.0,0.0,0.0,0.0,0.0,0.0,0.0,-6.0,0.0,0.0,0.0,0.0,0.0,0.0,0.0,0.0,0.0,0.0,0.0,0.0,0.0,0.0,0.0,
2479721,6,979778,MAGEC TÍAS LANZAROTE CONTRA LA VIOLENCIA DE GÉNERO,AWAY,2178381,E. Lozano Sosa,E. Lozano Sosa,0,17.5,1049.0,6.0,1.0,2.0,1.0,2.0,2.0,4.0,1.0,2.0,1.0,2.0,3.0,1.0,2.0,0.0,0.0,0.0,2.0,2.0,5.0,-2.0,61.5,62.5,50.0,50.0,1.0,1.5,1.0,8.2,13.1,10.9,10.0,0.0,0.0,29.1,19.4,
2479722,6,981414,HIERROS DÍAZ EXTREMADURA MIRALVALLE,HOME,1707378,M. Pérez Castro,M. Pérez Castro,1,19.1,1149.0,9.0,2.0,4.0,1.0,3.0,3.0,7.0,2.0,4.0,0.0,3.0,3.0,1.0,2.0,1.0,0.0,0.0,2.0,3.0,7.0,1.0,51.4,50.0,42.9,57.1,1.0,1.0,1.3,0.0,16.1,8.2,11.8,2.5,0.0,18.6,25.7,
2479722,6,981414,HIERROS DÍAZ EXTREMADURA MIRALVALLE,HOME,2818302,V. Michel,V. Michel,1,23.4,1401.0,4.0,2.0,6.0,0.0,0.0,2.0,6.0,0.0,0.0,1.0,4.0,5.0,1.0,1.0,2.0,0.0,0.0,4.0,0.0,3.0,3.0,33.3,33.3,0.0,0.0,0.7,0.0,0.0,4.5,17.5,11.1,8.5,4.1,0.0,14.3,13.6,
2479722,6,981414,HIERROS DÍAZ EXTREMADURA MIRALVALLE,HOME,2734458,L. Navas Castro,L. Navas Castro,0,25.8,1550.0,10.0,4.0,10.0,0.0,4.0,4.0,14.0,2.0,2.0,2.0,3.0,5.0,0.0,3.0,3.0,0.0,0.0,2.0,1.0,4.0,15.0,33.6,28.6,28.6,14.3,0.8,0.0,2.0,8.2,11.9,10.1,0.0,5.6,0.0,16.8,31.6,
2479722,6,981414,HIERROS DÍAZ EXTREMADURA MIRALVALLE,HOME,1724925,M. Romero Garrido,M. Romero Garrido,1,34.5,2071.0,15.0,0.0,5.0,4.0,7.0,4.0,12.0,3.0,3.0,1.0,1.0,2.0,0.0,3.0,3.0,0.0,0.0,3.0,2.0,8.0,11.0,56.3,50.0,58.3,25.0,0.0,1.7,1.5,3.1,3.0,3.0,0.0,4.2,0.0,18.4,21.6,
2479722,6,981414,HIERROS DÍAZ EXTREMADURA MIRALVALLE,HOME,2566363,P. Laurenson Cheynel,P. Laurenson Cheynel,1,32.6,1957.0,11.0,5.0,11.0,0.0,2.0,5.0,13.0,1.0,2.0,1.0,1.0,2.0,3.0,1.0,3.0,0.0,1.0,4.0,2.0,7.0,12.0,39.6,38.5,15.4,15.4,0.9,0.0,1.0,3.2,3.1,3.2,22.4,4.4,0.0,6.7,20.8,
2479722,6,981414,HIERROS DÍAZ EXTREMADURA MIRALVALLE,HOME,2845561,S. Brown,S. Brown,1,23.1,1384.0,6.0,1.0,2.0,1.0,4.0,2.0,6.0,1.0,2.0,1.0,8.0,9.0,0.0,1.0,1.0,0.0,0.0,1.0,2.0,11.0,9.0,43.6,41.7,66.7,33.3,1.0,0.8,1.0,4.6,35.5,20.2,0.0,2.1,0.0,12.7,15.5,
2479722,6,981414,HIERROS DÍAZ EXTREMADURA MIRALVALLE,HOME,1984467,G. Lopez Cuesta,G. Lopez Cuesta,0,9.5,570.0,2.0,1.0,1.0,0.0,0.0,1.0,1.0,0.0,0.0,1.0,1.0,2.0,0.0,0.0,0.0,0.0,0.0,5.0,0.0,-1.0,6.0,100.0,100.0,0.0,0.0,2.0,0.0,0.0,11.1,10.8,10.9,0.0,0.0,0.0,0.0,4.8,
2479722,6,981414,HIERROS DÍAZ EXTREMADURA MIRALVALLE,HOME,1529427,C. Lazaro Hernandez,C. Lazaro Hernandez,0,32.0,1918.0,11.0,1.0,3.0,1.0,6.0,2.0,9.0,6.0,7.0,3.0,7.0,10.0,1.0,0.0,3.0,0.0,0.0,2.0,7.0,22.0,13.0,45.5,27.8,66.7,77.8,0.7,0.5,1.0,9.9,22.4,16.2,6.1,4.5,0.0,0.0,17.2,
2479722,6,981209,CB CLARET BENIMACLET,AWAY,2557107,I. Serrano Alvarez,I. Serrano Alvarez,0,14.2,850.0,3.0,0.0,1.0,0.0,1.0,0.0,2.0,3.0,6.0,2.0,7.0,9.0,2.0,2.0,1.0,0.0,0.0,0.0,4.0,12.0,-3.0,32.3,0.0,50.0,300.0,0.0,0.0,1.5,14.4,51.9,32.9,26.3,3.6,0.0,30.1,19.9,
2479722,6,981209,CB CLARET BENIMACLET,AWAY,1886112,S. Afonso Gonzalez,S. Afonso Gonzalez,1,28.4,1702.0,12.0,3.0,9.0,2.0,8.0,5.0,17.0,0.0,0.0,2.0,4.0,6.0,0.0,6.0,2.0,1.0,0.0,3.0,1.0,1.0,-23.0,35.3,35.3,47.1,0.0,0.7,0.8,0.0,7.2,14.8,11.0,0.0,3.6,3.4,26.1,34.4,
2479722,6,981209,CB CLARET BENIMACLET,AWAY,2209715,J. Sarrio Asensio,J. Sarrio Asensio,0,14.6,875.0,2.0,1.0,1.0,0.0,0.0,1.0,1.0,0.0,0.0,1.0,0.0,1.0,1.0,1.0,0.0,0.0,0.0,2.0,2.0,3.0,2.0,100.0,100.0,0.0,0.0,2.0,0.0,0.0,7.0,0.0,3.6,15.2,0.0,0.0,50.0,5.8,
2479722,6,981209,CB CLARET BENIMACLET,AWAY,1853228,J. Rochina Troncoso,J. Rochina Troncoso,1,22.5,1349.0,0.0,0.0,3.0,0.0,0.0,0.0,3.0,0.0,0.0,1.0,3.0,4.0,1.0,3.0,0.0,0.0,0.0,0.0,1.0,0.0,-22.0,0.0,0.0,0.0,0.0,0.0,0.0,0.0,4.6,14.0,9.2,8.8,0.0,0.0,50.0,11.3,
2479722,6,981209,CB CLARET BENIMACLET,AWAY,1840053,P. Garcia Garcia,P. Garcia Garcia,0,8.4,505.0,3.0,0.0,1.0,0.0,1.0,0.0,2.0,3.0,4.0,1.0,3.0,4.0,1.0,1.0,1.0,0.0,0.0,1.0,4.0,8.0,4.0,39.9,0.0,50.0,200.0,0.0,0.0,1.0,12.2,37.6,24.7,26.3,6.1,0.0,21.0,24.1,
2479722,6,981209,CB CLARET BENIMACLET,AWAY,2281500,L. Liern Ruiz,L. Liern Ruiz,0,5.9,354.0,0.0,0.0,0.0,0.0,0.0,0.0,0.0,0.0,0.0,0.0,0.0,0.0,1.0,0.0,0.0,0.0,0.0,2.0,0.0,-1.0,-7.0,0.0,0.0,0.0,0.0,0.0,0.0,0.0,0.0,0.0,0.0,52.6,0.0,0.0,0.0,0.0,
2479722,6,981209,CB CLARET BENIMACLET,AWAY,1767443,M. Cuellar Bayarri,M. Cuellar Bayarri,1,25.4,1525.0,6.0,2.0,5.0,0.0,0.0,2.0,5.0,2.0,2.0,1.0,5.0,6.0,0.0,4.0,0.0,0.0,0.0,3.0,4.0,6.0,-11.0,51.0,40.0,0.0,40.0,0.8,0.0,0.5,4.0,20.7,12.3,0.0,0.0,0.0,40.5,16.5,
2479722,6,981209,CB CLARET BENIMACLET,AWAY,1506842,E. Cases Rey,E. Cases Rey,1,31.4,1887.0,13.0,4.0,7.0,1.0,8.0,5.0,15.0,2.0,2.0,1.0,3.0,4.0,1.0,3.0,2.0,0.0,0.0,1.0,6.0,12.0,-7.0,40.9,36.7,53.3,13.3,1.1,0.4,0.3,3.3,10.1,6.6,9.8,3.3,0.0,15.9,25.6,
2479722,6,981209,CB CLARET BENIMACLET,AWAY,1681307,E. Iranzo Gutierrez,E. Iranzo Gutierrez,0,14.8,889.0,7.0,2.0,6.0,1.0,4.0,3.0,10.0,0.0,0.0,1.0,0.0,1.0,1.0,2.0,0.0,0.0,0.0,3.0,0.0,-3.0,-6.0,35.0,35.0,40.0,0.0,0.7,0.8,0.0,6.9,0.0,3.5,21.7,0.0,0.0,16.7,34.5,
2479722,6,981209,CB CLARET BENIMACLET,AWAY,1994256,T. Toledo Navarro,T. Toledo Navarro,0,11.1,664.0,2.0,1.0,1.0,0.0,0.0,1.0,1.0,0.0,0.0,0.0,0.0,0.0,1.0,1.0,0.0,0.0,0.0,2.0,0.0,0.0,2.0,100.0,100.0,0.0,0.0,2.0,0.0,0.0,0.0,0.0,0.0,21.3,0.0,0.0,50.0,7.7,
2479722,6,981209,CB CLARET BENIMACLET,AWAY,1749591,I. Garrido Perez,I. Garrido Perez,1,23.3,1400.0,6.0,1.0,3.0,1.0,4.0,2.0,7.0,1.0,2.0,1.0,3.0,4.0,0.0,1.0,0.0,0.0,0.0,1.0,1.0,3.0,1.0,38.1,35.7,57.1,28.6,0.7,0.8,2.0,4.4,13.6,8.9,0.0,0.0,0.0,11.3,16.2,
2479723,6,981227,DPES CB CIUDAD DE MOSTOLES,HOME,2040603,P. Gonzalez Gonzalez,P. Gonzalez Gonzalez,0,26.8,1610.0,11.0,1.0,7.0,3.0,6.0,4.0,13.0,0.0,0.0,0.0,2.0,2.0,0.0,2.0,0.0,0.0,0.0,2.0,4.0,4.0,1.0,42.3,42.3,46.2,0.0,0.3,1.5,0.0,0.0,8.3,3.9,0.0,0.0,0.0,13.3,23.8,
2479723,6,981227,DPES CB CIUDAD DE MOSTOLES,HOME,2162836,D. Vaquero Martinez,D. Vaquero Martinez,0,14.5,870.0,2.0,0.0,4.0,0.0,0.0,0.0,4.0,2.0,6.0,3.0,1.0,4.0,3.0,2.0,1.0,1.0,0.0,1.0,4.0,4.0,6.0,15.1,0.0,0.0,150.0,0.0,0.0,1.5,20.7,7.7,14.5,34.1,3.6,5.2,23.1,25.4,
2479723,6,981227,DPES CB CIUDAD DE MOSTOLES,HOME,1178705,A. Peredo Lopez,A. Peredo Lopez,1,26.7,1603.0,4.0,0.0,2.0,1.0,5.0,1.0,7.0,1.0,2.0,1.0,6.0,7.0,4.0,2.0,0.0,0.0,0.0,2.0,1.0,5.0,-5.0,25.4,21.4,71.4,28.6,0.0,0.6,2.0,3.7,25.0,13.8,27.8,0.0,0.0,20.2,15.8,
2479723,6,981227,DPES CB CIUDAD DE MOSTOLES,HOME,1222687,B. Moreno Hurtado,B. Moreno Hurtado,0,10.6,637.0,5.0,2.0,2.0,0.0,2.0,2.0,4.0,1.0,2.0,0.0,1.0,1.0,1.0,2.0,1.0,0.0,0.0,2.0,1.0,2.0,0.0,51.2,50.0,50.0,50.0,2.0,0.0,2.0,0.0,10.5,5.0,21.7,4.9,0.0,29.1,27.6,
2479723,6,981227,DPES CB CIUDAD DE MOSTOLES,HOME,1819108,N. Gomez Cobo,N. Gomez Cobo,0,20.0,1202.0,10.0,2.0,3.0,2.0,4.0,4.0,7.0,0.0,0.0,3.0,1.0,4.0,1.0,1.0,0.0,0.0,0.0,1.0,0.0,10.0,4.0,71.4,71.4,57.1,0.0,1.3,1.5,0.0,15.0,5.6,10.5,14.3,0.0,0.0,12.5,17.0,
2479723,6,981227,DPES CB CIUDAD DE MOSTOLES,HOME,2035086,M. Gamez Martinez,M. Gamez Martinez,0,17.0,1021.0,9.0,3.0,6.0,1.0,2.0,4.0,8.0,0.0,0.0,0.0,0.0,0.0,1.0,3.0,0.0,0.0,0.0,4.0,0.0,-1.0,-1.0,56.2,56.2,25.0,0.0,1.0,1.5,0.0,0.0,0.0,0.0,20.8,0.0,0.0,27.3,27.6,
2479723,6,981227,DPES CB CIUDAD DE MOSTOLES,HOME,1589173,M. Correa Villalona,M. Correa Villalona,1,11.5,689.0,0.0,0.0,0.0,0.0,0.0,0.0,0.0,0.0,0.0,0.0,1.0,1.0,1.0,1.0,2.0,0.0,0.0,1.0,0.0,2.0,-7.0,0.0,0.0,0.0,0.0,0.0,0.0,0.0,0.0,9.7,4.6,15.2,9.1,0.0,100.0,3.7,
2479723,6,981227,DPES CB CIUDAD DE MOSTOLES,HOME,1434653,B. Martinez Sanz,B. Martinez Sanz,1,25.9,1557.0,7.0,0.0,3.0,1.0,2.0,1.0,5.0,4.0,5.0,0.0,1.0,1.0,5.0,4.0,2.0,1.0,0.0,3.0,3.0,7.0,-2.0,48.6,30.0,40.0,100.0,0.0,1.5,1.7,0.0,4.3,2.0,41.0,4.0,2.9,35.7,18.4,
2479723,6,981227,DPES CB CIUDAD DE MOSTOLES,HOME,1740994,B. Rodríguez Bazaga,B. Rodríguez Bazaga,1,24.2,1453.0,6.0,0.0,1.0,2.0,6.0,2.0,7.0,0.0,0.0,0.0,0.0,0.0,3.0,3.0,1.0,0.0,0.0,5.0,0.0,-3.0,-3.0,42.9,42.9,85.7,0.0,0.0,1.0,0.0,0.0,0.0,0.0,26.8,2.2,0.0,30.0,17.6,
2479723,6,981227,DPES CB CIUDAD DE MOSTOLES,HOME,2404223,E. Abubakar Arrey,E. Abubakar Arrey,1,22.6,1358.0,9.0,4.0,9.0,0.0,0.0,4.0,9.0,1.0,3.0,5.0,7.0,12.0,0.0,2.0,2.0,0.0,0.0,3.0,5.0,16.0,-3.0,43.6,44.4,0.0,33.3,0.9,0.0,0.6,22.1,34.4,27.9,0.0,4.6,0.0,16.2,23.2,
2479723,6,980023,GEIEG PACISA,AWAY,1949920,J. Pairo Urtos,J. Pairo Urtos,0,14.0,838.0,0.0,0.0,0.0,0.0,0.0,0.0,0.0,0.0,1.0,0.0,0.0,0.0,0.0,2.0,0.0,0.0,0.0,2.0,0.0,-5.0,1.0,0.0,0.0,0.0,0.0,0.0,0.0,0.0,0.0,0.0,0.0,0.0,0.0,0.0,82.0,7.5,
2479723,6,980023,GEIEG PACISA,AWAY,1917788,M. Carbo Cachinero,M. Carbo Cachinero,1,16.1,967.0,8.0,3.0,5.0,0.0,0.0,3.0,5.0,2.0,2.0,1.0,2.0,3.0,0.0,1.0,1.0,0.0,0.0,4.0,1.0,6.0,-7.0,68.0,60.0,0.0,40.0,1.2,0.0,2.0,6.9,12.4,9.8,0.0,3.0,0.0,14.5,18.5,
2479723,6,980023,GEIEG PACISA,AWAY,1944150,M. Melero Bravo,M. Melero Bravo,1,24.1,1446.0,8.0,0.0,6.0,1.0,3.0,1.0,9.0,5.0,10.0,1.0,1.0,2.0,2.0,5.0,4.0,0.0,1.0,2.0,6.0,2.0,2.0,29.9,16.7,33.3,111.1,0.0,1.0,1.7,4.6,4.1,4.4,14.9,8.1,0.0,27.2,33.0,
2479723,6,980023,GEIEG PACISA,AWAY,1748049,N. Bagaria Rovira,N. Bagaria Rovira,0,19.5,1171.0,8.0,1.0,2.0,2.0,3.0,3.0,5.0,0.0,0.0,0.0,2.0,2.0,1.0,2.0,5.0,0.0,0.0,0.0,1.0,13.0,5.0,80.0,80.0,60.0,0.0,1.0,2.0,0.0,0.0,10.3,5.4,11.1,12.5,0.0,28.6,15.5,
2479723,6,980023,GEIEG PACISA,AWAY,1667386,C. Morente Lopez,C. Morente Lopez,0,18.0,1078.0,0.0,0.0,1.0,0.0,0.0,0.0,1.0,0.0,0.0,0.0,0.0,0.0,2.0,0.0,1.0,0.0,1.0,2.0,1.0,1.0,5.0,0.0,0.0,0.0,0.0,0.0,0.0,0.0,0.0,0.0,0.0,16.7,2.7,0.0,0.0,2.4,
2479723,6,980023,GEIEG PACISA,AWAY,1968963,A. Talasimov,A. Talasimov,1,26.0,1562.0,6.0,3.0,8.0,0.0,0.0,3.0,8.0,0.0,2.0,5.0,6.0,11.0,1.0,0.0,0.0,0.0,0.0,1.0,3.0,13.0,0.0,33.8,37.5,0.0,25.0,0.8,0.0,0.7,21.4,23.1,22.3,7.2,0.0,0.0,0.0,14.8,
2479723,6,980023,GEIEG PACISA,AWAY,1567998,V. Gonzalez Olaizola,V. Gonzalez Olaizola,0,21.5,1292.0,7.0,3.0,11.0,0.0,0.0,3.0,11.0,1.0,4.0,5.0,4.0,9.0,3.0,1.0,0.0,0.0,0.0,3.0,3.0,7.0,5.0,27.4,27.3,0.0,36.4,0.5,0.0,1.3,25.8,18.6,22.0,33.3,0.0,0.0,7.3,27.7,
2479723,6,980023,GEIEG PACISA,AWAY,1666109,A. Coma Perpiña,A. Coma Perpiña,1,28.3,1700.0,14.0,5.0,8.0,0.0,0.0,5.0,8.0,4.0,5.0,1.0,7.0,8.0,3.0,4.0,1.0,0.0,0.0,3.0,6.0,21.0,0.0,68.6,62.5,0.0,62.5,1.2,0.0,0.8,3.9,24.7,14.9,25.4,1.7,0.0,28.2,21.7,
2479723,6,980023,GEIEG PACISA,AWAY,1926754,J. Fernandez Pinsach,J. Fernandez Pinsach,1,20.4,1227.0,10.0,4.0,8.0,0.0,1.0,4.0,9.0,2.0,2.0,2.0,5.0,7.0,1.0,4.0,1.0,0.0,0.0,2.0,2.0,10.0,-4.0,50.6,44.4,11.1,22.2,1.0,0.0,1.0,10.9,24.5,18.1,12.5,2.4,0.0,28.8,29.4,
2479723,6,980023,GEIEG PACISA,AWAY,2239082,N. Mitjanas Costa,N. Mitjanas Costa,0,12.0,719.0,4.0,2.0,4.0,0.0,1.0,2.0,5.0,0.0,0.0,1.0,1.0,2.0,0.0,1.0,0.0,0.0,0.0,0.0,0.0,2.0,3.0,40.0,40.0,20.0,0.0,1.0,0.0,0.0,9.3,8.3,8.8,0.0,0.0,0.0,16.7,21.6,
2479724,6,981335,CESUR DISTRITO OLIMPICO,HOME,2286837,B. Arranz Albero,B. Arranz Albero,1,17.8,1067.0,4.0,2.0,6.0,0.0,2.0,2.0,8.0,0.0,0.0,0.0,0.0,0.0,0.0,2.0,0.0,0.0,0.0,1.0,1.0,-4.0,-8.0,25.0,25.0,25.0,0.0,0.7,0.0,0.0,0.0,0.0,0.0,0.0,0.0,0.0,20.0,25.2,
2479724,6,981335,CESUR DISTRITO OLIMPICO,HOME,1811220,S. Francisco Abos,S. Francisco Abos,0,31.1,1863.0,24.0,4.0,9.0,4.0,6.0,8.0,15.0,4.0,5.0,1.0,2.0,3.0,2.0,2.0,2.0,0.0,0.0,0.0,3.0,24.0,8.0,69.8,66.7,40.0,33.3,0.9,2.0,1.7,4.1,7.3,5.8,15.6,3.2,0.0,10.4,27.7,
2479724,6,981335,CESUR DISTRITO OLIMPICO,HOME,2031383,A. Picos Porras,A. Picos Porras,1,31.9,1913.0,7.0,3.0,7.0,0.0,0.0,3.0,7.0,1.0,4.0,1.0,9.0,10.0,2.0,2.0,1.0,1.0,0.0,3.0,6.0,15.0,-1.0,40.0,42.9,0.0,57.1,0.9,0.0,0.7,4.0,32.2,19.0,11.2,1.6,3.9,18.6,15.1,
2479724,6,981335,CESUR DISTRITO OLIMPICO,HOME,2160399,C. Campos Alum,C. Campos Alum,0,13.0,782.0,4.0,1.0,1.0,0.0,0.0,1.0,1.0,2.0,2.0,0.0,1.0,1.0,1.0,1.0,0.0,0.0,0.0,0.0,1.0,6.0,18.0,106.4,100.0,0.0,200.0,2.0,0.0,2.0,0.0,8.8,4.7,14.7,0.0,0.0,34.7,9.9,
2479724,6,981335,CESUR DISTRITO OLIMPICO,HOME,1871488,M. Gomez Hernandez,M. Gomez Hernandez,1,17.8,1065.0,8.0,0.0,2.0,2.0,2.0,2.0,4.0,2.0,4.0,0.0,2.0,2.0,0.0,2.0,0.0,0.0,0.0,2.0,7.0,9.0,-8.0,69.4,75.0,50.0,100.0,0.0,3.0,0.6,0.0,12.8,6.8,0.0,0.0,0.0,25.8,19.5,
2479724,6,981335,CESUR DISTRITO OLIMPICO,HOME,2404419,P. Alonso-Basurto Cumplido,P. Alonso-Basurto Cumplido,0,13.0,781.0,2.0,0.0,1.0,0.0,1.0,0.0,2.0,2.0,2.0,0.0,4.0,4.0,0.0,2.0,0.0,1.0,0.0,2.0,2.0,3.0,5.0,34.7,0.0,50.0,100.0,0.0,0.0,1.0,0.0,35.2,18.6,0.0,0.0,9.6,41.0,16.8,
2479724,6,981335,CESUR DISTRITO OLIMPICO,HOME,1832824,C. Leal Flores,C. Leal Flores,1,20.4,1226.0,9.0,3.0,4.0,1.0,1.0,4.0,5.0,0.0,2.0,1.0,0.0,1.0,1.0,1.0,1.0,0.0,1.0,5.0,2.0,5.0,-7.0,76.5,90.0,20.0,40.0,1.5,3.0,1.0,6.3,0.0,3.0,11.1,2.5,0.0,14.5,15.1,
2479724,6,981335,CESUR DISTRITO OLIMPICO,HOME,1562695,A. González Ramírez,A. González Ramírez,0,11.5,691.0,6.0,2.0,3.0,0.0,0.0,2.0,3.0,2.0,2.0,0.0,2.0,2.0,3.0,1.0,0.0,1.0,0.0,4.0,2.0,8.0,6.0,77.3,66.7,0.0,66.7,1.3,0.0,1.0,0.0,19.9,10.5,51.7,0.0,10.9,20.5,19.0,
2479724,6,981335,CESUR DISTRITO OLIMPICO,HOME,2160293,V. Lopez Riaño,V. Lopez Riaño,1,32.5,1949.0,8.0,4.0,14.0,0.0,2.0,4.0,16.0,0.0,0.0,4.0,3.0,7.0,1.0,3.0,1.0,0.0,0.0,3.0,0.0,-1.0,-7.0,25.0,25.0,12.5,0.0,0.6,0.0,0.0,15.9,10.5,13.1,6.0,1.5,0.0,15.8,26.2,
2479724,6,981335,CESUR DISTRITO OLIMPICO,HOME,1677519,R. Flores Aguado,R. Flores Aguado,0,11.1,663.0,0.0,0.0,0.0,0.0,3.0,0.0,3.0,0.0,0.0,1.0,2.0,3.0,1.0,0.0,0.0,0.0,0.0,1.0,0.0,0.0,-1.0,0.0,0.0,100.0,0.0,0.0,0.0,0.0,11.6,20.6,16.4,12.8,0.0,0.0,0.0,12.1,
2479724,6,981286,ESCO GRUPO FEMENINO ALCORCON,AWAY,2822981,C. Ribeiro Dos Santos Bernardeco,C. Ribeiro Dos Santos Bernardeco,1,24.2,1451.0,8.0,0.0,1.0,2.0,5.0,2.0,6.0,2.0,2.0,1.0,3.0,4.0,3.0,2.0,1.0,0.0,0.0,3.0,1.0,8.0,14.0,58.1,50.0,83.3,33.3,0.0,1.2,2.0,4.7,16.0,10.0,26.8,2.0,0.0,22.5,16.4,
2479724,6,981286,ESCO GRUPO FEMENINO ALCORCON,AWAY,2095287,G. Escorial Ferrero,G. Escorial Ferrero,0,22.9,1371.0,8.0,3.0,5.0,0.0,1.0,3.0,6.0,2.0,2.0,4.0,5.0,9.0,2.0,2.0,1.0,0.0,1.0,4.0,2.0,13.0,-7.0,58.1,50.0,16.7,33.3,1.2,0.0,1.0,20.0,28.2,23.8,19.6,2.2,0.0,22.5,17.3,
2479724,6,981286,ESCO GRUPO FEMENINO ALCORCON,AWAY,2162538,C. Del Amo Sevillano,C. Del Amo Sevillano,1,24.4,1465.0,16.0,4.0,6.0,0.0,3.0,4.0,9.0,8.0,10.0,2.0,4.0,6.0,1.0,2.0,2.0,0.0,1.0,3.0,8.0,21.0,15.0,59.7,44.4,33.3,111.1,1.3,0.0,1.2,9.4,21.2,14.9,10.9,4.0,0.0,13.0,28.2,
2479724,6,981286,ESCO GRUPO FEMENINO ALCORCON,AWAY,2012796,M. Blanco Eusebio,M. Blanco Eusebio,0,18.9,1132.0,6.0,0.0,2.0,2.0,4.0,2.0,6.0,0.0,0.0,0.0,2.0,2.0,2.0,0.0,1.0,0.0,0.0,1.0,1.0,7.0,-10.0,50.0,50.0,66.7,0.0,0.0,1.5,0.0,0.0,13.7,6.4,22.2,2.6,0.0,0.0,14.2,
2479724,6,981286,ESCO GRUPO FEMENINO ALCORCON,AWAY,1535457,M. Aranda Fraile,M. Aranda Fraile,1,25.2,1511.0,12.0,0.0,2.0,4.0,7.0,4.0,9.0,0.0,0.0,0.0,3.0,3.0,3.0,2.0,1.0,0.0,0.0,1.0,1.0,12.0,4.0,66.7,66.7,77.8,0.0,0.0,1.7,0.0,0.0,15.4,7.2,32.6,2.0,0.0,18.2,19.5,
2479724,6,981286,ESCO GRUPO FEMENINO ALCORCON,AWAY,2822982,Y. Sifaoui Bucero,Y. Sifaoui Bucero,1,26.3,1576.0,8.0,3.0,7.0,0.0,0.0,3.0,7.0,2.0,2.0,1.0,2.0,3.0,1.0,5.0,3.0,0.0,0.0,2.0,1.0,5.0,-5.0,50.8,42.9,0.0,28.6,0.9,0.0,2.0,4.3,9.8,6.9,8.1,5.6,0.0,38.8,21.9,
2479724,6,981286,ESCO GRUPO FEMENINO ALCORCON,AWAY,2819126,L. Vulovic,L. Vulovic,0,6.3,377.0,0.0,0.0,1.0,0.0,0.0,0.0,1.0,0.0,0.0,0.0,0.0,0.0,0.0,1.0,0.0,0.0,0.0,2.0,0.0,-4.0,-7.0,0.0,0.0,0.0,0.0,0.0,0.0,0.0,0.0,0.0,0.0,0.0,0.0,0.0,50.0,14.2,
2479724,6,981286,ESCO GRUPO FEMENINO ALCORCON,AWAY,2128123,N. Ipo Seriche-Dougan,N. Ipo Seriche-Dougan,1,20.6,1239.0,8.0,2.0,4.0,0.0,1.0,2.0,5.0,4.0,8.0,1.0,1.0,2.0,0.0,2.0,2.0,0.0,0.0,5.0,5.0,3.0,10.0,46.9,40.0,20.0,160.0,1.0,0.0,1.6,5.5,6.3,5.9,0.0,4.8,0.0,19.0,22.8,
2479724,6,981286,ESCO GRUPO FEMENINO ALCORCON,AWAY,2164976,A. Martínez Mora,A. Martínez Mora,0,12.1,727.0,2.0,1.0,3.0,0.0,0.0,1.0,3.0,0.0,2.0,0.0,1.0,1.0,0.0,3.0,1.0,0.0,0.0,2.0,1.0,-4.0,-1.0,25.8,33.3,0.0,66.7,0.7,0.0,2.0,0.0,10.7,5.0,0.0,4.1,0.0,43.6,25.4,
2479724,6,981286,ESCO GRUPO FEMENINO ALCORCON,AWAY,2176383,I. Camiña Rodriguez,I. Camiña Rodriguez,0,19.2,1151.0,3.0,0.0,1.0,1.0,5.0,1.0,6.0,0.0,0.0,1.0,2.0,3.0,1.0,1.0,1.0,1.0,1.0,1.0,1.0,3.0,-18.0,25.0,25.0,83.3,0.0,0.0,0.6,0.0,6.0,13.4,9.5,10.0,2.6,4.4,14.3,16.3,
2479725,7,979892,C. B. ISLA BONITA,HOME,1131087,B. Armengol Vall,B. Armengol Vall,1,25.5,1528.0,7.0,0.0,5.0,0.0,1.0,0.0,6.0,7.0,8.0,1.0,6.0,7.0,3.0,3.0,2.0,0.0,0.0,2.0,5.0,12.0,5.0,36.8,0.0,16.7,133.3,0.0,0.0,1.6,4.6,24.8,15.3,21.7,4.1,0.0,24.0,21.5,
2479725,7,979892,C. B. ISLA BONITA,HOME,1870487,T. Gonzalez Soto,T. Gonzalez Soto,0,20.1,1208.0,10.0,2.0,3.0,1.0,4.0,3.0,7.0,3.0,3.0,0.0,2.0,2.0,1.0,3.0,0.0,0.0,0.0,2.0,2.0,6.0,1.0,60.1,50.0,57.1,42.9,1.3,0.8,1.5,0.0,10.5,5.5,11.8,0.0,0.0,26.5,24.7,
2479725,7,979892,C. B. ISLA BONITA,HOME,1981139,S. Blanco Guitian,S. Blanco Guitian,1,20.2,1215.0,3.0,0.0,2.0,1.0,1.0,1.0,3.0,0.0,0.0,2.0,1.0,3.0,1.0,2.0,1.0,0.0,0.0,2.0,0.0,2.0,4.0,50.0,50.0,33.3,0.0,0.0,3.0,0.0,11.6,5.2,8.3,9.5,2.6,0.0,40.0,10.8,
2479725,7,979892,C. B. ISLA BONITA,HOME,1853281,I. Bautista Villaverde,I. Bautista Villaverde,0,12.2,731.0,6.0,0.0,0.0,2.0,4.0,2.0,4.0,0.0,0.0,0.0,2.0,2.0,0.0,0.0,0.0,0.0,0.0,0.0,0.0,6.0,8.0,75.0,75.0,100.0,0.0,0.0,1.5,0.0,0.0,17.3,9.1,0.0,0.0,0.0,0.0,14.4,
2479725,7,979892,C. B. ISLA BONITA,HOME,2816643,E. Motekaitytè,E. Motekaitytè,1,19.1,1148.0,8.0,4.0,7.0,0.0,3.0,4.0,10.0,0.0,0.0,1.0,5.0,6.0,0.0,3.0,1.0,0.0,0.0,4.0,0.0,2.0,17.0,40.0,40.0,30.0,0.0,1.1,0.0,0.0,6.2,27.6,17.5,0.0,2.7,0.0,23.1,29.8,
2479725,7,979892,C. B. ISLA BONITA,HOME,2171960,M. Colom Elosúa,M. Colom Elosúa,1,30.2,1814.0,8.0,2.0,7.0,1.0,1.0,3.0,8.0,1.0,2.0,1.0,2.0,3.0,1.0,2.0,0.0,0.0,0.0,3.0,3.0,4.0,0.0,45.0,43.8,12.5,25.0,0.6,3.0,0.7,3.9,7.0,5.5,6.5,0.0,0.0,18.4,15.8,
2479725,7,979892,C. B. ISLA BONITA,HOME,2524874,M. Vulovic,M. Vulovic,0,15.8,948.0,10.0,4.0,7.0,0.0,0.0,4.0,7.0,2.0,2.0,4.0,2.0,6.0,0.0,2.0,0.0,0.0,0.0,4.0,3.0,10.0,-6.0,63.5,57.1,0.0,28.6,1.1,0.0,0.7,29.8,13.3,21.1,0.0,0.0,0.0,20.2,27.4,
2479725,7,979892,C. B. ISLA BONITA,HOME,1471341,M. Rosales Elejabeita,M. Rosales Elejabeita,1,25.6,1539.0,9.0,3.0,3.0,1.0,1.0,4.0,4.0,0.0,0.0,2.0,6.0,8.0,6.0,6.0,1.0,0.0,0.0,3.0,0.0,15.0,8.0,112.5,112.5,25.0,0.0,2.0,3.0,0.0,9.2,24.7,17.4,61.2,2.0,0.0,60.0,17.1,
2479725,7,979892,C. B. ISLA BONITA,HOME,1372464,M. Carballo Diaz,M. Carballo Diaz,0,11.7,704.0,0.0,0.0,1.0,0.0,0.0,0.0,1.0,0.0,0.0,3.0,0.0,3.0,1.0,2.0,0.0,0.0,0.0,0.0,1.0,2.0,-6.0,0.0,0.0,0.0,0.0,0.0,0.0,0.0,30.2,0.0,14.2,14.5,0.0,0.0,66.7,11.2,
2479725,7,979892,C. B. ISLA BONITA,HOME,2816642,N. Cunill Peña,N. Cunill Peña,0,19.4,1165.0,8.0,2.0,5.0,0.0,0.0,2.0,5.0,4.0,4.0,2.0,2.0,4.0,1.0,5.0,0.0,0.0,0.0,2.0,4.0,7.0,-11.0,59.2,40.0,0.0,80.0,0.8,0.0,1.0,12.1,10.9,11.5,10.5,0.0,0.0,42.5,26.5,
2479725,7,981286,ESCO GRUPO FEMENINO ALCORCON,AWAY,2822981,C. Ribeiro Dos Santos Bernardeco,C. Ribeiro Dos Santos Bernardeco,0,17.5,1051.0,9.0,0.0,2.0,2.0,4.0,2.0,6.0,3.0,5.0,0.0,1.0,1.0,0.0,0.0,0.0,0.0,0.0,1.0,2.0,5.0,-4.0,54.9,50.0,66.7,83.3,0.0,1.5,2.5,0.0,6.7,3.2,0.0,0.0,0.0,0.0,21.6,
2479725,7,981286,ESCO GRUPO FEMENINO ALCORCON,AWAY,2095287,G. Escorial Ferrero,G. Escorial Ferrero,0,12.0,720.0,1.0,0.0,2.0,0.0,1.0,0.0,3.0,1.0,2.0,6.0,1.0,7.0,0.0,0.0,1.0,0.0,0.0,2.0,1.0,4.0,-15.0,12.9,0.0,33.3,66.7,0.0,0.0,2.0,52.6,9.8,32.4,0.0,4.4,0.0,0.0,14.9,
2479725,7,981286,ESCO GRUPO FEMENINO ALCORCON,AWAY,2162538,C. Del Amo Sevillano,C. Del Amo Sevillano,1,30.7,1842.0,22.0,9.0,12.0,0.0,1.0,9.0,13.0,4.0,4.0,1.0,3.0,4.0,0.0,1.0,5.0,0.0,0.0,3.0,2.0,25.0,4.0,74.5,69.2,7.7,30.8,1.5,0.0,2.0,3.4,11.5,7.2,0.0,8.6,0.0,6.3,23.7,
2479725,7,981286,ESCO GRUPO FEMENINO ALCORCON,AWAY,2012796,M. Blanco Eusebio,M. Blanco Eusebio,1,21.1,1265.0,0.0,0.0,2.0,0.0,4.0,0.0,6.0,0.0,2.0,1.0,3.0,4.0,2.0,2.0,2.0,0.0,0.0,3.0,1.0,-4.0,-3.0,0.0,0.0,66.7,33.3,0.0,0.0,2.0,5.0,16.7,10.5,16.7,5.0,0.0,22.5,19.4,
2479725,7,981286,ESCO GRUPO FEMENINO ALCORCON,AWAY,1535457,M. Aranda Fraile,M. Aranda Fraile,1,20.8,1247.0,0.0,0.0,1.0,0.0,4.0,0.0,5.0,0.0,0.0,0.0,2.0,2.0,0.0,3.0,1.0,0.0,0.0,0.0,0.0,-5.0,-1.0,0.0,0.0,80.0,0.0,0.0,0.0,0.0,0.0,11.3,5.3,0.0,2.6,0.0,37.5,17.7,
2479725,7,981286,ESCO GRUPO FEMENINO ALCORCON,AWAY,2822982,Y. Sifaoui Bucero,Y. Sifaoui Bucero,1,34.2,2055.0,10.0,5.0,8.0,0.0,0.0,5.0,8.0,0.0,1.0,1.0,0.0,1.0,0.0,2.0,2.0,0.0,0.0,2.0,4.0,9.0,5.0,59.2,62.5,0.0,12.5,1.2,0.0,0.2,3.1,0.0,1.6,0.0,3.1,0.0,19.2,14.1,
2479725,7,981286,ESCO GRUPO FEMENINO ALCORCON,AWAY,2819126,L. Vulovic,L. Vulovic,0,2.6,159.0,0.0,0.0,0.0,0.0,0.0,0.0,0.0,0.0,0.0,0.0,0.0,0.0,0.0,0.0,0.0,0.0,0.0,0.0,0.0,0.0,-2.0,0.0,0.0,0.0,0.0,0.0,0.0,0.0,0.0,0.0,0.0,0.0,0.0,0.0,0.0,0.0,
2479725,7,981286,ESCO GRUPO FEMENINO ALCORCON,AWAY,2128123,N. Ipo Seriche-Dougan,N. Ipo Seriche-Dougan,0,32.8,1969.0,16.0,6.0,11.0,0.0,3.0,6.0,14.0,4.0,11.0,1.0,7.0,8.0,4.0,1.0,1.0,0.0,0.0,4.0,8.0,17.0,1.0,42.5,42.9,21.4,78.6,1.1,0.0,1.4,3.2,25.1,13.6,30.3,1.6,0.0,5.0,27.9,
2479725,7,981286,ESCO GRUPO FEMENINO ALCORCON,AWAY,2164976,A. Martínez Mora,A. Martínez Mora,1,18.9,1137.0,7.0,2.0,4.0,0.0,2.0,2.0,6.0,3.0,4.0,0.0,0.0,0.0,2.0,1.0,2.0,0.0,0.0,3.0,4.0,6.0,2.0,45.1,33.3,33.3,66.7,1.0,0.0,1.0,0.0,0.0,0.0,20.0,5.6,0.0,11.4,21.4,
2479725,7,981286,ESCO GRUPO FEMENINO ALCORCON,AWAY,2176383,I. Camiña Rodriguez,I. Camiña Rodriguez,0,9.2,555.0,0.0,0.0,0.0,0.0,2.0,0.0,2.0,0.0,0.0,0.0,1.0,1.0,0.0,1.0,0.0,0.0,0.0,0.0,0.0,-2.0,-7.0,0.0,0.0,100.0,0.0,0.0,0.0,0.0,0.0,12.8,6.0,0.0,0.0,0.0,33.3,15.0,
2479726,7,980023,GEIEG PACISA,HOME,1917788,M. Carbo Cachinero,M. Carbo Cachinero,1,26.3,1576.0,4.0,0.0,5.0,0.0,2.0,0.0,7.0,4.0,4.0,0.0,3.0,3.0,1.0,3.0,2.0,0.0,1.0,0.0,3.0,3.0,-1.0,22.8,0.0,28.6,57.1,0.0,0.0,1.3,0.0,11.7,7.0,6.5,4.0,0.0,25.5,20.8,
2479726,7,980023,GEIEG PACISA,HOME,1944150,M. Melero Bravo,M. Melero Bravo,1,24.1,1445.0,14.0,6.0,9.0,0.0,2.0,6.0,11.0,2.0,3.0,0.0,4.0,4.0,4.0,6.0,4.0,0.0,0.0,5.0,6.0,15.0,-1.0,56.8,54.5,18.2,27.3,1.3,0.0,0.5,0.0,17.0,10.2,55.6,8.8,0.0,32.8,35.3,
2479726,7,980023,GEIEG PACISA,HOME,1748049,N. Bagaria Rovira,N. Bagaria Rovira,0,27.9,1674.0,0.0,0.0,0.0,0.0,3.0,0.0,3.0,0.0,0.0,0.0,1.0,1.0,3.0,3.0,6.0,1.0,0.0,2.0,1.0,4.0,4.0,0.0,0.0,100.0,0.0,0.0,0.0,0.0,0.0,3.7,2.2,19.5,11.4,3.5,50.0,10.0,
2479726,7,980023,GEIEG PACISA,HOME,1667386,C. Morente Lopez,C. Morente Lopez,0,19.8,1186.0,7.0,2.0,4.0,1.0,4.0,3.0,8.0,0.0,2.0,0.0,0.0,0.0,0.0,1.0,1.0,0.0,0.0,1.0,1.0,0.0,-14.0,39.4,43.8,50.0,25.0,1.0,0.8,2.0,0.0,0.0,0.0,0.0,2.7,0.0,10.1,23.2,
2479726,7,980023,GEIEG PACISA,HOME,1968963,A. Talasimov,A. Talasimov,1,16.4,981.0,8.0,2.0,3.0,1.0,1.0,3.0,4.0,1.0,1.0,0.0,2.0,2.0,1.0,0.0,2.0,0.0,1.0,2.0,1.0,11.0,2.0,90.1,87.5,25.0,25.0,1.3,3.0,1.0,0.0,12.5,7.5,17.2,6.5,0.0,0.0,12.6,
2479726,7,980023,GEIEG PACISA,HOME,1567998,V. Gonzalez Olaizola,V. Gonzalez Olaizola,0,26.0,1560.0,8.0,3.0,7.0,0.0,0.0,3.0,7.0,2.0,2.0,0.0,5.0,5.0,1.0,3.0,2.0,0.0,0.0,4.0,1.0,6.0,0.0,50.8,42.9,0.0,28.6,0.9,0.0,2.0,0.0,19.7,11.8,8.1,4.1,0.0,27.6,19.5,
2479726,7,980023,GEIEG PACISA,HOME,1666109,A. Coma Perpiña,A. Coma Perpiña,1,22.0,1319.0,4.0,0.0,3.0,1.0,4.0,1.0,7.0,1.0,2.0,0.0,3.0,3.0,1.0,2.0,0.0,0.0,1.0,2.0,2.0,-1.0,6.0,25.4,21.4,57.1,28.6,0.0,0.8,1.0,0.0,14.0,8.4,8.2,0.0,0.0,20.2,20.9,
2479726,7,980023,GEIEG PACISA,HOME,1926754,J. Fernandez Pinsach,J. Fernandez Pinsach,1,25.1,1505.0,9.0,4.0,6.0,0.0,0.0,4.0,6.0,1.0,2.0,2.0,5.0,7.0,2.0,2.0,1.0,0.0,1.0,2.0,1.0,13.0,-2.0,65.4,66.7,0.0,33.3,1.3,0.0,2.0,12.3,20.4,17.2,21.7,2.1,0.0,22.5,16.4,
2479726,7,980023,GEIEG PACISA,HOME,2239082,N. Mitjanas Costa,N. Mitjanas Costa,0,12.6,754.0,4.0,2.0,5.0,0.0,1.0,2.0,6.0,0.0,0.0,2.0,2.0,4.0,0.0,0.0,2.0,0.0,0.0,1.0,1.0,6.0,-4.0,33.3,33.3,16.7,0.0,0.8,0.0,0.0,24.4,16.3,19.5,0.0,8.4,0.0,0.0,22.1,
2479726,7,981335,CESUR DISTRITO OLIMPICO,AWAY,2286837,B. Arranz Albero,B. Arranz Albero,0,21.6,1293.0,8.0,2.0,6.0,0.0,4.0,2.0,10.0,4.0,4.0,3.0,5.0,8.0,1.0,3.0,1.0,0.0,0.0,1.0,3.0,9.0,0.0,34.0,20.0,40.0,40.0,0.7,0.0,1.3,14.2,35.6,22.8,11.1,2.3,0.0,20.3,30.5,
2479726,7,981335,CESUR DISTRITO OLIMPICO,AWAY,1811220,S. Francisco Abos,S. Francisco Abos,1,19.6,1176.0,5.0,1.0,3.0,1.0,6.0,2.0,9.0,0.0,0.0,0.0,0.0,0.0,1.0,0.0,1.0,0.0,0.0,3.0,2.0,-1.0,0.0,27.8,27.8,66.7,0.0,0.7,0.5,0.0,0.0,0.0,0.0,11.1,2.5,0.0,0.0,20.5,
2479726,7,981335,CESUR DISTRITO OLIMPICO,AWAY,2031383,A. Picos Porras,A. Picos Porras,1,30.7,1842.0,15.0,6.0,9.0,0.0,2.0,6.0,11.0,3.0,5.0,3.0,4.0,7.0,3.0,4.0,2.0,1.0,0.0,1.0,6.0,22.0,8.0,56.8,54.5,18.2,45.5,1.3,0.0,0.8,10.0,20.0,14.0,25.9,3.2,3.1,23.3,25.0,
2479726,7,981335,CESUR DISTRITO OLIMPICO,AWAY,2160399,C. Campos Alum,C. Campos Alum,0,4.6,277.0,2.0,1.0,3.0,0.0,0.0,1.0,3.0,0.0,0.0,0.0,0.0,0.0,0.0,1.0,0.0,0.0,1.0,0.0,0.0,-1.0,-3.0,33.3,33.3,0.0,0.0,0.7,0.0,0.0,0.0,0.0,0.0,0.0,0.0,0.0,25.0,38.8,
2479726,7,981335,CESUR DISTRITO OLIMPICO,AWAY,1871488,M. Gomez Hernandez,M. Gomez Hernandez,1,20.2,1213.0,9.0,0.0,4.0,2.0,5.0,2.0,9.0,3.0,4.0,1.0,1.0,2.0,1.0,3.0,3.0,0.0,0.0,3.0,4.0,5.0,5.0,41.8,33.3,55.6,44.4,0.0,1.2,1.0,5.1,7.6,6.1,11.1,7.2,0.0,21.8,30.4,
2479726,7,981335,CESUR DISTRITO OLIMPICO,AWAY,2404419,P. Alonso-Basurto Cumplido,P. Alonso-Basurto Cumplido,0,14.6,878.0,3.0,1.0,2.0,0.0,0.0,1.0,2.0,1.0,2.0,0.0,3.0,3.0,1.0,3.0,4.0,1.0,0.0,2.0,3.0,8.0,-4.0,52.1,50.0,0.0,100.0,1.0,0.0,0.7,0.0,31.6,12.6,12.8,13.4,6.5,51.0,18.0,
2479726,7,981335,CESUR DISTRITO OLIMPICO,AWAY,2035834,M. Martinez Majan,M. Martinez Majan,0,5.2,309.0,3.0,0.0,0.0,1.0,1.0,1.0,1.0,0.0,0.0,0.0,1.0,1.0,0.0,1.0,0.0,0.0,0.0,1.0,0.0,2.0,5.0,150.0,150.0,100.0,0.0,0.0,3.0,0.0,0.0,29.6,11.8,0.0,0.0,0.0,50.0,17.2,
2479726,7,981335,CESUR DISTRITO OLIMPICO,AWAY,1832824,C. Leal Flores,C. Leal Flores,0,22.5,1350.0,2.0,1.0,4.0,0.0,1.0,1.0,5.0,0.0,0.0,0.0,0.0,0.0,2.0,2.0,2.0,0.0,0.0,3.0,0.0,-3.0,-4.0,20.0,20.0,20.0,0.0,0.5,0.0,0.0,0.0,0.0,0.0,16.4,4.3,0.0,28.6,13.9,
2479726,7,981335,CESUR DISTRITO OLIMPICO,AWAY,1562695,A. González Ramírez,A. González Ramírez,1,19.2,1150.0,3.0,0.0,1.0,1.0,2.0,1.0,3.0,0.0,0.0,3.0,1.0,4.0,2.0,2.0,3.0,0.0,0.0,0.0,0.0,8.0,2.0,50.0,50.0,66.7,0.0,0.0,1.5,0.0,16.0,8.0,12.8,20.0,7.6,0.0,40.0,11.6,
2479726,7,981335,CESUR DISTRITO OLIMPICO,AWAY,2160293,V. Lopez Riaño,V. Lopez Riaño,1,27.7,1664.0,8.0,4.0,8.0,0.0,0.0,4.0,8.0,0.0,0.0,3.0,6.0,9.0,2.0,1.0,0.0,2.0,0.0,2.0,1.0,15.0,0.0,50.0,50.0,0.0,0.0,1.0,0.0,0.0,11.1,33.3,20.0,17.5,0.0,6.9,11.1,14.5,
2479726,7,981335,CESUR DISTRITO OLIMPICO,AWAY,1677519,R. Flores Aguado,R. Flores Aguado,0,12.8,769.0,0.0,0.0,0.0,0.0,0.0,0.0,0.0,0.0,0.0,0.0,1.0,1.0,0.0,1.0,2.0,0.0,0.0,1.0,0.0,1.0,-3.0,0.0,0.0,0.0,0.0,0.0,0.0,0.0,0.0,12.0,4.8,0.0,7.6,0.0,100.0,3.5,
2479726,7,981335,CESUR DISTRITO OLIMPICO,AWAY,2800814,A. Emusi Adeniran,A. Emusi Adeniran,0,1.3,79.0,2.0,1.0,1.0,0.0,0.0,1.0,1.0,0.0,0.0,1.0,0.0,1.0,0.0,0.0,0.0,0.0,0.0,0.0,0.0,3.0,4.0,100.0,100.0,0.0,0.0,2.0,0.0,0.0,78.9,0.0,47.3,-0.0,0.0,0.0,0.0,34.3,
2479727,7,981209,CB CLARET BENIMACLET,HOME,2557107,I. Serrano Alvarez,I. Serrano Alvarez,0,13.5,809.0,3.0,1.0,2.0,0.0,0.0,1.0,2.0,1.0,2.0,0.0,3.0,3.0,1.0,2.0,0.0,1.0,0.0,2.0,2.0,4.0,-1.0,52.1,50.0,0.0,100.0,1.0,0.0,1.0,0.0,26.1,13.5,20.0,0.0,7.2,41.0,16.3,
2479727,7,981209,CB CLARET BENIMACLET,HOME,1886112,S. Afonso Gonzalez,S. Afonso Gonzalez,1,29.4,1765.0,18.0,1.0,5.0,5.0,10.0,6.0,15.0,1.0,2.0,0.0,3.0,3.0,4.0,1.0,0.0,0.0,1.0,2.0,1.0,13.0,-13.0,56.7,56.7,66.7,13.3,0.4,1.5,2.0,0.0,12.0,6.2,50.0,0.0,0.0,5.9,26.0,
2479727,7,981209,CB CLARET BENIMACLET,HOME,2209715,J. Sarrio Asensio,J. Sarrio Asensio,0,19.9,1194.0,5.0,0.0,1.0,1.0,1.0,1.0,2.0,2.0,2.0,2.0,3.0,5.0,1.0,3.0,2.0,0.0,0.0,0.0,1.0,10.0,-17.0,86.8,75.0,50.0,100.0,0.0,3.0,2.0,12.6,17.7,15.2,11.1,4.9,0.0,51.0,13.4,
2479727,7,981209,CB CLARET BENIMACLET,HOME,1853228,J. Rochina Troncoso,J. Rochina Troncoso,1,18.5,1111.0,4.0,1.0,2.0,0.0,1.0,1.0,3.0,2.0,2.0,0.0,0.0,0.0,2.0,2.0,0.0,0.0,0.0,1.0,2.0,3.0,-23.0,51.5,33.3,33.3,66.7,1.0,0.0,1.0,0.0,0.0,0.0,22.2,0.0,0.0,34.0,14.4,
2479727,7,981209,CB CLARET BENIMACLET,HOME,2281500,L. Liern Ruiz,L. Liern Ruiz,0,7.9,472.0,0.0,0.0,0.0,0.0,1.0,0.0,1.0,0.0,0.0,0.0,1.0,1.0,0.0,0.0,0.0,1.0,0.0,2.0,0.0,-1.0,-9.0,0.0,0.0,100.0,0.0,0.0,0.0,0.0,0.0,14.9,7.7,0.0,0.0,12.3,0.0,5.7,
2479727,7,981209,CB CLARET BENIMACLET,HOME,1767443,M. Cuellar Bayarri,M. Cuellar Bayarri,1,25.3,1518.0,12.0,5.0,11.0,0.0,0.0,5.0,11.0,2.0,2.0,1.0,4.0,5.0,1.0,3.0,1.0,0.0,0.0,3.0,2.0,9.0,-29.0,50.5,45.5,0.0,18.2,0.9,0.0,1.0,4.9,18.6,12.0,14.3,1.9,0.0,20.2,26.6,
2479727,7,981209,CB CLARET BENIMACLET,HOME,1506842,E. Cases Rey,E. Cases Rey,1,24.9,1494.0,6.0,1.0,5.0,1.0,4.0,2.0,9.0,1.0,1.0,0.0,4.0,4.0,2.0,5.0,1.0,0.0,2.0,2.0,3.0,2.0,-12.0,31.8,27.8,44.4,11.1,0.4,0.8,0.3,0.0,18.9,9.7,20.0,1.9,0.0,34.6,26.2,
2479727,7,981209,CB CLARET BENIMACLET,HOME,1681307,E. Iranzo Gutierrez,E. Iranzo Gutierrez,0,18.2,1091.0,2.0,0.0,3.0,0.0,4.0,0.0,7.0,2.0,2.0,0.0,2.0,2.0,2.0,3.0,1.0,0.0,0.0,4.0,2.0,-5.0,-25.0,12.7,0.0,57.1,28.6,0.0,0.0,1.0,0.0,12.9,6.7,20.0,2.7,0.0,27.6,27.0,
2479727,7,981209,CB CLARET BENIMACLET,HOME,1994256,T. Toledo Navarro,T. Toledo Navarro,0,18.9,1133.0,6.0,2.0,3.0,0.0,0.0,2.0,3.0,2.0,2.0,1.0,4.0,5.0,2.0,2.0,1.0,0.0,0.0,1.0,2.0,12.0,-7.0,77.3,66.7,0.0,66.7,1.3,0.0,1.0,6.6,24.9,16.0,25.0,2.6,0.0,34.0,14.1,
2479727,7,981209,CB CLARET BENIMACLET,HOME,1749591,I. Garrido Perez,I. Garrido Perez,1,23.6,1413.0,6.0,0.0,2.0,2.0,5.0,2.0,7.0,0.0,2.0,2.0,1.0,3.0,1.0,0.0,2.0,0.0,0.0,1.0,1.0,5.0,-4.0,38.1,42.9,71.4,28.6,0.0,1.2,2.0,10.6,5.0,7.7,10.0,4.1,0.0,0.0,15.1,
2479727,7,981227,DPES CB CIUDAD DE MOSTOLES,AWAY,2040603,P. Gonzalez Gonzalez,P. Gonzalez Gonzalez,0,24.0,1441.0,15.0,5.0,8.0,1.0,5.0,6.0,13.0,2.0,5.0,0.0,4.0,4.0,2.0,2.0,4.0,0.0,0.0,2.0,5.0,16.0,29.0,49.3,50.0,38.5,38.5,1.2,0.6,1.0,0.0,20.8,10.1,14.5,8.1,0.0,11.6,31.2,
2479727,7,981227,DPES CB CIUDAD DE MOSTOLES,AWAY,2162836,D. Vaquero Martinez,D. Vaquero Martinez,0,9.7,583.0,3.0,1.0,5.0,0.0,0.0,1.0,5.0,1.0,1.0,0.0,1.0,1.0,1.0,0.0,0.0,0.0,2.0,1.0,2.0,2.0,6.0,27.6,20.0,0.0,20.0,0.4,0.0,0.5,0.0,12.9,6.2,17.9,0.0,0.0,0.0,24.4,
2479727,7,981227,DPES CB CIUDAD DE MOSTOLES,AWAY,1178705,A. Peredo Lopez,A. Peredo Lopez,1,17.9,1072.0,0.0,0.0,0.0,0.0,3.0,0.0,3.0,0.0,0.0,1.0,3.0,4.0,4.0,1.0,1.0,0.0,0.0,0.0,0.0,5.0,-2.0,0.0,0.0,100.0,0.0,0.0,0.0,0.0,6.6,20.9,13.5,30.3,2.7,0.0,25.0,9.7,
2479727,7,981227,DPES CB CIUDAD DE MOSTOLES,AWAY,1222687,B. Moreno Hurtado,B. Moreno Hurtado,0,18.7,1123.0,8.0,0.0,1.0,2.0,3.0,2.0,4.0,2.0,2.0,0.0,4.0,4.0,2.0,4.0,0.0,0.0,0.0,2.0,1.0,7.0,10.0,82.0,75.0,75.0,50.0,0.0,2.0,2.0,0.0,26.7,13.0,13.8,0.0,0.0,45.0,20.7,
2479727,7,981227,DPES CB CIUDAD DE MOSTOLES,AWAY,2499420,C. Bokuy Angue,C. Bokuy Angue,0,6.0,357.0,0.0,0.0,0.0,0.0,0.0,0.0,0.0,0.0,1.0,0.0,2.0,2.0,0.0,0.0,0.0,0.0,0.0,0.0,0.0,1.0,3.0,0.0,0.0,0.0,0.0,0.0,0.0,0.0,0.0,41.7,20.2,0.0,0.0,0.0,0.0,3.2,
2479727,7,981227,DPES CB CIUDAD DE MOSTOLES,AWAY,1819108,N. Gomez Cobo,N. Gomez Cobo,0,22.2,1333.0,9.0,4.0,5.0,0.0,0.0,4.0,5.0,1.0,1.0,1.0,5.0,6.0,2.0,1.0,1.0,0.0,0.0,1.0,2.0,17.0,27.0,82.7,80.0,0.0,20.0,1.6,0.0,0.5,5.3,28.2,16.4,12.7,2.2,0.0,15.5,12.6,
2479727,7,981227,DPES CB CIUDAD DE MOSTOLES,AWAY,2035086,M. Gamez Martinez,M. Gamez Martinez,0,19.9,1191.0,4.0,2.0,3.0,0.0,0.0,2.0,3.0,0.0,0.0,1.0,2.0,3.0,1.0,0.0,1.0,0.0,0.0,2.0,0.0,6.0,25.0,66.7,66.7,0.0,0.0,1.3,0.0,0.0,5.9,12.6,9.1,6.9,2.4,0.0,0.0,6.6,
2479727,7,981227,DPES CB CIUDAD DE MOSTOLES,AWAY,1589173,M. Correa Villalona,M. Correa Villalona,1,24.5,1470.0,13.0,2.0,7.0,2.0,2.0,4.0,9.0,3.0,5.0,1.0,0.0,1.0,3.0,3.0,7.0,1.0,0.0,2.0,4.0,17.0,1.0,58.0,55.6,22.2,55.6,0.6,3.0,1.2,4.8,0.0,2.5,19.0,13.9,4.8,21.1,25.3,
2479727,7,981227,DPES CB CIUDAD DE MOSTOLES,AWAY,1434653,B. Martinez Sanz,B. Martinez Sanz,1,16.3,979.0,4.0,2.0,3.0,0.0,2.0,2.0,5.0,0.0,3.0,1.0,3.0,4.0,2.0,2.0,3.0,0.0,0.0,2.0,2.0,5.0,-9.0,31.6,40.0,40.0,60.0,1.3,0.0,1.5,7.2,23.0,14.9,17.9,8.9,0.0,24.0,22.2,
2479727,7,981227,DPES CB CIUDAD DE MOSTOLES,AWAY,1740994,B. Rodríguez Bazaga,B. Rodríguez Bazaga,1,25.6,1536.0,26.0,0.0,1.0,8.0,11.0,8.0,12.0,2.0,2.0,0.0,1.0,1.0,2.0,3.0,1.0,1.0,0.0,2.0,1.0,23.0,32.0,100.9,100.0,91.7,16.7,0.0,2.2,2.0,0.0,4.9,2.4,16.9,1.9,4.6,18.9,27.0,
2479727,7,981227,DPES CB CIUDAD DE MOSTOLES,AWAY,2404223,E. Abubakar Arrey,E. Abubakar Arrey,1,15.2,915.0,8.0,4.0,8.0,0.0,0.0,4.0,8.0,0.0,0.0,4.0,1.0,5.0,2.0,0.0,0.0,1.0,0.0,2.0,1.0,11.0,18.0,50.0,50.0,0.0,0.0,1.0,0.0,0.0,31.0,8.2,19.9,21.7,0.0,7.7,0.0,22.9,
2479728,7,979778,MAGEC TÍAS LANZAROTE CONTRA LA VIOLENCIA DE GÉNERO,HOME,2178381,E. Lozano Sosa,E. Lozano Sosa,0,3.1,184.0,0.0,0.0,0.0,0.0,0.0,0.0,0.0,0.0,0.0,0.0,1.0,1.0,0.0,0.0,0.0,0.0,0.0,1.0,0.0,0.0,-1.0,0.0,0.0,0.0,0.0,0.0,0.0,0.0,0.0,39.1,20.2,0.0,0.0,0.0,0.0,0.0,
2479728,7,979778,MAGEC TÍAS LANZAROTE CONTRA LA VIOLENCIA DE GÉNERO,HOME,1100445,Y. Garcia Gonzalez,Y. Garcia Gonzalez,1,32.2,1932.0,20.0,5.0,10.0,0.0,0.0,5.0,10.0,10.0,13.0,2.0,8.0,10.0,3.0,3.0,1.0,0.0,0.0,3.0,8.0,28.0,23.0,63.6,50.0,0.0,130.0,1.0,0.0,1.6,8.0,30.1,19.4,17.2,1.6,0.0,16.0,29.2,
2479728,7,979778,MAGEC TÍAS LANZAROTE CONTRA LA VIOLENCIA DE GÉNERO,HOME,2415445,I. Drake Ruiz-Villar,I. Drake Ruiz-Villar,1,29.3,1756.0,16.0,3.0,5.0,1.0,3.0,4.0,8.0,7.0,10.0,2.0,2.0,4.0,4.0,3.0,2.0,0.0,0.0,2.0,6.0,20.0,10.0,64.5,56.2,37.5,125.0,1.2,1.0,1.7,8.8,8.3,8.5,25.6,3.5,0.0,19.5,26.4,
2479728,7,979778,MAGEC TÍAS LANZAROTE CONTRA LA VIOLENCIA DE GÉNERO,HOME,1450205,A. Rodriguez Guerra,A. Rodriguez Guerra,0,2.9,176.0,0.0,0.0,0.0,0.0,0.0,0.0,0.0,0.0,0.0,0.0,0.0,0.0,0.0,0.0,1.0,0.0,0.0,0.0,0.0,1.0,4.0,0.0,0.0,0.0,0.0,0.0,0.0,0.0,0.0,0.0,0.0,0.0,17.7,0.0,0.0,0.0,
2479728,7,979778,MAGEC TÍAS LANZAROTE CONTRA LA VIOLENCIA DE GÉNERO,HOME,1995747,S. Hisado Santos,S. Hisado Santos,1,28.3,1698.0,3.0,0.0,0.0,1.0,1.0,1.0,1.0,0.0,0.0,0.0,4.0,4.0,7.0,0.0,0.0,0.0,0.0,2.0,0.0,12.0,18.0,150.0,150.0,100.0,0.0,0.0,3.0,0.0,0.0,17.1,8.8,37.6,0.0,0.0,0.0,1.8,
2479728,7,979778,MAGEC TÍAS LANZAROTE CONTRA LA VIOLENCIA DE GÉNERO,HOME,1695414,C. Mateo Cañada,C. Mateo Cañada,1,27.1,1624.0,12.0,2.0,7.0,2.0,6.0,4.0,13.0,2.0,2.0,1.0,2.0,3.0,5.0,0.0,1.0,1.0,0.0,3.0,2.0,12.0,14.0,43.2,38.5,46.2,15.4,0.6,1.0,1.0,4.8,8.9,6.9,32.1,1.9,3.4,0.0,25.7,
2479728,7,979778,MAGEC TÍAS LANZAROTE CONTRA LA VIOLENCIA DE GÉNERO,HOME,2824664,B. Snorradottir,B. Snorradottir,0,20.2,1213.0,5.0,1.0,1.0,1.0,2.0,2.0,3.0,0.0,0.0,1.0,2.0,3.0,0.0,0.0,0.0,1.0,0.0,1.0,0.0,7.0,3.0,83.3,83.3,66.7,0.0,2.0,1.5,0.0,6.4,12.0,9.3,0.0,0.0,4.5,0.0,7.5,
2479728,7,979778,MAGEC TÍAS LANZAROTE CONTRA LA VIOLENCIA DE GÉNERO,HOME,2524794,M. Marinho Junqueira,M. Marinho Junqueira,0,24.7,1481.0,9.0,3.0,4.0,1.0,6.0,4.0,10.0,0.0,0.0,0.0,3.0,3.0,2.0,3.0,1.0,0.0,0.0,2.0,1.0,5.0,12.0,45.0,45.0,60.0,0.0,1.5,0.5,0.0,0.0,14.7,7.6,15.6,2.1,0.0,23.1,26.4,
2479728,7,979778,MAGEC TÍAS LANZAROTE CONTRA LA VIOLENCIA DE GÉNERO,HOME,2379074,N. Zabala Gabilondo,N. Zabala Gabilondo,1,32.3,1936.0,20.0,6.0,7.0,2.0,5.0,8.0,12.0,2.0,6.0,0.0,4.0,4.0,4.0,0.0,0.0,0.0,0.0,1.0,6.0,25.0,17.0,68.3,75.0,41.7,50.0,1.7,1.2,1.0,0.0,15.0,7.7,27.8,0.0,0.0,0.0,22.8,
2479728,7,981414,HIERROS DÍAZ EXTREMADURA MIRALVALLE,AWAY,1707378,M. Pérez Castro,M. Pérez Castro,1,26.6,1596.0,14.0,3.0,8.0,1.0,1.0,4.0,9.0,5.0,7.0,0.0,1.0,1.0,0.0,0.0,1.0,0.0,0.0,3.0,4.0,10.0,-17.0,57.9,50.0,11.1,77.8,0.8,3.0,1.8,0.0,4.9,2.3,0.0,2.0,0.0,0.0,21.4,
2479728,7,981414,HIERROS DÍAZ EXTREMADURA MIRALVALLE,AWAY,2818302,V. Michel,V. Michel,1,21.9,1314.0,6.0,2.0,5.0,0.0,0.0,2.0,5.0,2.0,2.0,2.0,6.0,8.0,3.0,2.0,0.0,0.0,0.0,3.0,2.0,11.0,-15.0,51.0,40.0,0.0,40.0,0.8,0.0,1.0,11.1,35.4,22.8,28.6,0.0,0.0,25.4,17.0,
2479728,7,981414,HIERROS DÍAZ EXTREMADURA MIRALVALLE,AWAY,2734458,L. Navas Castro,L. Navas Castro,0,27.4,1643.0,22.0,5.0,10.0,4.0,7.0,9.0,17.0,0.0,0.0,1.0,0.0,1.0,1.0,3.0,0.0,0.0,0.0,0.0,2.0,15.0,-11.0,64.7,64.7,41.2,0.0,1.0,1.7,0.0,4.4,0.0,2.3,11.8,0.0,0.0,15.0,34.5,
2479728,7,981414,HIERROS DÍAZ EXTREMADURA MIRALVALLE,AWAY,1158794,A. Fernandez Oraa,A. Fernandez Oraa,0,14.2,852.0,0.0,0.0,0.0,0.0,1.0,0.0,1.0,0.0,0.0,0.0,3.0,3.0,0.0,0.0,0.0,0.0,0.0,2.0,0.0,0.0,-4.0,0.0,0.0,100.0,0.0,0.0,0.0,0.0,0.0,27.3,13.2,0.0,0.0,0.0,0.0,3.3,
2479728,7,981414,HIERROS DÍAZ EXTREMADURA MIRALVALLE,AWAY,1724925,M. Romero Garrido,M. Romero Garrido,1,22.7,1362.0,4.0,2.0,3.0,0.0,4.0,2.0,7.0,0.0,0.0,1.0,1.0,2.0,1.0,2.0,1.0,0.0,0.0,4.0,1.0,-2.0,-21.0,28.6,28.6,57.1,0.0,1.3,0.0,0.0,5.3,5.7,5.5,7.7,2.4,0.0,22.2,18.7,
2479728,7,981414,HIERROS DÍAZ EXTREMADURA MIRALVALLE,AWAY,2566363,P. Laurenson Cheynel,P. Laurenson Cheynel,1,22.3,1340.0,5.0,2.0,5.0,0.0,3.0,2.0,8.0,1.0,2.0,0.0,1.0,1.0,4.0,0.0,1.0,0.0,0.0,2.0,2.0,4.0,-10.0,28.2,25.0,37.5,25.0,0.8,0.0,1.0,0.0,5.8,2.8,30.8,2.4,0.0,0.0,18.8,
2479728,7,981414,HIERROS DÍAZ EXTREMADURA MIRALVALLE,AWAY,2845561,S. Brown,S. Brown,1,21.4,1285.0,6.0,1.0,7.0,1.0,2.0,2.0,9.0,1.0,2.0,0.0,7.0,7.0,1.0,3.0,1.0,0.0,1.0,2.0,3.0,5.0,-12.0,30.4,27.8,22.2,22.2,0.3,1.5,0.7,0.0,42.2,20.4,9.5,2.5,0.0,23.3,28.4,
2479728,7,981414,HIERROS DÍAZ EXTREMADURA MIRALVALLE,AWAY,1984467,G. Lopez Cuesta,G. Lopez Cuesta,0,18.1,1086.0,2.0,1.0,3.0,0.0,1.0,1.0,4.0,0.0,0.0,3.0,3.0,6.0,0.0,2.0,0.0,0.0,1.0,2.0,0.0,1.0,-5.0,25.0,25.0,25.0,0.0,0.7,0.0,0.0,20.1,21.4,20.7,0.0,0.0,0.0,33.3,15.7,
2479728,7,981414,HIERROS DÍAZ EXTREMADURA MIRALVALLE,AWAY,1529427,C. Lazaro Hernandez,C. Lazaro Hernandez,0,25.4,1522.0,6.0,3.0,3.0,0.0,3.0,3.0,6.0,0.0,0.0,0.0,3.0,3.0,1.0,1.0,3.0,0.0,0.0,5.0,1.0,5.0,-5.0,50.0,50.0,50.0,0.0,2.0,0.0,0.0,0.0,15.2,7.4,8.3,6.4,0.0,14.3,13.0,
2479729,7,981229,SPAR GRAN CANARIA,HOME,2203305,L. Perez Castro,L. Perez Castro,1,29.4,1764.0,8.0,2.0,5.0,1.0,1.0,3.0,6.0,1.0,2.0,1.0,4.0,5.0,1.0,3.0,1.0,0.0,0.0,3.0,2.0,7.0,4.0,58.1,58.3,16.7,33.3,0.8,3.0,1.0,3.2,16.0,9.0,5.8,1.6,0.0,30.4,13.3,
2479729,7,981229,SPAR GRAN CANARIA,HOME,2288451,A. Hernandez Martinez,A. Hernandez Martinez,1,15.0,899.0,5.0,1.0,1.0,1.0,3.0,2.0,4.0,0.0,0.0,0.0,1.0,1.0,1.0,1.0,1.0,0.0,0.0,3.0,0.0,2.0,-10.0,62.5,62.5,75.0,0.0,2.0,1.0,0.0,0.0,7.8,3.5,10.4,3.1,0.0,20.0,13.2,
2479729,7,981229,SPAR GRAN CANARIA,HOME,2230179,A. Garcia San Blas,A. Garcia San Blas,0,8.2,495.0,0.0,0.0,0.0,0.0,3.0,0.0,3.0,0.0,0.0,0.0,0.0,0.0,1.0,1.0,1.0,0.0,0.0,1.0,0.0,-3.0,0.0,0.0,0.0,100.0,0.0,0.0,0.0,0.0,0.0,0.0,0.0,17.2,5.7,0.0,25.0,19.3,
2479729,7,981229,SPAR GRAN CANARIA,HOME,2494285,A. Mbengue Sánchez,A. Mbengue Sánchez,0,22.0,1321.0,12.0,6.0,8.0,0.0,0.0,6.0,8.0,0.0,0.0,3.0,4.0,7.0,1.0,0.0,1.0,0.0,0.0,3.0,0.0,16.0,2.0,75.0,75.0,0.0,0.0,1.5,0.0,0.0,13.0,21.4,16.7,8.8,2.1,0.0,0.0,14.4,
2479729,7,981229,SPAR GRAN CANARIA,HOME,2251955,M. Ocurto Mendes,M. Ocurto Mendes,0,18.5,1112.0,2.0,1.0,3.0,0.0,4.0,1.0,7.0,0.0,0.0,0.0,5.0,5.0,1.0,2.0,2.0,0.0,0.0,1.0,0.0,1.0,14.0,14.3,14.3,57.1,0.0,0.7,0.0,0.0,0.0,31.8,14.2,7.4,5.1,0.0,22.2,19.3,
2479729,7,981229,SPAR GRAN CANARIA,HOME,2292843,M. Rodríguez Sánchez,M. Rodríguez Sánchez,0,5.6,334.0,0.0,0.0,0.0,0.0,0.0,0.0,0.0,0.0,0.0,1.0,0.0,1.0,0.0,0.0,0.0,0.0,0.0,0.0,0.0,1.0,3.0,0.0,0.0,0.0,0.0,0.0,0.0,0.0,17.0,0.0,9.4,0.0,0.0,0.0,0.0,0.0,
2479729,7,981229,SPAR GRAN CANARIA,HOME,2352279,T. Ezeanatogu Ezeonu,T. Ezeanatogu Ezeonu,1,36.3,2176.0,10.0,3.0,7.0,0.0,0.0,3.0,7.0,4.0,6.0,2.0,7.0,9.0,3.0,6.0,8.0,2.0,0.0,3.0,5.0,22.0,8.0,51.9,42.9,0.0,85.7,0.9,0.0,1.2,5.2,22.7,13.0,13.0,10.4,6.3,38.4,17.1,
2479729,7,981229,SPAR GRAN CANARIA,HOME,2647608,M. Doumbia,M. Doumbia,1,40.0,2400.0,15.0,6.0,17.0,0.0,3.0,6.0,20.0,3.0,8.0,6.0,2.0,8.0,3.0,5.0,3.0,0.0,0.0,3.0,9.0,11.0,5.0,31.9,30.0,15.0,40.0,0.7,0.0,0.9,14.3,5.9,10.5,13.0,3.5,0.0,17.5,28.2,
2479729,7,981229,SPAR GRAN CANARIA,HOME,2643570,L. Toure,L. Toure,1,25.0,1499.0,21.0,8.0,15.0,0.0,0.0,8.0,15.0,5.0,9.0,5.0,5.0,10.0,1.0,2.0,0.0,0.0,0.0,4.0,6.0,21.0,-1.0,55.4,53.3,0.0,60.0,1.1,0.0,1.5,19.0,23.5,21.1,10.6,0.0,0.0,9.5,33.2,
2479729,7,981212,ELSAMEX CB ANDRATX,AWAY,2553411,N. Jeng,N. Jeng,0,25.4,1527.0,12.0,5.0,11.0,0.0,0.0,5.0,11.0,2.0,3.0,2.0,10.0,12.0,0.0,5.0,1.0,0.0,0.0,4.0,2.0,11.0,-6.0,48.7,45.5,0.0,27.3,0.9,0.0,1.5,9.3,37.5,24.9,0.0,1.9,0.0,28.9,30.0,
2479729,7,981212,ELSAMEX CB ANDRATX,AWAY,2036170,A. Peregrina Garcia,A. Peregrina Garcia,1,33.9,2031.0,26.0,0.0,5.0,7.0,12.0,7.0,17.0,5.0,7.0,0.0,2.0,2.0,3.0,4.0,4.0,0.0,1.0,0.0,7.0,26.0,7.0,64.7,61.8,70.6,41.2,0.0,1.8,1.0,0.0,5.6,3.1,26.3,5.7,0.0,16.6,31.3,
2479729,7,981212,ELSAMEX CB ANDRATX,AWAY,1762758,P. Charro Och,P. Charro Och,1,24.8,1488.0,10.0,2.0,6.0,2.0,7.0,4.0,13.0,0.0,0.0,0.0,1.0,1.0,2.0,1.0,0.0,0.0,0.0,1.0,0.0,2.0,2.0,38.5,38.5,53.8,0.0,0.7,0.9,0.0,0.0,3.8,2.1,20.4,0.0,0.0,7.1,24.8,
2479729,7,981212,ELSAMEX CB ANDRATX,AWAY,1579078,H. Condom Rosell,H. Condom Rosell,1,17.8,1066.0,5.0,1.0,3.0,0.0,1.0,1.0,4.0,3.0,6.0,0.0,2.0,2.0,1.0,1.0,1.0,0.0,0.0,5.0,4.0,1.0,0.0,37.7,25.0,25.0,150.0,0.7,0.0,1.5,0.0,10.7,5.9,12.2,2.7,0.0,13.1,18.9,
2479729,7,981212,ELSAMEX CB ANDRATX,AWAY,2148958,M. López Martí,M. López Martí,1,31.0,1860.0,8.0,1.0,1.0,2.0,3.0,3.0,4.0,0.0,0.0,1.0,3.0,4.0,3.0,3.0,2.0,0.0,0.0,3.0,2.0,12.0,-2.0,100.0,100.0,75.0,0.0,2.0,2.0,0.0,3.8,9.2,6.8,19.5,3.1,0.0,42.9,9.9,
2479729,7,981212,ELSAMEX CB ANDRATX,AWAY,2276474,L. García Rivera,L. García Rivera,0,17.1,1025.0,0.0,0.0,2.0,0.0,1.0,0.0,3.0,0.0,0.0,2.0,2.0,4.0,0.0,2.0,1.0,0.0,0.0,0.0,2.0,2.0,-14.0,0.0,0.0,33.3,0.0,0.0,0.0,0.0,13.8,11.1,12.3,0.0,2.8,0.0,40.0,12.9,
2479729,7,981212,ELSAMEX CB ANDRATX,AWAY,2043611,J. Ballester Manque,J. Ballester Manque,0,21.7,1301.0,3.0,1.0,3.0,0.0,0.0,1.0,3.0,1.0,2.0,0.0,3.0,3.0,1.0,3.0,0.0,0.0,1.0,3.0,2.0,0.0,-14.0,38.7,33.3,0.0,66.7,0.7,0.0,1.0,0.0,13.2,7.3,9.5,0.0,0.0,43.6,13.9,
2479729,7,981212,ELSAMEX CB ANDRATX,AWAY,2294809,P. Sans Cantallops,P. Sans Cantallops,1,20.5,1230.0,2.0,1.0,2.0,0.0,1.0,1.0,3.0,0.0,0.0,1.0,0.0,1.0,1.0,3.0,1.0,0.0,0.0,3.0,0.0,-3.0,2.0,33.3,33.3,33.3,0.0,1.0,0.0,0.0,5.7,0.0,2.6,9.5,2.4,0.0,50.0,12.9,
2479729,7,981212,ELSAMEX CB ANDRATX,AWAY,2820516,L. Stenta,L. Stenta,0,7.9,472.0,2.0,1.0,2.0,0.0,1.0,1.0,3.0,0.0,0.0,0.0,1.0,1.0,2.0,0.0,0.0,0.0,0.0,3.0,2.0,2.0,0.0,33.3,33.3,33.3,0.0,1.0,0.0,0.0,0.0,12.1,6.7,55.6,0.0,0.0,0.0,16.7,
2479730,7,981304,DISHELEC 65 VILADECANS,HOME,2050407,L. Sanchez Garcia,L. Sanchez Garcia,1,23.5,1411.0,8.0,4.0,7.0,0.0,1.0,4.0,8.0,0.0,0.0,1.0,1.0,2.0,1.0,0.0,0.0,1.0,2.0,4.0,0.0,4.0,-2.0,50.0,50.0,12.5,0.0,1.1,0.0,0.0,3.7,3.7,3.7,14.7,0.0,4.1,0.0,16.5,
2479730,7,981304,DISHELEC 65 VILADECANS,HOME,1910113,L. Anducas Rodon,L. Anducas Rodon,1,28.1,1689.0,16.0,2.0,5.0,3.0,6.0,5.0,11.0,3.0,4.0,0.0,4.0,4.0,4.0,2.0,1.0,1.0,0.0,2.0,4.0,19.0,14.0,62.7,59.1,54.5,36.4,0.8,1.5,1.0,0.0,12.4,6.2,52.6,2.2,3.4,13.6,25.5,
2479730,7,981304,DISHELEC 65 VILADECANS,HOME,1727776,P. Curto Garcia,P. Curto Garcia,1,23.9,1437.0,6.0,1.0,3.0,1.0,8.0,2.0,11.0,1.0,1.0,1.0,8.0,9.0,0.0,2.0,2.0,1.0,0.0,0.0,1.0,8.0,10.0,26.2,22.7,72.7,9.1,0.7,0.4,1.0,3.6,29.1,16.4,0.0,5.1,4.0,14.9,27.3,
2479730,7,981304,DISHELEC 65 VILADECANS,HOME,1398200,J. Turrion Aranda,J. Turrion Aranda,1,33.4,2003.0,10.0,3.0,10.0,1.0,7.0,4.0,17.0,1.0,2.0,0.0,4.0,4.0,1.0,0.0,4.0,0.0,1.0,2.0,3.0,6.0,11.0,28.0,26.5,41.2,11.8,0.6,0.4,0.7,0.0,10.4,5.2,9.6,7.4,0.0,0.0,26.0,
2479730,7,981304,DISHELEC 65 VILADECANS,HOME,2322360,A. Torne Labarta,A. Torne Labarta,0,11.2,675.0,0.0,0.0,3.0,0.0,0.0,0.0,3.0,0.0,0.0,0.0,3.0,3.0,1.0,0.0,0.0,0.0,0.0,0.0,0.0,1.0,3.0,0.0,0.0,0.0,0.0,0.0,0.0,0.0,0.0,23.3,11.6,18.5,0.0,0.0,0.0,13.0,
2479730,7,981304,DISHELEC 65 VILADECANS,HOME,2146979,N. Sanchez Marques,N. Sanchez Marques,0,25.0,1500.0,11.0,0.0,3.0,2.0,3.0,2.0,6.0,5.0,6.0,1.0,1.0,2.0,0.0,3.0,3.0,0.0,1.0,1.0,5.0,12.0,4.0,63.7,50.0,50.0,100.0,0.0,2.0,1.2,3.5,3.5,3.5,0.0,7.4,0.0,25.8,22.6,
2479730,7,981304,DISHELEC 65 VILADECANS,HOME,1956668,M. Ribera Sanuy,M. Ribera Sanuy,0,22.6,1357.0,3.0,1.0,4.0,0.0,1.0,1.0,5.0,1.0,4.0,1.0,0.0,1.0,0.0,0.0,0.0,0.0,0.0,0.0,5.0,2.0,11.0,22.2,20.0,20.0,80.0,0.5,0.0,0.8,3.8,0.0,1.9,0.0,0.0,0.0,0.0,14.5,
2479730,7,981304,DISHELEC 65 VILADECANS,HOME,1663009,Q. Ubia Llunell,Q. Ubia Llunell,1,16.4,986.0,0.0,0.0,0.0,0.0,1.0,0.0,1.0,0.0,0.0,0.0,2.0,2.0,1.0,2.0,1.0,0.0,0.0,4.0,0.0,-3.0,1.0,0.0,0.0,100.0,0.0,0.0,0.0,0.0,0.0,10.6,5.3,13.9,3.7,0.0,66.7,8.9,
2479730,7,981304,DISHELEC 65 VILADECANS,HOME,2240210,A. Alcantara Ros,A. Alcantara Ros,0,0.4,26.0,0.0,0.0,0.0,0.0,0.0,0.0,0.0,0.0,0.0,0.0,0.0,0.0,0.0,0.0,0.0,0.0,0.0,0.0,0.0,0.0,0.0,0.0,0.0,0.0,0.0,0.0,0.0,0.0,0.0,0.0,0.0,0.0,0.0,0.0,0.0,0.0,
2479730,7,981304,DISHELEC 65 VILADECANS,HOME,2056456,N. Soler Ramos,N. Soler Ramos,0,15.3,916.0,0.0,0.0,3.0,0.0,0.0,0.0,3.0,0.0,2.0,6.0,8.0,14.0,1.0,0.0,0.0,1.0,0.0,2.0,3.0,12.0,23.0,0.0,0.0,0.0,66.7,0.0,0.0,0.7,34.1,45.5,39.8,13.9,0.0,6.2,0.0,12.3,
2479730,7,979775,BASKET ALMEDA,AWAY,1929994,M. Garcia Menéndez,M. Garcia Menéndez,1,22.6,1356.0,0.0,0.0,3.0,0.0,2.0,0.0,5.0,0.0,2.0,1.0,5.0,6.0,2.0,3.0,0.0,0.0,0.0,2.0,3.0,-1.0,-8.0,0.0,0.0,40.0,40.0,0.0,0.0,0.7,3.8,19.2,11.5,23.8,0.0,0.0,33.8,19.6,
2479730,7,979775,BASKET ALMEDA,AWAY,1912154,C. Balibrea Oliveras,C. Balibrea Oliveras,0,3.7,221.0,2.0,1.0,1.0,0.0,0.0,1.0,1.0,0.0,0.0,0.0,0.0,0.0,0.0,0.0,0.0,0.0,0.0,0.0,0.0,2.0,3.0,100.0,100.0,0.0,0.0,2.0,0.0,0.0,0.0,0.0,0.0,0.0,0.0,0.0,0.0,13.5,
2479730,7,979775,BASKET ALMEDA,AWAY,2219057,I. Homs Fatjo,I. Homs Fatjo,0,21.4,1287.0,6.0,3.0,6.0,0.0,1.0,3.0,7.0,0.0,0.0,2.0,3.0,5.0,0.0,1.0,0.0,0.0,0.0,3.0,0.0,3.0,-9.0,42.9,42.9,14.3,0.0,1.0,0.0,0.0,8.1,12.2,10.2,0.0,0.0,0.0,12.5,18.7,
2479730,7,979775,BASKET ALMEDA,AWAY,1893303,L. Tierno Martí,L. Tierno Martí,1,29.3,1758.0,10.0,1.0,7.0,1.0,4.0,2.0,11.0,5.0,6.0,1.0,4.0,5.0,1.0,3.0,1.0,1.0,2.0,1.0,5.0,9.0,-8.0,36.7,22.7,36.4,54.5,0.3,0.8,1.2,3.0,11.9,7.4,12.8,1.9,3.6,18.0,28.3,
2479730,7,979775,BASKET ALMEDA,AWAY,1398197,C. Tapia Palacio,C. Tapia Palacio,0,21.5,1289.0,4.0,1.0,6.0,0.0,4.0,1.0,10.0,2.0,2.0,3.0,3.0,6.0,2.0,0.0,1.0,0.0,1.0,1.0,1.0,4.0,-7.0,18.4,10.0,40.0,20.0,0.3,0.0,2.0,12.1,12.1,12.1,33.3,2.6,0.0,0.0,25.3,
2479730,7,979775,BASKET ALMEDA,AWAY,1737538,C. Pujol Martinez,C. Pujol Martinez,0,28.7,1721.0,2.0,1.0,6.0,0.0,2.0,1.0,8.0,0.0,0.0,1.0,11.0,12.0,4.0,0.0,0.0,1.0,0.0,0.0,1.0,13.0,-9.0,12.5,12.5,25.0,0.0,0.3,0.0,0.0,3.0,33.3,18.2,45.5,0.0,3.7,0.0,13.9,
2479730,7,979775,BASKET ALMEDA,AWAY,2157230,L. Jove Fuste,L. Jove Fuste,0,10.7,642.0,2.0,1.0,3.0,0.0,1.0,1.0,4.0,0.0,0.0,0.0,0.0,0.0,1.0,1.0,1.0,0.0,0.0,3.0,0.0,-3.0,-7.0,25.0,25.0,25.0,0.0,0.7,0.0,0.0,0.0,0.0,0.0,31.2,5.2,0.0,20.0,23.3,
2479730,7,979775,BASKET ALMEDA,AWAY,2053836,C. Moreno Mengibar,C. Moreno Mengibar,1,16.5,988.0,6.0,3.0,4.0,0.0,0.0,3.0,4.0,0.0,0.0,3.0,1.0,4.0,0.0,0.0,0.0,1.0,0.0,3.0,1.0,8.0,-12.0,75.0,75.0,0.0,0.0,1.5,0.0,0.0,15.8,5.3,10.5,0.0,0.0,6.4,0.0,12.1,
2479730,7,979775,BASKET ALMEDA,AWAY,2054903,A. Cojocariu,A. Cojocariu,1,14.5,868.0,4.0,0.0,2.0,1.0,3.0,1.0,5.0,1.0,2.0,1.0,2.0,3.0,1.0,3.0,0.0,0.0,1.0,3.0,2.0,-1.0,-6.0,34.0,30.0,60.0,40.0,0.0,1.0,1.0,6.0,12.0,9.0,21.7,0.0,0.0,33.8,30.6,
2479730,7,979775,BASKET ALMEDA,AWAY,2147731,D. Peris Fons,D. Peris Fons,0,19.9,1191.0,3.0,1.0,3.0,0.0,0.0,1.0,3.0,1.0,2.0,2.0,6.0,8.0,0.0,3.0,0.0,1.0,0.0,4.0,2.0,4.0,-6.0,38.7,33.3,0.0,66.7,0.7,0.0,1.0,8.7,26.2,17.5,0.0,0.0,5.3,43.6,17.3,
2479730,7,979775,BASKET ALMEDA,AWAY,2440587,M. Coll-Vinent Olle,M. Coll-Vinent Olle,1,11.3,679.0,0.0,0.0,1.0,0.0,1.0,0.0,2.0,0.0,0.0,1.0,1.0,2.0,0.0,0.0,0.0,0.0,0.0,1.0,0.0,-1.0,-6.0,0.0,0.0,50.0,0.0,0.0,0.0,0.0,7.7,7.7,7.7,0.0,0.0,0.0,0.0,8.8,
2479731,7,982048,EL PLANTEL GMASB,HOME,2819272,D. Ryzinska,D. Ryzinska,1,23.8,1428.0,0.0,0.0,3.0,0.0,1.0,0.0,4.0,0.0,0.0,1.0,4.0,5.0,1.0,0.0,0.0,0.0,0.0,5.0,2.0,-1.0,-9.0,0.0,0.0,25.0,0.0,0.0,0.0,0.0,4.4,17.2,10.9,15.2,0.0,0.0,0.0,8.9,
2479731,7,982048,EL PLANTEL GMASB,HOME,2664237,C. Rojas Cepero,C. Rojas Cepero,0,2.5,151.0,0.0,0.0,0.0,0.0,0.0,0.0,0.0,0.0,0.0,0.0,2.0,2.0,0.0,0.0,0.0,0.0,0.0,0.0,0.0,2.0,-1.0,0.0,0.0,0.0,0.0,0.0,0.0,0.0,0.0,82.1,41.6,0.0,0.0,0.0,0.0,0.0,
2479731,7,982048,EL PLANTEL GMASB,HOME,2124275,C. Villanueva Lazaro,C. Villanueva Lazaro,1,18.0,1079.0,2.0,0.0,1.0,0.0,1.0,0.0,2.0,2.0,2.0,0.0,2.0,2.0,0.0,2.0,0.0,0.0,0.0,1.0,2.0,1.0,-4.0,34.7,0.0,50.0,100.0,0.0,0.0,1.0,0.0,11.4,5.8,0.0,0.0,0.0,41.0,14.4,
2479731,7,982048,EL PLANTEL GMASB,HOME,1974272,R. Revueltas Pareja,R. Revueltas Pareja,0,18.2,1094.0,2.0,1.0,4.0,0.0,2.0,1.0,6.0,0.0,2.0,0.0,6.0,6.0,1.0,2.0,0.0,0.0,0.0,2.0,3.0,1.0,-22.0,14.5,16.7,33.3,33.3,0.5,0.0,0.7,0.0,33.8,17.1,22.2,0.0,0.0,22.5,25.8,
2479731,7,982048,EL PLANTEL GMASB,HOME,2232865,M. Sanchez Valenzuela,M. Sanchez Valenzuela,1,27.7,1660.0,9.0,0.0,5.0,2.0,5.0,2.0,10.0,3.0,4.0,0.0,2.0,2.0,0.0,1.0,0.0,0.0,0.0,2.0,2.0,1.0,-24.0,38.3,30.0,50.0,40.0,0.0,1.2,2.0,0.0,7.4,3.8,0.0,0.0,0.0,7.8,24.4,
2479731,7,982048,EL PLANTEL GMASB,HOME,1111828,L. Fernandez Fiel,L. Fernandez Fiel,1,28.2,1695.0,13.0,3.0,6.0,0.0,3.0,3.0,9.0,7.0,9.0,1.0,2.0,3.0,2.0,3.0,3.0,0.0,0.0,3.0,5.0,12.0,-29.0,50.2,33.3,33.3,100.0,1.0,0.0,1.8,3.7,7.3,5.5,42.6,5.4,0.0,18.8,30.0,
2479731,7,982048,EL PLANTEL GMASB,HOME,2419277,A. Cisse Barragan,A. Cisse Barragan,1,18.2,1093.0,0.0,0.0,1.0,0.0,0.0,0.0,1.0,0.0,0.0,1.0,0.0,1.0,1.0,3.0,0.0,0.0,0.0,2.0,0.0,-4.0,-14.0,0.0,0.0,0.0,0.0,0.0,0.0,0.0,5.8,0.0,2.9,18.2,0.0,0.0,75.0,11.6,
2479731,7,982048,EL PLANTEL GMASB,HOME,2112760,M. Diaz Torres,M. Diaz Torres,0,14.0,838.0,5.0,1.0,1.0,0.0,0.0,1.0,1.0,3.0,4.0,1.0,0.0,1.0,0.0,2.0,0.0,0.0,0.0,3.0,2.0,2.0,-14.0,90.6,100.0,0.0,400.0,2.0,0.0,2.0,7.5,0.0,3.7,0.0,0.0,0.0,42.0,18.0,
2479731,7,982048,EL PLANTEL GMASB,HOME,2307170,A. Rodriguez Romero,A. Rodriguez Romero,0,3.6,214.0,0.0,0.0,0.0,0.0,2.0,0.0,2.0,0.0,0.0,0.0,0.0,0.0,0.0,0.0,1.0,0.0,0.0,0.0,0.0,-1.0,-5.0,0.0,0.0,100.0,0.0,0.0,0.0,0.0,0.0,0.0,0.0,0.0,14.2,0.0,0.0,29.4,
2479731,7,982048,EL PLANTEL GMASB,HOME,1080472,P. Benet Edo,P. Benet Edo,0,19.4,1162.0,12.0,2.0,6.0,1.0,3.0,3.0,9.0,5.0,6.0,0.0,5.0,5.0,2.0,0.0,3.0,1.0,0.0,1.0,3.0,18.0,-4.0,51.5,38.9,33.3,66.7,0.7,1.0,2.0,0.0,26.4,13.4,80.0,7.9,5.7,0.0,31.8,
2479731,7,982048,EL PLANTEL GMASB,HOME,2202075,M. Garcia Garrido,M. Garcia Garrido,0,15.4,922.0,1.0,0.0,1.0,0.0,2.0,0.0,3.0,1.0,2.0,0.0,0.0,0.0,0.0,0.0,0.0,0.0,0.0,0.0,1.0,-2.0,-14.0,12.9,0.0,66.7,66.7,0.0,0.0,2.0,0.0,0.0,0.0,0.0,0.0,0.0,0.0,13.3,
2479731,7,982048,EL PLANTEL GMASB,HOME,2364455,T. Sene,T. Sene,0,11.1,664.0,5.0,1.0,1.0,0.0,0.0,1.0,1.0,3.0,4.0,0.0,0.0,0.0,0.0,0.0,0.0,0.0,0.0,5.0,2.0,1.0,-10.0,90.6,100.0,0.0,400.0,2.0,0.0,2.0,0.0,0.0,0.0,0.0,0.0,0.0,0.0,13.2,
2479731,7,981167,SEGLE XXI,AWAY,2357207,Z. Ajisebutu Casas,Z. Ajisebutu Casas,0,7.6,458.0,3.0,0.0,0.0,1.0,1.0,1.0,1.0,0.0,0.0,1.0,0.0,1.0,0.0,3.0,0.0,0.0,0.0,2.0,1.0,0.0,-9.0,150.0,150.0,100.0,0.0,0.0,3.0,0.0,13.5,0.0,6.8,0.0,0.0,0.0,75.0,22.3,
2479731,7,981167,SEGLE XXI,AWAY,2153172,M. Cintas Diaz,M. Cintas Diaz,1,24.0,1439.0,7.0,2.0,7.0,1.0,3.0,3.0,10.0,0.0,0.0,1.0,0.0,1.0,4.0,0.0,1.0,0.0,0.0,2.0,2.0,6.0,31.0,35.0,35.0,30.0,0.0,0.6,1.0,0.0,4.3,0.0,2.2,30.3,2.3,0.0,0.0,17.6,
2479731,7,981167,SEGLE XXI,AWAY,2289362,D. Garcia Dominguez,D. Garcia Dominguez,0,18.5,1112.0,7.0,3.0,6.0,0.0,3.0,3.0,9.0,1.0,2.0,0.0,3.0,3.0,2.0,1.0,1.0,0.0,1.0,3.0,1.0,3.0,0.0,35.4,33.3,33.3,22.2,1.0,0.0,2.0,0.0,17.1,8.4,19.0,3.0,0.0,9.2,24.9,
2479731,7,981167,SEGLE XXI,AWAY,2320695,A. Plans Bellavista,A. Plans Bellavista,0,18.7,1122.0,6.0,0.0,0.0,1.0,4.0,1.0,4.0,3.0,4.0,0.0,2.0,2.0,1.0,1.0,0.0,0.0,0.0,3.0,2.0,3.0,6.0,52.1,37.5,100.0,100.0,0.0,0.8,2.0,0.0,11.3,5.6,8.0,0.0,0.0,14.8,15.3,
2479731,7,981167,SEGLE XXI,AWAY,2448425,N. Cordón Elizarán,N. Cordón Elizarán,0,10.4,625.0,0.0,0.0,0.0,0.0,0.0,0.0,0.0,0.0,0.0,1.0,3.0,4.0,0.0,0.0,1.0,0.0,0.0,3.0,0.0,2.0,1.0,0.0,0.0,0.0,0.0,0.0,0.0,0.0,9.9,30.4,20.0,0.0,5.4,0.0,0.0,0.0,
2479731,7,981167,SEGLE XXI,AWAY,2528757,I. Garcia Fernandez,I. Garcia Fernandez,1,13.9,832.0,11.0,5.0,5.0,0.0,2.0,5.0,7.0,1.0,1.0,3.0,5.0,8.0,0.0,3.0,0.0,0.0,0.0,4.0,3.0,13.0,13.0,73.9,71.4,28.6,14.3,2.0,0.0,0.3,22.1,37.9,29.9,0.0,0.0,0.0,28.7,31.8,
2479731,7,981167,SEGLE XXI,AWAY,2244483,S. Nde Akawung,S. Nde Akawung,1,24.6,1476.0,7.0,1.0,5.0,1.0,5.0,2.0,10.0,2.0,2.0,4.0,5.0,9.0,3.0,1.0,1.0,0.0,0.0,1.0,2.0,12.0,25.0,32.2,25.0,50.0,20.0,0.4,0.6,1.0,16.7,21.4,19.0,21.1,2.3,0.0,8.4,20.5,
2479731,7,981167,SEGLE XXI,AWAY,2196865,M. Carbó Medina,M. Carbó Medina,1,22.8,1367.0,10.0,2.0,4.0,2.0,8.0,4.0,12.0,0.0,2.0,2.0,4.0,6.0,4.0,2.0,2.0,0.0,0.0,2.0,3.0,11.0,32.0,38.8,41.7,66.7,16.7,1.0,0.8,0.7,9.0,18.5,13.7,32.8,4.9,0.0,13.4,27.6,
2479731,7,981167,SEGLE XXI,AWAY,2528756,M. Zarzuelo Oroz,M. Zarzuelo Oroz,0,7.5,449.0,3.0,0.0,0.0,1.0,2.0,1.0,2.0,0.0,0.0,0.0,3.0,3.0,0.0,0.0,0.0,0.0,0.0,0.0,0.0,5.0,1.0,75.0,75.0,100.0,0.0,0.0,1.5,0.0,0.0,42.1,20.8,0.0,0.0,0.0,0.0,11.3,
2479731,7,981167,SEGLE XXI,AWAY,2639399,S. Okafor Ofoegbu,S. Okafor Ofoegbu,1,26.5,1588.0,14.0,3.0,4.0,2.0,7.0,5.0,11.0,2.0,3.0,1.0,1.0,2.0,2.0,0.0,0.0,0.0,0.0,0.0,3.0,14.0,32.0,56.8,54.5,63.6,27.3,1.5,0.9,1.0,3.9,4.0,3.9,14.4,0.0,0.0,0.0,19.7,
2479731,7,981167,SEGLE XXI,AWAY,2229661,B. Asensio Senosiáin,B. Asensio Senosiáin,0,14.3,857.0,4.0,1.0,1.0,0.0,1.0,1.0,2.0,2.0,4.0,2.0,4.0,6.0,1.0,0.0,0.0,0.0,0.0,0.0,3.0,11.0,4.0,53.2,50.0,50.0,200.0,2.0,0.0,1.3,14.3,29.4,21.8,10.2,0.0,0.0,0.0,11.1,
2479731,7,981167,SEGLE XXI,AWAY,2461439,A. Smykovskaia,A. Smykovskaia,0,11.2,675.0,7.0,1.0,4.0,0.0,0.0,1.0,4.0,5.0,8.0,1.0,4.0,5.0,1.0,0.0,0.0,0.0,0.0,2.0,4.0,9.0,14.0,46.5,25.0,0.0,200.0,0.5,0.0,2.0,9.2,37.6,23.2,14.1,0.0,0.0,0.0,28.4,
2479732,8,981167,SEGLE XXI,HOME,2357204,B. Ajisebutu Casas,B. Ajisebutu Casas,0,14.8,889.0,5.0,0.0,4.0,1.0,1.0,1.0,5.0,2.0,4.0,3.0,3.0,6.0,1.0,2.0,1.0,1.0,0.0,1.0,2.0,7.0,2.0,37.0,30.0,20.0,80.0,0.0,3.0,2.0,16.5,30.0,21.3,9.1,3.4,6.4,22.8,23.4,
2479732,8,981167,SEGLE XXI,HOME,2153172,M. Cintas Diaz,M. Cintas Diaz,1,21.5,1290.0,8.0,4.0,8.0,0.0,4.0,4.0,12.0,0.0,0.0,1.0,2.0,3.0,4.0,1.0,1.0,0.0,1.0,3.0,1.0,5.0,20.0,33.3,33.3,33.3,0.0,1.0,0.0,0.0,3.8,13.8,7.3,36.4,2.3,0.0,7.7,23.9,
2479732,8,981167,SEGLE XXI,HOME,2289362,D. Garcia Dominguez,D. Garcia Dominguez,0,23.7,1424.0,8.0,2.0,3.0,1.0,8.0,3.0,11.0,1.0,2.0,1.0,2.0,3.0,3.0,3.0,0.0,0.0,0.0,0.0,1.0,3.0,5.0,33.7,31.8,72.7,18.2,1.3,0.4,2.0,3.4,12.5,6.7,20.0,0.0,0.0,20.2,24.8,
2479732,8,981167,SEGLE XXI,HOME,2320695,A. Plans Bellavista,A. Plans Bellavista,0,13.9,832.0,3.0,0.0,1.0,1.0,4.0,1.0,5.0,0.0,0.0,0.0,0.0,0.0,2.0,1.0,3.0,0.0,0.0,2.0,0.0,1.0,11.0,30.0,30.0,80.0,0.0,0.0,0.8,0.0,0.0,0.0,0.0,25.0,10.9,0.0,16.7,17.1,
2479732,8,981167,SEGLE XXI,HOME,2448425,N. Cordón Elizarán,N. Cordón Elizarán,0,7.8,469.0,0.0,0.0,0.0,0.0,0.0,0.0,0.0,0.0,0.0,1.0,2.0,3.0,0.0,1.0,0.0,1.0,0.0,0.0,0.0,3.0,-7.0,0.0,0.0,0.0,0.0,0.0,0.0,0.0,10.5,38.0,20.2,0.0,0.0,12.2,100.0,5.1,
2479732,8,981167,SEGLE XXI,HOME,2528757,I. Garcia Fernandez,I. Garcia Fernandez,1,24.8,1487.0,10.0,3.0,6.0,1.0,1.0,4.0,7.0,1.0,4.0,4.0,6.0,10.0,2.0,0.0,0.0,0.0,1.0,2.0,2.0,16.0,20.0,57.1,64.3,14.3,57.1,1.0,3.0,2.0,13.2,35.8,21.2,14.3,0.0,0.0,0.0,14.0,
2479732,8,981167,SEGLE XXI,HOME,2244483,S. Nde Akawung,S. Nde Akawung,1,25.0,1500.0,17.0,3.0,9.0,3.0,4.0,6.0,13.0,2.0,2.0,3.0,1.0,4.0,1.0,0.0,1.0,0.0,0.0,2.0,1.0,15.0,27.0,61.2,57.7,30.8,15.4,0.7,2.2,2.0,9.8,5.9,8.4,8.3,2.0,0.0,0.0,22.0,
2479732,8,981167,SEGLE XXI,HOME,2196865,M. Carbó Medina,M. Carbó Medina,1,18.6,1118.0,6.0,1.0,4.0,0.0,2.0,1.0,6.0,4.0,4.0,1.0,0.0,1.0,0.0,0.0,3.0,0.0,1.0,0.0,2.0,7.0,22.0,38.7,16.7,33.3,66.7,0.5,0.0,2.0,4.4,0.0,2.8,0.0,8.1,0.0,0.0,16.5,
2479732,8,981167,SEGLE XXI,HOME,2528756,M. Zarzuelo Oroz,M. Zarzuelo Oroz,0,2.9,172.0,0.0,0.0,0.0,0.0,0.0,0.0,0.0,0.0,0.0,0.0,0.0,0.0,0.0,0.0,0.0,0.0,0.0,0.0,0.0,0.0,-1.0,0.0,0.0,0.0,0.0,0.0,0.0,0.0,0.0,0.0,0.0,0.0,0.0,0.0,0.0,0.0,
2479732,8,981167,SEGLE XXI,HOME,2639399,S. Okafor Ofoegbu,S. Okafor Ofoegbu,1,23.1,1388.0,19.0,2.0,7.0,3.0,6.0,5.0,13.0,6.0,6.0,3.0,0.0,3.0,1.0,0.0,3.0,0.0,0.0,0.0,3.0,21.0,17.0,60.7,50.0,46.2,46.2,0.6,1.5,2.0,10.6,0.0,6.8,7.7,6.6,0.0,0.0,26.8,
2479732,8,981167,SEGLE XXI,HOME,2454402,S. Fernandez De Cuevas Martinez,S. Fernandez De Cuevas Martinez,0,4.6,278.0,0.0,0.0,1.0,0.0,0.0,0.0,1.0,0.0,0.0,0.0,0.0,0.0,0.0,0.0,1.0,0.0,0.0,1.0,0.0,-1.0,12.0,0.0,0.0,0.0,0.0,0.0,0.0,0.0,0.0,0.0,0.0,0.0,11.0,0.0,0.0,8.6,
2479732,8,981167,SEGLE XXI,HOME,2229661,B. Asensio Senosiáin,B. Asensio Senosiáin,0,19.2,1153.0,13.0,3.0,5.0,2.0,5.0,5.0,10.0,1.0,1.0,2.0,5.0,7.0,1.0,0.0,0.0,1.0,0.0,0.0,3.0,20.0,17.0,62.3,60.0,50.0,10.0,1.2,1.2,0.3,8.5,38.6,19.2,10.0,0.0,5.0,0.0,21.5,
2479732,8,979892,C. B. ISLA BONITA,AWAY,1131087,B. Armengol Vall,B. Armengol Vall,1,22.5,1348.0,9.0,2.0,5.0,1.0,3.0,3.0,8.0,2.0,2.0,0.0,3.0,3.0,5.0,3.0,0.0,0.0,0.0,0.0,4.0,13.0,-27.0,50.7,43.8,37.5,25.0,0.8,1.0,0.5,0.0,10.9,7.0,41.7,0.0,0.0,25.3,24.8,
2479732,8,979892,C. B. ISLA BONITA,AWAY,1870487,T. Gonzalez Soto,T. Gonzalez Soto,0,22.5,1349.0,6.0,0.0,1.0,2.0,5.0,2.0,6.0,0.0,0.0,0.0,4.0,4.0,1.0,3.0,0.0,1.0,0.0,1.0,2.0,6.0,-16.0,50.0,50.0,83.3,0.0,0.0,1.2,0.0,0.0,14.5,9.4,7.7,0.0,3.7,33.3,18.8,
2479732,8,979892,C. B. ISLA BONITA,AWAY,1981139,S. Blanco Guitian,S. Blanco Guitian,1,18.3,1100.0,6.0,0.0,0.0,2.0,3.0,2.0,3.0,0.0,0.0,0.0,2.0,2.0,1.0,1.0,0.0,0.0,0.0,1.0,0.0,6.0,-3.0,100.0,100.0,100.0,0.0,0.0,2.0,0.0,0.0,8.9,5.8,9.5,0.0,0.0,25.0,10.3,
2479732,8,979892,C. B. ISLA BONITA,AWAY,1853281,I. Bautista Villaverde,I. Bautista Villaverde,0,11.6,694.0,0.0,0.0,0.0,0.0,2.0,0.0,2.0,0.0,0.0,0.0,0.0,0.0,0.0,0.0,0.0,0.0,0.0,1.0,0.0,-3.0,-2.0,0.0,0.0,100.0,0.0,0.0,0.0,0.0,0.0,0.0,0.0,0.0,0.0,0.0,0.0,8.1,
2479732,8,979892,C. B. ISLA BONITA,AWAY,2816643,E. Motekaitytè,E. Motekaitytè,1,19.6,1175.0,6.0,3.0,7.0,0.0,1.0,3.0,8.0,0.0,0.0,2.0,2.0,4.0,0.0,3.0,1.0,0.0,2.0,2.0,0.0,1.0,-10.0,37.5,37.5,12.5,0.0,0.9,0.0,0.0,15.1,8.3,10.7,0.0,2.5,0.0,27.3,26.3,
2479732,8,979892,C. B. ISLA BONITA,AWAY,2171960,M. Colom Elosúa,M. Colom Elosúa,1,23.9,1434.0,7.0,2.0,4.0,1.0,1.0,3.0,5.0,0.0,0.0,0.0,2.0,2.0,2.0,4.0,0.0,0.0,0.0,1.0,0.0,4.0,-23.0,70.0,70.0,20.0,0.0,1.0,3.0,0.0,0.0,6.8,4.4,16.7,0.0,0.0,44.4,17.7,
2479732,8,979892,C. B. ISLA BONITA,AWAY,2524874,M. Vulovic,M. Vulovic,0,15.7,943.0,8.0,4.0,5.0,0.0,0.0,4.0,5.0,0.0,0.0,0.0,7.0,7.0,1.0,1.0,0.0,1.0,0.0,3.0,1.0,13.0,-13.0,80.0,80.0,0.0,0.0,1.6,0.0,0.0,0.0,36.4,23.5,16.7,0.0,5.3,16.7,17.9,
2479732,8,979892,C. B. ISLA BONITA,AWAY,1471341,M. Rosales Elejabeita,M. Rosales Elejabeita,1,21.4,1285.0,6.0,2.0,8.0,0.0,1.0,2.0,9.0,2.0,3.0,1.0,2.0,3.0,2.0,4.0,0.0,0.0,0.0,3.0,2.0,-2.0,-17.0,29.1,22.2,11.1,33.3,0.5,0.0,1.5,6.9,7.6,7.4,19.0,0.0,0.0,27.9,31.4,
2479732,8,979892,C. B. ISLA BONITA,AWAY,1372464,M. Carballo Diaz,M. Carballo Diaz,0,12.8,771.0,2.0,1.0,3.0,0.0,0.0,1.0,3.0,0.0,0.0,0.0,0.0,0.0,1.0,3.0,2.0,0.0,0.0,0.0,1.0,1.0,0.0,33.3,33.3,0.0,0.0,0.7,0.0,0.0,0.0,0.0,0.0,15.4,7.6,0.0,50.0,22.0,
2479732,8,979892,C. B. ISLA BONITA,AWAY,2816642,N. Cunill Peña,N. Cunill Peña,0,23.3,1397.0,8.0,4.0,7.0,0.0,0.0,4.0,7.0,0.0,0.0,3.0,7.0,10.0,0.0,2.0,0.0,1.0,1.0,2.0,1.0,13.0,-18.0,57.1,57.1,0.0,0.0,1.1,0.0,0.0,19.1,24.5,22.6,0.0,0.0,3.6,22.2,18.1,
2479732,8,979892,C. B. ISLA BONITA,AWAY,2524609,A. Glomazic,A. Glomazic,0,8.4,504.0,2.0,1.0,2.0,0.0,0.0,1.0,2.0,0.0,0.0,0.0,1.0,1.0,1.0,1.0,1.0,0.0,0.0,1.0,0.0,2.0,-16.0,50.0,50.0,0.0,0.0,1.0,0.0,0.0,0.0,9.7,6.3,25.0,5.8,0.0,33.3,16.8,
2479733,8,979775,BASKET ALMEDA,HOME,1929994,M. Garcia Menéndez,M. Garcia Menéndez,0,16.2,971.0,4.0,0.0,0.0,1.0,2.0,1.0,2.0,1.0,2.0,1.0,2.0,3.0,0.0,1.0,3.0,0.0,0.0,1.0,1.0,7.0,-6.0,69.4,75.0,100.0,100.0,0.0,1.5,2.0,6.2,16.5,10.6,0.0,10.8,0.0,25.8,11.0,
2479733,8,979775,BASKET ALMEDA,HOME,1912154,C. Balibrea Oliveras,C. Balibrea Oliveras,0,3.5,210.0,0.0,0.0,0.0,0.0,0.0,0.0,0.0,0.0,0.0,0.0,0.0,0.0,0.0,0.0,0.0,0.0,0.0,0.0,0.0,0.0,0.0,0.0,0.0,0.0,0.0,0.0,0.0,0.0,0.0,0.0,0.0,0.0,0.0,0.0,0.0,0.0,
2479733,8,979775,BASKET ALMEDA,HOME,2219057,I. Homs Fatjo,I. Homs Fatjo,0,11.5,690.0,3.0,1.0,2.0,0.0,2.0,1.0,4.0,1.0,2.0,0.0,3.0,3.0,1.0,2.0,0.0,0.0,1.0,3.0,1.0,-1.0,5.0,30.7,25.0,50.0,50.0,1.0,0.0,2.0,0.0,34.8,14.9,21.3,0.0,0.0,29.1,27.5,
2479733,8,979775,BASKET ALMEDA,HOME,1893303,L. Tierno Martí,L. Tierno Martí,1,23.7,1420.0,5.0,1.0,1.0,0.0,3.0,1.0,4.0,3.0,5.0,1.0,1.0,2.0,1.0,1.0,2.0,0.0,0.0,0.0,7.0,11.0,-7.0,40.3,25.0,75.0,125.0,2.0,0.0,0.7,4.2,5.6,4.8,9.6,4.9,0.0,13.9,14.0,
2479733,8,979775,BASKET ALMEDA,HOME,1398197,C. Tapia Palacio,C. Tapia Palacio,0,8.7,524.0,1.0,0.0,1.0,0.0,1.0,0.0,2.0,1.0,2.0,1.0,0.0,1.0,1.0,0.0,0.0,0.0,0.0,1.0,1.0,0.0,-1.0,17.4,0.0,50.0,100.0,0.0,0.0,2.0,11.5,0.0,6.6,26.3,0.0,0.0,0.0,15.2,
2479733,8,979775,BASKET ALMEDA,HOME,1737538,C. Pujol Martinez,C. Pujol Martinez,1,28.4,1705.0,8.0,3.0,7.0,0.0,3.0,3.0,10.0,2.0,6.0,2.0,3.0,5.0,0.0,1.0,0.0,0.0,1.0,3.0,3.0,1.0,6.0,31.6,30.0,30.0,60.0,0.9,0.0,2.0,7.0,14.1,10.1,0.0,0.0,0.0,7.3,22.1,
2479733,8,979775,BASKET ALMEDA,HOME,2157230,L. Jove Fuste,L. Jove Fuste,0,11.8,705.0,0.0,0.0,0.0,0.0,1.0,0.0,1.0,0.0,0.0,0.0,0.0,0.0,1.0,1.0,0.0,0.0,0.0,1.0,1.0,-1.0,8.0,0.0,0.0,100.0,0.0,0.0,0.0,0.0,0.0,0.0,0.0,17.5,0.0,0.0,50.0,7.8,
2479733,8,979775,BASKET ALMEDA,HOME,1923707,C. Diaz-Guerra Prats,C. Diaz-Guerra Prats,1,26.5,1588.0,11.0,1.0,7.0,1.0,6.0,2.0,13.0,6.0,9.0,1.0,2.0,3.0,4.0,0.0,1.0,0.0,0.0,4.0,7.0,8.0,6.0,32.4,19.2,46.2,69.2,0.3,0.5,1.3,3.8,10.1,6.5,35.4,2.2,0.0,0.0,29.4,
2479733,8,979775,BASKET ALMEDA,HOME,2053836,C. Moreno Mengibar,C. Moreno Mengibar,0,25.2,1515.0,12.0,4.0,7.0,0.0,0.0,4.0,7.0,4.0,5.0,3.0,4.0,7.0,0.0,1.0,1.0,1.0,0.0,3.0,4.0,17.0,6.0,65.2,57.1,0.0,71.4,1.1,0.0,1.2,11.9,21.2,15.9,0.0,2.3,6.6,9.8,18.6,
2479733,8,979775,BASKET ALMEDA,HOME,2054903,A. Cojocariu,A. Cojocariu,1,23.3,1396.0,15.0,1.0,6.0,3.0,3.0,4.0,9.0,4.0,6.0,2.0,9.0,11.0,1.0,1.0,0.0,0.0,0.0,2.0,4.0,21.0,5.0,64.4,61.1,33.3,66.7,0.3,3.0,1.5,8.6,51.5,27.0,13.5,0.0,0.0,7.9,24.9,
2479733,8,979775,BASKET ALMEDA,HOME,2147731,D. Peris Fons,D. Peris Fons,1,9.2,554.0,6.0,1.0,1.0,0.0,0.0,1.0,1.0,4.0,4.0,0.0,2.0,2.0,0.0,1.0,0.0,0.0,0.0,5.0,4.0,6.0,5.0,108.7,100.0,0.0,400.0,2.0,0.0,1.0,0.0,29.0,12.4,0.0,0.0,0.0,26.6,18.8,
2479733,8,979775,BASKET ALMEDA,HOME,2440587,M. Coll-Vinent Olle,M. Coll-Vinent Olle,0,12.0,722.0,5.0,1.0,4.0,1.0,2.0,2.0,6.0,0.0,0.0,1.0,0.0,1.0,1.0,1.0,0.0,0.0,0.0,1.0,0.0,1.0,-2.0,41.7,41.7,33.3,0.0,0.5,1.5,0.0,8.3,0.0,4.8,27.0,0.0,0.0,14.3,26.8,
2479733,8,982048,EL PLANTEL GMASB,AWAY,2819272,D. Ryzinska,D. Ryzinska,1,16.1,966.0,2.0,1.0,1.0,0.0,1.0,1.0,2.0,0.0,0.0,0.0,4.0,4.0,1.0,0.0,1.0,0.0,0.0,4.0,1.0,4.0,-5.0,50.0,50.0,50.0,0.0,2.0,0.0,0.0,0.0,24.8,14.2,15.2,3.3,0.0,0.0,6.8,
2479733,8,982048,EL PLANTEL GMASB,AWAY,2124275,C. Villanueva Lazaro,C. Villanueva Lazaro,0,23.2,1391.0,13.0,3.0,3.0,0.0,1.0,3.0,4.0,7.0,8.0,0.0,2.0,2.0,3.0,1.0,1.0,1.0,0.0,5.0,5.0,17.0,9.0,86.4,75.0,25.0,200.0,2.0,0.0,1.6,0.0,8.6,4.9,35.7,2.3,4.8,11.7,20.2,
2479733,8,982048,EL PLANTEL GMASB,AWAY,1974272,R. Revueltas Pareja,R. Revueltas Pareja,0,15.2,911.0,8.0,2.0,4.0,0.0,1.0,2.0,5.0,4.0,4.0,1.0,1.0,2.0,0.0,4.0,0.0,0.0,0.0,5.0,4.0,2.0,-1.0,59.2,40.0,20.0,80.0,1.0,0.0,1.0,8.8,6.6,7.5,0.0,0.0,0.0,37.2,39.0,
2479733,8,982048,EL PLANTEL GMASB,AWAY,2819274,O. Schlegl,O. Schlegl,1,18.7,1123.0,2.0,1.0,3.0,0.0,3.0,1.0,6.0,0.0,0.0,1.0,3.0,4.0,2.0,1.0,0.0,0.0,0.0,3.0,0.0,-1.0,-7.0,16.7,16.7,50.0,0.0,0.7,0.0,0.0,7.1,16.0,12.2,23.5,0.0,0.0,14.3,20.6,
2479733,8,982048,EL PLANTEL GMASB,AWAY,2232865,M. Sanchez Valenzuela,M. Sanchez Valenzuela,1,35.1,2106.0,18.0,2.0,2.0,4.0,8.0,6.0,10.0,2.0,3.0,0.0,2.0,2.0,0.0,1.0,1.0,0.0,0.0,3.0,2.0,14.0,-8.0,79.5,80.0,80.0,30.0,2.0,1.5,1.5,0.0,5.7,3.3,0.0,1.5,0.0,8.1,19.3,
2479733,8,982048,EL PLANTEL GMASB,AWAY,1111828,L. Fernandez Fiel,L. Fernandez Fiel,1,32.4,1945.0,16.0,3.0,8.0,1.0,5.0,4.0,13.0,7.0,10.0,0.0,2.0,2.0,1.0,2.0,0.0,0.0,0.0,2.0,7.0,10.0,-2.0,46.0,34.6,38.5,76.9,0.8,0.6,1.4,0.0,6.2,3.5,8.9,0.0,0.0,10.3,33.0,
2479733,8,982048,EL PLANTEL GMASB,AWAY,2419277,A. Cisse Barragan,A. Cisse Barragan,0,26.7,1600.0,5.0,2.0,2.0,0.0,0.0,2.0,2.0,1.0,4.0,1.0,6.0,7.0,1.0,2.0,0.0,1.0,0.0,2.0,2.0,9.0,1.0,66.5,100.0,0.0,200.0,2.0,0.0,2.0,5.0,22.5,15.0,8.8,0.0,4.2,34.7,11.9,
2479733,8,982048,EL PLANTEL GMASB,AWAY,2112760,M. Diaz Torres,M. Diaz Torres,1,10.4,626.0,1.0,0.0,1.0,0.0,0.0,0.0,1.0,1.0,2.0,1.0,1.0,2.0,1.0,2.0,0.0,0.0,1.0,5.0,1.0,-4.0,0.0,26.6,0.0,0.0,200.0,0.0,0.0,2.0,12.8,9.6,11.0,17.5,0.0,0.0,51.5,20.5,
2479733,8,982048,EL PLANTEL GMASB,AWAY,2202075,M. Garcia Garrido,M. Garcia Garrido,0,14.0,839.0,0.0,0.0,0.0,0.0,2.0,0.0,2.0,0.0,0.0,0.0,5.0,5.0,0.0,0.0,1.0,0.0,0.0,3.0,2.0,3.0,-7.0,0.0,0.0,100.0,0.0,0.0,0.0,0.0,0.0,35.7,20.4,0.0,3.8,0.0,0.0,7.9,
2479733,8,982048,EL PLANTEL GMASB,AWAY,2364455,T. Sene,T. Sene,0,8.2,493.0,0.0,0.0,0.0,0.0,1.0,0.0,1.0,0.0,0.0,0.0,2.0,2.0,0.0,0.0,0.0,0.0,0.0,2.0,0.0,-1.0,-5.0,0.0,0.0,100.0,0.0,0.0,0.0,0.0,0.0,24.4,13.9,0.0,0.0,0.0,0.0,6.7,
2479734,8,981212,ELSAMEX CB ANDRATX,HOME,2553411,N. Jeng,N. Jeng,0,12.0,719.0,3.0,0.0,6.0,0.0,0.0,0.0,6.0,3.0,4.0,1.0,2.0,3.0,0.0,4.0,0.0,0.0,2.0,1.0,2.0,-4.0,-2.0,19.3,0.0,0.0,66.7,0.0,0.0,2.0,11.9,24.7,18.2,0.0,0.0,0.0,34.0,50.6,
2479734,8,981212,ELSAMEX CB ANDRATX,HOME,1461086,P. Comella Pons,P. Comella Pons,1,36.0,2157.0,19.0,3.0,6.0,4.0,6.0,7.0,12.0,1.0,2.0,1.0,5.0,6.0,1.0,6.0,1.0,0.0,1.0,1.0,4.0,18.0,-10.0,73.8,75.0,50.0,16.7,1.0,2.0,0.5,4.0,20.6,12.1,7.3,1.6,0.0,31.8,27.1,
2479734,8,981212,ELSAMEX CB ANDRATX,HOME,2036170,A. Peregrina Garcia,A. Peregrina Garcia,1,25.6,1533.0,13.0,5.0,8.0,1.0,3.0,6.0,11.0,0.0,0.0,0.0,2.0,2.0,4.0,3.0,3.0,0.0,0.0,2.0,2.0,14.0,-7.0,59.1,59.1,27.3,0.0,1.2,1.0,0.0,0.0,11.6,5.7,51.3,6.7,0.0,21.4,28.3,
2479734,8,981212,ELSAMEX CB ANDRATX,HOME,1762758,P. Charro Och,P. Charro Och,1,11.4,685.0,0.0,0.0,0.0,0.0,1.0,0.0,1.0,0.0,0.0,1.0,0.0,1.0,0.0,1.0,0.0,0.0,0.0,0.0,0.0,-1.0,-4.0,0.0,0.0,100.0,0.0,0.0,0.0,0.0,12.5,0.0,6.4,0.0,0.0,0.0,50.0,9.1,
2479734,8,981212,ELSAMEX CB ANDRATX,HOME,1579078,H. Condom Rosell,H. Condom Rosell,1,22.8,1367.0,4.0,2.0,4.0,0.0,0.0,2.0,4.0,0.0,0.0,1.0,1.0,2.0,1.0,1.0,1.0,0.0,0.0,4.0,5.0,6.0,-7.0,50.0,50.0,0.0,0.0,1.0,0.0,0.0,6.3,6.5,6.4,8.5,2.5,0.0,20.0,11.3,
2479734,8,981212,ELSAMEX CB ANDRATX,HOME,2148958,M. López Martí,M. López Martí,0,21.7,1303.0,5.0,1.0,2.0,1.0,1.0,2.0,3.0,0.0,0.0,0.0,1.0,1.0,5.0,1.0,4.0,0.0,0.0,1.0,1.0,13.0,1.0,83.3,83.3,33.3,0.0,1.0,3.0,0.0,0.0,6.8,3.4,52.6,10.5,0.0,25.0,9.5,
2479734,8,981212,ELSAMEX CB ANDRATX,HOME,2276474,L. García Rivera,L. García Rivera,0,20.9,1252.0,8.0,3.0,5.0,0.0,0.0,3.0,5.0,2.0,2.0,0.0,0.0,0.0,1.0,0.0,1.0,0.0,1.0,3.0,1.0,6.0,-2.0,68.0,60.0,0.0,40.0,1.2,0.0,2.0,0.0,0.0,0.0,11.8,2.7,0.0,0.0,14.5,
2479734,8,981212,ELSAMEX CB ANDRATX,HOME,2043611,J. Ballester Manque,J. Ballester Manque,0,26.2,1571.0,4.0,2.0,8.0,0.0,0.0,2.0,8.0,0.0,0.0,3.0,4.0,7.0,0.0,0.0,0.0,0.0,0.0,2.0,1.0,4.0,-3.0,25.0,25.0,0.0,0.0,0.5,0.0,0.0,16.4,22.6,19.4,0.0,0.0,0.0,0.0,15.8,
2479734,8,981212,ELSAMEX CB ANDRATX,HOME,2294809,P. Sans Cantallops,P. Sans Cantallops,1,23.6,1413.0,4.0,1.0,3.0,0.0,2.0,1.0,5.0,2.0,2.0,0.0,4.0,4.0,3.0,2.0,2.0,0.0,1.0,3.0,1.0,5.0,-16.0,34.0,20.0,40.0,40.0,0.7,0.0,2.0,0.0,25.1,12.3,23.4,4.8,0.0,25.4,17.3,
2479734,8,981304,DISHELEC 65 VILADECANS,AWAY,2050407,L. Sanchez Garcia,L. Sanchez Garcia,1,35.4,2126.0,12.0,6.0,10.0,0.0,1.0,6.0,11.0,0.0,0.0,3.0,5.0,8.0,2.0,2.0,1.0,3.0,0.0,2.0,1.0,18.0,16.0,54.5,54.5,9.1,0.0,1.2,0.0,0.0,12.6,20.2,16.4,11.5,1.6,8.1,15.4,18.9,
2479734,8,981304,DISHELEC 65 VILADECANS,AWAY,1910113,L. Anducas Rodon,L. Anducas Rodon,1,32.4,1945.0,8.0,1.0,1.0,0.0,2.0,1.0,3.0,6.0,8.0,0.0,2.0,2.0,5.0,4.0,2.0,1.0,0.0,2.0,5.0,13.0,25.0,61.3,33.3,66.7,266.7,2.0,0.0,1.6,0.0,8.8,4.5,25.3,3.5,2.9,38.0,16.7,
2479734,8,981304,DISHELEC 65 VILADECANS,AWAY,1727776,P. Curto Garcia,P. Curto Garcia,0,26.7,1601.0,11.0,2.0,5.0,2.0,5.0,4.0,10.0,1.0,2.0,2.0,4.0,6.0,4.0,4.0,2.0,0.0,0.0,2.0,2.0,12.0,1.0,50.6,50.0,50.0,20.0,0.8,1.2,1.0,11.1,21.4,16.3,28.2,4.3,0.0,26.9,28.6,
2479734,8,981304,DISHELEC 65 VILADECANS,AWAY,2056456,N. Soler Ramos,N. Soler Ramos,0,17.8,1067.0,5.0,1.0,2.0,1.0,3.0,2.0,5.0,0.0,0.0,1.0,2.0,3.0,2.0,0.0,0.0,0.0,0.0,3.0,2.0,6.0,-1.0,50.0,50.0,60.0,0.0,1.0,1.0,0.0,8.3,16.1,12.3,23.8,0.0,0.0,0.0,14.4,
2479734,8,981304,DISHELEC 65 VILADECANS,AWAY,2322360,A. Torne Labarta,A. Torne Labarta,1,26.0,1558.0,11.0,5.0,8.0,0.0,0.0,5.0,8.0,1.0,2.0,1.0,3.0,4.0,2.0,3.0,1.0,0.0,0.0,3.0,2.0,10.0,7.0,61.9,62.5,0.0,25.0,1.2,0.0,1.0,5.7,16.5,11.2,15.2,2.2,0.0,25.3,23.5,
2479734,8,981304,DISHELEC 65 VILADECANS,AWAY,2146979,N. Sanchez Marques,N. Sanchez Marques,1,28.0,1679.0,14.0,3.0,4.0,2.0,4.0,5.0,8.0,2.0,6.0,0.0,2.0,2.0,4.0,1.0,2.0,0.0,0.0,3.0,5.0,16.0,-9.0,65.8,75.0,50.0,75.0,1.5,1.5,1.2,0.0,10.2,5.2,30.3,4.1,0.0,8.6,21.3,
2479734,8,981304,DISHELEC 65 VILADECANS,AWAY,1956668,M. Ribera Sanuy,M. Ribera Sanuy,1,33.7,2024.0,9.0,0.0,2.0,3.0,6.0,3.0,8.0,0.0,0.0,1.0,3.0,4.0,4.0,3.0,2.0,1.0,0.0,2.0,0.0,10.0,11.0,56.2,56.2,75.0,0.0,0.0,1.5,0.0,4.4,12.7,8.6,22.5,3.4,2.8,27.3,16.8,
2479735,8,981414,HIERROS DÍAZ EXTREMADURA MIRALVALLE,HOME,1707378,M. Pérez Castro,M. Pérez Castro,1,36.0,2160.0,7.0,2.0,6.0,1.0,4.0,3.0,10.0,0.0,0.0,1.0,3.0,4.0,1.0,5.0,1.0,0.0,0.0,2.0,3.0,2.0,2.0,35.0,35.0,40.0,0.0,0.7,0.8,0.0,2.9,7.1,5.2,4.9,1.4,0.0,33.3,19.3,
2479735,8,981414,HIERROS DÍAZ EXTREMADURA MIRALVALLE,HOME,2818302,V. Michel,V. Michel,1,7.9,472.0,0.0,0.0,2.0,0.0,0.0,0.0,2.0,0.0,0.0,1.0,3.0,4.0,0.0,1.0,0.0,0.0,0.0,2.0,0.0,-1.0,-11.0,0.0,0.0,0.0,0.0,0.0,0.0,0.0,13.3,32.3,23.8,0.0,0.0,0.0,33.3,17.6,
2479735,8,981414,HIERROS DÍAZ EXTREMADURA MIRALVALLE,HOME,2734458,L. Navas Castro,L. Navas Castro,0,20.8,1249.0,8.0,1.0,4.0,2.0,6.0,3.0,10.0,0.0,0.0,0.0,2.0,2.0,5.0,0.0,2.0,0.0,0.0,1.0,1.0,10.0,7.0,40.0,40.0,60.0,0.0,0.5,1.0,0.0,0.0,8.2,4.5,50.0,4.8,0.0,0.0,22.2,
2479735,8,981414,HIERROS DÍAZ EXTREMADURA MIRALVALLE,HOME,1724925,M. Romero Garrido,M. Romero Garrido,1,33.2,1995.0,20.0,1.0,5.0,6.0,11.0,7.0,16.0,0.0,0.0,1.0,3.0,4.0,3.0,1.0,3.0,0.0,1.0,4.0,1.0,17.0,-1.0,62.5,62.5,68.8,0.0,0.4,1.6,0.0,3.2,7.7,5.7,21.7,4.5,0.0,5.9,23.7,
2479735,8,981414,HIERROS DÍAZ EXTREMADURA MIRALVALLE,HOME,2566363,P. Laurenson Cheynel,P. Laurenson Cheynel,1,29.8,1790.0,13.0,3.0,7.0,1.0,2.0,4.0,9.0,4.0,4.0,3.0,3.0,6.0,5.0,1.0,1.0,0.0,0.0,1.0,4.0,22.0,10.0,60.4,50.0,22.2,44.4,0.9,1.5,1.0,10.6,8.6,9.5,35.2,1.7,0.0,8.5,18.3,
2479735,8,981414,HIERROS DÍAZ EXTREMADURA MIRALVALLE,HOME,2845561,S. Brown,S. Brown,1,9.7,579.0,4.0,2.0,2.0,0.0,1.0,2.0,3.0,0.0,0.0,0.0,2.0,2.0,0.0,1.0,0.0,0.0,0.0,0.0,1.0,5.0,-1.0,66.7,66.7,33.3,0.0,2.0,0.0,0.0,0.0,17.5,9.7,0.0,0.0,0.0,25.0,19.1,
2479735,8,981414,HIERROS DÍAZ EXTREMADURA MIRALVALLE,HOME,1984467,G. Lopez Cuesta,G. Lopez Cuesta,0,32.1,1928.0,11.0,2.0,2.0,0.0,0.0,2.0,2.0,7.0,11.0,7.0,4.0,11.0,3.0,2.0,1.0,0.0,0.0,2.0,8.0,26.0,17.0,80.4,100.0,0.0,550.0,2.0,0.0,1.4,23.0,10.6,16.1,16.0,1.6,0.0,22.6,12.7,
2479735,8,981414,HIERROS DÍAZ EXTREMADURA MIRALVALLE,HOME,1529427,C. Lazaro Hernandez,C. Lazaro Hernandez,0,30.4,1827.0,14.0,2.0,2.0,3.0,11.0,5.0,13.0,1.0,2.0,0.0,4.0,4.0,0.0,3.0,2.0,0.0,0.0,3.0,2.0,7.0,7.0,50.4,50.0,84.6,15.4,2.0,0.8,1.0,0.0,11.2,6.2,0.0,3.3,0.0,17.8,25.7,
2479735,8,981229,SPAR GRAN CANARIA,AWAY,2203305,L. Perez Castro,L. Perez Castro,1,20.4,1225.0,7.0,2.0,4.0,1.0,5.0,3.0,9.0,0.0,0.0,0.0,0.0,0.0,1.0,2.0,1.0,0.0,0.0,0.0,2.0,3.0,-16.0,38.9,38.9,55.6,0.0,1.0,0.6,0.0,0.0,0.0,0.0,8.7,2.7,0.0,18.2,20.9,
2479735,8,981229,SPAR GRAN CANARIA,AWAY,2288451,A. Hernandez Martinez,A. Hernandez Martinez,0,19.4,1165.0,9.0,1.0,1.0,2.0,11.0,3.0,12.0,1.0,2.0,0.0,0.0,0.0,3.0,0.0,0.0,0.0,0.0,4.0,1.0,-1.0,-1.0,34.9,33.3,91.7,16.7,2.0,0.5,2.0,0.0,0.0,0.0,26.1,0.0,0.0,0.0,25.7,
2479735,8,981229,SPAR GRAN CANARIA,AWAY,2494285,A. Mbengue Sánchez,A. Mbengue Sánchez,0,17.7,1061.0,8.0,4.0,6.0,0.0,0.0,4.0,6.0,0.0,0.0,1.0,5.0,6.0,0.0,1.0,0.0,0.0,0.0,1.0,0.0,10.0,0.0,66.7,66.7,0.0,0.0,1.3,0.0,0.0,4.8,29.7,16.0,0.0,0.0,0.0,14.3,15.3,
2479735,8,981229,SPAR GRAN CANARIA,AWAY,2251955,M. Ocurto Mendes,M. Ocurto Mendes,1,29.4,1765.0,9.0,0.0,1.0,3.0,10.0,3.0,11.0,0.0,0.0,4.0,5.0,9.0,4.0,4.0,1.0,0.0,0.0,0.0,1.0,12.0,-4.0,40.9,40.9,90.9,0.0,0.0,0.9,0.0,11.6,17.9,14.4,23.1,1.9,0.0,26.7,19.8,
2479735,8,981229,SPAR GRAN CANARIA,AWAY,2292843,M. Rodríguez Sánchez,M. Rodríguez Sánchez,0,23.8,1425.0,5.0,1.0,5.0,1.0,6.0,2.0,11.0,0.0,0.0,1.0,3.0,4.0,4.0,1.0,1.0,0.0,0.0,3.0,0.0,1.0,7.0,22.7,22.7,54.5,0.0,0.4,0.5,0.0,3.6,13.3,7.9,26.0,2.3,0.0,8.3,19.5,
2479735,8,981229,SPAR GRAN CANARIA,AWAY,2352279,T. Ezeanatogu Ezeonu,T. Ezeanatogu Ezeonu,1,31.7,1900.0,3.0,1.0,6.0,0.0,0.0,1.0,6.0,1.0,5.0,6.0,4.0,10.0,2.0,3.0,2.0,0.0,0.0,4.0,2.0,3.0,-4.0,18.3,16.7,0.0,83.3,0.3,0.0,2.5,16.1,13.3,14.8,9.0,3.4,0.0,26.8,13.7,
2479735,8,981229,SPAR GRAN CANARIA,AWAY,2647608,M. Doumbia,M. Doumbia,1,31.6,1893.0,19.0,6.0,15.0,2.0,3.0,8.0,18.0,1.0,3.0,7.0,4.0,11.0,2.0,4.0,4.0,0.0,0.0,5.0,7.0,22.0,-5.0,49.2,50.0,16.7,16.7,0.8,2.0,0.4,18.9,13.3,16.4,13.2,6.9,0.0,17.2,28.6,
2479735,8,981229,SPAR GRAN CANARIA,AWAY,2643570,L. Toure,L. Toure,1,26.1,1566.0,11.0,5.0,9.0,0.0,1.0,5.0,10.0,1.0,2.0,4.0,4.0,8.0,1.0,0.0,0.0,1.0,0.0,3.0,2.0,14.0,-7.0,50.6,50.0,10.0,20.0,1.1,0.0,1.0,13.0,16.1,14.4,6.5,0.0,5.1,0.0,16.1,
2479736,8,979778,MAGEC TÍAS LANZAROTE CONTRA LA VIOLENCIA DE GÉNERO,HOME,2178381,E. Lozano Sosa,E. Lozano Sosa,0,10.8,650.0,1.0,0.0,1.0,0.0,1.0,0.0,2.0,1.0,2.0,0.0,2.0,2.0,0.0,0.0,0.0,0.0,0.0,3.0,1.0,-2.0,7.0,17.4,0.0,50.0,100.0,0.0,0.0,2.0,0.0,22.4,11.9,0.0,0.0,0.0,0.0,13.4,
2479736,8,979778,MAGEC TÍAS LANZAROTE CONTRA LA VIOLENCIA DE GÉNERO,HOME,1100445,Y. Garcia Gonzalez,Y. Garcia Gonzalez,1,25.6,1534.0,8.0,3.0,7.0,0.0,1.0,3.0,8.0,2.0,6.0,0.0,4.0,4.0,3.0,2.0,2.0,0.0,1.0,4.0,5.0,7.0,2.0,37.6,37.5,12.5,75.0,0.9,0.0,1.2,0.0,18.9,10.1,29.4,4.1,0.0,15.8,24.9,
2479736,8,979778,MAGEC TÍAS LANZAROTE CONTRA LA VIOLENCIA DE GÉNERO,HOME,2415445,I. Drake Ruiz-Villar,I. Drake Ruiz-Villar,1,16.4,983.0,2.0,1.0,3.0,0.0,0.0,1.0,3.0,0.0,0.0,0.0,2.0,2.0,0.0,3.0,0.0,0.0,0.0,0.0,0.0,-1.0,-18.0,33.3,33.3,0.0,0.0,0.7,0.0,0.0,0.0,14.8,7.9,0.0,0.0,0.0,50.0,18.4,
2479736,8,979778,MAGEC TÍAS LANZAROTE CONTRA LA VIOLENCIA DE GÉNERO,HOME,1995747,S. Hisado Santos,S. Hisado Santos,1,36.1,2166.0,8.0,2.0,4.0,0.0,0.0,2.0,4.0,4.0,4.0,2.0,3.0,5.0,5.0,2.0,1.0,0.0,1.0,2.0,2.0,15.0,-1.0,69.4,50.0,0.0,100.0,1.0,0.0,2.0,7.6,10.1,8.9,28.1,1.5,0.0,25.8,10.8,
2479736,8,979778,MAGEC TÍAS LANZAROTE CONTRA LA VIOLENCIA DE GÉNERO,HOME,1695414,C. Mateo Cañada,C. Mateo Cañada,1,30.0,1800.0,9.0,3.0,13.0,1.0,4.0,4.0,17.0,0.0,0.0,3.0,2.0,5.0,5.0,1.0,1.0,0.0,1.0,2.0,0.0,4.0,-5.0,26.5,26.5,23.5,0.0,0.5,0.8,0.0,13.8,8.1,10.8,36.8,1.8,0.0,5.6,30.2,
2479736,8,979778,MAGEC TÍAS LANZAROTE CONTRA LA VIOLENCIA DE GÉNERO,HOME,2824664,B. Snorradottir,B. Snorradottir,0,27.7,1660.0,12.0,3.0,4.0,0.0,0.0,3.0,4.0,6.0,10.0,2.0,4.0,6.0,0.0,2.0,2.0,1.0,0.0,1.0,6.0,19.0,-4.0,71.4,75.0,0.0,250.0,1.5,0.0,1.7,10.0,17.5,14.0,0.0,3.8,3.9,19.2,18.9,
2479736,8,979778,MAGEC TÍAS LANZAROTE CONTRA LA VIOLENCIA DE GÉNERO,HOME,2524794,M. Marinho Junqueira,M. Marinho Junqueira,1,25.8,1549.0,10.0,5.0,9.0,0.0,1.0,5.0,10.0,0.0,0.0,0.0,4.0,4.0,1.0,3.0,0.0,0.0,0.0,4.0,1.0,4.0,-11.0,50.0,50.0,10.0,0.0,1.1,0.0,0.0,0.0,18.8,10.0,12.2,0.0,0.0,23.1,25.4,
2479736,8,979778,MAGEC TÍAS LANZAROTE CONTRA LA VIOLENCIA DE GÉNERO,HOME,2379074,N. Zabala Gabilondo,N. Zabala Gabilondo,0,27.6,1658.0,11.0,2.0,3.0,2.0,2.0,4.0,5.0,1.0,4.0,1.0,8.0,9.0,2.0,2.0,0.0,0.0,0.0,1.0,3.0,18.0,0.0,81.4,100.0,40.0,80.0,1.3,3.0,1.3,5.0,35.1,21.0,17.5,0.0,0.0,22.8,16.0,
2479736,8,981227,DPES CB CIUDAD DE MOSTOLES,AWAY,2040603,P. Gonzalez Gonzalez,P. Gonzalez Gonzalez,0,23.7,1420.0,12.0,2.0,6.0,2.0,4.0,4.0,10.0,2.0,3.0,0.0,1.0,1.0,4.0,2.0,2.0,0.0,0.0,3.0,3.0,10.0,9.0,53.0,50.0,40.0,30.0,0.7,1.5,1.0,0.0,5.8,2.7,36.4,4.7,0.0,15.0,28.2,
2479736,8,981227,DPES CB CIUDAD DE MOSTOLES,AWAY,2162836,D. Vaquero Martinez,D. Vaquero Martinez,0,4.5,268.0,0.0,0.0,1.0,0.0,0.0,0.0,1.0,0.0,0.0,0.0,0.0,0.0,1.0,0.0,0.0,0.0,0.0,0.0,1.0,1.0,-2.0,0.0,0.0,0.0,0.0,0.0,0.0,0.0,0.0,0.0,0.0,40.0,0.0,0.0,0.0,11.2,
2479736,8,981227,DPES CB CIUDAD DE MOSTOLES,AWAY,1178705,A. Peredo Lopez,A. Peredo Lopez,1,26.1,1564.0,8.0,1.0,3.0,2.0,6.0,3.0,9.0,0.0,0.0,0.0,7.0,7.0,0.0,2.0,1.0,0.0,0.0,2.0,1.0,7.0,7.0,44.4,44.4,66.7,0.0,0.7,1.0,0.0,0.0,37.0,17.3,0.0,2.1,0.0,18.2,21.1,
2479736,8,981227,DPES CB CIUDAD DE MOSTOLES,AWAY,1819108,N. Gomez Cobo,N. Gomez Cobo,0,27.5,1651.0,12.0,5.0,10.0,0.0,4.0,5.0,14.0,2.0,2.0,0.0,4.0,4.0,0.0,0.0,3.0,0.0,0.0,2.0,3.0,11.0,-6.0,40.3,35.7,28.6,14.3,1.0,0.0,0.7,0.0,20.1,9.4,0.0,6.1,0.0,0.0,27.1,
2479736,8,981227,DPES CB CIUDAD DE MOSTOLES,AWAY,2035086,M. Gamez Martinez,M. Gamez Martinez,0,13.3,800.0,5.0,1.0,1.0,1.0,1.0,2.0,2.0,0.0,0.0,0.0,1.0,1.0,0.0,0.0,0.0,0.0,0.0,2.0,0.0,4.0,-1.0,125.0,125.0,50.0,0.0,2.0,3.0,0.0,0.0,10.4,4.9,0.0,0.0,0.0,0.0,7.5,
2479736,8,981227,DPES CB CIUDAD DE MOSTOLES,AWAY,1589173,M. Correa Villalona,M. Correa Villalona,1,15.4,927.0,0.0,0.0,0.0,0.0,1.0,0.0,1.0,0.0,0.0,0.0,2.0,2.0,1.0,0.0,0.0,0.0,0.0,1.0,0.0,1.0,14.0,0.0,0.0,100.0,0.0,0.0,0.0,0.0,0.0,17.9,8.4,10.0,0.0,0.0,0.0,3.3,
2479736,8,981227,DPES CB CIUDAD DE MOSTOLES,AWAY,1434653,B. Martinez Sanz,B. Martinez Sanz,1,36.3,2177.0,12.0,4.0,7.0,1.0,7.0,5.0,14.0,1.0,2.0,2.0,3.0,5.0,5.0,2.0,1.0,0.0,0.0,4.0,3.0,10.0,3.0,40.3,39.3,50.0,14.3,1.1,0.4,0.7,6.7,11.4,8.9,28.6,1.5,0.0,11.8,23.3,
2479736,8,981227,DPES CB CIUDAD DE MOSTOLES,AWAY,1740994,B. Rodríguez Bazaga,B. Rodríguez Bazaga,1,26.8,1609.0,10.0,1.0,2.0,2.0,5.0,3.0,7.0,2.0,2.0,0.0,0.0,0.0,1.0,1.0,1.0,1.0,0.0,0.0,0.0,8.0,0.0,63.5,57.1,71.4,28.6,1.0,1.2,0.0,0.0,0.0,0.0,6.9,2.1,3.4,11.3,16.6,
2479736,8,981227,DPES CB CIUDAD DE MOSTOLES,AWAY,2404223,E. Abubakar Arrey,E. Abubakar Arrey,1,26.4,1584.0,8.0,3.0,7.0,0.0,0.0,3.0,7.0,2.0,4.0,2.0,3.0,5.0,1.0,2.0,4.0,2.0,1.0,4.0,6.0,14.0,6.0,45.7,42.9,0.0,57.1,0.9,0.0,0.7,9.2,15.7,12.2,6.9,8.5,6.9,18.6,20.5,
2479737,8,981335,CESUR DISTRITO OLIMPICO,HOME,2286837,B. Arranz Albero,B. Arranz Albero,0,25.8,1547.0,19.0,3.0,4.0,4.0,6.0,7.0,10.0,1.0,1.0,0.0,2.0,2.0,1.0,4.0,0.0,0.0,0.0,1.0,2.0,16.0,-2.0,91.0,90.0,60.0,10.0,1.5,2.0,0.5,0.0,10.0,4.3,22.7,0.0,0.0,27.7,23.8,
2479737,8,981335,CESUR DISTRITO OLIMPICO,HOME,1811220,S. Francisco Abos,S. Francisco Abos,1,17.4,1042.0,0.0,0.0,4.0,0.0,4.0,0.0,8.0,0.0,0.0,1.0,2.0,3.0,2.0,2.0,1.0,0.0,1.0,2.0,0.0,-6.0,-8.0,0.0,0.0,50.0,0.0,0.0,0.0,0.0,5.6,14.8,9.6,26.3,3.1,0.0,20.0,24.5,
2479737,8,981335,CESUR DISTRITO OLIMPICO,HOME,2031383,A. Picos Porras,A. Picos Porras,1,32.1,1926.0,9.0,3.0,8.0,0.0,0.0,3.0,8.0,3.0,4.0,7.0,8.0,15.0,2.0,5.0,1.0,0.0,0.0,3.0,6.0,19.0,-1.0,46.1,37.5,0.0,50.0,0.8,0.0,0.7,21.3,32.2,26.0,16.4,1.7,0.0,33.9,19.6,
2479737,8,981335,CESUR DISTRITO OLIMPICO,HOME,1871488,M. Gomez Hernandez,M. Gomez Hernandez,1,15.2,910.0,0.0,0.0,1.0,0.0,7.0,0.0,8.0,0.0,0.0,2.0,1.0,3.0,0.0,2.0,2.0,0.0,0.0,3.0,2.0,-6.0,-14.0,0.0,0.0,87.5,0.0,0.0,0.0,0.0,12.8,8.5,11.0,0.0,7.2,0.0,20.0,28.0,
2479737,8,981335,CESUR DISTRITO OLIMPICO,HOME,2035834,M. Martinez Majan,M. Martinez Majan,0,6.2,369.0,0.0,0.0,2.0,0.0,1.0,0.0,3.0,0.0,0.0,0.0,1.0,1.0,0.0,0.0,1.0,0.0,0.0,0.0,0.0,-1.0,-10.0,0.0,0.0,33.3,0.0,0.0,0.0,0.0,0.0,20.8,9.0,0.0,8.8,0.0,0.0,20.6,
2479737,8,981335,CESUR DISTRITO OLIMPICO,HOME,1562695,A. González Ramírez,A. González Ramírez,1,23.1,1389.0,6.0,3.0,9.0,0.0,0.0,3.0,9.0,0.0,0.0,5.0,2.0,7.0,1.0,3.0,3.0,1.0,0.0,4.0,1.0,6.0,-1.0,33.3,33.3,0.0,0.0,0.7,0.0,0.0,21.1,11.2,16.8,11.9,7.1,5.6,25.0,22.1,
2479737,8,981335,CESUR DISTRITO OLIMPICO,HOME,2160293,V. Lopez Riaño,V. Lopez Riaño,1,38.0,2282.0,10.0,4.0,9.0,0.0,2.0,4.0,11.0,2.0,4.0,3.0,10.0,13.0,0.0,5.0,1.0,0.0,0.0,4.0,5.0,11.0,-18.0,39.2,36.4,18.2,36.4,0.9,0.0,0.8,7.7,34.0,19.0,0.0,1.4,0.0,28.2,19.9,
2479737,8,981335,CESUR DISTRITO OLIMPICO,HOME,1677519,R. Flores Aguado,R. Flores Aguado,0,25.9,1553.0,4.0,2.0,4.0,0.0,3.0,2.0,7.0,0.0,0.0,0.0,2.0,2.0,3.0,3.0,0.0,0.0,0.0,2.0,0.0,-1.0,-2.0,28.6,28.6,42.9,0.0,1.0,0.0,0.0,0.0,10.0,4.3,31.9,0.0,0.0,30.0,16.4,
2479737,8,981335,CESUR DISTRITO OLIMPICO,HOME,2185253,P. Álvarez Honorato,P. Álvarez Honorato,0,9.8,588.0,0.0,0.0,0.0,0.0,1.0,0.0,1.0,0.0,0.0,1.0,0.0,1.0,0.0,0.0,1.0,0.0,0.0,0.0,0.0,1.0,-1.0,0.0,0.0,100.0,0.0,0.0,0.0,0.0,10.0,0.0,5.7,0.0,5.5,0.0,0.0,4.3,
2479737,8,981335,CESUR DISTRITO OLIMPICO,HOME,2800814,A. Emusi Adeniran,A. Emusi Adeniran,0,6.6,394.0,0.0,0.0,0.0,0.0,0.0,0.0,0.0,0.0,0.0,0.0,0.0,0.0,0.0,1.0,0.0,1.0,0.0,1.0,0.0,-1.0,-3.0,0.0,0.0,0.0,0.0,0.0,0.0,0.0,0.0,0.0,0.0,0.0,0.0,19.6,100.0,6.5,
2479737,8,981209,CB CLARET BENIMACLET,AWAY,2557107,I. Serrano Alvarez,I. Serrano Alvarez,0,17.8,1069.0,8.0,3.0,4.0,0.0,1.0,3.0,5.0,2.0,2.0,0.0,4.0,4.0,2.0,1.0,1.0,1.0,0.0,2.0,1.0,12.0,2.0,68.0,60.0,20.0,40.0,1.5,0.0,2.0,0.0,21.9,12.5,40.0,3.0,5.5,14.5,20.2,
2479737,8,981209,CB CLARET BENIMACLET,AWAY,1886112,S. Afonso Gonzalez,S. Afonso Gonzalez,1,21.8,1307.0,9.0,3.0,7.0,1.0,5.0,4.0,12.0,0.0,0.0,0.0,0.0,0.0,2.0,0.0,0.0,0.0,0.0,1.0,3.0,5.0,-1.0,37.5,37.5,41.7,0.0,0.9,0.6,0.0,0.0,0.0,0.0,33.3,0.0,0.0,0.0,28.7,
2479737,8,981209,CB CLARET BENIMACLET,AWAY,2209715,J. Sarrio Asensio,J. Sarrio Asensio,0,25.1,1509.0,5.0,1.0,2.0,1.0,2.0,2.0,4.0,0.0,0.0,0.0,0.0,0.0,3.0,0.0,2.0,0.0,0.0,1.0,2.0,9.0,13.0,62.5,62.5,50.0,0.0,1.0,1.5,0.0,0.0,0.0,0.0,30.0,4.3,0.0,0.0,8.3,
2479737,8,981209,CB CLARET BENIMACLET,AWAY,1853228,J. Rochina Troncoso,J. Rochina Troncoso,1,32.6,1954.0,13.0,3.0,5.0,1.0,3.0,4.0,8.0,4.0,4.0,2.0,3.0,5.0,2.0,3.0,2.0,0.0,0.0,2.0,2.0,15.0,19.0,66.6,56.2,37.5,50.0,1.2,1.0,2.0,7.9,9.0,8.5,16.7,3.3,0.0,23.5,20.4,
2479737,8,981209,CB CLARET BENIMACLET,AWAY,1840053,P. Garcia Garcia,P. Garcia Garcia,1,17.6,1055.0,5.0,1.0,2.0,0.0,1.0,1.0,3.0,3.0,3.0,0.0,5.0,5.0,0.0,2.0,1.0,0.0,1.0,5.0,6.0,8.0,0.0,57.9,33.3,33.3,100.0,1.0,0.0,0.5,0.0,27.7,15.8,0.0,3.0,0.0,31.6,18.8,
2479737,8,981209,CB CLARET BENIMACLET,AWAY,2281500,L. Liern Ruiz,L. Liern Ruiz,0,12.0,720.0,0.0,0.0,0.0,0.0,2.0,0.0,2.0,0.0,0.0,0.0,2.0,2.0,3.0,1.0,0.0,0.0,0.0,0.0,0.0,2.0,7.0,0.0,0.0,100.0,0.0,0.0,0.0,0.0,0.0,16.3,9.3,50.0,0.0,0.0,33.3,13.1,
2479737,8,981209,CB CLARET BENIMACLET,AWAY,1767443,M. Cuellar Bayarri,M. Cuellar Bayarri,1,22.2,1331.0,10.0,3.0,9.0,0.0,2.0,3.0,11.0,4.0,4.0,0.0,2.0,2.0,1.0,4.0,2.0,0.0,0.0,2.0,2.0,3.0,10.0,39.2,27.3,18.2,36.4,0.7,0.0,2.0,0.0,8.8,5.0,11.1,4.8,0.0,23.9,39.4,
2479737,8,981209,CB CLARET BENIMACLET,AWAY,1681307,E. Iranzo Gutierrez,E. Iranzo Gutierrez,0,6.7,402.0,0.0,0.0,0.0,0.0,0.0,0.0,0.0,0.0,0.0,0.0,0.0,0.0,0.0,0.0,0.0,0.0,0.0,1.0,1.0,0.0,-11.0,0.0,0.0,0.0,0.0,0.0,0.0,0.0,0.0,0.0,0.0,0.0,0.0,0.0,0.0,0.0,
2479737,8,981209,CB CLARET BENIMACLET,AWAY,1994256,T. Toledo Navarro,T. Toledo Navarro,0,15.4,922.0,0.0,0.0,1.0,0.0,2.0,0.0,3.0,0.0,0.0,1.0,0.0,1.0,2.0,3.0,1.0,0.0,1.0,2.0,0.0,-4.0,2.0,0.0,0.0,66.7,0.0,0.0,0.0,0.0,8.4,0.0,3.6,25.0,3.5,0.0,50.0,20.3,
2479737,8,981209,CB CLARET BENIMACLET,AWAY,1749591,I. Garrido Perez,I. Garrido Perez,1,28.9,1731.0,10.0,1.0,1.0,2.0,7.0,3.0,8.0,2.0,2.0,0.0,6.0,6.0,1.0,0.0,3.0,0.0,0.0,1.0,2.0,16.0,19.0,56.3,50.0,87.5,25.0,2.0,0.9,1.0,0.0,20.3,11.5,9.1,5.5,0.0,0.0,16.0,
2479738,8,981286,ESCO GRUPO FEMENINO ALCORCON,HOME,2822981,C. Ribeiro Dos Santos Bernardeco,C. Ribeiro Dos Santos Bernardeco,1,15.5,931.0,0.0,0.0,2.0,0.0,2.0,0.0,4.0,0.0,0.0,0.0,1.0,1.0,1.0,2.0,0.0,0.0,0.0,1.0,2.0,-3.0,-17.0,0.0,0.0,50.0,0.0,0.0,0.0,0.0,0.0,8.6,3.7,11.4,0.0,0.0,33.3,17.3,
2479738,8,981286,ESCO GRUPO FEMENINO ALCORCON,HOME,2095287,G. Escorial Ferrero,G. Escorial Ferrero,0,25.5,1530.0,11.0,5.0,10.0,0.0,0.0,5.0,10.0,1.0,1.0,6.0,4.0,10.0,1.0,4.0,0.0,3.0,0.0,4.0,1.0,13.0,0.0,52.7,50.0,0.0,10.0,1.0,0.0,1.0,24.1,20.9,22.7,12.2,0.0,9.6,27.7,25.2,
2479738,8,981286,ESCO GRUPO FEMENINO ALCORCON,HOME,2162538,C. Del Amo Sevillano,C. Del Amo Sevillano,1,30.1,1806.0,13.0,3.0,13.0,0.0,4.0,3.0,17.0,7.0,8.0,1.0,3.0,4.0,0.0,2.0,1.0,0.0,0.0,4.0,5.0,2.0,-15.0,31.7,17.6,23.5,47.1,0.5,0.0,1.6,3.4,13.3,7.7,0.0,1.7,0.0,8.9,33.4,
2479738,8,981286,ESCO GRUPO FEMENINO ALCORCON,HOME,2182200,L. Bernardo Perez,L. Bernardo Perez,0,5.9,353.0,0.0,0.0,0.0,0.0,1.0,0.0,1.0,0.0,0.0,0.0,2.0,2.0,0.0,3.0,2.0,0.0,0.0,1.0,0.0,-1.0,-3.0,0.0,0.0,100.0,0.0,0.0,0.0,0.0,0.0,45.2,19.7,0.0,17.3,0.0,75.0,30.2,
2479738,8,981286,ESCO GRUPO FEMENINO ALCORCON,HOME,2012796,M. Blanco Eusebio,M. Blanco Eusebio,0,24.5,1469.0,3.0,0.0,1.0,1.0,1.0,1.0,2.0,0.0,0.0,2.0,6.0,8.0,1.0,1.0,0.0,1.0,0.0,0.0,2.0,13.0,5.0,75.0,75.0,50.0,0.0,0.0,3.0,0.0,8.4,32.7,18.9,8.2,0.0,3.3,33.3,5.5,
2479738,8,981286,ESCO GRUPO FEMENINO ALCORCON,HOME,1535457,M. Aranda Fraile,M. Aranda Fraile,1,14.2,849.0,11.0,1.0,2.0,3.0,3.0,4.0,5.0,0.0,0.0,1.0,2.0,3.0,1.0,1.0,0.0,0.0,0.0,0.0,0.0,13.0,-17.0,110.0,110.0,60.0,0.0,1.0,3.0,0.0,7.2,18.8,12.2,20.8,0.0,0.0,16.7,18.8,
2479738,8,981286,ESCO GRUPO FEMENINO ALCORCON,HOME,2822982,Y. Sifaoui Bucero,Y. Sifaoui Bucero,1,15.9,952.0,6.0,3.0,5.0,0.0,0.0,3.0,5.0,0.0,0.0,0.0,0.0,0.0,1.0,2.0,0.0,0.0,0.0,2.0,0.0,1.0,-6.0,60.0,60.0,0.0,0.0,1.2,0.0,0.0,0.0,0.0,0.0,17.2,0.0,0.0,28.6,19.6,
2479738,8,981286,ESCO GRUPO FEMENINO ALCORCON,HOME,2819126,L. Vulovic,L. Vulovic,0,5.7,340.0,0.0,0.0,0.0,0.0,0.0,0.0,0.0,0.0,0.0,0.0,0.0,0.0,0.0,0.0,0.0,0.0,0.0,2.0,1.0,-1.0,-4.0,0.0,0.0,0.0,0.0,0.0,0.0,0.0,0.0,0.0,0.0,0.0,0.0,0.0,0.0,0.0,
2479738,8,981286,ESCO GRUPO FEMENINO ALCORCON,HOME,2128123,N. Ipo Seriche-Dougan,N. Ipo Seriche-Dougan,0,24.1,1448.0,1.0,0.0,4.0,0.0,2.0,0.0,6.0,1.0,2.0,2.0,3.0,5.0,2.0,5.0,1.0,0.0,1.0,1.0,2.0,-2.0,-9.0,7.3,0.0,33.3,33.3,0.0,0.0,1.0,8.5,16.6,12.0,15.2,2.1,0.0,42.1,22.0,
2479738,8,981286,ESCO GRUPO FEMENINO ALCORCON,HOME,2164976,A. Martínez Mora,A. Martínez Mora,1,10.2,610.0,9.0,1.0,2.0,2.0,2.0,3.0,4.0,1.0,2.0,1.0,0.0,1.0,0.0,0.0,1.0,0.0,0.0,2.0,1.0,8.0,-1.0,92.2,100.0,50.0,50.0,1.0,3.0,2.0,10.1,0.0,5.7,0.0,5.0,0.0,0.0,21.3,
2479738,8,981286,ESCO GRUPO FEMENINO ALCORCON,HOME,2176383,I. Camiña Rodriguez,I. Camiña Rodriguez,0,28.5,1712.0,8.0,1.0,1.0,2.0,9.0,3.0,10.0,0.0,0.0,0.0,2.0,2.0,3.0,0.0,3.0,0.0,0.0,1.0,1.0,9.0,7.0,40.0,40.0,90.0,0.0,2.0,0.7,0.0,0.0,9.4,4.1,24.2,5.4,0.0,0.0,15.6,
2479738,8,980023,GEIEG PACISA,AWAY,1917788,M. Carbo Cachinero,M. Carbo Cachinero,0,13.0,779.0,7.0,2.0,2.0,1.0,1.0,3.0,3.0,0.0,0.0,1.0,2.0,3.0,1.0,1.0,0.0,1.0,0.0,1.0,0.0,10.0,-9.0,116.7,116.7,33.3,0.0,2.0,3.0,0.0,10.3,15.8,13.4,18.5,0.0,7.7,25.0,14.5,
2479738,8,980023,GEIEG PACISA,AWAY,1944150,M. Melero Bravo,M. Melero Bravo,1,24.8,1489.0,10.0,4.0,7.0,0.0,2.0,4.0,9.0,2.0,2.0,0.0,2.0,2.0,5.0,1.0,1.0,0.0,0.0,4.0,1.0,9.0,8.0,50.6,44.4,22.2,22.2,1.1,0.0,2.0,0.0,8.3,4.7,39.1,2.1,0.0,9.2,20.6,
2479738,8,980023,GEIEG PACISA,AWAY,1748049,N. Bagaria Rovira,N. Bagaria Rovira,0,22.8,1365.0,11.0,1.0,1.0,3.0,5.0,4.0,6.0,0.0,0.0,1.0,2.0,3.0,3.0,3.0,2.0,0.0,0.0,0.0,2.0,16.0,14.0,91.7,91.7,83.3,0.0,2.0,1.8,0.0,5.8,9.0,7.6,23.4,4.6,0.0,33.3,18.5,
2479738,8,980023,GEIEG PACISA,AWAY,1667386,C. Morente Lopez,C. Morente Lopez,1,29.1,1747.0,8.0,1.0,2.0,2.0,4.0,3.0,6.0,0.0,0.0,1.0,1.0,2.0,2.0,2.0,0.0,0.0,1.0,1.0,1.0,7.0,10.0,66.7,66.7,66.7,0.0,1.0,1.5,0.0,4.6,3.5,4.0,12.0,0.0,0.0,25.0,12.9,
2479738,8,980023,GEIEG PACISA,AWAY,1968963,A. Talasimov,A. Talasimov,1,19.8,1186.0,4.0,1.0,6.0,0.0,1.0,1.0,7.0,2.0,2.0,1.0,3.0,4.0,0.0,0.0,1.0,0.0,0.0,3.0,2.0,2.0,9.0,25.4,14.3,14.3,28.6,0.3,0.0,1.0,6.7,15.5,11.7,0.0,2.6,0.0,0.0,18.7,
2479738,8,980023,GEIEG PACISA,AWAY,1567998,V. Gonzalez Olaizola,V. Gonzalez Olaizola,0,20.4,1226.0,4.0,2.0,6.0,0.0,0.0,2.0,6.0,0.0,0.0,1.0,4.0,5.0,3.0,2.0,1.0,0.0,0.0,2.0,3.0,8.0,-3.0,33.3,33.3,0.0,0.0,0.7,0.0,0.0,6.5,20.1,14.2,25.0,2.6,0.0,25.0,18.4,
2479738,8,980023,GEIEG PACISA,AWAY,1666109,A. Coma Perpiña,A. Coma Perpiña,1,30.3,1820.0,9.0,3.0,10.0,0.0,1.0,3.0,11.0,3.0,4.0,1.0,4.0,5.0,4.0,4.0,2.0,0.0,2.0,1.0,4.0,10.0,13.0,35.3,27.3,9.1,36.4,0.6,0.0,1.0,4.4,13.5,9.6,20.6,3.4,0.0,23.9,26.0,
2479738,8,980023,GEIEG PACISA,AWAY,1926754,J. Fernandez Pinsach,J. Fernandez Pinsach,1,19.6,1174.0,15.0,6.0,9.0,0.0,0.0,6.0,9.0,3.0,4.0,0.0,5.0,5.0,0.0,1.0,2.0,0.0,1.0,1.0,3.0,19.0,15.0,69.7,66.7,0.0,44.4,1.3,0.0,1.3,0.0,26.2,14.8,0.0,5.3,0.0,8.5,28.2,
2479738,8,980023,GEIEG PACISA,AWAY,2239082,N. Mitjanas Costa,N. Mitjanas Costa,0,20.2,1214.0,6.0,2.0,6.0,0.0,0.0,2.0,6.0,2.0,2.0,1.0,3.0,4.0,0.0,2.0,1.0,0.0,0.0,2.0,2.0,5.0,3.0,43.6,33.3,0.0,33.3,0.7,0.0,1.0,6.6,15.2,11.5,0.0,2.6,0.0,22.5,20.6,
2479739,9,979892,C. B. ISLA BONITA,HOME,1131087,B. Armengol Vall,B. Armengol Vall,1,33.3,1998.0,12.0,3.0,5.0,2.0,4.0,5.0,9.0,0.0,3.0,0.0,4.0,4.0,3.0,3.0,0.0,0.0,0.0,1.0,2.0,10.0,0.0,58.1,66.7,44.4,33.3,1.2,1.5,1.5,0.0,11.4,6.6,27.3,0.0,0.0,22.5,20.7,
2479739,9,979892,C. B. ISLA BONITA,HOME,1870487,T. Gonzalez Soto,T. Gonzalez Soto,0,7.4,446.0,0.0,0.0,1.0,0.0,2.0,0.0,3.0,0.0,0.0,0.0,0.0,0.0,0.0,1.0,0.0,0.0,0.0,1.0,0.0,-5.0,-2.0,0.0,0.0,66.7,0.0,0.0,0.0,0.0,0.0,0.0,0.0,0.0,0.0,0.0,25.0,28.0,
2479739,9,979892,C. B. ISLA BONITA,HOME,1981139,S. Blanco Guitian,S. Blanco Guitian,1,25.2,1511.0,6.0,0.0,1.0,2.0,6.0,2.0,7.0,0.0,0.0,0.0,1.0,1.0,3.0,1.0,0.0,0.0,0.0,2.0,1.0,3.0,-1.0,42.9,42.9,85.7,0.0,0.0,1.0,0.0,0.0,3.8,2.2,30.0,0.0,0.0,12.5,16.5,
2479739,9,979892,C. B. ISLA BONITA,HOME,1853281,I. Bautista Villaverde,I. Bautista Villaverde,0,8.0,481.0,0.0,0.0,1.0,0.0,0.0,0.0,1.0,0.0,0.0,0.0,1.0,1.0,0.0,0.0,0.0,0.0,0.0,1.0,1.0,0.0,-1.0,0.0,0.0,0.0,0.0,0.0,0.0,0.0,0.0,11.9,6.8,0.0,0.0,0.0,0.0,6.5,
2479739,9,979892,C. B. ISLA BONITA,HOME,2816643,E. Motekaitytè,E. Motekaitytè,1,24.8,1487.0,11.0,3.0,6.0,0.0,0.0,3.0,6.0,5.0,5.0,1.0,8.0,9.0,1.0,2.0,0.0,1.0,0.0,4.0,5.0,18.0,1.0,67.1,50.0,0.0,83.3,1.0,0.0,1.0,5.2,30.7,19.9,11.1,0.0,3.2,19.6,21.3,
2479739,9,979892,C. B. ISLA BONITA,HOME,2171960,M. Colom Elosúa,M. Colom Elosúa,1,28.6,1717.0,15.0,2.0,5.0,3.0,5.0,5.0,10.0,2.0,4.0,1.0,2.0,3.0,1.0,3.0,0.0,0.0,0.0,1.0,4.0,12.0,-2.0,63.8,65.0,50.0,40.0,0.8,1.8,1.0,4.5,6.7,5.7,11.1,0.0,0.0,20.3,26.8,
2479739,9,979892,C. B. ISLA BONITA,HOME,2524874,M. Vulovic,M. Vulovic,1,11.8,707.0,0.0,0.0,4.0,0.0,0.0,0.0,4.0,0.0,0.0,2.0,4.0,6.0,0.0,2.0,1.0,0.0,0.0,3.0,0.0,-2.0,-6.0,0.0,0.0,0.0,0.0,0.0,0.0,0.0,21.9,32.3,27.9,0.0,4.5,0.0,33.3,26.4,
2479739,9,979892,C. B. ISLA BONITA,HOME,1471341,M. Rosales Elejabeita,M. Rosales Elejabeita,0,27.3,1640.0,4.0,2.0,8.0,0.0,0.0,2.0,8.0,0.0,2.0,2.0,4.0,6.0,1.0,1.0,1.0,0.0,0.0,3.0,2.0,2.0,5.0,22.5,25.0,0.0,25.0,0.5,0.0,1.0,9.5,14.0,12.0,8.3,1.9,0.0,10.1,18.8,
2479739,9,979892,C. B. ISLA BONITA,HOME,1372464,M. Carballo Diaz,M. Carballo Diaz,0,6.7,399.0,0.0,0.0,0.0,0.0,0.0,0.0,0.0,0.0,0.0,1.0,0.0,1.0,1.0,2.0,0.0,0.0,0.0,0.0,0.0,0.0,-2.0,0.0,0.0,0.0,0.0,0.0,0.0,0.0,19.3,0.0,8.2,25.0,0.0,0.0,100.0,15.5,
2479739,9,979892,C. B. ISLA BONITA,HOME,2816642,N. Cunill Peña,N. Cunill Peña,0,16.1,966.0,4.0,2.0,2.0,0.0,1.0,2.0,3.0,0.0,0.0,1.0,4.0,5.0,1.0,0.0,2.0,0.0,0.0,2.0,1.0,10.0,-6.0,66.7,66.7,33.3,0.0,2.0,0.0,0.0,8.0,23.7,17.0,16.7,6.6,0.0,0.0,9.7,
2479739,9,979892,C. B. ISLA BONITA,HOME,2524609,A. Glomazic,A. Glomazic,0,10.8,648.0,3.0,0.0,1.0,1.0,2.0,1.0,3.0,0.0,0.0,0.0,1.0,1.0,0.0,2.0,1.0,0.0,0.0,4.0,0.0,-3.0,-1.0,50.0,50.0,66.7,0.0,0.0,1.5,0.0,0.0,8.8,5.1,0.0,4.9,0.0,40.0,24.0,
2479739,9,980023,GEIEG PACISA,AWAY,1949920,J. Pairo Urtos,J. Pairo Urtos,0,5.1,305.0,0.0,0.0,0.0,0.0,0.0,0.0,0.0,0.0,0.0,0.0,0.0,0.0,0.0,0.0,0.0,0.0,0.0,0.0,0.0,0.0,-1.0,0.0,0.0,0.0,0.0,0.0,0.0,0.0,0.0,0.0,0.0,0.0,0.0,0.0,0.0,0.0,
2479739,9,980023,GEIEG PACISA,AWAY,1917788,M. Carbo Cachinero,M. Carbo Cachinero,0,18.9,1134.0,8.0,2.0,2.0,0.0,0.0,2.0,2.0,4.0,8.0,0.0,1.0,1.0,1.0,0.0,1.0,0.0,0.0,1.0,6.0,12.0,-2.0,72.5,100.0,0.0,400.0,2.0,0.0,1.3,0.0,6.8,2.9,11.8,3.1,0.0,0.0,13.2,
2479739,9,980023,GEIEG PACISA,AWAY,1944150,M. Melero Bravo,M. Melero Bravo,1,25.7,1541.0,11.0,3.0,6.0,1.0,2.0,4.0,8.0,2.0,4.0,0.0,3.0,3.0,3.0,0.0,3.0,0.0,0.0,3.0,3.0,14.0,7.0,56.4,56.2,25.0,50.0,1.0,1.5,1.3,0.0,15.1,6.4,34.9,6.8,0.0,0.0,17.2,
2479739,9,980023,GEIEG PACISA,AWAY,1748049,N. Bagaria Rovira,N. Bagaria Rovira,0,23.0,1378.0,0.0,0.0,3.0,0.0,2.0,0.0,5.0,0.0,0.0,3.0,3.0,6.0,0.0,1.0,2.0,0.0,0.0,0.0,0.0,2.0,-5.0,0.0,0.0,40.0,0.0,0.0,0.0,0.0,12.4,16.8,14.3,0.0,5.0,0.0,16.7,11.8,
2479739,9,980023,GEIEG PACISA,AWAY,1667386,C. Morente Lopez,C. Morente Lopez,1,15.9,952.0,0.0,0.0,0.0,0.0,2.0,0.0,2.0,0.0,0.0,1.0,2.0,3.0,0.0,1.0,0.0,0.0,0.0,1.0,0.0,-1.0,6.0,0.0,0.0,100.0,0.0,0.0,0.0,0.0,6.0,16.2,10.3,0.0,0.0,0.0,33.3,8.5,
2479739,9,980023,GEIEG PACISA,AWAY,1968963,A. Talasimov,A. Talasimov,1,22.9,1377.0,5.0,2.0,5.0,0.0,0.0,2.0,5.0,1.0,4.0,2.0,1.0,3.0,0.0,1.0,2.0,0.0,0.0,2.0,3.0,4.0,8.0,37.0,40.0,0.0,80.0,0.8,0.0,1.3,8.3,5.6,7.2,0.0,5.1,0.0,12.9,15.3,
2479739,9,980023,GEIEG PACISA,AWAY,1567998,V. Gonzalez Olaizola,V. Gonzalez Olaizola,0,18.7,1122.0,7.0,2.0,8.0,0.0,0.0,2.0,8.0,3.0,6.0,5.0,5.0,10.0,4.0,3.0,0.0,0.0,0.0,1.0,3.0,11.0,6.0,32.9,25.0,0.0,75.0,0.5,0.0,2.0,25.5,34.5,29.3,47.1,0.0,0.0,22.0,33.0,
2479739,9,980023,GEIEG PACISA,AWAY,1666109,A. Coma Perpiña,A. Coma Perpiña,1,31.5,1890.0,14.0,6.0,14.0,0.0,4.0,6.0,18.0,2.0,2.0,0.0,0.0,0.0,0.0,3.0,0.0,0.0,0.0,2.0,5.0,2.0,4.0,37.1,33.3,22.2,11.1,0.9,0.0,0.4,0.0,0.0,0.0,0.0,0.0,0.0,13.7,31.5,
2479739,9,980023,GEIEG PACISA,AWAY,1926754,J. Fernandez Pinsach,J. Fernandez Pinsach,1,21.3,1278.0,5.0,2.0,6.0,0.0,0.0,2.0,6.0,1.0,2.0,2.0,7.0,9.0,0.0,0.0,1.0,0.0,1.0,2.0,2.0,10.0,-3.0,36.3,33.3,0.0,33.3,0.7,0.0,1.0,8.9,42.4,23.2,0.0,2.7,0.0,0.0,14.6,
2479739,9,980023,GEIEG PACISA,AWAY,2239082,N. Mitjanas Costa,N. Mitjanas Costa,0,17.1,1023.0,8.0,2.0,7.0,1.0,3.0,3.0,10.0,1.0,2.0,0.0,1.0,1.0,0.0,3.0,1.0,0.0,0.0,4.0,0.0,-5.0,-5.0,36.8,35.0,30.0,20.0,0.6,1.0,0.0,0.0,7.5,3.2,0.0,3.4,0.0,21.6,36.8,
2479740,9,981209,CB CLARET BENIMACLET,HOME,2557107,I. Serrano Alvarez,I. Serrano Alvarez,0,20.1,1208.0,9.0,4.0,8.0,0.0,2.0,4.0,10.0,1.0,1.0,0.0,6.0,6.0,1.0,2.0,1.0,1.0,0.0,3.0,2.0,9.0,-6.0,43.1,40.0,20.0,10.0,1.0,0.0,0.5,0.0,36.2,19.0,16.7,2.7,4.9,16.1,29.4,
2479740,9,981209,CB CLARET BENIMACLET,HOME,1886112,S. Afonso Gonzalez,S. Afonso Gonzalez,1,32.2,1934.0,8.0,4.0,8.0,0.0,5.0,4.0,13.0,0.0,1.0,0.0,0.0,0.0,7.0,5.0,0.0,0.0,1.0,2.0,2.0,0.0,-11.0,29.8,30.8,38.5,7.7,1.0,0.0,0.5,0.0,0.0,0.0,58.3,0.0,0.0,27.1,27.2,
2479740,9,981209,CB CLARET BENIMACLET,HOME,2209715,J. Sarrio Asensio,J. Sarrio Asensio,0,10.3,621.0,3.0,0.0,0.0,1.0,1.0,1.0,1.0,0.0,0.0,0.0,0.0,0.0,1.0,0.0,0.0,0.0,0.0,5.0,0.0,-1.0,0.0,150.0,150.0,100.0,0.0,0.0,3.0,0.0,0.0,0.0,0.0,20.0,0.0,0.0,0.0,4.6,
2479740,9,981209,CB CLARET BENIMACLET,HOME,1853228,J. Rochina Troncoso,J. Rochina Troncoso,1,23.1,1388.0,5.0,1.0,4.0,1.0,2.0,2.0,6.0,0.0,0.0,0.0,0.0,0.0,0.0,1.0,1.0,0.0,1.0,3.0,0.0,-2.0,-6.0,41.7,41.7,33.3,0.0,0.5,1.5,0.0,0.0,0.0,0.0,0.0,2.4,0.0,14.3,14.4,
2479740,9,981209,CB CLARET BENIMACLET,HOME,1840053,P. Garcia Garcia,P. Garcia Garcia,1,32.9,1975.0,14.0,2.0,5.0,0.0,0.0,2.0,5.0,10.0,13.0,1.0,6.0,7.0,2.0,8.0,3.0,0.0,0.0,5.0,15.0,22.0,-5.0,65.3,40.0,0.0,260.0,0.8,0.0,0.9,4.1,22.1,13.5,14.3,5.0,0.0,42.7,27.1,
2479740,9,981209,CB CLARET BENIMACLET,HOME,2281500,L. Liern Ruiz,L. Liern Ruiz,0,6.1,366.0,0.0,0.0,0.0,0.0,1.0,0.0,1.0,0.0,0.0,1.0,2.0,3.0,0.0,0.0,1.0,0.0,0.0,0.0,0.0,3.0,-7.0,0.0,0.0,100.0,0.0,0.0,0.0,0.0,21.9,39.7,31.2,0.0,9.0,0.0,0.0,7.8,
2479740,9,981209,CB CLARET BENIMACLET,HOME,1767443,M. Cuellar Bayarri,M. Cuellar Bayarri,1,19.9,1192.0,12.0,4.0,7.0,0.0,0.0,4.0,7.0,4.0,5.0,0.0,3.0,3.0,0.0,0.0,0.0,0.0,0.0,3.0,3.0,11.0,-5.0,65.2,57.1,0.0,71.4,1.1,0.0,1.7,0.0,18.3,9.6,0.0,0.0,0.0,0.0,22.0,
2479740,9,981209,CB CLARET BENIMACLET,HOME,1681307,E. Iranzo Gutierrez,E. Iranzo Gutierrez,0,8.2,495.0,3.0,0.0,2.0,1.0,3.0,1.0,5.0,0.0,0.0,0.0,0.0,0.0,1.0,0.0,0.0,0.0,0.0,1.0,1.0,0.0,-2.0,30.0,30.0,60.0,0.0,0.0,1.0,0.0,0.0,0.0,0.0,33.3,0.0,0.0,0.0,29.0,
2479740,9,981209,CB CLARET BENIMACLET,HOME,1994256,T. Toledo Navarro,T. Toledo Navarro,0,16.2,970.0,2.0,1.0,2.0,0.0,1.0,1.0,3.0,0.0,0.0,2.0,1.0,3.0,2.0,0.0,0.0,0.0,0.0,1.0,0.0,4.0,2.0,33.3,33.3,33.3,0.0,1.0,0.0,0.0,16.5,7.5,11.8,28.6,0.0,0.0,0.0,8.8,
2479740,9,981209,CB CLARET BENIMACLET,HOME,1749591,I. Garrido Perez,I. Garrido Perez,1,30.9,1851.0,4.0,0.0,2.0,1.0,2.0,1.0,4.0,1.0,3.0,1.0,3.0,4.0,1.0,3.0,0.0,2.0,0.0,0.0,1.0,4.0,-15.0,37.6,37.5,50.0,75.0,0.0,1.5,3.0,4.3,11.8,8.2,6.7,0.0,6.3,36.1,12.8,
2479740,9,981286,ESCO GRUPO FEMENINO ALCORCON,AWAY,2822981,C. Ribeiro Dos Santos Bernardeco,C. Ribeiro Dos Santos Bernardeco,0,20.2,1214.0,2.0,0.0,0.0,0.0,2.0,0.0,2.0,2.0,5.0,0.0,1.0,1.0,3.0,1.0,3.0,0.0,0.0,3.0,2.0,2.0,9.0,23.8,0.0,100.0,250.0,0.0,0.0,2.5,0.0,6.6,3.1,25.0,7.5,0.0,19.2,12.1,
2479740,9,981286,ESCO GRUPO FEMENINO ALCORCON,AWAY,2095287,G. Escorial Ferrero,G. Escorial Ferrero,0,10.7,642.0,4.0,2.0,4.0,0.0,0.0,2.0,4.0,0.0,0.0,2.0,1.0,3.0,0.0,2.0,1.0,0.0,0.0,2.0,1.0,3.0,-3.0,50.0,50.0,0.0,0.0,1.0,0.0,0.0,22.7,12.5,17.8,0.0,4.7,0.0,33.3,26.4,
2479740,9,981286,ESCO GRUPO FEMENINO ALCORCON,AWAY,2162538,C. Del Amo Sevillano,C. Del Amo Sevillano,1,35.3,2119.0,18.0,4.0,9.0,3.0,7.0,7.0,16.0,1.0,2.0,0.0,6.0,6.0,2.0,4.0,1.0,0.0,1.0,3.0,3.0,13.0,11.0,53.3,53.1,43.8,12.5,0.9,1.3,0.7,0.0,22.7,10.8,13.7,1.4,0.0,19.2,27.8,
2479740,9,981286,ESCO GRUPO FEMENINO ALCORCON,AWAY,2182200,L. Bernardo Perez,L. Bernardo Perez,0,2.2,130.0,0.0,0.0,0.0,0.0,0.0,0.0,0.0,0.0,0.0,0.0,0.0,0.0,0.0,0.0,0.0,0.0,0.0,0.0,0.0,0.0,-4.0,0.0,0.0,0.0,0.0,0.0,0.0,0.0,0.0,0.0,0.0,0.0,0.0,0.0,0.0,0.0,
2479740,9,981286,ESCO GRUPO FEMENINO ALCORCON,AWAY,2012796,M. Blanco Eusebio,M. Blanco Eusebio,1,20.6,1236.0,0.0,0.0,4.0,0.0,0.0,0.0,4.0,0.0,0.0,0.0,2.0,2.0,4.0,1.0,2.0,0.0,0.0,2.0,4.0,5.0,2.0,0.0,0.0,0.0,0.0,0.0,0.0,0.0,0.0,12.9,6.2,33.3,4.9,0.0,20.0,11.4,
2479740,9,981286,ESCO GRUPO FEMENINO ALCORCON,AWAY,1535457,M. Aranda Fraile,M. Aranda Fraile,1,11.2,673.0,3.0,0.0,0.0,1.0,2.0,1.0,2.0,0.0,0.0,1.0,3.0,4.0,2.0,0.0,0.0,0.0,0.0,1.0,0.0,7.0,-1.0,75.0,75.0,100.0,0.0,0.0,1.5,0.0,10.8,35.7,22.7,32.3,0.0,0.0,0.0,8.4,
2479740,9,981286,ESCO GRUPO FEMENINO ALCORCON,AWAY,2822982,Y. Sifaoui Bucero,Y. Sifaoui Bucero,1,21.0,1260.0,10.0,4.0,6.0,0.0,0.0,4.0,6.0,2.0,2.0,3.0,3.0,6.0,0.0,1.0,0.0,1.0,0.0,3.0,1.0,12.0,1.0,72.7,66.7,0.0,33.3,1.3,0.0,2.0,17.3,19.0,18.1,0.0,0.0,5.0,12.7,17.7,
2479740,9,981286,ESCO GRUPO FEMENINO ALCORCON,AWAY,2128123,N. Ipo Seriche-Dougan,N. Ipo Seriche-Dougan,1,27.4,1647.0,15.0,4.0,7.0,1.0,3.0,5.0,10.0,4.0,5.0,2.0,1.0,3.0,4.0,1.0,5.0,0.0,2.0,2.0,5.0,23.0,17.0,61.5,55.0,30.0,50.0,1.1,1.0,1.0,8.8,4.9,7.0,33.9,9.2,0.0,7.6,22.7,
2479740,9,981286,ESCO GRUPO FEMENINO ALCORCON,AWAY,2164976,A. Martínez Mora,A. Martínez Mora,0,11.7,703.0,2.0,1.0,3.0,0.0,2.0,1.0,5.0,0.0,0.0,0.0,0.0,0.0,2.0,2.0,0.0,0.0,0.0,3.0,0.0,-5.0,1.0,20.0,20.0,40.0,0.0,0.7,0.0,0.0,0.0,0.0,0.0,32.3,0.0,0.0,28.6,28.2,
2479740,9,981286,ESCO GRUPO FEMENINO ALCORCON,AWAY,1869823,D. Miliauskaite,D. Miliauskaite,0,16.9,1017.0,15.0,3.0,7.0,0.0,1.0,3.0,8.0,9.0,11.0,3.0,5.0,8.0,0.0,0.0,2.0,0.0,0.0,5.0,6.0,19.0,14.0,58.4,37.5,12.5,137.5,0.9,0.0,1.8,21.5,39.4,30.1,0.0,6.0,0.0,0.0,35.8,
2479740,9,981286,ESCO GRUPO FEMENINO ALCORCON,AWAY,2176383,I. Camiña Rodriguez,I. Camiña Rodriguez,0,22.6,1359.0,2.0,1.0,1.0,0.0,4.0,1.0,5.0,0.0,0.0,1.0,3.0,4.0,2.0,0.0,0.0,1.0,0.0,1.0,0.0,4.0,8.0,20.0,20.0,80.0,0.0,2.0,0.0,0.0,5.4,17.7,11.2,14.9,0.0,4.7,0.0,10.4,
2479741,9,979778,MAGEC TÍAS LANZAROTE CONTRA LA VIOLENCIA DE GÉNERO,HOME,2178381,E. Lozano Sosa,E. Lozano Sosa,0,13.8,828.0,2.0,1.0,2.0,0.0,1.0,1.0,3.0,0.0,0.0,0.0,1.0,1.0,2.0,1.0,3.0,0.0,0.0,4.0,1.0,2.0,-9.0,33.3,33.3,33.3,0.0,1.0,0.0,0.0,0.0,9.1,4.3,32.3,11.0,0.0,25.0,13.7,
2479741,9,979778,MAGEC TÍAS LANZAROTE CONTRA LA VIOLENCIA DE GÉNERO,HOME,1100445,Y. Garcia Gonzalez,Y. Garcia Gonzalez,1,31.4,1882.0,13.0,5.0,10.0,0.0,0.0,5.0,10.0,3.0,4.0,3.0,2.0,5.0,0.0,1.0,0.0,0.0,0.0,5.0,6.0,12.0,-3.0,55.3,50.0,0.0,40.0,1.0,0.0,0.7,10.6,8.0,9.4,0.0,0.0,0.0,7.8,19.2,
2479741,9,979778,MAGEC TÍAS LANZAROTE CONTRA LA VIOLENCIA DE GÉNERO,HOME,2415445,I. Drake Ruiz-Villar,I. Drake Ruiz-Villar,1,27.4,1642.0,20.0,7.0,11.0,1.0,2.0,8.0,13.0,3.0,4.0,2.0,2.0,4.0,2.0,6.0,1.0,0.0,0.0,4.0,3.0,14.0,-5.0,67.8,65.4,15.4,30.8,1.3,1.5,1.3,8.1,9.1,8.6,22.7,1.8,0.0,28.9,35.8,
2479741,9,979778,MAGEC TÍAS LANZAROTE CONTRA LA VIOLENCIA DE GÉNERO,HOME,1450205,A. Rodriguez Guerra,A. Rodriguez Guerra,0,3.1,189.0,0.0,0.0,0.0,0.0,1.0,0.0,1.0,0.0,0.0,0.0,0.0,0.0,0.0,0.0,0.0,0.0,0.0,1.0,0.0,-2.0,0.0,0.0,0.0,100.0,0.0,0.0,0.0,0.0,0.0,0.0,0.0,0.0,0.0,0.0,0.0,15.3,
2479741,9,979778,MAGEC TÍAS LANZAROTE CONTRA LA VIOLENCIA DE GÉNERO,HOME,1995747,S. Hisado Santos,S. Hisado Santos,1,38.3,2297.0,5.0,2.0,2.0,0.0,1.0,2.0,3.0,1.0,1.0,0.0,3.0,3.0,8.0,1.0,4.0,0.0,0.0,0.0,3.0,21.0,-8.0,72.7,66.7,33.3,33.3,2.0,0.0,0.3,0.0,9.8,4.6,36.4,5.3,0.0,22.5,5.5,
2479741,9,979778,MAGEC TÍAS LANZAROTE CONTRA LA VIOLENCIA DE GÉNERO,HOME,1695414,C. Mateo Cañada,C. Mateo Cañada,1,26.1,1565.0,9.0,3.0,6.0,1.0,5.0,4.0,11.0,0.0,0.0,0.0,4.0,4.0,1.0,2.0,1.0,0.0,0.0,4.0,2.0,4.0,-10.0,40.9,40.9,45.5,0.0,1.0,0.6,0.0,0.0,19.2,9.0,7.8,1.9,0.0,15.4,23.6,
2479741,9,979778,MAGEC TÍAS LANZAROTE CONTRA LA VIOLENCIA DE GÉNERO,HOME,2824664,B. Snorradottir,B. Snorradottir,0,22.8,1366.0,5.0,0.0,1.0,1.0,3.0,1.0,4.0,2.0,2.0,1.0,2.0,3.0,0.0,1.0,0.0,0.0,0.0,1.0,2.0,5.0,-13.0,51.2,37.5,75.0,50.0,0.0,1.0,1.0,4.9,11.0,7.7,0.0,0.0,0.0,17.0,12.2,
2479741,9,979778,MAGEC TÍAS LANZAROTE CONTRA LA VIOLENCIA DE GÉNERO,HOME,2524794,M. Marinho Junqueira,M. Marinho Junqueira,1,37.2,2231.0,12.0,0.0,9.0,3.0,9.0,3.0,18.0,3.0,4.0,0.0,5.0,5.0,2.0,3.0,3.0,0.0,0.0,2.0,5.0,6.0,-12.0,30.4,25.0,50.0,22.2,0.0,1.0,0.8,0.0,16.8,7.9,10.8,4.1,0.0,13.2,28.9,
2479741,9,981335,CESUR DISTRITO OLIMPICO,AWAY,2286837,B. Arranz Albero,B. Arranz Albero,1,29.2,1755.0,21.0,1.0,3.0,6.0,9.0,7.0,12.0,1.0,1.0,0.0,2.0,2.0,2.0,5.0,1.0,0.0,0.0,0.0,2.0,18.0,5.0,84.4,83.3,75.0,8.3,0.7,2.0,0.5,0.0,7.6,4.0,19.0,1.7,0.0,28.7,25.9,
2479741,9,981335,CESUR DISTRITO OLIMPICO,AWAY,1811220,S. Francisco Abos,S. Francisco Abos,0,16.6,998.0,4.0,1.0,5.0,0.0,5.0,1.0,10.0,2.0,2.0,0.0,2.0,2.0,1.0,3.0,1.0,0.0,0.0,0.0,2.0,-2.0,5.0,18.4,10.0,50.0,20.0,0.4,0.0,1.0,0.0,13.4,7.1,11.1,3.1,0.0,21.6,36.3,
2479741,9,981335,CESUR DISTRITO OLIMPICO,AWAY,2031383,A. Picos Porras,A. Picos Porras,1,26.7,1602.0,18.0,4.0,6.0,2.0,3.0,6.0,9.0,4.0,6.0,2.0,6.0,8.0,3.0,0.0,0.0,0.0,0.0,3.0,6.0,27.0,5.0,77.3,77.8,33.3,66.7,1.3,2.0,1.0,9.4,25.0,17.6,26.1,0.0,0.0,0.0,18.9,
2479741,9,981335,CESUR DISTRITO OLIMPICO,AWAY,1871488,M. Gomez Hernandez,M. Gomez Hernandez,1,29.2,1753.0,6.0,2.0,6.0,0.0,4.0,2.0,10.0,2.0,2.0,0.0,7.0,7.0,2.0,4.0,1.0,0.0,0.0,2.0,4.0,6.0,10.0,27.6,20.0,40.0,20.0,0.7,0.0,0.5,0.0,26.6,14.1,12.9,1.7,0.0,26.9,22.1,
2479741,9,981335,CESUR DISTRITO OLIMPICO,AWAY,2800814,A. Emusi Adeniran,A. Emusi Adeniran,0,8.1,485.0,2.0,0.0,0.0,0.0,0.0,0.0,0.0,2.0,2.0,1.0,0.0,1.0,0.0,3.0,0.0,0.0,0.0,3.0,1.0,-2.0,1.0,113.6,0.0,0.0,0.0,0.0,0.0,2.0,15.4,0.0,7.3,0.0,0.0,0.0,77.3,20.8,
2479741,9,981335,CESUR DISTRITO OLIMPICO,AWAY,1832824,C. Leal Flores,C. Leal Flores,0,18.9,1136.0,4.0,1.0,2.0,0.0,1.0,1.0,3.0,2.0,2.0,0.0,2.0,2.0,2.0,1.0,2.0,0.0,0.0,4.0,1.0,4.0,17.0,51.5,33.3,33.3,66.7,1.0,0.0,2.0,0.0,11.8,6.2,17.4,5.4,0.0,20.5,11.2,
2479741,9,981335,CESUR DISTRITO OLIMPICO,AWAY,1562695,A. González Ramírez,A. González Ramírez,1,18.2,1094.0,2.0,1.0,2.0,0.0,0.0,1.0,2.0,0.0,0.0,0.0,1.0,1.0,3.0,1.0,3.0,0.0,0.0,2.0,1.0,6.0,-3.0,50.0,50.0,0.0,0.0,1.0,0.0,0.0,0.0,6.1,3.2,26.1,8.4,0.0,33.3,7.1,
2479741,9,981335,CESUR DISTRITO OLIMPICO,AWAY,2160293,V. Lopez Riaño,V. Lopez Riaño,1,21.3,1278.0,14.0,5.0,10.0,0.0,1.0,5.0,11.0,4.0,4.0,6.0,6.0,12.0,1.0,4.0,0.0,0.0,0.0,4.0,2.0,15.0,17.0,54.9,45.5,9.1,36.4,1.0,0.0,2.0,35.2,31.3,33.1,13.3,0.0,0.0,23.9,34.1,
2479741,9,981335,CESUR DISTRITO OLIMPICO,AWAY,1677519,R. Flores Aguado,R. Flores Aguado,0,11.7,699.0,3.0,0.0,0.0,1.0,2.0,1.0,2.0,0.0,0.0,1.0,1.0,2.0,3.0,0.0,1.0,0.0,0.0,0.0,0.0,8.0,-1.0,75.0,75.0,100.0,0.0,0.0,1.5,0.0,10.7,9.5,10.1,46.2,4.3,0.0,0.0,7.4,
2479741,9,981335,CESUR DISTRITO OLIMPICO,AWAY,2185253,P. Álvarez Honorato,P. Álvarez Honorato,0,3.5,208.0,0.0,0.0,0.0,0.0,0.0,0.0,0.0,0.0,0.0,1.0,0.0,1.0,1.0,0.0,0.0,0.0,0.0,0.0,0.0,2.0,7.0,0.0,0.0,0.0,0.0,0.0,0.0,0.0,35.7,0.0,16.8,40.0,0.0,0.0,0.0,0.0,
2479741,9,981335,CESUR DISTRITO OLIMPICO,AWAY,2226680,J. Masip Lámbarri,J. Masip Lámbarri,0,16.5,992.0,4.0,1.0,2.0,0.0,0.0,1.0,2.0,2.0,2.0,2.0,3.0,5.0,0.0,1.0,0.0,0.0,0.0,4.0,1.0,4.0,-3.0,69.4,50.0,0.0,100.0,1.0,0.0,2.0,15.2,20.2,17.8,0.0,0.0,0.0,25.8,10.2,
2479742,9,981229,SPAR GRAN CANARIA,HOME,2203305,L. Perez Castro,L. Perez Castro,1,35.8,2149.0,11.0,4.0,4.0,1.0,7.0,5.0,11.0,0.0,2.0,0.0,3.0,3.0,3.0,0.0,4.0,0.0,0.0,1.0,2.0,14.0,18.0,46.3,50.0,63.6,18.2,2.0,0.4,1.0,0.0,7.8,4.1,13.1,5.7,0.0,0.0,14.2,
2479742,9,981229,SPAR GRAN CANARIA,HOME,2288451,A. Hernandez Martinez,A. Hernandez Martinez,0,3.8,230.0,0.0,0.0,0.0,0.0,1.0,0.0,1.0,0.0,0.0,0.0,0.0,0.0,1.0,1.0,0.0,0.0,0.0,1.0,0.0,-2.0,-5.0,0.0,0.0,100.0,0.0,0.0,0.0,0.0,0.0,0.0,0.0,32.3,0.0,0.0,50.0,22.5,
2479742,9,981229,SPAR GRAN CANARIA,HOME,2233043,A. Deniz Agullo,A. Deniz Agullo,0,3.2,190.0,0.0,0.0,0.0,0.0,0.0,0.0,0.0,0.0,0.0,0.0,1.0,1.0,0.0,0.0,0.0,0.0,0.0,0.0,0.0,1.0,-5.0,0.0,0.0,0.0,0.0,0.0,0.0,0.0,0.0,29.1,15.2,0.0,0.0,0.0,0.0,0.0,
2479742,9,981229,SPAR GRAN CANARIA,HOME,2230179,A. Garcia San Blas,A. Garcia San Blas,0,3.0,181.0,0.0,0.0,0.0,0.0,0.0,0.0,0.0,0.0,0.0,0.0,0.0,0.0,1.0,1.0,0.0,0.0,0.0,2.0,0.0,-2.0,-7.0,0.0,0.0,0.0,0.0,0.0,0.0,0.0,0.0,0.0,0.0,32.3,0.0,0.0,100.0,14.2,
2479742,9,981229,SPAR GRAN CANARIA,HOME,2494285,A. Mbengue Sánchez,A. Mbengue Sánchez,1,18.8,1128.0,4.0,2.0,4.0,0.0,0.0,2.0,4.0,0.0,0.0,1.0,4.0,5.0,1.0,2.0,0.0,0.0,0.0,2.0,1.0,5.0,-2.0,50.0,50.0,0.0,0.0,1.0,0.0,0.0,5.5,19.8,13.0,7.4,0.0,0.0,33.3,13.6,
2479742,9,981229,SPAR GRAN CANARIA,HOME,2251955,M. Ocurto Mendes,M. Ocurto Mendes,0,24.0,1439.0,8.0,1.0,2.0,2.0,6.0,3.0,8.0,0.0,0.0,0.0,7.0,7.0,1.0,1.0,1.0,0.0,0.0,3.0,2.0,10.0,19.0,50.0,50.0,75.0,0.0,1.0,1.0,0.0,0.0,27.1,14.2,6.4,2.1,0.0,11.1,16.0,
2479742,9,981229,SPAR GRAN CANARIA,HOME,2292843,M. Rodríguez Sánchez,M. Rodríguez Sánchez,0,3.4,201.0,0.0,0.0,0.0,0.0,0.0,0.0,0.0,0.0,0.0,0.0,0.0,0.0,1.0,0.0,0.0,0.0,0.0,1.0,1.0,1.0,0.0,0.0,0.0,0.0,0.0,0.0,0.0,0.0,0.0,0.0,0.0,32.3,0.0,0.0,0.0,0.0,
2479742,9,981229,SPAR GRAN CANARIA,HOME,2352279,T. Ezeanatogu Ezeonu,T. Ezeanatogu Ezeonu,1,28.0,1682.0,3.0,1.0,5.0,0.0,0.0,1.0,5.0,1.0,4.0,3.0,2.0,5.0,3.0,6.0,3.0,2.0,0.0,5.0,1.0,-1.0,24.0,22.2,20.0,0.0,80.0,0.4,0.0,4.0,11.0,6.6,8.7,14.5,5.4,8.9,47.0,19.5,
2479742,9,981229,SPAR GRAN CANARIA,HOME,2647608,M. Doumbia,M. Doumbia,1,40.0,2400.0,29.0,9.0,15.0,2.0,4.0,11.0,19.0,5.0,9.0,3.0,4.0,7.0,1.0,3.0,2.0,0.0,0.0,3.0,6.0,27.0,14.0,63.2,63.2,21.1,47.4,1.2,1.5,1.5,7.7,9.3,8.5,5.0,2.5,0.0,11.6,27.7,
2479742,9,981229,SPAR GRAN CANARIA,HOME,2643570,L. Toure,L. Toure,1,40.0,2400.0,21.0,9.0,19.0,0.0,0.0,9.0,19.0,3.0,7.0,7.0,8.0,15.0,1.0,3.0,2.0,0.0,0.0,0.0,6.0,28.0,14.0,47.6,47.4,0.0,36.8,0.9,0.0,1.2,17.9,18.6,18.3,4.5,2.5,0.0,12.0,26.8,
2479742,9,981227,DPES CB CIUDAD DE MOSTOLES,AWAY,2162836,D. Vaquero Martinez,D. Vaquero Martinez,1,15.7,939.0,0.0,0.0,6.0,0.0,1.0,0.0,7.0,0.0,0.0,2.0,2.0,4.0,0.0,2.0,0.0,0.0,1.0,1.0,0.0,-6.0,-10.0,0.0,0.0,14.3,0.0,0.0,0.0,0.0,11.9,13.1,12.4,0.0,0.0,0.0,22.2,24.6,
2479742,9,981227,DPES CB CIUDAD DE MOSTOLES,AWAY,1178705,A. Peredo Lopez,A. Peredo Lopez,1,28.4,1701.0,10.0,2.0,3.0,2.0,10.0,4.0,13.0,0.0,0.0,0.0,10.0,10.0,1.0,2.0,0.0,0.0,0.0,2.0,0.0,8.0,-2.0,38.5,38.5,76.9,0.0,1.3,0.6,0.0,0.0,36.1,17.2,9.3,0.0,0.0,13.3,22.7,
2479742,9,981227,DPES CB CIUDAD DE MOSTOLES,AWAY,1222687,B. Moreno Hurtado,B. Moreno Hurtado,0,16.8,1007.0,3.0,0.0,2.0,0.0,2.0,0.0,4.0,3.0,3.0,2.0,4.0,6.0,1.0,2.0,1.0,0.0,0.0,2.0,1.0,4.0,-17.0,28.2,0.0,50.0,75.0,0.0,0.0,3.0,11.1,24.4,17.4,11.9,3.0,0.0,27.3,18.7,
2479742,9,981227,DPES CB CIUDAD DE MOSTOLES,AWAY,1819108,N. Gomez Cobo,N. Gomez Cobo,0,17.5,1049.0,5.0,1.0,2.0,1.0,2.0,2.0,4.0,0.0,0.0,3.0,3.0,6.0,0.0,4.0,1.0,0.0,0.0,1.0,1.0,6.0,5.0,62.5,62.5,50.0,0.0,1.0,1.5,0.0,15.9,17.6,16.7,0.0,2.9,0.0,50.0,19.7,
2479742,9,981227,DPES CB CIUDAD DE MOSTOLES,AWAY,2035086,M. Gamez Martinez,M. Gamez Martinez,0,23.5,1408.0,14.0,4.0,5.0,2.0,6.0,6.0,11.0,0.0,0.0,4.0,0.0,4.0,3.0,1.0,1.0,0.0,0.0,4.0,3.0,15.0,4.0,63.6,63.6,54.5,0.0,1.6,1.0,0.0,15.8,0.0,8.3,45.5,2.1,0.0,8.3,22.0,
2479742,9,981227,DPES CB CIUDAD DE MOSTOLES,AWAY,1589173,M. Correa Villalona,M. Correa Villalona,1,32.3,1937.0,4.0,0.0,2.0,1.0,3.0,1.0,5.0,1.0,2.0,0.0,1.0,1.0,3.0,1.0,3.0,0.0,0.0,4.0,3.0,4.0,-18.0,34.0,30.0,60.0,40.0,0.0,1.0,0.7,0.0,3.2,1.5,19.0,4.7,0.0,14.5,9.2,
2479742,9,981227,DPES CB CIUDAD DE MOSTOLES,AWAY,1740994,B. Rodríguez Bazaga,B. Rodríguez Bazaga,1,36.2,2170.0,15.0,2.0,3.0,2.0,13.0,4.0,16.0,5.0,7.0,1.0,1.0,2.0,6.0,1.0,3.0,0.0,0.0,2.0,5.0,14.0,-19.0,39.3,31.2,81.2,43.8,1.3,0.5,1.4,2.6,2.8,2.7,40.3,4.2,0.0,5.0,23.8,
2479742,9,981227,DPES CB CIUDAD DE MOSTOLES,AWAY,2404223,E. Abubakar Arrey,E. Abubakar Arrey,1,29.8,1789.0,11.0,4.0,9.0,0.0,0.0,4.0,9.0,3.0,4.0,2.0,4.0,6.0,1.0,4.0,0.0,0.0,1.0,3.0,5.0,10.0,-13.0,51.1,44.4,0.0,44.4,0.9,0.0,0.8,6.2,13.8,9.8,9.3,0.0,0.0,27.1,21.3,
2479743,9,981304,DISHELEC 65 VILADECANS,HOME,2050407,L. Sanchez Garcia,L. Sanchez Garcia,1,35.3,2116.0,12.0,4.0,8.0,1.0,3.0,5.0,11.0,1.0,4.0,3.0,7.0,10.0,0.0,2.0,1.0,0.0,0.0,1.0,2.0,13.0,8.0,47.0,50.0,27.3,36.4,1.0,1.0,2.0,11.0,19.3,15.7,0.0,1.5,0.0,13.6,20.3,
2479743,9,981304,DISHELEC 65 VILADECANS,HOME,1910113,L. Anducas Rodon,L. Anducas Rodon,0,23.7,1424.0,8.0,0.0,0.0,2.0,4.0,2.0,4.0,2.0,2.0,1.0,2.0,3.0,4.0,2.0,1.0,0.0,0.0,2.0,3.0,13.0,5.0,82.0,75.0,100.0,50.0,0.0,1.5,0.7,5.4,8.2,7.0,33.9,2.3,0.0,29.1,14.1,
2479743,9,981304,DISHELEC 65 VILADECANS,HOME,1727776,P. Curto Garcia,P. Curto Garcia,1,29.2,1753.0,13.0,1.0,3.0,3.0,7.0,4.0,10.0,2.0,2.0,3.0,6.0,9.0,6.0,1.0,1.0,0.0,0.0,3.0,3.0,22.0,10.0,59.7,55.0,70.0,20.0,0.7,1.3,0.7,13.3,20.0,17.1,49.6,1.8,0.0,8.4,19.8,
2479743,9,981304,DISHELEC 65 VILADECANS,HOME,1398200,J. Turrion Aranda,J. Turrion Aranda,1,29.4,1762.0,17.0,2.0,2.0,4.0,11.0,6.0,13.0,1.0,2.0,0.0,7.0,7.0,1.0,1.0,1.0,0.0,0.0,4.0,4.0,17.0,6.0,61.2,61.5,84.6,15.4,2.0,1.1,0.5,0.0,23.2,13.2,9.9,1.8,0.0,6.7,24.6,
2479743,9,981304,DISHELEC 65 VILADECANS,HOME,2322360,A. Torne Labarta,A. Torne Labarta,0,19.3,1156.0,2.0,1.0,2.0,0.0,0.0,1.0,2.0,0.0,0.0,2.0,4.0,6.0,0.0,1.0,1.0,0.0,0.0,2.0,0.0,5.0,3.0,50.0,50.0,0.0,0.0,1.0,0.0,0.0,13.4,20.2,17.3,0.0,2.8,0.0,33.3,7.6,
2479743,9,981304,DISHELEC 65 VILADECANS,HOME,2146979,N. Sanchez Marques,N. Sanchez Marques,0,24.7,1482.0,5.0,0.0,1.0,1.0,7.0,1.0,8.0,2.0,2.0,0.0,3.0,3.0,4.0,4.0,2.0,0.0,1.0,4.0,2.0,1.0,-1.0,28.2,18.8,87.5,25.0,0.0,0.4,1.0,0.0,11.8,6.7,31.3,4.3,0.0,31.1,25.4,
2479743,9,981304,DISHELEC 65 VILADECANS,HOME,1956668,M. Ribera Sanuy,M. Ribera Sanuy,1,23.1,1387.0,10.0,2.0,5.0,2.0,5.0,4.0,10.0,0.0,0.0,0.0,1.0,1.0,3.0,4.0,4.0,0.0,0.0,1.0,0.0,7.0,5.0,50.0,50.0,50.0,0.0,0.8,1.2,0.0,0.0,4.2,2.4,30.6,9.3,0.0,28.6,29.5,
2479743,9,981304,DISHELEC 65 VILADECANS,HOME,1663009,Q. Ubia Llunell,Q. Ubia Llunell,1,15.3,920.0,0.0,0.0,1.0,0.0,2.0,0.0,3.0,0.0,0.0,0.0,0.0,0.0,1.0,1.0,0.0,0.0,0.0,4.0,0.0,-7.0,-1.0,0.0,0.0,66.7,0.0,0.0,0.0,0.0,0.0,0.0,0.0,10.9,0.0,0.0,25.0,12.7,
2479743,9,981414,HIERROS DÍAZ EXTREMADURA MIRALVALLE,AWAY,1707378,M. Pérez Castro,M. Pérez Castro,1,38.1,2289.0,6.0,2.0,8.0,0.0,4.0,2.0,12.0,2.0,3.0,0.0,3.0,3.0,4.0,3.0,3.0,0.0,0.0,2.0,3.0,3.0,-2.0,22.5,16.7,33.3,25.0,0.5,0.0,1.0,0.0,10.2,4.4,21.1,4.3,0.0,18.4,20.0,
2479743,9,981414,HIERROS DÍAZ EXTREMADURA MIRALVALLE,AWAY,2818302,V. Michel,V. Michel,1,29.0,1742.0,5.0,2.0,5.0,0.0,0.0,2.0,5.0,1.0,2.0,6.0,3.0,9.0,0.0,2.0,3.0,0.0,0.0,1.0,2.0,12.0,-10.0,42.5,40.0,0.0,40.0,0.8,0.0,1.0,20.2,13.3,17.2,0.0,5.6,0.0,25.4,12.7,
2479743,9,981414,HIERROS DÍAZ EXTREMADURA MIRALVALLE,AWAY,2734458,L. Navas Castro,L. Navas Castro,0,14.3,859.0,1.0,0.0,2.0,0.0,1.0,0.0,3.0,1.0,2.0,3.0,2.0,5.0,3.0,2.0,2.0,0.0,0.0,1.0,1.0,5.0,-7.0,12.9,0.0,33.3,66.7,0.0,0.0,2.0,20.5,18.0,19.4,35.7,7.6,0.0,34.0,19.2,
2479743,9,981414,HIERROS DÍAZ EXTREMADURA MIRALVALLE,AWAY,2566363,P. Laurenson Cheynel,P. Laurenson Cheynel,1,32.9,1971.0,9.0,3.0,8.0,1.0,2.0,4.0,10.0,0.0,0.0,0.0,5.0,5.0,7.0,3.0,2.0,0.0,0.0,2.0,3.0,15.0,1.0,45.0,45.0,20.0,0.0,0.8,1.5,0.0,0.0,19.6,8.4,54.7,3.3,0.0,23.1,18.5,
2479743,9,981414,HIERROS DÍAZ EXTREMADURA MIRALVALLE,AWAY,2845561,S. Brown,S. Brown,1,37.3,2236.0,27.0,4.0,10.0,5.0,9.0,9.0,19.0,4.0,5.0,2.0,4.0,6.0,0.0,4.0,0.0,0.0,0.0,2.0,5.0,21.0,-6.0,63.7,60.5,47.4,26.3,0.8,1.7,1.0,5.2,13.8,8.9,0.0,0.0,0.0,15.9,31.6,
2479743,9,981414,HIERROS DÍAZ EXTREMADURA MIRALVALLE,AWAY,1984467,G. Lopez Cuesta,G. Lopez Cuesta,0,20.3,1218.0,10.0,3.0,5.0,0.0,0.0,3.0,5.0,4.0,5.0,0.0,3.0,3.0,0.0,1.0,1.0,0.0,0.0,2.0,3.0,11.0,-2.0,69.4,60.0,0.0,100.0,1.2,0.0,1.7,0.0,19.1,8.2,0.0,2.7,0.0,12.2,18.9,
2479743,9,981414,HIERROS DÍAZ EXTREMADURA MIRALVALLE,AWAY,1529427,C. Lazaro Hernandez,C. Lazaro Hernandez,1,28.1,1685.0,2.0,1.0,2.0,0.0,6.0,1.0,8.0,0.0,0.0,0.0,2.0,2.0,1.0,1.0,2.0,1.0,0.0,4.0,4.0,0.0,-9.0,12.5,12.5,75.0,0.0,1.0,0.0,0.0,0.0,9.2,4.0,7.3,3.9,6.5,11.1,15.0,
2479744,9,982048,EL PLANTEL GMASB,HOME,2819272,D. Ryzinska,D. Ryzinska,0,19.6,1175.0,0.0,0.0,2.0,0.0,0.0,0.0,2.0,0.0,0.0,1.0,7.0,8.0,2.0,1.0,0.0,0.0,0.0,5.0,0.0,2.0,15.0,0.0,0.0,0.0,0.0,0.0,0.0,0.0,7.8,34.0,24.0,14.3,0.0,0.0,33.3,7.9,
2479744,9,982048,EL PLANTEL GMASB,HOME,2124275,C. Villanueva Lazaro,C. Villanueva Lazaro,0,19.7,1182.0,7.0,3.0,5.0,0.0,1.0,3.0,6.0,1.0,3.0,2.0,2.0,4.0,2.0,2.0,1.0,0.0,0.0,1.0,3.0,9.0,28.0,47.8,50.0,16.7,50.0,1.2,0.0,1.0,15.6,9.7,11.9,18.2,2.9,0.0,21.5,24.3,
2479744,9,982048,EL PLANTEL GMASB,HOME,1974272,R. Revueltas Pareja,R. Revueltas Pareja,1,19.9,1195.0,10.0,1.0,2.0,2.0,5.0,3.0,7.0,2.0,2.0,0.0,1.0,1.0,4.0,2.0,0.0,0.0,0.0,3.0,1.0,7.0,6.0,63.5,57.1,71.4,28.6,1.0,1.2,2.0,0.0,4.8,3.0,36.4,0.0,0.0,20.2,25.5,
2479744,9,982048,EL PLANTEL GMASB,HOME,2819274,O. Schlegl,O. Schlegl,0,17.2,1035.0,11.0,1.0,1.0,3.0,4.0,4.0,5.0,0.0,0.0,1.0,2.0,3.0,0.0,1.0,0.0,0.0,0.0,0.0,1.0,13.0,28.0,110.0,110.0,80.0,0.0,2.0,2.2,0.0,8.9,11.1,10.3,0.0,0.0,0.0,16.7,17.9,
2479744,9,982048,EL PLANTEL GMASB,HOME,2232865,M. Sanchez Valenzuela,M. Sanchez Valenzuela,1,28.4,1706.0,6.0,0.0,2.0,2.0,6.0,2.0,8.0,0.0,0.0,1.0,2.0,3.0,2.0,3.0,0.0,0.0,0.0,2.0,1.0,1.0,12.0,37.5,37.5,75.0,0.0,0.0,1.0,0.0,5.4,6.7,6.2,11.4,0.0,0.0,27.3,19.9,
2479744,9,982048,EL PLANTEL GMASB,HOME,1111828,L. Fernandez Fiel,L. Fernandez Fiel,1,19.9,1191.0,15.0,4.0,7.0,2.0,4.0,6.0,11.0,1.0,2.0,1.0,2.0,3.0,1.0,4.0,1.0,0.0,0.0,1.0,2.0,11.0,5.0,63.1,63.6,36.4,18.2,1.1,1.5,1.0,7.7,9.6,8.9,12.5,2.9,0.0,25.2,40.9,
2479744,9,982048,EL PLANTEL GMASB,HOME,2419277,A. Cisse Barragan,A. Cisse Barragan,0,3.5,209.0,0.0,0.0,0.0,0.0,0.0,0.0,0.0,0.0,0.0,0.0,0.0,0.0,0.0,0.0,1.0,0.0,0.0,2.0,0.0,-1.0,3.0,0.0,0.0,0.0,0.0,0.0,0.0,0.0,0.0,0.0,0.0,0.0,16.5,0.0,0.0,0.0,
2479744,9,982048,EL PLANTEL GMASB,HOME,2112760,M. Diaz Torres,M. Diaz Torres,1,13.8,831.0,0.0,0.0,3.0,0.0,0.0,0.0,3.0,0.0,0.0,2.0,0.0,2.0,0.0,0.0,0.0,0.0,1.0,1.0,1.0,-1.0,5.0,0.0,0.0,0.0,0.0,0.0,0.0,0.0,22.3,0.0,8.5,0.0,0.0,0.0,0.0,11.2,
2479744,9,982048,EL PLANTEL GMASB,HOME,1080472,P. Benet Edo,P. Benet Edo,0,22.6,1354.0,9.0,3.0,4.0,1.0,1.0,4.0,5.0,0.0,0.0,1.0,3.0,4.0,4.0,1.0,2.0,0.0,0.0,0.0,1.0,18.0,16.0,90.0,90.0,20.0,0.0,1.5,3.0,0.0,6.8,12.6,10.4,31.2,5.1,0.0,16.7,13.6,
2479744,9,982048,EL PLANTEL GMASB,HOME,2202075,M. Garcia Garrido,M. Garcia Garrido,0,10.0,598.0,5.0,1.0,2.0,1.0,1.0,2.0,3.0,0.0,0.0,0.0,4.0,4.0,0.0,1.0,0.0,0.0,0.0,1.0,1.0,7.0,-2.0,83.3,83.3,33.3,0.0,1.0,3.0,0.0,0.0,38.1,23.5,0.0,0.0,0.0,25.0,20.5,
2479744,9,982048,EL PLANTEL GMASB,HOME,2364455,T. Sene,T. Sene,0,3.1,185.0,0.0,0.0,0.0,0.0,0.0,0.0,0.0,0.0,0.0,0.0,1.0,1.0,0.0,0.0,0.0,0.0,0.0,2.0,0.0,-1.0,1.0,0.0,0.0,0.0,0.0,0.0,0.0,0.0,0.0,30.7,19.0,0.0,0.0,0.0,0.0,0.0,
2479744,9,982048,EL PLANTEL GMASB,HOME,2746773,O. Betancourt Labrador,O. Betancourt Labrador,1,22.3,1339.0,11.0,3.0,5.0,1.0,4.0,4.0,9.0,2.0,2.0,3.0,7.0,10.0,0.0,0.0,1.0,2.0,0.0,3.0,3.0,19.0,3.0,55.7,50.0,44.4,22.2,1.2,0.8,0.7,20.7,29.9,26.4,0.0,2.6,10.6,0.0,22.7,
2479744,9,981212,ELSAMEX CB ANDRATX,AWAY,2553411,N. Jeng,N. Jeng,0,20.0,1200.0,11.0,3.0,7.0,0.0,0.0,3.0,7.0,5.0,12.0,2.0,0.0,2.0,0.0,0.0,2.0,0.0,0.0,2.0,7.0,9.0,-8.0,44.8,42.9,0.0,171.4,0.9,0.0,1.7,9.5,0.0,5.9,0.0,6.1,0.0,0.0,30.5,
2479744,9,981212,ELSAMEX CB ANDRATX,AWAY,1461086,P. Comella Pons,P. Comella Pons,1,31.7,1904.0,13.0,2.0,4.0,2.0,8.0,4.0,12.0,3.0,3.0,0.0,1.0,1.0,1.0,0.0,0.0,0.0,0.0,2.0,4.0,9.0,-20.0,48.8,41.7,66.7,25.0,1.0,0.8,0.8,0.0,4.9,1.9,10.4,0.0,0.0,0.0,20.9,
2479744,9,981212,ELSAMEX CB ANDRATX,AWAY,2036170,A. Peregrina Garcia,A. Peregrina Garcia,1,22.7,1361.0,0.0,0.0,3.0,0.0,2.0,0.0,5.0,0.0,0.0,1.0,1.0,2.0,2.0,0.0,1.0,0.0,0.0,1.0,1.0,0.0,-19.0,0.0,0.0,40.0,0.0,0.0,0.0,0.0,4.2,6.8,5.2,19.6,2.7,0.0,0.0,11.0,
2479744,9,981212,ELSAMEX CB ANDRATX,AWAY,1762758,P. Charro Och,P. Charro Och,1,29.6,1779.0,12.0,4.0,6.0,1.0,8.0,5.0,14.0,1.0,3.0,2.0,3.0,5.0,2.0,2.0,3.0,0.0,1.0,1.0,1.0,9.0,-12.0,39.2,39.3,57.1,21.4,1.3,0.4,3.0,6.4,15.6,9.9,29.0,6.1,0.0,11.5,29.1,
2479744,9,981212,ELSAMEX CB ANDRATX,AWAY,1579078,H. Condom Rosell,H. Condom Rosell,1,20.0,1200.0,6.0,2.0,4.0,0.0,0.0,2.0,4.0,2.0,4.0,2.0,2.0,4.0,0.0,2.0,0.0,0.0,0.0,1.0,4.0,7.0,-16.0,52.1,50.0,0.0,100.0,1.0,0.0,1.0,9.5,15.4,11.8,0.0,0.0,0.0,25.8,19.3,
2479744,9,981212,ELSAMEX CB ANDRATX,AWAY,2148958,M. López Martí,M. López Martí,0,29.3,1759.0,6.0,2.0,2.0,0.0,1.0,2.0,3.0,2.0,2.0,1.0,2.0,3.0,1.0,1.0,3.0,0.0,0.0,1.0,1.0,11.0,-16.0,77.3,66.7,33.3,66.7,2.0,0.0,2.0,3.3,10.5,6.0,10.1,6.2,0.0,20.5,8.3,
2479744,9,981212,ELSAMEX CB ANDRATX,AWAY,2120195,A. Real Cerda,A. Real Cerda,0,3.8,228.0,0.0,0.0,0.0,0.0,1.0,0.0,1.0,0.0,0.0,0.0,0.0,0.0,0.0,1.0,0.0,1.0,0.0,0.0,0.0,-1.0,-3.0,0.0,0.0,100.0,0.0,0.0,0.0,0.0,0.0,0.0,0.0,0.0,0.0,31.9,50.0,26.2,
2479744,9,981212,ELSAMEX CB ANDRATX,AWAY,2276474,L. García Rivera,L. García Rivera,0,7.0,418.0,0.0,0.0,1.0,0.0,1.0,0.0,2.0,0.0,0.0,0.0,0.0,0.0,0.0,1.0,1.0,0.0,0.0,0.0,0.0,-2.0,-4.0,0.0,0.0,50.0,0.0,0.0,0.0,0.0,0.0,0.0,0.0,0.0,8.7,0.0,33.3,21.3,
2479744,9,981212,ELSAMEX CB ANDRATX,AWAY,2043611,J. Ballester Manque,J. Ballester Manque,0,20.4,1222.0,2.0,1.0,5.0,0.0,0.0,1.0,5.0,0.0,2.0,2.0,4.0,6.0,1.0,1.0,0.0,0.0,0.0,1.0,3.0,4.0,-18.0,17.0,20.0,0.0,40.0,0.4,0.0,0.7,9.3,30.2,17.3,13.3,0.0,0.0,14.5,16.8,
2479744,9,981212,ELSAMEX CB ANDRATX,AWAY,2294809,P. Sans Cantallops,P. Sans Cantallops,1,15.5,929.0,0.0,0.0,2.0,0.0,4.0,0.0,6.0,0.0,0.0,1.0,1.0,2.0,0.0,2.0,0.0,0.0,1.0,5.0,0.0,-11.0,-4.0,0.0,0.0,66.7,0.0,0.0,0.0,0.0,6.1,9.9,7.6,0.0,0.0,0.0,25.0,25.7,
2479745,9,981167,SEGLE XXI,HOME,2357207,Z. Ajisebutu Casas,Z. Ajisebutu Casas,0,11.4,682.0,3.0,0.0,3.0,1.0,2.0,1.0,5.0,0.0,0.0,3.0,1.0,4.0,2.0,0.0,1.0,0.0,2.0,2.0,0.0,4.0,18.0,30.0,30.0,40.0,0.0,0.0,1.5,0.0,22.9,11.0,18.0,35.7,4.6,0.0,0.0,17.8,
2479745,9,981167,SEGLE XXI,HOME,2153172,M. Cintas Diaz,M. Cintas Diaz,1,30.0,1801.0,3.0,0.0,3.0,1.0,5.0,1.0,8.0,0.0,0.0,2.0,5.0,7.0,5.0,2.0,1.0,1.0,0.0,2.0,4.0,10.0,1.0,18.8,18.8,62.5,0.0,0.0,0.6,0.0,5.8,20.8,12.0,30.1,1.7,2.8,20.0,13.6,
2479745,9,981167,SEGLE XXI,HOME,2289362,D. Garcia Dominguez,D. Garcia Dominguez,0,17.6,1053.0,8.0,3.0,7.0,0.0,3.0,3.0,10.0,2.0,2.0,0.0,2.0,2.0,4.0,2.0,1.0,0.0,0.0,3.0,1.0,4.0,13.0,36.8,30.0,30.0,20.0,0.9,0.0,2.0,0.0,14.2,5.8,69.0,3.0,0.0,15.5,29.8,
2479745,9,981167,SEGLE XXI,HOME,2320695,A. Plans Bellavista,A. Plans Bellavista,0,18.8,1125.0,0.0,0.0,1.0,0.0,3.0,0.0,4.0,0.0,0.0,0.0,1.0,1.0,0.0,2.0,1.0,0.0,0.0,3.0,0.0,-7.0,-3.0,0.0,0.0,75.0,0.0,0.0,0.0,0.0,0.0,6.6,2.7,0.0,2.8,0.0,33.3,13.0,
2479745,9,981167,SEGLE XXI,HOME,2448425,N. Cordón Elizarán,N. Cordón Elizarán,0,8.6,517.0,0.0,0.0,1.0,0.0,0.0,0.0,1.0,0.0,2.0,1.0,1.0,2.0,1.0,0.0,0.0,0.0,1.0,0.0,1.0,1.0,4.0,0.0,0.0,0.0,200.0,0.0,0.0,2.0,10.1,14.5,11.9,22.7,0.0,0.0,0.0,8.9,
2479745,9,981167,SEGLE XXI,HOME,2528757,I. Garcia Fernandez,I. Garcia Fernandez,1,15.1,903.0,10.0,4.0,7.0,0.0,1.0,4.0,8.0,2.0,7.0,2.0,3.0,5.0,0.0,1.0,1.0,0.0,0.0,4.0,4.0,6.0,14.0,45.1,50.0,12.5,87.5,1.1,0.0,1.8,11.5,24.8,17.0,0.0,3.4,0.0,8.3,32.5,
2479745,9,981167,SEGLE XXI,HOME,2244483,S. Nde Akawung,S. Nde Akawung,1,28.3,1696.0,15.0,3.0,12.0,1.0,2.0,4.0,14.0,6.0,7.0,6.0,5.0,11.0,0.0,2.0,2.0,0.0,1.0,3.0,4.0,16.0,8.0,43.9,32.1,14.3,50.0,0.5,1.5,1.8,18.4,22.1,19.9,0.0,3.7,0.0,10.5,27.4,
2479745,9,981167,SEGLE XXI,HOME,2196865,M. Carbó Medina,M. Carbó Medina,1,22.1,1323.0,10.0,2.0,2.0,2.0,7.0,4.0,9.0,0.0,1.0,1.0,1.0,2.0,0.0,4.0,1.0,0.0,0.0,2.0,1.0,2.0,19.0,53.0,55.6,77.8,11.1,2.0,0.9,1.0,3.9,5.7,4.6,0.0,2.4,0.0,29.8,24.7,
2479745,9,981167,SEGLE XXI,HOME,2528756,M. Zarzuelo Oroz,M. Zarzuelo Oroz,0,4.0,243.0,0.0,0.0,0.0,0.0,0.0,0.0,0.0,0.0,0.0,0.0,0.0,0.0,0.0,0.0,0.0,0.0,0.0,0.0,0.0,0.0,0.0,0.0,0.0,0.0,0.0,0.0,0.0,0.0,0.0,0.0,0.0,0.0,0.0,0.0,0.0,0.0,
2479745,9,981167,SEGLE XXI,HOME,2639399,S. Okafor Ofoegbu,S. Okafor Ofoegbu,1,25.5,1531.0,20.0,4.0,5.0,1.0,3.0,5.0,8.0,9.0,9.0,5.0,3.0,8.0,2.0,1.0,2.0,1.0,1.0,1.0,5.0,33.0,20.0,83.6,68.8,37.5,112.5,1.6,1.0,1.8,17.1,14.7,16.1,24.4,4.1,3.3,7.7,20.7,
2479745,9,981167,SEGLE XXI,HOME,2229661,B. Asensio Senosiáin,B. Asensio Senosiáin,0,18.8,1126.0,0.0,0.0,0.0,0.0,3.0,0.0,3.0,0.0,0.0,1.0,3.0,4.0,2.0,2.0,0.0,0.0,0.0,1.0,0.0,0.0,-4.0,0.0,0.0,100.0,0.0,0.0,0.0,0.0,4.6,19.9,10.9,18.2,0.0,0.0,40.0,10.8,
2479745,9,979775,BASKET ALMEDA,AWAY,1929994,M. Garcia Menéndez,M. Garcia Menéndez,1,23.3,1396.0,7.0,1.0,5.0,1.0,2.0,2.0,7.0,2.0,2.0,0.0,0.0,0.0,1.0,3.0,1.0,1.0,0.0,1.0,3.0,4.0,-13.0,44.4,35.7,28.6,28.6,0.4,1.5,0.7,0.0,0.0,0.0,10.0,2.2,4.2,27.6,22.3,
2479745,9,979775,BASKET ALMEDA,AWAY,1893303,L. Tierno Martí,L. Tierno Martí,0,10.8,651.0,0.0,0.0,0.0,0.0,1.0,0.0,1.0,0.0,2.0,0.0,0.0,0.0,2.0,1.0,0.0,0.0,0.0,1.0,1.0,-2.0,-4.0,0.0,0.0,100.0,200.0,0.0,0.0,2.0,0.0,0.0,0.0,33.3,0.0,0.0,34.7,12.7,
2479745,9,979775,BASKET ALMEDA,AWAY,1737538,C. Pujol Martinez,C. Pujol Martinez,1,27.9,1671.0,10.0,3.0,7.0,1.0,1.0,4.0,8.0,1.0,2.0,0.0,6.0,6.0,3.0,0.0,1.0,1.0,0.0,1.0,1.0,16.0,-10.0,56.3,56.2,12.5,25.0,0.9,3.0,2.0,0.0,18.7,11.0,30.0,1.9,3.5,0.0,15.2,
2479745,9,979775,BASKET ALMEDA,AWAY,2157230,L. Jove Fuste,L. Jove Fuste,1,27.6,1658.0,6.0,3.0,5.0,0.0,2.0,3.0,7.0,0.0,0.0,1.0,4.0,5.0,1.0,7.0,1.0,0.0,0.0,3.0,0.0,-1.0,-11.0,42.9,42.9,28.6,0.0,1.2,0.0,0.0,4.5,12.6,9.3,9.1,1.9,0.0,50.0,24.2,
2479745,9,979775,BASKET ALMEDA,AWAY,1923707,C. Diaz-Guerra Prats,C. Diaz-Guerra Prats,0,20.9,1254.0,7.0,2.0,5.0,0.0,1.0,2.0,6.0,3.0,4.0,0.0,2.0,2.0,1.0,3.0,0.0,0.0,1.0,1.0,3.0,4.0,-2.0,45.1,33.3,16.7,66.7,0.8,0.0,1.3,0.0,8.3,4.9,12.5,0.0,0.0,27.9,24.5,
2479745,9,979775,BASKET ALMEDA,AWAY,2216044,J. Masa Carne,J. Masa Carne,0,8.0,482.0,2.0,1.0,3.0,0.0,1.0,1.0,4.0,0.0,0.0,0.0,0.0,0.0,0.0,0.0,0.0,0.0,0.0,0.0,0.0,-1.0,-12.0,25.0,25.0,25.0,0.0,0.7,0.0,0.0,0.0,0.0,0.0,0.0,0.0,0.0,0.0,23.8,
2479745,9,979775,BASKET ALMEDA,AWAY,2053836,C. Moreno Mengibar,C. Moreno Mengibar,1,23.2,1395.0,2.0,1.0,2.0,0.0,0.0,1.0,2.0,0.0,2.0,3.0,7.0,10.0,0.0,0.0,2.0,0.0,0.0,4.0,4.0,11.0,-3.0,34.7,50.0,0.0,100.0,1.0,0.0,0.5,16.2,26.2,22.1,0.0,4.5,0.0,0.0,5.9,
2479745,9,979775,BASKET ALMEDA,AWAY,2054903,A. Cojocariu,A. Cojocariu,1,25.0,1502.0,13.0,5.0,13.0,0.0,4.0,5.0,17.0,3.0,4.0,0.0,2.0,2.0,1.0,2.0,1.0,0.0,0.0,4.0,6.0,4.0,-11.0,34.6,29.4,23.5,23.5,0.8,0.0,0.7,0.0,7.0,4.1,14.3,2.1,0.0,9.6,39.6,
2479745,9,979775,BASKET ALMEDA,AWAY,2147731,D. Peris Fons,D. Peris Fons,0,16.8,1005.0,2.0,1.0,4.0,0.0,0.0,1.0,4.0,0.0,2.0,3.0,3.0,6.0,0.0,1.0,0.0,3.0,1.0,1.0,1.0,5.0,-15.0,20.5,25.0,0.0,50.0,0.5,0.0,2.0,22.3,15.5,18.3,0.0,0.0,17.4,17.0,16.7,
2479745,9,979775,BASKET ALMEDA,AWAY,2440587,M. Coll-Vinent Olle,M. Coll-Vinent Olle,0,12.2,729.0,0.0,0.0,2.0,0.0,0.0,0.0,2.0,0.0,0.0,0.0,1.0,1.0,1.0,0.0,0.0,0.0,0.0,4.0,1.0,-3.0,-8.0,0.0,0.0,0.0,0.0,0.0,0.0,0.0,0.0,7.1,4.2,16.7,0.0,0.0,0.0,7.8,
2479745,9,979775,BASKET ALMEDA,AWAY,2353429,J. Neyhart Mora,J. Neyhart Mora,0,4.3,257.0,2.0,1.0,1.0,0.0,0.0,1.0,1.0,0.0,0.0,0.0,0.0,0.0,0.0,0.0,0.0,0.0,0.0,0.0,0.0,2.0,-1.0,100.0,100.0,0.0,0.0,2.0,0.0,0.0,0.0,0.0,0.0,0.0,0.0,0.0,0.0,11.1,
2479746,10,979775,BASKET ALMEDA,HOME,1929994,M. Garcia Menéndez,M. Garcia Menéndez,0,17.8,1070.0,1.0,0.0,3.0,0.0,0.0,0.0,3.0,1.0,2.0,1.0,1.0,2.0,2.0,1.0,1.0,0.0,0.0,2.0,2.0,1.0,3.0,12.9,0.0,0.0,66.7,0.0,0.0,1.0,6.4,5.8,6.1,33.3,3.0,0.0,20.5,12.2,
2479746,10,979775,BASKET ALMEDA,HOME,1912154,C. Balibrea Oliveras,C. Balibrea Oliveras,0,1.0,61.0,0.0,0.0,1.0,0.0,0.0,0.0,1.0,0.0,0.0,0.0,0.0,0.0,0.0,0.0,0.0,0.0,0.0,1.0,0.0,-2.0,-3.0,0.0,0.0,0.0,0.0,0.0,0.0,0.0,0.0,0.0,0.0,0.0,0.0,0.0,0.0,44.6,
2479746,10,979775,BASKET ALMEDA,HOME,2219057,I. Homs Fatjo,I. Homs Fatjo,0,9.3,558.0,0.0,0.0,1.0,0.0,3.0,0.0,4.0,0.0,0.0,1.0,2.0,3.0,1.0,1.0,1.0,0.0,0.0,0.0,0.0,0.0,-6.0,0.0,0.0,75.0,0.0,0.0,0.0,0.0,12.3,22.1,17.4,33.3,5.8,0.0,20.0,24.0,
2479746,10,979775,BASKET ALMEDA,HOME,1893303,L. Tierno Martí,L. Tierno Martí,0,14.4,865.0,5.0,0.0,1.0,0.0,1.0,0.0,2.0,5.0,6.0,1.0,2.0,3.0,0.0,3.0,0.0,0.0,0.0,1.0,2.0,3.0,-5.0,53.9,0.0,50.0,300.0,0.0,0.0,3.0,7.9,14.2,11.3,0.0,0.0,0.0,39.3,23.7,
2479746,10,979775,BASKET ALMEDA,HOME,1398197,C. Tapia Palacio,C. Tapia Palacio,1,11.5,688.0,2.0,1.0,1.0,0.0,1.0,1.0,2.0,0.0,0.0,1.0,1.0,2.0,1.0,0.0,0.0,0.0,0.0,4.0,0.0,0.0,-3.0,50.0,50.0,50.0,0.0,2.0,0.0,0.0,9.9,8.9,9.4,28.6,0.0,0.0,0.0,7.8,
2479746,10,979775,BASKET ALMEDA,HOME,1737538,C. Pujol Martinez,C. Pujol Martinez,1,27.6,1659.0,9.0,3.0,8.0,1.0,6.0,4.0,14.0,0.0,0.0,2.0,9.0,11.0,1.0,4.0,2.0,0.0,0.0,2.0,2.0,9.0,-5.0,32.1,32.1,42.9,0.0,0.8,0.5,0.0,8.3,33.4,21.5,15.4,3.9,0.0,22.2,29.1,
2479746,10,979775,BASKET ALMEDA,HOME,2157230,L. Jove Fuste,L. Jove Fuste,1,26.8,1605.0,6.0,3.0,4.0,0.0,1.0,3.0,5.0,0.0,0.0,0.0,2.0,2.0,1.0,2.0,2.0,0.0,0.0,2.0,0.0,5.0,2.0,60.0,60.0,20.0,0.0,1.5,0.0,0.0,0.0,7.7,4.0,13.3,4.0,0.0,28.6,11.7,
2479746,10,979775,BASKET ALMEDA,HOME,2216044,J. Masa Carne,J. Masa Carne,0,17.8,1067.0,6.0,2.0,5.0,0.0,2.0,2.0,7.0,2.0,4.0,3.0,1.0,4.0,0.0,1.0,1.0,0.0,0.0,1.0,3.0,5.0,-1.0,34.2,28.6,28.6,57.1,0.8,0.0,1.3,19.3,5.8,12.1,0.0,3.0,0.0,10.2,24.5,
2479746,10,979775,BASKET ALMEDA,HOME,2053836,C. Moreno Mengibar,C. Moreno Mengibar,1,19.5,1172.0,6.0,2.0,4.0,0.0,1.0,2.0,5.0,2.0,2.0,1.0,7.0,8.0,1.0,0.0,0.0,0.0,1.0,1.0,3.0,14.0,1.0,51.0,40.0,20.0,40.0,1.0,0.0,0.7,5.9,36.8,22.2,18.2,0.0,0.0,0.0,13.5,
2479746,10,979775,BASKET ALMEDA,HOME,2054903,A. Cojocariu,A. Cojocariu,1,22.4,1347.0,3.0,1.0,3.0,0.0,10.0,1.0,13.0,1.0,1.0,1.0,3.0,4.0,0.0,3.0,0.0,0.0,1.0,1.0,1.0,-8.0,7.0,11.2,7.7,76.9,7.7,0.7,0.0,1.0,5.1,13.7,9.7,0.0,0.0,0.0,18.2,32.8,
2479746,10,979775,BASKET ALMEDA,HOME,2147731,D. Peris Fons,D. Peris Fons,0,19.4,1167.0,2.0,1.0,5.0,0.0,2.0,1.0,7.0,0.0,0.0,2.0,5.0,7.0,0.0,3.0,0.0,1.0,0.0,2.0,2.0,1.0,1.0,14.3,14.3,28.6,0.0,0.4,0.0,0.0,11.8,26.4,19.5,0.0,0.0,5.4,30.0,23.0,
2479746,10,979775,BASKET ALMEDA,HOME,2440587,M. Coll-Vinent Olle,M. Coll-Vinent Olle,0,12.3,741.0,2.0,1.0,1.0,0.0,1.0,1.0,2.0,0.0,0.0,1.0,2.0,3.0,0.0,0.0,0.0,0.0,0.0,2.0,0.0,2.0,4.0,50.0,50.0,50.0,0.0,2.0,0.0,0.0,9.3,16.7,13.2,0.0,0.0,0.0,0.0,7.3,
2479746,10,979892,C. B. ISLA BONITA,AWAY,1131087,B. Armengol Vall,B. Armengol Vall,1,29.1,1749.0,6.0,0.0,2.0,1.0,2.0,1.0,4.0,3.0,4.0,0.0,6.0,6.0,4.0,3.0,1.0,0.0,0.0,1.0,5.0,14.0,1.0,52.1,37.5,50.0,100.0,0.0,1.5,0.8,0.0,23.6,11.1,49.4,1.8,0.0,34.2,15.4,
2479746,10,979892,C. B. ISLA BONITA,AWAY,1870487,T. Gonzalez Soto,T. Gonzalez Soto,0,22.2,1333.0,10.0,1.0,5.0,2.0,6.0,3.0,11.0,2.0,2.0,1.0,0.0,1.0,0.0,0.0,1.0,0.0,1.0,2.0,3.0,5.0,-1.0,42.1,36.4,54.5,18.2,0.4,1.0,0.7,4.6,0.0,2.4,0.0,2.4,0.0,0.0,27.4,
2479746,10,979892,C. B. ISLA BONITA,AWAY,1981139,S. Blanco Guitian,S. Blanco Guitian,1,11.0,661.0,3.0,0.0,0.0,1.0,4.0,1.0,4.0,0.0,0.0,0.0,2.0,2.0,0.0,0.0,1.0,0.0,0.0,1.0,0.0,2.0,-2.0,37.5,37.5,100.0,0.0,0.0,0.8,0.0,0.0,20.8,9.8,0.0,4.8,0.0,0.0,18.6,
2479746,10,979892,C. B. ISLA BONITA,AWAY,1853281,I. Bautista Villaverde,I. Bautista Villaverde,0,7.8,470.0,0.0,0.0,0.0,0.0,0.0,0.0,0.0,0.0,0.0,0.0,0.0,0.0,1.0,0.0,0.0,0.0,0.0,0.0,0.0,1.0,0.0,0.0,0.0,0.0,0.0,0.0,0.0,0.0,0.0,0.0,0.0,38.5,0.0,0.0,0.0,0.0,
2479746,10,979892,C. B. ISLA BONITA,AWAY,2816643,E. Motekaitytè,E. Motekaitytè,1,21.0,1259.0,7.0,1.0,9.0,1.0,2.0,2.0,11.0,2.0,2.0,2.0,2.0,4.0,0.0,2.0,1.0,0.0,0.0,2.0,2.0,1.0,9.0,29.5,22.7,18.2,18.2,0.2,1.5,1.0,9.8,10.9,10.3,0.0,2.5,0.0,14.4,33.9,
2479746,10,979892,C. B. ISLA BONITA,AWAY,2171960,M. Colom Elosúa,M. Colom Elosúa,1,27.1,1629.0,7.0,2.0,7.0,1.0,3.0,3.0,10.0,0.0,1.0,0.0,2.0,2.0,2.0,2.0,2.0,0.0,0.0,3.0,0.0,0.0,6.0,33.5,35.0,30.0,10.0,0.6,1.0,0.0,0.0,8.4,4.0,32.8,3.9,0.0,16.1,23.5,
2479746,10,979892,C. B. ISLA BONITA,AWAY,2524874,M. Vulovic,M. Vulovic,1,24.9,1496.0,6.0,2.0,9.0,0.0,0.0,2.0,9.0,2.0,3.0,0.0,4.0,4.0,2.0,1.0,2.0,2.0,0.0,3.0,4.0,8.0,2.0,29.1,22.2,0.0,33.3,0.4,0.0,0.8,0.0,18.4,8.7,34.5,4.2,8.7,8.8,23.3,
2479746,10,979892,C. B. ISLA BONITA,AWAY,1471341,M. Rosales Elejabeita,M. Rosales Elejabeita,0,22.6,1355.0,2.0,0.0,2.0,0.0,1.0,0.0,3.0,2.0,4.0,1.0,2.0,3.0,3.0,6.0,1.0,0.0,0.0,2.0,2.0,-2.0,1.0,21.0,0.0,33.3,133.3,0.0,0.0,2.0,4.5,10.1,7.2,38.5,2.3,0.0,55.8,24.4,
2479746,10,979892,C. B. ISLA BONITA,AWAY,1372464,M. Carballo Diaz,M. Carballo Diaz,0,4.9,296.0,0.0,0.0,1.0,0.0,0.0,0.0,1.0,0.0,0.0,0.0,0.0,0.0,0.0,0.0,1.0,0.0,0.0,0.0,1.0,1.0,-3.0,0.0,0.0,0.0,0.0,0.0,0.0,0.0,0.0,0.0,0.0,0.0,10.8,0.0,0.0,10.5,
2479746,10,979892,C. B. ISLA BONITA,AWAY,2816642,N. Cunill Peña,N. Cunill Peña,0,12.3,736.0,0.0,0.0,1.0,0.0,0.0,0.0,1.0,0.0,0.0,0.0,2.0,2.0,0.0,1.0,0.0,0.0,0.0,1.0,0.0,-1.0,-7.0,0.0,0.0,0.0,0.0,0.0,0.0,0.0,0.0,18.6,8.8,0.0,0.0,0.0,50.0,8.3,
2479746,10,979892,C. B. ISLA BONITA,AWAY,2524609,A. Glomazic,A. Glomazic,0,16.9,1016.0,2.0,1.0,2.0,0.0,0.0,1.0,2.0,0.0,0.0,0.0,1.0,1.0,2.0,0.0,0.0,0.0,0.0,0.0,2.0,6.0,-1.0,50.0,50.0,0.0,0.0,1.0,0.0,0.0,0.0,6.8,3.2,47.6,0.0,0.0,0.0,6.1,
2479747,10,981212,ELSAMEX CB ANDRATX,HOME,2553411,N. Jeng,N. Jeng,0,17.9,1077.0,8.0,2.0,4.0,1.0,1.0,3.0,5.0,1.0,4.0,2.0,5.0,7.0,1.0,4.0,0.0,0.0,0.0,4.0,2.0,5.0,8.0,59.2,70.0,20.0,80.0,1.0,3.0,2.0,15.4,22.8,20.1,29.4,0.0,0.0,37.2,31.2,
2479747,10,981212,ELSAMEX CB ANDRATX,HOME,1461086,P. Comella Pons,P. Comella Pons,1,32.5,1950.0,15.0,4.0,9.0,2.0,5.0,6.0,14.0,1.0,1.0,1.0,3.0,4.0,2.0,2.0,1.0,0.0,0.0,0.0,2.0,14.0,-18.0,51.9,50.0,35.7,7.1,0.9,1.2,0.5,4.2,7.5,6.3,29.4,1.7,0.0,12.2,26.3,
2479747,10,981212,ELSAMEX CB ANDRATX,HOME,2036170,A. Peregrina Garcia,A. Peregrina Garcia,1,28.8,1729.0,13.0,4.0,9.0,0.0,3.0,4.0,12.0,5.0,6.0,1.0,4.0,5.0,1.0,4.0,0.0,0.0,0.0,4.0,5.0,7.0,-16.0,44.4,33.3,25.0,50.0,0.9,0.0,1.2,4.8,11.3,8.9,13.9,0.0,0.0,21.5,33.6,
2479747,10,981212,ELSAMEX CB ANDRATX,HOME,2407584,D. Seguí García,D. Seguí García,0,4.5,268.0,4.0,1.0,1.0,0.0,0.0,1.0,1.0,2.0,2.0,0.0,0.0,0.0,0.0,0.0,0.0,1.0,0.0,0.0,1.0,6.0,2.0,106.4,100.0,0.0,200.0,2.0,0.0,2.0,0.0,0.0,0.0,0.0,0.0,18.9,0.0,21.7,
2479747,10,981212,ELSAMEX CB ANDRATX,HOME,1762758,P. Charro Och,P. Charro Och,1,12.0,721.0,0.0,0.0,1.0,0.0,3.0,0.0,4.0,0.0,0.0,2.0,0.0,2.0,0.0,0.0,0.0,0.0,0.0,2.0,0.0,-4.0,-9.0,0.0,0.0,75.0,0.0,0.0,0.0,0.0,23.0,0.0,8.5,0.0,0.0,0.0,0.0,17.3,
2479747,10,981212,ELSAMEX CB ANDRATX,HOME,1579078,H. Condom Rosell,H. Condom Rosell,1,33.6,2016.0,6.0,2.0,7.0,0.0,0.0,2.0,7.0,2.0,3.0,1.0,2.0,3.0,1.0,0.0,1.0,0.0,0.0,4.0,5.0,6.0,-18.0,36.1,28.6,0.0,42.9,0.6,0.0,0.6,4.1,4.9,4.6,9.3,1.6,0.0,0.0,12.9,
2479747,10,981212,ELSAMEX CB ANDRATX,HOME,2148958,M. López Martí,M. López Martí,0,17.3,1038.0,0.0,0.0,1.0,0.0,2.0,0.0,3.0,0.0,0.0,0.0,3.0,3.0,2.0,6.0,2.0,0.0,0.0,0.0,1.0,-1.0,-4.0,0.0,0.0,66.7,0.0,0.0,0.0,0.0,0.0,14.2,8.9,31.2,6.4,0.0,66.7,27.0,
2479747,10,981212,ELSAMEX CB ANDRATX,HOME,2120195,A. Real Cerda,A. Real Cerda,0,1.4,83.0,0.0,0.0,0.0,0.0,0.0,0.0,0.0,0.0,0.0,0.0,0.0,0.0,1.0,0.0,0.0,0.0,0.0,0.0,0.0,1.0,4.0,0.0,0.0,0.0,0.0,0.0,0.0,0.0,0.0,0.0,0.0,0.0,0.0,0.0,0.0,0.0,
2479747,10,981212,ELSAMEX CB ANDRATX,HOME,2276474,L. García Rivera,L. García Rivera,0,28.0,1679.0,0.0,0.0,2.0,0.0,0.0,0.0,2.0,0.0,0.0,0.0,1.0,1.0,1.0,2.0,0.0,0.0,0.0,1.0,3.0,0.0,-8.0,0.0,0.0,0.0,0.0,0.0,0.0,0.0,0.0,2.9,1.8,8.9,0.0,0.0,50.0,7.4,
2479747,10,981212,ELSAMEX CB ANDRATX,HOME,2043611,J. Ballester Manque,J. Ballester Manque,0,9.1,548.0,0.0,0.0,0.0,0.0,0.0,0.0,0.0,0.0,0.0,0.0,1.0,1.0,0.0,2.0,0.0,0.0,0.0,0.0,0.0,-1.0,-12.0,0.0,0.0,0.0,0.0,0.0,0.0,0.0,0.0,9.0,5.6,0.0,0.0,0.0,100.0,11.4,
2479747,10,981212,ELSAMEX CB ANDRATX,HOME,2294809,P. Sans Cantallops,P. Sans Cantallops,1,6.7,403.0,0.0,0.0,0.0,0.0,0.0,0.0,0.0,0.0,0.0,0.0,1.0,1.0,0.0,2.0,1.0,0.0,0.0,2.0,1.0,-1.0,-11.0,0.0,0.0,0.0,0.0,0.0,0.0,0.0,0.0,12.2,7.7,0.0,8.3,0.0,100.0,15.5,
2479747,10,981212,ELSAMEX CB ANDRATX,HOME,2820516,L. Stenta,L. Stenta,0,8.1,488.0,0.0,0.0,0.0,0.0,0.0,0.0,0.0,0.0,0.0,0.0,2.0,2.0,0.0,0.0,0.0,0.0,0.0,1.0,1.0,2.0,-3.0,0.0,0.0,0.0,0.0,0.0,0.0,0.0,0.0,20.2,12.7,0.0,0.0,0.0,0.0,0.0,
2479747,10,981167,SEGLE XXI,AWAY,2153172,M. Cintas Diaz,M. Cintas Diaz,1,28.8,1729.0,4.0,0.0,1.0,1.0,3.0,1.0,4.0,1.0,4.0,3.0,1.0,4.0,4.0,1.0,3.0,0.0,0.0,3.0,5.0,10.0,12.0,34.7,37.5,75.0,100.0,0.0,1.0,0.8,8.5,4.8,7.1,23.3,5.9,0.0,14.8,9.4,
2479747,10,981167,SEGLE XXI,AWAY,2289362,D. Garcia Dominguez,D. Garcia Dominguez,0,19.6,1175.0,11.0,2.0,5.0,2.0,4.0,4.0,9.0,1.0,1.0,2.0,4.0,6.0,1.0,3.0,2.0,0.0,0.0,0.0,1.0,13.0,7.0,58.3,55.6,44.4,11.1,0.8,1.5,1.0,8.3,28.1,15.7,11.1,5.8,0.0,24.1,25.6,
2479747,10,981167,SEGLE XXI,AWAY,2320695,A. Plans Bellavista,A. Plans Bellavista,0,22.7,1364.0,5.0,1.0,5.0,1.0,4.0,2.0,9.0,0.0,0.0,4.0,1.0,5.0,2.0,1.0,1.0,0.0,0.0,4.0,1.0,2.0,7.0,27.8,27.8,44.4,0.0,0.4,0.8,0.0,14.4,6.1,11.3,14.7,2.5,0.0,10.0,17.7,
2479747,10,981167,SEGLE XXI,AWAY,2528757,I. Garcia Fernandez,I. Garcia Fernandez,1,29.0,1741.0,12.0,6.0,11.0,0.0,2.0,6.0,13.0,0.0,0.0,5.0,7.0,12.0,0.0,1.0,1.0,0.0,0.0,1.0,2.0,18.0,0.0,46.2,46.2,15.4,0.0,1.1,0.0,0.0,14.1,33.3,21.2,0.0,2.0,0.0,7.1,19.4,
2479747,10,981167,SEGLE XXI,AWAY,2244483,S. Nde Akawung,S. Nde Akawung,1,22.7,1360.0,8.0,4.0,7.0,0.0,2.0,4.0,9.0,0.0,2.0,1.0,3.0,4.0,1.0,0.0,0.0,0.0,0.0,4.0,1.0,3.0,20.0,40.5,44.4,22.2,22.2,1.1,0.0,2.0,3.6,18.2,9.0,8.6,0.0,0.0,0.0,17.5,
2479747,10,981167,SEGLE XXI,AWAY,2196865,M. Carbó Medina,M. Carbó Medina,1,15.9,955.0,9.0,2.0,4.0,1.0,7.0,3.0,11.0,2.0,4.0,3.0,3.0,6.0,1.0,3.0,1.0,0.0,0.0,2.0,4.0,6.0,9.0,35.3,31.8,63.6,36.4,1.0,0.4,1.0,15.4,26.0,19.4,13.5,3.6,0.0,19.0,39.9,
2479747,10,981167,SEGLE XXI,AWAY,2528756,M. Zarzuelo Oroz,M. Zarzuelo Oroz,0,9.9,592.0,0.0,0.0,3.0,0.0,0.0,0.0,3.0,0.0,0.0,1.0,0.0,1.0,1.0,0.0,0.0,0.0,0.0,1.0,0.0,-2.0,-5.0,0.0,0.0,0.0,0.0,0.0,0.0,0.0,8.2,0.0,5.2,19.2,0.0,0.0,0.0,12.2,
2479747,10,981167,SEGLE XXI,AWAY,2639399,S. Okafor Ofoegbu,S. Okafor Ofoegbu,1,29.7,1784.0,10.0,4.0,7.0,0.0,8.0,4.0,15.0,2.0,4.0,7.0,1.0,8.0,3.0,3.0,1.0,0.0,0.0,3.0,2.0,5.0,25.0,29.8,26.7,53.3,26.7,1.1,0.0,2.0,19.2,4.6,13.8,21.1,1.9,0.0,15.2,26.8,
2479747,10,981167,SEGLE XXI,AWAY,2229661,B. Asensio Senosiáin,B. Asensio Senosiáin,0,21.7,1300.0,4.0,2.0,4.0,0.0,0.0,2.0,4.0,0.0,4.0,1.0,2.0,3.0,1.0,2.0,1.0,0.0,1.0,4.0,2.0,-1.0,10.0,34.7,50.0,0.0,100.0,1.0,0.0,2.0,3.8,12.7,7.1,9.1,2.6,0.0,25.8,14.4,
2479748,10,981414,HIERROS DÍAZ EXTREMADURA MIRALVALLE,HOME,1707378,M. Pérez Castro,M. Pérez Castro,1,30.7,1843.0,11.0,4.0,6.0,1.0,4.0,5.0,10.0,0.0,1.0,1.0,3.0,4.0,2.0,2.0,0.0,0.0,1.0,2.0,3.0,10.0,11.0,52.7,55.0,40.0,10.0,1.3,0.8,0.3,3.8,12.2,7.8,16.0,0.0,0.0,16.1,17.5,
2479748,10,981414,HIERROS DÍAZ EXTREMADURA MIRALVALLE,HOME,2818302,V. Michel,V. Michel,1,26.2,1571.0,4.0,2.0,3.0,0.0,0.0,2.0,3.0,0.0,2.0,2.0,4.0,6.0,4.0,2.0,1.0,0.0,0.0,3.0,2.0,9.0,7.0,51.5,66.7,0.0,66.7,1.3,0.0,1.0,8.8,19.1,13.7,30.8,2.1,0.0,34.0,9.7,
2479748,10,981414,HIERROS DÍAZ EXTREMADURA MIRALVALLE,HOME,2734458,L. Navas Castro,L. Navas Castro,0,21.3,1277.0,9.0,2.0,6.0,1.0,3.0,3.0,9.0,2.0,2.0,1.0,1.0,2.0,1.0,6.0,3.0,0.0,0.0,1.0,2.0,4.0,10.0,45.5,38.9,33.3,22.2,0.7,1.0,1.0,5.4,5.9,5.6,10.5,7.6,0.0,37.8,32.1,
2479748,10,981414,HIERROS DÍAZ EXTREMADURA MIRALVALLE,HOME,2566363,P. Laurenson Cheynel,P. Laurenson Cheynel,1,34.3,2056.0,14.0,4.0,6.0,0.0,3.0,4.0,9.0,6.0,8.0,1.0,1.0,2.0,3.0,5.0,2.0,0.0,0.0,0.0,5.0,14.0,7.0,55.9,44.4,33.3,88.9,1.3,0.0,1.6,3.4,3.6,3.5,18.8,3.1,0.0,28.5,22.0,
2479748,10,981414,HIERROS DÍAZ EXTREMADURA MIRALVALLE,HOME,2845561,S. Brown,S. Brown,1,37.1,2226.0,12.0,2.0,6.0,2.0,8.0,4.0,14.0,2.0,2.0,4.0,11.0,15.0,0.0,3.0,1.0,0.0,0.0,4.0,3.0,14.0,-3.0,40.3,35.7,57.1,14.3,0.7,0.8,0.7,12.4,37.1,24.3,0.0,1.5,0.0,16.8,20.8,
2479748,10,981414,HIERROS DÍAZ EXTREMADURA MIRALVALLE,HOME,1984467,G. Lopez Cuesta,G. Lopez Cuesta,0,22.3,1336.0,9.0,2.0,5.0,0.0,0.0,2.0,5.0,5.0,6.0,3.0,0.0,3.0,0.0,2.0,0.0,0.0,0.0,5.0,4.0,5.0,12.0,58.9,40.0,0.0,120.0,0.8,0.0,1.5,15.5,0.0,8.1,0.0,0.0,0.0,20.7,18.6,
2479748,10,981414,HIERROS DÍAZ EXTREMADURA MIRALVALLE,HOME,2323074,A. Zurita Garcia,A. Zurita Garcia,0,10.4,625.0,0.0,0.0,1.0,0.0,0.0,0.0,1.0,0.0,0.0,1.0,0.0,1.0,0.0,1.0,0.0,0.0,0.0,2.0,0.0,-3.0,-4.0,0.0,0.0,0.0,0.0,0.0,0.0,0.0,11.1,0.0,5.8,0.0,0.0,0.0,50.0,8.3,
2479748,10,981414,HIERROS DÍAZ EXTREMADURA MIRALVALLE,HOME,1529427,C. Lazaro Hernandez,C. Lazaro Hernandez,1,42.8,2566.0,17.0,2.0,5.0,3.0,14.0,5.0,19.0,4.0,5.0,4.0,3.0,7.0,0.0,2.0,4.0,0.0,0.0,3.0,4.0,12.0,5.0,40.1,34.2,73.7,26.3,0.8,0.6,1.2,10.8,8.8,9.8,0.0,5.0,0.0,8.6,23.4,
2479748,10,982048,EL PLANTEL GMASB,AWAY,2819272,D. Ryzinska,D. Ryzinska,0,30.7,1843.0,4.0,1.0,1.0,0.0,1.0,1.0,2.0,2.0,2.0,0.0,7.0,7.0,2.0,2.0,3.0,0.0,0.0,3.0,1.0,11.0,3.0,69.4,50.0,50.0,100.0,2.0,0.0,2.0,0.0,26.3,13.7,13.2,5.0,0.0,41.0,7.4,
2479748,10,982048,EL PLANTEL GMASB,AWAY,2124275,C. Villanueva Lazaro,C. Villanueva Lazaro,1,33.3,1998.0,13.0,2.0,7.0,2.0,5.0,4.0,12.0,3.0,6.0,1.0,3.0,4.0,6.0,3.0,0.0,0.0,0.0,5.0,3.0,7.0,12.0,44.4,41.7,41.7,50.0,0.6,1.2,2.0,3.8,10.4,7.2,49.6,0.0,0.0,17.0,24.7,
2479748,10,982048,EL PLANTEL GMASB,AWAY,1974272,R. Revueltas Pareja,R. Revueltas Pareja,0,28.1,1686.0,9.0,2.0,7.0,1.0,4.0,3.0,11.0,2.0,3.0,2.0,1.0,3.0,3.0,5.0,2.0,0.0,0.0,5.0,4.0,2.0,-10.0,36.5,31.8,36.4,27.3,0.6,0.8,0.8,8.9,4.1,6.4,27.8,3.7,0.0,28.9,28.8,
2479748,10,982048,EL PLANTEL GMASB,AWAY,2819274,O. Schlegl,O. Schlegl,0,19.9,1195.0,2.0,0.0,1.0,0.0,2.0,0.0,3.0,2.0,2.0,3.0,0.0,3.0,1.0,1.0,0.0,0.0,0.0,2.0,4.0,4.0,-15.0,25.8,0.0,66.7,66.7,0.0,0.0,0.5,18.8,0.0,9.0,10.9,0.0,0.0,20.5,11.5,
2479748,10,982048,EL PLANTEL GMASB,AWAY,2232865,M. Sanchez Valenzuela,M. Sanchez Valenzuela,1,37.1,2229.0,12.0,0.0,5.0,4.0,13.0,4.0,18.0,0.0,0.0,0.0,2.0,2.0,0.0,2.0,3.0,1.0,0.0,3.0,0.0,-1.0,-8.0,33.3,33.3,72.2,0.0,0.0,0.9,0.0,0.0,6.2,3.2,0.0,4.2,3.2,10.0,25.2,
2479748,10,982048,EL PLANTEL GMASB,AWAY,1111828,L. Fernandez Fiel,L. Fernandez Fiel,1,4.8,290.0,0.0,0.0,1.0,0.0,0.0,0.0,1.0,0.0,0.0,0.0,0.0,0.0,0.0,0.0,0.0,0.0,0.0,1.0,0.0,-2.0,-4.0,0.0,0.0,0.0,0.0,0.0,0.0,0.0,0.0,0.0,0.0,0.0,0.0,0.0,0.0,9.7,
2479748,10,982048,EL PLANTEL GMASB,AWAY,2112760,M. Diaz Torres,M. Diaz Torres,1,15.6,934.0,5.0,1.0,2.0,1.0,1.0,2.0,3.0,0.0,0.0,3.0,0.0,3.0,1.0,1.0,0.0,0.0,0.0,2.0,2.0,7.0,-17.0,83.3,83.3,33.3,0.0,1.0,3.0,0.0,24.0,0.0,11.5,20.4,0.0,0.0,25.0,12.0,
2479748,10,982048,EL PLANTEL GMASB,AWAY,2202075,M. Garcia Garrido,M. Garcia Garrido,0,9.9,593.0,3.0,0.0,0.0,1.0,1.0,1.0,1.0,0.0,0.0,1.0,0.0,1.0,0.0,2.0,0.0,0.0,0.0,0.0,0.0,2.0,-8.0,150.0,150.0,100.0,0.0,0.0,3.0,0.0,12.6,0.0,6.1,0.0,0.0,0.0,66.7,14.2,
2479748,10,982048,EL PLANTEL GMASB,AWAY,2364455,T. Sene,T. Sene,0,5.4,322.0,2.0,1.0,2.0,0.0,0.0,1.0,2.0,0.0,0.0,0.0,1.0,1.0,0.0,1.0,0.0,0.0,0.0,0.0,0.0,1.0,5.0,50.0,50.0,0.0,0.0,1.0,0.0,0.0,0.0,21.4,11.1,0.0,0.0,0.0,33.3,25.9,
2479748,10,982048,EL PLANTEL GMASB,AWAY,2746773,O. Betancourt Labrador,O. Betancourt Labrador,1,40.2,2410.0,17.0,7.0,8.0,0.0,3.0,7.0,11.0,3.0,6.0,3.0,8.0,11.0,1.0,7.0,1.0,0.0,0.0,3.0,4.0,17.0,-3.0,62.3,63.6,27.3,54.5,1.8,0.0,1.5,9.3,23.0,16.4,7.3,1.3,0.0,33.9,24.0,
2479749,10,981227,DPES CB CIUDAD DE MOSTOLES,HOME,2370953,S. Cuquerella Martin,S. Cuquerella Martin,0,2.0,120.0,0.0,0.0,0.0,0.0,1.0,0.0,1.0,0.0,0.0,0.0,0.0,0.0,0.0,1.0,0.0,0.0,0.0,1.0,0.0,-3.0,1.0,0.0,0.0,100.0,0.0,0.0,0.0,0.0,0.0,0.0,0.0,0.0,0.0,0.0,50.0,43.3,
2479749,10,981227,DPES CB CIUDAD DE MOSTOLES,HOME,2040603,P. Gonzalez Gonzalez,P. Gonzalez Gonzalez,0,22.3,1340.0,14.0,2.0,4.0,2.0,4.0,4.0,8.0,4.0,7.0,2.0,2.0,4.0,0.0,2.0,3.0,0.0,0.0,3.0,5.0,14.0,17.0,63.2,62.5,50.0,87.5,1.0,1.5,1.4,9.0,8.7,8.9,0.0,6.9,0.0,15.3,25.4,
2479749,10,981227,DPES CB CIUDAD DE MOSTOLES,HOME,2162836,D. Vaquero Martinez,D. Vaquero Martinez,0,9.8,586.0,0.0,0.0,1.0,0.0,0.0,0.0,1.0,0.0,0.0,0.0,1.0,1.0,0.0,0.0,1.0,0.0,0.0,1.0,0.0,0.0,4.0,0.0,0.0,0.0,0.0,0.0,0.0,0.0,0.0,10.0,5.0,0.0,5.2,0.0,0.0,4.4,
2479749,10,981227,DPES CB CIUDAD DE MOSTOLES,HOME,2226042,N. Nieva Vicente,N. Nieva Vicente,0,1.3,76.0,0.0,0.0,0.0,0.0,0.0,0.0,0.0,0.0,0.0,0.0,0.0,0.0,0.0,0.0,0.0,0.0,0.0,0.0,0.0,0.0,2.0,0.0,0.0,0.0,0.0,0.0,0.0,0.0,0.0,0.0,0.0,0.0,0.0,0.0,0.0,0.0,
2479749,10,981227,DPES CB CIUDAD DE MOSTOLES,HOME,1178705,A. Peredo Lopez,A. Peredo Lopez,1,20.2,1210.0,5.0,1.0,6.0,1.0,2.0,2.0,8.0,0.0,0.0,0.0,7.0,7.0,5.0,0.0,0.0,0.0,0.0,2.0,1.0,10.0,14.0,31.2,31.2,25.0,0.0,0.3,1.5,0.0,0.0,33.8,17.1,50.0,0.0,0.0,0.0,17.2,
2479749,10,981227,DPES CB CIUDAD DE MOSTOLES,HOME,1222687,B. Moreno Hurtado,B. Moreno Hurtado,0,21.5,1292.0,7.0,2.0,2.0,1.0,3.0,3.0,5.0,0.0,0.0,1.0,3.0,4.0,4.0,2.0,0.0,0.0,0.0,3.0,2.0,10.0,12.0,70.0,70.0,60.0,0.0,2.0,1.0,0.0,4.7,13.6,9.2,44.4,0.0,0.0,28.6,14.1,
2479749,10,981227,DPES CB CIUDAD DE MOSTOLES,HOME,1819108,N. Gomez Cobo,N. Gomez Cobo,0,19.8,1190.0,9.0,3.0,7.0,1.0,3.0,4.0,10.0,0.0,0.0,6.0,3.0,9.0,1.0,4.0,1.0,0.0,0.0,2.0,2.0,10.0,6.0,45.0,45.0,30.0,0.0,0.9,1.0,0.0,30.3,14.8,22.4,12.5,2.6,0.0,28.6,30.6,
2479749,10,981227,DPES CB CIUDAD DE MOSTOLES,HOME,2035086,M. Gamez Martinez,M. Gamez Martinez,0,12.2,735.0,10.0,2.0,4.0,1.0,1.0,3.0,5.0,3.0,3.0,0.0,2.0,2.0,0.0,2.0,3.0,1.0,0.0,4.0,1.0,9.0,16.0,79.1,70.0,20.0,60.0,1.0,3.0,3.0,0.0,16.0,8.1,0.0,12.6,9.9,24.0,29.5,
2479749,10,981227,DPES CB CIUDAD DE MOSTOLES,HOME,1589173,M. Correa Villalona,M. Correa Villalona,1,13.4,806.0,1.0,0.0,2.0,0.0,2.0,0.0,4.0,1.0,2.0,0.0,2.0,2.0,0.0,0.0,0.0,0.0,0.0,1.0,2.0,-1.0,-4.0,10.2,0.0,50.0,50.0,0.0,0.0,1.0,0.0,14.6,7.4,0.0,0.0,0.0,0.0,15.8,
2479749,10,981227,DPES CB CIUDAD DE MOSTOLES,HOME,1434653,B. Martinez Sanz,B. Martinez Sanz,1,30.8,1847.0,12.0,2.0,6.0,2.0,6.0,4.0,12.0,2.0,4.0,3.0,7.0,10.0,2.0,4.0,2.0,1.0,0.0,2.0,2.0,13.0,3.0,43.6,41.7,50.0,33.3,0.7,1.0,2.0,9.7,22.2,16.0,13.2,3.3,3.9,22.5,25.0,
2479749,10,981227,DPES CB CIUDAD DE MOSTOLES,HOME,1740994,B. Rodríguez Bazaga,B. Rodríguez Bazaga,1,28.2,1690.0,7.0,3.0,4.0,0.0,5.0,3.0,9.0,1.0,1.0,0.0,0.0,0.0,4.0,1.0,2.0,0.0,0.0,3.0,1.0,4.0,21.0,37.1,33.3,55.6,11.1,1.5,0.0,1.0,0.0,0.0,0.0,29.0,3.6,0.0,9.6,16.0,
2479749,10,981227,DPES CB CIUDAD DE MOSTOLES,HOME,2404223,E. Abubakar Arrey,E. Abubakar Arrey,1,18.5,1108.0,2.0,1.0,4.0,0.0,0.0,1.0,4.0,0.0,2.0,1.0,6.0,7.0,0.0,1.0,0.0,1.0,0.0,3.0,2.0,3.0,8.0,20.5,25.0,0.0,50.0,0.5,0.0,1.0,5.4,31.6,18.7,0.0,0.0,6.6,17.0,13.8,
2479749,10,981304,DISHELEC 65 VILADECANS,AWAY,2050407,L. Sanchez Garcia,L. Sanchez Garcia,1,28.7,1722.0,12.0,4.0,5.0,0.0,2.0,4.0,7.0,4.0,8.0,1.0,7.0,8.0,0.0,2.0,1.0,0.0,0.0,2.0,4.0,14.0,-10.0,57.0,57.1,28.6,114.3,1.6,0.0,2.0,3.4,24.4,13.8,0.0,1.8,0.0,16.0,20.2,
2479749,10,981304,DISHELEC 65 VILADECANS,AWAY,1910113,L. Anducas Rodon,L. Anducas Rodon,1,29.8,1789.0,19.0,4.0,8.0,0.0,3.0,4.0,11.0,11.0,13.0,1.0,4.0,5.0,2.0,5.0,2.0,0.0,2.0,2.0,8.0,20.0,-3.0,56.8,36.4,27.3,118.2,1.0,0.0,1.6,3.3,13.4,8.3,45.5,3.4,0.0,23.0,33.8,
2479749,10,981304,DISHELEC 65 VILADECANS,AWAY,1727776,P. Curto Garcia,P. Curto Garcia,0,22.8,1368.0,0.0,0.0,2.0,0.0,3.0,0.0,5.0,0.0,0.0,2.0,6.0,8.0,0.0,2.0,2.0,0.0,1.0,3.0,0.0,0.0,-18.0,0.0,0.0,60.0,0.0,0.0,0.0,0.0,8.6,26.3,17.3,0.0,4.4,0.0,28.6,14.2,
2479749,10,981304,DISHELEC 65 VILADECANS,AWAY,1398200,J. Turrion Aranda,J. Turrion Aranda,1,30.5,1828.0,7.0,1.0,4.0,0.0,8.0,1.0,12.0,5.0,6.0,0.0,4.0,4.0,3.0,1.0,3.0,0.0,0.0,3.0,7.0,8.0,-10.0,23.9,8.3,66.7,50.0,0.5,0.0,0.9,0.0,13.1,6.5,34.9,5.0,0.0,6.4,23.8,
2479749,10,981304,DISHELEC 65 VILADECANS,AWAY,2056456,N. Soler Ramos,N. Soler Ramos,0,9.5,572.0,2.0,1.0,1.0,0.0,0.0,1.0,1.0,0.0,0.0,1.0,1.0,2.0,0.0,0.0,0.0,0.0,0.0,0.0,1.0,5.0,-11.0,100.0,100.0,0.0,0.0,2.0,0.0,0.0,10.3,10.5,10.4,0.0,0.0,0.0,0.0,4.9,
2479749,10,981304,DISHELEC 65 VILADECANS,AWAY,2322360,A. Torne Labarta,A. Torne Labarta,0,15.3,919.0,6.0,2.0,6.0,0.0,0.0,2.0,6.0,2.0,2.0,2.0,2.0,4.0,1.0,0.0,1.0,0.0,0.0,0.0,1.0,9.0,-11.0,43.6,33.3,0.0,33.3,0.7,0.0,2.0,12.8,13.1,12.9,35.7,3.3,0.0,0.0,20.8,
2479749,10,981304,DISHELEC 65 VILADECANS,AWAY,2146979,N. Sanchez Marques,N. Sanchez Marques,1,19.2,1155.0,1.0,0.0,4.0,0.0,1.0,0.0,5.0,1.0,2.0,1.0,1.0,2.0,1.0,2.0,0.0,0.0,0.0,4.0,1.0,-7.0,-7.0,8.5,0.0,20.0,40.0,0.0,0.0,2.0,5.1,5.2,5.1,16.7,0.0,0.0,25.4,19.0,
2479749,10,981304,DISHELEC 65 VILADECANS,AWAY,1956668,M. Ribera Sanuy,M. Ribera Sanuy,0,18.7,1123.0,0.0,0.0,2.0,0.0,0.0,0.0,2.0,0.0,4.0,0.0,0.0,0.0,1.0,3.0,3.0,0.0,0.0,0.0,2.0,-3.0,-17.0,0.0,0.0,0.0,200.0,0.0,0.0,2.0,0.0,0.0,0.0,16.7,8.1,0.0,44.4,16.8,
2479749,10,981304,DISHELEC 65 VILADECANS,AWAY,1663009,Q. Ubia Llunell,Q. Ubia Llunell,1,25.4,1524.0,0.0,0.0,1.0,0.0,1.0,0.0,2.0,0.0,2.0,0.0,2.0,2.0,1.0,4.0,0.0,0.0,0.0,4.0,1.0,-8.0,-13.0,0.0,0.0,50.0,100.0,0.0,0.0,2.0,0.0,7.9,3.9,13.9,0.0,0.0,58.1,12.6,
2479750,10,981335,CESUR DISTRITO OLIMPICO,HOME,2286837,B. Arranz Albero,B. Arranz Albero,1,13.7,820.0,4.0,0.0,0.0,1.0,6.0,1.0,6.0,1.0,1.0,1.0,1.0,2.0,0.0,4.0,1.0,0.0,0.0,0.0,0.0,-2.0,-11.0,31.1,25.0,100.0,16.7,0.0,0.5,0.0,7.9,5.7,6.6,0.0,3.3,0.0,38.3,32.1,
2479750,10,981335,CESUR DISTRITO OLIMPICO,HOME,1811220,S. Francisco Abos,S. Francisco Abos,0,26.3,1580.0,7.0,0.0,3.0,2.0,7.0,2.0,10.0,1.0,2.0,3.0,7.0,10.0,5.0,4.0,1.0,0.0,0.0,2.0,1.0,9.0,14.0,32.2,30.0,70.0,20.0,0.0,0.9,2.0,12.3,20.9,17.3,41.7,1.7,0.0,26.9,23.9,
2479750,10,981335,CESUR DISTRITO OLIMPICO,HOME,2031383,A. Picos Porras,A. Picos Porras,1,30.8,1845.0,12.0,3.0,6.0,0.0,2.0,3.0,8.0,6.0,8.0,3.0,5.0,8.0,2.0,5.0,1.0,0.0,0.0,3.0,6.0,14.0,-1.0,52.1,37.5,25.0,100.0,1.0,0.0,1.3,10.5,12.7,11.8,15.4,1.5,0.0,30.3,22.6,
2479750,10,981335,CESUR DISTRITO OLIMPICO,HOME,1871488,M. Gomez Hernandez,M. Gomez Hernandez,1,24.1,1449.0,2.0,0.0,1.0,0.0,4.0,0.0,5.0,2.0,4.0,0.0,4.0,4.0,5.0,3.0,1.0,0.0,0.0,2.0,4.0,4.0,-10.0,14.8,0.0,80.0,80.0,0.0,0.0,1.0,0.0,13.0,7.5,41.7,1.9,0.0,30.7,17.1,
2479750,10,981335,CESUR DISTRITO OLIMPICO,HOME,2404419,P. Alonso-Basurto Cumplido,P. Alonso-Basurto Cumplido,0,23.7,1422.0,8.0,4.0,10.0,0.0,0.0,4.0,10.0,0.0,0.0,4.0,6.0,10.0,0.0,2.0,0.0,2.0,1.0,1.0,0.0,11.0,7.0,40.0,40.0,0.0,0.0,0.8,0.0,0.0,18.2,19.9,19.2,0.0,0.0,6.5,16.7,21.3,
2479750,10,981335,CESUR DISTRITO OLIMPICO,HOME,2035834,M. Martinez Majan,M. Martinez Majan,0,7.6,455.0,3.0,0.0,1.0,1.0,1.0,1.0,2.0,0.0,0.0,0.0,0.0,0.0,1.0,0.0,1.0,0.0,0.0,1.0,1.0,4.0,5.0,75.0,75.0,50.0,0.0,0.0,3.0,0.0,0.0,0.0,0.0,33.3,6.0,0.0,0.0,11.1,
2479750,10,981335,CESUR DISTRITO OLIMPICO,HOME,2226680,J. Masip Lámbarri,J. Masip Lámbarri,0,6.1,364.0,3.0,1.0,1.0,0.0,0.0,1.0,1.0,1.0,1.0,0.0,3.0,3.0,0.0,0.0,0.0,0.0,0.0,0.0,1.0,7.0,-13.0,104.2,100.0,0.0,100.0,2.0,0.0,1.0,0.0,38.6,22.4,0.0,0.0,0.0,0.0,10.0,
2479750,10,981335,CESUR DISTRITO OLIMPICO,HOME,1832824,C. Leal Flores,C. Leal Flores,1,27.5,1648.0,4.0,1.0,2.0,0.0,2.0,1.0,4.0,2.0,2.0,0.0,6.0,6.0,1.0,2.0,0.0,0.0,0.0,1.0,1.0,6.0,5.0,41.0,25.0,50.0,50.0,1.0,0.0,2.0,0.0,17.1,9.9,7.7,0.0,0.0,29.1,10.5,
2479750,10,981335,CESUR DISTRITO OLIMPICO,HOME,1562695,A. González Ramírez,A. González Ramírez,0,15.8,951.0,4.0,2.0,2.0,0.0,0.0,2.0,2.0,0.0,0.0,0.0,1.0,1.0,2.0,4.0,2.0,1.0,0.0,2.0,1.0,5.0,13.0,100.0,100.0,0.0,0.0,2.0,0.0,0.0,0.0,5.0,2.9,33.3,5.8,4.9,66.7,16.0,
2479750,10,981335,CESUR DISTRITO OLIMPICO,HOME,2160293,V. Lopez Riaño,V. Lopez Riaño,1,19.5,1171.0,15.0,5.0,9.0,0.0,1.0,5.0,10.0,5.0,9.0,0.0,6.0,6.0,0.0,1.0,1.0,0.0,0.0,4.0,5.0,13.0,14.0,53.7,50.0,10.0,90.0,1.1,0.0,1.8,0.0,24.1,14.0,0.0,2.4,0.0,6.7,32.3,
2479750,10,981335,CESUR DISTRITO OLIMPICO,HOME,2185253,P. Álvarez Honorato,P. Álvarez Honorato,0,4.9,295.0,0.0,0.0,0.0,0.0,0.0,0.0,0.0,0.0,0.0,0.0,0.0,0.0,0.0,0.0,0.0,0.0,0.0,0.0,0.0,0.0,-8.0,0.0,0.0,0.0,0.0,0.0,0.0,0.0,0.0,0.0,0.0,0.0,0.0,0.0,0.0,0.0,
2479750,10,981229,SPAR GRAN CANARIA,AWAY,2203305,L. Perez Castro,L. Perez Castro,1,39.5,2369.0,11.0,1.0,7.0,3.0,9.0,4.0,16.0,0.0,0.0,0.0,4.0,4.0,2.0,1.0,2.0,0.0,1.0,5.0,2.0,3.0,-4.0,34.4,34.4,56.2,0.0,0.3,1.0,0.0,0.0,10.9,4.6,10.5,2.4,0.0,5.9,17.3,
2479750,10,981229,SPAR GRAN CANARIA,AWAY,2233043,A. Deniz Agullo,A. Deniz Agullo,0,7.9,472.0,0.0,0.0,2.0,0.0,0.0,0.0,2.0,0.0,0.0,0.0,0.0,0.0,2.0,1.0,0.0,0.0,0.0,1.0,0.0,-2.0,-5.0,0.0,0.0,0.0,0.0,0.0,0.0,0.0,0.0,0.0,0.0,43.5,0.0,0.0,33.3,15.3,
2479750,10,981229,SPAR GRAN CANARIA,AWAY,2251955,M. Ocurto Mendes,M. Ocurto Mendes,1,34.8,2085.0,6.0,1.0,4.0,1.0,8.0,2.0,12.0,1.0,4.0,2.0,5.0,7.0,3.0,2.0,1.0,0.0,1.0,0.0,3.0,5.0,3.0,21.8,20.8,66.7,33.3,0.5,0.4,1.3,4.5,15.5,9.1,16.0,1.4,0.0,12.7,18.3,
2479750,10,981229,SPAR GRAN CANARIA,AWAY,2292843,M. Rodríguez Sánchez,M. Rodríguez Sánchez,0,27.4,1646.0,8.0,4.0,5.0,0.0,5.0,4.0,10.0,0.0,0.0,0.0,3.0,3.0,2.0,0.0,2.0,0.0,0.0,4.0,1.0,6.0,2.0,40.0,40.0,50.0,0.0,1.6,0.0,0.0,0.0,11.8,5.0,16.5,3.5,0.0,0.0,14.7,
2479750,10,981229,SPAR GRAN CANARIA,AWAY,2343754,O. Boniface Peters,O. Boniface Peters,0,0.5,31.0,0.0,0.0,0.0,0.0,0.0,0.0,0.0,0.0,0.0,0.0,0.0,0.0,1.0,0.0,1.0,0.0,0.0,1.0,0.0,1.0,1.0,0.0,0.0,0.0,0.0,0.0,0.0,0.0,0.0,0.0,0.0,0.0,95.4,0.0,0.0,0.0,
2479750,10,981229,SPAR GRAN CANARIA,AWAY,2352279,T. Ezeanatogu Ezeonu,T. Ezeanatogu Ezeonu,1,17.8,1069.0,4.0,2.0,4.0,0.0,0.0,2.0,4.0,0.0,3.0,1.0,2.0,3.0,1.0,3.0,1.0,1.0,0.0,1.0,2.0,3.0,-11.0,37.6,50.0,0.0,75.0,1.0,0.0,1.5,4.4,12.1,7.7,13.9,2.7,6.4,36.1,18.8,
2479750,10,981229,SPAR GRAN CANARIA,AWAY,2647608,M. Doumbia,M. Doumbia,1,37.4,2242.0,18.0,5.0,15.0,1.0,2.0,6.0,17.0,5.0,6.0,3.0,6.0,9.0,2.0,5.0,4.0,0.0,1.0,5.0,2.0,13.0,-3.0,45.8,38.2,11.8,35.3,0.7,1.5,3.0,6.3,17.3,10.9,13.6,5.1,0.0,20.3,26.6,
2479750,10,981229,SPAR GRAN CANARIA,AWAY,2643570,L. Toure,L. Toure,1,34.8,2086.0,12.0,5.0,15.0,0.0,0.0,5.0,15.0,2.0,8.0,6.0,6.0,12.0,0.0,2.0,1.0,0.0,0.0,4.0,5.0,8.0,2.0,32.4,33.3,0.0,53.3,0.7,0.0,1.6,13.5,18.6,15.7,0.0,1.4,0.0,9.7,23.8,
2479751,10,981286,ESCO GRUPO FEMENINO ALCORCON,HOME,2822981,C. Ribeiro Dos Santos Bernardeco,C. Ribeiro Dos Santos Bernardeco,0,18.4,1103.0,5.0,1.0,2.0,1.0,4.0,2.0,6.0,0.0,0.0,0.0,0.0,0.0,1.0,0.0,1.0,0.0,0.0,1.0,0.0,2.0,12.0,41.7,41.7,66.7,0.0,1.0,0.8,0.0,0.0,0.0,0.0,9.5,2.6,0.0,0.0,13.2,
2479751,10,981286,ESCO GRUPO FEMENINO ALCORCON,HOME,2095287,G. Escorial Ferrero,G. Escorial Ferrero,0,16.3,977.0,3.0,0.0,1.0,0.0,0.0,0.0,1.0,3.0,4.0,2.0,5.0,7.0,0.0,3.0,3.0,0.0,0.0,1.0,2.0,9.0,12.0,54.3,0.0,0.0,400.0,0.0,0.0,2.0,12.3,34.1,22.6,0.0,8.8,0.0,52.1,14.3,
2479751,10,981286,ESCO GRUPO FEMENINO ALCORCON,HOME,2162538,C. Del Amo Sevillano,C. Del Amo Sevillano,1,25.9,1556.0,9.0,3.0,6.0,0.0,2.0,3.0,8.0,3.0,5.0,3.0,6.0,9.0,0.0,2.0,0.0,0.0,0.0,4.0,4.0,9.0,6.0,44.1,37.5,25.0,62.5,1.0,0.0,1.2,11.6,25.7,18.3,0.0,0.0,0.0,16.4,19.1,
2479751,10,981286,ESCO GRUPO FEMENINO ALCORCON,HOME,2182200,L. Bernardo Perez,L. Bernardo Perez,0,5.7,342.0,2.0,1.0,1.0,0.0,1.0,1.0,2.0,0.0,0.0,0.0,0.0,0.0,0.0,1.0,1.0,0.0,0.0,3.0,0.0,-2.0,-3.0,50.0,50.0,50.0,0.0,2.0,0.0,0.0,0.0,0.0,0.0,0.0,8.4,0.0,33.3,21.3,
2479751,10,981286,ESCO GRUPO FEMENINO ALCORCON,HOME,2012796,M. Blanco Eusebio,M. Blanco Eusebio,1,21.6,1297.0,1.0,0.0,0.0,0.0,5.0,0.0,5.0,1.0,2.0,0.0,4.0,4.0,4.0,1.0,3.0,0.0,0.0,0.0,3.0,8.0,4.0,8.5,0.0,100.0,40.0,0.0,0.0,0.7,0.0,20.6,9.7,32.0,6.7,0.0,14.5,12.9,
2479751,10,981286,ESCO GRUPO FEMENINO ALCORCON,HOME,1535457,M. Aranda Fraile,M. Aranda Fraile,1,18.1,1087.0,12.0,1.0,2.0,3.0,7.0,4.0,9.0,1.0,2.0,0.0,0.0,0.0,2.0,1.0,2.0,0.0,0.0,2.0,2.0,9.0,2.0,60.7,61.1,77.8,22.2,1.0,1.3,1.0,0.0,0.0,0.0,23.5,5.3,0.0,9.2,24.3,
2479751,10,981286,ESCO GRUPO FEMENINO ALCORCON,HOME,2822982,Y. Sifaoui Bucero,Y. Sifaoui Bucero,1,8.9,535.0,2.0,1.0,5.0,0.0,0.0,1.0,5.0,0.0,0.0,2.0,1.0,3.0,0.0,2.0,1.0,0.0,0.0,2.0,0.0,-2.0,-7.0,20.0,20.0,0.0,0.0,0.4,0.0,0.0,22.5,12.5,17.7,0.0,5.4,0.0,28.6,31.9,
2479751,10,981286,ESCO GRUPO FEMENINO ALCORCON,HOME,2819126,L. Vulovic,L. Vulovic,0,1.9,115.0,0.0,0.0,0.0,0.0,0.0,0.0,0.0,0.0,0.0,1.0,0.0,1.0,0.0,0.0,1.0,0.0,0.0,0.0,0.0,2.0,-3.0,0.0,0.0,0.0,0.0,0.0,0.0,0.0,52.6,0.0,27.7,0.0,25.3,0.0,0.0,0.0,
2479751,10,981286,ESCO GRUPO FEMENINO ALCORCON,HOME,2128123,N. Ipo Seriche-Dougan,N. Ipo Seriche-Dougan,1,25.9,1555.0,10.0,3.0,5.0,0.0,3.0,3.0,8.0,4.0,4.0,1.0,1.0,2.0,5.0,4.0,2.0,1.0,0.0,1.0,2.0,12.0,12.0,51.2,37.5,37.5,50.0,1.2,0.0,2.0,3.9,4.3,4.1,41.7,3.7,3.2,29.1,21.5,
2479751,10,981286,ESCO GRUPO FEMENINO ALCORCON,HOME,2164976,A. Martínez Mora,A. Martínez Mora,0,16.2,971.0,12.0,2.0,2.0,2.0,2.0,4.0,4.0,2.0,2.0,0.0,0.0,0.0,3.0,0.0,1.0,0.0,0.0,3.0,1.0,14.0,12.0,123.0,125.0,50.0,50.0,2.0,3.0,2.0,0.0,0.0,0.0,50.0,3.0,0.0,0.0,12.2,
2479751,10,981286,ESCO GRUPO FEMENINO ALCORCON,HOME,1869823,D. Miliauskaite,D. Miliauskaite,0,25.9,1552.0,16.0,2.0,11.0,2.0,3.0,4.0,14.0,6.0,10.0,7.0,11.0,18.0,0.0,3.0,0.0,2.0,1.0,2.0,6.0,23.0,25.0,43.5,35.7,21.4,71.4,0.4,2.0,1.7,27.0,47.2,36.6,0.0,0.0,6.4,14.0,33.5,
2479751,10,981286,ESCO GRUPO FEMENINO ALCORCON,HOME,2176383,I. Camiña Rodriguez,I. Camiña Rodriguez,0,15.2,910.0,8.0,1.0,1.0,2.0,5.0,3.0,6.0,0.0,0.0,1.0,1.0,2.0,0.0,1.0,1.0,0.0,0.0,1.0,0.0,6.0,8.0,66.7,66.7,83.3,0.0,2.0,1.2,0.0,6.6,7.3,6.9,0.0,3.2,0.0,14.3,18.7,
2479751,10,979778,MAGEC TÍAS LANZAROTE CONTRA LA VIOLENCIA DE GÉNERO,AWAY,2178381,E. Lozano Sosa,E. Lozano Sosa,0,17.1,1028.0,6.0,2.0,3.0,0.0,0.0,2.0,3.0,2.0,2.0,1.0,3.0,4.0,1.0,3.0,1.0,0.0,0.0,2.0,2.0,8.0,-1.0,77.3,66.7,0.0,66.7,1.3,0.0,1.0,6.5,17.5,12.3,13.9,2.9,0.0,43.6,17.8,
2479751,10,979778,MAGEC TÍAS LANZAROTE CONTRA LA VIOLENCIA DE GÉNERO,AWAY,1100445,Y. Garcia Gonzalez,Y. Garcia Gonzalez,1,34.5,2068.0,16.0,6.0,13.0,0.0,0.0,6.0,13.0,4.0,5.0,3.0,2.0,5.0,2.0,2.0,2.0,1.0,2.0,3.0,6.0,19.0,-21.0,52.6,46.2,0.0,38.5,0.9,0.0,0.8,9.7,5.8,7.6,13.6,2.8,3.2,11.6,22.1,
2479751,10,979778,MAGEC TÍAS LANZAROTE CONTRA LA VIOLENCIA DE GÉNERO,AWAY,2415445,I. Drake Ruiz-Villar,I. Drake Ruiz-Villar,1,28.8,1726.0,11.0,4.0,13.0,0.0,1.0,4.0,14.0,3.0,6.0,0.0,7.0,7.0,4.0,5.0,0.0,0.0,0.0,2.0,3.0,5.0,-20.0,33.1,28.6,7.1,42.9,0.6,0.0,2.0,0.0,24.3,12.8,33.1,0.0,0.0,23.1,33.3,
2479751,10,979778,MAGEC TÍAS LANZAROTE CONTRA LA VIOLENCIA DE GÉNERO,AWAY,1450205,A. Rodriguez Guerra,A. Rodriguez Guerra,0,4.2,252.0,3.0,0.0,1.0,1.0,1.0,1.0,2.0,0.0,0.0,0.0,0.0,0.0,0.0,0.0,0.0,0.0,0.0,1.0,0.0,1.0,1.0,75.0,75.0,50.0,0.0,0.0,3.0,0.0,0.0,0.0,0.0,0.0,0.0,0.0,0.0,21.1,
2479751,10,979778,MAGEC TÍAS LANZAROTE CONTRA LA VIOLENCIA DE GÉNERO,AWAY,1995747,S. Hisado Santos,S. Hisado Santos,1,32.6,1955.0,3.0,0.0,2.0,1.0,3.0,1.0,5.0,0.0,0.0,0.0,3.0,3.0,2.0,7.0,2.0,0.0,0.0,3.0,2.0,-2.0,-14.0,30.0,30.0,60.0,0.0,0.0,1.0,0.0,0.0,9.2,4.8,11.5,3.0,0.0,58.3,16.3,
2479751,10,979778,MAGEC TÍAS LANZAROTE CONTRA LA VIOLENCIA DE GÉNERO,AWAY,1695414,C. Mateo Cañada,C. Mateo Cañada,1,21.0,1258.0,12.0,3.0,6.0,2.0,3.0,5.0,9.0,0.0,0.0,0.0,3.0,3.0,2.0,3.0,0.0,0.0,0.0,4.0,1.0,7.0,-8.0,66.7,66.7,33.3,0.0,1.0,2.0,0.0,0.0,14.3,7.5,30.8,0.0,0.0,25.0,25.3,
2479751,10,979778,MAGEC TÍAS LANZAROTE CONTRA LA VIOLENCIA DE GÉNERO,AWAY,2824664,B. Snorradottir,B. Snorradottir,0,24.6,1474.0,5.0,1.0,2.0,0.0,1.0,1.0,3.0,3.0,3.0,2.0,3.0,5.0,0.0,1.0,1.0,0.0,1.0,3.0,3.0,8.0,-3.0,57.9,33.3,33.3,100.0,1.0,0.0,1.0,9.0,12.2,10.7,0.0,2.0,0.0,18.8,9.6,
2479751,10,979778,MAGEC TÍAS LANZAROTE CONTRA LA VIOLENCIA DE GÉNERO,AWAY,2524794,M. Marinho Junqueira,M. Marinho Junqueira,1,37.3,2239.0,8.0,3.0,8.0,0.0,1.0,3.0,9.0,2.0,5.0,1.0,2.0,3.0,3.0,2.0,1.0,0.0,0.0,2.0,3.0,5.0,-14.0,35.7,33.3,11.1,55.6,0.8,0.0,1.7,3.0,5.4,4.2,16.9,1.3,0.0,15.2,15.7,
2479752,10,980023,GEIEG PACISA,HOME,1949920,J. Pairo Urtos,J. Pairo Urtos,0,15.2,913.0,0.0,0.0,1.0,0.0,2.0,0.0,3.0,0.0,0.0,1.0,2.0,3.0,1.0,1.0,0.0,1.0,0.0,3.0,1.0,-1.0,2.0,0.0,0.0,66.7,0.0,0.0,0.0,0.0,8.2,15.5,12.0,9.3,0.0,7.5,25.0,12.5,
2479752,10,980023,GEIEG PACISA,HOME,1917788,M. Carbo Cachinero,M. Carbo Cachinero,0,15.4,926.0,7.0,2.0,2.0,1.0,1.0,3.0,3.0,0.0,0.0,0.0,1.0,1.0,1.0,3.0,0.0,0.0,0.0,3.0,0.0,3.0,6.0,116.7,116.7,33.3,0.0,2.0,3.0,0.0,0.0,7.6,3.9,12.8,0.0,0.0,50.0,18.6,
2479752,10,980023,GEIEG PACISA,HOME,1944150,M. Melero Bravo,M. Melero Bravo,1,24.8,1486.0,21.0,5.0,8.0,2.0,5.0,7.0,13.0,5.0,7.0,1.0,3.0,4.0,5.0,4.0,2.0,0.0,0.0,4.0,5.0,21.0,13.0,65.3,61.5,38.5,53.8,1.2,1.2,1.4,5.0,14.2,9.8,54.3,4.3,0.0,19.9,38.6,
2479752,10,980023,GEIEG PACISA,HOME,1748049,N. Bagaria Rovira,N. Bagaria Rovira,0,18.5,1111.0,9.0,1.0,2.0,2.0,4.0,3.0,6.0,1.0,2.0,0.0,2.0,2.0,0.0,0.0,2.0,1.0,0.0,0.0,2.0,12.0,12.0,65.4,66.7,66.7,33.3,1.0,1.5,1.0,0.0,12.7,6.6,0.0,5.8,6.2,0.0,17.7,
2479752,10,980023,GEIEG PACISA,HOME,1667386,C. Morente Lopez,C. Morente Lopez,1,15.8,951.0,0.0,0.0,2.0,0.0,3.0,0.0,5.0,0.0,0.0,1.0,2.0,3.0,0.0,0.0,0.0,0.0,0.0,2.0,0.0,-4.0,-2.0,0.0,0.0,60.0,0.0,0.0,0.0,0.0,7.9,14.9,11.5,0.0,0.0,0.0,0.0,15.1,
2479752,10,980023,GEIEG PACISA,HOME,1968963,A. Talasimov,A. Talasimov,1,13.5,808.0,8.0,2.0,2.0,0.0,0.0,2.0,2.0,4.0,4.0,1.0,1.0,2.0,0.0,2.0,1.0,0.0,0.0,0.0,4.0,13.0,4.0,106.4,100.0,0.0,200.0,2.0,0.0,1.0,9.3,8.7,9.0,0.0,4.0,0.0,34.7,20.3,
2479752,10,980023,GEIEG PACISA,HOME,1567998,V. Gonzalez Olaizola,V. Gonzalez Olaizola,0,22.4,1346.0,4.0,2.0,4.0,0.0,0.0,2.0,4.0,0.0,0.0,0.0,6.0,6.0,4.0,2.0,2.0,1.0,0.0,2.0,2.0,13.0,14.0,50.0,50.0,0.0,0.0,1.0,0.0,0.0,0.0,31.5,16.2,28.2,4.8,5.1,33.3,12.8,
2479752,10,980023,GEIEG PACISA,HOME,1666109,A. Coma Perpiña,A. Coma Perpiña,1,30.2,1813.0,8.0,2.0,5.0,1.0,4.0,3.0,9.0,1.0,1.0,0.0,1.0,1.0,3.0,0.0,2.0,0.0,0.0,3.0,4.0,9.0,11.0,42.4,38.9,44.4,11.1,0.8,0.8,0.2,0.0,3.9,2.0,16.1,3.6,0.0,0.0,14.9,
2479752,10,980023,GEIEG PACISA,HOME,1926754,J. Fernandez Pinsach,J. Fernandez Pinsach,1,25.1,1508.0,16.0,7.0,12.0,0.0,0.0,7.0,12.0,2.0,4.0,5.0,5.0,10.0,1.0,1.0,3.0,0.0,0.0,1.0,2.0,23.0,10.0,58.1,58.3,0.0,33.3,1.2,0.0,2.0,24.9,23.4,24.1,10.9,6.4,0.0,6.8,28.0,
2479752,10,980023,GEIEG PACISA,HOME,2239082,N. Mitjanas Costa,N. Mitjanas Costa,0,19.0,1138.0,0.0,0.0,3.0,0.0,0.0,0.0,3.0,0.0,0.0,2.0,1.0,3.0,1.0,3.0,1.0,0.0,0.0,2.0,1.0,-2.0,0.0,0.0,0.0,0.0,0.0,0.0,0.0,0.0,13.2,6.2,9.6,7.4,2.8,0.0,50.0,15.1,
2479752,10,981209,CB CLARET BENIMACLET,AWAY,2557107,I. Serrano Alvarez,I. Serrano Alvarez,0,19.2,1155.0,6.0,3.0,7.0,0.0,0.0,3.0,7.0,0.0,0.0,2.0,3.0,5.0,1.0,4.0,0.0,0.0,1.0,3.0,1.0,2.0,-10.0,42.9,42.9,0.0,0.0,0.9,0.0,0.0,12.3,19.5,15.8,15.4,0.0,0.0,36.4,27.1,
2479752,10,981209,CB CLARET BENIMACLET,AWAY,1886112,S. Afonso Gonzalez,S. Afonso Gonzalez,1,30.4,1823.0,6.0,0.0,3.0,2.0,7.0,2.0,10.0,0.0,0.0,0.0,5.0,5.0,4.0,2.0,3.0,0.0,1.0,1.0,2.0,9.0,-4.0,30.0,30.0,70.0,0.0,0.0,0.9,0.0,0.0,20.6,10.0,30.3,5.4,0.0,16.7,18.7,
2479752,10,981209,CB CLARET BENIMACLET,AWAY,2209715,J. Sarrio Asensio,J. Sarrio Asensio,0,12.2,735.0,0.0,0.0,0.0,0.0,0.0,0.0,0.0,0.0,0.0,0.0,1.0,1.0,0.0,1.0,0.0,0.0,0.0,1.0,1.0,0.0,-10.0,0.0,0.0,0.0,0.0,0.0,0.0,0.0,0.0,10.2,5.0,0.0,0.0,0.0,100.0,3.9,
2479752,10,981209,CB CLARET BENIMACLET,AWAY,1853228,J. Rochina Troncoso,J. Rochina Troncoso,1,26.5,1589.0,11.0,4.0,7.0,1.0,1.0,5.0,8.0,0.0,0.0,0.0,2.0,2.0,2.0,2.0,4.0,0.0,0.0,3.0,2.0,13.0,-8.0,68.8,68.8,12.5,0.0,1.1,3.0,0.0,0.0,9.4,4.6,24.1,8.3,0.0,20.0,17.9,
2479752,10,981209,CB CLARET BENIMACLET,AWAY,1840053,P. Garcia Garcia,P. Garcia Garcia,1,25.1,1503.0,12.0,0.0,3.0,1.0,1.0,1.0,4.0,9.0,10.0,3.0,1.0,4.0,2.0,4.0,2.0,0.0,0.0,3.0,6.0,15.0,1.0,71.4,37.5,25.0,250.0,0.0,3.0,1.7,14.1,5.0,9.7,19.2,4.4,0.0,32.3,23.4,
2479752,10,981209,CB CLARET BENIMACLET,AWAY,1767443,M. Cuellar Bayarri,M. Cuellar Bayarri,1,20.8,1245.0,6.0,2.0,5.0,0.0,0.0,2.0,5.0,2.0,2.0,4.0,4.0,8.0,1.0,2.0,1.0,0.0,1.0,5.0,4.0,10.0,-4.0,51.0,40.0,0.0,40.0,0.8,0.0,0.5,22.6,24.0,23.3,13.3,2.6,0.0,25.4,17.9,
2479752,10,981209,CB CLARET BENIMACLET,AWAY,1681307,E. Iranzo Gutierrez,E. Iranzo Gutierrez,0,21.6,1297.0,6.0,1.0,3.0,1.0,6.0,2.0,9.0,1.0,3.0,0.0,1.0,1.0,0.0,0.0,0.0,0.0,0.0,2.0,2.0,-2.0,-14.0,29.1,27.8,66.7,33.3,0.7,0.5,1.5,0.0,5.8,2.8,0.0,0.0,0.0,0.0,22.6,
2479752,10,981209,CB CLARET BENIMACLET,AWAY,1994256,T. Toledo Navarro,T. Toledo Navarro,0,14.6,877.0,0.0,0.0,2.0,0.0,1.0,0.0,3.0,0.0,0.0,1.0,2.0,3.0,1.0,1.0,0.0,0.0,0.0,1.0,1.0,0.0,-6.0,0.0,0.0,33.3,0.0,0.0,0.0,0.0,8.1,17.1,12.5,13.2,0.0,0.0,25.0,13.0,
2479752,10,981209,CB CLARET BENIMACLET,AWAY,1749591,I. Garrido Perez,I. Garrido Perez,1,29.6,1776.0,12.0,2.0,5.0,2.0,9.0,4.0,14.0,2.0,2.0,0.0,2.0,2.0,0.0,1.0,0.0,0.0,0.0,2.0,1.0,2.0,-15.0,40.3,35.7,64.3,14.3,0.8,0.7,2.0,0.0,8.4,4.1,0.0,0.0,0.0,6.3,25.4,
2479753,11,979892,C. B. ISLA BONITA,HOME,1131087,B. Armengol Vall,B. Armengol Vall,1,32.6,1954.0,15.0,6.0,9.0,1.0,4.0,7.0,13.0,0.0,0.0,1.0,7.0,8.0,5.0,5.0,0.0,0.0,0.0,2.0,2.0,17.0,5.0,57.7,57.7,30.8,0.0,1.3,0.8,0.0,3.0,19.1,11.4,25.8,0.0,0.0,27.8,20.4,
2479753,11,979892,C. B. ISLA BONITA,HOME,1870487,T. Gonzalez Soto,T. Gonzalez Soto,1,20.6,1234.0,7.0,2.0,3.0,1.0,4.0,3.0,7.0,0.0,1.0,0.0,3.0,3.0,2.0,2.0,0.0,0.0,0.0,0.0,1.0,6.0,17.0,47.0,50.0,57.1,14.3,1.3,0.8,1.0,0.0,12.9,6.8,14.8,0.0,0.0,21.2,16.9,
2479753,11,979892,C. B. ISLA BONITA,HOME,1981139,S. Blanco Guitian,S. Blanco Guitian,0,12.0,718.0,0.0,0.0,0.0,0.0,3.0,0.0,3.0,0.0,0.0,0.0,2.0,2.0,0.0,2.0,1.0,0.0,0.0,1.0,1.0,-2.0,-9.0,0.0,0.0,100.0,0.0,0.0,0.0,0.0,0.0,14.8,7.8,0.0,3.8,0.0,40.0,15.4,
2479753,11,979892,C. B. ISLA BONITA,HOME,1853281,I. Bautista Villaverde,I. Bautista Villaverde,0,16.1,967.0,9.0,0.0,1.0,3.0,4.0,3.0,5.0,0.0,0.0,0.0,1.0,1.0,1.0,0.0,0.0,0.0,0.0,3.0,1.0,7.0,-1.0,90.0,90.0,80.0,0.0,0.0,2.2,0.0,0.0,5.5,2.9,9.8,0.0,0.0,0.0,11.5,
2479753,11,979892,C. B. ISLA BONITA,HOME,2816643,E. Motekaitytè,E. Motekaitytè,1,16.7,1002.0,7.0,3.0,7.0,0.0,1.0,3.0,8.0,1.0,1.0,2.0,4.0,6.0,1.0,3.0,0.0,0.0,1.0,3.0,3.0,6.0,2.0,41.5,37.5,12.5,12.5,0.9,0.0,0.3,11.7,21.3,16.7,9.8,0.0,0.0,26.2,25.3,
2479753,11,979892,C. B. ISLA BONITA,HOME,2171960,M. Colom Elosúa,M. Colom Elosúa,1,29.4,1766.0,6.0,1.0,6.0,1.0,3.0,2.0,9.0,1.0,2.0,1.0,4.0,5.0,8.0,2.0,4.0,0.0,0.0,4.0,1.0,10.0,-5.0,30.4,27.8,33.3,22.2,0.3,1.0,2.0,3.3,12.1,7.9,37.9,6.3,0.0,16.8,14.9,
2479753,11,979892,C. B. ISLA BONITA,HOME,2524874,M. Vulovic,M. Vulovic,1,26.7,1603.0,29.0,12.0,22.0,0.0,0.0,12.0,22.0,5.0,6.0,10.0,9.0,19.0,1.0,5.0,0.0,1.0,0.0,3.0,7.0,38.0,15.0,58.8,54.5,0.0,27.3,1.1,0.0,0.9,36.5,30.0,33.1,9.0,0.0,4.7,16.9,41.0,
2479753,11,979892,C. B. ISLA BONITA,HOME,1471341,M. Rosales Elejabeita,M. Rosales Elejabeita,0,24.0,1441.0,6.0,2.0,6.0,0.0,3.0,2.0,9.0,2.0,2.0,0.0,5.0,5.0,1.0,1.0,2.0,0.0,0.0,4.0,2.0,4.0,-13.0,30.4,22.2,33.3,22.2,0.7,0.0,1.0,0.0,18.5,9.7,5.6,3.8,0.0,9.2,16.7,
2479753,11,979892,C. B. ISLA BONITA,HOME,1372464,M. Carballo Diaz,M. Carballo Diaz,0,6.8,411.0,0.0,0.0,1.0,0.0,0.0,0.0,1.0,0.0,0.0,0.0,0.0,0.0,1.0,1.0,0.0,0.0,0.0,1.0,0.0,-2.0,-12.0,0.0,0.0,0.0,0.0,0.0,0.0,0.0,0.0,0.0,0.0,15.2,0.0,0.0,50.0,10.9,
2479753,11,979892,C. B. ISLA BONITA,HOME,2816642,N. Cunill Peña,N. Cunill Peña,0,12.1,725.0,2.0,1.0,1.0,0.0,0.0,1.0,1.0,0.0,0.0,5.0,1.0,6.0,0.0,4.0,0.0,0.0,0.0,0.0,0.0,4.0,-12.0,100.0,100.0,0.0,0.0,2.0,0.0,0.0,40.3,7.3,23.1,0.0,0.0,0.0,80.0,15.3,
2479753,11,979892,C. B. ISLA BONITA,HOME,2524609,A. Glomazic,A. Glomazic,0,3.0,179.0,0.0,0.0,0.0,0.0,0.0,0.0,0.0,0.0,0.0,0.0,1.0,1.0,0.0,0.0,0.0,0.0,0.0,0.0,0.0,1.0,-7.0,0.0,0.0,0.0,0.0,0.0,0.0,0.0,0.0,29.6,15.5,0.0,0.0,0.0,0.0,0.0,
2479753,11,981209,CB CLARET BENIMACLET,AWAY,1886112,S. Afonso Gonzalez,S. Afonso Gonzalez,1,32.9,1973.0,14.0,1.0,3.0,4.0,9.0,5.0,12.0,0.0,0.0,1.0,1.0,2.0,2.0,1.0,5.0,0.0,0.0,2.0,2.0,15.0,-6.0,58.3,58.3,75.0,0.0,0.7,1.3,0.0,2.7,3.0,2.8,11.5,6.8,0.0,7.7,16.7,
2479753,11,981209,CB CLARET BENIMACLET,AWAY,2209715,J. Sarrio Asensio,J. Sarrio Asensio,0,12.7,764.0,7.0,2.0,5.0,1.0,2.0,3.0,7.0,0.0,0.0,1.0,1.0,2.0,0.0,0.0,0.0,0.0,0.0,2.0,0.0,3.0,6.0,50.0,50.0,28.6,0.0,0.8,1.5,0.0,7.0,7.7,7.3,0.0,0.0,0.0,0.0,23.3,
2479753,11,981209,CB CLARET BENIMACLET,AWAY,1853228,J. Rochina Troncoso,J. Rochina Troncoso,1,31.1,1868.0,10.0,4.0,4.0,0.0,4.0,4.0,8.0,2.0,2.0,3.0,5.0,8.0,2.0,3.0,7.0,0.0,0.0,2.0,2.0,20.0,4.0,56.3,50.0,50.0,25.0,2.0,0.0,1.0,8.6,15.7,12.0,10.9,10.1,0.0,25.3,16.1,
2479753,11,981209,CB CLARET BENIMACLET,AWAY,1840053,P. Garcia Garcia,P. Garcia Garcia,1,20.4,1222.0,13.0,3.0,5.0,0.0,3.0,3.0,8.0,7.0,10.0,1.0,3.0,4.0,1.0,1.0,1.0,0.0,0.0,5.0,6.0,11.0,-9.0,52.4,37.5,37.5,125.0,1.2,0.0,1.7,4.4,14.3,9.1,9.1,2.2,0.0,7.5,27.8,
2479753,11,981209,CB CLARET BENIMACLET,AWAY,2281500,L. Liern Ruiz,L. Liern Ruiz,0,19.7,1180.0,3.0,0.0,1.0,1.0,4.0,1.0,5.0,0.0,0.0,0.0,1.0,1.0,1.0,1.0,3.0,1.0,0.0,1.0,1.0,4.0,18.0,30.0,30.0,80.0,0.0,0.0,0.8,0.0,0.0,5.0,2.4,7.7,6.8,3.6,16.7,12.9,
2479753,11,981209,CB CLARET BENIMACLET,AWAY,1506842,E. Cases Rey,E. Cases Rey,1,33.0,1983.0,23.0,2.0,9.0,4.0,12.0,6.0,21.0,7.0,8.0,0.0,4.0,4.0,4.0,1.0,1.0,0.0,0.0,3.0,8.0,20.0,-2.0,46.9,38.1,57.1,38.1,0.4,1.0,1.0,0.0,11.8,5.6,24.4,1.4,0.0,3.9,32.7,
2479753,11,981209,CB CLARET BENIMACLET,AWAY,1681307,E. Iranzo Gutierrez,E. Iranzo Gutierrez,0,4.7,283.0,0.0,0.0,0.0,0.0,2.0,0.0,2.0,0.0,0.0,0.0,1.0,1.0,1.0,0.0,0.0,0.0,0.0,0.0,0.0,0.0,4.0,0.0,0.0,100.0,0.0,0.0,0.0,0.0,0.0,20.8,9.9,35.7,0.0,0.0,0.0,18.0,
2479753,11,981209,CB CLARET BENIMACLET,AWAY,1994256,T. Toledo Navarro,T. Toledo Navarro,0,11.7,701.0,2.0,1.0,1.0,0.0,0.0,1.0,1.0,0.0,2.0,1.0,1.0,2.0,2.0,3.0,1.0,0.0,0.0,1.0,1.0,2.0,15.0,53.2,100.0,0.0,200.0,2.0,0.0,2.0,7.6,8.3,8.0,27.0,3.8,0.0,61.5,17.6,
2479753,11,981209,CB CLARET BENIMACLET,AWAY,1749591,I. Garrido Perez,I. Garrido Perez,1,27.8,1669.0,13.0,2.0,2.0,3.0,5.0,5.0,7.0,0.0,0.0,1.0,5.0,6.0,1.0,1.0,1.0,0.0,0.0,0.0,1.0,19.0,-8.0,92.9,92.9,71.4,0.0,2.0,1.8,0.0,3.2,17.5,10.0,6.8,1.6,0.0,12.5,12.2,
2479753,11,981209,CB CLARET BENIMACLET,AWAY,2345472,S. Osarenmwinda Anuge,S. Osarenmwinda Anuge,0,6.0,357.0,0.0,0.0,2.0,0.0,0.0,0.0,2.0,0.0,0.0,0.0,0.0,0.0,0.0,1.0,0.0,0.0,1.0,2.0,0.0,-5.0,-2.0,0.0,0.0,0.0,0.0,0.0,0.0,0.0,0.0,0.0,0.0,0.0,0.0,0.0,33.3,21.1,
2479754,11,979778,MAGEC TÍAS LANZAROTE CONTRA LA VIOLENCIA DE GÉNERO,HOME,2178381,E. Lozano Sosa,E. Lozano Sosa,0,21.2,1274.0,4.0,2.0,2.0,0.0,3.0,2.0,5.0,0.0,0.0,0.0,1.0,1.0,0.0,0.0,1.0,0.0,0.0,5.0,0.0,-2.0,12.0,40.0,40.0,60.0,0.0,2.0,0.0,0.0,0.0,3.5,2.1,0.0,2.4,0.0,0.0,10.8,
2479754,11,979778,MAGEC TÍAS LANZAROTE CONTRA LA VIOLENCIA DE GÉNERO,HOME,1100445,Y. Garcia Gonzalez,Y. Garcia Gonzalez,1,47.1,2827.0,25.0,8.0,16.0,0.0,1.0,8.0,17.0,9.0,15.0,5.0,17.0,22.0,2.0,6.0,1.0,0.0,0.0,1.0,11.0,39.0,6.0,53.0,47.1,5.9,88.2,1.0,0.0,1.4,12.6,26.5,21.2,13.8,1.1,0.0,20.3,28.8,
2479754,11,979778,MAGEC TÍAS LANZAROTE CONTRA LA VIOLENCIA DE GÉNERO,HOME,1450205,A. Rodriguez Guerra,A. Rodriguez Guerra,0,3.3,200.0,0.0,0.0,0.0,0.0,1.0,0.0,1.0,0.0,0.0,0.0,0.0,0.0,0.0,0.0,0.0,0.0,0.0,0.0,0.0,-1.0,-3.0,0.0,0.0,100.0,0.0,0.0,0.0,0.0,0.0,0.0,0.0,0.0,0.0,0.0,0.0,13.9,
2479754,11,979778,MAGEC TÍAS LANZAROTE CONTRA LA VIOLENCIA DE GÉNERO,HOME,1995747,S. Hisado Santos,S. Hisado Santos,1,37.6,2257.0,0.0,0.0,1.0,0.0,3.0,0.0,4.0,0.0,0.0,1.0,5.0,6.0,3.0,5.0,2.0,0.0,0.0,3.0,1.0,0.0,-1.0,0.0,0.0,75.0,0.0,0.0,0.0,0.0,3.2,9.8,7.3,15.0,2.7,0.0,55.6,11.0,
2479754,11,979778,MAGEC TÍAS LANZAROTE CONTRA LA VIOLENCIA DE GÉNERO,HOME,1695414,C. Mateo Cañada,C. Mateo Cañada,1,15.0,898.0,4.0,0.0,4.0,0.0,1.0,0.0,5.0,4.0,4.0,0.0,5.0,5.0,1.0,2.0,1.0,0.0,0.0,3.0,3.0,4.0,-8.0,29.6,0.0,20.0,80.0,0.0,0.0,1.3,0.0,24.5,15.2,13.3,3.3,0.0,22.8,26.8,
2479754,11,979778,MAGEC TÍAS LANZAROTE CONTRA LA VIOLENCIA DE GÉNERO,HOME,2824664,B. Snorradottir,B. Snorradottir,0,33.4,2006.0,15.0,2.0,2.0,0.0,0.0,2.0,2.0,11.0,16.0,1.0,4.0,5.0,2.0,0.0,0.0,1.0,0.0,4.0,8.0,22.0,5.0,83.0,100.0,0.0,800.0,2.0,0.0,2.0,3.6,8.8,6.8,12.9,0.0,2.1,0.0,12.4,
2479754,11,979778,MAGEC TÍAS LANZAROTE CONTRA LA VIOLENCIA DE GÉNERO,HOME,2524794,M. Marinho Junqueira,M. Marinho Junqueira,1,44.8,2685.0,23.0,3.0,9.0,3.0,8.0,6.0,17.0,8.0,11.0,0.0,7.0,7.0,5.0,3.0,1.0,0.0,0.0,4.0,5.0,20.0,14.0,52.7,44.1,47.1,64.7,0.7,1.1,2.2,0.0,11.5,7.1,30.3,1.1,0.0,12.1,25.4,
2479754,11,979778,MAGEC TÍAS LANZAROTE CONTRA LA VIOLENCIA DE GÉNERO,HOME,2379074,N. Zabala Gabilondo,N. Zabala Gabilondo,1,47.5,2853.0,20.0,4.0,12.0,3.0,5.0,7.0,17.0,3.0,4.0,4.0,3.0,7.0,2.0,3.0,0.0,0.0,0.0,3.0,4.0,16.0,0.0,53.3,50.0,29.4,23.5,0.7,1.8,1.0,10.0,4.6,6.7,12.9,0.0,0.0,13.8,21.0,
2479754,11,980023,GEIEG PACISA,AWAY,1949920,J. Pairo Urtos,J. Pairo Urtos,0,23.6,1413.0,11.0,1.0,3.0,2.0,4.0,3.0,7.0,3.0,7.0,2.0,3.0,5.0,1.0,1.0,1.0,0.0,0.0,4.0,4.0,9.0,5.0,54.6,57.1,57.1,100.0,0.7,1.5,1.8,6.2,15.1,9.6,7.7,2.2,0.0,9.0,18.6,
2479754,11,980023,GEIEG PACISA,AWAY,1917788,M. Carbo Cachinero,M. Carbo Cachinero,0,19.5,1172.0,4.0,1.0,8.0,0.0,2.0,1.0,10.0,2.0,2.0,0.0,2.0,2.0,1.0,2.0,1.0,0.0,0.0,4.0,1.0,-6.0,-6.0,18.4,10.0,20.0,20.0,0.2,0.0,2.0,0.0,12.2,4.7,8.5,2.6,0.0,15.5,26.2,
2479754,11,980023,GEIEG PACISA,AWAY,1944150,M. Melero Bravo,M. Melero Bravo,1,33.6,2015.0,14.0,5.0,8.0,1.0,3.0,6.0,11.0,1.0,2.0,2.0,4.0,6.0,5.0,6.0,5.0,0.0,0.0,5.0,7.0,20.0,-4.0,58.9,59.1,27.3,18.2,1.2,1.0,0.3,4.4,14.2,8.1,30.5,7.6,0.0,33.6,21.1,
2479754,11,980023,GEIEG PACISA,AWAY,1748049,N. Bagaria Rovira,N. Bagaria Rovira,0,28.6,1713.0,13.0,0.0,2.0,4.0,7.0,4.0,9.0,1.0,2.0,2.0,2.0,4.0,0.0,0.0,2.0,0.0,0.0,0.0,3.0,16.0,-8.0,65.8,66.7,77.8,22.2,0.0,1.7,0.7,5.1,8.3,6.4,0.0,3.6,0.0,0.0,13.7,
2479754,11,980023,GEIEG PACISA,AWAY,1667386,C. Morente Lopez,C. Morente Lopez,1,20.0,1201.0,3.0,0.0,1.0,1.0,6.0,1.0,7.0,0.0,0.0,1.0,2.0,3.0,2.0,0.0,0.0,0.0,0.0,3.0,0.0,-1.0,11.0,21.4,21.4,85.7,0.0,0.0,0.5,0.0,3.7,11.9,6.8,16.9,0.0,0.0,0.0,13.9,
2479754,11,980023,GEIEG PACISA,AWAY,1567998,V. Gonzalez Olaizola,V. Gonzalez Olaizola,0,17.1,1029.0,1.0,0.0,3.0,0.0,0.0,0.0,3.0,1.0,2.0,2.0,6.0,8.0,2.0,2.0,1.0,0.0,0.0,5.0,1.0,2.0,-3.0,12.9,0.0,0.0,66.7,0.0,0.0,2.0,8.6,41.8,21.3,20.8,3.0,0.0,34.0,13.6,
2479754,11,980023,GEIEG PACISA,AWAY,1666109,A. Coma Perpiña,A. Coma Perpiña,1,35.7,2142.0,14.0,4.0,12.0,1.0,4.0,5.0,16.0,3.0,6.0,3.0,3.0,6.0,5.0,4.0,3.0,0.0,0.0,5.0,5.0,10.0,-13.0,37.6,34.4,25.0,37.5,0.7,0.8,1.2,6.2,10.0,7.6,28.7,4.3,0.0,17.7,25.2,
2479754,11,980023,GEIEG PACISA,AWAY,1926754,J. Fernandez Pinsach,J. Fernandez Pinsach,1,29.7,1781.0,12.0,5.0,16.0,0.0,0.0,5.0,16.0,2.0,4.0,8.0,6.0,14.0,0.0,1.0,0.0,0.0,1.0,5.0,2.0,9.0,-5.0,33.8,31.2,0.0,25.0,0.6,0.0,2.0,19.8,24.1,21.4,0.0,0.0,0.0,5.3,25.1,
2479754,11,980023,GEIEG PACISA,AWAY,2239082,N. Mitjanas Costa,N. Mitjanas Costa,1,42.2,2534.0,14.0,7.0,17.0,0.0,2.0,7.0,19.0,0.0,0.0,6.0,3.0,9.0,1.0,1.0,3.0,0.0,0.0,2.0,0.0,12.0,-2.0,36.8,36.8,10.5,0.0,0.8,0.0,0.0,10.5,8.5,9.7,5.4,3.6,0.0,5.0,18.8,
2479755,11,981229,SPAR GRAN CANARIA,HOME,2203305,L. Perez Castro,L. Perez Castro,1,31.0,1859.0,9.0,3.0,8.0,1.0,5.0,4.0,13.0,0.0,0.0,0.0,6.0,6.0,0.0,1.0,1.0,0.0,1.0,2.0,1.0,5.0,-13.0,34.6,34.6,38.5,0.0,0.8,0.6,0.0,0.0,20.4,10.8,0.0,1.6,0.0,7.1,20.4,
2479755,11,981229,SPAR GRAN CANARIA,HOME,2288451,A. Hernandez Martinez,A. Hernandez Martinez,1,16.2,972.0,3.0,0.0,0.0,1.0,5.0,1.0,5.0,0.0,0.0,0.0,1.0,1.0,1.0,0.0,0.0,1.0,0.0,5.0,0.0,-3.0,-5.0,30.0,30.0,100.0,0.0,0.0,0.6,0.0,0.0,6.5,3.4,10.6,0.0,5.9,0.0,14.0,
2479755,11,981229,SPAR GRAN CANARIA,HOME,2230179,A. Garcia San Blas,A. Garcia San Blas,0,3.5,213.0,0.0,0.0,0.0,0.0,2.0,0.0,2.0,0.0,0.0,0.0,1.0,1.0,0.0,1.0,1.0,0.0,0.0,1.0,0.0,-2.0,-9.0,0.0,0.0,100.0,0.0,0.0,0.0,0.0,0.0,30.1,15.9,0.0,14.4,0.0,33.3,38.7,
2479755,11,981229,SPAR GRAN CANARIA,HOME,2340893,S. Redondo De Santa Ana,S. Redondo De Santa Ana,0,1.1,66.0,0.0,0.0,0.0,0.0,0.0,0.0,0.0,0.0,0.0,0.0,0.0,0.0,0.0,0.0,0.0,0.0,0.0,0.0,0.0,0.0,0.0,0.0,0.0,0.0,0.0,0.0,0.0,0.0,0.0,0.0,0.0,0.0,0.0,0.0,0.0,0.0,
2479755,11,981229,SPAR GRAN CANARIA,HOME,2494285,A. Mbengue Sánchez,A. Mbengue Sánchez,1,27.4,1642.0,16.0,7.0,11.0,0.0,0.0,7.0,11.0,2.0,2.0,4.0,1.0,5.0,0.0,3.0,0.0,0.0,1.0,2.0,2.0,14.0,-11.0,67.3,63.6,0.0,18.2,1.3,0.0,1.0,17.2,3.8,10.1,0.0,0.0,0.0,20.2,24.6,
2479755,11,981229,SPAR GRAN CANARIA,HOME,2251955,M. Ocurto Mendes,M. Ocurto Mendes,0,30.5,1830.0,2.0,0.0,5.0,0.0,4.0,0.0,9.0,2.0,2.0,0.0,0.0,0.0,3.0,1.0,0.0,0.0,0.0,2.0,3.0,-4.0,-9.0,10.1,0.0,44.4,22.2,0.0,0.0,0.7,0.0,0.0,0.0,14.4,0.0,0.0,9.2,16.1,
2479755,11,981229,SPAR GRAN CANARIA,HOME,2292843,M. Rodríguez Sánchez,M. Rodríguez Sánchez,0,22.3,1338.0,0.0,0.0,0.0,0.0,1.0,0.0,1.0,0.0,0.0,1.0,0.0,1.0,0.0,1.0,1.0,0.0,0.0,3.0,0.0,-3.0,-4.0,0.0,0.0,100.0,0.0,0.0,0.0,0.0,5.3,0.0,2.5,0.0,2.3,0.0,50.0,4.1,
2479755,11,981229,SPAR GRAN CANARIA,HOME,2352279,T. Ezeanatogu Ezeonu,T. Ezeanatogu Ezeonu,1,35.3,2117.0,19.0,6.0,9.0,0.0,0.0,6.0,9.0,7.0,10.0,1.0,6.0,7.0,8.0,5.0,4.0,4.0,0.0,2.0,7.0,36.0,-6.0,70.9,66.7,0.0,111.1,1.3,0.0,1.4,3.3,17.9,11.0,46.0,5.7,10.8,27.2,23.6,
2479755,11,981229,SPAR GRAN CANARIA,HOME,2643570,L. Toure,L. Toure,1,32.7,1963.0,19.0,8.0,18.0,0.0,0.0,8.0,18.0,3.0,3.0,4.0,6.0,10.0,2.0,1.0,0.0,0.0,0.0,4.0,2.0,18.0,-13.0,49.2,44.4,0.0,16.7,0.9,0.0,1.5,14.4,19.3,17.0,15.6,0.0,0.0,4.9,28.1,
2479755,11,981286,ESCO GRUPO FEMENINO ALCORCON,AWAY,2095287,G. Escorial Ferrero,G. Escorial Ferrero,0,15.8,945.0,3.0,0.0,1.0,0.0,0.0,0.0,1.0,3.0,4.0,1.0,6.0,7.0,2.0,2.0,1.0,1.0,0.0,3.0,2.0,9.0,15.0,54.3,0.0,0.0,400.0,0.0,0.0,2.0,6.7,44.7,24.6,17.9,3.2,5.0,42.0,12.5,
2479755,11,981286,ESCO GRUPO FEMENINO ALCORCON,AWAY,2162538,C. Del Amo Sevillano,C. Del Amo Sevillano,1,20.9,1251.0,18.0,7.0,16.0,0.0,2.0,7.0,18.0,4.0,8.0,4.0,1.0,5.0,1.0,0.0,5.0,0.0,3.0,3.0,5.0,16.0,7.0,41.8,38.9,11.1,44.4,0.9,0.0,1.6,20.1,5.6,13.3,14.3,12.2,0.0,0.0,42.8,
2479755,11,981286,ESCO GRUPO FEMENINO ALCORCON,AWAY,2182200,L. Bernardo Perez,L. Bernardo Perez,0,17.9,1076.0,6.0,2.0,3.0,0.0,2.0,2.0,5.0,2.0,2.0,0.0,4.0,4.0,3.0,2.0,0.0,0.0,0.0,0.0,2.0,10.0,-4.0,51.0,40.0,40.0,40.0,1.3,0.0,1.0,0.0,26.3,12.4,32.6,0.0,0.0,25.4,18.3,
2479755,11,981286,ESCO GRUPO FEMENINO ALCORCON,AWAY,2012796,M. Blanco Eusebio,M. Blanco Eusebio,1,27.0,1622.0,9.0,1.0,1.0,2.0,5.0,3.0,6.0,1.0,2.0,0.0,4.0,4.0,4.0,1.0,1.0,0.0,0.0,1.0,2.0,14.0,18.0,65.4,66.7,83.3,33.3,2.0,1.2,1.0,0.0,17.4,8.2,24.1,1.9,0.0,12.7,12.1,
2479755,11,981286,ESCO GRUPO FEMENINO ALCORCON,AWAY,1535457,M. Aranda Fraile,M. Aranda Fraile,1,19.3,1160.0,9.0,0.0,1.0,3.0,6.0,3.0,7.0,0.0,0.0,1.0,0.0,1.0,4.0,2.0,0.0,0.0,0.0,1.0,1.0,8.0,5.0,64.3,64.3,85.7,0.0,0.0,1.5,0.0,5.5,0.0,2.9,36.4,0.0,0.0,22.2,19.4,
2479755,11,981286,ESCO GRUPO FEMENINO ALCORCON,AWAY,2822982,Y. Sifaoui Bucero,Y. Sifaoui Bucero,1,16.2,974.0,4.0,2.0,3.0,0.0,0.0,2.0,3.0,0.0,0.0,4.0,1.0,5.0,2.0,2.0,0.0,0.0,0.0,1.0,0.0,7.0,-12.0,66.7,66.7,0.0,0.0,1.3,0.0,0.0,26.0,7.3,17.1,21.7,0.0,0.0,40.0,12.8,
2479755,11,981286,ESCO GRUPO FEMENINO ALCORCON,AWAY,2128123,N. Ipo Seriche-Dougan,N. Ipo Seriche-Dougan,1,24.9,1495.0,9.0,2.0,5.0,0.0,1.0,2.0,6.0,5.0,8.0,1.0,4.0,5.0,1.0,1.0,2.0,0.0,0.0,2.0,5.0,12.0,20.0,47.3,33.3,16.7,133.3,0.8,0.0,1.6,4.2,18.9,11.2,6.8,4.1,0.0,9.5,17.5,
2479755,11,981286,ESCO GRUPO FEMENINO ALCORCON,AWAY,2164976,A. Martínez Mora,A. Martínez Mora,0,17.9,1077.0,1.0,0.0,0.0,0.0,1.0,0.0,1.0,1.0,2.0,0.0,0.0,0.0,4.0,3.0,0.0,0.0,0.0,2.0,2.0,0.0,-3.0,26.6,0.0,100.0,200.0,0.0,0.0,1.0,0.0,0.0,0.0,35.7,0.0,0.0,61.5,11.3,
2479755,11,981286,ESCO GRUPO FEMENINO ALCORCON,AWAY,1869823,D. Miliauskaite,D. Miliauskaite,0,23.8,1426.0,20.0,5.0,12.0,3.0,4.0,8.0,16.0,1.0,2.0,4.0,4.0,8.0,0.0,0.0,0.0,1.0,2.0,0.0,2.0,22.0,26.0,59.2,59.4,25.0,12.5,0.8,2.2,1.0,17.7,19.8,18.7,0.0,0.0,3.3,0.0,29.5,
2479755,11,981286,ESCO GRUPO FEMENINO ALCORCON,AWAY,2176383,I. Camiña Rodriguez,I. Camiña Rodriguez,0,16.2,974.0,3.0,0.0,0.0,1.0,8.0,1.0,8.0,0.0,0.0,2.0,0.0,2.0,1.0,0.0,0.0,0.0,0.0,2.0,0.0,-3.0,-2.0,18.8,18.8,100.0,0.0,0.0,0.4,0.0,13.0,0.0,6.9,9.8,0.0,0.0,0.0,20.5,
2479756,11,981304,DISHELEC 65 VILADECANS,HOME,2050407,L. Sanchez Garcia,L. Sanchez Garcia,1,27.1,1625.0,7.0,1.0,4.0,1.0,1.0,2.0,5.0,2.0,2.0,1.0,4.0,5.0,2.0,1.0,1.0,1.0,0.0,3.0,1.0,10.0,-3.0,59.5,50.0,20.0,40.0,0.5,3.0,2.0,3.8,17.9,10.3,16.7,2.0,4.0,14.5,12.4,
2479756,11,981304,DISHELEC 65 VILADECANS,HOME,1910113,L. Anducas Rodon,L. Anducas Rodon,0,14.2,851.0,4.0,1.0,4.0,0.0,2.0,1.0,6.0,2.0,2.0,0.0,2.0,2.0,0.0,2.0,0.0,0.0,0.0,1.0,2.0,0.0,-18.0,29.1,16.7,33.3,33.3,0.5,0.0,1.0,0.0,17.1,7.8,0.0,0.0,0.0,22.5,30.6,
2479756,11,981304,DISHELEC 65 VILADECANS,HOME,1727776,P. Curto Garcia,P. Curto Garcia,1,28.0,1678.0,10.0,0.0,4.0,3.0,7.0,3.0,11.0,1.0,2.0,2.0,1.0,3.0,1.0,0.0,1.0,0.0,0.0,1.0,4.0,9.0,-18.0,42.1,40.9,63.6,18.2,0.0,1.3,0.5,7.3,4.3,6.0,9.1,1.9,0.0,0.0,20.8,
2479756,11,981304,DISHELEC 65 VILADECANS,HOME,1398200,J. Turrion Aranda,J. Turrion Aranda,0,26.0,1558.0,7.0,2.0,3.0,1.0,8.0,3.0,11.0,0.0,0.0,1.0,5.0,6.0,3.0,1.0,2.0,0.0,0.0,1.0,5.0,13.0,-18.0,31.8,31.8,72.7,0.0,1.3,0.4,0.0,3.9,23.3,12.8,27.3,4.1,0.0,8.3,22.6,
2479756,11,981304,DISHELEC 65 VILADECANS,HOME,2056456,N. Soler Ramos,N. Soler Ramos,0,3.4,205.0,0.0,0.0,0.0,0.0,1.0,0.0,1.0,0.0,0.0,0.0,0.0,0.0,0.0,1.0,0.0,0.0,0.0,1.0,0.0,-3.0,-3.0,0.0,0.0,100.0,0.0,0.0,0.0,0.0,0.0,0.0,0.0,0.0,0.0,0.0,50.0,28.8,
2479756,11,981304,DISHELEC 65 VILADECANS,HOME,2322360,A. Torne Labarta,A. Torne Labarta,1,23.5,1412.0,12.0,6.0,9.0,0.0,1.0,6.0,10.0,0.0,0.0,3.0,4.0,7.0,2.0,4.0,0.0,0.0,0.0,4.0,1.0,10.0,-10.0,60.0,60.0,10.0,0.0,1.3,0.0,0.0,13.1,20.6,16.5,33.3,0.0,0.0,28.6,29.2,
2479756,11,981304,DISHELEC 65 VILADECANS,HOME,2082380,J. Torreño Jimenez,J. Torreño Jimenez,0,2.8,168.0,0.0,0.0,0.0,0.0,0.0,0.0,0.0,0.0,0.0,0.0,2.0,2.0,0.0,0.0,0.0,0.0,0.0,0.0,1.0,3.0,-7.0,0.0,0.0,0.0,0.0,0.0,0.0,0.0,0.0,86.6,39.7,0.0,0.0,0.0,0.0,0.0,
2479756,11,981304,DISHELEC 65 VILADECANS,HOME,2146979,N. Sanchez Marques,N. Sanchez Marques,0,23.8,1428.0,14.0,2.0,5.0,1.0,1.0,3.0,6.0,7.0,7.0,0.0,2.0,2.0,0.0,2.0,2.0,0.0,0.0,5.0,4.0,12.0,7.0,77.1,58.3,16.7,116.7,0.8,3.0,1.8,0.0,10.2,4.7,0.0,4.5,0.0,18.1,22.8,
2479756,11,981304,DISHELEC 65 VILADECANS,HOME,1956668,M. Ribera Sanuy,M. Ribera Sanuy,1,26.8,1610.0,4.0,2.0,5.0,0.0,1.0,2.0,6.0,0.0,0.0,2.0,2.0,4.0,0.0,4.0,1.0,0.0,0.0,3.0,1.0,-1.0,-4.0,33.3,33.3,16.7,0.0,0.8,0.0,0.0,7.7,9.0,8.3,0.0,2.0,0.0,40.0,18.3,
2479756,11,981304,DISHELEC 65 VILADECANS,HOME,1663009,Q. Ubia Llunell,Q. Ubia Llunell,1,23.8,1428.0,0.0,0.0,2.0,0.0,3.0,0.0,5.0,0.0,0.0,0.0,0.0,0.0,4.0,0.0,0.0,0.0,1.0,2.0,1.0,-2.0,-6.0,0.0,0.0,60.0,0.0,0.0,0.0,0.0,0.0,0.0,0.0,33.3,0.0,0.0,0.0,10.3,
2479756,11,981304,DISHELEC 65 VILADECANS,HOME,2189878,M. Fernandez Galan,M. Fernandez Galan,0,0.6,37.0,0.0,0.0,0.0,0.0,0.0,0.0,0.0,0.0,0.0,0.0,0.0,0.0,0.0,0.0,0.0,0.0,0.0,0.0,0.0,0.0,-5.0,0.0,0.0,0.0,0.0,0.0,0.0,0.0,0.0,0.0,0.0,0.0,0.0,0.0,0.0,0.0,
2479756,11,981335,CESUR DISTRITO OLIMPICO,AWAY,2286837,B. Arranz Albero,B. Arranz Albero,0,19.3,1157.0,14.0,1.0,2.0,4.0,7.0,5.0,9.0,0.0,1.0,0.0,1.0,1.0,1.0,0.0,1.0,0.0,0.0,3.0,3.0,12.0,9.0,74.2,77.8,77.8,11.1,1.0,1.7,0.3,0.0,5.3,2.9,11.8,2.9,0.0,0.0,22.9,
2479756,11,981335,CESUR DISTRITO OLIMPICO,AWAY,1811220,S. Francisco Abos,S. Francisco Abos,1,21.0,1259.0,8.0,1.0,5.0,2.0,5.0,3.0,10.0,0.0,0.0,1.0,4.0,5.0,1.0,2.0,1.0,0.0,0.0,2.0,1.0,5.0,11.0,40.0,40.0,50.0,0.0,0.4,1.2,0.0,5.8,19.5,13.2,9.5,2.6,0.0,16.7,26.8,
2479756,11,981335,CESUR DISTRITO OLIMPICO,AWAY,2031383,A. Picos Porras,A. Picos Porras,1,30.9,1855.0,12.0,3.0,7.0,0.0,1.0,3.0,8.0,6.0,6.0,2.0,4.0,6.0,3.0,2.0,0.0,0.0,1.0,2.0,3.0,15.0,7.0,56.4,37.5,12.5,75.0,0.9,0.0,2.0,7.8,13.3,10.8,16.1,0.0,0.0,15.8,19.2,
2479756,11,981335,CESUR DISTRITO OLIMPICO,AWAY,1871488,M. Gomez Hernandez,M. Gomez Hernandez,1,22.7,1364.0,12.0,0.0,2.0,4.0,7.0,4.0,9.0,0.0,2.0,1.0,2.0,3.0,2.0,2.0,2.0,0.0,0.0,3.0,4.0,11.0,21.0,60.7,66.7,77.8,22.2,0.0,1.7,0.5,5.3,9.0,7.3,16.4,4.8,0.0,16.8,24.5,
2479756,11,981335,CESUR DISTRITO OLIMPICO,AWAY,2404419,P. Alonso-Basurto Cumplido,P. Alonso-Basurto Cumplido,0,14.7,884.0,2.0,1.0,3.0,0.0,0.0,1.0,3.0,0.0,0.0,1.0,3.0,4.0,1.0,2.0,0.0,0.0,0.0,2.0,0.0,1.0,-7.0,33.3,33.3,0.0,0.0,0.7,0.0,0.0,8.2,20.9,15.1,10.2,0.0,0.0,40.0,15.9,
2479756,11,981335,CESUR DISTRITO OLIMPICO,AWAY,2035834,M. Martinez Majan,M. Martinez Majan,0,7.1,428.0,2.0,1.0,2.0,0.0,0.0,1.0,2.0,0.0,0.0,0.0,2.0,2.0,0.0,2.0,0.0,0.0,0.0,2.0,1.0,0.0,1.0,50.0,50.0,0.0,0.0,1.0,0.0,0.0,0.0,28.9,15.6,0.0,0.0,0.0,50.0,26.4,
2479756,11,981335,CESUR DISTRITO OLIMPICO,AWAY,1832824,C. Leal Flores,C. Leal Flores,0,19.9,1193.0,4.0,1.0,3.0,0.0,1.0,1.0,4.0,2.0,4.0,1.0,2.0,3.0,2.0,0.0,0.0,0.0,0.0,1.0,2.0,5.0,8.0,34.7,25.0,25.0,100.0,0.7,0.0,2.0,6.1,10.3,8.4,16.0,0.0,0.0,0.0,13.6,
2479756,11,981335,CESUR DISTRITO OLIMPICO,AWAY,1562695,A. González Ramírez,A. González Ramírez,1,24.5,1468.0,8.0,4.0,4.0,0.0,0.0,4.0,4.0,0.0,0.0,0.0,5.0,5.0,1.0,2.0,0.0,1.0,0.0,2.0,2.0,13.0,7.0,100.0,100.0,0.0,0.0,2.0,0.0,0.0,0.0,20.9,11.3,8.2,0.0,4.5,33.3,11.5,
2479756,11,981335,CESUR DISTRITO OLIMPICO,AWAY,2160293,V. Lopez Riaño,V. Lopez Riaño,1,30.7,1840.0,13.0,5.0,8.0,0.0,0.0,5.0,8.0,3.0,6.0,5.0,6.0,11.0,1.0,4.0,2.0,0.0,0.0,3.0,4.0,18.0,29.0,61.1,62.5,0.0,75.0,1.2,0.0,1.5,19.7,20.0,19.9,6.0,3.6,0.0,27.3,22.3,
2479756,11,981335,CESUR DISTRITO OLIMPICO,AWAY,1677519,R. Flores Aguado,R. Flores Aguado,0,9.2,551.0,0.0,0.0,1.0,0.0,1.0,0.0,2.0,0.0,0.0,0.0,1.0,1.0,0.0,2.0,1.0,0.0,0.0,0.0,0.0,-2.0,-1.0,0.0,0.0,50.0,0.0,0.0,0.0,0.0,0.0,11.1,6.0,0.0,6.0,0.0,50.0,20.4,
2479757,11,982048,EL PLANTEL GMASB,HOME,2819272,D. Ryzinska,D. Ryzinska,1,16.6,995.0,0.0,0.0,1.0,0.0,1.0,0.0,2.0,0.0,0.0,0.0,4.0,4.0,0.0,1.0,0.0,0.0,0.0,3.0,0.0,-2.0,-13.0,0.0,0.0,50.0,0.0,0.0,0.0,0.0,0.0,29.2,16.1,0.0,0.0,0.0,33.3,8.6,
2479757,11,982048,EL PLANTEL GMASB,HOME,2124275,C. Villanueva Lazaro,C. Villanueva Lazaro,0,23.3,1396.0,7.0,1.0,3.0,1.0,2.0,2.0,5.0,2.0,4.0,0.0,3.0,3.0,0.0,3.0,3.0,0.0,1.0,4.0,5.0,6.0,-2.0,51.8,50.0,40.0,80.0,0.7,1.5,0.8,0.0,15.6,8.6,0.0,6.7,0.0,30.7,19.8,
2479757,11,982048,EL PLANTEL GMASB,HOME,1974272,R. Revueltas Pareja,R. Revueltas Pareja,1,15.7,939.0,4.0,1.0,1.0,0.0,1.0,1.0,2.0,2.0,4.0,1.0,4.0,5.0,0.0,3.0,0.0,0.0,0.0,0.0,3.0,6.0,-15.0,53.2,50.0,50.0,200.0,2.0,0.0,1.3,9.4,30.9,21.2,0.0,0.0,0.0,44.4,20.4,
2479757,11,982048,EL PLANTEL GMASB,HOME,2819274,O. Schlegl,O. Schlegl,0,8.2,494.0,0.0,0.0,1.0,0.0,2.0,0.0,3.0,0.0,0.0,1.0,1.0,2.0,0.0,2.0,1.0,0.0,0.0,1.0,0.0,-3.0,3.0,0.0,0.0,66.7,0.0,0.0,0.0,0.0,18.1,14.8,16.3,0.0,6.3,0.0,40.0,28.9,
2479757,11,982048,EL PLANTEL GMASB,HOME,2232865,M. Sanchez Valenzuela,M. Sanchez Valenzuela,1,31.6,1897.0,14.0,2.0,4.0,3.0,3.0,5.0,7.0,1.0,2.0,1.0,2.0,3.0,0.0,1.0,0.0,0.0,1.0,3.0,1.0,11.0,-4.0,88.8,92.9,42.9,28.6,1.0,3.0,2.0,4.7,7.7,6.3,0.0,0.0,0.0,11.3,13.3,
2479757,11,982048,EL PLANTEL GMASB,HOME,1111828,L. Fernandez Fiel,L. Fernandez Fiel,0,20.5,1231.0,6.0,0.0,0.0,1.0,2.0,1.0,2.0,3.0,4.0,0.0,1.0,1.0,4.0,2.0,0.0,0.0,0.0,3.0,5.0,9.0,3.0,79.8,75.0,100.0,200.0,0.0,1.5,0.8,0.0,5.9,3.3,44.4,0.0,0.0,34.7,13.3,
2479757,11,982048,EL PLANTEL GMASB,HOME,2112760,M. Diaz Torres,M. Diaz Torres,0,2.4,144.0,0.0,0.0,1.0,0.0,0.0,0.0,1.0,0.0,0.0,1.0,0.0,1.0,0.0,0.0,0.0,0.0,0.0,0.0,0.0,0.0,-1.0,0.0,0.0,0.0,0.0,0.0,0.0,0.0,61.7,0.0,27.8,0.0,0.0,0.0,0.0,19.7,
2479757,11,982048,EL PLANTEL GMASB,HOME,1080472,P. Benet Edo,P. Benet Edo,1,28.9,1737.0,15.0,2.0,6.0,2.0,6.0,4.0,12.0,5.0,6.0,1.0,2.0,3.0,3.0,5.0,1.0,0.0,1.0,3.0,6.0,11.0,-7.0,51.2,41.7,50.0,50.0,0.7,1.0,1.0,5.1,8.4,6.9,30.0,1.8,0.0,25.5,32.2,
2479757,11,982048,EL PLANTEL GMASB,HOME,2202075,M. Garcia Garrido,M. Garcia Garrido,0,18.8,1125.0,2.0,1.0,3.0,0.0,0.0,1.0,3.0,0.0,1.0,1.0,3.0,4.0,2.0,3.0,0.0,0.0,0.0,1.0,1.0,2.0,5.0,29.1,33.3,0.0,33.3,0.7,0.0,1.0,7.9,19.3,14.2,22.2,0.0,0.0,46.6,16.2,
2479757,11,982048,EL PLANTEL GMASB,HOME,2364455,T. Sene,T. Sene,0,4.2,253.0,0.0,0.0,2.0,0.0,0.0,0.0,2.0,0.0,0.0,0.0,0.0,0.0,0.0,0.0,1.0,0.0,0.0,0.0,0.0,-1.0,7.0,0.0,0.0,0.0,0.0,0.0,0.0,0.0,0.0,0.0,0.0,0.0,12.4,0.0,0.0,22.6,
2479757,11,982048,EL PLANTEL GMASB,HOME,2746773,O. Betancourt Labrador,O. Betancourt Labrador,1,29.8,1789.0,15.0,6.0,11.0,0.0,0.0,6.0,11.0,3.0,5.0,2.0,2.0,4.0,0.0,3.0,2.0,1.0,0.0,3.0,3.0,12.0,-11.0,56.8,54.5,0.0,45.5,1.1,0.0,1.7,9.9,8.1,8.9,0.0,3.5,3.9,18.5,25.8,
2479757,11,981227,DPES CB CIUDAD DE MOSTOLES,AWAY,2040603,P. Gonzalez Gonzalez,P. Gonzalez Gonzalez,0,13.0,778.0,5.0,1.0,3.0,1.0,3.0,2.0,6.0,0.0,1.0,0.0,0.0,0.0,1.0,4.0,0.0,0.0,0.0,3.0,1.0,-5.0,-4.0,38.8,41.7,50.0,16.7,0.7,1.0,1.0,0.0,0.0,0.0,20.4,0.0,0.0,38.3,36.5,
2479757,11,981227,DPES CB CIUDAD DE MOSTOLES,AWAY,2162836,D. Vaquero Martinez,D. Vaquero Martinez,0,14.0,838.0,10.0,2.0,5.0,0.0,0.0,2.0,5.0,6.0,7.0,0.0,2.0,2.0,0.0,1.0,3.0,0.0,0.0,3.0,5.0,12.0,-2.0,61.9,40.0,0.0,140.0,0.8,0.0,1.4,0.0,21.2,9.5,0.0,11.2,0.0,11.0,29.5,
2479757,11,981227,DPES CB CIUDAD DE MOSTOLES,AWAY,1178705,A. Peredo Lopez,A. Peredo Lopez,1,25.0,1500.0,11.0,1.0,4.0,3.0,9.0,4.0,13.0,0.0,0.0,2.0,2.0,4.0,0.0,1.0,3.0,0.0,0.0,0.0,0.0,8.0,11.0,42.3,42.3,69.2,0.0,0.5,1.0,0.0,9.7,11.9,10.7,0.0,6.3,0.0,7.1,25.5,
2479757,11,981227,DPES CB CIUDAD DE MOSTOLES,AWAY,1222687,B. Moreno Hurtado,B. Moreno Hurtado,0,7.9,473.0,2.0,0.0,0.0,0.0,0.0,0.0,0.0,2.0,2.0,0.0,1.0,1.0,1.0,1.0,0.0,0.0,0.0,1.0,1.0,3.0,-13.0,113.6,0.0,0.0,0.0,0.0,0.0,2.0,0.0,18.8,8.4,21.7,0.0,0.0,53.2,10.8,
2479757,11,981227,DPES CB CIUDAD DE MOSTOLES,AWAY,1819108,N. Gomez Cobo,N. Gomez Cobo,0,15.0,900.0,2.0,1.0,2.0,0.0,0.0,1.0,2.0,0.0,0.0,1.0,1.0,2.0,0.0,2.0,0.0,0.0,0.0,2.0,0.0,-1.0,-4.0,50.0,50.0,0.0,0.0,1.0,0.0,0.0,8.1,9.9,8.9,0.0,0.0,0.0,50.0,12.1,
2479757,11,981227,DPES CB CIUDAD DE MOSTOLES,AWAY,2035086,M. Gamez Martinez,M. Gamez Martinez,0,7.8,465.0,0.0,0.0,1.0,0.0,1.0,0.0,2.0,0.0,0.0,0.0,1.0,1.0,0.0,0.0,0.0,0.0,0.0,3.0,2.0,-2.0,-5.0,0.0,0.0,50.0,0.0,0.0,0.0,0.0,0.0,19.0,8.5,0.0,0.0,0.0,0.0,11.7,
2479757,11,981227,DPES CB CIUDAD DE MOSTOLES,AWAY,1589173,M. Correa Villalona,M. Correa Villalona,1,25.8,1547.0,2.0,1.0,2.0,0.0,2.0,1.0,4.0,0.0,0.0,0.0,2.0,2.0,2.0,3.0,0.0,1.0,1.0,3.0,4.0,2.0,4.0,25.0,25.0,50.0,0.0,1.0,0.0,0.0,0.0,11.5,5.2,15.6,0.0,4.7,42.9,12.3,
2479757,11,981227,DPES CB CIUDAD DE MOSTOLES,AWAY,1434653,B. Martinez Sanz,B. Martinez Sanz,1,36.3,2176.0,10.0,3.0,7.0,1.0,5.0,4.0,12.0,1.0,2.0,3.0,3.0,6.0,2.0,4.0,3.0,0.0,0.0,3.0,2.0,7.0,7.0,38.8,37.5,41.7,16.7,0.9,0.6,1.0,10.0,12.2,11.0,12.0,4.3,0.0,23.7,21.2,
2479757,11,981227,DPES CB CIUDAD DE MOSTOLES,AWAY,1740994,B. Rodríguez Bazaga,B. Rodríguez Bazaga,1,23.3,1396.0,16.0,1.0,2.0,4.0,7.0,5.0,9.0,2.0,2.0,0.0,2.0,2.0,3.0,1.0,2.0,0.0,0.0,3.0,1.0,16.0,21.0,81.0,77.8,77.8,22.2,1.0,1.7,2.0,0.0,12.7,5.7,34.1,4.5,0.0,9.2,21.2,
2479757,11,981227,DPES CB CIUDAD DE MOSTOLES,AWAY,2404223,E. Abubakar Arrey,E. Abubakar Arrey,1,32.1,1927.0,12.0,4.0,8.0,0.0,0.0,4.0,8.0,4.0,4.0,5.0,5.0,10.0,0.0,2.0,1.0,2.0,0.0,3.0,5.0,21.0,20.0,61.5,50.0,0.0,50.0,1.0,0.0,0.8,18.9,23.1,20.8,0.0,1.6,7.6,17.0,16.7,
2479758,11,981167,SEGLE XXI,HOME,2235818,L. Niño San Miguel,L. Niño San Miguel,0,1.3,79.0,0.0,0.0,0.0,0.0,0.0,0.0,0.0,0.0,0.0,0.0,0.0,0.0,0.0,0.0,0.0,0.0,0.0,1.0,0.0,-1.0,-4.0,0.0,0.0,0.0,0.0,0.0,0.0,0.0,0.0,0.0,0.0,0.0,0.0,0.0,0.0,0.0,
2479758,11,981167,SEGLE XXI,HOME,2153172,M. Cintas Diaz,M. Cintas Diaz,1,28.7,1721.0,5.0,1.0,3.0,1.0,3.0,2.0,6.0,0.0,0.0,2.0,4.0,6.0,1.0,5.0,2.0,0.0,0.0,3.0,1.0,3.0,4.0,41.7,41.7,50.0,0.0,0.7,1.0,0.0,8.4,15.1,11.9,6.2,3.6,0.0,45.5,16.9,
2479758,11,981167,SEGLE XXI,HOME,2289362,D. Garcia Dominguez,D. Garcia Dominguez,0,21.2,1274.0,3.0,0.0,7.0,1.0,2.0,1.0,9.0,0.0,0.0,1.0,2.0,3.0,3.0,3.0,2.0,0.0,0.0,3.0,1.0,-2.0,14.0,16.7,16.7,22.2,0.0,0.0,1.5,0.0,5.7,10.2,8.1,25.0,4.9,0.0,25.0,25.0,
2479758,11,981167,SEGLE XXI,HOME,2320695,A. Plans Bellavista,A. Plans Bellavista,1,24.7,1483.0,3.0,0.0,4.0,1.0,3.0,1.0,7.0,0.0,0.0,1.0,2.0,3.0,4.0,1.0,0.0,0.0,0.0,2.0,0.0,1.0,5.0,21.4,21.4,42.9,0.0,0.0,1.0,0.0,4.9,8.8,6.9,27.4,0.0,0.0,12.5,14.3,
2479758,11,981167,SEGLE XXI,HOME,2528757,I. Garcia Fernandez,I. Garcia Fernandez,1,21.2,1271.0,9.0,3.0,9.0,0.0,0.0,3.0,9.0,3.0,6.0,6.0,6.0,12.0,1.0,1.0,0.0,1.0,0.0,2.0,4.0,15.0,-3.0,38.7,33.3,0.0,66.7,0.7,0.0,1.5,34.3,30.6,32.3,10.0,0.0,3.9,7.9,26.3,
2479758,11,981167,SEGLE XXI,HOME,2244483,S. Nde Akawung,S. Nde Akawung,1,26.5,1591.0,12.0,4.0,6.0,1.0,3.0,5.0,9.0,1.0,2.0,1.0,6.0,7.0,3.0,1.0,1.0,0.0,0.0,4.0,2.0,15.0,10.0,60.7,61.1,33.3,22.2,1.3,1.0,1.0,4.6,24.5,15.1,22.7,2.0,0.0,9.2,18.1,
2479758,11,981167,SEGLE XXI,HOME,2528756,M. Zarzuelo Oroz,M. Zarzuelo Oroz,0,2.9,171.0,0.0,0.0,0.0,0.0,0.0,0.0,0.0,0.0,0.0,0.0,0.0,0.0,0.0,0.0,0.0,0.0,0.0,1.0,0.0,-1.0,-4.0,0.0,0.0,0.0,0.0,0.0,0.0,0.0,0.0,0.0,0.0,0.0,0.0,0.0,0.0,0.0,
2479758,11,981167,SEGLE XXI,HOME,2639399,S. Okafor Ofoegbu,S. Okafor Ofoegbu,1,28.7,1722.0,13.0,2.0,4.0,2.0,7.0,4.0,11.0,3.0,5.0,1.0,7.0,8.0,2.0,1.0,1.0,1.0,0.0,2.0,4.0,17.0,26.0,49.2,45.5,63.6,45.5,1.0,0.9,1.2,4.2,26.4,15.9,14.1,1.8,2.9,7.0,21.8,
2479758,11,981167,SEGLE XXI,HOME,2454402,S. Fernandez De Cuevas Martinez,S. Fernandez De Cuevas Martinez,0,15.3,921.0,6.0,0.0,0.0,2.0,4.0,2.0,4.0,0.0,0.0,1.0,0.0,1.0,0.0,3.0,1.0,0.0,0.0,3.0,1.0,1.0,-3.0,75.0,75.0,100.0,0.0,0.0,1.5,0.0,7.9,0.0,3.7,0.0,3.4,0.0,42.9,20.2,
2479758,11,981167,SEGLE XXI,HOME,2229661,B. Asensio Senosiáin,B. Asensio Senosiáin,0,15.5,931.0,11.0,4.0,5.0,1.0,2.0,5.0,7.0,0.0,0.0,0.0,1.0,1.0,0.0,1.0,0.0,0.0,0.0,1.0,0.0,8.0,8.0,78.6,78.6,28.6,0.0,1.6,1.5,0.0,0.0,7.0,3.7,0.0,0.0,0.0,12.5,22.8,
2479758,11,981167,SEGLE XXI,HOME,2461439,A. Smykovskaia,A. Smykovskaia,0,13.9,836.0,7.0,3.0,5.0,0.0,0.0,3.0,5.0,1.0,2.0,1.0,5.0,6.0,1.0,1.0,2.0,2.0,0.0,0.0,1.0,15.0,17.0,59.5,60.0,0.0,40.0,1.2,0.0,2.0,8.7,38.9,24.7,20.8,7.5,12.0,14.5,21.9,
2479758,11,981414,HIERROS DÍAZ EXTREMADURA MIRALVALLE,AWAY,1707378,M. Pérez Castro,M. Pérez Castro,1,36.5,2189.0,8.0,2.0,7.0,0.0,4.0,2.0,11.0,4.0,6.0,0.0,2.0,2.0,4.0,2.0,4.0,0.0,0.0,2.0,4.0,7.0,-11.0,29.3,18.2,36.4,54.5,0.6,0.0,1.5,0.0,6.6,3.1,26.5,5.7,0.0,12.8,21.2,
2479758,11,981414,HIERROS DÍAZ EXTREMADURA MIRALVALLE,AWAY,2818302,V. Michel,V. Michel,1,16.2,972.0,5.0,2.0,6.0,0.0,0.0,2.0,6.0,1.0,2.0,2.0,3.0,5.0,0.0,2.0,0.0,0.0,2.0,3.0,2.0,2.0,-9.0,36.3,33.3,0.0,33.3,0.7,0.0,1.0,13.3,22.4,17.6,0.0,0.0,0.0,22.5,27.2,
2479758,11,981414,HIERROS DÍAZ EXTREMADURA MIRALVALLE,AWAY,2734458,L. Navas Castro,L. Navas Castro,0,29.4,1766.0,11.0,4.0,9.0,1.0,2.0,5.0,11.0,0.0,0.0,0.0,1.0,1.0,1.0,2.0,0.0,0.0,0.0,1.0,2.0,6.0,-17.0,50.0,50.0,18.2,0.0,0.9,1.5,0.0,0.0,4.1,1.9,12.0,0.0,0.0,15.4,21.9,
2479758,11,981414,HIERROS DÍAZ EXTREMADURA MIRALVALLE,AWAY,2566363,P. Laurenson Cheynel,P. Laurenson Cheynel,1,36.3,2178.0,10.0,3.0,12.0,0.0,0.0,3.0,12.0,4.0,4.0,0.0,2.0,2.0,0.0,2.0,3.0,0.0,0.0,0.0,4.0,8.0,-9.0,36.3,25.0,0.0,33.3,0.5,0.0,1.0,0.0,6.7,3.1,0.0,4.3,0.0,12.7,21.5,
2479758,11,981414,HIERROS DÍAZ EXTREMADURA MIRALVALLE,AWAY,2845561,S. Brown,S. Brown,1,30.9,1851.0,9.0,3.0,5.0,0.0,3.0,3.0,8.0,3.0,4.0,0.0,6.0,6.0,0.0,3.0,4.0,0.0,0.0,2.0,3.0,11.0,-3.0,46.1,37.5,37.5,50.0,1.2,0.0,1.3,0.0,23.5,11.1,0.0,6.8,0.0,23.5,20.5,
2479758,11,981414,HIERROS DÍAZ EXTREMADURA MIRALVALLE,AWAY,1984467,G. Lopez Cuesta,G. Lopez Cuesta,0,30.8,1845.0,8.0,2.0,6.0,0.0,2.0,2.0,8.0,4.0,6.0,2.0,3.0,5.0,1.0,1.0,0.0,0.0,2.0,4.0,5.0,6.0,-14.0,37.6,25.0,25.0,75.0,0.7,0.0,1.2,7.0,11.8,9.3,7.6,0.0,0.0,8.6,18.7,
2479758,11,981414,HIERROS DÍAZ EXTREMADURA MIRALVALLE,AWAY,1529427,C. Lazaro Hernandez,C. Lazaro Hernandez,1,20.0,1199.0,4.0,2.0,3.0,0.0,0.0,2.0,3.0,0.0,0.0,0.0,2.0,2.0,1.0,0.0,0.0,0.0,0.0,2.0,2.0,6.0,-7.0,66.7,66.7,0.0,0.0,1.3,0.0,0.0,0.0,12.1,5.7,13.3,0.0,0.0,0.0,7.4,
2479759,11,979775,BASKET ALMEDA,HOME,1929994,M. Garcia Menéndez,M. Garcia Menéndez,0,9.8,586.0,3.0,1.0,1.0,0.0,1.0,1.0,2.0,1.0,1.0,0.0,1.0,1.0,2.0,4.0,0.0,0.0,0.0,4.0,1.0,-2.0,-2.0,61.5,50.0,50.0,50.0,2.0,0.0,1.0,0.0,12.8,7.2,50.0,0.0,0.0,62.1,30.3,
2479759,11,979775,BASKET ALMEDA,HOME,2219057,I. Homs Fatjo,I. Homs Fatjo,0,13.8,830.0,7.0,2.0,4.0,1.0,2.0,3.0,6.0,0.0,0.0,0.0,0.0,0.0,1.0,3.0,0.0,0.0,0.0,1.0,0.0,1.0,-3.0,58.3,58.3,33.3,0.0,1.0,1.5,0.0,0.0,0.0,0.0,22.2,0.0,0.0,33.3,30.1,
2479759,11,979775,BASKET ALMEDA,HOME,1893303,L. Tierno Martí,L. Tierno Martí,0,21.0,1260.0,5.0,1.0,1.0,1.0,2.0,2.0,3.0,0.0,1.0,0.0,3.0,3.0,4.0,5.0,2.0,0.0,0.0,0.0,2.0,9.0,5.0,72.7,83.3,66.7,33.3,2.0,1.5,0.5,0.0,17.9,10.0,38.1,5.2,0.0,59.2,18.5,
2479759,11,979775,BASKET ALMEDA,HOME,1398197,C. Tapia Palacio,C. Tapia Palacio,1,11.7,700.0,2.0,1.0,2.0,0.0,2.0,1.0,4.0,0.0,0.0,1.0,1.0,2.0,0.0,1.0,0.0,0.0,0.0,2.0,0.0,-2.0,4.0,25.0,25.0,50.0,0.0,1.0,0.0,0.0,13.7,10.7,12.0,0.0,0.0,0.0,20.0,19.7,
2479759,11,979775,BASKET ALMEDA,HOME,1737538,C. Pujol Martinez,C. Pujol Martinez,1,29.5,1771.0,15.0,6.0,12.0,0.0,2.0,6.0,14.0,3.0,4.0,2.0,3.0,5.0,3.0,4.0,1.0,0.0,0.0,2.0,2.0,11.0,20.0,47.6,42.9,14.3,28.6,1.0,0.0,2.0,10.8,12.7,11.9,26.1,1.8,0.0,20.2,30.9,
2479759,11,979775,BASKET ALMEDA,HOME,2157230,L. Jove Fuste,L. Jove Fuste,1,17.2,1032.0,6.0,1.0,4.0,1.0,1.0,2.0,5.0,1.0,2.0,1.0,1.0,2.0,1.0,3.0,1.0,0.0,0.0,3.0,2.0,2.0,5.0,51.0,50.0,20.0,40.0,0.5,3.0,1.0,9.3,7.3,8.2,12.5,3.2,0.0,33.8,23.8,
2479759,11,979775,BASKET ALMEDA,HOME,2216044,J. Masa Carne,J. Masa Carne,0,7.2,435.0,0.0,0.0,0.0,0.0,1.0,0.0,1.0,0.0,0.0,0.0,0.0,0.0,1.0,0.0,1.0,0.0,0.0,1.0,0.0,0.0,-2.0,0.0,0.0,100.0,0.0,0.0,0.0,0.0,0.0,0.0,0.0,20.0,7.6,0.0,0.0,6.4,
2479759,11,979775,BASKET ALMEDA,HOME,2053836,C. Moreno Mengibar,C. Moreno Mengibar,0,20.9,1253.0,4.0,2.0,7.0,0.0,0.0,2.0,7.0,0.0,0.0,2.0,6.0,8.0,0.0,0.0,0.0,0.0,0.0,3.0,3.0,7.0,1.0,28.6,28.6,0.0,0.0,0.6,0.0,0.0,15.3,35.9,26.9,0.0,0.0,0.0,0.0,15.5,
2479759,11,979775,BASKET ALMEDA,HOME,2054903,A. Cojocariu,A. Cojocariu,1,24.8,1490.0,15.0,3.0,5.0,2.0,3.0,5.0,8.0,3.0,6.0,1.0,4.0,5.0,1.0,0.0,1.0,0.0,0.0,4.0,5.0,17.0,29.0,70.5,75.0,37.5,75.0,1.2,2.0,1.2,6.5,20.2,14.1,10.0,2.2,0.0,0.0,19.8,
2479759,11,979775,BASKET ALMEDA,HOME,2147731,D. Peris Fons,D. Peris Fons,1,19.1,1144.0,9.0,1.0,2.0,1.0,1.0,2.0,3.0,4.0,6.0,2.0,2.0,4.0,0.0,0.0,0.0,1.0,0.0,2.0,3.0,12.0,9.0,79.8,83.3,33.3,200.0,1.0,3.0,2.0,16.8,13.1,14.7,0.0,0.0,5.8,0.0,13.6,
2479759,11,979775,BASKET ALMEDA,HOME,2440587,M. Coll-Vinent Olle,M. Coll-Vinent Olle,0,10.5,629.0,1.0,0.0,0.0,0.0,0.0,0.0,0.0,1.0,2.0,1.0,1.0,2.0,0.0,0.0,0.0,0.0,0.0,0.0,1.0,3.0,-10.0,56.8,0.0,0.0,0.0,0.0,0.0,2.0,15.2,11.9,13.4,0.0,0.0,0.0,0.0,3.9,
2479759,11,979775,BASKET ALMEDA,HOME,2353429,J. Neyhart Mora,J. Neyhart Mora,0,14.5,870.0,2.0,1.0,1.0,0.0,2.0,1.0,3.0,0.0,0.0,1.0,0.0,1.0,0.0,1.0,1.0,1.0,0.0,4.0,1.0,-1.0,-6.0,33.3,33.3,66.7,0.0,2.0,0.0,0.0,11.0,0.0,4.8,0.0,3.8,7.7,25.0,12.7,
2479759,11,981212,ELSAMEX CB ANDRATX,AWAY,2553411,N. Jeng,N. Jeng,0,15.7,943.0,2.0,1.0,3.0,0.0,1.0,1.0,4.0,0.0,0.0,2.0,4.0,6.0,1.0,2.0,0.0,0.0,0.0,4.0,1.0,1.0,-13.0,25.0,25.0,25.0,0.0,0.7,0.0,0.0,15.9,40.8,26.8,16.1,0.0,0.0,33.3,18.3,
2479759,11,981212,ELSAMEX CB ANDRATX,AWAY,1461086,P. Comella Pons,P. Comella Pons,1,35.4,2126.0,19.0,4.0,11.0,2.0,3.0,6.0,14.0,5.0,8.0,0.0,1.0,1.0,1.0,0.0,3.0,0.0,1.0,0.0,6.0,19.0,-5.0,54.2,50.0,21.4,57.1,0.7,2.0,1.3,0.0,4.5,2.0,9.8,4.5,0.0,0.0,23.8,
2479759,11,981212,ELSAMEX CB ANDRATX,AWAY,2036170,A. Peregrina Garcia,A. Peregrina Garcia,1,34.8,2086.0,15.0,0.0,4.0,2.0,6.0,2.0,10.0,9.0,10.0,1.0,1.0,2.0,4.0,4.0,1.0,0.0,0.0,3.0,9.0,15.0,-9.0,52.1,30.0,60.0,100.0,0.0,1.0,1.1,3.6,4.6,4.0,28.2,1.5,0.0,21.7,25.4,
2479759,11,981212,ELSAMEX CB ANDRATX,AWAY,2407584,D. Seguí García,D. Seguí García,0,13.1,787.0,8.0,1.0,1.0,2.0,3.0,3.0,4.0,0.0,0.0,0.0,1.0,1.0,0.0,0.0,0.0,0.0,0.0,2.0,0.0,6.0,17.0,100.0,100.0,75.0,0.0,2.0,2.0,0.0,0.0,12.2,5.4,0.0,0.0,0.0,0.0,14.7,
2479759,11,981212,ELSAMEX CB ANDRATX,AWAY,1579078,H. Condom Rosell,H. Condom Rosell,1,16.2,970.0,1.0,0.0,6.0,0.0,0.0,0.0,6.0,1.0,4.0,2.0,1.0,3.0,0.0,1.0,0.0,0.0,1.0,4.0,3.0,-7.0,-15.0,6.4,0.0,0.0,66.7,0.0,0.0,1.3,15.4,9.9,13.0,0.0,0.0,0.0,11.4,26.0,
2479759,11,981212,ELSAMEX CB ANDRATX,AWAY,2148958,M. López Martí,M. López Martí,0,21.3,1278.0,1.0,0.0,0.0,0.0,1.0,0.0,1.0,1.0,2.0,0.0,2.0,2.0,0.0,1.0,1.0,0.0,0.0,1.0,1.0,1.0,-1.0,26.6,0.0,100.0,200.0,0.0,0.0,2.0,0.0,15.0,6.6,0.0,2.5,0.0,34.7,6.5,
2479759,11,981212,ELSAMEX CB ANDRATX,AWAY,2276474,L. García Rivera,L. García Rivera,0,19.4,1166.0,4.0,2.0,4.0,0.0,0.0,2.0,4.0,0.0,2.0,3.0,1.0,4.0,0.0,2.0,1.0,0.0,0.0,1.0,1.0,3.0,0.0,41.0,50.0,0.0,50.0,1.0,0.0,2.0,19.3,8.2,14.5,0.0,2.7,0.0,29.1,17.0,
2479759,11,981212,ELSAMEX CB ANDRATX,AWAY,2043611,J. Ballester Manque,J. Ballester Manque,1,9.5,570.0,0.0,0.0,2.0,0.0,0.0,0.0,2.0,0.0,0.0,0.0,0.0,0.0,0.0,2.0,0.0,0.0,0.0,2.0,1.0,-5.0,-12.0,0.0,0.0,0.0,0.0,0.0,0.0,0.0,0.0,0.0,0.0,0.0,0.0,0.0,50.0,20.2,
2479759,11,981212,ELSAMEX CB ANDRATX,AWAY,2294809,P. Sans Cantallops,P. Sans Cantallops,1,34.6,2074.0,9.0,4.0,5.0,0.0,4.0,4.0,9.0,1.0,2.0,2.0,3.0,5.0,1.0,5.0,3.0,0.0,0.0,3.0,4.0,8.0,-12.0,45.5,44.4,44.4,22.2,1.6,0.0,0.5,7.2,13.9,10.1,8.2,4.6,0.0,33.6,20.6,
2479760,12,979892,C. B. ISLA BONITA,HOME,1131087,B. Armengol Vall,B. Armengol Vall,1,22.7,1360.0,5.0,1.0,1.0,1.0,3.0,2.0,4.0,0.0,0.0,1.0,5.0,6.0,2.0,3.0,2.0,0.0,0.0,0.0,2.0,12.0,13.0,62.5,62.5,75.0,0.0,2.0,1.0,0.0,5.5,21.5,14.5,14.7,4.8,0.0,42.9,15.3,
2479760,12,979892,C. B. ISLA BONITA,HOME,1870487,T. Gonzalez Soto,T. Gonzalez Soto,0,18.8,1127.0,12.0,3.0,3.0,2.0,8.0,5.0,11.0,0.0,0.0,1.0,2.0,3.0,0.0,0.0,0.0,1.0,0.0,0.0,0.0,10.0,0.0,54.5,54.5,72.7,0.0,2.0,0.8,0.0,6.6,10.4,8.7,0.0,0.0,5.5,0.0,29.0,
2479760,12,979892,C. B. ISLA BONITA,HOME,1981139,S. Blanco Guitian,S. Blanco Guitian,1,17.1,1027.0,0.0,0.0,0.0,0.0,5.0,0.0,5.0,0.0,0.0,1.0,3.0,4.0,1.0,1.0,1.0,0.0,0.0,0.0,0.0,0.0,11.0,0.0,0.0,100.0,0.0,0.0,0.0,0.0,7.3,17.1,12.8,9.6,3.2,0.0,16.7,17.4,
2479760,12,979892,C. B. ISLA BONITA,HOME,1853281,I. Bautista Villaverde,I. Bautista Villaverde,0,11.0,662.0,8.0,0.0,0.0,2.0,3.0,2.0,3.0,2.0,2.0,0.0,1.0,1.0,0.0,0.0,0.0,0.0,0.0,1.0,2.0,9.0,0.0,103.1,100.0,100.0,66.7,0.0,2.0,1.0,0.0,8.9,5.0,0.0,0.0,0.0,0.0,17.5,
2479760,12,979892,C. B. ISLA BONITA,HOME,2816643,E. Motekaitytè,E. Motekaitytè,1,25.6,1535.0,10.0,4.0,7.0,0.0,2.0,4.0,9.0,2.0,3.0,1.0,4.0,5.0,1.0,2.0,3.0,0.0,0.0,1.0,2.0,12.0,24.0,48.4,44.4,22.2,33.3,1.1,0.0,1.5,4.9,15.2,10.7,8.6,6.4,0.0,16.2,23.8,
2479760,12,979892,C. B. ISLA BONITA,HOME,2171960,M. Colom Elosúa,M. Colom Elosúa,1,22.7,1364.0,4.0,1.0,3.0,0.0,3.0,1.0,6.0,2.0,2.0,0.0,3.0,3.0,0.0,0.0,0.0,0.0,0.0,2.0,1.0,1.0,6.0,29.1,16.7,50.0,33.3,0.7,0.0,2.0,0.0,12.9,7.2,0.0,0.0,0.0,0.0,15.0,
2479760,12,979892,C. B. ISLA BONITA,HOME,2524874,M. Vulovic,M. Vulovic,1,19.9,1195.0,10.0,5.0,7.0,0.0,0.0,5.0,7.0,0.0,0.0,0.0,5.0,5.0,0.0,2.0,0.0,1.0,1.0,2.0,3.0,13.0,-4.0,71.4,71.4,0.0,0.0,1.4,0.0,0.0,0.0,24.5,13.8,0.0,0.0,5.2,22.2,22.4,
2479760,12,979892,C. B. ISLA BONITA,HOME,1471341,M. Rosales Elejabeita,M. Rosales Elejabeita,0,19.5,1168.0,6.0,3.0,3.0,0.0,3.0,3.0,6.0,0.0,0.0,1.0,6.0,7.0,0.0,1.0,4.0,0.0,0.0,4.0,0.0,9.0,15.0,50.0,50.0,50.0,0.0,2.0,0.0,0.0,6.4,30.0,19.7,0.0,11.2,0.0,14.3,17.8,
2479760,12,979892,C. B. ISLA BONITA,HOME,1372464,M. Carballo Diaz,M. Carballo Diaz,0,10.5,630.0,3.0,0.0,1.0,1.0,1.0,1.0,2.0,0.0,0.0,0.0,0.0,0.0,2.0,0.0,0.0,0.0,0.0,1.0,0.0,3.0,1.0,75.0,75.0,50.0,0.0,0.0,3.0,0.0,0.0,0.0,0.0,29.4,0.0,0.0,0.0,9.4,
2479760,12,979892,C. B. ISLA BONITA,HOME,2816642,N. Cunill Peña,N. Cunill Peña,0,15.0,902.0,6.0,2.0,3.0,0.0,0.0,2.0,3.0,2.0,2.0,2.0,3.0,5.0,1.0,2.0,0.0,0.0,0.0,0.0,1.0,10.0,-1.0,77.3,66.7,0.0,66.7,1.3,0.0,2.0,16.7,19.5,18.3,11.9,0.0,0.0,34.0,19.4,
2479760,12,979892,C. B. ISLA BONITA,HOME,2524609,A. Glomazic,A. Glomazic,0,17.2,1030.0,4.0,1.0,3.0,0.0,2.0,1.0,5.0,2.0,2.0,0.0,2.0,2.0,3.0,4.0,1.0,0.0,0.0,3.0,2.0,1.0,20.0,34.0,20.0,40.0,40.0,0.7,0.0,1.0,0.0,11.3,6.4,31.9,3.2,0.0,40.5,28.4,
2479760,12,981212,ELSAMEX CB ANDRATX,AWAY,2553411,N. Jeng,N. Jeng,1,17.9,1073.0,9.0,2.0,9.0,1.0,2.0,3.0,11.0,2.0,2.0,5.0,4.0,9.0,0.0,3.0,3.0,0.0,1.0,3.0,3.0,10.0,-16.0,37.9,31.8,18.2,18.2,0.4,1.5,0.7,27.3,27.9,27.6,0.0,9.1,0.0,20.2,41.3,
2479760,12,981212,ELSAMEX CB ANDRATX,AWAY,1461086,P. Comella Pons,P. Comella Pons,1,33.3,1997.0,4.0,2.0,8.0,0.0,3.0,2.0,11.0,0.0,0.0,0.0,2.0,2.0,0.0,1.0,0.0,0.0,0.0,0.0,1.0,-3.0,-10.0,18.2,18.2,27.3,0.0,0.5,0.0,0.0,0.0,7.5,3.3,0.0,0.0,0.0,8.3,17.9,
2479760,12,981212,ELSAMEX CB ANDRATX,AWAY,2036170,A. Peregrina Garcia,A. Peregrina Garcia,1,30.2,1812.0,6.0,0.0,4.0,2.0,5.0,2.0,9.0,0.0,0.0,0.0,4.0,4.0,3.0,4.0,3.0,0.0,1.0,1.0,3.0,7.0,-15.0,33.3,33.3,55.6,0.0,0.0,1.2,0.0,0.0,16.6,7.3,21.4,5.4,0.0,30.8,21.4,
2479760,12,981212,ELSAMEX CB ANDRATX,AWAY,1579078,H. Condom Rosell,H. Condom Rosell,0,27.3,1637.0,8.0,4.0,7.0,0.0,1.0,4.0,8.0,0.0,0.0,1.0,4.0,5.0,0.0,2.0,0.0,0.0,0.0,3.0,0.0,4.0,-10.0,50.0,50.0,12.5,0.0,1.1,0.0,0.0,3.6,18.3,10.0,0.0,0.0,0.0,20.0,18.2,
2479760,12,981212,ELSAMEX CB ANDRATX,AWAY,2148958,M. López Martí,M. López Martí,0,30.1,1807.0,11.0,1.0,1.0,3.0,3.0,4.0,4.0,0.0,1.0,0.0,5.0,5.0,2.0,2.0,1.0,0.0,0.0,0.0,2.0,18.0,-7.0,123.9,137.5,75.0,25.0,2.0,3.0,0.5,0.0,20.8,9.1,16.7,1.8,0.0,31.1,10.6,
2479760,12,981212,ELSAMEX CB ANDRATX,AWAY,2120195,A. Real Cerda,A. Real Cerda,0,11.4,686.0,2.0,1.0,2.0,0.0,2.0,1.0,4.0,0.0,0.0,0.0,1.0,1.0,1.0,1.0,1.0,0.0,0.0,2.0,1.0,0.0,-2.0,25.0,25.0,50.0,0.0,1.0,0.0,0.0,0.0,11.0,4.8,20.0,4.8,0.0,20.0,21.8,
2479760,12,981212,ELSAMEX CB ANDRATX,AWAY,2043611,J. Ballester Manque,J. Ballester Manque,1,17.6,1055.0,1.0,0.0,4.0,0.0,0.0,0.0,4.0,1.0,2.0,1.0,1.0,2.0,1.0,0.0,1.0,1.0,0.0,1.0,1.0,1.0,-17.0,10.2,0.0,0.0,50.0,0.0,0.0,2.0,5.5,7.1,6.2,12.5,3.1,7.3,0.0,13.8,
2479760,12,981212,ELSAMEX CB ANDRATX,AWAY,2294809,P. Sans Cantallops,P. Sans Cantallops,1,32.2,1933.0,10.0,3.0,4.0,1.0,6.0,4.0,10.0,1.0,3.0,0.0,4.0,4.0,3.0,3.0,1.0,0.0,0.0,3.0,3.0,7.0,-8.0,44.2,45.0,60.0,30.0,1.5,0.5,1.0,0.0,15.5,6.8,25.0,1.7,0.0,20.9,22.1,
2479761,12,981414,HIERROS DÍAZ EXTREMADURA MIRALVALLE,HOME,1707378,M. Pérez Castro,M. Pérez Castro,1,22.1,1327.0,4.0,2.0,5.0,0.0,6.0,2.0,11.0,0.0,0.0,0.0,0.0,0.0,1.0,3.0,1.0,0.0,0.0,2.0,2.0,-6.0,7.0,18.2,18.2,54.5,0.0,0.8,0.0,0.0,0.0,0.0,0.0,9.4,2.6,0.0,21.4,33.3,
2479761,12,981414,HIERROS DÍAZ EXTREMADURA MIRALVALLE,HOME,2818302,V. Michel,V. Michel,1,11.9,716.0,0.0,0.0,2.0,0.0,0.0,0.0,2.0,0.0,2.0,1.0,4.0,5.0,0.0,1.0,1.0,0.0,0.0,2.0,2.0,1.0,-3.0,0.0,0.0,0.0,100.0,0.0,0.0,1.0,9.6,35.4,23.0,0.0,4.8,0.0,25.8,17.2,
2479761,12,981414,HIERROS DÍAZ EXTREMADURA MIRALVALLE,HOME,2734458,L. Navas Castro,L. Navas Castro,0,23.2,1391.0,8.0,2.0,5.0,1.0,3.0,3.0,8.0,1.0,2.0,0.0,3.0,3.0,1.0,2.0,3.0,0.0,0.0,3.0,2.0,6.0,8.0,45.0,43.8,37.5,25.0,0.8,1.0,1.0,0.0,13.6,7.1,10.4,7.4,0.0,18.4,24.7,
2479761,12,981414,HIERROS DÍAZ EXTREMADURA MIRALVALLE,HOME,2566363,P. Laurenson Cheynel,P. Laurenson Cheynel,1,37.3,2236.0,11.0,3.0,9.0,1.0,2.0,4.0,11.0,2.0,2.0,0.0,3.0,3.0,4.0,2.0,1.0,0.0,0.0,2.0,1.0,9.0,17.0,46.3,40.9,18.2,18.2,0.7,1.5,2.0,0.0,8.5,4.4,26.8,1.5,0.0,14.4,19.6,
2479761,12,981414,HIERROS DÍAZ EXTREMADURA MIRALVALLE,HOME,2845561,S. Brown,S. Brown,1,40.0,2400.0,14.0,1.0,4.0,4.0,6.0,5.0,10.0,0.0,0.0,0.0,7.0,7.0,0.0,0.0,0.0,1.0,1.0,2.0,0.0,15.0,16.0,70.0,70.0,60.0,0.0,0.5,2.0,0.0,0.0,18.4,9.6,0.0,0.0,3.3,0.0,13.2,
2479761,12,981414,HIERROS DÍAZ EXTREMADURA MIRALVALLE,HOME,1984467,G. Lopez Cuesta,G. Lopez Cuesta,0,28.1,1684.0,9.0,4.0,5.0,0.0,0.0,4.0,5.0,1.0,4.0,5.0,7.0,12.0,0.0,3.0,2.0,0.0,0.0,3.0,4.0,17.0,19.0,66.6,80.0,0.0,80.0,1.6,0.0,1.0,20.3,26.2,23.4,0.0,4.1,0.0,30.7,18.3,
2479761,12,981414,HIERROS DÍAZ EXTREMADURA MIRALVALLE,HOME,1529427,C. Lazaro Hernandez,C. Lazaro Hernandez,1,37.4,2246.0,11.0,2.0,2.0,1.0,6.0,3.0,8.0,4.0,6.0,2.0,4.0,6.0,3.0,3.0,3.0,0.0,0.0,3.0,6.0,16.0,16.0,51.7,43.8,75.0,75.0,2.0,0.5,1.0,6.1,11.3,8.8,18.9,4.6,0.0,22.0,19.2,
2479761,12,979775,BASKET ALMEDA,AWAY,2219057,I. Homs Fatjo,I. Homs Fatjo,0,13.5,809.0,0.0,0.0,3.0,0.0,3.0,0.0,6.0,0.0,0.0,0.0,0.0,0.0,0.0,1.0,0.0,0.0,0.0,1.0,1.0,-7.0,-12.0,0.0,0.0,50.0,0.0,0.0,0.0,0.0,0.0,0.0,0.0,0.0,0.0,0.0,14.3,25.9,
2479761,12,979775,BASKET ALMEDA,AWAY,1893303,L. Tierno Martí,L. Tierno Martí,0,26.6,1595.0,6.0,0.0,3.0,2.0,4.0,2.0,7.0,0.0,0.0,1.0,8.0,9.0,2.0,6.0,2.0,0.0,0.0,4.0,2.0,6.0,-11.0,42.9,42.9,57.1,0.0,0.0,1.5,0.0,4.0,34.4,18.5,25.6,4.4,0.0,46.2,24.4,
2479761,12,979775,BASKET ALMEDA,AWAY,1398197,C. Tapia Palacio,C. Tapia Palacio,1,24.8,1490.0,2.0,1.0,1.0,0.0,1.0,1.0,2.0,0.0,0.0,1.0,2.0,3.0,1.0,1.0,0.0,0.0,0.0,0.0,4.0,8.0,-9.0,50.0,50.0,50.0,0.0,2.0,0.0,0.0,4.2,9.2,6.6,13.5,0.0,0.0,33.3,6.1,
2479761,12,979775,BASKET ALMEDA,AWAY,1737538,C. Pujol Martinez,C. Pujol Martinez,1,36.5,2190.0,17.0,5.0,11.0,2.0,6.0,7.0,17.0,1.0,1.0,4.0,6.0,10.0,1.0,3.0,2.0,0.0,0.0,2.0,4.0,19.0,-18.0,48.7,47.1,35.3,5.9,0.9,1.0,0.2,11.5,18.8,15.0,17.9,3.2,0.0,14.7,28.0,
2479761,12,979775,BASKET ALMEDA,AWAY,2157230,L. Jove Fuste,L. Jove Fuste,1,15.8,948.0,0.0,0.0,3.0,0.0,2.0,0.0,5.0,0.0,0.0,0.0,1.0,1.0,0.0,2.0,0.0,1.0,0.0,2.0,1.0,-6.0,-3.0,0.0,0.0,40.0,0.0,0.0,0.0,0.0,0.0,7.2,3.5,0.0,0.0,7.9,28.6,22.2,
2479761,12,979775,BASKET ALMEDA,AWAY,2053836,C. Moreno Mengibar,C. Moreno Mengibar,1,19.7,1182.0,0.0,0.0,0.0,0.0,0.0,0.0,0.0,0.0,0.0,1.0,4.0,5.0,0.0,1.0,1.0,0.0,0.0,1.0,0.0,4.0,-16.0,0.0,0.0,0.0,0.0,0.0,0.0,0.0,5.3,23.2,13.9,0.0,3.0,0.0,100.0,2.5,
2479761,12,979775,BASKET ALMEDA,AWAY,2054903,A. Cojocariu,A. Cojocariu,1,28.7,1723.0,10.0,1.0,6.0,2.0,8.0,3.0,14.0,2.0,4.0,0.0,2.0,2.0,1.0,5.0,2.0,0.0,0.0,3.0,3.0,-3.0,-4.0,31.7,28.6,57.1,28.6,0.3,0.8,1.3,0.0,8.0,3.8,14.7,4.1,0.0,24.1,36.2,
2479761,12,979775,BASKET ALMEDA,AWAY,2147731,D. Peris Fons,D. Peris Fons,0,20.3,1218.0,6.0,1.0,1.0,0.0,0.0,1.0,1.0,4.0,4.0,1.0,2.0,3.0,0.0,1.0,0.0,0.0,0.0,3.0,2.0,7.0,0.0,108.7,100.0,0.0,400.0,2.0,0.0,2.0,5.2,11.3,8.1,0.0,0.0,0.0,26.6,9.3,
2479761,12,979775,BASKET ALMEDA,AWAY,2440587,M. Coll-Vinent Olle,M. Coll-Vinent Olle,0,14.1,845.0,0.0,0.0,2.0,0.0,0.0,0.0,2.0,0.0,0.0,2.0,2.0,4.0,1.0,2.0,1.0,0.0,1.0,1.0,0.0,1.0,-7.0,0.0,0.0,0.0,0.0,0.0,0.0,0.0,14.9,16.2,15.5,17.9,4.2,0.0,50.0,14.2,
2479762,12,981227,DPES CB CIUDAD DE MOSTOLES,HOME,2040603,P. Gonzalez Gonzalez,P. Gonzalez Gonzalez,0,20.6,1238.0,5.0,2.0,2.0,0.0,2.0,2.0,4.0,1.0,3.0,0.0,1.0,1.0,1.0,1.0,2.0,0.0,0.0,4.0,3.0,3.0,0.0,47.0,50.0,50.0,75.0,2.0,0.0,1.0,0.0,5.4,3.0,9.1,5.2,0.0,15.8,15.5,
2479762,12,981227,DPES CB CIUDAD DE MOSTOLES,HOME,2162836,D. Vaquero Martinez,D. Vaquero Martinez,0,14.5,868.0,10.0,5.0,7.0,0.0,0.0,5.0,7.0,0.0,0.0,0.0,0.0,0.0,1.0,0.0,0.0,0.0,0.0,0.0,0.0,9.0,3.0,71.4,71.4,0.0,0.0,1.4,0.0,0.0,0.0,0.0,0.0,18.5,0.0,0.0,0.0,24.3,
2479762,12,981227,DPES CB CIUDAD DE MOSTOLES,HOME,1178705,A. Peredo Lopez,A. Peredo Lopez,1,5.0,297.0,0.0,0.0,1.0,0.0,0.0,0.0,1.0,0.0,0.0,0.0,0.0,0.0,0.0,0.0,0.0,0.0,0.0,1.0,0.0,-2.0,-1.0,0.0,0.0,0.0,0.0,0.0,0.0,0.0,0.0,0.0,0.0,0.0,0.0,0.0,0.0,10.1,
2479762,12,981227,DPES CB CIUDAD DE MOSTOLES,HOME,1222687,B. Moreno Hurtado,B. Moreno Hurtado,0,19.6,1173.0,7.0,2.0,4.0,1.0,3.0,3.0,7.0,0.0,0.0,0.0,0.0,0.0,1.0,3.0,0.0,1.0,0.0,2.0,1.0,1.0,-8.0,50.0,50.0,42.9,0.0,1.0,1.0,0.0,0.0,0.0,0.0,10.0,0.0,5.2,30.0,25.7,
2479762,12,981227,DPES CB CIUDAD DE MOSTOLES,HOME,1819108,N. Gomez Cobo,N. Gomez Cobo,0,16.5,991.0,2.0,1.0,2.0,0.0,0.0,1.0,2.0,0.0,0.0,0.0,1.0,1.0,0.0,0.0,2.0,0.0,0.0,2.0,1.0,3.0,-1.0,50.0,50.0,0.0,0.0,1.0,0.0,0.0,0.0,6.7,3.8,0.0,6.5,0.0,0.0,6.1,
2479762,12,981227,DPES CB CIUDAD DE MOSTOLES,HOME,2035086,M. Gamez Martinez,M. Gamez Martinez,0,16.9,1015.0,2.0,1.0,3.0,0.0,1.0,1.0,4.0,0.0,0.0,2.0,0.0,2.0,1.0,2.0,2.0,0.0,0.0,2.0,0.0,0.0,-6.0,25.0,25.0,25.0,0.0,0.7,0.0,0.0,16.9,0.0,7.4,10.6,6.4,0.0,33.3,17.9,
2479762,12,981227,DPES CB CIUDAD DE MOSTOLES,HOME,1589173,M. Correa Villalona,M. Correa Villalona,1,10.3,616.0,0.0,0.0,2.0,0.0,0.0,0.0,2.0,0.0,0.0,0.0,0.0,0.0,2.0,2.0,0.0,0.0,0.0,2.0,0.0,-4.0,0.0,0.0,0.0,0.0,0.0,0.0,0.0,0.0,0.0,0.0,0.0,25.6,0.0,0.0,50.0,19.6,
2479762,12,981227,DPES CB CIUDAD DE MOSTOLES,HOME,1434653,B. Martinez Sanz,B. Martinez Sanz,1,29.6,1774.0,23.0,5.0,7.0,3.0,6.0,8.0,13.0,4.0,4.0,0.0,5.0,5.0,2.0,3.0,0.0,0.0,0.0,3.0,4.0,23.0,1.0,77.9,73.1,46.2,30.8,1.4,1.5,1.0,0.0,18.8,10.6,19.6,0.0,0.0,16.9,30.2,
2479762,12,981227,DPES CB CIUDAD DE MOSTOLES,HOME,1740994,B. Rodríguez Bazaga,B. Rodríguez Bazaga,1,33.0,1977.0,10.0,2.0,2.0,2.0,5.0,4.0,7.0,0.0,0.0,0.0,5.0,5.0,5.0,2.0,0.0,0.0,0.0,3.0,0.0,12.0,7.0,71.4,71.4,71.4,0.0,2.0,1.2,0.0,0.0,16.8,9.5,29.8,0.0,0.0,22.2,13.7,
2479762,12,981227,DPES CB CIUDAD DE MOSTOLES,HOME,2404223,E. Abubakar Arrey,E. Abubakar Arrey,1,34.2,2051.0,13.0,2.0,10.0,0.0,0.0,2.0,10.0,9.0,12.0,2.0,9.0,11.0,0.0,1.0,0.0,1.0,2.0,4.0,12.0,21.0,0.0,42.5,20.0,0.0,120.0,0.4,0.0,1.0,8.4,29.2,20.1,0.0,0.0,3.0,6.1,24.0,
2479762,12,981167,SEGLE XXI,AWAY,2153172,M. Cintas Diaz,M. Cintas Diaz,1,30.2,1815.0,9.0,3.0,8.0,0.0,3.0,3.0,11.0,3.0,4.0,2.0,1.0,3.0,3.0,0.0,3.0,0.0,0.0,3.0,7.0,13.0,-1.0,35.3,27.3,27.3,36.4,0.8,0.0,0.6,7.4,4.7,6.2,18.5,5.3,0.0,0.0,18.9,
2479762,12,981167,SEGLE XXI,AWAY,2289362,D. Garcia Dominguez,D. Garcia Dominguez,0,25.1,1506.0,5.0,2.0,3.0,0.0,2.0,2.0,5.0,1.0,3.0,0.0,1.0,1.0,3.0,5.0,0.0,0.0,0.0,2.0,1.0,-2.0,5.0,39.6,40.0,40.0,60.0,1.3,0.0,3.0,0.0,5.7,2.5,24.2,0.0,0.0,44.2,20.2,
2479762,12,981167,SEGLE XXI,AWAY,2448425,N. Cordón Elizarán,N. Cordón Elizarán,0,1.5,92.0,0.0,0.0,0.0,0.0,0.0,0.0,0.0,0.0,0.0,0.0,0.0,0.0,0.0,0.0,0.0,0.0,0.0,1.0,0.0,-1.0,0.0,0.0,0.0,0.0,0.0,0.0,0.0,0.0,0.0,0.0,0.0,0.0,0.0,0.0,0.0,0.0,
2479762,12,981167,SEGLE XXI,AWAY,2528757,I. Garcia Fernandez,I. Garcia Fernandez,1,24.5,1469.0,10.0,1.0,5.0,2.0,2.0,3.0,7.0,2.0,6.0,5.0,8.0,13.0,0.0,1.0,2.0,0.0,0.0,4.0,3.0,15.0,2.0,51.9,57.1,28.6,85.7,0.4,3.0,2.0,22.7,46.6,33.2,0.0,4.3,0.0,9.4,19.5,
2479762,12,981167,SEGLE XXI,AWAY,2244483,S. Nde Akawung,S. Nde Akawung,1,29.2,1752.0,12.0,3.0,5.0,2.0,3.0,5.0,8.0,0.0,0.0,3.0,4.0,7.0,5.0,1.0,1.0,1.0,1.0,3.0,1.0,20.0,1.0,75.0,75.0,37.5,0.0,1.2,2.0,0.0,11.4,19.6,15.0,42.4,1.8,3.4,11.1,13.8,
2479762,12,981167,SEGLE XXI,AWAY,2528756,M. Zarzuelo Oroz,M. Zarzuelo Oroz,0,2.7,160.0,0.0,0.0,0.0,0.0,0.0,0.0,0.0,0.0,0.0,0.0,0.0,0.0,0.0,0.0,0.0,0.0,0.0,0.0,0.0,0.0,1.0,0.0,0.0,0.0,0.0,0.0,0.0,0.0,0.0,0.0,0.0,0.0,0.0,0.0,0.0,0.0,
2479762,12,981167,SEGLE XXI,AWAY,2639399,S. Okafor Ofoegbu,S. Okafor Ofoegbu,1,29.2,1751.0,14.0,3.0,6.0,1.0,3.0,4.0,9.0,5.0,9.0,2.0,2.0,4.0,1.0,3.0,1.0,0.0,0.0,0.0,5.0,13.0,-1.0,54.0,50.0,33.3,100.0,1.0,1.0,1.8,7.6,9.8,8.6,7.8,1.8,0.0,18.8,24.5,
2479762,12,981167,SEGLE XXI,AWAY,2454402,S. Fernandez De Cuevas Martinez,S. Fernandez De Cuevas Martinez,1,27.4,1642.0,11.0,1.0,8.0,2.0,8.0,3.0,16.0,3.0,4.0,1.0,1.0,2.0,1.0,2.0,3.0,0.0,0.0,3.0,2.0,0.0,3.0,31.0,25.0,50.0,25.0,0.2,0.8,2.0,4.1,5.2,4.6,7.2,5.8,0.0,10.1,32.3,
2479762,12,981167,SEGLE XXI,AWAY,2229661,B. Asensio Senosiáin,B. Asensio Senosiáin,0,15.6,937.0,5.0,1.0,1.0,1.0,2.0,2.0,3.0,0.0,0.0,2.0,3.0,5.0,0.0,1.0,1.0,0.0,0.0,1.0,1.0,9.0,-1.0,83.3,83.3,66.7,0.0,2.0,1.5,0.0,14.2,27.5,20.0,0.0,3.4,0.0,25.0,11.5,
2479762,12,981167,SEGLE XXI,AWAY,2461439,A. Smykovskaia,A. Smykovskaia,0,14.6,876.0,7.0,1.0,3.0,1.0,1.0,2.0,4.0,2.0,4.0,0.0,4.0,4.0,0.0,0.0,0.0,1.0,1.0,4.0,3.0,7.0,-4.0,60.8,62.5,25.0,100.0,0.7,3.0,1.3,0.0,39.1,17.1,0.0,0.0,6.8,0.0,17.7,
2479763,12,981335,CESUR DISTRITO OLIMPICO,HOME,2286837,B. Arranz Albero,B. Arranz Albero,0,20.1,1203.0,10.0,0.0,1.0,1.0,5.0,1.0,6.0,7.0,7.0,0.0,4.0,4.0,1.0,1.0,0.0,0.0,0.0,3.0,5.0,11.0,15.0,55.1,25.0,83.3,116.7,0.0,0.6,1.4,0.0,18.5,10.6,12.5,0.0,0.0,9.9,24.3,
2479763,12,981335,CESUR DISTRITO OLIMPICO,HOME,1811220,S. Francisco Abos,S. Francisco Abos,1,19.5,1168.0,10.0,1.0,2.0,2.0,5.0,3.0,7.0,2.0,2.0,1.0,1.0,2.0,0.0,2.0,1.0,0.0,1.0,2.0,1.0,6.0,-4.0,63.5,57.1,71.4,28.6,1.0,1.2,2.0,6.4,4.8,5.5,0.0,2.6,0.0,20.2,24.5,
2479763,12,981335,CESUR DISTRITO OLIMPICO,HOME,2031383,A. Picos Porras,A. Picos Porras,1,31.9,1917.0,25.0,4.0,6.0,2.0,3.0,6.0,9.0,11.0,14.0,3.0,11.0,14.0,0.0,2.0,0.0,0.0,0.0,3.0,7.0,35.0,13.0,82.5,77.8,33.3,155.6,1.3,2.0,2.0,11.8,32.1,23.4,0.0,0.0,0.0,11.7,26.0,
2479763,12,981335,CESUR DISTRITO OLIMPICO,HOME,1871488,M. Gomez Hernandez,M. Gomez Hernandez,1,30.6,1838.0,7.0,0.0,1.0,2.0,6.0,2.0,7.0,1.0,2.0,0.0,2.0,2.0,8.0,2.0,1.0,0.0,0.0,2.0,3.0,11.0,13.0,44.4,42.9,85.7,28.6,0.0,1.0,0.7,0.0,6.1,3.5,64.5,1.7,0.0,20.2,15.6,
2479763,12,981335,CESUR DISTRITO OLIMPICO,HOME,2404419,P. Alonso-Basurto Cumplido,P. Alonso-Basurto Cumplido,0,13.4,802.0,2.0,1.0,3.0,0.0,0.0,1.0,3.0,0.0,0.0,2.0,2.0,4.0,1.0,1.0,1.0,0.0,0.0,0.0,0.0,5.0,-16.0,33.3,33.3,0.0,0.0,0.7,0.0,0.0,18.7,13.9,15.9,22.7,3.8,0.0,25.0,14.4,
2479763,12,981335,CESUR DISTRITO OLIMPICO,HOME,1832824,C. Leal Flores,C. Leal Flores,0,20.5,1229.0,3.0,0.0,1.0,0.0,3.0,0.0,4.0,3.0,4.0,1.0,5.0,6.0,0.0,1.0,0.0,0.0,0.0,4.0,2.0,1.0,-6.0,26.0,0.0,75.0,100.0,0.0,0.0,2.0,6.1,22.7,15.6,0.0,0.0,0.0,14.8,16.0,
2479763,12,981335,CESUR DISTRITO OLIMPICO,HOME,1562695,A. González Ramírez,A. González Ramírez,1,27.0,1618.0,0.0,0.0,3.0,0.0,0.0,0.0,3.0,0.0,0.0,2.0,0.0,2.0,2.0,4.0,1.0,0.0,0.0,2.0,1.0,-3.0,11.0,0.0,0.0,0.0,0.0,0.0,0.0,0.0,9.3,0.0,4.0,15.9,1.9,0.0,57.1,12.5,
2479763,12,981335,CESUR DISTRITO OLIMPICO,HOME,2160293,V. Lopez Riaño,V. Lopez Riaño,1,30.8,1850.0,12.0,5.0,9.0,0.0,1.0,5.0,10.0,2.0,2.0,2.0,7.0,9.0,1.0,3.0,1.0,3.0,0.0,0.0,2.0,20.0,19.0,55.1,50.0,10.0,20.0,1.1,0.0,1.0,8.1,21.1,15.6,10.6,1.7,8.9,21.6,21.8,
2479763,12,981335,CESUR DISTRITO OLIMPICO,HOME,1677519,R. Flores Aguado,R. Flores Aguado,0,2.9,171.0,0.0,0.0,0.0,0.0,3.0,0.0,3.0,0.0,0.0,0.0,0.0,0.0,0.0,1.0,0.0,0.0,0.0,1.0,0.0,-5.0,-4.0,0.0,0.0,100.0,0.0,0.0,0.0,0.0,0.0,0.0,0.0,0.0,0.0,0.0,25.0,66.8,
2479763,12,981335,CESUR DISTRITO OLIMPICO,HOME,2185253,P. Álvarez Honorato,P. Álvarez Honorato,0,3.4,204.0,0.0,0.0,0.0,0.0,0.0,0.0,0.0,0.0,0.0,0.0,1.0,1.0,1.0,0.0,0.0,0.0,0.0,0.0,0.0,2.0,4.0,0.0,0.0,0.0,0.0,0.0,0.0,0.0,0.0,27.4,15.7,55.6,0.0,0.0,0.0,0.0,
2479763,12,982048,EL PLANTEL GMASB,AWAY,2819272,D. Ryzinska,D. Ryzinska,1,16.3,976.0,2.0,1.0,2.0,0.0,1.0,1.0,3.0,0.0,0.0,0.0,2.0,2.0,0.0,1.0,0.0,0.0,1.0,3.0,0.0,-2.0,-20.0,33.3,33.3,33.3,0.0,1.0,0.0,0.0,0.0,15.3,6.5,0.0,0.0,0.0,25.0,11.1,
2479763,12,982048,EL PLANTEL GMASB,AWAY,2664237,C. Rojas Cepero,C. Rojas Cepero,0,3.4,202.0,0.0,0.0,0.0,0.0,0.0,0.0,0.0,0.0,0.0,1.0,0.0,1.0,0.0,0.0,0.0,0.0,0.0,1.0,0.0,0.0,0.0,0.0,0.0,0.0,0.0,0.0,0.0,0.0,27.4,0.0,15.7,0.0,0.0,0.0,0.0,0.0,
2479763,12,982048,EL PLANTEL GMASB,AWAY,2124275,C. Villanueva Lazaro,C. Villanueva Lazaro,1,29.4,1764.0,3.0,1.0,6.0,0.0,4.0,1.0,10.0,1.0,2.0,1.0,5.0,6.0,3.0,1.0,0.0,0.0,0.0,4.0,5.0,2.0,-17.0,13.8,10.0,40.0,20.0,0.3,0.0,0.4,3.2,21.3,10.9,20.8,0.0,0.0,8.4,18.3,
2479763,12,982048,EL PLANTEL GMASB,AWAY,1974272,R. Revueltas Pareja,R. Revueltas Pareja,1,26.0,1559.0,9.0,3.0,12.0,1.0,5.0,4.0,17.0,0.0,0.0,3.0,2.0,5.0,2.0,0.0,4.0,0.0,1.0,3.0,2.0,6.0,-13.0,26.5,26.5,29.4,0.0,0.5,0.6,0.0,10.7,9.6,10.3,17.5,8.6,0.0,0.0,29.7,
2479763,12,982048,EL PLANTEL GMASB,AWAY,2819274,O. Schlegl,O. Schlegl,0,19.6,1176.0,11.0,2.0,3.0,1.0,4.0,3.0,7.0,4.0,5.0,1.0,1.0,2.0,1.0,0.0,0.0,0.0,0.0,2.0,4.0,11.0,12.0,59.8,50.0,57.1,71.4,1.3,0.8,1.2,4.7,6.4,5.4,12.5,0.0,0.0,0.0,21.3,
2479763,12,982048,EL PLANTEL GMASB,AWAY,2232865,M. Sanchez Valenzuela,M. Sanchez Valenzuela,1,32.3,1939.0,10.0,2.0,2.0,2.0,6.0,4.0,8.0,0.0,0.0,0.0,1.0,1.0,2.0,1.0,1.0,1.0,0.0,3.0,0.0,7.0,-12.0,62.5,62.5,75.0,0.0,2.0,1.0,0.0,0.0,3.9,1.7,14.7,1.7,4.8,11.1,12.6,
2479763,12,982048,EL PLANTEL GMASB,AWAY,1111828,L. Fernandez Fiel,L. Fernandez Fiel,0,27.4,1642.0,17.0,5.0,8.0,1.0,5.0,6.0,13.0,4.0,5.0,1.0,2.0,3.0,0.0,3.0,0.0,0.0,0.0,2.0,4.0,11.0,12.0,55.9,50.0,38.5,38.5,1.2,0.6,1.2,3.4,9.1,5.8,0.0,0.0,0.0,16.5,30.1,
2479763,12,982048,EL PLANTEL GMASB,AWAY,2112760,M. Diaz Torres,M. Diaz Torres,0,16.6,998.0,2.0,1.0,2.0,0.0,0.0,1.0,2.0,0.0,0.0,1.0,1.0,2.0,0.0,0.0,2.0,0.0,0.0,0.0,1.0,6.0,2.0,50.0,50.0,0.0,0.0,1.0,0.0,0.0,5.6,7.5,6.4,0.0,6.7,0.0,0.0,5.5,
2479763,12,982048,EL PLANTEL GMASB,AWAY,2202075,M. Garcia Garrido,M. Garcia Garrido,0,4.3,257.0,2.0,1.0,1.0,0.0,0.0,1.0,1.0,0.0,0.0,0.0,0.0,0.0,0.0,0.0,1.0,0.0,0.0,0.0,0.0,3.0,-3.0,100.0,100.0,0.0,0.0,2.0,0.0,0.0,0.0,0.0,0.0,0.0,13.0,0.0,0.0,10.6,
2479763,12,982048,EL PLANTEL GMASB,AWAY,2364455,T. Sene,T. Sene,0,2.1,126.0,0.0,0.0,0.0,0.0,0.0,0.0,0.0,0.0,0.0,0.0,0.0,0.0,0.0,0.0,0.0,0.0,0.0,0.0,0.0,0.0,-2.0,0.0,0.0,0.0,0.0,0.0,0.0,0.0,0.0,0.0,0.0,0.0,0.0,0.0,0.0,0.0,
2479763,12,982048,EL PLANTEL GMASB,AWAY,2746773,O. Betancourt Labrador,O. Betancourt Labrador,1,22.7,1361.0,4.0,1.0,8.0,0.0,1.0,1.0,9.0,2.0,2.0,2.0,7.0,9.0,1.0,6.0,0.0,0.0,1.0,3.0,1.0,-2.0,-4.0,20.2,11.1,11.1,22.2,0.2,0.0,2.0,8.2,38.5,21.1,8.2,0.0,0.0,37.8,31.7,
2479764,12,981286,ESCO GRUPO FEMENINO ALCORCON,HOME,2822981,C. Ribeiro Dos Santos Bernardeco,C. Ribeiro Dos Santos Bernardeco,0,12.4,746.0,8.0,1.0,3.0,2.0,4.0,3.0,7.0,0.0,0.0,0.0,0.0,0.0,1.0,1.0,1.0,0.0,0.0,1.0,1.0,5.0,6.0,57.1,57.1,57.1,0.0,0.7,1.5,0.0,0.0,0.0,0.0,22.2,4.5,0.0,12.5,30.7,
2479764,12,981286,ESCO GRUPO FEMENINO ALCORCON,HOME,2095287,G. Escorial Ferrero,G. Escorial Ferrero,0,15.8,950.0,8.0,4.0,7.0,0.0,0.0,4.0,7.0,0.0,2.0,1.0,5.0,6.0,0.0,3.0,1.0,0.0,0.0,4.0,1.0,4.0,7.0,50.8,57.1,0.0,28.6,1.1,0.0,2.0,7.0,35.2,21.1,0.0,3.5,0.0,27.6,32.7,
2479764,12,981286,ESCO GRUPO FEMENINO ALCORCON,HOME,2162538,C. Del Amo Sevillano,C. Del Amo Sevillano,1,20.4,1224.0,17.0,6.0,8.0,1.0,2.0,7.0,10.0,2.0,2.0,2.0,2.0,4.0,1.0,3.0,2.0,1.0,1.0,3.0,1.0,17.0,14.0,78.1,75.0,20.0,20.0,1.5,1.5,2.0,10.9,10.9,10.9,18.2,5.5,5.6,21.6,32.3,
2479764,12,981286,ESCO GRUPO FEMENINO ALCORCON,HOME,2182200,L. Bernardo Perez,L. Bernardo Perez,0,18.6,1118.0,3.0,0.0,1.0,1.0,2.0,1.0,3.0,0.0,0.0,1.0,1.0,2.0,2.0,0.0,0.0,0.0,0.0,2.0,0.0,3.0,11.0,50.0,50.0,66.7,0.0,0.0,1.5,0.0,6.0,6.0,6.0,17.4,0.0,0.0,0.0,7.7,
2479764,12,981286,ESCO GRUPO FEMENINO ALCORCON,HOME,2012796,M. Blanco Eusebio,M. Blanco Eusebio,1,21.9,1314.0,6.0,0.0,3.0,2.0,2.0,2.0,5.0,0.0,0.0,0.0,6.0,6.0,3.0,2.0,2.0,0.0,0.0,1.0,3.0,14.0,20.0,60.0,60.0,40.0,0.0,0.0,3.0,0.0,0.0,30.4,15.2,28.6,5.1,0.0,28.6,15.2,
2479764,12,981286,ESCO GRUPO FEMENINO ALCORCON,HOME,1535457,M. Aranda Fraile,M. Aranda Fraile,1,18.6,1116.0,3.0,0.0,1.0,1.0,3.0,1.0,4.0,0.0,0.0,0.0,3.0,3.0,3.0,1.0,0.0,0.0,0.0,0.0,0.0,5.0,9.0,37.5,37.5,75.0,0.0,0.0,1.0,0.0,0.0,17.9,9.0,26.1,0.0,0.0,20.0,12.8,
2479764,12,981286,ESCO GRUPO FEMENINO ALCORCON,HOME,2822982,Y. Sifaoui Bucero,Y. Sifaoui Bucero,1,17.9,1075.0,5.0,2.0,7.0,0.0,1.0,2.0,8.0,1.0,2.0,0.0,5.0,5.0,3.0,0.0,0.0,1.0,0.0,1.0,1.0,7.0,11.0,28.2,25.0,12.5,25.0,0.6,0.0,2.0,0.0,31.0,15.5,37.5,0.0,6.4,0.0,23.6,
2479764,12,981286,ESCO GRUPO FEMENINO ALCORCON,HOME,2819126,L. Vulovic,L. Vulovic,0,7.8,469.0,4.0,2.0,3.0,0.0,0.0,2.0,3.0,0.0,0.0,0.0,2.0,2.0,0.0,0.0,0.0,1.0,0.0,0.0,0.0,6.0,-4.0,66.7,66.7,0.0,0.0,1.3,0.0,0.0,0.0,28.5,14.2,0.0,0.0,14.7,0.0,18.3,
2479764,12,981286,ESCO GRUPO FEMENINO ALCORCON,HOME,2128123,N. Ipo Seriche-Dougan,N. Ipo Seriche-Dougan,1,17.8,1068.0,4.0,2.0,3.0,0.0,1.0,2.0,4.0,0.0,0.0,0.0,2.0,2.0,1.0,2.0,0.0,1.0,1.0,2.0,3.0,5.0,0.0,50.0,50.0,25.0,0.0,1.3,0.0,0.0,0.0,12.5,6.2,12.5,0.0,6.4,33.3,16.0,
2479764,12,981286,ESCO GRUPO FEMENINO ALCORCON,HOME,2164976,A. Martínez Mora,A. Martínez Mora,0,18.3,1098.0,0.0,0.0,1.0,0.0,2.0,0.0,3.0,0.0,0.0,1.0,1.0,2.0,2.0,2.0,0.0,1.0,0.0,3.0,0.0,-3.0,0.0,0.0,0.0,66.7,0.0,0.0,0.0,0.0,6.1,6.1,6.1,16.0,0.0,6.2,40.0,13.0,
2479764,12,981286,ESCO GRUPO FEMENINO ALCORCON,HOME,1869823,D. Miliauskaite,D. Miliauskaite,0,14.3,856.0,5.0,1.0,4.0,0.0,0.0,1.0,4.0,3.0,6.0,4.0,2.0,6.0,1.0,1.0,0.0,0.0,0.0,0.0,4.0,9.0,10.0,37.7,25.0,0.0,150.0,0.5,0.0,1.5,31.1,15.5,23.3,11.1,0.0,0.0,13.1,25.4,
2479764,12,981286,ESCO GRUPO FEMENINO ALCORCON,HOME,2176383,I. Camiña Rodriguez,I. Camiña Rodriguez,0,16.1,966.0,1.0,0.0,0.0,0.0,5.0,0.0,5.0,1.0,2.0,1.0,2.0,3.0,1.0,0.0,1.0,1.0,0.0,2.0,1.0,0.0,1.0,8.5,0.0,100.0,40.0,0.0,0.0,2.0,6.9,13.8,10.4,10.0,3.5,7.1,0.0,17.4,
2479764,12,981304,DISHELEC 65 VILADECANS,AWAY,2050407,L. Sanchez Garcia,L. Sanchez Garcia,1,25.7,1544.0,2.0,1.0,2.0,0.0,3.0,1.0,5.0,0.0,0.0,0.0,3.0,3.0,5.0,2.0,0.0,1.0,0.0,3.0,0.0,2.0,-4.0,20.0,20.0,60.0,0.0,1.0,0.0,0.0,0.0,13.0,6.5,51.0,0.0,3.8,28.6,14.2,
2479764,12,981304,DISHELEC 65 VILADECANS,AWAY,1910113,L. Anducas Rodon,L. Anducas Rodon,1,21.1,1265.0,11.0,3.0,6.0,1.0,2.0,4.0,8.0,2.0,2.0,2.0,3.0,5.0,1.0,2.0,2.0,1.0,2.0,0.0,6.0,20.0,-15.0,61.9,56.2,25.0,25.0,1.0,1.5,0.3,10.5,15.8,13.2,20.0,5.1,4.6,18.4,26.9,
2479764,12,981304,DISHELEC 65 VILADECANS,AWAY,1727776,P. Curto Garcia,P. Curto Garcia,1,24.2,1455.0,8.0,1.0,5.0,2.0,7.0,3.0,12.0,0.0,0.0,0.0,5.0,5.0,1.0,0.0,1.0,0.0,1.0,1.0,2.0,7.0,-5.0,33.3,33.3,58.3,0.0,0.4,0.9,0.0,0.0,23.0,11.5,12.8,2.2,0.0,0.0,25.9,
2479764,12,981304,DISHELEC 65 VILADECANS,AWAY,1398200,J. Turrion Aranda,J. Turrion Aranda,1,19.9,1193.0,3.0,0.0,1.0,1.0,5.0,1.0,6.0,0.0,0.0,0.0,2.0,2.0,2.0,1.0,0.0,0.0,1.0,2.0,4.0,3.0,-16.0,25.0,25.0,83.3,0.0,0.0,0.6,0.0,0.0,11.2,5.6,25.0,0.0,0.0,14.3,18.4,
2479764,12,981304,DISHELEC 65 VILADECANS,AWAY,2056456,N. Soler Ramos,N. Soler Ramos,0,13.0,782.0,3.0,0.0,1.0,1.0,1.0,1.0,2.0,0.0,0.0,0.0,4.0,4.0,0.0,0.0,0.0,0.0,1.0,0.0,1.0,7.0,1.0,75.0,75.0,50.0,0.0,0.0,3.0,0.0,0.0,34.2,17.1,0.0,0.0,0.0,0.0,8.0,
2479764,12,981304,DISHELEC 65 VILADECANS,AWAY,2322360,A. Torne Labarta,A. Torne Labarta,0,21.4,1282.0,6.0,3.0,8.0,0.0,0.0,3.0,8.0,0.0,0.0,1.0,3.0,4.0,1.0,2.0,0.0,0.0,1.0,0.0,0.0,4.0,-15.0,37.5,37.5,0.0,0.0,0.8,0.0,0.0,5.2,15.6,10.4,16.7,0.0,0.0,20.0,24.4,
2479764,12,981304,DISHELEC 65 VILADECANS,AWAY,2082380,J. Torreño Jimenez,J. Torreño Jimenez,0,10.7,644.0,0.0,0.0,3.0,0.0,1.0,0.0,4.0,0.0,0.0,1.0,1.0,2.0,2.0,1.0,0.0,0.0,0.0,3.0,0.0,-4.0,-9.0,0.0,0.0,25.0,0.0,0.0,0.0,0.0,10.4,10.4,10.4,37.0,0.0,0.0,20.0,24.4,
2479764,12,981304,DISHELEC 65 VILADECANS,AWAY,2146979,N. Sanchez Marques,N. Sanchez Marques,1,19.6,1174.0,7.0,1.0,5.0,1.0,2.0,2.0,7.0,2.0,2.0,0.0,2.0,2.0,1.0,2.0,0.0,0.0,0.0,1.0,2.0,4.0,-15.0,44.4,35.7,28.6,28.6,0.4,1.5,1.0,0.0,11.3,5.7,14.3,0.0,0.0,20.2,26.3,
2479764,12,981304,DISHELEC 65 VILADECANS,AWAY,1956668,M. Ribera Sanuy,M. Ribera Sanuy,0,20.8,1249.0,4.0,2.0,3.0,0.0,1.0,2.0,4.0,0.0,2.0,1.0,2.0,3.0,1.0,3.0,1.0,0.0,0.0,3.0,3.0,2.0,-3.0,41.0,50.0,25.0,50.0,1.3,0.0,0.7,5.3,10.7,8.0,14.3,2.6,0.0,38.1,19.8,
2479764,12,981304,DISHELEC 65 VILADECANS,AWAY,1663009,Q. Ubia Llunell,Q. Ubia Llunell,0,23.5,1412.0,3.0,0.0,1.0,1.0,2.0,1.0,3.0,0.0,0.0,0.0,1.0,1.0,0.0,2.0,1.0,0.0,0.0,2.0,1.0,0.0,-4.0,50.0,50.0,66.7,0.0,0.0,1.5,0.0,0.0,4.7,2.4,0.0,2.3,0.0,40.0,11.1,
2479765,12,980023,GEIEG PACISA,HOME,1949920,J. Pairo Urtos,J. Pairo Urtos,0,20.5,1228.0,2.0,1.0,2.0,0.0,2.0,1.0,4.0,0.0,0.0,2.0,4.0,6.0,4.0,3.0,0.0,0.0,0.0,3.0,1.0,4.0,7.0,25.0,25.0,50.0,0.0,1.0,0.0,0.0,10.5,23.7,16.7,21.6,0.0,0.0,42.9,12.7,
2479765,12,980023,GEIEG PACISA,HOME,1917788,M. Carbo Cachinero,M. Carbo Cachinero,0,16.9,1016.0,10.0,4.0,9.0,0.0,0.0,4.0,9.0,2.0,3.0,3.0,0.0,3.0,6.0,2.0,6.0,0.0,1.0,2.0,4.0,19.0,14.0,48.4,44.4,0.0,33.3,0.9,0.0,0.8,19.2,0.0,10.1,51.7,16.3,0.0,16.2,27.0,
2479765,12,980023,GEIEG PACISA,HOME,1944150,M. Melero Bravo,M. Melero Bravo,1,27.3,1638.0,18.0,5.0,7.0,0.0,0.0,5.0,7.0,8.0,11.0,0.0,2.0,2.0,3.0,5.0,2.0,0.0,1.0,5.0,8.0,18.0,33.0,76.0,71.4,0.0,157.1,1.4,0.0,1.4,0.0,8.9,4.2,13.5,3.4,0.0,29.7,22.9,
2479765,12,980023,GEIEG PACISA,HOME,1748049,N. Bagaria Rovira,N. Bagaria Rovira,0,16.6,994.0,6.0,0.0,0.0,2.0,3.0,2.0,3.0,0.0,0.0,0.0,0.0,0.0,0.0,0.0,0.0,0.0,0.0,0.0,0.0,5.0,8.0,100.0,100.0,100.0,0.0,0.0,2.0,0.0,0.0,0.0,0.0,0.0,0.0,0.0,0.0,6.7,
2479765,12,980023,GEIEG PACISA,HOME,1667386,C. Morente Lopez,C. Morente Lopez,1,21.9,1313.0,5.0,1.0,2.0,1.0,6.0,2.0,8.0,0.0,0.0,3.0,1.0,4.0,2.0,1.0,0.0,0.0,0.0,0.0,1.0,5.0,23.0,31.2,31.2,75.0,0.0,1.0,0.5,0.0,14.8,5.5,10.4,11.4,0.0,0.0,11.1,15.2,
2479765,12,980023,GEIEG PACISA,HOME,1567998,V. Gonzalez Olaizola,V. Gonzalez Olaizola,0,22.0,1320.0,15.0,6.0,10.0,0.0,0.0,6.0,10.0,3.0,6.0,1.0,2.0,3.0,2.0,2.0,1.0,0.0,0.0,4.0,4.0,12.0,18.0,59.3,60.0,0.0,60.0,1.2,0.0,1.5,4.9,11.0,7.8,11.5,2.1,0.0,13.7,24.7,
2479765,12,980023,GEIEG PACISA,HOME,1666109,A. Coma Perpiña,A. Coma Perpiña,1,21.4,1286.0,18.0,6.0,12.0,2.0,3.0,8.0,15.0,0.0,1.0,0.0,4.0,4.0,6.0,2.0,2.0,0.0,0.0,2.0,2.0,20.0,20.0,58.3,60.0,20.0,6.7,1.0,2.0,0.5,0.0,22.7,10.7,52.2,4.3,0.0,11.5,30.2,
2479765,12,980023,GEIEG PACISA,HOME,1926754,J. Fernandez Pinsach,J. Fernandez Pinsach,1,24.6,1473.0,16.0,6.0,10.0,0.0,0.0,6.0,10.0,4.0,4.0,2.0,5.0,7.0,1.0,1.0,3.0,0.0,0.0,4.0,2.0,20.0,14.0,68.0,60.0,0.0,40.0,1.2,0.0,2.0,8.8,24.6,16.3,5.7,5.6,0.0,7.8,19.2,
2479765,12,980023,GEIEG PACISA,HOME,2239082,N. Mitjanas Costa,N. Mitjanas Costa,1,28.9,1732.0,12.0,4.0,10.0,1.0,2.0,5.0,12.0,1.0,2.0,5.0,9.0,14.0,2.0,2.0,3.0,1.0,0.0,0.0,1.0,23.0,28.0,46.6,45.8,16.7,16.7,0.8,1.5,2.0,18.7,37.7,27.7,9.0,4.8,3.5,13.4,19.1,
2479765,12,981229,SPAR GRAN CANARIA,AWAY,2203305,L. Perez Castro,L. Perez Castro,1,40.0,2400.0,8.0,2.0,6.0,1.0,5.0,3.0,11.0,1.0,2.0,0.0,2.0,2.0,3.0,4.0,3.0,0.0,1.0,4.0,3.0,2.0,-33.0,33.7,31.8,45.5,18.2,0.7,0.6,0.7,0.0,5.4,2.9,13.0,3.3,0.0,25.2,17.1,
2479765,12,981229,SPAR GRAN CANARIA,AWAY,2288451,A. Hernandez Martinez,A. Hernandez Martinez,0,34.7,2083.0,18.0,2.0,3.0,4.0,7.0,6.0,10.0,2.0,2.0,0.0,1.0,1.0,3.0,5.0,3.0,0.0,0.0,3.0,1.0,14.0,-27.0,82.7,80.0,70.0,20.0,1.3,1.7,2.0,0.0,3.1,1.6,17.2,3.8,0.0,31.5,19.7,
2479765,12,981229,SPAR GRAN CANARIA,AWAY,2621781,F. Thiao,F. Thiao,0,8.3,496.0,2.0,0.0,0.0,0.0,0.0,0.0,0.0,2.0,2.0,0.0,1.0,1.0,0.0,2.0,1.0,0.0,0.0,2.0,1.0,1.0,-4.0,113.6,0.0,0.0,0.0,0.0,0.0,2.0,0.0,13.0,6.9,0.0,5.2,0.0,69.4,14.9,
2479765,12,981229,SPAR GRAN CANARIA,AWAY,2494285,A. Mbengue Sánchez,A. Mbengue Sánchez,1,21.8,1306.0,6.0,3.0,4.0,0.0,1.0,3.0,5.0,0.0,0.0,1.0,6.0,7.0,3.0,5.0,2.0,2.0,0.0,2.0,1.0,12.0,-19.0,60.0,60.0,20.0,0.0,1.5,0.0,0.0,5.6,29.8,18.3,30.0,4.0,5.9,50.0,19.7,
2479765,12,981229,SPAR GRAN CANARIA,AWAY,2251955,M. Ocurto Mendes,M. Ocurto Mendes,1,29.3,1757.0,12.0,2.0,6.0,2.0,3.0,4.0,9.0,2.0,2.0,1.0,3.0,4.0,4.0,4.0,2.0,0.0,0.0,3.0,2.0,12.0,-21.0,60.7,55.6,33.3,22.2,0.7,2.0,1.0,4.1,11.1,7.8,28.2,3.0,0.0,28.8,20.4,
2479765,12,981229,SPAR GRAN CANARIA,AWAY,2292843,M. Rodríguez Sánchez,M. Rodríguez Sánchez,0,12.1,728.0,3.0,0.0,2.0,1.0,1.0,1.0,3.0,0.0,0.0,0.0,0.0,0.0,1.0,1.0,2.0,0.0,0.0,3.0,1.0,1.0,-14.0,50.0,50.0,33.3,0.0,0.0,3.0,0.0,0.0,0.0,0.0,14.7,7.2,0.0,25.0,14.2,
2479765,12,981229,SPAR GRAN CANARIA,AWAY,2352279,T. Ezeanatogu Ezeonu,T. Ezeanatogu Ezeonu,1,18.0,1079.0,6.0,3.0,6.0,0.0,0.0,3.0,6.0,0.0,1.0,2.0,2.0,4.0,1.0,5.0,0.0,0.0,0.0,4.0,2.0,0.0,-20.0,46.6,50.0,0.0,16.7,1.0,0.0,0.5,13.5,12.0,12.7,10.0,0.0,0.0,43.7,27.4,
2479765,12,981229,SPAR GRAN CANARIA,AWAY,2643570,L. Toure,L. Toure,1,35.9,2151.0,14.0,6.0,12.0,0.0,0.0,6.0,12.0,2.0,9.0,2.0,6.0,8.0,3.0,3.0,1.0,0.0,0.0,2.0,9.0,17.0,-27.0,43.9,50.0,0.0,75.0,1.0,0.0,1.0,6.8,18.1,12.7,17.2,1.2,0.0,15.8,22.7,
2479766,12,981209,CB CLARET BENIMACLET,HOME,2557107,I. Serrano Alvarez,I. Serrano Alvarez,0,22.2,1331.0,18.0,4.0,7.0,3.0,3.0,7.0,10.0,1.0,2.0,4.0,7.0,11.0,3.0,2.0,0.0,0.0,0.0,3.0,1.0,24.0,5.0,82.7,85.0,30.0,20.0,1.1,3.0,2.0,16.4,27.4,22.0,27.3,0.0,0.0,15.5,22.9,
2479766,12,981209,CB CLARET BENIMACLET,HOME,1886112,S. Afonso Gonzalez,S. Afonso Gonzalez,1,22.1,1327.0,6.0,0.0,1.0,2.0,7.0,2.0,8.0,0.0,1.0,1.0,0.0,1.0,4.0,2.0,2.0,0.0,0.0,2.0,1.0,3.0,28.0,35.5,37.5,87.5,12.5,0.0,0.9,1.0,4.1,0.0,2.0,25.0,4.2,0.0,19.2,18.6,
2479766,12,981209,CB CLARET BENIMACLET,HOME,2209715,J. Sarrio Asensio,J. Sarrio Asensio,0,18.9,1136.0,14.0,2.0,3.0,2.0,4.0,4.0,7.0,4.0,4.0,0.0,3.0,3.0,2.0,1.0,0.0,0.0,0.0,0.0,1.0,16.0,-2.0,79.9,71.4,57.1,57.1,1.3,1.5,4.0,0.0,13.8,7.1,18.2,0.0,0.0,10.2,20.4,
2479766,12,981209,CB CLARET BENIMACLET,HOME,1853228,J. Rochina Troncoso,J. Rochina Troncoso,1,26.9,1614.0,4.0,2.0,5.0,0.0,4.0,2.0,9.0,0.0,0.0,6.0,7.0,13.0,5.0,3.0,5.0,0.0,1.0,3.0,0.0,14.0,26.0,22.2,22.2,44.4,0.0,0.8,0.0,0.0,20.3,22.6,21.5,26.3,8.6,0.0,25.0,17.6,
2479766,12,981209,CB CLARET BENIMACLET,HOME,1840053,P. Garcia Garcia,P. Garcia Garcia,1,9.6,578.0,2.0,1.0,2.0,0.0,0.0,1.0,2.0,0.0,0.0,0.0,1.0,1.0,1.0,1.0,0.0,0.0,0.0,1.0,1.0,2.0,5.0,50.0,50.0,0.0,0.0,1.0,0.0,0.0,0.0,9.1,4.6,20.0,0.0,0.0,33.3,12.3,
2479766,12,981209,CB CLARET BENIMACLET,HOME,2281500,L. Liern Ruiz,L. Liern Ruiz,0,15.0,901.0,0.0,0.0,0.0,0.0,2.0,0.0,2.0,0.0,2.0,0.0,2.0,2.0,2.0,0.0,0.0,1.0,0.0,1.0,1.0,1.0,3.0,0.0,0.0,100.0,100.0,0.0,0.0,2.0,0.0,11.6,5.9,16.7,0.0,6.5,0.0,7.6,
2479766,12,981209,CB CLARET BENIMACLET,HOME,1767443,M. Cuellar Bayarri,M. Cuellar Bayarri,1,18.9,1137.0,11.0,3.0,9.0,0.0,1.0,3.0,10.0,5.0,5.0,0.0,9.0,9.0,0.0,2.0,2.0,0.0,0.0,4.0,5.0,14.0,19.0,45.1,30.0,10.0,50.0,0.7,0.0,1.0,0.0,41.4,21.2,0.0,4.9,0.0,14.1,29.6,
2479766,12,981209,CB CLARET BENIMACLET,HOME,1506842,E. Cases Rey,E. Cases Rey,0,12.2,733.0,7.0,0.0,1.0,2.0,5.0,2.0,6.0,1.0,2.0,1.0,0.0,1.0,5.0,2.0,1.0,0.0,0.0,1.0,4.0,10.0,8.0,50.9,50.0,83.3,33.3,0.0,1.2,0.5,7.5,0.0,3.6,71.4,3.8,0.0,22.5,28.7,
2479766,12,981209,CB CLARET BENIMACLET,HOME,1681307,E. Iranzo Gutierrez,E. Iranzo Gutierrez,0,14.5,872.0,0.0,0.0,1.0,0.0,5.0,0.0,6.0,0.0,0.0,0.0,3.0,3.0,0.0,1.0,0.0,0.0,0.0,1.0,0.0,-5.0,2.0,0.0,0.0,83.3,0.0,0.0,0.0,0.0,0.0,18.0,9.2,0.0,0.0,0.0,14.3,19.1,
2479766,12,981209,CB CLARET BENIMACLET,HOME,1994256,T. Toledo Navarro,T. Toledo Navarro,0,12.8,769.0,4.0,2.0,3.0,0.0,2.0,2.0,5.0,0.0,0.0,2.0,2.0,4.0,0.0,1.0,0.0,0.0,0.0,3.0,1.0,2.0,1.0,40.0,40.0,40.0,0.0,1.3,0.0,0.0,14.2,13.6,13.9,0.0,0.0,0.0,16.7,18.5,
2479766,12,981209,CB CLARET BENIMACLET,HOME,1749591,I. Garrido Perez,I. Garrido Perez,1,26.7,1602.0,22.0,1.0,2.0,6.0,11.0,7.0,13.0,2.0,3.0,3.0,3.0,6.0,2.0,0.0,3.0,0.0,0.0,1.0,2.0,27.0,15.0,76.8,76.9,84.6,23.1,1.0,1.6,1.5,10.2,9.8,10.0,14.3,5.2,0.0,0.0,21.2,
2479766,12,979778,MAGEC TÍAS LANZAROTE CONTRA LA VIOLENCIA DE GÉNERO,AWAY,2178381,E. Lozano Sosa,E. Lozano Sosa,0,19.1,1143.0,5.0,0.0,0.0,1.0,4.0,1.0,4.0,2.0,2.0,0.0,1.0,1.0,0.0,1.0,0.0,0.0,0.0,0.0,2.0,4.0,-15.0,51.2,37.5,100.0,50.0,0.0,0.8,1.0,0.0,4.8,2.3,0.0,0.0,0.0,17.0,12.9,
2479766,12,979778,MAGEC TÍAS LANZAROTE CONTRA LA VIOLENCIA DE GÉNERO,AWAY,1100445,Y. Garcia Gonzalez,Y. Garcia Gonzalez,1,16.9,1013.0,9.0,3.0,10.0,0.0,0.0,3.0,10.0,3.0,4.0,3.0,2.0,5.0,2.0,1.0,2.0,0.0,0.0,5.0,7.0,11.0,-6.0,38.3,30.0,0.0,40.0,0.6,0.0,0.6,15.4,10.8,13.1,37.0,5.6,0.0,7.8,31.7,
2479766,12,979778,MAGEC TÍAS LANZAROTE CONTRA LA VIOLENCIA DE GÉNERO,AWAY,1450205,A. Rodriguez Guerra,A. Rodriguez Guerra,0,7.9,474.0,0.0,0.0,1.0,0.0,1.0,0.0,2.0,0.0,0.0,0.0,1.0,1.0,0.0,0.0,0.0,0.0,0.0,2.0,1.0,-2.0,-5.0,0.0,0.0,50.0,0.0,0.0,0.0,0.0,0.0,11.5,5.6,0.0,0.0,0.0,0.0,10.6,
2479766,12,979778,MAGEC TÍAS LANZAROTE CONTRA LA VIOLENCIA DE GÉNERO,AWAY,1995747,S. Hisado Santos,S. Hisado Santos,1,38.0,2282.0,2.0,1.0,4.0,0.0,2.0,1.0,6.0,0.0,0.0,1.0,3.0,4.0,3.0,3.0,1.0,0.0,0.0,3.0,1.0,0.0,-22.0,16.7,16.7,33.3,0.0,0.5,0.0,0.0,2.3,7.2,4.7,16.8,1.2,0.0,33.3,9.9,
2479766,12,979778,MAGEC TÍAS LANZAROTE CONTRA LA VIOLENCIA DE GÉNERO,AWAY,1695414,C. Mateo Cañada,C. Mateo Cañada,0,28.9,1735.0,16.0,2.0,11.0,4.0,10.0,6.0,21.0,0.0,0.0,2.0,3.0,5.0,2.0,4.0,0.0,0.0,1.0,3.0,1.0,2.0,-12.0,38.1,38.1,47.6,0.0,0.4,1.2,0.0,6.0,9.4,7.7,23.0,0.0,0.0,16.0,36.3,
2479766,12,979778,MAGEC TÍAS LANZAROTE CONTRA LA VIOLENCIA DE GÉNERO,AWAY,2824664,B. Snorradottir,B. Snorradottir,1,38.4,2306.0,8.0,1.0,6.0,1.0,2.0,2.0,8.0,3.0,4.0,3.0,8.0,11.0,3.0,3.0,2.0,0.0,0.0,1.0,2.0,15.0,-22.0,41.0,31.2,25.0,50.0,0.3,1.5,2.0,6.8,18.9,12.7,15.8,2.5,0.0,23.5,13.9,
2479766,12,979778,MAGEC TÍAS LANZAROTE CONTRA LA VIOLENCIA DE GÉNERO,AWAY,2524794,M. Marinho Junqueira,M. Marinho Junqueira,1,34.8,2087.0,19.0,4.0,6.0,2.0,6.0,6.0,12.0,5.0,5.0,0.0,7.0,7.0,1.0,3.0,3.0,0.0,0.0,0.0,4.0,25.0,-20.0,66.9,58.3,50.0,41.7,1.3,1.0,1.2,0.0,18.3,8.9,7.8,4.1,0.0,17.4,20.7,
2479766,12,979778,MAGEC TÍAS LANZAROTE CONTRA LA VIOLENCIA DE GÉNERO,AWAY,2379074,N. Zabala Gabilondo,N. Zabala Gabilondo,1,16.0,960.0,7.0,2.0,3.0,0.0,4.0,2.0,7.0,3.0,4.0,0.0,2.0,2.0,2.0,2.0,3.0,1.0,0.0,5.0,2.0,4.0,-8.0,40.0,28.6,57.1,57.1,1.3,0.0,2.0,0.0,11.4,5.6,31.2,8.9,7.4,18.6,28.2,
2479767,13,979778,MAGEC TÍAS LANZAROTE CONTRA LA VIOLENCIA DE GÉNERO,HOME,2178381,E. Lozano Sosa,E. Lozano Sosa,0,17.6,1056.0,3.0,1.0,2.0,0.0,1.0,1.0,3.0,1.0,2.0,0.0,3.0,3.0,0.0,0.0,2.0,0.0,0.0,3.0,1.0,3.0,-12.0,38.7,33.3,33.3,66.7,1.0,0.0,2.0,0.0,17.0,9.6,0.0,5.7,0.0,0.0,10.5,
2479767,13,979778,MAGEC TÍAS LANZAROTE CONTRA LA VIOLENCIA DE GÉNERO,HOME,1100445,Y. Garcia Gonzalez,Y. Garcia Gonzalez,1,39.7,2380.0,24.0,7.0,12.0,0.0,0.0,7.0,12.0,10.0,11.0,2.0,7.0,9.0,4.0,3.0,0.0,0.0,0.0,5.0,6.0,29.0,-14.0,71.3,58.3,0.0,91.7,1.2,0.0,1.8,6.5,17.6,12.8,21.1,0.0,0.0,15.1,23.8,
2479767,13,979778,MAGEC TÍAS LANZAROTE CONTRA LA VIOLENCIA DE GÉNERO,HOME,2444469,I. Melian Cabrera,I. Melian Cabrera,0,0.3,20.0,0.0,0.0,0.0,0.0,0.0,0.0,0.0,0.0,0.0,0.0,0.0,0.0,0.0,0.0,0.0,0.0,0.0,0.0,0.0,0.0,-1.0,0.0,0.0,0.0,0.0,0.0,0.0,0.0,0.0,0.0,0.0,0.0,0.0,0.0,0.0,0.0,
2479767,13,979778,MAGEC TÍAS LANZAROTE CONTRA LA VIOLENCIA DE GÉNERO,HOME,1450205,A. Rodriguez Guerra,A. Rodriguez Guerra,0,8.9,532.0,0.0,0.0,0.0,0.0,0.0,0.0,0.0,0.0,0.0,0.0,1.0,1.0,0.0,0.0,0.0,0.0,0.0,2.0,1.0,0.0,2.0,0.0,0.0,0.0,0.0,0.0,0.0,0.0,0.0,11.2,6.3,0.0,0.0,0.0,0.0,0.0,
2479767,13,979778,MAGEC TÍAS LANZAROTE CONTRA LA VIOLENCIA DE GÉNERO,HOME,1995747,S. Hisado Santos,S. Hisado Santos,1,31.4,1885.0,5.0,1.0,2.0,0.0,0.0,1.0,2.0,3.0,4.0,0.0,4.0,4.0,5.0,2.0,0.0,0.0,0.0,3.0,4.0,11.0,-11.0,66.5,50.0,0.0,200.0,1.0,0.0,1.0,0.0,12.7,7.2,25.3,0.0,0.0,34.7,8.7,
2479767,13,979778,MAGEC TÍAS LANZAROTE CONTRA LA VIOLENCIA DE GÉNERO,HOME,1695414,C. Mateo Cañada,C. Mateo Cañada,1,27.7,1664.0,10.0,2.0,7.0,2.0,4.0,4.0,11.0,0.0,0.0,1.0,2.0,3.0,5.0,4.0,0.0,0.0,0.0,4.0,0.0,3.0,-18.0,45.5,45.5,36.4,0.0,0.6,1.5,0.0,4.7,7.2,6.1,35.2,0.0,0.0,26.7,25.8,
2479767,13,979778,MAGEC TÍAS LANZAROTE CONTRA LA VIOLENCIA DE GÉNERO,HOME,2824664,B. Snorradottir,B. Snorradottir,0,20.3,1220.0,15.0,5.0,6.0,0.0,2.0,5.0,8.0,5.0,5.0,0.0,1.0,1.0,0.0,0.0,0.0,0.0,0.0,0.0,3.0,16.0,3.0,73.5,62.5,25.0,62.5,1.7,0.0,1.7,0.0,4.9,2.8,0.0,0.0,0.0,0.0,23.9,
2479767,13,979778,MAGEC TÍAS LANZAROTE CONTRA LA VIOLENCIA DE GÉNERO,HOME,2524794,M. Marinho Junqueira,M. Marinho Junqueira,1,20.9,1252.0,5.0,1.0,4.0,1.0,3.0,2.0,7.0,0.0,0.0,1.0,5.0,6.0,2.0,1.0,2.0,0.0,2.0,0.0,3.0,12.0,-13.0,35.7,35.7,42.9,0.0,0.5,1.0,0.0,6.2,23.9,16.2,18.2,4.8,0.0,12.5,18.2,
2479767,13,979778,MAGEC TÍAS LANZAROTE CONTRA LA VIOLENCIA DE GÉNERO,HOME,2379074,N. Zabala Gabilondo,N. Zabala Gabilondo,1,33.2,1991.0,19.0,5.0,13.0,1.0,3.0,6.0,16.0,6.0,12.0,0.0,2.0,2.0,3.0,0.0,2.0,0.0,0.0,4.0,7.0,13.0,-11.0,44.6,40.6,18.8,75.0,0.8,1.0,1.7,0.0,6.0,3.4,20.3,3.0,0.0,0.0,30.5,
2479767,13,979892,C. B. ISLA BONITA,AWAY,1131087,B. Armengol Vall,B. Armengol Vall,1,28.1,1687.0,15.0,1.0,5.0,3.0,6.0,4.0,11.0,4.0,6.0,1.0,1.0,2.0,5.0,0.0,1.0,0.0,0.0,2.0,4.0,16.0,15.0,55.0,50.0,54.5,54.5,0.4,1.5,1.5,3.6,4.6,4.0,23.6,1.8,0.0,0.0,20.6,
2479767,13,979892,C. B. ISLA BONITA,AWAY,1870487,T. Gonzalez Soto,T. Gonzalez Soto,1,24.8,1488.0,16.0,1.0,1.0,3.0,9.0,4.0,10.0,5.0,5.0,1.0,7.0,8.0,3.0,1.0,3.0,1.0,0.0,3.0,4.0,25.0,19.0,65.6,55.0,90.0,50.0,2.0,1.0,1.2,4.0,36.4,18.2,17.0,6.1,3.5,7.6,22.6,
2479767,13,979892,C. B. ISLA BONITA,AWAY,1981139,S. Blanco Guitian,S. Blanco Guitian,0,8.2,495.0,0.0,0.0,1.0,0.0,3.0,0.0,4.0,0.0,0.0,0.0,1.0,1.0,1.0,1.0,0.0,0.0,0.0,1.0,1.0,-3.0,-2.0,0.0,0.0,75.0,0.0,0.0,0.0,0.0,0.0,15.7,6.9,13.9,0.0,0.0,20.0,25.9,
2479767,13,979892,C. B. ISLA BONITA,AWAY,1853281,I. Bautista Villaverde,I. Bautista Villaverde,0,15.8,947.0,6.0,0.0,0.0,2.0,5.0,2.0,5.0,0.0,0.0,0.0,0.0,0.0,3.0,0.0,0.0,0.0,0.0,1.0,0.0,5.0,-4.0,60.0,60.0,100.0,0.0,0.0,1.2,0.0,0.0,0.0,0.0,24.2,0.0,0.0,0.0,13.4,
2479767,13,979892,C. B. ISLA BONITA,AWAY,2816643,E. Motekaitytè,E. Motekaitytè,1,20.9,1255.0,15.0,7.0,11.0,0.0,0.0,7.0,11.0,1.0,2.0,2.0,4.0,6.0,3.0,1.0,0.0,0.0,0.0,2.0,2.0,18.0,-1.0,63.1,63.6,0.0,18.2,1.3,0.0,1.0,9.6,24.7,16.2,27.3,0.0,0.0,7.8,26.2,
2479767,13,979892,C. B. ISLA BONITA,AWAY,2171960,M. Colom Elosúa,M. Colom Elosúa,1,25.1,1506.0,8.0,1.0,4.0,1.0,2.0,2.0,6.0,3.0,4.0,2.0,4.0,6.0,5.0,0.0,0.0,0.0,0.0,0.0,2.0,16.0,20.0,51.5,41.7,33.3,66.7,0.5,1.5,2.0,8.0,20.6,13.5,25.5,0.0,0.0,0.0,13.1,
2479767,13,979892,C. B. ISLA BONITA,AWAY,2524874,M. Vulovic,M. Vulovic,1,23.7,1424.0,20.0,10.0,13.0,0.0,0.0,10.0,13.0,0.0,0.0,1.0,6.0,7.0,1.0,0.0,0.0,0.0,0.0,3.0,3.0,25.0,20.0,76.9,76.9,0.0,0.0,1.5,0.0,0.0,4.2,32.7,16.6,8.6,0.0,0.0,0.0,23.3,
2479767,13,979892,C. B. ISLA BONITA,AWAY,1471341,M. Rosales Elejabeita,M. Rosales Elejabeita,0,12.6,757.0,2.0,0.0,5.0,0.0,0.0,0.0,5.0,2.0,4.0,3.0,1.0,4.0,0.0,3.0,0.0,0.0,0.0,4.0,2.0,-6.0,-2.0,14.8,0.0,0.0,80.0,0.0,0.0,2.0,23.8,10.2,17.9,0.0,0.0,0.0,30.7,32.9,
2479767,13,979892,C. B. ISLA BONITA,AWAY,1372464,M. Carballo Diaz,M. Carballo Diaz,0,10.7,644.0,4.0,2.0,2.0,0.0,3.0,2.0,5.0,0.0,0.0,2.0,0.0,2.0,1.0,0.0,0.0,0.0,0.0,5.0,0.0,-1.0,-1.0,40.0,40.0,60.0,0.0,2.0,0.0,0.0,18.7,0.0,10.5,11.4,0.0,0.0,0.0,19.8,
2479767,13,979892,C. B. ISLA BONITA,AWAY,2816642,N. Cunill Peña,N. Cunill Peña,0,21.1,1267.0,10.0,5.0,6.0,0.0,0.0,5.0,6.0,0.0,0.0,2.0,3.0,5.0,4.0,0.0,3.0,1.0,0.0,2.0,2.0,22.0,14.0,83.3,83.3,0.0,0.0,1.7,0.0,0.0,9.5,18.3,13.4,30.8,7.1,4.1,0.0,12.1,
2479767,13,979892,C. B. ISLA BONITA,AWAY,2524609,A. Glomazic,A. Glomazic,0,8.8,530.0,0.0,0.0,0.0,0.0,2.0,0.0,2.0,0.0,0.0,1.0,0.0,1.0,0.0,1.0,0.0,0.0,0.0,2.0,0.0,-4.0,-3.0,0.0,0.0,100.0,0.0,0.0,0.0,0.0,11.4,0.0,6.4,0.0,0.0,0.0,33.3,14.5,
2479768,13,981229,SPAR GRAN CANARIA,HOME,2203305,L. Perez Castro,L. Perez Castro,1,38.2,2293.0,7.0,2.0,8.0,1.0,5.0,3.0,13.0,0.0,0.0,3.0,5.0,8.0,4.0,2.0,0.0,0.0,0.0,3.0,2.0,6.0,-10.0,26.9,26.9,38.5,0.0,0.5,0.6,0.0,10.1,10.7,10.5,18.2,0.0,0.0,13.3,19.0,
2479768,13,981229,SPAR GRAN CANARIA,HOME,2288451,A. Hernandez Martinez,A. Hernandez Martinez,0,29.6,1778.0,13.0,2.0,3.0,3.0,5.0,5.0,8.0,0.0,0.0,1.0,2.0,3.0,0.0,4.0,2.0,0.0,0.0,2.0,1.0,10.0,1.0,81.2,81.2,62.5,0.0,1.3,1.8,0.0,4.4,5.5,5.1,0.0,3.4,0.0,33.3,19.6,
2479768,13,981229,SPAR GRAN CANARIA,HOME,2233043,A. Deniz Agullo,A. Deniz Agullo,0,12.4,743.0,4.0,2.0,4.0,0.0,1.0,2.0,5.0,0.0,0.0,0.0,1.0,1.0,1.0,3.0,0.0,0.0,0.0,3.0,1.0,-2.0,-11.0,40.0,40.0,20.0,0.0,1.0,0.0,0.0,0.0,6.6,4.0,18.2,0.0,0.0,37.5,31.2,
2479768,13,981229,SPAR GRAN CANARIA,HOME,2230179,A. Garcia San Blas,A. Garcia San Blas,0,1.9,111.0,0.0,0.0,0.0,0.0,1.0,0.0,1.0,0.0,0.0,0.0,0.0,0.0,0.0,0.0,1.0,0.0,0.0,0.0,0.0,0.0,-3.0,0.0,0.0,100.0,0.0,0.0,0.0,0.0,0.0,0.0,0.0,0.0,26.6,0.0,0.0,25.5,
2479768,13,981229,SPAR GRAN CANARIA,HOME,2621781,F. Thiao,F. Thiao,1,2.0,122.0,0.0,0.0,0.0,0.0,0.0,0.0,0.0,0.0,0.0,1.0,0.0,1.0,0.0,2.0,0.0,0.0,0.0,0.0,0.0,-1.0,-3.0,0.0,0.0,0.0,0.0,0.0,0.0,0.0,64.5,0.0,25.0,0.0,0.0,0.0,100.0,48.4,
2479768,13,981229,SPAR GRAN CANARIA,HOME,2340752,N. Prado Plumed,N. Prado Plumed,0,0.9,54.0,0.0,0.0,0.0,0.0,0.0,0.0,0.0,0.0,0.0,0.0,0.0,0.0,0.0,0.0,1.0,0.0,0.0,0.0,0.0,1.0,-5.0,0.0,0.0,0.0,0.0,0.0,0.0,0.0,0.0,0.0,0.0,0.0,56.2,0.0,0.0,0.0,
2479768,13,981229,SPAR GRAN CANARIA,HOME,2340893,S. Redondo De Santa Ana,S. Redondo De Santa Ana,0,0.4,25.0,0.0,0.0,0.0,0.0,0.0,0.0,0.0,0.0,0.0,0.0,0.0,0.0,0.0,0.0,0.0,0.0,0.0,0.0,0.0,0.0,-2.0,0.0,0.0,0.0,0.0,0.0,0.0,0.0,0.0,0.0,0.0,0.0,0.0,0.0,0.0,0.0,
2479768,13,981229,SPAR GRAN CANARIA,HOME,2494285,A. Mbengue Sánchez,A. Mbengue Sánchez,1,29.5,1771.0,22.0,11.0,15.0,0.0,0.0,11.0,15.0,0.0,0.0,3.0,2.0,5.0,2.0,2.0,0.0,0.0,0.0,4.0,2.0,21.0,-3.0,73.3,73.3,0.0,0.0,1.5,0.0,0.0,13.1,5.5,8.5,30.8,0.0,0.0,11.8,27.9,
2479768,13,981229,SPAR GRAN CANARIA,HOME,2251955,M. Ocurto Mendes,M. Ocurto Mendes,1,21.1,1267.0,4.0,2.0,2.0,0.0,4.0,2.0,6.0,0.0,0.0,0.0,7.0,7.0,0.0,1.0,2.0,0.0,0.0,1.0,1.0,8.0,-7.0,33.3,33.3,66.7,0.0,2.0,0.0,0.0,0.0,27.1,16.6,0.0,4.8,0.0,14.3,16.1,
2479768,13,981229,SPAR GRAN CANARIA,HOME,2292843,M. Rodríguez Sánchez,M. Rodríguez Sánchez,0,24.0,1440.0,2.0,1.0,1.0,0.0,1.0,1.0,2.0,0.0,0.0,0.0,3.0,3.0,2.0,3.0,1.0,0.0,0.0,3.0,0.0,1.0,-3.0,50.0,50.0,50.0,0.0,2.0,0.0,0.0,0.0,10.2,6.2,14.3,2.1,0.0,60.0,10.1,
2479768,13,981229,SPAR GRAN CANARIA,HOME,2352279,T. Ezeanatogu Ezeonu,T. Ezeanatogu Ezeonu,1,39.9,2396.0,5.0,0.0,9.0,1.0,1.0,1.0,10.0,2.0,6.0,3.0,8.0,11.0,8.0,3.0,3.0,1.0,0.0,5.0,3.0,10.0,-9.0,19.8,15.0,10.0,60.0,0.0,3.0,2.0,9.7,16.4,13.8,33.3,3.8,3.6,19.2,19.0,
2479768,13,981209,CB CLARET BENIMACLET,AWAY,1886112,S. Afonso Gonzalez,S. Afonso Gonzalez,1,29.2,1752.0,15.0,1.0,3.0,4.0,14.0,5.0,17.0,1.0,1.0,2.0,3.0,5.0,3.0,3.0,1.0,0.0,0.0,2.0,2.0,9.0,10.0,43.0,41.2,82.4,5.9,0.7,0.9,0.5,5.6,13.3,8.6,33.3,1.9,0.0,14.7,28.0,
2479768,13,981209,CB CLARET BENIMACLET,AWAY,2209715,J. Sarrio Asensio,J. Sarrio Asensio,0,10.8,648.0,1.0,0.0,1.0,0.0,1.0,0.0,2.0,1.0,2.0,0.0,1.0,1.0,1.0,2.0,1.0,0.0,1.0,1.0,2.0,0.0,1.0,17.4,0.0,50.0,100.0,0.0,0.0,1.0,0.0,11.9,4.6,16.7,5.2,0.0,41.0,18.1,
2479768,13,981209,CB CLARET BENIMACLET,AWAY,1853228,J. Rochina Troncoso,J. Rochina Troncoso,0,23.6,1419.0,3.0,0.0,2.0,1.0,6.0,1.0,8.0,0.0,0.0,3.0,6.0,9.0,2.0,1.0,1.0,0.0,0.0,3.0,0.0,4.0,6.0,18.8,18.8,75.0,0.0,0.0,0.5,0.0,10.4,32.8,19.1,18.2,2.4,0.0,11.1,15.2,
2479768,13,981209,CB CLARET BENIMACLET,AWAY,1840053,P. Garcia Garcia,P. Garcia Garcia,1,16.4,981.0,10.0,1.0,1.0,0.0,0.0,1.0,1.0,8.0,10.0,1.0,2.0,3.0,1.0,3.0,2.0,0.0,0.0,0.0,7.0,18.0,5.0,92.6,100.0,0.0,1000.0,2.0,0.0,1.4,5.0,15.7,9.1,14.3,6.8,0.0,35.7,20.5,
2479768,13,981209,CB CLARET BENIMACLET,AWAY,2281500,L. Liern Ruiz,L. Liern Ruiz,0,8.4,506.0,0.0,0.0,0.0,0.0,1.0,0.0,1.0,0.0,0.0,0.0,0.0,0.0,1.0,1.0,0.0,0.0,0.0,1.0,0.0,-2.0,2.0,0.0,0.0,100.0,0.0,0.0,0.0,0.0,0.0,0.0,0.0,25.0,0.0,0.0,50.0,9.5,
2479768,13,981209,CB CLARET BENIMACLET,AWAY,1767443,M. Cuellar Bayarri,M. Cuellar Bayarri,1,34.0,2038.0,16.0,6.0,16.0,1.0,1.0,7.0,17.0,1.0,1.0,8.0,2.0,10.0,1.0,2.0,2.0,0.0,0.0,1.0,1.0,17.0,8.0,45.9,44.1,5.9,5.9,0.8,3.0,1.0,19.2,7.6,14.7,11.1,3.3,0.0,10.3,22.8,
2479768,13,981209,CB CLARET BENIMACLET,AWAY,1506842,E. Cases Rey,E. Cases Rey,1,37.6,2257.0,16.0,2.0,3.0,2.0,12.0,4.0,15.0,6.0,6.0,2.0,3.0,5.0,4.0,4.0,5.0,0.0,0.0,1.0,8.0,22.0,14.0,45.4,33.3,80.0,40.0,1.3,0.5,0.8,4.3,10.3,6.6,28.6,7.4,0.0,18.5,23.0,
2479768,13,981209,CB CLARET BENIMACLET,AWAY,1681307,E. Iranzo Gutierrez,E. Iranzo Gutierrez,0,10.8,649.0,0.0,0.0,1.0,0.0,4.0,0.0,5.0,0.0,0.0,0.0,1.0,1.0,0.0,0.0,2.0,0.0,0.0,0.0,0.0,-2.0,6.0,0.0,0.0,80.0,0.0,0.0,0.0,0.0,0.0,11.9,4.6,0.0,10.3,0.0,0.0,18.5,
2479768,13,981209,CB CLARET BENIMACLET,AWAY,1994256,T. Toledo Navarro,T. Toledo Navarro,0,2.4,143.0,0.0,0.0,0.0,0.0,0.0,0.0,0.0,0.0,0.0,0.0,0.0,0.0,1.0,0.0,0.0,0.0,0.0,0.0,0.0,1.0,-3.0,0.0,0.0,0.0,0.0,0.0,0.0,0.0,0.0,0.0,0.0,50.0,0.0,0.0,0.0,0.0,
2479768,13,981209,CB CLARET BENIMACLET,AWAY,1749591,I. Garrido Perez,I. Garrido Perez,1,26.8,1607.0,7.0,1.0,1.0,1.0,7.0,2.0,8.0,2.0,3.0,5.0,2.0,7.0,0.0,0.0,0.0,0.0,0.0,1.0,1.0,7.0,6.0,37.6,31.2,87.5,37.5,2.0,0.4,3.0,15.2,9.6,13.1,0.0,0.0,0.0,0.0,13.9,
2479769,13,981304,DISHELEC 65 VILADECANS,HOME,2050407,L. Sanchez Garcia,L. Sanchez Garcia,1,24.9,1497.0,9.0,3.0,6.0,1.0,3.0,4.0,9.0,0.0,0.0,2.0,4.0,6.0,0.0,4.0,0.0,1.0,1.0,4.0,2.0,5.0,-14.0,50.0,50.0,33.3,0.0,1.0,1.0,0.0,9.7,13.4,11.9,0.0,0.0,2.5,30.8,24.8,
2479769,13,981304,DISHELEC 65 VILADECANS,HOME,1910113,L. Anducas Rodon,L. Anducas Rodon,1,19.9,1196.0,2.0,0.0,1.0,0.0,2.0,0.0,3.0,2.0,2.0,2.0,4.0,6.0,3.0,8.0,2.0,0.0,0.0,3.0,1.0,0.0,-7.0,25.8,0.0,66.7,66.7,0.0,0.0,2.0,12.2,16.8,14.9,40.0,4.8,0.0,67.3,28.4,
2479769,13,981304,DISHELEC 65 VILADECANS,HOME,1727776,P. Curto Garcia,P. Curto Garcia,0,19.3,1157.0,8.0,1.0,2.0,2.0,7.0,3.0,9.0,0.0,0.0,2.0,5.0,7.0,0.0,0.0,0.0,0.0,0.0,1.0,0.0,8.0,-13.0,44.4,44.4,77.8,0.0,1.0,0.9,0.0,12.6,21.6,17.9,0.0,0.0,0.0,0.0,22.2,
2479769,13,981304,DISHELEC 65 VILADECANS,HOME,1398200,J. Turrion Aranda,J. Turrion Aranda,1,31.3,1877.0,7.0,2.0,4.0,1.0,3.0,3.0,7.0,0.0,0.0,0.0,9.0,9.0,1.0,2.0,3.0,1.0,0.0,3.0,4.0,16.0,-13.0,50.0,50.0,42.9,0.0,1.0,1.0,0.0,0.0,24.0,14.2,11.1,4.6,2.0,22.2,13.7,
2479769,13,981304,DISHELEC 65 VILADECANS,HOME,2322360,A. Torne Labarta,A. Torne Labarta,0,22.8,1367.0,5.0,1.0,6.0,0.0,0.0,1.0,6.0,3.0,4.0,1.0,4.0,5.0,3.0,1.0,0.0,0.0,1.0,4.0,4.0,6.0,-13.0,32.2,16.7,0.0,66.7,0.3,0.0,1.0,5.3,14.6,10.8,37.5,0.0,0.0,11.4,18.3,
2479769,13,981304,DISHELEC 65 VILADECANS,HOME,2082380,J. Torreño Jimenez,J. Torreño Jimenez,0,16.4,983.0,4.0,0.0,0.0,0.0,1.0,0.0,1.0,4.0,4.0,0.0,0.0,0.0,2.0,3.0,1.0,0.0,0.0,2.0,5.0,6.0,-13.0,72.5,0.0,100.0,400.0,0.0,0.0,0.8,0.0,0.0,0.0,33.3,2.9,0.0,52.1,16.7,
2479769,13,981304,DISHELEC 65 VILADECANS,HOME,2146979,N. Sanchez Marques,N. Sanchez Marques,1,21.6,1299.0,6.0,1.0,2.0,1.0,4.0,2.0,6.0,1.0,2.0,0.0,4.0,4.0,1.0,4.0,1.0,0.0,0.0,2.0,1.0,2.0,-4.0,43.6,41.7,66.7,33.3,1.0,0.8,2.0,0.0,15.4,9.1,18.2,2.2,0.0,36.8,23.9,
2479769,13,981304,DISHELEC 65 VILADECANS,HOME,1956668,M. Ribera Sanuy,M. Ribera Sanuy,0,18.3,1099.0,2.0,1.0,3.0,0.0,2.0,1.0,5.0,0.0,0.0,1.0,1.0,2.0,0.0,4.0,0.0,0.0,0.0,1.0,0.0,-5.0,-12.0,20.0,20.0,40.0,0.0,0.7,0.0,0.0,6.6,4.6,5.4,0.0,0.0,0.0,44.4,23.4,
2479769,13,981304,DISHELEC 65 VILADECANS,HOME,1663009,Q. Ubia Llunell,Q. Ubia Llunell,1,23.4,1407.0,3.0,1.0,2.0,0.0,2.0,1.0,4.0,1.0,2.0,1.0,5.0,6.0,1.0,0.0,0.0,0.0,0.0,2.0,3.0,7.0,-12.0,30.7,25.0,50.0,50.0,1.0,0.0,0.7,5.2,17.8,12.7,12.5,0.0,0.0,0.0,9.9,
2479769,13,981304,DISHELEC 65 VILADECANS,HOME,2240210,A. Alcantara Ros,A. Alcantara Ros,0,1.0,59.0,0.0,0.0,1.0,0.0,1.0,0.0,2.0,0.0,0.0,0.0,0.0,0.0,0.0,0.0,0.0,0.0,1.0,0.0,0.0,-2.0,-2.0,0.0,0.0,50.0,0.0,0.0,0.0,0.0,0.0,0.0,0.0,0.0,0.0,0.0,0.0,95.1,
2479769,13,981304,DISHELEC 65 VILADECANS,HOME,2396917,D. Cañizares Herrera,D. Cañizares Herrera,0,1.0,59.0,0.0,0.0,0.0,0.0,0.0,0.0,0.0,0.0,0.0,0.0,0.0,0.0,0.0,0.0,0.0,0.0,0.0,0.0,0.0,0.0,-2.0,0.0,0.0,0.0,0.0,0.0,0.0,0.0,0.0,0.0,0.0,0.0,0.0,0.0,0.0,0.0,
2479769,13,980023,GEIEG PACISA,AWAY,1949920,J. Pairo Urtos,J. Pairo Urtos,0,15.6,938.0,2.0,1.0,2.0,0.0,3.0,1.0,5.0,0.0,0.0,1.0,2.0,3.0,0.0,0.0,2.0,0.0,0.0,2.0,2.0,3.0,13.0,20.0,20.0,60.0,0.0,1.0,0.0,0.0,5.3,15.5,9.5,0.0,6.8,0.0,0.0,13.5,
2479769,13,980023,GEIEG PACISA,AWAY,1917788,M. Carbo Cachinero,M. Carbo Cachinero,0,17.9,1071.0,10.0,4.0,10.0,0.0,0.0,4.0,10.0,2.0,5.0,2.0,0.0,2.0,1.0,3.0,2.0,1.0,1.0,3.0,3.0,4.0,18.0,41.0,40.0,0.0,50.0,0.8,0.0,1.7,9.3,0.0,5.5,14.7,5.9,8.3,19.7,35.8,
2479769,13,980023,GEIEG PACISA,AWAY,1944150,M. Melero Bravo,M. Melero Bravo,1,22.4,1343.0,11.0,3.0,8.0,0.0,1.0,3.0,9.0,5.0,8.0,2.0,2.0,4.0,1.0,3.0,3.0,0.0,0.0,2.0,6.0,11.0,-2.0,43.9,33.3,11.1,88.9,0.8,0.0,1.3,7.4,10.8,8.8,7.6,7.1,0.0,19.3,29.2,
2479769,13,980023,GEIEG PACISA,AWAY,1748049,N. Bagaria Rovira,N. Bagaria Rovira,0,23.0,1382.0,7.0,2.0,2.0,1.0,3.0,3.0,5.0,0.0,0.0,0.0,1.0,1.0,0.0,0.0,3.0,0.0,0.0,0.0,0.0,9.0,21.0,70.0,70.0,60.0,0.0,2.0,1.0,0.0,0.0,5.3,2.1,0.0,6.9,0.0,0.0,9.2,
2479769,13,980023,GEIEG PACISA,AWAY,1667386,C. Morente Lopez,C. Morente Lopez,1,20.5,1229.0,2.0,1.0,3.0,0.0,2.0,1.0,5.0,0.0,0.0,1.0,2.0,3.0,0.0,2.0,1.0,0.0,0.0,0.0,0.0,0.0,-1.0,20.0,20.0,40.0,0.0,0.7,0.0,0.0,4.1,11.8,7.2,0.0,2.6,0.0,28.6,14.4,
2479769,13,980023,GEIEG PACISA,AWAY,1968963,A. Talasimov,A. Talasimov,0,18.5,1109.0,3.0,1.0,6.0,0.0,0.0,1.0,6.0,1.0,2.0,2.0,3.0,5.0,1.0,0.0,1.0,0.0,1.0,2.0,1.0,3.0,21.0,21.8,16.7,0.0,33.3,0.3,0.0,2.0,9.0,19.7,13.3,8.0,2.9,0.0,0.0,15.7,
2479769,13,980023,GEIEG PACISA,AWAY,1567998,V. Gonzalez Olaizola,V. Gonzalez Olaizola,0,22.8,1368.0,10.0,4.0,8.0,0.0,0.0,4.0,8.0,2.0,5.0,2.0,8.0,10.0,1.0,0.0,0.0,1.0,0.0,4.0,5.0,16.0,23.0,49.0,50.0,0.0,62.5,1.0,0.0,1.0,7.3,42.5,21.7,8.2,0.0,6.5,0.0,18.8,
2479769,13,980023,GEIEG PACISA,AWAY,1666109,A. Coma Perpiña,A. Coma Perpiña,1,20.6,1237.0,10.0,4.0,10.0,0.0,0.0,4.0,10.0,2.0,2.0,0.0,2.0,2.0,5.0,0.0,2.0,0.0,0.0,3.0,2.0,12.0,14.0,46.0,40.0,0.0,20.0,0.8,0.0,1.0,0.0,11.8,4.8,52.6,5.2,0.0,0.0,22.2,
2479769,13,980023,GEIEG PACISA,AWAY,1926754,J. Fernandez Pinsach,J. Fernandez Pinsach,1,17.5,1052.0,8.0,4.0,8.0,0.0,0.0,4.0,8.0,0.0,3.0,2.0,3.0,5.0,0.0,2.0,3.0,1.0,0.0,3.0,3.0,8.0,0.0,42.9,50.0,0.0,37.5,1.0,0.0,1.0,9.5,20.8,14.1,0.0,9.1,8.5,17.7,27.2,
2479769,13,980023,GEIEG PACISA,AWAY,2239082,N. Mitjanas Costa,N. Mitjanas Costa,1,21.2,1271.0,4.0,2.0,6.0,0.0,1.0,2.0,7.0,0.0,0.0,0.0,1.0,1.0,1.0,1.0,2.0,0.0,0.0,1.0,0.0,1.0,-2.0,28.6,28.6,14.3,0.0,0.7,0.0,0.0,0.0,5.7,2.3,8.7,5.0,0.0,12.5,15.9,
2479770,13,982048,EL PLANTEL GMASB,HOME,2819272,D. Ryzinska,D. Ryzinska,0,20.1,1203.0,4.0,2.0,6.0,0.0,1.0,2.0,7.0,0.0,0.0,0.0,3.0,3.0,2.0,0.0,0.0,0.0,1.0,2.0,0.0,2.0,-6.0,28.6,28.6,14.3,0.0,0.7,0.0,0.0,0.0,16.1,8.0,30.8,0.0,0.0,0.0,17.1,
2479770,13,982048,EL PLANTEL GMASB,HOME,2124275,C. Villanueva Lazaro,C. Villanueva Lazaro,0,12.0,721.0,0.0,0.0,3.0,0.0,1.0,0.0,4.0,0.0,0.0,0.0,2.0,2.0,1.0,3.0,0.0,0.0,1.0,2.0,0.0,-6.0,-5.0,0.0,0.0,25.0,0.0,0.0,0.0,0.0,0.0,18.0,8.9,19.6,0.0,0.0,42.9,28.6,
2479770,13,982048,EL PLANTEL GMASB,HOME,1974272,R. Revueltas Pareja,R. Revueltas Pareja,1,19.5,1172.0,1.0,0.0,3.0,0.0,1.0,0.0,4.0,1.0,2.0,0.0,4.0,4.0,1.0,2.0,0.0,0.0,0.0,3.0,4.0,0.0,-3.0,10.2,0.0,25.0,50.0,0.0,0.0,0.5,0.0,22.2,10.9,11.8,0.0,0.0,29.1,17.3,
2479770,13,982048,EL PLANTEL GMASB,HOME,2819274,O. Schlegl,O. Schlegl,0,12.2,735.0,0.0,0.0,2.0,0.0,2.0,0.0,4.0,0.0,0.0,0.0,0.0,0.0,0.0,0.0,0.0,0.0,1.0,0.0,0.0,-4.0,-6.0,0.0,0.0,50.0,0.0,0.0,0.0,0.0,0.0,0.0,0.0,0.0,0.0,0.0,0.0,16.1,
2479770,13,982048,EL PLANTEL GMASB,HOME,2232865,M. Sanchez Valenzuela,M. Sanchez Valenzuela,1,26.3,1580.0,7.0,2.0,2.0,1.0,4.0,3.0,6.0,0.0,0.0,0.0,1.0,1.0,0.0,1.0,1.0,0.0,0.0,4.0,1.0,2.0,-16.0,58.3,58.3,66.7,0.0,2.0,0.8,0.0,0.0,4.1,2.0,0.0,2.1,0.0,14.3,13.0,
2479770,13,982048,EL PLANTEL GMASB,HOME,1111828,L. Fernandez Fiel,L. Fernandez Fiel,1,32.5,1949.0,13.0,4.0,10.0,1.0,7.0,5.0,17.0,2.0,2.0,1.0,2.0,3.0,0.0,2.0,1.0,0.0,1.0,2.0,6.0,7.0,-11.0,36.4,32.4,41.2,11.8,0.8,0.4,0.3,3.2,6.7,4.9,0.0,1.7,0.0,10.1,30.0,
2479770,13,982048,EL PLANTEL GMASB,HOME,2112760,M. Diaz Torres,M. Diaz Torres,1,11.5,692.0,0.0,0.0,2.0,0.0,0.0,0.0,2.0,0.0,0.0,2.0,2.0,4.0,0.0,0.0,1.0,0.0,0.0,4.0,0.0,-1.0,-3.0,0.0,0.0,0.0,0.0,0.0,0.0,0.0,18.3,18.8,18.6,0.0,4.9,0.0,0.0,8.5,
2479770,13,982048,EL PLANTEL GMASB,HOME,1080472,P. Benet Edo,P. Benet Edo,0,18.2,1093.0,6.0,2.0,3.0,0.0,2.0,2.0,5.0,2.0,4.0,1.0,1.0,2.0,2.0,1.0,0.0,0.0,0.0,0.0,3.0,7.0,-1.0,44.4,40.0,40.0,80.0,1.3,0.0,1.3,5.8,5.9,5.9,30.8,0.0,0.0,12.9,20.9,
2479770,13,982048,EL PLANTEL GMASB,HOME,2202075,M. Garcia Garrido,M. Garcia Garrido,0,2.0,120.0,0.0,0.0,0.0,0.0,0.0,0.0,0.0,0.0,0.0,0.0,0.0,0.0,0.0,0.0,0.0,0.0,0.0,0.0,0.0,0.0,-6.0,0.0,0.0,0.0,0.0,0.0,0.0,0.0,0.0,0.0,0.0,0.0,0.0,0.0,0.0,0.0,
2479770,13,982048,EL PLANTEL GMASB,HOME,2364455,T. Sene,T. Sene,0,14.3,860.0,3.0,1.0,3.0,0.0,0.0,1.0,3.0,1.0,3.0,0.0,1.0,1.0,0.0,0.0,2.0,0.0,0.0,1.0,2.0,3.0,-5.0,34.7,33.3,0.0,100.0,0.7,0.0,1.5,0.0,7.6,3.7,0.0,7.8,0.0,0.0,14.8,
2479770,13,982048,EL PLANTEL GMASB,HOME,2746773,O. Betancourt Labrador,O. Betancourt Labrador,1,31.2,1875.0,12.0,4.0,11.0,0.0,0.0,4.0,11.0,4.0,4.0,3.0,12.0,15.0,0.0,3.0,0.0,0.0,0.0,0.0,3.0,20.0,-13.0,47.0,36.4,0.0,36.4,0.7,0.0,1.3,10.1,41.6,25.6,0.0,0.0,0.0,19.0,24.8,
2479770,13,981286,ESCO GRUPO FEMENINO ALCORCON,AWAY,2095287,G. Escorial Ferrero,G. Escorial Ferrero,0,24.7,1482.0,11.0,2.0,2.0,1.0,1.0,3.0,3.0,4.0,6.0,4.0,11.0,15.0,3.0,3.0,2.0,3.0,0.0,3.0,3.0,29.0,6.0,97.5,116.7,33.3,200.0,2.0,3.0,2.0,17.5,46.9,32.4,35.7,4.3,10.8,34.7,17.4,
2479770,13,981286,ESCO GRUPO FEMENINO ALCORCON,AWAY,2162538,C. Del Amo Sevillano,C. Del Amo Sevillano,1,30.6,1835.0,22.0,1.0,3.0,6.0,9.0,7.0,12.0,2.0,4.0,1.0,4.0,5.0,0.0,4.0,1.0,0.0,0.0,3.0,3.0,17.0,24.0,79.9,83.3,75.0,33.3,0.7,2.0,1.3,3.5,13.8,8.7,0.0,1.8,0.0,22.5,28.8,
2479770,13,981286,ESCO GRUPO FEMENINO ALCORCON,AWAY,2182200,L. Bernardo Perez,L. Bernardo Perez,0,10.9,652.0,0.0,0.0,1.0,0.0,4.0,0.0,5.0,0.0,0.0,0.0,1.0,1.0,0.0,0.0,0.0,0.0,0.0,0.0,1.0,-3.0,-5.0,0.0,0.0,80.0,0.0,0.0,0.0,0.0,0.0,9.7,4.9,0.0,0.0,0.0,0.0,22.8,
2479770,13,981286,ESCO GRUPO FEMENINO ALCORCON,AWAY,2012796,M. Blanco Eusebio,M. Blanco Eusebio,1,34.4,2065.0,10.0,0.0,1.0,3.0,7.0,3.0,8.0,1.0,4.0,0.0,5.0,5.0,3.0,1.0,3.0,0.0,0.0,2.0,4.0,14.0,10.0,51.2,56.2,87.5,50.0,0.0,1.3,1.0,0.0,15.3,7.8,21.3,4.7,0.0,9.3,15.5,
2479770,13,981286,ESCO GRUPO FEMENINO ALCORCON,AWAY,1535457,M. Aranda Fraile,M. Aranda Fraile,1,31.0,1859.0,6.0,0.0,0.0,2.0,11.0,2.0,11.0,0.0,1.0,1.0,5.0,6.0,2.0,2.0,1.0,0.0,0.0,3.0,0.0,0.0,14.0,26.2,27.3,100.0,9.1,0.0,0.5,0.0,3.5,17.0,10.3,15.2,1.7,0.0,14.9,21.5,
2479770,13,981286,ESCO GRUPO FEMENINO ALCORCON,AWAY,2822982,Y. Sifaoui Bucero,Y. Sifaoui Bucero,1,22.3,1340.0,3.0,1.0,5.0,0.0,1.0,1.0,6.0,1.0,4.0,1.0,3.0,4.0,1.0,1.0,0.0,0.0,0.0,2.0,3.0,0.0,10.0,19.3,16.7,16.7,66.7,0.4,0.0,1.3,4.8,14.2,9.6,9.6,0.0,0.0,11.4,19.5,
2479770,13,981286,ESCO GRUPO FEMENINO ALCORCON,AWAY,2819126,L. Vulovic,L. Vulovic,0,2.4,144.0,0.0,0.0,0.0,0.0,0.0,0.0,0.0,0.0,0.0,0.0,0.0,0.0,0.0,0.0,0.0,0.0,0.0,1.0,0.0,-1.0,-6.0,0.0,0.0,0.0,0.0,0.0,0.0,0.0,0.0,0.0,0.0,0.0,0.0,0.0,0.0,0.0,
2479770,13,981286,ESCO GRUPO FEMENINO ALCORCON,AWAY,2164976,A. Martínez Mora,A. Martínez Mora,0,19.2,1155.0,5.0,2.0,2.0,0.0,3.0,2.0,5.0,1.0,3.0,0.0,0.0,0.0,1.0,1.0,2.0,0.0,0.0,3.0,3.0,2.0,7.0,39.6,40.0,60.0,60.0,2.0,0.0,1.0,0.0,0.0,0.0,13.3,5.6,0.0,13.7,18.9,
2479770,13,981286,ESCO GRUPO FEMENINO ALCORCON,AWAY,2176383,I. Camiña Rodriguez,I. Camiña Rodriguez,1,24.5,1468.0,4.0,1.0,3.0,0.0,4.0,1.0,7.0,2.0,2.0,2.0,2.0,4.0,6.0,1.0,0.0,1.0,0.0,2.0,1.0,7.0,15.0,25.4,14.3,57.1,28.6,0.7,0.0,2.0,8.8,8.6,8.7,57.7,0.0,3.6,11.3,18.0,
2479771,13,981167,SEGLE XXI,HOME,2153172,M. Cintas Diaz,M. Cintas Diaz,1,24.4,1465.0,6.0,0.0,5.0,1.0,3.0,1.0,8.0,3.0,4.0,0.0,0.0,0.0,8.0,0.0,5.0,0.0,0.0,2.0,6.0,15.0,20.0,30.7,18.8,37.5,50.0,0.0,1.0,0.7,0.0,0.0,0.0,59.7,10.4,0.0,0.0,17.3,
2479771,13,981167,SEGLE XXI,HOME,2289362,D. Garcia Dominguez,D. Garcia Dominguez,0,24.6,1474.0,3.0,0.0,4.0,1.0,3.0,1.0,7.0,0.0,0.0,0.0,3.0,3.0,2.0,1.0,0.0,0.0,0.0,2.0,1.0,0.0,12.0,21.4,21.4,42.9,0.0,0.0,1.0,0.0,0.0,16.3,7.2,14.9,0.0,0.0,12.5,14.1,
2479771,13,981167,SEGLE XXI,HOME,2448425,N. Cordón Elizarán,N. Cordón Elizarán,0,3.0,182.0,0.0,0.0,0.0,0.0,0.0,0.0,0.0,0.0,0.0,0.0,1.0,1.0,0.0,0.0,1.0,0.0,0.0,0.0,0.0,2.0,-2.0,0.0,0.0,0.0,0.0,0.0,0.0,0.0,0.0,44.4,19.6,0.0,17.0,0.0,0.0,0.0,
2479771,13,981167,SEGLE XXI,HOME,2528757,I. Garcia Fernandez,I. Garcia Fernandez,1,22.0,1322.0,9.0,2.0,6.0,1.0,1.0,3.0,7.0,2.0,2.0,2.0,2.0,4.0,2.0,2.0,3.0,0.0,0.0,1.0,1.0,12.0,10.0,57.1,50.0,14.3,28.6,0.7,3.0,2.0,9.6,12.1,10.7,17.5,7.0,0.0,20.2,19.4,
2479771,13,981167,SEGLE XXI,HOME,2244483,S. Nde Akawung,S. Nde Akawung,1,22.4,1347.0,12.0,2.0,5.0,2.0,5.0,4.0,10.0,2.0,2.0,2.0,0.0,2.0,1.0,1.0,1.0,1.0,0.0,3.0,3.0,10.0,18.0,55.1,50.0,50.0,20.0,0.8,1.2,0.7,9.4,0.0,5.3,9.6,2.3,4.6,8.4,22.9,
2479771,13,981167,SEGLE XXI,HOME,2196865,M. Carbó Medina,M. Carbó Medina,0,17.1,1023.0,1.0,0.0,2.0,0.0,3.0,0.0,5.0,1.0,2.0,0.0,4.0,4.0,2.0,2.0,1.0,0.0,0.0,1.0,1.0,0.0,-1.0,8.5,0.0,60.0,40.0,0.0,0.0,2.0,0.0,31.2,13.8,20.8,3.0,0.0,25.4,19.9,
2479771,13,981167,SEGLE XXI,HOME,2528756,M. Zarzuelo Oroz,M. Zarzuelo Oroz,0,5.7,344.0,0.0,0.0,1.0,0.0,0.0,0.0,1.0,0.0,0.0,1.0,0.0,1.0,0.0,1.0,0.0,0.0,0.0,0.0,0.0,-1.0,0.0,0.0,0.0,0.0,0.0,0.0,0.0,0.0,18.5,0.0,10.3,0.0,0.0,0.0,50.0,15.2,
2479771,13,981167,SEGLE XXI,HOME,2639399,S. Okafor Ofoegbu,S. Okafor Ofoegbu,1,27.3,1637.0,16.0,4.0,9.0,1.0,6.0,5.0,15.0,5.0,6.0,2.0,4.0,6.0,1.0,1.0,1.0,0.0,2.0,3.0,2.0,11.0,21.0,45.4,36.7,40.0,40.0,0.9,0.5,3.0,7.7,19.5,12.9,8.5,1.9,0.0,5.4,29.5,
2479771,13,981167,SEGLE XXI,HOME,2454402,S. Fernandez De Cuevas Martinez,S. Fernandez De Cuevas Martinez,1,22.6,1356.0,16.0,2.0,4.0,2.0,5.0,4.0,9.0,6.0,6.0,0.0,2.0,2.0,1.0,1.0,2.0,0.0,0.0,2.0,4.0,17.0,22.0,68.7,55.6,55.6,66.7,1.0,1.2,1.5,0.0,11.8,5.2,9.6,4.5,0.0,7.9,24.2,
2479771,13,981167,SEGLE XXI,HOME,2229661,B. Asensio Senosiáin,B. Asensio Senosiáin,0,16.1,968.0,12.0,3.0,3.0,2.0,2.0,5.0,5.0,0.0,0.0,2.0,3.0,5.0,0.0,0.0,0.0,1.0,0.0,2.0,0.0,16.0,14.0,120.0,120.0,40.0,0.0,2.0,3.0,0.0,13.1,24.8,18.3,0.0,0.0,6.4,0.0,13.4,
2479771,13,981167,SEGLE XXI,HOME,2461439,A. Smykovskaia,A. Smykovskaia,0,14.7,882.0,3.0,1.0,4.0,0.0,0.0,1.0,4.0,1.0,2.0,2.0,4.0,6.0,1.0,2.0,0.0,2.0,0.0,1.0,2.0,7.0,16.0,30.7,25.0,0.0,50.0,0.5,0.0,1.0,14.3,36.3,24.0,11.6,0.0,14.0,29.1,20.2,
2479771,13,981335,CESUR DISTRITO OLIMPICO,AWAY,2286837,B. Arranz Albero,B. Arranz Albero,1,24.3,1457.0,12.0,0.0,4.0,2.0,3.0,2.0,7.0,6.0,6.0,0.0,3.0,3.0,0.0,4.0,1.0,0.0,1.0,2.0,4.0,9.0,-20.0,62.2,42.9,42.9,85.7,0.0,2.0,1.5,0.0,13.0,7.3,0.0,2.0,0.0,29.3,26.3,
2479771,13,981335,CESUR DISTRITO OLIMPICO,AWAY,1811220,S. Francisco Abos,S. Francisco Abos,0,15.7,943.0,8.0,1.0,5.0,2.0,4.0,3.0,9.0,0.0,0.0,1.0,0.0,1.0,3.0,2.0,1.0,0.0,1.0,3.0,2.0,4.0,-6.0,44.4,44.4,44.4,0.0,0.4,1.5,0.0,8.5,0.0,3.7,71.4,3.1,0.0,18.2,32.8,
2479771,13,981335,CESUR DISTRITO OLIMPICO,AWAY,2031383,A. Picos Porras,A. Picos Porras,1,25.0,1501.0,15.0,7.0,9.0,0.0,1.0,7.0,10.0,1.0,3.0,2.0,3.0,5.0,1.0,3.0,1.0,0.0,1.0,3.0,3.0,14.0,-18.0,66.3,70.0,10.0,30.0,1.6,0.0,1.0,10.7,12.6,11.8,26.3,2.0,0.0,20.9,26.8,
2479771,13,981335,CESUR DISTRITO OLIMPICO,AWAY,1871488,M. Gomez Hernandez,M. Gomez Hernandez,1,17.4,1045.0,0.0,0.0,2.0,0.0,0.0,0.0,2.0,0.0,0.0,0.0,4.0,4.0,3.0,4.0,0.0,1.0,0.0,4.0,0.0,-2.0,-9.0,0.0,0.0,0.0,0.0,0.0,0.0,0.0,0.0,24.2,13.5,41.7,0.0,5.3,66.7,16.1,
2479771,13,981335,CESUR DISTRITO OLIMPICO,AWAY,2404419,P. Alonso-Basurto Cumplido,P. Alonso-Basurto Cumplido,0,17.6,1054.0,2.0,1.0,2.0,0.0,0.0,1.0,2.0,0.0,0.0,2.0,3.0,5.0,1.0,2.0,0.0,0.0,0.0,1.0,1.0,5.0,-9.0,50.0,50.0,0.0,0.0,1.0,0.0,0.0,15.2,17.9,16.7,16.1,0.0,0.0,50.0,10.6,
2479771,13,981335,CESUR DISTRITO OLIMPICO,AWAY,2035834,M. Martinez Majan,M. Martinez Majan,0,4.8,291.0,0.0,0.0,0.0,0.0,0.0,0.0,0.0,0.0,2.0,0.0,0.0,0.0,0.0,0.0,0.0,0.0,0.0,1.0,1.0,-2.0,-4.0,0.0,0.0,0.0,0.0,0.0,0.0,2.0,0.0,0.0,0.0,0.0,0.0,0.0,0.0,8.6,
2479771,13,981335,CESUR DISTRITO OLIMPICO,AWAY,2226680,J. Masip Lámbarri,J. Masip Lámbarri,0,12.6,758.0,0.0,0.0,1.0,0.0,0.0,0.0,1.0,0.0,0.0,0.0,1.0,1.0,0.0,0.0,0.0,0.0,0.0,3.0,0.0,-3.0,-3.0,0.0,0.0,0.0,0.0,0.0,0.0,0.0,0.0,8.4,4.7,0.0,0.0,0.0,0.0,3.7,
2479771,13,981335,CESUR DISTRITO OLIMPICO,AWAY,1832824,C. Leal Flores,C. Leal Flores,1,12.0,719.0,4.0,0.0,1.0,1.0,1.0,1.0,2.0,1.0,2.0,0.0,1.0,1.0,1.0,1.0,0.0,0.0,1.0,2.0,1.0,2.0,-13.0,69.4,75.0,50.0,100.0,0.0,3.0,2.0,0.0,8.8,4.9,22.7,0.0,0.0,25.8,15.1,
2479771,13,981335,CESUR DISTRITO OLIMPICO,AWAY,1562695,A. González Ramírez,A. González Ramírez,0,23.5,1408.0,0.0,0.0,2.0,0.0,1.0,0.0,3.0,0.0,0.0,1.0,1.0,2.0,1.0,2.0,0.0,1.0,0.0,1.0,2.0,0.0,-9.0,0.0,0.0,33.3,0.0,0.0,0.0,0.0,5.7,4.5,5.0,9.3,0.0,4.0,40.0,10.0,
2479771,13,981335,CESUR DISTRITO OLIMPICO,AWAY,2160293,V. Lopez Riaño,V. Lopez Riaño,1,24.8,1487.0,7.0,3.0,7.0,0.0,0.0,3.0,7.0,1.0,2.0,0.0,7.0,7.0,1.0,2.0,1.0,0.0,0.0,1.0,2.0,10.0,-22.0,44.4,42.9,0.0,28.6,0.9,0.0,1.0,0.0,29.7,16.6,12.8,2.0,0.0,20.2,18.6,
2479771,13,981335,CESUR DISTRITO OLIMPICO,AWAY,1677519,R. Flores Aguado,R. Flores Aguado,0,22.3,1337.0,4.0,1.0,6.0,0.0,3.0,1.0,9.0,2.0,2.0,1.0,4.0,5.0,3.0,6.0,1.0,0.0,0.0,0.0,1.0,0.0,-17.0,20.2,11.1,33.3,22.2,0.3,0.0,2.0,6.0,18.9,13.2,30.6,2.2,0.0,37.8,33.3,
2479772,13,979775,BASKET ALMEDA,HOME,1929994,M. Garcia Menéndez,M. Garcia Menéndez,0,13.3,798.0,6.0,2.0,4.0,0.0,0.0,2.0,4.0,2.0,4.0,0.0,1.0,1.0,0.0,1.0,0.0,0.0,0.0,1.0,3.0,4.0,-3.0,52.1,50.0,0.0,100.0,1.0,0.0,1.3,0.0,8.6,4.9,0.0,0.0,0.0,14.8,27.2,
2479772,13,979775,BASKET ALMEDA,HOME,2219057,I. Homs Fatjo,I. Homs Fatjo,0,15.5,930.0,5.0,2.0,3.0,0.0,1.0,2.0,4.0,1.0,2.0,0.0,1.0,1.0,2.0,2.0,2.0,0.0,0.0,1.0,1.0,5.0,-1.0,51.2,50.0,25.0,50.0,1.3,0.0,2.0,0.0,7.4,4.2,25.0,6.6,0.0,29.1,23.8,
2479772,13,979775,BASKET ALMEDA,HOME,1893303,L. Tierno Martí,L. Tierno Martí,1,24.0,1442.0,16.0,1.0,2.0,4.0,5.0,5.0,7.0,2.0,2.0,0.0,7.0,7.0,3.0,1.0,1.0,0.0,1.0,4.0,5.0,25.0,8.0,101.5,100.0,71.4,28.6,1.0,2.4,0.4,0.0,33.3,19.1,30.0,2.1,0.0,11.3,19.8,
2479772,13,979775,BASKET ALMEDA,HOME,1398197,C. Tapia Palacio,C. Tapia Palacio,1,23.1,1384.0,2.0,0.0,2.0,0.0,1.0,0.0,3.0,2.0,4.0,0.0,1.0,1.0,6.0,1.0,1.0,1.0,1.0,0.0,5.0,10.0,6.0,21.0,0.0,33.3,133.3,0.0,0.0,0.8,0.0,4.9,2.8,40.0,2.2,3.9,17.4,13.4,
2479772,13,979775,BASKET ALMEDA,HOME,1737538,C. Pujol Martinez,C. Pujol Martinez,1,24.8,1486.0,7.0,2.0,6.0,1.0,3.0,3.0,9.0,0.0,0.0,1.0,3.0,4.0,1.0,0.0,0.0,1.0,0.0,1.0,0.0,6.0,7.0,38.9,38.9,33.3,0.0,0.7,1.0,0.0,6.2,13.8,10.6,8.3,0.0,3.7,0.0,19.4,
2479772,13,979775,BASKET ALMEDA,HOME,2157230,L. Jove Fuste,L. Jove Fuste,0,15.5,931.0,2.0,1.0,1.0,0.0,2.0,1.0,3.0,0.0,4.0,1.0,1.0,2.0,3.0,2.0,1.0,0.0,1.0,2.0,2.0,0.0,-4.0,21.0,33.3,66.7,133.3,2.0,0.0,2.0,9.9,7.4,8.5,33.3,3.3,0.0,29.6,23.4,
2479772,13,979775,BASKET ALMEDA,HOME,2053836,C. Moreno Mengibar,C. Moreno Mengibar,1,22.7,1364.0,7.0,3.0,4.0,0.0,0.0,3.0,4.0,1.0,2.0,2.0,2.0,4.0,2.0,3.0,0.0,0.0,0.0,3.0,1.0,6.0,-1.0,71.7,75.0,0.0,50.0,1.5,0.0,2.0,13.6,10.1,11.6,16.7,0.0,0.0,38.1,18.6,
2479772,13,979775,BASKET ALMEDA,HOME,2054903,A. Cojocariu,A. Cojocariu,1,14.1,843.0,5.0,1.0,1.0,1.0,3.0,2.0,4.0,0.0,0.0,0.0,3.0,3.0,1.0,1.0,0.0,0.0,0.0,3.0,0.0,3.0,3.0,62.5,62.5,75.0,0.0,2.0,1.0,0.0,0.0,24.3,14.0,12.5,0.0,0.0,20.0,19.0,
2479772,13,979775,BASKET ALMEDA,HOME,2147731,D. Peris Fons,D. Peris Fons,0,17.3,1036.0,7.0,3.0,4.0,0.0,0.0,3.0,4.0,1.0,2.0,1.0,4.0,5.0,0.0,1.0,1.0,1.0,0.0,3.0,1.0,9.0,5.0,71.7,75.0,0.0,50.0,1.5,0.0,2.0,8.9,26.4,19.0,0.0,3.0,5.3,17.0,18.2,
2479772,13,979775,BASKET ALMEDA,HOME,2440587,M. Coll-Vinent Olle,M. Coll-Vinent Olle,0,15.2,914.0,3.0,1.0,3.0,0.0,0.0,1.0,3.0,1.0,2.0,0.0,0.0,0.0,2.0,1.0,3.0,0.0,1.0,2.0,1.0,3.0,-3.0,38.7,33.3,0.0,66.7,0.7,0.0,2.0,0.0,0.0,0.0,22.2,10.1,0.0,20.5,17.2,
2479772,13,979775,BASKET ALMEDA,HOME,2353429,J. Neyhart Mora,J. Neyhart Mora,0,14.5,872.0,7.0,2.0,2.0,1.0,3.0,3.0,5.0,0.0,0.0,2.0,3.0,5.0,0.0,2.0,0.0,0.0,0.0,2.0,1.0,7.0,3.0,70.0,70.0,60.0,0.0,2.0,1.0,0.0,21.2,23.6,22.6,0.0,0.0,0.0,28.6,25.9,
2479772,13,981227,DPES CB CIUDAD DE MOSTOLES,AWAY,2040603,P. Gonzalez Gonzalez,P. Gonzalez Gonzalez,0,26.2,1571.0,13.0,3.0,10.0,0.0,5.0,3.0,15.0,7.0,10.0,1.0,1.0,2.0,1.0,4.0,8.0,0.0,1.0,4.0,7.0,8.0,0.0,33.5,20.0,33.3,66.7,0.6,0.0,1.4,4.4,5.9,5.0,8.5,18.0,0.0,17.1,40.9,
2479772,13,981227,DPES CB CIUDAD DE MOSTOLES,AWAY,2162836,D. Vaquero Martinez,D. Vaquero Martinez,0,14.2,855.0,6.0,2.0,2.0,0.0,1.0,2.0,3.0,2.0,4.0,0.0,1.0,1.0,0.0,1.0,0.0,0.0,0.0,1.0,2.0,4.0,-7.0,63.0,66.7,33.3,133.3,2.0,0.0,2.0,0.0,10.8,4.6,0.0,0.0,0.0,17.4,18.6,
2479772,13,981227,DPES CB CIUDAD DE MOSTOLES,AWAY,1178705,A. Peredo Lopez,A. Peredo Lopez,1,18.6,1115.0,2.0,1.0,3.0,0.0,4.0,1.0,7.0,0.0,0.0,1.0,2.0,3.0,2.0,1.0,0.0,0.0,1.0,0.0,0.0,0.0,-4.0,14.3,14.3,57.1,0.0,0.7,0.0,0.0,6.1,16.5,10.6,21.1,0.0,0.0,12.5,19.7,
2479772,13,981227,DPES CB CIUDAD DE MOSTOLES,AWAY,1819108,N. Gomez Cobo,N. Gomez Cobo,0,25.4,1526.0,5.0,1.0,3.0,1.0,2.0,2.0,5.0,0.0,0.0,0.0,5.0,5.0,2.0,2.0,0.0,0.0,0.0,1.0,2.0,8.0,0.0,50.0,50.0,40.0,0.0,0.7,1.5,0.0,0.0,30.3,12.9,18.9,0.0,0.0,28.6,12.6,
2479772,13,981227,DPES CB CIUDAD DE MOSTOLES,AWAY,2035086,M. Gamez Martinez,M. Gamez Martinez,0,11.9,713.0,1.0,0.0,0.0,0.0,1.0,0.0,1.0,1.0,2.0,1.0,0.0,1.0,1.0,1.0,0.0,1.0,0.0,1.0,1.0,1.0,-4.0,26.6,0.0,100.0,200.0,0.0,0.0,2.0,9.6,0.0,5.5,15.9,0.0,10.5,34.7,11.1,
2479772,13,981227,DPES CB CIUDAD DE MOSTOLES,AWAY,1589173,M. Correa Villalona,M. Correa Villalona,1,18.1,1089.0,2.0,0.0,2.0,0.0,0.0,0.0,2.0,2.0,4.0,1.0,1.0,2.0,1.0,1.0,1.0,0.0,0.0,5.0,2.0,-2.0,8.0,26.6,0.0,0.0,200.0,0.0,0.0,2.0,6.3,8.5,7.2,9.5,3.3,0.0,21.0,12.0,
2479772,13,981227,DPES CB CIUDAD DE MOSTOLES,AWAY,1434653,B. Martinez Sanz,B. Martinez Sanz,1,24.0,1441.0,15.0,4.0,8.0,2.0,3.0,6.0,11.0,1.0,2.0,0.0,1.0,1.0,1.0,0.0,1.0,1.0,0.0,3.0,2.0,12.0,-6.0,63.1,63.6,27.3,18.2,1.0,2.0,1.0,0.0,6.4,2.7,15.2,2.5,5.2,0.0,22.7,
2479772,13,981227,DPES CB CIUDAD DE MOSTOLES,AWAY,1740994,B. Rodríguez Bazaga,B. Rodríguez Bazaga,1,25.7,1542.0,3.0,1.0,3.0,0.0,3.0,1.0,6.0,1.0,1.0,0.0,2.0,2.0,0.0,0.0,1.0,1.0,1.0,2.0,1.0,1.0,-3.0,23.3,16.7,50.0,16.7,0.7,0.0,1.0,0.0,12.0,5.1,0.0,2.3,4.9,0.0,11.5,
2479772,13,981227,DPES CB CIUDAD DE MOSTOLES,AWAY,1871083,A. Quesada Romero,A. Quesada Romero,0,0.3,16.0,0.0,0.0,0.0,0.0,0.0,0.0,0.0,0.0,0.0,0.0,0.0,0.0,0.0,0.0,0.0,0.0,0.0,0.0,0.0,0.0,0.0,0.0,0.0,0.0,0.0,0.0,0.0,0.0,0.0,0.0,0.0,0.0,0.0,0.0,0.0,0.0,
2479772,13,981227,DPES CB CIUDAD DE MOSTOLES,AWAY,2404223,E. Abubakar Arrey,E. Abubakar Arrey,1,35.5,2132.0,16.0,6.0,13.0,0.0,0.0,6.0,13.0,4.0,5.0,5.0,6.0,11.0,3.0,2.0,2.0,1.0,0.0,3.0,4.0,24.0,-4.0,52.6,46.2,0.0,38.5,0.9,0.0,1.2,16.1,26.0,20.3,23.3,3.3,3.5,11.6,22.2,
2479773,13,981212,ELSAMEX CB ANDRATX,HOME,2553411,N. Jeng,N. Jeng,1,17.4,1045.0,6.0,2.0,4.0,0.0,1.0,2.0,5.0,2.0,4.0,4.0,6.0,10.0,0.0,2.0,0.0,0.0,0.0,2.0,5.0,12.0,0.0,44.4,40.0,20.0,80.0,1.0,0.0,0.8,23.0,34.5,28.7,0.0,0.0,0.0,22.8,24.2,
2479773,13,981212,ELSAMEX CB ANDRATX,HOME,1461086,P. Comella Pons,P. Comella Pons,1,34.4,2064.0,15.0,0.0,5.0,5.0,9.0,5.0,14.0,0.0,0.0,0.0,6.0,6.0,1.0,2.0,1.0,0.0,0.0,2.0,0.0,10.0,6.0,53.6,53.6,64.3,0.0,0.0,1.7,0.0,0.0,17.4,8.7,7.7,1.6,0.0,12.5,22.4,
2479773,13,981212,ELSAMEX CB ANDRATX,HOME,2036170,A. Peregrina Garcia,A. Peregrina Garcia,1,32.0,1918.0,13.0,2.0,6.0,2.0,7.0,4.0,13.0,3.0,4.0,1.0,12.0,13.0,1.0,5.0,2.0,0.0,0.0,2.0,6.0,18.0,0.0,44.0,38.5,53.8,30.8,0.7,0.9,0.7,3.1,37.5,20.3,8.3,3.4,0.0,25.3,29.7,
2479773,13,981212,ELSAMEX CB ANDRATX,HOME,1762758,P. Charro Och,P. Charro Och,1,17.0,1018.0,6.0,3.0,5.0,0.0,2.0,3.0,7.0,0.0,0.0,0.0,2.0,2.0,0.0,0.0,0.0,0.0,0.0,3.0,0.0,1.0,7.0,42.9,42.9,28.6,0.0,1.2,0.0,0.0,0.0,11.8,5.9,0.0,0.0,0.0,0.0,19.8,
2479773,13,981212,ELSAMEX CB ANDRATX,HOME,1579078,H. Condom Rosell,H. Condom Rosell,0,22.7,1361.0,2.0,1.0,8.0,0.0,1.0,1.0,9.0,0.0,0.0,2.0,2.0,4.0,2.0,5.0,0.0,0.0,0.0,1.0,2.0,-4.0,-1.0,11.1,11.1,11.1,0.0,0.2,0.0,0.0,8.8,8.8,8.8,18.2,0.0,0.0,35.7,29.7,
2479773,13,981212,ELSAMEX CB ANDRATX,HOME,2148958,M. López Martí,M. López Martí,0,24.5,1468.0,3.0,0.0,2.0,1.0,3.0,1.0,5.0,0.0,0.0,0.0,1.0,1.0,3.0,0.0,2.0,0.0,0.0,2.0,0.0,3.0,-4.0,30.0,30.0,60.0,0.0,0.0,1.0,0.0,0.0,4.1,2.0,27.3,4.4,0.0,0.0,9.8,
2479773,13,981212,ELSAMEX CB ANDRATX,HOME,2276474,L. García Rivera,L. García Rivera,0,5.7,340.0,0.0,0.0,0.0,0.0,0.0,0.0,0.0,0.0,0.0,0.0,0.0,0.0,0.0,0.0,0.0,0.0,0.0,1.0,0.0,-1.0,-13.0,0.0,0.0,0.0,0.0,0.0,0.0,0.0,0.0,0.0,0.0,0.0,0.0,0.0,0.0,0.0,
2479773,13,981212,ELSAMEX CB ANDRATX,HOME,2043611,J. Ballester Manque,J. Ballester Manque,0,23.0,1382.0,2.0,1.0,4.0,0.0,0.0,1.0,4.0,0.0,0.0,1.0,3.0,4.0,1.0,0.0,1.0,0.0,0.0,3.0,0.0,2.0,6.0,25.0,25.0,0.0,0.0,0.5,0.0,0.0,4.3,13.0,8.7,9.1,2.3,0.0,0.0,8.4,
2479773,13,981212,ELSAMEX CB ANDRATX,HOME,2294809,P. Sans Cantallops,P. Sans Cantallops,1,23.4,1404.0,10.0,3.0,4.0,0.0,2.0,3.0,6.0,4.0,6.0,1.0,1.0,2.0,1.0,0.0,2.0,0.0,0.0,2.0,4.0,12.0,-6.0,57.9,50.0,33.3,100.0,1.5,0.0,1.5,4.3,4.3,4.3,11.1,4.6,0.0,0.0,17.8,
2479773,13,981414,HIERROS DÍAZ EXTREMADURA MIRALVALLE,AWAY,1707378,M. Pérez Castro,M. Pérez Castro,1,36.0,2162.0,12.0,2.0,11.0,1.0,3.0,3.0,14.0,5.0,6.0,0.0,5.0,5.0,2.0,0.0,1.0,0.0,0.0,3.0,8.0,13.0,4.0,36.1,25.0,21.4,42.9,0.4,1.0,0.8,0.0,13.9,6.9,14.2,1.5,0.0,0.0,22.8,
2479773,13,981414,HIERROS DÍAZ EXTREMADURA MIRALVALLE,AWAY,2818302,V. Michel,V. Michel,1,12.4,744.0,2.0,1.0,3.0,0.0,0.0,1.0,3.0,0.0,0.0,0.0,2.0,2.0,0.0,1.0,2.0,0.0,0.0,5.0,1.0,-1.0,4.0,33.3,33.3,0.0,0.0,0.7,0.0,0.0,0.0,16.1,8.1,0.0,8.7,0.0,25.0,15.9,
2479773,13,981414,HIERROS DÍAZ EXTREMADURA MIRALVALLE,AWAY,2557107,I. Serrano Alvarez,I. Serrano Alvarez,0,22.2,1333.0,5.0,1.0,2.0,1.0,3.0,2.0,5.0,0.0,0.0,1.0,4.0,5.0,1.0,1.0,0.0,0.0,0.0,2.0,1.0,6.0,1.0,50.0,50.0,60.0,0.0,1.0,1.0,0.0,4.5,18.0,11.3,10.6,0.0,0.0,16.7,13.3,
2479773,13,981414,HIERROS DÍAZ EXTREMADURA MIRALVALLE,AWAY,2734458,L. Navas Castro,L. Navas Castro,0,29.7,1782.0,13.0,2.0,5.0,3.0,7.0,5.0,12.0,0.0,0.0,1.0,1.0,2.0,3.0,3.0,3.0,0.0,0.0,2.0,1.0,10.0,1.0,54.2,54.2,58.3,0.0,0.8,1.3,0.0,3.4,3.4,3.4,36.1,5.4,0.0,20.0,24.9,
2479773,13,981414,HIERROS DÍAZ EXTREMADURA MIRALVALLE,AWAY,1158794,A. Fernandez Oraa,A. Fernandez Oraa,0,6.2,374.0,0.0,0.0,0.0,0.0,0.0,0.0,0.0,0.0,0.0,1.0,2.0,3.0,1.0,0.0,0.0,0.0,0.0,0.0,0.0,4.0,-2.0,0.0,0.0,0.0,0.0,0.0,0.0,0.0,16.1,32.3,24.2,26.3,0.0,0.0,0.0,0.0,
2479773,13,981414,HIERROS DÍAZ EXTREMADURA MIRALVALLE,AWAY,2566363,P. Laurenson Cheynel,P. Laurenson Cheynel,1,22.2,1333.0,2.0,1.0,5.0,0.0,1.0,1.0,6.0,0.0,0.0,0.0,1.0,1.0,0.0,2.0,0.0,0.0,0.0,1.0,0.0,-5.0,2.0,16.7,16.7,16.7,0.0,0.4,0.0,0.0,0.0,4.5,2.3,0.0,0.0,0.0,25.0,17.8,
2479773,13,981414,HIERROS DÍAZ EXTREMADURA MIRALVALLE,AWAY,2845561,S. Brown,S. Brown,1,19.0,1138.0,2.0,0.0,1.0,0.0,5.0,0.0,6.0,2.0,2.0,0.0,6.0,6.0,0.0,1.0,1.0,0.0,0.0,2.0,2.0,2.0,-7.0,14.5,0.0,83.3,33.3,0.0,0.0,1.0,0.0,31.6,15.8,0.0,2.8,0.0,12.7,20.4,
2479773,13,981414,HIERROS DÍAZ EXTREMADURA MIRALVALLE,AWAY,1984467,G. Lopez Cuesta,G. Lopez Cuesta,0,26.4,1585.0,11.0,3.0,5.0,0.0,0.0,3.0,5.0,5.0,6.0,3.0,6.0,9.0,1.0,2.0,0.0,0.0,0.0,2.0,3.0,17.0,4.0,72.0,60.0,0.0,120.0,1.2,0.0,2.0,11.4,22.7,17.0,9.7,0.0,0.0,20.7,18.0,
2479773,13,981414,HIERROS DÍAZ EXTREMADURA MIRALVALLE,AWAY,1529427,C. Lazaro Hernandez,C. Lazaro Hernandez,1,25.8,1549.0,11.0,1.0,4.0,3.0,8.0,4.0,12.0,0.0,0.0,1.0,4.0,5.0,0.0,2.0,2.0,0.0,0.0,0.0,2.0,10.0,-2.0,45.8,45.8,66.7,0.0,0.5,1.1,0.0,3.9,15.5,9.7,0.0,4.2,0.0,14.3,26.7,
2479774,14,981414,HIERROS DÍAZ EXTREMADURA MIRALVALLE,HOME,1707378,M. Pérez Castro,M. Pérez Castro,1,32.8,1965.0,16.0,7.0,10.0,0.0,4.0,7.0,14.0,2.0,4.0,0.0,6.0,6.0,3.0,1.0,3.0,0.0,0.0,2.0,2.0,18.0,-9.0,50.8,50.0,28.6,28.6,1.4,0.0,2.0,0.0,25.2,10.8,24.6,5.3,0.0,6.0,25.9,
2479774,14,981414,HIERROS DÍAZ EXTREMADURA MIRALVALLE,HOME,2818302,V. Michel,V. Michel,0,19.4,1164.0,7.0,3.0,6.0,0.0,0.0,3.0,6.0,1.0,2.0,2.0,1.0,3.0,0.0,2.0,0.0,0.0,0.0,2.0,1.0,3.0,-5.0,50.9,50.0,0.0,33.3,1.0,0.0,2.0,10.6,7.1,9.1,0.0,0.0,0.0,22.5,23.2,
2479774,14,981414,HIERROS DÍAZ EXTREMADURA MIRALVALLE,HOME,2557107,I. Serrano Alvarez,I. Serrano Alvarez,1,16.0,960.0,6.0,0.0,0.0,2.0,4.0,2.0,4.0,0.0,0.0,0.0,4.0,4.0,0.0,3.0,0.0,0.0,0.0,2.0,0.0,3.0,-17.0,75.0,75.0,100.0,0.0,0.0,1.5,0.0,0.0,34.5,14.7,0.0,0.0,0.0,42.9,22.1,
2479774,14,981414,HIERROS DÍAZ EXTREMADURA MIRALVALLE,HOME,2734458,L. Navas Castro,L. Navas Castro,0,10.4,625.0,3.0,0.0,3.0,1.0,1.0,1.0,4.0,0.0,0.0,1.0,0.0,1.0,2.0,1.0,0.0,0.0,0.0,2.0,1.0,1.0,-2.0,37.5,37.5,25.0,0.0,0.0,3.0,0.0,9.9,0.0,5.7,32.3,0.0,0.0,20.0,24.3,
2479774,14,981414,HIERROS DÍAZ EXTREMADURA MIRALVALLE,HOME,1158794,A. Fernandez Oraa,A. Fernandez Oraa,0,21.3,1280.0,5.0,1.0,1.0,1.0,2.0,2.0,3.0,0.0,2.0,2.0,0.0,2.0,0.0,1.0,1.0,0.0,0.0,1.0,1.0,4.0,1.0,64.4,83.3,66.7,66.7,2.0,1.5,2.0,9.6,0.0,5.5,0.0,2.7,0.0,20.5,11.6,
2479774,14,981414,HIERROS DÍAZ EXTREMADURA MIRALVALLE,HOME,2566363,P. Laurenson Cheynel,P. Laurenson Cheynel,1,36.8,2210.0,10.0,1.0,6.0,2.0,5.0,3.0,11.0,2.0,2.0,1.0,1.0,2.0,4.0,0.0,1.0,0.0,0.0,3.0,3.0,9.0,7.0,42.1,36.4,45.5,18.2,0.3,1.2,0.7,2.8,3.7,3.2,21.5,1.6,0.0,0.0,16.3,
2479774,14,981414,HIERROS DÍAZ EXTREMADURA MIRALVALLE,HOME,2845561,S. Brown,S. Brown,1,24.4,1462.0,9.0,2.0,5.0,1.0,4.0,3.0,9.0,2.0,2.0,0.0,4.0,4.0,0.0,1.0,1.0,1.0,1.0,0.0,2.0,10.0,7.0,45.5,38.9,44.4,22.2,0.8,0.8,1.0,0.0,22.6,9.6,0.0,2.4,4.6,9.2,22.6,
2479774,14,981414,HIERROS DÍAZ EXTREMADURA MIRALVALLE,HOME,1984467,G. Lopez Cuesta,G. Lopez Cuesta,0,20.2,1214.0,7.0,1.0,6.0,1.0,1.0,2.0,7.0,2.0,3.0,1.0,2.0,3.0,2.0,0.0,0.0,0.0,0.0,1.0,5.0,10.0,11.0,42.1,35.7,14.3,42.9,0.3,3.0,0.6,5.1,13.7,8.7,20.0,0.0,0.0,0.0,20.8,
2479774,14,981414,HIERROS DÍAZ EXTREMADURA MIRALVALLE,HOME,1529427,C. Lazaro Hernandez,C. Lazaro Hernandez,1,18.7,1120.0,3.0,1.0,1.0,0.0,3.0,1.0,4.0,1.0,1.0,1.0,2.0,3.0,1.0,1.0,0.0,0.0,0.0,2.0,1.0,2.0,-3.0,33.8,25.0,75.0,25.0,2.0,0.0,1.0,5.5,14.8,9.4,9.1,0.0,0.0,18.4,14.7,
2479774,14,979892,C. B. ISLA BONITA,AWAY,1131087,B. Armengol Vall,B. Armengol Vall,1,22.7,1362.0,13.0,3.0,5.0,2.0,5.0,5.0,10.0,1.0,2.0,0.0,1.0,1.0,3.0,0.0,0.0,0.0,0.0,1.0,3.0,13.0,-13.0,59.7,60.0,50.0,20.0,1.2,1.2,0.7,0.0,4.5,2.6,26.8,0.0,0.0,0.0,24.4,
2479774,14,979892,C. B. ISLA BONITA,AWAY,1870487,T. Gonzalez Soto,T. Gonzalez Soto,1,18.7,1120.0,2.0,1.0,2.0,0.0,2.0,1.0,4.0,0.0,0.0,0.0,5.0,5.0,2.0,5.0,0.0,0.0,0.0,2.0,0.0,-1.0,-5.0,25.0,25.0,50.0,0.0,1.0,0.0,0.0,0.0,27.4,15.7,16.0,0.0,0.0,55.6,24.5,
2479774,14,979892,C. B. ISLA BONITA,AWAY,1981139,S. Blanco Guitian,S. Blanco Guitian,0,2.4,144.0,0.0,0.0,0.0,0.0,1.0,0.0,1.0,0.0,0.0,1.0,0.0,1.0,0.0,2.0,0.0,0.0,0.0,0.0,0.0,-2.0,-3.0,0.0,0.0,100.0,0.0,0.0,0.0,0.0,57.5,0.0,24.5,0.0,0.0,0.0,66.7,63.6,
2479774,14,979892,C. B. ISLA BONITA,AWAY,1853281,I. Bautista Villaverde,I. Bautista Villaverde,0,15.8,949.0,3.0,0.0,0.0,1.0,2.0,1.0,2.0,0.0,0.0,0.0,1.0,1.0,0.0,0.0,1.0,0.0,0.0,0.0,0.0,4.0,0.0,75.0,75.0,100.0,0.0,0.0,1.5,0.0,0.0,6.5,3.7,0.0,3.6,0.0,0.0,6.4,
2479774,14,979892,C. B. ISLA BONITA,AWAY,2816643,E. Motekaitytè,E. Motekaitytè,1,20.5,1232.0,7.0,3.0,8.0,0.0,0.0,3.0,8.0,1.0,1.0,3.0,3.0,6.0,1.0,0.0,0.0,0.0,0.0,1.0,3.0,11.0,-8.0,41.5,37.5,0.0,12.5,0.8,0.0,0.3,20.2,15.0,17.2,9.5,0.0,0.0,0.0,20.9,
2479774,14,979892,C. B. ISLA BONITA,AWAY,2171960,M. Colom Elosúa,M. Colom Elosúa,1,29.1,1746.0,7.0,2.0,3.0,1.0,3.0,3.0,6.0,0.0,0.0,0.0,1.0,1.0,4.0,4.0,1.0,0.0,0.0,2.0,1.0,5.0,8.0,58.3,58.3,50.0,0.0,1.3,1.0,0.0,0.0,3.5,2.0,25.2,1.9,0.0,40.0,17.5,
2479774,14,979892,C. B. ISLA BONITA,AWAY,2524874,M. Vulovic,M. Vulovic,1,28.2,1693.0,8.0,3.0,7.0,0.0,0.0,3.0,7.0,2.0,2.0,3.0,12.0,15.0,2.0,4.0,1.0,1.0,1.0,2.0,3.0,20.0,-3.0,50.8,42.9,0.0,28.6,0.9,0.0,0.7,14.7,43.6,31.3,12.6,2.0,3.7,33.7,21.4,
2479774,14,979892,C. B. ISLA BONITA,AWAY,1471341,M. Rosales Elejabeita,M. Rosales Elejabeita,0,14.2,849.0,9.0,3.0,4.0,1.0,2.0,4.0,6.0,0.0,0.0,1.0,2.0,3.0,1.0,1.0,0.0,0.0,0.0,2.0,1.0,9.0,6.0,75.0,75.0,33.3,0.0,1.5,1.5,0.0,9.7,14.4,12.4,14.7,0.0,0.0,14.3,25.1,
2479774,14,979892,C. B. ISLA BONITA,AWAY,1372464,M. Carballo Diaz,M. Carballo Diaz,0,15.2,913.0,6.0,1.0,4.0,1.0,4.0,2.0,8.0,1.0,1.0,0.0,2.0,2.0,1.0,2.0,2.0,0.0,0.0,1.0,1.0,3.0,24.0,35.5,31.2,50.0,12.5,0.5,0.8,1.0,0.0,13.5,7.7,11.4,7.4,0.0,19.2,34.9,
2479774,14,979892,C. B. ISLA BONITA,AWAY,2816642,N. Cunill Peña,N. Cunill Peña,0,17.6,1054.0,4.0,2.0,3.0,0.0,0.0,2.0,3.0,0.0,0.0,1.0,3.0,4.0,1.0,0.0,1.0,0.0,0.0,2.0,1.0,8.0,3.0,66.7,66.7,0.0,0.0,1.3,0.0,0.0,7.8,17.5,13.4,11.4,3.2,0.0,0.0,8.7,
2479774,14,979892,C. B. ISLA BONITA,AWAY,2524609,A. Glomazic,A. Glomazic,0,15.6,938.0,9.0,0.0,0.0,3.0,3.0,3.0,3.0,0.0,0.0,0.0,1.0,1.0,0.0,0.0,0.0,0.0,0.0,4.0,2.0,8.0,1.0,150.0,150.0,100.0,0.0,0.0,3.0,0.0,0.0,6.6,3.8,0.0,0.0,0.0,0.0,9.8,
2479775,14,981212,ELSAMEX CB ANDRATX,HOME,2553411,N. Jeng,N. Jeng,1,12.2,733.0,11.0,2.0,5.0,1.0,2.0,3.0,7.0,4.0,6.0,2.0,1.0,3.0,0.0,2.0,1.0,0.0,0.0,4.0,3.0,6.0,14.0,57.1,50.0,28.6,85.7,0.8,1.5,2.0,21.9,9.4,15.1,0.0,3.9,0.0,17.2,42.6,
2479775,14,981212,ELSAMEX CB ANDRATX,HOME,1461086,P. Comella Pons,P. Comella Pons,1,36.2,2173.0,23.0,5.0,6.0,2.0,6.0,7.0,12.0,7.0,8.0,1.0,7.0,8.0,1.0,3.0,1.0,0.0,0.0,1.0,5.0,28.0,7.0,74.1,66.7,50.0,66.7,1.7,1.0,1.6,3.7,22.1,13.6,6.5,1.3,0.0,16.2,22.8,
2479775,14,981212,ELSAMEX CB ANDRATX,HOME,2036170,A. Peregrina Garcia,A. Peregrina Garcia,1,35.4,2126.0,10.0,4.0,8.0,0.0,1.0,4.0,9.0,2.0,3.0,0.0,6.0,6.0,5.0,6.0,3.0,0.0,0.0,2.0,7.0,17.0,10.0,48.4,44.4,11.1,33.3,1.0,0.0,0.4,0.0,19.4,10.4,27.0,4.0,0.0,36.8,20.6,
2479775,14,981212,ELSAMEX CB ANDRATX,HOME,2407584,D. Seguí García,D. Seguí García,0,2.7,164.0,2.0,1.0,1.0,0.0,1.0,1.0,2.0,0.0,0.0,0.0,0.0,0.0,0.0,2.0,1.0,0.0,0.0,2.0,0.0,-2.0,-4.0,50.0,50.0,50.0,0.0,2.0,0.0,0.0,0.0,0.0,0.0,0.0,17.5,0.0,50.0,66.2,
2479775,14,981212,ELSAMEX CB ANDRATX,HOME,1762758,P. Charro Och,P. Charro Och,1,24.3,1458.0,5.0,1.0,3.0,1.0,3.0,2.0,6.0,0.0,0.0,1.0,1.0,2.0,2.0,1.0,2.0,0.0,0.0,3.0,2.0,5.0,9.0,41.7,41.7,50.0,0.0,0.7,1.0,0.0,5.5,4.7,5.1,15.4,3.9,0.0,14.3,12.9,
2479775,14,981212,ELSAMEX CB ANDRATX,HOME,1579078,H. Condom Rosell,H. Condom Rosell,0,27.8,1667.0,9.0,3.0,5.0,0.0,0.0,3.0,5.0,3.0,6.0,1.0,6.0,7.0,1.0,1.0,0.0,1.0,0.0,3.0,3.0,12.0,-8.0,58.9,60.0,0.0,120.0,1.2,0.0,2.0,4.8,24.7,15.5,6.9,0.0,3.5,11.6,13.9,
2479775,14,981212,ELSAMEX CB ANDRATX,HOME,2148958,M. López Martí,M. López Martí,0,15.1,904.0,0.0,0.0,1.0,0.0,3.0,0.0,4.0,0.0,0.0,1.0,1.0,2.0,1.0,6.0,0.0,0.0,0.0,0.0,0.0,-7.0,-11.0,0.0,0.0,75.0,0.0,0.0,0.0,0.0,8.8,7.6,8.2,10.0,0.0,0.0,60.0,29.6,
2479775,14,981212,ELSAMEX CB ANDRATX,HOME,2276474,L. García Rivera,L. García Rivera,0,12.8,771.0,0.0,0.0,1.0,0.0,0.0,0.0,1.0,0.0,0.0,0.0,0.0,0.0,0.0,1.0,0.0,0.0,0.0,1.0,0.0,-3.0,-2.0,0.0,0.0,0.0,0.0,0.0,0.0,0.0,0.0,0.0,0.0,0.0,0.0,0.0,50.0,7.0,
2479775,14,981212,ELSAMEX CB ANDRATX,HOME,2294809,P. Sans Cantallops,P. Sans Cantallops,1,33.4,2004.0,13.0,3.0,4.0,2.0,3.0,5.0,7.0,1.0,1.0,1.0,4.0,5.0,3.0,4.0,1.0,0.0,0.0,3.0,1.0,14.0,15.0,87.4,85.7,42.9,14.3,1.5,2.0,1.0,4.0,13.7,9.2,20.0,1.4,0.0,35.0,15.3,
2479775,14,981227,DPES CB CIUDAD DE MOSTOLES,AWAY,2040603,P. Gonzalez Gonzalez,P. Gonzalez Gonzalez,0,26.8,1609.0,14.0,5.0,9.0,0.0,3.0,5.0,12.0,4.0,6.0,2.0,0.0,2.0,0.0,4.0,2.0,0.0,1.0,2.0,4.0,7.0,-6.0,47.8,41.7,25.0,50.0,1.1,0.0,1.5,8.5,0.0,4.6,0.0,3.6,0.0,21.5,29.8,
2479775,14,981227,DPES CB CIUDAD DE MOSTOLES,AWAY,2162836,D. Vaquero Martinez,D. Vaquero Martinez,0,13.6,817.0,5.0,2.0,7.0,0.0,0.0,2.0,7.0,1.0,3.0,0.0,0.0,0.0,0.0,2.0,1.0,0.0,0.0,1.0,2.0,-2.0,3.0,30.0,28.6,0.0,42.9,0.6,0.0,1.5,0.0,0.0,0.0,0.0,3.6,0.0,19.4,32.5,
2479775,14,981227,DPES CB CIUDAD DE MOSTOLES,AWAY,1178705,A. Peredo Lopez,A. Peredo Lopez,1,21.1,1267.0,3.0,0.0,2.0,1.0,2.0,1.0,4.0,0.0,0.0,1.0,6.0,7.0,3.0,1.0,0.0,0.0,0.0,0.0,0.0,9.0,1.0,37.5,37.5,50.0,0.0,0.0,1.5,0.0,5.4,37.9,20.4,30.0,0.0,0.0,20.0,10.1,
2479775,14,981227,DPES CB CIUDAD DE MOSTOLES,AWAY,1222687,B. Moreno Hurtado,B. Moreno Hurtado,0,13.4,807.0,1.0,0.0,1.0,0.0,1.0,0.0,2.0,1.0,2.0,0.0,1.0,1.0,0.0,0.0,1.0,0.0,0.0,1.0,1.0,0.0,-3.0,17.4,0.0,50.0,100.0,0.0,0.0,2.0,0.0,10.0,4.6,0.0,3.6,0.0,0.0,9.2,
2479775,14,981227,DPES CB CIUDAD DE MOSTOLES,AWAY,1819108,N. Gomez Cobo,N. Gomez Cobo,0,15.3,918.0,4.0,2.0,5.0,0.0,0.0,2.0,5.0,0.0,0.0,1.0,1.0,2.0,2.0,0.0,0.0,0.0,0.0,3.0,0.0,2.0,-11.0,40.0,40.0,0.0,0.0,0.8,0.0,0.0,7.5,8.7,8.0,29.4,0.0,0.0,0.0,14.0,
2479775,14,981227,DPES CB CIUDAD DE MOSTOLES,AWAY,2035086,M. Gamez Martinez,M. Gamez Martinez,0,22.9,1376.0,14.0,1.0,2.0,4.0,6.0,5.0,8.0,0.0,0.0,0.0,3.0,3.0,1.0,1.0,2.0,0.0,0.0,3.0,0.0,13.0,2.0,87.5,87.5,75.0,0.0,1.0,2.0,0.0,0.0,17.5,8.1,12.2,4.2,0.0,11.1,16.8,
2479775,14,981227,DPES CB CIUDAD DE MOSTOLES,AWAY,1589173,M. Correa Villalona,M. Correa Villalona,1,14.2,851.0,0.0,0.0,2.0,0.0,0.0,0.0,2.0,0.0,0.0,0.0,1.0,1.0,2.0,2.0,2.0,0.0,0.0,1.0,2.0,2.0,-2.0,0.0,0.0,0.0,0.0,0.0,0.0,0.0,0.0,9.4,4.3,22.7,6.8,0.0,50.0,12.1,
2479775,14,981227,DPES CB CIUDAD DE MOSTOLES,AWAY,1434653,B. Martinez Sanz,B. Martinez Sanz,1,27.7,1662.0,10.0,2.0,4.0,0.0,2.0,2.0,6.0,6.0,9.0,1.0,3.0,4.0,1.0,8.0,6.0,0.0,0.0,3.0,4.0,7.0,0.0,50.2,33.3,33.3,150.0,1.0,0.0,2.2,4.1,14.4,8.9,7.5,10.5,0.0,44.5,27.8,
2479775,14,981227,DPES CB CIUDAD DE MOSTOLES,AWAY,1740994,B. Rodríguez Bazaga,B. Rodríguez Bazaga,0,18.8,1130.0,3.0,0.0,2.0,1.0,6.0,1.0,8.0,0.0,0.0,0.0,0.0,0.0,0.0,0.0,0.0,0.0,0.0,2.0,0.0,-6.0,-8.0,18.8,18.8,75.0,0.0,0.0,0.5,0.0,0.0,0.0,0.0,0.0,0.0,0.0,0.0,18.2,
2479775,14,981227,DPES CB CIUDAD DE MOSTOLES,AWAY,1871083,A. Quesada Romero,A. Quesada Romero,1,1.7,104.0,0.0,0.0,0.0,0.0,0.0,0.0,0.0,0.0,0.0,0.0,0.0,0.0,0.0,0.0,0.0,0.0,0.0,2.0,0.0,-2.0,-7.0,0.0,0.0,0.0,0.0,0.0,0.0,0.0,0.0,0.0,0.0,0.0,0.0,0.0,0.0,0.0,
2479775,14,981227,DPES CB CIUDAD DE MOSTOLES,AWAY,2404223,E. Abubakar Arrey,E. Abubakar Arrey,1,24.3,1459.0,13.0,4.0,7.0,0.0,0.0,4.0,7.0,5.0,6.0,4.0,8.0,12.0,1.0,3.0,4.0,0.0,0.0,3.0,6.0,26.0,1.0,67.4,57.1,0.0,85.7,1.1,0.0,1.0,18.8,43.9,30.4,10.9,8.0,0.0,23.7,22.3,
2479776,14,979775,BASKET ALMEDA,HOME,1929994,M. Garcia Menéndez,M. Garcia Menéndez,0,11.2,669.0,0.0,0.0,3.0,0.0,1.0,0.0,4.0,0.0,0.0,1.0,1.0,2.0,0.0,1.0,0.0,0.0,0.0,1.0,1.0,-3.0,-11.0,0.0,0.0,25.0,0.0,0.0,0.0,0.0,8.5,12.3,10.1,0.0,0.0,0.0,20.0,23.9,
2479776,14,979775,BASKET ALMEDA,HOME,2219057,I. Homs Fatjo,I. Homs Fatjo,0,10.7,639.0,2.0,1.0,4.0,0.0,1.0,1.0,5.0,0.0,0.0,2.0,2.0,4.0,0.0,1.0,0.0,0.0,0.0,2.0,2.0,1.0,4.0,20.0,20.0,20.0,0.0,0.5,0.0,0.0,17.8,25.8,21.1,0.0,0.0,0.0,16.7,30.1,
2479776,14,979775,BASKET ALMEDA,HOME,1893303,L. Tierno Martí,L. Tierno Martí,1,26.3,1578.0,10.0,1.0,1.0,2.0,5.0,3.0,6.0,2.0,2.0,0.0,2.0,2.0,1.0,0.0,1.0,0.0,0.0,1.0,1.0,11.0,-2.0,72.7,66.7,83.3,33.3,2.0,1.2,2.0,0.0,10.5,4.3,14.7,2.5,0.0,0.0,14.0,
2479776,14,979775,BASKET ALMEDA,HOME,1398197,C. Tapia Palacio,C. Tapia Palacio,1,20.2,1212.0,4.0,2.0,4.0,0.0,2.0,2.0,6.0,0.0,0.0,1.0,0.0,1.0,3.0,2.0,0.0,0.0,1.0,2.0,1.0,1.0,8.0,33.3,33.3,33.3,0.0,1.0,0.0,0.0,4.7,0.0,2.8,60.0,0.0,0.0,25.0,21.2,
2479776,14,979775,BASKET ALMEDA,HOME,1737538,C. Pujol Martinez,C. Pujol Martinez,1,27.3,1639.0,9.0,4.0,13.0,0.0,4.0,4.0,17.0,1.0,5.0,1.0,4.0,5.0,4.0,0.0,2.0,1.0,0.0,2.0,4.0,6.0,5.0,23.4,23.5,23.5,29.4,0.6,0.0,1.2,3.5,20.2,10.3,69.0,4.7,4.0,0.0,37.7,
2479776,14,979775,BASKET ALMEDA,HOME,2157230,L. Jove Fuste,L. Jove Fuste,0,12.4,746.0,1.0,0.0,3.0,0.0,0.0,0.0,3.0,1.0,2.0,2.0,0.0,2.0,1.0,1.0,1.0,0.0,0.0,2.0,2.0,0.0,-8.0,12.9,0.0,0.0,66.7,0.0,0.0,1.0,15.4,0.0,9.1,23.8,5.2,0.0,20.5,21.1,
2479776,14,979775,BASKET ALMEDA,HOME,2053836,C. Moreno Mengibar,C. Moreno Mengibar,1,18.3,1099.0,0.0,0.0,0.0,0.0,0.0,0.0,0.0,0.0,0.0,0.0,2.0,2.0,0.0,0.0,0.0,0.0,0.0,2.0,0.0,0.0,-4.0,0.0,0.0,0.0,0.0,0.0,0.0,0.0,0.0,15.1,6.2,0.0,0.0,0.0,0.0,0.0,
2479776,14,979775,BASKET ALMEDA,HOME,2054903,A. Cojocariu,A. Cojocariu,1,32.0,1919.0,9.0,1.0,3.0,2.0,8.0,3.0,11.0,1.0,2.0,1.0,4.0,5.0,2.0,3.0,0.0,0.0,0.0,2.0,4.0,6.0,-7.0,37.9,36.4,72.7,18.2,0.7,0.8,0.5,3.0,17.2,8.8,24.4,0.0,0.0,20.2,24.9,
2479776,14,979775,BASKET ALMEDA,HOME,2147731,D. Peris Fons,D. Peris Fons,0,21.1,1269.0,2.0,0.0,6.0,0.0,0.0,0.0,6.0,2.0,4.0,3.0,4.0,7.0,0.0,0.0,0.0,2.0,0.0,3.0,2.0,2.0,-8.0,12.9,0.0,0.0,66.7,0.0,0.0,2.0,13.5,26.1,18.7,0.0,0.0,10.2,0.0,19.7,
2479776,14,979775,BASKET ALMEDA,HOME,2440587,M. Coll-Vinent Olle,M. Coll-Vinent Olle,0,13.2,793.0,2.0,1.0,1.0,0.0,0.0,1.0,1.0,0.0,0.0,0.0,1.0,1.0,0.0,0.0,1.0,0.0,0.0,3.0,0.0,1.0,-13.0,100.0,100.0,0.0,0.0,2.0,0.0,0.0,0.0,10.4,4.3,0.0,4.9,0.0,0.0,4.1,
2479776,14,979775,BASKET ALMEDA,HOME,2353429,J. Neyhart Mora,J. Neyhart Mora,0,7.3,437.0,0.0,0.0,0.0,0.0,1.0,0.0,1.0,0.0,0.0,0.0,0.0,0.0,0.0,0.0,1.0,0.0,0.0,0.0,0.0,0.0,-14.0,0.0,0.0,100.0,0.0,0.0,0.0,0.0,0.0,0.0,0.0,0.0,8.8,0.0,0.0,7.3,
2479776,14,981335,CESUR DISTRITO OLIMPICO,AWAY,2286837,B. Arranz Albero,B. Arranz Albero,0,15.3,917.0,5.0,1.0,6.0,1.0,2.0,2.0,8.0,0.0,0.0,1.0,3.0,4.0,0.0,1.0,0.0,0.0,1.0,0.0,1.0,3.0,4.0,31.2,31.2,25.0,0.0,0.3,1.5,0.0,9.0,18.7,14.7,0.0,0.0,0.0,11.1,33.1,
2479776,14,981335,CESUR DISTRITO OLIMPICO,AWAY,1811220,S. Francisco Abos,S. Francisco Abos,1,24.7,1483.0,6.0,2.0,5.0,0.0,5.0,2.0,10.0,2.0,2.0,0.0,1.0,1.0,2.0,2.0,1.0,0.0,0.0,1.0,2.0,1.0,6.0,27.6,20.0,50.0,20.0,0.8,0.0,1.0,0.0,3.9,2.3,21.3,2.5,0.0,15.5,29.4,
2479776,14,981335,CESUR DISTRITO OLIMPICO,AWAY,2031383,A. Picos Porras,A. Picos Porras,1,28.9,1737.0,11.0,5.0,8.0,0.0,0.0,5.0,8.0,1.0,4.0,1.0,3.0,4.0,1.0,3.0,0.0,0.0,1.0,1.0,3.0,9.0,4.0,56.4,62.5,0.0,50.0,1.2,0.0,1.3,4.8,9.9,7.8,12.0,0.0,0.0,23.5,24.9,
2479776,14,981335,CESUR DISTRITO OLIMPICO,AWAY,1871488,M. Gomez Hernandez,M. Gomez Hernandez,1,26.0,1562.0,3.0,0.0,3.0,1.0,4.0,1.0,7.0,0.0,0.0,0.0,4.0,4.0,0.0,3.0,2.0,0.0,0.0,1.0,1.0,0.0,10.0,21.4,21.4,57.1,0.0,0.0,0.8,0.0,0.0,14.7,8.7,0.0,4.8,0.0,30.0,21.7,
2479776,14,981335,CESUR DISTRITO OLIMPICO,AWAY,2649723,S. Diane,S. Diane,0,3.3,196.0,1.0,0.0,0.0,0.0,0.0,0.0,0.0,1.0,2.0,0.0,0.0,0.0,0.0,0.0,0.0,0.0,0.0,1.0,1.0,0.0,-3.0,56.8,0.0,0.0,0.0,0.0,0.0,2.0,0.0,0.0,0.0,0.0,0.0,0.0,0.0,15.0,
2479776,14,981335,CESUR DISTRITO OLIMPICO,AWAY,2035834,M. Martinez Majan,M. Martinez Majan,0,7.1,425.0,7.0,1.0,2.0,1.0,1.0,2.0,3.0,2.0,2.0,1.0,2.0,3.0,1.0,0.0,0.0,0.0,0.0,2.0,1.0,9.0,6.0,90.2,83.3,33.3,66.7,1.0,3.0,2.0,19.4,26.8,23.8,55.6,0.0,0.0,0.0,30.8,
2479776,14,981335,CESUR DISTRITO OLIMPICO,AWAY,1832824,C. Leal Flores,C. Leal Flores,1,22.1,1326.0,1.0,0.0,1.0,0.0,0.0,0.0,1.0,1.0,2.0,2.0,4.0,6.0,1.0,1.0,1.0,0.0,0.0,3.0,2.0,5.0,2.0,26.6,0.0,0.0,200.0,0.0,0.0,1.0,12.5,17.2,15.3,8.8,2.8,0.0,34.7,7.3,
2479776,14,981335,CESUR DISTRITO OLIMPICO,AWAY,1562695,A. González Ramírez,A. González Ramírez,0,25.3,1517.0,4.0,2.0,2.0,0.0,2.0,2.0,4.0,0.0,0.0,1.0,3.0,4.0,3.0,0.0,0.0,0.0,0.0,3.0,1.0,7.0,11.0,50.0,50.0,50.0,0.0,2.0,0.0,0.0,5.5,11.3,8.9,31.9,0.0,0.0,0.0,8.9,
2479776,14,981335,CESUR DISTRITO OLIMPICO,AWAY,2160293,V. Lopez Riaño,V. Lopez Riaño,1,23.9,1431.0,10.0,5.0,8.0,0.0,0.0,5.0,8.0,0.0,0.0,2.0,7.0,9.0,2.0,1.0,1.0,1.0,0.0,3.0,2.0,18.0,7.0,62.5,62.5,0.0,0.0,1.2,0.0,0.0,11.5,27.9,21.2,31.2,2.6,4.4,11.1,21.2,
2479776,14,981335,CESUR DISTRITO OLIMPICO,AWAY,1677519,R. Flores Aguado,R. Flores Aguado,0,9.1,546.0,0.0,0.0,1.0,0.0,0.0,0.0,1.0,0.0,0.0,0.0,0.0,0.0,1.0,2.0,1.0,0.0,0.0,0.0,0.0,-1.0,1.0,0.0,0.0,0.0,0.0,0.0,0.0,0.0,0.0,0.0,0.0,26.3,6.9,0.0,66.7,18.6,
2479776,14,981335,CESUR DISTRITO OLIMPICO,AWAY,2185253,P. Álvarez Honorato,P. Álvarez Honorato,0,1.4,87.0,0.0,0.0,0.0,0.0,0.0,0.0,0.0,0.0,2.0,0.0,0.0,0.0,0.0,0.0,0.0,0.0,0.0,0.0,1.0,-1.0,-4.0,0.0,0.0,0.0,0.0,0.0,0.0,2.0,0.0,0.0,0.0,0.0,0.0,0.0,0.0,35.4,
2479776,14,981335,CESUR DISTRITO OLIMPICO,AWAY,2226680,J. Masip Lámbarri,J. Masip Lámbarri,0,12.9,773.0,1.0,0.0,1.0,0.0,0.0,0.0,1.0,1.0,2.0,1.0,4.0,5.0,0.0,0.0,0.0,0.0,1.0,2.0,5.0,7.0,6.0,26.6,0.0,0.0,200.0,0.0,0.0,0.4,10.7,29.5,21.8,0.0,0.0,0.0,0.0,8.2,
2479777,14,981167,SEGLE XXI,HOME,2153172,M. Cintas Diaz,M. Cintas Diaz,1,26.5,1591.0,3.0,1.0,5.0,0.0,4.0,1.0,9.0,1.0,2.0,0.0,6.0,6.0,4.0,1.0,1.0,0.0,0.0,2.0,4.0,6.0,1.0,15.2,11.1,44.4,22.2,0.4,0.0,0.5,0.0,36.2,18.1,20.7,1.9,0.0,9.2,18.8,
2479777,14,981167,SEGLE XXI,HOME,2289362,D. Garcia Dominguez,D. Garcia Dominguez,0,19.8,1189.0,7.0,2.0,5.0,0.0,2.0,2.0,7.0,3.0,4.0,1.0,3.0,4.0,2.0,1.0,0.0,0.0,0.0,4.0,2.0,4.0,2.0,40.0,28.6,28.6,57.1,0.8,0.0,2.0,8.1,24.2,16.2,16.0,0.0,0.0,10.2,22.6,
2479777,14,981167,SEGLE XXI,HOME,2448425,N. Cordón Elizarán,N. Cordón Elizarán,0,1.0,61.0,0.0,0.0,0.0,0.0,0.0,0.0,0.0,0.0,0.0,0.0,1.0,1.0,0.0,0.0,0.0,0.0,0.0,2.0,0.0,-1.0,0.0,0.0,0.0,0.0,0.0,0.0,0.0,0.0,0.0,160.0,80.0,0.0,0.0,0.0,0.0,0.0,
2479777,14,981167,SEGLE XXI,HOME,2528757,I. Garcia Fernandez,I. Garcia Fernandez,1,17.2,1032.0,4.0,2.0,4.0,0.0,0.0,2.0,4.0,0.0,0.0,0.0,0.0,0.0,3.0,2.0,3.0,0.0,0.0,3.0,1.0,4.0,16.0,50.0,50.0,0.0,0.0,1.0,0.0,0.0,0.0,0.0,0.0,31.2,8.7,0.0,33.3,16.0,
2479777,14,981167,SEGLE XXI,HOME,2244483,S. Nde Akawung,S. Nde Akawung,1,24.4,1462.0,14.0,5.0,8.0,1.0,1.0,6.0,9.0,1.0,2.0,1.0,1.0,2.0,0.0,2.0,3.0,0.0,0.0,3.0,5.0,15.0,10.0,70.9,72.2,11.1,22.2,1.2,3.0,0.4,6.6,6.6,6.6,0.0,6.1,0.0,16.8,22.3,
2479777,14,981167,SEGLE XXI,HOME,2196865,M. Carbó Medina,M. Carbó Medina,0,15.5,931.0,8.0,1.0,2.0,2.0,3.0,3.0,5.0,0.0,2.0,0.0,2.0,2.0,1.0,4.0,1.0,0.0,0.0,3.0,1.0,2.0,8.0,68.0,80.0,60.0,40.0,1.0,2.0,2.0,0.0,20.6,10.3,11.6,3.2,0.0,40.5,29.2,
2479777,14,981167,SEGLE XXI,HOME,2528756,M. Zarzuelo Oroz,M. Zarzuelo Oroz,0,2.5,147.0,0.0,0.0,0.0,0.0,0.0,0.0,0.0,0.0,0.0,0.0,0.0,0.0,0.0,0.0,0.0,0.0,0.0,1.0,0.0,-1.0,-6.0,0.0,0.0,0.0,0.0,0.0,0.0,0.0,0.0,0.0,0.0,0.0,0.0,0.0,0.0,0.0,
2479777,14,981167,SEGLE XXI,HOME,2639399,S. Okafor Ofoegbu,S. Okafor Ofoegbu,1,30.7,1841.0,22.0,4.0,10.0,3.0,5.0,7.0,15.0,5.0,6.0,1.0,1.0,2.0,0.0,1.0,3.0,0.0,1.0,1.0,3.0,19.0,4.0,62.4,56.7,33.3,40.0,0.8,1.8,2.0,5.2,5.2,5.2,0.0,4.9,0.0,5.4,27.8,
2479777,14,981167,SEGLE XXI,HOME,2454402,S. Fernandez De Cuevas Martinez,S. Fernandez De Cuevas Martinez,1,27.5,1650.0,8.0,2.0,2.0,1.0,4.0,3.0,6.0,1.0,2.0,2.0,1.0,3.0,1.0,3.0,1.0,0.0,0.0,2.0,1.0,5.0,-3.0,58.1,58.3,66.7,33.3,2.0,0.8,2.0,11.6,5.8,8.7,5.8,1.8,0.0,30.4,16.5,
2479777,14,981167,SEGLE XXI,HOME,2229661,B. Asensio Senosiáin,B. Asensio Senosiáin,0,13.2,791.0,4.0,2.0,2.0,0.0,0.0,2.0,2.0,0.0,0.0,0.0,0.0,0.0,2.0,4.0,0.0,0.0,0.0,1.0,0.0,1.0,0.0,100.0,100.0,0.0,0.0,2.0,0.0,0.0,0.0,0.0,0.0,29.9,0.0,0.0,66.7,20.8,
2479777,14,981167,SEGLE XXI,HOME,2461439,A. Smykovskaia,A. Smykovskaia,0,21.8,1305.0,6.0,3.0,3.0,0.0,0.0,3.0,3.0,0.0,1.0,4.0,6.0,10.0,0.0,1.0,1.0,0.0,0.0,2.0,2.0,15.0,-12.0,87.2,100.0,0.0,33.3,2.0,0.0,0.5,29.4,44.0,36.7,0.0,2.3,0.0,22.5,9.3,
2479777,14,981286,ESCO GRUPO FEMENINO ALCORCON,AWAY,2095287,G. Escorial Ferrero,G. Escorial Ferrero,1,23.9,1436.0,2.0,1.0,1.0,0.0,0.0,1.0,1.0,0.0,0.0,1.0,2.0,3.0,2.0,3.0,1.0,0.0,0.0,4.0,5.0,6.0,-12.0,100.0,100.0,0.0,0.0,2.0,0.0,0.0,6.7,13.4,10.0,13.7,2.1,0.0,75.0,7.9,
2479777,14,981286,ESCO GRUPO FEMENINO ALCORCON,AWAY,2162538,C. Del Amo Sevillano,C. Del Amo Sevillano,1,23.6,1415.0,18.0,6.0,10.0,0.0,4.0,6.0,14.0,6.0,8.0,1.0,6.0,7.0,0.0,4.0,1.0,0.0,0.0,4.0,7.0,15.0,3.0,51.4,42.9,28.6,57.1,1.2,0.0,1.1,6.8,40.7,23.7,0.0,2.2,0.0,18.6,43.2,
2479777,14,981286,ESCO GRUPO FEMENINO ALCORCON,AWAY,2182200,L. Bernardo Perez,L. Bernardo Perez,0,20.2,1213.0,1.0,0.0,1.0,0.0,1.0,0.0,2.0,1.0,4.0,0.0,1.0,1.0,0.0,0.0,1.0,0.0,0.0,1.0,3.0,0.0,-8.0,13.3,0.0,50.0,200.0,0.0,0.0,1.3,0.0,7.9,4.0,0.0,2.5,0.0,0.0,8.8,
2479777,14,981286,ESCO GRUPO FEMENINO ALCORCON,AWAY,2012796,M. Blanco Eusebio,M. Blanco Eusebio,1,24.0,1442.0,12.0,3.0,4.0,2.0,4.0,5.0,8.0,0.0,0.0,0.0,2.0,2.0,5.0,4.0,0.0,0.0,0.0,1.0,1.0,12.0,-1.0,75.0,75.0,50.0,0.0,1.5,1.5,0.0,0.0,13.3,6.7,47.2,0.0,0.0,33.3,23.7,
2479777,14,981286,ESCO GRUPO FEMENINO ALCORCON,AWAY,1535457,M. Aranda Fraile,M. Aranda Fraile,1,24.9,1495.0,10.0,2.0,3.0,2.0,3.0,4.0,6.0,0.0,0.0,0.0,0.0,0.0,1.0,0.0,1.0,0.0,0.0,2.0,0.0,8.0,2.0,83.3,83.3,50.0,0.0,1.3,2.0,0.0,0.0,0.0,0.0,8.6,2.1,0.0,0.0,11.4,
2479777,14,981286,ESCO GRUPO FEMENINO ALCORCON,AWAY,2822982,Y. Sifaoui Bucero,Y. Sifaoui Bucero,0,24.9,1496.0,4.0,2.0,5.0,0.0,0.0,2.0,5.0,0.0,0.0,0.0,0.0,0.0,1.0,4.0,1.0,0.0,0.0,1.0,0.0,-2.0,7.0,40.0,40.0,0.0,0.0,0.8,0.0,0.0,0.0,0.0,0.0,7.4,2.1,0.0,44.4,17.1,
2479777,14,981286,ESCO GRUPO FEMENINO ALCORCON,AWAY,2128123,N. Ipo Seriche-Dougan,N. Ipo Seriche-Dougan,0,20.7,1241.0,5.0,1.0,6.0,1.0,2.0,2.0,8.0,0.0,0.0,0.0,2.0,2.0,3.0,2.0,0.0,1.0,0.0,1.0,2.0,4.0,-12.0,31.2,31.2,25.0,0.0,0.3,1.5,0.0,0.0,15.5,7.7,27.3,0.0,4.7,20.0,22.9,
2479777,14,981286,ESCO GRUPO FEMENINO ALCORCON,AWAY,2164976,A. Martínez Mora,A. Martínez Mora,1,20.9,1257.0,17.0,4.0,4.0,1.0,2.0,5.0,6.0,6.0,7.0,0.0,1.0,1.0,1.0,3.0,1.0,0.0,0.0,4.0,6.0,17.0,3.0,93.6,91.7,33.3,116.7,2.0,1.5,1.2,0.0,7.7,3.8,12.5,2.4,0.0,24.8,27.4,
2479777,14,981286,ESCO GRUPO FEMENINO ALCORCON,AWAY,2176383,I. Camiña Rodriguez,I. Camiña Rodriguez,0,16.8,1005.0,3.0,0.0,2.0,1.0,1.0,1.0,3.0,0.0,0.0,2.0,2.0,4.0,2.0,3.0,0.0,0.0,0.0,1.0,0.0,3.0,-2.0,50.0,50.0,33.3,0.0,0.0,3.0,0.0,19.0,19.0,19.0,21.3,0.0,0.0,50.0,16.9,
2479778,14,982048,EL PLANTEL GMASB,HOME,2819272,D. Ryzinska,D. Ryzinska,0,15.1,908.0,5.0,2.0,3.0,0.0,2.0,2.0,5.0,1.0,1.0,0.0,3.0,3.0,0.0,3.0,0.0,1.0,0.0,5.0,2.0,0.0,-4.0,46.0,40.0,40.0,20.0,1.3,0.0,0.5,0.0,21.5,11.5,0.0,0.0,5.6,35.5,26.4,
2479778,14,982048,EL PLANTEL GMASB,HOME,2664237,C. Rojas Cepero,C. Rojas Cepero,0,2.2,130.0,0.0,0.0,1.0,0.0,1.0,0.0,2.0,0.0,0.0,0.0,0.0,0.0,0.0,0.0,0.0,0.0,0.0,0.0,0.0,-2.0,-3.0,0.0,0.0,50.0,0.0,0.0,0.0,0.0,0.0,0.0,0.0,0.0,0.0,0.0,0.0,42.9,
2479778,14,982048,EL PLANTEL GMASB,HOME,2124275,C. Villanueva Lazaro,C. Villanueva Lazaro,0,25.7,1543.0,10.0,1.0,2.0,1.0,3.0,2.0,5.0,5.0,8.0,0.0,3.0,3.0,2.0,3.0,1.0,0.0,0.0,3.0,5.0,9.0,1.0,58.7,50.0,60.0,160.0,1.0,1.0,1.6,0.0,12.6,6.8,16.1,1.9,0.0,26.0,21.1,
2479778,14,982048,EL PLANTEL GMASB,HOME,1974272,R. Revueltas Pareja,R. Revueltas Pareja,1,24.4,1461.0,11.0,4.0,7.0,1.0,5.0,5.0,12.0,0.0,1.0,0.0,2.0,2.0,3.0,4.0,0.0,0.0,0.0,3.0,2.0,3.0,-3.0,44.2,45.8,41.7,8.3,1.1,0.6,0.5,0.0,8.9,4.8,31.9,0.0,0.0,24.3,31.8,
2479778,14,982048,EL PLANTEL GMASB,HOME,2819274,O. Schlegl,O. Schlegl,0,4.3,256.0,0.0,0.0,0.0,0.0,1.0,0.0,1.0,0.0,0.0,1.0,0.0,1.0,1.0,0.0,1.0,0.0,0.0,0.0,0.0,2.0,2.0,0.0,0.0,100.0,0.0,0.0,0.0,0.0,29.1,0.0,13.5,41.7,11.1,0.0,0.0,11.0,
2479778,14,982048,EL PLANTEL GMASB,HOME,2232865,M. Sanchez Valenzuela,M. Sanchez Valenzuela,1,22.6,1357.0,7.0,2.0,2.0,1.0,3.0,3.0,5.0,0.0,0.0,0.0,0.0,0.0,1.0,0.0,0.0,0.0,0.0,5.0,0.0,1.0,-2.0,70.0,70.0,60.0,0.0,2.0,1.0,0.0,0.0,0.0,0.0,8.8,0.0,0.0,0.0,10.4,
2479778,14,982048,EL PLANTEL GMASB,HOME,1111828,L. Fernandez Fiel,L. Fernandez Fiel,1,31.1,1863.0,13.0,3.0,8.0,2.0,6.0,5.0,14.0,1.0,2.0,2.0,7.0,9.0,3.0,3.0,3.0,0.0,0.0,0.0,4.0,19.0,2.0,43.7,42.9,42.9,14.3,0.8,1.0,0.5,8.0,24.3,16.8,21.1,4.6,0.0,16.8,27.1,
2479778,14,982048,EL PLANTEL GMASB,HOME,2112760,M. Diaz Torres,M. Diaz Torres,1,18.4,1101.0,0.0,0.0,0.0,0.0,1.0,0.0,1.0,0.0,0.0,3.0,3.0,6.0,2.0,2.0,1.0,1.0,0.0,5.0,1.0,3.0,4.0,0.0,0.0,100.0,0.0,0.0,0.0,0.0,20.4,17.6,18.9,16.7,2.6,4.6,66.7,7.7,
2479778,14,982048,EL PLANTEL GMASB,HOME,1080472,P. Benet Edo,P. Benet Edo,0,12.2,735.0,3.0,0.0,0.0,1.0,2.0,1.0,2.0,0.0,0.0,1.0,0.0,1.0,1.0,0.0,0.0,1.0,0.0,0.0,0.0,5.0,1.0,75.0,75.0,100.0,0.0,0.0,1.5,0.0,10.2,0.0,4.8,16.1,0.0,7.0,0.0,7.7,
2479778,14,982048,EL PLANTEL GMASB,HOME,2202075,M. Garcia Garrido,M. Garcia Garrido,0,6.8,407.0,0.0,0.0,0.0,0.0,0.0,0.0,0.0,0.0,0.0,1.0,0.0,1.0,1.0,0.0,0.0,1.0,0.0,2.0,0.0,1.0,-2.0,0.0,0.0,0.0,0.0,0.0,0.0,0.0,18.4,0.0,8.5,20.8,0.0,12.5,0.0,0.0,
2479778,14,982048,EL PLANTEL GMASB,HOME,2364455,T. Sene,T. Sene,0,7.9,474.0,5.0,2.0,2.0,0.0,0.0,2.0,2.0,1.0,2.0,0.0,1.0,1.0,0.0,4.0,2.0,0.0,0.0,1.0,1.0,3.0,-1.0,86.8,100.0,0.0,100.0,2.0,0.0,2.0,0.0,13.7,7.3,0.0,12.0,0.0,58.1,41.1,
2479778,14,982048,EL PLANTEL GMASB,HOME,2746773,O. Betancourt Labrador,O. Betancourt Labrador,1,29.4,1765.0,13.0,3.0,5.0,1.0,1.0,4.0,6.0,4.0,6.0,0.0,4.0,4.0,0.0,2.0,2.0,0.0,0.0,3.0,5.0,15.0,0.0,75.2,75.0,16.7,100.0,1.2,3.0,1.2,0.0,14.7,7.9,0.0,3.2,0.0,18.8,17.1,
2479778,14,980023,GEIEG PACISA,AWAY,1949920,J. Pairo Urtos,J. Pairo Urtos,0,14.3,857.0,0.0,0.0,2.0,0.0,0.0,0.0,2.0,0.0,0.0,0.0,1.0,1.0,0.0,0.0,1.0,0.0,0.0,2.0,0.0,-2.0,-14.0,0.0,0.0,0.0,0.0,0.0,0.0,0.0,0.0,8.7,4.1,0.0,3.6,0.0,0.0,5.7,
2479778,14,980023,GEIEG PACISA,AWAY,1917788,M. Carbo Cachinero,M. Carbo Cachinero,0,11.6,693.0,4.0,1.0,3.0,0.0,0.0,1.0,3.0,2.0,2.0,0.0,1.0,1.0,0.0,1.0,1.0,0.0,0.0,2.0,1.0,2.0,-2.0,51.5,33.3,0.0,66.7,0.7,0.0,2.0,0.0,10.8,5.0,0.0,4.5,0.0,20.5,17.2,
2479778,14,980023,GEIEG PACISA,AWAY,1944150,M. Melero Bravo,M. Melero Bravo,1,29.3,1758.0,8.0,2.0,7.0,0.0,3.0,2.0,10.0,4.0,8.0,0.0,0.0,0.0,5.0,8.0,7.0,0.0,1.0,3.0,10.0,7.0,13.0,29.6,20.0,30.0,80.0,0.6,0.0,0.8,0.0,0.0,0.0,33.8,12.4,0.0,37.2,30.0,
2479778,14,980023,GEIEG PACISA,AWAY,1748049,N. Bagaria Rovira,N. Bagaria Rovira,0,19.8,1188.0,4.0,0.0,3.0,1.0,5.0,1.0,8.0,1.0,2.0,1.0,0.0,1.0,0.0,3.0,0.0,0.0,1.0,2.0,0.0,-8.0,-1.0,22.5,18.8,62.5,25.0,0.0,0.6,0.0,5.5,0.0,2.9,0.0,0.0,0.0,25.3,24.5,
2479778,14,980023,GEIEG PACISA,AWAY,1667386,C. Morente Lopez,C. Morente Lopez,1,16.1,965.0,5.0,1.0,1.0,1.0,2.0,2.0,3.0,0.0,0.0,0.0,4.0,4.0,0.0,1.0,0.0,0.0,0.0,0.0,0.0,7.0,3.0,83.3,83.3,66.7,0.0,2.0,1.5,0.0,0.0,31.1,14.4,0.0,0.0,0.0,25.0,10.1,
2479778,14,980023,GEIEG PACISA,AWAY,1968963,A. Talasimov,A. Talasimov,0,13.1,788.0,2.0,1.0,2.0,0.0,0.0,1.0,2.0,0.0,0.0,3.0,3.0,6.0,0.0,1.0,0.0,0.0,0.0,2.0,0.0,4.0,-17.0,50.0,50.0,0.0,0.0,1.0,0.0,0.0,24.8,28.6,26.6,0.0,0.0,0.0,33.3,9.3,
2479778,14,980023,GEIEG PACISA,AWAY,1567998,V. Gonzalez Olaizola,V. Gonzalez Olaizola,0,21.0,1261.0,8.0,3.0,5.0,0.0,0.0,3.0,5.0,2.0,7.0,3.0,5.0,8.0,3.0,2.0,0.0,0.0,1.0,3.0,4.0,11.0,6.0,49.5,60.0,0.0,140.0,1.2,0.0,1.8,15.4,29.8,22.1,33.3,0.0,0.0,19.8,19.6,
2479778,14,980023,GEIEG PACISA,AWAY,1666109,A. Coma Perpiña,A. Coma Perpiña,1,29.0,1739.0,11.0,3.0,6.0,0.0,3.0,3.0,9.0,5.0,6.0,2.0,2.0,4.0,3.0,5.0,1.0,0.0,0.0,3.0,6.0,10.0,4.0,47.3,33.3,33.3,66.7,1.0,0.0,1.0,7.5,8.6,8.0,21.7,1.8,0.0,30.0,23.4,
2479778,14,980023,GEIEG PACISA,AWAY,1926754,J. Fernandez Pinsach,J. Fernandez Pinsach,1,28.2,1695.0,23.0,10.0,17.0,0.0,0.0,10.0,17.0,3.0,5.0,4.0,3.0,7.0,1.0,1.0,1.0,0.0,1.0,3.0,4.0,23.0,-3.0,59.9,58.8,0.0,29.4,1.2,0.0,1.2,15.3,13.3,14.4,14.7,1.8,0.0,5.0,29.2,
2479778,14,980023,GEIEG PACISA,AWAY,2239082,N. Mitjanas Costa,N. Mitjanas Costa,1,17.6,1056.0,3.0,1.0,1.0,0.0,0.0,1.0,1.0,1.0,2.0,1.0,5.0,6.0,0.0,2.0,1.0,0.0,0.0,0.0,2.0,9.0,16.0,79.8,100.0,0.0,200.0,2.0,0.0,1.0,6.1,35.5,19.8,0.0,3.0,0.0,51.5,9.0,
2479779,14,981304,DISHELEC 65 VILADECANS,HOME,2050407,L. Sanchez Garcia,L. Sanchez Garcia,1,23.9,1434.0,3.0,1.0,6.0,0.0,0.0,1.0,6.0,1.0,2.0,2.0,1.0,3.0,1.0,2.0,3.0,0.0,0.0,2.0,1.0,1.0,-12.0,21.8,16.7,0.0,33.3,0.3,0.0,2.0,8.8,4.2,6.4,9.6,6.0,0.0,22.5,15.9,
2479779,14,981304,DISHELEC 65 VILADECANS,HOME,1910113,L. Anducas Rodon,L. Anducas Rodon,1,28.7,1722.0,13.0,2.0,7.0,1.0,4.0,3.0,11.0,6.0,6.0,1.0,4.0,5.0,0.0,6.0,3.0,0.0,0.0,5.0,5.0,7.0,-2.0,47.7,31.8,36.4,54.5,0.6,0.8,1.2,3.7,13.9,8.9,0.0,5.0,0.0,30.5,29.4,
2479779,14,981304,DISHELEC 65 VILADECANS,HOME,1727776,P. Curto Garcia,P. Curto Garcia,0,12.1,727.0,0.0,0.0,0.0,0.0,3.0,0.0,3.0,0.0,0.0,0.0,3.0,3.0,1.0,0.0,0.0,0.0,0.0,0.0,0.0,1.0,-14.0,0.0,0.0,100.0,0.0,0.0,0.0,0.0,0.0,24.8,12.7,17.5,0.0,0.0,0.0,10.6,
2479779,14,981304,DISHELEC 65 VILADECANS,HOME,1398200,J. Turrion Aranda,J. Turrion Aranda,1,32.0,1919.0,3.0,0.0,8.0,1.0,10.0,1.0,18.0,0.0,0.0,1.0,5.0,6.0,4.0,3.0,2.0,0.0,0.0,2.0,4.0,-3.0,-6.0,8.3,8.3,55.6,0.0,0.0,0.3,0.0,3.3,15.6,9.6,28.2,3.0,0.0,14.3,28.2,
2479779,14,981304,DISHELEC 65 VILADECANS,HOME,2056456,N. Soler Ramos,N. Soler Ramos,0,0.7,42.0,0.0,0.0,0.0,0.0,0.0,0.0,0.0,0.0,0.0,0.0,0.0,0.0,0.0,0.0,0.0,0.0,0.0,0.0,0.0,0.0,0.0,0.0,0.0,0.0,0.0,0.0,0.0,0.0,0.0,0.0,0.0,0.0,0.0,0.0,0.0,0.0,
2479779,14,981304,DISHELEC 65 VILADECANS,HOME,2322360,A. Torne Labarta,A. Torne Labarta,0,23.4,1405.0,8.0,4.0,6.0,0.0,0.0,4.0,6.0,0.0,0.0,5.0,6.0,11.0,2.0,2.0,1.0,0.0,0.0,3.0,1.0,16.0,-14.0,66.7,66.7,0.0,0.0,1.3,0.0,0.0,22.5,25.6,24.1,27.0,2.0,0.0,25.0,14.7,
2479779,14,981304,DISHELEC 65 VILADECANS,HOME,2082380,J. Torreño Jimenez,J. Torreño Jimenez,0,6.2,375.0,4.0,0.0,0.0,1.0,2.0,1.0,2.0,1.0,2.0,1.0,0.0,1.0,0.0,1.0,0.0,0.0,0.0,0.0,1.0,3.0,0.0,69.4,75.0,100.0,100.0,0.0,1.5,2.0,17.0,0.0,8.3,0.0,0.0,0.0,25.8,26.8,
2479779,14,981304,DISHELEC 65 VILADECANS,HOME,2146979,N. Sanchez Marques,N. Sanchez Marques,1,29.2,1752.0,11.0,3.0,6.0,1.0,2.0,4.0,8.0,2.0,2.0,1.0,2.0,3.0,0.0,3.0,3.0,0.0,0.0,2.0,2.0,10.0,-11.0,61.9,56.2,25.0,25.0,1.0,1.5,1.0,3.6,6.8,5.3,0.0,4.9,0.0,25.3,17.5,
2479779,14,981304,DISHELEC 65 VILADECANS,HOME,1956668,M. Ribera Sanuy,M. Ribera Sanuy,0,15.1,905.0,7.0,2.0,3.0,0.0,0.0,2.0,3.0,3.0,5.0,1.0,2.0,3.0,0.0,4.0,1.0,0.0,0.0,3.0,4.0,5.0,-13.0,67.3,66.7,0.0,166.7,1.3,0.0,1.2,7.0,13.2,10.2,0.0,3.1,0.0,43.5,26.1,
2479779,14,981304,DISHELEC 65 VILADECANS,HOME,1663009,Q. Ubia Llunell,Q. Ubia Llunell,1,28.6,1719.0,10.0,2.0,2.0,1.0,1.0,3.0,3.0,3.0,4.0,0.0,4.0,4.0,0.0,3.0,0.0,0.0,0.0,3.0,3.0,10.0,-8.0,105.0,116.7,33.3,133.3,2.0,3.0,1.3,0.0,14.0,7.2,0.0,0.0,0.0,38.7,11.6,
2479779,14,981209,CB CLARET BENIMACLET,AWAY,1886112,S. Afonso Gonzalez,S. Afonso Gonzalez,1,29.6,1773.0,8.0,1.0,5.0,2.0,6.0,3.0,11.0,0.0,2.0,0.0,3.0,3.0,3.0,2.0,1.0,0.0,0.0,0.0,4.0,7.0,12.0,33.7,36.4,54.5,18.2,0.4,1.0,0.5,0.0,10.7,5.2,20.7,1.7,0.0,14.4,19.3,
2479779,14,981209,CB CLARET BENIMACLET,AWAY,2209715,J. Sarrio Asensio,J. Sarrio Asensio,0,16.1,967.0,6.0,3.0,6.0,0.0,1.0,3.0,7.0,0.0,0.0,0.0,0.0,0.0,4.0,1.0,3.0,0.0,0.0,4.0,0.0,4.0,6.0,42.9,42.9,14.3,0.0,1.0,0.0,0.0,0.0,0.0,0.0,57.1,9.2,0.0,12.5,20.4,
2479779,14,981209,CB CLARET BENIMACLET,AWAY,1853228,J. Rochina Troncoso,J. Rochina Troncoso,0,16.7,1004.0,6.0,1.0,2.0,1.0,1.0,2.0,3.0,1.0,2.0,0.0,1.0,1.0,2.0,2.0,3.0,0.0,0.0,4.0,0.0,4.0,12.0,77.3,83.3,33.3,66.7,1.0,3.0,0.0,0.0,6.3,3.1,25.0,8.8,0.0,34.0,14.5,
2479779,14,981209,CB CLARET BENIMACLET,AWAY,1840053,P. Garcia Garcia,P. Garcia Garcia,1,12.0,718.0,2.0,0.0,0.0,0.0,0.0,0.0,0.0,2.0,2.0,1.0,2.0,3.0,0.0,0.0,0.0,0.0,0.0,3.0,4.0,6.0,2.0,113.6,0.0,0.0,0.0,0.0,0.0,0.5,8.3,17.5,12.8,0.0,0.0,0.0,0.0,3.0,
2479779,14,981209,CB CLARET BENIMACLET,AWAY,2281500,L. Liern Ruiz,L. Liern Ruiz,0,12.7,764.0,5.0,1.0,3.0,1.0,2.0,2.0,5.0,0.0,0.0,5.0,2.0,7.0,1.0,2.0,0.0,0.0,0.0,1.0,0.0,7.0,4.0,50.0,50.0,40.0,0.0,0.7,1.5,0.0,39.4,16.6,28.3,18.2,0.0,0.0,28.6,22.7,
2479779,14,981209,CB CLARET BENIMACLET,AWAY,1767443,M. Cuellar Bayarri,M. Cuellar Bayarri,1,30.2,1814.0,13.0,4.0,9.0,0.0,0.0,4.0,9.0,5.0,5.0,2.0,10.0,12.0,4.0,4.0,3.0,0.0,0.0,3.0,4.0,24.0,10.0,58.0,44.4,0.0,55.6,0.9,0.0,1.2,6.6,34.9,20.4,25.0,4.9,0.0,26.3,20.7,
2479779,14,981209,CB CLARET BENIMACLET,AWAY,1506842,E. Cases Rey,E. Cases Rey,1,31.1,1868.0,15.0,2.0,6.0,1.0,8.0,3.0,14.0,8.0,8.0,2.0,2.0,4.0,3.0,6.0,3.0,0.0,0.0,2.0,6.0,12.0,19.0,42.8,25.0,57.1,57.1,0.7,0.4,1.3,6.4,6.8,6.6,17.6,4.7,0.0,25.5,31.1,
2479779,14,981209,CB CLARET BENIMACLET,AWAY,1994256,T. Toledo Navarro,T. Toledo Navarro,0,17.4,1042.0,13.0,3.0,6.0,2.0,3.0,5.0,9.0,1.0,2.0,3.0,0.0,3.0,0.0,2.0,2.0,0.0,0.0,4.0,1.0,8.0,6.0,65.8,66.7,33.3,22.2,1.0,2.0,2.0,17.2,0.0,8.8,0.0,5.7,0.0,16.8,28.1,
2479779,14,981209,CB CLARET BENIMACLET,AWAY,1749591,I. Garrido Perez,I. Garrido Perez,1,27.4,1646.0,5.0,1.0,2.0,1.0,6.0,2.0,8.0,0.0,0.0,0.0,3.0,3.0,0.0,1.0,0.0,0.0,0.0,0.0,0.0,1.0,7.0,31.2,31.2,75.0,0.0,1.0,0.5,0.0,0.0,11.5,5.6,0.0,0.0,0.0,11.1,13.5,
2479779,14,981209,CB CLARET BENIMACLET,AWAY,2087980,A. Romero De Vicente,A. Romero De Vicente,0,5.8,347.0,0.0,0.0,0.0,0.0,0.0,0.0,0.0,0.0,0.0,0.0,3.0,3.0,1.0,1.0,1.0,0.0,0.0,0.0,0.0,4.0,2.0,0.0,0.0,0.0,0.0,0.0,0.0,0.0,0.0,54.4,26.5,40.0,8.5,0.0,100.0,7.1,
2479779,14,981209,CB CLARET BENIMACLET,AWAY,2345472,S. Osarenmwinda Anuge,S. Osarenmwinda Anuge,0,0.9,57.0,2.0,1.0,1.0,0.0,0.0,1.0,1.0,0.0,0.0,0.0,0.0,0.0,0.0,0.0,0.0,0.0,0.0,0.0,0.0,2.0,0.0,100.0,100.0,0.0,0.0,2.0,0.0,0.0,0.0,0.0,0.0,-0.0,0.0,0.0,0.0,45.7,
2479780,14,981229,SPAR GRAN CANARIA,HOME,2203305,L. Perez Castro,L. Perez Castro,1,34.8,2087.0,9.0,3.0,5.0,1.0,8.0,4.0,13.0,0.0,0.0,4.0,3.0,7.0,5.0,3.0,0.0,0.0,0.0,4.0,1.0,6.0,17.0,34.6,34.6,61.5,0.0,1.2,0.4,0.0,12.4,8.6,10.4,19.5,0.0,0.0,18.8,20.7,
2479780,14,981229,SPAR GRAN CANARIA,HOME,2288451,A. Hernandez Martinez,A. Hernandez Martinez,0,20.7,1242.0,3.0,0.0,0.0,1.0,6.0,1.0,6.0,0.0,0.0,0.0,1.0,1.0,2.0,0.0,0.0,1.0,1.0,3.0,0.0,-1.0,-5.0,25.0,25.0,100.0,0.0,0.0,0.5,0.0,0.0,4.8,2.5,12.9,0.0,5.2,0.0,13.0,
2479780,14,981229,SPAR GRAN CANARIA,HOME,2230179,A. Garcia San Blas,A. Garcia San Blas,0,5.2,313.0,0.0,0.0,0.0,0.0,1.0,0.0,1.0,0.0,0.0,0.0,0.0,0.0,1.0,0.0,0.0,0.0,0.0,0.0,0.0,0.0,-5.0,0.0,0.0,100.0,0.0,0.0,0.0,0.0,0.0,0.0,0.0,30.3,0.0,0.0,0.0,8.6,
2479780,14,981229,SPAR GRAN CANARIA,HOME,2494285,A. Mbengue Sánchez,A. Mbengue Sánchez,1,40.0,2400.0,19.0,9.0,13.0,0.0,0.0,9.0,13.0,1.0,2.0,2.0,7.0,9.0,6.0,1.0,2.0,0.0,0.0,1.0,4.0,33.0,12.0,68.4,69.2,0.0,15.4,1.4,0.0,0.5,5.4,17.5,11.7,25.0,2.9,0.0,6.7,16.7,
2479780,14,981229,SPAR GRAN CANARIA,HOME,2251955,M. Ocurto Mendes,M. Ocurto Mendes,1,19.3,1158.0,10.0,2.0,6.0,2.0,4.0,4.0,10.0,0.0,0.0,0.0,1.0,1.0,1.0,0.0,0.0,1.0,0.0,0.0,1.0,8.0,17.0,50.0,50.0,40.0,0.0,0.7,1.5,0.0,0.0,5.2,2.7,8.0,0.0,5.6,0.0,23.3,
2479780,14,981229,SPAR GRAN CANARIA,HOME,2292843,M. Rodríguez Sánchez,M. Rodríguez Sánchez,0,11.2,671.0,2.0,1.0,1.0,0.0,1.0,1.0,2.0,0.0,0.0,0.0,1.0,1.0,2.0,1.0,1.0,0.0,0.0,1.0,0.0,3.0,-2.0,50.0,50.0,50.0,0.0,2.0,0.0,0.0,0.0,8.9,4.6,22.5,5.1,0.0,33.3,12.0,
2479780,14,981229,SPAR GRAN CANARIA,HOME,2352279,T. Ezeanatogu Ezeonu,T. Ezeanatogu Ezeonu,1,28.8,1729.0,7.0,3.0,9.0,0.0,0.0,3.0,9.0,1.0,2.0,4.0,6.0,10.0,4.0,3.0,3.0,0.0,0.0,3.0,2.0,13.0,14.0,35.4,33.3,0.0,22.2,0.7,0.0,1.0,15.0,20.8,18.0,19.9,6.0,0.0,23.3,20.1,
2479780,14,981229,SPAR GRAN CANARIA,HOME,2643570,L. Toure,L. Toure,1,40.0,2400.0,24.0,11.0,21.0,0.0,0.0,11.0,21.0,2.0,5.0,5.0,12.0,17.0,3.0,2.0,1.0,0.0,0.0,3.0,5.0,32.0,12.0,51.7,52.4,0.0,23.8,1.0,0.0,1.0,13.5,30.0,22.1,13.6,1.4,0.0,7.9,28.3,
2479780,14,979778,MAGEC TÍAS LANZAROTE CONTRA LA VIOLENCIA DE GÉNERO,AWAY,2178381,E. Lozano Sosa,E. Lozano Sosa,0,14.9,897.0,5.0,1.0,1.0,1.0,2.0,2.0,3.0,0.0,0.0,3.0,3.0,6.0,0.0,2.0,0.0,1.0,0.0,1.0,0.0,8.0,-1.0,83.3,83.3,66.7,0.0,2.0,1.5,0.0,20.1,21.8,20.9,0.0,0.0,4.9,40.0,17.1,
2479780,14,979778,MAGEC TÍAS LANZAROTE CONTRA LA VIOLENCIA DE GÉNERO,AWAY,1100445,Y. Garcia Gonzalez,Y. Garcia Gonzalez,1,40.0,2400.0,12.0,4.0,9.0,1.0,2.0,5.0,11.0,1.0,4.0,2.0,7.0,9.0,2.0,1.0,1.0,0.0,0.0,3.0,9.0,20.0,-12.0,47.0,50.0,18.2,36.4,0.9,1.5,0.4,5.0,18.9,11.7,9.5,1.4,0.0,7.3,17.5,
2479780,14,979778,MAGEC TÍAS LANZAROTE CONTRA LA VIOLENCIA DE GÉNERO,AWAY,1450205,A. Rodriguez Guerra,A. Rodriguez Guerra,0,6.1,364.0,0.0,0.0,0.0,0.0,2.0,0.0,2.0,0.0,0.0,0.0,0.0,0.0,0.0,0.0,0.0,0.0,0.0,1.0,0.0,-3.0,1.0,0.0,0.0,100.0,0.0,0.0,0.0,0.0,0.0,0.0,0.0,0.0,0.0,0.0,0.0,16.7,
2479780,14,979778,MAGEC TÍAS LANZAROTE CONTRA LA VIOLENCIA DE GÉNERO,AWAY,1995747,S. Hisado Santos,S. Hisado Santos,1,40.0,2400.0,6.0,3.0,3.0,0.0,1.0,3.0,4.0,0.0,0.0,2.0,2.0,4.0,7.0,0.0,0.0,0.0,0.0,1.0,2.0,17.0,-12.0,75.0,75.0,25.0,0.0,2.0,0.0,0.0,5.0,5.4,5.2,30.4,0.0,0.0,0.0,5.1,
2479780,14,979778,MAGEC TÍAS LANZAROTE CONTRA LA VIOLENCIA DE GÉNERO,AWAY,1695414,C. Mateo Cañada,C. Mateo Cañada,1,26.1,1567.0,8.0,1.0,4.0,2.0,10.0,3.0,14.0,0.0,0.0,1.0,4.0,5.0,2.0,1.0,0.0,0.0,1.0,1.0,0.0,2.0,-10.0,28.6,28.6,71.4,0.0,0.5,0.6,0.0,3.8,16.6,10.0,13.2,0.0,0.0,6.7,29.3,
2479780,14,979778,MAGEC TÍAS LANZAROTE CONTRA LA VIOLENCIA DE GÉNERO,AWAY,2524794,M. Marinho Junqueira,M. Marinho Junqueira,1,33.9,2036.0,14.0,2.0,7.0,3.0,9.0,5.0,16.0,1.0,2.0,1.0,1.0,2.0,5.0,1.0,0.0,0.0,0.0,3.0,1.0,6.0,-13.0,41.5,40.6,56.2,12.5,0.6,1.0,2.0,2.9,3.2,3.1,31.6,0.0,0.0,5.6,26.9,
2479780,14,979778,MAGEC TÍAS LANZAROTE CONTRA LA VIOLENCIA DE GÉNERO,AWAY,2379074,N. Zabala Gabilondo,N. Zabala Gabilondo,1,38.9,2336.0,17.0,7.0,13.0,1.0,4.0,8.0,17.0,0.0,2.0,0.0,5.0,5.0,0.0,3.0,2.0,0.0,1.0,3.0,3.0,10.0,-13.0,47.5,50.0,23.5,11.8,1.1,0.8,0.7,0.0,13.9,6.7,0.0,2.8,0.0,14.4,27.3,
2479781,15,979892,C. B. ISLA BONITA,HOME,1131087,B. Armengol Vall,B. Armengol Vall,1,23.5,1410.0,10.0,1.0,4.0,1.0,5.0,2.0,9.0,5.0,8.0,0.0,5.0,5.0,2.0,1.0,3.0,0.0,0.0,2.0,5.0,12.0,-5.0,39.9,27.8,55.6,88.9,0.5,0.6,1.6,0.0,20.3,10.5,16.9,6.5,0.0,7.4,25.8,
2479781,15,979892,C. B. ISLA BONITA,HOME,1870487,T. Gonzalez Soto,T. Gonzalez Soto,1,24.2,1453.0,4.0,2.0,4.0,0.0,4.0,2.0,8.0,0.0,0.0,2.0,6.0,8.0,1.0,2.0,2.0,0.0,0.0,0.0,1.0,8.0,15.0,25.0,25.0,50.0,0.0,1.0,0.0,0.0,8.5,23.6,16.3,8.5,4.2,0.0,20.0,18.5,
2479781,15,979892,C. B. ISLA BONITA,HOME,1981139,S. Blanco Guitian,S. Blanco Guitian,0,9.2,549.0,0.0,0.0,0.0,0.0,1.0,0.0,1.0,0.0,0.0,1.0,1.0,2.0,0.0,0.0,0.0,0.0,0.0,1.0,2.0,2.0,4.0,0.0,0.0,100.0,0.0,0.0,0.0,0.0,11.1,10.4,10.7,0.0,0.0,0.0,0.0,4.9,
2479781,15,979892,C. B. ISLA BONITA,HOME,1853281,I. Bautista Villaverde,I. Bautista Villaverde,0,11.2,674.0,3.0,0.0,1.0,1.0,4.0,1.0,5.0,0.0,0.0,0.0,1.0,1.0,0.0,0.0,0.0,0.0,0.0,3.0,0.0,-3.0,-7.0,30.0,30.0,80.0,0.0,0.0,0.8,0.0,0.0,8.5,4.4,0.0,0.0,0.0,0.0,20.0,
2479781,15,979892,C. B. ISLA BONITA,HOME,2816643,E. Motekaitytè,E. Motekaitytè,1,15.8,947.0,6.0,0.0,2.0,0.0,0.0,0.0,2.0,6.0,6.0,2.0,0.0,2.0,2.0,0.0,1.0,0.0,0.0,2.0,3.0,10.0,3.0,64.7,0.0,0.0,300.0,0.0,0.0,2.0,13.0,0.0,6.3,21.7,3.2,0.0,0.0,13.2,
2479781,15,979892,C. B. ISLA BONITA,HOME,2171960,M. Colom Elosúa,M. Colom Elosúa,1,26.6,1595.0,11.0,3.0,8.0,1.0,4.0,4.0,12.0,2.0,2.0,1.0,1.0,2.0,1.0,1.0,0.0,0.0,0.0,1.0,1.0,5.0,13.0,42.7,37.5,33.3,16.7,0.8,0.8,2.0,3.9,3.6,3.7,8.3,0.0,0.0,7.2,23.4,
2479781,15,979892,C. B. ISLA BONITA,HOME,2524874,M. Vulovic,M. Vulovic,1,31.1,1868.0,21.0,5.0,7.0,2.0,2.0,7.0,9.0,5.0,6.0,7.0,9.0,16.0,0.0,5.0,1.0,0.0,0.0,4.0,6.0,32.0,17.0,90.2,88.9,22.2,66.7,1.4,3.0,1.0,23.1,27.6,25.4,0.0,1.6,0.0,30.0,24.0,
2479781,15,979892,C. B. ISLA BONITA,HOME,1471341,M. Rosales Elejabeita,M. Rosales Elejabeita,0,13.8,828.0,5.0,2.0,3.0,0.0,0.0,2.0,3.0,1.0,2.0,0.0,2.0,2.0,1.0,1.0,0.0,0.0,0.0,3.0,2.0,4.0,-14.0,64.4,66.7,0.0,66.7,1.3,0.0,1.0,0.0,13.8,7.2,20.4,0.0,0.0,20.5,15.8,
2479781,15,979892,C. B. ISLA BONITA,HOME,1372464,M. Carballo Diaz,M. Carballo Diaz,0,10.9,655.0,2.0,0.0,0.0,0.0,2.0,0.0,2.0,2.0,2.0,1.0,0.0,1.0,0.0,2.0,1.0,0.0,0.0,3.0,2.0,-1.0,-16.0,34.7,0.0,100.0,100.0,0.0,0.0,1.0,9.4,0.0,4.5,0.0,4.7,0.0,41.0,20.0,
2479781,15,979892,C. B. ISLA BONITA,HOME,2816642,N. Cunill Peña,N. Cunill Peña,0,19.3,1157.0,8.0,4.0,8.0,0.0,0.0,4.0,8.0,0.0,2.0,4.0,2.0,6.0,0.0,2.0,0.0,0.0,0.0,3.0,1.0,4.0,-4.0,45.0,50.0,0.0,25.0,1.0,0.0,2.0,21.3,9.9,15.4,0.0,0.0,0.0,18.4,25.2,
2479781,15,979892,C. B. ISLA BONITA,HOME,2524609,A. Glomazic,A. Glomazic,0,14.4,864.0,3.0,0.0,0.0,1.0,4.0,1.0,4.0,0.0,0.0,0.0,2.0,2.0,0.0,0.0,0.0,0.0,0.0,2.0,2.0,2.0,-1.0,37.5,37.5,100.0,0.0,0.0,0.8,0.0,0.0,13.2,6.9,0.0,0.0,0.0,0.0,12.4,
2479781,15,981229,SPAR GRAN CANARIA,AWAY,2203305,L. Perez Castro,L. Perez Castro,1,33.4,2002.0,8.0,1.0,2.0,2.0,3.0,3.0,5.0,0.0,0.0,0.0,2.0,2.0,3.0,1.0,1.0,0.0,0.0,4.0,1.0,8.0,4.0,80.0,80.0,60.0,0.0,1.0,2.0,0.0,0.0,6.1,3.0,16.1,1.7,0.0,16.7,7.8,
2479781,15,981229,SPAR GRAN CANARIA,AWAY,2288451,A. Hernandez Martinez,A. Hernandez Martinez,1,30.4,1822.0,9.0,1.0,2.0,2.0,5.0,3.0,7.0,1.0,2.0,0.0,2.0,2.0,1.0,0.0,0.0,0.0,0.0,2.0,2.0,7.0,3.0,57.1,57.1,71.4,28.6,1.0,1.2,1.0,0.0,6.7,3.2,5.4,0.0,0.0,0.0,11.3,
2479781,15,981229,SPAR GRAN CANARIA,AWAY,2230179,A. Garcia San Blas,A. Garcia San Blas,0,17.6,1056.0,3.0,0.0,0.0,1.0,4.0,1.0,4.0,0.0,0.0,0.0,2.0,2.0,2.0,1.0,1.0,0.0,0.0,4.0,0.0,0.0,-7.0,37.5,37.5,100.0,0.0,0.0,0.8,0.0,0.0,11.7,5.6,20.4,3.2,0.0,20.0,12.4,
2479781,15,981229,SPAR GRAN CANARIA,AWAY,2494285,A. Mbengue Sánchez,A. Mbengue Sánchez,1,31.6,1899.0,10.0,3.0,10.0,0.0,0.0,3.0,10.0,4.0,5.0,3.0,1.0,4.0,2.0,4.0,2.0,0.0,0.0,4.0,5.0,7.0,8.0,41.0,30.0,0.0,50.0,0.6,0.0,1.0,9.0,3.2,6.3,10.8,3.5,0.0,24.7,22.4,
2479781,15,981229,SPAR GRAN CANARIA,AWAY,2251955,M. Ocurto Mendes,M. Ocurto Mendes,0,12.6,754.0,7.0,0.0,0.0,2.0,4.0,2.0,4.0,1.0,2.0,0.0,0.0,0.0,1.0,1.0,0.0,0.0,0.0,2.0,0.0,2.0,5.0,71.7,75.0,100.0,50.0,0.0,1.5,0.0,0.0,0.0,0.0,16.4,0.0,0.0,17.0,20.4,
2479781,15,981229,SPAR GRAN CANARIA,AWAY,2292843,M. Rodríguez Sánchez,M. Rodríguez Sánchez,0,11.3,681.0,0.0,0.0,3.0,0.0,0.0,0.0,3.0,0.0,0.0,0.0,2.0,2.0,0.0,0.0,1.0,0.0,0.0,1.0,1.0,0.0,-16.0,0.0,0.0,0.0,0.0,0.0,0.0,0.0,0.0,18.2,8.7,0.0,5.0,0.0,0.0,11.6,
2479781,15,981229,SPAR GRAN CANARIA,AWAY,2352279,T. Ezeanatogu Ezeonu,T. Ezeanatogu Ezeonu,1,37.2,2234.0,15.0,7.0,17.0,0.0,0.0,7.0,17.0,1.0,6.0,4.0,8.0,12.0,1.0,3.0,2.0,0.0,0.0,4.0,7.0,15.0,1.0,38.2,41.2,0.0,35.3,0.8,0.0,0.9,10.2,22.1,15.9,5.8,3.0,0.0,13.3,26.6,
2479781,15,981229,SPAR GRAN CANARIA,AWAY,2643570,L. Toure,L. Toure,1,25.9,1552.0,20.0,8.0,20.0,0.0,0.0,8.0,20.0,4.0,7.0,6.0,4.0,10.0,0.0,2.0,2.0,0.0,0.0,4.0,8.0,19.0,-3.0,43.3,40.0,0.0,35.0,0.8,0.0,0.9,22.1,15.8,19.1,0.0,4.3,0.0,8.0,42.2,
2479782,15,979778,MAGEC TÍAS LANZAROTE CONTRA LA VIOLENCIA DE GÉNERO,HOME,2178381,E. Lozano Sosa,E. Lozano Sosa,0,17.1,1029.0,5.0,1.0,2.0,1.0,3.0,2.0,5.0,0.0,0.0,0.0,1.0,1.0,0.0,0.0,0.0,0.0,0.0,1.0,0.0,2.0,-5.0,50.0,50.0,60.0,0.0,1.0,1.0,0.0,0.0,7.3,3.2,0.0,0.0,0.0,0.0,13.5,
2479782,15,979778,MAGEC TÍAS LANZAROTE CONTRA LA VIOLENCIA DE GÉNERO,HOME,1100445,Y. Garcia Gonzalez,Y. Garcia Gonzalez,1,36.4,2182.0,17.0,6.0,14.0,0.0,0.0,6.0,14.0,5.0,9.0,5.0,10.0,15.0,5.0,2.0,3.0,0.0,1.0,4.0,8.0,30.0,-1.0,47.3,42.9,0.0,64.3,0.9,0.0,1.1,13.1,34.3,22.3,24.9,4.3,0.0,10.0,25.3,
2479782,15,979778,MAGEC TÍAS LANZAROTE CONTRA LA VIOLENCIA DE GÉNERO,HOME,1995747,S. Hisado Santos,S. Hisado Santos,1,36.7,2202.0,14.0,3.0,6.0,2.0,4.0,5.0,10.0,2.0,2.0,0.0,5.0,5.0,5.0,2.0,3.0,0.0,0.0,2.0,3.0,21.0,-10.0,64.3,60.0,40.0,20.0,1.0,1.5,0.7,0.0,17.0,7.4,23.7,4.3,0.0,15.5,16.2,
2479782,15,979778,MAGEC TÍAS LANZAROTE CONTRA LA VIOLENCIA DE GÉNERO,HOME,1695414,C. Mateo Cañada,C. Mateo Cañada,1,33.0,1978.0,13.0,2.0,3.0,3.0,8.0,5.0,11.0,0.0,0.0,2.0,2.0,4.0,2.0,3.0,3.0,0.0,0.0,2.0,0.0,11.0,4.0,59.1,59.1,72.7,0.0,1.3,1.1,0.0,5.8,7.6,6.6,11.0,4.7,0.0,21.4,19.6,
2479782,15,979778,MAGEC TÍAS LANZAROTE CONTRA LA VIOLENCIA DE GÉNERO,HOME,2824664,B. Snorradottir,B. Snorradottir,0,18.6,1114.0,4.0,1.0,1.0,0.0,3.0,1.0,4.0,2.0,2.0,1.0,1.0,2.0,0.0,0.0,0.0,0.0,0.0,0.0,1.0,4.0,-8.0,41.0,25.0,75.0,50.0,2.0,0.0,2.0,5.1,6.7,5.8,0.0,0.0,0.0,0.0,12.1,
2479782,15,979778,MAGEC TÍAS LANZAROTE CONTRA LA VIOLENCIA DE GÉNERO,HOME,2524794,M. Marinho Junqueira,M. Marinho Junqueira,1,32.2,1930.0,13.0,3.0,6.0,2.0,6.0,5.0,12.0,1.0,2.0,0.0,3.0,3.0,3.0,2.0,1.0,0.0,0.0,3.0,3.0,10.0,0.0,50.5,50.0,50.0,16.7,1.0,1.0,0.7,0.0,11.6,5.0,16.5,1.6,0.0,13.4,21.3,
2479782,15,979778,MAGEC TÍAS LANZAROTE CONTRA LA VIOLENCIA DE GÉNERO,HOME,2379074,N. Zabala Gabilondo,N. Zabala Gabilondo,1,26.1,1565.0,10.0,5.0,7.0,0.0,7.0,5.0,14.0,0.0,0.0,2.0,2.0,4.0,0.0,1.0,0.0,0.0,0.0,2.0,1.0,3.0,-5.0,35.7,35.7,50.0,0.0,1.4,0.0,0.0,7.3,9.6,8.3,0.0,0.0,0.0,6.7,26.5,
2479782,15,981304,DISHELEC 65 VILADECANS,AWAY,2050407,L. Sanchez Garcia,L. Sanchez Garcia,1,23.6,1413.0,13.0,5.0,6.0,1.0,4.0,6.0,10.0,0.0,0.0,0.0,6.0,6.0,1.0,2.0,1.0,0.0,0.0,3.0,0.0,12.0,10.0,65.0,65.0,40.0,0.0,1.7,0.8,0.0,0.0,24.2,13.7,10.4,2.2,0.0,16.7,24.0,
2479782,15,981304,DISHELEC 65 VILADECANS,AWAY,1910113,L. Anducas Rodon,L. Anducas Rodon,0,18.5,1112.0,8.0,1.0,2.0,2.0,3.0,3.0,5.0,0.0,0.0,1.0,6.0,7.0,3.0,3.0,0.0,0.0,0.0,2.0,3.0,14.0,10.0,80.0,80.0,60.0,0.0,1.0,2.0,0.0,6.8,30.9,20.5,30.0,0.0,0.0,37.5,20.4,
2479782,15,981304,DISHELEC 65 VILADECANS,AWAY,1727776,P. Curto Garcia,P. Curto Garcia,1,20.8,1249.0,11.0,1.0,6.0,2.0,6.0,3.0,12.0,3.0,3.0,2.0,4.0,6.0,4.0,1.0,0.0,0.0,0.0,0.0,2.0,13.0,-11.0,41.3,33.3,50.0,25.0,0.3,1.0,1.5,12.0,18.3,15.6,40.0,0.0,0.0,7.0,32.5,
2479782,15,981304,DISHELEC 65 VILADECANS,AWAY,1398200,J. Turrion Aranda,J. Turrion Aranda,1,27.7,1662.0,18.0,1.0,2.0,3.0,5.0,4.0,7.0,7.0,7.0,1.0,3.0,4.0,1.0,4.0,1.0,1.0,0.0,2.0,3.0,19.0,-10.0,89.3,78.6,71.4,100.0,1.0,1.8,2.3,4.5,10.3,7.8,7.0,1.9,3.7,28.4,24.0,
2479782,15,981304,DISHELEC 65 VILADECANS,AWAY,2056456,N. Soler Ramos,N. Soler Ramos,0,12.0,719.0,8.0,4.0,4.0,0.0,2.0,4.0,6.0,0.0,0.0,1.0,1.0,2.0,0.0,1.0,0.0,0.0,0.0,2.0,0.0,5.0,3.0,66.7,66.7,33.3,0.0,2.0,0.0,0.0,10.4,7.9,9.0,0.0,0.0,0.0,14.3,27.5,
2479782,15,981304,DISHELEC 65 VILADECANS,AWAY,2322360,A. Torne Labarta,A. Torne Labarta,0,19.9,1195.0,8.0,3.0,5.0,0.0,0.0,3.0,5.0,2.0,2.0,0.0,6.0,6.0,1.0,0.0,0.0,0.0,0.0,1.0,2.0,14.0,4.0,68.0,60.0,0.0,40.0,1.2,0.0,1.0,0.0,28.7,16.3,10.0,0.0,0.0,0.0,13.9,
2479782,15,981304,DISHELEC 65 VILADECANS,AWAY,2082380,J. Torreño Jimenez,J. Torreño Jimenez,0,15.2,912.0,5.0,0.0,2.0,1.0,2.0,1.0,4.0,2.0,2.0,2.0,1.0,3.0,1.0,0.0,1.0,0.0,0.0,2.0,1.0,6.0,12.0,51.2,37.5,50.0,50.0,0.0,1.5,2.0,16.4,6.3,10.7,10.6,3.4,0.0,0.0,15.1,
2479782,15,981304,DISHELEC 65 VILADECANS,AWAY,2146979,N. Sanchez Marques,N. Sanchez Marques,0,26.6,1598.0,8.0,1.0,1.0,1.0,5.0,2.0,6.0,3.0,4.0,0.0,0.0,0.0,2.0,2.0,2.0,0.0,0.0,0.0,2.0,7.0,6.0,51.5,41.7,83.3,66.7,2.0,0.6,2.0,0.0,0.0,0.0,12.3,3.9,0.0,20.5,17.3,
2479782,15,981304,DISHELEC 65 VILADECANS,AWAY,1956668,M. Ribera Sanuy,M. Ribera Sanuy,1,15.4,924.0,2.0,0.0,2.0,0.0,1.0,0.0,3.0,2.0,2.0,1.0,0.0,1.0,2.0,2.0,0.0,0.0,0.0,1.0,1.0,0.0,1.0,25.8,0.0,33.3,66.7,0.0,0.0,2.0,8.1,0.0,3.5,19.2,0.0,0.0,34.0,18.0,
2479782,15,981304,DISHELEC 65 VILADECANS,AWAY,1663009,Q. Ubia Llunell,Q. Ubia Llunell,1,20.3,1216.0,0.0,0.0,0.0,0.0,2.0,0.0,2.0,0.0,0.0,0.0,5.0,5.0,1.0,1.0,0.0,0.0,0.0,3.0,0.0,0.0,0.0,0.0,0.0,100.0,0.0,0.0,0.0,0.0,0.0,23.5,13.3,7.7,0.0,0.0,33.3,7.0,
2479783,15,981209,CB CLARET BENIMACLET,HOME,1886112,S. Afonso Gonzalez,S. Afonso Gonzalez,1,31.6,1894.0,17.0,4.0,9.0,2.0,5.0,6.0,14.0,3.0,5.0,1.0,0.0,1.0,4.0,2.0,2.0,0.0,0.0,2.0,4.0,14.0,1.0,52.5,50.0,35.7,35.7,0.9,1.2,1.2,3.6,0.0,1.6,25.6,3.1,0.0,11.0,27.0,
2479783,15,981209,CB CLARET BENIMACLET,HOME,2209715,J. Sarrio Asensio,J. Sarrio Asensio,0,14.4,867.0,5.0,1.0,2.0,1.0,3.0,2.0,5.0,0.0,0.0,0.0,3.0,3.0,1.0,2.0,0.0,0.0,0.0,2.0,0.0,2.0,14.0,50.0,50.0,60.0,0.0,1.0,1.0,0.0,0.0,18.1,10.3,11.4,0.0,0.0,28.6,22.8,
2479783,15,981209,CB CLARET BENIMACLET,HOME,1853228,J. Rochina Troncoso,J. Rochina Troncoso,1,28.8,1725.0,8.0,0.0,1.0,2.0,6.0,2.0,7.0,2.0,4.0,2.0,4.0,6.0,1.0,2.0,1.0,0.0,1.0,3.0,4.0,8.0,-1.0,45.7,42.9,85.7,57.1,0.0,1.0,1.0,7.9,12.1,10.3,5.9,1.7,0.0,18.6,17.5,
2479783,15,981209,CB CLARET BENIMACLET,HOME,2281500,L. Liern Ruiz,L. Liern Ruiz,0,17.9,1073.0,3.0,0.0,2.0,1.0,3.0,1.0,5.0,0.0,0.0,1.0,7.0,8.0,1.0,1.0,0.0,1.0,0.0,2.0,0.0,6.0,11.0,30.0,30.0,60.0,0.0,0.0,1.0,0.0,6.4,34.0,22.1,10.2,0.0,4.6,16.7,15.7,
2479783,15,981209,CB CLARET BENIMACLET,HOME,1767443,M. Cuellar Bayarri,M. Cuellar Bayarri,1,29.0,1741.0,19.0,7.0,13.0,0.0,0.0,7.0,13.0,5.0,6.0,1.0,8.0,9.0,3.0,2.0,2.0,2.0,0.0,3.0,5.0,28.0,12.0,60.7,53.8,0.0,46.2,1.1,0.0,1.2,3.9,24.0,15.3,25.2,3.4,5.6,11.3,28.5,
2479783,15,981209,CB CLARET BENIMACLET,HOME,1984467,G. Lopez Cuesta,G. Lopez Cuesta,0,11.0,659.0,4.0,1.0,5.0,0.0,0.0,1.0,5.0,2.0,2.0,1.0,2.0,3.0,2.0,0.0,0.0,0.0,3.0,4.0,2.0,3.0,2.0,34.0,20.0,0.0,40.0,0.4,0.0,1.0,10.4,15.8,13.5,28.2,0.0,0.0,0.0,25.0,
2479783,15,981209,CB CLARET BENIMACLET,HOME,1506842,E. Cases Rey,E. Cases Rey,1,1.0,60.0,0.0,0.0,0.0,0.0,0.0,0.0,0.0,0.0,0.0,0.0,1.0,1.0,0.0,0.0,0.0,0.0,0.0,0.0,0.0,1.0,0.0,0.0,0.0,0.0,0.0,0.0,0.0,0.0,0.0,87.0,49.4,0.0,0.0,0.0,0.0,0.0,
2479783,15,981209,CB CLARET BENIMACLET,HOME,1994256,T. Toledo Navarro,T. Toledo Navarro,0,23.4,1402.0,4.0,1.0,2.0,0.0,1.0,1.0,3.0,2.0,2.0,0.0,1.0,1.0,3.0,1.0,0.0,0.0,0.0,3.0,1.0,3.0,10.0,51.5,33.3,33.3,66.7,1.0,0.0,2.0,0.0,3.7,2.1,19.7,0.0,0.0,20.5,9.8,
2479783,15,981209,CB CLARET BENIMACLET,HOME,1749591,I. Garrido Perez,I. Garrido Perez,1,33.4,2002.0,16.0,2.0,6.0,4.0,6.0,6.0,12.0,0.0,0.0,2.0,5.0,7.0,3.0,0.0,0.0,0.0,0.0,1.0,0.0,19.0,18.0,66.7,66.7,50.0,0.0,0.7,2.0,0.0,6.8,13.0,10.3,19.2,0.0,0.0,0.0,16.8,
2479783,15,981209,CB CLARET BENIMACLET,HOME,2087980,A. Romero De Vicente,A. Romero De Vicente,0,9.6,577.0,3.0,0.0,0.0,1.0,2.0,1.0,2.0,0.0,0.0,0.0,1.0,1.0,1.0,1.0,1.0,0.0,0.0,2.0,1.0,3.0,3.0,75.0,75.0,100.0,0.0,0.0,1.5,0.0,0.0,9.1,5.1,22.7,5.2,0.0,33.3,14.6,
2479783,15,982048,EL PLANTEL GMASB,AWAY,2819272,D. Ryzinska,D. Ryzinska,0,17.5,1052.0,2.0,1.0,4.0,0.0,1.0,1.0,5.0,0.0,0.0,0.0,8.0,8.0,1.0,1.0,0.0,0.0,1.0,3.0,1.0,4.0,-4.0,20.0,20.0,20.0,0.0,0.5,0.0,0.0,0.0,52.2,22.6,12.8,0.0,0.0,16.7,14.5,
2479783,15,982048,EL PLANTEL GMASB,AWAY,2124275,C. Villanueva Lazaro,C. Villanueva Lazaro,0,26.8,1609.0,8.0,1.0,4.0,1.0,3.0,2.0,7.0,3.0,3.0,1.0,6.0,7.0,6.0,1.0,2.0,2.0,1.0,5.0,4.0,18.0,-7.0,48.1,35.7,42.9,42.9,0.5,1.0,0.8,3.2,25.6,12.9,44.8,3.9,7.5,10.7,14.7,
2479783,15,982048,EL PLANTEL GMASB,AWAY,1974272,R. Revueltas Pareja,R. Revueltas Pareja,1,29.4,1764.0,11.0,4.0,12.0,0.0,6.0,4.0,18.0,3.0,6.0,3.0,3.0,6.0,3.0,1.0,1.0,0.0,0.0,0.0,7.0,10.0,-11.0,26.6,22.2,33.3,33.3,0.7,0.0,0.9,8.9,11.7,10.1,26.3,1.8,0.0,4.6,31.2,
2479783,15,982048,EL PLANTEL GMASB,AWAY,2819274,O. Schlegl,O. Schlegl,0,10.0,598.0,2.0,1.0,1.0,0.0,2.0,1.0,3.0,0.0,0.0,0.0,0.0,0.0,0.0,1.0,0.0,0.0,0.0,2.0,0.0,-3.0,4.0,33.3,33.3,66.7,0.0,2.0,0.0,0.0,0.0,0.0,0.0,0.0,0.0,0.0,25.0,16.9,
2479783,15,982048,EL PLANTEL GMASB,AWAY,2232865,M. Sanchez Valenzuela,M. Sanchez Valenzuela,1,36.2,2175.0,12.0,1.0,3.0,3.0,10.0,4.0,13.0,1.0,2.0,1.0,2.0,3.0,4.0,1.0,1.0,0.0,0.0,2.0,2.0,9.0,-12.0,43.2,42.3,76.9,15.4,0.7,0.9,1.0,2.4,6.3,4.1,25.3,1.4,0.0,6.7,17.4,
2479783,15,982048,EL PLANTEL GMASB,AWAY,1111828,L. Fernandez Fiel,L. Fernandez Fiel,1,25.6,1534.0,8.0,4.0,10.0,0.0,2.0,4.0,12.0,0.0,2.0,0.0,1.0,1.0,1.0,0.0,0.0,0.0,1.0,1.0,1.0,0.0,-10.0,31.1,33.3,16.7,16.7,0.8,0.0,2.0,0.0,4.5,1.9,10.9,0.0,0.0,0.0,21.3,
2479783,15,982048,EL PLANTEL GMASB,AWAY,2112760,M. Diaz Torres,M. Diaz Torres,1,11.0,662.0,0.0,0.0,0.0,0.0,0.0,0.0,0.0,0.0,0.0,0.0,0.0,0.0,0.0,0.0,0.0,1.0,0.0,2.0,0.0,-1.0,-9.0,0.0,0.0,0.0,0.0,0.0,0.0,0.0,0.0,0.0,0.0,0.0,0.0,9.1,0.0,0.0,
2479783,15,982048,EL PLANTEL GMASB,AWAY,2202075,M. Garcia Garrido,M. Garcia Garrido,0,10.6,636.0,2.0,0.0,1.0,0.0,2.0,0.0,3.0,2.0,2.0,1.0,0.0,1.0,0.0,0.0,0.0,0.0,0.0,0.0,1.0,1.0,-9.0,25.8,0.0,66.7,66.7,0.0,0.0,2.0,8.2,0.0,4.7,0.0,0.0,0.0,0.0,15.5,
2479783,15,982048,EL PLANTEL GMASB,AWAY,2364455,T. Sene,T. Sene,0,3.5,213.0,0.0,0.0,1.0,0.0,0.0,0.0,1.0,0.0,0.0,0.0,1.0,1.0,0.0,0.0,0.0,0.0,0.0,0.0,0.0,0.0,-3.0,0.0,0.0,0.0,0.0,0.0,0.0,0.0,0.0,32.7,14.1,0.0,0.0,0.0,0.0,12.1,
2479783,15,982048,EL PLANTEL GMASB,AWAY,2746773,O. Betancourt Labrador,O. Betancourt Labrador,1,29.3,1757.0,20.0,6.0,13.0,0.0,0.0,6.0,13.0,8.0,11.0,8.0,6.0,14.0,1.0,3.0,1.0,1.0,0.0,3.0,6.0,27.0,-9.0,56.1,46.2,0.0,84.6,0.9,0.0,1.8,23.7,23.4,23.6,10.6,1.8,3.4,14.4,30.1,
2479784,15,980023,GEIEG PACISA,HOME,1949920,J. Pairo Urtos,J. Pairo Urtos,0,12.0,722.0,0.0,0.0,0.0,0.0,0.0,0.0,0.0,0.0,0.0,1.0,3.0,4.0,0.0,2.0,2.0,1.0,0.0,3.0,0.0,2.0,-1.0,0.0,0.0,0.0,0.0,0.0,0.0,0.0,8.5,34.5,19.6,0.0,8.5,7.2,100.0,8.0,
2479784,15,980023,GEIEG PACISA,HOME,1917788,M. Carbo Cachinero,M. Carbo Cachinero,1,20.7,1242.0,8.0,2.0,3.0,0.0,3.0,2.0,6.0,4.0,5.0,1.0,0.0,1.0,0.0,2.0,1.0,0.0,0.0,1.0,3.0,5.0,-7.0,48.8,33.3,50.0,83.3,1.3,0.0,1.7,5.0,0.0,2.8,0.0,2.5,0.0,19.6,23.6,
2479784,15,980023,GEIEG PACISA,HOME,1944150,M. Melero Bravo,M. Melero Bravo,1,29.2,1752.0,8.0,3.0,12.0,0.0,2.0,3.0,14.0,2.0,3.0,0.0,0.0,0.0,1.0,3.0,3.0,0.0,0.0,4.0,5.0,-2.0,-10.0,26.1,21.4,14.3,21.4,0.5,0.0,0.6,0.0,0.0,0.0,8.1,5.2,0.0,16.4,30.0,
2479784,15,980023,GEIEG PACISA,HOME,1748049,N. Bagaria Rovira,N. Bagaria Rovira,0,15.8,949.0,0.0,0.0,2.0,0.0,2.0,0.0,4.0,0.0,0.0,0.0,1.0,1.0,0.0,0.0,1.0,0.0,0.0,1.0,1.0,-2.0,-7.0,0.0,0.0,50.0,0.0,0.0,0.0,0.0,0.0,8.7,3.7,0.0,3.2,0.0,0.0,12.1,
2479784,15,980023,GEIEG PACISA,HOME,1667386,C. Morente Lopez,C. Morente Lopez,0,9.2,550.0,0.0,0.0,1.0,0.0,0.0,0.0,1.0,0.0,0.0,0.0,0.0,0.0,0.0,1.0,0.0,0.0,0.0,1.0,0.0,-3.0,-5.0,0.0,0.0,0.0,0.0,0.0,0.0,0.0,0.0,0.0,0.0,0.0,0.0,0.0,50.0,10.4,
2479784,15,980023,GEIEG PACISA,HOME,1968963,A. Talasimov,A. Talasimov,1,19.1,1149.0,0.0,0.0,1.0,0.0,0.0,0.0,1.0,0.0,0.0,2.0,2.0,4.0,1.0,0.0,2.0,0.0,0.0,2.0,1.0,5.0,4.0,0.0,0.0,0.0,0.0,0.0,0.0,0.0,10.7,14.4,12.3,9.1,5.3,0.0,0.0,2.5,
2479784,15,980023,GEIEG PACISA,HOME,1567998,V. Gonzalez Olaizola,V. Gonzalez Olaizola,0,23.4,1405.0,11.0,5.0,9.0,0.0,0.0,5.0,9.0,1.0,5.0,1.0,1.0,2.0,2.0,1.0,0.0,2.0,0.0,1.0,3.0,10.0,-13.0,49.1,55.6,0.0,55.6,1.1,0.0,1.7,4.4,5.9,5.0,24.4,0.0,7.4,8.2,24.9,
2479784,15,980023,GEIEG PACISA,HOME,1666109,A. Coma Perpiña,A. Coma Perpiña,1,32.9,1976.0,20.0,9.0,14.0,0.0,1.0,9.0,15.0,2.0,2.0,1.0,6.0,7.0,5.0,4.0,4.0,0.0,0.0,2.0,4.0,28.0,-3.0,63.0,60.0,6.7,13.3,1.3,0.0,0.5,3.1,25.2,12.5,58.1,6.2,0.0,20.1,28.9,
2479784,15,980023,GEIEG PACISA,HOME,1926754,J. Fernandez Pinsach,J. Fernandez Pinsach,1,18.5,1109.0,4.0,2.0,9.0,0.0,0.0,2.0,9.0,0.0,0.0,2.0,2.0,4.0,0.0,2.0,2.0,0.0,2.0,3.0,0.0,-2.0,-2.0,22.2,22.2,0.0,0.0,0.4,0.0,0.0,11.1,14.9,12.7,0.0,5.5,0.0,18.2,28.4,
2479784,15,980023,GEIEG PACISA,HOME,2239082,N. Mitjanas Costa,N. Mitjanas Costa,0,19.1,1146.0,2.0,1.0,2.0,0.0,0.0,1.0,2.0,0.0,0.0,0.0,2.0,2.0,0.0,1.0,4.0,0.0,0.0,3.0,1.0,4.0,-11.0,50.0,50.0,0.0,0.0,1.0,0.0,0.0,0.0,14.4,6.2,0.0,10.6,0.0,33.3,7.5,
2479784,15,981167,SEGLE XXI,AWAY,2153172,M. Cintas Diaz,M. Cintas Diaz,1,27.9,1672.0,8.0,4.0,8.0,0.0,1.0,4.0,9.0,0.0,1.0,0.0,3.0,3.0,4.0,5.0,1.0,0.0,1.0,4.0,4.0,5.0,11.0,42.4,44.4,11.1,11.1,1.0,0.0,0.2,0.0,11.0,6.3,26.8,1.9,0.0,34.6,22.8,
2479784,15,981167,SEGLE XXI,AWAY,2289362,D. Garcia Dominguez,D. Garcia Dominguez,0,21.0,1262.0,0.0,0.0,4.0,0.0,1.0,0.0,5.0,0.0,0.0,0.0,3.0,3.0,2.0,3.0,1.0,0.0,0.0,1.0,0.0,-3.0,7.0,0.0,0.0,20.0,0.0,0.0,0.0,0.0,0.0,14.7,8.4,14.8,2.5,0.0,37.5,16.8,
2479784,15,981167,SEGLE XXI,AWAY,2320695,A. Plans Bellavista,A. Plans Bellavista,0,5.4,325.0,0.0,0.0,2.0,0.0,0.0,0.0,2.0,0.0,0.0,0.0,0.0,0.0,0.0,1.0,0.0,0.0,0.0,2.0,0.0,-5.0,1.0,0.0,0.0,0.0,0.0,0.0,0.0,0.0,0.0,0.0,0.0,0.0,0.0,0.0,33.3,24.5,
2479784,15,981167,SEGLE XXI,AWAY,2448425,N. Cordón Elizarán,N. Cordón Elizarán,0,3.0,179.0,0.0,0.0,0.0,0.0,0.0,0.0,0.0,0.0,0.0,0.0,1.0,1.0,0.0,0.0,0.0,0.0,0.0,0.0,0.0,1.0,2.0,0.0,0.0,0.0,0.0,0.0,0.0,0.0,0.0,34.2,19.6,0.0,0.0,0.0,0.0,0.0,
2479784,15,981167,SEGLE XXI,AWAY,2528757,I. Garcia Fernandez,I. Garcia Fernandez,1,12.8,769.0,0.0,0.0,1.0,0.0,0.0,0.0,1.0,0.0,0.0,1.0,6.0,7.0,0.0,1.0,0.0,0.0,0.0,4.0,1.0,2.0,-4.0,0.0,0.0,0.0,0.0,0.0,0.0,0.0,10.8,48.1,32.2,0.0,0.0,0.0,50.0,6.9,
2479784,15,981167,SEGLE XXI,AWAY,2244483,S. Nde Akawung,S. Nde Akawung,1,31.0,1862.0,15.0,7.0,10.0,0.0,4.0,7.0,14.0,1.0,2.0,2.0,2.0,4.0,1.0,1.0,0.0,1.0,1.0,1.0,2.0,13.0,4.0,50.4,50.0,28.6,14.3,1.4,0.0,1.0,8.9,6.6,7.6,6.8,0.0,2.4,6.3,22.6,
2479784,15,981167,SEGLE XXI,AWAY,2196865,M. Carbó Medina,M. Carbó Medina,0,17.4,1046.0,10.0,2.0,3.0,2.0,3.0,4.0,6.0,0.0,2.0,0.0,4.0,4.0,1.0,3.0,1.0,0.0,1.0,1.0,2.0,10.0,12.0,72.7,83.3,50.0,33.3,1.3,2.0,1.0,0.0,23.6,13.5,14.7,3.0,0.0,30.4,25.0,
2479784,15,981167,SEGLE XXI,AWAY,2639399,S. Okafor Ofoegbu,S. Okafor Ofoegbu,1,29.6,1774.0,16.0,5.0,8.0,1.0,4.0,6.0,12.0,3.0,5.0,1.0,4.0,5.0,1.0,6.0,4.0,0.0,0.0,0.0,4.0,16.0,0.0,56.3,54.2,33.3,41.7,1.2,0.8,1.2,4.7,13.9,9.9,7.8,7.2,0.0,29.7,30.1,
2479784,15,981167,SEGLE XXI,AWAY,2454402,S. Fernandez De Cuevas Martinez,S. Fernandez De Cuevas Martinez,1,18.7,1121.0,4.0,1.0,2.0,0.0,0.0,1.0,2.0,2.0,2.0,2.0,2.0,4.0,3.0,0.0,0.0,0.0,0.0,3.0,3.0,10.0,2.0,69.4,50.0,0.0,100.0,1.0,0.0,0.7,14.8,11.0,12.6,24.0,0.0,0.0,0.0,6.8,
2479784,15,981167,SEGLE XXI,AWAY,2229661,B. Asensio Senosiáin,B. Asensio Senosiáin,0,11.1,664.0,3.0,1.0,1.0,0.0,0.0,1.0,1.0,1.0,1.0,2.0,0.0,2.0,0.0,2.0,1.0,0.0,0.0,2.0,4.0,6.0,8.0,104.2,100.0,0.0,100.0,2.0,0.0,0.2,24.9,0.0,10.6,0.0,4.8,0.0,58.1,13.7,
2479784,15,981167,SEGLE XXI,AWAY,2461439,A. Smykovskaia,A. Smykovskaia,0,22.1,1326.0,8.0,4.0,7.0,0.0,0.0,4.0,7.0,0.0,0.0,4.0,6.0,10.0,0.0,4.0,0.0,1.0,0.0,0.0,1.0,13.0,12.0,57.1,57.1,0.0,0.0,1.1,0.0,0.0,25.0,27.8,26.6,0.0,0.0,3.4,36.4,21.9,
2479785,15,981286,ESCO GRUPO FEMENINO ALCORCON,HOME,2498418,S. Hinestrosa Envo,S. Hinestrosa Envo,0,0.2,13.0,0.0,0.0,0.0,0.0,0.0,0.0,0.0,0.0,0.0,0.0,0.0,0.0,0.0,0.0,0.0,0.0,0.0,0.0,0.0,0.0,2.0,0.0,0.0,0.0,0.0,0.0,0.0,0.0,0.0,0.0,0.0,0.0,0.0,0.0,0.0,0.0,
2479785,15,981286,ESCO GRUPO FEMENINO ALCORCON,HOME,2095287,G. Escorial Ferrero,G. Escorial Ferrero,0,15.2,912.0,6.0,3.0,5.0,0.0,0.0,3.0,5.0,0.0,0.0,3.0,2.0,5.0,1.0,3.0,1.0,0.0,0.0,2.0,1.0,7.0,0.0,60.0,60.0,0.0,0.0,1.2,0.0,0.0,16.8,18.1,17.3,23.8,3.3,0.0,37.5,21.3,
2479785,15,981286,ESCO GRUPO FEMENINO ALCORCON,HOME,2162538,C. Del Amo Sevillano,C. Del Amo Sevillano,1,24.6,1473.0,16.0,2.0,5.0,1.0,2.0,3.0,7.0,9.0,9.0,2.0,3.0,5.0,1.0,4.0,2.0,0.0,1.0,4.0,6.0,18.0,12.0,73.0,50.0,28.6,128.6,0.8,1.5,1.5,6.9,16.8,10.7,12.8,4.0,0.0,26.7,24.7,
2479785,15,981286,ESCO GRUPO FEMENINO ALCORCON,HOME,2182200,L. Bernardo Perez,L. Bernardo Perez,0,15.6,935.0,0.0,0.0,1.0,0.0,5.0,0.0,6.0,0.0,0.0,1.0,3.0,4.0,0.0,1.0,2.0,0.0,0.0,1.0,0.0,-2.0,5.0,0.0,0.0,83.3,0.0,0.0,0.0,0.0,5.5,26.5,13.5,0.0,6.3,0.0,14.3,18.2,
2479785,15,981286,ESCO GRUPO FEMENINO ALCORCON,HOME,2012796,M. Blanco Eusebio,M. Blanco Eusebio,1,32.7,1964.0,9.0,2.0,4.0,1.0,6.0,3.0,10.0,2.0,3.0,1.0,3.0,4.0,3.0,1.0,3.0,0.0,0.0,3.0,4.0,11.0,2.0,39.8,35.0,60.0,30.0,1.0,0.5,0.8,2.6,12.7,6.4,26.3,4.5,0.0,8.1,15.3,
2479785,15,981286,ESCO GRUPO FEMENINO ALCORCON,HOME,1535457,M. Aranda Fraile,M. Aranda Fraile,1,20.6,1235.0,4.0,0.0,2.0,1.0,5.0,1.0,7.0,1.0,1.0,0.0,2.0,2.0,1.0,1.0,2.0,0.0,0.0,3.0,2.0,1.0,12.0,26.9,21.4,71.4,14.3,0.0,0.6,0.5,0.0,13.4,5.1,12.5,4.8,0.0,11.8,16.6,
2479785,15,981286,ESCO GRUPO FEMENINO ALCORCON,HOME,2822982,Y. Sifaoui Bucero,Y. Sifaoui Bucero,1,16.7,1003.0,3.0,1.0,4.0,0.0,1.0,1.0,5.0,1.0,2.0,1.0,1.0,2.0,2.0,0.0,0.0,0.0,1.0,1.0,1.0,2.0,-1.0,25.5,20.0,20.0,40.0,0.5,0.0,2.0,5.1,8.3,6.3,32.3,0.0,0.0,0.0,14.3,
2479785,15,981286,ESCO GRUPO FEMENINO ALCORCON,HOME,2128123,N. Ipo Seriche-Dougan,N. Ipo Seriche-Dougan,1,23.4,1405.0,8.0,2.0,3.0,0.0,3.0,2.0,6.0,4.0,6.0,0.0,2.0,2.0,1.0,2.0,1.0,0.0,0.0,3.0,5.0,6.0,10.0,46.3,33.3,50.0,100.0,1.3,0.0,1.2,0.0,11.8,4.5,11.4,2.1,0.0,18.8,18.4,
2479785,15,981286,ESCO GRUPO FEMENINO ALCORCON,HOME,2164976,A. Martínez Mora,A. Martínez Mora,0,15.6,936.0,2.0,0.0,0.0,0.0,2.0,0.0,2.0,2.0,2.0,1.0,1.0,2.0,2.0,4.0,2.0,0.0,0.0,2.0,2.0,2.0,6.0,34.7,0.0,100.0,100.0,0.0,0.0,1.0,5.5,8.8,6.7,27.8,6.3,0.0,58.1,17.9,
2479785,15,981286,ESCO GRUPO FEMENINO ALCORCON,HOME,1869823,D. Miliauskaite,D. Miliauskaite,0,20.1,1207.0,9.0,1.0,7.0,1.0,2.0,2.0,9.0,4.0,8.0,7.0,3.0,10.0,0.0,1.0,2.0,0.0,1.0,0.0,6.0,15.0,17.0,35.9,27.8,22.2,88.9,0.3,1.5,1.3,29.6,20.6,26.2,0.0,4.9,0.0,7.4,27.3,
2479785,15,981286,ESCO GRUPO FEMENINO ALCORCON,HOME,2176383,I. Camiña Rodriguez,I. Camiña Rodriguez,0,15.3,917.0,7.0,2.0,2.0,1.0,8.0,3.0,10.0,0.0,0.0,3.0,0.0,3.0,0.0,1.0,2.0,1.0,0.0,2.0,0.0,3.0,-10.0,35.0,35.0,80.0,0.0,2.0,0.4,0.0,16.7,0.0,10.3,0.0,6.5,6.1,9.1,29.2,
2479785,15,979775,BASKET ALMEDA,AWAY,2355761,N. Bernal Ibarria,N. Bernal Ibarria,0,8.1,484.0,0.0,0.0,0.0,0.0,0.0,0.0,0.0,0.0,0.0,0.0,2.0,2.0,0.0,1.0,0.0,0.0,0.0,0.0,0.0,1.0,1.0,0.0,0.0,0.0,0.0,0.0,0.0,0.0,0.0,21.0,13.0,0.0,0.0,0.0,100.0,5.5,
2479785,15,979775,BASKET ALMEDA,AWAY,1929994,M. Garcia Menéndez,M. Garcia Menéndez,1,25.4,1524.0,8.0,2.0,8.0,0.0,1.0,2.0,9.0,4.0,5.0,2.0,2.0,4.0,1.0,4.0,2.0,0.0,0.0,4.0,4.0,3.0,-13.0,35.7,22.2,11.1,55.6,0.5,0.0,1.2,10.9,6.7,8.3,10.6,4.0,0.0,26.3,26.7,
2479785,15,979775,BASKET ALMEDA,AWAY,1893303,L. Tierno Martí,L. Tierno Martí,1,20.9,1257.0,0.0,0.0,3.0,0.0,1.0,0.0,4.0,0.0,0.0,0.0,0.0,0.0,1.0,3.0,1.0,0.0,1.0,2.0,1.0,-6.0,-14.0,0.0,0.0,25.0,0.0,0.0,0.0,0.0,0.0,0.0,0.0,10.5,2.4,0.0,42.9,14.9,
2479785,15,979775,BASKET ALMEDA,AWAY,1398197,C. Tapia Palacio,C. Tapia Palacio,0,21.6,1297.0,11.0,5.0,7.0,0.0,3.0,5.0,10.0,1.0,2.0,1.0,5.0,6.0,2.0,4.0,1.0,0.0,0.0,1.0,6.0,15.0,-7.0,50.6,50.0,30.0,20.0,1.4,0.0,0.3,6.4,19.7,14.6,44.4,2.3,0.0,26.9,30.7,
2479785,15,979775,BASKET ALMEDA,AWAY,2157230,L. Jove Fuste,L. Jove Fuste,0,24.2,1455.0,11.0,2.0,4.0,2.0,3.0,4.0,7.0,1.0,3.0,0.0,4.0,4.0,3.0,2.0,1.0,0.0,0.0,0.0,2.0,14.0,5.0,66.1,71.4,42.9,42.9,1.0,2.0,1.5,0.0,14.1,8.7,40.5,2.1,0.0,19.4,19.0,
2479785,15,979775,BASKET ALMEDA,AWAY,2216044,J. Masa Carne,J. Masa Carne,0,12.9,773.0,0.0,0.0,2.0,0.0,2.0,0.0,4.0,0.0,0.0,0.0,1.0,1.0,0.0,2.0,0.0,0.0,0.0,1.0,0.0,-6.0,-1.0,0.0,0.0,50.0,0.0,0.0,0.0,0.0,0.0,6.6,4.1,0.0,0.0,0.0,33.3,20.7,
2479785,15,979775,BASKET ALMEDA,AWAY,2053836,C. Moreno Mengibar,C. Moreno Mengibar,1,17.9,1071.0,2.0,1.0,1.0,0.0,0.0,1.0,1.0,0.0,0.0,2.0,1.0,3.0,0.0,1.0,0.0,0.0,0.0,5.0,1.0,0.0,-12.0,100.0,100.0,0.0,0.0,2.0,0.0,0.0,15.4,4.8,8.8,0.0,0.0,0.0,50.0,5.0,
2479785,15,979775,BASKET ALMEDA,AWAY,2054903,A. Cojocariu,A. Cojocariu,1,26.6,1593.0,7.0,3.0,9.0,0.0,2.0,3.0,11.0,1.0,2.0,1.0,6.0,7.0,1.0,5.0,4.0,0.0,0.0,5.0,2.0,2.0,2.0,29.5,27.3,18.2,18.2,0.7,0.0,1.0,5.2,19.2,13.9,9.7,7.6,0.0,29.6,28.3,
2479785,15,979775,BASKET ALMEDA,AWAY,2147731,D. Peris Fons,D. Peris Fons,0,21.9,1316.0,4.0,1.0,3.0,0.0,0.0,1.0,3.0,2.0,2.0,0.0,3.0,3.0,0.0,3.0,1.0,3.0,0.0,5.0,1.0,2.0,3.0,51.5,33.3,0.0,66.7,0.7,0.0,2.0,0.0,11.7,7.2,0.0,2.3,16.6,43.6,14.0,
2479785,15,979775,BASKET ALMEDA,AWAY,2440587,M. Coll-Vinent Olle,M. Coll-Vinent Olle,1,20.5,1230.0,10.0,3.0,6.0,0.0,0.0,3.0,6.0,4.0,6.0,3.0,4.0,7.0,0.0,1.0,1.0,0.0,0.0,4.0,4.0,12.0,-19.0,57.9,50.0,0.0,100.0,1.0,0.0,1.5,20.2,16.6,18.0,0.0,2.5,0.0,10.4,20.9,
2479786,15,981335,CESUR DISTRITO OLIMPICO,HOME,2286837,B. Arranz Albero,B. Arranz Albero,0,20.7,1244.0,10.0,2.0,5.0,2.0,8.0,4.0,13.0,0.0,0.0,0.0,3.0,3.0,0.0,1.0,0.0,0.0,0.0,2.0,0.0,1.0,17.0,38.5,38.5,61.5,0.0,0.8,0.8,0.0,0.0,16.1,9.2,0.0,0.0,0.0,7.1,32.8,
2479786,15,981335,CESUR DISTRITO OLIMPICO,HOME,1811220,S. Francisco Abos,S. Francisco Abos,1,15.4,927.0,14.0,2.0,5.0,2.0,3.0,4.0,8.0,4.0,5.0,0.0,2.0,2.0,2.0,1.0,0.0,0.0,0.0,1.0,4.0,15.0,2.0,68.6,62.5,37.5,62.5,0.8,2.0,1.2,0.0,14.4,8.2,27.8,0.0,0.0,8.9,35.3,
2479786,15,981335,CESUR DISTRITO OLIMPICO,HOME,2031383,A. Picos Porras,A. Picos Porras,1,23.0,1379.0,17.0,5.0,7.0,1.0,3.0,6.0,10.0,4.0,7.0,1.0,4.0,5.0,4.0,1.0,2.0,0.0,0.0,1.0,6.0,25.0,15.0,65.0,65.0,30.0,70.0,1.4,1.0,1.2,6.4,19.3,13.8,37.0,4.5,0.0,7.1,29.7,
2479786,15,981335,CESUR DISTRITO OLIMPICO,HOME,1871488,M. Gomez Hernandez,M. Gomez Hernandez,1,22.5,1352.0,1.0,0.0,1.0,0.0,3.0,0.0,4.0,1.0,2.0,1.0,8.0,9.0,3.0,1.0,0.0,0.0,0.0,2.0,2.0,7.0,2.0,10.2,0.0,75.0,50.0,0.0,0.0,1.0,6.6,39.5,25.4,17.9,0.0,0.0,17.0,12.7,
2479786,15,981335,CESUR DISTRITO OLIMPICO,HOME,2035834,M. Martinez Majan,M. Martinez Majan,0,7.9,476.0,2.0,1.0,2.0,0.0,0.0,1.0,2.0,0.0,0.0,0.0,0.0,0.0,1.0,1.0,1.0,0.0,0.0,2.0,0.0,0.0,2.0,50.0,50.0,0.0,0.0,1.0,0.0,0.0,0.0,0.0,0.0,21.7,6.6,0.0,33.3,18.4,
2479786,15,981335,CESUR DISTRITO OLIMPICO,HOME,2226680,J. Masip Lámbarri,J. Masip Lámbarri,0,15.6,938.0,2.0,0.0,2.0,0.0,0.0,0.0,2.0,2.0,2.0,1.0,4.0,5.0,1.0,0.0,1.0,0.0,0.0,1.0,2.0,8.0,3.0,34.7,0.0,0.0,100.0,0.0,0.0,1.0,9.5,28.5,20.4,8.9,3.3,0.0,0.0,9.0,
2479786,15,981335,CESUR DISTRITO OLIMPICO,HOME,1832824,C. Leal Flores,C. Leal Flores,0,15.1,907.0,2.0,1.0,1.0,0.0,0.0,1.0,1.0,0.0,0.0,0.0,1.0,1.0,0.0,1.0,1.0,0.0,0.0,2.0,0.0,1.0,6.0,100.0,100.0,0.0,0.0,2.0,0.0,0.0,0.0,7.4,4.2,0.0,3.4,0.0,50.0,6.4,
2479786,15,981335,CESUR DISTRITO OLIMPICO,HOME,1562695,A. González Ramírez,A. González Ramírez,1,19.0,1139.0,3.0,1.0,5.0,0.0,0.0,1.0,5.0,1.0,1.0,0.0,1.0,1.0,1.0,1.0,0.0,0.0,0.0,1.0,2.0,1.0,15.0,27.6,20.0,0.0,20.0,0.4,0.0,0.5,0.0,5.8,3.3,7.7,0.0,0.0,15.5,16.5,
2479786,15,981335,CESUR DISTRITO OLIMPICO,HOME,2160293,V. Lopez Riaño,V. Lopez Riaño,1,24.4,1462.0,14.0,7.0,9.0,0.0,0.0,7.0,9.0,0.0,2.0,1.0,4.0,5.0,3.0,2.0,0.0,0.0,0.0,0.0,2.0,18.0,17.0,70.9,77.8,0.0,22.2,1.6,0.0,1.0,6.1,18.2,13.0,30.6,0.0,0.0,16.8,23.6,
2479786,15,981335,CESUR DISTRITO OLIMPICO,HOME,1677519,R. Flores Aguado,R. Flores Aguado,0,17.5,1048.0,6.0,0.0,0.0,2.0,2.0,2.0,2.0,0.0,0.0,0.0,1.0,1.0,4.0,2.0,4.0,0.0,0.0,1.0,0.0,12.0,18.0,150.0,150.0,100.0,0.0,0.0,3.0,0.0,0.0,6.3,3.6,43.5,11.9,0.0,50.0,11.1,
2479786,15,981335,CESUR DISTRITO OLIMPICO,HOME,2185253,P. Álvarez Honorato,P. Álvarez Honorato,0,5.9,354.0,0.0,0.0,0.0,0.0,0.0,0.0,0.0,0.0,0.0,0.0,0.0,0.0,0.0,0.0,0.0,0.0,0.0,1.0,0.0,-1.0,-1.0,0.0,0.0,0.0,0.0,0.0,0.0,0.0,0.0,0.0,0.0,0.0,0.0,0.0,0.0,0.0,
2479786,15,981335,CESUR DISTRITO OLIMPICO,HOME,2800814,A. Emusi Adeniran,A. Emusi Adeniran,0,12.9,774.0,4.0,2.0,2.0,0.0,1.0,2.0,3.0,0.0,0.0,2.0,0.0,2.0,0.0,4.0,2.0,0.0,0.0,1.0,1.0,3.0,4.0,66.7,66.7,33.3,0.0,2.0,0.0,0.0,23.0,0.0,9.8,0.0,8.0,0.0,57.1,26.4,
2479786,15,981212,ELSAMEX CB ANDRATX,AWAY,2553411,N. Jeng,N. Jeng,1,30.4,1823.0,23.0,9.0,14.0,1.0,4.0,10.0,18.0,2.0,4.0,3.0,3.0,6.0,3.0,5.0,2.0,0.0,0.0,4.0,5.0,20.0,-18.0,58.2,58.3,22.2,22.2,1.3,0.8,0.8,11.0,14.6,12.5,32.6,3.4,0.0,20.2,38.3,
2479786,15,981212,ELSAMEX CB ANDRATX,AWAY,1461086,P. Comella Pons,P. Comella Pons,1,31.7,1900.0,10.0,5.0,11.0,0.0,1.0,5.0,12.0,0.0,1.0,1.0,3.0,4.0,3.0,2.0,1.0,0.0,0.0,3.0,3.0,8.0,-8.0,40.2,41.7,8.3,8.3,0.9,0.0,0.3,3.5,14.0,8.0,21.1,1.7,0.0,13.9,21.4,
2479786,15,981212,ELSAMEX CB ANDRATX,AWAY,2036170,A. Peregrina Garcia,A. Peregrina Garcia,1,32.1,1929.0,7.0,2.0,5.0,1.0,2.0,3.0,7.0,0.0,0.0,2.0,2.0,4.0,3.0,6.0,0.0,0.0,0.0,1.0,3.0,6.0,-17.0,50.0,50.0,28.6,0.0,0.8,1.5,0.0,6.9,9.2,7.9,18.5,0.0,0.0,46.2,19.0,
2479786,15,981212,ELSAMEX CB ANDRATX,AWAY,1762758,P. Charro Och,P. Charro Och,1,26.3,1577.0,7.0,2.0,6.0,1.0,4.0,3.0,10.0,0.0,0.0,0.0,3.0,3.0,2.0,2.0,0.0,0.0,0.0,1.0,0.0,2.0,-10.0,35.0,35.0,40.0,0.0,0.7,0.8,0.0,0.0,16.9,7.2,14.5,0.0,0.0,16.7,21.5,
2479786,15,981212,ELSAMEX CB ANDRATX,AWAY,1579078,H. Condom Rosell,H. Condom Rosell,0,16.3,978.0,2.0,1.0,4.0,0.0,0.0,1.0,4.0,0.0,0.0,0.0,6.0,6.0,0.0,2.0,1.0,0.0,0.0,3.0,1.0,2.0,-12.0,25.0,25.0,0.0,0.0,0.5,0.0,0.0,0.0,54.5,23.4,0.0,3.2,0.0,33.3,17.3,
2479786,15,981212,ELSAMEX CB ANDRATX,AWAY,2148958,M. López Martí,M. López Martí,0,22.8,1369.0,0.0,0.0,1.0,0.0,0.0,0.0,1.0,0.0,0.0,0.0,3.0,3.0,1.0,3.0,1.0,0.0,0.0,1.0,1.0,1.0,-18.0,0.0,0.0,0.0,0.0,0.0,0.0,0.0,0.0,19.5,8.4,6.9,2.3,0.0,75.0,8.2,
2479786,15,981212,ELSAMEX CB ANDRATX,AWAY,2276474,L. García Rivera,L. García Rivera,0,13.0,779.0,2.0,1.0,2.0,0.0,1.0,1.0,3.0,0.0,0.0,1.0,0.0,1.0,0.0,0.0,0.0,0.0,0.0,1.0,1.0,1.0,-6.0,33.3,33.3,33.3,0.0,1.0,0.0,0.0,8.5,0.0,4.9,0.0,0.0,0.0,0.0,10.8,
2479786,15,981212,ELSAMEX CB ANDRATX,AWAY,2294809,P. Sans Cantallops,P. Sans Cantallops,1,23.7,1420.0,4.0,0.0,2.0,1.0,2.0,1.0,4.0,1.0,2.0,1.0,1.0,2.0,1.0,1.0,0.0,0.0,0.0,3.0,1.0,0.0,-8.0,41.0,37.5,50.0,50.0,0.0,1.5,2.0,4.7,6.3,5.4,7.5,0.0,0.0,17.0,11.7,
2479786,15,981212,ELSAMEX CB ANDRATX,AWAY,2820516,L. Stenta,L. Stenta,0,3.8,225.0,0.0,0.0,1.0,0.0,0.0,0.0,1.0,0.0,0.0,0.0,0.0,0.0,0.0,1.0,0.0,0.0,0.0,2.0,0.0,-4.0,-3.0,0.0,0.0,0.0,0.0,0.0,0.0,0.0,0.0,0.0,0.0,0.0,0.0,0.0,50.0,24.7,
2479787,15,981227,DPES CB CIUDAD DE MOSTOLES,HOME,2040603,P. Gonzalez Gonzalez,P. Gonzalez Gonzalez,0,28.8,1725.0,11.0,5.0,9.0,0.0,2.0,5.0,11.0,1.0,4.0,0.0,1.0,1.0,1.0,2.0,1.0,0.0,0.0,4.0,5.0,4.0,10.0,43.1,45.5,18.2,36.4,1.1,0.0,0.8,0.0,4.0,1.8,10.3,1.9,0.0,13.6,23.8,
2479787,15,981227,DPES CB CIUDAD DE MOSTOLES,HOME,2162836,D. Vaquero Martinez,D. Vaquero Martinez,0,6.5,388.0,2.0,1.0,1.0,0.0,0.0,1.0,1.0,0.0,0.0,0.0,0.0,0.0,0.0,0.0,0.0,0.0,0.0,0.0,0.0,2.0,-10.0,100.0,100.0,0.0,0.0,2.0,0.0,0.0,0.0,0.0,0.0,0.0,0.0,0.0,0.0,7.1,
2479787,15,981227,DPES CB CIUDAD DE MOSTOLES,HOME,1871083,A. Quesada Romero,A. Quesada Romero,0,6.0,359.0,0.0,0.0,1.0,0.0,3.0,0.0,4.0,0.0,0.0,0.0,1.0,1.0,1.0,0.0,0.0,0.0,0.0,1.0,0.0,-3.0,5.0,0.0,0.0,75.0,0.0,0.0,0.0,0.0,0.0,19.0,8.7,47.6,0.0,0.0,0.0,31.0,
2479787,15,981227,DPES CB CIUDAD DE MOSTOLES,HOME,1178705,A. Peredo Lopez,A. Peredo Lopez,0,26.5,1590.0,16.0,2.0,7.0,4.0,6.0,6.0,13.0,0.0,2.0,0.0,7.0,7.0,4.0,1.0,3.0,1.0,0.0,0.0,1.0,22.0,13.0,57.6,61.5,46.2,15.4,0.6,2.0,2.0,0.0,30.2,13.7,46.0,6.1,4.6,6.7,26.1,
2479787,15,981227,DPES CB CIUDAD DE MOSTOLES,HOME,1222687,B. Moreno Hurtado,B. Moreno Hurtado,0,8.4,502.0,0.0,0.0,1.0,0.0,2.0,0.0,3.0,0.0,0.0,0.0,2.0,2.0,0.0,0.0,0.0,0.0,0.0,1.0,0.0,-2.0,10.0,0.0,0.0,66.7,0.0,0.0,0.0,0.0,0.0,27.2,12.4,0.0,0.0,0.0,0.0,16.6,
2479787,15,981227,DPES CB CIUDAD DE MOSTOLES,HOME,1819108,N. Gomez Cobo,N. Gomez Cobo,1,16.7,1001.0,0.0,0.0,1.0,0.0,0.0,0.0,1.0,0.0,0.0,1.0,0.0,1.0,3.0,1.0,1.0,0.0,0.0,4.0,0.0,-1.0,-9.0,0.0,0.0,0.0,0.0,0.0,0.0,0.0,5.7,0.0,3.1,35.7,3.2,0.0,50.0,5.6,
2479787,15,981227,DPES CB CIUDAD DE MOSTOLES,HOME,2035086,M. Gamez Martinez,M. Gamez Martinez,0,19.5,1169.0,1.0,0.0,0.0,0.0,1.0,0.0,1.0,1.0,2.0,1.0,3.0,4.0,3.0,2.0,1.0,1.0,0.0,1.0,1.0,6.0,-7.0,26.6,0.0,100.0,200.0,0.0,0.0,2.0,4.9,17.6,10.7,28.6,2.8,6.2,51.5,9.2,
2479787,15,981227,DPES CB CIUDAD DE MOSTOLES,HOME,1589173,M. Correa Villalona,M. Correa Villalona,1,27.1,1626.0,6.0,0.0,3.0,1.0,2.0,1.0,5.0,3.0,6.0,2.0,1.0,3.0,2.0,0.0,2.0,0.0,0.0,4.0,5.0,7.0,1.0,39.3,30.0,40.0,120.0,0.0,1.5,1.2,7.0,4.2,5.8,14.6,4.0,0.0,0.0,13.1,
2479787,15,981227,DPES CB CIUDAD DE MOSTOLES,HOME,1434653,B. Martinez Sanz,B. Martinez Sanz,1,10.8,648.0,4.0,2.0,4.0,0.0,1.0,2.0,5.0,0.0,0.0,0.0,2.0,2.0,1.0,1.0,1.0,0.0,0.0,3.0,2.0,3.0,-6.0,40.0,40.0,20.0,0.0,1.0,0.0,0.0,0.0,21.2,9.6,23.3,5.0,0.0,16.7,25.8,
2479787,15,981227,DPES CB CIUDAD DE MOSTOLES,HOME,1740994,B. Rodríguez Bazaga,B. Rodríguez Bazaga,1,21.4,1285.0,9.0,0.0,2.0,2.0,4.0,2.0,6.0,3.0,4.0,0.0,0.0,0.0,3.0,2.0,1.0,0.0,0.0,4.0,2.0,4.0,16.0,58.0,50.0,66.7,66.7,0.0,1.5,2.0,0.0,0.0,0.0,35.3,2.5,0.0,20.5,21.2,
2479787,15,981227,DPES CB CIUDAD DE MOSTOLES,HOME,2404223,E. Abubakar Arrey,E. Abubakar Arrey,1,28.4,1707.0,15.0,4.0,12.0,0.0,0.0,4.0,12.0,7.0,14.0,5.0,9.0,14.0,3.0,1.0,1.0,1.0,2.0,2.0,9.0,25.0,-8.0,41.3,33.3,0.0,116.7,0.7,0.0,1.6,16.8,36.2,25.6,28.0,1.9,4.3,5.2,31.3,
2479787,15,981414,HIERROS DÍAZ EXTREMADURA MIRALVALLE,AWAY,1707378,M. Pérez Castro,M. Pérez Castro,1,33.5,2012.0,9.0,1.0,3.0,1.0,2.0,2.0,5.0,4.0,6.0,1.0,5.0,6.0,5.0,4.0,1.0,0.0,1.0,2.0,9.0,19.0,13.0,58.9,50.0,40.0,120.0,0.7,1.5,0.7,3.4,14.2,9.3,37.9,1.5,0.0,34.4,16.7,
2479787,15,981414,HIERROS DÍAZ EXTREMADURA MIRALVALLE,AWAY,2818302,V. Michel,V. Michel,1,20.5,1232.0,4.0,2.0,6.0,0.0,0.0,2.0,6.0,0.0,0.0,0.0,5.0,5.0,1.0,3.0,0.0,1.0,0.0,3.0,0.0,1.0,2.0,33.3,33.3,0.0,0.0,0.7,0.0,0.0,0.0,23.2,12.7,13.3,0.0,4.8,33.3,21.0,
2479787,15,981414,HIERROS DÍAZ EXTREMADURA MIRALVALLE,AWAY,2557107,I. Serrano Alvarez,I. Serrano Alvarez,0,19.5,1168.0,4.0,1.0,2.0,0.0,3.0,1.0,5.0,2.0,2.0,1.0,6.0,7.0,2.0,1.0,0.0,0.0,0.0,4.0,3.0,7.0,-5.0,34.0,20.0,60.0,40.0,1.0,0.0,0.7,5.9,29.3,18.6,23.5,0.0,0.0,14.5,16.9,
2479787,15,981414,HIERROS DÍAZ EXTREMADURA MIRALVALLE,AWAY,2734458,L. Navas Castro,L. Navas Castro,0,16.9,1016.0,5.0,1.0,3.0,1.0,1.0,2.0,4.0,0.0,0.0,0.0,2.0,2.0,0.0,2.0,1.0,0.0,0.0,4.0,0.0,0.0,-10.0,62.5,62.5,25.0,0.0,0.7,3.0,0.0,0.0,11.3,6.1,0.0,3.1,0.0,33.3,17.0,
2479787,15,981414,HIERROS DÍAZ EXTREMADURA MIRALVALLE,AWAY,1158794,A. Fernandez Oraa,A. Fernandez Oraa,0,9.5,570.0,0.0,0.0,0.0,0.0,0.0,0.0,0.0,0.0,0.0,0.0,2.0,2.0,0.0,0.0,0.0,0.0,0.0,1.0,0.0,1.0,-7.0,0.0,0.0,0.0,0.0,0.0,0.0,0.0,0.0,20.1,10.9,0.0,0.0,0.0,0.0,0.0,
2479787,15,981414,HIERROS DÍAZ EXTREMADURA MIRALVALLE,AWAY,1724925,M. Romero Garrido,M. Romero Garrido,0,18.1,1084.0,11.0,0.0,3.0,3.0,9.0,3.0,12.0,2.0,2.0,2.0,1.0,3.0,1.0,2.0,1.0,0.0,1.0,4.0,0.0,1.0,-1.0,42.7,37.5,75.0,16.7,0.0,1.0,0.0,12.6,5.3,8.6,15.4,2.9,0.0,13.4,39.4,
2479787,15,981414,HIERROS DÍAZ EXTREMADURA MIRALVALLE,AWAY,2566363,P. Laurenson Cheynel,P. Laurenson Cheynel,1,25.3,1517.0,0.0,0.0,0.0,0.0,0.0,0.0,0.0,0.0,0.0,0.0,2.0,2.0,1.0,2.0,0.0,0.0,0.0,4.0,1.0,-2.0,2.0,0.0,0.0,0.0,0.0,0.0,0.0,0.0,0.0,7.5,4.1,8.8,0.0,0.0,100.0,3.8,
2479787,15,981414,HIERROS DÍAZ EXTREMADURA MIRALVALLE,AWAY,2845561,S. Brown,S. Brown,1,20.8,1249.0,8.0,2.0,8.0,1.0,4.0,3.0,12.0,1.0,2.0,2.0,4.0,6.0,0.0,1.0,0.0,0.0,1.0,2.0,1.0,2.0,-19.0,31.1,29.2,33.3,16.7,0.5,0.8,2.0,11.0,18.3,15.0,0.0,0.0,0.0,7.2,32.0,
2479787,15,981414,HIERROS DÍAZ EXTREMADURA MIRALVALLE,AWAY,1529427,C. Lazaro Hernandez,C. Lazaro Hernandez,1,35.9,2152.0,20.0,6.0,8.0,0.0,5.0,6.0,13.0,8.0,14.0,3.0,6.0,9.0,2.0,0.0,2.0,1.0,0.0,1.0,10.0,30.0,10.0,52.2,46.2,38.5,107.7,1.5,0.0,1.4,9.6,15.9,13.0,18.0,2.9,2.7,0.0,25.6,
2479788,16,981227,DPES CB CIUDAD DE MOSTOLES,HOME,2040603,P. Gonzalez Gonzalez,P. Gonzalez Gonzalez,0,20.6,1234.0,11.0,2.0,5.0,2.0,3.0,4.0,8.0,1.0,3.0,1.0,0.0,1.0,1.0,1.0,2.0,1.0,0.0,3.0,6.0,12.0,32.0,59.0,62.5,37.5,37.5,0.8,2.0,0.5,5.7,0.0,3.0,11.1,5.5,6.5,9.7,23.1,
2479788,16,981227,DPES CB CIUDAD DE MOSTOLES,HOME,2162836,D. Vaquero Martinez,D. Vaquero Martinez,0,16.1,967.0,17.0,3.0,6.0,3.0,3.0,6.0,9.0,2.0,2.0,0.0,3.0,3.0,2.0,1.0,1.0,0.0,0.0,0.0,1.0,20.0,19.0,86.0,83.3,33.3,22.2,1.0,3.0,2.0,0.0,24.8,11.6,45.5,3.5,0.0,9.2,31.2,
2479788,16,981227,DPES CB CIUDAD DE MOSTOLES,HOME,1871083,A. Quesada Romero,A. Quesada Romero,0,10.8,646.0,0.0,0.0,1.0,0.0,2.0,0.0,3.0,0.0,0.0,2.0,1.0,3.0,1.0,3.0,1.0,0.0,0.0,1.0,0.0,-2.0,-8.0,0.0,0.0,66.7,0.0,0.0,0.0,0.0,21.8,12.3,17.4,12.8,5.2,0.0,50.0,25.6,
2479788,16,981227,DPES CB CIUDAD DE MOSTOLES,HOME,1178705,A. Peredo Lopez,A. Peredo Lopez,0,18.5,1112.0,9.0,0.0,0.0,3.0,5.0,3.0,5.0,0.0,0.0,1.0,6.0,7.0,0.0,0.0,0.0,1.0,0.0,1.0,1.0,15.0,25.0,90.0,90.0,100.0,0.0,0.0,1.8,0.0,6.4,43.2,23.6,0.0,0.0,7.2,0.0,12.5,
2479788,16,981227,DPES CB CIUDAD DE MOSTOLES,HOME,1222687,B. Moreno Hurtado,B. Moreno Hurtado,0,26.2,1572.0,11.0,0.0,1.0,3.0,9.0,3.0,10.0,2.0,2.0,2.0,4.0,6.0,2.0,1.0,1.0,1.0,0.0,3.0,1.0,11.0,20.0,50.6,45.0,90.0,20.0,0.0,1.0,2.0,9.0,20.4,14.3,13.2,2.2,5.1,8.4,20.9,
2479788,16,981227,DPES CB CIUDAD DE MOSTOLES,HOME,2284393,S. Martinez Gallego,S. Martinez Gallego,0,1.5,92.0,0.0,0.0,1.0,0.0,0.0,0.0,1.0,0.0,0.0,0.0,0.0,0.0,0.0,1.0,0.0,0.0,0.0,0.0,0.0,-2.0,-4.0,0.0,0.0,0.0,0.0,0.0,0.0,0.0,0.0,0.0,0.0,0.0,0.0,0.0,50.0,61.5,
2479788,16,981227,DPES CB CIUDAD DE MOSTOLES,HOME,1819108,N. Gomez Cobo,N. Gomez Cobo,1,21.5,1288.0,0.0,0.0,2.0,0.0,3.0,0.0,5.0,0.0,0.0,1.0,1.0,2.0,1.0,2.0,0.0,0.0,0.0,1.0,0.0,-5.0,-2.0,0.0,0.0,60.0,0.0,0.0,0.0,0.0,5.5,6.2,5.8,7.7,0.0,0.0,28.6,15.0,
2479788,16,981227,DPES CB CIUDAD DE MOSTOLES,HOME,2035086,M. Gamez Martinez,M. Gamez Martinez,0,17.1,1029.0,4.0,2.0,3.0,0.0,2.0,2.0,5.0,0.0,0.0,2.0,1.0,3.0,3.0,1.0,2.0,0.0,0.0,1.0,1.0,8.0,20.0,40.0,40.0,40.0,0.0,1.3,0.0,0.0,13.8,7.8,11.0,35.7,6.6,0.0,16.7,16.2,
2479788,16,981227,DPES CB CIUDAD DE MOSTOLES,HOME,1589173,M. Correa Villalona,M. Correa Villalona,1,22.9,1371.0,2.0,1.0,4.0,0.0,1.0,1.0,5.0,0.0,0.0,0.0,2.0,2.0,1.0,1.0,1.0,0.0,1.0,2.0,3.0,2.0,3.0,20.0,20.0,20.0,0.0,0.5,0.0,0.0,0.0,11.6,5.5,6.8,2.5,0.0,16.7,12.1,
2479788,16,981227,DPES CB CIUDAD DE MOSTOLES,HOME,1434653,B. Martinez Sanz,B. Martinez Sanz,1,22.1,1329.0,12.0,2.0,5.0,2.0,4.0,4.0,9.0,2.0,3.0,0.0,3.0,3.0,1.0,0.0,2.0,0.0,0.0,2.0,1.0,11.0,8.0,58.1,55.6,44.4,33.3,0.8,1.5,3.0,0.0,18.1,8.5,8.6,5.1,0.0,0.0,21.5,
2479788,16,981227,DPES CB CIUDAD DE MOSTOLES,HOME,1740994,B. Rodríguez Bazaga,B. Rodríguez Bazaga,1,8.9,532.0,0.0,0.0,0.0,0.0,1.0,0.0,1.0,0.0,0.0,1.0,0.0,1.0,0.0,1.0,0.0,0.0,0.0,2.0,0.0,-3.0,-1.0,0.0,0.0,100.0,0.0,0.0,0.0,0.0,13.2,0.0,7.0,0.0,0.0,0.0,50.0,10.4,
2479788,16,981227,DPES CB CIUDAD DE MOSTOLES,HOME,2404223,E. Abubakar Arrey,E. Abubakar Arrey,1,13.8,828.0,7.0,3.0,5.0,0.0,0.0,3.0,5.0,1.0,3.0,4.0,2.0,6.0,1.0,3.0,1.0,0.0,0.0,3.0,4.0,9.0,3.0,55.4,60.0,0.0,60.0,1.2,0.0,0.8,34.1,19.3,27.2,20.8,4.1,0.0,32.2,31.2,
2479788,16,979892,C. B. ISLA BONITA,AWAY,1131087,B. Armengol Vall,B. Armengol Vall,1,26.6,1598.0,0.0,0.0,2.0,0.0,1.0,0.0,3.0,0.0,2.0,0.0,4.0,4.0,2.0,4.0,2.0,0.0,1.0,4.0,2.0,-3.0,-25.0,0.0,0.0,33.3,66.7,0.0,0.0,1.0,0.0,17.7,9.4,15.9,4.1,0.0,50.8,15.3,
2479788,16,979892,C. B. ISLA BONITA,AWAY,1870487,T. Gonzalez Soto,T. Gonzalez Soto,1,21.1,1268.0,9.0,2.0,3.0,1.0,3.0,3.0,6.0,2.0,3.0,2.0,5.0,7.0,1.0,5.0,2.0,1.0,0.0,2.0,4.0,13.0,2.0,61.5,58.3,50.0,50.0,1.3,1.0,0.8,12.6,27.9,20.7,16.7,5.2,5.7,40.6,30.1,
2479788,16,979892,C. B. ISLA BONITA,AWAY,1981139,S. Blanco Guitian,S. Blanco Guitian,0,15.3,920.0,3.0,0.0,0.0,1.0,3.0,1.0,3.0,0.0,0.0,0.0,2.0,2.0,1.0,3.0,0.0,0.0,0.0,3.0,0.0,-2.0,-14.0,50.0,50.0,100.0,0.0,0.0,1.0,0.0,0.0,15.4,8.2,16.1,0.0,0.0,50.0,20.2,
2479788,16,979892,C. B. ISLA BONITA,AWAY,1853281,I. Bautista Villaverde,I. Bautista Villaverde,0,18.4,1101.0,3.0,0.0,0.0,1.0,3.0,1.0,3.0,0.0,0.0,0.0,2.0,2.0,0.0,0.0,0.0,0.0,0.0,0.0,2.0,5.0,-8.0,50.0,50.0,100.0,0.0,0.0,1.0,0.0,0.0,12.8,6.8,0.0,0.0,0.0,0.0,8.4,
2479788,16,979892,C. B. ISLA BONITA,AWAY,2816643,E. Motekaitytè,E. Motekaitytè,1,21.1,1268.0,13.0,4.0,6.0,1.0,2.0,5.0,8.0,2.0,2.0,0.0,4.0,4.0,2.0,4.0,1.0,0.0,0.0,2.0,2.0,13.0,-7.0,73.2,68.8,25.0,25.0,1.3,1.5,1.0,0.0,22.3,11.8,50.0,2.6,0.0,31.1,31.5,
2479788,16,979892,C. B. ISLA BONITA,AWAY,2171960,M. Colom Elosúa,M. Colom Elosúa,1,27.0,1622.0,5.0,1.0,4.0,1.0,2.0,2.0,6.0,0.0,0.0,1.0,0.0,1.0,6.0,0.0,0.0,0.0,1.0,2.0,1.0,7.0,-17.0,41.7,41.7,33.3,0.0,0.5,1.5,0.0,4.9,0.0,2.3,56.6,0.0,0.0,0.0,11.5,
2479788,16,979892,C. B. ISLA BONITA,AWAY,2524874,M. Vulovic,M. Vulovic,1,20.3,1219.0,12.0,5.0,11.0,0.0,1.0,5.0,12.0,2.0,2.0,1.0,1.0,2.0,1.0,2.0,1.0,0.0,1.0,2.0,2.0,7.0,-11.0,46.6,41.7,8.3,16.7,0.9,0.0,1.0,6.6,5.8,6.2,25.0,2.7,0.0,13.4,37.8,
2479788,16,979892,C. B. ISLA BONITA,AWAY,1471341,M. Rosales Elejabeita,M. Rosales Elejabeita,0,12.2,734.0,3.0,0.0,2.0,0.0,2.0,0.0,4.0,3.0,4.0,0.0,1.0,1.0,1.0,1.0,1.0,0.0,0.0,2.0,4.0,2.0,-10.0,26.0,0.0,50.0,100.0,0.0,0.0,1.0,0.0,9.6,5.1,18.5,4.5,0.0,14.8,28.6,
2479788,16,979892,C. B. ISLA BONITA,AWAY,1372464,M. Carballo Diaz,M. Carballo Diaz,0,11.5,691.0,0.0,0.0,0.0,0.0,0.0,0.0,0.0,0.0,2.0,0.0,0.0,0.0,0.0,3.0,0.0,0.0,0.0,0.0,1.0,-4.0,-7.0,0.0,0.0,0.0,0.0,0.0,0.0,2.0,0.0,0.0,0.0,0.0,0.0,0.0,77.3,17.4,
2479788,16,979892,C. B. ISLA BONITA,AWAY,2816642,N. Cunill Peña,N. Cunill Peña,0,26.3,1579.0,2.0,1.0,2.0,0.0,0.0,1.0,2.0,0.0,0.0,3.0,1.0,4.0,1.0,2.0,2.0,0.0,0.0,1.0,1.0,6.0,-18.0,50.0,50.0,0.0,0.0,1.0,0.0,0.0,15.2,4.5,9.5,8.6,4.2,0.0,50.0,7.8,
2479789,16,981414,HIERROS DÍAZ EXTREMADURA MIRALVALLE,HOME,1707378,M. Pérez Castro,M. Pérez Castro,1,24.7,1484.0,18.0,3.0,4.0,3.0,8.0,6.0,12.0,3.0,5.0,0.0,2.0,2.0,0.0,2.0,1.0,0.0,0.0,2.0,4.0,13.0,10.0,63.4,62.5,66.7,41.7,1.5,1.1,1.2,0.0,12.0,5.4,0.0,2.1,0.0,12.3,28.5,
2479789,16,981414,HIERROS DÍAZ EXTREMADURA MIRALVALLE,HOME,2818302,V. Michel,V. Michel,1,18.8,1130.0,2.0,1.0,3.0,0.0,0.0,1.0,3.0,0.0,0.0,2.0,2.0,4.0,2.0,4.0,1.0,0.0,0.0,5.0,0.0,-2.0,9.0,33.3,33.3,0.0,0.0,0.7,0.0,0.0,12.9,15.8,14.2,16.7,2.7,0.0,57.1,16.2,
2479789,16,981414,HIERROS DÍAZ EXTREMADURA MIRALVALLE,HOME,2557107,I. Serrano Alvarez,I. Serrano Alvarez,0,21.0,1262.0,5.0,2.0,4.0,0.0,1.0,2.0,5.0,1.0,1.0,3.0,0.0,3.0,2.0,3.0,0.0,1.0,0.0,3.0,2.0,4.0,-5.0,46.0,40.0,20.0,20.0,1.0,0.0,0.5,17.3,0.0,9.5,18.2,0.0,4.9,35.5,17.5,
2479789,16,981414,HIERROS DÍAZ EXTREMADURA MIRALVALLE,HOME,2734458,L. Navas Castro,L. Navas Castro,0,16.2,971.0,7.0,3.0,6.0,0.0,2.0,3.0,8.0,1.0,2.0,2.0,2.0,4.0,1.0,0.0,2.0,0.0,0.0,3.0,1.0,6.0,9.0,39.4,37.5,25.0,25.0,1.0,0.0,2.0,15.0,18.3,16.5,13.5,6.3,0.0,0.0,23.8,
2479789,16,981414,HIERROS DÍAZ EXTREMADURA MIRALVALLE,HOME,1158794,A. Fernandez Oraa,A. Fernandez Oraa,0,13.4,806.0,2.0,1.0,1.0,0.0,0.0,1.0,1.0,0.0,0.0,0.0,4.0,4.0,0.0,3.0,1.0,0.0,0.0,3.0,1.0,2.0,2.0,100.0,100.0,0.0,0.0,2.0,0.0,0.0,0.0,44.2,19.9,0.0,3.8,0.0,75.0,13.0,
2479789,16,981414,HIERROS DÍAZ EXTREMADURA MIRALVALLE,HOME,1724925,M. Romero Garrido,M. Romero Garrido,0,15.3,916.0,7.0,2.0,6.0,0.0,4.0,2.0,10.0,3.0,4.0,0.0,0.0,0.0,0.0,1.0,1.0,0.0,1.0,2.0,3.0,-1.0,-4.0,29.8,20.0,40.0,40.0,0.7,0.0,1.3,0.0,0.0,0.0,0.0,3.3,0.0,7.8,36.2,
2479789,16,981414,HIERROS DÍAZ EXTREMADURA MIRALVALLE,HOME,2566363,P. Laurenson Cheynel,P. Laurenson Cheynel,1,23.9,1437.0,6.0,2.0,4.0,0.0,1.0,2.0,5.0,2.0,2.0,2.0,2.0,4.0,2.0,2.0,2.0,0.0,1.0,0.0,2.0,11.0,-5.0,51.0,40.0,20.0,40.0,1.0,0.0,1.0,10.1,12.4,11.2,14.7,4.2,0.0,25.4,14.3,
2479789,16,981414,HIERROS DÍAZ EXTREMADURA MIRALVALLE,HOME,2845561,S. Brown,S. Brown,1,36.8,2207.0,15.0,6.0,12.0,1.0,4.0,7.0,16.0,0.0,0.0,3.0,2.0,5.0,2.0,1.0,1.0,0.0,1.0,3.0,1.0,11.0,-1.0,46.9,46.9,25.0,0.0,1.0,0.8,0.0,9.9,8.1,9.1,12.2,1.4,0.0,5.9,20.1,
2479789,16,981414,HIERROS DÍAZ EXTREMADURA MIRALVALLE,HOME,1529427,C. Lazaro Hernandez,C. Lazaro Hernandez,1,29.8,1787.0,5.0,2.0,4.0,0.0,4.0,2.0,8.0,1.0,2.0,0.0,3.0,3.0,1.0,1.0,3.0,0.0,0.0,2.0,4.0,6.0,5.0,28.2,25.0,50.0,25.0,1.0,0.0,0.5,0.0,14.9,6.7,6.2,5.1,0.0,10.1,14.4,
2479789,16,981335,CESUR DISTRITO OLIMPICO,AWAY,2286837,B. Arranz Albero,B. Arranz Albero,1,27.6,1655.0,8.0,2.0,8.0,0.0,2.0,2.0,10.0,4.0,7.0,0.0,2.0,2.0,0.0,2.0,1.0,0.0,1.0,1.0,3.0,0.0,-4.0,30.6,20.0,20.0,70.0,0.5,0.0,2.3,0.0,8.8,4.8,0.0,1.8,0.0,13.3,24.6,
2479789,16,981335,CESUR DISTRITO OLIMPICO,AWAY,1811220,S. Francisco Abos,S. Francisco Abos,0,12.7,764.0,3.0,1.0,4.0,0.0,1.0,1.0,5.0,1.0,2.0,1.0,1.0,2.0,0.0,0.0,0.0,0.0,0.0,3.0,2.0,-1.0,-1.0,25.5,20.0,20.0,40.0,0.5,0.0,1.0,11.7,9.5,10.5,0.0,0.0,0.0,0.0,20.8,
2479789,16,981335,CESUR DISTRITO OLIMPICO,AWAY,2031383,A. Picos Porras,A. Picos Porras,1,35.2,2110.0,9.0,1.0,5.0,1.0,3.0,2.0,8.0,4.0,4.0,2.0,4.0,6.0,0.0,5.0,3.0,0.0,0.0,2.0,3.0,8.0,-4.0,46.1,31.2,37.5,50.0,0.4,1.0,1.3,8.4,13.8,11.4,0.0,4.3,0.0,33.9,18.9,
2479789,16,981335,CESUR DISTRITO OLIMPICO,AWAY,1871488,M. Gomez Hernandez,M. Gomez Hernandez,1,17.3,1036.0,2.0,1.0,2.0,0.0,1.0,1.0,3.0,0.0,0.0,0.0,1.0,1.0,1.0,3.0,0.0,0.0,0.0,3.0,0.0,-4.0,-2.0,33.3,33.3,33.3,0.0,1.0,0.0,0.0,0.0,7.0,3.9,17.2,0.0,0.0,50.0,15.6,
2479789,16,981335,CESUR DISTRITO OLIMPICO,AWAY,1676283,B. Sanchez Campillo,B. Sanchez Campillo,0,6.5,387.0,2.0,0.0,2.0,0.0,0.0,0.0,2.0,2.0,2.0,1.0,0.0,1.0,0.0,2.0,1.0,0.0,0.0,0.0,1.0,1.0,-7.0,34.7,0.0,0.0,100.0,0.0,0.0,2.0,22.8,0.0,10.3,0.0,7.7,0.0,41.0,33.8,
2479789,16,981335,CESUR DISTRITO OLIMPICO,AWAY,1832824,C. Leal Flores,C. Leal Flores,0,26.7,1604.0,4.0,0.0,2.0,1.0,1.0,1.0,3.0,1.0,2.0,0.0,1.0,1.0,0.0,4.0,2.0,0.0,0.0,2.0,1.0,-1.0,1.0,51.5,50.0,33.3,66.7,0.0,3.0,2.0,0.0,4.5,2.5,0.0,3.7,0.0,50.8,13.3,
2479789,16,981335,CESUR DISTRITO OLIMPICO,AWAY,1562695,A. González Ramírez,A. González Ramírez,1,26.7,1604.0,12.0,1.0,5.0,1.0,3.0,2.0,8.0,7.0,8.0,0.0,3.0,3.0,3.0,3.0,1.0,1.0,0.0,5.0,5.0,10.0,10.0,52.1,31.2,37.5,100.0,0.4,1.0,1.6,0.0,13.6,7.5,30.3,1.9,3.4,20.7,24.5,
2479789,16,981335,CESUR DISTRITO OLIMPICO,AWAY,2160293,V. Lopez Riaño,V. Lopez Riaño,1,38.1,2286.0,22.0,8.0,10.0,0.0,1.0,8.0,11.0,6.0,7.0,5.0,8.0,13.0,1.0,3.0,4.0,2.0,0.0,1.0,7.0,41.0,1.0,78.1,72.7,9.1,63.6,1.6,0.0,1.0,19.4,25.5,22.7,11.1,5.2,4.8,17.6,20.2,
2479789,16,981335,CESUR DISTRITO OLIMPICO,AWAY,1677519,R. Flores Aguado,R. Flores Aguado,0,7.2,432.0,0.0,0.0,1.0,0.0,0.0,0.0,1.0,0.0,0.0,0.0,1.0,1.0,1.0,1.0,0.0,0.0,0.0,0.0,0.0,0.0,-9.0,0.0,0.0,0.0,0.0,0.0,0.0,0.0,0.0,16.8,9.3,29.4,0.0,0.0,50.0,12.5,
2479789,16,981335,CESUR DISTRITO OLIMPICO,AWAY,2185253,P. Álvarez Honorato,P. Álvarez Honorato,0,0.1,8.0,0.0,0.0,0.0,0.0,0.0,0.0,0.0,0.0,0.0,0.0,0.0,0.0,0.0,0.0,0.0,0.0,0.0,0.0,0.0,0.0,0.0,0.0,0.0,0.0,0.0,0.0,0.0,0.0,0.0,0.0,0.0,0.0,0.0,0.0,0.0,0.0,
2479789,16,981335,CESUR DISTRITO OLIMPICO,AWAY,2226680,J. Masip Lámbarri,J. Masip Lámbarri,0,1.9,114.0,1.0,0.0,0.0,0.0,0.0,0.0,0.0,1.0,2.0,1.0,0.0,1.0,0.0,0.0,0.0,0.0,0.0,1.0,1.0,1.0,-5.0,56.8,0.0,0.0,0.0,0.0,0.0,2.0,78.0,0.0,35.1,0.0,0.0,0.0,0.0,20.8,
2479790,16,981212,ELSAMEX CB ANDRATX,HOME,2553411,N. Jeng,N. Jeng,1,18.6,1116.0,4.0,2.0,7.0,0.0,2.0,2.0,9.0,0.0,0.0,1.0,3.0,4.0,0.0,1.0,0.0,0.0,0.0,3.0,2.0,-1.0,-4.0,22.2,22.2,22.2,0.0,0.6,0.0,0.0,6.5,17.9,12.5,0.0,0.0,0.0,10.0,25.5,
2479790,16,981212,ELSAMEX CB ANDRATX,HOME,1461086,P. Comella Pons,P. Comella Pons,1,35.0,2098.0,6.0,2.0,6.0,0.0,2.0,2.0,8.0,2.0,2.0,0.0,3.0,3.0,3.0,1.0,2.0,0.0,0.0,0.0,3.0,10.0,-12.0,33.8,25.0,25.0,25.0,0.7,0.0,0.7,0.0,9.5,5.0,14.6,2.8,0.0,10.1,13.4,
2479790,16,981212,ELSAMEX CB ANDRATX,HOME,2036170,A. Peregrina Garcia,A. Peregrina Garcia,1,24.0,1439.0,17.0,4.0,7.0,1.0,3.0,5.0,10.0,6.0,8.0,1.0,5.0,6.0,3.0,3.0,2.0,0.0,1.0,3.0,7.0,22.0,-11.0,62.9,55.0,30.0,80.0,1.1,1.0,1.1,5.1,23.1,14.5,30.0,4.1,0.0,18.2,32.7,
2479790,16,981212,ELSAMEX CB ANDRATX,HOME,2251948,F. Diallo Bagayogo,F. Diallo Bagayogo,0,0.8,48.0,0.0,0.0,0.0,0.0,0.0,0.0,0.0,0.0,0.0,0.0,0.0,0.0,0.0,0.0,0.0,0.0,0.0,0.0,0.0,0.0,-3.0,0.0,0.0,0.0,0.0,0.0,0.0,0.0,0.0,0.0,0.0,0.0,0.0,0.0,0.0,0.0,
2479790,16,981212,ELSAMEX CB ANDRATX,HOME,1762758,P. Charro Och,P. Charro Och,1,24.9,1494.0,9.0,3.0,6.0,1.0,5.0,4.0,11.0,0.0,0.0,0.0,3.0,3.0,2.0,0.0,0.0,1.0,0.0,3.0,0.0,5.0,-7.0,40.9,40.9,45.5,0.0,1.0,0.6,0.0,0.0,13.4,7.0,18.2,0.0,3.7,0.0,21.0,
2479790,16,981212,ELSAMEX CB ANDRATX,HOME,1579078,H. Condom Rosell,H. Condom Rosell,0,20.6,1236.0,6.0,3.0,6.0,0.0,0.0,3.0,6.0,0.0,0.0,1.0,4.0,5.0,4.0,1.0,1.0,2.0,2.0,3.0,0.0,11.0,-15.0,50.0,50.0,0.0,0.0,1.0,0.0,0.0,5.9,21.6,14.1,42.1,2.4,8.8,14.3,16.1,
2479790,16,981212,ELSAMEX CB ANDRATX,HOME,2148958,M. López Martí,M. López Martí,0,19.6,1174.0,8.0,1.0,2.0,2.0,3.0,3.0,5.0,0.0,0.0,0.0,0.0,0.0,0.0,0.0,0.0,0.0,0.0,1.0,0.0,5.0,-21.0,80.0,80.0,60.0,0.0,1.0,2.0,0.0,0.0,0.0,0.0,0.0,0.0,0.0,0.0,12.1,
2479790,16,981212,ELSAMEX CB ANDRATX,HOME,2120195,A. Real Cerda,A. Real Cerda,0,1.5,89.0,0.0,0.0,1.0,0.0,0.0,0.0,1.0,0.0,0.0,0.0,0.0,0.0,0.0,0.0,0.0,0.0,0.0,1.0,0.0,-2.0,0.0,0.0,0.0,0.0,0.0,0.0,0.0,0.0,0.0,0.0,0.0,0.0,0.0,0.0,0.0,31.6,
2479790,16,981212,ELSAMEX CB ANDRATX,HOME,2276474,L. García Rivera,L. García Rivera,0,15.9,953.0,4.0,2.0,5.0,0.0,1.0,2.0,6.0,0.0,0.0,0.0,2.0,2.0,2.0,2.0,0.0,0.0,0.0,0.0,1.0,3.0,-18.0,33.3,33.3,16.7,0.0,0.8,0.0,0.0,0.0,14.0,7.3,25.0,0.0,0.0,25.0,23.9,
2479790,16,981212,ELSAMEX CB ANDRATX,HOME,2043611,J. Ballester Manque,J. Ballester Manque,0,15.9,955.0,6.0,2.0,2.0,0.0,0.0,2.0,2.0,2.0,2.0,0.0,1.0,1.0,3.0,3.0,0.0,0.0,0.0,2.0,1.0,6.0,3.0,104.2,100.0,0.0,100.0,2.0,0.0,2.0,0.0,7.0,3.6,37.5,0.0,0.0,51.0,17.6,
2479790,16,981212,ELSAMEX CB ANDRATX,HOME,2294809,P. Sans Cantallops,P. Sans Cantallops,1,23.3,1398.0,5.0,1.0,5.0,1.0,2.0,2.0,7.0,0.0,0.0,0.0,4.0,4.0,1.0,3.0,1.0,1.0,0.0,1.0,0.0,3.0,-22.0,35.7,35.7,28.6,0.0,0.4,1.5,0.0,0.0,19.1,10.0,7.7,2.1,3.9,30.0,20.4,
2479790,16,981286,ESCO GRUPO FEMENINO ALCORCON,AWAY,2095287,G. Escorial Ferrero,G. Escorial Ferrero,0,26.5,1592.0,15.0,5.0,10.0,0.0,0.0,5.0,10.0,5.0,6.0,6.0,8.0,14.0,0.0,1.0,0.0,3.0,1.0,3.0,5.0,27.0,13.0,59.3,50.0,0.0,60.0,1.0,0.0,1.2,25.2,36.6,30.6,0.0,0.0,9.6,7.3,22.2,
2479790,16,981286,ESCO GRUPO FEMENINO ALCORCON,AWAY,2162538,C. Del Amo Sevillano,C. Del Amo Sevillano,1,31.5,1891.0,20.0,6.0,11.0,2.0,5.0,8.0,16.0,2.0,4.0,0.0,8.0,8.0,2.0,2.0,2.0,0.0,2.0,2.0,3.0,21.0,15.0,56.3,56.2,31.2,25.0,1.1,1.2,1.3,0.0,30.8,14.7,11.9,3.1,0.0,10.1,27.0,
2479790,16,981286,ESCO GRUPO FEMENINO ALCORCON,AWAY,2182200,L. Bernardo Perez,L. Bernardo Perez,0,23.8,1430.0,2.0,1.0,2.0,0.0,2.0,1.0,4.0,0.0,0.0,2.0,1.0,3.0,1.0,4.0,1.0,0.0,0.0,2.0,0.0,-2.0,15.0,25.0,25.0,50.0,0.0,1.0,0.0,0.0,9.3,5.1,7.3,5.7,2.1,0.0,50.0,14.5,
2479790,16,981286,ESCO GRUPO FEMENINO ALCORCON,AWAY,2012796,M. Blanco Eusebio,M. Blanco Eusebio,1,7.0,423.0,0.0,0.0,0.0,0.0,0.0,0.0,0.0,0.0,0.0,0.0,2.0,2.0,0.0,0.0,0.0,0.0,0.0,1.0,1.0,2.0,3.0,0.0,0.0,0.0,0.0,0.0,0.0,0.0,0.0,34.6,16.6,0.0,0.0,0.0,0.0,0.0,
2479790,16,981286,ESCO GRUPO FEMENINO ALCORCON,AWAY,1535457,M. Aranda Fraile,M. Aranda Fraile,1,24.7,1484.0,15.0,0.0,1.0,5.0,6.0,5.0,7.0,0.0,0.0,0.0,2.0,2.0,5.0,1.0,2.0,0.0,0.0,1.0,2.0,22.0,22.0,107.1,107.1,85.7,0.0,0.0,2.5,0.0,0.0,9.8,4.7,36.8,4.0,0.0,12.5,13.9,
2479790,16,981286,ESCO GRUPO FEMENINO ALCORCON,AWAY,2822982,Y. Sifaoui Bucero,Y. Sifaoui Bucero,1,18.2,1092.0,11.0,4.0,9.0,1.0,1.0,5.0,10.0,0.0,1.0,3.0,3.0,6.0,2.0,2.0,0.0,0.0,0.0,0.0,2.0,13.0,17.0,52.7,55.0,10.0,10.0,0.9,3.0,0.5,18.3,20.0,19.1,19.0,0.0,0.0,16.1,29.4,
2479790,16,981286,ESCO GRUPO FEMENINO ALCORCON,AWAY,2128123,N. Ipo Seriche-Dougan,N. Ipo Seriche-Dougan,0,28.5,1712.0,15.0,3.0,6.0,1.0,2.0,4.0,8.0,6.0,7.0,0.0,5.0,5.0,6.0,4.0,1.0,0.0,1.0,2.0,4.0,20.0,8.0,67.7,56.2,25.0,87.5,1.0,1.5,1.8,0.0,21.3,10.2,33.9,1.7,0.0,26.5,22.8,
2479790,16,981286,ESCO GRUPO FEMENINO ALCORCON,AWAY,2164976,A. Martínez Mora,A. Martínez Mora,1,24.3,1456.0,3.0,0.0,4.0,1.0,4.0,1.0,8.0,0.0,0.0,0.0,0.0,0.0,7.0,2.0,0.0,0.0,0.0,2.0,0.0,-1.0,17.0,18.8,18.8,50.0,0.0,0.0,0.8,0.0,0.0,0.0,0.0,39.8,0.0,0.0,20.0,17.7,
2479790,16,981286,ESCO GRUPO FEMENINO ALCORCON,AWAY,2176383,I. Camiña Rodriguez,I. Camiña Rodriguez,0,15.3,920.0,6.0,0.0,1.0,2.0,5.0,2.0,6.0,0.0,0.0,0.0,1.0,1.0,1.0,0.0,1.0,0.0,0.0,1.0,0.0,4.0,0.0,50.0,50.0,83.3,0.0,0.0,1.2,0.0,0.0,7.9,3.8,9.6,3.2,0.0,0.0,16.9,
2479791,16,979775,BASKET ALMEDA,HOME,2355761,N. Bernal Ibarria,N. Bernal Ibarria,0,10.8,647.0,1.0,0.0,2.0,0.0,0.0,0.0,2.0,1.0,2.0,2.0,2.0,4.0,0.0,1.0,1.0,0.0,0.0,1.0,1.0,2.0,-3.0,17.4,0.0,0.0,100.0,0.0,0.0,2.0,23.9,18.5,20.9,0.0,4.5,0.0,25.8,16.3,
2479791,16,979775,BASKET ALMEDA,HOME,1929994,M. Garcia Menéndez,M. Garcia Menéndez,0,26.4,1582.0,11.0,3.0,6.0,1.0,4.0,4.0,10.0,2.0,2.0,3.0,2.0,5.0,0.0,3.0,1.0,0.0,1.0,2.0,3.0,9.0,9.0,50.6,45.0,40.0,20.0,1.0,0.8,0.7,14.7,7.6,10.7,0.0,1.8,0.0,21.6,23.8,
2479791,16,979775,BASKET ALMEDA,HOME,2219057,I. Homs Fatjo,I. Homs Fatjo,0,3.1,185.0,0.0,0.0,0.0,0.0,1.0,0.0,1.0,0.0,0.0,0.0,0.0,0.0,0.0,0.0,0.0,0.0,0.0,0.0,0.0,-1.0,-5.0,0.0,0.0,100.0,0.0,0.0,0.0,0.0,0.0,0.0,0.0,0.0,0.0,0.0,0.0,14.6,
2479791,16,979775,BASKET ALMEDA,HOME,1893303,L. Tierno Martí,L. Tierno Martí,1,26.4,1587.0,4.0,0.0,2.0,0.0,3.0,0.0,5.0,4.0,6.0,1.0,2.0,3.0,5.0,3.0,1.0,0.0,0.0,2.0,3.0,4.0,-4.0,26.2,0.0,60.0,120.0,0.0,0.0,2.0,4.9,7.6,6.4,34.0,1.8,0.0,28.2,18.2,
2479791,16,979775,BASKET ALMEDA,HOME,1398197,C. Tapia Palacio,C. Tapia Palacio,1,28.3,1698.0,16.0,5.0,8.0,1.0,3.0,6.0,11.0,3.0,3.0,0.0,0.0,0.0,0.0,2.0,3.0,0.0,0.0,1.0,4.0,15.0,-1.0,64.9,59.1,27.3,27.3,1.2,1.0,0.8,0.0,0.0,0.0,0.0,5.2,0.0,14.0,22.9,
2479791,16,979775,BASKET ALMEDA,HOME,2157230,L. Jove Fuste,L. Jove Fuste,0,13.6,813.0,2.0,1.0,3.0,0.0,1.0,1.0,4.0,0.0,0.0,0.0,2.0,2.0,1.0,1.0,0.0,0.0,0.0,1.0,1.0,1.0,7.0,25.0,25.0,25.0,0.0,0.7,0.0,0.0,0.0,14.7,8.3,18.9,0.0,0.0,20.0,16.6,
2479791,16,979775,BASKET ALMEDA,HOME,2216044,J. Masa Carne,J. Masa Carne,0,10.5,629.0,5.0,1.0,3.0,1.0,3.0,2.0,6.0,0.0,0.0,0.0,2.0,2.0,0.0,1.0,0.0,0.0,0.0,0.0,0.0,2.0,-3.0,41.7,41.7,50.0,0.0,0.7,1.0,0.0,0.0,19.0,10.7,0.0,0.0,0.0,14.3,30.2,
2479791,16,979775,BASKET ALMEDA,HOME,2053836,C. Moreno Mengibar,C. Moreno Mengibar,1,23.5,1410.0,0.0,0.0,0.0,0.0,0.0,0.0,0.0,0.0,0.0,2.0,7.0,9.0,0.0,1.0,3.0,0.0,0.0,3.0,2.0,10.0,-1.0,0.0,0.0,0.0,0.0,0.0,0.0,0.0,11.0,29.8,21.6,0.0,6.2,0.0,100.0,1.9,
2479791,16,979775,BASKET ALMEDA,HOME,2054903,A. Cojocariu,A. Cojocariu,1,26.2,1575.0,11.0,4.0,9.0,0.0,4.0,4.0,13.0,3.0,3.0,1.0,7.0,8.0,3.0,5.0,2.0,0.0,0.0,4.0,4.0,10.0,11.0,38.4,30.8,30.8,23.1,0.9,0.0,0.8,4.9,26.7,17.2,28.0,3.7,0.0,25.9,33.4,
2479791,16,979775,BASKET ALMEDA,HOME,2147731,D. Peris Fons,D. Peris Fons,0,13.8,828.0,4.0,2.0,4.0,0.0,0.0,2.0,4.0,0.0,2.0,3.0,3.0,6.0,0.0,2.0,2.0,1.0,0.0,5.0,3.0,5.0,7.0,41.0,50.0,0.0,50.0,1.0,0.0,0.7,28.1,21.7,24.5,0.0,7.0,8.5,29.1,22.6,
2479791,16,979775,BASKET ALMEDA,HOME,2440587,M. Coll-Vinent Olle,M. Coll-Vinent Olle,1,17.4,1046.0,4.0,2.0,3.0,0.0,0.0,2.0,3.0,0.0,1.0,0.0,4.0,4.0,0.0,2.0,1.0,0.0,0.0,1.0,2.0,6.0,-2.0,58.1,66.7,0.0,33.3,1.3,0.0,0.5,0.0,23.0,13.0,0.0,2.8,0.0,36.8,14.2,
2479791,16,980023,GEIEG PACISA,AWAY,1949920,J. Pairo Urtos,J. Pairo Urtos,1,25.3,1516.0,11.0,2.0,2.0,1.0,4.0,3.0,6.0,4.0,4.0,0.0,2.0,2.0,2.0,1.0,1.0,0.0,0.0,4.0,3.0,11.0,4.0,70.9,58.3,66.7,66.7,2.0,0.8,1.3,0.0,10.2,4.5,25.6,2.1,0.0,11.4,15.2,
2479791,16,980023,GEIEG PACISA,AWAY,1917788,M. Carbo Cachinero,M. Carbo Cachinero,0,5.5,329.0,0.0,0.0,1.0,0.0,0.0,0.0,1.0,0.0,0.0,0.0,0.0,0.0,0.0,1.0,0.0,0.0,0.0,0.0,0.0,-2.0,-11.0,0.0,0.0,0.0,0.0,0.0,0.0,0.0,0.0,0.0,0.0,0.0,0.0,0.0,50.0,15.9,
2479791,16,980023,GEIEG PACISA,AWAY,1944150,M. Melero Bravo,M. Melero Bravo,1,20.5,1232.0,3.0,1.0,2.0,0.0,3.0,1.0,5.0,1.0,2.0,0.0,0.0,0.0,2.0,5.0,2.0,0.0,0.0,4.0,3.0,-4.0,-6.0,25.5,20.0,60.0,40.0,1.0,0.0,0.7,0.0,0.0,0.0,25.0,5.1,0.0,46.0,23.3,
2479791,16,980023,GEIEG PACISA,AWAY,1748049,N. Bagaria Rovira,N. Bagaria Rovira,0,30.1,1803.0,4.0,0.0,0.0,1.0,5.0,1.0,5.0,1.0,2.0,4.0,1.0,5.0,1.0,4.0,2.0,1.0,0.0,1.0,2.0,5.0,14.0,34.0,30.0,100.0,40.0,0.0,0.6,1.0,13.3,4.3,9.4,7.5,3.5,3.3,40.5,14.4,
2479791,16,980023,GEIEG PACISA,AWAY,1667386,C. Morente Lopez,C. Morente Lopez,0,21.2,1272.0,5.0,1.0,1.0,1.0,2.0,2.0,3.0,0.0,0.0,0.0,0.0,0.0,1.0,1.0,1.0,0.0,0.0,2.0,0.0,3.0,12.0,83.3,83.3,66.7,0.0,2.0,1.5,0.0,0.0,0.0,0.0,14.3,2.5,0.0,25.0,8.3,
2479791,16,980023,GEIEG PACISA,AWAY,1968963,A. Talasimov,A. Talasimov,1,17.4,1046.0,4.0,1.0,1.0,0.0,2.0,1.0,3.0,2.0,2.0,1.0,3.0,4.0,0.0,2.0,1.0,0.0,0.0,4.0,1.0,2.0,-12.0,51.5,33.3,66.7,66.7,2.0,0.0,2.0,5.7,22.2,13.0,0.0,3.0,0.0,34.0,14.8,
2479791,16,980023,GEIEG PACISA,AWAY,1666109,A. Coma Perpiña,A. Coma Perpiña,1,30.7,1840.0,10.0,2.0,9.0,1.0,4.0,3.0,13.0,3.0,4.0,0.0,5.0,5.0,5.0,6.0,4.0,0.0,0.0,2.0,4.0,9.0,2.0,33.9,26.9,30.8,30.8,0.4,0.8,1.0,0.0,21.0,9.2,43.9,6.8,0.0,28.9,29.6,
2479791,16,980023,GEIEG PACISA,AWAY,1926754,J. Fernandez Pinsach,J. Fernandez Pinsach,1,28.1,1684.0,14.0,6.0,12.0,0.0,0.0,6.0,12.0,2.0,5.0,2.0,3.0,5.0,1.0,2.0,0.0,0.0,1.0,5.0,5.0,9.0,-1.0,49.3,50.0,0.0,41.7,1.0,0.0,1.0,7.1,13.8,10.0,15.2,0.0,0.0,12.3,25.3,
2479791,16,980023,GEIEG PACISA,AWAY,2239082,N. Mitjanas Costa,N. Mitjanas Costa,0,16.9,1012.0,4.0,1.0,6.0,0.0,3.0,1.0,9.0,2.0,2.0,2.0,4.0,6.0,0.0,2.0,1.0,0.0,0.0,1.0,1.0,1.0,-9.0,20.2,11.1,33.3,22.2,0.3,0.0,2.0,11.8,30.5,20.0,0.0,3.1,0.0,16.8,30.8,
2479791,16,980023,GEIEG PACISA,AWAY,2059054,A. Riera Buil,A. Riera Buil,0,4.4,266.0,0.0,0.0,0.0,0.0,1.0,0.0,1.0,0.0,0.0,0.0,1.0,1.0,0.0,0.0,0.0,0.0,0.0,0.0,0.0,0.0,-8.0,0.0,0.0,100.0,0.0,0.0,0.0,0.0,0.0,29.3,12.8,0.0,0.0,0.0,0.0,10.0,
2479792,16,981167,SEGLE XXI,HOME,2153172,M. Cintas Diaz,M. Cintas Diaz,1,28.1,1684.0,7.0,2.0,9.0,1.0,3.0,3.0,12.0,0.0,0.0,1.0,4.0,5.0,2.0,1.0,4.0,0.0,0.0,2.0,0.0,6.0,28.0,29.2,29.2,25.0,0.0,0.4,1.0,0.0,3.6,13.9,8.8,11.1,7.0,0.0,7.7,18.2,
2479792,16,981167,SEGLE XXI,HOME,2289362,D. Garcia Dominguez,D. Garcia Dominguez,0,17.8,1069.0,9.0,2.0,6.0,1.0,4.0,3.0,10.0,2.0,2.0,0.0,3.0,3.0,2.0,2.0,0.0,0.0,0.0,0.0,1.0,6.0,-2.0,41.4,35.0,40.0,20.0,0.7,0.8,2.0,0.0,16.4,8.3,22.2,0.0,0.0,15.5,28.4,
2479792,16,981167,SEGLE XXI,HOME,2320695,A. Plans Bellavista,A. Plans Bellavista,0,12.3,741.0,3.0,0.0,0.0,1.0,1.0,1.0,1.0,0.0,0.0,0.0,2.0,2.0,1.0,0.0,0.0,0.0,0.0,0.0,1.0,7.0,13.0,150.0,150.0,100.0,0.0,0.0,3.0,0.0,0.0,15.9,8.0,12.5,0.0,0.0,0.0,3.2,
2479792,16,981167,SEGLE XXI,HOME,2448425,N. Cordón Elizarán,N. Cordón Elizarán,0,3.5,213.0,0.0,0.0,0.0,0.0,0.0,0.0,0.0,0.0,0.0,1.0,1.0,2.0,1.0,1.0,0.0,0.0,0.0,0.0,1.0,3.0,6.0,0.0,0.0,0.0,0.0,0.0,0.0,0.0,28.6,27.9,28.2,33.3,0.0,0.0,100.0,11.2,
2479792,16,981167,SEGLE XXI,HOME,2528757,I. Garcia Fernandez,I. Garcia Fernandez,1,16.9,1017.0,10.0,4.0,8.0,0.0,1.0,4.0,9.0,2.0,2.0,5.0,4.0,9.0,0.0,4.0,0.0,0.0,0.0,4.0,1.0,7.0,13.0,50.6,44.4,11.1,22.2,1.0,0.0,2.0,29.6,23.1,26.3,0.0,0.0,0.0,28.8,32.2,
2479792,16,981167,SEGLE XXI,HOME,2244483,S. Nde Akawung,S. Nde Akawung,1,26.4,1583.0,12.0,5.0,8.0,0.0,3.0,5.0,11.0,2.0,4.0,3.0,1.0,4.0,3.0,0.0,0.0,1.0,0.0,2.0,2.0,12.0,30.0,47.0,45.5,27.3,36.4,1.2,0.0,2.0,11.4,3.7,7.5,18.8,0.0,3.6,0.0,19.0,
2479792,16,981167,SEGLE XXI,HOME,2196865,M. Carbó Medina,M. Carbó Medina,0,22.9,1372.0,17.0,5.0,8.0,2.0,5.0,7.0,13.0,1.0,2.0,1.0,6.0,7.0,2.0,2.0,0.0,1.0,0.0,2.0,2.0,18.0,6.0,61.2,61.5,38.5,15.4,1.2,1.2,1.0,4.4,25.6,15.1,18.2,0.0,4.2,12.6,27.2,
2479792,16,981167,SEGLE XXI,HOME,2528756,M. Zarzuelo Oroz,M. Zarzuelo Oroz,0,9.2,555.0,0.0,0.0,1.0,0.0,0.0,0.0,1.0,0.0,0.0,1.0,1.0,2.0,1.0,1.0,2.0,0.0,0.0,0.0,0.0,3.0,1.0,0.0,0.0,0.0,0.0,0.0,0.0,0.0,10.9,10.6,10.7,16.7,10.7,0.0,50.0,8.5,
2479792,16,981167,SEGLE XXI,HOME,2639399,S. Okafor Ofoegbu,S. Okafor Ofoegbu,1,21.1,1265.0,7.0,2.0,3.0,0.0,1.0,2.0,4.0,3.0,4.0,1.0,4.0,5.0,0.0,0.0,2.0,0.0,0.0,0.0,2.0,13.0,13.0,60.8,50.0,25.0,100.0,1.3,0.0,2.0,4.7,18.5,11.7,0.0,4.6,0.0,0.0,10.7,
2479792,16,981167,SEGLE XXI,HOME,2454402,S. Fernandez De Cuevas Martinez,S. Fernandez De Cuevas Martinez,1,17.8,1069.0,4.0,2.0,4.0,0.0,2.0,2.0,6.0,0.0,0.0,0.0,3.0,3.0,2.0,2.0,1.0,0.0,1.0,2.0,0.0,2.0,20.0,33.3,33.3,33.3,0.0,1.0,0.0,0.0,0.0,16.4,8.3,20.0,2.8,0.0,25.0,17.6,
2479792,16,981167,SEGLE XXI,HOME,2229661,B. Asensio Senosiáin,B. Asensio Senosiáin,0,6.0,363.0,0.0,0.0,0.0,0.0,0.0,0.0,0.0,0.0,0.0,0.0,1.0,1.0,0.0,1.0,0.0,0.0,0.0,0.0,0.0,0.0,-2.0,0.0,0.0,0.0,0.0,0.0,0.0,0.0,0.0,16.3,8.2,0.0,0.0,0.0,100.0,6.5,
2479792,16,981167,SEGLE XXI,HOME,2461439,A. Smykovskaia,A. Smykovskaia,0,17.8,1069.0,6.0,3.0,10.0,0.0,0.0,3.0,10.0,0.0,4.0,7.0,9.0,16.0,1.0,3.0,1.0,0.0,1.0,1.0,2.0,11.0,4.0,25.5,30.0,0.0,40.0,0.6,0.0,2.0,39.3,49.3,44.4,11.1,2.8,0.0,20.3,32.5,
2479792,16,981209,CB CLARET BENIMACLET,AWAY,1886112,S. Afonso Gonzalez,S. Afonso Gonzalez,1,28.9,1735.0,9.0,3.0,8.0,1.0,5.0,4.0,13.0,0.0,0.0,1.0,2.0,3.0,5.0,3.0,0.0,0.0,0.0,0.0,0.0,5.0,-29.0,34.6,34.6,38.5,0.0,0.8,0.6,0.0,3.4,6.9,5.1,53.8,0.0,0.0,18.8,26.5,
2479792,16,981209,CB CLARET BENIMACLET,AWAY,2209715,J. Sarrio Asensio,J. Sarrio Asensio,0,16.6,995.0,6.0,0.0,6.0,2.0,3.0,2.0,9.0,0.0,0.0,0.0,1.0,1.0,3.0,0.0,0.0,0.0,0.0,2.0,1.0,2.0,3.0,33.3,33.3,33.3,0.0,0.0,2.0,0.0,0.0,6.0,3.0,53.6,0.0,0.0,0.0,25.9,
2479792,16,981209,CB CLARET BENIMACLET,AWAY,1853228,J. Rochina Troncoso,J. Rochina Troncoso,1,25.7,1544.0,0.0,0.0,3.0,0.0,1.0,0.0,4.0,0.0,2.0,1.0,6.0,7.0,0.0,5.0,0.0,0.0,1.0,0.0,1.0,-3.0,-21.0,0.0,0.0,25.0,50.0,0.0,0.0,2.0,3.8,23.3,13.5,0.0,0.0,0.0,50.6,18.4,
2479792,16,981209,CB CLARET BENIMACLET,AWAY,1840053,P. Garcia Garcia,P. Garcia Garcia,1,14.9,894.0,1.0,0.0,0.0,0.0,3.0,0.0,3.0,1.0,2.0,0.0,4.0,4.0,2.0,2.0,1.0,1.0,0.0,2.0,4.0,5.0,-17.0,12.9,0.0,100.0,66.7,0.0,0.0,0.5,0.0,26.8,13.3,26.3,3.3,4.7,34.0,18.9,
2479792,16,981209,CB CLARET BENIMACLET,AWAY,2281500,L. Liern Ruiz,L. Liern Ruiz,0,20.1,1207.0,5.0,1.0,2.0,1.0,3.0,2.0,5.0,0.0,0.0,0.0,1.0,1.0,0.0,0.0,1.0,0.0,0.0,1.0,0.0,3.0,-5.0,50.0,50.0,60.0,0.0,1.0,1.0,0.0,0.0,5.0,2.5,0.0,2.4,0.0,0.0,11.9,
2479792,16,981209,CB CLARET BENIMACLET,AWAY,1767443,M. Cuellar Bayarri,M. Cuellar Bayarri,1,23.8,1427.0,14.0,4.0,12.0,2.0,3.0,6.0,15.0,0.0,0.0,0.0,1.0,1.0,0.0,2.0,1.0,1.0,0.0,4.0,3.0,5.0,-9.0,46.7,46.7,20.0,0.0,0.7,2.0,0.0,0.0,4.2,2.1,0.0,2.1,2.9,11.8,34.2,
2479792,16,981209,CB CLARET BENIMACLET,AWAY,1984467,G. Lopez Cuesta,G. Lopez Cuesta,0,16.2,973.0,1.0,0.0,3.0,0.0,0.0,0.0,3.0,1.0,2.0,0.0,1.0,1.0,0.0,0.0,0.0,0.0,0.0,1.0,2.0,-1.0,-17.0,12.9,0.0,0.0,66.7,0.0,0.0,1.0,0.0,6.2,3.0,0.0,0.0,0.0,0.0,11.5,
2479792,16,981209,CB CLARET BENIMACLET,AWAY,1994256,T. Toledo Navarro,T. Toledo Navarro,0,14.7,881.0,4.0,2.0,4.0,0.0,2.0,2.0,6.0,0.0,0.0,0.0,1.0,1.0,1.0,0.0,1.0,0.0,1.0,0.0,0.0,3.0,-8.0,33.3,33.3,33.3,0.0,1.0,0.0,0.0,0.0,6.8,3.4,17.9,3.3,0.0,0.0,19.5,
2479792,16,981209,CB CLARET BENIMACLET,AWAY,1749591,I. Garrido Perez,I. Garrido Perez,1,34.1,2045.0,9.0,0.0,3.0,3.0,5.0,3.0,8.0,0.0,0.0,0.0,3.0,3.0,0.0,2.0,1.0,0.0,0.0,0.0,2.0,8.0,-23.0,56.2,56.2,62.5,0.0,0.0,1.8,0.0,0.0,8.8,4.3,0.0,1.4,0.0,20.0,14.0,
2479792,16,981209,CB CLARET BENIMACLET,AWAY,2087980,A. Romero De Vicente,A. Romero De Vicente,0,5.0,299.0,0.0,0.0,1.0,0.0,0.0,0.0,1.0,0.0,0.0,0.0,0.0,0.0,0.0,0.0,0.0,0.0,0.0,2.0,0.0,-3.0,-4.0,0.0,0.0,0.0,0.0,0.0,0.0,0.0,0.0,0.0,0.0,0.0,0.0,0.0,0.0,9.6,
2479793,16,982048,EL PLANTEL GMASB,HOME,2819272,D. Ryzinska,D. Ryzinska,1,30.3,1818.0,3.0,1.0,3.0,0.0,2.0,1.0,5.0,1.0,2.0,0.0,2.0,2.0,1.0,0.0,2.0,0.0,0.0,3.0,3.0,3.0,-2.0,25.5,20.0,40.0,40.0,0.7,0.0,0.7,0.0,8.3,3.5,4.9,3.6,0.0,0.0,8.7,
2479793,16,982048,EL PLANTEL GMASB,HOME,2124275,C. Villanueva Lazaro,C. Villanueva Lazaro,1,14.6,876.0,8.0,2.0,2.0,0.0,2.0,2.0,4.0,4.0,4.0,0.0,0.0,0.0,2.0,0.0,2.0,0.0,0.0,3.0,2.0,9.0,-3.0,69.4,50.0,50.0,100.0,2.0,0.0,2.0,0.0,0.0,0.0,22.7,7.5,0.0,0.0,17.7,
2479793,16,982048,EL PLANTEL GMASB,HOME,1974272,R. Revueltas Pareja,R. Revueltas Pareja,1,25.8,1545.0,7.0,3.0,8.0,0.0,5.0,3.0,13.0,1.0,2.0,1.0,4.0,5.0,3.0,0.0,1.0,0.0,0.0,2.0,3.0,6.0,7.0,25.2,23.1,38.5,15.4,0.8,0.0,0.7,3.6,19.4,10.3,22.7,2.1,0.0,0.0,24.2,
2479793,16,982048,EL PLANTEL GMASB,HOME,2819274,O. Schlegl,O. Schlegl,0,9.8,585.0,0.0,0.0,1.0,0.0,1.0,0.0,2.0,0.0,0.0,1.0,0.0,1.0,0.0,0.0,0.0,0.0,0.0,0.0,1.0,0.0,0.0,0.0,0.0,50.0,0.0,0.0,0.0,0.0,9.5,0.0,5.4,0.0,0.0,0.0,0.0,9.2,
2479793,16,982048,EL PLANTEL GMASB,HOME,2232865,M. Sanchez Valenzuela,M. Sanchez Valenzuela,1,24.6,1478.0,5.0,1.0,2.0,1.0,7.0,2.0,9.0,0.0,0.0,2.0,1.0,3.0,0.0,1.0,0.0,0.0,0.0,2.0,0.0,-2.0,-2.0,27.8,27.8,77.8,0.0,1.0,0.4,0.0,7.6,5.1,6.5,0.0,0.0,0.0,10.0,18.3,
2479793,16,982048,EL PLANTEL GMASB,HOME,1111828,L. Fernandez Fiel,L. Fernandez Fiel,0,28.2,1692.0,18.0,5.0,9.0,2.0,7.0,7.0,16.0,2.0,2.0,3.0,1.0,4.0,3.0,0.0,0.0,0.0,0.0,4.0,2.0,14.0,-5.0,53.3,50.0,43.8,12.5,1.1,0.9,1.0,9.9,4.4,7.6,25.2,0.0,0.0,0.0,26.9,
2479793,16,982048,EL PLANTEL GMASB,HOME,2112760,M. Diaz Torres,M. Diaz Torres,0,4.4,265.0,2.0,1.0,2.0,0.0,0.0,1.0,2.0,0.0,0.0,0.0,0.0,0.0,0.0,0.0,0.0,0.0,0.0,1.0,0.0,0.0,6.0,50.0,50.0,0.0,0.0,1.0,0.0,0.0,0.0,0.0,0.0,0.0,0.0,0.0,0.0,20.4,
2479793,16,982048,EL PLANTEL GMASB,HOME,1080472,P. Benet Edo,P. Benet Edo,0,27.4,1642.0,17.0,0.0,3.0,5.0,9.0,5.0,12.0,2.0,2.0,0.0,5.0,5.0,5.0,2.0,1.0,0.0,0.0,2.0,3.0,20.0,9.0,66.0,62.5,75.0,16.7,0.0,1.7,0.7,0.0,22.8,9.7,36.0,2.0,0.0,13.4,24.4,
2479793,16,982048,EL PLANTEL GMASB,HOME,2746773,O. Betancourt Labrador,O. Betancourt Labrador,1,35.0,2099.0,15.0,6.0,13.0,0.0,1.0,6.0,14.0,3.0,4.0,6.0,13.0,19.0,2.0,2.0,1.0,0.0,0.0,1.0,4.0,29.0,15.0,47.6,42.9,7.1,28.6,0.9,0.0,1.0,15.9,46.4,29.0,10.9,1.6,0.0,11.3,22.8,
2479793,16,979778,MAGEC TÍAS LANZAROTE CONTRA LA VIOLENCIA DE GÉNERO,AWAY,2178381,E. Lozano Sosa,E. Lozano Sosa,0,6.2,374.0,0.0,0.0,0.0,0.0,0.0,0.0,0.0,0.0,0.0,0.0,0.0,0.0,1.0,0.0,0.0,0.0,0.0,0.0,0.0,1.0,-3.0,0.0,0.0,0.0,0.0,0.0,0.0,0.0,0.0,0.0,0.0,18.5,0.0,0.0,0.0,0.0,
2479793,16,979778,MAGEC TÍAS LANZAROTE CONTRA LA VIOLENCIA DE GÉNERO,AWAY,1100445,Y. Garcia Gonzalez,Y. Garcia Gonzalez,1,26.1,1567.0,10.0,4.0,9.0,0.0,2.0,4.0,11.0,2.0,4.0,2.0,2.0,4.0,1.0,1.0,0.0,0.0,0.0,4.0,2.0,3.0,4.0,39.2,36.4,18.2,36.4,0.9,0.0,2.0,9.6,7.1,8.2,6.7,0.0,0.0,7.3,26.7,
2479793,16,979778,MAGEC TÍAS LANZAROTE CONTRA LA VIOLENCIA DE GÉNERO,AWAY,1995747,S. Hisado Santos,S. Hisado Santos,1,33.1,1988.0,4.0,2.0,5.0,0.0,0.0,2.0,5.0,0.0,0.0,0.0,6.0,6.0,4.0,1.0,2.0,0.0,0.0,2.0,2.0,12.0,0.0,40.0,40.0,0.0,0.0,0.8,0.0,0.0,0.0,16.9,9.7,20.4,3.2,0.0,16.7,9.2,
2479793,16,979778,MAGEC TÍAS LANZAROTE CONTRA LA VIOLENCIA DE GÉNERO,AWAY,1695414,C. Mateo Cañada,C. Mateo Cañada,1,30.4,1822.0,16.0,3.0,6.0,3.0,4.0,6.0,10.0,1.0,2.0,1.0,2.0,3.0,0.0,3.0,0.0,0.0,0.0,5.0,1.0,7.0,-13.0,73.5,75.0,40.0,20.0,1.0,2.2,2.0,4.1,6.1,5.3,0.0,0.0,0.0,21.6,23.1,
2479793,16,979778,MAGEC TÍAS LANZAROTE CONTRA LA VIOLENCIA DE GÉNERO,AWAY,2824664,B. Snorradottir,B. Snorradottir,0,21.5,1291.0,10.0,2.0,5.0,1.0,2.0,3.0,7.0,3.0,5.0,1.0,7.0,8.0,0.0,1.0,0.0,0.0,0.0,2.0,4.0,13.0,1.0,54.3,50.0,28.6,71.4,0.8,1.5,1.2,5.8,30.3,19.8,0.0,0.0,0.0,9.8,24.0,
2479793,16,979778,MAGEC TÍAS LANZAROTE CONTRA LA VIOLENCIA DE GÉNERO,AWAY,2524794,M. Marinho Junqueira,M. Marinho Junqueira,1,24.8,1489.0,4.0,1.0,3.0,0.0,2.0,1.0,5.0,2.0,2.0,0.0,4.0,4.0,3.0,4.0,0.0,0.0,0.0,1.0,3.0,5.0,-4.0,34.0,20.0,40.0,40.0,0.7,0.0,0.7,0.0,15.0,8.6,19.7,0.0,0.0,40.5,20.2,
2479793,16,979778,MAGEC TÍAS LANZAROTE CONTRA LA VIOLENCIA DE GÉNERO,AWAY,2379074,N. Zabala Gabilondo,N. Zabala Gabilondo,1,36.2,2174.0,19.0,6.0,11.0,2.0,3.0,8.0,14.0,1.0,2.0,2.0,8.0,10.0,4.0,4.0,1.0,0.0,0.0,2.0,3.0,24.0,-3.0,63.8,64.3,21.4,14.3,1.1,2.0,0.7,6.9,20.6,14.7,24.5,1.5,0.0,21.2,26.4,
2479793,16,979778,MAGEC TÍAS LANZAROTE CONTRA LA VIOLENCIA DE GÉNERO,AWAY,1681307,E. Iranzo Gutierrez,E. Iranzo Gutierrez,0,21.6,1295.0,7.0,3.0,3.0,0.0,3.0,3.0,6.0,1.0,1.0,0.0,1.0,1.0,2.0,0.0,0.0,0.0,0.0,2.0,3.0,8.0,-7.0,54.3,50.0,50.0,16.7,2.0,0.0,0.3,0.0,4.3,2.5,19.0,0.0,0.0,0.0,15.1,
2479794,16,981304,DISHELEC 65 VILADECANS,HOME,2050407,L. Sanchez Garcia,L. Sanchez Garcia,1,23.3,1398.0,8.0,2.0,5.0,1.0,2.0,3.0,7.0,1.0,2.0,3.0,1.0,4.0,1.0,3.0,0.0,1.0,0.0,3.0,1.0,4.0,-4.0,50.8,50.0,28.6,28.6,0.8,1.5,2.0,15.6,4.1,9.2,11.1,0.0,4.8,27.6,22.5,
2479794,16,981304,DISHELEC 65 VILADECANS,HOME,1910113,L. Anducas Rodon,L. Anducas Rodon,0,21.4,1281.0,4.0,0.0,1.0,1.0,4.0,1.0,5.0,1.0,2.0,0.0,3.0,3.0,1.0,2.0,0.0,0.0,0.0,2.0,2.0,1.0,-9.0,34.0,30.0,80.0,40.0,0.0,0.8,1.0,0.0,13.4,7.5,11.1,0.0,0.0,25.4,17.7,
2479794,16,981304,DISHELEC 65 VILADECANS,HOME,1727776,P. Curto Garcia,P. Curto Garcia,1,25.5,1532.0,16.0,1.0,2.0,4.0,9.0,5.0,11.0,2.0,2.0,0.0,5.0,5.0,0.0,2.0,2.0,0.0,0.0,2.0,4.0,17.0,-5.0,67.3,63.6,81.8,18.2,1.0,1.3,0.5,0.0,18.7,10.5,0.0,4.2,0.0,14.4,26.2,
2479794,16,981304,DISHELEC 65 VILADECANS,HOME,1398200,J. Turrion Aranda,J. Turrion Aranda,1,29.6,1778.0,12.0,3.0,4.0,2.0,10.0,5.0,14.0,0.0,0.0,0.0,5.0,5.0,4.0,5.0,3.0,1.0,0.0,1.0,0.0,10.0,-7.0,42.9,42.9,71.4,0.0,1.5,0.6,0.0,0.0,16.1,9.0,44.4,5.4,3.8,26.3,30.9,
2479794,16,981304,DISHELEC 65 VILADECANS,HOME,2056456,N. Soler Ramos,N. Soler Ramos,0,13.5,810.0,3.0,1.0,2.0,0.0,1.0,1.0,3.0,1.0,2.0,2.0,0.0,2.0,1.0,1.0,1.0,0.0,0.0,0.0,1.0,4.0,-7.0,38.7,33.3,33.3,66.7,1.0,0.0,2.0,18.0,0.0,7.9,20.0,3.9,0.0,20.5,17.4,
2479794,16,981304,DISHELEC 65 VILADECANS,HOME,2322360,A. Torne Labarta,A. Torne Labarta,0,13.6,814.0,0.0,0.0,3.0,0.0,0.0,0.0,3.0,0.0,0.0,1.0,1.0,2.0,2.0,1.0,0.0,0.0,1.0,2.0,0.0,-2.0,2.0,0.0,0.0,0.0,0.0,0.0,0.0,0.0,8.9,7.0,7.8,33.3,0.0,0.0,25.0,14.1,
2479794,16,981304,DISHELEC 65 VILADECANS,HOME,2082380,J. Torreño Jimenez,J. Torreño Jimenez,0,16.3,979.0,9.0,0.0,0.0,3.0,5.0,3.0,5.0,0.0,0.0,1.0,2.0,3.0,2.0,0.0,0.0,0.0,0.0,1.0,0.0,11.0,3.0,90.0,90.0,100.0,0.0,0.0,1.8,0.0,7.4,11.7,9.8,40.0,0.0,0.0,0.0,14.8,
2479794,16,981304,DISHELEC 65 VILADECANS,HOME,2146979,N. Sanchez Marques,N. Sanchez Marques,0,20.4,1225.0,5.0,0.0,1.0,1.0,3.0,1.0,4.0,2.0,4.0,0.0,2.0,2.0,1.0,2.0,1.0,0.0,1.0,1.0,6.0,7.0,-6.0,43.4,37.5,75.0,100.0,0.0,1.0,0.7,0.0,9.3,5.2,11.1,2.6,0.0,25.8,18.3,
2479794,16,981304,DISHELEC 65 VILADECANS,HOME,1956668,M. Ribera Sanuy,M. Ribera Sanuy,1,16.8,1008.0,4.0,1.0,3.0,0.0,1.0,1.0,4.0,2.0,2.0,1.0,0.0,1.0,0.0,0.0,0.0,0.0,0.0,1.0,1.0,2.0,-5.0,41.0,25.0,25.0,50.0,0.7,0.0,2.0,7.2,0.0,3.2,0.0,0.0,0.0,0.0,14.0,
2479794,16,981304,DISHELEC 65 VILADECANS,HOME,1663009,Q. Ubia Llunell,Q. Ubia Llunell,1,19.6,1175.0,0.0,0.0,0.0,0.0,3.0,0.0,3.0,0.0,0.0,0.0,4.0,4.0,5.0,2.0,1.0,0.0,0.0,1.0,2.0,6.0,-2.0,0.0,0.0,100.0,0.0,0.0,0.0,0.0,0.0,19.4,10.9,50.0,2.7,0.0,40.0,12.3,
2479794,16,981229,SPAR GRAN CANARIA,AWAY,2203305,L. Perez Castro,L. Perez Castro,1,40.0,2400.0,16.0,2.0,3.0,4.0,10.0,6.0,13.0,0.0,0.0,1.0,5.0,6.0,4.0,3.0,2.0,0.0,0.0,2.0,0.0,16.0,8.0,61.5,61.5,76.9,0.0,1.3,1.2,0.0,2.4,15.2,8.0,19.0,2.7,0.0,18.8,17.0,
2479794,16,981229,SPAR GRAN CANARIA,AWAY,2288451,A. Hernandez Martinez,A. Hernandez Martinez,1,11.8,711.0,3.0,0.0,0.0,1.0,7.0,1.0,7.0,0.0,0.0,1.0,0.0,1.0,0.0,1.0,0.0,0.0,0.0,3.0,0.0,-6.0,2.0,21.4,21.4,100.0,0.0,0.0,0.4,0.0,8.1,0.0,4.5,0.0,0.0,0.0,12.5,28.8,
2479794,16,981229,SPAR GRAN CANARIA,AWAY,2621781,F. Thiao,F. Thiao,1,24.7,1484.0,4.0,2.0,6.0,0.0,0.0,2.0,6.0,0.0,0.0,8.0,5.0,13.0,1.0,2.0,3.0,0.0,0.0,2.0,1.0,14.0,-4.0,33.3,33.3,0.0,0.0,0.7,0.0,0.0,30.8,24.5,28.1,7.0,6.5,0.0,25.0,13.8,
2479794,16,981229,SPAR GRAN CANARIA,AWAY,2340752,N. Prado Plumed,N. Prado Plumed,0,11.8,711.0,5.0,1.0,1.0,1.0,5.0,2.0,6.0,0.0,0.0,1.0,0.0,1.0,0.0,1.0,0.0,0.0,0.0,2.0,0.0,-1.0,-3.0,41.7,41.7,83.3,0.0,2.0,0.6,0.0,8.1,0.0,4.5,0.0,0.0,0.0,14.3,25.2,
2479794,16,981229,SPAR GRAN CANARIA,AWAY,2494285,A. Mbengue Sánchez,A. Mbengue Sánchez,1,39.8,2390.0,15.0,6.0,8.0,0.0,1.0,6.0,9.0,3.0,3.0,3.0,5.0,8.0,3.0,3.0,1.0,1.0,2.0,2.0,3.0,23.0,10.0,72.7,66.7,11.1,33.3,1.5,0.0,1.0,7.2,15.2,10.7,14.3,1.3,4.8,22.5,14.2,
2479794,16,981229,SPAR GRAN CANARIA,AWAY,2251955,M. Ocurto Mendes,M. Ocurto Mendes,0,32.0,1920.0,5.0,1.0,3.0,0.0,8.0,1.0,11.0,3.0,5.0,0.0,2.0,2.0,3.0,1.0,0.0,0.0,0.0,0.0,4.0,1.0,5.0,18.9,9.1,72.7,45.5,0.7,0.0,1.2,0.0,7.6,3.3,14.6,0.0,0.0,7.0,18.9,
2479794,16,981229,SPAR GRAN CANARIA,AWAY,2292843,M. Rodríguez Sánchez,M. Rodríguez Sánchez,0,12.4,743.0,5.0,1.0,2.0,1.0,4.0,2.0,6.0,0.0,0.0,2.0,0.0,2.0,1.0,1.0,2.0,0.0,0.0,4.0,0.0,1.0,9.0,41.7,41.7,66.7,0.0,1.0,0.8,0.0,15.4,0.0,8.6,16.4,8.6,0.0,14.3,24.0,
2479794,16,981229,SPAR GRAN CANARIA,AWAY,2352279,T. Ezeanatogu Ezeonu,T. Ezeanatogu Ezeonu,1,27.4,1641.0,16.0,7.0,13.0,0.0,0.0,7.0,13.0,2.0,8.0,3.0,8.0,11.0,4.0,4.0,4.0,1.0,0.0,2.0,6.0,24.0,13.0,48.4,53.8,0.0,61.5,1.1,0.0,1.3,10.4,35.4,21.4,33.6,7.8,7.0,19.5,31.9,
2479795,17,979892,C. B. ISLA BONITA,HOME,1131087,B. Armengol Vall,B. Armengol Vall,1,23.6,1413.0,5.0,0.0,1.0,0.0,3.0,0.0,4.0,5.0,6.0,0.0,2.0,2.0,3.0,2.0,1.0,0.0,0.0,2.0,5.0,7.0,5.0,37.7,0.0,75.0,150.0,0.0,0.0,1.2,0.0,9.2,5.2,16.7,2.3,0.0,23.1,18.8,
2479795,17,979892,C. B. ISLA BONITA,HOME,1870487,T. Gonzalez Soto,T. Gonzalez Soto,1,20.4,1225.0,16.0,2.0,3.0,4.0,7.0,6.0,10.0,0.0,0.0,0.0,6.0,6.0,0.0,1.0,0.0,0.0,0.0,1.0,1.0,17.0,8.0,80.0,80.0,70.0,0.0,1.3,1.7,0.0,0.0,31.8,18.1,0.0,0.0,0.0,9.1,27.7,
2479795,17,979892,C. B. ISLA BONITA,HOME,1853281,I. Bautista Villaverde,I. Bautista Villaverde,0,11.7,701.0,3.0,0.0,0.0,1.0,4.0,1.0,4.0,0.0,0.0,0.0,0.0,0.0,2.0,0.0,0.0,0.0,0.0,1.0,0.0,1.0,7.0,37.5,37.5,100.0,0.0,0.0,0.8,0.0,0.0,0.0,0.0,25.0,0.0,0.0,0.0,17.6,
2479795,17,979892,C. B. ISLA BONITA,HOME,2816643,E. Motekaitytè,E. Motekaitytè,1,22.4,1343.0,16.0,7.0,10.0,0.0,0.0,7.0,10.0,2.0,4.0,1.0,2.0,3.0,1.0,1.0,0.0,0.0,1.0,1.0,2.0,15.0,8.0,68.0,70.0,0.0,40.0,1.4,0.0,2.0,6.4,9.7,8.2,9.1,0.0,0.0,7.8,29.2,
2479795,17,979892,C. B. ISLA BONITA,HOME,2171960,M. Colom Elosúa,M. Colom Elosúa,1,31.4,1883.0,12.0,2.0,5.0,2.0,4.0,4.0,9.0,2.0,2.0,1.0,1.0,2.0,3.0,3.0,0.0,0.0,0.0,2.0,1.0,8.0,22.0,60.7,55.6,44.4,22.2,0.8,1.5,2.0,4.5,3.4,3.9,15.0,0.0,0.0,23.3,21.1,
2479795,17,979892,C. B. ISLA BONITA,HOME,2524874,M. Vulovic,M. Vulovic,1,24.3,1459.0,7.0,2.0,7.0,0.0,0.0,2.0,7.0,3.0,4.0,2.0,7.0,9.0,0.0,1.0,0.0,0.0,0.0,2.0,3.0,10.0,23.0,40.0,28.6,0.0,57.1,0.6,0.0,1.3,11.8,31.1,22.8,0.0,0.0,0.0,10.2,20.6,
2479795,17,979892,C. B. ISLA BONITA,HOME,1471341,M. Rosales Elejabeita,M. Rosales Elejabeita,0,21.0,1261.0,8.0,1.0,3.0,2.0,2.0,3.0,5.0,0.0,0.0,1.0,5.0,6.0,0.0,0.0,2.0,0.0,0.0,1.0,0.0,13.0,4.0,80.0,80.0,40.0,0.0,0.7,3.0,0.0,6.8,25.7,17.6,0.0,5.3,0.0,0.0,12.2,
2479795,17,979892,C. B. ISLA BONITA,HOME,1372464,M. Carballo Diaz,M. Carballo Diaz,0,11.7,700.0,9.0,2.0,3.0,1.0,1.0,3.0,4.0,2.0,2.0,0.0,0.0,0.0,3.0,0.0,0.0,0.0,0.0,1.0,2.0,12.0,0.0,92.2,87.5,25.0,50.0,1.3,3.0,1.0,0.0,0.0,0.0,50.0,0.0,0.0,0.0,21.4,
2479795,17,979892,C. B. ISLA BONITA,HOME,2816642,N. Cunill Peña,N. Cunill Peña,0,12.3,737.0,4.0,2.0,5.0,0.0,0.0,2.0,5.0,0.0,0.0,3.0,3.0,6.0,2.0,1.0,1.0,0.0,0.0,2.0,2.0,9.0,-1.0,40.0,40.0,0.0,0.0,0.8,0.0,0.0,34.8,26.4,30.0,28.6,4.5,0.0,16.7,25.0,
2479795,17,979892,C. B. ISLA BONITA,HOME,2524609,A. Glomazic,A. Glomazic,0,21.3,1278.0,5.0,1.0,1.0,1.0,2.0,2.0,3.0,0.0,0.0,0.0,1.0,1.0,1.0,0.0,1.0,1.0,0.0,3.0,0.0,5.0,9.0,83.3,83.3,66.7,0.0,2.0,1.5,0.0,0.0,5.1,2.9,7.7,2.6,5.9,0.0,7.2,
2479795,17,981304,DISHELEC 65 VILADECANS,AWAY,2050407,L. Sanchez Garcia,L. Sanchez Garcia,1,30.1,1806.0,8.0,1.0,2.0,2.0,7.0,3.0,9.0,0.0,0.0,0.0,4.0,4.0,1.0,1.0,2.0,1.0,0.0,3.0,0.0,6.0,-17.0,44.4,44.4,77.8,0.0,1.0,0.9,0.0,0.0,19.0,8.2,5.9,3.8,3.5,10.0,16.2,
2479795,17,981304,DISHELEC 65 VILADECANS,AWAY,1910113,L. Anducas Rodon,L. Anducas Rodon,1,24.2,1453.0,10.0,3.0,4.0,1.0,2.0,4.0,6.0,1.0,1.0,2.0,2.0,4.0,1.0,4.0,0.0,0.0,0.0,1.0,4.0,12.0,-24.0,77.6,75.0,33.3,16.7,1.5,1.5,0.2,8.9,11.8,10.2,9.1,0.0,0.0,38.3,21.0,
2479795,17,981304,DISHELEC 65 VILADECANS,AWAY,1727776,P. Curto Garcia,P. Curto Garcia,1,24.2,1453.0,12.0,2.0,6.0,2.0,7.0,4.0,13.0,2.0,2.0,2.0,4.0,6.0,0.0,1.0,0.0,0.0,0.0,1.0,4.0,11.0,-22.0,43.2,38.5,53.8,15.4,0.7,0.9,0.5,8.9,23.6,15.3,0.0,0.0,0.0,6.7,29.9,
2479795,17,981304,DISHELEC 65 VILADECANS,AWAY,2056456,N. Soler Ramos,N. Soler Ramos,0,19.0,1139.0,7.0,2.0,3.0,1.0,5.0,3.0,8.0,0.0,0.0,0.0,2.0,2.0,0.0,0.0,1.0,0.0,0.0,2.0,0.0,3.0,-7.0,43.8,43.8,62.5,0.0,1.3,0.6,0.0,0.0,15.0,6.5,0.0,3.0,0.0,0.0,20.5,
2479795,17,981304,DISHELEC 65 VILADECANS,AWAY,2322360,A. Torne Labarta,A. Torne Labarta,1,30.9,1855.0,10.0,4.0,11.0,0.0,1.0,4.0,12.0,2.0,2.0,3.0,4.0,7.0,2.0,1.0,0.0,0.0,0.0,2.0,1.0,9.0,-10.0,38.8,33.3,8.3,16.7,0.7,0.0,2.0,10.5,18.5,13.9,12.5,0.0,0.0,7.2,21.9,
2479795,17,981304,DISHELEC 65 VILADECANS,AWAY,2082380,J. Torreño Jimenez,J. Torreño Jimenez,0,15.4,925.0,9.0,3.0,3.0,1.0,6.0,4.0,9.0,0.0,0.0,0.0,3.0,3.0,1.0,0.0,0.0,0.0,0.0,0.0,0.0,8.0,4.0,50.0,50.0,66.7,0.0,2.0,0.5,0.0,0.0,27.8,12.0,16.7,0.0,0.0,0.0,28.5,
2479795,17,981304,DISHELEC 65 VILADECANS,AWAY,2146979,N. Sanchez Marques,N. Sanchez Marques,0,21.1,1267.0,7.0,2.0,2.0,0.0,4.0,2.0,6.0,3.0,5.0,2.0,0.0,2.0,3.0,0.0,1.0,0.0,1.0,4.0,4.0,7.0,-4.0,42.7,33.3,66.7,83.3,2.0,0.0,1.2,10.2,0.0,5.8,28.6,2.7,0.0,0.0,18.9,
2479795,17,981304,DISHELEC 65 VILADECANS,AWAY,1956668,M. Ribera Sanuy,M. Ribera Sanuy,0,16.1,969.0,2.0,0.0,0.0,0.0,2.0,0.0,2.0,2.0,4.0,1.0,0.0,1.0,1.0,1.0,0.0,0.0,0.0,0.0,3.0,2.0,8.0,26.6,0.0,100.0,200.0,0.0,0.0,1.3,6.7,0.0,3.8,10.0,0.0,0.0,21.0,14.4,
2479795,17,981304,DISHELEC 65 VILADECANS,AWAY,1663009,Q. Ubia Llunell,Q. Ubia Llunell,1,18.9,1133.0,3.0,0.0,1.0,1.0,1.0,1.0,2.0,0.0,0.0,0.0,1.0,1.0,0.0,1.0,0.0,0.0,0.0,3.0,0.0,-1.0,-13.0,75.0,75.0,50.0,0.0,0.0,3.0,0.0,0.0,7.6,3.3,0.0,0.0,0.0,33.3,7.7,
2479796,17,981229,SPAR GRAN CANARIA,HOME,2203305,L. Perez Castro,L. Perez Castro,1,36.4,2184.0,10.0,2.0,7.0,2.0,9.0,4.0,16.0,0.0,0.0,2.0,3.0,5.0,0.0,2.0,1.0,0.0,0.0,4.0,0.0,-2.0,17.0,31.2,31.2,56.2,0.0,0.6,0.7,0.0,5.9,8.0,7.0,0.0,1.3,0.0,11.1,20.5,
2479796,17,981229,SPAR GRAN CANARIA,HOME,2230179,A. Garcia San Blas,A. Garcia San Blas,0,3.6,216.0,3.0,0.0,0.0,1.0,2.0,1.0,2.0,0.0,0.0,0.0,0.0,0.0,0.0,2.0,0.0,0.0,0.0,2.0,0.0,-2.0,-2.0,75.0,75.0,100.0,0.0,0.0,1.5,0.0,0.0,0.0,0.0,0.0,0.0,0.0,50.0,46.1,
2479796,17,981229,SPAR GRAN CANARIA,HOME,2621781,F. Thiao,F. Thiao,1,1.8,108.0,0.0,0.0,2.0,0.0,0.0,0.0,2.0,0.0,0.0,1.0,0.0,1.0,0.0,0.0,0.0,0.0,0.0,0.0,0.0,-1.0,-2.0,0.0,0.0,0.0,0.0,0.0,0.0,0.0,60.1,0.0,28.5,0.0,0.0,0.0,0.0,46.1,
2479796,17,981229,SPAR GRAN CANARIA,HOME,2340752,N. Prado Plumed,N. Prado Plumed,0,4.5,272.0,2.0,1.0,1.0,0.0,1.0,1.0,2.0,0.0,0.0,1.0,0.0,1.0,0.0,0.0,0.0,0.0,0.0,0.0,0.0,2.0,-5.0,50.0,50.0,50.0,0.0,2.0,0.0,0.0,24.0,0.0,11.4,0.0,0.0,0.0,0.0,18.4,
2479796,17,981229,SPAR GRAN CANARIA,HOME,2494285,A. Mbengue Sánchez,A. Mbengue Sánchez,1,40.0,2400.0,27.0,11.0,16.0,0.0,0.0,11.0,16.0,5.0,5.0,4.0,4.0,8.0,3.0,1.0,0.0,0.0,0.0,2.0,5.0,35.0,15.0,74.2,68.8,0.0,31.2,1.4,0.0,1.0,10.8,9.8,10.3,15.8,0.0,0.0,5.2,19.9,
2479796,17,981229,SPAR GRAN CANARIA,HOME,2251955,M. Ocurto Mendes,M. Ocurto Mendes,1,40.0,2400.0,15.0,2.0,5.0,3.0,10.0,5.0,15.0,2.0,2.0,0.0,5.0,5.0,3.0,4.0,1.0,0.0,0.0,3.0,2.0,9.0,15.0,47.2,43.3,66.7,13.3,0.8,0.9,1.0,0.0,12.2,6.4,12.0,1.2,0.0,20.1,20.6,
2479796,17,981229,SPAR GRAN CANARIA,HOME,2292843,M. Rodríguez Sánchez,M. Rodríguez Sánchez,0,33.7,2020.0,14.0,3.0,5.0,2.0,5.0,5.0,10.0,2.0,5.0,2.0,6.0,8.0,1.0,3.0,3.0,0.0,0.0,5.0,2.0,12.0,22.0,57.4,60.0,50.0,50.0,1.2,1.2,2.5,6.4,17.4,12.2,5.3,4.2,0.0,19.7,18.7,
2479796,17,981229,SPAR GRAN CANARIA,HOME,2352279,T. Ezeanatogu Ezeonu,T. Ezeanatogu Ezeonu,1,40.0,2400.0,10.0,3.0,8.0,0.0,1.0,3.0,9.0,4.0,5.0,8.0,7.0,15.0,9.0,5.0,1.0,4.0,0.0,4.0,4.0,27.0,15.0,44.6,33.3,11.1,55.6,0.8,0.0,1.2,21.6,17.1,19.2,33.3,1.2,7.5,30.9,16.8,
2479796,17,982048,EL PLANTEL GMASB,AWAY,2819272,D. Ryzinska,D. Ryzinska,1,20.9,1256.0,2.0,1.0,5.0,0.0,0.0,1.0,5.0,0.0,0.0,1.0,2.0,3.0,0.0,2.0,1.0,0.0,2.0,0.0,0.0,0.0,-13.0,20.0,20.0,0.0,0.0,0.4,0.0,0.0,4.7,10.3,7.4,0.0,2.4,0.0,28.6,13.2,
2479796,17,982048,EL PLANTEL GMASB,AWAY,2124275,C. Villanueva Lazaro,C. Villanueva Lazaro,1,31.8,1908.0,15.0,2.0,5.0,1.0,4.0,3.0,9.0,8.0,12.0,0.0,2.0,2.0,3.0,3.0,2.0,0.0,0.0,3.0,9.0,15.0,-5.0,52.5,38.9,44.4,133.3,0.8,0.8,1.3,0.0,6.8,3.2,19.5,3.2,0.0,17.4,21.4,
2479796,17,982048,EL PLANTEL GMASB,AWAY,1974272,R. Revueltas Pareja,R. Revueltas Pareja,1,23.0,1382.0,18.0,7.0,7.0,1.0,6.0,8.0,13.0,1.0,3.0,0.0,4.0,4.0,1.0,2.0,2.0,0.0,0.0,3.0,3.0,16.0,-2.0,62.8,65.4,46.2,23.1,2.0,0.5,1.0,0.0,18.8,8.9,17.2,4.4,0.0,12.3,27.9,
2479796,17,982048,EL PLANTEL GMASB,AWAY,2819274,O. Schlegl,O. Schlegl,0,12.2,735.0,0.0,0.0,2.0,0.0,3.0,0.0,5.0,0.0,0.0,3.0,2.0,5.0,1.0,2.0,0.0,0.0,0.0,2.0,0.0,-3.0,-8.0,0.0,0.0,60.0,0.0,0.0,0.0,0.0,24.0,17.7,21.0,14.5,0.0,0.0,28.6,22.6,
2479796,17,982048,EL PLANTEL GMASB,AWAY,2232865,M. Sanchez Valenzuela,M. Sanchez Valenzuela,1,35.0,2099.0,7.0,2.0,8.0,1.0,6.0,3.0,14.0,0.0,0.0,1.0,1.0,2.0,3.0,1.0,1.0,0.0,1.0,2.0,0.0,-1.0,-17.0,25.0,25.0,42.9,0.0,0.5,0.5,0.0,2.8,3.1,2.9,16.9,1.5,0.0,6.7,16.9,
2479796,17,982048,EL PLANTEL GMASB,AWAY,1111828,L. Fernandez Fiel,L. Fernandez Fiel,0,30.1,1809.0,5.0,1.0,7.0,0.0,3.0,1.0,10.0,3.0,3.0,2.0,2.0,4.0,3.0,3.0,2.0,0.0,0.0,2.0,3.0,3.0,-9.0,22.1,10.0,30.0,30.0,0.3,0.0,1.0,6.5,7.2,6.8,17.2,3.4,0.0,20.9,18.7,
2479796,17,982048,EL PLANTEL GMASB,AWAY,2112760,M. Diaz Torres,M. Diaz Torres,0,6.8,411.0,0.0,0.0,1.0,0.0,0.0,0.0,1.0,0.0,0.0,0.0,0.0,0.0,0.0,2.0,0.0,0.0,0.0,1.0,0.0,-4.0,-5.0,0.0,0.0,0.0,0.0,0.0,0.0,0.0,0.0,0.0,0.0,0.0,0.0,0.0,66.7,17.4,
2479796,17,982048,EL PLANTEL GMASB,AWAY,2364455,T. Sene,T. Sene,0,4.2,252.0,0.0,0.0,0.0,0.0,0.0,0.0,0.0,0.0,0.0,0.0,0.0,0.0,1.0,0.0,0.0,0.0,0.0,1.0,0.0,0.0,-10.0,0.0,0.0,0.0,0.0,0.0,0.0,0.0,0.0,0.0,0.0,43.5,0.0,0.0,0.0,0.0,
2479796,17,982048,EL PLANTEL GMASB,AWAY,2746773,O. Betancourt Labrador,O. Betancourt Labrador,1,35.8,2148.0,19.0,7.0,18.0,0.0,1.0,7.0,19.0,5.0,6.0,9.0,6.0,15.0,0.0,0.0,1.0,0.0,1.0,0.0,5.0,27.0,-6.0,43.9,36.8,5.3,31.6,0.8,0.0,1.2,24.5,18.1,21.5,0.0,1.4,0.0,0.0,23.8,
2479797,17,979778,MAGEC TÍAS LANZAROTE CONTRA LA VIOLENCIA DE GÉNERO,HOME,2178381,E. Lozano Sosa,E. Lozano Sosa,0,4.9,293.0,0.0,0.0,0.0,0.0,0.0,0.0,0.0,0.0,0.0,0.0,0.0,0.0,1.0,0.0,0.0,0.0,0.0,0.0,1.0,2.0,-2.0,0.0,0.0,0.0,0.0,0.0,0.0,0.0,0.0,0.0,0.0,55.6,0.0,0.0,0.0,0.0,
2479797,17,979778,MAGEC TÍAS LANZAROTE CONTRA LA VIOLENCIA DE GÉNERO,HOME,1100445,Y. Garcia Gonzalez,Y. Garcia Gonzalez,1,37.5,2247.0,14.0,5.0,18.0,0.0,0.0,5.0,18.0,4.0,8.0,2.0,13.0,15.0,2.0,5.0,0.0,1.0,0.0,3.0,5.0,12.0,-11.0,32.5,27.8,0.0,44.4,0.6,0.0,1.6,5.2,29.5,18.2,17.9,0.0,2.2,18.9,33.2,
2479797,17,979778,MAGEC TÍAS LANZAROTE CONTRA LA VIOLENCIA DE GÉNERO,HOME,1450205,A. Rodriguez Guerra,A. Rodriguez Guerra,0,3.1,186.0,0.0,0.0,0.0,0.0,0.0,0.0,0.0,0.0,0.0,0.0,0.0,0.0,0.0,0.0,0.0,0.0,0.0,0.0,0.0,0.0,0.0,0.0,0.0,0.0,0.0,0.0,0.0,0.0,0.0,0.0,0.0,0.0,0.0,0.0,0.0,0.0,
2479797,17,979778,MAGEC TÍAS LANZAROTE CONTRA LA VIOLENCIA DE GÉNERO,HOME,1995747,S. Hisado Santos,S. Hisado Santos,1,18.6,1115.0,2.0,1.0,1.0,0.0,0.0,1.0,1.0,0.0,0.0,0.0,2.0,2.0,2.0,1.0,1.0,0.0,0.0,0.0,0.0,6.0,-2.0,100.0,100.0,0.0,0.0,2.0,0.0,0.0,0.0,9.2,4.9,25.0,2.8,0.0,50.0,5.1,
2479797,17,979778,MAGEC TÍAS LANZAROTE CONTRA LA VIOLENCIA DE GÉNERO,HOME,1695414,C. Mateo Cañada,C. Mateo Cañada,1,25.0,1500.0,9.0,4.0,9.0,0.0,4.0,4.0,13.0,1.0,1.0,2.0,5.0,7.0,1.0,1.0,0.0,0.0,0.0,3.0,2.0,6.0,-16.0,33.5,30.8,30.8,7.7,0.9,0.0,0.5,7.8,17.0,12.7,14.7,0.0,0.0,6.9,27.1,
2479797,17,979778,MAGEC TÍAS LANZAROTE CONTRA LA VIOLENCIA DE GÉNERO,HOME,2824664,B. Snorradottir,B. Snorradottir,0,23.8,1426.0,7.0,0.0,4.0,1.0,2.0,1.0,6.0,4.0,4.0,1.0,2.0,3.0,0.0,1.0,1.0,0.0,0.0,1.0,4.0,8.0,2.0,45.1,25.0,33.3,66.7,0.0,1.5,1.0,4.1,7.2,5.7,0.0,2.2,0.0,11.4,17.3,
2479797,17,979778,MAGEC TÍAS LANZAROTE CONTRA LA VIOLENCIA DE GÉNERO,HOME,2524794,M. Marinho Junqueira,M. Marinho Junqueira,1,22.7,1361.0,8.0,2.0,5.0,0.0,6.0,2.0,11.0,4.0,6.0,1.0,4.0,5.0,2.0,3.0,1.0,0.0,0.0,1.0,3.0,4.0,-14.0,29.3,18.2,54.5,54.5,0.8,0.0,2.0,4.3,15.0,10.0,22.7,2.3,0.0,18.0,34.4,
2479797,17,979778,MAGEC TÍAS LANZAROTE CONTRA LA VIOLENCIA DE GÉNERO,HOME,2379074,N. Zabala Gabilondo,N. Zabala Gabilondo,1,36.0,2159.0,5.0,2.0,5.0,0.0,2.0,2.0,7.0,1.0,2.0,0.0,4.0,4.0,4.0,1.0,0.0,0.0,0.0,1.0,3.0,8.0,-18.0,31.7,28.6,28.6,28.6,0.8,0.0,0.7,0.0,9.5,5.1,28.2,0.0,0.0,11.3,11.6,
2479797,17,979778,MAGEC TÍAS LANZAROTE CONTRA LA VIOLENCIA DE GÉNERO,HOME,1681307,E. Iranzo Gutierrez,E. Iranzo Gutierrez,0,28.6,1713.0,9.0,1.0,2.0,2.0,4.0,3.0,6.0,1.0,2.0,0.0,2.0,2.0,1.0,1.0,2.0,0.0,0.0,2.0,6.0,13.0,-4.0,65.4,66.7,66.7,33.3,1.0,1.5,0.3,0.0,6.0,3.2,10.4,3.6,0.0,12.7,12.9,
2479797,17,981167,SEGLE XXI,AWAY,2153172,M. Cintas Diaz,M. Cintas Diaz,1,21.9,1313.0,7.0,1.0,4.0,1.0,3.0,2.0,7.0,2.0,2.0,0.0,0.0,0.0,2.0,0.0,4.0,0.0,0.0,3.0,3.0,8.0,21.0,44.4,35.7,42.9,28.6,0.5,1.0,0.7,0.0,0.0,0.0,17.4,9.2,0.0,0.0,15.5,
2479797,17,981167,SEGLE XXI,AWAY,2289362,D. Garcia Dominguez,D. Garcia Dominguez,0,25.1,1507.0,9.0,4.0,9.0,0.0,4.0,4.0,13.0,1.0,1.0,1.0,4.0,5.0,4.0,0.0,1.0,0.0,0.0,3.0,1.0,8.0,-1.0,33.5,30.8,30.8,7.7,0.9,0.0,1.0,3.4,15.5,9.1,32.8,2.0,0.0,0.0,23.0,
2479797,17,981167,SEGLE XXI,AWAY,2320695,A. Plans Bellavista,A. Plans Bellavista,0,13.9,835.0,0.0,0.0,1.0,0.0,1.0,0.0,2.0,0.0,0.0,1.0,1.0,2.0,1.0,0.0,0.0,0.0,0.0,3.0,0.0,-2.0,-7.0,0.0,0.0,50.0,0.0,0.0,0.0,0.0,6.1,7.0,6.5,12.3,0.0,0.0,0.0,6.2,
2479797,17,981167,SEGLE XXI,AWAY,2448425,N. Cordón Elizarán,N. Cordón Elizarán,0,5.7,341.0,0.0,0.0,0.0,0.0,0.0,0.0,0.0,0.0,0.0,0.0,4.0,4.0,1.0,0.0,0.0,0.0,0.0,1.0,0.0,4.0,7.0,0.0,0.0,0.0,0.0,0.0,0.0,0.0,0.0,68.5,31.9,37.0,0.0,0.0,0.0,0.0,
2479797,17,981167,SEGLE XXI,AWAY,2528757,I. Garcia Fernandez,I. Garcia Fernandez,1,17.4,1047.0,2.0,1.0,4.0,0.0,2.0,1.0,6.0,0.0,0.0,4.0,3.0,7.0,1.0,1.0,0.0,0.0,0.0,3.0,0.0,1.0,6.0,16.7,16.7,33.3,0.0,0.5,0.0,0.0,19.6,16.8,18.3,10.2,0.0,0.0,14.3,17.3,
2479797,17,981167,SEGLE XXI,AWAY,2244483,S. Nde Akawung,S. Nde Akawung,1,31.1,1863.0,10.0,4.0,7.0,0.0,3.0,4.0,10.0,2.0,2.0,3.0,9.0,12.0,3.0,2.0,1.0,0.0,0.0,2.0,4.0,20.0,14.0,46.0,40.0,30.0,20.0,1.1,0.0,0.5,8.2,28.2,17.5,17.0,1.6,0.0,15.5,17.8,
2479797,17,981167,SEGLE XXI,AWAY,2196865,M. Carbó Medina,M. Carbó Medina,0,16.1,964.0,7.0,2.0,5.0,1.0,3.0,3.0,8.0,0.0,2.0,1.0,0.0,1.0,1.0,3.0,2.0,0.0,0.0,4.0,1.0,-2.0,0.0,39.4,43.8,37.5,25.0,0.8,1.0,2.0,5.3,0.0,2.8,12.8,6.3,0.0,25.3,31.7,
2479797,17,981167,SEGLE XXI,AWAY,2639399,S. Okafor Ofoegbu,S. Okafor Ofoegbu,1,26.4,1584.0,16.0,5.0,8.0,2.0,8.0,7.0,16.0,0.0,0.0,3.0,7.0,10.0,2.0,1.0,0.0,0.0,1.0,1.0,1.0,18.0,16.0,50.0,50.0,50.0,0.0,1.2,0.8,0.0,9.7,25.9,17.2,16.8,0.0,0.0,5.9,27.7,
2479797,17,981167,SEGLE XXI,AWAY,2454402,S. Fernandez De Cuevas Martinez,S. Fernandez De Cuevas Martinez,1,16.2,973.0,11.0,1.0,5.0,3.0,5.0,4.0,10.0,0.0,0.0,2.0,2.0,4.0,0.0,0.0,0.0,0.0,0.0,3.0,0.0,6.0,12.0,55.0,55.0,50.0,0.0,0.4,1.8,0.0,10.5,12.0,11.2,0.0,0.0,0.0,0.0,26.5,
2479797,17,981167,SEGLE XXI,AWAY,2229661,B. Asensio Senosiáin,B. Asensio Senosiáin,0,8.9,537.0,3.0,0.0,1.0,1.0,2.0,1.0,3.0,0.0,0.0,0.0,1.0,1.0,0.0,2.0,1.0,0.0,0.0,1.0,1.0,1.0,-1.0,50.0,50.0,66.7,0.0,0.0,1.5,0.0,0.0,11.0,5.1,0.0,5.7,0.0,40.0,24.1,
2479797,17,981167,SEGLE XXI,AWAY,2461439,A. Smykovskaia,A. Smykovskaia,0,17.3,1036.0,2.0,1.0,5.0,0.0,0.0,1.0,5.0,0.0,0.0,0.0,4.0,4.0,1.0,1.0,0.0,0.0,0.0,0.0,0.0,2.0,-2.0,20.0,20.0,0.0,0.0,0.4,0.0,0.0,0.0,22.6,10.5,10.2,0.0,0.0,16.7,14.9,
2479798,17,981209,CB CLARET BENIMACLET,HOME,1886112,S. Afonso Gonzalez,S. Afonso Gonzalez,1,26.1,1568.0,8.0,1.0,4.0,2.0,6.0,3.0,10.0,0.0,0.0,1.0,1.0,2.0,4.0,4.0,4.0,0.0,0.0,1.0,1.0,7.0,21.0,40.0,40.0,60.0,0.0,0.5,1.0,0.0,4.8,3.7,4.2,34.2,8.6,0.0,28.6,27.3,
2479798,17,981209,CB CLARET BENIMACLET,HOME,2209715,J. Sarrio Asensio,J. Sarrio Asensio,0,22.0,1322.0,6.0,0.0,0.0,2.0,3.0,2.0,3.0,0.0,0.0,0.0,1.0,1.0,2.0,3.0,0.0,0.0,0.0,4.0,2.0,3.0,6.0,100.0,100.0,100.0,0.0,0.0,2.0,0.0,0.0,4.4,2.5,18.9,0.0,0.0,50.0,13.9,
2479798,17,981209,CB CLARET BENIMACLET,HOME,1853228,J. Rochina Troncoso,J. Rochina Troncoso,1,26.6,1597.0,12.0,3.0,3.0,2.0,5.0,5.0,8.0,0.0,0.0,0.0,2.0,2.0,4.0,0.0,4.0,0.0,0.0,3.0,1.0,17.0,18.0,75.0,75.0,62.5,0.0,2.0,1.2,0.0,0.0,7.3,4.1,41.2,8.4,0.0,0.0,15.3,
2479798,17,981209,CB CLARET BENIMACLET,HOME,1840053,P. Garcia Garcia,P. Garcia Garcia,1,16.3,980.0,5.0,1.0,3.0,0.0,1.0,1.0,4.0,3.0,4.0,1.0,3.0,4.0,1.0,1.0,0.0,2.0,0.0,2.0,5.0,10.0,15.0,43.4,25.0,25.0,100.0,0.7,0.0,0.8,7.7,18.0,13.4,13.5,0.0,12.0,14.8,21.1,
2479798,17,981209,CB CLARET BENIMACLET,HOME,2281500,L. Liern Ruiz,L. Liern Ruiz,0,15.4,922.0,0.0,0.0,1.0,0.0,2.0,0.0,3.0,0.0,0.0,0.0,2.0,2.0,0.0,1.0,0.0,0.0,0.0,1.0,0.0,-3.0,-4.0,0.0,0.0,66.7,0.0,0.0,0.0,0.0,0.0,12.7,7.1,0.0,0.0,0.0,25.0,13.2,
2479798,17,981209,CB CLARET BENIMACLET,HOME,1767443,M. Cuellar Bayarri,M. Cuellar Bayarri,1,18.4,1102.0,9.0,3.0,8.0,0.0,0.0,3.0,8.0,3.0,3.0,1.0,5.0,6.0,0.0,1.0,1.0,2.0,1.0,3.0,2.0,11.0,17.0,48.3,37.5,0.0,37.5,0.8,0.0,1.5,6.8,26.5,17.9,0.0,3.0,10.6,9.7,28.5,
2479798,17,981209,CB CLARET BENIMACLET,HOME,1984467,G. Lopez Cuesta,G. Lopez Cuesta,0,21.6,1298.0,5.0,2.0,6.0,0.0,0.0,2.0,6.0,1.0,4.0,2.0,7.0,9.0,0.0,1.0,0.0,0.0,0.0,4.0,4.0,6.0,2.0,32.2,33.3,0.0,66.7,0.7,0.0,1.0,11.6,31.6,22.8,0.0,0.0,0.0,11.4,20.6,
2479798,17,981209,CB CLARET BENIMACLET,HOME,1994256,T. Toledo Navarro,T. Toledo Navarro,0,17.6,1058.0,4.0,0.0,1.0,1.0,3.0,1.0,4.0,1.0,2.0,1.0,2.0,3.0,2.0,3.0,1.0,0.0,0.0,3.0,1.0,1.0,-2.0,41.0,37.5,75.0,50.0,0.0,1.0,2.0,7.1,11.1,9.3,27.0,3.2,0.0,38.1,22.8,
2479798,17,981209,CB CLARET BENIMACLET,HOME,1749591,I. Garrido Perez,I. Garrido Perez,1,27.0,1618.0,9.0,3.0,5.0,1.0,5.0,4.0,10.0,0.0,0.0,0.0,5.0,5.0,3.0,1.0,1.0,0.0,1.0,1.0,0.0,10.0,24.0,45.0,45.0,50.0,0.0,1.2,0.6,0.0,0.0,18.1,10.1,28.0,2.1,0.0,9.1,20.7,
2479798,17,981209,CB CLARET BENIMACLET,HOME,2009630,M. Lafuente Royo,M. Lafuente Royo,0,8.9,535.0,0.0,0.0,1.0,0.0,1.0,0.0,2.0,0.0,0.0,0.0,2.0,2.0,0.0,0.0,0.0,0.0,0.0,1.0,0.0,-1.0,-2.0,0.0,0.0,50.0,0.0,0.0,0.0,0.0,0.0,21.9,12.3,0.0,0.0,0.0,0.0,11.4,
2479798,17,979775,BASKET ALMEDA,AWAY,1929994,M. Garcia Menéndez,M. Garcia Menéndez,0,26.1,1569.0,8.0,1.0,3.0,1.0,4.0,2.0,7.0,3.0,4.0,0.0,6.0,6.0,2.0,2.0,2.0,0.0,0.0,2.0,3.0,11.0,-3.0,45.7,35.7,57.1,57.1,0.7,0.8,1.3,0.0,28.7,12.6,28.2,4.2,0.0,18.6,20.0,
2479798,17,979775,BASKET ALMEDA,AWAY,1893303,L. Tierno Martí,L. Tierno Martí,1,26.5,1589.0,4.0,1.0,5.0,0.0,1.0,1.0,6.0,2.0,5.0,2.0,2.0,4.0,0.0,1.0,1.0,0.0,1.0,0.0,4.0,4.0,-3.0,24.4,16.7,16.7,83.3,0.4,0.0,1.2,7.4,9.4,8.3,0.0,2.1,0.0,10.9,16.8,
2479798,17,979775,BASKET ALMEDA,AWAY,1398197,C. Tapia Palacio,C. Tapia Palacio,1,24.2,1455.0,3.0,1.0,3.0,0.0,2.0,1.0,5.0,1.0,1.0,0.0,3.0,3.0,1.0,6.0,1.0,0.0,1.0,1.0,2.0,-1.0,-21.0,27.6,20.0,40.0,20.0,0.7,0.0,0.5,0.0,15.5,6.8,14.7,2.3,0.0,52.4,22.9,
2479798,17,979775,BASKET ALMEDA,AWAY,2157230,L. Jove Fuste,L. Jove Fuste,0,19.5,1169.0,11.0,4.0,9.0,1.0,3.0,5.0,12.0,0.0,0.0,2.0,1.0,3.0,0.0,2.0,0.0,0.0,1.0,5.0,1.0,1.0,-11.0,45.8,45.8,25.0,0.0,0.9,1.0,0.0,10.0,6.4,8.4,0.0,0.0,0.0,14.3,34.8,
2479798,17,979775,BASKET ALMEDA,AWAY,2256492,M. Ibáñez Granero,M. Ibáñez Granero,0,11.1,667.0,0.0,0.0,0.0,0.0,1.0,0.0,1.0,0.0,2.0,1.0,0.0,1.0,0.0,0.0,0.0,0.0,0.0,0.0,2.0,0.0,-1.0,0.0,0.0,100.0,200.0,0.0,0.0,1.0,8.8,0.0,4.9,0.0,0.0,0.0,0.0,8.2,
2479798,17,979775,BASKET ALMEDA,AWAY,2053836,C. Moreno Mengibar,C. Moreno Mengibar,1,18.3,1097.0,5.0,2.0,4.0,0.0,0.0,2.0,4.0,1.0,2.0,1.0,2.0,3.0,0.0,0.0,0.0,0.0,0.0,2.0,2.0,5.0,-12.0,51.2,50.0,0.0,50.0,1.0,0.0,1.0,5.3,13.7,9.0,0.0,0.0,0.0,0.0,12.9,
2479798,17,979775,BASKET ALMEDA,AWAY,2054903,A. Cojocariu,A. Cojocariu,1,28.9,1734.0,4.0,1.0,7.0,0.0,3.0,1.0,10.0,2.0,4.0,3.0,7.0,10.0,4.0,3.0,4.0,0.0,0.0,3.0,4.0,9.0,-10.0,17.0,10.0,30.0,40.0,0.3,0.0,1.0,10.1,30.3,19.0,49.4,7.6,0.0,20.3,24.7,
2479798,17,979775,BASKET ALMEDA,AWAY,2147731,D. Peris Fons,D. Peris Fons,0,21.7,1303.0,4.0,1.0,6.0,0.0,0.0,1.0,6.0,2.0,4.0,1.0,3.0,4.0,1.0,0.0,0.0,2.0,0.0,1.0,3.0,6.0,-7.0,25.8,16.7,0.0,66.7,0.3,0.0,1.3,4.5,17.3,10.1,18.2,0.0,11.5,0.0,17.3,
2479798,17,979775,BASKET ALMEDA,AWAY,2440587,M. Coll-Vinent Olle,M. Coll-Vinent Olle,1,23.6,1417.0,0.0,0.0,4.0,0.0,1.0,0.0,5.0,0.0,2.0,1.0,2.0,3.0,0.0,2.0,0.0,0.0,1.0,2.0,1.0,-7.0,-27.0,0.0,0.0,20.0,40.0,0.0,0.0,2.0,4.1,10.6,7.0,0.0,0.0,0.0,25.4,16.2,
2479799,17,980023,GEIEG PACISA,HOME,1949920,J. Pairo Urtos,J. Pairo Urtos,0,20.4,1226.0,11.0,1.0,1.0,3.0,5.0,4.0,6.0,0.0,0.0,0.0,1.0,1.0,1.0,0.0,3.0,0.0,0.0,3.0,2.0,13.0,16.0,91.7,91.7,83.3,0.0,2.0,1.8,0.0,0.0,6.1,2.9,10.0,7.7,0.0,0.0,12.7,
2479799,17,980023,GEIEG PACISA,HOME,1917788,M. Carbo Cachinero,M. Carbo Cachinero,0,12.9,775.0,3.0,0.0,2.0,1.0,2.0,1.0,4.0,0.0,0.0,0.0,2.0,2.0,0.0,2.0,3.0,0.0,0.0,1.0,0.0,2.0,12.0,37.5,37.5,50.0,0.0,0.0,1.5,0.0,0.0,19.4,9.3,0.0,12.2,0.0,33.3,20.1,
2479799,17,980023,GEIEG PACISA,HOME,1944150,M. Melero Bravo,M. Melero Bravo,1,24.0,1439.0,9.0,2.0,6.0,0.0,1.0,2.0,7.0,5.0,10.0,1.0,3.0,4.0,5.0,4.0,3.0,0.0,0.0,3.0,8.0,12.0,12.0,39.5,28.6,14.3,142.9,0.7,0.0,1.2,4.8,15.6,10.0,33.8,6.6,0.0,26.0,27.8,
2479799,17,980023,GEIEG PACISA,HOME,1748049,N. Bagaria Rovira,N. Bagaria Rovira,0,17.2,1030.0,3.0,0.0,1.0,1.0,2.0,1.0,3.0,0.0,0.0,0.0,1.0,1.0,0.0,0.0,0.0,0.0,0.0,0.0,1.0,3.0,12.0,50.0,50.0,66.7,0.0,0.0,1.5,0.0,0.0,7.3,3.5,0.0,0.0,0.0,0.0,7.6,
2479799,17,980023,GEIEG PACISA,HOME,1667386,C. Morente Lopez,C. Morente Lopez,1,18.0,1082.0,10.0,5.0,6.0,0.0,2.0,5.0,8.0,0.0,0.0,2.0,1.0,3.0,0.0,0.0,1.0,0.0,0.0,0.0,1.0,12.0,3.0,62.5,62.5,25.0,0.0,1.7,0.0,0.0,12.7,6.9,10.0,0.0,2.9,0.0,0.0,19.2,
2479799,17,980023,GEIEG PACISA,HOME,1968963,A. Talasimov,A. Talasimov,1,23.9,1436.0,4.0,2.0,10.0,0.0,1.0,2.0,11.0,0.0,2.0,2.0,3.0,5.0,1.0,0.0,1.0,0.0,3.0,1.0,3.0,2.0,10.0,16.8,18.2,9.1,18.2,0.4,0.0,0.7,9.6,15.7,12.5,6.8,2.2,0.0,0.0,21.5,
2479799,17,980023,GEIEG PACISA,HOME,1567998,V. Gonzalez Olaizola,V. Gonzalez Olaizola,0,22.4,1344.0,12.0,6.0,12.0,0.0,0.0,6.0,12.0,0.0,1.0,2.0,5.0,7.0,3.0,2.0,2.0,0.0,0.0,3.0,3.0,15.0,12.0,48.2,50.0,0.0,8.3,1.0,0.0,0.3,10.2,27.9,18.7,27.8,4.7,0.0,13.9,27.9,
2479799,17,980023,GEIEG PACISA,HOME,1666109,A. Coma Perpiña,A. Coma Perpiña,1,21.6,1294.0,7.0,2.0,5.0,0.0,1.0,2.0,6.0,3.0,4.0,2.0,1.0,3.0,3.0,1.0,4.0,0.0,0.0,2.0,2.0,11.0,13.0,45.1,33.3,16.7,66.7,0.8,0.0,2.0,10.6,5.8,8.3,25.0,9.7,0.0,11.4,17.6,
2479799,17,980023,GEIEG PACISA,HOME,1926754,J. Fernandez Pinsach,J. Fernandez Pinsach,1,17.6,1056.0,3.0,1.0,5.0,0.0,0.0,1.0,5.0,1.0,2.0,3.0,5.0,8.0,0.0,2.0,2.0,0.0,1.0,1.0,1.0,6.0,9.0,25.5,20.0,0.0,40.0,0.4,0.0,2.0,19.5,35.5,27.1,0.0,6.0,0.0,25.4,19.4,
2479799,17,980023,GEIEG PACISA,HOME,2239082,N. Mitjanas Costa,N. Mitjanas Costa,0,16.1,964.0,8.0,4.0,6.0,0.0,0.0,4.0,6.0,0.0,0.0,1.0,5.0,6.0,1.0,2.0,0.0,0.0,0.0,2.0,0.0,9.0,11.0,66.7,66.7,0.0,0.0,1.3,0.0,0.0,7.1,38.8,22.2,13.9,0.0,0.0,25.0,21.5,
2479799,17,980023,GEIEG PACISA,HOME,2059054,A. Riera Buil,A. Riera Buil,0,5.9,354.0,0.0,0.0,1.0,0.0,2.0,0.0,3.0,0.0,0.0,0.0,0.0,0.0,0.0,0.0,0.0,0.0,0.0,0.0,0.0,-3.0,-5.0,0.0,0.0,66.7,0.0,0.0,0.0,0.0,0.0,0.0,0.0,0.0,0.0,0.0,0.0,22.0,
2479799,17,981212,ELSAMEX CB ANDRATX,AWAY,2553411,N. Jeng,N. Jeng,0,13.9,832.0,2.0,0.0,3.0,0.0,0.0,0.0,3.0,2.0,4.0,0.0,3.0,3.0,1.0,1.0,0.0,0.0,0.0,2.0,2.0,0.0,-3.0,21.0,0.0,0.0,133.3,0.0,0.0,2.0,0.0,24.7,12.9,17.5,0.0,0.0,17.4,20.4,
2479799,17,981212,ELSAMEX CB ANDRATX,AWAY,1461086,P. Comella Pons,P. Comella Pons,1,29.3,1760.0,10.0,0.0,5.0,3.0,4.0,3.0,9.0,1.0,2.0,0.0,4.0,4.0,0.0,5.0,1.0,0.0,0.0,2.0,4.0,5.0,-20.0,50.6,50.0,44.4,22.2,0.0,2.2,0.5,0.0,15.6,8.2,0.0,1.7,0.0,33.6,25.1,
2479799,17,981212,ELSAMEX CB ANDRATX,AWAY,2036170,A. Peregrina Garcia,A. Peregrina Garcia,1,36.9,2214.0,13.0,2.0,4.0,3.0,5.0,5.0,9.0,0.0,0.0,0.0,4.0,4.0,2.0,7.0,3.0,1.0,0.0,3.0,5.0,14.0,-21.0,72.2,72.2,55.6,0.0,1.0,1.8,0.0,0.0,12.4,6.5,16.5,4.1,2.0,43.8,21.4,
2479799,17,981212,ELSAMEX CB ANDRATX,AWAY,1762758,P. Charro Och,P. Charro Och,1,6.8,409.0,2.0,1.0,4.0,0.0,0.0,1.0,4.0,0.0,0.0,0.0,1.0,1.0,1.0,3.0,0.0,0.0,0.0,1.0,1.0,-2.0,-10.0,25.0,25.0,0.0,0.0,0.5,0.0,0.0,0.0,16.8,8.8,35.7,0.0,0.0,42.9,50.8,
2479799,17,981212,ELSAMEX CB ANDRATX,AWAY,1579078,H. Condom Rosell,H. Condom Rosell,1,16.3,976.0,0.0,0.0,4.0,0.0,0.0,0.0,4.0,0.0,0.0,0.0,2.0,2.0,2.0,0.0,0.0,1.0,0.0,1.0,0.0,0.0,-8.0,0.0,0.0,0.0,0.0,0.0,0.0,0.0,0.0,14.0,7.3,26.3,0.0,4.5,0.0,12.1,
2479799,17,981212,ELSAMEX CB ANDRATX,AWAY,2148958,M. López Martí,M. López Martí,0,23.9,1432.0,7.0,2.0,3.0,1.0,3.0,3.0,6.0,0.0,0.0,2.0,2.0,4.0,2.0,2.0,0.0,0.0,0.0,1.0,0.0,7.0,-14.0,58.3,58.3,50.0,0.0,1.3,1.0,0.0,10.5,9.6,10.0,23.8,0.0,0.0,25.0,16.5,
2479799,17,981212,ELSAMEX CB ANDRATX,AWAY,2120195,A. Real Cerda,A. Real Cerda,0,12.9,772.0,2.0,1.0,1.0,0.0,1.0,1.0,2.0,0.0,0.0,1.0,2.0,3.0,1.0,2.0,1.0,0.0,0.0,2.0,2.0,4.0,2.0,50.0,50.0,50.0,0.0,2.0,0.0,0.0,9.7,17.7,13.9,21.3,3.9,0.0,50.0,15.3,
2479799,17,981212,ELSAMEX CB ANDRATX,AWAY,2276474,L. García Rivera,L. García Rivera,0,12.8,767.0,2.0,1.0,2.0,0.0,1.0,1.0,3.0,0.0,0.0,0.0,1.0,1.0,2.0,0.0,0.0,0.0,0.0,1.0,0.0,2.0,-6.0,33.3,33.3,33.3,0.0,1.0,0.0,0.0,0.0,8.9,4.7,42.6,0.0,0.0,0.0,11.6,
2479799,17,981212,ELSAMEX CB ANDRATX,AWAY,2043611,J. Ballester Manque,J. Ballester Manque,0,27.3,1637.0,6.0,3.0,8.0,0.0,0.0,3.0,8.0,0.0,0.0,1.0,1.0,2.0,0.0,2.0,3.0,1.0,0.0,4.0,0.0,1.0,-16.0,37.5,37.5,0.0,0.0,0.8,0.0,0.0,4.6,4.2,4.4,0.0,5.5,2.7,20.0,18.1,
2479799,17,981212,ELSAMEX CB ANDRATX,AWAY,2294809,P. Sans Cantallops,P. Sans Cantallops,1,20.0,1201.0,5.0,2.0,5.0,0.0,1.0,2.0,6.0,1.0,1.0,1.0,2.0,3.0,0.0,2.0,1.0,1.0,0.0,4.0,2.0,2.0,-9.0,38.8,33.3,16.7,16.7,0.8,0.0,0.5,6.2,11.4,9.0,0.0,2.5,3.6,23.7,20.8,
2479800,17,981286,ESCO GRUPO FEMENINO ALCORCON,HOME,2095287,G. Escorial Ferrero,G. Escorial Ferrero,0,14.0,838.0,2.0,1.0,2.0,0.0,0.0,1.0,2.0,0.0,0.0,4.0,1.0,5.0,1.0,2.0,0.0,2.0,0.0,1.0,3.0,9.0,-6.0,50.0,50.0,0.0,0.0,1.0,0.0,0.0,39.4,7.3,21.0,16.1,0.0,13.6,50.0,13.0,
2479800,17,981286,ESCO GRUPO FEMENINO ALCORCON,HOME,2162538,C. Del Amo Sevillano,C. Del Amo Sevillano,1,27.7,1664.0,17.0,4.0,8.0,2.0,2.0,6.0,10.0,3.0,6.0,1.0,4.0,5.0,3.0,4.0,0.0,0.0,0.0,0.0,3.0,17.0,10.0,67.2,70.0,20.0,60.0,1.0,3.0,2.0,5.0,14.8,10.6,27.8,0.0,0.0,24.0,27.4,
2479800,17,981286,ESCO GRUPO FEMENINO ALCORCON,HOME,2182200,L. Bernardo Perez,L. Bernardo Perez,0,28.8,1726.0,8.0,1.0,3.0,2.0,5.0,3.0,8.0,0.0,0.0,1.0,1.0,2.0,1.0,3.0,3.0,0.0,0.0,2.0,2.0,6.0,18.0,50.0,50.0,62.5,0.0,0.7,1.2,0.0,4.8,3.6,4.1,7.2,5.6,0.0,27.3,17.4,
2479800,17,981286,ESCO GRUPO FEMENINO ALCORCON,HOME,1535457,M. Aranda Fraile,M. Aranda Fraile,1,24.4,1466.0,10.0,1.0,1.0,2.0,3.0,3.0,4.0,2.0,2.0,0.0,2.0,2.0,0.0,3.0,0.0,0.0,0.0,4.0,1.0,5.0,3.0,102.5,100.0,75.0,50.0,2.0,2.0,2.0,0.0,8.4,4.8,0.0,0.0,0.0,38.1,14.7,
2479800,17,981286,ESCO GRUPO FEMENINO ALCORCON,HOME,2822982,Y. Sifaoui Bucero,Y. Sifaoui Bucero,1,15.5,929.0,2.0,1.0,1.0,0.0,0.0,1.0,1.0,0.0,0.0,0.0,3.0,3.0,0.0,0.0,0.0,1.0,0.0,2.0,0.0,4.0,-2.0,100.0,100.0,0.0,0.0,2.0,0.0,0.0,0.0,19.9,11.4,0.0,0.0,6.1,0.0,2.9,
2479800,17,981286,ESCO GRUPO FEMENINO ALCORCON,HOME,2128123,N. Ipo Seriche-Dougan,N. Ipo Seriche-Dougan,1,37.9,2272.0,13.0,3.0,8.0,1.0,4.0,4.0,12.0,4.0,4.0,4.0,7.0,11.0,6.0,8.0,0.0,0.0,1.0,2.0,3.0,15.0,11.0,47.2,37.5,33.3,33.3,0.8,0.8,1.3,14.6,18.9,17.1,34.1,0.0,0.0,36.8,26.2,
2479800,17,981286,ESCO GRUPO FEMENINO ALCORCON,HOME,2164976,A. Martínez Mora,A. Martínez Mora,1,13.0,782.0,5.0,1.0,2.0,1.0,1.0,2.0,3.0,0.0,0.0,1.0,0.0,1.0,1.0,1.0,0.0,0.0,0.0,2.0,1.0,4.0,-7.0,83.3,83.3,33.3,0.0,1.0,3.0,0.0,10.6,0.0,4.5,19.2,0.0,0.0,25.0,14.0,
2479800,17,981286,ESCO GRUPO FEMENINO ALCORCON,HOME,1869823,D. Miliauskaite,D. Miliauskaite,0,24.5,1471.0,12.0,1.0,7.0,2.0,4.0,3.0,11.0,4.0,8.0,1.0,13.0,14.0,0.0,1.0,1.0,1.0,0.0,2.0,6.0,19.0,11.0,41.3,36.4,36.4,72.7,0.3,1.5,1.3,5.6,54.4,33.6,0.0,2.2,3.9,6.4,28.9,
2479800,17,981286,ESCO GRUPO FEMENINO ALCORCON,HOME,2176383,I. Camiña Rodriguez,I. Camiña Rodriguez,0,14.2,852.0,4.0,1.0,1.0,0.0,4.0,1.0,5.0,2.0,2.0,1.0,1.0,2.0,3.0,0.0,0.0,1.0,0.0,2.0,2.0,6.0,7.0,34.0,20.0,80.0,40.0,2.0,0.0,1.0,9.7,7.2,8.3,34.9,0.0,6.7,0.0,18.9,
2479800,17,981414,HIERROS DÍAZ EXTREMADURA MIRALVALLE,AWAY,1707378,M. Pérez Castro,M. Pérez Castro,1,24.2,1454.0,8.0,1.0,3.0,1.0,4.0,2.0,7.0,3.0,4.0,0.0,2.0,2.0,0.0,1.0,1.0,0.0,0.0,2.0,4.0,6.0,-4.0,45.7,35.7,57.1,57.1,0.7,0.8,1.0,0.0,11.4,4.9,0.0,2.2,0.0,10.2,19.9,
2479800,17,981414,HIERROS DÍAZ EXTREMADURA MIRALVALLE,AWAY,2818302,V. Michel,V. Michel,1,21.9,1312.0,6.0,2.0,5.0,0.0,0.0,2.0,5.0,2.0,2.0,2.0,2.0,4.0,0.0,1.0,0.0,0.0,1.0,2.0,1.0,5.0,-16.0,51.0,40.0,0.0,40.0,0.8,0.0,2.0,9.4,12.6,10.7,0.0,0.0,0.0,14.5,15.5,
2479800,17,981414,HIERROS DÍAZ EXTREMADURA MIRALVALLE,AWAY,2557107,I. Serrano Alvarez,I. Serrano Alvarez,0,22.5,1352.0,9.0,4.0,5.0,0.0,1.0,4.0,6.0,1.0,1.0,2.0,4.0,6.0,1.0,2.0,2.0,0.0,0.0,3.0,2.0,13.0,-1.0,69.9,66.7,16.7,16.7,1.6,0.0,0.5,9.1,24.5,15.7,9.6,4.8,0.0,23.7,18.5,
2479800,17,981414,HIERROS DÍAZ EXTREMADURA MIRALVALLE,AWAY,2734458,L. Navas Castro,L. Navas Castro,0,15.0,899.0,4.0,2.0,4.0,0.0,1.0,2.0,5.0,0.0,0.0,0.0,1.0,1.0,1.0,2.0,1.0,0.0,1.0,2.0,1.0,1.0,-9.0,40.0,40.0,20.0,0.0,1.0,0.0,0.0,0.0,9.2,3.9,13.2,3.6,0.0,28.6,23.0,
2479800,17,981414,HIERROS DÍAZ EXTREMADURA MIRALVALLE,AWAY,1158794,A. Fernandez Oraa,A. Fernandez Oraa,0,9.2,553.0,0.0,0.0,1.0,0.0,0.0,0.0,1.0,0.0,0.0,0.0,0.0,0.0,1.0,0.0,0.0,0.0,0.0,1.0,0.0,-1.0,1.0,0.0,0.0,0.0,0.0,0.0,0.0,0.0,0.0,0.0,0.0,20.8,0.0,0.0,0.0,5.4,
2479800,17,981414,HIERROS DÍAZ EXTREMADURA MIRALVALLE,AWAY,1724925,M. Romero Garrido,M. Romero Garrido,0,21.6,1293.0,7.0,0.0,2.0,2.0,7.0,2.0,9.0,1.0,2.0,1.0,0.0,1.0,3.0,0.0,1.0,0.0,1.0,2.0,3.0,5.0,-6.0,35.4,33.3,77.8,22.2,0.0,0.9,0.7,4.7,0.0,2.7,30.0,2.5,0.0,0.0,22.5,
2479800,17,981414,HIERROS DÍAZ EXTREMADURA MIRALVALLE,AWAY,2566363,P. Laurenson Cheynel,P. Laurenson Cheynel,1,25.0,1501.0,9.0,3.0,7.0,0.0,2.0,3.0,9.0,3.0,3.0,0.0,1.0,1.0,7.0,2.0,0.0,0.0,2.0,2.0,1.0,8.0,0.0,43.6,33.3,22.2,33.3,0.9,0.0,3.0,0.0,5.5,2.4,61.4,0.0,0.0,16.2,24.3,
2479800,17,981414,HIERROS DÍAZ EXTREMADURA MIRALVALLE,AWAY,2845561,S. Brown,S. Brown,1,29.9,1795.0,7.0,2.0,7.0,1.0,3.0,3.0,10.0,0.0,0.0,1.0,2.0,3.0,0.0,1.0,0.0,0.0,0.0,4.0,1.0,-1.0,-5.0,35.0,35.0,30.0,0.0,0.6,1.0,0.0,3.4,9.2,5.9,0.0,0.0,0.0,9.1,18.1,
2479800,17,981414,HIERROS DÍAZ EXTREMADURA MIRALVALLE,AWAY,1529427,C. Lazaro Hernandez,C. Lazaro Hernandez,1,30.7,1841.0,14.0,4.0,8.0,2.0,6.0,6.0,14.0,0.0,2.0,1.0,4.0,5.0,1.0,0.0,4.0,1.0,0.0,3.0,3.0,15.0,-5.0,47.0,50.0,42.9,14.3,1.0,1.0,0.7,3.3,18.0,9.6,7.6,7.0,3.9,0.0,23.9,
2479801,17,981335,CESUR DISTRITO OLIMPICO,HOME,2286837,B. Arranz Albero,B. Arranz Albero,1,17.6,1057.0,9.0,1.0,5.0,1.0,3.0,2.0,8.0,4.0,4.0,1.0,1.0,2.0,1.0,2.0,0.0,0.0,0.0,2.0,2.0,4.0,-1.0,46.1,31.2,37.5,50.0,0.4,1.0,2.0,5.4,5.4,5.4,17.9,0.0,0.0,17.0,28.7,
2479801,17,981335,CESUR DISTRITO OLIMPICO,HOME,1811220,S. Francisco Abos,S. Francisco Abos,0,21.5,1290.0,6.0,2.0,5.0,0.0,3.0,2.0,8.0,2.0,3.0,0.0,5.0,5.0,1.0,4.0,0.0,0.0,0.0,1.0,2.0,2.0,8.0,32.2,25.0,37.5,37.5,0.8,0.0,1.5,0.0,22.1,11.1,13.3,0.0,0.0,30.0,26.6,
2479801,17,981335,CESUR DISTRITO OLIMPICO,HOME,2031383,A. Picos Porras,A. Picos Porras,1,32.9,1974.0,15.0,7.0,11.0,0.0,2.0,7.0,13.0,1.0,4.0,3.0,7.0,10.0,4.0,4.0,0.0,0.0,0.0,2.0,4.0,18.0,7.0,50.8,53.8,15.4,30.8,1.3,0.0,1.0,8.7,20.3,14.5,48.8,0.0,0.0,21.3,24.5,
2479801,17,981335,CESUR DISTRITO OLIMPICO,HOME,1871488,M. Gomez Hernandez,M. Gomez Hernandez,1,26.9,1611.0,11.0,0.0,1.0,2.0,4.0,2.0,5.0,5.0,6.0,1.0,8.0,9.0,2.0,4.0,0.0,0.0,0.0,2.0,5.0,17.0,6.0,72.0,60.0,80.0,120.0,0.0,1.5,1.2,3.5,28.3,15.9,17.7,0.0,0.0,34.4,18.6,
2479801,17,981335,CESUR DISTRITO OLIMPICO,HOME,1676283,B. Sanchez Campillo,B. Sanchez Campillo,0,8.6,513.0,0.0,0.0,3.0,0.0,1.0,0.0,4.0,0.0,0.0,0.0,1.0,1.0,0.0,2.0,0.0,0.0,0.0,0.0,0.0,-5.0,-2.0,0.0,0.0,25.0,0.0,0.0,0.0,0.0,0.0,11.1,5.5,0.0,0.0,0.0,33.3,30.0,
2479801,17,981335,CESUR DISTRITO OLIMPICO,HOME,2035834,M. Martinez Majan,M. Martinez Majan,0,6.3,376.0,0.0,0.0,0.0,0.0,0.0,0.0,0.0,0.0,0.0,2.0,0.0,2.0,0.0,0.0,1.0,0.0,0.0,0.0,0.0,3.0,8.0,0.0,0.0,0.0,0.0,0.0,0.0,0.0,30.2,0.0,15.1,0.0,7.8,0.0,0.0,0.0,
2479801,17,981335,CESUR DISTRITO OLIMPICO,HOME,2226680,J. Masip Lámbarri,J. Masip Lámbarri,0,2.9,174.0,0.0,0.0,0.0,0.0,0.0,0.0,0.0,0.0,0.0,1.0,0.0,1.0,0.0,0.0,0.0,0.0,0.0,1.0,0.0,0.0,-5.0,0.0,0.0,0.0,0.0,0.0,0.0,0.0,32.8,0.0,16.4,0.0,0.0,0.0,0.0,0.0,
2479801,17,981335,CESUR DISTRITO OLIMPICO,HOME,1832824,C. Leal Flores,C. Leal Flores,0,15.5,931.0,6.0,1.0,3.0,1.0,2.0,2.0,5.0,1.0,2.0,2.0,2.0,4.0,0.0,1.0,1.0,0.0,1.0,3.0,2.0,5.0,-2.0,51.0,50.0,40.0,40.0,0.7,1.5,1.0,12.3,12.3,12.3,0.0,3.2,0.0,14.5,19.1,
2479801,17,981335,CESUR DISTRITO OLIMPICO,HOME,1562695,A. González Ramírez,A. González Ramírez,1,21.4,1281.0,0.0,0.0,2.0,0.0,0.0,0.0,2.0,0.0,0.0,3.0,1.0,4.0,1.0,3.0,0.0,1.0,0.0,2.0,1.0,0.0,-11.0,0.0,0.0,0.0,0.0,0.0,0.0,0.0,13.4,4.5,8.9,10.5,0.0,5.1,60.0,10.0,
2479801,17,981335,CESUR DISTRITO OLIMPICO,HOME,2160293,V. Lopez Riaño,V. Lopez Riaño,1,28.5,1708.0,10.0,4.0,14.0,0.0,2.0,4.0,16.0,2.0,4.0,5.0,12.0,17.0,2.0,0.0,1.0,0.0,0.0,2.0,6.0,20.0,6.0,28.2,25.0,12.5,25.0,0.6,0.0,0.7,16.7,40.1,28.4,21.5,1.7,0.0,0.0,26.8,
2479801,17,981335,CESUR DISTRITO OLIMPICO,HOME,1677519,R. Flores Aguado,R. Flores Aguado,0,9.4,567.0,0.0,0.0,0.0,0.0,0.0,0.0,0.0,0.0,0.0,0.0,0.0,0.0,0.0,1.0,0.0,0.0,0.0,0.0,1.0,0.0,1.0,0.0,0.0,0.0,0.0,0.0,0.0,0.0,0.0,0.0,0.0,0.0,0.0,0.0,100.0,4.6,
2479801,17,981335,CESUR DISTRITO OLIMPICO,HOME,2800814,A. Emusi Adeniran,A. Emusi Adeniran,0,8.6,518.0,0.0,0.0,1.0,0.0,0.0,0.0,1.0,0.0,0.0,0.0,3.0,3.0,1.0,0.0,0.0,0.0,0.0,4.0,0.0,-1.0,5.0,0.0,0.0,0.0,0.0,0.0,0.0,0.0,0.0,33.2,16.6,26.3,0.0,0.0,0.0,5.0,
2479801,17,981227,DPES CB CIUDAD DE MOSTOLES,AWAY,2040603,P. Gonzalez Gonzalez,P. Gonzalez Gonzalez,0,24.5,1469.0,8.0,3.0,8.0,0.0,4.0,3.0,12.0,2.0,4.0,0.0,0.0,0.0,0.0,3.0,0.0,0.0,0.0,2.0,3.0,-5.0,-7.0,29.1,25.0,33.3,33.3,0.8,0.0,1.3,0.0,0.0,0.0,0.0,0.0,0.0,17.9,32.8,
2479801,17,981227,DPES CB CIUDAD DE MOSTOLES,AWAY,2162836,D. Vaquero Martinez,D. Vaquero Martinez,1,11.9,717.0,0.0,0.0,2.0,0.0,1.0,0.0,3.0,0.0,0.0,0.0,2.0,2.0,0.0,0.0,1.0,0.0,0.0,1.0,0.0,-1.0,-4.0,0.0,0.0,33.3,0.0,0.0,0.0,0.0,0.0,16.0,8.0,0.0,4.5,0.0,0.0,12.1,
2479801,17,981227,DPES CB CIUDAD DE MOSTOLES,AWAY,1178705,A. Peredo Lopez,A. Peredo Lopez,0,12.6,755.0,0.0,0.0,0.0,0.0,3.0,0.0,3.0,0.0,0.0,0.0,3.0,3.0,0.0,0.0,0.0,0.0,0.0,0.0,0.0,0.0,-4.0,0.0,0.0,100.0,0.0,0.0,0.0,0.0,0.0,22.7,11.3,0.0,0.0,0.0,0.0,11.4,
2479801,17,981227,DPES CB CIUDAD DE MOSTOLES,AWAY,1222687,B. Moreno Hurtado,B. Moreno Hurtado,0,23.4,1405.0,3.0,0.0,5.0,1.0,3.0,1.0,8.0,0.0,0.0,0.0,6.0,6.0,2.0,0.0,0.0,1.0,0.0,4.0,0.0,1.0,4.0,18.8,18.8,37.5,0.0,0.0,1.0,0.0,0.0,24.4,12.2,20.4,0.0,3.8,0.0,16.4,
2479801,17,981227,DPES CB CIUDAD DE MOSTOLES,AWAY,1819108,N. Gomez Cobo,N. Gomez Cobo,1,14.8,889.0,0.0,0.0,1.0,0.0,2.0,0.0,3.0,0.0,0.0,0.0,3.0,3.0,2.0,1.0,0.0,0.0,0.0,3.0,0.0,-2.0,-6.0,0.0,0.0,66.7,0.0,0.0,0.0,0.0,0.0,19.3,9.7,27.8,0.0,0.0,25.0,13.0,
2479801,17,981227,DPES CB CIUDAD DE MOSTOLES,AWAY,2035086,M. Gamez Martinez,M. Gamez Martinez,0,21.9,1312.0,9.0,1.0,3.0,1.0,3.0,2.0,6.0,4.0,6.0,0.0,2.0,2.0,1.0,1.0,3.0,0.0,1.0,1.0,3.0,10.0,4.0,52.1,41.7,50.0,100.0,0.7,1.0,2.0,0.0,8.7,4.3,14.3,7.3,0.0,10.4,21.1,
2479801,17,981227,DPES CB CIUDAD DE MOSTOLES,AWAY,1589173,M. Correa Villalona,M. Correa Villalona,1,30.0,1802.0,6.0,1.0,4.0,1.0,1.0,2.0,5.0,1.0,3.0,1.0,2.0,3.0,3.0,1.0,3.0,0.0,0.0,4.0,5.0,10.0,3.0,47.5,50.0,20.0,60.0,0.5,3.0,0.6,3.2,6.3,4.8,24.2,5.3,0.0,13.7,11.7,
2479801,17,981227,DPES CB CIUDAD DE MOSTOLES,AWAY,1740994,B. Rodríguez Bazaga,B. Rodríguez Bazaga,1,26.3,1576.0,14.0,3.0,3.0,2.0,6.0,5.0,9.0,2.0,2.0,0.0,1.0,1.0,1.0,4.0,2.0,0.0,0.0,5.0,3.0,8.0,-1.0,70.9,66.7,66.7,22.2,2.0,1.0,0.7,0.0,3.6,1.8,13.2,4.0,0.0,28.8,25.3,
2479801,17,981227,DPES CB CIUDAD DE MOSTOLES,AWAY,1871083,A. Quesada Romero,A. Quesada Romero,0,5.4,324.0,3.0,0.0,0.0,1.0,1.0,1.0,1.0,0.0,0.0,0.0,0.0,0.0,0.0,0.0,0.0,0.0,0.0,1.0,0.0,2.0,-7.0,150.0,150.0,100.0,0.0,0.0,3.0,0.0,0.0,0.0,0.0,0.0,0.0,0.0,0.0,8.9,
2479801,17,981227,DPES CB CIUDAD DE MOSTOLES,AWAY,2404223,E. Abubakar Arrey,E. Abubakar Arrey,1,29.2,1751.0,10.0,4.0,11.0,0.0,1.0,4.0,12.0,2.0,2.0,1.0,5.0,6.0,2.0,4.0,1.0,0.0,0.0,2.0,4.0,9.0,-2.0,38.8,33.3,8.3,16.7,0.7,0.0,0.5,3.3,16.3,9.8,23.3,1.8,0.0,23.7,27.7,
2479802,18,981335,CESUR DISTRITO OLIMPICO,HOME,2286837,B. Arranz Albero,B. Arranz Albero,0,22.2,1335.0,15.0,4.0,7.0,1.0,6.0,5.0,13.0,4.0,5.0,0.0,2.0,2.0,2.0,1.0,1.0,0.0,0.0,1.0,3.0,12.0,11.0,49.3,42.3,46.2,38.5,1.1,0.5,1.7,0.0,13.3,4.6,34.5,2.6,0.0,6.2,31.8,
2479802,18,981335,CESUR DISTRITO OLIMPICO,HOME,1811220,S. Francisco Abos,S. Francisco Abos,1,19.0,1139.0,0.0,0.0,1.0,0.0,5.0,0.0,6.0,0.0,0.0,0.0,2.0,2.0,0.0,0.0,0.0,0.0,0.0,1.0,1.0,-4.0,-6.0,0.0,0.0,83.3,0.0,0.0,0.0,0.0,0.0,15.6,5.3,0.0,0.0,0.0,0.0,13.8,
2479802,18,981335,CESUR DISTRITO OLIMPICO,HOME,2031383,A. Picos Porras,A. Picos Porras,1,32.2,1935.0,12.0,3.0,10.0,0.0,4.0,3.0,14.0,6.0,7.0,8.0,4.0,12.0,1.0,2.0,1.0,1.0,0.0,0.0,10.0,23.0,23.0,35.1,21.4,28.6,50.0,0.6,0.0,0.7,19.1,18.4,18.9,8.8,1.8,5.2,10.5,25.8,
2479802,18,981335,CESUR DISTRITO OLIMPICO,HOME,1871488,M. Gomez Hernandez,M. Gomez Hernandez,1,27.6,1658.0,0.0,0.0,3.0,0.0,4.0,0.0,7.0,0.0,0.0,0.0,1.0,1.0,2.0,1.0,3.0,0.0,0.0,3.0,0.0,-5.0,9.0,0.0,0.0,57.1,0.0,0.0,0.0,0.0,0.0,5.4,1.8,15.9,6.2,0.0,12.5,12.6,
2479802,18,981335,CESUR DISTRITO OLIMPICO,HOME,2800814,A. Emusi Adeniran,A. Emusi Adeniran,0,2.2,131.0,0.0,0.0,0.0,0.0,1.0,0.0,1.0,0.0,0.0,0.0,0.0,0.0,0.0,0.0,0.0,0.0,0.0,1.0,0.0,-2.0,-4.0,0.0,0.0,100.0,0.0,0.0,0.0,0.0,0.0,0.0,0.0,0.0,0.0,0.0,0.0,19.8,
2479802,18,981335,CESUR DISTRITO OLIMPICO,HOME,1676283,B. Sanchez Campillo,B. Sanchez Campillo,0,7.8,465.0,0.0,0.0,3.0,0.0,0.0,0.0,3.0,0.0,0.0,0.0,0.0,0.0,0.0,1.0,0.0,0.0,0.0,0.0,0.0,-4.0,-13.0,0.0,0.0,0.0,0.0,0.0,0.0,0.0,0.0,0.0,0.0,0.0,0.0,0.0,25.0,22.3,
2479802,18,981335,CESUR DISTRITO OLIMPICO,HOME,1832824,C. Leal Flores,C. Leal Flores,0,16.0,962.0,3.0,0.0,3.0,1.0,1.0,1.0,4.0,0.0,0.0,0.0,2.0,2.0,0.0,1.0,1.0,0.0,0.0,4.0,0.0,-2.0,-5.0,37.5,37.5,25.0,0.0,0.0,3.0,0.0,0.0,18.5,6.3,0.0,3.6,0.0,20.0,13.6,
2479802,18,981335,CESUR DISTRITO OLIMPICO,HOME,1562695,A. González Ramírez,A. González Ramírez,1,27.1,1623.0,6.0,2.0,8.0,0.0,1.0,2.0,9.0,2.0,2.0,0.0,4.0,4.0,2.0,1.0,4.0,0.0,0.0,3.0,1.0,6.0,23.0,30.4,22.2,11.1,22.2,0.5,0.0,2.0,0.0,21.9,7.5,18.9,8.4,0.0,9.2,17.5,
2479802,18,981335,CESUR DISTRITO OLIMPICO,HOME,2160293,V. Lopez Riaño,V. Lopez Riaño,1,30.9,1855.0,15.0,7.0,14.0,0.0,2.0,7.0,16.0,1.0,3.0,5.0,6.0,11.0,1.0,1.0,1.0,0.0,0.0,0.0,7.0,23.0,17.0,43.3,43.8,12.5,18.8,1.0,0.0,0.4,12.4,28.8,18.0,13.5,1.8,0.0,5.5,25.8,
2479802,18,981335,CESUR DISTRITO OLIMPICO,HOME,1677519,R. Flores Aguado,R. Flores Aguado,0,6.8,407.0,1.0,0.0,0.0,0.0,1.0,0.0,1.0,1.0,3.0,0.0,0.0,0.0,1.0,1.0,0.0,0.0,0.0,0.0,1.0,-1.0,0.0,21.6,0.0,100.0,300.0,0.0,0.0,3.0,0.0,0.0,0.0,27.8,0.0,0.0,30.1,21.3,
2479802,18,981335,CESUR DISTRITO OLIMPICO,HOME,2185253,P. Álvarez Honorato,P. Álvarez Honorato,0,1.3,76.0,0.0,0.0,0.0,0.0,0.0,0.0,0.0,0.0,0.0,0.0,0.0,0.0,0.0,0.0,0.0,0.0,0.0,0.0,0.0,0.0,-2.0,0.0,0.0,0.0,0.0,0.0,0.0,0.0,0.0,0.0,0.0,0.0,0.0,0.0,0.0,0.0,
2479802,18,981335,CESUR DISTRITO OLIMPICO,HOME,2226680,J. Masip Lámbarri,J. Masip Lámbarri,0,6.9,414.0,0.0,0.0,0.0,0.0,0.0,0.0,0.0,0.0,0.0,0.0,0.0,0.0,0.0,0.0,1.0,0.0,0.0,3.0,0.0,-2.0,-3.0,0.0,0.0,0.0,0.0,0.0,0.0,0.0,0.0,0.0,0.0,0.0,8.2,0.0,0.0,0.0,
2479802,18,979892,C. B. ISLA BONITA,AWAY,1131087,B. Armengol Vall,B. Armengol Vall,1,30.7,1843.0,2.0,0.0,1.0,0.0,4.0,0.0,5.0,2.0,2.0,0.0,5.0,5.0,2.0,3.0,0.0,0.0,1.0,3.0,2.0,0.0,-8.0,17.0,0.0,80.0,40.0,0.0,0.0,1.0,0.0,12.5,8.2,16.7,0.0,0.0,33.8,15.1,
2479802,18,979892,C. B. ISLA BONITA,AWAY,1870487,T. Gonzalez Soto,T. Gonzalez Soto,1,22.1,1325.0,4.0,2.0,3.0,0.0,6.0,2.0,9.0,0.0,0.0,0.0,4.0,4.0,1.0,3.0,1.0,0.0,0.0,0.0,1.0,1.0,-11.0,22.2,22.2,66.7,0.0,1.3,0.0,0.0,0.0,13.9,9.2,14.3,2.3,0.0,25.0,28.4,
2479802,18,979892,C. B. ISLA BONITA,AWAY,1853281,I. Bautista Villaverde,I. Bautista Villaverde,0,12.7,759.0,3.0,0.0,0.0,1.0,4.0,1.0,4.0,0.0,0.0,0.0,0.0,0.0,0.0,0.0,0.0,0.0,0.0,1.0,0.0,-1.0,13.0,37.5,37.5,100.0,0.0,0.0,0.8,0.0,0.0,0.0,0.0,0.0,0.0,0.0,0.0,16.5,
2479802,18,979892,C. B. ISLA BONITA,AWAY,2816643,E. Motekaitytè,E. Motekaitytè,1,16.1,964.0,2.0,0.0,0.0,0.0,1.0,0.0,1.0,2.0,2.0,0.0,4.0,4.0,0.0,1.0,0.0,0.0,0.0,2.0,1.0,3.0,-7.0,53.2,0.0,100.0,200.0,0.0,0.0,2.0,0.0,19.1,12.6,0.0,0.0,0.0,34.7,9.4,
2479802,18,979892,C. B. ISLA BONITA,AWAY,2171960,M. Colom Elosúa,M. Colom Elosúa,1,30.2,1813.0,2.0,1.0,5.0,0.0,1.0,1.0,6.0,0.0,0.0,0.0,3.0,3.0,2.0,3.0,1.0,0.0,0.0,0.0,2.0,2.0,-10.0,16.7,16.7,16.7,0.0,0.4,0.0,0.0,0.0,7.6,5.0,18.2,1.7,0.0,33.3,15.6,
2479802,18,979892,C. B. ISLA BONITA,AWAY,2524874,M. Vulovic,M. Vulovic,1,20.5,1230.0,10.0,4.0,4.0,0.0,0.0,4.0,4.0,2.0,2.0,1.0,8.0,9.0,1.0,7.0,0.0,0.0,0.0,5.0,4.0,12.0,-9.0,102.5,100.0,0.0,50.0,2.0,0.0,0.5,7.2,30.0,22.2,28.6,0.0,0.0,58.9,30.3,
2479802,18,979892,C. B. ISLA BONITA,AWAY,1471341,M. Rosales Elejabeita,M. Rosales Elejabeita,0,16.4,982.0,4.0,2.0,2.0,0.0,1.0,2.0,3.0,0.0,0.0,1.0,2.0,3.0,1.0,3.0,0.0,0.0,0.0,5.0,0.0,-1.0,0.0,66.7,66.7,33.3,0.0,2.0,0.0,0.0,9.0,9.4,9.3,25.0,0.0,0.0,50.0,19.2,
2479802,18,979892,C. B. ISLA BONITA,AWAY,1372464,M. Carballo Diaz,M. Carballo Diaz,0,10.0,601.0,2.0,0.0,1.0,0.0,2.0,0.0,3.0,2.0,2.0,0.0,1.0,1.0,1.0,0.0,1.0,0.0,0.0,1.0,1.0,2.0,-1.0,25.8,0.0,66.7,66.7,0.0,0.0,2.0,0.0,7.7,5.1,33.3,5.1,0.0,0.0,20.3,
2479802,18,979892,C. B. ISLA BONITA,AWAY,2816642,N. Cunill Peña,N. Cunill Peña,0,27.1,1624.0,10.0,4.0,6.0,0.0,1.0,4.0,7.0,2.0,2.0,4.0,10.0,14.0,3.0,4.0,1.0,0.0,0.0,4.0,3.0,20.0,-4.0,63.5,57.1,14.3,28.6,1.3,0.0,0.7,21.9,28.4,26.2,46.2,1.9,0.0,33.7,23.0,
2479802,18,979892,C. B. ISLA BONITA,AWAY,2524609,A. Glomazic,A. Glomazic,0,14.3,859.0,3.0,0.0,2.0,1.0,2.0,1.0,4.0,0.0,0.0,0.0,2.0,2.0,0.0,2.0,0.0,0.0,0.0,2.0,2.0,0.0,-13.0,37.5,37.5,50.0,0.0,0.0,1.5,0.0,0.0,10.8,7.1,0.0,0.0,0.0,33.3,22.0,
2479803,18,981227,DPES CB CIUDAD DE MOSTOLES,HOME,2040603,P. Gonzalez Gonzalez,P. Gonzalez Gonzalez,0,21.7,1300.0,10.0,1.0,2.0,2.0,4.0,3.0,6.0,2.0,8.0,0.0,0.0,0.0,4.0,0.0,1.0,0.0,0.0,5.0,5.0,6.0,19.0,52.5,66.7,66.7,133.3,1.0,1.5,1.6,0.0,0.0,0.0,57.1,2.3,0.0,0.0,20.4,
2479803,18,981227,DPES CB CIUDAD DE MOSTOLES,HOME,2162836,D. Vaquero Martinez,D. Vaquero Martinez,1,25.3,1519.0,13.0,3.0,8.0,0.0,2.0,3.0,10.0,7.0,9.0,1.0,2.0,3.0,1.0,3.0,1.0,0.0,0.0,2.0,6.0,10.0,10.0,46.6,30.0,20.0,90.0,0.8,0.0,1.5,4.9,7.7,6.5,11.1,1.9,0.0,17.7,31.2,
2479803,18,981227,DPES CB CIUDAD DE MOSTOLES,HOME,1981139,S. Blanco Guitian,S. Blanco Guitian,0,9.2,551.0,2.0,1.0,1.0,0.0,1.0,1.0,2.0,0.0,0.0,0.0,1.0,1.0,1.0,2.0,0.0,0.0,0.0,1.0,0.0,0.0,-3.0,50.0,50.0,50.0,0.0,2.0,0.0,0.0,0.0,10.6,6.0,33.3,0.0,0.0,50.0,20.2,
2479803,18,981227,DPES CB CIUDAD DE MOSTOLES,HOME,1178705,A. Peredo Lopez,A. Peredo Lopez,0,20.1,1208.0,0.0,0.0,1.0,0.0,3.0,0.0,4.0,0.0,0.0,0.0,5.0,5.0,1.0,2.0,1.0,2.0,0.0,0.0,0.0,3.0,2.0,0.0,0.0,75.0,0.0,0.0,0.0,0.0,0.0,24.3,13.6,10.0,2.4,10.0,33.3,13.9,
2479803,18,981227,DPES CB CIUDAD DE MOSTOLES,HOME,1222687,B. Moreno Hurtado,B. Moreno Hurtado,0,19.0,1139.0,3.0,1.0,1.0,0.0,1.0,1.0,2.0,1.0,1.0,0.0,3.0,3.0,0.0,2.0,0.0,0.0,0.0,2.0,1.0,2.0,9.0,61.5,50.0,50.0,50.0,2.0,0.0,1.0,0.0,15.4,8.7,0.0,0.0,0.0,45.0,10.9,
2479803,18,981227,DPES CB CIUDAD DE MOSTOLES,HOME,1819108,N. Gomez Cobo,N. Gomez Cobo,1,19.9,1192.0,4.0,2.0,3.0,0.0,1.0,2.0,4.0,0.0,0.0,0.0,1.0,1.0,2.0,0.0,1.0,0.0,0.0,3.0,0.0,3.0,6.0,50.0,50.0,25.0,0.0,1.3,0.0,0.0,0.0,4.9,2.8,25.0,2.5,0.0,0.0,9.3,
2479803,18,981227,DPES CB CIUDAD DE MOSTOLES,HOME,2035086,M. Gamez Martinez,M. Gamez Martinez,0,12.8,769.0,5.0,2.0,3.0,0.0,0.0,2.0,3.0,1.0,2.0,0.0,3.0,3.0,1.0,1.0,0.0,0.0,0.0,4.0,1.0,3.0,0.0,64.4,66.7,0.0,66.7,1.3,0.0,2.0,0.0,22.9,12.8,25.0,0.0,0.0,20.5,17.7,
2479803,18,981227,DPES CB CIUDAD DE MOSTOLES,HOME,1589173,M. Correa Villalona,M. Correa Villalona,1,24.6,1476.0,6.0,0.0,1.0,1.0,4.0,1.0,5.0,3.0,4.0,1.0,2.0,3.0,4.0,3.0,0.0,0.0,0.0,3.0,5.0,7.0,-3.0,44.4,30.0,80.0,80.0,0.0,0.8,0.8,5.1,7.9,6.7,36.4,0.0,0.0,30.7,18.4,
2479803,18,981227,DPES CB CIUDAD DE MOSTOLES,HOME,1740994,B. Rodríguez Bazaga,B. Rodríguez Bazaga,1,23.8,1425.0,11.0,0.0,2.0,3.0,5.0,3.0,7.0,2.0,2.0,1.0,1.0,2.0,1.0,1.0,3.0,0.0,0.0,3.0,2.0,11.0,1.0,69.8,64.3,71.4,28.6,0.0,1.8,1.0,5.3,4.1,4.6,11.1,6.2,0.0,11.3,17.3,
2479803,18,981227,DPES CB CIUDAD DE MOSTOLES,HOME,1871083,A. Quesada Romero,A. Quesada Romero,0,2.7,160.0,0.0,0.0,0.0,0.0,1.0,0.0,1.0,0.0,0.0,0.0,0.0,0.0,0.0,0.0,0.0,0.0,0.0,2.0,0.0,-3.0,0.0,0.0,0.0,100.0,0.0,0.0,0.0,0.0,0.0,0.0,0.0,0.0,0.0,0.0,0.0,17.2,
2479803,18,981227,DPES CB CIUDAD DE MOSTOLES,HOME,2404223,E. Abubakar Arrey,E. Abubakar Arrey,1,21.0,1261.0,13.0,4.0,10.0,0.0,0.0,4.0,10.0,5.0,6.0,2.0,11.0,13.0,2.0,4.0,3.0,0.0,1.0,4.0,5.0,21.0,-1.0,51.4,40.0,0.0,60.0,0.8,0.0,1.2,11.9,51.1,33.9,33.3,7.0,0.0,24.0,36.8,
2479803,18,981286,ESCO GRUPO FEMENINO ALCORCON,AWAY,2095287,G. Escorial Ferrero,G. Escorial Ferrero,0,9.3,558.0,7.0,2.0,3.0,0.0,2.0,2.0,5.0,3.0,6.0,2.0,3.0,5.0,0.0,1.0,0.0,1.0,0.0,5.0,3.0,4.0,-2.0,45.8,40.0,40.0,120.0,1.3,0.0,2.0,21.0,40.3,29.5,0.0,0.0,13.4,11.6,39.8,
2479803,18,981286,ESCO GRUPO FEMENINO ALCORCON,AWAY,2162538,C. Del Amo Sevillano,C. Del Amo Sevillano,1,33.9,2035.0,27.0,6.0,9.0,3.0,9.0,9.0,18.0,6.0,8.0,2.0,5.0,7.0,0.0,2.0,3.0,0.0,1.0,2.0,4.0,26.0,0.0,62.7,58.3,50.0,44.4,1.3,1.0,2.0,5.8,18.4,11.3,0.0,4.4,0.0,8.5,29.7,
2479803,18,981286,ESCO GRUPO FEMENINO ALCORCON,AWAY,2182200,L. Bernardo Perez,L. Bernardo Perez,0,12.5,751.0,5.0,0.0,1.0,0.0,1.0,0.0,2.0,5.0,6.0,4.0,4.0,8.0,0.0,2.0,2.0,0.0,0.0,3.0,3.0,10.0,3.0,53.9,0.0,50.0,300.0,0.0,0.0,2.0,31.2,40.0,35.1,0.0,7.9,0.0,30.1,22.7,
2479803,18,981286,ESCO GRUPO FEMENINO ALCORCON,AWAY,2012796,M. Blanco Eusebio,M. Blanco Eusebio,0,15.2,910.0,1.0,0.0,2.0,0.0,1.0,0.0,3.0,1.0,2.0,0.0,2.0,2.0,1.0,1.0,0.0,0.0,0.0,1.0,4.0,2.0,-7.0,12.9,0.0,33.3,66.7,0.0,0.0,0.5,0.0,16.4,7.2,16.7,0.0,0.0,20.5,13.7,
2479803,18,981286,ESCO GRUPO FEMENINO ALCORCON,AWAY,1535457,M. Aranda Fraile,M. Aranda Fraile,1,23.1,1389.0,0.0,0.0,3.0,0.0,0.0,0.0,3.0,0.0,0.0,0.0,2.0,2.0,1.0,0.0,1.0,0.0,0.0,3.0,0.0,-2.0,-4.0,0.0,0.0,0.0,0.0,0.0,0.0,0.0,0.0,10.8,4.7,11.1,2.1,0.0,0.0,5.6,
2479803,18,981286,ESCO GRUPO FEMENINO ALCORCON,AWAY,2822982,Y. Sifaoui Bucero,Y. Sifaoui Bucero,1,15.3,918.0,6.0,3.0,7.0,0.0,0.0,3.0,7.0,0.0,0.0,2.0,1.0,3.0,0.0,1.0,0.0,0.0,0.0,0.0,0.0,4.0,2.0,42.9,42.9,0.0,0.0,0.9,0.0,0.0,12.8,8.2,10.7,0.0,0.0,0.0,12.5,22.4,
2479803,18,981286,ESCO GRUPO FEMENINO ALCORCON,AWAY,2128123,N. Ipo Seriche-Dougan,N. Ipo Seriche-Dougan,1,36.6,2197.0,3.0,0.0,7.0,0.0,2.0,0.0,9.0,3.0,8.0,1.0,2.0,3.0,3.0,3.0,1.0,0.0,1.0,4.0,7.0,-4.0,-6.0,12.0,0.0,22.2,88.9,0.0,0.0,1.1,2.7,6.8,4.5,22.2,1.3,0.0,19.3,18.1,
2479803,18,981286,ESCO GRUPO FEMENINO ALCORCON,AWAY,2164976,A. Martínez Mora,A. Martínez Mora,1,24.0,1441.0,2.0,0.0,2.0,0.0,1.0,0.0,3.0,2.0,6.0,0.0,3.0,3.0,4.0,4.0,0.0,0.0,0.0,3.0,3.0,-2.0,4.0,17.7,0.0,33.3,200.0,0.0,0.0,2.0,0.0,15.6,6.8,44.4,0.0,0.0,41.5,17.2,
2479803,18,981286,ESCO GRUPO FEMENINO ALCORCON,AWAY,1869823,D. Miliauskaite,D. Miliauskaite,0,19.2,1153.0,8.0,1.0,6.0,0.0,1.0,1.0,7.0,6.0,6.0,1.0,4.0,5.0,0.0,3.0,0.0,0.0,0.0,4.0,5.0,5.0,-17.0,41.5,14.3,14.3,85.7,0.3,0.0,1.2,5.1,26.0,14.3,0.0,0.0,0.0,23.7,28.2,
2479803,18,981286,ESCO GRUPO FEMENINO ALCORCON,AWAY,2176383,I. Camiña Rodriguez,I. Camiña Rodriguez,0,10.8,648.0,0.0,0.0,0.0,0.0,0.0,0.0,0.0,0.0,0.0,0.0,1.0,1.0,1.0,1.0,0.0,0.0,0.0,0.0,0.0,1.0,-13.0,0.0,0.0,0.0,0.0,0.0,0.0,0.0,0.0,11.6,5.1,22.2,0.0,0.0,100.0,4.0,
2479804,18,981414,HIERROS DÍAZ EXTREMADURA MIRALVALLE,HOME,1707378,M. Pérez Castro,M. Pérez Castro,1,25.3,1516.0,4.0,1.0,2.0,0.0,2.0,1.0,4.0,2.0,2.0,1.0,3.0,4.0,2.0,3.0,0.0,0.0,0.0,3.0,6.0,7.0,4.0,41.0,25.0,50.0,50.0,1.0,0.0,0.3,4.0,12.5,8.1,15.6,0.0,0.0,38.1,15.4,
2479804,18,981414,HIERROS DÍAZ EXTREMADURA MIRALVALLE,HOME,2818302,V. Michel,V. Michel,0,30.7,1844.0,10.0,5.0,9.0,0.0,0.0,5.0,9.0,0.0,0.0,4.0,9.0,13.0,1.0,0.0,1.0,0.0,0.0,5.0,2.0,18.0,0.0,55.6,55.6,0.0,0.0,1.1,0.0,0.0,13.0,30.9,21.7,7.5,1.8,0.0,0.0,14.5,
2479804,18,981414,HIERROS DÍAZ EXTREMADURA MIRALVALLE,HOME,2557107,I. Serrano Alvarez,I. Serrano Alvarez,1,35.6,2136.0,19.0,8.0,13.0,0.0,5.0,8.0,18.0,3.0,4.0,4.0,8.0,12.0,2.0,1.0,1.0,0.0,0.0,2.0,2.0,22.0,-1.0,48.1,44.4,27.8,22.2,1.2,0.0,2.0,11.2,23.7,17.3,15.7,1.5,0.0,4.8,28.8,
2479804,18,981414,HIERROS DÍAZ EXTREMADURA MIRALVALLE,HOME,2734458,L. Navas Castro,L. Navas Castro,1,18.7,1122.0,0.0,0.0,2.0,0.0,5.0,0.0,7.0,0.0,0.0,0.0,3.0,3.0,3.0,2.0,0.0,0.0,0.0,0.0,1.0,-2.0,-15.0,0.0,0.0,71.4,0.0,0.0,0.0,0.0,0.0,16.9,8.2,26.1,0.0,0.0,22.2,23.8,
2479804,18,981414,HIERROS DÍAZ EXTREMADURA MIRALVALLE,HOME,1158794,A. Fernandez Oraa,A. Fernandez Oraa,0,6.2,372.0,0.0,0.0,0.0,0.0,0.0,0.0,0.0,0.0,0.0,0.0,0.0,0.0,0.0,0.0,0.0,0.0,0.0,1.0,0.0,-1.0,-4.0,0.0,0.0,0.0,0.0,0.0,0.0,0.0,0.0,0.0,0.0,0.0,0.0,0.0,0.0,0.0,
2479804,18,981414,HIERROS DÍAZ EXTREMADURA MIRALVALLE,HOME,1724925,M. Romero Garrido,M. Romero Garrido,0,28.8,1726.0,12.0,1.0,5.0,3.0,7.0,4.0,12.0,1.0,2.0,1.0,2.0,3.0,6.0,1.0,2.0,0.0,0.0,2.0,2.0,13.0,13.0,46.6,45.8,58.3,16.7,0.4,1.3,1.0,3.5,7.3,5.3,49.6,3.8,0.0,7.2,23.8,
2479804,18,981414,HIERROS DÍAZ EXTREMADURA MIRALVALLE,HOME,2566363,P. Laurenson Cheynel,P. Laurenson Cheynel,0,30.6,1835.0,9.0,0.0,3.0,3.0,5.0,3.0,8.0,0.0,0.0,0.0,2.0,2.0,2.0,3.0,1.0,0.0,0.0,2.0,2.0,6.0,6.0,56.2,56.2,62.5,0.0,0.0,1.8,0.0,0.0,6.9,3.4,13.0,1.8,0.0,27.3,17.8,
2479804,18,981414,HIERROS DÍAZ EXTREMADURA MIRALVALLE,HOME,2845561,S. Brown,S. Brown,1,13.7,820.0,4.0,2.0,3.0,0.0,2.0,2.0,5.0,0.0,1.0,0.0,1.0,1.0,0.0,1.0,0.0,0.0,0.0,2.0,1.0,-1.0,-7.0,36.8,40.0,40.0,20.0,1.3,0.0,1.0,0.0,7.7,3.7,0.0,0.0,0.0,15.5,23.2,
2479804,18,981414,HIERROS DÍAZ EXTREMADURA MIRALVALLE,HOME,1529427,C. Lazaro Hernandez,C. Lazaro Hernandez,1,10.5,629.0,0.0,0.0,1.0,0.0,2.0,0.0,3.0,0.0,0.0,1.0,1.0,2.0,0.0,0.0,0.0,0.0,0.0,1.0,0.0,-2.0,-16.0,0.0,0.0,66.7,0.0,0.0,0.0,0.0,9.5,10.0,9.8,0.0,0.0,0.0,0.0,14.1,
2479804,18,980023,GEIEG PACISA,AWAY,1949920,J. Pairo Urtos,J. Pairo Urtos,1,24.1,1445.0,6.0,1.0,3.0,1.0,3.0,2.0,6.0,1.0,1.0,1.0,6.0,7.0,3.0,1.0,0.0,0.0,0.0,1.0,0.0,10.0,13.0,46.6,41.7,50.0,16.7,0.7,1.0,0.0,4.4,24.9,14.9,25.4,0.0,0.0,13.4,14.9,
2479804,18,980023,GEIEG PACISA,AWAY,1917788,M. Carbo Cachinero,M. Carbo Cachinero,0,13.4,803.0,3.0,1.0,3.0,0.0,3.0,1.0,6.0,1.0,1.0,0.0,1.0,1.0,0.0,0.0,0.0,0.0,0.0,2.0,2.0,-1.0,-11.0,23.3,16.7,50.0,16.7,0.7,0.0,0.5,0.0,7.5,3.8,0.0,0.0,0.0,0.0,23.3,
2479804,18,980023,GEIEG PACISA,AWAY,1944150,M. Melero Bravo,M. Melero Bravo,1,25.9,1557.0,12.0,5.0,10.0,0.0,2.0,5.0,12.0,2.0,7.0,1.0,4.0,5.0,1.0,3.0,1.0,0.0,0.0,3.0,6.0,7.0,5.0,39.8,41.7,16.7,58.3,1.0,0.0,1.2,4.1,15.4,9.9,11.4,2.2,0.0,16.6,33.8,
2479804,18,980023,GEIEG PACISA,AWAY,1748049,N. Bagaria Rovira,N. Bagaria Rovira,0,22.8,1369.0,5.0,1.0,1.0,1.0,3.0,2.0,4.0,0.0,0.0,0.0,1.0,1.0,0.0,2.0,1.0,0.0,0.0,2.0,0.0,1.0,-5.0,62.5,62.5,75.0,0.0,2.0,1.0,0.0,0.0,4.4,2.2,0.0,2.5,0.0,33.3,12.7,
2479804,18,980023,GEIEG PACISA,AWAY,1667386,C. Morente Lopez,C. Morente Lopez,0,13.9,834.0,0.0,0.0,1.0,0.0,0.0,0.0,1.0,0.0,0.0,0.0,1.0,1.0,1.0,1.0,0.0,0.0,0.0,0.0,0.0,0.0,-8.0,0.0,0.0,0.0,0.0,0.0,0.0,0.0,0.0,7.2,3.7,14.5,0.0,0.0,50.0,7.0,
2479804,18,980023,GEIEG PACISA,AWAY,1968963,A. Talasimov,A. Talasimov,1,19.8,1189.0,6.0,2.0,5.0,0.0,0.0,2.0,5.0,2.0,3.0,2.0,1.0,3.0,0.0,0.0,1.0,0.0,0.0,1.0,2.0,7.0,2.0,47.5,40.0,0.0,60.0,0.8,0.0,1.5,10.6,5.1,7.8,0.0,2.9,0.0,0.0,15.4,
2479804,18,980023,GEIEG PACISA,AWAY,1567998,V. Gonzalez Olaizola,V. Gonzalez Olaizola,0,23.4,1403.0,2.0,0.0,7.0,0.0,0.0,0.0,7.0,2.0,2.0,3.0,8.0,11.0,2.0,2.0,0.0,0.0,0.0,1.0,2.0,7.0,-5.0,12.7,0.0,0.0,28.6,0.0,0.0,1.0,13.5,34.2,24.1,14.5,0.0,0.0,20.2,20.4,
2479804,18,980023,GEIEG PACISA,AWAY,1666109,A. Coma Perpiña,A. Coma Perpiña,1,19.9,1192.0,4.0,1.0,4.0,0.0,0.0,1.0,4.0,2.0,2.0,0.0,5.0,5.0,1.0,2.0,1.0,0.0,0.0,3.0,3.0,6.0,18.0,41.0,25.0,0.0,50.0,0.5,0.0,0.7,0.0,25.1,12.9,9.5,2.9,0.0,29.1,16.7,
2479804,18,980023,GEIEG PACISA,AWAY,1926754,J. Fernandez Pinsach,J. Fernandez Pinsach,1,29.4,1765.0,20.0,8.0,10.0,0.0,0.0,8.0,10.0,4.0,6.0,2.0,1.0,3.0,0.0,0.0,2.0,0.0,0.0,3.0,3.0,21.0,17.0,79.1,80.0,0.0,60.0,1.6,0.0,2.0,7.2,3.4,5.2,0.0,3.9,0.0,0.0,20.8,
2479804,18,980023,GEIEG PACISA,AWAY,2239082,N. Mitjanas Costa,N. Mitjanas Costa,0,7.4,443.0,4.0,2.0,7.0,0.0,0.0,2.0,7.0,0.0,0.0,0.0,1.0,1.0,0.0,0.0,0.0,0.0,0.0,0.0,0.0,0.0,-6.0,28.6,28.6,0.0,0.0,0.6,0.0,0.0,0.0,13.5,6.9,0.0,0.0,0.0,0.0,45.8,
2479805,18,981212,ELSAMEX CB ANDRATX,HOME,2553411,N. Jeng,N. Jeng,1,6.5,391.0,2.0,1.0,4.0,0.0,0.0,1.0,4.0,0.0,0.0,1.0,1.0,2.0,1.0,1.0,0.0,0.0,0.0,1.0,0.0,0.0,-16.0,25.0,25.0,0.0,0.0,0.5,0.0,0.0,16.2,14.0,15.0,25.0,0.0,0.0,20.0,31.9,
2479805,18,981212,ELSAMEX CB ANDRATX,HOME,1461086,P. Comella Pons,P. Comella Pons,1,30.6,1836.0,16.0,6.0,10.0,1.0,4.0,7.0,14.0,1.0,2.0,1.0,2.0,3.0,1.0,3.0,2.0,0.0,0.0,2.0,2.0,11.0,-16.0,53.8,53.6,28.6,14.3,1.2,0.8,1.0,3.4,5.9,4.8,7.7,3.0,0.0,16.8,24.3,
2479805,18,981212,ELSAMEX CB ANDRATX,HOME,2036170,A. Peregrina Garcia,A. Peregrina Garcia,1,26.5,1590.0,9.0,1.0,4.0,1.0,3.0,2.0,7.0,4.0,6.0,0.0,3.0,3.0,1.0,3.0,0.0,0.0,0.0,4.0,4.0,3.0,-8.0,46.7,35.7,42.9,85.7,0.5,1.0,1.5,0.0,10.3,5.5,6.5,0.0,0.0,23.7,19.8,
2479805,18,981212,ELSAMEX CB ANDRATX,HOME,1489116,B. Gual Castillo,B. Gual Castillo,1,27.0,1621.0,9.0,1.0,5.0,2.0,9.0,3.0,14.0,1.0,1.0,1.0,3.0,4.0,2.0,0.0,1.0,0.0,0.0,2.0,0.0,3.0,-21.0,31.2,28.6,64.3,7.1,0.4,0.7,0.0,3.9,10.1,7.2,13.8,1.7,0.0,0.0,22.2,
2479805,18,981212,ELSAMEX CB ANDRATX,HOME,1762758,P. Charro Och,P. Charro Och,0,20.4,1227.0,14.0,1.0,6.0,3.0,5.0,4.0,11.0,3.0,4.0,1.0,5.0,6.0,0.0,2.0,0.0,0.0,0.0,0.0,2.0,12.0,-2.0,54.9,50.0,45.5,36.4,0.3,1.8,2.0,5.2,22.3,14.3,0.0,0.0,0.0,13.6,30.0,
2479805,18,981212,ELSAMEX CB ANDRATX,HOME,1579078,H. Condom Rosell,H. Condom Rosell,0,15.9,957.0,7.0,1.0,1.0,0.0,0.0,1.0,1.0,5.0,6.0,2.0,7.0,9.0,2.0,2.0,0.0,0.0,0.0,2.0,3.0,16.0,12.0,96.2,100.0,0.0,600.0,2.0,0.0,2.0,13.2,40.0,27.6,22.2,0.0,0.0,35.5,14.7,
2479805,18,981212,ELSAMEX CB ANDRATX,HOME,2148958,M. López Martí,M. López Martí,0,19.4,1162.0,4.0,2.0,2.0,0.0,0.0,2.0,2.0,0.0,0.0,0.0,1.0,1.0,1.0,1.0,1.0,0.0,0.0,2.0,0.0,4.0,8.0,100.0,100.0,0.0,0.0,2.0,0.0,0.0,0.0,4.7,2.5,9.5,2.4,0.0,33.3,6.4,
2479805,18,981212,ELSAMEX CB ANDRATX,HOME,2120195,A. Real Cerda,A. Real Cerda,0,2.9,174.0,1.0,0.0,0.0,0.0,0.0,0.0,0.0,1.0,2.0,0.0,0.0,0.0,1.0,1.0,0.0,0.0,0.0,1.0,1.0,0.0,5.0,56.8,0.0,0.0,0.0,0.0,0.0,2.0,0.0,0.0,0.0,40.0,0.0,0.0,53.2,26.9,
2479805,18,981212,ELSAMEX CB ANDRATX,HOME,2276474,L. García Rivera,L. García Rivera,0,11.4,687.0,2.0,1.0,2.0,0.0,0.0,1.0,2.0,0.0,0.0,1.0,1.0,2.0,2.0,2.0,0.0,0.0,1.0,3.0,0.0,0.0,-2.0,50.0,50.0,0.0,0.0,1.0,0.0,0.0,9.2,8.0,8.6,30.8,0.0,0.0,50.0,14.6,
2479805,18,981212,ELSAMEX CB ANDRATX,HOME,2043611,J. Ballester Manque,J. Ballester Manque,0,10.6,638.0,2.0,1.0,3.0,0.0,0.0,1.0,3.0,0.0,0.0,0.0,3.0,3.0,0.0,1.0,0.0,0.0,0.0,0.0,2.0,4.0,4.0,33.3,33.3,0.0,0.0,0.7,0.0,0.0,0.0,25.7,13.8,0.0,0.0,0.0,25.0,15.7,
2479805,18,981212,ELSAMEX CB ANDRATX,HOME,2294809,P. Sans Cantallops,P. Sans Cantallops,1,24.1,1444.0,10.0,2.0,5.0,0.0,2.0,2.0,7.0,6.0,7.0,1.0,6.0,7.0,3.0,1.0,1.0,0.0,0.0,3.0,6.0,17.0,-19.0,49.6,28.6,28.6,100.0,0.8,0.0,1.2,4.4,22.6,14.2,23.1,1.9,0.0,9.0,19.1,
2479805,18,981212,ELSAMEX CB ANDRATX,HOME,2820516,L. Stenta,L. Stenta,0,4.5,273.0,2.0,1.0,1.0,0.0,0.0,1.0,1.0,0.0,0.0,1.0,2.0,3.0,0.0,1.0,0.0,0.0,0.0,0.0,0.0,4.0,0.0,100.0,100.0,0.0,0.0,2.0,0.0,0.0,23.4,40.4,32.5,0.0,0.0,0.0,50.0,18.5,
2479805,18,981209,CB CLARET BENIMACLET,AWAY,1886112,S. Afonso Gonzalez,S. Afonso Gonzalez,1,29.5,1771.0,16.0,4.0,7.0,2.0,6.0,6.0,13.0,2.0,2.0,0.0,2.0,2.0,7.0,2.0,3.0,0.0,0.0,3.0,4.0,20.0,22.0,57.6,53.8,46.2,15.4,1.1,1.0,0.5,0.0,7.1,3.3,42.7,4.7,0.0,12.6,22.3,
2479805,18,981209,CB CLARET BENIMACLET,AWAY,2209715,J. Sarrio Asensio,J. Sarrio Asensio,0,12.6,757.0,3.0,1.0,1.0,0.0,3.0,1.0,4.0,1.0,2.0,0.0,0.0,0.0,3.0,1.0,0.0,0.0,0.0,1.0,1.0,1.0,-3.0,30.7,25.0,75.0,50.0,2.0,0.0,2.0,0.0,0.0,0.0,34.9,0.0,0.0,17.0,19.3,
2479805,18,981209,CB CLARET BENIMACLET,AWAY,1853228,J. Rochina Troncoso,J. Rochina Troncoso,1,29.8,1787.0,10.0,0.0,4.0,3.0,4.0,3.0,8.0,1.0,2.0,0.0,5.0,5.0,2.0,0.0,3.0,0.0,0.0,3.0,1.0,12.0,17.0,56.3,56.2,50.0,25.0,0.0,2.2,2.0,0.0,17.7,8.2,10.3,4.6,0.0,0.0,12.4,
2479805,18,981209,CB CLARET BENIMACLET,AWAY,1840053,P. Garcia Garcia,P. Garcia Garcia,0,10.9,654.0,7.0,0.0,0.0,2.0,4.0,2.0,4.0,1.0,2.0,1.0,2.0,3.0,1.0,0.0,0.0,0.0,0.0,4.0,3.0,7.0,3.0,71.7,75.0,100.0,50.0,0.0,1.5,0.7,8.3,19.3,13.4,13.2,0.0,0.0,0.0,18.6,
2479805,18,981209,CB CLARET BENIMACLET,AWAY,2281500,L. Liern Ruiz,L. Liern Ruiz,0,9.3,556.0,0.0,0.0,1.0,0.0,2.0,0.0,3.0,0.0,0.0,1.0,2.0,3.0,0.0,1.0,0.0,0.0,0.0,3.0,1.0,-3.0,-12.0,0.0,0.0,66.7,0.0,0.0,0.0,0.0,9.8,22.6,15.7,0.0,0.0,0.0,25.0,17.8,
2479805,18,981209,CB CLARET BENIMACLET,AWAY,1767443,M. Cuellar Bayarri,M. Cuellar Bayarri,1,26.3,1577.0,12.0,6.0,11.0,0.0,0.0,6.0,11.0,0.0,0.0,1.0,6.0,7.0,1.0,2.0,1.0,1.0,0.0,3.0,2.0,14.0,27.0,54.5,54.5,0.0,0.0,1.1,0.0,0.0,3.5,24.0,13.0,6.1,1.7,3.5,15.4,20.5,
2479805,18,981209,CB CLARET BENIMACLET,AWAY,1984467,G. Lopez Cuesta,G. Lopez Cuesta,0,13.7,823.0,6.0,2.0,6.0,0.0,1.0,2.0,7.0,2.0,2.0,2.0,0.0,2.0,0.0,2.0,1.0,0.0,0.0,3.0,1.0,0.0,-16.0,38.1,28.6,14.3,28.6,0.7,0.0,2.0,13.3,0.0,7.1,0.0,3.3,0.0,20.2,29.9,
2479805,18,981209,CB CLARET BENIMACLET,AWAY,1506842,E. Cases Rey,E. Cases Rey,1,28.1,1689.0,17.0,3.0,5.0,2.0,3.0,5.0,8.0,5.0,5.0,3.0,6.0,9.0,4.0,6.0,1.0,0.0,0.0,0.0,6.0,28.0,14.0,83.3,75.0,37.5,62.5,1.2,2.0,0.8,9.7,22.5,15.6,23.0,1.6,0.0,37.0,23.9,
2479805,18,981209,CB CLARET BENIMACLET,AWAY,1994256,T. Toledo Navarro,T. Toledo Navarro,0,12.2,735.0,2.0,0.0,1.0,0.0,2.0,0.0,3.0,2.0,2.0,0.0,0.0,0.0,0.0,0.0,0.0,0.0,0.0,0.0,1.0,0.0,-14.0,25.8,0.0,66.7,66.7,0.0,0.0,2.0,0.0,0.0,0.0,0.0,0.0,0.0,0.0,13.2,
2479805,18,981209,CB CLARET BENIMACLET,AWAY,1749591,I. Garrido Perez,I. Garrido Perez,1,27.5,1651.0,16.0,5.0,5.0,2.0,9.0,7.0,14.0,0.0,0.0,2.0,6.0,8.0,6.0,0.0,2.0,0.0,0.0,0.0,0.0,25.0,17.0,57.1,57.1,64.3,0.0,2.0,0.7,0.0,6.6,23.0,14.2,39.0,3.3,0.0,0.0,21.1,
2479806,18,979775,BASKET ALMEDA,HOME,2355761,N. Bernal Ibarria,N. Bernal Ibarria,0,15.2,915.0,0.0,0.0,2.0,0.0,0.0,0.0,2.0,0.0,0.0,2.0,3.0,5.0,0.0,0.0,0.0,0.0,0.0,2.0,0.0,1.0,5.0,0.0,0.0,0.0,0.0,0.0,0.0,0.0,11.7,25.5,17.3,0.0,0.0,0.0,0.0,5.6,
2479806,18,979775,BASKET ALMEDA,HOME,1929994,M. Garcia Menéndez,M. Garcia Menéndez,1,24.8,1485.0,8.0,1.0,4.0,2.0,4.0,3.0,8.0,0.0,0.0,2.0,3.0,5.0,2.0,2.0,1.0,0.0,0.0,2.0,1.0,8.0,20.0,50.0,50.0,50.0,0.0,0.5,1.5,0.0,7.2,15.6,10.6,20.8,2.2,0.0,20.0,17.3,
2479806,18,979775,BASKET ALMEDA,HOME,2219057,I. Homs Fatjo,I. Homs Fatjo,0,4.3,258.0,0.0,0.0,1.0,0.0,1.0,0.0,2.0,0.0,0.0,1.0,2.0,3.0,0.0,1.0,0.0,0.0,0.0,0.0,0.0,0.0,1.0,0.0,0.0,50.0,0.0,0.0,0.0,0.0,20.7,60.0,36.7,0.0,0.0,0.0,33.3,29.9,
2479806,18,979775,BASKET ALMEDA,HOME,1893303,L. Tierno Martí,L. Tierno Martí,1,26.8,1610.0,16.0,3.0,4.0,3.0,4.0,6.0,8.0,1.0,2.0,1.0,2.0,3.0,1.0,3.0,2.0,0.0,0.0,1.0,1.0,16.0,19.0,90.1,93.8,50.0,25.0,1.5,2.2,2.0,3.3,9.6,5.9,11.5,4.1,0.0,25.3,19.0,
2479806,18,979775,BASKET ALMEDA,HOME,1398197,C. Tapia Palacio,C. Tapia Palacio,1,23.9,1434.0,6.0,1.0,3.0,1.0,6.0,2.0,9.0,1.0,2.0,1.0,1.0,2.0,3.0,0.0,1.0,0.0,0.0,1.0,2.0,5.0,18.0,30.4,27.8,66.7,22.2,0.7,0.5,1.0,3.7,5.4,4.4,28.3,2.3,0.0,0.0,17.7,
2479806,18,979775,BASKET ALMEDA,HOME,2157230,L. Jove Fuste,L. Jove Fuste,0,14.6,877.0,3.0,0.0,1.0,1.0,4.0,1.0,5.0,0.0,0.0,1.0,2.0,3.0,0.0,1.0,0.0,0.0,0.0,1.0,0.0,0.0,-5.0,30.0,30.0,80.0,0.0,0.0,0.8,0.0,6.1,17.7,10.8,0.0,0.0,0.0,16.7,17.6,
2479806,18,979775,BASKET ALMEDA,HOME,1923707,C. Diaz-Guerra Prats,C. Diaz-Guerra Prats,0,14.3,860.0,14.0,2.0,5.0,2.0,4.0,4.0,9.0,4.0,6.0,0.0,0.0,0.0,1.0,0.0,2.0,0.0,0.0,1.0,4.0,13.0,2.0,60.1,55.6,44.4,66.7,0.8,1.5,1.5,0.0,0.0,0.0,22.7,7.7,0.0,0.0,34.8,
2479806,18,979775,BASKET ALMEDA,HOME,2216044,J. Masa Carne,J. Masa Carne,0,9.5,570.0,4.0,2.0,2.0,0.0,3.0,2.0,5.0,0.0,2.0,1.0,1.0,2.0,0.0,1.0,1.0,0.0,0.0,3.0,1.0,-1.0,-2.0,34.0,40.0,60.0,40.0,2.0,0.0,2.0,9.4,13.6,11.1,0.0,5.8,0.0,14.5,31.0,
2479806,18,979775,BASKET ALMEDA,HOME,2054903,A. Cojocariu,A. Cojocariu,0,16.0,961.0,2.0,0.0,5.0,0.0,4.0,0.0,9.0,2.0,4.0,2.0,5.0,7.0,1.0,1.0,1.0,0.0,0.0,3.0,5.0,1.0,-8.0,9.3,0.0,44.4,44.4,0.0,0.0,0.8,11.1,40.3,23.0,11.9,3.4,0.0,8.5,31.5,
2479806,18,979775,BASKET ALMEDA,HOME,2147731,D. Peris Fons,D. Peris Fons,1,24.8,1485.0,12.0,2.0,5.0,0.0,0.0,2.0,5.0,8.0,8.0,6.0,2.0,8.0,1.0,2.0,1.0,0.0,0.0,1.0,4.0,20.0,12.0,70.4,40.0,0.0,160.0,0.8,0.0,2.0,21.5,10.4,17.0,9.4,2.2,0.0,19.0,18.2,
2479806,18,979775,BASKET ALMEDA,HOME,2440587,M. Coll-Vinent Olle,M. Coll-Vinent Olle,1,25.8,1545.0,3.0,1.0,7.0,0.0,0.0,1.0,7.0,1.0,2.0,4.0,4.0,8.0,2.0,2.0,3.0,0.0,0.0,2.0,3.0,8.0,23.0,19.0,14.3,0.0,28.6,0.3,0.0,0.7,13.8,20.0,16.3,17.2,6.4,0.0,20.2,16.4,
2479806,18,979778,MAGEC TÍAS LANZAROTE CONTRA LA VIOLENCIA DE GÉNERO,AWAY,2178381,E. Lozano Sosa,E. Lozano Sosa,0,9.2,552.0,0.0,0.0,1.0,0.0,1.0,0.0,2.0,0.0,0.0,0.0,0.0,0.0,0.0,0.0,0.0,0.0,0.0,1.0,0.0,-3.0,-5.0,0.0,0.0,50.0,0.0,0.0,0.0,0.0,0.0,0.0,0.0,0.0,0.0,0.0,0.0,11.0,
2479806,18,979778,MAGEC TÍAS LANZAROTE CONTRA LA VIOLENCIA DE GÉNERO,AWAY,1100445,Y. Garcia Gonzalez,Y. Garcia Gonzalez,1,21.8,1305.0,3.0,1.0,7.0,0.0,0.0,1.0,7.0,1.0,2.0,0.0,6.0,6.0,0.0,2.0,1.0,0.0,0.0,4.0,3.0,0.0,-9.0,19.0,14.3,0.0,28.6,0.3,0.0,0.7,0.0,24.5,14.5,0.0,2.5,0.0,20.2,23.0,
2479806,18,979778,MAGEC TÍAS LANZAROTE CONTRA LA VIOLENCIA DE GÉNERO,AWAY,1995747,S. Hisado Santos,S. Hisado Santos,1,21.8,1306.0,4.0,1.0,1.0,0.0,1.0,1.0,2.0,2.0,2.0,1.0,2.0,3.0,1.0,2.0,0.0,0.0,0.0,0.0,1.0,6.0,-22.0,69.4,50.0,50.0,100.0,2.0,0.0,2.0,5.9,8.2,7.2,11.8,0.0,0.0,41.0,11.4,
2479806,18,979778,MAGEC TÍAS LANZAROTE CONTRA LA VIOLENCIA DE GÉNERO,AWAY,1695414,C. Mateo Cañada,C. Mateo Cañada,1,26.2,1574.0,16.0,3.0,12.0,3.0,7.0,6.0,19.0,1.0,2.0,1.0,5.0,6.0,0.0,3.0,1.0,0.0,0.0,4.0,1.0,3.0,-12.0,40.2,39.5,36.8,10.5,0.5,1.3,2.0,4.9,17.0,12.1,0.0,2.1,0.0,13.1,44.4,
2479806,18,979778,MAGEC TÍAS LANZAROTE CONTRA LA VIOLENCIA DE GÉNERO,AWAY,2824664,B. Snorradottir,B. Snorradottir,0,32.1,1924.0,3.0,1.0,2.0,0.0,0.0,1.0,2.0,1.0,2.0,2.0,6.0,8.0,1.0,4.0,0.0,0.0,0.0,3.0,4.0,7.0,-10.0,52.1,50.0,0.0,100.0,1.0,0.0,0.5,8.0,16.6,13.1,7.0,0.0,0.0,58.1,10.9,
2479806,18,979778,MAGEC TÍAS LANZAROTE CONTRA LA VIOLENCIA DE GÉNERO,AWAY,2524794,M. Marinho Junqueira,M. Marinho Junqueira,1,32.0,1919.0,6.0,0.0,4.0,2.0,6.0,2.0,10.0,0.0,0.0,0.0,2.0,2.0,2.0,3.0,2.0,0.0,0.0,3.0,1.0,-1.0,-13.0,30.0,30.0,60.0,0.0,0.0,1.0,0.0,0.0,5.6,3.3,15.2,3.5,0.0,23.1,20.6,
2479806,18,979778,MAGEC TÍAS LANZAROTE CONTRA LA VIOLENCIA DE GÉNERO,AWAY,2379074,N. Zabala Gabilondo,N. Zabala Gabilondo,1,27.2,1631.0,7.0,3.0,4.0,0.0,2.0,3.0,6.0,1.0,4.0,1.0,1.0,2.0,1.0,1.0,0.0,0.0,0.0,4.0,4.0,3.0,-14.0,45.1,50.0,33.3,66.7,1.5,0.0,1.0,4.7,3.3,3.9,9.7,0.0,0.0,11.4,16.4,
2479806,18,979778,MAGEC TÍAS LANZAROTE CONTRA LA VIOLENCIA DE GÉNERO,AWAY,1681307,E. Iranzo Gutierrez,E. Iranzo Gutierrez,0,29.8,1789.0,12.0,3.0,5.0,2.0,4.0,5.0,9.0,0.0,1.0,1.0,2.0,3.0,2.0,1.0,2.0,0.0,0.0,2.0,3.0,14.0,0.0,63.6,66.7,44.4,11.1,1.2,1.5,0.3,4.3,6.0,5.3,24.1,3.7,0.0,9.6,17.8,
2479807,18,981167,SEGLE XXI,HOME,2153172,M. Cintas Diaz,M. Cintas Diaz,1,22.9,1374.0,13.0,5.0,10.0,1.0,2.0,6.0,12.0,0.0,0.0,1.0,2.0,3.0,6.0,1.0,1.0,0.0,1.0,2.0,2.0,16.0,21.0,54.2,54.2,16.7,0.0,1.0,1.5,0.0,4.7,9.4,7.1,38.5,2.4,0.0,7.7,23.8,
2479807,18,981167,SEGLE XXI,HOME,2289362,D. Garcia Dominguez,D. Garcia Dominguez,0,20.7,1240.0,9.0,3.0,7.0,0.0,5.0,3.0,12.0,3.0,3.0,0.0,2.0,2.0,3.0,3.0,0.0,0.0,0.0,1.0,2.0,3.0,17.0,33.8,25.0,41.7,25.0,0.9,0.0,1.5,0.0,10.4,5.2,20.0,0.0,0.0,18.4,33.1,
2479807,18,981167,SEGLE XXI,HOME,2320695,A. Plans Bellavista,A. Plans Bellavista,0,14.2,849.0,2.0,1.0,2.0,0.0,1.0,1.0,3.0,0.0,0.0,0.0,0.0,0.0,1.0,0.0,1.0,0.0,0.0,0.0,0.0,2.0,15.0,33.3,33.3,33.3,0.0,1.0,0.0,0.0,0.0,0.0,0.0,7.5,3.8,0.0,0.0,8.9,
2479807,18,981167,SEGLE XXI,HOME,2448425,N. Cordón Elizarán,N. Cordón Elizarán,0,1.8,109.0,0.0,0.0,0.0,0.0,0.0,0.0,0.0,0.0,0.0,0.0,2.0,2.0,0.0,0.0,0.0,0.0,0.0,0.0,0.0,2.0,-5.0,0.0,0.0,0.0,0.0,0.0,0.0,0.0,0.0,120.1,60.1,0.0,0.0,0.0,0.0,0.0,
2479807,18,981167,SEGLE XXI,HOME,2528757,I. Garcia Fernandez,I. Garcia Fernandez,1,13.6,815.0,0.0,0.0,1.0,0.0,0.0,0.0,1.0,0.0,0.0,1.0,1.0,2.0,2.0,0.0,1.0,0.0,1.0,3.0,2.0,3.0,21.0,0.0,0.0,0.0,0.0,0.0,0.0,0.0,7.9,7.9,7.9,18.5,4.0,0.0,0.0,3.1,
2479807,18,981167,SEGLE XXI,HOME,2244483,S. Nde Akawung,S. Nde Akawung,1,26.8,1609.0,11.0,4.0,6.0,0.0,4.0,4.0,10.0,3.0,4.0,3.0,6.0,9.0,3.0,2.0,2.0,1.0,0.0,3.0,2.0,16.0,24.0,46.8,40.0,40.0,40.0,1.3,0.0,2.0,12.1,24.2,18.2,14.2,4.0,3.2,14.5,21.5,
2479807,18,981167,SEGLE XXI,HOME,2196865,M. Carbó Medina,M. Carbó Medina,0,17.4,1046.0,7.0,2.0,5.0,1.0,1.0,3.0,6.0,0.0,0.0,1.0,1.0,2.0,1.0,3.0,1.0,0.0,0.0,1.0,2.0,6.0,4.0,58.3,58.3,16.7,0.0,0.8,3.0,0.0,6.2,6.2,6.2,8.8,3.1,0.0,33.3,21.7,
2479807,18,981167,SEGLE XXI,HOME,2528756,M. Zarzuelo Oroz,M. Zarzuelo Oroz,0,6.2,371.0,0.0,0.0,3.0,0.0,0.0,0.0,3.0,0.0,0.0,0.0,2.0,2.0,1.0,1.0,1.0,0.0,1.0,0.0,0.0,0.0,4.0,0.0,0.0,0.0,0.0,0.0,0.0,0.0,0.0,34.9,17.4,13.9,8.7,0.0,25.0,27.1,
2479807,18,981167,SEGLE XXI,HOME,2639399,S. Okafor Ofoegbu,S. Okafor Ofoegbu,1,20.7,1243.0,15.0,6.0,9.0,1.0,2.0,7.0,11.0,0.0,1.0,1.0,2.0,3.0,4.0,1.0,2.0,0.0,0.0,1.0,2.0,19.0,31.0,65.6,68.2,18.2,9.1,1.3,1.5,0.5,5.2,10.4,7.8,36.4,5.2,0.0,8.0,25.2,
2479807,18,981167,SEGLE XXI,HOME,2454402,S. Fernandez De Cuevas Martinez,S. Fernandez De Cuevas Martinez,1,24.1,1448.0,9.0,3.0,6.0,1.0,1.0,4.0,7.0,0.0,0.0,3.0,1.0,4.0,3.0,1.0,3.0,0.0,1.0,1.0,0.0,14.0,20.0,64.3,64.3,14.3,0.0,1.0,3.0,0.0,13.5,4.5,9.0,17.0,6.7,0.0,12.5,13.9,
2479807,18,981167,SEGLE XXI,HOME,2229661,B. Asensio Senosiáin,B. Asensio Senosiáin,0,14.7,880.0,7.0,2.0,4.0,1.0,1.0,3.0,5.0,0.0,0.0,1.0,4.0,5.0,1.0,0.0,0.0,0.0,0.0,2.0,0.0,9.0,13.0,70.0,70.0,20.0,0.0,1.0,3.0,0.0,7.4,29.4,18.4,8.8,0.0,0.0,0.0,14.3,
2479807,18,981167,SEGLE XXI,HOME,2461439,A. Smykovskaia,A. Smykovskaia,0,16.9,1016.0,12.0,5.0,8.0,0.0,0.0,5.0,8.0,2.0,2.0,4.0,7.0,11.0,2.0,1.0,1.0,0.0,0.0,0.0,1.0,23.0,15.0,67.6,62.5,0.0,25.0,1.2,0.0,2.0,25.6,44.8,35.2,21.3,3.2,0.0,10.1,24.5,
2479807,18,981229,SPAR GRAN CANARIA,AWAY,2203305,L. Perez Castro,L. Perez Castro,1,40.0,2398.0,12.0,2.0,5.0,2.0,7.0,4.0,12.0,2.0,2.0,1.0,1.0,2.0,2.0,4.0,0.0,0.0,0.0,1.0,2.0,5.0,-36.0,46.6,41.7,58.3,16.7,0.8,0.9,1.0,2.7,2.7,2.7,12.5,0.0,0.0,23.7,20.9,
2479807,18,981229,SPAR GRAN CANARIA,AWAY,2621781,F. Thiao,F. Thiao,1,7.6,456.0,0.0,0.0,2.0,0.0,0.0,0.0,2.0,0.0,0.0,0.0,1.0,1.0,0.0,1.0,0.0,0.0,0.0,0.0,0.0,-2.0,-17.0,0.0,0.0,0.0,0.0,0.0,0.0,0.0,0.0,14.2,7.1,0.0,0.0,0.0,33.3,19.5,
2479807,18,981229,SPAR GRAN CANARIA,AWAY,2340752,N. Prado Plumed,N. Prado Plumed,0,14.0,839.0,0.0,0.0,1.0,0.0,1.0,0.0,2.0,0.0,0.0,1.0,1.0,2.0,0.0,0.0,0.0,1.0,0.0,1.0,0.0,0.0,0.0,0.0,0.0,50.0,0.0,0.0,0.0,0.0,7.7,7.7,7.7,0.0,0.0,4.7,0.0,7.1,
2479807,18,981229,SPAR GRAN CANARIA,AWAY,2494285,A. Mbengue Sánchez,A. Mbengue Sánchez,1,35.9,2152.0,14.0,7.0,17.0,0.0,0.0,7.0,17.0,0.0,0.0,1.0,6.0,7.0,0.0,3.0,2.0,0.0,1.0,3.0,2.0,9.0,-28.0,41.2,41.2,0.0,0.0,0.8,0.0,0.0,3.0,18.1,10.5,0.0,2.8,0.0,15.0,27.6,
2479807,18,981229,SPAR GRAN CANARIA,AWAY,2251955,M. Ocurto Mendes,M. Ocurto Mendes,1,35.0,2103.0,6.0,2.0,2.0,0.0,2.0,2.0,4.0,2.0,2.0,0.0,6.0,6.0,4.0,3.0,0.0,1.0,0.0,1.0,3.0,14.0,-38.0,61.5,50.0,50.0,50.0,2.0,0.0,0.7,0.0,18.5,9.3,25.0,0.0,1.9,38.1,11.1,
2479807,18,981229,SPAR GRAN CANARIA,AWAY,2292843,M. Rodríguez Sánchez,M. Rodríguez Sánchez,0,29.8,1786.0,2.0,1.0,1.0,0.0,1.0,1.0,2.0,0.0,2.0,1.0,3.0,4.0,3.0,3.0,2.0,0.0,0.0,4.0,1.0,2.0,-29.0,34.7,50.0,50.0,100.0,2.0,0.0,2.0,3.6,10.9,7.3,23.1,3.3,0.0,51.0,9.8,
2479807,18,981229,SPAR GRAN CANARIA,AWAY,2352279,T. Ezeanatogu Ezeonu,T. Ezeanatogu Ezeonu,1,37.8,2266.0,15.0,6.0,18.0,0.0,0.0,6.0,18.0,3.0,5.0,3.0,4.0,7.0,2.0,5.0,3.0,2.0,0.0,3.0,6.0,13.0,-32.0,37.1,33.3,0.0,27.8,0.7,0.0,0.8,8.6,11.4,10.0,16.7,3.9,3.5,19.8,33.0,
2479808,18,982048,EL PLANTEL GMASB,HOME,2819272,D. Ryzinska,D. Ryzinska,1,18.0,1082.0,8.0,3.0,6.0,0.0,0.0,3.0,6.0,2.0,2.0,0.0,2.0,2.0,1.0,0.0,1.0,0.0,0.0,4.0,1.0,6.0,4.0,58.1,50.0,0.0,33.3,1.0,0.0,2.0,0.0,13.9,6.5,11.8,3.1,0.0,0.0,19.2,
2479808,18,982048,EL PLANTEL GMASB,HOME,2124275,C. Villanueva Lazaro,C. Villanueva Lazaro,1,26.3,1578.0,7.0,2.0,3.0,1.0,3.0,3.0,6.0,0.0,0.0,0.0,3.0,3.0,7.0,5.0,2.0,1.0,0.0,4.0,5.0,13.0,3.0,58.3,58.3,50.0,0.0,1.3,1.0,0.0,0.0,14.3,6.7,53.4,4.2,4.3,45.5,21.0,
2479808,18,982048,EL PLANTEL GMASB,HOME,1974272,R. Revueltas Pareja,R. Revueltas Pareja,1,18.8,1126.0,13.0,1.0,6.0,3.0,6.0,4.0,12.0,2.0,2.0,1.0,4.0,5.0,0.0,1.0,1.0,0.0,0.0,2.0,2.0,10.0,3.0,50.5,45.8,50.0,16.7,0.3,1.5,1.0,5.9,26.6,15.6,0.0,2.9,0.0,7.2,37.0,
2479808,18,982048,EL PLANTEL GMASB,HOME,2819274,O. Schlegl,O. Schlegl,0,2.8,170.0,0.0,0.0,0.0,0.0,1.0,0.0,1.0,0.0,0.0,0.0,0.0,0.0,0.0,0.0,0.0,0.0,0.0,1.0,0.0,-2.0,-7.0,0.0,0.0,100.0,0.0,0.0,0.0,0.0,0.0,0.0,0.0,0.0,0.0,0.0,0.0,17.9,
2479808,18,982048,EL PLANTEL GMASB,HOME,2232865,M. Sanchez Valenzuela,M. Sanchez Valenzuela,1,37.4,2241.0,15.0,2.0,4.0,3.0,9.0,5.0,13.0,2.0,2.0,0.0,1.0,1.0,2.0,1.0,1.0,0.0,1.0,2.0,1.0,9.0,-3.0,54.0,50.0,69.2,15.4,1.0,1.0,2.0,0.0,3.3,1.6,12.7,1.5,0.0,6.7,20.0,
2479808,18,982048,EL PLANTEL GMASB,HOME,1111828,L. Fernandez Fiel,L. Fernandez Fiel,0,20.6,1234.0,0.0,0.0,3.0,0.0,2.0,0.0,5.0,0.0,0.0,1.0,0.0,1.0,1.0,1.0,1.0,0.0,0.0,2.0,2.0,-3.0,-13.0,0.0,0.0,40.0,0.0,0.0,0.0,0.0,5.4,0.0,2.9,8.7,2.7,0.0,16.7,14.6,
2479808,18,982048,EL PLANTEL GMASB,HOME,2419277,A. Cisse Barragan,A. Cisse Barragan,0,11.2,671.0,4.0,2.0,3.0,0.0,0.0,2.0,3.0,0.0,0.0,2.0,0.0,2.0,0.0,0.0,0.0,1.0,1.0,3.0,0.0,3.0,0.0,66.7,66.7,0.0,0.0,1.3,0.0,0.0,19.8,0.0,10.5,0.0,0.0,10.2,0.0,13.4,
2479808,18,982048,EL PLANTEL GMASB,HOME,2112760,M. Diaz Torres,M. Diaz Torres,0,10.1,605.0,0.0,0.0,0.0,0.0,0.0,0.0,0.0,0.0,0.0,1.0,2.0,3.0,0.0,0.0,1.0,0.0,0.0,3.0,0.0,1.0,-9.0,0.0,0.0,0.0,0.0,0.0,0.0,0.0,11.0,24.8,17.5,0.0,5.4,0.0,0.0,0.0,
2479808,18,982048,EL PLANTEL GMASB,HOME,1080472,P. Benet Edo,P. Benet Edo,0,17.7,1063.0,2.0,1.0,2.0,0.0,3.0,1.0,5.0,0.0,1.0,0.0,3.0,3.0,1.0,0.0,1.0,0.0,0.0,1.0,1.0,2.0,-13.0,18.4,20.0,60.0,20.0,1.0,0.0,1.0,0.0,21.2,10.0,12.2,3.1,0.0,0.0,15.4,
2479808,18,982048,EL PLANTEL GMASB,HOME,2746773,O. Betancourt Labrador,O. Betancourt Labrador,1,37.2,2230.0,15.0,5.0,10.0,0.0,1.0,5.0,11.0,5.0,6.0,1.0,9.0,10.0,3.0,4.0,0.0,1.0,0.0,1.0,5.0,22.0,0.0,55.0,45.5,9.1,54.5,1.0,0.0,1.2,3.0,30.2,15.8,19.1,0.0,3.1,22.7,23.8,
2479808,18,981304,DISHELEC 65 VILADECANS,AWAY,2050407,L. Sanchez Garcia,L. Sanchez Garcia,1,19.1,1147.0,3.0,1.0,4.0,0.0,0.0,1.0,4.0,1.0,2.0,0.0,3.0,3.0,0.0,1.0,1.0,0.0,0.0,4.0,2.0,0.0,-6.0,30.7,25.0,0.0,50.0,0.5,0.0,1.0,0.0,17.5,9.2,0.0,2.8,0.0,17.0,15.2,
2479808,18,981304,DISHELEC 65 VILADECANS,AWAY,1910113,L. Anducas Rodon,L. Anducas Rodon,1,19.4,1167.0,4.0,0.0,2.0,0.0,1.0,0.0,3.0,4.0,6.0,0.0,4.0,4.0,4.0,1.0,2.0,1.0,0.0,1.0,6.0,14.0,3.0,35.5,0.0,33.3,200.0,0.0,0.0,1.0,0.0,22.9,12.1,32.0,5.6,5.6,15.1,16.9,
2479808,18,981304,DISHELEC 65 VILADECANS,AWAY,1727776,P. Curto Garcia,P. Curto Garcia,0,23.6,1417.0,8.0,1.0,3.0,2.0,5.0,3.0,8.0,0.0,0.0,1.0,6.0,7.0,2.0,1.0,2.0,0.0,1.0,1.0,2.0,14.0,-2.0,50.0,50.0,62.5,0.0,0.7,1.2,0.0,5.3,28.2,17.4,16.7,4.6,0.0,11.1,18.9,
2479808,18,981304,DISHELEC 65 VILADECANS,AWAY,2056456,N. Soler Ramos,N. Soler Ramos,0,26.1,1563.0,2.0,1.0,4.0,0.0,1.0,1.0,5.0,0.0,2.0,4.0,3.0,7.0,4.0,1.0,0.0,0.0,0.0,3.0,1.0,4.0,10.0,17.0,20.0,20.0,40.0,0.5,0.0,2.0,19.2,12.8,15.8,24.2,0.0,0.0,14.5,13.0,
2479808,18,981304,DISHELEC 65 VILADECANS,AWAY,2322360,A. Torne Labarta,A. Torne Labarta,1,30.2,1811.0,16.0,7.0,13.0,0.0,1.0,7.0,14.0,2.0,2.0,1.0,6.0,7.0,1.0,2.0,0.0,1.0,1.0,2.0,4.0,18.0,11.0,53.8,50.0,7.1,14.3,1.1,0.0,0.5,4.1,22.1,13.6,7.7,0.0,3.6,11.8,27.7,
2479808,18,981304,DISHELEC 65 VILADECANS,AWAY,2082380,J. Torreño Jimenez,J. Torreño Jimenez,0,14.9,893.0,5.0,0.0,0.0,1.0,3.0,1.0,3.0,2.0,2.0,0.0,0.0,0.0,0.0,3.0,1.0,0.0,0.0,2.0,1.0,0.0,-6.0,64.4,50.0,100.0,66.7,0.0,1.0,2.0,0.0,0.0,0.0,0.0,3.6,0.0,43.6,22.9,
2479808,18,981304,DISHELEC 65 VILADECANS,AWAY,2146979,N. Sanchez Marques,N. Sanchez Marques,1,23.6,1417.0,11.0,3.0,3.0,1.0,2.0,4.0,5.0,2.0,4.0,0.0,2.0,2.0,0.0,4.0,0.0,0.0,0.0,1.0,4.0,9.0,14.0,81.4,90.0,40.0,80.0,2.0,1.5,1.0,0.0,9.4,5.0,0.0,0.0,0.0,37.2,22.6,
2479808,18,981304,DISHELEC 65 VILADECANS,AWAY,1956668,M. Ribera Sanuy,M. Ribera Sanuy,0,21.4,1282.0,13.0,1.0,3.0,3.0,4.0,4.0,7.0,2.0,2.0,2.0,4.0,6.0,1.0,2.0,1.0,0.0,1.0,1.0,3.0,18.0,8.0,82.5,78.6,57.1,28.6,0.7,2.2,0.7,11.7,20.8,16.5,11.8,2.5,0.0,20.2,22.9,
2479808,18,981304,DISHELEC 65 VILADECANS,AWAY,1663009,Q. Ubia Llunell,Q. Ubia Llunell,1,21.7,1303.0,9.0,3.0,3.0,1.0,2.0,4.0,5.0,0.0,0.0,0.0,2.0,2.0,2.0,3.0,0.0,0.0,0.0,2.0,0.0,7.0,3.0,90.0,90.0,40.0,0.0,2.0,1.5,0.0,0.0,10.2,5.4,23.5,0.0,0.0,37.5,18.3,
2479809,19,979892,C. B. ISLA BONITA,HOME,1131087,B. Armengol Vall,B. Armengol Vall,1,22.7,1362.0,13.0,5.0,6.0,0.0,2.0,5.0,8.0,3.0,5.0,1.0,1.0,2.0,3.0,2.0,0.0,0.0,0.0,1.0,5.0,15.0,5.0,63.7,62.5,25.0,62.5,1.7,0.0,1.0,6.3,4.1,5.0,26.8,0.0,0.0,16.4,26.6,
2479809,19,979892,C. B. ISLA BONITA,HOME,1870487,T. Gonzalez Soto,T. Gonzalez Soto,0,19.1,1147.0,14.0,1.0,5.0,3.0,5.0,4.0,10.0,3.0,4.0,1.0,5.0,6.0,0.0,0.0,0.0,0.0,0.0,0.0,2.0,15.0,5.0,59.5,55.0,50.0,40.0,0.4,1.8,2.0,7.5,24.4,17.7,0.0,0.0,0.0,0.0,30.5,
2479809,19,979892,C. B. ISLA BONITA,HOME,1853281,I. Bautista Villaverde,I. Bautista Villaverde,0,14.7,883.0,3.0,0.0,0.0,1.0,5.0,1.0,5.0,0.0,0.0,0.0,1.0,1.0,2.0,0.0,1.0,0.0,0.0,0.0,0.0,3.0,0.0,30.0,30.0,100.0,0.0,0.0,0.6,0.0,0.0,6.3,3.8,20.4,3.6,0.0,0.0,16.9,
2479809,19,979892,C. B. ISLA BONITA,HOME,2816643,E. Motekaitytè,E. Motekaitytè,1,24.7,1480.0,13.0,5.0,6.0,1.0,2.0,6.0,8.0,0.0,0.0,3.0,6.0,9.0,2.0,1.0,1.0,0.0,0.0,3.0,0.0,19.0,-1.0,81.2,81.2,25.0,0.0,1.7,1.5,0.0,17.4,22.6,20.5,19.6,2.1,0.0,11.1,18.1,
2479809,19,979892,C. B. ISLA BONITA,HOME,2171960,M. Colom Elosúa,M. Colom Elosúa,1,26.5,1589.0,10.0,2.0,3.0,2.0,4.0,4.0,7.0,0.0,0.0,0.0,1.0,1.0,4.0,2.0,0.0,0.0,0.0,1.0,0.0,9.0,-4.0,71.4,71.4,57.1,0.0,1.3,1.5,0.0,0.0,3.5,2.1,26.8,0.0,0.0,22.2,16.8,
2479809,19,979892,C. B. ISLA BONITA,HOME,2524874,M. Vulovic,M. Vulovic,1,28.7,1722.0,4.0,2.0,4.0,0.0,0.0,2.0,4.0,0.0,0.0,1.0,12.0,13.0,5.0,5.0,1.0,0.0,0.0,3.0,2.0,15.0,1.0,50.0,50.0,0.0,0.0,1.0,0.0,0.0,5.0,38.9,25.5,29.6,1.8,0.0,55.6,15.5,
2479809,19,979892,C. B. ISLA BONITA,HOME,1471341,M. Rosales Elejabeita,M. Rosales Elejabeita,0,15.0,898.0,0.0,0.0,2.0,0.0,0.0,0.0,2.0,0.0,2.0,0.0,7.0,7.0,1.0,3.0,0.0,0.0,0.0,4.0,2.0,-1.0,3.0,0.0,0.0,0.0,100.0,0.0,0.0,1.0,0.0,43.4,26.3,9.3,0.0,0.0,51.0,19.4,
2479809,19,979892,C. B. ISLA BONITA,HOME,1372464,M. Carballo Diaz,M. Carballo Diaz,0,13.4,803.0,2.0,1.0,1.0,0.0,2.0,1.0,3.0,0.0,2.0,0.0,0.0,0.0,1.0,2.0,0.0,0.0,0.0,1.0,2.0,-2.0,4.0,25.8,33.3,66.7,66.7,2.0,0.0,1.0,0.0,0.0,0.0,14.1,0.0,0.0,34.0,21.7,
2479809,19,979892,C. B. ISLA BONITA,HOME,2816642,N. Cunill Peña,N. Cunill Peña,0,11.8,707.0,0.0,0.0,0.0,0.0,0.0,0.0,0.0,0.0,0.0,2.0,1.0,3.0,1.0,3.0,0.0,0.0,0.0,0.0,1.0,2.0,3.0,0.0,0.0,0.0,0.0,0.0,0.0,0.0,24.2,7.9,14.3,12.3,0.0,0.0,100.0,12.6,
2479809,19,979892,C. B. ISLA BONITA,HOME,2524609,A. Glomazic,A. Glomazic,1,23.5,1409.0,12.0,0.0,2.0,4.0,7.0,4.0,9.0,0.0,0.0,0.0,2.0,2.0,0.0,1.0,0.0,0.0,0.0,2.0,0.0,6.0,-1.0,66.7,66.7,77.8,0.0,0.0,1.7,0.0,0.0,7.9,4.8,0.0,0.0,0.0,10.0,21.1,
2479809,19,982048,EL PLANTEL GMASB,AWAY,2819272,D. Ryzinska,D. Ryzinska,1,15.9,956.0,3.0,0.0,1.0,1.0,4.0,1.0,5.0,0.0,0.0,0.0,5.0,5.0,0.0,1.0,1.0,0.0,0.0,2.0,2.0,4.0,-10.0,30.0,30.0,80.0,0.0,0.0,0.8,0.0,0.0,44.9,17.7,0.0,3.5,0.0,16.7,18.3,
2479809,19,982048,EL PLANTEL GMASB,AWAY,2124275,C. Villanueva Lazaro,C. Villanueva Lazaro,0,24.0,1438.0,5.0,1.0,3.0,0.0,4.0,1.0,7.0,3.0,5.0,0.0,2.0,2.0,1.0,0.0,4.0,0.0,0.0,2.0,3.0,5.0,-1.0,27.2,14.3,57.1,71.4,0.7,0.0,1.7,0.0,11.9,4.7,7.5,9.2,0.0,0.0,18.6,
2479809,19,982048,EL PLANTEL GMASB,AWAY,1974272,R. Revueltas Pareja,R. Revueltas Pareja,1,33.4,2006.0,15.0,0.0,6.0,5.0,7.0,5.0,13.0,0.0,0.0,2.0,3.0,5.0,5.0,2.0,1.0,0.0,0.0,2.0,1.0,15.0,-6.0,57.7,57.7,53.8,0.0,0.0,2.1,0.0,5.6,12.8,8.4,35.2,1.6,0.0,13.3,21.8,
2479809,19,982048,EL PLANTEL GMASB,AWAY,2819274,O. Schlegl,O. Schlegl,0,5.2,314.0,0.0,0.0,0.0,0.0,2.0,0.0,2.0,0.0,0.0,0.0,0.0,0.0,0.0,0.0,0.0,0.0,0.0,1.0,0.0,-3.0,-9.0,0.0,0.0,100.0,0.0,0.0,0.0,0.0,0.0,0.0,0.0,0.0,0.0,0.0,0.0,18.7,
2479809,19,982048,EL PLANTEL GMASB,AWAY,2232865,M. Sanchez Valenzuela,M. Sanchez Valenzuela,1,31.8,1907.0,8.0,1.0,4.0,2.0,8.0,3.0,12.0,0.0,0.0,0.0,1.0,1.0,1.0,0.0,0.0,0.0,0.0,2.0,0.0,-1.0,5.0,33.3,33.3,66.7,0.0,0.5,0.8,0.0,0.0,4.5,1.8,6.2,0.0,0.0,0.0,18.3,
2479809,19,982048,EL PLANTEL GMASB,AWAY,1111828,L. Fernandez Fiel,L. Fernandez Fiel,1,27.8,1670.0,6.0,1.0,6.0,1.0,1.0,2.0,7.0,1.0,2.0,1.0,1.0,2.0,4.0,2.0,0.0,0.0,0.0,1.0,3.0,6.0,-2.0,38.1,35.7,14.3,28.6,0.3,3.0,0.7,3.3,5.1,4.1,27.0,0.0,0.0,20.2,17.3,
2479809,19,982048,EL PLANTEL GMASB,AWAY,2112760,M. Diaz Torres,M. Diaz Torres,0,4.3,260.0,0.0,0.0,1.0,0.0,0.0,0.0,1.0,0.0,0.0,1.0,0.0,1.0,0.0,0.0,0.0,0.0,0.0,0.0,0.0,0.0,-4.0,0.0,0.0,0.0,0.0,0.0,0.0,0.0,21.6,0.0,13.1,0.0,0.0,0.0,0.0,11.3,
2479809,19,982048,EL PLANTEL GMASB,AWAY,1080472,P. Benet Edo,P. Benet Edo,0,20.8,1249.0,8.0,2.0,4.0,1.0,4.0,3.0,8.0,1.0,1.0,2.0,1.0,3.0,4.0,1.0,2.0,0.0,0.0,1.0,4.0,14.0,10.0,47.4,43.8,50.0,12.5,1.0,0.8,0.2,8.9,6.9,8.1,44.4,5.3,0.0,10.6,22.0,
2479809,19,982048,EL PLANTEL GMASB,AWAY,2364455,T. Sene,T. Sene,0,2.7,163.0,0.0,0.0,1.0,0.0,0.0,0.0,1.0,0.0,0.0,0.0,0.0,0.0,0.0,0.0,0.0,0.0,0.0,0.0,0.0,-1.0,10.0,0.0,0.0,0.0,0.0,0.0,0.0,0.0,0.0,0.0,0.0,0.0,0.0,0.0,0.0,18.0,
2479809,19,982048,EL PLANTEL GMASB,AWAY,2746773,O. Betancourt Labrador,O. Betancourt Labrador,1,34.0,2037.0,23.0,6.0,7.0,3.0,8.0,9.0,15.0,2.0,2.0,1.0,7.0,8.0,0.0,1.0,2.0,0.0,0.0,3.0,2.0,25.0,-8.0,72.4,70.0,53.3,13.3,1.7,1.1,1.0,2.7,29.4,13.3,0.0,3.2,0.0,5.9,24.1,
2479810,19,981304,DISHELEC 65 VILADECANS,HOME,2050407,L. Sanchez Garcia,L. Sanchez Garcia,0,15.1,904.0,5.0,1.0,2.0,1.0,2.0,2.0,4.0,0.0,0.0,0.0,2.0,2.0,0.0,1.0,0.0,0.0,0.0,3.0,0.0,1.0,-4.0,62.5,62.5,50.0,0.0,1.0,1.5,0.0,0.0,12.6,7.0,0.0,0.0,0.0,20.0,16.0,
2479810,19,981304,DISHELEC 65 VILADECANS,HOME,1910113,L. Anducas Rodon,L. Anducas Rodon,1,32.0,1921.0,4.0,2.0,7.0,0.0,1.0,2.0,8.0,0.0,0.0,1.0,4.0,5.0,3.0,3.0,3.0,0.0,0.0,4.0,1.0,3.0,-7.0,25.0,25.0,12.5,0.0,0.6,0.0,0.0,3.7,11.9,8.2,21.4,4.8,0.0,27.3,16.6,
2479810,19,981304,DISHELEC 65 VILADECANS,HOME,1398200,J. Turrion Aranda,J. Turrion Aranda,0,22.8,1369.0,8.0,1.0,4.0,0.0,5.0,1.0,9.0,6.0,8.0,0.0,6.0,6.0,2.0,5.0,2.0,0.0,0.0,3.0,5.0,5.0,-21.0,31.9,11.1,55.6,88.9,0.5,0.0,1.6,0.0,25.1,13.9,18.2,4.5,0.0,28.5,37.1,
2479810,19,981304,DISHELEC 65 VILADECANS,HOME,2056456,N. Soler Ramos,N. Soler Ramos,1,17.9,1072.0,1.0,0.0,2.0,0.0,1.0,0.0,3.0,1.0,2.0,0.0,2.0,2.0,0.0,0.0,0.0,0.0,0.0,1.0,1.0,-1.0,1.0,12.9,0.0,33.3,66.7,0.0,0.0,2.0,0.0,10.6,5.9,0.0,0.0,0.0,0.0,10.5,
2479810,19,981304,DISHELEC 65 VILADECANS,HOME,2322360,A. Torne Labarta,A. Torne Labarta,1,26.5,1591.0,12.0,6.0,11.0,0.0,0.0,6.0,11.0,0.0,0.0,1.0,3.0,4.0,2.0,3.0,1.0,0.0,1.0,1.0,2.0,12.0,-15.0,54.5,54.5,0.0,0.0,1.1,0.0,0.0,4.4,10.8,7.9,25.0,1.9,0.0,21.4,25.5,
2479810,19,981304,DISHELEC 65 VILADECANS,HOME,2082380,J. Torreño Jimenez,J. Torreño Jimenez,1,24.0,1439.0,7.0,2.0,4.0,1.0,2.0,3.0,6.0,0.0,0.0,2.0,0.0,2.0,0.0,1.0,0.0,0.0,0.0,2.0,2.0,5.0,-24.0,58.3,58.3,33.3,0.0,1.0,1.5,0.0,9.8,0.0,4.4,0.0,0.0,0.0,14.3,14.1,
2479810,19,981304,DISHELEC 65 VILADECANS,HOME,2146979,N. Sanchez Marques,N. Sanchez Marques,0,23.1,1388.0,12.0,4.0,6.0,0.0,2.0,4.0,8.0,4.0,6.0,0.0,1.0,1.0,1.0,5.0,0.0,0.0,0.0,4.0,9.0,8.0,-4.0,56.4,50.0,25.0,75.0,1.3,0.0,0.7,0.0,4.1,2.3,12.5,0.0,0.0,32.0,32.7,
2479810,19,981304,DISHELEC 65 VILADECANS,HOME,1956668,M. Ribera Sanuy,M. Ribera Sanuy,0,19.0,1142.0,7.0,1.0,2.0,1.0,1.0,2.0,3.0,2.0,4.0,0.0,0.0,0.0,1.0,0.0,1.0,0.0,0.0,1.0,2.0,7.0,-3.0,73.5,83.3,33.3,133.3,1.0,3.0,2.0,0.0,0.0,0.0,12.5,2.7,0.0,0.0,12.1,
2479810,19,981304,DISHELEC 65 VILADECANS,HOME,1663009,Q. Ubia Llunell,Q. Ubia Llunell,1,19.6,1174.0,0.0,0.0,2.0,0.0,1.0,0.0,3.0,0.0,0.0,0.0,5.0,5.0,1.0,1.0,0.0,0.0,0.0,3.0,0.0,-1.0,-13.0,0.0,0.0,33.3,0.0,0.0,0.0,0.0,0.0,24.3,13.4,10.0,0.0,0.0,25.0,9.9,
2479810,19,981167,SEGLE XXI,AWAY,2153172,M. Cintas Diaz,M. Cintas Diaz,1,28.2,1694.0,10.0,3.0,4.0,0.0,1.0,3.0,5.0,4.0,4.0,0.0,1.0,1.0,3.0,3.0,2.0,0.0,0.0,3.0,3.0,11.0,24.0,74.0,60.0,20.0,80.0,1.5,0.0,1.3,0.0,4.2,1.9,20.7,3.6,0.0,30.7,14.4,
2479810,19,981167,SEGLE XXI,AWAY,2289362,D. Garcia Dominguez,D. Garcia Dominguez,0,16.1,968.0,9.0,1.0,4.0,2.0,3.0,3.0,7.0,1.0,2.0,2.0,2.0,4.0,3.0,0.0,1.0,0.0,0.0,4.0,4.0,12.0,9.0,57.1,57.1,42.9,28.6,0.5,2.0,0.5,11.8,14.6,13.1,42.9,3.2,0.0,0.0,20.3,
2479810,19,981167,SEGLE XXI,AWAY,2320695,A. Plans Bellavista,A. Plans Bellavista,0,10.5,632.0,3.0,0.0,0.0,1.0,3.0,1.0,3.0,0.0,0.0,0.0,1.0,1.0,0.0,1.0,1.0,0.0,0.0,2.0,0.0,0.0,-5.0,50.0,50.0,100.0,0.0,0.0,1.0,0.0,0.0,11.2,5.0,0.0,4.8,0.0,25.0,15.8,
2479810,19,981167,SEGLE XXI,AWAY,2448425,N. Cordón Elizarán,N. Cordón Elizarán,0,3.9,232.0,0.0,0.0,1.0,0.0,0.0,0.0,1.0,0.0,0.0,0.0,2.0,2.0,0.0,0.0,0.0,0.0,0.0,0.0,0.0,1.0,-2.0,0.0,0.0,0.0,0.0,0.0,0.0,0.0,0.0,60.3,27.0,0.0,0.0,0.0,0.0,10.6,
2479810,19,981167,SEGLE XXI,AWAY,2528757,I. Garcia Fernandez,I. Garcia Fernandez,1,17.7,1062.0,6.0,2.0,5.0,0.0,0.0,2.0,5.0,2.0,5.0,3.0,7.0,10.0,0.0,1.0,5.0,0.0,0.0,2.0,3.0,15.0,5.0,41.7,40.0,0.0,100.0,0.8,0.0,1.7,16.1,46.5,29.7,0.0,14.3,0.0,12.2,19.2,
2479810,19,981167,SEGLE XXI,AWAY,2244483,S. Nde Akawung,S. Nde Akawung,1,25.8,1550.0,6.0,2.0,8.0,0.0,1.0,2.0,9.0,2.0,2.0,4.0,4.0,8.0,2.0,4.0,1.0,0.0,0.0,0.0,2.0,8.0,3.0,30.4,22.2,11.1,22.2,0.5,0.0,1.0,14.8,18.2,16.3,15.4,2.0,0.0,28.8,22.3,
2479810,19,981167,SEGLE XXI,AWAY,2196865,M. Carbó Medina,M. Carbó Medina,0,19.0,1142.0,13.0,0.0,2.0,4.0,6.0,4.0,8.0,1.0,4.0,4.0,0.0,4.0,2.0,1.0,1.0,0.0,0.0,4.0,2.0,10.0,13.0,66.6,75.0,75.0,50.0,0.0,2.0,2.0,20.1,0.0,11.1,23.5,2.7,0.0,9.3,23.5,
2479810,19,981167,SEGLE XXI,AWAY,2528756,M. Zarzuelo Oroz,M. Zarzuelo Oroz,0,3.6,216.0,2.0,1.0,1.0,0.0,0.0,1.0,1.0,0.0,0.0,0.0,1.0,1.0,0.0,0.0,0.0,0.0,0.0,0.0,0.0,3.0,1.0,100.0,100.0,0.0,0.0,2.0,0.0,0.0,0.0,32.7,14.6,0.0,0.0,0.0,0.0,11.5,
2479810,19,981167,SEGLE XXI,AWAY,2639399,S. Okafor Ofoegbu,S. Okafor Ofoegbu,1,28.5,1712.0,8.0,1.0,9.0,1.0,4.0,2.0,13.0,3.0,6.0,1.0,3.0,4.0,1.0,4.0,2.0,0.0,0.0,0.0,6.0,3.0,9.0,25.6,19.2,30.8,46.2,0.2,0.8,1.0,3.3,12.4,7.4,6.5,3.6,0.0,20.4,28.6,
2479810,19,981167,SEGLE XXI,AWAY,2454402,S. Fernandez De Cuevas Martinez,S. Fernandez De Cuevas Martinez,1,16.2,972.0,5.0,1.0,2.0,1.0,4.0,2.0,6.0,0.0,0.0,0.0,2.0,2.0,2.0,0.0,1.0,0.0,0.0,4.0,0.0,2.0,6.0,41.7,41.7,66.7,0.0,1.0,0.8,0.0,0.0,14.5,6.5,25.0,3.1,0.0,0.0,15.4,
2479810,19,981167,SEGLE XXI,AWAY,2229661,B. Asensio Senosiáin,B. Asensio Senosiáin,0,12.8,770.0,3.0,0.0,2.0,1.0,1.0,1.0,3.0,0.0,0.0,0.0,1.0,1.0,0.0,1.0,1.0,0.0,0.0,1.0,0.0,1.0,17.0,50.0,50.0,33.3,0.0,0.0,3.0,0.0,0.0,9.2,4.1,0.0,4.0,0.0,25.0,13.0,
2479810,19,981167,SEGLE XXI,AWAY,2461439,A. Smykovskaia,A. Smykovskaia,0,17.5,1050.0,9.0,4.0,8.0,0.0,0.0,4.0,8.0,1.0,3.0,5.0,6.0,11.0,0.0,1.0,1.0,1.0,0.0,2.0,2.0,15.0,10.0,48.3,50.0,0.0,37.5,1.0,0.0,1.5,27.2,40.3,33.1,0.0,2.9,5.7,9.7,24.5,
2479811,19,981229,SPAR GRAN CANARIA,HOME,2203305,L. Perez Castro,L. Perez Castro,1,26.5,1592.0,10.0,2.0,3.0,2.0,7.0,4.0,10.0,0.0,0.0,0.0,3.0,3.0,1.0,2.0,3.0,0.0,0.0,3.0,0.0,6.0,27.0,50.0,50.0,70.0,0.0,1.3,0.9,0.0,0.0,11.6,5.5,4.7,5.9,0.0,16.7,17.8,
2479811,19,981229,SPAR GRAN CANARIA,HOME,2288451,A. Hernandez Martinez,A. Hernandez Martinez,0,9.9,594.0,0.0,0.0,3.0,0.0,2.0,0.0,5.0,0.0,0.0,0.0,0.0,0.0,3.0,0.0,1.0,0.0,0.0,1.0,0.0,-2.0,-4.0,0.0,0.0,40.0,0.0,0.0,0.0,0.0,0.0,0.0,0.0,41.7,5.2,0.0,0.0,19.8,
2479811,19,981229,SPAR GRAN CANARIA,HOME,2230179,A. Garcia San Blas,A. Garcia San Blas,0,13.5,808.0,5.0,1.0,1.0,1.0,6.0,2.0,7.0,0.0,0.0,0.0,2.0,2.0,4.0,1.0,1.0,0.0,0.0,1.0,1.0,6.0,9.0,35.7,35.7,85.7,0.0,2.0,0.5,0.0,0.0,15.2,7.2,45.5,3.8,0.0,12.5,23.2,
2479811,19,981229,SPAR GRAN CANARIA,HOME,2621781,F. Thiao,F. Thiao,0,15.6,937.0,11.0,4.0,6.0,0.0,0.0,4.0,6.0,3.0,5.0,2.0,3.0,5.0,0.0,1.0,0.0,0.0,0.0,2.0,3.0,12.0,6.0,67.1,66.7,0.0,83.3,1.3,0.0,1.7,11.9,19.7,15.6,0.0,0.0,0.0,10.9,23.1,
2479811,19,981229,SPAR GRAN CANARIA,HOME,2340752,N. Prado Plumed,N. Prado Plumed,0,8.1,487.0,0.0,0.0,0.0,0.0,3.0,0.0,3.0,0.0,0.0,2.0,1.0,3.0,0.0,0.0,0.0,0.0,0.0,2.0,0.0,-2.0,2.0,0.0,0.0,100.0,0.0,0.0,0.0,0.0,23.0,12.7,18.1,0.0,0.0,0.0,0.0,14.5,
2479811,19,981229,SPAR GRAN CANARIA,HOME,2340893,S. Redondo De Santa Ana,S. Redondo De Santa Ana,0,7.0,417.0,0.0,0.0,1.0,0.0,0.0,0.0,1.0,0.0,0.0,0.0,0.0,0.0,1.0,0.0,0.0,0.0,0.0,0.0,0.0,0.0,1.0,0.0,0.0,0.0,0.0,0.0,0.0,0.0,0.0,0.0,0.0,13.9,0.0,0.0,0.0,5.6,
2479811,19,981229,SPAR GRAN CANARIA,HOME,2494285,A. Mbengue Sánchez,A. Mbengue Sánchez,1,29.5,1770.0,17.0,7.0,13.0,0.0,0.0,7.0,13.0,3.0,4.0,3.0,6.0,9.0,5.0,3.0,1.0,0.0,0.0,3.0,2.0,21.0,36.0,57.6,53.8,0.0,30.8,1.1,0.0,2.0,9.5,20.9,14.9,27.5,1.8,0.0,16.9,23.6,
2479811,19,981229,SPAR GRAN CANARIA,HOME,2251955,M. Ocurto Mendes,M. Ocurto Mendes,1,24.3,1457.0,12.0,1.0,1.0,2.0,6.0,3.0,7.0,4.0,4.0,0.0,2.0,2.0,4.0,1.0,2.0,0.0,0.0,1.0,2.0,16.0,34.0,68.5,57.1,85.7,57.1,2.0,1.0,2.0,0.0,8.4,4.0,21.5,4.3,0.0,10.2,15.8,
2479811,19,981229,SPAR GRAN CANARIA,HOME,2292843,M. Rodríguez Sánchez,M. Rodríguez Sánchez,0,8.4,502.0,0.0,0.0,0.0,0.0,0.0,0.0,0.0,0.0,0.0,2.0,1.0,3.0,1.0,0.0,1.0,0.0,0.0,1.0,0.0,4.0,4.0,0.0,0.0,0.0,0.0,0.0,0.0,0.0,22.1,12.2,17.4,13.9,6.2,0.0,0.0,0.0,
2479811,19,981229,SPAR GRAN CANARIA,HOME,2352279,T. Ezeanatogu Ezeonu,T. Ezeanatogu Ezeonu,1,34.1,2045.0,15.0,7.0,13.0,0.0,0.0,7.0,13.0,1.0,4.0,6.0,6.0,12.0,9.0,2.0,2.0,1.0,0.0,3.0,3.0,28.0,35.0,50.8,53.8,0.0,30.8,1.1,0.0,1.3,16.4,18.0,17.2,35.4,3.0,3.6,11.9,19.3,
2479811,19,981229,SPAR GRAN CANARIA,HOME,2643570,L. Toure,L. Toure,1,23.2,1391.0,24.0,9.0,14.0,0.0,0.0,9.0,14.0,6.0,8.0,7.0,7.0,14.0,1.0,2.0,0.0,1.0,0.0,2.0,6.0,35.0,30.0,68.5,64.3,0.0,57.1,1.3,0.0,1.3,28.1,30.9,29.4,7.9,0.0,5.2,10.2,33.0,
2479811,19,979775,BASKET ALMEDA,AWAY,1929994,M. Garcia Menéndez,M. Garcia Menéndez,1,25.7,1544.0,9.0,2.0,4.0,1.0,3.0,3.0,7.0,2.0,2.0,2.0,1.0,3.0,1.0,2.0,4.0,0.0,0.0,3.0,3.0,11.0,-10.0,57.1,50.0,42.9,28.6,1.0,1.0,0.7,8.0,3.6,5.7,10.4,7.8,0.0,20.2,18.1,
2479811,19,979775,BASKET ALMEDA,AWAY,1893303,L. Tierno Martí,L. Tierno Martí,1,28.7,1723.0,1.0,0.0,2.0,0.0,6.0,0.0,8.0,1.0,2.0,0.0,1.0,1.0,4.0,3.0,1.0,0.0,0.0,0.0,2.0,-3.0,-33.0,5.6,0.0,75.0,25.0,0.0,0.0,1.0,0.0,3.2,1.7,27.2,1.7,0.0,25.3,19.5,
2479811,19,979775,BASKET ALMEDA,AWAY,1398197,C. Tapia Palacio,C. Tapia Palacio,1,25.9,1554.0,0.0,0.0,0.0,0.0,4.0,0.0,4.0,0.0,0.0,0.0,3.0,3.0,2.0,2.0,0.0,0.0,0.0,0.0,1.0,0.0,-38.0,0.0,0.0,100.0,0.0,0.0,0.0,0.0,0.0,10.8,5.7,15.9,0.0,0.0,33.3,10.9,
2479811,19,979775,BASKET ALMEDA,AWAY,2157230,L. Jove Fuste,L. Jove Fuste,0,26.9,1615.0,9.0,0.0,2.0,3.0,7.0,3.0,9.0,0.0,2.0,0.0,0.0,0.0,3.0,7.0,1.0,0.0,0.0,2.0,2.0,-2.0,-12.0,45.5,50.0,77.8,22.2,0.0,1.3,1.0,0.0,0.0,0.0,25.6,1.9,0.0,41.5,29.5,
2479811,19,979775,BASKET ALMEDA,AWAY,2256492,M. Ibáñez Granero,M. Ibáñez Granero,0,15.4,922.0,6.0,1.0,1.0,1.0,3.0,2.0,4.0,1.0,2.0,0.0,0.0,0.0,1.0,0.0,0.0,0.0,0.0,1.0,1.0,4.0,-23.0,61.5,62.5,75.0,50.0,2.0,1.0,2.0,0.0,0.0,0.0,15.6,0.0,0.0,0.0,14.9,
2479811,19,979775,BASKET ALMEDA,AWAY,1923707,C. Diaz-Guerra Prats,C. Diaz-Guerra Prats,0,0.2,12.0,2.0,1.0,1.0,0.0,0.0,1.0,1.0,0.0,0.0,0.0,0.0,0.0,0.0,0.0,0.0,0.0,0.0,0.0,0.0,2.0,0.0,100.0,100.0,0.0,0.0,2.0,0.0,0.0,0.0,0.0,0.0,-0.0,0.0,0.0,0.0,235.2,
2479811,19,979775,BASKET ALMEDA,AWAY,2054903,A. Cojocariu,A. Cojocariu,0,28.4,1707.0,15.0,6.0,9.0,0.0,3.0,6.0,12.0,3.0,4.0,2.0,5.0,7.0,4.0,2.0,2.0,0.0,0.0,3.0,4.0,20.0,-13.0,54.5,50.0,25.0,33.3,1.3,0.0,1.0,7.2,16.4,12.0,46.0,3.5,0.0,12.7,26.1,
2479811,19,979775,BASKET ALMEDA,AWAY,2147731,D. Peris Fons,D. Peris Fons,1,21.7,1302.0,2.0,1.0,5.0,0.0,1.0,1.0,6.0,0.0,0.0,3.0,4.0,7.0,1.0,1.0,1.0,0.0,1.0,4.0,0.0,1.0,-23.0,16.7,16.7,16.7,0.0,0.4,0.0,0.0,14.2,17.1,15.7,10.5,2.3,0.0,14.3,15.2,
2479811,19,979775,BASKET ALMEDA,AWAY,2440587,M. Coll-Vinent Olle,M. Coll-Vinent Olle,1,27.0,1621.0,14.0,5.0,9.0,0.0,0.0,5.0,9.0,4.0,4.0,1.0,7.0,8.0,4.0,1.0,0.0,0.0,1.0,4.0,6.0,23.0,-28.0,65.1,55.6,0.0,44.4,1.1,0.0,0.7,3.8,24.1,14.5,41.2,0.0,0.0,8.5,20.5,
2479812,19,979778,MAGEC TÍAS LANZAROTE CONTRA LA VIOLENCIA DE GÉNERO,HOME,2178381,E. Lozano Sosa,E. Lozano Sosa,0,2.6,154.0,0.0,0.0,0.0,0.0,0.0,0.0,0.0,0.0,0.0,0.0,0.0,0.0,0.0,0.0,0.0,0.0,0.0,2.0,0.0,-2.0,-5.0,0.0,0.0,0.0,0.0,0.0,0.0,0.0,0.0,0.0,0.0,0.0,0.0,0.0,0.0,0.0,
2479812,19,979778,MAGEC TÍAS LANZAROTE CONTRA LA VIOLENCIA DE GÉNERO,HOME,1100445,Y. Garcia Gonzalez,Y. Garcia Gonzalez,1,40.0,2400.0,19.0,7.0,12.0,0.0,0.0,7.0,12.0,5.0,6.0,1.0,5.0,6.0,2.0,6.0,1.0,1.0,0.0,2.0,6.0,21.0,3.0,64.9,58.3,0.0,50.0,1.2,0.0,1.0,3.1,13.5,8.7,9.5,1.3,2.4,29.1,24.8,
2479812,19,979778,MAGEC TÍAS LANZAROTE CONTRA LA VIOLENCIA DE GÉNERO,HOME,1995747,S. Hisado Santos,S. Hisado Santos,1,20.4,1225.0,3.0,0.0,1.0,1.0,1.0,1.0,2.0,0.0,0.0,2.0,1.0,3.0,3.0,2.0,3.0,0.0,0.0,3.0,1.0,7.0,3.0,75.0,75.0,50.0,0.0,0.0,3.0,0.0,12.3,5.3,8.5,23.1,7.8,0.0,50.0,9.4,
2479812,19,979778,MAGEC TÍAS LANZAROTE CONTRA LA VIOLENCIA DE GÉNERO,HOME,1695414,C. Mateo Cañada,C. Mateo Cañada,1,29.2,1752.0,13.0,5.0,12.0,1.0,2.0,6.0,14.0,0.0,0.0,3.0,7.0,10.0,4.0,0.0,0.0,0.0,0.0,1.0,0.0,18.0,4.0,46.4,46.4,14.3,0.0,0.8,1.5,0.0,12.8,25.9,19.9,29.4,0.0,0.0,0.0,23.0,
2479812,19,979778,MAGEC TÍAS LANZAROTE CONTRA LA VIOLENCIA DE GÉNERO,HOME,2824664,B. Snorradottir,B. Snorradottir,0,12.3,740.0,4.0,1.0,3.0,0.0,1.0,1.0,4.0,2.0,4.0,2.0,3.0,5.0,0.0,1.0,1.0,0.0,0.0,1.0,2.0,5.0,0.0,34.7,25.0,25.0,100.0,0.7,0.0,2.0,20.3,26.4,23.6,0.0,4.3,0.0,14.8,26.4,
2479812,19,979778,MAGEC TÍAS LANZAROTE CONTRA LA VIOLENCIA DE GÉNERO,HOME,2524794,M. Marinho Junqueira,M. Marinho Junqueira,1,35.7,2144.0,10.0,3.0,6.0,1.0,9.0,4.0,15.0,1.0,1.0,0.0,8.0,8.0,3.0,3.0,1.0,0.0,0.0,1.0,1.0,8.0,-1.0,32.4,30.0,60.0,6.7,1.0,0.3,1.0,0.0,24.2,13.0,14.2,1.5,0.0,16.3,24.8,
2479812,19,979778,MAGEC TÍAS LANZAROTE CONTRA LA VIOLENCIA DE GÉNERO,HOME,2379074,N. Zabala Gabilondo,N. Zabala Gabilondo,1,32.4,1945.0,14.0,5.0,8.0,1.0,2.0,6.0,10.0,1.0,1.0,1.0,6.0,7.0,6.0,3.0,1.0,0.0,0.0,1.0,2.0,22.0,-4.0,67.0,65.0,20.0,10.0,1.2,1.5,0.5,3.9,20.0,12.5,36.6,1.6,0.0,22.3,19.9,
2479812,19,979778,MAGEC TÍAS LANZAROTE CONTRA LA VIOLENCIA DE GÉNERO,HOME,1681307,E. Iranzo Gutierrez,E. Iranzo Gutierrez,0,27.3,1640.0,7.0,2.0,3.0,1.0,3.0,3.0,6.0,0.0,0.0,0.0,0.0,0.0,3.0,0.0,1.0,0.0,0.0,3.0,0.0,5.0,15.0,58.3,58.3,50.0,0.0,1.3,1.0,0.0,0.0,0.0,0.0,18.1,1.9,0.0,0.0,10.6,
2479812,19,981212,ELSAMEX CB ANDRATX,AWAY,2553411,N. Jeng,N. Jeng,1,17.3,1038.0,4.0,1.0,6.0,0.0,1.0,1.0,7.0,2.0,2.0,1.0,6.0,7.0,4.0,0.0,0.0,0.0,0.0,2.0,1.0,8.0,4.0,25.4,14.3,14.3,28.6,0.3,0.0,2.0,6.2,43.4,23.5,40.8,0.0,0.0,0.0,22.1,
2479812,19,981212,ELSAMEX CB ANDRATX,AWAY,1461086,P. Comella Pons,P. Comella Pons,1,34.9,2093.0,22.0,7.0,9.0,2.0,8.0,9.0,17.0,2.0,4.0,1.0,2.0,3.0,3.0,1.0,3.0,0.0,0.0,1.0,3.0,22.0,0.0,58.6,58.8,47.1,23.5,1.6,0.8,1.3,3.1,7.2,5.0,19.6,4.6,0.0,5.1,27.5,
2479812,19,981212,ELSAMEX CB ANDRATX,AWAY,2036170,A. Peregrina Garcia,A. Peregrina Garcia,1,29.8,1788.0,7.0,1.0,5.0,1.0,6.0,2.0,11.0,2.0,2.0,1.0,4.0,5.0,5.0,3.0,2.0,0.0,1.0,1.0,4.0,10.0,-6.0,29.5,22.7,54.5,18.2,0.4,0.5,0.5,3.6,16.8,9.7,29.6,3.6,0.0,20.2,24.3,
2479812,19,981212,ELSAMEX CB ANDRATX,AWAY,1489116,B. Gual Castillo,B. Gual Castillo,1,28.5,1710.0,12.0,3.0,4.0,2.0,5.0,5.0,9.0,0.0,0.0,0.0,5.0,5.0,4.0,1.0,1.0,0.0,0.0,0.0,1.0,18.0,-4.0,66.7,66.7,55.6,0.0,1.5,1.2,0.0,0.0,21.9,10.2,28.8,1.9,0.0,10.0,17.1,
2479812,19,981212,ELSAMEX CB ANDRATX,AWAY,1762758,P. Charro Och,P. Charro Och,1,18.7,1124.0,13.0,5.0,6.0,1.0,3.0,6.0,9.0,0.0,2.0,1.0,1.0,2.0,1.0,0.0,0.0,0.0,0.0,2.0,1.0,10.0,-4.0,65.8,72.2,33.3,22.2,1.7,1.0,2.0,5.8,6.7,6.2,13.3,0.0,0.0,0.0,25.7,
2479812,19,981212,ELSAMEX CB ANDRATX,AWAY,1579078,H. Condom Rosell,H. Condom Rosell,0,21.1,1266.0,1.0,0.0,3.0,0.0,1.0,0.0,4.0,1.0,2.0,2.0,3.0,5.0,0.0,0.0,1.0,0.0,0.0,3.0,1.0,0.0,-3.0,10.2,0.0,25.0,50.0,0.0,0.0,2.0,10.2,17.8,13.7,0.0,2.6,0.0,0.0,11.2,
2479812,19,981212,ELSAMEX CB ANDRATX,AWAY,2148958,M. López Martí,M. López Martí,0,16.2,970.0,4.0,2.0,2.0,0.0,0.0,2.0,2.0,0.0,0.0,0.0,2.0,2.0,2.0,0.0,3.0,0.0,0.0,1.0,2.0,12.0,-3.0,100.0,100.0,0.0,0.0,2.0,0.0,0.0,0.0,15.4,7.2,22.7,10.0,0.0,0.0,6.0,
2479812,19,981212,ELSAMEX CB ANDRATX,AWAY,2276474,L. García Rivera,L. García Rivera,0,16.5,990.0,2.0,1.0,3.0,0.0,0.0,1.0,3.0,0.0,0.0,1.0,0.0,1.0,1.0,0.0,1.0,0.0,0.0,0.0,1.0,4.0,-1.0,33.3,33.3,0.0,0.0,0.7,0.0,0.0,6.6,0.0,3.5,10.2,3.3,0.0,0.0,8.8,
2479812,19,981212,ELSAMEX CB ANDRATX,AWAY,2294809,P. Sans Cantallops,P. Sans Cantallops,0,17.0,1021.0,2.0,1.0,4.0,0.0,3.0,1.0,7.0,0.0,0.0,0.0,0.0,0.0,2.0,3.0,1.0,0.0,0.0,2.0,0.0,-6.0,2.0,14.3,14.3,42.9,0.0,0.5,0.0,0.0,0.0,0.0,0.0,20.4,3.2,0.0,30.0,28.6,
2479813,19,981209,CB CLARET BENIMACLET,HOME,1886112,S. Afonso Gonzalez,S. Afonso Gonzalez,1,32.6,1955.0,14.0,2.0,2.0,3.0,6.0,5.0,8.0,1.0,2.0,0.0,1.0,1.0,8.0,1.0,2.0,0.0,0.0,0.0,2.0,22.0,18.0,78.8,81.2,75.0,25.0,2.0,1.5,1.0,0.0,3.0,1.7,48.2,3.2,0.0,10.1,15.4,
2479813,19,981209,CB CLARET BENIMACLET,HOME,2209715,J. Sarrio Asensio,J. Sarrio Asensio,0,10.8,646.0,8.0,1.0,1.0,2.0,3.0,3.0,4.0,0.0,0.0,0.0,2.0,2.0,0.0,1.0,0.0,0.0,0.0,0.0,1.0,9.0,-12.0,100.0,100.0,75.0,0.0,2.0,2.0,0.0,0.0,18.1,10.3,0.0,0.0,0.0,20.0,23.6,
2479813,19,981209,CB CLARET BENIMACLET,HOME,1853228,J. Rochina Troncoso,J. Rochina Troncoso,1,22.2,1331.0,5.0,1.0,2.0,1.0,5.0,2.0,7.0,0.0,0.0,1.0,7.0,8.0,2.0,2.0,2.0,0.0,0.0,3.0,0.0,7.0,3.0,35.7,35.7,71.4,0.0,1.0,0.6,0.0,5.8,30.8,20.0,14.1,4.7,0.0,22.2,20.7,
2479813,19,981209,CB CLARET BENIMACLET,HOME,1840053,P. Garcia Garcia,P. Garcia Garcia,0,17.6,1057.0,10.0,1.0,2.0,2.0,4.0,3.0,6.0,2.0,2.0,0.0,7.0,7.0,2.0,2.0,1.0,1.0,0.0,1.0,2.0,17.0,5.0,72.7,66.7,66.7,33.3,1.0,1.5,1.0,0.0,38.8,22.1,25.6,3.0,5.5,22.5,25.7,
2479813,19,981209,CB CLARET BENIMACLET,HOME,2281500,L. Liern Ruiz,L. Liern Ruiz,0,4.3,256.0,0.0,0.0,0.0,0.0,0.0,0.0,0.0,0.0,0.0,0.0,0.0,0.0,0.0,0.0,0.0,0.0,0.0,1.0,0.0,-1.0,-4.0,0.0,0.0,0.0,0.0,0.0,0.0,0.0,0.0,0.0,0.0,0.0,0.0,0.0,0.0,0.0,
2479813,19,981209,CB CLARET BENIMACLET,HOME,1767443,M. Cuellar Bayarri,M. Cuellar Bayarri,1,30.1,1809.0,12.0,6.0,12.0,0.0,0.0,6.0,12.0,0.0,0.0,0.0,6.0,6.0,1.0,0.0,1.0,0.0,0.0,2.0,2.0,14.0,10.0,50.0,50.0,0.0,0.0,1.0,0.0,0.0,0.0,19.4,11.1,6.4,1.7,0.0,0.0,20.3,
2479813,19,981209,CB CLARET BENIMACLET,HOME,1984467,G. Lopez Cuesta,G. Lopez Cuesta,0,22.2,1335.0,3.0,0.0,4.0,1.0,2.0,1.0,6.0,0.0,0.0,1.0,2.0,3.0,1.0,1.0,0.0,0.0,1.0,4.0,0.0,-3.0,-1.0,25.0,25.0,33.3,0.0,0.0,1.5,0.0,5.8,8.8,7.5,6.6,0.0,0.0,14.3,16.1,
2479813,19,981209,CB CLARET BENIMACLET,HOME,1506842,E. Cases Rey,E. Cases Rey,1,30.6,1835.0,18.0,1.0,4.0,4.0,9.0,5.0,13.0,4.0,4.0,0.0,2.0,2.0,1.0,2.0,0.0,0.0,1.0,2.0,4.0,13.0,7.0,61.0,53.8,69.2,30.8,0.5,1.3,1.0,0.0,6.4,3.6,6.0,0.0,0.0,11.9,27.9,
2479813,19,981209,CB CLARET BENIMACLET,HOME,1994256,T. Toledo Navarro,T. Toledo Navarro,0,3.8,230.0,0.0,0.0,0.0,0.0,1.0,0.0,1.0,0.0,0.0,0.0,2.0,2.0,0.0,0.0,0.0,0.0,0.0,0.0,0.0,1.0,1.0,0.0,0.0,100.0,0.0,0.0,0.0,0.0,0.0,51.3,29.2,0.0,0.0,0.0,0.0,13.4,
2479813,19,981209,CB CLARET BENIMACLET,HOME,1749591,I. Garrido Perez,I. Garrido Perez,1,25.8,1546.0,5.0,1.0,3.0,1.0,4.0,2.0,7.0,0.0,0.0,2.0,4.0,6.0,2.0,2.0,0.0,0.0,0.0,0.0,0.0,6.0,13.0,35.7,35.7,57.1,0.0,0.7,0.8,0.0,10.0,15.1,12.9,14.1,0.0,0.0,22.2,17.8,
2479813,19,981414,HIERROS DÍAZ EXTREMADURA MIRALVALLE,AWAY,1707378,M. Pérez Castro,M. Pérez Castro,1,20.2,1210.0,6.0,1.0,4.0,1.0,2.0,2.0,6.0,1.0,2.0,1.0,3.0,4.0,0.0,1.0,0.0,0.0,0.0,2.0,3.0,5.0,-11.0,43.6,41.7,33.3,33.3,0.5,1.5,0.7,4.8,19.2,11.0,0.0,0.0,0.0,12.7,18.3,
2479813,19,981414,HIERROS DÍAZ EXTREMADURA MIRALVALLE,AWAY,2818302,V. Michel,V. Michel,0,28.3,1697.0,13.0,5.0,9.0,0.0,0.0,5.0,9.0,3.0,4.0,2.0,3.0,5.0,1.0,1.0,0.0,0.0,0.0,1.0,4.0,16.0,-4.0,60.4,55.6,0.0,44.4,1.1,0.0,1.0,6.9,13.7,9.8,8.0,0.0,0.0,8.5,19.5,
2479813,19,981414,HIERROS DÍAZ EXTREMADURA MIRALVALLE,AWAY,2557107,I. Serrano Alvarez,I. Serrano Alvarez,1,30.4,1826.0,7.0,1.0,5.0,0.0,1.0,1.0,6.0,5.0,6.0,2.0,3.0,5.0,5.0,4.0,0.0,0.0,0.0,0.0,3.0,10.0,-1.0,40.5,16.7,16.7,100.0,0.4,0.0,2.0,6.4,12.7,9.1,26.3,0.0,0.0,31.6,19.6,
2479813,19,981414,HIERROS DÍAZ EXTREMADURA MIRALVALLE,AWAY,2734458,L. Navas Castro,L. Navas Castro,0,26.5,1588.0,9.0,3.0,7.0,1.0,4.0,4.0,11.0,0.0,0.0,1.0,4.0,5.0,3.0,1.0,4.0,0.0,0.0,2.0,0.0,11.0,-4.0,40.9,40.9,36.4,0.0,0.9,0.8,0.0,3.7,19.5,10.5,22.2,8.1,0.0,8.3,21.3,
2479813,19,981414,HIERROS DÍAZ EXTREMADURA MIRALVALLE,AWAY,1724925,M. Romero Garrido,M. Romero Garrido,1,37.6,2254.0,17.0,4.0,6.0,3.0,10.0,7.0,16.0,0.0,0.0,0.0,4.0,4.0,3.0,1.0,1.0,0.0,1.0,3.0,0.0,12.0,-2.0,53.1,53.1,62.5,0.0,1.3,0.9,0.0,0.0,13.7,5.9,19.4,1.4,0.0,5.9,21.3,
2479813,19,981414,HIERROS DÍAZ EXTREMADURA MIRALVALLE,AWAY,2566363,P. Laurenson Cheynel,P. Laurenson Cheynel,1,18.6,1113.0,0.0,0.0,2.0,0.0,0.0,0.0,2.0,0.0,0.0,1.0,4.0,5.0,2.0,2.0,0.0,0.0,0.0,1.0,0.0,2.0,-7.0,0.0,0.0,0.0,0.0,0.0,0.0,0.0,5.2,27.7,14.9,16.0,0.0,0.0,50.0,10.1,
2479813,19,981414,HIERROS DÍAZ EXTREMADURA MIRALVALLE,AWAY,2845561,S. Brown,S. Brown,0,11.4,683.0,4.0,2.0,2.0,0.0,2.0,2.0,4.0,0.0,0.0,0.0,3.0,3.0,3.0,2.0,0.0,1.0,0.0,0.0,0.0,7.0,-5.0,50.0,50.0,50.0,0.0,2.0,0.0,0.0,0.0,34.0,14.6,54.5,0.0,11.7,33.3,24.8,
2479813,19,981414,HIERROS DÍAZ EXTREMADURA MIRALVALLE,AWAY,1529427,C. Lazaro Hernandez,C. Lazaro Hernandez,1,27.1,1629.0,11.0,3.0,6.0,1.0,6.0,4.0,12.0,2.0,4.0,1.0,3.0,4.0,2.0,0.0,2.0,1.0,0.0,2.0,3.0,11.0,-6.0,40.0,37.5,50.0,33.3,1.0,0.5,1.3,3.6,14.3,8.2,14.8,4.0,4.9,0.0,23.9,
2479814,19,980023,GEIEG PACISA,HOME,1949920,J. Pairo Urtos,J. Pairo Urtos,0,20.5,1232.0,6.0,0.0,0.0,1.0,3.0,1.0,3.0,3.0,6.0,0.0,5.0,5.0,0.0,0.0,2.0,0.0,0.0,3.0,3.0,8.0,20.0,53.2,50.0,100.0,200.0,0.0,1.0,2.0,0.0,34.8,16.5,0.0,4.9,0.0,0.0,12.5,
2479814,19,980023,GEIEG PACISA,HOME,1917788,M. Carbo Cachinero,M. Carbo Cachinero,0,15.7,939.0,7.0,2.0,4.0,0.0,1.0,2.0,5.0,3.0,3.0,1.0,0.0,1.0,0.0,3.0,7.0,0.0,0.0,1.0,3.0,11.0,10.0,55.4,40.0,20.0,60.0,1.0,0.0,1.0,8.2,0.0,4.3,0.0,22.4,0.0,32.2,27.1,
2479814,19,980023,GEIEG PACISA,HOME,1944150,M. Melero Bravo,M. Melero Bravo,1,27.3,1639.0,20.0,7.0,11.0,0.0,0.0,7.0,11.0,6.0,9.0,0.0,4.0,4.0,2.0,3.0,6.0,0.0,1.0,1.0,8.0,29.0,0.0,66.8,63.6,0.0,81.8,1.3,0.0,1.1,0.0,20.9,9.9,31.7,11.1,0.0,16.7,30.0,
2479814,19,980023,GEIEG PACISA,HOME,1748049,N. Bagaria Rovira,N. Bagaria Rovira,0,6.1,365.0,3.0,0.0,0.0,1.0,1.0,1.0,1.0,0.0,0.0,0.0,1.0,1.0,1.0,3.0,2.0,0.0,0.0,0.0,0.0,4.0,7.0,150.0,150.0,100.0,0.0,0.0,3.0,0.0,0.0,23.4,11.1,35.7,16.5,0.0,75.0,29.9,
2479814,19,980023,GEIEG PACISA,HOME,1667386,C. Morente Lopez,C. Morente Lopez,1,22.7,1360.0,0.0,0.0,1.0,0.0,0.0,0.0,1.0,0.0,0.0,0.0,1.0,1.0,1.0,2.0,2.0,0.0,0.0,2.0,1.0,0.0,19.0,0.0,0.0,0.0,0.0,0.0,0.0,0.0,0.0,6.3,3.0,8.8,4.4,0.0,66.7,6.0,
2479814,19,980023,GEIEG PACISA,HOME,1968963,A. Talasimov,A. Talasimov,1,17.8,1067.0,11.0,2.0,5.0,1.0,2.0,3.0,7.0,4.0,6.0,0.0,4.0,4.0,0.0,1.0,0.0,0.0,1.0,2.0,4.0,10.0,15.0,57.1,50.0,28.6,85.7,0.8,1.5,1.5,0.0,32.1,15.2,0.0,0.0,0.0,9.4,27.3,
2479814,19,980023,GEIEG PACISA,HOME,1567998,V. Gonzalez Olaizola,V. Gonzalez Olaizola,0,27.7,1661.0,7.0,0.0,6.0,0.0,0.0,0.0,6.0,7.0,10.0,5.0,6.0,11.0,1.0,3.0,1.0,1.0,0.0,3.0,5.0,11.0,7.0,33.7,0.0,0.0,166.7,0.0,0.0,2.0,23.3,30.9,26.9,7.5,1.8,4.8,22.4,22.1,
2479814,19,980023,GEIEG PACISA,HOME,1666109,A. Coma Perpiña,A. Coma Perpiña,1,25.4,1523.0,6.0,1.0,5.0,1.0,2.0,2.0,7.0,1.0,2.0,1.0,1.0,2.0,0.0,3.0,4.0,0.0,0.0,0.0,2.0,5.0,-1.0,38.1,35.7,28.6,28.6,0.4,1.5,1.0,5.1,5.6,5.3,0.0,7.9,0.0,27.6,19.5,
2479814,19,980023,GEIEG PACISA,HOME,1926754,J. Fernandez Pinsach,J. Fernandez Pinsach,1,19.0,1142.0,5.0,2.0,5.0,0.0,0.0,2.0,5.0,1.0,2.0,1.0,2.0,3.0,0.0,2.0,2.0,0.0,0.0,4.0,1.0,1.0,14.0,42.5,40.0,0.0,40.0,0.8,0.0,2.0,6.8,15.0,10.7,0.0,5.3,0.0,25.4,18.9,
2479814,19,980023,GEIEG PACISA,HOME,2239082,N. Mitjanas Costa,N. Mitjanas Costa,0,15.5,930.0,2.0,1.0,5.0,0.0,0.0,1.0,5.0,0.0,0.0,0.0,0.0,0.0,0.0,0.0,0.0,0.0,0.0,1.0,0.0,-3.0,2.0,20.0,20.0,0.0,0.0,0.4,0.0,0.0,0.0,0.0,0.0,0.0,0.0,0.0,0.0,14.7,
2479814,19,980023,GEIEG PACISA,HOME,2059054,A. Riera Buil,A. Riera Buil,0,2.4,142.0,0.0,0.0,0.0,0.0,0.0,0.0,0.0,0.0,0.0,0.0,0.0,0.0,0.0,0.0,0.0,0.0,0.0,0.0,0.0,0.0,2.0,0.0,0.0,0.0,0.0,0.0,0.0,0.0,0.0,0.0,0.0,0.0,0.0,0.0,0.0,0.0,
2479814,19,981227,DPES CB CIUDAD DE MOSTOLES,AWAY,2040603,P. Gonzalez Gonzalez,P. Gonzalez Gonzalez,0,26.7,1602.0,9.0,3.0,5.0,1.0,4.0,4.0,9.0,0.0,0.0,0.0,2.0,2.0,2.0,7.0,3.0,0.0,0.0,4.0,0.0,0.0,-9.0,50.0,50.0,44.4,0.0,1.2,0.8,0.0,0.0,9.7,5.1,21.5,5.6,0.0,43.8,28.7,
2479814,19,981227,DPES CB CIUDAD DE MOSTOLES,AWAY,2162836,D. Vaquero Martinez,D. Vaquero Martinez,1,17.6,1057.0,2.0,1.0,3.0,0.0,0.0,1.0,3.0,0.0,0.0,0.0,1.0,1.0,1.0,1.0,2.0,0.0,0.0,2.0,0.0,1.0,-9.0,33.3,33.3,0.0,0.0,0.7,0.0,0.0,0.0,7.3,3.9,15.2,5.7,0.0,25.0,10.9,
2479814,19,981227,DPES CB CIUDAD DE MOSTOLES,AWAY,1981139,S. Blanco Guitian,S. Blanco Guitian,0,12.9,777.0,2.0,1.0,1.0,0.0,0.0,1.0,1.0,0.0,0.0,0.0,1.0,1.0,3.0,0.0,2.0,0.0,0.0,1.0,0.0,7.0,-1.0,100.0,100.0,0.0,0.0,2.0,0.0,0.0,0.0,10.0,5.3,63.8,7.8,0.0,0.0,3.7,
2479814,19,981227,DPES CB CIUDAD DE MOSTOLES,AWAY,1178705,A. Peredo Lopez,A. Peredo Lopez,0,18.7,1123.0,3.0,0.0,1.0,1.0,4.0,1.0,5.0,0.0,0.0,0.0,5.0,5.0,0.0,0.0,1.0,1.0,0.0,1.0,1.0,6.0,-10.0,30.0,30.0,80.0,0.0,0.0,0.8,0.0,0.0,34.5,18.1,0.0,2.7,5.1,0.0,12.8,
2479814,19,981227,DPES CB CIUDAD DE MOSTOLES,AWAY,1222687,B. Moreno Hurtado,B. Moreno Hurtado,0,19.5,1169.0,4.0,1.0,1.0,0.0,3.0,1.0,4.0,2.0,2.0,1.0,5.0,6.0,1.0,1.0,0.0,0.0,0.0,3.0,5.0,9.0,2.0,41.0,25.0,75.0,50.0,2.0,0.0,0.4,7.3,33.1,20.9,11.8,0.0,0.0,17.0,14.4,
2479814,19,981227,DPES CB CIUDAD DE MOSTOLES,AWAY,1819108,N. Gomez Cobo,N. Gomez Cobo,1,18.1,1087.0,5.0,1.0,3.0,1.0,3.0,2.0,6.0,0.0,0.0,1.0,4.0,5.0,3.0,0.0,1.0,1.0,1.0,3.0,2.0,10.0,-12.0,41.7,41.7,50.0,0.0,0.7,1.0,0.0,7.9,28.5,18.7,40.0,2.8,5.3,0.0,15.9,
2479814,19,981227,DPES CB CIUDAD DE MOSTOLES,AWAY,2035086,M. Gamez Martinez,M. Gamez Martinez,0,21.0,1261.0,7.0,3.0,3.0,0.0,1.0,3.0,4.0,1.0,2.0,0.0,2.0,2.0,0.0,6.0,4.0,0.0,0.0,4.0,2.0,3.0,-9.0,71.7,75.0,25.0,50.0,2.0,0.0,1.0,0.0,12.3,6.5,0.0,9.6,0.0,55.1,24.8,
2479814,19,981227,DPES CB CIUDAD DE MOSTOLES,AWAY,1589173,M. Correa Villalona,M. Correa Villalona,1,14.9,895.0,2.0,1.0,3.0,0.0,0.0,1.0,3.0,0.0,0.0,0.0,1.0,1.0,1.0,5.0,3.0,0.0,0.0,3.0,3.0,0.0,-6.0,33.3,33.3,0.0,0.0,0.7,0.0,0.0,0.0,8.7,4.6,15.2,10.1,0.0,62.5,25.7,
2479814,19,981227,DPES CB CIUDAD DE MOSTOLES,AWAY,1740994,B. Rodríguez Bazaga,B. Rodríguez Bazaga,1,26.8,1608.0,5.0,1.0,2.0,1.0,7.0,2.0,9.0,0.0,0.0,0.0,0.0,0.0,1.0,4.0,0.0,0.0,0.0,2.0,1.0,-6.0,-23.0,27.8,27.8,77.8,0.0,1.0,0.4,0.0,0.0,0.0,0.0,8.8,0.0,0.0,30.8,23.2,
2479814,19,981227,DPES CB CIUDAD DE MOSTOLES,AWAY,2404223,E. Abubakar Arrey,E. Abubakar Arrey,1,23.7,1421.0,9.0,3.0,8.0,0.0,0.0,3.0,8.0,3.0,4.0,2.0,2.0,4.0,1.0,4.0,2.0,0.0,0.0,4.0,3.0,5.0,-18.0,46.1,37.5,0.0,50.0,0.8,0.0,1.3,12.1,10.9,11.4,11.9,4.2,0.0,29.1,27.8,
2479815,19,981286,ESCO GRUPO FEMENINO ALCORCON,HOME,2095287,G. Escorial Ferrero,G. Escorial Ferrero,0,16.2,973.0,3.0,1.0,4.0,0.0,1.0,1.0,5.0,1.0,2.0,3.0,3.0,6.0,1.0,3.0,1.0,0.0,0.0,3.0,2.0,2.0,3.0,25.5,20.0,20.0,40.0,0.5,0.0,1.0,16.8,25.5,20.3,13.5,3.4,0.0,33.8,23.7,
2479815,19,981286,ESCO GRUPO FEMENINO ALCORCON,HOME,2162538,C. Del Amo Sevillano,C. Del Amo Sevillano,1,23.2,1395.0,7.0,1.0,3.0,0.0,3.0,1.0,6.0,5.0,6.0,1.0,4.0,5.0,1.0,1.0,1.0,0.0,0.0,4.0,4.0,7.0,12.0,40.5,16.7,50.0,100.0,0.7,0.0,1.5,3.9,23.8,11.8,8.6,2.4,0.0,10.4,18.0,
2479815,19,981286,ESCO GRUPO FEMENINO ALCORCON,HOME,2182200,L. Bernardo Perez,L. Bernardo Perez,0,12.3,739.0,1.0,0.0,2.0,0.0,2.0,0.0,4.0,1.0,2.0,2.0,3.0,5.0,2.0,0.0,1.0,0.0,0.0,2.0,3.0,5.0,1.0,10.2,0.0,50.0,50.0,0.0,0.0,0.7,14.8,33.6,22.3,31.7,4.5,0.0,0.0,17.2,
2479815,19,981286,ESCO GRUPO FEMENINO ALCORCON,HOME,2012796,M. Blanco Eusebio,M. Blanco Eusebio,1,31.0,1860.0,14.0,1.0,3.0,3.0,7.0,4.0,10.0,3.0,4.0,0.0,4.0,4.0,2.0,1.0,1.0,0.0,0.0,1.0,3.0,15.0,7.0,59.5,55.0,70.0,40.0,0.7,1.3,1.3,0.0,17.8,7.1,15.6,1.8,0.0,7.8,17.8,
2479815,19,981286,ESCO GRUPO FEMENINO ALCORCON,HOME,1535457,M. Aranda Fraile,M. Aranda Fraile,1,25.4,1526.0,3.0,0.0,1.0,1.0,3.0,1.0,4.0,0.0,0.0,0.0,1.0,1.0,1.0,2.0,3.0,0.0,0.0,2.0,0.0,1.0,-3.0,37.5,37.5,75.0,0.0,0.0,1.0,0.0,0.0,5.4,2.2,8.6,6.5,0.0,33.3,10.2,
2479815,19,981286,ESCO GRUPO FEMENINO ALCORCON,HOME,2822982,Y. Sifaoui Bucero,Y. Sifaoui Bucero,1,15.9,954.0,6.0,2.0,10.0,0.0,0.0,2.0,10.0,2.0,2.0,3.0,3.0,6.0,1.0,2.0,0.0,0.0,1.0,1.0,2.0,4.0,-8.0,27.6,20.0,0.0,20.0,0.4,0.0,1.0,17.2,26.0,20.7,15.6,0.0,0.0,15.5,35.1,
2479815,19,981286,ESCO GRUPO FEMENINO ALCORCON,HOME,2128123,N. Ipo Seriche-Dougan,N. Ipo Seriche-Dougan,0,26.4,1585.0,10.0,4.0,6.0,0.0,2.0,4.0,8.0,2.0,4.0,2.0,0.0,2.0,1.0,0.0,1.0,0.0,0.0,2.0,3.0,9.0,19.0,51.2,50.0,25.0,50.0,1.3,0.0,1.3,6.9,0.0,4.2,9.3,2.1,0.0,0.0,16.0,
2479815,19,981286,ESCO GRUPO FEMENINO ALCORCON,HOME,2164976,A. Martínez Mora,A. Martínez Mora,1,16.3,976.0,4.0,2.0,3.0,0.0,3.0,2.0,6.0,0.0,0.0,0.0,2.0,2.0,1.0,0.0,1.0,0.0,0.0,2.0,0.0,2.0,-9.0,33.3,33.3,50.0,0.0,1.3,0.0,0.0,0.0,16.9,6.7,15.6,3.4,0.0,0.0,15.9,
2479815,19,981286,ESCO GRUPO FEMENINO ALCORCON,HOME,1869823,D. Miliauskaite,D. Miliauskaite,0,20.9,1256.0,12.0,3.0,9.0,1.0,3.0,4.0,12.0,3.0,4.0,3.0,3.0,6.0,0.0,3.0,2.0,4.0,1.0,2.0,3.0,13.0,16.0,43.6,37.5,25.0,33.3,0.7,1.0,1.3,13.0,19.8,15.7,0.0,5.2,20.7,17.9,34.7,
2479815,19,981286,ESCO GRUPO FEMENINO ALCORCON,HOME,2176383,I. Camiña Rodriguez,I. Camiña Rodriguez,0,12.3,736.0,7.0,0.0,0.0,2.0,4.0,2.0,4.0,1.0,2.0,0.0,0.0,0.0,1.0,0.0,1.0,0.0,0.0,2.0,2.0,6.0,12.0,71.7,75.0,100.0,50.0,0.0,1.5,1.0,0.0,0.0,0.0,23.3,4.5,0.0,0.0,17.2,
2479815,19,981335,CESUR DISTRITO OLIMPICO,AWAY,2286837,B. Arranz Albero,B. Arranz Albero,0,19.6,1175.0,0.0,0.0,6.0,0.0,2.0,0.0,8.0,0.0,0.0,0.0,3.0,3.0,1.0,2.0,0.0,0.0,2.0,2.0,2.0,-6.0,-24.0,0.0,0.0,25.0,0.0,0.0,0.0,0.0,0.0,13.9,8.4,10.0,0.0,0.0,20.0,25.9,
2479815,19,981335,CESUR DISTRITO OLIMPICO,AWAY,1811220,S. Francisco Abos,S. Francisco Abos,1,20.1,1203.0,0.0,0.0,1.0,0.0,4.0,0.0,5.0,0.0,0.0,0.0,7.0,7.0,1.0,0.0,0.0,0.0,0.0,0.0,0.0,3.0,15.0,0.0,0.0,80.0,0.0,0.0,0.0,0.0,0.0,31.7,19.1,10.0,0.0,0.0,0.0,12.6,
2479815,19,981335,CESUR DISTRITO OLIMPICO,AWAY,2031383,A. Picos Porras,A. Picos Porras,1,31.8,1910.0,16.0,6.0,9.0,0.0,1.0,6.0,10.0,4.0,4.0,1.0,6.0,7.0,0.0,2.0,0.0,0.0,1.0,4.0,6.0,19.0,-14.0,68.0,60.0,10.0,40.0,1.3,0.0,0.7,4.3,17.2,12.1,0.0,0.0,0.0,14.5,21.9,
2479815,19,981335,CESUR DISTRITO OLIMPICO,AWAY,1871488,M. Gomez Hernandez,M. Gomez Hernandez,1,8.7,524.0,3.0,0.0,0.0,1.0,2.0,1.0,2.0,0.0,0.0,0.0,0.0,0.0,2.0,1.0,0.0,0.0,0.0,1.0,0.0,2.0,-8.0,75.0,75.0,100.0,0.0,0.0,1.5,0.0,0.0,0.0,0.0,66.7,0.0,0.0,33.3,17.5,
2479815,19,981335,CESUR DISTRITO OLIMPICO,AWAY,1676283,B. Sanchez Campillo,B. Sanchez Campillo,0,2.8,170.0,0.0,0.0,0.0,0.0,1.0,0.0,1.0,0.0,0.0,0.0,0.0,0.0,0.0,0.0,0.0,0.0,0.0,0.0,0.0,-1.0,4.0,0.0,0.0,100.0,0.0,0.0,0.0,0.0,0.0,0.0,0.0,0.0,0.0,0.0,0.0,18.1,
2479815,19,981335,CESUR DISTRITO OLIMPICO,AWAY,2035834,M. Martinez Majan,M. Martinez Majan,0,21.0,1258.0,8.0,2.0,4.0,0.0,0.0,2.0,4.0,4.0,6.0,3.0,2.0,5.0,0.0,1.0,1.0,0.0,1.0,1.0,4.0,12.0,-3.0,60.2,50.0,0.0,150.0,1.0,0.0,1.5,19.7,8.7,13.0,0.0,2.4,0.0,13.1,18.4,
2479815,19,981335,CESUR DISTRITO OLIMPICO,AWAY,2226680,J. Masip Lámbarri,J. Masip Lámbarri,0,4.1,246.0,0.0,0.0,1.0,0.0,0.0,0.0,1.0,0.0,0.0,0.0,1.0,1.0,0.0,1.0,0.0,0.0,0.0,2.0,0.0,-3.0,0.0,0.0,0.0,0.0,0.0,0.0,0.0,0.0,0.0,22.2,13.4,0.0,0.0,0.0,50.0,24.7,
2479815,19,981335,CESUR DISTRITO OLIMPICO,AWAY,1832824,C. Leal Flores,C. Leal Flores,0,12.9,772.0,2.0,0.0,1.0,0.0,0.0,0.0,1.0,2.0,2.0,0.0,0.0,0.0,1.0,1.0,0.0,0.0,0.0,4.0,1.0,-2.0,-8.0,53.2,0.0,0.0,200.0,0.0,0.0,2.0,0.0,0.0,0.0,16.7,0.0,0.0,34.7,11.3,
2479815,19,981335,CESUR DISTRITO OLIMPICO,AWAY,1562695,A. González Ramírez,A. González Ramírez,1,22.7,1360.0,9.0,3.0,4.0,1.0,1.0,4.0,5.0,0.0,0.0,1.0,2.0,3.0,5.0,3.0,1.0,0.0,0.0,3.0,2.0,13.0,0.0,90.0,90.0,20.0,0.0,1.5,3.0,0.0,6.1,8.0,7.2,62.5,2.2,0.0,37.5,17.9,
2479815,19,981335,CESUR DISTRITO OLIMPICO,AWAY,2160293,V. Lopez Riaño,V. Lopez Riaño,1,32.5,1953.0,12.0,4.0,9.0,0.0,3.0,4.0,12.0,4.0,6.0,1.0,7.0,8.0,1.0,3.0,1.0,2.0,0.0,2.0,4.0,13.0,-6.0,41.0,33.3,25.0,50.0,0.9,0.0,1.5,4.2,19.6,13.5,8.3,1.6,6.0,17.0,27.5,
2479815,19,981335,CESUR DISTRITO OLIMPICO,AWAY,1677519,R. Flores Aguado,R. Flores Aguado,0,22.1,1326.0,7.0,2.0,2.0,1.0,3.0,3.0,5.0,0.0,0.0,0.0,2.0,2.0,1.0,2.0,1.0,0.0,0.0,2.0,2.0,7.0,-1.0,70.0,70.0,60.0,0.0,2.0,1.0,0.0,0.0,8.2,5.0,11.1,2.3,0.0,28.6,16.1,
2479815,19,981335,CESUR DISTRITO OLIMPICO,AWAY,2800814,A. Emusi Adeniran,A. Emusi Adeniran,0,1.7,103.0,0.0,0.0,0.0,0.0,0.0,0.0,0.0,0.0,0.0,0.0,0.0,0.0,0.0,1.0,0.0,0.0,0.0,1.0,0.0,-2.0,-5.0,0.0,0.0,0.0,0.0,0.0,0.0,0.0,0.0,0.0,0.0,0.0,0.0,0.0,100.0,29.8,
2479816,20,981286,ESCO GRUPO FEMENINO ALCORCON,HOME,2095287,G. Escorial Ferrero,G. Escorial Ferrero,1,32.6,1954.0,10.0,5.0,11.0,0.0,1.0,5.0,12.0,0.0,0.0,8.0,8.0,16.0,0.0,3.0,4.0,1.0,1.0,3.0,4.0,22.0,-5.0,41.7,41.7,8.3,0.0,0.9,0.0,0.0,23.0,28.3,25.4,0.0,6.2,3.4,20.0,19.6,
2479816,20,981286,ESCO GRUPO FEMENINO ALCORCON,HOME,2182200,L. Bernardo Perez,L. Bernardo Perez,0,22.5,1351.0,16.0,1.0,2.0,4.0,10.0,5.0,12.0,2.0,2.0,1.0,2.0,3.0,1.0,1.0,1.0,0.0,0.0,2.0,1.0,12.0,2.0,62.1,58.3,83.3,16.7,1.0,1.2,2.0,4.2,10.3,6.9,10.5,2.2,0.0,7.2,26.2,
2479816,20,981286,ESCO GRUPO FEMENINO ALCORCON,HOME,2012796,M. Blanco Eusebio,M. Blanco Eusebio,1,36.5,2191.0,7.0,2.0,9.0,1.0,5.0,3.0,14.0,0.0,0.0,1.0,3.0,4.0,6.0,2.0,4.0,0.0,0.0,2.0,4.0,10.0,10.0,25.0,25.0,35.7,0.0,0.4,0.6,0.0,2.6,9.5,5.7,29.7,5.5,0.0,12.5,18.6,
2479816,20,981286,ESCO GRUPO FEMENINO ALCORCON,HOME,1535457,M. Aranda Fraile,M. Aranda Fraile,1,25.3,1519.0,2.0,1.0,1.0,0.0,2.0,1.0,3.0,0.0,1.0,1.0,0.0,1.0,0.0,2.0,2.0,0.0,1.0,2.0,0.0,-2.0,6.0,29.1,33.3,66.7,33.3,2.0,0.0,0.0,3.7,0.0,2.0,0.0,4.0,0.0,36.8,9.1,
2479816,20,981286,ESCO GRUPO FEMENINO ALCORCON,HOME,2822982,Y. Sifaoui Bucero,Y. Sifaoui Bucero,1,13.5,809.0,2.0,1.0,4.0,0.0,0.0,1.0,4.0,0.0,0.0,1.0,4.0,5.0,0.0,2.0,0.0,0.0,0.0,3.0,0.0,-1.0,6.0,25.0,25.0,0.0,0.0,0.5,0.0,0.0,6.9,34.2,19.2,0.0,0.0,0.0,33.3,18.9,
2479816,20,981286,ESCO GRUPO FEMENINO ALCORCON,HOME,2128123,N. Ipo Seriche-Dougan,N. Ipo Seriche-Dougan,0,22.3,1339.0,15.0,3.0,4.0,2.0,11.0,5.0,15.0,3.0,4.0,2.0,3.0,5.0,4.0,1.0,0.0,0.0,0.0,1.0,2.0,13.0,3.0,44.7,40.0,73.3,26.7,1.5,0.5,2.0,8.4,15.5,11.6,42.1,0.0,0.0,5.6,33.9,
2479816,20,981286,ESCO GRUPO FEMENINO ALCORCON,HOME,2164976,A. Martínez Mora,A. Martínez Mora,1,18.0,1080.0,2.0,1.0,3.0,0.0,3.0,1.0,6.0,0.0,0.0,0.0,1.0,1.0,2.0,1.0,1.0,0.0,0.0,3.0,0.0,-3.0,-4.0,16.7,16.7,50.0,0.0,0.7,0.0,0.0,0.0,6.4,2.9,18.9,2.8,0.0,14.3,16.5,
2479816,20,981286,ESCO GRUPO FEMENINO ALCORCON,HOME,1869823,D. Miliauskaite,D. Miliauskaite,0,31.5,1891.0,18.0,3.0,5.0,3.0,6.0,6.0,11.0,3.0,4.0,2.0,9.0,11.0,2.0,2.0,3.0,1.0,0.0,4.0,7.0,30.0,-1.0,70.5,68.2,54.5,36.4,1.2,1.5,0.6,6.0,33.0,18.1,14.0,4.8,3.5,13.6,19.9,
2479816,20,981286,ESCO GRUPO FEMENINO ALCORCON,HOME,2176383,I. Camiña Rodriguez,I. Camiña Rodriguez,0,22.8,1366.0,5.0,1.0,2.0,1.0,7.0,2.0,9.0,0.0,0.0,0.0,0.0,0.0,0.0,1.0,1.0,0.0,0.0,4.0,0.0,-6.0,8.0,27.8,27.8,77.8,0.0,1.0,0.4,0.0,0.0,0.0,0.0,0.0,2.2,0.0,10.0,18.6,
2479816,20,979892,C. B. ISLA BONITA,AWAY,1131087,B. Armengol Vall,B. Armengol Vall,1,37.6,2259.0,11.0,3.0,6.0,0.0,4.0,3.0,10.0,5.0,9.0,1.0,3.0,4.0,5.0,4.0,2.0,0.0,0.0,1.0,7.0,13.0,-1.0,39.4,30.0,40.0,90.0,1.0,0.0,1.3,3.1,7.5,5.5,32.5,2.7,0.0,22.3,21.8,
2479816,20,979892,C. B. ISLA BONITA,AWAY,1870487,T. Gonzalez Soto,T. Gonzalez Soto,0,19.3,1158.0,7.0,2.0,4.0,1.0,4.0,3.0,8.0,0.0,0.0,0.0,4.0,4.0,2.0,2.0,1.0,0.0,0.0,0.0,2.0,9.0,-6.0,43.8,43.8,50.0,0.0,1.0,0.8,0.0,0.0,19.4,10.7,32.3,2.6,0.0,20.0,23.7,
2479816,20,979892,C. B. ISLA BONITA,AWAY,1853281,I. Bautista Villaverde,I. Bautista Villaverde,0,14.9,892.0,1.0,0.0,0.0,0.0,5.0,0.0,5.0,1.0,2.0,1.0,0.0,1.0,0.0,1.0,0.0,0.0,0.0,1.0,1.0,-5.0,-8.0,8.5,0.0,100.0,40.0,0.0,0.0,2.0,7.7,0.0,3.5,0.0,0.0,0.0,14.5,21.1,
2479816,20,979892,C. B. ISLA BONITA,AWAY,2816643,E. Motekaitytè,E. Motekaitytè,1,25.9,1556.0,10.0,3.0,4.0,1.0,1.0,4.0,5.0,1.0,2.0,1.0,4.0,5.0,1.0,2.0,0.0,0.0,0.0,3.0,1.0,10.0,5.0,85.0,90.0,20.0,40.0,1.5,3.0,2.0,4.5,14.5,10.0,10.2,0.0,0.0,25.4,13.9,
2479816,20,979892,C. B. ISLA BONITA,AWAY,2171960,M. Colom Elosúa,M. Colom Elosúa,1,29.4,1766.0,13.0,3.0,6.0,1.0,1.0,4.0,7.0,4.0,5.0,0.0,1.0,1.0,0.0,2.0,3.0,1.0,0.0,2.0,2.0,12.0,2.0,70.7,64.3,14.3,71.4,1.0,3.0,2.5,0.0,3.2,1.8,0.0,5.1,3.7,17.9,17.4,
2479816,20,979892,C. B. ISLA BONITA,AWAY,2524874,M. Vulovic,M. Vulovic,1,27.6,1653.0,10.0,3.0,9.0,0.0,1.0,3.0,10.0,4.0,6.0,1.0,12.0,13.0,2.0,6.0,1.0,1.0,1.0,3.0,7.0,16.0,2.0,39.6,30.0,10.0,60.0,0.7,0.0,0.9,4.2,40.8,24.4,18.5,1.8,4.0,32.2,30.8,
2479816,20,979892,C. B. ISLA BONITA,AWAY,1471341,M. Rosales Elejabeita,M. Rosales Elejabeita,0,21.1,1267.0,1.0,0.0,1.0,0.0,0.0,0.0,1.0,1.0,4.0,2.0,2.0,4.0,3.0,2.0,0.0,0.0,1.0,3.0,3.0,2.0,-8.0,18.1,0.0,0.0,400.0,0.0,0.0,1.3,10.9,8.9,9.8,26.1,0.0,0.0,42.0,10.3,
2479816,20,979892,C. B. ISLA BONITA,AWAY,1372464,M. Carballo Diaz,M. Carballo Diaz,0,1.8,106.0,0.0,0.0,0.0,0.0,0.0,0.0,0.0,0.0,0.0,0.0,0.0,0.0,0.0,0.0,1.0,0.0,0.0,0.0,0.0,1.0,-1.0,0.0,0.0,0.0,0.0,0.0,0.0,0.0,0.0,0.0,0.0,0.0,27.8,0.0,0.0,0.0,
2479816,20,979892,C. B. ISLA BONITA,AWAY,2816642,N. Cunill Peña,N. Cunill Peña,0,15.4,924.0,4.0,2.0,6.0,0.0,0.0,2.0,6.0,0.0,0.0,1.0,5.0,6.0,1.0,1.0,0.0,0.0,0.0,2.0,0.0,4.0,-9.0,33.3,33.3,0.0,0.0,0.7,0.0,0.0,7.5,30.4,20.2,20.4,0.0,0.0,14.3,20.8,
2479816,20,979892,C. B. ISLA BONITA,AWAY,2524609,A. Glomazic,A. Glomazic,1,32.0,1919.0,15.0,1.0,5.0,3.0,5.0,4.0,10.0,4.0,5.0,2.0,1.0,3.0,1.0,2.0,1.0,0.0,0.0,3.0,1.0,9.0,-1.0,61.5,55.0,50.0,50.0,0.4,1.8,5.0,7.2,2.9,4.8,8.3,1.6,0.0,14.1,20.3,
2479817,20,981335,CESUR DISTRITO OLIMPICO,HOME,2286837,B. Arranz Albero,B. Arranz Albero,0,20.9,1257.0,14.0,3.0,5.0,1.0,4.0,4.0,9.0,5.0,8.0,0.0,1.0,1.0,0.0,0.0,2.0,0.0,1.0,1.0,5.0,13.0,-9.0,55.9,50.0,44.4,88.9,1.2,0.8,1.6,0.0,4.2,2.5,0.0,4.8,0.0,0.0,30.6,
2479817,20,981335,CESUR DISTRITO OLIMPICO,HOME,1811220,S. Francisco Abos,S. Francisco Abos,1,20.8,1246.0,13.0,2.0,3.0,2.0,5.0,4.0,8.0,3.0,3.0,0.0,1.0,1.0,1.0,2.0,2.0,0.0,0.0,2.0,3.0,12.0,7.0,69.7,62.5,62.5,37.5,1.3,1.2,1.0,0.0,4.2,2.5,16.7,4.8,0.0,17.7,27.8,
2479817,20,981335,CESUR DISTRITO OLIMPICO,HOME,2031383,A. Picos Porras,A. Picos Porras,1,23.5,1411.0,8.0,2.0,5.0,1.0,5.0,3.0,10.0,1.0,2.0,0.0,6.0,6.0,2.0,2.0,0.0,0.0,1.0,4.0,3.0,5.0,-7.0,36.8,35.0,50.0,20.0,0.8,0.6,0.7,0.0,22.2,13.4,22.2,0.0,0.0,15.5,28.0,
2479817,20,981335,CESUR DISTRITO OLIMPICO,HOME,1871488,M. Gomez Hernandez,M. Gomez Hernandez,1,23.0,1380.0,5.0,2.0,5.0,0.0,2.0,2.0,7.0,1.0,2.0,0.0,2.0,2.0,2.0,6.0,2.0,0.0,0.0,3.0,2.0,-2.0,-8.0,31.7,28.6,28.6,28.6,0.8,0.0,1.0,0.0,7.6,4.6,20.0,4.4,0.0,43.2,30.9,
2479817,20,981335,CESUR DISTRITO OLIMPICO,HOME,2035834,M. Martinez Majan,M. Martinez Majan,0,15.0,900.0,0.0,0.0,1.0,0.0,1.0,0.0,2.0,0.0,0.0,0.0,3.0,3.0,0.0,2.0,1.0,0.0,0.0,1.0,0.0,-1.0,-1.0,0.0,0.0,50.0,0.0,0.0,0.0,0.0,0.0,17.4,10.5,0.0,3.3,0.0,50.0,13.6,
2479817,20,981335,CESUR DISTRITO OLIMPICO,HOME,2226680,J. Masip Lámbarri,J. Masip Lámbarri,0,15.2,912.0,3.0,1.0,1.0,0.0,0.0,1.0,1.0,1.0,2.0,2.0,4.0,6.0,0.0,2.0,1.0,0.0,0.0,4.0,1.0,4.0,-5.0,79.8,100.0,0.0,200.0,2.0,0.0,2.0,17.5,22.9,20.8,0.0,3.3,0.0,51.5,13.1,
2479817,20,981335,CESUR DISTRITO OLIMPICO,HOME,1832824,C. Leal Flores,C. Leal Flores,0,32.2,1933.0,4.0,2.0,4.0,0.0,1.0,2.0,5.0,0.0,0.0,1.0,5.0,6.0,2.0,2.0,0.0,0.0,0.0,3.0,0.0,4.0,0.0,40.0,40.0,20.0,0.0,1.0,0.0,0.0,4.1,13.5,9.8,14.3,0.0,0.0,28.6,11.1,
2479817,20,981335,CESUR DISTRITO OLIMPICO,HOME,1562695,A. González Ramírez,A. González Ramírez,1,19.5,1168.0,5.0,0.0,1.0,1.0,1.0,1.0,2.0,2.0,4.0,1.0,2.0,3.0,3.0,0.0,0.0,0.0,0.0,3.0,4.0,9.0,4.0,66.5,75.0,50.0,200.0,0.0,3.0,1.0,6.8,8.9,8.1,33.3,0.0,0.0,0.0,9.9,
2479817,20,981335,CESUR DISTRITO OLIMPICO,HOME,2160293,V. Lopez Riaño,V. Lopez Riaño,1,24.8,1488.0,6.0,3.0,6.0,0.0,0.0,3.0,6.0,0.0,0.0,2.0,8.0,10.0,0.0,2.0,1.0,1.0,0.0,5.0,3.0,11.0,0.0,50.0,50.0,0.0,0.0,1.0,0.0,0.0,10.8,28.1,21.2,0.0,2.0,3.2,25.0,16.5,
2479817,20,981335,CESUR DISTRITO OLIMPICO,HOME,1677519,R. Flores Aguado,R. Flores Aguado,0,2.3,138.0,0.0,0.0,0.0,0.0,0.0,0.0,0.0,0.0,0.0,0.0,0.0,0.0,0.0,0.0,0.0,0.0,0.0,1.0,0.0,-1.0,-4.0,0.0,0.0,0.0,0.0,0.0,0.0,0.0,0.0,0.0,0.0,0.0,0.0,0.0,0.0,0.0,
2479817,20,981335,CESUR DISTRITO OLIMPICO,HOME,2185253,P. Álvarez Honorato,P. Álvarez Honorato,0,2.8,167.0,0.0,0.0,0.0,0.0,0.0,0.0,0.0,0.0,0.0,0.0,0.0,0.0,0.0,1.0,0.0,0.0,0.0,1.0,0.0,-2.0,-2.0,0.0,0.0,0.0,0.0,0.0,0.0,0.0,0.0,0.0,0.0,0.0,0.0,0.0,100.0,18.3,
2479817,20,980023,GEIEG PACISA,AWAY,1949920,J. Pairo Urtos,J. Pairo Urtos,1,12.6,758.0,3.0,0.0,0.0,1.0,5.0,1.0,5.0,0.0,0.0,0.0,2.0,2.0,0.0,0.0,0.0,0.0,0.0,4.0,1.0,-2.0,-3.0,30.0,30.0,100.0,0.0,0.0,0.6,0.0,0.0,21.2,8.4,0.0,0.0,0.0,0.0,16.9,
2479817,20,980023,GEIEG PACISA,AWAY,1917788,M. Carbo Cachinero,M. Carbo Cachinero,0,19.2,1151.0,8.0,1.0,4.0,2.0,4.0,3.0,8.0,0.0,0.0,1.0,2.0,3.0,1.0,3.0,1.0,0.0,1.0,5.0,1.0,1.0,1.0,50.0,50.0,50.0,0.0,0.5,1.5,0.0,4.5,13.9,8.2,14.3,2.9,0.0,27.3,24.4,
2479817,20,980023,GEIEG PACISA,AWAY,1944150,M. Melero Bravo,M. Melero Bravo,1,27.5,1651.0,5.0,2.0,11.0,0.0,3.0,2.0,14.0,1.0,2.0,0.0,2.0,2.0,3.0,2.0,3.0,0.0,0.0,3.0,2.0,-3.0,9.0,16.8,14.3,21.4,14.3,0.4,0.0,1.0,0.0,9.7,3.8,25.0,6.0,0.0,11.8,26.2,
2479817,20,980023,GEIEG PACISA,AWAY,1667386,C. Morente Lopez,C. Morente Lopez,0,20.5,1230.0,2.0,1.0,1.0,0.0,0.0,1.0,1.0,0.0,0.0,0.0,1.0,1.0,2.0,2.0,0.0,0.0,0.0,0.0,2.0,5.0,1.0,100.0,100.0,0.0,0.0,2.0,0.0,0.0,0.0,6.5,2.6,22.2,0.0,0.0,66.7,6.2,
2479817,20,980023,GEIEG PACISA,AWAY,1968963,A. Talasimov,A. Talasimov,1,3.1,185.0,0.0,0.0,1.0,0.0,0.0,0.0,1.0,0.0,0.0,0.0,0.0,0.0,0.0,0.0,0.0,0.0,0.0,0.0,0.0,-1.0,1.0,0.0,0.0,0.0,0.0,0.0,0.0,0.0,0.0,0.0,0.0,0.0,0.0,0.0,0.0,13.8,
2479817,20,980023,GEIEG PACISA,AWAY,1567998,V. Gonzalez Olaizola,V. Gonzalez Olaizola,0,33.4,2005.0,1.0,0.0,6.0,0.0,0.0,0.0,6.0,1.0,4.0,3.0,9.0,12.0,2.0,3.0,2.0,1.0,0.0,0.0,1.0,7.0,5.0,6.4,0.0,0.0,66.7,0.0,0.0,4.0,7.8,35.9,18.9,12.5,3.3,3.9,27.9,13.7,
2479817,20,980023,GEIEG PACISA,AWAY,1666109,A. Coma Perpiña,A. Coma Perpiña,1,32.9,1975.0,24.0,6.0,11.0,1.0,3.0,7.0,14.0,9.0,11.0,2.0,2.0,4.0,3.0,1.0,1.0,0.0,0.0,4.0,10.0,28.0,14.0,63.7,53.6,21.4,78.6,1.1,1.0,1.1,5.3,8.1,6.4,33.3,1.7,0.0,5.0,25.7,
2479817,20,980023,GEIEG PACISA,AWAY,1926754,J. Fernandez Pinsach,J. Fernandez Pinsach,1,19.4,1167.0,9.0,2.0,9.0,0.0,0.0,2.0,9.0,5.0,8.0,5.0,4.0,9.0,0.0,2.0,2.0,1.0,0.0,3.0,5.0,11.0,8.0,35.9,22.2,0.0,88.9,0.4,0.0,1.6,22.4,27.5,24.4,0.0,5.7,6.7,13.8,31.9,
2479817,20,980023,GEIEG PACISA,AWAY,2239082,N. Mitjanas Costa,N. Mitjanas Costa,0,24.1,1443.0,9.0,2.0,6.0,1.0,1.0,3.0,7.0,2.0,4.0,2.0,2.0,4.0,1.0,1.0,0.0,0.0,0.0,3.0,5.0,9.0,-4.0,51.4,50.0,14.3,57.1,0.7,3.0,0.8,7.2,11.1,8.7,11.1,0.0,0.0,10.2,17.3,
2479817,20,980023,GEIEG PACISA,AWAY,2059054,A. Riera Buil,A. Riera Buil,0,7.2,435.0,2.0,1.0,1.0,0.0,0.0,1.0,1.0,0.0,0.0,1.0,0.0,1.0,0.0,1.0,0.0,0.0,0.0,0.0,0.0,2.0,-7.0,100.0,100.0,0.0,0.0,2.0,0.0,0.0,12.1,0.0,7.3,0.0,0.0,0.0,50.0,11.9,
2479818,20,981227,DPES CB CIUDAD DE MOSTOLES,HOME,2040603,P. Gonzalez Gonzalez,P. Gonzalez Gonzalez,1,29.5,1772.0,9.0,1.0,5.0,1.0,3.0,2.0,8.0,4.0,4.0,1.0,4.0,5.0,3.0,2.0,4.0,0.0,0.0,3.0,2.0,12.0,1.0,46.1,31.2,37.5,50.0,0.4,1.0,2.0,3.6,13.6,8.7,25.0,6.7,0.0,17.0,17.9,
2479818,20,981227,DPES CB CIUDAD DE MOSTOLES,HOME,2162836,D. Vaquero Martinez,D. Vaquero Martinez,0,22.4,1344.0,10.0,2.0,7.0,0.0,5.0,2.0,12.0,6.0,8.0,3.0,5.0,8.0,0.0,2.0,0.0,0.0,0.0,2.0,6.0,8.0,-11.0,32.2,16.7,41.7,66.7,0.6,0.0,1.3,14.1,22.3,18.3,0.0,0.0,0.0,11.4,35.2,
2479818,20,981227,DPES CB CIUDAD DE MOSTOLES,HOME,1981139,S. Blanco Guitian,S. Blanco Guitian,0,14.7,884.0,5.0,0.0,0.0,1.0,2.0,1.0,2.0,2.0,2.0,0.0,0.0,0.0,0.0,1.0,1.0,0.0,0.0,3.0,1.0,2.0,-8.0,86.8,75.0,100.0,100.0,0.0,1.5,2.0,0.0,0.0,0.0,0.0,3.3,0.0,25.8,11.9,
2479818,20,981227,DPES CB CIUDAD DE MOSTOLES,HOME,1178705,A. Peredo Lopez,A. Peredo Lopez,0,13.0,782.0,0.0,0.0,0.0,0.0,3.0,0.0,3.0,0.0,0.0,0.0,2.0,2.0,0.0,0.0,0.0,0.0,0.0,0.0,0.0,-1.0,-1.0,0.0,0.0,100.0,0.0,0.0,0.0,0.0,0.0,15.4,7.9,0.0,0.0,0.0,0.0,10.4,
2479818,20,981227,DPES CB CIUDAD DE MOSTOLES,HOME,1222687,B. Moreno Hurtado,B. Moreno Hurtado,0,23.7,1424.0,3.0,1.0,3.0,0.0,1.0,1.0,4.0,1.0,1.0,0.0,6.0,6.0,2.0,0.0,1.0,0.0,0.0,5.0,2.0,6.0,11.0,33.8,25.0,25.0,25.0,0.7,0.0,0.5,0.0,25.3,13.0,18.2,2.1,0.0,0.0,8.4,
2479818,20,981227,DPES CB CIUDAD DE MOSTOLES,HOME,2499420,C. Bokuy Angue,C. Bokuy Angue,0,3.4,203.0,0.0,0.0,0.0,0.0,1.0,0.0,1.0,0.0,0.0,0.0,1.0,1.0,0.0,0.0,0.0,0.0,0.0,0.0,1.0,1.0,-5.0,0.0,0.0,100.0,0.0,0.0,0.0,0.0,0.0,29.4,15.1,0.0,0.0,0.0,0.0,13.2,
2479818,20,981227,DPES CB CIUDAD DE MOSTOLES,HOME,1819108,N. Gomez Cobo,N. Gomez Cobo,1,11.5,689.0,2.0,1.0,1.0,0.0,0.0,1.0,1.0,0.0,0.0,1.0,2.0,3.0,0.0,0.0,1.0,0.0,0.0,0.0,2.0,8.0,-5.0,100.0,100.0,0.0,0.0,2.0,0.0,0.0,9.2,17.4,13.4,0.0,4.3,0.0,0.0,3.9,
2479818,20,981227,DPES CB CIUDAD DE MOSTOLES,HOME,2035086,M. Gamez Martinez,M. Gamez Martinez,0,28.9,1736.0,18.0,5.0,7.0,2.0,6.0,7.0,13.0,2.0,4.0,2.0,3.0,5.0,1.0,0.0,2.0,1.0,0.0,0.0,2.0,21.0,0.0,61.0,61.5,46.2,30.8,1.4,1.0,2.0,7.3,10.4,8.9,14.3,3.4,3.8,0.0,23.0,
2479818,20,981227,DPES CB CIUDAD DE MOSTOLES,HOME,1589173,M. Correa Villalona,M. Correa Villalona,1,11.2,672.0,1.0,0.0,1.0,0.0,0.0,0.0,1.0,1.0,2.0,0.0,0.0,0.0,0.0,4.0,2.0,0.0,0.0,1.0,2.0,-2.0,-13.0,26.6,0.0,0.0,200.0,0.0,0.0,1.0,0.0,0.0,0.0,0.0,8.8,0.0,68.0,23.6,
2479818,20,981227,DPES CB CIUDAD DE MOSTOLES,HOME,1740994,B. Rodríguez Bazaga,B. Rodríguez Bazaga,1,20.8,1247.0,12.0,2.0,2.0,2.0,7.0,4.0,9.0,2.0,2.0,0.0,1.0,1.0,0.0,2.0,0.0,0.0,0.0,4.0,1.0,3.0,-8.0,60.7,55.6,77.8,22.2,2.0,0.9,2.0,0.0,4.8,2.5,0.0,0.0,0.0,16.8,25.7,
2479818,20,981227,DPES CB CIUDAD DE MOSTOLES,HOME,1871083,A. Quesada Romero,A. Quesada Romero,0,8.5,510.0,6.0,0.0,0.0,2.0,5.0,2.0,5.0,0.0,0.0,1.0,1.0,2.0,1.0,0.0,0.0,0.0,0.0,0.0,0.0,6.0,-3.0,60.0,60.0,100.0,0.0,0.0,1.2,0.0,12.4,11.8,12.1,50.0,0.0,0.0,0.0,26.5,
2479818,20,981227,DPES CB CIUDAD DE MOSTOLES,HOME,2404223,E. Abubakar Arrey,E. Abubakar Arrey,1,12.3,737.0,0.0,0.0,3.0,0.0,0.0,0.0,3.0,0.0,4.0,3.0,5.0,8.0,0.0,4.0,0.0,0.0,0.0,4.0,3.0,-4.0,-18.0,0.0,0.0,0.0,133.3,0.0,0.0,1.3,25.7,40.7,33.4,0.0,0.0,0.0,45.7,32.1,
2479818,20,981209,CB CLARET BENIMACLET,AWAY,1886112,S. Afonso Gonzalez,S. Afonso Gonzalez,1,36.2,2171.0,15.0,2.0,9.0,3.0,8.0,5.0,17.0,2.0,2.0,0.0,1.0,1.0,4.0,2.0,3.0,0.0,1.0,2.0,3.0,10.0,15.0,41.9,38.2,47.1,11.8,0.4,1.1,0.7,0.0,2.9,1.4,24.1,4.3,0.0,10.1,24.0,
2479818,20,981209,CB CLARET BENIMACLET,AWAY,2209715,J. Sarrio Asensio,J. Sarrio Asensio,0,11.2,674.0,0.0,0.0,2.0,0.0,1.0,0.0,3.0,0.0,0.0,0.0,1.0,1.0,1.0,2.0,0.0,0.0,0.0,2.0,0.0,-5.0,-4.0,0.0,0.0,33.3,0.0,0.0,0.0,0.0,0.0,9.4,4.6,13.9,0.0,0.0,40.0,19.5,
2479818,20,981209,CB CLARET BENIMACLET,AWAY,1853228,J. Rochina Troncoso,J. Rochina Troncoso,1,21.8,1305.0,0.0,0.0,0.0,0.0,1.0,0.0,1.0,0.0,2.0,1.0,4.0,5.0,3.0,2.0,1.0,0.0,0.0,3.0,2.0,3.0,14.0,0.0,0.0,100.0,200.0,0.0,0.0,1.0,4.6,19.3,11.8,25.0,2.4,0.0,51.5,7.8,
2479818,20,981209,CB CLARET BENIMACLET,AWAY,1840053,P. Garcia Garcia,P. Garcia Garcia,0,15.9,953.0,4.0,1.0,2.0,0.0,2.0,1.0,4.0,2.0,3.0,2.0,2.0,4.0,2.0,0.0,1.0,0.0,0.0,1.0,2.0,8.0,1.0,37.6,25.0,50.0,75.0,1.0,0.0,1.5,12.6,13.2,12.9,23.3,3.2,0.0,0.0,14.6,
2479818,20,981209,CB CLARET BENIMACLET,AWAY,2281500,L. Liern Ruiz,L. Liern Ruiz,0,2.6,157.0,0.0,0.0,0.0,0.0,0.0,0.0,0.0,0.0,0.0,0.0,1.0,1.0,0.0,0.0,0.0,0.0,0.0,0.0,0.0,1.0,1.0,0.0,0.0,0.0,0.0,0.0,0.0,0.0,0.0,40.5,19.7,0.0,0.0,0.0,0.0,0.0,
2479818,20,981209,CB CLARET BENIMACLET,AWAY,1767443,M. Cuellar Bayarri,M. Cuellar Bayarri,1,25.3,1517.0,20.0,8.0,13.0,0.0,0.0,8.0,13.0,4.0,6.0,4.0,4.0,8.0,1.0,5.0,4.0,0.0,0.0,3.0,3.0,21.0,10.0,63.9,61.5,0.0,46.2,1.2,0.0,2.0,15.8,16.6,16.2,15.6,8.1,0.0,24.2,35.7,
2479818,20,981209,CB CLARET BENIMACLET,AWAY,1984467,G. Lopez Cuesta,G. Lopez Cuesta,0,13.5,812.0,9.0,3.0,4.0,0.0,0.0,3.0,4.0,3.0,3.0,3.0,3.0,6.0,0.0,1.0,0.0,0.0,0.0,4.0,2.0,11.0,2.0,84.6,75.0,0.0,75.0,1.5,0.0,1.5,22.2,23.4,22.8,0.0,0.0,0.0,15.8,20.5,
2479818,20,981209,CB CLARET BENIMACLET,AWAY,1506842,E. Cases Rey,E. Cases Rey,1,22.7,1362.0,13.0,1.0,1.0,1.0,5.0,2.0,6.0,8.0,12.0,0.0,3.0,3.0,1.0,3.0,0.0,0.0,0.0,4.0,8.0,10.0,-1.0,57.6,41.7,83.3,200.0,2.0,0.6,1.5,0.0,13.9,6.8,8.1,0.0,0.0,21.0,27.5,
2479818,20,981209,CB CLARET BENIMACLET,AWAY,1994256,T. Toledo Navarro,T. Toledo Navarro,0,8.7,519.0,0.0,0.0,0.0,0.0,1.0,0.0,1.0,0.0,0.0,0.0,1.0,1.0,2.0,0.0,0.0,0.0,0.0,1.0,0.0,1.0,6.0,0.0,0.0,100.0,0.0,0.0,0.0,0.0,0.0,12.1,5.9,41.7,0.0,0.0,0.0,5.0,
2479818,20,981209,CB CLARET BENIMACLET,AWAY,2816051,E. Tenbrock,E. Tenbrock,0,14.8,886.0,6.0,0.0,2.0,1.0,2.0,1.0,4.0,3.0,3.0,0.0,1.0,1.0,0.0,0.0,0.0,0.0,0.0,2.0,1.0,3.0,7.0,56.4,37.5,50.0,75.0,0.0,1.5,3.0,0.0,7.1,3.5,0.0,0.0,0.0,0.0,15.7,
2479818,20,981209,CB CLARET BENIMACLET,AWAY,1749591,I. Garrido Perez,I. Garrido Perez,1,27.4,1644.0,11.0,1.0,3.0,3.0,6.0,4.0,9.0,0.0,2.0,0.0,6.0,6.0,0.0,0.0,0.0,0.0,0.0,1.0,1.0,10.0,9.0,55.7,61.1,66.7,22.2,0.7,1.5,2.0,0.0,23.1,11.2,0.0,0.0,0.0,0.0,15.8,
2479819,20,981414,HIERROS DÍAZ EXTREMADURA MIRALVALLE,HOME,1707378,M. Pérez Castro,M. Pérez Castro,1,37.1,2224.0,14.0,1.0,6.0,2.0,6.0,3.0,12.0,6.0,6.0,1.0,4.0,5.0,7.0,1.0,1.0,0.0,0.0,2.0,5.0,20.0,4.0,47.8,33.3,50.0,50.0,0.3,1.0,1.2,2.7,12.4,7.2,29.9,1.4,0.0,6.4,18.8,
2479819,20,981414,HIERROS DÍAZ EXTREMADURA MIRALVALLE,HOME,2818302,V. Michel,V. Michel,1,36.3,2179.0,9.0,3.0,7.0,0.0,0.0,3.0,7.0,3.0,4.0,4.0,9.0,13.0,4.0,2.0,1.0,0.0,0.0,4.0,3.0,19.0,18.0,51.4,42.9,0.0,57.1,0.9,0.0,1.3,11.0,28.6,19.2,17.1,1.4,0.0,18.6,13.2,
2479819,20,981414,HIERROS DÍAZ EXTREMADURA MIRALVALLE,HOME,2557107,I. Serrano Alvarez,I. Serrano Alvarez,1,32.8,1967.0,5.0,2.0,5.0,0.0,2.0,2.0,7.0,1.0,2.0,1.0,7.0,8.0,3.0,2.0,0.0,1.0,0.0,3.0,1.0,7.0,-4.0,31.7,28.6,28.6,28.6,0.8,0.0,2.0,3.0,24.6,13.1,14.2,0.0,3.5,20.2,13.4,
2479819,20,981414,HIERROS DÍAZ EXTREMADURA MIRALVALLE,HOME,2734458,L. Navas Castro,L. Navas Castro,0,18.7,1122.0,2.0,1.0,9.0,0.0,1.0,1.0,10.0,0.0,0.0,1.0,1.0,2.0,3.0,2.0,3.0,0.0,0.0,2.0,0.0,-3.0,-1.0,10.0,10.0,10.0,0.0,0.2,0.0,0.0,5.3,6.2,5.7,24.6,8.3,0.0,16.7,28.6,
2479819,20,981414,HIERROS DÍAZ EXTREMADURA MIRALVALLE,HOME,1724925,M. Romero Garrido,M. Romero Garrido,0,6.6,396.0,3.0,0.0,0.0,1.0,2.0,1.0,2.0,0.0,0.0,0.0,0.0,0.0,0.0,0.0,0.0,0.0,0.0,2.0,1.0,1.0,-6.0,75.0,75.0,100.0,0.0,0.0,1.5,0.0,0.0,0.0,0.0,0.0,0.0,0.0,0.0,13.5,
2479819,20,981414,HIERROS DÍAZ EXTREMADURA MIRALVALLE,HOME,2566363,P. Laurenson Cheynel,P. Laurenson Cheynel,1,34.2,2054.0,21.0,8.0,12.0,1.0,4.0,9.0,16.0,2.0,3.0,3.0,4.0,7.0,1.0,2.0,0.0,0.0,0.0,4.0,2.0,17.0,7.0,60.6,59.4,25.0,18.8,1.3,0.8,1.5,8.8,13.5,11.0,5.7,0.0,0.0,10.4,25.1,
2479819,20,981414,HIERROS DÍAZ EXTREMADURA MIRALVALLE,HOME,2845561,S. Brown,S. Brown,0,20.9,1254.0,12.0,3.0,5.0,1.0,3.0,4.0,8.0,3.0,4.0,1.0,5.0,6.0,1.0,0.0,0.0,1.0,0.0,1.0,4.0,18.0,-4.0,61.5,56.2,37.5,50.0,1.2,1.0,1.0,4.8,27.6,15.4,8.0,0.0,5.5,0.0,20.8,
2479819,20,981414,HIERROS DÍAZ EXTREMADURA MIRALVALLE,HOME,1529427,C. Lazaro Hernandez,C. Lazaro Hernandez,1,38.4,2304.0,30.0,4.0,6.0,6.0,14.0,10.0,20.0,4.0,4.0,0.0,3.0,3.0,0.0,0.0,0.0,0.0,0.0,4.0,3.0,22.0,11.0,68.9,65.0,70.0,20.0,1.3,1.3,1.3,0.0,9.0,4.2,0.0,0.0,0.0,0.0,25.2,
2479819,20,979778,MAGEC TÍAS LANZAROTE CONTRA LA VIOLENCIA DE GÉNERO,AWAY,2178381,E. Lozano Sosa,E. Lozano Sosa,0,6.2,369.0,3.0,0.0,1.0,1.0,1.0,1.0,2.0,0.0,0.0,1.0,1.0,2.0,0.0,0.0,0.0,0.0,0.0,0.0,0.0,4.0,1.0,75.0,75.0,50.0,0.0,0.0,3.0,0.0,18.6,16.1,17.3,0.0,0.0,0.0,0.0,15.7,
2479819,20,979778,MAGEC TÍAS LANZAROTE CONTRA LA VIOLENCIA DE GÉNERO,AWAY,1100445,Y. Garcia Gonzalez,Y. Garcia Gonzalez,1,45.0,2700.0,22.0,6.0,12.0,0.0,1.0,6.0,13.0,10.0,15.0,1.0,6.0,7.0,3.0,4.0,2.0,0.0,0.0,3.0,9.0,24.0,-5.0,56.1,46.2,7.7,115.4,1.0,0.0,1.7,2.6,13.3,8.3,12.0,2.2,0.0,16.9,25.5,
2479819,20,979778,MAGEC TÍAS LANZAROTE CONTRA LA VIOLENCIA DE GÉNERO,AWAY,1995747,S. Hisado Santos,S. Hisado Santos,1,33.1,1987.0,3.0,1.0,2.0,0.0,2.0,1.0,4.0,1.0,2.0,0.0,5.0,5.0,4.0,2.0,0.0,0.0,0.0,3.0,5.0,8.0,-10.0,30.7,25.0,50.0,50.0,1.0,0.0,0.4,0.0,15.1,8.1,19.3,0.0,0.0,29.1,10.1,
2479819,20,979778,MAGEC TÍAS LANZAROTE CONTRA LA VIOLENCIA DE GÉNERO,AWAY,1695414,C. Mateo Cañada,C. Mateo Cañada,1,29.8,1786.0,14.0,1.0,4.0,4.0,8.0,5.0,12.0,0.0,0.0,1.0,7.0,8.0,1.0,1.0,0.0,0.0,1.0,4.0,0.0,11.0,-1.0,58.3,58.3,66.7,0.0,0.5,1.5,0.0,3.9,23.5,14.4,6.0,0.0,0.0,7.7,21.2,
2479819,20,979778,MAGEC TÍAS LANZAROTE CONTRA LA VIOLENCIA DE GÉNERO,AWAY,2824664,B. Snorradottir,B. Snorradottir,0,21.2,1274.0,5.0,0.0,1.0,1.0,2.0,1.0,3.0,2.0,2.0,2.0,4.0,6.0,0.0,0.0,1.0,0.0,0.0,2.0,3.0,11.0,-2.0,64.4,50.0,66.7,66.7,0.0,1.5,0.7,10.9,18.9,15.2,0.0,2.4,0.0,0.0,8.9,
2479819,20,979778,MAGEC TÍAS LANZAROTE CONTRA LA VIOLENCIA DE GÉNERO,AWAY,2524794,M. Marinho Junqueira,M. Marinho Junqueira,1,40.9,2455.0,15.0,4.0,9.0,2.0,10.0,6.0,19.0,1.0,1.0,0.0,4.0,4.0,3.0,1.0,2.0,0.0,0.0,1.0,0.0,9.0,-3.0,38.6,36.8,52.6,5.3,0.9,0.6,0.0,0.0,9.8,5.2,13.7,2.4,0.0,4.9,24.3,
2479819,20,979778,MAGEC TÍAS LANZAROTE CONTRA LA VIOLENCIA DE GÉNERO,AWAY,2379074,N. Zabala Gabilondo,N. Zabala Gabilondo,1,33.8,2028.0,23.0,6.0,8.0,3.0,8.0,9.0,16.0,2.0,4.0,0.0,6.0,6.0,4.0,0.0,2.0,0.0,0.0,3.0,4.0,27.0,-9.0,64.8,65.6,50.0,25.0,1.5,1.1,1.0,0.0,17.8,9.5,25.3,3.0,0.0,0.0,25.5,
2479819,20,979778,MAGEC TÍAS LANZAROTE CONTRA LA VIOLENCIA DE GÉNERO,AWAY,1681307,E. Iranzo Gutierrez,E. Iranzo Gutierrez,0,15.0,901.0,6.0,0.0,2.0,2.0,2.0,2.0,4.0,0.0,0.0,1.0,1.0,2.0,1.0,1.0,0.0,0.0,1.0,3.0,1.0,4.0,4.0,75.0,75.0,50.0,0.0,0.0,3.0,0.0,7.7,6.7,7.1,13.7,0.0,0.0,20.0,16.2,
2479820,20,981212,ELSAMEX CB ANDRATX,HOME,2553411,N. Jeng,N. Jeng,1,11.2,675.0,4.0,2.0,3.0,0.0,0.0,2.0,3.0,0.0,0.0,1.0,1.0,2.0,0.0,2.0,0.0,0.0,0.0,3.0,0.0,0.0,-11.0,66.7,66.7,0.0,0.0,1.3,0.0,0.0,9.2,9.4,9.3,0.0,0.0,0.0,40.0,20.3,
2479820,20,981212,ELSAMEX CB ANDRATX,HOME,1461086,P. Comella Pons,P. Comella Pons,1,38.4,2302.0,15.0,1.0,6.0,3.0,10.0,4.0,16.0,4.0,4.0,1.0,4.0,5.0,5.0,1.0,1.0,0.0,0.0,0.0,2.0,15.0,-20.0,42.2,34.4,62.5,25.0,0.3,0.9,2.0,2.7,11.0,6.8,25.0,1.4,0.0,5.3,22.2,
2479820,20,981212,ELSAMEX CB ANDRATX,HOME,2036170,A. Peregrina Garcia,A. Peregrina Garcia,0,33.0,1983.0,2.0,1.0,4.0,0.0,6.0,1.0,10.0,0.0,2.0,1.0,4.0,5.0,6.0,0.0,2.0,0.0,0.0,0.0,2.0,6.0,-14.0,9.2,10.0,60.0,20.0,0.5,0.0,1.0,3.1,12.8,7.9,33.0,3.3,0.0,0.0,15.0,
2479820,20,981212,ELSAMEX CB ANDRATX,HOME,1489116,B. Gual Castillo,B. Gual Castillo,1,18.9,1137.0,19.0,2.0,2.0,5.0,9.0,7.0,11.0,0.0,0.0,2.0,4.0,6.0,0.0,0.0,0.0,0.0,0.0,0.0,0.0,21.0,-10.0,86.4,86.4,81.8,0.0,2.0,1.7,0.0,10.9,22.3,16.5,0.0,0.0,0.0,0.0,26.4,
2479820,20,981212,ELSAMEX CB ANDRATX,HOME,1762758,P. Charro Och,P. Charro Och,1,27.8,1670.0,7.0,1.0,5.0,1.0,6.0,2.0,11.0,2.0,2.0,1.0,3.0,4.0,4.0,1.0,0.0,0.0,0.0,3.0,2.0,4.0,3.0,29.5,22.7,54.5,18.2,0.4,0.5,1.0,3.7,11.4,7.5,27.0,0.0,0.0,7.8,21.0,
2479820,20,981212,ELSAMEX CB ANDRATX,HOME,1579078,H. Condom Rosell,H. Condom Rosell,0,5.2,311.0,1.0,0.0,1.0,0.0,1.0,0.0,2.0,1.0,2.0,1.0,0.0,1.0,0.0,1.0,0.0,0.0,0.0,0.0,1.0,-1.0,-5.0,17.4,0.0,50.0,100.0,0.0,0.0,2.0,19.7,0.0,10.0,0.0,0.0,0.0,25.8,33.9,
2479820,20,981212,ELSAMEX CB ANDRATX,HOME,2148958,M. López Martí,M. López Martí,1,12.8,771.0,0.0,0.0,0.0,0.0,1.0,0.0,1.0,0.0,0.0,0.0,0.0,0.0,0.0,2.0,1.0,0.0,0.0,0.0,1.0,-1.0,-21.0,0.0,0.0,100.0,0.0,0.0,0.0,0.0,0.0,0.0,0.0,0.0,4.3,0.0,66.7,10.6,
2479820,20,981212,ELSAMEX CB ANDRATX,HOME,2120195,A. Real Cerda,A. Real Cerda,0,2.6,155.0,0.0,0.0,1.0,0.0,1.0,0.0,2.0,0.0,0.0,0.0,0.0,0.0,0.0,0.0,1.0,0.0,0.0,1.0,1.0,-1.0,-5.0,0.0,0.0,50.0,0.0,0.0,0.0,0.0,0.0,0.0,0.0,0.0,21.0,0.0,0.0,34.9,
2479820,20,981212,ELSAMEX CB ANDRATX,HOME,2276474,L. García Rivera,L. García Rivera,0,4.3,258.0,0.0,0.0,0.0,0.0,0.0,0.0,0.0,0.0,0.0,0.0,0.0,0.0,2.0,1.0,1.0,0.0,0.0,1.0,1.0,2.0,-9.0,0.0,0.0,0.0,0.0,0.0,0.0,0.0,0.0,0.0,0.0,83.3,12.7,0.0,100.0,10.6,
2479820,20,981212,ELSAMEX CB ANDRATX,HOME,2820516,L. Stenta,L. Stenta,0,23.6,1414.0,12.0,6.0,8.0,0.0,0.0,6.0,8.0,0.0,0.0,1.0,1.0,2.0,1.0,0.0,0.0,0.0,0.0,0.0,0.0,13.0,-6.0,75.0,75.0,0.0,0.0,1.5,0.0,0.0,4.3,4.5,4.4,11.9,0.0,0.0,0.0,15.4,
2479820,20,981212,ELSAMEX CB ANDRATX,HOME,2294809,P. Sans Cantallops,P. Sans Cantallops,0,22.1,1324.0,7.0,2.0,6.0,0.0,1.0,2.0,7.0,3.0,6.0,2.0,3.0,5.0,1.0,2.0,1.0,0.0,1.0,2.0,4.0,6.0,-12.0,36.3,28.6,14.3,85.7,0.7,0.0,1.5,9.3,14.3,11.8,8.1,2.5,0.0,17.2,23.9,
2479820,20,981229,SPAR GRAN CANARIA,AWAY,2203305,L. Perez Castro,L. Perez Castro,1,35.3,2118.0,14.0,5.0,8.0,1.0,5.0,6.0,13.0,1.0,1.0,1.0,3.0,4.0,2.0,3.0,0.0,0.0,0.0,4.0,1.0,7.0,17.0,52.1,50.0,38.5,7.7,1.2,0.6,1.0,3.0,8.7,5.9,7.1,0.0,0.0,18.2,20.4,
2479820,20,981229,SPAR GRAN CANARIA,AWAY,2288451,A. Hernandez Martinez,A. Hernandez Martinez,0,1.3,78.0,0.0,0.0,0.0,0.0,2.0,0.0,2.0,0.0,0.0,0.0,0.0,0.0,0.0,0.0,0.0,0.0,0.0,1.0,0.0,-3.0,-5.0,0.0,0.0,100.0,0.0,0.0,0.0,0.0,0.0,0.0,0.0,0.0,0.0,0.0,0.0,67.4,
2479820,20,981229,SPAR GRAN CANARIA,AWAY,2494285,A. Mbengue Sánchez,A. Mbengue Sánchez,1,38.2,2295.0,18.0,9.0,17.0,0.0,0.0,9.0,17.0,0.0,1.0,3.0,4.0,7.0,4.0,1.0,1.0,0.0,0.0,3.0,2.0,19.0,31.0,51.6,52.9,0.0,5.9,1.1,0.0,0.5,8.3,10.7,9.5,13.8,1.3,0.0,5.4,21.2,
2479820,20,981229,SPAR GRAN CANARIA,AWAY,2251955,M. Ocurto Mendes,M. Ocurto Mendes,1,40.0,2400.0,15.0,3.0,5.0,3.0,6.0,6.0,11.0,0.0,0.0,1.0,7.0,8.0,4.0,1.0,1.0,0.0,0.0,1.0,0.0,21.0,22.0,68.2,68.2,54.5,0.0,1.2,1.5,0.0,2.6,17.9,10.4,12.5,1.3,0.0,8.3,13.1,
2479820,20,981229,SPAR GRAN CANARIA,AWAY,2292843,M. Rodríguez Sánchez,M. Rodríguez Sánchez,0,11.9,717.0,3.0,0.0,0.0,1.0,1.0,1.0,1.0,0.0,0.0,1.0,2.0,3.0,2.0,0.0,1.0,0.0,0.0,1.0,0.0,8.0,17.0,150.0,150.0,100.0,0.0,0.0,3.0,0.0,8.8,17.2,13.1,19.2,4.3,0.0,0.0,3.7,
2479820,20,981229,SPAR GRAN CANARIA,AWAY,2352279,T. Ezeanatogu Ezeonu,T. Ezeanatogu Ezeonu,1,33.9,2036.0,12.0,6.0,14.0,0.0,0.0,6.0,14.0,0.0,2.0,2.0,3.0,5.0,5.0,1.0,3.0,1.0,0.0,3.0,2.0,14.0,6.0,40.3,42.9,0.0,14.3,0.9,0.0,1.0,6.2,9.1,7.7,20.5,4.5,3.3,6.3,20.5,
2479820,20,981229,SPAR GRAN CANARIA,AWAY,2643570,L. Toure,L. Toure,1,39.3,2356.0,27.0,10.0,19.0,0.0,0.0,10.0,19.0,7.0,8.0,10.0,10.0,20.0,3.0,3.0,2.0,0.0,0.0,1.0,5.0,43.0,22.0,59.9,52.6,0.0,42.1,1.1,0.0,1.6,26.8,26.1,26.4,10.7,2.6,0.0,11.8,28.5,
2479821,20,979775,BASKET ALMEDA,HOME,2355761,N. Bernal Ibarria,N. Bernal Ibarria,0,33.0,1977.0,2.0,1.0,5.0,0.0,0.0,1.0,5.0,0.0,0.0,2.0,2.0,4.0,1.0,1.0,3.0,0.0,0.0,4.0,1.0,2.0,12.0,20.0,20.0,0.0,0.0,0.4,0.0,0.0,6.7,7.8,7.2,8.6,4.7,0.0,16.7,7.9,
2479821,20,979775,BASKET ALMEDA,HOME,1929994,M. Garcia Menéndez,M. Garcia Menéndez,1,22.3,1336.0,3.0,0.0,2.0,1.0,4.0,1.0,6.0,0.0,0.0,1.0,3.0,4.0,1.0,3.0,2.0,0.0,0.0,2.0,2.0,2.0,-1.0,25.0,25.0,66.7,0.0,0.0,0.8,0.0,4.9,17.3,10.6,12.5,4.7,0.0,33.3,17.6,
2479821,20,979775,BASKET ALMEDA,HOME,2219057,I. Homs Fatjo,I. Homs Fatjo,0,12.2,735.0,0.0,0.0,1.0,0.0,1.0,0.0,2.0,0.0,0.0,1.0,2.0,3.0,0.0,2.0,0.0,0.0,0.0,2.0,0.0,-3.0,-5.0,0.0,0.0,50.0,0.0,0.0,0.0,0.0,9.0,21.1,14.6,0.0,0.0,0.0,50.0,14.3,
2479821,20,979775,BASKET ALMEDA,HOME,1893303,L. Tierno Martí,L. Tierno Martí,1,27.3,1637.0,12.0,0.0,3.0,4.0,5.0,4.0,8.0,0.0,0.0,0.0,8.0,8.0,1.0,6.0,1.0,0.0,0.0,4.0,3.0,11.0,-10.0,75.0,75.0,62.5,0.0,0.0,2.4,0.0,0.0,37.7,17.4,14.7,1.9,0.0,42.9,22.3,
2479821,20,979775,BASKET ALMEDA,HOME,1398197,C. Tapia Palacio,C. Tapia Palacio,1,30.7,1844.0,10.0,3.0,7.0,1.0,4.0,4.0,11.0,1.0,2.0,2.0,1.0,3.0,4.0,1.0,3.0,0.0,1.0,3.0,4.0,12.0,-4.0,42.1,40.9,36.4,18.2,0.9,0.8,0.5,7.2,4.2,5.8,46.5,5.1,0.0,7.8,18.2,
2479821,20,979775,BASKET ALMEDA,HOME,2157230,L. Jove Fuste,L. Jove Fuste,0,18.5,1110.0,5.0,1.0,3.0,0.0,1.0,1.0,4.0,3.0,6.0,0.0,2.0,2.0,1.0,1.0,2.0,1.0,0.0,1.0,3.0,6.0,8.0,37.7,25.0,25.0,150.0,0.7,0.0,2.0,0.0,13.9,6.4,16.1,5.6,6.2,13.1,18.0,
2479821,20,979775,BASKET ALMEDA,HOME,2216044,J. Masa Carne,J. Masa Carne,0,13.4,803.0,2.0,0.0,5.0,0.0,1.0,0.0,6.0,2.0,2.0,1.0,2.0,3.0,1.0,0.0,0.0,0.0,0.0,1.0,2.0,1.0,2.0,14.5,0.0,16.7,33.3,0.0,0.0,1.0,8.2,19.2,13.3,18.5,0.0,0.0,0.0,22.3,
2479821,20,979775,BASKET ALMEDA,HOME,2054903,A. Cojocariu,A. Cojocariu,1,32.6,1957.0,12.0,2.0,10.0,1.0,6.0,3.0,16.0,5.0,6.0,1.0,6.0,7.0,0.0,7.0,2.0,0.0,0.0,4.0,3.0,-1.0,-1.0,32.2,21.9,37.5,37.5,0.4,0.5,2.0,3.4,23.7,12.7,0.0,3.2,0.0,27.3,34.2,
2479821,20,979775,BASKET ALMEDA,HOME,2147731,D. Peris Fons,D. Peris Fons,1,4.0,237.0,0.0,0.0,2.0,0.0,0.0,0.0,2.0,0.0,0.0,0.0,1.0,1.0,0.0,0.0,0.0,0.0,1.0,0.0,0.0,-1.0,-5.0,0.0,0.0,0.0,0.0,0.0,0.0,0.0,0.0,32.1,14.8,0.0,0.0,0.0,0.0,21.7,
2479821,20,979775,BASKET ALMEDA,HOME,2440587,M. Coll-Vinent Olle,M. Coll-Vinent Olle,0,31.1,1864.0,10.0,3.0,10.0,1.0,1.0,4.0,11.0,1.0,1.0,5.0,4.0,9.0,2.0,4.0,3.0,0.0,0.0,2.0,2.0,13.0,-6.0,43.7,40.9,9.1,9.1,0.6,3.0,0.5,17.6,16.5,17.1,23.3,5.0,0.0,25.9,21.6,
2479821,20,981304,DISHELEC 65 VILADECANS,AWAY,2050407,L. Sanchez Garcia,L. Sanchez Garcia,0,14.8,890.0,0.0,0.0,2.0,0.0,0.0,0.0,2.0,0.0,0.0,0.0,2.0,2.0,0.0,2.0,0.0,0.0,0.0,3.0,0.0,-5.0,-4.0,0.0,0.0,0.0,0.0,0.0,0.0,0.0,0.0,14.8,8.0,0.0,0.0,0.0,50.0,13.4,
2479821,20,981304,DISHELEC 65 VILADECANS,AWAY,1910113,L. Anducas Rodon,L. Anducas Rodon,0,21.5,1291.0,6.0,1.0,4.0,0.0,2.0,1.0,6.0,4.0,4.0,1.0,4.0,5.0,1.0,2.0,0.0,0.0,0.0,2.0,4.0,7.0,-13.0,38.7,16.7,33.3,66.7,0.5,0.0,1.0,6.0,20.4,13.8,11.1,0.0,0.0,20.5,22.6,
2479821,20,981304,DISHELEC 65 VILADECANS,AWAY,1727776,P. Curto Garcia,P. Curto Garcia,0,26.9,1613.0,8.0,1.0,3.0,1.0,5.0,2.0,8.0,3.0,4.0,0.0,1.0,1.0,2.0,2.0,2.0,0.0,0.0,0.0,5.0,9.0,-2.0,41.0,31.2,62.5,50.0,0.7,0.6,0.8,0.0,4.1,2.2,20.0,3.7,0.0,17.0,21.7,
2479821,20,981304,DISHELEC 65 VILADECANS,AWAY,1398200,J. Turrion Aranda,J. Turrion Aranda,1,17.9,1075.0,6.0,0.0,2.0,2.0,5.0,2.0,7.0,0.0,0.0,0.0,7.0,7.0,1.0,4.0,1.0,0.0,0.0,1.0,4.0,9.0,7.0,42.9,42.9,71.4,0.0,0.0,1.2,0.0,0.0,42.9,23.2,16.7,2.8,0.0,36.4,30.6,
2479821,20,981304,DISHELEC 65 VILADECANS,AWAY,2056456,N. Soler Ramos,N. Soler Ramos,0,19.6,1179.0,3.0,1.0,3.0,0.0,1.0,1.0,4.0,1.0,2.0,0.0,3.0,3.0,0.0,2.0,1.0,0.0,0.0,2.0,1.0,0.0,-2.0,30.7,25.0,25.0,50.0,0.7,0.0,2.0,0.0,16.8,9.1,0.0,2.5,0.0,29.1,17.5,
2479821,20,981304,DISHELEC 65 VILADECANS,AWAY,2322360,A. Torne Labarta,A. Torne Labarta,1,37.6,2256.0,15.0,6.0,13.0,0.0,0.0,6.0,13.0,3.0,4.0,3.0,3.0,6.0,0.0,8.0,2.0,1.0,1.0,2.0,5.0,11.0,3.0,50.8,46.2,0.0,30.8,0.9,0.0,0.8,10.3,8.8,9.4,0.0,2.6,2.5,35.1,30.1,
2479821,20,981304,DISHELEC 65 VILADECANS,AWAY,2082380,J. Torreño Jimenez,J. Torreño Jimenez,0,10.2,612.0,7.0,2.0,2.0,1.0,1.0,3.0,3.0,0.0,1.0,0.0,0.0,0.0,0.0,3.0,1.0,0.0,0.0,2.0,1.0,3.0,-1.0,101.7,116.7,33.3,33.3,2.0,3.0,1.0,0.0,0.0,0.0,0.0,4.9,0.0,46.6,31.4,
2479821,20,981304,DISHELEC 65 VILADECANS,AWAY,2146979,N. Sanchez Marques,N. Sanchez Marques,1,31.4,1886.0,8.0,3.0,6.0,0.0,1.0,3.0,7.0,2.0,2.0,0.0,6.0,6.0,3.0,3.0,3.0,0.0,0.0,4.0,2.0,11.0,11.0,50.8,42.9,14.3,28.6,1.0,0.0,1.0,0.0,21.0,11.3,27.3,4.8,0.0,27.6,17.2,
2479821,20,981304,DISHELEC 65 VILADECANS,AWAY,1956668,M. Ribera Sanuy,M. Ribera Sanuy,1,29.6,1773.0,5.0,1.0,4.0,1.0,1.0,2.0,5.0,0.0,0.0,0.0,1.0,1.0,1.0,1.0,0.0,0.0,0.0,2.0,0.0,1.0,7.0,50.0,50.0,20.0,0.0,0.5,3.0,0.0,0.0,3.7,2.0,8.3,0.0,0.0,16.7,10.1,
2479821,20,981304,DISHELEC 65 VILADECANS,AWAY,1663009,Q. Ubia Llunell,Q. Ubia Llunell,1,15.4,925.0,0.0,0.0,0.0,0.0,0.0,0.0,0.0,0.0,0.0,0.0,1.0,1.0,3.0,1.0,3.0,1.0,0.0,3.0,1.0,5.0,4.0,0.0,0.0,0.0,0.0,0.0,0.0,0.0,0.0,7.1,3.8,50.0,9.7,6.1,100.0,3.2,
2479822,20,981167,SEGLE XXI,HOME,2153172,M. Cintas Diaz,M. Cintas Diaz,1,26.8,1608.0,6.0,3.0,6.0,0.0,4.0,3.0,10.0,0.0,2.0,0.0,3.0,3.0,3.0,2.0,2.0,0.0,0.0,3.0,3.0,3.0,0.0,27.6,30.0,40.0,20.0,1.0,0.0,0.7,0.0,12.1,5.3,22.9,4.2,0.0,15.5,20.1,
2479822,20,981167,SEGLE XXI,HOME,2289362,D. Garcia Dominguez,D. Garcia Dominguez,0,23.8,1429.0,6.0,1.0,3.0,1.0,6.0,2.0,9.0,1.0,2.0,0.0,1.0,1.0,2.0,1.0,0.0,0.0,0.0,1.0,1.0,0.0,0.0,30.4,27.8,66.7,22.2,0.7,0.5,2.0,0.0,4.5,2.0,16.9,0.0,0.0,9.2,19.1,
2479822,20,981167,SEGLE XXI,HOME,2320695,A. Plans Bellavista,A. Plans Bellavista,0,21.2,1270.0,4.0,1.0,4.0,0.0,3.0,1.0,7.0,2.0,2.0,2.0,0.0,2.0,2.0,1.0,2.0,0.0,0.0,1.0,1.0,3.0,-12.0,25.4,14.3,42.9,28.6,0.5,0.0,2.0,7.9,0.0,4.4,19.0,5.4,0.0,11.3,17.5,
2479822,20,981167,SEGLE XXI,HOME,2448425,N. Cordón Elizarán,N. Cordón Elizarán,0,3.0,182.0,2.0,1.0,1.0,0.0,0.0,1.0,1.0,0.0,0.0,0.0,0.0,0.0,0.0,0.0,0.0,0.0,0.0,0.0,0.0,2.0,2.0,100.0,100.0,0.0,0.0,2.0,0.0,0.0,0.0,0.0,0.0,0.0,0.0,0.0,0.0,13.9,
2479822,20,981167,SEGLE XXI,HOME,2528757,I. Garcia Fernandez,I. Garcia Fernandez,1,22.4,1342.0,7.0,3.0,7.0,0.0,3.0,3.0,10.0,1.0,6.0,1.0,4.0,5.0,3.0,2.0,1.0,0.0,0.0,2.0,4.0,4.0,9.0,27.7,30.0,30.0,60.0,0.9,0.0,1.5,3.7,19.3,10.5,27.8,2.5,0.0,13.7,27.3,
2479822,20,981167,SEGLE XXI,HOME,2244483,S. Nde Akawung,S. Nde Akawung,1,29.1,1744.0,8.0,4.0,5.0,0.0,1.0,4.0,6.0,0.0,0.0,5.0,7.0,12.0,2.0,0.0,0.0,0.0,0.0,3.0,1.0,18.0,17.0,66.7,66.7,16.7,0.0,1.6,0.0,0.0,14.3,26.0,19.4,16.5,0.0,0.0,0.0,8.6,
2479822,20,981167,SEGLE XXI,HOME,2196865,M. Carbó Medina,M. Carbó Medina,1,26.1,1567.0,10.0,2.0,7.0,1.0,7.0,3.0,14.0,3.0,4.0,3.0,4.0,7.0,1.0,0.0,0.0,0.0,0.0,1.0,4.0,9.0,18.0,31.7,25.0,50.0,28.6,0.6,0.4,1.0,9.6,16.6,12.6,7.6,0.0,0.0,0.0,25.2,
2479822,20,981167,SEGLE XXI,HOME,2528756,M. Zarzuelo Oroz,M. Zarzuelo Oroz,0,3.4,204.0,0.0,0.0,1.0,0.0,0.0,0.0,1.0,0.0,0.0,1.0,0.0,1.0,0.0,1.0,0.0,0.0,0.0,1.0,0.0,-2.0,-7.0,0.0,0.0,0.0,0.0,0.0,0.0,0.0,24.5,0.0,13.8,0.0,0.0,0.0,50.0,24.6,
2479822,20,981167,SEGLE XXI,HOME,2639399,S. Okafor Ofoegbu,S. Okafor Ofoegbu,1,22.1,1326.0,12.0,3.0,7.0,2.0,6.0,5.0,13.0,0.0,0.0,2.0,3.0,5.0,3.0,1.0,1.0,0.0,0.0,4.0,0.0,8.0,12.0,46.2,46.2,46.2,0.0,0.9,1.0,0.0,7.5,14.7,10.6,34.1,2.6,0.0,7.1,26.5,
2479822,20,981167,SEGLE XXI,HOME,2229661,B. Asensio Senosiáin,B. Asensio Senosiáin,0,10.7,641.0,0.0,0.0,1.0,0.0,0.0,0.0,1.0,0.0,4.0,3.0,2.0,5.0,1.0,0.0,0.0,0.0,0.0,2.0,2.0,1.0,-8.0,0.0,0.0,0.0,400.0,0.0,0.0,2.0,23.4,20.2,22.0,14.5,0.0,0.0,0.0,10.8,
2479822,20,981167,SEGLE XXI,HOME,2461439,A. Smykovskaia,A. Smykovskaia,0,11.4,687.0,2.0,1.0,5.0,0.0,0.0,1.0,5.0,0.0,2.0,5.0,5.0,10.0,0.0,1.0,2.0,0.0,0.0,5.0,2.0,4.0,-1.0,17.0,20.0,0.0,40.0,0.4,0.0,1.0,36.5,47.4,41.3,0.0,10.0,0.0,14.5,25.2,
2479822,20,982048,EL PLANTEL GMASB,AWAY,2819272,D. Ryzinska,D. Ryzinska,1,30.5,1829.0,4.0,2.0,4.0,0.0,1.0,2.0,5.0,0.0,0.0,0.0,7.0,7.0,0.0,0.0,1.0,0.0,0.0,3.0,4.0,10.0,-3.0,40.0,40.0,20.0,0.0,1.0,0.0,0.0,0.0,19.1,10.8,0.0,1.8,0.0,0.0,8.4,
2479822,20,982048,EL PLANTEL GMASB,AWAY,2124275,C. Villanueva Lazaro,C. Villanueva Lazaro,1,25.4,1525.0,10.0,2.0,6.0,0.0,2.0,2.0,8.0,6.0,8.0,0.0,3.0,3.0,2.0,2.0,1.0,0.0,0.0,2.0,4.0,8.0,-14.0,43.4,25.0,25.0,100.0,0.7,0.0,2.0,0.0,9.8,5.6,26.3,2.1,0.0,14.8,27.1,
2479822,20,982048,EL PLANTEL GMASB,AWAY,1974272,R. Revueltas Pareja,R. Revueltas Pareja,1,28.3,1698.0,17.0,3.0,10.0,1.0,6.0,4.0,16.0,8.0,10.0,3.0,4.0,7.0,3.0,4.0,1.0,0.0,0.0,5.0,8.0,13.0,1.0,41.7,28.1,37.5,62.5,0.6,0.5,1.2,11.5,11.8,11.6,41.7,1.9,0.0,16.4,44.0,
2479822,20,982048,EL PLANTEL GMASB,AWAY,2819274,O. Schlegl,O. Schlegl,1,25.9,1554.0,4.0,2.0,3.0,0.0,2.0,2.0,5.0,0.0,0.0,2.0,3.0,5.0,0.0,2.0,0.0,0.0,0.0,2.0,0.0,2.0,-4.0,40.0,40.0,40.0,0.0,1.3,0.0,0.0,8.3,9.7,9.1,0.0,0.0,0.0,28.6,13.8,
2479822,20,982048,EL PLANTEL GMASB,AWAY,2232865,M. Sanchez Valenzuela,M. Sanchez Valenzuela,1,35.7,2144.0,4.0,0.0,2.0,1.0,4.0,1.0,6.0,1.0,2.0,1.0,3.0,4.0,0.0,0.0,0.0,0.0,0.0,1.0,2.0,3.0,-11.0,29.1,25.0,66.7,33.3,0.0,0.8,1.0,3.0,7.0,5.3,0.0,0.0,0.0,0.0,9.8,
2479822,20,982048,EL PLANTEL GMASB,AWAY,1111828,L. Fernandez Fiel,L. Fernandez Fiel,0,31.0,1860.0,11.0,4.0,8.0,1.0,2.0,5.0,10.0,0.0,0.0,0.0,2.0,2.0,1.0,5.0,0.0,0.0,0.0,3.0,2.0,3.0,6.0,55.0,55.0,20.0,0.0,1.0,1.5,0.0,0.0,5.4,3.0,12.8,0.0,0.0,33.3,24.7,
2479822,20,982048,EL PLANTEL GMASB,AWAY,2112760,M. Diaz Torres,M. Diaz Torres,0,10.9,654.0,0.0,0.0,1.0,0.0,0.0,0.0,1.0,0.0,4.0,1.0,2.0,3.0,0.0,1.0,0.0,0.0,0.0,1.0,2.0,-2.0,-7.0,0.0,0.0,0.0,400.0,0.0,0.0,2.0,9.9,15.3,13.0,0.0,0.0,0.0,26.6,17.6,
2479822,20,982048,EL PLANTEL GMASB,AWAY,2364455,T. Sene,T. Sene,0,12.3,736.0,1.0,0.0,2.0,0.0,0.0,0.0,2.0,1.0,2.0,1.0,2.0,3.0,0.0,0.0,0.0,0.0,0.0,1.0,1.0,1.0,2.0,17.4,0.0,0.0,100.0,0.0,0.0,2.0,8.8,13.6,11.5,0.0,0.0,0.0,0.0,11.9,
2479823,21,979892,C. B. ISLA BONITA,HOME,1131087,B. Armengol Vall,B. Armengol Vall,1,30.2,1810.0,20.0,4.0,10.0,1.0,1.0,5.0,11.0,9.0,9.0,2.0,4.0,6.0,3.0,6.0,1.0,0.0,0.0,2.0,8.0,24.0,7.0,66.8,50.0,9.1,81.8,0.8,3.0,1.1,8.8,9.8,9.5,25.4,1.9,0.0,28.6,34.7,
2479823,21,979892,C. B. ISLA BONITA,HOME,1870487,T. Gonzalez Soto,T. Gonzalez Soto,0,28.3,1700.0,7.0,2.0,3.0,1.0,4.0,3.0,7.0,0.0,0.0,0.0,3.0,3.0,0.0,3.0,0.0,0.0,0.0,2.0,0.0,1.0,25.0,50.0,50.0,57.1,0.0,1.3,0.8,0.0,0.0,7.9,5.0,0.0,0.0,0.0,30.0,17.7,
2479823,21,979892,C. B. ISLA BONITA,HOME,1853281,I. Bautista Villaverde,I. Bautista Villaverde,0,16.4,984.0,6.0,0.0,1.0,2.0,6.0,2.0,7.0,0.0,0.0,0.0,0.0,0.0,0.0,1.0,0.0,0.0,0.0,0.0,1.0,1.0,9.0,42.9,42.9,85.7,0.0,0.0,1.0,0.0,0.0,0.0,0.0,0.0,0.0,0.0,12.5,24.4,
2479823,21,979892,C. B. ISLA BONITA,HOME,2816643,E. Motekaitytè,E. Motekaitytè,1,26.3,1576.0,6.0,3.0,8.0,0.0,1.0,3.0,9.0,0.0,0.0,0.0,7.0,7.0,0.0,4.0,0.0,1.0,0.0,2.0,0.0,2.0,8.0,33.3,33.3,11.1,0.0,0.8,0.0,0.0,0.0,19.7,12.7,0.0,0.0,3.3,30.8,24.7,
2479823,21,979892,C. B. ISLA BONITA,HOME,2171960,M. Colom Elosúa,M. Colom Elosúa,1,25.8,1545.0,9.0,2.0,4.0,1.0,2.0,3.0,6.0,2.0,3.0,0.0,4.0,4.0,0.0,3.0,0.0,0.0,0.0,2.0,3.0,7.0,-9.0,61.5,58.3,33.3,50.0,1.0,1.5,1.0,0.0,11.5,7.4,0.0,0.0,0.0,29.1,20.0,
2479823,21,979892,C. B. ISLA BONITA,HOME,2524874,M. Vulovic,M. Vulovic,1,15.3,919.0,6.0,2.0,5.0,0.0,0.0,2.0,5.0,2.0,2.0,0.0,3.0,3.0,2.0,1.0,0.0,0.0,0.0,5.0,2.0,4.0,-9.0,51.0,40.0,0.0,40.0,0.8,0.0,1.0,0.0,14.5,9.3,31.2,0.0,0.0,14.5,22.5,
2479823,21,979892,C. B. ISLA BONITA,HOME,1471341,M. Rosales Elejabeita,M. Rosales Elejabeita,0,24.6,1473.0,7.0,3.0,4.0,0.0,1.0,3.0,5.0,1.0,2.0,5.0,1.0,6.0,0.0,0.0,0.0,0.0,0.0,3.0,5.0,12.0,14.0,59.5,60.0,20.0,40.0,1.5,0.0,0.4,27.1,3.0,11.6,0.0,0.0,0.0,0.0,11.9,
2479823,21,979892,C. B. ISLA BONITA,HOME,2816642,N. Cunill Peña,N. Cunill Peña,0,14.2,851.0,0.0,0.0,1.0,0.0,0.0,0.0,1.0,0.0,0.0,0.0,5.0,5.0,1.0,0.0,1.0,0.0,0.0,1.0,0.0,5.0,5.0,0.0,0.0,0.0,0.0,0.0,0.0,0.0,0.0,26.1,16.8,11.9,4.0,0.0,0.0,3.5,
2479823,21,979892,C. B. ISLA BONITA,HOME,2524609,A. Glomazic,A. Glomazic,1,19.0,1142.0,0.0,0.0,0.0,0.0,3.0,0.0,3.0,0.0,0.0,0.0,0.0,0.0,0.0,1.0,0.0,0.0,0.0,1.0,2.0,-3.0,-10.0,0.0,0.0,100.0,0.0,0.0,0.0,0.0,0.0,0.0,0.0,0.0,0.0,0.0,25.0,10.5,
2479823,21,981167,SEGLE XXI,AWAY,2153172,M. Cintas Diaz,M. Cintas Diaz,1,22.6,1356.0,9.0,4.0,10.0,0.0,3.0,4.0,13.0,1.0,2.0,2.0,0.0,2.0,0.0,2.0,2.0,0.0,0.0,5.0,2.0,-2.0,-3.0,32.4,30.8,23.1,15.4,0.8,0.0,1.0,6.6,0.0,4.2,0.0,4.8,0.0,12.6,28.6,
2479823,21,981167,SEGLE XXI,AWAY,2289362,D. Garcia Dominguez,D. Garcia Dominguez,0,24.9,1494.0,4.0,0.0,1.0,1.0,5.0,1.0,6.0,1.0,2.0,1.0,4.0,5.0,0.0,1.0,3.0,0.0,0.0,3.0,1.0,3.0,-4.0,29.1,25.0,83.3,33.3,0.0,0.6,2.0,3.0,21.4,9.6,0.0,6.6,0.0,12.7,12.9,
2479823,21,981167,SEGLE XXI,AWAY,2320695,A. Plans Bellavista,A. Plans Bellavista,0,10.8,645.0,0.0,0.0,2.0,0.0,4.0,0.0,6.0,0.0,0.0,2.0,0.0,2.0,0.0,0.0,2.0,0.0,0.0,1.0,0.0,-3.0,2.0,0.0,0.0,66.7,0.0,0.0,0.0,0.0,13.7,0.0,8.8,0.0,10.1,0.0,0.0,22.6,
2479823,21,981167,SEGLE XXI,AWAY,2448425,N. Cordón Elizarán,N. Cordón Elizarán,0,2.3,140.0,0.0,0.0,0.0,0.0,0.0,0.0,0.0,0.0,0.0,0.0,1.0,1.0,0.0,0.0,0.0,0.0,0.0,0.0,0.0,1.0,-5.0,0.0,0.0,0.0,0.0,0.0,0.0,0.0,0.0,58.0,20.7,0.0,0.0,0.0,0.0,0.0,
2479823,21,981167,SEGLE XXI,AWAY,2528757,I. Garcia Fernandez,I. Garcia Fernandez,1,17.1,1029.0,5.0,2.0,3.0,0.0,1.0,2.0,4.0,1.0,3.0,3.0,4.0,7.0,1.0,1.0,2.0,0.0,0.0,3.0,2.0,9.0,0.0,47.0,50.0,25.0,75.0,1.3,0.0,1.5,13.0,31.2,19.5,16.7,6.4,0.0,15.8,15.0,
2479823,21,981167,SEGLE XXI,AWAY,2244483,S. Nde Akawung,S. Nde Akawung,1,24.4,1463.0,12.0,2.0,6.0,1.0,6.0,3.0,12.0,5.0,8.0,2.0,3.0,5.0,0.0,1.0,1.0,0.0,1.0,3.0,5.0,7.0,-2.0,38.7,29.2,50.0,66.7,0.7,0.5,1.6,6.1,16.4,9.8,0.0,2.2,0.0,6.1,27.6,
2479823,21,981167,SEGLE XXI,AWAY,2196865,M. Carbó Medina,M. Carbó Medina,0,18.3,1099.0,4.0,2.0,4.0,0.0,1.0,2.0,5.0,0.0,0.0,2.0,2.0,4.0,0.0,0.0,0.0,0.0,0.0,4.0,0.0,1.0,-6.0,40.0,40.0,20.0,0.0,1.0,0.0,0.0,8.1,14.6,10.4,0.0,0.0,0.0,0.0,11.1,
2479823,21,981167,SEGLE XXI,AWAY,2639399,S. Okafor Ofoegbu,S. Okafor Ofoegbu,1,25.6,1533.0,13.0,3.0,9.0,2.0,7.0,5.0,16.0,1.0,3.0,4.0,3.0,7.0,2.0,3.0,0.0,0.0,0.0,3.0,4.0,7.0,-11.0,37.5,37.5,43.8,18.8,0.7,0.9,0.8,11.6,15.6,13.0,28.6,0.0,0.0,14.8,32.3,
2479823,21,981167,SEGLE XXI,AWAY,2454402,S. Fernandez De Cuevas Martinez,S. Fernandez De Cuevas Martinez,1,29.0,1739.0,4.0,2.0,6.0,0.0,7.0,2.0,13.0,0.0,1.0,2.0,2.0,4.0,0.0,0.0,2.0,0.0,0.0,0.0,1.0,-1.0,0.0,14.9,15.4,53.8,7.7,0.7,0.0,1.0,5.1,9.2,6.6,0.0,3.8,0.0,0.0,18.9,
2479823,21,981167,SEGLE XXI,AWAY,2229661,B. Asensio Senosiáin,B. Asensio Senosiáin,0,11.0,661.0,2.0,1.0,2.0,0.0,0.0,1.0,2.0,0.0,0.0,2.0,1.0,3.0,0.0,0.0,0.0,0.0,0.0,0.0,0.0,4.0,-4.0,50.0,50.0,0.0,0.0,1.0,0.0,0.0,13.5,12.1,13.0,0.0,0.0,0.0,0.0,7.4,
2479823,21,981167,SEGLE XXI,AWAY,2461439,A. Smykovskaia,A. Smykovskaia,0,14.0,841.0,0.0,0.0,3.0,0.0,0.0,0.0,3.0,0.0,2.0,7.0,3.0,10.0,0.0,1.0,0.0,0.0,0.0,0.0,3.0,7.0,-7.0,0.0,0.0,0.0,66.7,0.0,0.0,0.7,37.0,28.6,34.0,0.0,0.0,0.0,20.5,14.2,
2479824,21,982048,EL PLANTEL GMASB,HOME,2819272,D. Ryzinska,D. Ryzinska,1,17.0,1022.0,2.0,1.0,1.0,0.0,0.0,1.0,1.0,0.0,0.0,0.0,5.0,5.0,0.0,1.0,0.0,0.0,0.0,4.0,0.0,2.0,10.0,100.0,100.0,0.0,0.0,2.0,0.0,0.0,0.0,27.4,14.9,0.0,0.0,0.0,50.0,5.8,
2479824,21,982048,EL PLANTEL GMASB,HOME,2124275,C. Villanueva Lazaro,C. Villanueva Lazaro,1,17.6,1057.0,13.0,2.0,3.0,1.0,1.0,3.0,4.0,6.0,7.0,1.0,3.0,4.0,2.0,0.0,1.0,0.0,0.0,4.0,5.0,19.0,11.0,91.8,87.5,25.0,175.0,1.3,3.0,1.4,6.3,15.9,11.5,37.0,3.4,0.0,0.0,19.7,
2479824,21,982048,EL PLANTEL GMASB,HOME,1974272,R. Revueltas Pareja,R. Revueltas Pareja,1,26.8,1605.0,20.0,4.0,7.0,1.0,6.0,5.0,13.0,9.0,13.0,2.0,5.0,7.0,3.0,6.0,1.0,0.0,0.0,2.0,9.0,20.0,13.0,53.4,42.3,46.2,100.0,1.1,0.5,1.4,8.3,17.4,13.2,30.9,2.3,0.0,24.3,45.3,
2479824,21,982048,EL PLANTEL GMASB,HOME,2819274,O. Schlegl,O. Schlegl,0,19.1,1144.0,0.0,0.0,1.0,0.0,2.0,0.0,3.0,0.0,0.0,1.0,3.0,4.0,1.0,1.0,0.0,0.0,0.0,0.0,1.0,2.0,7.0,0.0,0.0,66.7,0.0,0.0,0.0,0.0,5.8,14.6,10.6,9.5,0.0,0.0,25.0,10.3,
2479824,21,982048,EL PLANTEL GMASB,HOME,2232865,M. Sanchez Valenzuela,M. Sanchez Valenzuela,1,35.1,2108.0,13.0,3.0,4.0,2.0,6.0,5.0,10.0,1.0,1.0,1.0,0.0,1.0,1.0,1.0,0.0,0.0,0.0,3.0,2.0,8.0,15.0,62.3,60.0,60.0,10.0,1.5,1.0,0.5,3.2,0.0,1.4,7.2,0.0,0.0,8.7,16.0,
2479824,21,982048,EL PLANTEL GMASB,HOME,2112760,M. Diaz Torres,M. Diaz Torres,0,20.7,1243.0,2.0,1.0,4.0,0.0,0.0,1.0,4.0,0.0,0.0,0.0,4.0,4.0,0.0,1.0,0.0,0.0,0.0,4.0,0.0,-2.0,7.0,25.0,25.0,0.0,0.0,0.5,0.0,0.0,0.0,18.0,9.8,0.0,0.0,0.0,20.0,11.9,
2479824,21,982048,EL PLANTEL GMASB,HOME,2307170,A. Rodriguez Romero,A. Rodriguez Romero,0,8.3,501.0,0.0,0.0,1.0,0.0,1.0,0.0,2.0,0.0,2.0,1.0,0.0,1.0,0.0,0.0,0.0,0.0,0.0,0.0,1.0,-2.0,2.0,0.0,0.0,50.0,100.0,0.0,0.0,2.0,13.4,0.0,6.1,0.0,0.0,0.0,0.0,17.0,
2479824,21,982048,EL PLANTEL GMASB,HOME,1080472,P. Benet Edo,P. Benet Edo,0,27.4,1642.0,10.0,2.0,7.0,1.0,3.0,3.0,10.0,3.0,3.0,0.0,2.0,2.0,2.0,1.0,0.0,0.0,1.0,1.0,2.0,7.0,14.0,44.2,35.0,30.0,30.0,0.6,1.0,1.5,0.0,6.8,3.7,17.1,0.0,0.0,8.1,22.1,
2479824,21,982048,EL PLANTEL GMASB,HOME,2364455,T. Sene,T. Sene,0,2.4,142.0,0.0,0.0,0.0,0.0,0.0,0.0,0.0,0.0,0.0,0.0,0.0,0.0,0.0,0.0,0.0,0.0,0.0,0.0,0.0,0.0,-5.0,0.0,0.0,0.0,0.0,0.0,0.0,0.0,0.0,0.0,0.0,0.0,0.0,0.0,0.0,0.0,
2479824,21,982048,EL PLANTEL GMASB,HOME,2746773,O. Betancourt Labrador,O. Betancourt Labrador,1,25.6,1536.0,14.0,2.0,5.0,1.0,1.0,3.0,6.0,7.0,7.0,5.0,6.0,11.0,1.0,3.0,0.0,0.0,0.0,4.0,5.0,21.0,16.0,77.1,58.3,16.7,116.7,0.8,3.0,1.4,21.7,21.8,21.8,10.4,0.0,0.0,24.8,23.2,
2479824,21,979775,BASKET ALMEDA,AWAY,2355761,N. Bernal Ibarria,N. Bernal Ibarria,1,24.6,1477.0,5.0,2.0,4.0,0.0,1.0,2.0,5.0,1.0,1.0,3.0,0.0,3.0,0.0,0.0,0.0,0.0,0.0,0.0,1.0,6.0,-11.0,46.0,40.0,20.0,20.0,1.0,0.0,1.0,11.3,0.0,6.2,0.0,0.0,0.0,0.0,10.9,
2479824,21,979775,BASKET ALMEDA,AWAY,1929994,M. Garcia Menéndez,M. Garcia Menéndez,1,23.5,1412.0,4.0,2.0,4.0,0.0,4.0,2.0,8.0,0.0,0.0,1.0,3.0,4.0,2.0,1.0,1.0,0.0,0.0,3.0,0.0,1.0,-11.0,25.0,25.0,50.0,0.0,1.0,0.0,0.0,4.0,14.2,8.6,22.7,2.4,0.0,11.1,18.9,
2479824,21,979775,BASKET ALMEDA,AWAY,2219057,I. Homs Fatjo,I. Homs Fatjo,0,8.9,537.0,3.0,0.0,2.0,1.0,1.0,1.0,3.0,0.0,0.0,1.0,1.0,2.0,0.0,1.0,0.0,0.0,0.0,1.0,0.0,1.0,-4.0,50.0,50.0,33.3,0.0,0.0,3.0,0.0,10.5,12.5,11.4,0.0,0.0,0.0,25.0,22.2,
2479824,21,979775,BASKET ALMEDA,AWAY,1893303,L. Tierno Martí,L. Tierno Martí,1,22.7,1363.0,4.0,1.0,2.0,0.0,1.0,1.0,3.0,2.0,2.0,1.0,2.0,3.0,2.0,0.0,1.0,0.0,0.0,4.0,1.0,5.0,-7.0,51.5,33.3,33.3,66.7,1.0,0.0,2.0,4.1,9.8,6.7,20.4,2.5,0.0,0.0,8.4,
2479824,21,979775,BASKET ALMEDA,AWAY,1398197,C. Tapia Palacio,C. Tapia Palacio,1,22.0,1319.0,10.0,2.0,7.0,1.0,1.0,3.0,8.0,3.0,4.0,2.0,3.0,5.0,1.0,0.0,2.0,0.0,0.0,2.0,5.0,15.0,-18.0,51.2,43.8,12.5,50.0,0.6,3.0,0.8,8.5,15.2,11.5,12.8,5.2,0.0,0.0,21.9,
2479824,21,979775,BASKET ALMEDA,AWAY,2157230,L. Jove Fuste,L. Jove Fuste,0,19.2,1153.0,2.0,1.0,2.0,0.0,3.0,1.0,5.0,0.0,0.0,0.0,2.0,2.0,0.0,1.0,1.0,0.0,0.0,3.0,0.0,-3.0,-11.0,20.0,20.0,60.0,0.0,1.0,0.0,0.0,0.0,11.6,5.3,0.0,3.0,0.0,16.7,15.4,
2479824,21,979775,BASKET ALMEDA,AWAY,2216044,J. Masa Carne,J. Masa Carne,0,15.2,911.0,2.0,1.0,6.0,0.0,1.0,1.0,7.0,0.0,1.0,1.0,3.0,4.0,0.0,1.0,2.0,0.0,0.0,2.0,3.0,1.0,-5.0,13.4,14.3,14.3,14.3,0.3,0.0,0.3,6.1,21.9,13.3,0.0,7.5,0.0,11.8,27.4,
2479824,21,979775,BASKET ALMEDA,AWAY,2054903,A. Cojocariu,A. Cojocariu,1,27.6,1658.0,11.0,1.0,7.0,2.0,8.0,3.0,15.0,3.0,6.0,3.0,7.0,10.0,1.0,1.0,3.0,1.0,0.0,4.0,4.0,10.0,-8.0,31.2,26.7,53.3,40.0,0.3,0.8,1.5,10.1,28.2,18.3,10.4,6.2,4.4,5.4,33.4,
2479824,21,979775,BASKET ALMEDA,AWAY,2147731,D. Peris Fons,D. Peris Fons,0,14.0,841.0,2.0,0.0,3.0,0.0,0.0,0.0,3.0,2.0,6.0,1.0,2.0,3.0,0.0,1.0,0.0,0.0,0.0,2.0,5.0,0.0,1.0,17.7,0.0,0.0,200.0,0.0,0.0,1.2,6.6,15.9,10.8,0.0,0.0,0.0,15.1,23.4,
2479824,21,979775,BASKET ALMEDA,AWAY,2440587,M. Coll-Vinent Olle,M. Coll-Vinent Olle,0,22.1,1329.0,13.0,3.0,4.0,1.0,1.0,4.0,5.0,4.0,5.0,2.0,2.0,4.0,0.0,2.0,0.0,0.0,0.0,4.0,3.0,12.0,-16.0,90.3,90.0,20.0,100.0,1.5,3.0,1.7,8.4,10.1,9.2,0.0,0.0,0.0,21.7,20.6,
2479825,21,981304,DISHELEC 65 VILADECANS,HOME,2050407,L. Sanchez Garcia,L. Sanchez Garcia,1,27.3,1637.0,14.0,3.0,10.0,2.0,2.0,5.0,12.0,2.0,2.0,2.0,2.0,4.0,2.0,2.0,0.0,1.0,1.0,3.0,2.0,11.0,7.0,54.3,50.0,16.7,16.7,0.6,3.0,1.0,8.6,7.5,8.0,14.4,0.0,3.4,13.4,26.0,
2479825,21,981304,DISHELEC 65 VILADECANS,HOME,1910113,L. Anducas Rodon,L. Anducas Rodon,1,20.0,1198.0,2.0,1.0,1.0,0.0,1.0,1.0,2.0,0.0,0.0,0.0,3.0,3.0,4.0,1.0,2.0,0.0,0.0,1.0,1.0,9.0,8.0,50.0,50.0,50.0,0.0,2.0,0.0,0.0,0.0,15.4,8.2,32.0,5.5,0.0,33.3,7.2,
2479825,21,981304,DISHELEC 65 VILADECANS,HOME,1727776,P. Curto Garcia,P. Curto Garcia,0,24.6,1478.0,7.0,2.0,4.0,1.0,7.0,3.0,11.0,0.0,0.0,2.0,5.0,7.0,1.0,4.0,2.0,0.0,0.0,2.0,1.0,4.0,-1.0,31.8,31.8,63.6,0.0,1.0,0.4,0.0,9.6,20.8,15.6,7.6,4.5,0.0,26.7,29.1,
2479825,21,981304,DISHELEC 65 VILADECANS,HOME,2322360,A. Torne Labarta,A. Torne Labarta,1,32.1,1926.0,18.0,9.0,13.0,0.0,0.0,9.0,13.0,0.0,0.0,3.0,8.0,11.0,4.0,2.0,0.0,5.0,0.0,3.0,1.0,30.0,10.0,69.2,69.2,0.0,0.0,1.4,0.0,0.0,11.0,25.6,18.8,31.7,0.0,14.5,13.3,22.3,
2479825,21,981304,DISHELEC 65 VILADECANS,HOME,2082380,J. Torreño Jimenez,J. Torreño Jimenez,0,17.5,1052.0,11.0,1.0,2.0,2.0,4.0,3.0,6.0,3.0,5.0,0.0,3.0,3.0,2.0,1.0,1.0,0.0,0.0,1.0,4.0,14.0,0.0,67.1,66.7,66.7,83.3,1.0,1.5,1.2,0.0,17.6,9.4,25.6,3.1,0.0,10.9,25.1,
2479825,21,981304,DISHELEC 65 VILADECANS,HOME,2146979,N. Sanchez Marques,N. Sanchez Marques,1,27.1,1623.0,9.0,0.0,3.0,2.0,3.0,2.0,6.0,3.0,4.0,0.0,3.0,3.0,4.0,3.0,2.0,0.0,0.0,2.0,4.0,12.0,13.0,58.0,50.0,50.0,66.7,0.0,2.0,1.0,0.0,11.4,6.1,23.7,4.0,0.0,27.9,19.0,
2479825,21,981304,DISHELEC 65 VILADECANS,HOME,1956668,M. Ribera Sanuy,M. Ribera Sanuy,0,18.1,1083.0,5.0,2.0,5.0,0.0,0.0,2.0,5.0,1.0,2.0,2.0,1.0,3.0,0.0,1.0,0.0,0.0,1.0,2.0,2.0,3.0,0.0,42.5,40.0,0.0,40.0,0.8,0.0,1.0,13.0,5.7,9.1,0.0,0.0,0.0,14.5,18.2,
2479825,21,981304,DISHELEC 65 VILADECANS,HOME,1663009,Q. Ubia Llunell,Q. Ubia Llunell,1,29.8,1787.0,5.0,1.0,1.0,1.0,6.0,2.0,7.0,0.0,0.0,0.0,1.0,1.0,4.0,2.0,0.0,0.0,0.0,3.0,0.0,0.0,8.0,35.7,35.7,85.7,0.0,2.0,0.5,0.0,0.0,3.4,1.8,23.7,0.0,0.0,22.2,14.4,
2479825,21,981304,DISHELEC 65 VILADECANS,HOME,2194944,B. Larrea Hijano,B. Larrea Hijano,0,3.6,216.0,0.0,0.0,0.0,0.0,0.0,0.0,0.0,0.0,0.0,1.0,1.0,2.0,0.0,0.0,0.0,0.0,0.0,0.0,0.0,2.0,5.0,0.0,0.0,0.0,0.0,0.0,0.0,0.0,32.7,28.5,30.4,0.0,0.0,0.0,0.0,0.0,
2479825,21,981212,ELSAMEX CB ANDRATX,AWAY,2553411,N. Jeng,N. Jeng,1,22.4,1343.0,11.0,4.0,9.0,0.0,1.0,4.0,10.0,3.0,6.0,4.0,4.0,8.0,2.0,1.0,2.0,0.0,2.0,2.0,3.0,14.0,-8.0,43.5,40.0,10.0,60.0,0.9,0.0,2.0,18.3,21.0,19.6,20.4,4.8,0.0,7.3,28.6,
2479825,21,981212,ELSAMEX CB ANDRATX,AWAY,1461086,P. Comella Pons,P. Comella Pons,1,37.2,2230.0,6.0,1.0,5.0,0.0,2.0,1.0,7.0,4.0,4.0,1.0,1.0,2.0,1.0,3.0,2.0,0.0,1.0,2.0,6.0,6.0,-5.0,34.2,14.3,28.6,57.1,0.4,0.0,0.7,2.8,3.2,2.9,5.1,2.9,0.0,25.5,14.9,
2479825,21,981212,ELSAMEX CB ANDRATX,AWAY,1489116,B. Gual Castillo,B. Gual Castillo,1,23.0,1380.0,10.0,2.0,3.0,2.0,9.0,4.0,12.0,0.0,0.0,1.0,2.0,3.0,3.0,3.0,1.0,0.0,0.0,4.0,0.0,2.0,-15.0,41.7,41.7,75.0,0.0,1.3,0.7,0.0,4.5,10.2,7.1,30.6,2.4,0.0,20.0,30.7,
2479825,21,981212,ELSAMEX CB ANDRATX,AWAY,1762758,P. Charro Och,P. Charro Och,1,23.6,1416.0,10.0,1.0,4.0,2.0,7.0,3.0,11.0,2.0,2.0,2.0,1.0,3.0,1.0,0.0,2.0,0.0,0.0,0.0,1.0,9.0,-10.0,42.1,36.4,63.6,18.2,0.5,0.9,2.0,8.7,5.0,7.0,9.3,4.6,0.0,0.0,23.7,
2479825,21,981212,ELSAMEX CB ANDRATX,AWAY,1579078,H. Condom Rosell,H. Condom Rosell,0,12.2,735.0,4.0,2.0,5.0,0.0,0.0,2.0,5.0,0.0,2.0,0.0,1.0,1.0,0.0,0.0,1.0,0.0,1.0,1.0,1.0,1.0,5.0,34.0,40.0,0.0,40.0,0.8,0.0,2.0,0.0,9.6,4.5,0.0,4.4,0.0,0.0,22.7,
2479825,21,981212,ELSAMEX CB ANDRATX,AWAY,2148958,M. López Martí,M. López Martí,1,32.7,1964.0,6.0,3.0,6.0,0.0,0.0,3.0,6.0,0.0,0.0,2.0,8.0,10.0,3.0,3.0,2.0,0.0,0.0,2.0,1.0,14.0,-11.0,50.0,50.0,0.0,0.0,1.0,0.0,0.0,6.3,28.8,16.8,19.5,3.3,0.0,33.3,12.9,
2479825,21,981212,ELSAMEX CB ANDRATX,AWAY,2276474,L. García Rivera,L. García Rivera,0,21.7,1302.0,5.0,1.0,5.0,1.0,2.0,2.0,7.0,0.0,0.0,0.0,1.0,1.0,2.0,0.0,2.0,0.0,1.0,2.0,3.0,6.0,4.0,35.7,35.7,28.6,0.0,0.4,1.5,0.0,0.0,5.4,2.5,21.1,5.0,0.0,0.0,15.2,
2479825,21,981212,ELSAMEX CB ANDRATX,AWAY,2043611,J. Ballester Manque,J. Ballester Manque,0,2.3,136.0,0.0,0.0,0.0,0.0,0.0,0.0,0.0,0.0,0.0,0.0,0.0,0.0,0.0,0.0,0.0,0.0,0.0,0.0,0.0,0.0,-4.0,0.0,0.0,0.0,0.0,0.0,0.0,0.0,0.0,0.0,0.0,0.0,0.0,0.0,0.0,0.0,
2479825,21,981212,ELSAMEX CB ANDRATX,AWAY,2294809,P. Sans Cantallops,P. Sans Cantallops,0,20.6,1237.0,9.0,4.0,6.0,0.0,1.0,4.0,7.0,1.0,2.0,2.0,5.0,7.0,0.0,1.0,0.0,2.0,1.0,2.0,2.0,13.0,-2.0,57.1,57.1,14.3,28.6,1.3,0.0,1.0,10.0,28.6,18.6,0.0,0.0,10.0,11.3,20.3,
2479825,21,981212,ELSAMEX CB ANDRATX,AWAY,2820516,L. Stenta,L. Stenta,0,4.3,257.0,0.0,0.0,0.0,0.0,0.0,0.0,0.0,0.0,0.0,0.0,1.0,1.0,0.0,2.0,0.0,0.0,0.0,0.0,0.0,-1.0,-4.0,0.0,0.0,0.0,0.0,0.0,0.0,0.0,0.0,27.4,12.7,0.0,0.0,0.0,100.0,21.9,
2479826,21,981229,SPAR GRAN CANARIA,HOME,2203305,L. Perez Castro,L. Perez Castro,1,40.0,2400.0,16.0,6.0,6.0,1.0,5.0,7.0,11.0,1.0,2.0,0.0,5.0,5.0,4.0,2.0,1.0,0.0,0.0,3.0,2.0,18.0,2.0,67.3,68.2,45.5,18.2,2.0,0.6,1.0,0.0,15.2,7.7,16.0,1.4,0.0,14.4,16.5,
2479826,21,981229,SPAR GRAN CANARIA,HOME,2288451,A. Hernandez Martinez,A. Hernandez Martinez,0,7.2,431.0,0.0,0.0,0.0,0.0,1.0,0.0,1.0,0.0,0.0,0.0,0.0,0.0,1.0,1.0,0.0,0.0,0.0,2.0,0.0,-3.0,-8.0,0.0,0.0,100.0,0.0,0.0,0.0,0.0,0.0,0.0,0.0,15.6,0.0,0.0,50.0,13.2,
2479826,21,981229,SPAR GRAN CANARIA,HOME,2621781,F. Thiao,F. Thiao,0,1.4,84.0,0.0,0.0,0.0,0.0,0.0,0.0,0.0,0.0,0.0,0.0,0.0,0.0,0.0,0.0,0.0,0.0,0.0,0.0,0.0,0.0,-4.0,0.0,0.0,0.0,0.0,0.0,0.0,0.0,0.0,0.0,0.0,0.0,0.0,0.0,0.0,0.0,
2479826,21,981229,SPAR GRAN CANARIA,HOME,2494285,A. Mbengue Sánchez,A. Mbengue Sánchez,1,40.0,2400.0,24.0,11.0,17.0,0.0,0.0,11.0,17.0,2.0,5.0,2.0,3.0,5.0,2.0,2.0,1.0,0.0,0.0,2.0,4.0,23.0,2.0,62.5,64.7,0.0,29.4,1.3,0.0,1.2,6.2,9.1,7.7,9.5,1.4,0.0,9.4,25.3,
2479826,21,981229,SPAR GRAN CANARIA,HOME,2251955,M. Ocurto Mendes,M. Ocurto Mendes,1,30.3,1816.0,11.0,3.0,7.0,1.0,4.0,4.0,11.0,2.0,4.0,0.0,2.0,2.0,6.0,3.0,3.0,0.0,0.0,0.0,5.0,15.0,4.0,43.1,40.9,36.4,36.4,0.9,0.8,0.8,0.0,8.0,4.1,27.8,5.4,0.0,19.0,24.8,
2479826,21,981229,SPAR GRAN CANARIA,HOME,2292843,M. Rodríguez Sánchez,M. Rodríguez Sánchez,0,16.4,986.0,6.0,3.0,3.0,0.0,3.0,3.0,6.0,0.0,0.0,0.0,1.0,1.0,0.0,0.0,1.0,0.0,0.0,0.0,1.0,6.0,-4.0,50.0,50.0,50.0,0.0,2.0,0.0,0.0,0.0,7.4,3.8,0.0,3.3,0.0,0.0,17.4,
2479826,21,981229,SPAR GRAN CANARIA,HOME,2352279,T. Ezeanatogu Ezeonu,T. Ezeanatogu Ezeonu,1,29.4,1764.0,10.0,3.0,6.0,0.0,0.0,3.0,6.0,4.0,5.0,4.0,6.0,10.0,6.0,2.0,3.0,0.0,0.0,5.0,4.0,22.0,7.0,61.0,50.0,0.0,83.3,1.0,0.0,1.2,17.0,24.7,20.9,30.9,5.6,0.0,19.6,16.5,
2479826,21,981229,SPAR GRAN CANARIA,HOME,2643570,L. Toure,L. Toure,1,35.3,2119.0,9.0,4.0,13.0,0.0,0.0,4.0,13.0,1.0,2.0,4.0,5.0,9.0,1.0,1.0,1.0,2.0,0.0,3.0,1.0,9.0,11.0,32.4,30.8,0.0,15.4,0.6,0.0,2.0,14.2,17.2,15.7,4.0,1.6,5.5,6.7,20.1,
2479826,21,981414,HIERROS DÍAZ EXTREMADURA MIRALVALLE,AWAY,1707378,M. Pérez Castro,M. Pérez Castro,1,36.1,2165.0,18.0,0.0,2.0,4.0,9.0,4.0,11.0,6.0,6.0,2.0,2.0,4.0,1.0,3.0,2.0,0.0,0.0,3.0,5.0,17.0,-2.0,66.0,54.5,81.8,54.5,0.0,1.3,1.2,6.7,6.9,6.8,4.7,3.0,0.0,18.0,22.0,
2479826,21,981414,HIERROS DÍAZ EXTREMADURA MIRALVALLE,AWAY,2818302,V. Michel,V. Michel,1,35.5,2128.0,13.0,6.0,10.0,0.0,0.0,6.0,10.0,1.0,1.0,0.0,9.0,9.0,3.0,3.0,1.0,0.0,2.0,3.0,2.0,18.0,0.0,62.3,60.0,0.0,10.0,1.2,0.0,0.5,0.0,31.7,15.6,15.6,1.5,0.0,22.3,18.1,
2479826,21,981414,HIERROS DÍAZ EXTREMADURA MIRALVALLE,AWAY,2557107,I. Serrano Alvarez,I. Serrano Alvarez,1,30.4,1824.0,12.0,6.0,7.0,0.0,0.0,6.0,7.0,0.0,0.0,2.0,4.0,6.0,3.0,0.0,0.0,0.0,0.0,3.0,3.0,20.0,4.0,85.7,85.7,0.0,0.0,1.7,0.0,0.0,8.0,16.4,12.1,18.3,0.0,0.0,0.0,11.0,
2479826,21,981414,HIERROS DÍAZ EXTREMADURA MIRALVALLE,AWAY,2734458,L. Navas Castro,L. Navas Castro,0,11.7,701.0,2.0,1.0,1.0,0.0,1.0,1.0,2.0,0.0,0.0,1.0,0.0,1.0,3.0,3.0,0.0,0.0,0.0,1.0,0.0,1.0,-6.0,50.0,50.0,50.0,0.0,2.0,0.0,0.0,10.4,0.0,5.3,40.5,0.0,0.0,60.0,20.4,
2479826,21,981414,HIERROS DÍAZ EXTREMADURA MIRALVALLE,AWAY,1724925,M. Romero Garrido,M. Romero Garrido,0,22.8,1369.0,7.0,2.0,3.0,1.0,4.0,3.0,7.0,0.0,2.0,0.0,1.0,1.0,3.0,1.0,0.0,0.0,0.0,3.0,1.0,2.0,-2.0,44.4,50.0,57.1,28.6,1.3,0.8,2.0,0.0,5.5,2.7,21.7,0.0,0.0,11.3,18.6,
2479826,21,981414,HIERROS DÍAZ EXTREMADURA MIRALVALLE,AWAY,2566363,P. Laurenson Cheynel,P. Laurenson Cheynel,1,27.5,1652.0,8.0,1.0,8.0,2.0,4.0,3.0,12.0,0.0,0.0,3.0,2.0,5.0,7.0,1.0,1.0,0.0,0.0,1.0,2.0,12.0,4.0,33.3,33.3,33.3,0.0,0.2,1.5,0.0,13.2,9.1,11.2,42.2,2.0,0.0,7.7,22.6,
2479826,21,981414,HIERROS DÍAZ EXTREMADURA MIRALVALLE,AWAY,2845561,S. Brown,S. Brown,0,14.2,849.0,5.0,1.0,4.0,1.0,2.0,2.0,6.0,0.0,0.0,3.0,1.0,4.0,0.0,0.0,1.0,0.0,0.0,1.0,0.0,5.0,-8.0,41.7,41.7,33.3,0.0,0.5,1.5,0.0,25.6,8.8,17.3,0.0,3.8,0.0,0.0,20.2,
2479826,21,981414,HIERROS DÍAZ EXTREMADURA MIRALVALLE,AWAY,1529427,C. Lazaro Hernandez,C. Lazaro Hernandez,1,21.9,1312.0,9.0,2.0,6.0,1.0,7.0,3.0,13.0,2.0,2.0,0.0,3.0,3.0,3.0,0.0,0.0,0.0,0.0,2.0,2.0,5.0,0.0,32.4,26.9,53.8,15.4,0.7,0.4,1.0,0.0,17.1,8.4,27.3,0.0,0.0,0.0,30.2,
2479827,21,981227,DPES CB CIUDAD DE MOSTOLES,HOME,2040603,P. Gonzalez Gonzalez,P. Gonzalez Gonzalez,0,12.6,754.0,7.0,1.0,2.0,1.0,5.0,2.0,7.0,2.0,2.0,0.0,1.0,1.0,2.0,0.0,2.0,0.0,0.0,4.0,3.0,6.0,1.0,44.4,35.7,71.4,28.6,1.0,0.6,0.7,0.0,9.3,4.7,28.6,8.1,0.0,0.0,26.3,
2479827,21,981227,DPES CB CIUDAD DE MOSTOLES,HOME,2162836,D. Vaquero Martinez,D. Vaquero Martinez,0,19.6,1177.0,0.0,0.0,2.0,0.0,1.0,0.0,3.0,0.0,2.0,0.0,2.0,2.0,3.0,1.0,0.0,1.0,0.0,1.0,1.0,0.0,-2.0,0.0,0.0,33.3,66.7,0.0,0.0,2.0,0.0,12.0,6.0,20.0,0.0,4.7,20.5,10.5,
2479827,21,981227,DPES CB CIUDAD DE MOSTOLES,HOME,1981139,S. Blanco Guitian,S. Blanco Guitian,1,22.0,1320.0,14.0,1.0,2.0,4.0,11.0,5.0,13.0,0.0,0.0,1.0,1.0,2.0,3.0,3.0,0.0,0.0,0.0,3.0,0.0,5.0,24.0,53.8,53.8,84.6,0.0,1.0,1.1,0.0,5.3,5.3,5.3,23.1,0.0,0.0,18.8,30.5,
2479827,21,981227,DPES CB CIUDAD DE MOSTOLES,HOME,1178705,A. Peredo Lopez,A. Peredo Lopez,1,14.7,879.0,0.0,0.0,1.0,0.0,2.0,0.0,3.0,0.0,0.0,0.0,7.0,7.0,3.0,1.0,0.0,0.0,0.0,1.0,1.0,6.0,9.0,0.0,0.0,66.7,0.0,0.0,0.0,0.0,0.0,56.0,28.0,25.0,0.0,0.0,25.0,11.4,
2479827,21,981227,DPES CB CIUDAD DE MOSTOLES,HOME,1222687,B. Moreno Hurtado,B. Moreno Hurtado,0,22.6,1357.0,13.0,5.0,9.0,0.0,0.0,5.0,9.0,3.0,3.0,4.0,4.0,8.0,1.0,1.0,0.0,0.0,1.0,2.0,3.0,18.0,7.0,63.0,55.6,0.0,33.3,1.1,0.0,1.0,20.8,20.8,20.8,7.7,0.0,0.0,8.8,21.0,
2479827,21,981227,DPES CB CIUDAD DE MOSTOLES,HOME,2499420,C. Bokuy Angue,C. Bokuy Angue,0,3.6,218.0,0.0,0.0,0.0,0.0,0.0,0.0,0.0,0.0,0.0,0.0,0.0,0.0,2.0,0.0,0.0,0.0,0.0,1.0,0.0,1.0,0.0,0.0,0.0,0.0,0.0,0.0,0.0,0.0,0.0,0.0,0.0,66.7,0.0,0.0,0.0,0.0,
2479827,21,981227,DPES CB CIUDAD DE MOSTOLES,HOME,1819108,N. Gomez Cobo,N. Gomez Cobo,0,20.2,1210.0,19.0,6.0,10.0,1.0,1.0,7.0,11.0,4.0,4.0,2.0,3.0,5.0,0.0,0.0,0.0,1.0,0.0,4.0,5.0,22.0,12.0,74.5,68.2,9.1,36.4,1.2,3.0,0.8,11.6,17.5,14.6,0.0,0.0,4.6,0.0,26.5,
2479827,21,981227,DPES CB CIUDAD DE MOSTOLES,HOME,2035086,M. Gamez Martinez,M. Gamez Martinez,1,19.4,1166.0,2.0,1.0,3.0,0.0,4.0,1.0,7.0,0.0,0.0,2.0,2.0,4.0,5.0,2.0,3.0,1.0,1.0,1.0,0.0,6.0,11.0,14.3,14.3,57.1,0.0,0.7,0.0,0.0,12.1,12.1,12.1,35.7,7.9,4.8,22.2,19.5,
2479827,21,981227,DPES CB CIUDAD DE MOSTOLES,HOME,1589173,M. Correa Villalona,M. Correa Villalona,0,20.6,1234.0,6.0,0.0,0.0,2.0,3.0,2.0,3.0,0.0,2.0,0.0,1.0,1.0,2.0,1.0,3.0,0.0,0.0,3.0,2.0,7.0,6.0,77.3,100.0,100.0,66.7,0.0,2.0,1.0,0.0,5.7,2.9,15.4,7.4,0.0,20.5,9.9,
2479827,21,981227,DPES CB CIUDAD DE MOSTOLES,HOME,1740994,B. Rodríguez Bazaga,B. Rodríguez Bazaga,1,25.8,1549.0,10.0,1.0,2.0,2.0,9.0,3.0,11.0,2.0,2.0,1.0,1.0,2.0,3.0,2.0,1.0,0.0,0.0,2.0,2.0,6.0,11.0,42.1,36.4,81.8,18.2,1.0,0.7,1.0,4.6,4.6,4.6,20.0,2.0,0.0,14.4,22.6,
2479827,21,981227,DPES CB CIUDAD DE MOSTOLES,HOME,2404223,E. Abubakar Arrey,E. Abubakar Arrey,1,18.9,1136.0,14.0,5.0,7.0,0.0,0.0,5.0,7.0,4.0,6.0,4.0,3.0,7.0,1.0,1.0,0.0,0.0,0.0,2.0,4.0,19.0,6.0,72.6,71.4,0.0,85.7,1.4,0.0,1.5,24.9,18.7,21.8,10.0,0.0,0.0,9.4,23.6,
2479827,21,979778,MAGEC TÍAS LANZAROTE CONTRA LA VIOLENCIA DE GÉNERO,AWAY,2178381,E. Lozano Sosa,E. Lozano Sosa,0,17.9,1077.0,4.0,0.0,1.0,1.0,2.0,1.0,3.0,1.0,4.0,1.0,2.0,3.0,4.0,1.0,3.0,0.0,1.0,2.0,2.0,8.0,-13.0,42.0,50.0,66.7,133.3,0.0,1.5,2.0,6.6,13.1,9.9,57.1,8.3,0.0,17.4,14.7,
2479827,21,979778,MAGEC TÍAS LANZAROTE CONTRA LA VIOLENCIA DE GÉNERO,AWAY,1100445,Y. Garcia Gonzalez,Y. Garcia Gonzalez,1,33.4,2006.0,18.0,3.0,14.0,0.0,1.0,3.0,15.0,12.0,17.0,0.0,5.0,5.0,4.0,3.0,1.0,2.0,1.0,4.0,9.0,15.0,-8.0,40.0,20.0,6.7,113.3,0.4,0.0,1.9,0.0,17.6,8.8,30.8,1.5,6.3,11.8,34.9,
2479827,21,979778,MAGEC TÍAS LANZAROTE CONTRA LA VIOLENCIA DE GÉNERO,AWAY,1995747,S. Hisado Santos,S. Hisado Santos,1,25.5,1532.0,0.0,0.0,2.0,0.0,0.0,0.0,2.0,0.0,0.0,3.0,1.0,4.0,2.0,2.0,0.0,0.0,0.0,2.0,0.0,0.0,-14.0,0.0,0.0,0.0,0.0,0.0,0.0,0.0,13.8,4.6,9.2,16.7,0.0,0.0,50.0,7.2,
2479827,21,979778,MAGEC TÍAS LANZAROTE CONTRA LA VIOLENCIA DE GÉNERO,AWAY,1695414,C. Mateo Cañada,C. Mateo Cañada,1,33.1,1989.0,14.0,4.0,9.0,2.0,6.0,6.0,15.0,0.0,0.0,2.0,2.0,4.0,4.0,1.0,0.0,0.0,0.0,3.0,1.0,10.0,-6.0,46.7,46.7,40.0,0.0,0.9,1.0,0.0,7.1,7.1,7.1,40.0,0.0,0.0,6.2,22.1,
2479827,21,979778,MAGEC TÍAS LANZAROTE CONTRA LA VIOLENCIA DE GÉNERO,AWAY,2824664,B. Snorradottir,B. Snorradottir,0,20.6,1235.0,7.0,2.0,3.0,0.0,2.0,2.0,5.0,3.0,3.0,0.0,4.0,4.0,1.0,0.0,1.0,0.0,0.0,2.0,3.0,11.0,-21.0,55.4,40.0,40.0,60.0,1.3,0.0,1.0,0.0,22.8,11.4,12.5,2.4,0.0,0.0,14.0,
2479827,21,979778,MAGEC TÍAS LANZAROTE CONTRA LA VIOLENCIA DE GÉNERO,AWAY,2524794,M. Marinho Junqueira,M. Marinho Junqueira,1,21.8,1309.0,4.0,1.0,4.0,0.0,3.0,1.0,7.0,2.0,2.0,3.0,4.0,7.0,3.0,3.0,0.0,0.0,0.0,1.0,3.0,7.0,0.0,25.4,14.3,42.9,28.6,0.5,0.0,0.7,16.2,21.6,18.9,33.3,0.0,0.0,27.6,22.8,
2479827,21,979778,MAGEC TÍAS LANZAROTE CONTRA LA VIOLENCIA DE GÉNERO,AWAY,2379074,N. Zabala Gabilondo,N. Zabala Gabilondo,1,26.3,1578.0,14.0,4.0,7.0,0.0,0.0,4.0,7.0,6.0,8.0,0.0,1.0,1.0,1.0,1.0,1.0,0.0,1.0,5.0,5.0,11.0,-11.0,66.5,57.1,0.0,114.3,1.1,0.0,1.6,0.0,4.5,2.2,10.0,1.9,0.0,8.7,20.0,
2479827,21,979778,MAGEC TÍAS LANZAROTE CONTRA LA VIOLENCIA DE GÉNERO,AWAY,1681307,E. Iranzo Gutierrez,E. Iranzo Gutierrez,0,21.2,1274.0,7.0,3.0,3.0,0.0,2.0,3.0,5.0,1.0,1.0,0.0,1.0,1.0,3.0,2.0,0.0,0.0,0.0,2.0,1.0,6.0,-12.0,64.3,60.0,40.0,20.0,2.0,0.0,1.0,0.0,5.5,2.8,42.9,0.0,0.0,26.9,16.1,
2479828,21,981209,CB CLARET BENIMACLET,HOME,1886112,S. Afonso Gonzalez,S. Afonso Gonzalez,1,31.3,1878.0,11.0,2.0,9.0,1.0,7.0,3.0,16.0,4.0,4.0,1.0,2.0,3.0,2.0,1.0,2.0,0.0,0.0,2.0,3.0,5.0,-2.0,31.0,21.9,43.8,25.0,0.4,0.4,1.3,2.9,4.8,4.0,18.9,3.2,0.0,5.3,27.0,
2479828,21,981209,CB CLARET BENIMACLET,HOME,2209715,J. Sarrio Asensio,J. Sarrio Asensio,0,9.6,575.0,0.0,0.0,0.0,0.0,0.0,0.0,0.0,0.0,0.0,1.0,1.0,2.0,2.0,1.0,0.0,0.0,0.0,1.0,0.0,2.0,6.0,0.0,0.0,0.0,0.0,0.0,0.0,0.0,9.5,7.9,8.6,58.8,0.0,0.0,100.0,4.7,
2479828,21,981209,CB CLARET BENIMACLET,HOME,1853228,J. Rochina Troncoso,J. Rochina Troncoso,1,19.7,1183.0,2.0,0.0,2.0,0.0,1.0,0.0,3.0,2.0,6.0,1.0,7.0,8.0,2.0,0.0,2.0,0.0,1.0,2.0,4.0,9.0,-8.0,17.7,0.0,33.3,200.0,0.0,0.0,1.5,4.6,26.8,16.7,23.5,5.0,0.0,0.0,12.9,
2479828,21,981209,CB CLARET BENIMACLET,HOME,1840053,P. Garcia Garcia,P. Garcia Garcia,0,17.3,1038.0,4.0,1.0,5.0,0.0,2.0,1.0,7.0,2.0,4.0,2.0,3.0,5.0,1.0,3.0,1.0,0.0,0.0,2.0,2.0,0.0,-7.0,22.8,14.3,28.6,57.1,0.4,0.0,2.0,10.5,13.1,11.9,17.2,2.9,0.0,25.5,30.7,
2479828,21,981209,CB CLARET BENIMACLET,HOME,2281500,L. Liern Ruiz,L. Liern Ruiz,0,1.0,58.0,0.0,0.0,0.0,0.0,0.0,0.0,0.0,0.0,0.0,0.0,0.0,0.0,0.0,0.0,0.0,0.0,0.0,0.0,0.0,0.0,-2.0,0.0,0.0,0.0,0.0,0.0,0.0,0.0,0.0,0.0,0.0,0.0,0.0,0.0,0.0,0.0,
2479828,21,981209,CB CLARET BENIMACLET,HOME,1767443,M. Cuellar Bayarri,M. Cuellar Bayarri,1,16.4,985.0,2.0,0.0,2.0,0.0,0.0,0.0,2.0,2.0,2.0,2.0,4.0,6.0,3.0,1.0,1.0,0.0,0.0,4.0,3.0,8.0,10.0,34.7,0.0,0.0,100.0,0.0,0.0,0.7,11.1,18.4,15.1,44.1,3.0,0.0,25.8,10.7,
2479828,21,981209,CB CLARET BENIMACLET,HOME,1984467,G. Lopez Cuesta,G. Lopez Cuesta,0,22.6,1357.0,7.0,2.0,6.0,0.0,0.0,2.0,6.0,3.0,4.0,2.0,5.0,7.0,0.0,4.0,0.0,0.0,1.0,3.0,5.0,7.0,-6.0,45.1,33.3,0.0,66.7,0.7,0.0,0.8,8.0,16.7,12.8,0.0,0.0,0.0,34.0,23.5,
2479828,21,981209,CB CLARET BENIMACLET,HOME,1506842,E. Cases Rey,E. Cases Rey,1,31.6,1897.0,15.0,2.0,3.0,3.0,13.0,5.0,16.0,2.0,2.0,0.0,3.0,3.0,2.0,2.0,2.0,0.0,0.0,0.0,3.0,12.0,10.0,44.4,40.6,81.2,12.5,1.3,0.7,0.7,0.0,7.2,3.9,23.3,3.1,0.0,10.6,26.9,
2479828,21,981209,CB CLARET BENIMACLET,HOME,1994256,T. Toledo Navarro,T. Toledo Navarro,0,2.1,125.0,0.0,0.0,0.0,0.0,0.0,0.0,0.0,0.0,0.0,0.0,0.0,0.0,0.0,0.0,0.0,0.0,0.0,1.0,0.0,-1.0,-1.0,0.0,0.0,0.0,0.0,0.0,0.0,0.0,0.0,0.0,0.0,0.0,0.0,0.0,0.0,0.0,
2479828,21,981209,CB CLARET BENIMACLET,HOME,2816051,E. Tenbrock,E. Tenbrock,0,16.6,996.0,10.0,2.0,2.0,2.0,6.0,4.0,8.0,0.0,0.0,0.0,3.0,3.0,0.0,0.0,0.0,1.0,0.0,2.0,0.0,8.0,9.0,62.5,62.5,75.0,0.0,2.0,1.0,0.0,0.0,13.6,7.5,0.0,0.0,4.9,0.0,21.7,
2479828,21,981209,CB CLARET BENIMACLET,HOME,1749591,I. Garrido Perez,I. Garrido Perez,1,31.8,1908.0,5.0,1.0,3.0,1.0,5.0,2.0,8.0,0.0,0.0,1.0,4.0,5.0,2.0,1.0,0.0,0.0,0.0,2.0,0.0,3.0,1.0,31.2,31.2,62.5,0.0,0.7,0.6,0.0,2.9,9.5,6.5,17.2,0.0,0.0,11.1,12.8,
2479828,21,981335,CESUR DISTRITO OLIMPICO,AWAY,2286837,B. Arranz Albero,B. Arranz Albero,0,21.0,1258.0,11.0,3.0,7.0,1.0,4.0,4.0,11.0,2.0,2.0,1.0,1.0,2.0,2.0,1.0,1.0,0.0,0.0,2.0,2.0,8.0,2.0,46.3,40.9,36.4,18.2,0.9,0.8,1.0,3.6,4.3,3.9,33.3,2.4,0.0,7.8,24.2,
2479828,21,981335,CESUR DISTRITO OLIMPICO,AWAY,1811220,S. Francisco Abos,S. Francisco Abos,1,18.8,1130.0,4.0,2.0,6.0,0.0,4.0,2.0,10.0,0.0,0.0,1.0,0.0,1.0,0.0,3.0,1.0,0.0,0.0,1.0,0.0,-6.0,-2.0,20.0,20.0,40.0,0.0,0.7,0.0,0.0,4.0,0.0,2.2,0.0,2.7,0.0,23.1,27.2,
2479828,21,981335,CESUR DISTRITO OLIMPICO,AWAY,2031383,A. Picos Porras,A. Picos Porras,1,29.6,1773.0,8.0,4.0,10.0,0.0,1.0,4.0,11.0,0.0,2.0,7.0,10.0,17.0,2.0,7.0,3.0,0.0,1.0,2.0,2.0,14.0,4.0,33.7,36.4,9.1,18.2,0.8,0.0,1.0,17.8,30.7,23.7,20.0,5.2,0.0,37.1,25.1,
2479828,21,981335,CESUR DISTRITO OLIMPICO,AWAY,1871488,M. Gomez Hernandez,M. Gomez Hernandez,1,20.4,1225.0,2.0,1.0,3.0,0.0,4.0,1.0,7.0,0.0,0.0,0.0,3.0,3.0,4.0,4.0,0.0,0.0,0.0,3.0,0.0,-4.0,-1.0,14.3,14.3,57.1,0.0,0.7,0.0,0.0,0.0,13.4,6.1,44.4,0.0,0.0,36.4,21.2,
2479828,21,981335,CESUR DISTRITO OLIMPICO,AWAY,1676283,B. Sanchez Campillo,B. Sanchez Campillo,0,5.8,351.0,0.0,0.0,2.0,0.0,1.0,0.0,3.0,0.0,0.0,2.0,0.0,2.0,0.0,0.0,0.0,0.0,0.0,0.0,0.0,-1.0,-4.0,0.0,0.0,33.3,0.0,0.0,0.0,0.0,26.0,0.0,14.2,0.0,0.0,0.0,0.0,20.4,
2479828,21,981335,CESUR DISTRITO OLIMPICO,AWAY,2035834,M. Martinez Majan,M. Martinez Majan,0,11.0,658.0,5.0,1.0,3.0,1.0,1.0,2.0,4.0,0.0,2.0,1.0,5.0,6.0,0.0,1.0,0.0,0.0,0.0,2.0,1.0,5.0,3.0,51.2,62.5,25.0,50.0,0.7,3.0,2.0,6.9,41.3,22.5,0.0,0.0,0.0,17.0,21.1,
2479828,21,981335,CESUR DISTRITO OLIMPICO,AWAY,2226680,J. Masip Lámbarri,J. Masip Lámbarri,0,12.6,753.0,2.0,0.0,0.0,0.0,0.0,0.0,0.0,2.0,6.0,2.0,4.0,6.0,0.0,0.0,1.0,0.0,0.0,1.0,4.0,8.0,1.0,37.9,0.0,0.0,0.0,0.0,0.0,1.5,12.0,28.9,19.6,0.0,4.0,0.0,0.0,8.3,
2479828,21,981335,CESUR DISTRITO OLIMPICO,AWAY,1832824,C. Leal Flores,C. Leal Flores,0,23.9,1435.0,2.0,1.0,4.0,0.0,2.0,1.0,6.0,0.0,0.0,0.0,6.0,6.0,1.0,0.0,2.0,0.0,0.0,1.0,0.0,5.0,-12.0,16.7,16.7,33.3,0.0,0.5,0.0,0.0,0.0,22.8,10.4,9.1,4.3,0.0,0.0,9.9,
2479828,21,981335,CESUR DISTRITO OLIMPICO,AWAY,1562695,A. González Ramírez,A. González Ramírez,1,22.9,1373.0,0.0,0.0,1.0,0.0,3.0,0.0,4.0,0.0,0.0,1.0,1.0,2.0,1.0,0.0,0.0,0.0,0.0,3.0,2.0,-2.0,7.0,0.0,0.0,75.0,0.0,0.0,0.0,0.0,3.3,4.0,3.6,8.3,0.0,0.0,0.0,6.9,
2479828,21,981335,CESUR DISTRITO OLIMPICO,AWAY,2160293,V. Lopez Riaño,V. Lopez Riaño,1,27.4,1647.0,19.0,6.0,12.0,0.0,0.0,6.0,12.0,7.0,10.0,5.0,4.0,9.0,1.0,2.0,0.0,2.0,0.0,4.0,7.0,23.0,-3.0,57.9,50.0,0.0,83.3,1.0,0.0,1.4,13.8,13.3,13.5,12.5,0.0,9.1,10.9,26.4,
2479828,21,981335,CESUR DISTRITO OLIMPICO,AWAY,1677519,R. Flores Aguado,R. Flores Aguado,0,5.8,348.0,1.0,0.0,1.0,0.0,2.0,0.0,3.0,1.0,2.0,1.0,0.0,1.0,0.0,2.0,0.0,0.0,0.0,1.0,1.0,-4.0,-6.0,12.9,0.0,66.7,66.7,0.0,0.0,2.0,13.0,0.0,7.1,0.0,0.0,0.0,34.0,39.9,
2479828,21,981335,CESUR DISTRITO OLIMPICO,AWAY,2185253,P. Álvarez Honorato,P. Álvarez Honorato,0,0.8,49.0,0.0,0.0,0.0,0.0,0.0,0.0,0.0,0.0,0.0,0.0,0.0,0.0,0.0,0.0,0.0,0.0,0.0,0.0,0.0,0.0,1.0,0.0,0.0,0.0,0.0,0.0,0.0,0.0,0.0,0.0,0.0,0.0,0.0,0.0,0.0,0.0,
2479829,21,980023,GEIEG PACISA,HOME,1949920,J. Pairo Urtos,J. Pairo Urtos,1,19.3,1159.0,4.0,1.0,1.0,0.0,5.0,1.0,6.0,2.0,3.0,3.0,2.0,5.0,0.0,3.0,1.0,0.0,0.0,3.0,2.0,0.0,-7.0,27.3,16.7,83.3,50.0,2.0,0.0,1.5,13.2,9.4,11.4,0.0,2.9,0.0,29.1,22.9,
2479829,21,980023,GEIEG PACISA,HOME,1917788,M. Carbo Cachinero,M. Carbo Cachinero,0,16.1,963.0,7.0,1.0,4.0,1.0,1.0,2.0,5.0,2.0,3.0,0.0,2.0,2.0,1.0,1.0,2.0,0.0,0.0,1.0,3.0,9.0,12.0,55.4,50.0,20.0,60.0,0.5,3.0,1.0,0.0,11.3,5.5,13.9,6.8,0.0,13.7,19.5,
2479829,21,980023,GEIEG PACISA,HOME,1944150,M. Melero Bravo,M. Melero Bravo,1,26.9,1617.0,17.0,2.0,9.0,3.0,5.0,5.0,14.0,4.0,5.0,0.0,3.0,3.0,2.0,4.0,1.0,0.0,0.0,4.0,4.0,9.0,5.0,52.5,46.4,35.7,35.7,0.4,1.8,1.2,0.0,10.1,4.9,18.0,2.0,0.0,19.8,32.1,
2479829,21,980023,GEIEG PACISA,HOME,1667386,C. Morente Lopez,C. Morente Lopez,0,23.8,1429.0,2.0,1.0,2.0,0.0,1.0,1.0,3.0,0.0,0.0,0.0,3.0,3.0,0.0,0.0,3.0,0.0,0.0,1.0,2.0,7.0,2.0,33.3,33.3,33.3,0.0,1.0,0.0,0.0,0.0,11.5,5.5,0.0,6.9,0.0,0.0,5.4,
2479829,21,980023,GEIEG PACISA,HOME,1567998,V. Gonzalez Olaizola,V. Gonzalez Olaizola,0,24.9,1494.0,9.0,4.0,10.0,0.0,1.0,4.0,11.0,1.0,2.0,1.0,5.0,6.0,0.0,1.0,2.0,1.0,0.0,4.0,3.0,8.0,9.0,37.9,36.4,9.1,18.2,0.8,0.0,0.7,3.4,18.3,10.6,0.0,4.4,3.8,7.8,22.1,
2479829,21,980023,GEIEG PACISA,HOME,1666109,A. Coma Perpiña,A. Coma Perpiña,1,30.5,1831.0,11.0,3.0,4.0,0.0,2.0,3.0,6.0,5.0,10.0,0.0,0.0,0.0,3.0,0.0,2.0,0.0,0.0,4.0,8.0,12.0,15.0,52.9,50.0,33.3,166.7,1.5,0.0,1.2,0.0,0.0,0.0,19.5,3.6,0.0,0.0,14.6,
2479829,21,980023,GEIEG PACISA,HOME,1926754,J. Fernandez Pinsach,J. Fernandez Pinsach,1,30.5,1831.0,9.0,4.0,12.0,0.0,0.0,4.0,12.0,1.0,3.0,7.0,5.0,12.0,2.0,4.0,6.0,0.0,1.0,1.0,3.0,17.0,16.0,33.8,33.3,0.0,25.0,0.7,0.0,1.0,19.5,14.9,17.3,13.9,10.8,0.0,23.1,24.3,
2479829,21,980023,GEIEG PACISA,HOME,2239082,N. Mitjanas Costa,N. Mitjanas Costa,1,24.6,1475.0,6.0,3.0,10.0,0.0,1.0,3.0,11.0,0.0,0.0,4.0,2.0,6.0,0.0,0.0,1.0,0.0,0.0,0.0,2.0,7.0,-9.0,27.3,27.3,9.1,0.0,0.6,0.0,0.0,13.8,7.4,10.7,0.0,2.2,0.0,0.0,19.1,
2479829,21,980023,GEIEG PACISA,HOME,2059054,A. Riera Buil,A. Riera Buil,0,3.4,201.0,0.0,0.0,0.0,0.0,0.0,0.0,0.0,0.0,0.0,0.0,0.0,0.0,0.0,1.0,0.0,0.0,0.0,2.0,1.0,-2.0,-3.0,0.0,0.0,0.0,0.0,0.0,0.0,0.0,0.0,0.0,0.0,0.0,0.0,0.0,100.0,12.6,
2479829,21,981286,ESCO GRUPO FEMENINO ALCORCON,AWAY,2095287,G. Escorial Ferrero,G. Escorial Ferrero,1,21.4,1281.0,8.0,4.0,8.0,0.0,0.0,4.0,8.0,0.0,0.0,7.0,9.0,16.0,1.0,4.0,1.0,1.0,0.0,4.0,0.0,15.0,-11.0,50.0,50.0,0.0,0.0,1.0,0.0,0.0,29.7,35.8,32.9,15.4,2.4,3.6,33.3,23.7,
2479829,21,981286,ESCO GRUPO FEMENINO ALCORCON,AWAY,2182200,L. Bernardo Perez,L. Bernardo Perez,0,21.9,1313.0,2.0,1.0,2.0,0.0,4.0,1.0,6.0,0.0,0.0,0.0,6.0,6.0,0.0,3.0,1.0,0.0,0.0,2.0,0.0,-1.0,-3.0,16.7,16.7,66.7,0.0,1.0,0.0,0.0,0.0,23.3,12.0,0.0,2.3,0.0,33.3,17.4,
2479829,21,981286,ESCO GRUPO FEMENINO ALCORCON,AWAY,2012796,M. Blanco Eusebio,M. Blanco Eusebio,1,29.7,1783.0,5.0,0.0,5.0,1.0,4.0,1.0,9.0,2.0,4.0,2.0,5.0,7.0,3.0,3.0,1.0,0.0,1.0,0.0,8.0,11.0,3.0,23.2,16.7,44.4,44.4,0.0,0.8,0.5,6.1,14.3,10.4,21.9,1.7,0.0,21.8,19.6,
2479829,21,981286,ESCO GRUPO FEMENINO ALCORCON,AWAY,1535457,M. Aranda Fraile,M. Aranda Fraile,1,22.7,1362.0,8.0,1.0,1.0,2.0,5.0,3.0,6.0,0.0,0.0,0.0,2.0,2.0,1.0,0.0,1.0,0.0,0.0,2.0,1.0,8.0,-14.0,66.7,66.7,83.3,0.0,2.0,1.2,0.0,0.0,7.5,3.9,10.4,2.2,0.0,0.0,11.2,
2479829,21,981286,ESCO GRUPO FEMENINO ALCORCON,AWAY,2822982,Y. Sifaoui Bucero,Y. Sifaoui Bucero,1,27.8,1670.0,10.0,5.0,12.0,0.0,0.0,5.0,12.0,0.0,0.0,10.0,5.0,15.0,1.0,5.0,1.0,0.0,0.0,4.0,3.0,14.0,-18.0,41.7,41.7,0.0,0.0,0.8,0.0,0.0,32.7,15.3,23.7,10.3,1.8,0.0,29.4,25.9,
2479829,21,981286,ESCO GRUPO FEMENINO ALCORCON,AWAY,2819126,L. Vulovic,L. Vulovic,0,11.3,679.0,0.0,0.0,1.0,0.0,0.0,0.0,1.0,0.0,0.0,2.0,1.0,3.0,0.0,3.0,1.0,0.0,0.0,3.0,0.0,-3.0,10.0,0.0,0.0,0.0,0.0,0.0,0.0,0.0,16.1,7.5,11.7,0.0,4.5,0.0,75.0,15.0,
2479829,21,981286,ESCO GRUPO FEMENINO ALCORCON,AWAY,2128123,N. Ipo Seriche-Dougan,N. Ipo Seriche-Dougan,0,26.2,1572.0,13.0,1.0,7.0,2.0,3.0,3.0,10.0,5.0,8.0,0.0,0.0,0.0,2.0,5.0,3.0,0.0,0.0,4.0,6.0,5.0,-18.0,48.1,40.0,30.0,80.0,0.3,2.0,1.3,0.0,0.0,0.0,17.1,5.8,0.0,27.0,29.9,
2479829,21,981286,ESCO GRUPO FEMENINO ALCORCON,AWAY,2164976,A. Martínez Mora,A. Martínez Mora,1,19.6,1176.0,3.0,1.0,3.0,0.0,2.0,1.0,5.0,1.0,3.0,0.0,1.0,1.0,3.0,3.0,0.0,0.0,0.0,5.0,2.0,-5.0,5.0,23.7,20.0,40.0,60.0,0.7,0.0,1.5,0.0,4.3,2.2,31.6,0.0,0.0,32.2,20.1,
2479829,21,981286,ESCO GRUPO FEMENINO ALCORCON,AWAY,2176383,I. Camiña Rodriguez,I. Camiña Rodriguez,0,19.4,1164.0,8.0,1.0,3.0,2.0,2.0,3.0,5.0,0.0,0.0,1.0,3.0,4.0,0.0,0.0,2.0,0.0,0.0,4.0,0.0,8.0,6.0,80.0,80.0,40.0,0.0,0.7,3.0,0.0,4.7,13.2,9.1,0.0,5.3,0.0,0.0,10.9,
2479830,22,980023,GEIEG PACISA,HOME,1949920,J. Pairo Urtos,J. Pairo Urtos,1,16.8,1009.0,15.0,3.0,4.0,3.0,4.0,6.0,8.0,0.0,0.0,0.0,1.0,1.0,0.0,0.0,1.0,0.0,1.0,2.0,0.0,13.0,8.0,93.8,93.8,50.0,0.0,1.5,2.2,0.0,0.0,6.6,3.8,0.0,3.2,0.0,0.0,23.9,
2479830,22,980023,GEIEG PACISA,HOME,1917788,M. Carbo Cachinero,M. Carbo Cachinero,0,17.4,1041.0,9.0,3.0,4.0,1.0,2.0,4.0,6.0,0.0,0.0,0.0,1.0,1.0,0.0,2.0,2.0,0.0,0.0,3.0,0.0,5.0,19.0,75.0,75.0,33.3,0.0,1.5,1.5,0.0,0.0,6.4,3.6,0.0,6.2,0.0,25.0,23.1,
2479830,22,980023,GEIEG PACISA,HOME,1944150,M. Melero Bravo,M. Melero Bravo,1,25.0,1499.0,12.0,4.0,5.0,0.0,3.0,4.0,8.0,4.0,7.0,1.0,4.0,5.0,1.0,3.0,3.0,1.0,0.0,3.0,4.0,13.0,3.0,54.2,50.0,37.5,87.5,1.6,0.0,1.8,5.9,17.8,12.7,7.1,6.5,4.8,21.3,28.3,
2479830,22,980023,GEIEG PACISA,HOME,2191036,R. Calvet Sandez,R. Calvet Sandez,0,6.6,398.0,3.0,0.0,1.0,1.0,2.0,1.0,3.0,0.0,0.0,1.0,1.0,2.0,0.0,1.0,0.0,1.0,0.0,1.0,0.0,2.0,4.0,50.0,50.0,66.7,0.0,0.0,1.5,0.0,22.4,16.8,19.2,0.0,0.0,18.4,25.0,30.4,
2479830,22,980023,GEIEG PACISA,HOME,2191037,C. Calvet Sandez,C. Calvet Sandez,0,1.7,101.0,0.0,0.0,0.0,0.0,0.0,0.0,0.0,0.0,0.0,0.0,1.0,1.0,0.0,0.0,0.0,0.0,0.0,0.0,0.0,1.0,-1.0,0.0,0.0,0.0,0.0,0.0,0.0,0.0,0.0,65.4,37.3,0.0,0.0,0.0,0.0,0.0,
2479830,22,980023,GEIEG PACISA,HOME,1667386,C. Morente Lopez,C. Morente Lopez,0,21.2,1273.0,4.0,0.0,1.0,1.0,4.0,1.0,5.0,1.0,2.0,1.0,2.0,3.0,2.0,0.0,0.0,0.0,0.0,0.0,3.0,7.0,20.0,34.0,30.0,80.0,40.0,0.0,0.8,0.7,7.0,10.5,9.0,14.3,0.0,0.0,0.0,13.9,
2479830,22,980023,GEIEG PACISA,HOME,1567998,V. Gonzalez Olaizola,V. Gonzalez Olaizola,0,23.8,1430.0,1.0,0.0,1.0,0.0,1.0,0.0,2.0,1.0,2.0,2.0,9.0,11.0,4.0,2.0,0.0,0.0,0.0,3.0,2.0,10.0,19.0,17.4,0.0,50.0,100.0,0.0,0.0,1.0,12.4,42.0,29.3,22.2,0.0,0.0,41.0,10.3,
2479830,22,980023,GEIEG PACISA,HOME,1666109,A. Coma Perpiña,A. Coma Perpiña,1,31.4,1887.0,13.0,5.0,9.0,1.0,3.0,6.0,12.0,0.0,0.0,0.0,0.0,0.0,6.0,3.0,4.0,0.0,0.0,2.0,4.0,16.0,13.0,54.2,54.2,25.0,0.0,1.1,1.0,0.0,0.0,0.0,0.0,33.3,6.9,0.0,20.0,24.0,
2479830,22,980023,GEIEG PACISA,HOME,1926754,J. Fernandez Pinsach,J. Fernandez Pinsach,1,26.8,1609.0,8.0,3.0,8.0,0.0,0.0,3.0,8.0,2.0,2.0,1.0,4.0,5.0,0.0,2.0,1.0,0.0,0.0,1.0,3.0,9.0,12.0,45.0,37.5,0.0,25.0,0.8,0.0,0.7,5.5,16.6,11.8,0.0,2.0,0.0,18.4,20.4,
2479830,22,980023,GEIEG PACISA,HOME,2239082,N. Mitjanas Costa,N. Mitjanas Costa,1,22.7,1363.0,8.0,4.0,5.0,0.0,0.0,4.0,5.0,0.0,0.0,0.0,4.0,4.0,0.0,0.0,3.0,0.0,0.0,3.0,1.0,12.0,3.0,80.0,80.0,0.0,0.0,1.6,0.0,0.0,0.0,19.6,11.2,0.0,7.2,0.0,0.0,11.1,
2479830,22,980023,GEIEG PACISA,HOME,2059054,A. Riera Buil,A. Riera Buil,0,6.5,390.0,3.0,0.0,0.0,1.0,3.0,1.0,3.0,0.0,0.0,0.0,0.0,0.0,0.0,1.0,1.0,0.0,0.0,0.0,1.0,2.0,-5.0,50.0,50.0,100.0,0.0,0.0,1.0,0.0,0.0,0.0,0.0,0.0,8.3,0.0,25.0,30.9,
2479830,22,979892,C. B. ISLA BONITA,AWAY,1131087,B. Armengol Vall,B. Armengol Vall,1,29.2,1755.0,0.0,0.0,3.0,0.0,4.0,0.0,7.0,0.0,0.0,0.0,0.0,0.0,2.0,6.0,3.0,0.0,0.0,1.0,4.0,-5.0,-8.0,0.0,0.0,57.1,0.0,0.0,0.0,0.0,0.0,0.0,0.0,13.6,5.6,0.0,46.2,21.5,
2479830,22,979892,C. B. ISLA BONITA,AWAY,1870487,T. Gonzalez Soto,T. Gonzalez Soto,0,22.9,1372.0,5.0,1.0,2.0,1.0,6.0,2.0,8.0,0.0,0.0,0.0,4.0,4.0,1.0,1.0,1.0,1.0,0.0,1.0,0.0,4.0,-26.0,31.2,31.2,75.0,0.0,1.0,0.5,0.0,0.0,25.9,11.1,9.4,2.4,4.6,11.1,19.0,
2479830,22,979892,C. B. ISLA BONITA,AWAY,1853281,I. Bautista Villaverde,I. Bautista Villaverde,1,24.0,1438.0,3.0,0.0,0.0,1.0,5.0,1.0,5.0,0.0,0.0,1.0,1.0,2.0,1.0,2.0,1.0,0.0,0.0,1.0,1.0,1.0,-1.0,30.0,30.0,100.0,0.0,0.0,0.6,0.0,4.6,6.2,5.3,8.6,2.3,0.0,28.6,14.1,
2479830,22,979892,C. B. ISLA BONITA,AWAY,2816643,E. Motekaitytè,E. Motekaitytè,1,20.5,1229.0,13.0,2.0,4.0,3.0,3.0,5.0,7.0,0.0,0.0,0.0,1.0,1.0,1.0,1.0,1.0,0.0,1.0,0.0,0.0,13.0,-14.0,92.9,92.9,42.9,0.0,1.0,3.0,0.0,0.0,7.2,3.1,18.2,2.6,0.0,12.5,18.9,
2479830,22,979892,C. B. ISLA BONITA,AWAY,2171960,M. Colom Elosúa,M. Colom Elosúa,1,25.6,1534.0,2.0,0.0,1.0,0.0,3.0,0.0,4.0,2.0,4.0,1.0,2.0,3.0,4.0,1.0,1.0,0.0,0.0,3.0,4.0,4.0,-1.0,17.4,0.0,75.0,100.0,0.0,0.0,1.0,4.3,11.6,7.4,31.7,2.1,0.0,14.8,12.8,
2479830,22,979892,C. B. ISLA BONITA,AWAY,2524874,M. Vulovic,M. Vulovic,1,19.0,1138.0,15.0,4.0,6.0,1.0,1.0,5.0,7.0,4.0,4.0,3.0,6.0,9.0,1.0,1.0,1.0,0.0,0.0,5.0,4.0,22.0,-5.0,85.6,78.6,14.3,57.1,1.3,3.0,1.0,17.5,46.8,30.1,18.2,2.9,0.0,10.2,24.8,
2479830,22,979892,C. B. ISLA BONITA,AWAY,1471341,M. Rosales Elejabeita,M. Rosales Elejabeita,0,21.3,1276.0,7.0,3.0,8.0,0.0,1.0,3.0,9.0,1.0,2.0,0.0,3.0,3.0,1.0,2.0,2.0,0.0,0.0,5.0,2.0,1.0,-13.0,35.4,33.3,11.1,22.2,0.8,0.0,1.0,0.0,20.9,8.9,13.3,5.1,0.0,16.8,27.0,
2479830,22,979892,C. B. ISLA BONITA,AWAY,1372464,M. Carballo Diaz,M. Carballo Diaz,0,18.4,1101.0,4.0,2.0,3.0,0.0,2.0,2.0,5.0,0.0,0.0,0.0,0.0,0.0,1.0,4.0,1.0,0.0,0.0,1.0,0.0,-2.0,-21.0,40.0,40.0,40.0,0.0,1.3,0.0,0.0,0.0,0.0,0.0,11.8,2.9,0.0,44.4,23.7,
2479830,22,979892,C. B. ISLA BONITA,AWAY,2816642,N. Cunill Peña,N. Cunill Peña,0,19.3,1157.0,8.0,3.0,6.0,0.0,0.0,3.0,6.0,2.0,3.0,4.0,4.0,8.0,2.0,1.0,2.0,0.0,1.0,1.0,3.0,17.0,-6.0,54.6,50.0,0.0,50.0,1.0,0.0,1.0,23.0,30.7,26.3,26.7,5.6,0.0,12.0,20.8,
2479831,22,981286,ESCO GRUPO FEMENINO ALCORCON,HOME,2095287,G. Escorial Ferrero,G. Escorial Ferrero,1,31.1,1868.0,10.0,5.0,8.0,0.0,0.0,5.0,8.0,0.0,0.0,4.0,10.0,14.0,5.0,4.0,0.0,1.0,0.0,4.0,1.0,20.0,16.0,62.5,62.5,0.0,0.0,1.2,0.0,0.0,16.1,33.0,25.4,22.5,0.0,3.5,33.3,16.6,
2479831,22,981286,ESCO GRUPO FEMENINO ALCORCON,HOME,2182200,L. Bernardo Perez,L. Bernardo Perez,0,13.8,826.0,6.0,3.0,4.0,0.0,1.0,3.0,5.0,0.0,0.0,1.0,1.0,2.0,1.0,2.0,1.0,0.0,0.0,1.0,0.0,5.0,-5.0,60.0,60.0,20.0,0.0,1.5,0.0,0.0,9.1,7.4,8.2,13.9,3.5,0.0,28.6,21.8,
2479831,22,981286,ESCO GRUPO FEMENINO ALCORCON,HOME,2012796,M. Blanco Eusebio,M. Blanco Eusebio,1,28.4,1706.0,19.0,2.0,3.0,5.0,7.0,7.0,10.0,0.0,3.0,0.0,3.0,3.0,7.0,3.0,2.0,0.0,0.0,3.0,5.0,24.0,27.0,83.9,95.0,70.0,30.0,1.3,2.1,0.6,0.0,10.8,6.0,41.7,3.4,0.0,20.9,21.6,
2479831,22,981286,ESCO GRUPO FEMENINO ALCORCON,HOME,1535457,M. Aranda Fraile,M. Aranda Fraile,1,25.8,1548.0,12.0,0.0,2.0,4.0,6.0,4.0,8.0,0.0,0.0,0.0,1.0,1.0,1.0,1.0,1.0,0.0,0.0,3.0,0.0,7.0,27.0,75.0,75.0,75.0,0.0,0.0,2.0,0.0,0.0,4.0,2.2,6.1,1.9,0.0,11.1,15.0,
2479831,22,981286,ESCO GRUPO FEMENINO ALCORCON,HOME,2822982,Y. Sifaoui Bucero,Y. Sifaoui Bucero,1,10.1,603.0,4.0,2.0,5.0,0.0,0.0,2.0,5.0,0.0,0.0,1.0,2.0,3.0,0.0,2.0,1.0,0.0,0.0,3.0,0.0,0.0,-8.0,40.0,40.0,0.0,0.0,0.8,0.0,0.0,12.4,20.3,16.7,0.0,4.8,0.0,28.6,29.7,
2479831,22,981286,ESCO GRUPO FEMENINO ALCORCON,HOME,2819126,L. Vulovic,L. Vulovic,0,10.5,631.0,2.0,1.0,1.0,0.0,0.0,1.0,1.0,0.0,0.0,0.0,1.0,1.0,0.0,1.0,0.0,2.0,0.0,4.0,0.0,0.0,0.0,100.0,100.0,0.0,0.0,2.0,0.0,0.0,0.0,9.8,5.4,0.0,0.0,20.6,50.0,8.2,
2479831,22,981286,ESCO GRUPO FEMENINO ALCORCON,HOME,2128123,N. Ipo Seriche-Dougan,N. Ipo Seriche-Dougan,0,25.4,1527.0,16.0,5.0,9.0,0.0,2.0,5.0,11.0,6.0,9.0,1.0,2.0,3.0,3.0,1.0,2.0,0.0,0.0,2.0,6.0,18.0,15.0,53.5,45.5,18.2,81.8,1.1,0.0,1.5,4.9,8.1,6.7,19.5,3.9,0.0,6.3,27.0,
2479831,22,981286,ESCO GRUPO FEMENINO ALCORCON,HOME,2164976,A. Martínez Mora,A. Martínez Mora,1,21.9,1314.0,4.0,2.0,5.0,0.0,2.0,2.0,7.0,0.0,0.0,3.0,1.0,4.0,2.0,0.0,0.0,0.0,0.0,1.0,1.0,5.0,7.0,28.6,28.6,28.6,0.0,0.8,0.0,0.0,17.1,4.7,10.3,13.3,0.0,0.0,0.0,13.7,
2479831,22,981286,ESCO GRUPO FEMENINO ALCORCON,HOME,1869823,D. Miliauskaite,D. Miliauskaite,0,17.6,1054.0,16.0,4.0,5.0,0.0,2.0,4.0,7.0,8.0,9.0,4.0,6.0,10.0,1.0,1.0,2.0,1.0,0.0,3.0,9.0,31.0,29.0,73.0,57.1,28.6,128.6,1.6,0.0,1.0,28.4,35.0,32.0,10.4,5.6,6.1,8.4,29.2,
2479831,22,981286,ESCO GRUPO FEMENINO ALCORCON,HOME,2176383,I. Camiña Rodriguez,I. Camiña Rodriguez,0,15.4,923.0,3.0,0.0,1.0,1.0,5.0,1.0,6.0,0.0,0.0,0.0,3.0,3.0,1.0,1.0,0.0,1.0,0.0,1.0,0.0,1.0,-1.0,25.0,25.0,83.3,0.0,0.0,0.6,0.0,0.0,20.0,11.0,7.9,0.0,7.0,14.3,19.5,
2479831,22,981209,CB CLARET BENIMACLET,AWAY,1886112,S. Afonso Gonzalez,S. Afonso Gonzalez,1,23.6,1413.0,8.0,1.0,6.0,0.0,2.0,1.0,8.0,6.0,10.0,0.0,1.0,1.0,5.0,2.0,2.0,0.0,0.0,4.0,5.0,4.0,-15.0,32.3,12.5,25.0,125.0,0.3,0.0,2.0,0.0,5.3,2.4,43.1,4.3,0.0,13.9,26.9,
2479831,22,981209,CB CLARET BENIMACLET,AWAY,2209715,J. Sarrio Asensio,J. Sarrio Asensio,0,16.4,987.0,0.0,0.0,1.0,0.0,2.0,0.0,3.0,0.0,0.0,0.0,1.0,1.0,5.0,2.0,0.0,0.0,1.0,1.0,0.0,0.0,-7.0,0.0,0.0,66.7,0.0,0.0,0.0,0.0,0.0,7.6,3.4,59.5,0.0,0.0,40.0,13.4,
2479831,22,981209,CB CLARET BENIMACLET,AWAY,1853228,J. Rochina Troncoso,J. Rochina Troncoso,0,17.9,1074.0,0.0,0.0,3.0,0.0,2.0,0.0,5.0,0.0,0.0,0.0,1.0,1.0,1.0,1.0,0.0,0.0,1.0,2.0,0.0,-6.0,-9.0,0.0,0.0,40.0,0.0,0.0,0.0,0.0,0.0,7.0,3.1,11.9,0.0,0.0,16.7,14.8,
2479831,22,981209,CB CLARET BENIMACLET,AWAY,1840053,P. Garcia Garcia,P. Garcia Garcia,1,11.1,667.0,3.0,0.0,2.0,1.0,1.0,1.0,3.0,0.0,0.0,0.0,1.0,1.0,1.0,2.0,1.0,0.0,0.0,0.0,2.0,4.0,-3.0,50.0,50.0,33.3,0.0,0.0,3.0,0.0,0.0,11.3,5.1,18.9,4.5,0.0,40.0,19.9,
2479831,22,981209,CB CLARET BENIMACLET,AWAY,2281500,L. Liern Ruiz,L. Liern Ruiz,0,8.9,535.0,0.0,0.0,0.0,0.0,1.0,0.0,1.0,0.0,0.0,1.0,0.0,1.0,0.0,1.0,0.0,0.0,0.0,2.0,0.0,-3.0,-13.0,0.0,0.0,100.0,0.0,0.0,0.0,0.0,11.5,0.0,6.3,0.0,0.0,0.0,50.0,9.9,
2479831,22,981209,CB CLARET BENIMACLET,AWAY,1767443,M. Cuellar Bayarri,M. Cuellar Bayarri,1,26.2,1572.0,22.0,8.0,13.0,0.0,0.0,8.0,13.0,6.0,8.0,2.0,4.0,6.0,4.0,2.0,3.0,0.0,2.0,3.0,6.0,29.0,-2.0,66.6,61.5,0.0,61.5,1.2,0.0,1.3,7.8,19.1,12.9,59.7,5.8,0.0,10.8,31.2,
2479831,22,981209,CB CLARET BENIMACLET,AWAY,1984467,G. Lopez Cuesta,G. Lopez Cuesta,0,10.9,655.0,3.0,0.0,2.0,0.0,0.0,0.0,2.0,3.0,4.0,3.0,5.0,8.0,0.0,0.0,0.0,0.0,0.0,3.0,2.0,7.0,-11.0,39.9,0.0,0.0,200.0,0.0,0.0,2.0,28.2,57.3,41.3,0.0,0.0,0.0,0.0,15.2,
2479831,22,981209,CB CLARET BENIMACLET,AWAY,1506842,E. Cases Rey,E. Cases Rey,1,25.9,1557.0,19.0,2.0,4.0,4.0,8.0,6.0,12.0,3.0,5.0,1.0,3.0,4.0,1.0,1.0,1.0,0.0,0.0,4.0,5.0,17.0,-21.0,66.9,66.7,66.7,41.7,1.0,1.5,1.0,4.0,14.5,8.7,15.2,1.9,0.0,6.6,25.9,
2479831,22,981209,CB CLARET BENIMACLET,AWAY,1994256,T. Toledo Navarro,T. Toledo Navarro,0,10.0,599.0,6.0,2.0,2.0,0.0,1.0,2.0,3.0,2.0,2.0,1.0,0.0,1.0,0.0,1.0,1.0,0.0,0.0,1.0,1.0,6.0,1.0,77.3,66.7,33.3,66.7,2.0,0.0,2.0,10.3,0.0,5.6,0.0,5.0,0.0,20.5,21.5,
2479831,22,981209,CB CLARET BENIMACLET,AWAY,2816051,E. Tenbrock,E. Tenbrock,0,19.0,1140.0,6.0,0.0,1.0,2.0,6.0,2.0,7.0,0.0,0.0,0.0,0.0,0.0,0.0,1.0,1.0,0.0,1.0,2.0,2.0,1.0,-7.0,42.9,42.9,85.7,0.0,0.0,1.0,0.0,0.0,0.0,0.0,0.0,2.7,0.0,12.5,18.6,
2479831,22,981209,CB CLARET BENIMACLET,AWAY,1749591,I. Garrido Perez,I. Garrido Perez,1,30.0,1801.0,3.0,0.0,3.0,1.0,3.0,1.0,6.0,0.0,0.0,1.0,2.0,3.0,1.0,2.0,1.0,0.0,0.0,0.0,1.0,2.0,-23.0,25.0,25.0,50.0,0.0,0.0,1.0,0.0,3.4,8.3,5.6,6.3,1.7,0.0,25.0,11.8,
2479832,22,981335,CESUR DISTRITO OLIMPICO,HOME,2286837,B. Arranz Albero,B. Arranz Albero,0,14.8,889.0,13.0,2.0,8.0,2.0,5.0,4.0,13.0,3.0,3.0,1.0,0.0,1.0,0.0,3.0,0.0,0.0,0.0,0.0,2.0,4.0,-9.0,45.4,38.5,38.5,23.1,0.5,1.2,1.5,7.7,0.0,4.0,0.0,0.0,0.0,17.3,54.3,
2479832,22,981335,CESUR DISTRITO OLIMPICO,HOME,1811220,S. Francisco Abos,S. Francisco Abos,1,27.0,1619.0,26.0,4.0,7.0,5.0,10.0,9.0,17.0,3.0,3.0,0.0,3.0,3.0,4.0,6.0,0.0,0.0,0.0,3.0,2.0,18.0,20.0,71.0,67.6,58.8,17.6,1.1,1.5,1.5,0.0,13.5,6.5,56.3,0.0,0.0,24.7,41.8,
2479832,22,981335,CESUR DISTRITO OLIMPICO,HOME,2031383,A. Picos Porras,A. Picos Porras,1,32.4,1943.0,14.0,3.0,7.0,1.0,3.0,4.0,10.0,5.0,6.0,2.0,10.0,12.0,2.0,5.0,0.0,0.0,0.0,3.0,10.0,23.0,19.0,55.4,45.0,30.0,60.0,0.9,1.0,0.6,7.1,37.4,21.8,13.9,0.0,0.0,28.3,25.3,
2479832,22,981335,CESUR DISTRITO OLIMPICO,HOME,1871488,M. Gomez Hernandez,M. Gomez Hernandez,1,28.7,1723.0,2.0,0.0,1.0,0.0,3.0,0.0,4.0,2.0,2.0,0.0,4.0,4.0,5.0,0.0,2.0,0.0,0.0,3.0,3.0,9.0,16.0,20.5,0.0,75.0,50.0,0.0,0.0,0.7,0.0,16.9,8.2,31.1,4.0,0.0,0.0,7.9,
2479832,22,981335,CESUR DISTRITO OLIMPICO,HOME,1676283,B. Sanchez Campillo,B. Sanchez Campillo,0,2.5,153.0,0.0,0.0,0.0,0.0,0.0,0.0,0.0,0.0,0.0,0.0,1.0,1.0,0.0,0.0,0.0,0.0,0.0,1.0,0.0,0.0,-8.0,0.0,0.0,0.0,0.0,0.0,0.0,0.0,0.0,48.5,23.5,0.0,0.0,0.0,0.0,0.0,
2479832,22,981335,CESUR DISTRITO OLIMPICO,HOME,1832824,C. Leal Flores,C. Leal Flores,0,34.4,2065.0,3.0,0.0,1.0,1.0,2.0,1.0,3.0,0.0,0.0,6.0,2.0,8.0,1.0,0.0,0.0,0.0,0.0,2.0,0.0,8.0,9.0,50.0,50.0,66.7,0.0,0.0,1.5,0.0,19.9,7.0,13.7,5.1,0.0,0.0,0.0,4.0,
2479832,22,981335,CESUR DISTRITO OLIMPICO,HOME,1562695,A. González Ramírez,A. González Ramírez,1,14.8,887.0,2.0,0.0,0.0,0.0,1.0,0.0,1.0,2.0,2.0,0.0,1.0,1.0,4.0,1.0,1.0,0.0,0.0,0.0,1.0,7.0,2.0,53.2,0.0,100.0,200.0,0.0,0.0,2.0,0.0,8.2,4.0,43.5,3.9,0.0,34.7,9.0,
2479832,22,981335,CESUR DISTRITO OLIMPICO,HOME,2160293,V. Lopez Riaño,V. Lopez Riaño,1,26.2,1573.0,12.0,5.0,9.0,0.0,0.0,5.0,9.0,2.0,3.0,3.0,6.0,9.0,0.0,2.0,0.0,0.0,0.0,4.0,2.0,12.0,12.0,58.1,55.6,0.0,33.3,1.1,0.0,1.5,13.1,27.8,20.2,0.0,0.0,0.0,16.2,21.8,
2479832,22,981335,CESUR DISTRITO OLIMPICO,HOME,1677519,R. Flores Aguado,R. Flores Aguado,0,2.1,125.0,0.0,0.0,0.0,0.0,0.0,0.0,0.0,0.0,0.0,0.0,1.0,1.0,0.0,1.0,0.0,0.0,0.0,0.0,0.0,0.0,-5.0,0.0,0.0,0.0,0.0,0.0,0.0,0.0,0.0,57.7,28.0,0.0,0.0,0.0,100.0,22.1,
2479832,22,981335,CESUR DISTRITO OLIMPICO,HOME,2800814,A. Emusi Adeniran,A. Emusi Adeniran,0,17.1,1023.0,1.0,0.0,2.0,0.0,0.0,0.0,2.0,1.0,2.0,1.0,0.0,1.0,1.0,0.0,0.0,0.0,0.0,3.0,2.0,-1.0,-6.0,17.4,0.0,0.0,100.0,0.0,0.0,1.0,6.7,0.0,3.4,10.9,0.0,0.0,0.0,7.8,
2479832,22,979778,MAGEC TÍAS LANZAROTE CONTRA LA VIOLENCIA DE GÉNERO,AWAY,2178381,E. Lozano Sosa,E. Lozano Sosa,0,4.5,270.0,0.0,0.0,0.0,0.0,0.0,0.0,0.0,0.0,0.0,1.0,1.0,2.0,0.0,1.0,0.0,0.0,0.0,2.0,0.0,-1.0,-4.0,0.0,0.0,0.0,0.0,0.0,0.0,0.0,26.9,25.4,26.1,0.0,0.0,0.0,100.0,11.8,
2479832,22,979778,MAGEC TÍAS LANZAROTE CONTRA LA VIOLENCIA DE GÉNERO,AWAY,1100445,Y. Garcia Gonzalez,Y. Garcia Gonzalez,1,27.5,1650.0,11.0,5.0,11.0,0.0,1.0,5.0,12.0,1.0,4.0,1.0,4.0,5.0,1.0,0.0,1.0,0.0,0.0,4.0,4.0,8.0,1.0,40.0,41.7,8.3,33.3,0.9,0.0,1.0,4.4,16.6,10.7,8.0,2.0,0.0,0.0,26.6,
2479832,22,979778,MAGEC TÍAS LANZAROTE CONTRA LA VIOLENCIA DE GÉNERO,AWAY,1450205,A. Rodriguez Guerra,A. Rodriguez Guerra,0,2.8,169.0,0.0,0.0,0.0,0.0,1.0,0.0,1.0,0.0,0.0,0.0,0.0,0.0,0.0,0.0,0.0,0.0,0.0,0.0,0.0,-1.0,-4.0,0.0,0.0,100.0,0.0,0.0,0.0,0.0,0.0,0.0,0.0,0.0,0.0,0.0,0.0,19.0,
2479832,22,979778,MAGEC TÍAS LANZAROTE CONTRA LA VIOLENCIA DE GÉNERO,AWAY,1995747,S. Hisado Santos,S. Hisado Santos,1,23.6,1416.0,0.0,0.0,2.0,0.0,1.0,0.0,3.0,0.0,0.0,1.0,2.0,3.0,2.0,0.0,3.0,0.0,0.0,3.0,0.0,2.0,-4.0,0.0,0.0,33.3,0.0,0.0,0.0,0.0,5.1,9.7,7.5,13.3,6.9,0.0,0.0,6.8,
2479832,22,979778,MAGEC TÍAS LANZAROTE CONTRA LA VIOLENCIA DE GÉNERO,AWAY,1695414,C. Mateo Cañada,C. Mateo Cañada,1,29.4,1762.0,13.0,5.0,9.0,1.0,7.0,6.0,16.0,0.0,0.0,0.0,3.0,3.0,3.0,0.0,0.0,0.0,0.0,4.0,1.0,6.0,-13.0,40.6,40.6,43.8,0.0,1.1,0.4,0.0,0.0,11.7,6.0,26.1,0.0,0.0,0.0,29.0,
2479832,22,979778,MAGEC TÍAS LANZAROTE CONTRA LA VIOLENCIA DE GÉNERO,AWAY,2824664,B. Snorradottir,B. Snorradottir,0,19.4,1166.0,10.0,3.0,3.0,0.0,1.0,3.0,4.0,4.0,4.0,1.0,3.0,4.0,0.0,1.0,1.0,0.0,0.0,2.0,3.0,14.0,-2.0,86.8,75.0,25.0,100.0,2.0,0.0,1.3,6.2,17.7,12.1,0.0,2.8,0.0,14.8,18.5,
2479832,22,979778,MAGEC TÍAS LANZAROTE CONTRA LA VIOLENCIA DE GÉNERO,AWAY,2524794,M. Marinho Junqueira,M. Marinho Junqueira,1,20.3,1220.0,6.0,0.0,2.0,2.0,6.0,2.0,8.0,0.0,0.0,0.0,0.0,0.0,1.0,1.0,0.0,0.0,0.0,1.0,2.0,1.0,-8.0,37.5,37.5,75.0,0.0,0.0,1.0,0.0,0.0,0.0,0.0,9.5,0.0,0.0,11.1,23.6,
2479832,22,979778,MAGEC TÍAS LANZAROTE CONTRA LA VIOLENCIA DE GÉNERO,AWAY,2379074,N. Zabala Gabilondo,N. Zabala Gabilondo,1,40.0,2400.0,11.0,5.0,6.0,0.0,3.0,5.0,9.0,1.0,2.0,0.0,7.0,7.0,5.0,1.0,4.0,0.0,0.0,4.0,5.0,22.0,-10.0,55.7,55.6,33.3,22.2,1.7,0.0,0.4,0.0,20.0,10.3,25.0,5.5,0.0,9.2,14.5,
2479832,22,979778,MAGEC TÍAS LANZAROTE CONTRA LA VIOLENCIA DE GÉNERO,AWAY,1373989,N. Bermúdez Martín,N. Bermúdez Martín,0,3.7,222.0,0.0,0.0,0.0,0.0,0.0,0.0,0.0,0.0,0.0,0.0,1.0,1.0,1.0,0.0,0.0,0.0,0.0,0.0,0.0,2.0,-6.0,0.0,0.0,0.0,0.0,0.0,0.0,0.0,0.0,30.9,15.9,40.0,0.0,0.0,0.0,0.0,
2479832,22,979778,MAGEC TÍAS LANZAROTE CONTRA LA VIOLENCIA DE GÉNERO,AWAY,1681307,E. Iranzo Gutierrez,E. Iranzo Gutierrez,0,28.8,1725.0,12.0,2.0,4.0,2.0,6.0,4.0,10.0,2.0,4.0,1.0,1.0,2.0,1.0,2.0,1.0,0.0,0.0,3.0,3.0,6.0,0.0,51.0,50.0,60.0,40.0,1.0,1.0,1.3,4.2,4.0,4.1,7.4,1.9,0.0,14.5,25.4,
2479833,22,981227,DPES CB CIUDAD DE MOSTOLES,HOME,2040603,P. Gonzalez Gonzalez,P. Gonzalez Gonzalez,0,25.2,1510.0,18.0,7.0,10.0,0.0,7.0,7.0,17.0,4.0,4.0,1.0,2.0,3.0,4.0,1.0,6.0,0.0,0.0,1.0,4.0,23.0,34.0,48.0,41.2,41.2,23.5,1.4,0.0,1.0,3.9,8.1,6.0,34.5,11.3,0.0,5.1,32.2,
2479833,22,981227,DPES CB CIUDAD DE MOSTOLES,HOME,2162836,D. Vaquero Martinez,D. Vaquero Martinez,0,8.3,496.0,0.0,0.0,1.0,0.0,0.0,0.0,1.0,0.0,0.0,0.0,0.0,0.0,0.0,0.0,0.0,0.0,0.0,0.0,0.0,-1.0,10.0,0.0,0.0,0.0,0.0,0.0,0.0,0.0,0.0,0.0,0.0,0.0,0.0,0.0,0.0,4.9,
2479833,22,981227,DPES CB CIUDAD DE MOSTOLES,HOME,1981139,S. Blanco Guitian,S. Blanco Guitian,1,10.4,627.0,0.0,0.0,0.0,0.0,4.0,0.0,4.0,0.0,0.0,0.0,1.0,1.0,2.0,1.0,0.0,0.0,0.0,0.0,1.0,-1.0,-4.0,0.0,0.0,100.0,0.0,0.0,0.0,0.0,0.0,9.9,4.8,21.5,0.0,0.0,20.0,19.8,
2479833,22,981227,DPES CB CIUDAD DE MOSTOLES,HOME,1178705,A. Peredo Lopez,A. Peredo Lopez,1,20.1,1205.0,9.0,0.0,0.0,3.0,7.0,3.0,7.0,0.0,0.0,0.0,3.0,3.0,3.0,1.0,1.0,1.0,0.0,4.0,1.0,9.0,20.0,64.3,64.3,100.0,0.0,0.0,1.3,0.0,0.0,15.3,7.5,24.0,2.4,4.1,12.5,16.4,
2479833,22,981227,DPES CB CIUDAD DE MOSTOLES,HOME,1222687,B. Moreno Hurtado,B. Moreno Hurtado,0,20.8,1247.0,2.0,1.0,3.0,0.0,2.0,1.0,5.0,0.0,0.0,1.0,1.0,2.0,2.0,1.0,1.0,1.0,0.0,2.0,0.0,1.0,24.0,20.0,20.0,40.0,0.0,0.7,0.0,0.0,4.7,4.9,4.8,13.8,2.3,4.0,16.7,11.9,
2479833,22,981227,DPES CB CIUDAD DE MOSTOLES,HOME,2499420,C. Bokuy Angue,C. Bokuy Angue,0,3.0,182.0,3.0,0.0,0.0,1.0,1.0,1.0,1.0,0.0,0.0,0.0,2.0,2.0,0.0,0.0,0.0,0.0,0.0,0.0,0.0,5.0,8.0,150.0,150.0,100.0,0.0,0.0,3.0,0.0,0.0,68.4,33.3,0.0,0.0,0.0,0.0,13.7,
2479833,22,981227,DPES CB CIUDAD DE MOSTOLES,HOME,1819108,N. Gomez Cobo,N. Gomez Cobo,0,16.8,1010.0,7.0,2.0,5.0,1.0,1.0,3.0,6.0,0.0,0.0,3.0,1.0,4.0,1.0,1.0,0.0,0.0,0.0,2.0,2.0,8.0,2.0,58.3,58.3,16.7,0.0,0.8,3.0,0.0,17.4,6.1,11.9,10.6,0.0,0.0,14.3,17.1,
2479833,22,981227,DPES CB CIUDAD DE MOSTOLES,HOME,2035086,M. Gamez Martinez,M. Gamez Martinez,1,18.4,1101.0,6.0,3.0,4.0,0.0,1.0,3.0,5.0,0.0,0.0,0.0,1.0,1.0,4.0,4.0,1.0,0.0,0.0,2.0,0.0,4.0,19.0,60.0,60.0,20.0,0.0,1.5,0.0,0.0,0.0,5.6,2.7,32.0,2.6,0.0,44.4,20.1,
2479833,22,981227,DPES CB CIUDAD DE MOSTOLES,HOME,1589173,M. Correa Villalona,M. Correa Villalona,0,18.0,1082.0,7.0,1.0,3.0,1.0,1.0,2.0,4.0,2.0,2.0,1.0,3.0,4.0,3.0,0.0,2.0,0.0,0.0,2.0,2.0,14.0,11.0,71.7,62.5,25.0,50.0,0.7,3.0,1.0,5.4,17.1,11.1,22.2,5.3,0.0,0.0,11.1,
2479833,22,981227,DPES CB CIUDAD DE MOSTOLES,HOME,1740994,B. Rodríguez Bazaga,B. Rodríguez Bazaga,1,26.4,1581.0,26.0,3.0,4.0,6.0,11.0,9.0,15.0,2.0,3.0,0.0,3.0,3.0,1.0,2.0,2.0,0.0,0.0,1.0,2.0,24.0,8.0,79.7,80.0,73.3,20.0,1.5,1.6,1.5,0.0,11.7,5.7,7.9,3.6,0.0,10.9,28.5,
2479833,22,981227,DPES CB CIUDAD DE MOSTOLES,HOME,1871083,A. Quesada Romero,A. Quesada Romero,0,13.5,809.0,3.0,0.0,1.0,1.0,1.0,1.0,2.0,0.0,0.0,0.0,0.0,0.0,1.0,0.0,0.0,0.0,1.0,3.0,1.0,1.0,12.0,75.0,75.0,50.0,0.0,0.0,3.0,0.0,0.0,0.0,0.0,12.0,0.0,0.0,0.0,6.1,
2479833,22,981227,DPES CB CIUDAD DE MOSTOLES,HOME,2404223,E. Abubakar Arrey,E. Abubakar Arrey,1,19.2,1150.0,8.0,1.0,9.0,0.0,0.0,1.0,9.0,6.0,10.0,6.0,8.0,14.0,2.0,2.0,1.0,0.0,1.0,1.0,6.0,16.0,6.0,29.9,11.1,0.0,111.1,0.2,0.0,1.7,30.5,42.7,36.5,13.8,2.5,0.0,13.0,33.0,
2479833,22,981229,SPAR GRAN CANARIA,AWAY,2203305,L. Perez Castro,L. Perez Castro,1,33.8,2027.0,9.0,1.0,7.0,2.0,4.0,3.0,11.0,1.0,1.0,1.0,5.0,6.0,3.0,3.0,1.0,0.0,0.0,2.0,2.0,8.0,-15.0,39.3,36.4,36.4,9.1,0.3,1.5,0.5,3.0,14.4,8.9,20.5,1.4,0.0,20.8,17.4,
2479833,22,981229,SPAR GRAN CANARIA,AWAY,2288451,A. Hernandez Martinez,A. Hernandez Martinez,0,9.6,578.0,0.0,0.0,1.0,0.0,4.0,0.0,5.0,0.0,0.0,0.0,1.0,1.0,2.0,3.0,0.0,0.0,0.0,1.0,0.0,-6.0,-21.0,0.0,0.0,80.0,0.0,0.0,0.0,0.0,0.0,10.2,5.2,45.5,0.0,0.0,37.5,33.9,
2479833,22,981229,SPAR GRAN CANARIA,AWAY,2230179,A. Garcia San Blas,A. Garcia San Blas,0,6.1,366.0,0.0,0.0,1.0,0.0,2.0,0.0,3.0,0.0,0.0,0.0,0.0,0.0,0.0,1.0,0.0,0.0,0.0,1.0,0.0,-5.0,-13.0,0.0,0.0,66.7,0.0,0.0,0.0,0.0,0.0,0.0,0.0,0.0,0.0,0.0,25.0,26.7,
2479833,22,981229,SPAR GRAN CANARIA,AWAY,2494285,A. Mbengue Sánchez,A. Mbengue Sánchez,1,37.5,2251.0,18.0,7.0,10.0,0.0,0.0,7.0,10.0,4.0,9.0,2.0,8.0,10.0,2.0,7.0,0.0,0.0,0.0,2.0,5.0,18.0,-25.0,64.5,70.0,0.0,90.0,1.4,0.0,1.8,5.5,20.8,13.3,15.6,0.0,0.0,33.4,22.8,
2479833,22,981229,SPAR GRAN CANARIA,AWAY,2251955,M. Ocurto Mendes,M. Ocurto Mendes,1,34.9,2096.0,10.0,0.0,3.0,3.0,4.0,3.0,7.0,1.0,2.0,0.0,5.0,5.0,6.0,4.0,0.0,0.0,0.0,1.0,3.0,14.0,-22.0,63.5,64.3,57.1,28.6,0.0,2.2,0.7,0.0,14.0,7.2,35.7,0.0,0.0,33.7,13.9,
2479833,22,981229,SPAR GRAN CANARIA,AWAY,2292843,M. Rodríguez Sánchez,M. Rodríguez Sánchez,0,27.3,1638.0,2.0,1.0,3.0,0.0,1.0,1.0,4.0,0.0,0.0,0.0,3.0,3.0,2.0,4.0,5.0,0.0,0.0,3.0,0.0,2.0,-13.0,25.0,25.0,25.0,0.0,0.7,0.0,0.0,0.0,10.7,5.5,13.9,8.6,0.0,50.0,11.9,
2479833,22,981229,SPAR GRAN CANARIA,AWAY,2352279,T. Ezeanatogu Ezeonu,T. Ezeanatogu Ezeonu,1,29.2,1751.0,11.0,5.0,13.0,0.0,0.0,5.0,13.0,1.0,5.0,3.0,4.0,7.0,4.0,2.0,2.0,1.0,1.0,5.0,3.0,9.0,-24.0,36.2,38.5,0.0,38.5,0.8,0.0,1.7,10.5,13.4,12.0,38.5,3.2,3.4,11.6,24.0,
2479833,22,981229,SPAR GRAN CANARIA,AWAY,2643570,L. Toure,L. Toure,1,21.6,1293.0,9.0,3.0,10.0,0.0,0.0,3.0,10.0,3.0,4.0,8.0,3.0,11.0,1.0,2.0,0.0,1.0,1.0,4.0,4.0,12.0,-17.0,38.3,30.0,0.0,40.0,0.6,0.0,1.0,38.0,13.6,25.5,12.5,0.0,4.6,14.5,25.9,
2479834,22,981414,HIERROS DÍAZ EXTREMADURA MIRALVALLE,HOME,1707378,M. Pérez Castro,M. Pérez Castro,1,24.9,1497.0,11.0,1.0,4.0,1.0,4.0,2.0,8.0,6.0,7.0,0.0,4.0,4.0,0.0,1.0,3.0,0.0,0.0,1.0,4.0,13.0,9.0,49.6,31.2,50.0,87.5,0.5,0.8,1.8,0.0,18.4,8.9,0.0,6.8,0.0,8.3,23.5,
2479834,22,981414,HIERROS DÍAZ EXTREMADURA MIRALVALLE,HOME,2818302,V. Michel,V. Michel,1,24.2,1454.0,10.0,4.0,7.0,0.0,0.0,4.0,7.0,2.0,2.0,3.0,4.0,7.0,0.0,3.0,1.0,0.0,0.0,2.0,3.0,13.0,18.0,63.5,57.1,0.0,28.6,1.1,0.0,0.7,13.4,18.9,16.1,0.0,2.3,0.0,27.6,21.8,
2479834,22,981414,HIERROS DÍAZ EXTREMADURA MIRALVALLE,HOME,2557107,I. Serrano Alvarez,I. Serrano Alvarez,0,22.1,1324.0,4.0,1.0,3.0,0.0,0.0,1.0,3.0,2.0,2.0,2.0,3.0,5.0,3.0,2.0,1.0,0.0,0.0,1.0,1.0,9.0,14.0,51.5,33.3,0.0,66.7,0.7,0.0,2.0,9.8,15.5,12.6,25.9,2.5,0.0,34.0,12.9,
2479834,22,981414,HIERROS DÍAZ EXTREMADURA MIRALVALLE,HOME,2734458,L. Navas Castro,L. Navas Castro,0,18.2,1091.0,9.0,2.0,4.0,1.0,4.0,3.0,8.0,2.0,2.0,2.0,2.0,4.0,1.0,1.0,1.0,0.0,1.0,1.0,2.0,10.0,17.0,50.7,43.8,50.0,25.0,1.0,0.8,1.0,11.9,12.6,12.2,13.3,3.1,0.0,10.1,26.3,
2479834,22,981414,HIERROS DÍAZ EXTREMADURA MIRALVALLE,HOME,1724925,M. Romero Garrido,M. Romero Garrido,0,19.5,1168.0,8.0,1.0,3.0,2.0,5.0,3.0,8.0,0.0,1.0,0.0,2.0,2.0,0.0,1.0,3.0,0.0,0.0,3.0,0.0,3.0,8.0,47.4,50.0,62.5,12.5,0.7,1.2,0.0,0.0,11.7,5.7,0.0,8.6,0.0,10.6,23.5,
2479834,22,981414,HIERROS DÍAZ EXTREMADURA MIRALVALLE,HOME,2566363,P. Laurenson Cheynel,P. Laurenson Cheynel,1,31.7,1900.0,11.0,2.0,7.0,1.0,3.0,3.0,10.0,4.0,4.0,2.0,2.0,4.0,4.0,3.0,1.0,0.0,0.0,3.0,4.0,11.0,15.0,46.8,35.0,30.0,40.0,0.6,1.0,1.0,6.8,7.2,7.0,29.0,1.8,0.0,20.3,22.6,
2479834,22,981414,HIERROS DÍAZ EXTREMADURA MIRALVALLE,HOME,2845561,S. Brown,S. Brown,1,31.7,1903.0,14.0,4.0,7.0,0.0,1.0,4.0,8.0,6.0,6.0,2.0,6.0,8.0,0.0,1.0,1.0,0.0,0.0,2.0,3.0,19.0,7.0,65.8,50.0,12.5,75.0,1.1,0.0,2.0,6.8,21.6,14.0,0.0,1.8,0.0,8.6,17.8,
2479834,22,981414,HIERROS DÍAZ EXTREMADURA MIRALVALLE,HOME,2375030,A. Alcon Grande,A. Alcon Grande,0,2.0,119.0,0.0,0.0,0.0,0.0,0.0,0.0,0.0,0.0,2.0,0.0,0.0,0.0,0.0,0.0,0.0,0.0,0.0,0.0,1.0,-1.0,1.0,0.0,0.0,0.0,0.0,0.0,0.0,2.0,0.0,0.0,0.0,0.0,0.0,0.0,0.0,21.3,
2479834,22,981414,HIERROS DÍAZ EXTREMADURA MIRALVALLE,HOME,1529427,C. Lazaro Hernandez,C. Lazaro Hernandez,1,25.7,1544.0,2.0,1.0,2.0,0.0,4.0,1.0,6.0,0.0,0.0,2.0,3.0,5.0,3.0,1.0,1.0,0.0,0.0,3.0,1.0,3.0,11.0,16.7,16.7,66.7,0.0,1.0,0.0,0.0,8.4,13.3,10.8,25.9,2.2,0.0,14.3,13.2,
2479834,22,981304,DISHELEC 65 VILADECANS,AWAY,2050407,L. Sanchez Garcia,L. Sanchez Garcia,1,26.2,1572.0,8.0,1.0,3.0,2.0,5.0,3.0,8.0,0.0,0.0,0.0,4.0,4.0,1.0,2.0,1.0,0.0,0.0,3.0,0.0,4.0,-18.0,50.0,50.0,62.5,0.0,0.7,1.2,0.0,0.0,16.5,8.5,10.4,2.2,0.0,20.0,19.0,
2479834,22,981304,DISHELEC 65 VILADECANS,AWAY,1910113,L. Anducas Rodon,L. Anducas Rodon,0,17.8,1070.0,1.0,0.0,2.0,0.0,3.0,0.0,5.0,1.0,2.0,0.0,4.0,4.0,3.0,4.0,1.0,1.0,0.0,2.0,4.0,2.0,-11.0,8.5,0.0,60.0,40.0,0.0,0.0,0.5,0.0,24.3,12.5,41.7,3.2,6.1,40.5,27.7,
2479834,22,981304,DISHELEC 65 VILADECANS,AWAY,1727776,P. Curto Garcia,P. Curto Garcia,1,29.7,1783.0,13.0,2.0,6.0,3.0,8.0,5.0,14.0,0.0,1.0,1.0,3.0,4.0,3.0,3.0,1.0,0.0,0.0,1.0,2.0,9.0,-10.0,45.0,46.4,57.1,7.1,0.7,1.1,0.5,3.8,10.9,7.5,39.5,1.9,0.0,17.2,29.3,
2479834,22,981304,DISHELEC 65 VILADECANS,AWAY,2056456,N. Soler Ramos,N. Soler Ramos,0,11.2,670.0,2.0,1.0,1.0,0.0,0.0,1.0,1.0,0.0,0.0,1.0,3.0,4.0,0.0,1.0,1.0,0.0,0.0,0.0,0.0,6.0,-5.0,100.0,100.0,0.0,0.0,2.0,0.0,0.0,10.2,29.0,19.8,0.0,5.1,0.0,50.0,8.9,
2479834,22,981304,DISHELEC 65 VILADECANS,AWAY,2322360,A. Torne Labarta,A. Torne Labarta,1,34.5,2067.0,6.0,3.0,13.0,0.0,0.0,3.0,13.0,0.0,0.0,2.0,5.0,7.0,4.0,2.0,0.0,0.0,0.0,2.0,3.0,6.0,-18.0,23.1,23.1,0.0,0.0,0.5,0.0,0.0,6.6,15.7,11.3,30.3,0.0,0.0,13.3,21.7,
2479834,22,981304,DISHELEC 65 VILADECANS,AWAY,2082380,J. Torreño Jimenez,J. Torreño Jimenez,0,19.9,1192.0,3.0,0.0,4.0,1.0,3.0,1.0,7.0,0.0,0.0,1.0,3.0,4.0,0.0,0.0,0.0,0.0,0.0,2.0,0.0,-1.0,-7.0,21.4,21.4,42.9,0.0,0.0,1.0,0.0,5.7,16.3,11.2,0.0,0.0,0.0,0.0,17.5,
2479834,22,981304,DISHELEC 65 VILADECANS,AWAY,2146979,N. Sanchez Marques,N. Sanchez Marques,0,19.3,1156.0,1.0,0.0,2.0,0.0,0.0,0.0,2.0,1.0,2.0,0.0,1.0,1.0,0.0,4.0,0.0,0.0,0.0,5.0,1.0,-9.0,-14.0,17.4,0.0,0.0,100.0,0.0,0.0,2.0,0.0,5.6,2.9,0.0,0.0,0.0,58.1,17.8,
2479834,22,981304,DISHELEC 65 VILADECANS,AWAY,1956668,M. Ribera Sanuy,M. Ribera Sanuy,1,18.8,1129.0,6.0,0.0,2.0,2.0,4.0,2.0,6.0,0.0,0.0,2.0,1.0,3.0,1.0,0.0,0.0,0.0,0.0,3.0,3.0,6.0,-12.0,50.0,50.0,66.7,0.0,0.0,1.5,0.0,12.2,5.8,8.9,14.3,0.0,0.0,0.0,15.9,
2479834,22,981304,DISHELEC 65 VILADECANS,AWAY,1663009,Q. Ubia Llunell,Q. Ubia Llunell,1,22.7,1361.0,9.0,0.0,0.0,3.0,6.0,3.0,6.0,0.0,0.0,2.0,0.0,2.0,1.0,0.0,3.0,0.0,0.0,2.0,2.0,12.0,-5.0,75.0,75.0,100.0,0.0,0.0,1.5,0.0,10.1,0.0,4.9,12.8,7.6,0.0,0.0,13.2,
2479835,22,981212,ELSAMEX CB ANDRATX,HOME,2553411,N. Jeng,N. Jeng,1,11.0,660.0,4.0,2.0,5.0,0.0,0.0,2.0,5.0,0.0,2.0,2.0,2.0,4.0,2.0,2.0,2.0,0.0,0.0,3.0,1.0,3.0,-10.0,34.0,40.0,0.0,40.0,0.8,0.0,2.0,19.7,19.1,19.4,36.4,9.4,0.0,25.4,32.8,
2479835,22,981212,ELSAMEX CB ANDRATX,HOME,1461086,P. Comella Pons,P. Comella Pons,1,35.0,2097.0,15.0,0.0,4.0,4.0,8.0,4.0,12.0,3.0,4.0,2.0,2.0,4.0,4.0,1.0,2.0,0.0,0.0,1.0,5.0,19.0,-5.0,54.5,50.0,66.7,33.3,0.0,1.5,0.8,6.2,6.0,6.1,21.6,2.9,0.0,6.8,19.3,
2479835,22,981212,ELSAMEX CB ANDRATX,HOME,1489116,B. Gual Castillo,B. Gual Castillo,0,24.1,1443.0,12.0,1.0,4.0,3.0,8.0,4.0,12.0,1.0,2.0,1.0,3.0,4.0,0.0,1.0,0.0,0.0,0.0,2.0,1.0,5.0,-2.0,46.6,45.8,66.7,16.7,0.5,1.1,2.0,4.5,13.1,8.9,0.0,0.0,0.0,7.2,26.3,
2479835,22,981212,ELSAMEX CB ANDRATX,HOME,1762758,P. Charro Och,P. Charro Och,1,14.8,887.0,14.0,2.0,4.0,3.0,4.0,5.0,8.0,1.0,1.0,1.0,0.0,1.0,2.0,1.0,0.0,0.0,0.0,3.0,0.0,10.0,-8.0,82.9,81.2,50.0,12.5,1.0,2.2,0.0,7.3,0.0,3.6,40.0,0.0,0.0,10.6,29.2,
2479835,22,981212,ELSAMEX CB ANDRATX,HOME,1579078,H. Condom Rosell,H. Condom Rosell,0,9.2,550.0,0.0,0.0,1.0,0.0,0.0,0.0,1.0,0.0,0.0,0.0,3.0,3.0,0.0,0.0,0.0,0.0,0.0,0.0,2.0,4.0,3.0,0.0,0.0,0.0,0.0,0.0,0.0,0.0,0.0,34.3,17.4,0.0,0.0,0.0,0.0,5.0,
2479835,22,981212,ELSAMEX CB ANDRATX,HOME,2148958,M. López Martí,M. López Martí,1,31.6,1896.0,4.0,2.0,4.0,0.0,1.0,2.0,5.0,0.0,0.0,1.0,7.0,8.0,6.0,2.0,0.0,0.0,0.0,2.0,0.0,11.0,-2.0,40.0,40.0,20.0,0.0,1.0,0.0,0.0,3.4,23.3,13.5,33.3,0.0,0.0,28.6,10.1,
2479835,22,981212,ELSAMEX CB ANDRATX,HOME,2120195,A. Real Cerda,A. Real Cerda,0,10.2,615.0,2.0,1.0,2.0,0.0,2.0,1.0,4.0,0.0,0.0,1.0,0.0,1.0,1.0,0.0,1.0,0.0,0.0,4.0,0.0,-2.0,-12.0,25.0,25.0,50.0,0.0,1.0,0.0,0.0,10.6,0.0,5.2,15.4,5.1,0.0,0.0,17.9,
2479835,22,981212,ELSAMEX CB ANDRATX,HOME,2276474,L. García Rivera,L. García Rivera,0,21.0,1262.0,2.0,1.0,5.0,0.0,0.0,1.0,5.0,0.0,0.0,1.0,2.0,3.0,2.0,1.0,0.0,0.0,0.0,2.0,2.0,2.0,-13.0,20.0,20.0,0.0,0.0,0.4,0.0,0.0,5.1,10.0,7.6,17.4,0.0,0.0,16.7,13.1,
2479835,22,981212,ELSAMEX CB ANDRATX,HOME,2043611,J. Ballester Manque,J. Ballester Manque,0,14.2,851.0,7.0,2.0,5.0,0.0,0.0,2.0,5.0,3.0,4.0,1.0,2.0,3.0,0.0,1.0,1.0,0.0,0.0,2.0,3.0,7.0,-6.0,51.8,40.0,0.0,80.0,0.8,0.0,1.3,7.6,14.8,11.3,0.0,3.6,0.0,12.9,25.0,
2479835,22,981212,ELSAMEX CB ANDRATX,HOME,2294809,P. Sans Cantallops,P. Sans Cantallops,1,21.6,1295.0,7.0,2.0,4.0,0.0,2.0,2.0,6.0,3.0,4.0,1.0,5.0,6.0,0.0,4.0,0.0,0.0,0.0,5.0,3.0,2.0,-9.0,45.1,33.3,33.3,66.7,1.0,0.0,1.3,5.0,24.4,14.8,0.0,0.0,0.0,34.0,24.9,
2479835,22,981212,ELSAMEX CB ANDRATX,HOME,2251948,F. Diallo Bagayogo,F. Diallo Bagayogo,0,7.4,444.0,5.0,1.0,2.0,1.0,1.0,2.0,3.0,0.0,0.0,0.0,0.0,0.0,0.0,1.0,1.0,0.0,0.0,1.0,1.0,4.0,4.0,83.3,83.3,33.3,0.0,1.0,3.0,0.0,0.0,0.0,0.0,0.0,7.0,0.0,25.0,24.7,
2479835,22,982048,EL PLANTEL GMASB,AWAY,2819272,D. Ryzinska,D. Ryzinska,1,27.3,1639.0,9.0,4.0,4.0,0.0,2.0,4.0,6.0,1.0,2.0,1.0,5.0,6.0,2.0,1.0,0.0,0.0,0.0,3.0,2.0,12.0,13.0,65.4,66.7,33.3,33.3,2.0,0.0,1.0,3.9,19.8,11.7,12.3,0.0,0.0,12.7,12.9,
2479835,22,982048,EL PLANTEL GMASB,AWAY,2124275,C. Villanueva Lazaro,C. Villanueva Lazaro,1,26.1,1566.0,16.0,5.0,7.0,0.0,3.0,5.0,10.0,6.0,7.0,2.0,3.0,5.0,4.0,2.0,2.0,0.0,0.0,5.0,7.0,21.0,5.0,61.2,50.0,30.0,70.0,1.4,0.0,1.0,8.1,12.4,10.2,26.1,4.0,0.0,13.3,25.8,
2479835,22,982048,EL PLANTEL GMASB,AWAY,1974272,R. Revueltas Pareja,R. Revueltas Pareja,1,28.1,1685.0,23.0,7.0,8.0,1.0,7.0,8.0,15.0,6.0,7.0,2.0,5.0,7.0,3.0,2.0,0.0,0.0,0.0,2.0,5.0,26.0,9.0,63.6,56.7,46.7,46.7,1.8,0.4,1.4,7.5,19.2,13.3,24.4,0.0,0.0,10.0,31.9,
2479835,22,982048,EL PLANTEL GMASB,AWAY,2819274,O. Schlegl,O. Schlegl,0,12.7,764.0,2.0,0.0,0.0,0.0,0.0,0.0,0.0,2.0,2.0,1.0,0.0,1.0,1.0,0.0,0.0,0.0,0.0,1.0,1.0,4.0,-8.0,113.6,0.0,0.0,0.0,0.0,0.0,2.0,8.3,0.0,4.2,11.5,0.0,0.0,0.0,3.1,
2479835,22,982048,EL PLANTEL GMASB,AWAY,2232865,M. Sanchez Valenzuela,M. Sanchez Valenzuela,1,36.4,2186.0,8.0,2.0,4.0,1.0,8.0,3.0,12.0,1.0,3.0,1.0,4.0,5.0,0.0,0.0,0.0,0.0,0.0,2.0,2.0,2.0,22.0,30.0,29.2,66.7,25.0,1.0,0.4,1.5,2.9,11.9,7.3,0.0,0.0,0.0,0.0,16.3,
2479835,22,982048,EL PLANTEL GMASB,AWAY,2112760,M. Diaz Torres,M. Diaz Torres,0,10.7,641.0,0.0,0.0,0.0,0.0,0.0,0.0,0.0,0.0,0.0,4.0,3.0,7.0,0.0,2.0,0.0,0.0,0.0,1.0,0.0,4.0,-2.0,0.0,0.0,0.0,0.0,0.0,0.0,0.0,39.4,30.3,34.9,0.0,0.0,0.0,100.0,8.3,
2479835,22,982048,EL PLANTEL GMASB,AWAY,2307170,A. Rodriguez Romero,A. Rodriguez Romero,0,19.8,1190.0,0.0,0.0,1.0,0.0,3.0,0.0,4.0,0.0,2.0,0.0,3.0,3.0,0.0,2.0,4.0,0.0,0.0,2.0,1.0,-2.0,9.0,0.0,0.0,75.0,50.0,0.0,0.0,2.0,0.0,16.4,8.1,0.0,10.6,0.0,29.1,15.5,
2479835,22,982048,EL PLANTEL GMASB,AWAY,1080472,P. Benet Edo,P. Benet Edo,1,33.1,1989.0,22.0,3.0,5.0,4.0,10.0,7.0,15.0,4.0,7.0,1.0,3.0,4.0,4.0,1.0,1.0,0.0,0.0,1.0,6.0,24.0,5.0,60.8,60.0,66.7,46.7,1.2,1.2,1.2,3.2,9.8,6.4,24.7,1.6,0.0,5.2,25.7,
2479835,22,982048,EL PLANTEL GMASB,AWAY,2364455,T. Sene,T. Sene,0,5.7,340.0,4.0,2.0,2.0,0.0,0.0,2.0,2.0,0.0,1.0,0.0,0.0,0.0,0.0,2.0,0.0,0.0,0.0,2.0,1.0,0.0,7.0,82.0,100.0,0.0,50.0,2.0,0.0,1.0,0.0,0.0,0.0,0.0,0.0,0.0,45.0,34.8,
2479836,22,979775,BASKET ALMEDA,HOME,2355761,N. Bernal Ibarria,N. Bernal Ibarria,0,12.2,735.0,2.0,1.0,1.0,0.0,0.0,1.0,1.0,0.0,0.0,0.0,3.0,3.0,0.0,0.0,0.0,0.0,0.0,1.0,0.0,4.0,-9.0,100.0,100.0,0.0,0.0,2.0,0.0,0.0,0.0,33.9,15.1,0.0,0.0,0.0,0.0,4.2,
2479836,22,979775,BASKET ALMEDA,HOME,1929994,M. Garcia Menéndez,M. Garcia Menéndez,0,21.2,1271.0,1.0,0.0,5.0,0.0,0.0,0.0,5.0,1.0,2.0,1.0,1.0,2.0,2.0,3.0,2.0,0.0,0.0,3.0,2.0,-3.0,-5.0,8.5,0.0,0.0,40.0,0.0,0.0,1.0,5.2,6.5,5.8,40.0,4.7,0.0,33.8,21.6,
2479836,22,979775,BASKET ALMEDA,HOME,2219057,I. Homs Fatjo,I. Homs Fatjo,0,10.0,599.0,0.0,0.0,1.0,0.0,0.0,0.0,1.0,0.0,0.0,0.0,1.0,1.0,1.0,1.0,0.0,0.0,0.0,0.0,0.0,0.0,-8.0,0.0,0.0,0.0,0.0,0.0,0.0,0.0,0.0,13.8,6.2,50.0,0.0,0.0,50.0,10.3,
2479836,22,979775,BASKET ALMEDA,HOME,1893303,L. Tierno Martí,L. Tierno Martí,1,26.9,1617.0,5.0,2.0,4.0,0.0,1.0,2.0,5.0,1.0,2.0,0.0,1.0,1.0,2.0,3.0,1.0,0.0,0.0,1.0,3.0,4.0,-18.0,42.5,40.0,20.0,40.0,1.0,0.0,0.7,0.0,5.1,2.3,40.0,1.8,0.0,33.8,17.0,
2479836,22,979775,BASKET ALMEDA,HOME,1398197,C. Tapia Palacio,C. Tapia Palacio,1,17.3,1038.0,5.0,1.0,4.0,1.0,3.0,2.0,7.0,0.0,0.0,1.0,0.0,1.0,0.0,2.0,0.0,0.0,0.0,3.0,1.0,-3.0,-16.0,35.7,35.7,42.9,0.0,0.5,1.0,0.0,6.4,0.0,3.6,0.0,0.0,0.0,22.2,26.8,
2479836,22,979775,BASKET ALMEDA,HOME,2157230,L. Jove Fuste,L. Jove Fuste,0,24.0,1438.0,5.0,2.0,7.0,0.0,1.0,2.0,8.0,1.0,1.0,0.0,0.0,0.0,1.0,2.0,2.0,0.0,1.0,2.0,1.0,-1.0,-19.0,29.6,25.0,12.5,12.5,0.6,0.0,1.0,0.0,0.0,0.0,25.0,4.1,0.0,19.2,22.4,
2479836,22,979775,BASKET ALMEDA,HOME,2460355,M. Robles Sanabria,M. Robles Sanabria,0,9.7,583.0,2.0,0.0,2.0,0.0,0.0,0.0,2.0,2.0,2.0,0.0,0.0,0.0,0.0,0.0,0.0,0.0,0.0,1.0,1.0,0.0,-7.0,34.7,0.0,0.0,100.0,0.0,0.0,2.0,0.0,0.0,0.0,0.0,0.0,0.0,0.0,15.3,
2479836,22,979775,BASKET ALMEDA,HOME,2153573,M. Carretero Soler,M. Carretero Soler,0,6.9,416.0,2.0,1.0,1.0,0.0,0.0,1.0,1.0,0.0,0.0,1.0,1.0,2.0,0.0,0.0,0.0,0.0,0.0,0.0,1.0,5.0,-2.0,100.0,100.0,0.0,0.0,2.0,0.0,0.0,16.1,20.0,17.8,0.0,0.0,0.0,0.0,7.5,
2479836,22,979775,BASKET ALMEDA,HOME,2054903,A. Cojocariu,A. Cojocariu,1,25.0,1498.0,0.0,0.0,8.0,0.0,2.0,0.0,10.0,0.0,0.0,0.0,6.0,6.0,0.0,3.0,0.0,0.0,0.0,4.0,0.0,-11.0,-21.0,0.0,0.0,20.0,0.0,0.0,0.0,0.0,0.0,33.1,14.8,0.0,0.0,0.0,23.1,26.8,
2479836,22,979775,BASKET ALMEDA,HOME,2147731,D. Peris Fons,D. Peris Fons,1,20.8,1249.0,5.0,1.0,5.0,0.0,0.0,1.0,5.0,3.0,4.0,3.0,2.0,5.0,0.0,3.0,0.0,1.0,0.0,0.0,5.0,8.0,-18.0,37.0,20.0,0.0,80.0,0.4,0.0,0.8,16.0,13.3,14.8,0.0,0.0,4.1,30.7,24.1,
2479836,22,979775,BASKET ALMEDA,HOME,2440587,M. Coll-Vinent Olle,M. Coll-Vinent Olle,1,25.9,1556.0,3.0,1.0,6.0,0.0,1.0,1.0,7.0,1.0,2.0,1.0,3.0,4.0,0.0,3.0,3.0,0.0,0.0,2.0,2.0,0.0,-22.0,19.0,14.3,14.3,28.6,0.3,0.0,1.0,4.3,16.0,9.5,0.0,5.7,0.0,27.6,21.6,
2479836,22,981167,SEGLE XXI,AWAY,2235818,L. Niño San Miguel,L. Niño San Miguel,0,5.2,315.0,0.0,0.0,0.0,0.0,2.0,0.0,2.0,0.0,0.0,0.0,0.0,0.0,0.0,0.0,0.0,0.0,0.0,0.0,0.0,-2.0,1.0,0.0,0.0,100.0,0.0,0.0,0.0,0.0,0.0,0.0,0.0,0.0,0.0,0.0,0.0,16.7,
2479836,22,981167,SEGLE XXI,AWAY,2153172,M. Cintas Diaz,M. Cintas Diaz,1,23.5,1408.0,10.0,3.0,5.0,1.0,1.0,4.0,6.0,1.0,1.0,0.0,1.0,1.0,0.0,1.0,5.0,0.0,0.0,2.0,5.0,16.0,23.0,77.6,75.0,16.7,16.7,1.2,3.0,0.2,0.0,4.7,2.6,0.0,12.0,0.0,13.4,13.8,
2479836,22,981167,SEGLE XXI,AWAY,2289362,D. Garcia Dominguez,D. Garcia Dominguez,0,12.9,775.0,5.0,0.0,2.0,1.0,3.0,1.0,5.0,2.0,2.0,0.0,3.0,3.0,2.0,4.0,0.0,0.0,0.0,2.0,1.0,1.0,4.0,42.5,30.0,60.0,40.0,0.0,1.0,2.0,0.0,25.8,14.3,32.3,0.0,0.0,40.5,33.3,
2479836,22,981167,SEGLE XXI,AWAY,2320695,A. Plans Bellavista,A. Plans Bellavista,0,20.1,1203.0,2.0,1.0,4.0,0.0,3.0,1.0,7.0,0.0,0.0,2.0,2.0,4.0,1.0,1.0,2.0,0.0,0.0,1.0,1.0,2.0,9.0,14.3,14.3,42.9,0.0,0.5,0.0,0.0,13.7,11.1,12.2,9.1,5.6,0.0,12.5,17.3,
2479836,22,981167,SEGLE XXI,AWAY,2448425,N. Cordón Elizarán,N. Cordón Elizarán,0,8.1,485.0,2.0,1.0,1.0,0.0,0.0,1.0,1.0,0.0,0.0,0.0,3.0,3.0,1.0,1.0,0.0,0.0,0.0,1.0,2.0,6.0,1.0,100.0,100.0,0.0,0.0,2.0,0.0,0.0,0.0,41.2,22.8,26.3,0.0,0.0,50.0,10.7,
2479836,22,981167,SEGLE XXI,AWAY,2528757,I. Garcia Fernandez,I. Garcia Fernandez,1,17.3,1040.0,2.0,1.0,4.0,0.0,0.0,1.0,4.0,0.0,2.0,2.0,1.0,3.0,0.0,1.0,1.0,0.0,0.0,3.0,1.0,-2.0,16.0,20.5,25.0,0.0,50.0,0.5,0.0,2.0,15.9,6.4,10.7,0.0,3.3,0.0,17.0,14.8,
2479836,22,981167,SEGLE XXI,AWAY,2244483,S. Nde Akawung,S. Nde Akawung,1,20.8,1245.0,10.0,5.0,6.0,0.0,2.0,5.0,8.0,0.0,0.0,1.0,6.0,7.0,3.0,2.0,0.0,1.0,0.0,1.0,0.0,15.0,23.0,62.5,62.5,25.0,0.0,1.7,0.0,0.0,6.6,32.1,20.7,42.9,0.0,4.4,20.0,20.9,
2479836,22,981167,SEGLE XXI,AWAY,2196865,M. Carbó Medina,M. Carbó Medina,1,20.8,1249.0,2.0,1.0,4.0,0.0,3.0,1.0,7.0,0.0,0.0,0.0,1.0,1.0,1.0,3.0,0.0,0.0,0.0,0.0,3.0,-2.0,20.0,14.3,14.3,42.9,0.0,0.5,0.0,0.0,0.0,5.3,3.0,9.1,0.0,0.0,30.0,20.9,
2479836,22,981167,SEGLE XXI,AWAY,2639399,S. Okafor Ofoegbu,S. Okafor Ofoegbu,0,20.1,1203.0,9.0,3.0,9.0,1.0,4.0,4.0,13.0,0.0,0.0,0.0,3.0,3.0,0.0,1.0,1.0,0.0,1.0,1.0,1.0,3.0,13.0,34.6,34.6,30.8,0.0,0.7,0.8,0.0,0.0,16.6,9.2,0.0,2.8,0.0,7.1,30.3,
2479836,22,981167,SEGLE XXI,AWAY,2454402,S. Fernandez De Cuevas Martinez,S. Fernandez De Cuevas Martinez,1,18.6,1113.0,5.0,1.0,3.0,1.0,3.0,2.0,6.0,0.0,0.0,0.0,4.0,4.0,1.0,0.0,3.0,0.0,0.0,0.0,0.0,9.0,17.0,41.7,41.7,50.0,0.0,0.7,1.0,0.0,0.0,23.9,13.2,10.0,9.1,0.0,0.0,14.0,
2479836,22,981167,SEGLE XXI,AWAY,2229661,B. Asensio Senosiáin,B. Asensio Senosiáin,0,18.1,1089.0,4.0,1.0,2.0,0.0,2.0,1.0,4.0,2.0,2.0,1.0,2.0,3.0,2.0,1.0,0.0,0.0,0.0,2.0,1.0,4.0,6.0,41.0,25.0,50.0,50.0,1.0,0.0,2.0,7.6,12.3,10.2,18.2,0.0,0.0,17.0,14.1,
2479836,22,981167,SEGLE XXI,AWAY,2461439,A. Smykovskaia,A. Smykovskaia,0,14.6,875.0,8.0,3.0,7.0,0.0,0.0,3.0,7.0,2.0,2.0,5.0,3.0,8.0,0.0,3.0,1.0,0.0,0.0,3.0,2.0,9.0,12.0,50.8,42.9,0.0,28.6,0.9,0.0,1.0,47.2,22.8,33.7,0.0,3.9,0.0,27.6,32.4,
2479837,23,979892,C. B. ISLA BONITA,HOME,1131087,,B. Armengol Vall,1,29.8,1785.0,5.0,1.0,5.0,1.0,5.0,2.0,10.0,0.0,0.0,0.0,3.0,3.0,5.0,1.0,4.0,0.0,1.0,1.0,0.0,7.0,14.0,25.0,25.0,50.0,0.0,0.4,0.6,0.0,0.0,8.1,4.9,32.3,7.3,0.0,9.1,18.2,
2479837,23,979892,C. B. ISLA BONITA,HOME,1870487,,T. Gonzalez Soto,0,13.0,778.0,3.0,0.0,2.0,1.0,2.0,1.0,4.0,0.0,0.0,0.0,1.0,1.0,1.0,0.0,0.0,0.0,0.0,2.0,0.0,0.0,15.0,37.5,37.5,50.0,0.0,0.0,1.5,0.0,0.0,6.2,3.7,15.4,0.0,0.0,0.0,15.2,
2479837,23,979892,C. B. ISLA BONITA,HOME,1853281,,I. Bautista Villaverde,1,22.7,1360.0,6.0,0.0,0.0,2.0,5.0,2.0,5.0,0.0,0.0,0.0,0.0,0.0,1.0,2.0,0.0,0.0,0.0,1.0,1.0,2.0,-4.0,60.0,60.0,100.0,0.0,0.0,1.2,0.0,0.0,0.0,0.0,7.7,0.0,0.0,28.6,15.2,
2479837,23,979892,C. B. ISLA BONITA,HOME,2816643,,E. Motekaitytè,1,21.2,1273.0,8.0,4.0,5.0,0.0,0.0,4.0,5.0,0.0,2.0,0.0,7.0,7.0,1.0,1.0,0.0,0.0,0.0,1.0,1.0,12.0,-10.0,68.0,80.0,0.0,40.0,1.6,0.0,2.0,0.0,26.4,15.9,11.8,0.0,0.0,14.5,16.0,
2479837,23,979892,C. B. ISLA BONITA,HOME,2171960,,M. Colom Elosúa,1,25.1,1508.0,0.0,0.0,1.0,0.0,3.0,0.0,4.0,0.0,0.0,0.0,0.0,0.0,4.0,4.0,0.0,0.0,0.0,2.0,1.0,-5.0,-6.0,0.0,0.0,75.0,0.0,0.0,0.0,0.0,0.0,0.0,0.0,26.7,0.0,0.0,50.0,15.7,
2479837,23,979892,C. B. ISLA BONITA,HOME,2524874,,M. Vulovic,1,19.8,1185.0,10.0,4.0,10.0,0.0,1.0,4.0,11.0,2.0,2.0,0.0,8.0,8.0,0.0,1.0,0.0,0.0,0.0,1.0,3.0,12.0,-3.0,42.1,36.4,9.1,18.2,0.8,0.0,0.7,0.0,32.3,19.5,0.0,0.0,0.0,7.8,32.1,
2479837,23,979892,C. B. ISLA BONITA,HOME,1471341,,M. Rosales Elejabeita,0,20.6,1239.0,3.0,1.0,3.0,0.0,1.0,1.0,4.0,1.0,4.0,0.0,9.0,9.0,0.0,3.0,0.0,1.0,0.0,3.0,5.0,6.0,15.0,26.0,25.0,25.0,100.0,0.7,0.0,0.8,0.0,35.0,21.1,0.0,0.0,4.0,34.2,21.0,
2479837,23,979892,C. B. ISLA BONITA,HOME,1372464,,M. Carballo Diaz,0,22.9,1374.0,16.0,5.0,7.0,1.0,3.0,6.0,10.0,3.0,5.0,3.0,1.0,4.0,3.0,0.0,0.0,0.0,0.0,2.0,6.0,21.0,7.0,65.6,65.0,30.0,50.0,1.4,1.0,0.8,15.9,3.5,8.4,33.3,0.0,0.0,0.0,26.3,
2479837,23,979892,C. B. ISLA BONITA,HOME,2816642,,N. Cunill Peña,0,25.0,1498.0,10.0,5.0,9.0,0.0,0.0,5.0,9.0,0.0,1.0,2.0,7.0,9.0,1.0,1.0,2.0,0.0,0.0,1.0,2.0,17.0,12.0,53.0,55.6,0.0,11.1,1.1,0.0,0.5,9.7,22.4,17.3,10.0,4.3,0.0,9.6,20.6,
2479837,23,979775,BASKET ALMEDA,AWAY,2355761,,N. Bernal Ibarria,0,23.1,1387.0,4.0,2.0,3.0,0.0,0.0,2.0,3.0,0.0,0.0,1.0,7.0,8.0,1.0,1.0,0.0,0.0,0.0,1.0,0.0,10.0,-7.0,66.7,66.7,0.0,0.0,1.3,0.0,0.0,3.5,36.7,16.7,10.0,0.0,0.0,25.0,7.9,
2479837,23,979775,BASKET ALMEDA,AWAY,2219057,,I. Homs Fatjo,1,22.3,1337.0,10.0,2.0,7.0,1.0,2.0,3.0,9.0,3.0,4.0,1.0,0.0,1.0,1.0,0.0,1.0,0.0,0.0,0.0,3.0,9.0,-10.0,46.5,38.9,22.2,44.4,0.6,1.5,1.3,3.6,0.0,2.2,11.1,2.4,0.0,0.0,21.9,
2479837,23,979775,BASKET ALMEDA,AWAY,1893303,,L. Tierno Martí,1,29.9,1794.0,13.0,3.0,5.0,2.0,5.0,5.0,10.0,1.0,2.0,0.0,6.0,6.0,1.0,4.0,1.0,0.0,0.0,4.0,1.0,8.0,-10.0,59.7,60.0,50.0,20.0,1.2,1.2,2.0,0.0,24.3,9.7,11.1,1.8,0.0,26.9,22.6,
2479837,23,979775,BASKET ALMEDA,AWAY,1398197,,C. Tapia Palacio,0,15.4,923.0,0.0,0.0,1.0,0.0,5.0,0.0,6.0,0.0,0.0,0.0,0.0,0.0,0.0,3.0,0.0,0.0,1.0,2.0,0.0,-11.0,-16.0,0.0,0.0,83.3,0.0,0.0,0.0,0.0,0.0,0.0,0.0,0.0,0.0,0.0,33.3,26.6,
2479837,23,979775,BASKET ALMEDA,AWAY,2157230,,L. Jove Fuste,0,25.3,1519.0,6.0,3.0,8.0,0.0,3.0,3.0,11.0,0.0,0.0,2.0,3.0,5.0,0.0,0.0,0.0,0.0,0.0,4.0,3.0,2.0,4.0,27.3,27.3,27.3,0.0,0.8,0.0,0.0,6.3,14.4,9.5,0.0,0.0,0.0,0.0,19.8,
2479837,23,979775,BASKET ALMEDA,AWAY,2216044,,J. Masa Carne,0,9.5,569.0,0.0,0.0,3.0,0.0,0.0,0.0,3.0,0.0,0.0,0.0,1.0,1.0,2.0,1.0,0.0,0.0,0.0,1.0,0.0,-2.0,-1.0,0.0,0.0,0.0,0.0,0.0,0.0,0.0,0.0,12.8,5.1,50.0,0.0,0.0,25.0,19.1,
2479837,23,979775,BASKET ALMEDA,AWAY,2054903,,A. Cojocariu,1,22.4,1346.0,11.0,1.0,5.0,3.0,7.0,4.0,12.0,0.0,0.0,0.0,6.0,6.0,1.0,1.0,2.0,0.0,0.0,5.0,3.0,9.0,7.0,45.8,45.8,58.3,0.0,0.4,1.3,0.0,0.0,32.5,12.9,12.5,4.7,0.0,7.7,26.4,
2479837,23,979775,BASKET ALMEDA,AWAY,2147731,,D. Peris Fons,1,20.9,1257.0,3.0,1.0,6.0,0.0,1.0,1.0,7.0,1.0,1.0,3.0,3.0,6.0,1.0,0.0,1.0,1.0,0.0,1.0,2.0,7.0,-10.0,20.2,14.3,14.3,14.3,0.3,0.0,0.5,11.5,17.4,13.8,11.1,2.5,4.6,0.0,16.2,
2479837,23,979775,BASKET ALMEDA,AWAY,2440587,,M. Coll-Vinent Olle,1,31.1,1868.0,6.0,2.0,10.0,0.0,2.0,2.0,12.0,2.0,2.0,7.0,2.0,9.0,1.0,1.0,2.0,0.0,0.0,1.0,2.0,8.0,3.0,23.3,16.7,16.7,16.7,0.4,0.0,1.0,18.0,7.8,13.9,7.1,3.4,0.0,7.2,20.3,
2479838,23,981167,SEGLE XXI,HOME,2153172,M. Cintas Diaz,M. Cintas Diaz,1,19.8,1188.0,5.0,2.0,3.0,0.0,0.0,2.0,3.0,1.0,3.0,0.0,4.0,4.0,3.0,1.0,0.0,0.0,0.0,2.0,2.0,8.0,17.0,57.9,66.7,0.0,100.0,1.3,0.0,1.5,0.0,17.2,9.2,22.2,0.0,0.0,18.8,11.0,
2479838,23,981167,SEGLE XXI,HOME,2289362,D. Garcia Dominguez,D. Garcia Dominguez,0,21.3,1279.0,7.0,3.0,5.0,0.0,2.0,3.0,7.0,1.0,1.0,2.0,5.0,7.0,7.0,3.0,3.0,0.0,1.0,1.0,3.0,19.0,8.0,47.0,42.9,28.6,14.3,1.2,0.0,0.3,9.2,20.0,14.9,56.0,7.3,0.0,28.7,20.1,
2479838,23,981167,SEGLE XXI,HOME,2320695,A. Plans Bellavista,A. Plans Bellavista,0,19.4,1164.0,2.0,1.0,2.0,0.0,2.0,1.0,4.0,0.0,0.0,0.0,1.0,1.0,3.0,1.0,0.0,0.0,0.0,4.0,1.0,-1.0,8.0,25.0,25.0,50.0,0.0,1.0,0.0,0.0,0.0,4.4,2.3,20.7,0.0,0.0,20.0,10.6,
2479838,23,981167,SEGLE XXI,HOME,2448425,N. Cordón Elizarán,N. Cordón Elizarán,0,5.7,340.0,3.0,1.0,1.0,0.0,0.0,1.0,1.0,1.0,1.0,0.0,1.0,1.0,0.0,0.0,0.0,0.0,0.0,0.0,1.0,5.0,-1.0,104.2,100.0,0.0,100.0,2.0,0.0,1.0,0.0,14.9,8.0,0.0,0.0,0.0,0.0,10.4,
2479838,23,981167,SEGLE XXI,HOME,2528757,I. Garcia Fernandez,I. Garcia Fernandez,1,20.6,1238.0,11.0,5.0,7.0,0.0,1.0,5.0,8.0,1.0,2.0,6.0,7.0,13.0,1.0,3.0,0.0,0.0,0.0,3.0,2.0,17.0,13.0,61.9,62.5,12.5,25.0,1.4,0.0,1.0,28.4,28.9,28.7,9.5,0.0,0.0,25.3,23.7,
2479838,23,981167,SEGLE XXI,HOME,2196865,M. Carbó Medina,M. Carbó Medina,1,21.6,1295.0,9.0,3.0,10.0,1.0,4.0,4.0,14.0,0.0,0.0,2.0,3.0,5.0,4.0,0.0,3.0,0.0,0.0,2.0,0.0,9.0,20.0,32.1,32.1,28.6,0.0,0.6,0.8,0.0,9.0,11.8,10.5,34.8,7.2,0.0,0.0,26.6,
2479838,23,981167,SEGLE XXI,HOME,2528756,M. Zarzuelo Oroz,M. Zarzuelo Oroz,0,3.3,196.0,0.0,0.0,0.0,0.0,0.0,0.0,0.0,0.0,0.0,0.0,0.0,0.0,0.0,0.0,0.0,0.0,0.0,1.0,1.0,0.0,3.0,0.0,0.0,0.0,0.0,0.0,0.0,0.0,0.0,0.0,0.0,0.0,0.0,0.0,0.0,0.0,
2479838,23,981167,SEGLE XXI,HOME,2639399,S. Okafor Ofoegbu,S. Okafor Ofoegbu,0,24.7,1482.0,10.0,1.0,9.0,2.0,7.0,3.0,16.0,2.0,2.0,1.0,3.0,4.0,0.0,0.0,1.0,0.0,0.0,1.0,1.0,2.0,20.0,29.6,25.0,43.8,12.5,0.2,0.9,2.0,3.9,10.3,7.4,0.0,2.1,0.0,0.0,28.0,
2479838,23,981167,SEGLE XXI,HOME,2454402,S. Fernandez De Cuevas Martinez,S. Fernandez De Cuevas Martinez,1,18.6,1117.0,9.0,4.0,7.0,0.0,2.0,4.0,9.0,1.0,4.0,1.0,2.0,3.0,1.0,3.0,2.0,0.0,0.0,0.0,2.0,6.0,19.0,41.8,44.4,22.2,44.4,1.1,0.0,2.0,5.2,9.2,7.3,8.7,5.6,0.0,21.8,30.4,
2479838,23,981167,SEGLE XXI,HOME,2229661,B. Asensio Senosiáin,B. Asensio Senosiáin,0,21.6,1297.0,6.0,3.0,4.0,0.0,1.0,3.0,5.0,0.0,0.0,0.0,1.0,1.0,0.0,1.0,0.0,0.0,0.0,1.0,0.0,3.0,11.0,60.0,60.0,20.0,0.0,1.5,0.0,0.0,0.0,3.9,2.1,0.0,0.0,0.0,16.7,11.4,
2479838,23,981167,SEGLE XXI,HOME,2461439,A. Smykovskaia,A. Smykovskaia,1,23.4,1404.0,14.0,5.0,10.0,0.0,0.0,5.0,10.0,4.0,4.0,7.0,11.0,18.0,1.0,1.0,1.0,2.0,0.0,4.0,3.0,29.0,17.0,59.5,50.0,0.0,40.0,1.0,0.0,1.3,29.2,40.0,35.0,7.4,2.2,8.8,7.8,22.4,
2479838,23,981212,ELSAMEX CB ANDRATX,AWAY,2553411,N. Jeng,N. Jeng,0,19.0,1141.0,2.0,1.0,6.0,0.0,1.0,1.0,7.0,0.0,0.0,0.0,6.0,6.0,0.0,0.0,0.0,1.0,1.0,4.0,1.0,0.0,-10.0,14.3,14.3,14.3,0.0,0.3,0.0,0.0,0.0,30.8,14.4,0.0,0.0,3.6,0.0,17.1,
2479838,23,981212,ELSAMEX CB ANDRATX,AWAY,1461086,P. Comella Pons,P. Comella Pons,1,30.9,1856.0,5.0,1.0,5.0,1.0,7.0,2.0,12.0,0.0,0.0,1.0,4.0,5.0,2.0,2.0,1.0,0.0,0.0,0.0,0.0,1.0,-24.0,20.8,20.8,58.3,0.0,0.4,0.4,0.0,2.8,12.6,7.4,17.2,1.6,0.0,14.3,21.0,
2479838,23,981212,ELSAMEX CB ANDRATX,AWAY,2036170,A. Peregrina Garcia,A. Peregrina Garcia,0,20.6,1236.0,12.0,2.0,6.0,1.0,4.0,3.0,10.0,5.0,8.0,1.0,2.0,3.0,3.0,3.0,1.0,0.0,0.0,3.0,5.0,8.0,-23.0,44.4,35.0,40.0,80.0,0.7,0.8,1.6,4.1,9.5,6.6,54.5,2.5,0.0,18.2,37.2,
2479838,23,981212,ELSAMEX CB ANDRATX,AWAY,1762758,P. Charro Och,P. Charro Och,1,18.4,1104.0,4.0,0.0,4.0,1.0,3.0,1.0,7.0,1.0,2.0,0.0,2.0,2.0,2.0,0.0,0.0,0.0,0.0,1.0,2.0,2.0,-10.0,25.4,21.4,42.9,28.6,0.0,1.0,1.0,0.0,10.6,4.9,26.7,0.0,0.0,0.0,19.9,
2479838,23,981212,ELSAMEX CB ANDRATX,AWAY,1579078,H. Condom Rosell,H. Condom Rosell,1,14.9,894.0,2.0,1.0,3.0,0.0,1.0,1.0,4.0,0.0,0.0,1.0,1.0,2.0,2.0,4.0,1.0,0.0,1.0,3.0,3.0,0.0,-9.0,25.0,25.0,25.0,0.0,0.7,0.0,0.0,5.7,6.5,6.1,34.5,3.4,0.0,50.0,24.9,
2479838,23,981212,ELSAMEX CB ANDRATX,AWAY,2148958,M. López Martí,M. López Martí,1,24.8,1489.0,0.0,0.0,2.0,0.0,0.0,0.0,2.0,0.0,0.0,1.0,1.0,2.0,4.0,1.0,0.0,0.0,0.0,1.0,3.0,5.0,-9.0,0.0,0.0,0.0,0.0,0.0,0.0,0.0,3.4,3.9,3.7,39.2,0.0,0.0,33.3,5.6,
2479838,23,981212,ELSAMEX CB ANDRATX,AWAY,2120195,A. Real Cerda,A. Real Cerda,0,7.6,454.0,3.0,0.0,0.0,1.0,2.0,1.0,2.0,0.0,0.0,1.0,0.0,1.0,0.0,3.0,0.0,0.0,0.0,1.0,0.0,-1.0,-4.0,75.0,75.0,100.0,0.0,0.0,1.5,0.0,11.2,0.0,6.0,0.0,0.0,0.0,60.0,30.5,
2479838,23,981212,ELSAMEX CB ANDRATX,AWAY,2276474,L. García Rivera,L. García Rivera,0,17.7,1061.0,2.0,1.0,4.0,0.0,0.0,1.0,4.0,0.0,0.0,0.0,0.0,0.0,1.0,0.0,2.0,0.0,0.0,0.0,1.0,3.0,-11.0,25.0,25.0,0.0,0.0,0.5,0.0,0.0,0.0,0.0,0.0,17.2,5.8,0.0,0.0,10.5,
2479838,23,981212,ELSAMEX CB ANDRATX,AWAY,2043611,J. Ballester Manque,J. Ballester Manque,0,8.9,534.0,3.0,1.0,3.0,0.0,0.0,1.0,3.0,1.0,2.0,3.0,1.0,4.0,0.0,1.0,0.0,0.0,0.0,0.0,1.0,4.0,-12.0,38.7,33.3,0.0,66.7,0.7,0.0,2.0,28.7,11.0,20.4,0.0,0.0,0.0,20.5,25.5,
2479838,23,981212,ELSAMEX CB ANDRATX,AWAY,2294809,P. Sans Cantallops,P. Sans Cantallops,1,24.2,1451.0,16.0,4.0,6.0,2.0,7.0,6.0,13.0,2.0,2.0,1.0,4.0,5.0,1.0,1.0,0.0,0.0,0.0,3.0,3.0,14.0,-7.0,57.6,53.8,53.8,15.4,1.3,0.9,0.7,3.5,16.1,9.4,23.8,0.0,0.0,6.7,28.5,
2479838,23,981212,ELSAMEX CB ANDRATX,AWAY,2820516,L. Stenta,L. Stenta,0,13.0,780.0,0.0,0.0,0.0,0.0,1.0,0.0,1.0,0.0,0.0,0.0,1.0,1.0,0.0,0.0,0.0,0.0,0.0,0.0,0.0,0.0,-16.0,0.0,0.0,100.0,0.0,0.0,0.0,0.0,0.0,7.5,3.5,0.0,0.0,0.0,0.0,3.6,
2479839,23,982048,EL PLANTEL GMASB,HOME,2819272,D. Ryzinska,D. Ryzinska,1,29.4,1762.0,9.0,3.0,5.0,1.0,2.0,4.0,7.0,0.0,1.0,1.0,4.0,5.0,0.0,0.0,2.0,0.0,0.0,1.0,1.0,12.0,16.0,60.5,64.3,28.6,14.3,1.2,1.5,1.0,3.8,13.0,8.7,0.0,3.5,0.0,0.0,11.6,
2479839,23,982048,EL PLANTEL GMASB,HOME,2664237,C. Rojas Cepero,C. Rojas Cepero,0,1.2,74.0,0.0,0.0,0.0,0.0,0.0,0.0,0.0,0.0,0.0,0.0,0.0,0.0,0.0,0.0,0.0,0.0,0.0,0.0,0.0,0.0,-2.0,0.0,0.0,0.0,0.0,0.0,0.0,0.0,0.0,0.0,0.0,0.0,0.0,0.0,0.0,0.0,
2479839,23,982048,EL PLANTEL GMASB,HOME,2124275,C. Villanueva Lazaro,C. Villanueva Lazaro,0,21.9,1313.0,15.0,4.0,6.0,2.0,5.0,6.0,11.0,1.0,3.0,0.0,6.0,6.0,2.0,6.0,1.0,0.0,1.0,2.0,4.0,13.0,-2.0,60.9,63.6,45.5,27.3,1.3,1.2,0.8,0.0,26.1,14.0,28.6,2.4,0.0,32.8,38.5,
2479839,23,982048,EL PLANTEL GMASB,HOME,1974272,R. Revueltas Pareja,R. Revueltas Pareja,1,29.4,1761.0,9.0,1.0,5.0,1.0,7.0,2.0,12.0,4.0,5.0,2.0,2.0,4.0,1.0,3.0,0.0,0.0,0.0,1.0,7.0,6.0,20.0,31.7,20.8,58.3,41.7,0.4,0.4,0.7,7.6,6.5,7.0,6.2,0.0,0.0,17.4,26.9,
2479839,23,982048,EL PLANTEL GMASB,HOME,2819274,O. Schlegl,O. Schlegl,0,13.8,826.0,3.0,0.0,1.0,1.0,3.0,1.0,4.0,0.0,0.0,1.0,3.0,4.0,2.0,0.0,0.0,0.0,0.0,1.0,0.0,5.0,3.0,37.5,37.5,75.0,0.0,0.0,1.0,0.0,8.1,20.7,14.9,29.4,0.0,0.0,0.0,13.3,
2479839,23,982048,EL PLANTEL GMASB,HOME,2232865,M. Sanchez Valenzuela,M. Sanchez Valenzuela,1,25.0,1499.0,15.0,0.0,0.0,5.0,7.0,5.0,7.0,0.0,0.0,1.0,3.0,4.0,1.0,0.0,0.0,1.0,0.0,3.0,0.0,16.0,15.0,107.1,107.1,100.0,0.0,0.0,2.1,0.0,4.4,11.4,8.2,9.4,0.0,4.0,0.0,12.9,
2479839,23,982048,EL PLANTEL GMASB,HOME,1111828,L. Fernandez Fiel,L. Fernandez Fiel,0,15.7,940.0,11.0,2.0,5.0,1.0,2.0,3.0,7.0,4.0,4.0,0.0,2.0,2.0,4.0,0.0,0.0,0.0,1.0,3.0,3.0,13.0,6.0,62.8,50.0,28.6,57.1,0.8,1.5,1.3,0.0,12.1,6.5,54.1,0.0,0.0,0.0,25.7,
2479839,23,982048,EL PLANTEL GMASB,HOME,2112760,M. Diaz Torres,M. Diaz Torres,0,10.6,638.0,0.0,0.0,0.0,0.0,0.0,0.0,0.0,0.0,0.0,1.0,0.0,1.0,0.0,1.0,1.0,0.0,0.0,2.0,0.0,-1.0,1.0,0.0,0.0,0.0,0.0,0.0,0.0,0.0,10.5,0.0,4.8,0.0,4.9,0.0,100.0,4.3,
2479839,23,982048,EL PLANTEL GMASB,HOME,2307170,A. Rodriguez Romero,A. Rodriguez Romero,0,4.8,287.0,0.0,0.0,1.0,0.0,2.0,0.0,3.0,0.0,0.0,0.0,0.0,0.0,0.0,1.0,0.0,0.0,0.0,1.0,0.0,-5.0,0.0,0.0,0.0,66.7,0.0,0.0,0.0,0.0,0.0,0.0,0.0,0.0,0.0,0.0,25.0,38.3,
2479839,23,982048,EL PLANTEL GMASB,HOME,1080472,P. Benet Edo,P. Benet Edo,1,24.3,1460.0,3.0,1.0,4.0,0.0,3.0,1.0,7.0,1.0,2.0,0.0,2.0,2.0,5.0,1.0,0.0,0.0,0.0,2.0,4.0,4.0,11.0,19.0,14.3,42.9,28.6,0.5,0.0,0.5,0.0,7.8,4.2,34.2,0.0,0.0,11.3,16.8,
2479839,23,982048,EL PLANTEL GMASB,HOME,2364455,T. Sene,T. Sene,0,1.4,85.0,1.0,0.0,1.0,0.0,0.0,0.0,1.0,1.0,2.0,0.0,1.0,1.0,0.0,0.0,0.0,0.0,0.0,0.0,1.0,1.0,-1.0,26.6,0.0,0.0,200.0,0.0,0.0,2.0,0.0,68.0,36.6,0.0,0.0,0.0,0.0,61.8,
2479839,23,982048,EL PLANTEL GMASB,HOME,2746773,O. Betancourt Labrador,O. Betancourt Labrador,1,22.6,1355.0,9.0,4.0,5.0,0.0,2.0,4.0,7.0,1.0,1.0,3.0,10.0,13.0,3.0,1.0,0.0,1.0,0.0,2.0,3.0,23.0,18.0,60.5,57.1,28.6,14.3,1.6,0.0,0.3,14.7,42.1,29.5,25.9,0.0,4.4,11.8,17.2,
2479839,23,981414,HIERROS DÍAZ EXTREMADURA MIRALVALLE,AWAY,1707378,M. Pérez Castro,M. Pérez Castro,1,22.6,1359.0,4.0,1.0,5.0,0.0,4.0,1.0,9.0,2.0,2.0,0.0,0.0,0.0,1.0,0.0,2.0,0.0,0.0,3.0,4.0,0.0,-19.0,20.2,11.1,44.4,22.2,0.4,0.0,0.5,0.0,0.0,0.0,10.2,4.5,0.0,0.0,20.2,
2479839,23,981414,HIERROS DÍAZ EXTREMADURA MIRALVALLE,AWAY,2818302,V. Michel,V. Michel,1,24.5,1470.0,11.0,3.0,6.0,0.0,0.0,3.0,6.0,5.0,5.0,2.0,5.0,7.0,1.0,1.0,1.0,0.0,0.0,4.0,3.0,15.0,-9.0,67.1,50.0,0.0,83.3,1.0,0.0,1.7,7.8,22.7,14.7,12.8,2.1,0.0,10.9,17.4,
2479839,23,981414,HIERROS DÍAZ EXTREMADURA MIRALVALLE,AWAY,2557107,I. Serrano Alvarez,I. Serrano Alvarez,0,27.5,1651.0,4.0,2.0,3.0,0.0,1.0,2.0,4.0,0.0,0.0,2.0,6.0,8.0,2.0,1.0,0.0,1.0,0.0,2.0,2.0,12.0,-15.0,50.0,50.0,25.0,0.0,1.3,0.0,0.0,6.9,24.2,14.9,18.9,0.0,4.4,20.0,8.4,
2479839,23,981414,HIERROS DÍAZ EXTREMADURA MIRALVALLE,AWAY,2734458,L. Navas Castro,L. Navas Castro,0,25.8,1550.0,10.0,3.0,11.0,1.0,3.0,4.0,14.0,1.0,3.0,1.0,4.0,5.0,3.0,1.0,0.0,0.0,1.0,2.0,3.0,6.0,-12.0,32.6,32.1,21.4,21.4,0.5,1.0,1.0,3.7,17.2,9.9,44.1,0.0,0.0,6.1,29.3,
2479839,23,981414,HIERROS DÍAZ EXTREMADURA MIRALVALLE,AWAY,1724925,M. Romero Garrido,M. Romero Garrido,0,24.0,1442.0,11.0,1.0,2.0,3.0,9.0,4.0,11.0,0.0,0.0,2.0,5.0,7.0,2.0,3.0,2.0,1.0,0.0,3.0,1.0,11.0,5.0,50.0,50.0,81.8,0.0,1.0,1.0,0.0,7.9,23.1,15.0,29.4,4.3,5.1,21.4,27.0,
2479839,23,981414,HIERROS DÍAZ EXTREMADURA MIRALVALLE,AWAY,2566363,P. Laurenson Cheynel,P. Laurenson Cheynel,1,29.3,1758.0,2.0,0.0,3.0,0.0,5.0,0.0,8.0,2.0,3.0,1.0,1.0,2.0,2.0,2.0,0.0,0.0,0.0,3.0,1.0,-7.0,-10.0,10.7,0.0,62.5,37.5,0.0,0.0,3.0,3.3,3.8,3.5,15.9,0.0,0.0,17.7,17.9,
2479839,23,981414,HIERROS DÍAZ EXTREMADURA MIRALVALLE,AWAY,2845561,S. Brown,S. Brown,1,19.6,1178.0,9.0,0.0,3.0,2.0,2.0,2.0,5.0,3.0,4.0,1.0,3.0,4.0,0.0,2.0,0.0,0.0,1.0,4.0,2.0,5.0,-11.0,66.6,60.0,40.0,80.0,0.0,3.0,2.0,4.9,17.0,10.5,0.0,0.0,0.0,22.8,20.7,
2479839,23,981414,HIERROS DÍAZ EXTREMADURA MIRALVALLE,AWAY,1529427,C. Lazaro Hernandez,C. Lazaro Hernandez,1,26.5,1592.0,7.0,1.0,7.0,1.0,3.0,2.0,10.0,2.0,2.0,0.0,3.0,3.0,0.0,1.0,0.0,0.0,0.0,2.0,1.0,0.0,-14.0,32.2,25.0,30.0,20.0,0.3,1.0,2.0,0.0,12.6,5.8,0.0,0.0,0.0,8.4,20.8,
2479840,23,981304,DISHELEC 65 VILADECANS,HOME,2050407,L. Sanchez Garcia,L. Sanchez Garcia,1,25.4,1527.0,15.0,5.0,7.0,1.0,2.0,6.0,9.0,2.0,2.0,0.0,4.0,4.0,0.0,1.0,0.0,0.0,0.0,4.0,1.0,12.0,5.0,75.9,72.2,22.2,22.2,1.4,1.5,2.0,0.0,15.4,9.4,0.0,0.0,0.0,9.2,20.9,
2479840,23,981304,DISHELEC 65 VILADECANS,HOME,1910113,L. Anducas Rodon,L. Anducas Rodon,0,12.7,762.0,1.0,0.0,0.0,0.0,2.0,0.0,2.0,1.0,2.0,1.0,0.0,1.0,2.0,0.0,0.0,1.0,0.0,3.0,4.0,3.0,-3.0,17.4,0.0,100.0,100.0,0.0,0.0,0.5,12.1,0.0,4.7,31.7,0.0,9.3,0.0,11.1,
2479840,23,981304,DISHELEC 65 VILADECANS,HOME,1727776,P. Curto Garcia,P. Curto Garcia,0,25.0,1501.0,14.0,0.0,5.0,3.0,5.0,3.0,10.0,5.0,6.0,1.0,4.0,5.0,2.0,3.0,4.0,0.0,0.0,3.0,3.0,14.0,-5.0,55.4,45.0,50.0,60.0,0.0,1.8,2.0,6.2,15.6,11.9,20.8,8.2,0.0,19.2,30.5,
2479840,23,981304,DISHELEC 65 VILADECANS,HOME,2056456,N. Soler Ramos,N. Soler Ramos,1,20.7,1242.0,6.0,1.0,2.0,0.0,0.0,1.0,2.0,4.0,4.0,3.0,3.0,6.0,1.0,1.0,1.0,0.0,0.0,4.0,2.0,10.0,5.0,79.8,50.0,0.0,200.0,1.0,0.0,2.0,22.3,14.1,17.3,10.5,2.5,0.0,21.0,11.2,
2479840,23,981304,DISHELEC 65 VILADECANS,HOME,2322360,A. Torne Labarta,A. Torne Labarta,0,30.2,1811.0,15.0,7.0,11.0,0.0,0.0,7.0,11.0,1.0,3.0,1.0,8.0,9.0,1.0,7.0,1.0,2.0,0.0,4.0,2.0,13.0,-2.0,60.9,63.6,0.0,27.3,1.3,0.0,1.5,5.1,25.8,17.8,10.2,1.7,7.8,36.2,31.2,
2479840,23,981304,DISHELEC 65 VILADECANS,HOME,2082380,J. Torreño Jimenez,J. Torreño Jimenez,1,17.8,1067.0,9.0,2.0,3.0,1.0,1.0,3.0,4.0,2.0,4.0,0.0,1.0,1.0,1.0,0.0,1.0,0.0,0.0,1.0,2.0,10.0,8.0,78.1,87.5,25.0,100.0,1.3,3.0,2.0,0.0,5.5,3.4,18.5,2.9,0.0,0.0,15.8,
2479840,23,981304,DISHELEC 65 VILADECANS,HOME,2146979,N. Sanchez Marques,N. Sanchez Marques,0,26.1,1563.0,6.0,1.0,4.0,0.0,4.0,1.0,8.0,4.0,4.0,0.0,4.0,4.0,2.0,2.0,1.0,1.0,1.0,2.0,3.0,6.0,-11.0,30.7,12.5,50.0,50.0,0.5,0.0,1.3,0.0,15.0,9.1,14.6,2.0,4.5,17.0,22.0,
2479840,23,981304,DISHELEC 65 VILADECANS,HOME,1956668,M. Ribera Sanuy,M. Ribera Sanuy,1,21.9,1314.0,0.0,0.0,4.0,0.0,1.0,0.0,5.0,0.0,0.0,1.0,4.0,5.0,3.0,2.0,2.0,0.0,1.0,2.0,2.0,3.0,12.0,0.0,0.0,20.0,0.0,0.0,0.0,0.0,7.0,17.8,13.6,28.6,4.7,0.0,28.6,15.6,
2479840,23,981304,DISHELEC 65 VILADECANS,HOME,1663009,Q. Ubia Llunell,Q. Ubia Llunell,1,15.2,911.0,0.0,0.0,0.0,0.0,0.0,0.0,0.0,0.0,0.0,0.0,2.0,2.0,1.0,3.0,0.0,0.0,0.0,5.0,2.0,-3.0,3.0,0.0,0.0,0.0,0.0,0.0,0.0,0.0,0.0,12.8,7.9,11.9,0.0,0.0,100.0,9.6,
2479840,23,981304,DISHELEC 65 VILADECANS,HOME,2240744,I. Rastrojo Obrero,I. Rastrojo Obrero,0,1.5,91.0,0.0,0.0,0.0,0.0,0.0,0.0,0.0,0.0,0.0,0.0,0.0,0.0,0.0,0.0,0.0,0.0,0.0,0.0,0.0,0.0,-1.0,0.0,0.0,0.0,0.0,0.0,0.0,0.0,0.0,0.0,0.0,0.0,0.0,0.0,0.0,0.0,
2479840,23,981304,DISHELEC 65 VILADECANS,HOME,2080127,E. Berenguer Fernandez,E. Berenguer Fernandez,0,3.5,211.0,0.0,0.0,1.0,0.0,0.0,0.0,1.0,0.0,0.0,0.0,0.0,0.0,1.0,0.0,0.0,0.0,0.0,0.0,0.0,0.0,-6.0,0.0,0.0,0.0,0.0,0.0,0.0,0.0,0.0,0.0,0.0,47.6,0.0,0.0,0.0,13.9,
2479840,23,981227,DPES CB CIUDAD DE MOSTOLES,AWAY,2040603,P. Gonzalez Gonzalez,P. Gonzalez Gonzalez,0,23.9,1435.0,6.0,0.0,5.0,0.0,3.0,0.0,8.0,6.0,8.0,0.0,0.0,0.0,0.0,0.0,1.0,0.0,1.0,3.0,5.0,-1.0,6.0,26.0,0.0,37.5,100.0,0.0,0.0,1.6,0.0,0.0,0.0,0.0,2.2,0.0,0.0,21.6,
2479840,23,981227,DPES CB CIUDAD DE MOSTOLES,AWAY,2162836,D. Vaquero Martinez,D. Vaquero Martinez,0,17.0,1020.0,14.0,6.0,9.0,0.0,3.0,6.0,12.0,2.0,3.0,0.0,1.0,1.0,0.0,2.0,2.0,0.0,0.0,0.0,4.0,12.0,12.0,52.6,50.0,25.0,25.0,1.3,0.0,0.8,0.0,9.0,3.5,0.0,6.3,0.0,13.1,40.3,
2479840,23,981227,DPES CB CIUDAD DE MOSTOLES,AWAY,1981139,S. Blanco Guitian,S. Blanco Guitian,1,6.4,384.0,3.0,0.0,1.0,1.0,2.0,1.0,3.0,0.0,0.0,0.0,0.0,0.0,0.0,0.0,0.0,0.0,1.0,0.0,0.0,1.0,-9.0,50.0,50.0,66.7,0.0,0.0,1.5,0.0,0.0,0.0,0.0,0.0,0.0,0.0,0.0,21.0,
2479840,23,981227,DPES CB CIUDAD DE MOSTOLES,AWAY,1178705,A. Peredo Lopez,A. Peredo Lopez,1,20.5,1230.0,8.0,1.0,2.0,0.0,3.0,1.0,5.0,6.0,6.0,1.0,3.0,4.0,1.0,1.0,1.0,0.0,0.0,1.0,3.0,11.0,-5.0,52.4,20.0,60.0,120.0,1.0,0.0,2.0,4.8,22.5,11.6,12.5,2.6,0.0,11.6,18.9,
2479840,23,981227,DPES CB CIUDAD DE MOSTOLES,AWAY,1222687,B. Moreno Hurtado,B. Moreno Hurtado,0,19.0,1141.0,5.0,0.0,1.0,1.0,1.0,1.0,2.0,2.0,2.0,0.0,4.0,4.0,0.0,2.0,1.0,0.0,0.0,3.0,0.0,4.0,7.0,86.8,75.0,50.0,100.0,0.0,3.0,0.0,0.0,32.4,12.6,0.0,2.8,0.0,41.0,11.5,
2479840,23,981227,DPES CB CIUDAD DE MOSTOLES,AWAY,1819108,N. Gomez Cobo,N. Gomez Cobo,0,21.1,1265.0,4.0,0.0,2.0,1.0,4.0,1.0,6.0,1.0,2.0,4.0,2.0,6.0,0.0,2.0,2.0,0.0,1.0,1.0,3.0,6.0,-4.0,29.1,25.0,66.7,33.3,0.0,0.8,0.7,18.5,14.6,17.0,0.0,5.1,0.0,22.5,18.8,
2479840,23,981227,DPES CB CIUDAD DE MOSTOLES,AWAY,2035086,M. Gamez Martinez,M. Gamez Martinez,1,18.9,1135.0,4.0,2.0,4.0,0.0,0.0,2.0,4.0,0.0,0.0,1.0,1.0,2.0,1.0,3.0,1.0,1.0,0.0,2.0,1.0,3.0,-20.0,50.0,50.0,0.0,0.0,1.0,0.0,0.0,5.2,8.1,6.3,14.3,2.8,5.7,42.9,16.6,
2479840,23,981227,DPES CB CIUDAD DE MOSTOLES,AWAY,1589173,M. Correa Villalona,M. Correa Villalona,0,30.3,1817.0,8.0,1.0,2.0,0.0,1.0,1.0,3.0,6.0,8.0,1.0,2.0,3.0,2.0,2.0,1.0,0.0,1.0,3.0,6.0,11.0,17.0,61.3,33.3,33.3,266.7,1.0,0.0,1.3,3.2,10.2,5.9,14.9,1.8,0.0,23.5,12.6,
2479840,23,981227,DPES CB CIUDAD DE MOSTOLES,AWAY,1740994,B. Rodríguez Bazaga,B. Rodríguez Bazaga,1,9.4,564.0,0.0,0.0,0.0,0.0,2.0,0.0,2.0,0.0,0.0,0.0,0.0,0.0,2.0,1.0,0.0,0.0,0.0,5.0,0.0,-6.0,-11.0,0.0,0.0,100.0,0.0,0.0,0.0,0.0,0.0,0.0,0.0,55.6,0.0,0.0,33.3,14.3,
2479840,23,981227,DPES CB CIUDAD DE MOSTOLES,AWAY,1871083,A. Quesada Romero,A. Quesada Romero,0,14.2,854.0,3.0,0.0,1.0,1.0,5.0,1.0,6.0,0.0,0.0,0.0,0.0,0.0,0.0,0.0,0.0,1.0,0.0,1.0,0.0,-2.0,2.0,25.0,25.0,83.3,0.0,0.0,0.6,0.0,0.0,0.0,0.0,0.0,0.0,7.6,0.0,18.9,
2479840,23,981227,DPES CB CIUDAD DE MOSTOLES,AWAY,2404223,E. Abubakar Arrey,E. Abubakar Arrey,1,19.2,1155.0,10.0,4.0,7.0,0.0,0.0,4.0,7.0,2.0,6.0,4.0,6.0,10.0,0.0,3.0,2.0,0.0,0.0,2.0,6.0,16.0,0.0,51.9,57.1,0.0,85.7,1.1,0.0,1.0,20.3,48.1,31.1,0.0,5.6,0.0,23.7,29.5,
2479841,23,981229,SPAR GRAN CANARIA,HOME,2203305,L. Perez Castro,L. Perez Castro,1,35.5,2127.0,14.0,3.0,12.0,2.0,5.0,5.0,17.0,2.0,2.0,1.0,2.0,3.0,2.0,1.0,1.0,0.0,0.0,3.0,2.0,6.0,10.0,39.1,35.3,29.4,11.8,0.5,1.2,1.0,3.4,5.9,4.8,8.4,1.5,0.0,5.3,25.2,
2479841,23,981229,SPAR GRAN CANARIA,HOME,2234762,V. Hernandez Spaccesi,V. Hernandez Spaccesi,0,4.3,257.0,0.0,0.0,0.0,0.0,1.0,0.0,1.0,0.0,0.0,0.0,0.0,0.0,0.0,1.0,1.0,1.0,0.0,1.0,0.0,-1.0,0.0,0.0,0.0,100.0,0.0,0.0,0.0,0.0,0.0,0.0,0.0,0.0,12.6,31.0,50.0,22.1,
2479841,23,981229,SPAR GRAN CANARIA,HOME,2383238,E. Ezeanatogu Ezeonu,E. Ezeanatogu Ezeonu,0,20.0,1201.0,10.0,5.0,6.0,0.0,0.0,5.0,6.0,0.0,0.0,0.0,2.0,2.0,3.0,1.0,0.0,0.0,0.0,5.0,0.0,8.0,18.0,83.3,83.3,0.0,0.0,1.7,0.0,0.0,0.0,10.5,5.6,27.3,0.0,0.0,14.3,16.6,
2479841,23,981229,SPAR GRAN CANARIA,HOME,2230179,A. Garcia San Blas,A. Garcia San Blas,0,18.7,1122.0,9.0,3.0,3.0,1.0,5.0,4.0,8.0,0.0,0.0,0.0,2.0,2.0,3.0,2.0,2.0,0.0,0.0,4.0,0.0,6.0,-3.0,56.2,56.2,62.5,0.0,2.0,0.6,0.0,0.0,11.3,6.0,25.0,5.8,0.0,20.0,25.4,
2479841,23,981229,SPAR GRAN CANARIA,HOME,2621781,F. Thiao,F. Thiao,1,18.1,1084.0,9.0,4.0,7.0,0.0,0.0,4.0,7.0,1.0,3.0,4.0,3.0,7.0,0.0,0.0,0.0,0.0,0.0,1.0,3.0,13.0,-7.0,54.1,57.1,0.0,42.9,1.1,0.0,1.0,26.8,17.4,21.8,0.0,0.0,0.0,0.0,21.8,
2479841,23,981229,SPAR GRAN CANARIA,HOME,2340892,M. Redondo De Santa Ana,M. Redondo De Santa Ana,0,10.8,651.0,0.0,0.0,2.0,0.0,0.0,0.0,2.0,0.0,0.0,0.0,3.0,3.0,0.0,1.0,0.0,0.0,0.0,0.0,3.0,3.0,3.0,0.0,0.0,0.0,0.0,0.0,0.0,0.0,0.0,29.2,15.6,0.0,0.0,0.0,33.3,13.2,
2479841,23,981229,SPAR GRAN CANARIA,HOME,2340893,S. Redondo De Santa Ana,S. Redondo De Santa Ana,0,8.3,497.0,0.0,0.0,0.0,0.0,0.0,0.0,0.0,0.0,0.0,0.0,0.0,0.0,1.0,1.0,0.0,0.0,0.0,0.0,0.0,0.0,-6.0,0.0,0.0,0.0,0.0,0.0,0.0,0.0,0.0,0.0,0.0,15.6,0.0,0.0,100.0,5.7,
2479841,23,981229,SPAR GRAN CANARIA,HOME,2494285,A. Mbengue Sánchez,A. Mbengue Sánchez,1,33.3,1998.0,13.0,6.0,9.0,0.0,0.0,6.0,9.0,1.0,2.0,3.0,5.0,8.0,2.0,1.0,0.0,0.0,0.0,2.0,1.0,17.0,5.0,65.8,66.7,0.0,22.2,1.3,0.0,2.0,10.9,15.8,13.5,10.2,0.0,0.0,9.2,15.5,
2479841,23,981229,SPAR GRAN CANARIA,HOME,2292843,M. Rodríguez Sánchez,M. Rodríguez Sánchez,1,13.3,797.0,0.0,0.0,0.0,0.0,0.0,0.0,0.0,0.0,0.0,1.0,1.0,2.0,1.0,0.0,0.0,0.0,0.0,2.0,0.0,1.0,15.0,0.0,0.0,0.0,0.0,0.0,0.0,0.0,9.1,7.9,8.5,10.4,0.0,0.0,0.0,0.0,
2479841,23,981229,SPAR GRAN CANARIA,HOME,2352279,T. Ezeanatogu Ezeonu,T. Ezeanatogu Ezeonu,1,37.8,2266.0,24.0,8.0,16.0,0.0,0.0,8.0,16.0,8.0,12.0,4.0,6.0,10.0,4.0,2.0,5.0,1.0,0.0,4.0,8.0,34.0,5.0,56.4,50.0,0.0,75.0,1.0,0.0,1.5,12.8,16.7,14.9,19.2,7.2,3.5,8.6,29.2,
2479841,23,981335,CESUR DISTRITO OLIMPICO,AWAY,2371275,V. Serrano Gutierrez,V. Serrano Gutierrez,0,3.5,213.0,0.0,0.0,1.0,0.0,1.0,0.0,2.0,0.0,0.0,1.0,0.0,1.0,0.0,0.0,0.0,0.0,1.0,0.0,0.0,-1.0,-3.0,0.0,0.0,50.0,0.0,0.0,0.0,0.0,30.1,0.0,16.1,0.0,0.0,0.0,0.0,26.0,
2479841,23,981335,CESUR DISTRITO OLIMPICO,AWAY,2286837,B. Arranz Albero,B. Arranz Albero,1,30.4,1823.0,21.0,1.0,4.0,5.0,14.0,6.0,18.0,4.0,5.0,3.0,5.0,8.0,0.0,2.0,2.0,0.0,0.0,3.0,4.0,17.0,-2.0,52.0,47.2,77.8,27.8,0.5,1.1,1.2,10.4,19.9,14.8,0.0,3.7,0.0,9.0,33.2,
2479841,23,981335,CESUR DISTRITO OLIMPICO,AWAY,2031383,A. Picos Porras,A. Picos Porras,1,33.8,2027.0,21.0,4.0,6.0,3.0,5.0,7.0,11.0,4.0,5.0,1.0,7.0,8.0,5.0,2.0,1.0,0.0,0.0,3.0,6.0,31.0,-8.0,79.5,77.3,45.5,45.5,1.3,1.8,0.8,3.1,25.1,13.3,47.2,1.7,0.0,13.2,20.4,
2479841,23,981335,CESUR DISTRITO OLIMPICO,AWAY,1871488,M. Gomez Hernandez,M. Gomez Hernandez,1,28.4,1704.0,7.0,1.0,1.0,1.0,4.0,2.0,5.0,2.0,4.0,0.0,2.0,2.0,3.0,2.0,1.0,0.0,0.0,2.0,4.0,8.0,2.0,51.8,50.0,80.0,80.0,2.0,0.8,1.0,0.0,8.5,4.0,22.4,2.0,0.0,22.8,14.0,
2479841,23,981335,CESUR DISTRITO OLIMPICO,AWAY,2035834,M. Martinez Majan,M. Martinez Majan,0,10.3,617.0,1.0,0.0,3.0,0.0,3.0,0.0,6.0,1.0,2.0,2.0,0.0,2.0,1.0,2.0,0.0,0.0,0.0,0.0,2.0,-3.0,-3.0,7.3,0.0,50.0,33.3,0.0,0.0,1.0,20.4,0.0,10.9,15.2,0.0,0.0,22.5,39.2,
2479841,23,981335,CESUR DISTRITO OLIMPICO,AWAY,2226680,J. Masip Lámbarri,J. Masip Lámbarri,0,7.8,471.0,2.0,1.0,1.0,0.0,0.0,1.0,1.0,0.0,0.0,0.0,1.0,1.0,0.0,1.0,0.0,0.0,0.0,1.0,0.0,1.0,-1.0,100.0,100.0,0.0,0.0,2.0,0.0,0.0,0.0,15.5,7.2,0.0,0.0,0.0,50.0,11.7,
2479841,23,981335,CESUR DISTRITO OLIMPICO,AWAY,1832824,C. Leal Flores,C. Leal Flores,1,25.5,1528.0,7.0,0.0,0.0,1.0,3.0,1.0,3.0,4.0,6.0,3.0,3.0,6.0,1.0,1.0,2.0,0.0,0.0,3.0,3.0,11.0,-8.0,62.1,50.0,100.0,200.0,0.0,1.0,2.0,12.4,14.3,13.3,8.2,4.4,0.0,15.1,11.8,
2479841,23,981335,CESUR DISTRITO OLIMPICO,AWAY,1562695,A. González Ramírez,A. González Ramírez,0,12.8,769.0,0.0,0.0,2.0,0.0,0.0,0.0,2.0,0.0,0.0,0.0,1.0,1.0,4.0,1.0,0.0,0.0,0.0,0.0,1.0,3.0,-14.0,0.0,0.0,0.0,0.0,0.0,0.0,0.0,0.0,9.5,4.4,60.6,0.0,0.0,33.3,10.7,
2479841,23,981335,CESUR DISTRITO OLIMPICO,AWAY,2160293,V. Lopez Riaño,V. Lopez Riaño,1,32.7,1961.0,9.0,4.0,11.0,0.0,0.0,4.0,11.0,1.0,1.0,3.0,1.0,4.0,0.0,2.0,1.0,0.0,1.0,2.0,1.0,4.0,-12.0,39.3,36.4,0.0,9.1,0.7,0.0,1.0,9.7,3.7,6.9,0.0,1.7,0.0,14.9,18.7,
2479841,23,981335,CESUR DISTRITO OLIMPICO,AWAY,1677519,R. Flores Aguado,R. Flores Aguado,0,9.1,546.0,2.0,1.0,1.0,0.0,1.0,1.0,2.0,0.0,0.0,0.0,0.0,0.0,2.0,2.0,1.0,0.0,0.0,3.0,0.0,-1.0,4.0,50.0,50.0,50.0,0.0,2.0,0.0,0.0,0.0,0.0,0.0,58.8,6.2,0.0,50.0,20.0,
2479841,23,981335,CESUR DISTRITO OLIMPICO,AWAY,2800814,A. Emusi Adeniran,A. Emusi Adeniran,0,5.7,341.0,1.0,0.0,0.0,0.0,0.0,0.0,0.0,1.0,2.0,1.0,0.0,1.0,0.0,1.0,0.0,0.0,0.0,0.0,1.0,1.0,5.0,56.8,0.0,0.0,0.0,0.0,0.0,2.0,18.5,0.0,9.9,0.0,0.0,0.0,53.2,15.0,
2479842,23,979778,MAGEC TÍAS LANZAROTE CONTRA LA VIOLENCIA DE GÉNERO,HOME,1100445,Y. Garcia Gonzalez,Y. Garcia Gonzalez,1,30.9,1855.0,21.0,5.0,11.0,1.0,1.0,6.0,12.0,8.0,8.0,4.0,5.0,9.0,2.0,9.0,1.0,0.0,1.0,3.0,6.0,21.0,-11.0,67.7,54.2,8.3,66.7,0.9,3.0,1.3,15.7,15.4,15.5,12.8,1.6,0.0,36.7,36.8,
2479842,23,979778,MAGEC TÍAS LANZAROTE CONTRA LA VIOLENCIA DE GÉNERO,HOME,1995747,S. Hisado Santos,S. Hisado Santos,1,29.7,1781.0,6.0,3.0,6.0,0.0,1.0,3.0,7.0,0.0,0.0,0.0,1.0,1.0,3.0,2.0,1.0,0.0,0.0,2.0,0.0,3.0,-9.0,42.9,42.9,14.3,0.0,1.0,0.0,0.0,0.0,3.2,1.8,18.9,1.7,0.0,22.2,14.0,
2479842,23,979778,MAGEC TÍAS LANZAROTE CONTRA LA VIOLENCIA DE GÉNERO,HOME,1695414,C. Mateo Cañada,C. Mateo Cañada,1,31.1,1864.0,19.0,6.0,10.0,1.0,2.0,7.0,12.0,4.0,5.0,3.0,8.0,11.0,2.0,4.0,1.0,0.0,0.0,3.0,3.0,23.0,-1.0,66.9,62.5,16.7,41.7,1.2,1.5,1.7,11.7,24.5,18.9,13.7,1.6,0.0,22.0,27.1,
2479842,23,979778,MAGEC TÍAS LANZAROTE CONTRA LA VIOLENCIA DE GÉNERO,HOME,2824664,B. Snorradottir,B. Snorradottir,0,18.0,1081.0,6.0,3.0,5.0,0.0,0.0,3.0,5.0,0.0,0.0,0.0,1.0,1.0,1.0,2.0,0.0,0.0,1.0,5.0,1.0,0.0,2.0,60.0,60.0,0.0,0.0,1.2,0.0,0.0,0.0,5.3,3.0,9.5,0.0,0.0,28.6,18.0,
2479842,23,979778,MAGEC TÍAS LANZAROTE CONTRA LA VIOLENCIA DE GÉNERO,HOME,2524794,M. Marinho Junqueira,M. Marinho Junqueira,1,37.9,2274.0,11.0,3.0,6.0,1.0,4.0,4.0,10.0,2.0,2.0,0.0,5.0,5.0,5.0,0.0,2.0,0.0,0.0,1.0,3.0,19.0,-9.0,50.6,45.0,40.0,20.0,1.0,0.8,0.7,0.0,12.6,7.0,24.6,2.6,0.0,0.0,13.3,
2479842,23,979778,MAGEC TÍAS LANZAROTE CONTRA LA VIOLENCIA DE GÉNERO,HOME,2379074,N. Zabala Gabilondo,N. Zabala Gabilondo,1,31.9,1915.0,5.0,2.0,7.0,0.0,3.0,2.0,10.0,1.0,2.0,1.0,5.0,6.0,6.0,0.0,2.0,1.0,1.0,1.0,5.0,15.0,-2.0,23.0,20.0,30.0,20.0,0.6,0.0,0.4,3.8,14.9,10.0,30.6,3.1,2.6,0.0,15.8,
2479842,23,979778,MAGEC TÍAS LANZAROTE CONTRA LA VIOLENCIA DE GÉNERO,HOME,1681307,E. Iranzo Gutierrez,E. Iranzo Gutierrez,0,20.5,1230.0,5.0,1.0,2.0,1.0,3.0,2.0,5.0,0.0,2.0,0.0,2.0,2.0,1.0,0.0,0.0,0.0,0.0,5.0,1.0,-1.0,5.0,42.5,50.0,60.0,40.0,1.0,1.0,2.0,0.0,9.3,5.2,8.7,0.0,0.0,0.0,13.3,
2479842,23,981286,ESCO GRUPO FEMENINO ALCORCON,AWAY,2095287,G. Escorial Ferrero,G. Escorial Ferrero,1,14.7,882.0,4.0,2.0,4.0,0.0,0.0,2.0,4.0,0.0,0.0,5.0,2.0,7.0,2.0,2.0,2.0,1.0,1.0,5.0,1.0,8.0,0.0,50.0,50.0,0.0,0.0,1.0,0.0,0.0,32.4,16.5,25.4,20.0,6.9,5.8,33.3,17.1,
2479842,23,981286,ESCO GRUPO FEMENINO ALCORCON,AWAY,2162538,C. Del Amo Sevillano,C. Del Amo Sevillano,0,32.6,1955.0,31.0,9.0,14.0,2.0,5.0,11.0,19.0,7.0,10.0,2.0,1.0,3.0,0.0,1.0,1.0,0.0,0.0,3.0,7.0,27.0,4.0,66.2,63.2,26.3,52.6,1.3,1.2,1.4,5.8,3.7,4.9,0.0,1.6,0.0,4.1,31.4,
2479842,23,981286,ESCO GRUPO FEMENINO ALCORCON,AWAY,2182200,L. Bernardo Perez,L. Bernardo Perez,0,8.3,501.0,2.0,0.0,1.0,0.0,3.0,0.0,4.0,2.0,2.0,1.0,2.0,3.0,1.0,0.0,0.0,0.0,0.0,0.0,1.0,3.0,1.0,20.5,0.0,75.0,50.0,0.0,0.0,2.0,11.5,29.2,19.3,16.7,0.0,0.0,0.0,24.6,
2479842,23,981286,ESCO GRUPO FEMENINO ALCORCON,AWAY,2012796,M. Blanco Eusebio,M. Blanco Eusebio,1,35.6,2134.0,5.0,1.0,5.0,1.0,8.0,2.0,13.0,0.0,0.0,1.0,7.0,8.0,7.0,0.0,2.0,0.0,0.0,1.0,6.0,16.0,5.0,19.2,19.2,61.5,0.0,0.4,0.4,0.0,2.7,23.8,12.0,28.0,2.9,0.0,0.0,15.3,
2479842,23,981286,ESCO GRUPO FEMENINO ALCORCON,AWAY,1535457,M. Aranda Fraile,M. Aranda Fraile,1,13.9,834.0,0.0,0.0,0.0,0.0,2.0,0.0,2.0,0.0,0.0,1.0,3.0,4.0,2.0,0.0,1.0,0.0,0.0,2.0,0.0,3.0,-10.0,0.0,0.0,100.0,0.0,0.0,0.0,0.0,6.9,26.2,15.3,22.2,3.7,0.0,0.0,6.0,
2479842,23,981286,ESCO GRUPO FEMENINO ALCORCON,AWAY,2822982,Y. Sifaoui Bucero,Y. Sifaoui Bucero,1,31.3,1880.0,14.0,7.0,12.0,0.0,1.0,7.0,13.0,0.0,0.0,2.0,4.0,6.0,2.0,0.0,2.0,1.0,0.0,1.0,0.0,18.0,4.0,53.8,53.8,7.7,0.0,1.2,0.0,0.0,6.1,15.5,10.2,11.8,3.3,2.7,0.0,17.4,
2479842,23,981286,ESCO GRUPO FEMENINO ALCORCON,AWAY,2128123,N. Ipo Seriche-Dougan,N. Ipo Seriche-Dougan,0,28.7,1720.0,9.0,1.0,7.0,2.0,4.0,3.0,11.0,1.0,2.0,2.0,1.0,3.0,3.0,5.0,1.0,1.0,0.0,4.0,3.0,2.0,9.0,37.9,36.4,36.4,18.2,0.3,1.5,0.7,6.6,4.2,5.6,16.7,1.8,3.0,29.6,24.6,
2479842,23,981286,ESCO GRUPO FEMENINO ALCORCON,AWAY,2164976,A. Martínez Mora,A. Martínez Mora,1,8.6,514.0,2.0,1.0,1.0,0.0,0.0,1.0,1.0,0.0,0.0,0.0,0.0,0.0,0.0,2.0,0.0,0.0,0.0,2.0,0.0,-2.0,-7.0,100.0,100.0,0.0,0.0,2.0,0.0,0.0,0.0,0.0,0.0,0.0,0.0,0.0,66.7,14.6,
2479842,23,981286,ESCO GRUPO FEMENINO ALCORCON,AWAY,2176383,I. Camiña Rodriguez,I. Camiña Rodriguez,0,26.3,1580.0,11.0,2.0,4.0,2.0,6.0,4.0,10.0,1.0,3.0,1.0,5.0,6.0,4.0,1.0,1.0,0.0,0.0,1.0,2.0,14.0,19.0,48.6,50.0,60.0,30.0,1.0,1.0,1.5,3.6,23.0,12.2,23.5,1.9,0.0,8.1,19.6,
2479843,23,981209,CB CLARET BENIMACLET,HOME,1886112,S. Afonso Gonzalez,S. Afonso Gonzalez,1,26.2,1572.0,17.0,2.0,4.0,4.0,9.0,6.0,13.0,1.0,2.0,2.0,3.0,5.0,1.0,2.0,2.0,0.0,0.0,0.0,2.0,17.0,32.0,61.2,61.5,69.2,15.4,1.0,1.3,1.0,8.3,10.7,9.5,7.8,3.8,0.0,12.6,26.1,
2479843,23,981209,CB CLARET BENIMACLET,HOME,2209715,J. Sarrio Asensio,J. Sarrio Asensio,0,13.8,828.0,5.0,2.0,3.0,0.0,2.0,2.0,5.0,1.0,2.0,0.0,0.0,0.0,3.0,1.0,0.0,0.0,0.0,2.0,3.0,4.0,-3.0,42.5,40.0,40.0,40.0,1.3,0.0,0.7,0.0,0.0,0.0,49.2,0.0,0.0,14.5,21.5,
2479843,23,981209,CB CLARET BENIMACLET,HOME,1853228,J. Rochina Troncoso,J. Rochina Troncoso,0,19.8,1190.0,8.0,1.0,6.0,1.0,3.0,2.0,9.0,3.0,6.0,3.0,2.0,5.0,0.0,0.0,0.0,0.0,1.0,2.0,3.0,4.0,6.0,34.4,27.8,33.3,66.7,0.3,1.0,2.0,16.4,9.4,12.6,0.0,0.0,0.0,0.0,25.4,
2479843,23,981209,CB CLARET BENIMACLET,HOME,1840053,P. Garcia Garcia,P. Garcia Garcia,1,16.9,1013.0,7.0,1.0,3.0,0.0,1.0,1.0,4.0,5.0,6.0,2.0,4.0,6.0,4.0,2.0,0.0,0.0,0.0,3.0,5.0,13.0,19.0,52.7,25.0,25.0,150.0,0.7,0.0,1.2,12.8,22.0,17.8,40.8,0.0,0.0,23.1,22.0,
2479843,23,981209,CB CLARET BENIMACLET,HOME,2281500,L. Liern Ruiz,L. Liern Ruiz,0,7.1,425.0,2.0,1.0,2.0,0.0,1.0,1.0,3.0,0.0,0.0,1.0,1.0,2.0,1.0,1.0,0.0,0.0,0.0,1.0,1.0,2.0,2.0,33.3,33.3,33.3,0.0,1.0,0.0,0.0,15.2,13.1,14.1,22.7,0.0,0.0,25.0,24.3,
2479843,23,981209,CB CLARET BENIMACLET,HOME,1767443,M. Cuellar Bayarri,M. Cuellar Bayarri,1,8.9,535.0,2.0,1.0,4.0,0.0,0.0,1.0,4.0,0.0,0.0,1.0,0.0,1.0,1.0,0.0,1.0,0.0,0.0,4.0,1.0,-1.0,15.0,25.0,25.0,0.0,0.0,0.5,0.0,0.0,12.1,0.0,5.6,22.7,5.6,0.0,0.0,19.4,
2479843,23,981209,CB CLARET BENIMACLET,HOME,1984467,G. Lopez Cuesta,G. Lopez Cuesta,0,23.9,1432.0,10.0,1.0,4.0,0.0,0.0,1.0,4.0,8.0,8.0,4.0,9.0,13.0,3.0,3.0,2.0,2.0,0.0,4.0,6.0,26.0,17.0,66.5,25.0,0.0,200.0,0.5,0.0,1.3,18.1,35.0,27.2,19.7,4.2,6.2,28.5,19.0,
2479843,23,981209,CB CLARET BENIMACLET,HOME,1506842,E. Cases Rey,E. Cases Rey,1,28.1,1686.0,23.0,3.0,3.0,5.0,9.0,8.0,12.0,2.0,4.0,0.0,4.0,4.0,1.0,1.0,5.0,0.0,0.0,1.0,3.0,28.0,27.0,83.6,87.5,75.0,33.3,2.0,1.7,1.3,0.0,13.2,7.1,9.2,8.9,0.0,6.8,22.7,
2479843,23,981209,CB CLARET BENIMACLET,HOME,1994256,T. Toledo Navarro,T. Toledo Navarro,0,12.6,754.0,2.0,1.0,2.0,0.0,1.0,1.0,3.0,0.0,0.0,2.0,0.0,2.0,1.0,0.0,1.0,0.0,0.0,1.0,1.0,4.0,2.0,33.3,33.3,33.3,0.0,1.0,0.0,0.0,17.2,0.0,7.9,14.1,4.0,0.0,0.0,10.3,
2479843,23,981209,CB CLARET BENIMACLET,HOME,2816051,E. Tenbrock,E. Tenbrock,0,24.4,1463.0,7.0,2.0,2.0,1.0,6.0,3.0,8.0,0.0,1.0,0.0,3.0,3.0,0.0,0.0,1.0,1.0,0.0,1.0,0.0,5.0,8.0,41.5,43.8,75.0,12.5,2.0,0.5,0.0,0.0,11.4,6.1,0.0,2.1,3.0,0.0,14.9,
2479843,23,981209,CB CLARET BENIMACLET,HOME,1749591,I. Garrido Perez,I. Garrido Perez,1,18.4,1102.0,3.0,0.0,1.0,1.0,4.0,1.0,5.0,0.0,0.0,0.0,0.0,0.0,0.0,0.0,0.0,0.0,0.0,0.0,0.0,-1.0,20.0,30.0,30.0,80.0,0.0,0.0,0.8,0.0,0.0,0.0,0.0,0.0,0.0,0.0,0.0,11.7,
2479843,23,980023,GEIEG PACISA,AWAY,1949920,J. Pairo Urtos,J. Pairo Urtos,0,22.7,1361.0,6.0,1.0,1.0,1.0,4.0,2.0,5.0,1.0,4.0,4.0,5.0,9.0,3.0,2.0,0.0,0.0,0.0,3.0,2.0,9.0,-20.0,44.4,50.0,80.0,80.0,2.0,0.8,2.0,16.4,23.8,19.8,28.3,0.0,0.0,22.8,15.9,
2479843,23,980023,GEIEG PACISA,AWAY,1917788,M. Carbo Cachinero,M. Carbo Cachinero,0,22.1,1323.0,0.0,0.0,5.0,0.0,1.0,0.0,6.0,0.0,0.0,0.0,2.0,2.0,1.0,2.0,0.0,0.0,0.0,4.0,0.0,-9.0,-8.0,0.0,0.0,16.7,0.0,0.0,0.0,0.0,0.0,9.8,4.5,7.9,0.0,0.0,25.0,15.0,
2479843,23,980023,GEIEG PACISA,AWAY,1944150,M. Melero Bravo,M. Melero Bravo,1,23.4,1404.0,10.0,2.0,8.0,0.0,2.0,2.0,10.0,6.0,8.0,1.0,2.0,3.0,2.0,4.0,0.0,0.0,1.0,5.0,4.0,0.0,-18.0,37.0,20.0,20.0,80.0,0.5,0.0,2.0,4.0,9.2,6.4,18.9,0.0,0.0,22.8,30.9,
2479843,23,980023,GEIEG PACISA,AWAY,2151755,A. Martinez Rus,A. Martinez Rus,0,1.6,97.0,0.0,0.0,1.0,0.0,0.0,0.0,1.0,0.0,0.0,0.0,0.0,0.0,0.0,0.0,0.0,0.0,0.0,0.0,0.0,-1.0,-4.0,0.0,0.0,0.0,0.0,0.0,0.0,0.0,0.0,0.0,0.0,0.0,0.0,0.0,0.0,25.8,
2479843,23,980023,GEIEG PACISA,AWAY,1667386,C. Morente Lopez,C. Morente Lopez,1,22.1,1326.0,5.0,1.0,1.0,1.0,4.0,2.0,5.0,0.0,0.0,1.0,0.0,1.0,0.0,3.0,1.0,0.0,0.0,2.0,0.0,-1.0,-27.0,50.0,50.0,80.0,0.0,2.0,0.8,0.0,4.2,0.0,2.3,0.0,2.3,0.0,37.5,15.0,
2479843,23,980023,GEIEG PACISA,AWAY,1567998,V. Gonzalez Olaizola,V. Gonzalez Olaizola,0,20.6,1235.0,8.0,4.0,12.0,0.0,0.0,4.0,12.0,0.0,0.0,4.0,2.0,6.0,1.0,3.0,0.0,1.0,1.0,5.0,3.0,3.0,-11.0,33.3,33.3,0.0,0.0,0.7,0.0,0.0,18.1,10.5,14.6,15.4,0.0,5.7,20.0,30.1,
2479843,23,980023,GEIEG PACISA,AWAY,1666109,A. Coma Perpiña,A. Coma Perpiña,1,23.4,1404.0,11.0,3.0,7.0,0.0,0.0,3.0,7.0,5.0,5.0,0.0,3.0,3.0,3.0,1.0,0.0,0.0,0.0,5.0,5.0,12.0,-13.0,59.8,42.9,0.0,71.4,0.9,0.0,1.0,0.0,13.9,6.4,31.2,0.0,0.0,9.8,18.0,
2479843,23,980023,GEIEG PACISA,AWAY,1926754,J. Fernandez Pinsach,J. Fernandez Pinsach,1,27.9,1676.0,11.0,5.0,12.0,0.0,1.0,5.0,13.0,1.0,3.0,5.0,3.0,8.0,0.0,3.0,2.0,0.0,0.0,1.0,3.0,10.0,-14.0,38.4,38.5,7.7,23.1,0.8,0.0,1.0,16.7,11.6,14.3,0.0,3.7,0.0,17.3,25.7,
2479843,23,980023,GEIEG PACISA,AWAY,2239082,N. Mitjanas Costa,N. Mitjanas Costa,1,26.6,1593.0,6.0,3.0,6.0,0.0,1.0,3.0,7.0,0.0,0.0,2.0,5.0,7.0,1.0,2.0,0.0,0.0,1.0,1.0,2.0,9.0,-27.0,42.9,42.9,14.3,0.0,1.0,0.0,0.0,7.0,20.3,13.2,8.5,0.0,0.0,22.2,14.0,
2479843,23,980023,GEIEG PACISA,AWAY,2059054,A. Riera Buil,A. Riera Buil,0,9.7,581.0,0.0,0.0,1.0,0.0,1.0,0.0,2.0,0.0,0.0,0.0,0.0,0.0,1.0,0.0,0.0,0.0,0.0,0.0,0.0,-1.0,-3.0,0.0,0.0,50.0,0.0,0.0,0.0,0.0,0.0,0.0,0.0,23.8,0.0,0.0,0.0,8.5,
2479844,24,981209,CB CLARET BENIMACLET,HOME,1886112,S. Afonso Gonzalez,S. Afonso Gonzalez,1,24.4,1463.0,6.0,0.0,1.0,1.0,5.0,1.0,6.0,3.0,4.0,2.0,3.0,5.0,1.0,2.0,1.0,0.0,0.0,1.0,2.0,6.0,0.0,38.7,25.0,83.3,66.7,0.0,0.6,2.0,6.8,14.1,9.9,7.8,2.1,0.0,20.5,16.9,
2479844,24,981209,CB CLARET BENIMACLET,HOME,2209715,J. Sarrio Asensio,J. Sarrio Asensio,0,15.6,937.0,6.0,0.0,3.0,2.0,2.0,2.0,5.0,0.0,0.0,0.0,2.0,2.0,2.0,0.0,1.0,0.0,1.0,2.0,0.0,6.0,3.0,60.0,60.0,40.0,0.0,0.0,3.0,0.0,0.0,14.7,6.2,27.8,3.3,0.0,0.0,13.5,
2479844,24,981209,CB CLARET BENIMACLET,HOME,1853228,J. Rochina Troncoso,J. Rochina Troncoso,0,19.4,1163.0,10.0,1.0,3.0,1.0,3.0,2.0,6.0,5.0,10.0,6.0,0.0,6.0,2.0,3.0,3.0,0.0,0.0,1.0,5.0,13.0,6.0,48.1,41.7,50.0,166.7,0.7,1.0,2.0,25.8,0.0,14.9,21.1,8.0,0.0,22.4,29.2,
2479844,24,981209,CB CLARET BENIMACLET,HOME,1840053,P. Garcia Garcia,P. Garcia Garcia,1,8.2,490.0,3.0,0.0,1.0,0.0,2.0,0.0,3.0,3.0,4.0,1.0,2.0,3.0,0.0,1.0,0.0,0.0,0.0,3.0,4.0,2.0,-10.0,31.5,0.0,66.7,133.3,0.0,0.0,1.0,10.2,27.9,17.6,0.0,0.0,0.0,17.4,29.7,
2479844,24,981209,CB CLARET BENIMACLET,HOME,2281500,L. Liern Ruiz,L. Liern Ruiz,0,4.1,246.0,0.0,0.0,0.0,0.0,1.0,0.0,1.0,0.0,0.0,0.0,0.0,0.0,0.0,0.0,1.0,0.0,0.0,0.0,0.0,0.0,-1.0,0.0,0.0,100.0,0.0,0.0,0.0,0.0,0.0,0.0,0.0,0.0,12.6,0.0,0.0,10.3,
2479844,24,981209,CB CLARET BENIMACLET,HOME,1767443,M. Cuellar Bayarri,M. Cuellar Bayarri,1,18.1,1089.0,10.0,5.0,13.0,0.0,0.0,5.0,13.0,0.0,0.0,3.0,3.0,6.0,0.0,3.0,0.0,0.0,0.0,3.0,0.0,2.0,-2.0,38.5,38.5,0.0,0.0,0.8,0.0,0.0,13.8,18.9,16.0,0.0,0.0,0.0,18.8,37.3,
2479844,24,981209,CB CLARET BENIMACLET,HOME,1984467,G. Lopez Cuesta,G. Lopez Cuesta,0,21.9,1311.0,4.0,1.0,6.0,0.0,1.0,1.0,7.0,2.0,6.0,4.0,5.0,9.0,1.0,1.0,0.0,0.0,0.0,2.0,5.0,6.0,5.0,20.7,14.3,14.3,85.7,0.3,0.0,1.2,15.2,26.1,19.8,9.5,0.0,0.0,9.4,20.5,
2479844,24,981209,CB CLARET BENIMACLET,HOME,1506842,E. Cases Rey,E. Cases Rey,1,29.0,1739.0,6.0,0.0,0.0,2.0,6.0,2.0,6.0,0.0,0.0,1.0,3.0,4.0,2.0,3.0,2.0,0.0,0.0,2.0,5.0,10.0,-2.0,50.0,50.0,100.0,0.0,0.0,1.0,0.0,2.9,11.8,6.6,14.2,3.5,0.0,33.3,13.1,
2479844,24,981209,CB CLARET BENIMACLET,HOME,1994256,T. Toledo Navarro,T. Toledo Navarro,0,9.6,577.0,3.0,0.0,1.0,1.0,1.0,1.0,2.0,0.0,0.0,1.0,1.0,2.0,2.0,0.0,0.0,0.0,0.0,1.0,0.0,5.0,2.0,75.0,75.0,50.0,0.0,0.0,3.0,0.0,8.7,11.9,10.0,55.6,0.0,0.0,0.0,8.8,
2479844,24,981209,CB CLARET BENIMACLET,HOME,2816051,E. Tenbrock,E. Tenbrock,0,27.7,1664.0,26.0,4.0,5.0,5.0,8.0,9.0,13.0,3.0,5.0,1.0,3.0,4.0,2.0,1.0,1.0,0.0,0.0,2.0,3.0,27.0,14.0,85.5,88.5,61.5,38.5,1.6,1.9,1.7,3.0,12.4,7.0,28.2,1.9,0.0,6.2,24.7,
2479844,24,981209,CB CLARET BENIMACLET,HOME,1749591,I. Garrido Perez,I. Garrido Perez,1,22.0,1321.0,0.0,0.0,1.0,0.0,4.0,0.0,5.0,0.0,0.0,0.0,2.0,2.0,1.0,1.0,1.0,0.0,0.0,1.0,0.0,-3.0,0.0,0.0,0.0,80.0,0.0,0.0,0.0,0.0,0.0,10.4,4.4,7.2,2.3,0.0,16.7,11.5,
2479844,24,979892,C. B. ISLA BONITA,AWAY,1131087,B. Armengol Vall,B. Armengol Vall,1,32.0,1918.0,7.0,2.0,7.0,1.0,4.0,3.0,11.0,0.0,1.0,3.0,5.0,8.0,3.0,5.0,2.0,0.0,0.0,1.0,4.0,9.0,2.0,30.6,31.8,36.4,9.1,0.6,0.8,0.2,10.7,13.0,12.0,16.9,3.3,0.0,30.4,23.2,
2479844,24,979892,C. B. ISLA BONITA,AWAY,1870487,T. Gonzalez Soto,T. Gonzalez Soto,0,14.8,886.0,9.0,1.0,2.0,1.0,3.0,2.0,5.0,4.0,4.0,0.0,5.0,5.0,0.0,0.0,1.0,0.0,0.0,0.0,1.0,13.0,-14.0,66.6,50.0,60.0,80.0,1.0,1.0,4.0,0.0,28.2,16.3,0.0,3.6,0.0,0.0,20.6,
2479844,24,979892,C. B. ISLA BONITA,AWAY,1853281,I. Bautista Villaverde,I. Bautista Villaverde,1,25.7,1541.0,9.0,0.0,1.0,3.0,8.0,3.0,9.0,0.0,0.0,0.0,2.0,2.0,2.0,0.0,3.0,0.0,0.0,1.0,1.0,10.0,9.0,50.0,50.0,88.9,0.0,0.0,1.1,0.0,0.0,6.5,3.8,15.9,6.2,0.0,0.0,15.8,
2479844,24,979892,C. B. ISLA BONITA,AWAY,2816643,E. Motekaitytè,E. Motekaitytè,1,31.9,1916.0,18.0,8.0,12.0,0.0,1.0,8.0,13.0,2.0,3.0,3.0,4.0,7.0,2.0,2.0,0.0,0.0,0.0,5.0,4.0,18.0,-7.0,62.8,61.5,7.7,23.1,1.3,0.0,0.8,10.7,10.4,10.6,15.6,0.0,0.0,12.3,23.1,
2479844,24,979892,C. B. ISLA BONITA,AWAY,2171960,M. Colom Elosúa,M. Colom Elosúa,1,33.0,1978.0,11.0,0.0,5.0,3.0,6.0,3.0,11.0,2.0,2.0,1.0,2.0,3.0,3.0,2.0,1.0,0.0,0.0,3.0,3.0,8.0,1.0,46.3,40.9,54.5,18.2,0.0,1.5,0.7,3.5,5.1,4.4,16.9,1.6,0.0,14.4,19.0,
2479844,24,979892,C. B. ISLA BONITA,AWAY,2524874,M. Vulovic,M. Vulovic,1,11.2,671.0,2.0,1.0,4.0,0.0,0.0,1.0,4.0,0.0,0.0,2.0,2.0,4.0,2.0,3.0,0.0,1.0,0.0,5.0,1.0,-1.0,15.0,25.0,25.0,0.0,0.0,0.5,0.0,0.0,20.4,14.9,17.2,29.4,0.0,10.5,42.9,28.2,
2479844,24,979892,C. B. ISLA BONITA,AWAY,1471341,M. Rosales Elejabeita,M. Rosales Elejabeita,0,19.6,1175.0,6.0,2.0,4.0,0.0,0.0,2.0,4.0,2.0,2.0,0.0,7.0,7.0,3.0,2.0,0.0,0.0,0.0,4.0,2.0,10.0,-1.0,61.5,50.0,0.0,50.0,1.0,0.0,1.0,0.0,29.8,17.2,27.3,0.0,0.0,29.1,15.8,
2479844,24,979892,C. B. ISLA BONITA,AWAY,1372464,M. Carballo Diaz,M. Carballo Diaz,0,14.6,877.0,2.0,1.0,3.0,0.0,1.0,1.0,4.0,0.0,0.0,1.0,2.0,3.0,1.0,0.0,0.0,0.0,0.0,3.0,0.0,0.0,-7.0,25.0,25.0,25.0,0.0,0.7,0.0,0.0,7.8,11.4,9.9,10.6,0.0,0.0,0.0,12.4,
2479844,24,979892,C. B. ISLA BONITA,AWAY,2816642,N. Cunill Peña,N. Cunill Peña,0,17.3,1038.0,7.0,3.0,5.0,0.0,1.0,3.0,6.0,1.0,1.0,1.0,0.0,1.0,3.0,2.0,0.0,0.0,0.0,2.0,2.0,6.0,-13.0,54.3,50.0,16.7,16.7,1.2,0.0,0.5,6.6,0.0,2.8,40.5,0.0,0.0,23.7,22.0,
2479845,24,980023,GEIEG PACISA,HOME,1949920,J. Pairo Urtos,J. Pairo Urtos,1,15.9,952.0,3.0,0.0,0.0,1.0,4.0,1.0,4.0,0.0,0.0,0.0,5.0,5.0,3.0,0.0,0.0,0.0,0.0,5.0,0.0,3.0,1.0,37.5,37.5,100.0,0.0,0.0,0.8,0.0,0.0,40.6,18.0,28.3,0.0,0.0,0.0,10.4,
2479845,24,980023,GEIEG PACISA,HOME,1917788,M. Carbo Cachinero,M. Carbo Cachinero,0,18.0,1078.0,5.0,0.0,3.0,1.0,2.0,1.0,5.0,2.0,6.0,0.0,1.0,1.0,0.0,2.0,3.0,0.0,0.0,1.0,3.0,1.0,16.0,32.7,30.0,40.0,120.0,0.0,1.5,2.0,0.0,7.2,3.2,0.0,8.7,0.0,20.7,22.2,
2479845,24,980023,GEIEG PACISA,HOME,1944150,M. Melero Bravo,M. Melero Bravo,1,31.0,1859.0,16.0,5.0,9.0,1.0,2.0,6.0,11.0,3.0,7.0,0.0,2.0,2.0,5.0,5.0,6.0,0.0,0.0,1.0,7.0,21.0,1.0,56.8,59.1,18.2,63.6,1.1,1.5,1.0,0.0,8.3,3.7,29.1,10.1,0.0,26.2,25.5,
2479845,24,980023,GEIEG PACISA,HOME,1667386,C. Morente Lopez,C. Morente Lopez,0,16.6,993.0,2.0,1.0,1.0,0.0,4.0,1.0,5.0,0.0,0.0,1.0,0.0,1.0,0.0,2.0,0.0,0.0,0.0,2.0,2.0,-3.0,-1.0,20.0,20.0,80.0,0.0,2.0,0.0,0.0,6.2,0.0,3.4,0.0,0.0,0.0,28.6,17.5,
2479845,24,980023,GEIEG PACISA,HOME,1567998,V. Gonzalez Olaizola,V. Gonzalez Olaizola,1,28.9,1735.0,8.0,4.0,11.0,0.0,1.0,4.0,12.0,0.0,0.0,4.0,6.0,10.0,3.0,4.0,4.0,0.0,0.0,3.0,3.0,13.0,11.0,33.3,33.3,8.3,0.0,0.7,0.0,0.0,14.2,26.8,19.8,18.4,7.2,0.0,25.0,23.0,
2479845,24,980023,GEIEG PACISA,HOME,1666109,A. Coma Perpiña,A. Coma Perpiña,1,32.0,1919.0,15.0,1.0,4.0,3.0,8.0,4.0,12.0,4.0,4.0,0.0,5.0,5.0,4.0,2.0,1.0,0.0,0.0,1.0,3.0,17.0,4.0,54.5,45.8,66.7,33.3,0.5,1.1,1.3,0.0,20.2,8.9,20.8,1.6,0.0,12.7,20.4,
2479845,24,980023,GEIEG PACISA,HOME,1926754,J. Fernandez Pinsach,J. Fernandez Pinsach,1,27.5,1652.0,17.0,8.0,16.0,0.0,0.0,8.0,16.0,1.0,2.0,7.0,2.0,9.0,0.0,2.0,2.0,0.0,0.0,2.0,2.0,17.0,1.0,50.4,50.0,0.0,12.5,1.0,0.0,1.0,26.1,9.4,18.7,0.0,3.8,0.0,10.6,28.5,
2479845,24,980023,GEIEG PACISA,HOME,2239082,N. Mitjanas Costa,N. Mitjanas Costa,0,23.6,1413.0,6.0,3.0,4.0,0.0,0.0,3.0,4.0,0.0,0.0,1.0,4.0,5.0,1.0,1.0,1.0,0.0,0.0,0.0,0.0,11.0,4.0,75.0,75.0,0.0,0.0,1.5,0.0,0.0,4.3,21.9,12.1,6.9,2.2,0.0,20.0,8.8,
2479845,24,980023,GEIEG PACISA,HOME,2059054,A. Riera Buil,A. Riera Buil,0,6.7,399.0,3.0,0.0,0.0,1.0,1.0,1.0,1.0,0.0,0.0,1.0,1.0,2.0,0.0,0.0,0.0,0.0,0.0,2.0,0.0,3.0,3.0,150.0,150.0,100.0,0.0,0.0,3.0,0.0,15.3,19.3,17.1,0.0,0.0,0.0,0.0,6.2,
2479845,24,979778,MAGEC TÍAS LANZAROTE CONTRA LA VIOLENCIA DE GÉNERO,AWAY,2178381,E. Lozano Sosa,E. Lozano Sosa,0,19.6,1179.0,6.0,3.0,5.0,0.0,1.0,3.0,6.0,0.0,0.0,0.0,0.0,0.0,0.0,0.0,2.0,0.0,0.0,0.0,0.0,5.0,-2.0,50.0,50.0,16.7,0.0,1.2,0.0,0.0,0.0,0.0,0.0,0.0,5.0,0.0,0.0,14.9,
2479845,24,979778,MAGEC TÍAS LANZAROTE CONTRA LA VIOLENCIA DE GÉNERO,AWAY,1100445,Y. Garcia Gonzalez,Y. Garcia Gonzalez,1,37.0,2219.0,17.0,5.0,13.0,0.0,2.0,5.0,15.0,7.0,10.0,5.0,5.0,10.0,5.0,4.0,3.0,0.0,0.0,4.0,7.0,21.0,-1.0,43.8,33.3,13.3,66.7,0.8,0.0,1.4,17.4,13.9,15.4,28.6,3.9,0.0,17.1,30.9,
2479845,24,979778,MAGEC TÍAS LANZAROTE CONTRA LA VIOLENCIA DE GÉNERO,AWAY,1995747,S. Hisado Santos,S. Hisado Santos,1,20.2,1211.0,0.0,0.0,1.0,0.0,1.0,0.0,2.0,0.0,0.0,0.0,3.0,3.0,0.0,1.0,3.0,0.0,0.0,4.0,1.0,0.0,-13.0,0.0,0.0,50.0,0.0,0.0,0.0,0.0,0.0,15.2,8.5,0.0,7.2,0.0,33.3,7.3,
2479845,24,979778,MAGEC TÍAS LANZAROTE CONTRA LA VIOLENCIA DE GÉNERO,AWAY,1695414,C. Mateo Cañada,C. Mateo Cañada,1,20.0,1202.0,5.0,1.0,2.0,1.0,3.0,2.0,5.0,0.0,0.0,0.0,2.0,2.0,1.0,2.0,2.0,0.0,0.0,3.0,0.0,2.0,-11.0,50.0,50.0,60.0,0.0,1.0,1.0,0.0,0.0,10.3,5.7,9.5,4.9,0.0,28.6,17.1,
2479845,24,979778,MAGEC TÍAS LANZAROTE CONTRA LA VIOLENCIA DE GÉNERO,AWAY,2824664,B. Snorradottir,B. Snorradottir,0,23.0,1379.0,6.0,3.0,3.0,0.0,1.0,3.0,4.0,0.0,0.0,0.0,5.0,5.0,1.0,2.0,2.0,0.0,0.0,2.0,2.0,11.0,-4.0,75.0,75.0,25.0,0.0,2.0,0.0,0.0,0.0,22.3,12.4,8.3,4.2,0.0,33.3,12.7,
2479845,24,979778,MAGEC TÍAS LANZAROTE CONTRA LA VIOLENCIA DE GÉNERO,AWAY,2524794,M. Marinho Junqueira,M. Marinho Junqueira,1,27.8,1665.0,16.0,3.0,4.0,3.0,6.0,6.0,10.0,1.0,2.0,0.0,4.0,4.0,2.0,4.0,2.0,0.0,0.0,2.0,1.0,14.0,-9.0,73.5,75.0,60.0,20.0,1.5,1.5,2.0,0.0,14.8,8.2,17.4,3.5,0.0,26.9,26.1,
2479845,24,979778,MAGEC TÍAS LANZAROTE CONTRA LA VIOLENCIA DE GÉNERO,AWAY,2379074,N. Zabala Gabilondo,N. Zabala Gabilondo,1,21.7,1302.0,6.0,2.0,4.0,0.0,2.0,2.0,6.0,2.0,2.0,0.0,4.0,4.0,3.0,3.0,2.0,0.0,0.0,3.0,3.0,8.0,7.0,43.6,33.3,33.3,33.3,1.0,0.0,0.7,0.0,18.9,10.5,28.6,4.5,0.0,30.4,22.2,
2479845,24,979778,MAGEC TÍAS LANZAROTE CONTRA LA VIOLENCIA DE GÉNERO,AWAY,1681307,E. Iranzo Gutierrez,E. Iranzo Gutierrez,0,30.7,1843.0,11.0,3.0,5.0,1.0,3.0,4.0,8.0,2.0,4.0,0.0,2.0,2.0,3.0,2.0,2.0,0.0,0.0,2.0,3.0,11.0,-7.0,56.4,56.2,37.5,50.0,1.2,1.0,1.3,0.0,6.7,3.7,18.8,3.2,0.0,17.0,18.7,
2479846,24,981286,ESCO GRUPO FEMENINO ALCORCON,HOME,2095287,G. Escorial Ferrero,G. Escorial Ferrero,0,17.7,1061.0,5.0,2.0,5.0,0.0,0.0,2.0,5.0,1.0,2.0,4.0,1.0,5.0,0.0,2.0,0.0,0.0,0.0,1.0,3.0,6.0,-3.0,42.5,40.0,0.0,40.0,0.8,0.0,0.7,20.5,7.5,15.3,0.0,0.0,0.0,25.4,19.1,
2479846,24,981286,ESCO GRUPO FEMENINO ALCORCON,HOME,2162538,C. Del Amo Sevillano,C. Del Amo Sevillano,1,21.3,1276.0,14.0,5.0,10.0,0.0,1.0,5.0,11.0,4.0,8.0,2.0,4.0,6.0,1.0,1.0,2.0,0.0,0.0,3.0,5.0,14.0,8.0,48.2,45.5,9.1,72.7,1.0,0.0,1.6,8.5,25.0,15.2,14.3,5.1,0.0,6.4,31.3,
2479846,24,981286,ESCO GRUPO FEMENINO ALCORCON,HOME,2182200,L. Bernardo Perez,L. Bernardo Perez,0,22.4,1341.0,7.0,2.0,3.0,1.0,4.0,3.0,7.0,0.0,0.0,1.0,4.0,5.0,1.0,1.0,1.0,0.0,0.0,2.0,1.0,8.0,0.0,50.0,50.0,57.1,0.0,1.3,0.8,0.0,4.1,23.8,12.1,8.8,2.4,0.0,12.5,15.3,
2479846,24,981286,ESCO GRUPO FEMENINO ALCORCON,HOME,2012796,M. Blanco Eusebio,M. Blanco Eusebio,1,26.1,1564.0,6.0,0.0,2.0,2.0,5.0,2.0,7.0,0.0,0.0,2.0,2.0,4.0,7.0,2.0,3.0,0.0,1.0,3.0,1.0,11.0,3.0,42.9,42.9,71.4,0.0,0.0,1.2,0.0,7.0,10.2,8.3,47.3,6.2,0.0,22.2,14.8,
2479846,24,981286,ESCO GRUPO FEMENINO ALCORCON,HOME,1535457,M. Aranda Fraile,M. Aranda Fraile,1,20.9,1252.0,12.0,0.0,0.0,4.0,7.0,4.0,7.0,0.0,0.0,0.0,0.0,0.0,2.0,1.0,1.0,0.0,0.0,0.0,0.0,11.0,2.0,85.7,85.7,100.0,0.0,0.0,1.7,0.0,0.0,0.0,0.0,25.0,2.6,0.0,12.5,16.4,
2479846,24,981286,ESCO GRUPO FEMENINO ALCORCON,HOME,2822982,Y. Sifaoui Bucero,Y. Sifaoui Bucero,1,13.8,828.0,6.0,2.0,5.0,0.0,0.0,2.0,5.0,2.0,2.0,2.0,2.0,4.0,0.0,1.0,0.0,0.0,1.0,2.0,1.0,5.0,7.0,51.0,40.0,0.0,40.0,0.8,0.0,2.0,13.2,19.3,15.7,0.0,0.0,0.0,14.5,21.4,
2479846,24,981286,ESCO GRUPO FEMENINO ALCORCON,HOME,2128123,N. Ipo Seriche-Dougan,N. Ipo Seriche-Dougan,0,9.9,595.0,5.0,1.0,3.0,1.0,1.0,2.0,4.0,0.0,1.0,0.0,1.0,1.0,2.0,3.0,2.0,0.0,0.0,1.0,2.0,5.0,10.0,56.3,62.5,25.0,25.0,0.7,3.0,0.5,0.0,13.5,5.5,71.4,10.9,0.0,40.3,32.3,
2479846,24,981286,ESCO GRUPO FEMENINO ALCORCON,HOME,2164976,A. Martínez Mora,A. Martínez Mora,1,18.1,1084.0,4.0,2.0,3.0,0.0,1.0,2.0,4.0,0.0,0.0,2.0,0.0,2.0,3.0,1.0,3.0,0.0,0.0,0.0,0.0,9.0,8.0,50.0,50.0,25.0,0.0,1.3,0.0,0.0,10.0,0.0,6.0,30.0,9.0,0.0,20.0,11.9,
2479846,24,981286,ESCO GRUPO FEMENINO ALCORCON,HOME,1869823,D. Miliauskaite,D. Miliauskaite,0,26.2,1572.0,7.0,0.0,4.0,0.0,5.0,0.0,9.0,7.0,10.0,4.0,3.0,7.0,1.0,3.0,2.0,1.0,0.0,2.0,5.0,6.0,1.0,26.1,0.0,55.6,111.1,0.0,0.0,2.0,13.9,15.3,14.4,6.0,4.1,3.2,18.3,26.9,
2479846,24,981286,ESCO GRUPO FEMENINO ALCORCON,HOME,2176383,I. Camiña Rodriguez,I. Camiña Rodriguez,0,23.8,1427.0,5.0,1.0,3.0,1.0,5.0,2.0,8.0,0.0,0.0,2.0,1.0,3.0,1.0,1.0,3.0,1.0,0.0,2.0,0.0,4.0,4.0,31.2,31.2,62.5,0.0,0.7,0.6,0.0,7.6,5.6,6.8,8.1,6.8,3.6,11.1,16.2,
2479846,24,981229,SPAR GRAN CANARIA,AWAY,2203305,L. Perez Castro,L. Perez Castro,1,29.3,1756.0,10.0,4.0,10.0,0.0,2.0,4.0,12.0,2.0,2.0,2.0,2.0,4.0,2.0,1.0,1.0,0.0,0.0,1.0,2.0,9.0,-8.0,38.8,33.3,16.7,16.7,0.8,0.0,1.0,9.1,6.2,7.4,12.8,1.8,0.0,7.2,22.0,
2479846,24,981229,SPAR GRAN CANARIA,AWAY,2288451,A. Hernandez Martinez,A. Hernandez Martinez,0,15.0,900.0,6.0,2.0,5.0,0.0,0.0,2.0,5.0,2.0,2.0,0.0,0.0,0.0,0.0,1.0,1.0,0.0,0.0,2.0,2.0,3.0,2.0,51.0,40.0,0.0,40.0,0.8,0.0,1.0,0.0,0.0,0.0,0.0,3.6,0.0,14.5,21.3,
2479846,24,981229,SPAR GRAN CANARIA,AWAY,2230179,A. Garcia San Blas,A. Garcia San Blas,0,14.4,865.0,1.0,0.0,0.0,0.0,3.0,0.0,3.0,1.0,2.0,0.0,0.0,0.0,2.0,1.0,0.0,0.0,0.0,2.0,2.0,-2.0,2.0,12.9,0.0,100.0,66.7,0.0,0.0,1.0,0.0,0.0,0.0,17.9,0.0,0.0,20.5,15.8,
2479846,24,981229,SPAR GRAN CANARIA,AWAY,2494285,A. Mbengue Sánchez,A. Mbengue Sánchez,1,21.7,1300.0,11.0,4.0,4.0,1.0,1.0,5.0,5.0,0.0,0.0,2.0,3.0,5.0,0.0,4.0,0.0,0.0,0.0,5.0,0.0,7.0,-4.0,110.0,110.0,20.0,0.0,2.0,3.0,0.0,12.3,12.6,12.5,0.0,0.0,0.0,44.4,19.3,
2479846,24,981229,SPAR GRAN CANARIA,AWAY,2251955,M. Ocurto Mendes,M. Ocurto Mendes,1,29.2,1755.0,7.0,2.0,4.0,1.0,4.0,3.0,8.0,0.0,0.0,1.0,2.0,3.0,6.0,6.0,3.0,0.0,1.0,0.0,4.0,12.0,-14.0,43.8,43.8,50.0,0.0,1.0,0.8,0.0,4.6,6.2,5.6,36.1,5.5,0.0,42.9,22.3,
2479846,24,981229,SPAR GRAN CANARIA,AWAY,2292843,M. Rodríguez Sánchez,M. Rodríguez Sánchez,0,21.1,1263.0,0.0,0.0,1.0,0.0,0.0,0.0,1.0,0.0,0.0,0.0,2.0,2.0,2.0,3.0,2.0,0.0,0.0,2.0,0.0,0.0,-4.0,0.0,0.0,0.0,0.0,0.0,0.0,0.0,0.0,8.6,5.1,14.3,5.1,0.0,75.0,8.8,
2479846,24,981229,SPAR GRAN CANARIA,AWAY,2352279,T. Ezeanatogu Ezeonu,T. Ezeanatogu Ezeonu,1,33.1,1984.0,14.0,7.0,12.0,0.0,0.0,7.0,12.0,0.0,3.0,4.0,10.0,14.0,1.0,8.0,4.0,0.0,0.0,3.0,3.0,17.0,-3.0,52.6,58.3,0.0,25.0,1.2,0.0,1.0,16.1,27.5,22.9,6.5,6.5,0.0,37.5,30.0,
2479846,24,981229,SPAR GRAN CANARIA,AWAY,2643570,L. Toure,L. Toure,1,36.3,2177.0,14.0,7.0,11.0,0.0,0.0,7.0,11.0,0.0,0.0,3.0,6.0,9.0,0.0,1.0,0.0,2.0,1.0,3.0,3.0,20.0,-11.0,63.6,63.6,0.0,0.0,1.3,0.0,0.0,11.0,15.0,13.4,0.0,0.0,5.8,8.3,15.4,
2479847,24,981335,CESUR DISTRITO OLIMPICO,HOME,2286837,B. Arranz Albero,B. Arranz Albero,1,31.1,1865.0,17.0,4.0,9.0,2.0,9.0,6.0,18.0,3.0,5.0,1.0,4.0,5.0,3.0,4.0,1.0,0.0,1.0,2.0,3.0,9.0,19.0,42.1,38.9,50.0,27.8,0.9,0.7,1.7,3.6,17.7,9.9,20.3,1.7,0.0,16.5,32.9,
2479847,24,981335,CESUR DISTRITO OLIMPICO,HOME,2031383,A. Picos Porras,A. Picos Porras,1,33.2,1995.0,23.0,5.0,6.0,1.0,3.0,6.0,9.0,10.0,11.0,5.0,4.0,9.0,2.0,4.0,2.0,1.0,0.0,2.0,8.0,35.0,18.0,83.1,72.2,33.3,122.2,1.7,1.0,1.4,16.7,16.6,16.7,13.5,3.1,3.5,22.4,22.7,
2479847,24,981335,CESUR DISTRITO OLIMPICO,HOME,1871488,M. Gomez Hernandez,M. Gomez Hernandez,1,28.7,1724.0,6.0,0.0,2.0,2.0,5.0,2.0,7.0,0.0,0.0,0.0,3.0,3.0,3.0,2.0,3.0,0.0,0.0,1.0,0.0,7.0,9.0,42.9,42.9,71.4,0.0,0.0,1.2,0.0,0.0,14.4,6.4,18.5,5.4,0.0,22.2,13.3,
2479847,24,981335,CESUR DISTRITO OLIMPICO,HOME,2035834,M. Martinez Majan,M. Martinez Majan,0,10.1,606.0,7.0,1.0,3.0,1.0,4.0,2.0,7.0,2.0,2.0,1.0,0.0,1.0,0.0,1.0,0.0,0.0,0.0,2.0,1.0,1.0,-3.0,44.4,35.7,57.1,28.6,0.7,0.8,2.0,11.0,0.0,6.1,0.0,0.0,0.0,11.3,37.2,
2479847,24,981335,CESUR DISTRITO OLIMPICO,HOME,2226680,J. Masip Lámbarri,J. Masip Lámbarri,0,5.1,304.0,0.0,0.0,0.0,0.0,0.0,0.0,0.0,0.0,0.0,0.0,1.0,1.0,1.0,0.0,0.0,0.0,0.0,2.0,1.0,1.0,1.0,0.0,0.0,0.0,0.0,0.0,0.0,0.0,0.0,27.0,12.1,38.5,0.0,0.0,0.0,0.0,
2479847,24,981335,CESUR DISTRITO OLIMPICO,HOME,1832824,C. Leal Flores,C. Leal Flores,0,24.1,1447.0,2.0,1.0,2.0,0.0,2.0,1.0,4.0,0.0,0.0,2.0,3.0,5.0,3.0,1.0,2.0,0.0,0.0,3.0,0.0,5.0,12.0,25.0,25.0,50.0,0.0,1.0,0.0,0.0,9.2,17.2,12.8,20.5,4.3,0.0,20.0,8.8,
2479847,24,981335,CESUR DISTRITO OLIMPICO,HOME,1562695,A. González Ramírez,A. González Ramírez,1,17.6,1056.0,11.0,4.0,6.0,1.0,2.0,5.0,8.0,0.0,0.0,0.0,1.0,1.0,0.0,2.0,1.0,0.0,0.0,3.0,1.0,6.0,14.0,68.8,68.8,25.0,0.0,1.3,1.5,0.0,0.0,7.8,3.5,0.0,2.9,0.0,20.0,24.0,
2479847,24,981335,CESUR DISTRITO OLIMPICO,HOME,2160293,V. Lopez Riaño,V. Lopez Riaño,1,32.0,1920.0,10.0,2.0,8.0,0.0,0.0,2.0,8.0,6.0,6.0,8.0,5.0,13.0,2.0,2.0,4.0,2.0,0.0,3.0,7.0,27.0,20.0,47.0,25.0,0.0,75.0,0.5,0.0,0.9,27.8,21.6,25.0,10.6,6.5,7.4,15.8,16.7,
2479847,24,981335,CESUR DISTRITO OLIMPICO,HOME,1677519,R. Flores Aguado,R. Flores Aguado,0,15.1,907.0,5.0,1.0,2.0,1.0,2.0,2.0,4.0,0.0,0.0,1.0,0.0,1.0,0.0,2.0,2.0,0.0,0.0,2.0,1.0,3.0,8.0,62.5,62.5,50.0,0.0,1.0,1.5,0.0,7.4,0.0,4.1,0.0,6.9,0.0,33.3,16.8,
2479847,24,981335,CESUR DISTRITO OLIMPICO,HOME,2185253,P. Álvarez Honorato,P. Álvarez Honorato,0,2.9,176.0,0.0,0.0,0.0,0.0,0.0,0.0,0.0,0.0,0.0,0.0,0.0,0.0,0.0,1.0,0.0,0.0,0.0,0.0,0.0,-1.0,-8.0,0.0,0.0,0.0,0.0,0.0,0.0,0.0,0.0,0.0,0.0,0.0,0.0,0.0,100.0,14.6,
2479847,24,981304,DISHELEC 65 VILADECANS,AWAY,2050407,L. Sanchez Garcia,L. Sanchez Garcia,1,18.4,1106.0,6.0,1.0,2.0,1.0,4.0,2.0,6.0,1.0,2.0,1.0,2.0,3.0,0.0,2.0,2.0,0.0,0.0,5.0,1.0,0.0,-2.0,43.6,41.7,66.7,33.3,1.0,0.8,2.0,7.5,12.1,10.0,0.0,5.7,0.0,22.5,22.6,
2479847,24,981304,DISHELEC 65 VILADECANS,AWAY,1910113,L. Anducas Rodon,L. Anducas Rodon,0,8.6,513.0,3.0,1.0,1.0,0.0,0.0,1.0,1.0,1.0,1.0,1.0,1.0,2.0,1.0,3.0,0.0,0.0,0.0,3.0,2.0,2.0,-20.0,104.2,100.0,0.0,100.0,2.0,0.0,0.5,16.0,12.9,14.3,29.4,0.0,0.0,67.6,24.2,
2479847,24,981304,DISHELEC 65 VILADECANS,AWAY,1727776,P. Curto Garcia,P. Curto Garcia,1,27.9,1671.0,15.0,3.0,5.0,0.0,7.0,3.0,12.0,9.0,11.0,0.0,4.0,4.0,3.0,3.0,6.0,0.0,0.0,2.0,6.0,18.0,-4.0,44.5,25.0,58.3,91.7,1.2,0.0,1.8,0.0,15.9,8.8,24.2,11.2,0.0,15.1,33.4,
2479847,24,981304,DISHELEC 65 VILADECANS,AWAY,2056456,N. Soler Ramos,N. Soler Ramos,0,20.9,1256.0,9.0,3.0,3.0,1.0,1.0,4.0,4.0,0.0,0.0,0.0,1.0,1.0,1.0,1.0,0.0,0.0,0.0,0.0,0.0,10.0,-17.0,112.5,112.5,25.0,0.0,2.0,3.0,0.0,0.0,5.3,2.9,14.3,0.0,0.0,20.0,11.2,
2479847,24,981304,DISHELEC 65 VILADECANS,AWAY,2322360,A. Torne Labarta,A. Torne Labarta,1,31.7,1900.0,12.0,6.0,13.0,0.0,0.0,6.0,13.0,0.0,0.0,1.0,3.0,4.0,1.0,4.0,0.0,0.0,1.0,3.0,2.0,5.0,-17.0,46.2,46.2,0.0,0.0,0.9,0.0,0.0,4.4,10.5,7.8,8.6,0.0,0.0,23.5,25.2,
2479847,24,981304,DISHELEC 65 VILADECANS,AWAY,2082380,J. Torreño Jimenez,J. Torreño Jimenez,0,19.9,1197.0,8.0,2.0,3.0,0.0,3.0,2.0,6.0,4.0,4.0,1.0,3.0,4.0,3.0,2.0,0.0,0.0,1.0,1.0,3.0,11.0,1.0,51.5,33.3,50.0,66.7,1.3,0.0,1.3,6.9,16.8,12.4,33.3,0.0,0.0,20.5,23.0,
2479847,24,981304,DISHELEC 65 VILADECANS,AWAY,2146979,N. Sanchez Marques,N. Sanchez Marques,0,28.9,1736.0,8.0,3.0,6.0,0.0,1.0,3.0,7.0,2.0,3.0,2.0,2.0,4.0,2.0,7.0,3.0,1.0,1.0,3.0,6.0,9.0,-22.0,48.1,42.9,14.3,42.9,1.0,0.0,0.5,9.5,7.7,8.5,16.1,5.4,3.6,45.7,24.9,
2479847,24,981304,DISHELEC 65 VILADECANS,AWAY,1956668,M. Ribera Sanuy,M. Ribera Sanuy,1,27.6,1658.0,2.0,1.0,1.0,0.0,3.0,1.0,4.0,0.0,0.0,1.0,0.0,1.0,2.0,0.0,3.0,0.0,0.0,3.0,0.0,2.0,-4.0,25.0,25.0,75.0,0.0,2.0,0.0,0.0,5.0,0.0,2.2,13.9,5.7,0.0,0.0,6.8,
2479847,24,981304,DISHELEC 65 VILADECANS,AWAY,1663009,Q. Ubia Llunell,Q. Ubia Llunell,1,16.1,963.0,0.0,0.0,0.0,0.0,1.0,0.0,1.0,0.0,0.0,1.0,2.0,3.0,2.0,0.0,0.0,0.0,0.0,2.0,0.0,2.0,-5.0,0.0,0.0,100.0,0.0,0.0,0.0,0.0,8.6,13.8,11.5,22.7,0.0,0.0,0.0,2.9,
2479848,24,981227,DPES CB CIUDAD DE MOSTOLES,HOME,2040603,P. Gonzalez Gonzalez,P. Gonzalez Gonzalez,1,17.8,1065.0,18.0,3.0,5.0,3.0,8.0,6.0,13.0,3.0,8.0,0.0,1.0,1.0,1.0,0.0,0.0,0.0,0.0,2.0,7.0,13.0,19.0,54.5,57.7,61.5,61.5,1.2,1.1,1.1,0.0,6.2,2.9,22.7,0.0,0.0,0.0,42.5,
2479848,24,981227,DPES CB CIUDAD DE MOSTOLES,HOME,2162836,D. Vaquero Martinez,D. Vaquero Martinez,0,5.8,345.0,3.0,0.0,1.0,0.0,1.0,0.0,2.0,3.0,4.0,0.0,2.0,2.0,1.0,0.0,0.0,0.0,0.0,1.0,3.0,5.0,3.0,39.9,0.0,50.0,200.0,0.0,0.0,1.3,0.0,38.3,17.7,38.5,0.0,0.0,0.0,29.7,
2479848,24,981227,DPES CB CIUDAD DE MOSTOLES,HOME,1981139,S. Blanco Guitian,S. Blanco Guitian,0,22.6,1356.0,6.0,0.0,0.0,2.0,8.0,2.0,8.0,0.0,0.0,0.0,2.0,2.0,3.0,1.0,0.0,0.0,0.0,0.0,1.0,5.0,8.0,37.5,37.5,100.0,0.0,0.0,0.8,0.0,0.0,9.8,4.5,22.1,0.0,0.0,11.1,18.2,
2479848,24,981227,DPES CB CIUDAD DE MOSTOLES,HOME,1178705,A. Peredo Lopez,A. Peredo Lopez,1,17.9,1075.0,0.0,0.0,1.0,0.0,3.0,0.0,4.0,0.0,0.0,0.0,5.0,5.0,0.0,0.0,0.0,0.0,0.0,1.0,0.0,0.0,6.0,0.0,0.0,75.0,0.0,0.0,0.0,0.0,0.0,31.0,14.3,0.0,0.0,0.0,0.0,10.2,
2479848,24,981227,DPES CB CIUDAD DE MOSTOLES,HOME,1222687,B. Moreno Hurtado,B. Moreno Hurtado,1,27.5,1650.0,7.0,2.0,5.0,1.0,3.0,3.0,8.0,0.0,1.0,0.0,6.0,6.0,4.0,0.0,0.0,2.0,0.0,3.0,0.0,10.0,20.0,41.5,43.8,37.5,12.5,0.8,1.0,0.0,0.0,24.2,11.2,26.3,0.0,6.8,0.0,14.0,
2479848,24,981227,DPES CB CIUDAD DE MOSTOLES,HOME,1819108,N. Gomez Cobo,N. Gomez Cobo,0,22.1,1325.0,12.0,2.0,6.0,2.0,4.0,4.0,10.0,2.0,4.0,4.0,3.0,7.0,2.0,0.0,1.0,0.0,0.0,1.0,2.0,15.0,15.0,51.0,50.0,40.0,40.0,0.7,1.5,2.0,17.2,15.1,16.2,17.2,2.2,0.0,0.0,24.3,
2479848,24,981227,DPES CB CIUDAD DE MOSTOLES,HOME,2035086,M. Gamez Martinez,M. Gamez Martinez,1,23.4,1406.0,11.0,4.0,4.0,1.0,4.0,5.0,8.0,0.0,1.0,3.0,5.0,8.0,3.0,1.0,5.0,0.0,0.0,3.0,2.0,21.0,18.0,65.2,68.8,50.0,12.5,2.0,0.8,0.5,12.2,23.7,17.5,28.3,10.6,0.0,10.6,18.5,
2479848,24,981227,DPES CB CIUDAD DE MOSTOLES,HOME,1589173,M. Correa Villalona,M. Correa Villalona,0,16.6,994.0,2.0,0.0,1.0,0.0,2.0,0.0,3.0,2.0,4.0,1.0,1.0,2.0,1.0,1.0,2.0,0.0,0.0,1.0,2.0,2.0,3.0,21.0,0.0,66.7,133.3,0.0,0.0,2.0,5.7,6.7,6.2,9.6,6.0,0.0,17.4,15.9,
2479848,24,981227,DPES CB CIUDAD DE MOSTOLES,HOME,1740994,B. Rodríguez Bazaga,B. Rodríguez Bazaga,1,17.3,1036.0,9.0,0.0,2.0,3.0,7.0,3.0,9.0,0.0,0.0,0.0,0.0,0.0,1.0,1.0,1.0,0.0,0.0,0.0,0.0,4.0,6.0,50.0,50.0,77.8,0.0,0.0,1.3,0.0,0.0,0.0,0.0,13.5,2.9,0.0,10.0,26.4,
2479848,24,981227,DPES CB CIUDAD DE MOSTOLES,HOME,1871083,A. Quesada Romero,A. Quesada Romero,0,16.6,998.0,3.0,0.0,0.0,1.0,4.0,1.0,4.0,0.0,0.0,0.0,3.0,3.0,1.0,0.0,0.0,0.0,0.0,3.0,2.0,3.0,6.0,37.5,37.5,100.0,0.0,0.0,0.8,0.0,0.0,20.1,9.3,10.6,0.0,0.0,0.0,11.0,
2479848,24,981227,DPES CB CIUDAD DE MOSTOLES,HOME,2404223,E. Abubakar Arrey,E. Abubakar Arrey,0,12.5,750.0,8.0,2.0,2.0,0.0,0.0,2.0,2.0,4.0,4.0,2.0,3.0,5.0,2.0,1.0,2.0,0.0,0.0,3.0,5.0,18.0,1.0,106.4,100.0,0.0,200.0,2.0,0.0,0.8,15.2,26.7,20.5,34.5,7.9,0.0,21.0,17.4,
2479848,24,982048,EL PLANTEL GMASB,AWAY,2819272,D. Ryzinska,D. Ryzinska,1,26.6,1593.0,4.0,2.0,4.0,0.0,1.0,2.0,5.0,0.0,0.0,0.0,2.0,2.0,2.0,1.0,0.0,0.0,1.0,3.0,1.0,2.0,-15.0,40.0,40.0,20.0,0.0,1.0,0.0,0.0,0.0,7.2,3.9,15.7,0.0,0.0,16.7,10.5,
2479848,24,982048,EL PLANTEL GMASB,AWAY,2124275,C. Villanueva Lazaro,C. Villanueva Lazaro,0,22.6,1357.0,11.0,2.0,4.0,0.0,2.0,2.0,6.0,7.0,7.0,0.0,1.0,1.0,0.0,4.0,1.0,0.0,0.0,2.0,5.0,8.0,-15.0,60.6,33.3,33.3,116.7,1.0,0.0,1.4,0.0,4.2,2.3,0.0,2.3,0.0,30.6,27.0,
2479848,24,982048,EL PLANTEL GMASB,AWAY,1974272,R. Revueltas Pareja,R. Revueltas Pareja,1,29.0,1742.0,7.0,2.0,10.0,1.0,5.0,3.0,15.0,0.0,0.0,0.0,5.0,5.0,2.0,3.0,1.0,0.0,0.0,3.0,1.0,-2.0,-13.0,23.3,23.3,33.3,0.0,0.4,0.6,0.0,0.0,16.4,8.8,17.1,1.8,0.0,16.7,28.9,
2479848,24,982048,EL PLANTEL GMASB,AWAY,2819274,O. Schlegl,O. Schlegl,0,8.2,493.0,1.0,0.0,0.0,0.0,2.0,0.0,2.0,1.0,2.0,0.0,0.0,0.0,0.0,0.0,0.0,0.0,0.0,1.0,1.0,-2.0,-8.0,17.4,0.0,100.0,100.0,0.0,0.0,2.0,0.0,0.0,0.0,0.0,0.0,0.0,0.0,16.4,
2479848,24,982048,EL PLANTEL GMASB,AWAY,2232865,M. Sanchez Valenzuela,M. Sanchez Valenzuela,1,28.0,1678.0,4.0,1.0,3.0,0.0,2.0,1.0,5.0,2.0,4.0,0.0,1.0,1.0,1.0,1.0,0.0,0.0,0.0,0.0,2.0,1.0,-11.0,29.6,20.0,40.0,80.0,0.7,0.0,2.0,0.0,3.4,1.8,7.3,0.0,0.0,12.9,12.9,
2479848,24,982048,EL PLANTEL GMASB,AWAY,2112760,M. Diaz Torres,M. Diaz Torres,0,7.1,425.0,0.0,0.0,0.0,0.0,0.0,0.0,0.0,0.0,0.0,0.0,1.0,1.0,0.0,0.0,0.0,0.0,0.0,5.0,0.0,-4.0,2.0,0.0,0.0,0.0,0.0,0.0,0.0,0.0,0.0,13.4,7.2,0.0,0.0,0.0,0.0,0.0,
2479848,24,982048,EL PLANTEL GMASB,AWAY,2307170,A. Rodriguez Romero,A. Rodriguez Romero,0,8.6,514.0,2.0,1.0,2.0,0.0,2.0,1.0,4.0,0.0,0.0,0.0,1.0,1.0,1.0,0.0,0.0,0.0,0.0,1.0,0.0,0.0,-10.0,25.0,25.0,50.0,0.0,1.0,0.0,0.0,0.0,11.1,6.0,31.2,0.0,0.0,0.0,21.7,
2479848,24,982048,EL PLANTEL GMASB,AWAY,1080472,P. Benet Edo,P. Benet Edo,1,32.4,1946.0,4.0,2.0,5.0,0.0,2.0,2.0,7.0,0.0,2.0,1.0,8.0,9.0,3.0,4.0,1.0,0.0,1.0,4.0,4.0,6.0,-17.0,25.4,28.6,28.6,28.6,0.8,0.0,0.5,3.4,23.5,14.2,20.3,1.6,0.0,33.7,17.1,
2479848,24,982048,EL PLANTEL GMASB,AWAY,2364455,T. Sene,T. Sene,0,3.7,221.0,4.0,2.0,2.0,0.0,0.0,2.0,2.0,0.0,0.0,1.0,2.0,3.0,0.0,1.0,0.0,0.0,0.0,3.0,0.0,3.0,-2.0,100.0,100.0,0.0,0.0,2.0,0.0,0.0,30.0,51.5,41.6,0.0,0.0,0.0,33.3,37.8,
2479848,24,982048,EL PLANTEL GMASB,AWAY,2746773,O. Betancourt Labrador,O. Betancourt Labrador,1,33.9,2031.0,21.0,7.0,13.0,1.0,2.0,8.0,15.0,4.0,5.0,3.0,11.0,14.0,1.0,2.0,1.0,0.0,0.0,2.0,4.0,29.0,-16.0,61.0,56.7,13.3,33.3,1.1,1.5,1.2,9.8,30.9,21.2,11.4,1.5,0.0,10.4,26.4,
2479849,24,981414,HIERROS DÍAZ EXTREMADURA MIRALVALLE,HOME,1707378,M. Pérez Castro,M. Pérez Castro,0,20.2,1212.0,4.0,1.0,4.0,0.0,1.0,1.0,5.0,2.0,2.0,0.0,3.0,3.0,0.0,2.0,0.0,0.0,0.0,1.0,2.0,2.0,-8.0,34.0,20.0,20.0,40.0,0.5,0.0,1.0,0.0,15.2,7.8,0.0,0.0,0.0,25.4,19.6,
2479849,24,981414,HIERROS DÍAZ EXTREMADURA MIRALVALLE,HOME,2818302,V. Michel,V. Michel,1,24.1,1448.0,4.0,1.0,9.0,0.0,0.0,1.0,9.0,2.0,2.0,1.0,2.0,3.0,0.0,2.0,0.0,0.0,1.0,3.0,1.0,-5.0,-10.0,20.2,11.1,0.0,22.2,0.2,0.0,2.0,4.5,8.5,6.6,0.0,0.0,0.0,16.8,24.8,
2479849,24,981414,HIERROS DÍAZ EXTREMADURA MIRALVALLE,HOME,2557107,I. Serrano Alvarez,I. Serrano Alvarez,1,30.0,1802.0,11.0,5.0,10.0,0.0,0.0,5.0,10.0,1.0,2.0,2.0,1.0,3.0,0.0,2.0,0.0,0.0,0.0,2.0,1.0,5.0,2.0,50.6,50.0,0.0,20.0,1.0,0.0,2.0,7.2,3.4,5.3,0.0,0.0,0.0,15.5,21.6,
2479849,24,981414,HIERROS DÍAZ EXTREMADURA MIRALVALLE,HOME,2734458,L. Navas Castro,L. Navas Castro,1,35.2,2110.0,9.0,3.0,12.0,0.0,2.0,3.0,14.0,3.0,4.0,0.0,4.0,4.0,9.0,4.0,1.0,0.0,1.0,2.0,5.0,10.0,-6.0,28.6,21.4,14.3,28.6,0.5,0.0,0.8,0.0,11.7,6.0,73.2,1.5,0.0,20.2,28.2,
2479849,24,981414,HIERROS DÍAZ EXTREMADURA MIRALVALLE,HOME,1724925,M. Romero Garrido,M. Romero Garrido,1,29.2,1755.0,13.0,2.0,4.0,1.0,5.0,3.0,9.0,6.0,6.0,0.0,2.0,2.0,0.0,1.0,4.0,0.0,0.0,1.0,7.0,18.0,-9.0,55.8,38.9,55.6,66.7,1.0,0.6,0.9,0.0,7.0,3.6,0.0,7.2,0.0,7.9,21.8,
2479849,24,981414,HIERROS DÍAZ EXTREMADURA MIRALVALLE,HOME,2845561,S. Brown,S. Brown,0,25.8,1550.0,2.0,1.0,2.0,0.0,0.0,1.0,2.0,0.0,0.0,0.0,6.0,6.0,0.0,0.0,1.0,0.0,0.0,0.0,2.0,10.0,-8.0,50.0,50.0,0.0,0.0,1.0,0.0,0.0,0.0,23.9,12.2,0.0,2.0,0.0,0.0,3.9,
2479849,24,981414,HIERROS DÍAZ EXTREMADURA MIRALVALLE,HOME,1529427,C. Lazaro Hernandez,C. Lazaro Hernandez,1,35.4,2123.0,14.0,2.0,4.0,1.0,2.0,3.0,6.0,7.0,8.0,0.0,7.0,7.0,1.0,3.0,3.0,0.0,0.0,3.0,5.0,20.0,-1.0,73.5,58.3,33.3,133.3,1.0,1.5,1.6,0.0,20.3,10.4,8.1,4.5,0.0,24.0,17.8,
2479849,24,981167,SEGLE XXI,AWAY,2153172,M. Cintas Diaz,M. Cintas Diaz,1,26.7,1602.0,10.0,5.0,8.0,0.0,4.0,5.0,12.0,0.0,0.0,0.0,2.0,2.0,3.0,3.0,3.0,0.0,0.0,2.0,3.0,9.0,12.0,41.7,41.7,33.3,0.0,1.2,0.0,0.0,0.0,8.1,3.9,20.5,5.9,0.0,20.0,25.1,
2479849,24,981167,SEGLE XXI,AWAY,2289362,D. Garcia Dominguez,D. Garcia Dominguez,0,18.0,1079.0,6.0,3.0,8.0,0.0,2.0,3.0,10.0,0.0,0.0,0.0,1.0,1.0,1.0,1.0,1.0,0.0,0.0,2.0,1.0,0.0,-3.0,30.0,30.0,20.0,0.0,0.8,0.0,0.0,0.0,6.0,2.9,9.1,2.9,0.0,9.1,27.3,
2479849,24,981167,SEGLE XXI,AWAY,2320695,A. Plans Bellavista,A. Plans Bellavista,0,11.6,695.0,0.0,0.0,0.0,0.0,2.0,0.0,2.0,0.0,0.0,0.0,1.0,1.0,2.0,1.0,1.0,0.0,0.0,3.0,0.0,-2.0,8.0,0.0,0.0,100.0,0.0,0.0,0.0,0.0,0.0,9.3,4.5,23.8,4.5,0.0,33.3,11.5,
2479849,24,981167,SEGLE XXI,AWAY,2448425,N. Cordón Elizarán,N. Cordón Elizarán,0,5.6,334.0,0.0,0.0,0.0,0.0,0.0,0.0,0.0,0.0,0.0,0.0,1.0,1.0,0.0,0.0,0.0,0.0,0.0,1.0,0.0,0.0,1.0,0.0,0.0,0.0,0.0,0.0,0.0,0.0,0.0,19.3,9.4,0.0,0.0,0.0,0.0,0.0,
2479849,24,981167,SEGLE XXI,AWAY,2528757,I. Garcia Fernandez,I. Garcia Fernandez,1,16.4,982.0,6.0,3.0,6.0,0.0,0.0,3.0,6.0,0.0,0.0,3.0,1.0,4.0,1.0,3.0,0.0,0.0,0.0,5.0,1.0,1.0,6.0,50.0,50.0,0.0,0.0,1.0,0.0,0.0,18.8,6.6,12.8,12.2,0.0,0.0,33.3,24.5,
2479849,24,981167,SEGLE XXI,AWAY,2196865,M. Carbó Medina,M. Carbó Medina,1,14.2,849.0,0.0,0.0,1.0,0.0,3.0,0.0,4.0,0.0,0.0,0.0,2.0,2.0,0.0,3.0,0.0,0.0,0.0,3.0,0.0,-8.0,-15.0,0.0,0.0,75.0,0.0,0.0,0.0,0.0,0.0,15.2,7.4,0.0,0.0,0.0,42.9,22.0,
2479849,24,981167,SEGLE XXI,AWAY,2528756,M. Zarzuelo Oroz,M. Zarzuelo Oroz,0,5.8,349.0,2.0,1.0,1.0,0.0,0.0,1.0,1.0,0.0,0.0,1.0,2.0,3.0,0.0,0.0,1.0,0.0,0.0,0.0,0.0,6.0,0.0,100.0,100.0,0.0,0.0,2.0,0.0,0.0,17.7,37.3,27.2,0.0,9.0,0.0,0.0,7.7,
2479849,24,981167,SEGLE XXI,AWAY,2639399,S. Okafor Ofoegbu,S. Okafor Ofoegbu,0,27.5,1649.0,11.0,3.0,9.0,1.0,5.0,4.0,14.0,2.0,2.0,1.0,5.0,6.0,1.0,0.0,0.0,0.0,0.0,1.0,2.0,9.0,9.0,37.0,32.1,35.7,14.3,0.7,0.6,1.0,3.7,19.7,11.5,6.4,0.0,0.0,0.0,24.1,
2479849,24,981167,SEGLE XXI,AWAY,2454402,S. Fernandez De Cuevas Martinez,S. Fernandez De Cuevas Martinez,1,29.9,1796.0,12.0,3.0,8.0,2.0,4.0,5.0,12.0,0.0,0.0,4.0,4.0,8.0,1.0,1.0,1.0,0.0,0.0,2.0,1.0,13.0,5.0,50.0,50.0,33.3,0.0,0.8,1.5,0.0,13.7,14.5,14.1,6.8,1.7,0.0,7.7,19.4,
2479849,24,981167,SEGLE XXI,AWAY,2229661,B. Asensio Senosiáin,B. Asensio Senosiáin,0,22.9,1373.0,13.0,4.0,6.0,1.0,1.0,5.0,7.0,2.0,2.0,2.0,7.0,9.0,0.0,1.0,2.0,0.0,0.0,2.0,1.0,20.0,12.0,82.5,78.6,14.3,28.6,1.3,3.0,2.0,9.0,33.0,20.7,0.0,4.6,0.0,11.3,17.3,
2479849,24,981167,SEGLE XXI,AWAY,2461439,A. Smykovskaia,A. Smykovskaia,1,21.5,1292.0,5.0,2.0,5.0,0.0,0.0,2.0,5.0,1.0,2.0,3.0,8.0,11.0,0.0,1.0,0.0,2.0,0.0,2.0,3.0,14.0,5.0,42.5,40.0,0.0,40.0,0.8,0.0,0.7,14.3,40.2,26.9,0.0,0.0,8.3,14.5,14.3,
2479850,24,981212,ELSAMEX CB ANDRATX,HOME,2553411,N. Jeng,N. Jeng,0,10.2,611.0,4.0,1.0,4.0,0.0,0.0,1.0,4.0,2.0,2.0,1.0,3.0,4.0,0.0,0.0,1.0,0.0,1.0,1.0,1.0,6.0,-15.0,41.0,25.0,0.0,50.0,0.5,0.0,2.0,9.1,40.6,21.8,0.0,5.3,0.0,0.0,23.5,
2479850,24,981212,ELSAMEX CB ANDRATX,HOME,1461086,P. Comella Pons,P. Comella Pons,1,31.4,1882.0,5.0,2.0,8.0,0.0,2.0,2.0,10.0,1.0,2.0,0.0,1.0,1.0,1.0,4.0,0.0,0.0,0.0,1.0,3.0,-4.0,-13.0,23.0,20.0,20.0,20.0,0.5,0.0,0.7,0.0,4.4,1.8,8.6,0.0,0.0,26.9,23.2,
2479850,24,981212,ELSAMEX CB ANDRATX,HOME,2036170,A. Peregrina Garcia,A. Peregrina Garcia,1,25.2,1514.0,18.0,2.0,4.0,4.0,4.0,6.0,8.0,2.0,3.0,0.0,3.0,3.0,0.0,1.0,1.0,0.0,0.0,1.0,5.0,22.0,-10.0,96.6,100.0,50.0,37.5,1.0,3.0,0.6,0.0,16.4,6.6,0.0,2.1,0.0,9.7,20.1,
2479850,24,981212,ELSAMEX CB ANDRATX,HOME,1762758,P. Charro Och,P. Charro Och,1,16.6,993.0,6.0,0.0,5.0,2.0,5.0,2.0,10.0,0.0,0.0,1.0,1.0,2.0,0.0,3.0,1.0,0.0,0.0,2.0,0.0,-4.0,3.0,30.0,30.0,50.0,0.0,0.0,1.2,0.0,5.6,8.3,6.7,0.0,3.3,0.0,23.1,38.4,
2479850,24,981212,ELSAMEX CB ANDRATX,HOME,1579078,H. Condom Rosell,H. Condom Rosell,1,16.3,979.0,0.0,0.0,3.0,0.0,0.0,0.0,3.0,0.0,2.0,4.0,1.0,5.0,1.0,0.0,0.0,0.0,0.0,0.0,1.0,2.0,3.0,0.0,0.0,0.0,66.7,0.0,0.0,2.0,22.8,8.5,17.0,14.7,0.0,0.0,0.0,11.7,
2479850,24,981212,ELSAMEX CB ANDRATX,HOME,2148958,M. López Martí,M. López Martí,0,22.1,1323.0,2.0,1.0,4.0,0.0,0.0,1.0,4.0,0.0,2.0,0.0,1.0,1.0,0.0,0.0,2.0,0.0,0.0,1.0,1.0,0.0,-15.0,20.5,25.0,0.0,50.0,0.5,0.0,2.0,0.0,6.2,2.5,0.0,4.9,0.0,0.0,10.8,
2479850,24,981212,ELSAMEX CB ANDRATX,HOME,2120195,A. Real Cerda,A. Real Cerda,0,8.8,531.0,0.0,0.0,0.0,0.0,0.0,0.0,0.0,0.0,0.0,0.0,1.0,1.0,1.0,1.0,0.0,0.0,0.0,2.0,0.0,-1.0,-3.0,0.0,0.0,0.0,0.0,0.0,0.0,0.0,0.0,15.7,6.3,29.4,0.0,0.0,100.0,5.6,
2479850,24,981212,ELSAMEX CB ANDRATX,HOME,2276474,L. García Rivera,L. García Rivera,0,15.9,957.0,4.0,2.0,6.0,0.0,1.0,2.0,7.0,0.0,3.0,0.0,0.0,0.0,0.0,1.0,2.0,0.0,0.0,1.0,2.0,-2.0,-7.0,24.0,28.6,14.3,42.9,0.7,0.0,1.5,0.0,0.0,0.0,0.0,6.8,0.0,10.7,28.7,
2479850,24,981212,ELSAMEX CB ANDRATX,HOME,2043611,J. Ballester Manque,J. Ballester Manque,0,13.2,793.0,0.0,0.0,2.0,0.0,0.0,0.0,2.0,0.0,0.0,0.0,1.0,1.0,0.0,2.0,0.0,0.0,0.0,3.0,0.0,-6.0,-8.0,0.0,0.0,0.0,0.0,0.0,0.0,0.0,0.0,10.4,4.2,0.0,0.0,0.0,50.0,14.9,
2479850,24,981212,ELSAMEX CB ANDRATX,HOME,2294809,P. Sans Cantallops,P. Sans Cantallops,1,28.8,1729.0,12.0,2.0,5.0,0.0,2.0,2.0,7.0,8.0,10.0,1.0,4.0,5.0,2.0,1.0,2.0,0.0,0.0,3.0,6.0,16.0,-3.0,52.6,28.6,28.6,142.9,0.8,0.0,1.7,3.2,19.2,9.6,20.2,3.8,0.0,8.1,21.1,
2479850,24,981212,ELSAMEX CB ANDRATX,HOME,2820516,L. Stenta,L. Stenta,0,11.5,688.0,3.0,0.0,2.0,1.0,1.0,1.0,3.0,0.0,0.0,0.0,3.0,3.0,0.0,0.0,1.0,0.0,1.0,1.0,0.0,4.0,-7.0,50.0,50.0,33.3,0.0,0.0,3.0,0.0,0.0,36.0,14.5,0.0,4.7,0.0,0.0,12.8,
2479850,24,979775,BASKET ALMEDA,AWAY,2355761,N. Bernal Ibarria,N. Bernal Ibarria,0,18.9,1133.0,3.0,1.0,3.0,0.0,0.0,1.0,3.0,1.0,2.0,1.0,5.0,6.0,2.0,2.0,1.0,0.0,0.0,1.0,1.0,7.0,2.0,38.7,33.3,0.0,66.7,0.7,0.0,2.0,7.3,24.6,17.6,16.0,2.8,0.0,34.0,14.8,
2479850,24,979775,BASKET ALMEDA,AWAY,1929994,M. Garcia Menéndez,M. Garcia Menéndez,0,21.3,1280.0,9.0,3.0,8.0,1.0,2.0,4.0,10.0,0.0,0.0,2.0,4.0,6.0,1.0,2.0,0.0,0.0,0.0,4.0,1.0,5.0,23.0,45.0,45.0,20.0,0.0,0.8,1.5,0.0,13.0,17.5,15.6,10.5,0.0,0.0,16.7,26.8,
2479850,24,979775,BASKET ALMEDA,AWAY,2219057,I. Homs Fatjo,I. Homs Fatjo,0,14.1,848.0,5.0,1.0,1.0,1.0,1.0,2.0,2.0,0.0,0.0,0.0,2.0,2.0,1.0,1.0,0.0,0.0,0.0,2.0,0.0,5.0,15.0,125.0,125.0,50.0,0.0,2.0,3.0,0.0,0.0,13.2,7.9,11.4,0.0,0.0,33.3,10.1,
2479850,24,979775,BASKET ALMEDA,AWAY,1893303,L. Tierno Martí,L. Tierno Martí,0,25.1,1508.0,13.0,4.0,6.0,1.0,3.0,5.0,9.0,2.0,4.0,0.0,4.0,4.0,2.0,4.0,2.0,0.0,0.0,2.0,3.0,12.0,21.0,60.4,61.1,33.3,44.4,1.3,1.0,1.3,0.0,14.8,8.9,17.9,4.3,0.0,27.1,28.0,
2479850,24,979775,BASKET ALMEDA,AWAY,1398197,C. Tapia Palacio,C. Tapia Palacio,1,29.0,1741.0,6.0,1.0,2.0,1.0,3.0,2.0,5.0,1.0,2.0,1.0,2.0,3.0,2.0,0.0,2.0,0.0,0.0,2.0,3.0,10.0,1.0,51.0,50.0,60.0,40.0,1.0,1.0,0.7,4.8,6.4,5.7,11.8,3.7,0.0,0.0,9.7,
2479850,24,979775,BASKET ALMEDA,AWAY,2157230,L. Jove Fuste,L. Jove Fuste,1,14.9,892.0,5.0,1.0,2.0,1.0,3.0,2.0,5.0,0.0,0.0,0.0,1.0,1.0,0.0,2.0,1.0,0.0,0.0,1.0,0.0,1.0,-6.0,50.0,50.0,60.0,0.0,1.0,1.0,0.0,0.0,6.2,3.7,0.0,3.6,0.0,28.6,22.4,
2479850,24,979775,BASKET ALMEDA,AWAY,2216044,J. Masa Carne,J. Masa Carne,0,3.7,221.0,2.0,1.0,3.0,0.0,0.0,1.0,3.0,0.0,0.0,0.0,0.0,0.0,0.0,1.0,0.0,0.0,0.0,0.0,0.0,-1.0,-6.0,33.3,33.3,0.0,0.0,0.7,0.0,0.0,0.0,0.0,0.0,0.0,0.0,0.0,25.0,51.5,
2479850,24,979775,BASKET ALMEDA,AWAY,2054903,A. Cojocariu,A. Cojocariu,1,29.4,1762.0,14.0,3.0,9.0,2.0,6.0,5.0,15.0,2.0,4.0,2.0,10.0,12.0,1.0,1.0,1.0,2.0,0.0,3.0,5.0,19.0,1.0,41.8,40.0,40.0,26.7,0.7,1.0,0.8,9.4,31.6,22.7,7.2,1.8,6.3,5.6,28.8,
2479850,24,979775,BASKET ALMEDA,AWAY,2147731,D. Peris Fons,D. Peris Fons,1,24.0,1439.0,8.0,3.0,5.0,0.0,0.0,3.0,5.0,2.0,4.0,4.0,4.0,8.0,0.0,1.0,0.0,0.0,0.0,1.0,2.0,12.0,14.0,59.2,60.0,0.0,80.0,1.2,0.0,2.0,23.0,15.5,18.5,0.0,0.0,0.0,12.9,15.4,
2479850,24,979775,BASKET ALMEDA,AWAY,2440587,M. Coll-Vinent Olle,M. Coll-Vinent Olle,1,19.6,1176.0,4.0,2.0,3.0,0.0,2.0,2.0,5.0,0.0,0.0,0.0,4.0,4.0,1.0,1.0,4.0,0.0,0.0,3.0,1.0,7.0,10.0,40.0,40.0,40.0,0.0,1.3,0.0,0.0,0.0,19.0,11.3,8.7,10.9,0.0,16.7,14.6,
2479851,25,981212,ELSAMEX CB ANDRATX,HOME,2553411,,N. Jeng,0,10.7,640.0,0.0,0.0,2.0,0.0,2.0,0.0,4.0,0.0,0.0,1.0,1.0,2.0,0.0,1.0,0.0,0.0,0.0,1.0,1.0,-3.0,1.0,0.0,0.0,50.0,0.0,0.0,0.0,0.0,8.7,10.7,9.6,0.0,0.0,0.0,20.0,20.8,
2479851,25,981212,ELSAMEX CB ANDRATX,HOME,1461086,,P. Comella Pons,1,33.7,2022.0,7.0,2.0,8.0,0.0,3.0,2.0,11.0,3.0,4.0,1.0,3.0,4.0,0.0,2.0,1.0,1.0,0.0,2.0,3.0,2.0,-22.0,27.4,18.2,27.3,36.4,0.5,0.0,1.3,2.8,10.2,6.1,0.0,1.5,3.0,13.6,19.5,
2479851,25,981212,ELSAMEX CB ANDRATX,HOME,2036170,,A. Peregrina Garcia,0,25.5,1529.0,20.0,1.0,3.0,4.0,5.0,5.0,8.0,6.0,10.0,0.0,2.0,2.0,2.0,2.0,3.0,0.0,0.0,0.0,6.0,24.0,-4.0,80.6,87.5,62.5,125.0,0.7,2.4,1.7,0.0,9.0,4.0,22.7,5.8,0.0,13.9,25.2,
2479851,25,981212,ELSAMEX CB ANDRATX,HOME,1489116,,B. Gual Castillo,1,29.6,1779.0,12.0,1.0,1.0,3.0,15.0,4.0,16.0,1.0,2.0,0.0,4.0,4.0,4.0,0.0,0.0,0.0,0.0,1.0,3.0,9.0,-13.0,35.5,34.4,93.8,12.5,2.0,0.6,0.7,0.0,15.4,6.9,33.1,0.0,0.0,0.0,25.4,
2479851,25,981212,ELSAMEX CB ANDRATX,HOME,2445801,A. Colomar Carreras,A. Colomar Carreras,0,4.4,262.0,2.0,1.0,1.0,0.0,0.0,1.0,1.0,0.0,0.0,0.0,0.0,0.0,0.0,1.0,0.0,0.0,0.0,2.0,0.0,-1.0,-1.0,100.0,100.0,0.0,0.0,2.0,0.0,0.0,0.0,0.0,0.0,0.0,0.0,0.0,50.0,20.3,
2479851,25,981212,ELSAMEX CB ANDRATX,HOME,1579078,,H. Condom Rosell,1,26.5,1588.0,4.0,2.0,9.0,0.0,2.0,2.0,11.0,0.0,0.0,3.0,2.0,5.0,5.0,1.0,2.0,0.0,1.0,3.0,1.0,4.0,-15.0,18.2,18.2,18.2,0.0,0.4,0.0,0.0,10.5,8.6,9.7,35.5,3.7,0.0,8.3,20.2,
2479851,25,981212,ELSAMEX CB ANDRATX,HOME,2148958,,M. López Martí,1,21.4,1287.0,2.0,1.0,2.0,0.0,0.0,1.0,2.0,0.0,0.0,2.0,5.0,7.0,3.0,2.0,1.0,0.0,0.0,1.0,1.0,10.0,-16.0,50.0,50.0,0.0,0.0,1.0,0.0,0.0,8.7,26.7,16.8,28.6,2.3,0.0,50.0,8.3,
2479851,25,981212,ELSAMEX CB ANDRATX,HOME,2120195,,A. Real Cerda,0,6.3,376.0,2.0,1.0,2.0,0.0,1.0,1.0,3.0,0.0,2.0,1.0,0.0,1.0,0.0,0.0,0.0,0.0,0.0,2.0,2.0,-1.0,2.0,25.8,33.3,33.3,66.7,1.0,0.0,1.0,14.8,0.0,8.1,0.0,0.0,0.0,0.0,27.5,
2479851,25,981212,ELSAMEX CB ANDRATX,HOME,2276474,,L. García Rivera,1,28.7,1724.0,8.0,3.0,5.0,0.0,0.0,3.0,5.0,2.0,4.0,2.0,0.0,2.0,3.0,1.0,2.0,0.0,0.0,2.0,3.0,11.0,-7.0,59.2,60.0,0.0,80.0,1.2,0.0,1.3,6.5,0.0,3.6,22.9,3.4,0.0,12.9,12.1,
2479851,25,981212,ELSAMEX CB ANDRATX,HOME,2294809,,P. Sans Cantallops,0,10.3,621.0,8.0,1.0,1.0,2.0,4.0,3.0,5.0,0.0,0.0,0.0,2.0,2.0,1.0,2.0,1.0,0.0,0.0,3.0,0.0,5.0,-3.0,80.0,80.0,80.0,0.0,2.0,1.5,0.0,0.0,22.2,10.0,25.6,4.7,0.0,28.6,30.3,
2479851,25,981212,ELSAMEX CB ANDRATX,HOME,2820516,,L. Stenta,0,2.9,172.0,3.0,0.0,0.0,1.0,1.0,1.0,1.0,0.0,0.0,0.0,0.0,0.0,0.0,1.0,0.0,0.0,0.0,0.0,0.0,2.0,-2.0,150.0,150.0,100.0,0.0,0.0,3.0,0.0,0.0,0.0,0.0,0.0,0.0,0.0,50.0,30.8,
2479851,25,979892,C. B. ISLA BONITA,AWAY,1131087,,B. Armengol Vall,1,29.7,1780.0,13.0,3.0,6.0,1.0,5.0,4.0,11.0,4.0,5.0,1.0,5.0,6.0,7.0,1.0,1.0,0.0,1.0,2.0,3.0,19.0,8.0,49.2,40.9,45.5,45.5,1.0,0.6,1.7,3.8,15.7,10.4,38.0,1.7,0.0,7.0,19.6,
2479851,25,979892,C. B. ISLA BONITA,AWAY,1870487,,T. Gonzalez Soto,0,16.4,984.0,10.0,2.0,2.0,2.0,4.0,4.0,6.0,0.0,0.0,1.0,4.0,5.0,0.0,1.0,1.0,0.0,0.0,2.0,0.0,11.0,5.0,83.3,83.3,66.7,0.0,2.0,1.5,0.0,7.0,22.7,15.6,0.0,3.1,0.0,14.3,17.5,
2479851,25,979892,C. B. ISLA BONITA,AWAY,1853281,,I. Bautista Villaverde,1,22.5,1350.0,9.0,0.0,1.0,3.0,10.0,3.0,11.0,0.0,0.0,1.0,2.0,3.0,1.0,3.0,1.0,0.0,0.0,1.0,0.0,2.0,7.0,40.9,40.9,90.9,0.0,0.0,0.9,0.0,5.1,8.3,6.8,6.2,2.2,0.0,21.4,25.4,
2479851,25,979892,C. B. ISLA BONITA,AWAY,2816643,,E. Motekaitytè,1,27.7,1661.0,12.0,3.0,8.0,1.0,4.0,4.0,12.0,3.0,4.0,6.0,6.0,12.0,1.0,4.0,0.0,0.0,0.0,1.0,4.0,15.0,11.0,43.6,37.5,33.3,33.3,0.8,0.8,1.0,24.8,20.1,22.2,5.4,0.0,0.0,22.5,26.2,
2479851,25,979892,C. B. ISLA BONITA,AWAY,2171960,,M. Colom Elosúa,1,21.4,1285.0,4.0,2.0,3.0,0.0,2.0,2.0,5.0,0.0,0.0,1.0,3.0,4.0,3.0,2.0,0.0,0.0,0.0,3.0,0.0,3.0,7.0,40.0,40.0,40.0,0.0,1.3,0.0,0.0,5.3,13.0,9.6,21.4,0.0,0.0,28.6,13.4,
2479851,25,979892,C. B. ISLA BONITA,AWAY,2524874,,M. Vulovic,1,22.0,1319.0,19.0,8.0,10.0,0.0,0.0,8.0,10.0,3.0,4.0,2.0,4.0,6.0,1.0,3.0,0.0,0.0,0.0,3.0,2.0,19.0,10.0,80.8,80.0,0.0,40.0,1.6,0.0,2.0,10.4,16.9,14.0,8.9,0.0,0.0,20.3,27.4,
2479851,25,979892,C. B. ISLA BONITA,AWAY,1471341,,M. Rosales Elejabeita,0,23.4,1406.0,7.0,3.0,5.0,0.0,0.0,3.0,5.0,1.0,4.0,1.0,4.0,5.0,6.0,3.0,1.0,0.0,0.0,2.0,4.0,13.0,12.0,51.8,60.0,0.0,80.0,1.2,0.0,1.0,4.9,15.9,11.0,37.0,2.1,0.0,30.7,17.1,
2479851,25,979892,C. B. ISLA BONITA,AWAY,1372464,,M. Carballo Diaz,0,20.5,1231.0,5.0,2.0,2.0,0.0,3.0,2.0,5.0,1.0,1.0,0.0,1.0,1.0,3.0,2.0,1.0,0.0,0.0,1.0,1.0,5.0,11.0,46.0,40.0,60.0,20.0,2.0,0.0,1.0,0.0,4.5,2.5,21.4,2.4,0.0,26.9,14.8,
2479851,25,979892,C. B. ISLA BONITA,AWAY,2816642,,N. Cunill Peña,0,16.4,984.0,5.0,2.0,3.0,0.0,0.0,2.0,3.0,1.0,2.0,3.0,4.0,7.0,3.0,2.0,1.0,1.0,0.0,5.0,3.0,11.0,9.0,64.4,66.7,0.0,66.7,1.3,0.0,0.7,20.9,22.7,21.9,27.8,3.1,7.2,34.0,14.7,
2479852,25,979775,BASKET ALMEDA,HOME,2355761,,N. Bernal Ibarria,0,23.9,1432.0,8.0,4.0,7.0,0.0,0.0,4.0,7.0,0.0,0.0,6.0,5.0,11.0,2.0,2.0,0.0,0.0,0.0,2.0,0.0,14.0,0.0,57.1,57.1,0.0,0.0,1.1,0.0,0.0,28.7,20.4,24.2,35.7,0.0,0.0,22.2,17.3,
2479852,25,979775,BASKET ALMEDA,HOME,1929994,,M. Garcia Menéndez,0,22.0,1320.0,8.0,2.0,5.0,0.0,3.0,2.0,8.0,4.0,8.0,2.0,3.0,5.0,2.0,2.0,1.0,0.0,0.0,1.0,5.0,8.0,1.0,34.7,25.0,37.5,100.0,0.8,0.0,1.6,10.4,13.3,12.0,26.3,2.6,0.0,14.8,28.2,
2479852,25,979775,BASKET ALMEDA,HOME,2219057,,I. Homs Fatjo,0,18.2,1091.0,0.0,0.0,4.0,0.0,3.0,0.0,7.0,0.0,0.0,0.0,3.0,3.0,0.0,1.0,0.0,0.0,0.0,0.0,2.0,-3.0,3.0,0.0,0.0,42.9,0.0,0.0,0.0,0.0,0.0,16.1,8.7,0.0,0.0,0.0,12.5,20.2,
2479852,25,979775,BASKET ALMEDA,HOME,1893303,,L. Tierno Martí,1,28.7,1720.0,11.0,2.0,2.0,1.0,5.0,3.0,7.0,4.0,4.0,0.0,6.0,6.0,3.0,2.0,0.0,0.0,0.0,4.0,5.0,15.0,8.0,62.8,50.0,71.4,57.1,2.0,0.6,0.8,0.0,20.4,11.0,36.6,0.0,0.0,18.6,17.2,
2479852,25,979775,BASKET ALMEDA,HOME,1398197,,C. Tapia Palacio,1,20.8,1249.0,6.0,2.0,2.0,0.0,2.0,2.0,4.0,2.0,4.0,0.0,4.0,4.0,1.0,2.0,0.0,0.0,0.0,0.0,3.0,8.0,9.0,52.1,50.0,50.0,100.0,2.0,0.0,1.3,0.0,18.8,10.1,16.7,0.0,0.0,25.8,17.1,
2479852,25,979775,BASKET ALMEDA,HOME,2157230,,L. Jove Fuste,0,14.2,850.0,0.0,0.0,2.0,0.0,0.0,0.0,2.0,0.0,0.0,0.0,1.0,1.0,0.0,3.0,1.0,0.0,0.0,4.0,2.0,-5.0,-3.0,0.0,0.0,0.0,0.0,0.0,0.0,0.0,0.0,6.9,3.7,0.0,4.0,0.0,60.0,16.2,
2479852,25,979775,BASKET ALMEDA,HOME,2374351,B. Tost Sanchez,B. Tost Sanchez,0,0.1,8.0,0.0,0.0,0.0,0.0,1.0,0.0,1.0,0.0,0.0,0.0,0.0,0.0,0.0,0.0,0.0,0.0,0.0,0.0,0.0,-1.0,0.0,0.0,0.0,100.0,0.0,0.0,0.0,0.0,0.0,0.0,0.0,0.0,0.0,0.0,0.0,459.1,
2479852,25,979775,BASKET ALMEDA,HOME,2216044,,J. Masa Carne,0,6.9,415.0,3.0,1.0,2.0,0.0,1.0,1.0,3.0,1.0,2.0,1.0,1.0,2.0,1.0,0.0,1.0,0.0,0.0,0.0,1.0,5.0,6.0,38.7,33.3,33.3,66.7,1.0,0.0,2.0,16.6,14.1,15.3,45.5,8.3,0.0,0.0,25.8,
2479852,25,979775,BASKET ALMEDA,HOME,2054903,,A. Cojocariu,1,17.5,1049.0,0.0,0.0,3.0,0.0,1.0,0.0,4.0,0.0,0.0,0.0,4.0,4.0,1.0,3.0,0.0,0.0,0.0,4.0,2.0,-4.0,-4.0,0.0,0.0,25.0,0.0,0.0,0.0,0.0,0.0,22.3,12.0,15.6,0.0,0.0,42.9,18.4,
2479852,25,979775,BASKET ALMEDA,HOME,2147731,,D. Peris Fons,1,16.1,968.0,2.0,0.0,4.0,0.0,0.0,0.0,4.0,2.0,2.0,5.0,4.0,9.0,0.0,1.0,0.0,1.0,0.0,3.0,1.0,5.0,8.0,20.5,0.0,0.0,50.0,0.0,0.0,2.0,35.5,24.2,29.4,0.0,0.0,5.6,17.0,16.8,
2479852,25,979775,BASKET ALMEDA,HOME,2440587,,M. Coll-Vinent Olle,1,31.6,1898.0,12.0,2.0,8.0,2.0,3.0,4.0,11.0,2.0,3.0,1.0,5.0,6.0,1.0,3.0,1.0,1.0,0.0,3.0,3.0,10.0,12.0,48.7,45.5,27.3,27.3,0.5,2.0,1.0,3.6,15.4,10.0,11.4,1.8,2.9,19.6,22.3,
2479852,25,981414,HIERROS DÍAZ EXTREMADURA MIRALVALLE,AWAY,1707378,,M. Pérez Castro,0,23.6,1419.0,2.0,1.0,5.0,0.0,2.0,1.0,7.0,0.0,2.0,1.0,0.0,1.0,0.0,2.0,1.0,0.0,1.0,4.0,1.0,-9.0,0.0,12.7,14.3,28.6,28.6,0.4,0.0,2.0,4.1,0.0,2.2,0.0,2.4,0.0,20.2,22.4,
2479852,25,981414,HIERROS DÍAZ EXTREMADURA MIRALVALLE,AWAY,2818302,,V. Michel,1,11.8,706.0,1.0,0.0,3.0,0.0,0.0,0.0,3.0,1.0,2.0,3.0,0.0,3.0,0.0,1.0,0.0,0.0,1.0,1.0,1.0,-1.0,-13.0,12.9,0.0,0.0,66.7,0.0,0.0,2.0,24.8,0.0,13.4,0.0,0.0,0.0,20.5,22.1,
2479852,25,981414,HIERROS DÍAZ EXTREMADURA MIRALVALLE,AWAY,2557107,,I. Serrano Alvarez,0,17.4,1046.0,7.0,3.0,4.0,0.0,0.0,3.0,4.0,1.0,4.0,1.0,2.0,3.0,0.0,2.0,1.0,0.0,0.0,2.0,2.0,5.0,-5.0,60.8,75.0,0.0,100.0,1.5,0.0,2.0,5.6,13.1,9.1,0.0,3.2,0.0,25.8,23.8,
2479852,25,981414,HIERROS DÍAZ EXTREMADURA MIRALVALLE,AWAY,2734458,,L. Navas Castro,1,23.3,1397.0,4.0,1.0,7.0,0.0,1.0,1.0,8.0,2.0,2.0,0.0,3.0,3.0,2.0,1.0,0.0,0.0,0.0,3.0,1.0,-1.0,-8.0,22.5,12.5,12.5,25.0,0.3,0.0,2.0,0.0,14.7,6.8,27.0,0.0,0.0,10.1,22.7,
2479852,25,981414,HIERROS DÍAZ EXTREMADURA MIRALVALLE,AWAY,2374942,N. Zurita García,N. Zurita García,0,2.2,134.0,0.0,0.0,0.0,0.0,0.0,0.0,0.0,0.0,0.0,0.0,0.0,0.0,0.0,0.0,0.0,0.0,0.0,1.0,0.0,-1.0,0.0,0.0,0.0,0.0,0.0,0.0,0.0,0.0,0.0,0.0,0.0,0.0,0.0,0.0,0.0,0.0,
2479852,25,981414,HIERROS DÍAZ EXTREMADURA MIRALVALLE,AWAY,1724925,,M. Romero Garrido,1,31.7,1903.0,6.0,2.0,2.0,0.0,2.0,2.0,4.0,2.0,2.0,0.0,5.0,5.0,1.0,2.0,3.0,0.0,0.0,3.0,3.0,11.0,0.0,61.5,50.0,50.0,50.0,2.0,0.0,0.7,0.0,18.0,8.3,10.9,5.2,0.0,29.1,11.6,
2479852,25,981414,HIERROS DÍAZ EXTREMADURA MIRALVALLE,AWAY,2566363,,P. Laurenson Cheynel,0,28.3,1699.0,5.0,2.0,7.0,0.0,0.0,2.0,7.0,1.0,2.0,0.0,2.0,2.0,2.0,1.0,0.0,0.0,0.0,3.0,5.0,4.0,-1.0,31.7,28.6,0.0,28.6,0.6,0.0,0.4,0.0,8.1,3.7,25.6,0.0,0.0,11.3,16.8,
2479852,25,981414,HIERROS DÍAZ EXTREMADURA MIRALVALLE,AWAY,2845561,,S. Brown,1,30.4,1821.0,7.0,2.0,11.0,1.0,3.0,3.0,14.0,0.0,1.0,0.0,7.0,7.0,0.0,0.0,1.0,0.0,0.0,2.0,3.0,4.0,-9.0,24.2,25.0,21.4,7.1,0.4,1.0,0.3,0.0,26.3,12.1,0.0,1.8,0.0,0.0,25.4,
2479852,25,981414,HIERROS DÍAZ EXTREMADURA MIRALVALLE,AWAY,1529427,,C. Lazaro Hernandez,1,31.2,1875.0,10.0,1.0,5.0,1.0,4.0,2.0,9.0,5.0,5.0,0.0,1.0,1.0,0.0,1.0,4.0,0.0,0.0,5.0,5.0,7.0,-4.0,44.6,27.8,44.4,55.6,0.4,0.8,1.0,0.0,3.7,1.7,0.0,7.1,0.0,8.2,20.9,
2479853,25,981167,SEGLE XXI,HOME,2494280,N. Salgado Gorostiaga,N. Salgado Gorostiaga,0,7.4,446.0,3.0,0.0,1.0,1.0,3.0,1.0,4.0,0.0,0.0,0.0,1.0,1.0,1.0,2.0,0.0,0.0,0.0,0.0,1.0,1.0,3.0,37.5,37.5,75.0,0.0,0.0,1.0,0.0,0.0,16.4,7.6,23.8,0.0,0.0,33.3,32.0,
2479853,25,981167,SEGLE XXI,HOME,2153172,,M. Cintas Diaz,1,27.7,1660.0,15.0,4.0,6.0,2.0,3.0,6.0,9.0,1.0,2.0,0.0,2.0,2.0,4.0,3.0,0.0,0.0,0.0,2.0,2.0,14.0,15.0,75.9,77.8,33.3,22.2,1.3,2.0,1.0,0.0,8.8,4.1,32.8,0.0,0.0,23.3,18.3,
2479853,25,981167,SEGLE XXI,HOME,2289362,,D. Garcia Dominguez,0,18.8,1126.0,9.0,2.0,2.0,1.0,3.0,3.0,5.0,2.0,2.0,1.0,5.0,6.0,2.0,1.0,0.0,0.0,0.0,2.0,1.0,13.0,12.0,76.5,70.0,60.0,40.0,2.0,1.0,2.0,5.6,32.2,18.0,20.0,0.0,0.0,14.5,14.4,
2479853,25,981167,SEGLE XXI,HOME,2320695,,A. Plans Bellavista,0,18.8,1125.0,3.0,1.0,3.0,0.0,1.0,1.0,4.0,1.0,2.0,2.0,1.0,3.0,0.0,3.0,0.0,0.0,0.0,5.0,1.0,-5.0,5.0,30.7,25.0,25.0,50.0,0.7,0.0,2.0,11.2,6.4,9.0,0.0,0.0,0.0,38.1,16.5,
2479853,25,981167,SEGLE XXI,HOME,2448425,,N. Cordón Elizarán,0,12.6,755.0,7.0,3.0,4.0,0.0,0.0,3.0,4.0,1.0,2.0,0.0,6.0,6.0,0.0,0.0,0.0,0.0,0.0,1.0,2.0,12.0,13.0,71.7,75.0,0.0,50.0,1.5,0.0,1.0,0.0,57.7,26.8,0.0,0.0,0.0,0.0,15.3,
2479853,25,981167,SEGLE XXI,HOME,2528757,,I. Garcia Fernandez,1,16.2,971.0,4.0,2.0,3.0,0.0,0.0,2.0,3.0,0.0,0.0,0.0,3.0,3.0,1.0,1.0,2.0,0.0,0.0,3.0,0.0,5.0,16.0,66.7,66.7,0.0,0.0,1.3,0.0,0.0,0.0,22.4,10.4,11.9,6.2,0.0,25.0,9.7,
2479853,25,981167,SEGLE XXI,HOME,2461676,M. Termens Fernandes,M. Termens Fernandes,0,2.6,157.0,0.0,0.0,1.0,0.0,0.0,0.0,1.0,0.0,0.0,0.0,0.0,0.0,0.0,0.0,0.0,0.0,0.0,1.0,0.0,-2.0,1.0,0.0,0.0,0.0,0.0,0.0,0.0,0.0,0.0,0.0,0.0,0.0,0.0,0.0,0.0,15.2,
2479853,25,981167,SEGLE XXI,HOME,2196865,,M. Carbó Medina,1,21.0,1258.0,8.0,2.0,7.0,1.0,5.0,3.0,12.0,1.0,1.0,3.0,3.0,6.0,1.0,4.0,0.0,1.0,2.0,3.0,1.0,1.0,10.0,32.2,29.2,41.7,8.3,0.6,0.6,1.0,15.0,17.3,16.1,10.0,0.0,5.0,24.3,30.9,
2479853,25,981167,SEGLE XXI,HOME,2639399,,S. Okafor Ofoegbu,0,25.6,1538.0,13.0,2.0,9.0,1.0,3.0,3.0,12.0,6.0,8.0,0.0,5.0,5.0,3.0,1.0,3.0,0.0,0.0,3.0,4.0,13.0,13.0,41.9,29.2,25.0,66.7,0.4,1.0,2.0,0.0,23.7,11.0,23.8,5.9,0.0,6.1,25.4,
2479853,25,981167,SEGLE XXI,HOME,2454402,,S. Fernandez De Cuevas Martinez,1,9.0,542.0,3.0,1.0,1.0,0.0,1.0,1.0,2.0,1.0,1.0,2.0,0.0,2.0,1.0,1.0,1.0,0.0,0.0,0.0,1.0,6.0,4.0,61.5,50.0,50.0,50.0,2.0,0.0,1.0,23.4,0.0,12.5,23.8,5.6,0.0,29.1,15.1,
2479853,25,981167,SEGLE XXI,HOME,2357204,,B. Ajisebutu Casas,0,13.2,791.0,0.0,0.0,3.0,0.0,0.0,0.0,3.0,0.0,0.0,2.0,1.0,3.0,0.0,0.0,2.0,0.0,0.0,1.0,0.0,1.0,14.0,0.0,0.0,0.0,0.0,0.0,0.0,0.0,15.9,9.2,12.8,0.0,7.6,0.0,0.0,9.0,
2479853,25,981167,SEGLE XXI,HOME,2461439,,A. Smykovskaia,1,27.2,1631.0,8.0,3.0,11.0,0.0,0.0,3.0,11.0,2.0,8.0,8.0,5.0,13.0,1.0,4.0,1.0,1.0,0.0,2.0,6.0,10.0,4.0,27.5,27.3,0.0,72.7,0.5,0.0,1.3,31.0,22.3,26.9,6.6,1.8,3.9,21.6,26.8,
2479853,25,981227,DPES CB CIUDAD DE MOSTOLES,AWAY,2040603,,P. Gonzalez Gonzalez,1,25.8,1547.0,19.0,7.0,12.0,0.0,1.0,7.0,13.0,5.0,12.0,0.0,4.0,4.0,2.0,3.0,2.0,2.0,2.0,3.0,8.0,18.0,-9.0,52.0,53.8,7.7,92.3,1.2,0.0,1.5,0.0,16.3,8.7,62.5,3.7,6.1,14.1,40.7,
2479853,25,981227,DPES CB CIUDAD DE MOSTOLES,AWAY,1981139,,S. Blanco Guitian,0,12.4,746.0,0.0,0.0,0.0,0.0,2.0,0.0,2.0,0.0,0.0,0.0,1.0,1.0,0.0,0.0,1.0,0.0,0.0,1.0,1.0,0.0,-11.0,0.0,0.0,100.0,0.0,0.0,0.0,0.0,0.0,8.5,4.5,0.0,3.9,0.0,0.0,8.0,
2479853,25,981227,DPES CB CIUDAD DE MOSTOLES,AWAY,1178705,,A. Peredo Lopez,1,26.5,1588.0,4.0,0.0,2.0,1.0,2.0,1.0,4.0,1.0,2.0,0.0,2.0,2.0,1.0,1.0,1.0,0.0,0.0,0.0,1.0,4.0,-12.0,41.0,37.5,50.0,50.0,0.0,1.5,2.0,0.0,7.9,4.3,9.2,1.8,0.0,17.0,11.0,
2479853,25,981227,DPES CB CIUDAD DE MOSTOLES,AWAY,1222687,,B. Moreno Hurtado,0,23.7,1420.0,1.0,0.0,3.0,0.0,1.0,0.0,4.0,1.0,2.0,0.0,3.0,3.0,0.0,0.0,1.0,0.0,0.0,4.0,1.0,-3.0,-9.0,10.2,0.0,25.0,50.0,0.0,0.0,2.0,0.0,13.3,7.1,0.0,2.0,0.0,0.0,10.2,
2479853,25,981227,DPES CB CIUDAD DE MOSTOLES,AWAY,1819108,,N. Gomez Cobo,0,18.3,1096.0,6.0,2.0,6.0,0.0,0.0,2.0,6.0,2.0,2.0,0.0,4.0,4.0,0.0,1.0,1.0,0.0,0.0,1.0,2.0,7.0,-9.0,43.6,33.3,0.0,33.3,0.7,0.0,1.0,0.0,23.0,12.3,0.0,2.6,0.0,12.7,21.3,
2479853,25,981227,DPES CB CIUDAD DE MOSTOLES,AWAY,2035086,,M. Gamez Martinez,1,30.4,1824.0,11.0,4.0,7.0,1.0,4.0,5.0,11.0,0.0,0.0,1.0,2.0,3.0,4.0,6.0,1.0,0.0,0.0,2.0,1.0,6.0,-21.0,50.0,50.0,36.4,0.0,1.1,0.8,0.0,4.0,6.9,5.6,46.5,1.6,0.0,35.3,27.6,
2479853,25,981227,DPES CB CIUDAD DE MOSTOLES,AWAY,1589173,,M. Correa Villalona,0,14.7,883.0,2.0,0.0,1.0,0.0,0.0,0.0,1.0,2.0,2.0,0.0,0.0,0.0,2.0,0.0,1.0,0.0,0.0,1.0,2.0,5.0,-3.0,53.2,0.0,0.0,200.0,0.0,0.0,1.0,0.0,0.0,0.0,29.4,3.3,0.0,0.0,6.3,
2479853,25,981227,DPES CB CIUDAD DE MOSTOLES,AWAY,1740994,,B. Rodríguez Bazaga,1,23.6,1414.0,2.0,0.0,2.0,0.0,4.0,0.0,6.0,2.0,2.0,0.0,2.0,2.0,0.0,2.0,0.0,0.0,0.0,2.0,2.0,-4.0,-13.0,14.5,0.0,66.7,33.3,0.0,0.0,1.0,0.0,8.9,4.8,0.0,0.0,0.0,22.5,18.6,
2479853,25,981227,DPES CB CIUDAD DE MOSTOLES,AWAY,1871083,,A. Quesada Romero,0,13.4,804.0,0.0,0.0,0.0,0.0,3.0,0.0,3.0,0.0,0.0,0.0,1.0,1.0,1.0,0.0,1.0,0.0,0.0,1.0,2.0,1.0,-9.0,0.0,0.0,100.0,0.0,0.0,0.0,0.0,0.0,7.9,4.2,19.6,3.6,0.0,0.0,11.1,
2479853,25,981227,DPES CB CIUDAD DE MOSTOLES,AWAY,2404223,,E. Abubakar Arrey,1,11.3,678.0,6.0,2.0,5.0,0.0,1.0,2.0,6.0,2.0,3.0,0.0,1.0,1.0,0.0,1.0,1.0,0.0,0.0,4.0,3.0,1.0,-14.0,41.0,33.3,16.7,50.0,0.8,0.0,1.0,0.0,9.3,5.0,0.0,4.2,0.0,12.0,36.4,
2479854,25,982048,EL PLANTEL GMASB,HOME,2819272,,D. Ryzinska,1,24.8,1486.0,10.0,0.0,1.0,3.0,4.0,3.0,5.0,1.0,2.0,0.0,1.0,1.0,0.0,2.0,0.0,0.0,0.0,4.0,2.0,4.0,11.0,85.0,90.0,80.0,40.0,0.0,2.2,1.0,0.0,4.1,2.2,0.0,0.0,0.0,25.4,16.1,
2479854,25,982048,EL PLANTEL GMASB,HOME,2124275,,C. Villanueva Lazaro,1,31.8,1909.0,10.0,0.0,3.0,2.0,5.0,2.0,8.0,4.0,6.0,0.0,11.0,11.0,2.0,3.0,1.0,0.0,0.0,4.0,7.0,16.0,7.0,47.0,37.5,62.5,75.0,0.0,1.2,0.9,0.0,35.5,19.2,11.1,1.7,0.0,22.0,21.7,
2479854,25,982048,EL PLANTEL GMASB,HOME,1974272,,R. Revueltas Pareja,1,23.7,1420.0,7.0,1.0,7.0,1.0,6.0,2.0,13.0,2.0,4.0,1.0,0.0,1.0,2.0,1.0,1.0,0.0,1.0,1.0,2.0,-2.0,-5.0,23.7,19.2,46.2,30.8,0.3,0.5,2.0,5.1,0.0,2.3,15.4,2.3,0.0,6.3,33.7,
2479854,25,982048,EL PLANTEL GMASB,HOME,2819274,,O. Schlegl,0,7.1,428.0,5.0,1.0,1.0,1.0,1.0,2.0,2.0,0.0,0.0,0.0,0.0,0.0,0.0,0.0,0.0,0.0,0.0,1.0,1.0,5.0,4.0,125.0,125.0,50.0,0.0,2.0,3.0,0.0,0.0,0.0,0.0,0.0,0.0,0.0,0.0,14.3,
2479854,25,982048,EL PLANTEL GMASB,HOME,2232865,,M. Sanchez Valenzuela,1,24.4,1465.0,13.0,2.0,4.0,3.0,6.0,5.0,10.0,0.0,0.0,0.0,0.0,0.0,5.0,2.0,0.0,0.0,0.0,3.0,0.0,8.0,21.0,65.0,65.0,60.0,0.0,1.0,1.5,0.0,0.0,0.0,0.0,50.0,0.0,0.0,16.7,24.9,
2479854,25,982048,EL PLANTEL GMASB,HOME,1111828,,L. Fernandez Fiel,0,10.7,642.0,6.0,2.0,2.0,0.0,0.0,2.0,2.0,2.0,2.0,0.0,0.0,0.0,0.0,1.0,0.0,0.0,0.0,1.0,2.0,6.0,2.0,104.2,100.0,0.0,100.0,2.0,0.0,1.0,0.0,0.0,0.0,0.0,0.0,0.0,25.8,18.4,
2479854,25,982048,EL PLANTEL GMASB,HOME,2112760,,M. Diaz Torres,0,13.5,810.0,2.0,1.0,1.0,0.0,0.0,1.0,1.0,0.0,0.0,0.0,0.0,0.0,2.0,0.0,0.0,0.0,0.0,2.0,1.0,3.0,-1.0,100.0,100.0,0.0,0.0,2.0,0.0,0.0,0.0,0.0,0.0,30.8,0.0,0.0,0.0,3.8,
2479854,25,982048,EL PLANTEL GMASB,HOME,1080472,,P. Benet Edo,0,29.5,1770.0,15.0,2.0,5.0,2.0,5.0,4.0,10.0,5.0,6.0,0.0,5.0,5.0,7.0,0.0,0.0,0.0,0.0,2.0,4.0,22.0,5.0,59.3,50.0,50.0,60.0,0.8,1.2,1.5,0.0,17.4,9.4,51.9,0.0,0.0,0.0,21.7,
2479854,25,982048,EL PLANTEL GMASB,HOME,2746773,,O. Betancourt Labrador,1,34.5,2070.0,11.0,3.0,6.0,1.0,2.0,4.0,8.0,2.0,5.0,3.0,13.0,16.0,1.0,0.0,1.0,1.0,0.0,3.0,3.0,23.0,6.0,53.9,56.2,25.0,62.5,1.0,1.5,1.7,10.5,38.6,25.8,5.4,1.6,3.1,0.0,15.0,
2479854,25,981335,CESUR DISTRITO OLIMPICO,AWAY,2286837,,B. Arranz Albero,1,28.3,1699.0,14.0,4.0,7.0,2.0,10.0,6.0,17.0,0.0,0.0,0.0,2.0,2.0,2.0,1.0,1.0,0.0,0.0,3.0,1.0,5.0,-9.0,41.2,41.2,58.8,0.0,1.1,0.6,0.0,0.0,8.6,3.9,19.8,1.9,0.0,5.6,31.0,
2479854,25,981335,CESUR DISTRITO OLIMPICO,AWAY,2031383,,A. Picos Porras,1,29.7,1783.0,14.0,3.0,8.0,2.0,3.0,5.0,11.0,2.0,3.0,1.0,6.0,7.0,2.0,4.0,1.0,0.0,1.0,3.0,5.0,15.0,-8.0,56.8,54.5,27.3,27.3,0.8,2.0,0.6,3.5,24.5,13.1,18.0,1.8,0.0,24.5,26.8,
2479854,25,981335,CESUR DISTRITO OLIMPICO,AWAY,1871488,,M. Gomez Hernandez,1,30.9,1854.0,4.0,0.0,0.0,0.0,2.0,0.0,2.0,4.0,4.0,0.0,5.0,5.0,3.0,1.0,2.0,0.0,0.0,3.0,5.0,13.0,-6.0,53.2,0.0,100.0,200.0,0.0,0.0,0.8,0.0,19.6,9.0,16.3,3.5,0.0,21.0,7.5,
2479854,25,981335,CESUR DISTRITO OLIMPICO,AWAY,2371275,,V. Serrano Gutierrez,0,3.6,214.0,0.0,0.0,0.0,0.0,1.0,0.0,1.0,0.0,0.0,0.0,0.0,0.0,0.0,0.0,0.0,0.0,0.0,1.0,0.0,-2.0,-2.0,0.0,0.0,100.0,0.0,0.0,0.0,0.0,0.0,0.0,0.0,0.0,0.0,0.0,0.0,13.5,
2479854,25,981335,CESUR DISTRITO OLIMPICO,AWAY,1832824,,C. Leal Flores,0,23.6,1417.0,9.0,2.0,3.0,0.0,1.0,2.0,4.0,5.0,8.0,1.0,1.0,2.0,0.0,0.0,0.0,0.0,0.0,4.0,4.0,6.0,2.0,59.8,50.0,25.0,200.0,1.3,0.0,2.0,4.3,5.1,4.7,0.0,0.0,0.0,0.0,15.5,
2479854,25,981335,CESUR DISTRITO OLIMPICO,AWAY,1562695,,A. González Ramírez,1,22.1,1327.0,2.0,0.0,5.0,0.0,0.0,0.0,5.0,2.0,2.0,1.0,5.0,6.0,3.0,0.0,2.0,0.0,0.0,4.0,2.0,6.0,-17.0,17.0,0.0,0.0,40.0,0.0,0.0,1.0,4.6,27.4,15.1,21.7,4.8,0.0,0.0,13.0,
2479854,25,981335,CESUR DISTRITO OLIMPICO,AWAY,2160293,,V. Lopez Riaño,1,34.4,2062.0,19.0,5.0,11.0,2.0,3.0,7.0,14.0,3.0,6.0,4.0,10.0,14.0,0.0,1.0,1.0,0.0,0.0,2.0,4.0,25.0,-5.0,57.1,57.1,21.4,42.9,0.9,2.0,1.5,11.9,35.2,22.6,0.0,1.6,0.0,5.7,25.0,
2479854,25,981335,CESUR DISTRITO OLIMPICO,AWAY,1677519,,R. Flores Aguado,0,15.9,955.0,3.0,0.0,2.0,1.0,4.0,1.0,6.0,0.0,0.0,2.0,0.0,2.0,1.0,0.0,0.0,0.0,0.0,1.0,0.0,0.0,-2.0,25.0,25.0,66.7,0.0,0.0,0.8,0.0,12.9,0.0,7.0,12.2,0.0,0.0,0.0,18.4,
2479854,25,981335,CESUR DISTRITO OLIMPICO,AWAY,2340037,C. Garcia Estirado,C. Garcia Estirado,0,3.2,190.0,2.0,1.0,1.0,0.0,1.0,1.0,2.0,0.0,0.0,0.0,0.0,0.0,0.0,0.0,0.0,0.0,0.0,1.0,0.0,0.0,-2.0,50.0,50.0,50.0,0.0,2.0,0.0,0.0,0.0,0.0,0.0,0.0,0.0,0.0,0.0,30.4,
2479854,25,981335,CESUR DISTRITO OLIMPICO,AWAY,2664258,V. Emusi Adeniran,V. Emusi Adeniran,0,2.3,139.0,2.0,1.0,1.0,0.0,0.0,1.0,1.0,0.0,0.0,0.0,0.0,0.0,0.0,1.0,0.0,1.0,0.0,0.0,0.0,2.0,-3.0,100.0,100.0,0.0,0.0,2.0,0.0,0.0,0.0,0.0,0.0,0.0,0.0,58.0,50.0,42.4,
2479854,25,981335,CESUR DISTRITO OLIMPICO,AWAY,2283143,,E. Moratinos Molino,0,6.0,360.0,0.0,0.0,0.0,0.0,1.0,0.0,1.0,0.0,0.0,0.0,0.0,0.0,0.0,0.0,0.0,0.0,0.0,0.0,0.0,-1.0,2.0,0.0,0.0,100.0,0.0,0.0,0.0,0.0,0.0,0.0,0.0,0.0,0.0,0.0,0.0,8.1,
2479855,25,981304,DISHELEC 65 VILADECANS,HOME,2050407,,L. Sanchez Garcia,1,31.4,1885.0,5.0,1.0,4.0,1.0,2.0,2.0,6.0,0.0,0.0,2.0,1.0,3.0,0.0,2.0,1.0,0.0,0.0,5.0,0.0,-2.0,-18.0,41.7,41.7,33.3,0.0,0.5,1.5,0.0,6.4,5.3,6.0,0.0,1.7,0.0,25.0,11.5,
2479855,25,981304,DISHELEC 65 VILADECANS,HOME,1910113,,L. Anducas Rodon,0,19.6,1176.0,8.0,3.0,5.0,0.0,2.0,3.0,7.0,2.0,2.0,2.0,2.0,4.0,1.0,4.0,1.0,0.0,0.0,3.0,2.0,5.0,-9.0,50.8,42.9,28.6,28.6,1.2,0.0,1.0,10.2,17.0,12.8,11.8,2.7,0.0,33.7,27.3,
2479855,25,981304,DISHELEC 65 VILADECANS,HOME,1727776,,P. Curto Garcia,0,29.0,1738.0,10.0,2.0,5.0,2.0,7.0,4.0,12.0,0.0,0.0,1.0,3.0,4.0,3.0,4.0,0.0,0.0,0.0,1.0,1.0,5.0,-13.0,41.7,41.7,58.3,0.0,0.8,0.9,0.0,3.4,17.2,8.6,24.8,0.0,0.0,25.0,24.9,
2479855,25,981304,DISHELEC 65 VILADECANS,HOME,2322360,,A. Torne Labarta,1,27.6,1658.0,9.0,4.0,14.0,0.0,0.0,4.0,14.0,1.0,2.0,3.0,2.0,5.0,0.0,2.0,3.0,0.0,0.0,2.0,1.0,3.0,-30.0,30.2,28.6,0.0,14.3,0.6,0.0,2.0,10.9,12.1,11.3,0.0,5.8,0.0,11.8,27.6,
2479855,25,981304,DISHELEC 65 VILADECANS,HOME,2082380,,J. Torreño Jimenez,1,21.2,1273.0,7.0,1.0,3.0,1.0,3.0,2.0,6.0,2.0,2.0,0.0,1.0,1.0,0.0,0.0,1.0,0.0,0.0,1.0,3.0,7.0,-7.0,50.9,41.7,50.0,33.3,0.7,1.0,0.7,0.0,7.9,2.9,0.0,2.5,0.0,0.0,14.6,
2479855,25,981304,DISHELEC 65 VILADECANS,HOME,2075599,B. Collado Moreno,B. Collado Moreno,0,1.4,85.0,0.0,0.0,0.0,0.0,1.0,0.0,1.0,0.0,0.0,0.0,0.0,0.0,0.0,0.0,0.0,0.0,0.0,0.0,0.0,-1.0,-1.0,0.0,0.0,100.0,0.0,0.0,0.0,0.0,0.0,0.0,0.0,0.0,0.0,0.0,0.0,32.2,
2479855,25,981304,DISHELEC 65 VILADECANS,HOME,2146979,,N. Sanchez Marques,1,21.9,1315.0,7.0,1.0,3.0,1.0,3.0,2.0,6.0,2.0,4.0,0.0,2.0,2.0,1.0,2.0,1.0,0.0,0.0,4.0,4.0,3.0,-18.0,45.1,41.7,50.0,66.7,0.7,1.0,1.0,0.0,15.2,5.7,10.5,2.4,0.0,20.5,20.1,
2479855,25,981304,DISHELEC 65 VILADECANS,HOME,1956668,,M. Ribera Sanuy,0,24.1,1443.0,8.0,4.0,7.0,0.0,1.0,4.0,8.0,0.0,1.0,2.0,1.0,3.0,2.0,1.0,3.0,0.0,0.0,1.0,1.0,10.0,-9.0,47.4,50.0,12.5,12.5,1.1,0.0,1.0,8.3,6.9,7.8,20.4,6.6,0.0,10.6,17.7,
2479855,25,981304,DISHELEC 65 VILADECANS,HOME,1663009,,Q. Ubia Llunell,1,23.8,1427.0,7.0,0.0,0.0,2.0,5.0,2.0,5.0,1.0,2.0,0.0,2.0,2.0,2.0,3.0,0.0,0.0,0.0,3.0,2.0,3.0,-15.0,59.5,60.0,100.0,40.0,0.0,1.2,1.0,0.0,14.0,5.3,16.9,0.0,0.0,33.8,16.8,
2479855,25,981286,ESCO GRUPO FEMENINO ALCORCON,AWAY,2095287,,G. Escorial Ferrero,0,18.7,1121.0,6.0,2.0,3.0,0.0,0.0,2.0,3.0,2.0,4.0,5.0,10.0,15.0,2.0,3.0,2.0,0.0,0.0,1.0,3.0,21.0,16.0,63.0,66.7,0.0,133.3,1.3,0.0,1.3,44.6,53.5,50.1,16.7,5.4,0.0,38.7,19.5,
2479855,25,981286,ESCO GRUPO FEMENINO ALCORCON,AWAY,2162538,,C. Del Amo Sevillano,1,22.7,1360.0,14.0,2.0,4.0,2.0,5.0,4.0,9.0,4.0,5.0,0.0,7.0,7.0,2.0,2.0,2.0,0.0,0.0,0.0,3.0,20.0,13.0,62.5,55.6,55.6,55.6,1.0,1.2,1.7,0.0,30.8,19.3,15.6,4.5,0.0,15.2,27.4,
2479855,25,981286,ESCO GRUPO FEMENINO ALCORCON,AWAY,2182200,,L. Bernardo Perez,0,19.0,1139.0,7.0,2.0,2.0,1.0,2.0,3.0,4.0,0.0,0.0,0.0,2.0,2.0,0.0,2.0,2.0,0.0,0.0,2.0,0.0,6.0,11.0,87.5,87.5,50.0,0.0,2.0,1.5,0.0,0.0,10.5,6.6,0.0,5.3,0.0,33.3,14.9,
2479855,25,981286,ESCO GRUPO FEMENINO ALCORCON,AWAY,2012796,,M. Blanco Eusebio,1,25.3,1520.0,10.0,2.0,3.0,2.0,3.0,4.0,6.0,0.0,0.0,0.0,4.0,4.0,3.0,2.0,0.0,0.0,0.0,2.0,2.0,13.0,20.0,83.3,83.3,50.0,0.0,1.3,2.0,0.0,0.0,15.8,9.9,23.4,0.0,0.0,25.0,14.9,
2479855,25,981286,ESCO GRUPO FEMENINO ALCORCON,AWAY,1535457,,M. Aranda Fraile,1,17.4,1042.0,15.0,0.0,1.0,5.0,5.0,5.0,6.0,0.0,0.0,1.0,1.0,2.0,2.0,2.0,0.0,0.0,0.0,0.0,0.0,16.0,8.0,125.0,125.0,83.3,0.0,0.0,3.0,0.0,9.6,5.7,7.2,32.3,0.0,0.0,25.0,21.6,
2479855,25,981286,ESCO GRUPO FEMENINO ALCORCON,AWAY,2822982,,Y. Sifaoui Bucero,1,24.2,1452.0,9.0,4.0,6.0,0.0,0.0,4.0,6.0,1.0,3.0,1.0,0.0,1.0,0.0,4.0,1.0,0.0,0.0,1.0,2.0,4.0,11.0,61.5,66.7,0.0,50.0,1.3,0.0,1.5,6.9,0.0,2.6,0.0,2.1,0.0,35.3,22.0,
2479855,25,981286,ESCO GRUPO FEMENINO ALCORCON,AWAY,2819126,,L. Vulovic,0,11.2,671.0,4.0,1.0,3.0,0.0,0.0,1.0,3.0,2.0,2.0,3.0,1.0,4.0,1.0,1.0,1.0,0.0,0.0,2.0,1.0,6.0,7.0,51.5,33.3,0.0,66.7,0.7,0.0,2.0,44.6,8.9,22.3,13.5,4.5,0.0,20.5,20.5,
2479855,25,981286,ESCO GRUPO FEMENINO ALCORCON,AWAY,2128123,,N. Ipo Seriche-Dougan,0,22.4,1347.0,13.0,1.0,5.0,1.0,3.0,2.0,8.0,8.0,11.0,0.0,3.0,3.0,3.0,3.0,0.0,0.0,0.0,0.0,8.0,15.0,22.0,50.6,31.2,37.5,137.5,0.4,1.0,1.4,0.0,13.4,8.4,20.3,0.0,0.0,18.9,33.3,
2479855,25,981286,ESCO GRUPO FEMENINO ALCORCON,AWAY,2164976,,A. Martínez Mora,1,16.5,990.0,4.0,2.0,4.0,0.0,1.0,2.0,5.0,0.0,0.0,0.0,1.0,1.0,0.0,1.0,0.0,0.0,0.0,3.0,0.0,-2.0,-4.0,40.0,40.0,20.0,0.0,1.0,0.0,0.0,0.0,6.1,3.8,0.0,0.0,0.0,16.7,17.1,
2479855,25,981286,ESCO GRUPO FEMENINO ALCORCON,AWAY,2176383,,I. Camiña Rodriguez,0,22.6,1358.0,3.0,0.0,0.0,1.0,3.0,1.0,3.0,0.0,0.0,0.0,1.0,1.0,2.0,1.0,1.0,0.0,0.0,3.0,1.0,2.0,16.0,50.0,50.0,100.0,0.0,0.0,1.0,0.0,0.0,4.4,2.8,12.7,2.2,0.0,25.0,8.3,
2479856,25,981229,SPAR GRAN CANARIA,HOME,2234762,,V. Hernandez Spaccesi,1,23.9,1431.0,2.0,1.0,1.0,0.0,2.0,1.0,3.0,0.0,0.0,0.0,4.0,4.0,3.0,9.0,1.0,1.0,0.0,3.0,0.0,-3.0,-33.0,33.3,33.3,66.7,0.0,2.0,0.0,0.0,0.0,13.7,8.1,24.6,1.9,2.7,75.0,20.7,
2479856,25,981229,SPAR GRAN CANARIA,HOME,2383238,,E. Ezeanatogu Ezeonu,1,24.1,1446.0,11.0,5.0,8.0,0.0,0.0,5.0,8.0,1.0,4.0,3.0,5.0,8.0,2.0,3.0,0.0,0.0,0.0,2.0,4.0,14.0,-31.0,56.4,62.5,0.0,50.0,1.2,0.0,1.0,14.6,16.9,16.0,24.4,0.0,0.0,23.5,21.9,
2479856,25,981229,SPAR GRAN CANARIA,HOME,2415137,M. Rodriguez Diaz-Casanova,M. Rodriguez Diaz-Casanova,1,6.3,376.0,4.0,2.0,2.0,0.0,0.0,2.0,2.0,0.0,0.0,0.0,1.0,1.0,0.0,3.0,0.0,0.0,0.0,4.0,0.0,-2.0,-2.0,100.0,100.0,0.0,0.0,2.0,0.0,0.0,0.0,13.0,7.6,0.0,0.0,0.0,60.0,32.8,
2479856,25,981229,SPAR GRAN CANARIA,HOME,2340892,,M. Redondo De Santa Ana,1,31.7,1901.0,13.0,5.0,14.0,0.0,0.0,5.0,14.0,3.0,4.0,4.0,5.0,9.0,1.0,5.0,2.0,1.0,0.0,1.0,5.0,15.0,-15.0,41.2,35.7,0.0,28.6,0.7,0.0,0.8,14.8,12.9,13.7,7.9,2.8,2.1,24.1,27.0,
2479856,25,981229,SPAR GRAN CANARIA,HOME,2340888,P. Diaz Martin,P. Diaz Martin,0,26.0,1561.0,3.0,1.0,6.0,0.0,0.0,1.0,6.0,1.0,4.0,1.0,7.0,8.0,1.0,4.0,0.0,0.0,0.0,5.0,4.0,-1.0,-7.0,19.3,16.7,0.0,66.7,0.3,0.0,1.0,4.5,22.0,14.8,6.9,0.0,0.0,34.0,18.7,
2479856,25,981229,SPAR GRAN CANARIA,HOME,2343754,,O. Boniface Peters,0,31.4,1883.0,8.0,4.0,11.0,0.0,0.0,4.0,11.0,0.0,2.0,2.0,5.0,7.0,1.0,4.0,1.0,0.0,0.0,5.0,4.0,3.0,-8.0,33.7,36.4,0.0,18.2,0.7,0.0,0.5,7.5,13.0,10.7,7.4,1.4,0.0,25.2,20.9,
2479856,25,981229,SPAR GRAN CANARIA,HOME,2383225,M. Sa Ajona,M. Sa Ajona,0,7.2,434.0,2.0,1.0,1.0,0.0,0.0,1.0,1.0,0.0,0.0,2.0,0.0,2.0,0.0,1.0,1.0,1.0,0.0,1.0,0.0,4.0,-4.0,100.0,100.0,0.0,0.0,2.0,0.0,0.0,32.7,0.0,13.4,0.0,6.2,9.1,50.0,11.5,
2479856,25,981229,SPAR GRAN CANARIA,HOME,2303928,M. Estalella Illan,M. Estalella Illan,0,23.5,1408.0,4.0,1.0,1.0,0.0,1.0,1.0,2.0,2.0,2.0,0.0,0.0,0.0,1.0,2.0,1.0,0.0,0.0,5.0,1.0,-1.0,-21.0,69.4,50.0,50.0,100.0,2.0,0.0,2.0,0.0,0.0,0.0,8.2,1.9,0.0,41.0,8.6,
2479856,25,981229,SPAR GRAN CANARIA,HOME,2383224,M. Rasines Rodriguez,M. Rasines Rodriguez,1,26.0,1560.0,5.0,2.0,4.0,0.0,2.0,2.0,6.0,1.0,2.0,1.0,4.0,5.0,0.0,5.0,1.0,0.0,0.0,3.0,1.0,-1.0,-19.0,36.3,33.3,33.3,33.3,1.0,0.0,2.0,4.5,12.6,9.3,0.0,1.7,0.0,42.1,18.9,
2479856,25,980023,GEIEG PACISA,AWAY,1949920,,J. Pairo Urtos,1,20.0,1201.0,8.0,0.0,4.0,2.0,4.0,2.0,8.0,2.0,2.0,5.0,1.0,6.0,0.0,3.0,3.0,0.0,0.0,3.0,2.0,7.0,18.0,45.0,37.5,50.0,25.0,0.0,1.5,1.0,20.4,5.9,14.5,0.0,7.1,0.0,25.3,22.2,
2479856,25,980023,GEIEG PACISA,AWAY,1917788,,M. Carbo Cachinero,0,22.5,1348.0,9.0,3.0,10.0,0.0,4.0,3.0,14.0,3.0,5.0,0.0,3.0,3.0,0.0,1.0,7.0,0.0,0.0,2.0,3.0,6.0,-1.0,27.8,21.4,28.6,35.7,0.6,0.0,1.7,0.0,15.7,6.4,0.0,14.8,0.0,5.8,28.6,
2479856,25,980023,GEIEG PACISA,AWAY,1944150,,M. Melero Bravo,1,24.5,1469.0,25.0,8.0,15.0,2.0,2.0,10.0,17.0,3.0,5.0,3.0,1.0,4.0,2.0,2.0,6.0,0.0,1.0,2.0,6.0,30.0,32.0,65.1,64.7,11.8,29.4,1.1,3.0,0.8,10.0,4.8,7.9,32.3,11.7,0.0,9.4,32.4,
2479856,25,980023,GEIEG PACISA,AWAY,1667386,,C. Morente Lopez,0,21.1,1264.0,0.0,0.0,1.0,0.0,1.0,0.0,2.0,0.0,0.0,2.0,0.0,2.0,1.0,2.0,1.0,0.0,0.0,0.0,3.0,3.0,-3.0,0.0,0.0,50.0,0.0,0.0,0.0,0.0,7.7,0.0,4.6,7.4,2.3,0.0,50.0,7.1,
2479856,25,980023,GEIEG PACISA,AWAY,1567998,,V. Gonzalez Olaizola,1,25.1,1504.0,11.0,3.0,7.0,0.0,0.0,3.0,7.0,5.0,12.0,1.0,5.0,6.0,1.0,3.0,1.0,0.0,0.0,3.0,6.0,8.0,21.0,44.8,42.9,0.0,171.4,0.9,0.0,2.0,3.3,23.4,11.5,7.6,1.9,0.0,19.6,22.8,
2479856,25,980023,GEIEG PACISA,AWAY,1666109,,A. Coma Perpiña,1,22.1,1327.0,9.0,2.0,6.0,0.0,0.0,2.0,6.0,5.0,6.0,0.0,0.0,0.0,3.0,1.0,4.0,0.0,0.0,1.0,4.0,13.0,24.0,52.1,33.3,0.0,100.0,0.7,0.0,1.5,0.0,0.0,0.0,21.1,8.6,0.0,10.4,16.3,
2479856,25,980023,GEIEG PACISA,AWAY,1926754,,J. Fernandez Pinsach,1,22.6,1357.0,11.0,5.0,10.0,0.0,0.0,5.0,10.0,1.0,2.0,1.0,6.0,7.0,1.0,3.0,3.0,0.0,1.0,3.0,3.0,13.0,31.0,50.6,50.0,0.0,20.0,1.0,0.0,0.7,3.6,31.2,14.9,8.9,6.3,0.0,21.6,23.0,
2479856,25,980023,GEIEG PACISA,AWAY,2239082,,N. Mitjanas Costa,0,23.2,1392.0,2.0,1.0,6.0,0.0,1.0,1.0,7.0,0.0,0.0,5.0,4.0,9.0,0.0,0.0,2.0,0.0,1.0,4.0,1.0,4.0,9.0,14.3,14.3,14.3,0.0,0.3,0.0,0.0,17.6,20.3,18.7,0.0,4.1,0.0,0.0,11.3,
2479856,25,980023,GEIEG PACISA,AWAY,2059054,,A. Riera Buil,0,19.0,1138.0,5.0,0.0,2.0,1.0,3.0,1.0,5.0,2.0,2.0,1.0,1.0,2.0,0.0,1.0,0.0,0.0,0.0,1.0,1.0,2.0,9.0,42.5,30.0,60.0,40.0,0.0,1.0,2.0,4.3,6.2,5.1,0.0,0.0,0.0,14.5,13.5,
2479857,25,979778,MAGEC TÍAS LANZAROTE CONTRA LA VIOLENCIA DE GÉNERO,HOME,2178381,,E. Lozano Sosa,0,22.8,1365.0,6.0,3.0,5.0,0.0,0.0,3.0,5.0,0.0,1.0,0.0,2.0,2.0,0.0,3.0,0.0,0.0,0.0,4.0,1.0,-1.0,-2.0,55.1,60.0,0.0,20.0,1.2,0.0,1.0,0.0,10.6,4.7,0.0,0.0,0.0,35.5,15.9,
2479857,25,979778,MAGEC TÍAS LANZAROTE CONTRA LA VIOLENCIA DE GÉNERO,HOME,1100445,,Y. Garcia Gonzalez,1,33.7,2023.0,9.0,4.0,11.0,0.0,1.0,4.0,12.0,1.0,1.0,3.0,1.0,4.0,1.0,4.0,1.0,0.0,0.0,4.0,2.0,1.0,-2.0,36.2,33.3,8.3,8.3,0.7,0.0,0.5,8.5,3.6,6.3,6.2,1.5,0.0,24.3,21.0,
2479857,25,979778,MAGEC TÍAS LANZAROTE CONTRA LA VIOLENCIA DE GÉNERO,HOME,1450205,,A. Rodriguez Guerra,0,2.3,139.0,0.0,0.0,0.0,0.0,0.0,0.0,0.0,0.0,0.0,0.0,0.0,0.0,0.0,0.0,0.0,0.0,0.0,2.0,0.0,-2.0,-1.0,0.0,0.0,0.0,0.0,0.0,0.0,0.0,0.0,0.0,0.0,0.0,0.0,0.0,0.0,0.0,
2479857,25,979778,MAGEC TÍAS LANZAROTE CONTRA LA VIOLENCIA DE GÉNERO,HOME,1995747,,S. Hisado Santos,1,22.6,1353.0,7.0,2.0,4.0,1.0,2.0,3.0,6.0,0.0,0.0,1.0,1.0,2.0,4.0,2.0,2.0,0.0,0.0,1.0,1.0,10.0,-12.0,58.3,58.3,33.3,0.0,1.0,1.5,0.0,4.2,5.4,4.7,33.3,4.6,0.0,25.0,15.2,
2479857,25,979778,MAGEC TÍAS LANZAROTE CONTRA LA VIOLENCIA DE GÉNERO,HOME,1695414,,C. Mateo Cañada,0,33.7,2024.0,2.0,1.0,8.0,0.0,4.0,1.0,12.0,0.0,0.0,1.0,2.0,3.0,3.0,3.0,4.0,0.0,0.0,5.0,1.0,-6.0,-20.0,8.3,8.3,33.3,0.0,0.2,0.0,0.0,2.8,7.2,4.7,15.8,6.2,0.0,20.0,19.1,
2479857,25,979778,MAGEC TÍAS LANZAROTE CONTRA LA VIOLENCIA DE GÉNERO,HOME,2824664,,B. Snorradottir,1,28.8,1726.0,15.0,5.0,7.0,1.0,3.0,6.0,10.0,2.0,3.0,5.0,7.0,12.0,0.0,0.0,0.0,0.0,0.0,4.0,5.0,23.0,-9.0,66.3,65.0,30.0,30.0,1.4,1.0,0.6,16.5,29.5,22.2,0.0,0.0,0.0,0.0,16.9,
2479857,25,979778,MAGEC TÍAS LANZAROTE CONTRA LA VIOLENCIA DE GÉNERO,HOME,2524794,,M. Marinho Junqueira,1,24.9,1494.0,5.0,1.0,5.0,1.0,7.0,2.0,12.0,0.0,0.0,0.0,5.0,5.0,1.0,4.0,1.0,0.0,0.0,1.0,1.0,-2.0,-12.0,20.8,20.8,58.3,0.0,0.4,0.4,0.0,0.0,24.3,10.7,7.7,2.1,0.0,25.0,27.6,
2479857,25,979778,MAGEC TÍAS LANZAROTE CONTRA LA VIOLENCIA DE GÉNERO,HOME,2379074,,N. Zabala Gabilondo,1,31.2,1875.0,16.0,4.0,11.0,2.0,4.0,6.0,15.0,2.0,2.0,1.0,6.0,7.0,2.0,2.0,1.0,0.0,1.0,2.0,5.0,18.0,-2.0,50.4,46.7,26.7,13.3,0.7,1.5,0.4,3.1,23.3,12.0,14.3,1.7,0.0,11.2,24.6,
2479857,25,981209,CB CLARET BENIMACLET,AWAY,1886112,,S. Afonso Gonzalez,1,24.3,1459.0,15.0,1.0,3.0,4.0,8.0,5.0,11.0,1.0,3.0,1.0,3.0,4.0,1.0,4.0,0.0,0.0,0.0,1.0,3.0,10.0,0.0,60.9,63.6,72.7,27.3,0.7,1.5,1.0,5.0,11.8,8.8,14.3,0.0,0.0,24.5,31.4,
2479857,25,981209,CB CLARET BENIMACLET,AWAY,2209715,,J. Sarrio Asensio,0,15.7,941.0,8.0,2.0,3.0,1.0,3.0,3.0,6.0,1.0,2.0,1.0,2.0,3.0,1.0,0.0,1.0,0.0,0.0,2.0,2.0,9.0,12.0,58.1,58.3,50.0,33.3,1.3,1.0,1.0,7.7,12.1,10.2,20.0,3.1,0.0,0.0,20.5,
2479857,25,981209,CB CLARET BENIMACLET,AWAY,1853228,,J. Rochina Troncoso,0,17.6,1056.0,4.0,1.0,2.0,0.0,1.0,1.0,3.0,2.0,2.0,1.0,2.0,3.0,0.0,3.0,3.0,0.0,0.0,1.0,1.0,5.0,1.0,51.5,33.3,33.3,66.7,1.0,0.0,2.0,6.9,10.8,9.1,0.0,8.3,0.0,43.6,18.3,
2479857,25,981209,CB CLARET BENIMACLET,AWAY,1840053,,P. Garcia Garcia,1,19.9,1192.0,7.0,1.0,4.0,0.0,1.0,1.0,5.0,5.0,6.0,2.0,6.0,8.0,0.0,2.0,1.0,1.0,0.0,4.0,5.0,11.0,9.0,45.8,20.0,20.0,120.0,0.5,0.0,1.2,12.2,28.7,21.4,0.0,2.4,3.9,20.7,22.6,
2479857,25,981209,CB CLARET BENIMACLET,AWAY,2281500,,L. Liern Ruiz,0,6.7,400.0,3.0,0.0,0.0,1.0,1.0,1.0,1.0,0.0,0.0,0.0,2.0,2.0,0.0,1.0,0.0,0.0,0.0,1.0,0.0,3.0,5.0,150.0,150.0,100.0,0.0,0.0,3.0,0.0,0.0,28.4,15.9,0.0,0.0,0.0,50.0,13.9,
2479857,25,981209,CB CLARET BENIMACLET,AWAY,1767443,,M. Cuellar Bayarri,1,21.1,1267.0,5.0,1.0,5.0,0.0,0.0,1.0,5.0,3.0,4.0,0.0,4.0,4.0,2.0,1.0,1.0,0.0,0.0,1.0,2.0,7.0,10.0,37.0,20.0,0.0,80.0,0.4,0.0,2.0,0.0,18.1,10.1,22.2,2.3,0.0,12.9,17.2,
2479857,25,981209,CB CLARET BENIMACLET,AWAY,1984467,,G. Lopez Cuesta,0,18.9,1133.0,6.0,1.0,4.0,0.0,0.0,1.0,4.0,4.0,4.0,3.0,4.0,7.0,2.0,1.0,0.0,0.0,0.0,2.0,4.0,13.0,2.0,52.1,25.0,0.0,100.0,0.5,0.0,1.0,19.2,20.2,19.8,22.2,0.0,0.0,14.8,16.7,
2479857,25,981209,CB CLARET BENIMACLET,AWAY,1506842,,E. Cases Rey,1,22.5,1349.0,2.0,1.0,3.0,0.0,4.0,1.0,7.0,0.0,4.0,0.0,2.0,2.0,2.0,3.0,0.0,0.0,0.0,1.0,3.0,-5.0,-1.0,11.4,14.3,57.1,57.1,0.7,0.0,1.3,0.0,8.5,4.7,18.2,0.0,0.0,25.5,24.4,
2479857,25,981209,CB CLARET BENIMACLET,AWAY,1994256,,T. Toledo Navarro,0,13.4,803.0,5.0,1.0,1.0,1.0,3.0,2.0,4.0,0.0,0.0,0.0,1.0,1.0,3.0,1.0,2.0,0.0,0.0,2.0,0.0,6.0,10.0,62.5,62.5,75.0,0.0,2.0,1.0,0.0,0.0,7.1,4.0,75.0,7.3,0.0,20.0,17.4,
2479857,25,981209,CB CLARET BENIMACLET,AWAY,2816051,,E. Tenbrock,0,21.3,1279.0,9.0,0.0,1.0,2.0,5.0,2.0,6.0,3.0,4.0,1.0,2.0,3.0,2.0,0.0,1.0,0.0,0.0,1.0,2.0,11.0,4.0,58.0,50.0,83.3,66.7,0.0,1.2,2.0,5.7,8.9,7.5,25.0,2.3,0.0,0.0,17.0,
2479857,25,981209,CB CLARET BENIMACLET,AWAY,1749591,,I. Garrido Perez,1,18.7,1121.0,8.0,0.0,0.0,2.0,4.0,2.0,4.0,2.0,2.0,0.0,3.0,3.0,0.0,0.0,2.0,0.0,0.0,0.0,1.0,12.0,8.0,82.0,75.0,100.0,50.0,0.0,1.5,2.0,0.0,15.3,8.6,0.0,5.2,0.0,0.0,12.2,
2479858,26,979892,C. B. ISLA BONITA,HOME,1131087,,B. Armengol Vall,1,28.8,1728.0,19.0,7.0,9.0,1.0,7.0,8.0,16.0,2.0,3.0,1.0,2.0,3.0,2.0,1.0,3.0,0.0,0.0,3.0,4.0,18.0,2.0,54.8,53.1,43.8,18.8,1.6,0.4,0.8,3.7,6.8,5.3,22.7,5.7,0.0,5.5,30.6,
2479858,26,979892,C. B. ISLA BONITA,HOME,1853281,,I. Bautista Villaverde,1,27.4,1643.0,5.0,1.0,2.0,1.0,4.0,2.0,6.0,0.0,0.0,1.0,4.0,5.0,0.0,0.0,0.0,0.0,0.0,1.0,1.0,6.0,-2.0,41.7,41.7,66.7,0.0,1.0,0.8,0.0,3.8,14.2,9.2,0.0,0.0,0.0,0.0,10.5,
2479858,26,979892,C. B. ISLA BONITA,HOME,2816643,,E. Motekaitytè,1,23.9,1434.0,3.0,0.0,1.0,1.0,4.0,1.0,5.0,0.0,0.0,0.0,2.0,2.0,1.0,2.0,0.0,0.0,0.0,1.0,0.0,-1.0,-3.0,30.0,30.0,80.0,0.0,0.0,0.8,0.0,0.0,8.2,4.2,7.5,0.0,0.0,28.6,14.1,
2479858,26,979892,C. B. ISLA BONITA,HOME,2171960,,M. Colom Elosúa,1,32.9,1971.0,9.0,2.0,7.0,1.0,6.0,3.0,13.0,2.0,2.0,0.0,3.0,3.0,1.0,2.0,1.0,0.0,0.0,2.0,2.0,2.0,-6.0,32.4,26.9,46.2,15.4,0.6,0.5,1.0,0.0,8.9,4.6,6.2,1.7,0.0,12.6,23.2,
2479858,26,979892,C. B. ISLA BONITA,HOME,2524874,,M. Vulovic,1,25.4,1522.0,7.0,2.0,8.0,1.0,1.0,3.0,9.0,0.0,0.0,2.0,12.0,14.0,2.0,4.0,0.0,1.0,0.0,3.0,3.0,14.0,5.0,38.9,38.9,11.1,0.0,0.5,3.0,0.0,8.3,46.1,27.9,17.5,0.0,4.3,30.8,24.6,
2479858,26,979892,C. B. ISLA BONITA,HOME,1471341,,M. Rosales Elejabeita,0,14.4,862.0,0.0,0.0,3.0,0.0,1.0,0.0,4.0,0.0,0.0,3.0,2.0,5.0,1.0,1.0,0.0,0.0,0.0,3.0,2.0,0.0,-16.0,0.0,0.0,25.0,0.0,0.0,0.0,0.0,21.9,13.6,17.6,10.4,0.0,0.0,20.0,16.7,
2479858,26,979892,C. B. ISLA BONITA,HOME,1372464,,M. Carballo Diaz,0,23.1,1388.0,11.0,4.0,5.0,1.0,4.0,5.0,9.0,0.0,2.0,1.0,2.0,3.0,2.0,1.0,0.0,0.0,0.0,3.0,2.0,8.0,-13.0,55.7,61.1,44.4,22.2,1.6,0.8,1.0,4.6,8.4,6.6,21.3,0.0,0.0,9.2,22.7,
2479858,26,979892,C. B. ISLA BONITA,HOME,2816642,,N. Cunill Peña,0,24.2,1452.0,4.0,2.0,7.0,0.0,0.0,2.0,7.0,0.0,0.0,2.0,5.0,7.0,1.0,0.0,0.0,0.0,0.0,1.0,2.0,8.0,-12.0,28.6,28.6,0.0,0.0,0.6,0.0,0.0,8.7,20.2,14.6,8.1,0.0,0.0,0.0,13.9,
2479858,26,979778,MAGEC TÍAS LANZAROTE CONTRA LA VIOLENCIA DE GÉNERO,AWAY,2178381,,E. Lozano Sosa,0,12.9,774.0,6.0,3.0,3.0,0.0,1.0,3.0,4.0,0.0,0.0,1.0,1.0,2.0,1.0,0.0,1.0,0.0,0.0,2.0,0.0,7.0,6.0,75.0,75.0,25.0,0.0,2.0,0.0,0.0,7.6,8.2,7.9,25.6,4.2,0.0,0.0,15.1,
2479858,26,979778,MAGEC TÍAS LANZAROTE CONTRA LA VIOLENCIA DE GÉNERO,AWAY,1100445,,Y. Garcia Gonzalez,1,36.0,2159.0,10.0,3.0,8.0,0.0,3.0,3.0,11.0,4.0,5.0,3.0,4.0,7.0,5.0,3.0,0.0,0.0,0.0,2.0,5.0,13.0,5.0,37.9,27.3,27.3,45.5,0.8,0.0,1.0,8.1,11.7,9.8,28.2,0.0,0.0,18.5,21.9,
2479858,26,979778,MAGEC TÍAS LANZAROTE CONTRA LA VIOLENCIA DE GÉNERO,AWAY,1995747,,S. Hisado Santos,1,29.7,1782.0,11.0,2.0,4.0,2.0,5.0,4.0,9.0,1.0,2.0,2.0,1.0,3.0,1.0,2.0,1.0,0.0,0.0,2.0,1.0,7.0,-1.0,55.7,55.6,55.6,22.2,1.0,1.2,2.0,6.6,3.5,5.1,8.3,1.8,0.0,16.8,19.4,
2479858,26,979778,MAGEC TÍAS LANZAROTE CONTRA LA VIOLENCIA DE GÉNERO,AWAY,1695414,,C. Mateo Cañada,1,27.3,1637.0,15.0,4.0,8.0,2.0,5.0,6.0,13.0,1.0,2.0,0.0,6.0,6.0,2.0,0.0,1.0,0.0,0.0,0.0,2.0,18.0,6.0,54.0,53.8,38.5,15.4,1.0,1.2,1.0,0.0,23.1,11.1,19.8,2.0,0.0,0.0,24.7,
2479858,26,979778,MAGEC TÍAS LANZAROTE CONTRA LA VIOLENCIA DE GÉNERO,AWAY,2824664,,B. Snorradottir,0,25.4,1522.0,14.0,1.0,3.0,2.0,6.0,3.0,9.0,6.0,8.0,3.0,5.0,8.0,0.0,0.0,0.0,0.0,0.0,2.0,5.0,17.0,15.0,55.9,44.4,66.7,88.9,0.7,1.0,1.6,11.5,20.7,15.9,0.0,0.0,0.0,0.0,23.9,
2479858,26,979778,MAGEC TÍAS LANZAROTE CONTRA LA VIOLENCIA DE GÉNERO,AWAY,2524794,,M. Marinho Junqueira,1,28.3,1700.0,7.0,0.0,2.0,2.0,6.0,2.0,8.0,1.0,1.0,0.0,7.0,7.0,2.0,3.0,0.0,0.0,0.0,0.0,2.0,9.0,5.0,41.5,37.5,75.0,12.5,0.0,1.0,0.5,0.0,26.0,12.5,14.2,0.0,0.0,26.2,19.6,
2479858,26,979778,MAGEC TÍAS LANZAROTE CONTRA LA VIOLENCIA DE GÉNERO,AWAY,2379074,,N. Zabala Gabilondo,1,30.1,1807.0,4.0,2.0,7.0,0.0,2.0,2.0,9.0,0.0,1.0,0.0,4.0,4.0,0.0,1.0,1.0,0.0,0.0,4.0,2.0,-2.0,3.0,21.2,22.2,22.2,11.1,0.6,0.0,0.5,0.0,14.0,6.7,0.0,1.8,0.0,9.6,16.8,
2479858,26,979778,MAGEC TÍAS LANZAROTE CONTRA LA VIOLENCIA DE GÉNERO,AWAY,1681307,,E. Iranzo Gutierrez,0,10.3,619.0,0.0,0.0,2.0,0.0,0.0,0.0,2.0,0.0,0.0,0.0,0.0,0.0,1.0,0.0,0.0,0.0,1.0,4.0,0.0,-5.0,6.0,0.0,0.0,0.0,0.0,0.0,0.0,0.0,0.0,0.0,0.0,14.5,0.0,0.0,0.0,9.4,
2479859,26,981209,CB CLARET BENIMACLET,HOME,1886112,,S. Afonso Gonzalez,1,17.7,1060.0,11.0,1.0,1.0,3.0,4.0,4.0,5.0,0.0,0.0,1.0,2.0,3.0,5.0,0.0,1.0,0.0,0.0,2.0,0.0,17.0,19.0,110.0,110.0,80.0,0.0,2.0,2.2,0.0,5.0,11.9,8.2,89.3,2.8,0.0,0.0,11.1,
2479859,26,981209,CB CLARET BENIMACLET,HOME,2209715,,J. Sarrio Asensio,0,22.3,1340.0,6.0,1.0,4.0,1.0,3.0,2.0,7.0,1.0,1.0,2.0,0.0,2.0,3.0,3.0,1.0,0.0,0.0,2.0,1.0,3.0,5.0,40.3,35.7,42.9,14.3,0.5,1.0,1.0,8.0,0.0,4.3,24.2,2.2,0.0,28.7,18.4,
2479859,26,981209,CB CLARET BENIMACLET,HOME,1853228,,J. Rochina Troncoso,0,20.1,1204.0,7.0,3.0,4.0,0.0,2.0,3.0,6.0,1.0,2.0,2.0,3.0,5.0,2.0,1.0,4.0,0.0,0.0,2.0,4.0,15.0,13.0,50.9,50.0,33.3,33.3,1.5,0.0,0.5,8.8,15.7,12.0,22.2,9.9,0.0,12.7,15.4,
2479859,26,981209,CB CLARET BENIMACLET,HOME,1840053,,P. Garcia Garcia,1,2.1,124.0,2.0,1.0,1.0,0.0,1.0,1.0,2.0,0.0,0.0,0.0,2.0,2.0,0.0,1.0,0.0,0.0,0.0,0.0,1.0,3.0,2.0,50.0,50.0,50.0,0.0,2.0,0.0,0.0,0.0,100.3,45.9,0.0,0.0,0.0,33.3,56.1,
2479859,26,981209,CB CLARET BENIMACLET,HOME,2281500,,L. Liern Ruiz,0,15.1,903.0,6.0,1.0,2.0,1.0,4.0,2.0,6.0,1.0,2.0,0.0,2.0,2.0,2.0,0.0,0.0,0.0,0.0,2.0,1.0,4.0,2.0,43.6,41.7,66.7,33.3,1.0,0.8,2.0,0.0,13.9,6.4,26.3,0.0,0.0,0.0,17.9,
2479859,26,981209,CB CLARET BENIMACLET,HOME,1767443,,M. Cuellar Bayarri,1,18.3,1097.0,6.0,3.0,12.0,0.0,1.0,3.0,13.0,0.0,0.0,3.0,3.0,6.0,0.0,1.0,2.0,0.0,0.0,1.0,0.0,2.0,18.0,23.1,23.1,7.7,0.0,0.5,0.0,0.0,14.6,17.3,15.8,0.0,5.5,0.0,7.1,30.0,
2479859,26,981209,CB CLARET BENIMACLET,HOME,1984467,,G. Lopez Cuesta,0,15.9,956.0,3.0,0.0,2.0,0.0,0.0,0.0,2.0,3.0,4.0,1.0,4.0,5.0,0.0,3.0,2.0,0.0,1.0,0.0,3.0,7.0,10.0,39.9,0.0,0.0,200.0,0.0,0.0,1.3,5.6,26.5,15.2,0.0,6.3,0.0,44.4,16.7,
2479859,26,981209,CB CLARET BENIMACLET,HOME,1506842,,E. Cases Rey,1,21.1,1265.0,7.0,0.0,5.0,2.0,6.0,2.0,11.0,1.0,4.0,1.0,4.0,5.0,3.0,1.0,4.0,0.0,2.0,0.0,3.0,9.0,20.0,27.4,27.3,54.5,36.4,0.0,1.0,1.3,4.2,20.0,11.4,30.0,9.5,0.0,7.3,25.6,
2479859,26,981209,CB CLARET BENIMACLET,HOME,1994256,,T. Toledo Navarro,0,18.9,1135.0,5.0,1.0,4.0,1.0,1.0,2.0,5.0,0.0,0.0,1.0,3.0,4.0,3.0,1.0,3.0,0.0,0.0,2.0,1.0,10.0,4.0,50.0,50.0,20.0,0.0,0.5,3.0,0.0,4.7,16.7,10.2,30.0,7.9,0.0,16.7,12.5,
2479859,26,981209,CB CLARET BENIMACLET,HOME,2816051,,E. Tenbrock,0,21.2,1274.0,8.0,1.0,6.0,2.0,7.0,3.0,13.0,0.0,1.0,2.0,1.0,3.0,1.0,2.0,1.0,0.0,1.0,0.0,1.0,1.0,11.0,29.8,30.8,53.8,7.7,0.3,0.9,1.0,8.4,5.0,6.8,11.1,2.4,0.0,13.0,28.6,
2479859,26,981209,CB CLARET BENIMACLET,HOME,1749591,,I. Garrido Perez,1,17.8,1066.0,3.0,0.0,0.0,1.0,4.0,1.0,4.0,0.0,0.0,1.0,1.0,2.0,0.0,1.0,1.0,0.0,0.0,1.0,0.0,1.0,13.0,37.5,37.5,100.0,0.0,0.0,0.8,0.0,5.0,5.9,5.4,0.0,2.8,0.0,20.0,11.0,
2479859,26,981209,CB CLARET BENIMACLET,HOME,2309785,M. Bordes Caselles,M. Bordes Caselles,0,9.6,576.0,5.0,1.0,2.0,0.0,3.0,1.0,5.0,3.0,4.0,2.0,0.0,2.0,1.0,1.0,2.0,0.0,0.0,1.0,2.0,5.0,3.0,37.0,20.0,60.0,80.0,1.0,0.0,2.0,18.5,0.0,10.0,26.3,10.4,0.0,12.9,31.7,
2479859,26,981229,SPAR GRAN CANARIA,AWAY,2230179,,A. Garcia San Blas,1,34.4,2065.0,4.0,2.0,4.0,0.0,4.0,2.0,8.0,0.0,0.0,1.0,5.0,6.0,2.0,4.0,1.0,1.0,0.0,4.0,1.0,1.0,-17.0,25.0,25.0,50.0,0.0,1.0,0.0,0.0,3.1,12.9,8.4,15.0,1.4,2.7,33.3,15.0,
2479859,26,981229,SPAR GRAN CANARIA,AWAY,2621781,,F. Thiao,1,8.3,500.0,0.0,0.0,1.0,0.0,0.0,0.0,1.0,0.0,0.0,1.0,2.0,3.0,0.0,1.0,1.0,0.0,0.0,1.0,0.0,1.0,-6.0,0.0,0.0,0.0,0.0,0.0,0.0,0.0,12.7,21.4,17.4,0.0,5.6,0.0,50.0,10.4,
2479859,26,981229,SPAR GRAN CANARIA,AWAY,2340888,,P. Diaz Martin,0,26.4,1582.0,12.0,1.0,6.0,2.0,2.0,3.0,8.0,4.0,4.0,1.0,2.0,3.0,0.0,4.0,0.0,0.0,0.0,2.0,2.0,6.0,-20.0,61.5,50.0,25.0,50.0,0.3,3.0,2.0,4.0,6.7,5.5,0.0,0.0,0.0,29.1,22.4,
2479859,26,981229,SPAR GRAN CANARIA,AWAY,2251955,,M. Ocurto Mendes,1,35.7,2142.0,6.0,2.0,4.0,0.0,1.0,2.0,5.0,2.0,4.0,0.0,3.0,3.0,1.0,6.0,2.0,2.0,0.0,2.0,2.0,3.0,-17.0,44.4,40.0,20.0,80.0,1.0,0.0,2.0,0.0,7.5,4.0,7.5,2.6,5.2,47.0,15.4,
2479859,26,981229,SPAR GRAN CANARIA,AWAY,2343754,,O. Boniface Peters,1,34.6,2076.0,13.0,5.0,11.0,0.0,0.0,5.0,11.0,3.0,8.0,5.0,8.0,13.0,0.0,3.0,0.0,0.0,0.0,4.0,6.0,14.0,-22.0,44.8,45.5,0.0,72.7,0.9,0.0,1.3,15.2,20.6,18.1,0.0,0.0,0.0,17.1,21.8,
2479859,26,981229,SPAR GRAN CANARIA,AWAY,2352279,,T. Ezeanatogu Ezeonu,1,38.3,2299.0,4.0,2.0,16.0,0.0,0.0,2.0,16.0,0.0,0.0,4.0,8.0,12.0,6.0,9.0,7.0,0.0,0.0,3.0,2.0,5.0,-21.0,12.5,12.5,0.0,0.0,0.2,0.0,0.0,11.0,18.6,15.1,40.0,8.5,0.0,36.0,28.1,
2479859,26,981229,SPAR GRAN CANARIA,AWAY,2383224,,M. Rasines Rodriguez,0,22.3,1336.0,6.0,3.0,4.0,0.0,5.0,3.0,9.0,0.0,0.0,1.0,1.0,2.0,1.0,1.0,2.0,1.0,0.0,1.0,0.0,4.0,-17.0,33.3,33.3,55.6,0.0,1.5,0.0,0.0,4.7,4.0,4.3,13.9,4.2,4.2,10.0,19.3,
2479860,26,980023,GEIEG PACISA,HOME,1949920,,J. Pairo Urtos,1,21.0,1259.0,11.0,0.0,0.0,2.0,3.0,2.0,3.0,5.0,7.0,0.0,3.0,3.0,3.0,0.0,3.0,0.0,0.0,2.0,3.0,18.0,18.0,90.5,100.0,100.0,233.3,0.0,2.0,2.3,0.0,12.7,6.3,27.3,8.3,0.0,0.0,14.1,
2479860,26,980023,GEIEG PACISA,HOME,1917788,,M. Carbo Cachinero,0,15.6,938.0,9.0,2.0,4.0,1.0,2.0,3.0,6.0,2.0,4.0,0.0,3.0,3.0,1.0,0.0,0.0,0.0,1.0,1.0,3.0,10.0,14.0,58.0,58.3,33.3,66.7,1.0,1.5,1.3,0.0,17.1,8.5,13.5,0.0,0.0,0.0,24.2,
2479860,26,980023,GEIEG PACISA,HOME,1944150,,M. Melero Bravo,1,27.3,1637.0,17.0,5.0,11.0,2.0,5.0,7.0,16.0,1.0,3.0,1.0,4.0,5.0,5.0,1.0,1.0,0.0,0.0,3.0,4.0,17.0,28.0,49.1,50.0,31.2,18.8,0.9,1.2,0.8,3.3,13.0,8.1,44.6,2.1,0.0,5.5,32.7,
2479860,26,980023,GEIEG PACISA,HOME,2151755,,A. Martinez Rus,0,9.8,587.0,2.0,1.0,4.0,0.0,0.0,1.0,4.0,0.0,0.0,2.0,0.0,2.0,1.0,0.0,0.0,0.0,0.0,0.0,0.0,2.0,11.0,25.0,25.0,0.0,0.0,0.5,0.0,0.0,18.1,0.0,9.1,23.8,0.0,0.0,0.0,19.9,
2479860,26,980023,GEIEG PACISA,HOME,1667386,,C. Morente Lopez,0,20.0,1198.0,0.0,0.0,1.0,0.0,0.0,0.0,1.0,0.0,0.0,1.0,2.0,3.0,2.0,1.0,0.0,0.0,0.0,4.0,1.0,0.0,15.0,0.0,0.0,0.0,0.0,0.0,0.0,0.0,4.4,8.9,6.7,15.4,0.0,0.0,50.0,4.9,
2479860,26,980023,GEIEG PACISA,HOME,1567998,,V. Gonzalez Olaizola,0,27.0,1622.0,6.0,3.0,8.0,0.0,1.0,3.0,9.0,0.0,1.0,4.0,9.0,13.0,3.0,0.0,2.0,1.0,0.0,1.0,4.0,21.0,39.0,31.8,33.3,11.1,11.1,0.8,0.0,0.2,13.2,29.6,21.4,19.7,4.3,3.7,0.0,17.0,
2479860,26,980023,GEIEG PACISA,HOME,1666109,,A. Coma Perpiña,1,22.9,1377.0,20.0,4.0,8.0,2.0,4.0,6.0,12.0,6.0,8.0,2.0,4.0,6.0,1.0,1.0,3.0,0.0,0.0,1.0,4.0,24.0,29.0,64.4,58.3,33.3,66.7,1.0,1.5,2.0,7.8,15.5,11.6,10.4,7.6,0.0,6.1,35.1,
2479860,26,980023,GEIEG PACISA,HOME,1926754,,J. Fernandez Pinsach,1,17.5,1048.0,6.0,3.0,6.0,0.0,1.0,3.0,7.0,0.0,0.0,2.0,4.0,6.0,0.0,0.0,0.0,0.0,0.0,2.0,0.0,6.0,5.0,42.9,42.9,14.3,0.0,1.0,0.0,0.0,10.2,20.3,15.2,0.0,0.0,0.0,0.0,19.5,
2479860,26,980023,GEIEG PACISA,HOME,2239082,,N. Mitjanas Costa,1,21.0,1259.0,0.0,0.0,1.0,0.0,2.0,0.0,3.0,0.0,0.0,1.0,3.0,4.0,1.0,2.0,0.0,0.0,1.0,2.0,0.0,-2.0,16.0,0.0,0.0,66.7,0.0,0.0,0.0,0.0,4.2,12.7,8.5,7.7,0.0,0.0,40.0,11.6,
2479860,26,980023,GEIEG PACISA,HOME,2059054,,A. Riera Buil,0,17.9,1075.0,3.0,0.0,3.0,1.0,2.0,1.0,5.0,0.0,0.0,0.0,2.0,2.0,0.0,1.0,1.0,0.0,0.0,1.0,0.0,0.0,15.0,30.0,30.0,40.0,0.0,0.0,1.5,0.0,0.0,9.9,5.0,0.0,3.2,0.0,16.7,16.3,
2479860,26,981304,DISHELEC 65 VILADECANS,AWAY,2050407,,L. Sanchez Garcia,0,24.9,1492.0,4.0,2.0,5.0,0.0,3.0,2.0,8.0,0.0,0.0,0.0,7.0,7.0,1.0,4.0,0.0,0.0,0.0,4.0,2.0,0.0,-28.0,25.0,25.0,37.5,0.0,0.8,0.0,0.0,0.0,25.0,12.5,14.3,0.0,0.0,33.3,24.1,
2479860,26,981304,DISHELEC 65 VILADECANS,AWAY,1910113,,L. Anducas Rodon,0,15.0,902.0,2.0,1.0,3.0,0.0,1.0,1.0,4.0,0.0,0.0,0.0,3.0,3.0,1.0,0.0,2.0,0.0,0.0,1.0,2.0,6.0,-17.0,25.0,25.0,25.0,0.0,0.7,0.0,0.0,0.0,17.8,8.9,20.0,7.7,0.0,0.0,13.4,
2479860,26,981304,DISHELEC 65 VILADECANS,AWAY,1727776,,P. Curto Garcia,1,24.4,1462.0,2.0,1.0,6.0,0.0,7.0,1.0,13.0,0.0,0.0,2.0,1.0,3.0,3.0,3.0,0.0,0.0,0.0,2.0,1.0,-8.0,-34.0,7.7,7.7,53.8,0.0,0.3,0.0,0.0,7.3,3.6,5.5,37.5,0.0,0.0,18.8,32.9,
2479860,26,981304,DISHELEC 65 VILADECANS,AWAY,2056456,,N. Soler Ramos,1,21.6,1296.0,7.0,2.0,6.0,0.0,0.0,2.0,6.0,3.0,5.0,1.0,6.0,7.0,0.0,0.0,0.0,1.0,0.0,2.0,3.0,10.0,-13.0,42.7,33.3,0.0,83.3,0.7,0.0,1.7,4.1,24.7,14.4,0.0,0.0,4.0,0.0,19.0,
2479860,26,981304,DISHELEC 65 VILADECANS,AWAY,2322360,,A. Torne Labarta,1,26.1,1565.0,12.0,6.0,11.0,0.0,1.0,6.0,12.0,0.0,0.0,3.0,5.0,8.0,0.0,0.0,2.0,1.0,0.0,2.0,1.0,16.0,-22.0,50.0,50.0,8.3,0.0,1.1,0.0,0.0,10.2,17.0,13.6,0.0,4.4,3.3,0.0,23.0,
2479860,26,981304,DISHELEC 65 VILADECANS,AWAY,2082380,,J. Torreño Jimenez,0,20.6,1238.0,3.0,1.0,2.0,0.0,3.0,1.0,5.0,1.0,2.0,2.0,3.0,5.0,0.0,1.0,0.0,0.0,1.0,1.0,3.0,4.0,-19.0,25.5,20.0,60.0,40.0,1.0,0.0,0.7,8.6,12.9,10.8,0.0,0.0,0.0,14.5,16.7,
2479860,26,981304,DISHELEC 65 VILADECANS,AWAY,2075599,,B. Collado Moreno,0,3.6,214.0,0.0,0.0,1.0,0.0,0.0,0.0,1.0,0.0,0.0,0.0,0.0,0.0,1.0,0.0,0.0,0.0,0.0,0.0,0.0,0.0,-2.0,0.0,0.0,0.0,0.0,0.0,0.0,0.0,0.0,0.0,0.0,66.7,0.0,0.0,0.0,13.9,
2479860,26,981304,DISHELEC 65 VILADECANS,AWAY,2146979,,N. Sanchez Marques,0,15.2,912.0,0.0,0.0,1.0,0.0,3.0,0.0,4.0,0.0,2.0,1.0,1.0,2.0,0.0,2.0,0.0,0.0,0.0,3.0,1.0,-8.0,-20.0,0.0,0.0,75.0,50.0,0.0,0.0,2.0,5.8,5.8,5.8,0.0,0.0,0.0,29.1,22.7,
2479860,26,981304,DISHELEC 65 VILADECANS,AWAY,1956668,,M. Ribera Sanuy,1,25.2,1515.0,4.0,2.0,5.0,0.0,4.0,2.0,9.0,0.0,0.0,1.0,2.0,3.0,1.0,1.0,1.0,0.0,0.0,3.0,1.0,-1.0,-16.0,22.2,22.2,44.4,0.0,0.8,0.0,0.0,3.5,7.1,5.3,14.3,2.3,0.0,10.0,19.9,
2479860,26,981304,DISHELEC 65 VILADECANS,AWAY,1663009,,Q. Ubia Llunell,1,23.4,1404.0,2.0,0.0,0.0,0.0,2.0,0.0,2.0,2.0,2.0,1.0,4.0,5.0,2.0,0.0,0.0,0.0,0.0,1.0,3.0,9.0,-19.0,34.7,0.0,100.0,100.0,0.0,0.0,0.7,3.8,15.2,9.5,22.2,0.0,0.0,0.0,6.2,
2479861,26,981286,ESCO GRUPO FEMENINO ALCORCON,HOME,2095287,,G. Escorial Ferrero,0,17.2,1031.0,4.0,1.0,4.0,0.0,0.0,1.0,4.0,2.0,2.0,4.0,2.0,6.0,1.0,1.0,1.0,2.0,0.0,1.0,1.0,10.0,1.0,41.0,25.0,0.0,50.0,0.5,0.0,2.0,21.1,12.2,17.0,11.1,3.1,15.5,17.0,14.5,
2479861,26,981286,ESCO GRUPO FEMENINO ALCORCON,HOME,2162538,,C. Del Amo Sevillano,1,18.6,1113.0,14.0,2.0,5.0,3.0,3.0,5.0,8.0,1.0,2.0,2.0,3.0,5.0,3.0,2.0,3.0,1.0,0.0,3.0,2.0,19.0,7.0,78.8,81.2,37.5,25.0,0.8,3.0,1.0,9.8,17.0,13.1,40.0,8.5,7.2,18.4,24.9,
2479861,26,981286,ESCO GRUPO FEMENINO ALCORCON,HOME,2182200,,L. Bernardo Perez,0,19.9,1192.0,6.0,1.0,1.0,1.0,4.0,2.0,5.0,1.0,2.0,1.0,2.0,3.0,1.0,2.0,1.0,0.0,0.0,4.0,1.0,2.0,9.0,51.0,50.0,80.0,40.0,2.0,0.8,2.0,4.6,10.6,7.4,9.5,2.7,0.0,25.4,16.8,
2479861,26,981286,ESCO GRUPO FEMENINO ALCORCON,HOME,2012796,,M. Blanco Eusebio,1,23.4,1405.0,8.0,1.0,4.0,2.0,5.0,3.0,9.0,0.0,0.0,0.0,3.0,3.0,4.0,0.0,0.0,1.0,0.0,0.0,0.0,10.0,1.0,44.4,44.4,55.6,0.0,0.5,1.2,0.0,0.0,13.5,6.3,33.3,0.0,5.7,0.0,16.3,
2479861,26,981286,ESCO GRUPO FEMENINO ALCORCON,HOME,1535457,,M. Aranda Fraile,1,18.7,1123.0,0.0,0.0,0.0,0.0,5.0,0.0,5.0,0.0,0.0,0.0,4.0,4.0,0.0,1.0,0.0,0.0,0.0,1.0,0.0,-3.0,-9.0,0.0,0.0,100.0,0.0,0.0,0.0,0.0,0.0,22.5,10.4,0.0,0.0,0.0,16.7,13.6,
2479861,26,981286,ESCO GRUPO FEMENINO ALCORCON,HOME,2822982,,Y. Sifaoui Bucero,1,21.2,1272.0,8.0,3.0,4.0,0.0,0.0,3.0,4.0,2.0,4.0,3.0,5.0,8.0,2.0,0.0,0.0,0.0,0.0,0.0,2.0,17.0,2.0,69.4,75.0,0.0,100.0,1.5,0.0,2.0,12.9,24.8,18.4,21.1,0.0,0.0,0.0,11.5,
2479861,26,981286,ESCO GRUPO FEMENINO ALCORCON,HOME,2819126,,L. Vulovic,0,3.3,196.0,0.0,0.0,1.0,0.0,0.0,0.0,1.0,0.0,0.0,0.0,0.0,0.0,0.0,1.0,0.0,0.0,0.0,1.0,0.0,-3.0,-4.0,0.0,0.0,0.0,0.0,0.0,0.0,0.0,0.0,0.0,0.0,0.0,0.0,0.0,50.0,25.8,
2479861,26,981286,ESCO GRUPO FEMENINO ALCORCON,HOME,2128123,,N. Ipo Seriche-Dougan,0,23.1,1383.0,12.0,3.0,6.0,2.0,4.0,5.0,10.0,0.0,1.0,4.0,1.0,5.0,2.0,0.0,0.0,0.0,0.0,3.0,3.0,13.0,10.0,57.5,60.0,40.0,10.0,1.0,1.5,0.3,15.7,4.6,10.6,20.0,0.0,0.0,0.0,19.2,
2479861,26,981286,ESCO GRUPO FEMENINO ALCORCON,HOME,2164976,,A. Martínez Mora,1,15.2,913.0,4.0,1.0,3.0,0.0,4.0,1.0,7.0,2.0,4.0,0.0,2.0,2.0,1.0,3.0,0.0,0.0,0.0,3.0,5.0,-2.0,-10.0,22.8,14.3,57.1,57.1,0.7,0.0,0.8,0.0,13.9,6.4,11.1,0.0,0.0,25.5,32.9,
2479861,26,981286,ESCO GRUPO FEMENINO ALCORCON,HOME,1869823,,D. Miliauskaite,0,19.8,1188.0,10.0,3.0,8.0,0.0,1.0,3.0,9.0,4.0,8.0,2.0,1.0,3.0,1.0,4.0,0.0,0.0,0.0,4.0,6.0,2.0,10.0,39.9,33.3,11.1,88.9,0.8,0.0,1.3,9.2,5.3,7.4,10.5,0.0,0.0,24.2,35.5,
2479861,26,981286,ESCO GRUPO FEMENINO ALCORCON,HOME,2226045,P. Borreguero Molinero,P. Borreguero Molinero,0,0.1,9.0,0.0,0.0,0.0,0.0,0.0,0.0,0.0,0.0,0.0,0.0,0.0,0.0,0.0,0.0,0.0,0.0,0.0,0.0,0.0,0.0,0.0,0.0,0.0,0.0,0.0,0.0,0.0,0.0,0.0,0.0,0.0,0.0,0.0,0.0,0.0,0.0,
2479861,26,981286,ESCO GRUPO FEMENINO ALCORCON,HOME,2176383,,I. Camiña Rodriguez,0,19.6,1175.0,5.0,1.0,2.0,1.0,6.0,2.0,8.0,0.0,0.0,1.0,2.0,3.0,5.0,0.0,3.0,0.0,0.0,2.0,2.0,10.0,23.0,31.2,31.2,75.0,0.0,1.0,0.5,0.0,4.6,10.7,7.5,47.6,8.1,0.0,0.0,17.3,
2479861,26,982048,EL PLANTEL GMASB,AWAY,2819272,,D. Ryzinska,1,31.1,1865.0,6.0,0.0,1.0,2.0,3.0,2.0,4.0,0.0,0.0,2.0,5.0,7.0,0.0,5.0,2.0,0.0,0.0,4.0,2.0,6.0,-2.0,75.0,75.0,75.0,0.0,0.0,2.0,0.0,6.8,14.6,11.0,0.0,3.3,0.0,55.6,13.1,
2479861,26,982048,EL PLANTEL GMASB,AWAY,2124275,,C. Villanueva Lazaro,1,28.9,1737.0,2.0,0.0,3.0,0.0,4.0,0.0,7.0,2.0,6.0,0.0,3.0,3.0,2.0,2.0,2.0,0.0,2.0,1.0,7.0,2.0,-6.0,10.4,0.0,57.1,85.7,0.0,0.0,0.9,0.0,9.4,5.1,13.0,3.6,0.0,17.2,18.2,
2479861,26,982048,EL PLANTEL GMASB,AWAY,1974272,,R. Revueltas Pareja,1,27.3,1640.0,13.0,1.0,5.0,3.0,11.0,4.0,16.0,2.0,4.0,0.0,4.0,4.0,5.0,2.0,3.0,0.0,1.0,4.0,2.0,7.0,9.0,36.6,34.4,68.8,25.0,0.4,0.8,2.0,0.0,13.3,7.1,43.9,5.7,0.0,10.1,32.7,
2479861,26,982048,EL PLANTEL GMASB,AWAY,2819274,,O. Schlegl,0,8.2,489.0,0.0,0.0,0.0,0.0,1.0,0.0,1.0,0.0,0.0,1.0,0.0,1.0,0.0,1.0,0.0,0.0,0.0,0.0,0.0,-1.0,-19.0,0.0,0.0,100.0,0.0,0.0,0.0,0.0,12.8,0.0,5.9,0.0,0.0,0.0,50.0,11.0,
2479861,26,982048,EL PLANTEL GMASB,AWAY,2232865,,M. Sanchez Valenzuela,1,32.0,1920.0,18.0,3.0,7.0,4.0,9.0,7.0,16.0,0.0,0.0,1.0,3.0,4.0,4.0,0.0,0.0,0.0,1.0,4.0,2.0,15.0,2.0,56.2,56.2,56.2,0.0,0.9,1.3,0.0,3.3,8.5,6.1,37.7,0.0,0.0,0.0,22.6,
2479861,26,982048,EL PLANTEL GMASB,AWAY,1111828,,L. Fernandez Fiel,0,26.7,1601.0,4.0,2.0,4.0,0.0,4.0,2.0,8.0,0.0,2.0,5.0,2.0,7.0,2.0,2.0,1.0,0.0,0.0,3.0,3.0,4.0,-15.0,22.5,25.0,50.0,25.0,1.0,0.0,0.7,19.7,6.8,12.8,14.9,1.9,0.0,18.4,18.4,
2479861,26,982048,EL PLANTEL GMASB,AWAY,2112760,,M. Diaz Torres,0,8.9,535.0,2.0,1.0,1.0,0.0,0.0,1.0,1.0,0.0,0.0,1.0,3.0,4.0,1.0,3.0,0.0,0.0,0.0,3.0,1.0,2.0,-6.0,100.0,100.0,0.0,0.0,2.0,0.0,0.0,11.8,30.6,21.9,29.4,0.0,0.0,75.0,20.3,
2479861,26,982048,EL PLANTEL GMASB,AWAY,2364455,,T. Sene,0,1.5,90.0,0.0,0.0,0.0,0.0,0.0,0.0,0.0,0.0,0.0,0.0,0.0,0.0,0.0,0.0,0.0,0.0,0.0,0.0,0.0,0.0,-3.0,0.0,0.0,0.0,0.0,0.0,0.0,0.0,0.0,0.0,0.0,0.0,0.0,0.0,0.0,0.0,
2479861,26,982048,EL PLANTEL GMASB,AWAY,2746773,,O. Betancourt Labrador,1,35.4,2123.0,18.0,5.0,9.0,1.0,3.0,6.0,12.0,5.0,5.0,3.0,7.0,10.0,2.0,1.0,2.0,0.0,0.0,3.0,5.0,27.0,0.0,63.4,54.2,25.0,41.7,1.1,1.0,1.0,8.9,18.0,13.8,14.5,2.9,0.0,6.6,19.4,
2479862,26,981335,CESUR DISTRITO OLIMPICO,HOME,2371275,,V. Serrano Gutierrez,0,4.7,281.0,3.0,0.0,0.0,1.0,1.0,1.0,1.0,0.0,0.0,0.0,0.0,0.0,0.0,0.0,1.0,0.0,0.0,2.0,0.0,2.0,-2.0,150.0,150.0,100.0,0.0,0.0,3.0,0.0,0.0,0.0,0.0,0.0,10.9,0.0,0.0,11.1,
2479862,26,981335,CESUR DISTRITO OLIMPICO,HOME,2286837,,B. Arranz Albero,1,28.3,1697.0,10.0,2.0,6.0,1.0,3.0,3.0,9.0,3.0,3.0,0.0,3.0,3.0,1.0,2.0,4.0,0.0,0.0,1.0,3.0,12.0,-8.0,48.4,38.9,33.3,33.3,0.7,1.0,1.0,0.0,10.9,5.8,8.5,7.3,0.0,16.2,22.8,
2479862,26,981335,CESUR DISTRITO OLIMPICO,HOME,2283143,,E. Moratinos Molino,0,10.8,646.0,6.0,2.0,3.0,0.0,0.0,2.0,3.0,2.0,2.0,0.0,0.0,0.0,0.0,0.0,1.0,0.0,0.0,0.0,1.0,7.0,1.0,77.3,66.7,0.0,66.7,1.3,0.0,2.0,0.0,0.0,0.0,0.0,4.8,0.0,0.0,18.8,
2479862,26,981335,CESUR DISTRITO OLIMPICO,HOME,2031383,,A. Picos Porras,1,32.9,1975.0,16.0,2.0,8.0,2.0,4.0,4.0,12.0,6.0,10.0,1.0,4.0,5.0,2.0,1.0,0.0,0.0,0.0,4.0,6.0,12.0,0.0,48.8,41.7,33.3,83.3,0.5,1.5,1.7,3.6,12.5,8.3,15.6,0.0,0.0,5.7,27.7,
2479862,26,981335,CESUR DISTRITO OLIMPICO,HOME,1871488,,M. Gomez Hernandez,1,25.2,1510.0,2.0,1.0,2.0,0.0,3.0,1.0,5.0,0.0,0.0,0.0,2.0,2.0,6.0,1.0,1.0,0.0,0.0,3.0,2.0,5.0,-8.0,20.0,20.0,60.0,0.0,1.0,0.0,0.0,0.0,8.1,4.3,51.7,2.0,0.0,16.7,12.5,
2479862,26,981335,CESUR DISTRITO OLIMPICO,HOME,1676283,,B. Sanchez Campillo,0,3.1,186.0,0.0,0.0,0.0,0.0,1.0,0.0,1.0,0.0,0.0,0.0,0.0,0.0,0.0,0.0,0.0,0.0,0.0,0.0,0.0,-1.0,-10.0,0.0,0.0,100.0,0.0,0.0,0.0,0.0,0.0,0.0,0.0,0.0,0.0,0.0,0.0,16.9,
2479862,26,981335,CESUR DISTRITO OLIMPICO,HOME,2226680,,J. Masip Lámbarri,0,7.1,426.0,0.0,0.0,2.0,0.0,0.0,0.0,2.0,0.0,0.0,0.0,4.0,4.0,0.0,0.0,0.0,0.0,1.0,1.0,2.0,3.0,-9.0,0.0,0.0,0.0,0.0,0.0,0.0,0.0,0.0,57.8,30.9,0.0,0.0,0.0,0.0,14.8,
2479862,26,981335,CESUR DISTRITO OLIMPICO,HOME,1832824,,C. Leal Flores,1,26.2,1573.0,5.0,1.0,1.0,1.0,1.0,2.0,2.0,0.0,0.0,0.0,2.0,2.0,0.0,1.0,1.0,0.0,0.0,2.0,1.0,6.0,-5.0,125.0,125.0,50.0,0.0,2.0,3.0,0.0,0.0,7.8,4.2,0.0,2.0,0.0,33.3,6.0,
2479862,26,981335,CESUR DISTRITO OLIMPICO,HOME,1562695,,A. González Ramírez,1,18.9,1134.0,5.0,2.0,5.0,0.0,0.0,2.0,5.0,1.0,2.0,0.0,2.0,2.0,5.0,4.0,0.0,0.0,0.0,3.0,5.0,6.0,2.0,42.5,40.0,0.0,40.0,0.8,0.0,0.4,0.0,10.9,5.8,58.8,0.0,0.0,40.5,27.4,
2479862,26,981335,CESUR DISTRITO OLIMPICO,HOME,2160293,,V. Lopez Riaño,0,27.0,1620.0,12.0,5.0,11.0,0.0,2.0,5.0,13.0,2.0,2.0,0.0,8.0,8.0,2.0,2.0,2.0,2.0,0.0,3.0,1.0,14.0,6.0,43.2,38.5,15.4,15.4,0.9,0.0,2.0,0.0,30.4,16.2,20.6,3.8,6.9,12.6,30.8,
2479862,26,981335,CESUR DISTRITO OLIMPICO,HOME,1677519,,R. Flores Aguado,0,11.4,686.0,3.0,0.0,1.0,1.0,1.0,1.0,2.0,0.0,0.0,0.0,0.0,0.0,0.0,1.0,0.0,0.0,0.0,3.0,0.0,-2.0,-10.0,75.0,75.0,50.0,0.0,0.0,3.0,0.0,0.0,0.0,0.0,0.0,0.0,0.0,33.3,13.8,
2479862,26,981335,CESUR DISTRITO OLIMPICO,HOME,2185253,,P. Álvarez Honorato,0,4.4,266.0,0.0,0.0,1.0,0.0,0.0,0.0,1.0,0.0,0.0,0.0,0.0,0.0,1.0,0.0,0.0,0.0,0.0,0.0,0.0,0.0,-2.0,0.0,0.0,0.0,0.0,0.0,0.0,0.0,0.0,0.0,0.0,47.6,0.0,0.0,0.0,11.9,
2479862,26,981167,SEGLE XXI,AWAY,2235818,,L. Niño San Miguel,0,2.8,166.0,0.0,0.0,0.0,0.0,0.0,0.0,0.0,0.0,0.0,0.0,0.0,0.0,0.0,0.0,0.0,0.0,0.0,0.0,0.0,0.0,-2.0,0.0,0.0,0.0,0.0,0.0,0.0,0.0,0.0,0.0,0.0,0.0,0.0,0.0,0.0,0.0,
2479862,26,981167,SEGLE XXI,AWAY,2153172,,M. Cintas Diaz,1,25.3,1518.0,7.0,2.0,3.0,1.0,5.0,3.0,8.0,0.0,0.0,1.0,2.0,3.0,1.0,2.0,1.0,0.0,0.0,2.0,1.0,4.0,-3.0,43.8,43.8,62.5,0.0,1.3,0.6,0.0,4.1,9.3,6.5,7.6,2.1,0.0,20.0,17.2,
2479862,26,981167,SEGLE XXI,AWAY,2289362,,D. Garcia Dominguez,0,18.8,1126.0,12.0,2.0,5.0,2.0,4.0,4.0,9.0,2.0,2.0,0.0,3.0,3.0,0.0,1.0,1.0,0.0,1.0,1.0,3.0,12.0,8.0,60.7,55.6,44.4,22.2,0.8,1.5,0.7,0.0,18.8,8.7,0.0,2.8,0.0,9.2,25.2,
2479862,26,981167,SEGLE XXI,AWAY,2320695,,A. Plans Bellavista,0,13.0,779.0,5.0,0.0,0.0,1.0,2.0,1.0,2.0,2.0,2.0,0.0,0.0,0.0,0.0,2.0,1.0,0.0,0.0,2.0,2.0,3.0,7.0,86.8,75.0,100.0,100.0,0.0,1.5,1.0,0.0,0.0,0.0,0.0,4.1,0.0,41.0,16.3,
2479862,26,981167,SEGLE XXI,AWAY,2448425,,N. Cordón Elizarán,0,9.2,555.0,0.0,0.0,0.0,0.0,0.0,0.0,0.0,0.0,0.0,1.0,3.0,4.0,1.0,0.0,0.0,0.0,0.0,1.0,0.0,4.0,-8.0,0.0,0.0,0.0,0.0,0.0,0.0,0.0,11.1,38.4,23.8,18.5,0.0,0.0,0.0,0.0,
2479862,26,981167,SEGLE XXI,AWAY,2528757,,I. Garcia Fernandez,1,20.7,1244.0,6.0,3.0,7.0,0.0,1.0,3.0,8.0,0.0,0.0,5.0,3.0,8.0,2.0,1.0,1.0,0.0,0.0,4.0,1.0,8.0,-4.0,37.5,37.5,12.5,0.0,0.9,0.0,0.0,24.8,17.1,21.2,19.0,2.6,0.0,11.1,18.9,
2479862,26,981167,SEGLE XXI,AWAY,2244483,,S. Nde Akawung,1,13.8,831.0,8.0,2.0,3.0,1.0,4.0,3.0,7.0,1.0,2.0,2.0,3.0,5.0,0.0,1.0,1.0,0.0,0.0,2.0,1.0,7.0,10.0,50.8,50.0,57.1,28.6,1.3,0.8,2.0,14.9,25.6,19.9,0.0,3.8,0.0,11.3,28.0,
2479862,26,981167,SEGLE XXI,AWAY,2196865,,M. Carbó Medina,1,20.4,1225.0,12.0,4.0,10.0,1.0,3.0,5.0,13.0,1.0,3.0,0.0,3.0,3.0,2.0,3.0,1.0,0.0,0.0,3.0,4.0,6.0,-1.0,41.9,42.3,23.1,23.1,0.8,1.0,0.8,0.0,17.3,8.1,23.5,2.6,0.0,17.3,36.9,
2479862,26,981167,SEGLE XXI,AWAY,2639399,,S. Okafor Ofoegbu,0,21.1,1267.0,11.0,3.0,6.0,1.0,5.0,4.0,11.0,2.0,2.0,0.0,5.0,5.0,1.0,0.0,0.0,0.0,0.0,1.0,4.0,13.0,13.0,46.3,40.9,45.5,18.2,1.0,0.6,0.5,0.0,27.9,13.0,10.5,0.0,0.0,0.0,24.5,
2479862,26,981167,SEGLE XXI,AWAY,2454402,,S. Fernandez De Cuevas Martinez,1,21.7,1302.0,3.0,1.0,1.0,0.0,2.0,1.0,3.0,1.0,3.0,0.0,1.0,1.0,3.0,1.0,1.0,0.0,1.0,1.0,2.0,4.0,4.0,34.7,33.3,66.7,100.0,2.0,0.0,1.5,0.0,5.4,2.5,24.0,2.4,0.0,18.8,10.7,
2479862,26,981167,SEGLE XXI,AWAY,2229661,,B. Asensio Senosiáin,0,12.2,734.0,0.0,0.0,2.0,0.0,0.0,0.0,2.0,0.0,0.0,0.0,1.0,1.0,1.0,2.0,0.0,0.0,0.0,1.0,0.0,-3.0,10.0,0.0,0.0,0.0,0.0,0.0,0.0,0.0,0.0,9.6,4.5,12.3,0.0,0.0,50.0,14.3,
2479862,26,981167,SEGLE XXI,AWAY,2461439,,A. Smykovskaia,0,20.9,1253.0,7.0,3.0,6.0,0.0,0.0,3.0,6.0,1.0,4.0,5.0,9.0,14.0,1.0,2.0,0.0,1.0,0.0,3.0,4.0,16.0,11.0,45.1,50.0,0.0,66.7,1.0,0.0,1.0,24.5,50.7,36.7,9.5,0.0,4.8,20.5,20.3,
2479863,26,981227,DPES CB CIUDAD DE MOSTOLES,HOME,2040603,,P. Gonzalez Gonzalez,1,26.4,1583.0,7.0,2.0,8.0,0.0,1.0,2.0,9.0,3.0,8.0,0.0,1.0,1.0,3.0,1.0,3.0,0.0,2.0,3.0,4.0,2.0,1.0,28.0,22.2,11.1,88.9,0.5,0.0,2.0,0.0,3.9,1.8,26.8,5.8,0.0,7.4,24.4,
2479863,26,981227,DPES CB CIUDAD DE MOSTOLES,HOME,1981139,,S. Blanco Guitian,0,13.3,800.0,0.0,0.0,2.0,0.0,3.0,0.0,5.0,0.0,0.0,0.0,1.0,1.0,0.0,1.0,1.0,0.0,0.0,1.0,0.0,-5.0,0.0,0.0,0.0,60.0,0.0,0.0,0.0,0.0,0.0,7.7,3.6,0.0,3.8,0.0,16.7,21.5,
2479863,26,981227,DPES CB CIUDAD DE MOSTOLES,HOME,1178705,,A. Peredo Lopez,1,28.5,1712.0,9.0,2.0,2.0,0.0,8.0,2.0,10.0,5.0,5.0,1.0,6.0,7.0,2.0,2.0,0.0,0.0,0.0,1.0,3.0,10.0,-1.0,36.9,20.0,80.0,50.0,2.0,0.0,1.7,3.1,21.5,11.6,17.9,0.0,0.0,14.1,23.7,
2479863,26,981227,DPES CB CIUDAD DE MOSTOLES,HOME,1222687,,B. Moreno Hurtado,0,22.3,1337.0,1.0,0.0,2.0,0.0,2.0,0.0,4.0,1.0,4.0,3.0,2.0,5.0,1.0,1.0,0.0,0.0,0.0,4.0,5.0,0.0,2.0,8.7,0.0,50.0,100.0,0.0,0.0,0.8,11.9,9.2,10.6,9.1,0.0,0.0,14.8,14.4,
2479863,26,981227,DPES CB CIUDAD DE MOSTOLES,HOME,1819108,,N. Gomez Cobo,0,19.2,1153.0,9.0,2.0,8.0,1.0,1.0,3.0,9.0,2.0,2.0,1.0,1.0,2.0,0.0,1.0,1.0,0.0,1.0,2.0,2.0,5.0,-7.0,45.5,38.9,11.1,22.2,0.5,3.0,1.0,4.6,5.3,4.9,0.0,2.7,0.0,9.2,26.9,
2479863,26,981227,DPES CB CIUDAD DE MOSTOLES,HOME,2035086,,M. Gamez Martinez,1,34.2,2055.0,21.0,5.0,9.0,2.0,6.0,7.0,15.0,5.0,7.0,3.0,10.0,13.0,1.0,0.0,2.0,2.0,1.0,4.0,4.0,29.0,-5.0,58.1,53.3,40.0,46.7,1.1,1.0,1.8,7.7,29.9,18.0,9.4,3.0,5.4,0.0,25.1,
2479863,26,981227,DPES CB CIUDAD DE MOSTOLES,HOME,1589173,,M. Correa Villalona,0,13.9,833.0,0.0,0.0,0.0,0.0,1.0,0.0,1.0,0.0,2.0,0.0,2.0,2.0,1.0,0.0,3.0,0.0,0.0,1.0,2.0,4.0,3.0,0.0,0.0,100.0,200.0,0.0,0.0,1.0,0.0,14.7,6.8,15.2,11.0,0.0,0.0,6.4,
2479863,26,981227,DPES CB CIUDAD DE MOSTOLES,HOME,1740994,,B. Rodríguez Bazaga,1,25.9,1553.0,4.0,2.0,3.0,0.0,5.0,2.0,8.0,0.0,0.0,0.0,0.0,0.0,0.0,1.0,1.0,0.0,0.0,4.0,0.0,-6.0,-2.0,25.0,25.0,62.5,0.0,1.3,0.0,0.0,0.0,0.0,0.0,0.0,2.0,0.0,11.1,16.5,
2479863,26,981227,DPES CB CIUDAD DE MOSTOLES,HOME,1871083,,A. Quesada Romero,0,14.2,853.0,0.0,0.0,0.0,0.0,1.0,0.0,1.0,0.0,0.0,1.0,1.0,2.0,0.0,0.0,0.0,0.0,0.0,2.0,0.0,-1.0,-6.0,0.0,0.0,100.0,0.0,0.0,0.0,0.0,6.2,7.2,6.7,0.0,0.0,0.0,0.0,3.3,
2479863,26,981227,DPES CB CIUDAD DE MOSTOLES,HOME,2404223,,E. Abubakar Arrey,1,27.0,1621.0,14.0,6.0,11.0,0.0,0.0,6.0,11.0,2.0,3.0,2.0,3.0,5.0,1.0,1.0,3.0,1.0,0.0,5.0,4.0,16.0,10.0,56.8,54.5,0.0,27.3,1.1,0.0,0.8,6.5,11.4,8.8,13.9,5.7,3.4,7.5,23.5,
2479863,26,979775,BASKET ALMEDA,AWAY,2355761,,N. Bernal Ibarria,0,19.1,1144.0,0.0,0.0,2.0,0.0,0.0,0.0,2.0,0.0,0.0,1.0,1.0,2.0,1.0,1.0,1.0,0.0,0.0,2.0,0.0,-1.0,-8.0,0.0,0.0,0.0,0.0,0.0,0.0,0.0,5.4,4.6,5.0,11.4,2.8,0.0,33.3,6.7,
2479863,26,979775,BASKET ALMEDA,AWAY,1929994,,M. Garcia Menéndez,1,26.1,1563.0,9.0,3.0,5.0,0.0,3.0,3.0,8.0,3.0,3.0,1.0,2.0,3.0,1.0,2.0,0.0,0.0,1.0,2.0,3.0,7.0,9.0,48.3,37.5,37.5,37.5,1.2,0.0,1.0,3.9,6.8,5.4,9.8,0.0,0.0,17.7,18.5,
2479863,26,979775,BASKET ALMEDA,AWAY,2219057,,I. Homs Fatjo,0,9.8,590.0,2.0,1.0,2.0,0.0,1.0,1.0,3.0,0.0,0.0,1.0,0.0,1.0,0.0,2.0,0.0,0.0,0.0,0.0,0.0,-1.0,-2.0,33.3,33.3,33.3,0.0,1.0,0.0,0.0,10.4,0.0,4.8,0.0,0.0,0.0,40.0,21.8,
2479863,26,979775,BASKET ALMEDA,AWAY,1893303,,L. Tierno Martí,1,31.4,1886.0,13.0,0.0,1.0,3.0,5.0,3.0,6.0,4.0,5.0,1.0,9.0,10.0,2.0,2.0,0.0,0.0,0.0,3.0,4.0,20.0,9.0,79.3,75.0,83.3,83.3,0.0,1.8,1.2,3.3,25.3,15.1,16.1,0.0,0.0,19.6,13.9,
2479863,26,979775,BASKET ALMEDA,AWAY,1398197,,C. Tapia Palacio,0,19.9,1196.0,0.0,0.0,3.0,0.0,1.0,0.0,4.0,0.0,2.0,0.0,1.0,1.0,1.0,0.0,1.0,0.0,0.0,0.0,4.0,1.0,-9.0,0.0,0.0,25.0,50.0,0.0,0.0,0.5,0.0,4.4,2.4,11.4,2.7,0.0,0.0,10.5,
2479863,26,979775,BASKET ALMEDA,AWAY,2157230,,L. Jove Fuste,0,22.8,1369.0,8.0,4.0,8.0,0.0,2.0,4.0,10.0,0.0,0.0,2.0,1.0,3.0,0.0,4.0,0.0,0.0,0.0,4.0,2.0,-1.0,-5.0,40.0,40.0,20.0,0.0,1.0,0.0,0.0,9.0,3.9,6.2,0.0,0.0,0.0,28.6,26.2,
2479863,26,979775,BASKET ALMEDA,AWAY,2216044,,J. Masa Carne,0,10.1,603.0,1.0,0.0,3.0,0.0,1.0,0.0,4.0,1.0,4.0,0.0,2.0,2.0,1.0,3.0,0.0,0.0,1.0,1.0,2.0,-5.0,-1.0,8.7,0.0,25.0,100.0,0.0,0.0,2.0,0.0,17.5,9.4,22.7,0.0,0.0,34.2,37.0,
2479863,26,979775,BASKET ALMEDA,AWAY,2054903,,A. Cojocariu,1,31.5,1889.0,16.0,3.0,10.0,2.0,7.0,5.0,17.0,4.0,11.0,3.0,13.0,16.0,3.0,5.0,2.0,1.0,0.0,4.0,6.0,16.0,6.0,36.6,35.3,41.2,64.7,0.6,0.9,1.8,9.7,36.4,24.1,28.8,3.4,3.2,18.6,36.4,
2479863,26,979775,BASKET ALMEDA,AWAY,2147731,,D. Peris Fons,1,26.1,1567.0,5.0,1.0,4.0,0.0,0.0,1.0,4.0,3.0,6.0,4.0,5.0,9.0,5.0,1.0,0.0,2.0,0.0,3.0,4.0,15.0,6.0,37.7,25.0,0.0,150.0,0.5,0.0,1.5,15.7,16.9,16.3,41.0,0.0,7.7,13.1,12.5,
2479863,26,979775,BASKET ALMEDA,AWAY,2440587,,M. Coll-Vinent Olle,1,28.2,1693.0,12.0,5.0,11.0,0.0,1.0,5.0,12.0,2.0,4.0,4.0,6.0,10.0,1.0,0.0,0.0,1.0,1.0,5.0,2.0,12.0,0.0,43.6,41.7,8.3,33.3,0.9,0.0,2.0,14.5,18.8,16.8,12.2,0.0,3.5,0.0,20.8,
2479864,26,981414,HIERROS DÍAZ EXTREMADURA MIRALVALLE,HOME,1707378,,M. Pérez Castro,0,19.2,1154.0,2.0,1.0,3.0,0.0,3.0,1.0,6.0,0.0,0.0,0.0,2.0,2.0,1.0,1.0,2.0,0.0,0.0,1.0,1.0,1.0,-7.0,16.7,16.7,50.0,0.0,0.7,0.0,0.0,0.0,11.9,6.0,11.1,5.8,0.0,14.3,18.0,
2479864,26,981414,HIERROS DÍAZ EXTREMADURA MIRALVALLE,HOME,2818302,,V. Michel,1,11.6,697.0,0.0,0.0,4.0,0.0,0.0,0.0,4.0,0.0,2.0,1.0,1.0,2.0,0.0,2.0,0.0,0.0,0.0,2.0,2.0,-6.0,-11.0,0.0,0.0,0.0,50.0,0.0,0.0,1.0,9.9,9.9,9.9,0.0,0.0,0.0,29.1,29.3,
2479864,26,981414,HIERROS DÍAZ EXTREMADURA MIRALVALLE,HOME,2557107,,I. Serrano Alvarez,0,32.2,1933.0,17.0,7.0,10.0,0.0,1.0,7.0,11.0,3.0,4.0,1.0,4.0,5.0,2.0,2.0,3.0,0.0,0.0,3.0,2.0,19.0,11.0,66.6,63.6,9.1,36.4,1.4,0.0,2.0,3.5,14.2,8.9,22.2,5.1,0.0,13.6,22.7,
2479864,26,981414,HIERROS DÍAZ EXTREMADURA MIRALVALLE,HOME,2734458,,L. Navas Castro,0,21.2,1272.0,6.0,1.0,3.0,0.0,2.0,1.0,5.0,4.0,4.0,1.0,5.0,6.0,5.0,5.0,1.0,1.0,0.0,3.0,3.0,10.0,8.0,44.4,20.0,40.0,80.0,0.7,0.0,1.3,5.4,27.0,16.2,55.6,2.6,5.4,42.5,27.4,
2479864,26,981414,HIERROS DÍAZ EXTREMADURA MIRALVALLE,HOME,1724925,,M. Romero Garrido,1,33.0,1979.0,7.0,2.0,3.0,1.0,6.0,3.0,9.0,0.0,0.0,0.0,3.0,3.0,2.0,1.0,2.0,1.0,0.0,3.0,0.0,5.0,13.0,38.9,38.9,66.7,0.0,1.3,0.5,0.0,0.0,10.4,5.2,15.4,3.3,3.5,10.0,15.0,
2479864,26,981414,HIERROS DÍAZ EXTREMADURA MIRALVALLE,HOME,2566363,,P. Laurenson Cheynel,1,29.5,1770.0,6.0,3.0,3.0,0.0,2.0,3.0,5.0,0.0,0.0,2.0,6.0,8.0,1.0,2.0,1.0,0.0,0.0,1.0,1.0,12.0,5.0,60.0,60.0,40.0,0.0,2.0,0.0,0.0,7.7,23.2,15.5,9.1,1.9,0.0,28.6,11.7,
2479864,26,981414,HIERROS DÍAZ EXTREMADURA MIRALVALLE,HOME,2845561,,S. Brown,1,22.6,1356.0,4.0,1.0,4.0,0.0,2.0,1.0,6.0,2.0,4.0,1.0,0.0,1.0,0.0,2.0,1.0,0.0,0.0,1.0,2.0,-2.0,4.0,25.8,16.7,33.3,66.7,0.5,0.0,2.0,5.1,0.0,2.5,0.0,2.4,0.0,20.5,21.3,
2479864,26,981414,HIERROS DÍAZ EXTREMADURA MIRALVALLE,HOME,2323074,,A. Zurita Garcia,0,0.5,30.0,0.0,0.0,0.0,0.0,0.0,0.0,0.0,0.0,0.0,0.0,0.0,0.0,0.0,0.0,0.0,0.0,0.0,0.0,0.0,0.0,2.0,0.0,0.0,0.0,0.0,0.0,0.0,0.0,0.0,0.0,0.0,0.0,0.0,0.0,0.0,0.0,
2479864,26,981414,HIERROS DÍAZ EXTREMADURA MIRALVALLE,HOME,1529427,,C. Lazaro Hernandez,1,30.1,1809.0,13.0,1.0,5.0,3.0,6.0,4.0,11.0,2.0,4.0,4.0,4.0,8.0,3.0,1.0,2.0,0.0,0.0,2.0,2.0,16.0,15.0,50.9,50.0,54.5,36.4,0.4,1.5,2.0,15.2,15.2,15.2,25.0,3.7,0.0,7.3,22.6,
2479864,26,981212,ELSAMEX CB ANDRATX,AWAY,2553411,,N. Jeng,1,20.3,1218.0,7.0,2.0,3.0,0.0,0.0,2.0,3.0,3.0,4.0,2.0,2.0,4.0,0.0,5.0,2.0,0.0,0.0,2.0,4.0,8.0,-5.0,73.5,66.7,0.0,133.3,1.3,0.0,1.0,11.3,11.3,11.3,0.0,5.6,0.0,51.2,23.3,
2479864,26,981212,ELSAMEX CB ANDRATX,AWAY,2407584,,D. Seguí García,0,3.0,182.0,0.0,0.0,3.0,0.0,0.0,0.0,3.0,0.0,0.0,0.0,0.0,0.0,2.0,0.0,0.0,0.0,0.0,0.0,0.0,-1.0,6.0,0.0,0.0,0.0,0.0,0.0,0.0,0.0,0.0,0.0,0.0,111.1,0.0,0.0,0.0,48.5,
2479864,26,981212,ELSAMEX CB ANDRATX,AWAY,2251948,,F. Diallo Bagayogo,0,10.2,611.0,5.0,1.0,2.0,1.0,2.0,2.0,4.0,0.0,0.0,0.0,1.0,1.0,0.0,0.0,0.0,0.0,1.0,2.0,2.0,4.0,2.0,62.5,62.5,50.0,0.0,1.0,1.5,0.0,0.0,11.2,5.6,0.0,0.0,0.0,0.0,19.0,
2479864,26,981212,ELSAMEX CB ANDRATX,AWAY,1489116,,B. Gual Castillo,1,29.5,1769.0,9.0,0.0,4.0,3.0,8.0,3.0,12.0,0.0,0.0,2.0,4.0,6.0,2.0,1.0,1.0,0.0,0.0,1.0,2.0,9.0,-18.0,37.5,37.5,66.7,0.0,0.0,1.1,0.0,7.7,15.5,11.6,20.8,1.9,0.0,7.7,21.4,
2479864,26,981212,ELSAMEX CB ANDRATX,AWAY,2068433,A. Comas Casasnovas,A. Comas Casasnovas,0,7.3,436.0,0.0,0.0,1.0,0.0,2.0,0.0,3.0,0.0,2.0,1.0,1.0,2.0,0.0,0.0,0.0,0.0,0.0,0.0,1.0,-2.0,-10.0,0.0,0.0,66.7,66.7,0.0,0.0,2.0,15.7,15.7,15.7,0.0,0.0,0.0,0.0,25.8,
2479864,26,981212,ELSAMEX CB ANDRATX,AWAY,1579078,,H. Condom Rosell,0,15.9,956.0,1.0,0.0,3.0,0.0,1.0,0.0,4.0,1.0,2.0,2.0,1.0,3.0,3.0,1.0,0.0,0.0,0.0,3.0,2.0,0.0,-5.0,10.2,0.0,25.0,50.0,0.0,0.0,1.0,14.4,7.2,10.8,41.7,0.0,0.0,17.0,18.0,
2479864,26,981212,ELSAMEX CB ANDRATX,AWAY,2148958,,M. López Martí,1,36.9,2214.0,8.0,2.0,4.0,1.0,3.0,3.0,7.0,1.0,2.0,0.0,7.0,7.0,3.0,5.0,2.0,0.0,0.0,1.0,1.0,10.0,-5.0,50.8,50.0,42.9,28.6,1.0,1.0,2.0,0.0,21.7,10.8,22.7,3.1,0.0,38.8,16.9,
2479864,26,981212,ELSAMEX CB ANDRATX,AWAY,2120195,,A. Real Cerda,0,5.0,300.0,0.0,0.0,1.0,0.0,1.0,0.0,2.0,0.0,0.0,0.0,0.0,0.0,0.0,1.0,0.0,0.0,0.0,0.0,0.0,-3.0,1.0,0.0,0.0,50.0,0.0,0.0,0.0,0.0,0.0,0.0,0.0,0.0,0.0,0.0,33.3,29.1,
2479864,26,981212,ELSAMEX CB ANDRATX,AWAY,2276474,,L. García Rivera,1,30.1,1809.0,11.0,4.0,6.0,1.0,3.0,5.0,9.0,0.0,0.0,0.0,1.0,1.0,1.0,2.0,2.0,0.0,1.0,2.0,3.0,10.0,-16.0,61.1,61.1,33.3,0.0,1.3,1.0,0.0,0.0,3.8,1.9,10.6,3.7,0.0,18.2,17.7,
2479864,26,981212,ELSAMEX CB ANDRATX,AWAY,2043611,,J. Ballester Manque,0,25.5,1531.0,4.0,2.0,6.0,0.0,0.0,2.0,6.0,0.0,0.0,2.0,4.0,6.0,0.0,2.0,0.0,0.0,0.0,2.0,0.0,2.0,6.0,33.3,33.3,0.0,0.0,0.7,0.0,0.0,9.0,17.9,13.4,0.0,0.0,0.0,25.0,15.2,
2479864,26,981212,ELSAMEX CB ANDRATX,AWAY,2294809,,P. Sans Cantallops,1,8.9,532.0,0.0,0.0,0.0,0.0,0.0,0.0,0.0,0.0,0.0,0.0,2.0,2.0,1.0,4.0,0.0,0.0,0.0,0.0,0.0,-1.0,1.0,0.0,0.0,0.0,0.0,0.0,0.0,0.0,0.0,25.7,12.8,27.8,0.0,0.0,100.0,21.8,
2479864,26,981212,ELSAMEX CB ANDRATX,AWAY,2820516,,L. Stenta,0,7.4,442.0,2.0,1.0,2.0,0.0,1.0,1.0,3.0,0.0,0.0,1.0,2.0,3.0,0.0,1.0,0.0,0.0,0.0,0.0,1.0,3.0,3.0,33.3,33.3,33.3,0.0,1.0,0.0,0.0,15.4,30.9,23.2,0.0,0.0,0.0,25.0,26.2,
