MATCHID,ROUND,TEAM_ID,TEAM,LOCATION,PLAYER_ID,PLAYER,PLAYER_NAME,IS_STARTER,MIN,MIN_SECS,PTS,FGM_2,FGA_2,FGM_3,FGA_3,FGM,FGA,FTM,FTA,ORB,DRB,TRB,AST,TOV,STL,BLK,BLKA,PF,PFD,PIR,PLUS_MINUS,TS%,eFG%,3PAr,FTr,PPS_2,PPS_3,FTA_PER_PFD,ORB%,DRB%,TRB%,AST%,STL%,BLK%,TOV%,USG%
2509188,1,984928,BARÇA ATLÈTIC,HOME,2642482,A. Kone,A. Kone,0,17.7,1063.0,16.0,5.0,7.0,0.0,0.0,5.0,7.0,6.0,7.0,0.0,2.0,2.0,1.0,2.0,2.0,3.0,1.0,1.0,4.0,22.0,37.0,79.4,71.4,0.0,100.0,1.4,0.0,1.8,0.0,12.9,7.2,10.6,5.5,26.1,16.6,28.9
2509188,1,984928,BARÇA ATLÈTIC,HOME,2642172,J. Siftar,J. Siftar,1,20.1,1204.0,3.0,0.0,1.0,1.0,4.0,1.0,5.0,0.0,0.0,0.0,5.0,5.0,3.0,0.0,1.0,0.0,0.0,1.0,2.0,9.0,27.0,30.0,30.0,80.0,0.0,0.0,0.8,0.0,0.0,28.4,15.8,17.6,2.4,0.0,0.0,10.5
2509188,1,984928,BARÇA ATLÈTIC,HOME,2647995,M. Keita,M. Keita,0,24.1,1448.0,13.0,5.0,8.0,1.0,2.0,6.0,10.0,0.0,1.0,5.0,6.0,11.0,0.0,5.0,0.0,0.0,0.0,1.0,1.0,14.0,45.0,62.3,65.0,20.0,10.0,1.2,1.5,1.0,29.6,28.5,29.0,0.0,0.0,0.0,32.4,27.1
2509188,1,984928,BARÇA ATLÈTIC,HOME,2082056,N. Poza Cervantes,N. Poza Cervantes,1,22.0,1318.0,9.0,3.0,3.0,1.0,2.0,4.0,5.0,0.0,0.0,0.0,2.0,2.0,6.0,4.0,0.0,0.0,0.0,2.0,0.0,10.0,29.0,90.0,90.0,40.0,0.0,2.0,1.5,0.0,0.0,10.4,5.8,34.1,0.0,0.0,44.4,17.3
2509188,1,984928,BARÇA ATLÈTIC,HOME,2256034,J. Cerdan Palacios,J. Cerdan Palacios,0,21.5,1292.0,9.0,2.0,3.0,1.0,5.0,3.0,8.0,2.0,2.0,2.0,2.0,4.0,1.0,2.0,1.0,0.0,0.0,0.0,1.0,9.0,14.0,50.7,43.8,62.5,25.0,1.3,0.6,2.0,13.3,10.6,11.8,6.7,2.3,0.0,18.4,21.4
2509188,1,984928,BARÇA ATLÈTIC,HOME,2561463,D. Ferreras Camarero,D. Ferreras Camarero,1,17.5,1049.0,7.0,2.0,4.0,1.0,2.0,3.0,6.0,0.0,0.0,1.0,0.0,1.0,3.0,2.0,3.0,0.0,1.0,3.0,0.0,6.0,28.0,58.3,58.3,33.3,0.0,1.0,1.5,0.0,8.2,0.0,3.6,26.3,8.4,0.0,25.0,19.4
2509188,1,984928,BARÇA ATLÈTIC,HOME,2166517,D. Gonzalez Castro,D. Gonzalez Castro,0,19.9,1196.0,8.0,3.0,3.0,0.0,0.0,3.0,3.0,2.0,2.0,1.0,2.0,3.0,1.0,2.0,4.0,0.0,0.0,0.0,2.0,16.0,22.0,103.1,100.0,0.0,66.7,2.0,0.0,1.0,7.2,11.5,9.6,6.7,9.9,0.0,34.0,12.5
2509188,1,984928,BARÇA ATLÈTIC,HOME,2218824,O. Filba Gonzalez,O. Filba Gonzalez,0,18.0,1082.0,3.0,0.0,1.0,1.0,3.0,1.0,4.0,0.0,0.0,0.0,0.0,0.0,4.0,0.0,1.0,0.0,0.0,2.0,0.0,3.0,20.0,37.5,37.5,75.0,0.0,0.0,1.0,0.0,0.0,0.0,0.0,23.5,2.7,0.0,0.0,9.4
2509188,1,984928,BARÇA ATLÈTIC,HOME,2641337,J. Boumtje Boumtje,J. Boumtje Boumtje,1,16.9,1011.0,9.0,3.0,4.0,1.0,3.0,4.0,7.0,0.0,2.0,0.0,3.0,3.0,3.0,2.0,1.0,0.0,0.0,5.0,2.0,6.0,11.0,57.1,64.3,42.9,28.6,1.5,1.0,1.0,0.0,20.3,11.3,28.8,2.9,0.0,20.2,24.8
2509188,1,984928,BARÇA ATLÈTIC,HOME,2642481,M. Dabone,M. Dabone,1,22.3,1337.0,15.0,6.0,12.0,0.0,1.0,6.0,13.0,3.0,3.0,2.0,6.0,8.0,1.0,0.0,3.0,0.0,0.0,4.0,7.0,23.0,12.0,52.4,46.2,7.7,23.1,1.0,0.0,0.4,12.8,30.7,22.8,6.4,6.6,0.0,0.0,27.2
2509188,1,984929,JOVENTUT BADALONA,AWAY,2081709,E. Del Castillo Lindo,E. Del Castillo Lindo,1,18.3,1098.0,4.0,2.0,5.0,0.0,3.0,2.0,8.0,0.0,2.0,3.0,2.0,5.0,1.0,3.0,3.0,0.0,1.0,1.0,2.0,3.0,-23.0,22.5,25.0,37.5,25.0,0.8,0.0,1.0,18.7,15.6,17.3,16.7,7.9,0.0,25.3,29.3
2509188,1,984929,JOVENTUT BADALONA,AWAY,2081017,M. Julia Del Pozo,M. Julia Del Pozo,0,9.8,588.0,0.0,0.0,0.0,0.0,0.0,0.0,0.0,0.0,2.0,0.0,0.0,0.0,1.0,3.0,0.0,0.0,0.0,0.0,1.0,-3.0,-18.0,0.0,0.0,0.0,0.0,0.0,0.0,2.0,0.0,0.0,0.0,31.2,0.0,0.0,77.3,17.9
2509188,1,984929,JOVENTUT BADALONA,AWAY,2641899,G. Graae Barbosa,G. Graae Barbosa,1,20.2,1212.0,4.0,2.0,3.0,0.0,0.0,2.0,3.0,0.0,0.0,0.0,1.0,1.0,1.0,2.0,1.0,0.0,0.0,3.0,1.0,2.0,-14.0,66.7,66.7,0.0,0.0,1.3,0.0,0.0,0.0,7.1,3.1,16.7,2.4,0.0,40.0,11.2
2509188,1,984929,JOVENTUT BADALONA,AWAY,2453512,P. Batlle Sole,P. Batlle Sole,0,5.9,356.0,0.0,0.0,0.0,0.0,0.0,0.0,0.0,0.0,0.0,0.0,0.0,0.0,0.0,0.0,1.0,0.0,0.0,1.0,0.0,0.0,-16.0,0.0,0.0,0.0,0.0,0.0,0.0,0.0,0.0,0.0,0.0,0.0,8.1,0.0,0.0,0.0
2509188,1,984929,JOVENTUT BADALONA,AWAY,2845979,M. Buben,M. Buben,0,17.0,1022.0,7.0,0.0,0.0,2.0,3.0,2.0,3.0,1.0,3.0,0.0,4.0,4.0,0.0,5.0,1.0,2.0,0.0,3.0,3.0,6.0,-21.0,81.0,100.0,100.0,100.0,0.0,2.0,1.0,0.0,33.6,14.9,0.0,2.8,10.2,53.6,24.8
2509188,1,984929,JOVENTUT BADALONA,AWAY,2241509,H. Ruiz Zamorano,H. Ruiz Zamorano,0,18.9,1132.0,8.0,2.0,2.0,1.0,4.0,3.0,6.0,1.0,1.0,0.0,0.0,0.0,0.0,1.0,1.0,0.0,0.0,1.0,1.0,5.0,-26.0,62.1,58.3,66.7,16.7,2.0,0.8,1.0,0.0,0.0,0.0,0.0,2.5,0.0,13.4,17.8
2509188,1,984929,JOVENTUT BADALONA,AWAY,2023675,A. Torres De La Torre,A. Torres De La Torre,1,23.6,1415.0,1.0,0.0,1.0,0.0,4.0,0.0,5.0,1.0,2.0,1.0,2.0,3.0,0.0,1.0,0.0,0.0,0.0,1.0,3.0,-1.0,-25.0,8.5,0.0,80.0,40.0,0.0,0.0,0.7,4.8,12.1,8.1,0.0,0.0,0.0,14.5,13.2
2509188,1,984929,JOVENTUT BADALONA,AWAY,2452873,M. Gil Llimona,M. Gil Llimona,0,19.1,1143.0,0.0,0.0,0.0,0.0,0.0,0.0,0.0,0.0,2.0,1.0,1.0,2.0,2.0,5.0,0.0,0.0,0.0,1.0,4.0,0.0,-28.0,0.0,0.0,0.0,0.0,0.0,0.0,0.5,6.0,7.5,6.6,25.0,0.0,0.0,85.0,13.9
2509188,1,984929,JOVENTUT BADALONA,AWAY,1943849,F. Mauri Guillen,F. Mauri Guillen,1,17.9,1074.0,8.0,1.0,3.0,2.0,8.0,3.0,11.0,0.0,1.0,1.0,3.0,4.0,1.0,3.0,1.0,0.0,0.0,1.0,1.0,2.0,-13.0,35.0,36.4,72.7,9.1,0.7,0.8,1.0,6.4,23.9,14.2,29.4,2.7,0.0,20.8,36.5
2509188,1,984929,JOVENTUT BADALONA,AWAY,2535717,K. Macías Book,K. Macías Book,0,17.4,1044.0,6.0,3.0,6.0,0.0,2.0,3.0,8.0,0.0,0.0,1.0,2.0,3.0,0.0,1.0,0.0,0.0,2.0,4.0,0.0,-1.0,-29.0,37.5,37.5,25.0,0.0,1.0,0.0,0.0,6.6,16.4,10.9,0.0,0.0,0.0,11.1,23.4
2509188,1,984929,JOVENTUT BADALONA,AWAY,2528952,D. Niebla Santos,D. Niebla Santos,0,9.0,538.0,5.0,1.0,2.0,0.0,0.0,1.0,2.0,3.0,4.0,0.0,1.0,1.0,0.0,2.0,0.0,0.0,0.0,1.0,3.0,4.0,-4.0,66.5,50.0,0.0,200.0,1.0,0.0,1.3,0.0,15.9,7.1,0.0,0.0,0.0,34.7,28.9
2509188,1,984929,JOVENTUT BADALONA,AWAY,2243143,T. Thomas I García,T. Thomas I García,1,23.0,1378.0,0.0,0.0,4.0,0.0,1.0,0.0,5.0,0.0,0.0,0.0,1.0,1.0,0.0,4.0,1.0,0.0,0.0,2.0,0.0,-9.0,-28.0,0.0,0.0,20.0,0.0,0.0,0.0,0.0,0.0,6.2,2.8,0.0,2.1,0.0,44.4,17.7
2509189,1,984923,GRAN CANARIA,HOME,2441048,E. Heinonen,E. Heinonen,1,28.8,1728.0,8.0,2.0,6.0,0.0,8.0,2.0,14.0,4.0,4.0,0.0,0.0,0.0,2.0,1.0,0.0,0.0,0.0,3.0,3.0,-3.0,-15.0,25.4,14.3,57.1,28.6,0.7,0.0,1.3,0.0,0.0,0.0,13.5,0.0,0.0,6.0,24.6
2509189,1,984923,GRAN CANARIA,HOME,2044256,J. Arteaga Giner,J. Arteaga Giner,0,7.1,428.0,0.0,0.0,0.0,0.0,0.0,0.0,0.0,0.0,0.0,1.0,0.0,1.0,0.0,0.0,0.0,0.0,0.0,0.0,0.0,1.0,8.0,0.0,0.0,0.0,0.0,0.0,0.0,0.0,13.7,0.0,7.5,0.0,0.0,0.0,0.0,0.0
2509189,1,984923,GRAN CANARIA,HOME,1885980,F. Díaz Herrera,F. Díaz Herrera,1,22.3,1340.0,10.0,2.0,6.0,1.0,2.0,3.0,8.0,3.0,8.0,2.0,1.0,3.0,1.0,2.0,1.0,0.0,2.0,4.0,5.0,4.0,-5.0,43.4,43.8,25.0,100.0,0.7,1.5,1.6,8.7,5.3,7.2,8.8,2.4,0.0,14.8,25.6
2509189,1,984923,GRAN CANARIA,HOME,2279529,H. Díaz Guillén,H. Díaz Guillén,0,0.2,10.0,0.0,0.0,0.0,0.0,0.0,0.0,0.0,0.0,0.0,0.0,0.0,0.0,0.0,0.0,0.0,0.0,0.0,0.0,0.0,0.0,0.0,0.0,0.0,0.0,0.0,0.0,0.0,0.0,0.0,0.0,0.0,0.0,0.0,0.0,0.0,0.0
2509189,1,984923,GRAN CANARIA,HOME,2834161,W. Tsafack,W. Tsafack,1,34.5,2068.0,13.0,5.0,10.0,0.0,4.0,5.0,14.0,3.0,8.0,2.0,5.0,7.0,2.0,1.0,1.0,2.0,0.0,2.0,6.0,14.0,-11.0,37.1,35.7,28.6,57.1,1.0,0.0,1.3,5.7,17.1,10.8,12.0,1.6,5.5,5.4,22.7
2509189,1,984923,GRAN CANARIA,HOME,2760153,C. Mbengue,C. Mbengue,0,17.8,1068.0,4.0,2.0,4.0,0.0,0.0,2.0,4.0,0.0,0.0,3.0,1.0,4.0,1.0,1.0,1.0,0.0,0.0,2.0,2.0,7.0,-17.0,50.0,50.0,0.0,0.0,1.0,0.0,0.0,16.4,6.6,12.0,13.2,3.0,0.0,20.0,11.9
2509189,1,984923,GRAN CANARIA,HOME,2177916,P. Pasqua Amat,P. Pasqua Amat,0,14.5,869.0,2.0,1.0,1.0,0.0,2.0,1.0,3.0,0.0,2.0,0.0,1.0,1.0,1.0,0.0,1.0,0.0,0.0,0.0,1.0,2.0,-14.0,25.8,33.3,66.7,66.7,2.0,0.0,2.0,0.0,8.1,3.7,11.6,3.7,0.0,0.0,11.3
2509189,1,984923,GRAN CANARIA,HOME,2563387,M. Coulibaly,M. Coulibaly,0,13.8,826.0,0.0,0.0,3.0,0.0,0.0,0.0,3.0,0.0,0.0,0.0,2.0,2.0,0.0,0.0,0.0,1.0,1.0,2.0,0.0,-2.0,13.0,0.0,0.0,0.0,0.0,0.0,0.0,0.0,0.0,17.1,7.7,0.0,0.0,6.9,0.0,9.2
2509189,1,984923,GRAN CANARIA,HOME,2651631,M. Miteo,M. Miteo,1,17.8,1069.0,7.0,2.0,6.0,1.0,2.0,3.0,8.0,0.0,0.0,0.0,2.0,2.0,0.0,2.0,1.0,0.0,0.0,4.0,2.0,1.0,-11.0,43.8,43.8,25.0,0.0,0.7,1.5,0.0,0.0,13.2,6.0,0.0,3.0,0.0,20.0,23.8
2509189,1,984923,GRAN CANARIA,HOME,2087418,G. Baez Pierson,G. Baez Pierson,0,17.1,1026.0,8.0,0.0,0.0,2.0,6.0,2.0,6.0,2.0,2.0,0.0,1.0,1.0,1.0,1.0,1.0,0.0,0.0,1.0,3.0,8.0,9.0,58.1,50.0,100.0,33.3,0.0,1.0,0.7,0.0,6.9,3.1,13.2,3.2,0.0,12.7,19.5
2509189,1,984923,GRAN CANARIA,HOME,2827856,B. González Ramírez,B. González Ramírez,1,26.1,1568.0,15.0,3.0,8.0,3.0,7.0,6.0,15.0,0.0,0.0,2.0,3.0,5.0,3.0,1.0,2.0,0.0,0.0,1.0,2.0,16.0,-7.0,50.0,50.0,46.7,0.0,0.8,1.3,0.0,7.5,13.5,10.2,27.8,4.1,0.0,6.2,25.9
2509189,1,984926,FUNDACIÓN CB CANARIAS,AWAY,2044955,X. Lopez Rodriguez,X. Lopez Rodriguez,1,29.4,1766.0,12.0,3.0,8.0,2.0,2.0,5.0,10.0,0.0,2.0,4.0,10.0,14.0,0.0,4.0,0.0,0.0,1.0,2.0,2.0,15.0,12.0,55.1,60.0,20.0,20.0,0.8,3.0,1.0,16.0,33.2,25.4,0.0,0.0,0.0,26.9,22.0
2509189,1,984926,FUNDACIÓN CB CANARIAS,AWAY,2734732,E. Prekevicius,E. Prekevicius,0,10.8,646.0,0.0,0.0,1.0,0.0,1.0,0.0,2.0,0.0,0.0,1.0,0.0,1.0,1.0,1.0,0.0,0.0,0.0,0.0,0.0,-1.0,-7.0,0.0,0.0,50.0,0.0,0.0,0.0,0.0,10.9,0.0,4.9,11.5,0.0,0.0,33.3,12.1
2509189,1,984926,FUNDACIÓN CB CANARIAS,AWAY,2064159,M. Crujeiras Moreiras,M. Crujeiras Moreiras,0,1.4,81.0,0.0,0.0,1.0,0.0,0.0,0.0,1.0,0.0,0.0,0.0,0.0,0.0,0.0,0.0,0.0,0.0,0.0,0.0,0.0,-1.0,-2.0,0.0,0.0,0.0,0.0,0.0,0.0,0.0,0.0,0.0,0.0,0.0,0.0,0.0,0.0,31.0
2509189,1,984926,FUNDACIÓN CB CANARIAS,AWAY,2444602,L. Riga,L. Riga,0,20.2,1215.0,9.0,0.0,2.0,3.0,4.0,3.0,6.0,0.0,0.0,2.0,4.0,6.0,0.0,3.0,0.0,1.0,0.0,3.0,1.0,8.0,9.0,75.0,75.0,66.7,0.0,0.0,2.2,0.0,11.6,19.3,15.8,0.0,0.0,4.5,33.3,19.4
2509189,1,984926,FUNDACIÓN CB CANARIAS,AWAY,2007163,D. Fernandez Trujillo,D. Fernandez Trujillo,0,11.8,709.0,1.0,0.0,2.0,0.0,1.0,0.0,3.0,1.0,2.0,2.0,1.0,3.0,3.0,2.0,0.0,0.0,0.0,3.0,2.0,0.0,2.0,12.9,0.0,33.3,66.7,0.0,0.0,1.0,19.9,8.3,13.6,34.5,0.0,0.0,34.0,21.7
2509189,1,984926,FUNDACIÓN CB CANARIAS,AWAY,1856308,D. Acosta Moliné,D. Acosta Moliné,1,22.6,1356.0,12.0,6.0,9.0,0.0,0.0,6.0,9.0,0.0,1.0,6.0,4.0,10.0,0.0,2.0,0.0,2.0,1.0,4.0,2.0,16.0,4.0,63.6,66.7,0.0,11.1,1.3,0.0,0.5,31.2,17.3,23.6,0.0,0.0,8.0,17.5,22.0
2509189,1,984926,FUNDACIÓN CB CANARIAS,AWAY,2829962,D. Bordón Dri,D. Bordón Dri,1,35.0,2099.0,20.0,5.0,10.0,2.0,7.0,7.0,17.0,4.0,6.0,2.0,1.0,3.0,9.0,0.0,3.0,0.0,1.0,3.0,5.0,25.0,22.0,50.9,47.1,41.2,35.3,1.0,0.9,1.2,6.7,2.8,4.6,47.1,4.1,0.0,0.0,24.4
2509189,1,984926,FUNDACIÓN CB CANARIAS,AWAY,2181003,R. Rodriguez Galvan,R. Rodriguez Galvan,1,27.9,1674.0,8.0,1.0,2.0,2.0,9.0,3.0,11.0,0.0,0.0,0.0,5.0,5.0,2.0,3.0,0.0,0.0,0.0,4.0,2.0,2.0,9.0,36.4,36.4,81.8,0.0,1.0,0.7,0.0,0.0,17.5,9.6,11.6,0.0,0.0,21.4,21.8
2509189,1,984926,FUNDACIÓN CB CANARIAS,AWAY,2470375,M. Sangare,M. Sangare,1,31.9,1911.0,13.0,4.0,6.0,0.0,2.0,4.0,8.0,5.0,5.0,1.0,5.0,6.0,0.0,2.0,0.0,0.0,0.0,4.0,3.0,12.0,9.0,63.7,50.0,25.0,62.5,1.3,0.0,1.7,3.7,15.3,10.0,0.0,0.0,0.0,16.4,16.6
2509189,1,984926,FUNDACIÓN CB CANARIAS,AWAY,2137337,A. Perez Lopez,A. Perez Lopez,0,1.5,88.0,0.0,0.0,0.0,0.0,0.0,0.0,0.0,0.0,0.0,0.0,0.0,0.0,0.0,0.0,0.0,0.0,0.0,1.0,0.0,-1.0,-5.0,0.0,0.0,0.0,0.0,0.0,0.0,0.0,0.0,0.0,0.0,0.0,0.0,0.0,0.0,0.0
2509189,1,984926,FUNDACIÓN CB CANARIAS,AWAY,2362551,E. Lima Teixeira,E. Lima Teixeira,0,6.1,367.0,2.0,1.0,1.0,0.0,0.0,1.0,1.0,0.0,0.0,0.0,1.0,1.0,0.0,0.0,0.0,0.0,0.0,0.0,0.0,3.0,2.0,100.0,100.0,0.0,0.0,2.0,0.0,0.0,0.0,16.0,8.7,0.0,0.0,0.0,0.0,7.1
2509189,1,984926,FUNDACIÓN CB CANARIAS,AWAY,2129281,G. Hernández Expósito,G. Hernández Expósito,0,1.5,88.0,0.0,0.0,0.0,0.0,0.0,0.0,0.0,0.0,0.0,0.0,0.0,0.0,0.0,0.0,0.0,0.0,0.0,0.0,0.0,0.0,-5.0,0.0,0.0,0.0,0.0,0.0,0.0,0.0,0.0,0.0,0.0,0.0,0.0,0.0,0.0,0.0
2509190,1,984930,BAXI MANRESA,HOME,2739297,I. Francisco,I. Francisco,1,17.5,1048.0,4.0,1.0,2.0,0.0,2.0,1.0,4.0,2.0,4.0,0.0,1.0,1.0,3.0,4.0,1.0,1.0,0.0,0.0,4.0,5.0,-16.0,34.7,25.0,50.0,100.0,1.0,0.0,1.0,0.0,6.7,3.0,34.9,2.7,4.3,41.0,24.2
2509190,1,984930,BAXI MANRESA,HOME,1959173,M. Rosell Lanza,M. Rosell Lanza,0,27.8,1670.0,7.0,0.0,2.0,1.0,5.0,1.0,7.0,4.0,4.0,1.0,5.0,6.0,1.0,2.0,1.0,0.0,0.0,0.0,2.0,9.0,-27.0,40.0,21.4,71.4,57.1,0.0,0.6,2.0,3.5,21.2,11.5,6.3,1.7,0.0,18.6,16.8
2509190,1,984930,BAXI MANRESA,HOME,2080257,M. Olvera Gimenez,M. Olvera Gimenez,0,4.4,264.0,2.0,1.0,2.0,0.0,1.0,1.0,3.0,0.0,0.0,1.0,2.0,3.0,0.0,1.0,0.0,0.0,0.0,1.0,0.0,1.0,-3.0,33.3,33.3,33.3,0.0,1.0,0.0,0.0,22.2,53.5,36.4,0.0,0.0,0.0,25.0,39.5
2509190,1,984930,BAXI MANRESA,HOME,2528977,B. Jekabsons,B. Jekabsons,0,15.8,950.0,11.0,4.0,4.0,1.0,5.0,5.0,9.0,0.0,0.0,0.0,0.0,0.0,0.0,2.0,0.0,0.0,0.0,2.0,0.0,3.0,-19.0,61.1,61.1,55.6,0.0,2.0,0.6,0.0,0.0,0.0,0.0,0.0,0.0,0.0,18.2,30.3
2509190,1,984930,BAXI MANRESA,HOME,2738788,L. Bergseng,L. Bergseng,1,16.9,1012.0,5.0,1.0,5.0,1.0,1.0,2.0,6.0,0.0,2.0,0.0,3.0,3.0,1.0,1.0,1.0,1.0,1.0,2.0,2.0,4.0,-12.0,36.3,41.7,16.7,33.3,0.4,3.0,1.0,0.0,20.9,9.5,13.2,2.8,4.5,12.7,20.3
2509190,1,984930,BAXI MANRESA,HOME,2295371,G. Ecker Alberti,G. Ecker Alberti,0,10.0,600.0,0.0,0.0,0.0,0.0,1.0,0.0,1.0,0.0,0.0,0.0,2.0,2.0,0.0,1.0,0.0,0.0,0.0,2.0,0.0,-2.0,-15.0,0.0,0.0,100.0,0.0,0.0,0.0,0.0,0.0,23.5,10.7,0.0,0.0,0.0,50.0,8.7
2509190,1,984930,BAXI MANRESA,HOME,2153495,J. Salo Blaya,J. Salo Blaya,0,22.7,1361.0,4.0,2.0,7.0,0.0,0.0,2.0,7.0,0.0,0.0,4.0,2.0,6.0,2.0,0.0,1.0,0.0,0.0,4.0,2.0,6.0,-22.0,28.6,28.6,0.0,0.0,0.6,0.0,0.0,17.2,10.4,14.1,16.1,2.1,0.0,0.0,13.4
2509190,1,984930,BAXI MANRESA,HOME,2081670,G. Naspler Perez,G. Naspler Perez,1,16.3,976.0,5.0,2.0,4.0,0.0,1.0,2.0,5.0,1.0,2.0,1.0,1.0,2.0,1.0,3.0,0.0,0.0,0.0,3.0,3.0,1.0,-7.0,42.5,40.0,20.0,40.0,1.0,0.0,0.7,6.0,7.2,6.5,13.2,0.0,0.0,33.8,23.7
2509190,1,984930,BAXI MANRESA,HOME,2150510,J. Pumarola Aguilar,J. Pumarola Aguilar,1,19.2,1153.0,6.0,0.0,2.0,2.0,3.0,2.0,5.0,0.0,0.0,1.0,1.0,2.0,1.0,1.0,1.0,2.0,0.0,2.0,1.0,7.0,-15.0,60.0,60.0,60.0,0.0,0.0,2.0,0.0,5.1,6.1,5.6,10.0,2.4,7.9,16.7,13.6
2509190,1,984930,BAXI MANRESA,HOME,2334297,L. Sanchez Fernandez,L. Sanchez Fernandez,0,19.9,1194.0,13.0,4.0,7.0,1.0,2.0,5.0,9.0,2.0,2.0,1.0,0.0,1.0,4.0,2.0,1.0,1.0,0.0,2.0,2.0,14.0,-11.0,65.8,61.1,22.2,22.2,1.1,1.5,1.0,4.9,0.0,2.7,57.1,2.3,3.8,16.8,25.9
2509190,1,984930,BAXI MANRESA,HOME,2145902,F. Torreblanca Catalan,F. Torreblanca Catalan,1,20.8,1249.0,5.0,1.0,1.0,1.0,4.0,2.0,5.0,0.0,0.0,1.0,1.0,2.0,0.0,4.0,1.0,0.0,0.0,2.0,0.0,-1.0,-22.0,50.0,50.0,80.0,0.0,2.0,0.8,0.0,4.7,5.7,5.1,0.0,2.2,0.0,44.4,18.8
2509190,1,984930,BAXI MANRESA,HOME,2815468,S. Lederman,S. Lederman,0,8.7,523.0,3.0,1.0,1.0,0.0,1.0,1.0,2.0,1.0,2.0,0.0,0.0,0.0,0.0,1.0,1.0,0.0,0.0,1.0,1.0,1.0,-1.0,52.1,50.0,50.0,100.0,2.0,0.0,2.0,0.0,0.0,0.0,0.0,5.4,0.0,25.8,19.4
2509190,1,984792,REAL MADRID,AWAY,2227587,G. Tavier Montoya,G. Tavier Montoya,0,20.2,1212.0,4.0,2.0,2.0,0.0,0.0,2.0,2.0,0.0,0.0,1.0,2.0,3.0,1.0,0.0,1.0,0.0,0.0,1.0,1.0,9.0,24.0,100.0,100.0,0.0,0.0,2.0,0.0,0.0,5.8,9.7,7.9,6.2,2.4,0.0,0.0,3.9
2509190,1,984792,REAL MADRID,AWAY,2094410,H. Alonso Martinez,H. Alonso Martinez,1,23.8,1426.0,12.0,3.0,6.0,0.0,3.0,3.0,9.0,6.0,6.0,0.0,2.0,2.0,4.0,3.0,2.0,0.0,2.0,1.0,5.0,15.0,22.0,51.5,33.3,33.3,66.7,1.0,0.0,1.2,0.0,8.2,4.5,21.5,4.1,0.0,20.5,24.2
2509190,1,984792,REAL MADRID,AWAY,2735493,F. Kayser,F. Kayser,1,26.8,1609.0,16.0,4.0,9.0,2.0,6.0,6.0,15.0,2.0,2.0,1.0,2.0,3.0,2.0,3.0,4.0,0.0,0.0,3.0,2.0,12.0,21.0,50.4,46.7,40.0,13.3,0.9,1.0,1.0,4.4,7.3,6.0,10.4,7.3,0.0,15.9,27.7
2509190,1,984792,REAL MADRID,AWAY,2286044,I. Ruperez Nuñez-Morgades,I. Ruperez Nuñez-Morgades,0,11.9,714.0,4.0,2.0,6.0,0.0,1.0,2.0,7.0,0.0,0.0,1.0,1.0,2.0,1.0,0.0,1.0,0.0,1.0,1.0,2.0,4.0,4.0,28.6,28.6,14.3,0.0,0.7,0.0,0.0,9.9,8.2,9.0,11.4,4.1,0.0,0.0,23.2
2509190,1,984792,REAL MADRID,AWAY,2645392,O. Kutluay,O. Kutluay,0,15.8,947.0,12.0,2.0,5.0,2.0,3.0,4.0,8.0,2.0,2.0,0.0,2.0,2.0,3.0,2.0,2.0,0.0,1.0,0.0,2.0,15.0,12.0,67.6,62.5,37.5,25.0,0.8,2.0,1.0,0.0,12.3,6.8,28.8,6.2,0.0,18.4,27.1
2509190,1,984792,REAL MADRID,AWAY,2662049,A. Bjelic,A. Bjelic,1,16.1,967.0,4.0,2.0,6.0,0.0,3.0,2.0,9.0,0.0,0.0,3.0,1.0,4.0,2.0,1.0,0.0,0.0,1.0,0.0,1.0,3.0,7.0,22.2,22.2,33.3,0.0,0.7,0.0,0.0,21.9,6.1,13.3,16.1,0.0,0.0,10.0,24.5
2509190,1,984792,REAL MADRID,AWAY,2642414,I. Frolov,I. Frolov,1,14.1,848.0,9.0,2.0,3.0,1.0,1.0,3.0,4.0,2.0,2.0,3.0,8.0,11.0,1.0,2.0,0.0,0.0,0.0,5.0,1.0,14.0,11.0,92.2,87.5,25.0,50.0,1.3,3.0,2.0,25.0,55.4,41.6,8.8,0.0,0.0,29.1,19.2
2509190,1,984792,REAL MADRID,AWAY,2043083,R. Rioja Achiaga,R. Rioja Achiaga,0,4.7,283.0,0.0,0.0,1.0,0.0,0.0,0.0,1.0,0.0,0.0,0.0,1.0,1.0,0.0,0.0,0.0,0.0,0.0,1.0,0.0,-1.0,1.0,0.0,0.0,0.0,0.0,0.0,0.0,0.0,0.0,20.8,11.3,0.0,0.0,0.0,0.0,8.4
2509190,1,984792,REAL MADRID,AWAY,2817763,E. Amosov,E. Amosov,0,22.1,1325.0,12.0,2.0,4.0,2.0,7.0,4.0,11.0,2.0,3.0,0.0,3.0,3.0,4.0,2.0,2.0,0.0,0.0,0.0,1.0,12.0,20.0,48.7,45.5,63.6,27.3,1.0,0.9,3.0,0.0,13.2,7.2,22.7,4.4,0.0,14.0,25.5
2509190,1,984792,REAL MADRID,AWAY,2679004,O. Diarra,O. Diarra,1,27.1,1624.0,19.0,8.0,9.0,0.0,0.0,8.0,9.0,3.0,5.0,7.0,6.0,13.0,2.0,0.0,1.0,0.0,0.0,3.0,3.0,32.0,24.0,84.8,88.9,0.0,55.6,1.8,0.0,1.7,30.4,21.6,25.6,11.6,1.8,0.0,0.0,16.3
2509190,1,984792,REAL MADRID,AWAY,2370180,O. Hadi Adegbite,O. Hadi Adegbite,0,17.4,1045.0,7.0,2.0,2.0,0.0,0.0,2.0,2.0,3.0,4.0,0.0,3.0,3.0,4.0,1.0,2.0,1.0,0.0,2.0,3.0,16.0,24.0,93.1,100.0,0.0,200.0,2.0,0.0,1.3,0.0,16.8,9.2,32.3,5.6,6.2,21.0,10.8
2509191,1,984791,BURGOS GRUPO DE SANTIAGO,HOME,2535384,M. Bella Cabañas,M. Bella Cabañas,1,19.2,1153.0,5.0,1.0,3.0,1.0,3.0,2.0,6.0,0.0,0.0,0.0,0.0,0.0,3.0,0.0,0.0,0.0,0.0,3.0,3.0,4.0,10.0,41.7,41.7,50.0,0.0,0.7,1.0,0.0,0.0,0.0,0.0,20.0,0.0,0.0,0.0,12.5
2509191,1,984791,BURGOS GRUPO DE SANTIAGO,HOME,2661261,R. Rodriguez,R. Rodriguez,1,22.9,1373.0,0.0,0.0,2.0,0.0,3.0,0.0,5.0,0.0,0.0,1.0,4.0,5.0,4.0,0.0,3.0,0.0,0.0,4.0,0.0,3.0,11.0,0.0,0.0,60.0,0.0,0.0,0.0,0.0,4.1,15.2,9.8,19.6,6.1,0.0,0.0,8.7
2509191,1,984791,BURGOS GRUPO DE SANTIAGO,HOME,2436134,A. Traore,A. Traore,1,30.2,1815.0,8.0,4.0,5.0,0.0,0.0,4.0,5.0,0.0,6.0,3.0,6.0,9.0,0.0,2.0,3.0,1.0,0.0,3.0,4.0,13.0,6.0,52.4,80.0,0.0,120.0,1.6,0.0,1.5,9.2,17.3,13.4,0.0,4.6,2.9,20.7,12.8
2509191,1,984791,BURGOS GRUPO DE SANTIAGO,HOME,2162563,A. Laso Careaga,A. Laso Careaga,0,21.8,1305.0,0.0,0.0,1.0,0.0,2.0,0.0,3.0,0.0,0.0,1.0,3.0,4.0,6.0,2.0,2.0,0.0,0.0,2.0,3.0,8.0,7.0,0.0,0.0,66.7,0.0,0.0,0.0,0.0,4.3,12.0,8.2,35.3,4.3,0.0,40.0,9.2
2509191,1,984791,BURGOS GRUPO DE SANTIAGO,HOME,2103560,A. Reyes Abad,A. Reyes Abad,1,22.9,1371.0,10.0,2.0,5.0,1.0,3.0,3.0,8.0,3.0,4.0,1.0,8.0,9.0,1.0,2.0,0.0,0.0,0.0,3.0,4.0,13.0,5.0,51.2,43.8,37.5,50.0,0.8,1.0,1.0,4.1,30.4,17.7,5.7,0.0,0.0,17.0,20.5
2509191,1,984791,BURGOS GRUPO DE SANTIAGO,HOME,2690845,F. Nuñez,F. Nuñez,0,18.5,1111.0,17.0,3.0,3.0,3.0,6.0,6.0,9.0,2.0,4.0,2.0,1.0,3.0,0.0,1.0,1.0,1.0,0.0,0.0,4.0,20.0,-5.0,79.0,83.3,66.7,44.4,2.0,1.5,1.0,10.1,4.7,7.3,0.0,2.5,4.7,8.5,25.4
2509191,1,984791,BURGOS GRUPO DE SANTIAGO,HOME,2045029,D. Rodriguez Ramos,D. Rodriguez Ramos,0,14.5,869.0,4.0,2.0,3.0,0.0,4.0,2.0,7.0,0.0,0.0,1.0,0.0,1.0,0.0,0.0,1.0,0.0,0.0,3.0,0.0,-2.0,8.0,28.6,28.6,57.1,0.0,1.3,0.0,0.0,6.4,0.0,3.1,0.0,3.2,0.0,0.0,19.3
2509191,1,984791,BURGOS GRUPO DE SANTIAGO,HOME,2220551,M. Garcia Varona,M. Garcia Varona,0,0.4,22.0,0.0,0.0,0.0,0.0,0.0,0.0,0.0,0.0,0.0,0.0,0.0,0.0,0.0,0.0,0.0,0.0,0.0,1.0,0.0,-1.0,0.0,0.0,0.0,0.0,0.0,0.0,0.0,0.0,0.0,0.0,0.0,0.0,0.0,0.0,0.0,0.0
2509191,1,984791,BURGOS GRUPO DE SANTIAGO,HOME,2210291,E. Franco Sanz,E. Franco Sanz,0,5.8,348.0,5.0,1.0,1.0,0.0,0.0,1.0,1.0,3.0,4.0,2.0,1.0,3.0,0.0,0.0,0.0,0.0,0.0,0.0,2.0,9.0,1.0,90.6,100.0,0.0,400.0,2.0,0.0,2.0,32.1,15.0,23.2,0.0,0.0,0.0,0.0,19.0
2509191,1,984791,BURGOS GRUPO DE SANTIAGO,HOME,2610623,L. Krispin,L. Krispin,0,22.0,1319.0,22.0,8.0,14.0,1.0,6.0,9.0,20.0,3.0,3.0,1.0,4.0,5.0,0.0,1.0,0.0,0.0,0.0,2.0,3.0,16.0,-2.0,51.6,47.5,30.0,15.0,1.1,0.5,1.0,4.2,15.8,10.2,0.0,0.0,0.0,4.5,40.5
2509191,1,984791,BURGOS GRUPO DE SANTIAGO,HOME,2790234,J. Taboada Lühers,J. Taboada Lühers,1,21.9,1314.0,18.0,5.0,9.0,2.0,6.0,7.0,15.0,2.0,2.0,1.0,4.0,5.0,3.0,3.0,0.0,0.0,0.0,3.0,0.0,12.0,9.0,56.7,53.3,40.0,13.3,1.1,1.0,0.0,4.2,15.9,10.3,30.0,0.0,0.0,15.9,34.4
2509191,1,984927,CASADEMONT ZARAGOZA,AWAY,2736780,S. Faye,S. Faye,0,16.9,1013.0,10.0,4.0,7.0,0.0,0.0,4.0,7.0,2.0,3.0,2.0,7.0,9.0,0.0,2.0,1.0,0.0,0.0,2.0,3.0,15.0,-4.0,60.1,57.1,0.0,42.9,1.1,0.0,1.0,10.3,38.5,23.9,0.0,2.7,0.0,19.4,24.2
2509191,1,984927,CASADEMONT ZARAGOZA,AWAY,2125634,J. Garcia Sanchez,J. Garcia Sanchez,0,28.1,1689.0,2.0,0.0,4.0,0.0,6.0,0.0,10.0,2.0,2.0,1.0,2.0,3.0,4.0,1.0,1.0,0.0,0.0,4.0,2.0,-3.0,5.0,9.2,0.0,60.0,20.0,0.0,0.0,1.0,3.1,6.6,4.8,19.7,1.6,0.0,8.4,16.7
2509191,1,984927,CASADEMONT ZARAGOZA,AWAY,2008960,A. Moreno Valero,A. Moreno Valero,1,26.6,1595.0,20.0,4.0,4.0,2.0,7.0,6.0,11.0,6.0,8.0,0.0,5.0,5.0,3.0,4.0,2.0,0.0,0.0,2.0,6.0,23.0,-14.0,68.9,63.6,63.6,72.7,2.0,0.9,1.3,0.0,17.5,8.4,21.0,3.5,0.0,21.6,27.6
2509191,1,984927,CASADEMONT ZARAGOZA,AWAY,2646355,M. Lukic,M. Lukic,1,23.3,1400.0,12.0,3.0,5.0,2.0,4.0,5.0,9.0,0.0,3.0,1.0,2.0,3.0,0.0,4.0,2.0,0.0,1.0,1.0,6.0,11.0,-9.0,58.1,66.7,44.4,33.3,1.2,1.5,0.5,3.7,8.0,5.8,0.0,3.9,0.0,27.9,24.3
2509191,1,984927,CASADEMONT ZARAGOZA,AWAY,1975428,C. Alias Bermudez,C. Alias Bermudez,1,26.8,1606.0,4.0,2.0,8.0,0.0,4.0,2.0,12.0,0.0,0.0,5.0,4.0,9.0,2.0,0.0,0.0,0.0,1.0,2.0,0.0,3.0,-10.0,16.7,16.7,33.3,0.0,0.5,0.0,0.0,16.2,13.9,15.1,10.9,0.0,0.0,0.0,17.7
2509191,1,984927,CASADEMONT ZARAGOZA,AWAY,2438847,A. Savkov,A. Savkov,1,14.7,883.0,7.0,1.0,5.0,1.0,4.0,2.0,9.0,2.0,2.0,2.0,2.0,4.0,0.0,1.0,1.0,0.0,0.0,3.0,1.0,2.0,-18.0,35.4,27.8,44.4,22.2,0.4,0.8,2.0,11.8,12.7,12.2,0.0,3.1,0.0,9.2,29.3
2509191,1,984927,CASADEMONT ZARAGOZA,AWAY,2382632,A. Cativiela Aisa,A. Cativiela Aisa,0,16.6,995.0,11.0,2.0,4.0,2.0,5.0,4.0,9.0,1.0,4.0,1.0,3.0,4.0,1.0,0.0,1.0,0.0,0.0,4.0,3.0,8.0,-6.0,51.1,55.6,55.6,44.4,1.0,1.2,1.3,5.2,16.8,10.8,13.2,2.8,0.0,0.0,25.7
2509191,1,984927,CASADEMONT ZARAGOZA,AWAY,2073295,R. Valero Lopez,R. Valero Lopez,0,4.3,259.0,0.0,0.0,0.0,0.0,1.0,0.0,1.0,0.0,0.0,0.0,0.0,0.0,0.0,0.0,0.0,0.0,0.0,0.0,0.0,-1.0,1.0,0.0,0.0,100.0,0.0,0.0,0.0,0.0,0.0,0.0,0.0,0.0,0.0,0.0,0.0,9.2
2509191,1,984927,CASADEMONT ZARAGOZA,AWAY,2382801,J. Prieto Alejandre,J. Prieto Alejandre,0,12.2,729.0,3.0,1.0,1.0,0.0,1.0,1.0,2.0,1.0,1.0,0.0,0.0,0.0,0.0,0.0,0.0,0.0,0.0,0.0,1.0,3.0,3.0,61.5,50.0,50.0,50.0,2.0,0.0,1.0,0.0,0.0,0.0,0.0,0.0,0.0,0.0,7.9
2509191,1,984927,CASADEMONT ZARAGOZA,AWAY,2648124,A. Rodriguez Aguila,A. Rodriguez Aguila,1,15.9,953.0,6.0,3.0,3.0,0.0,0.0,3.0,3.0,0.0,0.0,1.0,1.0,2.0,0.0,0.0,0.0,0.0,0.0,2.0,1.0,7.0,-6.0,100.0,100.0,0.0,0.0,2.0,0.0,0.0,5.5,5.9,5.7,0.0,0.0,0.0,0.0,7.5
2509191,1,984927,CASADEMONT ZARAGOZA,AWAY,2704549,K. Soumalia Salif,K. Soumalia Salif,0,14.6,878.0,4.0,2.0,5.0,0.0,0.0,2.0,5.0,0.0,2.0,2.0,4.0,6.0,0.0,0.0,0.0,0.0,0.0,3.0,1.0,3.0,8.0,34.0,40.0,0.0,40.0,0.8,0.0,2.0,11.9,25.5,18.5,0.0,0.0,0.0,0.0,16.0
2509192,2,984792,REAL MADRID,HOME,2227587,G. Tavier Montoya,G. Tavier Montoya,0,5.8,350.0,0.0,0.0,1.0,0.0,0.0,0.0,1.0,0.0,0.0,1.0,1.0,2.0,1.0,1.0,1.0,0.0,0.0,1.0,0.0,1.0,-1.0,0.0,0.0,0.0,0.0,0.0,0.0,0.0,16.4,17.7,17.0,43.5,8.8,0.0,50.0,15.2
2509192,2,984792,REAL MADRID,HOME,2094410,H. Alonso Martinez,H. Alonso Martinez,1,31.4,1885.0,9.0,3.0,8.0,0.0,2.0,3.0,10.0,3.0,4.0,1.0,4.0,5.0,5.0,2.0,2.0,0.0,1.0,1.0,5.0,15.0,-3.0,38.3,30.0,20.0,40.0,0.8,0.0,0.8,3.0,13.1,7.9,32.5,3.3,0.0,14.5,19.3
2509192,2,984792,REAL MADRID,HOME,2735493,F. Kayser,F. Kayser,1,26.7,1604.0,16.0,4.0,6.0,1.0,8.0,5.0,14.0,5.0,5.0,1.0,6.0,7.0,1.0,1.0,2.0,0.0,0.0,2.0,2.0,16.0,5.0,49.4,39.3,57.1,35.7,1.3,0.4,2.5,3.6,23.0,12.9,9.0,3.8,0.0,5.8,28.4
2509192,2,984792,REAL MADRID,HOME,2286044,I. Ruperez Nuñez-Morgades,I. Ruperez Nuñez-Morgades,0,1.7,101.0,0.0,0.0,1.0,0.0,0.0,0.0,1.0,0.0,0.0,0.0,0.0,0.0,0.0,1.0,0.0,0.0,0.0,0.0,1.0,-1.0,-4.0,0.0,0.0,0.0,0.0,0.0,0.0,0.0,0.0,0.0,0.0,0.0,0.0,0.0,50.0,51.9
2509192,2,984792,REAL MADRID,HOME,2645392,O. Kutluay,O. Kutluay,0,12.7,763.0,8.0,1.0,2.0,1.0,2.0,2.0,4.0,3.0,4.0,0.0,1.0,1.0,1.0,3.0,0.0,0.0,0.0,0.0,3.0,7.0,0.0,69.4,62.5,50.0,100.0,1.0,1.5,1.3,0.0,8.1,3.9,20.4,0.0,0.0,34.2,30.4
2509192,2,984792,REAL MADRID,HOME,2662049,A. Bjelic,A. Bjelic,1,22.9,1373.0,6.0,2.0,4.0,0.0,4.0,2.0,8.0,2.0,2.0,1.0,0.0,1.0,1.0,3.0,2.0,0.0,0.0,2.0,1.0,0.0,-7.0,33.8,25.0,50.0,25.0,1.0,0.0,2.0,4.2,0.0,2.2,8.5,4.5,0.0,25.3,22.9
2509192,2,984792,REAL MADRID,HOME,2642414,I. Frolov,I. Frolov,1,14.2,850.0,9.0,2.0,3.0,1.0,4.0,3.0,7.0,2.0,2.0,1.0,5.0,6.0,0.0,0.0,1.0,0.0,0.0,4.0,2.0,10.0,-7.0,57.1,50.0,57.1,28.6,1.3,0.8,1.0,6.7,36.1,20.9,0.0,3.6,0.0,0.0,24.5
2509192,2,984792,REAL MADRID,HOME,2817763,E. Amosov,E. Amosov,0,21.9,1313.0,0.0,0.0,1.0,0.0,7.0,0.0,8.0,0.0,0.0,0.0,5.0,5.0,3.0,1.0,0.0,2.0,0.0,4.0,2.0,-1.0,-9.0,0.0,0.0,87.5,0.0,0.0,0.0,0.0,0.0,23.4,11.3,26.1,0.0,9.6,11.1,18.1
2509192,2,984792,REAL MADRID,HOME,2679004,O. Diarra,O. Diarra,1,16.6,993.0,0.0,0.0,0.0,0.0,0.0,0.0,0.0,0.0,0.0,1.0,1.0,2.0,0.0,0.0,1.0,0.0,0.0,3.0,0.0,0.0,-3.0,0.0,0.0,0.0,0.0,0.0,0.0,0.0,5.7,6.2,5.9,0.0,3.1,0.0,0.0,0.0
2509192,2,984792,REAL MADRID,HOME,2122875,I. Almansa Perez,I. Almansa Perez,0,34.9,2094.0,22.0,6.0,9.0,2.0,5.0,8.0,14.0,4.0,5.0,2.0,2.0,4.0,1.0,1.0,0.0,0.0,0.0,4.0,3.0,18.0,0.0,67.9,64.3,35.7,35.7,1.3,1.2,1.7,5.5,5.9,5.7,7.9,0.0,0.0,5.8,21.7
2509192,2,984792,REAL MADRID,HOME,2370180,O. Hadi Adegbite,O. Hadi Adegbite,0,11.2,674.0,0.0,0.0,0.0,0.0,1.0,0.0,1.0,0.0,0.0,0.0,2.0,2.0,0.0,0.0,0.0,0.0,0.0,0.0,0.0,1.0,-1.0,0.0,0.0,100.0,0.0,0.0,0.0,0.0,0.0,18.3,8.8,0.0,0.0,0.0,0.0,3.9
2509192,2,984928,BARÇA ATLÈTIC,AWAY,2642482,A. Kone,A. Kone,0,22.8,1370.0,7.0,2.0,6.0,0.0,0.0,2.0,6.0,3.0,7.0,1.0,6.0,7.0,0.0,0.0,0.0,0.0,1.0,2.0,4.0,8.0,-10.0,38.5,33.3,0.0,116.7,0.7,0.0,1.8,4.5,25.1,15.2,0.0,0.0,0.0,0.0,17.7
2509192,2,984928,BARÇA ATLÈTIC,AWAY,2642172,J. Siftar,J. Siftar,0,16.3,980.0,10.0,1.0,3.0,2.0,3.0,3.0,6.0,2.0,2.0,1.0,0.0,1.0,3.0,0.0,0.0,0.0,0.0,2.0,3.0,12.0,-5.0,72.7,66.7,50.0,33.3,0.7,2.0,0.7,6.3,0.0,3.0,36.6,0.0,0.0,0.0,18.8
2509192,2,984928,BARÇA ATLÈTIC,AWAY,2082056,N. Poza Cervantes,N. Poza Cervantes,1,18.0,1078.0,9.0,3.0,4.0,1.0,6.0,4.0,10.0,0.0,0.0,0.0,2.0,2.0,6.0,1.0,1.0,0.0,0.0,4.0,0.0,7.0,5.0,45.0,45.0,60.0,0.0,1.5,0.5,0.0,0.0,10.6,5.5,60.0,2.7,0.0,9.1,27.2
2509192,2,984928,BARÇA ATLÈTIC,AWAY,2256034,J. Cerdan Palacios,J. Cerdan Palacios,0,9.4,565.0,0.0,0.0,0.0,0.0,1.0,0.0,1.0,0.0,0.0,0.0,0.0,0.0,0.0,1.0,1.0,0.0,0.0,1.0,0.0,-2.0,2.0,0.0,0.0,100.0,0.0,0.0,0.0,0.0,0.0,0.0,0.0,0.0,5.1,0.0,50.0,9.5
2509192,2,984928,BARÇA ATLÈTIC,AWAY,2550554,S. Keita,S. Keita,1,17.2,1030.0,13.0,4.0,6.0,0.0,0.0,4.0,6.0,5.0,6.0,1.0,2.0,3.0,2.0,2.0,0.0,0.0,1.0,2.0,5.0,16.0,16.0,75.2,66.7,0.0,100.0,1.3,0.0,1.2,6.0,11.1,8.6,27.8,0.0,0.0,18.8,27.5
2509192,2,984928,BARÇA ATLÈTIC,AWAY,2561463,D. Ferreras Camarero,D. Ferreras Camarero,1,18.9,1137.0,0.0,0.0,1.0,0.0,4.0,0.0,5.0,0.0,2.0,3.0,0.0,3.0,1.0,0.0,1.0,0.0,0.0,0.0,1.0,-1.0,16.0,0.0,0.0,80.0,40.0,0.0,0.0,2.0,16.3,0.0,7.8,7.1,2.6,0.0,0.0,13.8
2509192,2,984928,BARÇA ATLÈTIC,AWAY,2166517,D. Gonzalez Castro,D. Gonzalez Castro,0,21.9,1311.0,5.0,1.0,1.0,1.0,3.0,2.0,4.0,0.0,0.0,1.0,3.0,4.0,0.0,1.0,3.0,0.0,0.0,1.0,1.0,9.0,0.0,62.5,62.5,75.0,0.0,2.0,1.0,0.0,4.7,13.0,9.0,0.0,6.6,0.0,20.0,10.1
2509192,2,984928,BARÇA ATLÈTIC,AWAY,2218824,O. Filba Gonzalez,O. Filba Gonzalez,0,11.4,685.0,0.0,0.0,0.0,0.0,0.0,0.0,0.0,0.0,0.0,0.0,0.0,0.0,0.0,0.0,1.0,0.0,0.0,1.0,0.0,0.0,-3.0,0.0,0.0,0.0,0.0,0.0,0.0,0.0,0.0,0.0,0.0,0.0,4.2,0.0,0.0,0.0
2509192,2,984928,BARÇA ATLÈTIC,AWAY,2641337,J. Boumtje Boumtje,J. Boumtje Boumtje,0,20.4,1223.0,12.0,4.0,6.0,1.0,5.0,5.0,11.0,1.0,2.0,1.0,6.0,7.0,2.0,4.0,1.0,0.0,0.0,2.0,1.0,10.0,-4.0,50.5,50.0,45.5,18.2,1.3,0.6,2.0,5.0,28.0,16.9,22.2,2.4,0.0,25.2,34.6
2509192,2,984928,BARÇA ATLÈTIC,AWAY,2646614,N. Kusturica,N. Kusturica,1,24.1,1444.0,10.0,4.0,6.0,0.0,4.0,4.0,10.0,2.0,2.0,4.0,6.0,10.0,3.0,3.0,0.0,0.0,0.0,2.0,1.0,13.0,3.0,46.0,40.0,40.0,20.0,1.3,0.0,2.0,17.0,23.7,20.5,23.4,0.0,0.0,21.6,25.6
2509192,2,984928,BARÇA ATLÈTIC,AWAY,2642481,M. Dabone,M. Dabone,1,19.6,1177.0,10.0,3.0,5.0,1.0,2.0,4.0,7.0,1.0,4.0,0.0,9.0,9.0,1.0,1.0,2.0,1.0,0.0,2.0,5.0,19.0,10.0,57.1,64.3,28.6,57.1,1.2,1.5,0.8,0.0,43.7,22.7,10.0,4.9,5.8,10.2,22.1
2509193,2,984927,CASADEMONT ZARAGOZA,HOME,2736780,S. Faye,S. Faye,1,21.1,1267.0,30.0,14.0,15.0,0.0,0.0,14.0,15.0,2.0,2.0,0.0,6.0,6.0,3.0,2.0,1.0,2.0,0.0,2.0,2.0,39.0,-1.0,94.5,93.3,0.0,13.3,1.9,0.0,1.0,0.0,25.3,15.6,60.0,2.0,6.0,11.2,36.3
2509193,2,984927,CASADEMONT ZARAGOZA,HOME,2125634,J. Garcia Sanchez,J. Garcia Sanchez,0,22.3,1339.0,4.0,0.0,1.0,1.0,2.0,1.0,3.0,1.0,2.0,0.0,3.0,3.0,6.0,3.0,0.0,0.0,0.0,4.0,1.0,4.0,5.0,51.5,50.0,66.7,66.7,0.0,1.5,2.0,0.0,12.0,7.4,27.5,0.0,0.0,43.6,13.2
2509193,2,984927,CASADEMONT ZARAGOZA,HOME,2008960,A. Moreno Valero,A. Moreno Valero,1,24.4,1461.0,5.0,1.0,3.0,1.0,4.0,2.0,7.0,0.0,0.0,0.0,2.0,2.0,7.0,1.0,1.0,1.0,0.0,2.0,3.0,11.0,15.0,35.7,35.7,57.1,0.0,0.7,0.8,0.0,0.0,7.3,4.5,33.7,1.8,2.6,12.5,14.0
2509193,2,984927,CASADEMONT ZARAGOZA,HOME,2646355,M. Lukic,M. Lukic,1,27.4,1642.0,17.0,0.0,2.0,4.0,5.0,4.0,7.0,5.0,7.0,1.0,3.0,4.0,6.0,1.0,2.0,0.0,0.0,2.0,5.0,26.0,1.0,84.3,85.7,71.4,100.0,0.0,2.4,1.4,5.2,9.7,8.0,26.5,3.1,0.0,9.0,17.3
2509193,2,984927,CASADEMONT ZARAGOZA,HOME,1975428,C. Alias Bermudez,C. Alias Bermudez,1,27.2,1632.0,11.0,5.0,9.0,0.0,1.0,5.0,10.0,1.0,5.0,0.0,0.0,0.0,4.0,1.0,1.0,0.0,0.0,3.0,3.0,6.0,6.0,45.1,50.0,10.0,50.0,1.1,0.0,1.7,0.0,0.0,0.0,18.5,1.6,0.0,7.6,20.8
2509193,2,984927,CASADEMONT ZARAGOZA,HOME,2438847,A. Savkov,A. Savkov,1,28.4,1705.0,14.0,1.0,2.0,3.0,6.0,4.0,8.0,3.0,4.0,1.0,6.0,7.0,5.0,4.0,1.0,3.0,0.0,4.0,3.0,20.0,4.0,71.7,68.8,75.0,50.0,1.0,1.5,1.3,5.0,18.8,13.5,22.1,1.5,6.7,29.1,20.7
2509193,2,984927,CASADEMONT ZARAGOZA,HOME,2382632,A. Cativiela Aisa,A. Cativiela Aisa,0,11.8,708.0,7.0,3.0,3.0,0.0,2.0,3.0,5.0,1.0,2.0,0.0,0.0,0.0,1.0,4.0,2.0,0.0,0.0,3.0,1.0,1.0,-10.0,59.5,60.0,40.0,40.0,2.0,0.0,2.0,0.0,0.0,0.0,11.9,7.3,0.0,40.5,35.8
2509193,2,984927,CASADEMONT ZARAGOZA,HOME,2073295,R. Valero Lopez,R. Valero Lopez,0,13.3,801.0,0.0,0.0,0.0,0.0,1.0,0.0,1.0,0.0,0.0,0.0,0.0,0.0,3.0,1.0,0.0,0.0,0.0,2.0,0.0,-1.0,2.0,0.0,0.0,100.0,0.0,0.0,0.0,0.0,0.0,0.0,0.0,26.3,0.0,0.0,50.0,6.4
2509193,2,984927,CASADEMONT ZARAGOZA,HOME,2382801,J. Prieto Alejandre,J. Prieto Alejandre,0,5.2,312.0,2.0,1.0,1.0,0.0,0.0,1.0,1.0,0.0,0.0,0.0,2.0,2.0,0.0,1.0,0.0,0.0,0.0,0.0,0.0,3.0,1.0,100.0,100.0,0.0,0.0,2.0,0.0,0.0,0.0,34.2,21.1,0.0,0.0,0.0,50.0,16.5
2509193,2,984927,CASADEMONT ZARAGOZA,HOME,2648124,A. Rodriguez Aguila,A. Rodriguez Aguila,0,18.9,1133.0,11.0,4.0,6.0,0.0,0.0,4.0,6.0,3.0,4.0,2.0,6.0,8.0,2.0,1.0,0.0,1.0,0.0,4.0,3.0,17.0,7.0,70.9,66.7,0.0,66.7,1.3,0.0,1.3,15.1,28.2,23.2,13.3,0.0,3.4,11.4,19.8
2509193,2,984923,GRAN CANARIA,AWAY,2441048,E. Heinonen,E. Heinonen,1,32.8,1966.0,24.0,4.0,7.0,4.0,10.0,8.0,17.0,4.0,5.0,1.0,6.0,7.0,6.0,1.0,2.0,0.0,0.0,2.0,5.0,31.0,0.0,62.5,58.8,58.8,29.4,1.1,1.2,1.0,2.7,26.1,11.7,28.8,2.7,0.0,5.0,22.4
2509193,2,984923,GRAN CANARIA,AWAY,2044256,J. Arteaga Giner,J. Arteaga Giner,0,13.7,819.0,0.0,0.0,1.0,0.0,0.0,0.0,1.0,0.0,0.0,0.0,2.0,2.0,1.0,1.0,0.0,0.0,1.0,3.0,0.0,-2.0,-6.0,0.0,0.0,0.0,0.0,0.0,0.0,0.0,0.0,20.9,8.0,9.3,0.0,0.0,50.0,5.3
2509193,2,984923,GRAN CANARIA,AWAY,2033475,M. Oliver Gracia,M. Oliver Gracia,0,4.5,268.0,0.0,0.0,0.0,0.0,0.0,0.0,0.0,0.0,0.0,0.0,0.0,0.0,0.0,0.0,0.0,0.0,0.0,0.0,0.0,0.0,-7.0,0.0,0.0,0.0,0.0,0.0,0.0,0.0,0.0,0.0,0.0,0.0,0.0,0.0,0.0,0.0
2509193,2,984923,GRAN CANARIA,AWAY,1885980,F. Díaz Herrera,F. Díaz Herrera,0,20.6,1237.0,9.0,1.0,5.0,1.0,2.0,2.0,7.0,4.0,7.0,1.0,3.0,4.0,5.0,7.0,1.0,0.0,0.0,3.0,6.0,7.0,-6.0,44.6,35.7,28.6,100.0,0.4,1.5,1.2,4.3,20.8,10.6,31.2,2.2,0.0,41.0,30.1
2509193,2,984923,GRAN CANARIA,AWAY,2279529,H. Díaz Guillén,H. Díaz Guillén,0,7.7,462.0,3.0,0.0,0.0,1.0,1.0,1.0,1.0,0.0,0.0,0.0,0.0,0.0,0.0,0.0,1.0,0.0,0.0,0.0,0.0,4.0,0.0,150.0,150.0,100.0,0.0,0.0,3.0,0.0,0.0,0.0,0.0,0.0,5.8,0.0,0.0,4.7
2509193,2,984923,GRAN CANARIA,AWAY,2834161,W. Tsafack,W. Tsafack,1,32.3,1938.0,16.0,7.0,15.0,0.0,1.0,7.0,16.0,2.0,3.0,5.0,2.0,7.0,0.0,2.0,2.0,0.0,2.0,3.0,3.0,13.0,-6.0,46.2,43.8,6.2,18.8,0.9,0.0,1.0,13.8,8.8,11.9,0.0,2.8,0.0,10.4,21.7
2509193,2,984923,GRAN CANARIA,AWAY,2563387,M. Coulibaly,M. Coulibaly,0,12.2,733.0,10.0,5.0,7.0,0.0,1.0,5.0,8.0,0.0,0.0,3.0,1.0,4.0,0.0,0.0,1.0,0.0,1.0,1.0,0.0,11.0,3.0,62.5,62.5,12.5,0.0,1.4,0.0,0.0,21.9,11.7,18.0,0.0,3.7,0.0,0.0,23.8
2509193,2,984923,GRAN CANARIA,AWAY,2651631,M. Miteo,M. Miteo,1,27.8,1667.0,21.0,9.0,20.0,0.0,0.0,9.0,20.0,3.0,4.0,6.0,6.0,12.0,2.0,1.0,3.0,0.0,1.0,1.0,4.0,28.0,-9.0,48.3,45.0,0.0,20.0,0.9,0.0,1.0,19.2,30.8,23.7,12.3,4.8,0.0,4.4,29.7
2509193,2,984923,GRAN CANARIA,AWAY,2087418,G. Baez Pierson,G. Baez Pierson,1,24.4,1462.0,5.0,1.0,5.0,1.0,3.0,2.0,8.0,0.0,0.0,1.0,1.0,2.0,1.0,0.0,1.0,0.0,2.0,3.0,1.0,1.0,-2.0,31.2,31.2,37.5,0.0,0.4,1.0,0.0,3.6,5.9,4.5,5.1,1.8,0.0,0.0,11.9
2509193,2,984923,GRAN CANARIA,AWAY,2827856,B. González Ramírez,B. González Ramírez,1,24.1,1448.0,7.0,2.0,3.0,0.0,4.0,2.0,7.0,3.0,4.0,0.0,3.0,3.0,9.0,3.0,0.0,0.0,0.0,5.0,7.0,12.0,3.0,40.0,28.6,57.1,57.1,1.3,0.0,0.6,0.0,17.8,6.8,45.9,0.0,0.0,25.5,17.7
2509194,2,984926,FUNDACIÓN CB CANARIAS,HOME,2044955,X. Lopez Rodriguez,X. Lopez Rodriguez,1,29.6,1776.0,18.0,6.0,7.0,1.0,2.0,7.0,9.0,3.0,6.0,2.0,10.0,12.0,0.0,2.0,1.0,2.0,0.0,4.0,5.0,27.0,3.0,77.3,83.3,22.2,66.7,1.7,1.5,1.2,10.0,27.0,21.1,0.0,1.6,7.1,14.7,20.5
2509194,2,984926,FUNDACIÓN CB CANARIAS,HOME,2734732,E. Prekevicius,E. Prekevicius,0,13.8,830.0,5.0,2.0,4.0,0.0,1.0,2.0,5.0,1.0,1.0,0.0,1.0,1.0,0.0,1.0,0.0,1.0,0.0,1.0,1.0,3.0,11.0,46.0,40.0,20.0,20.0,1.0,0.0,1.0,0.0,5.8,3.8,0.0,0.0,7.6,15.5,20.8
2509194,2,984926,FUNDACIÓN CB CANARIAS,HOME,2444602,L. Riga,L. Riga,0,18.9,1136.0,19.0,2.0,3.0,3.0,3.0,5.0,6.0,6.0,8.0,1.0,1.0,2.0,0.0,1.0,1.0,0.0,0.0,4.0,5.0,19.0,9.0,99.8,108.3,50.0,133.3,1.3,3.0,1.6,7.8,4.2,5.5,0.0,2.6,0.0,9.5,24.8
2509194,2,984926,FUNDACIÓN CB CANARIAS,HOME,2007163,D. Fernandez Trujillo,D. Fernandez Trujillo,0,12.1,728.0,5.0,1.0,3.0,1.0,2.0,2.0,5.0,0.0,0.0,1.0,1.0,2.0,0.0,2.0,1.0,0.0,0.0,0.0,2.0,5.0,14.0,50.0,50.0,40.0,0.0,0.7,1.5,0.0,12.2,6.6,8.6,0.0,4.0,0.0,28.6,25.8
2509194,2,984926,FUNDACIÓN CB CANARIAS,HOME,1856308,D. Acosta Moliné,D. Acosta Moliné,1,32.5,1951.0,12.0,6.0,7.0,0.0,0.0,6.0,7.0,0.0,0.0,3.0,8.0,11.0,1.0,0.0,0.0,0.0,0.0,2.0,1.0,22.0,6.0,85.7,85.7,0.0,0.0,1.7,0.0,0.0,13.7,19.7,17.6,4.9,0.0,0.0,0.0,9.6
2509194,2,984926,FUNDACIÓN CB CANARIAS,HOME,2829962,D. Bordón Dri,D. Bordón Dri,1,34.9,2094.0,24.0,6.0,11.0,2.0,5.0,8.0,16.0,6.0,7.0,0.0,3.0,3.0,5.0,5.0,2.0,0.0,1.0,1.0,6.0,25.0,11.0,62.9,56.2,31.2,43.8,1.1,1.2,1.2,0.0,6.9,4.5,23.0,2.8,0.0,20.8,30.7
2509194,2,984926,FUNDACIÓN CB CANARIAS,HOME,2181003,R. Rodriguez Galvan,R. Rodriguez Galvan,1,29.5,1772.0,2.0,0.0,1.0,0.0,3.0,0.0,4.0,2.0,3.0,0.0,0.0,0.0,5.0,2.0,1.0,0.0,0.0,3.0,1.0,-1.0,6.0,18.8,0.0,75.0,75.0,0.0,0.0,3.0,0.0,0.0,0.0,21.6,1.6,0.0,27.3,11.1
2509194,2,984926,FUNDACIÓN CB CANARIAS,HOME,2470375,M. Sangare,M. Sangare,1,24.5,1470.0,7.0,3.0,9.0,0.0,1.0,3.0,10.0,1.0,2.0,2.0,8.0,10.0,1.0,2.0,0.0,0.0,0.0,3.0,1.0,6.0,11.0,32.2,30.0,10.0,20.0,0.7,0.0,2.0,12.1,26.1,21.2,6.0,0.0,0.0,15.5,23.4
2509194,2,984926,FUNDACIÓN CB CANARIAS,HOME,2362551,E. Lima Teixeira,E. Lima Teixeira,0,4.0,243.0,1.0,0.0,0.0,0.0,0.0,0.0,0.0,1.0,2.0,1.0,1.0,2.0,1.0,0.0,0.0,0.0,0.0,0.0,1.0,4.0,4.0,56.8,0.0,0.0,0.0,0.0,0.0,2.0,37.0,20.0,26.0,30.3,0.0,0.0,0.0,9.8
2509194,2,984791,BURGOS GRUPO DE SANTIAGO,AWAY,2535384,M. Bella Cabañas,M. Bella Cabañas,1,21.4,1285.0,6.0,1.0,4.0,1.0,4.0,2.0,8.0,1.0,2.0,4.0,1.0,5.0,2.0,2.0,2.0,0.0,0.0,3.0,2.0,5.0,-11.0,33.8,31.2,50.0,25.0,0.5,0.8,1.0,15.0,6.9,12.1,16.7,4.7,0.0,18.4,20.4
2509194,2,984791,BURGOS GRUPO DE SANTIAGO,AWAY,2661261,R. Rodriguez,R. Rodriguez,1,31.9,1915.0,8.0,2.0,7.0,1.0,6.0,3.0,13.0,1.0,2.0,2.0,1.0,3.0,7.0,1.0,2.0,0.0,1.0,3.0,1.0,6.0,-6.0,28.8,26.9,46.2,15.4,0.6,0.5,2.0,5.0,4.6,4.9,36.1,3.1,0.0,6.7,18.8
2509194,2,984791,BURGOS GRUPO DE SANTIAGO,AWAY,2436134,A. Traore,A. Traore,1,18.9,1132.0,9.0,3.0,4.0,0.0,0.0,3.0,4.0,3.0,4.0,3.0,2.0,5.0,1.0,0.0,1.0,0.0,0.0,4.0,3.0,13.0,7.0,78.1,75.0,0.0,100.0,1.5,0.0,1.3,12.7,15.7,13.7,9.1,2.7,0.0,0.0,12.3
2509194,2,984791,BURGOS GRUPO DE SANTIAGO,AWAY,2162563,A. Laso Careaga,A. Laso Careaga,0,14.3,856.0,0.0,0.0,0.0,0.0,2.0,0.0,2.0,0.0,0.0,0.0,0.0,0.0,1.0,4.0,2.0,0.0,0.0,1.0,1.0,-3.0,-12.0,0.0,0.0,100.0,0.0,0.0,0.0,0.0,0.0,0.0,0.0,8.9,7.0,0.0,66.7,16.9
2509194,2,984791,BURGOS GRUPO DE SANTIAGO,AWAY,2103560,A. Reyes Abad,A. Reyes Abad,1,22.2,1331.0,5.0,2.0,4.0,0.0,5.0,2.0,9.0,1.0,2.0,1.0,3.0,4.0,1.0,1.0,1.0,1.0,0.0,3.0,4.0,4.0,3.0,25.3,22.2,55.6,22.2,1.0,0.0,0.5,3.6,20.0,9.4,6.8,2.3,4.0,9.2,19.7
2509194,2,984791,BURGOS GRUPO DE SANTIAGO,AWAY,2690845,F. Nuñez,F. Nuñez,0,15.3,920.0,4.0,0.0,2.0,1.0,5.0,1.0,7.0,1.0,3.0,3.0,2.0,5.0,0.0,0.0,0.0,0.0,0.0,1.0,1.0,1.0,-13.0,24.0,21.4,71.4,42.9,0.0,0.6,3.0,15.7,19.4,17.0,0.0,0.0,0.0,0.0,21.9
2509194,2,984791,BURGOS GRUPO DE SANTIAGO,AWAY,2045029,D. Rodriguez Ramos,D. Rodriguez Ramos,0,22.5,1352.0,14.0,1.0,2.0,4.0,8.0,5.0,10.0,0.0,0.0,2.0,2.0,4.0,1.0,0.0,1.0,0.0,0.0,1.0,1.0,15.0,-11.0,70.0,70.0,80.0,0.0,1.0,1.5,0.0,7.1,13.2,9.2,8.5,2.2,0.0,0.0,17.9
2509194,2,984791,BURGOS GRUPO DE SANTIAGO,AWAY,2210291,E. Franco Sanz,E. Franco Sanz,0,7.4,446.0,2.0,1.0,1.0,0.0,0.0,1.0,1.0,0.0,0.0,1.0,1.0,2.0,0.0,0.0,0.0,0.0,0.0,2.0,0.0,2.0,-20.0,100.0,100.0,0.0,0.0,2.0,0.0,0.0,10.8,20.0,14.0,0.0,0.0,0.0,0.0,5.4
2509194,2,984791,BURGOS GRUPO DE SANTIAGO,AWAY,2610623,L. Krispin,L. Krispin,0,11.4,685.0,3.0,1.0,4.0,0.0,4.0,1.0,8.0,1.0,2.0,0.0,0.0,0.0,0.0,0.0,0.0,0.0,1.0,2.0,1.0,-6.0,-1.0,16.9,12.5,50.0,25.0,0.5,0.0,2.0,0.0,0.0,0.0,0.0,0.0,0.0,0.0,31.3
2509194,2,984791,BURGOS GRUPO DE SANTIAGO,AWAY,2790234,J. Taboada Lühers,J. Taboada Lühers,1,34.6,2078.0,27.0,4.0,10.0,6.0,10.0,10.0,20.0,1.0,2.0,1.0,5.0,6.0,2.0,2.0,1.0,0.0,1.0,3.0,4.0,24.0,-11.0,64.7,65.0,50.0,10.0,0.8,1.8,0.5,2.3,21.4,9.0,13.2,1.4,0.0,8.7,26.6
2509195,2,984929,JOVENTUT BADALONA,HOME,2081709,E. Del Castillo Lindo,E. Del Castillo Lindo,1,40.0,2399.0,16.0,3.0,10.0,3.0,5.0,6.0,15.0,1.0,3.0,4.0,4.0,8.0,3.0,0.0,0.0,2.0,0.0,4.0,4.0,18.0,-9.0,49.0,50.0,33.3,20.0,0.6,1.8,0.8,9.8,13.2,11.2,16.4,0.0,5.9,0.0,18.4
2509195,2,984929,JOVENTUT BADALONA,HOME,2641899,G. Graae Barbosa,G. Graae Barbosa,0,6.6,396.0,0.0,0.0,0.0,0.0,0.0,0.0,0.0,0.0,0.0,1.0,0.0,1.0,0.0,0.0,0.0,0.0,0.0,0.0,0.0,1.0,-5.0,0.0,0.0,0.0,0.0,0.0,0.0,0.0,14.8,0.0,8.5,0.0,0.0,0.0,0.0,0.0
2509195,2,984929,JOVENTUT BADALONA,HOME,2845979,M. Buben,M. Buben,1,31.0,1861.0,13.0,1.0,2.0,2.0,4.0,3.0,6.0,5.0,10.0,2.0,2.0,4.0,2.0,1.0,0.0,0.0,0.0,2.0,6.0,14.0,-6.0,62.5,66.7,66.7,166.7,1.0,1.5,1.7,6.3,8.5,7.3,12.6,0.0,0.0,8.8,16.6
2509195,2,984929,JOVENTUT BADALONA,HOME,2241509,H. Ruiz Zamorano,H. Ruiz Zamorano,0,26.1,1569.0,10.0,0.0,1.0,2.0,6.0,2.0,7.0,4.0,4.0,0.0,1.0,1.0,1.0,2.0,3.0,0.0,0.0,5.0,3.0,6.0,-1.0,57.1,42.9,85.7,57.1,0.0,1.0,1.3,0.0,5.1,2.2,7.0,6.0,0.0,18.6,18.6
2509195,2,984929,JOVENTUT BADALONA,HOME,2023675,A. Torres De La Torre,A. Torres De La Torre,1,39.2,2351.0,20.0,6.0,10.0,1.0,6.0,7.0,16.0,5.0,10.0,3.0,14.0,17.0,2.0,3.0,1.0,1.0,0.0,4.0,8.0,28.0,-12.0,49.0,46.9,37.5,62.5,1.2,0.5,1.2,7.5,47.3,24.4,11.6,1.3,3.0,12.8,27.0
2509195,2,984929,JOVENTUT BADALONA,HOME,2452873,M. Gil Llimona,M. Gil Llimona,0,18.6,1118.0,6.0,3.0,4.0,0.0,0.0,3.0,4.0,0.0,0.0,0.0,2.0,2.0,6.0,1.0,0.0,0.0,0.0,1.0,1.0,12.0,-5.0,75.0,75.0,0.0,0.0,1.5,0.0,0.0,0.0,14.2,6.0,76.9,0.0,0.0,20.0,12.1
2509195,2,984929,JOVENTUT BADALONA,HOME,1943849,F. Mauri Guillen,F. Mauri Guillen,1,26.4,1582.0,13.0,4.0,6.0,1.0,8.0,5.0,14.0,2.0,4.0,2.0,0.0,2.0,3.0,1.0,0.0,0.0,0.0,5.0,4.0,5.0,-7.0,41.2,39.3,57.1,28.6,1.3,0.4,1.0,7.4,0.0,4.3,26.8,0.0,0.0,6.0,28.7
2509195,2,984929,JOVENTUT BADALONA,HOME,2535717,K. Macías Book,K. Macías Book,1,26.8,1607.0,2.0,1.0,9.0,0.0,1.0,1.0,10.0,0.0,0.0,3.0,3.0,6.0,0.0,0.0,1.0,2.0,0.0,1.0,0.0,1.0,-4.0,10.0,10.0,10.0,0.0,0.2,0.0,0.0,11.0,14.8,12.6,0.0,1.9,8.8,0.0,16.9
2509195,2,984929,JOVENTUT BADALONA,HOME,2528952,D. Niebla Santos,D. Niebla Santos,0,10.3,617.0,0.0,0.0,1.0,0.0,1.0,0.0,2.0,0.0,0.0,0.0,0.0,0.0,0.0,4.0,1.0,0.0,0.0,4.0,0.0,-9.0,-11.0,0.0,0.0,50.0,0.0,0.0,0.0,0.0,0.0,0.0,0.0,0.0,5.1,0.0,66.7,26.3
2509195,2,984930,BAXI MANRESA,AWAY,2739297,I. Francisco,I. Francisco,1,12.7,763.0,7.0,0.0,0.0,2.0,3.0,2.0,3.0,1.0,2.0,0.0,2.0,2.0,1.0,3.0,0.0,0.0,0.0,5.0,2.0,2.0,-6.0,90.2,100.0,100.0,66.7,0.0,2.0,1.0,0.0,15.4,8.9,13.7,0.0,0.0,43.6,25.9
2509195,2,984930,BAXI MANRESA,AWAY,1959173,M. Rosell Lanza,M. Rosell Lanza,1,26.1,1569.0,9.0,2.0,4.0,1.0,4.0,3.0,8.0,2.0,2.0,1.0,5.0,6.0,1.0,2.0,2.0,0.0,1.0,0.0,3.0,14.0,11.0,50.7,43.8,50.0,25.0,1.0,0.8,0.7,5.1,18.7,12.9,6.4,4.1,0.0,18.4,19.9
2509195,2,984930,BAXI MANRESA,AWAY,2080257,M. Olvera Gimenez,M. Olvera Gimenez,0,2.6,156.0,0.0,0.0,0.0,0.0,0.0,0.0,0.0,0.0,0.0,0.0,0.0,0.0,0.0,0.0,0.0,0.0,0.0,1.0,0.0,-1.0,0.0,0.0,0.0,0.0,0.0,0.0,0.0,0.0,0.0,0.0,0.0,0.0,0.0,0.0,0.0,0.0
2509195,2,984930,BAXI MANRESA,AWAY,2528977,B. Jekabsons,B. Jekabsons,0,19.5,1168.0,9.0,1.0,3.0,2.0,6.0,3.0,9.0,1.0,2.0,0.0,1.0,1.0,1.0,0.0,0.0,0.0,2.0,1.0,2.0,5.0,5.0,45.5,44.4,66.7,22.2,0.7,1.0,1.0,0.0,5.0,2.9,10.6,0.0,0.0,0.0,24.2
2509195,2,984930,BAXI MANRESA,AWAY,2738788,L. Bergseng,L. Bergseng,1,21.9,1314.0,10.0,5.0,5.0,0.0,1.0,5.0,6.0,0.0,0.0,1.0,3.0,4.0,0.0,0.0,0.0,0.0,0.0,5.0,0.0,8.0,1.0,83.3,83.3,16.7,0.0,2.0,0.0,0.0,6.0,13.4,10.3,0.0,0.0,0.0,0.0,13.1
2509195,2,984930,BAXI MANRESA,AWAY,2295371,G. Ecker Alberti,G. Ecker Alberti,0,10.2,610.0,1.0,0.0,0.0,0.0,1.0,0.0,1.0,1.0,2.0,0.0,2.0,2.0,1.0,0.0,0.0,0.0,0.0,1.0,1.0,2.0,6.0,26.6,0.0,100.0,200.0,0.0,0.0,2.0,0.0,19.2,11.0,16.1,0.0,0.0,0.0,8.8
2509195,2,984930,BAXI MANRESA,AWAY,2153495,J. Salo Blaya,J. Salo Blaya,0,19.0,1142.0,2.0,1.0,2.0,0.0,0.0,1.0,2.0,0.0,0.0,2.0,0.0,2.0,1.0,0.0,1.0,0.0,0.0,4.0,0.0,1.0,2.0,50.0,50.0,0.0,0.0,1.0,0.0,0.0,13.9,0.0,5.9,8.8,2.8,0.0,0.0,5.0
2509195,2,984930,BAXI MANRESA,AWAY,2081670,G. Naspler Perez,G. Naspler Perez,0,24.0,1442.0,11.0,3.0,5.0,0.0,3.0,3.0,8.0,5.0,6.0,0.0,4.0,4.0,3.0,3.0,0.0,0.0,1.0,3.0,5.0,11.0,12.0,51.7,37.5,37.5,75.0,1.2,0.0,1.2,0.0,16.3,9.4,24.0,0.0,0.0,22.0,27.1
2509195,2,984930,BAXI MANRESA,AWAY,2150510,J. Pumarola Aguilar,J. Pumarola Aguilar,1,23.5,1411.0,7.0,3.0,4.0,0.0,3.0,3.0,7.0,1.0,1.0,0.0,2.0,2.0,1.0,1.0,0.0,0.0,1.0,3.0,1.0,3.0,6.0,47.0,42.9,42.9,14.3,1.5,0.0,1.0,0.0,8.3,4.8,8.0,0.0,0.0,11.8,17.2
2509195,2,984930,BAXI MANRESA,AWAY,2334297,L. Sanchez Fernandez,L. Sanchez Fernandez,0,26.4,1587.0,14.0,5.0,6.0,0.0,1.0,5.0,7.0,4.0,5.0,2.0,7.0,9.0,3.0,2.0,0.0,0.0,0.0,0.0,4.0,25.0,15.0,76.1,71.4,14.3,71.4,1.7,0.0,1.2,10.0,25.9,19.2,22.1,0.0,0.0,17.9,20.3
2509195,2,984930,BAXI MANRESA,AWAY,2145902,F. Torreblanca Catalan,F. Torreblanca Catalan,1,29.5,1769.0,18.0,3.0,7.0,1.0,8.0,4.0,15.0,9.0,10.0,1.0,3.0,4.0,2.0,0.0,0.0,0.0,0.0,3.0,6.0,15.0,5.0,46.4,30.0,53.3,66.7,0.9,0.4,1.7,4.5,9.9,7.6,11.3,0.0,0.0,0.0,31.4
2509195,2,984930,BAXI MANRESA,AWAY,2815468,S. Lederman,S. Lederman,0,9.5,569.0,4.0,2.0,2.0,0.0,2.0,2.0,4.0,0.0,0.0,1.0,2.0,3.0,1.0,0.0,0.0,0.0,0.0,0.0,0.0,6.0,3.0,50.0,50.0,50.0,0.0,2.0,0.0,0.0,13.9,20.6,17.8,23.8,0.0,0.0,0.0,20.1
2509196,3,984928,BARÇA ATLÈTIC,HOME,2642482,A. Kone,A. Kone,0,14.0,839.0,8.0,4.0,8.0,0.0,0.0,4.0,8.0,0.0,2.0,3.0,7.0,10.0,2.0,6.0,0.0,0.0,2.0,3.0,1.0,6.0,-5.0,45.0,50.0,0.0,25.0,1.0,0.0,2.0,26.0,31.7,29.8,45.5,0.0,0.0,40.3,39.4
2509196,3,984928,BARÇA ATLÈTIC,HOME,2458688,E. Montaner García,E. Montaner García,0,3.8,225.0,0.0,0.0,0.0,0.0,0.0,0.0,0.0,0.0,0.0,0.0,0.0,0.0,0.0,1.0,0.0,0.0,0.0,0.0,0.0,-1.0,0.0,0.0,0.0,0.0,0.0,0.0,0.0,0.0,0.0,0.0,0.0,0.0,0.0,0.0,100.0,9.8
2509196,3,984928,BARÇA ATLÈTIC,HOME,2642172,J. Siftar,J. Siftar,0,11.8,708.0,0.0,0.0,2.0,0.0,2.0,0.0,4.0,0.0,0.0,1.0,3.0,4.0,0.0,2.0,0.0,0.0,0.0,1.0,0.0,-3.0,8.0,0.0,0.0,50.0,0.0,0.0,0.0,0.0,10.3,16.1,14.1,0.0,0.0,0.0,33.3,18.9
2509196,3,984928,BARÇA ATLÈTIC,HOME,2647995,M. Keita,M. Keita,0,14.8,888.0,4.0,2.0,4.0,0.0,0.0,2.0,4.0,0.0,0.0,1.0,4.0,5.0,1.0,2.0,1.0,1.0,0.0,3.0,0.0,5.0,-8.0,50.0,50.0,0.0,0.0,1.0,0.0,0.0,8.2,17.2,14.1,10.9,3.1,5.2,33.3,15.0
2509196,3,984928,BARÇA ATLÈTIC,HOME,2256034,J. Cerdan Palacios,J. Cerdan Palacios,0,15.4,926.0,3.0,1.0,4.0,0.0,1.0,1.0,5.0,1.0,2.0,2.0,3.0,5.0,0.0,2.0,0.0,0.0,0.0,2.0,1.0,0.0,0.0,25.5,20.0,20.0,40.0,0.5,0.0,2.0,15.7,12.4,13.5,0.0,0.0,0.0,25.4,19.0
2509196,3,984928,BARÇA ATLÈTIC,HOME,2550554,S. Keita,S. Keita,1,23.3,1396.0,10.0,3.0,6.0,0.0,0.0,3.0,6.0,4.0,6.0,2.0,4.0,6.0,1.0,3.0,1.0,2.0,1.0,1.0,4.0,15.0,14.0,57.9,50.0,0.0,100.0,1.0,0.0,1.5,10.4,10.9,10.7,7.2,2.0,6.6,25.8,18.5
2509196,3,984928,BARÇA ATLÈTIC,HOME,2561463,D. Ferreras Camarero,D. Ferreras Camarero,1,25.5,1530.0,6.0,1.0,2.0,1.0,5.0,2.0,7.0,1.0,2.0,2.0,3.0,5.0,2.0,2.0,0.0,0.0,0.0,4.0,3.0,4.0,9.0,38.1,35.7,71.4,28.6,1.0,0.6,0.7,9.5,7.5,8.2,13.5,0.0,0.0,20.2,14.4
2509196,3,984928,BARÇA ATLÈTIC,HOME,2166517,D. Gonzalez Castro,D. Gonzalez Castro,1,33.9,2032.0,11.0,4.0,5.0,0.0,2.0,4.0,7.0,3.0,3.0,1.0,9.0,10.0,7.0,6.0,2.0,0.0,0.0,2.0,7.0,26.0,9.0,66.1,57.1,28.6,42.9,1.6,0.0,0.4,3.6,16.9,12.3,38.0,2.7,0.0,41.9,15.7
2509196,3,984928,BARÇA ATLÈTIC,HOME,2218824,O. Filba Gonzalez,O. Filba Gonzalez,0,0.6,35.0,0.0,0.0,0.0,0.0,0.0,0.0,0.0,0.0,0.0,0.0,0.0,0.0,0.0,0.0,0.0,0.0,0.0,0.0,0.0,0.0,0.0,0.0,0.0,0.0,0.0,0.0,0.0,0.0,0.0,0.0,0.0,0.0,0.0,0.0,0.0,0.0
2509196,3,984928,BARÇA ATLÈTIC,HOME,2641337,J. Boumtje Boumtje,J. Boumtje Boumtje,1,27.7,1661.0,22.0,7.0,11.0,2.0,3.0,9.0,14.0,2.0,2.0,2.0,4.0,6.0,0.0,5.0,0.0,3.0,0.0,2.0,2.0,21.0,20.0,73.9,71.4,21.4,14.3,1.3,2.0,1.0,8.8,9.2,9.0,0.0,0.0,8.3,25.2,26.6
2509196,3,984928,BARÇA ATLÈTIC,HOME,2646614,N. Kusturica,N. Kusturica,1,29.3,1760.0,14.0,3.0,6.0,0.0,3.0,3.0,9.0,8.0,10.0,1.0,9.0,10.0,1.0,3.0,0.0,2.0,1.0,2.0,5.0,19.0,8.0,52.2,33.3,33.3,111.1,1.0,0.0,2.0,4.1,19.5,14.2,6.0,0.0,5.3,18.3,20.8
2509196,3,984791,BURGOS GRUPO DE SANTIAGO,AWAY,2535384,M. Bella Cabañas,M. Bella Cabañas,0,23.0,1379.0,6.0,1.0,4.0,1.0,7.0,2.0,11.0,1.0,2.0,1.0,4.0,5.0,1.0,1.0,2.0,0.0,1.0,1.0,4.0,6.0,-11.0,25.3,22.7,63.6,18.2,0.5,0.4,0.5,2.8,21.1,9.1,8.1,3.7,0.0,7.8,21.3
2509196,3,984791,BURGOS GRUPO DE SANTIAGO,AWAY,2661261,R. Rodriguez,R. Rodriguez,1,24.9,1492.0,6.0,2.0,5.0,0.0,1.0,2.0,6.0,2.0,2.0,3.0,1.0,4.0,4.0,3.0,0.0,0.0,0.0,3.0,1.0,5.0,-16.0,43.6,33.3,16.7,33.3,0.8,0.0,2.0,7.6,4.9,6.7,32.3,0.0,0.0,30.4,15.1
2509196,3,984791,BURGOS GRUPO DE SANTIAGO,AWAY,2436134,A. Traore,A. Traore,1,28.8,1730.0,4.0,2.0,6.0,0.0,0.0,2.0,6.0,0.0,4.0,4.0,5.0,9.0,0.0,1.0,4.0,0.0,0.0,4.0,3.0,7.0,-5.0,25.8,33.3,0.0,66.7,0.7,0.0,1.3,8.8,21.0,13.0,0.0,6.0,0.0,11.4,11.6
2509196,3,984791,BURGOS GRUPO DE SANTIAGO,AWAY,2162563,A. Laso Careaga,A. Laso Careaga,0,13.5,808.0,0.0,0.0,0.0,0.0,1.0,0.0,1.0,0.0,0.0,1.0,0.0,1.0,1.0,1.0,3.0,0.0,0.0,2.0,0.0,1.0,-2.0,0.0,0.0,100.0,0.0,0.0,0.0,0.0,4.7,0.0,3.1,13.9,9.6,0.0,50.0,5.6
2509196,3,984791,BURGOS GRUPO DE SANTIAGO,AWAY,2103560,A. Reyes Abad,A. Reyes Abad,0,24.1,1445.0,14.0,5.0,10.0,0.0,3.0,5.0,13.0,4.0,5.0,5.0,2.0,7.0,1.0,0.0,1.0,1.0,1.0,3.0,5.0,17.0,-7.0,46.1,38.5,23.1,38.5,1.0,0.0,1.0,13.2,10.1,12.1,10.6,1.8,3.5,0.0,24.0
2509196,3,984791,BURGOS GRUPO DE SANTIAGO,AWAY,2690845,F. Nuñez,F. Nuñez,0,16.7,1002.0,12.0,4.0,7.0,0.0,4.0,4.0,11.0,4.0,4.0,0.0,1.0,1.0,0.0,1.0,3.0,1.0,0.0,3.0,3.0,9.0,-10.0,47.0,36.4,36.4,36.4,1.1,0.0,1.3,0.0,7.3,2.5,0.0,7.7,5.0,7.3,31.4
2509196,3,984791,BURGOS GRUPO DE SANTIAGO,AWAY,2045029,D. Rodriguez Ramos,D. Rodriguez Ramos,1,19.4,1162.0,3.0,0.0,2.0,0.0,3.0,0.0,5.0,3.0,8.0,1.0,0.0,1.0,1.0,0.0,2.0,0.0,2.0,1.0,4.0,0.0,-5.0,17.6,0.0,60.0,160.0,0.0,0.0,2.0,3.3,0.0,2.1,8.3,4.4,0.0,0.0,16.7
2509196,3,984791,BURGOS GRUPO DE SANTIAGO,AWAY,2210291,E. Franco Sanz,E. Franco Sanz,0,4.3,259.0,0.0,0.0,4.0,0.0,0.0,0.0,4.0,0.0,0.0,1.0,0.0,1.0,0.0,0.0,0.0,1.0,1.0,0.0,0.0,-2.0,-6.0,0.0,0.0,0.0,0.0,0.0,0.0,0.0,14.8,0.0,9.7,0.0,0.0,19.4,0.0,35.4
2509196,3,984791,BURGOS GRUPO DE SANTIAGO,AWAY,2610623,L. Krispin,L. Krispin,1,24.4,1463.0,9.0,3.0,9.0,1.0,5.0,4.0,14.0,0.0,0.0,0.0,3.0,3.0,0.0,0.0,3.0,0.0,1.0,2.0,0.0,3.0,2.0,32.1,32.1,35.7,0.0,0.7,0.6,0.0,0.0,14.9,5.1,0.0,5.3,0.0,0.0,21.9
2509196,3,984791,BURGOS GRUPO DE SANTIAGO,AWAY,2790234,J. Taboada Lühers,J. Taboada Lühers,1,21.0,1260.0,13.0,2.0,5.0,3.0,9.0,5.0,14.0,0.0,0.0,1.0,2.0,3.0,4.0,2.0,3.0,1.0,2.0,4.0,0.0,9.0,5.0,46.4,46.4,64.3,0.0,0.8,1.0,0.0,3.0,11.5,6.0,57.1,6.2,4.0,12.5,29.0
2509197,3,984926,FUNDACIÓN CB CANARIAS,HOME,2044955,X. Lopez Rodriguez,X. Lopez Rodriguez,1,33.5,2010.0,22.0,9.0,14.0,0.0,1.0,9.0,15.0,4.0,7.0,5.0,8.0,13.0,2.0,2.0,3.0,0.0,1.0,2.0,10.0,37.0,-1.0,60.8,60.0,6.7,46.7,1.3,0.0,0.7,16.4,25.6,21.0,11.8,4.3,0.0,10.0,24.3
2509197,3,984926,FUNDACIÓN CB CANARIAS,HOME,2734732,E. Prekevicius,E. Prekevicius,0,16.9,1017.0,9.0,3.0,4.0,1.0,2.0,4.0,6.0,0.0,0.0,0.0,1.0,1.0,1.0,1.0,0.0,0.0,0.0,0.0,0.0,8.0,-2.0,75.0,75.0,33.3,0.0,1.5,1.5,0.0,0.0,6.3,3.2,9.3,0.0,0.0,14.3,16.8
2509197,3,984926,FUNDACIÓN CB CANARIAS,HOME,2444602,L. Riga,L. Riga,1,21.2,1274.0,6.0,0.0,4.0,1.0,8.0,1.0,12.0,3.0,4.0,2.0,3.0,5.0,1.0,1.0,2.0,0.0,0.0,4.0,4.0,1.0,9.0,21.8,12.5,66.7,33.3,0.0,0.4,1.0,10.4,15.2,12.8,5.7,4.5,0.0,6.8,28.2
2509197,3,984926,FUNDACIÓN CB CANARIAS,HOME,2007163,D. Fernandez Trujillo,D. Fernandez Trujillo,0,13.7,822.0,7.0,2.0,3.0,1.0,2.0,3.0,5.0,0.0,0.0,2.0,0.0,2.0,2.0,0.0,0.0,0.0,0.0,3.0,1.0,7.0,12.0,70.0,70.0,40.0,0.0,1.3,1.5,0.0,16.0,0.0,7.9,24.7,0.0,0.0,0.0,14.8
2509197,3,984926,FUNDACIÓN CB CANARIAS,HOME,2829962,D. Bordón Dri,D. Bordón Dri,1,43.1,2585.0,12.0,3.0,8.0,0.0,8.0,3.0,16.0,6.0,6.0,1.0,4.0,5.0,7.0,4.0,1.0,0.0,0.0,1.0,4.0,11.0,-5.0,32.2,18.8,50.0,37.5,0.8,0.0,1.5,2.5,9.9,6.3,20.6,1.1,0.0,17.7,21.3
2509197,3,984926,FUNDACIÓN CB CANARIAS,HOME,2476064,B. Lipasi Yitu,B. Lipasi Yitu,0,17.5,1052.0,8.0,4.0,6.0,0.0,0.0,4.0,6.0,0.0,0.0,3.0,3.0,6.0,0.0,2.0,0.0,1.0,0.0,4.0,0.0,7.0,-3.0,66.7,66.7,0.0,0.0,1.3,0.0,0.0,18.8,18.4,18.6,0.0,0.0,5.0,25.0,18.5
2509197,3,984926,FUNDACIÓN CB CANARIAS,HOME,2181003,R. Rodriguez Galvan,R. Rodriguez Galvan,1,32.1,1924.0,11.0,0.0,1.0,3.0,8.0,3.0,9.0,2.0,3.0,0.0,3.0,3.0,1.0,0.0,1.0,0.0,0.0,3.0,2.0,8.0,-5.0,53.3,50.0,88.9,33.3,0.0,1.1,1.5,0.0,10.0,5.1,4.4,1.5,0.0,0.0,13.0
2509197,3,984926,FUNDACIÓN CB CANARIAS,HOME,2470375,M. Sangare,M. Sangare,1,34.1,2046.0,21.0,7.0,10.0,0.0,2.0,7.0,12.0,7.0,10.0,4.0,7.0,11.0,1.0,4.0,0.0,1.0,0.0,4.0,6.0,24.0,-11.0,64.0,58.3,16.7,83.3,1.4,0.0,1.7,12.9,22.0,17.5,4.4,0.0,2.6,19.6,24.2
2509197,3,984926,FUNDACIÓN CB CANARIAS,HOME,2362551,E. Lima Teixeira,E. Lima Teixeira,0,12.8,770.0,6.0,3.0,3.0,0.0,0.0,3.0,3.0,0.0,0.0,0.0,4.0,4.0,0.0,0.0,0.0,0.0,0.0,1.0,0.0,9.0,1.0,100.0,100.0,0.0,0.0,2.0,0.0,0.0,0.0,33.5,16.9,0.0,0.0,0.0,0.0,9.5
2509197,3,984927,CASADEMONT ZARAGOZA,AWAY,2736780,S. Faye,S. Faye,0,14.9,892.0,8.0,3.0,5.0,0.0,1.0,3.0,6.0,2.0,2.0,0.0,1.0,1.0,0.0,3.0,0.0,0.0,0.0,3.0,2.0,2.0,-11.0,58.1,50.0,16.7,33.3,1.2,0.0,1.0,0.0,7.4,3.6,0.0,0.0,0.0,30.4,28.8
2509197,3,984927,CASADEMONT ZARAGOZA,AWAY,2125634,J. Garcia Sanchez,J. Garcia Sanchez,0,29.9,1791.0,6.0,2.0,3.0,0.0,4.0,2.0,7.0,2.0,3.0,0.0,2.0,2.0,3.0,3.0,0.0,0.0,0.0,3.0,1.0,0.0,2.0,36.1,28.6,57.1,42.9,1.3,0.0,3.0,0.0,7.3,3.6,11.5,0.0,0.0,26.5,16.4
2509197,3,984927,CASADEMONT ZARAGOZA,AWAY,2008960,A. Moreno Valero,A. Moreno Valero,1,25.3,1519.0,10.0,3.0,6.0,1.0,3.0,4.0,9.0,1.0,4.0,0.0,2.0,2.0,3.0,2.0,0.0,0.0,0.0,3.0,3.0,5.0,5.0,46.5,50.0,33.3,44.4,1.0,1.0,1.3,0.0,8.7,4.3,15.0,0.0,0.0,15.7,21.9
2509197,3,984927,CASADEMONT ZARAGOZA,AWAY,2646355,M. Lukic,M. Lukic,1,30.7,1841.0,8.0,4.0,5.0,0.0,2.0,4.0,7.0,0.0,2.0,3.0,3.0,6.0,4.0,1.0,2.0,0.0,0.0,2.0,2.0,14.0,5.0,50.8,57.1,28.6,28.6,1.6,0.0,1.0,10.5,10.7,10.6,16.7,3.1,0.0,11.3,12.6
2509197,3,984927,CASADEMONT ZARAGOZA,AWAY,1975428,C. Alias Bermudez,C. Alias Bermudez,1,26.2,1570.0,13.0,5.0,7.0,0.0,2.0,5.0,9.0,3.0,5.0,0.0,4.0,4.0,1.0,1.0,1.0,0.0,0.0,3.0,3.0,12.0,8.0,58.0,55.6,22.2,55.6,1.4,0.0,1.7,0.0,16.8,8.3,5.3,1.8,0.0,8.2,20.2
2509197,3,984927,CASADEMONT ZARAGOZA,AWAY,2438847,A. Savkov,A. Savkov,1,27.9,1673.0,21.0,3.0,6.0,4.0,7.0,7.0,13.0,3.0,3.0,0.0,5.0,5.0,1.0,1.0,2.0,0.0,0.0,3.0,2.0,21.0,9.0,73.3,69.2,53.8,23.1,1.0,1.7,1.5,0.0,19.7,9.7,5.9,3.4,0.0,6.5,23.8
2509197,3,984927,CASADEMONT ZARAGOZA,AWAY,2382632,A. Cativiela Aisa,A. Cativiela Aisa,0,20.9,1253.0,9.0,4.0,5.0,0.0,4.0,4.0,9.0,1.0,2.0,1.0,1.0,2.0,0.0,0.0,0.0,0.0,0.0,2.0,1.0,4.0,-10.0,45.5,44.4,44.4,22.2,1.6,0.0,2.0,5.1,5.3,5.2,0.0,0.0,0.0,0.0,20.5
2509197,3,984927,CASADEMONT ZARAGOZA,AWAY,2073295,R. Valero Lopez,R. Valero Lopez,0,8.5,511.0,3.0,0.0,0.0,1.0,1.0,1.0,1.0,0.0,0.0,0.0,0.0,0.0,0.0,0.0,0.0,0.0,0.0,1.0,0.0,2.0,-3.0,150.0,150.0,100.0,0.0,0.0,3.0,0.0,0.0,0.0,0.0,0.0,0.0,0.0,0.0,5.1
2509197,3,984927,CASADEMONT ZARAGOZA,AWAY,2648124,A. Rodriguez Aguila,A. Rodriguez Aguila,1,18.7,1124.0,14.0,6.0,7.0,0.0,0.0,6.0,7.0,2.0,4.0,4.0,2.0,6.0,1.0,2.0,1.0,1.0,0.0,4.0,3.0,17.0,-4.0,79.9,85.7,0.0,57.1,1.7,0.0,1.3,22.9,11.7,17.4,10.0,2.6,4.5,18.6,25.0
2509197,3,984927,CASADEMONT ZARAGOZA,AWAY,2207996,M. Auciello Cubells,M. Auciello Cubells,0,2.8,167.0,0.0,0.0,0.0,0.0,1.0,0.0,1.0,0.0,0.0,0.0,0.0,0.0,0.0,0.0,0.0,0.0,1.0,1.0,0.0,-2.0,-4.0,0.0,0.0,100.0,0.0,0.0,0.0,0.0,0.0,0.0,0.0,0.0,0.0,0.0,0.0,15.5
2509197,3,984927,CASADEMONT ZARAGOZA,AWAY,2704549,K. Soumalia Salif,K. Soumalia Salif,0,19.3,1159.0,11.0,4.0,7.0,0.0,0.0,4.0,7.0,3.0,6.0,1.0,4.0,5.0,0.0,1.0,0.0,0.0,1.0,2.0,4.0,11.0,8.0,57.1,57.1,0.0,85.7,1.1,0.0,1.5,5.6,22.7,14.0,0.0,0.0,0.0,9.4,23.9
2509198,3,984929,JOVENTUT BADALONA,HOME,2081709,E. Del Castillo Lindo,E. Del Castillo Lindo,1,28.6,1715.0,3.0,1.0,4.0,0.0,5.0,1.0,9.0,1.0,2.0,4.0,3.0,7.0,0.0,3.0,1.0,1.0,0.0,3.0,5.0,2.0,-13.0,15.2,11.1,55.6,22.2,0.5,0.0,0.4,14.7,10.8,12.7,0.0,1.9,2.9,23.3,21.7
2509198,3,984929,JOVENTUT BADALONA,HOME,2081017,M. Julia Del Pozo,M. Julia Del Pozo,0,8.3,496.0,0.0,0.0,2.0,0.0,0.0,0.0,2.0,0.0,0.0,0.0,0.0,0.0,1.0,0.0,1.0,0.0,1.0,1.0,2.0,1.0,-2.0,0.0,0.0,0.0,0.0,0.0,0.0,0.0,0.0,0.0,0.0,25.0,6.4,0.0,0.0,11.6
2509198,3,984929,JOVENTUT BADALONA,HOME,2641899,G. Graae Barbosa,G. Graae Barbosa,0,8.2,493.0,0.0,0.0,0.0,0.0,0.0,0.0,0.0,0.0,0.0,0.0,0.0,0.0,0.0,1.0,0.0,0.0,0.0,0.0,0.0,-1.0,-5.0,0.0,0.0,0.0,0.0,0.0,0.0,0.0,0.0,0.0,0.0,0.0,0.0,0.0,100.0,5.9
2509198,3,984929,JOVENTUT BADALONA,HOME,2156562,R. Torras Ferrer,R. Torras Ferrer,0,4.8,288.0,0.0,0.0,0.0,0.0,0.0,0.0,0.0,0.0,0.0,0.0,1.0,1.0,0.0,0.0,0.0,0.0,0.0,0.0,0.0,1.0,0.0,0.0,0.0,0.0,0.0,0.0,0.0,0.0,0.0,21.4,10.8,0.0,0.0,0.0,0.0,0.0
2509198,3,984929,JOVENTUT BADALONA,HOME,2845979,M. Buben,M. Buben,1,23.5,1412.0,1.0,0.0,0.0,0.0,4.0,0.0,4.0,1.0,2.0,2.0,5.0,7.0,1.0,0.0,1.0,0.0,0.0,3.0,1.0,3.0,-13.0,10.2,0.0,100.0,50.0,0.0,0.0,2.0,9.0,21.8,15.5,8.3,2.3,0.0,0.0,10.0
2509198,3,984929,JOVENTUT BADALONA,HOME,2241509,H. Ruiz Zamorano,H. Ruiz Zamorano,1,19.4,1161.0,12.0,1.0,1.0,3.0,4.0,4.0,5.0,1.0,2.0,0.0,3.0,3.0,2.0,4.0,0.0,0.0,0.0,4.0,2.0,9.0,-21.0,102.0,110.0,80.0,40.0,2.0,2.2,1.0,0.0,15.9,8.0,33.3,0.0,0.0,40.5,24.5
2509198,3,984929,JOVENTUT BADALONA,HOME,2023675,A. Torres De La Torre,A. Torres De La Torre,1,33.5,2007.0,11.0,2.0,4.0,2.0,7.0,4.0,11.0,1.0,2.0,1.0,5.0,6.0,0.0,2.0,1.0,0.0,1.0,1.0,2.0,9.0,-16.0,46.3,45.5,63.6,18.2,1.0,0.9,1.0,3.1,15.3,9.3,0.0,1.6,0.0,14.4,19.9
2509198,3,984929,JOVENTUT BADALONA,HOME,2452873,M. Gil Llimona,M. Gil Llimona,0,19.6,1173.0,4.0,2.0,4.0,0.0,2.0,2.0,6.0,0.0,0.0,0.0,1.0,1.0,3.0,6.0,2.0,1.0,0.0,2.0,1.0,0.0,-10.0,33.3,33.3,33.3,0.0,1.0,0.0,0.0,0.0,5.2,2.7,37.5,5.4,4.2,50.0,29.4
2509198,3,984929,JOVENTUT BADALONA,HOME,1943849,F. Mauri Guillen,F. Mauri Guillen,1,32.3,1940.0,26.0,6.0,8.0,3.0,10.0,9.0,18.0,5.0,6.0,0.0,3.0,3.0,4.0,2.0,1.0,1.0,0.0,4.0,7.0,26.0,-11.0,63.0,58.3,55.6,33.3,1.5,0.9,0.9,0.0,9.5,4.8,57.1,1.6,2.5,8.8,33.7
2509198,3,984929,JOVENTUT BADALONA,HOME,2535717,K. Macías Book,K. Macías Book,0,19.5,1172.0,0.0,0.0,3.0,0.0,0.0,0.0,3.0,0.0,0.0,1.0,3.0,4.0,0.0,1.0,1.0,0.0,0.0,1.0,2.0,2.0,-25.0,0.0,0.0,0.0,0.0,0.0,0.0,0.0,5.4,15.8,10.7,0.0,2.7,0.0,25.0,9.9
2509198,3,984929,JOVENTUT BADALONA,HOME,2243143,T. Thomas I García,T. Thomas I García,0,2.4,143.0,0.0,0.0,0.0,0.0,0.0,0.0,0.0,0.0,0.0,1.0,0.0,1.0,0.0,0.0,0.0,0.0,0.0,1.0,0.0,0.0,-4.0,0.0,0.0,0.0,0.0,0.0,0.0,0.0,43.9,0.0,21.6,0.0,0.0,0.0,0.0,0.0
2509198,3,984792,REAL MADRID,AWAY,2227587,G. Tavier Montoya,G. Tavier Montoya,0,10.5,631.0,2.0,1.0,3.0,0.0,0.0,1.0,3.0,0.0,0.0,1.0,1.0,2.0,1.0,0.0,0.0,0.0,0.0,1.0,0.0,2.0,0.0,33.3,33.3,0.0,0.0,0.7,0.0,0.0,9.8,10.0,9.9,13.5,0.0,0.0,0.0,12.7
2509198,3,984792,REAL MADRID,AWAY,2480762,G. Grinvalds,G. Grinvalds,1,22.4,1344.0,6.0,1.0,2.0,0.0,2.0,1.0,4.0,4.0,4.0,1.0,5.0,6.0,2.0,1.0,2.0,1.0,0.0,2.0,2.0,13.0,7.0,52.1,25.0,50.0,100.0,1.0,0.0,2.0,4.6,23.5,13.9,12.7,4.8,6.9,14.8,13.4
2509198,3,984792,REAL MADRID,AWAY,2094410,H. Alonso Martinez,H. Alonso Martinez,1,28.8,1730.0,7.0,1.0,5.0,1.0,2.0,2.0,7.0,2.0,2.0,1.0,2.0,3.0,1.0,2.0,3.0,0.0,1.0,2.0,3.0,8.0,24.0,44.4,35.7,28.6,28.6,0.4,1.5,0.7,3.6,7.3,5.4,5.7,5.6,0.0,20.2,15.2
2509198,3,984792,REAL MADRID,AWAY,2735493,F. Kayser,F. Kayser,1,22.1,1328.0,8.0,3.0,5.0,0.0,3.0,3.0,8.0,2.0,2.0,0.0,4.0,4.0,2.0,0.0,1.0,0.0,0.0,3.0,2.0,9.0,21.0,45.0,37.5,37.5,25.0,1.2,0.0,1.0,0.0,19.1,9.4,14.5,2.4,0.0,0.0,17.8
2509198,3,984792,REAL MADRID,AWAY,2286044,I. Ruperez Nuñez-Morgades,I. Ruperez Nuñez-Morgades,0,4.2,255.0,1.0,0.0,2.0,0.0,0.0,0.0,2.0,1.0,2.0,0.0,0.0,0.0,0.0,1.0,0.0,0.0,0.0,1.0,1.0,-3.0,5.0,17.4,0.0,0.0,100.0,0.0,0.0,2.0,0.0,0.0,0.0,0.0,0.0,0.0,25.8,40.9
2509198,3,984792,REAL MADRID,AWAY,2662049,A. Bjelic,A. Bjelic,1,25.8,1550.0,13.0,0.0,3.0,3.0,6.0,3.0,9.0,4.0,4.0,0.0,7.0,7.0,4.0,1.0,1.0,0.0,2.0,0.0,5.0,23.0,18.0,60.4,50.0,66.7,44.4,0.0,1.5,0.8,0.0,28.6,14.1,29.0,2.1,0.0,8.5,20.2
2509198,3,984792,REAL MADRID,AWAY,2642414,I. Frolov,I. Frolov,1,21.1,1263.0,14.0,5.0,9.0,1.0,1.0,6.0,10.0,1.0,1.0,4.0,6.0,10.0,0.0,4.0,2.0,1.0,0.0,4.0,1.0,16.0,20.0,67.0,65.0,10.0,10.0,1.1,3.0,1.0,19.4,29.9,24.6,0.0,5.1,7.3,27.7,30.3
2509198,3,984792,REAL MADRID,AWAY,2043083,R. Rioja Achiaga,R. Rioja Achiaga,0,1.8,105.0,0.0,0.0,0.0,0.0,0.0,0.0,0.0,0.0,0.0,0.0,0.0,0.0,0.0,0.0,0.0,0.0,0.0,0.0,0.0,0.0,0.0,0.0,0.0,0.0,0.0,0.0,0.0,0.0,0.0,0.0,0.0,0.0,0.0,0.0,0.0,0.0
2509198,3,984792,REAL MADRID,AWAY,2029762,D. Krohnert Moto,D. Krohnert Moto,0,3.0,181.0,0.0,0.0,0.0,0.0,0.0,0.0,0.0,0.0,0.0,0.0,0.0,0.0,0.0,0.0,0.0,0.0,0.0,1.0,0.0,-1.0,1.0,0.0,0.0,0.0,0.0,0.0,0.0,0.0,0.0,0.0,0.0,0.0,0.0,0.0,0.0,0.0
2509198,3,984792,REAL MADRID,AWAY,2817763,E. Amosov,E. Amosov,0,22.4,1345.0,13.0,4.0,8.0,1.0,4.0,5.0,12.0,2.0,2.0,2.0,1.0,3.0,3.0,0.0,2.0,0.0,0.0,3.0,4.0,15.0,13.0,50.5,45.8,33.3,16.7,1.0,0.8,0.5,9.2,4.7,7.0,25.4,4.8,0.0,0.0,25.5
2509198,3,984792,REAL MADRID,AWAY,2679004,O. Diarra,O. Diarra,0,25.2,1515.0,12.0,5.0,9.0,0.0,0.0,5.0,9.0,2.0,2.0,5.0,2.0,7.0,0.0,2.0,1.0,0.0,0.0,3.0,1.0,12.0,12.0,60.7,55.6,0.0,22.2,1.1,0.0,2.0,20.4,8.4,14.4,0.0,2.1,0.0,16.8,20.9
2509198,3,984792,REAL MADRID,AWAY,2370180,O. Hadi Adegbite,O. Hadi Adegbite,0,12.6,753.0,5.0,2.0,3.0,0.0,2.0,2.0,5.0,1.0,2.0,1.0,1.0,2.0,0.0,1.0,1.0,0.0,0.0,2.0,1.0,2.0,-1.0,42.5,40.0,40.0,40.0,1.3,0.0,2.0,8.1,8.4,8.2,0.0,4.3,0.0,14.5,24.2
2509199,3,984923,GRAN CANARIA,HOME,2441048,E. Heinonen,E. Heinonen,1,27.5,1651.0,13.0,4.0,7.0,1.0,4.0,5.0,11.0,2.0,4.0,0.0,3.0,3.0,7.0,4.0,0.0,0.0,0.0,4.0,4.0,11.0,19.0,50.9,50.0,36.4,36.4,1.1,0.8,1.0,0.0,9.9,5.1,32.4,0.0,0.0,23.9,23.3
2509199,3,984923,GRAN CANARIA,HOME,2044256,J. Arteaga Giner,J. Arteaga Giner,0,11.7,703.0,2.0,0.0,2.0,0.0,2.0,0.0,4.0,2.0,2.0,0.0,4.0,4.0,0.0,0.0,0.0,0.0,0.0,0.0,1.0,3.0,3.0,20.5,0.0,50.0,50.0,0.0,0.0,2.0,0.0,31.1,16.1,0.0,0.0,0.0,0.0,15.9
2509199,3,984923,GRAN CANARIA,HOME,2033475,M. Oliver Gracia,M. Oliver Gracia,0,6.1,366.0,2.0,1.0,1.0,0.0,0.0,1.0,1.0,0.0,0.0,0.0,0.0,0.0,0.0,0.0,0.0,0.0,0.0,1.0,0.0,1.0,2.0,100.0,100.0,0.0,0.0,2.0,0.0,0.0,0.0,0.0,0.0,0.0,0.0,0.0,0.0,6.3
2509199,3,984923,GRAN CANARIA,HOME,1885980,F. Díaz Herrera,F. Díaz Herrera,0,14.4,867.0,4.0,2.0,7.0,0.0,1.0,2.0,8.0,0.0,3.0,0.0,3.0,3.0,2.0,2.0,1.0,0.0,1.0,2.0,3.0,0.0,-4.0,21.5,25.0,12.5,37.5,0.6,0.0,1.0,0.0,18.9,9.8,15.2,3.1,0.0,17.7,30.0
2509199,3,984923,GRAN CANARIA,HOME,2279529,H. Díaz Guillén,H. Díaz Guillén,0,18.9,1132.0,6.0,0.0,0.0,2.0,3.0,2.0,3.0,0.0,2.0,0.0,1.0,1.0,1.0,2.0,3.0,0.0,0.0,4.0,2.0,4.0,3.0,77.3,100.0,100.0,66.7,0.0,2.0,1.0,0.0,4.8,2.5,5.9,7.0,0.0,34.0,11.9
2509199,3,984923,GRAN CANARIA,HOME,2834161,W. Tsafack,W. Tsafack,1,27.2,1630.0,30.0,14.0,18.0,0.0,0.0,14.0,18.0,2.0,3.0,9.0,6.0,15.0,0.0,2.0,1.0,0.0,0.0,3.0,2.0,38.0,22.0,77.6,77.8,0.0,16.7,1.6,0.0,1.5,32.3,20.1,26.0,0.0,1.6,0.0,9.4,29.9
2509199,3,984923,GRAN CANARIA,HOME,2177916,P. Pasqua Amat,P. Pasqua Amat,0,12.9,774.0,3.0,0.0,1.0,1.0,2.0,1.0,3.0,0.0,0.0,0.0,1.0,1.0,1.0,3.0,0.0,0.0,0.0,0.0,1.0,1.0,1.0,50.0,50.0,66.7,0.0,0.0,1.5,0.0,0.0,7.0,3.6,9.6,0.0,0.0,50.0,17.8
2509199,3,984923,GRAN CANARIA,HOME,2563387,M. Coulibaly,M. Coulibaly,0,10.3,616.0,6.0,3.0,3.0,0.0,0.0,3.0,3.0,0.0,1.0,2.0,3.0,5.0,1.0,0.0,0.0,1.0,0.0,1.0,1.0,12.0,5.0,87.2,100.0,0.0,33.3,2.0,0.0,1.0,18.9,26.5,22.8,11.9,0.0,10.0,0.0,12.7
2509199,3,984923,GRAN CANARIA,HOME,2129323,J. Yánez García,J. Yánez García,0,3.5,208.0,0.0,0.0,0.0,0.0,0.0,0.0,0.0,0.0,0.0,0.0,0.0,0.0,0.0,0.0,0.0,0.0,0.0,0.0,0.0,0.0,2.0,0.0,0.0,0.0,0.0,0.0,0.0,0.0,0.0,0.0,0.0,0.0,0.0,0.0,0.0,0.0
2509199,3,984923,GRAN CANARIA,HOME,2651631,M. Miteo,M. Miteo,1,22.9,1372.0,11.0,5.0,11.0,0.0,1.0,5.0,12.0,1.0,2.0,3.0,6.0,9.0,2.0,0.0,0.0,2.0,0.0,4.0,1.0,13.0,6.0,42.7,41.7,8.3,16.7,0.9,0.0,2.0,12.8,23.8,18.5,11.2,0.0,9.0,0.0,21.5
2509199,3,984923,GRAN CANARIA,HOME,2087418,G. Baez Pierson,G. Baez Pierson,1,17.8,1066.0,2.0,1.0,3.0,0.0,2.0,1.0,5.0,0.0,0.0,0.0,3.0,3.0,1.0,1.0,3.0,0.0,0.0,2.0,2.0,4.0,8.0,20.0,20.0,40.0,0.0,0.7,0.0,0.0,0.0,15.3,7.9,7.0,7.5,0.0,16.7,12.9
2509199,3,984923,GRAN CANARIA,HOME,2827856,B. González Ramírez,B. González Ramírez,1,26.9,1615.0,11.0,2.0,3.0,2.0,7.0,4.0,10.0,1.0,3.0,1.0,3.0,4.0,8.0,4.0,3.0,0.0,0.0,2.0,3.0,15.0,18.0,48.6,50.0,70.0,30.0,1.3,0.9,1.0,3.6,10.1,7.0,35.4,4.9,0.0,26.1,21.7
2509199,3,984930,BAXI MANRESA,AWAY,2739297,I. Francisco,I. Francisco,1,12.8,768.0,5.0,2.0,4.0,0.0,3.0,2.0,7.0,1.0,2.0,0.0,0.0,0.0,1.0,3.0,0.0,0.0,0.0,4.0,3.0,-4.0,-16.0,31.7,28.6,42.9,28.6,1.0,0.0,0.7,0.0,0.0,0.0,19.2,0.0,0.0,27.6,33.6
2509199,3,984930,BAXI MANRESA,AWAY,1959173,M. Rosell Lanza,M. Rosell Lanza,0,16.3,978.0,3.0,0.0,1.0,1.0,3.0,1.0,4.0,0.0,0.0,0.0,2.0,2.0,1.0,1.0,0.0,0.0,0.0,2.0,0.0,0.0,0.0,37.5,37.5,75.0,0.0,0.0,1.0,0.0,0.0,12.0,5.8,11.6,0.0,0.0,20.0,12.1
2509199,3,984930,BAXI MANRESA,AWAY,2077155,M. Gaspa Ibañez,M. Gaspa Ibañez,0,21.4,1281.0,10.0,4.0,7.0,0.0,0.0,4.0,7.0,2.0,2.0,2.0,5.0,7.0,3.0,3.0,5.0,0.0,0.0,2.0,4.0,21.0,6.0,63.5,57.1,0.0,28.6,1.1,0.0,0.5,8.5,22.8,15.4,37.5,10.4,0.0,27.6,20.1
2509199,3,984930,BAXI MANRESA,AWAY,2081822,A. Muncunill Ferrer,A. Muncunill Ferrer,0,9.0,541.0,2.0,1.0,4.0,0.0,0.0,1.0,4.0,0.0,0.0,0.0,0.0,0.0,1.0,0.0,0.0,0.0,0.0,1.0,0.0,-1.0,-18.0,25.0,25.0,0.0,0.0,0.5,0.0,0.0,0.0,0.0,0.0,26.3,0.0,0.0,0.0,17.5
2509199,3,984930,BAXI MANRESA,AWAY,2738788,L. Bergseng,L. Bergseng,1,16.1,969.0,7.0,3.0,5.0,0.0,1.0,3.0,6.0,1.0,1.0,1.0,4.0,5.0,1.0,5.0,1.0,0.0,0.0,3.0,1.0,4.0,-23.0,54.3,50.0,16.7,16.7,1.2,0.0,1.0,5.6,24.2,14.6,15.2,2.8,0.0,43.7,28.1
2509199,3,984930,BAXI MANRESA,AWAY,2295371,G. Ecker Alberti,G. Ecker Alberti,0,9.7,583.0,0.0,0.0,2.0,0.0,2.0,0.0,4.0,0.0,0.0,0.0,3.0,3.0,0.0,0.0,0.0,0.0,1.0,2.0,0.0,-3.0,-9.0,0.0,0.0,50.0,0.0,0.0,0.0,0.0,0.0,30.2,14.6,0.0,0.0,0.0,0.0,16.3
2509199,3,984930,BAXI MANRESA,AWAY,2153495,J. Salo Blaya,J. Salo Blaya,0,18.5,1108.0,3.0,1.0,2.0,0.0,1.0,1.0,3.0,1.0,4.0,2.0,2.0,4.0,0.0,1.0,2.0,0.0,0.0,2.0,3.0,4.0,13.0,31.5,33.3,33.3,133.3,1.0,0.0,1.3,9.8,10.5,10.2,0.0,4.8,0.0,17.4,12.3
2509199,3,984930,BAXI MANRESA,AWAY,2081670,G. Naspler Perez,G. Naspler Perez,1,25.8,1547.0,8.0,2.0,5.0,0.0,4.0,2.0,9.0,4.0,5.0,2.0,1.0,3.0,2.0,0.0,0.0,0.0,0.0,2.0,4.0,7.0,-7.0,35.7,22.2,44.4,55.6,0.8,0.0,1.2,7.0,3.8,5.5,16.1,0.0,0.0,0.0,17.1
2509199,3,984930,BAXI MANRESA,AWAY,2150510,J. Pumarola Aguilar,J. Pumarola Aguilar,1,22.2,1330.0,10.0,2.0,2.0,2.0,5.0,4.0,7.0,0.0,0.0,0.0,2.0,2.0,2.0,1.0,1.0,0.0,0.0,1.0,0.0,10.0,-25.0,71.4,71.4,71.4,0.0,2.0,1.2,0.0,0.0,8.8,4.2,19.2,2.0,0.0,12.5,14.2
2509199,3,984930,BAXI MANRESA,AWAY,2334297,L. Sanchez Fernandez,L. Sanchez Fernandez,0,21.2,1272.0,13.0,2.0,5.0,2.0,2.0,4.0,7.0,3.0,4.0,1.0,3.0,4.0,1.0,3.0,1.0,1.0,2.0,0.0,3.0,16.0,7.0,74.2,71.4,28.6,57.1,0.8,3.0,1.3,4.3,13.8,8.9,12.5,2.1,3.4,25.5,21.9
2509199,3,984930,BAXI MANRESA,AWAY,2145902,F. Torreblanca Catalan,F. Torreblanca Catalan,1,23.8,1428.0,12.0,0.0,2.0,2.0,7.0,2.0,9.0,6.0,10.0,3.0,4.0,7.0,4.0,3.0,1.0,0.0,0.0,1.0,4.0,13.0,-4.0,44.8,33.3,77.8,111.1,0.0,0.9,2.5,11.5,16.4,13.8,32.3,1.9,0.0,18.3,27.2
2509199,3,984930,BAXI MANRESA,AWAY,2815468,S. Lederman,S. Lederman,0,3.2,195.0,0.0,0.0,0.0,0.0,0.0,0.0,0.0,0.0,0.0,0.0,0.0,0.0,0.0,2.0,1.0,0.0,0.0,0.0,0.0,-1.0,-9.0,0.0,0.0,0.0,0.0,0.0,0.0,0.0,0.0,0.0,0.0,0.0,13.9,0.0,100.0,24.7
2509200,4,984792,REAL MADRID,HOME,2480762,G. Grinvalds,G. Grinvalds,1,23.8,1427.0,6.0,3.0,5.0,0.0,5.0,3.0,10.0,0.0,0.0,3.0,6.0,9.0,1.0,0.0,2.0,0.0,0.0,0.0,1.0,12.0,17.0,30.0,30.0,50.0,0.0,1.2,0.0,0.0,14.8,23.5,19.6,5.2,4.2,0.0,0.0,17.9
2509200,4,984792,REAL MADRID,HOME,2094410,H. Alonso Martinez,H. Alonso Martinez,1,8.6,515.0,2.0,1.0,3.0,0.0,0.0,1.0,3.0,0.0,0.0,0.0,2.0,2.0,3.0,0.0,0.0,0.0,0.0,0.0,1.0,6.0,11.0,33.3,33.3,0.0,0.0,0.7,0.0,0.0,0.0,21.6,12.1,46.9,0.0,0.0,0.0,14.9
2509200,4,984792,REAL MADRID,HOME,2286044,I. Ruperez Nuñez-Morgades,I. Ruperez Nuñez-Morgades,0,12.9,776.0,7.0,2.0,2.0,0.0,1.0,2.0,3.0,3.0,5.0,1.0,0.0,1.0,0.0,0.0,1.0,0.0,0.0,1.0,3.0,8.0,3.0,67.3,66.7,33.3,166.7,2.0,0.0,1.7,9.1,0.0,4.0,0.0,3.8,0.0,0.0,17.2
2509200,4,984792,REAL MADRID,HOME,2645392,O. Kutluay,O. Kutluay,0,24.7,1483.0,14.0,3.0,5.0,1.0,3.0,4.0,8.0,5.0,6.0,1.0,6.0,7.0,9.0,3.0,1.0,0.0,0.0,1.0,6.0,28.0,27.0,65.8,56.2,37.5,75.0,1.2,1.0,1.0,4.8,22.6,14.7,49.5,2.0,0.0,22.0,23.6
2509200,4,984792,REAL MADRID,HOME,2662049,A. Bjelic,A. Bjelic,1,23.1,1388.0,9.0,3.0,5.0,1.0,5.0,4.0,10.0,0.0,0.0,2.0,0.0,2.0,3.0,0.0,1.0,1.0,1.0,2.0,3.0,11.0,19.0,45.0,45.0,50.0,0.0,1.2,0.6,0.0,10.2,0.0,4.5,16.5,2.1,3.6,0.0,18.5
2509200,4,984792,REAL MADRID,HOME,2642414,I. Frolov,I. Frolov,1,20.9,1256.0,21.0,4.0,5.0,4.0,6.0,8.0,11.0,1.0,1.0,2.0,6.0,8.0,1.0,2.0,1.0,1.0,0.0,5.0,1.0,23.0,31.0,91.8,90.9,54.5,9.1,1.6,2.0,1.0,11.3,26.7,19.9,9.5,2.4,4.0,14.9,27.5
2509200,4,984792,REAL MADRID,HOME,2043083,R. Rioja Achiaga,R. Rioja Achiaga,1,6.2,375.0,5.0,1.0,1.0,1.0,1.0,2.0,2.0,0.0,0.0,0.0,0.0,0.0,0.0,0.0,0.0,0.0,0.0,0.0,0.0,5.0,8.0,125.0,125.0,50.0,0.0,2.0,3.0,0.0,0.0,0.0,0.0,0.0,0.0,0.0,0.0,13.8
2509200,4,984792,REAL MADRID,HOME,2029762,D. Krohnert Moto,D. Krohnert Moto,0,9.5,569.0,6.0,2.0,2.0,0.0,1.0,2.0,3.0,2.0,4.0,1.0,1.0,2.0,0.0,0.0,1.0,0.0,0.0,5.0,2.0,3.0,-3.0,63.0,66.7,33.3,133.3,2.0,0.0,2.0,12.4,9.8,10.9,0.0,5.2,0.0,0.0,21.4
2509200,4,984792,REAL MADRID,HOME,2817763,E. Amosov,E. Amosov,0,21.2,1275.0,14.0,3.0,3.0,2.0,8.0,5.0,11.0,2.0,3.0,2.0,4.0,6.0,2.0,0.0,0.0,0.0,0.0,1.0,2.0,16.0,18.0,56.8,54.5,72.7,27.3,2.0,0.8,1.5,11.1,17.6,14.7,14.8,0.0,0.0,0.0,24.8
2509200,4,984792,REAL MADRID,HOME,2679004,O. Diarra,O. Diarra,0,25.9,1552.0,9.0,4.0,4.0,0.0,0.0,4.0,4.0,1.0,3.0,2.0,3.0,5.0,0.0,4.0,2.0,4.0,0.0,4.0,3.0,13.0,8.0,84.6,100.0,0.0,75.0,2.0,0.0,1.0,9.1,10.8,10.0,0.0,3.8,12.9,42.9,15.4
2509200,4,984792,REAL MADRID,HOME,2122875,I. Almansa Perez,I. Almansa Perez,0,13.6,815.0,3.0,0.0,2.0,1.0,2.0,1.0,4.0,0.0,0.0,0.0,1.0,1.0,0.0,0.0,0.0,0.0,0.0,0.0,0.0,1.0,19.0,37.5,37.5,50.0,0.0,0.0,1.5,0.0,0.0,6.8,3.8,0.0,0.0,0.0,0.0,12.6
2509200,4,984792,REAL MADRID,HOME,2370180,O. Hadi Adegbite,O. Hadi Adegbite,0,9.5,569.0,2.0,1.0,1.0,0.0,0.0,1.0,1.0,0.0,0.0,0.0,1.0,1.0,0.0,5.0,1.0,0.0,0.0,2.0,0.0,-3.0,-13.0,100.0,100.0,0.0,0.0,2.0,0.0,0.0,0.0,9.8,5.5,0.0,5.2,0.0,83.3,27.0
2509200,4,984926,FUNDACIÓN CB CANARIAS,AWAY,2819094,P. Bilous,P. Bilous,0,4.3,261.0,3.0,0.0,0.0,1.0,1.0,1.0,1.0,0.0,0.0,0.0,0.0,0.0,0.0,0.0,0.0,0.0,0.0,1.0,0.0,2.0,0.0,150.0,150.0,100.0,0.0,0.0,3.0,0.0,0.0,0.0,0.0,0.0,0.0,0.0,0.0,9.9
2509200,4,984926,FUNDACIÓN CB CANARIAS,AWAY,2044955,X. Lopez Rodriguez,X. Lopez Rodriguez,1,31.4,1885.0,27.0,12.0,17.0,0.0,2.0,12.0,19.0,3.0,6.0,2.0,6.0,8.0,0.0,6.0,3.0,0.0,4.0,2.0,5.0,25.0,-18.0,62.4,63.2,10.5,31.6,1.4,0.0,1.2,5.9,22.5,13.2,0.0,4.8,0.0,21.7,37.6
2509200,4,984926,FUNDACIÓN CB CANARIAS,AWAY,2734732,E. Prekevicius,E. Prekevicius,0,22.6,1353.0,2.0,1.0,5.0,0.0,4.0,1.0,9.0,0.0,0.0,1.0,1.0,2.0,2.0,2.0,0.0,1.0,0.0,0.0,1.0,-2.0,-10.0,11.1,11.1,44.4,0.0,0.4,0.0,0.0,4.1,5.2,4.6,13.7,0.0,4.7,18.2,20.8
2509200,4,984926,FUNDACIÓN CB CANARIAS,AWAY,2444602,L. Riga,L. Riga,1,22.7,1362.0,3.0,0.0,2.0,1.0,3.0,1.0,5.0,0.0,2.0,1.0,4.0,5.0,2.0,0.0,2.0,0.0,0.0,5.0,2.0,3.0,-26.0,25.5,30.0,60.0,40.0,0.0,1.0,1.0,4.1,20.7,11.4,13.7,4.4,0.0,0.0,11.1
2509200,4,984926,FUNDACIÓN CB CANARIAS,AWAY,2007163,D. Fernandez Trujillo,D. Fernandez Trujillo,1,19.1,1147.0,10.0,1.0,1.0,1.0,2.0,2.0,3.0,5.0,8.0,0.0,3.0,3.0,0.0,0.0,0.0,0.0,0.0,4.0,5.0,10.0,-4.0,76.7,83.3,66.7,266.7,2.0,1.5,1.6,0.0,18.5,8.2,0.0,0.0,0.0,0.0,14.6
2509200,4,984926,FUNDACIÓN CB CANARIAS,AWAY,2476064,B. Lipasi Yitu,B. Lipasi Yitu,0,9.9,597.0,2.0,1.0,2.0,0.0,0.0,1.0,2.0,0.0,1.0,1.0,1.0,2.0,0.0,1.0,2.0,0.0,0.0,5.0,1.0,-1.0,-12.0,41.0,50.0,0.0,50.0,1.0,0.0,1.0,9.4,11.9,10.5,0.0,10.1,0.0,29.1,14.8
2509200,4,984926,FUNDACIÓN CB CANARIAS,AWAY,2181003,R. Rodriguez Galvan,R. Rodriguez Galvan,1,34.2,2054.0,0.0,0.0,7.0,0.0,4.0,0.0,11.0,0.0,0.0,1.0,0.0,1.0,5.0,3.0,1.0,0.0,0.0,3.0,1.0,-9.0,-30.0,0.0,0.0,36.4,0.0,0.0,0.0,0.0,2.7,0.0,1.5,21.4,1.5,0.0,21.4,17.5
2509200,4,984926,FUNDACIÓN CB CANARIAS,AWAY,2470375,M. Sangare,M. Sangare,1,38.9,2335.0,20.0,4.0,10.0,3.0,5.0,7.0,15.0,3.0,5.0,5.0,5.0,10.0,0.0,3.0,1.0,0.0,0.0,2.0,6.0,22.0,-27.0,58.1,56.7,33.3,33.3,0.8,1.8,0.8,12.0,15.1,13.4,0.0,1.3,0.0,14.9,22.2
2509200,4,984926,FUNDACIÓN CB CANARIAS,AWAY,2137337,A. Perez Lopez,A. Perez Lopez,0,4.5,267.0,0.0,0.0,1.0,0.0,0.0,0.0,1.0,0.0,0.0,0.0,0.0,0.0,0.0,0.0,0.0,0.0,0.0,0.0,0.0,-1.0,0.0,0.0,0.0,0.0,0.0,0.0,0.0,0.0,0.0,0.0,0.0,0.0,0.0,0.0,0.0,9.5
2509200,4,984926,FUNDACIÓN CB CANARIAS,AWAY,2362551,E. Lima Teixeira,E. Lima Teixeira,0,12.3,739.0,2.0,1.0,3.0,0.0,0.0,1.0,3.0,0.0,0.0,2.0,0.0,2.0,1.0,0.0,0.0,0.0,2.0,1.0,0.0,2.0,-18.0,33.3,33.3,0.0,0.0,0.7,0.0,0.0,15.1,0.0,8.4,14.7,0.0,0.0,0.0,10.4
2509201,4,984927,CASADEMONT ZARAGOZA,HOME,2736780,S. Faye,S. Faye,0,6.5,393.0,2.0,1.0,3.0,0.0,1.0,1.0,4.0,0.0,2.0,1.0,1.0,2.0,0.0,2.0,1.0,0.0,0.0,6.0,2.0,-6.0,12.0,20.5,25.0,25.0,50.0,0.7,0.0,1.0,14.7,13.7,14.1,0.0,7.0,0.0,29.1,41.1
2509201,4,984927,CASADEMONT ZARAGOZA,HOME,2125634,J. Garcia Sanchez,J. Garcia Sanchez,0,14.7,881.0,3.0,0.0,0.0,1.0,1.0,1.0,1.0,0.0,0.0,0.0,4.0,4.0,2.0,1.0,0.0,0.0,0.0,5.0,0.0,3.0,6.0,150.0,150.0,100.0,0.0,0.0,3.0,0.0,0.0,24.2,12.5,19.6,0.0,0.0,50.0,5.3
2509201,4,984927,CASADEMONT ZARAGOZA,HOME,2008960,A. Moreno Valero,A. Moreno Valero,1,19.4,1161.0,5.0,0.0,3.0,0.0,3.0,0.0,6.0,5.0,8.0,1.0,0.0,1.0,6.0,2.0,0.0,0.0,0.0,1.0,6.0,6.0,16.0,26.3,0.0,50.0,133.3,0.0,0.0,1.3,4.9,0.0,2.4,42.9,0.0,0.0,17.4,23.0
2509201,4,984927,CASADEMONT ZARAGOZA,HOME,2646355,M. Lukic,M. Lukic,1,26.6,1593.0,13.0,5.0,6.0,1.0,3.0,6.0,9.0,0.0,1.0,0.0,5.0,5.0,3.0,3.0,3.0,0.0,0.0,3.0,4.0,18.0,10.0,68.9,72.2,33.3,11.1,1.7,1.0,0.2,0.0,16.7,8.6,22.1,5.2,0.0,24.1,18.1
2509201,4,984927,CASADEMONT ZARAGOZA,HOME,1975428,C. Alias Bermudez,C. Alias Bermudez,1,16.6,993.0,12.0,4.0,7.0,1.0,3.0,5.0,10.0,1.0,2.0,0.0,1.0,1.0,1.0,1.0,2.0,0.0,0.0,4.0,1.0,6.0,24.0,55.1,55.0,30.0,20.0,1.1,1.0,2.0,0.0,5.4,2.8,16.1,5.5,0.0,8.4,27.8
2509201,4,984927,CASADEMONT ZARAGOZA,HOME,2438847,A. Savkov,A. Savkov,1,26.1,1564.0,19.0,5.0,7.0,2.0,6.0,7.0,13.0,3.0,3.0,2.0,4.0,6.0,1.0,3.0,2.0,1.0,0.0,3.0,2.0,19.0,14.0,66.3,61.5,46.2,23.1,1.4,1.0,1.5,7.3,13.6,10.6,7.9,3.5,3.8,17.3,25.8
2509201,4,984927,CASADEMONT ZARAGOZA,HOME,2382632,A. Cativiela Aisa,A. Cativiela Aisa,0,19.0,1142.0,8.0,1.0,3.0,1.0,3.0,2.0,6.0,3.0,4.0,1.0,3.0,4.0,4.0,1.0,4.0,0.0,0.0,3.0,3.0,14.0,4.0,51.5,41.7,50.0,66.7,0.7,1.0,1.3,5.0,14.0,9.7,33.3,9.6,0.0,11.4,17.9
2509201,4,984927,CASADEMONT ZARAGOZA,HOME,2073295,R. Valero Lopez,R. Valero Lopez,0,15.6,937.0,2.0,1.0,5.0,0.0,1.0,1.0,6.0,0.0,0.0,2.0,2.0,4.0,1.0,2.0,2.0,0.0,1.0,0.0,1.0,3.0,1.0,16.7,16.7,16.7,0.0,0.4,0.0,0.0,12.2,11.4,11.8,9.8,5.9,0.0,25.0,19.9
2509201,4,984927,CASADEMONT ZARAGOZA,HOME,2382801,J. Prieto Alejandre,J. Prieto Alejandre,0,14.3,856.0,0.0,0.0,2.0,0.0,1.0,0.0,3.0,0.0,0.0,0.0,1.0,1.0,0.0,2.0,0.0,0.0,0.0,1.0,0.0,-5.0,7.0,0.0,0.0,33.3,0.0,0.0,0.0,0.0,0.0,6.2,3.2,0.0,0.0,0.0,40.0,13.6
2509201,4,984927,CASADEMONT ZARAGOZA,HOME,2648124,A. Rodriguez Aguila,A. Rodriguez Aguila,1,20.3,1218.0,13.0,5.0,8.0,0.0,0.0,5.0,8.0,3.0,6.0,6.0,4.0,10.0,1.0,1.0,0.0,2.0,0.0,3.0,3.0,19.0,11.0,61.1,62.5,0.0,75.0,1.2,0.0,2.0,28.1,17.5,22.6,11.1,0.0,9.9,8.6,22.3
2509201,4,984927,CASADEMONT ZARAGOZA,HOME,2084765,C. Iglesias Gracia,C. Iglesias Gracia,0,5.8,347.0,0.0,0.0,2.0,0.0,1.0,0.0,3.0,0.0,2.0,1.0,1.0,2.0,0.0,0.0,0.0,0.0,0.0,0.0,1.0,-2.0,3.0,0.0,0.0,33.3,66.7,0.0,0.0,2.0,16.4,15.3,15.9,0.0,0.0,0.0,0.0,26.0
2509201,4,984927,CASADEMONT ZARAGOZA,HOME,2704549,K. Soumalia Salif,K. Soumalia Salif,0,15.2,915.0,3.0,0.0,1.0,0.0,0.0,0.0,1.0,3.0,4.0,3.0,5.0,8.0,1.0,1.0,1.0,0.0,0.0,2.0,3.0,11.0,7.0,54.3,0.0,0.0,400.0,0.0,0.0,1.3,18.8,29.2,24.2,8.9,3.0,0.0,26.6,9.6
2509201,4,984929,JOVENTUT BADALONA,AWAY,2081709,E. Del Castillo Lindo,E. Del Castillo Lindo,1,16.4,986.0,4.0,0.0,3.0,0.0,0.0,0.0,3.0,4.0,4.0,1.0,4.0,5.0,0.0,2.0,2.0,0.0,1.0,2.0,2.0,6.0,-18.0,42.0,0.0,0.0,133.3,0.0,0.0,2.0,5.4,23.2,14.0,0.0,5.7,0.0,29.6,16.2
2509201,4,984929,JOVENTUT BADALONA,AWAY,2081017,M. Julia Del Pozo,M. Julia Del Pozo,0,17.4,1047.0,7.0,3.0,4.0,0.0,0.0,3.0,4.0,1.0,2.0,0.0,3.0,3.0,0.0,4.0,0.0,0.0,0.0,2.0,6.0,8.0,-8.0,71.7,75.0,0.0,50.0,1.5,0.0,0.3,0.0,16.4,7.9,0.0,0.0,0.0,45.0,20.1
2509201,4,984929,JOVENTUT BADALONA,AWAY,2641899,G. Graae Barbosa,G. Graae Barbosa,0,15.8,946.0,0.0,0.0,2.0,0.0,0.0,0.0,2.0,0.0,2.0,0.0,2.0,2.0,1.0,0.0,1.0,0.0,1.0,2.0,1.0,-1.0,1.0,0.0,0.0,0.0,100.0,0.0,0.0,2.0,0.0,12.1,5.8,14.7,2.9,0.0,0.0,7.2
2509201,4,984929,JOVENTUT BADALONA,AWAY,2453512,P. Batlle Sole,P. Batlle Sole,0,4.4,263.0,3.0,1.0,1.0,0.0,0.0,1.0,1.0,1.0,2.0,0.0,1.0,1.0,0.0,2.0,0.0,0.0,0.0,1.0,1.0,1.0,1.0,79.8,100.0,0.0,200.0,2.0,0.0,2.0,0.0,21.6,10.4,0.0,0.0,0.0,51.5,34.7
2509201,4,984929,JOVENTUT BADALONA,AWAY,2156562,R. Torras Ferrer,R. Torras Ferrer,0,4.4,263.0,2.0,1.0,1.0,0.0,0.0,1.0,1.0,0.0,0.0,0.0,0.0,0.0,0.0,0.0,0.0,0.0,0.0,2.0,0.0,0.0,-1.0,100.0,100.0,0.0,0.0,2.0,0.0,0.0,0.0,0.0,0.0,0.0,0.0,0.0,0.0,9.0
2509201,4,984929,JOVENTUT BADALONA,AWAY,2845979,M. Buben,M. Buben,1,17.8,1067.0,4.0,2.0,5.0,0.0,3.0,2.0,8.0,0.0,0.0,3.0,1.0,4.0,1.0,3.0,0.0,0.0,0.0,3.0,0.0,-3.0,-31.0,25.0,25.0,37.5,0.0,0.8,0.0,0.0,15.0,5.4,10.3,20.8,0.0,0.0,27.3,24.3
2509201,4,984929,JOVENTUT BADALONA,AWAY,2241509,H. Ruiz Zamorano,H. Ruiz Zamorano,1,23.8,1425.0,10.0,0.0,3.0,2.0,4.0,2.0,7.0,4.0,11.0,1.0,2.0,3.0,0.0,3.0,2.0,0.0,0.0,4.0,5.0,1.0,-22.0,42.2,42.9,57.1,157.1,0.0,1.5,2.2,3.7,8.0,5.8,0.0,3.9,0.0,20.2,24.6
2509201,4,984929,JOVENTUT BADALONA,AWAY,2023675,A. Torres De La Torre,A. Torres De La Torre,1,22.4,1345.0,8.0,1.0,2.0,2.0,4.0,3.0,6.0,0.0,2.0,1.0,3.0,4.0,0.0,3.0,0.0,0.0,0.0,1.0,3.0,6.0,-9.0,58.1,66.7,66.7,33.3,1.0,1.5,0.7,4.0,12.8,8.2,0.0,0.0,0.0,30.4,17.4
2509201,4,984929,JOVENTUT BADALONA,AWAY,2452873,M. Gil Llimona,M. Gil Llimona,0,17.2,1034.0,1.0,0.0,5.0,0.0,1.0,0.0,6.0,1.0,4.0,1.0,1.0,2.0,2.0,2.0,1.0,0.0,0.0,2.0,3.0,-4.0,-2.0,6.4,0.0,16.7,66.7,0.0,0.0,1.3,5.2,5.5,5.3,29.4,2.7,0.0,20.5,22.4
2509201,4,984929,JOVENTUT BADALONA,AWAY,1943849,F. Mauri Guillen,F. Mauri Guillen,1,30.7,1844.0,16.0,2.0,9.0,2.0,8.0,4.0,17.0,6.0,6.0,1.0,4.0,5.0,3.0,1.0,1.0,0.0,1.0,3.0,8.0,16.0,-13.0,40.7,29.4,47.1,35.3,0.4,0.8,0.8,2.9,12.4,7.5,31.2,1.5,0.0,4.8,26.5
2509201,4,984929,JOVENTUT BADALONA,AWAY,2535717,K. Macías Book,K. Macías Book,0,18.6,1116.0,0.0,0.0,3.0,0.0,1.0,0.0,4.0,0.0,0.0,3.0,2.0,5.0,0.0,4.0,1.0,1.0,0.0,3.0,0.0,-4.0,-16.0,0.0,0.0,25.0,0.0,0.0,0.0,0.0,14.3,10.2,12.4,0.0,2.5,4.6,50.0,16.9
2509201,4,984929,JOVENTUT BADALONA,AWAY,2243143,T. Thomas I García,T. Thomas I García,0,11.1,664.0,2.0,1.0,2.0,0.0,1.0,1.0,3.0,0.0,0.0,3.0,2.0,5.0,1.0,1.0,2.0,0.0,0.0,1.0,0.0,6.0,3.0,33.3,33.3,33.3,0.0,1.0,0.0,0.0,24.0,17.2,20.7,24.4,8.4,0.0,25.0,14.2
2509202,4,984930,BAXI MANRESA,HOME,2739297,I. Francisco,I. Francisco,1,14.8,887.0,0.0,0.0,4.0,0.0,2.0,0.0,6.0,0.0,0.0,0.0,0.0,0.0,1.0,1.0,0.0,0.0,0.0,2.0,2.0,-6.0,-7.0,0.0,0.0,33.3,0.0,0.0,0.0,0.0,0.0,0.0,0.0,8.9,0.0,0.0,14.3,19.4
2509202,4,984930,BAXI MANRESA,HOME,1959173,M. Rosell Lanza,M. Rosell Lanza,1,21.3,1276.0,11.0,3.0,4.0,1.0,5.0,4.0,9.0,2.0,2.0,1.0,2.0,3.0,0.0,0.0,2.0,0.0,0.0,2.0,2.0,11.0,-13.0,55.7,50.0,55.6,22.2,1.5,0.6,1.0,4.2,11.7,7.3,0.0,4.4,0.0,0.0,19.0
2509202,4,984930,BAXI MANRESA,HOME,2528977,B. Jekabsons,B. Jekabsons,0,14.1,848.0,7.0,1.0,1.0,1.0,3.0,2.0,4.0,2.0,3.0,0.0,0.0,0.0,0.0,1.0,0.0,0.0,0.0,2.0,1.0,2.0,-3.0,65.8,62.5,75.0,75.0,2.0,1.0,3.0,0.0,0.0,0.0,0.0,0.0,0.0,15.8,18.4
2509202,4,984930,BAXI MANRESA,HOME,2081822,A. Muncunill Ferrer,A. Muncunill Ferrer,0,3.5,213.0,0.0,0.0,0.0,0.0,0.0,0.0,0.0,0.0,2.0,0.0,0.0,0.0,0.0,0.0,0.0,0.0,0.0,0.0,1.0,-1.0,-10.0,0.0,0.0,0.0,0.0,0.0,0.0,2.0,0.0,0.0,0.0,0.0,0.0,0.0,0.0,10.3
2509202,4,984930,BAXI MANRESA,HOME,2738788,L. Bergseng,L. Bergseng,1,28.2,1693.0,10.0,3.0,5.0,1.0,3.0,4.0,8.0,1.0,2.0,2.0,5.0,7.0,2.0,1.0,0.0,0.0,0.0,2.0,1.0,12.0,-6.0,56.3,56.2,37.5,25.0,1.2,1.0,2.0,6.3,22.2,12.9,12.8,0.0,0.0,10.1,14.4
2509202,4,984930,BAXI MANRESA,HOME,2295371,G. Ecker Alberti,G. Ecker Alberti,0,7.0,423.0,0.0,0.0,0.0,0.0,1.0,0.0,1.0,0.0,0.0,0.0,0.0,0.0,0.0,0.0,0.0,0.0,1.0,0.0,0.0,-1.0,-5.0,0.0,0.0,100.0,0.0,0.0,0.0,0.0,0.0,0.0,0.0,0.0,0.0,0.0,0.0,5.9
2509202,4,984930,BAXI MANRESA,HOME,2153495,J. Salo Blaya,J. Salo Blaya,0,11.8,707.0,4.0,2.0,4.0,0.0,0.0,2.0,4.0,0.0,0.0,2.0,1.0,3.0,2.0,2.0,0.0,0.0,0.0,4.0,1.0,2.0,-2.0,50.0,50.0,0.0,0.0,1.0,0.0,0.0,15.1,10.6,13.2,31.2,0.0,0.0,33.3,20.8
2509202,4,984930,BAXI MANRESA,HOME,2081670,G. Naspler Perez,G. Naspler Perez,0,27.8,1667.0,5.0,1.0,5.0,0.0,3.0,1.0,8.0,3.0,4.0,0.0,3.0,3.0,2.0,0.0,3.0,0.0,1.0,2.0,4.0,7.0,0.0,25.6,12.5,37.5,50.0,0.4,0.0,1.0,0.0,13.5,5.6,10.8,5.0,0.0,0.0,14.4
2509202,4,984930,BAXI MANRESA,HOME,2150510,J. Pumarola Aguilar,J. Pumarola Aguilar,1,23.9,1434.0,10.0,3.0,5.0,0.0,7.0,3.0,12.0,4.0,4.0,3.0,1.0,4.0,2.0,2.0,2.0,1.0,1.0,0.0,2.0,10.0,2.0,36.3,25.0,58.3,33.3,1.2,0.0,2.0,11.2,5.2,8.7,14.5,3.9,3.5,12.7,27.0
2509202,4,984930,BAXI MANRESA,HOME,2334297,L. Sanchez Fernandez,L. Sanchez Fernandez,0,19.2,1154.0,16.0,6.0,9.0,0.0,3.0,6.0,12.0,4.0,5.0,0.0,2.0,2.0,0.0,2.0,2.0,0.0,0.0,2.0,3.0,12.0,9.0,56.3,50.0,25.0,41.7,1.3,0.0,1.7,0.0,13.0,5.4,0.0,4.8,0.0,12.3,34.6
2509202,4,984930,BAXI MANRESA,HOME,2145902,F. Torreblanca Catalan,F. Torreblanca Catalan,1,22.3,1339.0,16.0,2.0,3.0,4.0,8.0,6.0,11.0,0.0,0.0,1.0,4.0,5.0,4.0,1.0,3.0,0.0,1.0,2.0,1.0,21.0,5.0,72.7,72.7,72.7,0.0,1.3,1.5,0.0,4.0,22.4,11.6,37.0,6.2,0.0,8.3,22.1
2509202,4,984930,BAXI MANRESA,HOME,2815468,S. Lederman,S. Lederman,0,6.0,359.0,2.0,0.0,0.0,0.0,0.0,0.0,0.0,2.0,2.0,0.0,1.0,1.0,0.0,2.0,0.0,0.0,0.0,1.0,1.0,1.0,-10.0,113.6,0.0,0.0,0.0,0.0,0.0,2.0,0.0,20.8,8.7,0.0,0.0,0.0,69.4,19.7
2509202,4,984928,BARÇA ATLÈTIC,AWAY,2642482,A. Kone,A. Kone,1,19.9,1194.0,12.0,5.0,7.0,0.0,0.0,5.0,7.0,2.0,2.0,4.0,9.0,13.0,2.0,2.0,0.0,0.0,0.0,2.0,2.0,23.0,-7.0,76.1,71.4,0.0,28.6,1.4,0.0,1.0,25.1,40.2,33.9,15.4,0.0,0.0,20.2,20.0
2509202,4,984928,BARÇA ATLÈTIC,AWAY,2642172,J. Siftar,J. Siftar,1,16.8,1010.0,8.0,1.0,3.0,2.0,2.0,3.0,5.0,0.0,1.0,1.0,1.0,2.0,2.0,1.0,0.0,0.0,0.0,1.0,1.0,8.0,4.0,73.5,80.0,40.0,20.0,0.7,3.0,1.0,7.4,5.3,6.2,17.5,0.0,0.0,15.5,15.5
2509202,4,984928,BARÇA ATLÈTIC,AWAY,2647995,M. Keita,M. Keita,0,20.6,1236.0,11.0,5.0,6.0,0.0,0.0,5.0,6.0,1.0,2.0,1.0,3.0,4.0,0.0,2.0,1.0,0.0,0.0,1.0,1.0,12.0,17.0,79.9,83.3,0.0,33.3,1.7,0.0,2.0,6.1,12.9,10.1,0.0,2.2,0.0,22.5,17.4
2509202,4,984928,BARÇA ATLÈTIC,AWAY,2256034,J. Cerdan Palacios,J. Cerdan Palacios,0,12.1,725.0,8.0,1.0,2.0,2.0,4.0,3.0,6.0,0.0,0.0,0.0,0.0,0.0,0.0,4.0,2.0,0.0,0.0,1.0,0.0,2.0,14.0,66.7,66.7,66.7,0.0,1.0,1.5,0.0,0.0,0.0,0.0,0.0,7.5,0.0,40.0,33.3
2509202,4,984928,BARÇA ATLÈTIC,AWAY,2561463,D. Ferreras Camarero,D. Ferreras Camarero,0,23.2,1390.0,7.0,2.0,3.0,1.0,4.0,3.0,7.0,0.0,0.0,0.0,5.0,5.0,3.0,1.0,1.0,1.0,0.0,1.0,0.0,11.0,4.0,50.0,50.0,57.1,0.0,1.3,0.8,0.0,0.0,19.2,11.2,16.1,1.9,4.3,12.5,13.9
2509202,4,984928,BARÇA ATLÈTIC,AWAY,2166517,D. Gonzalez Castro,D. Gonzalez Castro,1,22.3,1338.0,10.0,3.0,3.0,1.0,2.0,4.0,5.0,1.0,2.0,1.0,3.0,4.0,4.0,2.0,1.0,0.0,0.0,2.0,9.0,22.0,1.0,85.0,90.0,40.0,40.0,2.0,1.5,0.2,5.6,12.0,9.3,22.7,2.0,0.0,25.4,14.3
2509202,4,984928,BARÇA ATLÈTIC,AWAY,2218824,O. Filba Gonzalez,O. Filba Gonzalez,0,17.7,1062.0,1.0,0.0,2.0,0.0,1.0,0.0,3.0,1.0,2.0,0.0,0.0,0.0,4.0,2.0,0.0,0.0,0.0,4.0,1.0,-4.0,7.0,12.9,0.0,33.3,66.7,0.0,0.0,2.0,0.0,0.0,0.0,27.8,0.0,0.0,34.0,13.4
2509202,4,984928,BARÇA ATLÈTIC,AWAY,2641337,J. Boumtje Boumtje,J. Boumtje Boumtje,1,23.9,1432.0,12.0,6.0,12.0,0.0,3.0,6.0,15.0,0.0,0.0,4.0,5.0,9.0,2.0,1.0,0.0,1.0,1.0,2.0,0.0,12.0,-3.0,40.0,40.0,20.0,0.0,1.0,0.0,0.0,20.9,18.6,19.6,12.8,0.0,4.2,6.2,27.0
2509202,4,984928,BARÇA ATLÈTIC,AWAY,2646614,N. Kusturica,N. Kusturica,1,27.9,1675.0,15.0,3.0,8.0,2.0,5.0,5.0,13.0,3.0,3.0,2.0,5.0,7.0,5.0,7.0,1.0,1.0,0.0,1.0,2.0,15.0,-6.0,52.4,46.2,38.5,23.1,0.8,1.2,1.5,9.0,15.9,13.0,24.8,1.6,3.6,32.8,30.8
2509202,4,984928,BARÇA ATLÈTIC,AWAY,2642481,M. Dabone,M. Dabone,0,15.6,938.0,5.0,2.0,2.0,0.0,0.0,2.0,2.0,1.0,2.0,0.0,5.0,5.0,1.0,2.0,0.0,1.0,0.0,4.0,1.0,6.0,9.0,86.8,100.0,0.0,100.0,2.0,0.0,2.0,0.0,28.5,16.7,8.1,0.0,6.4,41.0,12.6
2509203,4,984791,BURGOS GRUPO DE SANTIAGO,HOME,2535384,M. Bella Cabañas,M. Bella Cabañas,0,25.1,1509.0,7.0,2.0,4.0,1.0,3.0,3.0,7.0,0.0,2.0,1.0,7.0,8.0,4.0,3.0,1.0,0.0,0.0,4.0,1.0,8.0,11.0,44.4,50.0,42.9,28.6,1.0,1.0,2.0,3.6,34.9,16.7,20.8,1.9,0.0,27.6,17.8
2509203,4,984791,BURGOS GRUPO DE SANTIAGO,HOME,2661261,R. Rodriguez,R. Rodriguez,1,16.0,958.0,1.0,0.0,2.0,0.0,2.0,0.0,4.0,1.0,2.0,0.0,1.0,1.0,1.0,0.0,1.0,0.0,1.0,5.0,3.0,-3.0,-8.0,10.2,0.0,50.0,50.0,0.0,0.0,0.7,0.0,7.8,3.3,6.8,2.9,0.0,0.0,12.6
2509203,4,984791,BURGOS GRUPO DE SANTIAGO,HOME,2436134,A. Traore,A. Traore,0,30.9,1857.0,17.0,7.0,12.0,0.0,0.0,7.0,12.0,3.0,6.0,5.0,5.0,10.0,0.0,1.0,1.0,0.0,0.0,2.0,5.0,22.0,4.0,58.1,58.3,0.0,50.0,1.2,0.0,1.2,14.6,20.2,16.9,0.0,1.5,0.0,6.4,20.8
2509203,4,984791,BURGOS GRUPO DE SANTIAGO,HOME,2162563,A. Laso Careaga,A. Laso Careaga,0,23.2,1390.0,7.0,0.0,2.0,2.0,2.0,2.0,4.0,1.0,2.0,0.0,3.0,3.0,5.0,2.0,1.0,0.0,0.0,3.0,2.0,10.0,12.0,71.7,75.0,50.0,50.0,0.0,3.0,1.0,0.0,16.2,6.8,30.3,2.0,0.0,29.1,12.2
2509203,4,984791,BURGOS GRUPO DE SANTIAGO,HOME,2228400,M. Perez Gundin,M. Perez Gundin,0,0.2,12.0,0.0,0.0,0.0,0.0,0.0,0.0,0.0,0.0,0.0,0.0,0.0,0.0,0.0,0.0,0.0,0.0,0.0,0.0,0.0,0.0,2.0,0.0,0.0,0.0,0.0,0.0,0.0,0.0,0.0,0.0,0.0,0.0,0.0,0.0,0.0,0.0
2509203,4,984791,BURGOS GRUPO DE SANTIAGO,HOME,2690845,F. Nuñez,F. Nuñez,1,32.7,1962.0,26.0,6.0,11.0,3.0,6.0,9.0,17.0,5.0,7.0,0.0,3.0,3.0,1.0,2.0,1.0,0.0,1.0,2.0,3.0,20.0,0.0,64.7,61.8,35.3,41.2,1.1,1.5,2.3,0.0,11.5,4.8,5.9,1.4,0.0,9.1,27.8
2509203,4,984791,BURGOS GRUPO DE SANTIAGO,HOME,2045029,D. Rodriguez Ramos,D. Rodriguez Ramos,1,33.7,2021.0,11.0,4.0,6.0,1.0,3.0,5.0,9.0,0.0,2.0,5.0,1.0,6.0,0.0,0.0,2.0,1.0,0.0,4.0,1.0,11.0,-5.0,55.7,61.1,33.3,22.2,1.3,1.0,2.0,13.4,3.7,9.3,0.0,2.8,3.0,0.0,12.1
2509203,4,984791,BURGOS GRUPO DE SANTIAGO,HOME,2220551,M. Garcia Varona,M. Garcia Varona,0,0.2,12.0,0.0,0.0,0.0,0.0,0.0,0.0,0.0,0.0,0.0,0.0,0.0,0.0,0.0,0.0,0.0,0.0,0.0,0.0,0.0,0.0,2.0,0.0,0.0,0.0,0.0,0.0,0.0,0.0,0.0,0.0,0.0,0.0,0.0,0.0,0.0,0.0
2509203,4,984791,BURGOS GRUPO DE SANTIAGO,HOME,2210291,E. Franco Sanz,E. Franco Sanz,1,7.3,436.0,2.0,1.0,1.0,0.0,0.0,1.0,1.0,0.0,0.0,1.0,1.0,2.0,0.0,0.0,1.0,0.0,0.0,0.0,0.0,5.0,-8.0,100.0,100.0,0.0,0.0,2.0,0.0,0.0,12.3,17.1,14.3,0.0,6.4,0.0,0.0,5.6
2509203,4,984791,BURGOS GRUPO DE SANTIAGO,HOME,2610623,L. Krispin,L. Krispin,0,19.4,1165.0,2.0,1.0,6.0,0.0,2.0,1.0,8.0,0.0,0.0,0.0,0.0,0.0,2.0,0.0,1.0,0.0,1.0,3.0,0.0,-5.0,-7.0,12.5,12.5,25.0,0.0,0.3,0.0,0.0,0.0,0.0,0.0,14.5,2.4,0.0,0.0,17.0
2509203,4,984791,BURGOS GRUPO DE SANTIAGO,HOME,2790234,J. Taboada Lühers,J. Taboada Lühers,1,36.3,2178.0,24.0,7.0,14.0,2.0,10.0,9.0,24.0,4.0,7.0,4.0,5.0,9.0,1.0,3.0,2.0,0.0,0.0,2.0,9.0,22.0,17.0,44.3,41.7,41.7,29.2,1.0,0.6,0.8,9.9,17.2,13.0,4.9,2.6,0.0,10.0,34.1
2509203,4,984923,GRAN CANARIA,AWAY,2441048,E. Heinonen,E. Heinonen,1,31.4,1885.0,20.0,2.0,6.0,5.0,11.0,7.0,17.0,1.0,1.0,1.0,1.0,2.0,2.0,2.0,0.0,0.0,1.0,4.0,2.0,10.0,-6.0,57.3,55.9,64.7,5.9,0.7,1.4,0.5,4.0,2.9,3.3,11.9,0.0,0.0,10.3,26.2
2509203,4,984923,GRAN CANARIA,AWAY,2044256,J. Arteaga Giner,J. Arteaga Giner,0,11.0,662.0,3.0,0.0,0.0,1.0,2.0,1.0,2.0,0.0,0.0,0.0,1.0,1.0,0.0,0.0,0.0,0.0,0.0,0.0,0.0,3.0,8.0,75.0,75.0,100.0,0.0,0.0,1.5,0.0,0.0,8.2,4.8,0.0,0.0,0.0,0.0,7.7
2509203,4,984923,GRAN CANARIA,AWAY,1885980,F. Díaz Herrera,F. Díaz Herrera,0,26.4,1584.0,6.0,2.0,4.0,0.0,2.0,2.0,6.0,2.0,4.0,3.0,2.0,5.0,6.0,2.0,3.0,0.0,0.0,2.0,3.0,13.0,-12.0,38.7,33.3,33.3,66.7,1.0,0.0,1.3,14.2,6.8,9.9,32.6,5.5,0.0,20.5,15.7
2509203,4,984923,GRAN CANARIA,AWAY,2279529,H. Díaz Guillén,H. Díaz Guillén,0,7.2,433.0,0.0,0.0,0.0,0.0,1.0,0.0,1.0,0.0,0.0,0.0,0.0,0.0,0.0,1.0,0.0,0.0,0.0,1.0,0.0,-3.0,-9.0,0.0,0.0,100.0,0.0,0.0,0.0,0.0,0.0,0.0,0.0,0.0,0.0,0.0,50.0,11.8
2509203,4,984923,GRAN CANARIA,AWAY,2834161,W. Tsafack,W. Tsafack,1,37.8,2267.0,15.0,5.0,11.0,1.0,3.0,6.0,14.0,2.0,4.0,3.0,7.0,10.0,4.0,3.0,1.0,1.0,0.0,4.0,2.0,16.0,5.0,47.6,46.4,21.4,28.6,0.9,1.0,2.0,9.9,16.7,13.8,18.9,1.3,2.1,16.0,21.0
2509203,4,984923,GRAN CANARIA,AWAY,2760153,C. Mbengue,C. Mbengue,0,15.8,950.0,9.0,3.0,6.0,0.0,0.0,3.0,6.0,3.0,6.0,0.0,5.0,5.0,1.0,1.0,0.0,1.0,0.0,3.0,3.0,9.0,-18.0,52.1,50.0,0.0,100.0,1.0,0.0,2.0,0.0,28.5,16.6,9.4,0.0,4.9,10.4,25.9
2509203,4,984923,GRAN CANARIA,AWAY,2177916,P. Pasqua Amat,P. Pasqua Amat,0,6.2,375.0,0.0,0.0,1.0,0.0,2.0,0.0,3.0,0.0,0.0,0.0,2.0,2.0,0.0,1.0,0.0,0.0,0.0,1.0,1.0,-2.0,-4.0,0.0,0.0,66.7,0.0,0.0,0.0,0.0,0.0,29.0,16.9,0.0,0.0,0.0,25.0,27.3
2509203,4,984923,GRAN CANARIA,AWAY,2563387,M. Coulibaly,M. Coulibaly,0,5.8,351.0,4.0,2.0,3.0,0.0,0.0,2.0,3.0,0.0,1.0,0.0,2.0,2.0,0.0,0.0,0.0,0.0,0.0,1.0,1.0,4.0,-4.0,58.1,66.7,0.0,33.3,1.3,0.0,1.0,0.0,31.0,18.0,0.0,0.0,0.0,0.0,25.1
2509203,4,984923,GRAN CANARIA,AWAY,2651631,M. Miteo,M. Miteo,1,23.2,1393.0,15.0,6.0,7.0,0.0,1.0,6.0,8.0,3.0,4.0,1.0,7.0,8.0,1.0,1.0,0.0,1.0,0.0,5.0,2.0,18.0,20.0,76.8,75.0,12.5,50.0,1.7,0.0,2.0,5.4,27.2,18.0,9.1,0.0,3.3,9.3,19.7
2509203,4,984923,GRAN CANARIA,AWAY,2087418,G. Baez Pierson,G. Baez Pierson,1,26.7,1604.0,2.0,0.0,2.0,0.0,3.0,0.0,5.0,2.0,5.0,2.0,1.0,3.0,1.0,1.0,1.0,0.0,0.0,2.0,4.0,0.0,-1.0,13.9,0.0,60.0,100.0,0.0,0.0,1.2,9.4,3.4,5.9,4.9,1.8,0.0,12.2,13.0
2509203,4,984923,GRAN CANARIA,AWAY,2827856,B. González Ramírez,B. González Ramírez,1,33.3,1996.0,19.0,2.0,4.0,5.0,7.0,7.0,11.0,0.0,5.0,0.0,6.0,6.0,8.0,5.0,1.0,0.0,0.0,1.0,7.0,26.0,1.0,72.0,86.4,63.6,45.5,1.0,2.1,0.7,0.0,16.2,9.4,47.6,1.4,0.0,27.5,23.2
2509204,5,984928,BARÇA ATLÈTIC,HOME,2642482,A. Kone,A. Kone,0,14.1,847.0,5.0,1.0,3.0,0.0,0.0,1.0,3.0,3.0,4.0,3.0,4.0,7.0,0.0,0.0,0.0,2.0,0.0,1.0,3.0,13.0,9.0,52.5,33.3,0.0,133.3,0.7,0.0,1.3,20.3,23.6,22.1,0.0,0.0,11.1,0.0,12.2
2509204,5,984928,BARÇA ATLÈTIC,HOME,2642172,J. Siftar,J. Siftar,0,19.3,1158.0,12.0,3.0,6.0,0.0,1.0,3.0,7.0,6.0,6.0,2.0,2.0,4.0,2.0,4.0,1.0,0.0,0.0,2.0,3.0,12.0,28.0,62.2,42.9,14.3,85.7,1.0,0.0,2.0,9.9,8.6,9.2,13.3,2.2,0.0,29.3,25.5
2509204,5,984928,BARÇA ATLÈTIC,HOME,2647995,M. Keita,M. Keita,1,19.6,1174.0,9.0,4.0,12.0,0.0,2.0,4.0,14.0,1.0,1.0,3.0,3.0,6.0,2.0,3.0,0.0,0.0,1.0,3.0,1.0,2.0,9.0,31.2,28.6,14.3,7.1,0.7,0.0,1.0,14.6,12.8,13.6,14.3,0.0,0.0,17.2,32.1
2509204,5,984928,BARÇA ATLÈTIC,HOME,2082056,N. Poza Cervantes,N. Poza Cervantes,0,21.8,1308.0,18.0,3.0,3.0,4.0,6.0,7.0,9.0,0.0,0.0,1.0,0.0,1.0,3.0,2.0,3.0,0.0,0.0,2.0,2.0,21.0,31.0,100.0,100.0,66.7,0.0,2.0,2.0,0.0,4.4,0.0,2.0,27.3,5.8,0.0,18.2,18.2
2509204,5,984928,BARÇA ATLÈTIC,HOME,2256034,J. Cerdan Palacios,J. Cerdan Palacios,0,17.1,1028.0,11.0,2.0,6.0,2.0,5.0,4.0,11.0,1.0,2.0,2.0,0.0,2.0,1.0,1.0,1.0,0.0,0.0,3.0,1.0,4.0,2.0,46.3,45.5,45.5,18.2,0.7,1.2,2.0,11.1,0.0,5.2,9.6,2.5,0.0,7.8,27.2
2509204,5,984928,BARÇA ATLÈTIC,HOME,2550554,S. Keita,S. Keita,1,19.9,1194.0,2.0,1.0,2.0,0.0,0.0,1.0,2.0,0.0,4.0,0.0,3.0,3.0,1.0,3.0,2.0,2.0,0.0,3.0,2.0,1.0,4.0,26.6,50.0,0.0,200.0,1.0,0.0,2.0,0.0,12.6,6.7,5.9,4.2,7.9,44.4,12.3
2509204,5,984928,BARÇA ATLÈTIC,HOME,2166517,D. Gonzalez Castro,D. Gonzalez Castro,1,20.7,1242.0,6.0,3.0,4.0,0.0,2.0,3.0,6.0,0.0,0.0,1.0,2.0,3.0,2.0,3.0,5.0,0.0,0.0,3.0,1.0,8.0,-1.0,50.0,50.0,33.3,0.0,1.5,0.0,0.0,4.6,8.1,6.4,13.3,10.2,0.0,33.3,15.7
2509204,5,984928,BARÇA ATLÈTIC,HOME,2218824,O. Filba Gonzalez,O. Filba Gonzalez,1,17.1,1029.0,2.0,1.0,4.0,0.0,1.0,1.0,5.0,0.0,0.0,0.0,3.0,3.0,1.0,1.0,1.0,0.0,0.0,1.0,3.0,4.0,-2.0,20.0,20.0,20.0,0.0,0.5,0.0,0.0,0.0,14.6,7.8,7.5,2.5,0.0,16.7,12.7
2509204,5,984928,BARÇA ATLÈTIC,HOME,2646614,N. Kusturica,N. Kusturica,1,27.7,1660.0,21.0,5.0,8.0,0.0,3.0,5.0,11.0,11.0,16.0,2.0,9.0,11.0,5.0,0.0,0.0,1.0,0.0,3.0,5.0,29.0,34.0,58.2,45.5,27.3,145.5,1.2,0.0,3.2,6.9,27.1,17.6,24.8,0.0,2.8,0.0,23.5
2509204,5,984928,BARÇA ATLÈTIC,HOME,2642481,M. Dabone,M. Dabone,0,22.7,1360.0,16.0,7.0,8.0,0.0,1.0,7.0,9.0,2.0,3.0,2.0,4.0,6.0,1.0,1.0,3.0,1.0,0.0,2.0,4.0,25.0,21.0,77.5,77.8,11.1,33.3,1.8,0.0,0.8,8.4,14.7,11.7,6.8,5.6,3.5,8.8,18.0
2509204,5,984927,CASADEMONT ZARAGOZA,AWAY,2199699,H. Valle Paramio,H. Valle Paramio,0,3.0,181.0,0.0,0.0,0.0,0.0,0.0,0.0,0.0,0.0,2.0,0.0,1.0,1.0,0.0,0.0,0.0,0.0,0.0,2.0,1.0,-2.0,4.0,0.0,0.0,0.0,0.0,0.0,0.0,2.0,0.0,31.7,14.8,0.0,0.0,0.0,0.0,10.4
2509204,5,984927,CASADEMONT ZARAGOZA,AWAY,2125634,J. Garcia Sanchez,J. Garcia Sanchez,1,23.3,1400.0,8.0,1.0,4.0,1.0,3.0,2.0,7.0,3.0,3.0,3.0,4.0,7.0,1.0,5.0,3.0,0.0,0.0,3.0,2.0,8.0,-21.0,48.1,35.7,42.9,42.9,0.5,1.0,1.5,10.7,16.3,13.4,7.4,5.4,0.0,37.5,20.3
2509204,5,984927,CASADEMONT ZARAGOZA,AWAY,2008960,A. Moreno Valero,A. Moreno Valero,0,15.7,943.0,7.0,2.0,4.0,1.0,4.0,3.0,8.0,0.0,0.0,1.0,0.0,1.0,3.0,1.0,1.0,0.0,1.0,3.0,2.0,5.0,-12.0,43.8,43.8,50.0,0.0,1.0,0.8,0.0,5.3,0.0,2.8,40.5,2.7,0.0,11.1,20.3
2509204,5,984927,CASADEMONT ZARAGOZA,AWAY,2646355,M. Lukic,M. Lukic,1,22.1,1329.0,8.0,4.0,8.0,0.0,4.0,4.0,12.0,0.0,0.0,2.0,3.0,5.0,4.0,3.0,1.0,0.0,1.0,2.0,2.0,7.0,-14.0,33.3,33.3,33.3,0.0,1.0,0.0,0.0,7.5,12.9,10.1,34.5,1.9,0.0,20.0,24.1
2509204,5,984927,CASADEMONT ZARAGOZA,AWAY,1975428,C. Alias Bermudez,C. Alias Bermudez,1,31.7,1904.0,8.0,0.0,4.0,2.0,5.0,2.0,9.0,2.0,6.0,1.0,4.0,5.0,2.0,4.0,2.0,0.0,0.0,0.0,4.0,6.0,-29.0,34.4,33.3,55.6,66.7,0.0,1.2,1.5,2.6,12.0,7.0,10.6,2.7,0.0,25.6,17.5
2509204,5,984927,CASADEMONT ZARAGOZA,AWAY,2438847,A. Savkov,A. Savkov,1,24.8,1488.0,15.0,5.0,9.0,0.0,5.0,5.0,14.0,5.0,6.0,4.0,2.0,6.0,0.0,4.0,2.0,1.0,0.0,3.0,5.0,12.0,-22.0,45.1,35.7,35.7,42.9,1.1,0.0,1.2,13.4,7.7,10.8,0.0,3.4,2.9,19.4,29.5
2509204,5,984927,CASADEMONT ZARAGOZA,AWAY,2382632,A. Cativiela Aisa,A. Cativiela Aisa,0,19.3,1158.0,5.0,2.0,4.0,0.0,2.0,2.0,6.0,1.0,2.0,1.0,4.0,5.0,3.0,2.0,2.0,0.0,1.0,4.0,1.0,5.0,-5.0,36.3,33.3,33.3,33.3,1.0,0.0,2.0,4.3,19.7,11.5,27.3,4.4,0.0,22.5,16.3
2509204,5,984927,CASADEMONT ZARAGOZA,AWAY,2073295,R. Valero Lopez,R. Valero Lopez,0,16.5,988.0,5.0,2.0,4.0,0.0,4.0,2.0,8.0,1.0,3.0,0.0,1.0,1.0,1.0,0.0,1.0,0.0,2.0,2.0,1.0,-1.0,-7.0,26.8,25.0,50.0,37.5,1.0,0.0,3.0,0.0,5.8,2.7,11.9,2.6,0.0,0.0,20.0
2509204,5,984927,CASADEMONT ZARAGOZA,AWAY,2648124,A. Rodriguez Aguila,A. Rodriguez Aguila,1,24.8,1490.0,9.0,2.0,6.0,0.0,0.0,2.0,6.0,5.0,5.0,2.0,4.0,6.0,0.0,1.0,0.0,0.0,1.0,4.0,3.0,9.0,-10.0,54.9,33.3,0.0,83.3,0.7,0.0,1.7,6.7,15.4,10.8,0.0,0.0,0.0,10.9,13.2
2509204,5,984927,CASADEMONT ZARAGOZA,AWAY,2084765,C. Iglesias Gracia,C. Iglesias Gracia,0,2.4,144.0,0.0,0.0,1.0,0.0,0.0,0.0,1.0,0.0,0.0,1.0,1.0,2.0,0.0,0.0,0.0,0.0,0.0,0.0,0.0,1.0,-4.0,0.0,0.0,0.0,0.0,0.0,0.0,0.0,34.7,39.7,37.0,0.0,0.0,0.0,0.0,14.8
2509204,5,984927,CASADEMONT ZARAGOZA,AWAY,2704549,K. Soumalia Salif,K. Soumalia Salif,0,16.2,975.0,10.0,4.0,7.0,0.0,0.0,4.0,7.0,2.0,2.0,3.0,2.0,5.0,0.0,2.0,1.0,0.0,0.0,4.0,1.0,8.0,-15.0,63.5,57.1,0.0,28.6,1.1,0.0,2.0,15.4,11.8,13.7,0.0,2.6,0.0,20.2,21.6
2509205,5,984923,GRAN CANARIA,HOME,2452090,L. Nzambi Maniema,L. Nzambi Maniema,1,31.0,1860.0,18.0,7.0,10.0,0.0,3.0,7.0,13.0,4.0,4.0,1.0,0.0,1.0,2.0,4.0,3.0,0.0,0.0,3.0,6.0,17.0,-5.0,61.0,53.8,23.1,30.8,1.4,0.0,0.7,3.7,0.0,1.9,13.7,4.7,0.0,21.3,26.8
2509205,5,984923,GRAN CANARIA,HOME,2441048,E. Heinonen,E. Heinonen,1,29.9,1795.0,8.0,1.0,3.0,2.0,6.0,3.0,9.0,0.0,0.0,0.0,2.0,2.0,3.0,0.0,0.0,0.0,1.0,3.0,0.0,4.0,-6.0,44.4,44.4,66.7,0.0,0.7,1.0,0.0,0.0,8.4,4.0,18.9,0.0,0.0,0.0,13.3
2509205,5,984923,GRAN CANARIA,HOME,2044256,J. Arteaga Giner,J. Arteaga Giner,0,2.5,150.0,0.0,0.0,1.0,0.0,0.0,0.0,1.0,0.0,0.0,0.0,0.0,0.0,0.0,1.0,0.0,0.0,0.0,1.0,0.0,-3.0,-2.0,0.0,0.0,0.0,0.0,0.0,0.0,0.0,0.0,0.0,0.0,0.0,0.0,0.0,50.0,35.4
2509205,5,984923,GRAN CANARIA,HOME,1885980,F. Díaz Herrera,F. Díaz Herrera,0,22.8,1370.0,8.0,2.0,4.0,1.0,2.0,3.0,6.0,1.0,3.0,0.0,3.0,3.0,2.0,0.0,3.0,0.0,0.0,1.0,6.0,16.0,-2.0,54.6,58.3,33.3,50.0,1.0,1.5,0.5,0.0,16.4,7.9,15.2,6.4,0.0,0.0,14.2
2509205,5,984923,GRAN CANARIA,HOME,2279529,H. Díaz Guillén,H. Díaz Guillén,0,13.3,801.0,2.0,1.0,1.0,0.0,1.0,1.0,2.0,0.0,0.0,2.0,0.0,2.0,1.0,1.0,1.0,0.0,0.0,0.0,1.0,5.0,-15.0,50.0,50.0,50.0,0.0,2.0,0.0,0.0,17.2,0.0,9.0,14.1,3.7,0.0,33.3,10.0
2509205,5,984923,GRAN CANARIA,HOME,2834161,W. Tsafack,W. Tsafack,1,26.1,1565.0,6.0,2.0,4.0,0.0,0.0,2.0,4.0,2.0,4.0,2.0,3.0,5.0,3.0,4.0,3.0,0.0,0.0,2.0,4.0,11.0,-1.0,52.1,50.0,0.0,100.0,1.0,0.0,1.0,8.8,14.4,11.4,17.8,5.6,0.0,41.0,16.6
2509205,5,984923,GRAN CANARIA,HOME,2760153,C. Mbengue,C. Mbengue,0,8.1,484.0,2.0,1.0,3.0,0.0,0.0,1.0,3.0,0.0,0.0,3.0,4.0,7.0,0.0,4.0,0.0,0.0,0.0,0.0,0.0,3.0,-4.0,33.3,33.3,0.0,0.0,0.7,0.0,0.0,42.3,61.7,51.6,0.0,0.0,0.0,57.1,38.3
2509205,5,984923,GRAN CANARIA,HOME,2177916,P. Pasqua Amat,P. Pasqua Amat,0,5.9,354.0,3.0,0.0,0.0,1.0,2.0,1.0,2.0,0.0,0.0,1.0,1.0,2.0,1.0,0.0,1.0,0.0,0.0,1.0,0.0,5.0,2.0,75.0,75.0,100.0,0.0,0.0,1.5,0.0,19.4,21.2,20.2,58.8,8.3,0.0,0.0,15.0
2509205,5,984923,GRAN CANARIA,HOME,2563387,M. Coulibaly,M. Coulibaly,0,3.5,211.0,0.0,0.0,0.0,0.0,0.0,0.0,0.0,0.0,0.0,0.0,0.0,0.0,0.0,2.0,0.0,0.0,0.0,2.0,0.0,-4.0,-5.0,0.0,0.0,0.0,0.0,0.0,0.0,0.0,0.0,0.0,0.0,0.0,0.0,0.0,100.0,25.3
2509205,5,984923,GRAN CANARIA,HOME,2651631,M. Miteo,M. Miteo,1,26.3,1578.0,13.0,5.0,9.0,0.0,0.0,5.0,9.0,3.0,8.0,3.0,3.0,6.0,0.0,3.0,0.0,1.0,0.0,1.0,4.0,11.0,5.0,51.9,55.6,0.0,88.9,1.1,0.0,2.0,13.0,14.3,13.6,0.0,0.0,4.3,19.3,26.1
2509205,5,984923,GRAN CANARIA,HOME,2087418,G. Baez Pierson,G. Baez Pierson,0,4.4,266.0,0.0,0.0,0.0,0.0,0.0,0.0,0.0,0.0,0.0,1.0,1.0,2.0,0.0,1.0,0.0,0.0,0.0,0.0,0.0,1.0,-2.0,0.0,0.0,0.0,0.0,0.0,0.0,0.0,26.0,28.4,27.1,0.0,0.0,0.0,100.0,10.1
2509205,5,984923,GRAN CANARIA,HOME,2827856,B. González Ramírez,B. González Ramírez,1,26.1,1566.0,10.0,2.0,3.0,2.0,8.0,4.0,11.0,0.0,0.0,0.0,4.0,4.0,2.0,2.0,2.0,0.0,0.0,2.0,1.0,8.0,0.0,45.5,45.5,72.7,0.0,1.3,0.8,0.0,0.0,19.2,9.1,13.4,3.7,0.0,15.4,22.0
2509205,5,984792,REAL MADRID,AWAY,2227587,G. Tavier Montoya,G. Tavier Montoya,0,1.1,65.0,0.0,0.0,0.0,0.0,0.0,0.0,0.0,0.0,0.0,0.0,1.0,1.0,0.0,0.0,0.0,0.0,0.0,2.0,0.0,-1.0,-1.0,0.0,0.0,0.0,0.0,0.0,0.0,0.0,0.0,103.9,54.3,0.0,0.0,0.0,0.0,0.0
2509205,5,984792,REAL MADRID,AWAY,2480762,G. Grinvalds,G. Grinvalds,1,25.6,1539.0,8.0,0.0,3.0,2.0,6.0,2.0,9.0,2.0,2.0,0.0,1.0,1.0,0.0,2.0,3.0,0.0,0.0,2.0,1.0,2.0,-3.0,40.5,33.3,66.7,22.2,0.0,1.0,2.0,0.0,4.5,2.3,0.0,6.1,0.0,16.8,19.9
2509205,5,984792,REAL MADRID,AWAY,2735493,F. Kayser,F. Kayser,1,19.9,1195.0,4.0,2.0,3.0,0.0,4.0,2.0,7.0,0.0,0.0,0.0,0.0,0.0,1.0,5.0,0.0,0.0,0.0,3.0,1.0,-7.0,7.0,28.6,28.6,57.1,0.0,1.3,0.0,0.0,0.0,0.0,0.0,8.0,0.0,0.0,41.7,25.9
2509205,5,984792,REAL MADRID,AWAY,2286044,I. Ruperez Nuñez-Morgades,I. Ruperez Nuñez-Morgades,0,2.3,140.0,0.0,0.0,0.0,0.0,0.0,0.0,0.0,0.0,0.0,0.0,0.0,0.0,0.0,1.0,0.0,0.0,0.0,0.0,0.0,-1.0,-3.0,0.0,0.0,0.0,0.0,0.0,0.0,0.0,0.0,0.0,0.0,0.0,0.0,0.0,100.0,18.7
2509205,5,984792,REAL MADRID,AWAY,2645392,O. Kutluay,O. Kutluay,1,28.9,1734.0,7.0,3.0,6.0,0.0,2.0,3.0,8.0,1.0,1.0,0.0,1.0,1.0,8.0,5.0,1.0,0.0,1.0,3.0,3.0,7.0,8.0,41.5,37.5,25.0,12.5,1.0,0.0,0.3,0.0,4.0,2.1,46.2,1.8,0.0,37.2,20.0
2509205,5,984792,REAL MADRID,AWAY,2642414,I. Frolov,I. Frolov,1,31.6,1897.0,10.0,3.0,5.0,0.0,3.0,3.0,8.0,4.0,5.0,2.0,9.0,11.0,2.0,1.0,2.0,1.0,0.0,2.0,4.0,21.0,1.0,49.0,37.5,37.5,62.5,1.2,0.0,1.2,7.9,32.5,20.8,9.9,3.3,3.3,8.9,15.2
2509205,5,984792,REAL MADRID,AWAY,2043083,R. Rioja Achiaga,R. Rioja Achiaga,0,1.7,104.0,0.0,0.0,0.0,0.0,0.0,0.0,0.0,0.0,0.0,0.0,0.0,0.0,0.0,0.0,0.0,0.0,0.0,0.0,0.0,0.0,1.0,0.0,0.0,0.0,0.0,0.0,0.0,0.0,0.0,0.0,0.0,0.0,0.0,0.0,0.0,0.0
2509205,5,984792,REAL MADRID,AWAY,2029762,D. Krohnert Moto,D. Krohnert Moto,0,13.3,796.0,0.0,0.0,0.0,0.0,1.0,0.0,1.0,0.0,0.0,2.0,3.0,5.0,1.0,1.0,1.0,0.0,0.0,1.0,0.0,4.0,8.0,0.0,0.0,100.0,0.0,0.0,0.0,0.0,18.8,25.8,22.4,11.5,3.9,0.0,50.0,6.5
2509205,5,984792,REAL MADRID,AWAY,2817763,E. Amosov,E. Amosov,0,25.9,1556.0,28.0,6.0,9.0,5.0,10.0,11.0,19.0,1.0,2.0,2.0,6.0,8.0,2.0,6.0,3.0,0.0,0.0,3.0,3.0,26.0,9.0,70.4,71.1,52.6,10.5,1.3,1.5,0.7,9.7,26.5,18.4,31.3,6.0,0.0,23.2,42.9
2509205,5,984792,REAL MADRID,AWAY,2679004,O. Diarra,O. Diarra,1,22.4,1342.0,10.0,4.0,5.0,0.0,0.0,4.0,5.0,2.0,4.0,5.0,0.0,5.0,1.0,1.0,1.0,0.0,0.0,4.0,3.0,12.0,5.0,74.0,80.0,0.0,80.0,1.6,0.0,1.3,27.9,0.0,13.3,7.5,2.3,0.0,12.9,14.9
2509205,5,984792,REAL MADRID,AWAY,2370180,O. Hadi Adegbite,O. Hadi Adegbite,0,7.8,470.0,2.0,1.0,2.0,0.0,0.0,1.0,2.0,0.0,0.0,0.0,0.0,0.0,0.0,0.0,0.0,0.0,0.0,1.0,0.0,0.0,-7.0,50.0,50.0,0.0,0.0,1.0,0.0,0.0,0.0,0.0,0.0,0.0,0.0,0.0,0.0,11.0
2509205,5,984792,REAL MADRID,AWAY,2739845,R. Robinson,R. Robinson,0,19.4,1162.0,8.0,1.0,2.0,2.0,4.0,3.0,6.0,0.0,0.0,0.0,1.0,1.0,3.0,0.0,2.0,0.0,0.0,1.0,1.0,11.0,10.0,66.7,66.7,66.7,0.0,1.0,1.5,0.0,0.0,5.9,3.1,26.1,5.3,0.0,0.0,13.3
2509206,5,984930,BAXI MANRESA,HOME,2739297,I. Francisco,I. Francisco,1,13.3,801.0,4.0,1.0,1.0,0.0,4.0,1.0,5.0,2.0,2.0,0.0,0.0,0.0,1.0,0.0,1.0,0.0,0.0,3.0,3.0,2.0,-13.0,34.0,20.0,80.0,40.0,2.0,0.0,0.7,0.0,0.0,0.0,17.9,3.7,0.0,0.0,18.4
2509206,5,984930,BAXI MANRESA,HOME,1959173,M. Rosell Lanza,M. Rosell Lanza,0,18.6,1119.0,3.0,0.0,2.0,1.0,4.0,1.0,6.0,0.0,0.0,1.0,1.0,2.0,1.0,1.0,1.0,0.0,2.0,1.0,0.0,0.0,-5.0,25.0,25.0,66.7,0.0,0.0,0.8,0.0,4.5,6.9,5.4,10.0,2.6,0.0,14.3,15.7
2509206,5,984930,BAXI MANRESA,HOME,2080004,G. Fernandez Gimenez,G. Fernandez Gimenez,0,19.0,1141.0,14.0,4.0,6.0,2.0,9.0,6.0,15.0,0.0,0.0,4.0,0.0,4.0,1.0,1.0,2.0,0.0,1.0,2.0,0.0,9.0,-11.0,46.7,46.7,60.0,0.0,1.3,0.7,0.0,17.5,0.0,10.7,20.0,5.2,0.0,6.2,35.0
2509206,5,984930,BAXI MANRESA,HOME,2077155,M. Gaspa Ibañez,M. Gaspa Ibañez,0,23.0,1380.0,16.0,5.0,7.0,0.0,0.0,5.0,7.0,6.0,7.0,2.0,3.0,5.0,3.0,2.0,0.0,0.0,1.0,4.0,8.0,23.0,-12.0,79.4,71.4,0.0,100.0,1.4,0.0,0.9,7.2,16.8,11.0,36.6,0.0,0.0,16.6,21.9
2509206,5,984930,BAXI MANRESA,HOME,2081822,A. Muncunill Ferrer,A. Muncunill Ferrer,0,13.3,799.0,1.0,0.0,0.0,0.0,3.0,0.0,3.0,1.0,2.0,4.0,1.0,5.0,1.0,0.0,2.0,0.0,0.0,1.0,1.0,5.0,-16.0,12.9,0.0,100.0,66.7,0.0,0.0,2.0,25.1,9.7,19.0,15.2,7.4,0.0,0.0,12.1
2509206,5,984930,BAXI MANRESA,HOME,2738788,L. Bergseng,L. Bergseng,1,20.0,1198.0,9.0,3.0,8.0,1.0,2.0,4.0,10.0,0.0,0.0,1.0,2.0,3.0,0.0,1.0,1.0,0.0,0.0,3.0,1.0,4.0,-22.0,45.0,45.0,20.0,0.0,0.8,1.5,0.0,4.2,12.9,7.6,0.0,2.5,0.0,9.1,22.9
2509206,5,984930,BAXI MANRESA,HOME,2295371,G. Ecker Alberti,G. Ecker Alberti,0,10.6,633.0,3.0,0.0,1.0,1.0,4.0,1.0,5.0,0.0,0.0,0.0,1.0,1.0,0.0,1.0,0.0,1.0,0.0,1.0,0.0,-1.0,-5.0,30.0,30.0,80.0,0.0,0.0,0.8,0.0,0.0,12.2,4.8,0.0,0.0,7.7,16.7,23.6
2509206,5,984930,BAXI MANRESA,HOME,2153495,J. Salo Blaya,J. Salo Blaya,0,17.8,1066.0,2.0,1.0,2.0,0.0,0.0,1.0,2.0,0.0,0.0,0.0,0.0,0.0,2.0,2.0,0.0,0.0,0.0,0.0,1.0,2.0,-6.0,50.0,50.0,0.0,0.0,1.0,0.0,0.0,0.0,0.0,0.0,25.6,0.0,0.0,50.0,9.4
2509206,5,984930,BAXI MANRESA,HOME,2081670,G. Naspler Perez,G. Naspler Perez,1,22.1,1327.0,2.0,0.0,4.0,0.0,2.0,0.0,6.0,2.0,4.0,1.0,1.0,2.0,0.0,3.0,1.0,0.0,0.0,1.0,5.0,-2.0,-24.0,12.9,0.0,33.3,66.7,0.0,0.0,0.8,3.8,5.8,4.6,0.0,2.2,0.0,27.9,20.3
2509206,5,984930,BAXI MANRESA,HOME,2150510,J. Pumarola Aguilar,J. Pumarola Aguilar,1,18.1,1088.0,5.0,1.0,2.0,0.0,1.0,1.0,3.0,3.0,3.0,1.0,1.0,2.0,2.0,2.0,1.0,3.0,0.0,4.0,2.0,7.0,-9.0,57.9,33.3,33.3,100.0,1.0,0.0,1.5,4.6,7.1,5.6,20.0,2.7,13.5,31.6,14.5
2509206,5,984930,BAXI MANRESA,HOME,2145902,F. Torreblanca Catalan,F. Torreblanca Catalan,1,22.0,1321.0,9.0,1.0,3.0,1.0,6.0,2.0,9.0,4.0,5.0,0.0,3.0,3.0,0.0,1.0,0.0,0.0,0.0,4.0,4.0,3.0,-19.0,40.2,27.8,66.7,55.6,0.7,0.5,1.2,0.0,17.6,6.9,0.0,0.0,0.0,8.2,23.1
2509206,5,984930,BAXI MANRESA,HOME,2815468,S. Lederman,S. Lederman,0,2.1,127.0,0.0,0.0,1.0,0.0,0.0,0.0,1.0,0.0,0.0,1.0,0.0,1.0,0.0,0.0,0.0,0.0,0.0,1.0,0.0,-1.0,-3.0,0.0,0.0,0.0,0.0,0.0,0.0,0.0,39.7,0.0,24.1,0.0,0.0,0.0,0.0,19.8
2509206,5,984926,FUNDACIÓN CB CANARIAS,AWAY,2229563,H. Dorta Perez,H. Dorta Perez,0,1.2,72.0,0.0,0.0,0.0,0.0,0.0,0.0,0.0,0.0,0.0,0.0,0.0,0.0,0.0,0.0,0.0,0.0,0.0,0.0,0.0,0.0,1.0,0.0,0.0,0.0,0.0,0.0,0.0,0.0,0.0,0.0,0.0,0.0,0.0,0.0,0.0,0.0
2509206,5,984926,FUNDACIÓN CB CANARIAS,AWAY,2770289,I. Embwo Kasol,I. Embwo Kasol,0,2.5,149.0,2.0,1.0,1.0,0.0,0.0,1.0,1.0,0.0,0.0,0.0,0.0,0.0,0.0,0.0,0.0,0.0,0.0,2.0,0.0,0.0,1.0,100.0,100.0,0.0,0.0,2.0,0.0,0.0,0.0,0.0,0.0,0.0,0.0,0.0,0.0,16.1
2509206,5,984926,FUNDACIÓN CB CANARIAS,AWAY,2044955,X. Lopez Rodriguez,X. Lopez Rodriguez,1,37.1,2227.0,29.0,9.0,12.0,1.0,4.0,10.0,16.0,8.0,15.0,6.0,10.0,16.0,5.0,5.0,2.0,1.0,0.0,2.0,9.0,42.0,23.0,64.2,65.6,25.0,93.8,1.5,0.8,1.7,20.9,22.5,21.8,22.3,2.7,2.9,18.1,29.9
2509206,5,984926,FUNDACIÓN CB CANARIAS,AWAY,2734732,E. Prekevicius,E. Prekevicius,0,12.8,765.0,3.0,1.0,2.0,0.0,1.0,1.0,3.0,1.0,1.0,0.0,1.0,1.0,1.0,2.0,0.0,0.0,0.0,4.0,0.0,-3.0,4.0,43.6,33.3,33.3,33.3,1.0,0.0,0.0,0.0,6.5,4.0,10.2,0.0,0.0,36.8,17.1
2509206,5,984926,FUNDACIÓN CB CANARIAS,AWAY,2444602,L. Riga,L. Riga,1,25.4,1522.0,9.0,3.0,7.0,0.0,3.0,3.0,10.0,3.0,6.0,1.0,1.0,2.0,6.0,1.0,4.0,0.0,1.0,3.0,3.0,10.0,23.0,35.6,30.0,30.0,60.0,0.9,0.0,2.0,5.1,3.3,4.0,32.3,7.8,0.0,7.3,21.6
2509206,5,984926,FUNDACIÓN CB CANARIAS,AWAY,2007163,D. Fernandez Trujillo,D. Fernandez Trujillo,1,25.4,1527.0,12.0,2.0,3.0,2.0,5.0,4.0,8.0,2.0,5.0,0.0,4.0,4.0,6.0,2.0,0.0,0.0,0.0,3.0,4.0,14.0,21.0,58.8,62.5,62.5,62.5,1.3,1.2,1.2,0.0,13.1,8.0,34.1,0.0,0.0,16.4,19.3
2509206,5,984926,FUNDACIÓN CB CANARIAS,AWAY,1856308,D. Acosta Moliné,D. Acosta Moliné,1,25.1,1507.0,9.0,4.0,8.0,0.0,0.0,4.0,8.0,1.0,4.0,5.0,4.0,9.0,0.0,1.0,0.0,1.0,2.0,3.0,3.0,11.0,28.0,46.1,50.0,0.0,50.0,1.0,0.0,1.3,25.7,13.3,18.2,0.0,0.0,4.3,9.3,17.2
2509206,5,984926,FUNDACIÓN CB CANARIAS,AWAY,2476064,B. Lipasi Yitu,B. Lipasi Yitu,0,13.5,812.0,9.0,4.0,5.0,0.0,0.0,4.0,5.0,1.0,1.0,3.0,4.0,7.0,0.0,1.0,1.0,1.0,0.0,3.0,1.0,14.0,-2.0,82.7,80.0,0.0,20.0,1.6,0.0,1.0,28.7,24.7,26.3,0.0,3.7,8.0,15.5,19.2
2509206,5,984926,FUNDACIÓN CB CANARIAS,AWAY,2470375,M. Sangare,M. Sangare,1,30.9,1853.0,14.0,5.0,8.0,0.0,1.0,5.0,9.0,4.0,6.0,3.0,7.0,10.0,1.0,4.0,0.0,1.0,1.0,2.0,3.0,17.0,35.0,60.1,55.6,11.1,66.7,1.2,0.0,2.0,12.5,18.9,16.4,4.2,0.0,3.5,25.6,20.3
2509206,5,984926,FUNDACIÓN CB CANARIAS,AWAY,2137337,A. Perez Lopez,A. Perez Lopez,0,18.9,1136.0,6.0,1.0,1.0,1.0,2.0,2.0,3.0,1.0,2.0,0.0,1.0,1.0,0.0,1.0,0.0,0.0,0.0,2.0,1.0,3.0,11.0,77.3,83.3,66.7,66.7,2.0,1.5,2.0,0.0,4.4,2.7,0.0,0.0,0.0,20.5,10.4
2509206,5,984926,FUNDACIÓN CB CANARIAS,AWAY,2362551,E. Lima Teixeira,E. Lima Teixeira,0,5.5,333.0,4.0,2.0,2.0,0.0,0.0,2.0,2.0,0.0,0.0,0.0,1.0,1.0,0.0,0.0,0.0,0.0,0.0,2.0,0.0,3.0,0.0,100.0,100.0,0.0,0.0,2.0,0.0,0.0,0.0,15.2,9.2,0.0,0.0,0.0,0.0,14.6
2509206,5,984926,FUNDACIÓN CB CANARIAS,AWAY,2129281,G. Hernández Expósito,G. Hernández Expósito,0,1.6,97.0,0.0,0.0,0.0,0.0,0.0,0.0,0.0,0.0,0.0,0.0,0.0,0.0,0.0,0.0,0.0,0.0,0.0,0.0,0.0,0.0,0.0,0.0,0.0,0.0,0.0,0.0,0.0,0.0,0.0,0.0,0.0,0.0,0.0,0.0,0.0,0.0
2509207,5,984791,BURGOS GRUPO DE SANTIAGO,HOME,2535384,M. Bella Cabañas,M. Bella Cabañas,1,29.2,1755.0,14.0,5.0,7.0,1.0,2.0,6.0,9.0,1.0,2.0,0.0,1.0,1.0,4.0,3.0,5.0,0.0,1.0,3.0,2.0,16.0,1.0,70.9,72.2,22.2,22.2,1.4,1.5,1.0,0.0,4.9,2.4,20.8,8.2,0.0,23.3,19.2
2509207,5,984791,BURGOS GRUPO DE SANTIAGO,HOME,2661261,R. Rodriguez,R. Rodriguez,1,16.8,1005.0,3.0,0.0,2.0,1.0,1.0,1.0,3.0,0.0,4.0,0.0,2.0,2.0,0.0,3.0,0.0,0.0,0.0,4.0,2.0,-6.0,-4.0,31.5,50.0,33.3,133.3,0.0,3.0,2.0,0.0,17.0,8.2,0.0,0.0,0.0,38.7,20.1
2509207,5,984791,BURGOS GRUPO DE SANTIAGO,HOME,2436134,A. Traore,A. Traore,1,20.9,1251.0,15.0,6.0,8.0,0.0,1.0,6.0,9.0,3.0,4.0,1.0,5.0,6.0,0.0,2.0,1.0,0.0,0.0,4.0,3.0,15.0,7.0,69.7,66.7,11.1,44.4,1.5,0.0,1.3,6.4,34.2,19.8,0.0,2.3,0.0,15.7,26.6
2509207,5,984791,BURGOS GRUPO DE SANTIAGO,HOME,2162563,A. Laso Careaga,A. Laso Careaga,0,20.8,1246.0,4.0,0.0,1.0,1.0,4.0,1.0,5.0,1.0,2.0,0.0,4.0,4.0,7.0,3.0,1.0,0.0,0.0,2.0,1.0,7.0,7.0,34.0,30.0,80.0,40.0,0.0,0.8,2.0,0.0,27.5,13.3,41.2,2.3,0.0,33.8,18.6
2509207,5,984791,BURGOS GRUPO DE SANTIAGO,HOME,2228400,M. Perez Gundin,M. Perez Gundin,0,1.1,65.0,2.0,1.0,1.0,0.0,0.0,1.0,1.0,0.0,0.0,1.0,0.0,1.0,0.0,0.0,0.0,0.0,0.0,0.0,0.0,3.0,4.0,100.0,100.0,0.0,0.0,2.0,0.0,0.0,121.2,0.0,62.7,-0.0,0.0,0.0,0.0,39.6
2509207,5,984791,BURGOS GRUPO DE SANTIAGO,HOME,2690845,F. Nuñez,F. Nuñez,1,21.9,1317.0,19.0,3.0,3.0,3.0,7.0,6.0,10.0,4.0,5.0,0.0,3.0,3.0,1.0,1.0,0.0,0.0,0.0,3.0,4.0,18.0,-7.0,77.9,75.0,70.0,50.0,2.0,1.3,1.2,0.0,19.6,9.4,8.3,0.0,0.0,7.6,26.2
2509207,5,984791,BURGOS GRUPO DE SANTIAGO,HOME,2045029,D. Rodriguez Ramos,D. Rodriguez Ramos,1,28.9,1734.0,9.0,1.0,3.0,2.0,2.0,3.0,5.0,1.0,2.0,2.0,0.0,2.0,2.0,1.0,0.0,0.0,1.0,1.0,1.0,9.0,3.0,76.5,80.0,40.0,40.0,0.7,3.0,2.0,9.2,0.0,4.8,9.0,0.0,0.0,14.5,10.4
2509207,5,984791,BURGOS GRUPO DE SANTIAGO,HOME,2220551,M. Garcia Varona,M. Garcia Varona,0,6.3,380.0,3.0,0.0,0.0,1.0,2.0,1.0,2.0,0.0,0.0,1.0,1.0,2.0,1.0,0.0,0.0,0.0,0.0,0.0,1.0,6.0,11.0,75.0,75.0,100.0,0.0,0.0,1.5,0.0,21.2,22.7,21.9,16.1,0.0,0.0,0.0,13.8
2509207,5,984791,BURGOS GRUPO DE SANTIAGO,HOME,2210291,E. Franco Sanz,E. Franco Sanz,0,3.0,182.0,2.0,1.0,1.0,0.0,0.0,1.0,1.0,0.0,0.0,0.0,1.0,1.0,0.0,0.0,0.0,0.0,0.0,1.0,0.0,2.0,-2.0,100.0,100.0,0.0,0.0,2.0,0.0,0.0,0.0,47.6,23.0,0.0,0.0,0.0,0.0,14.5
2509207,5,984791,BURGOS GRUPO DE SANTIAGO,HOME,2610623,L. Krispin,L. Krispin,0,31.6,1895.0,17.0,3.0,9.0,2.0,3.0,5.0,12.0,5.0,6.0,1.0,3.0,4.0,2.0,1.0,1.0,0.0,1.0,4.0,4.0,15.0,7.0,58.1,50.0,25.0,50.0,0.7,2.0,1.5,4.2,13.6,8.7,8.4,1.5,0.0,6.4,21.5
2509207,5,984791,BURGOS GRUPO DE SANTIAGO,HOME,2790234,J. Taboada Lühers,J. Taboada Lühers,0,19.5,1170.0,13.0,3.0,5.0,2.0,4.0,5.0,9.0,1.0,2.0,3.0,2.0,5.0,3.0,0.0,0.0,0.0,1.0,0.0,2.0,18.0,8.0,65.8,66.7,44.4,22.2,1.2,1.5,1.0,20.5,14.7,17.7,23.1,0.0,0.0,0.0,22.1
2509207,5,984929,JOVENTUT BADALONA,AWAY,2081709,E. Del Castillo Lindo,E. Del Castillo Lindo,0,24.9,1494.0,8.0,4.0,4.0,0.0,1.0,4.0,5.0,0.0,0.0,0.0,3.0,3.0,2.0,3.0,0.0,1.0,0.0,3.0,1.0,8.0,-5.0,80.0,80.0,20.0,0.0,2.0,0.0,0.0,0.0,16.1,8.3,11.8,0.0,4.0,37.5,14.3
2509207,5,984929,JOVENTUT BADALONA,AWAY,2081017,M. Julia Del Pozo,M. Julia Del Pozo,1,18.4,1104.0,5.0,2.0,3.0,0.0,0.0,2.0,3.0,1.0,2.0,0.0,0.0,0.0,3.0,1.0,2.0,0.0,0.0,2.0,4.0,9.0,-9.0,64.4,66.7,0.0,66.7,1.3,0.0,0.5,0.0,0.0,0.0,19.4,5.2,0.0,20.5,11.8
2509207,5,984929,JOVENTUT BADALONA,AWAY,2641899,G. Graae Barbosa,G. Graae Barbosa,0,1.4,82.0,0.0,0.0,0.0,0.0,0.0,0.0,0.0,0.0,0.0,0.0,0.0,0.0,0.0,0.0,1.0,0.0,0.0,1.0,0.0,0.0,-4.0,0.0,0.0,0.0,0.0,0.0,0.0,0.0,0.0,0.0,0.0,0.0,34.5,0.0,0.0,0.0
2509207,5,984929,JOVENTUT BADALONA,AWAY,2156562,R. Torras Ferrer,R. Torras Ferrer,0,8.3,498.0,8.0,3.0,5.0,0.0,0.0,3.0,5.0,2.0,3.0,2.0,0.0,2.0,0.0,1.0,0.0,0.0,0.0,1.0,2.0,7.0,4.0,63.3,60.0,0.0,60.0,1.2,0.0,1.5,34.4,0.0,16.6,0.0,0.0,0.0,13.7,39.4
2509207,5,984929,JOVENTUT BADALONA,AWAY,2845979,M. Buben,M. Buben,1,18.2,1091.0,12.0,2.0,2.0,2.0,3.0,4.0,5.0,2.0,2.0,0.0,1.0,1.0,2.0,3.0,1.0,0.0,0.0,0.0,2.0,14.0,-5.0,102.0,100.0,60.0,40.0,2.0,2.0,1.0,0.0,7.3,3.8,14.8,2.7,0.0,33.8,21.8
2509207,5,984929,JOVENTUT BADALONA,AWAY,2241509,H. Ruiz Zamorano,H. Ruiz Zamorano,1,30.1,1809.0,21.0,5.0,10.0,2.0,8.0,7.0,18.0,5.0,9.0,0.0,3.0,3.0,1.0,1.0,5.0,1.0,0.0,4.0,5.0,16.0,-2.0,47.8,44.4,44.4,50.0,1.0,0.8,1.8,0.0,13.3,6.9,4.8,8.0,3.3,4.4,34.1
2509207,5,984929,JOVENTUT BADALONA,AWAY,2023675,A. Torres De La Torre,A. Torres De La Torre,1,34.9,2091.0,24.0,6.0,7.0,3.0,6.0,9.0,13.0,3.0,6.0,0.0,6.0,6.0,3.0,2.0,1.0,2.0,0.0,3.0,4.0,28.0,-6.0,76.7,80.8,46.2,46.2,1.7,1.5,1.5,0.0,22.9,11.9,13.3,1.4,5.7,11.3,22.6
2509207,5,984929,JOVENTUT BADALONA,AWAY,2452873,M. Gil Llimona,M. Gil Llimona,0,2.5,152.0,0.0,0.0,0.0,0.0,0.0,0.0,0.0,0.0,0.0,0.0,0.0,0.0,0.0,1.0,0.0,0.0,0.0,2.0,0.0,-3.0,-6.0,0.0,0.0,0.0,0.0,0.0,0.0,0.0,0.0,0.0,0.0,0.0,0.0,0.0,100.0,17.9
2509207,5,984929,JOVENTUT BADALONA,AWAY,1943849,F. Mauri Guillen,F. Mauri Guillen,1,37.4,2243.0,12.0,1.0,4.0,3.0,9.0,4.0,13.0,1.0,2.0,3.0,2.0,5.0,4.0,1.0,2.0,0.0,0.0,3.0,3.0,12.0,-7.0,43.2,42.3,69.2,15.4,0.5,1.0,0.7,11.5,7.1,9.2,14.5,2.6,0.0,6.7,17.8
2509207,5,984929,JOVENTUT BADALONA,AWAY,2535717,K. Macías Book,K. Macías Book,0,23.9,1436.0,4.0,2.0,3.0,0.0,0.0,2.0,3.0,0.0,0.0,1.0,6.0,7.0,2.0,1.0,0.0,0.0,0.0,1.0,1.0,11.0,5.0,66.7,66.7,0.0,0.0,1.3,0.0,0.0,6.0,33.5,20.2,10.5,0.0,0.0,25.0,7.5
2509208,6,984923,GRAN CANARIA,HOME,2441048,E. Heinonen,E. Heinonen,1,24.4,1467.0,13.0,2.0,5.0,3.0,12.0,5.0,17.0,0.0,0.0,2.0,3.0,5.0,1.0,0.0,0.0,0.0,0.0,5.0,1.0,3.0,2.0,38.2,38.2,70.6,0.0,0.8,0.8,0.0,6.7,13.7,9.6,6.5,0.0,0.0,0.0,26.5
2509208,6,984923,GRAN CANARIA,HOME,2044256,J. Arteaga Giner,J. Arteaga Giner,0,19.4,1161.0,8.0,2.0,2.0,1.0,8.0,3.0,10.0,1.0,1.0,3.0,1.0,4.0,1.0,0.0,2.0,0.0,0.0,3.0,0.0,5.0,-4.0,38.3,35.0,80.0,10.0,2.0,0.4,0.0,12.6,5.7,9.7,7.1,4.9,0.0,0.0,20.4
2509208,6,984923,GRAN CANARIA,HOME,2033475,M. Oliver Gracia,M. Oliver Gracia,0,10.8,646.0,5.0,1.0,4.0,1.0,3.0,2.0,7.0,0.0,0.0,0.0,0.0,0.0,0.0,0.0,0.0,0.0,1.0,2.0,0.0,-2.0,-5.0,35.7,35.7,42.9,0.0,0.5,1.0,0.0,0.0,0.0,0.0,0.0,0.0,0.0,0.0,24.6
2509208,6,984923,GRAN CANARIA,HOME,2173751,J. Castro Estévez,J. Castro Estévez,0,11.7,701.0,2.0,1.0,2.0,0.0,1.0,1.0,3.0,0.0,0.0,1.0,1.0,2.0,1.0,1.0,2.0,0.0,0.0,4.0,1.0,1.0,0.0,33.3,33.3,33.3,0.0,1.0,0.0,0.0,7.0,9.5,8.0,10.9,8.1,0.0,25.0,13.0
2509208,6,984923,GRAN CANARIA,HOME,1885980,F. Díaz Herrera,F. Díaz Herrera,0,18.3,1098.0,7.0,2.0,4.0,1.0,2.0,3.0,6.0,0.0,0.0,2.0,4.0,6.0,2.0,4.0,5.0,0.0,0.0,1.0,4.0,16.0,-6.0,58.3,58.3,33.3,0.0,1.0,1.5,0.0,8.9,24.3,15.4,14.3,13.0,0.0,40.0,20.8
2509208,6,984923,GRAN CANARIA,HOME,2231047,D. Lorenzo Avomo,D. Lorenzo Avomo,0,7.5,448.0,0.0,0.0,0.0,0.0,3.0,0.0,3.0,0.0,0.0,1.0,0.0,1.0,1.0,0.0,0.0,0.0,1.0,1.0,0.0,-2.0,-8.0,0.0,0.0,100.0,0.0,0.0,0.0,0.0,10.9,0.0,6.3,14.7,0.0,0.0,0.0,15.2
2509208,6,984923,GRAN CANARIA,HOME,2834161,W. Tsafack,W. Tsafack,1,25.5,1528.0,13.0,5.0,12.0,1.0,1.0,6.0,13.0,0.0,0.0,4.0,1.0,5.0,0.0,4.0,2.0,1.0,0.0,0.0,0.0,10.0,2.0,50.0,50.0,7.7,0.0,0.8,3.0,0.0,12.8,4.4,9.2,0.0,3.7,3.7,23.5,25.3
2509208,6,984923,GRAN CANARIA,HOME,2177916,P. Pasqua Amat,P. Pasqua Amat,0,14.0,839.0,5.0,1.0,4.0,1.0,2.0,2.0,6.0,0.0,0.0,3.0,0.0,3.0,0.0,1.0,1.0,0.0,0.0,1.0,2.0,5.0,-8.0,41.7,41.7,33.3,0.0,0.5,1.5,0.0,17.5,0.0,10.1,0.0,3.4,0.0,14.3,19.0
2509208,6,984923,GRAN CANARIA,HOME,2563387,M. Coulibaly,M. Coulibaly,1,17.8,1068.0,4.0,2.0,2.0,0.0,0.0,2.0,2.0,0.0,0.0,1.0,0.0,1.0,0.0,0.0,0.0,0.0,0.0,5.0,1.0,1.0,-11.0,100.0,100.0,0.0,0.0,2.0,0.0,0.0,4.6,0.0,2.6,0.0,0.0,0.0,0.0,4.3
2509208,6,984923,GRAN CANARIA,HOME,2129323,J. Yánez García,J. Yánez García,0,3.7,223.0,0.0,0.0,0.0,0.0,1.0,0.0,1.0,0.0,0.0,0.0,0.0,0.0,0.0,2.0,0.0,0.0,0.0,0.0,0.0,-3.0,2.0,0.0,0.0,100.0,0.0,0.0,0.0,0.0,0.0,0.0,0.0,0.0,0.0,0.0,66.7,30.8
2509208,6,984923,GRAN CANARIA,HOME,2087418,G. Baez Pierson,G. Baez Pierson,1,22.9,1374.0,8.0,4.0,4.0,0.0,3.0,4.0,7.0,0.0,0.0,1.0,2.0,3.0,1.0,4.0,4.0,0.0,0.0,5.0,5.0,9.0,-1.0,57.1,57.1,42.9,0.0,2.0,0.0,0.0,3.6,9.7,6.2,6.1,8.3,0.0,36.4,18.2
2509208,6,984923,GRAN CANARIA,HOME,2827856,B. González Ramírez,B. González Ramírez,1,24.1,1447.0,17.0,3.0,6.0,3.0,5.0,6.0,11.0,2.0,2.0,0.0,3.0,3.0,6.0,2.0,1.0,0.0,0.0,1.0,2.0,21.0,-3.0,71.5,68.2,45.5,18.2,1.0,1.8,1.0,0.0,13.8,5.9,41.7,2.0,0.0,14.4,21.9
2509208,6,984928,BARÇA ATLÈTIC,AWAY,2642482,A. Kone,A. Kone,0,9.7,584.0,3.0,1.0,2.0,0.0,0.0,1.0,2.0,1.0,2.0,1.0,0.0,1.0,0.0,1.0,1.0,0.0,0.0,1.0,1.0,2.0,-2.0,52.1,50.0,0.0,100.0,1.0,0.0,2.0,11.5,0.0,4.9,0.0,4.7,0.0,25.8,15.2
2509208,6,984928,BARÇA ATLÈTIC,AWAY,2642172,J. Siftar,J. Siftar,1,27.4,1641.0,10.0,1.0,6.0,1.0,5.0,2.0,11.0,5.0,6.0,0.0,7.0,7.0,2.0,1.0,1.0,0.0,0.0,1.0,5.0,13.0,15.0,36.7,22.7,45.5,54.5,0.3,0.6,1.2,0.0,20.9,12.0,10.2,1.7,0.0,6.8,20.3
2509208,6,984928,BARÇA ATLÈTIC,AWAY,2647995,M. Keita,M. Keita,0,12.8,770.0,4.0,2.0,2.0,0.0,0.0,2.0,2.0,0.0,1.0,1.0,2.0,3.0,1.0,0.0,0.0,0.0,0.0,1.0,2.0,8.0,7.0,82.0,100.0,0.0,50.0,2.0,0.0,0.5,8.7,12.8,11.0,13.7,0.0,0.0,0.0,7.3
2509208,6,984928,BARÇA ATLÈTIC,AWAY,2082056,N. Poza Cervantes,N. Poza Cervantes,1,24.4,1463.0,10.0,1.0,1.0,2.0,6.0,3.0,7.0,2.0,2.0,1.0,2.0,3.0,3.0,3.0,3.0,0.0,0.0,4.0,3.0,11.0,11.0,63.5,57.1,85.7,28.6,2.0,1.0,0.7,4.6,6.7,5.8,19.2,5.6,0.0,27.6,17.0
2509208,6,984928,BARÇA ATLÈTIC,AWAY,2256034,J. Cerdan Palacios,J. Cerdan Palacios,0,11.8,710.0,8.0,4.0,4.0,0.0,3.0,4.0,7.0,0.0,0.0,2.0,0.0,2.0,1.0,1.0,0.0,1.0,0.0,0.0,0.0,8.0,-5.0,57.1,57.1,42.9,0.0,2.0,0.0,0.0,18.8,0.0,8.0,18.9,0.0,7.5,12.5,25.8
2509208,6,984928,BARÇA ATLÈTIC,AWAY,2561463,D. Ferreras Camarero,D. Ferreras Camarero,1,23.5,1408.0,14.0,5.0,6.0,0.0,5.0,5.0,11.0,4.0,5.0,2.0,2.0,4.0,2.0,0.0,1.0,0.0,0.0,3.0,3.0,14.0,13.0,53.0,45.5,45.5,45.5,1.7,0.0,1.7,9.5,6.9,8.0,14.7,1.9,0.0,0.0,21.4
2509208,6,984928,BARÇA ATLÈTIC,AWAY,2166517,D. Gonzalez Castro,D. Gonzalez Castro,0,19.1,1149.0,3.0,0.0,1.0,0.0,0.0,0.0,1.0,3.0,4.0,4.0,2.0,6.0,3.0,2.0,0.0,0.0,0.0,0.0,3.0,11.0,-1.0,54.3,0.0,0.0,400.0,0.0,0.0,1.3,23.3,8.5,14.8,19.4,0.0,0.0,42.0,9.5
2509208,6,984928,BARÇA ATLÈTIC,AWAY,2218824,O. Filba Gonzalez,O. Filba Gonzalez,0,4.8,287.0,0.0,0.0,0.0,0.0,0.0,0.0,0.0,0.0,0.0,0.0,1.0,1.0,0.0,2.0,0.0,0.0,0.0,1.0,1.0,-1.0,-3.0,0.0,0.0,0.0,0.0,0.0,0.0,0.0,0.0,17.0,9.8,0.0,0.0,0.0,100.0,15.9
2509208,6,984928,BARÇA ATLÈTIC,AWAY,2641337,J. Boumtje Boumtje,J. Boumtje Boumtje,1,24.3,1456.0,18.0,6.0,9.0,0.0,3.0,6.0,12.0,6.0,7.0,2.0,2.0,4.0,1.0,5.0,2.0,0.0,1.0,3.0,3.0,13.0,12.0,59.7,50.0,25.0,58.3,1.3,0.0,2.3,9.1,6.7,7.7,7.9,3.8,0.0,24.9,31.5
2509208,6,984928,BARÇA ATLÈTIC,AWAY,2646614,N. Kusturica,N. Kusturica,0,16.5,992.0,2.0,1.0,2.0,0.0,0.0,1.0,2.0,0.0,0.0,4.0,6.0,10.0,1.0,6.0,1.0,0.0,0.0,1.0,1.0,7.0,-5.0,50.0,50.0,0.0,0.0,1.0,0.0,0.0,26.9,29.7,28.5,8.8,2.8,0.0,75.0,18.5
2509208,6,984928,BARÇA ATLÈTIC,AWAY,2642481,M. Dabone,M. Dabone,1,25.7,1540.0,18.0,7.0,9.0,0.0,1.0,7.0,10.0,4.0,5.0,4.0,7.0,11.0,1.0,5.0,1.0,1.0,0.0,1.0,6.0,28.0,-2.0,73.8,70.0,10.0,50.0,1.6,0.0,0.8,17.3,22.2,20.1,8.6,1.8,3.5,29.1,25.5
2509209,6,984792,REAL MADRID,HOME,2480762,G. Grinvalds,G. Grinvalds,1,19.9,1191.0,8.0,1.0,2.0,2.0,6.0,3.0,8.0,0.0,0.0,2.0,3.0,5.0,0.0,2.0,1.0,0.0,1.0,2.0,1.0,6.0,-5.0,50.0,50.0,75.0,0.0,1.0,1.0,0.0,10.1,14.7,12.4,0.0,2.4,0.0,20.0,21.9
2509209,6,984792,REAL MADRID,HOME,2735493,F. Kayser,F. Kayser,1,24.0,1439.0,5.0,1.0,2.0,1.0,3.0,2.0,5.0,0.0,0.0,0.0,8.0,8.0,2.0,2.0,2.0,1.0,0.0,3.0,3.0,13.0,2.0,50.0,50.0,60.0,0.0,1.0,1.0,0.0,0.0,32.5,16.5,10.2,4.1,3.9,28.6,12.7
2509209,6,984792,REAL MADRID,HOME,2286044,I. Ruperez Nuñez-Morgades,I. Ruperez Nuñez-Morgades,0,11.4,683.0,3.0,1.0,1.0,0.0,1.0,1.0,2.0,1.0,1.0,0.0,1.0,1.0,2.0,0.0,0.0,0.0,0.0,1.0,1.0,5.0,10.0,61.5,50.0,50.0,50.0,2.0,0.0,1.0,0.0,8.6,4.3,20.4,0.0,0.0,0.0,9.3
2509209,6,984792,REAL MADRID,HOME,2662049,A. Bjelic,A. Bjelic,1,18.8,1130.0,11.0,2.0,4.0,2.0,2.0,4.0,6.0,1.0,2.0,1.0,3.0,4.0,4.0,2.0,0.0,0.0,0.0,3.0,1.0,12.0,-4.0,79.9,83.3,33.3,33.3,1.0,3.0,2.0,5.3,15.6,10.5,28.6,0.0,0.0,22.5,20.5
2509209,6,984792,REAL MADRID,HOME,2386746,P. Mera Seco,P. Mera Seco,0,11.8,710.0,0.0,0.0,0.0,0.0,1.0,0.0,1.0,0.0,0.0,0.0,2.0,2.0,3.0,2.0,0.0,0.0,0.0,1.0,1.0,2.0,5.0,0.0,0.0,100.0,0.0,0.0,0.0,0.0,0.0,16.5,8.4,27.8,0.0,0.0,66.7,11.1
2509209,6,984792,REAL MADRID,HOME,2642414,I. Frolov,I. Frolov,1,19.2,1155.0,8.0,4.0,9.0,0.0,1.0,4.0,10.0,0.0,0.0,4.0,3.0,7.0,0.0,0.0,1.0,0.0,0.0,2.0,1.0,9.0,3.0,40.0,40.0,10.0,0.0,0.9,0.0,0.0,20.8,15.2,18.0,0.0,2.5,0.0,0.0,22.7
2509209,6,984792,REAL MADRID,HOME,2043083,R. Rioja Achiaga,R. Rioja Achiaga,0,17.9,1072.0,14.0,4.0,7.0,2.0,2.0,6.0,9.0,0.0,0.0,3.0,3.0,6.0,2.0,0.0,0.0,0.0,1.0,3.0,2.0,18.0,5.0,77.8,77.8,22.2,0.0,1.1,3.0,0.0,16.8,16.4,16.6,23.8,0.0,0.0,0.0,21.9
2509209,6,984792,REAL MADRID,HOME,2029762,D. Krohnert Moto,D. Krohnert Moto,0,19.6,1177.0,3.0,1.0,3.0,0.0,2.0,1.0,5.0,1.0,2.0,1.0,0.0,1.0,3.0,1.0,0.0,2.0,1.0,0.0,1.0,4.0,11.0,25.5,20.0,40.0,40.0,0.7,0.0,2.0,5.1,0.0,2.5,17.6,0.0,9.5,14.5,15.3
2509209,6,984792,REAL MADRID,HOME,2817763,E. Amosov,E. Amosov,0,27.8,1667.0,19.0,7.0,12.0,1.0,9.0,8.0,21.0,2.0,2.0,0.0,3.0,3.0,6.0,1.0,1.0,0.0,0.0,2.0,4.0,17.0,5.0,43.4,40.5,42.9,9.5,1.2,0.3,0.5,0.0,10.5,5.3,34.9,1.7,0.0,4.4,35.8
2509209,6,984792,REAL MADRID,HOME,2679004,O. Diarra,O. Diarra,1,15.9,953.0,13.0,6.0,9.0,0.0,0.0,6.0,9.0,1.0,2.0,3.0,2.0,5.0,2.0,0.0,0.0,0.0,2.0,3.0,1.0,14.0,-4.0,65.8,66.7,0.0,22.2,1.3,0.0,2.0,18.9,12.3,15.5,23.8,0.0,0.0,0.0,27.0
2509209,6,984792,REAL MADRID,HOME,2370180,O. Hadi Adegbite,O. Hadi Adegbite,0,4.2,251.0,0.0,0.0,0.0,0.0,0.0,0.0,0.0,0.0,0.0,0.0,0.0,0.0,1.0,0.0,0.0,0.0,0.0,0.0,0.0,1.0,-3.0,0.0,0.0,0.0,0.0,0.0,0.0,0.0,0.0,0.0,0.0,27.8,0.0,0.0,0.0,0.0
2509209,6,984792,REAL MADRID,HOME,2739845,R. Robinson,R. Robinson,0,9.5,572.0,2.0,1.0,2.0,0.0,0.0,1.0,2.0,0.0,0.0,1.0,2.0,3.0,0.0,0.0,1.0,1.0,0.0,0.0,0.0,6.0,-5.0,50.0,50.0,0.0,0.0,1.0,0.0,0.0,10.5,20.5,15.6,0.0,5.1,9.8,0.0,9.2
2509209,6,984791,BURGOS GRUPO DE SANTIAGO,AWAY,2535384,M. Bella Cabañas,M. Bella Cabañas,1,22.8,1365.0,7.0,1.0,2.0,1.0,4.0,2.0,6.0,2.0,2.0,1.0,2.0,3.0,2.0,1.0,1.0,0.0,0.0,0.0,2.0,10.0,-16.0,50.9,41.7,66.7,33.3,1.0,0.8,1.0,4.3,8.8,6.5,13.0,2.3,0.0,12.7,14.8
2509209,6,984791,BURGOS GRUPO DE SANTIAGO,AWAY,2661261,R. Rodriguez,R. Rodriguez,1,28.8,1728.0,14.0,5.0,8.0,0.0,2.0,5.0,10.0,4.0,5.0,2.0,8.0,10.0,4.0,2.0,1.0,1.0,0.0,3.0,3.0,22.0,10.0,57.4,50.0,20.0,50.0,1.2,0.0,1.7,6.8,27.8,17.1,26.1,1.8,2.7,14.1,21.2
2509209,6,984791,BURGOS GRUPO DE SANTIAGO,AWAY,2436134,A. Traore,A. Traore,1,23.8,1429.0,7.0,3.0,8.0,0.0,1.0,3.0,9.0,1.0,5.0,4.0,2.0,6.0,2.0,2.0,1.0,2.0,0.0,2.0,5.0,9.0,-2.0,31.3,33.3,11.1,55.6,0.8,0.0,1.0,16.4,8.4,12.4,13.9,2.2,6.6,15.2,23.8
2509209,6,984791,BURGOS GRUPO DE SANTIAGO,AWAY,2162563,A. Laso Careaga,A. Laso Careaga,0,15.6,938.0,5.0,1.0,1.0,1.0,3.0,2.0,4.0,0.0,0.0,0.0,1.0,1.0,3.0,0.0,0.0,0.0,0.0,3.0,1.0,5.0,-3.0,62.5,62.5,75.0,0.0,2.0,1.0,0.0,0.0,6.4,3.2,31.2,0.0,0.0,0.0,11.0
2509209,6,984791,BURGOS GRUPO DE SANTIAGO,AWAY,2228400,M. Perez Gundin,M. Perez Gundin,0,0.9,53.0,0.0,0.0,0.0,0.0,0.0,0.0,0.0,0.0,0.0,1.0,0.0,1.0,0.0,0.0,0.0,0.0,0.0,0.0,0.0,1.0,0.0,0.0,0.0,0.0,0.0,0.0,0.0,0.0,108.4,0.0,54.9,0.0,0.0,0.0,0.0,0.0
2509209,6,984791,BURGOS GRUPO DE SANTIAGO,AWAY,2103560,A. Reyes Abad,A. Reyes Abad,0,18.5,1112.0,4.0,1.0,4.0,0.0,4.0,1.0,8.0,2.0,2.0,0.0,4.0,4.0,2.0,0.0,0.0,0.0,0.0,2.0,3.0,4.0,-8.0,22.5,12.5,50.0,25.0,0.5,0.0,0.7,0.0,21.6,10.7,14.8,0.0,0.0,0.0,20.6
2509209,6,984791,BURGOS GRUPO DE SANTIAGO,AWAY,2690845,F. Nuñez,F. Nuñez,0,14.1,847.0,7.0,2.0,4.0,1.0,4.0,3.0,8.0,0.0,0.0,0.0,0.0,0.0,0.0,0.0,1.0,1.0,0.0,2.0,0.0,2.0,3.0,43.8,43.8,50.0,0.0,1.0,0.8,0.0,0.0,0.0,0.0,0.0,3.7,5.6,0.0,24.3
2509209,6,984791,BURGOS GRUPO DE SANTIAGO,AWAY,2045029,D. Rodriguez Ramos,D. Rodriguez Ramos,1,28.1,1683.0,7.0,0.0,3.0,2.0,5.0,2.0,8.0,1.0,3.0,2.0,1.0,3.0,3.0,1.0,1.0,1.0,2.0,2.0,1.0,5.0,-14.0,37.6,37.5,62.5,37.5,0.0,1.2,3.0,6.9,3.6,5.3,16.4,1.8,2.8,9.7,15.8
2509209,6,984791,BURGOS GRUPO DE SANTIAGO,AWAY,2210291,E. Franco Sanz,E. Franco Sanz,0,2.9,174.0,0.0,0.0,0.0,0.0,0.0,0.0,0.0,0.0,0.0,0.0,1.0,1.0,0.0,0.0,0.0,0.0,0.0,0.0,0.0,1.0,8.0,0.0,0.0,0.0,0.0,0.0,0.0,0.0,0.0,34.5,17.0,0.0,0.0,0.0,0.0,0.0
2509209,6,984791,BURGOS GRUPO DE SANTIAGO,AWAY,2610623,L. Krispin,L. Krispin,0,13.3,800.0,2.0,1.0,3.0,0.0,2.0,1.0,5.0,0.0,0.0,0.0,1.0,1.0,0.0,1.0,1.0,0.0,0.0,1.0,0.0,-2.0,-8.0,20.0,20.0,40.0,0.0,0.7,0.0,0.0,0.0,7.5,3.7,0.0,3.9,0.0,16.7,19.4
2509209,6,984791,BURGOS GRUPO DE SANTIAGO,AWAY,2790234,J. Taboada Lühers,J. Taboada Lühers,1,31.2,1871.0,29.0,5.0,10.0,5.0,6.0,10.0,16.0,4.0,4.0,1.0,5.0,6.0,3.0,3.0,1.0,0.0,2.0,1.0,5.0,34.0,10.0,81.6,78.1,37.5,25.0,1.0,2.5,0.8,3.1,16.0,9.5,22.7,1.7,0.0,14.5,28.5
2509210,6,984927,CASADEMONT ZARAGOZA,HOME,2125634,J. Garcia Sanchez,J. Garcia Sanchez,0,23.4,1401.0,4.0,1.0,2.0,0.0,3.0,1.0,5.0,2.0,2.0,0.0,2.0,2.0,4.0,4.0,0.0,0.0,0.0,3.0,2.0,1.0,6.0,34.0,20.0,60.0,40.0,1.0,0.0,1.0,0.0,7.4,4.0,24.4,0.0,0.0,40.5,16.5
2509210,6,984927,CASADEMONT ZARAGOZA,HOME,2008960,A. Moreno Valero,A. Moreno Valero,1,22.9,1373.0,6.0,0.0,0.0,1.0,6.0,1.0,6.0,3.0,6.0,1.0,0.0,1.0,4.0,2.0,3.0,0.0,0.0,3.0,6.0,7.0,9.0,34.7,25.0,100.0,100.0,0.0,0.5,1.0,4.4,0.0,2.0,24.4,6.5,0.0,18.8,18.1
2509210,6,984927,CASADEMONT ZARAGOZA,HOME,2646355,M. Lukic,M. Lukic,1,29.2,1751.0,17.0,3.0,5.0,3.0,5.0,6.0,10.0,2.0,4.0,0.0,3.0,3.0,2.0,5.0,3.0,0.0,0.0,2.0,4.0,16.0,5.0,72.3,75.0,50.0,40.0,1.2,1.8,1.0,0.0,8.9,4.8,14.0,5.1,0.0,29.8,22.4
2509210,6,984927,CASADEMONT ZARAGOZA,HOME,1975428,C. Alias Bermudez,C. Alias Bermudez,1,26.0,1561.0,6.0,3.0,6.0,0.0,4.0,3.0,10.0,0.0,0.0,2.0,8.0,10.0,4.0,2.0,1.0,0.0,0.0,3.0,1.0,10.0,0.0,30.0,30.0,40.0,0.0,1.0,0.0,0.0,7.7,26.8,17.9,23.1,1.9,0.0,16.7,18.0
2509210,6,984927,CASADEMONT ZARAGOZA,HOME,2438847,A. Savkov,A. Savkov,0,17.9,1073.0,6.0,3.0,8.0,0.0,3.0,3.0,11.0,0.0,0.0,4.0,3.0,7.0,2.0,2.0,0.0,0.0,0.0,3.0,1.0,3.0,12.0,27.3,27.3,27.3,0.0,0.8,0.0,0.0,22.3,14.6,18.2,23.3,0.0,0.0,15.4,28.3
2509210,6,984927,CASADEMONT ZARAGOZA,HOME,2382632,A. Cativiela Aisa,A. Cativiela Aisa,0,16.9,1015.0,2.0,1.0,3.0,0.0,0.0,1.0,3.0,0.0,0.0,3.0,4.0,7.0,0.0,1.0,0.0,0.0,0.0,5.0,1.0,2.0,2.0,33.3,33.3,0.0,0.0,0.7,0.0,0.0,17.8,20.6,19.3,0.0,0.0,0.0,25.0,9.2
2509210,6,984927,CASADEMONT ZARAGOZA,HOME,2073295,R. Valero Lopez,R. Valero Lopez,0,10.3,620.0,4.0,2.0,3.0,0.0,1.0,2.0,4.0,0.0,0.0,0.0,1.0,1.0,0.0,0.0,0.0,0.0,0.0,0.0,0.0,3.0,3.0,50.0,50.0,25.0,0.0,1.3,0.0,0.0,0.0,8.4,4.5,0.0,0.0,0.0,0.0,15.1
2509210,6,984927,CASADEMONT ZARAGOZA,HOME,2382801,J. Prieto Alejandre,J. Prieto Alejandre,0,3.4,206.0,0.0,0.0,0.0,0.0,1.0,0.0,1.0,0.0,0.0,0.0,0.0,0.0,0.0,0.0,0.0,0.0,0.0,0.0,0.0,-1.0,-3.0,0.0,0.0,100.0,0.0,0.0,0.0,0.0,0.0,0.0,0.0,0.0,0.0,0.0,0.0,11.5
2509210,6,984927,CASADEMONT ZARAGOZA,HOME,2340834,Y. Traore,Y. Traore,1,25.8,1547.0,17.0,7.0,13.0,0.0,0.0,7.0,13.0,3.0,6.0,2.0,5.0,7.0,2.0,3.0,3.0,0.0,0.0,3.0,4.0,18.0,3.0,54.3,53.8,0.0,46.2,1.1,0.0,1.5,7.8,16.9,12.6,19.2,5.8,0.0,16.1,28.2
2509210,6,984927,CASADEMONT ZARAGOZA,HOME,2648124,A. Rodriguez Aguila,A. Rodriguez Aguila,1,11.4,686.0,8.0,3.0,6.0,0.0,0.0,3.0,6.0,2.0,2.0,4.0,2.0,6.0,0.0,0.0,1.0,2.0,0.0,4.0,1.0,11.0,-2.0,58.1,50.0,0.0,33.3,1.0,0.0,2.0,35.1,15.3,24.5,0.0,4.4,21.3,0.0,23.5
2509210,6,984927,CASADEMONT ZARAGOZA,HOME,2704549,K. Soumalia Salif,K. Soumalia Salif,0,12.8,767.0,6.0,2.0,3.0,0.0,0.0,2.0,3.0,2.0,4.0,1.0,4.0,5.0,0.0,1.0,0.0,1.0,0.0,1.0,2.0,9.0,0.0,63.0,66.7,0.0,133.3,1.3,0.0,2.0,7.8,27.2,18.2,0.0,0.0,9.5,17.4,17.6
2509210,6,984930,BAXI MANRESA,AWAY,2739297,I. Francisco,I. Francisco,0,11.9,714.0,5.0,0.0,4.0,1.0,3.0,1.0,7.0,2.0,4.0,0.0,2.0,2.0,2.0,2.0,0.0,0.0,1.0,3.0,4.0,0.0,-1.0,28.5,21.4,42.9,57.1,0.0,1.0,1.0,0.0,16.8,7.8,40.0,0.0,0.0,18.6,38.3
2509210,6,984930,BAXI MANRESA,AWAY,1959173,M. Rosell Lanza,M. Rosell Lanza,0,17.8,1065.0,6.0,0.0,1.0,2.0,5.0,2.0,6.0,0.0,0.0,0.0,0.0,0.0,0.0,0.0,0.0,0.0,0.0,2.0,0.0,0.0,-9.0,50.0,50.0,83.3,0.0,0.0,1.2,0.0,0.0,0.0,0.0,0.0,0.0,0.0,0.0,14.3
2509210,6,984930,BAXI MANRESA,AWAY,2080004,G. Fernandez Gimenez,G. Fernandez Gimenez,1,20.4,1221.0,9.0,3.0,6.0,0.0,4.0,3.0,10.0,3.0,4.0,1.0,3.0,4.0,0.0,3.0,0.0,0.0,1.0,0.0,3.0,5.0,1.0,38.3,30.0,40.0,40.0,1.0,0.0,1.3,4.3,14.7,9.1,0.0,0.0,0.0,20.3,30.7
2509210,6,984930,BAXI MANRESA,AWAY,2077155,M. Gaspa Ibañez,M. Gaspa Ibañez,0,22.5,1348.0,10.0,1.0,2.0,2.0,4.0,3.0,6.0,2.0,4.0,0.0,4.0,4.0,1.0,1.0,2.0,0.0,0.0,3.0,4.0,12.0,-7.0,64.4,66.7,66.7,66.7,1.0,1.5,1.0,0.0,17.8,8.3,11.1,4.2,0.0,11.4,16.5
2509210,6,984930,BAXI MANRESA,AWAY,2528977,B. Jekabsons,B. Jekabsons,0,7.7,463.0,0.0,0.0,0.0,0.0,0.0,0.0,0.0,0.0,0.0,1.0,1.0,2.0,0.0,0.0,0.0,0.0,0.0,0.0,0.0,2.0,-11.0,0.0,0.0,0.0,0.0,0.0,0.0,0.0,11.3,13.0,12.1,0.0,0.0,0.0,0.0,0.0
2509210,6,984930,BAXI MANRESA,AWAY,2295371,G. Ecker Alberti,G. Ecker Alberti,0,11.0,662.0,0.0,0.0,3.0,0.0,2.0,0.0,5.0,0.0,0.0,1.0,2.0,3.0,1.0,0.0,1.0,0.0,0.0,0.0,0.0,0.0,-1.0,0.0,0.0,40.0,0.0,0.0,0.0,0.0,7.9,18.2,12.7,16.7,4.3,0.0,0.0,19.3
2509210,6,984930,BAXI MANRESA,AWAY,2153495,J. Salo Blaya,J. Salo Blaya,0,15.6,937.0,4.0,1.0,2.0,0.0,0.0,1.0,2.0,2.0,5.0,1.0,0.0,1.0,0.0,1.0,2.0,0.0,0.0,4.0,4.0,2.0,12.0,47.6,50.0,0.0,250.0,1.0,0.0,1.2,5.6,0.0,3.0,0.0,6.0,0.0,19.2,14.1
2509210,6,984930,BAXI MANRESA,AWAY,2081670,G. Naspler Perez,G. Naspler Perez,1,26.2,1573.0,14.0,1.0,4.0,2.0,4.0,3.0,8.0,6.0,6.0,2.0,7.0,9.0,2.0,2.0,4.0,0.0,0.0,3.0,4.0,23.0,-3.0,65.8,50.0,50.0,75.0,0.5,1.5,1.5,6.6,26.7,16.0,18.2,7.1,0.0,15.8,20.5
2509210,6,984930,BAXI MANRESA,AWAY,2150510,J. Pumarola Aguilar,J. Pumarola Aguilar,1,25.5,1532.0,6.0,3.0,9.0,0.0,2.0,3.0,11.0,0.0,0.0,3.0,1.0,4.0,1.0,4.0,0.0,0.0,1.0,2.0,1.0,-2.0,-15.0,27.3,27.3,18.2,0.0,0.7,0.0,0.0,10.2,3.9,7.3,11.1,0.0,0.0,26.7,24.9
2509210,6,984930,BAXI MANRESA,AWAY,2334297,L. Sanchez Fernandez,L. Sanchez Fernandez,1,21.2,1272.0,0.0,0.0,1.0,0.0,2.0,0.0,3.0,0.0,0.0,1.0,1.0,2.0,4.0,2.0,0.0,0.0,0.0,2.0,2.0,1.0,1.0,0.0,0.0,66.7,0.0,0.0,0.0,0.0,4.1,4.7,4.4,40.0,0.0,0.0,40.0,10.0
2509210,6,984930,BAXI MANRESA,AWAY,2145902,F. Torreblanca Catalan,F. Torreblanca Catalan,1,17.1,1026.0,15.0,1.0,1.0,3.0,6.0,4.0,7.0,4.0,5.0,4.0,2.0,6.0,0.0,2.0,0.0,0.0,0.0,3.0,4.0,16.0,4.0,81.5,78.6,85.7,71.4,2.0,1.5,1.2,20.3,11.7,16.3,0.0,0.0,0.0,17.9,27.8
2509210,6,984930,BAXI MANRESA,AWAY,2353230,M. Ndiaye,M. Ndiaye,0,3.1,187.0,0.0,0.0,0.0,0.0,0.0,0.0,0.0,0.0,0.0,0.0,0.0,0.0,0.0,0.0,0.0,0.0,0.0,0.0,1.0,1.0,-6.0,0.0,0.0,0.0,0.0,0.0,0.0,0.0,0.0,0.0,0.0,0.0,0.0,0.0,0.0,0.0
2509211,6,984926,FUNDACIÓN CB CANARIAS,HOME,2819094,P. Bilous,P. Bilous,0,0.2,13.0,0.0,0.0,0.0,0.0,0.0,0.0,0.0,0.0,0.0,0.0,0.0,0.0,0.0,0.0,0.0,0.0,0.0,0.0,0.0,0.0,0.0,0.0,0.0,0.0,0.0,0.0,0.0,0.0,0.0,0.0,0.0,0.0,0.0,0.0,0.0,0.0
2509211,6,984926,FUNDACIÓN CB CANARIAS,HOME,2044955,X. Lopez Rodriguez,X. Lopez Rodriguez,1,29.1,1746.0,16.0,6.0,13.0,1.0,3.0,7.0,16.0,1.0,2.0,2.0,3.0,5.0,2.0,3.0,3.0,1.0,1.0,0.0,4.0,18.0,-14.0,47.4,46.9,18.8,12.5,0.9,1.0,0.5,10.2,11.5,10.9,16.8,5.2,3.0,15.1,29.7
2509211,6,984926,FUNDACIÓN CB CANARIAS,HOME,2444602,L. Riga,L. Riga,1,30.7,1843.0,7.0,2.0,6.0,0.0,1.0,2.0,7.0,3.0,4.0,0.0,8.0,8.0,3.0,6.0,1.0,2.0,0.0,3.0,4.0,10.0,16.0,40.0,28.6,14.3,57.1,0.7,0.0,1.0,0.0,29.0,16.5,15.3,1.6,5.7,40.7,20.9
2509211,6,984926,FUNDACIÓN CB CANARIAS,HOME,2007163,D. Fernandez Trujillo,D. Fernandez Trujillo,1,28.9,1735.0,5.0,1.0,4.0,0.0,2.0,1.0,6.0,3.0,3.0,0.0,2.0,2.0,2.0,4.0,1.0,0.0,0.0,0.0,2.0,3.0,-5.0,34.2,16.7,33.3,50.0,0.5,0.0,1.5,0.0,7.7,4.4,11.2,1.7,0.0,35.3,17.0
2509211,6,984926,FUNDACIÓN CB CANARIAS,HOME,1856308,D. Acosta Moliné,D. Acosta Moliné,1,23.9,1433.0,6.0,3.0,3.0,0.0,0.0,3.0,3.0,0.0,0.0,2.0,4.0,6.0,0.0,2.0,0.0,0.0,0.0,4.0,1.0,7.0,3.0,100.0,100.0,0.0,0.0,2.0,0.0,0.0,12.4,18.6,15.9,0.0,0.0,0.0,40.0,9.1
2509211,6,984926,FUNDACIÓN CB CANARIAS,HOME,2476064,B. Lipasi Yitu,B. Lipasi Yitu,0,13.3,799.0,3.0,0.0,1.0,0.0,0.0,0.0,1.0,3.0,6.0,0.0,4.0,4.0,0.0,0.0,0.0,0.0,0.0,2.0,3.0,4.0,-17.0,41.2,0.0,0.0,600.0,0.0,0.0,2.0,0.0,33.4,19.1,0.0,0.0,0.0,0.0,11.9
2509211,6,984926,FUNDACIÓN CB CANARIAS,HOME,2181003,R. Rodriguez Galvan,R. Rodriguez Galvan,0,23.4,1401.0,16.0,3.0,7.0,3.0,7.0,6.0,14.0,1.0,1.0,1.0,0.0,1.0,2.0,3.0,0.0,0.0,2.0,4.0,1.0,5.0,-8.0,55.4,53.6,50.0,7.1,0.9,1.3,1.0,6.3,0.0,2.7,19.6,0.0,0.0,17.2,32.4
2509211,6,984926,FUNDACIÓN CB CANARIAS,HOME,2470375,M. Sangare,M. Sangare,1,19.2,1154.0,16.0,4.0,6.0,2.0,2.0,6.0,8.0,2.0,3.0,2.0,4.0,6.0,0.0,0.0,0.0,0.0,0.0,4.0,3.0,18.0,3.0,85.8,87.5,25.0,37.5,1.3,3.0,1.0,15.4,23.1,19.8,0.0,0.0,0.0,0.0,21.1
2509211,6,984926,FUNDACIÓN CB CANARIAS,HOME,2137337,A. Perez Lopez,A. Perez Lopez,0,13.8,827.0,0.0,0.0,0.0,0.0,3.0,0.0,3.0,0.0,0.0,0.0,0.0,0.0,2.0,0.0,2.0,1.0,0.0,1.0,0.0,1.0,2.0,0.0,0.0,100.0,0.0,0.0,0.0,0.0,0.0,0.0,0.0,24.7,7.2,6.3,0.0,9.4
2509211,6,984926,FUNDACIÓN CB CANARIAS,HOME,2362551,E. Lima Teixeira,E. Lima Teixeira,0,14.9,893.0,7.0,2.0,5.0,0.0,0.0,2.0,5.0,3.0,4.0,3.0,3.0,6.0,0.0,1.0,0.0,1.0,0.0,1.0,3.0,11.0,13.0,51.8,40.0,0.0,80.0,0.8,0.0,1.3,29.8,22.4,25.6,0.0,0.0,5.8,12.9,22.6
2509211,6,984926,FUNDACIÓN CB CANARIAS,HOME,2129281,G. Hernández Expósito,G. Hernández Expósito,0,2.6,156.0,0.0,0.0,0.0,0.0,0.0,0.0,0.0,0.0,0.0,0.0,0.0,0.0,0.0,0.0,0.0,0.0,0.0,0.0,0.0,0.0,-3.0,0.0,0.0,0.0,0.0,0.0,0.0,0.0,0.0,0.0,0.0,0.0,0.0,0.0,0.0,0.0
2509211,6,984929,JOVENTUT BADALONA,AWAY,2081709,E. Del Castillo Lindo,E. Del Castillo Lindo,1,28.1,1686.0,2.0,1.0,3.0,0.0,1.0,1.0,4.0,0.0,0.0,0.0,2.0,2.0,2.0,0.0,2.0,0.0,0.0,3.0,1.0,3.0,-8.0,25.0,25.0,25.0,0.0,0.7,0.0,0.0,0.0,10.5,4.5,10.0,3.5,0.0,0.0,6.5
2509211,6,984929,JOVENTUT BADALONA,AWAY,2081017,M. Julia Del Pozo,M. Julia Del Pozo,0,5.2,312.0,0.0,0.0,1.0,0.0,0.0,0.0,1.0,0.0,0.0,0.0,0.0,0.0,0.0,1.0,0.0,1.0,0.0,0.0,0.0,-1.0,-3.0,0.0,0.0,0.0,0.0,0.0,0.0,0.0,0.0,0.0,0.0,0.0,0.0,17.1,50.0,17.5
2509211,6,984929,JOVENTUT BADALONA,AWAY,2641899,G. Graae Barbosa,G. Graae Barbosa,0,2.9,174.0,0.0,0.0,0.0,0.0,0.0,0.0,0.0,0.0,0.0,0.0,1.0,1.0,0.0,0.0,0.0,0.0,0.0,0.0,0.0,1.0,-3.0,0.0,0.0,0.0,0.0,0.0,0.0,0.0,0.0,51.1,21.9,0.0,0.0,0.0,0.0,0.0
2509211,6,984929,JOVENTUT BADALONA,AWAY,2453512,P. Batlle Sole,P. Batlle Sole,0,0.8,48.0,0.0,0.0,0.0,0.0,0.0,0.0,0.0,0.0,0.0,0.0,0.0,0.0,0.0,0.0,0.0,0.0,0.0,0.0,0.0,0.0,-1.0,0.0,0.0,0.0,0.0,0.0,0.0,0.0,0.0,0.0,0.0,0.0,0.0,0.0,0.0,0.0
2509211,6,984929,JOVENTUT BADALONA,AWAY,2156562,R. Torras Ferrer,R. Torras Ferrer,0,6.2,373.0,0.0,0.0,0.0,0.0,0.0,0.0,0.0,0.0,0.0,0.0,1.0,1.0,0.0,0.0,0.0,0.0,0.0,1.0,1.0,1.0,6.0,0.0,0.0,0.0,0.0,0.0,0.0,0.0,0.0,23.9,10.2,0.0,0.0,0.0,0.0,0.0
2509211,6,984929,JOVENTUT BADALONA,AWAY,2845979,M. Buben,M. Buben,0,18.4,1104.0,16.0,6.0,8.0,1.0,3.0,7.0,11.0,1.0,1.0,0.0,2.0,2.0,2.0,1.0,0.0,1.0,0.0,4.0,2.0,14.0,8.0,69.9,68.2,27.3,9.1,1.5,1.0,0.5,0.0,16.1,6.9,25.0,0.0,4.8,8.0,30.7
2509211,6,984929,JOVENTUT BADALONA,AWAY,2241509,H. Ruiz Zamorano,H. Ruiz Zamorano,0,10.0,602.0,2.0,1.0,2.0,0.0,0.0,1.0,2.0,0.0,0.0,0.0,0.0,0.0,1.0,3.0,3.0,1.0,0.0,2.0,0.0,1.0,0.0,50.0,50.0,0.0,0.0,1.0,0.0,0.0,0.0,0.0,0.0,20.0,14.6,8.9,60.0,22.7
2509211,6,984929,JOVENTUT BADALONA,AWAY,2023675,A. Torres De La Torre,A. Torres De La Torre,1,35.5,2132.0,22.0,5.0,10.0,4.0,7.0,9.0,17.0,0.0,1.0,2.0,7.0,9.0,4.0,2.0,2.0,0.0,1.0,3.0,1.0,24.0,4.0,63.1,64.7,41.2,5.9,1.0,1.7,1.0,6.3,29.2,16.1,22.2,2.7,0.0,10.3,24.9
2509211,6,984929,JOVENTUT BADALONA,AWAY,1943849,F. Mauri Guillen,F. Mauri Guillen,1,37.0,2217.0,9.0,2.0,3.0,1.0,10.0,3.0,13.0,2.0,2.0,2.0,2.0,4.0,7.0,2.0,1.0,0.0,1.0,2.0,6.0,13.0,8.0,32.4,26.9,76.9,15.4,1.3,0.3,0.3,6.0,8.0,6.9,29.2,1.3,0.0,12.6,19.5
2509211,6,984929,JOVENTUT BADALONA,AWAY,2535717,K. Macías Book,K. Macías Book,1,22.2,1331.0,14.0,5.0,6.0,0.0,0.0,5.0,6.0,4.0,6.0,3.0,0.0,3.0,1.0,0.0,0.0,0.0,0.0,4.0,3.0,14.0,-1.0,81.0,83.3,0.0,100.0,1.7,0.0,2.0,15.0,0.0,8.6,7.7,0.0,0.0,0.0,17.7
2509211,6,984929,JOVENTUT BADALONA,AWAY,2528952,D. Niebla Santos,D. Niebla Santos,1,33.7,2021.0,13.0,3.0,13.0,1.0,3.0,4.0,16.0,4.0,6.0,1.0,2.0,3.0,1.0,2.0,4.0,0.0,3.0,3.0,5.0,7.0,0.0,34.9,28.1,18.8,37.5,0.5,1.0,1.2,3.3,8.8,5.7,5.0,5.8,0.0,9.7,27.8
2509212,7,984792,REAL MADRID,HOME,2735493,F. Kayser,F. Kayser,1,22.2,1332.0,0.0,0.0,1.0,0.0,4.0,0.0,5.0,0.0,0.0,0.0,2.0,2.0,1.0,5.0,1.0,2.0,1.0,3.0,2.0,-5.0,5.0,0.0,0.0,80.0,0.0,0.0,0.0,0.0,0.0,9.2,5.2,5.6,2.2,9.2,50.0,20.1
2509212,7,984792,REAL MADRID,HOME,2286044,I. Ruperez Nuñez-Morgades,I. Ruperez Nuñez-Morgades,0,17.0,1020.0,5.0,1.0,1.0,1.0,1.0,2.0,2.0,0.0,0.0,0.0,0.0,0.0,4.0,0.0,0.0,0.0,0.0,0.0,0.0,9.0,10.0,125.0,125.0,50.0,0.0,2.0,3.0,0.0,0.0,0.0,0.0,40.0,0.0,0.0,0.0,5.2
2509212,7,984792,REAL MADRID,HOME,2645392,O. Kutluay,O. Kutluay,1,8.9,536.0,7.0,3.0,3.0,0.0,0.0,3.0,3.0,1.0,1.0,0.0,2.0,2.0,1.0,1.0,1.0,0.0,0.0,2.0,3.0,11.0,7.0,101.7,100.0,0.0,33.3,2.0,0.0,0.3,0.0,23.0,13.0,33.3,5.4,0.0,22.5,22.2
2509212,7,984792,REAL MADRID,HOME,2662049,A. Bjelic,A. Bjelic,1,34.6,2076.0,24.0,3.0,6.0,5.0,14.0,8.0,20.0,3.0,3.0,1.0,4.0,5.0,5.0,1.0,2.0,0.0,0.0,2.0,5.0,26.0,19.0,56.3,52.5,70.0,15.0,1.0,1.1,0.6,3.9,11.9,8.4,26.3,2.8,0.0,4.5,28.7
2509212,7,984792,REAL MADRID,HOME,2642414,I. Frolov,I. Frolov,1,35.4,2125.0,17.0,4.0,6.0,3.0,3.0,7.0,9.0,0.0,0.0,4.0,4.0,8.0,0.0,5.0,1.0,1.0,0.0,3.0,0.0,17.0,22.0,94.4,94.4,33.3,0.0,1.3,3.0,0.0,15.1,11.6,13.1,0.0,1.4,2.9,35.7,17.6
2509212,7,984792,REAL MADRID,HOME,2043083,R. Rioja Achiaga,R. Rioja Achiaga,0,7.9,474.0,4.0,2.0,2.0,0.0,0.0,2.0,2.0,0.0,0.0,1.0,1.0,2.0,0.0,1.0,0.0,0.0,0.0,0.0,1.0,6.0,-3.0,100.0,100.0,0.0,0.0,2.0,0.0,0.0,16.9,13.0,14.7,0.0,0.0,0.0,33.3,16.9
2509212,7,984792,REAL MADRID,HOME,2029762,D. Krohnert Moto,D. Krohnert Moto,0,4.8,286.0,0.0,0.0,0.0,0.0,0.0,0.0,0.0,0.0,0.0,0.0,2.0,2.0,0.0,0.0,0.0,0.0,0.0,0.0,0.0,2.0,-2.0,0.0,0.0,0.0,0.0,0.0,0.0,0.0,0.0,42.7,24.2,0.0,0.0,0.0,0.0,0.0
2509212,7,984792,REAL MADRID,HOME,2817763,E. Amosov,E. Amosov,0,18.0,1081.0,15.0,4.0,5.0,1.0,8.0,5.0,13.0,4.0,5.0,0.0,6.0,6.0,0.0,2.0,2.0,0.0,0.0,2.0,4.0,14.0,14.0,49.3,42.3,61.5,38.5,1.6,0.4,1.2,0.0,34.2,19.3,0.0,5.4,0.0,11.6,42.5
2509212,7,984792,REAL MADRID,HOME,2679004,O. Diarra,O. Diarra,1,27.0,1618.0,4.0,2.0,7.0,0.0,0.0,2.0,7.0,0.0,2.0,3.0,6.0,9.0,3.0,1.0,1.0,2.0,0.0,2.0,2.0,11.0,18.0,25.4,28.6,0.0,28.6,0.6,0.0,1.0,14.8,22.8,19.3,15.8,1.8,7.6,11.3,14.6
2509212,7,984792,REAL MADRID,HOME,2370180,O. Hadi Adegbite,O. Hadi Adegbite,0,12.2,731.0,2.0,1.0,2.0,0.0,1.0,1.0,3.0,0.0,0.0,0.0,0.0,0.0,3.0,2.0,0.0,0.0,1.0,2.0,0.0,-1.0,4.0,33.3,33.3,33.3,0.0,1.0,0.0,0.0,0.0,0.0,0.0,37.5,0.0,0.0,40.0,18.2
2509212,7,984792,REAL MADRID,HOME,2739845,R. Robinson,R. Robinson,0,12.0,721.0,0.0,0.0,2.0,0.0,1.0,0.0,3.0,0.0,0.0,0.0,0.0,0.0,0.0,0.0,1.0,0.0,0.0,0.0,0.0,-2.0,-4.0,0.0,0.0,33.3,0.0,0.0,0.0,0.0,0.0,0.0,0.0,0.0,4.0,0.0,0.0,11.1
2509212,7,984927,CASADEMONT ZARAGOZA,AWAY,2125634,J. Garcia Sanchez,J. Garcia Sanchez,1,30.8,1850.0,5.0,2.0,2.0,0.0,6.0,2.0,8.0,1.0,1.0,0.0,3.0,3.0,2.0,2.0,2.0,0.0,0.0,3.0,2.0,3.0,-24.0,29.6,25.0,75.0,12.5,2.0,0.0,0.5,0.0,13.0,5.6,12.2,3.2,0.0,19.2,14.3
2509212,7,984927,CASADEMONT ZARAGOZA,AWAY,2008960,A. Moreno Valero,A. Moreno Valero,1,24.6,1473.0,20.0,2.0,5.0,5.0,10.0,7.0,15.0,1.0,1.0,0.0,4.0,4.0,3.0,6.0,1.0,0.0,0.0,0.0,7.0,21.0,1.0,64.8,63.3,66.7,6.7,0.8,1.5,0.1,0.0,21.7,9.4,44.1,2.0,0.0,28.0,36.9
2509212,7,984927,CASADEMONT ZARAGOZA,AWAY,1975428,C. Alias Bermudez,C. Alias Bermudez,1,30.1,1808.0,8.0,4.0,7.0,0.0,3.0,4.0,10.0,0.0,0.0,3.0,1.0,4.0,5.0,4.0,3.0,0.0,2.0,3.0,1.0,8.0,-9.0,40.0,40.0,30.0,0.0,1.1,0.0,0.0,10.2,4.4,7.7,34.7,4.9,0.0,28.6,19.7
2509212,7,984927,CASADEMONT ZARAGOZA,AWAY,2073295,R. Valero Lopez,R. Valero Lopez,1,22.4,1344.0,9.0,2.0,4.0,1.0,7.0,3.0,11.0,2.0,4.0,2.0,0.0,2.0,0.0,2.0,1.0,0.0,0.0,2.0,2.0,0.0,-7.0,35.3,31.8,63.6,36.4,1.0,0.4,2.0,9.2,0.0,5.2,0.0,2.2,0.0,13.6,27.9
2509212,7,984927,CASADEMONT ZARAGOZA,AWAY,2382801,J. Prieto Alejandre,J. Prieto Alejandre,0,27.8,1667.0,2.0,1.0,3.0,0.0,3.0,1.0,6.0,0.0,0.0,3.0,5.0,8.0,1.0,0.0,0.0,0.0,2.0,2.0,2.0,6.0,-14.0,16.7,16.7,50.0,0.0,0.7,0.0,0.0,11.1,24.0,16.7,6.6,0.0,0.0,0.0,9.1
2509212,7,984927,CASADEMONT ZARAGOZA,AWAY,2648124,A. Rodriguez Aguila,A. Rodriguez Aguila,1,20.3,1218.0,5.0,2.0,6.0,0.0,0.0,2.0,6.0,1.0,2.0,3.0,3.0,6.0,2.0,0.0,0.0,2.0,0.0,1.0,1.0,10.0,-12.0,36.3,33.3,0.0,33.3,0.7,0.0,2.0,15.2,19.7,17.1,21.1,0.0,11.3,0.0,14.3
2509212,7,984927,CASADEMONT ZARAGOZA,AWAY,2207996,M. Auciello Cubells,M. Auciello Cubells,0,9.4,565.0,0.0,0.0,0.0,0.0,0.0,0.0,0.0,0.0,0.0,0.0,0.0,0.0,0.0,1.0,0.0,0.0,0.0,1.0,0.0,-2.0,-7.0,0.0,0.0,0.0,0.0,0.0,0.0,0.0,0.0,0.0,0.0,0.0,0.0,0.0,100.0,4.5
2509212,7,984927,CASADEMONT ZARAGOZA,AWAY,2084765,C. Iglesias Gracia,C. Iglesias Gracia,0,11.6,695.0,9.0,0.0,2.0,3.0,4.0,3.0,6.0,0.0,0.0,0.0,0.0,0.0,0.0,2.0,0.0,0.0,0.0,2.0,0.0,2.0,-6.0,75.0,75.0,66.7,0.0,0.0,2.2,0.0,0.0,0.0,0.0,0.0,0.0,0.0,25.0,29.2
2509212,7,984927,CASADEMONT ZARAGOZA,AWAY,2704549,K. Soumalia Salif,K. Soumalia Salif,0,23.0,1380.0,2.0,1.0,10.0,0.0,0.0,1.0,10.0,0.0,0.0,1.0,5.0,6.0,0.0,2.0,2.0,0.0,1.0,3.0,1.0,-3.0,-12.0,10.0,10.0,0.0,0.0,0.2,0.0,0.0,4.5,29.0,15.1,0.0,4.3,0.0,16.7,22.1
2509213,7,984926,FUNDACIÓN CB CANARIAS,HOME,2819094,P. Bilous,P. Bilous,0,1.4,83.0,0.0,0.0,0.0,0.0,0.0,0.0,0.0,0.0,0.0,0.0,0.0,0.0,0.0,0.0,0.0,0.0,0.0,0.0,0.0,0.0,4.0,0.0,0.0,0.0,0.0,0.0,0.0,0.0,0.0,0.0,0.0,0.0,0.0,0.0,0.0,0.0
2509213,7,984926,FUNDACIÓN CB CANARIAS,HOME,2229563,H. Dorta Perez,H. Dorta Perez,0,4.3,261.0,0.0,0.0,0.0,0.0,0.0,0.0,0.0,0.0,0.0,0.0,0.0,0.0,0.0,0.0,0.0,0.0,0.0,1.0,0.0,-1.0,-13.0,0.0,0.0,0.0,0.0,0.0,0.0,0.0,0.0,0.0,0.0,0.0,0.0,0.0,0.0,0.0
2509213,7,984926,FUNDACIÓN CB CANARIAS,HOME,2044955,X. Lopez Rodriguez,X. Lopez Rodriguez,1,35.5,2131.0,30.0,7.0,14.0,4.0,6.0,11.0,20.0,4.0,6.0,2.0,3.0,5.0,4.0,1.0,2.0,0.0,3.0,2.0,11.0,38.0,0.0,66.3,65.0,30.0,30.0,1.0,2.0,0.5,6.6,16.1,10.2,22.5,2.9,0.0,4.2,29.8
2509213,7,984926,FUNDACIÓN CB CANARIAS,HOME,2444602,L. Riga,L. Riga,1,34.6,2078.0,19.0,0.0,1.0,4.0,8.0,4.0,9.0,7.0,8.0,1.0,0.0,1.0,5.0,1.0,0.0,0.0,0.0,4.0,3.0,17.0,-12.0,75.9,66.7,88.9,88.9,0.0,1.5,2.7,3.4,0.0,2.1,20.2,0.0,0.0,7.4,17.5
2509213,7,984926,FUNDACIÓN CB CANARIAS,HOME,2007163,D. Fernandez Trujillo,D. Fernandez Trujillo,1,30.3,1817.0,19.0,2.0,6.0,3.0,4.0,5.0,10.0,6.0,7.0,0.0,3.0,3.0,7.0,2.0,2.0,0.0,2.0,1.0,4.0,26.0,5.0,72.6,65.0,40.0,70.0,0.7,2.2,1.8,0.0,18.9,7.2,34.0,3.4,0.0,13.3,22.3
2509213,7,984926,FUNDACIÓN CB CANARIAS,HOME,1856308,D. Acosta Moliné,D. Acosta Moliné,1,22.7,1362.0,7.0,2.0,4.0,1.0,2.0,3.0,6.0,0.0,0.0,1.0,3.0,4.0,1.0,0.0,0.0,0.0,0.0,4.0,1.0,6.0,-4.0,58.3,58.3,33.3,0.0,1.0,1.5,0.0,5.2,25.2,12.8,6.2,0.0,0.0,0.0,11.8
2509213,7,984926,FUNDACIÓN CB CANARIAS,HOME,2476064,B. Lipasi Yitu,B. Lipasi Yitu,0,12.9,774.0,8.0,3.0,4.0,0.0,0.0,3.0,4.0,2.0,2.0,1.0,3.0,4.0,0.0,0.0,0.0,0.0,0.0,5.0,1.0,7.0,9.0,82.0,75.0,0.0,50.0,1.5,0.0,2.0,9.1,44.3,22.6,0.0,0.0,0.0,0.0,16.9
2509213,7,984926,FUNDACIÓN CB CANARIAS,HOME,2470375,M. Sangare,M. Sangare,1,26.5,1589.0,12.0,4.0,8.0,1.0,6.0,5.0,14.0,1.0,1.0,2.0,1.0,3.0,0.0,3.0,2.0,0.0,1.0,5.0,1.0,1.0,-4.0,41.6,39.3,42.9,7.1,1.0,0.5,1.0,8.9,7.2,8.2,0.0,3.9,0.0,17.2,29.4
2509213,7,984926,FUNDACIÓN CB CANARIAS,HOME,2137337,A. Perez Lopez,A. Perez Lopez,0,19.8,1186.0,2.0,0.0,0.0,0.0,2.0,0.0,2.0,2.0,2.0,1.0,2.0,3.0,3.0,3.0,0.0,0.0,0.0,2.0,0.0,1.0,1.0,34.7,0.0,100.0,100.0,0.0,0.0,0.0,5.9,19.2,11.0,18.8,0.0,0.0,51.0,13.3
2509213,7,984926,FUNDACIÓN CB CANARIAS,HOME,2362551,E. Lima Teixeira,E. Lima Teixeira,0,12.0,719.0,2.0,1.0,2.0,0.0,0.0,1.0,2.0,0.0,0.0,0.0,0.0,0.0,0.0,1.0,0.0,0.0,0.0,3.0,1.0,-2.0,-11.0,50.0,50.0,0.0,0.0,1.0,0.0,0.0,0.0,0.0,0.0,0.0,0.0,0.0,33.3,11.2
2509213,7,984928,BARÇA ATLÈTIC,AWAY,2642482,A. Kone,A. Kone,0,17.9,1071.0,14.0,4.0,5.0,0.0,0.0,4.0,5.0,6.0,11.0,0.0,6.0,6.0,0.0,2.0,2.0,1.0,0.0,3.0,6.0,18.0,8.0,71.1,80.0,0.0,220.0,1.6,0.0,1.8,0.0,39.4,24.4,0.0,5.5,5.7,16.9,32.0
2509213,7,984928,BARÇA ATLÈTIC,AWAY,2642172,J. Siftar,J. Siftar,0,10.8,651.0,3.0,0.0,1.0,1.0,2.0,1.0,3.0,0.0,0.0,1.0,0.0,1.0,0.0,0.0,0.0,0.0,0.0,3.0,0.0,-1.0,-2.0,50.0,50.0,66.7,0.0,0.0,1.5,0.0,17.6,0.0,6.7,0.0,0.0,0.0,0.0,13.5
2509213,7,984928,BARÇA ATLÈTIC,AWAY,2647995,M. Keita,M. Keita,1,13.3,799.0,4.0,0.0,0.0,1.0,1.0,1.0,1.0,1.0,2.0,0.0,3.0,3.0,2.0,0.0,0.0,1.0,0.0,3.0,1.0,7.0,3.0,106.4,150.0,100.0,200.0,0.0,3.0,2.0,0.0,26.5,16.4,21.7,0.0,7.7,0.0,6.8
2509213,7,984928,BARÇA ATLÈTIC,AWAY,2082056,N. Poza Cervantes,N. Poza Cervantes,1,23.1,1383.0,11.0,2.0,3.0,2.0,4.0,4.0,7.0,1.0,2.0,0.0,1.0,1.0,2.0,2.0,1.0,0.0,0.0,1.0,1.0,9.0,-2.0,69.8,71.4,57.1,28.6,1.3,1.5,2.0,0.0,5.1,3.1,12.2,2.1,0.0,20.2,20.7
2509213,7,984928,BARÇA ATLÈTIC,AWAY,2256034,J. Cerdan Palacios,J. Cerdan Palacios,0,8.3,501.0,2.0,1.0,1.0,0.0,0.0,1.0,1.0,0.0,0.0,0.0,0.0,0.0,0.0,0.0,0.0,0.0,0.0,1.0,0.0,1.0,10.0,100.0,100.0,0.0,0.0,2.0,0.0,0.0,0.0,0.0,0.0,0.0,0.0,0.0,0.0,5.8
2509213,7,984928,BARÇA ATLÈTIC,AWAY,2561463,D. Ferreras Camarero,D. Ferreras Camarero,1,21.6,1296.0,17.0,4.0,6.0,3.0,5.0,7.0,11.0,0.0,0.0,1.0,1.0,2.0,0.0,1.0,1.0,0.0,0.0,4.0,0.0,11.0,-4.0,77.3,77.3,45.5,0.0,1.3,1.8,0.0,8.8,5.4,6.7,0.0,2.3,0.0,8.3,26.9
2509213,7,984928,BARÇA ATLÈTIC,AWAY,2166517,D. Gonzalez Castro,D. Gonzalez Castro,0,21.4,1284.0,7.0,2.0,3.0,1.0,1.0,3.0,4.0,0.0,0.0,0.0,2.0,2.0,5.0,0.0,0.0,0.0,0.0,2.0,1.0,12.0,14.0,87.5,87.5,25.0,0.0,1.3,3.0,0.0,0.0,11.0,6.8,35.7,0.0,0.0,0.0,9.1
2509213,7,984928,BARÇA ATLÈTIC,AWAY,2218824,O. Filba Gonzalez,O. Filba Gonzalez,0,16.9,1017.0,3.0,1.0,2.0,0.0,0.0,1.0,2.0,1.0,2.0,0.0,0.0,0.0,0.0,0.0,0.0,0.0,0.0,1.0,1.0,1.0,7.0,52.1,50.0,0.0,100.0,1.0,0.0,2.0,0.0,0.0,0.0,0.0,0.0,0.0,0.0,8.3
2509213,7,984928,BARÇA ATLÈTIC,AWAY,2641337,J. Boumtje Boumtje,J. Boumtje Boumtje,0,24.4,1465.0,17.0,5.0,6.0,1.0,3.0,6.0,9.0,4.0,7.0,1.0,5.0,6.0,4.0,1.0,1.0,1.0,0.0,2.0,5.0,25.0,-1.0,70.4,72.2,33.3,77.8,1.7,1.0,1.4,7.8,24.1,17.9,27.8,2.0,4.2,7.6,26.0
2509213,7,984928,BARÇA ATLÈTIC,AWAY,2646614,N. Kusturica,N. Kusturica,1,20.1,1204.0,11.0,2.0,4.0,1.0,2.0,3.0,6.0,4.0,5.0,1.0,4.0,5.0,1.0,3.0,0.0,1.0,0.0,2.0,4.0,13.0,-5.0,67.1,58.3,33.3,83.3,1.0,1.5,1.2,9.5,23.4,18.1,7.1,0.0,5.1,26.8,27.0
2509213,7,984928,BARÇA ATLÈTIC,AWAY,2642481,M. Dabone,M. Dabone,1,22.1,1329.0,15.0,3.0,4.0,0.0,1.0,3.0,5.0,9.0,11.0,2.0,4.0,6.0,3.0,2.0,2.0,2.0,0.0,3.0,6.0,25.0,-3.0,76.2,60.0,20.0,220.0,1.5,0.0,1.8,17.2,21.3,19.7,17.2,4.4,9.3,16.9,25.9
2509214,7,984923,GRAN CANARIA,HOME,2441048,E. Heinonen,E. Heinonen,1,28.5,1712.0,14.0,4.0,6.0,1.0,8.0,5.0,14.0,3.0,4.0,1.0,4.0,5.0,1.0,2.0,0.0,0.0,1.0,2.0,3.0,9.0,6.0,44.4,39.3,57.1,28.6,1.3,0.4,1.3,4.4,12.8,9.2,5.5,0.0,0.0,11.3,25.3
2509214,7,984923,GRAN CANARIA,HOME,2044256,J. Arteaga Giner,J. Arteaga Giner,0,11.7,700.0,2.0,0.0,1.0,0.0,2.0,0.0,3.0,2.0,2.0,1.0,0.0,1.0,0.0,2.0,0.0,0.0,0.0,1.0,1.0,-2.0,-8.0,25.8,0.0,66.7,66.7,0.0,0.0,2.0,10.7,0.0,4.5,0.0,0.0,0.0,34.0,20.4
2509214,7,984923,GRAN CANARIA,HOME,2173751,J. Castro Estévez,J. Castro Estévez,0,2.4,144.0,0.0,0.0,0.0,0.0,0.0,0.0,0.0,0.0,0.0,0.0,0.0,0.0,1.0,2.0,0.0,0.0,0.0,3.0,0.0,-4.0,-1.0,0.0,0.0,0.0,0.0,0.0,0.0,0.0,0.0,0.0,0.0,30.3,0.0,0.0,100.0,33.9
2509214,7,984923,GRAN CANARIA,HOME,1885980,F. Díaz Herrera,F. Díaz Herrera,0,14.4,863.0,0.0,0.0,0.0,0.0,3.0,0.0,3.0,0.0,0.0,0.0,2.0,2.0,0.0,4.0,1.0,0.0,0.0,4.0,2.0,-6.0,5.0,0.0,0.0,100.0,0.0,0.0,0.0,0.0,0.0,12.6,7.3,0.0,3.4,0.0,57.1,19.8
2509214,7,984923,GRAN CANARIA,HOME,2279529,H. Díaz Guillén,H. Díaz Guillén,0,4.9,292.0,2.0,1.0,1.0,0.0,1.0,1.0,2.0,0.0,2.0,1.0,0.0,1.0,0.0,1.0,0.0,0.0,0.0,0.0,2.0,1.0,-7.0,34.7,50.0,50.0,100.0,2.0,0.0,1.0,25.5,0.0,10.7,0.0,0.0,0.0,25.8,32.2
2509214,7,984923,GRAN CANARIA,HOME,2834161,W. Tsafack,W. Tsafack,1,35.1,2108.0,20.0,10.0,15.0,0.0,2.0,10.0,17.0,0.0,2.0,8.0,4.0,12.0,2.0,4.0,1.0,2.0,0.0,3.0,1.0,22.0,15.0,55.9,58.8,11.8,11.8,1.3,0.0,2.0,28.5,10.4,18.0,10.2,1.4,5.2,18.3,25.4
2509214,7,984923,GRAN CANARIA,HOME,2760153,C. Mbengue,C. Mbengue,1,27.0,1621.0,8.0,4.0,6.0,0.0,0.0,4.0,6.0,0.0,0.0,2.0,7.0,9.0,0.0,3.0,3.0,3.0,0.0,4.0,1.0,15.0,14.0,66.7,66.7,0.0,0.0,1.3,0.0,0.0,9.3,23.6,17.5,0.0,5.5,10.1,33.3,13.6
2509214,7,984923,GRAN CANARIA,HOME,2177916,P. Pasqua Amat,P. Pasqua Amat,0,4.9,292.0,0.0,0.0,1.0,0.0,0.0,0.0,1.0,0.0,0.0,0.0,0.0,0.0,0.0,0.0,0.0,0.0,0.0,0.0,1.0,0.0,-7.0,0.0,0.0,0.0,0.0,0.0,0.0,0.0,0.0,0.0,0.0,0.0,0.0,0.0,0.0,8.3
2509214,7,984923,GRAN CANARIA,HOME,2563387,M. Coulibaly,M. Coulibaly,0,13.0,779.0,5.0,2.0,2.0,0.0,0.0,2.0,2.0,1.0,2.0,1.0,6.0,7.0,0.0,0.0,0.0,0.0,0.0,3.0,1.0,9.0,-6.0,86.8,100.0,0.0,100.0,2.0,0.0,2.0,9.6,42.0,28.3,0.0,0.0,0.0,0.0,9.0
2509214,7,984923,GRAN CANARIA,HOME,2087418,G. Baez Pierson,G. Baez Pierson,1,28.1,1685.0,12.0,3.0,5.0,1.0,3.0,4.0,8.0,3.0,3.0,0.0,4.0,4.0,0.0,3.0,2.0,0.0,0.0,3.0,2.0,10.0,16.0,64.4,56.2,37.5,37.5,1.2,1.0,1.5,0.0,12.9,7.5,0.0,3.5,0.0,24.4,17.8
2509214,7,984923,GRAN CANARIA,HOME,2827856,B. González Ramírez,B. González Ramírez,1,30.1,1804.0,19.0,5.0,7.0,2.0,4.0,7.0,11.0,3.0,4.0,1.0,6.0,7.0,6.0,2.0,1.0,0.0,0.0,2.0,4.0,28.0,13.0,74.5,72.7,36.4,36.4,1.4,1.5,1.0,4.2,18.1,12.2,30.9,1.6,0.0,13.6,19.9
2509214,7,984929,JOVENTUT BADALONA,AWAY,2081709,E. Del Castillo Lindo,E. Del Castillo Lindo,1,29.1,1748.0,2.0,1.0,3.0,0.0,1.0,1.0,4.0,0.0,0.0,0.0,0.0,0.0,1.0,2.0,1.0,0.0,1.0,4.0,1.0,-4.0,-16.0,25.0,25.0,25.0,0.0,0.7,0.0,0.0,0.0,0.0,0.0,6.1,1.6,0.0,33.3,9.0
2509214,7,984929,JOVENTUT BADALONA,AWAY,2081017,M. Julia Del Pozo,M. Julia Del Pozo,0,19.8,1190.0,7.0,2.0,3.0,0.0,0.0,2.0,3.0,3.0,6.0,1.0,2.0,3.0,0.0,0.0,2.0,0.0,0.0,3.0,6.0,11.0,6.0,62.1,66.7,0.0,200.0,1.3,0.0,1.0,4.6,12.6,8.0,0.0,4.8,0.0,0.0,12.4
2509214,7,984929,JOVENTUT BADALONA,AWAY,2641899,G. Graae Barbosa,G. Graae Barbosa,0,11.3,681.0,0.0,0.0,0.0,0.0,0.0,0.0,0.0,0.0,0.0,1.0,1.0,2.0,0.0,0.0,0.0,0.0,0.0,2.0,0.0,0.0,-3.0,0.0,0.0,0.0,0.0,0.0,0.0,0.0,8.0,11.1,9.3,0.0,0.0,0.0,0.0,0.0
2509214,7,984929,JOVENTUT BADALONA,AWAY,2453512,P. Batlle Sole,P. Batlle Sole,0,7.3,438.0,2.0,1.0,1.0,0.0,0.0,1.0,1.0,0.0,0.0,0.0,0.0,0.0,1.0,0.0,0.0,0.0,0.0,1.0,0.0,2.0,7.0,100.0,100.0,0.0,0.0,2.0,0.0,0.0,0.0,0.0,0.0,25.0,0.0,0.0,0.0,6.0
2509214,7,984929,JOVENTUT BADALONA,AWAY,2156562,R. Torras Ferrer,R. Torras Ferrer,0,3.5,207.0,2.0,1.0,1.0,0.0,0.0,1.0,1.0,0.0,0.0,0.0,0.0,0.0,0.0,0.0,0.0,0.0,0.0,0.0,0.0,2.0,6.0,100.0,100.0,0.0,0.0,2.0,0.0,0.0,0.0,0.0,0.0,0.0,0.0,0.0,0.0,12.5
2509214,7,984929,JOVENTUT BADALONA,AWAY,2845979,M. Buben,M. Buben,1,30.0,1800.0,4.0,2.0,3.0,0.0,4.0,2.0,7.0,0.0,0.0,3.0,3.0,6.0,1.0,1.0,0.0,0.0,0.0,3.0,2.0,4.0,-16.0,28.6,28.6,57.1,0.0,1.3,0.0,0.0,9.1,12.5,10.5,5.6,0.0,0.0,12.5,11.6
2509214,7,984929,JOVENTUT BADALONA,AWAY,2241509,H. Ruiz Zamorano,H. Ruiz Zamorano,0,9.6,573.0,4.0,2.0,5.0,0.0,2.0,2.0,7.0,0.0,1.0,0.0,2.0,2.0,2.0,0.0,1.0,0.0,0.0,1.0,3.0,5.0,6.0,26.9,28.6,28.6,14.3,0.8,0.0,0.3,0.0,26.0,11.0,66.7,5.0,0.0,0.0,33.8
2509214,7,984929,JOVENTUT BADALONA,AWAY,1943849,F. Mauri Guillen,F. Mauri Guillen,1,28.8,1728.0,10.0,1.0,6.0,2.0,7.0,3.0,13.0,2.0,4.0,0.0,4.0,4.0,2.0,2.0,1.0,0.0,0.0,1.0,2.0,4.0,-16.0,33.9,30.8,53.8,30.8,0.3,0.9,2.0,0.0,17.4,7.3,13.8,1.7,0.0,11.9,25.4
2509214,7,984929,JOVENTUT BADALONA,AWAY,2535717,K. Macías Book,K. Macías Book,1,28.2,1693.0,13.0,4.0,8.0,0.0,0.0,4.0,8.0,5.0,6.0,6.0,1.0,7.0,0.0,6.0,1.0,0.0,2.0,0.0,3.0,13.0,-7.0,61.1,50.0,0.0,75.0,1.0,0.0,2.0,19.3,4.4,13.1,0.0,1.7,0.0,36.1,25.7
2509214,7,984929,JOVENTUT BADALONA,AWAY,2528952,D. Niebla Santos,D. Niebla Santos,1,32.4,1942.0,30.0,6.0,14.0,3.0,7.0,9.0,21.0,9.0,12.0,0.0,4.0,4.0,2.0,3.0,4.0,1.0,2.0,3.0,8.0,28.0,-7.0,57.1,50.0,33.3,57.1,0.9,1.3,1.5,0.0,15.4,6.5,18.2,5.9,2.8,10.2,39.4
2509215,7,984930,BAXI MANRESA,HOME,2739297,I. Francisco,I. Francisco,0,11.2,672.0,4.0,0.0,2.0,1.0,4.0,1.0,6.0,1.0,2.0,0.0,3.0,3.0,0.0,1.0,0.0,0.0,1.0,1.0,1.0,0.0,-3.0,29.1,25.0,66.7,33.3,0.0,0.8,2.0,0.0,28.2,14.9,0.0,0.0,0.0,12.7,28.9
2509215,7,984930,BAXI MANRESA,HOME,1959173,M. Rosell Lanza,M. Rosell Lanza,0,17.3,1040.0,9.0,2.0,2.0,1.0,4.0,3.0,6.0,2.0,2.0,1.0,2.0,3.0,1.0,0.0,1.0,0.0,1.0,0.0,1.0,12.0,14.0,65.4,58.3,66.7,33.3,2.0,0.8,2.0,6.8,12.2,9.6,9.4,2.8,0.0,0.0,16.3
2509215,7,984930,BAXI MANRESA,HOME,2080004,G. Fernandez Gimenez,G. Fernandez Gimenez,1,9.3,556.0,5.0,1.0,1.0,1.0,2.0,2.0,3.0,0.0,0.0,0.0,0.0,0.0,1.0,2.0,0.0,0.0,0.0,5.0,0.0,-2.0,5.0,83.3,83.3,66.7,0.0,2.0,1.5,0.0,0.0,0.0,0.0,20.8,0.0,0.0,40.0,22.1
2509215,7,984930,BAXI MANRESA,HOME,2077155,M. Gaspa Ibañez,M. Gaspa Ibañez,0,30.0,1800.0,8.0,4.0,5.0,0.0,4.0,4.0,9.0,0.0,0.0,2.0,4.0,6.0,4.0,2.0,2.0,0.0,0.0,3.0,4.0,14.0,8.0,44.4,44.4,44.4,0.0,1.6,0.0,0.0,7.8,14.0,11.1,17.2,3.2,0.0,18.2,15.0
2509215,7,984930,BAXI MANRESA,HOME,2738788,L. Bergseng,L. Bergseng,0,15.1,905.0,4.0,2.0,5.0,0.0,0.0,2.0,5.0,0.0,0.0,1.0,4.0,5.0,1.0,4.0,0.0,0.0,0.0,3.0,0.0,0.0,-10.0,40.0,40.0,0.0,0.0,0.8,0.0,0.0,7.8,27.9,18.4,8.6,0.0,0.0,44.4,24.5
2509215,7,984930,BAXI MANRESA,HOME,2295371,G. Ecker Alberti,G. Ecker Alberti,0,7.3,440.0,4.0,1.0,1.0,0.0,2.0,1.0,3.0,2.0,2.0,0.0,2.0,2.0,0.0,0.0,2.0,0.0,0.0,1.0,1.0,6.0,10.0,51.5,33.3,66.7,66.7,2.0,0.0,2.0,0.0,28.8,15.2,0.0,13.3,0.0,0.0,21.8
2509215,7,984930,BAXI MANRESA,HOME,2153495,J. Salo Blaya,J. Salo Blaya,0,14.1,847.0,4.0,2.0,2.0,0.0,0.0,2.0,2.0,0.0,0.0,2.0,1.0,3.0,0.0,2.0,1.0,0.0,0.0,3.0,0.0,3.0,0.0,100.0,100.0,0.0,0.0,2.0,0.0,0.0,16.7,7.5,11.8,0.0,3.4,0.0,50.0,11.6
2509215,7,984930,BAXI MANRESA,HOME,2081670,G. Naspler Perez,G. Naspler Perez,1,23.6,1416.0,10.0,2.0,5.0,1.0,3.0,3.0,8.0,3.0,3.0,3.0,0.0,3.0,1.0,2.0,0.0,1.0,0.0,3.0,5.0,10.0,6.0,53.6,43.8,37.5,37.5,0.8,1.0,0.6,15.0,0.0,7.1,5.7,0.0,4.6,17.7,19.7
2509215,7,984930,BAXI MANRESA,HOME,2150510,J. Pumarola Aguilar,J. Pumarola Aguilar,1,29.1,1743.0,16.0,5.0,8.0,2.0,5.0,7.0,13.0,0.0,1.0,4.0,0.0,4.0,1.0,3.0,1.0,2.0,1.0,2.0,3.0,15.0,33.0,59.5,61.5,38.5,7.7,1.2,1.2,0.3,16.2,0.0,7.6,6.0,1.7,7.4,18.2,23.2
2509215,7,984930,BAXI MANRESA,HOME,2334297,L. Sanchez Fernandez,L. Sanchez Fernandez,1,22.9,1376.0,14.0,5.0,6.0,0.0,1.0,5.0,7.0,4.0,7.0,1.0,4.0,5.0,5.0,1.0,0.0,0.0,0.0,1.0,5.0,22.0,17.0,69.4,71.4,14.3,100.0,1.7,0.0,1.4,5.1,18.4,12.1,32.5,0.0,0.0,9.0,19.9
2509215,7,984930,BAXI MANRESA,HOME,2145902,F. Torreblanca Catalan,F. Torreblanca Catalan,1,13.6,816.0,9.0,0.0,0.0,3.0,6.0,3.0,6.0,0.0,0.0,0.0,2.0,2.0,5.0,1.0,1.0,0.0,0.0,1.0,1.0,13.0,12.0,75.0,75.0,100.0,0.0,0.0,1.5,0.0,0.0,15.5,8.2,69.4,3.6,0.0,14.3,21.1
2509215,7,984930,BAXI MANRESA,HOME,2815468,S. Lederman,S. Lederman,0,6.5,389.0,3.0,0.0,0.0,1.0,1.0,1.0,1.0,0.0,0.0,0.0,2.0,2.0,0.0,3.0,0.0,0.0,0.0,2.0,0.0,0.0,3.0,150.0,150.0,100.0,0.0,0.0,3.0,0.0,0.0,32.4,17.1,0.0,0.0,0.0,75.0,25.3
2509215,7,984791,BURGOS GRUPO DE SANTIAGO,AWAY,2535384,M. Bella Cabañas,M. Bella Cabañas,1,29.8,1786.0,12.0,5.0,8.0,0.0,3.0,5.0,11.0,2.0,2.0,4.0,3.0,7.0,3.0,4.0,3.0,0.0,0.0,3.0,1.0,13.0,-8.0,50.5,45.5,27.3,18.2,1.2,0.0,2.0,14.1,11.8,13.0,24.0,4.8,0.0,25.2,22.1
2509215,7,984791,BURGOS GRUPO DE SANTIAGO,AWAY,2661261,R. Rodriguez,R. Rodriguez,1,26.3,1579.0,14.0,5.0,10.0,0.0,2.0,5.0,12.0,4.0,6.0,0.0,3.0,3.0,2.0,3.0,2.0,0.0,1.0,5.0,4.0,8.0,-9.0,47.8,41.7,16.7,50.0,1.0,0.0,1.5,0.0,13.4,6.3,16.0,3.6,0.0,17.0,27.9
2509215,7,984791,BURGOS GRUPO DE SANTIAGO,AWAY,2162563,A. Laso Careaga,A. Laso Careaga,0,25.8,1546.0,5.0,1.0,2.0,1.0,3.0,2.0,5.0,0.0,2.0,0.0,2.0,2.0,0.0,2.0,0.0,0.0,0.0,2.0,5.0,3.0,-23.0,42.5,50.0,60.0,40.0,1.0,1.0,0.4,0.0,9.1,4.3,0.0,0.0,0.0,25.4,12.7
2509215,7,984791,BURGOS GRUPO DE SANTIAGO,AWAY,2103560,A. Reyes Abad,A. Reyes Abad,1,18.8,1129.0,4.0,1.0,2.0,0.0,1.0,1.0,3.0,2.0,2.0,1.0,4.0,5.0,0.0,1.0,0.0,3.0,0.0,2.0,1.0,8.0,-18.0,51.5,33.3,33.3,66.7,1.0,0.0,2.0,5.6,25.0,14.8,0.0,0.0,17.3,20.5,10.8
2509215,7,984791,BURGOS GRUPO DE SANTIAGO,AWAY,2690845,F. Nuñez,F. Nuñez,1,29.5,1769.0,12.0,1.0,4.0,3.0,7.0,4.0,11.0,1.0,6.0,1.0,0.0,1.0,2.0,3.0,5.0,0.0,1.0,0.0,7.0,12.0,-6.0,44.0,50.0,63.6,54.5,0.5,1.3,0.9,3.6,0.0,1.9,14.8,8.1,0.0,18.0,23.4
2509215,7,984791,BURGOS GRUPO DE SANTIAGO,AWAY,2045029,D. Rodriguez Ramos,D. Rodriguez Ramos,0,26.7,1600.0,11.0,4.0,4.0,0.0,4.0,4.0,8.0,3.0,6.0,5.0,4.0,9.0,0.0,2.0,0.0,0.0,0.0,1.0,3.0,13.0,-20.0,51.7,50.0,50.0,75.0,2.0,0.0,2.0,19.7,17.6,18.7,0.0,0.0,0.0,15.8,19.7
2509215,7,984791,BURGOS GRUPO DE SANTIAGO,AWAY,2220551,M. Garcia Varona,M. Garcia Varona,0,6.6,396.0,2.0,1.0,1.0,0.0,0.0,1.0,1.0,0.0,0.0,1.0,0.0,1.0,0.0,0.0,0.0,0.0,0.0,1.0,1.0,3.0,0.0,100.0,100.0,0.0,0.0,2.0,0.0,0.0,15.9,0.0,8.4,0.0,0.0,0.0,0.0,6.3
2509215,7,984791,BURGOS GRUPO DE SANTIAGO,AWAY,2210291,E. Franco Sanz,E. Franco Sanz,0,10.0,602.0,0.0,0.0,1.0,0.0,0.0,0.0,1.0,0.0,0.0,1.0,3.0,4.0,1.0,3.0,0.0,0.0,1.0,3.0,0.0,-2.0,-2.0,0.0,0.0,0.0,0.0,0.0,0.0,0.0,10.5,35.3,22.2,20.0,0.0,0.0,75.0,16.6
2509215,7,984791,BURGOS GRUPO DE SANTIAGO,AWAY,2610623,L. Krispin,L. Krispin,1,26.6,1593.0,11.0,0.0,5.0,3.0,6.0,3.0,11.0,2.0,4.0,1.0,1.0,2.0,0.0,3.0,0.0,0.0,0.0,4.0,3.0,-1.0,-9.0,43.1,40.9,54.5,36.4,0.0,1.5,1.3,4.0,4.4,4.2,0.0,0.0,0.0,19.0,24.6
2509216,8,984928,BARÇA ATLÈTIC,HOME,2642172,J. Siftar,J. Siftar,0,18.7,1120.0,8.0,1.0,4.0,1.0,4.0,2.0,8.0,3.0,3.0,0.0,2.0,2.0,0.0,2.0,0.0,1.0,0.0,4.0,5.0,4.0,-13.0,42.9,31.2,50.0,37.5,0.5,0.8,0.6,0.0,11.6,5.9,0.0,0.0,5.0,17.7,25.8
2509216,8,984928,BARÇA ATLÈTIC,HOME,2647995,M. Keita,M. Keita,0,7.1,424.0,3.0,1.0,3.0,0.0,0.0,1.0,3.0,1.0,1.0,3.0,2.0,5.0,0.0,1.0,0.0,0.0,1.0,4.0,1.0,2.0,-6.0,43.6,33.3,0.0,33.3,0.7,0.0,1.0,48.3,30.5,39.1,0.0,0.0,0.0,22.5,26.6
2509216,8,984928,BARÇA ATLÈTIC,HOME,2082056,N. Poza Cervantes,N. Poza Cervantes,1,28.2,1692.0,5.0,1.0,1.0,1.0,7.0,2.0,8.0,0.0,0.0,0.0,2.0,2.0,6.0,1.0,2.0,0.0,1.0,3.0,1.0,6.0,5.0,31.2,31.2,87.5,0.0,2.0,0.4,0.0,0.0,7.7,3.9,37.0,3.4,0.0,11.1,13.6
2509216,8,984928,BARÇA ATLÈTIC,HOME,2256034,J. Cerdan Palacios,J. Cerdan Palacios,0,14.6,873.0,6.0,3.0,4.0,0.0,1.0,3.0,5.0,0.0,0.0,1.0,1.0,2.0,1.0,1.0,1.0,0.0,0.0,1.0,0.0,6.0,1.0,60.0,60.0,20.0,0.0,1.5,0.0,0.0,7.8,7.4,7.6,13.5,3.3,0.0,16.7,17.5
2509216,8,984928,BARÇA ATLÈTIC,HOME,2550554,S. Keita,S. Keita,1,17.5,1049.0,8.0,4.0,6.0,0.0,0.0,4.0,6.0,0.0,1.0,3.0,0.0,3.0,0.0,0.0,0.0,1.0,1.0,1.0,2.0,10.0,8.0,62.1,66.7,0.0,16.7,1.3,0.0,0.5,19.6,0.0,9.5,0.0,0.0,5.3,0.0,15.7
2509216,8,984928,BARÇA ATLÈTIC,HOME,2561463,D. Ferreras Camarero,D. Ferreras Camarero,1,21.4,1286.0,15.0,4.0,7.0,2.0,7.0,6.0,14.0,1.0,4.0,0.0,0.0,0.0,0.0,4.0,2.0,0.0,0.0,3.0,3.0,2.0,7.0,47.6,50.0,50.0,28.6,1.1,0.9,1.3,0.0,0.0,0.0,0.0,4.5,0.0,20.2,39.3
2509216,8,984928,BARÇA ATLÈTIC,HOME,2166517,D. Gonzalez Castro,D. Gonzalez Castro,1,27.1,1623.0,2.0,0.0,1.0,0.0,2.0,0.0,3.0,2.0,2.0,0.0,2.0,2.0,4.0,0.0,1.0,0.0,0.0,2.0,2.0,6.0,-3.0,25.8,0.0,66.7,66.7,0.0,0.0,1.0,0.0,8.0,4.1,22.0,1.8,0.0,0.0,6.1
2509216,8,984928,BARÇA ATLÈTIC,HOME,2218824,O. Filba Gonzalez,O. Filba Gonzalez,0,11.8,708.0,0.0,0.0,0.0,0.0,0.0,0.0,0.0,0.0,0.0,0.0,0.0,0.0,0.0,1.0,0.0,0.0,0.0,2.0,1.0,-2.0,-9.0,0.0,0.0,0.0,0.0,0.0,0.0,0.0,0.0,0.0,0.0,0.0,0.0,0.0,100.0,3.6
2509216,8,984928,BARÇA ATLÈTIC,HOME,2641337,J. Boumtje Boumtje,J. Boumtje Boumtje,1,32.4,1944.0,20.0,4.0,8.0,3.0,6.0,7.0,14.0,3.0,4.0,1.0,5.0,6.0,2.0,7.0,1.0,2.0,0.0,3.0,3.0,16.0,-3.0,63.5,60.7,42.9,28.6,1.0,1.5,1.3,3.5,16.7,10.3,14.5,1.5,5.7,30.8,29.9
2509216,8,984928,BARÇA ATLÈTIC,HOME,2642481,M. Dabone,M. Dabone,0,21.4,1281.0,5.0,1.0,4.0,0.0,2.0,1.0,6.0,3.0,3.0,1.0,9.0,10.0,1.0,2.0,1.0,3.0,0.0,2.0,2.0,13.0,-7.0,34.2,16.7,33.3,50.0,0.5,0.0,1.5,5.3,45.5,26.0,8.3,2.2,13.0,21.5,18.5
2509216,8,984792,REAL MADRID,AWAY,2480762,G. Grinvalds,G. Grinvalds,1,11.8,711.0,5.0,1.0,2.0,1.0,1.0,2.0,3.0,0.0,0.0,2.0,0.0,2.0,1.0,1.0,1.0,0.0,0.0,5.0,0.0,2.0,2.0,83.3,83.3,33.3,0.0,1.0,3.0,0.0,18.3,0.0,9.4,20.4,4.0,0.0,25.0,13.9
2509216,8,984792,REAL MADRID,AWAY,2094410,H. Alonso Martinez,H. Alonso Martinez,1,27.1,1628.0,6.0,0.0,3.0,0.0,2.0,0.0,5.0,6.0,6.0,0.0,2.0,2.0,2.0,5.0,0.0,0.0,1.0,2.0,6.0,4.0,4.0,39.3,0.0,40.0,120.0,0.0,0.0,1.0,0.0,8.4,4.1,12.4,0.0,0.0,39.6,19.1
2509216,8,984792,REAL MADRID,AWAY,2735493,F. Kayser,F. Kayser,0,18.4,1102.0,5.0,0.0,0.0,1.0,1.0,1.0,1.0,2.0,2.0,0.0,1.0,1.0,3.0,2.0,0.0,0.0,0.0,1.0,1.0,7.0,6.0,133.0,150.0,100.0,200.0,0.0,3.0,2.0,0.0,6.2,3.0,28.6,0.0,0.0,51.5,8.6
2509216,8,984792,REAL MADRID,AWAY,2286044,I. Ruperez Nuñez-Morgades,I. Ruperez Nuñez-Morgades,0,20.1,1205.0,9.0,3.0,5.0,0.0,2.0,3.0,7.0,3.0,3.0,2.0,0.0,2.0,0.0,1.0,2.0,0.0,0.0,1.0,4.0,11.0,-1.0,54.1,42.9,28.6,42.9,1.2,0.0,0.8,10.8,0.0,5.5,0.0,4.7,0.0,10.7,19.0
2509216,8,984792,REAL MADRID,AWAY,2662049,A. Bjelic,A. Bjelic,1,34.8,2088.0,6.0,0.0,5.0,1.0,7.0,1.0,12.0,3.0,6.0,0.0,4.0,4.0,3.0,1.0,1.0,0.0,1.0,3.0,3.0,-1.0,9.0,20.5,12.5,58.3,50.0,0.0,0.4,2.0,0.0,13.1,6.4,15.2,1.4,0.0,6.4,18.4
2509216,8,984792,REAL MADRID,AWAY,2029762,D. Krohnert Moto,D. Krohnert Moto,0,0.3,20.0,0.0,0.0,0.0,0.0,0.0,0.0,0.0,0.0,0.0,0.0,0.0,0.0,0.0,0.0,0.0,0.0,0.0,0.0,0.0,0.0,-3.0,0.0,0.0,0.0,0.0,0.0,0.0,0.0,0.0,0.0,0.0,0.0,0.0,0.0,0.0,0.0
2509216,8,984792,REAL MADRID,AWAY,2817763,E. Amosov,E. Amosov,1,34.1,2046.0,25.0,6.0,9.0,2.0,8.0,8.0,17.0,7.0,7.0,4.0,9.0,13.0,4.0,5.0,5.0,0.0,2.0,2.0,4.0,35.0,-1.0,62.3,52.9,47.1,41.2,1.3,0.8,1.8,12.7,30.2,21.2,31.5,6.9,0.0,19.9,30.1
2509216,8,984792,REAL MADRID,AWAY,2679004,O. Diarra,O. Diarra,1,22.0,1322.0,5.0,2.0,5.0,0.0,0.0,2.0,5.0,1.0,2.0,0.0,3.0,3.0,0.0,0.0,0.0,2.0,1.0,4.0,2.0,4.0,-6.0,42.5,40.0,0.0,40.0,0.8,0.0,1.0,0.0,15.6,7.6,0.0,0.0,9.6,0.0,10.9
2509216,8,984792,REAL MADRID,AWAY,2122875,I. Almansa Perez,I. Almansa Perez,0,31.3,1878.0,15.0,6.0,14.0,0.0,2.0,6.0,16.0,3.0,5.0,6.0,7.0,13.0,1.0,3.0,2.0,1.0,2.0,2.0,5.0,20.0,10.0,41.2,37.5,12.5,31.2,0.9,0.0,1.0,20.7,25.6,23.1,8.1,3.0,3.4,14.2,27.7
2509217,8,984927,CASADEMONT ZARAGOZA,HOME,2125634,J. Garcia Sanchez,J. Garcia Sanchez,1,25.6,1533.0,3.0,1.0,6.0,0.0,1.0,1.0,7.0,1.0,2.0,1.0,2.0,3.0,2.0,2.0,3.0,0.0,1.0,2.0,2.0,2.0,4.0,19.0,14.3,14.3,28.6,0.3,0.0,1.0,4.0,9.8,6.6,10.6,6.2,0.0,20.2,16.0
2509217,8,984927,CASADEMONT ZARAGOZA,HOME,2008960,A. Moreno Valero,A. Moreno Valero,0,24.4,1466.0,14.0,3.0,4.0,1.0,6.0,4.0,10.0,5.0,5.0,1.0,1.0,2.0,6.0,1.0,0.0,0.0,0.0,4.0,4.0,15.0,7.0,57.4,45.0,60.0,50.0,1.5,0.5,1.2,4.2,5.1,4.6,38.0,0.0,0.0,7.6,22.5
2509217,8,984927,CASADEMONT ZARAGOZA,HOME,2646355,M. Lukic,M. Lukic,1,21.6,1297.0,12.0,4.0,5.0,1.0,2.0,5.0,7.0,1.0,4.0,1.0,0.0,1.0,2.0,0.0,1.0,0.0,1.0,1.0,5.0,15.0,-6.0,68.5,78.6,28.6,57.1,1.6,1.5,0.8,4.7,0.0,2.6,17.4,2.4,0.0,0.0,16.9
2509217,8,984927,CASADEMONT ZARAGOZA,HOME,1975428,C. Alias Bermudez,C. Alias Bermudez,1,27.7,1663.0,6.0,3.0,8.0,0.0,1.0,3.0,9.0,0.0,2.0,3.0,4.0,7.0,7.0,3.0,0.0,0.0,0.0,3.0,2.0,8.0,-5.0,30.4,33.3,11.1,22.2,0.8,0.0,1.0,11.1,18.1,14.2,34.8,0.0,0.0,23.3,19.3
2509217,8,984927,CASADEMONT ZARAGOZA,HOME,2438847,A. Savkov,A. Savkov,0,16.9,1016.0,8.0,2.0,3.0,1.0,1.0,3.0,4.0,1.0,2.0,0.0,1.0,1.0,0.0,1.0,0.0,1.0,1.0,4.0,1.0,4.0,3.0,82.0,87.5,25.0,50.0,1.3,3.0,2.0,0.0,7.4,3.3,0.0,0.0,6.1,17.0,14.5
2509217,8,984927,CASADEMONT ZARAGOZA,HOME,2382632,A. Cativiela Aisa,A. Cativiela Aisa,0,15.8,945.0,5.0,1.0,3.0,0.0,0.0,1.0,3.0,3.0,4.0,3.0,3.0,6.0,0.0,1.0,0.0,0.0,0.0,2.0,3.0,8.0,11.0,52.5,33.3,0.0,133.3,0.7,0.0,1.3,19.5,23.7,21.4,0.0,0.0,0.0,17.4,15.2
2509217,8,984927,CASADEMONT ZARAGOZA,HOME,2073295,R. Valero Lopez,R. Valero Lopez,0,9.0,542.0,0.0,0.0,2.0,0.0,2.0,0.0,4.0,0.0,0.0,0.0,0.0,0.0,1.0,1.0,0.0,0.0,0.0,2.0,1.0,-5.0,-4.0,0.0,0.0,50.0,0.0,0.0,0.0,0.0,0.0,0.0,0.0,15.2,0.0,0.0,20.0,23.1
2509217,8,984927,CASADEMONT ZARAGOZA,HOME,2382801,J. Prieto Alejandre,J. Prieto Alejandre,0,3.8,227.0,0.0,0.0,0.0,0.0,0.0,0.0,0.0,0.0,0.0,1.0,1.0,2.0,0.0,0.0,0.0,0.0,0.0,1.0,0.0,1.0,-3.0,0.0,0.0,0.0,0.0,0.0,0.0,0.0,27.0,32.9,29.7,0.0,0.0,0.0,0.0,0.0
2509217,8,984927,CASADEMONT ZARAGOZA,HOME,2340834,Y. Traore,Y. Traore,1,28.1,1689.0,18.0,6.0,15.0,0.0,1.0,6.0,16.0,6.0,9.0,5.0,7.0,12.0,2.0,2.0,0.0,3.0,0.0,3.0,7.0,24.0,9.0,45.1,37.5,6.2,56.2,0.8,0.0,1.3,18.2,31.1,24.1,11.7,0.0,10.9,9.1,32.5
2509217,8,984927,CASADEMONT ZARAGOZA,HOME,2648124,A. Rodriguez Aguila,A. Rodriguez Aguila,1,18.7,1120.0,18.0,9.0,10.0,0.0,0.0,9.0,10.0,0.0,2.0,4.0,3.0,7.0,2.0,0.0,1.0,0.0,0.0,1.0,1.0,25.0,1.0,82.7,90.0,0.0,20.0,1.8,0.0,2.0,21.9,20.1,21.1,26.7,2.8,0.0,0.0,24.2
2509217,8,984927,CASADEMONT ZARAGOZA,HOME,2704549,K. Soumalia Salif,K. Soumalia Salif,0,8.4,502.0,2.0,1.0,2.0,0.0,0.0,1.0,2.0,0.0,0.0,0.0,0.0,0.0,0.0,0.0,1.0,0.0,0.0,4.0,0.0,-2.0,-2.0,50.0,50.0,0.0,0.0,1.0,0.0,0.0,0.0,0.0,0.0,0.0,6.2,0.0,0.0,9.9
2509217,8,984926,FUNDACIÓN CB CANARIAS,AWAY,2044955,X. Lopez Rodriguez,X. Lopez Rodriguez,1,33.7,2023.0,18.0,6.0,12.0,2.0,5.0,8.0,17.0,0.0,2.0,0.0,2.0,2.0,4.0,2.0,0.0,0.0,1.0,4.0,3.0,10.0,2.0,50.3,52.9,29.4,11.8,1.0,1.2,0.7,0.0,6.1,3.3,27.8,0.0,0.0,10.1,27.4
2509217,8,984926,FUNDACIÓN CB CANARIAS,AWAY,2734732,E. Prekevicius,E. Prekevicius,0,1.1,69.0,0.0,0.0,0.0,0.0,0.0,0.0,0.0,0.0,0.0,0.0,0.0,0.0,0.0,0.0,0.0,0.0,0.0,0.0,0.0,0.0,0.0,0.0,0.0,0.0,0.0,0.0,0.0,0.0,0.0,0.0,0.0,0.0,0.0,0.0,0.0,0.0
2509217,8,984926,FUNDACIÓN CB CANARIAS,AWAY,2444602,L. Riga,L. Riga,0,16.0,959.0,2.0,1.0,3.0,0.0,2.0,1.0,5.0,0.0,2.0,3.0,3.0,6.0,1.0,1.0,2.0,0.0,1.0,4.0,3.0,3.0,-3.0,17.0,20.0,40.0,40.0,0.7,0.0,0.7,23.4,19.2,21.1,9.8,6.5,0.0,14.5,20.0
2509217,8,984926,FUNDACIÓN CB CANARIAS,AWAY,2007163,D. Fernandez Trujillo,D. Fernandez Trujillo,0,14.9,897.0,5.0,0.0,0.0,1.0,3.0,1.0,3.0,2.0,2.0,0.0,0.0,0.0,2.0,0.0,1.0,0.0,0.0,3.0,1.0,4.0,-13.0,64.4,50.0,100.0,66.7,0.0,1.0,2.0,0.0,0.0,0.0,19.6,3.5,0.0,0.0,12.1
2509217,8,984926,FUNDACIÓN CB CANARIAS,AWAY,1856308,D. Acosta Moliné,D. Acosta Moliné,1,27.0,1618.0,14.0,6.0,7.0,0.0,0.0,6.0,7.0,2.0,8.0,4.0,6.0,10.0,1.0,3.0,0.0,1.0,0.0,3.0,4.0,17.0,-6.0,66.5,85.7,0.0,114.3,1.7,0.0,2.0,18.5,22.8,20.9,7.4,0.0,2.6,22.2,23.2
2509217,8,984926,FUNDACIÓN CB CANARIAS,AWAY,2829962,D. Bordón Dri,D. Bordón Dri,1,38.2,2290.0,22.0,2.0,7.0,4.0,8.0,6.0,15.0,6.0,6.0,1.0,1.0,2.0,9.0,1.0,1.0,0.0,1.0,2.0,7.0,29.0,-3.0,62.4,53.3,53.3,40.0,0.6,1.5,0.9,3.3,2.7,2.9,40.9,1.4,0.0,5.4,22.6
2509217,8,984926,FUNDACIÓN CB CANARIAS,AWAY,2476064,B. Lipasi Yitu,B. Lipasi Yitu,0,14.4,864.0,5.0,1.0,2.0,0.0,0.0,1.0,2.0,3.0,4.0,1.0,2.0,3.0,0.0,1.0,1.0,1.0,0.0,5.0,2.0,4.0,1.0,66.5,50.0,0.0,200.0,1.0,0.0,2.0,8.7,14.2,11.7,0.0,3.6,4.8,21.0,15.3
2509217,8,984926,FUNDACIÓN CB CANARIAS,AWAY,2181003,R. Rodriguez Galvan,R. Rodriguez Galvan,1,27.3,1639.0,5.0,0.0,0.0,1.0,5.0,1.0,5.0,2.0,2.0,0.0,1.0,1.0,0.0,1.0,1.0,0.0,0.0,2.0,4.0,4.0,2.0,42.5,30.0,100.0,40.0,0.0,0.6,0.5,0.0,3.8,2.1,0.0,1.9,0.0,14.5,11.7
2509217,8,984926,FUNDACIÓN CB CANARIAS,AWAY,2470375,M. Sangare,M. Sangare,1,21.6,1297.0,10.0,2.0,6.0,1.0,2.0,3.0,8.0,3.0,4.0,1.0,3.0,4.0,0.0,0.0,0.0,1.0,1.0,3.0,3.0,9.0,1.0,51.2,43.8,25.0,50.0,0.7,1.5,1.3,5.8,14.2,10.4,0.0,0.0,3.2,0.0,21.0
2509217,8,984926,FUNDACIÓN CB CANARIAS,AWAY,2137337,A. Perez Lopez,A. Perez Lopez,0,3.4,202.0,0.0,0.0,0.0,0.0,0.0,0.0,0.0,0.0,0.0,0.0,0.0,0.0,0.0,0.0,0.0,0.0,0.0,0.0,0.0,0.0,2.0,0.0,0.0,0.0,0.0,0.0,0.0,0.0,0.0,0.0,0.0,0.0,0.0,0.0,0.0,0.0
2509217,8,984926,FUNDACIÓN CB CANARIAS,AWAY,2362551,E. Lima Teixeira,E. Lima Teixeira,0,2.4,142.0,2.0,1.0,2.0,0.0,0.0,1.0,2.0,0.0,0.0,0.0,2.0,2.0,0.0,0.0,0.0,0.0,0.0,0.0,0.0,3.0,2.0,50.0,50.0,0.0,0.0,1.0,0.0,0.0,0.0,85.5,46.9,0.0,0.0,0.0,0.0,38.7
2509218,8,984929,JOVENTUT BADALONA,HOME,2081709,E. Del Castillo Lindo,E. Del Castillo Lindo,1,23.3,1397.0,7.0,2.0,3.0,1.0,4.0,3.0,7.0,0.0,0.0,0.0,3.0,3.0,4.0,3.0,1.0,0.0,1.0,2.0,0.0,6.0,-1.0,50.0,50.0,57.1,0.0,1.3,0.8,0.0,0.0,16.6,7.7,30.3,2.1,0.0,30.0,18.7
2509218,8,984929,JOVENTUT BADALONA,HOME,2081017,M. Julia Del Pozo,M. Julia Del Pozo,0,20.1,1203.0,9.0,1.0,1.0,1.0,1.0,2.0,2.0,4.0,4.0,1.0,2.0,3.0,0.0,4.0,1.0,0.0,0.0,0.0,4.0,13.0,-6.0,119.7,125.0,50.0,200.0,2.0,3.0,1.0,5.5,12.8,8.9,0.0,2.5,0.0,51.5,16.8
2509218,8,984929,JOVENTUT BADALONA,HOME,2156562,R. Torras Ferrer,R. Torras Ferrer,0,14.2,849.0,3.0,0.0,3.0,1.0,2.0,1.0,5.0,0.0,2.0,1.0,0.0,1.0,1.0,2.0,1.0,0.0,1.0,2.0,1.0,-3.0,-3.0,25.5,30.0,40.0,40.0,0.0,1.5,2.0,7.8,0.0,4.2,10.2,3.5,0.0,25.4,24.2
2509218,8,984929,JOVENTUT BADALONA,HOME,2845979,M. Buben,M. Buben,0,16.5,991.0,2.0,0.0,3.0,0.0,1.0,0.0,4.0,2.0,4.0,4.0,2.0,6.0,1.0,0.0,1.0,0.0,0.0,1.0,3.0,6.0,-17.0,17.4,0.0,25.0,100.0,0.0,0.0,1.3,26.9,15.6,21.7,9.3,3.0,0.0,0.0,15.2
2509218,8,984929,JOVENTUT BADALONA,HOME,2241509,H. Ruiz Zamorano,H. Ruiz Zamorano,0,19.8,1188.0,5.0,0.0,2.0,1.0,3.0,1.0,5.0,2.0,2.0,0.0,1.0,1.0,2.0,1.0,1.0,0.0,0.0,1.0,2.0,5.0,-21.0,42.5,30.0,60.0,40.0,0.0,1.0,1.0,0.0,6.5,3.0,16.0,2.5,0.0,14.5,15.1
2509218,8,984929,JOVENTUT BADALONA,HOME,2023675,A. Torres De La Torre,A. Torres De La Torre,1,34.5,2068.0,15.0,4.0,5.0,2.0,6.0,6.0,11.0,1.0,2.0,1.0,4.0,5.0,2.0,4.0,4.0,1.0,0.0,1.0,3.0,19.0,-7.0,63.1,63.6,54.5,18.2,1.6,1.0,0.7,3.2,15.0,8.7,10.9,5.7,2.8,25.2,20.1
2509218,8,984929,JOVENTUT BADALONA,HOME,1943849,F. Mauri Guillen,F. Mauri Guillen,1,19.9,1197.0,12.0,1.0,3.0,3.0,7.0,4.0,10.0,1.0,2.0,1.0,1.0,2.0,3.0,3.0,2.0,0.0,0.0,4.0,2.0,7.0,-9.0,55.1,55.0,70.0,20.0,0.7,1.3,1.0,5.6,6.5,6.0,31.6,5.0,0.0,21.6,30.4
2509218,8,984929,JOVENTUT BADALONA,HOME,2535717,K. Macías Book,K. Macías Book,1,29.0,1741.0,12.0,6.0,12.0,0.0,0.0,6.0,12.0,0.0,0.0,5.0,7.0,12.0,0.0,2.0,0.0,1.0,1.0,3.0,0.0,14.0,-6.0,50.0,50.0,0.0,0.0,1.0,0.0,0.0,19.2,31.1,24.7,0.0,0.0,3.4,14.3,21.0
2509218,8,984929,JOVENTUT BADALONA,HOME,2528952,D. Niebla Santos,D. Niebla Santos,1,22.8,1366.0,9.0,4.0,8.0,0.0,0.0,4.0,8.0,1.0,4.0,1.0,2.0,3.0,0.0,0.0,2.0,0.0,0.0,4.0,4.0,7.0,-5.0,46.1,50.0,0.0,50.0,1.0,0.0,1.0,4.9,11.3,7.9,0.0,4.3,0.0,0.0,18.7
2509218,8,984791,BURGOS GRUPO DE SANTIAGO,AWAY,2535384,M. Bella Cabañas,M. Bella Cabañas,1,27.6,1653.0,10.0,4.0,8.0,0.0,3.0,4.0,11.0,2.0,4.0,2.0,3.0,5.0,4.0,2.0,0.0,0.0,0.0,2.0,4.0,10.0,-2.0,39.2,36.4,27.3,36.4,1.0,0.0,1.0,9.4,12.1,10.8,20.2,0.0,0.0,13.6,23.8
2509218,8,984791,BURGOS GRUPO DE SANTIAGO,AWAY,2661261,R. Rodriguez,R. Rodriguez,1,28.5,1710.0,15.0,3.0,6.0,2.0,3.0,5.0,9.0,3.0,4.0,1.0,3.0,4.0,7.0,5.0,4.0,0.0,1.0,3.0,4.0,21.0,2.0,69.7,66.7,33.3,44.4,1.0,2.0,1.0,4.5,11.7,8.4,37.2,7.2,0.0,31.7,24.6
2509218,8,984791,BURGOS GRUPO DE SANTIAGO,AWAY,2436134,A. Traore,A. Traore,1,23.4,1402.0,8.0,2.0,2.0,1.0,1.0,3.0,3.0,1.0,2.0,3.0,3.0,6.0,1.0,1.0,4.0,1.0,0.0,2.0,2.0,18.0,8.0,103.1,116.7,33.3,66.7,2.0,3.0,1.0,16.5,14.2,15.3,5.7,8.8,4.3,20.5,9.3
2509218,8,984791,BURGOS GRUPO DE SANTIAGO,AWAY,2162563,A. Laso Careaga,A. Laso Careaga,0,23.3,1397.0,4.0,2.0,3.0,0.0,3.0,2.0,6.0,0.0,0.0,0.0,3.0,3.0,8.0,2.0,1.0,0.0,0.0,4.0,0.0,6.0,8.0,33.3,33.3,50.0,0.0,1.3,0.0,0.0,0.0,14.3,7.7,43.5,2.2,0.0,25.0,15.3
2509218,8,984791,BURGOS GRUPO DE SANTIAGO,AWAY,2228400,M. Perez Gundin,M. Perez Gundin,0,4.2,254.0,0.0,0.0,0.0,0.0,0.0,0.0,0.0,0.0,0.0,0.0,0.0,0.0,1.0,0.0,0.0,0.0,0.0,0.0,0.0,1.0,-7.0,0.0,0.0,0.0,0.0,0.0,0.0,0.0,0.0,0.0,0.0,29.4,0.0,0.0,0.0,0.0
2509218,8,984791,BURGOS GRUPO DE SANTIAGO,AWAY,2103560,A. Reyes Abad,A. Reyes Abad,1,21.1,1267.0,1.0,0.0,1.0,0.0,2.0,0.0,3.0,1.0,2.0,0.0,2.0,2.0,2.0,1.0,2.0,0.0,0.0,2.0,1.0,1.0,6.0,12.9,0.0,66.7,66.7,0.0,0.0,2.0,0.0,10.5,5.7,11.8,4.9,0.0,20.5,10.3
2509218,8,984791,BURGOS GRUPO DE SANTIAGO,AWAY,2690845,F. Nuñez,F. Nuñez,0,18.9,1134.0,18.0,4.0,6.0,3.0,5.0,7.0,11.0,1.0,2.0,0.0,3.0,3.0,0.0,0.0,2.0,0.0,0.0,1.0,2.0,19.0,24.0,75.8,77.3,45.5,18.2,1.3,1.8,1.0,0.0,17.6,9.5,0.0,5.4,0.0,0.0,28.0
2509218,8,984791,BURGOS GRUPO DE SANTIAGO,AWAY,2045029,D. Rodriguez Ramos,D. Rodriguez Ramos,0,14.1,844.0,2.0,1.0,2.0,0.0,3.0,1.0,5.0,0.0,0.0,1.0,1.0,2.0,0.0,0.0,0.0,2.0,0.0,2.0,0.0,0.0,4.0,20.0,20.0,60.0,0.0,1.0,0.0,0.0,9.2,7.9,8.5,0.0,0.0,14.2,0.0,15.8
2509218,8,984791,BURGOS GRUPO DE SANTIAGO,AWAY,2220551,M. Garcia Varona,M. Garcia Varona,0,1.9,111.0,0.0,0.0,0.0,0.0,0.0,0.0,0.0,0.0,0.0,1.0,0.0,1.0,0.0,0.0,0.0,0.0,0.0,0.0,0.0,1.0,0.0,0.0,0.0,0.0,0.0,0.0,0.0,0.0,67.9,0.0,31.4,0.0,0.0,0.0,0.0,0.0
2509218,8,984791,BURGOS GRUPO DE SANTIAGO,AWAY,2210291,E. Franco Sanz,E. Franco Sanz,0,15.7,943.0,13.0,5.0,7.0,0.0,0.0,5.0,7.0,3.0,4.0,0.0,2.0,2.0,0.0,1.0,2.0,0.0,0.0,1.0,5.0,17.0,11.0,74.2,71.4,0.0,57.1,1.4,0.0,0.8,0.0,14.2,7.6,0.0,6.5,0.0,10.2,27.7
2509218,8,984791,BURGOS GRUPO DE SANTIAGO,AWAY,2610623,L. Krispin,L. Krispin,1,21.4,1285.0,18.0,3.0,6.0,4.0,7.0,7.0,13.0,0.0,0.0,1.0,2.0,3.0,1.0,2.0,2.0,0.0,1.0,2.0,0.0,14.0,21.0,69.2,69.2,53.8,0.0,1.0,1.7,0.0,6.0,10.4,8.4,10.0,4.8,0.0,13.3,31.2
2509219,8,984930,BAXI MANRESA,HOME,2739297,I. Francisco,I. Francisco,1,17.2,1030.0,2.0,0.0,0.0,0.0,2.0,0.0,2.0,2.0,2.0,0.0,2.0,2.0,6.0,2.0,0.0,0.0,0.0,1.0,3.0,8.0,0.0,34.7,0.0,100.0,100.0,0.0,0.0,0.7,0.0,16.0,7.0,50.0,0.0,0.0,41.0,13.0
2509219,8,984930,BAXI MANRESA,HOME,1959173,M. Rosell Lanza,M. Rosell Lanza,1,24.2,1451.0,6.0,0.0,1.0,2.0,7.0,2.0,8.0,0.0,0.0,1.0,0.0,1.0,1.0,0.0,2.0,0.0,0.0,2.0,0.0,2.0,-17.0,37.5,37.5,87.5,0.0,0.0,0.9,0.0,4.5,0.0,2.5,6.2,4.0,0.0,0.0,15.2
2509219,8,984930,BAXI MANRESA,HOME,2077155,M. Gaspa Ibañez,M. Gaspa Ibañez,1,25.5,1532.0,22.0,6.0,9.0,2.0,5.0,8.0,14.0,4.0,4.0,1.0,1.0,2.0,4.0,3.0,1.0,0.0,0.0,2.0,5.0,23.0,-2.0,69.8,64.3,35.7,28.6,1.3,1.2,0.8,4.2,5.4,4.8,40.0,1.9,0.0,16.0,33.8
2509219,8,984930,BAXI MANRESA,HOME,2528977,B. Jekabsons,B. Jekabsons,0,10.1,606.0,0.0,0.0,0.0,0.0,0.0,0.0,0.0,0.0,0.0,0.0,0.0,0.0,0.0,1.0,2.0,0.0,0.0,1.0,0.0,0.0,-7.0,0.0,0.0,0.0,0.0,0.0,0.0,0.0,0.0,0.0,0.0,0.0,9.7,0.0,100.0,4.6
2509219,8,984930,BAXI MANRESA,HOME,2738788,L. Bergseng,L. Bergseng,1,27.1,1625.0,14.0,7.0,11.0,0.0,4.0,7.0,15.0,0.0,0.0,0.0,6.0,6.0,0.0,2.0,1.0,1.0,0.0,1.0,0.0,11.0,-14.0,46.7,46.7,26.7,0.0,1.3,0.0,0.0,0.0,30.5,13.4,0.0,1.8,3.0,11.8,28.8
2509219,8,984930,BAXI MANRESA,HOME,2295371,G. Ecker Alberti,G. Ecker Alberti,0,17.4,1047.0,6.0,0.0,1.0,2.0,5.0,2.0,6.0,0.0,0.0,0.0,2.0,2.0,0.0,2.0,0.0,0.0,1.0,3.0,0.0,-1.0,-17.0,50.0,50.0,83.3,0.0,0.0,1.2,0.0,0.0,15.9,7.0,0.0,0.0,0.0,25.0,21.1
2509219,8,984930,BAXI MANRESA,HOME,2153495,J. Salo Blaya,J. Salo Blaya,0,22.6,1353.0,2.0,1.0,2.0,0.0,1.0,1.0,3.0,0.0,2.0,2.0,3.0,5.0,1.0,0.0,2.0,0.0,0.0,2.0,2.0,6.0,-13.0,25.8,33.3,33.3,66.7,1.0,0.0,1.0,9.6,18.3,13.4,5.9,4.3,0.0,0.0,7.9
2509219,8,984930,BAXI MANRESA,HOME,2081670,G. Naspler Perez,G. Naspler Perez,1,21.0,1262.0,9.0,3.0,3.0,0.0,2.0,3.0,5.0,3.0,4.0,2.0,1.0,3.0,0.0,0.0,3.0,0.0,0.0,5.0,5.0,12.0,9.0,66.6,60.0,40.0,80.0,2.0,0.0,0.8,10.3,6.6,8.7,0.0,7.0,0.0,0.0,14.8
2509219,8,984930,BAXI MANRESA,HOME,2334297,L. Sanchez Fernandez,L. Sanchez Fernandez,0,22.2,1334.0,12.0,4.0,8.0,1.0,2.0,5.0,10.0,1.0,4.0,0.0,3.0,3.0,3.0,1.0,0.0,0.0,0.0,2.0,4.0,11.0,-14.0,51.0,55.0,20.0,40.0,1.0,1.5,1.0,0.0,18.6,8.2,23.1,0.0,0.0,7.8,26.4
2509219,8,984930,BAXI MANRESA,HOME,2353230,M. Ndiaye,M. Ndiaye,0,3.5,207.0,0.0,0.0,0.0,0.0,0.0,0.0,0.0,0.0,0.0,1.0,0.0,1.0,0.0,1.0,0.0,0.0,0.0,0.0,1.0,1.0,1.0,0.0,0.0,0.0,0.0,0.0,0.0,0.0,30.9,0.0,17.3,0.0,0.0,0.0,100.0,13.1
2509219,8,984930,BAXI MANRESA,HOME,2815468,S. Lederman,S. Lederman,0,9.2,553.0,4.0,2.0,4.0,0.0,1.0,2.0,5.0,0.0,0.0,2.0,0.0,2.0,0.0,0.0,0.0,0.0,0.0,2.0,0.0,1.0,-11.0,40.0,40.0,20.0,0.0,1.0,0.0,0.0,23.5,0.0,13.2,0.0,0.0,0.0,0.0,25.0
2509219,8,984923,GRAN CANARIA,AWAY,2441048,E. Heinonen,E. Heinonen,1,27.6,1659.0,4.0,1.0,5.0,0.0,4.0,1.0,9.0,2.0,2.0,1.0,3.0,4.0,6.0,2.0,0.0,0.0,0.0,4.0,3.0,3.0,7.0,20.2,11.1,44.4,22.2,0.4,0.0,0.7,5.0,11.8,8.8,26.3,0.0,0.0,16.8,18.6
2509219,8,984923,GRAN CANARIA,AWAY,2044256,J. Arteaga Giner,J. Arteaga Giner,0,10.2,610.0,6.0,0.0,0.0,2.0,2.0,2.0,2.0,0.0,0.0,0.0,3.0,3.0,1.0,0.0,0.0,0.0,0.0,0.0,0.0,10.0,9.0,150.0,150.0,100.0,0.0,0.0,3.0,0.0,0.0,31.8,17.8,12.2,0.0,0.0,0.0,8.5
2509219,8,984923,GRAN CANARIA,AWAY,2033475,M. Oliver Gracia,M. Oliver Gracia,0,7.6,454.0,0.0,0.0,0.0,0.0,0.0,0.0,0.0,0.0,0.0,0.0,0.0,0.0,1.0,0.0,0.0,0.0,0.0,3.0,0.0,-2.0,10.0,0.0,0.0,0.0,0.0,0.0,0.0,0.0,0.0,0.0,0.0,14.7,0.0,0.0,0.0,0.0
2509219,8,984923,GRAN CANARIA,AWAY,1885980,F. Díaz Herrera,F. Díaz Herrera,0,20.2,1212.0,6.0,3.0,3.0,0.0,0.0,3.0,3.0,0.0,0.0,0.0,2.0,2.0,4.0,2.0,1.0,0.0,0.0,2.0,2.0,11.0,11.0,100.0,100.0,0.0,0.0,2.0,0.0,0.0,0.0,10.7,6.0,28.6,2.5,0.0,40.0,10.7
2509219,8,984923,GRAN CANARIA,AWAY,2279529,H. Díaz Guillén,H. Díaz Guillén,0,9.6,577.0,0.0,0.0,0.0,0.0,2.0,0.0,2.0,0.0,0.0,0.0,1.0,1.0,0.0,0.0,0.0,0.0,0.0,1.0,0.0,-2.0,16.0,0.0,0.0,100.0,0.0,0.0,0.0,0.0,0.0,11.3,6.3,0.0,0.0,0.0,0.0,9.0
2509219,8,984923,GRAN CANARIA,AWAY,2834161,W. Tsafack,W. Tsafack,1,30.4,1823.0,33.0,13.0,19.0,0.0,1.0,13.0,20.0,7.0,9.0,5.0,1.0,6.0,1.0,4.0,2.0,1.0,1.0,1.0,9.0,38.0,1.0,68.9,65.0,5.0,45.0,1.4,0.0,1.0,22.7,3.6,12.0,7.0,3.4,3.4,14.3,39.7
2509219,8,984923,GRAN CANARIA,AWAY,2760153,C. Mbengue,C. Mbengue,1,21.8,1309.0,2.0,1.0,4.0,0.0,0.0,1.0,4.0,0.0,0.0,0.0,6.0,6.0,0.0,2.0,1.0,0.0,0.0,3.0,0.0,1.0,-3.0,25.0,25.0,0.0,0.0,0.5,0.0,0.0,0.0,29.8,16.7,0.0,2.4,0.0,33.3,11.9
2509219,8,984923,GRAN CANARIA,AWAY,2563387,M. Coulibaly,M. Coulibaly,0,0.6,36.0,0.0,0.0,0.0,0.0,0.0,0.0,0.0,0.0,0.0,0.0,0.0,0.0,0.0,0.0,1.0,0.0,0.0,1.0,0.0,0.0,3.0,0.0,0.0,0.0,0.0,0.0,0.0,0.0,0.0,0.0,0.0,0.0,85.4,0.0,0.0,0.0
2509219,8,984923,GRAN CANARIA,AWAY,2651631,M. Miteo,M. Miteo,0,18.9,1134.0,15.0,6.0,10.0,0.0,0.0,6.0,10.0,3.0,3.0,4.0,4.0,8.0,0.0,1.0,3.0,0.0,0.0,1.0,1.0,21.0,14.0,66.3,60.0,0.0,30.0,1.2,0.0,3.0,29.2,22.9,25.7,0.0,8.1,0.0,8.1,28.1
2509219,8,984923,GRAN CANARIA,AWAY,2651641,A. Panasiuk,A. Panasiuk,0,6.8,405.0,2.0,1.0,4.0,0.0,0.0,1.0,4.0,0.0,0.0,0.0,0.0,0.0,0.0,1.0,0.0,0.0,0.0,1.0,0.0,-3.0,3.0,25.0,25.0,0.0,0.0,0.5,0.0,0.0,0.0,0.0,0.0,0.0,0.0,0.0,20.0,31.7
2509219,8,984923,GRAN CANARIA,AWAY,2087418,G. Baez Pierson,G. Baez Pierson,1,17.9,1075.0,5.0,1.0,2.0,1.0,3.0,2.0,5.0,0.0,0.0,1.0,4.0,5.0,1.0,0.0,1.0,0.0,0.0,1.0,0.0,8.0,3.0,50.0,50.0,60.0,0.0,1.0,1.0,0.0,7.7,24.2,16.9,8.6,2.9,0.0,0.0,12.1
2509219,8,984923,GRAN CANARIA,AWAY,2827856,B. González Ramírez,B. González Ramírez,1,28.4,1706.0,21.0,1.0,2.0,4.0,7.0,5.0,9.0,7.0,8.0,0.0,4.0,4.0,6.0,3.0,1.0,0.0,0.0,2.0,6.0,28.0,11.0,83.9,77.8,77.8,88.9,1.0,1.7,1.3,0.0,15.2,8.5,31.9,1.8,0.0,19.3,23.6
2509220,9,984929,JOVENTUT BADALONA,HOME,2081709,E. Del Castillo Lindo,E. Del Castillo Lindo,1,13.8,831.0,7.0,2.0,3.0,1.0,1.0,3.0,4.0,0.0,0.0,2.0,1.0,3.0,1.0,1.0,1.0,0.0,0.0,4.0,0.0,6.0,-3.0,87.5,87.5,25.0,0.0,1.3,3.0,0.0,14.1,8.8,11.8,22.2,3.4,0.0,20.0,15.6
2509220,9,984929,JOVENTUT BADALONA,HOME,2082268,S. Merebashvili Khutashvili,S. Merebashvili Khutashvili,0,16.2,971.0,0.0,0.0,1.0,0.0,4.0,0.0,5.0,0.0,0.0,0.0,1.0,1.0,1.0,0.0,2.0,0.0,1.0,1.0,0.0,-2.0,-6.0,0.0,0.0,80.0,0.0,0.0,0.0,0.0,0.0,7.5,3.3,10.0,5.7,0.0,0.0,13.3
2509220,9,984929,JOVENTUT BADALONA,HOME,2453512,P. Batlle Sole,P. Batlle Sole,0,4.6,276.0,0.0,0.0,0.0,0.0,0.0,0.0,0.0,0.0,0.0,2.0,0.0,2.0,0.0,0.0,0.0,0.0,0.0,0.0,0.0,2.0,-1.0,0.0,0.0,0.0,0.0,0.0,0.0,0.0,42.4,0.0,23.5,0.0,0.0,0.0,0.0,0.0
2509220,9,984929,JOVENTUT BADALONA,HOME,2156562,R. Torras Ferrer,R. Torras Ferrer,0,9.9,596.0,4.0,2.0,3.0,0.0,1.0,2.0,4.0,0.0,0.0,0.0,1.0,1.0,1.0,2.0,0.0,0.0,0.0,1.0,0.0,1.0,-1.0,50.0,50.0,25.0,0.0,1.3,0.0,0.0,0.0,12.2,5.5,33.3,0.0,0.0,33.3,26.1
2509220,9,984929,JOVENTUT BADALONA,HOME,2845979,M. Buben,M. Buben,0,19.9,1196.0,6.0,1.0,2.0,0.0,3.0,1.0,5.0,4.0,5.0,0.0,1.0,1.0,0.0,0.0,0.0,1.0,0.0,2.0,4.0,5.0,-6.0,41.7,20.0,60.0,100.0,1.0,0.0,1.2,0.0,6.1,2.7,0.0,0.0,4.3,0.0,15.6
2509220,9,984929,JOVENTUT BADALONA,HOME,2241509,H. Ruiz Zamorano,H. Ruiz Zamorano,0,22.8,1365.0,12.0,1.0,2.0,3.0,5.0,4.0,7.0,1.0,2.0,0.0,1.0,1.0,3.0,2.0,3.0,3.0,0.0,5.0,4.0,15.0,-6.0,76.1,78.6,71.4,28.6,1.0,1.8,0.5,0.0,5.3,2.4,27.3,6.1,11.2,20.2,18.6
2509220,9,984929,JOVENTUT BADALONA,HOME,2023675,A. Torres De La Torre,A. Torres De La Torre,1,25.8,1549.0,8.0,1.0,1.0,2.0,5.0,3.0,6.0,0.0,0.0,2.0,3.0,5.0,1.0,5.0,4.0,1.0,0.0,3.0,3.0,11.0,-4.0,66.7,66.7,83.3,0.0,2.0,1.2,0.0,7.6,14.1,10.5,8.3,7.2,3.3,45.5,18.3
2509220,9,984929,JOVENTUT BADALONA,HOME,2198044,P. Escuert Martín,P. Escuert Martín,0,0.5,29.0,0.0,0.0,0.0,0.0,0.0,0.0,0.0,0.0,0.0,0.0,0.0,0.0,0.0,0.0,0.0,0.0,0.0,0.0,0.0,0.0,-2.0,0.0,0.0,0.0,0.0,0.0,0.0,0.0,0.0,0.0,0.0,0.0,0.0,0.0,0.0,0.0
2509220,9,984929,JOVENTUT BADALONA,HOME,1943849,F. Mauri Guillen,F. Mauri Guillen,1,31.9,1915.0,19.0,1.0,7.0,5.0,11.0,6.0,18.0,2.0,5.0,0.0,3.0,3.0,2.0,7.0,1.0,0.0,0.0,3.0,3.0,3.0,-6.0,47.0,47.2,61.1,27.8,0.3,1.4,1.7,0.0,11.4,5.1,14.3,1.5,0.0,25.7,36.7
2509220,9,984929,JOVENTUT BADALONA,HOME,2535717,K. Macías Book,K. Macías Book,1,20.1,1204.0,0.0,0.0,2.0,0.0,0.0,0.0,2.0,0.0,0.0,0.0,2.0,2.0,0.0,0.0,1.0,0.0,2.0,3.0,0.0,-2.0,-3.0,0.0,0.0,0.0,0.0,0.0,0.0,0.0,0.0,12.1,5.4,0.0,2.3,0.0,0.0,4.3
2509220,9,984929,JOVENTUT BADALONA,HOME,2528952,D. Niebla Santos,D. Niebla Santos,1,34.5,2068.0,16.0,4.0,9.0,2.0,7.0,6.0,16.0,2.0,4.0,1.0,8.0,9.0,8.0,2.0,5.0,1.0,2.0,0.0,3.0,28.0,-7.0,45.0,43.8,43.8,25.0,0.9,0.9,1.3,2.8,28.1,14.1,48.5,6.7,2.5,10.1,24.6
2509220,9,984928,BARÇA ATLÈTIC,AWAY,2642172,J. Siftar,J. Siftar,1,13.2,789.0,3.0,1.0,3.0,0.0,2.0,1.0,5.0,1.0,1.0,0.0,3.0,3.0,1.0,2.0,2.0,0.0,1.0,2.0,1.0,2.0,-2.0,27.6,20.0,40.0,20.0,0.7,0.0,1.0,0.0,22.2,12.3,14.1,7.0,0.0,26.9,22.9
2509220,9,984928,BARÇA ATLÈTIC,AWAY,2647995,M. Keita,M. Keita,0,10.2,613.0,5.0,0.0,0.0,1.0,1.0,1.0,1.0,2.0,2.0,1.0,1.0,2.0,0.0,1.0,0.0,1.0,0.0,3.0,1.0,5.0,0.0,133.0,150.0,100.0,200.0,0.0,3.0,2.0,11.9,9.6,10.6,0.0,0.0,13.1,34.7,11.5
2509220,9,984928,BARÇA ATLÈTIC,AWAY,2082056,N. Poza Cervantes,N. Poza Cervantes,1,19.4,1165.0,0.0,0.0,1.0,0.0,3.0,0.0,4.0,0.0,0.0,0.0,2.0,2.0,2.0,1.0,1.0,0.0,0.0,2.0,2.0,0.0,-5.0,0.0,0.0,75.0,0.0,0.0,0.0,0.0,0.0,10.1,5.6,14.8,2.4,0.0,20.0,10.5
2509220,9,984928,BARÇA ATLÈTIC,AWAY,2256034,J. Cerdan Palacios,J. Cerdan Palacios,0,12.4,747.0,6.0,3.0,7.0,0.0,1.0,3.0,8.0,0.0,0.0,2.0,0.0,2.0,1.0,2.0,2.0,0.0,1.0,2.0,0.0,2.0,7.0,37.5,37.5,12.5,0.0,0.9,0.0,0.0,19.6,0.0,8.7,19.6,7.5,0.0,20.0,32.8
2509220,9,984928,BARÇA ATLÈTIC,AWAY,2550554,S. Keita,S. Keita,1,18.8,1127.0,7.0,1.0,2.0,0.0,0.0,1.0,2.0,5.0,5.0,0.0,4.0,4.0,0.0,1.0,0.0,0.0,1.0,0.0,3.0,12.0,3.0,83.3,50.0,0.0,250.0,1.0,0.0,1.7,0.0,20.8,11.5,0.0,0.0,0.0,19.2,11.2
2509220,9,984928,BARÇA ATLÈTIC,AWAY,2561463,D. Ferreras Camarero,D. Ferreras Camarero,0,8.5,511.0,0.0,0.0,0.0,0.0,0.0,0.0,0.0,0.0,0.0,0.0,1.0,1.0,1.0,1.0,0.0,0.0,0.0,1.0,1.0,1.0,2.0,0.0,0.0,0.0,0.0,0.0,0.0,0.0,0.0,11.5,6.4,18.5,0.0,0.0,100.0,4.8
2509220,9,984928,BARÇA ATLÈTIC,AWAY,2166517,D. Gonzalez Castro,D. Gonzalez Castro,0,20.6,1238.0,0.0,0.0,3.0,0.0,0.0,0.0,3.0,0.0,0.0,0.0,0.0,0.0,3.0,1.0,2.0,0.0,1.0,0.0,0.0,1.0,11.0,0.0,0.0,0.0,0.0,0.0,0.0,0.0,0.0,0.0,0.0,22.2,4.5,0.0,25.0,7.9
2509220,9,984928,BARÇA ATLÈTIC,AWAY,2218824,O. Filba Gonzalez,O. Filba Gonzalez,0,20.6,1235.0,10.0,1.0,2.0,2.0,2.0,3.0,4.0,2.0,2.0,0.0,2.0,2.0,1.0,1.0,1.0,0.0,1.0,0.0,2.0,14.0,14.0,102.5,100.0,50.0,50.0,1.0,3.0,1.0,0.0,9.5,5.2,9.5,2.3,0.0,17.0,11.6
2509220,9,984928,BARÇA ATLÈTIC,AWAY,2641337,J. Boumtje Boumtje,J. Boumtje Boumtje,0,24.9,1497.0,16.0,6.0,10.0,0.0,4.0,6.0,14.0,4.0,4.0,3.0,6.0,9.0,2.0,3.0,0.0,3.0,1.0,1.0,3.0,21.0,17.0,50.8,42.9,28.6,28.6,1.2,0.0,1.3,14.6,23.5,19.5,19.6,0.0,16.1,16.0,30.6
2509220,9,984928,BARÇA ATLÈTIC,AWAY,2646614,N. Kusturica,N. Kusturica,1,25.2,1515.0,18.0,5.0,11.0,1.0,4.0,6.0,15.0,5.0,6.0,4.0,5.0,9.0,2.0,6.0,2.0,0.0,0.0,2.0,4.0,17.0,0.0,51.0,43.3,26.7,40.0,0.9,0.8,1.5,19.2,19.4,19.3,19.6,3.7,0.0,25.4,38.1
2509220,9,984928,BARÇA ATLÈTIC,AWAY,2642481,M. Dabone,M. Dabone,1,26.1,1563.0,16.0,6.0,8.0,0.0,1.0,6.0,9.0,4.0,6.0,2.0,10.0,12.0,0.0,3.0,2.0,1.0,0.0,4.0,5.0,24.0,-2.0,68.7,66.7,11.1,66.7,1.5,0.0,1.2,9.3,37.4,24.9,0.0,3.6,5.1,20.5,22.8
2509221,9,984926,FUNDACIÓN CB CANARIAS,HOME,2817776,I. Beton,I. Beton,0,1.3,79.0,0.0,0.0,0.0,0.0,0.0,0.0,0.0,0.0,0.0,1.0,0.0,1.0,0.0,1.0,0.0,0.0,0.0,1.0,0.0,-1.0,-2.0,0.0,0.0,0.0,0.0,0.0,0.0,0.0,102.6,0.0,44.0,0.0,0.0,0.0,100.0,36.7
2509221,9,984926,FUNDACIÓN CB CANARIAS,HOME,2044955,X. Lopez Rodriguez,X. Lopez Rodriguez,1,18.6,1113.0,2.0,1.0,3.0,0.0,1.0,1.0,4.0,0.0,0.0,0.0,6.0,6.0,2.0,2.0,0.0,2.0,0.0,2.0,0.0,5.0,-4.0,25.0,25.0,25.0,0.0,0.7,0.0,0.0,0.0,32.3,18.4,13.8,0.0,13.4,33.3,15.4
2509221,9,984926,FUNDACIÓN CB CANARIAS,HOME,2734732,E. Prekevicius,E. Prekevicius,0,22.2,1330.0,9.0,3.0,3.0,1.0,2.0,4.0,5.0,0.0,0.0,2.0,3.0,5.0,2.0,0.0,1.0,0.0,0.0,2.0,0.0,14.0,23.0,90.0,90.0,40.0,0.0,2.0,1.5,0.0,12.0,13.5,12.9,13.7,2.5,0.0,0.0,10.7
2509221,9,984926,FUNDACIÓN CB CANARIAS,HOME,2444602,L. Riga,L. Riga,0,9.3,557.0,8.0,0.0,0.0,2.0,3.0,2.0,3.0,2.0,2.0,0.0,2.0,2.0,0.0,2.0,1.0,0.0,0.0,2.0,2.0,8.0,5.0,103.1,100.0,100.0,66.7,0.0,2.0,1.0,0.0,21.5,12.3,0.0,6.0,0.0,34.0,30.1
2509221,9,984926,FUNDACIÓN CB CANARIAS,HOME,2007163,D. Fernandez Trujillo,D. Fernandez Trujillo,0,16.3,976.0,4.0,0.0,0.0,1.0,3.0,1.0,3.0,1.0,2.0,1.0,1.0,2.0,2.0,0.0,0.0,0.0,0.0,0.0,0.0,5.0,-2.0,51.5,50.0,100.0,66.7,0.0,1.0,0.0,8.2,6.1,7.0,17.5,0.0,0.0,0.0,11.3
2509221,9,984926,FUNDACIÓN CB CANARIAS,HOME,1856308,D. Acosta Moliné,D. Acosta Moliné,1,25.1,1505.0,12.0,6.0,7.0,0.0,0.0,6.0,7.0,0.0,2.0,4.0,6.0,10.0,1.0,3.0,0.0,1.0,0.0,2.0,3.0,19.0,17.0,76.1,85.7,0.0,28.6,1.7,0.0,0.7,21.2,23.9,22.8,7.9,0.0,5.0,27.6,20.7
2509221,9,984926,FUNDACIÓN CB CANARIAS,HOME,2829962,D. Bordón Dri,D. Bordón Dri,1,24.0,1441.0,15.0,5.0,9.0,1.0,5.0,6.0,14.0,2.0,4.0,1.0,2.0,3.0,4.0,1.0,0.0,0.0,0.0,1.0,6.0,16.0,12.0,47.6,46.4,35.7,28.6,1.1,0.6,0.7,5.6,8.3,7.1,31.7,0.0,0.0,6.0,33.3
2509221,9,984926,FUNDACIÓN CB CANARIAS,HOME,2181003,R. Rodriguez Galvan,R. Rodriguez Galvan,1,27.8,1665.0,11.0,1.0,2.0,3.0,6.0,4.0,8.0,0.0,1.0,0.0,2.0,2.0,3.0,2.0,2.0,1.0,0.0,0.0,4.0,16.0,10.0,65.2,68.8,75.0,12.5,1.0,1.5,0.2,0.0,7.2,4.1,16.9,4.0,4.5,19.2,17.9
2509221,9,984926,FUNDACIÓN CB CANARIAS,HOME,2470375,M. Sangare,M. Sangare,1,23.6,1414.0,11.0,3.0,5.0,1.0,3.0,4.0,8.0,2.0,3.0,2.0,4.0,6.0,0.0,1.0,0.0,0.0,0.0,2.0,2.0,11.0,16.0,59.0,56.2,37.5,37.5,1.2,1.0,1.5,11.3,16.9,14.5,0.0,0.0,0.0,9.7,20.8
2509221,9,984926,FUNDACIÓN CB CANARIAS,HOME,2137337,A. Perez Lopez,A. Perez Lopez,0,11.2,675.0,3.0,0.0,2.0,1.0,3.0,1.0,5.0,0.0,0.0,1.0,1.0,2.0,1.0,1.0,0.0,0.0,0.0,4.0,1.0,-2.0,6.0,30.0,30.0,60.0,0.0,0.0,1.0,0.0,11.9,8.9,10.2,12.0,0.0,0.0,16.7,25.5
2509221,9,984926,FUNDACIÓN CB CANARIAS,HOME,2362551,E. Lima Teixeira,E. Lima Teixeira,0,16.5,992.0,6.0,2.0,4.0,0.0,0.0,2.0,4.0,2.0,4.0,0.0,3.0,3.0,1.0,1.0,0.0,1.0,0.0,3.0,2.0,5.0,0.0,52.1,50.0,0.0,100.0,1.0,0.0,2.0,0.0,18.2,10.4,9.6,0.0,7.6,14.8,19.5
2509221,9,984926,FUNDACIÓN CB CANARIAS,HOME,2129281,G. Hernández Expósito,G. Hernández Expósito,0,4.2,253.0,0.0,0.0,0.0,0.0,1.0,0.0,1.0,0.0,0.0,0.0,0.0,0.0,0.0,0.0,0.0,0.0,0.0,0.0,0.0,-1.0,-6.0,0.0,0.0,100.0,0.0,0.0,0.0,0.0,0.0,0.0,0.0,0.0,0.0,0.0,0.0,11.3
2509221,9,984930,BAXI MANRESA,AWAY,2739297,I. Francisco,I. Francisco,1,16.9,1012.0,9.0,0.0,2.0,2.0,7.0,2.0,9.0,3.0,4.0,0.0,3.0,3.0,1.0,1.0,1.0,0.0,1.0,4.0,3.0,4.0,10.0,41.8,33.3,77.8,44.4,0.0,0.9,1.3,0.0,23.7,10.1,14.7,3.3,0.0,8.5,33.9
2509221,9,984930,BAXI MANRESA,AWAY,1959173,M. Rosell Lanza,M. Rosell Lanza,1,19.1,1144.0,3.0,0.0,1.0,1.0,4.0,1.0,5.0,0.0,0.0,0.0,1.0,1.0,0.0,0.0,0.0,0.0,0.0,2.0,1.0,-1.0,-1.0,30.0,30.0,80.0,0.0,0.0,0.8,0.0,0.0,7.0,3.0,0.0,0.0,0.0,0.0,12.8
2509221,9,984930,BAXI MANRESA,AWAY,2528977,B. Jekabsons,B. Jekabsons,0,20.4,1226.0,3.0,1.0,6.0,0.0,4.0,1.0,10.0,1.0,2.0,1.0,0.0,1.0,1.0,0.0,1.0,0.0,0.0,1.0,1.0,-4.0,-18.0,13.8,10.0,40.0,20.0,0.3,0.0,2.0,4.9,0.0,2.8,10.0,2.7,0.0,0.0,26.0
2509221,9,984930,BAXI MANRESA,AWAY,2081822,A. Muncunill Ferrer,A. Muncunill Ferrer,0,18.7,1120.0,5.0,1.0,2.0,1.0,3.0,2.0,5.0,0.0,0.0,1.0,2.0,3.0,2.0,2.0,0.0,0.0,0.0,1.0,1.0,5.0,-11.0,50.0,50.0,60.0,0.0,1.0,1.0,0.0,5.3,14.3,9.2,22.2,0.0,0.0,28.6,18.3
2509221,9,984930,BAXI MANRESA,AWAY,2738788,L. Bergseng,L. Bergseng,1,25.7,1542.0,21.0,6.0,9.0,3.0,3.0,9.0,12.0,0.0,0.0,3.0,3.0,6.0,1.0,2.0,1.0,0.0,0.0,1.0,0.0,23.0,-3.0,87.5,87.5,25.0,0.0,1.3,3.0,0.0,11.7,15.6,13.3,23.8,2.2,0.0,14.3,26.6
2509221,9,984930,BAXI MANRESA,AWAY,2295371,G. Ecker Alberti,G. Ecker Alberti,0,15.5,932.0,3.0,0.0,1.0,1.0,3.0,1.0,4.0,0.0,0.0,0.0,1.0,1.0,0.0,0.0,0.0,0.0,0.0,1.0,0.0,0.0,-14.0,37.5,37.5,75.0,0.0,0.0,1.0,0.0,0.0,8.6,3.7,0.0,0.0,0.0,0.0,12.6
2509221,9,984930,BAXI MANRESA,AWAY,2153495,J. Salo Blaya,J. Salo Blaya,0,12.9,776.0,3.0,1.0,1.0,0.0,0.0,1.0,1.0,1.0,1.0,0.0,2.0,2.0,0.0,0.0,0.0,0.0,0.0,5.0,2.0,2.0,-13.0,104.2,100.0,0.0,100.0,2.0,0.0,0.5,0.0,20.7,8.9,0.0,0.0,0.0,0.0,5.4
2509221,9,984930,BAXI MANRESA,AWAY,2081670,G. Naspler Perez,G. Naspler Perez,1,19.3,1157.0,8.0,3.0,4.0,0.0,1.0,3.0,5.0,2.0,2.0,2.0,2.0,4.0,1.0,1.0,1.0,0.0,0.0,4.0,4.0,11.0,-14.0,68.0,60.0,20.0,40.0,1.5,0.0,0.5,10.4,13.8,11.8,12.5,2.9,0.0,14.5,17.4
2509221,9,984930,BAXI MANRESA,AWAY,2145902,F. Torreblanca Catalan,F. Torreblanca Catalan,1,26.4,1584.0,11.0,2.0,3.0,0.0,6.0,2.0,9.0,7.0,7.0,1.0,1.0,2.0,1.0,2.0,4.0,0.0,1.0,1.0,7.0,15.0,-1.0,45.5,22.2,66.7,77.8,1.3,0.0,1.0,3.8,5.1,4.3,7.5,8.4,0.0,14.2,26.0
2509221,9,984930,BAXI MANRESA,AWAY,2353230,M. Ndiaye,M. Ndiaye,0,6.0,358.0,0.0,0.0,1.0,0.0,1.0,0.0,2.0,0.0,0.0,2.0,1.0,3.0,0.0,0.0,0.0,0.0,2.0,0.0,0.0,1.0,-6.0,0.0,0.0,50.0,0.0,0.0,0.0,0.0,33.3,22.2,28.6,0.0,0.0,0.0,0.0,16.3
2509221,9,984930,BAXI MANRESA,AWAY,2815468,S. Lederman,S. Lederman,0,19.1,1149.0,0.0,0.0,2.0,0.0,3.0,0.0,5.0,0.0,0.0,0.0,2.0,2.0,2.0,0.0,0.0,0.0,1.0,1.0,0.0,-2.0,-4.0,0.0,0.0,60.0,0.0,0.0,0.0,0.0,0.0,14.0,6.0,18.2,0.0,0.0,0.0,12.8
2509222,9,984923,GRAN CANARIA,HOME,2441048,E. Heinonen,E. Heinonen,1,22.6,1359.0,8.0,1.0,7.0,2.0,6.0,3.0,13.0,0.0,0.0,0.0,1.0,1.0,2.0,2.0,3.0,0.0,0.0,2.0,4.0,4.0,-21.0,30.8,30.8,46.2,0.0,0.3,1.0,0.0,0.0,5.9,2.4,17.5,6.5,0.0,13.3,27.2
2509222,9,984923,GRAN CANARIA,HOME,2044256,J. Arteaga Giner,J. Arteaga Giner,0,10.9,653.0,9.0,2.0,3.0,1.0,3.0,3.0,6.0,2.0,2.0,0.0,0.0,0.0,0.0,0.0,0.0,0.0,0.0,1.0,1.0,6.0,4.0,65.4,58.3,50.0,33.3,1.3,1.0,2.0,0.0,0.0,0.0,0.0,0.0,0.0,0.0,25.8
2509222,9,984923,GRAN CANARIA,HOME,1885980,F. Díaz Herrera,F. Díaz Herrera,0,20.8,1247.0,8.0,1.0,2.0,1.0,5.0,2.0,7.0,3.0,4.0,0.0,1.0,1.0,2.0,1.0,1.0,0.0,0.0,0.0,2.0,7.0,3.0,45.7,35.7,71.4,57.1,1.0,0.6,2.0,0.0,6.4,2.6,20.0,2.4,0.0,10.2,19.2
2509222,9,984923,GRAN CANARIA,HOME,2834161,W. Tsafack,W. Tsafack,1,14.8,886.0,7.0,3.0,3.0,0.0,4.0,3.0,7.0,1.0,2.0,1.0,1.0,2.0,0.0,1.0,2.0,0.0,0.0,5.0,1.0,1.0,-3.0,44.4,42.9,57.1,28.6,2.0,0.0,2.0,6.1,9.0,7.3,0.0,6.6,0.0,11.3,24.6
2509222,9,984923,GRAN CANARIA,HOME,2760153,C. Mbengue,C. Mbengue,1,31.9,1914.0,9.0,4.0,5.0,0.0,0.0,4.0,5.0,1.0,4.0,10.0,3.0,13.0,2.0,3.0,0.0,1.0,0.0,4.0,4.0,18.0,-19.0,66.6,80.0,0.0,80.0,1.6,0.0,1.0,28.5,12.5,22.0,13.2,0.0,2.9,30.7,12.5
2509222,9,984923,GRAN CANARIA,HOME,2563387,M. Coulibaly,M. Coulibaly,0,13.2,791.0,5.0,2.0,2.0,0.0,0.0,2.0,2.0,1.0,2.0,2.0,0.0,2.0,0.0,0.0,0.0,1.0,0.0,2.0,2.0,7.0,3.0,86.8,100.0,0.0,100.0,2.0,0.0,1.0,13.8,0.0,8.2,0.0,0.0,7.0,0.0,8.9
2509222,9,984923,GRAN CANARIA,HOME,2651631,M. Miteo,M. Miteo,0,20.1,1209.0,8.0,3.0,7.0,0.0,1.0,3.0,8.0,2.0,2.0,4.0,3.0,7.0,0.0,1.0,2.0,1.0,0.0,3.0,1.0,10.0,-7.0,45.0,37.5,12.5,25.0,0.9,0.0,2.0,18.1,19.9,18.8,0.0,4.9,4.6,10.1,20.1
2509222,9,984923,GRAN CANARIA,HOME,2651641,A. Panasiuk,A. Panasiuk,0,17.9,1076.0,0.0,0.0,2.0,0.0,2.0,0.0,4.0,0.0,0.0,0.0,1.0,1.0,1.0,3.0,2.0,0.0,0.0,0.0,0.0,-3.0,-1.0,0.0,0.0,50.0,0.0,0.0,0.0,0.0,0.0,7.4,3.0,10.4,5.5,0.0,42.9,16.0
2509222,9,984923,GRAN CANARIA,HOME,2087418,G. Baez Pierson,G. Baez Pierson,1,23.1,1386.0,8.0,1.0,5.0,1.0,3.0,2.0,8.0,3.0,4.0,3.0,2.0,5.0,1.0,3.0,2.0,1.0,1.0,2.0,3.0,8.0,-8.0,41.0,31.2,37.5,50.0,0.4,1.0,1.3,11.8,11.5,11.7,8.1,4.3,4.0,23.5,22.6
2509222,9,984923,GRAN CANARIA,HOME,2827856,B. González Ramírez,B. González Ramírez,1,24.6,1479.0,6.0,1.0,7.0,1.0,5.0,2.0,12.0,1.0,2.0,1.0,2.0,3.0,1.0,2.0,2.0,0.0,0.0,3.0,3.0,-1.0,-16.0,23.3,20.8,41.7,16.7,0.3,0.6,0.7,3.7,10.8,6.6,8.1,4.0,0.0,13.4,24.8
2509222,9,984927,CASADEMONT ZARAGOZA,AWAY,2736780,S. Faye,S. Faye,0,12.6,757.0,15.0,3.0,7.0,1.0,1.0,4.0,8.0,6.0,6.0,2.0,2.0,4.0,0.0,3.0,0.0,0.0,0.0,2.0,4.0,14.0,17.0,70.5,56.2,12.5,75.0,0.9,3.0,1.5,21.2,14.4,17.2,0.0,0.0,0.0,22.0,44.5
2509222,9,984927,CASADEMONT ZARAGOZA,AWAY,2125634,J. Garcia Sanchez,J. Garcia Sanchez,1,26.0,1562.0,2.0,1.0,3.0,0.0,1.0,1.0,4.0,0.0,0.0,1.0,0.0,1.0,7.0,4.0,4.0,0.0,2.0,2.0,1.0,6.0,22.0,25.0,25.0,25.0,0.0,0.7,0.0,0.0,5.1,0.0,2.1,39.1,8.0,0.0,50.0,12.6
2509222,9,984927,CASADEMONT ZARAGOZA,AWAY,2008960,A. Moreno Valero,A. Moreno Valero,0,20.1,1204.0,4.0,1.0,2.0,0.0,2.0,1.0,4.0,2.0,3.0,1.0,1.0,2.0,5.0,1.0,2.0,0.0,0.0,1.0,2.0,9.0,-8.0,37.6,25.0,50.0,75.0,1.0,0.0,1.5,6.6,4.5,5.4,40.0,5.2,0.0,15.8,12.9
2509222,9,984927,CASADEMONT ZARAGOZA,AWAY,1975428,C. Alias Bermudez,C. Alias Bermudez,1,17.3,1037.0,2.0,1.0,4.0,0.0,0.0,1.0,4.0,0.0,4.0,1.0,4.0,5.0,0.0,4.0,1.0,0.0,0.0,2.0,2.0,-3.0,3.0,17.4,25.0,0.0,100.0,0.5,0.0,2.0,7.7,21.0,15.6,0.0,3.0,0.0,41.0,23.2
2509222,9,984927,CASADEMONT ZARAGOZA,AWAY,2438847,A. Savkov,A. Savkov,0,22.1,1325.0,17.0,3.0,4.0,3.0,5.0,6.0,9.0,2.0,3.0,1.0,5.0,6.0,1.0,0.0,0.0,0.0,1.0,1.0,2.0,21.0,12.0,82.4,83.3,55.6,33.3,1.5,1.8,1.5,6.0,20.6,14.7,9.8,0.0,0.0,0.0,19.2
2509222,9,984927,CASADEMONT ZARAGOZA,AWAY,2382632,A. Cativiela Aisa,A. Cativiela Aisa,0,17.6,1056.0,12.0,1.0,1.0,2.0,2.0,3.0,3.0,4.0,4.0,0.0,2.0,2.0,1.0,3.0,1.0,0.0,0.0,3.0,3.0,13.0,17.0,126.1,133.3,66.7,133.3,2.0,3.0,1.3,0.0,10.3,6.1,12.8,3.0,0.0,38.7,18.1
2509222,9,984927,CASADEMONT ZARAGOZA,AWAY,2073295,R. Valero Lopez,R. Valero Lopez,1,14.6,875.0,5.0,1.0,3.0,1.0,2.0,2.0,5.0,0.0,0.0,1.0,1.0,2.0,0.0,1.0,0.0,0.0,1.0,3.0,0.0,0.0,1.0,50.0,50.0,40.0,0.0,0.7,1.5,0.0,9.1,6.2,7.4,0.0,0.0,0.0,16.7,16.9
2509222,9,984927,CASADEMONT ZARAGOZA,AWAY,2382801,J. Prieto Alejandre,J. Prieto Alejandre,0,14.6,874.0,0.0,0.0,1.0,0.0,0.0,0.0,1.0,0.0,0.0,2.0,1.0,3.0,1.0,1.0,0.0,0.0,0.0,1.0,0.0,1.0,-8.0,0.0,0.0,0.0,0.0,0.0,0.0,0.0,18.3,6.2,11.1,9.3,0.0,0.0,50.0,5.6
2509222,9,984927,CASADEMONT ZARAGOZA,AWAY,2340834,Y. Traore,Y. Traore,1,24.4,1461.0,12.0,5.0,10.0,0.0,1.0,5.0,11.0,2.0,2.0,4.0,4.0,8.0,0.0,6.0,0.0,0.0,0.0,2.0,5.0,11.0,10.0,50.5,45.5,9.1,18.2,1.0,0.0,0.4,21.9,14.9,17.7,0.0,0.0,0.0,33.6,30.1
2509222,9,984927,CASADEMONT ZARAGOZA,AWAY,2648124,A. Rodriguez Aguila,A. Rodriguez Aguila,1,17.7,1062.0,10.0,3.0,5.0,0.0,0.0,3.0,5.0,4.0,4.0,3.0,2.0,5.0,0.0,5.0,0.0,0.0,0.0,4.0,2.0,6.0,1.0,74.0,60.0,0.0,80.0,1.2,0.0,2.0,22.6,10.3,15.3,0.0,0.0,0.0,42.5,27.3
2509222,9,984927,CASADEMONT ZARAGOZA,AWAY,2704549,K. Soumalia Salif,K. Soumalia Salif,0,13.1,787.0,2.0,1.0,3.0,0.0,0.0,1.0,3.0,0.0,2.0,0.0,1.0,1.0,0.0,0.0,0.0,1.0,0.0,0.0,1.0,1.0,-2.0,25.8,33.3,0.0,66.7,0.7,0.0,2.0,0.0,6.9,4.1,0.0,0.0,7.1,0.0,12.2
2509223,9,984791,BURGOS GRUPO DE SANTIAGO,HOME,2535384,M. Bella Cabañas,M. Bella Cabañas,1,36.4,2186.0,12.0,3.0,5.0,1.0,6.0,4.0,11.0,3.0,4.0,2.0,4.0,6.0,2.0,1.0,2.0,0.0,2.0,2.0,4.0,15.0,0.0,47.0,40.9,54.5,36.4,1.2,0.5,1.0,5.0,13.4,8.6,10.4,2.8,0.0,7.3,15.1
2509223,9,984791,BURGOS GRUPO DE SANTIAGO,HOME,2661261,R. Rodriguez,R. Rodriguez,1,31.4,1885.0,7.0,3.0,7.0,0.0,4.0,3.0,11.0,1.0,3.0,2.0,2.0,4.0,5.0,2.0,3.0,0.0,2.0,5.0,5.0,7.0,-1.0,28.4,27.3,36.4,27.3,0.9,0.0,0.6,5.8,7.7,6.7,28.9,4.8,0.0,14.0,18.3
2509223,9,984791,BURGOS GRUPO DE SANTIAGO,HOME,2436134,A. Traore,A. Traore,0,28.8,1728.0,6.0,1.0,3.0,0.0,0.0,1.0,3.0,4.0,6.0,2.0,7.0,9.0,1.0,2.0,0.0,1.0,0.0,3.0,5.0,13.0,-3.0,53.2,33.3,0.0,200.0,0.7,0.0,1.2,6.4,29.6,16.4,6.1,0.0,4.1,26.2,10.6
2509223,9,984791,BURGOS GRUPO DE SANTIAGO,HOME,2162563,A. Laso Careaga,A. Laso Careaga,0,25.5,1529.0,4.0,0.0,1.0,1.0,7.0,1.0,8.0,1.0,2.0,1.0,2.0,3.0,0.0,4.0,1.0,0.0,1.0,3.0,4.0,-3.0,-7.0,22.5,18.8,87.5,25.0,0.0,0.4,0.5,3.6,9.5,6.2,0.0,2.0,0.0,31.1,20.2
2509223,9,984791,BURGOS GRUPO DE SANTIAGO,HOME,2103560,A. Reyes Abad,A. Reyes Abad,1,14.6,875.0,2.0,1.0,2.0,0.0,1.0,1.0,3.0,0.0,0.0,0.0,4.0,4.0,0.0,1.0,0.0,0.0,0.0,5.0,1.0,-1.0,1.0,33.3,33.3,33.3,0.0,1.0,0.0,0.0,0.0,33.3,14.3,0.0,0.0,0.0,25.0,11.0
2509223,9,984791,BURGOS GRUPO DE SANTIAGO,HOME,2690845,F. Nuñez,F. Nuñez,1,25.2,1512.0,6.0,1.0,4.0,1.0,9.0,2.0,13.0,1.0,4.0,2.0,1.0,3.0,1.0,0.0,1.0,1.0,1.0,3.0,3.0,-2.0,-5.0,20.3,19.2,69.2,30.8,0.5,0.3,1.3,7.3,4.8,6.2,6.5,2.0,4.7,0.0,23.5
2509223,9,984791,BURGOS GRUPO DE SANTIAGO,HOME,2045029,D. Rodriguez Ramos,D. Rodriguez Ramos,0,19.6,1178.0,6.0,3.0,6.0,0.0,2.0,3.0,8.0,0.0,1.0,2.0,3.0,5.0,1.0,1.0,0.0,1.0,1.0,1.0,1.0,6.0,-2.0,35.5,37.5,25.0,12.5,1.0,0.0,1.0,9.4,18.6,13.3,11.6,0.0,6.0,10.6,19.3
2509223,9,984791,BURGOS GRUPO DE SANTIAGO,HOME,2220551,M. Garcia Varona,M. Garcia Varona,0,1.9,112.0,0.0,0.0,0.0,0.0,0.0,0.0,0.0,0.0,0.0,0.0,0.0,0.0,0.0,0.0,0.0,0.0,0.0,0.0,0.0,0.0,-1.0,0.0,0.0,0.0,0.0,0.0,0.0,0.0,0.0,0.0,0.0,0.0,0.0,0.0,0.0,0.0
2509223,9,984791,BURGOS GRUPO DE SANTIAGO,HOME,2210291,E. Franco Sanz,E. Franco Sanz,1,15.9,952.0,9.0,4.0,6.0,0.0,0.0,4.0,6.0,1.0,2.0,1.0,0.0,1.0,0.0,2.0,0.0,0.0,2.0,3.0,1.0,3.0,-2.0,65.4,66.7,0.0,33.3,1.3,0.0,2.0,5.8,0.0,3.3,0.0,0.0,0.0,22.5,22.4
2509223,9,984791,BURGOS GRUPO DE SANTIAGO,HOME,2610623,L. Krispin,L. Krispin,0,25.7,1543.0,28.0,8.0,11.0,2.0,11.0,10.0,22.0,6.0,6.0,1.0,3.0,4.0,1.0,2.0,4.0,0.0,0.0,2.0,4.0,25.0,-5.0,56.8,50.0,50.0,27.3,1.5,0.5,1.5,3.6,14.2,8.1,13.5,7.8,0.0,7.5,41.5
2509223,9,984792,REAL MADRID,AWAY,2480762,G. Grinvalds,G. Grinvalds,0,13.0,779.0,5.0,1.0,1.0,0.0,2.0,1.0,3.0,3.0,4.0,0.0,0.0,0.0,1.0,2.0,1.0,0.0,0.0,2.0,4.0,4.0,3.0,52.5,33.3,66.7,133.3,2.0,0.0,1.0,0.0,0.0,0.0,12.5,3.5,0.0,29.6,23.3
2509223,9,984792,REAL MADRID,AWAY,2094410,H. Alonso Martinez,H. Alonso Martinez,1,25.8,1548.0,11.0,2.0,2.0,1.0,4.0,3.0,6.0,4.0,6.0,0.0,7.0,7.0,2.0,3.0,1.0,0.0,0.0,5.0,5.0,13.0,-4.0,63.7,58.3,66.7,100.0,2.0,0.8,1.2,0.0,24.9,14.2,13.3,1.8,0.0,25.8,20.2
2509223,9,984792,REAL MADRID,AWAY,2735493,F. Kayser,F. Kayser,0,31.5,1890.0,18.0,4.0,9.0,1.0,8.0,5.0,17.0,7.0,8.0,3.0,8.0,11.0,0.0,3.0,2.0,0.0,0.0,4.0,5.0,16.0,9.0,43.9,32.4,47.1,47.1,0.9,0.4,1.6,11.6,23.3,18.3,0.0,2.9,0.0,12.8,33.5
2509223,9,984792,REAL MADRID,AWAY,2286044,I. Ruperez Nuñez-Morgades,I. Ruperez Nuñez-Morgades,0,7.8,469.0,0.0,0.0,2.0,0.0,0.0,0.0,2.0,0.0,0.0,0.0,0.0,0.0,1.0,1.0,1.0,0.0,0.0,1.0,1.0,-1.0,8.0,0.0,0.0,0.0,0.0,0.0,0.0,0.0,0.0,0.0,0.0,16.7,5.8,0.0,33.3,17.3
2509223,9,984792,REAL MADRID,AWAY,2662049,A. Bjelic,A. Bjelic,1,28.4,1701.0,19.0,5.0,8.0,3.0,9.0,8.0,17.0,0.0,0.0,1.0,2.0,3.0,2.0,0.0,1.0,1.0,0.0,5.0,1.0,13.0,-2.0,55.9,55.9,52.9,0.0,1.2,1.0,0.0,4.3,6.5,5.5,20.0,1.6,3.5,0.0,26.9
2509223,9,984792,REAL MADRID,AWAY,2043083,R. Rioja Achiaga,R. Rioja Achiaga,0,15.3,921.0,4.0,2.0,4.0,0.0,1.0,2.0,5.0,0.0,0.0,1.0,1.0,2.0,2.0,0.0,1.0,0.0,1.0,2.0,1.0,5.0,0.0,40.0,40.0,20.0,0.0,1.0,0.0,0.0,7.9,6.0,6.8,28.6,3.0,0.0,0.0,14.7
2509223,9,984792,REAL MADRID,AWAY,2029762,D. Krohnert Moto,D. Krohnert Moto,1,2.5,148.0,0.0,0.0,0.0,0.0,0.0,0.0,0.0,0.0,0.0,0.0,0.0,0.0,0.0,2.0,0.0,0.0,0.0,0.0,0.0,-2.0,-4.0,0.0,0.0,0.0,0.0,0.0,0.0,0.0,0.0,0.0,0.0,0.0,0.0,0.0,100.0,35.9
2509223,9,984792,REAL MADRID,AWAY,2817763,E. Amosov,E. Amosov,1,43.1,2587.0,12.0,3.0,4.0,2.0,6.0,5.0,10.0,0.0,0.0,1.0,8.0,9.0,1.0,3.0,2.0,1.0,1.0,3.0,3.0,17.0,5.0,60.0,60.0,60.0,0.0,1.5,1.0,0.0,2.8,17.0,10.9,4.0,2.1,2.3,23.1,13.5
2509223,9,984792,REAL MADRID,AWAY,2679004,O. Diarra,O. Diarra,1,35.7,2143.0,7.0,2.0,4.0,0.0,0.0,2.0,4.0,3.0,10.0,4.0,6.0,10.0,0.0,3.0,0.0,6.0,0.0,3.0,5.0,13.0,2.0,41.7,50.0,0.0,250.0,1.0,0.0,2.0,13.6,15.4,14.7,0.0,0.0,16.8,26.3,14.3
2509223,9,984792,REAL MADRID,AWAY,2370180,O. Hadi Adegbite,O. Hadi Adegbite,0,21.9,1314.0,9.0,3.0,4.0,1.0,1.0,4.0,5.0,0.0,0.0,1.0,4.0,5.0,0.0,2.0,1.0,1.0,1.0,3.0,2.0,12.0,8.0,90.0,90.0,20.0,0.0,1.5,3.0,0.0,5.6,16.8,11.9,0.0,2.1,4.6,28.6,14.3
2509224,10,984792,REAL MADRID,HOME,2227587,G. Tavier Montoya,G. Tavier Montoya,1,18.3,1098.0,2.0,1.0,2.0,0.0,1.0,1.0,3.0,0.0,0.0,1.0,0.0,1.0,1.0,0.0,0.0,0.0,0.0,0.0,1.0,3.0,14.0,33.3,33.3,33.3,0.0,1.0,0.0,0.0,8.4,0.0,3.1,5.7,0.0,0.0,0.0,7.6
2509224,10,984792,REAL MADRID,HOME,2480762,G. Grinvalds,G. Grinvalds,0,7.5,449.0,3.0,1.0,1.0,0.0,0.0,1.0,1.0,1.0,2.0,0.0,2.0,2.0,1.0,2.0,1.0,0.0,0.0,1.0,1.0,4.0,-3.0,79.8,100.0,0.0,200.0,2.0,0.0,2.0,0.0,23.7,15.0,15.6,6.9,0.0,51.5,24.0
2509224,10,984792,REAL MADRID,HOME,2094410,H. Alonso Martinez,H. Alonso Martinez,1,26.0,1559.0,6.0,2.0,2.0,0.0,2.0,2.0,4.0,2.0,2.0,0.0,4.0,4.0,8.0,2.0,3.0,0.0,0.0,3.0,4.0,18.0,28.0,61.5,50.0,50.0,50.0,2.0,0.0,0.5,0.0,13.7,8.7,33.5,5.9,0.0,29.1,12.3
2509224,10,984792,REAL MADRID,HOME,2735493,F. Kayser,F. Kayser,0,17.6,1059.0,8.0,2.0,4.0,0.0,2.0,2.0,6.0,4.0,4.0,0.0,3.0,3.0,3.0,3.0,0.0,0.0,0.0,1.0,3.0,9.0,16.0,51.5,33.3,33.3,66.7,1.0,0.0,1.3,0.0,15.2,9.6,23.4,0.0,0.0,27.9,28.4
2509224,10,984792,REAL MADRID,HOME,2286044,I. Ruperez Nuñez-Morgades,I. Ruperez Nuñez-Morgades,1,10.5,628.0,2.0,1.0,2.0,0.0,0.0,1.0,2.0,0.0,1.0,0.0,0.0,0.0,0.0,2.0,0.0,0.0,0.0,1.0,1.0,-2.0,17.0,41.0,50.0,0.0,50.0,1.0,0.0,1.0,0.0,0.0,0.0,0.0,0.0,0.0,45.0,19.6
2509224,10,984792,REAL MADRID,HOME,2662049,A. Bjelic,A. Bjelic,0,24.5,1469.0,12.0,4.0,5.0,1.0,4.0,5.0,9.0,1.0,1.0,0.0,4.0,4.0,6.0,1.0,0.0,0.0,0.0,2.0,2.0,17.0,20.0,63.6,61.1,44.4,11.1,1.6,0.8,0.5,0.0,14.5,9.2,34.9,0.0,0.0,9.6,19.8
2509224,10,984792,REAL MADRID,HOME,2735491,A. Fantic,A. Fantic,0,8.2,490.0,8.0,0.0,0.0,2.0,3.0,2.0,3.0,2.0,2.0,2.0,1.0,3.0,0.0,0.0,0.0,0.0,0.0,0.0,1.0,11.0,14.0,103.1,100.0,100.0,66.7,0.0,2.0,2.0,37.5,10.8,20.6,0.0,0.0,0.0,0.0,21.9
2509224,10,984792,REAL MADRID,HOME,2043083,R. Rioja Achiaga,R. Rioja Achiaga,0,5.5,330.0,5.0,1.0,2.0,1.0,1.0,2.0,3.0,0.0,0.0,0.0,0.0,0.0,0.0,0.0,0.0,0.0,0.0,0.0,0.0,4.0,8.0,83.3,83.3,33.3,0.0,1.0,3.0,0.0,0.0,0.0,0.0,0.0,0.0,0.0,0.0,25.3
2509224,10,984792,REAL MADRID,HOME,2029762,D. Krohnert Moto,D. Krohnert Moto,0,9.4,566.0,1.0,0.0,0.0,0.0,1.0,0.0,1.0,1.0,2.0,0.0,0.0,0.0,1.0,0.0,0.0,0.0,0.0,1.0,1.0,0.0,2.0,26.6,0.0,100.0,200.0,0.0,0.0,2.0,0.0,0.0,0.0,13.5,0.0,0.0,0.0,9.3
2509224,10,984792,REAL MADRID,HOME,2817763,E. Amosov,E. Amosov,1,30.6,1836.0,21.0,6.0,9.0,3.0,6.0,9.0,15.0,0.0,0.0,1.0,10.0,11.0,2.0,2.0,1.0,0.0,0.0,2.0,2.0,27.0,30.0,70.0,70.0,40.0,0.0,1.3,1.5,0.0,5.0,29.0,20.3,9.7,1.7,0.0,11.8,25.8
2509224,10,984792,REAL MADRID,HOME,2679004,O. Diarra,O. Diarra,1,25.2,1510.0,17.0,8.0,10.0,0.0,0.0,8.0,10.0,1.0,1.0,2.0,8.0,10.0,2.0,0.0,1.0,0.0,0.0,2.0,1.0,27.0,30.0,81.4,80.0,0.0,10.0,1.6,0.0,1.0,12.2,28.2,22.4,14.1,2.0,0.0,0.0,19.2
2509224,10,984792,REAL MADRID,HOME,2122875,I. Almansa Perez,I. Almansa Perez,0,16.8,1006.0,14.0,4.0,7.0,0.0,1.0,4.0,8.0,6.0,6.0,0.0,4.0,4.0,5.0,0.0,0.0,0.0,1.0,1.0,3.0,21.0,14.0,65.8,50.0,12.5,75.0,1.1,0.0,2.0,0.0,21.2,13.4,46.3,0.0,0.0,0.0,29.4
2509224,10,984930,BAXI MANRESA,AWAY,2024613,M. Villalonga Asensio,M. Villalonga Asensio,0,3.1,184.0,0.0,0.0,1.0,0.0,0.0,0.0,1.0,0.0,2.0,0.0,2.0,2.0,0.0,0.0,0.0,0.0,0.0,0.0,1.0,0.0,3.0,0.0,0.0,0.0,200.0,0.0,0.0,2.0,0.0,99.3,36.3,0.0,0.0,0.0,0.0,28.0
2509224,10,984930,BAXI MANRESA,AWAY,2739297,I. Francisco,I. Francisco,1,18.0,1080.0,6.0,2.0,8.0,0.0,0.0,2.0,8.0,2.0,2.0,0.0,1.0,1.0,2.0,2.0,1.0,0.0,0.0,4.0,4.0,2.0,-20.0,33.8,25.0,0.0,25.0,0.5,0.0,0.5,0.0,8.5,3.1,22.2,2.8,0.0,18.4,27.9
2509224,10,984930,BAXI MANRESA,AWAY,1959173,M. Rosell Lanza,M. Rosell Lanza,1,17.2,1035.0,4.0,0.0,1.0,1.0,5.0,1.0,6.0,1.0,2.0,1.0,0.0,1.0,1.0,0.0,2.0,0.0,0.0,1.0,1.0,2.0,-26.0,29.1,25.0,83.3,33.3,0.0,0.6,2.0,5.2,0.0,3.3,12.8,5.8,0.0,0.0,18.5
2509224,10,984930,BAXI MANRESA,AWAY,2528977,B. Jekabsons,B. Jekabsons,0,17.6,1059.0,8.0,3.0,6.0,0.0,3.0,3.0,9.0,2.0,2.0,0.0,1.0,1.0,0.0,1.0,0.0,0.0,0.0,2.0,1.0,1.0,-8.0,40.5,33.3,33.3,22.2,1.0,0.0,2.0,0.0,8.7,3.2,0.0,0.0,0.0,9.2,28.6
2509224,10,984930,BAXI MANRESA,AWAY,2081822,A. Muncunill Ferrer,A. Muncunill Ferrer,0,19.4,1162.0,5.0,1.0,2.0,1.0,4.0,2.0,6.0,0.0,0.0,2.0,4.0,6.0,1.0,1.0,1.0,0.0,0.0,1.0,0.0,7.0,-12.0,41.7,41.7,66.7,0.0,1.0,0.8,0.0,9.2,31.7,17.4,11.1,2.6,0.0,14.3,16.7
2509224,10,984930,BAXI MANRESA,AWAY,2738788,L. Bergseng,L. Bergseng,1,22.8,1365.0,6.0,1.0,3.0,1.0,3.0,2.0,6.0,1.0,2.0,2.0,1.0,3.0,1.0,3.0,2.0,1.0,0.0,1.0,1.0,5.0,-22.0,43.6,41.7,50.0,33.3,0.7,1.0,2.0,7.8,6.7,7.4,8.9,4.4,4.0,30.4,20.0
2509224,10,984930,BAXI MANRESA,AWAY,2295371,G. Ecker Alberti,G. Ecker Alberti,1,17.1,1026.0,0.0,0.0,2.0,0.0,2.0,0.0,4.0,0.0,0.0,1.0,5.0,6.0,0.0,0.0,0.0,0.0,0.0,1.0,0.0,1.0,-39.0,0.0,0.0,50.0,0.0,0.0,0.0,0.0,5.2,45.0,19.8,0.0,0.0,0.0,0.0,10.8
2509224,10,984930,BAXI MANRESA,AWAY,2153495,J. Salo Blaya,J. Salo Blaya,0,19.2,1153.0,2.0,1.0,1.0,0.0,0.0,1.0,1.0,0.0,0.0,0.0,1.0,1.0,2.0,0.0,0.0,0.0,0.0,5.0,0.0,0.0,-18.0,100.0,100.0,0.0,0.0,2.0,0.0,0.0,0.0,8.0,2.9,20.0,0.0,0.0,0.0,2.4
2509224,10,984930,BAXI MANRESA,AWAY,2081670,G. Naspler Perez,G. Naspler Perez,0,20.6,1234.0,15.0,4.0,5.0,1.0,1.0,5.0,6.0,4.0,5.0,1.0,3.0,4.0,0.0,3.0,1.0,0.0,0.0,1.0,4.0,18.0,-16.0,91.5,91.7,16.7,83.3,1.6,3.0,1.2,4.3,22.4,10.9,0.0,2.4,0.0,26.8,25.1
2509224,10,984930,BAXI MANRESA,AWAY,2145902,F. Torreblanca Catalan,F. Torreblanca Catalan,1,21.2,1275.0,7.0,2.0,4.0,1.0,7.0,3.0,11.0,0.0,0.0,0.0,2.0,2.0,1.0,3.0,2.0,0.0,0.0,4.0,2.0,-1.0,-16.0,31.8,31.8,63.6,0.0,1.0,0.4,0.0,0.0,14.5,5.3,12.5,4.7,0.0,21.4,30.5
2509224,10,984930,BAXI MANRESA,AWAY,2353230,M. Ndiaye,M. Ndiaye,0,4.6,275.0,0.0,0.0,1.0,0.0,0.0,0.0,1.0,0.0,0.0,2.0,0.0,2.0,0.0,0.0,0.0,0.0,0.0,0.0,0.0,1.0,3.0,0.0,0.0,0.0,0.0,0.0,0.0,0.0,38.6,0.0,24.5,0.0,0.0,0.0,0.0,10.0
2509224,10,984930,BAXI MANRESA,AWAY,2815468,S. Lederman,S. Lederman,0,19.2,1152.0,8.0,1.0,2.0,2.0,6.0,3.0,8.0,0.0,0.0,0.0,0.0,0.0,2.0,0.0,0.0,0.0,0.0,0.0,0.0,5.0,-19.0,50.0,50.0,75.0,0.0,1.0,1.0,0.0,0.0,0.0,0.0,25.0,0.0,0.0,0.0,19.2
2509225,10,984927,CASADEMONT ZARAGOZA,HOME,2736780,S. Faye,S. Faye,0,6.5,388.0,2.0,1.0,1.0,0.0,1.0,1.0,2.0,0.0,0.0,0.0,2.0,2.0,1.0,2.0,1.0,0.0,0.0,2.0,0.0,1.0,-7.0,50.0,50.0,50.0,0.0,2.0,0.0,0.0,0.0,36.2,16.4,27.8,7.0,0.0,50.0,25.4
2509225,10,984927,CASADEMONT ZARAGOZA,HOME,2125634,J. Garcia Sanchez,J. Garcia Sanchez,1,27.6,1654.0,6.0,0.0,0.0,2.0,5.0,2.0,5.0,0.0,0.0,1.0,4.0,5.0,4.0,2.0,3.0,0.0,0.0,1.0,1.0,13.0,-15.0,60.0,60.0,100.0,0.0,0.0,1.2,0.0,3.5,17.1,9.7,28.4,4.9,0.0,28.6,10.5
2509225,10,984927,CASADEMONT ZARAGOZA,HOME,2008960,A. Moreno Valero,A. Moreno Valero,1,20.1,1206.0,10.0,2.0,4.0,2.0,6.0,4.0,10.0,0.0,0.0,0.0,2.0,2.0,2.0,8.0,0.0,0.0,0.0,4.0,1.0,-3.0,-9.0,50.0,50.0,60.0,0.0,1.0,1.0,0.0,0.0,11.7,5.3,26.7,0.0,0.0,44.4,36.9
2509225,10,984927,CASADEMONT ZARAGOZA,HOME,1975428,C. Alias Bermudez,C. Alias Bermudez,0,24.1,1445.0,8.0,3.0,5.0,0.0,5.0,3.0,10.0,2.0,5.0,0.0,3.0,3.0,3.0,0.0,1.0,0.0,1.0,4.0,3.0,4.0,-10.0,32.8,30.0,50.0,50.0,1.2,0.0,1.7,0.0,14.6,6.6,27.8,1.9,0.0,0.0,20.9
2509225,10,984927,CASADEMONT ZARAGOZA,HOME,2438847,A. Savkov,A. Savkov,1,18.3,1096.0,5.0,2.0,5.0,0.0,1.0,2.0,6.0,1.0,1.0,2.0,2.0,4.0,4.0,4.0,2.0,0.0,1.0,3.0,0.0,4.0,-18.0,38.8,33.3,16.7,16.7,0.8,0.0,0.0,10.7,12.9,11.7,42.1,5.0,0.0,38.3,23.5
2509225,10,984927,CASADEMONT ZARAGOZA,HOME,2382632,A. Cativiela Aisa,A. Cativiela Aisa,0,24.2,1452.0,7.0,1.0,3.0,1.0,5.0,2.0,8.0,2.0,2.0,0.0,5.0,5.0,1.0,1.0,0.0,0.0,0.0,3.0,4.0,7.0,-15.0,39.4,31.2,62.5,25.0,0.7,0.6,0.5,0.0,24.3,11.0,8.5,0.0,0.0,10.1,16.8
2509225,10,984927,CASADEMONT ZARAGOZA,HOME,2073295,R. Valero Lopez,R. Valero Lopez,1,17.8,1067.0,8.0,4.0,6.0,0.0,1.0,4.0,7.0,0.0,0.0,0.0,3.0,3.0,1.0,0.0,0.0,1.0,0.0,2.0,1.0,9.0,-6.0,57.1,57.1,14.3,0.0,1.3,0.0,0.0,0.0,19.8,9.0,19.2,0.0,6.1,0.0,16.2
2509225,10,984927,CASADEMONT ZARAGOZA,HOME,2382801,J. Prieto Alejandre,J. Prieto Alejandre,0,14.9,892.0,0.0,0.0,0.0,0.0,1.0,0.0,1.0,0.0,0.0,1.0,2.0,3.0,0.0,0.0,1.0,0.0,0.0,1.0,0.0,2.0,-3.0,0.0,0.0,100.0,0.0,0.0,0.0,0.0,6.5,15.8,10.7,0.0,3.0,0.0,0.0,2.8
2509225,10,984927,CASADEMONT ZARAGOZA,HOME,2340834,Y. Traore,Y. Traore,1,28.9,1733.0,13.0,5.0,10.0,0.0,0.0,5.0,10.0,3.0,6.0,3.0,3.0,6.0,2.0,5.0,3.0,1.0,1.0,2.0,5.0,15.0,-13.0,51.4,50.0,0.0,60.0,1.0,0.0,1.2,10.1,12.2,11.1,18.0,4.7,3.7,28.3,25.2
2509225,10,984927,CASADEMONT ZARAGOZA,HOME,2648124,A. Rodriguez Aguila,A. Rodriguez Aguila,0,6.7,400.0,0.0,0.0,3.0,0.0,0.0,0.0,3.0,0.0,0.0,2.0,2.0,4.0,0.0,2.0,0.0,1.0,0.0,1.0,0.0,-1.0,-1.0,0.0,0.0,0.0,0.0,0.0,0.0,0.0,29.1,35.1,31.8,0.0,0.0,16.1,40.0,30.8
2509225,10,984927,CASADEMONT ZARAGOZA,HOME,2207996,M. Auciello Cubells,M. Auciello Cubells,0,1.0,59.0,0.0,0.0,0.0,0.0,0.0,0.0,0.0,0.0,0.0,0.0,0.0,0.0,0.0,0.0,0.0,0.0,0.0,0.0,0.0,0.0,-3.0,0.0,0.0,0.0,0.0,0.0,0.0,0.0,0.0,0.0,0.0,0.0,0.0,0.0,0.0,0.0
2509225,10,984927,CASADEMONT ZARAGOZA,HOME,2704549,K. Soumalia Salif,K. Soumalia Salif,0,10.1,608.0,1.0,0.0,1.0,0.0,0.0,0.0,1.0,1.0,2.0,1.0,0.0,1.0,0.0,3.0,0.0,0.0,0.0,1.0,1.0,-3.0,-5.0,26.6,0.0,0.0,200.0,0.0,0.0,2.0,9.7,0.0,5.3,0.0,0.0,0.0,61.5,19.9
2509225,10,984928,BARÇA ATLÈTIC,AWAY,2458688,E. Montaner García,E. Montaner García,0,2.7,164.0,4.0,0.0,0.0,0.0,0.0,0.0,0.0,4.0,4.0,0.0,0.0,0.0,0.0,0.0,1.0,0.0,0.0,0.0,1.0,6.0,-1.0,113.6,0.0,0.0,0.0,0.0,0.0,4.0,0.0,0.0,0.0,0.0,17.0,0.0,0.0,27.7
2509225,10,984928,BARÇA ATLÈTIC,AWAY,2642172,J. Siftar,J. Siftar,1,19.2,1155.0,2.0,1.0,4.0,0.0,1.0,1.0,5.0,0.0,0.0,0.0,2.0,2.0,2.0,3.0,0.0,0.0,0.0,3.0,2.0,-2.0,-2.0,20.0,20.0,20.0,0.0,0.5,0.0,0.0,0.0,10.2,5.6,17.4,0.0,0.0,37.5,17.7
2509225,10,984928,BARÇA ATLÈTIC,AWAY,2647995,M. Keita,M. Keita,0,20.6,1239.0,6.0,3.0,6.0,0.0,0.0,3.0,6.0,0.0,0.0,1.0,2.0,3.0,2.0,1.0,0.0,0.0,1.0,2.0,0.0,5.0,2.0,50.0,50.0,0.0,0.0,1.0,0.0,0.0,5.7,9.5,7.8,21.1,0.0,0.0,14.3,14.4
2509225,10,984928,BARÇA ATLÈTIC,AWAY,2082056,N. Poza Cervantes,N. Poza Cervantes,1,27.1,1626.0,2.0,0.0,1.0,0.0,6.0,0.0,7.0,2.0,2.0,0.0,1.0,1.0,3.0,1.0,2.0,0.0,0.0,3.0,5.0,2.0,18.0,12.7,0.0,85.7,28.6,0.0,0.0,0.4,0.0,3.6,2.0,17.1,3.4,0.0,11.3,13.9
2509225,10,984928,BARÇA ATLÈTIC,AWAY,2256034,J. Cerdan Palacios,J. Cerdan Palacios,0,19.5,1171.0,14.0,4.0,8.0,2.0,4.0,6.0,12.0,0.0,0.0,1.0,1.0,2.0,4.0,2.0,1.0,1.0,0.0,1.0,0.0,13.0,12.0,58.3,58.3,33.3,0.0,1.0,1.5,0.0,6.0,5.0,5.5,61.5,2.4,5.4,14.3,30.5
2509225,10,984928,BARÇA ATLÈTIC,AWAY,2561463,D. Ferreras Camarero,D. Ferreras Camarero,0,21.1,1263.0,10.0,4.0,6.0,0.0,4.0,4.0,10.0,2.0,2.0,1.0,3.0,4.0,1.0,1.0,0.0,0.0,2.0,2.0,1.0,7.0,15.0,46.0,40.0,40.0,20.0,1.3,0.0,2.0,5.6,13.9,10.1,11.8,0.0,0.0,8.4,23.9
2509225,10,984928,BARÇA ATLÈTIC,AWAY,2166517,D. Gonzalez Castro,D. Gonzalez Castro,1,27.4,1642.0,6.0,1.0,2.0,1.0,1.0,2.0,3.0,1.0,2.0,1.0,2.0,3.0,3.0,2.0,1.0,0.0,0.0,0.0,1.0,10.0,19.0,77.3,83.3,33.3,66.7,1.0,3.0,2.0,4.3,7.1,5.8,19.4,1.7,0.0,34.0,9.1
2509225,10,984928,BARÇA ATLÈTIC,AWAY,2218824,O. Filba Gonzalez,O. Filba Gonzalez,0,13.1,788.0,2.0,1.0,1.0,0.0,0.0,1.0,1.0,0.0,0.0,0.0,0.0,0.0,1.0,1.0,2.0,0.0,0.0,0.0,0.0,4.0,5.0,100.0,100.0,0.0,0.0,2.0,0.0,0.0,0.0,0.0,0.0,15.4,7.0,0.0,50.0,6.5
2509225,10,984928,BARÇA ATLÈTIC,AWAY,2641337,J. Boumtje Boumtje,J. Boumtje Boumtje,1,28.4,1705.0,24.0,3.0,6.0,4.0,6.0,7.0,12.0,6.0,6.0,0.0,13.0,13.0,1.0,6.0,5.0,2.0,0.0,2.0,6.0,38.0,16.0,82.0,75.0,50.0,50.0,1.0,2.0,1.0,0.0,44.7,24.4,9.5,8.1,7.4,29.1,30.9
2509225,10,984928,BARÇA ATLÈTIC,AWAY,2642481,M. Dabone,M. Dabone,1,20.8,1247.0,11.0,1.0,3.0,0.0,1.0,1.0,4.0,9.0,14.0,2.0,7.0,9.0,1.0,4.0,2.0,0.0,0.0,4.0,8.0,15.0,21.0,54.1,25.0,25.0,350.0,0.7,0.0,1.8,11.3,32.8,23.1,8.7,4.4,0.0,28.2,28.9
2509226,10,984929,JOVENTUT BADALONA,HOME,2081709,E. Del Castillo Lindo,E. Del Castillo Lindo,1,22.5,1351.0,13.0,5.0,5.0,0.0,1.0,5.0,6.0,3.0,3.0,1.0,3.0,4.0,1.0,5.0,0.0,0.0,0.0,3.0,4.0,13.0,-3.0,88.8,83.3,16.7,50.0,2.0,0.0,0.8,4.0,13.7,8.5,15.6,0.0,0.0,40.6,22.1
2509226,10,984929,JOVENTUT BADALONA,HOME,2081017,M. Julia Del Pozo,M. Julia Del Pozo,0,13.2,792.0,0.0,0.0,2.0,0.0,0.0,0.0,2.0,0.0,0.0,0.0,0.0,0.0,0.0,2.0,1.0,0.0,0.0,0.0,2.0,-1.0,0.0,0.0,0.0,0.0,0.0,0.0,0.0,0.0,0.0,0.0,0.0,0.0,3.8,0.0,50.0,12.2
2509226,10,984929,JOVENTUT BADALONA,HOME,2154246,I. Perez Vasco,I. Perez Vasco,0,5.1,306.0,0.0,0.0,1.0,0.0,0.0,0.0,1.0,0.0,0.0,0.0,2.0,2.0,0.0,0.0,0.0,0.0,1.0,0.0,0.0,1.0,-4.0,0.0,0.0,0.0,0.0,0.0,0.0,0.0,0.0,40.2,18.7,0.0,0.0,0.0,0.0,7.9
2509226,10,984929,JOVENTUT BADALONA,HOME,2641899,G. Graae Barbosa,G. Graae Barbosa,0,3.7,221.0,0.0,0.0,2.0,0.0,0.0,0.0,2.0,0.0,0.0,1.0,0.0,1.0,0.0,0.0,0.0,0.0,0.0,1.0,0.0,-2.0,-10.0,0.0,0.0,0.0,0.0,0.0,0.0,0.0,24.0,0.0,12.9,0.0,0.0,0.0,0.0,21.8
2509226,10,984929,JOVENTUT BADALONA,HOME,2156562,R. Torras Ferrer,R. Torras Ferrer,0,6.1,366.0,5.0,1.0,1.0,0.0,1.0,1.0,2.0,3.0,3.0,1.0,1.0,2.0,0.0,0.0,1.0,0.0,0.0,4.0,3.0,6.0,0.0,75.3,50.0,50.0,150.0,2.0,0.0,1.0,14.6,16.8,15.6,0.0,8.2,0.0,0.0,22.0
2509226,10,984929,JOVENTUT BADALONA,HOME,2845979,M. Buben,M. Buben,1,15.4,922.0,5.0,1.0,3.0,1.0,2.0,2.0,5.0,0.0,0.0,0.0,2.0,2.0,1.0,1.0,0.0,0.0,0.0,2.0,0.0,2.0,-11.0,50.0,50.0,40.0,0.0,0.7,1.5,0.0,0.0,13.3,6.2,17.9,0.0,0.0,16.7,15.7
2509226,10,984929,JOVENTUT BADALONA,HOME,2241509,H. Ruiz Zamorano,H. Ruiz Zamorano,1,23.2,1393.0,13.0,2.0,3.0,2.0,4.0,4.0,7.0,3.0,4.0,1.0,1.0,2.0,1.0,4.0,1.0,0.0,1.0,2.0,4.0,11.0,3.0,74.2,71.4,57.1,57.1,1.3,1.5,1.0,3.8,4.4,4.1,13.5,2.1,0.0,31.3,22.2
2509226,10,984929,JOVENTUT BADALONA,HOME,2023675,A. Torres De La Torre,A. Torres De La Torre,1,36.2,2172.0,2.0,1.0,3.0,0.0,5.0,1.0,8.0,0.0,3.0,3.0,9.0,12.0,3.0,3.0,3.0,0.0,0.0,1.0,1.0,7.0,2.0,10.7,12.5,62.5,37.5,0.7,0.0,3.0,7.4,25.5,15.8,18.6,4.1,0.0,24.4,13.7
2509226,10,984929,JOVENTUT BADALONA,HOME,1943849,F. Mauri Guillen,F. Mauri Guillen,1,28.9,1736.0,6.0,2.0,10.0,0.0,5.0,2.0,15.0,2.0,2.0,2.0,3.0,5.0,3.0,5.0,2.0,0.0,1.0,5.0,2.0,-5.0,-9.0,18.9,13.3,33.3,13.3,0.4,0.0,1.0,6.2,10.6,8.2,26.5,3.4,0.0,23.9,29.2
2509226,10,984929,JOVENTUT BADALONA,HOME,2535717,K. Macías Book,K. Macías Book,0,25.0,1502.0,7.0,3.0,7.0,0.0,0.0,3.0,7.0,1.0,2.0,5.0,3.0,8.0,0.0,1.0,2.0,0.0,2.0,3.0,2.0,10.0,-3.0,44.4,42.9,0.0,28.6,0.9,0.0,1.0,17.8,12.3,15.2,0.0,4.0,0.0,11.3,14.3
2509226,10,984929,JOVENTUT BADALONA,HOME,2528952,D. Niebla Santos,D. Niebla Santos,0,20.6,1239.0,8.0,0.0,4.0,1.0,6.0,1.0,10.0,5.0,6.0,1.0,0.0,1.0,0.0,3.0,0.0,0.0,0.0,1.0,3.0,-2.0,-15.0,31.6,15.0,60.0,60.0,0.0,0.5,2.0,4.3,0.0,2.3,0.0,0.0,0.0,19.2,30.6
2509226,10,984923,GRAN CANARIA,AWAY,2441048,E. Heinonen,E. Heinonen,1,23.2,1394.0,4.0,2.0,4.0,0.0,4.0,2.0,8.0,0.0,0.0,0.0,2.0,2.0,0.0,2.0,0.0,0.0,0.0,2.0,2.0,-2.0,2.0,25.0,25.0,50.0,0.0,1.0,0.0,0.0,0.0,7.7,4.1,0.0,0.0,0.0,20.0,18.1
2509226,10,984923,GRAN CANARIA,AWAY,2044256,J. Arteaga Giner,J. Arteaga Giner,0,17.4,1043.0,7.0,2.0,2.0,1.0,3.0,3.0,5.0,0.0,0.0,1.0,1.0,2.0,1.0,0.0,0.0,0.0,0.0,2.0,0.0,6.0,9.0,70.0,70.0,60.0,0.0,2.0,1.0,0.0,5.9,5.1,5.5,11.6,0.0,0.0,0.0,12.1
2509226,10,984923,GRAN CANARIA,AWAY,2033475,M. Oliver Gracia,M. Oliver Gracia,0,2.8,166.0,0.0,0.0,0.0,0.0,1.0,0.0,1.0,0.0,0.0,0.0,0.0,0.0,0.0,0.0,0.0,0.0,0.0,1.0,0.0,-2.0,-2.0,0.0,0.0,100.0,0.0,0.0,0.0,0.0,0.0,0.0,0.0,0.0,0.0,0.0,0.0,15.0
2509226,10,984923,GRAN CANARIA,AWAY,1885980,F. Díaz Herrera,F. Díaz Herrera,0,20.0,1201.0,2.0,1.0,2.0,0.0,1.0,1.0,3.0,0.0,0.0,0.0,2.0,2.0,1.0,1.0,1.0,1.0,0.0,0.0,3.0,7.0,1.0,33.3,33.3,33.3,0.0,1.0,0.0,0.0,0.0,8.9,4.8,7.4,2.4,4.9,25.0,8.4
2509226,10,984923,GRAN CANARIA,AWAY,2834161,W. Tsafack,W. Tsafack,1,31.8,1908.0,20.0,9.0,20.0,0.0,0.0,9.0,20.0,2.0,4.0,7.0,5.0,12.0,2.0,5.0,5.0,0.0,0.0,4.0,2.0,19.0,8.0,46.0,45.0,0.0,20.0,0.9,0.0,2.0,22.6,14.0,18.0,14.1,7.5,0.0,18.7,35.3
2509226,10,984923,GRAN CANARIA,AWAY,2760153,C. Mbengue,C. Mbengue,0,22.5,1352.0,10.0,4.0,6.0,0.0,0.0,4.0,6.0,2.0,4.0,2.0,4.0,6.0,1.0,3.0,1.0,4.0,0.0,2.0,2.0,15.0,16.0,64.4,66.7,0.0,66.7,1.3,0.0,2.0,9.1,15.8,12.7,7.5,2.1,17.3,27.9,20.1
2509226,10,984923,GRAN CANARIA,AWAY,2563387,M. Coulibaly,M. Coulibaly,0,2.4,143.0,0.0,0.0,0.0,0.0,0.0,0.0,0.0,0.0,0.0,0.0,0.0,0.0,0.0,0.0,0.0,0.0,0.0,1.0,0.0,-1.0,-4.0,0.0,0.0,0.0,0.0,0.0,0.0,0.0,0.0,0.0,0.0,0.0,0.0,0.0,0.0,0.0
2509226,10,984923,GRAN CANARIA,AWAY,2651631,M. Miteo,M. Miteo,1,22.5,1352.0,16.0,7.0,13.0,0.0,1.0,7.0,14.0,2.0,5.0,5.0,8.0,13.0,1.0,4.0,1.0,0.0,0.0,4.0,5.0,18.0,-2.0,49.4,50.0,7.1,35.7,1.1,0.0,1.0,22.8,31.6,27.5,9.6,2.1,0.0,19.8,37.7
2509226,10,984923,GRAN CANARIA,AWAY,2651641,A. Panasiuk,A. Panasiuk,0,16.5,990.0,3.0,1.0,2.0,0.0,1.0,1.0,3.0,1.0,2.0,0.0,2.0,2.0,1.0,2.0,1.0,0.0,0.0,2.0,3.0,3.0,-4.0,38.7,33.3,33.3,66.7,1.0,0.0,0.7,0.0,10.8,5.8,9.4,2.9,0.0,34.0,14.9
2509226,10,984923,GRAN CANARIA,AWAY,2087418,G. Baez Pierson,G. Baez Pierson,1,17.4,1041.0,2.0,1.0,2.0,0.0,1.0,1.0,3.0,0.0,0.0,0.0,2.0,2.0,1.0,0.0,2.0,0.0,0.0,3.0,1.0,3.0,12.0,33.3,33.3,33.3,0.0,1.0,0.0,0.0,0.0,10.2,5.5,9.4,5.5,0.0,0.0,7.2
2509226,10,984923,GRAN CANARIA,AWAY,2827856,B. González Ramírez,B. González Ramírez,1,23.5,1410.0,5.0,1.0,2.0,0.0,3.0,1.0,5.0,3.0,4.0,0.0,4.0,4.0,5.0,2.0,3.0,0.0,0.0,0.0,4.0,14.0,14.0,37.0,20.0,60.0,80.0,1.0,0.0,1.0,0.0,15.1,8.1,30.5,6.1,0.0,22.8,15.6
2509227,10,984791,BURGOS GRUPO DE SANTIAGO,HOME,2535384,M. Bella Cabañas,M. Bella Cabañas,1,22.4,1341.0,13.0,2.0,3.0,2.0,3.0,4.0,6.0,3.0,5.0,0.0,1.0,1.0,1.0,0.0,0.0,0.0,0.0,3.0,3.0,11.0,9.0,79.3,83.3,50.0,83.3,1.3,2.0,1.7,0.0,9.4,3.9,5.5,0.0,0.0,0.0,17.3
2509227,10,984791,BURGOS GRUPO DE SANTIAGO,HOME,2661261,R. Rodriguez,R. Rodriguez,1,28.6,1718.0,13.0,2.0,3.0,1.0,2.0,3.0,5.0,6.0,6.0,2.0,4.0,6.0,2.0,2.0,1.0,0.0,0.0,5.0,5.0,18.0,17.0,85.1,70.0,40.0,120.0,1.3,1.5,1.2,10.4,29.4,18.2,8.7,1.8,0.0,20.7,15.9
2509227,10,984791,BURGOS GRUPO DE SANTIAGO,HOME,2436134,A. Traore,A. Traore,1,20.2,1213.0,13.0,4.0,8.0,0.0,0.0,4.0,8.0,5.0,6.0,0.0,1.0,1.0,0.0,0.0,0.0,0.0,0.0,4.0,4.0,9.0,27.0,61.1,50.0,0.0,75.0,1.0,0.0,1.5,0.0,10.4,4.3,0.0,0.0,0.0,0.0,24.9
2509227,10,984791,BURGOS GRUPO DE SANTIAGO,HOME,2162563,A. Laso Careaga,A. Laso Careaga,0,14.0,839.0,6.0,0.0,0.0,2.0,4.0,2.0,4.0,0.0,0.0,0.0,0.0,0.0,3.0,0.0,0.0,0.0,0.0,2.0,1.0,6.0,-2.0,75.0,75.0,100.0,0.0,0.0,1.5,0.0,0.0,0.0,0.0,33.0,0.0,0.0,0.0,13.5
2509227,10,984791,BURGOS GRUPO DE SANTIAGO,HOME,2103560,A. Reyes Abad,A. Reyes Abad,0,19.2,1153.0,4.0,2.0,5.0,0.0,0.0,2.0,5.0,0.0,0.0,1.0,1.0,2.0,0.0,2.0,1.0,0.0,0.0,0.0,3.0,5.0,-8.0,40.0,40.0,0.0,0.0,0.8,0.0,0.0,7.7,11.0,9.1,0.0,2.6,0.0,28.6,17.2
2509227,10,984791,BURGOS GRUPO DE SANTIAGO,HOME,2690845,F. Nuñez,F. Nuñez,1,29.4,1761.0,21.0,3.0,4.0,5.0,7.0,8.0,11.0,0.0,1.0,0.0,1.0,1.0,0.0,1.0,0.0,0.0,0.0,3.0,1.0,15.0,17.0,91.8,95.5,63.6,9.1,1.5,2.1,1.0,0.0,7.2,3.0,0.0,0.0,0.0,8.0,20.0
2509227,10,984791,BURGOS GRUPO DE SANTIAGO,HOME,2045029,D. Rodriguez Ramos,D. Rodriguez Ramos,1,28.9,1737.0,10.0,2.0,3.0,1.0,3.0,3.0,6.0,3.0,5.0,1.0,4.0,5.0,1.0,0.0,1.0,0.0,0.0,0.0,3.0,15.0,23.0,61.0,58.3,50.0,83.3,1.3,1.0,1.7,5.1,29.1,15.0,4.4,1.8,0.0,0.0,13.4
2509227,10,984791,BURGOS GRUPO DE SANTIAGO,HOME,2210291,E. Franco Sanz,E. Franco Sanz,0,12.9,776.0,8.0,3.0,5.0,0.0,0.0,3.0,5.0,2.0,2.0,1.0,0.0,1.0,0.0,2.0,0.0,0.0,0.0,5.0,3.0,3.0,-8.0,68.0,60.0,0.0,40.0,1.2,0.0,0.7,11.5,0.0,6.7,0.0,0.0,0.0,25.4,28.8
2509227,10,984791,BURGOS GRUPO DE SANTIAGO,HOME,2610623,L. Krispin,L. Krispin,0,24.4,1462.0,22.0,6.0,8.0,2.0,7.0,8.0,15.0,4.0,4.0,1.0,1.0,2.0,3.0,0.0,1.0,0.0,0.0,1.0,3.0,23.0,10.0,65.6,60.0,46.7,26.7,1.5,0.9,1.3,6.1,8.6,7.1,21.1,2.1,0.0,0.0,32.4
2509227,10,984926,FUNDACIÓN CB CANARIAS,AWAY,2044955,X. Lopez Rodriguez,X. Lopez Rodriguez,1,30.3,1817.0,18.0,7.0,9.0,0.0,2.0,7.0,11.0,4.0,6.0,1.0,3.0,4.0,0.0,2.0,0.0,0.0,0.0,5.0,6.0,15.0,-25.0,66.0,63.6,18.2,54.5,1.6,0.0,1.0,6.9,14.7,11.5,0.0,0.0,0.0,12.8,24.4
2509227,10,984926,FUNDACIÓN CB CANARIAS,AWAY,2734732,E. Prekevicius,E. Prekevicius,0,20.2,1212.0,7.0,2.0,2.0,1.0,1.0,3.0,3.0,0.0,2.0,1.0,4.0,5.0,1.0,0.0,1.0,0.0,0.0,0.0,1.0,13.0,6.0,90.2,116.7,33.3,66.7,2.0,3.0,2.0,10.4,29.3,21.5,6.2,2.5,0.0,0.0,9.1
2509227,10,984926,FUNDACIÓN CB CANARIAS,AWAY,2444602,L. Riga,L. Riga,0,24.0,1442.0,9.0,4.0,7.0,0.0,2.0,4.0,9.0,1.0,4.0,1.0,2.0,3.0,1.0,1.0,1.0,0.0,0.0,4.0,5.0,6.0,-9.0,41.8,44.4,22.2,44.4,1.1,0.0,0.8,8.8,12.3,10.9,5.3,2.1,0.0,8.5,23.1
2509227,10,984926,FUNDACIÓN CB CANARIAS,AWAY,2007163,D. Fernandez Trujillo,D. Fernandez Trujillo,0,14.1,844.0,0.0,0.0,0.0,0.0,0.0,0.0,0.0,0.0,0.0,0.0,0.0,0.0,1.0,2.0,0.0,0.0,0.0,2.0,1.0,-2.0,-9.0,0.0,0.0,0.0,0.0,0.0,0.0,0.0,0.0,0.0,0.0,6.6,0.0,0.0,100.0,6.7
2509227,10,984926,FUNDACIÓN CB CANARIAS,AWAY,1856308,D. Acosta Moliné,D. Acosta Moliné,1,17.2,1031.0,12.0,6.0,8.0,0.0,0.0,6.0,8.0,0.0,0.0,1.0,5.0,6.0,1.0,2.0,0.0,0.0,0.0,5.0,0.0,10.0,-5.0,75.0,75.0,0.0,0.0,1.5,0.0,0.0,12.2,43.1,30.3,10.9,0.0,0.0,20.0,27.5
2509227,10,984926,FUNDACIÓN CB CANARIAS,AWAY,2829962,D. Bordón Dri,D. Bordón Dri,1,35.5,2133.0,24.0,7.0,7.0,2.0,5.0,9.0,12.0,4.0,4.0,0.0,0.0,0.0,4.0,4.0,1.0,0.0,0.0,3.0,5.0,24.0,-13.0,87.2,83.3,41.7,33.3,2.0,1.2,0.8,0.0,0.0,0.0,15.9,1.4,0.0,22.5,23.6
2509227,10,984926,FUNDACIÓN CB CANARIAS,AWAY,2181003,R. Rodriguez Galvan,R. Rodriguez Galvan,1,23.6,1416.0,7.0,1.0,1.0,1.0,4.0,2.0,5.0,2.0,3.0,0.0,4.0,4.0,3.0,1.0,0.0,0.0,0.0,4.0,3.0,8.0,-11.0,55.4,50.0,80.0,60.0,2.0,0.8,1.0,0.0,25.1,14.7,14.4,0.0,0.0,13.7,14.7
2509227,10,984926,FUNDACIÓN CB CANARIAS,AWAY,2470375,M. Sangare,M. Sangare,1,33.8,2026.0,16.0,6.0,10.0,1.0,2.0,7.0,12.0,1.0,3.0,2.0,3.0,5.0,0.0,3.0,1.0,0.0,0.0,2.0,2.0,12.0,-14.0,60.1,62.5,16.7,25.0,1.2,1.5,1.5,12.5,13.1,12.9,0.0,1.5,0.0,18.4,22.8
2509227,10,984926,FUNDACIÓN CB CANARIAS,AWAY,2362551,E. Lima Teixeira,E. Lima Teixeira,0,1.3,79.0,0.0,0.0,0.0,0.0,0.0,0.0,0.0,0.0,0.0,0.0,0.0,0.0,0.0,0.0,0.0,0.0,0.0,1.0,0.0,-1.0,-5.0,0.0,0.0,0.0,0.0,0.0,0.0,0.0,0.0,0.0,0.0,0.0,0.0,0.0,0.0,0.0
2509228,11,984927,CASADEMONT ZARAGOZA,HOME,2736780,S. Faye,S. Faye,0,2.8,168.0,0.0,0.0,0.0,0.0,0.0,0.0,0.0,0.0,0.0,0.0,0.0,0.0,0.0,1.0,0.0,0.0,0.0,2.0,0.0,-3.0,4.0,0.0,0.0,0.0,0.0,0.0,0.0,0.0,0.0,0.0,0.0,0.0,0.0,0.0,100.0,14.0
2509228,11,984927,CASADEMONT ZARAGOZA,HOME,2125634,J. Garcia Sanchez,J. Garcia Sanchez,1,24.4,1463.0,8.0,3.0,4.0,0.0,3.0,3.0,7.0,2.0,2.0,3.0,3.0,6.0,4.0,1.0,1.0,0.0,0.0,4.0,1.0,11.0,16.0,50.8,42.9,42.9,28.6,1.5,0.0,2.0,14.1,14.5,14.3,20.8,2.0,0.0,11.3,14.3
2509228,11,984927,CASADEMONT ZARAGOZA,HOME,2008960,A. Moreno Valero,A. Moreno Valero,0,19.9,1193.0,6.0,1.0,1.0,0.0,5.0,1.0,6.0,4.0,5.0,2.0,1.0,3.0,5.0,2.0,0.0,0.0,0.0,2.0,4.0,8.0,5.0,36.6,16.7,83.3,83.3,2.0,0.0,1.2,11.5,5.9,8.7,28.6,0.0,0.0,19.6,20.1
2509228,11,984927,CASADEMONT ZARAGOZA,HOME,2646355,M. Lukic,M. Lukic,0,12.4,746.0,3.0,0.0,0.0,1.0,3.0,1.0,3.0,0.0,0.0,1.0,0.0,1.0,1.0,3.0,2.0,0.0,0.0,3.0,2.0,1.0,-7.0,50.0,50.0,100.0,0.0,0.0,1.0,0.0,9.2,0.0,4.7,9.9,7.8,0.0,50.0,19.0
2509228,11,984927,CASADEMONT ZARAGOZA,HOME,1975428,C. Alias Bermudez,C. Alias Bermudez,1,25.6,1538.0,5.0,2.0,4.0,0.0,3.0,2.0,7.0,1.0,2.0,0.0,2.0,2.0,3.0,2.0,1.0,0.0,1.0,1.0,2.0,4.0,4.0,31.7,28.6,42.9,28.6,1.0,0.0,1.0,0.0,9.2,4.5,14.9,1.9,0.0,20.2,15.1
2509228,11,984927,CASADEMONT ZARAGOZA,HOME,2438847,A. Savkov,A. Savkov,1,30.6,1839.0,36.0,4.0,10.0,8.0,10.0,12.0,20.0,4.0,4.0,5.0,8.0,13.0,2.0,2.0,2.0,3.0,0.0,3.0,4.0,47.0,12.0,82.7,80.0,50.0,20.0,0.8,2.4,1.0,18.7,30.8,24.6,11.4,3.2,13.5,8.4,30.4
2509228,11,984927,CASADEMONT ZARAGOZA,HOME,2382632,A. Cativiela Aisa,A. Cativiela Aisa,0,17.7,1064.0,8.0,2.0,3.0,1.0,3.0,3.0,6.0,1.0,2.0,0.0,4.0,4.0,4.0,0.0,1.0,0.0,0.0,3.0,2.0,12.0,23.0,58.1,58.3,50.0,33.3,1.3,1.0,1.0,0.0,26.6,13.1,33.9,2.7,0.0,0.0,15.2
2509228,11,984927,CASADEMONT ZARAGOZA,HOME,2073295,R. Valero Lopez,R. Valero Lopez,1,13.0,781.0,6.0,2.0,2.0,0.0,3.0,2.0,5.0,2.0,2.0,0.0,1.0,1.0,1.0,0.0,0.0,0.0,0.0,1.0,2.0,6.0,3.0,51.0,40.0,60.0,40.0,2.0,0.0,1.0,0.0,9.0,4.5,11.0,0.0,0.0,0.0,17.7
2509228,11,984927,CASADEMONT ZARAGOZA,HOME,2382801,J. Prieto Alejandre,J. Prieto Alejandre,0,1.8,108.0,0.0,0.0,0.0,0.0,0.0,0.0,0.0,0.0,0.0,0.0,0.0,0.0,0.0,1.0,0.0,0.0,0.0,1.0,0.0,-2.0,1.0,0.0,0.0,0.0,0.0,0.0,0.0,0.0,0.0,0.0,0.0,0.0,0.0,0.0,100.0,21.8
2509228,11,984927,CASADEMONT ZARAGOZA,HOME,2340834,Y. Traore,Y. Traore,1,29.6,1777.0,20.0,9.0,15.0,0.0,0.0,9.0,15.0,2.0,4.0,4.0,8.0,12.0,5.0,1.0,1.0,1.0,0.0,3.0,5.0,32.0,22.0,59.7,60.0,0.0,26.7,1.2,0.0,0.8,15.4,31.8,23.5,29.6,1.6,4.7,5.6,23.5
2509228,11,984927,CASADEMONT ZARAGOZA,HOME,2648124,A. Rodriguez Aguila,A. Rodriguez Aguila,0,11.0,660.0,6.0,3.0,6.0,0.0,0.0,3.0,6.0,0.0,0.0,3.0,0.0,3.0,1.0,1.0,0.0,1.0,0.0,3.0,0.0,4.0,0.0,50.0,50.0,0.0,0.0,1.0,0.0,0.0,31.2,0.0,15.8,12.3,0.0,12.5,14.3,24.9
2509228,11,984927,CASADEMONT ZARAGOZA,HOME,2704549,K. Soumalia Salif,K. Soumalia Salif,0,11.1,663.0,4.0,1.0,2.0,0.0,0.0,1.0,2.0,2.0,2.0,3.0,2.0,5.0,0.0,1.0,0.0,0.0,0.0,3.0,1.0,5.0,2.0,69.4,50.0,0.0,100.0,1.0,0.0,2.0,30.9,21.2,26.1,0.0,0.0,0.0,25.8,13.7
2509228,11,984791,BURGOS GRUPO DE SANTIAGO,AWAY,2535384,M. Bella Cabañas,M. Bella Cabañas,1,25.0,1499.0,9.0,2.0,4.0,1.0,1.0,3.0,5.0,2.0,5.0,2.0,3.0,5.0,2.0,2.0,1.0,0.0,1.0,2.0,4.0,12.0,-4.0,62.5,70.0,20.0,100.0,1.0,3.0,1.2,9.4,13.7,11.6,15.9,2.0,0.0,21.7,16.8
2509228,11,984791,BURGOS GRUPO DE SANTIAGO,AWAY,2661261,R. Rodriguez,R. Rodriguez,1,28.9,1735.0,4.0,0.0,5.0,1.0,3.0,1.0,8.0,1.0,4.0,0.0,0.0,0.0,3.0,3.0,2.0,0.0,2.0,1.0,3.0,-2.0,-15.0,20.5,18.8,37.5,50.0,0.0,1.0,1.3,0.0,0.0,0.0,17.4,3.4,0.0,23.5,20.2
2509228,11,984791,BURGOS GRUPO DE SANTIAGO,AWAY,2436134,A. Traore,A. Traore,1,27.0,1621.0,11.0,5.0,8.0,0.0,1.0,5.0,9.0,1.0,4.0,1.0,4.0,5.0,0.0,0.0,1.0,1.0,0.0,3.0,6.0,14.0,-12.0,51.1,55.6,11.1,44.4,1.2,0.0,0.7,4.4,16.9,10.7,0.0,1.8,3.2,0.0,18.2
2509228,11,984791,BURGOS GRUPO DE SANTIAGO,AWAY,2162563,A. Laso Careaga,A. Laso Careaga,0,18.1,1088.0,2.0,1.0,3.0,0.0,2.0,1.0,5.0,0.0,0.0,1.0,3.0,4.0,7.0,1.0,1.0,0.0,1.0,2.0,3.0,10.0,-3.0,20.0,20.0,40.0,0.0,0.7,0.0,0.0,6.5,18.9,12.8,58.3,2.7,0.0,16.7,15.2
2509228,11,984791,BURGOS GRUPO DE SANTIAGO,AWAY,2103560,A. Reyes Abad,A. Reyes Abad,0,17.6,1056.0,11.0,0.0,0.0,1.0,3.0,1.0,3.0,8.0,8.0,0.0,2.0,2.0,0.0,2.0,1.0,0.0,0.0,3.0,5.0,12.0,-6.0,84.4,50.0,100.0,266.7,0.0,1.0,1.6,0.0,13.0,6.6,0.0,2.8,0.0,23.5,22.1
2509228,11,984791,BURGOS GRUPO DE SANTIAGO,AWAY,2690845,F. Nuñez,F. Nuñez,1,16.5,988.0,5.0,0.0,0.0,1.0,5.0,1.0,5.0,2.0,2.0,0.0,0.0,0.0,1.0,1.0,0.0,0.0,0.0,4.0,1.0,-2.0,-8.0,42.5,30.0,100.0,40.0,0.0,0.6,2.0,0.0,0.0,0.0,10.6,0.0,0.0,14.5,19.1
2509228,11,984791,BURGOS GRUPO DE SANTIAGO,AWAY,2045029,D. Rodriguez Ramos,D. Rodriguez Ramos,0,20.7,1240.0,16.0,0.0,0.0,5.0,7.0,5.0,7.0,1.0,2.0,0.0,0.0,0.0,0.0,1.0,0.0,0.0,0.0,2.0,1.0,11.0,-11.0,101.5,107.1,100.0,28.6,0.0,2.1,2.0,0.0,0.0,0.0,0.0,0.0,0.0,11.3,19.6
2509228,11,984791,BURGOS GRUPO DE SANTIAGO,AWAY,2210291,E. Franco Sanz,E. Franco Sanz,0,2.5,149.0,0.0,0.0,0.0,0.0,0.0,0.0,0.0,0.0,0.0,0.0,0.0,0.0,0.0,0.0,0.0,0.0,0.0,1.0,1.0,0.0,-7.0,0.0,0.0,0.0,0.0,0.0,0.0,0.0,0.0,0.0,0.0,0.0,0.0,0.0,0.0,0.0
2509228,11,984791,BURGOS GRUPO DE SANTIAGO,AWAY,2610623,L. Krispin,L. Krispin,0,19.9,1196.0,16.0,2.0,5.0,3.0,6.0,5.0,11.0,3.0,4.0,0.0,1.0,1.0,0.0,1.0,1.0,0.0,1.0,4.0,2.0,8.0,-19.0,62.7,59.1,54.5,36.4,0.8,1.5,2.0,0.0,5.7,2.9,0.0,2.5,0.0,7.3,31.6
2509228,11,984791,BURGOS GRUPO DE SANTIAGO,AWAY,2790234,J. Taboada Lühers,J. Taboada Lühers,1,23.8,1428.0,11.0,3.0,4.0,1.0,3.0,4.0,7.0,2.0,4.0,1.0,1.0,2.0,2.0,2.0,0.0,0.0,0.0,1.0,3.0,10.0,0.0,62.8,64.3,42.9,57.1,1.5,1.0,1.3,4.9,4.8,4.9,17.2,0.0,0.0,18.6,20.7
2509229,11,984926,FUNDACIÓN CB CANARIAS,HOME,2044955,X. Lopez Rodriguez,X. Lopez Rodriguez,1,32.1,1928.0,27.0,9.0,14.0,0.0,2.0,9.0,16.0,9.0,17.0,3.0,3.0,6.0,1.0,1.0,2.0,0.0,0.0,5.0,13.0,28.0,-2.0,57.5,56.2,12.5,106.2,1.3,0.0,1.3,10.1,12.9,11.3,6.3,3.6,0.0,4.1,35.0
2509229,11,984926,FUNDACIÓN CB CANARIAS,HOME,2444602,L. Riga,L. Riga,0,17.4,1042.0,0.0,0.0,2.0,0.0,2.0,0.0,4.0,0.0,0.0,1.0,2.0,3.0,2.0,2.0,1.0,0.0,0.0,2.0,0.0,-2.0,-9.0,0.0,0.0,50.0,0.0,0.0,0.0,0.0,6.2,15.9,10.4,16.1,3.3,0.0,33.3,15.8
2509229,11,984926,FUNDACIÓN CB CANARIAS,HOME,2007163,D. Fernandez Trujillo,D. Fernandez Trujillo,0,21.4,1282.0,5.0,1.0,2.0,1.0,4.0,2.0,6.0,0.0,0.0,0.0,0.0,0.0,1.0,1.0,1.0,0.0,0.0,0.0,0.0,2.0,-3.0,41.7,41.7,66.7,0.0,1.0,0.8,0.0,0.0,0.0,0.0,7.4,2.7,0.0,14.3,15.0
2509229,11,984926,FUNDACIÓN CB CANARIAS,HOME,1856308,D. Acosta Moliné,D. Acosta Moliné,1,27.0,1621.0,4.0,2.0,4.0,0.0,0.0,2.0,4.0,0.0,2.0,3.0,5.0,8.0,3.0,2.0,2.0,0.0,0.0,1.0,2.0,12.0,11.0,41.0,50.0,0.0,50.0,1.0,0.0,1.0,12.0,25.5,18.0,15.2,4.2,0.0,29.1,11.7
2509229,11,984926,FUNDACIÓN CB CANARIAS,HOME,2829962,D. Bordón Dri,D. Bordón Dri,1,30.2,1815.0,26.0,8.0,15.0,2.0,6.0,10.0,21.0,4.0,4.0,2.0,2.0,4.0,1.0,2.0,2.0,0.0,1.0,2.0,2.0,20.0,0.0,57.1,52.4,28.6,19.0,1.1,1.0,2.0,7.2,9.1,8.0,6.8,3.8,0.0,8.1,37.6
2509229,11,984926,FUNDACIÓN CB CANARIAS,HOME,2181003,R. Rodriguez Galvan,R. Rodriguez Galvan,1,26.4,1581.0,2.0,1.0,5.0,0.0,3.0,1.0,8.0,0.0,0.0,2.0,0.0,2.0,2.0,0.0,0.0,0.0,2.0,4.0,2.0,-3.0,-10.0,12.5,12.5,37.5,0.0,0.4,0.0,0.0,8.2,0.0,4.6,9.7,0.0,0.0,0.0,13.9
2509229,11,984926,FUNDACIÓN CB CANARIAS,HOME,2470375,M. Sangare,M. Sangare,1,29.8,1785.0,18.0,3.0,4.0,4.0,4.0,7.0,8.0,0.0,0.0,3.0,2.0,5.0,0.0,0.0,1.0,1.0,0.0,1.0,1.0,24.0,-3.0,112.5,112.5,50.0,0.0,1.5,3.0,0.0,10.9,9.3,10.2,0.0,1.9,5.2,0.0,12.3
2509229,11,984926,FUNDACIÓN CB CANARIAS,HOME,2137337,A. Perez Lopez,A. Perez Lopez,0,6.5,390.0,0.0,0.0,0.0,0.0,0.0,0.0,0.0,0.0,0.0,0.0,1.0,1.0,1.0,0.0,0.0,0.0,0.0,1.0,0.0,1.0,7.0,0.0,0.0,0.0,0.0,0.0,0.0,0.0,0.0,21.2,9.3,16.1,0.0,0.0,0.0,0.0
2509229,11,984926,FUNDACIÓN CB CANARIAS,HOME,2362551,E. Lima Teixeira,E. Lima Teixeira,0,9.3,556.0,0.0,0.0,2.0,0.0,0.0,0.0,2.0,0.0,0.0,1.0,1.0,2.0,1.0,0.0,0.0,0.0,0.0,1.0,0.0,0.0,-1.0,0.0,0.0,0.0,0.0,0.0,0.0,0.0,11.6,14.8,13.0,16.1,0.0,0.0,0.0,9.9
2509229,11,984792,REAL MADRID,AWAY,2480762,G. Grinvalds,G. Grinvalds,1,26.6,1594.0,16.0,2.0,3.0,3.0,5.0,5.0,8.0,3.0,4.0,3.0,6.0,9.0,2.0,4.0,3.0,1.0,0.0,5.0,2.0,20.0,7.0,82.0,81.2,62.5,50.0,1.3,1.8,2.0,15.6,24.4,20.5,14.4,6.3,3.1,29.1,24.9
2509229,11,984792,REAL MADRID,AWAY,2094410,H. Alonso Martinez,H. Alonso Martinez,1,29.9,1797.0,6.0,1.0,3.0,0.0,4.0,1.0,7.0,4.0,7.0,1.0,2.0,3.0,6.0,1.0,0.0,0.0,0.0,2.0,3.0,6.0,6.0,29.8,14.3,57.1,100.0,0.7,0.0,2.3,4.6,7.2,6.1,33.5,0.0,0.0,9.0,17.8
2509229,11,984792,REAL MADRID,AWAY,2735493,F. Kayser,F. Kayser,1,7.1,425.0,0.0,0.0,1.0,0.0,0.0,0.0,1.0,0.0,0.0,0.0,0.0,0.0,0.0,1.0,0.0,0.0,0.0,1.0,1.0,-2.0,-15.0,0.0,0.0,0.0,0.0,0.0,0.0,0.0,0.0,0.0,0.0,0.0,0.0,0.0,50.0,13.6
2509229,11,984792,REAL MADRID,AWAY,2286044,I. Ruperez Nuñez-Morgades,I. Ruperez Nuñez-Morgades,0,14.2,849.0,0.0,0.0,0.0,0.0,1.0,0.0,1.0,0.0,0.0,2.0,0.0,2.0,0.0,1.0,0.0,0.0,0.0,0.0,1.0,1.0,-8.0,0.0,0.0,100.0,0.0,0.0,0.0,0.0,19.4,0.0,8.5,0.0,0.0,0.0,50.0,6.8
2509229,11,984792,REAL MADRID,AWAY,2662049,A. Bjelic,A. Bjelic,0,30.7,1842.0,29.0,2.0,7.0,7.0,14.0,9.0,21.0,4.0,4.0,1.0,2.0,3.0,4.0,2.0,0.0,0.0,0.0,2.0,3.0,23.0,5.0,63.7,59.5,66.7,19.0,0.6,1.5,1.3,4.5,7.0,5.9,31.7,0.0,0.0,8.1,38.8
2509229,11,984792,REAL MADRID,AWAY,2735491,A. Fantic,A. Fantic,0,5.3,321.0,3.0,0.0,0.0,1.0,2.0,1.0,2.0,0.0,0.0,0.0,0.0,0.0,1.0,0.0,0.0,0.0,0.0,1.0,0.0,2.0,4.0,75.0,75.0,100.0,0.0,0.0,1.5,0.0,0.0,0.0,0.0,58.8,0.0,0.0,0.0,18.2
2509229,11,984792,REAL MADRID,AWAY,2043083,R. Rioja Achiaga,R. Rioja Achiaga,0,3.5,207.0,1.0,0.0,0.0,0.0,0.0,0.0,0.0,1.0,2.0,1.0,0.0,1.0,0.0,0.0,0.0,0.0,0.0,0.0,1.0,2.0,-6.0,56.8,0.0,0.0,0.0,0.0,0.0,2.0,39.4,0.0,17.3,0.0,0.0,0.0,0.0,12.1
2509229,11,984792,REAL MADRID,AWAY,2029762,D. Krohnert Moto,D. Krohnert Moto,0,23.7,1422.0,9.0,2.0,2.0,1.0,4.0,3.0,6.0,2.0,2.0,1.0,2.0,3.0,0.0,2.0,0.0,2.0,0.0,4.0,2.0,7.0,3.0,65.4,58.3,66.7,33.3,2.0,0.8,1.0,5.8,9.1,7.7,0.0,0.0,7.0,22.5,18.0
2509229,11,984792,REAL MADRID,AWAY,2817763,E. Amosov,E. Amosov,1,22.5,1350.0,6.0,1.0,2.0,1.0,3.0,2.0,5.0,1.0,2.0,1.0,3.0,4.0,1.0,2.0,0.0,0.0,1.0,4.0,1.0,2.0,6.0,51.0,50.0,60.0,40.0,1.0,1.0,2.0,6.1,14.4,10.8,7.0,0.0,0.0,25.4,16.9
2509229,11,984792,REAL MADRID,AWAY,2679004,O. Diarra,O. Diarra,1,36.5,2193.0,14.0,6.0,8.0,0.0,0.0,6.0,8.0,2.0,2.0,3.0,7.0,10.0,1.0,1.0,0.0,0.0,0.0,1.0,2.0,23.0,8.0,78.8,75.0,0.0,25.0,1.5,0.0,1.0,11.3,20.7,16.6,5.5,0.0,0.0,10.1,13.0
2509230,11,984928,BARÇA ATLÈTIC,HOME,2642482,A. Kone,A. Kone,0,10.9,657.0,8.0,4.0,6.0,0.0,0.0,4.0,6.0,0.0,0.0,1.0,3.0,4.0,1.0,0.0,0.0,0.0,0.0,1.0,0.0,10.0,-15.0,66.7,66.7,0.0,0.0,1.3,0.0,0.0,9.7,29.8,19.6,22.7,0.0,0.0,0.0,22.9
2509230,11,984928,BARÇA ATLÈTIC,HOME,2642172,J. Siftar,J. Siftar,1,18.0,1078.0,4.0,2.0,5.0,0.0,2.0,2.0,7.0,0.0,0.0,1.0,0.0,1.0,1.0,4.0,1.0,0.0,0.0,0.0,1.0,-1.0,-2.0,28.6,28.6,28.6,0.0,0.8,0.0,0.0,5.8,0.0,3.0,8.3,2.7,0.0,36.4,25.4
2509230,11,984928,BARÇA ATLÈTIC,HOME,2082056,N. Poza Cervantes,N. Poza Cervantes,1,29.8,1789.0,11.0,1.0,1.0,1.0,3.0,2.0,4.0,6.0,6.0,0.0,2.0,2.0,3.0,2.0,0.0,0.0,0.0,3.0,5.0,14.0,1.0,82.8,62.5,75.0,150.0,2.0,1.0,1.2,0.0,7.3,3.6,17.0,0.0,0.0,23.1,12.1
2509230,11,984928,BARÇA ATLÈTIC,HOME,2256034,J. Cerdan Palacios,J. Cerdan Palacios,0,15.8,951.0,8.0,3.0,6.0,0.0,1.0,3.0,7.0,2.0,2.0,3.0,0.0,3.0,2.0,0.0,2.0,0.0,0.0,1.0,1.0,11.0,-19.0,50.8,42.9,14.3,28.6,1.0,0.0,2.0,20.0,0.0,10.1,24.4,6.2,0.0,0.0,20.7
2509230,11,984928,BARÇA ATLÈTIC,HOME,2550554,S. Keita,S. Keita,1,23.0,1382.0,13.0,6.0,8.0,0.0,0.0,6.0,8.0,1.0,1.0,0.0,5.0,5.0,0.0,1.0,3.0,4.0,1.0,2.0,1.0,21.0,6.0,77.0,75.0,0.0,12.5,1.5,0.0,1.0,0.0,23.5,11.6,0.0,6.4,14.5,10.6,17.1
2509230,11,984928,BARÇA ATLÈTIC,HOME,2166517,D. Gonzalez Castro,D. Gonzalez Castro,0,21.8,1310.0,2.0,0.0,3.0,0.0,2.0,0.0,5.0,2.0,2.0,1.0,0.0,1.0,3.0,2.0,0.0,0.0,1.0,2.0,2.0,-1.0,-9.0,17.0,0.0,40.0,40.0,0.0,0.0,1.0,4.8,0.0,2.4,21.4,0.0,0.0,25.4,15.0
2509230,11,984928,BARÇA ATLÈTIC,HOME,2218824,O. Filba Gonzalez,O. Filba Gonzalez,0,13.7,823.0,0.0,0.0,1.0,0.0,0.0,0.0,1.0,0.0,0.0,0.0,1.0,1.0,1.0,0.0,0.0,0.0,1.0,2.0,0.0,-1.0,-17.0,0.0,0.0,0.0,0.0,0.0,0.0,0.0,0.0,7.9,3.9,11.9,0.0,0.0,0.0,3.0
2509230,11,984928,BARÇA ATLÈTIC,HOME,2641337,J. Boumtje Boumtje,J. Boumtje Boumtje,0,26.9,1615.0,6.0,2.0,5.0,0.0,5.0,2.0,10.0,2.0,2.0,2.0,5.0,7.0,1.0,5.0,0.0,1.0,0.0,4.0,2.0,0.0,-18.0,27.6,20.0,50.0,20.0,0.8,0.0,1.0,7.8,20.1,13.9,5.7,0.0,3.1,31.5,24.5
2509230,11,984928,BARÇA ATLÈTIC,HOME,2646614,N. Kusturica,N. Kusturica,1,21.5,1291.0,14.0,3.0,8.0,2.0,7.0,5.0,15.0,2.0,4.0,4.0,4.0,8.0,4.0,2.0,0.0,0.0,0.0,2.0,5.0,15.0,2.0,41.8,40.0,46.7,26.7,0.8,0.9,0.8,19.6,20.1,19.8,44.4,0.0,0.0,10.7,36.3
2509230,11,984928,BARÇA ATLÈTIC,HOME,2642481,M. Dabone,M. Dabone,1,18.4,1104.0,13.0,2.0,3.0,2.0,4.0,4.0,7.0,3.0,4.0,2.0,4.0,6.0,0.0,1.0,0.0,1.0,0.0,3.0,2.0,14.0,6.0,74.2,71.4,57.1,57.1,1.3,1.5,2.0,11.4,23.5,17.4,0.0,0.0,4.5,10.2,22.0
2509230,11,984923,GRAN CANARIA,AWAY,2441048,E. Heinonen,E. Heinonen,1,29.2,1751.0,20.0,6.0,9.0,2.0,5.0,8.0,14.0,2.0,4.0,2.0,2.0,4.0,2.0,4.0,4.0,0.0,1.0,3.0,2.0,17.0,11.0,63.5,64.3,35.7,28.6,1.3,1.2,2.0,7.4,7.2,7.3,12.7,6.7,0.0,20.2,28.6
2509230,11,984923,GRAN CANARIA,AWAY,2044256,J. Arteaga Giner,J. Arteaga Giner,0,13.2,790.0,9.0,0.0,0.0,3.0,4.0,3.0,4.0,0.0,0.0,1.0,1.0,2.0,0.0,0.0,0.0,0.0,0.0,2.0,0.0,8.0,16.0,112.5,112.5,100.0,0.0,0.0,2.2,0.0,8.2,8.0,8.1,0.0,0.0,0.0,0.0,12.8
2509230,11,984923,GRAN CANARIA,AWAY,2033475,M. Oliver Gracia,M. Oliver Gracia,0,3.9,236.0,0.0,0.0,0.0,0.0,1.0,0.0,1.0,0.0,0.0,0.0,0.0,0.0,0.0,0.0,0.0,0.0,0.0,0.0,0.0,-1.0,-4.0,0.0,0.0,100.0,0.0,0.0,0.0,0.0,0.0,0.0,0.0,0.0,0.0,0.0,0.0,10.8
2509230,11,984923,GRAN CANARIA,AWAY,1885980,F. Díaz Herrera,F. Díaz Herrera,0,17.9,1072.0,11.0,3.0,6.0,1.0,1.0,4.0,7.0,2.0,3.0,0.0,0.0,0.0,7.0,0.0,1.0,0.0,1.0,1.0,3.0,17.0,5.0,66.1,64.3,14.3,42.9,1.0,3.0,1.0,0.0,0.0,0.0,72.9,2.7,0.0,0.0,19.6
2509230,11,984923,GRAN CANARIA,AWAY,2834161,W. Tsafack,W. Tsafack,1,28.9,1732.0,16.0,6.0,13.0,0.0,1.0,6.0,14.0,4.0,5.0,4.0,3.0,7.0,2.0,1.0,0.0,1.0,2.0,2.0,6.0,20.0,5.0,49.4,42.9,7.1,35.7,0.9,0.0,0.8,15.0,10.9,12.9,11.2,0.0,3.0,5.8,25.1
2509230,11,984923,GRAN CANARIA,AWAY,2760153,C. Mbengue,C. Mbengue,1,25.5,1530.0,10.0,5.0,9.0,0.0,0.0,5.0,9.0,0.0,0.0,4.0,7.0,11.0,1.0,2.0,2.0,2.0,2.0,1.0,0.0,19.0,-7.0,55.6,55.6,0.0,0.0,1.1,0.0,0.0,17.0,28.9,23.0,6.5,3.8,6.8,18.2,18.2
2509230,11,984923,GRAN CANARIA,AWAY,2177916,P. Pasqua Amat,P. Pasqua Amat,0,7.1,425.0,0.0,0.0,0.0,0.0,0.0,0.0,0.0,0.0,0.0,0.0,1.0,1.0,0.0,0.0,0.0,0.0,0.0,1.0,0.0,0.0,4.0,0.0,0.0,0.0,0.0,0.0,0.0,0.0,0.0,14.8,7.5,0.0,0.0,0.0,0.0,0.0
2509230,11,984923,GRAN CANARIA,AWAY,2563387,M. Coulibaly,M. Coulibaly,0,17.1,1026.0,6.0,3.0,5.0,0.0,0.0,3.0,5.0,0.0,2.0,1.0,1.0,2.0,1.0,1.0,0.0,0.0,0.0,3.0,1.0,2.0,14.0,51.0,60.0,0.0,40.0,1.2,0.0,2.0,6.3,6.2,6.2,9.4,0.0,0.0,14.5,17.0
2509230,11,984923,GRAN CANARIA,AWAY,2129323,J. Yánez García,J. Yánez García,0,3.8,230.0,6.0,0.0,0.0,2.0,2.0,2.0,2.0,0.0,0.0,0.0,1.0,1.0,0.0,0.0,0.0,0.0,0.0,0.0,0.0,7.0,12.0,150.0,150.0,100.0,0.0,0.0,3.0,0.0,0.0,27.7,14.0,0.0,0.0,0.0,0.0,22.2
2509230,11,984923,GRAN CANARIA,AWAY,2087418,G. Baez Pierson,G. Baez Pierson,1,26.1,1565.0,9.0,1.0,2.0,1.0,4.0,2.0,6.0,4.0,6.0,1.0,3.0,4.0,3.0,1.0,4.0,0.0,0.0,3.0,4.0,14.0,2.0,52.1,41.7,66.7,100.0,1.0,0.8,1.5,4.1,12.1,8.2,13.8,7.5,0.0,10.4,15.6
2509230,11,984923,GRAN CANARIA,AWAY,2827856,B. González Ramírez,B. González Ramírez,1,27.4,1643.0,5.0,0.0,4.0,1.0,6.0,1.0,10.0,2.0,2.0,0.0,5.0,5.0,13.0,4.0,1.0,0.0,0.0,3.0,3.0,11.0,7.0,23.0,15.0,60.0,20.0,0.0,0.5,0.7,0.0,19.2,9.7,57.0,1.8,0.0,26.9,22.9
2509231,11,984930,BAXI MANRESA,HOME,2024613,M. Villalonga Asensio,M. Villalonga Asensio,0,14.3,856.0,3.0,1.0,5.0,0.0,2.0,1.0,7.0,1.0,1.0,1.0,3.0,4.0,1.0,0.0,0.0,0.0,0.0,1.0,2.0,3.0,-7.0,20.2,14.3,28.6,14.3,0.4,0.0,0.5,7.0,19.1,13.3,10.2,0.0,0.0,0.0,22.7
2509231,11,984930,BAXI MANRESA,HOME,2739297,I. Francisco,I. Francisco,1,16.7,1000.0,3.0,0.0,3.0,1.0,3.0,1.0,6.0,0.0,0.0,1.0,3.0,4.0,3.0,3.0,1.0,0.0,0.0,2.0,2.0,3.0,-2.0,25.0,25.0,50.0,0.0,0.0,1.0,0.0,6.0,16.3,11.4,30.6,3.1,0.0,33.3,23.5
2509231,11,984930,BAXI MANRESA,HOME,1959173,M. Rosell Lanza,M. Rosell Lanza,1,23.9,1432.0,4.0,2.0,4.0,0.0,3.0,2.0,7.0,0.0,0.0,0.0,5.0,5.0,0.0,0.0,2.0,1.0,0.0,2.0,2.0,7.0,6.0,28.6,28.6,42.9,0.0,1.0,0.0,0.0,0.0,19.0,10.0,0.0,4.4,3.9,0.0,12.8
2509231,11,984930,BAXI MANRESA,HOME,2528977,B. Jekabsons,B. Jekabsons,0,12.6,756.0,5.0,1.0,4.0,1.0,2.0,2.0,6.0,0.0,0.0,0.0,0.0,0.0,0.0,1.0,0.0,0.0,0.0,3.0,0.0,-3.0,0.0,41.7,41.7,33.3,0.0,0.5,1.5,0.0,0.0,0.0,0.0,0.0,0.0,0.0,14.3,24.2
2509231,11,984930,BAXI MANRESA,HOME,2081822,A. Muncunill Ferrer,A. Muncunill Ferrer,0,19.4,1166.0,2.0,1.0,3.0,0.0,2.0,1.0,5.0,0.0,0.0,2.0,2.0,4.0,3.0,1.0,0.0,0.0,0.0,2.0,1.0,3.0,-1.0,20.0,20.0,40.0,0.0,0.7,0.0,0.0,10.3,9.4,9.8,24.0,0.0,0.0,16.7,13.5
2509231,11,984930,BAXI MANRESA,HOME,2738788,L. Bergseng,L. Bergseng,1,27.1,1627.0,16.0,2.0,4.0,4.0,7.0,6.0,11.0,0.0,0.0,2.0,2.0,4.0,3.0,0.0,0.0,2.0,0.0,0.0,1.0,21.0,7.0,72.7,72.7,63.6,0.0,1.0,1.7,0.0,7.4,6.7,7.0,23.3,0.0,6.9,0.0,17.7
2509231,11,984930,BAXI MANRESA,HOME,2295371,G. Ecker Alberti,G. Ecker Alberti,1,12.0,722.0,3.0,0.0,0.0,1.0,3.0,1.0,3.0,0.0,0.0,0.0,1.0,1.0,0.0,1.0,0.0,0.0,0.0,3.0,0.0,-2.0,2.0,50.0,50.0,100.0,0.0,0.0,1.0,0.0,0.0,7.6,4.0,0.0,0.0,0.0,25.0,14.5
2509231,11,984930,BAXI MANRESA,HOME,2153495,J. Salo Blaya,J. Salo Blaya,0,13.5,812.0,4.0,2.0,4.0,0.0,0.0,2.0,4.0,0.0,0.0,2.0,0.0,2.0,0.0,1.0,1.0,0.0,0.0,5.0,0.0,-1.0,-1.0,50.0,50.0,0.0,0.0,1.0,0.0,0.0,14.8,0.0,7.1,0.0,3.9,0.0,20.0,16.1
2509231,11,984930,BAXI MANRESA,HOME,2081670,G. Naspler Perez,G. Naspler Perez,0,26.8,1607.0,22.0,6.0,8.0,2.0,5.0,8.0,13.0,4.0,9.0,0.0,5.0,5.0,2.0,3.0,4.0,0.0,1.0,2.0,8.0,26.0,12.0,64.9,69.2,38.5,69.2,1.5,1.2,1.1,0.0,17.0,8.9,18.3,7.8,0.0,15.0,32.4
2509231,11,984930,BAXI MANRESA,HOME,2145902,F. Torreblanca Catalan,F. Torreblanca Catalan,1,28.4,1701.0,7.0,0.0,4.0,2.0,7.0,2.0,11.0,1.0,1.0,3.0,4.0,7.0,3.0,3.0,2.0,0.0,1.0,1.0,4.0,10.0,4.0,30.6,27.3,63.6,9.1,0.0,0.9,0.2,10.6,12.8,11.7,17.8,3.7,0.0,20.8,22.1
2509231,11,984930,BAXI MANRESA,HOME,2353230,M. Ndiaye,M. Ndiaye,0,5.3,321.0,2.0,1.0,1.0,0.0,0.0,1.0,1.0,0.0,0.0,1.0,3.0,4.0,0.0,0.0,0.0,0.0,0.0,1.0,0.0,5.0,-10.0,100.0,100.0,0.0,0.0,2.0,0.0,0.0,18.9,51.5,35.9,0.0,0.0,0.0,0.0,8.2
2509231,11,984929,JOVENTUT BADALONA,AWAY,2081709,E. Del Castillo Lindo,E. Del Castillo Lindo,1,15.3,921.0,4.0,2.0,2.0,0.0,0.0,2.0,2.0,0.0,1.0,2.0,5.0,7.0,2.0,0.0,0.0,1.0,0.0,4.0,1.0,10.0,2.0,82.0,100.0,0.0,50.0,2.0,0.0,1.0,11.9,32.7,21.8,22.7,0.0,6.5,0.0,6.9
2509231,11,984929,JOVENTUT BADALONA,AWAY,2081017,M. Julia Del Pozo,M. Julia Del Pozo,0,13.6,816.0,3.0,0.0,1.0,1.0,1.0,1.0,2.0,0.0,2.0,0.0,3.0,3.0,0.0,0.0,0.0,0.0,0.0,0.0,3.0,6.0,5.0,52.1,75.0,50.0,100.0,0.0,3.0,0.7,0.0,22.1,10.5,0.0,0.0,0.0,0.0,9.2
2509231,11,984929,JOVENTUT BADALONA,AWAY,2082268,S. Merebashvili Khutashvili,S. Merebashvili Khutashvili,0,10.3,620.0,0.0,0.0,0.0,0.0,3.0,0.0,3.0,0.0,0.0,0.0,1.0,1.0,0.0,1.0,0.0,0.0,0.0,1.0,0.0,-4.0,0.0,0.0,0.0,100.0,0.0,0.0,0.0,0.0,0.0,9.7,4.6,0.0,0.0,0.0,25.0,16.8
2509231,11,984929,JOVENTUT BADALONA,AWAY,2453512,P. Batlle Sole,P. Batlle Sole,0,2.9,175.0,0.0,0.0,0.0,0.0,0.0,0.0,0.0,0.0,0.0,1.0,0.0,1.0,1.0,0.0,0.0,0.0,0.0,0.0,0.0,2.0,1.0,0.0,0.0,0.0,0.0,0.0,0.0,0.0,31.3,0.0,16.4,37.0,0.0,0.0,0.0,0.0
2509231,11,984929,JOVENTUT BADALONA,AWAY,2156562,R. Torras Ferrer,R. Torras Ferrer,0,7.1,425.0,2.0,1.0,1.0,0.0,1.0,1.0,2.0,0.0,0.0,1.0,2.0,3.0,0.0,0.0,0.0,0.0,0.0,0.0,0.0,4.0,8.0,50.0,50.0,50.0,0.0,2.0,0.0,0.0,12.8,28.2,20.1,0.0,0.0,0.0,0.0,12.2
2509231,11,984929,JOVENTUT BADALONA,AWAY,2845979,M. Buben,M. Buben,0,16.8,1006.0,2.0,1.0,4.0,0.0,1.0,1.0,5.0,0.0,2.0,3.0,1.0,4.0,1.0,1.0,1.0,0.0,0.0,3.0,2.0,0.0,-3.0,17.0,20.0,20.0,40.0,0.5,0.0,1.0,16.2,6.0,11.3,10.2,3.0,0.0,14.5,17.7
2509231,11,984929,JOVENTUT BADALONA,AWAY,2241509,H. Ruiz Zamorano,H. Ruiz Zamorano,1,26.5,1592.0,9.0,4.0,7.0,0.0,6.0,4.0,13.0,1.0,1.0,1.0,3.0,4.0,2.0,2.0,2.0,0.0,1.0,3.0,4.0,7.0,-15.0,33.5,30.8,46.2,7.7,1.1,0.0,0.2,3.4,11.3,7.2,13.4,3.8,0.0,13.0,25.2
2509231,11,984929,JOVENTUT BADALONA,AWAY,2023675,A. Torres De La Torre,A. Torres De La Torre,1,37.1,2229.0,22.0,6.0,12.0,2.0,4.0,8.0,16.0,4.0,4.0,2.0,5.0,7.0,3.0,2.0,2.0,1.0,1.0,1.0,5.0,29.0,-3.0,61.9,56.2,25.0,25.0,1.0,1.5,0.8,4.9,13.5,9.0,18.4,2.7,2.7,10.1,23.1
2509231,11,984929,JOVENTUT BADALONA,AWAY,1943849,F. Mauri Guillen,F. Mauri Guillen,1,17.8,1066.0,7.0,2.0,4.0,1.0,7.0,3.0,11.0,0.0,2.0,2.0,0.0,2.0,3.0,4.0,0.0,0.0,0.0,4.0,2.0,-4.0,-8.0,29.5,31.8,63.6,18.2,1.0,0.4,1.0,10.2,0.0,5.4,38.5,0.0,0.0,25.2,38.6
2509231,11,984929,JOVENTUT BADALONA,AWAY,2535717,K. Macías Book,K. Macías Book,1,24.8,1490.0,2.0,0.0,2.0,0.0,0.0,0.0,2.0,2.0,2.0,2.0,4.0,6.0,1.0,2.0,0.0,0.0,1.0,1.0,1.0,5.0,-1.0,34.7,0.0,0.0,100.0,0.0,0.0,2.0,7.3,16.1,11.5,6.2,0.0,0.0,41.0,8.5
2509231,11,984929,JOVENTUT BADALONA,AWAY,2528952,D. Niebla Santos,D. Niebla Santos,0,27.7,1660.0,18.0,7.0,10.0,0.0,2.0,7.0,12.0,4.0,5.0,2.0,4.0,6.0,2.0,4.0,4.0,0.0,0.0,4.0,4.0,20.0,4.0,63.4,58.3,16.7,41.7,1.4,0.0,1.2,6.6,14.4,10.3,16.8,7.2,0.0,22.0,28.5
2509232,12,984928,BARÇA ATLÈTIC,HOME,2642482,A. Kone,A. Kone,0,18.1,1088.0,18.0,6.0,10.0,0.0,0.0,6.0,10.0,6.0,11.0,2.0,3.0,5.0,2.0,2.0,1.0,0.0,0.0,2.0,7.0,20.0,-6.0,60.6,60.0,0.0,110.0,1.2,0.0,1.6,14.3,15.8,15.1,25.0,2.7,0.0,11.9,40.3
2509232,12,984928,BARÇA ATLÈTIC,HOME,2458688,E. Montaner García,E. Montaner García,1,14.7,880.0,0.0,0.0,0.0,0.0,3.0,0.0,3.0,0.0,0.0,1.0,1.0,2.0,1.0,0.0,0.0,0.0,0.0,1.0,0.0,-1.0,-3.0,0.0,0.0,100.0,0.0,0.0,0.0,0.0,8.8,6.5,7.5,8.9,0.0,0.0,0.0,8.8
2509232,12,984928,BARÇA ATLÈTIC,HOME,2642172,J. Siftar,J. Siftar,0,13.3,801.0,4.0,2.0,4.0,0.0,2.0,2.0,6.0,0.0,1.0,0.0,0.0,0.0,0.0,3.0,0.0,0.0,0.0,2.0,1.0,-5.0,-7.0,31.1,33.3,33.3,16.7,1.0,0.0,1.0,0.0,0.0,0.0,0.0,0.0,0.0,31.8,30.7
2509232,12,984928,BARÇA ATLÈTIC,HOME,2647995,M. Keita,M. Keita,0,22.0,1321.0,10.0,4.0,7.0,0.0,0.0,4.0,7.0,2.0,2.0,2.0,7.0,9.0,2.0,1.0,0.0,0.0,0.0,2.0,2.0,17.0,18.0,63.5,57.1,0.0,28.6,1.1,0.0,1.0,11.7,30.3,22.4,15.6,0.0,0.0,11.3,17.5
2509232,12,984928,BARÇA ATLÈTIC,HOME,2082056,N. Poza Cervantes,N. Poza Cervantes,1,29.8,1785.0,7.0,0.0,0.0,2.0,8.0,2.0,8.0,1.0,2.0,1.0,2.0,3.0,4.0,1.0,0.0,0.0,0.0,2.0,1.0,5.0,7.0,39.4,37.5,100.0,25.0,0.0,0.8,2.0,4.3,6.4,5.5,22.7,0.0,0.0,10.1,14.3
2509232,12,984928,BARÇA ATLÈTIC,HOME,2550554,S. Keita,S. Keita,1,21.4,1283.0,9.0,3.0,7.0,0.0,0.0,3.0,7.0,3.0,4.0,1.0,0.0,1.0,0.0,2.0,1.0,2.0,0.0,1.0,3.0,8.0,10.0,51.4,42.9,0.0,57.1,0.9,0.0,1.3,6.0,0.0,2.6,0.0,2.3,11.0,18.6,21.8
2509232,12,984928,BARÇA ATLÈTIC,HOME,2166517,D. Gonzalez Castro,D. Gonzalez Castro,0,15.8,950.0,0.0,0.0,0.0,0.0,1.0,0.0,1.0,0.0,0.0,0.0,0.0,0.0,5.0,2.0,0.0,0.0,0.0,1.0,2.0,3.0,1.0,0.0,0.0,100.0,0.0,0.0,0.0,0.0,0.0,0.0,0.0,44.6,0.0,0.0,66.7,8.2
2509232,12,984928,BARÇA ATLÈTIC,HOME,2218824,O. Filba Gonzalez,O. Filba Gonzalez,0,10.2,615.0,0.0,0.0,1.0,0.0,0.0,0.0,1.0,0.0,0.0,0.0,0.0,0.0,3.0,1.0,1.0,0.0,0.0,0.0,0.0,2.0,-1.0,0.0,0.0,0.0,0.0,0.0,0.0,0.0,0.0,0.0,0.0,35.7,4.9,0.0,50.0,8.5
2509232,12,984928,BARÇA ATLÈTIC,HOME,2641337,J. Boumtje Boumtje,J. Boumtje Boumtje,1,25.4,1526.0,13.0,6.0,9.0,0.0,1.0,6.0,10.0,1.0,1.0,1.0,6.0,7.0,0.0,1.0,2.0,0.0,0.0,2.0,2.0,17.0,4.0,62.3,60.0,10.0,10.0,1.3,0.0,0.5,5.1,22.5,15.1,0.0,3.9,0.0,8.7,19.5
2509232,12,984928,BARÇA ATLÈTIC,HOME,2646614,N. Kusturica,N. Kusturica,1,29.2,1751.0,16.0,3.0,4.0,2.0,6.0,5.0,10.0,4.0,5.0,2.0,10.0,12.0,4.0,5.0,2.0,0.0,0.0,2.0,5.0,26.0,7.0,65.6,60.0,60.0,50.0,1.5,1.0,1.0,8.8,32.6,22.5,27.4,3.4,0.0,29.1,25.5
2509232,12,984926,FUNDACIÓN CB CANARIAS,AWAY,2044955,X. Lopez Rodriguez,X. Lopez Rodriguez,1,35.0,2097.0,17.0,4.0,11.0,3.0,9.0,7.0,20.0,0.0,1.0,4.0,6.0,10.0,5.0,1.0,2.0,0.0,0.0,2.0,5.0,22.0,2.0,41.6,42.5,45.0,5.0,0.7,1.0,0.2,10.9,22.1,15.7,32.3,2.8,0.0,4.7,26.1
2509232,12,984926,FUNDACIÓN CB CANARIAS,AWAY,2734732,E. Prekevicius,E. Prekevicius,0,10.8,649.0,5.0,1.0,1.0,1.0,2.0,2.0,3.0,0.0,0.0,1.0,0.0,1.0,0.0,0.0,1.0,0.0,0.0,0.0,0.0,6.0,-8.0,83.3,83.3,66.7,0.0,2.0,1.5,0.0,8.8,0.0,5.1,0.0,4.5,0.0,0.0,11.9
2509232,12,984926,FUNDACIÓN CB CANARIAS,AWAY,2444602,L. Riga,L. Riga,0,19.1,1145.0,4.0,2.0,3.0,0.0,3.0,2.0,6.0,0.0,0.0,3.0,4.0,7.0,0.0,1.0,0.0,0.0,0.0,4.0,0.0,2.0,-9.0,33.3,33.3,50.0,0.0,1.3,0.0,0.0,15.0,27.0,20.1,0.0,0.0,0.0,14.3,15.6
2509232,12,984926,FUNDACIÓN CB CANARIAS,AWAY,2007163,D. Fernandez Trujillo,D. Fernandez Trujillo,0,8.6,513.0,0.0,0.0,0.0,0.0,2.0,0.0,2.0,0.0,0.0,0.0,0.0,0.0,0.0,0.0,0.0,0.0,0.0,0.0,0.0,-2.0,-16.0,0.0,0.0,100.0,0.0,0.0,0.0,0.0,0.0,0.0,0.0,0.0,0.0,0.0,0.0,9.9
2509232,12,984926,FUNDACIÓN CB CANARIAS,AWAY,1856308,D. Acosta Moliné,D. Acosta Moliné,1,31.6,1896.0,7.0,2.0,4.0,1.0,1.0,3.0,5.0,0.0,0.0,3.0,5.0,8.0,2.0,1.0,0.0,0.0,1.0,5.0,1.0,10.0,-6.0,70.0,70.0,20.0,0.0,1.0,3.0,0.0,9.0,20.4,13.9,11.8,0.0,0.0,16.7,8.1
2509232,12,984926,FUNDACIÓN CB CANARIAS,AWAY,2829962,D. Bordón Dri,D. Bordón Dri,1,35.0,2101.0,12.0,1.0,6.0,3.0,8.0,4.0,14.0,1.0,2.0,1.0,2.0,3.0,5.0,6.0,3.0,0.0,0.0,4.0,2.0,4.0,-5.0,40.3,39.3,57.1,14.3,0.3,1.1,1.0,2.7,7.4,4.7,27.0,4.2,0.0,28.7,25.5
2509232,12,984926,FUNDACIÓN CB CANARIAS,AWAY,2181003,R. Rodriguez Galvan,R. Rodriguez Galvan,1,34.0,2042.0,10.0,1.0,3.0,2.0,13.0,3.0,16.0,2.0,2.0,0.0,1.0,1.0,5.0,1.0,1.0,0.0,0.0,3.0,2.0,2.0,2.0,29.6,25.0,81.2,12.5,0.7,0.5,1.0,0.0,3.8,1.6,29.4,1.4,0.0,5.6,22.4
2509232,12,984926,FUNDACIÓN CB CANARIAS,AWAY,2470375,M. Sangare,M. Sangare,1,24.2,1451.0,16.0,2.0,6.0,2.0,2.0,4.0,8.0,6.0,8.0,1.0,3.0,4.0,0.0,3.0,2.0,0.0,1.0,5.0,5.0,13.0,7.0,69.4,62.5,25.0,100.0,0.7,3.0,1.6,3.9,16.0,9.1,0.0,4.0,0.0,20.7,25.6
2509232,12,984926,FUNDACIÓN CB CANARIAS,AWAY,2129281,G. Hernández Expósito,G. Hernández Expósito,0,1.8,106.0,0.0,0.0,0.0,0.0,1.0,0.0,1.0,0.0,0.0,0.0,0.0,0.0,0.0,0.0,0.0,0.0,0.0,0.0,0.0,-1.0,3.0,0.0,0.0,100.0,0.0,0.0,0.0,0.0,0.0,0.0,0.0,0.0,0.0,0.0,0.0,23.7
2509233,12,984792,REAL MADRID,HOME,2227587,G. Tavier Montoya,G. Tavier Montoya,0,5.4,324.0,2.0,1.0,1.0,0.0,0.0,1.0,1.0,0.0,0.0,0.0,0.0,0.0,0.0,0.0,0.0,0.0,0.0,2.0,0.0,0.0,12.0,100.0,100.0,0.0,0.0,2.0,0.0,0.0,0.0,0.0,0.0,0.0,0.0,0.0,0.0,8.5
2509233,12,984792,REAL MADRID,HOME,2480762,G. Grinvalds,G. Grinvalds,1,18.9,1131.0,3.0,0.0,2.0,1.0,4.0,1.0,6.0,0.0,0.0,0.0,3.0,3.0,2.0,0.0,2.0,0.0,1.0,2.0,0.0,3.0,16.0,25.0,25.0,66.7,0.0,0.0,0.8,0.0,0.0,18.7,9.2,14.3,5.8,0.0,0.0,14.5
2509233,12,984792,REAL MADRID,HOME,2094410,H. Alonso Martinez,H. Alonso Martinez,1,17.3,1039.0,8.0,2.0,2.0,1.0,3.0,3.0,5.0,1.0,2.0,1.0,2.0,3.0,3.0,3.0,2.0,0.0,0.0,3.0,3.0,10.0,14.0,68.0,70.0,60.0,40.0,2.0,1.0,0.7,6.6,13.6,10.1,33.3,6.3,0.0,33.8,23.5
2509233,12,984792,REAL MADRID,HOME,2735493,F. Kayser,F. Kayser,1,18.8,1128.0,12.0,0.0,3.0,4.0,8.0,4.0,11.0,0.0,0.0,2.0,2.0,4.0,3.0,1.0,1.0,0.0,0.0,2.0,1.0,11.0,19.0,54.5,54.5,72.7,0.0,0.0,1.5,0.0,12.2,12.5,12.3,27.3,2.9,0.0,8.3,29.2
2509233,12,984792,REAL MADRID,HOME,2286044,I. Ruperez Nuñez-Morgades,I. Ruperez Nuñez-Morgades,0,8.3,498.0,2.0,1.0,2.0,0.0,0.0,1.0,2.0,0.0,0.0,1.0,0.0,1.0,0.0,0.0,0.0,0.0,0.0,0.0,0.0,2.0,3.0,50.0,50.0,0.0,0.0,1.0,0.0,0.0,13.8,0.0,7.0,0.0,0.0,0.0,0.0,11.0
2509233,12,984792,REAL MADRID,HOME,2645392,O. Kutluay,O. Kutluay,0,22.7,1361.0,12.0,1.0,2.0,2.0,3.0,3.0,5.0,4.0,4.0,0.0,3.0,3.0,8.0,0.0,3.0,0.0,0.0,1.0,4.0,27.0,25.0,88.8,80.0,60.0,80.0,1.0,2.0,1.0,0.0,15.5,7.7,53.3,7.2,0.0,0.0,13.6
2509233,12,984792,REAL MADRID,HOME,2662049,A. Bjelic,A. Bjelic,1,18.4,1106.0,10.0,2.0,6.0,1.0,3.0,3.0,9.0,3.0,3.0,0.0,1.0,1.0,4.0,0.0,0.0,0.0,2.0,1.0,1.0,9.0,27.0,48.4,38.9,33.3,33.3,0.7,1.0,3.0,0.0,6.4,3.2,33.3,0.0,0.0,0.0,25.7
2509233,12,984792,REAL MADRID,HOME,2043083,R. Rioja Achiaga,R. Rioja Achiaga,0,5.7,343.0,2.0,0.0,0.0,0.0,1.0,0.0,1.0,2.0,2.0,0.0,1.0,1.0,2.0,1.0,0.0,0.0,0.0,0.0,1.0,4.0,9.0,53.2,0.0,100.0,200.0,0.0,0.0,2.0,0.0,20.6,10.2,66.7,0.0,0.0,34.7,23.1
2509233,12,984792,REAL MADRID,HOME,2817763,E. Amosov,E. Amosov,0,27.9,1674.0,11.0,1.0,3.0,2.0,8.0,3.0,11.0,3.0,4.0,0.0,2.0,2.0,0.0,1.0,6.0,2.0,1.0,2.0,3.0,12.0,21.0,43.1,36.4,72.7,36.4,0.7,0.8,1.3,0.0,8.4,4.2,0.0,11.8,7.7,7.3,22.6
2509233,12,984792,REAL MADRID,HOME,2679004,O. Diarra,O. Diarra,1,21.9,1311.0,13.0,5.0,6.0,0.0,0.0,5.0,6.0,3.0,5.0,4.0,7.0,11.0,1.0,1.0,0.0,1.0,0.0,2.0,5.0,25.0,20.0,79.3,83.3,0.0,83.3,1.7,0.0,1.0,20.9,37.6,29.1,10.0,0.0,4.9,10.9,19.2
2509233,12,984792,REAL MADRID,HOME,2122875,I. Almansa Perez,I. Almansa Perez,0,25.7,1543.0,17.0,4.0,6.0,2.0,3.0,6.0,9.0,3.0,4.0,2.0,4.0,6.0,2.0,0.0,0.0,0.0,0.0,1.0,2.0,22.0,16.0,79.0,77.8,33.3,44.4,1.3,2.0,2.0,8.9,18.3,13.5,16.7,0.0,0.0,0.0,19.2
2509233,12,984792,REAL MADRID,HOME,2370180,O. Hadi Adegbite,O. Hadi Adegbite,0,9.0,542.0,0.0,0.0,2.0,0.0,0.0,0.0,2.0,0.0,2.0,0.0,2.0,2.0,0.0,1.0,0.0,0.0,1.0,1.0,1.0,-3.0,13.0,0.0,0.0,0.0,100.0,0.0,0.0,2.0,0.0,26.1,12.9,0.0,0.0,0.0,25.8,19.7
2509233,12,984923,GRAN CANARIA,AWAY,2441048,E. Heinonen,E. Heinonen,1,22.1,1324.0,10.0,2.0,5.0,2.0,5.0,4.0,10.0,0.0,0.0,0.0,0.0,0.0,1.0,2.0,1.0,0.0,0.0,1.0,2.0,5.0,-13.0,50.0,50.0,50.0,0.0,0.8,1.2,0.0,0.0,0.0,0.0,12.5,2.3,0.0,16.7,27.1
2509233,12,984923,GRAN CANARIA,AWAY,2044256,J. Arteaga Giner,J. Arteaga Giner,1,17.1,1026.0,0.0,0.0,1.0,0.0,1.0,0.0,2.0,0.0,0.0,1.0,3.0,4.0,0.0,1.0,0.0,0.0,0.0,2.0,1.0,0.0,-10.0,0.0,0.0,50.0,0.0,0.0,0.0,0.0,6.9,20.1,13.6,0.0,0.0,0.0,33.3,8.8
2509233,12,984923,GRAN CANARIA,AWAY,2033475,M. Oliver Gracia,M. Oliver Gracia,0,13.5,809.0,0.0,0.0,2.0,0.0,1.0,0.0,3.0,0.0,1.0,0.0,0.0,0.0,0.0,1.0,0.0,0.0,0.0,0.0,0.0,-5.0,-22.0,0.0,0.0,33.3,33.3,0.0,0.0,0.0,0.0,0.0,0.0,0.0,0.0,0.0,22.5,16.4
2509233,12,984923,GRAN CANARIA,AWAY,1885980,F. Díaz Herrera,F. Díaz Herrera,0,18.5,1111.0,2.0,0.0,1.0,0.0,0.0,0.0,1.0,2.0,4.0,0.0,0.0,0.0,3.0,4.0,0.0,0.0,0.0,1.0,3.0,0.0,-30.0,36.2,0.0,0.0,400.0,0.0,0.0,1.3,0.0,0.0,0.0,30.0,0.0,0.0,59.2,18.3
2509233,12,984923,GRAN CANARIA,AWAY,2834161,W. Tsafack,W. Tsafack,1,24.5,1468.0,12.0,5.0,7.0,0.0,0.0,5.0,7.0,2.0,4.0,3.0,6.0,9.0,0.0,2.0,0.0,1.0,1.0,2.0,2.0,16.0,-15.0,68.5,71.4,0.0,57.1,1.4,0.0,2.0,14.4,28.0,21.3,0.0,0.0,4.7,18.6,21.9
2509233,12,984923,GRAN CANARIA,AWAY,2760153,C. Mbengue,C. Mbengue,1,20.0,1198.0,13.0,4.0,5.0,0.0,0.0,4.0,5.0,5.0,5.0,3.0,3.0,6.0,1.0,1.0,0.0,3.0,0.0,1.0,3.0,23.0,-13.0,90.3,80.0,0.0,100.0,1.6,0.0,1.7,17.6,17.1,17.4,16.7,0.0,17.1,12.2,20.5
2509233,12,984923,GRAN CANARIA,AWAY,2177916,P. Pasqua Amat,P. Pasqua Amat,0,9.4,567.0,2.0,1.0,2.0,0.0,1.0,1.0,3.0,0.0,0.0,0.0,0.0,0.0,0.0,0.0,1.0,0.0,0.0,1.0,0.0,0.0,-13.0,33.3,33.3,33.3,0.0,1.0,0.0,0.0,0.0,0.0,0.0,0.0,5.5,0.0,0.0,15.9
2509233,12,984923,GRAN CANARIA,AWAY,2563387,M. Coulibaly,M. Coulibaly,0,13.0,778.0,4.0,2.0,3.0,0.0,0.0,2.0,3.0,0.0,0.0,0.0,2.0,2.0,0.0,1.0,0.0,0.0,1.0,3.0,1.0,2.0,-18.0,66.7,66.7,0.0,0.0,1.3,0.0,0.0,0.0,17.6,8.9,0.0,0.0,0.0,25.0,15.4
2509233,12,984923,GRAN CANARIA,AWAY,2129323,J. Yánez García,J. Yánez García,0,7.5,449.0,0.0,0.0,1.0,0.0,1.0,0.0,2.0,0.0,0.0,0.0,0.0,0.0,0.0,0.0,1.0,0.0,0.0,0.0,0.0,-1.0,-11.0,0.0,0.0,50.0,0.0,0.0,0.0,0.0,0.0,0.0,0.0,0.0,6.9,0.0,0.0,13.3
2509233,12,984923,GRAN CANARIA,AWAY,2651631,M. Miteo,M. Miteo,0,16.9,1013.0,3.0,1.0,5.0,0.0,0.0,1.0,5.0,1.0,2.0,0.0,4.0,4.0,0.0,1.0,0.0,0.0,1.0,2.0,1.0,0.0,-23.0,25.5,20.0,0.0,40.0,0.4,0.0,2.0,0.0,27.0,13.7,0.0,0.0,0.0,14.5,20.3
2509233,12,984923,GRAN CANARIA,AWAY,2087418,G. Baez Pierson,G. Baez Pierson,0,19.2,1150.0,0.0,0.0,0.0,0.0,3.0,0.0,3.0,0.0,0.0,0.0,1.0,1.0,3.0,2.0,0.0,1.0,0.0,4.0,0.0,-4.0,-25.0,0.0,0.0,100.0,0.0,0.0,0.0,0.0,0.0,6.0,3.0,30.0,0.0,6.0,40.0,13.0
2509233,12,984923,GRAN CANARIA,AWAY,2827856,B. González Ramírez,B. González Ramírez,1,18.4,1107.0,7.0,2.0,5.0,1.0,4.0,3.0,9.0,0.0,0.0,0.0,6.0,6.0,9.0,5.0,0.0,0.0,0.0,4.0,3.0,10.0,-2.0,38.9,38.9,44.4,0.0,0.8,0.8,0.0,0.0,37.3,18.9,128.6,0.0,0.0,35.7,38.0
2509234,12,984929,JOVENTUT BADALONA,HOME,2081709,E. Del Castillo Lindo,E. Del Castillo Lindo,1,24.7,1481.0,8.0,1.0,4.0,2.0,3.0,3.0,7.0,0.0,0.0,0.0,4.0,4.0,0.0,2.0,1.0,1.0,0.0,4.0,1.0,5.0,-1.0,57.1,57.1,42.9,0.0,0.5,2.0,0.0,0.0,18.0,9.8,0.0,2.0,3.9,22.2,16.6
2509234,12,984929,JOVENTUT BADALONA,HOME,2081017,M. Julia Del Pozo,M. Julia Del Pozo,0,15.1,906.0,3.0,0.0,4.0,0.0,0.0,0.0,4.0,3.0,4.0,1.0,1.0,2.0,2.0,3.0,1.0,0.0,1.0,3.0,3.0,0.0,6.0,26.0,0.0,0.0,100.0,0.0,0.0,1.3,8.8,7.4,8.0,18.5,3.3,0.0,34.2,26.4
2509234,12,984929,JOVENTUT BADALONA,HOME,2641899,G. Graae Barbosa,G. Graae Barbosa,0,3.0,178.0,0.0,0.0,0.0,0.0,0.0,0.0,0.0,0.0,0.0,0.0,0.0,0.0,0.0,1.0,0.0,0.0,0.0,1.0,0.0,-2.0,-4.0,0.0,0.0,0.0,0.0,0.0,0.0,0.0,0.0,0.0,0.0,0.0,0.0,0.0,100.0,15.2
2509234,12,984929,JOVENTUT BADALONA,HOME,2082268,S. Merebashvili Khutashvili,S. Merebashvili Khutashvili,0,9.6,577.0,1.0,0.0,1.0,0.0,0.0,0.0,1.0,1.0,2.0,0.0,1.0,1.0,0.0,1.0,0.0,0.0,0.0,2.0,2.0,-1.0,-7.0,26.6,0.0,0.0,200.0,0.0,0.0,1.0,0.0,11.6,6.3,0.0,0.0,0.0,34.7,13.7
2509234,12,984929,JOVENTUT BADALONA,HOME,2453512,P. Batlle Sole,P. Batlle Sole,0,13.7,821.0,3.0,0.0,0.0,1.0,2.0,1.0,2.0,0.0,0.0,1.0,2.0,3.0,0.0,0.0,0.0,0.0,0.0,1.0,1.0,5.0,0.0,75.0,75.0,100.0,0.0,0.0,1.5,0.0,9.7,16.2,13.3,0.0,0.0,0.0,0.0,6.6
2509234,12,984929,JOVENTUT BADALONA,HOME,2156562,R. Torras Ferrer,R. Torras Ferrer,0,7.4,444.0,2.0,1.0,3.0,0.0,1.0,1.0,4.0,0.0,0.0,0.0,1.0,1.0,0.0,1.0,0.0,0.0,1.0,0.0,2.0,1.0,-7.0,25.0,25.0,25.0,0.0,0.7,0.0,0.0,0.0,15.0,8.2,0.0,0.0,0.0,20.0,30.8
2509234,12,984929,JOVENTUT BADALONA,HOME,2845979,M. Buben,M. Buben,0,7.0,423.0,0.0,0.0,0.0,0.0,1.0,0.0,1.0,0.0,0.0,0.0,0.0,0.0,0.0,1.0,1.0,0.0,0.0,1.0,0.0,-2.0,-7.0,0.0,0.0,100.0,0.0,0.0,0.0,0.0,0.0,0.0,0.0,0.0,7.2,0.0,50.0,13.0
2509234,12,984929,JOVENTUT BADALONA,HOME,2241509,H. Ruiz Zamorano,H. Ruiz Zamorano,1,19.2,1150.0,18.0,5.0,8.0,2.0,5.0,7.0,13.0,2.0,2.0,1.0,2.0,3.0,1.0,2.0,0.0,0.0,3.0,3.0,2.0,13.0,8.0,64.8,61.5,38.5,15.4,1.2,1.2,1.0,6.9,11.6,9.5,15.4,0.0,0.0,12.6,37.7
2509234,12,984929,JOVENTUT BADALONA,HOME,2082385,H. Tamayo Mengual,H. Tamayo Mengual,0,0.7,39.0,0.0,0.0,0.0,0.0,0.0,0.0,0.0,0.0,0.0,0.0,0.0,0.0,0.0,0.0,0.0,0.0,0.0,0.0,0.0,0.0,-2.0,0.0,0.0,0.0,0.0,0.0,0.0,0.0,0.0,0.0,0.0,0.0,0.0,0.0,0.0,0.0
2509234,12,984929,JOVENTUT BADALONA,HOME,2023675,A. Torres De La Torre,A. Torres De La Torre,1,32.6,1958.0,22.0,6.0,6.0,3.0,5.0,9.0,11.0,1.0,1.0,2.0,7.0,9.0,6.0,4.0,0.0,2.0,0.0,4.0,5.0,34.0,8.0,96.2,95.5,45.5,9.1,2.0,1.8,0.2,8.2,23.9,16.7,47.6,0.0,5.8,25.9,21.6
2509234,12,984929,JOVENTUT BADALONA,HOME,1943849,F. Mauri Guillen,F. Mauri Guillen,1,35.4,2126.0,6.0,1.0,7.0,1.0,6.0,2.0,13.0,1.0,2.0,1.0,4.0,5.0,5.0,2.0,4.0,0.0,0.0,1.0,5.0,10.0,6.0,21.6,19.2,46.2,15.4,0.3,0.5,0.4,3.8,12.6,8.6,22.4,5.7,0.0,12.6,20.4
2509234,12,984929,JOVENTUT BADALONA,HOME,2535717,K. Macías Book,K. Macías Book,1,31.6,1897.0,8.0,4.0,6.0,0.0,1.0,4.0,7.0,0.0,0.0,1.0,5.0,6.0,2.0,3.0,3.0,0.0,1.0,2.0,1.0,12.0,10.0,57.1,57.1,14.3,0.0,1.3,0.0,0.0,4.2,17.6,11.5,11.4,4.8,0.0,30.0,14.4
2509234,12,984927,CASADEMONT ZARAGOZA,AWAY,2199699,H. Valle Paramio,H. Valle Paramio,0,3.8,227.0,3.0,0.0,0.0,1.0,1.0,1.0,1.0,0.0,0.0,0.0,0.0,0.0,0.0,0.0,0.0,0.0,0.0,0.0,0.0,3.0,-2.0,150.0,150.0,100.0,0.0,0.0,3.0,0.0,0.0,0.0,0.0,0.0,0.0,0.0,0.0,11.9
2509234,12,984927,CASADEMONT ZARAGOZA,AWAY,2736780,S. Faye,S. Faye,0,23.7,1423.0,24.0,9.0,11.0,0.0,0.0,9.0,11.0,6.0,8.0,2.0,5.0,7.0,3.0,5.0,2.0,1.0,0.0,2.0,10.0,36.0,12.0,82.6,81.8,0.0,72.7,1.6,0.0,0.8,9.4,28.1,17.9,55.6,4.2,4.3,25.6,37.4
2509234,12,984927,CASADEMONT ZARAGOZA,AWAY,2125634,J. Garcia Sanchez,J. Garcia Sanchez,1,22.6,1356.0,0.0,0.0,2.0,0.0,4.0,0.0,6.0,0.0,0.0,2.0,1.0,3.0,2.0,2.0,3.0,0.0,0.0,2.0,0.0,-2.0,-7.0,0.0,0.0,66.7,0.0,0.0,0.0,0.0,9.8,5.9,8.0,13.9,6.6,0.0,25.0,16.1
2509234,12,984927,CASADEMONT ZARAGOZA,AWAY,2008960,A. Moreno Valero,A. Moreno Valero,0,25.1,1509.0,4.0,1.0,5.0,0.0,2.0,1.0,7.0,2.0,2.0,1.0,1.0,2.0,3.0,3.0,2.0,0.0,0.0,1.0,2.0,3.0,5.0,25.4,14.3,28.6,28.6,0.4,0.0,1.0,4.4,5.3,4.8,22.4,3.9,0.0,27.6,19.7
2509234,12,984927,CASADEMONT ZARAGOZA,AWAY,2646355,M. Lukic,M. Lukic,1,17.0,1019.0,4.0,2.0,4.0,0.0,2.0,2.0,6.0,0.0,1.0,0.0,1.0,1.0,1.0,1.0,0.0,1.0,0.0,4.0,3.0,0.0,-8.0,31.1,33.3,33.3,16.7,1.0,0.0,0.3,0.0,7.8,3.6,13.2,0.0,6.0,13.4,19.9
2509234,12,984927,CASADEMONT ZARAGOZA,AWAY,1975428,C. Alias Bermudez,C. Alias Bermudez,1,25.9,1555.0,6.0,3.0,6.0,0.0,1.0,3.0,7.0,0.0,0.0,0.0,3.0,3.0,1.0,2.0,2.0,0.0,1.0,3.0,0.0,3.0,-12.0,42.9,42.9,14.3,0.0,1.0,0.0,0.0,0.0,15.4,7.0,8.8,3.8,0.0,22.2,15.8
2509234,12,984927,CASADEMONT ZARAGOZA,AWAY,2438847,A. Savkov,A. Savkov,1,32.5,1952.0,10.0,2.0,4.0,0.0,7.0,2.0,11.0,6.0,6.0,0.0,5.0,5.0,4.0,1.0,3.0,3.0,1.0,2.0,4.0,17.0,2.0,36.7,18.2,63.6,54.5,1.0,0.0,1.5,0.0,20.5,9.3,23.3,4.6,9.5,6.8,20.4
2509234,12,984927,CASADEMONT ZARAGOZA,AWAY,2382632,A. Cativiela Aisa,A. Cativiela Aisa,0,17.7,1060.0,13.0,3.0,4.0,2.0,2.0,5.0,6.0,1.0,2.0,2.0,4.0,6.0,2.0,0.0,1.0,0.0,0.0,4.0,1.0,17.0,8.0,94.5,100.0,33.3,33.3,1.5,3.0,2.0,12.6,30.1,20.5,43.5,2.8,0.0,0.0,17.6
2509234,12,984927,CASADEMONT ZARAGOZA,AWAY,2382801,J. Prieto Alejandre,J. Prieto Alejandre,0,12.6,753.0,0.0,0.0,1.0,0.0,1.0,0.0,2.0,0.0,0.0,0.0,0.0,0.0,1.0,1.0,2.0,0.0,1.0,2.0,0.0,-2.0,-1.0,0.0,0.0,50.0,0.0,0.0,0.0,0.0,0.0,0.0,0.0,13.9,7.9,0.0,33.3,10.8
2509234,12,984927,CASADEMONT ZARAGOZA,AWAY,2648124,A. Rodriguez Aguila,A. Rodriguez Aguila,1,19.1,1146.0,5.0,1.0,5.0,0.0,0.0,1.0,5.0,3.0,4.0,2.0,3.0,5.0,0.0,1.0,1.0,1.0,0.0,2.0,2.0,6.0,-7.0,37.0,20.0,0.0,80.0,0.4,0.0,2.0,11.6,20.9,15.9,0.0,2.6,5.4,12.9,18.4
2509235,12,984791,BURGOS GRUPO DE SANTIAGO,HOME,2661261,R. Rodriguez,R. Rodriguez,1,26.9,1611.0,11.0,2.0,4.0,1.0,4.0,3.0,8.0,4.0,4.0,0.0,1.0,1.0,4.0,1.0,1.0,0.0,0.0,3.0,3.0,11.0,14.0,56.4,43.8,50.0,50.0,1.0,0.8,1.3,0.0,3.9,1.9,20.6,1.9,0.0,9.3,17.1
2509235,12,984791,BURGOS GRUPO DE SANTIAGO,HOME,2436134,A. Traore,A. Traore,1,24.6,1479.0,4.0,2.0,5.0,0.0,0.0,2.0,5.0,0.0,0.0,1.0,4.0,5.0,0.0,1.0,2.0,0.0,0.0,2.0,0.0,5.0,0.0,40.0,40.0,0.0,0.0,0.8,0.0,0.0,4.0,17.1,10.3,0.0,4.1,0.0,16.7,10.4
2509235,12,984791,BURGOS GRUPO DE SANTIAGO,HOME,2162563,A. Laso Careaga,A. Laso Careaga,0,19.2,1155.0,2.0,1.0,1.0,0.0,1.0,1.0,2.0,0.0,0.0,1.0,2.0,3.0,4.0,4.0,2.0,0.0,0.0,3.0,1.0,4.0,-5.0,50.0,50.0,50.0,0.0,2.0,0.0,0.0,5.1,11.0,7.9,26.7,5.2,0.0,66.7,13.4
2509235,12,984791,BURGOS GRUPO DE SANTIAGO,HOME,2103560,A. Reyes Abad,A. Reyes Abad,0,24.4,1464.0,19.0,5.0,9.0,2.0,3.0,7.0,12.0,3.0,8.0,1.0,3.0,4.0,1.0,3.0,1.0,1.0,1.0,3.0,7.0,17.0,3.0,61.2,66.7,25.0,66.7,1.1,2.0,1.1,4.0,12.9,8.3,8.2,2.1,5.7,16.2,32.5
2509235,12,984791,BURGOS GRUPO DE SANTIAGO,HOME,2690845,F. Nuñez,F. Nuñez,0,13.5,810.0,10.0,2.0,3.0,2.0,7.0,4.0,10.0,0.0,0.0,0.0,0.0,0.0,0.0,0.0,2.0,0.0,0.0,5.0,0.0,1.0,21.0,50.0,50.0,70.0,0.0,1.3,0.9,0.0,0.0,0.0,0.0,0.0,7.4,0.0,0.0,31.7
2509235,12,984791,BURGOS GRUPO DE SANTIAGO,HOME,2045029,D. Rodriguez Ramos,D. Rodriguez Ramos,1,23.0,1382.0,2.0,1.0,2.0,0.0,3.0,1.0,5.0,0.0,0.0,1.0,7.0,8.0,1.0,1.0,0.0,0.0,0.0,2.0,1.0,5.0,12.0,20.0,20.0,60.0,0.0,1.0,0.0,0.0,4.2,32.0,17.6,5.5,0.0,0.0,16.7,11.2
2509235,12,984791,BURGOS GRUPO DE SANTIAGO,HOME,2220551,M. Garcia Varona,M. Garcia Varona,0,9.7,581.0,5.0,1.0,1.0,1.0,2.0,2.0,3.0,0.0,0.0,2.0,2.0,4.0,1.0,0.0,1.0,0.0,0.0,1.0,0.0,9.0,9.0,83.3,83.3,66.7,0.0,2.0,1.5,0.0,20.1,21.7,20.9,22.7,5.2,0.0,0.0,13.3
2509235,12,984791,BURGOS GRUPO DE SANTIAGO,HOME,2210291,E. Franco Sanz,E. Franco Sanz,0,2.4,141.0,0.0,0.0,0.0,0.0,0.0,0.0,0.0,0.0,0.0,0.0,0.0,0.0,0.0,0.0,0.0,0.0,0.0,0.0,0.0,0.0,1.0,0.0,0.0,0.0,0.0,0.0,0.0,0.0,0.0,0.0,0.0,0.0,0.0,0.0,0.0,0.0
2509235,12,984791,BURGOS GRUPO DE SANTIAGO,HOME,2300932,S. Martin Diez,S. Martin Diez,0,4.1,244.0,0.0,0.0,1.0,0.0,0.0,0.0,1.0,0.0,0.0,0.0,1.0,1.0,0.0,0.0,1.0,0.0,0.0,0.0,0.0,1.0,-2.0,0.0,0.0,0.0,0.0,0.0,0.0,0.0,0.0,25.7,12.3,0.0,12.2,0.0,0.0,10.4
2509235,12,984791,BURGOS GRUPO DE SANTIAGO,HOME,2610623,L. Krispin,L. Krispin,1,16.4,982.0,7.0,2.0,3.0,1.0,5.0,3.0,8.0,0.0,0.0,1.0,0.0,1.0,0.0,0.0,2.0,0.0,0.0,1.0,1.0,5.0,-12.0,43.8,43.8,62.5,0.0,1.3,0.6,0.0,5.9,0.0,3.1,0.0,6.1,0.0,0.0,20.9
2509235,12,984791,BURGOS GRUPO DE SANTIAGO,HOME,2790234,J. Taboada Lühers,J. Taboada Lühers,1,35.9,2151.0,25.0,8.0,15.0,1.0,5.0,9.0,20.0,6.0,7.0,3.0,4.0,7.0,6.0,1.0,2.0,0.0,0.0,2.0,8.0,33.0,9.0,54.2,47.5,25.0,35.0,1.1,0.6,0.9,8.2,11.7,9.9,30.3,2.8,0.0,4.2,28.7
2509235,12,984930,BAXI MANRESA,AWAY,2024613,M. Villalonga Asensio,M. Villalonga Asensio,0,6.9,414.0,0.0,0.0,0.0,0.0,2.0,0.0,2.0,0.0,0.0,0.0,0.0,0.0,0.0,2.0,0.0,0.0,0.0,1.0,0.0,-5.0,2.0,0.0,0.0,100.0,0.0,0.0,0.0,0.0,0.0,0.0,0.0,0.0,0.0,0.0,50.0,24.7
2509235,12,984930,BAXI MANRESA,AWAY,2739297,I. Francisco,I. Francisco,1,24.1,1443.0,9.0,1.0,4.0,2.0,4.0,3.0,8.0,1.0,2.0,3.0,2.0,5.0,3.0,5.0,0.0,0.0,0.0,1.0,6.0,11.0,-16.0,50.7,50.0,50.0,25.0,0.5,1.5,0.3,13.1,8.1,10.5,25.0,0.0,0.0,36.0,24.6
2509235,12,984930,BAXI MANRESA,AWAY,1959173,M. Rosell Lanza,M. Rosell Lanza,1,23.9,1437.0,1.0,0.0,1.0,0.0,5.0,0.0,6.0,1.0,2.0,3.0,4.0,7.0,0.0,1.0,1.0,1.0,0.0,1.0,1.0,2.0,-9.0,7.3,0.0,83.3,33.3,0.0,0.0,2.0,13.2,16.3,14.8,0.0,2.0,3.8,12.7,14.1
2509235,12,984930,BAXI MANRESA,AWAY,2081822,A. Muncunill Ferrer,A. Muncunill Ferrer,0,23.1,1384.0,3.0,0.0,3.0,1.0,4.0,1.0,7.0,0.0,0.0,3.0,5.0,8.0,3.0,1.0,0.0,0.0,0.0,2.0,2.0,7.0,-3.0,21.4,21.4,57.1,0.0,0.0,0.8,0.0,13.7,21.1,17.5,21.4,0.0,0.0,12.5,14.8
2509235,12,984930,BAXI MANRESA,AWAY,2738788,L. Bergseng,L. Bergseng,1,25.4,1526.0,18.0,3.0,6.0,4.0,5.0,7.0,11.0,0.0,0.0,1.0,4.0,5.0,0.0,0.0,0.0,0.0,0.0,1.0,0.0,18.0,-3.0,81.8,81.8,45.5,0.0,1.0,2.4,0.0,4.1,15.4,10.0,0.0,0.0,0.0,0.0,18.5
2509235,12,984930,BAXI MANRESA,AWAY,2295371,G. Ecker Alberti,G. Ecker Alberti,1,8.8,530.0,0.0,0.0,0.0,0.0,0.0,0.0,0.0,0.0,0.0,0.0,1.0,1.0,0.0,1.0,0.0,0.0,0.0,1.0,0.0,-1.0,-5.0,0.0,0.0,0.0,0.0,0.0,0.0,0.0,0.0,11.1,5.8,0.0,0.0,0.0,100.0,4.8
2509235,12,984930,BAXI MANRESA,AWAY,2153495,J. Salo Blaya,J. Salo Blaya,0,11.3,679.0,0.0,0.0,0.0,0.0,0.0,0.0,0.0,0.0,0.0,1.0,0.0,1.0,0.0,1.0,0.0,0.0,0.0,3.0,1.0,-2.0,-13.0,0.0,0.0,0.0,0.0,0.0,0.0,0.0,9.3,0.0,4.5,0.0,0.0,0.0,100.0,3.8
2509235,12,984930,BAXI MANRESA,AWAY,2081670,G. Naspler Perez,G. Naspler Perez,0,25.2,1510.0,15.0,4.0,7.0,0.0,2.0,4.0,9.0,7.0,10.0,0.0,3.0,3.0,1.0,4.0,4.0,0.0,0.0,3.0,7.0,15.0,2.0,56.0,44.4,22.2,111.1,1.1,0.0,1.4,0.0,11.6,6.0,9.1,7.6,0.0,23.0,29.4
2509235,12,984930,BAXI MANRESA,AWAY,2150510,J. Pumarola Aguilar,J. Pumarola Aguilar,0,20.4,1221.0,13.0,3.0,4.0,2.0,7.0,5.0,11.0,1.0,1.0,2.0,2.0,4.0,1.0,2.0,0.0,0.0,1.0,4.0,1.0,7.0,-9.0,56.8,54.5,63.6,9.1,1.5,0.9,1.0,10.3,9.6,9.9,13.3,0.0,0.0,14.9,28.1
2509235,12,984930,BAXI MANRESA,AWAY,2145902,F. Torreblanca Catalan,F. Torreblanca Catalan,1,25.6,1538.0,14.0,2.0,3.0,2.0,5.0,4.0,8.0,4.0,5.0,0.0,10.0,10.0,2.0,5.0,1.0,0.0,0.0,2.0,4.0,19.0,6.0,68.6,62.5,62.5,62.5,1.3,1.2,1.2,0.0,38.1,19.8,18.2,1.9,0.0,32.9,25.3
2509235,12,984930,BAXI MANRESA,AWAY,2353230,M. Ndiaye,M. Ndiaye,0,4.3,257.0,2.0,1.0,1.0,0.0,0.0,1.0,1.0,0.0,0.0,1.0,0.0,1.0,0.0,0.0,0.0,0.0,0.0,1.0,0.0,2.0,-1.0,100.0,100.0,0.0,0.0,2.0,0.0,0.0,24.5,0.0,11.8,0.0,0.0,0.0,0.0,9.9
2509235,12,984930,BAXI MANRESA,AWAY,2796764,N. Tihak,N. Tihak,0,1.0,61.0,0.0,0.0,0.0,0.0,0.0,0.0,0.0,0.0,0.0,0.0,0.0,0.0,0.0,0.0,0.0,0.0,0.0,1.0,0.0,-1.0,-1.0,0.0,0.0,0.0,0.0,0.0,0.0,0.0,0.0,0.0,0.0,0.0,0.0,0.0,0.0,0.0
2509236,13,984928,BARÇA ATLÈTIC,HOME,2642482,A. Kone,A. Kone,0,16.3,979.0,6.0,3.0,5.0,0.0,0.0,3.0,5.0,0.0,1.0,1.0,7.0,8.0,0.0,3.0,1.0,0.0,1.0,0.0,2.0,11.0,8.0,55.1,60.0,0.0,20.0,1.2,0.0,0.5,8.5,45.2,29.3,0.0,2.9,0.0,35.5,21.5
2509236,13,984928,BARÇA ATLÈTIC,HOME,2458688,E. Montaner García,E. Montaner García,0,18.6,1119.0,0.0,0.0,0.0,0.0,1.0,0.0,1.0,0.0,0.0,0.0,0.0,0.0,1.0,1.0,1.0,0.0,0.0,2.0,1.0,-1.0,9.0,0.0,0.0,100.0,0.0,0.0,0.0,0.0,0.0,0.0,0.0,6.1,2.6,0.0,50.0,4.5
2509236,13,984928,BARÇA ATLÈTIC,HOME,2642172,J. Siftar,J. Siftar,1,24.7,1480.0,10.0,2.0,5.0,1.0,3.0,3.0,8.0,3.0,3.0,2.0,0.0,2.0,3.0,1.0,2.0,1.0,0.0,3.0,6.0,15.0,11.0,53.6,43.8,37.5,37.5,0.8,1.0,0.5,11.2,0.0,4.8,17.9,3.8,6.2,9.7,17.4
2509236,13,984928,BARÇA ATLÈTIC,HOME,2647995,M. Keita,M. Keita,1,23.7,1421.0,10.0,4.0,7.0,0.0,0.0,4.0,7.0,2.0,2.0,3.0,5.0,8.0,2.0,3.0,1.0,1.0,0.0,1.0,2.0,17.0,7.0,63.5,57.1,0.0,28.6,1.1,0.0,1.0,17.5,22.2,20.2,12.7,2.0,6.5,27.6,19.1
2509236,13,984928,BARÇA ATLÈTIC,HOME,2320857,A. Puig Lluch,A. Puig Lluch,0,9.9,597.0,2.0,1.0,1.0,0.0,2.0,1.0,3.0,0.0,0.0,1.0,0.0,1.0,1.0,2.0,0.0,0.0,0.0,3.0,0.0,-3.0,9.0,33.3,33.3,66.7,0.0,2.0,0.0,0.0,13.9,0.0,6.0,17.9,0.0,0.0,40.0,21.0
2509236,13,984928,BARÇA ATLÈTIC,HOME,2082056,N. Poza Cervantes,N. Poza Cervantes,1,29.2,1753.0,7.0,0.0,4.0,1.0,5.0,1.0,9.0,4.0,4.0,1.0,1.0,2.0,9.0,4.0,3.0,0.0,0.0,2.0,2.0,9.0,15.0,32.5,16.7,55.6,44.4,0.0,0.6,2.0,4.7,3.6,4.1,40.7,4.9,0.0,27.1,21.0
2509236,13,984928,BARÇA ATLÈTIC,HOME,2743264,M. Gueye,M. Gueye,0,12.2,735.0,4.0,2.0,2.0,0.0,1.0,2.0,3.0,0.0,0.0,1.0,3.0,4.0,0.0,0.0,0.0,0.0,0.0,4.0,0.0,3.0,5.0,66.7,66.7,33.3,0.0,2.0,0.0,0.0,11.3,25.9,19.6,0.0,0.0,0.0,0.0,10.2
2509236,13,984928,BARÇA ATLÈTIC,HOME,2641337,J. Boumtje Boumtje,J. Boumtje Boumtje,1,35.5,2128.0,25.0,11.0,15.0,0.0,3.0,11.0,18.0,3.0,3.0,2.0,3.0,5.0,3.0,4.0,1.0,1.0,1.0,1.0,3.0,26.0,13.0,64.7,61.1,16.7,16.7,1.5,0.0,1.0,7.8,8.9,8.4,16.0,1.3,4.3,17.2,27.3
2509236,13,984928,BARÇA ATLÈTIC,HOME,2642481,M. Dabone,M. Dabone,1,29.8,1788.0,22.0,7.0,9.0,1.0,1.0,8.0,10.0,5.0,10.0,2.0,8.0,10.0,1.0,4.0,0.0,1.0,0.0,2.0,5.0,26.0,18.0,76.4,85.0,10.0,100.0,1.6,3.0,2.0,9.3,28.3,20.0,6.6,0.0,5.2,21.7,25.7
2509236,13,984930,BAXI MANRESA,AWAY,2024613,M. Villalonga Asensio,M. Villalonga Asensio,0,12.6,755.0,3.0,0.0,1.0,1.0,1.0,1.0,2.0,0.0,0.0,1.0,2.0,3.0,3.0,0.0,1.0,0.0,0.0,0.0,2.0,11.0,-11.0,75.0,75.0,50.0,0.0,0.0,3.0,0.0,8.4,21.9,14.2,46.2,3.8,0.0,0.0,6.7
2509236,13,984930,BAXI MANRESA,AWAY,2739297,I. Francisco,I. Francisco,1,16.5,990.0,6.0,2.0,3.0,0.0,2.0,2.0,5.0,2.0,4.0,0.0,1.0,1.0,2.0,6.0,4.0,0.0,1.0,3.0,5.0,4.0,-12.0,44.4,40.0,40.0,80.0,1.3,0.0,0.8,0.0,8.4,3.6,25.0,11.7,0.0,47.0,32.5
2509236,13,984930,BAXI MANRESA,AWAY,1959173,M. Rosell Lanza,M. Rosell Lanza,1,21.6,1297.0,8.0,1.0,1.0,2.0,7.0,3.0,8.0,0.0,0.0,2.0,2.0,4.0,1.0,3.0,0.0,0.0,0.0,3.0,0.0,2.0,-3.0,50.0,50.0,87.5,0.0,2.0,0.9,0.0,9.7,12.8,11.1,10.5,0.0,0.0,27.3,21.4
2509236,13,984930,BAXI MANRESA,AWAY,2081822,A. Muncunill Ferrer,A. Muncunill Ferrer,0,25.0,1498.0,13.0,3.0,5.0,2.0,6.0,5.0,11.0,1.0,2.0,3.0,1.0,4.0,0.0,0.0,2.0,0.0,0.0,2.0,1.0,11.0,-9.0,54.7,54.5,54.5,18.2,1.2,1.0,2.0,12.6,5.5,9.6,0.0,3.8,0.0,0.0,20.0
2509236,13,984930,BAXI MANRESA,AWAY,2738788,L. Bergseng,L. Bergseng,1,23.1,1388.0,4.0,2.0,2.0,0.0,5.0,2.0,7.0,0.0,0.0,0.0,0.0,0.0,0.0,1.0,1.0,0.0,0.0,2.0,0.0,-3.0,-12.0,28.6,28.6,71.4,0.0,2.0,0.0,0.0,0.0,0.0,0.0,0.0,2.1,0.0,12.5,14.6
2509236,13,984930,BAXI MANRESA,AWAY,2295371,G. Ecker Alberti,G. Ecker Alberti,1,13.6,813.0,2.0,1.0,1.0,0.0,1.0,1.0,2.0,0.0,0.0,0.0,2.0,2.0,1.0,1.0,0.0,0.0,0.0,0.0,0.0,3.0,-2.0,50.0,50.0,50.0,0.0,2.0,0.0,0.0,0.0,20.3,8.8,15.4,0.0,0.0,33.3,9.3
2509236,13,984930,BAXI MANRESA,AWAY,2153495,J. Salo Blaya,J. Salo Blaya,0,15.9,953.0,2.0,1.0,2.0,0.0,0.0,1.0,2.0,0.0,1.0,1.0,1.0,2.0,2.0,0.0,0.0,0.0,0.0,3.0,3.0,4.0,-6.0,41.0,50.0,0.0,50.0,1.0,0.0,0.3,6.6,8.7,7.5,22.2,0.0,0.0,0.0,6.5
2509236,13,984930,BAXI MANRESA,AWAY,2081670,G. Naspler Perez,G. Naspler Perez,0,18.3,1098.0,7.0,2.0,4.0,0.0,4.0,2.0,8.0,3.0,7.0,1.0,3.0,4.0,3.0,4.0,1.0,0.0,0.0,2.0,5.0,4.0,-10.0,31.6,25.0,50.0,87.5,1.0,0.0,1.4,5.8,22.6,13.0,28.6,2.6,0.0,26.5,34.6
2509236,13,984930,BAXI MANRESA,AWAY,2150510,J. Pumarola Aguilar,J. Pumarola Aguilar,0,21.1,1263.0,2.0,1.0,2.0,0.0,5.0,1.0,7.0,0.0,0.0,1.0,1.0,2.0,3.0,2.0,0.0,1.0,1.0,1.0,1.0,0.0,-12.0,14.3,14.3,71.4,0.0,1.0,0.0,0.0,5.0,6.5,5.7,26.1,0.0,3.9,22.2,17.9
2509236,13,984930,BAXI MANRESA,AWAY,2145902,F. Torreblanca Catalan,F. Torreblanca Catalan,1,26.0,1562.0,20.0,1.0,4.0,6.0,10.0,7.0,14.0,0.0,0.0,2.0,3.0,5.0,1.0,4.0,1.0,0.0,1.0,3.0,1.0,14.0,-12.0,71.4,71.4,71.4,0.0,0.5,1.8,0.0,8.1,15.9,11.5,9.5,1.9,0.0,22.2,29.1
2509236,13,984930,BAXI MANRESA,AWAY,2353230,M. Ndiaye,M. Ndiaye,0,6.4,383.0,0.0,0.0,1.0,0.0,0.0,0.0,1.0,0.0,0.0,0.0,0.0,0.0,0.0,1.0,0.0,1.0,1.0,2.0,0.0,-3.0,-6.0,0.0,0.0,0.0,0.0,0.0,0.0,0.0,0.0,0.0,0.0,0.0,0.0,13.0,50.0,13.1
2509238,13,984929,JOVENTUT BADALONA,HOME,2081709,E. Del Castillo Lindo,E. Del Castillo Lindo,1,26.6,1594.0,7.0,3.0,5.0,0.0,3.0,3.0,8.0,1.0,2.0,2.0,2.0,4.0,4.0,1.0,1.0,0.0,0.0,2.0,3.0,10.0,-19.0,39.4,37.5,37.5,25.0,1.2,0.0,0.7,8.4,9.4,8.8,30.5,1.9,0.0,10.1,18.5
2509238,13,984929,JOVENTUT BADALONA,HOME,2641899,G. Graae Barbosa,G. Graae Barbosa,0,19.7,1183.0,8.0,4.0,4.0,0.0,1.0,4.0,5.0,0.0,0.0,3.0,4.0,7.0,0.0,1.0,0.0,1.0,0.0,3.0,3.0,14.0,5.0,80.0,80.0,20.0,0.0,2.0,0.0,0.0,16.9,25.4,20.9,0.0,0.0,4.7,16.7,15.2
2509238,13,984929,JOVENTUT BADALONA,HOME,2082268,S. Merebashvili Khutashvili,S. Merebashvili Khutashvili,0,23.1,1383.0,4.0,1.0,6.0,0.0,4.0,1.0,10.0,2.0,2.0,0.0,4.0,4.0,2.0,1.0,1.0,1.0,2.0,3.0,1.0,0.0,1.0,18.4,10.0,40.0,20.0,0.3,0.0,2.0,0.0,21.6,10.2,15.6,2.2,4.0,8.4,25.6
2509238,13,984929,JOVENTUT BADALONA,HOME,2453512,P. Batlle Sole,P. Batlle Sole,1,30.5,1831.0,4.0,1.0,4.0,0.0,3.0,1.0,7.0,2.0,2.0,0.0,1.0,1.0,3.0,1.0,1.0,0.0,0.0,2.0,4.0,4.0,3.0,25.4,14.3,42.9,28.6,0.5,0.0,0.5,0.0,4.1,1.9,17.2,1.7,0.0,11.3,14.5
2509238,13,984929,JOVENTUT BADALONA,HOME,2156562,R. Torras Ferrer,R. Torras Ferrer,1,26.4,1582.0,20.0,3.0,3.0,2.0,3.0,5.0,6.0,8.0,10.0,1.0,3.0,4.0,0.0,6.0,3.0,0.0,0.0,4.0,6.0,20.0,-7.0,96.2,100.0,50.0,166.7,2.0,2.0,1.7,4.2,14.2,8.9,0.0,5.8,0.0,36.6,30.9
2509238,13,984929,JOVENTUT BADALONA,HOME,2845979,M. Buben,M. Buben,1,18.1,1089.0,2.0,1.0,2.0,0.0,2.0,1.0,4.0,0.0,0.0,0.0,1.0,1.0,0.0,0.0,0.0,0.0,0.0,2.0,1.0,-1.0,-14.0,25.0,25.0,50.0,0.0,1.0,0.0,0.0,0.0,6.9,3.2,0.0,0.0,0.0,0.0,11.0
2509238,13,984929,JOVENTUT BADALONA,HOME,2082385,H. Tamayo Mengual,H. Tamayo Mengual,0,27.3,1637.0,9.0,2.0,7.0,1.0,1.0,3.0,8.0,2.0,3.0,0.0,3.0,3.0,1.0,2.0,0.0,0.0,0.0,0.0,1.0,6.0,-13.0,48.3,43.8,12.5,37.5,0.6,3.0,3.0,0.0,13.7,6.5,7.6,0.0,0.0,17.7,20.6
2509238,13,984929,JOVENTUT BADALONA,HOME,2535717,K. Macías Book,K. Macías Book,1,28.4,1701.0,10.0,5.0,10.0,0.0,0.0,5.0,10.0,0.0,0.0,1.0,6.0,7.0,1.0,2.0,0.0,0.0,0.0,3.0,0.0,8.0,-6.0,50.0,50.0,0.0,0.0,1.0,0.0,0.0,3.9,26.4,14.5,9.0,0.0,0.0,16.7,21.0
2509238,13,984926,FUNDACIÓN CB CANARIAS,AWAY,2770289,I. Embwo Kasol,I. Embwo Kasol,0,1.5,92.0,0.0,0.0,0.0,0.0,0.0,0.0,0.0,0.0,0.0,0.0,0.0,0.0,0.0,0.0,0.0,0.0,0.0,1.0,0.0,-1.0,-4.0,0.0,0.0,0.0,0.0,0.0,0.0,0.0,0.0,0.0,0.0,0.0,0.0,0.0,0.0,0.0
2509238,13,984926,FUNDACIÓN CB CANARIAS,AWAY,2817776,I. Beton,I. Beton,0,3.6,217.0,0.0,0.0,0.0,0.0,0.0,0.0,0.0,0.0,0.0,0.0,0.0,0.0,0.0,2.0,0.0,0.0,0.0,0.0,0.0,-2.0,-10.0,0.0,0.0,0.0,0.0,0.0,0.0,0.0,0.0,0.0,0.0,0.0,0.0,0.0,100.0,25.8
2509238,13,984926,FUNDACIÓN CB CANARIAS,AWAY,2044955,X. Lopez Rodriguez,X. Lopez Rodriguez,1,17.6,1056.0,7.0,2.0,3.0,0.0,1.0,2.0,4.0,3.0,5.0,1.0,7.0,8.0,1.0,1.0,1.0,0.0,0.0,0.0,3.0,15.0,15.0,56.5,50.0,25.0,125.0,1.3,0.0,1.7,7.1,44.2,26.7,10.4,3.1,0.0,13.9,19.0
2509238,13,984926,FUNDACIÓN CB CANARIAS,AWAY,2734732,E. Prekevicius,E. Prekevicius,1,26.6,1595.0,12.0,2.0,3.0,2.0,4.0,4.0,7.0,2.0,2.0,0.0,0.0,0.0,4.0,0.0,1.0,0.0,0.0,2.0,1.0,13.0,5.0,76.1,71.4,57.1,28.6,1.3,1.5,2.0,0.0,0.0,0.0,24.5,2.0,0.0,0.0,13.8
2509238,13,984926,FUNDACIÓN CB CANARIAS,AWAY,2444602,L. Riga,L. Riga,0,23.8,1428.0,6.0,3.0,5.0,0.0,3.0,3.0,8.0,0.0,2.0,0.0,4.0,4.0,1.0,3.0,1.0,0.0,0.0,4.0,2.0,0.0,4.0,33.8,37.5,37.5,25.0,1.2,0.0,1.0,0.0,18.7,9.9,6.9,2.3,0.0,25.3,23.2
2509238,13,984926,FUNDACIÓN CB CANARIAS,AWAY,2007163,D. Fernandez Trujillo,D. Fernandez Trujillo,0,20.3,1220.0,4.0,0.0,1.0,1.0,3.0,1.0,4.0,1.0,2.0,1.0,2.0,3.0,1.0,3.0,0.0,0.0,0.0,2.0,5.0,4.0,-3.0,41.0,37.5,75.0,50.0,0.0,1.0,0.4,6.2,10.9,8.7,7.4,0.0,0.0,38.1,18.0
2509238,13,984926,FUNDACIÓN CB CANARIAS,AWAY,1856308,D. Acosta Moliné,D. Acosta Moliné,1,19.5,1171.0,11.0,5.0,8.0,0.0,0.0,5.0,8.0,1.0,2.0,4.0,4.0,8.0,0.0,1.0,0.0,1.0,1.0,3.0,2.0,14.0,17.0,61.9,62.5,0.0,25.0,1.2,0.0,1.0,25.6,22.8,24.1,0.0,0.0,5.0,10.1,23.5
2509238,13,984926,FUNDACIÓN CB CANARIAS,AWAY,2829962,D. Bordón Dri,D. Bordón Dri,1,23.1,1384.0,26.0,11.0,17.0,1.0,2.0,12.0,19.0,1.0,2.0,0.0,3.0,3.0,2.0,1.0,0.0,0.0,0.0,1.0,2.0,23.0,22.0,65.4,65.8,10.5,10.5,1.3,1.5,1.0,0.0,14.4,7.6,37.0,0.0,0.0,4.8,42.0
2509238,13,984926,FUNDACIÓN CB CANARIAS,AWAY,2181003,R. Rodriguez Galvan,R. Rodriguez Galvan,1,28.9,1732.0,1.0,0.0,3.0,0.0,4.0,0.0,7.0,1.0,2.0,1.0,3.0,4.0,6.0,1.0,0.0,0.0,1.0,1.0,1.0,2.0,0.0,6.3,0.0,57.1,28.6,0.0,0.0,2.0,4.3,11.5,8.1,29.6,0.0,0.0,11.3,14.3
2509238,13,984926,FUNDACIÓN CB CANARIAS,AWAY,2470375,M. Sangare,M. Sangare,0,20.7,1240.0,6.0,2.0,3.0,0.0,1.0,2.0,4.0,2.0,4.0,1.0,6.0,7.0,0.0,1.0,2.0,1.0,0.0,3.0,2.0,10.0,14.0,52.1,50.0,25.0,100.0,1.3,0.0,2.0,6.0,32.2,19.9,0.0,5.3,4.7,14.8,15.2
2509238,13,984926,FUNDACIÓN CB CANARIAS,AWAY,2137337,A. Perez Lopez,A. Perez Lopez,0,10.9,654.0,1.0,0.0,0.0,0.0,2.0,0.0,2.0,1.0,2.0,0.0,0.0,0.0,0.0,0.0,1.0,0.0,0.0,0.0,1.0,0.0,-4.0,17.4,0.0,100.0,100.0,0.0,0.0,2.0,0.0,0.0,0.0,0.0,5.0,0.0,0.0,12.3
2509238,13,984926,FUNDACIÓN CB CANARIAS,AWAY,2129281,G. Hernández Expósito,G. Hernández Expósito,0,3.5,211.0,0.0,0.0,0.0,0.0,0.0,0.0,0.0,0.0,0.0,0.0,0.0,0.0,0.0,0.0,0.0,0.0,0.0,2.0,0.0,-2.0,-6.0,0.0,0.0,0.0,0.0,0.0,0.0,0.0,0.0,0.0,0.0,0.0,0.0,0.0,0.0,0.0
