MATCHID,ROUND,TEAM_ID,TEAM,LOCATION,PLAYER_ID,PLAYER,PLAYER_NAME,IS_STARTER,MIN,MIN_SECS,PTS,FGM_2,FGA_2,FGM_3,FGA_3,FGM,FGA,FTM,FTA,ORB,DRB,TRB,AST,TOV,STL,BLK,BLKA,PF,PFD,PIR,PLUS_MINUS,TS%,eFG%,3PAr,FTr,PPS_2,PPS_3,FTA_PER_PFD,ORB%,DRB%,TRB%,AST%,STL%,BLK%,TOV%,USG%
2486849,1,981514,SPANISH BASKETBALL ACADEMY,HOME,1549741,E. Arques Lopez,E. Arques Lopez,0,22.8,1370.0,11.0,2.0,5.0,2.0,4.0,4.0,9.0,1.0,4.0,1.0,3.0,4.0,1.0,1.0,0.0,0.0,0.0,2.0,3.0,8.0,-10.0,51.1,55.6,44.4,44.4,0.8,1.5,1.3,5.8,12.5,9.7,7.5,0.0,0.0,8.5,23.4
2486849,1,981514,SPANISH BASKETBALL ACADEMY,HOME,2436640,J. Puidet,J. Puidet,1,34.0,2040.0,11.0,3.0,3.0,0.0,7.0,3.0,10.0,5.0,5.0,1.0,5.0,6.0,12.0,1.0,0.0,0.0,0.0,2.0,3.0,22.0,21.0,45.1,30.0,70.0,50.0,2.0,0.0,1.7,3.9,14.0,9.8,59.4,0.0,0.0,7.6,17.6
2486849,1,981514,SPANISH BASKETBALL ACADEMY,HOME,2312124,S. Traore,S. Traore,1,16.5,992.0,5.0,0.0,0.0,0.0,0.0,0.0,0.0,5.0,6.0,1.0,2.0,3.0,0.0,1.0,0.0,1.0,0.0,2.0,5.0,10.0,13.0,94.7,0.0,0.0,0.0,0.0,0.0,1.2,8.1,11.5,10.1,0.0,0.0,8.1,27.5,10.0
2486849,1,981514,SPANISH BASKETBALL ACADEMY,HOME,2065452,J. Santano Bartolome,J. Santano Bartolome,1,24.8,1488.0,9.0,4.0,4.0,0.0,0.0,4.0,4.0,1.0,2.0,1.0,3.0,4.0,1.0,0.0,2.0,0.0,0.0,1.0,1.0,15.0,24.0,92.2,100.0,0.0,50.0,2.0,0.0,2.0,5.4,11.5,9.0,7.5,4.0,0.0,0.0,8.9
2486849,1,981514,SPANISH BASKETBALL ACADEMY,HOME,2816555,L. Savikjevikj,L. Savikjevikj,0,16.7,1001.0,0.0,0.0,0.0,0.0,1.0,0.0,1.0,0.0,0.0,0.0,1.0,1.0,5.0,0.0,0.0,0.0,0.0,3.0,1.0,3.0,-12.0,0.0,0.0,100.0,0.0,0.0,0.0,0.0,0.0,5.7,3.3,43.1,0.0,0.0,0.0,2.7
2486849,1,981514,SPANISH BASKETBALL ACADEMY,HOME,1374966,A. Moreno Trujillo,A. Moreno Trujillo,0,17.1,1028.0,9.0,3.0,6.0,1.0,6.0,4.0,12.0,0.0,0.0,1.0,1.0,2.0,1.0,2.0,3.0,0.0,1.0,4.0,0.0,1.0,-5.0,37.5,37.5,50.0,0.0,1.0,0.5,0.0,7.8,5.6,6.5,13.2,8.8,0.0,14.3,37.2
2486849,1,981514,SPANISH BASKETBALL ACADEMY,HOME,2816737,D. Simeunovic,D. Simeunovic,1,30.6,1833.0,13.0,6.0,11.0,0.0,4.0,6.0,15.0,1.0,2.0,4.0,8.0,12.0,3.0,2.0,2.0,0.0,1.0,2.0,3.0,19.0,3.0,40.9,40.0,26.7,13.3,1.1,0.0,0.7,17.4,24.9,21.8,17.4,3.3,0.0,11.2,26.5
2486849,1,981514,SPANISH BASKETBALL ACADEMY,HOME,2752020,E. Medina Roa,E. Medina Roa,0,12.6,757.0,12.0,6.0,6.0,0.0,0.0,6.0,6.0,0.0,0.0,0.0,1.0,1.0,0.0,2.0,0.0,1.0,0.0,3.0,0.0,9.0,4.0,100.0,100.0,0.0,0.0,2.0,0.0,0.0,0.0,7.6,4.4,0.0,0.0,10.6,25.0,28.8
2486849,1,981514,SPANISH BASKETBALL ACADEMY,HOME,1825944,R. Garcia Salame,R. Garcia Salame,1,24.9,1491.0,8.0,1.0,5.0,1.0,4.0,2.0,9.0,3.0,4.0,2.0,5.0,7.0,2.0,3.0,1.0,0.0,0.0,2.0,7.0,12.0,22.0,37.2,27.8,44.4,44.4,0.4,0.8,0.6,10.7,19.1,15.6,13.0,2.0,0.0,21.8,25.1
2486849,1,981281,LOBE HUESCA LA MAGIA,AWAY,2151562,O. Thiam Pedrera,O. Thiam Pedrera,0,17.6,1055.0,7.0,0.0,2.0,2.0,6.0,2.0,8.0,1.0,2.0,2.0,2.0,4.0,0.0,0.0,0.0,0.0,0.0,0.0,1.0,5.0,-2.0,39.4,37.5,75.0,25.0,0.0,1.0,2.0,10.8,15.2,12.6,0.0,0.0,0.0,0.0,21.7
2486849,1,981281,LOBE HUESCA LA MAGIA,AWAY,2273469,O. Bieshaar,O. Bieshaar,1,22.6,1354.0,2.0,0.0,1.0,0.0,1.0,0.0,2.0,2.0,2.0,0.0,1.0,1.0,1.0,2.0,1.0,0.0,0.0,3.0,1.0,-1.0,-13.0,34.7,0.0,50.0,100.0,0.0,0.0,2.0,0.0,5.9,2.5,7.2,2.3,0.0,41.0,9.3
2486849,1,981281,LOBE HUESCA LA MAGIA,AWAY,2815547,J. Wells,J. Wells,0,21.2,1274.0,14.0,3.0,4.0,2.0,7.0,5.0,11.0,2.0,2.0,0.0,2.0,2.0,2.0,1.0,0.0,0.0,0.0,3.0,1.0,9.0,-4.0,58.9,54.5,63.6,18.2,1.5,0.9,2.0,0.0,12.6,5.2,30.8,0.0,0.0,7.8,26.1
2486849,1,981281,LOBE HUESCA LA MAGIA,AWAY,1756469,H. Figueroa Álvarez,H. Figueroa Álvarez,1,20.8,1250.0,12.0,0.0,1.0,4.0,8.0,4.0,9.0,0.0,0.0,0.0,0.0,0.0,0.0,2.0,1.0,0.0,0.0,1.0,2.0,7.0,-12.0,66.7,66.7,88.9,0.0,0.0,1.5,0.0,0.0,0.0,0.0,0.0,2.5,0.0,18.2,22.7
2486849,1,981281,LOBE HUESCA LA MAGIA,AWAY,1759956,I. Corraliza Coba,I. Corraliza Coba,1,29.1,1745.0,19.0,6.0,10.0,1.0,4.0,7.0,14.0,4.0,6.0,1.0,1.0,2.0,2.0,3.0,3.0,1.0,1.0,0.0,5.0,20.0,-5.0,57.1,53.6,28.6,42.9,1.2,0.8,1.2,3.3,4.6,3.8,22.0,5.3,3.4,15.3,29.0
2486849,1,981281,LOBE HUESCA LA MAGIA,AWAY,2815923,M. Carreira Kreps,M. Carreira Kreps,0,12.0,722.0,4.0,2.0,2.0,0.0,2.0,2.0,4.0,0.0,1.0,3.0,1.0,4.0,2.0,3.0,1.0,1.0,0.0,2.0,1.0,5.0,-5.0,45.0,50.0,50.0,25.0,2.0,0.0,1.0,23.8,11.1,18.5,40.8,4.3,8.3,40.3,26.7
2486849,1,981281,LOBE HUESCA LA MAGIA,AWAY,2823388,J. Fritz,J. Fritz,0,9.7,583.0,2.0,1.0,3.0,0.0,1.0,1.0,4.0,0.0,2.0,0.0,2.0,2.0,1.0,0.0,0.0,0.0,1.0,3.0,2.0,-1.0,2.0,20.5,25.0,25.0,50.0,0.7,0.0,1.0,0.0,27.5,11.5,27.8,0.0,0.0,0.0,21.6
2486849,1,981281,LOBE HUESCA LA MAGIA,AWAY,2815543,A. Badmus,A. Badmus,1,22.1,1324.0,0.0,0.0,3.0,0.0,2.0,0.0,5.0,0.0,4.0,4.0,5.0,9.0,5.0,3.0,0.0,0.0,0.0,3.0,3.0,2.0,-1.0,0.0,0.0,40.0,80.0,0.0,0.0,1.3,17.2,30.2,22.6,36.2,0.0,0.0,30.7,19.0
2486849,1,981281,LOBE HUESCA LA MAGIA,AWAY,1761508,P. Lopez-Sanvicente Reta,P. Lopez-Sanvicente Reta,0,14.6,874.0,2.0,1.0,3.0,0.0,2.0,1.0,5.0,0.0,0.0,1.0,1.0,2.0,1.0,0.0,0.0,0.0,0.0,3.0,0.0,-2.0,-9.0,20.0,20.0,40.0,0.0,0.7,0.0,0.0,6.5,9.1,7.6,12.2,0.0,0.0,0.0,14.7
2486849,1,981281,LOBE HUESCA LA MAGIA,AWAY,2061400,A. Rubin De Celis Ferrando,A. Rubin De Celis Ferrando,0,12.6,753.0,1.0,0.0,0.0,0.0,0.0,0.0,0.0,1.0,4.0,1.0,2.0,3.0,2.0,1.0,0.0,0.0,0.0,1.0,4.0,5.0,-4.0,28.4,0.0,0.0,0.0,0.0,0.0,1.0,7.6,21.2,13.2,29.0,0.0,0.0,36.2,9.4
2486849,1,981281,LOBE HUESCA LA MAGIA,AWAY,2054954,G. Vazquez Vallejo,G. Vazquez Vallejo,1,17.8,1066.0,3.0,0.0,1.0,1.0,3.0,1.0,4.0,0.0,2.0,1.0,2.0,3.0,1.0,1.0,0.0,0.0,0.0,4.0,1.0,-2.0,-7.0,30.7,37.5,75.0,50.0,0.0,1.0,2.0,5.4,15.0,9.4,12.2,0.0,0.0,17.0,14.2
2486850,1,981428,HOMS U.E.MATARÓ,HOME,2162105,F. Garrido Teban,F. Garrido Teban,1,26.2,1572.0,5.0,0.0,0.0,1.0,3.0,1.0,3.0,2.0,2.0,1.0,3.0,4.0,1.0,1.0,0.0,0.0,0.0,4.0,1.0,4.0,5.0,64.4,50.0,100.0,66.7,0.0,1.0,2.0,4.1,10.7,7.6,6.9,0.0,0.0,20.5,8.7
2486850,1,981428,HOMS U.E.MATARÓ,HOME,2813591,S. Hall,S. Hall,1,30.6,1833.0,17.0,3.0,7.0,2.0,4.0,5.0,11.0,5.0,7.0,4.0,5.0,9.0,2.0,0.0,0.0,0.0,0.0,2.0,4.0,22.0,0.0,60.4,54.5,36.4,63.6,0.9,1.5,1.8,14.1,15.2,14.7,15.9,0.0,0.0,0.0,21.4
2486850,1,981428,HOMS U.E.MATARÓ,HOME,1591966,J. Castillo Carrasco,J. Castillo Carrasco,0,9.8,588.0,0.0,0.0,0.0,0.0,1.0,0.0,1.0,0.0,0.0,2.0,3.0,5.0,1.0,0.0,0.0,0.0,0.0,1.0,0.0,4.0,-11.0,0.0,0.0,100.0,0.0,0.0,0.0,0.0,22.1,28.5,25.5,22.7,0.0,0.0,0.0,4.8
2486850,1,981428,HOMS U.E.MATARÓ,HOME,1568569,J. Juanola Madera,J. Juanola Madera,1,34.5,2073.0,24.0,9.0,16.0,2.0,7.0,11.0,23.0,0.0,0.0,0.0,5.0,5.0,0.0,5.0,0.0,0.0,2.0,3.0,1.0,10.0,-1.0,52.2,52.2,30.4,0.0,1.1,0.9,0.0,0.0,13.5,7.2,0.0,0.0,0.0,17.9,37.8
2486850,1,981428,HOMS U.E.MATARÓ,HOME,1927150,N. Ferrer Iglesia,N. Ferrer Iglesia,1,22.3,1339.0,3.0,1.0,4.0,0.0,0.0,1.0,4.0,1.0,1.0,0.0,3.0,3.0,2.0,4.0,1.0,0.0,1.0,2.0,1.0,1.0,-1.0,33.8,25.0,0.0,25.0,0.5,0.0,1.0,0.0,12.5,6.7,16.4,2.3,0.0,47.4,17.6
2486850,1,981428,HOMS U.E.MATARÓ,HOME,2319991,S. Niang Beye,S. Niang Beye,1,27.5,1651.0,2.0,1.0,3.0,0.0,2.0,1.0,5.0,0.0,0.0,1.0,7.0,8.0,0.0,2.0,2.0,0.0,0.0,1.0,4.0,9.0,-6.0,20.0,20.0,40.0,0.0,0.7,0.0,0.0,3.9,23.7,14.5,0.0,3.8,0.0,28.6,11.9
2486850,1,981428,HOMS U.E.MATARÓ,HOME,1942837,G. Martinez Rivera,G. Martinez Rivera,0,21.8,1309.0,9.0,2.0,4.0,1.0,5.0,3.0,9.0,2.0,4.0,2.0,3.0,5.0,0.0,2.0,1.0,0.0,1.0,2.0,4.0,7.0,4.0,41.8,38.9,55.6,44.4,1.0,0.6,1.0,9.9,12.8,11.5,0.0,2.4,0.0,15.7,27.2
2486850,1,981428,HOMS U.E.MATARÓ,HOME,2813635,E. Kalu,E. Kalu,0,13.7,821.0,1.0,0.0,2.0,0.0,0.0,0.0,2.0,1.0,2.0,1.0,2.0,3.0,0.0,1.0,1.0,4.0,1.0,4.0,2.0,3.0,1.0,17.4,0.0,0.0,100.0,0.0,0.0,1.0,7.9,13.6,10.9,0.0,3.8,24.8,25.8,13.2
2486850,1,981428,HOMS U.E.MATARÓ,HOME,1920919,E. Coll Comabella,E. Coll Comabella,0,13.6,814.0,2.0,0.0,0.0,0.0,3.0,0.0,3.0,2.0,2.0,0.0,0.0,0.0,0.0,2.0,0.0,0.0,0.0,1.0,2.0,-2.0,-6.0,25.8,0.0,100.0,66.7,0.0,0.0,1.0,0.0,0.0,0.0,0.0,0.0,0.0,34.0,20.1
2486850,1,981216,CLASS BASQUET SANT ANTONI,AWAY,2534687,G. Gantt,G. Gantt,1,25.6,1534.0,7.0,1.0,6.0,1.0,3.0,2.0,9.0,2.0,2.0,1.0,1.0,2.0,0.0,0.0,0.0,0.0,1.0,2.0,1.0,1.0,-5.0,35.4,27.8,33.3,22.2,0.3,1.0,2.0,3.6,4.2,3.9,0.0,0.0,0.0,0.0,17.3
2486850,1,981216,CLASS BASQUET SANT ANTONI,AWAY,1394852,G. Blat Baeza,G. Blat Baeza,1,28.7,1721.0,8.0,4.0,9.0,0.0,3.0,4.0,12.0,0.0,0.0,0.0,3.0,3.0,4.0,1.0,5.0,1.0,0.0,1.0,1.0,12.0,-7.0,33.3,33.3,25.0,0.0,0.9,0.0,0.0,0.0,11.3,5.2,29.6,9.3,3.9,7.7,20.3
2486850,1,981216,CLASS BASQUET SANT ANTONI,AWAY,1528610,J. Rodriguez Jimenez,J. Rodriguez Jimenez,0,6.1,367.0,5.0,1.0,2.0,1.0,2.0,2.0,4.0,0.0,0.0,0.0,0.0,0.0,1.0,1.0,2.0,0.0,1.0,1.0,0.0,4.0,-1.0,62.5,62.5,50.0,0.0,1.0,1.5,0.0,0.0,0.0,0.0,33.3,17.5,0.0,20.0,36.7
2486850,1,981216,CLASS BASQUET SANT ANTONI,AWAY,2363916,D. De La Rua De Agustin,D. De La Rua De Agustin,0,17.9,1073.0,6.0,3.0,7.0,0.0,0.0,3.0,7.0,0.0,0.0,2.0,3.0,5.0,6.0,1.0,3.0,0.0,0.0,2.0,2.0,15.0,15.0,42.9,42.9,0.0,0.0,0.9,0.0,0.0,10.4,18.1,14.0,85.7,8.9,0.0,12.5,20.0
2486850,1,981216,CLASS BASQUET SANT ANTONI,AWAY,2818065,M. Issouf,M. Issouf,0,3.5,212.0,0.0,0.0,3.0,0.0,0.0,0.0,3.0,0.0,0.0,2.0,0.0,2.0,0.0,1.0,0.0,0.0,1.0,1.0,0.0,-3.0,2.0,0.0,0.0,0.0,0.0,0.0,0.0,0.0,53.2,0.0,28.6,0.0,0.0,0.0,25.0,51.2
2486850,1,981216,CLASS BASQUET SANT ANTONI,AWAY,1397157,R. Gomez Barral,R. Gomez Barral,0,26.8,1606.0,11.0,1.0,2.0,3.0,8.0,4.0,10.0,0.0,0.0,2.0,4.0,6.0,2.0,2.0,0.0,1.0,0.0,3.0,0.0,9.0,9.0,55.0,55.0,80.0,0.0,1.0,1.1,0.0,6.9,16.1,11.2,14.8,0.0,4.1,16.7,20.1
2486850,1,981216,CLASS BASQUET SANT ANTONI,AWAY,2462416,E. Stoilov,E. Stoilov,1,26.5,1592.0,16.0,5.0,7.0,0.0,0.0,5.0,7.0,6.0,8.0,2.0,7.0,9.0,0.0,1.0,1.0,1.0,0.0,5.0,8.0,25.0,7.0,76.0,71.4,0.0,114.3,1.4,0.0,1.0,7.0,28.6,17.0,0.0,2.0,4.2,8.7,19.5
2486850,1,981216,CLASS BASQUET SANT ANTONI,AWAY,1834527,S. Paz Vazquez,S. Paz Vazquez,0,25.3,1520.0,5.0,2.0,3.0,0.0,2.0,2.0,5.0,1.0,6.0,1.0,4.0,5.0,1.0,0.0,0.0,1.0,1.0,1.0,4.0,7.0,7.0,32.7,40.0,40.0,120.0,1.3,0.0,1.5,3.7,17.1,9.9,7.7,0.0,4.4,0.0,13.5
2486850,1,981216,CLASS BASQUET SANT ANTONI,AWAY,2182043,J. Solarin,J. Solarin,1,24.9,1492.0,6.0,2.0,7.0,0.0,4.0,2.0,11.0,2.0,5.0,1.0,1.0,2.0,0.0,1.0,0.0,0.0,0.0,3.0,3.0,-5.0,-10.0,22.7,18.2,36.4,45.5,0.6,0.0,1.7,3.7,4.3,4.0,0.0,0.0,0.0,7.0,25.6
2486850,1,981216,CLASS BASQUET SANT ANTONI,AWAY,1878691,I. Ruiz Gonzalez,I. Ruiz Gonzalez,1,14.7,883.0,2.0,1.0,1.0,0.0,1.0,1.0,2.0,0.0,0.0,1.0,3.0,4.0,0.0,2.0,1.0,1.0,0.0,0.0,1.0,6.0,-2.0,50.0,50.0,50.0,0.0,2.0,0.0,0.0,6.3,22.1,13.6,0.0,3.6,7.6,50.0,12.2
2486851,1,979897,BUENO ARENAS ALBACETE BASKET,HOME,2772828,F. Andrade Amiel,F. Andrade Amiel,0,3.0,179.0,0.0,0.0,1.0,0.0,0.0,0.0,1.0,0.0,0.0,0.0,0.0,0.0,0.0,1.0,0.0,0.0,0.0,0.0,0.0,-2.0,-4.0,0.0,0.0,0.0,0.0,0.0,0.0,0.0,0.0,0.0,0.0,0.0,0.0,0.0,50.0,30.9
2486851,1,979897,BUENO ARENAS ALBACETE BASKET,HOME,1371559,V. Aguilar Hernandez,V. Aguilar Hernandez,0,27.0,1622.0,10.0,2.0,5.0,2.0,2.0,4.0,7.0,0.0,0.0,3.0,5.0,8.0,3.0,3.0,2.0,0.0,0.0,2.0,2.0,17.0,-1.0,71.4,71.4,28.6,0.0,0.8,3.0,0.0,12.0,23.1,17.2,20.1,3.8,0.0,30.0,17.2
2486851,1,979897,BUENO ARENAS ALBACETE BASKET,HOME,2813013,N. Reid,N. Reid,1,31.9,1912.0,29.0,7.0,8.0,1.0,6.0,8.0,14.0,12.0,13.0,5.0,3.0,8.0,2.0,0.0,1.0,2.0,0.0,1.0,8.0,42.0,8.0,73.5,60.7,42.9,92.9,1.8,0.5,1.6,16.9,11.8,14.5,14.7,1.6,9.0,0.0,28.6
2486851,1,979897,BUENO ARENAS ALBACETE BASKET,HOME,1947396,V. Muñoz Quiñones,V. Muñoz Quiñones,0,15.6,934.0,3.0,0.0,1.0,1.0,2.0,1.0,3.0,0.0,0.0,0.0,2.0,2.0,1.0,2.0,0.0,2.0,0.0,3.0,0.0,1.0,2.0,50.0,50.0,66.7,0.0,0.0,1.5,0.0,0.0,16.0,7.4,10.2,0.0,18.3,40.0,14.8
2486851,1,979897,BUENO ARENAS ALBACETE BASKET,HOME,2735659,A. Vera Picazo,A. Vera Picazo,0,4.4,263.0,0.0,0.0,0.0,0.0,1.0,0.0,1.0,0.0,0.0,0.0,0.0,0.0,0.0,0.0,0.0,0.0,0.0,0.0,0.0,-1.0,-1.0,0.0,0.0,100.0,0.0,0.0,0.0,0.0,0.0,0.0,0.0,0.0,0.0,0.0,0.0,10.5
2486851,1,979897,BUENO ARENAS ALBACETE BASKET,HOME,2432962,S. Merlo,S. Merlo,1,30.6,1839.0,4.0,2.0,3.0,0.0,4.0,2.0,7.0,0.0,0.0,1.0,7.0,8.0,7.0,2.0,2.0,0.0,0.0,3.0,3.0,14.0,14.0,28.6,28.6,57.1,0.0,1.3,0.0,0.0,3.5,28.6,15.2,35.7,3.3,0.0,22.2,13.6
2486851,1,979897,BUENO ARENAS ALBACETE BASKET,HOME,1603635,J. Gonzalez Albadalejo,J. Gonzalez Albadalejo,1,28.8,1730.0,7.0,1.0,7.0,1.0,6.0,2.0,13.0,2.0,2.0,0.0,0.0,0.0,6.0,0.0,0.0,0.0,0.0,3.0,3.0,2.0,14.0,25.2,19.2,46.2,15.4,0.3,0.5,0.7,0.0,0.0,0.0,35.5,0.0,0.0,0.0,22.3
2486851,1,979897,BUENO ARENAS ALBACETE BASKET,HOME,2364931,A. Perez Conti,A. Perez Conti,0,2.5,152.0,0.0,0.0,0.0,0.0,0.0,0.0,0.0,0.0,0.0,0.0,0.0,0.0,0.0,0.0,0.0,0.0,0.0,0.0,0.0,0.0,-3.0,0.0,0.0,0.0,0.0,0.0,0.0,0.0,0.0,0.0,0.0,0.0,0.0,0.0,0.0,0.0
2486851,1,979897,BUENO ARENAS ALBACETE BASKET,HOME,2817541,O. Bramble,O. Bramble,1,16.2,972.0,8.0,4.0,5.0,0.0,0.0,4.0,5.0,0.0,0.0,1.0,2.0,3.0,1.0,1.0,1.0,0.0,1.0,1.0,2.0,12.0,1.0,80.0,80.0,0.0,0.0,1.6,0.0,0.0,6.7,15.4,10.7,14.7,3.1,0.0,16.7,17.2
2486851,1,979897,BUENO ARENAS ALBACETE BASKET,HOME,1981843,B. Vanaclocha Sanchez,B. Vanaclocha Sanchez,1,23.2,1394.0,12.0,6.0,9.0,0.0,0.0,6.0,9.0,0.0,0.0,0.0,1.0,1.0,0.0,2.0,1.0,0.0,0.0,1.0,0.0,8.0,17.0,66.7,66.7,0.0,0.0,1.3,0.0,0.0,0.0,5.4,2.5,0.0,2.2,0.0,18.2,22.0
2486851,1,979897,BUENO ARENAS ALBACETE BASKET,HOME,2432412,J. Hierrezuelo Serer,J. Hierrezuelo Serer,0,16.7,1003.0,3.0,0.0,0.0,0.0,7.0,0.0,7.0,3.0,4.0,1.0,4.0,5.0,0.0,0.0,0.0,0.0,0.0,2.0,2.0,0.0,-17.0,17.1,0.0,100.0,57.1,0.0,0.0,2.0,6.5,29.9,17.4,0.0,0.0,0.0,0.0,24.3
2486851,1,981305,SOL GIRONÈS BISBAL BÀSQUET,AWAY,1446313,J. Carrasco Martin,J. Carrasco Martin,1,24.6,1479.0,9.0,3.0,3.0,1.0,2.0,4.0,5.0,0.0,0.0,0.0,5.0,5.0,3.0,3.0,2.0,0.0,0.0,3.0,1.0,13.0,-3.0,90.0,90.0,40.0,0.0,2.0,1.5,0.0,0.0,22.0,11.8,25.9,4.3,0.0,37.5,15.1
2486851,1,981305,SOL GIRONÈS BISBAL BÀSQUET,AWAY,1964254,P. Sala Vallmajo,P. Sala Vallmajo,0,2.1,125.0,0.0,0.0,1.0,0.0,1.0,0.0,2.0,0.0,0.0,1.0,0.0,1.0,0.0,0.0,0.0,0.0,0.0,0.0,0.0,-1.0,3.0,0.0,0.0,50.0,0.0,0.0,0.0,0.0,59.5,0.0,27.6,0.0,0.0,0.0,0.0,44.1
2486851,1,981305,SOL GIRONÈS BISBAL BÀSQUET,AWAY,2814887,P. Renane,P. Renane,1,25.2,1514.0,3.0,0.0,3.0,1.0,5.0,1.0,8.0,0.0,0.0,1.0,3.0,4.0,2.0,1.0,0.0,0.0,0.0,3.0,0.0,-2.0,-11.0,18.8,18.8,62.5,0.0,0.0,0.6,0.0,5.0,12.9,9.2,13.7,0.0,0.0,11.1,16.5
2486851,1,981305,SOL GIRONÈS BISBAL BÀSQUET,AWAY,1227597,I. Valera Corominas,I. Valera Corominas,0,11.8,705.0,2.0,1.0,2.0,0.0,2.0,1.0,4.0,0.0,0.0,1.0,0.0,1.0,2.0,1.0,0.0,0.0,0.0,3.0,0.0,-2.0,3.0,25.0,25.0,50.0,0.0,1.0,0.0,0.0,10.6,0.0,4.9,29.4,0.0,0.0,20.0,19.6
2486851,1,981305,SOL GIRONÈS BISBAL BÀSQUET,AWAY,1829525,M. Mikhailov Paltarak,M. Mikhailov Paltarak,1,25.9,1551.0,17.0,7.0,12.0,0.0,0.0,7.0,12.0,3.0,6.0,3.0,9.0,12.0,0.0,3.0,1.0,0.0,1.0,1.0,4.0,22.0,-5.0,58.1,58.3,0.0,50.0,1.2,0.0,1.5,14.5,37.6,26.9,0.0,2.0,0.0,17.0,31.5
2486851,1,981305,SOL GIRONÈS BISBAL BÀSQUET,AWAY,2815520,N. Okeke,N. Okeke,1,31.3,1878.0,12.0,0.0,0.0,4.0,12.0,4.0,12.0,0.0,0.0,0.0,2.0,2.0,5.0,1.0,0.0,0.0,2.0,2.0,1.0,9.0,-6.0,50.0,50.0,100.0,0.0,0.0,1.0,0.0,0.0,6.9,3.7,29.8,0.0,0.0,7.7,19.2
2486851,1,981305,SOL GIRONÈS BISBAL BÀSQUET,AWAY,1400270,B. Alvarez Torres,B. Alvarez Torres,0,13.9,836.0,5.0,1.0,2.0,1.0,3.0,2.0,5.0,0.0,0.0,0.0,2.0,2.0,3.0,1.0,3.0,0.0,0.0,2.0,2.0,9.0,-3.0,50.0,50.0,60.0,0.0,1.0,1.0,0.0,0.0,15.6,8.3,51.7,11.5,0.0,16.7,20.0
2486851,1,981305,SOL GIRONÈS BISBAL BÀSQUET,AWAY,2814874,J. Golson,J. Golson,0,17.6,1054.0,11.0,0.0,1.0,3.0,5.0,3.0,6.0,2.0,2.0,0.0,1.0,1.0,0.0,1.0,0.0,0.0,1.0,1.0,0.0,7.0,-6.0,79.9,75.0,83.3,33.3,0.0,1.8,0.0,0.0,6.1,3.3,0.0,0.0,0.0,12.7,20.7
2486851,1,981305,SOL GIRONÈS BISBAL BÀSQUET,AWAY,2815046,N. Cledjo Houngues,N. Cledjo Houngues,0,3.0,181.0,2.0,1.0,1.0,0.0,0.0,1.0,1.0,0.0,0.0,0.0,0.0,0.0,0.0,0.0,0.0,0.0,0.0,1.0,1.0,2.0,2.0,100.0,100.0,0.0,0.0,2.0,0.0,0.0,0.0,0.0,0.0,0.0,0.0,0.0,0.0,15.4
2486851,1,981305,SOL GIRONÈS BISBAL BÀSQUET,AWAY,2815176,S. Kane,S. Kane,0,14.2,849.0,4.0,1.0,1.0,0.0,0.0,1.0,1.0,2.0,2.0,1.0,3.0,4.0,0.0,3.0,1.0,1.0,0.0,3.0,3.0,7.0,-1.0,106.4,100.0,0.0,200.0,2.0,0.0,0.7,8.8,22.8,16.3,0.0,3.7,7.2,61.5,15.9
2486851,1,981305,SOL GIRONÈS BISBAL BÀSQUET,AWAY,1198592,X. Torrent Bayé,X. Torrent Bayé,1,30.5,1828.0,5.0,1.0,2.0,1.0,9.0,2.0,11.0,0.0,0.0,1.0,1.0,2.0,2.0,1.0,1.0,0.0,0.0,1.0,3.0,2.0,-3.0,22.7,22.7,81.8,0.0,1.0,0.3,0.0,4.1,3.5,3.8,10.6,1.7,0.0,8.3,18.2
2486852,1,981275,MADERAS SORLI BENICARLO,HOME,2467065,A. Ikpeze,A. Ikpeze,1,15.0,901.0,7.0,3.0,4.0,0.0,0.0,3.0,4.0,1.0,3.0,4.0,3.0,7.0,0.0,1.0,0.0,0.0,0.0,3.0,3.0,10.0,-2.0,65.8,75.0,0.0,75.0,1.5,0.0,1.0,29.6,25.8,27.9,0.0,0.0,0.0,15.8,17.2
2486852,1,981275,MADERAS SORLI BENICARLO,HOME,2534405,L. Soumbey-Alley,L. Soumbey-Alley,1,19.9,1196.0,11.0,2.0,5.0,1.0,3.0,3.0,8.0,4.0,6.0,0.0,1.0,1.0,4.0,5.0,2.0,0.0,0.0,4.0,2.0,4.0,3.0,51.7,43.8,37.5,75.0,0.8,1.0,3.0,0.0,6.5,3.0,38.1,5.0,0.0,32.0,32.2
2486852,1,981275,MADERAS SORLI BENICARLO,HOME,1485040,A. Haro Val,A. Haro Val,1,17.9,1071.0,11.0,1.0,2.0,2.0,6.0,3.0,8.0,3.0,6.0,0.0,1.0,1.0,3.0,0.0,4.0,0.0,0.0,2.0,4.0,13.0,-10.0,51.7,50.0,75.0,75.0,1.0,1.0,1.5,0.0,7.2,3.3,38.5,11.2,0.0,0.0,24.3
2486852,1,981275,MADERAS SORLI BENICARLO,HOME,1998365,P. Harguindey Maneiro,P. Harguindey Maneiro,1,12.8,768.0,3.0,0.0,1.0,1.0,3.0,1.0,4.0,0.0,0.0,0.0,1.0,1.0,0.0,2.0,2.0,0.0,0.0,2.0,0.0,-1.0,-11.0,37.5,37.5,75.0,0.0,0.0,1.0,0.0,0.0,10.1,4.7,0.0,7.8,0.0,33.3,19.2
2486852,1,981275,MADERAS SORLI BENICARLO,HOME,2500822,M. Voronin,M. Voronin,0,7.8,468.0,0.0,0.0,1.0,0.0,0.0,0.0,1.0,0.0,0.0,0.0,0.0,0.0,1.0,1.0,0.0,0.0,0.0,0.0,1.0,0.0,-6.0,0.0,0.0,0.0,0.0,0.0,0.0,0.0,0.0,0.0,0.0,18.5,0.0,0.0,50.0,10.5
2486852,1,981275,MADERAS SORLI BENICARLO,HOME,1659850,A. Prior Ruiz,A. Prior Ruiz,0,18.8,1128.0,4.0,2.0,3.0,0.0,1.0,2.0,4.0,0.0,0.0,1.0,3.0,4.0,0.0,1.0,0.0,0.0,0.0,1.0,0.0,4.0,2.0,50.0,50.0,25.0,0.0,1.3,0.0,0.0,5.9,20.6,12.7,0.0,0.0,0.0,20.0,10.9
2486852,1,981275,MADERAS SORLI BENICARLO,HOME,2219986,A. Libroia,A. Libroia,0,27.4,1641.0,9.0,2.0,4.0,1.0,3.0,3.0,7.0,2.0,3.0,0.0,2.0,2.0,8.0,2.0,2.0,0.0,0.0,2.0,5.0,17.0,14.0,54.1,50.0,42.9,42.9,1.0,1.0,0.6,0.0,9.4,4.4,50.3,3.7,0.0,19.4,15.4
2486852,1,981275,MADERAS SORLI BENICARLO,HOME,2536645,R. Ukawuba,R. Ukawuba,0,15.4,924.0,10.0,2.0,4.0,1.0,3.0,3.0,7.0,3.0,4.0,1.0,1.0,2.0,2.0,1.0,0.0,0.0,0.0,0.0,2.0,10.0,10.0,57.1,50.0,42.9,57.1,1.0,1.0,2.0,7.2,8.4,7.8,25.6,0.0,0.0,10.2,25.9
2486852,1,981275,MADERAS SORLI BENICARLO,HOME,2250610,A. Sanchez Perdiguero,A. Sanchez Perdiguero,1,16.8,1008.0,7.0,2.0,3.0,0.0,0.0,2.0,3.0,3.0,8.0,5.0,1.0,6.0,0.0,1.0,0.0,0.0,0.0,3.0,5.0,8.0,4.0,53.7,66.7,0.0,266.7,1.3,0.0,1.6,33.1,7.7,21.3,0.0,0.0,0.0,13.3,18.3
2486852,1,981275,MADERAS SORLI BENICARLO,HOME,2816381,K. Obiekwe Sam,K. Obiekwe Sam,0,25.7,1542.0,9.0,3.0,4.0,1.0,6.0,4.0,10.0,0.0,0.0,3.0,1.0,4.0,1.0,2.0,3.0,0.0,0.0,1.0,0.0,8.0,12.0,45.0,45.0,60.0,0.0,1.5,0.5,0.0,13.0,5.0,9.3,8.2,5.8,0.0,16.7,19.1
2486852,1,981275,MADERAS SORLI BENICARLO,HOME,2439615,O. Ndour,O. Ndour,0,22.6,1353.0,12.0,3.0,4.0,0.0,0.0,3.0,4.0,6.0,8.0,3.0,4.0,7.0,2.0,5.0,1.0,0.0,0.0,5.0,4.0,13.0,9.0,79.8,75.0,0.0,200.0,1.5,0.0,2.0,14.7,22.8,18.5,15.2,2.2,0.0,39.9,22.7
2486852,1,981207,OCA GLOBAL C.B. SALOU,AWAY,2790712,J. Cajelli Triver,J. Cajelli Triver,0,10.4,626.0,5.0,1.0,1.0,1.0,1.0,2.0,2.0,0.0,0.0,1.0,1.0,2.0,0.0,2.0,1.0,0.0,0.0,5.0,0.0,1.0,15.0,125.0,125.0,50.0,0.0,2.0,3.0,0.0,12.4,10.7,11.5,0.0,4.8,0.0,50.0,16.6
2486852,1,981207,OCA GLOBAL C.B. SALOU,AWAY,2534398,J. Sánchez,J. Sánchez,0,28.0,1680.0,10.0,3.0,4.0,1.0,6.0,4.0,10.0,1.0,2.0,0.0,1.0,1.0,6.0,3.0,2.0,0.0,0.0,3.0,2.0,8.0,1.0,46.0,45.0,60.0,20.0,1.5,0.5,1.0,0.0,4.0,2.1,36.8,3.5,0.0,21.6,21.3
2486852,1,981207,OCA GLOBAL C.B. SALOU,AWAY,2715040,B. Traore,B. Traore,1,31.8,1909.0,15.0,4.0,6.0,1.0,8.0,5.0,14.0,4.0,8.0,0.0,4.0,4.0,1.0,5.0,2.0,0.0,0.0,5.0,6.0,5.0,-14.0,42.8,39.3,57.1,57.1,1.3,0.4,1.3,0.0,14.0,7.5,5.5,3.1,0.0,22.2,30.5
2486852,1,981207,OCA GLOBAL C.B. SALOU,AWAY,1271466,D. Cuellar Garcia,D. Cuellar Garcia,1,32.9,1972.0,14.0,2.0,3.0,3.0,6.0,5.0,9.0,1.0,2.0,3.0,6.0,9.0,0.0,2.0,1.0,0.0,0.0,2.0,2.0,17.0,-18.0,70.9,72.2,66.7,22.2,1.3,1.5,1.0,11.8,20.3,16.3,0.0,1.5,0.0,16.8,15.5
2486852,1,981207,OCA GLOBAL C.B. SALOU,AWAY,1967605,E. Sims Serra,E. Sims Serra,0,15.8,948.0,7.0,2.0,3.0,1.0,1.0,3.0,4.0,0.0,0.0,1.0,1.0,2.0,2.0,2.0,0.0,0.0,0.0,2.0,0.0,6.0,-9.0,87.5,87.5,25.0,0.0,1.3,3.0,0.0,8.2,7.0,7.6,23.3,0.0,0.0,33.3,16.3
2486852,1,981207,OCA GLOBAL C.B. SALOU,AWAY,1610350,E. Martinez Pretel,E. Martinez Pretel,1,23.4,1406.0,9.0,2.0,2.0,1.0,2.0,3.0,4.0,2.0,2.0,0.0,2.0,2.0,3.0,2.0,1.0,0.0,0.0,2.0,1.0,11.0,7.0,92.2,87.5,50.0,50.0,2.0,1.5,2.0,0.0,9.5,5.1,20.8,2.1,0.0,29.1,12.7
2486852,1,981207,OCA GLOBAL C.B. SALOU,AWAY,2274746,P. Salo Blaya,P. Salo Blaya,0,10.8,647.0,2.0,1.0,1.0,0.0,0.0,1.0,1.0,0.0,0.0,1.0,0.0,1.0,0.0,1.0,1.0,0.0,0.0,1.0,0.0,2.0,-15.0,100.0,100.0,0.0,0.0,2.0,0.0,0.0,11.9,0.0,5.5,0.0,4.6,0.0,50.0,8.0
2486852,1,981207,OCA GLOBAL C.B. SALOU,AWAY,1438515,A. Morales Ros,A. Morales Ros,1,24.5,1468.0,11.0,1.0,1.0,3.0,11.0,4.0,12.0,0.0,2.0,2.0,3.0,5.0,2.0,2.0,1.0,0.0,0.0,5.0,5.0,7.0,4.0,42.7,45.8,91.7,16.7,2.0,0.8,0.4,10.5,13.6,12.2,14.9,2.0,0.0,13.4,26.1
2486852,1,981207,OCA GLOBAL C.B. SALOU,AWAY,2825543,D. Jackson,D. Jackson,1,22.4,1344.0,5.0,2.0,4.0,0.0,2.0,2.0,6.0,1.0,2.0,5.0,1.0,6.0,4.0,4.0,1.0,0.0,0.0,4.0,4.0,7.0,4.0,36.3,33.3,33.3,33.3,1.0,0.0,0.5,28.8,5.0,16.0,26.0,2.2,0.0,36.8,20.9
2486853,1,981490,CLUB ESPORTIU BÀSQUET LLÍRIA,HOME,2274877,K. Clement Aigbogun,K. Clement Aigbogun,0,17.3,1037.0,9.0,2.0,3.0,1.0,2.0,3.0,5.0,2.0,2.0,1.0,1.0,2.0,0.0,2.0,1.0,0.0,1.0,3.0,1.0,6.0,12.0,76.5,70.0,40.0,40.0,1.3,1.5,2.0,6.4,6.1,6.2,0.0,3.0,0.0,25.4,20.3
2486853,1,981490,CLUB ESPORTIU BÀSQUET LLÍRIA,HOME,2665346,D. Kandulu,D. Kandulu,1,20.2,1211.0,13.0,4.0,7.0,0.0,0.0,4.0,7.0,5.0,8.0,3.0,8.0,11.0,0.0,1.0,1.0,1.0,0.0,2.0,6.0,23.0,7.0,61.8,57.1,0.0,114.3,1.1,0.0,1.3,16.5,41.7,29.4,0.0,2.6,5.0,8.7,25.4
2486853,1,981490,CLUB ESPORTIU BÀSQUET LLÍRIA,HOME,1702333,E. Herrera Sauret,E. Herrera Sauret,0,20.1,1203.0,10.0,3.0,5.0,1.0,5.0,4.0,10.0,1.0,2.0,1.0,1.0,2.0,1.0,1.0,0.0,0.0,1.0,3.0,3.0,5.0,8.0,46.0,45.0,50.0,20.0,1.2,0.6,0.7,5.5,5.2,5.4,8.7,0.0,0.0,8.4,26.3
2486853,1,981490,CLUB ESPORTIU BÀSQUET LLÍRIA,HOME,1995160,D. Rivas Palmer,D. Rivas Palmer,1,12.7,759.0,8.0,0.0,1.0,2.0,3.0,2.0,4.0,2.0,2.0,0.0,1.0,1.0,1.0,1.0,0.0,0.0,1.0,1.0,1.0,7.0,5.0,82.0,75.0,75.0,50.0,0.0,2.0,2.0,0.0,8.3,4.3,13.7,0.0,0.0,17.0,20.6
2486853,1,981490,CLUB ESPORTIU BÀSQUET LLÍRIA,HOME,1882178,J. Palamos Molins,J. Palamos Molins,0,17.6,1057.0,0.0,0.0,1.0,0.0,2.0,0.0,3.0,0.0,0.0,3.0,1.0,4.0,7.0,1.0,1.0,0.0,0.0,2.0,0.0,6.0,-8.0,0.0,0.0,66.7,0.0,0.0,0.0,0.0,18.9,6.0,12.3,56.5,3.0,0.0,25.0,10.1
2486853,1,981490,CLUB ESPORTIU BÀSQUET LLÍRIA,HOME,2281145,A. Rivas Palmer,A. Rivas Palmer,1,27.3,1640.0,11.0,1.0,3.0,3.0,9.0,4.0,12.0,0.0,0.0,3.0,3.0,6.0,0.0,4.0,1.0,0.0,1.0,2.0,2.0,6.0,0.0,45.8,45.8,75.0,0.0,0.7,1.0,0.0,12.2,11.6,11.9,0.0,1.9,0.0,25.0,26.1
2486853,1,981490,CLUB ESPORTIU BÀSQUET LLÍRIA,HOME,1560358,A. Meana Perez,A. Meana Perez,1,22.4,1343.0,13.0,3.0,4.0,1.0,2.0,4.0,6.0,4.0,4.0,0.0,6.0,6.0,3.0,1.0,2.0,0.0,1.0,1.0,5.0,25.0,12.0,83.8,75.0,33.3,66.7,1.5,1.5,0.8,0.0,28.2,14.5,20.5,4.7,0.0,11.4,17.4
2486853,1,981490,CLUB ESPORTIU BÀSQUET LLÍRIA,HOME,1257494,V. Perez Tomas,V. Perez Tomas,0,10.8,646.0,9.0,0.0,0.0,3.0,6.0,3.0,6.0,0.0,0.0,0.0,0.0,0.0,2.0,1.0,1.0,0.0,0.0,0.0,0.0,8.0,-1.0,75.0,75.0,100.0,0.0,0.0,1.5,0.0,0.0,0.0,0.0,31.7,4.9,0.0,14.3,28.8
2486853,1,981490,CLUB ESPORTIU BÀSQUET LLÍRIA,HOME,1761293,P. Bono Soler,P. Bono Soler,0,12.7,760.0,0.0,0.0,2.0,0.0,0.0,0.0,2.0,0.0,0.0,1.0,3.0,4.0,0.0,0.0,0.0,0.0,1.0,1.0,0.0,1.0,4.0,0.0,0.0,0.0,0.0,0.0,0.0,0.0,8.7,24.9,17.0,0.0,0.0,0.0,0.0,7.0
2486853,1,981490,CLUB ESPORTIU BÀSQUET LLÍRIA,HOME,2184821,M. Enabulele Ogunsuyi,M. Enabulele Ogunsuyi,0,19.8,1189.0,6.0,3.0,9.0,0.0,0.0,3.0,9.0,0.0,0.0,2.0,4.0,6.0,0.0,0.0,0.0,0.0,1.0,1.0,1.0,6.0,-3.0,33.3,33.3,0.0,0.0,0.7,0.0,0.0,11.2,21.3,16.4,0.0,0.0,0.0,0.0,20.2
2486853,1,981490,CLUB ESPORTIU BÀSQUET LLÍRIA,HOME,2222436,S. Gallego Mogro,S. Gallego Mogro,1,19.2,1155.0,9.0,3.0,3.0,1.0,3.0,4.0,6.0,0.0,0.0,1.0,0.0,1.0,2.0,0.0,0.0,0.0,0.0,2.0,1.0,9.0,-16.0,75.0,75.0,50.0,0.0,2.0,1.0,0.0,5.8,0.0,2.8,17.4,0.0,0.0,0.0,13.9
2486853,1,981294,C.B. ZARAGOZA,AWAY,2451495,D. Knowles,D. Knowles,1,18.4,1105.0,3.0,1.0,2.0,0.0,0.0,1.0,2.0,1.0,2.0,0.0,1.0,1.0,1.0,0.0,1.0,1.0,0.0,2.0,2.0,5.0,1.0,52.1,50.0,0.0,100.0,1.0,0.0,1.0,0.0,6.0,2.9,6.7,2.9,5.7,0.0,7.3
2486853,1,981294,C.B. ZARAGOZA,AWAY,1802050,D. Muñoz Samatan,D. Muñoz Samatan,1,18.4,1102.0,3.0,0.0,1.0,1.0,2.0,1.0,3.0,0.0,2.0,1.0,1.0,2.0,2.0,2.0,0.0,0.0,0.0,3.0,2.0,0.0,-17.0,38.7,50.0,66.7,66.7,0.0,1.5,1.0,5.7,6.0,5.9,13.3,0.0,0.0,34.0,14.8
2486853,1,981294,C.B. ZARAGOZA,AWAY,2815361,I. Okeke,I. Okeke,0,11.9,712.0,7.0,2.0,3.0,1.0,1.0,3.0,4.0,0.0,0.0,0.0,3.0,3.0,0.0,1.0,0.0,1.0,0.0,3.0,0.0,6.0,6.0,87.5,87.5,25.0,0.0,1.3,3.0,0.0,0.0,28.0,13.6,0.0,0.0,8.8,20.0,19.5
2486853,1,981294,C.B. ZARAGOZA,AWAY,1798932,D. Arjol Lopez,D. Arjol Lopez,0,22.8,1365.0,8.0,2.0,4.0,1.0,3.0,3.0,7.0,1.0,2.0,1.0,5.0,6.0,7.0,2.0,0.0,0.0,0.0,4.0,3.0,13.0,0.0,50.8,50.0,42.9,28.6,1.0,1.0,0.7,4.6,24.4,14.2,43.2,0.0,0.0,20.2,20.1
2486853,1,981294,C.B. ZARAGOZA,AWAY,1250976,O. Alvarado Rodriguez,O. Alvarado Rodriguez,1,30.6,1839.0,7.0,0.0,0.0,2.0,3.0,2.0,3.0,1.0,2.0,2.0,2.0,4.0,7.0,1.0,2.0,0.0,0.0,0.0,3.0,20.0,-1.0,90.2,100.0,100.0,66.7,0.0,2.0,0.7,6.9,7.3,7.1,29.7,3.5,0.0,20.5,7.4
2486853,1,981294,C.B. ZARAGOZA,AWAY,361567,E. Gatell Sanz,E. Gatell Sanz,0,21.5,1291.0,7.0,3.0,7.0,0.0,0.0,3.0,7.0,1.0,3.0,1.0,4.0,5.0,2.0,1.0,1.0,3.0,0.0,2.0,4.0,13.0,-5.0,42.1,42.9,0.0,42.9,0.9,0.0,0.8,4.9,20.7,12.6,15.4,2.5,14.7,10.7,20.1
2486853,1,981294,C.B. ZARAGOZA,AWAY,1861515,P. Aso Jimenez,P. Aso Jimenez,1,16.1,966.0,0.0,0.0,4.0,0.0,1.0,0.0,5.0,0.0,0.0,2.0,1.0,3.0,0.0,0.0,0.0,1.0,0.0,0.0,0.0,-1.0,-3.0,0.0,0.0,20.0,0.0,0.0,0.0,0.0,13.1,6.9,10.1,0.0,0.0,6.5,0.0,14.4
2486853,1,981294,C.B. ZARAGOZA,AWAY,2815312,J. Zhao Olmos,J. Zhao Olmos,1,27.5,1649.0,29.0,6.0,10.0,5.0,13.0,11.0,23.0,2.0,2.0,2.0,4.0,6.0,1.0,0.0,0.0,1.0,1.0,2.0,1.0,24.0,-9.0,60.7,58.7,56.5,8.7,1.2,1.2,2.0,7.7,16.2,11.8,8.8,0.0,3.8,0.0,40.3
2486853,1,981294,C.B. ZARAGOZA,AWAY,1556128,G. Colom Barrufet,G. Colom Barrufet,0,12.8,768.0,6.0,0.0,4.0,2.0,4.0,2.0,8.0,0.0,0.0,0.0,0.0,0.0,3.0,0.0,0.0,0.0,0.0,1.0,2.0,4.0,2.0,37.5,37.5,50.0,0.0,0.0,1.5,0.0,0.0,0.0,0.0,39.5,0.0,0.0,0.0,29.0
2486853,1,981294,C.B. ZARAGOZA,AWAY,1910411,A. Aragones Navais,A. Aragones Navais,0,20.1,1203.0,14.0,4.0,5.0,2.0,3.0,6.0,8.0,0.0,1.0,1.0,0.0,1.0,0.0,3.0,1.0,0.0,0.0,3.0,1.0,8.0,6.0,82.9,87.5,37.5,12.5,1.6,2.0,1.0,5.2,0.0,2.7,0.0,2.7,0.0,26.2,26.4
2486854,1,981358,CIUDAD MOLINA BASKET,HOME,2816300,A. Duval,A. Duval,1,20.3,1217.0,6.0,0.0,1.0,1.0,6.0,1.0,7.0,3.0,4.0,1.0,0.0,1.0,1.0,3.0,1.0,0.0,0.0,4.0,3.0,-2.0,-6.0,34.2,21.4,85.7,57.1,0.0,0.5,1.3,5.6,0.0,3.1,8.3,2.3,0.0,25.5,25.5
2486854,1,981358,CIUDAD MOLINA BASKET,HOME,1899744,J. Cascales Fernandez,J. Cascales Fernandez,0,6.6,394.0,3.0,1.0,3.0,0.0,0.0,1.0,3.0,1.0,2.0,0.0,1.0,1.0,0.0,1.0,1.0,0.0,0.0,2.0,2.0,1.0,-8.0,38.7,33.3,0.0,66.7,0.7,0.0,1.0,0.0,21.6,9.6,0.0,7.2,0.0,20.5,32.5
2486854,1,981358,CIUDAD MOLINA BASKET,HOME,1767254,G. Cadme Arias,G. Cadme Arias,1,22.0,1320.0,1.0,0.0,3.0,0.0,0.0,0.0,3.0,1.0,2.0,2.0,2.0,4.0,1.0,2.0,3.0,0.0,2.0,2.0,1.0,2.0,-4.0,12.9,0.0,0.0,66.7,0.0,0.0,2.0,10.4,13.0,11.5,6.4,6.4,0.0,34.0,11.7
2486854,1,981358,CIUDAD MOLINA BASKET,HOME,1532799,R. Timoner Gimenez,R. Timoner Gimenez,1,25.2,1512.0,13.0,1.0,1.0,3.0,9.0,4.0,10.0,2.0,2.0,0.0,3.0,3.0,5.0,0.0,0.0,0.0,0.0,3.0,1.0,13.0,-1.0,59.7,55.0,90.0,20.0,2.0,1.0,2.0,0.0,17.0,7.6,43.1,0.0,0.0,0.0,19.0
2486854,1,981358,CIUDAD MOLINA BASKET,HOME,2146670,P. Campeny Lloveras,P. Campeny Lloveras,0,15.9,954.0,9.0,3.0,4.0,1.0,1.0,4.0,5.0,0.0,0.0,1.0,1.0,2.0,0.0,1.0,1.0,0.0,0.0,2.0,0.0,8.0,-7.0,90.0,90.0,20.0,0.0,1.5,3.0,0.0,7.2,9.0,8.0,0.0,3.0,0.0,16.7,16.6
2486854,1,981358,CIUDAD MOLINA BASKET,HOME,1514342,R. Martínez-Quintanilla Jiménez,R. Martínez-Quintanilla Jiménez,0,9.2,550.0,6.0,0.0,1.0,2.0,3.0,2.0,4.0,0.0,0.0,1.0,0.0,1.0,0.0,0.0,0.0,0.0,0.0,1.0,0.0,4.0,-1.0,75.0,75.0,75.0,0.0,0.0,2.0,0.0,12.4,0.0,6.9,0.0,0.0,0.0,0.0,19.1
2486854,1,981358,CIUDAD MOLINA BASKET,HOME,2816662,G. Miladinovic,G. Miladinovic,0,11.9,712.0,2.0,1.0,3.0,0.0,0.0,1.0,3.0,0.0,0.0,0.0,2.0,2.0,0.0,1.0,1.0,1.0,0.0,2.0,0.0,1.0,-19.0,33.3,33.3,0.0,0.0,0.7,0.0,0.0,0.0,24.0,10.7,0.0,4.0,10.8,25.0,14.8
2486854,1,981358,CIUDAD MOLINA BASKET,HOME,2557720,M. Garcia Rosello,M. Garcia Rosello,0,13.3,798.0,2.0,1.0,1.0,0.0,3.0,1.0,4.0,0.0,0.0,1.0,4.0,5.0,0.0,3.0,0.0,0.0,0.0,2.0,0.0,-1.0,-12.0,25.0,25.0,75.0,0.0,2.0,0.0,0.0,8.6,43.0,23.9,0.0,0.0,0.0,42.9,23.1
2486854,1,981358,CIUDAD MOLINA BASKET,HOME,2042118,F. Hernandez Martinez,F. Hernandez Martinez,0,21.3,1279.0,4.0,2.0,4.0,0.0,3.0,2.0,7.0,0.0,1.0,0.0,3.0,3.0,2.0,2.0,2.0,0.0,0.0,0.0,2.0,5.0,-15.0,26.9,28.6,42.9,14.3,1.0,0.0,0.5,0.0,20.1,8.9,18.2,4.4,0.0,21.2,19.5
2486854,1,981358,CIUDAD MOLINA BASKET,HOME,2816661,M. Mukendi Mukendi,M. Mukendi Mukendi,1,22.7,1364.0,13.0,5.0,8.0,0.0,0.0,5.0,8.0,3.0,6.0,3.0,3.0,6.0,1.0,1.0,0.0,2.0,1.0,1.0,9.0,23.0,8.0,61.1,62.5,0.0,75.0,1.2,0.0,0.7,15.1,18.9,16.8,9.4,0.0,11.4,8.6,22.5
2486854,1,981358,CIUDAD MOLINA BASKET,HOME,1439463,C. Toledo Zamora,C. Toledo Zamora,1,20.1,1209.0,14.0,5.0,6.0,0.0,0.0,5.0,6.0,4.0,4.0,1.0,2.0,3.0,0.0,2.0,0.0,0.0,0.0,3.0,3.0,14.0,-10.0,90.2,83.3,0.0,66.7,1.7,0.0,1.3,5.7,14.2,9.5,0.0,0.0,0.0,20.5,21.3
2486854,1,981358,CIUDAD MOLINA BASKET,HOME,2032122,J. Tavelli,J. Tavelli,0,11.5,691.0,4.0,0.0,0.0,0.0,2.0,0.0,2.0,4.0,4.0,0.0,1.0,1.0,2.0,2.0,0.0,0.0,0.0,1.0,2.0,4.0,-10.0,53.2,0.0,100.0,200.0,0.0,0.0,2.0,0.0,12.4,5.5,25.6,0.0,0.0,34.7,22.0
2486854,1,979996,AMICS CASTELLÓ,AWAY,2149001,R. Fabrega Urpina,R. Fabrega Urpina,0,20.9,1251.0,10.0,2.0,5.0,1.0,1.0,3.0,6.0,3.0,3.0,0.0,5.0,5.0,6.0,2.0,1.0,0.0,1.0,1.0,3.0,19.0,23.0,68.3,58.3,16.7,50.0,0.8,3.0,1.0,0.0,27.3,15.2,50.0,2.4,0.0,21.5,19.7
2486854,1,979996,AMICS CASTELLÓ,AWAY,1871776,A. Balada Segovia,A. Balada Segovia,0,2.2,132.0,0.0,0.0,0.0,0.0,2.0,0.0,2.0,0.0,0.0,0.0,0.0,0.0,0.0,0.0,0.0,0.0,0.0,0.0,0.0,-2.0,-4.0,0.0,0.0,100.0,0.0,0.0,0.0,0.0,0.0,0.0,0.0,0.0,0.0,0.0,0.0,40.1
2486854,1,979996,AMICS CASTELLÓ,AWAY,273780,J. Faner Catala,J. Faner Catala,1,19.2,1154.0,2.0,1.0,3.0,0.0,1.0,1.0,4.0,0.0,2.0,0.0,2.0,2.0,2.0,5.0,3.0,0.0,0.0,2.0,2.0,-1.0,-6.0,20.5,25.0,25.0,50.0,0.7,0.0,1.0,0.0,11.9,6.6,14.3,7.7,0.0,50.6,22.7
2486854,1,979996,AMICS CASTELLÓ,AWAY,2818901,O. Russell,O. Russell,0,20.9,1257.0,26.0,2.0,5.0,3.0,6.0,5.0,11.0,13.0,14.0,0.0,5.0,5.0,3.0,2.0,1.0,1.0,1.0,2.0,7.0,32.0,21.0,75.8,59.1,54.5,127.3,0.8,1.5,2.0,0.0,27.3,15.2,30.0,2.4,5.5,10.4,40.5
2486854,1,979996,AMICS CASTELLÓ,AWAY,2816147,D. Bah,D. Bah,0,21.5,1288.0,4.0,2.0,4.0,0.0,0.0,2.0,4.0,0.0,0.0,2.0,3.0,5.0,0.0,1.0,0.0,0.0,0.0,3.0,0.0,3.0,14.0,50.0,50.0,0.0,0.0,1.0,0.0,0.0,13.3,15.9,14.8,0.0,0.0,0.0,20.0,10.3
2486854,1,979996,AMICS CASTELLÓ,AWAY,1769425,A. Roig Barbera,A. Roig Barbera,0,17.4,1041.0,7.0,2.0,2.0,1.0,3.0,3.0,5.0,0.0,1.0,1.0,1.0,2.0,2.0,1.0,1.0,0.0,0.0,1.0,2.0,9.0,12.0,64.3,70.0,60.0,20.0,2.0,1.0,0.5,8.2,6.6,7.3,22.2,2.8,0.0,15.5,16.3
2486854,1,979996,AMICS CASTELLÓ,AWAY,2816738,K. Newton,K. Newton,1,18.6,1113.0,10.0,0.0,1.0,3.0,7.0,3.0,8.0,1.0,1.0,0.0,1.0,1.0,1.0,1.0,0.0,0.0,0.0,2.0,0.0,4.0,-4.0,59.2,56.2,87.5,12.5,0.0,1.3,0.0,0.0,6.1,3.4,8.3,0.0,0.0,10.6,22.4
2486854,1,979996,AMICS CASTELLÓ,AWAY,2743181,K.  Baoko,K.  Baoko,1,16.6,994.0,5.0,1.0,1.0,0.0,0.0,1.0,1.0,3.0,4.0,3.0,3.0,6.0,0.0,4.0,0.0,1.0,0.0,4.0,3.0,6.0,0.0,90.6,100.0,0.0,400.0,2.0,0.0,1.3,25.8,20.7,22.9,0.0,0.0,6.9,59.2,18.0
2486854,1,979996,AMICS CASTELLÓ,AWAY,1840859,V. Rodriguez Gil,V. Rodriguez Gil,0,2.0,118.0,0.0,0.0,1.0,0.0,0.0,0.0,1.0,0.0,0.0,0.0,0.0,0.0,0.0,0.0,0.0,0.0,1.0,0.0,0.0,-1.0,1.0,0.0,0.0,0.0,0.0,0.0,0.0,0.0,0.0,0.0,0.0,0.0,0.0,0.0,0.0,22.1
2486854,1,979996,AMICS CASTELLÓ,AWAY,2641325,M. Andreatta,M. Andreatta,0,21.4,1282.0,9.0,3.0,3.0,1.0,2.0,4.0,5.0,0.0,4.0,0.0,0.0,0.0,0.0,1.0,2.0,0.0,0.0,1.0,4.0,8.0,17.0,66.6,90.0,40.0,80.0,2.0,1.5,1.0,0.0,0.0,0.0,0.0,4.6,0.0,12.9,16.0
2486854,1,979996,AMICS CASTELLÓ,AWAY,2325314,F. Stutz,F. Stutz,1,18.6,1113.0,7.0,1.0,2.0,1.0,1.0,2.0,3.0,2.0,2.0,0.0,3.0,3.0,1.0,1.0,0.0,1.0,0.0,4.0,1.0,7.0,2.0,90.2,83.3,33.3,66.7,1.0,3.0,2.0,0.0,18.4,10.2,7.7,0.0,6.1,20.5,11.6
2486854,1,979996,AMICS CASTELLÓ,AWAY,1627889,A. Tamayo Lesmes,A. Tamayo Lesmes,1,20.9,1257.0,14.0,4.0,4.0,2.0,4.0,6.0,8.0,0.0,0.0,0.0,2.0,2.0,0.0,1.0,1.0,0.0,0.0,3.0,0.0,11.0,9.0,87.5,87.5,50.0,0.0,2.0,1.5,0.0,0.0,10.9,6.1,0.0,2.4,0.0,11.1,19.0
2486855,1,981347,PROINBENI UPB GANDIA,HOME,1824880,G. Perez Ramirez,G. Perez Ramirez,0,13.2,791.0,6.0,3.0,4.0,0.0,2.0,3.0,6.0,0.0,0.0,1.0,2.0,3.0,0.0,1.0,0.0,0.0,0.0,1.0,1.0,5.0,-2.0,50.0,50.0,33.3,0.0,1.5,0.0,0.0,8.4,15.5,12.1,0.0,0.0,0.0,14.3,23.7
2486855,1,981347,PROINBENI UPB GANDIA,HOME,1837816,C. Hurtado Cervantes,C. Hurtado Cervantes,0,16.8,1010.0,5.0,1.0,3.0,1.0,4.0,2.0,7.0,0.0,0.0,1.0,1.0,2.0,3.0,2.0,3.0,0.0,1.0,2.0,2.0,6.0,5.0,35.7,35.7,57.1,0.0,0.7,0.8,0.0,6.6,6.1,6.3,30.0,8.8,0.0,22.2,24.0
2486855,1,981347,PROINBENI UPB GANDIA,HOME,2736564,K. Greeley,K. Greeley,1,25.9,1553.0,18.0,7.0,11.0,0.0,4.0,7.0,15.0,4.0,6.0,2.0,2.0,4.0,1.0,0.0,0.0,0.0,0.0,1.0,4.0,16.0,5.0,51.0,46.7,26.7,40.0,1.3,0.0,1.5,8.6,7.9,8.2,9.1,0.0,0.0,0.0,30.5
2486855,1,981347,PROINBENI UPB GANDIA,HOME,2378347,J. Molina Martinez,J. Molina Martinez,0,19.9,1196.0,14.0,1.0,5.0,4.0,5.0,5.0,10.0,0.0,0.0,0.0,1.0,1.0,0.0,0.0,1.0,0.0,1.0,1.0,1.0,11.0,5.0,70.0,70.0,50.0,0.0,0.4,2.4,0.0,0.0,5.2,2.7,0.0,2.5,0.0,0.0,22.5
2486855,1,981347,PROINBENI UPB GANDIA,HOME,1673764,L. Ferrando Ortells,L. Ferrando Ortells,1,23.2,1390.0,11.0,2.0,7.0,1.0,2.0,3.0,9.0,4.0,6.0,1.0,0.0,1.0,4.0,2.0,3.0,0.0,0.0,2.0,4.0,11.0,2.0,47.3,38.9,22.2,66.7,0.6,1.5,1.5,4.8,0.0,2.3,26.7,6.4,0.0,14.7,26.3
2486855,1,981347,PROINBENI UPB GANDIA,HOME,2711878,D. Ilincic,D. Ilincic,0,12.9,773.0,11.0,2.0,3.0,1.0,1.0,3.0,4.0,4.0,6.0,0.0,5.0,5.0,0.0,1.0,0.0,0.0,0.0,1.0,3.0,14.0,-3.0,82.8,87.5,25.0,150.0,1.3,3.0,2.0,0.0,39.8,20.7,0.0,0.0,0.0,13.1,26.5
2486855,1,981347,PROINBENI UPB GANDIA,HOME,1996333,M. Montilla Diaz,M. Montilla Diaz,1,12.0,722.0,2.0,0.0,2.0,0.0,0.0,0.0,2.0,2.0,4.0,0.0,1.0,1.0,2.0,0.0,1.0,1.0,0.0,3.0,2.0,2.0,2.0,26.6,0.0,0.0,200.0,0.0,0.0,2.0,0.0,8.5,4.4,22.2,4.1,7.2,0.0,14.0
2486855,1,981347,PROINBENI UPB GANDIA,HOME,1827011,J. Soler Cirujeda,J. Soler Cirujeda,0,15.5,929.0,2.0,1.0,1.0,0.0,2.0,1.0,3.0,0.0,0.0,0.0,1.0,1.0,1.0,0.0,0.0,0.0,0.0,2.0,1.0,1.0,9.0,33.3,33.3,66.7,0.0,2.0,0.0,0.0,0.0,6.6,3.4,9.1,0.0,0.0,0.0,8.7
2486855,1,981347,PROINBENI UPB GANDIA,HOME,1857448,J. Santana Luchoro,J. Santana Luchoro,1,24.4,1463.0,9.0,1.0,2.0,2.0,3.0,3.0,5.0,1.0,2.0,0.0,6.0,6.0,2.0,1.0,0.0,0.0,0.0,1.0,2.0,14.0,4.0,76.5,80.0,60.0,40.0,1.0,2.0,1.0,0.0,25.2,13.1,13.3,0.0,0.0,14.5,12.6
2486855,1,981347,PROINBENI UPB GANDIA,HOME,1851026,A. Bellver Valiente,A. Bellver Valiente,0,10.2,612.0,1.0,0.0,1.0,0.0,1.0,0.0,2.0,1.0,2.0,0.0,0.0,0.0,2.0,0.0,0.0,0.0,0.0,4.0,1.0,-3.0,-1.0,17.4,0.0,50.0,100.0,0.0,0.0,2.0,0.0,0.0,0.0,22.2,0.0,0.0,0.0,12.6
2486855,1,981347,PROINBENI UPB GANDIA,HOME,2335802,J. Bitjaa Kody,J. Bitjaa Kody,1,26.0,1561.0,9.0,2.0,4.0,1.0,2.0,3.0,6.0,2.0,2.0,2.0,7.0,9.0,1.0,1.0,0.0,0.0,0.0,2.0,4.0,17.0,9.0,65.4,58.3,33.3,33.3,1.0,1.5,0.5,8.5,27.6,18.5,5.6,0.0,0.0,12.7,13.6
2486855,1,981491,C.B. GETAFE,AWAY,1223461,J. Tejera Tejo,J. Tejera Tejo,0,3.1,188.0,0.0,0.0,1.0,0.0,1.0,0.0,2.0,0.0,0.0,0.0,0.0,0.0,0.0,0.0,0.0,0.0,0.0,0.0,0.0,-2.0,1.0,0.0,0.0,50.0,0.0,0.0,0.0,0.0,0.0,0.0,0.0,0.0,0.0,0.0,0.0,27.5
2486855,1,981491,C.B. GETAFE,AWAY,2816388,M. Abdulsalam,M. Abdulsalam,0,16.9,1015.0,5.0,2.0,5.0,0.0,0.0,2.0,5.0,1.0,2.0,4.0,6.0,10.0,0.0,1.0,1.0,0.0,0.0,3.0,1.0,9.0,-4.0,42.5,40.0,0.0,40.0,0.8,0.0,2.0,24.3,39.4,31.6,0.0,2.9,0.0,14.5,17.4
2486855,1,981491,C.B. GETAFE,AWAY,1789964,E. Ortiz Torres,E. Ortiz Torres,0,12.7,763.0,4.0,2.0,3.0,0.0,0.0,2.0,3.0,0.0,2.0,2.0,0.0,2.0,2.0,3.0,1.0,0.0,0.0,2.0,2.0,3.0,-2.0,51.5,66.7,0.0,66.7,1.3,0.0,1.0,16.2,0.0,8.4,27.4,3.8,0.0,43.6,23.1
2486855,1,981491,C.B. GETAFE,AWAY,2816390,A. Akinwole,A. Akinwole,1,19.5,1171.0,2.0,1.0,3.0,0.0,1.0,1.0,4.0,0.0,0.0,0.0,1.0,1.0,1.0,4.0,0.0,0.0,0.0,1.0,0.0,-4.0,-8.0,25.0,25.0,25.0,0.0,0.7,0.0,0.0,0.0,5.7,2.7,6.9,0.0,0.0,50.0,17.5
2486855,1,981491,C.B. GETAFE,AWAY,2815898,C. Henderson,C. Henderson,1,21.9,1311.0,7.0,2.0,2.0,1.0,2.0,3.0,4.0,0.0,0.0,0.0,5.0,5.0,0.0,1.0,1.0,1.0,0.0,3.0,0.0,9.0,-5.0,87.5,87.5,50.0,0.0,2.0,1.5,0.0,0.0,25.4,12.2,0.0,2.2,4.2,20.0,9.7
2486855,1,981491,C.B. GETAFE,AWAY,1587611,I. Ibañez Zamalloa,I. Ibañez Zamalloa,0,12.7,760.0,3.0,0.0,0.0,1.0,4.0,1.0,4.0,0.0,0.0,0.0,0.0,0.0,1.0,1.0,1.0,0.0,0.0,2.0,1.0,0.0,1.0,37.5,37.5,100.0,0.0,0.0,0.8,0.0,0.0,0.0,0.0,12.0,3.8,0.0,20.0,16.8
2486855,1,981491,C.B. GETAFE,AWAY,1674978,G. Mulero Maldonado,G. Mulero Maldonado,0,23.6,1414.0,16.0,5.0,10.0,1.0,3.0,6.0,13.0,3.0,5.0,1.0,2.0,3.0,2.0,1.0,0.0,0.0,0.0,4.0,3.0,10.0,-2.0,52.6,50.0,23.1,38.5,1.0,1.0,1.7,4.3,9.4,6.8,15.9,0.0,0.0,6.2,29.3
2486855,1,981491,C.B. GETAFE,AWAY,1521251,W. Cabral Bueriberi,W. Cabral Bueriberi,0,18.9,1135.0,16.0,3.0,6.0,2.0,4.0,5.0,10.0,4.0,4.0,2.0,4.0,6.0,0.0,0.0,2.0,1.0,0.0,1.0,4.0,23.0,-3.0,68.0,60.0,40.0,40.0,1.0,1.5,1.0,10.9,23.5,16.9,0.0,5.1,4.9,0.0,26.5
2486855,1,981491,C.B. GETAFE,AWAY,1582089,J. Parra Baez,J. Parra Baez,1,30.1,1809.0,12.0,4.0,9.0,1.0,4.0,5.0,13.0,1.0,2.0,0.0,2.0,2.0,1.0,3.0,0.0,0.0,1.0,1.0,2.0,4.0,-15.0,43.2,42.3,30.8,15.4,0.9,0.8,1.0,0.0,7.4,3.5,5.1,0.0,0.0,17.8,23.9
2486855,1,981491,C.B. GETAFE,AWAY,1820240,P. Arribas Gomez,P. Arribas Gomez,0,2.6,157.0,0.0,0.0,0.0,0.0,0.0,0.0,0.0,0.0,0.0,0.0,0.0,0.0,0.0,1.0,0.0,0.0,0.0,2.0,0.0,-3.0,-6.0,0.0,0.0,0.0,0.0,0.0,0.0,0.0,0.0,0.0,0.0,0.0,0.0,0.0,100.0,16.4
2486855,1,981491,C.B. GETAFE,AWAY,2816389,J. Nve Maleva,J. Nve Maleva,1,19.2,1151.0,9.0,4.0,6.0,0.0,0.0,4.0,6.0,1.0,2.0,3.0,7.0,10.0,0.0,2.0,0.0,0.0,0.0,3.0,1.0,12.0,-3.0,65.4,66.7,0.0,33.3,1.3,0.0,2.0,16.0,40.5,27.8,0.0,0.0,0.0,22.5,19.7
2486855,1,981491,C.B. GETAFE,AWAY,1876223,A. Montero Isla,A. Montero Isla,1,18.8,1126.0,7.0,1.0,1.0,1.0,3.0,2.0,4.0,2.0,3.0,1.0,2.0,3.0,4.0,0.0,0.0,0.0,0.0,3.0,6.0,14.0,11.0,65.8,62.5,75.0,75.0,2.0,1.0,0.5,5.5,11.8,8.5,29.6,0.0,0.0,0.0,12.1
2486856,2,981491,C.B. GETAFE,HOME,1223461,J. Tejera Tejo,J. Tejera Tejo,0,2.9,174.0,1.0,0.0,0.0,0.0,0.0,0.0,0.0,1.0,2.0,0.0,1.0,1.0,0.0,0.0,0.0,0.0,0.0,1.0,1.0,1.0,-1.0,56.8,0.0,0.0,0.0,0.0,0.0,2.0,0.0,51.1,23.0,0.0,0.0,0.0,0.0,14.3
2486856,2,981491,C.B. GETAFE,HOME,2816388,M. Abdulsalam,M. Abdulsalam,1,21.6,1294.0,16.0,6.0,9.0,0.0,0.0,6.0,9.0,4.0,5.0,1.0,3.0,4.0,2.0,3.0,1.0,0.0,0.0,4.0,4.0,16.0,8.0,71.4,66.7,0.0,55.6,1.3,0.0,1.2,5.6,20.6,12.3,25.0,2.6,0.0,21.1,31.0
2486856,2,981491,C.B. GETAFE,HOME,1789964,E. Ortiz Torres,E. Ortiz Torres,0,19.1,1147.0,9.0,3.0,4.0,1.0,2.0,4.0,6.0,0.0,0.0,1.0,1.0,2.0,2.0,2.0,1.0,0.0,0.0,3.0,0.0,7.0,2.0,75.0,75.0,33.3,0.0,1.5,1.5,0.0,6.3,7.8,7.0,20.0,3.0,0.0,25.0,19.7
2486856,2,981491,C.B. GETAFE,HOME,2816390,A. Akinwole,A. Akinwole,0,20.9,1251.0,4.0,2.0,9.0,0.0,3.0,2.0,12.0,0.0,0.0,3.0,2.0,5.0,2.0,0.0,0.0,0.0,1.0,2.0,2.0,1.0,5.0,16.7,16.7,25.0,0.0,0.4,0.0,0.0,17.4,14.2,15.9,16.7,0.0,0.0,0.0,27.0
2486856,2,981491,C.B. GETAFE,HOME,1587611,I. Ibañez Zamalloa,I. Ibañez Zamalloa,0,4.6,278.0,0.0,0.0,0.0,0.0,0.0,0.0,0.0,0.0,0.0,1.0,0.0,1.0,0.0,2.0,1.0,0.0,0.0,0.0,0.0,0.0,-3.0,0.0,0.0,0.0,0.0,0.0,0.0,0.0,26.4,0.0,14.5,0.0,12.3,0.0,100.0,20.5
2486856,2,981491,C.B. GETAFE,HOME,1328788,M. Alvarez Puertas,M. Alvarez Puertas,0,19.6,1175.0,7.0,2.0,4.0,1.0,2.0,3.0,6.0,0.0,0.0,2.0,3.0,5.0,0.0,1.0,1.0,0.0,0.0,3.0,2.0,8.0,0.0,58.3,58.3,33.3,0.0,1.0,1.5,0.0,12.4,22.7,17.0,0.0,2.9,0.0,14.3,16.8
2486856,2,981491,C.B. GETAFE,HOME,1674978,G. Mulero Maldonado,G. Mulero Maldonado,1,26.9,1614.0,17.0,5.0,6.0,1.0,4.0,6.0,10.0,4.0,5.0,0.0,1.0,1.0,2.0,0.0,0.0,0.0,1.0,2.0,3.0,16.0,0.0,69.7,65.0,40.0,50.0,1.7,0.8,1.7,0.0,5.5,2.5,14.7,0.0,0.0,0.0,21.4
2486856,2,981491,C.B. GETAFE,HOME,1521251,W. Cabral Bueriberi,W. Cabral Bueriberi,1,26.9,1614.0,8.0,1.0,3.0,1.0,4.0,2.0,7.0,3.0,4.0,4.0,5.0,9.0,1.0,0.0,0.0,0.0,0.0,3.0,3.0,12.0,-2.0,45.7,35.7,57.1,57.1,0.7,0.8,1.3,18.0,27.5,22.3,5.7,0.0,0.0,0.0,15.3
2486856,2,981491,C.B. GETAFE,HOME,1582089,J. Parra Baez,J. Parra Baez,1,22.8,1368.0,5.0,1.0,5.0,1.0,4.0,2.0,9.0,0.0,0.0,0.0,0.0,0.0,0.0,1.0,0.0,0.0,0.0,0.0,1.0,-2.0,0.0,27.8,27.8,44.4,0.0,0.4,0.8,0.0,0.0,0.0,0.0,0.0,0.0,0.0,10.0,20.7
2486856,2,981491,C.B. GETAFE,HOME,1820240,P. Arribas Gomez,P. Arribas Gomez,0,1.8,109.0,0.0,0.0,0.0,0.0,0.0,0.0,0.0,0.0,0.0,0.0,0.0,0.0,0.0,0.0,0.0,0.0,0.0,0.0,0.0,0.0,3.0,0.0,0.0,0.0,0.0,0.0,0.0,0.0,0.0,0.0,0.0,0.0,0.0,0.0,0.0,0.0
2486856,2,981491,C.B. GETAFE,HOME,2816389,J. Nve Maleva,J. Nve Maleva,0,8.2,489.0,0.0,0.0,2.0,0.0,0.0,0.0,2.0,0.0,0.0,2.0,1.0,3.0,0.0,0.0,0.0,0.0,0.0,1.0,0.0,0.0,1.0,0.0,0.0,0.0,0.0,0.0,0.0,0.0,29.6,18.1,24.4,0.0,0.0,0.0,0.0,11.5
2486856,2,981491,C.B. GETAFE,HOME,1876223,A. Montero Isla,A. Montero Isla,1,24.8,1487.0,9.0,1.0,1.0,2.0,5.0,3.0,6.0,1.0,2.0,0.0,2.0,2.0,2.0,1.0,0.0,0.0,0.0,1.0,4.0,11.0,2.0,65.4,66.7,83.3,33.3,2.0,1.2,0.5,0.0,11.9,5.4,14.5,0.0,0.0,12.7,15.0
2486856,2,981514,SPANISH BASKETBALL ACADEMY,AWAY,1549741,E. Arques Lopez,E. Arques Lopez,0,23.0,1378.0,9.0,1.0,6.0,2.0,2.0,3.0,8.0,1.0,2.0,0.0,4.0,4.0,2.0,0.0,0.0,1.0,0.0,1.0,4.0,13.0,-2.0,50.7,50.0,25.0,25.0,0.3,3.0,0.5,0.0,21.1,11.6,15.2,0.0,4.0,0.0,19.6
2486856,2,981514,SPANISH BASKETBALL ACADEMY,AWAY,2436640,J. Puidet,J. Puidet,1,30.4,1827.0,20.0,4.0,5.0,3.0,5.0,7.0,10.0,3.0,4.0,2.0,5.0,7.0,5.0,2.0,1.0,0.0,0.0,2.0,3.0,28.0,2.0,85.0,85.0,50.0,40.0,1.6,1.8,1.3,9.7,19.9,15.4,34.2,1.9,0.0,14.5,22.9
2486856,2,981514,SPANISH BASKETBALL ACADEMY,AWAY,2312124,S. Traore,S. Traore,0,13.4,806.0,1.0,0.0,1.0,0.0,0.0,0.0,1.0,1.0,2.0,0.0,0.0,0.0,0.0,2.0,0.0,0.0,0.0,3.0,3.0,-3.0,0.0,26.6,0.0,0.0,200.0,0.0,0.0,0.7,0.0,0.0,0.0,0.0,0.0,0.0,51.5,14.7
2486856,2,981514,SPANISH BASKETBALL ACADEMY,AWAY,2481590,A. Butko,A. Butko,0,6.3,379.0,2.0,1.0,1.0,0.0,0.0,1.0,1.0,0.0,0.0,0.0,0.0,0.0,0.0,0.0,2.0,0.0,0.0,2.0,0.0,2.0,2.0,100.0,100.0,0.0,0.0,2.0,0.0,0.0,0.0,0.0,0.0,0.0,17.9,0.0,0.0,8.0
2486856,2,981514,SPANISH BASKETBALL ACADEMY,AWAY,2065452,J. Santano Bartolome,J. Santano Bartolome,1,22.8,1366.0,2.0,1.0,3.0,0.0,0.0,1.0,3.0,0.0,0.0,1.0,0.0,1.0,0.0,0.0,0.0,1.0,0.0,0.0,0.0,2.0,-7.0,33.3,33.3,0.0,0.0,0.7,0.0,0.0,6.5,0.0,2.9,0.0,0.0,4.1,0.0,6.7
2486856,2,981514,SPANISH BASKETBALL ACADEMY,AWAY,2816555,L. Savikjevikj,L. Savikjevikj,0,11.6,695.0,3.0,0.0,0.0,1.0,4.0,1.0,4.0,0.0,0.0,0.0,1.0,1.0,0.0,1.0,0.0,0.0,0.0,0.0,0.0,0.0,-5.0,37.5,37.5,100.0,0.0,0.0,0.8,0.0,0.0,10.4,5.7,0.0,0.0,0.0,20.0,21.8
2486856,2,981514,SPANISH BASKETBALL ACADEMY,AWAY,1374966,A. Moreno Trujillo,A. Moreno Trujillo,1,15.8,945.0,3.0,1.0,1.0,0.0,3.0,1.0,4.0,1.0,2.0,2.0,1.0,3.0,0.0,3.0,1.0,0.0,0.0,3.0,2.0,-1.0,-15.0,30.7,25.0,75.0,50.0,2.0,0.0,1.0,18.8,7.7,12.7,0.0,3.6,0.0,38.1,25.3
2486856,2,981514,SPANISH BASKETBALL ACADEMY,AWAY,2816737,D. Simeunovic,D. Simeunovic,1,29.6,1774.0,12.0,3.0,6.0,1.0,6.0,4.0,12.0,3.0,4.0,1.0,4.0,5.0,1.0,0.0,0.0,0.0,0.0,4.0,3.0,8.0,-2.0,43.6,37.5,50.0,33.3,1.0,0.5,1.3,5.0,16.4,11.3,6.7,0.0,0.0,0.0,23.6
2486856,2,981514,SPANISH BASKETBALL ACADEMY,AWAY,2752020,E. Medina Roa,E. Medina Roa,1,18.2,1094.0,9.0,4.0,5.0,0.0,0.0,4.0,5.0,1.0,2.0,2.0,1.0,3.0,0.0,1.0,0.0,0.0,0.0,4.0,4.0,9.0,-1.0,76.5,80.0,0.0,40.0,1.6,0.0,0.5,16.3,6.7,11.0,0.0,0.0,0.0,14.5,19.2
2486856,2,981514,SPANISH BASKETBALL ACADEMY,AWAY,1825944,R. Garcia Salame,R. Garcia Salame,0,28.9,1736.0,12.0,4.0,6.0,1.0,6.0,5.0,12.0,1.0,2.0,0.0,3.0,3.0,4.0,2.0,1.0,0.0,0.0,1.0,1.0,10.0,13.0,46.6,45.8,50.0,16.7,1.3,0.5,2.0,0.0,12.6,6.9,28.8,2.0,0.0,13.4,26.1
2486857,2,979996,AMICS CASTELLÓ,HOME,2149001,R. Fabrega Urpina,R. Fabrega Urpina,0,12.8,771.0,1.0,0.0,3.0,0.0,3.0,0.0,6.0,1.0,2.0,0.0,2.0,2.0,4.0,2.0,0.0,0.0,0.0,2.0,1.0,-3.0,-10.0,7.3,0.0,50.0,33.3,0.0,0.0,2.0,0.0,18.9,8.7,51.3,0.0,0.0,22.5,28.9
2486857,2,979996,AMICS CASTELLÓ,HOME,1871776,A. Balada Segovia,A. Balada Segovia,0,6.0,357.0,3.0,0.0,0.0,1.0,3.0,1.0,3.0,0.0,0.0,0.0,0.0,0.0,0.0,0.0,0.0,0.0,0.0,0.0,0.0,1.0,-6.0,50.0,50.0,100.0,0.0,0.0,1.0,0.0,0.0,0.0,0.0,0.0,0.0,0.0,0.0,20.9
2486857,2,979996,AMICS CASTELLÓ,HOME,273780,J. Faner Catala,J. Faner Catala,1,27.1,1629.0,11.0,3.0,4.0,0.0,7.0,3.0,11.0,5.0,6.0,3.0,1.0,4.0,3.0,5.0,3.0,0.0,0.0,2.0,3.0,8.0,-10.0,40.3,27.3,63.6,54.5,1.5,0.0,2.0,11.4,4.5,8.2,19.7,5.4,0.0,26.8,28.7
2486857,2,979996,AMICS CASTELLÓ,HOME,2818901,O. Russell,O. Russell,0,26.2,1570.0,15.0,2.0,6.0,1.0,5.0,3.0,11.0,8.0,8.0,0.0,3.0,3.0,4.0,1.0,4.0,0.0,0.0,5.0,8.0,20.0,-10.0,51.7,31.8,45.5,72.7,0.7,0.6,1.0,0.0,13.9,6.4,26.3,7.5,0.0,6.4,24.7
2486857,2,979996,AMICS CASTELLÓ,HOME,2816147,D. Bah,D. Bah,1,21.4,1285.0,12.0,6.0,9.0,0.0,0.0,6.0,9.0,0.0,2.0,2.0,5.0,7.0,0.0,2.0,0.0,0.0,0.0,0.0,1.0,13.0,-7.0,60.7,66.7,0.0,22.2,1.3,0.0,2.0,9.6,28.3,18.2,0.0,0.0,0.0,16.8,23.2
2486857,2,979996,AMICS CASTELLÓ,HOME,1769425,A. Roig Barbera,A. Roig Barbera,0,3.9,233.0,1.0,0.0,0.0,0.0,0.0,0.0,0.0,1.0,2.0,0.0,0.0,0.0,0.0,1.0,0.0,0.0,0.0,1.0,1.0,-1.0,4.0,56.8,0.0,0.0,0.0,0.0,0.0,2.0,0.0,0.0,0.0,0.0,0.0,0.0,53.2,20.1
2486857,2,979996,AMICS CASTELLÓ,HOME,2816738,K. Newton,K. Newton,1,15.1,904.0,6.0,0.0,0.0,2.0,4.0,2.0,4.0,0.0,0.0,0.0,1.0,1.0,1.0,1.0,0.0,0.0,0.0,4.0,0.0,1.0,-12.0,75.0,75.0,100.0,0.0,0.0,1.5,0.0,0.0,8.0,3.7,11.9,0.0,0.0,20.0,13.8
2486857,2,979996,AMICS CASTELLÓ,HOME,2743181,K.  Baoko,K.  Baoko,0,18.2,1094.0,11.0,4.0,9.0,0.0,0.0,4.0,9.0,3.0,3.0,2.0,2.0,4.0,0.0,1.0,0.0,0.0,0.0,4.0,4.0,9.0,-13.0,53.3,44.4,0.0,33.3,0.9,0.0,0.8,11.3,13.3,12.2,0.0,0.0,0.0,8.8,25.9
2486857,2,979996,AMICS CASTELLÓ,HOME,1840859,V. Rodriguez Gil,V. Rodriguez Gil,0,0.3,20.0,0.0,0.0,0.0,0.0,0.0,0.0,0.0,0.0,0.0,0.0,0.0,0.0,0.0,0.0,0.0,0.0,0.0,0.0,0.0,0.0,-2.0,0.0,0.0,0.0,0.0,0.0,0.0,0.0,0.0,0.0,0.0,0.0,0.0,0.0,0.0,0.0
2486857,2,979996,AMICS CASTELLÓ,HOME,2641325,M. Andreatta,M. Andreatta,0,12.1,723.0,9.0,2.0,4.0,1.0,2.0,3.0,6.0,2.0,2.0,2.0,1.0,3.0,0.0,0.0,2.0,0.0,0.0,2.0,2.0,11.0,1.0,65.4,58.3,33.3,33.3,1.0,1.5,1.0,17.0,10.0,13.8,0.0,8.1,0.0,0.0,23.7
2486857,2,979996,AMICS CASTELLÓ,HOME,2325314,F. Stutz,F. Stutz,1,26.6,1599.0,4.0,0.0,4.0,1.0,1.0,1.0,5.0,1.0,2.0,3.0,1.0,4.0,3.0,0.0,1.0,0.0,1.0,5.0,2.0,4.0,-15.0,34.0,30.0,20.0,40.0,0.0,3.0,1.0,11.6,4.6,8.4,17.4,1.8,0.0,0.0,9.2
2486857,2,979996,AMICS CASTELLÓ,HOME,1627889,A. Tamayo Lesmes,A. Tamayo Lesmes,1,30.2,1815.0,7.0,2.0,4.0,1.0,3.0,3.0,7.0,0.0,0.0,1.0,0.0,1.0,2.0,0.0,2.0,1.0,0.0,4.0,1.0,6.0,-20.0,50.0,50.0,42.9,0.0,1.0,1.0,0.0,3.4,0.0,1.8,11.2,3.2,2.7,0.0,9.7
2486857,2,981347,PROINBENI UPB GANDIA,AWAY,1824880,G. Perez Ramirez,G. Perez Ramirez,1,23.2,1392.0,13.0,1.0,2.0,1.0,2.0,2.0,4.0,8.0,10.0,1.0,1.0,2.0,3.0,1.0,0.0,0.0,0.0,2.0,4.0,15.0,6.0,77.4,62.5,50.0,250.0,1.0,1.5,2.5,5.2,4.4,4.8,19.5,0.0,0.0,10.6,16.4
2486857,2,981347,PROINBENI UPB GANDIA,AWAY,1837816,C. Hurtado Cervantes,C. Hurtado Cervantes,0,13.4,807.0,14.0,2.0,3.0,2.0,3.0,4.0,6.0,4.0,4.0,1.0,1.0,2.0,1.0,3.0,3.0,0.0,0.0,1.0,4.0,18.0,7.0,90.2,83.3,50.0,66.7,1.3,2.0,1.0,9.0,7.7,8.3,21.3,10.8,0.0,27.9,32.5
2486857,2,981347,PROINBENI UPB GANDIA,AWAY,2736564,K. Greeley,K. Greeley,1,21.8,1305.0,13.0,3.0,9.0,0.0,2.0,3.0,11.0,7.0,8.0,1.0,1.0,2.0,3.0,1.0,1.0,0.0,0.0,1.0,4.0,12.0,11.0,44.8,27.3,18.2,72.7,0.7,0.0,2.0,5.6,4.7,5.1,26.1,2.2,0.0,6.4,28.8
2486857,2,981347,PROINBENI UPB GANDIA,AWAY,2378347,J. Molina Martinez,J. Molina Martinez,0,21.7,1304.0,0.0,0.0,0.0,0.0,1.0,0.0,1.0,0.0,0.0,0.0,4.0,4.0,0.0,0.0,1.0,0.0,0.0,5.0,1.0,0.0,16.0,0.0,0.0,100.0,0.0,0.0,0.0,0.0,0.0,18.9,10.2,0.0,2.2,0.0,0.0,1.9
2486857,2,981347,PROINBENI UPB GANDIA,AWAY,1673764,L. Ferrando Ortells,L. Ferrando Ortells,1,26.6,1593.0,12.0,3.0,9.0,1.0,1.0,4.0,10.0,3.0,5.0,1.0,4.0,5.0,5.0,3.0,1.0,0.0,0.0,1.0,4.0,15.0,13.0,49.2,45.0,10.0,50.0,0.7,3.0,1.2,4.6,15.4,10.4,30.7,1.8,0.0,19.7,23.1
2486857,2,981347,PROINBENI UPB GANDIA,AWAY,2711878,D. Ilincic,D. Ilincic,0,12.2,735.0,7.0,2.0,5.0,0.0,1.0,2.0,6.0,3.0,4.0,1.0,2.0,3.0,0.0,1.0,0.0,0.0,1.0,2.0,3.0,5.0,3.0,45.1,33.3,16.7,66.7,0.8,0.0,1.3,9.9,16.8,13.7,0.0,0.0,0.0,11.4,29.1
2486857,2,981347,PROINBENI UPB GANDIA,AWAY,1996333,M. Montilla Diaz,M. Montilla Diaz,0,17.9,1071.0,4.0,2.0,6.0,0.0,1.0,2.0,7.0,0.0,0.0,4.0,4.0,8.0,0.0,3.0,0.0,0.0,0.0,2.0,0.0,2.0,12.0,28.6,28.6,14.3,0.0,0.7,0.0,0.0,27.1,22.9,24.8,0.0,0.0,0.0,30.0,22.6
2486857,2,981347,PROINBENI UPB GANDIA,AWAY,1827011,J. Soler Cirujeda,J. Soler Cirujeda,0,9.5,572.0,8.0,2.0,3.0,0.0,1.0,2.0,4.0,4.0,4.0,1.0,1.0,2.0,0.0,1.0,1.0,0.0,0.0,3.0,2.0,7.0,9.0,69.4,50.0,25.0,100.0,1.3,0.0,2.0,12.8,10.8,11.7,0.0,5.1,0.0,14.8,28.8
2486857,2,981347,PROINBENI UPB GANDIA,AWAY,1857448,J. Santana Luchoro,J. Santana Luchoro,1,14.7,879.0,7.0,3.0,5.0,0.0,1.0,3.0,6.0,1.0,1.0,2.0,2.0,4.0,2.0,0.0,0.0,1.0,0.0,3.0,1.0,9.0,4.0,54.3,50.0,16.7,16.7,1.2,0.0,1.0,16.5,14.0,15.1,23.3,0.0,6.3,0.0,17.7
2486857,2,981347,PROINBENI UPB GANDIA,AWAY,1851026,A. Bellver Valiente,A. Bellver Valiente,0,11.3,677.0,6.0,2.0,2.0,0.0,0.0,2.0,2.0,2.0,4.0,2.0,0.0,2.0,1.0,0.0,1.0,0.0,0.0,0.0,2.0,10.0,2.0,79.8,100.0,0.0,200.0,2.0,0.0,2.0,21.5,0.0,9.8,14.9,4.3,0.0,0.0,13.5
2486857,2,981347,PROINBENI UPB GANDIA,AWAY,2335802,J. Bitjaa Kody,J. Bitjaa Kody,1,27.8,1665.0,16.0,4.0,5.0,1.0,2.0,5.0,7.0,5.0,5.0,3.0,6.0,9.0,0.0,2.0,0.0,0.0,0.0,3.0,3.0,21.0,17.0,87.0,78.6,28.6,71.4,1.6,1.5,1.7,13.1,22.1,18.0,0.0,0.0,0.0,17.9,16.3
2486858,2,981294,C.B. ZARAGOZA,HOME,2451495,D. Knowles,D. Knowles,1,11.3,680.0,4.0,2.0,2.0,0.0,0.0,2.0,2.0,0.0,4.0,1.0,2.0,3.0,0.0,2.0,0.0,0.0,0.0,5.0,3.0,-1.0,-3.0,53.2,100.0,0.0,200.0,2.0,0.0,1.3,12.6,16.5,15.0,0.0,0.0,0.0,34.7,23.5
2486858,2,981294,C.B. ZARAGOZA,HOME,1802050,D. Muñoz Samatan,D. Muñoz Samatan,1,22.2,1334.0,9.0,3.0,3.0,1.0,1.0,4.0,4.0,0.0,0.0,1.0,0.0,1.0,2.0,4.0,3.0,0.0,0.0,1.0,2.0,12.0,20.0,112.5,112.5,25.0,0.0,2.0,3.0,0.0,6.4,0.0,2.5,15.6,6.6,0.0,50.0,16.6
2486858,2,981294,C.B. ZARAGOZA,HOME,2815361,I. Okeke,I. Okeke,0,2.7,163.0,0.0,0.0,0.0,0.0,0.0,0.0,0.0,0.0,0.0,0.0,0.0,0.0,0.0,1.0,0.0,1.0,0.0,2.0,0.0,-2.0,-5.0,0.0,0.0,0.0,0.0,0.0,0.0,0.0,0.0,0.0,0.0,0.0,0.0,43.6,100.0,17.1
2486858,2,981294,C.B. ZARAGOZA,HOME,1798932,D. Arjol Lopez,D. Arjol Lopez,0,30.2,1815.0,25.0,8.0,9.0,0.0,2.0,8.0,11.0,9.0,15.0,0.0,4.0,4.0,3.0,1.0,2.0,0.0,1.0,3.0,11.0,32.0,4.0,71.0,72.7,18.2,136.4,1.8,0.0,1.4,0.0,12.3,7.5,20.8,3.2,0.0,5.4,28.4
2486858,2,981294,C.B. ZARAGOZA,HOME,1250976,O. Alvarado Rodriguez,O. Alvarado Rodriguez,1,28.4,1707.0,6.0,0.0,0.0,1.0,6.0,1.0,6.0,3.0,6.0,0.0,2.0,2.0,3.0,0.0,2.0,0.0,0.0,0.0,5.0,10.0,4.0,34.7,25.0,100.0,100.0,0.0,0.5,1.2,0.0,6.6,4.0,16.1,3.4,0.0,0.0,14.0
2486858,2,981294,C.B. ZARAGOZA,HOME,361567,E. Gatell Sanz,E. Gatell Sanz,0,24.4,1462.0,4.0,2.0,5.0,0.0,0.0,2.0,5.0,0.0,0.0,0.0,9.0,9.0,0.0,2.0,1.0,2.0,0.0,4.0,1.0,8.0,10.0,40.0,40.0,0.0,0.0,0.8,0.0,0.0,0.0,34.3,20.8,0.0,2.0,9.6,28.6,13.2
2486858,2,981294,C.B. ZARAGOZA,HOME,1861515,P. Aso Jimenez,P. Aso Jimenez,0,20.4,1224.0,2.0,1.0,2.0,0.0,2.0,1.0,4.0,0.0,0.0,1.0,1.0,2.0,2.0,0.0,0.0,0.0,0.0,2.0,0.0,1.0,-11.0,25.0,25.0,50.0,0.0,1.0,0.0,0.0,7.0,4.6,5.5,15.4,0.0,0.0,0.0,9.1
2486858,2,981294,C.B. ZARAGOZA,HOME,2815312,J. Zhao Olmos,J. Zhao Olmos,1,33.0,1979.0,9.0,3.0,7.0,1.0,3.0,4.0,10.0,0.0,0.0,0.0,2.0,2.0,5.0,7.0,4.0,0.0,0.0,2.0,1.0,6.0,7.0,45.0,45.0,30.0,0.0,0.9,1.0,0.0,0.0,5.6,3.4,27.2,5.9,0.0,41.2,23.8
2486858,2,981294,C.B. ZARAGOZA,HOME,1910411,A. Aragones Navais,A. Aragones Navais,1,27.3,1636.0,18.0,3.0,5.0,3.0,7.0,6.0,12.0,3.0,6.0,3.0,5.0,8.0,1.0,2.0,4.0,0.0,0.0,3.0,4.0,21.0,-1.0,61.5,62.5,58.3,50.0,1.2,1.3,1.5,15.7,17.0,16.5,7.4,7.1,0.0,12.0,28.1
2486858,2,981358,CIUDAD MOLINA BASKET,AWAY,2816300,A. Duval,A. Duval,1,23.2,1394.0,16.0,2.0,3.0,3.0,9.0,5.0,12.0,3.0,7.0,0.0,0.0,0.0,0.0,0.0,1.0,0.0,0.0,4.0,7.0,9.0,-8.0,53.1,54.2,75.0,58.3,1.3,1.0,1.0,0.0,0.0,0.0,0.0,2.1,0.0,0.0,25.9
2486858,2,981358,CIUDAD MOLINA BASKET,AWAY,1899744,J. Cascales Fernandez,J. Cascales Fernandez,0,2.6,156.0,0.0,0.0,0.0,0.0,0.0,0.0,0.0,0.0,0.0,0.0,0.0,0.0,0.0,0.0,0.0,0.0,0.0,0.0,0.0,0.0,3.0,0.0,0.0,0.0,0.0,0.0,0.0,0.0,0.0,0.0,0.0,0.0,0.0,0.0,0.0,0.0
2486858,2,981358,CIUDAD MOLINA BASKET,AWAY,1767254,G. Cadme Arias,G. Cadme Arias,1,12.6,757.0,3.0,0.0,0.0,1.0,3.0,1.0,3.0,0.0,0.0,1.0,4.0,5.0,0.0,2.0,0.0,0.0,0.0,0.0,0.0,4.0,4.0,50.0,50.0,100.0,0.0,0.0,1.0,0.0,7.4,45.4,22.4,0.0,0.0,0.0,40.0,15.8
2486858,2,981358,CIUDAD MOLINA BASKET,AWAY,1532799,R. Timoner Gimenez,R. Timoner Gimenez,1,26.6,1596.0,5.0,1.0,3.0,1.0,3.0,2.0,6.0,0.0,3.0,3.0,2.0,5.0,1.0,3.0,3.0,0.0,1.0,0.0,2.0,6.0,-2.0,34.2,41.7,50.0,50.0,0.7,1.0,1.5,10.5,10.7,10.6,6.5,5.6,0.0,29.1,15.5
2486858,2,981358,CIUDAD MOLINA BASKET,AWAY,2146670,P. Campeny Lloveras,P. Campeny Lloveras,0,17.1,1025.0,6.0,0.0,2.0,2.0,4.0,2.0,6.0,0.0,0.0,1.0,0.0,1.0,0.0,2.0,0.0,0.0,0.0,0.0,0.0,1.0,-9.0,50.0,50.0,66.7,0.0,0.0,1.5,0.0,5.4,0.0,3.3,0.0,0.0,0.0,25.0,18.6
2486858,2,981358,CIUDAD MOLINA BASKET,AWAY,1514342,R. Martínez-Quintanilla Jiménez,R. Martínez-Quintanilla Jiménez,0,15.7,942.0,6.0,0.0,1.0,2.0,7.0,2.0,8.0,0.0,0.0,0.0,1.0,1.0,0.0,1.0,2.0,0.0,0.0,3.0,1.0,0.0,-11.0,37.5,37.5,87.5,0.0,0.0,0.9,0.0,0.0,9.1,3.6,0.0,6.3,0.0,11.1,22.8
2486858,2,981358,CIUDAD MOLINA BASKET,AWAY,2816662,G. Miladinovic,G. Miladinovic,0,9.5,571.0,5.0,2.0,3.0,0.0,0.0,2.0,3.0,1.0,3.0,2.0,3.0,5.0,1.0,3.0,0.0,1.0,0.0,3.0,3.0,6.0,-1.0,57.9,66.7,0.0,100.0,1.3,0.0,1.0,19.6,45.1,29.7,33.3,0.0,12.8,41.0,30.7
2486858,2,981358,CIUDAD MOLINA BASKET,AWAY,2557720,M. Garcia Rosello,M. Garcia Rosello,0,19.1,1145.0,8.0,3.0,3.0,0.0,2.0,3.0,5.0,2.0,3.0,2.0,3.0,5.0,0.0,1.0,0.0,0.0,0.0,4.0,1.0,6.0,18.0,63.3,60.0,40.0,60.0,2.0,0.0,3.0,9.7,22.4,14.7,0.0,0.0,0.0,13.7,15.3
2486858,2,981358,CIUDAD MOLINA BASKET,AWAY,2042118,F. Hernandez Martinez,F. Hernandez Martinez,0,15.8,947.0,3.0,1.0,5.0,0.0,4.0,1.0,9.0,1.0,2.0,2.0,1.0,3.0,2.0,1.0,2.0,0.0,1.0,1.0,2.0,1.0,-7.0,15.2,11.1,44.4,22.2,0.4,0.0,1.0,11.8,9.0,10.7,22.2,6.3,0.0,9.2,27.4
2486858,2,981358,CIUDAD MOLINA BASKET,AWAY,2816661,M. Mukendi Mukendi,M. Mukendi Mukendi,1,16.2,971.0,7.0,3.0,5.0,0.0,0.0,3.0,5.0,1.0,2.0,1.0,1.0,2.0,0.0,1.0,0.0,0.0,0.0,3.0,1.0,3.0,-14.0,59.5,60.0,0.0,40.0,1.2,0.0,2.0,5.7,8.8,7.0,0.0,0.0,0.0,14.5,16.9
2486858,2,981358,CIUDAD MOLINA BASKET,AWAY,1439463,C. Toledo Zamora,C. Toledo Zamora,1,25.2,1515.0,8.0,3.0,8.0,0.0,3.0,3.0,11.0,2.0,2.0,5.0,6.0,11.0,1.0,2.0,1.0,0.0,1.0,4.0,2.0,9.0,-2.0,33.7,27.3,27.3,18.2,0.8,0.0,1.0,18.5,34.0,24.6,8.3,2.0,0.0,14.4,21.9
2486858,2,981358,CIUDAD MOLINA BASKET,AWAY,2032122,J. Tavelli,J. Tavelli,0,16.4,981.0,5.0,1.0,1.0,0.0,2.0,1.0,3.0,3.0,4.0,1.0,1.0,2.0,4.0,2.0,1.0,0.0,0.0,5.0,2.0,4.0,4.0,52.5,33.3,66.7,133.3,2.0,0.0,2.0,5.7,8.7,6.9,44.4,3.0,0.0,29.6,16.4
2486859,2,981207,OCA GLOBAL C.B. SALOU,HOME,2715040,B. Traore,B. Traore,1,21.7,1303.0,4.0,2.0,4.0,0.0,4.0,2.0,8.0,0.0,1.0,3.0,5.0,8.0,1.0,2.0,1.0,0.0,0.0,3.0,3.0,5.0,-10.0,23.7,25.0,50.0,12.5,1.0,0.0,0.3,14.9,27.9,21.1,10.5,2.5,0.0,19.2,21.8
2486859,2,981207,OCA GLOBAL C.B. SALOU,HOME,1271466,D. Cuellar Garcia,D. Cuellar Garcia,1,34.2,2053.0,4.0,0.0,2.0,1.0,4.0,1.0,6.0,1.0,2.0,0.0,8.0,8.0,5.0,0.0,2.0,0.0,0.0,2.0,5.0,16.0,-10.0,29.1,25.0,66.7,33.3,0.0,0.8,0.4,0.0,28.4,13.4,25.4,3.2,0.0,0.0,9.1
2486859,2,981207,OCA GLOBAL C.B. SALOU,HOME,2242531,E. Moure Colombo,E. Moure Colombo,1,13.6,816.0,6.0,3.0,7.0,0.0,1.0,3.0,8.0,0.0,1.0,1.0,0.0,1.0,1.0,1.0,1.0,0.0,0.0,2.0,1.0,1.0,-5.0,35.5,37.5,12.5,12.5,0.9,0.0,1.0,7.9,0.0,4.2,25.6,4.0,0.0,10.6,31.4
2486859,2,981207,OCA GLOBAL C.B. SALOU,HOME,1967605,E. Sims Serra,E. Sims Serra,0,7.9,475.0,0.0,0.0,0.0,0.0,1.0,0.0,1.0,0.0,0.0,0.0,0.0,0.0,0.0,1.0,0.0,0.0,0.0,2.0,0.0,-4.0,-7.0,0.0,0.0,100.0,0.0,0.0,0.0,0.0,0.0,0.0,0.0,0.0,0.0,0.0,50.0,11.5
2486859,2,981207,OCA GLOBAL C.B. SALOU,HOME,2825543,D. Jackson,D. Jackson,1,32.1,1925.0,8.0,1.0,5.0,2.0,2.0,3.0,7.0,0.0,0.0,1.0,1.0,2.0,7.0,3.0,2.0,0.0,1.0,2.0,2.0,12.0,-4.0,57.1,57.1,28.6,0.0,0.4,3.0,0.0,3.4,3.8,3.6,45.5,3.4,0.0,30.0,14.1
2486859,2,981207,OCA GLOBAL C.B. SALOU,HOME,2790712,J. Cajelli Triver,J. Cajelli Triver,0,3.9,234.0,0.0,0.0,0.0,0.0,0.0,0.0,0.0,0.0,0.0,0.0,0.0,0.0,0.0,0.0,0.0,0.0,0.0,3.0,0.0,-3.0,2.0,0.0,0.0,0.0,0.0,0.0,0.0,0.0,0.0,0.0,0.0,0.0,0.0,0.0,0.0,0.0
2486859,2,981207,OCA GLOBAL C.B. SALOU,HOME,2274746,P. Salo Blaya,P. Salo Blaya,0,9.9,592.0,6.0,3.0,5.0,0.0,0.0,3.0,5.0,0.0,0.0,1.0,0.0,1.0,0.0,1.0,0.0,0.0,0.0,3.0,0.0,1.0,-2.0,60.0,60.0,0.0,0.0,1.2,0.0,0.0,10.9,0.0,5.8,0.0,0.0,0.0,16.7,27.4
2486859,2,981207,OCA GLOBAL C.B. SALOU,HOME,2534398,J. Sánchez,J. Sánchez,0,26.4,1584.0,10.0,1.0,5.0,2.0,6.0,3.0,11.0,2.0,2.0,2.0,5.0,7.0,0.0,5.0,0.0,0.0,1.0,2.0,4.0,6.0,-6.0,42.1,36.4,54.5,18.2,0.4,1.0,0.5,8.2,23.0,15.2,0.0,0.0,0.0,29.6,28.9
2486859,2,981207,OCA GLOBAL C.B. SALOU,HOME,1438515,A. Morales Ros,A. Morales Ros,0,27.9,1675.0,13.0,4.0,6.0,1.0,8.0,5.0,14.0,2.0,2.0,2.0,4.0,6.0,0.0,1.0,2.0,0.0,0.0,2.0,2.0,11.0,-7.0,43.7,39.3,57.1,14.3,1.3,0.4,1.0,7.7,17.4,12.3,0.0,3.9,0.0,6.3,25.8
2486859,2,981207,OCA GLOBAL C.B. SALOU,HOME,2827753,O. Okenchi,O. Okenchi,1,22.4,1343.0,6.0,3.0,6.0,0.0,0.0,3.0,6.0,0.0,2.0,0.0,2.0,2.0,1.0,4.0,1.0,0.0,0.0,5.0,5.0,1.0,-6.0,43.6,50.0,0.0,33.3,1.0,0.0,0.4,0.0,10.8,5.1,9.3,2.4,0.0,36.8,22.0
2486859,2,981490,CLUB ESPORTIU BÀSQUET LLÍRIA,AWAY,2274877,K. Clement Aigbogun,K. Clement Aigbogun,0,15.6,935.0,9.0,4.0,5.0,0.0,5.0,4.0,10.0,1.0,3.0,2.0,2.0,4.0,0.0,0.0,0.0,0.0,0.0,0.0,3.0,8.0,0.0,39.8,40.0,50.0,30.0,1.6,0.0,1.0,15.5,13.9,14.7,0.0,0.0,0.0,0.0,35.3
2486859,2,981490,CLUB ESPORTIU BÀSQUET LLÍRIA,AWAY,2665346,D. Kandulu,D. Kandulu,1,12.1,723.0,5.0,2.0,2.0,0.0,0.0,2.0,2.0,1.0,2.0,1.0,1.0,2.0,0.0,3.0,1.0,0.0,0.0,5.0,3.0,2.0,0.0,86.8,100.0,0.0,100.0,2.0,0.0,0.7,10.0,8.9,9.4,0.0,4.2,0.0,51.0,23.7
2486859,2,981490,CLUB ESPORTIU BÀSQUET LLÍRIA,AWAY,1702333,E. Herrera Sauret,E. Herrera Sauret,0,17.6,1053.0,5.0,1.0,3.0,1.0,4.0,2.0,7.0,0.0,0.0,0.0,2.0,2.0,5.0,1.0,1.0,0.0,0.0,3.0,2.0,6.0,7.0,35.7,35.7,57.1,0.0,0.7,0.8,0.0,0.0,12.3,6.5,69.4,2.9,0.0,12.5,22.1
2486859,2,981490,CLUB ESPORTIU BÀSQUET LLÍRIA,AWAY,1995160,D. Rivas Palmer,D. Rivas Palmer,1,24.2,1454.0,8.0,0.0,1.0,2.0,5.0,2.0,6.0,2.0,2.0,2.0,1.0,3.0,0.0,2.0,0.0,0.0,0.0,2.0,2.0,5.0,10.0,58.1,50.0,83.3,33.3,0.0,1.2,1.0,10.0,4.5,7.1,0.0,0.0,0.0,22.5,17.9
2486859,2,981490,CLUB ESPORTIU BÀSQUET LLÍRIA,AWAY,1882178,J. Palamos Molins,J. Palamos Molins,0,17.6,1057.0,9.0,2.0,2.0,1.0,1.0,3.0,3.0,2.0,2.0,0.0,2.0,2.0,2.0,3.0,2.0,0.0,0.0,3.0,4.0,13.0,1.0,116.0,116.7,33.3,66.7,2.0,3.0,0.5,0.0,12.3,6.5,32.3,5.8,0.0,43.6,19.0
2486859,2,981490,CLUB ESPORTIU BÀSQUET LLÍRIA,AWAY,2281145,A. Rivas Palmer,A. Rivas Palmer,1,26.7,1604.0,9.0,3.0,5.0,1.0,5.0,4.0,10.0,0.0,0.0,1.0,6.0,7.0,0.0,2.0,0.0,0.0,0.0,1.0,1.0,8.0,5.0,45.0,45.0,50.0,0.0,1.2,0.6,0.0,4.5,24.3,15.0,0.0,0.0,0.0,16.7,21.9
2486859,2,981490,CLUB ESPORTIU BÀSQUET LLÍRIA,AWAY,1560358,A. Meana Perez,A. Meana Perez,1,22.4,1343.0,10.0,2.0,6.0,0.0,0.0,2.0,6.0,6.0,8.0,0.0,4.0,4.0,4.0,2.0,0.0,0.0,0.0,1.0,7.0,16.0,10.0,52.5,33.3,0.0,133.3,0.7,0.0,1.1,0.0,19.3,10.2,33.9,0.0,0.0,17.4,25.1
2486859,2,981490,CLUB ESPORTIU BÀSQUET LLÍRIA,AWAY,1257494,V. Perez Tomas,V. Perez Tomas,0,14.8,890.0,0.0,0.0,0.0,0.0,5.0,0.0,5.0,0.0,0.0,0.0,1.0,1.0,0.0,1.0,1.0,0.0,0.0,0.0,0.0,-4.0,-2.0,0.0,0.0,100.0,0.0,0.0,0.0,0.0,0.0,7.3,3.9,0.0,3.4,0.0,16.7,19.7
2486859,2,981490,CLUB ESPORTIU BÀSQUET LLÍRIA,AWAY,1761293,P. Bono Soler,P. Bono Soler,0,14.7,879.0,0.0,0.0,2.0,0.0,0.0,0.0,2.0,0.0,0.0,0.0,1.0,1.0,2.0,0.0,0.0,0.0,0.0,1.0,1.0,1.0,13.0,0.0,0.0,0.0,0.0,0.0,0.0,0.0,0.0,7.4,3.9,21.7,0.0,0.0,0.0,6.6
2486859,2,981490,CLUB ESPORTIU BÀSQUET LLÍRIA,AWAY,2184821,M. Enabulele Ogunsuyi,M. Enabulele Ogunsuyi,0,18.6,1119.0,4.0,2.0,3.0,0.0,0.0,2.0,3.0,0.0,2.0,1.0,2.0,3.0,0.0,1.0,0.0,1.0,0.0,3.0,1.0,2.0,3.0,51.5,66.7,0.0,66.7,1.3,0.0,2.0,6.5,11.6,9.2,0.0,0.0,5.4,20.5,12.8
2486859,2,981490,CLUB ESPORTIU BÀSQUET LLÍRIA,AWAY,2164761,P. Navarro Maldonado,P. Navarro Maldonado,0,1.1,64.0,0.0,0.0,0.0,0.0,0.0,0.0,0.0,0.0,0.0,0.0,0.0,0.0,0.0,0.0,0.0,0.0,0.0,0.0,0.0,0.0,-3.0,0.0,0.0,0.0,0.0,0.0,0.0,0.0,0.0,0.0,0.0,0.0,0.0,0.0,0.0,0.0
2486859,2,981490,CLUB ESPORTIU BÀSQUET LLÍRIA,AWAY,2222436,S. Gallego Mogro,S. Gallego Mogro,1,14.7,879.0,9.0,1.0,1.0,1.0,1.0,2.0,2.0,4.0,4.0,1.0,5.0,6.0,0.0,1.0,0.0,1.0,0.0,3.0,2.0,14.0,11.0,119.7,125.0,50.0,200.0,2.0,3.0,2.0,8.2,36.8,23.3,0.0,0.0,6.8,21.0,15.8
2486860,2,981305,SOL GIRONÈS BISBAL BÀSQUET,HOME,1446313,J. Carrasco Martin,J. Carrasco Martin,1,19.7,1181.0,3.0,0.0,2.0,1.0,2.0,1.0,4.0,0.0,0.0,0.0,2.0,2.0,3.0,3.0,2.0,0.0,0.0,3.0,2.0,3.0,-4.0,37.5,37.5,50.0,0.0,0.0,1.5,0.0,0.0,11.6,5.6,31.6,5.2,0.0,42.9,16.6
2486860,2,981305,SOL GIRONÈS BISBAL BÀSQUET,HOME,1964254,P. Sala Vallmajo,P. Sala Vallmajo,0,12.9,775.0,3.0,0.0,0.0,1.0,2.0,1.0,2.0,0.0,0.0,0.0,1.0,1.0,1.0,1.0,0.0,0.0,0.0,1.0,0.0,2.0,4.0,75.0,75.0,100.0,0.0,0.0,1.5,0.0,0.0,8.9,4.2,18.9,0.0,0.0,33.3,10.9
2486860,2,981305,SOL GIRONÈS BISBAL BÀSQUET,HOME,2814887,P. Renane,P. Renane,0,19.7,1182.0,6.0,0.0,1.0,1.0,2.0,1.0,3.0,3.0,4.0,1.0,3.0,4.0,1.0,0.0,0.0,0.0,0.0,4.0,4.0,8.0,2.0,63.0,50.0,66.7,133.3,0.0,1.5,1.0,5.3,17.4,11.1,10.5,0.0,0.0,0.0,11.3
2486860,2,981305,SOL GIRONÈS BISBAL BÀSQUET,HOME,1227597,I. Valera Corominas,I. Valera Corominas,1,16.4,982.0,3.0,0.0,2.0,1.0,2.0,1.0,4.0,0.0,0.0,0.0,2.0,2.0,3.0,2.0,1.0,0.0,0.0,2.0,1.0,3.0,-4.0,37.5,37.5,50.0,0.0,0.0,1.5,0.0,0.0,13.9,6.7,40.5,3.2,0.0,33.3,17.1
2486860,2,981305,SOL GIRONÈS BISBAL BÀSQUET,HOME,1829525,M. Mikhailov Paltarak,M. Mikhailov Paltarak,1,24.7,1484.0,20.0,8.0,9.0,0.0,0.0,8.0,9.0,4.0,7.0,6.0,6.0,12.0,1.0,2.0,0.0,0.0,0.0,2.0,4.0,29.0,3.0,82.8,88.9,0.0,77.8,1.8,0.0,1.8,25.6,27.8,26.6,21.7,0.0,0.0,14.2,26.7
2486860,2,981305,SOL GIRONÈS BISBAL BÀSQUET,HOME,2815520,N. Okeke,N. Okeke,1,29.9,1796.0,3.0,0.0,5.0,1.0,8.0,1.0,13.0,0.0,0.0,0.0,0.0,0.0,1.0,3.0,2.0,0.0,0.0,3.0,2.0,-10.0,-11.0,11.5,11.5,61.5,0.0,0.0,0.4,0.0,0.0,0.0,0.0,7.3,3.5,0.0,18.8,25.0
2486860,2,981305,SOL GIRONÈS BISBAL BÀSQUET,HOME,1400270,B. Alvarez Torres,B. Alvarez Torres,0,24.1,1449.0,11.0,0.0,4.0,3.0,6.0,3.0,10.0,2.0,2.0,0.0,3.0,3.0,5.0,3.0,2.0,0.0,1.0,2.0,4.0,13.0,-8.0,50.6,45.0,60.0,20.0,0.0,1.5,0.5,0.0,14.2,6.8,52.1,4.3,0.0,21.6,27.0
2486860,2,981305,SOL GIRONÈS BISBAL BÀSQUET,HOME,2814874,J. Golson,J. Golson,1,32.8,1968.0,11.0,1.0,2.0,3.0,7.0,4.0,9.0,0.0,0.0,0.0,0.0,0.0,0.0,1.0,0.0,0.0,0.0,2.0,0.0,3.0,-4.0,61.1,61.1,77.8,0.0,1.0,1.3,0.0,0.0,0.0,0.0,0.0,0.0,0.0,10.0,14.3
2486860,2,981305,SOL GIRONÈS BISBAL BÀSQUET,HOME,2815046,N. Cledjo Houngues,N. Cledjo Houngues,0,1.9,117.0,0.0,0.0,0.0,0.0,0.0,0.0,0.0,0.0,0.0,0.0,0.0,0.0,0.0,0.0,0.0,0.0,0.0,0.0,0.0,0.0,-3.0,0.0,0.0,0.0,0.0,0.0,0.0,0.0,0.0,0.0,0.0,0.0,0.0,0.0,0.0,0.0
2486860,2,981305,SOL GIRONÈS BISBAL BÀSQUET,HOME,2815176,S. Kane,S. Kane,0,17.8,1066.0,5.0,1.0,7.0,0.0,0.0,1.0,7.0,3.0,4.0,4.0,5.0,9.0,0.0,2.0,0.0,0.0,0.0,0.0,4.0,9.0,-10.0,28.5,14.3,0.0,57.1,0.3,0.0,1.0,23.7,32.1,27.7,0.0,0.0,0.0,18.6,28.3
2486860,2,981275,MADERAS SORLI BENICARLO,AWAY,2467065,A. Ikpeze,A. Ikpeze,0,16.4,985.0,9.0,4.0,8.0,0.0,0.0,4.0,8.0,1.0,2.0,1.0,3.0,4.0,0.0,0.0,0.0,1.0,0.0,2.0,1.0,8.0,5.0,50.7,50.0,0.0,25.0,1.0,0.0,2.0,7.0,19.3,13.4,0.0,0.0,7.6,0.0,24.0
2486860,2,981275,MADERAS SORLI BENICARLO,AWAY,2534405,L. Soumbey-Alley,L. Soumbey-Alley,1,27.3,1640.0,11.0,2.0,5.0,2.0,6.0,4.0,11.0,1.0,2.0,0.0,6.0,6.0,2.0,1.0,0.0,0.0,0.0,0.0,2.0,12.0,4.0,46.3,45.5,54.5,18.2,0.8,1.0,1.0,0.0,23.1,12.0,14.8,0.0,0.0,7.8,20.9
2486860,2,981275,MADERAS SORLI BENICARLO,AWAY,1485040,A. Haro Val,A. Haro Val,0,18.4,1102.0,5.0,1.0,2.0,1.0,3.0,2.0,5.0,0.0,0.0,0.0,1.0,1.0,1.0,2.0,3.0,0.0,0.0,1.0,2.0,6.0,-2.0,50.0,50.0,60.0,0.0,1.0,1.0,0.0,0.0,5.7,3.0,9.5,8.8,0.0,28.6,16.8
2486860,2,981275,MADERAS SORLI BENICARLO,AWAY,1998365,P. Harguindey Maneiro,P. Harguindey Maneiro,0,3.5,210.0,0.0,0.0,0.0,0.0,0.0,0.0,0.0,0.0,0.0,0.0,0.0,0.0,0.0,1.0,0.0,0.0,0.0,1.0,0.0,-2.0,2.0,0.0,0.0,0.0,0.0,0.0,0.0,0.0,0.0,0.0,0.0,0.0,0.0,0.0,100.0,12.6
2486860,2,981275,MADERAS SORLI BENICARLO,AWAY,2500822,M. Voronin,M. Voronin,0,13.3,797.0,3.0,0.0,2.0,0.0,1.0,0.0,3.0,3.0,4.0,1.0,1.0,2.0,3.0,1.0,0.0,0.0,0.0,0.0,2.0,5.0,3.0,31.5,0.0,33.3,133.3,0.0,0.0,2.0,8.6,7.9,8.2,40.0,0.0,0.0,17.4,19.2
2486860,2,981275,MADERAS SORLI BENICARLO,AWAY,1659850,A. Prior Ruiz,A. Prior Ruiz,1,22.9,1371.0,7.0,2.0,3.0,1.0,5.0,3.0,8.0,0.0,0.0,0.0,5.0,5.0,1.0,0.0,0.0,0.0,0.0,3.0,0.0,5.0,1.0,43.8,43.8,62.5,0.0,1.3,0.6,0.0,0.0,23.0,12.0,8.3,0.0,0.0,0.0,15.5
2486860,2,981275,MADERAS SORLI BENICARLO,AWAY,2219986,A. Libroia,A. Libroia,1,24.8,1485.0,10.0,2.0,9.0,1.0,1.0,3.0,10.0,3.0,4.0,3.0,4.0,7.0,6.0,3.0,5.0,0.0,0.0,4.0,5.0,18.0,11.0,42.5,35.0,10.0,40.0,0.4,3.0,0.8,13.8,17.0,15.5,50.0,10.8,0.0,20.3,26.3
2486860,2,981275,MADERAS SORLI BENICARLO,AWAY,2536645,R. Ukawuba,R. Ukawuba,1,15.7,944.0,11.0,0.0,1.0,2.0,4.0,2.0,5.0,5.0,5.0,1.0,0.0,1.0,0.0,0.0,1.0,0.0,0.0,2.0,3.0,11.0,8.0,76.4,60.0,80.0,100.0,0.0,1.5,1.7,7.3,0.0,3.5,0.0,3.4,0.0,0.0,20.3
2486860,2,981275,MADERAS SORLI BENICARLO,AWAY,2250610,A. Sanchez Perdiguero,A. Sanchez Perdiguero,0,19.2,1150.0,6.0,3.0,6.0,0.0,3.0,3.0,9.0,0.0,0.0,0.0,4.0,4.0,0.0,3.0,3.0,0.0,0.0,4.0,0.0,0.0,10.0,33.3,33.3,33.3,0.0,1.0,0.0,0.0,0.0,21.9,11.4,0.0,8.4,0.0,25.0,27.7
2486860,2,981275,MADERAS SORLI BENICARLO,AWAY,2816381,K. Obiekwe Sam,K. Obiekwe Sam,0,17.6,1059.0,3.0,0.0,2.0,1.0,2.0,1.0,4.0,0.0,0.0,2.0,1.0,3.0,0.0,0.0,1.0,0.0,0.0,1.0,1.0,4.0,-5.0,37.5,37.5,50.0,0.0,0.0,1.5,0.0,13.0,6.0,9.3,0.0,3.1,0.0,0.0,10.1
2486860,2,981275,MADERAS SORLI BENICARLO,AWAY,2439615,O. Ndour,O. Ndour,1,20.9,1257.0,7.0,3.0,6.0,0.0,0.0,3.0,6.0,1.0,2.0,5.0,2.0,7.0,1.0,2.0,1.0,0.0,0.0,3.0,2.0,9.0,-2.0,50.9,50.0,0.0,33.3,1.0,0.0,1.0,27.3,10.1,18.4,10.5,2.6,0.0,22.5,18.8
2486861,2,981428,HOMS U.E.MATARÓ,HOME,2162105,F. Garrido Teban,F. Garrido Teban,0,20.5,1228.0,4.0,0.0,1.0,1.0,2.0,1.0,3.0,1.0,4.0,1.0,0.0,1.0,2.0,0.0,0.0,0.0,0.0,2.0,2.0,2.0,-11.0,42.0,50.0,66.7,133.3,0.0,1.5,2.0,6.3,0.0,3.1,15.4,0.0,0.0,0.0,10.6
2486861,2,981428,HOMS U.E.MATARÓ,HOME,1914611,J. Boix Colet,J. Boix Colet,1,24.3,1457.0,2.0,1.0,5.0,0.0,2.0,1.0,7.0,0.0,0.0,0.0,3.0,3.0,4.0,2.0,3.0,0.0,0.0,4.0,1.0,1.0,-12.0,14.3,14.3,28.6,0.0,0.4,0.0,0.0,0.0,15.4,7.8,25.3,6.4,0.0,22.2,16.9
2486861,2,981428,HOMS U.E.MATARÓ,HOME,2813591,S. Hall,S. Hall,1,29.9,1794.0,8.0,4.0,8.0,0.0,2.0,4.0,10.0,0.0,0.0,1.0,10.0,11.0,4.0,2.0,1.0,1.0,0.0,4.0,1.0,14.0,-3.0,40.0,40.0,20.0,0.0,1.0,0.0,0.0,4.3,41.8,23.4,25.6,1.7,3.3,16.7,18.3
2486861,2,981428,HOMS U.E.MATARÓ,HOME,1591966,J. Castillo Carrasco,J. Castillo Carrasco,1,11.5,691.0,6.0,0.0,0.0,2.0,3.0,2.0,3.0,0.0,0.0,0.0,0.0,0.0,0.0,0.0,0.0,0.0,0.0,3.0,1.0,3.0,-1.0,100.0,100.0,100.0,0.0,0.0,2.0,0.0,0.0,0.0,0.0,0.0,0.0,0.0,0.0,11.9
2486861,2,981428,HOMS U.E.MATARÓ,HOME,1568569,J. Juanola Madera,J. Juanola Madera,1,34.3,2058.0,29.0,5.0,5.0,4.0,8.0,9.0,13.0,7.0,12.0,1.0,4.0,5.0,2.0,4.0,1.0,0.0,0.0,4.0,11.0,31.0,-8.0,79.3,84.6,61.5,92.3,2.0,1.5,1.1,3.8,14.6,9.3,12.3,1.5,0.0,18.0,29.7
2486861,2,981428,HOMS U.E.MATARÓ,HOME,1927150,N. Ferrer Iglesia,N. Ferrer Iglesia,0,12.4,742.0,2.0,1.0,1.0,0.0,0.0,1.0,1.0,0.0,2.0,2.0,1.0,3.0,1.0,3.0,0.0,0.0,0.0,2.0,2.0,1.0,3.0,53.2,100.0,0.0,200.0,2.0,0.0,1.0,20.8,10.1,15.4,13.5,0.0,0.0,61.5,18.0
2486861,2,981428,HOMS U.E.MATARÓ,HOME,1942837,G. Martinez Rivera,G. Martinez Rivera,0,23.8,1426.0,15.0,5.0,13.0,0.0,4.0,5.0,17.0,5.0,9.0,1.0,2.0,3.0,1.0,0.0,0.0,1.0,1.0,1.0,6.0,9.0,-21.0,35.8,29.4,23.5,52.9,0.8,0.0,1.5,5.4,10.5,8.0,8.5,0.0,4.1,0.0,40.3
2486861,2,981428,HOMS U.E.MATARÓ,HOME,2813635,E. Kalu,E. Kalu,1,29.2,1752.0,10.0,4.0,5.0,0.0,0.0,4.0,5.0,2.0,4.0,2.0,5.0,7.0,0.0,0.0,0.0,0.0,0.0,2.0,5.0,17.0,-10.0,74.0,80.0,0.0,80.0,1.6,0.0,0.8,8.8,21.4,15.2,0.0,0.0,0.0,0.0,10.6
2486861,2,981428,HOMS U.E.MATARÓ,HOME,1920919,E. Coll Comabella,E. Coll Comabella,0,14.2,852.0,3.0,1.0,1.0,0.0,1.0,1.0,2.0,1.0,2.0,0.0,0.0,0.0,1.0,1.0,1.0,0.0,0.0,1.0,1.0,2.0,-7.0,52.1,50.0,50.0,100.0,2.0,0.0,2.0,0.0,0.0,0.0,9.8,3.7,0.0,25.8,12.5
2486861,2,979897,BUENO ARENAS ALBACETE BASKET,AWAY,2772828,F. Andrade Amiel,F. Andrade Amiel,0,14.6,877.0,5.0,1.0,2.0,1.0,2.0,2.0,4.0,0.0,0.0,0.0,0.0,0.0,1.0,1.0,0.0,0.0,0.0,5.0,1.0,-1.0,7.0,62.5,62.5,50.0,0.0,1.0,1.5,0.0,0.0,0.0,0.0,9.3,0.0,0.0,20.0,16.3
2486861,2,979897,BUENO ARENAS ALBACETE BASKET,AWAY,1371559,V. Aguilar Hernandez,V. Aguilar Hernandez,0,21.0,1258.0,4.0,1.0,2.0,0.0,1.0,1.0,3.0,2.0,2.0,1.0,2.0,3.0,5.0,2.0,0.0,0.0,0.0,5.0,2.0,5.0,-7.0,51.5,33.3,33.3,66.7,1.0,0.0,1.0,6.0,12.3,9.1,33.3,0.0,0.0,34.0,13.3
2486861,2,979897,BUENO ARENAS ALBACETE BASKET,AWAY,2813013,N. Reid,N. Reid,1,22.1,1324.0,13.0,2.0,4.0,2.0,3.0,4.0,7.0,3.0,4.0,1.0,1.0,2.0,0.0,1.0,0.0,0.0,0.0,5.0,2.0,7.0,7.0,74.2,71.4,42.9,57.1,1.0,2.0,2.0,5.7,5.8,5.7,0.0,0.0,0.0,10.2,21.0
2486861,2,979897,BUENO ARENAS ALBACETE BASKET,AWAY,1947396,V. Muñoz Quiñones,V. Muñoz Quiñones,0,28.5,1710.0,17.0,6.0,9.0,1.0,2.0,7.0,11.0,2.0,3.0,2.0,5.0,7.0,3.0,1.0,2.0,0.0,0.0,1.0,3.0,25.0,18.0,69.0,68.2,18.2,27.3,1.3,1.5,1.0,8.8,22.6,15.6,19.5,3.5,0.0,7.5,22.2
2486861,2,979897,BUENO ARENAS ALBACETE BASKET,AWAY,2432962,S. Merlo,S. Merlo,1,28.9,1733.0,4.0,1.0,4.0,0.0,2.0,1.0,6.0,2.0,3.0,0.0,6.0,6.0,9.0,0.0,1.0,0.0,1.0,4.0,2.0,12.0,16.0,27.3,16.7,33.3,50.0,0.5,0.0,1.5,0.0,26.8,13.2,42.1,1.7,0.0,0.0,12.0
2486861,2,979897,BUENO ARENAS ALBACETE BASKET,AWAY,1603635,J. Gonzalez Albadalejo,J. Gonzalez Albadalejo,1,34.4,2062.0,16.0,1.0,3.0,3.0,7.0,4.0,10.0,5.0,5.0,1.0,1.0,2.0,5.0,2.0,0.0,0.0,0.0,1.0,7.0,21.0,20.0,65.6,55.0,70.0,50.0,0.7,1.3,0.7,3.6,3.8,3.7,20.2,0.0,0.0,14.1,19.6
2486861,2,979897,BUENO ARENAS ALBACETE BASKET,AWAY,2817541,O. Bramble,O. Bramble,1,20.3,1217.0,16.0,7.0,9.0,0.0,0.0,7.0,9.0,2.0,2.0,0.0,4.0,4.0,0.0,0.0,0.0,0.0,1.0,4.0,2.0,16.0,6.0,81.0,77.8,0.0,22.2,1.6,0.0,1.0,0.0,25.4,12.5,0.0,0.0,0.0,0.0,23.1
2486861,2,979897,BUENO ARENAS ALBACETE BASKET,AWAY,1981843,B. Vanaclocha Sanchez,B. Vanaclocha Sanchez,1,9.8,587.0,6.0,3.0,6.0,0.0,0.0,3.0,6.0,0.0,0.0,0.0,1.0,1.0,0.0,0.0,2.0,0.0,0.0,1.0,1.0,6.0,-1.0,50.0,50.0,0.0,0.0,1.0,0.0,0.0,0.0,13.2,6.5,0.0,10.3,0.0,0.0,29.1
2486861,2,979897,BUENO ARENAS ALBACETE BASKET,AWAY,2432412,J. Hierrezuelo Serer,J. Hierrezuelo Serer,0,20.5,1232.0,12.0,0.0,2.0,3.0,8.0,3.0,10.0,3.0,4.0,2.0,3.0,5.0,0.0,1.0,1.0,1.0,0.0,4.0,2.0,8.0,4.0,51.0,45.0,80.0,40.0,0.0,1.1,2.0,12.2,18.9,15.5,0.0,2.5,5.0,7.8,29.6
2486862,2,981281,LOBE HUESCA LA MAGIA,HOME,2151562,O. Thiam Pedrera,O. Thiam Pedrera,0,17.3,1036.0,4.0,1.0,2.0,0.0,2.0,1.0,4.0,2.0,4.0,0.0,0.0,0.0,0.0,2.0,0.0,0.0,1.0,2.0,2.0,-3.0,8.0,34.7,25.0,50.0,100.0,1.0,0.0,2.0,0.0,0.0,0.0,0.0,0.0,0.0,25.8,19.6
2486862,2,981281,LOBE HUESCA LA MAGIA,HOME,2273469,O. Bieshaar,O. Bieshaar,1,18.1,1085.0,3.0,0.0,0.0,1.0,2.0,1.0,2.0,0.0,0.0,2.0,2.0,4.0,2.0,1.0,0.0,0.0,0.0,3.0,1.0,5.0,6.0,75.0,75.0,100.0,0.0,0.0,1.5,0.0,13.8,14.3,14.0,14.3,0.0,0.0,33.3,7.2
2486862,2,981281,LOBE HUESCA LA MAGIA,HOME,2815547,J. Wells,J. Wells,1,23.6,1419.0,12.0,5.0,8.0,0.0,3.0,5.0,11.0,2.0,2.0,1.0,3.0,4.0,4.0,2.0,1.0,0.0,0.0,4.0,1.0,10.0,-5.0,50.5,45.5,27.3,18.2,1.2,0.0,2.0,5.3,16.4,10.8,30.8,2.0,0.0,14.4,25.7
2486862,2,981281,LOBE HUESCA LA MAGIA,HOME,1756469,H. Figueroa Álvarez,H. Figueroa Álvarez,0,18.8,1125.0,18.0,4.0,4.0,2.0,7.0,6.0,11.0,4.0,5.0,2.0,2.0,4.0,0.0,0.0,1.0,0.0,0.0,0.0,5.0,22.0,11.0,68.2,63.6,63.6,45.5,2.0,0.9,1.0,13.3,13.7,13.5,0.0,2.6,0.0,0.0,30.6
2486862,2,981281,LOBE HUESCA LA MAGIA,HOME,1759956,I. Corraliza Coba,I. Corraliza Coba,1,21.8,1310.0,12.0,3.0,7.0,2.0,2.0,5.0,9.0,0.0,0.0,1.0,2.0,3.0,4.0,3.0,1.0,1.0,0.0,2.0,2.0,14.0,5.0,66.7,66.7,22.2,0.0,0.9,3.0,0.0,5.7,11.8,8.7,40.0,2.2,4.8,25.0,24.0
2486862,2,981281,LOBE HUESCA LA MAGIA,HOME,2815923,M. Carreira Kreps,M. Carreira Kreps,0,15.0,899.0,3.0,0.0,0.0,1.0,2.0,1.0,2.0,0.0,0.0,0.0,2.0,2.0,0.0,1.0,1.0,1.0,0.0,4.0,1.0,2.0,-1.0,75.0,75.0,100.0,0.0,0.0,1.5,0.0,0.0,17.2,8.5,0.0,3.2,7.0,33.3,8.7
2486862,2,981281,LOBE HUESCA LA MAGIA,HOME,2823388,J. Fritz,J. Fritz,1,15.2,912.0,9.0,2.0,5.0,0.0,1.0,2.0,6.0,5.0,5.0,3.0,1.0,4.0,2.0,2.0,0.0,1.0,0.0,2.0,5.0,13.0,5.0,54.9,33.3,16.7,83.3,0.8,0.0,1.0,24.7,8.5,16.7,20.0,0.0,6.9,19.6,29.3
2486862,2,981281,LOBE HUESCA LA MAGIA,HOME,2815543,A. Badmus,A. Badmus,0,20.3,1220.0,6.0,3.0,6.0,0.0,0.0,3.0,6.0,0.0,0.0,0.0,3.0,3.0,2.0,1.0,0.0,1.0,0.0,4.0,0.0,4.0,-2.0,50.0,50.0,0.0,0.0,1.0,0.0,0.0,0.0,19.1,9.4,16.7,0.0,5.2,14.3,15.0
2486862,2,981281,LOBE HUESCA LA MAGIA,HOME,1761508,P. Lopez-Sanvicente Reta,P. Lopez-Sanvicente Reta,0,9.1,547.0,3.0,0.0,1.0,1.0,2.0,1.0,3.0,0.0,0.0,1.0,2.0,3.0,0.0,0.0,0.0,0.0,0.0,1.0,0.0,3.0,-11.0,50.0,50.0,66.7,0.0,0.0,1.5,0.0,13.7,28.4,20.9,0.0,0.0,0.0,0.0,14.4
2486862,2,981281,LOBE HUESCA LA MAGIA,HOME,2061400,A. Rubin De Celis Ferrando,A. Rubin De Celis Ferrando,0,18.2,1090.0,8.0,0.0,0.0,1.0,1.0,1.0,1.0,5.0,6.0,1.0,3.0,4.0,2.0,3.0,1.0,0.0,0.0,0.0,4.0,15.0,-1.0,109.9,150.0,100.0,600.0,0.0,3.0,1.5,6.9,21.3,14.0,14.3,2.7,0.0,45.2,15.9
2486862,2,981281,LOBE HUESCA LA MAGIA,HOME,2054954,G. Vazquez Vallejo,G. Vazquez Vallejo,1,22.6,1357.0,9.0,3.0,6.0,1.0,3.0,4.0,9.0,0.0,0.0,0.0,2.0,2.0,1.0,3.0,1.0,0.0,1.0,3.0,0.0,2.0,5.0,50.0,50.0,33.3,0.0,1.0,1.0,0.0,0.0,11.4,5.6,7.1,2.1,0.0,25.0,23.2
2486862,2,981216,CLASS BASQUET SANT ANTONI,AWAY,1394852,G. Blat Baeza,G. Blat Baeza,1,21.9,1314.0,3.0,1.0,2.0,0.0,4.0,1.0,6.0,1.0,2.0,1.0,1.0,2.0,1.0,0.0,1.0,0.0,1.0,4.0,4.0,1.0,-5.0,21.8,16.7,66.7,33.3,1.0,0.0,0.5,5.9,5.7,5.8,6.9,2.3,0.0,0.0,13.7
2486862,2,981216,CLASS BASQUET SANT ANTONI,AWAY,2815818,K. Johnson,K. Johnson,0,16.4,981.0,7.0,2.0,3.0,1.0,2.0,3.0,5.0,0.0,1.0,0.0,3.0,3.0,1.0,3.0,0.0,0.0,1.0,2.0,1.0,4.0,-7.0,64.3,70.0,40.0,20.0,1.3,1.5,1.0,0.0,22.9,11.6,10.6,0.0,0.0,35.5,22.4
2486862,2,981216,CLASS BASQUET SANT ANTONI,AWAY,1528610,J. Rodriguez Jimenez,J. Rodriguez Jimenez,1,17.1,1027.0,2.0,1.0,2.0,0.0,0.0,1.0,2.0,0.0,0.0,0.0,0.0,0.0,1.0,1.0,1.0,0.0,0.0,0.0,1.0,3.0,0.0,50.0,50.0,0.0,0.0,1.0,0.0,0.0,0.0,0.0,0.0,8.8,2.9,0.0,33.3,7.6
2486862,2,981216,CLASS BASQUET SANT ANTONI,AWAY,2363916,D. De La Rua De Agustin,D. De La Rua De Agustin,0,26.7,1600.0,20.0,5.0,8.0,2.0,6.0,7.0,14.0,4.0,5.0,0.0,3.0,3.0,7.0,2.0,2.0,0.0,0.0,4.0,5.0,23.0,-3.0,61.7,57.1,42.9,35.7,1.2,1.0,1.0,0.0,14.0,7.1,47.6,3.7,0.0,11.0,29.7
2486862,2,981216,CLASS BASQUET SANT ANTONI,AWAY,1397157,R. Gomez Barral,R. Gomez Barral,1,17.4,1041.0,10.0,2.0,4.0,2.0,3.0,4.0,7.0,0.0,0.0,0.0,0.0,0.0,1.0,0.0,1.0,0.0,0.0,3.0,0.0,6.0,11.0,71.4,71.4,42.9,0.0,1.0,2.0,0.0,0.0,0.0,0.0,11.9,2.8,0.0,0.0,17.5
2486862,2,981216,CLASS BASQUET SANT ANTONI,AWAY,2462416,E. Stoilov,E. Stoilov,1,31.0,1862.0,16.0,6.0,8.0,0.0,0.0,6.0,8.0,4.0,8.0,2.0,6.0,8.0,2.0,3.0,0.0,1.0,1.0,2.0,5.0,21.0,5.0,69.4,75.0,0.0,100.0,1.5,0.0,1.6,8.3,24.2,16.4,10.6,0.0,3.3,20.7,20.4
2486862,2,981216,CLASS BASQUET SANT ANTONI,AWAY,1834527,S. Paz Vazquez,S. Paz Vazquez,1,32.0,1918.0,15.0,4.0,7.0,2.0,8.0,6.0,15.0,1.0,4.0,4.0,4.0,8.0,1.0,5.0,5.0,1.0,1.0,3.0,3.0,13.0,6.0,44.7,46.7,53.3,26.7,1.1,0.8,1.3,16.1,15.6,15.9,5.3,7.7,3.2,23.0,29.6
2486862,2,981216,CLASS BASQUET SANT ANTONI,AWAY,2128433,N. Zizic,N. Zizic,0,9.0,538.0,5.0,1.0,1.0,0.0,0.0,1.0,1.0,3.0,4.0,1.0,1.0,2.0,0.0,0.0,0.0,0.0,0.0,0.0,2.0,8.0,-9.0,90.6,100.0,0.0,400.0,2.0,0.0,2.0,14.3,13.9,14.1,0.0,0.0,0.0,0.0,13.4
2486862,2,981216,CLASS BASQUET SANT ANTONI,AWAY,2182043,J. Solarin,J. Solarin,0,22.6,1359.0,5.0,2.0,2.0,0.0,4.0,2.0,6.0,1.0,3.0,1.0,3.0,4.0,1.0,0.0,0.0,0.0,0.0,2.0,2.0,4.0,-15.0,34.2,33.3,66.7,50.0,2.0,0.0,1.5,5.7,16.6,11.2,6.0,0.0,0.0,0.0,14.1
2486862,2,981216,CLASS BASQUET SANT ANTONI,AWAY,1878691,I. Ruiz Gonzalez,I. Ruiz Gonzalez,0,6.0,360.0,0.0,0.0,1.0,0.0,1.0,0.0,2.0,0.0,0.0,0.0,0.0,0.0,0.0,0.0,0.0,0.0,0.0,1.0,0.0,-3.0,-3.0,0.0,0.0,50.0,0.0,0.0,0.0,0.0,0.0,0.0,0.0,0.0,0.0,0.0,0.0,14.5
2486863,3,981514,SPANISH BASKETBALL ACADEMY,HOME,2203181,J. Ortega Mora,J. Ortega Mora,0,1.6,93.0,0.0,0.0,0.0,0.0,1.0,0.0,1.0,0.0,0.0,0.0,0.0,0.0,0.0,0.0,0.0,0.0,0.0,0.0,0.0,-1.0,-2.0,0.0,0.0,100.0,0.0,0.0,0.0,0.0,0.0,0.0,0.0,0.0,0.0,0.0,0.0,27.1
2486863,3,981514,SPANISH BASKETBALL ACADEMY,HOME,2643320,T. Trifonov,T. Trifonov,0,2.5,153.0,4.0,2.0,2.0,0.0,1.0,2.0,3.0,0.0,0.0,0.0,0.0,0.0,0.0,0.0,0.0,0.0,0.0,2.0,0.0,1.0,1.0,66.7,66.7,33.3,0.0,2.0,0.0,0.0,0.0,0.0,0.0,0.0,0.0,0.0,0.0,52.1
2486863,3,981514,SPANISH BASKETBALL ACADEMY,HOME,2436640,J. Puidet,J. Puidet,1,29.0,1739.0,5.0,1.0,5.0,1.0,6.0,2.0,11.0,0.0,0.0,2.0,5.0,7.0,1.0,2.0,1.0,0.0,0.0,4.0,3.0,2.0,-14.0,22.7,22.7,54.5,0.0,0.4,0.5,0.0,7.9,16.4,12.5,5.5,1.7,0.0,15.4,19.5
2486863,3,981514,SPANISH BASKETBALL ACADEMY,HOME,2312124,S. Traore,S. Traore,0,16.3,977.0,6.0,1.0,3.0,0.0,0.0,1.0,3.0,4.0,6.0,1.0,3.0,4.0,0.0,0.0,0.0,0.0,0.0,4.0,4.0,6.0,8.0,53.2,33.3,0.0,200.0,0.7,0.0,1.5,7.0,17.5,12.7,0.0,0.0,0.0,0.0,15.0
2486863,3,981514,SPANISH BASKETBALL ACADEMY,HOME,2481590,A. Butko,A. Butko,0,2.1,127.0,0.0,0.0,0.0,0.0,0.0,0.0,0.0,0.0,0.0,0.0,0.0,0.0,0.0,0.0,0.0,0.0,0.0,0.0,0.0,0.0,-5.0,0.0,0.0,0.0,0.0,0.0,0.0,0.0,0.0,0.0,0.0,0.0,0.0,0.0,0.0,0.0
2486863,3,981514,SPANISH BASKETBALL ACADEMY,HOME,2065452,J. Santano Bartolome,J. Santano Bartolome,1,30.1,1806.0,10.0,3.0,5.0,0.0,1.0,3.0,6.0,4.0,8.0,2.0,3.0,5.0,1.0,2.0,2.0,1.0,0.0,3.0,4.0,11.0,-11.0,52.5,50.0,16.7,133.3,1.2,0.0,2.0,7.6,9.5,8.6,5.0,3.4,3.7,17.4,16.6
2486863,3,981514,SPANISH BASKETBALL ACADEMY,HOME,2816555,L. Savikjevikj,L. Savikjevikj,0,15.4,927.0,3.0,0.0,1.0,1.0,4.0,1.0,5.0,0.0,0.0,0.0,1.0,1.0,0.0,2.0,0.0,0.0,0.0,1.0,1.0,-2.0,1.0,30.0,30.0,80.0,0.0,0.0,0.8,0.0,0.0,6.2,3.4,0.0,0.0,0.0,28.6,19.7
2486863,3,981514,SPANISH BASKETBALL ACADEMY,HOME,1374966,A. Moreno Trujillo,A. Moreno Trujillo,0,18.9,1131.0,5.0,2.0,5.0,0.0,2.0,2.0,7.0,1.0,2.0,0.0,3.0,3.0,3.0,4.0,1.0,0.0,0.0,5.0,2.0,-1.0,-14.0,31.7,28.6,28.6,28.6,0.8,0.0,1.0,0.0,15.1,8.2,24.0,2.7,0.0,33.7,27.3
2486863,3,981514,SPANISH BASKETBALL ACADEMY,HOME,2816737,D. Simeunovic,D. Simeunovic,1,31.0,1861.0,22.0,9.0,14.0,0.0,4.0,9.0,18.0,4.0,5.0,3.0,5.0,8.0,1.0,2.0,1.0,0.0,0.0,1.0,6.0,25.0,-16.0,54.5,50.0,22.2,27.8,1.3,0.0,0.8,11.1,15.4,13.4,7.0,1.6,0.0,9.0,31.1
2486863,3,981514,SPANISH BASKETBALL ACADEMY,HOME,2752020,E. Medina Roa,E. Medina Roa,1,20.2,1215.0,8.0,4.0,5.0,0.0,0.0,4.0,5.0,0.0,0.0,2.0,2.0,4.0,0.0,0.0,0.0,0.0,0.0,3.0,1.0,9.0,-9.0,80.0,80.0,0.0,0.0,1.6,0.0,0.0,11.3,9.4,10.3,0.0,0.0,0.0,0.0,10.7
2486863,3,981514,SPANISH BASKETBALL ACADEMY,HOME,1825944,R. Garcia Salame,R. Garcia Salame,1,32.9,1971.0,15.0,2.0,4.0,3.0,5.0,5.0,9.0,2.0,2.0,1.0,2.0,3.0,7.0,2.0,1.0,0.0,0.0,1.0,1.0,20.0,-14.0,75.9,72.2,55.6,22.2,1.0,1.8,2.0,3.5,5.8,4.7,38.5,1.5,0.0,16.8,15.7
2486863,3,981216,CLASS BASQUET SANT ANTONI,AWAY,2534687,G. Gantt,G. Gantt,1,23.5,1409.0,3.0,0.0,1.0,1.0,7.0,1.0,8.0,0.0,0.0,2.0,1.0,3.0,0.0,1.0,0.0,0.0,0.0,2.0,1.0,-3.0,-8.0,18.8,18.8,87.5,0.0,0.0,0.4,0.0,8.1,4.9,6.6,0.0,0.0,0.0,11.1,15.8
2486863,3,981216,CLASS BASQUET SANT ANTONI,AWAY,1394852,G. Blat Baeza,G. Blat Baeza,0,14.9,895.0,8.0,0.0,4.0,2.0,4.0,2.0,8.0,2.0,2.0,0.0,1.0,1.0,2.0,1.0,1.0,0.0,0.0,3.0,2.0,4.0,19.0,45.0,37.5,50.0,25.0,0.0,1.5,1.0,0.0,7.7,3.5,21.7,3.3,0.0,10.1,27.3
2486863,3,981216,CLASS BASQUET SANT ANTONI,AWAY,2815818,K. Johnson,K. Johnson,1,19.7,1183.0,30.0,3.0,6.0,5.0,7.0,8.0,13.0,9.0,12.0,1.0,1.0,2.0,1.0,1.0,1.0,0.0,0.0,2.0,7.0,30.0,18.0,82.1,80.8,53.8,92.3,1.0,2.1,1.7,4.8,5.8,5.3,16.7,2.5,0.0,5.2,40.3
2486863,3,981216,CLASS BASQUET SANT ANTONI,AWAY,1528610,J. Rodriguez Jimenez,J. Rodriguez Jimenez,0,14.4,865.0,4.0,0.0,1.0,1.0,1.0,1.0,2.0,1.0,2.0,0.0,2.0,2.0,0.0,0.0,1.0,0.0,0.0,0.0,1.0,6.0,1.0,69.4,75.0,50.0,100.0,0.0,3.0,2.0,0.0,15.9,7.2,0.0,3.4,0.0,0.0,8.2
2486863,3,981216,CLASS BASQUET SANT ANTONI,AWAY,2363916,D. De La Rua De Agustin,D. De La Rua De Agustin,1,25.1,1505.0,8.0,2.0,6.0,1.0,3.0,3.0,9.0,1.0,3.0,0.0,3.0,3.0,5.0,3.0,0.0,0.0,1.0,1.0,2.0,6.0,-4.0,38.8,38.9,33.3,33.3,0.7,1.0,1.5,0.0,13.7,6.2,36.2,0.0,0.0,22.5,21.9
2486863,3,981216,CLASS BASQUET SANT ANTONI,AWAY,1397157,R. Gomez Barral,R. Gomez Barral,1,18.1,1087.0,2.0,1.0,3.0,0.0,2.0,1.0,5.0,0.0,0.0,4.0,5.0,9.0,2.0,2.0,1.0,0.0,0.0,2.0,1.0,7.0,17.0,20.0,20.0,40.0,0.0,0.7,0.0,0.0,21.0,31.6,25.8,15.4,2.7,0.0,28.6,15.9
2486863,3,981216,CLASS BASQUET SANT ANTONI,AWAY,2462416,E. Stoilov,E. Stoilov,1,24.9,1496.0,10.0,4.0,6.0,0.0,1.0,4.0,7.0,2.0,2.0,4.0,3.0,7.0,3.0,3.0,0.0,0.0,0.0,2.0,3.0,15.0,11.0,63.5,57.1,14.3,28.6,1.3,0.0,0.7,15.3,13.8,14.6,23.4,0.0,0.0,27.6,18.0
2486863,3,981216,CLASS BASQUET SANT ANTONI,AWAY,1834527,S. Paz Vazquez,S. Paz Vazquez,0,17.3,1038.0,13.0,2.0,2.0,3.0,5.0,5.0,7.0,0.0,0.0,2.0,2.0,4.0,0.0,1.0,0.0,0.0,0.0,1.0,1.0,14.0,22.0,92.9,92.9,71.4,0.0,2.0,1.8,0.0,11.0,13.2,12.0,0.0,0.0,0.0,12.5,19.1
2486863,3,981216,CLASS BASQUET SANT ANTONI,AWAY,2128433,N. Zizic,N. Zizic,0,14.1,844.0,8.0,1.0,6.0,0.0,0.0,1.0,6.0,6.0,7.0,4.0,1.0,5.0,0.0,1.0,0.0,0.0,0.0,4.0,4.0,6.0,0.0,44.1,16.7,0.0,116.7,0.3,0.0,1.8,27.0,8.1,18.4,0.0,0.0,0.0,9.9,29.5
2486863,3,981216,CLASS BASQUET SANT ANTONI,AWAY,2182043,J. Solarin,J. Solarin,0,17.7,1063.0,3.0,0.0,0.0,1.0,3.0,1.0,3.0,0.0,2.0,0.0,4.0,4.0,0.0,1.0,1.0,0.0,0.0,3.0,1.0,1.0,10.0,38.7,50.0,100.0,66.7,0.0,1.0,2.0,0.0,25.8,11.7,0.0,2.8,0.0,20.5,11.4
2486863,3,981216,CLASS BASQUET SANT ANTONI,AWAY,1878691,I. Ruiz Gonzalez,I. Ruiz Gonzalez,0,10.2,615.0,4.0,1.0,1.0,0.0,0.0,1.0,1.0,2.0,2.0,1.0,1.0,2.0,0.0,0.0,0.0,0.0,0.0,2.0,1.0,5.0,-11.0,106.4,100.0,0.0,200.0,2.0,0.0,2.0,9.3,11.2,10.2,0.0,0.0,0.0,0.0,7.6
2486864,3,979897,BUENO ARENAS ALBACETE BASKET,HOME,2772828,F. Andrade Amiel,F. Andrade Amiel,0,8.4,507.0,4.0,1.0,2.0,0.0,2.0,1.0,4.0,2.0,4.0,0.0,0.0,0.0,0.0,2.0,0.0,0.0,0.0,2.0,2.0,-3.0,-1.0,34.7,25.0,50.0,100.0,1.0,0.0,2.0,0.0,0.0,0.0,0.0,0.0,0.0,25.8,42.4
2486864,3,979897,BUENO ARENAS ALBACETE BASKET,HOME,1371559,V. Aguilar Hernandez,V. Aguilar Hernandez,0,26.8,1605.0,7.0,3.0,6.0,0.0,4.0,3.0,10.0,1.0,2.0,0.0,4.0,4.0,2.0,2.0,1.0,0.0,0.0,0.0,4.0,8.0,2.0,32.2,30.0,40.0,20.0,1.0,0.0,0.5,0.0,13.9,7.3,10.7,1.9,0.0,15.5,22.1
2486864,3,979897,BUENO ARENAS ALBACETE BASKET,HOME,2813013,N. Reid,N. Reid,1,33.5,2011.0,12.0,2.0,4.0,2.0,6.0,4.0,10.0,2.0,5.0,2.0,4.0,6.0,1.0,0.0,1.0,0.0,0.0,1.0,4.0,14.0,-11.0,49.2,50.0,60.0,50.0,1.0,1.0,1.2,6.1,11.1,8.7,4.8,1.5,0.0,0.0,16.7
2486864,3,979897,BUENO ARENAS ALBACETE BASKET,HOME,1947396,V. Muñoz Quiñones,V. Muñoz Quiñones,1,24.4,1461.0,13.0,6.0,8.0,0.0,1.0,6.0,9.0,1.0,3.0,2.0,4.0,6.0,1.0,1.0,0.0,2.0,0.0,1.0,2.0,17.0,-10.0,63.0,66.7,11.1,33.3,1.5,0.0,1.5,8.4,15.2,12.0,7.9,0.0,9.1,8.8,21.3
2486864,3,979897,BUENO ARENAS ALBACETE BASKET,HOME,2432962,S. Merlo,S. Merlo,1,31.6,1893.0,11.0,4.0,8.0,1.0,4.0,5.0,12.0,0.0,0.0,1.0,4.0,5.0,4.0,0.0,2.0,0.0,1.0,4.0,2.0,13.0,-7.0,45.8,45.8,33.3,0.0,1.0,0.8,0.0,3.2,11.8,7.7,20.2,3.2,0.0,0.0,17.4
2486864,3,979897,BUENO ARENAS ALBACETE BASKET,HOME,1603635,J. Gonzalez Albadalejo,J. Gonzalez Albadalejo,1,32.6,1958.0,23.0,2.0,8.0,5.0,6.0,7.0,14.0,4.0,9.0,1.0,3.0,4.0,2.0,1.0,1.0,0.0,0.0,4.0,7.0,20.0,4.0,64.0,67.9,42.9,64.3,0.5,2.5,1.3,3.1,8.6,6.0,11.2,1.6,0.0,5.3,26.7
2486864,3,979897,BUENO ARENAS ALBACETE BASKET,HOME,2817541,O. Bramble,O. Bramble,1,10.9,657.0,2.0,1.0,2.0,0.0,0.0,1.0,2.0,0.0,0.0,1.0,1.0,2.0,0.0,1.0,0.0,0.0,0.0,3.0,0.0,-1.0,-1.0,50.0,50.0,0.0,0.0,1.0,0.0,0.0,9.4,8.5,9.0,0.0,0.0,0.0,33.3,12.6
2486864,3,979897,BUENO ARENAS ALBACETE BASKET,HOME,1981843,B. Vanaclocha Sanchez,B. Vanaclocha Sanchez,0,12.3,740.0,4.0,2.0,2.0,0.0,0.0,2.0,2.0,0.0,0.0,1.0,4.0,5.0,0.0,1.0,0.0,1.0,0.0,3.0,1.0,7.0,2.0,100.0,100.0,0.0,0.0,2.0,0.0,0.0,8.3,30.3,19.8,0.0,0.0,9.0,33.3,11.2
2486864,3,979897,BUENO ARENAS ALBACETE BASKET,HOME,2432412,J. Hierrezuelo Serer,J. Hierrezuelo Serer,0,19.5,1168.0,4.0,2.0,3.0,0.0,2.0,2.0,5.0,0.0,0.0,0.0,2.0,2.0,0.0,1.0,0.0,0.0,0.0,2.0,1.0,1.0,-18.0,40.0,40.0,40.0,0.0,1.3,0.0,0.0,0.0,9.5,5.0,0.0,0.0,0.0,16.7,14.1
2486864,3,981281,LOBE HUESCA LA MAGIA,AWAY,2151562,O. Thiam Pedrera,O. Thiam Pedrera,0,2.1,125.0,0.0,0.0,1.0,0.0,0.0,0.0,1.0,0.0,0.0,0.0,0.0,0.0,0.0,0.0,0.0,0.0,0.0,0.0,0.0,-1.0,-6.0,0.0,0.0,0.0,0.0,0.0,0.0,0.0,0.0,0.0,0.0,0.0,0.0,0.0,0.0,19.9
2486864,3,981281,LOBE HUESCA LA MAGIA,AWAY,2273469,O. Bieshaar,O. Bieshaar,1,18.6,1114.0,11.0,0.0,0.0,3.0,6.0,3.0,6.0,2.0,2.0,1.0,2.0,3.0,0.0,0.0,0.0,0.0,0.0,3.0,1.0,9.0,9.0,79.9,75.0,100.0,33.3,0.0,1.5,2.0,5.0,11.0,7.9,0.0,0.0,0.0,0.0,15.4
2486864,3,981281,LOBE HUESCA LA MAGIA,AWAY,2815547,J. Wells,J. Wells,1,24.4,1465.0,15.0,1.0,4.0,3.0,8.0,4.0,12.0,4.0,5.0,2.0,2.0,4.0,1.0,2.0,0.0,0.0,0.0,4.0,4.0,9.0,-2.0,52.8,45.8,66.7,41.7,0.5,1.1,1.2,7.6,8.4,8.0,7.8,0.0,0.0,12.3,27.7
2486864,3,981281,LOBE HUESCA LA MAGIA,AWAY,1756469,H. Figueroa Álvarez,H. Figueroa Álvarez,0,21.6,1293.0,14.0,2.0,3.0,3.0,9.0,5.0,12.0,1.0,2.0,1.0,0.0,1.0,1.0,2.0,1.0,0.0,1.0,5.0,1.0,3.0,9.0,54.3,54.2,75.0,16.7,1.3,1.0,2.0,4.3,0.0,2.3,11.1,2.3,0.0,13.4,28.7
2486864,3,981281,LOBE HUESCA LA MAGIA,AWAY,1759956,I. Corraliza Coba,I. Corraliza Coba,1,32.3,1938.0,15.0,3.0,11.0,2.0,5.0,5.0,16.0,3.0,4.0,3.0,3.0,6.0,6.0,2.0,2.0,1.0,1.0,0.0,4.0,20.0,6.0,42.2,37.5,31.2,25.0,0.5,1.2,1.0,8.6,9.5,9.1,34.5,3.1,2.9,10.1,25.5
2486864,3,981281,LOBE HUESCA LA MAGIA,AWAY,2815923,M. Carreira Kreps,M. Carreira Kreps,0,17.1,1024.0,2.0,1.0,4.0,0.0,1.0,1.0,5.0,0.0,2.0,2.0,0.0,2.0,2.0,2.0,0.0,0.0,0.0,4.0,1.0,-5.0,8.0,17.0,20.0,20.0,40.0,0.5,0.0,2.0,10.9,0.0,5.7,19.6,0.0,0.0,25.4,19.2
2486864,3,981281,LOBE HUESCA LA MAGIA,AWAY,2823388,J. Fritz,J. Fritz,1,18.8,1130.0,8.0,1.0,2.0,0.0,1.0,1.0,3.0,6.0,9.0,2.0,3.0,5.0,2.0,1.0,0.0,0.0,0.0,0.0,6.0,15.0,-7.0,57.5,33.3,33.3,300.0,1.0,0.0,1.5,9.9,16.4,13.0,15.4,0.0,0.0,12.6,17.7
2486864,3,981281,LOBE HUESCA LA MAGIA,AWAY,2815543,A. Badmus,A. Badmus,0,21.2,1270.0,7.0,3.0,6.0,0.0,0.0,3.0,6.0,1.0,2.0,2.0,5.0,7.0,1.0,1.0,0.0,0.0,1.0,3.0,1.0,8.0,15.0,50.9,50.0,0.0,33.3,1.0,0.0,2.0,8.8,24.2,16.1,9.1,0.0,0.0,12.7,15.5
2486864,3,981281,LOBE HUESCA LA MAGIA,AWAY,1761508,P. Lopez-Sanvicente Reta,P. Lopez-Sanvicente Reta,0,20.6,1236.0,5.0,2.0,2.0,0.0,1.0,2.0,3.0,1.0,1.0,3.0,10.0,13.0,1.0,2.0,0.0,0.0,0.0,1.0,1.0,16.0,2.0,72.7,66.7,33.3,33.3,2.0,0.0,1.0,13.5,49.8,30.8,8.3,0.0,0.0,36.8,11.0
2486864,3,981281,LOBE HUESCA LA MAGIA,AWAY,2061400,A. Rubin De Celis Ferrando,A. Rubin De Celis Ferrando,0,1.8,110.0,0.0,0.0,0.0,0.0,0.0,0.0,0.0,0.0,0.0,0.0,0.0,0.0,0.0,0.0,1.0,0.0,0.0,0.0,1.0,2.0,4.0,0.0,0.0,0.0,0.0,0.0,0.0,0.0,0.0,0.0,0.0,0.0,28.1,0.0,0.0,0.0
2486864,3,981281,LOBE HUESCA LA MAGIA,AWAY,2054954,G. Vazquez Vallejo,G. Vazquez Vallejo,1,21.6,1295.0,11.0,1.0,3.0,3.0,4.0,4.0,7.0,0.0,0.0,1.0,6.0,7.0,3.0,1.0,0.0,0.0,0.0,4.0,0.0,13.0,2.0,78.6,78.6,57.1,0.0,0.7,2.2,0.0,4.3,28.5,15.8,30.0,0.0,0.0,12.5,15.5
2486865,3,981275,MADERAS SORLI BENICARLO,HOME,2467065,A. Ikpeze,A. Ikpeze,1,24.6,1475.0,12.0,5.0,8.0,0.0,0.0,5.0,8.0,2.0,5.0,1.0,8.0,9.0,1.0,1.0,0.0,1.0,1.0,3.0,3.0,16.0,22.0,58.8,62.5,0.0,62.5,1.2,0.0,1.7,4.6,56.6,25.2,6.8,0.0,5.4,8.9,19.8
2486865,3,981275,MADERAS SORLI BENICARLO,HOME,2534405,L. Soumbey-Alley,L. Soumbey-Alley,1,22.1,1323.0,17.0,3.0,6.0,3.0,5.0,6.0,11.0,2.0,3.0,2.0,0.0,2.0,5.0,2.0,2.0,0.0,0.0,3.0,1.0,16.0,20.0,69.0,68.2,45.5,27.3,1.0,1.8,3.0,10.3,0.0,6.2,36.2,4.4,0.0,14.0,28.2
2486865,3,981275,MADERAS SORLI BENICARLO,HOME,1938475,P. Llorach Cornelles,P. Llorach Cornelles,0,2.2,130.0,0.0,0.0,1.0,0.0,1.0,0.0,2.0,0.0,0.0,0.0,0.0,0.0,2.0,1.0,0.0,0.0,1.0,0.0,0.0,-1.0,5.0,0.0,0.0,50.0,0.0,0.0,0.0,0.0,0.0,0.0,0.0,60.6,0.0,0.0,33.3,59.4
2486865,3,981275,MADERAS SORLI BENICARLO,HOME,1485040,A. Haro Val,A. Haro Val,1,21.8,1309.0,11.0,3.0,5.0,1.0,2.0,4.0,7.0,2.0,2.0,0.0,0.0,0.0,4.0,2.0,1.0,0.0,0.0,3.0,4.0,12.0,0.0,69.8,64.3,28.6,28.6,1.2,1.5,0.5,0.0,0.0,0.0,32.0,2.2,0.0,20.2,19.8
2486865,3,981275,MADERAS SORLI BENICARLO,HOME,1998365,P. Harguindey Maneiro,P. Harguindey Maneiro,1,14.2,855.0,3.0,0.0,1.0,1.0,2.0,1.0,3.0,0.0,0.0,1.0,0.0,1.0,0.0,0.0,1.0,0.0,1.0,1.0,0.0,2.0,-4.0,50.0,50.0,66.7,0.0,0.0,1.5,0.0,8.0,0.0,4.9,0.0,3.4,0.0,0.0,9.2
2486865,3,981275,MADERAS SORLI BENICARLO,HOME,2500822,M. Voronin,M. Voronin,0,15.3,920.0,9.0,1.0,3.0,1.0,2.0,2.0,5.0,4.0,4.0,0.0,1.0,1.0,0.0,0.0,1.0,0.0,0.0,1.0,2.0,9.0,-2.0,66.6,50.0,40.0,80.0,0.7,1.5,2.0,0.0,11.4,4.5,0.0,3.2,0.0,0.0,19.3
2486865,3,981275,MADERAS SORLI BENICARLO,HOME,1659850,A. Prior Ruiz,A. Prior Ruiz,1,16.6,997.0,6.0,1.0,1.0,1.0,2.0,2.0,3.0,1.0,1.0,1.0,4.0,5.0,3.0,0.0,2.0,0.0,0.0,2.0,3.0,16.0,8.0,87.2,83.3,66.7,33.3,2.0,1.5,0.3,6.9,41.9,20.8,26.8,5.8,0.0,0.0,9.0
2486865,3,981275,MADERAS SORLI BENICARLO,HOME,2219986,A. Libroia,A. Libroia,0,20.9,1257.0,5.0,1.0,3.0,1.0,3.0,2.0,6.0,0.0,0.0,0.0,1.0,1.0,6.0,0.0,2.0,0.0,0.0,2.0,2.0,10.0,14.0,41.7,41.7,50.0,0.0,0.7,1.0,0.0,0.0,8.3,3.3,41.4,4.6,0.0,0.0,12.5
2486865,3,981275,MADERAS SORLI BENICARLO,HOME,2536645,R. Ukawuba,R. Ukawuba,0,8.0,480.0,3.0,0.0,2.0,0.0,0.0,0.0,2.0,3.0,4.0,2.0,0.0,2.0,0.0,1.0,0.0,0.0,0.0,5.0,3.0,-1.0,-3.0,39.9,0.0,0.0,200.0,0.0,0.0,1.3,28.6,0.0,17.2,0.0,0.0,0.0,21.0,25.9
2486865,3,981275,MADERAS SORLI BENICARLO,HOME,2250610,A. Sanchez Perdiguero,A. Sanchez Perdiguero,0,20.5,1231.0,9.0,2.0,4.0,1.0,2.0,3.0,6.0,2.0,6.0,3.0,1.0,4.0,2.0,1.0,1.0,1.0,0.0,4.0,4.0,9.0,17.0,52.1,58.3,33.3,100.0,1.0,1.5,1.5,16.7,8.5,13.5,14.8,2.4,6.5,10.4,20.5
2486865,3,981275,MADERAS SORLI BENICARLO,HOME,2816381,K. Obiekwe Sam,K. Obiekwe Sam,0,18.8,1129.0,10.0,2.0,2.0,2.0,7.0,4.0,9.0,0.0,0.0,1.0,2.0,3.0,1.0,1.0,5.0,0.0,0.0,2.0,0.0,11.0,22.0,55.6,55.6,77.8,0.0,2.0,0.9,0.0,6.1,18.5,11.0,8.0,12.9,0.0,10.0,23.2
2486865,3,981275,MADERAS SORLI BENICARLO,HOME,2439615,O. Ndour,O. Ndour,0,14.9,894.0,9.0,4.0,6.0,0.0,0.0,4.0,6.0,1.0,4.0,1.0,0.0,1.0,0.0,2.0,1.0,0.0,0.0,4.0,2.0,2.0,-4.0,58.0,66.7,0.0,66.7,1.3,0.0,2.0,7.7,0.0,4.6,0.0,3.3,0.0,20.5,28.6
2486865,3,981428,HOMS U.E.MATARÓ,AWAY,2162105,F. Garrido Teban,F. Garrido Teban,0,17.0,1018.0,3.0,1.0,1.0,0.0,1.0,1.0,2.0,1.0,2.0,0.0,2.0,2.0,0.0,1.0,1.0,0.0,0.0,2.0,1.0,2.0,-6.0,52.1,50.0,50.0,100.0,2.0,0.0,2.0,0.0,13.4,8.1,0.0,3.0,0.0,25.8,10.3
2486865,3,981428,HOMS U.E.MATARÓ,AWAY,1914611,J. Boix Colet,J. Boix Colet,1,21.8,1306.0,10.0,2.0,3.0,0.0,2.0,2.0,5.0,6.0,10.0,0.0,1.0,1.0,4.0,0.0,1.0,0.0,0.0,4.0,9.0,14.0,-8.0,53.2,40.0,40.0,200.0,1.3,0.0,1.1,0.0,5.2,3.2,42.1,2.3,0.0,0.0,19.5
2486865,3,981428,HOMS U.E.MATARÓ,AWAY,2813591,S. Hall,S. Hall,1,20.1,1203.0,0.0,0.0,4.0,0.0,0.0,0.0,4.0,0.0,0.0,2.0,2.0,4.0,3.0,2.0,0.0,0.0,0.0,2.0,0.0,-1.0,-19.0,0.0,0.0,0.0,0.0,0.0,0.0,0.0,17.3,11.4,13.7,26.1,0.0,0.0,33.3,13.5
2486865,3,981428,HOMS U.E.MATARÓ,AWAY,1591966,J. Castillo Carrasco,J. Castillo Carrasco,0,16.1,968.0,7.0,0.0,1.0,1.0,3.0,1.0,4.0,4.0,4.0,1.0,1.0,2.0,0.0,3.0,3.0,0.0,1.0,2.0,2.0,6.0,-9.0,60.8,37.5,75.0,100.0,0.0,1.0,2.0,10.8,7.1,8.6,0.0,9.3,0.0,34.2,24.6
2486865,3,981428,HOMS U.E.MATARÓ,AWAY,1568569,J. Juanola Madera,J. Juanola Madera,1,24.4,1461.0,19.0,2.0,2.0,2.0,3.0,4.0,5.0,9.0,12.0,2.0,3.0,5.0,3.0,7.0,0.0,0.0,0.0,1.0,8.0,23.0,-12.0,92.4,100.0,60.0,240.0,2.0,2.0,1.5,14.3,14.1,14.1,30.6,0.0,0.0,40.5,32.0
2486865,3,981428,HOMS U.E.MATARÓ,AWAY,1927150,N. Ferrer Iglesia,N. Ferrer Iglesia,0,4.8,286.0,0.0,0.0,0.0,0.0,0.0,0.0,0.0,0.0,0.0,0.0,0.0,0.0,0.0,1.0,0.0,0.0,0.0,0.0,0.0,-1.0,1.0,0.0,0.0,0.0,0.0,0.0,0.0,0.0,0.0,0.0,0.0,0.0,0.0,0.0,100.0,9.4
2486865,3,981428,HOMS U.E.MATARÓ,AWAY,2319991,S. Niang Beye,S. Niang Beye,1,23.4,1406.0,14.0,1.0,5.0,4.0,8.0,5.0,13.0,0.0,0.0,0.0,5.0,5.0,1.0,2.0,1.0,0.0,1.0,3.0,0.0,8.0,6.0,53.8,53.8,61.5,0.0,0.4,1.5,0.0,0.0,24.4,14.7,11.4,2.1,0.0,13.3,29.0
2486865,3,981428,HOMS U.E.MATARÓ,AWAY,1942837,G. Martinez Rivera,G. Martinez Rivera,0,25.1,1509.0,14.0,6.0,10.0,0.0,1.0,6.0,11.0,2.0,3.0,0.0,4.0,4.0,3.0,3.0,1.0,1.0,0.0,1.0,5.0,18.0,-3.0,56.8,54.5,9.1,27.3,1.2,0.0,0.6,0.0,18.2,11.0,38.5,2.0,3.8,19.6,27.6
2486865,3,981428,HOMS U.E.MATARÓ,AWAY,2813635,E. Kalu,E. Kalu,1,24.6,1476.0,4.0,2.0,2.0,0.0,0.0,2.0,2.0,0.0,0.0,1.0,4.0,5.0,0.0,3.0,0.0,2.0,0.0,4.0,1.0,5.0,-29.0,100.0,100.0,0.0,0.0,2.0,0.0,0.0,7.1,18.6,14.0,0.0,0.0,7.7,60.0,9.2
2486865,3,981428,HOMS U.E.MATARÓ,AWAY,1920919,E. Coll Comabella,E. Coll Comabella,0,15.4,924.0,4.0,2.0,2.0,0.0,2.0,2.0,4.0,0.0,2.0,0.0,1.0,1.0,1.0,1.0,0.0,0.0,0.0,3.0,2.0,0.0,-18.0,41.0,50.0,50.0,50.0,2.0,0.0,1.0,0.0,7.4,4.5,13.9,0.0,0.0,17.0,17.3
2486865,3,981428,HOMS U.E.MATARÓ,AWAY,2834418,D. Acosta Almonte,D. Acosta Almonte,0,7.4,443.0,0.0,0.0,0.0,0.0,0.0,0.0,0.0,0.0,0.0,0.0,0.0,0.0,1.0,1.0,0.0,0.0,0.0,2.0,2.0,0.0,2.0,0.0,0.0,0.0,0.0,0.0,0.0,0.0,0.0,0.0,0.0,21.7,0.0,0.0,100.0,6.1
2486866,3,981490,CLUB ESPORTIU BÀSQUET LLÍRIA,HOME,2274877,K. Clement Aigbogun,K. Clement Aigbogun,0,17.6,1056.0,14.0,2.0,3.0,3.0,5.0,5.0,8.0,1.0,1.0,1.0,1.0,2.0,2.0,2.0,0.0,0.0,0.0,1.0,2.0,14.0,19.0,82.9,81.2,62.5,12.5,1.3,1.8,0.5,7.6,6.3,6.9,20.4,0.0,0.0,19.2,26.2
2486866,3,981490,CLUB ESPORTIU BÀSQUET LLÍRIA,HOME,2665346,D. Kandulu,D. Kandulu,1,19.2,1151.0,16.0,8.0,12.0,0.0,0.0,8.0,12.0,0.0,0.0,2.0,7.0,9.0,1.0,3.0,1.0,2.0,0.0,1.0,3.0,24.0,28.0,66.7,66.7,0.0,0.0,1.3,0.0,0.0,13.9,40.5,28.4,9.5,2.9,10.7,20.0,34.5
2486866,3,981490,CLUB ESPORTIU BÀSQUET LLÍRIA,HOME,1702333,E. Herrera Sauret,E. Herrera Sauret,0,8.1,483.0,1.0,0.0,0.0,0.0,4.0,0.0,4.0,1.0,2.0,0.0,2.0,2.0,0.0,0.0,1.0,0.0,0.0,2.0,1.0,-2.0,-5.0,10.2,0.0,100.0,50.0,0.0,0.0,2.0,0.0,27.4,15.0,0.0,6.9,0.0,0.0,26.6
2486866,3,981490,CLUB ESPORTIU BÀSQUET LLÍRIA,HOME,1995160,D. Rivas Palmer,D. Rivas Palmer,1,14.7,881.0,7.0,2.0,2.0,1.0,7.0,3.0,9.0,0.0,0.0,1.0,1.0,2.0,4.0,0.0,1.0,0.0,0.0,3.0,0.0,5.0,26.0,38.9,38.9,77.8,0.0,2.0,0.4,0.0,9.1,7.6,8.2,33.9,3.8,0.0,0.0,27.1
2486866,3,981490,CLUB ESPORTIU BÀSQUET LLÍRIA,HOME,1882178,J. Palamos Molins,J. Palamos Molins,0,24.3,1456.0,3.0,0.0,1.0,1.0,1.0,1.0,2.0,0.0,0.0,0.0,2.0,2.0,4.0,0.0,0.0,0.0,0.0,3.0,3.0,8.0,32.0,75.0,75.0,50.0,0.0,0.0,3.0,0.0,0.0,9.1,5.0,18.9,0.0,0.0,0.0,3.6
2486866,3,981490,CLUB ESPORTIU BÀSQUET LLÍRIA,HOME,2281145,A. Rivas Palmer,A. Rivas Palmer,1,21.6,1299.0,19.0,1.0,1.0,5.0,8.0,6.0,9.0,2.0,2.0,0.0,3.0,3.0,1.0,1.0,0.0,0.0,0.0,1.0,1.0,19.0,9.0,96.2,94.4,88.9,22.2,2.0,1.9,2.0,0.0,15.4,8.4,8.0,0.0,0.0,9.2,22.3
2486866,3,981490,CLUB ESPORTIU BÀSQUET LLÍRIA,HOME,1560358,A. Meana Perez,A. Meana Perez,1,15.7,944.0,4.0,0.0,2.0,1.0,2.0,1.0,4.0,1.0,2.0,1.0,0.0,1.0,3.0,1.0,1.0,0.0,0.0,5.0,2.0,1.0,5.0,41.0,37.5,50.0,50.0,0.0,1.5,1.0,8.5,0.0,3.9,21.7,3.5,0.0,17.0,16.5
2486866,3,981490,CLUB ESPORTIU BÀSQUET LLÍRIA,HOME,1257494,V. Perez Tomas,V. Perez Tomas,0,17.3,1039.0,9.0,0.0,1.0,3.0,6.0,3.0,7.0,0.0,0.0,0.0,2.0,2.0,3.0,2.0,1.0,0.0,0.0,3.0,6.0,12.0,21.0,64.3,64.3,85.7,0.0,0.0,1.5,0.0,0.0,12.8,7.0,25.4,3.2,0.0,22.2,23.0
2486866,3,981490,CLUB ESPORTIU BÀSQUET LLÍRIA,HOME,1761293,P. Bono Soler,P. Bono Soler,0,15.6,933.0,2.0,1.0,2.0,0.0,0.0,1.0,2.0,0.0,0.0,2.0,5.0,7.0,3.0,0.0,0.0,0.0,0.0,1.0,1.0,11.0,29.0,50.0,50.0,0.0,0.0,1.0,0.0,0.0,17.1,35.6,27.2,21.7,0.0,0.0,0.0,5.7
2486866,3,981490,CLUB ESPORTIU BÀSQUET LLÍRIA,HOME,2184821,M. Enabulele Ogunsuyi,M. Enabulele Ogunsuyi,0,20.8,1249.0,10.0,5.0,7.0,0.0,0.0,5.0,7.0,0.0,0.0,2.0,5.0,7.0,0.0,2.0,0.0,1.0,0.0,2.0,0.0,12.0,9.0,71.4,71.4,0.0,0.0,1.4,0.0,0.0,12.8,26.7,20.4,0.0,0.0,4.9,22.2,19.1
2486866,3,981490,CLUB ESPORTIU BÀSQUET LLÍRIA,HOME,2164761,P. Navarro Maldonado,P. Navarro Maldonado,0,3.9,231.0,0.0,0.0,1.0,0.0,2.0,0.0,3.0,0.0,0.0,0.0,0.0,0.0,0.0,0.0,0.0,0.0,0.0,1.0,0.0,-4.0,-4.0,0.0,0.0,66.7,0.0,0.0,0.0,0.0,0.0,0.0,0.0,0.0,0.0,0.0,0.0,34.0
2486866,3,981490,CLUB ESPORTIU BÀSQUET LLÍRIA,HOME,2222436,S. Gallego Mogro,S. Gallego Mogro,1,21.3,1278.0,11.0,2.0,4.0,2.0,5.0,4.0,9.0,1.0,1.0,3.0,1.0,4.0,2.0,0.0,0.0,0.0,0.0,0.0,1.0,13.0,16.0,58.3,55.6,55.6,11.1,1.0,1.2,1.0,18.8,5.2,11.4,13.8,0.0,0.0,0.0,19.6
2486866,3,981305,SOL GIRONÈS BISBAL BÀSQUET,AWAY,1446313,J. Carrasco Martin,J. Carrasco Martin,0,19.3,1159.0,7.0,2.0,5.0,0.0,1.0,2.0,6.0,3.0,4.0,2.0,0.0,2.0,3.0,4.0,1.0,0.0,1.0,3.0,6.0,7.0,-26.0,45.1,33.3,16.7,66.7,0.8,0.0,0.7,11.5,0.0,6.3,35.3,2.6,0.0,34.0,30.9
2486866,3,981305,SOL GIRONÈS BISBAL BÀSQUET,AWAY,1964254,P. Sala Vallmajo,P. Sala Vallmajo,0,21.4,1286.0,2.0,1.0,1.0,0.0,3.0,1.0,4.0,0.0,0.0,0.0,0.0,0.0,3.0,0.0,0.0,0.0,0.0,2.0,0.0,0.0,-8.0,25.0,25.0,75.0,0.0,2.0,0.0,0.0,0.0,0.0,0.0,31.6,0.0,0.0,0.0,9.5
2486866,3,981305,SOL GIRONÈS BISBAL BÀSQUET,AWAY,2814887,P. Renane,P. Renane,0,24.4,1464.0,11.0,1.0,4.0,3.0,5.0,4.0,9.0,0.0,0.0,2.0,3.0,5.0,0.0,1.0,0.0,0.0,1.0,3.0,2.0,9.0,-20.0,61.1,61.1,55.6,0.0,0.5,1.8,0.0,9.1,16.4,12.4,0.0,0.0,0.0,10.0,20.8
2486866,3,981305,SOL GIRONÈS BISBAL BÀSQUET,AWAY,1227597,I. Valera Corominas,I. Valera Corominas,1,12.1,724.0,2.0,1.0,2.0,0.0,1.0,1.0,3.0,0.0,0.0,0.0,3.0,3.0,0.0,0.0,0.0,0.0,0.0,3.0,0.0,0.0,-16.0,33.3,33.3,33.3,0.0,1.0,0.0,0.0,0.0,33.1,15.0,0.0,0.0,0.0,0.0,12.6
2486866,3,981305,SOL GIRONÈS BISBAL BÀSQUET,AWAY,1829525,M. Mikhailov Paltarak,M. Mikhailov Paltarak,1,24.3,1459.0,8.0,3.0,11.0,0.0,0.0,3.0,11.0,2.0,4.0,1.0,4.0,5.0,0.0,0.0,0.0,0.0,1.0,2.0,4.0,5.0,-44.0,31.3,27.3,0.0,36.4,0.5,0.0,1.0,4.6,21.9,12.5,0.0,0.0,0.0,0.0,26.7
2486866,3,981305,SOL GIRONÈS BISBAL BÀSQUET,AWAY,2117260,G. Sabater Martinez,G. Sabater Martinez,0,1.8,106.0,2.0,0.0,0.0,0.0,0.0,0.0,0.0,2.0,3.0,0.0,0.0,0.0,0.0,0.0,0.0,0.0,0.0,0.0,1.0,2.0,2.0,75.8,0.0,0.0,0.0,0.0,0.0,3.0,0.0,0.0,0.0,0.0,0.0,0.0,0.0,37.2
2486866,3,981305,SOL GIRONÈS BISBAL BÀSQUET,AWAY,2815520,N. Okeke,N. Okeke,1,22.1,1325.0,8.0,4.0,5.0,0.0,3.0,4.0,8.0,0.0,2.0,0.0,1.0,1.0,1.0,1.0,1.0,0.0,0.0,3.0,0.0,1.0,-40.0,45.0,50.0,37.5,25.0,1.6,0.0,0.0,0.0,6.0,2.7,11.6,2.3,0.0,10.1,22.7
2486866,3,981305,SOL GIRONÈS BISBAL BÀSQUET,AWAY,1400270,B. Alvarez Torres,B. Alvarez Torres,1,20.7,1241.0,9.0,3.0,4.0,0.0,1.0,3.0,5.0,3.0,4.0,0.0,3.0,3.0,3.0,1.0,0.0,0.0,0.0,2.0,5.0,14.0,-11.0,66.6,60.0,20.0,80.0,1.5,0.0,0.8,0.0,19.3,8.8,40.0,0.0,0.0,12.9,19.0
2486866,3,981305,SOL GIRONÈS BISBAL BÀSQUET,AWAY,2814874,J. Golson,J. Golson,1,19.4,1167.0,8.0,1.0,1.0,1.0,4.0,2.0,5.0,3.0,3.0,0.0,0.0,0.0,0.0,1.0,0.0,0.0,0.0,0.0,2.0,6.0,-15.0,63.3,50.0,80.0,60.0,2.0,0.8,1.5,0.0,0.0,0.0,0.0,0.0,0.0,13.7,19.2
2486866,3,981305,SOL GIRONÈS BISBAL BÀSQUET,AWAY,2815046,N. Cledjo Houngues,N. Cledjo Houngues,0,1.8,106.0,0.0,0.0,0.0,0.0,0.0,0.0,0.0,0.0,0.0,0.0,0.0,0.0,0.0,1.0,0.0,0.0,0.0,0.0,0.0,-1.0,2.0,0.0,0.0,0.0,0.0,0.0,0.0,0.0,0.0,0.0,0.0,0.0,0.0,0.0,100.0,28.2
2486866,3,981305,SOL GIRONÈS BISBAL BÀSQUET,AWAY,2815176,S. Kane,S. Kane,0,19.2,1153.0,2.0,1.0,5.0,0.0,0.0,1.0,5.0,0.0,0.0,2.0,4.0,6.0,0.0,3.0,0.0,0.0,0.0,1.0,1.0,1.0,6.0,20.0,20.0,0.0,0.0,0.4,0.0,0.0,11.6,27.8,18.9,0.0,0.0,0.0,37.5,21.2
2486866,3,981305,SOL GIRONÈS BISBAL BÀSQUET,AWAY,1198592,X. Torrent Bayé,X. Torrent Bayé,0,13.5,810.0,0.0,0.0,1.0,0.0,1.0,0.0,2.0,0.0,0.0,0.0,0.0,0.0,0.0,0.0,0.0,0.0,0.0,1.0,2.0,-1.0,-15.0,0.0,0.0,50.0,0.0,0.0,0.0,0.0,0.0,0.0,0.0,0.0,0.0,0.0,0.0,7.5
2486867,3,981358,CIUDAD MOLINA BASKET,HOME,2816300,A. Duval,A. Duval,1,15.6,936.0,8.0,1.0,3.0,2.0,6.0,3.0,9.0,0.0,0.0,0.0,2.0,2.0,0.0,1.0,0.0,0.0,0.0,2.0,0.0,1.0,-9.0,44.4,44.4,66.7,0.0,0.7,1.0,0.0,0.0,18.3,9.9,0.0,0.0,0.0,10.0,29.4
2486867,3,981358,CIUDAD MOLINA BASKET,HOME,1767254,G. Cadme Arias,G. Cadme Arias,0,18.2,1090.0,10.0,2.0,3.0,2.0,4.0,4.0,7.0,0.0,0.0,0.0,2.0,2.0,2.0,1.0,2.0,0.0,0.0,1.0,0.0,11.0,-5.0,71.4,71.4,57.1,0.0,1.3,1.5,0.0,0.0,15.7,8.5,20.0,5.4,0.0,12.5,20.1
2486867,3,981358,CIUDAD MOLINA BASKET,HOME,1532799,R. Timoner Gimenez,R. Timoner Gimenez,0,29.3,1759.0,6.0,0.0,1.0,1.0,3.0,1.0,4.0,3.0,4.0,1.0,5.0,6.0,7.0,1.0,2.0,0.0,0.0,1.0,4.0,19.0,2.0,52.1,37.5,75.0,100.0,0.0,1.0,1.0,5.7,24.4,15.8,37.6,3.4,0.0,14.8,10.6
2486867,3,981358,CIUDAD MOLINA BASKET,HOME,2146670,P. Campeny Lloveras,P. Campeny Lloveras,1,13.9,835.0,0.0,0.0,2.0,0.0,0.0,0.0,2.0,0.0,0.0,0.0,2.0,2.0,1.0,2.0,1.0,0.0,0.0,3.0,1.0,-2.0,-20.0,0.0,0.0,0.0,0.0,0.0,0.0,0.0,0.0,20.6,11.1,11.9,3.6,0.0,50.0,13.2
2486867,3,981358,CIUDAD MOLINA BASKET,HOME,1514342,R. Martínez-Quintanilla Jiménez,R. Martínez-Quintanilla Jiménez,0,14.6,875.0,6.0,0.0,0.0,2.0,3.0,2.0,3.0,0.0,0.0,0.0,1.0,1.0,0.0,3.0,1.0,0.0,0.0,3.0,1.0,2.0,13.0,100.0,100.0,100.0,0.0,0.0,2.0,0.0,0.0,9.8,5.3,0.0,3.4,0.0,50.0,18.8
2486867,3,981358,CIUDAD MOLINA BASKET,HOME,2816662,G. Miladinovic,G. Miladinovic,1,7.3,437.0,0.0,0.0,0.0,0.0,0.0,0.0,0.0,0.0,0.0,0.0,1.0,1.0,0.0,2.0,0.0,0.0,0.0,2.0,0.0,-3.0,-13.0,0.0,0.0,0.0,0.0,0.0,0.0,0.0,0.0,19.6,10.5,0.0,0.0,0.0,100.0,12.6
2486867,3,981358,CIUDAD MOLINA BASKET,HOME,2557720,M. Garcia Rosello,M. Garcia Rosello,0,19.5,1170.0,8.0,2.0,2.0,1.0,2.0,3.0,4.0,1.0,2.0,0.0,4.0,4.0,0.0,2.0,0.0,0.0,0.0,3.0,1.0,6.0,2.0,82.0,87.5,50.0,50.0,2.0,1.5,2.0,0.0,29.3,15.8,0.0,0.0,0.0,29.1,16.2
2486867,3,981358,CIUDAD MOLINA BASKET,HOME,2042118,F. Hernandez Martinez,F. Hernandez Martinez,0,27.5,1651.0,25.0,5.0,6.0,2.0,8.0,7.0,14.0,9.0,12.0,0.0,3.0,3.0,3.0,2.0,0.0,1.0,0.0,1.0,7.0,26.0,3.0,64.8,57.1,57.1,85.7,1.7,0.8,1.7,0.0,15.6,8.4,23.8,0.0,3.9,9.4,35.4
2486867,3,981358,CIUDAD MOLINA BASKET,HOME,2816661,M. Mukendi Mukendi,M. Mukendi Mukendi,0,25.9,1556.0,15.0,4.0,6.0,0.0,1.0,4.0,7.0,7.0,8.0,2.0,2.0,4.0,0.0,2.0,0.0,1.0,0.0,2.0,5.0,17.0,4.0,71.3,57.1,14.3,114.3,1.3,0.0,1.6,12.9,11.0,11.9,0.0,0.0,4.2,16.0,22.1
2486867,3,981358,CIUDAD MOLINA BASKET,HOME,1439463,C. Toledo Zamora,C. Toledo Zamora,1,16.1,968.0,2.0,1.0,2.0,0.0,0.0,1.0,2.0,0.0,2.0,3.0,1.0,4.0,0.0,1.0,0.0,0.0,0.0,5.0,3.0,0.0,-22.0,34.7,50.0,0.0,100.0,1.0,0.0,0.7,31.1,8.9,19.1,0.0,0.0,0.0,25.8,11.0
2486867,3,981358,CIUDAD MOLINA BASKET,HOME,2032122,J. Tavelli,J. Tavelli,1,12.1,723.0,6.0,3.0,3.0,0.0,2.0,3.0,5.0,0.0,0.0,0.0,1.0,1.0,2.0,1.0,0.0,0.0,0.0,0.0,1.0,7.0,-15.0,60.0,60.0,40.0,0.0,2.0,0.0,0.0,0.0,11.8,6.4,37.0,0.0,0.0,16.7,22.7
2486867,3,981207,OCA GLOBAL C.B. SALOU,AWAY,2715040,B. Traore,B. Traore,1,25.2,1512.0,24.0,4.0,5.0,2.0,4.0,6.0,9.0,10.0,16.0,0.0,3.0,3.0,1.0,1.0,2.0,0.0,0.0,3.0,7.0,24.0,16.0,74.8,77.8,44.4,177.8,1.6,1.5,2.3,0.0,19.8,9.2,6.7,3.9,0.0,5.9,31.9
2486867,3,981207,OCA GLOBAL C.B. SALOU,AWAY,1271466,D. Cuellar Garcia,D. Cuellar Garcia,1,35.9,2151.0,15.0,3.0,3.0,2.0,4.0,5.0,7.0,3.0,7.0,2.0,4.0,6.0,2.0,1.0,4.0,0.0,0.0,0.0,8.0,28.0,24.0,74.4,85.7,57.1,100.0,2.0,1.5,0.9,8.0,18.6,12.9,7.5,5.5,0.0,9.0,14.5
2486867,3,981207,OCA GLOBAL C.B. SALOU,AWAY,2242531,E. Moure Colombo,E. Moure Colombo,1,4.0,239.0,2.0,1.0,3.0,0.0,0.0,1.0,3.0,0.0,0.0,0.0,1.0,1.0,1.0,0.0,0.0,0.0,0.0,1.0,0.0,1.0,5.0,33.3,33.3,0.0,0.0,0.7,0.0,0.0,0.0,41.7,19.2,40.0,0.0,0.0,0.0,35.3
2486867,3,981207,OCA GLOBAL C.B. SALOU,AWAY,1967605,E. Sims Serra,E. Sims Serra,0,5.0,297.0,0.0,0.0,0.0,0.0,1.0,0.0,1.0,0.0,0.0,0.0,0.0,0.0,0.0,0.0,0.0,0.0,0.0,0.0,0.0,-1.0,-13.0,0.0,0.0,100.0,0.0,0.0,0.0,0.0,0.0,0.0,0.0,0.0,0.0,0.0,0.0,9.4
2486867,3,981207,OCA GLOBAL C.B. SALOU,AWAY,2827753,O. Okenchi,O. Okenchi,0,10.7,642.0,2.0,1.0,1.0,0.0,0.0,1.0,1.0,0.0,0.0,0.0,1.0,1.0,0.0,0.0,0.0,0.0,0.0,4.0,0.0,-1.0,5.0,100.0,100.0,0.0,0.0,2.0,0.0,0.0,0.0,15.6,7.2,0.0,0.0,0.0,0.0,4.4
2486867,3,981207,OCA GLOBAL C.B. SALOU,AWAY,2825543,D. Jackson,D. Jackson,1,35.1,2107.0,19.0,8.0,12.0,1.0,2.0,9.0,14.0,0.0,0.0,1.0,1.0,2.0,5.0,1.0,0.0,0.0,1.0,3.0,0.0,17.0,12.0,67.9,67.9,14.3,0.0,1.3,1.5,0.0,4.1,4.7,4.4,22.2,0.0,0.0,6.7,20.1
2486867,3,981207,OCA GLOBAL C.B. SALOU,AWAY,2790712,J. Cajelli Triver,J. Cajelli Triver,0,2.1,128.0,0.0,0.0,0.0,0.0,0.0,0.0,0.0,0.0,0.0,0.0,0.0,0.0,0.0,0.0,0.0,0.0,0.0,0.0,0.0,0.0,-3.0,0.0,0.0,0.0,0.0,0.0,0.0,0.0,0.0,0.0,0.0,0.0,0.0,0.0,0.0,0.0
2486867,3,981207,OCA GLOBAL C.B. SALOU,AWAY,1610350,E. Martinez Pretel,E. Martinez Pretel,0,27.0,1619.0,15.0,2.0,7.0,3.0,6.0,5.0,13.0,2.0,2.0,1.0,2.0,3.0,3.0,2.0,1.0,0.0,1.0,3.0,3.0,12.0,25.0,54.0,50.0,46.2,15.4,0.6,1.5,0.7,5.3,12.3,8.5,15.4,1.8,0.0,12.6,27.7
2486867,3,981207,OCA GLOBAL C.B. SALOU,AWAY,2274746,P. Salo Blaya,P. Salo Blaya,0,6.8,407.0,2.0,1.0,1.0,0.0,0.0,1.0,1.0,0.0,0.0,0.0,1.0,1.0,0.0,0.0,0.0,0.0,0.0,0.0,0.0,3.0,-6.0,100.0,100.0,0.0,0.0,2.0,0.0,0.0,0.0,24.5,11.3,0.0,0.0,0.0,0.0,6.9
2486867,3,981207,OCA GLOBAL C.B. SALOU,AWAY,2534398,J. Sánchez,J. Sánchez,0,21.8,1310.0,8.0,1.0,3.0,2.0,4.0,3.0,7.0,0.0,0.0,0.0,0.0,0.0,1.0,1.0,2.0,0.0,0.0,4.0,1.0,3.0,-7.0,57.1,57.1,57.1,0.0,0.7,1.5,0.0,0.0,0.0,0.0,6.9,4.5,0.0,12.5,17.3
2486867,3,981207,OCA GLOBAL C.B. SALOU,AWAY,1438515,A. Morales Ros,A. Morales Ros,1,26.5,1588.0,11.0,1.0,2.0,3.0,6.0,4.0,8.0,0.0,2.0,0.0,5.0,5.0,0.0,3.0,3.0,0.0,0.0,5.0,4.0,9.0,2.0,61.9,68.8,75.0,25.0,1.0,1.5,0.5,0.0,31.4,14.5,0.0,5.6,0.0,25.3,21.1
2486868,3,981347,PROINBENI UPB GANDIA,HOME,1824880,G. Perez Ramirez,G. Perez Ramirez,1,24.5,1470.0,6.0,0.0,2.0,2.0,4.0,2.0,6.0,0.0,0.0,1.0,2.0,3.0,1.0,2.0,2.0,0.0,0.0,1.0,0.0,5.0,2.0,50.0,50.0,66.7,0.0,0.0,1.5,0.0,4.4,8.5,6.5,7.7,4.1,0.0,25.0,14.1
2486868,3,981347,PROINBENI UPB GANDIA,HOME,1837816,C. Hurtado Cervantes,C. Hurtado Cervantes,0,17.4,1047.0,11.0,2.0,6.0,1.0,4.0,3.0,10.0,4.0,4.0,0.0,1.0,1.0,1.0,2.0,3.0,0.0,0.0,2.0,3.0,8.0,-1.0,46.8,35.0,40.0,40.0,0.7,0.8,1.3,0.0,6.0,3.0,11.1,8.7,0.0,14.5,34.2
2486868,3,981347,PROINBENI UPB GANDIA,HOME,2736564,K. Greeley,K. Greeley,1,30.3,1820.0,29.0,7.0,12.0,2.0,6.0,9.0,18.0,9.0,9.0,3.0,2.0,5.0,4.0,3.0,3.0,0.0,1.0,2.0,7.0,34.0,7.0,66.0,55.6,33.3,50.0,1.2,1.0,1.3,10.6,6.9,8.7,33.3,5.0,0.0,12.0,35.6
2486868,3,981347,PROINBENI UPB GANDIA,HOME,2378347,J. Molina Martinez,J. Molina Martinez,0,26.4,1583.0,0.0,0.0,0.0,0.0,3.0,0.0,3.0,0.0,0.0,0.0,4.0,4.0,1.0,2.0,3.0,0.0,0.0,4.0,1.0,0.0,-5.0,0.0,0.0,100.0,0.0,0.0,0.0,0.0,0.0,15.9,8.0,5.6,5.7,0.0,40.0,8.2
2486868,3,981347,PROINBENI UPB GANDIA,HOME,1673764,L. Ferrando Ortells,L. Ferrando Ortells,1,27.5,1651.0,16.0,5.0,11.0,1.0,4.0,6.0,15.0,3.0,4.0,0.0,2.0,2.0,3.0,0.0,4.0,0.0,0.0,1.0,5.0,19.0,6.0,47.7,43.3,26.7,26.7,0.9,0.8,0.8,0.0,7.6,3.9,25.0,7.3,0.0,0.0,26.3
2486868,3,981347,PROINBENI UPB GANDIA,HOME,2711878,D. Ilincic,D. Ilincic,0,13.0,782.0,11.0,3.0,4.0,0.0,0.0,3.0,4.0,5.0,8.0,1.0,2.0,3.0,1.0,0.0,0.0,1.0,1.0,1.0,4.0,15.0,-3.0,73.1,75.0,0.0,200.0,1.5,0.0,2.0,8.2,16.1,12.2,16.7,0.0,7.1,0.0,25.0
2486868,3,981347,PROINBENI UPB GANDIA,HOME,1996333,M. Montilla Diaz,M. Montilla Diaz,0,16.2,972.0,5.0,1.0,1.0,1.0,2.0,2.0,3.0,0.0,0.0,1.0,3.0,4.0,0.0,0.0,0.0,1.0,0.0,1.0,1.0,9.0,0.0,83.3,83.3,66.7,0.0,2.0,1.5,0.0,6.6,19.4,13.1,0.0,0.0,5.7,0.0,8.0
2486868,3,981347,PROINBENI UPB GANDIA,HOME,1827011,J. Soler Cirujeda,J. Soler Cirujeda,0,14.5,870.0,0.0,0.0,3.0,0.0,1.0,0.0,4.0,0.0,2.0,0.0,2.0,2.0,3.0,2.0,2.0,0.0,0.0,2.0,1.0,-2.0,-3.0,0.0,0.0,25.0,50.0,0.0,0.0,2.0,0.0,14.4,7.3,33.3,7.0,0.0,29.1,20.5
2486868,3,981347,PROINBENI UPB GANDIA,HOME,1857448,J. Santana Luchoro,J. Santana Luchoro,1,26.1,1568.0,11.0,3.0,6.0,1.0,2.0,4.0,8.0,2.0,2.0,3.0,5.0,8.0,3.0,1.0,0.0,0.0,0.0,0.0,1.0,18.0,8.0,61.9,56.2,25.0,25.0,1.0,1.5,2.0,12.3,20.0,16.2,21.4,0.0,0.0,10.1,16.3
2486868,3,981347,PROINBENI UPB GANDIA,HOME,1851026,A. Bellver Valiente,A. Bellver Valiente,0,5.2,314.0,0.0,0.0,1.0,0.0,0.0,0.0,1.0,0.0,0.0,0.0,0.0,0.0,0.0,0.0,0.0,0.0,1.0,2.0,0.0,-3.0,-4.0,0.0,0.0,0.0,0.0,0.0,0.0,0.0,0.0,0.0,0.0,0.0,0.0,0.0,0.0,8.3
2486868,3,981347,PROINBENI UPB GANDIA,HOME,2335802,J. Bitjaa Kody,J. Bitjaa Kody,1,23.7,1423.0,3.0,1.0,2.0,0.0,3.0,1.0,5.0,1.0,1.0,1.0,4.0,5.0,1.0,2.0,1.0,1.0,1.0,2.0,1.0,4.0,3.0,27.6,20.0,60.0,20.0,1.0,0.0,1.0,4.5,17.7,11.2,7.1,2.1,3.9,26.9,13.6
2486868,3,981294,C.B. ZARAGOZA,AWAY,2451495,D. Knowles,D. Knowles,1,15.0,901.0,6.0,3.0,8.0,0.0,0.0,3.0,8.0,0.0,2.0,2.0,3.0,5.0,0.0,0.0,0.0,0.0,0.0,1.0,2.0,5.0,-5.0,33.8,37.5,0.0,25.0,0.8,0.0,1.0,14.0,21.4,17.6,0.0,0.0,0.0,0.0,25.3
2486868,3,981294,C.B. ZARAGOZA,AWAY,1802050,D. Muñoz Samatan,D. Muñoz Samatan,1,23.1,1389.0,2.0,1.0,5.0,0.0,1.0,1.0,6.0,0.0,0.0,5.0,3.0,8.0,0.0,0.0,0.0,0.0,1.0,2.0,0.0,3.0,-8.0,16.7,16.7,16.7,0.0,0.4,0.0,0.0,22.7,13.9,18.3,0.0,0.0,0.0,0.0,11.1
2486868,3,981294,C.B. ZARAGOZA,AWAY,2815361,I. Okeke,I. Okeke,0,15.2,910.0,8.0,3.0,4.0,0.0,0.0,3.0,4.0,2.0,2.0,2.0,2.0,4.0,0.0,2.0,1.0,0.0,0.0,2.0,2.0,10.0,2.0,82.0,75.0,0.0,50.0,1.5,0.0,1.0,13.8,14.1,13.9,0.0,3.1,0.0,29.1,19.4
2486868,3,981294,C.B. ZARAGOZA,AWAY,1798932,D. Arjol Lopez,D. Arjol Lopez,0,28.1,1687.0,16.0,4.0,10.0,1.0,4.0,5.0,14.0,5.0,6.0,1.0,2.0,3.0,3.0,5.0,2.0,0.0,2.0,2.0,6.0,13.0,4.0,48.1,39.3,28.6,42.9,0.8,0.8,1.0,3.7,7.6,5.7,20.3,3.4,0.0,23.1,33.0
2486868,3,981294,C.B. ZARAGOZA,AWAY,1250976,O. Alvarado Rodriguez,O. Alvarado Rodriguez,1,34.5,2071.0,15.0,0.0,2.0,5.0,9.0,5.0,11.0,0.0,0.0,1.0,3.0,4.0,12.0,4.0,1.0,0.0,0.0,2.0,1.0,21.0,-6.0,68.2,68.2,81.8,0.0,0.0,1.7,0.0,3.0,9.3,6.1,56.1,1.4,0.0,26.7,18.6
2486868,3,981294,C.B. ZARAGOZA,AWAY,361567,E. Gatell Sanz,E. Gatell Sanz,0,28.6,1716.0,8.0,4.0,7.0,0.0,0.0,4.0,7.0,0.0,0.0,1.0,8.0,9.0,1.0,3.0,1.0,2.0,0.0,3.0,2.0,14.0,7.0,57.1,57.1,0.0,0.0,1.1,0.0,0.0,3.7,30.0,16.7,6.3,1.7,6.6,30.0,15.0
2486868,3,981294,C.B. ZARAGOZA,AWAY,1861515,P. Aso Jimenez,P. Aso Jimenez,1,12.4,744.0,0.0,0.0,1.0,0.0,0.0,0.0,1.0,0.0,0.0,0.0,2.0,2.0,1.0,1.0,0.0,0.0,0.0,4.0,0.0,-3.0,1.0,0.0,0.0,0.0,0.0,0.0,0.0,0.0,0.0,17.3,8.5,10.1,0.0,0.0,50.0,6.9
2486868,3,981294,C.B. ZARAGOZA,AWAY,1446949,J. Jiménez Jiménez,J. Jiménez Jiménez,0,25.1,1509.0,11.0,3.0,4.0,1.0,5.0,4.0,9.0,2.0,2.0,3.0,1.0,4.0,2.0,3.0,2.0,1.0,0.0,2.0,2.0,12.0,-1.0,55.7,50.0,55.6,22.2,1.5,0.6,1.0,12.5,4.3,8.4,12.7,3.8,3.7,23.3,22.0
2486868,3,981294,C.B. ZARAGOZA,AWAY,2815312,J. Zhao Olmos,J. Zhao Olmos,1,34.5,2072.0,21.0,2.0,8.0,5.0,9.0,7.0,17.0,2.0,2.0,1.0,6.0,7.0,1.0,2.0,2.0,1.0,0.0,5.0,2.0,17.0,1.0,58.7,55.9,52.9,11.8,0.5,1.7,1.0,3.0,18.6,10.7,5.2,2.8,2.7,10.1,24.7
2486868,3,981294,C.B. ZARAGOZA,AWAY,1556128,G. Colom Barrufet,G. Colom Barrufet,0,8.3,501.0,3.0,0.0,0.0,1.0,1.0,1.0,1.0,0.0,0.0,0.0,2.0,2.0,0.0,1.0,0.0,0.0,0.0,1.0,1.0,4.0,-5.0,150.0,150.0,100.0,0.0,0.0,3.0,0.0,0.0,25.8,12.8,0.0,0.0,0.0,50.0,10.3
2486869,3,981491,C.B. GETAFE,HOME,1223461,J. Tejera Tejo,J. Tejera Tejo,0,12.4,745.0,2.0,1.0,3.0,0.0,0.0,1.0,3.0,0.0,0.0,3.0,1.0,4.0,3.0,0.0,0.0,0.0,0.0,1.0,1.0,7.0,-2.0,33.3,33.3,0.0,0.0,0.7,0.0,0.0,25.5,9.8,18.2,37.5,0.0,0.0,0.0,11.1
2486869,3,981491,C.B. GETAFE,HOME,2816388,M. Abdulsalam,M. Abdulsalam,1,22.1,1329.0,8.0,3.0,4.0,0.0,0.0,3.0,4.0,2.0,2.0,2.0,6.0,8.0,0.0,2.0,0.0,0.0,0.0,4.0,1.0,10.0,2.0,82.0,75.0,0.0,50.0,1.5,0.0,2.0,9.5,32.9,20.4,0.0,0.0,0.0,29.1,14.3
2486869,3,981491,C.B. GETAFE,HOME,1789964,E. Ortiz Torres,E. Ortiz Torres,0,9.2,551.0,0.0,0.0,2.0,0.0,1.0,0.0,3.0,0.0,0.0,0.0,1.0,1.0,0.0,1.0,0.0,0.0,0.0,2.0,1.0,-4.0,-18.0,0.0,0.0,33.3,0.0,0.0,0.0,0.0,0.0,13.2,6.1,0.0,0.0,0.0,25.0,20.0
2486869,3,981491,C.B. GETAFE,HOME,2816390,A. Akinwole,A. Akinwole,0,15.2,910.0,0.0,0.0,0.0,0.0,2.0,0.0,2.0,0.0,0.0,0.0,2.0,2.0,3.0,1.0,1.0,0.0,0.0,0.0,2.0,5.0,-8.0,0.0,0.0,100.0,0.0,0.0,0.0,0.0,0.0,15.9,7.4,25.0,3.5,0.0,33.3,9.1
2486869,3,981491,C.B. GETAFE,HOME,2815898,C. Henderson,C. Henderson,0,9.7,580.0,6.0,3.0,4.0,0.0,1.0,3.0,5.0,0.0,0.0,1.0,1.0,2.0,0.0,0.0,0.0,0.0,0.0,2.0,0.0,4.0,-5.0,60.0,60.0,20.0,0.0,1.5,0.0,0.0,10.9,12.5,11.6,0.0,0.0,0.0,0.0,23.7
2486869,3,981491,C.B. GETAFE,HOME,1587611,I. Ibañez Zamalloa,I. Ibañez Zamalloa,0,16.5,990.0,2.0,1.0,3.0,0.0,1.0,1.0,4.0,0.0,0.0,1.0,0.0,1.0,2.0,1.0,1.0,0.0,1.0,1.0,2.0,3.0,4.0,25.0,25.0,25.0,0.0,0.7,0.0,0.0,6.4,0.0,3.4,18.2,3.3,0.0,20.0,14.0
2486869,3,981491,C.B. GETAFE,HOME,1328788,M. Alvarez Puertas,M. Alvarez Puertas,0,14.8,891.0,2.0,0.0,2.0,0.0,2.0,0.0,4.0,2.0,4.0,0.0,1.0,1.0,0.0,0.0,0.0,0.0,0.0,0.0,2.0,-1.0,-4.0,17.4,0.0,50.0,100.0,0.0,0.0,2.0,0.0,8.2,3.8,0.0,0.0,0.0,0.0,17.9
2486869,3,981491,C.B. GETAFE,HOME,1674978,G. Mulero Maldonado,G. Mulero Maldonado,1,20.7,1240.0,8.0,2.0,6.0,1.0,4.0,3.0,10.0,1.0,2.0,0.0,2.0,2.0,1.0,1.0,2.0,0.0,0.0,2.0,1.0,3.0,-9.0,36.8,35.0,40.0,20.0,0.7,0.8,2.0,0.0,11.7,5.4,8.3,5.2,0.0,8.4,26.4
2486869,3,981491,C.B. GETAFE,HOME,1521251,W. Cabral Bueriberi,W. Cabral Bueriberi,1,20.9,1255.0,7.0,3.0,5.0,0.0,2.0,3.0,7.0,1.0,1.0,1.0,6.0,7.0,1.0,0.0,0.0,0.0,0.0,2.0,3.0,12.0,-1.0,47.0,42.9,28.6,14.3,1.2,0.0,0.3,5.0,34.8,18.9,8.3,0.0,0.0,0.0,16.4
2486869,3,981491,C.B. GETAFE,HOME,1582089,J. Parra Baez,J. Parra Baez,1,27.7,1660.0,16.0,6.0,11.0,1.0,9.0,7.0,20.0,1.0,2.0,2.0,2.0,4.0,3.0,2.0,0.0,0.0,1.0,2.0,2.0,7.0,3.0,38.3,37.5,45.0,10.0,1.1,0.3,1.0,7.6,8.8,8.1,21.4,0.0,0.0,8.7,38.0
2486869,3,981491,C.B. GETAFE,HOME,1876223,A. Montero Isla,A. Montero Isla,1,30.8,1849.0,25.0,2.0,2.0,7.0,8.0,9.0,10.0,0.0,0.0,0.0,2.0,2.0,3.0,2.0,0.0,0.0,0.0,3.0,4.0,28.0,13.0,125.0,125.0,80.0,0.0,2.0,2.6,0.0,0.0,7.9,3.7,20.0,0.0,0.0,16.7,17.9
2486869,3,979996,AMICS CASTELLÓ,AWAY,2149001,R. Fabrega Urpina,R. Fabrega Urpina,1,22.2,1331.0,10.0,4.0,10.0,0.0,2.0,4.0,12.0,2.0,4.0,2.0,2.0,4.0,5.0,0.0,1.0,0.0,0.0,0.0,4.0,14.0,2.0,36.3,33.3,16.7,33.3,0.8,0.0,1.0,10.9,9.5,10.2,31.6,2.3,0.0,0.0,29.8
2486869,3,979996,AMICS CASTELLÓ,AWAY,1871776,A. Balada Segovia,A. Balada Segovia,0,11.2,672.0,0.0,0.0,0.0,0.0,3.0,0.0,3.0,0.0,0.0,1.0,2.0,3.0,2.0,0.0,0.0,1.0,0.0,0.0,0.0,3.0,3.0,0.0,0.0,100.0,0.0,0.0,0.0,0.0,10.8,18.8,15.1,20.2,0.0,8.5,0.0,12.9
2486869,3,979996,AMICS CASTELLÓ,AWAY,273780,J. Faner Catala,J. Faner Catala,0,21.7,1304.0,6.0,0.0,0.0,2.0,4.0,2.0,4.0,0.0,0.0,1.0,3.0,4.0,3.0,2.0,1.0,0.0,0.0,2.0,0.0,8.0,-3.0,75.0,75.0,100.0,0.0,0.0,1.5,0.0,5.6,14.6,10.4,20.7,2.4,0.0,33.3,13.3
2486869,3,979996,AMICS CASTELLÓ,AWAY,2818901,O. Russell,O. Russell,1,19.2,1155.0,11.0,1.0,1.0,3.0,7.0,4.0,8.0,0.0,0.0,1.0,4.0,5.0,1.0,1.0,0.0,0.0,0.0,3.0,3.0,12.0,-2.0,68.8,68.8,87.5,0.0,2.0,1.3,0.0,6.3,21.9,14.7,8.0,0.0,0.0,11.1,22.5
2486869,3,979996,AMICS CASTELLÓ,AWAY,2816147,D. Bah,D. Bah,1,16.5,990.0,8.0,4.0,5.0,0.0,0.0,4.0,5.0,0.0,0.0,1.0,3.0,4.0,0.0,1.0,0.0,0.0,0.0,3.0,0.0,7.0,6.0,80.0,80.0,0.0,0.0,1.6,0.0,0.0,7.3,19.1,13.7,0.0,0.0,0.0,16.7,17.5
2486869,3,979996,AMICS CASTELLÓ,AWAY,2816738,K. Newton,K. Newton,0,19.8,1189.0,13.0,4.0,4.0,1.0,6.0,5.0,10.0,2.0,2.0,0.0,3.0,3.0,4.0,1.0,0.0,0.0,0.0,2.0,4.0,16.0,15.0,59.7,55.0,60.0,20.0,2.0,0.5,0.5,0.0,15.9,8.5,34.8,0.0,0.0,8.4,28.8
2486869,3,979996,AMICS CASTELLÓ,AWAY,2743181,K.  Baoko,K.  Baoko,0,23.4,1404.0,12.0,6.0,7.0,0.0,0.0,6.0,7.0,0.0,1.0,1.0,2.0,3.0,1.0,3.0,1.0,1.0,0.0,3.0,3.0,13.0,-3.0,80.6,85.7,0.0,14.3,1.7,0.0,0.3,5.2,9.0,7.2,7.2,2.2,4.1,28.7,21.4
2486869,3,979996,AMICS CASTELLÓ,AWAY,1840859,V. Rodriguez Gil,V. Rodriguez Gil,0,3.9,235.0,2.0,1.0,1.0,0.0,0.0,1.0,1.0,0.0,0.0,0.0,0.0,0.0,0.0,0.0,0.0,0.0,0.0,0.0,0.0,2.0,2.0,100.0,100.0,0.0,0.0,2.0,0.0,0.0,0.0,0.0,0.0,0.0,0.0,0.0,0.0,12.3
2486869,3,979996,AMICS CASTELLÓ,AWAY,2641325,M. Andreatta,M. Andreatta,0,8.8,526.0,0.0,0.0,0.0,0.0,1.0,0.0,1.0,0.0,0.0,1.0,2.0,3.0,2.0,1.0,0.0,0.0,0.0,2.0,0.0,1.0,-13.0,0.0,0.0,100.0,0.0,0.0,0.0,0.0,13.8,23.9,19.2,30.3,0.0,0.0,50.0,10.9
2486869,3,979996,AMICS CASTELLÓ,AWAY,2325314,F. Stutz,F. Stutz,1,27.2,1632.0,14.0,5.0,8.0,1.0,3.0,6.0,11.0,1.0,1.0,1.0,3.0,4.0,0.0,1.0,1.0,0.0,0.0,3.0,3.0,13.0,16.0,61.2,59.1,27.3,9.1,1.2,1.0,0.3,4.5,11.6,8.3,0.0,1.9,0.0,8.0,22.0
2486869,3,979996,AMICS CASTELLÓ,AWAY,1627889,A. Tamayo Lesmes,A. Tamayo Lesmes,1,26.0,1562.0,5.0,0.0,0.0,1.0,5.0,1.0,5.0,2.0,4.0,0.0,4.0,4.0,0.0,1.0,1.0,0.0,0.0,1.0,2.0,4.0,2.0,37.0,30.0,100.0,80.0,0.0,0.6,2.0,0.0,16.2,8.7,0.0,2.0,0.0,12.9,14.3
2486870,4,979996,AMICS CASTELLÓ,HOME,2149001,R. Fabrega Urpina,R. Fabrega Urpina,1,25.2,1514.0,6.0,3.0,4.0,0.0,2.0,3.0,6.0,0.0,0.0,1.0,5.0,6.0,8.0,4.0,0.0,0.0,0.0,1.0,4.0,16.0,10.0,50.0,50.0,33.3,0.0,1.5,0.0,0.0,4.7,21.5,13.4,74.1,0.0,0.0,40.0,20.8
2486870,4,979996,AMICS CASTELLÓ,HOME,1871776,A. Balada Segovia,A. Balada Segovia,1,10.4,625.0,3.0,0.0,1.0,1.0,3.0,1.0,4.0,0.0,3.0,0.0,1.0,1.0,0.0,0.0,0.0,0.0,0.0,3.0,1.0,-4.0,-8.0,28.2,37.5,75.0,75.0,0.0,1.0,3.0,0.0,10.4,5.4,0.0,0.0,0.0,0.0,26.9
2486870,4,979996,AMICS CASTELLÓ,HOME,273780,J. Faner Catala,J. Faner Catala,0,21.9,1313.0,6.0,1.0,3.0,1.0,6.0,2.0,9.0,1.0,2.0,0.0,6.0,6.0,2.0,1.0,2.0,0.0,0.0,4.0,3.0,6.0,-4.0,30.4,27.8,66.7,22.2,0.7,0.5,0.7,0.0,29.6,15.4,21.1,5.0,0.0,9.2,26.1
2486870,4,979996,AMICS CASTELLÓ,HOME,2818901,O. Russell,O. Russell,0,16.7,1002.0,7.0,1.0,3.0,1.0,4.0,2.0,7.0,2.0,2.0,0.0,1.0,1.0,1.0,0.0,0.0,0.0,0.0,3.0,1.0,2.0,-15.0,44.4,35.7,57.1,28.6,0.7,0.8,2.0,0.0,6.5,3.4,13.9,0.0,0.0,0.0,24.8
2486870,4,979996,AMICS CASTELLÓ,HOME,2816147,D. Bah,D. Bah,0,12.0,722.0,0.0,0.0,2.0,0.0,0.0,0.0,2.0,0.0,0.0,1.0,2.0,3.0,0.0,1.0,0.0,0.0,1.0,1.0,1.0,0.0,-9.0,0.0,0.0,0.0,0.0,0.0,0.0,0.0,9.8,18.0,14.1,0.0,0.0,0.0,33.3,13.1
2486870,4,979996,AMICS CASTELLÓ,HOME,2816738,K. Newton,K. Newton,1,23.3,1398.0,9.0,0.0,0.0,3.0,5.0,3.0,5.0,0.0,0.0,0.0,2.0,2.0,2.0,1.0,0.0,0.0,0.0,2.0,0.0,8.0,6.0,90.0,90.0,100.0,0.0,0.0,1.8,0.0,0.0,9.3,4.8,18.5,0.0,0.0,16.7,13.5
2486870,4,979996,AMICS CASTELLÓ,HOME,2743181,K.  Baoko,K.  Baoko,1,18.5,1111.0,11.0,4.0,6.0,0.0,0.0,4.0,6.0,3.0,3.0,0.0,2.0,2.0,0.0,2.0,0.0,1.0,0.0,4.0,4.0,10.0,2.0,75.1,66.7,0.0,50.0,1.3,0.0,0.8,0.0,11.7,6.1,0.0,0.0,4.8,21.5,26.5
2486870,4,979996,AMICS CASTELLÓ,HOME,2641325,M. Andreatta,M. Andreatta,0,14.4,864.0,12.0,0.0,0.0,4.0,7.0,4.0,7.0,0.0,0.0,0.0,0.0,0.0,1.0,1.0,1.0,0.0,0.0,0.0,0.0,10.0,-13.0,85.7,85.7,100.0,0.0,0.0,1.7,0.0,0.0,0.0,0.0,19.2,3.8,0.0,12.5,29.2
2486870,4,979996,AMICS CASTELLÓ,HOME,2325314,F. Stutz,F. Stutz,1,35.0,2103.0,12.0,2.0,5.0,2.0,5.0,4.0,10.0,2.0,2.0,0.0,4.0,4.0,1.0,1.0,1.0,0.0,0.0,1.0,3.0,13.0,2.0,55.1,50.0,50.0,20.0,0.8,1.2,0.7,0.0,12.4,6.4,6.0,1.6,0.0,8.4,17.8
2486870,4,979996,AMICS CASTELLÓ,HOME,1627889,A. Tamayo Lesmes,A. Tamayo Lesmes,0,22.5,1348.0,1.0,0.0,2.0,0.0,1.0,0.0,3.0,1.0,2.0,1.0,1.0,2.0,0.0,0.0,0.0,0.0,0.0,3.0,2.0,-2.0,-16.0,12.9,0.0,33.3,66.7,0.0,0.0,1.0,5.2,4.8,5.0,0.0,0.0,0.0,0.0,9.1
2486870,4,981514,SPANISH BASKETBALL ACADEMY,AWAY,2436640,J. Puidet,J. Puidet,1,35.6,2138.0,11.0,4.0,6.0,1.0,7.0,5.0,13.0,0.0,0.0,4.0,8.0,12.0,3.0,3.0,1.0,0.0,0.0,1.0,4.0,19.0,4.0,42.3,42.3,53.8,0.0,1.3,0.4,0.0,12.1,26.4,19.0,14.9,1.5,0.0,18.8,21.1
2486870,4,981514,SPANISH BASKETBALL ACADEMY,AWAY,2312124,S. Traore,S. Traore,0,12.6,757.0,2.0,1.0,2.0,0.0,0.0,1.0,2.0,0.0,0.0,1.0,3.0,4.0,0.0,2.0,0.0,1.0,0.0,3.0,0.0,1.0,10.0,50.0,50.0,0.0,0.0,1.0,0.0,0.0,8.6,28.0,17.9,0.0,0.0,12.2,50.0,14.9
2486870,4,981514,SPANISH BASKETBALL ACADEMY,AWAY,2065452,J. Santano Bartolome,J. Santano Bartolome,1,31.2,1872.0,10.0,3.0,7.0,0.0,0.0,3.0,7.0,4.0,4.0,1.0,4.0,5.0,3.0,0.0,2.0,0.0,0.0,1.0,2.0,17.0,24.0,57.1,42.9,0.0,57.1,0.9,0.0,2.0,3.5,15.1,9.0,15.5,3.5,0.0,0.0,13.2
2486870,4,981514,SPANISH BASKETBALL ACADEMY,AWAY,2816555,L. Savikjevikj,L. Savikjevikj,0,4.3,256.0,0.0,0.0,0.0,0.0,0.0,0.0,0.0,0.0,0.0,0.0,0.0,0.0,0.0,0.0,0.0,0.0,0.0,2.0,0.0,-2.0,-4.0,0.0,0.0,0.0,0.0,0.0,0.0,0.0,0.0,0.0,0.0,0.0,0.0,0.0,0.0,0.0
2486870,4,981514,SPANISH BASKETBALL ACADEMY,AWAY,1374966,A. Moreno Trujillo,A. Moreno Trujillo,0,20.6,1238.0,5.0,0.0,2.0,1.0,3.0,1.0,5.0,2.0,2.0,2.0,2.0,4.0,3.0,3.0,1.0,0.0,0.0,3.0,1.0,4.0,-14.0,42.5,30.0,60.0,40.0,0.0,1.0,2.0,10.5,11.4,10.9,23.1,2.7,0.0,33.8,20.2
2486870,4,981514,SPANISH BASKETBALL ACADEMY,AWAY,2816737,D. Simeunovic,D. Simeunovic,1,34.8,2087.0,20.0,7.0,17.0,1.0,6.0,8.0,23.0,3.0,3.0,2.0,5.0,7.0,3.0,1.0,0.0,0.0,1.0,3.0,4.0,15.0,7.0,41.1,37.0,26.1,13.0,0.8,0.5,0.8,6.2,16.9,11.3,17.4,0.0,0.0,3.9,34.1
2486870,4,981514,SPANISH BASKETBALL ACADEMY,AWAY,2752020,E. Medina Roa,E. Medina Roa,1,23.1,1387.0,12.0,5.0,5.0,0.0,0.0,5.0,5.0,2.0,6.0,3.0,6.0,9.0,0.0,0.0,0.0,0.0,0.0,3.0,5.0,19.0,3.0,78.5,100.0,0.0,120.0,2.0,0.0,1.2,14.0,30.6,21.9,0.0,0.0,0.0,0.0,15.5
2486870,4,981514,SPANISH BASKETBALL ACADEMY,AWAY,1825944,R. Garcia Salame,R. Garcia Salame,1,37.8,2265.0,16.0,2.0,6.0,3.0,7.0,5.0,13.0,3.0,4.0,0.0,3.0,3.0,4.0,0.0,2.0,0.0,0.0,3.0,6.0,19.0,15.0,54.2,50.0,53.8,30.8,0.7,1.3,0.7,0.0,9.3,4.5,19.8,2.9,0.0,0.0,18.3
2486871,4,981294,C.B. ZARAGOZA,HOME,2451495,D. Knowles,D. Knowles,1,15.6,938.0,5.0,2.0,5.0,0.0,0.0,2.0,5.0,1.0,2.0,2.0,3.0,5.0,0.0,2.0,1.0,0.0,0.0,0.0,3.0,8.0,-8.0,42.5,40.0,0.0,40.0,0.8,0.0,0.7,10.1,24.8,15.6,0.0,3.1,0.0,25.4,21.5
2486871,4,981294,C.B. ZARAGOZA,HOME,1802050,D. Muñoz Samatan,D. Muñoz Samatan,1,16.3,980.0,4.0,2.0,4.0,0.0,2.0,2.0,6.0,0.0,0.0,2.0,1.0,3.0,1.0,0.0,0.0,0.0,0.0,2.0,0.0,2.0,-12.0,33.3,33.3,33.3,0.0,1.0,0.0,0.0,9.6,7.9,9.0,13.2,0.0,0.0,0.0,15.7
2486871,4,981294,C.B. ZARAGOZA,HOME,2815361,I. Okeke,I. Okeke,0,13.1,786.0,0.0,0.0,2.0,0.0,1.0,0.0,3.0,0.0,0.0,0.0,3.0,3.0,0.0,0.0,0.0,0.0,0.0,0.0,1.0,1.0,-10.0,0.0,0.0,33.3,0.0,0.0,0.0,0.0,0.0,29.5,11.2,0.0,0.0,0.0,0.0,9.8
2486871,4,981294,C.B. ZARAGOZA,HOME,1798932,D. Arjol Lopez,D. Arjol Lopez,0,23.0,1380.0,13.0,2.0,4.0,2.0,7.0,4.0,11.0,3.0,6.0,2.0,2.0,4.0,4.0,2.0,1.0,0.0,0.0,3.0,4.0,11.0,-20.0,47.7,45.5,63.6,54.5,1.0,0.9,1.5,6.8,11.2,8.5,38.5,2.1,0.0,12.8,29.0
2486871,4,981294,C.B. ZARAGOZA,HOME,1250976,O. Alvarado Rodriguez,O. Alvarado Rodriguez,1,26.6,1595.0,8.0,1.0,3.0,2.0,6.0,3.0,9.0,0.0,0.0,0.0,2.0,2.0,5.0,1.0,4.0,0.0,0.0,2.0,3.0,13.0,-12.0,44.4,44.4,66.7,0.0,0.7,1.0,0.0,0.0,9.7,3.7,36.2,7.3,0.0,10.0,16.0
2486871,4,981294,C.B. ZARAGOZA,HOME,1887591,M. Casado Fajo,M. Casado Fajo,0,0.4,22.0,0.0,0.0,0.0,0.0,0.0,0.0,0.0,0.0,0.0,0.0,0.0,0.0,0.0,0.0,0.0,0.0,0.0,0.0,0.0,0.0,0.0,0.0,0.0,0.0,0.0,0.0,0.0,0.0,0.0,0.0,0.0,0.0,0.0,0.0,0.0,0.0
2486871,4,981294,C.B. ZARAGOZA,HOME,361567,E. Gatell Sanz,E. Gatell Sanz,0,21.2,1271.0,8.0,2.0,3.0,0.0,0.0,2.0,3.0,4.0,6.0,1.0,5.0,6.0,2.0,1.0,0.0,1.0,0.0,4.0,4.0,13.0,-14.0,70.9,66.7,0.0,200.0,1.3,0.0,1.5,3.7,30.4,13.8,20.0,0.0,5.1,15.1,13.4
2486871,4,981294,C.B. ZARAGOZA,HOME,1861515,P. Aso Jimenez,P. Aso Jimenez,0,13.3,797.0,0.0,0.0,1.0,0.0,0.0,0.0,1.0,0.0,0.0,1.0,1.0,2.0,1.0,0.0,0.0,0.0,0.0,0.0,0.0,2.0,-6.0,0.0,0.0,0.0,0.0,0.0,0.0,0.0,5.9,9.7,7.3,13.9,0.0,0.0,0.0,3.2
2486871,4,981294,C.B. ZARAGOZA,HOME,1446949,J. Jiménez Jiménez,J. Jiménez Jiménez,1,22.4,1342.0,5.0,1.0,7.0,0.0,2.0,1.0,9.0,3.0,3.0,1.0,1.0,2.0,1.0,0.0,0.0,1.0,1.0,1.0,2.0,2.0,-15.0,24.2,11.1,22.2,33.3,0.3,0.0,1.5,3.5,5.8,4.4,7.5,0.0,4.8,0.0,19.6
2486871,4,981294,C.B. ZARAGOZA,HOME,2815312,J. Zhao Olmos,J. Zhao Olmos,0,25.3,1517.0,13.0,3.0,10.0,2.0,8.0,5.0,18.0,1.0,1.0,1.0,3.0,4.0,1.0,0.0,1.0,0.0,0.0,1.0,2.0,7.0,-14.0,35.2,33.3,44.4,5.6,0.6,0.8,0.5,3.1,15.3,7.7,10.6,1.9,0.0,0.0,31.1
2486871,4,981294,C.B. ZARAGOZA,HOME,1556128,G. Colom Barrufet,G. Colom Barrufet,1,22.9,1372.0,13.0,3.0,8.0,2.0,6.0,5.0,14.0,1.0,2.0,1.0,0.0,1.0,2.0,0.0,0.0,0.0,0.0,3.0,3.0,6.0,-19.0,43.7,42.9,42.9,14.3,0.8,1.0,0.7,3.4,0.0,2.1,21.3,0.0,0.0,0.0,27.7
2486871,4,981491,C.B. GETAFE,AWAY,1223461,J. Tejera Tejo,J. Tejera Tejo,1,15.8,946.0,8.0,1.0,2.0,2.0,3.0,3.0,5.0,0.0,0.0,0.0,3.0,3.0,0.0,0.0,1.0,0.0,0.0,2.0,1.0,9.0,3.0,80.0,80.0,60.0,0.0,1.0,2.0,0.0,0.0,14.9,9.3,0.0,3.1,0.0,0.0,13.8
2486871,4,981491,C.B. GETAFE,AWAY,2816388,M. Abdulsalam,M. Abdulsalam,1,15.2,909.0,11.0,4.0,5.0,0.0,0.0,4.0,5.0,3.0,5.0,4.0,7.0,11.0,2.0,3.0,0.0,0.0,0.0,1.0,4.0,21.0,15.0,76.4,80.0,0.0,100.0,1.6,0.0,1.2,34.0,36.1,35.3,20.8,0.0,0.0,29.4,29.2
2486871,4,981491,C.B. GETAFE,AWAY,1789964,E. Ortiz Torres,E. Ortiz Torres,0,11.5,691.0,4.0,1.0,3.0,0.0,0.0,1.0,3.0,2.0,2.0,0.0,0.0,0.0,1.0,1.0,0.0,1.0,0.0,4.0,1.0,0.0,13.0,51.5,33.3,0.0,66.7,0.7,0.0,2.0,0.0,0.0,0.0,10.9,0.0,7.4,20.5,18.5
2486871,4,981491,C.B. GETAFE,AWAY,2816390,A. Akinwole,A. Akinwole,1,15.8,949.0,5.0,1.0,2.0,1.0,3.0,2.0,5.0,0.0,0.0,1.0,2.0,3.0,2.0,1.0,0.0,0.0,1.0,2.0,0.0,4.0,1.0,50.0,50.0,60.0,0.0,1.0,1.0,0.0,8.2,9.9,9.3,17.2,0.0,0.0,16.7,16.5
2486871,4,981491,C.B. GETAFE,AWAY,2815898,C. Henderson,C. Henderson,0,19.2,1152.0,24.0,3.0,5.0,6.0,8.0,9.0,13.0,0.0,1.0,2.0,4.0,6.0,0.0,2.0,1.0,0.0,0.0,2.0,1.0,23.0,13.0,89.3,92.3,61.5,7.7,1.2,2.2,1.0,13.4,16.3,15.2,0.0,2.5,0.0,13.0,35.0
2486871,4,981491,C.B. GETAFE,AWAY,1587611,I. Ibañez Zamalloa,I. Ibañez Zamalloa,0,13.0,781.0,0.0,0.0,1.0,0.0,1.0,0.0,2.0,0.0,0.0,1.0,0.0,1.0,2.0,1.0,0.0,0.0,0.0,1.0,0.0,-1.0,1.0,0.0,0.0,50.0,0.0,0.0,0.0,0.0,9.9,0.0,3.8,19.6,0.0,0.0,33.3,10.0
2486871,4,981491,C.B. GETAFE,AWAY,1328788,M. Alvarez Puertas,M. Alvarez Puertas,0,13.7,820.0,7.0,2.0,2.0,1.0,1.0,3.0,3.0,0.0,0.0,1.0,7.0,8.0,2.0,1.0,1.0,0.0,0.0,1.0,0.0,16.0,19.0,116.7,116.7,33.3,0.0,2.0,3.0,0.0,9.4,40.1,28.5,27.8,3.5,0.0,25.0,12.7
2486871,4,981491,C.B. GETAFE,AWAY,1674978,G. Mulero Maldonado,G. Mulero Maldonado,1,22.9,1371.0,7.0,2.0,6.0,0.0,3.0,2.0,9.0,3.0,3.0,1.0,3.0,4.0,3.0,1.0,0.0,0.0,1.0,3.0,3.0,6.0,18.0,33.9,22.2,33.3,33.3,0.7,0.0,1.0,5.6,10.3,8.5,16.3,0.0,0.0,8.8,21.5
2486871,4,981491,C.B. GETAFE,AWAY,1582089,J. Parra Baez,J. Parra Baez,0,22.6,1358.0,15.0,3.0,6.0,3.0,10.0,6.0,16.0,0.0,1.0,0.0,3.0,3.0,3.0,1.0,0.0,0.0,0.0,0.0,1.0,10.0,24.0,45.6,46.9,62.5,6.2,1.0,0.9,1.0,0.0,10.4,6.5,20.8,0.0,0.0,5.7,33.6
2486871,4,981491,C.B. GETAFE,AWAY,1820240,P. Arribas Gomez,P. Arribas Gomez,0,11.2,671.0,5.0,1.0,1.0,1.0,2.0,2.0,3.0,0.0,0.0,0.0,0.0,0.0,0.0,0.0,0.0,0.0,0.0,2.0,0.0,2.0,4.0,83.3,83.3,66.7,0.0,2.0,1.5,0.0,0.0,0.0,0.0,0.0,0.0,0.0,0.0,11.7
2486871,4,981491,C.B. GETAFE,AWAY,2816389,J. Nve Maleva,J. Nve Maleva,0,16.2,973.0,5.0,1.0,3.0,0.0,0.0,1.0,3.0,3.0,4.0,0.0,9.0,9.0,1.0,1.0,0.0,0.0,0.0,1.0,2.0,12.0,2.0,52.5,33.3,0.0,133.3,0.7,0.0,2.0,0.0,43.6,27.1,7.9,0.0,0.0,17.4,15.5
2486871,4,981491,C.B. GETAFE,AWAY,1876223,A. Montero Isla,A. Montero Isla,1,23.0,1379.0,4.0,1.0,1.0,0.0,1.0,1.0,2.0,2.0,2.0,0.0,2.0,2.0,3.0,3.0,0.0,0.0,0.0,3.0,2.0,4.0,17.0,69.4,50.0,50.0,100.0,2.0,0.0,1.0,0.0,6.8,4.2,15.5,0.0,0.0,51.0,11.1
2486872,4,981207,OCA GLOBAL C.B. SALOU,HOME,2715040,B. Traore,B. Traore,1,27.1,1626.0,8.0,1.0,8.0,1.0,4.0,2.0,12.0,3.0,5.0,1.0,5.0,6.0,0.0,2.0,4.0,3.0,0.0,2.0,5.0,10.0,-14.0,28.2,20.8,33.3,41.7,0.2,0.8,1.0,3.4,15.7,9.8,0.0,6.8,11.7,12.3,23.7
2486872,4,981207,OCA GLOBAL C.B. SALOU,HOME,1271466,D. Cuellar Garcia,D. Cuellar Garcia,1,37.4,2245.0,3.0,0.0,2.0,1.0,7.0,1.0,9.0,0.0,0.0,0.0,8.0,8.0,1.0,4.0,1.0,1.0,0.0,2.0,1.0,1.0,-13.0,16.7,16.7,77.8,0.0,0.0,0.4,0.0,0.0,18.2,9.5,5.9,1.2,2.8,30.8,13.8
2486872,4,981207,OCA GLOBAL C.B. SALOU,HOME,1967605,E. Sims Serra,E. Sims Serra,1,12.7,761.0,9.0,4.0,5.0,0.0,2.0,4.0,7.0,1.0,1.0,0.0,0.0,0.0,0.0,2.0,1.0,0.0,1.0,4.0,1.0,2.0,-8.0,60.5,57.1,28.6,14.3,1.6,0.0,1.0,0.0,0.0,0.0,0.0,3.6,0.0,21.2,29.4
2486872,4,981207,OCA GLOBAL C.B. SALOU,HOME,2827753,O. Okenchi,O. Okenchi,1,12.9,773.0,2.0,1.0,4.0,0.0,0.0,1.0,4.0,0.0,2.0,2.0,2.0,4.0,0.0,3.0,0.0,0.0,1.0,1.0,1.0,-2.0,-11.0,20.5,25.0,0.0,50.0,0.5,0.0,2.0,14.4,13.2,13.8,0.0,0.0,0.0,38.1,24.2
2486872,4,981207,OCA GLOBAL C.B. SALOU,HOME,2825543,D. Jackson,D. Jackson,0,29.9,1794.0,14.0,5.0,12.0,1.0,5.0,6.0,17.0,1.0,1.0,1.0,6.0,7.0,1.0,5.0,8.0,0.0,1.0,2.0,1.0,13.0,-15.0,40.1,38.2,29.4,5.9,0.8,0.6,1.0,3.1,17.1,10.4,12.5,12.3,0.0,22.3,29.7
2486872,4,981207,OCA GLOBAL C.B. SALOU,HOME,1610350,E. Martinez Pretel,E. Martinez Pretel,0,21.5,1290.0,2.0,1.0,2.0,0.0,2.0,1.0,4.0,0.0,0.0,1.0,3.0,4.0,3.0,3.0,0.0,0.0,0.0,3.0,2.0,2.0,-21.0,25.0,25.0,50.0,0.0,1.0,0.0,0.0,4.3,11.9,8.3,33.3,0.0,0.0,42.9,12.9
2486872,4,981207,OCA GLOBAL C.B. SALOU,HOME,2274746,P. Salo Blaya,P. Salo Blaya,0,13.8,831.0,4.0,2.0,3.0,0.0,0.0,2.0,3.0,0.0,0.0,2.0,1.0,3.0,0.0,3.0,0.0,0.0,0.0,5.0,0.0,-2.0,-1.0,66.7,66.7,0.0,0.0,1.3,0.0,0.0,13.5,6.2,9.7,0.0,0.0,0.0,50.0,17.2
2486872,4,981207,OCA GLOBAL C.B. SALOU,HOME,2534398,J. Sánchez,J. Sánchez,1,18.5,1110.0,9.0,1.0,5.0,1.0,4.0,2.0,9.0,4.0,4.0,1.0,3.0,4.0,2.0,0.0,1.0,0.0,0.0,4.0,4.0,9.0,3.0,41.8,27.8,44.4,44.4,0.4,0.8,1.0,5.0,13.8,9.6,25.0,2.5,0.0,0.0,23.0
2486872,4,981207,OCA GLOBAL C.B. SALOU,HOME,1438515,A. Morales Ros,A. Morales Ros,0,26.2,1570.0,4.0,1.0,4.0,0.0,2.0,1.0,6.0,2.0,3.0,2.0,1.0,3.0,0.0,1.0,0.0,2.0,0.0,1.0,6.0,7.0,-10.0,27.3,16.7,33.3,50.0,0.5,0.0,0.5,7.1,3.2,5.1,0.0,0.0,8.0,12.0,12.6
2486872,4,981347,PROINBENI UPB GANDIA,AWAY,1824880,G. Perez Ramirez,G. Perez Ramirez,0,20.2,1210.0,12.0,3.0,4.0,2.0,8.0,5.0,12.0,0.0,0.0,3.0,2.0,5.0,0.0,0.0,0.0,0.0,0.0,0.0,0.0,10.0,17.0,50.0,50.0,66.7,0.0,1.5,0.8,0.0,12.6,9.2,11.0,0.0,0.0,0.0,0.0,22.6
2486872,4,981347,PROINBENI UPB GANDIA,AWAY,1837816,C. Hurtado Cervantes,C. Hurtado Cervantes,0,17.5,1051.0,6.0,1.0,2.0,0.0,3.0,1.0,5.0,4.0,5.0,0.0,1.0,1.0,4.0,1.0,3.0,0.0,1.0,4.0,4.0,8.0,10.0,41.7,20.0,60.0,100.0,1.0,0.0,1.2,0.0,5.3,2.5,46.5,7.5,0.0,12.2,17.8
2486872,4,981347,PROINBENI UPB GANDIA,AWAY,2736564,K. Greeley,K. Greeley,1,21.5,1288.0,12.0,2.0,5.0,1.0,3.0,3.0,8.0,5.0,5.0,1.0,3.0,4.0,0.0,2.0,1.0,0.0,0.0,1.0,3.0,12.0,-2.0,58.8,43.8,37.5,62.5,0.8,1.0,1.7,4.0,13.0,8.3,0.0,2.0,0.0,16.4,21.5
2486872,4,981347,PROINBENI UPB GANDIA,AWAY,2378347,J. Molina Martinez,J. Molina Martinez,0,28.4,1702.0,2.0,0.0,0.0,0.0,7.0,0.0,7.0,2.0,2.0,2.0,5.0,7.0,0.0,1.0,0.0,1.0,0.0,2.0,4.0,4.0,20.0,12.7,0.0,100.0,28.6,0.0,0.0,0.5,6.0,16.4,11.0,0.0,0.0,3.1,11.3,11.9
2486872,4,981347,PROINBENI UPB GANDIA,AWAY,1673764,L. Ferrando Ortells,L. Ferrando Ortells,1,17.3,1039.0,7.0,2.0,5.0,1.0,2.0,3.0,7.0,0.0,0.0,0.0,3.0,3.0,7.0,4.0,1.0,0.0,0.0,4.0,4.0,10.0,13.0,50.0,50.0,28.6,0.0,0.8,1.5,0.0,0.0,16.1,7.7,106.1,2.5,0.0,36.4,24.1
2486872,4,981347,PROINBENI UPB GANDIA,AWAY,2711878,D. Ilincic,D. Ilincic,0,12.6,758.0,8.0,3.0,8.0,0.0,0.0,3.0,8.0,2.0,2.0,5.0,3.0,8.0,2.0,5.0,0.0,0.0,3.0,4.0,2.0,6.0,12.0,45.0,37.5,0.0,25.0,0.8,0.0,1.0,33.8,22.1,28.2,47.6,0.0,0.0,36.0,41.8
2486872,4,981347,PROINBENI UPB GANDIA,AWAY,1996333,M. Montilla Diaz,M. Montilla Diaz,1,14.3,858.0,4.0,2.0,6.0,0.0,0.0,2.0,6.0,0.0,0.0,2.0,1.0,3.0,0.0,2.0,1.0,1.0,0.0,2.0,1.0,2.0,0.0,33.3,33.3,0.0,0.0,0.7,0.0,0.0,11.9,6.5,9.3,0.0,3.1,6.2,25.0,21.2
2486872,4,981347,PROINBENI UPB GANDIA,AWAY,1827011,J. Soler Cirujeda,J. Soler Cirujeda,0,16.9,1013.0,5.0,1.0,2.0,1.0,4.0,2.0,6.0,0.0,1.0,0.0,5.0,5.0,1.0,3.0,3.0,0.0,1.0,1.0,1.0,6.0,4.0,38.8,41.7,66.7,16.7,1.0,0.8,1.0,0.0,27.5,13.1,13.2,7.8,0.0,31.8,21.2
2486872,4,981347,PROINBENI UPB GANDIA,AWAY,1857448,J. Santana Luchoro,J. Santana Luchoro,1,21.1,1268.0,4.0,1.0,3.0,0.0,0.0,1.0,3.0,2.0,2.0,5.0,5.0,10.0,1.0,4.0,0.0,0.0,0.0,2.0,1.0,8.0,-1.0,51.5,33.3,0.0,66.7,0.7,0.0,2.0,20.2,22.0,21.1,9.1,0.0,0.0,50.8,14.2
2486872,4,981347,PROINBENI UPB GANDIA,AWAY,1851026,A. Bellver Valiente,A. Bellver Valiente,0,13.8,825.0,6.0,0.0,1.0,2.0,6.0,2.0,7.0,0.0,0.0,0.0,2.0,2.0,0.0,1.0,0.0,0.0,1.0,1.0,0.0,1.0,10.0,42.9,42.9,85.7,0.0,0.0,1.0,0.0,0.0,13.5,6.4,0.0,0.0,0.0,12.5,22.0
2486872,4,981347,PROINBENI UPB GANDIA,AWAY,2335802,J. Bitjaa Kody,J. Bitjaa Kody,1,16.5,988.0,7.0,1.0,2.0,1.0,1.0,2.0,3.0,2.0,2.0,0.0,3.0,3.0,0.0,2.0,0.0,1.0,0.0,0.0,4.0,12.0,7.0,90.2,83.3,33.3,66.7,1.0,3.0,0.5,0.0,16.9,8.1,0.0,0.0,5.4,34.0,13.5
2486873,4,981305,SOL GIRONÈS BISBAL BÀSQUET,HOME,1446313,J. Carrasco Martin,J. Carrasco Martin,1,21.5,1291.0,5.0,2.0,3.0,0.0,1.0,2.0,4.0,1.0,2.0,2.0,3.0,5.0,0.0,3.0,0.0,0.0,0.0,3.0,2.0,3.0,1.0,51.2,50.0,25.0,50.0,1.3,0.0,1.0,9.3,10.9,10.2,0.0,0.0,0.0,38.1,16.1
2486873,4,981305,SOL GIRONÈS BISBAL BÀSQUET,HOME,1964254,P. Sala Vallmajo,P. Sala Vallmajo,0,7.7,462.0,0.0,0.0,0.0,0.0,1.0,0.0,1.0,0.0,0.0,0.0,0.0,0.0,0.0,0.0,0.0,0.0,0.0,1.0,0.0,-2.0,3.0,0.0,0.0,100.0,0.0,0.0,0.0,0.0,0.0,0.0,0.0,0.0,0.0,0.0,0.0,5.7
2486873,4,981305,SOL GIRONÈS BISBAL BÀSQUET,HOME,2814887,P. Renane,P. Renane,1,23.6,1416.0,9.0,1.0,1.0,2.0,2.0,3.0,3.0,1.0,2.0,1.0,3.0,4.0,0.0,1.0,0.0,1.0,0.0,2.0,2.0,12.0,6.0,116.0,133.3,66.7,66.7,2.0,3.0,1.0,4.2,10.0,7.5,0.0,0.0,4.3,20.5,9.1
2486873,4,981305,SOL GIRONÈS BISBAL BÀSQUET,HOME,1227597,I. Valera Corominas,I. Valera Corominas,0,11.5,689.0,7.0,0.0,2.0,1.0,3.0,1.0,5.0,4.0,4.0,1.0,6.0,7.0,0.0,2.0,2.0,0.0,1.0,2.0,2.0,10.0,8.0,51.8,30.0,60.0,80.0,0.0,1.0,2.0,8.7,40.9,26.8,0.0,8.9,0.0,22.8,33.4
2486873,4,981305,SOL GIRONÈS BISBAL BÀSQUET,HOME,1829525,M. Mikhailov Paltarak,M. Mikhailov Paltarak,1,26.1,1566.0,18.0,6.0,8.0,0.0,0.0,6.0,8.0,6.0,8.0,3.0,11.0,14.0,0.0,5.0,0.0,1.0,0.0,4.0,5.0,25.0,10.0,78.1,75.0,0.0,100.0,1.5,0.0,1.6,11.5,33.1,23.6,0.0,0.0,3.9,30.3,27.8
2486873,4,981305,SOL GIRONÈS BISBAL BÀSQUET,HOME,2815520,N. Okeke,N. Okeke,1,27.8,1665.0,17.0,6.0,10.0,1.0,4.0,7.0,14.0,2.0,4.0,4.0,4.0,8.0,0.0,1.0,0.0,0.0,1.0,2.0,5.0,18.0,20.0,53.9,53.6,28.6,28.6,1.2,0.8,0.8,14.4,11.3,12.6,0.0,0.0,0.0,6.0,26.4
2486873,4,981305,SOL GIRONÈS BISBAL BÀSQUET,HOME,1400270,B. Alvarez Torres,B. Alvarez Torres,0,19.8,1186.0,4.0,1.0,5.0,0.0,2.0,1.0,7.0,2.0,2.0,0.0,4.0,4.0,2.0,0.0,0.0,0.0,0.0,1.0,2.0,5.0,17.0,25.4,14.3,28.6,28.6,0.4,0.0,1.0,0.0,15.8,8.9,18.2,0.0,0.0,0.0,17.5
2486873,4,981305,SOL GIRONÈS BISBAL BÀSQUET,HOME,2814874,J. Golson,J. Golson,0,15.1,903.0,10.0,0.0,0.0,3.0,5.0,3.0,5.0,1.0,2.0,1.0,1.0,2.0,0.0,2.0,2.0,0.0,0.0,2.0,1.0,8.0,2.0,85.0,90.0,100.0,40.0,0.0,1.8,2.0,6.6,5.2,5.8,0.0,6.8,0.0,25.4,22.9
2486873,4,981305,SOL GIRONÈS BISBAL BÀSQUET,HOME,2815176,S. Kane,S. Kane,0,16.5,992.0,0.0,0.0,1.0,0.0,0.0,0.0,1.0,0.0,2.0,0.0,3.0,3.0,0.0,0.0,0.0,1.0,0.0,1.0,1.0,1.0,11.0,0.0,0.0,0.0,200.0,0.0,0.0,2.0,0.0,14.3,8.0,0.0,0.0,6.2,0.0,5.0
2486873,4,981305,SOL GIRONÈS BISBAL BÀSQUET,HOME,2322727,A. Vila I Gómez,A. Vila I Gómez,0,1.2,75.0,0.0,0.0,0.0,0.0,0.0,0.0,0.0,0.0,0.0,0.0,1.0,1.0,0.0,0.0,0.0,0.0,0.0,0.0,0.0,1.0,2.0,0.0,0.0,0.0,0.0,0.0,0.0,0.0,0.0,65.4,36.6,0.0,0.0,0.0,0.0,0.0
2486873,4,981305,SOL GIRONÈS BISBAL BÀSQUET,HOME,1198592,X. Torrent Bayé,X. Torrent Bayé,1,29.2,1755.0,7.0,0.0,2.0,1.0,13.0,1.0,15.0,4.0,4.0,0.0,4.0,4.0,4.0,1.0,0.0,0.0,1.0,4.0,3.0,-1.0,10.0,20.9,10.0,86.7,26.7,0.0,0.2,1.3,0.0,10.7,6.0,25.3,0.0,0.0,5.6,26.7
2486873,4,981358,CIUDAD MOLINA BASKET,AWAY,2816300,A. Duval,A. Duval,1,16.0,961.0,7.0,3.0,7.0,0.0,5.0,3.0,12.0,1.0,2.0,0.0,2.0,2.0,1.0,0.0,0.0,0.0,0.0,3.0,2.0,-1.0,-4.0,27.2,25.0,41.7,16.7,0.9,0.0,1.0,0.0,12.5,5.5,17.2,0.0,0.0,0.0,36.1
2486873,4,981358,CIUDAD MOLINA BASKET,AWAY,1899744,J. Cascales Fernandez,J. Cascales Fernandez,0,8.9,537.0,0.0,0.0,4.0,0.0,0.0,0.0,4.0,0.0,0.0,0.0,3.0,3.0,1.0,0.0,0.0,0.0,1.0,4.0,1.0,-3.0,-8.0,0.0,0.0,0.0,0.0,0.0,0.0,0.0,0.0,33.7,14.8,22.7,0.0,0.0,0.0,20.1
2486873,4,981358,CIUDAD MOLINA BASKET,AWAY,1767254,G. Cadme Arias,G. Cadme Arias,0,11.5,689.0,5.0,0.0,1.0,1.0,2.0,1.0,3.0,2.0,2.0,1.0,1.0,2.0,0.0,0.0,1.0,0.0,0.0,3.0,1.0,4.0,-7.0,64.4,50.0,66.7,66.7,0.0,1.5,2.0,6.8,8.7,7.6,0.0,4.4,0.0,0.0,15.1
2486873,4,981358,CIUDAD MOLINA BASKET,AWAY,1532799,R. Timoner Gimenez,R. Timoner Gimenez,1,27.4,1644.0,7.0,1.0,2.0,1.0,3.0,2.0,5.0,2.0,3.0,3.0,1.0,4.0,1.0,1.0,0.0,0.0,1.0,1.0,3.0,9.0,-10.0,55.4,50.0,60.0,60.0,1.0,1.0,1.0,8.6,3.6,6.4,7.5,0.0,0.0,13.7,12.0
2486873,4,981358,CIUDAD MOLINA BASKET,AWAY,2146670,P. Campeny Lloveras,P. Campeny Lloveras,1,17.7,1064.0,0.0,0.0,1.0,0.0,2.0,0.0,3.0,0.0,0.0,0.0,3.0,3.0,2.0,1.0,2.0,0.0,1.0,1.0,1.0,3.0,-14.0,0.0,0.0,66.7,0.0,0.0,0.0,0.0,0.0,16.9,7.5,22.7,5.7,0.0,25.0,10.1
2486873,4,981358,CIUDAD MOLINA BASKET,AWAY,1514342,R. Martínez-Quintanilla Jiménez,R. Martínez-Quintanilla Jiménez,0,10.7,642.0,2.0,1.0,1.0,0.0,4.0,1.0,5.0,0.0,0.0,2.0,1.0,3.0,0.0,0.0,0.0,0.0,0.0,0.0,0.0,1.0,-17.0,20.0,20.0,80.0,0.0,2.0,0.0,0.0,14.7,9.3,12.3,0.0,0.0,0.0,0.0,20.9
2486873,4,981358,CIUDAD MOLINA BASKET,AWAY,2816662,G. Miladinovic,G. Miladinovic,0,20.2,1211.0,12.0,5.0,8.0,0.0,1.0,5.0,9.0,2.0,5.0,2.0,6.0,8.0,1.0,1.0,0.0,0.0,0.0,4.0,5.0,14.0,-12.0,53.6,55.6,11.1,55.6,1.2,0.0,1.0,7.8,29.7,17.4,16.7,0.0,0.0,8.2,27.1
2486873,4,981358,CIUDAD MOLINA BASKET,AWAY,2557720,M. Garcia Rosello,M. Garcia Rosello,0,12.0,722.0,10.0,2.0,3.0,2.0,3.0,4.0,6.0,0.0,0.0,0.0,3.0,3.0,0.0,0.0,0.0,0.0,0.0,3.0,0.0,8.0,3.0,83.3,83.3,50.0,0.0,1.3,2.0,0.0,0.0,25.0,11.0,0.0,0.0,0.0,0.0,22.4
2486873,4,981358,CIUDAD MOLINA BASKET,AWAY,2042118,F. Hernandez Martinez,F. Hernandez Martinez,0,22.1,1323.0,0.0,0.0,1.0,0.0,7.0,0.0,8.0,0.0,2.0,0.0,3.0,3.0,2.0,2.0,0.0,0.0,0.0,0.0,1.0,-6.0,-7.0,0.0,0.0,87.5,25.0,0.0,0.0,2.0,0.0,13.6,6.0,15.2,0.0,0.0,18.4,22.1
2486873,4,981358,CIUDAD MOLINA BASKET,AWAY,2816661,M. Mukendi Mukendi,M. Mukendi Mukendi,1,19.8,1187.0,6.0,2.0,5.0,0.0,1.0,2.0,6.0,2.0,4.0,0.0,2.0,2.0,1.0,0.0,0.0,2.0,0.0,2.0,3.0,6.0,-4.0,38.7,33.3,16.7,66.7,0.8,0.0,1.3,0.0,10.1,4.4,11.1,0.0,12.6,0.0,17.6
2486873,4,981358,CIUDAD MOLINA BASKET,AWAY,1439463,C. Toledo Zamora,C. Toledo Zamora,1,22.4,1344.0,8.0,4.0,5.0,0.0,2.0,4.0,7.0,0.0,0.0,3.0,3.0,6.0,0.0,0.0,1.0,1.0,0.0,1.0,2.0,14.0,-7.0,57.1,57.1,28.6,0.0,1.6,0.0,0.0,10.5,13.4,11.8,0.0,2.3,5.6,0.0,14.0
2486873,4,981358,CIUDAD MOLINA BASKET,AWAY,2032122,J. Tavelli,J. Tavelli,0,11.3,676.0,2.0,0.0,1.0,0.0,5.0,0.0,6.0,2.0,3.0,0.0,0.0,0.0,2.0,1.0,0.0,0.0,0.0,1.0,3.0,-2.0,-3.0,13.7,0.0,83.3,50.0,0.0,0.0,1.0,0.0,0.0,0.0,30.3,0.0,0.0,12.0,33.0
2486874,4,981428,HOMS U.E.MATARÓ,HOME,2162105,F. Garrido Teban,F. Garrido Teban,1,15.5,930.0,0.0,0.0,1.0,0.0,1.0,0.0,2.0,0.0,0.0,0.0,2.0,2.0,0.0,2.0,0.0,0.0,0.0,1.0,0.0,-3.0,-13.0,0.0,0.0,50.0,0.0,0.0,0.0,0.0,0.0,13.6,7.5,0.0,0.0,0.0,50.0,11.6
2486874,4,981428,HOMS U.E.MATARÓ,HOME,1914611,J. Boix Colet,J. Boix Colet,1,23.6,1416.0,8.0,2.0,3.0,0.0,1.0,2.0,4.0,4.0,9.0,0.0,3.0,3.0,3.0,3.0,2.0,0.0,0.0,1.0,9.0,14.0,2.0,50.3,50.0,25.0,225.0,1.3,0.0,1.0,0.0,13.4,7.4,21.1,4.1,0.0,27.4,20.8
2486874,4,981428,HOMS U.E.MATARÓ,HOME,2813591,S. Hall,S. Hall,0,11.2,671.0,6.0,3.0,3.0,0.0,0.0,3.0,3.0,0.0,0.0,0.0,3.0,3.0,1.0,3.0,0.0,0.0,0.0,4.0,0.0,3.0,6.0,100.0,100.0,0.0,0.0,2.0,0.0,0.0,0.0,28.2,15.5,19.6,0.0,0.0,50.0,24.0
2486874,4,981428,HOMS U.E.MATARÓ,HOME,1591966,J. Castillo Carrasco,J. Castillo Carrasco,0,13.9,835.0,3.0,0.0,0.0,1.0,1.0,1.0,1.0,0.0,0.0,0.0,0.0,0.0,0.0,0.0,3.0,1.0,0.0,1.0,0.0,6.0,8.0,150.0,150.0,100.0,0.0,0.0,3.0,0.0,0.0,0.0,0.0,0.0,10.3,9.6,0.0,3.2
2486874,4,981428,HOMS U.E.MATARÓ,HOME,1568569,J. Juanola Madera,J. Juanola Madera,1,30.1,1803.0,26.0,5.0,8.0,4.0,4.0,9.0,12.0,4.0,4.0,0.0,3.0,3.0,2.0,5.0,0.0,0.0,1.0,3.0,6.0,26.0,-9.0,94.5,91.7,33.3,33.3,1.2,3.0,0.7,0.0,10.5,5.8,15.9,0.0,0.0,26.7,27.9
2486874,4,981428,HOMS U.E.MATARÓ,HOME,1927150,N. Ferrer Iglesia,N. Ferrer Iglesia,0,8.9,537.0,0.0,0.0,2.0,0.0,1.0,0.0,3.0,0.0,0.0,0.0,1.0,1.0,0.0,1.0,2.0,0.0,0.0,1.0,0.0,-2.0,2.0,0.0,0.0,33.3,0.0,0.0,0.0,0.0,0.0,11.8,6.5,0.0,10.8,0.0,25.0,20.1
2486874,4,981428,HOMS U.E.MATARÓ,HOME,2319991,S. Niang Beye,S. Niang Beye,1,23.9,1436.0,5.0,1.0,3.0,1.0,5.0,2.0,8.0,0.0,0.0,2.0,5.0,7.0,2.0,2.0,1.0,0.0,0.0,4.0,0.0,3.0,-11.0,31.2,31.2,62.5,0.0,0.7,0.6,0.0,10.8,22.0,17.0,14.1,2.0,0.0,20.0,18.7
2486874,4,981428,HOMS U.E.MATARÓ,HOME,1942837,G. Martinez Rivera,G. Martinez Rivera,0,26.1,1568.0,18.0,4.0,10.0,3.0,4.0,7.0,14.0,1.0,5.0,2.0,2.0,4.0,0.0,1.0,1.0,0.0,0.0,3.0,3.0,11.0,0.0,55.6,60.7,28.6,35.7,0.8,2.2,1.7,9.9,8.1,8.9,0.0,1.8,0.0,5.8,29.5
2486874,4,981428,HOMS U.E.MATARÓ,HOME,2813635,E. Kalu,E. Kalu,0,22.5,1351.0,1.0,0.0,0.0,0.0,0.0,0.0,0.0,1.0,2.0,1.0,5.0,6.0,1.0,1.0,0.0,1.0,0.0,5.0,1.0,3.0,8.0,56.8,0.0,0.0,0.0,0.0,0.0,2.0,5.7,23.4,15.5,6.2,0.0,5.9,53.2,3.7
2486874,4,981428,HOMS U.E.MATARÓ,HOME,1920919,E. Coll Comabella,E. Coll Comabella,0,18.5,1109.0,10.0,3.0,4.0,0.0,1.0,3.0,5.0,4.0,6.0,0.0,0.0,0.0,3.0,0.0,0.0,0.0,0.0,3.0,8.0,14.0,-6.0,65.4,60.0,20.0,120.0,1.5,0.0,0.8,0.0,0.0,0.0,28.6,0.0,0.0,0.0,18.5
2486874,4,981428,HOMS U.E.MATARÓ,HOME,2834418,D. Acosta Almonte,D. Acosta Almonte,1,5.7,344.0,1.0,0.0,2.0,0.0,0.0,0.0,2.0,1.0,2.0,3.0,1.0,4.0,0.0,5.0,0.0,0.0,0.0,1.0,1.0,-3.0,-2.0,17.4,0.0,0.0,100.0,0.0,0.0,2.0,67.9,18.5,40.7,0.0,0.0,0.0,63.5,61.9
2486874,4,981490,CLUB ESPORTIU BÀSQUET LLÍRIA,AWAY,2274877,K. Clement Aigbogun,K. Clement Aigbogun,0,10.3,617.0,5.0,1.0,1.0,1.0,2.0,2.0,3.0,0.0,0.0,1.0,2.0,3.0,0.0,1.0,0.0,0.0,0.0,5.0,2.0,3.0,-5.0,83.3,83.3,66.7,0.0,2.0,1.5,0.0,10.2,25.1,16.9,0.0,0.0,0.0,25.0,16.1
2486874,4,981490,CLUB ESPORTIU BÀSQUET LLÍRIA,AWAY,2665346,D. Kandulu,D. Kandulu,1,18.5,1110.0,8.0,4.0,6.0,0.0,0.0,4.0,6.0,0.0,0.0,3.0,5.0,8.0,0.0,2.0,4.0,0.0,0.0,2.0,2.0,16.0,9.0,66.7,66.7,0.0,0.0,1.3,0.0,0.0,17.1,34.9,25.1,0.0,10.6,0.0,25.0,17.9
2486874,4,981490,CLUB ESPORTIU BÀSQUET LLÍRIA,AWAY,1702333,E. Herrera Sauret,E. Herrera Sauret,0,11.2,673.0,7.0,0.0,0.0,1.0,2.0,1.0,2.0,4.0,4.0,1.0,3.0,4.0,0.0,0.0,1.0,0.0,0.0,3.0,3.0,11.0,19.0,93.1,75.0,100.0,200.0,0.0,1.5,1.3,9.4,34.6,20.7,0.0,4.4,0.0,0.0,13.9
2486874,4,981490,CLUB ESPORTIU BÀSQUET LLÍRIA,AWAY,1995160,D. Rivas Palmer,D. Rivas Palmer,1,16.4,987.0,0.0,0.0,1.0,0.0,2.0,0.0,3.0,0.0,0.0,0.0,1.0,1.0,0.0,1.0,1.0,0.0,0.0,2.0,1.0,-3.0,-15.0,0.0,0.0,66.7,0.0,0.0,0.0,0.0,0.0,7.9,3.5,0.0,3.0,0.0,25.0,10.1
2486874,4,981490,CLUB ESPORTIU BÀSQUET LLÍRIA,AWAY,1882178,J. Palamos Molins,J. Palamos Molins,0,19.8,1188.0,3.0,1.0,2.0,0.0,2.0,1.0,4.0,1.0,2.0,3.0,2.0,5.0,4.0,5.0,0.0,0.0,1.0,3.0,1.0,1.0,-12.0,30.7,25.0,50.0,50.0,1.0,0.0,2.0,15.9,13.0,14.6,32.0,0.0,0.0,50.6,20.7
2486874,4,981490,CLUB ESPORTIU BÀSQUET LLÍRIA,AWAY,2281145,A. Rivas Palmer,A. Rivas Palmer,1,25.1,1506.0,6.0,1.0,3.0,1.0,7.0,2.0,10.0,1.0,2.0,1.0,4.0,5.0,1.0,1.0,4.0,0.0,0.0,4.0,1.0,3.0,9.0,27.6,25.0,70.0,20.0,0.7,0.4,2.0,4.2,20.6,11.5,7.0,7.8,0.0,8.4,19.6
2486874,4,981490,CLUB ESPORTIU BÀSQUET LLÍRIA,AWAY,1560358,A. Meana Perez,A. Meana Perez,1,23.3,1396.0,16.0,1.0,2.0,3.0,6.0,4.0,8.0,5.0,5.0,0.0,0.0,0.0,6.0,2.0,2.0,0.0,0.0,2.0,6.0,22.0,12.0,78.4,68.8,75.0,62.5,1.0,1.5,0.8,0.0,0.0,0.0,49.2,4.2,0.0,16.4,21.7
2486874,4,981490,CLUB ESPORTIU BÀSQUET LLÍRIA,AWAY,1257494,V. Perez Tomas,V. Perez Tomas,0,16.4,986.0,6.0,1.0,4.0,0.0,7.0,1.0,11.0,4.0,6.0,0.0,1.0,1.0,3.0,1.0,0.0,0.0,0.0,2.0,6.0,1.0,-9.0,22.0,9.1,63.6,54.5,0.5,0.0,1.0,0.0,7.9,3.5,30.6,0.0,0.0,6.8,37.0
2486874,4,981490,CLUB ESPORTIU BÀSQUET LLÍRIA,AWAY,1761293,P. Bono Soler,P. Bono Soler,0,14.9,894.0,6.0,0.0,1.0,2.0,2.0,2.0,3.0,0.0,2.0,1.0,2.0,3.0,0.0,2.0,0.0,0.0,1.0,1.0,2.0,5.0,-6.0,77.3,100.0,66.7,66.7,0.0,3.0,1.0,7.1,17.3,11.7,0.0,0.0,0.0,34.0,16.3
2486874,4,981490,CLUB ESPORTIU BÀSQUET LLÍRIA,AWAY,2184821,M. Enabulele Ogunsuyi,M. Enabulele Ogunsuyi,0,21.5,1290.0,12.0,5.0,6.0,0.0,0.0,5.0,6.0,2.0,3.0,2.0,1.0,3.0,0.0,3.0,1.0,1.0,0.0,3.0,3.0,12.0,-6.0,82.0,83.3,0.0,50.0,1.7,0.0,1.0,9.8,6.0,8.1,0.0,2.3,5.2,29.1,19.9
2486874,4,981490,CLUB ESPORTIU BÀSQUET LLÍRIA,AWAY,2222436,S. Gallego Mogro,S. Gallego Mogro,1,22.6,1353.0,12.0,3.0,4.0,2.0,6.0,5.0,10.0,0.0,0.0,1.0,2.0,3.0,2.0,2.0,0.0,0.0,0.0,1.0,0.0,9.0,19.0,60.0,60.0,60.0,0.0,1.5,1.0,0.0,4.7,11.4,7.7,17.9,0.0,0.0,16.7,22.0
2486875,4,981281,LOBE HUESCA LA MAGIA,HOME,2151562,O. Thiam Pedrera,O. Thiam Pedrera,1,18.1,1086.0,6.0,3.0,4.0,0.0,4.0,3.0,8.0,0.0,0.0,1.0,6.0,7.0,2.0,0.0,1.0,0.0,0.0,4.0,0.0,7.0,5.0,37.5,37.5,50.0,0.0,1.5,0.0,0.0,6.7,32.3,20.9,12.5,2.8,0.0,0.0,19.0
2486875,4,981281,LOBE HUESCA LA MAGIA,HOME,2815547,J. Wells,J. Wells,1,23.1,1387.0,15.0,2.0,2.0,3.0,8.0,5.0,10.0,2.0,2.0,1.0,2.0,3.0,3.0,2.0,1.0,0.0,0.0,1.0,1.0,15.0,14.0,68.9,65.0,80.0,20.0,2.0,1.1,2.0,5.2,8.4,7.0,16.9,2.2,0.0,15.5,23.9
2486875,4,981281,LOBE HUESCA LA MAGIA,HOME,2275700,I. Terreros Rivas,I. Terreros Rivas,0,7.7,459.0,3.0,0.0,0.0,1.0,1.0,1.0,1.0,0.0,0.0,0.0,0.0,0.0,0.0,0.0,0.0,0.0,0.0,2.0,0.0,1.0,5.0,150.0,150.0,100.0,0.0,0.0,3.0,0.0,0.0,0.0,0.0,0.0,0.0,0.0,0.0,5.6
2486875,4,981281,LOBE HUESCA LA MAGIA,HOME,1756469,H. Figueroa Álvarez,H. Figueroa Álvarez,1,20.8,1249.0,18.0,2.0,4.0,4.0,8.0,6.0,12.0,2.0,3.0,0.0,1.0,1.0,3.0,1.0,1.0,0.0,0.0,3.0,2.0,14.0,12.0,67.6,66.7,66.7,25.0,1.0,1.5,1.5,0.0,4.7,2.6,23.1,2.4,0.0,7.0,29.5
2486875,4,981281,LOBE HUESCA LA MAGIA,HOME,1759956,I. Corraliza Coba,I. Corraliza Coba,0,22.5,1351.0,15.0,3.0,4.0,2.0,3.0,5.0,7.0,3.0,3.0,5.0,1.0,6.0,5.0,3.0,0.0,1.0,0.0,0.0,3.0,25.0,14.0,90.1,85.7,42.9,42.9,1.5,2.0,1.0,26.9,4.3,14.4,28.1,0.0,3.2,26.5,21.6
2486875,4,981281,LOBE HUESCA LA MAGIA,HOME,1895950,P. Gallego Broto,P. Gallego Broto,0,2.1,128.0,0.0,0.0,0.0,0.0,0.0,0.0,0.0,0.0,0.0,0.0,0.0,0.0,0.0,0.0,0.0,0.0,0.0,2.0,0.0,-2.0,-4.0,0.0,0.0,0.0,0.0,0.0,0.0,0.0,0.0,0.0,0.0,0.0,0.0,0.0,0.0,0.0
2486875,4,981281,LOBE HUESCA LA MAGIA,HOME,2815923,M. Carreira Kreps,M. Carreira Kreps,0,22.2,1333.0,19.0,2.0,3.0,4.0,5.0,6.0,8.0,3.0,4.0,3.0,2.0,5.0,2.0,1.0,1.0,0.0,0.0,2.0,4.0,25.0,16.0,97.3,100.0,62.5,50.0,1.3,2.4,1.0,16.4,8.8,12.2,11.9,2.3,0.0,9.3,20.8
2486875,4,981281,LOBE HUESCA LA MAGIA,HOME,2823388,J. Fritz,J. Fritz,0,19.1,1146.0,6.0,1.0,3.0,1.0,2.0,2.0,5.0,1.0,1.0,2.0,3.0,5.0,5.0,0.0,0.0,0.0,0.0,2.0,2.0,13.0,14.0,55.1,50.0,40.0,20.0,0.7,1.5,0.5,12.7,15.3,14.2,29.4,0.0,0.0,0.0,12.2
2486875,4,981281,LOBE HUESCA LA MAGIA,HOME,2815543,A. Badmus,A. Badmus,1,23.8,1428.0,10.0,3.0,7.0,1.0,2.0,4.0,9.0,1.0,6.0,1.0,2.0,3.0,0.0,2.0,0.0,1.0,0.0,2.0,6.0,6.0,16.0,43.0,50.0,22.2,66.7,0.9,1.5,1.0,5.1,8.2,6.8,0.0,0.0,3.0,14.7,24.6
2486875,4,981281,LOBE HUESCA LA MAGIA,HOME,1761508,P. Lopez-Sanvicente Reta,P. Lopez-Sanvicente Reta,0,17.1,1027.0,7.0,2.0,3.0,1.0,3.0,3.0,6.0,0.0,0.0,2.0,4.0,6.0,3.0,1.0,0.0,1.0,0.0,1.0,2.0,14.0,10.0,58.3,58.3,50.0,0.0,1.3,1.0,0.0,14.2,22.8,19.0,24.6,0.0,4.2,14.3,17.6
2486875,4,981281,LOBE HUESCA LA MAGIA,HOME,2054954,G. Vazquez Vallejo,G. Vazquez Vallejo,1,23.4,1406.0,9.0,2.0,3.0,1.0,4.0,3.0,7.0,2.0,2.0,1.0,3.0,4.0,3.0,1.0,0.0,0.0,0.0,2.0,3.0,12.0,8.0,57.1,50.0,57.1,28.6,1.3,0.8,0.7,5.2,12.5,9.2,15.2,0.0,0.0,11.3,16.3
2486875,4,981275,MADERAS SORLI BENICARLO,AWAY,2467065,A. Ikpeze,A. Ikpeze,0,17.1,1026.0,6.0,3.0,5.0,0.0,0.0,3.0,5.0,0.0,0.0,1.0,3.0,4.0,0.0,1.0,0.0,0.0,0.0,1.0,0.0,6.0,-13.0,60.0,60.0,0.0,0.0,1.2,0.0,0.0,5.7,21.3,12.6,0.0,0.0,0.0,16.7,14.6
2486875,4,981275,MADERAS SORLI BENICARLO,AWAY,2534405,L. Soumbey-Alley,L. Soumbey-Alley,1,31.6,1897.0,16.0,5.0,13.0,1.0,4.0,6.0,17.0,3.0,5.0,2.0,5.0,7.0,1.0,2.0,2.0,0.0,0.0,5.0,5.0,11.0,-17.0,41.7,38.2,23.5,29.4,0.8,0.8,1.0,6.2,19.2,12.0,4.9,3.3,0.0,9.4,27.9
2486875,4,981275,MADERAS SORLI BENICARLO,AWAY,1485040,A. Haro Val,A. Haro Val,0,17.2,1033.0,0.0,0.0,3.0,0.0,2.0,0.0,5.0,0.0,0.0,0.0,0.0,0.0,3.0,1.0,0.0,0.0,1.0,0.0,1.0,-2.0,-16.0,0.0,0.0,40.0,0.0,0.0,0.0,0.0,0.0,0.0,0.0,22.7,0.0,0.0,16.7,14.5
2486875,4,981275,MADERAS SORLI BENICARLO,AWAY,1998365,P. Harguindey Maneiro,P. Harguindey Maneiro,0,11.1,666.0,1.0,0.0,0.0,0.0,2.0,0.0,2.0,1.0,2.0,0.0,1.0,1.0,0.0,0.0,0.0,0.0,0.0,2.0,1.0,-2.0,-11.0,17.4,0.0,100.0,100.0,0.0,0.0,2.0,0.0,10.9,4.9,0.0,0.0,0.0,0.0,10.8
2486875,4,981275,MADERAS SORLI BENICARLO,AWAY,2500822,M. Voronin,M. Voronin,0,10.0,598.0,0.0,0.0,0.0,0.0,1.0,0.0,1.0,0.0,0.0,0.0,0.0,0.0,0.0,1.0,0.0,0.0,0.0,1.0,2.0,-1.0,-8.0,0.0,0.0,100.0,0.0,0.0,0.0,0.0,0.0,0.0,0.0,0.0,0.0,0.0,50.0,8.3
2486875,4,981275,MADERAS SORLI BENICARLO,AWAY,1659850,A. Prior Ruiz,A. Prior Ruiz,0,18.1,1087.0,9.0,2.0,5.0,1.0,3.0,3.0,8.0,2.0,2.0,2.0,0.0,2.0,2.0,1.0,0.0,0.0,0.0,3.0,1.0,5.0,-17.0,50.7,43.8,37.5,25.0,0.8,1.0,2.0,10.8,0.0,6.0,14.8,0.0,0.0,10.1,22.7
2486875,4,981275,MADERAS SORLI BENICARLO,AWAY,2219986,A. Libroia,A. Libroia,1,30.6,1837.0,21.0,4.0,10.0,4.0,5.0,8.0,15.0,1.0,2.0,0.0,2.0,2.0,1.0,1.0,1.0,0.0,1.0,2.0,1.0,15.0,-12.0,66.1,66.7,33.3,13.3,0.8,2.4,2.0,0.0,7.9,3.5,5.4,1.7,0.0,5.9,23.0
2486875,4,981275,MADERAS SORLI BENICARLO,AWAY,2536645,R. Ukawuba,R. Ukawuba,0,12.9,774.0,11.0,2.0,5.0,0.0,1.0,2.0,6.0,7.0,8.0,2.0,1.0,3.0,2.0,0.0,0.0,0.0,0.0,2.0,4.0,13.0,-11.0,57.8,33.3,16.7,133.3,0.8,0.0,2.0,15.1,9.4,12.6,25.3,0.0,0.0,0.0,30.7
2486875,4,981275,MADERAS SORLI BENICARLO,AWAY,2250610,A. Sanchez Perdiguero,A. Sanchez Perdiguero,1,25.1,1503.0,14.0,7.0,11.0,0.0,2.0,7.0,13.0,0.0,0.0,2.0,3.0,5.0,0.0,0.0,1.0,0.0,1.0,4.0,2.0,12.0,-6.0,53.8,53.8,15.4,0.0,1.3,0.0,0.0,7.8,14.5,10.8,0.0,2.1,0.0,0.0,21.6
2486875,4,981275,MADERAS SORLI BENICARLO,AWAY,2816381,K. Obiekwe Sam,K. Obiekwe Sam,1,11.8,705.0,4.0,2.0,2.0,0.0,1.0,2.0,3.0,0.0,0.0,4.0,1.0,5.0,0.0,1.0,0.0,0.0,0.0,2.0,0.0,5.0,4.0,66.7,66.7,33.3,0.0,2.0,0.0,0.0,33.1,10.3,22.9,0.0,0.0,0.0,25.0,14.1
2486875,4,981275,MADERAS SORLI BENICARLO,AWAY,2439615,O. Ndour,O. Ndour,1,14.6,874.0,4.0,2.0,2.0,0.0,1.0,2.0,3.0,0.0,4.0,4.0,1.0,5.0,0.0,0.0,0.0,0.0,0.0,2.0,4.0,6.0,-3.0,42.0,66.7,33.3,133.3,2.0,0.0,1.0,26.7,8.3,18.5,0.0,0.0,0.0,0.0,13.6
2486876,4,979897,BUENO ARENAS ALBACETE BASKET,HOME,2772828,F. Andrade Amiel,F. Andrade Amiel,1,23.8,1428.0,0.0,0.0,1.0,0.0,3.0,0.0,4.0,0.0,0.0,0.0,2.0,2.0,2.0,1.0,1.0,0.0,0.0,2.0,0.0,-2.0,8.0,0.0,0.0,75.0,0.0,0.0,0.0,0.0,0.0,10.5,4.8,12.5,2.2,0.0,20.0,9.8
2486876,4,979897,BUENO ARENAS ALBACETE BASKET,HOME,1371559,V. Aguilar Hernandez,V. Aguilar Hernandez,1,22.2,1335.0,8.0,1.0,4.0,2.0,3.0,3.0,7.0,0.0,0.0,0.0,2.0,2.0,4.0,4.0,1.0,0.0,0.0,5.0,1.0,3.0,7.0,57.1,57.1,42.9,0.0,0.5,2.0,0.0,0.0,11.3,5.1,40.8,2.3,0.0,36.4,23.1
2486876,4,979897,BUENO ARENAS ALBACETE BASKET,HOME,2813013,N. Reid,N. Reid,1,42.6,2558.0,19.0,3.0,8.0,2.0,9.0,5.0,17.0,7.0,9.0,6.0,6.0,12.0,2.0,1.0,0.0,0.0,0.0,2.0,5.0,21.0,-3.0,45.3,35.3,52.9,52.9,0.8,0.7,1.8,14.7,17.6,16.0,8.4,0.0,0.0,4.6,24.0
2486876,4,979897,BUENO ARENAS ALBACETE BASKET,HOME,1947396,V. Muñoz Quiñones,V. Muñoz Quiñones,0,15.8,948.0,6.0,3.0,5.0,0.0,2.0,3.0,7.0,0.0,1.0,1.0,0.0,1.0,0.0,1.0,0.0,0.0,0.0,3.0,1.0,-1.0,8.0,40.3,42.9,28.6,14.3,1.2,0.0,1.0,6.6,0.0,3.6,0.0,0.0,0.0,11.8,24.9
2486876,4,979897,BUENO ARENAS ALBACETE BASKET,HOME,2432962,S. Merlo,S. Merlo,0,34.3,2056.0,15.0,4.0,9.0,0.0,2.0,4.0,11.0,7.0,8.0,0.0,8.0,8.0,10.0,1.0,3.0,0.0,1.0,3.0,7.0,31.0,-7.0,51.7,36.4,18.2,72.7,0.9,0.0,1.1,0.0,29.2,13.3,54.3,4.5,0.0,6.4,21.1
2486876,4,979897,BUENO ARENAS ALBACETE BASKET,HOME,1603635,J. Gonzalez Albadalejo,J. Gonzalez Albadalejo,0,43.2,2591.0,17.0,1.0,3.0,4.0,11.0,5.0,14.0,3.0,5.0,1.0,2.0,3.0,2.0,1.0,0.0,0.0,0.0,4.0,8.0,14.0,4.0,52.5,50.0,78.6,35.7,0.7,1.1,0.6,2.4,5.8,3.9,8.4,0.0,0.0,5.8,18.6
2486876,4,979897,BUENO ARENAS ALBACETE BASKET,HOME,2364931,A. Perez Conti,A. Perez Conti,1,17.6,1054.0,4.0,2.0,3.0,0.0,1.0,2.0,4.0,0.0,0.0,1.0,1.0,2.0,0.0,0.0,0.0,0.0,0.0,4.0,0.0,0.0,-17.0,50.0,50.0,25.0,0.0,1.3,0.0,0.0,5.9,7.1,6.5,0.0,0.0,0.0,0.0,10.6
2486876,4,979897,BUENO ARENAS ALBACETE BASKET,HOME,2817541,O. Bramble,O. Bramble,0,1.0,61.0,0.0,0.0,0.0,0.0,0.0,0.0,0.0,0.0,0.0,0.0,0.0,0.0,0.0,1.0,0.0,0.0,0.0,1.0,0.0,-2.0,-2.0,0.0,0.0,0.0,0.0,0.0,0.0,0.0,0.0,0.0,0.0,0.0,0.0,0.0,100.0,46.6
2486876,4,979897,BUENO ARENAS ALBACETE BASKET,HOME,1981843,B. Vanaclocha Sanchez,B. Vanaclocha Sanchez,0,13.6,814.0,11.0,4.0,6.0,0.0,0.0,4.0,6.0,3.0,4.0,1.0,2.0,3.0,0.0,1.0,2.0,0.0,0.0,3.0,3.0,12.0,2.0,70.9,66.7,0.0,66.7,1.3,0.0,1.3,7.7,18.4,12.5,0.0,7.6,0.0,11.4,30.0
2486876,4,979897,BUENO ARENAS ALBACETE BASKET,HOME,2432412,J. Hierrezuelo Serer,J. Hierrezuelo Serer,1,35.9,2155.0,18.0,2.0,3.0,4.0,10.0,6.0,13.0,2.0,3.0,1.0,6.0,7.0,0.0,0.0,2.0,0.0,0.0,3.0,3.0,19.0,-5.0,62.8,61.5,76.9,23.1,1.3,1.2,1.0,2.9,20.9,11.1,0.0,2.9,0.0,0.0,18.6
2486876,4,981216,CLASS BASQUET SANT ANTONI,AWAY,2534687,G. Gantt,G. Gantt,1,36.3,2176.0,18.0,1.0,5.0,4.0,7.0,5.0,12.0,4.0,4.0,0.0,4.0,4.0,3.0,2.0,1.0,0.0,0.0,2.0,1.0,16.0,3.0,65.4,58.3,58.3,33.3,0.4,1.7,4.0,0.0,11.5,6.3,16.6,1.4,0.0,12.7,20.1
2486876,4,981216,CLASS BASQUET SANT ANTONI,AWAY,1394852,G. Blat Baeza,G. Blat Baeza,0,29.4,1766.0,8.0,2.0,6.0,1.0,4.0,3.0,10.0,1.0,3.0,2.0,6.0,8.0,8.0,1.0,1.0,0.0,0.0,3.0,3.0,15.0,13.0,35.3,35.0,40.0,30.0,0.7,0.8,1.0,8.5,21.3,15.5,47.6,1.8,0.0,8.1,19.4
2486876,4,981216,CLASS BASQUET SANT ANTONI,AWAY,2815818,K. Johnson,K. Johnson,1,32.4,1942.0,13.0,3.0,5.0,1.0,5.0,4.0,10.0,4.0,6.0,0.0,6.0,6.0,2.0,3.0,1.0,0.0,0.0,2.0,8.0,17.0,-13.0,51.4,45.0,50.0,60.0,1.2,0.6,0.8,0.0,19.3,10.5,12.7,1.6,0.0,19.2,22.4
2486876,4,981216,CLASS BASQUET SANT ANTONI,AWAY,1528610,J. Rodriguez Jimenez,J. Rodriguez Jimenez,0,7.1,424.0,0.0,0.0,0.0,0.0,0.0,0.0,0.0,0.0,0.0,0.0,1.0,1.0,1.0,0.0,0.0,0.0,0.0,1.0,0.0,1.0,3.0,0.0,0.0,0.0,0.0,0.0,0.0,0.0,0.0,14.7,8.0,30.3,0.0,0.0,0.0,0.0
2486876,4,981216,CLASS BASQUET SANT ANTONI,AWAY,2363916,D. De La Rua De Agustin,D. De La Rua De Agustin,1,28.5,1710.0,6.0,1.0,6.0,1.0,4.0,2.0,10.0,1.0,2.0,0.0,4.0,4.0,1.0,1.0,2.0,1.0,0.0,5.0,4.0,3.0,-1.0,27.6,25.0,40.0,20.0,0.3,0.8,0.5,0.0,14.6,8.0,5.6,3.6,4.2,8.4,19.3
2486876,4,981216,CLASS BASQUET SANT ANTONI,AWAY,1397157,R. Gomez Barral,R. Gomez Barral,1,14.6,875.0,5.0,1.0,3.0,1.0,3.0,2.0,6.0,0.0,0.0,3.0,0.0,3.0,1.0,1.0,1.0,0.0,0.0,1.0,0.0,4.0,-1.0,41.7,41.7,50.0,0.0,0.7,1.0,0.0,25.7,0.0,11.7,12.7,3.6,0.0,14.3,22.2
2486876,4,981216,CLASS BASQUET SANT ANTONI,AWAY,2462416,E. Stoilov,E. Stoilov,1,22.6,1356.0,11.0,3.0,6.0,0.0,0.0,3.0,6.0,5.0,6.0,1.0,6.0,7.0,2.0,3.0,0.0,0.0,0.0,5.0,4.0,12.0,-4.0,63.7,50.0,0.0,100.0,1.0,0.0,1.5,5.5,27.7,17.6,14.8,0.0,0.0,25.8,23.9
2486876,4,981216,CLASS BASQUET SANT ANTONI,AWAY,1834527,S. Paz Vazquez,S. Paz Vazquez,0,12.9,776.0,1.0,0.0,0.0,0.0,0.0,0.0,0.0,1.0,2.0,0.0,2.0,2.0,1.0,2.0,0.0,0.0,0.0,2.0,1.0,0.0,-5.0,56.8,0.0,0.0,0.0,0.0,0.0,2.0,0.0,16.1,8.8,10.1,0.0,0.0,69.4,10.4
2486876,4,981216,CLASS BASQUET SANT ANTONI,AWAY,2128433,N. Zizic,N. Zizic,0,20.7,1241.0,13.0,5.0,7.0,0.0,0.0,5.0,7.0,3.0,6.0,3.0,1.0,4.0,0.0,1.0,0.0,0.0,0.0,5.0,3.0,9.0,6.0,67.4,71.4,0.0,85.7,1.4,0.0,2.0,18.1,5.0,11.0,0.0,0.0,0.0,9.4,23.8
2486876,4,981216,CLASS BASQUET SANT ANTONI,AWAY,2182043,J. Solarin,J. Solarin,0,41.3,2476.0,22.0,6.0,9.0,2.0,5.0,8.0,14.0,4.0,7.0,1.0,7.0,8.0,0.0,2.0,0.0,0.0,0.0,2.0,6.0,23.0,2.0,64.4,64.3,35.7,50.0,1.3,1.2,1.2,3.0,17.7,11.0,0.0,0.0,0.0,10.5,21.4
2486876,4,981216,CLASS BASQUET SANT ANTONI,AWAY,1878691,I. Ruiz Gonzalez,I. Ruiz Gonzalez,0,4.3,258.0,2.0,1.0,1.0,0.0,0.0,1.0,1.0,0.0,0.0,1.0,0.0,1.0,0.0,0.0,1.0,0.0,0.0,1.0,0.0,3.0,2.0,100.0,100.0,0.0,0.0,2.0,0.0,0.0,29.1,0.0,13.2,0.0,12.1,0.0,0.0,10.8
2486877,5,981514,SPANISH BASKETBALL ACADEMY,HOME,1990032,M. Echeverria Fernandez,M. Echeverria Fernandez,0,9.2,550.0,4.0,2.0,4.0,0.0,0.0,2.0,4.0,0.0,0.0,0.0,1.0,1.0,0.0,1.0,1.0,0.0,0.0,3.0,0.0,0.0,3.0,50.0,50.0,0.0,0.0,1.0,0.0,0.0,0.0,11.4,6.6,0.0,5.7,0.0,20.0,23.7
2486877,5,981514,SPANISH BASKETBALL ACADEMY,HOME,2436640,J. Puidet,J. Puidet,1,29.2,1753.0,8.0,2.0,4.0,1.0,6.0,3.0,10.0,1.0,1.0,1.0,2.0,3.0,2.0,1.0,0.0,0.0,0.0,2.0,2.0,5.0,-6.0,38.3,35.0,60.0,10.0,1.0,0.5,0.5,4.9,7.2,6.2,12.0,0.0,0.0,8.7,17.1
2486877,5,981514,SPANISH BASKETBALL ACADEMY,HOME,2312124,S. Traore,S. Traore,0,11.6,693.0,7.0,3.0,6.0,0.0,0.0,3.0,6.0,1.0,2.0,3.0,1.0,4.0,0.0,1.0,0.0,0.0,0.0,1.0,1.0,6.0,-9.0,50.9,50.0,0.0,33.3,1.0,0.0,2.0,36.9,9.1,20.9,0.0,0.0,0.0,12.7,29.6
2486877,5,981514,SPANISH BASKETBALL ACADEMY,HOME,2481590,A. Butko,A. Butko,0,5.7,340.0,0.0,0.0,0.0,0.0,0.0,0.0,0.0,0.0,0.0,0.0,1.0,1.0,0.0,1.0,0.0,0.0,0.0,1.0,0.0,-1.0,5.0,0.0,0.0,0.0,0.0,0.0,0.0,0.0,0.0,18.5,10.6,0.0,0.0,0.0,100.0,7.6
2486877,5,981514,SPANISH BASKETBALL ACADEMY,HOME,2065452,J. Santano Bartolome,J. Santano Bartolome,1,24.7,1480.0,7.0,3.0,3.0,0.0,0.0,3.0,3.0,1.0,2.0,0.0,4.0,4.0,0.0,1.0,1.0,0.0,0.0,1.0,1.0,10.0,-4.0,90.2,100.0,0.0,66.7,2.0,0.0,2.0,0.0,17.0,9.8,0.0,2.1,0.0,20.5,8.6
2486877,5,981514,SPANISH BASKETBALL ACADEMY,HOME,2203181,J. Ortega Mora,J. Ortega Mora,0,3.9,231.0,0.0,0.0,0.0,0.0,0.0,0.0,0.0,0.0,0.0,0.0,0.0,0.0,0.0,0.0,0.0,0.0,0.0,3.0,0.0,-3.0,3.0,0.0,0.0,0.0,0.0,0.0,0.0,0.0,0.0,0.0,0.0,0.0,0.0,0.0,0.0,0.0
2486877,5,981514,SPANISH BASKETBALL ACADEMY,HOME,1374966,A. Moreno Trujillo,A. Moreno Trujillo,0,25.7,1540.0,6.0,0.0,2.0,0.0,2.0,0.0,4.0,6.0,6.0,0.0,3.0,3.0,6.0,2.0,0.0,1.0,0.0,4.0,4.0,10.0,6.0,45.2,0.0,50.0,150.0,0.0,0.0,1.5,0.0,12.3,7.1,35.7,0.0,5.0,23.1,14.7
2486877,5,981514,SPANISH BASKETBALL ACADEMY,HOME,2816737,D. Simeunovic,D. Simeunovic,1,32.6,1956.0,31.0,10.0,13.0,1.0,6.0,11.0,19.0,8.0,15.0,3.0,5.0,8.0,1.0,3.0,3.0,1.0,0.0,1.0,9.0,34.0,-1.0,60.5,60.5,31.6,78.9,1.5,0.5,1.7,13.1,16.1,14.9,8.8,4.8,4.0,10.5,38.2
2486877,5,981514,SPANISH BASKETBALL ACADEMY,HOME,2752020,E. Medina Roa,E. Medina Roa,1,24.3,1460.0,11.0,5.0,6.0,0.0,0.0,5.0,6.0,1.0,1.0,5.0,3.0,8.0,0.0,5.0,1.0,4.0,1.0,2.0,1.0,17.0,2.0,85.4,83.3,0.0,16.7,1.7,0.0,1.0,29.4,13.0,20.0,0.0,2.1,21.2,43.7,20.5
2486877,5,981514,SPANISH BASKETBALL ACADEMY,HOME,1825944,R. Garcia Salame,R. Garcia Salame,1,33.3,1997.0,4.0,1.0,7.0,0.0,2.0,1.0,9.0,2.0,2.0,0.0,9.0,9.0,6.0,3.0,3.0,0.0,1.0,3.0,7.0,15.0,-4.0,20.2,11.1,22.2,22.2,0.3,0.0,0.3,0.0,28.4,16.4,28.0,4.7,0.0,23.3,16.9
2486877,5,979897,BUENO ARENAS ALBACETE BASKET,AWAY,2772828,F. Andrade Amiel,F. Andrade Amiel,1,13.6,814.0,3.0,0.0,0.0,1.0,6.0,1.0,6.0,0.0,0.0,0.0,1.0,1.0,1.0,0.0,0.0,0.0,0.0,3.0,1.0,-2.0,1.0,25.0,25.0,100.0,0.0,0.0,0.5,0.0,0.0,10.5,4.5,13.0,0.0,0.0,0.0,20.5
2486877,5,979897,BUENO ARENAS ALBACETE BASKET,AWAY,1371559,V. Aguilar Hernandez,V. Aguilar Hernandez,0,24.1,1449.0,9.0,4.0,4.0,0.0,2.0,4.0,6.0,1.0,2.0,0.0,1.0,1.0,3.0,3.0,1.0,0.0,0.0,4.0,4.0,8.0,-1.0,65.4,66.7,33.3,33.3,2.0,0.0,0.5,0.0,5.9,2.5,22.4,2.1,0.0,30.4,19.1
2486877,5,979897,BUENO ARENAS ALBACETE BASKET,AWAY,2813013,N. Reid,N. Reid,1,31.1,1869.0,8.0,0.0,2.0,2.0,7.0,2.0,9.0,2.0,2.0,2.0,4.0,6.0,0.0,1.0,0.0,1.0,1.0,5.0,1.0,3.0,8.0,40.5,33.3,77.8,22.2,0.0,0.9,2.0,6.8,18.4,11.7,0.0,0.0,2.9,9.2,16.3
2486877,5,979897,BUENO ARENAS ALBACETE BASKET,AWAY,1947396,V. Muñoz Quiñones,V. Muñoz Quiñones,0,16.9,1015.0,12.0,6.0,6.0,0.0,0.0,6.0,6.0,0.0,1.0,2.0,2.0,4.0,0.0,1.0,0.0,0.0,0.0,4.0,2.0,12.0,0.0,93.2,100.0,0.0,16.7,2.0,0.0,0.5,12.5,16.9,14.3,0.0,0.0,0.0,13.4,20.5
2486877,5,979897,BUENO ARENAS ALBACETE BASKET,AWAY,2432962,S. Merlo,S. Merlo,1,34.8,2086.0,13.0,2.0,7.0,3.0,6.0,5.0,13.0,0.0,1.0,0.0,4.0,4.0,9.0,3.0,6.0,0.0,2.0,1.0,3.0,22.0,0.0,48.4,50.0,46.2,7.7,0.6,1.5,0.3,0.0,16.4,7.0,42.7,8.6,0.0,18.2,22.0
2486877,5,979897,BUENO ARENAS ALBACETE BASKET,AWAY,1603635,J. Gonzalez Albadalejo,J. Gonzalez Albadalejo,0,31.8,1909.0,8.0,0.0,3.0,2.0,6.0,2.0,9.0,2.0,2.0,0.0,1.0,1.0,4.0,2.0,1.0,0.0,1.0,0.0,3.0,8.0,-1.0,40.5,33.3,66.7,22.2,0.0,1.0,0.7,0.0,4.5,1.9,18.9,1.6,0.0,16.8,17.4
2486877,5,979897,BUENO ARENAS ALBACETE BASKET,AWAY,2364931,A. Perez Conti,A. Perez Conti,1,6.8,408.0,0.0,0.0,0.0,0.0,0.0,0.0,0.0,0.0,0.0,2.0,1.0,3.0,0.0,2.0,0.0,0.0,0.0,3.0,0.0,-2.0,-1.0,0.0,0.0,0.0,0.0,0.0,0.0,0.0,31.0,21.0,26.7,0.0,0.0,0.0,100.0,13.7
2486877,5,979897,BUENO ARENAS ALBACETE BASKET,AWAY,2817541,O. Bramble,O. Bramble,0,4.2,249.0,4.0,0.0,1.0,0.0,0.0,0.0,1.0,4.0,4.0,1.0,0.0,1.0,0.0,0.0,0.0,0.0,0.0,1.0,2.0,5.0,-5.0,72.5,0.0,0.0,400.0,0.0,0.0,2.0,25.1,0.0,14.4,0.0,0.0,0.0,0.0,30.6
2486877,5,979897,BUENO ARENAS ALBACETE BASKET,AWAY,1981843,B. Vanaclocha Sanchez,B. Vanaclocha Sanchez,1,13.9,833.0,6.0,3.0,4.0,0.0,0.0,3.0,4.0,0.0,0.0,2.0,0.0,2.0,2.0,1.0,0.0,1.0,1.0,2.0,0.0,7.0,-3.0,75.0,75.0,0.0,0.0,1.5,0.0,0.0,15.1,0.0,8.7,35.1,0.0,6.4,20.0,16.7
2486877,5,979897,BUENO ARENAS ALBACETE BASKET,AWAY,2432412,J. Hierrezuelo Serer,J. Hierrezuelo Serer,0,22.8,1368.0,16.0,3.0,4.0,3.0,7.0,6.0,11.0,1.0,6.0,0.0,2.0,2.0,0.0,0.0,0.0,0.0,1.0,2.0,3.0,9.0,7.0,58.7,68.2,63.6,54.5,1.5,1.3,2.0,0.0,12.5,5.3,0.0,0.0,0.0,0.0,27.9
2486878,5,981275,MADERAS SORLI BENICARLO,HOME,2467065,A. Ikpeze,A. Ikpeze,1,20.3,1217.0,12.0,5.0,10.0,0.0,0.0,5.0,10.0,2.0,2.0,1.0,1.0,2.0,1.0,0.0,1.0,1.0,0.0,3.0,2.0,11.0,3.0,55.1,50.0,0.0,20.0,1.0,0.0,1.0,6.8,6.4,6.6,11.1,2.6,6.4,0.0,25.5
2486878,5,981275,MADERAS SORLI BENICARLO,HOME,2279239,G. Folla-Cisneros Gimeno,G. Folla-Cisneros Gimeno,0,1.9,113.0,0.0,0.0,0.0,0.0,0.0,0.0,0.0,0.0,0.0,0.0,0.0,0.0,0.0,0.0,0.0,0.0,0.0,0.0,0.0,0.0,-2.0,0.0,0.0,0.0,0.0,0.0,0.0,0.0,0.0,0.0,0.0,0.0,0.0,0.0,0.0,0.0
2486878,5,981275,MADERAS SORLI BENICARLO,HOME,2534405,L. Soumbey-Alley,L. Soumbey-Alley,1,16.5,990.0,9.0,1.0,4.0,1.0,2.0,2.0,6.0,4.0,4.0,0.0,3.0,3.0,5.0,3.0,1.0,0.0,0.0,3.0,2.0,10.0,-6.0,58.0,41.7,33.3,66.7,0.5,1.5,2.0,0.0,23.5,12.1,54.3,3.2,0.0,27.9,31.0
2486878,5,981275,MADERAS SORLI BENICARLO,HOME,1485040,A. Haro Val,A. Haro Val,1,0.3,19.0,0.0,0.0,0.0,0.0,0.0,0.0,0.0,0.0,0.0,0.0,0.0,0.0,0.0,0.0,0.0,0.0,0.0,0.0,0.0,0.0,0.0,0.0,0.0,0.0,0.0,0.0,0.0,0.0,0.0,0.0,0.0,0.0,0.0,0.0,0.0,0.0
2486878,5,981275,MADERAS SORLI BENICARLO,HOME,1998365,P. Harguindey Maneiro,P. Harguindey Maneiro,1,20.0,1199.0,3.0,0.0,0.0,1.0,3.0,1.0,3.0,0.0,0.0,0.0,1.0,1.0,0.0,0.0,1.0,0.0,0.0,2.0,0.0,1.0,-9.0,50.0,50.0,100.0,0.0,0.0,1.0,0.0,0.0,6.5,3.3,0.0,2.6,0.0,0.0,7.1
2486878,5,981275,MADERAS SORLI BENICARLO,HOME,2500822,M. Voronin,M. Voronin,0,23.7,1420.0,9.0,4.0,5.0,0.0,2.0,4.0,7.0,1.0,1.0,0.0,1.0,1.0,1.0,1.0,2.0,0.0,0.0,0.0,1.0,10.0,0.0,60.5,57.1,28.6,14.3,1.6,0.0,1.0,0.0,5.4,2.8,7.8,4.4,0.0,11.8,16.9
2486878,5,981275,MADERAS SORLI BENICARLO,HOME,1659850,A. Prior Ruiz,A. Prior Ruiz,1,24.9,1492.0,4.0,1.0,3.0,0.0,1.0,1.0,4.0,2.0,2.0,2.0,3.0,5.0,1.0,1.0,0.0,0.0,0.0,2.0,2.0,6.0,-3.0,41.0,25.0,25.0,50.0,0.7,0.0,1.0,11.1,15.5,13.4,6.3,0.0,0.0,17.0,11.2
2486878,5,981275,MADERAS SORLI BENICARLO,HOME,2219986,A. Libroia,A. Libroia,0,37.8,2268.0,21.0,8.0,15.0,1.0,4.0,9.0,19.0,2.0,4.0,1.0,5.0,6.0,4.0,4.0,1.0,0.0,1.0,3.0,4.0,17.0,-1.0,50.6,50.0,21.1,21.1,1.1,0.8,1.0,3.6,17.1,10.6,24.7,1.4,0.0,16.2,31.1
2486878,5,981275,MADERAS SORLI BENICARLO,HOME,2536645,R. Ukawuba,R. Ukawuba,0,19.4,1165.0,8.0,3.0,5.0,0.0,2.0,3.0,7.0,2.0,2.0,0.0,1.0,1.0,1.0,1.0,1.0,0.0,0.0,1.0,2.0,7.0,10.0,50.8,42.9,28.6,28.6,1.2,0.0,1.0,0.0,6.7,3.4,9.1,2.7,0.0,11.3,21.8
2486878,5,981275,MADERAS SORLI BENICARLO,HOME,2250610,A. Sanchez Perdiguero,A. Sanchez Perdiguero,0,17.7,1063.0,3.0,0.0,1.0,0.0,1.0,0.0,2.0,3.0,8.0,3.0,2.0,5.0,0.0,2.0,2.0,0.0,0.0,3.0,8.0,6.0,-12.0,27.2,0.0,50.0,400.0,0.0,0.0,1.0,23.4,14.6,18.8,0.0,5.9,0.0,26.6,20.2
2486878,5,981275,MADERAS SORLI BENICARLO,HOME,2439615,O. Ndour,O. Ndour,0,17.6,1054.0,6.0,3.0,4.0,0.0,0.0,3.0,4.0,0.0,0.0,0.0,5.0,5.0,0.0,0.0,1.0,2.0,1.0,4.0,2.0,11.0,5.0,75.0,75.0,0.0,0.0,1.5,0.0,0.0,0.0,36.7,18.9,0.0,3.0,14.7,0.0,10.8
2486878,5,981216,CLASS BASQUET SANT ANTONI,AWAY,2534687,G. Gantt,G. Gantt,0,18.0,1081.0,14.0,1.0,2.0,4.0,6.0,5.0,8.0,0.0,0.0,0.0,3.0,3.0,1.0,0.0,0.0,0.0,0.0,3.0,0.0,12.0,3.0,87.5,87.5,75.0,0.0,1.0,2.0,0.0,0.0,23.0,11.1,12.5,0.0,0.0,0.0,20.7
2486878,5,981216,CLASS BASQUET SANT ANTONI,AWAY,1394852,G. Blat Baeza,G. Blat Baeza,1,14.4,865.0,6.0,0.0,2.0,2.0,5.0,2.0,7.0,0.0,0.0,0.0,2.0,2.0,1.0,3.0,0.0,0.0,0.0,3.0,0.0,-2.0,-14.0,42.9,42.9,71.4,0.0,0.0,1.2,0.0,0.0,19.2,9.3,11.9,0.0,0.0,30.0,32.4
2486878,5,981216,CLASS BASQUET SANT ANTONI,AWAY,2815818,K. Johnson,K. Johnson,1,28.1,1683.0,17.0,4.0,7.0,1.0,3.0,5.0,10.0,6.0,7.0,1.0,0.0,1.0,2.0,3.0,1.0,0.0,1.0,0.0,4.0,16.0,9.0,65.0,55.0,30.0,70.0,1.1,1.0,1.8,4.6,0.0,2.4,15.2,1.8,0.0,18.7,26.7
2486878,5,981216,CLASS BASQUET SANT ANTONI,AWAY,1528610,J. Rodriguez Jimenez,J. Rodriguez Jimenez,1,9.7,580.0,0.0,0.0,0.0,0.0,3.0,0.0,3.0,0.0,0.0,0.0,0.0,0.0,0.0,0.0,0.0,0.0,0.0,1.0,1.0,-3.0,-3.0,0.0,0.0,100.0,0.0,0.0,0.0,0.0,0.0,0.0,0.0,0.0,0.0,0.0,0.0,14.4
2486878,5,981216,CLASS BASQUET SANT ANTONI,AWAY,2363916,D. De La Rua De Agustin,D. De La Rua De Agustin,0,27.7,1663.0,15.0,2.0,3.0,1.0,5.0,3.0,8.0,8.0,10.0,1.0,4.0,5.0,6.0,5.0,1.0,0.0,0.0,2.0,9.0,22.0,13.0,60.5,43.8,62.5,125.0,1.3,0.6,1.1,4.7,19.9,12.0,39.5,1.9,0.0,28.7,29.3
2486878,5,981216,CLASS BASQUET SANT ANTONI,AWAY,1397157,R. Gomez Barral,R. Gomez Barral,1,24.6,1473.0,10.0,3.0,3.0,1.0,4.0,4.0,7.0,1.0,1.0,1.0,4.0,5.0,0.0,0.0,1.0,0.0,0.0,3.0,1.0,11.0,14.0,67.2,64.3,57.1,14.3,2.0,0.8,1.0,5.2,22.4,13.6,0.0,2.1,0.0,0.0,14.1
2486878,5,981216,CLASS BASQUET SANT ANTONI,AWAY,2462416,E. Stoilov,E. Stoilov,1,14.2,849.0,0.0,0.0,3.0,0.0,0.0,0.0,3.0,0.0,0.0,0.0,3.0,3.0,2.0,1.0,0.0,0.0,2.0,4.0,4.0,1.0,-9.0,0.0,0.0,0.0,0.0,0.0,0.0,0.0,0.0,29.1,14.1,19.2,0.0,0.0,25.0,13.1
2486878,5,981216,CLASS BASQUET SANT ANTONI,AWAY,1834527,S. Paz Vazquez,S. Paz Vazquez,0,17.3,1036.0,5.0,1.0,1.0,1.0,2.0,2.0,3.0,0.0,0.0,3.0,3.0,6.0,2.0,2.0,1.0,0.0,0.0,2.0,0.0,9.0,6.0,83.3,83.3,66.7,0.0,2.0,1.5,0.0,22.4,23.9,23.1,23.8,3.0,0.0,40.0,13.5
2486878,5,981216,CLASS BASQUET SANT ANTONI,AWAY,2128433,N. Zizic,N. Zizic,0,20.0,1200.0,6.0,3.0,6.0,0.0,0.0,3.0,6.0,0.0,0.0,2.0,2.0,4.0,1.0,1.0,1.0,1.0,0.0,1.0,0.0,8.0,-4.0,50.0,50.0,0.0,0.0,1.0,0.0,0.0,12.9,13.8,13.3,10.0,2.6,4.3,14.3,16.3
2486878,5,981216,CLASS BASQUET SANT ANTONI,AWAY,2182043,J. Solarin,J. Solarin,0,19.7,1180.0,3.0,1.0,3.0,0.0,2.0,1.0,5.0,1.0,2.0,1.0,1.0,2.0,1.0,0.0,0.0,1.0,0.0,4.0,2.0,0.0,9.0,25.5,20.0,40.0,40.0,0.7,0.0,1.0,6.5,7.0,6.8,8.3,0.0,4.3,0.0,13.9
2486878,5,981216,CLASS BASQUET SANT ANTONI,AWAY,1878691,I. Ruiz Gonzalez,I. Ruiz Gonzalez,0,6.5,390.0,2.0,1.0,1.0,0.0,0.0,1.0,1.0,0.0,0.0,0.0,0.0,0.0,1.0,1.0,0.0,0.0,0.0,0.0,0.0,2.0,-9.0,100.0,100.0,0.0,0.0,2.0,0.0,0.0,0.0,0.0,0.0,23.8,0.0,0.0,50.0,14.3
2486879,5,981490,CLUB ESPORTIU BÀSQUET LLÍRIA,HOME,2274877,K. Clement Aigbogun,K. Clement Aigbogun,0,25.6,1535.0,17.0,4.0,7.0,3.0,7.0,7.0,14.0,0.0,2.0,2.0,3.0,5.0,1.0,1.0,0.0,0.0,0.0,2.0,2.0,13.0,12.0,57.1,60.7,50.0,14.3,1.1,1.3,1.0,6.9,9.8,8.4,10.2,0.0,0.0,6.3,24.1
2486879,5,981490,CLUB ESPORTIU BÀSQUET LLÍRIA,HOME,2665346,D. Kandulu,D. Kandulu,1,15.7,942.0,8.0,3.0,5.0,0.0,0.0,3.0,5.0,2.0,4.0,4.0,2.0,6.0,0.0,1.0,0.0,0.0,1.0,2.0,3.0,10.0,3.0,59.2,60.0,0.0,80.0,1.2,0.0,1.3,22.6,10.6,16.4,0.0,0.0,0.0,12.9,19.2
2486879,5,981490,CLUB ESPORTIU BÀSQUET LLÍRIA,HOME,1702333,E. Herrera Sauret,E. Herrera Sauret,0,17.3,1039.0,20.0,2.0,4.0,4.0,8.0,6.0,12.0,4.0,6.0,1.0,2.0,3.0,3.0,1.0,1.0,0.0,1.0,3.0,6.0,21.0,7.0,68.3,66.7,66.7,50.0,1.0,1.5,1.0,5.1,9.6,7.5,57.7,2.7,0.0,6.4,35.1
2486879,5,981490,CLUB ESPORTIU BÀSQUET LLÍRIA,HOME,1995160,D. Rivas Palmer,D. Rivas Palmer,1,17.9,1073.0,0.0,0.0,1.0,0.0,2.0,0.0,3.0,0.0,0.0,1.0,3.0,4.0,0.0,2.0,0.0,1.0,0.0,1.0,1.0,0.0,-17.0,0.0,0.0,66.7,0.0,0.0,0.0,0.0,5.0,14.0,9.6,0.0,0.0,3.8,40.0,10.8
2486879,5,981490,CLUB ESPORTIU BÀSQUET LLÍRIA,HOME,1882178,J. Palamos Molins,J. Palamos Molins,0,14.1,848.0,0.0,0.0,0.0,0.0,2.0,0.0,2.0,0.0,0.0,0.0,1.0,1.0,1.0,1.0,0.0,0.0,0.0,5.0,3.0,-3.0,2.0,0.0,0.0,100.0,0.0,0.0,0.0,0.0,0.0,5.9,3.1,8.9,0.0,0.0,33.3,8.3
2486879,5,981490,CLUB ESPORTIU BÀSQUET LLÍRIA,HOME,2281145,A. Rivas Palmer,A. Rivas Palmer,1,21.3,1276.0,1.0,0.0,3.0,0.0,6.0,0.0,9.0,1.0,2.0,2.0,5.0,7.0,2.0,4.0,2.0,1.0,0.0,5.0,1.0,-5.0,-18.0,5.1,0.0,66.7,22.2,0.0,0.0,2.0,8.3,19.6,14.1,14.3,4.3,3.2,28.8,25.3
2486879,5,981490,CLUB ESPORTIU BÀSQUET LLÍRIA,HOME,1560358,A. Meana Perez,A. Meana Perez,1,22.1,1324.0,10.0,1.0,2.0,2.0,8.0,3.0,10.0,2.0,3.0,3.0,2.0,5.0,6.0,4.0,0.0,0.0,0.0,5.0,3.0,7.0,-5.0,44.2,40.0,80.0,30.0,1.0,0.8,1.0,12.1,7.5,9.7,43.5,0.0,0.0,26.1,26.9
2486879,5,981490,CLUB ESPORTIU BÀSQUET LLÍRIA,HOME,1257494,V. Perez Tomas,V. Perez Tomas,0,22.0,1322.0,22.0,1.0,5.0,6.0,11.0,7.0,16.0,2.0,2.0,1.0,3.0,4.0,2.0,3.0,0.0,0.0,0.0,1.0,1.0,16.0,3.0,65.2,62.5,68.8,12.5,0.4,1.6,2.0,4.0,11.4,7.8,20.4,0.0,0.0,15.1,35.1
2486879,5,981490,CLUB ESPORTIU BÀSQUET LLÍRIA,HOME,2184821,M. Enabulele Ogunsuyi,M. Enabulele Ogunsuyi,0,24.2,1454.0,4.0,1.0,1.0,0.0,1.0,1.0,2.0,2.0,4.0,0.0,6.0,6.0,1.0,0.0,1.0,3.0,0.0,1.0,1.0,12.0,-6.0,53.2,50.0,50.0,200.0,2.0,0.0,4.0,0.0,20.7,10.7,6.3,1.9,8.4,0.0,6.0
2486879,5,981490,CLUB ESPORTIU BÀSQUET LLÍRIA,HOME,2222436,S. Gallego Mogro,S. Gallego Mogro,1,19.8,1187.0,2.0,1.0,1.0,0.0,1.0,1.0,2.0,0.0,0.0,0.0,7.0,7.0,1.0,1.0,1.0,0.0,0.0,2.0,3.0,10.0,4.0,50.0,50.0,50.0,0.0,2.0,0.0,0.0,0.0,29.5,15.2,7.7,2.3,0.0,33.3,5.9
2486879,5,981281,LOBE HUESCA LA MAGIA,AWAY,2151562,O. Thiam Pedrera,O. Thiam Pedrera,1,16.5,988.0,9.0,3.0,4.0,0.0,1.0,3.0,5.0,3.0,4.0,0.0,0.0,0.0,0.0,2.0,0.0,0.0,0.0,3.0,2.0,3.0,3.0,66.6,60.0,20.0,80.0,1.5,0.0,2.0,0.0,0.0,0.0,0.0,0.0,0.0,22.8,21.1
2486879,5,981281,LOBE HUESCA LA MAGIA,AWAY,2275700,I. Terreros Rivas,I. Terreros Rivas,0,9.6,577.0,2.0,0.0,0.0,0.0,0.0,0.0,0.0,2.0,2.0,0.0,2.0,2.0,1.0,0.0,0.0,0.0,0.0,3.0,1.0,3.0,1.0,113.6,0.0,0.0,0.0,0.0,0.0,2.0,0.0,18.5,9.0,17.2,0.0,0.0,0.0,3.6
2486879,5,981281,LOBE HUESCA LA MAGIA,AWAY,1756469,H. Figueroa Álvarez,H. Figueroa Álvarez,1,26.8,1610.0,29.0,3.0,7.0,5.0,8.0,8.0,15.0,8.0,10.0,1.0,5.0,6.0,4.0,0.0,2.0,0.0,0.0,0.0,5.0,37.0,9.0,74.7,70.0,53.3,66.7,0.9,1.9,2.0,3.1,16.6,9.6,32.5,3.3,0.0,0.0,28.7
2486879,5,981281,LOBE HUESCA LA MAGIA,AWAY,1759956,I. Corraliza Coba,I. Corraliza Coba,1,20.5,1232.0,8.0,3.0,11.0,0.0,0.0,3.0,11.0,2.0,5.0,3.0,2.0,5.0,3.0,2.0,4.0,0.0,1.0,5.0,4.0,6.0,16.0,30.3,27.3,0.0,45.5,0.5,0.0,1.2,12.2,8.7,10.5,26.1,8.8,0.0,13.2,29.4
2486879,5,981281,LOBE HUESCA LA MAGIA,AWAY,2823388,J. Fritz,J. Fritz,1,26.8,1607.0,10.0,3.0,8.0,0.0,1.0,3.0,9.0,4.0,4.0,3.0,10.0,13.0,1.0,2.0,0.0,0.0,0.0,2.0,3.0,17.0,14.0,46.5,33.3,11.1,44.4,0.8,0.0,1.3,9.3,33.2,20.9,5.8,0.0,0.0,15.7,18.9
2486879,5,981281,LOBE HUESCA LA MAGIA,AWAY,2815543,A. Badmus,A. Badmus,0,25.9,1557.0,6.0,3.0,8.0,0.0,0.0,3.0,8.0,0.0,2.0,4.0,1.0,5.0,4.0,0.0,1.0,1.0,2.0,5.0,1.0,6.0,-9.0,33.8,37.5,0.0,25.0,0.8,0.0,2.0,12.9,3.4,8.3,27.8,1.7,5.3,0.0,13.6
2486879,5,981281,LOBE HUESCA LA MAGIA,AWAY,1761508,P. Lopez-Sanvicente Reta,P. Lopez-Sanvicente Reta,0,25.7,1542.0,6.0,3.0,10.0,0.0,1.0,3.0,11.0,0.0,0.0,3.0,7.0,10.0,2.0,0.0,3.0,1.0,1.0,1.0,1.0,14.0,-2.0,27.3,27.3,9.1,0.0,0.6,0.0,0.0,9.7,24.2,16.7,13.9,5.2,5.4,0.0,17.0
2486879,5,981281,LOBE HUESCA LA MAGIA,AWAY,2116811,G. Rodriguez Soler,G. Rodriguez Soler,0,19.3,1156.0,4.0,2.0,5.0,0.0,3.0,2.0,8.0,0.0,3.0,0.0,2.0,2.0,2.0,2.0,0.0,0.0,1.0,3.0,6.0,0.0,-17.0,21.5,25.0,37.5,37.5,0.8,0.0,0.5,0.0,9.2,4.5,16.0,0.0,0.0,17.7,23.3
2486879,5,981281,LOBE HUESCA LA MAGIA,AWAY,2054954,G. Vazquez Vallejo,G. Vazquez Vallejo,1,28.9,1731.0,13.0,3.0,6.0,1.0,3.0,4.0,9.0,4.0,6.0,0.0,2.0,2.0,2.0,1.0,0.0,0.0,0.0,3.0,3.0,9.0,0.0,55.8,50.0,33.3,66.7,1.0,1.0,2.0,0.0,6.2,3.0,12.3,0.0,0.0,7.9,17.3
2486880,5,981358,CIUDAD MOLINA BASKET,HOME,2816300,A. Duval,A. Duval,0,10.6,636.0,2.0,0.0,2.0,0.0,3.0,0.0,5.0,2.0,2.0,0.0,0.0,0.0,0.0,1.0,0.0,0.0,0.0,1.0,2.0,-3.0,-11.0,17.0,0.0,60.0,40.0,0.0,0.0,1.0,0.0,0.0,0.0,0.0,0.0,0.0,14.5,26.3
2486880,5,981358,CIUDAD MOLINA BASKET,HOME,1899744,J. Cascales Fernandez,J. Cascales Fernandez,0,3.4,205.0,0.0,0.0,1.0,0.0,1.0,0.0,2.0,0.0,0.0,0.0,0.0,0.0,1.0,0.0,0.0,0.0,0.0,0.0,0.0,-1.0,4.0,0.0,0.0,50.0,0.0,0.0,0.0,0.0,0.0,0.0,0.0,40.0,0.0,0.0,0.0,23.9
2486880,5,981358,CIUDAD MOLINA BASKET,HOME,1767254,G. Cadme Arias,G. Cadme Arias,0,22.7,1363.0,12.0,3.0,7.0,2.0,3.0,5.0,10.0,0.0,0.0,2.0,3.0,5.0,1.0,0.0,0.0,0.0,0.0,2.0,0.0,11.0,1.0,60.0,60.0,30.0,0.0,0.9,2.0,0.0,7.8,14.3,10.7,10.0,0.0,0.0,0.0,17.9
2486880,5,981358,CIUDAD MOLINA BASKET,HOME,1532799,R. Timoner Gimenez,R. Timoner Gimenez,1,28.6,1719.0,11.0,1.0,4.0,2.0,5.0,3.0,9.0,3.0,5.0,0.0,3.0,3.0,2.0,1.0,0.0,0.0,1.0,3.0,3.0,7.0,-2.0,49.1,44.4,55.6,55.6,0.5,1.2,1.7,0.0,11.3,5.1,13.8,0.0,0.0,8.2,17.3
2486880,5,981358,CIUDAD MOLINA BASKET,HOME,1514342,R. Martínez-Quintanilla Jiménez,R. Martínez-Quintanilla Jiménez,0,10.8,651.0,3.0,0.0,1.0,1.0,4.0,1.0,5.0,0.0,0.0,2.0,2.0,4.0,0.0,2.0,0.0,0.0,1.0,2.0,0.0,-1.0,-6.0,30.0,30.0,80.0,0.0,0.0,0.8,0.0,16.5,20.0,18.1,0.0,0.0,0.0,28.6,26.3
2486880,5,981358,CIUDAD MOLINA BASKET,HOME,2816662,G. Miladinovic,G. Miladinovic,1,21.9,1311.0,10.0,3.0,4.0,0.0,0.0,3.0,4.0,4.0,4.0,4.0,4.0,8.0,0.0,3.0,1.0,0.0,0.0,4.0,4.0,15.0,3.0,86.8,75.0,0.0,100.0,1.5,0.0,1.0,16.2,19.7,17.8,0.0,2.1,0.0,34.2,16.2
2486880,5,981358,CIUDAD MOLINA BASKET,HOME,2557720,M. Garcia Rosello,M. Garcia Rosello,1,24.0,1442.0,6.0,0.0,4.0,2.0,5.0,2.0,9.0,0.0,0.0,3.0,4.0,7.0,2.0,2.0,1.0,0.0,2.0,2.0,0.0,5.0,-1.0,33.3,33.3,55.6,0.0,0.0,1.2,0.0,11.1,18.0,14.2,15.4,2.0,0.0,18.2,18.6
2486880,5,981358,CIUDAD MOLINA BASKET,HOME,2042118,F. Hernandez Martinez,F. Hernandez Martinez,1,31.6,1894.0,24.0,3.0,7.0,2.0,7.0,5.0,14.0,12.0,13.0,1.0,1.0,2.0,3.0,0.0,2.0,0.0,1.0,3.0,9.0,27.0,-5.0,60.9,42.9,50.0,92.9,0.9,0.9,1.4,2.8,3.4,3.1,20.0,3.0,0.0,0.0,25.3
2486880,5,981358,CIUDAD MOLINA BASKET,HOME,2816661,M. Mukendi Mukendi,M. Mukendi Mukendi,0,11.4,686.0,7.0,3.0,5.0,0.0,0.0,3.0,5.0,1.0,3.0,1.0,1.0,2.0,0.0,2.0,0.0,1.0,0.0,5.0,3.0,2.0,-13.0,55.4,60.0,0.0,60.0,1.2,0.0,1.0,7.8,9.5,8.6,0.0,0.0,11.0,24.0,29.6
2486880,5,981358,CIUDAD MOLINA BASKET,HOME,1439463,C. Toledo Zamora,C. Toledo Zamora,1,23.1,1386.0,10.0,3.0,6.0,0.0,1.0,3.0,7.0,4.0,4.0,3.0,6.0,9.0,1.0,1.0,0.0,0.0,1.0,4.0,3.0,14.0,-5.0,57.1,42.9,14.3,57.1,1.0,0.0,1.3,11.5,28.1,19.0,8.3,0.0,0.0,10.2,17.1
2486880,5,981358,CIUDAD MOLINA BASKET,HOME,2032122,J. Tavelli,J. Tavelli,0,11.8,707.0,0.0,0.0,0.0,0.0,1.0,0.0,1.0,0.0,0.0,1.0,1.0,2.0,4.0,2.0,2.0,0.0,0.0,3.0,0.0,2.0,-10.0,0.0,0.0,100.0,0.0,0.0,0.0,0.0,7.5,9.2,8.3,53.3,8.0,0.0,66.7,10.3
2486880,5,981428,HOMS U.E.MATARÓ,AWAY,2162105,F. Garrido Teban,F. Garrido Teban,1,17.7,1063.0,3.0,0.0,0.0,0.0,1.0,0.0,1.0,3.0,3.0,1.0,2.0,3.0,0.0,0.0,2.0,0.0,0.0,3.0,2.0,6.0,-2.0,64.7,0.0,100.0,300.0,0.0,0.0,1.5,6.1,10.0,8.3,0.0,5.5,0.0,0.0,5.4
2486880,5,981428,HOMS U.E.MATARÓ,AWAY,1914611,J. Boix Colet,J. Boix Colet,1,29.3,1756.0,10.0,3.0,5.0,0.0,7.0,3.0,12.0,4.0,6.0,1.0,1.0,2.0,2.0,4.0,2.0,0.0,0.0,4.0,6.0,3.0,1.0,34.2,25.0,58.3,50.0,1.2,0.0,1.0,3.7,3.0,3.3,14.5,3.3,0.0,21.5,26.2
2486880,5,981428,HOMS U.E.MATARÓ,AWAY,2813591,S. Hall,S. Hall,0,17.6,1059.0,2.0,0.0,1.0,0.0,5.0,0.0,6.0,2.0,2.0,2.0,4.0,6.0,1.0,0.0,0.0,1.0,0.0,2.0,1.0,3.0,-4.0,14.5,0.0,83.3,33.3,0.0,0.0,2.0,12.3,20.2,16.6,10.4,0.0,5.5,0.0,16.1
2486880,5,981428,HOMS U.E.MATARÓ,AWAY,1591966,J. Castillo Carrasco,J. Castillo Carrasco,0,14.0,842.0,6.0,0.0,0.0,1.0,1.0,1.0,1.0,3.0,4.0,0.0,2.0,2.0,0.0,1.0,1.0,0.0,0.0,1.0,1.0,7.0,5.0,108.7,150.0,100.0,400.0,0.0,3.0,4.0,0.0,12.7,7.0,0.0,3.5,0.0,26.6,11.1
2486880,5,981428,HOMS U.E.MATARÓ,AWAY,1568569,J. Juanola Madera,J. Juanola Madera,1,28.3,1699.0,32.0,3.0,7.0,5.0,10.0,8.0,17.0,11.0,15.0,0.0,5.0,5.0,4.0,2.0,1.0,0.0,0.0,1.0,6.0,32.0,4.0,67.8,61.8,58.8,88.2,0.9,1.5,2.5,0.0,15.7,8.6,45.5,1.7,0.0,7.8,37.3
2486880,5,981428,HOMS U.E.MATARÓ,AWAY,1927150,N. Ferrer Iglesia,N. Ferrer Iglesia,1,7.8,471.0,3.0,0.0,0.0,1.0,2.0,1.0,2.0,0.0,0.0,0.0,0.0,0.0,0.0,0.0,0.0,0.0,0.0,1.0,1.0,2.0,9.0,75.0,75.0,100.0,0.0,0.0,1.5,0.0,0.0,0.0,0.0,0.0,0.0,0.0,0.0,10.6
2486880,5,981428,HOMS U.E.MATARÓ,AWAY,2319991,S. Niang Beye,S. Niang Beye,0,25.7,1543.0,16.0,3.0,3.0,1.0,4.0,4.0,7.0,7.0,8.0,4.0,5.0,9.0,1.0,1.0,1.0,1.0,0.0,3.0,4.0,24.0,8.0,76.0,64.3,57.1,114.3,2.0,0.8,2.0,16.8,17.3,17.1,9.6,1.9,3.8,8.7,18.5
2486880,5,981428,HOMS U.E.MATARÓ,AWAY,1942837,G. Martinez Rivera,G. Martinez Rivera,0,22.7,1362.0,11.0,3.0,7.0,0.0,1.0,3.0,8.0,5.0,6.0,0.0,1.0,1.0,2.0,1.0,0.0,0.0,0.0,3.0,4.0,8.0,6.0,51.7,37.5,12.5,75.0,0.9,0.0,1.5,0.0,3.9,2.1,17.5,0.0,0.0,8.6,21.1
2486880,5,981428,HOMS U.E.MATARÓ,AWAY,2813635,E. Kalu,E. Kalu,1,24.8,1489.0,11.0,4.0,7.0,0.0,0.0,4.0,7.0,3.0,4.0,3.0,6.0,9.0,0.0,1.0,0.0,4.0,0.0,5.0,2.0,16.0,9.0,62.8,57.1,0.0,57.1,1.1,0.0,2.0,13.1,21.5,17.7,0.0,0.0,15.7,10.2,16.2
2486880,5,981428,HOMS U.E.MATARÓ,AWAY,1920919,E. Coll Comabella,E. Coll Comabella,0,9.1,547.0,0.0,0.0,2.0,0.0,1.0,0.0,3.0,0.0,0.0,0.0,2.0,2.0,0.0,2.0,1.0,0.0,1.0,0.0,0.0,-2.0,8.0,0.0,0.0,33.3,0.0,0.0,0.0,0.0,0.0,19.5,10.7,0.0,5.4,0.0,40.0,22.6
2486880,5,981428,HOMS U.E.MATARÓ,AWAY,2834418,D. Acosta Almonte,D. Acosta Almonte,0,2.8,169.0,0.0,0.0,0.0,0.0,0.0,0.0,0.0,0.0,0.0,1.0,0.0,1.0,0.0,0.0,0.0,0.0,0.0,1.0,0.0,0.0,1.0,0.0,0.0,0.0,0.0,0.0,0.0,0.0,38.6,0.0,17.4,0.0,0.0,0.0,0.0,0.0
2486881,5,981347,PROINBENI UPB GANDIA,HOME,1824880,G. Perez Ramirez,G. Perez Ramirez,1,21.2,1273.0,12.0,0.0,0.0,4.0,8.0,4.0,8.0,0.0,0.0,0.0,1.0,1.0,1.0,2.0,2.0,0.0,0.0,1.0,0.0,9.0,7.0,75.0,75.0,100.0,0.0,0.0,1.5,0.0,0.0,5.2,2.8,7.4,4.7,0.0,20.0,21.2
2486881,5,981347,PROINBENI UPB GANDIA,HOME,1837816,C. Hurtado Cervantes,C. Hurtado Cervantes,0,16.6,997.0,2.0,1.0,2.0,0.0,4.0,1.0,6.0,0.0,0.0,0.0,1.0,1.0,8.0,1.0,0.0,0.0,0.0,3.0,3.0,5.0,0.0,16.7,16.7,66.7,0.0,1.0,0.0,0.0,0.0,6.7,3.6,61.5,0.0,0.0,14.3,18.9
2486881,5,981347,PROINBENI UPB GANDIA,HOME,2736564,K. Greeley,K. Greeley,1,19.3,1158.0,18.0,5.0,5.0,2.0,3.0,7.0,8.0,2.0,2.0,2.0,5.0,7.0,0.0,1.0,0.0,0.0,0.0,2.0,2.0,23.0,20.0,101.4,100.0,37.5,25.0,2.0,2.0,1.0,13.4,28.8,21.7,0.0,0.0,0.0,10.1,23.0
2486881,5,981347,PROINBENI UPB GANDIA,HOME,2378347,J. Molina Martinez,J. Molina Martinez,0,21.4,1286.0,5.0,1.0,1.0,1.0,3.0,2.0,4.0,0.0,2.0,3.0,2.0,5.0,3.0,0.0,3.0,0.0,0.0,0.0,3.0,15.0,6.0,51.2,62.5,75.0,50.0,2.0,1.0,0.7,18.1,10.4,13.9,19.4,7.0,0.0,0.0,10.2
2486881,5,981347,PROINBENI UPB GANDIA,HOME,1673764,L. Ferrando Ortells,L. Ferrando Ortells,1,20.9,1252.0,10.0,4.0,6.0,0.0,1.0,4.0,7.0,2.0,2.0,0.0,1.0,1.0,6.0,2.0,3.0,0.0,0.0,2.0,4.0,17.0,23.0,63.5,57.1,14.3,28.6,1.3,0.0,0.5,0.0,5.3,2.9,44.4,7.2,0.0,20.2,21.2
2486881,5,981347,PROINBENI UPB GANDIA,HOME,2711878,D. Ilincic,D. Ilincic,0,15.7,939.0,8.0,4.0,9.0,0.0,0.0,4.0,9.0,0.0,0.0,1.0,3.0,4.0,0.0,3.0,1.0,0.0,0.0,1.0,1.0,5.0,0.0,44.4,44.4,0.0,0.0,0.9,0.0,0.0,8.2,21.2,15.2,0.0,3.2,0.0,25.0,34.3
2486881,5,981347,PROINBENI UPB GANDIA,HOME,1996333,M. Montilla Diaz,M. Montilla Diaz,1,18.1,1089.0,6.0,3.0,4.0,0.0,2.0,3.0,6.0,0.0,0.0,0.0,1.0,1.0,0.0,1.0,1.0,0.0,0.0,1.0,1.0,4.0,18.0,50.0,50.0,33.3,0.0,1.5,0.0,0.0,0.0,6.1,3.3,0.0,2.8,0.0,14.3,17.4
2486881,5,981347,PROINBENI UPB GANDIA,HOME,1827011,J. Soler Cirujeda,J. Soler Cirujeda,0,19.2,1155.0,10.0,4.0,4.0,0.0,0.0,4.0,4.0,2.0,2.0,0.0,1.0,1.0,2.0,3.0,2.0,0.0,0.0,5.0,1.0,8.0,13.0,102.5,100.0,0.0,50.0,2.0,0.0,2.0,0.0,5.8,3.1,14.8,5.2,0.0,38.1,18.4
2486881,5,981347,PROINBENI UPB GANDIA,HOME,1851026,A. Bellver Valiente,A. Bellver Valiente,0,18.8,1130.0,7.0,0.0,0.0,2.0,4.0,2.0,4.0,1.0,2.0,1.0,3.0,4.0,1.0,3.0,2.0,0.0,0.0,1.0,1.0,8.0,-1.0,71.7,75.0,100.0,50.0,0.0,1.5,2.0,6.9,17.7,12.7,6.5,5.3,0.0,38.1,18.8
2486881,5,981347,PROINBENI UPB GANDIA,HOME,2034816,J. Climent Figueres,J. Climent Figueres,0,1.9,117.0,0.0,0.0,0.0,0.0,0.0,0.0,0.0,0.0,0.0,0.0,0.0,0.0,0.0,0.0,0.0,0.0,0.0,0.0,0.0,0.0,-4.0,0.0,0.0,0.0,0.0,0.0,0.0,0.0,0.0,0.0,0.0,0.0,0.0,0.0,0.0,0.0
2486881,5,981347,PROINBENI UPB GANDIA,HOME,2335802,J. Bitjaa Kody,J. Bitjaa Kody,1,24.4,1461.0,9.0,3.0,6.0,0.0,0.0,3.0,6.0,3.0,4.0,3.0,6.0,9.0,2.0,1.0,0.0,0.0,2.0,1.0,3.0,17.0,20.0,58.0,50.0,0.0,66.7,1.0,0.0,1.3,15.9,27.3,22.0,11.1,0.0,0.0,11.4,16.1
2486881,5,981347,PROINBENI UPB GANDIA,HOME,2261243,J. Barber Terrades,J. Barber Terrades,0,2.4,143.0,4.0,0.0,0.0,1.0,1.0,1.0,1.0,1.0,2.0,0.0,0.0,0.0,0.0,2.0,0.0,0.0,0.0,2.0,1.0,0.0,-2.0,106.4,150.0,100.0,200.0,0.0,3.0,2.0,0.0,0.0,0.0,0.0,0.0,0.0,51.5,72.6
2486881,5,981305,SOL GIRONÈS BISBAL BÀSQUET,AWAY,1446313,J. Carrasco Martin,J. Carrasco Martin,1,13.8,831.0,6.0,3.0,6.0,0.0,3.0,3.0,9.0,0.0,0.0,2.0,0.0,2.0,1.0,2.0,0.0,0.0,0.0,4.0,0.0,-3.0,-8.0,33.3,33.3,33.3,0.0,1.0,0.0,0.0,16.1,0.0,8.7,20.8,0.0,0.0,18.2,34.6
2486881,5,981305,SOL GIRONÈS BISBAL BÀSQUET,AWAY,1964254,P. Sala Vallmajo,P. Sala Vallmajo,0,15.2,914.0,3.0,0.0,0.0,1.0,2.0,1.0,2.0,0.0,0.0,0.0,0.0,0.0,2.0,0.0,1.0,0.0,0.0,2.0,1.0,4.0,7.0,75.0,75.0,100.0,0.0,0.0,1.5,0.0,0.0,0.0,0.0,21.3,3.3,0.0,0.0,5.7
2486881,5,981305,SOL GIRONÈS BISBAL BÀSQUET,AWAY,2814887,P. Renane,P. Renane,1,14.5,872.0,0.0,0.0,2.0,0.0,1.0,0.0,3.0,0.0,0.0,0.0,1.0,1.0,0.0,2.0,3.0,0.0,0.0,0.0,1.0,0.0,-5.0,0.0,0.0,33.3,0.0,0.0,0.0,0.0,0.0,8.9,4.1,0.0,10.5,0.0,40.0,15.0
2486881,5,981305,SOL GIRONÈS BISBAL BÀSQUET,AWAY,1227597,I. Valera Corominas,I. Valera Corominas,0,17.4,1045.0,3.0,1.0,2.0,0.0,1.0,1.0,3.0,1.0,2.0,0.0,2.0,2.0,1.0,0.0,0.0,0.0,0.0,2.0,1.0,2.0,-6.0,38.7,33.3,33.3,66.7,1.0,0.0,2.0,0.0,14.8,6.9,10.6,0.0,0.0,0.0,9.7
2486881,5,981305,SOL GIRONÈS BISBAL BÀSQUET,AWAY,1829525,M. Mikhailov Paltarak,M. Mikhailov Paltarak,1,22.9,1371.0,14.0,5.0,7.0,0.0,0.0,5.0,7.0,4.0,4.0,2.0,4.0,6.0,2.0,4.0,0.0,1.0,0.0,2.0,3.0,18.0,-23.0,79.9,71.4,0.0,57.1,1.4,0.0,1.3,9.7,22.5,15.6,18.9,0.0,4.7,31.3,24.2
2486881,5,981305,SOL GIRONÈS BISBAL BÀSQUET,AWAY,2815520,N. Okeke,N. Okeke,1,30.8,1849.0,9.0,3.0,7.0,1.0,8.0,4.0,15.0,0.0,0.0,1.0,4.0,5.0,2.0,4.0,2.0,0.0,0.0,2.0,0.0,1.0,-25.0,30.0,30.0,53.3,0.0,0.9,0.4,0.0,3.6,16.8,9.7,11.9,3.3,0.0,21.1,26.8
2486881,5,981305,SOL GIRONÈS BISBAL BÀSQUET,AWAY,1400270,B. Alvarez Torres,B. Alvarez Torres,0,24.1,1449.0,16.0,4.0,10.0,1.0,3.0,5.0,13.0,5.0,5.0,0.0,1.0,1.0,2.0,3.0,4.0,0.0,0.0,1.0,5.0,16.0,-8.0,52.6,42.3,23.1,38.5,0.8,1.0,1.0,0.0,5.4,2.5,18.9,8.4,0.0,16.5,32.8
2486881,5,981305,SOL GIRONÈS BISBAL BÀSQUET,AWAY,2814874,J. Golson,J. Golson,0,13.8,830.0,9.0,0.0,1.0,2.0,7.0,2.0,8.0,3.0,3.0,0.0,1.0,1.0,1.0,2.0,2.0,0.0,0.0,3.0,2.0,4.0,-5.0,48.3,37.5,87.5,37.5,0.0,0.9,1.5,0.0,9.4,4.3,17.2,7.3,0.0,17.7,35.6
2486881,5,981305,SOL GIRONÈS BISBAL BÀSQUET,AWAY,2815176,S. Kane,S. Kane,0,25.2,1512.0,6.0,3.0,4.0,0.0,0.0,3.0,4.0,0.0,0.0,7.0,7.0,14.0,2.0,0.0,0.0,1.0,0.0,1.0,0.0,21.0,-6.0,75.0,75.0,0.0,0.0,1.5,0.0,0.0,30.9,35.8,33.2,15.9,0.0,4.3,0.0,6.9
2486881,5,981305,SOL GIRONÈS BISBAL BÀSQUET,AWAY,1198592,X. Torrent Bayé,X. Torrent Bayé,1,22.1,1327.0,5.0,1.0,2.0,1.0,1.0,2.0,3.0,0.0,0.0,0.0,1.0,1.0,2.0,2.0,0.0,0.0,0.0,3.0,6.0,8.0,-21.0,83.3,83.3,33.3,0.0,1.0,3.0,0.0,0.0,5.8,2.7,14.7,0.0,0.0,40.0,9.8
2486882,5,981491,C.B. GETAFE,HOME,1223461,J. Tejera Tejo,J. Tejera Tejo,0,15.3,918.0,5.0,1.0,1.0,1.0,1.0,2.0,2.0,0.0,0.0,1.0,2.0,3.0,2.0,2.0,0.0,0.0,0.0,1.0,1.0,8.0,20.0,125.0,125.0,50.0,0.0,2.0,3.0,0.0,7.3,13.8,10.6,16.7,0.0,0.0,50.0,10.4
2486882,5,981491,C.B. GETAFE,HOME,2816388,M. Abdulsalam,M. Abdulsalam,1,21.5,1289.0,12.0,3.0,4.0,0.0,1.0,3.0,5.0,6.0,7.0,1.0,7.0,8.0,2.0,2.0,1.0,0.0,0.0,1.0,6.0,23.0,24.0,74.3,60.0,20.0,140.0,1.5,0.0,1.2,5.2,34.3,20.1,13.8,2.1,0.0,19.8,18.6
2486882,5,981491,C.B. GETAFE,HOME,1789964,E. Ortiz Torres,E. Ortiz Torres,1,10.3,616.0,4.0,2.0,2.0,0.0,1.0,2.0,3.0,0.0,0.0,0.0,2.0,2.0,3.0,2.0,2.0,0.0,0.0,1.0,0.0,7.0,16.0,66.7,66.7,33.3,0.0,2.0,0.0,0.0,0.0,20.4,10.5,35.3,8.8,0.0,40.0,19.3
2486882,5,981491,C.B. GETAFE,HOME,2816390,A. Akinwole,A. Akinwole,1,19.1,1146.0,14.0,5.0,6.0,1.0,5.0,6.0,11.0,1.0,2.0,0.0,1.0,1.0,2.0,3.0,1.0,1.0,0.0,1.0,2.0,11.0,12.0,58.9,59.1,45.5,18.2,1.7,0.6,1.0,0.0,5.5,2.8,17.4,2.4,6.0,20.2,31.0
2486882,5,981491,C.B. GETAFE,HOME,2815898,C. Henderson,C. Henderson,0,12.0,719.0,5.0,2.0,3.0,0.0,2.0,2.0,5.0,1.0,1.0,2.0,1.0,3.0,0.0,1.0,0.0,0.0,0.0,4.0,1.0,1.0,-2.0,46.0,40.0,40.0,20.0,1.3,0.0,1.0,18.5,8.8,13.5,0.0,0.0,0.0,15.5,21.3
2486882,5,981491,C.B. GETAFE,HOME,1587611,I. Ibañez Zamalloa,I. Ibañez Zamalloa,0,14.0,838.0,0.0,0.0,0.0,0.0,2.0,0.0,2.0,0.0,1.0,0.0,2.0,2.0,2.0,0.0,0.0,0.0,0.0,2.0,0.0,-1.0,1.0,0.0,0.0,100.0,50.0,0.0,0.0,0.0,0.0,15.0,7.7,19.0,0.0,0.0,0.0,6.9
2486882,5,981491,C.B. GETAFE,HOME,1328788,M. Alvarez Puertas,M. Alvarez Puertas,1,18.7,1122.0,9.0,3.0,6.0,1.0,2.0,4.0,8.0,0.0,0.0,3.0,3.0,6.0,1.0,0.0,0.0,0.0,0.0,2.0,2.0,12.0,2.0,56.2,56.2,25.0,0.0,1.0,1.5,0.0,17.8,16.9,17.3,7.4,0.0,0.0,0.0,17.0
2486882,5,981491,C.B. GETAFE,HOME,1674978,G. Mulero Maldonado,G. Mulero Maldonado,0,21.8,1310.0,12.0,2.0,4.0,1.0,4.0,3.0,8.0,5.0,8.0,0.0,4.0,4.0,4.0,4.0,1.0,0.0,0.0,0.0,6.0,15.0,17.0,52.1,43.8,50.0,100.0,1.0,0.8,1.3,0.0,19.3,9.9,27.6,2.1,0.0,25.8,28.3
2486882,5,981491,C.B. GETAFE,HOME,1582089,J. Parra Baez,J. Parra Baez,1,20.9,1255.0,16.0,3.0,4.0,3.0,7.0,6.0,11.0,1.0,1.0,0.0,2.0,2.0,3.0,0.0,1.0,0.0,0.0,1.0,0.0,16.0,23.0,69.9,68.2,63.6,9.1,1.5,1.3,0.0,0.0,10.1,5.2,26.1,2.2,0.0,0.0,21.8
2486882,5,981491,C.B. GETAFE,HOME,1820240,P. Arribas Gomez,P. Arribas Gomez,0,12.5,752.0,3.0,0.0,0.0,1.0,2.0,1.0,2.0,0.0,0.0,1.0,0.0,1.0,1.0,0.0,1.0,0.0,0.0,2.0,0.0,3.0,4.0,75.0,75.0,100.0,0.0,0.0,1.5,0.0,8.9,0.0,4.3,10.5,3.6,0.0,0.0,6.4
2486882,5,981491,C.B. GETAFE,HOME,2816389,J. Nve Maleva,J. Nve Maleva,0,14.7,881.0,9.0,3.0,6.0,0.0,0.0,3.0,6.0,3.0,7.0,5.0,3.0,8.0,0.0,1.0,1.0,0.0,1.0,3.0,4.0,11.0,10.0,49.6,50.0,0.0,116.7,1.0,0.0,1.8,37.8,21.5,29.4,0.0,3.1,0.0,9.9,27.3
2486882,5,981491,C.B. GETAFE,HOME,1876223,A. Montero Isla,A. Montero Isla,0,19.2,1154.0,11.0,1.0,3.0,2.0,3.0,3.0,6.0,3.0,4.0,0.0,1.0,1.0,3.0,3.0,0.0,0.0,1.0,3.0,3.0,8.0,-2.0,70.9,66.7,50.0,66.7,0.7,2.0,1.3,0.0,5.5,2.8,20.7,0.0,0.0,27.9,22.3
2486882,5,981207,OCA GLOBAL C.B. SALOU,AWAY,2715040,B. Traore,B. Traore,0,28.9,1734.0,21.0,2.0,6.0,3.0,7.0,5.0,13.0,8.0,9.0,1.0,7.0,8.0,1.0,3.0,3.0,0.0,0.0,2.0,4.0,23.0,-21.0,61.9,50.0,53.8,69.2,0.7,1.3,2.2,3.6,26.9,15.0,8.0,4.7,0.0,15.0,28.2
2486882,5,981207,OCA GLOBAL C.B. SALOU,AWAY,1271466,D. Cuellar Garcia,D. Cuellar Garcia,1,30.6,1839.0,4.0,0.0,1.0,1.0,5.0,1.0,6.0,1.0,2.0,1.0,4.0,5.0,1.0,0.0,2.0,0.0,0.0,2.0,2.0,6.0,-27.0,29.1,25.0,83.3,33.3,0.0,0.6,1.0,3.4,14.5,8.8,5.3,3.0,0.0,0.0,9.2
2486882,5,981207,OCA GLOBAL C.B. SALOU,AWAY,2242531,E. Moure Colombo,E. Moure Colombo,1,8.2,490.0,6.0,0.0,0.0,2.0,3.0,2.0,3.0,0.0,0.0,0.0,1.0,1.0,1.0,1.0,1.0,0.0,0.0,0.0,0.0,7.0,-5.0,100.0,100.0,100.0,0.0,0.0,2.0,0.0,0.0,13.6,6.6,33.3,5.6,0.0,25.0,19.9
2486882,5,981207,OCA GLOBAL C.B. SALOU,AWAY,1967605,E. Sims Serra,E. Sims Serra,0,17.1,1025.0,12.0,4.0,6.0,1.0,5.0,5.0,11.0,1.0,2.0,0.0,2.0,2.0,0.0,0.0,3.0,1.0,1.0,3.0,3.0,11.0,-11.0,50.5,50.0,45.5,18.2,1.3,0.6,0.7,0.0,13.0,6.3,0.0,8.0,6.0,0.0,28.4
2486882,5,981207,OCA GLOBAL C.B. SALOU,AWAY,2827753,O. Okenchi,O. Okenchi,1,15.5,929.0,6.0,2.0,5.0,0.0,0.0,2.0,5.0,2.0,2.0,1.0,3.0,4.0,0.0,3.0,0.0,0.0,0.0,4.0,4.0,4.0,-7.0,51.0,40.0,0.0,40.0,0.8,0.0,0.5,6.8,21.5,13.9,0.0,0.0,0.0,33.8,23.4
2486882,5,981207,OCA GLOBAL C.B. SALOU,AWAY,2825543,D. Jackson,D. Jackson,1,23.9,1433.0,6.0,2.0,4.0,0.0,2.0,2.0,6.0,2.0,2.0,0.0,0.0,0.0,1.0,4.0,2.0,0.0,0.0,5.0,1.0,-3.0,-18.0,43.6,33.3,33.3,33.3,1.0,0.0,2.0,0.0,0.0,0.0,7.7,3.8,0.0,36.8,18.6
2486882,5,981207,OCA GLOBAL C.B. SALOU,AWAY,1610350,E. Martinez Pretel,E. Martinez Pretel,0,22.0,1320.0,5.0,1.0,2.0,1.0,5.0,2.0,7.0,0.0,0.0,1.0,4.0,5.0,3.0,3.0,0.0,0.0,0.0,1.0,4.0,8.0,-9.0,35.7,35.7,71.4,0.0,1.0,0.6,0.0,4.8,20.2,12.3,23.1,0.0,0.0,30.0,18.6
2486882,5,981207,OCA GLOBAL C.B. SALOU,AWAY,2274746,P. Salo Blaya,P. Salo Blaya,0,18.0,1078.0,7.0,3.0,3.0,0.0,0.0,3.0,3.0,1.0,1.0,2.0,0.0,2.0,0.0,2.0,0.0,1.0,0.0,3.0,1.0,6.0,-10.0,101.7,100.0,0.0,33.3,2.0,0.0,1.0,11.7,0.0,6.0,0.0,0.0,5.7,36.8,12.3
2486882,5,981207,OCA GLOBAL C.B. SALOU,AWAY,2534398,J. Sánchez,J. Sánchez,0,18.7,1120.0,5.0,1.0,7.0,1.0,2.0,2.0,9.0,0.0,0.0,0.0,2.0,2.0,3.0,4.0,1.0,0.0,0.0,3.0,1.0,-2.0,-5.0,27.8,27.8,22.2,0.0,0.3,1.5,0.0,0.0,11.9,5.8,28.6,2.4,0.0,30.8,28.4
2486882,5,981207,OCA GLOBAL C.B. SALOU,AWAY,1438515,A. Morales Ros,A. Morales Ros,1,17.2,1032.0,3.0,0.0,1.0,1.0,5.0,1.0,6.0,0.0,0.0,4.0,0.0,4.0,2.0,1.0,1.0,0.0,0.0,2.0,1.0,3.0,-12.0,25.0,25.0,83.3,0.0,0.0,0.6,0.0,24.5,0.0,12.6,22.2,2.7,0.0,14.3,16.6
2486883,5,979996,AMICS CASTELLÓ,HOME,2149001,R. Fabrega Urpina,R. Fabrega Urpina,0,22.8,1367.0,11.0,3.0,5.0,1.0,4.0,4.0,9.0,2.0,5.0,0.0,3.0,3.0,5.0,2.0,2.0,0.0,0.0,1.0,4.0,14.0,13.0,49.1,50.0,44.4,55.6,1.2,0.8,1.2,0.0,12.8,7.3,32.9,4.5,0.0,15.2,25.4
2486883,5,979996,AMICS CASTELLÓ,HOME,1871776,A. Balada Segovia,A. Balada Segovia,0,4.0,240.0,0.0,0.0,0.0,0.0,1.0,0.0,1.0,0.0,0.0,0.0,1.0,1.0,0.0,0.0,1.0,0.0,0.0,2.0,0.0,-1.0,-5.0,0.0,0.0,100.0,0.0,0.0,0.0,0.0,0.0,24.4,13.9,0.0,13.0,0.0,0.0,11.0
2486883,5,979996,AMICS CASTELLÓ,HOME,273780,J. Faner Catala,J. Faner Catala,1,22.5,1349.0,8.0,3.0,4.0,0.0,3.0,3.0,7.0,2.0,2.0,0.0,2.0,2.0,7.0,3.0,3.0,0.0,1.0,3.0,3.0,13.0,2.0,50.8,42.9,42.9,28.6,1.5,0.0,0.7,0.0,8.7,4.9,43.2,6.9,0.0,27.6,21.2
2486883,5,979996,AMICS CASTELLÓ,HOME,2818901,O. Russell,O. Russell,1,26.1,1569.0,13.0,1.0,1.0,3.0,6.0,4.0,7.0,2.0,2.0,2.0,1.0,3.0,5.0,0.0,2.0,0.0,0.0,2.0,1.0,19.0,9.0,82.5,78.6,85.7,28.6,2.0,1.5,2.0,9.9,3.7,6.4,27.2,4.0,0.0,0.0,13.3
2486883,5,979996,AMICS CASTELLÓ,HOME,2816147,D. Bah,D. Bah,0,12.5,750.0,8.0,4.0,7.0,0.0,0.0,4.0,7.0,0.0,0.0,1.0,3.0,4.0,0.0,1.0,0.0,1.0,0.0,1.0,0.0,8.0,-2.0,57.1,57.1,0.0,0.0,1.1,0.0,0.0,10.3,23.4,17.8,0.0,0.0,8.6,12.5,28.1
2486883,5,979996,AMICS CASTELLÓ,HOME,2816738,K. Newton,K. Newton,0,13.2,791.0,8.0,1.0,2.0,2.0,5.0,3.0,7.0,0.0,0.0,1.0,1.0,2.0,2.0,0.0,1.0,0.0,0.0,0.0,1.0,10.0,11.0,57.1,57.1,71.4,0.0,1.0,1.2,0.0,9.8,7.4,8.4,30.3,3.9,0.0,0.0,23.3
2486883,5,979996,AMICS CASTELLÓ,HOME,2743181,K.  Baoko,K.  Baoko,1,27.5,1650.0,19.0,7.0,12.0,0.0,0.0,7.0,12.0,5.0,6.0,2.0,4.0,6.0,0.0,3.0,1.0,2.0,1.0,2.0,4.0,21.0,16.0,64.9,58.3,0.0,50.0,1.2,0.0,1.5,9.4,14.2,12.1,0.0,1.9,7.9,17.0,28.2
2486883,5,979996,AMICS CASTELLÓ,HOME,2641325,M. Andreatta,M. Andreatta,0,22.1,1328.0,8.0,2.0,4.0,1.0,2.0,3.0,6.0,1.0,4.0,5.0,4.0,9.0,1.0,2.0,0.0,3.0,1.0,3.0,2.0,12.0,-9.0,51.5,58.3,33.3,66.7,1.0,1.5,2.0,29.2,17.7,22.6,6.2,0.0,14.7,20.5,19.4
2486883,5,979996,AMICS CASTELLÓ,HOME,2325314,F. Stutz,F. Stutz,1,17.6,1055.0,7.0,0.0,1.0,1.0,2.0,1.0,3.0,4.0,4.0,1.0,3.0,4.0,4.0,2.0,0.0,1.0,0.0,5.0,5.0,12.0,20.0,73.5,50.0,66.7,133.3,0.0,1.5,0.8,7.3,16.6,12.6,33.9,0.0,6.1,29.6,16.9
2486883,5,979996,AMICS CASTELLÓ,HOME,1627889,A. Tamayo Lesmes,A. Tamayo Lesmes,1,31.7,1901.0,8.0,1.0,1.0,2.0,7.0,3.0,8.0,0.0,0.0,1.0,4.0,5.0,1.0,1.0,0.0,0.0,0.0,2.0,1.0,7.0,15.0,50.0,50.0,87.5,0.0,2.0,0.9,0.0,4.1,12.3,8.8,4.4,0.0,0.0,11.1,12.5
2486883,5,981294,C.B. ZARAGOZA,AWAY,2451495,D. Knowles,D. Knowles,0,5.6,334.0,3.0,1.0,2.0,0.0,0.0,1.0,2.0,1.0,2.0,2.0,2.0,4.0,0.0,1.0,0.0,1.0,0.0,1.0,1.0,5.0,-4.0,52.1,50.0,0.0,100.0,1.0,0.0,2.0,34.8,46.1,39.7,0.0,0.0,19.3,25.8,30.1
2486883,5,981294,C.B. ZARAGOZA,AWAY,1802050,D. Muñoz Samatan,D. Muñoz Samatan,1,27.2,1633.0,6.0,2.0,5.0,0.0,0.0,2.0,5.0,2.0,2.0,5.0,1.0,6.0,2.0,2.0,1.0,0.0,1.0,4.0,4.0,10.0,-13.0,51.0,40.0,0.0,40.0,0.8,0.0,0.5,17.9,4.7,12.3,12.3,1.9,0.0,25.4,12.6
2486883,5,981294,C.B. ZARAGOZA,AWAY,2815361,I. Okeke,I. Okeke,0,10.2,612.0,1.0,0.0,1.0,0.0,1.0,0.0,2.0,1.0,2.0,0.0,2.0,2.0,1.0,2.0,2.0,1.0,0.0,2.0,1.0,1.0,-2.0,17.4,0.0,50.0,100.0,0.0,0.0,2.0,0.0,25.3,10.9,12.8,10.0,10.6,41.0,20.8
2486883,5,981294,C.B. ZARAGOZA,AWAY,1798932,D. Arjol Lopez,D. Arjol Lopez,0,13.9,837.0,0.0,0.0,4.0,0.0,0.0,0.0,4.0,0.0,0.0,0.0,0.0,0.0,4.0,1.0,0.0,0.0,0.0,2.0,0.0,-3.0,1.0,0.0,0.0,0.0,0.0,0.0,0.0,0.0,0.0,0.0,0.0,51.3,0.0,0.0,20.0,15.6
2486883,5,981294,C.B. ZARAGOZA,AWAY,1250976,O. Alvarado Rodriguez,O. Alvarado Rodriguez,1,25.5,1530.0,5.0,1.0,3.0,1.0,3.0,2.0,6.0,0.0,0.0,1.0,3.0,4.0,3.0,1.0,1.0,0.0,0.0,2.0,4.0,10.0,-13.0,41.7,41.7,50.0,0.0,0.7,1.0,0.0,3.8,15.2,8.7,22.1,2.0,0.0,14.3,11.9
2486883,5,981294,C.B. ZARAGOZA,AWAY,361567,E. Gatell Sanz,E. Gatell Sanz,1,26.9,1611.0,5.0,2.0,7.0,0.0,0.0,2.0,7.0,1.0,3.0,3.0,2.0,5.0,2.0,1.0,0.0,1.0,1.0,2.0,3.0,6.0,-2.0,30.0,28.6,0.0,42.9,0.6,0.0,1.0,10.9,9.6,10.3,12.3,0.0,4.0,10.7,15.0
2486883,5,981294,C.B. ZARAGOZA,AWAY,1861515,P. Aso Jimenez,P. Aso Jimenez,1,11.1,663.0,2.0,0.0,1.0,0.0,0.0,0.0,1.0,2.0,2.0,1.0,0.0,1.0,0.0,0.0,1.0,0.0,0.0,2.0,2.0,3.0,-6.0,53.2,0.0,0.0,200.0,0.0,0.0,1.0,8.8,0.0,5.0,0.0,4.6,0.0,0.0,7.4
2486883,5,981294,C.B. ZARAGOZA,AWAY,1446949,J. Jiménez Jiménez,J. Jiménez Jiménez,0,25.6,1534.0,14.0,2.0,4.0,3.0,8.0,5.0,12.0,1.0,1.0,2.0,3.0,5.0,1.0,3.0,0.0,0.0,1.0,2.0,4.0,12.0,-9.0,56.3,54.2,66.7,8.3,1.0,1.1,0.2,7.6,15.1,10.9,9.4,0.0,0.0,19.4,26.2
2486883,5,981294,C.B. ZARAGOZA,AWAY,2815312,J. Zhao Olmos,J. Zhao Olmos,1,28.5,1712.0,33.0,3.0,4.0,9.0,12.0,12.0,16.0,0.0,0.0,0.0,2.0,2.0,0.0,3.0,2.0,0.0,1.0,3.0,1.0,28.0,-6.0,103.1,103.1,75.0,0.0,1.5,2.2,0.0,0.0,9.1,3.9,0.0,3.6,0.0,15.8,28.9
2486883,5,981294,C.B. ZARAGOZA,AWAY,1556128,G. Colom Barrufet,G. Colom Barrufet,0,3.6,218.0,0.0,0.0,1.0,0.0,2.0,0.0,3.0,0.0,0.0,0.0,0.0,0.0,1.0,0.0,0.0,0.0,1.0,0.0,0.0,-2.0,-4.0,0.0,0.0,66.7,0.0,0.0,0.0,0.0,0.0,0.0,0.0,38.5,0.0,0.0,0.0,36.2
2486883,5,981294,C.B. ZARAGOZA,AWAY,1910411,A. Aragones Navais,A. Aragones Navais,0,21.9,1316.0,7.0,1.0,5.0,1.0,5.0,2.0,10.0,2.0,2.0,1.0,3.0,4.0,2.0,4.0,2.0,0.0,2.0,1.0,1.0,3.0,-12.0,32.2,25.0,50.0,20.0,0.4,0.6,2.0,4.5,17.7,10.1,18.2,4.7,0.0,26.9,29.5
2486884,6,981294,C.B. ZARAGOZA,HOME,2451495,D. Knowles,D. Knowles,1,12.8,765.0,2.0,1.0,3.0,0.0,0.0,1.0,3.0,0.0,0.0,1.0,2.0,3.0,0.0,4.0,0.0,0.0,0.0,5.0,0.0,-6.0,-10.0,33.3,33.3,0.0,0.0,0.7,0.0,0.0,9.2,16.0,12.8,0.0,0.0,0.0,57.1,25.6
2486884,6,981294,C.B. ZARAGOZA,HOME,1802050,D. Muñoz Samatan,D. Muñoz Samatan,1,23.3,1396.0,3.0,0.0,2.0,1.0,1.0,1.0,3.0,0.0,0.0,1.0,1.0,2.0,1.0,3.0,0.0,0.0,0.0,5.0,3.0,-1.0,-7.0,50.0,50.0,33.3,0.0,0.0,3.0,0.0,5.0,4.4,4.7,7.1,0.0,0.0,50.0,12.0
2486884,6,981294,C.B. ZARAGOZA,HOME,2815361,I. Okeke,I. Okeke,0,4.2,253.0,0.0,0.0,0.0,0.0,0.0,0.0,0.0,0.0,0.0,1.0,0.0,1.0,0.0,1.0,0.0,0.0,0.0,0.0,0.0,0.0,0.0,0.0,0.0,0.0,0.0,0.0,0.0,0.0,28.0,0.0,13.0,0.0,0.0,0.0,100.0,11.1
2486884,6,981294,C.B. ZARAGOZA,HOME,1798932,D. Arjol Lopez,D. Arjol Lopez,1,24.3,1456.0,8.0,3.0,5.0,0.0,3.0,3.0,8.0,2.0,2.0,1.0,2.0,3.0,5.0,1.0,0.0,0.0,0.0,3.0,6.0,13.0,-1.0,45.0,37.5,37.5,25.0,1.2,0.0,0.3,4.8,8.4,6.8,41.7,0.0,0.0,10.1,19.0
2486884,6,981294,C.B. ZARAGOZA,HOME,1250976,O. Alvarado Rodriguez,O. Alvarado Rodriguez,0,18.0,1080.0,0.0,0.0,0.0,0.0,2.0,0.0,2.0,0.0,0.0,0.0,1.0,1.0,3.0,2.0,1.0,0.0,0.0,0.0,1.0,2.0,-7.0,0.0,0.0,100.0,0.0,0.0,0.0,0.0,0.0,5.7,3.0,24.0,2.9,0.0,50.0,10.4
2486884,6,981294,C.B. ZARAGOZA,HOME,361567,E. Gatell Sanz,E. Gatell Sanz,0,26.0,1561.0,11.0,5.0,8.0,0.0,0.0,5.0,8.0,1.0,2.0,2.0,6.0,8.0,2.0,2.0,0.0,1.0,0.0,4.0,1.0,13.0,4.0,61.9,62.5,0.0,25.0,1.2,0.0,2.0,9.0,23.7,16.9,16.0,0.0,3.6,18.4,19.6
2486884,6,981294,C.B. ZARAGOZA,HOME,1861515,P. Aso Jimenez,P. Aso Jimenez,0,5.8,345.0,5.0,1.0,3.0,1.0,2.0,2.0,5.0,0.0,0.0,2.0,1.0,3.0,0.0,0.0,0.0,0.0,0.0,0.0,1.0,6.0,3.0,50.0,50.0,40.0,0.0,0.7,1.5,0.0,40.6,17.7,28.3,0.0,0.0,0.0,0.0,40.3
2486884,6,981294,C.B. ZARAGOZA,HOME,1446949,J. Jiménez Jiménez,J. Jiménez Jiménez,1,29.0,1739.0,10.0,1.0,2.0,2.0,6.0,3.0,8.0,2.0,2.0,1.0,5.0,6.0,3.0,1.0,0.0,0.0,0.0,2.0,3.0,14.0,-2.0,56.3,50.0,75.0,25.0,1.0,1.0,0.7,4.1,17.7,11.3,20.7,0.0,0.0,10.1,15.9
2486884,6,981294,C.B. ZARAGOZA,HOME,2815312,J. Zhao Olmos,J. Zhao Olmos,0,29.4,1764.0,8.0,2.0,5.0,1.0,4.0,3.0,9.0,1.0,2.0,0.0,2.0,2.0,0.0,1.0,1.0,0.0,0.0,2.0,2.0,3.0,9.0,40.5,38.9,44.4,22.2,0.8,0.8,1.0,0.0,7.0,3.7,0.0,1.8,0.0,9.2,17.3
2486884,6,981294,C.B. ZARAGOZA,HOME,1556128,G. Colom Barrufet,G. Colom Barrufet,0,12.6,753.0,10.0,2.0,5.0,2.0,5.0,4.0,10.0,0.0,0.0,1.0,0.0,1.0,1.0,1.0,1.0,0.0,1.0,3.0,1.0,4.0,-10.0,50.0,50.0,50.0,0.0,0.8,1.2,0.0,9.3,0.0,4.3,28.6,4.1,0.0,9.1,40.8
2486884,6,981294,C.B. ZARAGOZA,HOME,1910411,A. Aragones Navais,A. Aragones Navais,1,14.8,888.0,8.0,1.0,4.0,2.0,3.0,3.0,7.0,0.0,0.0,0.0,1.0,1.0,1.0,3.0,2.0,0.0,0.0,2.0,1.0,4.0,-9.0,57.1,57.1,42.9,0.0,0.5,2.0,0.0,0.0,6.9,3.7,14.3,7.0,0.0,30.0,31.6
2486884,6,981514,SPANISH BASKETBALL ACADEMY,AWAY,1990032,M. Echeverria Fernandez,M. Echeverria Fernandez,0,6.0,363.0,2.0,1.0,1.0,0.0,0.0,1.0,1.0,0.0,0.0,1.0,0.0,1.0,0.0,0.0,0.0,0.0,0.0,1.0,0.0,2.0,-5.0,100.0,100.0,0.0,0.0,2.0,0.0,0.0,17.1,0.0,9.1,0.0,0.0,0.0,0.0,7.0
2486884,6,981514,SPANISH BASKETBALL ACADEMY,AWAY,2436640,J. Puidet,J. Puidet,1,27.2,1631.0,10.0,2.0,4.0,2.0,3.0,4.0,7.0,0.0,0.0,2.0,6.0,8.0,4.0,2.0,2.0,0.0,0.0,2.0,0.0,17.0,2.0,71.4,71.4,42.9,0.0,1.0,2.0,0.0,7.5,26.0,16.1,31.3,3.9,0.0,22.2,13.9
2486884,6,981514,SPANISH BASKETBALL ACADEMY,AWAY,2312124,S. Traore,S. Traore,0,6.4,386.0,0.0,0.0,1.0,0.0,0.0,0.0,1.0,0.0,0.0,0.0,0.0,0.0,0.0,1.0,1.0,0.0,0.0,1.0,0.0,-2.0,-1.0,0.0,0.0,0.0,0.0,0.0,0.0,0.0,0.0,0.0,0.0,0.0,8.3,0.0,50.0,13.2
2486884,6,981514,SPANISH BASKETBALL ACADEMY,AWAY,2481590,A. Butko,A. Butko,0,4.7,280.0,0.0,0.0,0.0,0.0,0.0,0.0,0.0,0.0,0.0,0.0,0.0,0.0,0.0,0.0,0.0,0.0,0.0,2.0,0.0,-2.0,-3.0,0.0,0.0,0.0,0.0,0.0,0.0,0.0,0.0,0.0,0.0,0.0,0.0,0.0,0.0,0.0
2486884,6,981514,SPANISH BASKETBALL ACADEMY,AWAY,2065452,J. Santano Bartolome,J. Santano Bartolome,1,21.2,1274.0,6.0,1.0,6.0,1.0,2.0,2.0,8.0,1.0,2.0,1.0,1.0,2.0,1.0,0.0,1.0,0.0,0.0,2.0,1.0,2.0,-1.0,33.8,31.2,25.0,25.0,0.3,1.5,2.0,4.8,5.5,5.2,10.0,2.5,0.0,0.0,17.6
2486884,6,981514,SPANISH BASKETBALL ACADEMY,AWAY,1374966,A. Moreno Trujillo,A. Moreno Trujillo,0,23.5,1411.0,8.0,4.0,7.0,0.0,4.0,4.0,11.0,0.0,0.0,3.0,3.0,6.0,3.0,3.0,1.0,0.0,0.0,3.0,2.0,7.0,13.0,36.4,36.4,36.4,0.0,1.1,0.0,0.0,13.1,15.0,14.0,28.8,2.3,0.0,21.4,25.1
2486884,6,981514,SPANISH BASKETBALL ACADEMY,AWAY,2816737,D. Simeunovic,D. Simeunovic,1,36.3,2176.0,19.0,6.0,10.0,0.0,6.0,6.0,16.0,7.0,8.0,3.0,3.0,6.0,1.0,0.0,1.0,1.0,0.0,3.0,5.0,19.0,9.0,48.7,37.5,37.5,50.0,1.2,0.0,1.6,8.5,9.7,9.1,6.4,1.5,3.0,0.0,22.6
2486884,6,981514,SPANISH BASKETBALL ACADEMY,AWAY,2846994,K. Curfman,K. Curfman,0,15.7,942.0,2.0,1.0,3.0,0.0,7.0,1.0,10.0,0.0,0.0,0.0,0.0,0.0,1.0,3.0,1.0,0.0,1.0,2.0,1.0,-9.0,4.0,10.0,10.0,70.0,0.0,0.7,0.0,0.0,0.0,0.0,0.0,11.6,3.4,0.0,23.1,34.9
2486884,6,981514,SPANISH BASKETBALL ACADEMY,AWAY,2752020,E. Medina Roa,E. Medina Roa,1,30.2,1810.0,11.0,4.0,7.0,0.0,0.0,4.0,7.0,3.0,6.0,7.0,5.0,12.0,0.0,4.0,2.0,0.0,0.0,1.0,5.0,19.0,9.0,57.1,57.1,0.0,85.7,1.1,0.0,1.2,23.8,19.5,21.8,0.0,3.5,0.0,29.3,19.0
2486884,6,981514,SPANISH BASKETBALL ACADEMY,AWAY,1825944,R. Garcia Salame,R. Garcia Salame,1,28.8,1727.0,13.0,1.0,4.0,1.0,3.0,2.0,7.0,8.0,9.0,1.0,6.0,7.0,5.0,3.0,1.0,0.0,0.0,2.0,11.0,26.0,3.0,59.3,35.7,42.9,128.6,0.5,1.0,0.8,3.6,24.5,13.3,33.8,1.8,0.0,21.5,20.4
2486885,6,981207,OCA GLOBAL C.B. SALOU,HOME,2715040,B. Traore,B. Traore,1,27.0,1621.0,18.0,2.0,4.0,2.0,5.0,4.0,9.0,8.0,10.0,3.0,2.0,5.0,0.0,1.0,0.0,0.0,0.0,4.0,6.0,17.0,-10.0,67.2,55.6,55.6,111.1,1.0,1.2,1.7,13.1,11.0,12.1,0.0,0.0,0.0,6.9,23.4
2486885,6,981207,OCA GLOBAL C.B. SALOU,HOME,1271466,D. Cuellar Garcia,D. Cuellar Garcia,1,34.8,2088.0,13.0,2.0,7.0,3.0,7.0,5.0,14.0,0.0,1.0,1.0,4.0,5.0,1.0,2.0,1.0,0.0,0.0,3.0,2.0,7.0,-15.0,45.0,46.4,50.0,7.1,0.6,1.3,0.5,3.4,17.0,9.4,4.2,1.4,0.0,12.2,20.7
2486885,6,981207,OCA GLOBAL C.B. SALOU,HOME,2242531,E. Moure Colombo,E. Moure Colombo,0,4.8,289.0,5.0,1.0,1.0,1.0,1.0,2.0,2.0,0.0,0.0,0.0,0.0,0.0,1.0,1.0,0.0,0.0,0.0,1.0,0.0,4.0,-4.0,125.0,125.0,50.0,0.0,2.0,3.0,0.0,0.0,0.0,0.0,83.3,0.0,0.0,33.3,27.4
2486885,6,981207,OCA GLOBAL C.B. SALOU,HOME,1967605,E. Sims Serra,E. Sims Serra,0,16.5,988.0,10.0,2.0,3.0,1.0,2.0,3.0,5.0,3.0,3.0,1.0,2.0,3.0,0.0,3.0,2.0,0.0,0.0,3.0,1.0,8.0,11.0,79.1,70.0,40.0,60.0,1.3,1.5,3.0,7.1,18.0,11.9,0.0,5.9,0.0,32.2,24.8
2486885,6,981207,OCA GLOBAL C.B. SALOU,HOME,2827753,O. Okenchi,O. Okenchi,1,20.1,1205.0,8.0,3.0,7.0,0.0,0.0,3.0,7.0,2.0,4.0,1.0,0.0,1.0,0.0,1.0,1.0,0.0,0.0,4.0,3.0,2.0,-9.0,45.7,42.9,0.0,57.1,0.9,0.0,1.3,5.9,0.0,3.3,0.0,2.4,0.0,10.2,21.3
2486885,6,981207,OCA GLOBAL C.B. SALOU,HOME,2825543,D. Jackson,D. Jackson,1,30.5,1830.0,14.0,7.0,8.0,0.0,1.0,7.0,9.0,0.0,0.0,0.0,8.0,8.0,1.0,1.0,1.0,0.0,0.0,4.0,1.0,18.0,-14.0,77.8,77.8,11.1,0.0,1.8,0.0,0.0,0.0,38.9,17.2,5.4,1.6,0.0,10.0,14.4
2486885,6,981207,OCA GLOBAL C.B. SALOU,HOME,1610350,E. Martinez Pretel,E. Martinez Pretel,1,24.2,1455.0,14.0,0.0,1.0,3.0,6.0,3.0,7.0,5.0,6.0,1.0,0.0,1.0,6.0,1.0,2.0,1.0,0.0,3.0,4.0,19.0,-10.0,72.6,64.3,85.7,85.7,0.0,1.5,1.5,4.9,0.0,2.7,37.0,4.0,4.9,9.4,19.3
2486885,6,981207,OCA GLOBAL C.B. SALOU,HOME,2274746,P. Salo Blaya,P. Salo Blaya,0,4.9,294.0,0.0,0.0,0.0,0.0,0.0,0.0,0.0,0.0,4.0,0.0,0.0,0.0,0.0,0.0,0.0,0.0,0.0,1.0,3.0,-2.0,7.0,0.0,0.0,0.0,0.0,0.0,0.0,1.3,0.0,0.0,0.0,0.0,0.0,0.0,0.0,15.8
2486885,6,981207,OCA GLOBAL C.B. SALOU,HOME,2534398,J. Sánchez,J. Sánchez,0,10.9,656.0,7.0,2.0,2.0,1.0,3.0,3.0,5.0,0.0,0.0,0.0,1.0,1.0,4.0,1.0,1.0,0.0,0.0,3.0,1.0,8.0,5.0,70.0,70.0,60.0,0.0,2.0,1.0,0.0,0.0,13.6,6.0,60.6,4.5,0.0,16.7,24.1
2486885,6,981207,OCA GLOBAL C.B. SALOU,HOME,1438515,A. Morales Ros,A. Morales Ros,0,26.2,1574.0,8.0,0.0,3.0,2.0,5.0,2.0,8.0,2.0,2.0,1.0,2.0,3.0,1.0,1.0,1.0,0.0,0.0,3.0,3.0,6.0,-6.0,45.0,37.5,62.5,25.0,0.0,1.2,0.7,4.5,11.3,7.5,4.9,1.9,0.0,10.1,16.5
2486885,6,979996,AMICS CASTELLÓ,AWAY,2149001,R. Fabrega Urpina,R. Fabrega Urpina,0,24.3,1459.0,10.0,1.0,3.0,0.0,1.0,1.0,4.0,8.0,10.0,2.0,3.0,5.0,8.0,0.0,2.0,0.0,0.0,1.0,7.0,26.0,1.0,59.5,25.0,25.0,250.0,0.7,0.0,1.4,12.2,14.5,13.5,44.0,4.0,0.0,0.0,15.4
2486885,6,979996,AMICS CASTELLÓ,AWAY,273780,J. Faner Catala,J. Faner Catala,1,24.8,1489.0,8.0,2.0,3.0,0.0,3.0,2.0,6.0,4.0,4.0,0.0,1.0,1.0,4.0,3.0,0.0,0.0,0.0,3.0,5.0,8.0,9.0,51.5,33.3,50.0,66.7,1.3,0.0,0.8,0.0,4.7,2.6,23.3,0.0,0.0,27.9,19.3
2486885,6,979996,AMICS CASTELLÓ,AWAY,2818901,O. Russell,O. Russell,1,27.7,1660.0,21.0,1.0,5.0,3.0,6.0,4.0,11.0,10.0,12.0,0.0,3.0,3.0,5.0,2.0,4.0,0.0,1.0,3.0,7.0,26.0,16.0,64.5,50.0,54.5,109.1,0.4,1.5,1.7,0.0,12.7,7.1,27.2,6.9,0.0,10.9,29.4
2486885,6,979996,AMICS CASTELLÓ,AWAY,2816147,D. Bah,D. Bah,0,22.4,1341.0,8.0,4.0,7.0,0.0,0.0,4.0,7.0,0.0,2.0,2.0,1.0,3.0,1.0,1.0,0.0,0.0,0.0,4.0,1.0,3.0,17.0,50.8,57.1,0.0,28.6,1.1,0.0,2.0,13.2,5.3,8.8,6.6,0.0,0.0,11.3,17.7
2486885,6,979996,AMICS CASTELLÓ,AWAY,1817496,P. Garcia Carrero,P. Garcia Carrero,0,13.9,833.0,2.0,1.0,1.0,0.0,2.0,1.0,3.0,0.0,0.0,1.0,1.0,2.0,0.0,1.0,0.0,0.0,0.0,0.0,1.0,2.0,-4.0,33.3,33.3,66.7,0.0,2.0,0.0,0.0,10.7,8.5,9.4,0.0,0.0,0.0,25.0,12.8
2486885,6,979996,AMICS CASTELLÓ,AWAY,2743181,K.  Baoko,K.  Baoko,1,7.2,433.0,5.0,2.0,3.0,0.0,0.0,2.0,3.0,1.0,1.0,1.0,3.0,4.0,0.0,2.0,0.0,0.0,0.0,4.0,1.0,3.0,-4.0,72.7,66.7,0.0,33.3,1.3,0.0,1.0,20.6,49.0,36.4,0.0,0.0,0.0,36.8,33.7
2486885,6,979996,AMICS CASTELLÓ,AWAY,1840859,V. Rodriguez Gil,V. Rodriguez Gil,0,2.7,160.0,0.0,0.0,0.0,0.0,0.0,0.0,0.0,0.0,0.0,0.0,0.0,0.0,0.0,0.0,0.0,0.0,0.0,0.0,0.0,0.0,-3.0,0.0,0.0,0.0,0.0,0.0,0.0,0.0,0.0,0.0,0.0,0.0,0.0,0.0,0.0,0.0
2486885,6,979996,AMICS CASTELLÓ,AWAY,2641325,M. Andreatta,M. Andreatta,0,17.6,1057.0,13.0,3.0,4.0,2.0,3.0,5.0,7.0,1.0,2.0,1.0,4.0,5.0,0.0,0.0,1.0,0.0,0.0,4.0,2.0,14.0,6.0,82.5,85.7,42.9,28.6,1.5,2.0,1.0,8.4,26.7,18.6,0.0,2.7,0.0,0.0,20.0
2486885,6,979996,AMICS CASTELLÓ,AWAY,2325314,F. Stutz,F. Stutz,1,28.9,1736.0,20.0,5.0,6.0,2.0,5.0,7.0,11.0,4.0,4.0,0.0,4.0,4.0,3.0,1.0,0.0,0.0,0.0,5.0,2.0,19.0,4.0,78.4,72.7,45.5,36.4,1.7,1.2,2.0,0.0,16.3,9.1,19.5,0.0,0.0,7.3,21.2
2486885,6,979996,AMICS CASTELLÓ,AWAY,1627889,A. Tamayo Lesmes,A. Tamayo Lesmes,1,30.5,1832.0,19.0,2.0,2.0,4.0,5.0,6.0,7.0,3.0,3.0,1.0,6.0,7.0,1.0,4.0,1.0,0.0,0.0,2.0,3.0,24.0,3.0,114.2,114.3,71.4,42.9,2.0,2.4,1.0,4.9,23.1,15.0,5.1,1.6,0.0,32.5,18.0
2486886,6,981305,SOL GIRONÈS BISBAL BÀSQUET,HOME,1446313,J. Carrasco Martin,J. Carrasco Martin,0,5.5,329.0,2.0,1.0,1.0,0.0,2.0,1.0,3.0,0.0,0.0,0.0,0.0,0.0,0.0,1.0,1.0,0.0,0.0,1.0,0.0,-1.0,-4.0,33.3,33.3,66.7,0.0,2.0,0.0,0.0,0.0,0.0,0.0,0.0,9.3,0.0,25.0,33.9
2486886,6,981305,SOL GIRONÈS BISBAL BÀSQUET,HOME,1964254,P. Sala Vallmajo,P. Sala Vallmajo,0,9.8,591.0,0.0,0.0,0.0,0.0,1.0,0.0,1.0,0.0,0.0,0.0,0.0,0.0,0.0,0.0,0.0,0.0,0.0,1.0,0.0,-2.0,-4.0,0.0,0.0,100.0,0.0,0.0,0.0,0.0,0.0,0.0,0.0,0.0,0.0,0.0,0.0,4.8
2486886,6,981305,SOL GIRONÈS BISBAL BÀSQUET,HOME,2814887,P. Renane,P. Renane,1,22.0,1319.0,9.0,4.0,4.0,0.0,3.0,4.0,7.0,1.0,1.0,0.0,9.0,9.0,0.0,1.0,3.0,0.0,0.0,4.0,0.0,13.0,9.0,60.5,57.1,42.9,14.3,2.0,0.0,0.0,0.0,45.5,23.4,0.0,7.0,0.0,11.8,17.9
2486886,6,981305,SOL GIRONÈS BISBAL BÀSQUET,HOME,1227597,I. Valera Corominas,I. Valera Corominas,0,14.5,869.0,0.0,0.0,1.0,0.0,3.0,0.0,4.0,0.0,0.0,0.0,0.0,0.0,2.0,0.0,0.0,0.0,0.0,3.0,0.0,-5.0,-1.0,0.0,0.0,75.0,0.0,0.0,0.0,0.0,0.0,0.0,0.0,13.9,0.0,0.0,0.0,12.9
2486886,6,981305,SOL GIRONÈS BISBAL BÀSQUET,HOME,1829525,M. Mikhailov Paltarak,M. Mikhailov Paltarak,1,30.6,1839.0,21.0,10.0,13.0,0.0,0.0,10.0,13.0,1.0,5.0,5.0,4.0,9.0,1.0,2.0,2.0,0.0,0.0,1.0,3.0,26.0,5.0,69.1,76.9,0.0,38.5,1.5,0.0,1.7,19.2,14.5,16.8,5.3,3.4,0.0,11.6,26.2
2486886,6,981305,SOL GIRONÈS BISBAL BÀSQUET,HOME,2815520,N. Okeke,N. Okeke,1,31.2,1870.0,19.0,3.0,5.0,3.0,5.0,6.0,10.0,4.0,4.0,1.0,5.0,6.0,1.0,0.0,1.0,0.0,0.0,1.0,3.0,25.0,14.0,80.8,75.0,50.0,40.0,1.2,1.8,1.3,3.8,17.8,11.0,4.4,1.6,0.0,0.0,17.6
2486886,6,981305,SOL GIRONÈS BISBAL BÀSQUET,HOME,1400270,B. Alvarez Torres,B. Alvarez Torres,1,27.1,1625.0,25.0,8.0,16.0,3.0,5.0,11.0,21.0,0.0,0.0,0.0,1.0,1.0,3.0,1.0,3.0,0.0,1.0,3.0,1.0,19.0,-5.0,59.5,59.5,23.8,0.0,1.0,1.8,0.0,0.0,4.1,2.1,21.1,5.7,0.0,4.5,37.8
2486886,6,981305,SOL GIRONÈS BISBAL BÀSQUET,HOME,2814874,J. Golson,J. Golson,0,15.7,940.0,9.0,1.0,1.0,2.0,7.0,3.0,8.0,1.0,1.0,0.0,1.0,1.0,0.0,0.0,0.0,0.0,0.0,2.0,1.0,4.0,4.0,53.3,50.0,87.5,12.5,2.0,0.9,1.0,0.0,7.1,3.6,0.0,0.0,0.0,0.0,25.1
2486886,6,981305,SOL GIRONÈS BISBAL BÀSQUET,HOME,2815176,S. Kane,S. Kane,0,12.9,773.0,0.0,0.0,0.0,0.0,0.0,0.0,0.0,0.0,0.0,1.0,4.0,5.0,0.0,0.0,2.0,0.0,0.0,1.0,0.0,6.0,-1.0,0.0,0.0,0.0,0.0,0.0,0.0,0.0,9.1,34.5,22.1,0.0,7.9,0.0,0.0,0.0
2486886,6,981305,SOL GIRONÈS BISBAL BÀSQUET,HOME,1198592,X. Torrent Bayé,X. Torrent Bayé,1,30.8,1845.0,3.0,0.0,3.0,1.0,4.0,1.0,7.0,0.0,0.0,2.0,2.0,4.0,6.0,2.0,0.0,0.0,0.0,3.0,2.0,4.0,13.0,21.4,21.4,57.1,0.0,0.0,0.8,0.0,7.6,7.2,7.4,21.6,0.0,0.0,22.2,13.6
2486886,6,981491,C.B. GETAFE,AWAY,1223461,J. Tejera Tejo,J. Tejera Tejo,1,11.2,671.0,0.0,0.0,1.0,0.0,2.0,0.0,3.0,0.0,0.0,2.0,4.0,6.0,1.0,0.0,1.0,0.0,0.0,0.0,1.0,6.0,-8.0,0.0,0.0,66.7,0.0,0.0,0.0,0.0,19.8,42.0,30.6,10.1,4.6,0.0,0.0,12.2
2486886,6,981491,C.B. GETAFE,AWAY,2816388,M. Abdulsalam,M. Abdulsalam,1,25.1,1503.0,17.0,6.0,9.0,0.0,1.0,6.0,10.0,5.0,7.0,2.0,5.0,7.0,0.0,4.0,1.0,1.0,0.0,0.0,7.0,23.0,-7.0,65.0,60.0,10.0,70.0,1.3,0.0,1.0,8.9,23.4,15.9,0.0,2.1,3.6,23.4,30.9
2486886,6,981491,C.B. GETAFE,AWAY,1789964,E. Ortiz Torres,E. Ortiz Torres,0,12.5,750.0,4.0,2.0,2.0,0.0,1.0,2.0,3.0,0.0,0.0,0.0,0.0,0.0,1.0,1.0,0.0,0.0,0.0,1.0,0.0,2.0,-5.0,66.7,66.7,33.3,0.0,2.0,0.0,0.0,0.0,0.0,0.0,12.7,0.0,0.0,25.0,14.5
2486886,6,981491,C.B. GETAFE,AWAY,2816390,A. Akinwole,A. Akinwole,1,15.8,950.0,6.0,3.0,4.0,0.0,3.0,3.0,7.0,0.0,0.0,0.0,3.0,3.0,0.0,0.0,0.0,0.0,0.0,0.0,2.0,7.0,-14.0,42.9,42.9,42.9,0.0,1.5,0.0,0.0,0.0,22.3,10.8,0.0,0.0,0.0,0.0,20.1
2486886,6,981491,C.B. GETAFE,AWAY,2815898,C. Henderson,C. Henderson,0,21.5,1290.0,5.0,1.0,1.0,1.0,5.0,2.0,6.0,0.0,0.0,1.0,2.0,3.0,1.0,1.0,1.0,0.0,0.0,1.0,0.0,4.0,0.0,41.7,41.7,83.3,0.0,2.0,0.6,0.0,5.2,10.9,8.0,6.9,2.4,0.0,14.3,14.8
2486886,6,981491,C.B. GETAFE,AWAY,1587611,I. Ibañez Zamalloa,I. Ibañez Zamalloa,0,4.0,243.0,0.0,0.0,0.0,0.0,0.0,0.0,0.0,0.0,0.0,0.0,0.0,0.0,0.0,0.0,0.0,0.0,0.0,0.0,1.0,1.0,2.0,0.0,0.0,0.0,0.0,0.0,0.0,0.0,0.0,0.0,0.0,0.0,0.0,0.0,0.0,0.0
2486886,6,981491,C.B. GETAFE,AWAY,1328788,M. Alvarez Puertas,M. Alvarez Puertas,0,11.8,707.0,4.0,2.0,2.0,0.0,1.0,2.0,3.0,0.0,0.0,1.0,4.0,5.0,1.0,1.0,0.0,0.0,0.0,1.0,1.0,8.0,1.0,66.7,66.7,33.3,0.0,2.0,0.0,0.0,9.4,39.9,24.2,12.7,0.0,0.0,25.0,15.4
2486886,6,981491,C.B. GETAFE,AWAY,1674978,G. Mulero Maldonado,G. Mulero Maldonado,0,29.0,1738.0,13.0,6.0,10.0,0.0,1.0,6.0,11.0,1.0,1.0,3.0,0.0,3.0,3.0,3.0,1.0,0.0,0.0,4.0,3.0,11.0,11.0,56.8,54.5,9.1,9.1,1.2,0.0,0.3,11.5,0.0,5.9,17.5,1.8,0.0,20.8,22.6
2486886,6,981491,C.B. GETAFE,AWAY,1582089,J. Parra Baez,J. Parra Baez,1,30.2,1815.0,16.0,3.0,6.0,2.0,6.0,5.0,12.0,4.0,6.0,0.0,4.0,4.0,1.0,1.0,0.0,0.0,0.0,1.0,3.0,13.0,-13.0,54.6,50.0,50.0,50.0,1.0,1.0,2.0,0.0,15.6,7.6,4.7,0.0,0.0,6.4,23.5
2486886,6,981491,C.B. GETAFE,AWAY,1820240,P. Arribas Gomez,P. Arribas Gomez,0,2.2,133.0,0.0,0.0,0.0,0.0,0.0,0.0,0.0,0.0,0.0,0.0,0.0,0.0,0.0,0.0,0.0,0.0,0.0,0.0,0.0,0.0,4.0,0.0,0.0,0.0,0.0,0.0,0.0,0.0,0.0,0.0,0.0,0.0,0.0,0.0,0.0,0.0
2486886,6,981491,C.B. GETAFE,AWAY,2816389,J. Nve Maleva,J. Nve Maleva,0,10.5,629.0,8.0,4.0,7.0,0.0,0.0,4.0,7.0,0.0,0.0,1.0,2.0,3.0,0.0,1.0,0.0,0.0,0.0,2.0,0.0,5.0,2.0,57.1,57.1,0.0,0.0,1.1,0.0,0.0,10.6,22.4,16.3,0.0,0.0,0.0,12.5,34.6
2486886,6,981491,C.B. GETAFE,AWAY,1876223,A. Montero Isla,A. Montero Isla,1,26.2,1571.0,9.0,2.0,4.0,1.0,3.0,3.0,7.0,2.0,2.0,0.0,1.0,1.0,1.0,0.0,1.0,0.0,0.0,2.0,2.0,8.0,-3.0,57.1,50.0,42.9,28.6,1.0,1.0,1.0,0.0,4.5,2.2,5.0,2.0,0.0,0.0,13.7
2486887,6,981428,HOMS U.E.MATARÓ,HOME,2162105,F. Garrido Teban,F. Garrido Teban,1,15.2,911.0,0.0,0.0,0.0,0.0,2.0,0.0,2.0,0.0,2.0,0.0,2.0,2.0,2.0,0.0,1.0,0.0,0.0,2.0,2.0,1.0,7.0,0.0,0.0,100.0,100.0,0.0,0.0,1.0,0.0,15.5,8.6,18.5,3.5,0.0,0.0,9.8
2486887,6,981428,HOMS U.E.MATARÓ,HOME,1914611,J. Boix Colet,J. Boix Colet,1,17.6,1058.0,9.0,2.0,3.0,1.0,4.0,3.0,7.0,2.0,2.0,0.0,3.0,3.0,1.0,0.0,0.0,0.0,0.0,4.0,2.0,7.0,6.0,57.1,50.0,57.1,28.6,1.3,0.8,1.0,0.0,20.1,11.2,12.8,0.0,0.0,0.0,23.1
2486887,6,981428,HOMS U.E.MATARÓ,HOME,2813591,S. Hall,S. Hall,0,22.0,1320.0,12.0,6.0,12.0,0.0,0.0,6.0,12.0,0.0,0.0,1.0,5.0,6.0,1.0,3.0,0.0,0.0,1.0,2.0,1.0,9.0,4.0,50.0,50.0,0.0,0.0,1.0,0.0,0.0,6.7,26.7,17.9,9.8,0.0,0.0,20.0,35.2
2486887,6,981428,HOMS U.E.MATARÓ,HOME,1591966,J. Castillo Carrasco,J. Castillo Carrasco,0,17.6,1057.0,6.0,0.0,0.0,2.0,3.0,2.0,3.0,0.0,0.0,1.0,2.0,3.0,0.0,0.0,1.0,0.0,0.0,2.0,0.0,7.0,0.0,100.0,100.0,100.0,0.0,0.0,2.0,0.0,8.4,13.4,11.2,0.0,3.0,0.0,0.0,8.8
2486887,6,981428,HOMS U.E.MATARÓ,HOME,1568569,J. Juanola Madera,J. Juanola Madera,1,35.0,2099.0,13.0,3.0,4.0,1.0,2.0,4.0,6.0,4.0,5.0,0.0,1.0,1.0,5.0,3.0,1.0,0.0,0.0,2.0,5.0,17.0,2.0,79.3,75.0,33.3,83.3,1.5,1.5,1.0,0.0,3.4,1.9,24.6,1.5,0.0,26.8,16.5
2486887,6,981428,HOMS U.E.MATARÓ,HOME,1927150,N. Ferrer Iglesia,N. Ferrer Iglesia,1,12.3,736.0,4.0,2.0,3.0,0.0,1.0,2.0,4.0,0.0,0.0,0.0,2.0,2.0,1.0,1.0,0.0,1.0,0.0,1.0,2.0,6.0,-12.0,50.0,50.0,25.0,0.0,1.3,0.0,0.0,0.0,19.1,10.7,16.4,0.0,8.3,20.0,21.0
2486887,6,981428,HOMS U.E.MATARÓ,HOME,1942837,G. Martinez Rivera,G. Martinez Rivera,0,28.6,1717.0,18.0,4.0,7.0,2.0,3.0,6.0,10.0,4.0,7.0,0.0,2.0,2.0,1.0,0.0,0.0,0.0,0.0,0.0,4.0,18.0,14.0,68.8,70.0,30.0,70.0,1.1,2.0,1.8,0.0,8.2,4.6,7.8,0.0,0.0,0.0,23.6
2486887,6,981428,HOMS U.E.MATARÓ,HOME,2813635,E. Kalu,E. Kalu,1,25.0,1500.0,9.0,1.0,3.0,0.0,0.0,1.0,3.0,7.0,8.0,2.0,1.0,3.0,1.0,3.0,1.0,0.0,0.0,4.0,4.0,8.0,-6.0,69.0,33.3,0.0,266.7,0.7,0.0,2.0,11.9,4.7,7.9,6.6,2.1,0.0,31.5,19.7
2486887,6,981428,HOMS U.E.MATARÓ,HOME,1920919,E. Coll Comabella,E. Coll Comabella,0,20.5,1232.0,8.0,2.0,3.0,1.0,5.0,3.0,8.0,1.0,2.0,0.0,0.0,0.0,2.0,0.0,2.0,0.0,1.0,3.0,1.0,4.0,6.0,45.0,43.8,62.5,25.0,1.3,0.6,2.0,0.0,0.0,0.0,19.0,5.2,0.0,0.0,22.4
2486887,6,981428,HOMS U.E.MATARÓ,HOME,2834418,D. Acosta Almonte,D. Acosta Almonte,0,6.2,370.0,0.0,0.0,0.0,0.0,0.0,0.0,0.0,0.0,0.0,0.0,2.0,2.0,0.0,1.0,0.0,0.0,0.0,4.0,0.0,-3.0,-1.0,0.0,0.0,0.0,0.0,0.0,0.0,0.0,0.0,38.0,21.2,0.0,0.0,0.0,100.0,8.3
2486887,6,981347,PROINBENI UPB GANDIA,AWAY,1824880,G. Perez Ramirez,G. Perez Ramirez,1,10.6,637.0,1.0,0.0,1.0,0.0,3.0,0.0,4.0,1.0,2.0,0.0,2.0,2.0,0.0,1.0,0.0,0.0,0.0,2.0,1.0,-4.0,4.0,10.2,0.0,75.0,50.0,0.0,0.0,2.0,0.0,28.0,12.4,0.0,0.0,0.0,17.0,24.7
2486887,6,981347,PROINBENI UPB GANDIA,AWAY,1837816,C. Hurtado Cervantes,C. Hurtado Cervantes,0,13.8,829.0,7.0,0.0,1.0,1.0,4.0,1.0,5.0,4.0,5.0,0.0,1.0,1.0,1.0,2.0,0.0,0.0,0.0,2.0,3.0,3.0,-6.0,48.6,30.0,80.0,100.0,0.0,0.8,1.7,0.0,10.7,4.8,16.9,0.0,0.0,21.7,29.7
2486887,6,981347,PROINBENI UPB GANDIA,AWAY,2736564,K. Greeley,K. Greeley,1,25.9,1553.0,23.0,4.0,9.0,2.0,5.0,6.0,14.0,9.0,9.0,2.0,2.0,4.0,0.0,2.0,1.0,1.0,0.0,2.0,6.0,23.0,8.0,64.0,50.0,35.7,64.3,0.9,1.2,1.5,9.1,11.4,10.1,0.0,2.1,4.4,10.0,34.3
2486887,6,981347,PROINBENI UPB GANDIA,AWAY,2378347,J. Molina Martinez,J. Molina Martinez,0,30.0,1799.0,10.0,2.0,2.0,2.0,4.0,4.0,6.0,0.0,0.0,2.0,3.0,5.0,1.0,3.0,0.0,0.0,0.0,4.0,2.0,9.0,-5.0,83.3,83.3,66.7,0.0,2.0,1.5,0.0,7.8,14.8,10.9,6.9,0.0,0.0,33.3,13.4
2486887,6,981347,PROINBENI UPB GANDIA,AWAY,1673764,L. Ferrando Ortells,L. Ferrando Ortells,1,26.3,1580.0,7.0,2.0,8.0,0.0,2.0,2.0,10.0,3.0,4.0,0.0,4.0,4.0,5.0,1.0,0.0,0.0,1.0,1.0,2.0,7.0,2.0,29.8,20.0,20.0,40.0,0.5,0.0,2.0,0.0,22.5,10.0,35.5,0.0,0.0,7.8,21.6
2486887,6,981347,PROINBENI UPB GANDIA,AWAY,2711878,D. Ilincic,D. Ilincic,0,11.6,694.0,4.0,1.0,4.0,0.0,0.0,1.0,4.0,2.0,2.0,1.0,2.0,3.0,0.0,3.0,0.0,0.0,0.0,0.0,1.0,2.0,-8.0,41.0,25.0,0.0,50.0,0.5,0.0,2.0,10.1,25.5,17.0,0.0,0.0,0.0,38.1,30.3
2486887,6,981347,PROINBENI UPB GANDIA,AWAY,1996333,M. Montilla Diaz,M. Montilla Diaz,1,20.2,1213.0,3.0,1.0,1.0,0.0,1.0,1.0,2.0,1.0,2.0,2.0,1.0,3.0,0.0,0.0,0.0,0.0,0.0,2.0,2.0,4.0,4.0,52.1,50.0,50.0,100.0,2.0,0.0,1.0,11.6,7.3,9.7,0.0,0.0,0.0,0.0,6.4
2486887,6,981347,PROINBENI UPB GANDIA,AWAY,1827011,J. Soler Cirujeda,J. Soler Cirujeda,0,20.9,1255.0,8.0,3.0,4.0,0.0,2.0,3.0,6.0,2.0,2.0,0.0,3.0,3.0,0.0,2.0,0.0,0.0,0.0,4.0,1.0,3.0,-12.0,58.1,50.0,33.3,33.3,1.5,0.0,2.0,0.0,21.3,9.4,0.0,0.0,0.0,22.5,18.9
2486887,6,981347,PROINBENI UPB GANDIA,AWAY,1851026,A. Bellver Valiente,A. Bellver Valiente,0,12.4,743.0,1.0,0.0,0.0,0.0,1.0,0.0,1.0,1.0,2.0,2.0,1.0,3.0,0.0,0.0,0.0,0.0,0.0,1.0,1.0,2.0,-11.0,26.6,0.0,100.0,200.0,0.0,0.0,2.0,19.0,11.9,15.9,0.0,0.0,0.0,0.0,6.8
2486887,6,981347,PROINBENI UPB GANDIA,AWAY,2335802,J. Bitjaa Kody,J. Bitjaa Kody,1,28.3,1697.0,11.0,5.0,9.0,0.0,1.0,5.0,10.0,1.0,1.0,5.0,4.0,9.0,0.0,1.0,2.0,1.0,0.0,3.0,2.0,16.0,4.0,52.7,50.0,10.0,10.0,1.1,0.0,0.5,20.8,20.9,20.9,0.0,3.8,4.0,8.7,18.0
2486888,6,981281,LOBE HUESCA LA MAGIA,HOME,2151562,O. Thiam Pedrera,O. Thiam Pedrera,0,11.7,701.0,0.0,0.0,0.0,0.0,0.0,0.0,0.0,0.0,0.0,0.0,3.0,3.0,1.0,1.0,1.0,0.0,0.0,0.0,1.0,5.0,-6.0,0.0,0.0,0.0,0.0,0.0,0.0,0.0,0.0,24.4,13.1,13.9,4.2,0.0,100.0,3.9
2486888,6,981281,LOBE HUESCA LA MAGIA,HOME,2815547,J. Wells,J. Wells,0,24.7,1480.0,13.0,0.0,2.0,4.0,11.0,4.0,13.0,1.0,1.0,0.0,0.0,0.0,3.0,1.0,1.0,0.0,0.0,3.0,0.0,4.0,-6.0,48.4,46.2,84.6,7.7,0.0,1.1,0.0,0.0,0.0,0.0,28.8,2.0,0.0,6.9,26.4
2486888,6,981281,LOBE HUESCA LA MAGIA,HOME,1756469,H. Figueroa Álvarez,H. Figueroa Álvarez,1,23.1,1384.0,19.0,0.0,1.0,5.0,11.0,5.0,12.0,4.0,7.0,0.0,2.0,2.0,0.0,1.0,1.0,0.0,0.0,4.0,4.0,11.0,1.0,63.0,62.5,91.7,58.3,0.0,1.4,1.8,0.0,8.2,4.4,0.0,2.1,0.0,6.2,31.4
2486888,6,981281,LOBE HUESCA LA MAGIA,HOME,1759956,I. Corraliza Coba,I. Corraliza Coba,1,24.1,1447.0,3.0,1.0,3.0,0.0,2.0,1.0,5.0,1.0,4.0,2.0,5.0,7.0,3.0,3.0,0.0,2.0,0.0,2.0,2.0,5.0,-5.0,22.2,20.0,40.0,80.0,0.7,0.0,2.0,9.2,19.8,14.9,22.4,0.0,7.9,30.7,18.3
2486888,6,981281,LOBE HUESCA LA MAGIA,HOME,2815923,M. Carreira Kreps,M. Carreira Kreps,0,13.8,826.0,2.0,1.0,1.0,0.0,0.0,1.0,1.0,0.0,0.0,0.0,3.0,3.0,3.0,1.0,0.0,0.0,0.0,3.0,1.0,5.0,-4.0,100.0,100.0,0.0,0.0,2.0,0.0,0.0,0.0,20.7,11.1,48.4,0.0,0.0,50.0,6.5
2486888,6,981281,LOBE HUESCA LA MAGIA,HOME,2823388,J. Fritz,J. Fritz,0,23.6,1414.0,17.0,5.0,6.0,1.0,4.0,6.0,10.0,4.0,7.0,0.0,5.0,5.0,1.0,1.0,1.0,0.0,0.0,3.0,6.0,19.0,4.0,65.0,65.0,40.0,70.0,1.7,0.8,1.2,0.0,20.2,10.9,11.9,2.1,0.0,7.1,26.9
2486888,6,981281,LOBE HUESCA LA MAGIA,HOME,2815543,A. Badmus,A. Badmus,1,22.0,1320.0,8.0,4.0,6.0,0.0,2.0,4.0,8.0,0.0,0.0,1.0,3.0,4.0,3.0,2.0,0.0,0.0,0.0,4.0,1.0,6.0,-11.0,50.0,50.0,25.0,0.0,1.3,0.0,0.0,5.1,13.0,9.3,28.8,0.0,0.0,20.0,20.5
2486888,6,981281,LOBE HUESCA LA MAGIA,HOME,1761508,P. Lopez-Sanvicente Reta,P. Lopez-Sanvicente Reta,1,22.8,1365.0,6.0,1.0,1.0,1.0,2.0,2.0,3.0,1.0,4.0,0.0,4.0,4.0,4.0,1.0,1.0,0.0,0.0,2.0,3.0,11.0,1.0,63.0,83.3,66.7,133.3,2.0,1.5,1.3,0.0,16.7,9.0,32.3,2.2,0.0,17.4,11.4
2486888,6,981281,LOBE HUESCA LA MAGIA,HOME,2116811,G. Rodriguez Soler,G. Rodriguez Soler,0,9.1,543.0,0.0,0.0,0.0,0.0,3.0,0.0,3.0,0.0,0.0,2.0,1.0,3.0,0.0,0.0,0.0,0.0,0.0,0.0,1.0,1.0,0.0,0.0,0.0,100.0,0.0,0.0,0.0,0.0,24.4,10.5,16.9,0.0,0.0,0.0,0.0,14.9
2486888,6,981281,LOBE HUESCA LA MAGIA,HOME,2054954,G. Vazquez Vallejo,G. Vazquez Vallejo,1,25.3,1520.0,10.0,1.0,5.0,0.0,4.0,1.0,9.0,8.0,8.0,2.0,2.0,4.0,2.0,0.0,2.0,0.0,2.0,3.0,6.0,13.0,-4.0,39.9,11.1,44.4,88.9,0.4,0.0,1.3,8.8,7.5,8.1,14.9,3.9,0.0,0.0,22.3
2486888,6,981358,CIUDAD MOLINA BASKET,AWAY,2816300,A. Duval,A. Duval,1,21.5,1289.0,14.0,1.0,4.0,4.0,12.0,5.0,16.0,0.0,0.0,1.0,2.0,3.0,2.0,2.0,1.0,0.0,0.0,1.0,1.0,7.0,4.0,43.8,43.8,75.0,0.0,0.5,1.0,0.0,4.4,10.3,7.2,20.0,2.3,0.0,11.1,35.4
2486888,6,981358,CIUDAD MOLINA BASKET,AWAY,1899744,J. Cascales Fernandez,J. Cascales Fernandez,0,6.3,376.0,0.0,0.0,2.0,0.0,0.0,0.0,2.0,0.0,0.0,0.0,0.0,0.0,2.0,0.0,0.0,0.0,0.0,1.0,3.0,2.0,7.0,0.0,0.0,0.0,0.0,0.0,0.0,0.0,0.0,0.0,0.0,33.3,0.0,0.0,0.0,13.4
2486888,6,981358,CIUDAD MOLINA BASKET,AWAY,1767254,G. Cadme Arias,G. Cadme Arias,0,7.7,464.0,0.0,0.0,1.0,0.0,1.0,0.0,2.0,0.0,0.0,1.0,1.0,2.0,0.0,1.0,0.0,0.0,0.0,1.0,1.0,-1.0,-2.0,0.0,0.0,50.0,0.0,0.0,0.0,0.0,12.4,14.4,13.3,0.0,0.0,0.0,33.3,16.5
2486888,6,981358,CIUDAD MOLINA BASKET,AWAY,1532799,R. Timoner Gimenez,R. Timoner Gimenez,0,18.4,1106.0,9.0,1.0,4.0,2.0,3.0,3.0,7.0,1.0,2.0,0.0,0.0,0.0,1.0,1.0,1.0,0.0,1.0,1.0,2.0,6.0,0.0,57.1,57.1,42.9,28.6,0.5,2.0,1.0,0.0,0.0,0.0,8.3,2.7,0.0,11.3,20.4
2486888,6,981358,CIUDAD MOLINA BASKET,AWAY,2146670,P. Campeny Lloveras,P. Campeny Lloveras,0,3.0,183.0,2.0,1.0,1.0,0.0,0.0,1.0,1.0,0.0,0.0,0.0,0.0,0.0,0.0,0.0,0.0,0.0,0.0,1.0,0.0,1.0,-2.0,100.0,100.0,0.0,0.0,2.0,0.0,0.0,0.0,0.0,0.0,0.0,0.0,0.0,0.0,14.1
2486888,6,981358,CIUDAD MOLINA BASKET,AWAY,1514342,R. Martínez-Quintanilla Jiménez,R. Martínez-Quintanilla Jiménez,0,7.5,447.0,0.0,0.0,0.0,0.0,2.0,0.0,2.0,0.0,0.0,1.0,2.0,3.0,0.0,0.0,0.0,0.0,0.0,3.0,0.0,-2.0,-8.0,0.0,0.0,100.0,0.0,0.0,0.0,0.0,12.7,29.6,20.5,0.0,0.0,0.0,0.0,11.3
2486888,6,981358,CIUDAD MOLINA BASKET,AWAY,2816662,G. Miladinovic,G. Miladinovic,0,17.1,1024.0,11.0,5.0,6.0,0.0,0.0,5.0,6.0,1.0,4.0,4.0,4.0,8.0,0.0,1.0,0.0,0.0,0.0,3.0,3.0,14.0,-15.0,70.9,83.3,0.0,66.7,1.7,0.0,1.3,22.3,26.0,24.0,0.0,0.0,0.0,11.4,21.6
2486888,6,981358,CIUDAD MOLINA BASKET,AWAY,2557720,M. Garcia Rosello,M. Garcia Rosello,1,29.6,1775.0,11.0,1.0,2.0,3.0,8.0,4.0,10.0,0.0,0.0,1.0,6.0,7.0,2.0,0.0,2.0,0.0,0.0,3.0,3.0,16.0,9.0,55.0,55.0,80.0,0.0,1.0,1.1,0.0,3.2,22.5,12.1,11.8,3.3,0.0,0.0,14.3
2486888,6,981358,CIUDAD MOLINA BASKET,AWAY,2042118,F. Hernandez Martinez,F. Hernandez Martinez,0,19.7,1182.0,13.0,4.0,7.0,1.0,2.0,5.0,9.0,2.0,4.0,1.0,2.0,3.0,1.0,1.0,0.0,0.0,0.0,1.0,5.0,14.0,7.0,60.4,61.1,22.2,44.4,1.1,1.5,0.8,4.8,11.3,7.8,10.0,0.0,0.0,8.5,25.2
2486888,6,981358,CIUDAD MOLINA BASKET,AWAY,2816661,M. Mukendi Mukendi,M. Mukendi Mukendi,1,20.9,1251.0,4.0,0.0,1.0,0.0,0.0,0.0,1.0,4.0,4.0,0.0,3.0,3.0,0.0,1.0,1.0,2.0,0.0,3.0,2.0,7.0,18.0,72.5,0.0,0.0,400.0,0.0,0.0,2.0,0.0,15.9,7.4,0.0,2.3,15.3,26.6,7.6
2486888,6,981358,CIUDAD MOLINA BASKET,AWAY,1439463,C. Toledo Zamora,C. Toledo Zamora,1,29.4,1762.0,16.0,6.0,10.0,0.0,1.0,6.0,11.0,4.0,4.0,5.0,5.0,10.0,3.0,1.0,1.0,0.0,0.0,4.0,2.0,22.0,8.0,62.7,54.5,9.1,36.4,1.2,0.0,2.0,16.2,18.9,17.4,20.0,1.7,0.0,7.3,19.8
2486888,6,981358,CIUDAD MOLINA BASKET,AWAY,2032122,J. Tavelli,J. Tavelli,1,19.0,1141.0,4.0,1.0,4.0,0.0,4.0,1.0,8.0,2.0,4.0,0.0,4.0,4.0,4.0,2.0,1.0,0.0,1.0,3.0,2.0,1.0,4.0,20.5,12.5,50.0,50.0,0.5,0.0,2.0,0.0,23.4,10.8,28.6,2.6,0.0,17.0,26.1
2486889,6,981216,CLASS BASQUET SANT ANTONI,HOME,2534687,G. Gantt,G. Gantt,1,31.6,1896.0,15.0,1.0,3.0,4.0,8.0,5.0,11.0,1.0,3.0,2.0,1.0,3.0,3.0,0.0,2.0,0.0,1.0,3.0,2.0,14.0,3.0,60.9,63.6,72.7,27.3,0.7,1.5,1.5,5.8,4.9,5.4,12.6,3.4,0.0,0.0,16.4
2486889,6,981216,CLASS BASQUET SANT ANTONI,HOME,1394852,G. Blat Baeza,G. Blat Baeza,0,18.7,1122.0,9.0,3.0,4.0,1.0,6.0,4.0,10.0,0.0,0.0,0.0,0.0,0.0,5.0,1.0,1.0,0.0,0.0,3.0,1.0,6.0,-5.0,45.0,45.0,60.0,0.0,1.5,0.5,0.0,0.0,0.0,0.0,35.7,2.9,0.0,9.1,24.8
2486889,6,981216,CLASS BASQUET SANT ANTONI,HOME,2815818,K. Johnson,K. Johnson,1,23.6,1414.0,11.0,4.0,11.0,1.0,2.0,5.0,13.0,0.0,2.0,2.0,1.0,3.0,1.0,0.0,1.0,0.0,4.0,3.0,1.0,4.0,-3.0,39.6,42.3,15.4,15.4,0.7,1.5,2.0,7.7,6.5,7.3,6.0,2.3,0.0,0.0,24.8
2486889,6,981216,CLASS BASQUET SANT ANTONI,HOME,1528610,J. Rodriguez Jimenez,J. Rodriguez Jimenez,0,3.6,214.0,0.0,0.0,0.0,0.0,0.0,0.0,0.0,0.0,0.0,0.0,1.0,1.0,0.0,0.0,0.0,0.0,0.0,0.0,0.0,1.0,-7.0,0.0,0.0,0.0,0.0,0.0,0.0,0.0,0.0,42.7,15.9,0.0,0.0,0.0,0.0,0.0
2486889,6,981216,CLASS BASQUET SANT ANTONI,HOME,2363916,D. De La Rua De Agustin,D. De La Rua De Agustin,1,26.5,1588.0,9.0,3.0,4.0,0.0,4.0,3.0,8.0,3.0,4.0,1.0,2.0,3.0,9.0,2.0,2.0,0.0,0.0,3.0,8.0,20.0,7.0,46.1,37.5,50.0,50.0,1.5,0.0,0.5,3.4,11.6,6.5,40.5,4.1,0.0,17.0,18.7
2486889,6,981216,CLASS BASQUET SANT ANTONI,HOME,1397157,R. Gomez Barral,R. Gomez Barral,1,20.1,1203.0,9.0,3.0,4.0,1.0,3.0,4.0,7.0,0.0,0.0,4.0,3.0,7.0,0.0,3.0,0.0,0.0,0.0,4.0,1.0,7.0,-2.0,64.3,64.3,42.9,0.0,1.5,1.0,0.0,18.1,23.0,19.9,0.0,0.0,0.0,30.0,20.9
2486889,6,981216,CLASS BASQUET SANT ANTONI,HOME,2462416,E. Stoilov,E. Stoilov,1,27.4,1641.0,25.0,10.0,15.0,0.0,0.0,10.0,15.0,5.0,5.0,6.0,3.0,9.0,0.0,1.0,0.0,0.0,1.0,1.0,4.0,31.0,-3.0,72.7,66.7,0.0,33.3,1.3,0.0,1.2,19.9,16.8,18.8,0.0,0.0,0.0,5.5,28.0
2486889,6,981216,CLASS BASQUET SANT ANTONI,HOME,1834527,S. Paz Vazquez,S. Paz Vazquez,0,15.1,903.0,5.0,1.0,6.0,1.0,1.0,2.0,7.0,0.0,0.0,2.0,4.0,6.0,1.0,1.0,2.0,0.0,0.0,1.0,2.0,9.0,-6.0,35.7,35.7,14.3,0.0,0.3,3.0,0.0,12.0,40.8,22.7,8.1,7.1,0.0,12.5,22.3
2486889,6,981216,CLASS BASQUET SANT ANTONI,HOME,2128433,N. Zizic,N. Zizic,0,12.7,759.0,6.0,3.0,6.0,0.0,0.0,3.0,6.0,0.0,0.0,3.0,2.0,5.0,0.0,0.0,1.0,1.0,0.0,2.0,0.0,8.0,0.0,50.0,50.0,0.0,0.0,1.0,0.0,0.0,21.5,24.2,22.5,0.0,4.2,15.0,0.0,19.9
2486889,6,981216,CLASS BASQUET SANT ANTONI,HOME,2182043,J. Solarin,J. Solarin,0,16.9,1017.0,1.0,0.0,0.0,0.0,2.0,0.0,2.0,1.0,2.0,0.0,2.0,2.0,0.0,0.0,0.0,0.0,0.0,1.0,2.0,1.0,-1.0,17.4,0.0,100.0,100.0,0.0,0.0,1.0,0.0,18.2,6.8,0.0,0.0,0.0,0.0,7.2
2486889,6,981216,CLASS BASQUET SANT ANTONI,HOME,1878691,I. Ruiz Gonzalez,I. Ruiz Gonzalez,0,4.0,243.0,0.0,0.0,1.0,0.0,0.0,0.0,1.0,0.0,0.0,0.0,0.0,0.0,0.0,0.0,0.0,0.0,1.0,1.0,0.0,-2.0,2.0,0.0,0.0,0.0,0.0,0.0,0.0,0.0,0.0,0.0,0.0,0.0,0.0,0.0,0.0,10.5
2486889,6,981490,CLUB ESPORTIU BÀSQUET LLÍRIA,AWAY,2274877,K. Clement Aigbogun,K. Clement Aigbogun,1,18.6,1117.0,2.0,0.0,1.0,0.0,1.0,0.0,2.0,2.0,2.0,0.0,0.0,0.0,1.0,3.0,1.0,2.0,0.0,2.0,1.0,0.0,-8.0,34.7,0.0,50.0,100.0,0.0,0.0,2.0,0.0,0.0,0.0,6.5,2.9,8.0,51.0,15.5
2486889,6,981490,CLUB ESPORTIU BÀSQUET LLÍRIA,AWAY,2665346,D. Kandulu,D. Kandulu,1,9.2,554.0,4.0,2.0,5.0,0.0,0.0,2.0,5.0,0.0,0.0,1.0,4.0,5.0,0.0,1.0,0.0,1.0,0.0,3.0,1.0,4.0,1.0,40.0,40.0,0.0,0.0,0.8,0.0,0.0,16.7,39.5,31.1,0.0,0.0,8.1,16.7,32.0
2486889,6,981490,CLUB ESPORTIU BÀSQUET LLÍRIA,AWAY,1702333,E. Herrera Sauret,E. Herrera Sauret,1,17.1,1029.0,14.0,0.0,2.0,4.0,6.0,4.0,8.0,2.0,2.0,0.0,1.0,1.0,3.0,2.0,2.0,0.0,1.0,1.0,2.0,15.0,1.0,78.8,75.0,75.0,25.0,0.0,2.0,1.0,0.0,5.3,3.3,35.7,6.2,0.0,18.4,31.2
2486889,6,981490,CLUB ESPORTIU BÀSQUET LLÍRIA,AWAY,1995160,D. Rivas Palmer,D. Rivas Palmer,0,26.1,1568.0,22.0,1.0,1.0,6.0,7.0,7.0,8.0,2.0,5.0,1.0,1.0,2.0,0.0,1.0,0.0,0.0,0.0,3.0,3.0,19.0,6.0,107.8,125.0,87.5,62.5,2.0,2.6,1.7,5.9,3.5,4.4,0.0,0.0,0.0,8.9,21.1
2486889,6,981490,CLUB ESPORTIU BÀSQUET LLÍRIA,AWAY,1882178,J. Palamos Molins,J. Palamos Molins,0,12.3,741.0,0.0,0.0,0.0,0.0,2.0,0.0,2.0,0.0,0.0,1.0,3.0,4.0,1.0,1.0,0.0,0.0,0.0,1.0,0.0,1.0,-2.0,0.0,0.0,100.0,0.0,0.0,0.0,0.0,12.5,22.2,18.6,10.8,0.0,0.0,33.3,12.0
2486889,6,981490,CLUB ESPORTIU BÀSQUET LLÍRIA,AWAY,2281145,A. Rivas Palmer,A. Rivas Palmer,0,29.9,1793.0,14.0,2.0,3.0,3.0,9.0,5.0,12.0,1.0,2.0,1.0,6.0,7.0,1.0,1.0,2.0,2.0,0.0,1.0,4.0,20.0,-8.0,54.3,54.2,75.0,16.7,1.3,1.0,0.5,5.1,18.2,13.4,6.0,3.6,5.0,7.2,22.8
2486889,6,981490,CLUB ESPORTIU BÀSQUET LLÍRIA,AWAY,1560358,A. Meana Perez,A. Meana Perez,1,28.3,1698.0,11.0,2.0,3.0,1.0,3.0,3.0,6.0,4.0,4.0,0.0,2.0,2.0,10.0,5.0,0.0,0.0,0.0,3.0,8.0,20.0,5.0,70.9,58.3,50.0,66.7,1.3,1.0,0.5,0.0,6.4,4.0,53.5,0.0,0.0,39.2,22.1
2486889,6,981490,CLUB ESPORTIU BÀSQUET LLÍRIA,AWAY,1257494,V. Perez Tomas,V. Perez Tomas,0,15.2,911.0,14.0,1.0,1.0,4.0,5.0,5.0,6.0,0.0,1.0,0.0,2.0,2.0,1.0,1.0,1.0,1.0,0.0,0.0,2.0,18.0,8.0,108.7,116.7,83.3,16.7,2.0,2.4,0.5,0.0,12.0,7.5,13.5,3.5,4.9,13.4,24.0
2486889,6,981490,CLUB ESPORTIU BÀSQUET LLÍRIA,AWAY,2184821,M. Enabulele Ogunsuyi,M. Enabulele Ogunsuyi,0,25.9,1555.0,6.0,3.0,4.0,0.0,0.0,3.0,4.0,0.0,1.0,2.0,4.0,6.0,0.0,1.0,0.0,1.0,0.0,5.0,1.0,6.0,7.0,67.6,75.0,0.0,25.0,1.5,0.0,1.0,11.9,14.0,13.2,0.0,0.0,2.9,18.4,10.3
2486889,6,981490,CLUB ESPORTIU BÀSQUET LLÍRIA,AWAY,2222436,S. Gallego Mogro,S. Gallego Mogro,1,17.2,1034.0,6.0,0.0,1.0,2.0,4.0,2.0,5.0,0.0,0.0,1.0,1.0,2.0,0.0,0.0,0.0,0.0,0.0,2.0,0.0,3.0,5.0,60.0,60.0,80.0,0.0,0.0,1.5,0.0,8.9,5.3,6.6,0.0,0.0,0.0,0.0,14.3
2486890,6,979897,BUENO ARENAS ALBACETE BASKET,HOME,2772828,F. Andrade Amiel,F. Andrade Amiel,1,22.8,1365.0,7.0,3.0,5.0,0.0,4.0,3.0,9.0,1.0,2.0,1.0,1.0,2.0,2.0,1.0,2.0,0.0,2.0,2.0,1.0,4.0,0.0,35.4,33.3,44.4,22.2,1.2,0.0,2.0,5.0,5.3,5.2,16.7,4.4,0.0,9.2,22.8
2486890,6,979897,BUENO ARENAS ALBACETE BASKET,HOME,1371559,V. Aguilar Hernandez,V. Aguilar Hernandez,0,29.4,1765.0,9.0,1.0,2.0,1.0,5.0,2.0,7.0,4.0,4.0,0.0,2.0,2.0,3.0,2.0,1.0,0.0,0.0,3.0,3.0,8.0,4.0,51.4,35.7,71.4,57.1,1.0,0.6,1.3,0.0,8.2,4.0,19.4,1.7,0.0,18.6,17.5
2486890,6,979897,BUENO ARENAS ALBACETE BASKET,HOME,2813013,N. Reid,N. Reid,1,34.4,2061.0,27.0,3.0,9.0,4.0,8.0,7.0,17.0,9.0,10.0,3.0,3.0,6.0,1.0,1.0,0.0,0.0,0.0,4.0,6.0,24.0,-3.0,63.1,52.9,47.1,58.8,0.7,1.5,1.7,10.0,10.6,10.3,6.5,0.0,0.0,4.5,31.1
2486890,6,979897,BUENO ARENAS ALBACETE BASKET,HOME,1947396,V. Muñoz Quiñones,V. Muñoz Quiñones,0,17.5,1050.0,5.0,2.0,3.0,0.0,0.0,2.0,3.0,1.0,3.0,0.0,3.0,3.0,0.0,0.0,1.0,0.0,0.0,5.0,3.0,4.0,9.0,57.9,66.7,0.0,100.0,1.3,0.0,1.0,0.0,20.8,10.1,0.0,2.9,0.0,0.0,11.8
2486890,6,979897,BUENO ARENAS ALBACETE BASKET,HOME,2432962,S. Merlo,S. Merlo,1,32.7,1962.0,12.0,1.0,2.0,2.0,4.0,3.0,6.0,4.0,9.0,1.0,11.0,12.0,10.0,1.0,1.0,0.0,0.0,1.0,9.0,34.0,6.0,60.2,66.7,66.7,150.0,1.0,1.5,1.0,3.5,40.8,21.6,58.8,1.5,0.0,9.1,16.0
2486890,6,979897,BUENO ARENAS ALBACETE BASKET,HOME,2364931,A. Perez Conti,A. Perez Conti,1,14.8,887.0,2.0,1.0,2.0,0.0,1.0,1.0,3.0,0.0,1.0,0.0,0.0,0.0,0.0,0.0,0.0,0.0,0.0,4.0,1.0,-4.0,-2.0,29.1,33.3,33.3,33.3,1.0,0.0,1.0,0.0,0.0,0.0,0.0,0.0,0.0,0.0,11.1
2486890,6,979897,BUENO ARENAS ALBACETE BASKET,HOME,2817541,O. Bramble,O. Bramble,0,19.5,1169.0,8.0,2.0,5.0,0.0,0.0,2.0,5.0,4.0,6.0,1.0,4.0,5.0,0.0,1.0,0.0,0.0,0.0,1.0,3.0,9.0,-2.0,52.4,40.0,0.0,120.0,0.8,0.0,2.0,5.9,24.9,15.1,0.0,0.0,0.0,11.6,21.2
2486890,6,979897,BUENO ARENAS ALBACETE BASKET,HOME,1981843,B. Vanaclocha Sanchez,B. Vanaclocha Sanchez,1,19.6,1177.0,9.0,3.0,6.0,0.0,0.0,3.0,6.0,3.0,3.0,1.0,1.0,2.0,0.0,1.0,0.0,1.0,0.0,3.0,2.0,7.0,-6.0,61.5,50.0,0.0,50.0,1.0,0.0,1.5,5.8,6.2,6.0,0.0,0.0,7.0,12.0,20.3
2486890,6,979897,BUENO ARENAS ALBACETE BASKET,HOME,2432412,J. Hierrezuelo Serer,J. Hierrezuelo Serer,0,9.4,564.0,4.0,2.0,3.0,0.0,1.0,2.0,4.0,0.0,0.0,2.0,1.0,3.0,1.0,0.0,1.0,0.0,0.0,3.0,0.0,4.0,9.0,50.0,50.0,25.0,0.0,1.3,0.0,0.0,24.3,12.9,18.8,33.3,5.3,0.0,0.0,20.3
2486890,6,981275,MADERAS SORLI BENICARLO,AWAY,2467065,A. Ikpeze,A. Ikpeze,0,15.1,906.0,2.0,1.0,5.0,0.0,0.0,1.0,5.0,0.0,0.0,1.0,1.0,2.0,0.0,3.0,0.0,0.0,0.0,5.0,1.0,-7.0,-5.0,20.0,20.0,0.0,0.0,0.4,0.0,0.0,8.0,7.6,7.8,0.0,0.0,0.0,37.5,24.3
2486890,6,981275,MADERAS SORLI BENICARLO,AWAY,2534405,L. Soumbey-Alley,L. Soumbey-Alley,1,30.9,1854.0,18.0,1.0,3.0,3.0,5.0,4.0,8.0,7.0,8.0,2.0,6.0,8.0,1.0,1.0,0.0,1.0,0.0,2.0,5.0,25.0,1.0,78.1,68.8,62.5,100.0,0.7,1.8,1.6,7.8,22.2,15.2,6.6,0.0,3.5,8.0,18.6
2486890,6,981275,MADERAS SORLI BENICARLO,AWAY,1485040,A. Haro Val,A. Haro Val,0,21.4,1284.0,10.0,1.0,2.0,1.0,4.0,2.0,6.0,5.0,6.0,0.0,2.0,2.0,3.0,1.0,0.0,0.0,0.0,0.0,5.0,14.0,-2.0,57.9,41.7,66.7,100.0,1.0,0.8,1.2,0.0,10.7,5.5,30.0,0.0,0.0,10.4,20.7
2486890,6,981275,MADERAS SORLI BENICARLO,AWAY,1998365,P. Harguindey Maneiro,P. Harguindey Maneiro,0,9.7,584.0,0.0,0.0,0.0,0.0,1.0,0.0,1.0,0.0,0.0,0.0,0.0,0.0,0.0,0.0,1.0,0.0,0.0,1.0,0.0,-1.0,0.0,0.0,0.0,100.0,0.0,0.0,0.0,0.0,0.0,0.0,0.0,0.0,5.5,0.0,0.0,4.7
2486890,6,981275,MADERAS SORLI BENICARLO,AWAY,2500822,M. Voronin,M. Voronin,0,20.4,1227.0,7.0,1.0,2.0,1.0,4.0,2.0,6.0,2.0,2.0,3.0,1.0,4.0,4.0,2.0,0.0,0.0,0.0,3.0,0.0,6.0,-6.0,50.9,41.7,66.7,33.3,1.0,0.8,0.0,17.8,5.6,11.5,40.0,0.0,0.0,22.5,20.0
2486890,6,981275,MADERAS SORLI BENICARLO,AWAY,1659850,A. Prior Ruiz,A. Prior Ruiz,1,28.7,1722.0,12.0,3.0,5.0,2.0,4.0,5.0,9.0,0.0,2.0,1.0,3.0,4.0,0.0,0.0,1.0,0.0,0.0,4.0,2.0,9.0,-4.0,60.7,66.7,44.4,22.2,1.2,1.5,1.0,4.2,11.9,8.2,0.0,1.9,0.0,0.0,15.8
2486890,6,981275,MADERAS SORLI BENICARLO,AWAY,2219986,A. Libroia,A. Libroia,1,29.4,1762.0,16.0,4.0,6.0,2.0,8.0,6.0,14.0,2.0,2.0,0.0,2.0,2.0,4.0,2.0,1.0,0.0,0.0,2.0,6.0,17.0,1.0,53.8,50.0,57.1,14.3,1.3,0.8,0.3,0.0,7.8,4.0,37.0,1.8,0.0,11.8,26.4
2486890,6,981275,MADERAS SORLI BENICARLO,AWAY,2536645,R. Ukawuba,R. Ukawuba,1,8.2,489.0,2.0,1.0,2.0,0.0,1.0,1.0,3.0,0.0,0.0,0.0,2.0,2.0,1.0,0.0,0.0,0.0,0.0,2.0,0.0,1.0,-3.0,33.3,33.3,33.3,0.0,1.0,0.0,0.0,0.0,27.9,14.3,26.3,0.0,0.0,0.0,16.8
2486890,6,981275,MADERAS SORLI BENICARLO,AWAY,2250610,A. Sanchez Perdiguero,A. Sanchez Perdiguero,0,19.6,1174.0,9.0,2.0,2.0,0.0,3.0,2.0,5.0,5.0,10.0,0.0,6.0,6.0,0.0,2.0,1.0,0.0,0.0,4.0,5.0,7.0,0.0,47.9,40.0,60.0,200.0,2.0,0.0,2.0,0.0,35.0,18.0,0.0,2.7,0.0,17.5,26.7
2486890,6,981275,MADERAS SORLI BENICARLO,AWAY,2439615,O. Ndour,O. Ndour,1,16.6,998.0,4.0,0.0,2.0,1.0,1.0,1.0,3.0,1.0,2.0,0.0,3.0,3.0,1.0,2.0,0.0,1.0,1.0,5.0,2.0,1.0,3.0,51.5,50.0,33.3,66.7,0.0,3.0,1.0,0.0,20.7,10.6,11.6,0.0,6.5,34.0,16.3
2486891,7,981514,SPANISH BASKETBALL ACADEMY,HOME,1990032,M. Echeverria Fernandez,M. Echeverria Fernandez,0,14.2,851.0,0.0,0.0,2.0,0.0,1.0,0.0,3.0,0.0,0.0,3.0,1.0,4.0,0.0,2.0,0.0,0.0,0.0,1.0,0.0,-2.0,-14.0,0.0,0.0,33.3,0.0,0.0,0.0,0.0,20.1,6.9,13.6,0.0,0.0,0.0,40.0,15.6
2486891,7,981514,SPANISH BASKETBALL ACADEMY,HOME,2436640,J. Puidet,J. Puidet,1,32.1,1929.0,7.0,1.0,3.0,1.0,5.0,2.0,8.0,2.0,3.0,3.0,8.0,11.0,2.0,4.0,3.0,0.0,0.0,3.0,3.0,12.0,9.0,37.6,31.2,62.5,37.5,0.7,0.6,1.0,8.9,24.3,16.5,10.6,5.1,0.0,30.0,18.4
2486891,7,981514,SPANISH BASKETBALL ACADEMY,HOME,2312124,S. Traore,S. Traore,0,5.4,324.0,0.0,0.0,0.0,0.0,0.0,0.0,0.0,0.0,0.0,0.0,1.0,1.0,0.0,0.0,0.0,0.0,0.0,3.0,0.0,-2.0,-12.0,0.0,0.0,0.0,0.0,0.0,0.0,0.0,0.0,18.1,8.9,0.0,0.0,0.0,0.0,0.0
2486891,7,981514,SPANISH BASKETBALL ACADEMY,HOME,2065452,J. Santano Bartolome,J. Santano Bartolome,1,30.4,1823.0,10.0,4.0,8.0,0.0,2.0,4.0,10.0,2.0,2.0,1.0,6.0,7.0,1.0,0.0,0.0,1.0,1.0,2.0,4.0,15.0,6.0,46.0,40.0,20.0,20.0,1.0,0.0,0.5,3.1,19.3,11.1,6.0,0.0,3.2,0.0,15.9
2486891,7,981514,SPANISH BASKETBALL ACADEMY,HOME,2816737,D. Simeunovic,D. Simeunovic,1,32.2,1930.0,21.0,9.0,13.0,0.0,6.0,9.0,19.0,3.0,5.0,4.0,2.0,6.0,2.0,0.0,0.0,0.0,0.0,2.0,4.0,19.0,4.0,49.5,47.4,31.6,26.3,1.4,0.0,1.2,11.8,6.1,9.0,16.9,0.0,0.0,0.0,29.2
2486891,7,981514,SPANISH BASKETBALL ACADEMY,HOME,2846994,K. Curfman,K. Curfman,0,25.9,1552.0,21.0,1.0,2.0,6.0,12.0,7.0,14.0,1.0,1.0,0.0,1.0,1.0,2.0,3.0,1.0,0.0,0.0,2.0,1.0,14.0,0.0,72.7,71.4,85.7,7.1,1.0,1.5,1.0,0.0,3.8,1.9,23.3,2.1,0.0,17.2,29.9
2486891,7,981514,SPANISH BASKETBALL ACADEMY,HOME,2752020,E. Medina Roa,E. Medina Roa,1,24.3,1459.0,8.0,4.0,6.0,0.0,0.0,4.0,6.0,0.0,1.0,5.0,3.0,8.0,1.0,2.0,1.0,1.0,0.0,3.0,2.0,13.0,-4.0,62.1,66.7,0.0,16.7,1.3,0.0,0.5,19.6,12.0,15.9,8.6,2.3,4.0,23.7,15.4
2486891,7,981514,SPANISH BASKETBALL ACADEMY,HOME,1825944,R. Garcia Salame,R. Garcia Salame,1,35.5,2132.0,1.0,0.0,6.0,0.0,4.0,0.0,10.0,1.0,2.0,0.0,2.0,2.0,11.0,3.0,2.0,0.0,0.0,2.0,3.0,3.0,6.0,4.6,0.0,40.0,20.0,0.0,0.0,0.7,0.0,5.5,2.7,47.0,3.1,0.0,21.6,17.3
2486891,7,981275,MADERAS SORLI BENICARLO,AWAY,2467065,A. Ikpeze,A. Ikpeze,0,18.7,1120.0,8.0,2.0,6.0,0.0,0.0,2.0,6.0,4.0,4.0,2.0,4.0,6.0,1.0,0.0,0.0,1.0,0.0,1.0,2.0,13.0,1.0,51.5,33.3,0.0,66.7,0.7,0.0,2.0,10.4,20.4,15.5,10.0,0.0,5.3,0.0,18.4
2486891,7,981275,MADERAS SORLI BENICARLO,AWAY,2534405,L. Soumbey-Alley,L. Soumbey-Alley,1,26.9,1611.0,8.0,1.0,10.0,2.0,4.0,3.0,14.0,0.0,0.0,2.0,5.0,7.0,2.0,3.0,1.0,0.0,1.0,4.0,2.0,2.0,-3.0,28.6,28.6,28.6,0.0,0.2,1.5,0.0,7.3,17.7,12.5,14.5,2.0,0.0,17.6,28.1
2486891,7,981275,MADERAS SORLI BENICARLO,AWAY,1485040,A. Haro Val,A. Haro Val,1,25.8,1547.0,15.0,2.0,2.0,3.0,10.0,5.0,12.0,2.0,2.0,0.0,3.0,3.0,3.0,5.0,2.0,0.0,0.0,1.0,2.0,12.0,-7.0,58.2,54.2,83.3,16.7,2.0,0.9,1.0,0.0,11.1,5.6,31.9,4.2,0.0,28.0,30.8
2486891,7,981275,MADERAS SORLI BENICARLO,AWAY,1998365,P. Harguindey Maneiro,P. Harguindey Maneiro,1,24.4,1467.0,4.0,2.0,3.0,0.0,3.0,2.0,6.0,0.0,0.0,2.0,4.0,6.0,3.0,0.0,0.0,0.0,0.0,2.0,2.0,9.0,-2.0,33.3,33.3,50.0,0.0,1.3,0.0,0.0,8.0,15.6,11.9,24.2,0.0,0.0,0.0,10.9
2486891,7,981275,MADERAS SORLI BENICARLO,AWAY,2500822,M. Voronin,M. Voronin,0,10.1,604.0,0.0,0.0,0.0,0.0,0.0,0.0,0.0,0.0,0.0,0.0,0.0,0.0,1.0,1.0,0.0,0.0,0.0,1.0,1.0,0.0,7.0,0.0,0.0,0.0,0.0,0.0,0.0,0.0,0.0,0.0,0.0,13.9,0.0,0.0,100.0,4.4
2486891,7,981275,MADERAS SORLI BENICARLO,AWAY,1659850,A. Prior Ruiz,A. Prior Ruiz,1,22.3,1336.0,5.0,1.0,2.0,1.0,3.0,2.0,5.0,0.0,0.0,3.0,1.0,4.0,1.0,0.0,1.0,0.0,0.0,2.0,0.0,6.0,5.0,50.0,50.0,60.0,0.0,1.0,1.0,0.0,13.1,4.3,8.6,8.1,2.4,0.0,0.0,10.0
2486891,7,981275,MADERAS SORLI BENICARLO,AWAY,2219986,A. Libroia,A. Libroia,0,18.4,1102.0,4.0,1.0,6.0,0.0,2.0,1.0,8.0,2.0,2.0,1.0,5.0,6.0,1.0,2.0,0.0,0.0,0.0,0.0,2.0,4.0,5.0,22.5,12.5,25.0,25.0,0.3,0.0,1.0,5.3,25.9,15.7,9.1,0.0,0.0,18.4,26.3
2486891,7,981275,MADERAS SORLI BENICARLO,AWAY,2536645,R. Ukawuba,R. Ukawuba,0,14.5,869.0,9.0,1.0,2.0,2.0,5.0,3.0,7.0,1.0,2.0,0.0,2.0,2.0,0.0,0.0,1.0,0.0,0.0,0.0,0.0,7.0,3.0,57.1,57.1,71.4,28.6,1.0,1.2,0.0,0.0,13.1,6.6,0.0,3.7,0.0,0.0,24.1
2486891,7,981275,MADERAS SORLI BENICARLO,AWAY,2250610,A. Sanchez Perdiguero,A. Sanchez Perdiguero,0,17.7,1064.0,8.0,1.0,2.0,1.0,2.0,2.0,4.0,3.0,6.0,3.0,2.0,5.0,3.0,1.0,1.0,0.0,0.0,4.0,6.0,13.0,-4.0,60.2,62.5,50.0,150.0,1.0,1.5,1.0,16.5,10.8,13.6,39.5,3.0,0.0,13.1,19.2
2486891,7,981275,MADERAS SORLI BENICARLO,AWAY,2439615,O. Ndour,O. Ndour,1,21.3,1280.0,8.0,4.0,8.0,0.0,0.0,4.0,8.0,0.0,0.0,4.0,0.0,4.0,1.0,1.0,1.0,0.0,1.0,3.0,1.0,7.0,0.0,50.0,50.0,0.0,0.0,1.0,0.0,0.0,18.3,0.0,9.1,12.5,2.5,0.0,11.1,18.8
2486892,7,981490,CLUB ESPORTIU BÀSQUET LLÍRIA,HOME,2274877,K. Clement Aigbogun,K. Clement Aigbogun,1,23.5,1411.0,2.0,0.0,1.0,0.0,4.0,0.0,5.0,2.0,4.0,0.0,5.0,5.0,1.0,0.0,0.0,1.0,0.0,4.0,3.0,1.0,-7.0,14.8,0.0,80.0,80.0,0.0,0.0,1.3,0.0,23.0,9.8,7.9,0.0,4.0,0.0,11.9
2486892,7,981490,CLUB ESPORTIU BÀSQUET LLÍRIA,HOME,2665346,D. Kandulu,D. Kandulu,1,21.5,1289.0,11.0,5.0,9.0,0.0,0.0,5.0,9.0,1.0,2.0,5.0,2.0,7.0,0.0,1.0,1.0,0.0,0.0,3.0,2.0,12.0,-1.0,55.7,55.6,0.0,22.2,1.1,0.0,1.0,18.6,10.1,15.0,0.0,2.4,0.0,9.2,21.0
2486892,7,981490,CLUB ESPORTIU BÀSQUET LLÍRIA,HOME,1702333,E. Herrera Sauret,E. Herrera Sauret,1,21.5,1292.0,9.0,0.0,2.0,2.0,4.0,2.0,6.0,3.0,3.0,0.0,4.0,4.0,2.0,1.0,1.0,0.0,0.0,2.0,1.0,10.0,3.0,61.5,50.0,66.7,50.0,0.0,1.5,3.0,0.0,20.1,8.6,23.5,2.4,0.0,12.0,16.1
2486892,7,981490,CLUB ESPORTIU BÀSQUET LLÍRIA,HOME,1995160,D. Rivas Palmer,D. Rivas Palmer,0,19.2,1153.0,3.0,0.0,1.0,1.0,3.0,1.0,4.0,0.0,0.0,1.0,3.0,4.0,1.0,2.0,1.0,0.0,0.0,3.0,1.0,2.0,-5.0,37.5,37.5,75.0,0.0,0.0,1.0,0.0,4.2,16.9,9.6,10.5,2.7,0.0,33.3,13.0
2486892,7,981490,CLUB ESPORTIU BÀSQUET LLÍRIA,HOME,1882178,J. Palamos Molins,J. Palamos Molins,0,11.8,708.0,0.0,0.0,1.0,0.0,2.0,0.0,3.0,0.0,0.0,0.0,2.0,2.0,0.0,1.0,1.0,0.0,0.0,1.0,2.0,0.0,-3.0,0.0,0.0,66.7,0.0,0.0,0.0,0.0,0.0,18.3,7.8,0.0,4.4,0.0,25.0,14.1
2486892,7,981490,CLUB ESPORTIU BÀSQUET LLÍRIA,HOME,2281145,A. Rivas Palmer,A. Rivas Palmer,0,21.3,1277.0,13.0,0.0,3.0,3.0,7.0,3.0,10.0,4.0,4.0,2.0,4.0,6.0,0.0,0.0,0.0,0.0,0.0,3.0,3.0,12.0,6.0,55.3,45.0,70.0,40.0,0.0,1.3,1.3,7.5,20.3,13.0,0.0,0.0,0.0,0.0,22.9
2486892,7,981490,CLUB ESPORTIU BÀSQUET LLÍRIA,HOME,1560358,A. Meana Perez,A. Meana Perez,1,28.9,1732.0,12.0,0.0,6.0,2.0,7.0,2.0,13.0,6.0,8.0,2.0,4.0,6.0,7.0,3.0,1.0,0.0,0.0,2.0,7.0,15.0,-6.0,36.3,23.1,53.8,61.5,0.0,0.9,1.1,5.5,15.0,9.5,55.1,1.8,0.0,15.4,28.0
2486892,7,981490,CLUB ESPORTIU BÀSQUET LLÍRIA,HOME,1257494,V. Perez Tomas,V. Perez Tomas,0,16.7,1000.0,7.0,1.0,3.0,1.0,10.0,2.0,13.0,2.0,4.0,1.0,3.0,4.0,2.0,1.0,1.0,0.0,0.0,2.0,2.0,0.0,-12.0,23.7,19.2,76.9,30.8,0.7,0.3,2.0,4.8,19.4,11.0,31.2,3.1,0.0,6.3,39.2
2486892,7,981490,CLUB ESPORTIU BÀSQUET LLÍRIA,HOME,2184821,M. Enabulele Ogunsuyi,M. Enabulele Ogunsuyi,0,17.9,1074.0,5.0,2.0,2.0,0.0,0.0,2.0,2.0,1.0,3.0,2.0,1.0,3.0,0.0,0.0,0.0,2.0,0.0,0.0,2.0,10.0,-7.0,75.3,100.0,0.0,150.0,2.0,0.0,1.5,8.9,6.0,7.7,0.0,0.0,10.4,0.0,7.7
2486892,7,981490,CLUB ESPORTIU BÀSQUET LLÍRIA,HOME,2222436,S. Gallego Mogro,S. Gallego Mogro,1,17.7,1064.0,9.0,3.0,5.0,1.0,4.0,4.0,9.0,0.0,0.0,3.0,1.0,4.0,1.0,1.0,1.0,0.0,0.0,3.0,0.0,6.0,-13.0,50.0,50.0,44.4,0.0,1.2,0.8,0.0,13.6,6.1,10.4,22.7,2.9,0.0,10.0,23.5
2486892,7,979897,BUENO ARENAS ALBACETE BASKET,AWAY,2772828,F. Andrade Amiel,F. Andrade Amiel,1,24.2,1451.0,7.0,3.0,8.0,0.0,4.0,3.0,12.0,1.0,2.0,0.0,3.0,3.0,2.0,0.0,2.0,0.0,2.0,4.0,4.0,4.0,16.0,27.2,25.0,33.3,16.7,0.8,0.0,0.5,0.0,9.9,5.7,13.3,4.1,0.0,0.0,25.1
2486892,7,979897,BUENO ARENAS ALBACETE BASKET,AWAY,1371559,V. Aguilar Hernandez,V. Aguilar Hernandez,0,23.7,1424.0,10.0,4.0,6.0,0.0,2.0,4.0,8.0,2.0,2.0,0.0,3.0,3.0,5.0,1.0,0.0,0.0,0.0,2.0,4.0,15.0,10.0,56.3,50.0,25.0,25.0,1.3,0.0,0.5,0.0,10.1,5.8,35.7,0.0,0.0,10.1,19.6
2486892,7,979897,BUENO ARENAS ALBACETE BASKET,AWAY,2813013,N. Reid,N. Reid,1,36.3,2178.0,14.0,3.0,7.0,2.0,6.0,5.0,13.0,2.0,2.0,1.0,5.0,6.0,0.0,3.0,0.0,0.0,0.0,3.0,4.0,10.0,0.0,50.4,46.2,46.2,15.4,0.9,1.0,0.5,3.0,11.0,7.6,0.0,0.0,0.0,17.8,21.9
2486892,7,979897,BUENO ARENAS ALBACETE BASKET,AWAY,1947396,V. Muñoz Quiñones,V. Muñoz Quiñones,0,27.7,1660.0,9.0,4.0,5.0,0.0,0.0,4.0,5.0,1.0,2.0,3.0,6.0,9.0,1.0,0.0,1.0,0.0,0.0,3.0,1.0,16.0,16.0,76.5,80.0,0.0,40.0,1.6,0.0,2.0,11.7,17.3,14.9,5.9,1.8,0.0,0.0,10.0
2486892,7,979897,BUENO ARENAS ALBACETE BASKET,AWAY,2432962,S. Merlo,S. Merlo,1,21.3,1280.0,8.0,1.0,1.0,0.0,2.0,1.0,3.0,6.0,8.0,0.0,8.0,8.0,6.0,3.0,1.0,0.0,0.0,3.0,5.0,18.0,-2.0,61.3,33.3,66.7,266.7,2.0,0.0,1.6,0.0,30.0,17.3,42.9,2.3,0.0,31.5,21.1
2486892,7,979897,BUENO ARENAS ALBACETE BASKET,AWAY,1603635,J. Gonzalez Albadalejo,J. Gonzalez Albadalejo,1,26.8,1606.0,12.0,3.0,6.0,2.0,4.0,5.0,10.0,0.0,0.0,0.0,2.0,2.0,0.0,3.0,1.0,0.0,0.0,3.0,3.0,7.0,-1.0,60.0,60.0,40.0,0.0,1.0,1.5,0.0,0.0,6.0,3.4,0.0,1.9,0.0,23.1,22.8
2486892,7,979897,BUENO ARENAS ALBACETE BASKET,AWAY,2817541,O. Bramble,O. Bramble,0,20.6,1234.0,10.0,5.0,7.0,0.0,0.0,5.0,7.0,0.0,0.0,3.0,3.0,6.0,2.0,0.0,0.0,0.0,1.0,2.0,0.0,14.0,5.0,71.4,71.4,0.0,0.0,1.4,0.0,0.0,15.7,11.7,13.4,20.0,0.0,0.0,0.0,16.0
2486892,7,979897,BUENO ARENAS ALBACETE BASKET,AWAY,1981843,B. Vanaclocha Sanchez,B. Vanaclocha Sanchez,1,4.9,296.0,0.0,0.0,0.0,0.0,0.0,0.0,0.0,0.0,0.0,1.0,1.0,2.0,0.0,0.0,0.0,0.0,0.0,2.0,0.0,0.0,-2.0,0.0,0.0,0.0,0.0,0.0,0.0,0.0,22.1,16.3,18.8,0.0,0.0,0.0,0.0,0.0
2486892,7,979897,BUENO ARENAS ALBACETE BASKET,AWAY,2432412,J. Hierrezuelo Serer,J. Hierrezuelo Serer,0,14.5,871.0,10.0,1.0,3.0,2.0,6.0,3.0,9.0,2.0,2.0,0.0,3.0,3.0,1.0,0.0,0.0,0.0,0.0,1.0,2.0,9.0,3.0,50.6,44.4,66.7,22.2,0.7,1.0,1.0,0.0,16.6,9.5,11.1,0.0,0.0,0.0,32.1
2486893,7,981358,CIUDAD MOLINA BASKET,HOME,2816300,A. Duval,A. Duval,1,19.3,1159.0,11.0,2.0,5.0,2.0,6.0,4.0,11.0,1.0,2.0,1.0,2.0,3.0,0.0,1.0,2.0,0.0,0.0,2.0,1.0,6.0,-4.0,46.3,45.5,54.5,18.2,0.8,1.0,2.0,5.5,8.8,7.3,0.0,5.4,0.0,7.8,29.9
2486893,7,981358,CIUDAD MOLINA BASKET,HOME,1899744,J. Cascales Fernandez,J. Cascales Fernandez,0,3.5,208.0,0.0,0.0,0.0,0.0,0.0,0.0,0.0,0.0,0.0,0.0,0.0,0.0,2.0,1.0,0.0,0.0,0.0,0.0,0.0,1.0,5.0,0.0,0.0,0.0,0.0,0.0,0.0,0.0,0.0,0.0,0.0,83.3,0.0,0.0,100.0,12.8
2486893,7,981358,CIUDAD MOLINA BASKET,HOME,1767254,G. Cadme Arias,G. Cadme Arias,0,12.5,748.0,5.0,1.0,1.0,1.0,1.0,2.0,2.0,0.0,0.0,2.0,1.0,3.0,0.0,0.0,0.0,0.0,0.0,0.0,0.0,8.0,-2.0,125.0,125.0,50.0,0.0,2.0,3.0,0.0,16.8,6.8,11.3,0.0,0.0,0.0,0.0,7.2
2486893,7,981358,CIUDAD MOLINA BASKET,HOME,1532799,R. Timoner Gimenez,R. Timoner Gimenez,1,17.1,1028.0,0.0,0.0,2.0,0.0,1.0,0.0,3.0,0.0,0.0,0.0,1.0,1.0,4.0,3.0,0.0,0.0,1.0,2.0,2.0,-1.0,-5.0,0.0,0.0,33.3,0.0,0.0,0.0,0.0,0.0,5.0,2.8,41.7,0.0,0.0,50.0,15.7
2486893,7,981358,CIUDAD MOLINA BASKET,HOME,2146670,P. Campeny Lloveras,P. Campeny Lloveras,0,6.5,392.0,3.0,0.0,0.0,1.0,2.0,1.0,2.0,0.0,0.0,0.0,0.0,0.0,0.0,0.0,0.0,0.0,0.0,0.0,0.0,2.0,6.0,75.0,75.0,100.0,0.0,0.0,1.5,0.0,0.0,0.0,0.0,0.0,0.0,0.0,0.0,13.8
2486893,7,981358,CIUDAD MOLINA BASKET,HOME,1514342,R. Martínez-Quintanilla Jiménez,R. Martínez-Quintanilla Jiménez,0,6.3,378.0,3.0,0.0,1.0,1.0,2.0,1.0,3.0,0.0,0.0,1.0,0.0,1.0,0.0,0.0,0.0,0.0,0.0,1.0,0.0,1.0,-4.0,50.0,50.0,66.7,0.0,0.0,1.5,0.0,16.7,0.0,7.5,0.0,0.0,0.0,0.0,21.3
2486893,7,981358,CIUDAD MOLINA BASKET,HOME,2816662,G. Miladinovic,G. Miladinovic,1,16.6,996.0,4.0,2.0,7.0,0.0,0.0,2.0,7.0,0.0,0.0,1.0,4.0,5.0,2.0,1.0,0.0,0.0,0.0,3.0,1.0,3.0,-2.0,28.6,28.6,0.0,0.0,0.6,0.0,0.0,6.3,20.5,14.2,26.3,0.0,0.0,12.5,21.6
2486893,7,981358,CIUDAD MOLINA BASKET,HOME,2557720,M. Garcia Rosello,M. Garcia Rosello,1,29.7,1780.0,14.0,2.0,4.0,2.0,6.0,4.0,10.0,4.0,6.0,2.0,3.0,5.0,1.0,1.0,2.0,0.0,0.0,2.0,2.0,13.0,8.0,55.4,50.0,60.0,60.0,1.0,1.0,3.0,7.1,8.6,7.9,7.8,3.5,0.0,7.3,20.6
2486893,7,981358,CIUDAD MOLINA BASKET,HOME,2042118,F. Hernandez Martinez,F. Hernandez Martinez,0,23.5,1410.0,11.0,3.0,3.0,1.0,2.0,4.0,5.0,2.0,4.0,1.0,2.0,3.0,0.0,3.0,2.0,0.0,0.0,1.0,4.0,13.0,13.0,81.4,90.0,40.0,80.0,2.0,1.5,1.0,4.5,7.2,6.0,0.0,4.4,0.0,30.7,18.6
2486893,7,981358,CIUDAD MOLINA BASKET,HOME,2816661,M. Mukendi Mukendi,M. Mukendi Mukendi,0,24.1,1444.0,13.0,4.0,7.0,0.0,0.0,4.0,7.0,5.0,5.0,0.0,7.0,7.0,0.0,1.0,0.0,0.0,0.0,2.0,4.0,18.0,8.0,70.7,57.1,0.0,71.4,1.1,0.0,1.2,0.0,24.7,13.7,0.0,0.0,0.0,9.8,19.0
2486893,7,981358,CIUDAD MOLINA BASKET,HOME,1439463,C. Toledo Zamora,C. Toledo Zamora,1,21.6,1293.0,7.0,1.0,6.0,0.0,1.0,1.0,7.0,5.0,8.0,5.0,9.0,14.0,0.0,3.0,1.0,0.0,1.0,3.0,6.0,13.0,5.0,33.3,14.3,14.3,114.3,0.3,0.0,1.3,24.4,35.5,30.5,0.0,2.4,0.0,22.2,28.0
2486893,7,981358,CIUDAD MOLINA BASKET,HOME,2032122,J. Tavelli,J. Tavelli,0,19.4,1164.0,4.0,1.0,2.0,0.0,3.0,1.0,5.0,2.0,3.0,0.0,4.0,4.0,4.0,1.0,0.0,0.0,0.0,4.0,2.0,4.0,7.0,31.6,20.0,60.0,60.0,1.0,0.0,1.5,0.0,17.5,9.7,36.4,0.0,0.0,13.7,16.9
2486893,7,981216,CLASS BASQUET SANT ANTONI,AWAY,2534687,G. Gantt,G. Gantt,0,26.2,1574.0,11.0,0.0,0.0,3.0,9.0,3.0,9.0,2.0,2.0,0.0,1.0,1.0,0.0,0.0,0.0,0.0,0.0,2.0,1.0,5.0,-4.0,55.7,50.0,100.0,22.2,0.0,1.0,2.0,0.0,4.0,1.8,0.0,0.0,0.0,0.0,16.6
2486893,7,981216,CLASS BASQUET SANT ANTONI,AWAY,1394852,G. Blat Baeza,G. Blat Baeza,0,27.0,1621.0,8.0,2.0,6.0,1.0,6.0,3.0,12.0,1.0,2.0,1.0,1.0,2.0,3.0,2.0,6.0,0.0,0.0,2.0,3.0,8.0,0.0,31.1,29.2,50.0,16.7,0.7,0.5,0.7,3.2,3.9,3.5,20.7,11.6,0.0,13.4,24.2
2486893,7,981216,CLASS BASQUET SANT ANTONI,AWAY,2815818,K. Johnson,K. Johnson,1,13.9,834.0,7.0,3.0,5.0,0.0,2.0,3.0,7.0,1.0,2.0,0.0,1.0,1.0,0.0,3.0,3.0,0.0,0.0,5.0,1.0,-1.0,4.0,44.4,42.9,28.6,28.6,1.2,0.0,2.0,0.0,7.6,3.4,0.0,11.3,0.0,27.6,34.4
2486893,7,981216,CLASS BASQUET SANT ANTONI,AWAY,1528610,J. Rodriguez Jimenez,J. Rodriguez Jimenez,0,8.1,483.0,0.0,0.0,0.0,0.0,0.0,0.0,0.0,0.0,0.0,0.0,1.0,1.0,0.0,0.0,0.0,0.0,0.0,1.0,0.0,0.0,-3.0,0.0,0.0,0.0,0.0,0.0,0.0,0.0,0.0,13.0,5.8,0.0,0.0,0.0,0.0,0.0
2486893,7,981216,CLASS BASQUET SANT ANTONI,AWAY,2363916,D. De La Rua De Agustin,D. De La Rua De Agustin,1,29.3,1760.0,14.0,3.0,8.0,1.0,6.0,4.0,14.0,5.0,7.0,1.0,6.0,7.0,5.0,3.0,3.0,0.0,0.0,3.0,8.0,19.0,-10.0,41.0,32.1,42.9,50.0,0.8,0.5,0.9,2.9,21.6,11.2,37.0,5.4,0.0,14.9,30.2
2486893,7,981216,CLASS BASQUET SANT ANTONI,AWAY,1397157,R. Gomez Barral,R. Gomez Barral,0,18.1,1087.0,6.0,0.0,1.0,2.0,4.0,2.0,5.0,0.0,0.0,2.0,2.0,4.0,0.0,0.0,0.0,0.0,0.0,3.0,0.0,4.0,-11.0,60.0,60.0,80.0,0.0,0.0,1.5,0.0,9.4,11.6,10.4,0.0,0.0,0.0,0.0,12.2
2486893,7,981216,CLASS BASQUET SANT ANTONI,AWAY,2462416,E. Stoilov,E. Stoilov,1,22.6,1356.0,10.0,5.0,9.0,0.0,0.0,5.0,9.0,0.0,0.0,4.0,4.0,8.0,0.0,2.0,0.0,0.0,0.0,4.0,2.0,10.0,11.0,55.6,55.6,0.0,0.0,1.1,0.0,0.0,15.1,18.6,16.7,0.0,0.0,0.0,18.2,21.4
2486893,7,981216,CLASS BASQUET SANT ANTONI,AWAY,1834527,S. Paz Vazquez,S. Paz Vazquez,1,14.4,862.0,0.0,0.0,1.0,0.0,3.0,0.0,4.0,0.0,0.0,1.0,5.0,6.0,0.0,1.0,0.0,1.0,0.0,0.0,0.0,2.0,-4.0,0.0,0.0,75.0,0.0,0.0,0.0,0.0,5.9,36.5,19.6,0.0,0.0,7.3,20.0,15.3
2486893,7,981216,CLASS BASQUET SANT ANTONI,AWAY,2128433,N. Zizic,N. Zizic,0,26.9,1616.0,12.0,5.0,9.0,0.0,0.0,5.0,9.0,2.0,5.0,4.0,3.0,7.0,1.0,0.0,1.0,0.0,0.0,3.0,5.0,16.0,-6.0,53.6,55.6,0.0,55.6,1.1,0.0,1.0,12.7,11.7,12.2,8.0,1.9,0.0,0.0,18.3
2486893,7,981216,CLASS BASQUET SANT ANTONI,AWAY,2182043,J. Solarin,J. Solarin,0,7.4,446.0,0.0,0.0,0.0,0.0,2.0,0.0,2.0,0.0,0.0,1.0,1.0,2.0,0.0,0.0,0.0,0.0,0.0,1.0,0.0,-1.0,-10.0,0.0,0.0,100.0,0.0,0.0,0.0,0.0,11.5,14.2,12.7,0.0,0.0,0.0,0.0,11.9
2486893,7,981216,CLASS BASQUET SANT ANTONI,AWAY,1878691,I. Ruiz Gonzalez,I. Ruiz Gonzalez,1,6.0,361.0,0.0,0.0,0.0,0.0,1.0,0.0,1.0,0.0,0.0,0.0,0.0,0.0,0.0,0.0,0.0,1.0,0.0,0.0,0.0,0.0,-2.0,0.0,0.0,100.0,0.0,0.0,0.0,0.0,0.0,0.0,0.0,0.0,0.0,17.5,0.0,7.3
2486894,7,981347,PROINBENI UPB GANDIA,HOME,1824880,G. Perez Ramirez,G. Perez Ramirez,1,28.4,1701.0,13.0,1.0,1.0,3.0,7.0,4.0,8.0,2.0,3.0,1.0,2.0,3.0,3.0,1.0,1.0,0.0,0.0,1.0,2.0,15.0,15.0,69.7,68.8,87.5,37.5,2.0,1.3,1.5,4.1,7.2,5.8,14.6,1.7,0.0,9.7,15.7
2486894,7,981347,PROINBENI UPB GANDIA,HOME,1837816,C. Hurtado Cervantes,C. Hurtado Cervantes,0,16.1,963.0,15.0,1.0,1.0,2.0,6.0,3.0,7.0,7.0,9.0,0.0,1.0,1.0,4.0,3.0,1.0,0.0,0.0,2.0,6.0,16.0,1.0,68.4,57.1,85.7,128.6,2.0,1.0,1.5,0.0,6.4,3.4,36.4,3.0,0.0,21.5,37.4
2486894,7,981347,PROINBENI UPB GANDIA,HOME,2736564,K. Greeley,K. Greeley,1,30.1,1804.0,25.0,7.0,11.0,2.0,2.0,9.0,13.0,5.0,5.0,1.0,2.0,3.0,2.0,1.0,1.0,1.0,0.0,1.0,4.0,30.0,17.0,82.2,76.9,15.4,38.5,1.3,3.0,1.2,3.9,6.8,5.5,10.5,1.6,4.3,6.2,23.2
2486894,7,981347,PROINBENI UPB GANDIA,HOME,2378347,J. Molina Martinez,J. Molina Martinez,0,25.3,1517.0,0.0,0.0,0.0,0.0,1.0,0.0,1.0,0.0,2.0,3.0,2.0,5.0,1.0,0.0,3.0,0.0,0.0,3.0,3.0,6.0,2.0,0.0,0.0,100.0,200.0,0.0,0.0,0.7,14.0,8.1,10.8,4.8,5.8,0.0,0.0,3.2
2486894,7,981347,PROINBENI UPB GANDIA,HOME,1673764,L. Ferrando Ortells,L. Ferrando Ortells,1,23.9,1437.0,13.0,2.0,8.0,2.0,2.0,4.0,10.0,3.0,4.0,1.0,2.0,3.0,6.0,1.0,3.0,0.0,1.0,2.0,5.0,20.0,12.0,55.3,50.0,20.0,40.0,0.5,3.0,0.8,4.9,8.6,6.9,35.3,6.1,0.0,7.8,23.1
2486894,7,981347,PROINBENI UPB GANDIA,HOME,2711878,D. Ilincic,D. Ilincic,1,15.9,957.0,9.0,4.0,7.0,0.0,0.0,4.0,7.0,1.0,1.0,1.0,2.0,3.0,1.0,1.0,1.0,0.0,1.0,2.0,2.0,10.0,3.0,60.5,57.1,0.0,14.3,1.1,0.0,0.5,7.4,12.9,10.3,10.0,3.1,0.0,11.8,22.9
2486894,7,981347,PROINBENI UPB GANDIA,HOME,1996333,M. Montilla Diaz,M. Montilla Diaz,1,16.8,1005.0,11.0,5.0,8.0,0.0,1.0,5.0,9.0,1.0,1.0,2.0,3.0,5.0,0.0,1.0,1.0,0.0,0.0,2.0,2.0,12.0,4.0,58.3,55.6,11.1,11.1,1.2,0.0,0.5,14.0,18.3,16.3,0.0,2.9,0.0,9.6,26.8
2486894,7,981347,PROINBENI UPB GANDIA,HOME,1827011,J. Soler Cirujeda,J. Soler Cirujeda,0,12.2,732.0,10.0,1.0,4.0,2.0,4.0,3.0,8.0,2.0,2.0,0.0,3.0,3.0,0.0,2.0,2.0,1.0,1.0,3.0,1.0,7.0,5.0,56.3,50.0,50.0,25.0,0.5,1.5,2.0,0.0,25.2,13.5,0.0,8.0,10.6,18.4,38.5
2486894,7,981347,PROINBENI UPB GANDIA,HOME,1851026,A. Bellver Valiente,A. Bellver Valiente,0,7.3,441.0,2.0,1.0,1.0,0.0,1.0,1.0,2.0,0.0,0.0,0.0,1.0,1.0,2.0,0.0,0.0,0.0,0.0,1.0,0.0,3.0,-4.0,50.0,50.0,50.0,0.0,2.0,0.0,0.0,0.0,14.0,7.5,33.3,0.0,0.0,0.0,11.8
2486894,7,981347,PROINBENI UPB GANDIA,HOME,2335802,J. Bitjaa Kody,J. Bitjaa Kody,0,24.1,1443.0,7.0,2.0,3.0,0.0,0.0,2.0,3.0,3.0,4.0,0.0,4.0,4.0,2.0,1.0,0.0,0.0,0.0,3.0,3.0,10.0,10.0,73.5,66.7,0.0,133.3,1.3,0.0,1.3,0.0,17.0,9.1,10.5,0.0,0.0,17.4,10.3
2486894,7,981281,LOBE HUESCA LA MAGIA,AWAY,2151562,O. Thiam Pedrera,O. Thiam Pedrera,1,15.8,949.0,4.0,1.0,2.0,0.0,1.0,1.0,3.0,2.0,2.0,4.0,3.0,7.0,1.0,1.0,0.0,0.0,0.0,3.0,1.0,7.0,10.0,51.5,33.3,33.3,66.7,1.0,0.0,2.0,26.0,22.3,24.3,9.4,0.0,0.0,20.5,12.4
2486894,7,981281,LOBE HUESCA LA MAGIA,AWAY,2273469,O. Bieshaar,O. Bieshaar,1,20.2,1210.0,3.0,0.0,0.0,1.0,3.0,1.0,3.0,0.0,0.0,1.0,2.0,3.0,1.0,1.0,1.0,1.0,0.0,1.0,0.0,5.0,-3.0,50.0,50.0,100.0,0.0,0.0,1.0,0.0,5.1,11.6,8.1,7.4,2.4,4.5,25.0,8.0
2486894,7,981281,LOBE HUESCA LA MAGIA,AWAY,2815547,J. Wells,J. Wells,1,26.2,1571.0,21.0,2.0,3.0,5.0,9.0,7.0,12.0,2.0,2.0,1.0,3.0,4.0,3.0,3.0,0.0,0.0,1.0,4.0,4.0,20.0,-7.0,81.5,79.2,75.0,16.7,1.3,1.7,0.5,3.9,13.5,8.4,22.6,0.0,0.0,18.9,24.4
2486894,7,981281,LOBE HUESCA LA MAGIA,AWAY,1756469,H. Figueroa Álvarez,H. Figueroa Álvarez,0,21.5,1290.0,13.0,1.0,1.0,3.0,10.0,4.0,11.0,2.0,3.0,0.0,2.0,2.0,3.0,4.0,2.0,0.0,0.0,3.0,2.0,7.0,-19.0,52.8,50.0,90.9,27.3,2.0,0.9,1.5,0.0,10.9,5.1,28.6,4.4,0.0,24.5,30.5
2486894,7,981281,LOBE HUESCA LA MAGIA,AWAY,1759956,I. Corraliza Coba,I. Corraliza Coba,1,18.9,1135.0,10.0,1.0,4.0,2.0,4.0,3.0,8.0,2.0,2.0,2.0,1.0,3.0,2.0,0.0,0.0,0.0,0.0,4.0,1.0,7.0,15.0,56.3,50.0,50.0,25.0,0.5,1.5,2.0,10.9,6.2,8.7,17.4,0.0,0.0,0.0,18.9
2486894,7,981281,LOBE HUESCA LA MAGIA,AWAY,2815923,M. Carreira Kreps,M. Carreira Kreps,0,14.0,838.0,8.0,3.0,4.0,0.0,1.0,3.0,5.0,2.0,3.0,1.0,2.0,3.0,2.0,2.0,2.0,2.0,0.0,1.0,2.0,13.0,0.0,63.3,60.0,20.0,60.0,1.5,0.0,1.5,7.3,16.8,11.7,35.1,6.8,13.0,24.0,23.9
2486894,7,981281,LOBE HUESCA LA MAGIA,AWAY,2823388,J. Fritz,J. Fritz,0,18.1,1087.0,4.0,1.0,4.0,0.0,1.0,1.0,5.0,2.0,3.0,4.0,6.0,10.0,3.0,4.0,1.0,0.0,0.0,2.0,2.0,9.0,-18.0,31.6,20.0,20.0,60.0,0.5,0.0,1.5,22.7,39.0,30.3,22.2,2.6,0.0,38.8,22.9
2486894,7,981281,LOBE HUESCA LA MAGIA,AWAY,2815543,A. Badmus,A. Badmus,1,21.0,1258.0,11.0,4.0,8.0,0.0,0.0,4.0,8.0,3.0,4.0,2.0,3.0,5.0,0.0,2.0,0.0,0.0,0.0,5.0,2.0,6.0,6.0,56.4,50.0,0.0,50.0,1.0,0.0,2.0,9.8,16.8,13.0,0.0,0.0,0.0,17.0,22.5
2486894,7,981281,LOBE HUESCA LA MAGIA,AWAY,1761508,P. Lopez-Sanvicente Reta,P. Lopez-Sanvicente Reta,0,13.3,798.0,11.0,4.0,4.0,0.0,1.0,4.0,5.0,3.0,3.0,0.0,1.0,1.0,0.0,1.0,0.0,0.0,0.0,0.0,3.0,13.0,-14.0,87.0,80.0,20.0,60.0,2.0,0.0,1.0,0.0,8.8,4.1,0.0,0.0,0.0,13.7,22.1
2486894,7,981281,LOBE HUESCA LA MAGIA,AWAY,2116811,G. Rodriguez Soler,G. Rodriguez Soler,0,11.1,666.0,0.0,0.0,0.0,0.0,2.0,0.0,2.0,0.0,0.0,1.0,1.0,2.0,4.0,0.0,1.0,0.0,0.0,3.0,0.0,2.0,-10.0,0.0,0.0,100.0,0.0,0.0,0.0,0.0,9.2,10.6,9.9,46.0,4.3,0.0,0.0,7.2
2486894,7,981281,LOBE HUESCA LA MAGIA,AWAY,2054954,G. Vazquez Vallejo,G. Vazquez Vallejo,0,20.0,1198.0,7.0,0.0,1.0,1.0,6.0,1.0,7.0,4.0,4.0,1.0,1.0,2.0,0.0,1.0,1.0,0.0,1.0,3.0,3.0,3.0,-25.0,40.0,21.4,85.7,57.1,0.0,0.5,1.3,5.1,5.9,5.5,0.0,2.4,0.0,10.2,19.6
2486895,7,981491,C.B. GETAFE,HOME,1223461,J. Tejera Tejo,J. Tejera Tejo,0,19.2,1155.0,5.0,1.0,6.0,1.0,3.0,2.0,9.0,0.0,0.0,2.0,4.0,6.0,2.0,0.0,1.0,0.0,0.0,3.0,0.0,4.0,15.0,27.8,27.8,33.3,0.0,0.3,1.0,0.0,11.3,22.5,16.9,11.4,2.7,0.0,0.0,21.0
2486895,7,981491,C.B. GETAFE,HOME,2816388,M. Abdulsalam,M. Abdulsalam,1,12.8,767.0,4.0,2.0,4.0,0.0,0.0,2.0,4.0,0.0,0.0,3.0,3.0,6.0,1.0,0.0,0.0,1.0,0.0,0.0,1.0,11.0,7.0,50.0,50.0,0.0,0.0,1.0,0.0,0.0,25.3,25.3,25.3,10.3,0.0,7.1,0.0,14.0
2486895,7,981491,C.B. GETAFE,HOME,1789964,E. Ortiz Torres,E. Ortiz Torres,0,10.6,634.0,0.0,0.0,0.0,0.0,0.0,0.0,0.0,0.0,0.0,0.0,1.0,1.0,2.0,1.0,0.0,0.0,0.0,1.0,0.0,1.0,3.0,0.0,0.0,0.0,0.0,0.0,0.0,0.0,0.0,10.2,5.1,17.1,0.0,0.0,100.0,4.2
2486895,7,981491,C.B. GETAFE,HOME,2816390,A. Akinwole,A. Akinwole,0,19.4,1163.0,12.0,2.0,4.0,2.0,2.0,4.0,6.0,2.0,2.0,0.0,3.0,3.0,2.0,0.0,0.0,0.0,0.0,2.0,2.0,15.0,17.0,87.2,83.3,33.3,33.3,1.0,3.0,1.0,0.0,16.7,8.4,12.9,0.0,0.0,0.0,15.9
2486895,7,981491,C.B. GETAFE,HOME,2815898,C. Henderson,C. Henderson,1,12.5,750.0,4.0,1.0,5.0,0.0,2.0,1.0,7.0,2.0,2.0,0.0,2.0,2.0,0.0,1.0,0.0,0.0,0.0,4.0,1.0,-4.0,0.0,25.4,14.3,28.6,28.6,0.4,0.0,2.0,0.0,17.3,8.6,0.0,0.0,0.0,11.3,31.8
2486895,7,981491,C.B. GETAFE,HOME,1328788,M. Alvarez Puertas,M. Alvarez Puertas,0,16.8,1010.0,6.0,1.0,4.0,1.0,1.0,2.0,5.0,1.0,2.0,1.0,4.0,5.0,1.0,0.0,0.0,2.0,1.0,0.0,2.0,12.0,6.0,51.0,50.0,20.0,40.0,0.5,3.0,1.0,6.4,25.7,16.1,7.4,0.0,10.8,0.0,15.7
2486895,7,981491,C.B. GETAFE,HOME,1674978,G. Mulero Maldonado,G. Mulero Maldonado,1,20.1,1209.0,22.0,5.0,7.0,3.0,4.0,8.0,11.0,3.0,5.0,0.0,1.0,1.0,2.0,1.0,0.0,0.0,1.0,1.0,6.0,24.0,6.0,83.3,86.4,36.4,45.5,1.4,2.2,0.8,0.0,5.4,2.7,17.4,0.0,0.0,7.0,31.7
2486895,7,981491,C.B. GETAFE,HOME,1521251,W. Cabral Bueriberi,W. Cabral Bueriberi,0,14.4,863.0,6.0,2.0,3.0,0.0,0.0,2.0,3.0,2.0,2.0,3.0,2.0,5.0,1.0,1.0,0.0,1.0,0.0,3.0,3.0,11.0,11.0,77.3,66.7,0.0,66.7,1.3,0.0,0.7,22.5,15.0,18.8,7.4,0.0,6.3,20.5,15.2
2486895,7,981491,C.B. GETAFE,HOME,1582089,J. Parra Baez,J. Parra Baez,1,19.6,1178.0,13.0,3.0,7.0,2.0,5.0,5.0,12.0,1.0,1.0,1.0,1.0,2.0,1.0,0.0,0.0,0.0,1.0,2.0,1.0,8.0,6.0,52.3,50.0,41.7,8.3,0.9,1.2,1.0,5.5,5.5,5.5,6.9,0.0,0.0,0.0,28.4
2486895,7,981491,C.B. GETAFE,HOME,1820240,P. Arribas Gomez,P. Arribas Gomez,0,14.4,866.0,2.0,1.0,1.0,0.0,2.0,1.0,3.0,0.0,0.0,1.0,0.0,1.0,0.0,0.0,0.0,0.0,1.0,0.0,1.0,2.0,-2.0,33.3,33.3,66.7,0.0,2.0,0.0,0.0,7.5,0.0,3.8,0.0,0.0,0.0,0.0,9.3
2486895,7,981491,C.B. GETAFE,HOME,2816389,J. Nve Maleva,J. Nve Maleva,0,19.0,1142.0,18.0,9.0,11.0,0.0,0.0,9.0,11.0,0.0,1.0,2.0,5.0,7.0,0.0,1.0,1.0,0.0,0.0,2.0,1.0,21.0,8.0,78.7,81.8,0.0,9.1,1.6,0.0,1.0,11.4,28.4,19.9,0.0,2.8,0.0,8.0,29.3
2486895,7,981491,C.B. GETAFE,HOME,1876223,A. Montero Isla,A. Montero Isla,1,21.1,1263.0,11.0,3.0,3.0,0.0,1.0,3.0,4.0,5.0,6.0,0.0,2.0,2.0,5.0,0.0,1.0,0.0,0.0,0.0,3.0,20.0,18.0,82.8,75.0,25.0,150.0,2.0,0.0,2.0,0.0,10.2,5.1,30.3,2.5,0.0,0.0,14.1
2486895,7,981428,HOMS U.E.MATARÓ,AWAY,2162105,F. Garrido Teban,F. Garrido Teban,1,14.4,867.0,8.0,1.0,3.0,2.0,3.0,3.0,6.0,0.0,0.0,0.0,2.0,2.0,1.0,0.0,0.0,0.0,0.0,3.0,1.0,6.0,5.0,66.7,66.7,50.0,0.0,0.7,2.0,0.0,0.0,15.0,7.5,11.1,0.0,0.0,0.0,19.6
2486895,7,981428,HOMS U.E.MATARÓ,AWAY,1914611,J. Boix Colet,J. Boix Colet,1,22.1,1323.0,6.0,3.0,9.0,0.0,2.0,3.0,11.0,0.0,0.0,0.0,4.0,4.0,3.0,2.0,0.0,0.0,0.0,3.0,1.0,1.0,-5.0,27.3,27.3,18.2,0.0,0.7,0.0,0.0,0.0,19.6,9.8,20.0,0.0,0.0,15.4,27.7
2486895,7,981428,HOMS U.E.MATARÓ,AWAY,2813591,S. Hall,S. Hall,0,22.2,1330.0,16.0,5.0,7.0,2.0,4.0,7.0,11.0,0.0,0.0,1.0,2.0,3.0,0.0,1.0,0.0,0.0,0.0,2.0,0.0,12.0,-17.0,72.7,72.7,36.4,0.0,1.4,1.5,0.0,4.9,9.7,7.3,0.0,0.0,0.0,8.3,25.4
2486895,7,981428,HOMS U.E.MATARÓ,AWAY,1591966,J. Castillo Carrasco,J. Castillo Carrasco,0,17.4,1041.0,6.0,0.0,0.0,2.0,3.0,2.0,3.0,0.0,0.0,1.0,1.0,2.0,0.0,0.0,0.0,0.0,0.0,2.0,0.0,5.0,-5.0,100.0,100.0,100.0,0.0,0.0,2.0,0.0,6.2,6.2,6.2,0.0,0.0,0.0,0.0,8.1
2486895,7,981428,HOMS U.E.MATARÓ,AWAY,1568569,J. Juanola Madera,J. Juanola Madera,1,22.8,1369.0,13.0,2.0,4.0,2.0,4.0,4.0,8.0,3.0,4.0,0.0,1.0,1.0,2.0,1.0,0.0,0.0,1.0,1.0,4.0,13.0,-23.0,66.6,62.5,50.0,50.0,1.0,1.5,1.0,0.0,4.7,2.4,14.3,0.0,0.0,9.3,22.2
2486895,7,981428,HOMS U.E.MATARÓ,AWAY,1927150,N. Ferrer Iglesia,N. Ferrer Iglesia,0,13.3,801.0,0.0,0.0,1.0,0.0,1.0,0.0,2.0,0.0,0.0,0.0,2.0,2.0,0.0,0.0,0.0,0.0,0.0,1.0,1.0,0.0,7.0,0.0,0.0,50.0,0.0,0.0,0.0,0.0,0.0,16.3,8.1,0.0,0.0,0.0,0.0,7.1
2486895,7,981428,HOMS U.E.MATARÓ,AWAY,2319991,S. Niang Beye,S. Niang Beye,1,23.6,1413.0,7.0,1.0,3.0,1.0,3.0,2.0,6.0,2.0,2.0,1.0,7.0,8.0,0.0,0.0,0.0,0.0,0.0,3.0,2.0,10.0,-7.0,50.9,41.7,50.0,33.3,0.7,1.0,1.0,4.6,32.1,18.3,0.0,0.0,0.0,0.0,13.7
2486895,7,981428,HOMS U.E.MATARÓ,AWAY,1942837,G. Martinez Rivera,G. Martinez Rivera,0,23.7,1423.0,22.0,5.0,8.0,1.0,3.0,6.0,11.0,9.0,9.0,0.0,2.0,2.0,0.0,1.0,1.0,1.0,0.0,3.0,8.0,25.0,-14.0,73.5,59.1,27.3,81.8,1.2,1.0,1.1,0.0,9.1,4.6,0.0,2.2,3.1,6.3,31.7
2486895,7,981428,HOMS U.E.MATARÓ,AWAY,2813635,E. Kalu,E. Kalu,1,22.1,1327.0,2.0,1.0,5.0,0.0,0.0,1.0,5.0,0.0,0.0,3.0,2.0,5.0,1.0,1.0,0.0,3.0,2.0,2.0,0.0,4.0,1.0,20.0,20.0,0.0,0.0,0.4,0.0,0.0,14.7,9.8,12.2,5.9,0.0,9.9,16.7,12.8
2486895,7,981428,HOMS U.E.MATARÓ,AWAY,1920919,E. Coll Comabella,E. Coll Comabella,0,12.2,733.0,2.0,1.0,1.0,0.0,4.0,1.0,5.0,0.0,0.0,0.0,0.0,0.0,1.0,0.0,1.0,0.0,0.0,0.0,0.0,0.0,-21.0,20.0,20.0,80.0,0.0,2.0,0.0,0.0,0.0,0.0,0.0,12.5,4.3,0.0,0.0,19.3
2486895,7,981428,HOMS U.E.MATARÓ,AWAY,2834418,D. Acosta Almonte,D. Acosta Almonte,0,6.2,373.0,2.0,1.0,3.0,0.0,0.0,1.0,3.0,0.0,1.0,3.0,1.0,4.0,0.0,1.0,0.0,0.0,1.0,1.0,1.0,2.0,-16.0,29.1,33.3,0.0,33.3,0.7,0.0,1.0,52.3,17.4,34.9,0.0,0.0,0.0,22.5,33.7
2486896,7,979996,AMICS CASTELLÓ,HOME,2149001,R. Fabrega Urpina,R. Fabrega Urpina,1,20.9,1257.0,3.0,0.0,1.0,1.0,4.0,1.0,5.0,0.0,0.0,2.0,4.0,6.0,7.0,1.0,0.0,0.0,0.0,0.0,0.0,11.0,10.0,30.0,30.0,80.0,0.0,0.0,0.8,0.0,11.3,20.1,15.9,41.2,0.0,0.0,16.7,13.4
2486896,7,979996,AMICS CASTELLÓ,HOME,273780,J. Faner Catala,J. Faner Catala,0,22.4,1341.0,5.0,1.0,1.0,1.0,1.0,2.0,2.0,0.0,0.0,0.0,3.0,3.0,9.0,1.0,1.0,0.0,0.0,1.0,0.0,16.0,9.0,125.0,125.0,50.0,0.0,2.0,3.0,0.0,0.0,14.1,7.4,45.9,2.5,0.0,33.3,6.3
2486896,7,979996,AMICS CASTELLÓ,HOME,2818901,O. Russell,O. Russell,1,18.9,1131.0,11.0,1.0,2.0,3.0,6.0,4.0,8.0,0.0,0.0,0.0,3.0,3.0,2.0,1.0,1.0,0.0,1.0,2.0,1.0,11.0,12.0,68.8,68.8,75.0,0.0,1.0,1.5,0.0,0.0,16.7,8.8,14.3,2.9,0.0,11.1,22.3
2486896,7,979996,AMICS CASTELLÓ,HOME,2816147,D. Bah,D. Bah,0,16.2,974.0,11.0,5.0,7.0,0.0,0.0,5.0,7.0,1.0,1.0,0.0,3.0,3.0,1.0,2.0,0.0,0.0,1.0,0.0,3.0,14.0,10.0,73.9,71.4,0.0,14.3,1.4,0.0,0.3,0.0,19.5,10.3,10.6,0.0,0.0,21.2,27.3
2486896,7,979996,AMICS CASTELLÓ,HOME,1817496,P. Garcia Carrero,P. Garcia Carrero,1,12.0,721.0,3.0,1.0,1.0,0.0,2.0,1.0,3.0,1.0,1.0,1.0,4.0,5.0,0.0,0.0,0.0,0.0,0.0,3.0,2.0,5.0,16.0,43.6,33.3,66.7,33.3,2.0,0.0,0.5,9.8,35.1,23.1,0.0,0.0,0.0,0.0,13.4
2486896,7,979996,AMICS CASTELLÓ,HOME,2816738,K. Newton,K. Newton,0,21.1,1269.0,9.0,0.0,0.0,3.0,8.0,3.0,8.0,0.0,0.0,0.0,2.0,2.0,3.0,0.0,1.0,0.0,0.0,1.0,1.0,10.0,7.0,56.2,56.2,100.0,0.0,0.0,1.1,0.0,0.0,10.0,5.3,20.0,2.6,0.0,0.0,17.8
2486896,7,979996,AMICS CASTELLÓ,HOME,2743181,K.  Baoko,K.  Baoko,1,23.2,1395.0,14.0,6.0,9.0,0.0,0.0,6.0,9.0,2.0,4.0,4.0,4.0,8.0,1.0,3.0,0.0,2.0,1.0,4.0,4.0,17.0,9.0,65.1,66.7,0.0,44.4,1.3,0.0,1.0,20.3,18.1,19.2,6.4,0.0,8.4,21.8,27.8
2486896,7,979996,AMICS CASTELLÓ,HOME,1840859,V. Rodriguez Gil,V. Rodriguez Gil,0,4.4,262.0,0.0,0.0,0.0,0.0,0.0,0.0,0.0,0.0,0.0,0.0,2.0,2.0,0.0,0.0,0.0,0.0,0.0,0.0,1.0,3.0,0.0,0.0,0.0,0.0,0.0,0.0,0.0,0.0,0.0,47.8,25.3,0.0,0.0,0.0,0.0,0.0
2486896,7,979996,AMICS CASTELLÓ,HOME,2641325,M. Andreatta,M. Andreatta,0,12.2,734.0,7.0,2.0,2.0,1.0,2.0,3.0,4.0,0.0,0.0,1.0,0.0,1.0,0.0,1.0,0.0,0.0,0.0,3.0,0.0,3.0,1.0,87.5,87.5,50.0,0.0,2.0,1.5,0.0,9.6,0.0,4.6,0.0,0.0,0.0,20.0,19.2
2486896,7,979996,AMICS CASTELLÓ,HOME,2325314,F. Stutz,F. Stutz,1,23.9,1435.0,14.0,4.0,8.0,2.0,7.0,6.0,15.0,0.0,1.0,5.0,3.0,8.0,1.0,0.0,0.0,1.0,0.0,2.0,2.0,14.0,18.0,45.3,46.7,46.7,6.7,1.0,0.9,0.5,24.6,13.2,18.6,6.4,0.0,4.1,0.0,30.3
2486896,7,979996,AMICS CASTELLÓ,HOME,1627889,A. Tamayo Lesmes,A. Tamayo Lesmes,0,24.7,1481.0,13.0,3.0,4.0,2.0,5.0,5.0,9.0,1.0,3.0,0.0,1.0,1.0,0.0,2.0,0.0,0.0,0.0,2.0,1.0,5.0,3.0,63.0,66.7,55.6,33.3,1.5,1.2,3.0,0.0,4.3,2.2,0.0,0.0,0.0,16.2,23.4
2486896,7,981305,SOL GIRONÈS BISBAL BÀSQUET,AWAY,1446313,J. Carrasco Martin,J. Carrasco Martin,0,13.3,797.0,5.0,1.0,2.0,1.0,3.0,2.0,5.0,0.0,0.0,1.0,1.0,2.0,1.0,1.0,0.0,0.0,0.0,2.0,0.0,2.0,-6.0,50.0,50.0,60.0,0.0,1.0,1.0,0.0,7.9,8.8,8.4,18.2,0.0,0.0,16.7,22.1
2486896,7,981305,SOL GIRONÈS BISBAL BÀSQUET,AWAY,1964254,P. Sala Vallmajo,P. Sala Vallmajo,0,7.0,422.0,0.0,0.0,0.0,0.0,0.0,0.0,0.0,0.0,0.0,0.0,0.0,0.0,0.0,0.0,0.0,0.0,0.0,0.0,0.0,0.0,6.0,0.0,0.0,0.0,0.0,0.0,0.0,0.0,0.0,0.0,0.0,0.0,0.0,0.0,0.0,0.0
2486896,7,981305,SOL GIRONÈS BISBAL BÀSQUET,AWAY,2814887,P. Renane,P. Renane,1,14.7,879.0,2.0,1.0,4.0,0.0,2.0,1.0,6.0,0.0,0.0,2.0,1.0,3.0,1.0,1.0,0.0,0.0,2.0,0.0,0.0,0.0,-17.0,16.7,16.7,33.3,0.0,0.5,0.0,0.0,14.3,8.0,11.3,11.1,0.0,0.0,14.3,23.3
2486896,7,981305,SOL GIRONÈS BISBAL BÀSQUET,AWAY,1227597,I. Valera Corominas,I. Valera Corominas,0,17.6,1053.0,7.0,3.0,6.0,0.0,1.0,3.0,7.0,1.0,3.0,1.0,1.0,2.0,2.0,0.0,1.0,0.0,0.0,2.0,2.0,6.0,-1.0,42.1,42.9,14.3,42.9,1.0,0.0,1.5,6.0,6.7,6.3,28.6,3.1,0.0,0.0,23.1
2486896,7,981305,SOL GIRONÈS BISBAL BÀSQUET,AWAY,1829525,M. Mikhailov Paltarak,M. Mikhailov Paltarak,1,26.8,1606.0,14.0,7.0,13.0,0.0,0.0,7.0,13.0,0.0,2.0,0.0,7.0,7.0,0.0,0.0,1.0,0.0,1.0,3.0,2.0,13.0,-20.0,50.4,53.8,0.0,15.4,1.1,0.0,1.0,0.0,30.7,14.5,0.0,2.1,0.0,0.0,25.3
2486896,7,981305,SOL GIRONÈS BISBAL BÀSQUET,AWAY,2815520,N. Okeke,N. Okeke,1,16.4,985.0,3.0,1.0,5.0,0.0,2.0,1.0,7.0,1.0,2.0,0.0,0.0,0.0,2.0,0.0,1.0,0.0,0.0,5.0,4.0,-2.0,-11.0,19.0,14.3,28.6,28.6,0.4,0.0,0.5,0.0,0.0,0.0,22.2,3.4,0.0,0.0,23.5
2486896,7,981305,SOL GIRONÈS BISBAL BÀSQUET,AWAY,1400270,B. Alvarez Torres,B. Alvarez Torres,1,28.1,1685.0,7.0,1.0,5.0,1.0,2.0,2.0,7.0,2.0,2.0,1.0,3.0,4.0,6.0,2.0,1.0,0.0,0.0,0.0,4.0,15.0,-19.0,44.4,35.7,28.6,28.6,0.4,1.5,0.5,3.7,12.6,7.9,38.7,2.0,0.0,20.2,17.2
2486896,7,981305,SOL GIRONÈS BISBAL BÀSQUET,AWAY,2814874,J. Golson,J. Golson,0,27.6,1653.0,16.0,0.0,0.0,3.0,9.0,3.0,9.0,7.0,9.0,0.0,1.0,1.0,3.0,0.0,1.0,0.0,0.0,2.0,3.0,14.0,-10.0,61.7,50.0,100.0,100.0,0.0,1.0,3.0,0.0,4.3,2.0,20.7,2.0,0.0,0.0,23.0
2486896,7,981305,SOL GIRONÈS BISBAL BÀSQUET,AWAY,2815176,S. Kane,S. Kane,0,21.0,1262.0,4.0,2.0,3.0,0.0,0.0,2.0,3.0,0.0,0.0,3.0,4.0,7.0,0.0,2.0,0.0,3.0,0.0,0.0,0.0,11.0,0.0,66.7,66.7,0.0,0.0,1.3,0.0,0.0,15.0,22.4,18.5,0.0,0.0,16.3,40.0,11.6
2486896,7,981305,SOL GIRONÈS BISBAL BÀSQUET,AWAY,1198592,X. Torrent Bayé,X. Torrent Bayé,1,27.6,1658.0,13.0,1.0,3.0,3.0,7.0,4.0,10.0,2.0,2.0,1.0,3.0,4.0,4.0,0.0,0.0,0.0,0.0,1.0,3.0,17.0,-17.0,59.7,55.0,70.0,20.0,0.7,1.3,0.7,3.8,12.8,8.1,29.6,0.0,0.0,0.0,19.3
2486897,7,981294,C.B. ZARAGOZA,HOME,2451495,D. Knowles,D. Knowles,0,11.0,658.0,8.0,3.0,3.0,0.0,0.0,3.0,3.0,2.0,2.0,0.0,4.0,4.0,0.0,1.0,0.0,0.0,0.0,0.0,3.0,14.0,2.0,103.1,100.0,0.0,66.7,2.0,0.0,0.7,0.0,29.1,16.7,0.0,0.0,0.0,20.5,17.9
2486897,7,981294,C.B. ZARAGOZA,HOME,1802050,D. Muñoz Samatan,D. Muñoz Samatan,0,16.1,965.0,11.0,4.0,7.0,0.0,0.0,4.0,7.0,3.0,5.0,2.0,2.0,4.0,0.0,0.0,1.0,0.0,0.0,4.0,3.0,10.0,22.0,59.8,57.1,0.0,71.4,1.1,0.0,1.7,13.4,9.9,11.4,0.0,2.9,0.0,0.0,23.1
2486897,7,981294,C.B. ZARAGOZA,HOME,1798932,D. Arjol Lopez,D. Arjol Lopez,0,23.7,1424.0,6.0,3.0,5.0,0.0,1.0,3.0,6.0,0.0,0.0,0.0,3.0,3.0,7.0,0.0,2.0,1.0,0.0,3.0,1.0,14.0,15.0,50.0,50.0,16.7,0.0,1.2,0.0,0.0,0.0,10.1,5.8,31.5,3.9,3.7,0.0,10.2
2486897,7,981294,C.B. ZARAGOZA,HOME,1250976,O. Alvarado Rodriguez,O. Alvarado Rodriguez,1,24.5,1470.0,14.0,1.0,1.0,3.0,3.0,4.0,4.0,3.0,3.0,2.0,4.0,6.0,6.0,0.0,0.0,0.0,0.0,2.0,2.0,26.0,32.0,131.6,137.5,75.0,75.0,2.0,3.0,1.5,8.8,13.1,11.3,28.3,0.0,0.0,0.0,8.8
2486897,7,981294,C.B. ZARAGOZA,HOME,2816551,G. Georgiou,G. Georgiou,0,9.8,586.0,4.0,1.0,3.0,0.0,2.0,1.0,5.0,2.0,2.0,1.0,1.0,2.0,0.0,0.0,0.0,1.0,0.0,1.0,1.0,3.0,9.0,34.0,20.0,40.0,40.0,0.7,0.0,2.0,11.0,8.2,9.4,0.0,0.0,8.9,0.0,24.2
2486897,7,981294,C.B. ZARAGOZA,HOME,361567,E. Gatell Sanz,E. Gatell Sanz,1,13.5,810.0,8.0,4.0,4.0,0.0,0.0,4.0,4.0,0.0,0.0,1.0,5.0,6.0,2.0,0.0,2.0,3.0,0.0,1.0,2.0,22.0,22.0,100.0,100.0,0.0,0.0,2.0,0.0,0.0,8.0,29.6,20.4,23.3,6.9,19.3,0.0,12.0
2486897,7,981294,C.B. ZARAGOZA,HOME,1861515,P. Aso Jimenez,P. Aso Jimenez,1,22.0,1319.0,10.0,3.0,3.0,1.0,4.0,4.0,7.0,1.0,2.0,1.0,5.0,6.0,3.0,0.0,2.0,0.0,0.0,4.0,1.0,14.0,28.0,63.5,64.3,57.1,28.6,2.0,0.8,2.0,4.9,18.2,12.5,14.2,4.2,0.0,0.0,14.5
2486897,7,981294,C.B. ZARAGOZA,HOME,1446949,J. Jiménez Jiménez,J. Jiménez Jiménez,0,19.7,1183.0,17.0,1.0,1.0,4.0,8.0,5.0,9.0,3.0,4.0,1.0,4.0,5.0,3.0,1.0,0.0,0.0,0.0,2.0,4.0,21.0,14.0,79.0,77.8,88.9,44.4,2.0,1.5,1.0,5.5,16.2,11.7,18.8,0.0,0.0,8.5,24.1
2486897,7,981294,C.B. ZARAGOZA,HOME,2815312,J. Zhao Olmos,J. Zhao Olmos,1,18.7,1121.0,19.0,5.0,8.0,2.0,5.0,7.0,13.0,3.0,4.0,1.0,2.0,3.0,2.0,2.0,0.0,0.0,2.0,2.0,3.0,16.0,21.0,64.4,61.5,38.5,30.8,1.2,1.2,1.3,5.8,8.6,7.4,14.3,0.0,0.0,11.9,36.2
2486897,7,981294,C.B. ZARAGOZA,HOME,1556128,G. Colom Barrufet,G. Colom Barrufet,0,18.4,1105.0,7.0,0.0,4.0,2.0,8.0,2.0,12.0,1.0,1.0,0.0,2.0,2.0,5.0,0.0,0.0,0.0,0.0,3.0,1.0,2.0,13.0,28.1,25.0,66.7,8.3,0.0,0.8,1.0,0.0,8.7,5.0,26.3,0.0,0.0,0.0,27.3
2486897,7,981294,C.B. ZARAGOZA,HOME,1910411,A. Aragones Navais,A. Aragones Navais,1,22.6,1359.0,12.0,3.0,8.0,2.0,6.0,5.0,14.0,0.0,0.0,3.0,5.0,8.0,2.0,1.0,2.0,1.0,0.0,3.0,2.0,14.0,37.0,42.9,42.9,42.9,0.0,0.8,1.0,0.0,14.4,17.7,16.3,9.9,4.1,3.8,6.7,26.8
2486897,7,981207,OCA GLOBAL C.B. SALOU,AWAY,2715040,B. Traore,B. Traore,1,26.8,1610.0,10.0,2.0,7.0,1.0,3.0,3.0,10.0,3.0,4.0,3.0,3.0,6.0,0.0,1.0,0.0,2.0,2.0,0.0,3.0,12.0,-28.0,42.5,35.0,30.0,40.0,0.6,1.0,1.3,9.0,12.1,10.3,0.0,0.0,6.4,7.8,19.3
2486897,7,981207,OCA GLOBAL C.B. SALOU,AWAY,1271466,D. Cuellar Garcia,D. Cuellar Garcia,1,19.1,1145.0,3.0,0.0,1.0,1.0,3.0,1.0,4.0,0.0,0.0,1.0,1.0,2.0,2.0,1.0,0.0,0.0,0.0,5.0,0.0,-2.0,-24.0,37.5,37.5,75.0,0.0,0.0,1.0,0.0,4.2,5.7,4.8,17.4,0.0,0.0,20.0,10.6
2486897,7,981207,OCA GLOBAL C.B. SALOU,AWAY,2242531,E. Moure Colombo,E. Moure Colombo,0,25.8,1549.0,7.0,2.0,5.0,1.0,3.0,3.0,8.0,0.0,0.0,2.0,1.0,3.0,6.0,2.0,0.0,0.0,0.0,0.0,1.0,10.0,-22.0,43.8,43.8,37.5,0.0,0.8,1.0,0.0,6.2,4.2,5.3,50.0,0.0,0.0,20.0,15.7
2486897,7,981207,OCA GLOBAL C.B. SALOU,AWAY,2827753,O. Okenchi,O. Okenchi,1,16.3,980.0,6.0,3.0,6.0,0.0,0.0,3.0,6.0,0.0,7.0,0.0,1.0,1.0,0.0,0.0,0.0,0.0,1.0,2.0,4.0,-1.0,-21.0,33.0,50.0,0.0,116.7,1.0,0.0,1.8,0.0,6.6,2.8,0.0,0.0,0.0,0.0,22.6
2486897,7,981207,OCA GLOBAL C.B. SALOU,AWAY,2825543,D. Jackson,D. Jackson,1,35.1,2106.0,21.0,4.0,12.0,2.0,6.0,6.0,18.0,7.0,9.0,2.0,6.0,8.0,1.0,1.0,2.0,0.0,2.0,4.0,5.0,18.0,-43.0,47.8,38.9,33.3,50.0,0.7,1.0,1.8,4.6,18.5,10.5,6.1,2.6,0.0,4.4,26.5
2486897,7,981207,OCA GLOBAL C.B. SALOU,AWAY,1610350,E. Martinez Pretel,E. Martinez Pretel,1,16.8,1009.0,0.0,0.0,1.0,0.0,2.0,0.0,3.0,0.0,0.0,0.0,2.0,2.0,0.0,4.0,0.0,0.0,0.0,5.0,2.0,-8.0,-27.0,0.0,0.0,66.7,0.0,0.0,0.0,0.0,0.0,12.9,5.5,0.0,0.0,0.0,57.1,16.9
2486897,7,981207,OCA GLOBAL C.B. SALOU,AWAY,2274746,P. Salo Blaya,P. Salo Blaya,0,12.7,763.0,4.0,2.0,3.0,0.0,0.0,2.0,3.0,0.0,0.0,1.0,1.0,2.0,0.0,0.0,0.0,0.0,0.0,0.0,0.0,5.0,-15.0,66.7,66.7,0.0,0.0,1.3,0.0,0.0,6.3,8.5,7.2,0.0,0.0,0.0,0.0,9.6
2486897,7,981207,OCA GLOBAL C.B. SALOU,AWAY,2534398,J. Sánchez,J. Sánchez,0,21.8,1310.0,10.0,3.0,5.0,0.0,3.0,3.0,8.0,4.0,7.0,1.0,4.0,5.0,3.0,1.0,1.0,0.0,0.0,4.0,6.0,12.0,-12.0,45.1,37.5,37.5,87.5,1.2,0.0,1.2,3.7,19.8,10.5,31.6,2.1,0.0,8.3,22.4
2486897,7,981207,OCA GLOBAL C.B. SALOU,AWAY,1438515,A. Morales Ros,A. Morales Ros,0,25.5,1528.0,12.0,1.0,6.0,3.0,9.0,4.0,15.0,1.0,2.0,3.0,6.0,9.0,1.0,1.0,0.0,0.0,1.0,3.0,4.0,10.0,-23.0,37.8,36.7,60.0,13.3,0.3,1.0,0.5,9.4,25.4,16.2,9.1,0.0,0.0,5.9,26.8
2486898,8,981207,OCA GLOBAL C.B. SALOU,HOME,2715040,B. Traore,B. Traore,1,23.2,1393.0,11.0,4.0,6.0,0.0,6.0,4.0,12.0,3.0,6.0,2.0,4.0,6.0,0.0,1.0,0.0,0.0,0.0,3.0,3.0,5.0,-13.0,37.6,33.3,50.0,50.0,1.3,0.0,2.0,6.8,23.0,12.8,0.0,0.0,0.0,6.4,27.3
2486898,8,981207,OCA GLOBAL C.B. SALOU,HOME,1271466,D. Cuellar Garcia,D. Cuellar Garcia,0,29.1,1746.0,5.0,1.0,5.0,1.0,4.0,2.0,9.0,0.0,3.0,3.0,3.0,6.0,1.0,1.0,1.0,0.0,0.0,1.0,2.0,3.0,-19.0,24.2,27.8,44.4,33.3,0.4,0.8,1.5,8.1,13.7,10.2,8.3,1.7,0.0,8.8,15.7
2486898,8,981207,OCA GLOBAL C.B. SALOU,HOME,2242531,E. Moure Colombo,E. Moure Colombo,0,15.7,943.0,4.0,2.0,4.0,0.0,3.0,2.0,7.0,0.0,0.0,3.0,1.0,4.0,5.0,0.0,0.0,0.0,0.0,1.0,2.0,9.0,2.0,28.6,28.6,42.9,0.0,1.0,0.0,0.0,15.0,8.5,12.6,83.3,0.0,0.0,0.0,18.1
2486898,8,981207,OCA GLOBAL C.B. SALOU,HOME,1967605,E. Sims Serra,E. Sims Serra,0,23.2,1394.0,11.0,3.0,7.0,1.0,7.0,4.0,14.0,2.0,2.0,3.0,3.0,6.0,1.0,2.0,1.0,0.0,1.0,2.0,1.0,6.0,-9.0,37.0,32.1,50.0,14.3,0.9,0.4,2.0,10.1,17.2,12.8,12.5,2.2,0.0,11.8,29.5
2486898,8,981207,OCA GLOBAL C.B. SALOU,HOME,2827753,O. Okenchi,O. Okenchi,0,11.9,717.0,1.0,0.0,2.0,0.0,0.0,0.0,2.0,1.0,2.0,0.0,2.0,2.0,0.0,2.0,0.0,0.0,0.0,1.0,3.0,0.0,-8.0,17.4,0.0,0.0,100.0,0.0,0.0,0.7,0.0,22.4,8.3,0.0,0.0,0.0,41.0,16.6
2486898,8,981207,OCA GLOBAL C.B. SALOU,HOME,2825543,D. Jackson,D. Jackson,1,17.7,1064.0,2.0,1.0,5.0,0.0,2.0,1.0,7.0,0.0,0.0,1.0,0.0,1.0,1.0,2.0,4.0,1.0,1.0,3.0,0.0,-2.0,-7.0,14.3,14.3,28.6,0.0,0.4,0.0,0.0,4.4,0.0,2.8,14.3,11.3,5.9,22.2,20.6
2486898,8,981207,OCA GLOBAL C.B. SALOU,HOME,1610350,E. Martinez Pretel,E. Martinez Pretel,1,18.2,1090.0,0.0,0.0,1.0,0.0,5.0,0.0,6.0,0.0,0.0,0.0,2.0,2.0,1.0,1.0,1.0,0.0,0.0,2.0,0.0,-5.0,-14.0,0.0,0.0,83.3,0.0,0.0,0.0,0.0,0.0,14.7,5.4,10.0,2.8,0.0,14.3,15.6
2486898,8,981207,OCA GLOBAL C.B. SALOU,HOME,2274746,P. Salo Blaya,P. Salo Blaya,0,13.8,827.0,4.0,0.0,1.0,0.0,0.0,0.0,1.0,4.0,6.0,0.0,2.0,2.0,0.0,0.0,0.0,1.0,0.0,2.0,3.0,5.0,-9.0,54.9,0.0,0.0,600.0,0.0,0.0,2.0,0.0,19.3,7.2,0.0,0.0,7.6,0.0,10.7
2486898,8,981207,OCA GLOBAL C.B. SALOU,HOME,2534398,J. Sánchez,J. Sánchez,1,21.7,1300.0,11.0,1.0,5.0,3.0,6.0,4.0,11.0,0.0,0.0,1.0,0.0,1.0,1.0,3.0,2.0,0.0,1.0,3.0,0.0,2.0,-7.0,50.0,50.0,54.5,0.0,0.4,1.5,0.0,3.6,0.0,2.3,16.7,4.6,0.0,21.4,26.1
2486898,8,981207,OCA GLOBAL C.B. SALOU,HOME,1438515,A. Morales Ros,A. Morales Ros,1,25.4,1526.0,7.0,2.0,2.0,1.0,6.0,3.0,8.0,0.0,1.0,0.0,5.0,5.0,0.0,1.0,1.0,1.0,0.0,3.0,4.0,8.0,-16.0,41.5,43.8,75.0,12.5,2.0,0.5,0.2,0.0,26.2,9.7,0.0,2.0,4.1,10.6,15.0
2486898,8,981514,SPANISH BASKETBALL ACADEMY,AWAY,2596649,R. Rotcenkovs,R. Rotcenkovs,0,2.7,161.0,0.0,0.0,1.0,0.0,0.0,0.0,1.0,0.0,0.0,0.0,0.0,0.0,0.0,0.0,0.0,0.0,1.0,1.0,0.0,-2.0,1.0,0.0,0.0,0.0,0.0,0.0,0.0,0.0,0.0,0.0,0.0,0.0,0.0,0.0,0.0,16.9
2486898,8,981514,SPANISH BASKETBALL ACADEMY,AWAY,1990032,M. Echeverria Fernandez,M. Echeverria Fernandez,0,22.8,1368.0,5.0,2.0,3.0,0.0,1.0,2.0,4.0,1.0,2.0,1.0,4.0,5.0,1.0,1.0,1.0,0.0,0.0,3.0,1.0,6.0,-8.0,51.2,50.0,25.0,50.0,1.3,0.0,2.0,5.8,13.8,10.8,6.8,2.0,0.0,17.0,11.7
2486898,8,981514,SPANISH BASKETBALL ACADEMY,AWAY,2643320,T. Trifonov,T. Trifonov,0,3.6,214.0,3.0,0.0,0.0,1.0,1.0,1.0,1.0,0.0,0.0,0.0,0.0,0.0,0.0,1.0,0.0,0.0,0.0,1.0,0.0,1.0,-2.0,150.0,150.0,100.0,0.0,0.0,3.0,0.0,0.0,0.0,0.0,0.0,0.0,0.0,50.0,25.3
2486898,8,981514,SPANISH BASKETBALL ACADEMY,AWAY,2436640,J. Puidet,J. Puidet,0,9.6,576.0,0.0,0.0,3.0,0.0,1.0,0.0,4.0,0.0,0.0,1.0,1.0,2.0,1.0,0.0,0.0,0.0,1.0,0.0,1.0,0.0,-3.0,0.0,0.0,25.0,0.0,0.0,0.0,0.0,13.9,8.2,10.3,17.9,0.0,0.0,0.0,19.0
2486898,8,981514,SPANISH BASKETBALL ACADEMY,AWAY,2481590,A. Butko,A. Butko,0,7.3,441.0,0.0,0.0,1.0,0.0,0.0,0.0,1.0,0.0,0.0,0.0,0.0,0.0,1.0,1.0,1.0,0.0,0.0,2.0,0.0,-2.0,-6.0,0.0,0.0,0.0,0.0,0.0,0.0,0.0,0.0,0.0,0.0,17.9,6.4,0.0,50.0,12.5
2486898,8,981514,SPANISH BASKETBALL ACADEMY,AWAY,2065452,J. Santano Bartolome,J. Santano Bartolome,1,28.0,1678.0,10.0,3.0,6.0,1.0,1.0,4.0,7.0,1.0,2.0,3.0,8.0,11.0,1.0,5.0,1.0,1.0,0.0,1.0,3.0,17.0,22.0,63.5,64.3,14.3,28.6,1.0,3.0,0.7,14.3,22.4,19.4,6.4,1.7,3.8,38.8,21.0
2486898,8,981514,SPANISH BASKETBALL ACADEMY,AWAY,2816737,D. Simeunovic,D. Simeunovic,1,27.6,1653.0,14.0,4.0,8.0,0.0,3.0,4.0,11.0,6.0,8.0,1.0,6.0,7.0,5.0,1.0,0.0,0.0,0.0,4.0,8.0,20.0,18.0,48.2,36.4,27.3,72.7,1.0,0.0,1.0,4.8,17.1,12.5,32.1,0.0,0.0,6.4,25.6
2486898,8,981514,SPANISH BASKETBALL ACADEMY,AWAY,2846994,K. Curfman,K. Curfman,1,32.9,1974.0,20.0,1.0,2.0,6.0,11.0,7.0,13.0,0.0,0.0,0.0,2.0,2.0,0.0,1.0,0.0,0.0,0.0,0.0,1.0,16.0,26.0,76.9,76.9,84.6,0.0,1.0,1.6,0.0,0.0,4.8,3.0,0.0,0.0,0.0,7.1,19.4
2486898,8,981514,SPANISH BASKETBALL ACADEMY,AWAY,2752020,E. Medina Roa,E. Medina Roa,1,30.1,1804.0,14.0,6.0,7.0,0.0,0.0,6.0,7.0,2.0,4.0,2.0,11.0,13.0,0.0,5.0,0.0,2.0,0.0,5.0,2.0,18.0,31.0,79.9,85.7,0.0,57.1,1.7,0.0,2.0,8.9,28.7,21.3,0.0,0.0,7.0,36.3,20.8
2486898,8,981514,SPANISH BASKETBALL ACADEMY,AWAY,1825944,R. Garcia Salame,R. Garcia Salame,1,35.5,2131.0,10.0,4.0,7.0,0.0,3.0,4.0,10.0,2.0,4.0,0.0,6.0,6.0,12.0,5.0,2.0,0.0,1.0,1.0,5.0,21.0,21.0,42.5,40.0,30.0,40.0,1.1,0.0,0.8,0.0,13.3,8.3,56.6,2.6,0.0,29.8,21.5
2486899,8,981305,SOL GIRONÈS BISBAL BÀSQUET,HOME,2851798,F. Adebayo,F. Adebayo,1,22.3,1336.0,8.0,2.0,5.0,1.0,2.0,3.0,7.0,1.0,4.0,0.0,3.0,3.0,2.0,1.0,4.0,1.0,0.0,3.0,4.0,11.0,-13.0,45.7,50.0,28.6,57.1,0.8,1.5,1.0,0.0,18.6,7.4,13.9,9.2,5.1,10.2,20.0
2486899,8,981305,SOL GIRONÈS BISBAL BÀSQUET,HOME,2814887,P. Renane,P. Renane,1,23.9,1434.0,13.0,1.0,4.0,3.0,3.0,4.0,7.0,2.0,2.0,2.0,4.0,6.0,0.0,2.0,0.0,0.0,0.0,2.0,2.0,14.0,-19.0,82.5,78.6,42.9,28.6,0.5,3.0,1.0,7.6,23.1,13.8,0.0,0.0,0.0,20.2,18.9
2486899,8,981305,SOL GIRONÈS BISBAL BÀSQUET,HOME,1227597,I. Valera Corominas,I. Valera Corominas,0,16.1,966.0,2.0,1.0,2.0,0.0,0.0,1.0,2.0,0.0,0.0,0.0,0.0,0.0,2.0,0.0,1.0,0.0,0.0,3.0,0.0,1.0,3.0,50.0,50.0,0.0,0.0,1.0,0.0,0.0,0.0,0.0,0.0,18.9,3.2,0.0,0.0,5.7
2486899,8,981305,SOL GIRONÈS BISBAL BÀSQUET,HOME,1829525,M. Mikhailov Paltarak,M. Mikhailov Paltarak,1,26.5,1591.0,10.0,5.0,10.0,0.0,2.0,5.0,12.0,0.0,1.0,3.0,6.0,9.0,0.0,1.0,0.0,0.0,0.0,3.0,3.0,10.0,-13.0,40.2,41.7,16.7,8.3,1.0,0.0,0.3,10.3,31.2,18.6,0.0,0.0,0.0,7.4,23.1
2486899,8,981305,SOL GIRONÈS BISBAL BÀSQUET,HOME,2815520,N. Okeke,N. Okeke,1,26.6,1594.0,9.0,3.0,9.0,1.0,5.0,4.0,14.0,0.0,0.0,1.0,0.0,1.0,0.0,1.0,0.0,0.0,1.0,3.0,1.0,-3.0,-12.0,32.1,32.1,35.7,0.0,0.7,0.6,0.0,3.4,0.0,2.1,0.0,0.0,0.0,6.7,25.7
2486899,8,981305,SOL GIRONÈS BISBAL BÀSQUET,HOME,1400270,B. Alvarez Torres,B. Alvarez Torres,0,25.5,1528.0,14.0,4.0,7.0,2.0,5.0,6.0,12.0,0.0,0.0,0.0,2.0,2.0,5.0,1.0,0.0,0.0,0.0,1.0,2.0,15.0,-9.0,58.3,58.3,41.7,0.0,1.1,1.2,0.0,0.0,10.8,4.3,43.9,0.0,0.0,7.7,23.2
2486899,8,981305,SOL GIRONÈS BISBAL BÀSQUET,HOME,2814874,J. Golson,J. Golson,0,18.3,1097.0,8.0,1.0,2.0,2.0,7.0,3.0,9.0,0.0,0.0,0.0,0.0,0.0,0.0,1.0,1.0,0.0,0.0,2.0,0.0,0.0,-1.0,44.4,44.4,77.8,0.0,1.0,0.9,0.0,0.0,0.0,0.0,0.0,2.8,0.0,10.0,24.9
2486899,8,981305,SOL GIRONÈS BISBAL BÀSQUET,HOME,2815176,S. Kane,S. Kane,0,13.5,809.0,4.0,2.0,5.0,0.0,0.0,2.0,5.0,0.0,4.0,3.0,6.0,9.0,0.0,0.0,2.0,0.0,0.0,1.0,3.0,10.0,-3.0,29.6,40.0,0.0,80.0,0.8,0.0,1.3,20.2,61.3,36.5,0.0,7.6,0.0,0.0,22.8
2486899,8,981305,SOL GIRONÈS BISBAL BÀSQUET,HOME,1198592,X. Torrent Bayé,X. Torrent Bayé,1,27.4,1645.0,3.0,1.0,2.0,0.0,5.0,1.0,7.0,1.0,2.0,0.0,1.0,1.0,6.0,0.0,2.0,0.0,0.0,3.0,3.0,5.0,-13.0,19.0,14.3,71.4,28.6,1.0,0.0,0.7,0.0,5.0,2.0,31.1,3.8,0.0,0.0,13.1
2486899,8,981294,C.B. ZARAGOZA,AWAY,2451495,D. Knowles,D. Knowles,0,3.9,231.0,3.0,1.0,1.0,0.0,0.0,1.0,1.0,1.0,2.0,1.0,1.0,2.0,0.0,1.0,1.0,0.0,0.0,2.0,1.0,3.0,3.0,79.8,100.0,0.0,200.0,2.0,0.0,2.0,35.4,23.3,28.1,0.0,13.0,0.0,34.7,34.9
2486899,8,981294,C.B. ZARAGOZA,AWAY,1802050,D. Muñoz Samatan,D. Muñoz Samatan,0,17.0,1021.0,3.0,1.0,2.0,0.0,0.0,1.0,2.0,1.0,2.0,2.0,1.0,3.0,2.0,0.0,0.0,0.0,0.0,1.0,2.0,7.0,-2.0,52.1,50.0,0.0,100.0,1.0,0.0,1.0,16.2,5.3,9.7,16.9,0.0,0.0,0.0,8.0
2486899,8,981294,C.B. ZARAGOZA,AWAY,1798932,D. Arjol Lopez,D. Arjol Lopez,0,22.2,1335.0,13.0,2.0,3.0,2.0,5.0,4.0,8.0,3.0,6.0,0.0,4.0,4.0,6.0,1.0,0.0,0.0,0.0,3.0,5.0,17.0,8.0,61.1,62.5,62.5,75.0,1.3,1.2,1.2,0.0,16.4,9.9,39.5,0.0,0.0,8.6,24.8
2486899,8,981294,C.B. ZARAGOZA,AWAY,1250976,O. Alvarado Rodriguez,O. Alvarado Rodriguez,1,25.2,1514.0,3.0,0.0,0.0,1.0,3.0,1.0,3.0,0.0,0.0,0.0,4.0,4.0,6.0,4.0,1.0,0.0,0.0,0.0,1.0,9.0,17.0,50.0,50.0,100.0,0.0,0.0,1.0,0.0,0.0,14.4,8.7,33.0,2.0,0.0,57.1,13.1
2486899,8,981294,C.B. ZARAGOZA,AWAY,361567,E. Gatell Sanz,E. Gatell Sanz,1,31.0,1860.0,8.0,4.0,7.0,0.0,0.0,4.0,7.0,0.0,0.0,1.0,12.0,13.0,4.0,1.0,1.0,1.0,0.0,2.0,3.0,24.0,22.0,57.1,57.1,0.0,0.0,1.1,0.0,0.0,4.4,35.2,23.0,18.5,1.6,2.8,12.5,12.2
2486899,8,981294,C.B. ZARAGOZA,AWAY,1861515,P. Aso Jimenez,P. Aso Jimenez,1,26.1,1564.0,8.0,4.0,4.0,0.0,2.0,4.0,6.0,0.0,0.0,1.0,5.0,6.0,1.0,0.0,1.0,0.0,0.0,2.0,1.0,13.0,9.0,66.7,66.7,33.3,0.0,2.0,0.0,0.0,5.3,17.4,12.6,5.4,1.9,0.0,0.0,10.9
2486899,8,981294,C.B. ZARAGOZA,AWAY,1446949,J. Jiménez Jiménez,J. Jiménez Jiménez,0,17.6,1058.0,6.0,0.0,2.0,2.0,4.0,2.0,6.0,0.0,0.0,1.0,2.0,3.0,1.0,0.0,0.0,0.0,0.0,3.0,0.0,3.0,1.0,50.0,50.0,66.7,0.0,0.0,1.5,0.0,7.8,10.3,9.3,9.3,0.0,0.0,0.0,16.1
2486899,8,981294,C.B. ZARAGOZA,AWAY,2815312,J. Zhao Olmos,J. Zhao Olmos,1,15.9,955.0,9.0,0.0,1.0,1.0,4.0,1.0,5.0,6.0,6.0,0.0,2.0,2.0,0.0,4.0,2.0,0.0,0.0,3.0,3.0,5.0,6.0,58.9,30.0,80.0,120.0,0.0,0.8,2.0,0.0,11.4,6.9,0.0,6.4,0.0,34.4,34.6
2486899,8,981294,C.B. ZARAGOZA,AWAY,1556128,G. Colom Barrufet,G. Colom Barrufet,0,14.1,845.0,12.0,1.0,3.0,3.0,6.0,4.0,9.0,1.0,1.0,0.0,0.0,0.0,1.0,0.0,0.0,0.0,0.0,0.0,1.0,9.0,-3.0,63.6,61.1,66.7,11.1,0.7,1.5,1.0,0.0,0.0,0.0,11.4,0.0,0.0,0.0,31.6
2486899,8,981294,C.B. ZARAGOZA,AWAY,1910411,A. Aragones Navais,A. Aragones Navais,1,26.9,1617.0,22.0,10.0,12.0,0.0,5.0,10.0,17.0,2.0,5.0,1.0,4.0,5.0,2.0,0.0,1.0,0.0,1.0,2.0,4.0,22.0,19.0,57.3,58.8,29.4,29.4,1.7,0.0,1.2,5.1,13.5,10.2,16.1,1.9,0.0,0.0,33.7
2486900,8,981428,HOMS U.E.MATARÓ,HOME,2162105,F. Garrido Teban,F. Garrido Teban,1,17.9,1077.0,13.0,2.0,5.0,2.0,2.0,4.0,7.0,3.0,3.0,2.0,2.0,4.0,0.0,2.0,0.0,0.0,1.0,4.0,2.0,10.0,-4.0,78.1,71.4,28.6,42.9,0.8,3.0,1.5,14.0,13.1,13.5,0.0,0.0,0.0,19.4,27.2
2486900,8,981428,HOMS U.E.MATARÓ,HOME,1914611,J. Boix Colet,J. Boix Colet,1,31.2,1872.0,14.0,5.0,8.0,0.0,3.0,5.0,11.0,4.0,6.0,2.0,1.0,3.0,3.0,3.0,0.0,0.0,1.0,2.0,4.0,11.0,-14.0,51.3,45.5,27.3,54.5,1.2,0.0,1.5,8.0,3.8,5.8,22.4,0.0,0.0,18.0,25.2
2486900,8,981428,HOMS U.E.MATARÓ,HOME,2813591,S. Hall,S. Hall,0,7.3,437.0,2.0,1.0,1.0,0.0,0.0,1.0,1.0,0.0,0.0,0.0,2.0,2.0,0.0,0.0,1.0,0.0,0.0,0.0,2.0,7.0,-1.0,100.0,100.0,0.0,0.0,2.0,0.0,0.0,0.0,32.2,16.6,0.0,7.6,0.0,0.0,6.5
2486900,8,981428,HOMS U.E.MATARÓ,HOME,1591966,J. Castillo Carrasco,J. Castillo Carrasco,1,16.0,961.0,3.0,0.0,0.0,1.0,1.0,1.0,1.0,0.0,0.0,0.0,2.0,2.0,1.0,0.0,1.0,0.0,0.0,2.0,1.0,6.0,-8.0,150.0,150.0,100.0,0.0,0.0,3.0,0.0,0.0,14.7,7.6,12.2,3.5,0.0,0.0,2.9
2486900,8,981428,HOMS U.E.MATARÓ,HOME,1568569,J. Juanola Madera,J. Juanola Madera,1,28.4,1707.0,12.0,4.0,9.0,0.0,5.0,4.0,14.0,4.0,5.0,1.0,5.0,6.0,1.0,1.0,0.0,0.0,0.0,2.0,6.0,11.0,-7.0,37.0,28.6,35.7,35.7,0.9,0.0,0.8,4.4,20.7,12.8,8.3,0.0,0.0,5.8,28.6
2486900,8,981428,HOMS U.E.MATARÓ,HOME,1927150,N. Ferrer Iglesia,N. Ferrer Iglesia,0,11.6,693.0,0.0,0.0,3.0,0.0,0.0,0.0,3.0,0.0,0.0,1.0,0.0,1.0,2.0,0.0,1.0,0.0,1.0,3.0,1.0,-1.0,-6.0,0.0,0.0,0.0,0.0,0.0,0.0,0.0,10.8,0.0,5.2,29.0,4.8,0.0,0.0,12.2
2486900,8,981428,HOMS U.E.MATARÓ,HOME,2319991,S. Niang Beye,S. Niang Beye,1,32.6,1957.0,2.0,1.0,4.0,0.0,2.0,1.0,6.0,0.0,0.0,1.0,7.0,8.0,0.0,2.0,0.0,0.0,0.0,2.0,3.0,4.0,-5.0,16.7,16.7,33.3,0.0,0.5,0.0,0.0,3.8,25.3,14.9,0.0,0.0,0.0,25.0,11.6
2486900,8,981428,HOMS U.E.MATARÓ,HOME,1942837,G. Martinez Rivera,G. Martinez Rivera,0,26.3,1578.0,11.0,3.0,8.0,0.0,3.0,3.0,11.0,5.0,6.0,0.0,1.0,1.0,2.0,5.0,1.0,0.0,0.0,3.0,4.0,2.0,-2.0,40.3,27.3,27.3,54.5,0.8,0.0,1.5,0.0,4.5,2.3,15.3,2.1,0.0,26.8,33.4
2486900,8,981428,HOMS U.E.MATARÓ,HOME,2813635,E. Kalu,E. Kalu,0,20.2,1214.0,6.0,3.0,4.0,0.0,0.0,3.0,4.0,0.0,0.0,4.0,3.0,7.0,0.0,0.0,1.0,2.0,0.0,3.0,2.0,14.0,-5.0,75.0,75.0,0.0,0.0,1.5,0.0,0.0,24.8,17.5,21.0,0.0,2.8,11.0,0.0,9.3
2486900,8,981428,HOMS U.E.MATARÓ,HOME,1920919,E. Coll Comabella,E. Coll Comabella,0,8.4,504.0,2.0,1.0,2.0,0.0,1.0,1.0,3.0,0.0,0.0,0.0,1.0,1.0,0.0,2.0,0.0,0.0,0.0,3.0,0.0,-4.0,2.0,33.3,33.3,33.3,0.0,1.0,0.0,0.0,0.0,14.0,7.2,0.0,0.0,0.0,40.0,28.1
2486900,8,979996,AMICS CASTELLÓ,AWAY,2149001,R. Fabrega Urpina,R. Fabrega Urpina,0,23.3,1396.0,2.0,0.0,3.0,0.0,2.0,0.0,5.0,2.0,4.0,0.0,3.0,3.0,6.0,0.0,2.0,0.0,2.0,1.0,3.0,8.0,15.0,14.8,0.0,40.0,80.0,0.0,0.0,1.3,0.0,16.1,7.8,43.5,4.7,0.0,0.0,14.2
2486900,8,979996,AMICS CASTELLÓ,AWAY,273780,J. Faner Catala,J. Faner Catala,1,16.7,1004.0,3.0,0.0,1.0,1.0,4.0,1.0,5.0,0.0,0.0,0.0,1.0,1.0,2.0,1.0,3.0,0.0,0.0,4.0,2.0,2.0,-5.0,30.0,30.0,80.0,0.0,0.0,0.8,0.0,0.0,7.5,3.6,24.4,9.7,0.0,16.7,17.6
2486900,8,979996,AMICS CASTELLÓ,AWAY,2818901,O. Russell,O. Russell,0,17.4,1045.0,4.0,0.0,1.0,1.0,4.0,1.0,5.0,1.0,2.0,0.0,3.0,3.0,1.0,2.0,3.0,0.0,0.0,2.0,2.0,4.0,8.0,34.0,30.0,80.0,40.0,0.0,0.8,1.0,0.0,21.6,10.4,12.2,9.3,0.0,25.4,22.2
2486900,8,979996,AMICS CASTELLÓ,AWAY,2816147,D. Bah,D. Bah,1,17.4,1046.0,10.0,5.0,6.0,0.0,0.0,5.0,6.0,0.0,1.0,2.0,2.0,4.0,1.0,0.0,0.0,0.0,0.0,2.0,1.0,12.0,2.0,77.6,83.3,0.0,16.7,1.7,0.0,1.0,13.5,14.4,13.9,23.8,0.0,0.0,0.0,18.1
2486900,8,979996,AMICS CASTELLÓ,AWAY,1817496,P. Garcia Carrero,P. Garcia Carrero,0,12.8,771.0,4.0,2.0,3.0,0.0,0.0,2.0,3.0,0.0,0.0,0.0,1.0,1.0,2.0,0.0,0.0,0.0,0.0,4.0,0.0,2.0,-2.0,66.7,66.7,0.0,0.0,1.3,0.0,0.0,0.0,9.8,4.7,40.8,0.0,0.0,0.0,11.5
2486900,8,979996,AMICS CASTELLÓ,AWAY,2816738,K. Newton,K. Newton,1,22.6,1355.0,15.0,2.0,4.0,2.0,8.0,4.0,12.0,5.0,6.0,0.0,2.0,2.0,3.0,2.0,0.0,0.0,0.0,2.0,2.0,9.0,2.0,51.2,41.7,66.7,50.0,1.0,0.8,3.0,0.0,11.1,5.4,30.6,0.0,0.0,12.0,36.0
2486900,8,979996,AMICS CASTELLÓ,AWAY,2743181,K.  Baoko,K.  Baoko,0,21.3,1279.0,8.0,3.0,5.0,0.0,0.0,3.0,5.0,2.0,2.0,3.0,2.0,5.0,0.0,0.0,0.0,2.0,0.0,2.0,3.0,14.0,10.0,68.0,60.0,0.0,40.0,1.2,0.0,0.7,16.6,11.7,14.2,0.0,0.0,8.5,0.0,13.5
2486900,8,979996,AMICS CASTELLÓ,AWAY,1840859,V. Rodriguez Gil,V. Rodriguez Gil,0,1.2,75.0,0.0,0.0,0.0,0.0,0.0,0.0,0.0,0.0,0.0,0.0,0.0,0.0,0.0,0.0,0.0,0.0,0.0,0.0,0.0,0.0,-2.0,0.0,0.0,0.0,0.0,0.0,0.0,0.0,0.0,0.0,0.0,0.0,0.0,0.0,0.0,0.0
2486900,8,979996,AMICS CASTELLÓ,AWAY,2641325,M. Andreatta,M. Andreatta,0,14.7,881.0,9.0,1.0,1.0,1.0,2.0,2.0,3.0,4.0,4.0,1.0,3.0,4.0,1.0,2.0,0.0,0.0,0.0,4.0,4.0,11.0,8.0,94.5,83.3,66.7,133.3,2.0,1.5,1.0,8.0,25.5,16.5,13.9,0.0,0.0,29.6,22.5
2486900,8,979996,AMICS CASTELLÓ,AWAY,2325314,F. Stutz,F. Stutz,1,25.3,1519.0,11.0,4.0,7.0,0.0,2.0,4.0,9.0,3.0,3.0,0.0,3.0,3.0,2.0,1.0,2.0,1.0,0.0,3.0,2.0,12.0,2.0,53.3,44.4,22.2,33.3,1.1,0.0,1.5,0.0,14.8,7.2,20.4,4.3,3.6,8.8,21.9
2486900,8,979996,AMICS CASTELLÓ,AWAY,1627889,A. Tamayo Lesmes,A. Tamayo Lesmes,1,27.1,1629.0,9.0,0.0,5.0,1.0,2.0,1.0,7.0,6.0,7.0,4.0,1.0,5.0,1.0,1.0,1.0,0.0,0.0,1.0,4.0,11.0,12.0,44.6,21.4,28.6,100.0,0.0,1.5,1.8,17.4,4.6,11.2,6.6,2.0,0.0,9.0,20.0
2486901,8,981281,LOBE HUESCA LA MAGIA,HOME,2151562,O. Thiam Pedrera,O. Thiam Pedrera,1,21.9,1311.0,6.0,3.0,4.0,0.0,2.0,3.0,6.0,0.0,0.0,2.0,2.0,4.0,0.0,0.0,0.0,0.0,0.0,4.0,1.0,4.0,8.0,50.0,50.0,33.3,0.0,1.5,0.0,0.0,10.1,12.2,11.1,0.0,0.0,0.0,0.0,11.7
2486901,8,981281,LOBE HUESCA LA MAGIA,HOME,2273469,O. Bieshaar,O. Bieshaar,1,24.3,1457.0,18.0,2.0,2.0,4.0,12.0,6.0,14.0,2.0,2.0,2.0,3.0,5.0,1.0,1.0,1.0,1.0,0.0,2.0,2.0,17.0,-2.0,60.5,57.1,85.7,14.3,2.0,1.0,1.0,9.1,16.5,12.5,6.2,2.1,4.3,6.3,27.8
2486901,8,981281,LOBE HUESCA LA MAGIA,HOME,2275700,I. Terreros Rivas,I. Terreros Rivas,0,12.7,761.0,3.0,0.0,0.0,1.0,4.0,1.0,4.0,0.0,0.0,0.0,3.0,3.0,4.0,0.0,1.0,0.0,0.0,2.0,1.0,7.0,5.0,37.5,37.5,100.0,0.0,0.0,0.8,0.0,0.0,31.5,14.3,39.6,4.0,0.0,0.0,13.4
2486901,8,981281,LOBE HUESCA LA MAGIA,HOME,1756469,H. Figueroa Álvarez,H. Figueroa Álvarez,1,23.1,1389.0,17.0,1.0,1.0,4.0,8.0,5.0,9.0,3.0,3.0,2.0,2.0,4.0,3.0,1.0,1.0,0.0,1.0,3.0,3.0,20.0,12.0,82.4,77.8,88.9,33.3,2.0,1.5,1.0,9.6,11.5,10.5,17.4,2.2,0.0,8.8,20.8
2486901,8,981281,LOBE HUESCA LA MAGIA,HOME,2815923,M. Carreira Kreps,M. Carreira Kreps,0,10.3,620.0,2.0,1.0,1.0,0.0,0.0,1.0,1.0,0.0,0.0,1.0,0.0,1.0,0.0,0.0,0.0,0.0,0.0,2.0,0.0,1.0,2.0,100.0,100.0,0.0,0.0,2.0,0.0,0.0,10.8,0.0,5.9,0.0,0.0,0.0,0.0,4.1
2486901,8,981281,LOBE HUESCA LA MAGIA,HOME,2823388,J. Fritz,J. Fritz,1,18.8,1126.0,7.0,1.0,4.0,0.0,3.0,1.0,7.0,5.0,8.0,1.0,2.0,3.0,0.0,1.0,0.0,2.0,0.0,2.0,6.0,6.0,21.0,33.3,14.3,42.9,114.3,0.5,0.0,1.3,5.9,14.2,9.7,0.0,0.0,11.2,8.7,26.1
2486901,8,981281,LOBE HUESCA LA MAGIA,HOME,2815543,A. Badmus,A. Badmus,0,21.2,1274.0,4.0,2.0,8.0,0.0,1.0,2.0,9.0,0.0,0.0,1.0,2.0,3.0,2.0,2.0,2.0,0.0,0.0,1.0,1.0,2.0,-1.0,22.2,22.2,11.1,0.0,0.5,0.0,0.0,5.2,12.6,8.6,12.1,4.8,0.0,18.2,22.1
2486901,8,981281,LOBE HUESCA LA MAGIA,HOME,1761508,P. Lopez-Sanvicente Reta,P. Lopez-Sanvicente Reta,0,16.9,1013.0,10.0,2.0,3.0,2.0,4.0,4.0,7.0,0.0,0.0,1.0,3.0,4.0,3.0,3.0,0.0,1.0,0.0,1.0,0.0,11.0,20.0,71.4,71.4,57.1,0.0,1.3,1.5,0.0,6.6,23.7,14.3,27.8,0.0,6.2,30.0,25.2
2486901,8,981281,LOBE HUESCA LA MAGIA,HOME,2116811,G. Rodriguez Soler,G. Rodriguez Soler,1,27.5,1650.0,17.0,4.0,4.0,3.0,5.0,7.0,9.0,0.0,0.0,3.0,0.0,3.0,4.0,0.0,0.0,0.0,0.0,1.0,3.0,24.0,15.0,94.4,94.4,55.6,0.0,2.0,1.8,0.0,12.1,0.0,6.6,21.2,0.0,0.0,0.0,13.9
2486901,8,981281,LOBE HUESCA LA MAGIA,HOME,2054954,G. Vazquez Vallejo,G. Vazquez Vallejo,0,23.3,1399.0,17.0,5.0,5.0,2.0,5.0,7.0,10.0,1.0,3.0,2.0,5.0,7.0,0.0,3.0,3.0,0.0,0.0,2.0,1.0,18.0,20.0,75.1,80.0,50.0,30.0,2.0,1.2,3.0,9.5,28.6,18.2,0.0,6.5,0.0,20.9,26.1
2486901,8,981491,C.B. GETAFE,AWAY,1223461,J. Tejera Tejo,J. Tejera Tejo,0,13.4,806.0,2.0,1.0,1.0,0.0,2.0,1.0,3.0,0.0,1.0,0.0,1.0,1.0,1.0,0.0,0.0,0.0,1.0,0.0,1.0,2.0,-12.0,29.1,33.3,66.7,33.3,2.0,0.0,1.0,0.0,8.3,4.5,14.7,0.0,0.0,0.0,11.9
2486901,8,981491,C.B. GETAFE,AWAY,2816388,M. Abdulsalam,M. Abdulsalam,1,21.6,1297.0,7.0,2.0,5.0,0.0,0.0,2.0,5.0,3.0,4.0,3.0,5.0,8.0,1.0,3.0,0.0,0.0,0.0,4.0,2.0,7.0,-5.0,51.8,40.0,0.0,80.0,0.8,0.0,2.0,18.5,25.7,22.4,9.1,0.0,0.0,30.7,20.9
2486901,8,981491,C.B. GETAFE,AWAY,2816390,A. Akinwole,A. Akinwole,0,20.3,1220.0,11.0,1.0,2.0,2.0,3.0,3.0,5.0,3.0,3.0,0.0,2.0,2.0,0.0,4.0,1.0,0.0,0.0,5.0,4.0,7.0,-11.0,87.0,80.0,60.0,60.0,1.0,2.0,0.8,0.0,10.9,6.0,0.0,2.5,0.0,38.8,23.5
2486901,8,981491,C.B. GETAFE,AWAY,2815898,C. Henderson,C. Henderson,0,9.5,570.0,4.0,2.0,2.0,0.0,1.0,2.0,3.0,0.0,0.0,0.0,2.0,2.0,0.0,2.0,0.0,0.0,0.0,2.0,0.0,1.0,-8.0,66.7,66.7,33.3,0.0,2.0,0.0,0.0,0.0,23.4,12.8,0.0,0.0,0.0,40.0,24.3
2486901,8,981491,C.B. GETAFE,AWAY,1328788,M. Alvarez Puertas,M. Alvarez Puertas,1,23.0,1378.0,11.0,2.0,3.0,2.0,2.0,4.0,5.0,1.0,2.0,2.0,5.0,7.0,2.0,0.0,0.0,0.0,0.0,1.0,1.0,18.0,-3.0,93.5,100.0,40.0,40.0,1.3,3.0,2.0,11.6,24.2,18.4,17.2,0.0,0.0,0.0,11.8
2486901,8,981491,C.B. GETAFE,AWAY,1674978,G. Mulero Maldonado,G. Mulero Maldonado,1,31.5,1891.0,18.0,5.0,9.0,0.0,2.0,5.0,11.0,8.0,11.0,1.0,0.0,1.0,2.0,3.0,2.0,0.0,2.0,1.0,7.0,17.0,-8.0,56.8,45.5,18.2,100.0,1.1,0.0,1.6,4.2,0.0,1.9,12.7,3.2,0.0,15.9,27.6
2486901,8,981491,C.B. GETAFE,AWAY,1521251,W. Cabral Bueriberi,W. Cabral Bueriberi,0,11.9,714.0,3.0,0.0,2.0,0.0,0.0,0.0,2.0,3.0,4.0,1.0,2.0,3.0,2.0,0.0,1.0,0.0,0.0,1.0,2.0,7.0,-5.0,39.9,0.0,0.0,200.0,0.0,0.0,2.0,11.2,18.7,15.3,25.6,4.3,0.0,0.0,14.6
2486901,8,981491,C.B. GETAFE,AWAY,1582089,J. Parra Baez,J. Parra Baez,1,28.3,1698.0,9.0,3.0,7.0,1.0,7.0,4.0,14.0,0.0,0.0,0.0,0.0,0.0,0.0,3.0,0.0,1.0,0.0,1.0,0.0,-4.0,-18.0,32.1,32.1,50.0,0.0,0.9,0.4,0.0,0.0,0.0,0.0,0.0,0.0,4.4,17.6,27.7
2486901,8,981491,C.B. GETAFE,AWAY,1820240,P. Arribas Gomez,P. Arribas Gomez,0,2.2,132.0,0.0,0.0,0.0,0.0,0.0,0.0,0.0,0.0,0.0,0.0,0.0,0.0,0.0,0.0,0.0,0.0,0.0,0.0,0.0,0.0,0.0,0.0,0.0,0.0,0.0,0.0,0.0,0.0,0.0,0.0,0.0,0.0,0.0,0.0,0.0,0.0
2486901,8,981491,C.B. GETAFE,AWAY,2816389,J. Nve Maleva,J. Nve Maleva,0,12.5,749.0,7.0,3.0,4.0,0.0,0.0,3.0,4.0,1.0,2.0,1.0,3.0,4.0,0.0,1.0,0.0,0.0,0.0,3.0,1.0,6.0,-12.0,71.7,75.0,0.0,50.0,1.5,0.0,2.0,10.7,26.7,19.4,0.0,0.0,0.0,17.0,21.7
2486901,8,981491,C.B. GETAFE,AWAY,1876223,A. Montero Isla,A. Montero Isla,1,25.8,1545.0,9.0,1.0,3.0,1.0,2.0,2.0,5.0,4.0,4.0,0.0,1.0,1.0,2.0,0.0,0.0,0.0,1.0,0.0,2.0,11.0,-18.0,66.6,50.0,40.0,80.0,0.7,1.5,2.0,0.0,4.3,2.3,14.7,0.0,0.0,0.0,12.1
2486902,8,981216,CLASS BASQUET SANT ANTONI,HOME,2534687,G. Gantt,G. Gantt,0,22.0,1319.0,17.0,1.0,5.0,4.0,7.0,5.0,12.0,3.0,3.0,2.0,1.0,3.0,0.0,0.0,1.0,0.0,0.0,3.0,1.0,12.0,10.0,63.8,58.3,58.3,25.0,0.4,1.7,3.0,9.3,5.2,7.4,0.0,2.5,0.0,0.0,25.8
2486902,8,981216,CLASS BASQUET SANT ANTONI,HOME,1394852,G. Blat Baeza,G. Blat Baeza,0,18.4,1105.0,2.0,1.0,5.0,0.0,3.0,1.0,8.0,0.0,0.0,0.0,2.0,2.0,5.0,2.0,0.0,0.0,0.0,3.0,1.0,-2.0,13.0,12.5,12.5,37.5,0.0,0.4,0.0,0.0,0.0,12.4,5.9,40.0,0.0,0.0,20.0,23.1
2486902,8,981216,CLASS BASQUET SANT ANTONI,HOME,2815818,K. Johnson,K. Johnson,1,24.5,1470.0,15.0,6.0,9.0,1.0,3.0,7.0,12.0,0.0,0.0,2.0,1.0,3.0,2.0,2.0,1.0,0.0,0.0,3.0,0.0,11.0,14.0,62.5,62.5,25.0,0.0,1.3,1.0,0.0,8.4,4.7,6.6,21.7,2.3,0.0,14.3,24.3
2486902,8,981216,CLASS BASQUET SANT ANTONI,HOME,1528610,J. Rodriguez Jimenez,J. Rodriguez Jimenez,0,5.1,308.0,0.0,0.0,0.0,0.0,1.0,0.0,1.0,0.0,0.0,0.0,0.0,0.0,0.0,1.0,0.0,0.0,0.0,0.0,0.0,-2.0,0.0,0.0,0.0,100.0,0.0,0.0,0.0,0.0,0.0,0.0,0.0,0.0,0.0,0.0,50.0,16.7
2486902,8,981216,CLASS BASQUET SANT ANTONI,HOME,2363916,D. De La Rua De Agustin,D. De La Rua De Agustin,1,25.0,1500.0,14.0,2.0,7.0,2.0,3.0,4.0,10.0,4.0,4.0,3.0,5.0,8.0,2.0,2.0,1.0,0.0,0.0,2.0,6.0,21.0,5.0,59.5,50.0,30.0,40.0,0.6,2.0,0.7,12.3,22.9,17.3,16.4,2.2,0.0,14.5,23.4
2486902,8,981216,CLASS BASQUET SANT ANTONI,HOME,1397157,R. Gomez Barral,R. Gomez Barral,0,12.6,753.0,2.0,0.0,2.0,0.0,1.0,0.0,3.0,2.0,2.0,0.0,5.0,5.0,1.0,1.0,0.0,1.0,0.0,2.0,1.0,4.0,-1.0,25.8,0.0,33.3,66.7,0.0,0.0,2.0,0.0,45.4,21.5,12.3,0.0,7.6,20.5,16.5
2486902,8,981216,CLASS BASQUET SANT ANTONI,HOME,2462416,E. Stoilov,E. Stoilov,1,21.8,1308.0,6.0,2.0,4.0,0.0,0.0,2.0,4.0,2.0,2.0,2.0,4.0,6.0,0.0,4.0,0.0,2.0,0.0,3.0,2.0,7.0,18.0,61.5,50.0,0.0,50.0,1.0,0.0,1.0,9.4,21.0,14.9,0.0,0.0,8.7,45.0,17.3
2486902,8,981216,CLASS BASQUET SANT ANTONI,HOME,1834527,S. Paz Vazquez,S. Paz Vazquez,1,25.0,1498.0,10.0,2.0,4.0,2.0,3.0,4.0,7.0,0.0,0.0,2.0,3.0,5.0,2.0,1.0,0.0,1.0,0.0,1.0,0.0,13.0,15.0,71.4,71.4,42.9,0.0,1.0,2.0,0.0,8.2,13.7,10.8,16.4,0.0,3.8,12.5,13.6
2486902,8,981216,CLASS BASQUET SANT ANTONI,HOME,2128433,N. Zizic,N. Zizic,0,15.2,911.0,2.0,1.0,5.0,0.0,0.0,1.0,5.0,0.0,0.0,4.0,0.0,4.0,0.0,1.0,0.0,1.0,0.0,1.0,0.0,1.0,1.0,20.0,20.0,0.0,0.0,0.4,0.0,0.0,27.0,0.0,14.2,0.0,0.0,6.3,16.7,16.8
2486902,8,981216,CLASS BASQUET SANT ANTONI,HOME,2182043,J. Solarin,J. Solarin,1,24.0,1442.0,10.0,1.0,3.0,2.0,4.0,3.0,7.0,2.0,3.0,1.0,4.0,5.0,2.0,2.0,2.0,0.0,0.0,3.0,3.0,12.0,19.0,60.1,57.1,57.1,42.9,0.7,1.5,1.0,4.3,19.0,11.3,15.2,4.7,0.0,19.4,18.3
2486902,8,981216,CLASS BASQUET SANT ANTONI,HOME,1878691,I. Ruiz Gonzalez,I. Ruiz Gonzalez,0,6.4,386.0,2.0,0.0,1.0,0.0,0.0,0.0,1.0,2.0,2.0,3.0,1.0,4.0,0.0,1.0,0.0,0.0,0.0,2.0,1.0,3.0,1.0,53.2,0.0,0.0,200.0,0.0,0.0,2.0,48.1,17.9,33.8,0.0,0.0,0.0,34.7,19.1
2486902,8,981347,PROINBENI UPB GANDIA,AWAY,1824880,G. Perez Ramirez,G. Perez Ramirez,1,23.8,1427.0,6.0,0.0,0.0,2.0,4.0,2.0,4.0,0.0,0.0,0.0,3.0,3.0,2.0,0.0,2.0,0.0,0.0,2.0,0.0,9.0,-17.0,75.0,75.0,100.0,0.0,0.0,1.5,0.0,0.0,12.9,6.8,18.9,4.5,0.0,0.0,8.4
2486902,8,981347,PROINBENI UPB GANDIA,AWAY,1837816,C. Hurtado Cervantes,C. Hurtado Cervantes,0,20.6,1235.0,8.0,0.0,5.0,2.0,4.0,2.0,9.0,2.0,2.0,0.0,0.0,0.0,1.0,1.0,0.0,0.0,0.0,3.0,6.0,4.0,-15.0,40.5,33.3,44.4,22.2,0.0,1.5,0.3,0.0,0.0,0.0,11.8,0.0,0.0,9.2,26.3
2486902,8,981347,PROINBENI UPB GANDIA,AWAY,2736564,K. Greeley,K. Greeley,1,28.9,1732.0,10.0,3.0,11.0,0.0,0.0,3.0,11.0,4.0,6.0,1.0,2.0,3.0,3.0,2.0,0.0,0.0,1.0,2.0,5.0,7.0,-12.0,36.7,27.3,0.0,54.5,0.5,0.0,1.2,4.0,7.1,5.6,25.6,0.0,0.0,12.8,26.9
2486902,8,981347,PROINBENI UPB GANDIA,AWAY,2378347,J. Molina Martinez,J. Molina Martinez,0,23.4,1403.0,2.0,1.0,1.0,0.0,1.0,1.0,2.0,0.0,0.0,0.0,4.0,4.0,0.0,0.0,2.0,0.0,0.0,2.0,0.0,5.0,-7.0,50.0,50.0,50.0,0.0,2.0,0.0,0.0,0.0,17.5,9.2,0.0,4.6,0.0,0.0,4.3
2486902,8,981347,PROINBENI UPB GANDIA,AWAY,1673764,L. Ferrando Ortells,L. Ferrando Ortells,1,22.3,1339.0,11.0,3.0,6.0,1.0,3.0,4.0,9.0,2.0,2.0,0.0,2.0,2.0,2.0,2.0,1.0,0.0,1.0,3.0,2.0,8.0,-5.0,55.7,50.0,33.3,22.2,1.0,1.0,1.0,0.0,9.2,4.8,23.3,2.4,0.0,16.8,26.5
2486902,8,981347,PROINBENI UPB GANDIA,AWAY,2711878,D. Ilincic,D. Ilincic,0,13.0,780.0,8.0,2.0,5.0,0.0,0.0,2.0,5.0,4.0,5.0,2.0,2.0,4.0,0.0,4.0,0.0,0.0,0.0,1.0,3.0,6.0,-10.0,55.6,40.0,0.0,100.0,0.8,0.0,1.7,17.6,15.8,16.6,0.0,0.0,0.0,35.7,42.9
2486902,8,981347,PROINBENI UPB GANDIA,AWAY,1996333,M. Montilla Diaz,M. Montilla Diaz,1,15.5,928.0,5.0,2.0,4.0,0.0,0.0,2.0,4.0,1.0,4.0,1.0,3.0,4.0,0.0,0.0,0.0,0.0,2.0,1.0,2.0,5.0,3.0,43.4,50.0,0.0,100.0,1.0,0.0,2.0,7.4,19.9,13.9,0.0,0.0,0.0,0.0,18.5
2486902,8,981347,PROINBENI UPB GANDIA,AWAY,1827011,J. Soler Cirujeda,J. Soler Cirujeda,0,14.9,895.0,2.0,1.0,3.0,0.0,2.0,1.0,5.0,0.0,0.0,1.0,3.0,4.0,1.0,2.0,1.0,0.0,1.0,0.0,1.0,3.0,-16.0,20.0,20.0,40.0,0.0,0.7,0.0,0.0,7.7,20.7,14.5,13.5,3.6,0.0,28.6,23.4
2486902,8,981347,PROINBENI UPB GANDIA,AWAY,1851026,A. Bellver Valiente,A. Bellver Valiente,0,10.7,641.0,0.0,0.0,3.0,0.0,0.0,0.0,3.0,0.0,0.0,2.0,1.0,3.0,0.0,1.0,0.0,0.0,0.0,0.0,2.0,1.0,-7.0,0.0,0.0,0.0,0.0,0.0,0.0,0.0,21.4,9.6,15.2,0.0,0.0,0.0,25.0,18.6
2486902,8,981347,PROINBENI UPB GANDIA,AWAY,2335802,J. Bitjaa Kody,J. Bitjaa Kody,1,27.0,1620.0,9.0,3.0,4.0,1.0,1.0,4.0,5.0,0.0,0.0,2.0,0.0,2.0,0.0,3.0,0.0,0.0,0.0,1.0,2.0,8.0,-9.0,90.0,90.0,20.0,0.0,1.5,3.0,0.0,8.5,0.0,4.0,0.0,0.0,0.0,37.5,14.7
2486903,8,979897,BUENO ARENAS ALBACETE BASKET,HOME,2772828,F. Andrade Amiel,F. Andrade Amiel,1,24.6,1474.0,8.0,1.0,4.0,2.0,3.0,3.0,7.0,0.0,0.0,1.0,6.0,7.0,5.0,2.0,1.0,0.0,0.0,3.0,1.0,13.0,14.0,57.1,57.1,42.9,0.0,0.5,2.0,0.0,4.6,18.8,13.1,28.7,2.1,0.0,22.2,16.8
2486903,8,979897,BUENO ARENAS ALBACETE BASKET,HOME,1371559,V. Aguilar Hernandez,V. Aguilar Hernandez,0,24.0,1440.0,18.0,4.0,5.0,3.0,5.0,7.0,10.0,1.0,1.0,1.0,5.0,6.0,3.0,2.0,1.0,0.0,0.0,4.0,6.0,25.0,5.0,86.2,85.0,50.0,10.0,1.6,1.8,0.2,4.8,16.0,11.5,22.4,2.1,0.0,16.1,23.8
2486903,8,979897,BUENO ARENAS ALBACETE BASKET,HOME,2813013,N. Reid,N. Reid,1,27.9,1674.0,12.0,3.0,4.0,2.0,5.0,5.0,9.0,0.0,0.0,0.0,5.0,5.0,0.0,0.0,0.0,0.0,0.0,3.0,0.0,10.0,31.0,66.7,66.7,55.6,0.0,1.5,1.2,0.0,0.0,13.8,8.2,0.0,0.0,0.0,0.0,14.8
2486903,8,979897,BUENO ARENAS ALBACETE BASKET,HOME,1947396,V. Muñoz Quiñones,V. Muñoz Quiñones,0,22.8,1369.0,15.0,6.0,10.0,0.0,0.0,6.0,10.0,3.0,5.0,4.0,3.0,7.0,0.0,0.0,0.0,0.0,0.0,3.0,3.0,16.0,27.0,61.5,60.0,0.0,50.0,1.2,0.0,1.7,20.1,10.1,14.1,0.0,0.0,0.0,0.0,24.5
2486903,8,979897,BUENO ARENAS ALBACETE BASKET,HOME,2432962,S. Merlo,S. Merlo,1,23.7,1420.0,10.0,0.0,1.0,1.0,6.0,1.0,7.0,7.0,8.0,0.0,10.0,10.0,10.0,0.0,0.0,0.0,0.0,1.0,4.0,26.0,19.0,47.5,21.4,85.7,114.3,0.0,0.5,2.0,0.0,32.5,19.4,51.5,0.0,0.0,0.0,20.4
2486903,8,979897,BUENO ARENAS ALBACETE BASKET,HOME,1603635,J. Gonzalez Albadalejo,J. Gonzalez Albadalejo,1,25.2,1512.0,13.0,1.0,4.0,3.0,4.0,4.0,8.0,2.0,2.0,1.0,3.0,4.0,3.0,3.0,0.0,0.0,0.0,2.0,2.0,13.0,33.0,73.2,68.8,50.0,25.0,0.5,2.2,1.0,4.5,9.2,7.3,18.3,0.0,0.0,25.3,21.6
2486903,8,979897,BUENO ARENAS ALBACETE BASKET,HOME,2364931,A. Perez Conti,A. Perez Conti,0,2.8,170.0,0.0,0.0,1.0,0.0,2.0,0.0,3.0,0.0,0.0,0.0,0.0,0.0,0.0,0.0,0.0,0.0,0.0,2.0,0.0,-5.0,-9.0,0.0,0.0,66.7,0.0,0.0,0.0,0.0,0.0,0.0,0.0,0.0,0.0,0.0,0.0,49.1
2486903,8,979897,BUENO ARENAS ALBACETE BASKET,HOME,2817541,O. Bramble,O. Bramble,0,12.8,769.0,7.0,2.0,3.0,0.0,0.0,2.0,3.0,3.0,4.0,1.0,1.0,2.0,1.0,1.0,1.0,0.0,0.0,2.0,3.0,9.0,-11.0,73.5,66.7,0.0,133.3,1.3,0.0,1.3,8.9,6.0,7.2,12.2,3.9,0.0,17.4,20.6
2486903,8,979897,BUENO ARENAS ALBACETE BASKET,HOME,1981843,B. Vanaclocha Sanchez,B. Vanaclocha Sanchez,1,17.4,1041.0,7.0,3.0,6.0,0.0,0.0,3.0,6.0,1.0,1.0,1.0,1.0,2.0,1.0,0.0,0.0,2.0,1.0,1.0,1.0,9.0,10.0,54.3,50.0,0.0,16.7,1.0,0.0,1.0,6.6,4.4,5.3,9.4,0.0,13.1,0.0,17.0
2486903,8,979897,BUENO ARENAS ALBACETE BASKET,HOME,2432412,J. Hierrezuelo Serer,J. Hierrezuelo Serer,0,18.9,1131.0,9.0,0.0,1.0,3.0,6.0,3.0,7.0,0.0,0.0,0.0,2.0,2.0,3.0,0.0,1.0,1.0,0.0,1.0,0.0,11.0,21.0,64.3,64.3,85.7,0.0,0.0,1.5,0.0,0.0,8.1,4.9,21.4,2.7,6.0,0.0,17.0
2486903,8,981358,CIUDAD MOLINA BASKET,AWAY,2816300,A. Duval,A. Duval,1,20.2,1213.0,8.0,0.0,1.0,2.0,8.0,2.0,9.0,2.0,2.0,2.0,2.0,4.0,1.0,0.0,1.0,0.0,0.0,1.0,2.0,8.0,-20.0,40.5,33.3,88.9,22.2,0.0,0.8,1.0,7.6,11.3,9.1,11.1,2.5,0.0,0.0,20.6
2486903,8,981358,CIUDAD MOLINA BASKET,AWAY,1767254,G. Cadme Arias,G. Cadme Arias,0,17.4,1042.0,9.0,2.0,5.0,1.0,3.0,3.0,8.0,2.0,4.0,5.0,1.0,6.0,1.0,0.0,0.0,0.0,1.0,0.0,2.0,11.0,-2.0,46.1,43.8,37.5,50.0,0.8,1.0,2.0,22.1,6.6,15.9,17.2,0.0,0.0,0.0,23.6
2486903,8,981358,CIUDAD MOLINA BASKET,AWAY,1532799,R. Timoner Gimenez,R. Timoner Gimenez,0,19.2,1152.0,4.0,0.0,0.0,1.0,2.0,1.0,2.0,1.0,2.0,1.0,3.0,4.0,7.0,0.0,1.0,0.0,0.0,2.0,2.0,14.0,-16.0,69.4,75.0,100.0,100.0,0.0,1.5,1.0,4.0,17.9,9.6,70.0,2.7,0.0,0.0,6.3
2486903,8,981358,CIUDAD MOLINA BASKET,AWAY,2146670,P. Campeny Lloveras,P. Campeny Lloveras,0,17.0,1021.0,3.0,0.0,3.0,1.0,6.0,1.0,9.0,0.0,0.0,1.0,1.0,2.0,1.0,2.0,1.0,0.0,0.0,3.0,0.0,-6.0,-9.0,16.7,16.7,66.7,0.0,0.0,0.5,0.0,4.5,6.7,5.4,12.8,3.0,0.0,18.2,27.2
2486903,8,981358,CIUDAD MOLINA BASKET,AWAY,1514342,R. Martínez-Quintanilla Jiménez,R. Martínez-Quintanilla Jiménez,0,16.3,980.0,3.0,0.0,1.0,1.0,4.0,1.0,5.0,0.0,0.0,2.0,0.0,2.0,0.0,1.0,0.0,0.0,0.0,2.0,1.0,-1.0,-18.0,30.0,30.0,80.0,0.0,0.0,0.8,0.0,9.4,0.0,5.6,0.0,0.0,0.0,16.7,15.5
2486903,8,981358,CIUDAD MOLINA BASKET,AWAY,2816662,G. Miladinovic,G. Miladinovic,0,18.6,1118.0,7.0,3.0,8.0,0.0,2.0,3.0,10.0,1.0,3.0,0.0,2.0,2.0,0.0,1.0,0.0,1.0,1.0,1.0,4.0,3.0,-28.0,30.9,30.0,20.0,30.0,0.8,0.0,0.8,0.0,12.3,4.9,0.0,0.0,5.5,8.1,27.9
2486903,8,981358,CIUDAD MOLINA BASKET,AWAY,2557720,M. Garcia Rosello,M. Garcia Rosello,1,18.9,1136.0,13.0,2.0,6.0,3.0,9.0,5.0,15.0,0.0,0.0,1.0,4.0,5.0,2.0,0.0,0.0,0.0,0.0,4.0,2.0,8.0,4.0,43.3,43.3,60.0,0.0,0.7,1.0,0.0,4.1,24.2,12.2,33.3,0.0,0.0,0.0,33.4
2486903,8,981358,CIUDAD MOLINA BASKET,AWAY,2042118,F. Hernandez Martinez,F. Hernandez Martinez,0,25.4,1521.0,9.0,0.0,3.0,2.0,4.0,2.0,7.0,3.0,4.0,0.0,5.0,5.0,2.0,1.0,0.0,0.0,0.0,1.0,2.0,10.0,-20.0,51.4,42.9,57.1,57.1,0.0,1.5,2.0,0.0,22.5,9.1,17.9,0.0,0.0,10.2,16.2
2486903,8,981358,CIUDAD MOLINA BASKET,AWAY,2816661,M. Mukendi Mukendi,M. Mukendi Mukendi,1,10.3,618.0,1.0,0.0,3.0,0.0,0.0,0.0,3.0,1.0,2.0,2.0,0.0,2.0,0.0,0.0,0.0,0.0,0.0,2.0,1.0,-2.0,-6.0,12.9,0.0,0.0,66.7,0.0,0.0,2.0,14.9,0.0,8.9,0.0,0.0,0.0,0.0,15.8
2486903,8,981358,CIUDAD MOLINA BASKET,AWAY,1439463,C. Toledo Zamora,C. Toledo Zamora,1,18.2,1093.0,6.0,1.0,2.0,0.0,0.0,1.0,2.0,4.0,5.0,1.0,5.0,6.0,2.0,4.0,1.0,0.0,1.0,3.0,4.0,10.0,-10.0,71.4,50.0,0.0,250.0,1.0,0.0,1.2,4.2,31.4,15.2,20.0,2.8,0.0,48.8,18.9
2486903,8,981358,CIUDAD MOLINA BASKET,AWAY,2032122,J. Tavelli,J. Tavelli,1,18.4,1106.0,8.0,1.0,3.0,2.0,2.0,3.0,5.0,0.0,1.0,1.0,3.0,4.0,3.0,1.0,2.0,0.0,0.0,1.0,1.0,13.0,-15.0,73.5,80.0,40.0,20.0,0.7,3.0,1.0,4.2,18.6,10.0,37.5,5.6,0.0,15.5,14.7
2486904,8,981275,MADERAS SORLI BENICARLO,HOME,2467065,A. Ikpeze,A. Ikpeze,0,6.8,406.0,3.0,1.0,1.0,0.0,0.0,1.0,1.0,1.0,2.0,0.0,2.0,2.0,0.0,0.0,0.0,0.0,0.0,4.0,1.0,1.0,-8.0,79.8,100.0,0.0,200.0,2.0,0.0,2.0,0.0,33.6,17.6,0.0,0.0,0.0,0.0,13.1
2486904,8,981275,MADERAS SORLI BENICARLO,HOME,2279239,G. Folla-Cisneros Gimeno,G. Folla-Cisneros Gimeno,0,0.9,55.0,0.0,0.0,0.0,0.0,0.0,0.0,0.0,0.0,0.0,0.0,0.0,0.0,0.0,0.0,0.0,0.0,0.0,1.0,0.0,-1.0,-2.0,0.0,0.0,0.0,0.0,0.0,0.0,0.0,0.0,0.0,0.0,0.0,0.0,0.0,0.0,0.0
2486904,8,981275,MADERAS SORLI BENICARLO,HOME,2534405,L. Soumbey-Alley,L. Soumbey-Alley,1,31.0,1861.0,22.0,5.0,10.0,4.0,8.0,9.0,18.0,0.0,0.0,2.0,4.0,6.0,3.0,0.0,2.0,0.0,1.0,2.0,1.0,23.0,8.0,61.1,61.1,44.4,0.0,1.0,1.5,0.0,8.1,14.7,11.6,14.6,3.8,0.0,0.0,27.5
2486904,8,981275,MADERAS SORLI BENICARLO,HOME,1938475,P. Llorach Cornelles,P. Llorach Cornelles,0,1.7,101.0,0.0,0.0,0.0,0.0,0.0,0.0,0.0,0.0,0.0,0.0,0.0,0.0,0.0,0.0,0.0,0.0,0.0,0.0,0.0,0.0,-2.0,0.0,0.0,0.0,0.0,0.0,0.0,0.0,0.0,0.0,0.0,0.0,0.0,0.0,0.0,0.0
2486904,8,981275,MADERAS SORLI BENICARLO,HOME,1485040,A. Haro Val,A. Haro Val,0,17.6,1057.0,10.0,3.0,4.0,1.0,5.0,4.0,9.0,1.0,2.0,0.0,1.0,1.0,3.0,0.0,0.0,0.0,0.0,3.0,2.0,7.0,0.0,50.6,50.0,55.6,22.2,1.5,0.6,1.0,0.0,6.5,3.4,27.8,0.0,0.0,0.0,26.6
2486904,8,981275,MADERAS SORLI BENICARLO,HOME,1998365,P. Harguindey Maneiro,P. Harguindey Maneiro,0,23.4,1403.0,2.0,1.0,2.0,0.0,2.0,1.0,4.0,0.0,0.0,0.0,6.0,6.0,1.0,0.0,2.0,0.0,0.0,1.0,2.0,9.0,8.0,25.0,25.0,50.0,0.0,1.0,0.0,0.0,0.0,29.3,15.3,4.7,5.0,0.0,0.0,8.1
2486904,8,981275,MADERAS SORLI BENICARLO,HOME,2500822,M. Voronin,M. Voronin,1,27.8,1665.0,2.0,1.0,2.0,0.0,3.0,1.0,5.0,0.0,0.0,2.0,0.0,2.0,1.0,0.0,1.0,0.0,0.0,0.0,0.0,2.0,12.0,20.0,20.0,60.0,0.0,1.0,0.0,0.0,9.0,0.0,4.3,4.0,2.1,0.0,0.0,8.5
2486904,8,981275,MADERAS SORLI BENICARLO,HOME,2219986,A. Libroia,A. Libroia,1,26.9,1613.0,13.0,5.0,5.0,0.0,5.0,5.0,10.0,3.0,4.0,1.0,3.0,4.0,3.0,1.0,1.0,0.0,0.0,3.0,4.0,15.0,19.0,55.3,50.0,50.0,40.0,2.0,0.0,1.0,4.6,12.7,8.9,14.4,2.2,0.0,7.8,22.5
2486904,8,981275,MADERAS SORLI BENICARLO,HOME,2536645,R. Ukawuba,R. Ukawuba,0,13.1,784.0,0.0,0.0,1.0,0.0,1.0,0.0,2.0,0.0,0.0,0.0,0.0,0.0,0.0,0.0,1.0,0.0,0.0,0.0,1.0,0.0,9.0,0.0,0.0,50.0,0.0,0.0,0.0,0.0,0.0,0.0,0.0,0.0,4.5,0.0,0.0,7.2
2486904,8,981275,MADERAS SORLI BENICARLO,HOME,2250610,A. Sanchez Perdiguero,A. Sanchez Perdiguero,1,29.1,1743.0,21.0,7.0,12.0,1.0,1.0,8.0,13.0,4.0,7.0,5.0,2.0,7.0,4.0,1.0,2.0,0.0,0.0,3.0,6.0,28.0,19.0,65.3,65.4,7.7,53.8,1.2,3.0,1.2,21.5,7.9,14.4,22.3,4.0,0.0,5.9,27.8
2486904,8,981275,MADERAS SORLI BENICARLO,HOME,2439615,O. Ndour,O. Ndour,1,21.9,1312.0,16.0,8.0,12.0,0.0,0.0,8.0,12.0,0.0,2.0,3.0,5.0,8.0,0.0,1.0,0.0,1.0,0.0,5.0,2.0,15.0,12.0,62.1,66.7,0.0,16.7,1.3,0.0,1.0,17.1,26.1,21.8,0.0,0.0,6.5,7.2,30.0
2486904,8,981490,CLUB ESPORTIU BÀSQUET LLÍRIA,AWAY,2274877,K. Clement Aigbogun,K. Clement Aigbogun,1,19.7,1180.0,10.0,1.0,1.0,2.0,7.0,3.0,8.0,2.0,4.0,2.0,1.0,3.0,0.0,2.0,0.0,0.0,0.0,2.0,2.0,4.0,-4.0,51.2,50.0,87.5,50.0,2.0,0.9,2.0,11.6,6.3,9.1,0.0,0.0,0.0,17.0,29.7
2486904,8,981490,CLUB ESPORTIU BÀSQUET LLÍRIA,AWAY,2665346,D. Kandulu,D. Kandulu,1,14.4,864.0,9.0,3.0,3.0,0.0,0.0,3.0,3.0,3.0,3.0,2.0,2.0,4.0,0.0,1.0,0.0,0.0,0.0,3.0,3.0,12.0,1.0,104.2,100.0,0.0,100.0,2.0,0.0,1.0,15.9,17.4,16.6,0.0,0.0,0.0,18.8,18.4
2486904,8,981490,CLUB ESPORTIU BÀSQUET LLÍRIA,AWAY,1702333,E. Herrera Sauret,E. Herrera Sauret,1,15.8,945.0,5.0,1.0,2.0,1.0,5.0,2.0,7.0,0.0,0.0,0.0,1.0,1.0,3.0,1.0,0.0,0.0,0.0,1.0,0.0,2.0,5.0,35.7,35.7,71.4,0.0,1.0,0.6,0.0,0.0,7.9,3.8,34.1,0.0,0.0,12.5,25.2
2486904,8,981490,CLUB ESPORTIU BÀSQUET LLÍRIA,AWAY,1995160,D. Rivas Palmer,D. Rivas Palmer,0,20.3,1216.0,5.0,1.0,2.0,1.0,7.0,2.0,9.0,0.0,0.0,1.0,0.0,1.0,1.0,1.0,0.0,0.0,0.0,1.0,1.0,-1.0,-14.0,27.8,27.8,77.8,0.0,1.0,0.4,0.0,5.6,0.0,2.9,8.7,0.0,0.0,10.0,24.5
2486904,8,981490,CLUB ESPORTIU BÀSQUET LLÍRIA,AWAY,1882178,J. Palamos Molins,J. Palamos Molins,0,20.1,1204.0,2.0,0.0,2.0,0.0,2.0,0.0,4.0,2.0,2.0,0.0,1.0,1.0,2.0,1.0,0.0,0.0,0.0,2.0,5.0,3.0,-6.0,20.5,0.0,50.0,50.0,0.0,0.0,0.4,0.0,6.2,3.0,14.8,0.0,0.0,17.0,14.6
2486904,8,981490,CLUB ESPORTIU BÀSQUET LLÍRIA,AWAY,2281145,A. Rivas Palmer,A. Rivas Palmer,0,25.2,1511.0,3.0,0.0,2.0,1.0,3.0,1.0,5.0,0.0,0.0,1.0,5.0,6.0,0.0,0.0,1.0,1.0,1.0,1.0,1.0,7.0,-18.0,30.0,30.0,60.0,0.0,0.0,1.0,0.0,4.5,24.8,14.2,0.0,2.2,3.2,0.0,9.9
2486904,8,981490,CLUB ESPORTIU BÀSQUET LLÍRIA,AWAY,1560358,A. Meana Perez,A. Meana Perez,1,24.3,1457.0,16.0,1.0,3.0,4.0,6.0,5.0,9.0,2.0,2.0,0.0,2.0,2.0,1.0,2.0,0.0,0.0,0.0,4.0,4.0,13.0,-12.0,81.0,77.8,66.7,22.2,0.7,2.0,0.5,0.0,10.3,4.9,8.9,0.0,0.0,16.8,24.3
2486904,8,981490,CLUB ESPORTIU BÀSQUET LLÍRIA,AWAY,1257494,V. Perez Tomas,V. Perez Tomas,0,10.0,598.0,4.0,2.0,3.0,0.0,1.0,2.0,4.0,0.0,0.0,1.0,1.0,2.0,1.0,2.0,0.0,0.0,0.0,2.0,0.0,1.0,-10.0,50.0,50.0,25.0,0.0,1.3,0.0,0.0,11.4,12.5,11.9,29.4,0.0,0.0,33.3,29.9
2486904,8,981490,CLUB ESPORTIU BÀSQUET LLÍRIA,AWAY,1761293,P. Bono Soler,P. Bono Soler,0,7.9,472.0,0.0,0.0,0.0,0.0,1.0,0.0,1.0,0.0,0.0,1.0,1.0,2.0,1.0,0.0,0.0,0.0,0.0,0.0,0.0,2.0,2.0,0.0,0.0,100.0,0.0,0.0,0.0,0.0,14.5,15.8,15.1,18.5,0.0,0.0,0.0,6.3
2486904,8,981490,CLUB ESPORTIU BÀSQUET LLÍRIA,AWAY,2184821,M. Enabulele Ogunsuyi,M. Enabulele Ogunsuyi,0,23.9,1437.0,12.0,5.0,5.0,0.0,0.0,5.0,5.0,2.0,8.0,3.0,2.0,5.0,0.0,1.0,0.0,0.0,0.0,2.0,6.0,14.0,-10.0,70.4,100.0,0.0,160.0,2.0,0.0,1.3,14.3,10.5,12.5,0.0,0.0,0.0,10.5,19.8
2486904,8,981490,CLUB ESPORTIU BÀSQUET LLÍRIA,AWAY,2222436,S. Gallego Mogro,S. Gallego Mogro,1,18.6,1116.0,8.0,4.0,5.0,0.0,1.0,4.0,6.0,0.0,0.0,1.0,3.0,4.0,2.0,0.0,0.0,0.0,0.0,1.0,0.0,11.0,-9.0,66.7,66.7,16.7,0.0,1.6,0.0,0.0,6.1,20.2,12.8,21.1,0.0,0.0,0.0,16.1
2486905,9,981514,SPANISH BASKETBALL ACADEMY,HOME,2643320,T. Trifonov,T. Trifonov,0,1.0,62.0,0.0,0.0,0.0,0.0,0.0,0.0,0.0,0.0,0.0,0.0,0.0,0.0,1.0,0.0,0.0,0.0,0.0,0.0,0.0,1.0,-1.0,0.0,0.0,0.0,0.0,0.0,0.0,0.0,0.0,0.0,0.0,0.0,0.0,0.0,0.0,0.0
2486905,9,981514,SPANISH BASKETBALL ACADEMY,HOME,2436640,J. Puidet,J. Puidet,1,38.1,2285.0,3.0,1.0,2.0,0.0,5.0,1.0,7.0,1.0,2.0,2.0,11.0,13.0,2.0,3.0,0.0,0.0,0.0,3.0,3.0,8.0,9.0,19.0,14.3,71.4,28.6,1.0,0.0,0.7,6.4,27.1,18.1,7.4,0.0,0.0,27.6,13.1
2486905,9,981514,SPANISH BASKETBALL ACADEMY,HOME,2312124,S. Traore,S. Traore,1,22.9,1372.0,2.0,1.0,1.0,0.0,0.0,1.0,1.0,0.0,0.0,1.0,3.0,4.0,1.0,0.0,1.0,2.0,0.0,2.0,0.0,8.0,-5.0,100.0,100.0,0.0,0.0,2.0,0.0,0.0,5.3,12.3,9.2,6.1,2.3,9.4,0.0,2.0
2486905,9,981514,SPANISH BASKETBALL ACADEMY,HOME,1990032,M. Echeverria Fernandez,M. Echeverria Fernandez,0,7.6,455.0,4.0,2.0,3.0,0.0,0.0,2.0,3.0,0.0,0.0,2.0,0.0,2.0,0.0,0.0,0.0,0.0,0.0,0.0,0.0,5.0,2.0,66.7,66.7,0.0,0.0,1.3,0.0,0.0,32.0,0.0,13.9,0.0,0.0,0.0,0.0,18.0
2486905,9,981514,SPANISH BASKETBALL ACADEMY,HOME,2846994,K. Curfman,K. Curfman,1,32.1,1925.0,22.0,2.0,3.0,5.0,10.0,7.0,13.0,3.0,4.0,0.0,1.0,1.0,2.0,2.0,1.0,0.0,0.0,1.0,3.0,19.0,10.0,74.5,73.1,76.9,30.8,1.3,1.5,1.3,0.0,2.9,1.6,11.4,1.7,0.0,11.9,23.9
2486905,9,981514,SPANISH BASKETBALL ACADEMY,HOME,2065452,J. Santano Bartolome,J. Santano Bartolome,0,25.4,1521.0,2.0,1.0,5.0,0.0,1.0,1.0,6.0,0.0,3.0,2.0,5.0,7.0,1.0,1.0,0.0,0.0,0.0,4.0,1.0,-2.0,2.0,13.7,16.7,16.7,50.0,0.4,0.0,3.0,9.6,18.5,14.6,5.0,0.0,0.0,12.0,15.0
2486905,9,981514,SPANISH BASKETBALL ACADEMY,HOME,1374966,A. Moreno Trujillo,A. Moreno Trujillo,0,11.8,707.0,3.0,0.0,2.0,1.0,4.0,1.0,6.0,0.0,0.0,0.0,1.0,1.0,0.0,1.0,0.0,0.0,0.0,5.0,1.0,-6.0,-13.0,25.0,25.0,66.7,0.0,0.0,0.8,0.0,0.0,7.9,4.5,0.0,0.0,0.0,14.3,27.1
2486905,9,981514,SPANISH BASKETBALL ACADEMY,HOME,2816737,D. Simeunovic,D. Simeunovic,1,35.7,2141.0,34.0,13.0,18.0,0.0,2.0,13.0,20.0,8.0,10.0,4.0,5.0,9.0,3.0,4.0,0.0,1.0,1.0,4.0,10.0,40.0,8.0,69.7,65.0,10.0,50.0,1.4,0.0,1.0,13.6,13.1,13.3,20.0,0.0,3.0,14.1,36.4
2486905,9,981514,SPANISH BASKETBALL ACADEMY,HOME,2752020,E. Medina Roa,E. Medina Roa,0,12.1,723.0,2.0,1.0,2.0,0.0,0.0,1.0,2.0,0.0,0.0,0.0,0.0,0.0,2.0,2.0,0.0,0.0,0.0,2.0,1.0,0.0,-5.0,50.0,50.0,0.0,0.0,1.0,0.0,0.0,0.0,0.0,0.0,21.1,0.0,0.0,50.0,15.1
2486905,9,981514,SPANISH BASKETBALL ACADEMY,HOME,1825944,R. Garcia Salame,R. Garcia Salame,1,38.5,2309.0,23.0,6.0,10.0,2.0,6.0,8.0,16.0,5.0,7.0,1.0,4.0,5.0,6.0,0.0,0.0,0.0,1.0,3.0,9.0,30.0,8.0,60.3,56.2,37.5,43.8,1.2,1.0,0.8,3.2,9.7,6.9,25.5,0.0,0.0,0.0,22.7
2486905,9,981490,CLUB ESPORTIU BÀSQUET LLÍRIA,AWAY,2274877,K. Clement Aigbogun,K. Clement Aigbogun,1,26.4,1587.0,6.0,3.0,7.0,0.0,2.0,3.0,9.0,0.0,0.0,0.0,2.0,2.0,0.0,0.0,1.0,0.0,1.0,3.0,2.0,2.0,10.0,33.3,33.3,22.2,0.0,0.9,0.0,0.0,0.0,9.2,4.0,0.0,2.0,0.0,0.0,15.0
2486905,9,981490,CLUB ESPORTIU BÀSQUET LLÍRIA,AWAY,2665346,D. Kandulu,D. Kandulu,1,20.2,1214.0,5.0,2.0,7.0,0.0,0.0,2.0,7.0,1.0,2.0,4.0,3.0,7.0,0.0,1.0,1.0,0.0,0.0,3.0,4.0,7.0,-5.0,31.7,28.6,0.0,28.6,0.6,0.0,0.5,18.6,18.1,18.3,0.0,2.6,0.0,11.3,19.3
2486905,9,981490,CLUB ESPORTIU BÀSQUET LLÍRIA,AWAY,1702333,E. Herrera Sauret,E. Herrera Sauret,1,24.0,1441.0,15.0,1.0,2.0,4.0,8.0,5.0,10.0,1.0,2.0,2.0,3.0,5.0,1.0,1.0,1.0,0.0,0.0,4.0,2.0,13.0,12.0,68.9,70.0,80.0,20.0,1.0,1.5,1.0,7.8,15.2,11.0,10.0,2.2,0.0,8.4,21.8
2486905,9,981490,CLUB ESPORTIU BÀSQUET LLÍRIA,AWAY,1995160,D. Rivas Palmer,D. Rivas Palmer,0,23.6,1415.0,6.0,1.0,4.0,1.0,6.0,2.0,10.0,1.0,2.0,2.0,1.0,3.0,1.0,1.0,0.0,1.0,0.0,2.0,1.0,0.0,-15.0,27.6,25.0,60.0,20.0,0.5,0.5,2.0,7.9,5.2,6.7,7.7,0.0,4.1,8.4,22.1
2486905,9,981490,CLUB ESPORTIU BÀSQUET LLÍRIA,AWAY,1882178,J. Palamos Molins,J. Palamos Molins,0,18.8,1125.0,10.0,2.0,6.0,2.0,3.0,4.0,9.0,0.0,0.0,0.0,1.0,1.0,2.0,1.0,0.0,0.0,0.0,3.0,1.0,5.0,-6.0,55.6,55.6,33.3,0.0,0.7,2.0,0.0,0.0,6.5,2.8,25.0,0.0,0.0,10.0,23.4
2486905,9,981490,CLUB ESPORTIU BÀSQUET LLÍRIA,AWAY,2281145,A. Rivas Palmer,A. Rivas Palmer,0,18.4,1105.0,6.0,0.0,1.0,2.0,7.0,2.0,8.0,0.0,0.0,0.0,4.0,4.0,1.0,1.0,1.0,0.0,0.0,4.0,1.0,2.0,-9.0,37.5,37.5,87.5,0.0,0.0,0.9,0.0,0.0,26.4,11.5,10.0,2.8,0.0,11.1,21.5
2486905,9,981490,CLUB ESPORTIU BÀSQUET LLÍRIA,AWAY,1560358,A. Meana Perez,A. Meana Perez,1,31.0,1861.0,40.0,3.0,8.0,7.0,11.0,10.0,19.0,13.0,13.0,2.0,3.0,5.0,6.0,3.0,0.0,0.0,0.0,3.0,8.0,44.0,5.0,80.9,71.1,57.9,68.4,0.8,1.9,1.6,6.0,11.8,8.5,54.5,0.0,0.0,10.8,39.3
2486905,9,981490,CLUB ESPORTIU BÀSQUET LLÍRIA,AWAY,1257494,V. Perez Tomas,V. Perez Tomas,0,14.9,894.0,2.0,1.0,3.0,0.0,4.0,1.0,7.0,0.0,0.0,1.0,2.0,3.0,1.0,0.0,0.0,0.0,1.0,1.0,1.0,0.0,-14.0,14.3,14.3,57.1,0.0,0.7,0.0,0.0,6.3,16.3,10.7,12.5,0.0,0.0,0.0,20.7
2486905,9,981490,CLUB ESPORTIU BÀSQUET LLÍRIA,AWAY,2184821,M. Enabulele Ogunsuyi,M. Enabulele Ogunsuyi,0,24.8,1486.0,2.0,1.0,2.0,0.0,0.0,1.0,2.0,0.0,0.0,4.0,1.0,5.0,0.0,1.0,1.0,0.0,0.0,2.0,3.0,7.0,2.0,50.0,50.0,0.0,0.0,1.0,0.0,0.0,15.1,4.9,10.7,0.0,2.1,0.0,33.3,5.3
2486905,9,981490,CLUB ESPORTIU BÀSQUET LLÍRIA,AWAY,2222436,S. Gallego Mogro,S. Gallego Mogro,1,22.9,1372.0,0.0,0.0,2.0,0.0,2.0,0.0,4.0,0.0,0.0,3.0,5.0,8.0,1.0,0.0,0.0,1.0,1.0,3.0,1.0,4.0,5.0,0.0,0.0,50.0,0.0,0.0,0.0,0.0,12.3,26.6,18.5,6.7,0.0,4.3,0.0,7.7
2486906,9,981358,CIUDAD MOLINA BASKET,HOME,2816300,A. Duval,A. Duval,0,13.2,795.0,13.0,2.0,4.0,3.0,5.0,5.0,9.0,0.0,0.0,1.0,0.0,1.0,0.0,1.0,2.0,0.0,0.0,1.0,1.0,11.0,11.0,72.2,72.2,55.6,0.0,1.0,1.8,0.0,8.9,0.0,4.3,0.0,7.7,0.0,10.0,34.6
2486906,9,981358,CIUDAD MOLINA BASKET,HOME,1532799,R. Timoner Gimenez,R. Timoner Gimenez,0,28.2,1692.0,22.0,1.0,3.0,4.0,9.0,5.0,12.0,8.0,9.0,0.0,3.0,3.0,2.0,1.0,0.0,0.0,1.0,2.0,6.0,22.0,3.0,68.9,58.3,75.0,75.0,0.7,1.3,1.5,0.0,11.5,6.0,11.5,0.0,0.0,5.9,27.5
2486906,9,981358,CIUDAD MOLINA BASKET,HOME,1895175,A. López Martinez,A. López Martinez,0,1.1,65.0,0.0,0.0,0.0,0.0,0.0,0.0,0.0,0.0,0.0,0.0,0.0,0.0,0.0,0.0,1.0,0.0,0.0,0.0,0.0,1.0,3.0,0.0,0.0,0.0,0.0,0.0,0.0,0.0,0.0,0.0,0.0,0.0,46.0,0.0,0.0,0.0
2486906,9,981358,CIUDAD MOLINA BASKET,HOME,2146670,P. Campeny Lloveras,P. Campeny Lloveras,0,16.2,972.0,2.0,1.0,2.0,0.0,1.0,1.0,3.0,0.0,0.0,1.0,4.0,5.0,2.0,0.0,0.0,0.0,0.0,0.0,0.0,7.0,13.0,33.3,33.3,33.3,0.0,1.0,0.0,0.0,7.3,26.7,17.4,16.9,0.0,0.0,0.0,8.5
2486906,9,981358,CIUDAD MOLINA BASKET,HOME,1514342,R. Martínez-Quintanilla Jiménez,R. Martínez-Quintanilla Jiménez,0,9.7,584.0,9.0,0.0,2.0,3.0,5.0,3.0,7.0,0.0,0.0,0.0,0.0,0.0,0.0,0.0,0.0,0.0,0.0,4.0,1.0,2.0,0.0,64.3,64.3,71.4,0.0,0.0,1.8,0.0,0.0,0.0,0.0,0.0,0.0,0.0,0.0,33.0
2486906,9,981358,CIUDAD MOLINA BASKET,HOME,2133764,P. Parra Gomez,P. Parra Gomez,0,0.6,38.0,0.0,0.0,0.0,0.0,0.0,0.0,0.0,0.0,0.0,0.0,0.0,0.0,0.0,0.0,0.0,0.0,0.0,0.0,0.0,0.0,1.0,0.0,0.0,0.0,0.0,0.0,0.0,0.0,0.0,0.0,0.0,0.0,0.0,0.0,0.0,0.0
2486906,9,981358,CIUDAD MOLINA BASKET,HOME,2816662,G. Miladinovic,G. Miladinovic,1,23.0,1380.0,14.0,6.0,11.0,0.0,1.0,6.0,12.0,2.0,2.0,2.0,9.0,11.0,1.0,2.0,1.0,1.0,0.0,5.0,3.0,18.0,10.0,54.3,50.0,8.3,16.7,1.1,0.0,0.7,10.2,42.3,26.9,7.6,2.2,4.1,13.4,29.6
2486906,9,981358,CIUDAD MOLINA BASKET,HOME,2557720,M. Garcia Rosello,M. Garcia Rosello,1,25.1,1507.0,12.0,3.0,3.0,2.0,3.0,5.0,6.0,0.0,0.0,1.0,5.0,6.0,3.0,0.0,1.0,0.0,0.0,1.0,1.0,21.0,16.0,100.0,100.0,50.0,0.0,2.0,2.0,0.0,4.7,21.5,13.5,21.1,2.0,0.0,0.0,10.9
2486906,9,981358,CIUDAD MOLINA BASKET,HOME,2042118,F. Hernandez Martinez,F. Hernandez Martinez,1,23.6,1418.0,1.0,0.0,1.0,0.0,3.0,0.0,4.0,1.0,2.0,1.0,0.0,1.0,1.0,3.0,0.0,0.0,0.0,1.0,3.0,-3.0,-4.0,10.2,0.0,75.0,50.0,0.0,0.0,0.7,5.0,0.0,2.4,5.2,0.0,0.0,38.1,15.3
2486906,9,981358,CIUDAD MOLINA BASKET,HOME,2816661,M. Mukendi Mukendi,M. Mukendi Mukendi,0,17.0,1021.0,10.0,4.0,6.0,0.0,0.0,4.0,6.0,2.0,2.0,1.0,0.0,1.0,1.0,1.0,1.0,2.0,0.0,2.0,2.0,12.0,-2.0,72.7,66.7,0.0,33.3,1.3,0.0,1.0,6.9,0.0,3.3,11.4,3.0,11.2,12.7,21.2
2486906,9,981358,CIUDAD MOLINA BASKET,HOME,1439463,C. Toledo Zamora,C. Toledo Zamora,1,27.1,1625.0,3.0,1.0,8.0,0.0,2.0,1.0,10.0,1.0,2.0,2.0,3.0,5.0,3.0,1.0,0.0,0.0,0.0,2.0,2.0,0.0,8.0,13.8,10.0,20.0,20.0,0.2,0.0,1.0,8.7,12.0,10.4,14.0,0.0,0.0,8.4,20.0
2486906,9,981358,CIUDAD MOLINA BASKET,HOME,2032122,J. Tavelli,J. Tavelli,1,15.1,903.0,6.0,0.0,0.0,2.0,2.0,2.0,2.0,0.0,0.0,0.0,3.0,3.0,1.0,0.0,0.0,1.0,0.0,4.0,2.0,9.0,6.0,150.0,150.0,100.0,0.0,0.0,3.0,0.0,0.0,21.5,11.2,9.3,0.0,6.3,0.0,6.1
2486906,9,981275,MADERAS SORLI BENICARLO,AWAY,2467065,A. Ikpeze,A. Ikpeze,0,4.8,285.0,0.0,0.0,3.0,0.0,0.0,0.0,3.0,0.0,0.0,0.0,0.0,0.0,0.0,1.0,0.0,0.0,1.0,3.0,0.0,-7.0,-12.0,0.0,0.0,0.0,0.0,0.0,0.0,0.0,0.0,0.0,0.0,0.0,0.0,0.0,25.0,37.4
2486906,9,981275,MADERAS SORLI BENICARLO,AWAY,2279239,G. Folla-Cisneros Gimeno,G. Folla-Cisneros Gimeno,0,2.0,121.0,0.0,0.0,0.0,0.0,0.0,0.0,0.0,0.0,0.0,0.0,0.0,0.0,0.0,0.0,0.0,0.0,0.0,1.0,1.0,0.0,-8.0,0.0,0.0,0.0,0.0,0.0,0.0,0.0,0.0,0.0,0.0,0.0,0.0,0.0,0.0,0.0
2486906,9,981275,MADERAS SORLI BENICARLO,AWAY,2534405,L. Soumbey-Alley,L. Soumbey-Alley,1,25.6,1533.0,9.0,1.0,8.0,2.0,5.0,3.0,13.0,1.0,2.0,0.0,0.0,0.0,2.0,2.0,2.0,0.0,0.0,2.0,2.0,0.0,-18.0,32.4,30.8,38.5,15.4,0.2,1.2,1.0,0.0,0.0,0.0,14.5,4.0,0.0,12.6,27.8
2486906,9,981275,MADERAS SORLI BENICARLO,AWAY,1485040,A. Haro Val,A. Haro Val,1,24.9,1497.0,10.0,3.0,5.0,0.0,3.0,3.0,8.0,4.0,6.0,1.0,3.0,4.0,0.0,0.0,1.0,0.0,1.0,1.0,6.0,13.0,-8.0,47.0,37.5,37.5,75.0,1.2,0.0,1.0,4.3,14.2,9.1,0.0,2.0,0.0,0.0,19.2
2486906,9,981275,MADERAS SORLI BENICARLO,AWAY,1998365,P. Harguindey Maneiro,P. Harguindey Maneiro,0,14.0,841.0,3.0,0.0,0.0,1.0,2.0,1.0,2.0,0.0,2.0,0.0,1.0,1.0,1.0,1.0,0.0,0.0,0.0,3.0,1.0,-1.0,-5.0,52.1,75.0,100.0,100.0,0.0,1.5,2.0,0.0,8.4,4.0,13.5,0.0,0.0,25.8,12.4
2486906,9,981275,MADERAS SORLI BENICARLO,AWAY,2500822,M. Voronin,M. Voronin,0,23.1,1384.0,7.0,2.0,3.0,1.0,3.0,3.0,6.0,0.0,1.0,2.0,2.0,4.0,1.0,2.0,1.0,0.0,0.0,0.0,0.0,7.0,0.0,54.3,58.3,50.0,16.7,1.3,1.0,0.0,9.4,10.2,9.8,7.2,2.2,0.0,23.7,16.4
2486906,9,981275,MADERAS SORLI BENICARLO,AWAY,1659850,A. Prior Ruiz,A. Prior Ruiz,0,19.9,1193.0,13.0,1.0,2.0,3.0,4.0,4.0,6.0,2.0,2.0,1.0,2.0,3.0,0.0,0.0,0.0,1.0,0.0,2.0,2.0,15.0,-10.0,94.5,91.7,66.7,33.3,1.0,2.2,1.0,5.4,11.8,8.5,0.0,0.0,5.0,0.0,15.5
2486906,9,981275,MADERAS SORLI BENICARLO,AWAY,2219986,A. Libroia,A. Libroia,0,14.8,889.0,6.0,0.0,4.0,2.0,3.0,2.0,7.0,0.0,0.0,0.0,2.0,2.0,1.0,0.0,0.0,0.0,1.0,1.0,1.0,4.0,2.0,42.9,42.9,42.9,0.0,0.0,2.0,0.0,0.0,15.9,7.6,10.9,0.0,0.0,0.0,21.2
2486906,9,981275,MADERAS SORLI BENICARLO,AWAY,2536645,R. Ukawuba,R. Ukawuba,1,15.8,947.0,2.0,0.0,2.0,0.0,3.0,0.0,5.0,2.0,2.0,0.0,2.0,2.0,1.0,2.0,0.0,0.0,0.0,1.0,2.0,-1.0,-2.0,17.0,0.0,60.0,40.0,0.0,0.0,1.0,0.0,14.9,7.1,8.9,0.0,0.0,25.4,22.4
2486906,9,981275,MADERAS SORLI BENICARLO,AWAY,2250610,A. Sanchez Perdiguero,A. Sanchez Perdiguero,1,24.6,1473.0,10.0,3.0,4.0,0.0,1.0,3.0,5.0,4.0,7.0,3.0,7.0,10.0,0.0,2.0,1.0,0.0,1.0,2.0,5.0,17.0,-9.0,61.9,60.0,20.0,140.0,1.5,0.0,1.4,13.2,33.5,22.9,0.0,2.1,0.0,19.8,18.4
2486906,9,981275,MADERAS SORLI BENICARLO,AWAY,2439615,O. Ndour,O. Ndour,1,30.6,1837.0,19.0,9.0,11.0,0.0,0.0,9.0,11.0,1.0,1.0,3.0,6.0,9.0,3.0,3.0,0.0,0.0,0.0,5.0,2.0,23.0,5.0,83.0,81.8,0.0,9.1,1.6,0.0,0.5,10.6,23.1,16.6,22.4,0.0,0.0,20.8,21.2
2486907,9,981347,PROINBENI UPB GANDIA,HOME,1824880,G. Perez Ramirez,G. Perez Ramirez,1,33.4,2003.0,14.0,1.0,2.0,4.0,8.0,5.0,10.0,0.0,0.0,2.0,3.0,5.0,2.0,2.0,1.0,0.0,0.0,2.0,0.0,13.0,0.0,70.0,70.0,80.0,0.0,1.0,1.5,0.0,7.5,12.6,9.9,13.7,1.4,0.0,16.7,15.1
2486907,9,981347,PROINBENI UPB GANDIA,HOME,1837816,C. Hurtado Cervantes,C. Hurtado Cervantes,0,10.5,629.0,9.0,3.0,3.0,0.0,1.0,3.0,4.0,3.0,3.0,0.0,0.0,0.0,1.0,1.0,0.0,0.0,0.0,0.0,4.0,12.0,-3.0,84.6,75.0,25.0,75.0,2.0,0.0,0.8,0.0,0.0,0.0,38.5,0.0,0.0,15.8,25.4
2486907,9,981347,PROINBENI UPB GANDIA,HOME,2736564,K. Greeley,K. Greeley,1,36.4,2186.0,36.0,5.0,6.0,4.0,8.0,9.0,14.0,14.0,15.0,3.0,5.0,8.0,3.0,2.0,2.0,1.0,0.0,2.0,11.0,51.0,3.0,87.4,78.6,57.1,107.1,1.7,1.5,1.4,10.3,19.3,14.5,22.4,2.6,2.9,8.8,26.2
2486907,9,981347,PROINBENI UPB GANDIA,HOME,2378347,J. Molina Martinez,J. Molina Martinez,0,20.9,1251.0,7.0,2.0,3.0,1.0,4.0,3.0,7.0,0.0,0.0,1.0,2.0,3.0,0.0,1.0,1.0,1.0,0.0,3.0,3.0,7.0,-14.0,50.0,50.0,57.1,0.0,1.3,0.8,0.0,6.0,13.5,9.5,0.0,2.3,5.0,12.5,16.1
2486907,9,981347,PROINBENI UPB GANDIA,HOME,1673764,L. Ferrando Ortells,L. Ferrando Ortells,1,33.8,2028.0,11.0,2.0,7.0,2.0,3.0,4.0,10.0,1.0,2.0,3.0,3.0,6.0,7.0,4.0,3.0,0.0,0.0,5.0,1.0,12.0,3.0,50.6,50.0,30.0,20.0,0.6,2.0,2.0,11.1,12.5,11.7,38.0,4.2,0.0,26.9,18.5
2486907,9,981347,PROINBENI UPB GANDIA,HOME,2711878,D. Ilincic,D. Ilincic,1,13.2,792.0,6.0,1.0,2.0,1.0,2.0,2.0,4.0,1.0,4.0,0.0,0.0,0.0,0.0,2.0,0.0,1.0,0.0,2.0,2.0,0.0,-4.0,52.1,62.5,50.0,100.0,1.0,1.5,2.0,0.0,0.0,0.0,0.0,0.0,7.9,25.8,24.8
2486907,9,981347,PROINBENI UPB GANDIA,HOME,1996333,M. Montilla Diaz,M. Montilla Diaz,1,14.6,877.0,0.0,0.0,1.0,0.0,0.0,0.0,1.0,0.0,0.0,0.0,1.0,1.0,0.0,2.0,0.0,1.0,0.0,2.0,0.0,-3.0,-2.0,0.0,0.0,0.0,0.0,0.0,0.0,0.0,0.0,9.6,4.5,0.0,0.0,7.2,66.7,8.7
2486907,9,981347,PROINBENI UPB GANDIA,HOME,1827011,J. Soler Cirujeda,J. Soler Cirujeda,0,21.1,1269.0,5.0,1.0,6.0,0.0,4.0,1.0,10.0,3.0,4.0,2.0,5.0,7.0,2.0,3.0,3.0,1.0,0.0,4.0,3.0,4.0,8.0,21.3,10.0,40.0,40.0,0.3,0.0,1.3,11.8,33.3,22.0,15.4,6.8,5.0,20.3,29.5
2486907,9,981347,PROINBENI UPB GANDIA,HOME,1851026,A. Bellver Valiente,A. Bellver Valiente,0,8.6,514.0,0.0,0.0,1.0,0.0,0.0,0.0,1.0,0.0,0.0,1.0,2.0,3.0,1.0,1.0,1.0,0.0,0.0,2.0,1.0,2.0,-7.0,0.0,0.0,0.0,0.0,0.0,0.0,0.0,14.5,32.7,23.1,17.9,5.6,0.0,50.0,9.8
2486907,9,981347,PROINBENI UPB GANDIA,HOME,2335802,J. Bitjaa Kody,J. Bitjaa Kody,0,32.5,1951.0,11.0,0.0,4.0,1.0,4.0,1.0,8.0,8.0,8.0,2.0,7.0,9.0,4.0,4.0,0.0,1.0,2.0,2.0,5.0,17.0,-4.0,47.7,18.8,50.0,100.0,0.0,0.8,1.6,7.7,30.3,18.3,21.5,0.0,3.2,25.8,20.1
2486907,9,979897,BUENO ARENAS ALBACETE BASKET,AWAY,2772828,F. Andrade Amiel,F. Andrade Amiel,1,19.8,1185.0,9.0,2.0,2.0,1.0,4.0,3.0,6.0,2.0,2.0,0.0,1.0,1.0,2.0,3.0,1.0,0.0,0.0,5.0,1.0,3.0,6.0,65.4,58.3,66.7,33.3,2.0,0.8,2.0,0.0,6.3,3.3,18.2,2.4,0.0,30.4,22.9
2486907,9,979897,BUENO ARENAS ALBACETE BASKET,AWAY,1371559,V. Aguilar Hernandez,V. Aguilar Hernandez,0,24.5,1469.0,10.0,0.0,0.0,2.0,6.0,2.0,6.0,4.0,5.0,1.0,4.0,5.0,5.0,4.0,1.0,0.0,0.0,5.0,4.0,11.0,11.0,61.0,50.0,100.0,83.3,0.0,1.0,1.2,5.7,20.4,13.5,32.3,2.0,0.0,32.8,22.8
2486907,9,979897,BUENO ARENAS ALBACETE BASKET,AWAY,2813013,N. Reid,N. Reid,1,39.9,2395.0,23.0,3.0,6.0,2.0,3.0,5.0,9.0,11.0,12.0,0.0,3.0,3.0,2.0,2.0,3.0,0.0,1.0,1.0,5.0,28.0,4.0,80.5,66.7,33.3,133.3,1.0,2.0,2.4,0.0,9.4,5.0,7.5,3.6,0.0,12.3,18.7
2486907,9,979897,BUENO ARENAS ALBACETE BASKET,AWAY,1947396,V. Muñoz Quiñones,V. Muñoz Quiñones,0,20.7,1242.0,10.0,5.0,8.0,0.0,0.0,5.0,8.0,0.0,0.0,0.0,3.0,3.0,1.0,2.0,2.0,1.0,2.0,3.0,0.0,9.0,11.0,62.5,62.5,0.0,0.0,1.2,0.0,0.0,0.0,18.1,9.6,8.0,4.7,6.2,20.0,22.2
2486907,9,979897,BUENO ARENAS ALBACETE BASKET,AWAY,2432962,S. Merlo,S. Merlo,1,32.9,1971.0,12.0,4.0,5.0,1.0,3.0,5.0,8.0,1.0,2.0,0.0,2.0,2.0,8.0,5.0,4.0,0.0,1.0,3.0,4.0,18.0,-5.0,67.6,68.8,37.5,25.0,1.6,1.0,0.5,0.0,7.6,4.0,41.0,5.9,0.0,36.0,19.4
2486907,9,979897,BUENO ARENAS ALBACETE BASKET,AWAY,1603635,J. Gonzalez Albadalejo,J. Gonzalez Albadalejo,0,19.5,1171.0,7.0,3.0,5.0,0.0,4.0,3.0,9.0,1.0,1.0,0.0,0.0,0.0,3.0,2.0,1.0,0.0,1.0,5.0,2.0,0.0,-11.0,37.1,33.3,44.4,11.1,1.2,0.0,0.5,0.0,0.0,0.0,27.3,2.5,0.0,17.5,26.9
2486907,9,979897,BUENO ARENAS ALBACETE BASKET,AWAY,2364931,A. Perez Conti,A. Perez Conti,1,5.3,317.0,0.0,0.0,0.0,0.0,0.0,0.0,0.0,0.0,0.0,0.0,1.0,1.0,1.0,0.0,0.0,0.0,0.0,2.0,0.0,0.0,-1.0,0.0,0.0,0.0,0.0,0.0,0.0,0.0,0.0,23.6,12.5,28.6,0.0,0.0,0.0,0.0
2486907,9,979897,BUENO ARENAS ALBACETE BASKET,AWAY,2817541,O. Bramble,O. Bramble,0,24.5,1472.0,7.0,3.0,6.0,0.0,1.0,3.0,7.0,1.0,2.0,1.0,4.0,5.0,1.0,0.0,0.0,0.0,0.0,1.0,1.0,8.0,4.0,44.4,42.9,14.3,28.6,1.0,0.0,2.0,5.7,20.4,13.5,6.9,0.0,0.0,0.0,14.8
2486907,9,979897,BUENO ARENAS ALBACETE BASKET,AWAY,1981843,B. Vanaclocha Sanchez,B. Vanaclocha Sanchez,1,28.1,1683.0,20.0,8.0,11.0,0.0,0.0,8.0,11.0,4.0,6.0,2.0,1.0,3.0,0.0,0.0,2.0,1.0,1.0,3.0,4.0,22.0,-3.0,73.3,72.7,0.0,54.5,1.5,0.0,1.5,10.0,4.4,7.1,0.0,3.4,4.6,0.0,22.3
2486907,9,979897,BUENO ARENAS ALBACETE BASKET,AWAY,2432412,J. Hierrezuelo Serer,J. Hierrezuelo Serer,0,9.9,595.0,5.0,0.0,0.0,1.0,2.0,1.0,2.0,2.0,2.0,0.0,3.0,3.0,1.0,0.0,0.0,0.0,0.0,2.0,1.0,7.0,4.0,86.8,75.0,100.0,100.0,0.0,1.5,2.0,0.0,37.9,20.1,16.7,0.0,0.0,0.0,13.3
2486908,9,981491,C.B. GETAFE,HOME,1223461,J. Tejera Tejo,J. Tejera Tejo,0,16.6,996.0,7.0,2.0,3.0,1.0,1.0,3.0,4.0,0.0,0.0,0.0,2.0,2.0,0.0,2.0,0.0,0.0,0.0,0.0,1.0,7.0,-16.0,87.5,87.5,25.0,0.0,1.3,3.0,0.0,0.0,13.4,7.1,0.0,0.0,0.0,33.3,16.8
2486908,9,981491,C.B. GETAFE,HOME,2816388,M. Abdulsalam,M. Abdulsalam,1,28.3,1700.0,13.0,5.0,7.0,0.0,0.0,5.0,7.0,3.0,6.0,4.0,7.0,11.0,0.0,2.0,1.0,0.0,0.0,3.0,5.0,20.0,-3.0,67.4,71.4,0.0,85.7,1.4,0.0,1.2,17.7,27.5,22.9,0.0,1.7,0.0,17.2,19.1
2486908,9,981491,C.B. GETAFE,HOME,1789964,E. Ortiz Torres,E. Ortiz Torres,0,9.6,578.0,4.0,2.0,3.0,0.0,1.0,2.0,4.0,0.0,0.0,0.0,0.0,0.0,0.0,1.0,1.0,0.0,0.0,4.0,0.0,-2.0,-3.0,50.0,50.0,25.0,0.0,1.3,0.0,0.0,0.0,0.0,0.0,0.0,5.1,0.0,20.0,24.2
2486908,9,981491,C.B. GETAFE,HOME,2816390,A. Akinwole,A. Akinwole,1,27.9,1674.0,20.0,3.0,5.0,2.0,3.0,5.0,8.0,8.0,9.0,0.0,2.0,2.0,2.0,0.0,2.0,0.0,1.0,2.0,6.0,26.0,-4.0,83.6,75.0,37.5,112.5,1.2,2.0,1.5,0.0,8.0,4.2,14.4,3.5,0.0,0.0,19.9
2486908,9,981491,C.B. GETAFE,HOME,2815898,C. Henderson,C. Henderson,1,22.1,1325.0,6.0,1.0,3.0,1.0,4.0,2.0,7.0,1.0,2.0,0.0,5.0,5.0,1.0,0.0,0.0,1.0,0.0,1.0,3.0,9.0,5.0,38.1,35.7,57.1,28.6,0.7,0.8,0.7,0.0,25.1,13.3,7.0,0.0,4.3,0.0,16.6
2486908,9,981491,C.B. GETAFE,HOME,1328788,M. Alvarez Puertas,M. Alvarez Puertas,0,13.2,791.0,0.0,0.0,1.0,0.0,0.0,0.0,1.0,0.0,0.0,0.0,1.0,1.0,0.0,2.0,0.0,0.0,1.0,3.0,0.0,-5.0,-12.0,0.0,0.0,0.0,0.0,0.0,0.0,0.0,0.0,8.4,4.5,0.0,0.0,0.0,66.7,10.6
2486908,9,981491,C.B. GETAFE,HOME,1674978,G. Mulero Maldonado,G. Mulero Maldonado,1,26.5,1589.0,11.0,3.0,10.0,1.0,1.0,4.0,11.0,2.0,2.0,2.0,2.0,4.0,3.0,4.0,1.0,0.0,0.0,3.0,2.0,7.0,8.0,46.3,40.9,9.1,18.2,0.6,3.0,1.0,9.4,8.4,8.9,20.1,1.9,0.0,25.2,27.8
2486908,9,981491,C.B. GETAFE,HOME,1582089,J. Parra Baez,J. Parra Baez,0,22.9,1376.0,0.0,0.0,2.0,0.0,3.0,0.0,5.0,0.0,0.0,0.0,0.0,0.0,0.0,1.0,0.0,0.0,0.0,1.0,0.0,-7.0,-18.0,0.0,0.0,60.0,0.0,0.0,0.0,0.0,0.0,0.0,0.0,0.0,0.0,0.0,16.7,12.2
2486908,9,981491,C.B. GETAFE,HOME,2816389,J. Nve Maleva,J. Nve Maleva,0,6.8,410.0,3.0,1.0,4.0,0.0,0.0,1.0,4.0,1.0,2.0,1.0,2.0,3.0,1.0,0.0,0.0,0.0,0.0,3.0,1.0,1.0,0.0,30.7,25.0,0.0,50.0,0.5,0.0,2.0,18.4,32.7,26.0,22.7,0.0,0.0,0.0,33.3
2486908,9,981491,C.B. GETAFE,HOME,1876223,A. Montero Isla,A. Montero Isla,1,26.0,1561.0,10.0,5.0,9.0,0.0,3.0,5.0,12.0,0.0,2.0,0.0,0.0,0.0,4.0,1.0,0.0,0.0,1.0,0.0,1.0,5.0,-7.0,38.8,41.7,25.0,16.7,1.1,0.0,2.0,0.0,0.0,0.0,28.8,0.0,0.0,7.2,24.8
2486908,9,981216,CLASS BASQUET SANT ANTONI,AWAY,2534687,G. Gantt,G. Gantt,1,12.9,772.0,0.0,0.0,1.0,0.0,4.0,0.0,5.0,0.0,0.0,1.0,1.0,2.0,1.0,1.0,0.0,0.0,0.0,3.0,0.0,-6.0,5.0,0.0,0.0,80.0,0.0,0.0,0.0,0.0,8.6,9.7,9.1,10.4,0.0,0.0,16.7,19.4
2486908,9,981216,CLASS BASQUET SANT ANTONI,AWAY,1394852,G. Blat Baeza,G. Blat Baeza,0,22.0,1322.0,23.0,4.0,6.0,5.0,8.0,9.0,14.0,0.0,2.0,0.0,2.0,2.0,2.0,2.0,4.0,0.0,0.0,0.0,2.0,24.0,10.0,77.3,82.1,57.1,14.3,1.3,1.9,1.0,0.0,11.4,5.3,19.6,9.2,0.0,11.8,32.0
2486908,9,981216,CLASS BASQUET SANT ANTONI,AWAY,2815818,K. Johnson,K. Johnson,0,19.7,1180.0,9.0,3.0,6.0,1.0,3.0,4.0,9.0,0.0,2.0,1.0,0.0,1.0,4.0,1.0,1.0,0.0,0.0,1.0,2.0,8.0,4.0,45.5,50.0,33.3,22.2,1.0,1.0,1.0,5.6,0.0,3.0,33.3,2.6,0.0,9.2,23.0
2486908,9,981216,CLASS BASQUET SANT ANTONI,AWAY,1528610,J. Rodriguez Jimenez,J. Rodriguez Jimenez,1,16.5,989.0,2.0,1.0,1.0,0.0,3.0,1.0,4.0,0.0,0.0,0.0,2.0,2.0,0.0,1.0,0.0,0.0,0.0,2.0,2.0,0.0,7.0,25.0,25.0,75.0,0.0,2.0,0.0,0.0,0.0,15.2,7.1,0.0,0.0,0.0,20.0,12.6
2486908,9,981216,CLASS BASQUET SANT ANTONI,AWAY,2363916,D. De La Rua De Agustin,D. De La Rua De Agustin,1,25.4,1526.0,10.0,1.0,6.0,1.0,4.0,2.0,10.0,5.0,6.0,0.0,4.0,4.0,6.0,2.0,1.0,0.0,0.0,2.0,5.0,13.0,0.0,39.6,25.0,40.0,60.0,0.3,0.8,1.2,0.0,19.7,9.3,34.9,2.0,0.0,13.7,24.0
2486908,9,981216,CLASS BASQUET SANT ANTONI,AWAY,1397157,R. Gomez Barral,R. Gomez Barral,1,19.4,1163.0,14.0,4.0,6.0,2.0,3.0,6.0,9.0,0.0,0.0,4.0,4.0,8.0,1.0,0.0,0.0,1.0,1.0,3.0,0.0,18.0,10.0,77.8,77.8,33.3,0.0,1.3,2.0,0.0,22.9,25.8,24.3,10.0,0.0,4.4,0.0,19.3
2486908,9,981216,CLASS BASQUET SANT ANTONI,AWAY,2462416,E. Stoilov,E. Stoilov,0,20.5,1232.0,10.0,3.0,3.0,0.0,0.0,3.0,3.0,4.0,4.0,2.0,4.0,6.0,0.0,2.0,0.0,1.0,0.0,4.0,4.0,15.0,22.0,105.0,100.0,0.0,133.3,2.0,0.0,1.0,10.8,24.4,17.2,0.0,0.0,4.2,29.6,13.7
2486908,9,981216,CLASS BASQUET SANT ANTONI,AWAY,1834527,S. Paz Vazquez,S. Paz Vazquez,0,21.1,1269.0,10.0,2.0,5.0,2.0,5.0,4.0,10.0,0.0,0.0,2.0,3.0,5.0,1.0,2.0,1.0,0.0,0.0,0.0,2.0,11.0,-4.0,50.0,50.0,50.0,0.0,0.8,1.2,0.0,10.5,17.8,13.9,8.3,2.4,0.0,16.7,23.7
2486908,9,981216,CLASS BASQUET SANT ANTONI,AWAY,2128433,N. Zizic,N. Zizic,1,25.4,1521.0,6.0,3.0,8.0,0.0,0.0,3.0,8.0,0.0,2.0,5.0,0.0,5.0,1.0,5.0,0.0,0.0,0.0,2.0,2.0,0.0,-5.0,33.8,37.5,0.0,25.0,0.8,0.0,1.0,21.9,0.0,11.6,6.2,0.0,0.0,36.0,22.8
2486908,9,981216,CLASS BASQUET SANT ANTONI,AWAY,1878691,I. Ruiz Gonzalez,I. Ruiz Gonzalez,0,17.1,1026.0,0.0,0.0,0.0,0.0,1.0,0.0,1.0,0.0,0.0,0.0,5.0,5.0,1.0,0.0,0.0,1.0,0.0,2.0,1.0,5.0,1.0,0.0,0.0,100.0,0.0,0.0,0.0,0.0,0.0,36.5,17.2,7.8,0.0,5.0,0.0,2.4
2486909,9,979996,AMICS CASTELLÓ,HOME,2149001,R. Fabrega Urpina,R. Fabrega Urpina,0,18.3,1098.0,11.0,4.0,8.0,0.0,2.0,4.0,10.0,3.0,3.0,0.0,3.0,3.0,3.0,0.0,0.0,1.0,0.0,2.0,3.0,13.0,4.0,48.6,40.0,20.0,30.0,1.0,0.0,1.0,0.0,14.6,8.3,25.0,0.0,5.2,0.0,29.5
2486909,9,979996,AMICS CASTELLÓ,HOME,273780,J. Faner Catala,J. Faner Catala,1,22.0,1322.0,20.0,1.0,2.0,6.0,10.0,7.0,12.0,0.0,0.0,0.0,2.0,2.0,3.0,2.0,3.0,0.0,0.0,2.0,2.0,21.0,21.0,83.3,83.3,83.3,0.0,1.0,1.8,0.0,0.0,8.1,4.6,24.6,6.9,0.0,14.3,30.4
2486909,9,979996,AMICS CASTELLÓ,HOME,2818901,O. Russell,O. Russell,0,18.6,1116.0,12.0,1.0,1.0,2.0,5.0,3.0,6.0,4.0,4.0,1.0,3.0,4.0,2.0,0.0,0.0,0.0,0.0,2.0,4.0,17.0,11.0,77.3,66.7,83.3,66.7,2.0,1.2,1.0,6.3,14.3,10.9,15.4,0.0,0.0,0.0,19.9
2486909,9,979996,AMICS CASTELLÓ,HOME,2816147,D. Bah,D. Bah,0,24.1,1448.0,19.0,5.0,8.0,0.0,0.0,5.0,8.0,9.0,10.0,3.0,6.0,9.0,1.0,2.0,0.0,0.0,1.0,3.0,6.0,26.0,11.0,76.6,62.5,0.0,125.0,1.2,0.0,1.7,14.6,22.1,18.9,7.0,0.0,0.0,13.9,28.5
2486909,9,979996,AMICS CASTELLÓ,HOME,1817496,P. Garcia Carrero,P. Garcia Carrero,0,26.2,1570.0,4.0,2.0,3.0,0.0,2.0,2.0,5.0,0.0,0.0,2.0,5.0,7.0,2.0,2.0,2.0,0.0,0.0,0.0,1.0,11.0,11.0,40.0,40.0,40.0,0.0,1.3,0.0,0.0,9.0,17.0,13.5,9.8,3.9,0.0,28.6,12.8
2486909,9,979996,AMICS CASTELLÓ,HOME,2816738,K. Newton,K. Newton,1,21.5,1292.0,16.0,3.0,4.0,3.0,8.0,6.0,12.0,1.0,1.0,0.0,1.0,1.0,1.0,0.0,1.0,0.0,0.0,3.0,1.0,11.0,11.0,64.3,62.5,66.7,8.3,1.5,1.1,1.0,0.0,4.1,2.4,10.0,2.4,0.0,0.0,27.6
2486909,9,979996,AMICS CASTELLÓ,HOME,2743181,K.  Baoko,K.  Baoko,1,15.2,915.0,3.0,1.0,4.0,0.0,0.0,1.0,4.0,1.0,2.0,0.0,1.0,1.0,0.0,1.0,0.0,0.0,2.0,5.0,1.0,-5.0,12.0,30.7,25.0,0.0,50.0,0.5,0.0,2.0,0.0,5.8,3.3,0.0,0.0,0.0,17.0,18.5
2486909,9,979996,AMICS CASTELLÓ,HOME,1840859,V. Rodriguez Gil,V. Rodriguez Gil,0,10.5,628.0,0.0,0.0,0.0,0.0,0.0,0.0,0.0,0.0,0.0,0.0,1.0,1.0,2.0,1.0,0.0,0.0,0.0,2.0,0.0,0.0,9.0,0.0,0.0,0.0,0.0,0.0,0.0,0.0,0.0,8.5,4.8,20.8,0.0,0.0,100.0,4.5
2486909,9,979996,AMICS CASTELLÓ,HOME,2641325,M. Andreatta,M. Andreatta,1,26.9,1613.0,8.0,1.0,2.0,2.0,5.0,3.0,7.0,0.0,0.0,0.0,4.0,4.0,5.0,0.0,0.0,1.0,0.0,3.0,0.0,11.0,13.0,57.1,57.1,71.4,0.0,1.0,1.2,0.0,0.0,13.2,7.5,25.8,0.0,3.5,0.0,12.4
2486909,9,979996,AMICS CASTELLÓ,HOME,1627889,A. Tamayo Lesmes,A. Tamayo Lesmes,1,16.6,998.0,3.0,0.0,0.0,1.0,2.0,1.0,2.0,0.0,0.0,1.0,3.0,4.0,2.0,1.0,1.0,0.0,0.0,1.0,0.0,7.0,7.0,75.0,75.0,100.0,0.0,0.0,1.5,0.0,7.1,16.1,12.2,16.9,3.1,0.0,33.3,8.6
2486909,9,981281,LOBE HUESCA LA MAGIA,AWAY,2151562,O. Thiam Pedrera,O. Thiam Pedrera,1,17.0,1020.0,2.0,1.0,2.0,0.0,1.0,1.0,3.0,0.0,0.0,3.0,0.0,3.0,2.0,3.0,0.0,0.0,0.0,2.0,0.0,0.0,-11.0,33.3,33.3,33.3,0.0,1.0,0.0,0.0,15.7,0.0,8.9,22.2,0.0,0.0,50.0,14.9
2486909,9,981281,LOBE HUESCA LA MAGIA,AWAY,2273469,O. Bieshaar,O. Bieshaar,0,21.3,1279.0,10.0,1.0,1.0,1.0,4.0,2.0,5.0,5.0,6.0,1.0,3.0,4.0,2.0,0.0,0.0,1.0,0.0,2.0,3.0,14.0,-3.0,65.4,50.0,80.0,120.0,2.0,0.8,2.0,4.2,16.6,9.5,19.0,0.0,5.9,0.0,15.1
2486909,9,981281,LOBE HUESCA LA MAGIA,AWAY,1756469,H. Figueroa Álvarez,H. Figueroa Álvarez,1,18.2,1093.0,5.0,0.0,0.0,1.0,4.0,1.0,4.0,2.0,2.0,0.0,3.0,3.0,2.0,0.0,0.0,0.0,0.0,2.0,4.0,9.0,-24.0,51.2,37.5,100.0,50.0,0.0,0.8,0.5,0.0,19.4,8.3,17.4,0.0,0.0,0.0,11.3
2486909,9,981281,LOBE HUESCA LA MAGIA,AWAY,1759956,I. Corraliza Coba,I. Corraliza Coba,1,19.9,1195.0,6.0,0.0,3.0,1.0,2.0,1.0,5.0,3.0,6.0,2.0,2.0,4.0,0.0,7.0,1.0,0.0,1.0,1.0,3.0,-1.0,-20.0,39.3,30.0,40.0,120.0,0.0,1.5,2.0,8.9,11.8,10.2,0.0,2.6,0.0,47.8,31.0
2486909,9,981281,LOBE HUESCA LA MAGIA,AWAY,2815923,M. Carreira Kreps,M. Carreira Kreps,0,20.8,1247.0,6.0,3.0,6.0,0.0,2.0,3.0,8.0,0.0,0.0,4.0,2.0,6.0,1.0,0.0,0.0,1.0,0.0,2.0,0.0,7.0,-8.0,37.5,37.5,25.0,0.0,1.0,0.0,0.0,17.1,11.3,14.6,10.5,0.0,6.0,0.0,16.2
2486909,9,981281,LOBE HUESCA LA MAGIA,AWAY,2823388,J. Fritz,J. Fritz,1,21.1,1263.0,8.0,4.0,8.0,0.0,1.0,4.0,9.0,0.0,1.0,3.0,4.0,7.0,5.0,1.0,0.0,1.0,0.0,2.0,1.0,13.0,-16.0,42.4,44.4,11.1,11.1,1.0,0.0,1.0,12.6,22.3,16.8,58.8,0.0,5.9,9.6,20.8
2486909,9,981281,LOBE HUESCA LA MAGIA,AWAY,2815543,A. Badmus,A. Badmus,1,25.0,1501.0,12.0,3.0,7.0,0.0,0.0,3.0,7.0,6.0,9.0,2.0,6.0,8.0,1.0,2.0,1.0,0.0,0.0,1.0,7.0,19.0,-22.0,54.7,42.9,0.0,128.6,0.9,0.0,1.3,7.1,28.2,16.2,8.3,2.1,0.0,15.4,21.8
2486909,9,981281,LOBE HUESCA LA MAGIA,AWAY,1761508,P. Lopez-Sanvicente Reta,P. Lopez-Sanvicente Reta,0,15.9,955.0,5.0,1.0,4.0,1.0,1.0,2.0,5.0,0.0,0.0,1.0,3.0,4.0,0.0,1.0,0.0,0.0,0.0,1.0,1.0,5.0,-3.0,50.0,50.0,20.0,0.0,0.5,3.0,0.0,5.6,22.2,12.7,0.0,0.0,0.0,16.7,15.9
2486909,9,981281,LOBE HUESCA LA MAGIA,AWAY,2116811,G. Rodriguez Soler,G. Rodriguez Soler,0,20.1,1205.0,9.0,3.0,7.0,1.0,3.0,4.0,10.0,0.0,0.0,0.0,1.0,1.0,4.0,0.0,2.0,0.0,1.0,2.0,2.0,10.0,-2.0,45.0,45.0,30.0,0.0,0.9,1.0,0.0,0.0,5.9,2.5,47.1,5.2,0.0,0.0,20.9
2486909,9,981281,LOBE HUESCA LA MAGIA,AWAY,2054954,G. Vazquez Vallejo,G. Vazquez Vallejo,0,20.7,1242.0,11.0,2.0,4.0,2.0,8.0,4.0,12.0,1.0,1.0,0.0,3.0,3.0,1.0,2.0,1.0,0.0,0.0,3.0,2.0,5.0,-1.0,44.2,41.7,66.7,8.3,1.0,0.8,0.5,0.0,17.1,7.3,11.8,2.5,0.0,13.9,29.4
2486910,9,981294,C.B. ZARAGOZA,HOME,1802050,D. Muñoz Samatan,D. Muñoz Samatan,0,14.7,880.0,3.0,1.0,3.0,0.0,0.0,1.0,3.0,1.0,2.0,3.0,0.0,3.0,3.0,0.0,0.0,0.0,1.0,1.0,2.0,7.0,5.0,38.7,33.3,0.0,66.7,0.7,0.0,1.0,22.1,0.0,11.0,21.7,0.0,0.0,0.0,11.5
2486910,9,981294,C.B. ZARAGOZA,HOME,1798932,D. Arjol Lopez,D. Arjol Lopez,0,22.5,1351.0,5.0,2.0,5.0,0.0,1.0,2.0,6.0,1.0,2.0,0.0,6.0,6.0,6.0,1.0,0.0,0.0,1.0,1.0,2.0,12.0,1.0,36.3,33.3,16.7,33.3,0.8,0.0,1.0,0.0,28.8,14.4,29.7,0.0,0.0,12.7,15.3
2486910,9,981294,C.B. ZARAGOZA,HOME,1250976,O. Alvarado Rodriguez,O. Alvarado Rodriguez,1,20.8,1249.0,6.0,0.0,0.0,2.0,3.0,2.0,3.0,0.0,0.0,0.0,3.0,3.0,8.0,0.0,0.0,0.0,0.0,2.0,4.0,18.0,28.0,100.0,100.0,100.0,0.0,0.0,2.0,0.0,0.0,15.6,7.8,48.5,0.0,0.0,0.0,6.3
2486910,9,981294,C.B. ZARAGOZA,HOME,2816551,G. Georgiou,G. Georgiou,0,8.3,497.0,2.0,1.0,3.0,0.0,0.0,1.0,3.0,0.0,0.0,0.0,2.0,2.0,0.0,0.0,0.0,0.0,1.0,1.0,1.0,2.0,3.0,33.3,33.3,0.0,0.0,0.7,0.0,0.0,0.0,26.1,13.0,0.0,0.0,0.0,0.0,15.8
2486910,9,981294,C.B. ZARAGOZA,HOME,361567,E. Gatell Sanz,E. Gatell Sanz,1,25.3,1520.0,15.0,7.0,9.0,0.0,0.0,7.0,9.0,1.0,1.0,3.0,5.0,8.0,1.0,0.0,2.0,0.0,0.0,1.0,2.0,25.0,25.0,79.4,77.8,0.0,11.1,1.6,0.0,0.5,12.8,21.4,17.1,6.6,4.0,0.0,0.0,16.3
2486910,9,981294,C.B. ZARAGOZA,HOME,1861515,P. Aso Jimenez,P. Aso Jimenez,1,19.4,1163.0,6.0,0.0,0.0,2.0,2.0,2.0,2.0,0.0,2.0,1.0,2.0,3.0,1.0,0.0,1.0,0.0,0.0,1.0,2.0,10.0,13.0,104.2,150.0,100.0,100.0,0.0,3.0,1.0,5.6,11.1,8.4,6.1,2.6,0.0,0.0,6.5
2486910,9,981294,C.B. ZARAGOZA,HOME,1446949,J. Jiménez Jiménez,J. Jiménez Jiménez,1,26.4,1586.0,7.0,3.0,5.0,0.0,9.0,3.0,14.0,1.0,2.0,1.0,2.0,3.0,2.0,2.0,3.0,0.0,1.0,3.0,1.0,-1.0,31.0,23.5,21.4,64.3,14.3,1.2,0.0,2.0,4.1,8.2,6.1,8.7,5.7,0.0,11.8,27.9
2486910,9,981294,C.B. ZARAGOZA,HOME,2815312,J. Zhao Olmos,J. Zhao Olmos,1,23.5,1408.0,29.0,2.0,3.0,5.0,8.0,7.0,11.0,10.0,11.0,1.0,3.0,4.0,2.0,1.0,0.0,0.0,0.0,2.0,7.0,34.0,22.0,91.5,86.4,72.7,100.0,1.3,1.9,1.6,4.6,13.8,9.2,13.2,0.0,0.0,5.9,31.3
2486910,9,981294,C.B. ZARAGOZA,HOME,1556128,G. Colom Barrufet,G. Colom Barrufet,0,17.2,1033.0,14.0,4.0,7.0,2.0,7.0,6.0,14.0,0.0,0.0,0.0,2.0,2.0,1.0,1.0,1.0,0.0,0.0,2.0,0.0,7.0,6.0,50.0,50.0,50.0,0.0,1.1,0.9,0.0,0.0,12.6,6.3,11.4,2.9,0.0,6.7,38.0
2486910,9,981294,C.B. ZARAGOZA,HOME,1910411,A. Aragones Navais,A. Aragones Navais,0,21.9,1313.0,13.0,5.0,8.0,1.0,4.0,6.0,12.0,0.0,2.0,1.0,1.0,2.0,2.0,0.0,4.0,0.0,1.0,2.0,2.0,13.0,16.0,50.5,54.2,33.3,16.7,1.2,0.8,1.0,4.9,4.9,4.9,16.0,9.2,0.0,0.0,25.7
2486910,9,981428,HOMS U.E.MATARÓ,AWAY,2162105,F. Garrido Teban,F. Garrido Teban,1,26.3,1576.0,15.0,5.0,7.0,1.0,4.0,6.0,11.0,2.0,3.0,4.0,1.0,5.0,1.0,0.0,0.0,0.0,0.0,2.0,2.0,15.0,-21.0,60.9,59.1,36.4,27.3,1.4,0.8,1.5,16.4,4.1,10.3,8.7,0.0,0.0,0.0,20.7
2486910,9,981428,HOMS U.E.MATARÓ,AWAY,1914611,J. Boix Colet,J. Boix Colet,1,21.1,1269.0,2.0,0.0,2.0,0.0,2.0,0.0,4.0,2.0,4.0,2.0,3.0,5.0,2.0,4.0,2.0,0.0,0.0,3.0,3.0,1.0,-12.0,17.4,0.0,50.0,100.0,0.0,0.0,1.3,10.2,15.4,12.8,16.0,4.6,0.0,41.0,20.4
2486910,9,981428,HOMS U.E.MATARÓ,AWAY,1073368,A. Ventura Pedreño,A. Ventura Pedreño,0,19.9,1197.0,0.0,0.0,2.0,0.0,4.0,0.0,6.0,0.0,0.0,0.0,1.0,1.0,2.0,1.0,0.0,0.0,0.0,0.0,1.0,-3.0,-25.0,0.0,0.0,66.7,0.0,0.0,0.0,0.0,0.0,5.4,2.7,16.0,0.0,0.0,14.3,15.6
2486910,9,981428,HOMS U.E.MATARÓ,AWAY,1591966,J. Castillo Carrasco,J. Castillo Carrasco,0,10.2,612.0,3.0,0.0,1.0,1.0,2.0,1.0,3.0,0.0,0.0,0.0,1.0,1.0,1.0,0.0,0.0,0.0,0.0,1.0,1.0,3.0,-3.0,50.0,50.0,66.7,0.0,0.0,1.5,0.0,0.0,10.6,5.3,15.4,0.0,0.0,0.0,13.0
2486910,9,981428,HOMS U.E.MATARÓ,AWAY,1568569,J. Juanola Madera,J. Juanola Madera,1,30.0,1801.0,22.0,2.0,3.0,4.0,9.0,6.0,12.0,6.0,8.0,1.0,3.0,4.0,4.0,4.0,0.0,0.0,0.0,3.0,6.0,21.0,-18.0,70.9,66.7,75.0,66.7,1.3,1.3,1.3,3.6,10.8,7.2,28.6,0.0,0.0,20.5,28.8
2486910,9,981428,HOMS U.E.MATARÓ,AWAY,1927150,N. Ferrer Iglesia,N. Ferrer Iglesia,1,3.6,219.0,0.0,0.0,0.0,0.0,0.0,0.0,0.0,0.0,0.0,0.0,0.0,0.0,0.0,0.0,0.0,0.0,0.0,2.0,0.0,-2.0,-2.0,0.0,0.0,0.0,0.0,0.0,0.0,0.0,0.0,0.0,0.0,0.0,0.0,0.0,0.0,0.0
2486910,9,981428,HOMS U.E.MATARÓ,AWAY,2319991,S. Niang Beye,S. Niang Beye,0,16.7,1004.0,7.0,2.0,3.0,1.0,5.0,3.0,8.0,0.0,0.0,2.0,3.0,5.0,1.0,0.0,0.0,0.0,0.0,1.0,0.0,7.0,-13.0,43.8,43.8,62.5,0.0,1.3,0.6,0.0,12.9,19.4,16.2,14.3,0.0,0.0,0.0,21.2
2486910,9,981428,HOMS U.E.MATARÓ,AWAY,1942837,G. Martinez Rivera,G. Martinez Rivera,0,20.4,1221.0,7.0,2.0,6.0,1.0,3.0,3.0,9.0,0.0,0.0,1.0,3.0,4.0,3.0,2.0,2.0,0.0,0.0,1.0,1.0,8.0,-20.0,38.9,38.9,33.3,0.0,0.7,1.0,0.0,5.3,15.9,10.6,31.6,4.8,0.0,18.2,23.8
2486910,9,981428,HOMS U.E.MATARÓ,AWAY,2813635,E. Kalu,E. Kalu,1,21.9,1316.0,4.0,2.0,3.0,0.0,0.0,2.0,3.0,0.0,0.0,1.0,9.0,10.0,0.0,1.0,0.0,3.0,0.0,5.0,1.0,11.0,-9.0,66.7,66.7,0.0,0.0,1.3,0.0,0.0,4.9,44.4,24.7,0.0,0.0,12.7,25.0,8.1
2486910,9,981428,HOMS U.E.MATARÓ,AWAY,1920919,E. Coll Comabella,E. Coll Comabella,0,14.7,881.0,8.0,3.0,3.0,0.0,2.0,3.0,5.0,2.0,2.0,0.0,0.0,0.0,2.0,3.0,0.0,0.0,0.0,1.0,1.0,5.0,-10.0,68.0,60.0,40.0,40.0,2.0,0.0,2.0,0.0,0.0,0.0,28.6,0.0,0.0,33.8,26.7
2486910,9,981428,HOMS U.E.MATARÓ,AWAY,2834418,D. Acosta Almonte,D. Acosta Almonte,0,15.1,904.0,2.0,1.0,4.0,0.0,0.0,1.0,4.0,0.0,0.0,0.0,3.0,3.0,0.0,3.0,0.0,2.0,0.0,4.0,0.0,-3.0,-17.0,25.0,25.0,0.0,0.0,0.5,0.0,0.0,0.0,21.5,10.7,0.0,0.0,12.3,42.9,20.5
2486911,9,981207,OCA GLOBAL C.B. SALOU,HOME,2451495,D. Knowles,D. Knowles,0,26.4,1583.0,4.0,2.0,3.0,0.0,0.0,2.0,3.0,0.0,0.0,1.0,2.0,3.0,1.0,4.0,1.0,0.0,1.0,1.0,1.0,4.0,-21.0,66.7,66.7,0.0,0.0,1.3,0.0,0.0,5.1,9.8,7.5,7.1,2.1,0.0,57.1,12.4
2486911,9,981207,OCA GLOBAL C.B. SALOU,HOME,1938487,A. Llorca Castillo,A. Llorca Castillo,1,34.2,2053.0,17.0,1.0,2.0,3.0,6.0,4.0,8.0,6.0,6.0,4.0,6.0,10.0,3.0,4.0,1.0,0.0,0.0,3.0,9.0,29.0,-6.0,79.9,68.8,75.0,75.0,1.0,1.5,0.7,15.6,22.6,19.2,18.0,1.6,0.0,27.3,20.0
2486911,9,981207,OCA GLOBAL C.B. SALOU,HOME,2715040,B. Traore,B. Traore,1,12.2,729.0,5.0,0.0,1.0,1.0,1.0,1.0,2.0,2.0,2.0,1.0,2.0,3.0,1.0,4.0,0.0,0.0,1.0,0.0,2.0,6.0,-22.0,86.8,75.0,50.0,100.0,0.0,3.0,1.0,10.9,21.2,16.1,16.9,0.0,0.0,58.1,26.3
2486911,9,981207,OCA GLOBAL C.B. SALOU,HOME,1271466,D. Cuellar Garcia,D. Cuellar Garcia,1,22.9,1377.0,2.0,0.0,0.0,0.0,4.0,0.0,4.0,2.0,2.0,1.0,1.0,2.0,1.0,0.0,0.0,0.0,0.0,1.0,1.0,1.0,-17.0,20.5,0.0,100.0,50.0,0.0,0.0,2.0,5.8,5.6,5.7,7.2,0.0,0.0,0.0,9.9
2486911,9,981207,OCA GLOBAL C.B. SALOU,HOME,2242531,E. Moure Colombo,E. Moure Colombo,0,2.5,149.0,0.0,0.0,1.0,0.0,0.0,0.0,1.0,0.0,0.0,0.0,0.0,0.0,0.0,0.0,0.0,0.0,0.0,0.0,0.0,-1.0,-10.0,0.0,0.0,0.0,0.0,0.0,0.0,0.0,0.0,0.0,0.0,0.0,0.0,0.0,0.0,18.6
2486911,9,981207,OCA GLOBAL C.B. SALOU,HOME,1967605,E. Sims Serra,E. Sims Serra,0,4.5,268.0,3.0,0.0,0.0,1.0,1.0,1.0,1.0,0.0,0.0,0.0,0.0,0.0,0.0,2.0,0.0,0.0,0.0,0.0,0.0,1.0,-7.0,150.0,150.0,100.0,0.0,0.0,3.0,0.0,0.0,0.0,0.0,0.0,0.0,0.0,66.7,31.1
2486911,9,981207,OCA GLOBAL C.B. SALOU,HOME,2827753,O. Okenchi,O. Okenchi,1,13.6,817.0,7.0,3.0,3.0,0.0,0.0,3.0,3.0,1.0,3.0,2.0,3.0,5.0,0.0,2.0,0.0,0.0,0.0,5.0,5.0,8.0,3.0,81.0,100.0,0.0,100.0,2.0,0.0,0.6,19.6,28.5,24.1,0.0,0.0,0.0,31.6,21.7
2486911,9,981207,OCA GLOBAL C.B. SALOU,HOME,2825543,D. Jackson,D. Jackson,0,30.9,1851.0,17.0,8.0,13.0,0.0,3.0,8.0,16.0,1.0,3.0,0.0,5.0,5.0,3.0,3.0,1.0,0.0,0.0,4.0,3.0,12.0,-8.0,49.1,50.0,18.8,18.8,1.2,0.0,1.0,0.0,20.9,10.6,28.8,1.8,0.0,14.8,30.7
2486911,9,981207,OCA GLOBAL C.B. SALOU,HOME,1610350,E. Martinez Pretel,E. Martinez Pretel,0,22.5,1349.0,6.0,0.0,2.0,2.0,3.0,2.0,5.0,0.0,0.0,3.0,1.0,4.0,3.0,2.0,0.0,0.0,0.0,4.0,1.0,5.0,-6.0,60.0,60.0,60.0,0.0,0.0,2.0,0.0,17.8,5.7,11.7,25.4,0.0,0.0,28.6,14.5
2486911,9,981207,OCA GLOBAL C.B. SALOU,HOME,2534398,J. Sánchez,J. Sánchez,1,15.0,902.0,3.0,0.0,3.0,1.0,3.0,1.0,6.0,0.0,0.0,0.0,0.0,0.0,1.0,1.0,0.0,0.0,2.0,3.0,1.0,-4.0,-2.0,25.0,25.0,50.0,0.0,0.0,1.0,0.0,0.0,0.0,0.0,12.2,0.0,0.0,14.3,21.8
2486911,9,981207,OCA GLOBAL C.B. SALOU,HOME,1438515,A. Morales Ros,A. Morales Ros,0,15.4,922.0,4.0,0.0,0.0,1.0,5.0,1.0,5.0,1.0,4.0,1.0,3.0,4.0,1.0,1.0,0.0,0.0,0.0,3.0,2.0,0.0,6.0,29.6,30.0,100.0,80.0,0.0,0.6,2.0,8.7,25.1,17.0,12.2,0.0,0.0,12.9,23.5
2486911,9,981305,SOL GIRONÈS BISBAL BÀSQUET,AWAY,2851798,F. Adebayo,F. Adebayo,1,15.1,906.0,7.0,1.0,2.0,1.0,2.0,2.0,4.0,2.0,4.0,1.0,3.0,4.0,3.0,1.0,1.0,1.0,0.0,5.0,2.0,8.0,31.0,60.8,62.5,50.0,100.0,1.0,1.5,2.0,8.5,26.5,17.4,27.8,3.6,9.5,14.8,22.1
2486911,9,981305,SOL GIRONÈS BISBAL BÀSQUET,AWAY,1964254,P. Sala Vallmajo,P. Sala Vallmajo,0,17.3,1039.0,3.0,0.0,0.0,1.0,3.0,1.0,3.0,0.0,0.0,0.0,1.0,1.0,0.0,1.0,3.0,0.0,0.0,1.0,1.0,4.0,-1.0,50.0,50.0,100.0,0.0,0.0,1.0,0.0,0.0,7.7,3.8,0.0,9.5,0.0,25.0,11.4
2486911,9,981305,SOL GIRONÈS BISBAL BÀSQUET,AWAY,2814887,P. Renane,P. Renane,1,16.0,962.0,4.0,0.0,2.0,1.0,2.0,1.0,4.0,1.0,2.0,0.0,0.0,0.0,0.0,0.0,0.0,0.0,0.0,2.0,1.0,-1.0,5.0,41.0,37.5,50.0,50.0,0.0,1.5,2.0,0.0,0.0,0.0,0.0,0.0,0.0,0.0,15.0
2486911,9,981305,SOL GIRONÈS BISBAL BÀSQUET,AWAY,1227597,I. Valera Corominas,I. Valera Corominas,0,21.8,1306.0,8.0,2.0,3.0,1.0,2.0,3.0,5.0,1.0,2.0,0.0,3.0,3.0,2.0,2.0,2.0,0.0,0.0,2.0,1.0,9.0,15.0,68.0,70.0,40.0,40.0,1.3,1.5,2.0,0.0,18.3,9.0,15.4,5.0,0.0,25.4,17.8
2486911,9,981305,SOL GIRONÈS BISBAL BÀSQUET,AWAY,1829525,M. Mikhailov Paltarak,M. Mikhailov Paltarak,1,23.7,1422.0,21.0,9.0,10.0,0.0,0.0,9.0,10.0,3.0,5.0,3.0,4.0,7.0,1.0,4.0,2.0,1.0,0.0,4.0,5.0,26.0,-7.0,86.1,90.0,0.0,50.0,1.8,0.0,1.0,16.3,22.5,19.4,9.8,4.6,6.0,24.7,33.7
2486911,9,981305,SOL GIRONÈS BISBAL BÀSQUET,AWAY,2815520,N. Okeke,N. Okeke,0,20.5,1228.0,10.0,3.0,6.0,1.0,4.0,4.0,10.0,1.0,4.0,3.0,2.0,5.0,2.0,0.0,1.0,0.0,0.0,2.0,3.0,10.0,-5.0,42.5,45.0,40.0,40.0,1.0,0.8,1.3,18.9,13.0,16.0,16.7,2.7,0.0,0.0,28.3
2486911,9,981305,SOL GIRONÈS BISBAL BÀSQUET,AWAY,1400270,B. Alvarez Torres,B. Alvarez Torres,1,35.4,2126.0,16.0,2.0,5.0,4.0,7.0,6.0,12.0,0.0,2.0,0.0,1.0,1.0,8.0,1.0,1.0,0.0,0.0,1.0,4.0,20.0,15.0,62.1,66.7,58.3,16.7,0.8,1.7,0.5,0.0,3.8,1.9,35.1,1.6,0.0,7.2,19.3
2486911,9,981305,SOL GIRONÈS BISBAL BÀSQUET,AWAY,2814874,J. Golson,J. Golson,0,5.3,316.0,2.0,0.0,0.0,0.0,1.0,0.0,1.0,2.0,2.0,0.0,0.0,0.0,0.0,0.0,0.0,0.0,0.0,1.0,1.0,1.0,-5.0,53.2,0.0,100.0,200.0,0.0,0.0,2.0,0.0,0.0,0.0,0.0,0.0,0.0,0.0,17.5
2486911,9,981305,SOL GIRONÈS BISBAL BÀSQUET,AWAY,2815176,S. Kane,S. Kane,0,18.5,1110.0,4.0,2.0,4.0,0.0,0.0,2.0,4.0,0.0,2.0,1.0,2.0,3.0,2.0,1.0,0.0,2.0,0.0,3.0,1.0,4.0,23.0,41.0,50.0,0.0,50.0,1.0,0.0,2.0,7.0,14.4,10.6,14.3,0.0,15.4,17.0,15.7
2486911,9,981305,SOL GIRONÈS BISBAL BÀSQUET,AWAY,1198592,X. Torrent Bayé,X. Torrent Bayé,1,26.4,1585.0,11.0,1.0,1.0,3.0,6.0,4.0,7.0,0.0,0.0,0.0,1.0,1.0,5.0,1.0,4.0,0.0,0.0,4.0,4.0,17.0,19.0,78.6,78.6,85.7,0.0,2.0,1.5,0.0,0.0,5.1,2.5,27.2,8.3,0.0,12.5,14.9
2486912,10,981305,SOL GIRONÈS BISBAL BÀSQUET,HOME,1446313,J. Carrasco Martin,J. Carrasco Martin,0,4.0,243.0,0.0,0.0,0.0,0.0,1.0,0.0,1.0,0.0,0.0,0.0,0.0,0.0,0.0,1.0,0.0,0.0,0.0,0.0,1.0,-1.0,-6.0,0.0,0.0,100.0,0.0,0.0,0.0,0.0,0.0,0.0,0.0,0.0,0.0,0.0,50.0,22.7
2486912,10,981305,SOL GIRONÈS BISBAL BÀSQUET,HOME,2851798,F. Adebayo,F. Adebayo,1,25.8,1546.0,7.0,3.0,7.0,0.0,0.0,3.0,7.0,1.0,2.0,0.0,6.0,6.0,2.0,2.0,0.0,0.0,0.0,5.0,1.0,4.0,17.0,44.4,42.9,0.0,28.6,0.9,0.0,2.0,0.0,27.4,13.1,16.7,0.0,0.0,20.2,17.4
2486912,10,981305,SOL GIRONÈS BISBAL BÀSQUET,HOME,1964254,P. Sala Vallmajo,P. Sala Vallmajo,0,9.4,566.0,3.0,1.0,2.0,0.0,1.0,1.0,3.0,1.0,2.0,1.0,1.0,2.0,0.0,2.0,0.0,0.0,0.0,1.0,1.0,0.0,-3.0,38.7,33.3,33.3,66.7,1.0,0.0,2.0,11.5,12.5,12.0,0.0,0.0,0.0,34.0,28.4
2486912,10,981305,SOL GIRONÈS BISBAL BÀSQUET,HOME,2814887,P. Renane,P. Renane,1,17.8,1066.0,4.0,0.0,2.0,1.0,5.0,1.0,7.0,1.0,2.0,1.0,4.0,5.0,0.0,0.0,1.0,0.0,0.0,3.0,1.0,1.0,3.0,25.4,21.4,71.4,28.6,0.0,0.6,2.0,6.1,26.4,15.8,0.0,2.9,0.0,0.0,20.1
2486912,10,981305,SOL GIRONÈS BISBAL BÀSQUET,HOME,1227597,I. Valera Corominas,I. Valera Corominas,0,20.6,1239.0,3.0,0.0,2.0,1.0,2.0,1.0,4.0,0.0,0.0,1.0,2.0,3.0,0.0,0.0,3.0,0.0,1.0,5.0,1.0,2.0,3.0,37.5,37.5,50.0,0.0,0.0,1.5,0.0,5.2,11.4,8.2,0.0,7.5,0.0,0.0,8.8
2486912,10,981305,SOL GIRONÈS BISBAL BÀSQUET,HOME,1829525,M. Mikhailov Paltarak,M. Mikhailov Paltarak,1,35.5,2128.0,24.0,11.0,17.0,0.0,0.0,11.0,17.0,2.0,3.0,5.0,8.0,13.0,1.0,3.0,3.0,0.0,0.0,2.0,4.0,33.0,17.0,65.5,64.7,0.0,17.6,1.3,0.0,0.8,15.2,26.5,20.6,8.7,4.4,0.0,14.1,27.3
2486912,10,981305,SOL GIRONÈS BISBAL BÀSQUET,HOME,2815520,N. Okeke,N. Okeke,0,20.1,1206.0,10.0,1.0,2.0,0.0,3.0,1.0,5.0,8.0,12.0,0.0,1.0,1.0,2.0,1.0,1.0,1.0,0.0,1.0,6.0,11.0,-8.0,48.6,20.0,60.0,240.0,1.0,0.0,2.0,0.0,5.9,2.8,17.4,2.6,5.9,8.9,25.5
2486912,10,981305,SOL GIRONÈS BISBAL BÀSQUET,HOME,1400270,B. Alvarez Torres,B. Alvarez Torres,1,29.5,1769.0,14.0,3.0,8.0,2.0,4.0,5.0,12.0,2.0,2.0,0.0,1.0,1.0,4.0,2.0,1.0,0.0,1.0,1.0,2.0,12.0,10.0,54.3,50.0,33.3,16.7,0.8,1.5,1.0,0.0,4.0,1.9,32.0,1.8,0.0,13.4,22.9
2486912,10,981305,SOL GIRONÈS BISBAL BÀSQUET,HOME,2815176,S. Kane,S. Kane,0,6.7,401.0,0.0,0.0,1.0,0.0,0.0,0.0,1.0,0.0,0.0,0.0,1.0,1.0,0.0,0.0,0.0,0.0,0.0,0.0,0.0,0.0,-12.0,0.0,0.0,0.0,0.0,0.0,0.0,0.0,0.0,17.6,8.4,0.0,0.0,0.0,0.0,6.8
2486912,10,981305,SOL GIRONÈS BISBAL BÀSQUET,HOME,2322727,A. Vila I Gómez,A. Vila I Gómez,0,0.6,38.0,0.0,0.0,0.0,0.0,0.0,0.0,0.0,0.0,0.0,0.0,0.0,0.0,0.0,0.0,0.0,0.0,0.0,0.0,0.0,0.0,0.0,0.0,0.0,0.0,0.0,0.0,0.0,0.0,0.0,0.0,0.0,0.0,0.0,0.0,0.0,0.0
2486912,10,981305,SOL GIRONÈS BISBAL BÀSQUET,HOME,1198592,X. Torrent Bayé,X. Torrent Bayé,1,30.0,1798.0,6.0,0.0,1.0,2.0,7.0,2.0,8.0,0.0,2.0,1.0,2.0,3.0,4.0,1.0,1.0,1.0,1.0,2.0,6.0,10.0,14.0,33.8,37.5,87.5,25.0,0.0,0.9,0.3,3.6,7.8,5.6,22.2,1.7,3.9,10.1,15.0
2486912,10,981514,SPANISH BASKETBALL ACADEMY,AWAY,2436640,J. Puidet,J. Puidet,1,27.2,1632.0,6.0,0.0,2.0,2.0,8.0,2.0,10.0,0.0,0.0,0.0,2.0,2.0,0.0,2.0,0.0,0.0,0.0,3.0,2.0,-3.0,-17.0,30.0,30.0,80.0,0.0,0.0,0.8,0.0,0.0,7.9,4.1,0.0,0.0,0.0,16.7,20.7
2486912,10,981514,SPANISH BASKETBALL ACADEMY,AWAY,2312124,S. Traore,S. Traore,1,12.8,771.0,2.0,1.0,3.0,0.0,0.0,1.0,3.0,0.0,2.0,2.0,4.0,6.0,1.0,2.0,0.0,0.0,0.0,3.0,1.0,1.0,-8.0,25.8,33.3,0.0,66.7,0.7,0.0,2.0,18.4,33.8,26.4,16.9,0.0,0.0,34.0,21.5
2486912,10,981514,SPANISH BASKETBALL ACADEMY,AWAY,1990032,M. Echeverria Fernandez,M. Echeverria Fernandez,0,15.9,956.0,4.0,2.0,4.0,0.0,1.0,2.0,5.0,0.0,0.0,1.0,3.0,4.0,0.0,1.0,1.0,0.0,0.0,1.0,0.0,4.0,6.0,40.0,40.0,20.0,0.0,1.0,0.0,0.0,7.4,20.4,14.2,0.0,3.2,0.0,16.7,17.7
2486912,10,981514,SPANISH BASKETBALL ACADEMY,AWAY,2846994,K. Curfman,K. Curfman,1,30.0,1802.0,12.0,1.0,3.0,3.0,9.0,4.0,12.0,1.0,3.0,0.0,4.0,4.0,3.0,2.0,1.0,0.0,0.0,3.0,2.0,7.0,-12.0,45.0,45.8,75.0,25.0,0.7,1.0,1.5,0.0,14.4,7.5,20.8,1.7,0.0,13.1,23.9
2486912,10,981514,SPANISH BASKETBALL ACADEMY,AWAY,2065452,J. Santano Bartolome,J. Santano Bartolome,0,20.7,1240.0,3.0,1.0,2.0,0.0,2.0,1.0,4.0,1.0,2.0,0.0,2.0,2.0,0.0,0.0,2.0,1.0,1.0,3.0,1.0,2.0,7.0,30.7,25.0,50.0,50.0,1.0,0.0,2.0,0.0,10.4,5.4,0.0,4.9,4.6,0.0,11.0
2486912,10,981514,SPANISH BASKETBALL ACADEMY,AWAY,1374966,A. Moreno Trujillo,A. Moreno Trujillo,0,13.7,822.0,2.0,0.0,0.0,0.0,1.0,0.0,1.0,2.0,2.0,0.0,0.0,0.0,3.0,2.0,3.0,0.0,0.0,5.0,1.0,1.0,5.0,53.2,0.0,100.0,200.0,0.0,0.0,2.0,0.0,0.0,0.0,43.5,11.1,0.0,51.5,13.3
2486912,10,981514,SPANISH BASKETBALL ACADEMY,AWAY,2816737,D. Simeunovic,D. Simeunovic,1,30.3,1818.0,18.0,6.0,9.0,1.0,3.0,7.0,12.0,3.0,4.0,3.0,6.0,9.0,2.0,5.0,0.0,1.0,0.0,2.0,4.0,21.0,-12.0,65.4,62.5,25.0,33.3,1.3,1.0,1.0,11.6,21.4,16.7,17.5,0.0,3.1,26.7,29.0
2486912,10,981514,SPANISH BASKETBALL ACADEMY,AWAY,2752020,E. Medina Roa,E. Medina Roa,0,20.1,1206.0,11.0,5.0,6.0,0.0,0.0,5.0,6.0,1.0,2.0,2.0,6.0,8.0,1.0,1.0,0.0,1.0,0.0,0.0,3.0,21.0,3.0,79.9,83.3,0.0,33.3,1.7,0.0,0.7,11.7,32.3,22.4,15.4,0.0,4.7,12.7,18.4
2486912,10,981514,SPANISH BASKETBALL ACADEMY,AWAY,1825944,R. Garcia Salame,R. Garcia Salame,1,29.2,1753.0,6.0,1.0,5.0,0.0,2.0,1.0,7.0,4.0,4.0,0.0,1.0,1.0,6.0,2.0,1.0,0.0,1.0,3.0,5.0,8.0,-7.0,34.2,14.3,28.6,57.1,0.4,0.0,0.8,0.0,3.7,1.9,39.7,1.7,0.0,18.6,17.3
2486913,10,981428,HOMS U.E.MATARÓ,HOME,2162105,F. Garrido Teban,F. Garrido Teban,1,20.4,1223.0,0.0,0.0,0.0,0.0,3.0,0.0,3.0,0.0,0.0,1.0,3.0,4.0,0.0,1.0,1.0,1.0,0.0,3.0,0.0,-1.0,-4.0,0.0,0.0,100.0,0.0,0.0,0.0,0.0,5.4,18.4,11.5,0.0,2.7,5.2,25.0,9.1
2486913,10,981428,HOMS U.E.MATARÓ,HOME,1914611,J. Boix Colet,J. Boix Colet,1,32.6,1955.0,12.0,3.0,5.0,1.0,4.0,4.0,9.0,3.0,4.0,2.0,3.0,5.0,3.0,2.0,2.0,0.0,1.0,3.0,4.0,15.0,-6.0,55.8,50.0,44.4,44.4,1.2,0.8,1.0,6.8,11.5,9.0,20.8,3.4,0.0,15.7,18.2
2486913,10,981428,HOMS U.E.MATARÓ,HOME,2813591,S. Hall,S. Hall,0,15.9,953.0,4.0,2.0,4.0,0.0,2.0,2.0,6.0,0.0,0.0,0.0,5.0,5.0,1.0,1.0,1.0,0.0,0.0,3.0,0.0,3.0,-19.0,33.3,33.3,33.3,0.0,1.0,0.0,0.0,0.0,39.3,18.5,13.9,3.5,0.0,14.3,20.5
2486913,10,981428,HOMS U.E.MATARÓ,HOME,1591966,J. Castillo Carrasco,J. Castillo Carrasco,0,10.4,624.0,3.0,0.0,2.0,1.0,2.0,1.0,4.0,0.0,0.0,1.0,1.0,2.0,0.0,0.0,0.0,0.0,0.0,1.0,0.0,1.0,-3.0,37.5,37.5,50.0,0.0,0.0,1.5,0.0,10.7,12.0,11.3,0.0,0.0,0.0,0.0,17.9
2486913,10,981428,HOMS U.E.MATARÓ,HOME,1568569,J. Juanola Madera,J. Juanola Madera,1,26.9,1616.0,9.0,2.0,3.0,1.0,10.0,3.0,13.0,2.0,2.0,2.0,2.0,4.0,4.0,2.0,1.0,0.0,0.0,0.0,4.0,10.0,-10.0,32.4,26.9,76.9,15.4,1.3,0.3,0.5,8.3,9.3,8.7,30.5,2.1,0.0,12.6,27.5
2486913,10,981428,HOMS U.E.MATARÓ,HOME,1927150,N. Ferrer Iglesia,N. Ferrer Iglesia,0,0.2,10.0,0.0,0.0,0.0,0.0,0.0,0.0,0.0,0.0,0.0,0.0,0.0,0.0,0.0,0.0,0.0,0.0,0.0,0.0,0.0,0.0,-2.0,0.0,0.0,0.0,0.0,0.0,0.0,0.0,0.0,0.0,0.0,0.0,0.0,0.0,0.0,0.0
2486913,10,981428,HOMS U.E.MATARÓ,HOME,2319991,S. Niang Beye,S. Niang Beye,1,21.4,1285.0,6.0,0.0,1.0,2.0,3.0,2.0,4.0,0.0,5.0,1.0,2.0,3.0,2.0,2.0,1.0,0.0,0.0,3.0,3.0,3.0,-8.0,48.4,75.0,75.0,125.0,0.0,2.0,1.7,5.2,11.7,8.2,21.1,2.6,0.0,24.4,17.9
2486913,10,981428,HOMS U.E.MATARÓ,HOME,1942837,G. Martinez Rivera,G. Martinez Rivera,0,21.2,1272.0,15.0,3.0,5.0,2.0,4.0,5.0,9.0,3.0,4.0,1.0,1.0,2.0,0.0,3.0,0.0,0.0,0.0,3.0,4.0,10.0,-21.0,69.7,66.7,44.4,44.4,1.2,1.5,1.0,5.2,5.9,5.5,0.0,0.0,0.0,21.8,30.3
2486913,10,981428,HOMS U.E.MATARÓ,HOME,2813635,E. Kalu,E. Kalu,0,22.1,1329.0,8.0,4.0,7.0,0.0,0.0,4.0,7.0,0.0,0.0,3.0,3.0,6.0,1.0,0.0,1.0,1.0,0.0,3.0,1.0,12.0,-1.0,57.1,57.1,0.0,0.0,1.1,0.0,0.0,15.1,17.0,16.0,10.2,2.5,4.8,0.0,14.8
2486913,10,981428,HOMS U.E.MATARÓ,HOME,1920919,E. Coll Comabella,E. Coll Comabella,0,7.4,445.0,0.0,0.0,0.0,0.0,1.0,0.0,1.0,0.0,0.0,0.0,1.0,1.0,0.0,1.0,1.0,0.0,0.0,0.0,1.0,1.0,-11.0,0.0,0.0,100.0,0.0,0.0,0.0,0.0,0.0,16.9,7.9,0.0,7.5,0.0,50.0,12.6
2486913,10,981428,HOMS U.E.MATARÓ,HOME,1073368,A. Ventura Pedreño,A. Ventura Pedreño,1,21.5,1288.0,9.0,1.0,3.0,1.0,4.0,2.0,7.0,4.0,5.0,0.0,2.0,2.0,1.0,2.0,0.0,0.0,0.0,0.0,2.0,6.0,0.0,48.9,35.7,57.1,71.4,0.7,0.8,2.5,0.0,11.6,5.5,10.5,0.0,0.0,17.9,24.3
2486913,10,981207,OCA GLOBAL C.B. SALOU,AWAY,2451495,D. Knowles,D. Knowles,1,14.7,880.0,8.0,4.0,6.0,0.0,0.0,4.0,6.0,0.0,0.0,1.0,1.0,2.0,0.0,4.0,0.0,1.0,0.0,0.0,0.0,5.0,-11.0,66.7,66.7,0.0,0.0,1.3,0.0,0.0,8.5,7.6,8.0,0.0,0.0,9.1,40.0,33.6
2486913,10,981207,OCA GLOBAL C.B. SALOU,AWAY,1938487,A. Llorca Castillo,A. Llorca Castillo,1,35.7,2142.0,22.0,7.0,11.0,2.0,6.0,9.0,17.0,2.0,2.0,1.0,3.0,4.0,6.0,1.0,4.0,0.0,0.0,2.0,6.0,31.0,24.0,61.5,58.8,35.3,11.8,1.3,1.0,0.3,3.5,9.3,6.6,29.0,6.0,0.0,5.3,26.1
2486913,10,981207,OCA GLOBAL C.B. SALOU,AWAY,1271466,D. Cuellar Garcia,D. Cuellar Garcia,1,24.7,1481.0,2.0,1.0,1.0,0.0,3.0,1.0,4.0,0.0,0.0,1.0,6.0,7.0,1.0,1.0,0.0,0.0,0.0,2.0,2.0,6.0,-4.0,25.0,25.0,75.0,0.0,2.0,0.0,0.0,5.1,27.0,16.7,5.3,0.0,0.0,20.0,10.0
2486913,10,981207,OCA GLOBAL C.B. SALOU,AWAY,2242531,E. Moure Colombo,E. Moure Colombo,1,12.1,728.0,5.0,1.0,2.0,1.0,2.0,2.0,4.0,0.0,0.0,1.0,2.0,3.0,0.0,2.0,0.0,0.0,0.0,3.0,0.0,1.0,3.0,62.5,62.5,50.0,0.0,1.0,1.5,0.0,10.3,18.4,14.6,0.0,0.0,0.0,33.3,24.5
2486913,10,981207,OCA GLOBAL C.B. SALOU,AWAY,2827753,O. Okenchi,O. Okenchi,0,25.1,1508.0,10.0,4.0,6.0,0.0,0.0,4.0,6.0,2.0,3.0,4.0,5.0,9.0,2.0,0.0,0.0,0.0,0.0,3.0,3.0,18.0,28.0,68.3,66.7,0.0,50.0,1.3,0.0,1.0,19.9,22.1,21.1,12.7,0.0,0.0,0.0,14.4
2486913,10,981207,OCA GLOBAL C.B. SALOU,AWAY,2825543,D. Jackson,D. Jackson,1,20.3,1220.0,5.0,2.0,6.0,0.0,0.0,2.0,6.0,1.0,2.0,1.0,0.0,1.0,1.0,1.0,0.0,0.0,2.0,2.0,2.0,1.0,-3.0,36.3,33.3,0.0,33.3,0.7,0.0,1.0,6.2,0.0,2.9,6.9,0.0,0.0,12.7,19.2
2486913,10,981207,OCA GLOBAL C.B. SALOU,AWAY,1610350,E. Martinez Pretel,E. Martinez Pretel,0,27.9,1672.0,9.0,1.0,1.0,2.0,5.0,3.0,6.0,1.0,2.0,0.0,4.0,4.0,4.0,0.0,3.0,0.0,0.0,2.0,4.0,18.0,14.0,65.4,66.7,83.3,33.3,2.0,1.2,0.5,0.0,15.9,8.4,19.9,5.8,0.0,0.0,12.2
2486913,10,981207,OCA GLOBAL C.B. SALOU,AWAY,2534398,J. Sánchez,J. Sánchez,0,19.8,1186.0,14.0,1.0,2.0,4.0,8.0,5.0,10.0,0.0,0.0,0.0,1.0,1.0,0.0,2.0,1.0,0.0,0.0,4.0,1.0,6.0,12.0,70.0,70.0,80.0,0.0,1.0,1.5,0.0,0.0,5.6,3.0,0.0,2.7,0.0,16.7,29.9
2486913,10,981207,OCA GLOBAL C.B. SALOU,AWAY,1438515,A. Morales Ros,A. Morales Ros,0,19.7,1183.0,8.0,1.0,3.0,2.0,3.0,3.0,6.0,0.0,0.0,0.0,3.0,3.0,0.0,1.0,0.0,0.0,0.0,1.0,1.0,7.0,22.0,66.7,66.7,50.0,0.0,0.7,2.0,0.0,0.0,16.9,9.0,0.0,0.0,0.0,14.3,17.6
2486914,10,981281,LOBE HUESCA LA MAGIA,HOME,2151562,O. Thiam Pedrera,O. Thiam Pedrera,1,7.2,433.0,2.0,1.0,3.0,0.0,2.0,1.0,5.0,0.0,0.0,1.0,2.0,3.0,0.0,0.0,0.0,0.0,0.0,2.0,0.0,-1.0,2.0,20.0,20.0,40.0,0.0,0.7,0.0,0.0,12.9,34.7,22.2,0.0,0.0,0.0,0.0,27.1
2486914,10,981281,LOBE HUESCA LA MAGIA,HOME,2273469,O. Bieshaar,O. Bieshaar,1,19.7,1182.0,8.0,2.0,2.0,1.0,4.0,3.0,6.0,1.0,1.0,0.0,3.0,3.0,0.0,1.0,0.0,0.0,0.0,1.0,2.0,8.0,-14.0,62.1,58.3,66.7,16.7,2.0,0.8,0.5,0.0,19.0,8.1,0.0,0.0,0.0,13.4,14.7
2486914,10,981281,LOBE HUESCA LA MAGIA,HOME,1756469,H. Figueroa Álvarez,H. Figueroa Álvarez,1,30.6,1838.0,20.0,5.0,7.0,3.0,12.0,8.0,19.0,1.0,1.0,2.0,3.0,5.0,5.0,4.0,0.0,0.0,1.0,0.0,2.0,17.0,20.0,51.4,50.0,63.2,5.3,1.4,0.8,0.5,6.1,12.3,8.7,31.2,0.0,0.0,17.1,29.9
2486914,10,981281,LOBE HUESCA LA MAGIA,HOME,1759956,I. Corraliza Coba,I. Corraliza Coba,1,26.6,1595.0,8.0,2.0,10.0,0.0,3.0,2.0,13.0,4.0,8.0,0.0,2.0,2.0,2.0,1.0,5.0,0.0,0.0,1.0,7.0,7.0,15.0,24.2,15.4,23.1,61.5,0.4,0.0,1.1,0.0,9.4,4.0,10.5,8.5,0.0,5.7,25.7
2486914,10,981281,LOBE HUESCA LA MAGIA,HOME,2815923,M. Carreira Kreps,M. Carreira Kreps,0,10.1,603.0,0.0,0.0,1.0,0.0,1.0,0.0,2.0,0.0,0.0,1.0,0.0,1.0,2.0,0.0,0.0,0.0,0.0,0.0,0.0,1.0,-4.0,0.0,0.0,50.0,0.0,0.0,0.0,0.0,9.2,0.0,5.3,22.2,0.0,0.0,0.0,7.7
2486914,10,981281,LOBE HUESCA LA MAGIA,HOME,2823388,J. Fritz,J. Fritz,0,22.9,1373.0,19.0,3.0,4.0,1.0,2.0,4.0,6.0,10.0,11.0,2.0,2.0,4.0,2.0,2.0,0.0,0.0,0.0,4.0,8.0,24.0,24.0,87.6,75.0,33.3,183.3,1.5,1.5,1.4,8.1,10.9,9.3,14.3,0.0,0.0,15.6,21.9
2486914,10,981281,LOBE HUESCA LA MAGIA,HOME,2815543,A. Badmus,A. Badmus,1,16.8,1007.0,2.0,1.0,4.0,0.0,0.0,1.0,4.0,0.0,0.0,2.0,3.0,5.0,0.0,4.0,0.0,0.0,0.0,2.0,0.0,-2.0,-9.0,25.0,25.0,0.0,0.0,0.5,0.0,0.0,11.1,22.3,15.9,0.0,0.0,0.0,50.0,18.6
2486914,10,981281,LOBE HUESCA LA MAGIA,HOME,1761508,P. Lopez-Sanvicente Reta,P. Lopez-Sanvicente Reta,0,23.9,1432.0,19.0,3.0,3.0,3.0,4.0,6.0,7.0,4.0,4.0,3.0,6.0,9.0,1.0,3.0,3.0,0.0,0.0,1.0,3.0,30.0,26.0,108.4,107.1,57.1,57.1,2.0,2.2,1.3,11.7,31.4,20.1,8.3,5.7,0.0,25.5,19.2
2486914,10,981281,LOBE HUESCA LA MAGIA,HOME,2116811,G. Rodriguez Soler,G. Rodriguez Soler,0,13.4,805.0,2.0,1.0,2.0,0.0,1.0,1.0,3.0,0.0,0.0,2.0,3.0,5.0,2.0,0.0,0.0,0.0,0.0,2.0,0.0,5.0,0.0,33.3,33.3,33.3,0.0,1.0,0.0,0.0,13.9,28.0,19.9,25.0,0.0,0.0,0.0,8.7
2486914,10,981281,LOBE HUESCA LA MAGIA,HOME,2054954,G. Vazquez Vallejo,G. Vazquez Vallejo,0,28.9,1732.0,12.0,1.0,4.0,3.0,6.0,4.0,10.0,1.0,1.0,1.0,4.0,5.0,1.0,1.0,1.0,0.0,0.0,4.0,1.0,9.0,15.0,57.5,55.0,60.0,10.0,0.5,1.5,1.0,3.2,17.3,9.2,5.9,1.6,0.0,8.7,15.5
2486914,10,981294,C.B. ZARAGOZA,AWAY,1802050,D. Muñoz Samatan,D. Muñoz Samatan,0,24.4,1461.0,10.0,4.0,5.0,0.0,0.0,4.0,5.0,2.0,4.0,0.0,4.0,4.0,0.0,2.0,0.0,0.0,0.0,3.0,5.0,11.0,-19.0,74.0,80.0,0.0,80.0,1.6,0.0,0.8,0.0,15.2,8.7,0.0,0.0,0.0,22.8,15.5
2486914,10,981294,C.B. ZARAGOZA,AWAY,1798932,D. Arjol Lopez,D. Arjol Lopez,0,26.2,1570.0,20.0,8.0,13.0,0.0,1.0,8.0,14.0,4.0,5.0,0.0,3.0,3.0,3.0,1.0,3.0,0.0,0.0,4.0,6.0,23.0,-4.0,61.7,57.1,7.1,35.7,1.2,0.0,0.8,0.0,10.7,6.1,23.1,5.2,0.0,5.8,28.4
2486914,10,981294,C.B. ZARAGOZA,AWAY,1250976,O. Alvarado Rodriguez,O. Alvarado Rodriguez,1,31.2,1874.0,12.0,2.0,6.0,2.0,7.0,4.0,13.0,2.0,2.0,0.0,3.0,3.0,6.0,0.0,3.0,0.0,0.0,2.0,3.0,16.0,-12.0,43.2,38.5,53.8,15.4,0.7,0.9,0.7,0.0,8.9,5.1,30.0,4.3,0.0,0.0,19.2
2486914,10,981294,C.B. ZARAGOZA,AWAY,361567,E. Gatell Sanz,E. Gatell Sanz,1,15.3,919.0,7.0,1.0,1.0,1.0,1.0,2.0,2.0,2.0,2.0,0.0,3.0,3.0,0.0,1.0,1.0,0.0,0.0,4.0,2.0,8.0,4.0,121.5,125.0,50.0,100.0,2.0,3.0,1.0,0.0,18.2,10.5,0.0,3.0,0.0,25.8,11.0
2486914,10,981294,C.B. ZARAGOZA,AWAY,1861515,P. Aso Jimenez,P. Aso Jimenez,1,30.9,1857.0,2.0,1.0,2.0,0.0,3.0,1.0,5.0,0.0,0.0,3.0,5.0,8.0,3.0,0.0,0.0,0.0,0.0,3.0,0.0,6.0,-4.0,20.0,20.0,60.0,0.0,1.0,0.0,0.0,12.1,15.1,13.8,13.0,0.0,0.0,0.0,7.0
2486914,10,981294,C.B. ZARAGOZA,AWAY,1446949,J. Jiménez Jiménez,J. Jiménez Jiménez,0,17.6,1058.0,10.0,2.0,5.0,2.0,4.0,4.0,9.0,0.0,0.0,0.0,4.0,4.0,2.0,0.0,0.0,0.0,0.0,3.0,0.0,8.0,-13.0,55.6,55.6,44.4,0.0,0.8,1.5,0.0,0.0,21.1,12.1,25.0,0.0,0.0,0.0,22.1
2486914,10,981294,C.B. ZARAGOZA,AWAY,2815312,J. Zhao Olmos,J. Zhao Olmos,1,21.6,1294.0,12.0,5.0,6.0,0.0,7.0,5.0,13.0,2.0,2.0,1.0,2.0,3.0,0.0,6.0,2.0,0.0,0.0,4.0,1.0,0.0,-7.0,43.2,38.5,53.8,15.4,1.7,0.0,2.0,5.8,8.6,7.4,0.0,4.2,0.0,30.2,39.8
2486914,10,981294,C.B. ZARAGOZA,AWAY,1556128,G. Colom Barrufet,G. Colom Barrufet,0,9.1,543.0,0.0,0.0,1.0,0.0,1.0,0.0,2.0,0.0,0.0,0.0,1.0,1.0,1.0,1.0,0.0,0.0,0.0,0.0,0.0,-1.0,-11.0,0.0,0.0,50.0,0.0,0.0,0.0,0.0,0.0,10.2,5.9,16.7,0.0,0.0,33.3,14.2
2486914,10,981294,C.B. ZARAGOZA,AWAY,1910411,A. Aragones Navais,A. Aragones Navais,1,23.7,1424.0,4.0,2.0,7.0,0.0,1.0,2.0,8.0,0.0,0.0,0.0,4.0,4.0,1.0,4.0,2.0,1.0,0.0,0.0,0.0,2.0,-9.0,25.0,25.0,12.5,0.0,0.6,0.0,0.0,0.0,15.7,9.0,6.2,3.8,4.2,33.3,21.9
2486915,10,981216,CLASS BASQUET SANT ANTONI,HOME,2534687,G. Gantt,G. Gantt,0,20.4,1226.0,6.0,1.0,2.0,1.0,8.0,2.0,10.0,1.0,1.0,0.0,2.0,2.0,0.0,0.0,0.0,0.0,0.0,2.0,0.0,-2.0,-4.0,28.7,25.0,80.0,10.0,1.0,0.4,0.0,0.0,8.5,4.6,0.0,0.0,0.0,0.0,22.6
2486915,10,981216,CLASS BASQUET SANT ANTONI,HOME,1394852,G. Blat Baeza,G. Blat Baeza,0,16.6,998.0,0.0,0.0,2.0,0.0,2.0,0.0,4.0,0.0,0.0,0.0,3.0,3.0,4.0,1.0,1.0,0.0,0.0,1.0,1.0,3.0,-16.0,0.0,0.0,50.0,0.0,0.0,0.0,0.0,0.0,15.7,8.5,33.3,3.1,0.0,20.0,13.3
2486915,10,981216,CLASS BASQUET SANT ANTONI,HOME,2815818,K. Johnson,K. Johnson,1,27.6,1654.0,20.0,7.0,13.0,1.0,3.0,8.0,16.0,3.0,3.0,1.0,2.0,3.0,2.0,1.0,1.0,0.0,0.0,4.0,3.0,16.0,11.0,57.7,53.1,18.8,18.8,1.1,1.0,1.0,3.7,6.3,5.1,15.4,1.9,0.0,5.5,29.3
2486915,10,981216,CLASS BASQUET SANT ANTONI,HOME,1528610,J. Rodriguez Jimenez,J. Rodriguez Jimenez,0,13.2,794.0,0.0,0.0,0.0,0.0,0.0,0.0,0.0,0.0,0.0,0.0,2.0,2.0,0.0,1.0,0.0,0.0,0.0,2.0,1.0,0.0,-6.0,0.0,0.0,0.0,0.0,0.0,0.0,0.0,0.0,13.2,7.1,0.0,0.0,0.0,100.0,3.3
2486915,10,981216,CLASS BASQUET SANT ANTONI,HOME,2363916,D. De La Rua De Agustin,D. De La Rua De Agustin,1,24.7,1484.0,8.0,3.0,7.0,0.0,1.0,3.0,8.0,2.0,3.0,0.0,4.0,4.0,4.0,2.0,4.0,0.0,0.0,0.0,5.0,17.0,19.0,42.9,37.5,12.5,37.5,0.9,0.0,0.6,0.0,14.1,7.6,26.7,8.4,0.0,17.7,20.3
2486915,10,981216,CLASS BASQUET SANT ANTONI,HOME,2818065,M. Issouf,M. Issouf,0,3.6,216.0,0.0,0.0,1.0,0.0,0.0,0.0,1.0,0.0,0.0,1.0,1.0,2.0,0.0,0.0,0.0,0.0,0.0,2.0,0.0,-1.0,-7.0,0.0,0.0,0.0,0.0,0.0,0.0,0.0,28.5,24.2,26.1,0.0,0.0,0.0,0.0,12.3
2486915,10,981216,CLASS BASQUET SANT ANTONI,HOME,1397157,R. Gomez Barral,R. Gomez Barral,1,19.4,1162.0,10.0,2.0,4.0,2.0,6.0,4.0,10.0,0.0,0.0,1.0,3.0,4.0,0.0,2.0,0.0,0.0,0.0,5.0,2.0,3.0,9.0,50.0,50.0,60.0,0.0,1.0,1.0,0.0,5.3,13.4,9.7,0.0,0.0,0.0,16.7,27.3
2486915,10,981216,CLASS BASQUET SANT ANTONI,HOME,2462416,E. Stoilov,E. Stoilov,1,33.1,1989.0,14.0,5.0,9.0,0.0,0.0,5.0,9.0,4.0,5.0,6.0,13.0,19.0,3.0,2.0,2.0,0.0,0.0,1.0,6.0,36.0,13.0,62.5,55.6,0.0,55.6,1.1,0.0,0.8,18.6,34.2,27.0,15.8,3.1,0.0,15.2,17.6
2486915,10,981216,CLASS BASQUET SANT ANTONI,HOME,1834527,S. Paz Vazquez,S. Paz Vazquez,1,17.8,1068.0,12.0,3.0,4.0,2.0,3.0,5.0,7.0,0.0,0.0,0.0,2.0,2.0,3.0,0.0,0.0,0.0,0.0,2.0,0.0,13.0,11.0,85.7,85.7,42.9,0.0,1.5,2.0,0.0,0.0,9.8,5.3,42.9,0.0,0.0,0.0,17.4
2486915,10,981216,CLASS BASQUET SANT ANTONI,HOME,2128433,N. Zizic,N. Zizic,0,15.7,940.0,10.0,3.0,6.0,0.0,0.0,3.0,6.0,4.0,5.0,3.0,1.0,4.0,1.0,0.0,0.0,0.0,0.0,2.0,3.0,12.0,10.0,61.0,50.0,0.0,83.3,1.0,0.0,1.7,19.6,5.5,12.0,11.1,0.0,0.0,0.0,23.1
2486915,10,981216,CLASS BASQUET SANT ANTONI,HOME,1878691,I. Ruiz Gonzalez,I. Ruiz Gonzalez,0,7.8,469.0,0.0,0.0,2.0,0.0,0.0,0.0,2.0,0.0,0.0,0.0,0.0,0.0,1.0,1.0,0.0,1.0,0.0,4.0,0.0,-5.0,-15.0,0.0,0.0,0.0,0.0,0.0,0.0,0.0,0.0,0.0,0.0,16.7,0.0,11.7,33.3,17.0
2486915,10,979996,AMICS CASTELLÓ,AWAY,2149001,R. Fabrega Urpina,R. Fabrega Urpina,0,22.9,1371.0,8.0,2.0,4.0,1.0,5.0,3.0,9.0,1.0,2.0,1.0,9.0,10.0,2.0,0.0,0.0,0.0,1.0,1.0,3.0,15.0,7.0,40.5,38.9,55.6,22.2,1.0,0.6,0.7,3.8,40.3,20.5,17.5,0.0,0.0,0.0,19.1
2486915,10,979996,AMICS CASTELLÓ,AWAY,273780,J. Faner Catala,J. Faner Catala,1,24.2,1451.0,13.0,1.0,3.0,3.0,4.0,4.0,7.0,2.0,2.0,0.0,1.0,1.0,1.0,4.0,3.0,0.0,0.0,2.0,1.0,10.0,2.0,82.5,78.6,57.1,28.6,0.7,2.2,2.0,0.0,4.2,1.9,9.6,6.3,0.0,33.7,21.7
2486915,10,979996,AMICS CASTELLÓ,AWAY,2818901,O. Russell,O. Russell,1,20.4,1225.0,6.0,2.0,8.0,0.0,1.0,2.0,9.0,2.0,2.0,1.0,2.0,3.0,2.0,1.0,0.0,0.0,0.0,2.0,3.0,4.0,-9.0,30.4,22.2,11.1,22.2,0.5,0.0,0.7,4.3,10.1,6.9,20.0,0.0,0.0,9.2,23.6
2486915,10,979996,AMICS CASTELLÓ,AWAY,2816147,D. Bah,D. Bah,0,24.7,1483.0,6.0,2.0,7.0,0.0,0.0,2.0,7.0,2.0,4.0,1.0,4.0,5.0,0.0,0.0,0.0,0.0,0.0,1.0,2.0,5.0,-1.0,34.2,28.6,0.0,57.1,0.6,0.0,2.0,3.5,16.6,9.5,0.0,0.0,0.0,0.0,15.7
2486915,10,979996,AMICS CASTELLÓ,AWAY,1817496,P. Garcia Carrero,P. Garcia Carrero,0,22.1,1324.0,8.0,3.0,5.0,0.0,0.0,3.0,5.0,2.0,2.0,1.0,3.0,4.0,0.0,1.0,1.0,0.0,0.0,4.0,1.0,7.0,20.0,68.0,60.0,0.0,40.0,1.2,0.0,2.0,3.9,13.9,8.5,0.0,2.3,0.0,14.5,13.8
2486915,10,979996,AMICS CASTELLÓ,AWAY,2816738,K. Newton,K. Newton,0,17.4,1045.0,2.0,0.0,2.0,0.0,3.0,0.0,5.0,2.0,4.0,2.0,1.0,3.0,3.0,2.0,0.0,0.0,0.0,1.0,3.0,1.0,-8.0,14.8,0.0,60.0,80.0,0.0,0.0,1.3,10.0,5.9,8.1,31.2,0.0,0.0,22.8,22.2
2486915,10,979996,AMICS CASTELLÓ,AWAY,2743181,K.  Baoko,K.  Baoko,1,19.8,1187.0,13.0,4.0,6.0,0.0,0.0,4.0,6.0,5.0,9.0,1.0,4.0,5.0,0.0,0.0,0.0,0.0,0.0,2.0,7.0,17.0,-6.0,65.3,66.7,0.0,150.0,1.3,0.0,1.3,4.4,20.7,11.9,0.0,0.0,0.0,0.0,22.2
2486915,10,979996,AMICS CASTELLÓ,AWAY,1840859,V. Rodriguez Gil,V. Rodriguez Gil,0,3.3,196.0,0.0,0.0,0.0,0.0,0.0,0.0,0.0,0.0,0.0,0.0,0.0,0.0,0.0,0.0,0.0,0.0,0.0,1.0,1.0,0.0,-1.0,0.0,0.0,0.0,0.0,0.0,0.0,0.0,0.0,0.0,0.0,0.0,0.0,0.0,0.0,0.0
2486915,10,979996,AMICS CASTELLÓ,AWAY,2641325,M. Andreatta,M. Andreatta,1,20.1,1208.0,10.0,0.0,3.0,2.0,5.0,2.0,8.0,4.0,5.0,2.0,1.0,3.0,0.0,1.0,0.0,0.0,0.0,3.0,1.0,3.0,-21.0,49.0,37.5,62.5,62.5,0.0,1.2,5.0,8.7,5.1,7.0,0.0,0.0,0.0,8.9,24.6
2486915,10,979996,AMICS CASTELLÓ,AWAY,1627889,A. Tamayo Lesmes,A. Tamayo Lesmes,1,25.2,1510.0,9.0,4.0,6.0,0.0,4.0,4.0,10.0,1.0,3.0,4.0,2.0,6.0,1.0,1.0,1.0,0.0,0.0,4.0,3.0,7.0,-8.0,39.8,40.0,40.0,30.0,1.3,0.0,1.0,13.8,8.1,11.2,9.6,2.0,0.0,8.1,21.6
2486916,10,979897,BUENO ARENAS ALBACETE BASKET,HOME,2772828,F. Andrade Amiel,F. Andrade Amiel,1,16.2,970.0,3.0,1.0,2.0,0.0,4.0,1.0,6.0,1.0,3.0,0.0,1.0,1.0,1.0,1.0,1.0,0.0,0.0,2.0,2.0,-2.0,-21.0,20.5,16.7,66.7,50.0,1.0,0.0,1.5,0.0,7.1,3.0,11.6,2.9,0.0,12.0,22.2
2486916,10,979897,BUENO ARENAS ALBACETE BASKET,HOME,1371559,V. Aguilar Hernandez,V. Aguilar Hernandez,0,17.2,1031.0,12.0,2.0,3.0,2.0,4.0,4.0,7.0,2.0,4.0,1.0,4.0,5.0,3.0,1.0,0.0,0.0,0.0,2.0,5.0,17.0,1.0,68.5,71.4,57.1,57.1,1.3,1.5,0.8,4.8,26.6,14.0,53.6,0.0,0.0,10.2,24.5
2486916,10,979897,BUENO ARENAS ALBACETE BASKET,HOME,2813013,N. Reid,N. Reid,1,21.0,1260.0,0.0,0.0,3.0,0.0,3.0,0.0,6.0,0.0,0.0,1.0,3.0,4.0,1.0,3.0,0.0,0.0,0.0,1.0,0.0,-5.0,-20.0,0.0,0.0,50.0,0.0,0.0,0.0,0.0,4.0,16.3,9.2,8.3,0.0,0.0,33.3,18.5
2486916,10,979897,BUENO ARENAS ALBACETE BASKET,HOME,1947396,V. Muñoz Quiñones,V. Muñoz Quiñones,0,15.9,956.0,6.0,3.0,3.0,0.0,0.0,3.0,3.0,0.0,0.0,1.0,0.0,1.0,0.0,0.0,1.0,1.0,0.0,3.0,0.0,6.0,3.0,100.0,100.0,0.0,0.0,2.0,0.0,0.0,5.2,0.0,3.0,0.0,3.0,8.1,0.0,8.1
2486916,10,979897,BUENO ARENAS ALBACETE BASKET,HOME,2735659,A. Vera Picazo,A. Vera Picazo,0,25.4,1521.0,5.0,1.0,3.0,1.0,5.0,2.0,8.0,0.0,0.0,0.0,1.0,1.0,3.0,2.0,6.0,0.0,0.0,3.0,0.0,4.0,12.0,31.2,31.2,62.5,0.0,0.7,0.6,0.0,0.0,4.5,1.9,24.2,11.2,0.0,20.0,17.0
2486916,10,979897,BUENO ARENAS ALBACETE BASKET,HOME,2432962,S. Merlo,S. Merlo,1,16.2,973.0,5.0,1.0,3.0,0.0,1.0,1.0,4.0,3.0,4.0,0.0,4.0,4.0,1.0,0.0,0.0,0.0,0.0,1.0,4.0,9.0,-28.0,43.4,25.0,25.0,100.0,0.7,0.0,1.0,0.0,28.2,11.9,11.6,0.0,0.0,0.0,15.3
2486916,10,979897,BUENO ARENAS ALBACETE BASKET,HOME,1603635,J. Gonzalez Albadalejo,J. Gonzalez Albadalejo,0,25.1,1506.0,28.0,1.0,4.0,5.0,11.0,6.0,15.0,11.0,11.0,0.0,4.0,4.0,2.0,2.0,2.0,0.0,0.0,2.0,8.0,31.0,-4.0,70.6,56.7,73.3,73.3,0.5,1.4,1.4,0.0,18.2,7.7,23.8,3.8,0.0,9.2,37.6
2486916,10,979897,BUENO ARENAS ALBACETE BASKET,HOME,2364931,A. Perez Conti,A. Perez Conti,1,11.1,667.0,0.0,0.0,1.0,0.0,0.0,0.0,1.0,0.0,0.0,0.0,0.0,0.0,1.0,0.0,0.0,0.0,0.0,2.0,0.0,-2.0,1.0,0.0,0.0,0.0,0.0,0.0,0.0,0.0,0.0,0.0,0.0,13.9,0.0,0.0,0.0,3.9
2486916,10,979897,BUENO ARENAS ALBACETE BASKET,HOME,2817541,O. Bramble,O. Bramble,0,10.0,598.0,2.0,1.0,3.0,0.0,0.0,1.0,3.0,0.0,0.0,0.0,2.0,2.0,0.0,0.0,0.0,0.0,0.0,3.0,0.0,-1.0,1.0,33.3,33.3,0.0,0.0,0.7,0.0,0.0,0.0,22.9,9.6,0.0,0.0,0.0,0.0,12.9
2486916,10,979897,BUENO ARENAS ALBACETE BASKET,HOME,1981843,B. Vanaclocha Sanchez,B. Vanaclocha Sanchez,1,15.8,946.0,4.0,2.0,3.0,0.0,0.0,2.0,3.0,0.0,0.0,1.0,2.0,3.0,0.0,3.0,0.0,0.0,0.0,1.0,0.0,2.0,-27.0,66.7,66.7,0.0,0.0,1.3,0.0,0.0,5.3,14.5,9.2,0.0,0.0,0.0,50.0,16.4
2486916,10,979897,BUENO ARENAS ALBACETE BASKET,HOME,2432412,J. Hierrezuelo Serer,J. Hierrezuelo Serer,0,11.8,711.0,2.0,1.0,7.0,0.0,1.0,1.0,8.0,0.0,0.0,3.0,2.0,5.0,1.0,0.0,0.0,1.0,0.0,2.0,2.0,2.0,3.0,12.5,12.5,12.5,0.0,0.3,0.0,0.0,21.2,19.4,20.4,16.1,0.0,10.9,0.0,29.3
2486916,10,979897,BUENO ARENAS ALBACETE BASKET,HOME,2156303,A. Garcia Borrego,A. Garcia Borrego,0,14.3,861.0,7.0,2.0,6.0,1.0,1.0,3.0,7.0,0.0,0.0,2.0,2.0,4.0,0.0,0.0,0.0,0.0,0.0,0.0,0.0,7.0,4.0,50.0,50.0,14.3,0.0,0.7,3.0,0.0,11.7,16.0,13.5,0.0,0.0,0.0,0.0,21.1
2486916,10,981491,C.B. GETAFE,AWAY,1223461,J. Tejera Tejo,J. Tejera Tejo,0,15.7,941.0,0.0,0.0,0.0,0.0,0.0,0.0,0.0,0.0,0.0,0.0,5.0,5.0,1.0,1.0,0.0,0.0,0.0,3.0,0.0,2.0,-5.0,0.0,0.0,0.0,0.0,0.0,0.0,0.0,0.0,26.5,15.3,9.3,0.0,0.0,100.0,2.7
2486916,10,981491,C.B. GETAFE,AWAY,2816388,M. Abdulsalam,M. Abdulsalam,1,19.5,1170.0,7.0,2.0,4.0,0.0,1.0,2.0,5.0,3.0,4.0,2.0,6.0,8.0,2.0,4.0,0.0,0.0,0.0,3.0,2.0,8.0,10.0,51.8,40.0,20.0,80.0,1.0,0.0,2.0,11.7,25.6,19.8,17.4,0.0,0.0,37.2,23.3
2486916,10,981491,C.B. GETAFE,AWAY,1789964,E. Ortiz Torres,E. Ortiz Torres,0,19.6,1176.0,10.0,2.0,3.0,1.0,2.0,3.0,5.0,3.0,4.0,0.0,2.0,2.0,4.0,2.0,2.0,0.0,0.0,2.0,2.0,13.0,-3.0,74.0,70.0,40.0,80.0,1.3,1.5,2.0,0.0,8.5,4.9,38.1,4.9,0.0,22.8,18.9
2486916,10,981491,C.B. GETAFE,AWAY,2816390,A. Akinwole,A. Akinwole,0,20.1,1208.0,10.0,1.0,3.0,0.0,3.0,1.0,6.0,8.0,8.0,0.0,5.0,5.0,1.0,2.0,1.0,0.0,0.0,0.0,2.0,12.0,2.0,52.5,16.7,50.0,133.3,0.7,0.0,4.0,0.0,20.7,12.0,8.0,2.4,0.0,17.4,24.2
2486916,10,981491,C.B. GETAFE,AWAY,2815898,C. Henderson,C. Henderson,1,25.7,1543.0,20.0,4.0,4.0,4.0,9.0,8.0,13.0,0.0,1.0,1.0,8.0,9.0,0.0,1.0,0.0,0.0,0.0,2.0,3.0,23.0,24.0,74.4,76.9,69.2,7.7,2.0,1.3,0.3,4.4,25.9,16.9,0.0,0.0,0.0,6.9,23.7
2486916,10,981491,C.B. GETAFE,AWAY,1328788,M. Alvarez Puertas,M. Alvarez Puertas,0,11.9,716.0,6.0,0.0,2.0,2.0,2.0,2.0,4.0,0.0,1.0,0.0,3.0,3.0,0.0,0.0,0.0,0.0,0.0,0.0,1.0,7.0,5.0,67.6,75.0,50.0,25.0,0.0,3.0,1.0,0.0,21.0,12.1,0.0,0.0,0.0,0.0,15.8
2486916,10,981491,C.B. GETAFE,AWAY,1674978,G. Mulero Maldonado,G. Mulero Maldonado,1,19.7,1184.0,12.0,2.0,5.0,2.0,3.0,4.0,8.0,2.0,5.0,2.0,1.0,3.0,1.0,3.0,1.0,0.0,1.0,3.0,5.0,9.0,11.0,58.8,62.5,37.5,62.5,0.8,2.0,1.0,11.6,4.2,7.3,10.5,2.4,0.0,22.7,28.3
2486916,10,981491,C.B. GETAFE,AWAY,1582089,J. Parra Baez,J. Parra Baez,1,26.6,1595.0,16.0,2.0,6.0,3.0,8.0,5.0,14.0,3.0,4.0,1.0,2.0,3.0,5.0,2.0,0.0,0.0,0.0,2.0,4.0,14.0,29.0,50.8,46.4,57.1,28.6,0.7,1.1,1.0,4.3,6.3,5.4,36.0,0.0,0.0,11.3,28.2
2486916,10,981491,C.B. GETAFE,AWAY,1820240,P. Arribas Gomez,P. Arribas Gomez,0,2.5,153.0,0.0,0.0,0.0,0.0,0.0,0.0,0.0,0.0,0.0,0.0,0.0,0.0,0.0,0.0,0.0,0.0,0.0,1.0,0.0,-1.0,-7.0,0.0,0.0,0.0,0.0,0.0,0.0,0.0,0.0,0.0,0.0,0.0,0.0,0.0,0.0,0.0
2486916,10,981491,C.B. GETAFE,AWAY,2816389,J. Nve Maleva,J. Nve Maleva,0,12.6,755.0,2.0,1.0,4.0,0.0,0.0,1.0,4.0,0.0,0.0,3.0,4.0,7.0,0.0,2.0,1.0,0.0,1.0,2.0,0.0,3.0,-5.0,25.0,25.0,0.0,0.0,0.5,0.0,0.0,27.2,26.5,26.8,0.0,3.8,0.0,33.3,20.1
2486916,10,981491,C.B. GETAFE,AWAY,1876223,A. Montero Isla,A. Montero Isla,1,26.0,1559.0,6.0,0.0,0.0,1.0,4.0,1.0,4.0,3.0,4.0,1.0,3.0,4.0,4.0,1.0,1.0,0.0,0.0,4.0,3.0,9.0,14.0,52.1,37.5,100.0,100.0,0.0,0.8,1.3,4.4,9.6,7.4,22.3,1.8,0.0,14.8,11.0
2486917,10,981275,MADERAS SORLI BENICARLO,HOME,2467065,A. Ikpeze,A. Ikpeze,1,16.3,980.0,9.0,4.0,7.0,0.0,0.0,4.0,7.0,1.0,1.0,3.0,6.0,9.0,2.0,1.0,0.0,0.0,2.0,1.0,1.0,16.0,-3.0,60.5,57.1,0.0,14.3,1.1,0.0,1.0,19.4,61.3,35.6,26.3,0.0,0.0,11.8,23.8
2486917,10,981275,MADERAS SORLI BENICARLO,HOME,1485040,A. Haro Val,A. Haro Val,0,30.8,1847.0,13.0,1.0,3.0,3.0,9.0,4.0,12.0,2.0,4.0,1.0,1.0,2.0,3.0,1.0,1.0,1.0,0.0,2.0,7.0,14.0,7.0,47.2,45.8,75.0,33.3,0.7,1.0,0.6,3.4,5.4,4.2,15.6,1.7,4.5,6.8,22.1
2486917,10,981275,MADERAS SORLI BENICARLO,HOME,1998365,P. Harguindey Maneiro,P. Harguindey Maneiro,1,31.1,1866.0,5.0,1.0,2.0,1.0,3.0,2.0,5.0,0.0,0.0,0.0,2.0,2.0,4.0,2.0,0.0,0.0,1.0,3.0,0.0,3.0,-9.0,50.0,50.0,60.0,0.0,1.0,1.0,0.0,0.0,10.7,4.1,18.9,0.0,0.0,28.6,10.4
2486917,10,981275,MADERAS SORLI BENICARLO,HOME,2500822,M. Voronin,M. Voronin,1,16.6,996.0,0.0,0.0,1.0,0.0,4.0,0.0,5.0,0.0,0.0,1.0,0.0,1.0,2.0,1.0,2.0,0.0,0.0,2.0,1.0,-2.0,-2.0,0.0,0.0,80.0,0.0,0.0,0.0,0.0,6.3,0.0,3.9,17.2,6.4,0.0,16.7,16.6
2486917,10,981275,MADERAS SORLI BENICARLO,HOME,1659850,A. Prior Ruiz,A. Prior Ruiz,1,22.4,1342.0,8.0,0.0,2.0,2.0,5.0,2.0,7.0,2.0,2.0,2.0,3.0,5.0,0.0,1.0,0.0,0.0,0.0,0.0,1.0,8.0,-8.0,50.8,42.9,71.4,28.6,0.0,1.2,2.0,9.4,22.3,14.4,0.0,0.0,0.0,11.3,18.2
2486917,10,981275,MADERAS SORLI BENICARLO,HOME,2219986,A. Libroia,A. Libroia,1,31.9,1914.0,24.0,5.0,13.0,3.0,4.0,8.0,17.0,5.0,6.0,0.0,1.0,1.0,9.0,1.0,1.0,0.0,0.0,3.0,4.0,25.0,3.0,61.1,55.9,23.5,35.3,0.8,2.2,1.5,0.0,5.2,2.0,59.2,1.7,0.0,4.8,29.8
2486917,10,981275,MADERAS SORLI BENICARLO,HOME,2536645,R. Ukawuba,R. Ukawuba,0,9.7,580.0,0.0,0.0,3.0,0.0,1.0,0.0,4.0,0.0,0.0,2.0,0.0,2.0,0.0,0.0,1.0,1.0,0.0,1.0,0.0,-1.0,-6.0,0.0,0.0,25.0,0.0,0.0,0.0,0.0,21.7,0.0,13.3,0.0,5.5,14.2,0.0,19.0
2486917,10,981275,MADERAS SORLI BENICARLO,HOME,2250610,A. Sanchez Perdiguero,A. Sanchez Perdiguero,0,17.6,1055.0,4.0,2.0,3.0,0.0,1.0,2.0,4.0,0.0,0.0,3.0,1.0,4.0,1.0,1.0,1.0,0.0,1.0,5.0,2.0,4.0,7.0,50.0,50.0,25.0,0.0,1.3,0.0,0.0,17.9,9.5,14.7,10.4,3.0,0.0,20.0,13.1
2486917,10,981275,MADERAS SORLI BENICARLO,HOME,2439615,O. Ndour,O. Ndour,0,23.7,1420.0,17.0,7.0,9.0,0.0,0.0,7.0,9.0,3.0,5.0,2.0,4.0,6.0,1.0,1.0,2.0,1.0,0.0,2.0,3.0,23.0,1.0,75.9,77.8,0.0,55.6,1.6,0.0,1.7,8.9,28.1,16.3,9.6,4.5,5.8,8.2,23.7
2486917,10,981347,PROINBENI UPB GANDIA,AWAY,1824880,G. Perez Ramirez,G. Perez Ramirez,1,28.7,1720.0,15.0,2.0,3.0,3.0,7.0,5.0,10.0,2.0,4.0,0.0,3.0,3.0,2.0,0.0,0.0,1.0,0.0,3.0,2.0,13.0,2.0,63.8,65.0,70.0,40.0,1.3,1.3,2.0,0.0,11.0,6.7,13.7,0.0,3.2,0.0,20.1
2486917,10,981347,PROINBENI UPB GANDIA,AWAY,1837816,C. Hurtado Cervantes,C. Hurtado Cervantes,1,22.2,1332.0,2.0,0.0,1.0,0.0,2.0,0.0,3.0,2.0,3.0,0.0,1.0,1.0,5.0,4.0,1.0,0.0,1.0,2.0,3.0,2.0,-3.0,23.1,0.0,66.7,100.0,0.0,0.0,1.0,0.0,4.7,2.9,29.8,2.5,0.0,48.1,18.4
2486917,10,981347,PROINBENI UPB GANDIA,AWAY,2736564,K. Greeley,K. Greeley,1,29.4,1765.0,12.0,2.0,6.0,1.0,2.0,3.0,8.0,5.0,8.0,1.0,4.0,5.0,6.0,1.0,0.0,1.0,0.0,2.0,4.0,17.0,10.0,52.1,43.8,25.0,100.0,0.7,1.5,2.0,5.7,14.3,11.0,36.1,0.0,3.2,8.0,20.9
2486917,10,981347,PROINBENI UPB GANDIA,AWAY,2378347,J. Molina Martinez,J. Molina Martinez,0,21.2,1272.0,11.0,1.0,1.0,3.0,5.0,4.0,6.0,0.0,0.0,1.0,4.0,5.0,2.0,0.0,1.0,0.0,0.0,1.0,1.0,17.0,5.0,91.7,91.7,83.3,0.0,2.0,1.8,0.0,7.9,19.9,15.2,20.0,2.6,0.0,0.0,13.9
2486917,10,981347,PROINBENI UPB GANDIA,AWAY,1673764,L. Ferrando Ortells,L. Ferrando Ortells,0,12.2,734.0,6.0,0.0,0.0,2.0,4.0,2.0,4.0,0.0,0.0,0.0,1.0,1.0,2.0,5.0,1.0,0.0,0.0,1.0,1.0,3.0,-4.0,75.0,75.0,100.0,0.0,0.0,1.5,0.0,0.0,8.6,5.3,31.2,4.5,0.0,55.6,36.2
2486917,10,981347,PROINBENI UPB GANDIA,AWAY,2711878,D. Ilincic,D. Ilincic,0,13.6,813.0,5.0,2.0,6.0,0.0,1.0,2.0,7.0,1.0,2.0,0.0,4.0,4.0,0.0,1.0,0.0,0.0,2.0,1.0,1.0,2.0,-6.0,31.7,28.6,14.3,28.6,0.7,0.0,2.0,0.0,31.0,19.0,0.0,0.0,0.0,11.3,32.0
2486917,10,981347,PROINBENI UPB GANDIA,AWAY,1996333,M. Montilla Diaz,M. Montilla Diaz,0,12.2,730.0,8.0,4.0,4.0,0.0,0.0,4.0,4.0,0.0,1.0,0.0,0.0,0.0,1.0,0.0,0.0,0.0,0.0,1.0,1.0,8.0,-2.0,90.1,100.0,0.0,25.0,2.0,0.0,1.0,0.0,0.0,0.0,22.7,0.0,0.0,0.0,17.8
2486917,10,981347,PROINBENI UPB GANDIA,AWAY,1827011,J. Soler Cirujeda,J. Soler Cirujeda,1,22.7,1360.0,7.0,0.0,0.0,1.0,2.0,1.0,2.0,4.0,4.0,0.0,2.0,2.0,2.0,4.0,0.0,0.0,0.0,2.0,4.0,8.0,5.0,93.1,75.0,100.0,200.0,0.0,1.5,1.0,0.0,9.3,5.7,12.7,0.0,0.0,51.5,16.8
2486917,10,981347,PROINBENI UPB GANDIA,AWAY,1851026,A. Bellver Valiente,A. Bellver Valiente,0,11.4,687.0,0.0,0.0,0.0,0.0,1.0,0.0,1.0,0.0,0.0,0.0,0.0,0.0,1.0,0.0,0.0,0.0,0.0,3.0,0.0,-3.0,-5.0,0.0,0.0,100.0,0.0,0.0,0.0,0.0,0.0,0.0,0.0,11.9,0.0,0.0,0.0,4.3
2486917,10,981347,PROINBENI UPB GANDIA,AWAY,2335802,J. Bitjaa Kody,J. Bitjaa Kody,1,26.4,1587.0,16.0,7.0,8.0,0.0,1.0,7.0,9.0,2.0,2.0,4.0,5.0,9.0,2.0,2.0,0.0,2.0,0.0,3.0,2.0,24.0,8.0,81.0,77.8,11.1,22.2,1.8,0.0,1.0,25.3,19.9,22.0,15.9,0.0,7.0,16.8,22.1
2486918,10,981490,CLUB ESPORTIU BÀSQUET LLÍRIA,HOME,2274877,K. Clement Aigbogun,K. Clement Aigbogun,1,18.1,1083.0,2.0,1.0,1.0,0.0,1.0,1.0,2.0,0.0,0.0,0.0,6.0,6.0,0.0,2.0,1.0,1.0,0.0,3.0,1.0,5.0,7.0,50.0,50.0,50.0,0.0,2.0,0.0,0.0,0.0,32.3,17.7,0.0,2.7,6.3,50.0,10.1
2486918,10,981490,CLUB ESPORTIU BÀSQUET LLÍRIA,HOME,2665346,D. Kandulu,D. Kandulu,0,17.7,1060.0,2.0,1.0,3.0,0.0,0.0,1.0,3.0,0.0,0.0,4.0,4.0,8.0,0.0,3.0,1.0,0.0,1.0,3.0,1.0,4.0,-2.0,33.3,33.3,0.0,0.0,0.7,0.0,0.0,26.6,22.0,24.1,0.0,2.8,0.0,50.0,15.5
2486918,10,981490,CLUB ESPORTIU BÀSQUET LLÍRIA,HOME,1702333,E. Herrera Sauret,E. Herrera Sauret,1,21.5,1292.0,12.0,3.0,5.0,0.0,3.0,3.0,8.0,6.0,7.0,0.0,5.0,5.0,4.0,2.0,2.0,1.0,1.0,3.0,4.0,17.0,-2.0,54.2,37.5,37.5,87.5,1.2,0.0,1.8,0.0,22.7,12.4,50.0,4.6,5.3,15.3,27.9
2486918,10,981490,CLUB ESPORTIU BÀSQUET LLÍRIA,HOME,1995160,D. Rivas Palmer,D. Rivas Palmer,1,23.5,1410.0,9.0,0.0,4.0,2.0,4.0,2.0,8.0,3.0,6.0,1.0,4.0,5.0,0.0,1.0,2.0,0.0,0.0,1.0,4.0,9.0,0.0,42.3,37.5,50.0,75.0,0.0,1.5,1.5,5.0,16.6,11.3,0.0,4.2,0.0,8.6,22.7
2486918,10,981490,CLUB ESPORTIU BÀSQUET LLÍRIA,HOME,1882178,J. Palamos Molins,J. Palamos Molins,0,24.9,1492.0,8.0,0.0,1.0,2.0,3.0,2.0,4.0,2.0,4.0,0.0,1.0,1.0,6.0,3.0,2.0,0.0,0.0,4.0,4.0,10.0,12.0,69.4,75.0,75.0,100.0,0.0,2.0,1.0,0.0,3.9,2.1,53.6,4.0,0.0,34.2,16.1
2486918,10,981490,CLUB ESPORTIU BÀSQUET LLÍRIA,HOME,2646201,H. Salomon,H. Salomon,0,9.7,584.0,3.0,0.0,3.0,1.0,2.0,1.0,5.0,0.0,0.0,0.0,0.0,0.0,0.0,0.0,1.0,0.0,0.0,0.0,0.0,0.0,8.0,30.0,30.0,40.0,0.0,0.0,1.5,0.0,0.0,0.0,0.0,0.0,5.1,0.0,0.0,23.6
2486918,10,981490,CLUB ESPORTIU BÀSQUET LLÍRIA,HOME,1560358,A. Meana Perez,A. Meana Perez,1,22.4,1345.0,6.0,0.0,2.0,1.0,3.0,1.0,5.0,3.0,4.0,2.0,3.0,5.0,4.0,5.0,0.0,0.0,0.0,3.0,6.0,8.0,-4.0,44.4,30.0,60.0,80.0,0.0,1.0,0.7,10.5,13.1,11.9,32.8,0.0,0.0,42.5,24.0
2486918,10,981490,CLUB ESPORTIU BÀSQUET LLÍRIA,HOME,1257494,V. Perez Tomas,V. Perez Tomas,0,11.0,660.0,5.0,2.0,3.0,0.0,1.0,2.0,4.0,1.0,1.0,0.0,0.0,0.0,0.0,2.0,0.0,0.0,0.0,1.0,2.0,2.0,0.0,56.3,50.0,25.0,25.0,1.3,0.0,0.5,0.0,0.0,0.0,0.0,0.0,0.0,31.1,26.8
2486918,10,981490,CLUB ESPORTIU BÀSQUET LLÍRIA,HOME,1761293,P. Bono Soler,P. Bono Soler,0,8.8,527.0,4.0,2.0,2.0,0.0,2.0,2.0,4.0,0.0,0.0,1.0,2.0,3.0,0.0,0.0,1.0,0.0,0.0,2.0,0.0,4.0,2.0,50.0,50.0,50.0,0.0,2.0,0.0,0.0,13.4,22.2,18.2,0.0,5.6,0.0,0.0,20.8
2486918,10,981490,CLUB ESPORTIU BÀSQUET LLÍRIA,HOME,2184821,M. Enabulele Ogunsuyi,M. Enabulele Ogunsuyi,1,22.1,1328.0,7.0,3.0,4.0,0.0,0.0,3.0,4.0,1.0,6.0,0.0,4.0,4.0,2.0,1.0,0.0,0.0,0.0,1.0,3.0,8.0,3.0,52.7,75.0,0.0,150.0,1.5,0.0,2.0,0.0,17.7,9.7,19.6,0.0,0.0,13.1,15.8
2486918,10,981490,CLUB ESPORTIU BÀSQUET LLÍRIA,HOME,2222436,S. Gallego Mogro,S. Gallego Mogro,0,20.3,1219.0,10.0,2.0,3.0,2.0,5.0,4.0,8.0,0.0,0.0,3.0,5.0,8.0,0.0,1.0,0.0,0.0,0.0,2.0,0.0,11.0,-9.0,62.5,62.5,62.5,0.0,1.3,1.2,0.0,17.4,24.0,21.0,0.0,0.0,0.0,11.1,20.3
2486918,10,981358,CIUDAD MOLINA BASKET,AWAY,2816300,A. Duval,A. Duval,1,23.0,1378.0,10.0,0.0,3.0,1.0,7.0,1.0,10.0,7.0,7.0,0.0,1.0,1.0,0.0,2.0,0.0,0.0,1.0,1.0,5.0,4.0,-10.0,38.2,15.0,70.0,70.0,0.0,0.4,1.4,0.0,5.1,2.3,0.0,0.0,0.0,13.3,29.8
2486918,10,981358,CIUDAD MOLINA BASKET,AWAY,1532799,R. Timoner Gimenez,R. Timoner Gimenez,1,27.7,1661.0,7.0,1.0,2.0,1.0,7.0,2.0,9.0,2.0,4.0,1.0,0.0,1.0,7.0,2.0,1.0,1.0,0.0,3.0,5.0,8.0,2.0,32.5,27.8,77.8,44.4,1.0,0.4,0.8,3.5,0.0,1.9,55.1,1.9,4.7,15.7,20.9
2486918,10,981358,CIUDAD MOLINA BASKET,AWAY,2146670,P. Campeny Lloveras,P. Campeny Lloveras,0,16.5,992.0,7.0,2.0,3.0,1.0,2.0,3.0,5.0,0.0,1.0,0.0,5.0,5.0,0.0,0.0,2.0,0.0,0.0,1.0,1.0,11.0,4.0,64.3,70.0,40.0,20.0,1.3,1.5,1.0,0.0,35.7,16.2,0.0,6.4,0.0,0.0,15.0
2486918,10,981358,CIUDAD MOLINA BASKET,AWAY,1514342,R. Martínez-Quintanilla Jiménez,R. Martínez-Quintanilla Jiménez,0,2.7,163.0,0.0,0.0,0.0,0.0,1.0,0.0,1.0,0.0,0.0,0.0,0.0,0.0,0.0,0.0,0.0,0.0,0.0,0.0,0.0,-1.0,-2.0,0.0,0.0,100.0,0.0,0.0,0.0,0.0,0.0,0.0,0.0,0.0,0.0,0.0,0.0,16.8
2486918,10,981358,CIUDAD MOLINA BASKET,AWAY,2816662,G. Miladinovic,G. Miladinovic,0,21.2,1275.0,6.0,2.0,4.0,0.0,0.0,2.0,4.0,2.0,2.0,1.0,5.0,6.0,0.0,2.0,0.0,0.0,0.0,3.0,2.0,7.0,3.0,61.5,50.0,0.0,50.0,1.0,0.0,1.0,4.6,27.7,15.1,0.0,0.0,0.0,29.1,14.8
2486918,10,981358,CIUDAD MOLINA BASKET,AWAY,2557720,M. Garcia Rosello,M. Garcia Rosello,1,26.6,1594.0,6.0,1.0,3.0,1.0,6.0,2.0,9.0,1.0,3.0,0.0,5.0,5.0,2.0,0.0,1.0,0.0,0.0,4.0,2.0,3.0,-10.0,29.1,27.8,66.7,33.3,0.7,0.5,1.5,0.0,22.1,10.0,15.7,2.0,0.0,0.0,17.6
2486918,10,981358,CIUDAD MOLINA BASKET,AWAY,2042118,F. Hernandez Martinez,F. Hernandez Martinez,0,17.5,1050.0,4.0,1.0,2.0,0.0,1.0,1.0,3.0,2.0,2.0,0.0,1.0,1.0,1.0,3.0,0.0,0.0,0.0,2.0,1.0,0.0,-1.0,51.5,33.3,33.3,66.7,1.0,0.0,2.0,0.0,6.7,3.0,13.5,0.0,0.0,43.6,17.9
2486918,10,981358,CIUDAD MOLINA BASKET,AWAY,2816661,M. Mukendi Mukendi,M. Mukendi Mukendi,1,18.8,1125.0,8.0,4.0,7.0,0.0,0.0,4.0,7.0,0.0,0.0,2.0,1.0,3.0,2.0,2.0,1.0,0.0,0.0,3.0,2.0,8.0,-6.0,57.1,57.1,0.0,0.0,1.1,0.0,0.0,10.4,6.3,8.5,30.8,2.8,0.0,22.2,21.8
2486918,10,981358,CIUDAD MOLINA BASKET,AWAY,1439463,C. Toledo Zamora,C. Toledo Zamora,1,25.6,1536.0,10.0,5.0,8.0,0.0,2.0,5.0,10.0,0.0,2.0,3.0,4.0,7.0,1.0,0.0,0.0,1.0,1.0,4.0,2.0,10.0,7.0,46.0,50.0,20.0,20.0,1.2,0.0,1.0,11.4,18.4,14.6,13.2,0.0,5.0,0.0,19.3
2486918,10,981358,CIUDAD MOLINA BASKET,AWAY,2032122,J. Tavelli,J. Tavelli,0,20.4,1226.0,7.0,0.0,3.0,1.0,3.0,1.0,6.0,4.0,4.0,0.0,1.0,1.0,4.0,2.0,5.0,0.0,0.0,4.0,2.0,8.0,-2.0,45.1,25.0,50.0,66.7,0.0,1.0,2.0,0.0,5.8,2.6,42.1,12.8,0.0,20.5,21.7
2486919,11,981514,SPANISH BASKETBALL ACADEMY,HOME,2643320,T. Trifonov,T. Trifonov,0,5.8,349.0,0.0,0.0,1.0,0.0,1.0,0.0,2.0,0.0,0.0,0.0,0.0,0.0,0.0,0.0,0.0,0.0,0.0,2.0,0.0,-4.0,-1.0,0.0,0.0,50.0,0.0,0.0,0.0,0.0,0.0,0.0,0.0,0.0,0.0,0.0,0.0,14.4
2486919,11,981514,SPANISH BASKETBALL ACADEMY,HOME,2436640,J. Puidet,J. Puidet,0,35.2,2112.0,20.0,0.0,2.0,6.0,7.0,6.0,9.0,2.0,4.0,1.0,3.0,4.0,1.0,1.0,1.0,0.0,1.0,3.0,3.0,20.0,0.0,92.9,100.0,77.8,44.4,0.0,2.6,1.3,3.3,10.4,6.8,5.4,1.4,0.0,8.5,13.9
2486919,11,981514,SPANISH BASKETBALL ACADEMY,HOME,2312124,S. Traore,S. Traore,0,15.2,912.0,3.0,1.0,2.0,0.0,0.0,1.0,2.0,1.0,2.0,2.0,4.0,6.0,0.0,1.0,0.0,0.0,0.0,4.0,3.0,5.0,1.0,52.1,50.0,0.0,100.0,1.0,0.0,0.7,15.3,32.1,23.5,0.0,0.0,0.0,25.8,10.7
2486919,11,981514,SPANISH BASKETBALL ACADEMY,HOME,1990032,M. Echeverria Fernandez,M. Echeverria Fernandez,1,31.2,1871.0,7.0,3.0,5.0,0.0,2.0,3.0,7.0,1.0,2.0,5.0,4.0,9.0,1.0,2.0,2.0,0.0,1.0,1.0,1.0,12.0,5.0,44.4,42.9,28.6,28.6,1.2,0.0,2.0,18.6,15.6,17.2,5.6,3.2,0.0,20.2,13.2
2486919,11,981514,SPANISH BASKETBALL ACADEMY,HOME,2846994,K. Curfman,K. Curfman,1,28.8,1729.0,6.0,1.0,2.0,1.0,5.0,2.0,7.0,1.0,2.0,0.0,0.0,0.0,2.0,4.0,2.0,0.0,0.0,0.0,3.0,3.0,7.0,38.1,35.7,71.4,28.6,1.0,0.6,0.7,0.0,0.0,0.0,10.5,3.5,0.0,33.7,17.2
2486919,11,981514,SPANISH BASKETBALL ACADEMY,HOME,1374966,A. Moreno Trujillo,A. Moreno Trujillo,0,29.2,1752.0,9.0,3.0,6.0,0.0,4.0,3.0,10.0,3.0,4.0,2.0,6.0,8.0,4.0,4.0,2.0,0.0,0.0,3.0,3.0,11.0,0.0,38.3,30.0,40.0,40.0,1.0,0.0,1.3,8.0,25.1,16.3,22.2,3.4,0.0,25.4,22.5
2486919,11,981514,SPANISH BASKETBALL ACADEMY,HOME,2816737,D. Simeunovic,D. Simeunovic,1,42.3,2538.0,26.0,8.0,17.0,2.0,7.0,10.0,24.0,4.0,6.0,2.0,10.0,12.0,6.0,5.0,0.0,1.0,1.0,2.0,6.0,28.0,-4.0,48.8,45.8,29.2,25.0,0.9,0.9,1.0,5.5,28.8,16.9,33.3,0.0,2.6,15.8,31.2
2486919,11,981514,SPANISH BASKETBALL ACADEMY,HOME,2752020,E. Medina Roa,E. Medina Roa,1,23.6,1415.0,15.0,5.0,6.0,0.0,0.0,5.0,6.0,5.0,7.0,2.0,4.0,6.0,0.0,2.0,0.0,0.0,0.0,4.0,6.0,18.0,8.0,82.6,83.3,0.0,116.7,1.7,0.0,1.2,9.9,20.7,15.1,0.0,0.0,0.0,18.1,19.6
2486919,11,981514,SPANISH BASKETBALL ACADEMY,HOME,1825944,R. Garcia Salame,R. Garcia Salame,1,38.7,2322.0,20.0,2.0,4.0,3.0,9.0,5.0,13.0,7.0,9.0,3.0,4.0,7.0,6.0,5.0,1.0,0.0,0.0,2.0,8.0,25.0,-6.0,59.0,50.0,69.2,69.2,1.0,1.0,1.1,9.0,12.6,10.8,26.1,1.3,0.0,22.8,23.7
2486919,11,981358,CIUDAD MOLINA BASKET,AWAY,2816300,A. Duval,A. Duval,0,22.1,1323.0,14.0,2.0,2.0,3.0,7.0,5.0,9.0,1.0,2.0,0.0,3.0,3.0,0.0,1.0,1.0,0.0,0.0,4.0,2.0,10.0,6.0,70.9,72.2,77.8,22.2,2.0,1.3,1.0,0.0,15.8,8.1,0.0,2.2,0.0,9.2,23.2
2486919,11,981358,CIUDAD MOLINA BASKET,AWAY,2334582,A. Lugo Nitsche,A. Lugo Nitsche,0,0.8,46.0,0.0,0.0,0.0,0.0,0.0,0.0,0.0,0.0,0.0,0.0,0.0,0.0,0.0,0.0,0.0,0.0,0.0,0.0,0.0,0.0,-1.0,0.0,0.0,0.0,0.0,0.0,0.0,0.0,0.0,0.0,0.0,0.0,0.0,0.0,0.0,0.0
2486919,11,981358,CIUDAD MOLINA BASKET,AWAY,1532799,R. Timoner Gimenez,R. Timoner Gimenez,1,41.2,2471.0,7.0,2.0,6.0,1.0,5.0,3.0,11.0,0.0,0.0,1.0,2.0,3.0,7.0,2.0,1.0,0.0,0.0,3.0,1.0,6.0,-6.0,31.8,31.8,45.5,0.0,0.7,0.6,0.0,3.0,5.7,4.3,26.3,1.2,0.0,15.4,14.9
2486919,11,981358,CIUDAD MOLINA BASKET,AWAY,2146670,P. Campeny Lloveras,P. Campeny Lloveras,1,20.4,1221.0,7.0,3.0,3.0,0.0,4.0,3.0,7.0,1.0,2.0,0.0,0.0,0.0,0.0,0.0,1.0,1.0,0.0,1.0,1.0,4.0,-7.0,44.4,42.9,57.1,28.6,2.0,0.0,2.0,0.0,0.0,0.0,0.0,2.4,5.5,0.0,18.2
2486919,11,981358,CIUDAD MOLINA BASKET,AWAY,1514342,R. Martínez-Quintanilla Jiménez,R. Martínez-Quintanilla Jiménez,0,11.5,689.0,0.0,0.0,1.0,0.0,1.0,0.0,2.0,0.0,0.0,0.0,2.0,2.0,0.0,0.0,1.0,0.0,1.0,3.0,1.0,-1.0,2.0,0.0,0.0,50.0,0.0,0.0,0.0,0.0,0.0,20.3,10.4,0.0,4.2,0.0,0.0,8.2
2486919,11,981358,CIUDAD MOLINA BASKET,AWAY,2816662,G. Miladinovic,G. Miladinovic,1,19.6,1174.0,5.0,1.0,2.0,0.0,1.0,1.0,3.0,3.0,4.0,0.0,1.0,1.0,2.0,3.0,1.0,1.0,0.0,5.0,2.0,1.0,3.0,52.5,33.3,33.3,133.3,1.0,0.0,2.0,0.0,5.9,3.0,14.5,2.5,5.7,38.7,18.7
2486919,11,981358,CIUDAD MOLINA BASKET,AWAY,2557720,M. Garcia Rosello,M. Garcia Rosello,0,33.0,1979.0,22.0,6.0,10.0,3.0,6.0,9.0,16.0,1.0,2.0,0.0,5.0,5.0,2.0,0.0,1.0,1.0,0.0,4.0,2.0,21.0,1.0,65.2,65.6,37.5,12.5,1.2,1.5,1.0,0.0,17.7,9.0,11.8,1.5,3.4,0.0,24.1
2486919,11,981358,CIUDAD MOLINA BASKET,AWAY,2042118,F. Hernandez Martinez,F. Hernandez Martinez,1,30.4,1821.0,13.0,1.0,3.0,3.0,6.0,4.0,9.0,2.0,2.0,0.0,1.0,1.0,0.0,1.0,0.0,0.0,0.0,2.0,1.0,7.0,-13.0,65.8,61.1,66.7,22.2,0.7,1.5,2.0,0.0,3.8,2.0,0.0,0.0,0.0,9.2,16.9
2486919,11,981358,CIUDAD MOLINA BASKET,AWAY,2816661,M. Mukendi Mukendi,M. Mukendi Mukendi,0,18.9,1135.0,9.0,2.0,6.0,0.0,0.0,2.0,6.0,5.0,5.0,1.0,5.0,6.0,0.0,2.0,0.0,0.0,0.0,5.0,3.0,7.0,-9.0,54.9,33.3,0.0,83.3,0.7,0.0,1.7,6.5,30.8,18.9,0.0,0.0,0.0,19.6,25.5
2486919,11,981358,CIUDAD MOLINA BASKET,AWAY,1439463,C. Toledo Zamora,C. Toledo Zamora,1,25.5,1528.0,12.0,4.0,8.0,0.0,1.0,4.0,9.0,4.0,11.0,4.0,3.0,7.0,1.0,2.0,1.0,0.0,0.0,5.0,7.0,9.0,-9.0,43.4,44.4,11.1,122.2,1.0,0.0,1.6,19.2,13.7,16.4,6.9,1.9,0.0,12.6,29.3
2486919,11,981358,CIUDAD MOLINA BASKET,AWAY,2032122,J. Tavelli,J. Tavelli,0,26.9,1613.0,15.0,5.0,5.0,1.0,1.0,6.0,6.0,2.0,2.0,0.0,4.0,4.0,6.0,4.0,4.0,0.0,0.0,1.0,1.0,25.0,23.0,109.0,108.3,16.7,33.3,2.0,3.0,2.0,0.0,17.3,8.9,48.0,7.2,0.0,36.8,19.1
2486920,11,981347,PROINBENI UPB GANDIA,HOME,1824880,G. Perez Ramirez,G. Perez Ramirez,0,21.6,1294.0,10.0,2.0,2.0,2.0,5.0,4.0,7.0,0.0,0.0,1.0,3.0,4.0,2.0,1.0,1.0,0.0,0.0,1.0,0.0,12.0,12.0,71.4,71.4,71.4,0.0,2.0,1.2,0.0,6.0,17.4,11.8,17.4,2.3,0.0,12.5,16.4
2486920,11,981347,PROINBENI UPB GANDIA,HOME,1837816,C. Hurtado Cervantes,C. Hurtado Cervantes,1,20.3,1220.0,4.0,0.0,2.0,0.0,4.0,0.0,6.0,4.0,6.0,0.0,1.0,1.0,3.0,3.0,0.0,0.0,0.0,5.0,7.0,-1.0,-6.0,23.1,0.0,66.7,100.0,0.0,0.0,0.9,0.0,6.2,3.1,19.4,0.0,0.0,25.8,25.4
2486920,11,981347,PROINBENI UPB GANDIA,HOME,2736564,K. Greeley,K. Greeley,1,21.9,1317.0,18.0,5.0,7.0,2.0,2.0,7.0,9.0,2.0,2.0,1.0,5.0,6.0,0.0,2.0,1.0,0.0,0.0,2.0,6.0,25.0,28.0,91.1,88.9,22.2,22.2,1.4,3.0,0.3,5.9,28.5,17.4,0.0,2.3,0.0,16.8,24.0
2486920,11,981347,PROINBENI UPB GANDIA,HOME,2378347,J. Molina Martinez,J. Molina Martinez,1,21.6,1298.0,4.0,2.0,2.0,0.0,0.0,2.0,2.0,0.0,0.0,2.0,3.0,5.0,3.0,0.0,1.0,1.0,0.0,3.0,0.0,11.0,12.0,100.0,100.0,0.0,0.0,2.0,0.0,0.0,11.9,17.4,14.7,22.2,2.3,6.6,0.0,4.1
2486920,11,981347,PROINBENI UPB GANDIA,HOME,1673764,L. Ferrando Ortells,L. Ferrando Ortells,0,17.2,1031.0,9.0,2.0,4.0,1.0,4.0,3.0,8.0,2.0,2.0,0.0,2.0,2.0,9.0,4.0,1.0,0.0,0.0,3.0,1.0,10.0,27.0,50.7,43.8,50.0,25.0,1.0,0.8,2.0,0.0,14.5,7.4,95.7,2.9,0.0,31.1,33.1
2486920,11,981347,PROINBENI UPB GANDIA,HOME,2711878,D. Ilincic,D. Ilincic,0,14.9,893.0,12.0,5.0,7.0,0.0,0.0,5.0,7.0,2.0,2.0,3.0,2.0,5.0,0.0,4.0,0.0,0.0,0.0,3.0,1.0,9.0,-3.0,76.1,71.4,0.0,28.6,1.4,0.0,2.0,26.0,16.8,21.3,0.0,0.0,0.0,33.7,35.3
2486920,11,981347,PROINBENI UPB GANDIA,HOME,1996333,M. Montilla Diaz,M. Montilla Diaz,1,18.1,1084.0,8.0,4.0,7.0,0.0,0.0,4.0,7.0,0.0,2.0,2.0,2.0,4.0,1.0,3.0,1.0,1.0,0.0,2.0,4.0,9.0,8.0,50.8,57.1,0.0,28.6,1.1,0.0,0.5,14.3,13.8,14.0,8.7,2.8,7.9,27.6,26.6
2486920,11,981347,PROINBENI UPB GANDIA,HOME,1827011,J. Soler Cirujeda,J. Soler Cirujeda,0,6.3,379.0,0.0,0.0,1.0,0.0,0.0,0.0,1.0,0.0,0.0,0.0,1.0,1.0,1.0,0.0,0.0,0.0,0.0,0.0,0.0,1.0,2.0,0.0,0.0,0.0,0.0,0.0,0.0,0.0,0.0,19.8,10.1,16.1,0.0,0.0,0.0,7.0
2486920,11,981347,PROINBENI UPB GANDIA,HOME,1857448,J. Santana Luchoro,J. Santana Luchoro,0,19.3,1158.0,7.0,2.0,4.0,1.0,3.0,3.0,7.0,0.0,0.0,1.0,1.0,2.0,1.0,3.0,0.0,2.0,0.0,3.0,0.0,2.0,1.0,50.0,50.0,42.9,0.0,1.0,1.0,0.0,6.7,6.5,6.6,8.0,0.0,14.8,30.0,22.9
2486920,11,981347,PROINBENI UPB GANDIA,HOME,1851026,A. Bellver Valiente,A. Bellver Valiente,0,17.1,1029.0,0.0,0.0,0.0,0.0,1.0,0.0,1.0,0.0,0.0,0.0,2.0,2.0,2.0,0.0,2.0,0.0,0.0,2.0,1.0,4.0,-10.0,0.0,0.0,100.0,0.0,0.0,0.0,0.0,0.0,14.6,7.4,16.1,5.8,0.0,0.0,2.6
2486920,11,981347,PROINBENI UPB GANDIA,HOME,2335802,J. Bitjaa Kody,J. Bitjaa Kody,1,18.3,1100.0,7.0,2.0,3.0,0.0,1.0,2.0,4.0,3.0,5.0,0.0,2.0,2.0,1.0,0.0,0.0,0.0,0.0,0.0,4.0,10.0,20.0,56.5,50.0,25.0,125.0,1.3,0.0,1.2,0.0,13.7,6.9,7.4,0.0,0.0,0.0,15.0
2486920,11,981347,PROINBENI UPB GANDIA,HOME,2261243,J. Barber Terrades,J. Barber Terrades,0,3.3,197.0,2.0,1.0,2.0,0.0,0.0,1.0,2.0,0.0,0.0,0.0,0.0,0.0,0.0,1.0,0.0,0.0,0.0,0.0,0.0,0.0,-6.0,50.0,50.0,0.0,0.0,1.0,0.0,0.0,0.0,0.0,0.0,0.0,0.0,0.0,33.3,40.2
2486920,11,981490,CLUB ESPORTIU BÀSQUET LLÍRIA,AWAY,2274877,K. Clement Aigbogun,K. Clement Aigbogun,1,18.6,1113.0,3.0,1.0,3.0,0.0,2.0,1.0,5.0,1.0,2.0,1.0,4.0,5.0,0.0,1.0,1.0,0.0,0.0,0.0,2.0,5.0,-12.0,25.5,20.0,40.0,40.0,0.7,0.0,1.0,6.7,27.7,17.1,0.0,2.7,0.0,14.5,16.8
2486920,11,981490,CLUB ESPORTIU BÀSQUET LLÍRIA,AWAY,2665346,D. Kandulu,D. Kandulu,0,15.7,940.0,4.0,2.0,5.0,0.0,0.0,2.0,5.0,0.0,0.0,3.0,4.0,7.0,0.0,5.0,1.0,0.0,0.0,5.0,1.0,0.0,-4.0,40.0,40.0,0.0,0.0,0.8,0.0,0.0,23.9,32.9,28.3,0.0,3.2,0.0,50.0,29.0
2486920,11,981490,CLUB ESPORTIU BÀSQUET LLÍRIA,AWAY,1702333,E. Herrera Sauret,E. Herrera Sauret,1,18.9,1137.0,11.0,4.0,5.0,1.0,4.0,5.0,9.0,0.0,0.0,1.0,1.0,2.0,2.0,3.0,1.0,0.0,1.0,2.0,1.0,8.0,7.0,61.1,61.1,44.4,0.0,1.6,0.8,0.0,6.6,6.8,6.7,36.4,2.6,0.0,25.0,28.9
2486920,11,981490,CLUB ESPORTIU BÀSQUET LLÍRIA,AWAY,1995160,D. Rivas Palmer,D. Rivas Palmer,1,19.7,1184.0,6.0,1.0,1.0,1.0,3.0,2.0,4.0,1.0,3.0,0.0,0.0,0.0,2.0,0.0,0.0,0.0,1.0,2.0,2.0,4.0,-9.0,56.4,62.5,75.0,75.0,2.0,1.0,1.5,0.0,0.0,0.0,23.5,0.0,0.0,0.0,12.3
2486920,11,981490,CLUB ESPORTIU BÀSQUET LLÍRIA,AWAY,1882178,J. Palamos Molins,J. Palamos Molins,0,15.4,925.0,5.0,0.0,1.0,1.0,4.0,1.0,5.0,2.0,2.0,0.0,0.0,0.0,2.0,4.0,2.0,0.0,1.0,5.0,5.0,1.0,-7.0,42.5,30.0,80.0,40.0,0.0,0.8,0.4,0.0,0.0,0.0,27.0,6.5,0.0,40.5,29.2
2486920,11,981490,CLUB ESPORTIU BÀSQUET LLÍRIA,AWAY,2646201,H. Salomon,H. Salomon,0,9.3,560.0,4.0,0.0,0.0,1.0,2.0,1.0,2.0,1.0,3.0,0.0,0.0,0.0,0.0,0.0,0.0,0.0,0.0,0.0,3.0,4.0,-17.0,60.2,75.0,100.0,150.0,0.0,1.5,1.0,0.0,0.0,0.0,0.0,0.0,0.0,0.0,16.2
2486920,11,981490,CLUB ESPORTIU BÀSQUET LLÍRIA,AWAY,1560358,A. Meana Perez,A. Meana Perez,1,26.0,1561.0,15.0,0.0,0.0,2.0,6.0,2.0,6.0,9.0,12.0,0.0,7.0,7.0,4.0,3.0,1.0,0.0,0.0,3.0,7.0,21.0,-6.0,66.5,50.0,100.0,200.0,0.0,1.0,1.7,0.0,34.7,17.1,31.5,1.9,0.0,21.0,25.0
2486920,11,981490,CLUB ESPORTIU BÀSQUET LLÍRIA,AWAY,1257494,V. Perez Tomas,V. Perez Tomas,0,19.0,1140.0,2.0,1.0,3.0,0.0,2.0,1.0,5.0,0.0,0.0,0.0,1.0,1.0,4.0,1.0,1.0,0.0,0.0,3.0,0.0,0.0,-16.0,20.0,20.0,40.0,0.0,0.7,0.0,0.0,0.0,6.8,3.3,42.1,2.6,0.0,16.7,14.4
2486920,11,981490,CLUB ESPORTIU BÀSQUET LLÍRIA,AWAY,1761293,P. Bono Soler,P. Bono Soler,0,16.1,968.0,0.0,0.0,2.0,0.0,0.0,0.0,2.0,0.0,0.0,0.0,3.0,3.0,0.0,1.0,0.0,0.0,1.0,1.0,0.0,-1.0,-19.0,0.0,0.0,0.0,0.0,0.0,0.0,0.0,0.0,24.0,11.8,0.0,0.0,0.0,33.3,8.5
2486920,11,981490,CLUB ESPORTIU BÀSQUET LLÍRIA,AWAY,2184821,M. Enabulele Ogunsuyi,M. Enabulele Ogunsuyi,1,20.8,1247.0,8.0,4.0,5.0,0.0,0.0,4.0,5.0,0.0,1.0,1.0,1.0,2.0,0.0,2.0,1.0,0.0,0.0,3.0,1.0,5.0,-8.0,73.5,80.0,0.0,20.0,1.6,0.0,1.0,6.0,6.2,6.1,0.0,2.4,0.0,26.9,16.3
2486920,11,981490,CLUB ESPORTIU BÀSQUET LLÍRIA,AWAY,2222436,S. Gallego Mogro,S. Gallego Mogro,0,20.4,1225.0,6.0,1.0,3.0,1.0,4.0,2.0,7.0,1.0,2.0,2.0,0.0,2.0,0.0,2.0,3.0,0.0,0.0,0.0,1.0,4.0,6.0,38.1,35.7,57.1,28.6,0.7,0.8,2.0,12.3,0.0,6.2,0.0,7.3,0.0,20.2,22.0
2486921,11,981491,C.B. GETAFE,HOME,2816388,M. Abdulsalam,M. Abdulsalam,1,19.1,1146.0,8.0,1.0,3.0,0.0,0.0,1.0,3.0,6.0,6.0,1.0,5.0,6.0,3.0,5.0,3.0,1.0,0.0,4.0,4.0,14.0,9.0,70.9,33.3,0.0,200.0,0.7,0.0,1.5,6.3,29.1,18.2,16.7,8.4,6.0,47.0,23.8
2486921,11,981491,C.B. GETAFE,HOME,1789964,E. Ortiz Torres,E. Ortiz Torres,0,11.0,662.0,0.0,0.0,1.0,0.0,3.0,0.0,4.0,0.0,0.0,2.0,0.0,2.0,3.0,1.0,1.0,0.0,1.0,5.0,1.0,-3.0,2.0,0.0,0.0,75.0,0.0,0.0,0.0,0.0,22.0,0.0,10.5,26.3,4.9,0.0,20.0,19.4
2486921,11,981491,C.B. GETAFE,HOME,2816390,A. Akinwole,A. Akinwole,0,19.9,1195.0,13.0,3.0,4.0,2.0,4.0,5.0,8.0,1.0,1.0,1.0,1.0,2.0,4.0,1.0,0.0,0.0,0.0,1.0,2.0,16.0,11.0,77.0,75.0,50.0,12.5,1.5,1.5,0.5,6.1,5.6,5.8,28.6,0.0,0.0,10.6,20.3
2486921,11,981491,C.B. GETAFE,HOME,2815898,C. Henderson,C. Henderson,1,22.6,1355.0,15.0,3.0,6.0,3.0,7.0,6.0,13.0,0.0,0.0,0.0,2.0,2.0,1.0,1.0,1.0,0.0,1.0,0.0,0.0,11.0,16.0,57.7,57.7,53.8,0.0,1.0,1.3,0.0,0.0,9.8,5.1,6.0,2.4,0.0,7.1,26.5
2486921,11,981491,C.B. GETAFE,HOME,1328788,M. Alvarez Puertas,M. Alvarez Puertas,0,20.6,1233.0,9.0,3.0,4.0,1.0,2.0,4.0,6.0,0.0,0.0,3.0,3.0,6.0,3.0,0.0,0.0,0.0,1.0,0.0,1.0,17.0,9.0,75.0,75.0,33.3,0.0,1.5,1.5,0.0,17.7,16.2,16.9,20.0,0.0,0.0,0.0,12.5
2486921,11,981491,C.B. GETAFE,HOME,1674978,G. Mulero Maldonado,G. Mulero Maldonado,0,22.4,1342.0,15.0,5.0,8.0,1.0,2.0,6.0,10.0,2.0,3.0,2.0,3.0,5.0,1.0,0.0,2.0,0.0,1.0,3.0,5.0,20.0,25.0,66.3,65.0,20.0,30.0,1.2,1.5,0.6,10.8,14.9,12.9,6.0,4.8,0.0,0.0,21.6
2486921,11,981491,C.B. GETAFE,HOME,1582089,J. Parra Baez,J. Parra Baez,1,26.3,1579.0,16.0,3.0,5.0,2.0,7.0,5.0,12.0,4.0,4.0,5.0,7.0,12.0,7.0,1.0,1.0,0.0,1.0,1.0,2.0,29.0,9.0,58.1,50.0,58.3,33.3,1.2,0.9,2.0,23.0,29.6,26.5,32.4,2.0,0.0,6.8,24.0
2486921,11,981491,C.B. GETAFE,HOME,1820240,P. Arribas Gomez,P. Arribas Gomez,1,15.0,902.0,4.0,0.0,2.0,1.0,3.0,1.0,5.0,1.0,2.0,0.0,1.0,1.0,0.0,1.0,0.0,0.0,0.0,1.0,2.0,0.0,12.0,34.0,30.0,60.0,40.0,0.0,1.0,1.0,0.0,7.4,3.9,0.0,0.0,0.0,14.5,19.6
2486921,11,981491,C.B. GETAFE,HOME,2816389,J. Nve Maleva,J. Nve Maleva,0,17.6,1058.0,4.0,2.0,3.0,0.0,0.0,2.0,3.0,0.0,0.0,1.0,5.0,6.0,2.0,0.0,0.0,0.0,0.0,2.0,1.0,10.0,20.0,66.7,66.7,0.0,0.0,1.3,0.0,0.0,6.9,31.6,19.8,15.2,0.0,0.0,0.0,7.3
2486921,11,981491,C.B. GETAFE,HOME,1876223,A. Montero Isla,A. Montero Isla,1,25.5,1528.0,19.0,6.0,7.0,2.0,4.0,8.0,11.0,1.0,1.0,1.0,0.0,1.0,6.0,1.0,2.0,0.0,0.0,2.0,3.0,25.0,27.0,83.0,81.8,36.4,9.1,1.7,1.5,0.3,4.8,0.0,2.3,40.5,4.2,0.0,8.0,20.9
2486921,11,981275,MADERAS SORLI BENICARLO,AWAY,2467065,A. Ikpeze,A. Ikpeze,0,12.8,767.0,4.0,2.0,3.0,0.0,0.0,2.0,3.0,0.0,0.0,1.0,0.0,1.0,0.0,0.0,0.0,0.0,0.0,3.0,0.0,1.0,-16.0,66.7,66.7,0.0,0.0,1.3,0.0,0.0,8.7,0.0,4.5,0.0,0.0,0.0,0.0,11.2
2486921,11,981275,MADERAS SORLI BENICARLO,AWAY,2534405,L. Soumbey-Alley,L. Soumbey-Alley,1,22.8,1367.0,3.0,0.0,4.0,1.0,4.0,1.0,8.0,0.0,0.0,0.0,1.0,1.0,1.0,1.0,1.0,0.0,0.0,5.0,1.0,-6.0,-11.0,18.8,18.8,50.0,0.0,0.0,0.8,0.0,0.0,5.3,2.5,6.3,2.3,0.0,11.1,18.9
2486921,11,981275,MADERAS SORLI BENICARLO,AWAY,1485040,A. Haro Val,A. Haro Val,1,28.1,1686.0,8.0,0.0,1.0,2.0,8.0,2.0,9.0,2.0,2.0,0.0,1.0,1.0,5.0,3.0,0.0,0.0,0.0,0.0,3.0,7.0,-23.0,40.5,33.3,88.9,22.2,0.0,0.8,0.7,0.0,4.3,2.1,28.4,0.0,0.0,23.3,22.0
2486921,11,981275,MADERAS SORLI BENICARLO,AWAY,1998365,P. Harguindey Maneiro,P. Harguindey Maneiro,1,31.9,1912.0,13.0,3.0,3.0,2.0,3.0,5.0,6.0,1.0,1.0,0.0,2.0,2.0,1.0,1.0,2.0,1.0,0.0,2.0,3.0,18.0,-28.0,100.9,100.0,50.0,16.7,2.0,2.0,0.3,0.0,7.6,3.6,5.7,3.2,2.9,13.4,11.2
2486921,11,981275,MADERAS SORLI BENICARLO,AWAY,2500822,M. Voronin,M. Voronin,0,10.1,603.0,3.0,0.0,1.0,1.0,3.0,1.0,4.0,0.0,0.0,1.0,0.0,1.0,0.0,0.0,0.0,0.0,0.0,0.0,0.0,1.0,-6.0,37.5,37.5,75.0,0.0,0.0,1.0,0.0,11.0,0.0,5.7,0.0,0.0,0.0,0.0,19.0
2486921,11,981275,MADERAS SORLI BENICARLO,AWAY,1659850,A. Prior Ruiz,A. Prior Ruiz,0,20.3,1220.0,10.0,3.0,4.0,1.0,3.0,4.0,7.0,1.0,2.0,2.0,3.0,5.0,4.0,0.0,0.0,2.0,0.0,0.0,1.0,18.0,-14.0,63.5,64.3,42.9,28.6,1.5,1.0,2.0,10.9,17.9,14.3,40.0,0.0,9.2,0.0,18.6
2486921,11,981275,MADERAS SORLI BENICARLO,AWAY,2219986,A. Libroia,A. Libroia,0,27.6,1654.0,11.0,3.0,6.0,1.0,4.0,4.0,10.0,2.0,2.0,0.0,3.0,3.0,5.0,3.0,2.0,0.0,1.0,3.0,3.0,12.0,-13.0,50.6,45.0,40.0,20.0,1.0,0.8,0.7,0.0,13.2,6.3,32.1,3.7,0.0,21.6,24.1
2486921,11,981275,MADERAS SORLI BENICARLO,AWAY,2250610,A. Sanchez Perdiguero,A. Sanchez Perdiguero,1,26.8,1609.0,13.0,5.0,8.0,0.0,3.0,5.0,11.0,3.0,7.0,5.0,6.0,11.0,2.0,3.0,1.0,1.0,0.0,3.0,6.0,18.0,-12.0,46.2,45.5,27.3,63.6,1.2,0.0,1.2,20.7,27.1,23.8,13.7,1.9,3.5,17.6,30.5
2486921,11,981275,MADERAS SORLI BENICARLO,AWAY,2439615,O. Ndour,O. Ndour,1,19.7,1182.0,10.0,4.0,5.0,0.0,0.0,4.0,5.0,2.0,3.0,0.0,1.0,1.0,1.0,2.0,0.0,1.0,0.0,5.0,2.0,6.0,-17.0,79.1,80.0,0.0,60.0,1.6,0.0,1.5,0.0,6.2,2.9,10.0,0.0,4.7,24.0,20.2
2486922,11,979996,AMICS CASTELLÓ,HOME,2149001,R. Fabrega Urpina,R. Fabrega Urpina,0,25.6,1538.0,10.0,3.0,5.0,1.0,3.0,4.0,8.0,1.0,2.0,0.0,7.0,7.0,8.0,0.0,1.0,0.0,1.0,0.0,2.0,23.0,12.0,56.3,56.2,37.5,25.0,1.2,1.0,1.0,0.0,32.2,15.0,65.6,2.1,0.0,0.0,16.3
2486922,11,979996,AMICS CASTELLÓ,HOME,273780,J. Faner Catala,J. Faner Catala,1,21.8,1305.0,8.0,0.0,0.0,2.0,6.0,2.0,6.0,2.0,2.0,1.0,2.0,3.0,2.0,1.0,2.0,0.0,0.0,2.0,0.0,8.0,7.0,58.1,50.0,100.0,33.3,0.0,1.0,0.0,4.7,10.8,7.5,17.4,5.0,0.0,12.7,17.0
2486922,11,979996,AMICS CASTELLÓ,HOME,2818901,O. Russell,O. Russell,0,21.8,1305.0,14.0,3.0,4.0,1.0,5.0,4.0,9.0,5.0,7.0,1.0,1.0,2.0,0.0,2.0,1.0,0.0,0.0,3.0,6.0,11.0,3.0,57.9,50.0,55.6,77.8,1.5,0.6,1.2,4.7,5.4,5.0,0.0,2.5,0.0,14.2,30.3
2486922,11,979996,AMICS CASTELLÓ,HOME,2816147,D. Bah,D. Bah,0,25.0,1499.0,8.0,3.0,6.0,0.0,0.0,3.0,6.0,2.0,4.0,3.0,2.0,5.0,0.0,1.0,0.0,1.0,1.0,3.0,4.0,9.0,12.0,51.5,50.0,0.0,66.7,1.0,0.0,1.0,12.3,9.4,11.0,0.0,0.0,3.8,11.4,16.4
2486922,11,979996,AMICS CASTELLÓ,HOME,1817496,P. Garcia Carrero,P. Garcia Carrero,0,27.6,1656.0,6.0,3.0,7.0,0.0,2.0,3.0,9.0,0.0,1.0,1.0,7.0,8.0,2.0,1.0,0.0,1.0,0.0,0.0,3.0,12.0,12.0,31.8,33.3,22.2,11.1,0.9,0.0,0.3,3.7,29.8,15.9,12.6,0.0,3.5,9.6,17.8
2486922,11,979996,AMICS CASTELLÓ,HOME,2816738,K. Newton,K. Newton,1,16.5,992.0,14.0,0.0,2.0,4.0,11.0,4.0,13.0,2.0,2.0,0.0,2.0,2.0,1.0,1.0,0.0,0.0,0.0,3.0,1.0,5.0,10.0,50.4,46.2,84.6,15.4,0.0,1.1,2.0,0.0,14.3,6.6,14.7,0.0,0.0,6.7,42.3
2486922,11,979996,AMICS CASTELLÓ,HOME,2743181,K.  Baoko,K.  Baoko,1,4.0,239.0,3.0,1.0,2.0,0.0,0.0,1.0,2.0,1.0,2.0,0.0,0.0,0.0,0.0,1.0,1.0,0.0,1.0,0.0,1.0,2.0,-2.0,52.1,50.0,0.0,100.0,1.0,0.0,2.0,0.0,0.0,0.0,0.0,13.7,0.0,25.8,45.5
2486922,11,979996,AMICS CASTELLÓ,HOME,1840859,V. Rodriguez Gil,V. Rodriguez Gil,0,8.8,525.0,0.0,0.0,0.0,0.0,0.0,0.0,0.0,0.0,0.0,0.0,0.0,0.0,0.0,0.0,1.0,0.0,0.0,0.0,1.0,2.0,4.0,0.0,0.0,0.0,0.0,0.0,0.0,0.0,0.0,0.0,0.0,0.0,6.2,0.0,0.0,0.0
2486922,11,979996,AMICS CASTELLÓ,HOME,2641325,M. Andreatta,M. Andreatta,1,16.6,994.0,4.0,2.0,3.0,0.0,0.0,2.0,3.0,0.0,0.0,1.0,2.0,3.0,0.0,0.0,0.0,0.0,0.0,3.0,0.0,3.0,2.0,66.7,66.7,0.0,0.0,1.3,0.0,0.0,6.2,14.2,9.9,0.0,0.0,0.0,0.0,8.5
2486922,11,979996,AMICS CASTELLÓ,HOME,1627889,A. Tamayo Lesmes,A. Tamayo Lesmes,1,32.5,1947.0,11.0,2.0,5.0,2.0,8.0,4.0,13.0,1.0,1.0,1.0,4.0,5.0,1.0,0.0,1.0,0.0,0.0,2.0,1.0,8.0,0.0,40.9,38.5,61.5,7.7,0.8,0.8,1.0,3.2,14.5,8.4,5.7,1.7,0.0,0.0,19.4
2486922,11,979897,BUENO ARENAS ALBACETE BASKET,AWAY,2772828,F. Andrade Amiel,F. Andrade Amiel,1,25.4,1527.0,3.0,0.0,4.0,1.0,2.0,1.0,6.0,0.0,0.0,1.0,2.0,3.0,2.0,3.0,1.0,0.0,1.0,2.0,2.0,1.0,-6.0,25.0,25.0,33.3,0.0,0.0,1.5,0.0,4.6,8.1,6.5,13.7,2.0,0.0,33.3,17.8
2486922,11,979897,BUENO ARENAS ALBACETE BASKET,AWAY,1371559,V. Aguilar Hernandez,V. Aguilar Hernandez,1,24.6,1476.0,4.0,2.0,4.0,0.0,4.0,2.0,8.0,0.0,0.0,0.0,5.0,5.0,4.0,3.0,1.0,0.0,0.0,2.0,0.0,3.0,-7.0,25.0,25.0,50.0,0.0,1.0,0.0,0.0,0.0,20.8,11.1,29.4,2.1,0.0,27.3,22.4
2486922,11,979897,BUENO ARENAS ALBACETE BASKET,AWAY,2813013,N. Reid,N. Reid,1,28.5,1710.0,6.0,3.0,4.0,0.0,1.0,3.0,5.0,0.0,0.0,1.0,1.0,2.0,1.0,0.0,1.0,0.0,0.0,4.0,0.0,4.0,-6.0,60.0,60.0,20.0,0.0,1.5,0.0,0.0,4.1,3.6,3.8,6.6,1.8,0.0,0.0,8.8
2486922,11,979897,BUENO ARENAS ALBACETE BASKET,AWAY,1947396,V. Muñoz Quiñones,V. Muñoz Quiñones,1,25.1,1506.0,11.0,3.0,6.0,0.0,0.0,3.0,6.0,5.0,6.0,0.0,3.0,3.0,0.0,0.0,0.0,2.0,0.0,4.0,6.0,14.0,-11.0,63.7,50.0,0.0,100.0,1.0,0.0,1.0,0.0,12.3,6.5,0.0,0.0,9.4,0.0,17.2
2486922,11,979897,BUENO ARENAS ALBACETE BASKET,AWAY,2432962,S. Merlo,S. Merlo,0,26.4,1587.0,10.0,5.0,9.0,0.0,1.0,5.0,10.0,0.0,0.0,1.0,9.0,10.0,2.0,3.0,3.0,0.0,0.0,2.0,2.0,17.0,-6.0,50.0,50.0,10.0,0.0,1.1,0.0,0.0,4.5,35.0,20.8,15.2,5.9,0.0,23.1,24.7
2486922,11,979897,BUENO ARENAS ALBACETE BASKET,AWAY,1603635,J. Gonzalez Albadalejo,J. Gonzalez Albadalejo,0,24.1,1446.0,19.0,4.0,8.0,3.0,8.0,7.0,16.0,2.0,2.0,0.0,1.0,1.0,2.0,1.0,0.0,0.0,0.0,3.0,4.0,13.0,-5.0,56.3,53.1,50.0,12.5,1.0,1.1,0.5,0.0,4.3,2.3,23.3,0.0,0.0,5.6,37.2
2486922,11,979897,BUENO ARENAS ALBACETE BASKET,AWAY,2817541,O. Bramble,O. Bramble,0,19.6,1175.0,1.0,0.0,2.0,0.0,0.0,0.0,2.0,1.0,2.0,1.0,7.0,8.0,0.0,1.0,1.0,0.0,1.0,2.0,1.0,5.0,-13.0,17.4,0.0,0.0,100.0,0.0,0.0,2.0,6.0,36.6,22.4,0.0,2.6,0.0,25.8,9.9
2486922,11,979897,BUENO ARENAS ALBACETE BASKET,AWAY,1981843,B. Vanaclocha Sanchez,B. Vanaclocha Sanchez,0,6.4,382.0,4.0,2.0,2.0,0.0,0.0,2.0,2.0,0.0,1.0,2.0,2.0,4.0,0.0,0.0,0.0,0.0,0.0,1.0,1.0,7.0,-3.0,82.0,100.0,0.0,50.0,2.0,0.0,1.0,36.8,32.1,34.2,0.0,0.0,0.0,0.0,19.1
2486922,11,979897,BUENO ARENAS ALBACETE BASKET,AWAY,2432412,J. Hierrezuelo Serer,J. Hierrezuelo Serer,1,19.9,1191.0,8.0,1.0,3.0,2.0,5.0,3.0,8.0,0.0,0.0,1.0,1.0,2.0,0.0,1.0,0.0,1.0,0.0,2.0,0.0,3.0,-3.0,50.0,50.0,62.5,0.0,0.7,1.2,0.0,5.9,5.2,5.5,0.0,0.0,5.9,11.1,22.7
2486923,11,981294,C.B. ZARAGOZA,HOME,1802050,D. Muñoz Samatan,D. Muñoz Samatan,0,10.2,613.0,3.0,1.0,2.0,0.0,0.0,1.0,2.0,1.0,2.0,1.0,0.0,1.0,1.0,0.0,0.0,0.0,0.0,1.0,1.0,3.0,-3.0,52.1,50.0,0.0,100.0,1.0,0.0,2.0,12.3,0.0,5.2,10.9,0.0,0.0,0.0,12.2
2486923,11,981294,C.B. ZARAGOZA,HOME,1798932,D. Arjol Lopez,D. Arjol Lopez,1,31.5,1891.0,17.0,5.0,8.0,2.0,3.0,7.0,11.0,1.0,4.0,1.0,1.0,2.0,4.0,1.0,2.0,0.0,1.0,2.0,5.0,20.0,7.0,66.6,72.7,27.3,36.4,1.2,2.0,0.8,4.0,3.0,3.4,19.8,3.2,0.0,7.3,18.9
2486923,11,981294,C.B. ZARAGOZA,HOME,1250976,O. Alvarado Rodriguez,O. Alvarado Rodriguez,1,20.9,1255.0,3.0,0.0,1.0,1.0,3.0,1.0,4.0,0.0,0.0,0.0,1.0,1.0,2.0,3.0,0.0,0.0,0.0,2.0,1.0,-1.0,14.0,37.5,37.5,75.0,0.0,0.0,1.0,0.0,0.0,4.5,2.6,12.5,0.0,0.0,42.9,14.5
2486923,11,981294,C.B. ZARAGOZA,HOME,2816551,G. Georgiou,G. Georgiou,0,9.2,551.0,2.0,1.0,1.0,0.0,1.0,1.0,2.0,0.0,0.0,0.0,2.0,2.0,0.0,1.0,0.0,0.0,0.0,2.0,0.0,0.0,4.0,50.0,50.0,50.0,0.0,2.0,0.0,0.0,0.0,20.2,11.6,0.0,0.0,0.0,33.3,14.1
2486923,11,981294,C.B. ZARAGOZA,HOME,361567,E. Gatell Sanz,E. Gatell Sanz,1,29.8,1787.0,8.0,3.0,6.0,0.0,0.0,3.0,6.0,2.0,2.0,4.0,8.0,12.0,7.0,4.0,0.0,2.0,0.0,3.0,3.0,22.0,23.0,58.1,50.0,0.0,33.3,1.0,0.0,0.7,16.8,25.0,21.5,33.7,0.0,5.7,36.8,15.8
2486923,11,981294,C.B. ZARAGOZA,HOME,1861515,P. Aso Jimenez,P. Aso Jimenez,1,23.2,1395.0,2.0,1.0,1.0,0.0,2.0,1.0,3.0,0.0,0.0,2.0,1.0,3.0,1.0,1.0,0.0,0.0,0.0,2.0,1.0,2.0,6.0,33.3,33.3,66.7,0.0,2.0,0.0,0.0,10.8,4.0,6.9,5.2,0.0,0.0,25.0,7.5
2486923,11,981294,C.B. ZARAGOZA,HOME,1446949,J. Jiménez Jiménez,J. Jiménez Jiménez,0,22.4,1345.0,18.0,2.0,5.0,3.0,7.0,5.0,12.0,5.0,6.0,0.0,4.0,4.0,0.0,2.0,0.0,0.0,0.0,2.0,5.0,15.0,13.0,61.5,54.2,58.3,50.0,0.8,1.3,1.2,0.0,16.6,9.5,0.0,0.0,0.0,12.0,32.1
2486923,11,981294,C.B. ZARAGOZA,HOME,2815312,J. Zhao Olmos,J. Zhao Olmos,0,23.8,1426.0,17.0,6.0,9.0,1.0,6.0,7.0,15.0,2.0,2.0,1.0,1.0,2.0,0.0,1.0,2.0,0.0,2.0,0.0,3.0,15.0,13.0,53.5,50.0,40.0,13.3,1.3,0.5,0.7,5.3,3.9,4.5,0.0,4.2,0.0,5.9,30.7
2486923,11,981294,C.B. ZARAGOZA,HOME,1556128,G. Colom Barrufet,G. Colom Barrufet,0,3.8,228.0,2.0,1.0,2.0,0.0,1.0,1.0,3.0,0.0,0.0,0.0,2.0,2.0,1.0,1.0,0.0,0.0,0.0,0.0,0.0,2.0,6.0,33.3,33.3,33.3,0.0,1.0,0.0,0.0,0.0,49.0,28.1,41.7,0.0,0.0,25.0,45.5
2486923,11,981294,C.B. ZARAGOZA,HOME,1910411,A. Aragones Navais,A. Aragones Navais,1,25.1,1509.0,17.0,5.0,6.0,2.0,6.0,7.0,12.0,1.0,1.0,1.0,7.0,8.0,4.0,1.0,1.0,0.0,0.0,2.0,1.0,23.0,17.0,68.3,66.7,50.0,8.3,1.7,1.0,1.0,5.0,25.9,17.0,29.9,2.0,0.0,7.4,23.2
2486923,11,981216,CLASS BASQUET SANT ANTONI,AWAY,2534687,G. Gantt,G. Gantt,0,25.5,1530.0,10.0,2.0,2.0,2.0,8.0,4.0,10.0,0.0,0.0,1.0,2.0,3.0,0.0,0.0,0.0,0.0,0.0,2.0,0.0,5.0,-16.0,50.0,50.0,80.0,0.0,2.0,0.8,0.0,3.6,9.8,6.3,0.0,0.0,0.0,0.0,16.5
2486923,11,981216,CLASS BASQUET SANT ANTONI,AWAY,1394852,G. Blat Baeza,G. Blat Baeza,0,21.9,1316.0,3.0,0.0,1.0,1.0,5.0,1.0,6.0,0.0,2.0,0.0,4.0,4.0,4.0,1.0,1.0,0.0,0.0,4.0,2.0,2.0,-6.0,21.8,25.0,83.3,33.3,0.0,0.6,1.0,0.0,22.8,9.7,30.8,2.2,0.0,12.7,15.1
2486923,11,981216,CLASS BASQUET SANT ANTONI,AWAY,2815818,K. Johnson,K. Johnson,1,17.0,1020.0,13.0,5.0,7.0,1.0,3.0,6.0,10.0,0.0,0.0,1.0,0.0,1.0,1.0,1.0,0.0,1.0,1.0,2.0,0.0,9.0,-9.0,65.0,65.0,30.0,0.0,1.4,1.0,0.0,5.5,0.0,3.1,19.2,0.0,5.7,9.1,27.2
2486923,11,981216,CLASS BASQUET SANT ANTONI,AWAY,1528610,J. Rodriguez Jimenez,J. Rodriguez Jimenez,0,8.9,537.0,0.0,0.0,0.0,0.0,1.0,0.0,1.0,0.0,0.0,1.0,1.0,2.0,0.0,0.0,0.0,0.0,0.0,0.0,0.0,1.0,-2.0,0.0,0.0,100.0,0.0,0.0,0.0,0.0,10.5,14.0,12.0,0.0,0.0,0.0,0.0,4.7
2486923,11,981216,CLASS BASQUET SANT ANTONI,AWAY,2363916,D. De La Rua De Agustin,D. De La Rua De Agustin,1,24.1,1443.0,0.0,0.0,5.0,0.0,3.0,0.0,8.0,0.0,0.0,0.0,1.0,1.0,5.0,2.0,2.0,0.0,0.0,0.0,6.0,4.0,-20.0,0.0,0.0,37.5,0.0,0.0,0.0,0.0,0.0,5.2,2.2,29.8,4.0,0.0,20.0,17.4
2486923,11,981216,CLASS BASQUET SANT ANTONI,AWAY,1397157,R. Gomez Barral,R. Gomez Barral,1,16.6,996.0,5.0,2.0,5.0,0.0,3.0,2.0,8.0,1.0,1.0,4.0,4.0,8.0,1.0,2.0,1.0,0.0,0.0,3.0,2.0,6.0,-8.0,29.6,25.0,37.5,12.5,0.8,0.0,0.5,22.4,30.1,25.7,10.9,2.9,0.0,19.2,26.4
2486923,11,981216,CLASS BASQUET SANT ANTONI,AWAY,2462416,E. Stoilov,E. Stoilov,1,16.4,984.0,6.0,2.0,5.0,0.0,0.0,2.0,5.0,2.0,2.0,2.0,3.0,5.0,1.0,1.0,0.0,0.0,0.0,2.0,1.0,7.0,-5.0,51.0,40.0,0.0,40.0,0.8,0.0,2.0,11.3,22.9,16.3,10.9,0.0,0.0,14.5,17.6
2486923,11,981216,CLASS BASQUET SANT ANTONI,AWAY,1834527,S. Paz Vazquez,S. Paz Vazquez,1,22.3,1339.0,13.0,3.0,4.0,2.0,7.0,5.0,11.0,1.0,2.0,1.0,1.0,2.0,1.0,3.0,3.0,0.0,0.0,1.0,1.0,9.0,-5.0,54.7,54.5,63.6,18.2,1.5,0.9,2.0,4.2,5.6,4.8,8.5,6.5,0.0,20.2,28.0
2486923,11,981216,CLASS BASQUET SANT ANTONI,AWAY,2128433,N. Zizic,N. Zizic,0,23.6,1416.0,8.0,4.0,11.0,0.0,0.0,4.0,11.0,0.0,0.0,2.0,2.0,4.0,0.0,0.0,1.0,2.0,0.0,1.0,0.0,7.0,-15.0,36.4,36.4,0.0,0.0,0.7,0.0,0.0,7.9,10.6,9.0,0.0,2.1,8.3,0.0,19.6
2486923,11,981216,CLASS BASQUET SANT ANTONI,AWAY,2182043,J. Solarin,J. Solarin,0,10.7,641.0,3.0,0.0,2.0,1.0,1.0,1.0,3.0,0.0,0.0,0.0,0.0,0.0,0.0,1.0,0.0,0.0,0.0,1.0,0.0,-1.0,-14.0,50.0,50.0,33.3,0.0,0.0,3.0,0.0,0.0,0.0,0.0,0.0,0.0,0.0,25.0,15.7
2486923,11,981216,CLASS BASQUET SANT ANTONI,AWAY,1878691,I. Ruiz Gonzalez,I. Ruiz Gonzalez,0,13.0,778.0,8.0,3.0,5.0,0.0,0.0,3.0,5.0,2.0,5.0,4.0,4.0,8.0,1.0,1.0,0.0,0.0,1.0,4.0,4.0,11.0,0.0,55.6,60.0,0.0,100.0,1.2,0.0,1.2,28.6,38.5,32.8,18.5,0.0,0.0,12.2,26.5
2486924,11,981207,OCA GLOBAL C.B. SALOU,HOME,2451495,D. Knowles,D. Knowles,0,23.3,1396.0,14.0,7.0,8.0,0.0,0.0,7.0,8.0,0.0,2.0,2.0,3.0,5.0,1.0,0.0,0.0,0.0,0.0,2.0,1.0,16.0,10.0,78.8,87.5,0.0,25.0,1.8,0.0,2.0,8.8,14.7,11.6,9.6,0.0,0.0,0.0,16.4
2486924,11,981207,OCA GLOBAL C.B. SALOU,HOME,1938487,A. Llorca Castillo,A. Llorca Castillo,1,28.7,1723.0,23.0,4.0,6.0,4.0,8.0,8.0,14.0,3.0,4.0,1.0,1.0,2.0,2.0,2.0,2.0,0.0,2.0,4.0,3.0,19.0,13.0,73.0,71.4,57.1,28.6,1.3,1.5,1.3,3.6,4.0,3.8,16.3,3.5,0.0,11.3,26.7
2486924,11,981207,OCA GLOBAL C.B. SALOU,HOME,1271466,D. Cuellar Garcia,D. Cuellar Garcia,1,36.5,2190.0,11.0,2.0,2.0,2.0,7.0,4.0,9.0,1.0,2.0,2.0,9.0,11.0,0.0,4.0,1.0,0.0,0.0,2.0,3.0,14.0,-9.0,55.7,55.6,77.8,22.2,2.0,0.9,0.7,5.6,28.2,16.3,0.0,1.4,0.0,28.8,16.4
2486924,11,981207,OCA GLOBAL C.B. SALOU,HOME,2242531,E. Moure Colombo,E. Moure Colombo,1,14.0,841.0,1.0,0.0,5.0,0.0,0.0,0.0,5.0,1.0,2.0,1.0,1.0,2.0,2.0,0.0,2.0,0.0,1.0,2.0,1.0,0.0,-13.0,8.5,0.0,0.0,40.0,0.0,0.0,2.0,7.3,8.2,7.7,23.0,7.1,0.0,0.0,18.1
2486924,11,981207,OCA GLOBAL C.B. SALOU,HOME,1967605,E. Sims Serra,E. Sims Serra,0,4.3,257.0,0.0,0.0,1.0,0.0,2.0,0.0,3.0,0.0,0.0,0.0,0.0,0.0,1.0,0.0,1.0,0.0,0.0,1.0,0.0,-2.0,2.0,0.0,0.0,66.7,0.0,0.0,0.0,0.0,0.0,0.0,0.0,34.5,11.6,0.0,0.0,30.1
2486924,11,981207,OCA GLOBAL C.B. SALOU,HOME,2827753,O. Okenchi,O. Okenchi,1,16.7,1004.0,4.0,2.0,4.0,0.0,0.0,2.0,4.0,0.0,0.0,1.0,1.0,2.0,1.0,3.0,1.0,0.0,0.0,4.0,1.0,0.0,-12.0,50.0,50.0,0.0,0.0,1.0,0.0,0.0,6.1,6.8,6.5,10.4,3.0,0.0,42.9,18.1
2486924,11,981207,OCA GLOBAL C.B. SALOU,HOME,2825543,D. Jackson,D. Jackson,1,33.4,2005.0,13.0,4.0,10.0,1.0,5.0,5.0,15.0,2.0,3.0,3.0,5.0,8.0,3.0,2.0,1.0,0.0,2.0,4.0,4.0,12.0,-6.0,39.8,36.7,33.3,20.0,0.8,0.6,0.8,9.2,17.1,12.9,16.5,1.5,0.0,10.9,23.7
2486924,11,981207,OCA GLOBAL C.B. SALOU,HOME,1610350,E. Martinez Pretel,E. Martinez Pretel,0,26.0,1559.0,4.0,2.0,4.0,0.0,1.0,2.0,5.0,0.0,0.0,0.0,3.0,3.0,4.0,3.0,0.0,0.0,0.0,3.0,5.0,7.0,11.0,40.0,40.0,20.0,0.0,1.0,0.0,0.0,0.0,13.2,6.2,21.9,0.0,0.0,37.5,13.3
2486924,11,981207,OCA GLOBAL C.B. SALOU,HOME,1438515,A. Morales Ros,A. Morales Ros,0,17.1,1025.0,3.0,0.0,4.0,1.0,4.0,1.0,8.0,0.0,0.0,0.0,1.0,1.0,0.0,2.0,2.0,0.0,1.0,4.0,1.0,-6.0,-6.0,18.8,18.8,50.0,0.0,0.0,0.8,0.0,0.0,6.7,3.2,0.0,5.8,0.0,20.0,25.2
2486924,11,981281,LOBE HUESCA LA MAGIA,AWAY,2151562,O. Thiam Pedrera,O. Thiam Pedrera,0,6.5,389.0,0.0,0.0,1.0,0.0,0.0,0.0,1.0,0.0,0.0,2.0,1.0,3.0,0.0,0.0,0.0,0.0,0.0,1.0,0.0,1.0,-3.0,0.0,0.0,0.0,0.0,0.0,0.0,0.0,35.2,15.8,24.9,0.0,0.0,0.0,0.0,6.8
2486924,11,981281,LOBE HUESCA LA MAGIA,AWAY,2273469,O. Bieshaar,O. Bieshaar,1,27.2,1633.0,10.0,1.0,3.0,1.0,5.0,2.0,8.0,5.0,6.0,1.0,4.0,5.0,2.0,1.0,2.0,0.0,0.0,2.0,3.0,12.0,9.0,47.0,31.2,62.5,75.0,0.7,0.6,2.0,4.2,15.1,9.9,16.7,3.6,0.0,8.6,18.8
2486924,11,981281,LOBE HUESCA LA MAGIA,AWAY,1756469,H. Figueroa Álvarez,H. Figueroa Álvarez,1,23.1,1387.0,11.0,1.0,3.0,2.0,7.0,3.0,10.0,3.0,3.0,3.0,4.0,7.0,3.0,1.0,0.0,0.0,0.0,3.0,3.0,13.0,-7.0,48.6,40.0,70.0,30.0,0.7,0.9,1.0,14.8,17.8,16.4,33.3,0.0,0.0,8.1,23.4
2486924,11,981281,LOBE HUESCA LA MAGIA,AWAY,1759956,I. Corraliza Coba,I. Corraliza Coba,1,31.9,1915.0,17.0,2.0,3.0,1.0,5.0,3.0,8.0,10.0,11.0,1.0,0.0,1.0,3.0,1.0,2.0,1.0,0.0,0.0,6.0,23.0,10.0,66.2,43.8,62.5,137.5,1.3,0.6,1.8,3.6,0.0,1.7,23.1,3.0,2.8,7.2,19.1
2486924,11,981281,LOBE HUESCA LA MAGIA,AWAY,2815292,A. Smith,A. Smith,0,25.9,1554.0,11.0,2.0,6.0,1.0,7.0,3.0,13.0,4.0,4.0,1.0,1.0,2.0,1.0,2.0,1.0,2.0,0.0,4.0,3.0,4.0,14.0,37.3,26.9,53.8,30.8,0.7,0.4,1.3,4.4,4.0,4.2,11.1,1.9,7.0,11.9,28.4
2486924,11,981281,LOBE HUESCA LA MAGIA,AWAY,2815923,M. Carreira Kreps,M. Carreira Kreps,0,10.3,618.0,3.0,0.0,0.0,1.0,3.0,1.0,3.0,0.0,0.0,1.0,1.0,2.0,0.0,2.0,0.0,0.0,0.0,1.0,0.0,0.0,-3.0,50.0,50.0,100.0,0.0,0.0,1.0,0.0,11.1,10.0,10.5,0.0,0.0,0.0,40.0,21.3
2486924,11,981281,LOBE HUESCA LA MAGIA,AWAY,2823388,J. Fritz,J. Fritz,0,19.9,1194.0,7.0,1.0,3.0,1.0,1.0,2.0,4.0,2.0,2.0,1.0,5.0,6.0,0.0,3.0,0.0,1.0,0.0,0.0,2.0,11.0,-4.0,71.7,62.5,25.0,50.0,0.7,3.0,1.0,5.7,25.8,16.3,0.0,0.0,4.6,38.1,17.4
2486924,11,981281,LOBE HUESCA LA MAGIA,AWAY,2815543,A. Badmus,A. Badmus,1,20.1,1206.0,7.0,3.0,5.0,0.0,0.0,3.0,5.0,1.0,4.0,0.0,5.0,5.0,0.0,3.0,1.0,2.0,0.0,3.0,4.0,8.0,6.0,51.8,60.0,0.0,80.0,1.2,0.0,1.0,0.0,25.5,13.4,0.0,2.4,9.0,30.7,21.3
2486924,11,981281,LOBE HUESCA LA MAGIA,AWAY,1761508,P. Lopez-Sanvicente Reta,P. Lopez-Sanvicente Reta,0,8.8,531.0,4.0,0.0,0.0,1.0,2.0,1.0,2.0,1.0,2.0,0.0,0.0,0.0,0.0,1.0,0.0,0.0,0.0,0.0,1.0,2.0,-7.0,69.4,75.0,100.0,100.0,0.0,1.5,2.0,0.0,0.0,0.0,0.0,0.0,0.0,25.8,19.4
2486924,11,981281,LOBE HUESCA LA MAGIA,AWAY,2116811,G. Rodriguez Soler,G. Rodriguez Soler,0,7.7,460.0,0.0,0.0,0.0,0.0,2.0,0.0,2.0,0.0,0.0,0.0,0.0,0.0,0.0,1.0,1.0,0.0,0.0,1.0,0.0,-3.0,-8.0,0.0,0.0,100.0,0.0,0.0,0.0,0.0,0.0,0.0,0.0,0.0,6.3,0.0,33.3,17.1
2486924,11,981281,LOBE HUESCA LA MAGIA,AWAY,2054954,G. Vazquez Vallejo,G. Vazquez Vallejo,1,18.6,1113.0,5.0,1.0,1.0,1.0,4.0,2.0,5.0,0.0,0.0,1.0,8.0,9.0,1.0,1.0,1.0,0.0,0.0,5.0,2.0,9.0,3.0,50.0,50.0,80.0,0.0,2.0,0.8,0.0,6.1,44.1,26.2,12.5,2.6,0.0,16.7,14.2
2486925,11,981305,SOL GIRONÈS BISBAL BÀSQUET,HOME,1446313,J. Carrasco Martin,J. Carrasco Martin,0,1.7,101.0,0.0,0.0,0.0,0.0,0.0,0.0,0.0,0.0,0.0,0.0,1.0,1.0,0.0,0.0,0.0,0.0,0.0,1.0,0.0,0.0,-3.0,0.0,0.0,0.0,0.0,0.0,0.0,0.0,0.0,69.2,31.0,0.0,0.0,0.0,0.0,0.0
2486925,11,981305,SOL GIRONÈS BISBAL BÀSQUET,HOME,2851798,F. Adebayo,F. Adebayo,1,27.3,1638.0,3.0,1.0,3.0,0.0,0.0,1.0,3.0,1.0,3.0,1.0,1.0,2.0,4.0,2.0,1.0,1.0,0.0,3.0,4.0,6.0,-6.0,34.7,33.3,0.0,100.0,0.7,0.0,0.8,3.5,4.3,3.9,27.8,1.8,3.9,31.6,10.0
2486925,11,981305,SOL GIRONÈS BISBAL BÀSQUET,HOME,1964254,P. Sala Vallmajo,P. Sala Vallmajo,0,5.7,344.0,0.0,0.0,0.0,0.0,0.0,0.0,0.0,0.0,0.0,0.0,0.0,0.0,0.0,0.0,0.0,0.0,0.0,1.0,0.0,-1.0,-8.0,0.0,0.0,0.0,0.0,0.0,0.0,0.0,0.0,0.0,0.0,0.0,0.0,0.0,0.0,0.0
2486925,11,981305,SOL GIRONÈS BISBAL BÀSQUET,HOME,2814887,P. Renane,P. Renane,1,22.4,1341.0,6.0,0.0,4.0,2.0,4.0,2.0,8.0,0.0,0.0,4.0,5.0,9.0,2.0,1.0,1.0,0.0,0.0,0.0,1.0,12.0,4.0,37.5,37.5,50.0,0.0,0.0,1.5,0.0,17.0,26.3,21.1,17.9,2.2,0.0,11.1,17.3
2486925,11,981305,SOL GIRONÈS BISBAL BÀSQUET,HOME,1227597,I. Valera Corominas,I. Valera Corominas,0,13.5,809.0,0.0,0.0,1.0,0.0,1.0,0.0,2.0,0.0,0.0,0.0,1.0,1.0,0.0,1.0,0.0,0.0,0.0,0.0,1.0,-1.0,-12.0,0.0,0.0,50.0,0.0,0.0,0.0,0.0,0.0,8.7,3.9,0.0,0.0,0.0,33.3,9.6
2486925,11,981305,SOL GIRONÈS BISBAL BÀSQUET,HOME,1829525,M. Mikhailov Paltarak,M. Mikhailov Paltarak,1,30.2,1814.0,21.0,10.0,19.0,0.0,0.0,10.0,19.0,1.0,2.0,3.0,10.0,13.0,0.0,2.0,1.0,1.0,0.0,4.0,2.0,22.0,9.0,52.8,52.6,0.0,10.5,1.1,0.0,1.0,9.5,39.0,22.7,0.0,1.6,3.5,9.1,31.1
2486925,11,981305,SOL GIRONÈS BISBAL BÀSQUET,HOME,2815520,N. Okeke,N. Okeke,0,26.8,1605.0,13.0,2.0,7.0,2.0,5.0,4.0,12.0,3.0,3.0,0.0,2.0,2.0,0.0,1.0,4.0,0.0,0.0,3.0,3.0,10.0,-2.0,48.8,41.7,41.7,25.0,0.6,1.2,1.0,0.0,8.8,3.9,0.0,7.4,0.0,7.0,23.0
2486925,11,981305,SOL GIRONÈS BISBAL BÀSQUET,HOME,1400270,B. Alvarez Torres,B. Alvarez Torres,1,27.9,1674.0,9.0,0.0,5.0,1.0,7.0,1.0,12.0,6.0,6.0,1.0,2.0,3.0,4.0,3.0,4.0,0.0,0.0,0.0,3.0,9.0,1.0,30.7,12.5,58.3,50.0,0.0,0.4,2.0,3.4,8.4,5.7,27.8,7.1,0.0,17.0,27.2
2486925,11,981305,SOL GIRONÈS BISBAL BÀSQUET,HOME,2815176,S. Kane,S. Kane,0,9.8,586.0,2.0,1.0,3.0,0.0,0.0,1.0,3.0,0.0,0.0,1.0,1.0,2.0,0.0,3.0,0.0,0.0,0.0,2.0,0.0,-3.0,-15.0,33.3,33.3,0.0,0.0,0.7,0.0,0.0,9.7,12.0,10.7,0.0,0.0,0.0,50.0,26.3
2486925,11,981305,SOL GIRONÈS BISBAL BÀSQUET,HOME,1198592,X. Torrent Bayé,X. Torrent Bayé,1,34.8,2088.0,10.0,1.0,6.0,2.0,7.0,3.0,13.0,2.0,2.0,2.0,3.0,5.0,6.0,1.0,2.0,0.0,1.0,3.0,7.0,16.0,2.0,36.0,30.8,53.8,15.4,0.3,0.9,0.3,5.5,10.1,7.6,35.7,2.8,0.0,6.7,18.4
2486925,11,981428,HOMS U.E.MATARÓ,AWAY,2162105,F. Garrido Teban,F. Garrido Teban,1,8.2,491.0,0.0,0.0,0.0,0.0,2.0,0.0,2.0,0.0,0.0,0.0,3.0,3.0,0.0,0.0,0.0,1.0,0.0,0.0,0.0,2.0,9.0,0.0,0.0,100.0,0.0,0.0,0.0,0.0,0.0,34.8,19.3,0.0,0.0,10.2,0.0,11.0
2486925,11,981428,HOMS U.E.MATARÓ,AWAY,1914611,J. Boix Colet,J. Boix Colet,1,32.5,1951.0,13.0,3.0,7.0,1.0,1.0,4.0,8.0,4.0,5.0,2.0,4.0,6.0,3.0,1.0,2.0,0.0,1.0,4.0,6.0,20.0,15.0,63.7,56.2,12.5,62.5,0.9,3.0,0.8,7.2,11.7,9.7,18.8,3.0,0.0,8.9,15.5
2486925,11,981428,HOMS U.E.MATARÓ,AWAY,2813591,S. Hall,S. Hall,0,18.4,1106.0,2.0,1.0,5.0,0.0,2.0,1.0,7.0,0.0,0.0,2.0,3.0,5.0,0.0,0.0,2.0,0.0,0.0,0.0,0.0,3.0,-10.0,14.3,14.3,28.6,0.0,0.4,0.0,0.0,12.8,15.5,14.3,0.0,5.4,0.0,0.0,17.1
2486925,11,981428,HOMS U.E.MATARÓ,AWAY,1591966,J. Castillo Carrasco,J. Castillo Carrasco,0,11.9,715.0,5.0,1.0,1.0,1.0,3.0,2.0,4.0,0.0,0.0,0.0,2.0,2.0,1.0,1.0,0.0,0.0,0.0,0.0,2.0,7.0,15.0,62.5,62.5,75.0,0.0,2.0,1.0,0.0,0.0,16.0,8.8,18.2,0.0,0.0,20.0,18.9
2486925,11,981428,HOMS U.E.MATARÓ,AWAY,1568569,J. Juanola Madera,J. Juanola Madera,1,33.9,2036.0,19.0,6.0,9.0,2.0,3.0,8.0,12.0,1.0,1.0,0.0,2.0,2.0,2.0,6.0,1.0,0.0,1.0,3.0,2.0,13.0,13.0,76.4,75.0,25.0,8.3,1.3,2.0,0.5,0.0,5.6,3.1,16.7,1.5,0.0,32.5,24.4
2486925,11,981428,HOMS U.E.MATARÓ,AWAY,1927150,N. Ferrer Iglesia,N. Ferrer Iglesia,0,3.6,217.0,3.0,0.0,0.0,1.0,1.0,1.0,1.0,0.0,0.0,0.0,2.0,2.0,0.0,0.0,0.0,0.0,0.0,1.0,0.0,4.0,7.0,150.0,150.0,100.0,0.0,0.0,3.0,0.0,0.0,52.9,29.2,0.0,0.0,0.0,0.0,12.5
2486925,11,981428,HOMS U.E.MATARÓ,AWAY,2319991,S. Niang Beye,S. Niang Beye,0,18.9,1137.0,4.0,2.0,3.0,0.0,2.0,2.0,5.0,0.0,2.0,1.0,6.0,7.0,0.0,1.0,2.0,0.0,0.0,3.0,1.0,5.0,-10.0,34.0,40.0,40.0,40.0,1.3,0.0,2.0,6.2,30.2,19.5,0.0,5.2,0.0,14.5,16.4
2486925,11,981428,HOMS U.E.MATARÓ,AWAY,1942837,G. Martinez Rivera,G. Martinez Rivera,1,25.1,1509.0,12.0,3.0,7.0,0.0,2.0,3.0,9.0,6.0,6.0,2.0,3.0,5.0,0.0,5.0,1.0,0.0,0.0,4.0,3.0,6.0,0.0,51.5,33.3,22.2,66.7,0.9,0.0,2.0,9.4,11.4,10.5,0.0,2.0,0.0,30.0,29.8
2486925,11,981428,HOMS U.E.MATARÓ,AWAY,2813635,E. Kalu,E. Kalu,1,22.5,1351.0,3.0,1.0,5.0,0.0,0.0,1.0,5.0,1.0,2.0,0.0,3.0,3.0,0.0,1.0,1.0,0.0,0.0,3.0,1.0,-1.0,8.0,25.5,20.0,0.0,40.0,0.4,0.0,2.0,0.0,12.7,7.0,0.0,2.2,0.0,14.5,13.7
2486925,11,981428,HOMS U.E.MATARÓ,AWAY,1920919,E. Coll Comabella,E. Coll Comabella,0,7.5,449.0,0.0,0.0,1.0,0.0,2.0,0.0,3.0,0.0,0.0,0.0,0.0,0.0,0.0,1.0,0.0,0.0,0.0,0.0,0.0,-4.0,-9.0,0.0,0.0,66.7,0.0,0.0,0.0,0.0,0.0,0.0,0.0,0.0,0.0,0.0,25.0,24.0
2486925,11,981428,HOMS U.E.MATARÓ,AWAY,1073368,A. Ventura Pedreño,A. Ventura Pedreño,0,17.3,1038.0,9.0,0.0,0.0,3.0,6.0,3.0,6.0,0.0,0.0,1.0,2.0,3.0,0.0,4.0,0.0,0.0,0.0,4.0,2.0,3.0,-8.0,75.0,75.0,100.0,0.0,0.0,1.5,0.0,6.8,11.0,9.1,0.0,0.0,0.0,40.0,26.0
2486926,12,981514,SPANISH BASKETBALL ACADEMY,HOME,2436640,J. Puidet,J. Puidet,0,23.9,1434.0,4.0,1.0,2.0,0.0,4.0,1.0,6.0,2.0,2.0,4.0,3.0,7.0,1.0,2.0,1.0,0.0,0.0,1.0,1.0,6.0,-2.0,29.1,16.7,66.7,33.3,1.0,0.0,2.0,22.3,15.7,18.9,5.7,2.1,0.0,22.5,16.2
2486926,12,981514,SPANISH BASKETBALL ACADEMY,HOME,2312124,S. Traore,S. Traore,0,16.8,1007.0,9.0,4.0,5.0,0.0,0.0,4.0,5.0,1.0,3.0,3.0,5.0,8.0,0.0,1.0,1.0,1.0,0.0,4.0,2.0,13.0,3.0,71.2,80.0,0.0,60.0,1.6,0.0,1.5,23.8,37.2,30.7,0.0,3.0,7.2,13.7,19.0
2486926,12,981514,SPANISH BASKETBALL ACADEMY,HOME,1990032,M. Echeverria Fernandez,M. Echeverria Fernandez,1,21.6,1293.0,5.0,2.0,2.0,0.0,0.0,2.0,2.0,1.0,2.0,2.0,1.0,3.0,0.0,2.0,1.0,0.0,0.0,1.0,1.0,6.0,11.0,86.8,100.0,0.0,100.0,2.0,0.0,2.0,12.3,5.8,9.0,0.0,2.4,0.0,41.0,9.8
2486926,12,981514,SPANISH BASKETBALL ACADEMY,HOME,2846994,K. Curfman,K. Curfman,1,24.2,1453.0,9.0,0.0,0.0,3.0,7.0,3.0,7.0,0.0,0.0,0.0,0.0,0.0,1.0,2.0,0.0,0.0,0.0,3.0,0.0,1.0,12.0,64.3,64.3,100.0,0.0,0.0,1.3,0.0,0.0,0.0,0.0,6.4,0.0,0.0,22.2,16.2
2486926,12,981514,SPANISH BASKETBALL ACADEMY,HOME,2065452,J. Santano Bartolome,J. Santano Bartolome,0,9.2,550.0,4.0,0.0,0.0,0.0,0.0,0.0,0.0,4.0,6.0,0.0,0.0,0.0,0.0,1.0,0.0,0.0,0.0,1.0,3.0,3.0,-1.0,75.8,0.0,0.0,0.0,0.0,0.0,2.0,0.0,0.0,0.0,0.0,0.0,0.0,27.5,17.2
2486926,12,981514,SPANISH BASKETBALL ACADEMY,HOME,1374966,A. Moreno Trujillo,A. Moreno Trujillo,0,18.6,1118.0,7.0,1.0,3.0,1.0,4.0,2.0,7.0,2.0,2.0,0.0,3.0,3.0,3.0,3.0,1.0,1.0,0.0,5.0,3.0,5.0,2.0,44.4,35.7,57.1,28.6,0.7,0.8,0.7,0.0,20.2,10.4,22.2,2.7,6.5,27.6,25.5
2486926,12,981514,SPANISH BASKETBALL ACADEMY,HOME,2816737,D. Simeunovic,D. Simeunovic,1,40.0,2400.0,21.0,8.0,12.0,0.0,5.0,8.0,17.0,5.0,8.0,1.0,7.0,8.0,3.0,4.0,4.0,0.0,0.0,1.0,6.0,25.0,7.0,51.2,47.1,29.4,47.1,1.3,0.0,1.3,3.3,21.9,12.9,13.0,5.1,0.0,16.3,26.7
2486926,12,981514,SPANISH BASKETBALL ACADEMY,HOME,2752020,E. Medina Roa,E. Medina Roa,1,14.3,856.0,10.0,5.0,6.0,0.0,0.0,5.0,6.0,0.0,0.0,3.0,4.0,7.0,0.0,2.0,1.0,0.0,0.0,4.0,0.0,11.0,4.0,83.3,83.3,0.0,0.0,1.7,0.0,0.0,28.0,35.0,31.6,0.0,3.6,0.0,25.0,24.4
2486926,12,981514,SPANISH BASKETBALL ACADEMY,HOME,1825944,R. Garcia Salame,R. Garcia Salame,1,31.5,1889.0,16.0,4.0,7.0,2.0,4.0,6.0,11.0,2.0,6.0,1.0,4.0,5.0,5.0,1.0,2.0,0.0,0.0,2.0,7.0,23.0,-1.0,58.7,63.6,36.4,54.5,1.1,1.5,0.9,4.2,15.9,10.2,26.6,3.2,0.0,6.8,20.3
2486926,12,981428,HOMS U.E.MATARÓ,AWAY,2162105,F. Garrido Teban,F. Garrido Teban,1,18.5,1110.0,3.0,0.0,0.0,1.0,1.0,1.0,1.0,0.0,0.0,0.0,1.0,1.0,1.0,3.0,1.0,0.0,0.0,4.0,1.0,0.0,9.0,150.0,150.0,100.0,0.0,0.0,3.0,0.0,0.0,7.2,3.5,8.0,2.8,0.0,75.0,10.3
2486926,12,981428,HOMS U.E.MATARÓ,AWAY,1914611,J. Boix Colet,J. Boix Colet,1,28.9,1732.0,21.0,4.0,10.0,4.0,4.0,8.0,14.0,1.0,4.0,1.0,3.0,4.0,3.0,3.0,2.0,0.0,2.0,4.0,4.0,18.0,1.0,66.6,71.4,28.6,28.6,0.8,3.0,1.0,4.3,13.8,8.9,27.5,3.6,0.0,16.0,31.0
2486926,12,981428,HOMS U.E.MATARÓ,AWAY,2813591,S. Hall,S. Hall,0,10.6,634.0,0.0,0.0,2.0,0.0,0.0,0.0,2.0,0.0,0.0,1.0,1.0,2.0,0.0,0.0,0.0,0.0,0.0,1.0,1.0,0.0,-17.0,0.0,0.0,0.0,0.0,0.0,0.0,0.0,11.8,12.6,12.2,0.0,0.0,0.0,0.0,9.0
2486926,12,981428,HOMS U.E.MATARÓ,AWAY,1591966,J. Castillo Carrasco,J. Castillo Carrasco,0,10.7,642.0,0.0,0.0,0.0,0.0,2.0,0.0,2.0,0.0,0.0,0.0,0.0,0.0,0.0,1.0,0.0,0.0,0.0,2.0,0.0,-5.0,5.0,0.0,0.0,100.0,0.0,0.0,0.0,0.0,0.0,0.0,0.0,0.0,0.0,0.0,33.3,13.4
2486926,12,981428,HOMS U.E.MATARÓ,AWAY,1568569,J. Juanola Madera,J. Juanola Madera,1,29.1,1749.0,16.0,0.0,2.0,3.0,5.0,3.0,7.0,7.0,8.0,0.0,1.0,1.0,3.0,5.0,1.0,0.0,0.0,2.0,5.0,14.0,-11.0,76.0,64.3,71.4,114.3,0.0,1.8,1.6,0.0,4.6,2.2,18.9,1.8,0.0,32.2,25.5
2486926,12,981428,HOMS U.E.MATARÓ,AWAY,1927150,N. Ferrer Iglesia,N. Ferrer Iglesia,0,14.0,842.0,7.0,2.0,2.0,1.0,1.0,3.0,3.0,0.0,1.0,0.0,0.0,0.0,1.0,0.0,1.0,0.0,0.0,0.0,2.0,10.0,7.0,101.7,116.7,33.3,33.3,2.0,3.0,0.5,0.0,0.0,0.0,19.6,3.7,0.0,0.0,11.7
2486926,12,981428,HOMS U.E.MATARÓ,AWAY,2319991,S. Niang Beye,S. Niang Beye,0,24.9,1494.0,8.0,1.0,2.0,2.0,7.0,3.0,9.0,0.0,0.0,1.0,2.0,3.0,2.0,1.0,0.0,0.0,0.0,2.0,1.0,5.0,-5.0,44.4,44.4,77.8,0.0,1.0,0.9,0.0,5.0,10.7,7.8,15.2,0.0,0.0,10.0,19.2
2486926,12,981428,HOMS U.E.MATARÓ,AWAY,1942837,G. Martinez Rivera,G. Martinez Rivera,1,24.7,1480.0,11.0,4.0,8.0,0.0,2.0,4.0,10.0,3.0,5.0,0.0,3.0,3.0,0.0,2.0,3.0,0.0,0.0,4.0,4.0,7.0,-5.0,45.1,40.0,20.0,50.0,1.0,0.0,1.2,0.0,16.2,7.8,0.0,6.2,0.0,14.1,27.5
2486926,12,981428,HOMS U.E.MATARÓ,AWAY,2813635,E. Kalu,E. Kalu,1,15.7,939.0,8.0,3.0,3.0,0.0,0.0,3.0,3.0,2.0,2.0,0.0,3.0,3.0,0.0,0.0,0.0,0.0,0.0,3.0,3.0,11.0,-5.0,103.1,100.0,0.0,66.7,2.0,0.0,0.7,0.0,25.5,12.3,0.0,0.0,0.0,0.0,11.8
2486926,12,981428,HOMS U.E.MATARÓ,AWAY,1920919,E. Coll Comabella,E. Coll Comabella,0,5.6,337.0,0.0,0.0,1.0,0.0,0.0,0.0,1.0,0.0,0.0,0.0,0.0,0.0,0.0,0.0,0.0,0.0,0.0,1.0,0.0,-2.0,-10.0,0.0,0.0,0.0,0.0,0.0,0.0,0.0,0.0,0.0,0.0,0.0,0.0,0.0,0.0,8.5
2486926,12,981428,HOMS U.E.MATARÓ,AWAY,1073368,A. Ventura Pedreño,A. Ventura Pedreño,0,17.4,1041.0,4.0,2.0,3.0,0.0,2.0,2.0,5.0,0.0,2.0,2.0,2.0,4.0,1.0,2.0,1.0,0.0,0.0,0.0,1.0,4.0,-4.0,34.0,40.0,40.0,40.0,1.3,0.0,2.0,14.4,15.3,14.8,11.4,3.0,0.0,25.4,21.6
2486927,12,981281,LOBE HUESCA LA MAGIA,HOME,2151562,O. Thiam Pedrera,O. Thiam Pedrera,0,20.2,1211.0,4.0,2.0,3.0,0.0,3.0,2.0,6.0,0.0,0.0,0.0,3.0,3.0,0.0,4.0,2.0,0.0,0.0,2.0,1.0,0.0,14.0,33.3,33.3,50.0,0.0,1.3,0.0,0.0,0.0,14.9,8.4,0.0,4.6,0.0,40.0,20.1
2486927,12,981281,LOBE HUESCA LA MAGIA,HOME,2273469,O. Bieshaar,O. Bieshaar,1,18.8,1127.0,2.0,1.0,3.0,0.0,1.0,1.0,4.0,0.0,0.0,2.0,2.0,4.0,3.0,1.0,0.0,0.0,0.0,2.0,0.0,3.0,14.0,25.0,25.0,25.0,0.0,0.7,0.0,0.0,13.7,10.6,12.0,18.2,0.0,0.0,20.0,10.8
2486927,12,981281,LOBE HUESCA LA MAGIA,HOME,2275700,I. Terreros Rivas,I. Terreros Rivas,0,9.5,570.0,3.0,0.0,0.0,0.0,2.0,0.0,2.0,3.0,4.0,0.0,1.0,1.0,2.0,1.0,2.0,0.0,0.0,2.0,2.0,4.0,12.0,39.9,0.0,100.0,200.0,0.0,0.0,2.0,0.0,10.5,5.9,28.6,9.8,0.0,21.0,20.4
2486927,12,981281,LOBE HUESCA LA MAGIA,HOME,1756469,H. Figueroa Álvarez,H. Figueroa Álvarez,1,21.3,1278.0,24.0,2.0,3.0,6.0,10.0,8.0,13.0,2.0,3.0,0.0,2.0,2.0,1.0,2.0,1.0,0.0,0.0,1.0,2.0,21.0,14.0,83.8,84.6,76.9,23.1,1.3,1.8,1.5,0.0,9.4,5.3,10.5,2.2,0.0,12.3,31.2
2486927,12,981281,LOBE HUESCA LA MAGIA,HOME,1759956,I. Corraliza Coba,I. Corraliza Coba,1,12.1,725.0,0.0,0.0,1.0,0.0,0.0,0.0,1.0,0.0,0.0,0.0,3.0,3.0,2.0,1.0,2.0,1.0,0.0,0.0,0.0,6.0,18.0,0.0,0.0,0.0,0.0,0.0,0.0,0.0,0.0,24.8,14.0,19.0,7.7,10.3,50.0,6.7
2486927,12,981281,LOBE HUESCA LA MAGIA,HOME,2815292,A. Smith,A. Smith,0,18.7,1122.0,16.0,3.0,4.0,2.0,3.0,5.0,7.0,4.0,6.0,0.0,0.0,0.0,2.0,0.0,3.0,1.0,0.0,2.0,3.0,19.0,27.0,83.0,85.7,42.9,85.7,1.5,2.0,2.0,0.0,0.0,0.0,16.0,7.5,6.7,0.0,21.0
2486927,12,981281,LOBE HUESCA LA MAGIA,HOME,2815923,M. Carreira Kreps,M. Carreira Kreps,0,17.2,1034.0,7.0,2.0,6.0,1.0,1.0,3.0,7.0,0.0,0.0,3.0,2.0,5.0,2.0,2.0,1.0,0.0,1.0,2.0,2.0,9.0,22.0,50.0,50.0,14.3,0.0,0.7,3.0,0.0,22.5,11.6,16.4,18.2,2.7,0.0,22.2,21.3
2486927,12,981281,LOBE HUESCA LA MAGIA,HOME,2823388,J. Fritz,J. Fritz,0,19.7,1182.0,12.0,3.0,4.0,1.0,2.0,4.0,6.0,3.0,8.0,1.0,8.0,9.0,1.0,3.0,0.0,0.0,0.0,3.0,5.0,14.0,34.0,63.0,75.0,33.3,133.3,1.5,1.5,1.6,6.5,40.6,25.7,7.4,0.0,0.0,24.0,25.9
2486927,12,981281,LOBE HUESCA LA MAGIA,HOME,2815543,A. Badmus,A. Badmus,1,14.8,887.0,9.0,3.0,5.0,1.0,2.0,4.0,7.0,0.0,0.0,2.0,2.0,4.0,4.0,2.0,0.0,0.0,0.0,4.0,0.0,8.0,8.0,64.3,64.3,28.6,0.0,1.2,1.5,0.0,17.4,13.5,15.2,40.0,0.0,0.0,22.2,24.7
2486927,12,981281,LOBE HUESCA LA MAGIA,HOME,1761508,P. Lopez-Sanvicente Reta,P. Lopez-Sanvicente Reta,0,12.3,737.0,9.0,2.0,2.0,1.0,1.0,3.0,3.0,2.0,5.0,1.0,4.0,5.0,0.0,0.0,1.0,0.0,0.0,3.0,4.0,13.0,11.0,86.5,116.7,33.3,166.7,2.0,3.0,1.2,10.5,32.5,22.9,0.0,3.8,0.0,0.0,17.2
2486927,12,981281,LOBE HUESCA LA MAGIA,HOME,2116811,G. Rodriguez Soler,G. Rodriguez Soler,0,15.7,944.0,5.0,1.0,2.0,1.0,1.0,2.0,3.0,0.0,0.0,0.0,0.0,0.0,4.0,2.0,0.0,0.0,0.0,3.0,3.0,6.0,10.0,83.3,83.3,33.3,0.0,1.0,3.0,0.0,0.0,0.0,0.0,33.3,0.0,0.0,40.0,13.0
2486927,12,981281,LOBE HUESCA LA MAGIA,HOME,2054954,G. Vazquez Vallejo,G. Vazquez Vallejo,1,19.7,1183.0,9.0,1.0,2.0,2.0,4.0,3.0,6.0,1.0,2.0,0.0,8.0,8.0,1.0,3.0,0.0,0.0,0.0,1.0,2.0,12.0,21.0,65.4,66.7,66.7,33.3,1.0,1.5,1.0,0.0,40.6,22.9,6.9,0.0,0.0,30.4,20.4
2486927,12,981305,SOL GIRONÈS BISBAL BÀSQUET,AWAY,1446313,J. Carrasco Martin,J. Carrasco Martin,0,15.9,955.0,7.0,2.0,2.0,0.0,2.0,2.0,4.0,3.0,5.0,1.0,1.0,2.0,1.0,4.0,0.0,0.0,0.0,3.0,4.0,3.0,-12.0,56.5,50.0,50.0,125.0,2.0,0.0,1.2,6.3,8.1,7.1,17.9,0.0,0.0,39.2,28.3
2486927,12,981305,SOL GIRONÈS BISBAL BÀSQUET,AWAY,1964254,P. Sala Vallmajo,P. Sala Vallmajo,0,12.8,768.0,2.0,1.0,1.0,0.0,1.0,1.0,2.0,0.0,0.0,0.0,0.0,0.0,2.0,2.0,0.0,0.0,0.0,1.0,0.0,0.0,-14.0,50.0,50.0,50.0,0.0,2.0,0.0,0.0,0.0,0.0,0.0,42.6,0.0,0.0,50.0,13.8
2486927,12,981305,SOL GIRONÈS BISBAL BÀSQUET,AWAY,2814887,P. Renane,P. Renane,1,23.0,1382.0,8.0,1.0,2.0,2.0,4.0,3.0,6.0,0.0,0.0,1.0,3.0,4.0,0.0,1.0,1.0,0.0,0.0,3.0,1.0,7.0,-18.0,66.7,66.7,66.7,0.0,1.0,1.5,0.0,4.3,16.8,9.8,0.0,1.9,0.0,14.3,13.4
2486927,12,981305,SOL GIRONÈS BISBAL BÀSQUET,AWAY,1227597,I. Valera Corominas,I. Valera Corominas,0,13.8,827.0,0.0,0.0,1.0,0.0,0.0,0.0,1.0,0.0,0.0,1.0,1.0,2.0,0.0,1.0,0.0,0.0,0.0,3.0,1.0,-2.0,-13.0,0.0,0.0,0.0,0.0,0.0,0.0,0.0,7.2,9.4,8.2,0.0,0.0,0.0,50.0,6.4
2486927,12,981305,SOL GIRONÈS BISBAL BÀSQUET,AWAY,1829525,M. Mikhailov Paltarak,M. Mikhailov Paltarak,1,29.4,1765.0,19.0,8.0,15.0,1.0,2.0,9.0,17.0,0.0,0.0,1.0,8.0,9.0,1.0,2.0,0.0,1.0,0.0,2.0,1.0,19.0,-39.0,55.9,55.9,11.8,0.0,1.1,1.5,0.0,3.4,35.1,17.2,23.3,0.0,3.9,10.5,28.5
2486927,12,981305,SOL GIRONÈS BISBAL BÀSQUET,AWAY,2815520,N. Okeke,N. Okeke,1,26.4,1582.0,13.0,1.0,2.0,1.0,6.0,2.0,8.0,8.0,8.0,1.0,4.0,5.0,0.0,1.0,1.0,0.0,0.0,4.0,5.0,13.0,-30.0,56.4,31.2,75.0,100.0,1.0,0.5,1.6,3.8,19.6,10.7,0.0,1.7,0.0,8.0,20.9
2486927,12,981305,SOL GIRONÈS BISBAL BÀSQUET,AWAY,1400270,B. Alvarez Torres,B. Alvarez Torres,1,23.9,1436.0,1.0,0.0,4.0,0.0,2.0,0.0,6.0,1.0,3.0,0.0,0.0,0.0,7.0,3.0,2.0,0.0,1.0,3.0,2.0,-2.0,-28.0,6.8,0.0,33.3,50.0,0.0,0.0,1.5,0.0,0.0,0.0,61.4,3.7,0.0,29.1,19.1
2486927,12,981305,SOL GIRONÈS BISBAL BÀSQUET,AWAY,2815176,S. Kane,S. Kane,0,14.4,864.0,0.0,0.0,1.0,0.0,0.0,0.0,1.0,0.0,4.0,0.0,2.0,2.0,0.0,3.0,0.0,0.0,0.0,2.0,3.0,-5.0,-6.0,0.0,0.0,0.0,400.0,0.0,0.0,1.3,0.0,17.9,7.8,0.0,0.0,0.0,52.1,17.7
2486927,12,981305,SOL GIRONÈS BISBAL BÀSQUET,AWAY,2322727,A. Vila I Gómez,A. Vila I Gómez,0,12.8,769.0,4.0,0.0,3.0,1.0,5.0,1.0,8.0,1.0,2.0,0.0,0.0,0.0,0.0,0.0,1.0,0.0,1.0,1.0,1.0,-3.0,-17.0,22.5,18.8,62.5,25.0,0.0,0.6,2.0,0.0,0.0,0.0,0.0,3.5,0.0,0.0,30.6
2486927,12,981305,SOL GIRONÈS BISBAL BÀSQUET,AWAY,1198592,X. Torrent Bayé,X. Torrent Bayé,1,27.5,1652.0,5.0,0.0,1.0,1.0,6.0,1.0,7.0,2.0,2.0,0.0,3.0,3.0,2.0,3.0,1.0,0.0,0.0,3.0,7.0,6.0,-28.0,31.7,21.4,85.7,28.6,0.0,0.5,0.3,0.0,14.1,6.1,16.3,1.6,0.0,27.6,17.5
2486928,12,981216,CLASS BASQUET SANT ANTONI,HOME,2534687,G. Gantt,G. Gantt,1,28.0,1680.0,15.0,0.0,0.0,5.0,6.0,5.0,6.0,0.0,1.0,2.0,1.0,3.0,0.0,0.0,0.0,0.0,0.0,3.0,1.0,14.0,24.0,116.5,125.0,100.0,16.7,0.0,2.5,1.0,8.4,4.5,6.5,0.0,0.0,0.0,0.0,10.6
2486928,12,981216,CLASS BASQUET SANT ANTONI,HOME,1394852,G. Blat Baeza,G. Blat Baeza,0,15.4,924.0,6.0,0.0,0.0,2.0,4.0,2.0,4.0,0.0,0.0,0.0,0.0,0.0,1.0,2.0,1.0,0.0,0.0,3.0,0.0,1.0,-11.0,75.0,75.0,100.0,0.0,0.0,1.5,0.0,0.0,0.0,0.0,11.9,3.3,0.0,33.3,18.0
2486928,12,981216,CLASS BASQUET SANT ANTONI,HOME,2815818,K. Johnson,K. Johnson,0,23.3,1399.0,11.0,4.0,5.0,0.0,3.0,4.0,8.0,3.0,4.0,1.0,2.0,3.0,2.0,3.0,1.0,0.0,0.0,3.0,4.0,10.0,6.0,56.4,50.0,37.5,50.0,1.6,0.0,1.0,5.0,10.7,7.8,17.2,2.2,0.0,23.5,25.2
2486928,12,981216,CLASS BASQUET SANT ANTONI,HOME,1528610,J. Rodriguez Jimenez,J. Rodriguez Jimenez,1,3.6,215.0,2.0,1.0,1.0,0.0,1.0,1.0,2.0,0.0,0.0,0.0,0.0,0.0,0.0,0.0,1.0,0.0,0.0,3.0,1.0,0.0,6.0,50.0,50.0,50.0,0.0,2.0,0.0,0.0,0.0,0.0,0.0,0.0,14.2,0.0,0.0,25.6
2486928,12,981216,CLASS BASQUET SANT ANTONI,HOME,2363916,D. De La Rua De Agustin,D. De La Rua De Agustin,1,27.1,1627.0,8.0,1.0,3.0,1.0,5.0,2.0,8.0,3.0,4.0,0.0,7.0,7.0,8.0,1.0,1.0,0.0,0.0,2.0,3.0,17.0,28.0,41.0,31.2,62.5,50.0,0.7,0.6,1.3,0.0,32.3,15.7,49.4,1.9,0.0,9.3,18.3
2486928,12,981216,CLASS BASQUET SANT ANTONI,HOME,2818065,M. Issouf,M. Issouf,0,2.3,138.0,0.0,0.0,2.0,0.0,0.0,0.0,2.0,0.0,0.0,0.0,0.0,0.0,0.0,0.0,0.0,0.0,0.0,0.0,0.0,-2.0,-3.0,0.0,0.0,0.0,0.0,0.0,0.0,0.0,0.0,0.0,0.0,0.0,0.0,0.0,0.0,40.1
2486928,12,981216,CLASS BASQUET SANT ANTONI,HOME,1397157,R. Gomez Barral,R. Gomez Barral,1,26.7,1601.0,8.0,1.0,3.0,2.0,6.0,3.0,9.0,0.0,0.0,1.0,4.0,5.0,3.0,0.0,1.0,0.0,1.0,1.0,1.0,11.0,36.0,44.4,44.4,66.7,0.0,0.7,1.0,0.0,4.4,18.7,11.3,19.7,1.9,0.0,0.0,15.5
2486928,12,981216,CLASS BASQUET SANT ANTONI,HOME,2462416,E. Stoilov,E. Stoilov,1,29.5,1768.0,25.0,6.0,11.0,0.0,0.0,6.0,11.0,13.0,14.0,4.0,6.0,10.0,4.0,1.0,1.0,0.0,0.0,2.0,10.0,41.0,29.0,72.8,54.5,0.0,127.3,1.1,0.0,1.4,16.0,25.4,20.5,32.8,1.7,0.0,5.5,28.4
2486928,12,981216,CLASS BASQUET SANT ANTONI,HOME,1834527,S. Paz Vazquez,S. Paz Vazquez,0,11.7,701.0,4.0,1.0,3.0,0.0,2.0,1.0,5.0,2.0,2.0,2.0,3.0,5.0,1.0,2.0,0.0,0.0,0.0,0.0,2.0,6.0,-14.0,34.0,20.0,40.0,40.0,0.7,0.0,1.0,20.1,32.1,25.9,14.7,0.0,0.0,25.4,31.1
2486928,12,981216,CLASS BASQUET SANT ANTONI,HOME,2128433,N. Zizic,N. Zizic,0,10.5,632.0,2.0,1.0,1.0,0.0,0.0,1.0,1.0,0.0,0.0,2.0,1.0,3.0,0.0,2.0,0.0,0.0,0.0,0.0,0.0,3.0,-15.0,100.0,100.0,0.0,0.0,2.0,0.0,0.0,22.4,11.9,17.3,0.0,0.0,0.0,66.7,13.2
2486928,12,981216,CLASS BASQUET SANT ANTONI,HOME,2182043,J. Solarin,J. Solarin,0,11.0,661.0,4.0,1.0,1.0,0.0,2.0,1.0,3.0,2.0,2.0,0.0,0.0,0.0,0.0,0.0,0.0,0.0,0.0,3.0,1.0,0.0,-19.0,51.5,33.3,66.7,66.7,2.0,0.0,2.0,0.0,0.0,0.0,0.0,0.0,0.0,0.0,16.3
2486928,12,981216,CLASS BASQUET SANT ANTONI,HOME,1878691,I. Ruiz Gonzalez,I. Ruiz Gonzalez,0,10.9,654.0,1.0,0.0,3.0,0.0,1.0,0.0,4.0,1.0,2.0,1.0,0.0,1.0,0.0,0.0,0.0,0.0,0.0,1.0,2.0,-2.0,3.0,10.2,0.0,25.0,50.0,0.0,0.0,1.0,10.8,0.0,5.6,0.0,0.0,0.0,0.0,20.6
2486928,12,981207,OCA GLOBAL C.B. SALOU,AWAY,2451495,D. Knowles,D. Knowles,1,18.2,1093.0,4.0,1.0,3.0,0.0,1.0,1.0,4.0,2.0,2.0,1.0,3.0,4.0,0.0,1.0,0.0,1.0,0.0,1.0,1.0,5.0,-33.0,41.0,25.0,25.0,50.0,0.7,0.0,2.0,6.9,19.4,13.3,0.0,0.0,6.7,17.0,15.0
2486928,12,981207,OCA GLOBAL C.B. SALOU,AWAY,1271466,D. Cuellar Garcia,D. Cuellar Garcia,1,18.3,1098.0,6.0,1.0,2.0,1.0,2.0,2.0,4.0,1.0,2.0,2.0,0.0,2.0,0.0,2.0,0.0,0.0,0.0,0.0,1.0,4.0,-11.0,61.5,62.5,50.0,50.0,1.0,1.5,2.0,13.7,0.0,6.6,0.0,0.0,0.0,29.1,17.5
2486928,12,981207,OCA GLOBAL C.B. SALOU,AWAY,2242531,E. Moure Colombo,E. Moure Colombo,0,15.0,898.0,7.0,2.0,3.0,1.0,2.0,3.0,5.0,0.0,0.0,0.0,0.0,0.0,1.0,1.0,1.0,0.0,0.0,3.0,0.0,3.0,15.0,70.0,70.0,40.0,0.0,1.3,1.5,0.0,0.0,0.0,0.0,16.1,3.6,0.0,16.7,18.6
2486928,12,981207,OCA GLOBAL C.B. SALOU,AWAY,1938487,A. Llorca Castillo,A. Llorca Castillo,1,25.2,1512.0,6.0,0.0,5.0,1.0,2.0,1.0,7.0,3.0,4.0,0.0,3.0,3.0,2.0,3.0,0.0,0.0,0.0,5.0,5.0,1.0,-30.0,34.2,21.4,28.6,57.1,0.0,1.5,0.8,0.0,14.0,7.2,15.6,0.0,0.0,25.5,21.7
2486928,12,981207,OCA GLOBAL C.B. SALOU,AWAY,1967605,E. Sims Serra,E. Sims Serra,0,3.2,195.0,0.0,0.0,0.0,0.0,0.0,0.0,0.0,0.0,0.0,0.0,0.0,0.0,0.0,0.0,0.0,0.0,0.0,0.0,0.0,0.0,-9.0,0.0,0.0,0.0,0.0,0.0,0.0,0.0,0.0,0.0,0.0,0.0,0.0,0.0,0.0,0.0
2486928,12,981207,OCA GLOBAL C.B. SALOU,AWAY,2827753,O. Okenchi,O. Okenchi,0,17.9,1071.0,4.0,1.0,2.0,0.0,1.0,1.0,3.0,2.0,2.0,1.0,3.0,4.0,1.0,0.0,1.0,0.0,0.0,5.0,3.0,6.0,17.0,51.5,33.3,33.3,66.7,1.0,0.0,0.7,7.0,19.7,13.5,12.2,3.0,0.0,0.0,10.1
2486928,12,981207,OCA GLOBAL C.B. SALOU,AWAY,2825543,D. Jackson,D. Jackson,1,30.5,1832.0,11.0,4.0,9.0,0.0,2.0,4.0,11.0,3.0,5.0,1.0,2.0,3.0,2.0,3.0,2.0,0.0,0.0,2.0,3.0,7.0,-5.0,41.7,36.4,18.2,45.5,0.9,0.0,1.7,4.1,7.7,6.0,13.9,3.6,0.0,18.5,24.7
2486928,12,981207,OCA GLOBAL C.B. SALOU,AWAY,1610350,E. Martinez Pretel,E. Martinez Pretel,1,25.1,1505.0,10.0,2.0,3.0,2.0,6.0,4.0,9.0,0.0,1.0,1.0,1.0,2.0,0.0,2.0,0.0,0.0,0.0,2.0,3.0,5.0,-28.0,53.0,55.6,66.7,11.1,1.3,1.0,0.3,5.0,4.7,4.8,0.0,0.0,0.0,17.5,21.2
2486928,12,981207,OCA GLOBAL C.B. SALOU,AWAY,2274746,P. Salo Blaya,P. Salo Blaya,0,4.0,240.0,2.0,0.0,0.0,0.0,0.0,0.0,0.0,2.0,2.0,1.0,1.0,2.0,0.0,0.0,0.0,0.0,0.0,1.0,1.0,4.0,2.0,113.6,0.0,0.0,0.0,0.0,0.0,2.0,31.2,29.4,30.3,0.0,0.0,0.0,0.0,10.2
2486928,12,981207,OCA GLOBAL C.B. SALOU,AWAY,2534398,J. Sánchez,J. Sánchez,0,20.7,1242.0,19.0,3.0,6.0,3.0,6.0,6.0,12.0,4.0,5.0,1.0,5.0,6.0,1.0,3.0,1.0,0.0,0.0,4.0,2.0,15.0,17.0,66.9,62.5,50.0,41.7,1.0,1.5,2.5,6.0,28.4,17.6,18.2,2.6,0.0,17.4,38.6
2486928,12,981207,OCA GLOBAL C.B. SALOU,AWAY,1438515,A. Morales Ros,A. Morales Ros,0,21.9,1314.0,3.0,1.0,2.0,0.0,2.0,1.0,4.0,1.0,2.0,0.0,3.0,3.0,0.0,1.0,0.0,0.0,0.0,2.0,2.0,1.0,-5.0,30.7,25.0,50.0,50.0,1.0,0.0,1.0,0.0,16.1,8.3,0.0,0.0,0.0,17.0,12.5
2486929,12,979897,BUENO ARENAS ALBACETE BASKET,HOME,2772828,F. Andrade Amiel,F. Andrade Amiel,1,17.9,1077.0,2.0,1.0,7.0,0.0,1.0,1.0,8.0,0.0,0.0,0.0,1.0,1.0,1.0,0.0,0.0,0.0,1.0,4.0,1.0,-6.0,-10.0,12.5,12.5,12.5,0.0,0.3,0.0,0.0,0.0,5.5,3.0,12.2,0.0,0.0,0.0,23.0
2486929,12,979897,BUENO ARENAS ALBACETE BASKET,HOME,1371559,V. Aguilar Hernandez,V. Aguilar Hernandez,0,22.0,1322.0,7.0,1.0,3.0,1.0,2.0,2.0,5.0,2.0,4.0,0.0,3.0,3.0,3.0,4.0,0.0,0.0,0.0,3.0,3.0,4.0,3.0,51.8,50.0,40.0,80.0,0.7,1.5,1.3,0.0,13.3,7.4,25.4,0.0,0.0,37.2,25.2
2486929,12,979897,BUENO ARENAS ALBACETE BASKET,HOME,2813013,N. Reid,N. Reid,1,29.2,1753.0,17.0,2.0,5.0,4.0,10.0,6.0,15.0,1.0,3.0,1.0,9.0,10.0,2.0,0.0,1.0,1.0,0.0,3.0,4.0,21.0,11.0,52.1,53.3,66.7,20.0,0.8,1.2,0.8,4.2,30.1,18.5,19.8,1.9,3.6,0.0,28.8
2486929,12,979897,BUENO ARENAS ALBACETE BASKET,HOME,1947396,V. Muñoz Quiñones,V. Muñoz Quiñones,0,19.4,1165.0,7.0,3.0,4.0,0.0,0.0,3.0,4.0,1.0,2.0,1.0,1.0,2.0,1.0,1.0,1.0,2.0,0.0,5.0,2.0,7.0,6.0,71.7,75.0,0.0,50.0,1.5,0.0,1.0,6.2,5.0,5.6,11.8,2.8,10.9,17.0,15.6
2486929,12,979897,BUENO ARENAS ALBACETE BASKET,HOME,2432962,S. Merlo,S. Merlo,1,31.4,1882.0,6.0,3.0,5.0,0.0,1.0,3.0,6.0,0.0,0.0,1.0,6.0,7.0,6.0,2.0,0.0,0.0,0.0,1.0,2.0,15.0,16.0,50.0,50.0,16.7,0.0,1.2,0.0,0.0,3.9,18.6,12.1,39.0,0.0,0.0,25.0,13.1
2486929,12,979897,BUENO ARENAS ALBACETE BASKET,HOME,1603635,J. Gonzalez Albadalejo,J. Gonzalez Albadalejo,1,35.4,2122.0,14.0,0.0,2.0,3.0,6.0,3.0,8.0,5.0,6.0,0.0,3.0,3.0,4.0,1.0,1.0,0.0,0.0,2.0,5.0,18.0,7.0,65.8,56.2,75.0,75.0,0.0,1.5,1.2,0.0,8.3,4.6,22.6,1.5,0.0,8.6,17.0
2486929,12,979897,BUENO ARENAS ALBACETE BASKET,HOME,2817541,O. Bramble,O. Bramble,0,24.9,1491.0,16.0,5.0,8.0,0.0,0.0,5.0,8.0,6.0,7.0,0.0,3.0,3.0,0.0,1.0,0.0,0.0,0.0,2.0,4.0,16.0,7.0,72.2,62.5,0.0,87.5,1.2,0.0,1.8,0.0,11.8,6.5,0.0,0.0,0.0,8.3,25.0
2486929,12,979897,BUENO ARENAS ALBACETE BASKET,HOME,1981843,B. Vanaclocha Sanchez,B. Vanaclocha Sanchez,1,8.2,492.0,0.0,0.0,1.0,0.0,0.0,0.0,1.0,0.0,0.0,1.0,1.0,2.0,0.0,0.0,0.0,0.0,0.0,2.0,0.0,-1.0,-1.0,0.0,0.0,0.0,0.0,0.0,0.0,0.0,14.8,11.9,13.2,0.0,0.0,0.0,0.0,6.3
2486929,12,979897,BUENO ARENAS ALBACETE BASKET,HOME,2432412,J. Hierrezuelo Serer,J. Hierrezuelo Serer,0,11.6,696.0,1.0,0.0,0.0,0.0,3.0,0.0,3.0,1.0,2.0,1.0,3.0,4.0,1.0,0.0,1.0,0.0,0.0,0.0,1.0,4.0,1.0,12.9,0.0,100.0,66.7,0.0,0.0,2.0,10.4,25.2,18.6,14.5,4.7,0.0,0.0,17.3
2486929,12,981294,C.B. ZARAGOZA,AWAY,1802050,D. Muñoz Samatan,D. Muñoz Samatan,0,17.1,1023.0,11.0,3.0,3.0,0.0,2.0,3.0,5.0,5.0,7.0,2.0,2.0,4.0,0.0,0.0,0.0,0.0,0.0,3.0,6.0,14.0,-1.0,68.1,60.0,40.0,140.0,2.0,0.0,1.2,11.4,14.2,12.6,0.0,0.0,0.0,0.0,22.3
2486929,12,981294,C.B. ZARAGOZA,AWAY,1798932,D. Arjol Lopez,D. Arjol Lopez,0,29.7,1781.0,8.0,4.0,10.0,0.0,6.0,4.0,16.0,0.0,0.0,0.0,2.0,2.0,4.0,5.0,3.0,0.0,1.0,1.0,2.0,1.0,-1.0,25.0,25.0,37.5,0.0,0.8,0.0,0.0,0.0,8.2,3.6,33.1,5.6,0.0,23.8,33.4
2486929,12,981294,C.B. ZARAGOZA,AWAY,1250976,O. Alvarado Rodriguez,O. Alvarado Rodriguez,1,37.4,2243.0,8.0,0.0,0.0,2.0,3.0,2.0,3.0,2.0,4.0,0.0,4.0,4.0,3.0,0.0,0.0,0.0,0.0,2.0,3.0,13.0,-5.0,84.0,100.0,100.0,133.3,0.0,2.0,1.3,0.0,13.0,5.8,16.0,0.0,0.0,0.0,6.0
2486929,12,981294,C.B. ZARAGOZA,AWAY,361567,E. Gatell Sanz,E. Gatell Sanz,1,19.9,1191.0,7.0,3.0,6.0,0.0,0.0,3.0,6.0,1.0,3.0,3.0,7.0,10.0,4.0,3.0,0.0,0.0,0.0,4.0,5.0,14.0,-5.0,47.8,50.0,0.0,50.0,1.0,0.0,0.6,14.7,42.6,27.2,47.1,0.0,0.0,29.1,24.5
2486929,12,981294,C.B. ZARAGOZA,AWAY,1861515,P. Aso Jimenez,P. Aso Jimenez,1,14.0,840.0,2.0,1.0,3.0,0.0,4.0,1.0,7.0,0.0,0.0,2.0,1.0,3.0,0.0,0.0,1.0,0.0,1.0,1.0,0.0,-1.0,-8.0,14.3,14.3,57.1,0.0,0.7,0.0,0.0,13.9,8.7,11.6,0.0,3.9,0.0,0.0,23.6
2486929,12,981294,C.B. ZARAGOZA,AWAY,1446949,J. Jiménez Jiménez,J. Jiménez Jiménez,0,18.2,1095.0,2.0,1.0,3.0,0.0,5.0,1.0,8.0,0.0,0.0,1.0,3.0,4.0,3.0,1.0,0.0,0.0,1.0,3.0,0.0,-2.0,4.0,12.5,12.5,62.5,0.0,0.7,0.0,0.0,5.4,20.0,11.9,28.6,0.0,0.0,11.1,23.4
2486929,12,981294,C.B. ZARAGOZA,AWAY,2704882,Y. Kolo,Y. Kolo,0,8.5,509.0,8.0,3.0,4.0,0.0,0.0,3.0,4.0,2.0,4.0,1.0,4.0,5.0,0.0,0.0,0.0,1.0,0.0,2.0,3.0,12.0,-2.0,69.4,75.0,0.0,100.0,1.5,0.0,1.3,11.5,57.0,31.8,0.0,0.0,13.4,0.0,32.0
2486929,12,981294,C.B. ZARAGOZA,AWAY,2815312,J. Zhao Olmos,J. Zhao Olmos,1,31.3,1877.0,9.0,1.0,4.0,2.0,4.0,3.0,8.0,1.0,4.0,0.0,3.0,3.0,2.0,0.0,0.0,0.0,0.0,3.0,3.0,6.0,-7.0,46.1,50.0,50.0,50.0,0.5,1.5,1.3,0.0,11.6,5.2,13.0,0.0,0.0,0.0,14.7
2486929,12,981294,C.B. ZARAGOZA,AWAY,1556128,G. Colom Barrufet,G. Colom Barrufet,0,6.7,403.0,2.0,1.0,2.0,0.0,0.0,1.0,2.0,0.0,0.0,0.0,0.0,0.0,0.0,0.0,0.0,0.0,0.0,0.0,0.0,1.0,1.0,50.0,50.0,0.0,0.0,1.0,0.0,0.0,0.0,0.0,0.0,0.0,0.0,0.0,0.0,14.1
2486929,12,981294,C.B. ZARAGOZA,AWAY,1910411,A. Aragones Navais,A. Aragones Navais,1,17.3,1038.0,5.0,1.0,3.0,1.0,3.0,2.0,6.0,0.0,0.0,2.0,2.0,4.0,0.0,1.0,0.0,0.0,0.0,3.0,0.0,1.0,-16.0,41.7,41.7,50.0,0.0,0.7,1.0,0.0,11.3,14.0,12.5,0.0,0.0,0.0,14.3,19.1
2486930,12,981275,MADERAS SORLI BENICARLO,HOME,2467065,A. Ikpeze,A. Ikpeze,1,17.7,1060.0,8.0,4.0,9.0,0.0,0.0,4.0,9.0,0.0,0.0,2.0,3.0,5.0,0.0,0.0,1.0,0.0,1.0,2.0,2.0,9.0,-5.0,44.4,44.4,0.0,0.0,0.9,0.0,0.0,11.3,20.5,15.5,0.0,3.0,0.0,0.0,22.9
2486930,12,981275,MADERAS SORLI BENICARLO,HOME,2534405,L. Soumbey-Alley,L. Soumbey-Alley,1,25.4,1525.0,14.0,4.0,7.0,2.0,9.0,6.0,16.0,0.0,0.0,2.0,3.0,5.0,2.0,2.0,3.0,0.0,2.0,2.0,0.0,10.0,13.0,43.8,43.8,56.2,0.0,1.1,0.7,0.0,7.9,14.3,10.8,19.6,6.4,0.0,11.1,31.9
2486930,12,981275,MADERAS SORLI BENICARLO,HOME,1485040,A. Haro Val,A. Haro Val,0,24.9,1495.0,11.0,3.0,6.0,1.0,5.0,4.0,11.0,2.0,4.0,1.0,0.0,1.0,6.0,2.0,0.0,1.0,1.0,1.0,4.0,11.0,-6.0,43.1,40.9,45.5,36.4,1.0,0.6,1.0,4.0,0.0,2.2,49.2,0.0,5.5,13.6,26.7
2486930,12,981275,MADERAS SORLI BENICARLO,HOME,1998365,P. Harguindey Maneiro,P. Harguindey Maneiro,1,13.8,827.0,0.0,0.0,1.0,0.0,0.0,0.0,1.0,0.0,0.0,1.0,1.0,2.0,1.0,1.0,0.0,1.0,0.0,1.0,1.0,2.0,-13.0,0.0,0.0,0.0,0.0,0.0,0.0,0.0,7.2,8.8,7.9,12.3,0.0,10.0,50.0,6.5
2486930,12,981275,MADERAS SORLI BENICARLO,HOME,2500822,M. Voronin,M. Voronin,0,16.8,1008.0,8.0,4.0,5.0,0.0,0.0,4.0,5.0,0.0,0.0,0.0,1.0,1.0,1.0,0.0,1.0,0.0,0.0,1.0,0.0,9.0,-5.0,80.0,80.0,0.0,0.0,1.6,0.0,0.0,0.0,7.2,3.3,14.7,3.2,0.0,0.0,13.4
2486930,12,981275,MADERAS SORLI BENICARLO,HOME,1659850,A. Prior Ruiz,A. Prior Ruiz,0,22.2,1333.0,2.0,0.0,2.0,0.0,3.0,0.0,5.0,2.0,2.0,1.0,3.0,4.0,2.0,0.0,0.0,0.0,0.0,3.0,1.0,1.0,-4.0,17.0,0.0,60.0,40.0,0.0,0.0,2.0,4.5,16.4,9.9,12.3,0.0,0.0,0.0,11.9
2486930,12,981275,MADERAS SORLI BENICARLO,HOME,2219986,A. Libroia,A. Libroia,1,27.6,1653.0,16.0,3.0,10.0,2.0,4.0,5.0,14.0,4.0,4.0,2.0,3.0,5.0,0.0,1.0,2.0,0.0,0.0,4.0,6.0,15.0,7.0,50.8,42.9,28.6,28.6,0.6,1.5,0.7,7.2,13.2,9.9,0.0,3.9,0.0,6.0,27.3
2486930,12,981275,MADERAS SORLI BENICARLO,HOME,2703145,M. Fall,M. Fall,0,11.8,707.0,2.0,1.0,2.0,0.0,0.0,1.0,2.0,0.0,2.0,1.0,1.0,2.0,0.0,1.0,0.0,0.0,0.0,2.0,1.0,-1.0,-7.0,34.7,50.0,0.0,100.0,1.0,0.0,2.0,8.5,10.3,9.3,0.0,0.0,0.0,25.8,14.8
2486930,12,981275,MADERAS SORLI BENICARLO,HOME,2536645,R. Ukawuba,R. Ukawuba,0,13.7,821.0,2.0,1.0,3.0,0.0,0.0,1.0,3.0,0.0,0.0,1.0,1.0,2.0,0.0,0.0,0.0,0.0,1.0,1.0,1.0,2.0,-2.0,33.3,33.3,0.0,0.0,0.7,0.0,0.0,7.3,8.8,8.0,0.0,0.0,0.0,0.0,9.9
2486930,12,981275,MADERAS SORLI BENICARLO,HOME,2250610,A. Sanchez Perdiguero,A. Sanchez Perdiguero,1,26.2,1571.0,7.0,2.0,4.0,0.0,1.0,2.0,5.0,3.0,6.0,3.0,7.0,10.0,1.0,3.0,1.0,1.0,0.0,5.0,4.0,10.0,12.0,45.8,40.0,20.0,120.0,1.0,0.0,1.5,11.5,32.4,20.9,5.9,2.1,5.3,28.2,18.3
2486930,12,979996,AMICS CASTELLÓ,AWAY,2149001,R. Fabrega Urpina,R. Fabrega Urpina,0,22.8,1369.0,4.0,1.0,3.0,0.0,2.0,1.0,5.0,2.0,6.0,2.0,5.0,7.0,6.0,3.0,0.0,0.0,3.0,3.0,4.0,7.0,5.0,26.2,20.0,40.0,120.0,0.7,0.0,1.5,10.6,21.9,16.8,46.9,0.0,0.0,28.2,22.2
2486930,12,979996,AMICS CASTELLÓ,AWAY,273780,J. Faner Catala,J. Faner Catala,1,23.8,1427.0,12.0,0.0,2.0,2.0,5.0,2.0,7.0,6.0,7.0,0.0,2.0,2.0,2.0,2.0,2.0,0.0,0.0,3.0,5.0,12.0,-5.0,59.5,42.9,71.4,100.0,0.0,1.2,1.4,0.0,8.4,4.6,16.9,4.5,0.0,16.6,24.1
2486930,12,979996,AMICS CASTELLÓ,AWAY,2818901,O. Russell,O. Russell,1,19.7,1181.0,12.0,2.0,2.0,2.0,4.0,4.0,6.0,2.0,2.0,0.0,5.0,5.0,1.0,5.0,0.0,0.0,0.0,3.0,2.0,10.0,-4.0,87.2,83.3,66.7,33.3,2.0,1.5,1.0,0.0,25.4,13.9,13.3,0.0,0.0,42.1,28.6
2486930,12,979996,AMICS CASTELLÓ,AWAY,2816147,D. Bah,D. Bah,1,18.5,1108.0,6.0,2.0,4.0,0.0,0.0,2.0,4.0,2.0,2.0,2.0,0.0,2.0,1.0,2.0,0.0,1.0,0.0,2.0,1.0,5.0,-1.0,61.5,50.0,0.0,50.0,1.0,0.0,2.0,13.1,0.0,5.9,10.5,0.0,4.4,29.1,17.7
2486930,12,979996,AMICS CASTELLÓ,AWAY,1817496,P. Garcia Carrero,P. Garcia Carrero,0,20.8,1250.0,6.0,0.0,0.0,2.0,2.0,2.0,2.0,0.0,0.0,1.0,1.0,2.0,2.0,0.0,0.0,1.0,0.0,0.0,0.0,11.0,3.0,150.0,150.0,100.0,0.0,0.0,3.0,0.0,5.8,4.8,5.3,21.1,0.0,3.9,0.0,4.6
2486930,12,979996,AMICS CASTELLÓ,AWAY,2816738,K. Newton,K. Newton,0,19.0,1142.0,8.0,1.0,1.0,2.0,6.0,3.0,7.0,0.0,0.0,0.0,4.0,4.0,3.0,0.0,1.0,0.0,0.0,1.0,2.0,13.0,10.0,57.1,57.1,85.7,0.0,2.0,1.0,0.0,0.0,21.1,11.5,35.3,2.8,0.0,0.0,17.5
2486930,12,979996,AMICS CASTELLÓ,AWAY,2087878,D. Saez Gil,D. Saez Gil,0,0.1,9.0,0.0,0.0,0.0,0.0,0.0,0.0,0.0,0.0,0.0,0.0,0.0,0.0,0.0,0.0,0.0,0.0,0.0,1.0,0.0,-1.0,-2.0,0.0,0.0,0.0,0.0,0.0,0.0,0.0,0.0,0.0,0.0,0.0,0.0,0.0,0.0,0.0
2486930,12,979996,AMICS CASTELLÓ,AWAY,2743181,K.  Baoko,K.  Baoko,0,20.8,1249.0,7.0,3.0,8.0,0.0,0.0,3.0,8.0,1.0,2.0,3.0,3.0,6.0,0.0,1.0,0.0,2.0,0.0,3.0,4.0,9.0,1.0,39.4,37.5,0.0,25.0,0.8,0.0,0.5,17.5,14.4,15.8,0.0,0.0,7.8,10.1,22.6
2486930,12,979996,AMICS CASTELLÓ,AWAY,1840859,V. Rodriguez Gil,V. Rodriguez Gil,0,2.4,141.0,0.0,0.0,0.0,0.0,0.0,0.0,0.0,0.0,0.0,0.0,0.0,0.0,0.0,1.0,0.0,0.0,0.0,1.0,0.0,-2.0,-9.0,0.0,0.0,0.0,0.0,0.0,0.0,0.0,0.0,0.0,0.0,0.0,0.0,0.0,100.0,19.8
2486930,12,979996,AMICS CASTELLÓ,AWAY,2641325,M. Andreatta,M. Andreatta,1,22.9,1373.0,12.0,2.0,6.0,2.0,5.0,4.0,11.0,2.0,2.0,2.0,4.0,6.0,1.0,1.0,0.0,0.0,0.0,3.0,3.0,11.0,12.0,50.5,45.5,45.5,18.2,0.7,1.2,0.7,10.6,17.5,14.4,10.2,0.0,0.0,7.8,26.7
2486930,12,979996,AMICS CASTELLÓ,AWAY,1627889,A. Tamayo Lesmes,A. Tamayo Lesmes,1,29.2,1751.0,5.0,1.0,3.0,1.0,6.0,2.0,9.0,0.0,0.0,0.0,2.0,2.0,1.0,1.0,0.0,1.0,0.0,0.0,0.0,1.0,0.0,27.8,27.8,66.7,0.0,0.7,0.5,0.0,0.0,6.8,3.8,7.1,0.0,2.8,10.0,16.3
2486931,12,981490,CLUB ESPORTIU BÀSQUET LLÍRIA,HOME,2274877,K. Clement Aigbogun,K. Clement Aigbogun,0,17.9,1077.0,5.0,2.0,3.0,0.0,1.0,2.0,4.0,1.0,2.0,1.0,3.0,4.0,0.0,2.0,1.0,0.0,0.0,3.0,1.0,3.0,0.0,51.2,50.0,25.0,50.0,1.3,0.0,2.0,5.6,21.6,12.6,0.0,3.0,0.0,29.1,16.0
2486931,12,981490,CLUB ESPORTIU BÀSQUET LLÍRIA,HOME,2665346,D. Kandulu,D. Kandulu,0,16.7,1004.0,7.0,1.0,2.0,0.0,0.0,1.0,2.0,5.0,10.0,4.0,2.0,6.0,1.0,0.0,0.0,1.0,0.0,1.0,7.0,15.0,-6.0,54.7,50.0,0.0,500.0,1.0,0.0,1.4,24.0,15.5,20.2,10.6,0.0,6.3,0.0,15.9
2486931,12,981490,CLUB ESPORTIU BÀSQUET LLÍRIA,HOME,1702333,E. Herrera Sauret,E. Herrera Sauret,1,15.4,923.0,10.0,3.0,9.0,1.0,1.0,4.0,10.0,1.0,1.0,0.0,2.0,2.0,1.0,1.0,0.0,0.0,1.0,3.0,1.0,4.0,8.0,47.9,45.0,10.0,10.0,0.7,3.0,1.0,0.0,16.8,7.3,15.6,0.0,0.0,8.7,30.8
2486931,12,981490,CLUB ESPORTIU BÀSQUET LLÍRIA,HOME,1995160,D. Rivas Palmer,D. Rivas Palmer,1,25.0,1499.0,6.0,0.0,2.0,2.0,4.0,2.0,6.0,0.0,0.0,2.0,3.0,5.0,2.0,0.0,3.0,0.0,0.0,1.0,0.0,11.0,19.0,50.0,50.0,66.7,0.0,0.0,1.5,0.0,8.0,15.5,11.3,14.7,6.5,0.0,0.0,10.0
2486931,12,981490,CLUB ESPORTIU BÀSQUET LLÍRIA,HOME,1882178,J. Palamos Molins,J. Palamos Molins,0,16.7,1004.0,0.0,0.0,3.0,0.0,1.0,0.0,4.0,0.0,0.0,0.0,3.0,3.0,6.0,2.0,1.0,0.0,0.0,0.0,4.0,8.0,1.0,0.0,0.0,25.0,0.0,0.0,0.0,0.0,0.0,23.2,10.1,57.7,3.2,0.0,33.3,14.9
2486931,12,981490,CLUB ESPORTIU BÀSQUET LLÍRIA,HOME,2646201,H. Salomon,H. Salomon,0,5.9,353.0,1.0,0.0,0.0,0.0,1.0,0.0,1.0,1.0,2.0,0.0,0.0,0.0,0.0,1.0,0.0,0.0,0.0,1.0,1.0,-2.0,-3.0,26.6,0.0,100.0,200.0,0.0,0.0,2.0,0.0,0.0,0.0,0.0,0.0,0.0,34.7,20.3
2486931,12,981490,CLUB ESPORTIU BÀSQUET LLÍRIA,HOME,1560358,A. Meana Perez,A. Meana Perez,1,24.9,1492.0,16.0,0.0,2.0,5.0,9.0,5.0,11.0,1.0,2.0,1.0,1.0,2.0,3.0,2.0,2.0,0.0,0.0,3.0,4.0,15.0,19.0,67.3,68.2,81.8,18.2,0.0,1.7,0.5,4.0,5.2,4.5,28.3,4.4,0.0,14.4,23.1
2486931,12,981490,CLUB ESPORTIU BÀSQUET LLÍRIA,HOME,1257494,V. Perez Tomas,V. Perez Tomas,0,15.2,915.0,15.0,1.0,4.0,3.0,7.0,4.0,11.0,4.0,5.0,0.0,2.0,2.0,3.0,2.0,1.0,0.0,0.0,2.0,2.0,11.0,12.0,56.8,50.0,63.6,45.5,0.5,1.3,2.5,0.0,17.0,7.4,46.9,3.6,0.0,13.2,41.5
2486931,12,981490,CLUB ESPORTIU BÀSQUET LLÍRIA,HOME,1761293,P. Bono Soler,P. Bono Soler,0,14.3,857.0,2.0,1.0,1.0,0.0,1.0,1.0,2.0,0.0,0.0,1.0,1.0,2.0,1.0,1.0,1.0,0.0,0.0,2.0,0.0,2.0,0.0,50.0,50.0,50.0,0.0,2.0,0.0,0.0,7.0,9.0,7.9,10.6,3.8,0.0,33.3,8.7
2486931,12,981490,CLUB ESPORTIU BÀSQUET LLÍRIA,HOME,2184821,M. Enabulele Ogunsuyi,M. Enabulele Ogunsuyi,1,23.3,1396.0,9.0,3.0,11.0,0.0,0.0,3.0,11.0,3.0,6.0,6.0,4.0,10.0,0.0,1.0,0.0,1.0,1.0,1.0,4.0,11.0,24.0,33.0,27.3,0.0,54.5,0.5,0.0,1.5,25.8,22.2,24.2,0.0,0.0,4.5,6.8,26.1
2486931,12,981490,CLUB ESPORTIU BÀSQUET LLÍRIA,HOME,2222436,S. Gallego Mogro,S. Gallego Mogro,1,24.7,1480.0,8.0,4.0,7.0,0.0,2.0,4.0,9.0,0.0,0.0,3.0,3.0,6.0,0.0,1.0,1.0,1.0,1.0,0.0,0.0,10.0,16.0,44.4,44.4,22.2,0.0,1.1,0.0,0.0,12.1,15.7,13.7,0.0,2.2,4.3,10.0,16.8
2486931,12,981491,C.B. GETAFE,AWAY,2816388,M. Abdulsalam,M. Abdulsalam,1,16.4,982.0,6.0,3.0,5.0,0.0,0.0,3.0,5.0,0.0,0.0,1.0,3.0,4.0,0.0,2.0,0.0,1.0,0.0,5.0,1.0,3.0,-4.0,60.0,60.0,0.0,0.0,1.2,0.0,0.0,7.9,18.3,13.7,0.0,0.0,5.5,28.6,21.2
2486931,12,981491,C.B. GETAFE,AWAY,1789964,E. Ortiz Torres,E. Ortiz Torres,0,24.0,1440.0,4.0,2.0,5.0,0.0,0.0,2.0,5.0,0.0,0.0,2.0,1.0,3.0,3.0,1.0,2.0,1.0,1.0,4.0,1.0,6.0,-8.0,40.0,40.0,0.0,0.0,0.8,0.0,0.0,10.8,4.2,7.0,23.1,4.3,3.8,16.7,12.4
2486931,12,981491,C.B. GETAFE,AWAY,2816390,A. Akinwole,A. Akinwole,0,19.1,1144.0,5.0,1.0,1.0,1.0,3.0,2.0,4.0,0.0,0.0,2.0,2.0,4.0,2.0,2.0,1.0,0.0,0.0,1.0,0.0,7.0,-10.0,62.5,62.5,75.0,0.0,2.0,1.0,0.0,13.5,10.5,11.8,19.0,2.7,0.0,33.3,15.6
2486931,12,981491,C.B. GETAFE,AWAY,2815898,C. Henderson,C. Henderson,1,12.1,726.0,2.0,1.0,1.0,0.0,0.0,1.0,1.0,0.0,0.0,0.0,3.0,3.0,0.0,2.0,1.0,0.0,0.0,5.0,1.0,0.0,-5.0,100.0,100.0,0.0,0.0,2.0,0.0,0.0,0.0,24.8,14.0,0.0,4.2,0.0,66.7,12.3
2486931,12,981491,C.B. GETAFE,AWAY,1328788,M. Alvarez Puertas,M. Alvarez Puertas,0,26.9,1613.0,8.0,4.0,4.0,0.0,1.0,4.0,5.0,0.0,0.0,0.0,4.0,4.0,1.0,1.0,1.0,1.0,0.0,1.0,0.0,12.0,-10.0,80.0,80.0,20.0,0.0,2.0,0.0,0.0,0.0,14.9,8.4,7.4,1.9,3.4,16.7,11.1
2486931,12,981491,C.B. GETAFE,AWAY,1674978,G. Mulero Maldonado,G. Mulero Maldonado,1,27.7,1661.0,15.0,5.0,9.0,0.0,0.0,5.0,9.0,5.0,9.0,0.0,3.0,3.0,6.0,2.0,0.0,0.0,1.0,2.0,8.0,20.0,-2.0,57.9,55.6,0.0,100.0,1.1,0.0,1.1,0.0,10.8,6.1,48.0,0.0,0.0,13.4,26.8
2486931,12,981491,C.B. GETAFE,AWAY,1582089,J. Parra Baez,J. Parra Baez,0,29.6,1779.0,9.0,0.0,3.0,3.0,10.0,3.0,13.0,0.0,0.0,0.0,2.0,2.0,1.0,3.0,0.0,0.0,1.0,0.0,2.0,1.0,-21.0,34.6,34.6,76.9,0.0,0.0,0.9,0.0,0.0,6.8,3.8,6.9,0.0,0.0,18.8,26.8
2486931,12,981491,C.B. GETAFE,AWAY,1820240,P. Arribas Gomez,P. Arribas Gomez,1,4.5,267.0,0.0,0.0,0.0,0.0,1.0,0.0,1.0,0.0,0.0,0.0,0.0,0.0,0.0,0.0,0.0,0.0,0.0,1.0,0.0,-2.0,-5.0,0.0,0.0,100.0,0.0,0.0,0.0,0.0,0.0,0.0,0.0,0.0,0.0,0.0,0.0,11.0
2486931,12,981491,C.B. GETAFE,AWAY,2816389,J. Nve Maleva,J. Nve Maleva,0,16.4,986.0,8.0,4.0,6.0,0.0,0.0,4.0,6.0,0.0,0.0,2.0,4.0,6.0,1.0,3.0,2.0,0.0,0.0,3.0,0.0,9.0,-6.0,66.7,66.7,0.0,0.0,1.3,0.0,0.0,15.7,24.4,20.6,16.7,6.2,0.0,33.3,27.2
2486931,12,981491,C.B. GETAFE,AWAY,1876223,A. Montero Isla,A. Montero Isla,1,23.4,1402.0,4.0,1.0,4.0,0.0,3.0,1.0,7.0,2.0,4.0,0.0,0.0,0.0,2.0,3.0,0.0,0.0,0.0,2.0,4.0,-3.0,-19.0,22.8,14.3,42.9,57.1,0.5,0.0,1.0,0.0,0.0,0.0,14.3,0.0,0.0,25.5,24.9
2486932,12,981358,CIUDAD MOLINA BASKET,HOME,2816300,A. Duval,A. Duval,0,21.1,1269.0,13.0,1.0,3.0,3.0,7.0,4.0,10.0,2.0,2.0,0.0,1.0,1.0,0.0,2.0,0.0,0.0,0.0,3.0,1.0,4.0,-10.0,59.7,55.0,70.0,20.0,0.7,1.3,2.0,0.0,7.9,2.9,0.0,0.0,0.0,15.5,27.0
2486932,12,981358,CIUDAD MOLINA BASKET,HOME,1899744,J. Cascales Fernandez,J. Cascales Fernandez,0,7.8,470.0,1.0,0.0,0.0,0.0,1.0,0.0,1.0,1.0,2.0,0.0,0.0,0.0,1.0,0.0,1.0,0.0,0.0,1.0,2.0,2.0,-12.0,26.6,0.0,100.0,200.0,0.0,0.0,1.0,0.0,0.0,0.0,25.0,6.7,0.0,0.0,10.7
2486932,12,981358,CIUDAD MOLINA BASKET,HOME,1532799,R. Timoner Gimenez,R. Timoner Gimenez,0,17.4,1046.0,0.0,0.0,3.0,0.0,2.0,0.0,5.0,0.0,0.0,1.0,1.0,2.0,4.0,1.0,0.0,0.0,0.0,1.0,2.0,1.0,-24.0,0.0,0.0,40.0,0.0,0.0,0.0,0.0,5.6,9.6,7.1,50.0,0.0,0.0,16.7,15.3
2486932,12,981358,CIUDAD MOLINA BASKET,HOME,1895175,A. López Martinez,A. López Martinez,0,9.8,588.0,3.0,0.0,0.0,1.0,2.0,1.0,2.0,0.0,0.0,0.0,1.0,1.0,0.0,0.0,1.0,0.0,0.0,1.0,1.0,4.0,-3.0,75.0,75.0,100.0,0.0,0.0,1.5,0.0,0.0,17.0,6.3,0.0,5.3,0.0,0.0,9.0
2486932,12,981358,CIUDAD MOLINA BASKET,HOME,2146670,P. Campeny Lloveras,P. Campeny Lloveras,1,22.9,1373.0,7.0,3.0,5.0,0.0,2.0,3.0,7.0,1.0,1.0,1.0,1.0,2.0,1.0,0.0,0.0,0.0,0.0,2.0,3.0,7.0,-33.0,47.0,42.9,28.6,14.3,1.2,0.0,0.3,4.3,7.3,5.4,11.1,0.0,0.0,0.0,14.4
2486932,12,981358,CIUDAD MOLINA BASKET,HOME,1514342,R. Martínez-Quintanilla Jiménez,R. Martínez-Quintanilla Jiménez,0,9.7,584.0,0.0,0.0,1.0,0.0,3.0,0.0,4.0,0.0,0.0,0.0,0.0,0.0,1.0,0.0,1.0,0.0,0.0,3.0,0.0,-5.0,-4.0,0.0,0.0,75.0,0.0,0.0,0.0,0.0,0.0,0.0,0.0,25.0,5.3,0.0,0.0,18.2
2486932,12,981358,CIUDAD MOLINA BASKET,HOME,2133764,P. Parra Gomez,P. Parra Gomez,0,2.8,167.0,0.0,0.0,1.0,0.0,0.0,0.0,1.0,0.0,0.0,0.0,1.0,1.0,0.0,1.0,0.0,0.0,0.0,0.0,0.0,-1.0,3.0,0.0,0.0,0.0,0.0,0.0,0.0,0.0,0.0,59.5,22.0,0.0,0.0,0.0,50.0,31.6
2486932,12,981358,CIUDAD MOLINA BASKET,HOME,2816662,G. Miladinovic,G. Miladinovic,1,23.0,1379.0,8.0,2.0,12.0,0.0,2.0,2.0,14.0,4.0,5.0,3.0,5.0,8.0,0.0,1.0,0.0,0.0,1.0,3.0,3.0,2.0,-28.0,24.7,14.3,14.3,35.7,0.3,0.0,1.7,12.7,36.2,21.4,0.0,0.0,0.0,5.8,33.1
2486932,12,981358,CIUDAD MOLINA BASKET,HOME,2042118,F. Hernandez Martinez,F. Hernandez Martinez,1,20.2,1212.0,12.0,3.0,3.0,2.0,3.0,5.0,6.0,0.0,0.0,0.0,2.0,2.0,1.0,3.0,0.0,0.0,0.0,4.0,1.0,8.0,-10.0,100.0,100.0,50.0,0.0,2.0,2.0,0.0,0.0,16.5,6.1,20.0,0.0,0.0,33.3,19.7
2486932,12,981358,CIUDAD MOLINA BASKET,HOME,2816661,M. Mukendi Mukendi,M. Mukendi Mukendi,0,19.9,1194.0,10.0,2.0,5.0,0.0,0.0,2.0,5.0,6.0,8.0,3.0,3.0,6.0,0.0,2.0,0.0,2.0,0.0,2.0,5.0,14.0,-8.0,58.7,40.0,0.0,160.0,0.8,0.0,1.6,14.7,25.1,18.6,0.0,0.0,13.0,19.0,23.4
2486932,12,981358,CIUDAD MOLINA BASKET,HOME,1439463,C. Toledo Zamora,C. Toledo Zamora,1,28.1,1689.0,8.0,0.0,3.0,2.0,3.0,2.0,6.0,2.0,6.0,2.0,1.0,3.0,2.0,2.0,0.0,0.0,0.0,1.0,3.0,5.0,-34.0,46.3,50.0,50.0,100.0,0.0,2.0,2.0,6.9,5.9,6.6,16.7,0.0,0.0,18.8,16.7
2486932,12,981358,CIUDAD MOLINA BASKET,HOME,2032122,J. Tavelli,J. Tavelli,1,17.1,1029.0,4.0,1.0,3.0,0.0,1.0,1.0,4.0,2.0,2.0,0.0,1.0,1.0,4.0,2.0,3.0,0.0,0.0,3.0,1.0,5.0,-7.0,41.0,25.0,25.0,50.0,0.7,0.0,2.0,0.0,9.7,3.6,57.1,9.1,0.0,29.1,17.8
2486932,12,981347,PROINBENI UPB GANDIA,AWAY,1824880,G. Perez Ramirez,G. Perez Ramirez,0,23.4,1402.0,18.0,0.0,0.0,6.0,10.0,6.0,10.0,0.0,0.0,0.0,0.0,0.0,3.0,0.0,3.0,0.0,0.0,0.0,0.0,20.0,29.0,90.0,90.0,100.0,0.0,0.0,1.8,0.0,0.0,0.0,0.0,23.8,6.4,0.0,0.0,20.3
2486932,12,981347,PROINBENI UPB GANDIA,AWAY,1837816,C. Hurtado Cervantes,C. Hurtado Cervantes,1,20.8,1245.0,11.0,1.0,3.0,0.0,3.0,1.0,6.0,9.0,9.0,0.0,2.0,2.0,1.0,0.0,2.0,0.0,0.0,1.0,6.0,16.0,6.0,55.2,16.7,50.0,150.0,0.7,0.0,1.5,0.0,9.4,5.9,6.9,4.8,0.0,0.0,22.8
2486932,12,981347,PROINBENI UPB GANDIA,AWAY,2736564,K. Greeley,K. Greeley,1,20.1,1203.0,12.0,3.0,6.0,1.0,2.0,4.0,8.0,3.0,4.0,1.0,1.0,2.0,6.0,1.0,1.0,0.0,1.0,0.0,2.0,17.0,24.0,61.5,56.2,25.0,50.0,1.0,1.5,2.0,8.3,4.9,6.1,52.2,2.5,0.0,9.3,25.5
2486932,12,981347,PROINBENI UPB GANDIA,AWAY,2378347,J. Molina Martinez,J. Molina Martinez,1,17.9,1074.0,4.0,2.0,2.0,0.0,1.0,2.0,3.0,0.0,0.0,1.0,1.0,2.0,2.0,1.0,1.0,0.0,0.0,3.0,0.0,4.0,18.0,66.7,66.7,33.3,0.0,2.0,0.0,0.0,9.3,5.5,6.9,19.2,2.8,0.0,25.0,10.6
2486932,12,981347,PROINBENI UPB GANDIA,AWAY,1673764,L. Ferrando Ortells,L. Ferrando Ortells,0,13.9,833.0,1.0,0.0,2.0,0.0,0.0,0.0,2.0,1.0,1.0,0.0,3.0,3.0,4.0,0.0,1.0,0.0,0.0,2.0,2.0,7.0,13.0,20.5,0.0,0.0,50.0,0.0,0.0,0.5,0.0,21.1,13.3,43.0,3.6,0.0,0.0,8.4
2486932,12,981347,PROINBENI UPB GANDIA,AWAY,2711878,D. Ilincic,D. Ilincic,0,11.2,671.0,7.0,0.0,1.0,0.0,2.0,0.0,3.0,7.0,8.0,1.0,3.0,4.0,1.0,0.0,0.0,0.0,0.0,1.0,5.0,12.0,1.0,53.7,0.0,66.7,266.7,0.0,0.0,1.6,14.9,26.1,22.0,10.8,0.0,0.0,0.0,27.7
2486932,12,981347,PROINBENI UPB GANDIA,AWAY,1996333,M. Montilla Diaz,M. Montilla Diaz,1,13.3,797.0,14.0,6.0,8.0,0.0,1.0,6.0,9.0,2.0,4.0,2.0,2.0,4.0,2.0,0.0,0.0,0.0,1.0,3.0,2.0,14.0,13.0,65.1,66.7,11.1,44.4,1.5,0.0,2.0,25.1,14.7,18.5,60.6,0.0,0.0,0.0,38.5
2486932,12,981347,PROINBENI UPB GANDIA,AWAY,1827011,J. Soler Cirujeda,J. Soler Cirujeda,0,13.1,787.0,11.0,3.0,5.0,1.0,1.0,4.0,6.0,2.0,2.0,1.0,0.0,1.0,0.0,0.0,1.0,0.0,0.0,3.0,1.0,9.0,9.0,79.9,75.0,16.7,33.3,1.2,3.0,2.0,12.7,0.0,4.7,0.0,3.8,0.0,0.0,25.0
2486932,12,981347,PROINBENI UPB GANDIA,AWAY,1857448,J. Santana Luchoro,J. Santana Luchoro,0,19.6,1178.0,4.0,0.0,0.0,1.0,1.0,1.0,1.0,1.0,4.0,0.0,3.0,3.0,1.0,1.0,1.0,0.0,0.0,3.0,2.0,4.0,9.0,72.5,150.0,100.0,400.0,0.0,3.0,2.0,0.0,14.9,9.4,6.9,2.5,0.0,26.6,9.1
2486932,12,981347,PROINBENI UPB GANDIA,AWAY,1851026,A. Bellver Valiente,A. Bellver Valiente,0,14.4,862.0,9.0,0.0,0.0,3.0,3.0,3.0,3.0,0.0,0.0,0.0,2.0,2.0,0.0,4.0,0.0,0.0,0.0,4.0,0.0,3.0,13.0,150.0,150.0,100.0,0.0,0.0,3.0,0.0,0.0,13.6,8.5,0.0,0.0,0.0,57.1,23.1
2486932,12,981347,PROINBENI UPB GANDIA,AWAY,2335802,J. Bitjaa Kody,J. Bitjaa Kody,1,28.8,1729.0,9.0,3.0,3.0,1.0,3.0,4.0,6.0,0.0,0.0,1.0,13.0,14.0,1.0,2.0,0.0,1.0,0.0,1.0,3.0,23.0,33.0,75.0,75.0,50.0,0.0,2.0,1.0,0.0,5.8,44.0,29.9,5.6,0.0,3.6,25.0,13.2
2486932,12,981347,PROINBENI UPB GANDIA,AWAY,2261243,J. Barber Terrades,J. Barber Terrades,0,3.6,219.0,0.0,0.0,1.0,0.0,1.0,0.0,2.0,0.0,0.0,0.0,1.0,1.0,0.0,2.0,0.0,0.0,0.0,1.0,0.0,-4.0,2.0,0.0,0.0,50.0,0.0,0.0,0.0,0.0,0.0,27.1,17.1,0.0,0.0,0.0,50.0,52.9
2486933,13,981347,PROINBENI UPB GANDIA,HOME,1824880,G. Perez Ramirez,G. Perez Ramirez,0,26.2,1575.0,12.0,2.0,4.0,1.0,4.0,3.0,8.0,5.0,5.0,2.0,1.0,3.0,1.0,1.0,0.0,0.0,0.0,1.0,3.0,12.0,-1.0,58.8,43.8,50.0,62.5,1.0,0.8,1.7,10.9,4.5,7.4,5.6,0.0,0.0,8.9,20.5
2486933,13,981347,PROINBENI UPB GANDIA,HOME,1837816,C. Hurtado Cervantes,C. Hurtado Cervantes,1,27.8,1668.0,18.0,2.0,6.0,3.0,7.0,5.0,13.0,5.0,6.0,0.0,3.0,3.0,3.0,1.0,1.0,0.0,2.0,4.0,3.0,14.0,11.0,57.5,50.0,53.8,46.2,0.7,1.3,2.0,0.0,12.7,7.0,18.8,1.9,0.0,6.0,28.7
2486933,13,981347,PROINBENI UPB GANDIA,HOME,2736564,K. Greeley,K. Greeley,1,29.0,1738.0,21.0,6.0,11.0,2.0,2.0,8.0,13.0,3.0,4.0,2.0,4.0,6.0,3.0,2.0,1.0,1.0,1.0,2.0,4.0,26.0,-3.0,71.1,69.2,15.4,30.8,1.1,3.0,1.0,9.9,16.2,13.3,23.1,1.8,3.3,11.9,27.7
2486933,13,981347,PROINBENI UPB GANDIA,HOME,2378347,J. Molina Martinez,J. Molina Martinez,1,25.5,1530.0,4.0,1.0,2.0,0.0,0.0,1.0,2.0,2.0,2.0,0.0,3.0,3.0,4.0,1.0,3.0,0.0,0.0,4.0,3.0,11.0,12.0,69.4,50.0,0.0,100.0,1.0,0.0,0.7,0.0,13.8,7.6,23.5,6.1,0.0,25.8,7.3
2486933,13,981347,PROINBENI UPB GANDIA,HOME,2711878,D. Ilincic,D. Ilincic,0,6.4,385.0,3.0,0.0,3.0,1.0,2.0,1.0,5.0,0.0,0.0,0.0,0.0,0.0,1.0,0.0,0.0,0.0,1.0,2.0,0.0,-2.0,1.0,30.0,30.0,40.0,0.0,0.0,1.5,0.0,0.0,0.0,0.0,20.0,0.0,0.0,0.0,37.5
2486933,13,981347,PROINBENI UPB GANDIA,HOME,1996333,M. Montilla Diaz,M. Montilla Diaz,1,17.5,1048.0,13.0,2.0,2.0,3.0,3.0,5.0,5.0,0.0,1.0,0.0,1.0,1.0,0.0,2.0,1.0,0.0,0.0,3.0,0.0,9.0,17.0,119.5,130.0,60.0,20.0,2.0,3.0,0.0,0.0,6.7,3.7,0.0,2.9,0.0,26.9,20.4
2486933,13,981347,PROINBENI UPB GANDIA,HOME,1827011,J. Soler Cirujeda,J. Soler Cirujeda,0,16.1,965.0,8.0,1.0,1.0,1.0,2.0,2.0,3.0,3.0,6.0,0.0,4.0,4.0,2.0,2.0,0.0,2.0,0.0,2.0,6.0,14.0,-1.0,70.9,83.3,66.7,200.0,2.0,1.5,1.0,0.0,29.2,16.0,20.0,0.0,11.8,26.2,22.7
2486933,13,981347,PROINBENI UPB GANDIA,HOME,1857448,J. Santana Luchoro,J. Santana Luchoro,0,17.4,1045.0,2.0,1.0,1.0,0.0,0.0,1.0,1.0,0.0,0.0,1.0,4.0,5.0,0.0,3.0,0.0,1.0,0.0,2.0,1.0,4.0,-16.0,100.0,100.0,0.0,0.0,2.0,0.0,0.0,8.2,27.0,18.5,0.0,0.0,5.5,75.0,11.0
2486933,13,981347,PROINBENI UPB GANDIA,HOME,1851026,A. Bellver Valiente,A. Bellver Valiente,0,7.8,471.0,0.0,0.0,0.0,0.0,2.0,0.0,2.0,0.0,0.0,0.0,0.0,0.0,2.0,0.0,0.0,0.0,0.0,1.0,1.0,0.0,0.0,0.0,0.0,100.0,0.0,0.0,0.0,0.0,0.0,0.0,0.0,33.3,0.0,0.0,0.0,12.3
2486933,13,981347,PROINBENI UPB GANDIA,HOME,2335802,J. Bitjaa Kody,J. Bitjaa Kody,1,26.2,1575.0,12.0,2.0,5.0,2.0,3.0,4.0,8.0,2.0,2.0,2.0,3.0,5.0,3.0,0.0,2.0,0.0,0.0,3.0,4.0,19.0,15.0,67.6,62.5,37.5,25.0,0.8,2.0,0.5,10.9,13.5,12.3,17.6,3.9,0.0,0.0,16.2
2486933,13,981514,SPANISH BASKETBALL ACADEMY,AWAY,2436640,J. Puidet,J. Puidet,1,32.8,1965.0,14.0,4.0,4.0,1.0,1.0,5.0,5.0,3.0,3.0,0.0,5.0,5.0,3.0,3.0,1.0,2.0,0.0,5.0,5.0,22.0,1.0,110.8,110.0,20.0,60.0,2.0,3.0,0.6,0.0,21.8,9.8,15.2,1.6,7.0,32.2,12.8
2486933,13,981514,SPANISH BASKETBALL ACADEMY,AWAY,2312124,S. Traore,S. Traore,0,2.9,175.0,0.0,0.0,0.0,0.0,0.0,0.0,0.0,0.0,2.0,1.0,1.0,2.0,0.0,0.0,0.0,0.0,0.0,3.0,1.0,-2.0,3.0,0.0,0.0,0.0,0.0,0.0,0.0,2.0,40.6,49.3,44.5,0.0,0.0,0.0,0.0,13.7
2486933,13,981514,SPANISH BASKETBALL ACADEMY,AWAY,1990032,M. Echeverria Fernandez,M. Echeverria Fernandez,0,22.7,1363.0,2.0,1.0,3.0,0.0,0.0,1.0,3.0,0.0,0.0,4.0,6.0,10.0,1.0,0.0,3.0,0.0,2.0,2.0,2.0,14.0,2.0,33.3,33.3,0.0,0.0,0.7,0.0,0.0,20.7,37.8,28.4,5.7,6.9,0.0,0.0,6.0
2486933,13,981514,SPANISH BASKETBALL ACADEMY,AWAY,2846994,K. Curfman,K. Curfman,0,30.4,1822.0,21.0,3.0,4.0,4.0,9.0,7.0,13.0,3.0,4.0,0.0,1.0,1.0,2.0,0.0,0.0,0.0,0.0,1.0,2.0,18.0,-2.0,71.1,69.2,69.2,30.8,1.5,1.3,2.0,0.0,4.7,2.1,11.2,0.0,0.0,0.0,21.9
2486933,13,981514,SPANISH BASKETBALL ACADEMY,AWAY,2065452,J. Santano Bartolome,J. Santano Bartolome,1,15.0,899.0,4.0,2.0,4.0,0.0,0.0,2.0,4.0,0.0,0.0,2.0,0.0,2.0,0.0,0.0,0.0,1.0,1.0,2.0,0.0,3.0,-11.0,50.0,50.0,0.0,0.0,1.0,0.0,0.0,15.7,0.0,8.6,0.0,0.0,7.6,0.0,12.0
2486933,13,981514,SPANISH BASKETBALL ACADEMY,AWAY,1374966,A. Moreno Trujillo,A. Moreno Trujillo,0,18.4,1107.0,4.0,2.0,7.0,0.0,3.0,2.0,10.0,0.0,0.0,1.0,0.0,1.0,0.0,3.0,4.0,1.0,0.0,4.0,1.0,-4.0,-6.0,20.0,20.0,30.0,0.0,0.6,0.0,0.0,6.4,0.0,3.5,0.0,11.4,6.2,23.1,31.8
2486933,13,981514,SPANISH BASKETBALL ACADEMY,AWAY,2816737,D. Simeunovic,D. Simeunovic,1,37.0,2217.0,18.0,5.0,13.0,1.0,5.0,6.0,18.0,5.0,11.0,1.0,4.0,5.0,3.0,1.0,2.0,0.0,1.0,2.0,5.0,12.0,-2.0,39.4,36.1,27.8,61.1,0.8,0.6,2.2,3.2,15.4,8.7,13.7,2.8,0.0,4.2,29.0
2486933,13,981514,SPANISH BASKETBALL ACADEMY,AWAY,2752020,E. Medina Roa,E. Medina Roa,1,15.2,912.0,6.0,3.0,3.0,0.0,0.0,3.0,3.0,0.0,1.0,2.0,4.0,6.0,1.0,2.0,0.0,0.0,0.0,2.0,1.0,9.0,-22.0,87.2,100.0,0.0,33.3,2.0,0.0,1.0,15.5,37.6,25.5,10.6,0.0,0.0,36.8,16.1
2486933,13,981514,SPANISH BASKETBALL ACADEMY,AWAY,1825944,R. Garcia Salame,R. Garcia Salame,1,25.7,1540.0,17.0,3.0,4.0,2.0,4.0,5.0,8.0,5.0,8.0,0.0,0.0,0.0,5.0,3.0,2.0,0.0,0.0,4.0,6.0,17.0,2.0,73.8,75.0,50.0,100.0,1.5,1.5,1.3,0.0,0.0,0.0,36.8,4.1,0.0,20.7,25.5
2486934,13,981491,C.B. GETAFE,HOME,1223461,J. Tejera Tejo,J. Tejera Tejo,0,14.5,871.0,6.0,3.0,4.0,0.0,1.0,3.0,5.0,0.0,0.0,3.0,1.0,4.0,1.0,0.0,2.0,0.0,0.0,0.0,3.0,14.0,23.0,60.0,60.0,20.0,0.0,1.5,0.0,0.0,23.6,8.1,16.0,7.5,6.9,0.0,0.0,13.2
2486934,13,981491,C.B. GETAFE,HOME,2816388,M. Abdulsalam,M. Abdulsalam,1,23.4,1403.0,14.0,5.0,8.0,1.0,1.0,6.0,9.0,1.0,2.0,2.0,8.0,10.0,2.0,2.0,2.0,2.0,0.0,2.0,1.0,23.0,24.0,70.9,72.2,11.1,22.2,1.2,3.0,2.0,9.8,40.2,24.8,10.8,4.3,9.0,16.8,19.5
2486934,13,981491,C.B. GETAFE,HOME,1789964,E. Ortiz Torres,E. Ortiz Torres,0,8.4,507.0,2.0,1.0,2.0,0.0,0.0,1.0,2.0,0.0,0.0,0.0,0.0,0.0,2.0,1.0,0.0,0.0,0.0,1.0,0.0,1.0,13.0,50.0,50.0,0.0,0.0,1.0,0.0,0.0,0.0,0.0,0.0,27.8,0.0,0.0,33.3,13.7
2486934,13,981491,C.B. GETAFE,HOME,1515390,C. Martos Infantes,C. Martos Infantes,0,6.1,365.0,2.0,1.0,1.0,0.0,2.0,1.0,3.0,0.0,0.0,0.0,1.0,1.0,1.0,0.0,0.0,0.0,0.0,0.0,0.0,2.0,7.0,33.3,33.3,66.7,0.0,2.0,0.0,0.0,0.0,19.3,9.5,13.9,0.0,0.0,0.0,18.9
2486934,13,981491,C.B. GETAFE,HOME,2816390,A. Akinwole,A. Akinwole,0,18.5,1108.0,11.0,3.0,6.0,1.0,3.0,4.0,9.0,2.0,2.0,0.0,4.0,4.0,5.0,1.0,4.0,0.0,0.0,1.0,2.0,19.0,15.0,55.7,50.0,33.3,22.2,1.0,1.0,1.0,0.0,25.4,12.5,30.3,10.8,0.0,9.2,22.6
2486934,13,981491,C.B. GETAFE,HOME,2815898,C. Henderson,C. Henderson,0,20.0,1202.0,10.0,2.0,3.0,2.0,5.0,4.0,8.0,0.0,0.0,3.0,2.0,5.0,1.0,1.0,0.0,1.0,0.0,0.0,0.0,12.0,7.0,62.5,62.5,62.5,0.0,1.3,1.2,0.0,17.1,11.8,14.5,6.1,0.0,5.3,11.1,17.3
2486934,13,981491,C.B. GETAFE,HOME,1328788,M. Alvarez Puertas,M. Alvarez Puertas,1,13.7,823.0,3.0,1.0,2.0,0.0,1.0,1.0,3.0,1.0,3.0,0.0,4.0,4.0,1.0,0.0,0.0,0.0,0.0,2.0,1.0,3.0,13.0,34.7,33.3,33.3,100.0,1.0,0.0,3.0,0.0,34.3,16.9,8.8,0.0,0.0,0.0,12.1
2486934,13,981491,C.B. GETAFE,HOME,1674978,G. Mulero Maldonado,G. Mulero Maldonado,1,20.6,1237.0,18.0,4.0,7.0,3.0,3.0,7.0,10.0,1.0,4.0,3.0,3.0,6.0,2.0,2.0,2.0,0.0,0.0,2.0,4.0,22.0,27.0,76.5,85.0,30.0,40.0,1.1,3.0,1.0,16.6,17.1,16.9,14.8,4.9,0.0,14.5,25.7
2486934,13,981491,C.B. GETAFE,HOME,1582089,J. Parra Baez,J. Parra Baez,1,21.5,1288.0,13.0,2.0,4.0,3.0,9.0,5.0,13.0,0.0,0.0,2.0,0.0,2.0,3.0,2.0,0.0,0.0,0.0,0.0,2.0,10.0,15.0,50.0,50.0,69.2,0.0,1.0,1.0,0.0,10.6,0.0,5.4,19.4,0.0,0.0,13.3,26.8
2486934,13,981491,C.B. GETAFE,HOME,1820240,P. Arribas Gomez,P. Arribas Gomez,0,14.1,848.0,8.0,1.0,1.0,2.0,5.0,3.0,6.0,0.0,0.0,2.0,0.0,2.0,0.0,0.0,0.0,0.0,1.0,1.0,1.0,7.0,18.0,66.7,66.7,83.3,0.0,2.0,1.2,0.0,16.2,0.0,8.2,0.0,0.0,0.0,0.0,16.3
2486934,13,981491,C.B. GETAFE,HOME,2816389,J. Nve Maleva,J. Nve Maleva,0,16.6,997.0,7.0,2.0,3.0,0.0,0.0,2.0,3.0,3.0,6.0,3.0,4.0,7.0,1.0,4.0,2.0,0.0,0.0,3.0,2.0,8.0,16.0,62.1,66.7,0.0,200.0,1.3,0.0,3.0,20.7,28.3,24.4,6.9,6.0,0.0,41.5,22.3
2486934,13,981491,C.B. GETAFE,HOME,1876223,A. Montero Isla,A. Montero Isla,1,22.5,1351.0,13.0,2.0,3.0,2.0,4.0,4.0,7.0,3.0,6.0,2.0,0.0,2.0,2.0,3.0,1.0,0.0,1.0,1.0,6.0,14.0,22.0,67.4,71.4,57.1,85.7,1.3,1.5,1.0,10.2,0.0,5.2,9.7,2.2,0.0,23.7,21.6
2486934,13,981358,CIUDAD MOLINA BASKET,AWAY,2816300,A. Duval,A. Duval,1,12.6,754.0,3.0,0.0,1.0,1.0,4.0,1.0,5.0,0.0,2.0,0.0,0.0,0.0,0.0,2.0,1.0,0.0,0.0,4.0,1.0,-7.0,-17.0,25.5,30.0,80.0,40.0,0.0,0.8,2.0,0.0,0.0,0.0,0.0,3.8,0.0,25.4,28.8
2486934,13,981358,CIUDAD MOLINA BASKET,AWAY,1899744,J. Cascales Fernandez,J. Cascales Fernandez,0,8.3,499.0,2.0,0.0,1.0,0.0,0.0,0.0,1.0,2.0,4.0,0.0,0.0,0.0,0.0,0.0,1.0,0.0,0.0,0.0,2.0,2.0,-2.0,36.2,0.0,0.0,400.0,0.0,0.0,2.0,0.0,0.0,0.0,0.0,5.7,0.0,0.0,15.3
2486934,13,981358,CIUDAD MOLINA BASKET,AWAY,1532799,R. Timoner Gimenez,R. Timoner Gimenez,0,25.2,1514.0,12.0,3.0,4.0,1.0,3.0,4.0,7.0,3.0,4.0,1.0,1.0,2.0,7.0,1.0,1.0,1.0,0.0,2.0,2.0,18.0,-15.0,68.5,64.3,42.9,57.1,1.5,1.0,2.0,4.7,4.5,4.6,63.6,1.9,3.6,10.2,17.8
2486934,13,981358,CIUDAD MOLINA BASKET,AWAY,1895175,A. López Martinez,A. López Martinez,0,3.7,220.0,0.0,0.0,0.0,0.0,0.0,0.0,0.0,0.0,0.0,0.0,0.0,0.0,0.0,0.0,0.0,0.0,0.0,0.0,0.0,0.0,-8.0,0.0,0.0,0.0,0.0,0.0,0.0,0.0,0.0,0.0,0.0,0.0,0.0,0.0,0.0,0.0
2486934,13,981358,CIUDAD MOLINA BASKET,AWAY,2146670,P. Campeny Lloveras,P. Campeny Lloveras,0,23.9,1434.0,15.0,2.0,6.0,3.0,5.0,5.0,11.0,2.0,2.0,0.0,2.0,2.0,0.0,0.0,1.0,0.0,0.0,1.0,1.0,12.0,-21.0,63.1,59.1,45.5,18.2,0.7,1.8,2.0,0.0,9.6,4.9,0.0,2.0,0.0,0.0,22.9
2486934,13,981358,CIUDAD MOLINA BASKET,AWAY,1514342,R. Martínez-Quintanilla Jiménez,R. Martínez-Quintanilla Jiménez,0,18.9,1132.0,0.0,0.0,1.0,0.0,1.0,0.0,2.0,0.0,0.0,0.0,1.0,1.0,1.0,3.0,0.0,0.0,0.0,2.0,0.0,-5.0,-26.0,0.0,0.0,50.0,0.0,0.0,0.0,0.0,0.0,6.0,3.1,8.0,0.0,0.0,60.0,12.2
2486934,13,981358,CIUDAD MOLINA BASKET,AWAY,2816662,G. Miladinovic,G. Miladinovic,1,23.6,1418.0,12.0,6.0,9.0,0.0,0.0,6.0,9.0,0.0,0.0,3.0,4.0,7.0,1.0,1.0,1.0,1.0,0.0,0.0,0.0,18.0,-29.0,66.7,66.7,0.0,0.0,1.3,0.0,0.0,15.0,19.4,17.2,11.1,2.0,3.9,10.0,19.5
2486934,13,981358,CIUDAD MOLINA BASKET,AWAY,2557720,M. Garcia Rosello,M. Garcia Rosello,1,15.8,945.0,0.0,0.0,0.0,0.0,2.0,0.0,2.0,0.0,2.0,1.0,1.0,2.0,0.0,3.0,1.0,0.0,0.0,2.0,1.0,-5.0,-6.0,0.0,0.0,100.0,100.0,0.0,0.0,2.0,7.4,7.2,7.3,0.0,3.0,0.0,51.0,17.1
2486934,13,981358,CIUDAD MOLINA BASKET,AWAY,2042118,F. Hernandez Martinez,F. Hernandez Martinez,0,21.6,1293.0,12.0,4.0,7.0,1.0,5.0,5.0,12.0,1.0,1.0,0.0,1.0,1.0,2.0,4.0,2.0,0.0,2.0,1.0,0.0,5.0,-18.0,48.2,45.8,41.7,8.3,1.1,0.6,0.0,0.0,5.3,2.7,26.7,4.4,0.0,24.3,35.0
2486934,13,981358,CIUDAD MOLINA BASKET,AWAY,2816661,M. Mukendi Mukendi,M. Mukendi Mukendi,0,14.7,882.0,7.0,2.0,5.0,0.0,0.0,2.0,5.0,3.0,3.0,1.0,2.0,3.0,0.0,3.0,0.0,0.0,1.0,5.0,2.0,1.0,-17.0,55.4,40.0,0.0,60.0,0.8,0.0,1.5,8.0,15.5,11.8,0.0,0.0,0.0,32.2,29.2
2486934,13,981358,CIUDAD MOLINA BASKET,AWAY,1439463,C. Toledo Zamora,C. Toledo Zamora,1,15.4,927.0,0.0,0.0,0.0,0.0,0.0,0.0,0.0,0.0,0.0,0.0,3.0,3.0,2.0,1.0,0.0,0.0,0.0,1.0,1.0,4.0,-12.0,0.0,0.0,0.0,0.0,0.0,0.0,0.0,0.0,22.3,11.3,20.0,0.0,0.0,100.0,3.0
2486934,13,981358,CIUDAD MOLINA BASKET,AWAY,2032122,J. Tavelli,J. Tavelli,1,16.4,982.0,4.0,2.0,4.0,0.0,1.0,2.0,5.0,0.0,0.0,1.0,0.0,1.0,1.0,2.0,1.0,0.0,0.0,4.0,2.0,0.0,-29.0,40.0,40.0,20.0,0.0,1.0,0.0,0.0,7.2,0.0,3.5,12.5,2.9,0.0,28.6,19.6
2486935,13,979996,AMICS CASTELLÓ,HOME,2149001,R. Fabrega Urpina,R. Fabrega Urpina,1,22.1,1328.0,4.0,2.0,2.0,0.0,1.0,2.0,3.0,0.0,0.0,0.0,5.0,5.0,8.0,4.0,4.0,0.0,0.0,0.0,2.0,18.0,12.0,66.7,66.7,33.3,0.0,2.0,0.0,0.0,0.0,25.1,16.2,48.2,9.0,0.0,57.1,16.1
2486935,13,979996,AMICS CASTELLÓ,HOME,273780,J. Faner Catala,J. Faner Catala,0,18.4,1101.0,11.0,0.0,1.0,2.0,3.0,2.0,4.0,5.0,5.0,0.0,1.0,1.0,4.0,2.0,0.0,0.0,0.0,2.0,4.0,14.0,15.0,88.7,75.0,75.0,125.0,0.0,2.0,1.2,0.0,6.0,3.9,29.6,0.0,0.0,24.4,22.7
2486935,13,979996,AMICS CASTELLÓ,HOME,2818901,O. Russell,O. Russell,0,23.4,1403.0,16.0,3.0,4.0,2.0,4.0,5.0,8.0,4.0,4.0,0.0,1.0,1.0,5.0,0.0,2.0,0.0,0.0,2.0,2.0,21.0,21.0,82.0,75.0,50.0,50.0,1.5,1.5,2.0,0.0,4.7,3.1,36.8,4.2,0.0,0.0,21.2
2486935,13,979996,AMICS CASTELLÓ,HOME,2816147,D. Bah,D. Bah,0,13.6,814.0,2.0,1.0,2.0,0.0,0.0,1.0,2.0,0.0,0.0,0.0,0.0,0.0,0.0,0.0,0.0,0.0,0.0,2.0,0.0,-1.0,11.0,50.0,50.0,0.0,0.0,1.0,0.0,0.0,0.0,0.0,0.0,0.0,0.0,0.0,0.0,7.5
2486935,13,979996,AMICS CASTELLÓ,HOME,1817496,P. Garcia Carrero,P. Garcia Carrero,0,27.8,1666.0,14.0,3.0,3.0,2.0,5.0,5.0,8.0,2.0,2.0,4.0,3.0,7.0,2.0,0.0,0.0,0.0,0.0,2.0,2.0,20.0,19.0,78.8,75.0,62.5,25.0,2.0,1.2,1.0,28.8,12.0,18.0,12.0,0.0,0.0,0.0,16.2
2486935,13,979996,AMICS CASTELLÓ,HOME,2816738,K. Newton,K. Newton,1,19.9,1192.0,6.0,1.0,2.0,1.0,5.0,2.0,7.0,1.0,1.0,0.0,0.0,0.0,1.0,3.0,0.0,0.0,0.0,4.0,1.0,-4.0,7.0,40.3,35.7,71.4,14.3,1.0,0.6,1.0,0.0,0.0,0.0,7.4,0.0,0.0,28.7,26.7
2486935,13,979996,AMICS CASTELLÓ,HOME,2087878,D. Saez Gil,D. Saez Gil,0,0.6,37.0,2.0,1.0,1.0,0.0,0.0,1.0,1.0,0.0,1.0,0.0,0.0,0.0,0.0,0.0,0.0,0.0,0.0,0.0,1.0,2.0,-3.0,69.4,100.0,0.0,100.0,2.0,0.0,1.0,0.0,0.0,0.0,-0.0,0.0,0.0,0.0,122.0
2486935,13,979996,AMICS CASTELLÓ,HOME,2743181,K.  Baoko,K.  Baoko,1,26.4,1586.0,13.0,5.0,6.0,0.0,0.0,5.0,6.0,3.0,4.0,2.0,4.0,6.0,1.0,4.0,2.0,3.0,0.0,2.0,3.0,20.0,10.0,83.8,83.3,0.0,66.7,1.7,0.0,1.3,15.2,16.8,16.2,6.0,3.8,11.4,34.0,22.6
2486935,13,979996,AMICS CASTELLÓ,HOME,1840859,V. Rodriguez Gil,V. Rodriguez Gil,0,2.9,174.0,0.0,0.0,0.0,0.0,0.0,0.0,0.0,0.0,0.0,0.0,0.0,0.0,0.0,0.0,0.0,0.0,0.0,0.0,0.0,0.0,-8.0,0.0,0.0,0.0,0.0,0.0,0.0,0.0,0.0,0.0,0.0,0.0,0.0,0.0,0.0,0.0
2486935,13,979996,AMICS CASTELLÓ,HOME,2641325,M. Andreatta,M. Andreatta,1,18.6,1117.0,11.0,3.0,4.0,1.0,4.0,4.0,8.0,2.0,2.0,0.0,3.0,3.0,1.0,0.0,0.0,0.0,0.0,4.0,2.0,9.0,0.0,61.9,56.2,50.0,25.0,1.5,0.8,1.0,0.0,17.9,11.5,8.7,0.0,0.0,0.0,24.3
2486935,13,979996,AMICS CASTELLÓ,HOME,1627889,A. Tamayo Lesmes,A. Tamayo Lesmes,1,26.4,1582.0,14.0,1.0,2.0,3.0,5.0,4.0,7.0,3.0,3.0,0.0,4.0,4.0,2.0,2.0,1.0,0.0,0.0,2.0,2.0,16.0,21.0,84.1,78.6,71.4,42.9,1.0,1.8,1.5,0.0,16.8,10.8,11.3,1.9,0.0,19.4,19.9
2486935,13,981490,CLUB ESPORTIU BÀSQUET LLÍRIA,AWAY,2274877,K. Clement Aigbogun,K. Clement Aigbogun,0,15.6,936.0,2.0,1.0,1.0,0.0,2.0,1.0,3.0,0.0,0.0,0.0,0.0,0.0,1.0,2.0,0.0,0.0,0.0,2.0,0.0,-3.0,-9.0,33.3,33.3,66.7,0.0,2.0,0.0,0.0,0.0,0.0,0.0,10.6,0.0,0.0,40.0,13.4
2486935,13,981490,CLUB ESPORTIU BÀSQUET LLÍRIA,AWAY,2665346,D. Kandulu,D. Kandulu,1,19.6,1174.0,8.0,2.0,3.0,0.0,0.0,2.0,3.0,4.0,9.0,5.0,3.0,8.0,0.0,0.0,0.0,0.0,0.0,1.0,6.0,15.0,-18.0,57.5,66.7,0.0,300.0,1.3,0.0,1.5,28.3,30.6,29.2,0.0,0.0,0.0,0.0,14.8
2486935,13,981490,CLUB ESPORTIU BÀSQUET LLÍRIA,AWAY,1702333,E. Herrera Sauret,E. Herrera Sauret,1,19.1,1147.0,9.0,3.0,6.0,0.0,7.0,3.0,13.0,3.0,3.0,0.0,2.0,2.0,1.0,2.0,1.0,0.0,1.0,2.0,2.0,1.0,-5.0,31.4,23.1,53.8,23.1,1.0,0.0,1.5,0.0,20.9,7.5,10.0,2.9,0.0,12.3,35.7
2486935,13,981490,CLUB ESPORTIU BÀSQUET LLÍRIA,AWAY,1995160,D. Rivas Palmer,D. Rivas Palmer,1,24.4,1466.0,13.0,2.0,6.0,3.0,5.0,5.0,11.0,0.0,0.0,2.0,1.0,3.0,0.0,1.0,1.0,0.0,0.0,4.0,0.0,6.0,-12.0,59.1,59.1,45.5,0.0,0.7,1.8,0.0,9.1,8.2,8.8,0.0,2.3,0.0,8.3,20.5
2486935,13,981490,CLUB ESPORTIU BÀSQUET LLÍRIA,AWAY,1882178,J. Palamos Molins,J. Palamos Molins,0,16.8,1009.0,6.0,2.0,5.0,0.0,1.0,2.0,6.0,2.0,2.0,0.0,2.0,2.0,2.0,4.0,1.0,0.0,0.0,1.0,4.0,6.0,-1.0,43.6,33.3,16.7,33.3,0.8,0.0,0.5,0.0,23.8,8.5,23.8,3.3,0.0,36.8,27.0
2486935,13,981490,CLUB ESPORTIU BÀSQUET LLÍRIA,AWAY,2646201,H. Salomon,H. Salomon,0,8.3,497.0,5.0,1.0,1.0,1.0,3.0,2.0,4.0,0.0,0.0,2.0,0.0,2.0,0.0,0.0,0.0,0.0,0.0,0.0,0.0,5.0,-4.0,62.5,62.5,75.0,0.0,2.0,1.0,0.0,26.8,0.0,17.2,0.0,0.0,0.0,0.0,20.1
2486935,13,981490,CLUB ESPORTIU BÀSQUET LLÍRIA,AWAY,1560358,A. Meana Perez,A. Meana Perez,1,23.1,1389.0,5.0,0.0,5.0,1.0,5.0,1.0,10.0,2.0,3.0,0.0,1.0,1.0,3.0,3.0,4.0,0.0,1.0,2.0,6.0,4.0,-20.0,22.1,15.0,50.0,30.0,0.0,0.6,0.5,0.0,8.7,3.1,20.5,9.5,0.0,20.9,25.9
2486935,13,981490,CLUB ESPORTIU BÀSQUET LLÍRIA,AWAY,1257494,V. Perez Tomas,V. Perez Tomas,0,15.0,901.0,10.0,3.0,4.0,1.0,4.0,4.0,8.0,1.0,1.0,0.0,0.0,0.0,0.0,3.0,1.0,0.0,0.0,3.0,0.0,1.0,-11.0,59.2,56.2,50.0,12.5,1.5,0.8,0.0,0.0,0.0,0.0,0.0,3.7,0.0,26.2,31.8
2486935,13,981490,CLUB ESPORTIU BÀSQUET LLÍRIA,AWAY,1761293,P. Bono Soler,P. Bono Soler,0,13.2,794.0,5.0,1.0,1.0,1.0,1.0,2.0,2.0,0.0,0.0,1.0,1.0,2.0,0.0,1.0,0.0,0.0,0.0,0.0,0.0,6.0,-7.0,125.0,125.0,50.0,0.0,2.0,3.0,0.0,8.4,15.2,10.8,0.0,0.0,0.0,33.3,9.5
2486935,13,981490,CLUB ESPORTIU BÀSQUET LLÍRIA,AWAY,2184821,M. Enabulele Ogunsuyi,M. Enabulele Ogunsuyi,0,20.5,1228.0,5.0,2.0,2.0,0.0,0.0,2.0,2.0,1.0,2.0,2.0,4.0,6.0,0.0,1.0,1.0,0.0,0.0,3.0,1.0,8.0,-3.0,86.8,100.0,0.0,100.0,2.0,0.0,2.0,10.8,39.0,20.9,0.0,2.7,0.0,25.8,7.9
2486935,13,981490,CLUB ESPORTIU BÀSQUET LLÍRIA,AWAY,2222436,S. Gallego Mogro,S. Gallego Mogro,1,24.3,1459.0,4.0,2.0,6.0,0.0,1.0,2.0,7.0,0.0,0.0,3.0,0.0,3.0,0.0,1.0,0.0,0.0,1.0,1.0,0.0,0.0,-15.0,28.6,28.6,14.3,0.0,0.7,0.0,0.0,13.7,0.0,8.8,0.0,0.0,0.0,12.5,13.7
2486936,13,981275,MADERAS SORLI BENICARLO,HOME,2467065,A. Ikpeze,A. Ikpeze,1,10.9,656.0,4.0,1.0,4.0,0.0,0.0,1.0,4.0,2.0,2.0,1.0,1.0,2.0,0.0,0.0,0.0,2.0,0.0,4.0,1.0,2.0,14.0,41.0,25.0,0.0,50.0,0.5,0.0,2.0,8.0,9.9,8.8,0.0,0.0,21.6,0.0,20.0
2486936,13,981275,MADERAS SORLI BENICARLO,HOME,1938475,P. Llorach Cornelles,P. Llorach Cornelles,0,1.4,81.0,0.0,0.0,0.0,0.0,0.0,0.0,0.0,0.0,0.0,0.0,0.0,0.0,0.0,0.0,0.0,0.0,0.0,1.0,0.0,-1.0,-4.0,0.0,0.0,0.0,0.0,0.0,0.0,0.0,0.0,0.0,0.0,0.0,0.0,0.0,0.0,0.0
2486936,13,981275,MADERAS SORLI BENICARLO,HOME,1485040,A. Haro Val,A. Haro Val,0,28.2,1694.0,8.0,1.0,7.0,2.0,5.0,3.0,12.0,0.0,2.0,2.0,3.0,5.0,4.0,1.0,7.0,0.0,2.0,1.0,3.0,14.0,3.0,31.1,33.3,41.7,16.7,0.3,1.2,0.7,6.2,11.5,8.5,26.3,13.1,0.0,7.2,22.0
2486936,13,981275,MADERAS SORLI BENICARLO,HOME,1998365,P. Harguindey Maneiro,P. Harguindey Maneiro,1,24.2,1452.0,9.0,1.0,1.0,2.0,3.0,3.0,4.0,1.0,2.0,1.0,4.0,5.0,1.0,0.0,0.0,0.0,0.0,2.0,1.0,12.0,9.0,92.2,100.0,75.0,50.0,2.0,2.0,2.0,3.6,17.9,10.0,7.9,0.0,0.0,0.0,9.0
2486936,13,981275,MADERAS SORLI BENICARLO,HOME,2500822,M. Voronin,M. Voronin,1,28.5,1709.0,9.0,3.0,6.0,0.0,7.0,3.0,13.0,3.0,4.0,1.0,1.0,2.0,0.0,0.0,1.0,0.0,0.0,0.0,2.0,3.0,16.0,30.5,23.1,53.8,30.8,1.0,0.0,2.0,3.1,3.8,3.4,0.0,1.8,0.0,0.0,23.2
2486936,13,981275,MADERAS SORLI BENICARLO,HOME,1659850,A. Prior Ruiz,A. Prior Ruiz,0,22.3,1336.0,6.0,3.0,4.0,0.0,4.0,3.0,8.0,0.0,0.0,0.0,6.0,6.0,2.0,1.0,0.0,0.0,0.0,3.0,0.0,5.0,-5.0,37.5,37.5,50.0,0.0,1.5,0.0,0.0,0.0,29.1,13.0,15.9,0.0,0.0,11.1,18.1
2486936,13,981275,MADERAS SORLI BENICARLO,HOME,2219986,A. Libroia,A. Libroia,1,23.3,1396.0,17.0,4.0,11.0,3.0,4.0,7.0,15.0,0.0,2.0,1.0,0.0,1.0,3.0,2.0,2.0,0.0,1.0,4.0,3.0,10.0,-1.0,53.5,56.7,26.7,13.3,0.7,2.2,0.7,3.7,0.0,2.1,34.9,4.5,0.0,11.2,34.4
2486936,13,981275,MADERAS SORLI BENICARLO,HOME,2703145,M. Fall,M. Fall,0,21.1,1269.0,14.0,4.0,8.0,0.0,0.0,4.0,8.0,6.0,8.0,4.0,2.0,6.0,0.0,0.0,0.0,0.0,1.0,2.0,5.0,17.0,-11.0,60.8,50.0,0.0,100.0,1.0,0.0,1.6,16.5,10.2,13.7,0.0,0.0,0.0,0.0,24.5
2486936,13,981275,MADERAS SORLI BENICARLO,HOME,2536645,R. Ukawuba,R. Ukawuba,0,14.6,875.0,6.0,0.0,1.0,2.0,3.0,2.0,4.0,0.0,0.0,2.0,1.0,3.0,0.0,0.0,0.0,1.0,0.0,1.0,1.0,8.0,-5.0,75.0,75.0,75.0,0.0,0.0,2.0,0.0,11.9,7.4,9.9,0.0,0.0,8.1,0.0,12.3
2486936,13,981275,MADERAS SORLI BENICARLO,HOME,2250610,A. Sanchez Perdiguero,A. Sanchez Perdiguero,1,25.5,1532.0,5.0,0.0,3.0,0.0,1.0,0.0,4.0,5.0,8.0,3.0,6.0,9.0,2.0,1.0,3.0,1.0,0.0,4.0,6.0,14.0,14.0,33.2,0.0,25.0,200.0,0.0,0.0,1.3,10.2,25.4,17.0,12.8,6.2,4.6,11.7,15.0
2486936,13,981294,C.B. ZARAGOZA,AWAY,1802050,D. Muñoz Samatan,D. Muñoz Samatan,1,27.0,1621.0,7.0,3.0,7.0,0.0,1.0,3.0,8.0,1.0,2.0,5.0,0.0,5.0,1.0,2.0,0.0,0.0,1.0,3.0,2.0,4.0,-15.0,39.4,37.5,12.5,25.0,0.9,0.0,1.0,20.0,0.0,8.9,7.2,0.0,0.0,18.4,18.1
2486936,13,981294,C.B. ZARAGOZA,AWAY,1798932,D. Arjol Lopez,D. Arjol Lopez,0,22.2,1331.0,10.0,4.0,5.0,0.0,3.0,4.0,8.0,2.0,4.0,1.0,4.0,5.0,4.0,5.0,0.0,0.0,0.0,2.0,2.0,8.0,8.0,51.2,50.0,37.5,50.0,1.6,0.0,2.0,4.9,15.7,10.9,38.5,0.0,0.0,33.9,29.9
2486936,13,981294,C.B. ZARAGOZA,AWAY,1250976,O. Alvarado Rodriguez,O. Alvarado Rodriguez,1,26.8,1610.0,6.0,0.0,0.0,2.0,3.0,2.0,3.0,0.0,0.0,1.0,3.0,4.0,5.0,1.0,0.0,0.0,0.0,1.0,3.0,15.0,-5.0,100.0,100.0,100.0,0.0,0.0,2.0,0.0,4.0,9.7,7.2,33.8,0.0,0.0,25.0,6.7
2486936,13,981294,C.B. ZARAGOZA,AWAY,361567,E. Gatell Sanz,E. Gatell Sanz,1,27.8,1667.0,8.0,4.0,7.0,0.0,1.0,4.0,8.0,0.0,0.0,4.0,9.0,13.0,1.0,3.0,0.0,3.0,0.0,3.0,1.0,16.0,-6.0,50.0,50.0,12.5,0.0,1.1,0.0,0.0,15.6,28.2,22.5,7.8,0.0,9.6,27.3,17.8
2486936,13,981294,C.B. ZARAGOZA,AWAY,1861515,P. Aso Jimenez,P. Aso Jimenez,0,12.8,765.0,4.0,0.0,1.0,1.0,1.0,1.0,2.0,1.0,2.0,1.0,4.0,5.0,0.0,0.0,0.0,0.0,0.0,1.0,1.0,7.0,8.0,69.4,75.0,50.0,100.0,0.0,3.0,2.0,8.4,27.2,18.8,0.0,0.0,0.0,0.0,10.1
2486936,13,981294,C.B. ZARAGOZA,AWAY,1446949,J. Jiménez Jiménez,J. Jiménez Jiménez,1,17.6,1057.0,8.0,0.0,0.0,2.0,4.0,2.0,4.0,2.0,2.0,0.0,3.0,3.0,1.0,3.0,2.0,0.0,0.0,4.0,2.0,7.0,-10.0,82.0,75.0,100.0,50.0,0.0,1.5,1.0,0.0,14.8,8.2,13.2,6.1,0.0,38.1,20.1
2486936,13,981294,C.B. ZARAGOZA,AWAY,2704882,Y. Kolo,Y. Kolo,0,12.1,724.0,3.0,1.0,2.0,0.0,2.0,1.0,4.0,1.0,2.0,1.0,2.0,3.0,0.0,0.0,0.0,0.0,0.0,2.0,1.0,1.0,0.0,30.7,25.0,50.0,50.0,1.0,0.0,2.0,8.9,14.4,11.9,0.0,0.0,0.0,0.0,18.1
2486936,13,981294,C.B. ZARAGOZA,AWAY,2815312,J. Zhao Olmos,J. Zhao Olmos,1,24.9,1494.0,11.0,2.0,6.0,1.0,5.0,3.0,11.0,4.0,4.0,0.0,2.0,2.0,1.0,3.0,1.0,1.0,1.0,4.0,3.0,4.0,-22.0,43.1,31.8,45.5,36.4,0.7,0.6,1.3,0.0,7.0,3.9,8.8,2.2,3.6,19.0,28.4
2486936,13,981294,C.B. ZARAGOZA,AWAY,1556128,G. Colom Barrufet,G. Colom Barrufet,0,12.7,764.0,8.0,1.0,2.0,2.0,4.0,3.0,6.0,0.0,0.0,0.0,1.0,1.0,0.0,1.0,0.0,0.0,1.0,1.0,0.0,4.0,10.0,66.7,66.7,66.7,0.0,1.0,1.5,0.0,0.0,6.8,3.8,0.0,0.0,0.0,14.3,24.8
2486936,13,981294,C.B. ZARAGOZA,AWAY,1910411,A. Aragones Navais,A. Aragones Navais,0,16.1,967.0,7.0,1.0,4.0,0.0,2.0,1.0,6.0,5.0,9.0,0.0,3.0,3.0,0.0,0.0,0.0,0.0,1.0,1.0,6.0,6.0,2.0,35.1,16.7,33.3,150.0,0.5,0.0,1.5,0.0,16.2,9.0,0.0,0.0,0.0,0.0,27.8
2486937,13,979897,BUENO ARENAS ALBACETE BASKET,HOME,2772828,F. Andrade Amiel,F. Andrade Amiel,1,23.1,1385.0,11.0,2.0,4.0,2.0,5.0,4.0,9.0,1.0,2.0,0.0,5.0,5.0,5.0,0.0,3.0,0.0,0.0,1.0,1.0,18.0,27.0,55.7,55.6,55.6,22.2,1.0,1.2,2.0,0.0,18.8,11.1,39.1,6.6,0.0,0.0,20.6
2486937,13,979897,BUENO ARENAS ALBACETE BASKET,HOME,1371559,V. Aguilar Hernandez,V. Aguilar Hernandez,1,19.1,1149.0,9.0,2.0,2.0,1.0,4.0,3.0,6.0,2.0,2.0,0.0,3.0,3.0,6.0,1.0,0.0,0.0,0.0,1.0,1.0,14.0,11.0,65.4,58.3,66.7,33.3,2.0,0.8,2.0,0.0,13.7,8.1,54.5,0.0,0.0,12.7,19.8
2486937,13,979897,BUENO ARENAS ALBACETE BASKET,HOME,2813013,N. Reid,N. Reid,1,22.7,1360.0,10.0,1.0,2.0,2.0,3.0,3.0,5.0,2.0,4.0,0.0,2.0,2.0,4.0,0.0,0.0,0.0,0.0,2.0,2.0,12.0,18.0,74.0,80.0,60.0,80.0,1.0,2.0,2.0,0.0,7.7,4.5,29.0,0.0,0.0,0.0,14.3
2486937,13,979897,BUENO ARENAS ALBACETE BASKET,HOME,1947396,V. Muñoz Quiñones,V. Muñoz Quiñones,0,20.3,1219.0,6.0,3.0,4.0,0.0,1.0,3.0,5.0,0.0,0.0,4.0,5.0,9.0,0.0,2.0,1.0,0.0,0.0,3.0,2.0,11.0,6.0,60.0,60.0,20.0,0.0,1.5,0.0,0.0,24.6,21.4,22.7,0.0,2.5,0.0,28.6,16.6
2486937,13,979897,BUENO ARENAS ALBACETE BASKET,HOME,2735659,A. Vera Picazo,A. Vera Picazo,0,10.2,609.0,6.0,0.0,0.0,1.0,2.0,1.0,2.0,3.0,5.0,0.0,1.0,1.0,2.0,0.0,0.0,0.0,0.0,5.0,2.0,3.0,14.0,71.4,75.0,100.0,250.0,0.0,1.5,2.5,0.0,8.5,5.0,27.0,0.0,0.0,0.0,19.8
2486937,13,979897,BUENO ARENAS ALBACETE BASKET,HOME,2432962,S. Merlo,S. Merlo,0,15.2,910.0,7.0,1.0,1.0,1.0,2.0,2.0,3.0,2.0,2.0,0.0,4.0,4.0,5.0,1.0,1.0,0.0,0.0,0.0,2.0,17.0,19.0,90.2,83.3,66.7,66.7,2.0,1.5,1.0,0.0,22.9,13.5,54.3,3.4,0.0,20.5,15.4
2486937,13,979897,BUENO ARENAS ALBACETE BASKET,HOME,1603635,J. Gonzalez Albadalejo,J. Gonzalez Albadalejo,0,24.4,1465.0,11.0,1.0,3.0,1.0,7.0,2.0,10.0,6.0,9.0,0.0,5.0,5.0,2.0,0.0,1.0,0.0,0.0,2.0,4.0,10.0,21.0,39.4,25.0,70.0,90.0,0.7,0.4,2.2,0.0,17.8,10.5,13.5,2.1,0.0,0.0,27.5
2486937,13,979897,BUENO ARENAS ALBACETE BASKET,HOME,2817541,O. Bramble,O. Bramble,0,15.6,938.0,7.0,2.0,4.0,0.0,1.0,2.0,5.0,3.0,4.0,1.0,2.0,3.0,0.0,1.0,2.0,0.0,0.0,2.0,2.0,7.0,27.0,51.8,40.0,20.0,80.0,1.0,0.0,2.0,8.0,11.1,9.9,0.0,6.5,0.0,12.9,23.9
2486937,13,979897,BUENO ARENAS ALBACETE BASKET,HOME,1981843,B. Vanaclocha Sanchez,B. Vanaclocha Sanchez,0,14.2,853.0,6.0,2.0,2.0,0.0,0.0,2.0,2.0,2.0,3.0,1.0,2.0,3.0,1.0,0.0,0.0,1.0,0.0,1.0,2.0,11.0,17.0,90.4,100.0,0.0,150.0,2.0,0.0,1.5,8.8,12.2,10.8,10.9,0.0,6.3,0.0,11.2
2486937,13,979897,BUENO ARENAS ALBACETE BASKET,HOME,2432412,J. Hierrezuelo Serer,J. Hierrezuelo Serer,1,15.9,955.0,16.0,1.0,1.0,4.0,9.0,5.0,10.0,2.0,4.0,1.0,4.0,5.0,0.0,0.0,0.0,0.0,0.0,0.0,2.0,16.0,5.0,68.0,70.0,90.0,40.0,2.0,1.3,2.0,7.9,21.9,16.1,0.0,0.0,0.0,0.0,35.6
2486937,13,979897,BUENO ARENAS ALBACETE BASKET,HOME,2156303,A. Garcia Borrego,A. Garcia Borrego,1,19.3,1157.0,6.0,1.0,2.0,0.0,1.0,1.0,3.0,4.0,4.0,0.0,1.0,1.0,0.0,1.0,0.0,0.0,0.0,3.0,3.0,4.0,20.0,63.0,33.3,33.3,133.3,1.0,0.0,1.3,0.0,4.5,2.7,0.0,0.0,0.0,17.4,14.4
2486937,13,981207,OCA GLOBAL C.B. SALOU,AWAY,2451495,D. Knowles,D. Knowles,0,28.4,1701.0,15.0,7.0,10.0,0.0,0.0,7.0,10.0,1.0,3.0,4.0,5.0,9.0,2.0,2.0,0.0,0.0,0.0,3.0,5.0,21.0,-37.0,66.3,70.0,0.0,30.0,1.4,0.0,0.6,12.2,22.0,16.3,22.0,0.0,0.0,15.0,20.7
2486937,13,981207,OCA GLOBAL C.B. SALOU,AWAY,2715040,B. Traore,B. Traore,0,21.4,1281.0,7.0,2.0,4.0,1.0,3.0,3.0,7.0,0.0,2.0,2.0,3.0,5.0,0.0,1.0,0.0,0.0,0.0,3.0,1.0,3.0,-20.0,44.4,50.0,42.9,28.6,1.0,1.0,2.0,8.1,17.5,12.0,0.0,0.0,0.0,11.3,18.3
2486937,13,981207,OCA GLOBAL C.B. SALOU,AWAY,1271466,D. Cuellar Garcia,D. Cuellar Garcia,1,30.2,1812.0,2.0,0.0,1.0,0.0,3.0,0.0,4.0,2.0,2.0,2.0,5.0,7.0,2.0,4.0,0.0,0.0,0.0,0.0,1.0,4.0,-33.0,20.5,0.0,75.0,50.0,0.0,0.0,2.0,5.8,20.7,11.9,10.9,0.0,0.0,45.0,13.0
2486937,13,981207,OCA GLOBAL C.B. SALOU,AWAY,2242531,E. Moure Colombo,E. Moure Colombo,0,8.1,486.0,0.0,0.0,1.0,0.0,0.0,0.0,1.0,0.0,0.0,1.0,0.0,1.0,0.0,0.0,0.0,0.0,0.0,5.0,0.0,-5.0,-17.0,0.0,0.0,0.0,0.0,0.0,0.0,0.0,10.7,0.0,6.3,0.0,0.0,0.0,0.0,5.5
2486937,13,981207,OCA GLOBAL C.B. SALOU,AWAY,1938487,A. Llorca Castillo,A. Llorca Castillo,1,33.5,2013.0,13.0,4.0,11.0,1.0,5.0,5.0,16.0,2.0,2.0,2.0,6.0,8.0,3.0,1.0,1.0,0.0,0.0,1.0,7.0,19.0,-31.0,38.5,34.4,31.2,12.5,0.7,0.6,0.3,5.2,22.4,12.2,22.4,1.6,0.0,5.6,23.6
2486937,13,981207,OCA GLOBAL C.B. SALOU,AWAY,1967605,E. Sims Serra,E. Sims Serra,0,12.8,767.0,4.0,2.0,6.0,0.0,4.0,2.0,10.0,0.0,2.0,0.0,2.0,2.0,2.0,2.0,0.0,0.0,1.0,2.0,2.0,-4.0,-9.0,18.4,20.0,40.0,20.0,0.7,0.0,1.0,0.0,19.5,8.0,40.8,0.0,0.0,15.5,44.5
2486937,13,981207,OCA GLOBAL C.B. SALOU,AWAY,2827753,O. Okenchi,O. Okenchi,1,2.0,122.0,2.0,1.0,2.0,0.0,0.0,1.0,2.0,0.0,0.0,0.0,0.0,0.0,0.0,0.0,0.0,0.0,0.0,1.0,0.0,0.0,2.0,50.0,50.0,0.0,0.0,1.0,0.0,0.0,0.0,0.0,0.0,0.0,0.0,0.0,0.0,44.2
2486937,13,981207,OCA GLOBAL C.B. SALOU,AWAY,1610350,E. Martinez Pretel,E. Martinez Pretel,1,30.2,1810.0,5.0,1.0,1.0,1.0,5.0,2.0,6.0,0.0,0.0,0.0,2.0,2.0,1.0,0.0,1.0,0.0,0.0,4.0,1.0,2.0,-22.0,41.7,41.7,83.3,0.0,2.0,0.6,0.0,0.0,8.3,3.4,6.1,1.7,0.0,0.0,8.8
2486937,13,981207,OCA GLOBAL C.B. SALOU,AWAY,2274746,P. Salo Blaya,P. Salo Blaya,0,9.6,577.0,3.0,1.0,2.0,0.0,0.0,1.0,2.0,1.0,4.0,1.0,1.0,2.0,0.0,0.0,1.0,0.0,0.0,0.0,2.0,4.0,-2.0,39.9,50.0,0.0,200.0,1.0,0.0,2.0,9.1,13.0,10.7,0.0,5.5,0.0,0.0,17.3
2486937,13,981207,OCA GLOBAL C.B. SALOU,AWAY,2534398,J. Sánchez,J. Sánchez,1,23.9,1431.0,7.0,1.0,7.0,1.0,7.0,2.0,14.0,2.0,2.0,0.0,1.0,1.0,3.0,1.0,0.0,0.0,0.0,5.0,1.0,-6.0,-16.0,23.5,17.9,50.0,14.3,0.3,0.4,2.0,0.0,5.2,2.1,25.4,0.0,0.0,6.3,29.4
2486938,13,981305,SOL GIRONÈS BISBAL BÀSQUET,HOME,1446313,J. Carrasco Martin,J. Carrasco Martin,0,13.1,783.0,5.0,1.0,4.0,1.0,3.0,2.0,7.0,0.0,0.0,2.0,2.0,4.0,0.0,0.0,0.0,0.0,1.0,1.0,2.0,5.0,-11.0,35.7,35.7,42.9,0.0,0.5,1.0,0.0,13.6,17.0,15.1,0.0,0.0,0.0,0.0,25.3
2486938,13,981305,SOL GIRONÈS BISBAL BÀSQUET,HOME,1964254,P. Sala Vallmajo,P. Sala Vallmajo,0,15.2,912.0,3.0,0.0,0.0,1.0,2.0,1.0,2.0,0.0,0.0,0.0,0.0,0.0,1.0,0.0,0.0,0.0,0.0,2.0,0.0,1.0,-9.0,75.0,75.0,100.0,0.0,0.0,1.5,0.0,0.0,0.0,0.0,13.5,0.0,0.0,0.0,6.2
2486938,13,981305,SOL GIRONÈS BISBAL BÀSQUET,HOME,2814887,P. Renane,P. Renane,0,18.8,1129.0,4.0,2.0,3.0,0.0,3.0,2.0,6.0,0.0,0.0,3.0,5.0,8.0,0.0,3.0,0.0,0.0,0.0,2.0,0.0,3.0,-23.0,33.3,33.3,50.0,0.0,1.3,0.0,0.0,14.2,29.6,21.0,0.0,0.0,0.0,33.3,22.7
2486938,13,981305,SOL GIRONÈS BISBAL BÀSQUET,HOME,1227597,I. Valera Corominas,I. Valera Corominas,1,25.4,1524.0,2.0,1.0,2.0,0.0,5.0,1.0,7.0,0.0,2.0,0.0,2.0,2.0,1.0,0.0,0.0,0.0,0.0,3.0,2.0,-4.0,-4.0,12.7,14.3,71.4,28.6,1.0,0.0,1.0,0.0,8.7,3.9,8.6,0.0,0.0,0.0,14.7
2486938,13,981305,SOL GIRONÈS BISBAL BÀSQUET,HOME,2815520,N. Okeke,N. Okeke,1,29.1,1745.0,14.0,4.0,9.0,1.0,4.0,5.0,13.0,3.0,7.0,0.0,4.0,4.0,0.0,0.0,5.0,0.0,0.0,0.0,5.0,16.0,-21.0,43.5,42.3,30.8,53.8,0.9,0.8,1.4,0.0,15.3,6.8,0.0,9.6,0.0,0.0,26.2
2486938,13,981305,SOL GIRONÈS BISBAL BÀSQUET,HOME,1400270,B. Alvarez Torres,B. Alvarez Torres,1,27.1,1623.0,8.0,1.0,6.0,2.0,4.0,3.0,10.0,0.0,0.0,1.0,1.0,2.0,3.0,4.0,0.0,0.0,0.0,0.0,2.0,4.0,-18.0,40.0,40.0,40.0,0.0,0.3,1.5,0.0,3.3,4.1,3.6,25.6,0.0,0.0,28.6,24.5
2486938,13,981305,SOL GIRONÈS BISBAL BÀSQUET,HOME,2815176,S. Kane,S. Kane,1,23.6,1419.0,4.0,2.0,5.0,0.0,0.0,2.0,5.0,0.0,2.0,4.0,6.0,10.0,0.0,1.0,1.0,0.0,0.0,3.0,1.0,7.0,0.0,34.0,40.0,0.0,40.0,0.8,0.0,2.0,15.1,28.2,20.9,0.0,2.4,0.0,14.5,13.8
2486938,13,981305,SOL GIRONÈS BISBAL BÀSQUET,HOME,2322727,A. Vila I Gómez,A. Vila I Gómez,0,18.3,1100.0,4.0,2.0,2.0,0.0,1.0,2.0,3.0,0.0,0.0,2.0,2.0,4.0,0.0,0.0,0.0,0.0,0.0,3.0,0.0,4.0,-17.0,66.7,66.7,33.3,0.0,2.0,0.0,0.0,9.7,12.1,10.8,0.0,0.0,0.0,0.0,7.8
2486938,13,981305,SOL GIRONÈS BISBAL BÀSQUET,HOME,1198592,X. Torrent Bayé,X. Torrent Bayé,1,29.4,1765.0,15.0,2.0,4.0,1.0,11.0,3.0,15.0,8.0,8.0,0.0,1.0,1.0,1.0,0.0,2.0,0.0,0.0,3.0,8.0,12.0,-12.0,40.5,23.3,73.3,53.3,1.0,0.3,1.0,0.0,3.8,1.7,8.5,3.8,0.0,0.0,29.9
2486938,13,981216,CLASS BASQUET SANT ANTONI,AWAY,2534687,G. Gantt,G. Gantt,0,17.9,1075.0,11.0,1.0,1.0,3.0,7.0,4.0,8.0,0.0,0.0,0.0,1.0,1.0,0.0,2.0,0.0,0.0,0.0,1.0,0.0,5.0,5.0,68.8,68.8,87.5,0.0,2.0,1.3,0.0,0.0,5.0,2.8,0.0,0.0,0.0,20.0,26.4
2486938,13,981216,CLASS BASQUET SANT ANTONI,AWAY,1394852,G. Blat Baeza,G. Blat Baeza,0,18.9,1133.0,4.0,1.0,3.0,0.0,2.0,1.0,5.0,2.0,4.0,0.0,0.0,0.0,4.0,0.0,2.0,0.0,0.0,3.0,4.0,5.0,15.0,29.6,20.0,40.0,80.0,0.7,0.0,1.0,0.0,0.0,0.0,25.8,5.8,0.0,0.0,16.9
2486938,13,981216,CLASS BASQUET SANT ANTONI,AWAY,2815818,K. Johnson,K. Johnson,1,15.3,916.0,3.0,1.0,6.0,0.0,3.0,1.0,9.0,1.0,2.0,2.0,5.0,7.0,0.0,1.0,0.0,0.0,0.0,2.0,1.0,-1.0,13.0,15.2,11.1,33.3,22.2,0.3,0.0,2.0,14.5,29.0,22.6,0.0,0.0,0.0,9.2,33.6
2486938,13,981216,CLASS BASQUET SANT ANTONI,AWAY,1528610,J. Rodriguez Jimenez,J. Rodriguez Jimenez,0,8.8,526.0,2.0,1.0,1.0,0.0,1.0,1.0,2.0,0.0,0.0,1.0,0.0,1.0,2.0,0.0,1.0,0.0,0.0,0.0,1.0,6.0,1.0,50.0,50.0,50.0,0.0,2.0,0.0,0.0,12.6,0.0,5.6,35.7,6.3,0.0,0.0,10.7
2486938,13,981216,CLASS BASQUET SANT ANTONI,AWAY,2363916,D. De La Rua De Agustin,D. De La Rua De Agustin,1,23.3,1398.0,6.0,3.0,4.0,0.0,1.0,3.0,5.0,0.0,0.0,1.0,4.0,5.0,9.0,1.0,1.0,0.0,0.0,1.0,1.0,18.0,9.0,60.0,60.0,20.0,0.0,1.5,0.0,0.0,4.8,15.3,10.6,53.6,2.4,0.0,16.7,12.2
2486938,13,981216,CLASS BASQUET SANT ANTONI,AWAY,2818065,M. Issouf,M. Issouf,0,4.0,238.0,0.0,0.0,0.0,0.0,0.0,0.0,0.0,0.0,0.0,0.0,1.0,1.0,0.0,1.0,0.0,0.0,0.0,2.0,0.0,-2.0,0.0,0.0,0.0,0.0,0.0,0.0,0.0,0.0,0.0,22.2,12.3,0.0,0.0,0.0,100.0,11.8
2486938,13,981216,CLASS BASQUET SANT ANTONI,AWAY,1397157,R. Gomez Barral,R. Gomez Barral,0,17.0,1019.0,7.0,2.0,2.0,1.0,2.0,3.0,4.0,0.0,0.0,0.0,4.0,4.0,0.0,2.0,0.0,0.0,0.0,1.0,0.0,7.0,-1.0,87.5,87.5,50.0,0.0,2.0,1.5,0.0,0.0,20.9,11.6,0.0,0.0,0.0,33.3,16.7
2486938,13,981216,CLASS BASQUET SANT ANTONI,AWAY,2462416,E. Stoilov,E. Stoilov,1,21.1,1265.0,12.0,5.0,5.0,0.0,0.0,5.0,5.0,2.0,3.0,2.0,4.0,6.0,1.0,1.0,0.0,0.0,0.0,2.0,5.0,20.0,14.0,94.9,100.0,0.0,60.0,2.0,0.0,0.6,10.5,16.9,14.0,8.7,0.0,0.0,13.7,16.4
2486938,13,981216,CLASS BASQUET SANT ANTONI,AWAY,1834527,S. Paz Vazquez,S. Paz Vazquez,1,25.1,1504.0,13.0,4.0,10.0,1.0,2.0,5.0,12.0,2.0,2.0,2.0,4.0,6.0,0.0,0.0,1.0,1.0,0.0,1.0,1.0,14.0,27.0,50.5,45.8,16.7,16.7,0.8,1.5,2.0,8.9,14.2,11.8,0.0,2.2,4.6,0.0,24.3
2486938,13,981216,CLASS BASQUET SANT ANTONI,AWAY,2128433,N. Zizic,N. Zizic,0,16.7,1004.0,10.0,5.0,7.0,0.0,0.0,5.0,7.0,0.0,0.0,4.0,2.0,6.0,1.0,0.0,0.0,0.0,0.0,3.0,1.0,13.0,8.0,71.4,71.4,0.0,0.0,1.4,0.0,0.0,26.6,10.6,17.7,12.2,0.0,0.0,0.0,19.8
2486938,13,981216,CLASS BASQUET SANT ANTONI,AWAY,2182043,J. Solarin,J. Solarin,1,23.0,1381.0,8.0,1.0,3.0,2.0,4.0,3.0,7.0,0.0,2.0,1.0,7.0,8.0,2.0,1.0,2.0,0.0,0.0,2.0,2.0,13.0,24.0,50.8,57.1,57.1,28.6,0.7,1.5,1.0,4.8,27.1,17.2,11.9,4.8,0.0,11.3,18.3
2486938,13,981216,CLASS BASQUET SANT ANTONI,AWAY,1878691,I. Ruiz Gonzalez,I. Ruiz Gonzalez,0,9.0,541.0,6.0,2.0,2.0,0.0,2.0,2.0,4.0,2.0,2.0,0.0,1.0,1.0,0.0,1.0,0.0,0.0,0.0,2.0,1.0,3.0,0.0,61.5,50.0,50.0,50.0,2.0,0.0,2.0,0.0,9.9,5.5,0.0,0.0,0.0,17.0,30.9
2486939,13,981428,HOMS U.E.MATARÓ,HOME,2162105,F. Garrido Teban,F. Garrido Teban,0,18.4,1106.0,2.0,1.0,1.0,0.0,1.0,1.0,2.0,0.0,0.0,1.0,4.0,5.0,0.0,0.0,0.0,0.0,0.0,3.0,0.0,3.0,-8.0,50.0,50.0,50.0,0.0,2.0,0.0,0.0,6.4,30.0,17.3,0.0,0.0,0.0,0.0,4.5
2486939,13,981428,HOMS U.E.MATARÓ,HOME,1914611,J. Boix Colet,J. Boix Colet,1,29.6,1773.0,10.0,0.0,6.0,2.0,2.0,2.0,8.0,4.0,6.0,1.0,0.0,1.0,6.0,6.0,3.0,0.0,0.0,4.0,8.0,10.0,-15.0,47.0,37.5,25.0,75.0,0.0,3.0,0.8,4.0,0.0,2.1,35.5,5.1,0.0,36.1,23.5
2486939,13,981428,HOMS U.E.MATARÓ,HOME,1591966,J. Castillo Carrasco,J. Castillo Carrasco,0,9.6,577.0,0.0,0.0,0.0,0.0,4.0,0.0,4.0,0.0,0.0,0.0,0.0,0.0,0.0,1.0,0.0,0.0,0.0,2.0,1.0,-6.0,-13.0,0.0,0.0,100.0,0.0,0.0,0.0,0.0,0.0,0.0,0.0,0.0,0.0,0.0,20.0,21.8
2486939,13,981428,HOMS U.E.MATARÓ,HOME,1568569,J. Juanola Madera,J. Juanola Madera,1,31.5,1891.0,26.0,7.0,13.0,2.0,8.0,9.0,21.0,6.0,10.0,1.0,5.0,6.0,2.0,4.0,2.0,0.0,2.0,1.0,7.0,22.0,-28.0,51.2,47.6,38.1,47.6,1.1,0.8,1.4,3.7,21.9,12.1,15.9,3.2,0.0,13.6,39.1
2486939,13,981428,HOMS U.E.MATARÓ,HOME,1927150,N. Ferrer Iglesia,N. Ferrer Iglesia,0,13.7,819.0,2.0,1.0,3.0,0.0,1.0,1.0,4.0,0.0,0.0,1.0,0.0,1.0,2.0,1.0,0.0,0.0,1.0,2.0,1.0,0.0,3.0,25.0,25.0,25.0,0.0,0.7,0.0,0.0,8.6,0.0,4.6,28.2,0.0,0.0,20.0,15.3
2486939,13,981428,HOMS U.E.MATARÓ,HOME,2239484,B. Font Martinez,B. Font Martinez,0,11.6,694.0,8.0,3.0,3.0,0.0,0.0,3.0,3.0,2.0,3.0,1.0,1.0,2.0,0.0,0.0,0.0,0.0,0.0,1.0,2.0,10.0,5.0,92.6,100.0,0.0,100.0,2.0,0.0,1.5,10.1,11.9,10.9,0.0,0.0,0.0,0.0,15.6
2486939,13,981428,HOMS U.E.MATARÓ,HOME,1942837,G. Martinez Rivera,G. Martinez Rivera,1,20.8,1249.0,5.0,1.0,3.0,1.0,3.0,2.0,6.0,0.0,0.0,1.0,2.0,3.0,1.0,4.0,1.0,0.0,1.0,3.0,0.0,-1.0,-11.0,41.7,41.7,50.0,0.0,0.7,1.0,0.0,5.7,13.3,9.2,8.7,2.4,0.0,40.0,20.1
2486939,13,981428,HOMS U.E.MATARÓ,HOME,2813635,E. Kalu,E. Kalu,1,22.3,1339.0,5.0,2.0,4.0,0.0,0.0,2.0,4.0,1.0,2.0,1.0,3.0,4.0,1.0,1.0,0.0,0.0,0.0,5.0,1.0,2.0,-30.0,51.2,50.0,0.0,50.0,1.0,0.0,2.0,5.3,18.6,11.4,7.0,0.0,0.0,17.0,11.0
2486939,13,981428,HOMS U.E.MATARÓ,HOME,1920919,E. Coll Comabella,E. Coll Comabella,0,15.9,956.0,7.0,3.0,5.0,0.0,2.0,3.0,7.0,1.0,2.0,1.0,1.0,2.0,0.0,1.0,2.0,0.0,2.0,3.0,2.0,4.0,-3.0,44.4,42.9,28.6,28.6,1.2,0.0,1.0,7.4,8.7,8.0,0.0,6.3,0.0,11.3,23.4
2486939,13,981428,HOMS U.E.MATARÓ,HOME,2079983,X. Mayo Periago,X. Mayo Periago,0,2.1,126.0,0.0,0.0,0.0,0.0,1.0,0.0,1.0,0.0,0.0,0.0,0.0,0.0,0.0,0.0,0.0,0.0,0.0,0.0,0.0,-1.0,4.0,0.0,0.0,100.0,0.0,0.0,0.0,0.0,0.0,0.0,0.0,0.0,0.0,0.0,0.0,19.9
2486939,13,981428,HOMS U.E.MATARÓ,HOME,1073368,A. Ventura Pedreño,A. Ventura Pedreño,1,24.5,1470.0,10.0,3.0,4.0,1.0,2.0,4.0,6.0,1.0,1.0,0.0,0.0,0.0,2.0,1.0,1.0,0.0,0.0,2.0,3.0,11.0,-14.0,77.6,75.0,33.3,16.7,1.5,1.5,0.3,0.0,0.0,0.0,16.4,2.0,0.0,13.4,12.7
2486939,13,981281,LOBE HUESCA LA MAGIA,AWAY,2151562,O. Thiam Pedrera,O. Thiam Pedrera,0,20.5,1231.0,4.0,1.0,2.0,0.0,1.0,1.0,3.0,2.0,4.0,2.0,2.0,4.0,1.0,1.0,0.0,1.0,0.0,4.0,2.0,3.0,17.0,42.0,33.3,33.3,133.3,1.0,0.0,2.0,13.5,11.5,12.4,6.2,0.0,4.6,17.4,12.1
2486939,13,981281,LOBE HUESCA LA MAGIA,AWAY,2273469,O. Bieshaar,O. Bieshaar,0,20.0,1200.0,15.0,3.0,4.0,2.0,3.0,5.0,7.0,3.0,6.0,1.0,5.0,6.0,0.0,1.0,2.0,3.0,0.0,2.0,3.0,21.0,22.0,77.8,85.7,42.9,85.7,1.5,2.0,2.0,6.9,29.4,19.0,0.0,4.6,14.3,9.4,22.8
2486939,13,981281,LOBE HUESCA LA MAGIA,AWAY,2054954,G. Vazquez Vallejo,G. Vazquez Vallejo,1,15.5,930.0,3.0,0.0,0.0,1.0,4.0,1.0,4.0,0.0,2.0,0.0,5.0,5.0,0.0,2.0,2.0,0.0,0.0,4.0,2.0,1.0,4.0,30.7,37.5,100.0,50.0,0.0,0.8,1.0,0.0,38.0,20.5,0.0,5.9,0.0,29.1,19.1
2486939,13,981281,LOBE HUESCA LA MAGIA,AWAY,1756469,H. Figueroa Álvarez,H. Figueroa Álvarez,1,18.6,1113.0,18.0,2.0,3.0,4.0,8.0,6.0,11.0,2.0,3.0,0.0,2.0,2.0,2.0,0.0,1.0,0.0,0.0,2.0,3.0,18.0,21.0,73.1,72.7,72.7,27.3,1.3,1.5,1.0,0.0,12.7,6.8,18.2,2.5,0.0,0.0,28.4
2486939,13,981281,LOBE HUESCA LA MAGIA,AWAY,1759956,I. Corraliza Coba,I. Corraliza Coba,1,20.0,1199.0,13.0,2.0,3.0,3.0,5.0,5.0,8.0,0.0,0.0,0.0,1.0,1.0,4.0,1.0,2.0,0.0,0.0,1.0,1.0,16.0,10.0,81.2,81.2,62.5,0.0,1.3,1.8,0.0,0.0,5.9,3.2,33.3,4.6,0.0,11.1,19.3
2486939,13,981281,LOBE HUESCA LA MAGIA,AWAY,2815292,A. Smith,A. Smith,0,19.0,1138.0,12.0,3.0,6.0,1.0,4.0,4.0,10.0,3.0,5.0,0.0,2.0,2.0,1.0,2.0,0.0,1.0,0.0,0.0,4.0,10.0,3.0,49.2,45.0,40.0,50.0,1.0,0.8,1.2,0.0,12.4,6.7,7.7,0.0,5.0,14.1,32.1
2486939,13,981281,LOBE HUESCA LA MAGIA,AWAY,2823388,J. Fritz,J. Fritz,0,15.7,943.0,17.0,5.0,5.0,1.0,1.0,6.0,6.0,4.0,6.0,0.0,2.0,2.0,2.0,1.0,2.0,1.0,0.0,3.0,4.0,22.0,14.0,98.4,108.3,16.7,100.0,2.0,3.0,1.5,0.0,15.0,8.1,26.3,5.8,6.1,10.4,26.4
2486939,13,981281,LOBE HUESCA LA MAGIA,AWAY,2815543,A. Badmus,A. Badmus,1,17.5,1050.0,8.0,3.0,4.0,0.0,0.0,3.0,4.0,2.0,3.0,6.0,3.0,9.0,1.0,0.0,0.0,0.0,0.0,3.0,5.0,18.0,-1.0,75.2,75.0,0.0,75.0,1.5,0.0,0.6,47.3,20.2,32.7,9.4,0.0,0.0,0.0,13.0
2486939,13,981281,LOBE HUESCA LA MAGIA,AWAY,2559072,P. Suárez Custodio,P. Suárez Custodio,0,12.1,728.0,0.0,0.0,0.0,0.0,2.0,0.0,2.0,0.0,0.0,1.0,0.0,1.0,0.0,0.0,3.0,0.0,0.0,1.0,1.0,2.0,-8.0,0.0,0.0,100.0,0.0,0.0,0.0,0.0,11.4,0.0,5.2,0.0,11.3,0.0,0.0,7.1
2486939,13,981281,LOBE HUESCA LA MAGIA,AWAY,1761508,P. Lopez-Sanvicente Reta,P. Lopez-Sanvicente Reta,1,20.0,1198.0,3.0,1.0,2.0,0.0,4.0,1.0,6.0,1.0,1.0,1.0,4.0,5.0,4.0,2.0,0.0,0.0,0.0,2.0,1.0,4.0,15.0,23.3,16.7,66.7,16.7,1.0,0.0,1.0,6.9,23.5,15.9,25.0,0.0,0.0,23.7,18.1
2486939,13,981281,LOBE HUESCA LA MAGIA,AWAY,2116811,G. Rodriguez Soler,G. Rodriguez Soler,0,21.2,1270.0,4.0,2.0,3.0,0.0,3.0,2.0,6.0,0.0,0.0,2.0,0.0,2.0,2.0,3.0,3.0,0.0,0.0,3.0,0.0,1.0,13.0,33.3,33.3,50.0,0.0,1.3,0.0,0.0,13.0,0.0,6.0,13.3,6.5,0.0,33.3,18.2
2486940,14,981281,LOBE HUESCA LA MAGIA,HOME,2151562,O. Thiam Pedrera,O. Thiam Pedrera,0,7.7,459.0,0.0,0.0,1.0,0.0,0.0,0.0,1.0,0.0,0.0,0.0,2.0,2.0,0.0,1.0,1.0,0.0,0.0,0.0,0.0,1.0,-1.0,0.0,0.0,0.0,0.0,0.0,0.0,0.0,0.0,26.0,14.6,0.0,6.4,0.0,50.0,12.8
2486940,14,981281,LOBE HUESCA LA MAGIA,HOME,2273469,O. Bieshaar,O. Bieshaar,1,15.8,948.0,0.0,0.0,0.0,0.0,0.0,0.0,0.0,0.0,0.0,0.0,2.0,2.0,1.0,1.0,0.0,0.0,0.0,3.0,0.0,-1.0,-26.0,0.0,0.0,0.0,0.0,0.0,0.0,0.0,0.0,12.7,7.1,11.9,0.0,0.0,100.0,3.1
2486940,14,981281,LOBE HUESCA LA MAGIA,HOME,1756469,H. Figueroa Álvarez,H. Figueroa Álvarez,1,25.6,1533.0,14.0,1.0,1.0,4.0,9.0,5.0,10.0,0.0,0.0,1.0,1.0,2.0,0.0,2.0,0.0,0.0,0.0,2.0,1.0,8.0,-18.0,70.0,70.0,90.0,0.0,2.0,1.3,0.0,5.0,3.9,4.4,0.0,0.0,0.0,16.7,23.1
2486940,14,981281,LOBE HUESCA LA MAGIA,HOME,1759956,I. Corraliza Coba,I. Corraliza Coba,1,25.8,1550.0,2.0,1.0,5.0,0.0,2.0,1.0,7.0,0.0,0.0,0.0,3.0,3.0,4.0,2.0,2.0,0.0,0.0,2.0,1.0,2.0,-18.0,14.3,14.3,28.6,0.0,0.4,0.0,0.0,0.0,11.6,6.6,34.5,3.8,0.0,22.2,17.2
2486940,14,981281,LOBE HUESCA LA MAGIA,HOME,2815292,A. Smith,A. Smith,0,13.6,813.0,2.0,1.0,3.0,0.0,1.0,1.0,4.0,0.0,0.0,0.0,1.0,1.0,1.0,0.0,1.0,0.0,0.0,1.0,1.0,2.0,-6.0,25.0,25.0,25.0,0.0,0.7,0.0,0.0,0.0,7.4,4.1,18.9,3.6,0.0,0.0,14.5
2486940,14,981281,LOBE HUESCA LA MAGIA,HOME,2823388,J. Fritz,J. Fritz,1,21.0,1261.0,16.0,0.0,5.0,3.0,4.0,3.0,9.0,7.0,10.0,1.0,2.0,3.0,1.0,3.0,0.0,0.0,1.0,3.0,6.0,11.0,10.0,59.7,50.0,44.4,111.1,0.0,2.2,1.7,6.1,9.5,8.0,13.3,0.0,0.0,18.3,38.5
2486940,14,981281,LOBE HUESCA LA MAGIA,HOME,2815543,A. Badmus,A. Badmus,0,14.6,874.0,0.0,0.0,2.0,0.0,0.0,0.0,2.0,0.0,0.0,0.0,0.0,0.0,2.0,4.0,0.0,1.0,0.0,2.0,1.0,-4.0,-6.0,0.0,0.0,0.0,0.0,0.0,0.0,0.0,0.0,0.0,0.0,23.8,0.0,5.8,66.7,20.3
2486940,14,981281,LOBE HUESCA LA MAGIA,HOME,2559072,P. Suárez Custodio,P. Suárez Custodio,0,13.3,800.0,9.0,1.0,1.0,2.0,4.0,3.0,5.0,1.0,2.0,0.0,1.0,1.0,0.0,0.0,1.0,0.0,0.0,2.0,1.0,7.0,-4.0,76.5,80.0,80.0,40.0,2.0,1.5,2.0,0.0,7.5,4.2,0.0,3.7,0.0,0.0,21.8
2486940,14,981281,LOBE HUESCA LA MAGIA,HOME,1761508,P. Lopez-Sanvicente Reta,P. Lopez-Sanvicente Reta,0,24.4,1466.0,10.0,3.0,3.0,1.0,3.0,4.0,6.0,1.0,2.0,0.0,6.0,6.0,1.0,0.0,1.0,0.0,0.0,5.0,1.0,11.0,-6.0,72.7,75.0,50.0,33.3,2.0,1.0,2.0,0.0,24.6,13.9,11.6,2.0,0.0,0.0,13.9
2486940,14,981281,LOBE HUESCA LA MAGIA,HOME,2116811,G. Rodriguez Soler,G. Rodriguez Soler,0,13.5,809.0,2.0,0.0,0.0,0.0,2.0,0.0,2.0,2.0,2.0,1.0,1.0,2.0,3.0,5.0,1.0,0.0,0.0,1.0,5.0,5.0,1.0,34.7,0.0,100.0,100.0,0.0,0.0,0.4,9.6,7.4,8.3,47.6,3.7,0.0,63.5,28.8
2486940,14,981281,LOBE HUESCA LA MAGIA,HOME,2054954,G. Vazquez Vallejo,G. Vazquez Vallejo,1,24.8,1487.0,8.0,4.0,7.0,0.0,1.0,4.0,8.0,0.0,0.0,3.0,3.0,6.0,0.0,2.0,1.0,0.0,0.0,2.0,2.0,9.0,-11.0,50.0,50.0,12.5,0.0,1.1,0.0,0.0,15.6,12.1,13.6,0.0,2.0,0.0,20.0,19.9
2486940,14,981514,SPANISH BASKETBALL ACADEMY,AWAY,2436640,J. Puidet,J. Puidet,0,32.5,1950.0,11.0,3.0,7.0,1.0,6.0,4.0,13.0,2.0,2.0,2.0,4.0,6.0,1.0,2.0,0.0,0.0,0.0,2.0,2.0,7.0,15.0,39.6,34.6,46.2,15.4,0.9,0.5,1.0,6.2,15.9,10.4,5.2,0.0,0.0,12.6,19.8
2486940,14,981514,SPANISH BASKETBALL ACADEMY,AWAY,2312124,S. Traore,S. Traore,0,6.7,403.0,2.0,1.0,3.0,0.0,0.0,1.0,3.0,0.0,0.0,1.0,0.0,1.0,0.0,1.0,0.0,0.0,0.0,1.0,0.0,-1.0,-10.0,33.3,33.3,0.0,0.0,0.7,0.0,0.0,14.9,0.0,8.4,0.0,0.0,0.0,25.0,24.2
2486940,14,981514,SPANISH BASKETBALL ACADEMY,AWAY,1990032,M. Echeverria Fernandez,M. Echeverria Fernandez,0,21.0,1260.0,2.0,1.0,2.0,0.0,0.0,1.0,2.0,0.0,0.0,1.0,1.0,2.0,2.0,1.0,1.0,0.0,0.0,0.0,1.0,6.0,10.0,50.0,50.0,0.0,0.0,1.0,0.0,0.0,4.8,6.1,5.4,14.8,2.5,0.0,33.3,5.8
2486940,14,981514,SPANISH BASKETBALL ACADEMY,AWAY,2846994,K. Curfman,K. Curfman,1,28.1,1686.0,14.0,2.0,2.0,3.0,9.0,5.0,11.0,1.0,2.0,0.0,2.0,2.0,2.0,1.0,1.0,0.0,0.0,1.0,3.0,13.0,12.0,58.9,59.1,81.8,18.2,2.0,1.0,0.7,0.0,9.2,4.0,13.1,1.9,0.0,7.8,18.6
2486940,14,981514,SPANISH BASKETBALL ACADEMY,AWAY,2065452,J. Santano Bartolome,J. Santano Bartolome,1,18.2,1092.0,4.0,1.0,1.0,0.0,3.0,1.0,4.0,2.0,6.0,4.0,3.0,7.0,2.0,0.0,2.0,0.0,0.0,2.0,3.0,9.0,9.0,30.1,25.0,75.0,150.0,2.0,0.0,2.0,22.0,21.3,21.7,14.8,5.9,0.0,0.0,14.8
2486940,14,981514,SPANISH BASKETBALL ACADEMY,AWAY,1374966,A. Moreno Trujillo,A. Moreno Trujillo,0,15.6,936.0,0.0,0.0,3.0,0.0,1.0,0.0,4.0,0.0,0.0,0.0,1.0,1.0,1.0,4.0,2.0,0.0,1.0,3.0,0.0,-7.0,-14.0,0.0,0.0,25.0,0.0,0.0,0.0,0.0,0.0,8.3,3.6,8.6,6.8,0.0,50.0,20.8
2486940,14,981514,SPANISH BASKETBALL ACADEMY,AWAY,2816737,D. Simeunovic,D. Simeunovic,1,37.5,2248.0,29.0,8.0,18.0,3.0,7.0,11.0,25.0,4.0,5.0,6.0,10.0,16.0,4.0,3.0,4.0,1.0,0.0,3.0,6.0,39.0,23.0,53.3,50.0,28.0,20.0,0.9,1.3,0.8,16.0,34.4,24.0,26.5,5.7,3.8,9.9,32.6
2486940,14,981514,SPANISH BASKETBALL ACADEMY,AWAY,2752020,E. Medina Roa,E. Medina Roa,1,11.3,676.0,11.0,4.0,6.0,0.0,0.0,4.0,6.0,3.0,3.0,4.0,1.0,5.0,1.0,1.0,1.0,0.0,0.0,4.0,3.0,14.0,10.0,75.1,66.7,0.0,50.0,1.3,0.0,1.0,35.4,11.4,24.9,21.3,4.7,0.0,12.0,29.8
2486940,14,981514,SPANISH BASKETBALL ACADEMY,AWAY,1825944,R. Garcia Salame,R. Garcia Salame,1,29.1,1749.0,7.0,1.0,5.0,1.0,2.0,2.0,7.0,2.0,4.0,0.0,3.0,3.0,6.0,1.0,0.0,0.0,0.0,3.0,5.0,10.0,30.0,40.0,35.7,28.6,57.1,0.4,1.5,0.8,0.0,13.3,5.8,32.8,0.0,0.0,10.2,13.6
2486941,14,981216,CLASS BASQUET SANT ANTONI,HOME,2534687,G. Gantt,G. Gantt,0,21.4,1284.0,3.0,0.0,0.0,1.0,6.0,1.0,6.0,0.0,0.0,0.0,0.0,0.0,0.0,1.0,0.0,1.0,0.0,1.0,0.0,-3.0,3.0,25.0,25.0,100.0,0.0,0.0,0.5,0.0,0.0,0.0,0.0,0.0,0.0,4.5,14.3,16.2
2486941,14,981216,CLASS BASQUET SANT ANTONI,HOME,1394852,G. Blat Baeza,G. Blat Baeza,0,16.0,962.0,10.0,1.0,1.0,2.0,6.0,3.0,7.0,2.0,2.0,0.0,3.0,3.0,3.0,1.0,2.0,0.0,0.0,4.0,4.0,13.0,10.0,63.5,57.1,85.7,28.6,2.0,1.0,0.5,0.0,22.1,11.9,34.9,6.8,0.0,11.3,27.6
2486941,14,981216,CLASS BASQUET SANT ANTONI,HOME,2815818,K. Johnson,K. Johnson,1,25.5,1529.0,12.0,2.0,4.0,1.0,5.0,3.0,9.0,5.0,5.0,0.0,2.0,2.0,3.0,1.0,1.0,0.0,1.0,0.0,4.0,15.0,8.0,53.6,38.9,55.6,55.6,1.0,0.6,1.2,0.0,9.2,5.0,20.8,2.1,0.0,8.2,23.8
2486941,14,981216,CLASS BASQUET SANT ANTONI,HOME,1528610,J. Rodriguez Jimenez,J. Rodriguez Jimenez,0,11.3,680.0,2.0,1.0,2.0,0.0,1.0,1.0,3.0,0.0,0.0,0.0,0.0,0.0,0.0,0.0,0.0,0.0,0.0,2.0,2.0,0.0,-2.0,33.3,33.3,33.3,0.0,1.0,0.0,0.0,0.0,0.0,0.0,0.0,0.0,0.0,0.0,13.2
2486941,14,981216,CLASS BASQUET SANT ANTONI,HOME,2363916,D. De La Rua De Agustin,D. De La Rua De Agustin,1,28.7,1724.0,11.0,1.0,2.0,1.0,3.0,2.0,5.0,6.0,8.0,0.0,4.0,4.0,4.0,1.0,2.0,0.0,1.0,4.0,6.0,17.0,6.0,64.6,50.0,60.0,160.0,1.0,1.0,1.3,0.0,16.4,8.8,21.9,3.8,0.0,10.5,16.5
2486941,14,981216,CLASS BASQUET SANT ANTONI,HOME,1397157,R. Gomez Barral,R. Gomez Barral,0,14.9,895.0,4.0,2.0,3.0,0.0,0.0,2.0,3.0,0.0,0.0,1.0,1.0,2.0,1.0,1.0,0.0,0.0,0.0,1.0,0.0,4.0,-5.0,66.7,66.7,0.0,0.0,1.3,0.0,0.0,9.3,7.9,8.5,10.4,0.0,0.0,25.0,13.3
2486941,14,981216,CLASS BASQUET SANT ANTONI,HOME,2462416,E. Stoilov,E. Stoilov,1,23.4,1403.0,17.0,6.0,9.0,0.0,0.0,6.0,9.0,5.0,6.0,0.0,7.0,7.0,2.0,2.0,1.0,1.0,1.0,4.0,4.0,22.0,14.0,73.0,66.7,0.0,66.7,1.3,0.0,1.5,0.0,35.2,19.0,17.5,2.3,4.1,14.7,28.9
2486941,14,981216,CLASS BASQUET SANT ANTONI,HOME,1834527,S. Paz Vazquez,S. Paz Vazquez,1,17.0,1021.0,2.0,1.0,2.0,0.0,4.0,1.0,6.0,0.0,0.0,1.0,2.0,3.0,0.0,0.0,0.0,0.0,0.0,0.0,0.0,0.0,8.0,16.7,16.7,66.7,0.0,1.0,0.0,0.0,8.1,13.8,11.2,0.0,0.0,0.0,0.0,17.5
2486941,14,981216,CLASS BASQUET SANT ANTONI,HOME,2128433,N. Zizic,N. Zizic,0,20.5,1232.0,15.0,7.0,9.0,0.0,1.0,7.0,10.0,1.0,1.0,1.0,5.0,6.0,1.0,0.0,0.0,1.0,0.0,2.0,1.0,19.0,-4.0,71.8,70.0,10.0,10.0,1.6,0.0,1.0,6.7,28.7,18.6,13.3,0.0,4.6,0.0,25.3
2486941,14,981216,CLASS BASQUET SANT ANTONI,HOME,2182043,J. Solarin,J. Solarin,1,21.2,1270.0,10.0,1.0,1.0,2.0,4.0,3.0,5.0,2.0,2.0,2.0,2.0,4.0,3.0,0.0,2.0,0.0,0.0,3.0,1.0,15.0,17.0,85.0,80.0,80.0,40.0,2.0,1.5,2.0,13.0,11.1,12.0,26.1,5.1,0.0,0.0,13.8
2486941,14,981428,HOMS U.E.MATARÓ,AWAY,2162105,F. Garrido Teban,F. Garrido Teban,0,12.2,729.0,5.0,1.0,1.0,1.0,3.0,2.0,4.0,0.0,0.0,0.0,2.0,2.0,0.0,1.0,0.0,0.0,0.0,4.0,0.0,0.0,-5.0,62.5,62.5,75.0,0.0,2.0,1.0,0.0,0.0,22.6,10.4,0.0,0.0,0.0,20.0,20.1
2486941,14,981428,HOMS U.E.MATARÓ,AWAY,1914611,J. Boix Colet,J. Boix Colet,1,28.9,1735.0,8.0,3.0,4.0,0.0,1.0,3.0,5.0,2.0,2.0,2.0,1.0,3.0,2.0,4.0,2.0,1.0,0.0,5.0,2.0,7.0,-2.0,68.0,60.0,20.0,40.0,1.5,0.0,1.0,8.1,4.8,6.6,12.6,3.7,4.2,40.5,16.7
2486941,14,981428,HOMS U.E.MATARÓ,AWAY,2534044,J. Tomaic Tomaic,J. Tomaic Tomaic,1,33.0,1977.0,6.0,3.0,7.0,0.0,3.0,3.0,10.0,0.0,2.0,0.0,6.0,6.0,0.0,0.0,0.0,0.0,1.0,3.0,4.0,4.0,-11.0,27.6,30.0,30.0,20.0,0.9,0.0,0.5,0.0,25.1,11.5,0.0,0.0,0.0,0.0,16.1
2486941,14,981428,HOMS U.E.MATARÓ,AWAY,1591966,J. Castillo Carrasco,J. Castillo Carrasco,0,11.8,705.0,3.0,0.0,0.0,1.0,1.0,1.0,1.0,0.0,0.0,0.0,0.0,0.0,0.0,0.0,0.0,0.0,0.0,1.0,0.0,2.0,-3.0,150.0,150.0,100.0,0.0,0.0,3.0,0.0,0.0,0.0,0.0,0.0,0.0,0.0,0.0,4.2
2486941,14,981428,HOMS U.E.MATARÓ,AWAY,1568569,J. Juanola Madera,J. Juanola Madera,1,31.0,1860.0,18.0,6.0,10.0,0.0,5.0,6.0,15.0,6.0,6.0,3.0,5.0,8.0,3.0,4.0,1.0,0.0,1.0,2.0,4.0,19.0,-11.0,51.0,40.0,33.3,40.0,1.2,0.0,1.5,11.4,22.2,16.4,19.2,1.7,0.0,18.5,34.2
2486941,14,981428,HOMS U.E.MATARÓ,AWAY,1942837,G. Martinez Rivera,G. Martinez Rivera,1,25.3,1517.0,11.0,4.0,11.0,0.0,0.0,4.0,11.0,3.0,4.0,2.0,0.0,2.0,2.0,1.0,1.0,1.0,1.0,3.0,3.0,8.0,-9.0,43.1,36.4,0.0,36.4,0.7,0.0,1.3,9.3,0.0,5.0,16.4,2.1,4.8,7.3,26.6
2486941,14,981428,HOMS U.E.MATARÓ,AWAY,2813635,E. Kalu,E. Kalu,1,23.1,1389.0,8.0,3.0,5.0,0.0,0.0,3.0,5.0,2.0,4.0,1.0,6.0,7.0,0.0,1.0,0.0,1.0,0.0,3.0,2.0,10.0,-3.0,59.2,60.0,0.0,80.0,1.2,0.0,2.0,5.1,35.8,19.2,0.0,0.0,5.2,12.9,16.5
2486941,14,981428,HOMS U.E.MATARÓ,AWAY,1920919,E. Coll Comabella,E. Coll Comabella,0,10.2,611.0,0.0,0.0,0.0,0.0,0.0,0.0,0.0,0.0,0.0,0.0,1.0,1.0,1.0,1.0,0.0,0.0,0.0,1.0,1.0,1.0,-5.0,0.0,0.0,0.0,0.0,0.0,0.0,0.0,0.0,13.5,6.2,12.3,0.0,0.0,100.0,4.8
2486941,14,981428,HOMS U.E.MATARÓ,AWAY,1073368,A. Ventura Pedreño,A. Ventura Pedreño,0,24.6,1477.0,16.0,3.0,4.0,2.0,5.0,5.0,9.0,4.0,4.0,0.0,3.0,3.0,0.0,0.0,0.0,0.0,0.0,0.0,4.0,19.0,-6.0,74.3,66.7,55.6,44.4,1.5,1.2,1.0,0.0,16.8,7.7,0.0,0.0,0.0,0.0,21.4
2486942,14,981305,SOL GIRONÈS BISBAL BÀSQUET,HOME,1446313,J. Carrasco Martin,J. Carrasco Martin,0,4.2,251.0,0.0,0.0,0.0,0.0,1.0,0.0,1.0,0.0,0.0,0.0,1.0,1.0,0.0,0.0,0.0,0.0,0.0,1.0,0.0,-1.0,-1.0,0.0,0.0,100.0,0.0,0.0,0.0,0.0,0.0,24.4,11.3,0.0,0.0,0.0,0.0,9.9
2486942,14,981305,SOL GIRONÈS BISBAL BÀSQUET,HOME,2851798,F. Adebayo,F. Adebayo,0,33.0,1978.0,15.0,5.0,11.0,1.0,5.0,6.0,16.0,2.0,5.0,1.0,5.0,6.0,1.0,4.0,0.0,0.0,0.0,2.0,4.0,7.0,-1.0,41.2,40.6,31.2,31.2,0.9,0.6,1.2,2.7,15.5,8.7,6.8,0.0,0.0,18.0,28.1
2486942,14,981305,SOL GIRONÈS BISBAL BÀSQUET,HOME,1227597,I. Valera Corominas,I. Valera Corominas,0,5.8,351.0,0.0,0.0,1.0,0.0,0.0,0.0,1.0,0.0,0.0,0.0,0.0,0.0,0.0,0.0,0.0,0.0,0.0,0.0,0.0,-1.0,-6.0,0.0,0.0,0.0,0.0,0.0,0.0,0.0,0.0,0.0,0.0,0.0,0.0,0.0,0.0,7.2
2486942,14,981305,SOL GIRONÈS BISBAL BÀSQUET,HOME,1829525,M. Mikhailov Paltarak,M. Mikhailov Paltarak,1,36.0,2160.0,23.0,9.0,15.0,0.0,0.0,9.0,15.0,5.0,6.0,5.0,10.0,15.0,1.0,2.0,2.0,2.0,2.0,2.0,6.0,38.0,-3.0,65.2,60.0,0.0,40.0,1.2,0.0,1.0,12.3,28.5,19.8,6.9,2.9,6.0,10.2,22.8
2486942,14,981305,SOL GIRONÈS BISBAL BÀSQUET,HOME,2815520,N. Okeke,N. Okeke,1,31.7,1903.0,7.0,1.0,5.0,1.0,6.0,2.0,11.0,2.0,2.0,1.0,3.0,4.0,0.0,3.0,1.0,0.0,0.0,3.0,2.0,-1.0,-5.0,29.5,22.7,54.5,18.2,0.4,0.5,1.0,2.8,9.7,6.0,0.0,1.6,0.0,20.2,19.6
2486942,14,981305,SOL GIRONÈS BISBAL BÀSQUET,HOME,1400270,B. Alvarez Torres,B. Alvarez Torres,1,27.5,1649.0,12.0,3.0,5.0,2.0,6.0,5.0,11.0,0.0,0.0,2.0,5.0,7.0,2.0,2.0,2.0,0.0,0.0,3.0,1.0,13.0,0.0,54.5,54.5,54.5,0.0,1.2,1.0,0.0,6.5,18.6,12.1,15.2,3.7,0.0,15.4,19.7
2486942,14,981305,SOL GIRONÈS BISBAL BÀSQUET,HOME,2815176,S. Kane,S. Kane,0,10.0,600.0,1.0,0.0,2.0,0.0,0.0,0.0,2.0,1.0,2.0,1.0,1.0,2.0,0.0,1.0,1.0,2.0,0.0,3.0,1.0,0.0,0.0,17.4,0.0,0.0,100.0,0.0,0.0,2.0,8.9,10.3,9.5,0.0,5.2,21.6,25.8,16.2
2486942,14,981305,SOL GIRONÈS BISBAL BÀSQUET,HOME,2322727,A. Vila I Gómez,A. Vila I Gómez,1,22.4,1341.0,5.0,0.0,0.0,1.0,4.0,1.0,4.0,2.0,4.0,2.0,1.0,3.0,0.0,0.0,0.0,0.0,0.0,2.0,2.0,3.0,-2.0,43.4,37.5,100.0,100.0,0.0,0.8,2.0,7.9,4.6,6.4,0.0,0.0,0.0,0.0,10.7
2486942,14,981305,SOL GIRONÈS BISBAL BÀSQUET,HOME,1198592,X. Torrent Bayé,X. Torrent Bayé,1,29.4,1767.0,11.0,2.0,4.0,1.0,7.0,3.0,11.0,4.0,8.0,2.0,1.0,3.0,2.0,0.0,1.0,0.0,1.0,2.0,8.0,11.0,-2.0,37.9,31.8,63.6,72.7,1.0,0.4,1.0,6.0,3.5,4.9,13.2,1.8,0.0,0.0,20.6
2486942,14,979897,BUENO ARENAS ALBACETE BASKET,AWAY,2772828,F. Andrade Amiel,F. Andrade Amiel,1,8.4,504.0,0.0,0.0,0.0,0.0,0.0,0.0,0.0,0.0,0.0,0.0,0.0,0.0,1.0,1.0,0.0,0.0,0.0,4.0,0.0,-4.0,-2.0,0.0,0.0,0.0,0.0,0.0,0.0,0.0,0.0,0.0,0.0,18.5,0.0,0.0,100.0,5.3
2486942,14,979897,BUENO ARENAS ALBACETE BASKET,AWAY,1371559,V. Aguilar Hernandez,V. Aguilar Hernandez,1,24.5,1471.0,16.0,4.0,6.0,2.0,4.0,6.0,10.0,2.0,2.0,3.0,1.0,4.0,1.0,1.0,4.0,0.0,1.0,2.0,5.0,23.0,-7.0,73.5,70.0,40.0,20.0,1.3,1.5,0.4,12.6,3.6,7.8,9.8,8.0,0.0,8.4,21.6
2486942,14,979897,BUENO ARENAS ALBACETE BASKET,AWAY,2813013,N. Reid,N. Reid,1,32.6,1954.0,14.0,2.0,3.0,3.0,8.0,5.0,11.0,1.0,1.0,0.0,7.0,7.0,0.0,1.0,0.0,1.0,0.0,4.0,2.0,13.0,4.0,61.2,59.1,72.7,9.1,1.3,1.1,0.5,0.0,19.1,10.2,0.0,0.0,2.9,8.0,17.0
2486942,14,979897,BUENO ARENAS ALBACETE BASKET,AWAY,1947396,V. Muñoz Quiñones,V. Muñoz Quiñones,1,27.6,1656.0,11.0,5.0,7.0,0.0,0.0,5.0,7.0,1.0,2.0,4.0,5.0,9.0,0.0,3.0,0.0,1.0,0.0,4.0,1.0,12.0,-2.0,69.8,71.4,0.0,28.6,1.4,0.0,2.0,14.9,16.1,15.5,0.0,0.0,3.4,27.6,17.6
2486942,14,979897,BUENO ARENAS ALBACETE BASKET,AWAY,2432962,S. Merlo,S. Merlo,0,32.3,1940.0,0.0,0.0,4.0,0.0,2.0,0.0,6.0,0.0,0.0,2.0,13.0,15.0,7.0,3.0,4.0,1.0,1.0,1.0,1.0,18.0,8.0,0.0,0.0,33.3,0.0,0.0,0.0,0.0,6.4,35.8,22.1,32.4,6.0,2.9,33.3,12.4
2486942,14,979897,BUENO ARENAS ALBACETE BASKET,AWAY,1603635,J. Gonzalez Albadalejo,J. Gonzalez Albadalejo,0,30.2,1814.0,20.0,0.0,3.0,4.0,11.0,4.0,14.0,8.0,8.0,0.0,1.0,1.0,3.0,3.0,0.0,0.0,0.0,4.0,5.0,12.0,9.0,57.1,42.9,78.6,57.1,0.0,1.1,1.6,0.0,2.9,1.6,17.0,0.0,0.0,14.6,30.3
2486942,14,979897,BUENO ARENAS ALBACETE BASKET,AWAY,2817541,O. Bramble,O. Bramble,0,20.4,1225.0,13.0,5.0,8.0,1.0,1.0,6.0,9.0,0.0,0.0,1.0,2.0,3.0,0.0,1.0,0.0,0.0,1.0,0.0,1.0,13.0,13.0,72.2,72.2,11.1,0.0,1.2,3.0,0.0,5.0,8.7,7.0,0.0,0.0,0.0,10.0,21.9
2486942,14,979897,BUENO ARENAS ALBACETE BASKET,AWAY,1981843,B. Vanaclocha Sanchez,B. Vanaclocha Sanchez,0,11.2,669.0,1.0,0.0,3.0,0.0,0.0,0.0,3.0,1.0,2.0,2.0,2.0,4.0,1.0,1.0,0.0,0.0,1.0,3.0,3.0,1.0,4.0,12.9,0.0,0.0,66.7,0.0,0.0,0.7,18.3,15.9,17.0,12.3,0.0,0.0,20.5,19.5
2486942,14,979897,BUENO ARENAS ALBACETE BASKET,AWAY,2432412,J. Hierrezuelo Serer,J. Hierrezuelo Serer,1,12.8,767.0,3.0,0.0,3.0,1.0,6.0,1.0,9.0,0.0,0.0,0.0,0.0,0.0,0.0,0.0,0.0,0.0,0.0,2.0,0.0,-7.0,-7.0,16.7,16.7,66.7,0.0,0.0,0.5,0.0,0.0,0.0,0.0,0.0,0.0,0.0,0.0,31.4
2486943,14,981207,OCA GLOBAL C.B. SALOU,HOME,2451495,D. Knowles,D. Knowles,0,17.9,1072.0,8.0,3.0,3.0,0.0,0.0,3.0,3.0,2.0,2.0,0.0,2.0,2.0,1.0,1.0,0.0,0.0,0.0,2.0,2.0,10.0,-1.0,103.1,100.0,0.0,66.7,2.0,0.0,1.0,0.0,15.4,6.8,13.5,0.0,0.0,20.5,13.0
2486943,14,981207,OCA GLOBAL C.B. SALOU,HOME,2284777,C. Knowles,C. Knowles,1,29.4,1764.0,9.0,3.0,9.0,1.0,4.0,4.0,13.0,0.0,1.0,0.0,1.0,1.0,2.0,1.0,2.0,0.0,0.0,2.0,1.0,2.0,-13.0,33.5,34.6,30.8,7.7,0.7,0.8,1.0,0.0,4.7,2.1,14.1,3.6,0.0,6.9,23.4
2486943,14,981207,OCA GLOBAL C.B. SALOU,HOME,2715040,B. Traore,B. Traore,0,19.6,1175.0,13.0,6.0,9.0,0.0,4.0,6.0,13.0,1.0,1.0,1.0,3.0,4.0,0.0,1.0,0.0,0.0,0.0,3.0,3.0,9.0,-10.0,48.4,46.2,30.8,7.7,1.3,0.0,0.3,5.5,21.1,12.4,0.0,0.0,0.0,6.9,35.1
2486943,14,981207,OCA GLOBAL C.B. SALOU,HOME,1271466,D. Cuellar Garcia,D. Cuellar Garcia,0,20.5,1229.0,3.0,0.0,0.0,1.0,3.0,1.0,3.0,0.0,0.0,1.0,0.0,1.0,0.0,1.0,1.0,0.0,0.0,2.0,0.0,0.0,-10.0,50.0,50.0,100.0,0.0,0.0,1.0,0.0,5.3,0.0,3.0,0.0,2.6,0.0,25.0,9.3
2486943,14,981207,OCA GLOBAL C.B. SALOU,HOME,2242531,E. Moure Colombo,E. Moure Colombo,0,8.1,487.0,0.0,0.0,0.0,0.0,0.0,0.0,0.0,0.0,0.0,0.0,1.0,1.0,0.0,0.0,0.0,0.0,0.0,1.0,0.0,0.0,-3.0,0.0,0.0,0.0,0.0,0.0,0.0,0.0,0.0,17.0,7.5,0.0,0.0,0.0,0.0,0.0
2486943,14,981207,OCA GLOBAL C.B. SALOU,HOME,1938487,A. Llorca Castillo,A. Llorca Castillo,1,29.3,1758.0,7.0,2.0,6.0,0.0,5.0,2.0,11.0,3.0,5.0,3.0,3.0,6.0,2.0,4.0,1.0,0.0,0.0,2.0,8.0,7.0,-4.0,26.5,18.2,45.5,45.5,0.7,0.0,0.6,11.1,14.1,12.4,12.3,1.8,0.0,23.3,27.9
2486943,14,981207,OCA GLOBAL C.B. SALOU,HOME,1610350,E. Martinez Pretel,E. Martinez Pretel,1,28.3,1698.0,1.0,0.0,0.0,0.0,2.0,0.0,2.0,1.0,2.0,1.0,1.0,2.0,3.0,1.0,1.0,0.0,0.0,2.0,2.0,3.0,-13.0,17.4,0.0,100.0,100.0,0.0,0.0,1.0,3.8,4.9,4.3,16.5,1.9,0.0,25.8,6.5
2486943,14,981207,OCA GLOBAL C.B. SALOU,HOME,2274746,P. Salo Blaya,P. Salo Blaya,1,10.6,638.0,4.0,2.0,2.0,0.0,0.0,2.0,2.0,0.0,2.0,0.0,0.0,0.0,1.0,0.0,0.0,0.0,0.0,3.0,3.0,3.0,-2.0,69.4,100.0,0.0,100.0,2.0,0.0,0.7,0.0,0.0,0.0,17.2,0.0,0.0,0.0,12.9
2486943,14,981207,OCA GLOBAL C.B. SALOU,HOME,2534398,J. Sánchez,J. Sánchez,0,15.8,948.0,12.0,4.0,6.0,1.0,4.0,5.0,10.0,1.0,1.0,1.0,2.0,3.0,2.0,1.0,1.0,0.0,0.0,4.0,1.0,9.0,3.0,57.5,55.0,40.0,10.0,1.3,0.8,1.0,6.8,17.5,11.5,37.0,3.4,0.0,8.7,34.5
2486943,14,981207,OCA GLOBAL C.B. SALOU,HOME,2814887,P. Renane,P. Renane,1,20.5,1231.0,8.0,3.0,6.0,0.0,2.0,3.0,8.0,2.0,2.0,1.0,4.0,5.0,2.0,2.0,0.0,0.0,0.0,5.0,2.0,5.0,13.0,45.0,37.5,25.0,25.0,1.0,0.0,1.0,5.3,26.9,14.8,20.0,0.0,0.0,18.4,25.3
2486943,14,981275,MADERAS SORLI BENICARLO,AWAY,2467065,A. Ikpeze,A. Ikpeze,1,14.2,849.0,6.0,2.0,5.0,0.0,0.0,2.0,5.0,2.0,4.0,4.0,2.0,6.0,0.0,1.0,0.0,0.0,0.0,4.0,3.0,5.0,0.0,44.4,40.0,0.0,80.0,0.8,0.0,1.3,38.9,15.2,25.6,0.0,0.0,0.0,12.9,25.0
2486943,14,981275,MADERAS SORLI BENICARLO,AWAY,1485040,A. Haro Val,A. Haro Val,0,27.7,1663.0,7.0,2.0,5.0,1.0,7.0,3.0,12.0,0.0,0.0,0.0,1.0,1.0,5.0,3.0,0.0,0.0,0.0,2.0,2.0,1.0,5.0,29.2,29.2,58.3,0.0,0.8,0.4,0.0,0.0,3.9,2.2,32.9,0.0,0.0,20.0,24.8
2486943,14,981275,MADERAS SORLI BENICARLO,AWAY,1998365,P. Harguindey Maneiro,P. Harguindey Maneiro,1,21.4,1287.0,7.0,0.0,0.0,2.0,4.0,2.0,4.0,1.0,2.0,0.0,5.0,5.0,1.0,2.0,0.0,0.0,0.0,2.0,2.0,8.0,7.0,71.7,75.0,100.0,50.0,0.0,1.5,1.0,0.0,25.3,14.2,9.1,0.0,0.0,29.1,14.7
2486943,14,981275,MADERAS SORLI BENICARLO,AWAY,2500822,M. Voronin,M. Voronin,1,22.0,1319.0,8.0,0.0,4.0,2.0,3.0,2.0,7.0,2.0,2.0,0.0,1.0,1.0,3.0,4.0,0.0,0.0,0.0,2.0,3.0,4.0,-5.0,50.8,42.9,42.9,28.6,0.0,2.0,0.7,0.0,4.9,2.8,22.1,0.0,0.0,33.7,24.7
2486943,14,981275,MADERAS SORLI BENICARLO,AWAY,1659850,A. Prior Ruiz,A. Prior Ruiz,1,19.9,1197.0,6.0,0.0,4.0,2.0,3.0,2.0,7.0,0.0,0.0,0.0,1.0,1.0,0.0,1.0,0.0,0.0,0.0,2.0,0.0,-1.0,-8.0,42.9,42.9,42.9,0.0,0.0,2.0,0.0,0.0,5.4,3.0,0.0,0.0,0.0,12.5,18.4
2486943,14,981275,MADERAS SORLI BENICARLO,AWAY,2219986,A. Libroia,A. Libroia,1,36.0,2159.0,19.0,4.0,8.0,2.0,3.0,6.0,11.0,5.0,5.0,2.0,0.0,2.0,5.0,1.0,1.0,0.0,0.0,2.0,10.0,29.0,15.0,72.0,63.6,27.3,45.5,1.0,2.0,0.5,7.7,0.0,3.4,28.7,1.5,0.0,7.0,18.1
2486943,14,981275,MADERAS SORLI BENICARLO,AWAY,2703145,M. Fall,M. Fall,0,21.5,1288.0,11.0,5.0,5.0,0.0,0.0,5.0,5.0,1.0,2.0,3.0,7.0,10.0,0.0,1.0,1.0,0.0,0.0,4.0,3.0,19.0,12.0,93.5,100.0,0.0,40.0,2.0,0.0,0.7,19.2,35.2,28.2,0.0,2.4,0.0,14.5,14.7
2486943,14,981275,MADERAS SORLI BENICARLO,AWAY,2536645,R. Ukawuba,R. Ukawuba,0,10.3,620.0,2.0,1.0,2.0,0.0,0.0,1.0,2.0,0.0,0.0,0.0,1.0,1.0,0.0,0.0,0.0,0.0,0.0,0.0,0.0,2.0,0.0,50.0,50.0,0.0,0.0,1.0,0.0,0.0,0.0,10.5,5.9,0.0,0.0,0.0,0.0,8.9
2486943,14,981275,MADERAS SORLI BENICARLO,AWAY,2250610,A. Sanchez Perdiguero,A. Sanchez Perdiguero,0,24.1,1443.0,5.0,2.0,6.0,0.0,0.0,2.0,6.0,1.0,4.0,3.0,10.0,13.0,2.0,5.0,3.0,0.0,0.0,4.0,3.0,10.0,12.0,32.2,33.3,0.0,66.7,0.7,0.0,1.3,17.2,44.9,32.7,14.7,6.5,0.0,39.2,24.2
2486943,14,981275,MADERAS SORLI BENICARLO,AWAY,2816381,K. Obiekwe Sam,K. Obiekwe Sam,0,2.9,175.0,2.0,1.0,1.0,0.0,1.0,1.0,2.0,0.0,0.0,0.0,1.0,1.0,0.0,0.0,0.0,0.0,0.0,1.0,0.0,1.0,2.0,50.0,50.0,50.0,0.0,2.0,0.0,0.0,0.0,37.3,20.9,0.0,0.0,0.0,0.0,31.6
2486944,14,981294,C.B. ZARAGOZA,HOME,1802050,D. Muñoz Samatan,D. Muñoz Samatan,0,14.8,889.0,6.0,2.0,5.0,0.0,0.0,2.0,5.0,2.0,4.0,2.0,0.0,2.0,2.0,0.0,0.0,0.0,0.0,0.0,2.0,7.0,-16.0,44.4,40.0,0.0,80.0,0.8,0.0,2.0,18.6,0.0,9.7,20.8,0.0,0.0,0.0,21.0
2486944,14,981294,C.B. ZARAGOZA,HOME,1798932,D. Arjol Lopez,D. Arjol Lopez,1,33.1,1987.0,13.0,5.0,9.0,0.0,2.0,5.0,11.0,3.0,5.0,2.0,3.0,5.0,5.0,4.0,0.0,0.0,0.0,4.0,5.0,12.0,7.0,49.2,45.5,18.2,45.5,1.1,0.0,1.0,8.3,13.4,10.8,27.5,0.0,0.0,23.3,23.9
2486944,14,981294,C.B. ZARAGOZA,HOME,1250976,O. Alvarado Rodriguez,O. Alvarado Rodriguez,1,32.0,1921.0,7.0,0.0,1.0,2.0,6.0,2.0,7.0,1.0,2.0,0.0,0.0,0.0,4.0,0.0,2.0,0.0,0.0,2.0,4.0,9.0,1.0,44.4,42.9,85.7,28.6,0.0,1.0,0.5,0.0,0.0,0.0,18.9,3.4,0.0,0.0,11.3
2486944,14,981294,C.B. ZARAGOZA,HOME,1722778,R. Borges Pino,R. Borges Pino,0,0.3,16.0,0.0,0.0,0.0,0.0,0.0,0.0,0.0,0.0,0.0,0.0,0.0,0.0,0.0,0.0,0.0,0.0,0.0,0.0,0.0,0.0,-3.0,0.0,0.0,0.0,0.0,0.0,0.0,0.0,0.0,0.0,0.0,0.0,0.0,0.0,0.0,0.0
2486944,14,981294,C.B. ZARAGOZA,HOME,361567,E. Gatell Sanz,E. Gatell Sanz,1,16.1,969.0,6.0,3.0,7.0,0.0,0.0,3.0,7.0,0.0,1.0,0.0,2.0,2.0,2.0,4.0,1.0,2.0,0.0,4.0,1.0,1.0,1.0,40.3,42.9,0.0,14.3,0.9,0.0,1.0,0.0,18.4,8.9,23.3,3.4,16.6,35.0,32.7
2486944,14,981294,C.B. ZARAGOZA,HOME,1861515,P. Aso Jimenez,P. Aso Jimenez,1,29.5,1768.0,9.0,3.0,4.0,1.0,3.0,4.0,7.0,0.0,0.0,5.0,5.0,10.0,1.0,3.0,2.0,1.0,0.0,1.0,2.0,18.0,14.0,64.3,64.3,42.9,0.0,1.5,1.0,0.0,23.4,25.1,24.2,6.1,3.7,4.5,30.0,15.6
2486944,14,981294,C.B. ZARAGOZA,HOME,1446949,J. Jiménez Jiménez,J. Jiménez Jiménez,1,33.8,2029.0,9.0,1.0,3.0,1.0,6.0,2.0,9.0,4.0,6.0,0.0,3.0,3.0,2.0,1.0,2.0,0.0,0.0,3.0,6.0,9.0,12.0,38.7,27.8,66.7,66.7,0.7,0.5,1.0,0.0,13.1,6.3,9.4,3.2,0.0,7.9,17.2
2486944,14,981294,C.B. ZARAGOZA,HOME,2704882,Y. Kolo,Y. Kolo,0,23.9,1431.0,18.0,4.0,8.0,2.0,2.0,6.0,10.0,4.0,5.0,3.0,6.0,9.0,0.0,0.0,0.0,1.0,0.0,2.0,3.0,24.0,4.0,73.8,70.0,20.0,50.0,1.0,3.0,1.7,17.3,37.2,26.9,0.0,0.0,5.6,0.0,23.5
2486944,14,981294,C.B. ZARAGOZA,HOME,1556128,G. Colom Barrufet,G. Colom Barrufet,0,16.5,990.0,12.0,4.0,4.0,1.0,3.0,5.0,7.0,1.0,2.0,0.0,1.0,1.0,2.0,1.0,0.0,0.0,0.0,2.0,2.0,11.0,5.0,76.1,78.6,42.9,28.6,2.0,1.0,1.0,0.0,9.0,4.3,30.3,0.0,0.0,11.3,24.7
2486944,14,981490,CLUB ESPORTIU BÀSQUET LLÍRIA,AWAY,2274877,K. Clement Aigbogun,K. Clement Aigbogun,0,14.9,895.0,9.0,2.0,2.0,1.0,4.0,3.0,6.0,2.0,2.0,0.0,2.0,2.0,0.0,4.0,0.0,0.0,0.0,3.0,1.0,2.0,1.0,65.4,58.3,66.7,33.3,2.0,0.8,2.0,0.0,18.5,9.6,0.0,0.0,0.0,36.8,36.0
2486944,14,981490,CLUB ESPORTIU BÀSQUET LLÍRIA,AWAY,2665346,D. Kandulu,D. Kandulu,0,15.9,954.0,2.0,1.0,5.0,0.0,0.0,1.0,5.0,0.0,2.0,1.0,2.0,3.0,0.0,0.0,0.0,0.0,0.0,5.0,2.0,-4.0,1.0,17.0,20.0,0.0,40.0,0.4,0.0,1.0,9.3,17.3,13.5,0.0,0.0,0.0,0.0,18.2
2486944,14,981490,CLUB ESPORTIU BÀSQUET LLÍRIA,AWAY,1702333,E. Herrera Sauret,E. Herrera Sauret,1,15.2,914.0,7.0,0.0,3.0,2.0,4.0,2.0,7.0,1.0,2.0,0.0,2.0,2.0,1.0,3.0,0.0,0.0,2.0,2.0,2.0,1.0,-6.0,44.4,42.9,57.1,28.6,0.0,1.5,1.0,0.0,18.1,9.4,10.9,0.0,0.0,27.6,35.3
2486944,14,981490,CLUB ESPORTIU BÀSQUET LLÍRIA,AWAY,1995160,D. Rivas Palmer,D. Rivas Palmer,1,24.3,1456.0,5.0,1.0,3.0,1.0,4.0,2.0,7.0,0.0,2.0,1.0,0.0,1.0,1.0,2.0,4.0,0.0,0.0,2.0,1.0,1.0,-6.0,31.7,35.7,57.1,28.6,0.7,0.8,2.0,6.1,0.0,2.9,6.8,8.8,0.0,20.2,20.0
2486944,14,981490,CLUB ESPORTIU BÀSQUET LLÍRIA,AWAY,1882178,J. Palamos Molins,J. Palamos Molins,0,16.4,985.0,3.0,0.0,1.0,1.0,1.0,1.0,2.0,0.0,0.0,1.0,0.0,1.0,2.0,2.0,1.0,0.0,0.0,1.0,0.0,3.0,10.0,75.0,75.0,50.0,0.0,0.0,3.0,0.0,9.0,0.0,4.4,19.6,3.3,0.0,50.0,12.0
2486944,14,981490,CLUB ESPORTIU BÀSQUET LLÍRIA,AWAY,2646201,H. Salomon,H. Salomon,0,6.8,411.0,2.0,1.0,1.0,0.0,1.0,1.0,2.0,0.0,0.0,0.0,0.0,0.0,0.0,3.0,0.0,0.0,0.0,4.0,0.0,-6.0,-8.0,50.0,50.0,50.0,0.0,2.0,0.0,0.0,0.0,0.0,0.0,0.0,0.0,0.0,60.0,36.2
2486944,14,981490,CLUB ESPORTIU BÀSQUET LLÍRIA,AWAY,1560358,A. Meana Perez,A. Meana Perez,1,26.7,1601.0,18.0,3.0,6.0,3.0,6.0,6.0,12.0,3.0,3.0,0.0,2.0,2.0,2.0,3.0,0.0,0.0,0.0,2.0,6.0,17.0,-15.0,67.6,62.5,50.0,25.0,1.0,1.5,0.5,0.0,10.3,5.4,14.7,0.0,0.0,18.4,30.1
2486944,14,981490,CLUB ESPORTIU BÀSQUET LLÍRIA,AWAY,1257494,V. Perez Tomas,V. Perez Tomas,0,18.2,1091.0,22.0,5.0,5.0,4.0,4.0,9.0,9.0,0.0,0.0,0.0,2.0,2.0,4.0,1.0,0.0,0.0,0.0,2.0,0.0,25.0,9.0,122.2,122.2,44.4,0.0,2.0,3.0,0.0,0.0,15.2,7.8,80.0,0.0,0.0,10.0,27.1
2486944,14,981490,CLUB ESPORTIU BÀSQUET LLÍRIA,AWAY,1761293,P. Bono Soler,P. Bono Soler,0,13.8,830.0,0.0,0.0,0.0,0.0,0.0,0.0,0.0,0.0,0.0,1.0,2.0,3.0,2.0,0.0,0.0,0.0,0.0,1.0,0.0,4.0,-5.0,0.0,0.0,0.0,0.0,0.0,0.0,0.0,10.7,20.0,15.5,23.8,0.0,0.0,0.0,0.0
2486944,14,981490,CLUB ESPORTIU BÀSQUET LLÍRIA,AWAY,2184821,M. Enabulele Ogunsuyi,M. Enabulele Ogunsuyi,1,24.1,1446.0,2.0,1.0,2.0,0.0,0.0,1.0,2.0,0.0,1.0,2.0,5.0,7.0,0.0,1.0,0.0,0.0,1.0,1.0,3.0,8.0,-6.0,41.0,50.0,0.0,50.0,1.0,0.0,0.3,12.3,28.6,20.7,0.0,0.0,0.0,29.1,7.0
2486944,14,981490,CLUB ESPORTIU BÀSQUET LLÍRIA,AWAY,2222436,S. Gallego Mogro,S. Gallego Mogro,1,23.6,1417.0,5.0,1.0,2.0,1.0,2.0,2.0,4.0,0.0,2.0,1.0,0.0,1.0,0.0,0.0,1.0,0.0,1.0,2.0,2.0,3.0,0.0,51.2,62.5,50.0,50.0,1.0,1.5,1.0,6.3,0.0,3.0,0.0,2.3,0.0,0.0,10.2
2486945,14,979996,AMICS CASTELLÓ,HOME,2149001,R. Fabrega Urpina,R. Fabrega Urpina,1,26.2,1575.0,11.0,1.0,2.0,2.0,4.0,3.0,6.0,3.0,4.0,0.0,10.0,10.0,7.0,4.0,0.0,0.0,0.0,1.0,6.0,25.0,18.0,70.9,66.7,66.7,66.7,1.0,1.5,0.7,0.0,39.1,20.4,46.1,0.0,0.0,34.0,20.1
2486945,14,979996,AMICS CASTELLÓ,HOME,2264756,L. Garcia Jimenez,L. Garcia Jimenez,0,5.0,298.0,0.0,0.0,1.0,0.0,0.0,0.0,1.0,0.0,0.0,1.0,0.0,1.0,0.0,1.0,0.0,0.0,0.0,0.0,0.0,-1.0,0.0,0.0,0.0,0.0,0.0,0.0,0.0,0.0,22.2,0.0,10.7,0.0,0.0,0.0,50.0,17.9
2486945,14,979996,AMICS CASTELLÓ,HOME,273780,J. Faner Catala,J. Faner Catala,0,17.3,1036.0,4.0,0.0,0.0,1.0,6.0,1.0,6.0,1.0,2.0,0.0,1.0,1.0,4.0,3.0,0.0,0.0,0.0,1.0,1.0,0.0,13.0,29.1,25.0,100.0,33.3,0.0,0.5,2.0,0.0,5.9,3.1,42.6,0.0,0.0,30.4,25.6
2486945,14,979996,AMICS CASTELLÓ,HOME,2818901,O. Russell,O. Russell,1,27.1,1624.0,20.0,3.0,4.0,4.0,8.0,7.0,12.0,2.0,2.0,1.0,2.0,3.0,5.0,1.0,3.0,0.0,1.0,2.0,3.0,26.0,18.0,77.6,75.0,66.7,16.7,1.5,1.5,0.7,4.1,7.6,5.9,44.6,6.0,0.0,7.2,22.9
2486945,14,979996,AMICS CASTELLÓ,HOME,2816147,D. Bah,D. Bah,1,13.2,793.0,5.0,1.0,4.0,1.0,1.0,2.0,5.0,0.0,0.0,3.0,2.0,5.0,0.0,3.0,1.0,0.0,0.0,3.0,0.0,2.0,1.0,50.0,50.0,20.0,0.0,0.5,3.0,0.0,25.3,15.5,20.2,0.0,4.1,0.0,37.5,27.2
2486945,14,979996,AMICS CASTELLÓ,HOME,1817496,P. Garcia Carrero,P. Garcia Carrero,0,21.2,1272.0,0.0,0.0,3.0,0.0,1.0,0.0,4.0,0.0,0.0,4.0,4.0,8.0,0.0,1.0,0.0,1.0,0.0,2.0,1.0,3.0,19.0,0.0,0.0,25.0,0.0,0.0,0.0,0.0,21.0,19.4,20.1,0.0,0.0,3.9,20.0,10.6
2486945,14,979996,AMICS CASTELLÓ,HOME,2087878,D. Saez Gil,D. Saez Gil,0,7.1,426.0,3.0,0.0,0.0,1.0,2.0,1.0,2.0,0.0,0.0,0.0,0.0,0.0,0.0,0.0,0.0,0.0,0.0,0.0,0.0,2.0,0.0,75.0,75.0,100.0,0.0,0.0,1.5,0.0,0.0,0.0,0.0,0.0,0.0,0.0,0.0,12.6
2486945,14,979996,AMICS CASTELLÓ,HOME,2743181,K.  Baoko,K.  Baoko,0,15.9,953.0,5.0,2.0,2.0,0.0,0.0,2.0,2.0,1.0,2.0,1.0,3.0,4.0,0.0,3.0,0.0,6.0,0.0,4.0,1.0,8.0,17.0,86.8,100.0,0.0,100.0,2.0,0.0,2.0,7.0,19.4,13.4,0.0,0.0,30.8,51.0,16.6
2486945,14,979996,AMICS CASTELLÓ,HOME,1840859,V. Rodriguez Gil,V. Rodriguez Gil,0,13.6,818.0,3.0,1.0,3.0,0.0,0.0,1.0,3.0,1.0,2.0,2.0,1.0,3.0,0.0,0.0,0.0,0.0,0.0,1.0,2.0,4.0,3.0,38.7,33.3,0.0,66.7,0.7,0.0,1.0,16.3,7.5,11.8,0.0,0.0,0.0,0.0,12.8
2486945,14,979996,AMICS CASTELLÓ,HOME,2641325,M. Andreatta,M. Andreatta,1,25.4,1521.0,5.0,1.0,5.0,1.0,4.0,2.0,9.0,0.0,0.0,4.0,4.0,8.0,1.0,2.0,0.0,1.0,0.0,0.0,1.0,7.0,13.0,27.8,27.8,44.4,0.0,0.4,0.8,0.0,17.5,16.2,16.8,7.4,0.0,3.2,18.2,19.4
2486945,14,979996,AMICS CASTELLÓ,HOME,1627889,A. Tamayo Lesmes,A. Tamayo Lesmes,1,28.1,1684.0,17.0,4.0,6.0,3.0,8.0,7.0,14.0,0.0,0.0,2.0,6.0,8.0,1.0,2.0,0.0,1.0,0.0,1.0,1.0,18.0,3.0,60.7,60.7,57.1,0.0,1.3,1.1,0.0,7.9,21.9,15.2,8.9,0.0,2.9,12.5,25.5
2486945,14,981358,CIUDAD MOLINA BASKET,AWAY,2816300,A. Duval,A. Duval,0,16.9,1015.0,9.0,1.0,3.0,2.0,4.0,3.0,7.0,1.0,2.0,0.0,1.0,1.0,0.0,0.0,0.0,0.0,1.0,4.0,2.0,3.0,-17.0,57.1,57.1,57.1,28.6,0.7,1.5,1.0,0.0,6.6,3.2,0.0,0.0,0.0,0.0,23.2
2486945,14,981358,CIUDAD MOLINA BASKET,AWAY,1899744,J. Cascales Fernandez,J. Cascales Fernandez,0,10.2,610.0,2.0,1.0,3.0,0.0,2.0,1.0,5.0,0.0,0.0,1.0,1.0,2.0,3.0,0.0,0.0,0.0,1.0,1.0,2.0,4.0,7.0,20.0,20.0,40.0,0.0,0.7,0.0,0.0,10.1,10.9,10.5,53.6,0.0,0.0,0.0,24.4
2486945,14,981358,CIUDAD MOLINA BASKET,AWAY,1532799,R. Timoner Gimenez,R. Timoner Gimenez,1,25.0,1502.0,8.0,4.0,8.0,0.0,2.0,4.0,10.0,0.0,0.0,0.0,2.0,2.0,4.0,4.0,1.0,0.0,1.0,1.0,2.0,6.0,-23.0,40.0,40.0,20.0,0.0,1.0,0.0,0.0,0.0,8.9,4.3,43.5,2.2,0.0,28.6,27.9
2486945,14,981358,CIUDAD MOLINA BASKET,AWAY,2146670,P. Campeny Lloveras,P. Campeny Lloveras,1,23.2,1393.0,8.0,4.0,9.0,0.0,0.0,4.0,9.0,0.0,0.0,2.0,4.0,6.0,1.0,0.0,2.0,0.0,1.0,0.0,1.0,13.0,-5.0,44.4,44.4,0.0,0.0,0.9,0.0,0.0,8.8,19.2,13.8,10.9,4.8,0.0,0.0,19.3
2486945,14,981358,CIUDAD MOLINA BASKET,AWAY,1514342,R. Martínez-Quintanilla Jiménez,R. Martínez-Quintanilla Jiménez,0,19.6,1178.0,2.0,1.0,3.0,0.0,4.0,1.0,7.0,0.0,0.0,0.0,1.0,1.0,0.0,0.0,1.0,0.0,0.0,4.0,1.0,-5.0,-18.0,14.3,14.3,57.1,0.0,0.7,0.0,0.0,0.0,5.7,2.7,0.0,2.9,0.0,0.0,17.8
2486945,14,981358,CIUDAD MOLINA BASKET,AWAY,2133764,P. Parra Gomez,P. Parra Gomez,0,7.0,418.0,2.0,1.0,1.0,0.0,0.0,1.0,1.0,0.0,0.0,0.0,0.0,0.0,0.0,1.0,1.0,0.0,0.0,0.0,0.0,2.0,7.0,100.0,100.0,0.0,0.0,2.0,0.0,0.0,0.0,0.0,0.0,0.0,8.0,0.0,50.0,14.2
2486945,14,981358,CIUDAD MOLINA BASKET,AWAY,2816662,G. Miladinovic,G. Miladinovic,0,15.6,937.0,2.0,1.0,5.0,0.0,0.0,1.0,5.0,0.0,0.0,0.0,2.0,2.0,0.0,2.0,2.0,0.0,1.0,0.0,1.0,1.0,-10.0,20.0,20.0,0.0,0.0,0.4,0.0,0.0,0.0,14.2,6.8,0.0,7.2,0.0,28.6,22.3
2486945,14,981358,CIUDAD MOLINA BASKET,AWAY,2042118,F. Hernandez Martinez,F. Hernandez Martinez,1,24.8,1486.0,7.0,1.0,6.0,1.0,2.0,2.0,8.0,2.0,2.0,1.0,1.0,2.0,1.0,0.0,3.0,0.0,2.0,0.0,1.0,8.0,-13.0,39.4,31.2,25.0,25.0,0.3,1.5,2.0,4.1,4.5,4.3,8.9,6.8,0.0,0.0,17.8
2486945,14,981358,CIUDAD MOLINA BASKET,AWAY,2816661,M. Mukendi Mukendi,M. Mukendi Mukendi,1,24.4,1463.0,4.0,2.0,6.0,0.0,0.0,2.0,6.0,0.0,4.0,1.0,3.0,4.0,1.0,1.0,0.0,1.0,2.0,3.0,4.0,2.0,-11.0,25.8,33.3,0.0,66.7,0.7,0.0,1.0,4.2,13.7,8.7,8.9,0.0,5.5,11.4,17.9
2486945,14,981358,CIUDAD MOLINA BASKET,AWAY,1439463,C. Toledo Zamora,C. Toledo Zamora,1,15.1,903.0,1.0,0.0,0.0,0.0,0.0,0.0,0.0,1.0,2.0,1.0,1.0,2.0,0.0,1.0,0.0,0.0,0.0,1.0,1.0,1.0,-15.0,56.8,0.0,0.0,0.0,0.0,0.0,2.0,6.8,7.4,7.1,0.0,0.0,0.0,53.2,6.2
2486945,14,981358,CIUDAD MOLINA BASKET,AWAY,2032122,J. Tavelli,J. Tavelli,0,18.2,1095.0,7.0,2.0,5.0,1.0,2.0,3.0,7.0,0.0,0.0,0.0,2.0,2.0,1.0,2.0,2.0,0.0,0.0,2.0,0.0,4.0,-7.0,50.0,50.0,28.6,0.0,0.8,1.5,0.0,0.0,12.2,5.9,12.5,6.2,0.0,22.2,24.6
2486946,14,981491,C.B. GETAFE,HOME,1223461,J. Tejera Tejo,J. Tejera Tejo,0,8.8,527.0,2.0,1.0,1.0,0.0,1.0,1.0,2.0,0.0,0.0,0.0,1.0,1.0,0.0,0.0,0.0,0.0,0.0,1.0,0.0,1.0,-4.0,50.0,50.0,50.0,0.0,2.0,0.0,0.0,0.0,15.2,6.7,0.0,0.0,0.0,0.0,10.1
2486946,14,981491,C.B. GETAFE,HOME,2816388,M. Abdulsalam,M. Abdulsalam,1,23.0,1381.0,11.0,4.0,8.0,0.0,1.0,4.0,9.0,3.0,7.0,3.0,7.0,10.0,0.0,3.0,1.0,0.0,0.0,2.0,4.0,12.0,-20.0,45.5,44.4,11.1,77.8,1.0,0.0,1.8,13.7,40.6,25.6,0.0,2.3,0.0,19.9,29.2
2486946,14,981491,C.B. GETAFE,HOME,1789964,E. Ortiz Torres,E. Ortiz Torres,0,12.9,774.0,5.0,1.0,3.0,1.0,3.0,2.0,6.0,0.0,0.0,0.0,0.0,0.0,0.0,1.0,0.0,0.0,1.0,3.0,2.0,-1.0,-10.0,41.7,41.7,50.0,0.0,0.7,1.0,0.0,0.0,0.0,0.0,0.0,0.0,0.0,14.3,24.1
2486946,14,981491,C.B. GETAFE,HOME,1515390,C. Martos Infantes,C. Martos Infantes,0,2.0,119.0,0.0,0.0,0.0,0.0,1.0,0.0,1.0,0.0,0.0,0.0,0.0,0.0,0.0,0.0,0.0,0.0,0.0,0.0,0.0,-1.0,6.0,0.0,0.0,100.0,0.0,0.0,0.0,0.0,0.0,0.0,0.0,0.0,0.0,0.0,0.0,22.2
2486946,14,981491,C.B. GETAFE,HOME,2816390,A. Akinwole,A. Akinwole,1,19.4,1167.0,7.0,2.0,2.0,1.0,3.0,3.0,5.0,0.0,0.0,0.0,0.0,0.0,4.0,0.0,2.0,0.0,0.0,3.0,0.0,8.0,-8.0,70.0,70.0,60.0,0.0,2.0,1.0,0.0,0.0,0.0,0.0,33.3,5.4,0.0,0.0,11.5
2486946,14,981491,C.B. GETAFE,HOME,2815898,C. Henderson,C. Henderson,1,23.3,1398.0,6.0,0.0,3.0,1.0,4.0,1.0,7.0,3.0,4.0,2.0,0.0,2.0,0.0,1.0,0.0,1.0,0.0,1.0,3.0,3.0,-17.0,34.2,21.4,57.1,57.1,0.0,0.8,1.3,9.0,0.0,5.0,0.0,0.0,4.4,10.2,18.6
2486946,14,981491,C.B. GETAFE,HOME,1328788,M. Alvarez Puertas,M. Alvarez Puertas,0,16.8,1006.0,4.0,2.0,3.0,0.0,3.0,2.0,6.0,0.0,0.0,2.0,2.0,4.0,1.0,0.0,0.0,0.0,0.0,0.0,0.0,5.0,-10.0,33.3,33.3,50.0,0.0,1.3,0.0,0.0,12.5,15.9,14.0,10.0,0.0,0.0,0.0,15.9
2486946,14,981491,C.B. GETAFE,HOME,1674978,G. Mulero Maldonado,G. Mulero Maldonado,1,30.8,1846.0,17.0,5.0,9.0,2.0,3.0,7.0,12.0,1.0,2.0,1.0,4.0,5.0,3.0,3.0,1.0,1.0,1.0,0.0,4.0,22.0,-22.0,66.0,66.7,25.0,16.7,1.1,2.0,0.5,3.4,17.3,9.5,17.6,1.7,3.3,18.9,22.9
2486946,14,981491,C.B. GETAFE,HOME,1582089,J. Parra Baez,J. Parra Baez,0,22.4,1342.0,18.0,3.0,5.0,3.0,6.0,6.0,11.0,3.0,3.0,2.0,3.0,5.0,5.0,1.0,0.0,0.0,0.0,2.0,2.0,22.0,-9.0,73.1,68.2,54.5,27.3,1.2,1.5,1.5,9.4,17.9,13.1,41.7,0.0,0.0,7.5,26.5
2486946,14,981491,C.B. GETAFE,HOME,1820240,P. Arribas Gomez,P. Arribas Gomez,0,7.5,448.0,0.0,0.0,0.0,0.0,3.0,0.0,3.0,0.0,0.0,1.0,0.0,1.0,1.0,0.0,0.0,0.0,0.0,0.0,0.0,-1.0,2.0,0.0,0.0,100.0,0.0,0.0,0.0,0.0,14.0,0.0,7.8,16.7,0.0,0.0,0.0,17.8
2486946,14,981491,C.B. GETAFE,HOME,2816389,J. Nve Maleva,J. Nve Maleva,0,13.0,778.0,4.0,2.0,2.0,0.0,0.0,2.0,2.0,0.0,0.0,1.0,3.0,4.0,0.0,2.0,0.0,0.0,0.0,2.0,0.0,4.0,3.0,100.0,100.0,0.0,0.0,2.0,0.0,0.0,8.1,30.8,18.1,0.0,0.0,0.0,50.0,13.7
2486946,14,981491,C.B. GETAFE,HOME,1876223,A. Montero Isla,A. Montero Isla,1,20.2,1214.0,6.0,0.0,5.0,2.0,2.0,2.0,7.0,0.0,2.0,1.0,1.0,2.0,0.0,0.0,0.0,0.0,0.0,2.0,3.0,2.0,-16.0,38.1,42.9,28.6,28.6,0.0,3.0,0.7,5.2,6.6,5.8,0.0,0.0,0.0,0.0,17.4
2486946,14,981347,PROINBENI UPB GANDIA,AWAY,1824880,G. Perez Ramirez,G. Perez Ramirez,0,23.2,1390.0,6.0,1.0,1.0,1.0,4.0,2.0,5.0,1.0,2.0,2.0,4.0,6.0,2.0,0.0,1.0,1.0,0.0,1.0,1.0,12.0,13.0,51.0,50.0,80.0,40.0,2.0,0.8,2.0,11.5,18.1,15.2,10.5,2.2,4.2,0.0,11.8
2486946,14,981347,PROINBENI UPB GANDIA,AWAY,1837816,C. Hurtado Cervantes,C. Hurtado Cervantes,1,22.5,1351.0,15.0,2.0,5.0,3.0,7.0,5.0,12.0,2.0,2.0,1.0,2.0,3.0,3.0,3.0,0.0,0.0,1.0,3.0,3.0,11.0,5.0,58.2,54.2,58.3,16.7,0.8,1.3,0.7,5.9,9.4,7.8,18.8,0.0,0.0,18.9,32.9
2486946,14,981347,PROINBENI UPB GANDIA,AWAY,2736564,K. Greeley,K. Greeley,1,27.2,1631.0,13.0,5.0,10.0,1.0,3.0,6.0,13.0,0.0,0.0,2.0,3.0,5.0,5.0,0.0,1.0,0.0,1.0,2.0,0.0,15.0,8.0,50.0,50.0,23.1,0.0,1.0,1.0,0.0,9.8,11.6,10.8,27.0,1.9,0.0,0.0,22.3
2486946,14,981347,PROINBENI UPB GANDIA,AWAY,2378347,J. Molina Martinez,J. Molina Martinez,1,19.4,1161.0,3.0,0.0,1.0,1.0,2.0,1.0,3.0,0.0,0.0,0.0,4.0,4.0,3.0,0.0,0.0,0.0,0.0,3.0,2.0,7.0,13.0,50.0,50.0,66.7,0.0,0.0,1.5,0.0,0.0,21.7,12.1,18.2,0.0,0.0,0.0,7.2
2486946,14,981347,PROINBENI UPB GANDIA,AWAY,2711878,D. Ilincic,D. Ilincic,0,12.1,727.0,4.0,1.0,3.0,0.0,0.0,1.0,3.0,2.0,2.0,0.0,3.0,3.0,1.0,4.0,0.0,0.0,0.0,2.0,2.0,2.0,11.0,51.5,33.3,0.0,66.7,0.7,0.0,1.0,0.0,26.1,14.6,10.5,0.0,0.0,50.8,30.3
2486946,14,981347,PROINBENI UPB GANDIA,AWAY,1996333,M. Montilla Diaz,M. Montilla Diaz,1,14.2,849.0,12.0,4.0,4.0,0.0,0.0,4.0,4.0,4.0,5.0,1.0,1.0,2.0,0.0,1.0,0.0,0.0,0.0,2.0,3.0,13.0,8.0,96.8,100.0,0.0,125.0,2.0,0.0,1.7,9.4,7.4,8.3,0.0,0.0,0.0,13.9,23.6
2486946,14,981347,PROINBENI UPB GANDIA,AWAY,1827011,J. Soler Cirujeda,J. Soler Cirujeda,0,20.1,1204.0,18.0,2.0,6.0,3.0,3.0,5.0,9.0,5.0,5.0,1.0,0.0,1.0,4.0,0.0,0.0,0.0,0.0,0.0,4.0,23.0,16.0,80.4,72.2,33.3,55.6,0.7,3.0,1.2,6.6,0.0,2.9,32.0,0.0,0.0,0.0,25.9
2486946,14,981347,PROINBENI UPB GANDIA,AWAY,1857448,J. Santana Luchoro,J. Santana Luchoro,0,18.8,1129.0,8.0,1.0,1.0,2.0,3.0,3.0,4.0,0.0,0.0,1.0,1.0,2.0,0.0,1.0,0.0,1.0,0.0,1.0,0.0,8.0,13.0,100.0,100.0,75.0,0.0,2.0,2.0,0.0,7.1,5.6,6.3,0.0,0.0,5.2,20.0,12.4
2486946,14,981347,PROINBENI UPB GANDIA,AWAY,1851026,A. Bellver Valiente,A. Bellver Valiente,0,18.5,1111.0,16.0,2.0,2.0,4.0,5.0,6.0,7.0,0.0,0.0,0.0,3.0,3.0,3.0,1.0,1.0,0.0,0.0,4.0,0.0,17.0,9.0,114.3,114.3,71.4,0.0,2.0,2.4,0.0,0.0,17.1,9.5,26.1,2.8,0.0,12.5,20.1
2486946,14,981347,PROINBENI UPB GANDIA,AWAY,2034816,J. Climent Figueres,J. Climent Figueres,0,2.9,172.0,0.0,0.0,0.0,0.0,0.0,0.0,0.0,0.0,0.0,0.0,0.0,0.0,0.0,0.0,0.0,0.0,0.0,0.0,0.0,0.0,-2.0,0.0,0.0,0.0,0.0,0.0,0.0,0.0,0.0,0.0,0.0,0.0,0.0,0.0,0.0,0.0
2486946,14,981347,PROINBENI UPB GANDIA,AWAY,2335802,J. Bitjaa Kody,J. Bitjaa Kody,1,21.2,1275.0,6.0,2.0,6.0,0.0,1.0,2.0,7.0,2.0,2.0,1.0,4.0,5.0,1.0,1.0,1.0,0.0,0.0,0.0,1.0,8.0,11.0,38.1,28.6,14.3,28.6,0.7,0.0,2.0,6.3,19.9,13.9,6.5,2.5,0.0,11.3,19.5
2486947,15,981514,SPANISH BASKETBALL ACADEMY,HOME,2643320,T. Trifonov,T. Trifonov,0,4.0,242.0,0.0,0.0,2.0,0.0,0.0,0.0,2.0,0.0,0.0,0.0,0.0,0.0,0.0,2.0,0.0,0.0,0.0,0.0,0.0,-4.0,-7.0,0.0,0.0,0.0,0.0,0.0,0.0,0.0,0.0,0.0,0.0,0.0,0.0,0.0,50.0,40.7
2486947,15,981514,SPANISH BASKETBALL ACADEMY,HOME,2436640,J. Puidet,J. Puidet,0,21.6,1294.0,7.0,2.0,4.0,1.0,3.0,3.0,7.0,0.0,1.0,3.0,6.0,9.0,3.0,0.0,2.0,0.0,0.0,1.0,0.0,15.0,13.0,47.0,50.0,42.9,14.3,1.0,1.0,0.0,13.2,30.0,21.1,23.1,4.9,0.0,0.0,14.0
2486947,15,981514,SPANISH BASKETBALL ACADEMY,HOME,2312124,S. Traore,S. Traore,0,13.0,780.0,3.0,1.0,4.0,0.0,0.0,1.0,4.0,1.0,2.0,5.0,1.0,6.0,1.0,1.0,1.0,0.0,1.0,4.0,1.0,3.0,-10.0,30.7,25.0,0.0,50.0,0.5,0.0,2.0,36.6,8.3,23.4,11.6,4.1,0.0,17.0,18.4
2486947,15,981514,SPANISH BASKETBALL ACADEMY,HOME,1990032,M. Echeverria Fernandez,M. Echeverria Fernandez,0,22.2,1333.0,6.0,2.0,3.0,0.0,1.0,2.0,4.0,2.0,2.0,3.0,2.0,5.0,2.0,1.0,0.0,0.0,0.0,0.0,2.0,12.0,10.0,61.5,50.0,25.0,50.0,1.3,0.0,1.0,12.9,9.7,11.4,11.6,0.0,0.0,17.0,10.8
2486947,15,981514,SPANISH BASKETBALL ACADEMY,HOME,2481590,A. Butko,A. Butko,0,5.7,344.0,4.0,1.0,2.0,0.0,1.0,1.0,3.0,2.0,2.0,0.0,1.0,1.0,0.0,0.0,0.0,0.0,0.0,0.0,1.0,4.0,-5.0,51.5,33.3,33.3,66.7,1.0,0.0,2.0,0.0,19.0,8.9,0.0,0.0,0.0,0.0,27.7
2486947,15,981514,SPANISH BASKETBALL ACADEMY,HOME,2846994,K. Curfman,K. Curfman,1,22.2,1334.0,16.0,2.0,3.0,4.0,9.0,6.0,12.0,0.0,1.0,0.0,1.0,1.0,4.0,0.0,0.0,0.0,0.0,2.0,2.0,14.0,22.0,64.3,66.7,75.0,8.3,1.3,1.3,0.5,0.0,4.9,2.3,30.3,0.0,0.0,0.0,22.8
2486947,15,981514,SPANISH BASKETBALL ACADEMY,HOME,2203181,J. Ortega Mora,J. Ortega Mora,0,3.1,188.0,3.0,0.0,0.0,1.0,2.0,1.0,2.0,0.0,0.0,0.0,0.0,0.0,0.0,0.0,0.0,0.0,0.0,0.0,0.0,2.0,-3.0,75.0,75.0,100.0,0.0,0.0,1.5,0.0,0.0,0.0,0.0,0.0,0.0,0.0,0.0,26.2
2486947,15,981514,SPANISH BASKETBALL ACADEMY,HOME,2065452,J. Santano Bartolome,J. Santano Bartolome,1,12.9,775.0,3.0,1.0,2.0,0.0,0.0,1.0,2.0,1.0,2.0,1.0,2.0,3.0,1.0,0.0,1.0,0.0,0.0,3.0,1.0,4.0,14.0,52.1,50.0,0.0,100.0,1.0,0.0,2.0,7.4,16.8,11.8,11.6,4.1,0.0,0.0,9.1
2486947,15,981514,SPANISH BASKETBALL ACADEMY,HOME,1374966,A. Moreno Trujillo,A. Moreno Trujillo,0,13.4,806.0,3.0,0.0,3.0,1.0,5.0,1.0,8.0,0.0,0.0,2.0,2.0,4.0,2.0,0.0,0.0,0.0,1.0,5.0,0.0,-3.0,4.0,18.8,18.8,62.5,0.0,0.0,0.6,0.0,14.2,16.1,15.1,23.3,0.0,0.0,0.0,24.3
2486947,15,981514,SPANISH BASKETBALL ACADEMY,HOME,2816737,D. Simeunovic,D. Simeunovic,1,31.3,1880.0,14.0,3.0,10.0,2.0,4.0,5.0,14.0,2.0,2.0,2.0,6.0,8.0,2.0,5.0,4.0,1.0,0.0,2.0,2.0,15.0,26.0,47.0,42.9,28.6,14.3,0.6,1.5,1.0,6.1,20.7,12.9,9.7,6.8,2.9,25.2,25.8
2486947,15,981514,SPANISH BASKETBALL ACADEMY,HOME,2752020,E. Medina Roa,E. Medina Roa,1,17.9,1072.0,11.0,5.0,6.0,0.0,0.0,5.0,6.0,1.0,2.0,2.0,4.0,6.0,0.0,2.0,0.0,2.0,0.0,3.0,3.0,15.0,18.0,79.9,83.3,0.0,33.3,1.7,0.0,0.7,10.6,24.2,17.0,0.0,0.0,10.2,22.5,20.2
2486947,15,981514,SPANISH BASKETBALL ACADEMY,HOME,1825944,R. Garcia Salame,R. Garcia Salame,1,32.5,1952.0,19.0,3.0,5.0,3.0,8.0,6.0,13.0,4.0,5.0,0.0,2.0,2.0,9.0,2.0,4.0,0.0,0.0,1.0,6.0,29.0,33.0,62.5,57.7,61.5,38.5,1.2,1.1,0.8,0.0,6.7,3.1,45.9,6.6,0.0,11.6,21.5
2486947,15,981491,C.B. GETAFE,AWAY,1223461,J. Tejera Tejo,J. Tejera Tejo,0,16.9,1011.0,0.0,0.0,2.0,0.0,1.0,0.0,3.0,0.0,0.0,1.0,1.0,2.0,0.0,1.0,0.0,0.0,0.0,0.0,0.0,-2.0,-4.0,0.0,0.0,33.3,0.0,0.0,0.0,0.0,6.4,5.6,6.0,0.0,0.0,0.0,25.0,11.1
2486947,15,981491,C.B. GETAFE,AWAY,2816388,M. Abdulsalam,M. Abdulsalam,1,21.0,1258.0,12.0,2.0,7.0,0.0,1.0,2.0,8.0,8.0,10.0,2.0,9.0,11.0,1.0,2.0,0.0,1.0,1.0,4.0,8.0,19.0,1.0,48.4,25.0,12.5,125.0,0.6,0.0,1.2,10.3,40.8,26.5,10.5,0.0,4.3,13.9,32.2
2486947,15,981491,C.B. GETAFE,AWAY,1789964,E. Ortiz Torres,E. Ortiz Torres,0,13.3,796.0,6.0,2.0,4.0,0.0,0.0,2.0,4.0,2.0,2.0,0.0,0.0,0.0,0.0,0.0,0.0,1.0,0.0,2.0,1.0,4.0,-2.0,61.5,50.0,0.0,50.0,1.0,0.0,2.0,0.0,0.0,0.0,0.0,0.0,6.8,0.0,17.2
2486947,15,981491,C.B. GETAFE,AWAY,2816390,A. Akinwole,A. Akinwole,1,23.5,1411.0,20.0,7.0,12.0,2.0,4.0,9.0,16.0,0.0,0.0,1.0,1.0,2.0,2.0,0.0,1.0,0.0,1.0,4.0,0.0,14.0,-7.0,62.5,62.5,25.0,0.0,1.2,1.5,0.0,4.6,4.1,4.3,41.7,2.1,0.0,0.0,32.0
2486947,15,981491,C.B. GETAFE,AWAY,2815898,C. Henderson,C. Henderson,0,4.0,243.0,0.0,0.0,0.0,0.0,0.0,0.0,0.0,0.0,0.0,0.0,0.0,0.0,0.0,0.0,1.0,0.0,0.0,0.0,0.0,1.0,-2.0,0.0,0.0,0.0,0.0,0.0,0.0,0.0,0.0,0.0,0.0,0.0,12.4,0.0,0.0,0.0
2486947,15,981491,C.B. GETAFE,AWAY,1328788,M. Alvarez Puertas,M. Alvarez Puertas,1,22.6,1358.0,2.0,1.0,2.0,0.0,3.0,1.0,5.0,0.0,0.0,0.0,2.0,2.0,2.0,1.0,0.0,0.0,0.0,0.0,1.0,2.0,-22.0,20.0,20.0,60.0,0.0,1.0,0.0,0.0,0.0,8.4,4.5,15.6,0.0,0.0,16.7,12.5
2486947,15,981491,C.B. GETAFE,AWAY,1674978,G. Mulero Maldonado,G. Mulero Maldonado,0,26.9,1614.0,15.0,3.0,5.0,2.0,2.0,5.0,7.0,3.0,3.0,1.0,3.0,4.0,4.0,7.0,1.0,0.0,0.0,1.0,5.0,19.0,-13.0,90.1,85.7,28.6,42.9,1.2,3.0,0.6,4.0,10.6,7.5,36.0,1.9,0.0,45.7,26.8
2486947,15,981491,C.B. GETAFE,AWAY,1582089,J. Parra Baez,J. Parra Baez,1,23.7,1423.0,2.0,1.0,6.0,0.0,2.0,1.0,8.0,0.0,2.0,0.0,3.0,3.0,1.0,3.0,1.0,0.0,0.0,0.0,1.0,-4.0,-23.0,11.3,12.5,25.0,25.0,0.3,0.0,2.0,0.0,12.1,6.4,7.8,2.1,0.0,25.3,23.6
2486947,15,981491,C.B. GETAFE,AWAY,1820240,P. Arribas Gomez,P. Arribas Gomez,0,7.5,453.0,0.0,0.0,0.0,0.0,1.0,0.0,1.0,0.0,0.0,0.0,0.0,0.0,0.0,0.0,0.0,0.0,0.0,1.0,0.0,-2.0,1.0,0.0,0.0,100.0,0.0,0.0,0.0,0.0,0.0,0.0,0.0,0.0,0.0,0.0,0.0,6.3
2486947,15,981491,C.B. GETAFE,AWAY,2816389,J. Nve Maleva,J. Nve Maleva,0,21.1,1267.0,4.0,1.0,4.0,0.0,0.0,1.0,4.0,2.0,6.0,4.0,5.0,9.0,0.0,2.0,0.0,0.0,1.0,4.0,4.0,4.0,-20.0,30.1,25.0,0.0,150.0,0.5,0.0,1.5,20.5,22.6,21.6,0.0,0.0,0.0,23.1,19.2
2486947,15,981491,C.B. GETAFE,AWAY,1876223,A. Montero Isla,A. Montero Isla,1,19.4,1166.0,5.0,1.0,2.0,1.0,1.0,2.0,3.0,0.0,0.0,1.0,0.0,1.0,4.0,0.0,0.0,0.0,0.0,2.0,1.0,8.0,-24.0,83.3,83.3,33.3,0.0,1.0,3.0,0.0,5.6,0.0,2.6,42.1,0.0,0.0,0.0,7.3
2486948,15,981347,PROINBENI UPB GANDIA,HOME,1824880,G. Perez Ramirez,G. Perez Ramirez,0,22.9,1373.0,7.0,3.0,4.0,0.0,4.0,3.0,8.0,1.0,2.0,1.0,2.0,3.0,1.0,0.0,0.0,0.0,0.0,0.0,1.0,6.0,1.0,39.4,37.5,50.0,25.0,1.5,0.0,2.0,5.5,10.9,8.2,7.9,0.0,0.0,0.0,18.6
2486948,15,981347,PROINBENI UPB GANDIA,HOME,2736564,K. Greeley,K. Greeley,1,27.8,1666.0,17.0,6.0,11.0,1.0,2.0,7.0,13.0,2.0,2.0,1.0,4.0,5.0,0.0,2.0,1.0,0.0,2.0,2.0,2.0,15.0,-3.0,61.2,57.7,15.4,15.4,1.1,1.5,1.0,4.5,18.0,11.2,0.0,1.9,0.0,12.6,27.4
2486948,15,981347,PROINBENI UPB GANDIA,HOME,2378347,J. Molina Martinez,J. Molina Martinez,0,27.8,1670.0,3.0,0.0,0.0,1.0,2.0,1.0,2.0,0.0,0.0,0.0,5.0,5.0,1.0,2.0,3.0,0.0,0.0,3.0,2.0,8.0,-1.0,75.0,75.0,100.0,0.0,0.0,1.5,0.0,0.0,22.5,11.2,5.8,5.6,0.0,50.0,6.9
2486948,15,981347,PROINBENI UPB GANDIA,HOME,1673764,L. Ferrando Ortells,L. Ferrando Ortells,0,26.7,1601.0,10.0,3.0,10.0,0.0,2.0,3.0,12.0,4.0,4.0,0.0,1.0,1.0,6.0,4.0,3.0,0.0,1.0,5.0,4.0,6.0,-10.0,36.3,25.0,16.7,33.3,0.6,0.0,1.0,0.0,4.7,2.3,39.5,5.8,0.0,22.5,31.9
2486948,15,981347,PROINBENI UPB GANDIA,HOME,2711878,D. Ilincic,D. Ilincic,0,12.7,764.0,6.0,3.0,5.0,0.0,0.0,3.0,5.0,0.0,0.0,1.0,0.0,1.0,0.0,0.0,1.0,0.0,1.0,1.0,0.0,5.0,4.0,60.0,60.0,0.0,0.0,1.2,0.0,0.0,9.8,0.0,4.9,0.0,4.1,0.0,0.0,18.9
2486948,15,981347,PROINBENI UPB GANDIA,HOME,1996333,M. Montilla Diaz,M. Montilla Diaz,1,13.6,818.0,1.0,0.0,1.0,0.0,0.0,0.0,1.0,1.0,2.0,0.0,1.0,1.0,0.0,5.0,0.0,0.0,0.0,3.0,2.0,-6.0,-10.0,26.6,0.0,0.0,200.0,0.0,0.0,1.0,0.0,9.2,4.6,0.0,0.0,0.0,72.7,24.2
2486948,15,981347,PROINBENI UPB GANDIA,HOME,1827011,J. Soler Cirujeda,J. Soler Cirujeda,1,18.3,1097.0,13.0,4.0,5.0,1.0,3.0,5.0,8.0,2.0,3.0,0.0,3.0,3.0,3.0,3.0,1.0,0.0,0.0,3.0,3.0,13.0,0.0,69.7,68.8,37.5,37.5,1.6,1.0,1.0,0.0,20.5,10.2,37.5,2.8,0.0,24.4,32.3
2486948,15,981347,PROINBENI UPB GANDIA,HOME,1857448,J. Santana Luchoro,J. Santana Luchoro,1,15.2,914.0,2.0,1.0,3.0,0.0,0.0,1.0,3.0,0.0,0.0,0.0,2.0,2.0,0.0,0.0,1.0,0.0,0.0,1.0,0.0,2.0,-16.0,33.3,33.3,0.0,0.0,0.7,0.0,0.0,0.0,16.4,8.2,0.0,3.4,0.0,0.0,9.5
2486948,15,981347,PROINBENI UPB GANDIA,HOME,1851026,A. Bellver Valiente,A. Bellver Valiente,0,10.9,653.0,0.0,0.0,0.0,0.0,1.0,0.0,1.0,0.0,0.0,0.0,0.0,0.0,0.0,0.0,0.0,0.0,0.0,2.0,0.0,-3.0,-2.0,0.0,0.0,100.0,0.0,0.0,0.0,0.0,0.0,0.0,0.0,0.0,0.0,0.0,0.0,4.4
2486948,15,981347,PROINBENI UPB GANDIA,HOME,2335802,J. Bitjaa Kody,J. Bitjaa Kody,1,24.1,1444.0,10.0,1.0,4.0,2.0,2.0,3.0,6.0,2.0,4.0,3.0,4.0,7.0,1.0,1.0,1.0,0.0,1.0,2.0,4.0,15.0,-3.0,64.4,66.7,33.3,66.7,0.5,3.0,1.0,15.6,20.7,18.2,7.9,2.1,0.0,11.4,17.4
2486948,15,979996,AMICS CASTELLÓ,AWAY,2149001,R. Fabrega Urpina,R. Fabrega Urpina,0,22.3,1337.0,6.0,1.0,4.0,1.0,3.0,2.0,7.0,1.0,2.0,0.0,3.0,3.0,4.0,4.0,2.0,0.0,0.0,1.0,4.0,8.0,10.0,38.1,35.7,42.9,28.6,0.5,1.0,0.5,0.0,16.8,8.4,29.4,4.6,0.0,33.7,24.4
2486948,15,979996,AMICS CASTELLÓ,AWAY,273780,J. Faner Catala,J. Faner Catala,1,18.5,1111.0,12.0,2.0,4.0,2.0,3.0,4.0,7.0,2.0,2.0,2.0,2.0,4.0,5.0,2.0,0.0,0.0,0.0,2.0,3.0,17.0,4.0,76.1,71.4,42.9,28.6,1.0,2.0,0.7,13.5,13.5,13.5,55.6,0.0,0.0,20.2,24.5
2486948,15,979996,AMICS CASTELLÓ,AWAY,2818901,O. Russell,O. Russell,1,25.6,1539.0,7.0,1.0,2.0,1.0,4.0,2.0,6.0,2.0,2.0,1.0,2.0,3.0,6.0,1.0,1.0,1.0,0.0,2.0,3.0,14.0,10.0,50.9,41.7,66.7,33.3,1.0,0.8,0.7,4.9,9.8,7.3,44.1,2.0,3.6,12.7,14.1
2486948,15,979996,AMICS CASTELLÓ,AWAY,2816147,D. Bah,D. Bah,0,24.2,1453.0,4.0,1.0,4.0,0.0,0.0,1.0,4.0,2.0,2.0,2.0,2.0,4.0,2.0,2.0,1.0,1.0,0.0,3.0,2.0,6.0,11.0,41.0,25.0,0.0,50.0,0.5,0.0,1.0,10.3,10.3,10.3,13.7,2.1,3.8,29.1,13.0
2486948,15,979996,AMICS CASTELLÓ,AWAY,1817496,P. Garcia Carrero,P. Garcia Carrero,0,25.6,1534.0,12.0,4.0,6.0,0.0,1.0,4.0,7.0,4.0,4.0,0.0,8.0,8.0,1.0,2.0,0.0,1.0,0.0,4.0,2.0,15.0,10.0,68.5,57.1,14.3,57.1,1.3,0.0,2.0,0.0,39.1,19.5,8.6,0.0,3.6,18.6,19.2
2486948,15,979996,AMICS CASTELLÓ,AWAY,2816738,K. Newton,K. Newton,0,17.1,1024.0,13.0,1.0,1.0,3.0,8.0,4.0,9.0,2.0,4.0,1.0,1.0,2.0,0.0,0.0,0.0,0.0,0.0,0.0,2.0,10.0,-7.0,60.4,61.1,88.9,44.4,2.0,1.1,2.0,7.3,7.3,7.3,0.0,0.0,0.0,0.0,28.8
2486948,15,979996,AMICS CASTELLÓ,AWAY,2743181,K.  Baoko,K.  Baoko,1,10.8,651.0,4.0,2.0,4.0,0.0,0.0,2.0,4.0,0.0,1.0,1.0,1.0,2.0,0.0,0.0,0.0,2.0,0.0,3.0,2.0,4.0,3.0,45.0,50.0,0.0,25.0,1.0,0.0,0.5,11.6,11.6,11.6,0.0,0.0,17.2,0.0,18.8
2486948,15,979996,AMICS CASTELLÓ,AWAY,2641325,M. Andreatta,M. Andreatta,1,28.3,1696.0,7.0,1.0,4.0,1.0,5.0,2.0,9.0,2.0,2.0,3.0,5.0,8.0,0.0,3.0,2.0,0.0,0.0,2.0,3.0,8.0,8.0,35.4,27.8,55.6,22.2,0.5,0.6,0.7,13.3,22.1,17.7,0.0,3.6,0.0,23.3,20.8
2486948,15,979996,AMICS CASTELLÓ,AWAY,1627889,A. Tamayo Lesmes,A. Tamayo Lesmes,1,27.6,1655.0,12.0,3.0,3.0,2.0,7.0,5.0,10.0,0.0,0.0,0.0,2.0,2.0,1.0,2.0,2.0,0.0,0.0,1.0,1.0,10.0,-9.0,60.0,60.0,70.0,0.0,2.0,0.9,0.0,0.0,9.1,4.5,7.6,3.7,0.0,16.7,19.9
2486949,15,981358,CIUDAD MOLINA BASKET,HOME,2816300,A. Duval,A. Duval,1,20.1,1205.0,7.0,1.0,3.0,0.0,5.0,1.0,8.0,5.0,7.0,0.0,1.0,1.0,0.0,0.0,0.0,0.0,1.0,2.0,4.0,1.0,-14.0,31.6,12.5,62.5,87.5,0.7,0.0,1.8,0.0,7.7,3.7,0.0,0.0,0.0,0.0,27.4
2486949,15,981358,CIUDAD MOLINA BASKET,HOME,1899744,J. Cascales Fernandez,J. Cascales Fernandez,0,4.0,243.0,0.0,0.0,0.0,0.0,0.0,0.0,0.0,0.0,0.0,0.0,0.0,0.0,1.0,1.0,1.0,0.0,0.0,0.0,0.0,1.0,-1.0,0.0,0.0,0.0,0.0,0.0,0.0,0.0,0.0,0.0,0.0,37.0,13.1,0.0,100.0,12.4
2486949,15,981358,CIUDAD MOLINA BASKET,HOME,1532799,R. Timoner Gimenez,R. Timoner Gimenez,0,29.6,1778.0,5.0,2.0,6.0,0.0,3.0,2.0,9.0,1.0,2.0,1.0,3.0,4.0,6.0,4.0,1.0,0.0,0.0,3.0,2.0,3.0,-7.0,25.3,22.2,33.3,22.2,0.7,0.0,1.0,4.8,15.7,10.0,35.5,1.8,0.0,28.8,23.3
2486949,15,981358,CIUDAD MOLINA BASKET,HOME,2146670,P. Campeny Lloveras,P. Campeny Lloveras,1,31.0,1858.0,22.0,2.0,5.0,3.0,7.0,5.0,12.0,9.0,9.0,0.0,3.0,3.0,2.0,2.0,1.0,0.0,1.0,4.0,5.0,20.0,-6.0,68.9,54.2,58.3,75.0,0.8,1.3,1.8,0.0,15.0,7.1,14.4,1.7,0.0,11.1,28.8
2486949,15,981358,CIUDAD MOLINA BASKET,HOME,1514342,R. Martínez-Quintanilla Jiménez,R. Martínez-Quintanilla Jiménez,0,16.6,999.0,11.0,1.0,1.0,3.0,4.0,4.0,5.0,0.0,0.0,1.0,0.0,1.0,2.0,0.0,0.0,0.0,0.0,3.0,0.0,10.0,-5.0,110.0,110.0,80.0,0.0,2.0,2.2,0.0,8.5,0.0,4.4,29.4,0.0,0.0,0.0,15.0
2486949,15,981358,CIUDAD MOLINA BASKET,HOME,2864918,H. Kabasele Kasonga,H. Kabasele Kasonga,0,16.8,1007.0,5.0,2.0,2.0,0.0,0.0,2.0,2.0,1.0,2.0,1.0,2.0,3.0,0.0,1.0,0.0,1.0,0.0,2.0,1.0,6.0,0.0,86.8,100.0,0.0,100.0,2.0,0.0,2.0,8.4,18.5,13.2,0.0,0.0,7.7,25.8,11.5
2486949,15,981358,CIUDAD MOLINA BASKET,HOME,2816662,G. Miladinovic,G. Miladinovic,1,13.2,793.0,7.0,3.0,5.0,0.0,0.0,3.0,5.0,1.0,1.0,1.0,1.0,2.0,0.0,1.0,0.0,0.0,0.0,1.0,2.0,7.0,-9.0,64.3,60.0,0.0,20.0,1.2,0.0,0.5,10.7,11.8,11.2,0.0,0.0,0.0,15.5,24.2
2486949,15,981358,CIUDAD MOLINA BASKET,HOME,1994360,U. Zamora Maña,U. Zamora Maña,0,5.1,308.0,2.0,1.0,1.0,0.0,1.0,1.0,2.0,0.0,0.0,1.0,0.0,1.0,0.0,0.0,0.0,0.0,0.0,0.0,0.0,2.0,-4.0,50.0,50.0,50.0,0.0,2.0,0.0,0.0,27.6,0.0,14.5,0.0,0.0,0.0,0.0,19.5
2486949,15,981358,CIUDAD MOLINA BASKET,HOME,2042118,F. Hernandez Martinez,F. Hernandez Martinez,0,31.8,1907.0,9.0,1.0,3.0,2.0,5.0,3.0,8.0,1.0,2.0,1.0,3.0,4.0,3.0,2.0,2.0,0.0,0.0,3.0,2.0,9.0,-1.0,50.7,50.0,62.5,25.0,0.7,1.2,1.0,4.4,14.6,9.3,18.9,3.3,0.0,18.4,17.0
2486949,15,981358,CIUDAD MOLINA BASKET,HOME,2816661,M. Mukendi Mukendi,M. Mukendi Mukendi,0,30.9,1851.0,16.0,3.0,4.0,1.0,2.0,4.0,6.0,7.0,8.0,1.0,8.0,9.0,0.0,1.0,1.0,1.0,0.0,1.0,5.0,27.0,-1.0,84.0,75.0,33.3,133.3,1.5,1.5,1.6,4.6,40.2,21.5,0.0,1.7,4.2,9.5,16.9
2486949,15,981358,CIUDAD MOLINA BASKET,HOME,1439463,C. Toledo Zamora,C. Toledo Zamora,1,10.2,612.0,0.0,0.0,1.0,0.0,0.0,0.0,1.0,0.0,0.0,1.0,3.0,4.0,0.0,0.0,0.0,0.0,1.0,1.0,2.0,4.0,-3.0,0.0,0.0,0.0,0.0,0.0,0.0,0.0,13.8,45.6,28.9,0.0,0.0,0.0,0.0,4.9
2486949,15,981358,CIUDAD MOLINA BASKET,HOME,2032122,J. Tavelli,J. Tavelli,1,15.7,939.0,4.0,2.0,4.0,0.0,2.0,2.0,6.0,0.0,0.0,2.0,2.0,4.0,6.0,1.0,1.0,0.0,0.0,3.0,1.0,8.0,-4.0,33.3,33.3,33.3,0.0,1.0,0.0,0.0,17.9,19.8,18.8,98.4,3.3,0.0,14.3,22.1
2486949,15,981294,C.B. ZARAGOZA,AWAY,1802050,D. Muñoz Samatan,D. Muñoz Samatan,0,13.7,823.0,3.0,1.0,1.0,0.0,1.0,1.0,2.0,1.0,2.0,0.0,3.0,3.0,3.0,2.0,1.0,0.0,0.0,3.0,1.0,4.0,2.0,52.1,50.0,50.0,100.0,2.0,0.0,2.0,0.0,30.8,16.2,30.6,4.1,0.0,41.0,18.1
2486949,15,981294,C.B. ZARAGOZA,AWAY,1798932,D. Arjol Lopez,D. Arjol Lopez,0,27.8,1668.0,4.0,2.0,4.0,0.0,3.0,2.0,7.0,0.0,0.0,0.0,1.0,1.0,3.0,1.0,1.0,0.0,1.0,1.0,1.0,3.0,12.0,28.6,28.6,42.9,0.0,1.0,0.0,0.0,0.0,5.1,2.7,15.3,2.0,0.0,12.5,14.6
2486949,15,981294,C.B. ZARAGOZA,AWAY,1250976,O. Alvarado Rodriguez,O. Alvarado Rodriguez,1,34.9,2093.0,12.0,0.0,0.0,4.0,6.0,4.0,6.0,0.0,2.0,0.0,3.0,3.0,7.0,2.0,2.0,0.0,0.0,1.0,4.0,21.0,9.0,87.2,100.0,100.0,33.3,0.0,2.0,0.5,0.0,12.1,6.3,28.2,3.2,0.0,22.5,12.9
2486949,15,981294,C.B. ZARAGOZA,AWAY,361567,E. Gatell Sanz,E. Gatell Sanz,1,33.4,2003.0,15.0,7.0,10.0,0.0,1.0,7.0,11.0,1.0,1.0,1.0,2.0,3.0,1.0,1.0,0.0,3.0,0.0,5.0,1.0,13.0,6.0,65.6,63.6,9.1,9.1,1.4,0.0,1.0,4.6,8.4,6.6,5.5,0.0,11.5,8.0,18.9
2486949,15,981294,C.B. ZARAGOZA,AWAY,1861515,P. Aso Jimenez,P. Aso Jimenez,1,12.4,746.0,0.0,0.0,1.0,0.0,3.0,0.0,4.0,0.0,0.0,0.0,2.0,2.0,0.0,0.0,1.0,0.0,0.0,3.0,0.0,-4.0,2.0,0.0,0.0,75.0,0.0,0.0,0.0,0.0,0.0,22.7,11.9,0.0,4.5,0.0,0.0,16.3
2486949,15,981294,C.B. ZARAGOZA,AWAY,1446949,J. Jiménez Jiménez,J. Jiménez Jiménez,1,27.9,1671.0,18.0,1.0,2.0,3.0,6.0,4.0,8.0,7.0,10.0,1.0,4.0,5.0,3.0,1.0,0.0,0.0,0.0,2.0,6.0,22.0,6.0,72.6,68.8,75.0,125.0,1.0,1.5,1.7,5.6,20.2,13.2,17.0,0.0,0.0,7.5,24.3
2486949,15,981294,C.B. ZARAGOZA,AWAY,2704882,Y. Kolo,Y. Kolo,0,24.1,1447.0,9.0,4.0,5.0,0.0,1.0,4.0,6.0,1.0,1.0,1.0,1.0,2.0,3.0,1.0,0.0,0.0,0.0,4.0,3.0,10.0,4.0,69.9,66.7,16.7,16.7,1.6,0.0,0.3,6.4,5.8,6.1,21.4,0.0,0.0,13.4,15.6
2486949,15,981294,C.B. ZARAGOZA,AWAY,2815312,J. Zhao Olmos,J. Zhao Olmos,1,38.0,2277.0,29.0,6.0,7.0,5.0,12.0,11.0,19.0,2.0,2.0,0.0,5.0,5.0,3.0,0.0,1.0,0.0,1.0,2.0,4.0,32.0,12.0,72.9,71.1,63.2,10.5,1.7,1.2,0.5,0.0,18.5,9.7,16.9,1.5,0.0,0.0,26.5
2486949,15,981294,C.B. ZARAGOZA,AWAY,1556128,G. Colom Barrufet,G. Colom Barrufet,0,12.9,772.0,9.0,2.0,5.0,1.0,3.0,3.0,8.0,2.0,2.0,0.0,1.0,1.0,1.0,1.0,1.0,0.0,0.0,3.0,2.0,5.0,2.0,50.7,43.8,37.5,25.0,0.8,1.0,1.0,0.0,10.9,5.7,12.8,4.3,0.0,10.1,38.8
2486950,15,981490,CLUB ESPORTIU BÀSQUET LLÍRIA,HOME,2274877,K. Clement Aigbogun,K. Clement Aigbogun,0,21.3,1278.0,11.0,0.0,2.0,3.0,7.0,3.0,9.0,2.0,4.0,1.0,2.0,3.0,0.0,1.0,1.0,1.0,1.0,0.0,2.0,9.0,-9.0,51.1,50.0,77.8,44.4,0.0,1.3,2.0,4.7,10.4,7.4,0.0,2.6,5.1,8.5,24.0
2486950,15,981490,CLUB ESPORTIU BÀSQUET LLÍRIA,HOME,2665346,D. Kandulu,D. Kandulu,1,12.4,742.0,1.0,0.0,0.0,0.0,0.0,0.0,0.0,1.0,2.0,1.0,7.0,8.0,0.0,5.0,1.0,0.0,0.0,4.0,3.0,3.0,-3.0,56.8,0.0,0.0,0.0,0.0,0.0,0.7,8.1,62.7,34.0,0.0,4.4,0.0,85.0,20.6
2486950,15,981490,CLUB ESPORTIU BÀSQUET LLÍRIA,HOME,1995160,D. Rivas Palmer,D. Rivas Palmer,1,22.1,1323.0,14.0,4.0,7.0,2.0,5.0,6.0,12.0,0.0,0.0,0.0,1.0,1.0,1.0,1.0,1.0,1.0,0.0,1.0,1.0,11.0,11.0,58.3,58.3,41.7,0.0,1.1,1.2,0.0,0.0,5.0,2.4,11.9,2.5,4.9,7.7,25.6
2486950,15,981490,CLUB ESPORTIU BÀSQUET LLÍRIA,HOME,1882178,J. Palamos Molins,J. Palamos Molins,0,12.7,762.0,2.0,1.0,2.0,0.0,2.0,1.0,4.0,0.0,0.0,1.0,1.0,2.0,3.0,2.0,0.0,0.0,0.0,3.0,0.0,-1.0,10.0,25.0,25.0,50.0,0.0,1.0,0.0,0.0,7.9,8.7,8.3,48.4,0.0,0.0,33.3,20.5
2486950,15,981490,CLUB ESPORTIU BÀSQUET LLÍRIA,HOME,1560358,A. Meana Perez,A. Meana Perez,1,30.9,1857.0,5.0,0.0,2.0,1.0,11.0,1.0,13.0,2.0,4.0,3.0,1.0,4.0,4.0,1.0,0.0,0.0,0.0,2.0,4.0,0.0,-8.0,16.9,11.5,84.6,30.8,0.0,0.3,1.0,9.7,3.6,6.8,22.0,0.0,0.0,6.3,22.2
2486950,15,981490,CLUB ESPORTIU BÀSQUET LLÍRIA,HOME,1257494,V. Perez Tomas,V. Perez Tomas,0,22.0,1318.0,13.0,2.0,4.0,3.0,6.0,5.0,10.0,0.0,0.0,0.0,3.0,3.0,6.0,2.0,0.0,0.0,0.0,3.0,1.0,13.0,8.0,65.0,65.0,60.0,0.0,1.0,1.5,0.0,0.0,15.2,7.2,63.8,0.0,0.0,16.7,23.7
2486950,15,981490,CLUB ESPORTIU BÀSQUET LLÍRIA,HOME,1761293,P. Bono Soler,P. Bono Soler,0,12.9,772.0,0.0,0.0,0.0,0.0,0.0,0.0,0.0,0.0,0.0,0.0,4.0,4.0,1.0,0.0,0.0,2.0,0.0,0.0,0.0,7.0,15.0,0.0,0.0,0.0,0.0,0.0,0.0,0.0,0.0,34.5,16.3,13.9,0.0,16.8,0.0,0.0
2486950,15,981490,CLUB ESPORTIU BÀSQUET LLÍRIA,HOME,2184821,M. Enabulele Ogunsuyi,M. Enabulele Ogunsuyi,0,27.6,1655.0,10.0,4.0,6.0,0.0,0.0,4.0,6.0,2.0,6.0,8.0,5.0,13.0,2.0,0.0,1.0,1.0,0.0,1.0,5.0,25.0,5.0,57.9,66.7,0.0,100.0,1.3,0.0,1.2,29.0,20.1,24.8,15.6,2.0,3.9,0.0,13.6
2486950,15,981490,CLUB ESPORTIU BÀSQUET LLÍRIA,HOME,1702333,E. Herrera Sauret,E. Herrera Sauret,1,16.1,964.0,3.0,0.0,3.0,1.0,5.0,1.0,8.0,0.0,0.0,0.0,0.0,0.0,2.0,2.0,2.0,0.0,1.0,1.0,1.0,-2.0,-9.0,18.8,18.8,62.5,0.0,0.0,0.6,0.0,0.0,0.0,0.0,23.3,6.8,0.0,20.0,27.0
2486950,15,981490,CLUB ESPORTIU BÀSQUET LLÍRIA,HOME,2222436,S. Gallego Mogro,S. Gallego Mogro,1,22.1,1329.0,6.0,3.0,6.0,0.0,2.0,3.0,8.0,0.0,0.0,3.0,3.0,6.0,0.0,1.0,0.0,0.0,2.0,1.0,1.0,6.0,-10.0,37.5,37.5,25.0,0.0,1.0,0.0,0.0,13.6,15.1,14.3,0.0,0.0,0.0,11.1,17.7
2486950,15,981207,OCA GLOBAL C.B. SALOU,AWAY,2451495,D. Knowles,D. Knowles,0,23.4,1406.0,8.0,4.0,5.0,0.0,0.0,4.0,5.0,0.0,2.0,2.0,1.0,3.0,1.0,1.0,0.0,1.0,0.0,2.0,2.0,9.0,-2.0,68.0,80.0,0.0,40.0,1.6,0.0,1.0,9.5,4.3,6.7,9.1,0.0,5.3,14.5,14.3
2486950,15,981207,OCA GLOBAL C.B. SALOU,AWAY,2284777,C. Knowles,C. Knowles,1,27.3,1636.0,11.0,2.0,6.0,2.0,5.0,4.0,11.0,1.0,1.0,1.0,4.0,5.0,2.0,3.0,0.0,3.0,1.0,1.0,3.0,13.0,-2.0,48.1,45.5,45.5,9.1,0.7,1.2,0.3,4.1,14.7,9.6,14.8,0.0,13.7,20.8,25.8
2486950,15,981207,OCA GLOBAL C.B. SALOU,AWAY,2715040,B. Traore,B. Traore,0,23.0,1378.0,7.0,1.0,3.0,1.0,4.0,2.0,7.0,2.0,2.0,0.0,5.0,5.0,1.0,1.0,0.0,0.0,1.0,2.0,1.0,6.0,5.0,44.4,35.7,57.1,28.6,0.7,0.8,2.0,0.0,21.7,11.4,7.7,0.0,0.0,11.3,18.8
2486950,15,981207,OCA GLOBAL C.B. SALOU,AWAY,1271466,D. Cuellar Garcia,D. Cuellar Garcia,0,12.8,767.0,4.0,2.0,4.0,0.0,2.0,2.0,6.0,0.0,0.0,0.0,1.0,1.0,0.0,0.0,0.0,0.0,1.0,0.0,1.0,2.0,0.0,33.3,33.3,33.3,0.0,1.0,0.0,0.0,0.0,7.8,4.1,0.0,0.0,0.0,0.0,22.8
2486950,15,981207,OCA GLOBAL C.B. SALOU,AWAY,2242531,E. Moure Colombo,E. Moure Colombo,1,18.2,1094.0,8.0,1.0,5.0,2.0,3.0,3.0,8.0,0.0,0.0,1.0,4.0,5.0,3.0,2.0,1.0,0.0,0.0,3.0,3.0,10.0,3.0,50.0,50.0,37.5,0.0,0.4,2.0,0.0,6.1,22.0,14.5,31.6,2.9,0.0,20.0,26.8
2486950,15,981207,OCA GLOBAL C.B. SALOU,AWAY,1938487,A. Llorca Castillo,A. Llorca Castillo,1,33.4,2005.0,15.0,2.0,7.0,3.0,6.0,5.0,13.0,2.0,2.0,1.0,4.0,5.0,3.0,4.0,4.0,0.0,1.0,2.0,4.0,17.0,4.0,54.0,50.0,46.2,15.4,0.6,1.5,0.5,3.3,12.0,7.9,20.0,6.4,0.0,22.4,26.1
2486950,15,981207,OCA GLOBAL C.B. SALOU,AWAY,1610350,E. Martinez Pretel,E. Martinez Pretel,0,15.2,912.0,2.0,1.0,1.0,0.0,3.0,1.0,4.0,0.0,0.0,0.0,0.0,0.0,0.0,0.0,1.0,0.0,0.0,4.0,0.0,-4.0,-5.0,25.0,25.0,75.0,0.0,2.0,0.0,0.0,0.0,0.0,0.0,0.0,3.5,0.0,0.0,12.8
2486950,15,981207,OCA GLOBAL C.B. SALOU,AWAY,2274746,P. Salo Blaya,P. Salo Blaya,1,16.5,991.0,6.0,3.0,4.0,0.0,0.0,3.0,4.0,0.0,0.0,1.0,1.0,2.0,0.0,0.0,0.0,0.0,0.0,2.0,1.0,6.0,0.0,75.0,75.0,0.0,0.0,1.5,0.0,0.0,6.7,6.1,6.4,0.0,0.0,0.0,0.0,11.8
2486950,15,981207,OCA GLOBAL C.B. SALOU,AWAY,2534398,J. Sánchez,J. Sánchez,0,13.2,789.0,0.0,0.0,1.0,0.0,3.0,0.0,4.0,0.0,0.0,1.0,0.0,1.0,1.0,2.0,2.0,0.0,0.0,2.0,1.0,-3.0,-6.0,0.0,0.0,75.0,0.0,0.0,0.0,0.0,8.4,0.0,4.0,13.3,8.1,0.0,33.3,22.2
2486950,15,981207,OCA GLOBAL C.B. SALOU,AWAY,2814887,P. Renane,P. Renane,1,17.0,1022.0,2.0,1.0,1.0,0.0,3.0,1.0,4.0,0.0,0.0,2.0,3.0,5.0,0.0,0.0,1.0,0.0,1.0,0.0,0.0,5.0,-7.0,25.0,25.0,75.0,0.0,2.0,0.0,0.0,13.1,17.6,15.5,0.0,3.1,0.0,0.0,11.5
2486951,15,981275,MADERAS SORLI BENICARLO,HOME,2467065,A. Ikpeze,A. Ikpeze,0,16.7,1000.0,6.0,3.0,6.0,0.0,0.0,3.0,6.0,0.0,0.0,1.0,4.0,5.0,0.0,1.0,0.0,0.0,0.0,3.0,0.0,4.0,-7.0,50.0,50.0,0.0,0.0,1.0,0.0,0.0,6.3,28.2,16.6,0.0,0.0,0.0,14.3,18.7
2486951,15,981275,MADERAS SORLI BENICARLO,HOME,2864230,M. Betch,M. Betch,0,9.6,576.0,0.0,0.0,0.0,0.0,3.0,0.0,3.0,0.0,0.0,0.0,2.0,2.0,0.0,0.0,0.0,0.0,0.0,0.0,0.0,-1.0,-5.0,0.0,0.0,100.0,0.0,0.0,0.0,0.0,0.0,24.5,11.6,0.0,0.0,0.0,0.0,13.9
2486951,15,981275,MADERAS SORLI BENICARLO,HOME,1485040,A. Haro Val,A. Haro Val,0,23.5,1409.0,4.0,1.0,4.0,0.0,4.0,1.0,8.0,2.0,4.0,0.0,2.0,2.0,4.0,2.0,1.0,1.0,0.0,2.0,5.0,4.0,-3.0,20.5,12.5,50.0,50.0,0.5,0.0,0.8,0.0,10.0,4.7,28.6,2.2,4.1,17.0,22.3
2486951,15,981275,MADERAS SORLI BENICARLO,HOME,1998365,P. Harguindey Maneiro,P. Harguindey Maneiro,1,25.4,1524.0,5.0,1.0,3.0,1.0,4.0,2.0,7.0,0.0,0.0,2.0,1.0,3.0,0.0,2.0,0.0,0.0,1.0,3.0,0.0,-2.0,12.0,35.7,35.7,57.1,0.0,0.7,0.8,0.0,8.3,4.6,6.6,0.0,0.0,0.0,22.2,15.8
2486951,15,981275,MADERAS SORLI BENICARLO,HOME,2500822,M. Voronin,M. Voronin,1,24.0,1442.0,14.0,2.0,2.0,3.0,7.0,5.0,9.0,1.0,2.0,1.0,1.0,2.0,1.0,1.0,2.0,0.0,0.0,2.0,1.0,12.0,8.0,70.9,72.2,77.8,22.2,2.0,1.3,2.0,4.4,4.9,4.6,10.0,4.2,0.0,9.2,20.2
2486951,15,981275,MADERAS SORLI BENICARLO,HOME,1659850,A. Prior Ruiz,A. Prior Ruiz,1,13.3,801.0,2.0,0.0,2.0,0.0,3.0,0.0,5.0,2.0,2.0,1.0,1.0,2.0,0.0,1.0,0.0,0.0,0.0,2.0,1.0,-3.0,-15.0,17.0,0.0,60.0,40.0,0.0,0.0,2.0,7.9,8.8,8.4,0.0,0.0,0.0,14.5,23.1
2486951,15,981275,MADERAS SORLI BENICARLO,HOME,2219986,A. Libroia,A. Libroia,1,35.3,2116.0,18.0,5.0,9.0,2.0,6.0,7.0,15.0,2.0,2.0,0.0,2.0,2.0,5.0,2.0,2.0,0.0,0.0,1.0,3.0,19.0,9.0,56.7,53.3,40.0,13.3,1.1,1.0,0.7,0.0,6.7,3.1,32.3,2.9,0.0,11.2,22.6
2486951,15,981275,MADERAS SORLI BENICARLO,HOME,2703145,M. Fall,M. Fall,1,13.0,782.0,2.0,0.0,0.0,0.0,0.0,0.0,0.0,2.0,4.0,1.0,1.0,2.0,0.0,3.0,1.0,0.0,0.0,3.0,2.0,-1.0,-9.0,56.8,0.0,0.0,0.0,0.0,0.0,2.0,8.1,9.0,8.5,0.0,3.9,0.0,63.0,16.3
2486951,15,981275,MADERAS SORLI BENICARLO,HOME,2536645,R. Ukawuba,R. Ukawuba,0,9.7,579.0,2.0,0.0,1.0,0.0,2.0,0.0,3.0,2.0,2.0,0.0,0.0,0.0,0.0,1.0,0.0,0.0,0.0,0.0,2.0,0.0,-12.0,25.8,0.0,66.7,66.7,0.0,0.0,1.0,0.0,0.0,0.0,0.0,0.0,0.0,20.5,22.4
2486951,15,981275,MADERAS SORLI BENICARLO,HOME,2250610,A. Sanchez Perdiguero,A. Sanchez Perdiguero,0,26.0,1561.0,13.0,6.0,8.0,0.0,1.0,6.0,9.0,1.0,6.0,5.0,10.0,15.0,3.0,1.0,0.0,1.0,0.0,4.0,6.0,25.0,16.0,55.8,66.7,11.1,66.7,1.5,0.0,1.0,20.2,45.2,32.1,26.1,0.0,3.7,7.9,21.7
2486951,15,981275,MADERAS SORLI BENICARLO,HOME,2816381,K. Obiekwe Sam,K. Obiekwe Sam,0,3.5,210.0,3.0,0.0,0.0,1.0,1.0,1.0,1.0,0.0,0.0,0.0,0.0,0.0,0.0,0.0,0.0,0.0,0.0,0.0,0.0,3.0,-4.0,150.0,150.0,100.0,0.0,0.0,3.0,0.0,0.0,0.0,0.0,0.0,0.0,0.0,0.0,12.7
2486951,15,981305,SOL GIRONÈS BISBAL BÀSQUET,AWAY,1446313,J. Carrasco Martin,J. Carrasco Martin,0,5.5,333.0,0.0,0.0,0.0,0.0,0.0,0.0,0.0,0.0,0.0,0.0,0.0,0.0,0.0,0.0,0.0,0.0,0.0,0.0,0.0,0.0,-2.0,0.0,0.0,0.0,0.0,0.0,0.0,0.0,0.0,0.0,0.0,0.0,0.0,0.0,0.0,0.0
2486951,15,981305,SOL GIRONÈS BISBAL BÀSQUET,AWAY,2851798,F. Adebayo,F. Adebayo,1,29.9,1791.0,21.0,8.0,12.0,1.0,2.0,9.0,14.0,2.0,5.0,2.0,4.0,6.0,1.0,2.0,0.0,1.0,0.0,4.0,4.0,19.0,2.0,64.8,67.9,14.3,35.7,1.3,1.5,1.2,7.9,14.1,11.1,9.4,0.0,3.8,11.0,27.5
2486951,15,981305,SOL GIRONÈS BISBAL BÀSQUET,AWAY,1964254,P. Sala Vallmajo,P. Sala Vallmajo,0,19.1,1143.0,5.0,1.0,2.0,1.0,4.0,2.0,6.0,0.0,0.0,2.0,3.0,5.0,3.0,2.0,2.0,0.0,0.0,3.0,1.0,7.0,1.0,41.7,41.7,66.7,0.0,1.0,0.8,0.0,12.3,16.5,14.5,25.0,5.3,0.0,25.0,18.9
2486951,15,981305,SOL GIRONÈS BISBAL BÀSQUET,AWAY,1227597,I. Valera Corominas,I. Valera Corominas,1,23.8,1427.0,8.0,2.0,4.0,1.0,2.0,3.0,6.0,1.0,2.0,0.0,4.0,4.0,1.0,2.0,2.0,0.0,0.0,3.0,2.0,8.0,-1.0,58.1,58.3,33.3,33.3,1.0,1.5,1.0,0.0,17.7,9.3,7.2,4.3,0.0,22.5,16.9
2486951,15,981305,SOL GIRONÈS BISBAL BÀSQUET,AWAY,1829525,M. Mikhailov Paltarak,M. Mikhailov Paltarak,1,34.1,2049.0,17.0,6.0,11.0,0.0,1.0,6.0,12.0,5.0,8.0,3.0,7.0,10.0,0.0,2.0,1.0,0.0,0.0,2.0,7.0,22.0,1.0,54.8,50.0,8.3,66.7,1.1,0.0,1.1,10.4,21.6,16.3,0.0,1.5,0.0,11.4,23.2
2486951,15,981305,SOL GIRONÈS BISBAL BÀSQUET,AWAY,1400270,B. Alvarez Torres,B. Alvarez Torres,1,31.8,1907.0,11.0,4.0,7.0,1.0,5.0,5.0,12.0,0.0,0.0,0.0,3.0,3.0,4.0,4.0,2.0,0.0,0.0,1.0,3.0,11.0,-3.0,45.8,45.8,41.7,0.0,1.1,0.6,0.0,0.0,9.9,5.2,23.0,3.2,0.0,25.0,22.7
2486951,15,981305,SOL GIRONÈS BISBAL BÀSQUET,AWAY,2815176,S. Kane,S. Kane,0,12.6,754.0,2.0,1.0,3.0,0.0,0.0,1.0,3.0,0.0,0.0,1.0,3.0,4.0,0.0,0.0,0.0,0.0,1.0,2.0,1.0,3.0,1.0,33.3,33.3,0.0,0.0,0.7,0.0,0.0,9.3,25.1,17.6,0.0,0.0,0.0,0.0,10.8
2486951,15,981305,SOL GIRONÈS BISBAL BÀSQUET,AWAY,2322727,A. Vila I Gómez,A. Vila I Gómez,0,16.4,985.0,3.0,0.0,0.0,1.0,2.0,1.0,2.0,0.0,0.0,2.0,2.0,4.0,0.0,1.0,1.0,0.0,0.0,1.0,0.0,5.0,-1.0,75.0,75.0,100.0,0.0,0.0,1.5,0.0,14.3,12.8,13.6,0.0,3.1,0.0,33.3,8.3
2486951,15,981305,SOL GIRONÈS BISBAL BÀSQUET,AWAY,1198592,X. Torrent Bayé,X. Torrent Bayé,1,26.9,1611.0,4.0,1.0,3.0,0.0,9.0,1.0,12.0,2.0,2.0,0.0,1.0,1.0,4.0,1.0,0.0,0.0,1.0,4.0,2.0,-5.0,12.0,15.5,8.3,75.0,16.7,0.7,0.0,1.0,0.0,3.9,2.1,21.5,0.0,0.0,7.2,23.3
2486952,15,979897,BUENO ARENAS ALBACETE BASKET,HOME,2772828,F. Andrade Amiel,F. Andrade Amiel,1,20.4,1222.0,6.0,3.0,5.0,0.0,4.0,3.0,9.0,0.0,0.0,0.0,3.0,3.0,2.0,1.0,0.0,0.0,0.0,2.0,1.0,3.0,9.0,33.3,33.3,44.4,0.0,1.2,0.0,0.0,0.0,16.3,8.1,17.4,0.0,0.0,10.0,20.5
2486952,15,979897,BUENO ARENAS ALBACETE BASKET,HOME,1371559,V. Aguilar Hernandez,V. Aguilar Hernandez,1,17.9,1072.0,6.0,0.0,1.0,2.0,6.0,2.0,7.0,0.0,0.0,0.0,2.0,2.0,0.0,4.0,0.0,0.0,0.0,4.0,1.0,-4.0,-13.0,42.9,42.9,85.7,0.0,0.0,1.0,0.0,0.0,12.4,6.1,0.0,0.0,0.0,36.4,25.7
2486952,15,979897,BUENO ARENAS ALBACETE BASKET,HOME,2813013,N. Reid,N. Reid,1,33.3,2000.0,10.0,4.0,5.0,0.0,6.0,4.0,11.0,2.0,2.0,0.0,4.0,4.0,0.0,1.0,2.0,0.0,0.0,4.0,4.0,8.0,4.0,42.1,36.4,54.5,18.2,1.6,0.0,0.5,0.0,13.3,6.6,0.0,3.0,0.0,7.8,16.1
2486952,15,979897,BUENO ARENAS ALBACETE BASKET,HOME,1947396,V. Muñoz Quiñones,V. Muñoz Quiñones,1,29.8,1785.0,21.0,8.0,13.0,1.0,2.0,9.0,15.0,2.0,3.0,2.0,6.0,8.0,2.0,0.0,0.0,0.0,0.0,5.0,2.0,21.0,-3.0,64.3,63.3,13.3,20.0,1.2,1.5,1.5,7.3,22.4,14.7,17.7,0.0,0.0,0.0,22.9
2486952,15,979897,BUENO ARENAS ALBACETE BASKET,HOME,2432962,S. Merlo,S. Merlo,0,27.7,1663.0,21.0,1.0,3.0,4.0,6.0,5.0,9.0,7.0,8.0,0.0,7.0,7.0,7.0,5.0,3.0,0.0,0.0,3.0,6.0,31.0,6.0,83.9,77.8,66.7,88.9,0.7,2.0,1.3,0.0,28.1,13.8,45.8,5.4,0.0,28.5,26.4
2486952,15,979897,BUENO ARENAS ALBACETE BASKET,HOME,1603635,J. Gonzalez Albadalejo,J. Gonzalez Albadalejo,0,20.7,1243.0,9.0,0.0,2.0,3.0,8.0,3.0,10.0,0.0,0.0,0.0,1.0,1.0,3.0,2.0,0.0,0.0,1.0,5.0,1.0,0.0,15.0,45.0,45.0,80.0,0.0,0.0,1.1,0.0,0.0,5.4,2.6,26.1,0.0,0.0,16.7,24.2
2486952,15,979897,BUENO ARENAS ALBACETE BASKET,HOME,2817541,O. Bramble,O. Bramble,0,20.3,1218.0,6.0,1.0,3.0,0.0,1.0,1.0,4.0,4.0,6.0,5.0,3.0,8.0,1.0,1.0,0.0,0.0,2.0,3.0,3.0,9.0,9.0,45.2,25.0,25.0,150.0,0.7,0.0,2.0,26.6,16.4,21.6,7.4,0.0,0.0,13.1,15.7
2486952,15,979897,BUENO ARENAS ALBACETE BASKET,HOME,1981843,B. Vanaclocha Sanchez,B. Vanaclocha Sanchez,0,19.4,1161.0,5.0,2.0,7.0,0.0,0.0,2.0,7.0,1.0,1.0,5.0,3.0,8.0,0.0,1.0,0.0,0.0,0.0,1.0,3.0,9.0,-1.0,33.6,28.6,0.0,14.3,0.6,0.0,0.3,27.9,17.2,22.6,0.0,0.0,0.0,11.8,18.2
2486952,15,979897,BUENO ARENAS ALBACETE BASKET,HOME,2432412,J. Hierrezuelo Serer,J. Hierrezuelo Serer,1,10.6,636.0,0.0,0.0,0.0,0.0,0.0,0.0,0.0,0.0,0.0,1.0,0.0,1.0,1.0,0.0,0.0,0.0,0.0,0.0,0.0,2.0,9.0,0.0,0.0,0.0,0.0,0.0,0.0,0.0,10.2,0.0,5.2,11.5,0.0,0.0,0.0,0.0
2486952,15,981428,HOMS U.E.MATARÓ,AWAY,2162105,F. Garrido Teban,F. Garrido Teban,0,11.2,671.0,0.0,0.0,1.0,0.0,0.0,0.0,1.0,0.0,0.0,0.0,1.0,1.0,0.0,0.0,0.0,0.0,0.0,1.0,0.0,-1.0,-13.0,0.0,0.0,0.0,0.0,0.0,0.0,0.0,0.0,9.7,4.9,0.0,0.0,0.0,0.0,4.1
2486952,15,981428,HOMS U.E.MATARÓ,AWAY,1914611,J. Boix Colet,J. Boix Colet,1,30.7,1842.0,7.0,0.0,0.0,1.0,6.0,1.0,6.0,4.0,6.0,0.0,2.0,2.0,7.0,2.0,2.0,0.0,0.0,2.0,8.0,15.0,5.0,40.5,25.0,100.0,100.0,0.0,0.5,0.8,0.0,7.0,3.6,40.2,3.1,0.0,18.8,15.8
2486952,15,981428,HOMS U.E.MATARÓ,AWAY,2534044,J. Tomaic Tomaic,J. Tomaic Tomaic,1,15.7,940.0,10.0,1.0,6.0,2.0,3.0,3.0,9.0,2.0,2.0,1.0,3.0,4.0,0.0,2.0,0.0,0.0,0.0,5.0,1.0,2.0,-9.0,50.6,44.4,33.3,22.2,0.3,2.0,2.0,7.1,20.7,14.0,0.0,0.0,0.0,16.8,34.5
2486952,15,981428,HOMS U.E.MATARÓ,AWAY,1591966,J. Castillo Carrasco,J. Castillo Carrasco,0,19.6,1179.0,6.0,0.0,0.0,2.0,2.0,2.0,2.0,0.0,0.0,1.0,2.0,3.0,0.0,1.0,1.0,0.0,0.0,3.0,0.0,6.0,4.0,150.0,150.0,100.0,0.0,0.0,3.0,0.0,5.7,11.0,8.4,0.0,2.5,0.0,33.3,7.0
2486952,15,981428,HOMS U.E.MATARÓ,AWAY,1568569,J. Juanola Madera,J. Juanola Madera,1,33.6,2016.0,23.0,4.0,8.0,3.0,8.0,7.0,16.0,6.0,9.0,1.0,7.0,8.0,7.0,2.0,1.0,0.0,0.0,2.0,8.0,31.0,4.0,57.6,53.1,50.0,56.2,1.0,1.1,1.1,3.3,22.5,13.0,61.4,1.4,0.0,9.1,29.8
2486952,15,981428,HOMS U.E.MATARÓ,AWAY,1927150,N. Ferrer Iglesia,N. Ferrer Iglesia,0,2.6,157.0,0.0,0.0,0.0,0.0,1.0,0.0,1.0,0.0,0.0,0.0,0.0,0.0,0.0,2.0,0.0,0.0,0.0,1.0,0.0,-4.0,-2.0,0.0,0.0,100.0,0.0,0.0,0.0,0.0,0.0,0.0,0.0,0.0,0.0,0.0,66.7,52.6
2486952,15,981428,HOMS U.E.MATARÓ,AWAY,1073368,A. Ventura Pedreño,A. Ventura Pedreño,0,31.1,1867.0,10.0,0.0,0.0,3.0,5.0,3.0,5.0,1.0,4.0,0.0,4.0,4.0,1.0,3.0,1.0,0.0,0.0,1.0,3.0,10.0,-6.0,74.0,90.0,100.0,80.0,0.0,1.8,1.3,0.0,13.9,7.0,6.5,1.6,0.0,30.7,14.3
2486952,15,981428,HOMS U.E.MATARÓ,AWAY,1942837,G. Martinez Rivera,G. Martinez Rivera,1,16.5,989.0,5.0,0.0,7.0,1.0,3.0,1.0,10.0,2.0,2.0,2.0,3.0,5.0,0.0,0.0,0.0,0.0,0.0,1.0,2.0,2.0,-16.0,23.0,15.0,30.0,20.0,0.0,1.0,1.0,13.5,19.7,16.6,0.0,0.0,0.0,0.0,30.1
2486952,15,981428,HOMS U.E.MATARÓ,AWAY,2813635,E. Kalu,E. Kalu,1,33.8,2028.0,16.0,6.0,10.0,0.0,0.0,6.0,10.0,4.0,6.0,2.0,2.0,4.0,1.0,2.0,2.0,3.0,0.0,4.0,4.0,18.0,4.0,63.3,60.0,0.0,60.0,1.2,0.0,1.5,6.6,6.4,6.5,8.1,2.9,9.1,13.7,19.7
2486952,15,981428,HOMS U.E.MATARÓ,AWAY,1920919,E. Coll Comabella,E. Coll Comabella,0,5.2,311.0,0.0,0.0,1.0,0.0,0.0,0.0,1.0,0.0,0.0,0.0,0.0,0.0,0.0,0.0,0.0,0.0,0.0,1.0,0.0,-2.0,-6.0,0.0,0.0,0.0,0.0,0.0,0.0,0.0,0.0,0.0,0.0,0.0,0.0,0.0,0.0,8.8
2486953,15,981216,CLASS BASQUET SANT ANTONI,HOME,2534687,G. Gantt,G. Gantt,0,8.6,514.0,7.0,0.0,0.0,2.0,4.0,2.0,4.0,1.0,1.0,0.0,0.0,0.0,0.0,0.0,0.0,0.0,0.0,2.0,2.0,5.0,15.0,78.8,75.0,100.0,25.0,0.0,1.5,0.5,0.0,0.0,0.0,0.0,0.0,0.0,0.0,21.1
2486953,15,981216,CLASS BASQUET SANT ANTONI,HOME,1394852,G. Blat Baeza,G. Blat Baeza,0,20.8,1248.0,6.0,3.0,6.0,0.0,4.0,3.0,10.0,0.0,0.0,1.0,4.0,5.0,2.0,1.0,4.0,0.0,1.0,2.0,1.0,8.0,14.0,30.0,30.0,40.0,0.0,1.0,0.0,0.0,5.1,19.2,12.3,15.4,9.9,0.0,9.1,21.6
2486953,15,981216,CLASS BASQUET SANT ANTONI,HOME,2815818,K. Johnson,K. Johnson,1,22.7,1363.0,17.0,4.0,7.0,3.0,6.0,7.0,13.0,0.0,0.0,1.0,3.0,4.0,5.0,3.0,3.0,1.0,0.0,1.0,6.0,26.0,13.0,65.4,65.4,46.2,0.0,1.1,1.5,0.0,4.6,13.2,9.0,41.0,6.8,4.9,18.8,28.8
2486953,15,981216,CLASS BASQUET SANT ANTONI,HOME,1528610,J. Rodriguez Jimenez,J. Rodriguez Jimenez,0,14.5,869.0,1.0,0.0,1.0,0.0,1.0,0.0,2.0,1.0,2.0,1.0,3.0,4.0,0.0,1.0,0.0,0.0,0.0,1.0,1.0,1.0,16.0,17.4,0.0,50.0,100.0,0.0,0.0,2.0,7.3,20.7,14.1,0.0,0.0,0.0,25.8,10.9
2486953,15,981216,CLASS BASQUET SANT ANTONI,HOME,2363916,D. De La Rua De Agustin,D. De La Rua De Agustin,1,19.2,1152.0,2.0,0.0,2.0,0.0,0.0,0.0,2.0,2.0,3.0,1.0,1.0,2.0,4.0,2.0,1.0,0.0,0.0,2.0,2.0,4.0,12.0,30.1,0.0,0.0,150.0,0.0,0.0,1.5,5.5,5.2,5.3,25.0,2.7,0.0,37.6,11.3
2486953,15,981216,CLASS BASQUET SANT ANTONI,HOME,2818065,M. Issouf,M. Issouf,0,5.9,354.0,0.0,0.0,1.0,0.0,0.0,0.0,1.0,0.0,0.0,0.0,2.0,2.0,0.0,1.0,0.0,0.0,0.0,2.0,0.0,-2.0,-2.0,0.0,0.0,0.0,0.0,0.0,0.0,0.0,0.0,33.9,17.4,0.0,0.0,0.0,50.0,13.8
2486953,15,981216,CLASS BASQUET SANT ANTONI,HOME,1397157,R. Gomez Barral,R. Gomez Barral,0,21.9,1313.0,10.0,3.0,3.0,1.0,5.0,4.0,8.0,1.0,2.0,2.0,5.0,7.0,1.0,0.0,1.0,0.0,0.0,3.0,2.0,13.0,6.0,56.3,56.2,62.5,25.0,2.0,0.6,1.0,9.6,22.8,16.4,8.3,2.4,0.0,0.0,16.6
2486953,15,981216,CLASS BASQUET SANT ANTONI,HOME,2462416,E. Stoilov,E. Stoilov,1,13.4,803.0,8.0,3.0,3.0,0.0,0.0,3.0,3.0,2.0,2.0,3.0,3.0,6.0,1.0,2.0,1.0,1.0,0.0,2.0,1.0,14.0,13.0,103.1,100.0,0.0,66.7,2.0,0.0,2.0,23.6,22.4,23.0,15.2,3.9,8.3,34.0,17.9
2486953,15,981216,CLASS BASQUET SANT ANTONI,HOME,1834527,S. Paz Vazquez,S. Paz Vazquez,1,23.9,1433.0,10.0,2.0,5.0,2.0,5.0,4.0,10.0,0.0,0.0,1.0,3.0,4.0,1.0,1.0,0.0,0.0,0.0,0.0,0.0,8.0,6.0,50.0,50.0,50.0,0.0,0.8,1.2,0.0,4.4,12.6,8.6,6.6,0.0,0.0,9.1,18.8
2486953,15,981216,CLASS BASQUET SANT ANTONI,HOME,2128433,N. Zizic,N. Zizic,0,16.8,1007.0,8.0,4.0,5.0,0.0,0.0,4.0,5.0,0.0,2.0,5.0,3.0,8.0,0.0,2.0,1.0,0.0,0.0,2.0,1.0,11.0,13.0,68.0,80.0,0.0,40.0,1.6,0.0,2.0,31.3,17.9,24.4,0.0,3.1,0.0,25.4,19.2
2486953,15,981216,CLASS BASQUET SANT ANTONI,HOME,2182043,J. Solarin,J. Solarin,1,22.1,1323.0,15.0,2.0,7.0,3.0,7.0,5.0,14.0,2.0,2.0,4.0,2.0,6.0,1.0,1.0,0.0,0.0,1.0,1.0,2.0,13.0,22.0,50.4,46.4,50.0,14.3,0.6,1.3,1.0,19.1,9.0,13.9,7.0,0.0,0.0,6.3,29.4
2486953,15,981216,CLASS BASQUET SANT ANTONI,HOME,1878691,I. Ruiz Gonzalez,I. Ruiz Gonzalez,0,10.3,621.0,2.0,0.0,0.0,0.0,1.0,0.0,1.0,2.0,4.0,0.0,0.0,0.0,0.0,3.0,0.0,0.0,0.0,2.0,2.0,-4.0,2.0,36.2,0.0,100.0,400.0,0.0,0.0,2.0,0.0,0.0,0.0,0.0,0.0,0.0,52.1,22.8
2486953,15,981281,LOBE HUESCA LA MAGIA,AWAY,2151562,O. Thiam Pedrera,O. Thiam Pedrera,0,19.3,1160.0,13.0,4.0,6.0,1.0,3.0,5.0,9.0,2.0,2.0,2.0,3.0,5.0,0.0,1.0,1.0,0.0,0.0,5.0,2.0,11.0,1.0,65.8,61.1,33.3,22.2,1.3,1.0,1.0,10.4,16.4,13.3,0.0,2.6,0.0,9.2,25.5
2486953,15,981281,LOBE HUESCA LA MAGIA,AWAY,1756469,H. Figueroa Álvarez,H. Figueroa Álvarez,1,13.9,834.0,0.0,0.0,0.0,0.0,5.0,0.0,5.0,0.0,0.0,0.0,1.0,1.0,1.0,0.0,0.0,0.0,0.0,3.0,2.0,-4.0,-16.0,0.0,0.0,100.0,0.0,0.0,0.0,0.0,0.0,7.6,3.7,16.7,0.0,0.0,0.0,16.3
2486953,15,981281,LOBE HUESCA LA MAGIA,AWAY,2815292,A. Smith,A. Smith,1,25.9,1553.0,9.0,1.0,7.0,1.0,4.0,2.0,11.0,4.0,6.0,2.0,0.0,2.0,0.0,2.0,0.0,0.0,1.0,1.0,5.0,2.0,-22.0,33.0,22.7,36.4,54.5,0.3,0.8,1.2,7.7,0.0,4.0,0.0,0.0,0.0,12.8,27.3
2486953,15,981281,LOBE HUESCA LA MAGIA,AWAY,2823388,J. Fritz,J. Fritz,0,24.0,1439.0,5.0,2.0,5.0,0.0,2.0,2.0,7.0,1.0,2.0,0.0,3.0,3.0,1.0,1.0,0.0,0.0,0.0,5.0,1.0,-2.0,-10.0,31.7,28.6,28.6,28.6,0.8,0.0,2.0,0.0,13.2,6.4,10.0,0.0,0.0,11.3,16.7
2486953,15,981281,LOBE HUESCA LA MAGIA,AWAY,2815543,A. Badmus,A. Badmus,1,26.6,1593.0,7.0,2.0,6.0,0.0,0.0,2.0,6.0,3.0,5.0,2.0,4.0,6.0,1.0,1.0,1.0,1.0,0.0,2.0,4.0,11.0,-28.0,42.7,33.3,0.0,83.3,0.7,0.0,1.2,7.5,15.8,11.6,8.3,1.9,3.8,10.9,15.7
2486953,15,981281,LOBE HUESCA LA MAGIA,AWAY,2559072,P. Suárez Custodio,P. Suárez Custodio,0,18.1,1089.0,3.0,0.0,2.0,1.0,5.0,1.0,7.0,0.0,0.0,0.0,3.0,3.0,0.0,1.0,0.0,0.0,0.0,2.0,1.0,-2.0,-12.0,21.4,21.4,71.4,0.0,0.0,0.6,0.0,0.0,17.4,8.5,0.0,0.0,0.0,12.5,20.0
2486953,15,981281,LOBE HUESCA LA MAGIA,AWAY,1761508,P. Lopez-Sanvicente Reta,P. Lopez-Sanvicente Reta,1,30.7,1840.0,7.0,2.0,6.0,1.0,2.0,3.0,8.0,0.0,0.0,3.0,2.0,5.0,1.0,1.0,2.0,0.0,1.0,0.0,1.0,10.0,-21.0,43.8,43.8,25.0,0.0,0.7,1.5,0.0,9.8,6.9,8.4,7.7,3.3,0.0,11.1,13.3
2486953,15,981281,LOBE HUESCA LA MAGIA,AWAY,2116811,G. Rodriguez Soler,G. Rodriguez Soler,0,14.7,882.0,0.0,0.0,0.0,0.0,1.0,0.0,1.0,0.0,0.0,1.0,0.0,1.0,0.0,3.0,1.0,0.0,0.0,2.0,1.0,-3.0,-8.0,0.0,0.0,100.0,0.0,0.0,0.0,0.0,6.8,0.0,3.5,0.0,3.4,0.0,75.0,12.3
2486953,15,981281,LOBE HUESCA LA MAGIA,AWAY,2054954,G. Vazquez Vallejo,G. Vazquez Vallejo,1,26.8,1610.0,16.0,2.0,4.0,3.0,5.0,5.0,9.0,3.0,4.0,1.0,3.0,4.0,0.0,7.0,2.0,1.0,0.0,1.0,2.0,12.0,-14.0,74.3,72.2,55.6,44.4,1.0,1.8,2.0,3.7,11.8,7.7,0.0,3.8,3.7,39.4,30.0
2486954,16,981216,CLASS BASQUET SANT ANTONI,HOME,1394852,G. Blat Baeza,G. Blat Baeza,0,20.6,1233.0,0.0,0.0,1.0,0.0,1.0,0.0,2.0,0.0,0.0,1.0,2.0,3.0,1.0,2.0,0.0,0.0,0.0,4.0,0.0,-4.0,2.0,0.0,0.0,50.0,0.0,0.0,0.0,0.0,5.0,8.4,6.9,8.7,0.0,0.0,50.0,8.5
2486954,16,981216,CLASS BASQUET SANT ANTONI,HOME,2815818,K. Johnson,K. Johnson,1,25.8,1545.0,5.0,1.0,6.0,0.0,1.0,1.0,7.0,3.0,3.0,0.0,2.0,2.0,0.0,4.0,1.0,1.0,2.0,2.0,3.0,0.0,1.0,30.0,14.3,14.3,42.9,0.3,0.0,1.0,0.0,6.7,3.6,0.0,2.1,3.4,32.5,20.9
2486954,16,981216,CLASS BASQUET SANT ANTONI,HOME,2865697,L. Tvrdic,L. Tvrdic,0,1.9,111.0,0.0,0.0,1.0,0.0,0.0,0.0,1.0,0.0,0.0,0.0,0.0,0.0,0.0,0.0,0.0,0.0,0.0,1.0,0.0,-2.0,-5.0,0.0,0.0,0.0,0.0,0.0,0.0,0.0,0.0,0.0,0.0,0.0,0.0,0.0,0.0,23.0
2486954,16,981216,CLASS BASQUET SANT ANTONI,HOME,1528610,J. Rodriguez Jimenez,J. Rodriguez Jimenez,0,6.9,416.0,0.0,0.0,0.0,0.0,0.0,0.0,0.0,0.0,0.0,0.0,1.0,1.0,0.0,0.0,0.0,0.0,0.0,0.0,0.0,1.0,-2.0,0.0,0.0,0.0,0.0,0.0,0.0,0.0,0.0,12.6,6.8,0.0,0.0,0.0,0.0,0.0
2486954,16,981216,CLASS BASQUET SANT ANTONI,HOME,2363916,D. De La Rua De Agustin,D. De La Rua De Agustin,1,28.4,1703.0,17.0,5.0,9.0,1.0,3.0,6.0,12.0,4.0,6.0,0.0,3.0,3.0,6.0,4.0,2.0,0.0,0.0,1.0,4.0,19.0,14.0,58.1,54.2,25.0,50.0,1.1,1.0,1.5,0.0,9.2,5.0,59.4,3.8,0.0,21.5,28.7
2486954,16,981216,CLASS BASQUET SANT ANTONI,HOME,1397157,R. Gomez Barral,R. Gomez Barral,0,9.3,559.0,0.0,0.0,1.0,0.0,2.0,0.0,3.0,0.0,0.0,1.0,0.0,1.0,0.0,0.0,0.0,0.0,0.0,3.0,0.0,-5.0,0.0,0.0,0.0,66.7,0.0,0.0,0.0,0.0,11.0,0.0,5.1,0.0,0.0,0.0,0.0,14.1
2486954,16,981216,CLASS BASQUET SANT ANTONI,HOME,2462416,E. Stoilov,E. Stoilov,1,31.8,1907.0,15.0,5.0,7.0,0.0,0.0,5.0,7.0,5.0,7.0,3.0,6.0,9.0,1.0,4.0,0.0,1.0,0.0,1.0,8.0,25.0,16.0,74.4,71.4,0.0,100.0,1.4,0.0,0.9,9.7,16.4,13.3,7.5,0.0,2.8,28.4,19.4
2486954,16,981216,CLASS BASQUET SANT ANTONI,HOME,1834527,S. Paz Vazquez,S. Paz Vazquez,1,33.6,2018.0,19.0,2.0,3.0,4.0,9.0,6.0,12.0,3.0,5.0,5.0,9.0,14.0,2.0,1.0,2.0,0.0,0.0,2.0,4.0,30.0,16.0,66.9,66.7,75.0,41.7,1.3,1.3,1.2,15.3,23.3,19.6,16.1,3.2,0.0,6.6,19.8
2486954,16,981216,CLASS BASQUET SANT ANTONI,HOME,2128433,N. Zizic,N. Zizic,0,8.2,493.0,0.0,0.0,7.0,0.0,0.0,0.0,7.0,0.0,0.0,3.0,2.0,5.0,0.0,0.0,0.0,0.0,1.0,0.0,2.0,0.0,-9.0,0.0,0.0,0.0,0.0,0.0,0.0,0.0,37.5,21.2,28.7,0.0,0.0,0.0,0.0,37.3
2486954,16,981216,CLASS BASQUET SANT ANTONI,HOME,2182043,J. Solarin,J. Solarin,1,30.7,1841.0,14.0,4.0,7.0,1.0,6.0,5.0,13.0,3.0,5.0,2.0,4.0,6.0,1.0,1.0,1.0,0.0,0.0,2.0,3.0,12.0,7.0,46.1,42.3,46.2,38.5,1.1,0.5,1.7,6.7,11.3,9.2,7.5,1.8,0.0,6.2,23.1
2486954,16,981216,CLASS BASQUET SANT ANTONI,HOME,1878691,I. Ruiz Gonzalez,I. Ruiz Gonzalez,0,2.9,174.0,0.0,0.0,0.0,0.0,0.0,0.0,0.0,0.0,0.0,0.0,0.0,0.0,0.0,0.0,0.0,0.0,0.0,0.0,0.0,0.0,-5.0,0.0,0.0,0.0,0.0,0.0,0.0,0.0,0.0,0.0,0.0,0.0,0.0,0.0,0.0,0.0
2486954,16,981514,SPANISH BASKETBALL ACADEMY,AWAY,2436640,J. Puidet,J. Puidet,0,27.7,1660.0,9.0,3.0,5.0,1.0,3.0,4.0,8.0,0.0,0.0,3.0,5.0,8.0,2.0,1.0,1.0,0.0,0.0,4.0,3.0,14.0,-1.0,56.2,56.2,37.5,0.0,1.2,1.0,0.0,9.4,18.5,13.6,14.1,1.9,0.0,11.1,14.4
2486954,16,981514,SPANISH BASKETBALL ACADEMY,AWAY,2312124,S. Traore,S. Traore,0,6.5,392.0,0.0,0.0,0.0,0.0,1.0,0.0,1.0,0.0,0.0,1.0,2.0,3.0,0.0,1.0,0.0,0.0,0.0,2.0,0.0,-1.0,-3.0,0.0,0.0,100.0,0.0,0.0,0.0,0.0,13.4,31.6,21.7,0.0,0.0,0.0,50.0,13.6
2486954,16,981514,SPANISH BASKETBALL ACADEMY,AWAY,1990032,M. Echeverria Fernandez,M. Echeverria Fernandez,0,15.7,940.0,0.0,0.0,4.0,0.0,0.0,0.0,4.0,0.0,0.0,4.0,2.0,6.0,0.0,0.0,1.0,0.0,0.0,3.0,0.0,0.0,1.0,0.0,0.0,0.0,0.0,0.0,0.0,0.0,22.2,13.1,18.0,0.0,3.3,0.0,0.0,11.3
2486954,16,981514,SPANISH BASKETBALL ACADEMY,AWAY,2846994,K. Curfman,K. Curfman,1,18.5,1110.0,5.0,1.0,2.0,1.0,8.0,2.0,10.0,0.0,1.0,1.0,0.0,1.0,0.0,0.0,1.0,0.0,2.0,4.0,1.0,-5.0,-5.0,23.9,25.0,80.0,10.0,1.0,0.4,1.0,4.7,0.0,2.5,0.0,2.8,0.0,0.0,24.9
2486954,16,981514,SPANISH BASKETBALL ACADEMY,AWAY,2065452,J. Santano Bartolome,J. Santano Bartolome,1,17.9,1072.0,4.0,1.0,3.0,0.0,0.0,1.0,3.0,2.0,2.0,4.0,1.0,5.0,4.0,0.0,0.0,0.0,0.0,2.0,1.0,10.0,-5.0,51.5,33.3,0.0,66.7,0.7,0.0,2.0,19.4,5.7,13.1,42.6,0.0,0.0,0.0,9.6
2486954,16,981514,SPANISH BASKETBALL ACADEMY,AWAY,1374966,A. Moreno Trujillo,A. Moreno Trujillo,0,16.0,960.0,7.0,2.0,6.0,1.0,5.0,3.0,11.0,0.0,2.0,0.0,3.0,3.0,3.0,2.0,2.0,0.0,0.0,0.0,1.0,4.0,-2.0,29.5,31.8,45.5,18.2,0.7,0.6,2.0,0.0,19.2,8.8,40.5,6.5,0.0,14.4,38.4
2486954,16,981514,SPANISH BASKETBALL ACADEMY,AWAY,2816737,D. Simeunovic,D. Simeunovic,1,35.3,2118.0,22.0,8.0,13.0,1.0,6.0,9.0,19.0,3.0,8.0,2.0,3.0,5.0,1.0,2.0,2.0,0.0,0.0,3.0,4.0,14.0,-6.0,48.8,50.0,31.6,42.1,1.2,0.5,2.0,4.9,8.7,6.7,6.9,3.0,0.0,8.2,30.7
2486954,16,981514,SPANISH BASKETBALL ACADEMY,AWAY,2752020,E. Medina Roa,E. Medina Roa,1,28.3,1697.0,4.0,2.0,3.0,0.0,0.0,2.0,3.0,0.0,0.0,1.0,3.0,4.0,0.0,2.0,0.0,3.0,0.0,3.0,0.0,5.0,-4.0,66.7,66.7,0.0,0.0,1.3,0.0,0.0,3.1,10.9,6.7,0.0,0.0,10.1,40.0,7.8
2486954,16,981514,SPANISH BASKETBALL ACADEMY,AWAY,1825944,R. Garcia Salame,R. Garcia Salame,1,34.2,2051.0,12.0,4.0,9.0,1.0,4.0,5.0,13.0,1.0,4.0,1.0,5.0,6.0,4.0,3.0,4.0,0.0,0.0,3.0,6.0,15.0,-10.0,40.7,42.3,30.8,30.8,0.9,0.8,0.7,2.5,15.0,8.3,21.7,6.1,0.0,16.9,23.0
2486955,16,981281,LOBE HUESCA LA MAGIA,HOME,2151562,O. Thiam Pedrera,O. Thiam Pedrera,0,8.0,481.0,0.0,0.0,1.0,0.0,1.0,0.0,2.0,0.0,0.0,0.0,2.0,2.0,0.0,2.0,0.0,0.0,0.0,1.0,0.0,-3.0,-12.0,0.0,0.0,50.0,0.0,0.0,0.0,0.0,0.0,26.3,13.0,0.0,0.0,0.0,50.0,21.2
2486955,16,981281,LOBE HUESCA LA MAGIA,HOME,2273469,O. Bieshaar,O. Bieshaar,1,20.2,1213.0,5.0,1.0,2.0,1.0,3.0,2.0,5.0,0.0,0.0,1.0,3.0,4.0,1.0,1.0,1.0,0.0,0.0,4.0,1.0,4.0,2.0,50.0,50.0,60.0,0.0,1.0,1.0,0.0,5.1,15.6,10.3,8.7,2.3,0.0,16.7,12.6
2486955,16,981281,LOBE HUESCA LA MAGIA,HOME,1756469,H. Figueroa Álvarez,H. Figueroa Álvarez,1,24.8,1487.0,15.0,0.0,2.0,5.0,13.0,5.0,15.0,0.0,0.0,1.0,4.0,5.0,0.0,1.0,0.0,0.0,0.0,3.0,0.0,6.0,-8.0,50.0,50.0,86.7,0.0,0.0,1.2,0.0,4.1,17.0,10.5,0.0,0.0,0.0,6.2,27.3
2486955,16,981281,LOBE HUESCA LA MAGIA,HOME,1759956,I. Corraliza Coba,I. Corraliza Coba,1,27.0,1621.0,19.0,2.0,3.0,4.0,7.0,6.0,10.0,3.0,6.0,1.0,2.0,3.0,9.0,2.0,1.0,0.0,0.0,0.0,4.0,27.0,1.0,75.2,80.0,70.0,60.0,1.3,1.7,1.5,3.8,7.8,5.8,69.8,1.7,0.0,13.7,22.9
2486955,16,981281,LOBE HUESCA LA MAGIA,HOME,2815292,A. Smith,A. Smith,0,9.7,579.0,2.0,1.0,5.0,0.0,0.0,1.0,5.0,0.0,0.0,0.0,0.0,0.0,1.0,1.0,0.0,0.0,0.0,1.0,0.0,-3.0,-17.0,20.0,20.0,0.0,0.0,0.4,0.0,0.0,0.0,0.0,0.0,22.7,0.0,0.0,16.7,26.2
2486955,16,981281,LOBE HUESCA LA MAGIA,HOME,2823388,J. Fritz,J. Fritz,1,18.4,1106.0,7.0,1.0,2.0,1.0,4.0,2.0,6.0,2.0,2.0,0.0,5.0,5.0,1.0,3.0,0.0,1.0,0.0,5.0,5.0,7.0,-6.0,50.9,41.7,66.7,33.3,1.0,0.8,0.4,0.0,28.6,14.1,8.7,0.0,4.7,30.4,22.7
2486955,16,981281,LOBE HUESCA LA MAGIA,HOME,2815543,A. Badmus,A. Badmus,0,10.6,633.0,1.0,0.0,0.0,0.0,0.0,0.0,0.0,1.0,2.0,2.0,2.0,4.0,2.0,0.0,0.0,0.0,0.0,5.0,2.0,3.0,6.0,56.8,0.0,0.0,0.0,0.0,0.0,1.0,19.4,19.9,19.6,24.7,0.0,0.0,0.0,3.5
2486955,16,981281,LOBE HUESCA LA MAGIA,HOME,2559072,P. Suárez Custodio,P. Suárez Custodio,0,17.8,1066.0,15.0,1.0,3.0,4.0,8.0,5.0,11.0,1.0,1.0,0.0,3.0,3.0,0.0,0.0,1.0,0.0,0.0,4.0,0.0,9.0,-2.0,65.6,63.6,72.7,9.1,0.7,1.5,0.0,0.0,17.7,8.8,0.0,2.6,0.0,0.0,27.2
2486955,16,981281,LOBE HUESCA LA MAGIA,HOME,1761508,P. Lopez-Sanvicente Reta,P. Lopez-Sanvicente Reta,0,26.9,1616.0,14.0,4.0,6.0,1.0,3.0,5.0,9.0,3.0,4.0,4.0,7.0,11.0,1.0,0.0,1.0,0.0,0.0,2.0,6.0,26.0,-16.0,65.1,61.1,33.3,44.4,1.3,1.0,0.7,15.3,27.4,21.2,7.2,1.7,0.0,0.0,16.9
2486955,16,981281,LOBE HUESCA LA MAGIA,HOME,2116811,G. Rodriguez Soler,G. Rodriguez Soler,0,13.0,779.0,6.0,1.0,2.0,0.0,0.0,1.0,2.0,4.0,5.0,1.0,0.0,1.0,1.0,1.0,1.0,0.0,0.0,2.0,2.0,6.0,-14.0,71.4,50.0,0.0,250.0,1.0,0.0,2.5,7.9,0.0,4.0,14.1,3.6,0.0,19.2,16.9
2486955,16,981281,LOBE HUESCA LA MAGIA,HOME,2054954,G. Vazquez Vallejo,G. Vazquez Vallejo,1,23.6,1419.0,1.0,0.0,2.0,0.0,3.0,0.0,5.0,1.0,4.0,2.0,3.0,5.0,0.0,3.0,0.0,0.0,0.0,1.0,4.0,-2.0,1.0,7.4,0.0,60.0,80.0,0.0,0.0,1.0,8.7,13.4,11.0,0.0,0.0,0.0,30.7,17.5
2486955,16,979897,BUENO ARENAS ALBACETE BASKET,AWAY,2772828,F. Andrade Amiel,F. Andrade Amiel,1,16.0,958.0,6.0,1.0,3.0,1.0,1.0,2.0,4.0,1.0,2.0,0.0,0.0,0.0,2.0,0.0,2.0,0.0,0.0,5.0,1.0,3.0,13.0,61.5,62.5,25.0,50.0,0.7,3.0,2.0,0.0,0.0,0.0,17.9,6.1,0.0,0.0,13.2
2486955,16,979897,BUENO ARENAS ALBACETE BASKET,AWAY,1371559,V. Aguilar Hernandez,V. Aguilar Hernandez,1,23.8,1427.0,9.0,2.0,5.0,1.0,2.0,3.0,7.0,2.0,3.0,0.0,4.0,4.0,6.0,3.0,1.0,0.0,0.0,2.0,2.0,12.0,7.0,54.1,50.0,28.6,42.9,0.8,1.5,1.5,0.0,17.2,8.7,35.7,2.0,0.0,26.5,20.7
2486955,16,979897,BUENO ARENAS ALBACETE BASKET,AWAY,2813013,N. Reid,N. Reid,1,34.0,2037.0,26.0,4.0,9.0,3.0,9.0,7.0,18.0,9.0,11.0,1.0,7.0,8.0,3.0,0.0,0.0,0.0,0.0,2.0,6.0,28.0,8.0,56.9,47.2,50.0,61.1,0.9,1.0,1.8,3.1,21.1,12.2,15.5,0.0,0.0,0.0,29.2
2486955,16,979897,BUENO ARENAS ALBACETE BASKET,AWAY,1947396,V. Muñoz Quiñones,V. Muñoz Quiñones,1,20.3,1219.0,8.0,4.0,5.0,0.0,0.0,4.0,5.0,0.0,0.0,1.0,1.0,2.0,0.0,0.0,3.0,0.0,0.0,4.0,2.0,10.0,6.0,80.0,80.0,0.0,0.0,1.6,0.0,0.0,5.2,5.1,5.1,0.0,7.2,0.0,0.0,10.7
2486955,16,979897,BUENO ARENAS ALBACETE BASKET,AWAY,2432962,S. Merlo,S. Merlo,0,25.6,1535.0,16.0,6.0,7.0,0.0,2.0,6.0,9.0,4.0,6.0,0.0,7.0,7.0,3.0,3.0,1.0,0.0,0.0,3.0,7.0,23.0,0.0,68.7,66.7,22.2,66.7,1.7,0.0,0.9,0.0,28.0,14.2,21.7,1.9,0.0,20.5,24.8
2486955,16,979897,BUENO ARENAS ALBACETE BASKET,AWAY,1603635,J. Gonzalez Albadalejo,J. Gonzalez Albadalejo,0,29.1,1749.0,14.0,0.0,4.0,4.0,8.0,4.0,12.0,2.0,3.0,0.0,3.0,3.0,1.0,0.0,1.0,0.0,0.0,2.0,2.0,10.0,17.0,52.6,50.0,66.7,25.0,0.0,1.5,1.5,0.0,10.6,5.4,5.2,1.7,0.0,0.0,19.9
2486955,16,979897,BUENO ARENAS ALBACETE BASKET,AWAY,2817541,O. Bramble,O. Bramble,0,11.0,660.0,0.0,0.0,1.0,0.0,0.0,0.0,1.0,0.0,0.0,0.0,2.0,2.0,0.0,0.0,1.0,0.0,1.0,0.0,0.0,2.0,-10.0,0.0,0.0,0.0,0.0,0.0,0.0,0.0,0.0,18.6,9.4,0.0,4.4,0.0,0.0,3.9
2486955,16,979897,BUENO ARENAS ALBACETE BASKET,AWAY,1981843,B. Vanaclocha Sanchez,B. Vanaclocha Sanchez,0,21.0,1259.0,11.0,5.0,7.0,0.0,0.0,5.0,7.0,1.0,1.0,4.0,1.0,5.0,0.0,1.0,0.0,0.0,0.0,3.0,1.0,11.0,16.0,73.9,71.4,0.0,14.3,1.4,0.0,1.0,20.1,4.9,12.4,0.0,0.0,0.0,11.8,17.5
2486955,16,979897,BUENO ARENAS ALBACETE BASKET,AWAY,2432412,J. Hierrezuelo Serer,J. Hierrezuelo Serer,1,19.3,1156.0,8.0,2.0,5.0,0.0,3.0,2.0,8.0,4.0,6.0,1.0,2.0,3.0,1.0,0.0,1.0,0.0,0.0,4.0,5.0,6.0,8.0,37.6,25.0,37.5,75.0,0.8,0.0,1.2,5.5,10.6,8.1,6.9,2.5,0.0,0.0,23.9
2486956,16,981428,HOMS U.E.MATARÓ,HOME,1914611,J. Boix Colet,J. Boix Colet,1,23.4,1402.0,4.0,0.0,0.0,1.0,4.0,1.0,4.0,1.0,2.0,0.0,3.0,3.0,6.0,2.0,0.0,0.0,0.0,3.0,3.0,7.0,17.0,41.0,37.5,100.0,50.0,0.0,0.8,0.7,0.0,12.2,7.8,33.0,0.0,0.0,29.1,15.4
2486956,16,981428,HOMS U.E.MATARÓ,HOME,2534044,J. Tomaic Tomaic,J. Tomaic Tomaic,1,25.0,1500.0,11.0,5.0,8.0,0.0,2.0,5.0,10.0,1.0,2.0,0.0,1.0,1.0,0.0,1.0,1.0,0.0,0.0,2.0,1.0,5.0,6.0,50.6,50.0,20.0,20.0,1.2,0.0,2.0,0.0,3.8,2.4,0.0,2.2,0.0,8.4,24.9
2486956,16,981428,HOMS U.E.MATARÓ,HOME,1591966,J. Castillo Carrasco,J. Castillo Carrasco,0,17.9,1074.0,3.0,0.0,0.0,1.0,2.0,1.0,2.0,0.0,1.0,0.0,1.0,1.0,2.0,0.0,1.0,0.0,0.0,3.0,0.0,2.0,10.0,61.5,75.0,100.0,50.0,0.0,1.5,0.0,0.0,5.3,3.4,16.9,3.1,0.0,0.0,7.1
2486956,16,981428,HOMS U.E.MATARÓ,HOME,1568569,J. Juanola Madera,J. Juanola Madera,1,31.3,1879.0,24.0,9.0,11.0,1.0,5.0,10.0,16.0,3.0,4.0,1.0,4.0,5.0,7.0,2.0,1.0,0.0,1.0,2.0,5.0,31.0,14.0,67.6,65.6,31.2,25.0,1.6,0.6,0.8,5.3,12.2,9.7,44.9,1.8,0.0,10.1,33.0
2486956,16,981428,HOMS U.E.MATARÓ,HOME,1927150,N. Ferrer Iglesia,N. Ferrer Iglesia,1,18.8,1128.0,10.0,2.0,2.0,2.0,3.0,4.0,5.0,0.0,0.0,3.0,0.0,3.0,0.0,0.0,2.0,0.0,0.0,3.0,1.0,12.0,10.0,100.0,100.0,60.0,0.0,2.0,2.0,0.0,26.6,0.0,9.7,0.0,6.0,0.0,0.0,13.9
2486956,16,981428,HOMS U.E.MATARÓ,HOME,2451498,A. Roker,A. Roker,0,20.4,1222.0,6.0,2.0,4.0,0.0,0.0,2.0,4.0,2.0,2.0,0.0,8.0,8.0,1.0,4.0,1.0,1.0,0.0,2.0,2.0,11.0,20.0,61.5,50.0,0.0,50.0,1.0,0.0,1.0,0.0,37.3,23.8,7.1,2.7,5.6,45.0,22.8
2486956,16,981428,HOMS U.E.MATARÓ,HOME,1073368,A. Ventura Pedreño,A. Ventura Pedreño,0,24.2,1451.0,3.0,0.0,0.0,1.0,3.0,1.0,3.0,0.0,0.0,0.0,2.0,2.0,3.0,0.0,1.0,0.0,0.0,1.0,1.0,7.0,15.0,50.0,50.0,100.0,0.0,0.0,1.0,0.0,0.0,7.9,5.0,16.5,2.3,0.0,0.0,6.5
2486956,16,981428,HOMS U.E.MATARÓ,HOME,1942837,G. Martinez Rivera,G. Martinez Rivera,0,21.7,1302.0,12.0,0.0,4.0,2.0,3.0,2.0,7.0,6.0,6.0,0.0,2.0,2.0,0.0,2.0,1.0,0.0,0.0,3.0,3.0,8.0,8.0,62.2,42.9,42.9,85.7,0.0,2.0,2.0,0.0,8.8,5.6,0.0,2.6,0.0,17.2,28.1
2486956,16,981428,HOMS U.E.MATARÓ,HOME,2813635,E. Kalu,E. Kalu,1,12.7,760.0,8.0,4.0,4.0,0.0,0.0,4.0,4.0,0.0,0.0,2.0,3.0,5.0,1.0,1.0,0.0,0.0,0.0,4.0,0.0,9.0,-2.0,100.0,100.0,0.0,0.0,2.0,0.0,0.0,26.2,22.5,23.9,17.9,0.0,0.0,20.0,20.6
2486956,16,981428,HOMS U.E.MATARÓ,HOME,1920919,E. Coll Comabella,E. Coll Comabella,0,4.7,282.0,5.0,1.0,1.0,1.0,1.0,2.0,2.0,0.0,0.0,0.0,0.0,0.0,0.0,0.0,0.0,0.0,0.0,1.0,0.0,4.0,2.0,125.0,125.0,50.0,0.0,2.0,3.0,0.0,0.0,0.0,0.0,0.0,0.0,0.0,0.0,22.3
2486956,16,981275,MADERAS SORLI BENICARLO,AWAY,2467065,A. Ikpeze,A. Ikpeze,0,8.2,494.0,5.0,2.0,3.0,0.0,0.0,2.0,3.0,1.0,1.0,1.0,0.0,1.0,0.0,1.0,0.0,0.0,0.0,2.0,1.0,3.0,-3.0,72.7,66.7,0.0,33.3,1.3,0.0,1.0,11.6,0.0,7.4,0.0,0.0,0.0,22.5,24.2
2486956,16,981275,MADERAS SORLI BENICARLO,AWAY,2864230,M. Betch,M. Betch,0,8.0,482.0,0.0,0.0,0.0,0.0,1.0,0.0,1.0,0.0,0.0,0.0,1.0,1.0,2.0,0.0,1.0,0.0,0.0,0.0,0.0,3.0,-3.0,0.0,0.0,100.0,0.0,0.0,0.0,0.0,0.0,20.8,7.6,47.6,7.1,0.0,0.0,5.6
2486956,16,981275,MADERAS SORLI BENICARLO,AWAY,1485040,A. Haro Val,A. Haro Val,0,28.4,1704.0,11.0,3.0,5.0,1.0,6.0,4.0,11.0,2.0,4.0,2.0,2.0,4.0,6.0,7.0,1.0,0.0,0.0,1.0,6.0,11.0,-10.0,43.1,40.9,54.5,36.4,1.2,0.5,0.7,6.7,11.7,8.5,56.1,2.0,0.0,35.4,31.1
2486956,16,981275,MADERAS SORLI BENICARLO,AWAY,1998365,P. Harguindey Maneiro,P. Harguindey Maneiro,1,31.2,1875.0,5.0,1.0,1.0,1.0,4.0,2.0,5.0,0.0,0.0,2.0,3.0,5.0,2.0,2.0,1.0,0.0,0.0,2.0,1.0,7.0,-13.0,50.0,50.0,80.0,0.0,2.0,0.8,0.0,6.1,16.0,9.7,13.5,1.8,0.0,28.6,10.0
2486956,16,981275,MADERAS SORLI BENICARLO,AWAY,2500822,M. Voronin,M. Voronin,1,19.1,1147.0,8.0,0.0,6.0,2.0,6.0,2.0,12.0,2.0,2.0,2.0,1.0,3.0,1.0,1.0,0.0,0.0,0.0,1.0,1.0,1.0,-19.0,31.1,25.0,50.0,16.7,0.0,1.0,2.0,10.0,8.7,9.5,11.8,0.0,0.0,7.2,32.5
2486956,16,981275,MADERAS SORLI BENICARLO,AWAY,1659850,A. Prior Ruiz,A. Prior Ruiz,0,16.4,984.0,3.0,0.0,1.0,0.0,2.0,0.0,3.0,3.0,4.0,0.0,2.0,2.0,0.0,2.0,0.0,1.0,0.0,0.0,2.0,2.0,-10.0,31.5,0.0,66.7,133.3,0.0,0.0,2.0,0.0,20.3,7.4,0.0,0.0,7.2,29.6,18.4
2486956,16,981275,MADERAS SORLI BENICARLO,AWAY,2219986,A. Libroia,A. Libroia,1,26.1,1566.0,18.0,2.0,5.0,4.0,5.0,6.0,10.0,2.0,2.0,0.0,1.0,1.0,1.0,0.0,2.0,0.0,0.0,2.0,4.0,20.0,-9.0,82.7,80.0,50.0,20.0,0.8,2.4,0.5,0.0,6.4,2.3,11.5,4.3,0.0,0.0,18.6
2486956,16,981275,MADERAS SORLI BENICARLO,AWAY,2703145,M. Fall,M. Fall,1,26.7,1602.0,7.0,1.0,5.0,0.0,0.0,1.0,5.0,5.0,11.0,6.0,4.0,10.0,0.0,2.0,1.0,0.0,1.0,2.0,8.0,12.0,-18.0,35.6,20.0,0.0,220.0,0.4,0.0,1.4,21.4,25.0,22.7,0.0,2.1,0.0,16.9,19.8
2486956,16,981275,MADERAS SORLI BENICARLO,AWAY,2250610,A. Sanchez Perdiguero,A. Sanchez Perdiguero,1,22.2,1335.0,9.0,4.0,8.0,0.0,2.0,4.0,10.0,1.0,2.0,5.0,4.0,9.0,1.0,0.0,1.0,0.0,0.0,5.0,1.0,9.0,-5.0,41.4,40.0,20.0,20.0,1.0,0.0,2.0,21.5,30.0,24.6,11.6,2.6,0.0,0.0,21.9
2486956,16,981275,MADERAS SORLI BENICARLO,AWAY,2816381,K. Obiekwe Sam,K. Obiekwe Sam,0,13.5,811.0,0.0,0.0,1.0,0.0,2.0,0.0,3.0,0.0,0.0,0.0,0.0,0.0,0.0,0.0,0.0,0.0,0.0,2.0,0.0,-5.0,-10.0,0.0,0.0,66.7,0.0,0.0,0.0,0.0,0.0,0.0,0.0,0.0,0.0,0.0,0.0,9.9
2486957,16,981305,SOL GIRONÈS BISBAL BÀSQUET,HOME,2864634,X. Ochu,X. Ochu,0,24.8,1485.0,13.0,5.0,11.0,0.0,5.0,5.0,16.0,3.0,4.0,2.0,1.0,3.0,1.0,1.0,2.0,0.0,1.0,3.0,3.0,6.0,11.0,36.6,31.2,31.2,25.0,0.9,0.0,1.3,8.3,5.0,6.8,7.4,4.3,0.0,5.3,30.5
2486957,16,981305,SOL GIRONÈS BISBAL BÀSQUET,HOME,2851798,F. Adebayo,F. Adebayo,1,34.9,2093.0,11.0,4.0,7.0,1.0,5.0,5.0,12.0,0.0,2.0,2.0,5.0,7.0,4.0,6.0,0.0,0.0,1.0,3.0,4.0,8.0,15.0,42.7,45.8,41.7,16.7,1.1,0.6,0.5,5.9,17.9,11.3,17.5,0.0,0.0,31.8,21.8
2486957,16,981305,SOL GIRONÈS BISBAL BÀSQUET,HOME,1964254,P. Sala Vallmajo,P. Sala Vallmajo,0,5.5,333.0,0.0,0.0,0.0,0.0,1.0,0.0,1.0,0.0,0.0,0.0,0.0,0.0,0.0,0.0,1.0,0.0,0.0,1.0,0.0,-1.0,-5.0,0.0,0.0,100.0,0.0,0.0,0.0,0.0,0.0,0.0,0.0,0.0,9.6,0.0,0.0,7.3
2486957,16,981305,SOL GIRONÈS BISBAL BÀSQUET,HOME,1227597,I. Valera Corominas,I. Valera Corominas,0,16.8,1007.0,9.0,2.0,2.0,1.0,3.0,3.0,5.0,2.0,2.0,1.0,2.0,3.0,0.0,1.0,2.0,0.0,0.0,1.0,3.0,13.0,4.0,76.5,70.0,60.0,40.0,2.0,1.0,0.7,6.1,14.9,10.1,0.0,6.3,0.0,14.5,16.5
2486957,16,981305,SOL GIRONÈS BISBAL BÀSQUET,HOME,1829525,M. Mikhailov Paltarak,M. Mikhailov Paltarak,1,34.5,2073.0,13.0,5.0,11.0,0.0,0.0,5.0,11.0,3.0,3.0,1.0,9.0,10.0,0.0,0.0,1.0,0.0,0.0,2.0,4.0,20.0,17.0,52.8,45.5,0.0,27.3,0.9,0.0,0.8,3.0,32.6,16.3,0.0,1.5,0.0,0.0,14.4
2486957,16,981305,SOL GIRONÈS BISBAL BÀSQUET,HOME,2322727,A. Vila I Gómez,A. Vila I Gómez,0,0.8,48.0,0.0,0.0,0.0,0.0,0.0,0.0,0.0,0.0,0.0,0.0,0.0,0.0,0.0,0.0,0.0,0.0,0.0,0.0,0.0,0.0,2.0,0.0,0.0,0.0,0.0,0.0,0.0,0.0,0.0,0.0,0.0,0.0,0.0,0.0,0.0,0.0
2486957,16,981305,SOL GIRONÈS BISBAL BÀSQUET,HOME,2822552,C. Larousse,C. Larousse,1,22.2,1335.0,6.0,3.0,8.0,0.0,0.0,3.0,8.0,0.0,2.0,4.0,3.0,7.0,1.0,1.0,0.0,0.0,0.0,2.0,3.0,7.0,-3.0,33.8,37.5,0.0,25.0,0.8,0.0,0.7,18.5,16.9,17.8,6.4,0.0,0.0,10.1,17.9
2486957,16,981305,SOL GIRONÈS BISBAL BÀSQUET,HOME,1400270,B. Alvarez Torres,B. Alvarez Torres,1,31.5,1891.0,24.0,5.0,10.0,3.0,5.0,8.0,15.0,5.0,5.0,0.0,1.0,1.0,3.0,2.0,4.0,0.0,1.0,2.0,4.0,25.0,6.0,69.8,63.3,33.3,33.3,1.0,1.8,1.2,0.0,4.0,1.8,17.9,6.7,0.0,10.4,24.6
2486957,16,981305,SOL GIRONÈS BISBAL BÀSQUET,HOME,2815176,S. Kane,S. Kane,0,5.3,317.0,0.0,0.0,0.0,0.0,0.0,0.0,0.0,0.0,0.0,1.0,1.0,2.0,0.0,0.0,0.0,0.0,0.0,3.0,0.0,-1.0,-6.0,0.0,0.0,0.0,0.0,0.0,0.0,0.0,19.4,23.6,21.3,0.0,0.0,0.0,0.0,0.0
2486957,16,981305,SOL GIRONÈS BISBAL BÀSQUET,HOME,1198592,X. Torrent Bayé,X. Torrent Bayé,1,23.6,1415.0,9.0,0.0,1.0,2.0,8.0,2.0,9.0,3.0,3.0,3.0,1.0,4.0,1.0,2.0,0.0,0.0,0.0,3.0,5.0,7.0,14.0,43.6,33.3,88.9,33.3,0.0,0.8,0.6,13.0,5.3,9.5,6.0,0.0,0.0,16.2,21.0
2486957,16,981305,SOL GIRONÈS BISBAL BÀSQUET,HOME,2614810,L. Dimitrovic,L. Dimitrovic,0,0.1,3.0,0.0,0.0,0.0,0.0,0.0,0.0,0.0,0.0,0.0,0.0,0.0,0.0,0.0,0.0,0.0,0.0,0.0,0.0,0.0,0.0,0.0,0.0,0.0,0.0,0.0,0.0,0.0,0.0,0.0,0.0,0.0,0.0,0.0,0.0,0.0,0.0
2486957,16,981490,CLUB ESPORTIU BÀSQUET LLÍRIA,AWAY,2274877,K. Clement Aigbogun,K. Clement Aigbogun,0,14.2,851.0,9.0,2.0,3.0,1.0,4.0,3.0,7.0,2.0,3.0,1.0,1.0,2.0,1.0,3.0,1.0,1.0,0.0,4.0,2.0,4.0,-8.0,54.1,50.0,57.1,42.9,1.3,0.8,1.5,8.8,7.2,7.9,16.1,3.3,5.6,26.5,37.6
2486957,16,981490,CLUB ESPORTIU BÀSQUET LLÍRIA,AWAY,1995160,D. Rivas Palmer,D. Rivas Palmer,1,31.9,1912.0,13.0,0.0,1.0,4.0,10.0,4.0,11.0,1.0,3.0,2.0,8.0,10.0,1.0,0.0,1.0,0.0,0.0,1.0,2.0,17.0,-11.0,52.8,54.5,90.9,27.3,0.0,1.2,1.5,7.8,25.7,17.7,6.9,1.5,0.0,0.0,18.2
2486957,16,981490,CLUB ESPORTIU BÀSQUET LLÍRIA,AWAY,1882178,J. Palamos Molins,J. Palamos Molins,0,18.1,1084.0,5.0,0.0,1.0,1.0,4.0,1.0,5.0,2.0,2.0,0.0,1.0,1.0,1.0,3.0,0.0,1.0,0.0,3.0,1.0,-1.0,-18.0,42.5,30.0,80.0,40.0,0.0,0.8,2.0,0.0,5.7,3.1,9.5,0.0,4.4,33.8,23.1
2486957,16,981490,CLUB ESPORTIU BÀSQUET LLÍRIA,AWAY,2281145,A. Rivas Palmer,A. Rivas Palmer,1,16.1,969.0,3.0,0.0,1.0,1.0,7.0,1.0,8.0,0.0,0.0,0.0,1.0,1.0,1.0,0.0,1.0,0.0,0.0,2.0,0.0,-3.0,1.0,18.8,18.8,87.5,0.0,0.0,0.4,0.0,0.0,6.4,3.5,12.2,2.9,0.0,0.0,23.4
2486957,16,981490,CLUB ESPORTIU BÀSQUET LLÍRIA,AWAY,1560358,A. Meana Perez,A. Meana Perez,1,24.7,1484.0,22.0,2.0,4.0,4.0,5.0,6.0,9.0,6.0,6.0,0.0,0.0,0.0,5.0,5.0,1.0,0.0,0.0,5.0,7.0,22.0,6.0,94.5,88.9,55.6,66.7,1.0,2.4,0.9,0.0,0.0,0.0,64.1,1.9,0.0,30.0,31.8
2486957,16,981490,CLUB ESPORTIU BÀSQUET LLÍRIA,AWAY,1257494,V. Perez Tomas,V. Perez Tomas,0,20.0,1202.0,9.0,0.0,0.0,3.0,4.0,3.0,4.0,0.0,0.0,0.0,2.0,2.0,2.0,1.0,3.0,0.0,0.0,1.0,0.0,13.0,-11.0,112.5,112.5,100.0,0.0,0.0,2.2,0.0,0.0,10.3,5.6,23.5,7.0,0.0,20.0,11.8
2486957,16,981490,CLUB ESPORTIU BÀSQUET LLÍRIA,AWAY,2665346,D. Kandulu,D. Kandulu,1,15.8,950.0,1.0,0.0,2.0,0.0,0.0,0.0,2.0,1.0,4.0,3.0,6.0,9.0,0.0,3.0,2.0,1.0,0.0,5.0,3.0,3.0,13.0,13.3,0.0,0.0,200.0,0.0,0.0,1.3,23.7,38.9,32.1,0.0,5.9,5.1,44.4,20.2
2486957,16,981490,CLUB ESPORTIU BÀSQUET LLÍRIA,AWAY,1761293,P. Bono Soler,P. Bono Soler,0,18.3,1096.0,3.0,1.0,1.0,0.0,1.0,1.0,2.0,1.0,1.0,1.0,3.0,4.0,1.0,1.0,2.0,0.0,0.0,1.0,1.0,8.0,-8.0,61.5,50.0,50.0,50.0,2.0,0.0,1.0,6.8,16.8,12.3,9.5,5.1,0.0,29.1,8.9
2486957,16,981490,CLUB ESPORTIU BÀSQUET LLÍRIA,AWAY,2184821,M. Enabulele Ogunsuyi,M. Enabulele Ogunsuyi,0,23.5,1411.0,4.0,2.0,3.0,0.0,0.0,2.0,3.0,0.0,1.0,1.0,2.0,3.0,0.0,3.0,0.0,0.0,0.0,4.0,2.0,0.0,-20.0,58.1,66.7,0.0,33.3,1.3,0.0,0.5,5.3,8.7,7.2,0.0,0.0,0.0,46.6,12.9
2486957,16,981490,CLUB ESPORTIU BÀSQUET LLÍRIA,AWAY,1702333,E. Herrera Sauret,E. Herrera Sauret,1,17.4,1041.0,5.0,1.0,3.0,1.0,2.0,2.0,5.0,0.0,0.0,1.0,1.0,2.0,1.0,1.0,2.0,0.0,0.0,1.0,2.0,7.0,1.0,50.0,50.0,40.0,0.0,0.7,1.5,0.0,7.2,5.9,6.5,13.9,5.4,0.0,16.7,16.3
2486958,16,981207,OCA GLOBAL C.B. SALOU,HOME,2451495,D. Knowles,D. Knowles,0,19.1,1147.0,2.0,1.0,2.0,0.0,0.0,1.0,2.0,0.0,0.0,1.0,1.0,2.0,1.0,1.0,0.0,0.0,0.0,3.0,0.0,0.0,8.0,50.0,50.0,0.0,0.0,1.0,0.0,0.0,5.1,6.8,5.8,9.1,0.0,0.0,33.3,7.1
2486958,16,981207,OCA GLOBAL C.B. SALOU,HOME,2715040,B. Traore,B. Traore,0,21.1,1266.0,5.0,1.0,2.0,1.0,4.0,2.0,6.0,0.0,2.0,2.0,9.0,11.0,0.0,2.0,1.0,0.0,0.0,1.0,3.0,11.0,2.0,36.3,41.7,66.7,33.3,1.0,0.8,0.7,9.2,55.0,29.0,0.0,2.6,0.0,22.5,19.0
2486958,16,981207,OCA GLOBAL C.B. SALOU,HOME,1271466,D. Cuellar Garcia,D. Cuellar Garcia,0,28.2,1690.0,10.0,1.0,2.0,2.0,5.0,3.0,7.0,2.0,3.0,4.0,3.0,7.0,3.0,2.0,0.0,1.0,0.0,3.0,4.0,15.0,16.0,60.1,57.1,71.4,42.9,1.0,1.2,0.8,13.8,13.7,13.8,21.7,0.0,4.9,19.4,16.5
2486958,16,981207,OCA GLOBAL C.B. SALOU,HOME,2242531,E. Moure Colombo,E. Moure Colombo,1,11.4,682.0,3.0,0.0,1.0,1.0,3.0,1.0,4.0,0.0,0.0,0.0,2.0,2.0,1.0,2.0,1.0,0.0,0.0,4.0,0.0,-2.0,-11.0,37.5,37.5,75.0,0.0,0.0,1.0,0.0,0.0,22.6,9.7,16.1,4.8,0.0,33.3,23.7
2486958,16,981207,OCA GLOBAL C.B. SALOU,HOME,2814887,P. Renane,P. Renane,1,15.6,937.0,4.0,0.0,0.0,0.0,0.0,0.0,0.0,4.0,4.0,0.0,1.0,1.0,0.0,1.0,1.0,0.0,0.0,0.0,2.0,7.0,-4.0,113.6,0.0,0.0,0.0,0.0,0.0,2.0,0.0,8.3,3.6,0.0,3.5,0.0,36.2,8.0
2486958,16,981207,OCA GLOBAL C.B. SALOU,HOME,1938487,A. Llorca Castillo,A. Llorca Castillo,1,22.7,1363.0,11.0,4.0,5.0,1.0,5.0,5.0,10.0,0.0,1.0,2.0,0.0,2.0,2.0,4.0,1.0,0.0,0.0,5.0,2.0,3.0,-17.0,52.7,55.0,50.0,10.0,1.6,0.6,0.5,8.6,0.0,4.9,21.3,2.4,0.0,27.7,28.7
2486958,16,981207,OCA GLOBAL C.B. SALOU,HOME,2284777,C. Knowles,C. Knowles,1,27.1,1623.0,14.0,5.0,11.0,1.0,4.0,6.0,15.0,1.0,3.0,1.0,4.0,5.0,1.0,2.0,3.0,1.0,3.0,3.0,2.0,10.0,-11.0,42.9,43.3,26.7,20.0,0.9,0.8,1.5,3.6,19.0,10.3,9.3,6.1,5.1,10.9,30.5
2486958,16,981207,OCA GLOBAL C.B. SALOU,HOME,1610350,E. Martinez Pretel,E. Martinez Pretel,0,28.7,1721.0,6.0,0.0,1.0,1.0,9.0,1.0,10.0,3.0,4.0,1.0,1.0,2.0,2.0,0.0,3.0,0.0,0.0,1.0,5.0,7.0,6.0,25.5,15.0,90.0,40.0,0.0,0.3,0.8,3.4,4.5,3.9,12.7,5.8,0.0,0.0,18.5
2486958,16,981207,OCA GLOBAL C.B. SALOU,HOME,2274746,P. Salo Blaya,P. Salo Blaya,1,7.5,453.0,1.0,0.0,2.0,0.0,0.0,0.0,2.0,1.0,2.0,1.0,0.0,1.0,0.0,0.0,0.0,0.0,0.0,2.0,1.0,-2.0,-13.0,17.4,0.0,0.0,100.0,0.0,0.0,2.0,13.0,0.0,7.4,0.0,0.0,0.0,0.0,17.3
2486958,16,981207,OCA GLOBAL C.B. SALOU,HOME,2534398,J. Sánchez,J. Sánchez,0,18.6,1118.0,13.0,3.0,3.0,2.0,4.0,5.0,7.0,1.0,1.0,0.0,1.0,1.0,1.0,3.0,1.0,0.0,0.0,2.0,1.0,10.0,-1.0,87.4,85.7,57.1,14.3,2.0,1.5,1.0,0.0,6.9,3.0,14.3,3.0,0.0,28.7,25.3
2486958,16,981358,CIUDAD MOLINA BASKET,AWAY,2816300,A. Duval,A. Duval,0,5.4,323.0,0.0,0.0,3.0,0.0,2.0,0.0,5.0,0.0,0.0,0.0,0.0,0.0,0.0,0.0,0.0,0.0,1.0,3.0,0.0,-8.0,-14.0,0.0,0.0,40.0,0.0,0.0,0.0,0.0,0.0,0.0,0.0,0.0,0.0,0.0,0.0,45.5
2486958,16,981358,CIUDAD MOLINA BASKET,AWAY,1532799,R. Timoner Gimenez,R. Timoner Gimenez,0,20.7,1243.0,4.0,0.0,1.0,1.0,1.0,1.0,2.0,1.0,2.0,1.0,4.0,5.0,2.0,1.0,0.0,0.0,0.0,2.0,3.0,9.0,-20.0,69.4,75.0,50.0,100.0,0.0,3.0,0.7,6.2,18.9,13.4,17.4,0.0,0.0,25.8,9.2
2486958,16,981358,CIUDAD MOLINA BASKET,AWAY,2146670,P. Campeny Lloveras,P. Campeny Lloveras,0,13.7,820.0,5.0,0.0,0.0,1.0,4.0,1.0,4.0,2.0,2.0,0.0,1.0,1.0,0.0,1.0,1.0,0.0,0.0,0.0,2.0,5.0,-4.0,51.2,37.5,100.0,50.0,0.0,0.8,1.0,0.0,7.1,4.1,0.0,3.8,0.0,17.0,21.1
2486958,16,981358,CIUDAD MOLINA BASKET,AWAY,2864918,H. Kabasele Kasonga,H. Kabasele Kasonga,1,15.9,957.0,3.0,1.0,3.0,0.0,0.0,1.0,3.0,1.0,2.0,0.0,2.0,2.0,1.0,1.0,0.0,1.0,0.0,2.0,3.0,4.0,9.0,38.7,33.3,0.0,66.7,0.7,0.0,0.7,0.0,12.3,7.0,11.1,0.0,8.7,20.5,15.1
2486958,16,981358,CIUDAD MOLINA BASKET,AWAY,2816662,G. Miladinovic,G. Miladinovic,0,13.5,812.0,8.0,2.0,3.0,0.0,0.0,2.0,3.0,4.0,8.0,0.0,2.0,2.0,1.0,3.0,1.0,1.0,0.0,2.0,4.0,7.0,-12.0,61.3,66.7,0.0,266.7,1.3,0.0,2.0,0.0,14.5,8.2,18.2,3.9,10.2,31.5,34.6
2486958,16,981358,CIUDAD MOLINA BASKET,AWAY,1994360,U. Zamora Maña,U. Zamora Maña,1,28.8,1726.0,6.0,1.0,1.0,1.0,5.0,2.0,6.0,1.0,2.0,4.0,2.0,6.0,2.0,2.0,2.0,0.0,0.0,3.0,2.0,8.0,8.0,43.6,41.7,83.3,33.3,2.0,0.6,1.0,17.9,6.8,11.6,12.9,3.6,0.0,22.5,15.1
2486958,16,981358,CIUDAD MOLINA BASKET,AWAY,2042118,F. Hernandez Martinez,F. Hernandez Martinez,1,28.8,1725.0,21.0,4.0,6.0,4.0,9.0,8.0,15.0,1.0,5.0,1.0,9.0,10.0,2.0,2.0,2.0,0.0,1.0,1.0,3.0,24.0,21.0,61.0,66.7,60.0,33.3,1.3,1.3,1.7,4.5,30.5,19.3,21.1,3.6,0.0,10.4,32.7
2486958,16,981358,CIUDAD MOLINA BASKET,AWAY,2816661,M. Mukendi Mukendi,M. Mukendi Mukendi,0,21.1,1264.0,4.0,1.0,3.0,0.0,0.0,1.0,3.0,2.0,2.0,0.0,3.0,3.0,0.0,1.0,0.0,0.0,0.0,4.0,3.0,3.0,-8.0,51.5,33.3,0.0,66.7,0.7,0.0,0.7,0.0,13.9,7.9,0.0,0.0,0.0,20.5,11.4
2486958,16,981358,CIUDAD MOLINA BASKET,AWAY,1439463,C. Toledo Zamora,C. Toledo Zamora,1,28.8,1730.0,8.0,4.0,5.0,0.0,2.0,4.0,7.0,0.0,0.0,2.0,3.0,5.0,0.0,1.0,1.0,1.0,0.0,2.0,1.0,10.0,23.0,57.1,57.1,28.6,0.0,1.6,0.0,0.0,9.0,10.2,9.6,0.0,1.8,4.8,12.5,13.6
2486958,16,981358,CIUDAD MOLINA BASKET,AWAY,2032122,J. Tavelli,J. Tavelli,1,23.3,1400.0,15.0,2.0,4.0,3.0,3.0,5.0,7.0,2.0,3.0,1.0,3.0,4.0,9.0,3.0,2.0,0.0,0.0,4.0,1.0,21.0,22.0,90.1,92.9,42.9,42.9,1.0,3.0,3.0,5.5,12.6,9.5,90.0,4.5,0.0,26.5,23.9
2486959,16,981294,C.B. ZARAGOZA,HOME,1802050,D. Muñoz Samatan,D. Muñoz Samatan,0,26.7,1601.0,10.0,5.0,7.0,0.0,0.0,5.0,7.0,0.0,0.0,5.0,5.0,10.0,1.0,2.0,0.0,0.0,0.0,1.0,1.0,17.0,7.0,71.4,71.4,0.0,0.0,1.4,0.0,0.0,20.8,18.7,19.7,6.2,0.0,0.0,22.2,15.3
2486959,16,981294,C.B. ZARAGOZA,HOME,1798932,D. Arjol Lopez,D. Arjol Lopez,0,22.3,1336.0,11.0,4.0,7.0,0.0,2.0,4.0,9.0,3.0,4.0,0.0,4.0,4.0,2.0,5.0,2.0,0.0,0.0,2.0,4.0,10.0,-11.0,51.1,44.4,22.2,44.4,1.1,0.0,1.0,0.0,17.9,9.4,14.3,4.5,0.0,31.7,32.2
2486959,16,981294,C.B. ZARAGOZA,HOME,1250976,O. Alvarado Rodriguez,O. Alvarado Rodriguez,1,28.7,1722.0,8.0,1.0,2.0,2.0,6.0,3.0,8.0,0.0,0.0,2.0,2.0,4.0,5.0,3.0,0.0,0.0,0.0,4.0,3.0,8.0,-6.0,50.0,50.0,75.0,0.0,1.0,1.0,0.0,7.7,7.0,7.3,27.8,0.0,0.0,27.3,17.5
2486959,16,981294,C.B. ZARAGOZA,HOME,1861515,P. Aso Jimenez,P. Aso Jimenez,1,23.2,1390.0,4.0,1.0,2.0,0.0,3.0,1.0,5.0,2.0,2.0,1.0,3.0,4.0,1.0,0.0,0.0,0.0,0.0,0.0,1.0,6.0,-11.0,34.0,20.0,60.0,40.0,1.0,0.0,2.0,4.8,12.9,9.1,5.9,0.0,0.0,0.0,11.5
2486959,16,981294,C.B. ZARAGOZA,HOME,1446949,J. Jiménez Jiménez,J. Jiménez Jiménez,0,27.3,1637.0,14.0,1.0,1.0,3.0,8.0,4.0,9.0,3.0,3.0,0.0,4.0,4.0,1.0,2.0,1.0,0.0,0.0,5.0,4.0,12.0,7.0,67.8,61.1,88.9,33.3,2.0,1.1,0.8,0.0,14.7,7.7,5.9,1.8,0.0,16.2,20.6
2486959,16,981294,C.B. ZARAGOZA,HOME,2704882,Y. Kolo,Y. Kolo,1,7.8,465.0,10.0,2.0,3.0,2.0,3.0,4.0,6.0,0.0,0.0,0.0,3.0,3.0,0.0,0.0,0.0,0.0,0.0,0.0,1.0,12.0,-5.0,83.3,83.3,50.0,0.0,1.3,2.0,0.0,0.0,38.5,20.2,0.0,0.0,0.0,0.0,35.0
2486959,16,981294,C.B. ZARAGOZA,HOME,2815312,J. Zhao Olmos,J. Zhao Olmos,1,27.0,1620.0,12.0,5.0,8.0,0.0,4.0,5.0,12.0,2.0,2.0,2.0,3.0,5.0,1.0,1.0,0.0,0.0,0.0,2.0,2.0,10.0,-4.0,46.6,41.7,33.3,16.7,1.2,0.0,1.0,8.2,11.1,9.7,6.2,0.0,0.0,7.2,23.4
2486959,16,981294,C.B. ZARAGOZA,HOME,1556128,G. Colom Barrufet,G. Colom Barrufet,0,12.4,746.0,4.0,2.0,4.0,0.0,2.0,2.0,6.0,0.0,0.0,0.0,1.0,1.0,0.0,1.0,0.0,0.0,0.0,0.0,0.0,0.0,-1.0,33.3,33.3,33.3,0.0,1.0,0.0,0.0,0.0,8.1,4.2,0.0,0.0,0.0,14.3,25.7
2486959,16,981294,C.B. ZARAGOZA,HOME,1910411,A. Aragones Navais,A. Aragones Navais,1,24.7,1483.0,5.0,1.0,4.0,1.0,2.0,2.0,6.0,0.0,0.0,0.0,4.0,4.0,3.0,1.0,3.0,0.0,0.0,1.0,1.0,10.0,-1.0,41.7,41.7,33.3,0.0,0.5,1.5,0.0,0.0,16.2,8.5,18.8,6.1,0.0,14.3,12.9
2486959,16,981347,PROINBENI UPB GANDIA,AWAY,1824880,G. Perez Ramirez,G. Perez Ramirez,0,26.4,1587.0,16.0,2.0,2.0,4.0,12.0,6.0,14.0,0.0,0.0,1.0,3.0,4.0,1.0,1.0,0.0,0.0,0.0,1.0,1.0,12.0,-9.0,57.1,57.1,85.7,0.0,2.0,1.0,0.0,3.8,12.6,8.0,6.4,0.0,0.0,6.7,25.1
2486959,16,981347,PROINBENI UPB GANDIA,AWAY,2736564,K. Greeley,K. Greeley,1,29.2,1751.0,18.0,3.0,7.0,3.0,10.0,6.0,17.0,3.0,6.0,0.0,3.0,3.0,3.0,0.0,2.0,0.0,0.0,2.0,4.0,14.0,3.0,45.8,44.1,58.8,35.3,0.9,0.9,1.5,0.0,11.4,5.4,19.1,3.5,0.0,0.0,29.7
2486959,16,981347,PROINBENI UPB GANDIA,AWAY,2378347,J. Molina Martinez,J. Molina Martinez,0,27.2,1633.0,9.0,3.0,3.0,1.0,4.0,4.0,7.0,0.0,0.0,2.0,4.0,6.0,5.0,2.0,1.0,0.0,0.0,2.0,1.0,15.0,4.0,64.3,64.3,57.1,0.0,2.0,0.8,0.0,7.4,16.3,11.6,28.2,1.9,0.0,22.2,14.6
2486959,16,981347,PROINBENI UPB GANDIA,AWAY,1673764,L. Ferrando Ortells,L. Ferrando Ortells,1,28.9,1732.0,13.0,4.0,6.0,1.0,2.0,5.0,8.0,2.0,2.0,0.0,5.0,5.0,5.0,1.0,5.0,0.0,0.0,3.0,3.0,24.0,2.0,73.2,68.8,25.0,25.0,1.3,1.5,0.7,0.0,19.2,9.1,29.9,8.9,0.0,10.1,15.1
2486959,16,981347,PROINBENI UPB GANDIA,AWAY,2711878,D. Ilincic,D. Ilincic,0,8.9,532.0,4.0,2.0,4.0,0.0,0.0,2.0,4.0,0.0,2.0,0.0,3.0,3.0,0.0,1.0,0.0,0.0,0.0,2.0,1.0,1.0,-8.0,41.0,50.0,0.0,50.0,1.0,0.0,2.0,0.0,37.5,17.7,0.0,0.0,0.0,17.0,29.2
2486959,16,981347,PROINBENI UPB GANDIA,AWAY,1996333,M. Montilla Diaz,M. Montilla Diaz,1,13.6,818.0,0.0,0.0,3.0,0.0,0.0,0.0,3.0,0.0,0.0,3.0,0.0,3.0,2.0,1.0,0.0,0.0,0.0,1.0,0.0,0.0,14.0,0.0,0.0,0.0,0.0,0.0,0.0,0.0,22.1,0.0,11.6,21.5,0.0,0.0,25.0,13.0
2486959,16,981347,PROINBENI UPB GANDIA,AWAY,1827011,J. Soler Cirujeda,J. Soler Cirujeda,0,11.1,663.0,7.0,1.0,5.0,1.0,2.0,2.0,7.0,2.0,3.0,0.0,0.0,0.0,2.0,1.0,0.0,0.0,0.0,3.0,2.0,1.0,3.0,42.1,35.7,28.6,42.9,0.4,1.5,1.5,0.0,0.0,0.0,27.4,0.0,0.0,10.7,37.1
2486959,16,981347,PROINBENI UPB GANDIA,AWAY,1857448,J. Santana Luchoro,J. Santana Luchoro,1,20.8,1245.0,2.0,1.0,4.0,0.0,0.0,1.0,4.0,0.0,0.0,2.0,6.0,8.0,0.0,1.0,0.0,0.0,0.0,1.0,0.0,5.0,11.0,25.0,25.0,0.0,0.0,0.5,0.0,0.0,9.6,32.1,20.2,0.0,0.0,0.0,20.0,10.6
2486959,16,981347,PROINBENI UPB GANDIA,AWAY,1851026,A. Bellver Valiente,A. Bellver Valiente,0,12.1,723.0,8.0,1.0,1.0,2.0,6.0,3.0,7.0,0.0,0.0,0.0,0.0,0.0,1.0,0.0,0.0,0.0,0.0,1.0,0.0,4.0,-1.0,57.1,57.1,85.7,0.0,2.0,1.0,0.0,0.0,0.0,0.0,15.9,0.0,0.0,0.0,25.5
2486959,16,981347,PROINBENI UPB GANDIA,AWAY,2335802,J. Bitjaa Kody,J. Bitjaa Kody,1,21.9,1316.0,6.0,1.0,3.0,1.0,2.0,2.0,5.0,1.0,2.0,3.0,2.0,5.0,3.0,0.0,0.0,0.0,0.0,1.0,2.0,11.0,6.0,51.0,50.0,40.0,40.0,0.7,1.5,1.0,13.7,10.1,12.0,22.2,0.0,0.0,0.0,11.9
2486960,16,979996,AMICS CASTELLÓ,HOME,2149001,R. Fabrega Urpina,R. Fabrega Urpina,0,23.8,1430.0,10.0,2.0,3.0,2.0,4.0,4.0,7.0,0.0,0.0,0.0,1.0,1.0,3.0,2.0,0.0,0.0,1.0,1.0,1.0,9.0,14.0,71.4,71.4,57.1,0.0,1.3,1.5,0.0,0.0,5.3,2.4,19.7,0.0,0.0,22.2,15.7
2486960,16,979996,AMICS CASTELLÓ,HOME,273780,J. Faner Catala,J. Faner Catala,1,20.7,1243.0,4.0,2.0,3.0,0.0,3.0,2.0,6.0,0.0,0.0,1.0,4.0,5.0,5.0,2.0,2.0,0.0,0.0,2.0,0.0,8.0,-5.0,33.3,33.3,50.0,0.0,1.3,0.0,0.0,5.0,24.2,13.6,35.7,4.8,0.0,25.0,16.0
2486960,16,979996,AMICS CASTELLÓ,HOME,2818901,O. Russell,O. Russell,1,25.7,1544.0,13.0,3.0,7.0,1.0,4.0,4.0,11.0,4.0,5.0,1.0,1.0,2.0,4.0,2.0,4.0,0.0,0.0,4.0,3.0,12.0,11.0,49.2,40.9,36.4,45.5,0.9,0.8,1.7,4.0,4.9,4.4,26.3,7.8,0.0,13.2,24.5
2486960,16,979996,AMICS CASTELLÓ,HOME,2816147,D. Bah,D. Bah,1,29.1,1746.0,20.0,9.0,12.0,0.0,0.0,9.0,12.0,2.0,3.0,5.0,3.0,8.0,0.0,1.0,1.0,0.0,0.0,3.0,2.0,23.0,13.0,75.1,75.0,0.0,25.0,1.5,0.0,1.5,17.6,12.9,15.5,0.0,1.7,0.0,7.0,20.4
2486960,16,979996,AMICS CASTELLÓ,HOME,1817496,P. Garcia Carrero,P. Garcia Carrero,1,31.2,1873.0,21.0,5.0,7.0,3.0,4.0,8.0,11.0,2.0,4.0,4.0,7.0,11.0,1.0,2.0,1.0,0.0,0.0,2.0,7.0,32.0,9.0,82.3,86.4,36.4,36.4,1.4,2.2,0.6,13.1,28.0,19.9,5.7,1.6,0.0,13.6,19.6
2486960,16,979996,AMICS CASTELLÓ,HOME,2816738,K. Newton,K. Newton,0,18.8,1126.0,7.0,2.0,3.0,0.0,8.0,2.0,11.0,3.0,3.0,0.0,0.0,0.0,1.0,3.0,0.0,0.0,0.0,2.0,2.0,-4.0,-6.0,28.4,18.2,72.7,27.3,1.3,0.0,1.5,0.0,0.0,0.0,7.1,0.0,0.0,19.6,33.8
2486960,16,979996,AMICS CASTELLÓ,HOME,2087878,D. Saez Gil,D. Saez Gil,0,0.6,34.0,0.0,0.0,0.0,0.0,0.0,0.0,0.0,0.0,0.0,0.0,0.0,0.0,0.0,0.0,0.0,0.0,0.0,0.0,0.0,0.0,2.0,0.0,0.0,0.0,0.0,0.0,0.0,0.0,0.0,0.0,0.0,0.0,0.0,0.0,0.0,0.0
2486960,16,979996,AMICS CASTELLÓ,HOME,1840859,V. Rodriguez Gil,V. Rodriguez Gil,0,2.7,160.0,2.0,1.0,1.0,0.0,0.0,1.0,1.0,0.0,0.0,0.0,0.0,0.0,0.0,0.0,0.0,0.0,0.0,1.0,0.0,1.0,5.0,100.0,100.0,0.0,0.0,2.0,0.0,0.0,0.0,0.0,0.0,0.0,0.0,0.0,0.0,15.4
2486960,16,979996,AMICS CASTELLÓ,HOME,2641325,M. Andreatta,M. Andreatta,0,26.4,1587.0,3.0,0.0,2.0,1.0,4.0,1.0,6.0,0.0,0.0,2.0,4.0,6.0,0.0,0.0,1.0,0.0,1.0,2.0,1.0,4.0,8.0,25.0,25.0,66.7,0.0,0.0,0.8,0.0,7.8,18.9,12.8,0.0,1.9,0.0,0.0,9.4
2486960,16,979996,AMICS CASTELLÓ,HOME,1627889,A. Tamayo Lesmes,A. Tamayo Lesmes,1,20.9,1257.0,5.0,0.0,2.0,1.0,7.0,1.0,9.0,2.0,2.0,4.0,2.0,6.0,3.0,3.0,1.0,0.0,0.0,1.0,4.0,7.0,4.0,25.3,16.7,77.8,22.2,0.0,0.4,0.5,19.6,12.0,16.2,20.0,2.4,0.0,23.3,25.6
2486960,16,981491,C.B. GETAFE,AWAY,1223461,J. Tejera Tejo,J. Tejera Tejo,0,11.4,683.0,2.0,1.0,1.0,0.0,1.0,1.0,2.0,0.0,0.0,0.0,0.0,0.0,0.0,0.0,0.0,0.0,0.0,0.0,0.0,1.0,-4.0,50.0,50.0,50.0,0.0,2.0,0.0,0.0,0.0,0.0,0.0,0.0,0.0,0.0,0.0,7.8
2486960,16,981491,C.B. GETAFE,AWAY,2816388,M. Abdulsalam,M. Abdulsalam,0,19.1,1144.0,6.0,3.0,4.0,0.0,0.0,3.0,4.0,0.0,0.0,0.0,3.0,3.0,1.0,1.0,0.0,1.0,0.0,4.0,0.0,5.0,-13.0,75.0,75.0,0.0,0.0,1.5,0.0,0.0,0.0,16.1,8.8,10.0,0.0,5.2,20.0,11.7
2486960,16,981491,C.B. GETAFE,AWAY,1789964,E. Ortiz Torres,E. Ortiz Torres,0,15.6,937.0,3.0,0.0,3.0,1.0,2.0,1.0,5.0,0.0,0.0,0.0,2.0,2.0,2.0,4.0,2.0,1.0,0.0,4.0,1.0,-1.0,-1.0,30.0,30.0,40.0,0.0,0.0,1.5,0.0,0.0,13.1,7.2,21.3,6.5,6.4,44.4,25.7
2486960,16,981491,C.B. GETAFE,AWAY,2816390,A. Akinwole,A. Akinwole,0,25.4,1526.0,15.0,3.0,4.0,2.0,3.0,5.0,7.0,3.0,3.0,0.0,3.0,3.0,0.0,1.0,1.0,0.0,0.0,3.0,6.0,19.0,1.0,90.1,85.7,42.9,42.9,1.5,2.0,0.5,0.0,12.1,6.7,0.0,2.0,0.0,10.7,16.3
2486960,16,981491,C.B. GETAFE,AWAY,2815898,C. Henderson,C. Henderson,1,7.6,456.0,0.0,0.0,0.0,0.0,1.0,0.0,1.0,0.0,0.0,0.0,0.0,0.0,0.0,2.0,0.0,0.0,0.0,5.0,0.0,-8.0,-10.0,0.0,0.0,100.0,0.0,0.0,0.0,0.0,0.0,0.0,0.0,0.0,0.0,0.0,66.7,17.6
2486960,16,981491,C.B. GETAFE,AWAY,1328788,M. Alvarez Puertas,M. Alvarez Puertas,0,18.2,1095.0,2.0,1.0,4.0,0.0,2.0,1.0,6.0,0.0,0.0,1.0,2.0,3.0,2.0,0.0,1.0,0.0,0.0,1.0,0.0,2.0,0.0,16.7,16.7,33.3,0.0,0.5,0.0,0.0,6.9,11.3,9.3,16.7,2.8,0.0,0.0,14.7
2486960,16,981491,C.B. GETAFE,AWAY,1674978,G. Mulero Maldonado,G. Mulero Maldonado,1,26.5,1588.0,15.0,3.0,9.0,1.0,2.0,4.0,11.0,6.0,8.0,1.0,5.0,6.0,3.0,3.0,0.0,0.0,0.0,0.0,4.0,16.0,-6.0,51.7,40.9,18.2,72.7,0.7,1.5,2.0,4.7,19.4,12.8,21.1,0.0,0.0,17.1,29.4
2486960,16,981491,C.B. GETAFE,AWAY,1582089,J. Parra Baez,J. Parra Baez,1,30.2,1810.0,13.0,3.0,7.0,2.0,7.0,5.0,14.0,1.0,1.0,1.0,6.0,7.0,3.0,3.0,1.0,0.0,0.0,1.0,0.0,11.0,-9.0,45.0,42.9,50.0,7.1,0.9,0.9,0.0,4.1,20.4,13.1,19.0,1.7,0.0,17.2,25.7
2486960,16,981491,C.B. GETAFE,AWAY,2816389,J. Nve Maleva,J. Nve Maleva,1,20.9,1256.0,11.0,4.0,5.0,0.0,1.0,4.0,6.0,3.0,6.0,6.0,1.0,7.0,0.0,5.0,0.0,0.0,0.0,2.0,4.0,10.0,2.0,63.7,66.7,16.7,100.0,1.6,0.0,1.5,35.9,4.9,18.9,0.0,0.0,0.0,36.7,29.1
2486960,16,981491,C.B. GETAFE,AWAY,1876223,A. Montero Isla,A. Montero Isla,1,25.1,1505.0,7.0,1.0,1.0,1.0,3.0,2.0,4.0,2.0,2.0,1.0,0.0,1.0,0.0,2.0,3.0,0.0,0.0,1.0,3.0,9.0,-15.0,71.7,62.5,75.0,50.0,2.0,1.0,0.7,5.0,0.0,2.2,0.0,6.0,0.0,29.1,12.2
2486961,17,981514,SPANISH BASKETBALL ACADEMY,HOME,2436640,J. Puidet,J. Puidet,1,36.9,2211.0,14.0,1.0,3.0,4.0,7.0,5.0,10.0,0.0,0.0,1.0,3.0,4.0,4.0,3.0,2.0,0.0,0.0,1.0,1.0,16.0,5.0,70.0,70.0,70.0,0.0,0.7,1.7,0.0,4.7,11.6,8.5,13.7,2.9,0.0,23.1,16.2
2486961,17,981514,SPANISH BASKETBALL ACADEMY,HOME,2312124,S. Traore,S. Traore,1,16.6,993.0,6.0,2.0,2.0,0.0,0.0,2.0,2.0,2.0,4.0,0.0,7.0,7.0,1.0,0.0,0.0,1.0,0.0,1.0,2.0,14.0,20.0,79.8,100.0,0.0,200.0,2.0,0.0,2.0,0.0,60.2,33.1,7.6,0.0,7.1,0.0,10.4
2486961,17,981514,SPANISH BASKETBALL ACADEMY,HOME,1990032,M. Echeverria Fernandez,M. Echeverria Fernandez,0,17.3,1039.0,3.0,0.0,0.0,1.0,1.0,1.0,1.0,0.0,0.0,2.0,1.0,3.0,0.0,0.0,0.0,0.0,0.0,1.0,0.0,5.0,-17.0,150.0,150.0,100.0,0.0,0.0,3.0,0.0,20.1,8.3,13.6,0.0,0.0,0.0,0.0,2.7
2486961,17,981514,SPANISH BASKETBALL ACADEMY,HOME,2846994,K. Curfman,K. Curfman,1,26.9,1616.0,15.0,0.0,0.0,5.0,8.0,5.0,8.0,0.0,1.0,0.0,1.0,1.0,2.0,2.0,1.0,0.0,0.0,3.0,3.0,13.0,-1.0,88.9,93.8,100.0,12.5,0.0,1.9,0.3,0.0,5.3,2.9,9.3,2.0,0.0,19.2,17.8
2486961,17,981514,SPANISH BASKETBALL ACADEMY,HOME,2065452,J. Santano Bartolome,J. Santano Bartolome,0,6.9,416.0,4.0,2.0,3.0,0.0,0.0,2.0,3.0,0.0,0.0,0.0,0.0,0.0,0.0,0.0,2.0,0.0,0.0,1.0,0.0,4.0,0.0,66.7,66.7,0.0,0.0,1.3,0.0,0.0,0.0,0.0,0.0,0.0,15.5,0.0,0.0,20.0
2486961,17,981514,SPANISH BASKETBALL ACADEMY,HOME,1374966,A. Moreno Trujillo,A. Moreno Trujillo,0,21.6,1297.0,13.0,6.0,10.0,0.0,3.0,6.0,13.0,1.0,1.0,0.0,1.0,1.0,6.0,1.0,1.0,0.0,0.0,3.0,1.0,11.0,-10.0,48.4,46.2,23.1,7.7,1.2,0.0,1.0,0.0,6.6,3.6,46.2,2.5,0.0,6.9,30.7
2486961,17,981514,SPANISH BASKETBALL ACADEMY,HOME,2816737,D. Simeunovic,D. Simeunovic,1,35.1,2105.0,15.0,6.0,8.0,0.0,5.0,6.0,13.0,3.0,4.0,3.0,4.0,7.0,3.0,2.0,0.0,2.0,1.0,2.0,5.0,20.0,1.0,50.8,46.2,38.5,30.8,1.5,0.0,0.8,14.9,16.3,15.6,10.6,0.0,6.7,11.9,21.9
2486961,17,981514,SPANISH BASKETBALL ACADEMY,HOME,2752020,E. Medina Roa,E. Medina Roa,0,15.5,930.0,15.0,7.0,8.0,0.0,0.0,7.0,8.0,1.0,4.0,4.0,1.0,5.0,0.0,2.0,0.0,0.0,0.0,1.0,5.0,18.0,-2.0,76.8,87.5,0.0,50.0,1.8,0.0,0.8,44.9,9.2,25.3,0.0,0.0,0.0,17.0,34.9
2486961,17,981514,SPANISH BASKETBALL ACADEMY,HOME,1825944,R. Garcia Salame,R. Garcia Salame,1,23.2,1393.0,11.0,3.0,6.0,1.0,2.0,4.0,8.0,2.0,2.0,0.0,1.0,1.0,5.0,4.0,2.0,0.0,0.0,4.0,2.0,9.0,9.0,61.9,56.2,25.0,25.0,1.0,1.5,1.0,0.0,6.2,3.4,26.6,4.6,0.0,31.1,25.5
2486961,17,979996,AMICS CASTELLÓ,AWAY,2149001,R. Fabrega Urpina,R. Fabrega Urpina,1,23.7,1420.0,10.0,1.0,3.0,1.0,2.0,2.0,5.0,5.0,6.0,0.0,3.0,3.0,6.0,0.0,1.0,0.0,0.0,2.0,5.0,19.0,12.0,65.4,50.0,40.0,120.0,0.7,1.5,1.2,0.0,22.0,9.9,32.6,2.2,0.0,0.0,15.4
2486961,17,979996,AMICS CASTELLÓ,AWAY,273780,J. Faner Catala,J. Faner Catala,0,16.3,980.0,8.0,1.0,1.0,2.0,3.0,3.0,4.0,0.0,0.0,0.0,0.0,0.0,3.0,1.0,2.0,0.0,0.0,3.0,1.0,9.0,-13.0,100.0,100.0,75.0,0.0,2.0,2.0,0.0,0.0,0.0,0.0,28.3,6.4,0.0,20.0,14.6
2486961,17,979996,AMICS CASTELLÓ,AWAY,2818901,O. Russell,O. Russell,0,23.4,1405.0,14.0,4.0,6.0,2.0,3.0,6.0,9.0,0.0,0.0,0.0,1.0,1.0,4.0,0.0,2.0,0.0,1.0,1.0,3.0,20.0,6.0,77.8,77.8,33.3,0.0,1.3,2.0,0.0,0.0,7.4,3.4,27.8,4.4,0.0,0.0,18.3
2486961,17,979996,AMICS CASTELLÓ,AWAY,2816147,D. Bah,D. Bah,1,17.5,1052.0,8.0,2.0,5.0,0.0,0.0,2.0,5.0,4.0,6.0,3.0,0.0,3.0,1.0,0.0,0.0,0.0,0.0,4.0,3.0,6.0,-14.0,52.4,40.0,0.0,120.0,0.8,0.0,2.0,24.5,0.0,13.4,8.6,0.0,0.0,0.0,20.8
2486961,17,979996,AMICS CASTELLÓ,AWAY,1817496,P. Garcia Carrero,P. Garcia Carrero,1,29.9,1791.0,14.0,5.0,7.0,1.0,3.0,6.0,10.0,1.0,2.0,4.0,1.0,5.0,1.0,4.0,0.0,0.0,0.0,2.0,1.0,10.0,9.0,64.3,65.0,30.0,20.0,1.4,1.0,2.0,19.1,5.8,13.1,5.6,0.0,0.0,26.9,23.7
2486961,17,979996,AMICS CASTELLÓ,AWAY,2816738,K. Newton,K. Newton,1,25.6,1537.0,20.0,1.0,1.0,6.0,9.0,7.0,10.0,0.0,0.0,0.0,1.0,1.0,1.0,1.0,0.0,0.0,0.0,0.0,0.0,18.0,4.0,100.0,100.0,90.0,0.0,2.0,2.0,0.0,0.0,6.8,3.1,7.5,0.0,0.0,9.1,20.5
2486961,17,979996,AMICS CASTELLÓ,AWAY,1840859,V. Rodriguez Gil,V. Rodriguez Gil,0,0.5,27.0,0.0,0.0,0.0,0.0,0.0,0.0,0.0,0.0,0.0,0.0,0.0,0.0,0.0,0.0,0.0,0.0,0.0,0.0,0.0,0.0,0.0,0.0,0.0,0.0,0.0,0.0,0.0,0.0,0.0,0.0,0.0,0.0,0.0,0.0,0.0,0.0
2486961,17,979996,AMICS CASTELLÓ,AWAY,2641325,M. Andreatta,M. Andreatta,1,27.1,1623.0,9.0,2.0,3.0,1.0,3.0,3.0,6.0,2.0,2.0,1.0,5.0,6.0,0.0,1.0,1.0,0.0,0.0,3.0,3.0,12.0,6.0,65.4,58.3,50.0,33.3,1.3,1.0,0.7,5.3,32.1,17.4,0.0,1.9,0.0,12.7,13.9
2486961,17,979996,AMICS CASTELLÓ,AWAY,2325314,F. Stutz,F. Stutz,0,16.4,986.0,10.0,3.0,6.0,1.0,2.0,4.0,8.0,1.0,2.0,0.0,1.0,1.0,0.0,4.0,0.0,1.0,2.0,3.0,1.0,1.0,-6.0,56.3,56.2,25.0,25.0,1.0,1.5,2.0,0.0,10.6,4.8,0.0,0.0,6.1,31.1,37.4
2486961,17,979996,AMICS CASTELLÓ,AWAY,1627889,A. Tamayo Lesmes,A. Tamayo Lesmes,0,19.6,1179.0,2.0,1.0,2.0,0.0,4.0,1.0,6.0,0.0,0.0,1.0,1.0,2.0,1.0,2.0,1.0,0.0,0.0,2.0,0.0,-3.0,-9.0,16.7,16.7,66.7,0.0,1.0,0.0,0.0,7.3,8.9,8.0,6.2,2.6,0.0,25.0,19.5
2486962,17,981491,C.B. GETAFE,HOME,1223461,J. Tejera Tejo,J. Tejera Tejo,0,17.7,1061.0,11.0,3.0,5.0,1.0,2.0,4.0,7.0,2.0,3.0,1.0,3.0,4.0,1.0,0.0,0.0,0.0,0.0,0.0,4.0,16.0,3.0,66.1,64.3,28.6,42.9,1.2,1.5,0.8,7.3,18.8,13.5,10.0,0.0,0.0,0.0,20.6
2486962,17,981491,C.B. GETAFE,HOME,2816388,M. Abdulsalam,M. Abdulsalam,1,30.6,1839.0,11.0,4.0,7.0,0.0,1.0,4.0,8.0,3.0,5.0,3.0,10.0,13.0,3.0,2.0,0.0,2.0,0.0,4.0,5.0,22.0,-7.0,53.9,50.0,12.5,62.5,1.1,0.0,1.0,12.7,36.3,25.4,12.5,0.0,5.7,16.4,17.4
2486962,17,981491,C.B. GETAFE,HOME,1789964,E. Ortiz Torres,E. Ortiz Torres,0,15.6,938.0,5.0,1.0,3.0,1.0,3.0,2.0,6.0,0.0,0.0,1.0,3.0,4.0,1.0,1.0,0.0,0.0,0.0,3.0,0.0,2.0,-1.0,41.7,41.7,50.0,0.0,0.7,1.0,0.0,8.3,21.4,15.3,8.3,0.0,0.0,14.3,19.6
2486962,17,981491,C.B. GETAFE,HOME,1515390,C. Martos Infantes,C. Martos Infantes,0,0.8,50.0,0.0,0.0,0.0,0.0,0.0,0.0,0.0,0.0,0.0,0.0,0.0,0.0,0.0,0.0,0.0,0.0,0.0,0.0,0.0,0.0,1.0,0.0,0.0,0.0,0.0,0.0,0.0,0.0,0.0,0.0,0.0,0.0,0.0,0.0,0.0,0.0
2486962,17,981491,C.B. GETAFE,HOME,2815898,C. Henderson,C. Henderson,1,25.9,1552.0,15.0,3.0,4.0,3.0,6.0,6.0,10.0,0.0,0.0,1.0,3.0,4.0,1.0,2.0,2.0,0.0,0.0,1.0,1.0,16.0,1.0,75.0,75.0,60.0,0.0,1.5,1.5,0.0,5.0,12.9,9.2,6.7,3.6,0.0,16.7,20.3
2486962,17,981491,C.B. GETAFE,HOME,1328788,M. Alvarez Puertas,M. Alvarez Puertas,0,16.6,993.0,4.0,2.0,4.0,0.0,2.0,2.0,6.0,0.0,0.0,0.0,3.0,3.0,3.0,2.0,1.0,0.0,0.0,1.0,1.0,5.0,5.0,33.3,33.3,33.3,0.0,1.0,0.0,0.0,0.0,20.1,10.8,25.0,2.8,0.0,25.0,21.1
2486962,17,981491,C.B. GETAFE,HOME,1674978,G. Mulero Maldonado,G. Mulero Maldonado,1,22.9,1376.0,12.0,4.0,5.0,1.0,3.0,5.0,8.0,1.0,1.0,1.0,2.0,3.0,2.0,3.0,0.0,0.0,0.0,2.0,2.0,11.0,6.0,71.1,68.8,37.5,12.5,1.6,1.0,0.5,5.6,9.7,7.8,12.5,0.0,0.0,26.2,21.8
2486962,17,981491,C.B. GETAFE,HOME,1582089,J. Parra Baez,J. Parra Baez,0,23.2,1392.0,10.0,2.0,5.0,2.0,7.0,4.0,12.0,0.0,0.0,0.0,2.0,2.0,2.0,0.0,1.0,0.0,0.0,0.0,1.0,8.0,-2.0,41.7,41.7,58.3,0.0,0.8,0.9,0.0,0.0,9.6,5.1,11.8,2.0,0.0,0.0,22.6
2486962,17,981491,C.B. GETAFE,HOME,1820240,P. Arribas Gomez,P. Arribas Gomez,1,6.0,363.0,3.0,0.0,0.0,1.0,2.0,1.0,2.0,0.0,0.0,0.0,0.0,0.0,0.0,0.0,0.0,0.0,0.0,2.0,0.0,0.0,0.0,75.0,75.0,100.0,0.0,0.0,1.5,0.0,0.0,0.0,0.0,0.0,0.0,0.0,0.0,14.6
2486962,17,981491,C.B. GETAFE,HOME,2816389,J. Nve Maleva,J. Nve Maleva,0,8.8,526.0,0.0,0.0,0.0,0.0,0.0,0.0,0.0,0.0,0.0,1.0,0.0,1.0,0.0,4.0,0.0,0.0,0.0,0.0,0.0,-3.0,4.0,0.0,0.0,0.0,0.0,0.0,0.0,0.0,14.7,0.0,6.8,0.0,0.0,0.0,100.0,19.9
2486962,17,981491,C.B. GETAFE,HOME,1876223,A. Montero Isla,A. Montero Isla,1,31.8,1910.0,23.0,5.0,5.0,2.0,2.0,7.0,7.0,7.0,8.0,0.0,2.0,2.0,4.0,4.0,1.0,0.0,0.0,3.0,6.0,28.0,-5.0,109.3,114.3,28.6,114.3,2.0,3.0,1.3,0.0,7.0,3.8,19.0,1.5,0.0,27.5,20.0
2486962,17,981294,C.B. ZARAGOZA,AWAY,1802050,D. Muñoz Samatan,D. Muñoz Samatan,0,10.1,604.0,4.0,2.0,2.0,0.0,0.0,2.0,2.0,0.0,0.0,0.0,0.0,0.0,0.0,1.0,0.0,0.0,0.0,1.0,0.0,2.0,-1.0,100.0,100.0,0.0,0.0,2.0,0.0,0.0,0.0,0.0,0.0,0.0,0.0,0.0,33.3,12.8
2486962,17,981294,C.B. ZARAGOZA,AWAY,1798932,D. Arjol Lopez,D. Arjol Lopez,0,20.4,1221.0,9.0,4.0,7.0,0.0,2.0,4.0,9.0,1.0,2.0,1.0,3.0,4.0,3.0,1.0,0.0,0.0,1.0,1.0,3.0,11.0,-10.0,45.5,44.4,22.2,22.2,1.1,0.0,0.7,5.4,19.0,11.7,22.2,0.0,0.0,9.2,22.9
2486962,17,981294,C.B. ZARAGOZA,AWAY,1250976,O. Alvarado Rodriguez,O. Alvarado Rodriguez,1,30.5,1829.0,11.0,1.0,3.0,3.0,7.0,4.0,10.0,0.0,0.0,1.0,1.0,2.0,10.0,1.0,0.0,0.0,1.0,3.0,3.0,16.0,-2.0,55.0,55.0,70.0,0.0,0.7,1.3,0.0,3.6,4.2,3.9,41.7,0.0,0.0,9.1,15.5
2486962,17,981294,C.B. ZARAGOZA,AWAY,361567,E. Gatell Sanz,E. Gatell Sanz,0,16.9,1014.0,4.0,2.0,3.0,0.0,0.0,2.0,3.0,0.0,0.0,0.0,5.0,5.0,0.0,2.0,0.0,0.0,0.0,3.0,1.0,4.0,9.0,66.7,66.7,0.0,0.0,1.3,0.0,0.0,0.0,38.2,17.7,0.0,0.0,0.0,40.0,12.7
2486962,17,981294,C.B. ZARAGOZA,AWAY,1861515,P. Aso Jimenez,P. Aso Jimenez,1,15.5,930.0,3.0,0.0,0.0,1.0,1.0,1.0,1.0,0.0,0.0,0.0,3.0,3.0,1.0,1.0,0.0,0.0,0.0,1.0,0.0,5.0,-2.0,150.0,150.0,100.0,0.0,0.0,3.0,0.0,0.0,25.0,11.6,7.7,0.0,0.0,50.0,5.5
2486962,17,981294,C.B. ZARAGOZA,AWAY,1446949,J. Jiménez Jiménez,J. Jiménez Jiménez,0,23.3,1399.0,11.0,4.0,6.0,1.0,5.0,5.0,11.0,0.0,0.0,2.0,1.0,3.0,0.0,0.0,3.0,0.0,0.0,2.0,1.0,10.0,1.0,50.0,50.0,45.5,0.0,1.3,0.6,0.0,9.5,5.5,7.7,0.0,6.2,0.0,0.0,20.3
2486962,17,981294,C.B. ZARAGOZA,AWAY,2704882,Y. Kolo,Y. Kolo,1,23.3,1397.0,7.0,2.0,6.0,1.0,5.0,3.0,11.0,0.0,0.0,1.0,6.0,7.0,1.0,0.0,1.0,0.0,0.0,1.0,1.0,8.0,-10.0,31.8,31.8,45.5,0.0,0.7,0.6,0.0,4.8,33.2,17.9,5.6,2.1,0.0,0.0,20.3
2486962,17,981294,C.B. ZARAGOZA,AWAY,2815312,J. Zhao Olmos,J. Zhao Olmos,1,29.5,1768.0,19.0,6.0,13.0,2.0,6.0,8.0,19.0,1.0,1.0,2.0,3.0,5.0,3.0,1.0,4.0,0.0,0.0,2.0,2.0,19.0,6.0,48.9,47.4,31.6,5.3,0.9,1.0,0.5,7.5,13.1,10.1,18.2,6.5,0.0,4.9,29.8
2486962,17,981294,C.B. ZARAGOZA,AWAY,1556128,G. Colom Barrufet,G. Colom Barrufet,0,11.2,674.0,10.0,0.0,1.0,1.0,4.0,1.0,5.0,7.0,7.0,0.0,0.0,0.0,1.0,1.0,2.0,0.0,0.0,1.0,3.0,10.0,-2.0,61.9,30.0,80.0,140.0,0.0,0.8,2.3,0.0,0.0,0.0,10.5,8.6,0.0,11.0,34.8
2486962,17,981294,C.B. ZARAGOZA,AWAY,1910411,A. Aragones Navais,A. Aragones Navais,1,19.4,1164.0,15.0,3.0,5.0,2.0,3.0,5.0,8.0,3.0,4.0,1.0,1.0,2.0,0.0,0.0,0.0,0.0,0.0,5.0,2.0,10.0,6.0,76.8,75.0,37.5,50.0,1.2,2.0,2.0,5.7,6.7,6.2,0.0,0.0,0.0,0.0,21.6
2486963,17,981347,PROINBENI UPB GANDIA,HOME,1824880,G. Perez Ramirez,G. Perez Ramirez,1,19.9,1197.0,6.0,0.0,1.0,2.0,5.0,2.0,6.0,0.0,0.0,1.0,2.0,3.0,2.0,1.0,2.0,3.0,0.0,0.0,0.0,11.0,9.0,50.0,50.0,83.3,0.0,0.0,1.2,0.0,5.3,13.0,8.7,16.0,5.3,13.7,14.3,15.6
2486963,17,981347,PROINBENI UPB GANDIA,HOME,1837816,C. Hurtado Cervantes,C. Hurtado Cervantes,0,15.4,927.0,2.0,0.0,2.0,0.0,4.0,0.0,6.0,2.0,2.0,0.0,0.0,0.0,3.0,1.0,1.0,0.0,0.0,3.0,2.0,-2.0,9.0,14.5,0.0,66.7,33.3,0.0,0.0,1.0,0.0,0.0,0.0,25.9,3.4,0.0,12.7,22.7
2486963,17,981347,PROINBENI UPB GANDIA,HOME,2736564,K. Greeley,K. Greeley,1,29.8,1785.0,16.0,2.0,6.0,2.0,6.0,4.0,12.0,6.0,7.0,1.0,3.0,4.0,2.0,2.0,1.0,0.0,0.0,0.0,4.0,16.0,6.0,53.1,41.7,50.0,58.3,0.7,1.0,1.8,3.5,13.0,7.8,12.3,1.8,0.0,11.7,25.4
2486963,17,981347,PROINBENI UPB GANDIA,HOME,2378347,J. Molina Martinez,J. Molina Martinez,0,25.7,1543.0,13.0,2.0,4.0,2.0,4.0,4.0,8.0,3.0,4.0,0.0,0.0,0.0,0.0,1.0,1.0,2.0,0.0,2.0,3.0,11.0,1.0,66.6,62.5,50.0,50.0,1.0,1.5,1.3,0.0,0.0,0.0,0.0,2.0,7.1,9.3,18.6
2486963,17,981347,PROINBENI UPB GANDIA,HOME,1673764,L. Ferrando Ortells,L. Ferrando Ortells,1,23.8,1426.0,7.0,3.0,3.0,0.0,2.0,3.0,5.0,1.0,2.0,0.0,3.0,3.0,4.0,3.0,2.0,0.0,0.0,3.0,3.0,10.0,1.0,59.5,60.0,40.0,40.0,2.0,0.0,0.7,0.0,16.3,7.3,27.8,4.4,0.0,33.8,16.6
2486963,17,981347,PROINBENI UPB GANDIA,HOME,1996333,M. Montilla Diaz,M. Montilla Diaz,1,18.2,1093.0,9.0,3.0,6.0,1.0,1.0,4.0,7.0,0.0,3.0,3.0,3.0,6.0,0.0,2.0,0.0,0.0,0.0,5.0,4.0,6.0,1.0,54.1,64.3,14.3,42.9,1.0,3.0,0.8,17.4,21.3,19.1,0.0,0.0,0.0,19.4,25.2
2486963,17,981347,PROINBENI UPB GANDIA,HOME,1827011,J. Soler Cirujeda,J. Soler Cirujeda,0,13.1,786.0,5.0,1.0,3.0,1.0,1.0,2.0,4.0,0.0,0.0,1.0,1.0,2.0,0.0,1.0,1.0,0.0,0.0,2.0,0.0,3.0,4.0,62.5,62.5,25.0,0.0,0.7,3.0,0.0,8.0,9.8,8.9,0.0,4.0,0.0,20.0,16.9
2486963,17,981347,PROINBENI UPB GANDIA,HOME,1857448,J. Santana Luchoro,J. Santana Luchoro,0,19.6,1174.0,5.0,1.0,2.0,0.0,2.0,1.0,4.0,3.0,4.0,0.0,4.0,4.0,2.0,1.0,0.0,0.0,0.0,1.0,2.0,7.0,7.0,43.4,25.0,50.0,100.0,1.0,0.0,2.0,0.0,26.3,11.8,14.8,0.0,0.0,14.8,15.3
2486963,17,981347,PROINBENI UPB GANDIA,HOME,1851026,A. Bellver Valiente,A. Bellver Valiente,0,10.1,603.0,0.0,0.0,1.0,0.0,2.0,0.0,3.0,0.0,0.0,2.0,0.0,2.0,0.0,0.0,0.0,0.0,0.0,2.0,0.0,-3.0,4.0,0.0,0.0,66.7,0.0,0.0,0.0,0.0,20.8,0.0,11.5,0.0,0.0,0.0,0.0,13.2
2486963,17,981347,PROINBENI UPB GANDIA,HOME,2034816,J. Climent Figueres,J. Climent Figueres,0,0.9,52.0,0.0,0.0,0.0,0.0,0.0,0.0,0.0,0.0,0.0,0.0,0.0,0.0,0.0,0.0,0.0,0.0,0.0,0.0,0.0,0.0,-1.0,0.0,0.0,0.0,0.0,0.0,0.0,0.0,0.0,0.0,0.0,0.0,0.0,0.0,0.0,0.0
2486963,17,981347,PROINBENI UPB GANDIA,HOME,2335802,J. Bitjaa Kody,J. Bitjaa Kody,1,23.6,1414.0,19.0,9.0,11.0,0.0,2.0,9.0,13.0,1.0,1.0,5.0,4.0,9.0,0.0,0.0,1.0,1.0,0.0,2.0,4.0,28.0,-1.0,70.7,69.2,15.4,7.7,1.6,0.0,0.2,22.3,21.9,22.1,0.0,2.2,3.9,0.0,25.3
2486963,17,981207,OCA GLOBAL C.B. SALOU,AWAY,2451495,D. Knowles,D. Knowles,0,17.7,1061.0,4.0,2.0,5.0,0.0,0.0,2.0,5.0,0.0,2.0,2.0,2.0,4.0,2.0,3.0,0.0,0.0,0.0,3.0,2.0,1.0,-13.0,34.0,40.0,0.0,40.0,0.8,0.0,1.0,14.6,11.9,13.1,20.8,0.0,0.0,33.8,23.0
2486963,17,981207,OCA GLOBAL C.B. SALOU,AWAY,2218994,K. Mendes Kovacs,K. Mendes Kovacs,0,6.5,390.0,2.0,1.0,2.0,0.0,1.0,1.0,3.0,0.0,0.0,0.0,0.0,0.0,1.0,0.0,0.0,0.0,0.0,1.0,0.0,0.0,10.0,33.3,33.3,33.3,0.0,1.0,0.0,0.0,0.0,0.0,0.0,20.8,0.0,0.0,0.0,21.2
2486963,17,981207,OCA GLOBAL C.B. SALOU,AWAY,2715040,B. Traore,B. Traore,1,24.8,1487.0,14.0,6.0,8.0,0.0,0.0,6.0,8.0,2.0,2.0,2.0,4.0,6.0,0.0,2.0,1.0,0.0,0.0,2.0,1.0,16.0,4.0,78.8,75.0,0.0,25.0,1.5,0.0,2.0,10.4,17.0,14.0,0.0,2.1,0.0,18.4,20.1
2486963,17,981207,OCA GLOBAL C.B. SALOU,AWAY,1271466,D. Cuellar Garcia,D. Cuellar Garcia,0,21.9,1316.0,8.0,4.0,5.0,0.0,2.0,4.0,7.0,0.0,0.0,2.0,3.0,5.0,2.0,0.0,0.0,0.0,0.0,2.0,1.0,11.0,-17.0,57.1,57.1,28.6,0.0,1.6,0.0,0.0,11.8,14.4,13.2,19.0,0.0,0.0,0.0,14.7
2486963,17,981207,OCA GLOBAL C.B. SALOU,AWAY,2242531,E. Moure Colombo,E. Moure Colombo,1,16.2,970.0,4.0,2.0,4.0,0.0,0.0,2.0,4.0,0.0,0.0,0.0,2.0,2.0,2.0,3.0,0.0,0.0,0.0,4.0,1.0,0.0,-4.0,50.0,50.0,0.0,0.0,1.0,0.0,0.0,0.0,13.0,7.2,20.8,0.0,0.0,42.9,19.8
2486963,17,981207,OCA GLOBAL C.B. SALOU,AWAY,2814887,P. Renane,P. Renane,0,10.2,612.0,0.0,0.0,1.0,0.0,0.0,0.0,1.0,0.0,0.0,0.0,0.0,0.0,0.0,1.0,0.0,0.0,0.0,0.0,0.0,-2.0,-2.0,0.0,0.0,0.0,0.0,0.0,0.0,0.0,0.0,0.0,0.0,0.0,0.0,0.0,50.0,9.0
2486963,17,981207,OCA GLOBAL C.B. SALOU,AWAY,1938487,A. Llorca Castillo,A. Llorca Castillo,1,24.3,1459.0,11.0,1.0,6.0,3.0,6.0,4.0,12.0,0.0,0.0,1.0,3.0,4.0,3.0,3.0,1.0,0.0,2.0,1.0,5.0,12.0,-19.0,45.8,45.8,50.0,0.0,0.3,1.5,0.0,5.3,13.0,9.5,22.4,2.1,0.0,20.0,28.3
2486963,17,981207,OCA GLOBAL C.B. SALOU,AWAY,2827753,O. Okenchi,O. Okenchi,0,18.0,1080.0,3.0,1.0,2.0,0.0,0.0,1.0,2.0,1.0,4.0,1.0,1.0,2.0,1.0,0.0,0.0,0.0,0.0,2.0,2.0,2.0,1.0,39.9,50.0,0.0,200.0,1.0,0.0,2.0,7.2,5.8,6.4,7.4,0.0,0.0,0.0,9.6
2486963,17,981207,OCA GLOBAL C.B. SALOU,AWAY,2284777,C. Knowles,C. Knowles,1,35.8,2150.0,26.0,5.0,8.0,4.0,7.0,9.0,15.0,4.0,4.0,3.0,6.0,9.0,0.0,2.0,0.0,0.0,3.0,2.0,7.0,32.0,-8.0,77.6,73.3,46.7,26.7,1.2,1.7,0.6,10.8,17.6,14.6,0.0,0.0,0.0,10.7,24.0
2486963,17,981207,OCA GLOBAL C.B. SALOU,AWAY,1610350,E. Martinez Pretel,E. Martinez Pretel,0,20.3,1216.0,2.0,0.0,3.0,0.0,4.0,0.0,7.0,2.0,2.0,0.0,4.0,4.0,5.0,3.0,1.0,0.0,1.0,3.0,1.0,0.0,4.0,12.7,0.0,57.1,28.6,0.0,0.0,2.0,0.0,20.7,11.4,34.5,2.6,0.0,27.6,24.6
2486963,17,981207,OCA GLOBAL C.B. SALOU,AWAY,2274746,P. Salo Blaya,P. Salo Blaya,1,4.3,259.0,0.0,0.0,0.0,0.0,0.0,0.0,0.0,0.0,0.0,0.0,0.0,0.0,0.0,0.0,0.0,0.0,0.0,2.0,0.0,-2.0,4.0,0.0,0.0,0.0,0.0,0.0,0.0,0.0,0.0,0.0,0.0,0.0,0.0,0.0,0.0,0.0
2486964,17,981358,CIUDAD MOLINA BASKET,HOME,2816300,A. Duval,A. Duval,0,14.8,891.0,6.0,0.0,1.0,2.0,8.0,2.0,9.0,0.0,0.0,0.0,1.0,1.0,0.0,1.0,0.0,0.0,0.0,3.0,2.0,-2.0,4.0,33.3,33.3,88.9,0.0,0.0,0.8,0.0,0.0,9.3,4.2,0.0,0.0,0.0,10.0,29.1
2486964,17,981358,CIUDAD MOLINA BASKET,HOME,1899744,J. Cascales Fernandez,J. Cascales Fernandez,0,2.6,155.0,0.0,0.0,0.0,0.0,0.0,0.0,0.0,0.0,0.0,0.0,0.0,0.0,1.0,1.0,0.0,0.0,0.0,0.0,0.0,0.0,-6.0,0.0,0.0,0.0,0.0,0.0,0.0,0.0,0.0,0.0,0.0,34.5,0.0,0.0,100.0,16.6
2486964,17,981358,CIUDAD MOLINA BASKET,HOME,1532799,R. Timoner Gimenez,R. Timoner Gimenez,0,13.7,822.0,4.0,1.0,3.0,0.0,4.0,1.0,7.0,2.0,2.0,0.0,1.0,1.0,2.0,3.0,2.0,1.0,0.0,0.0,3.0,4.0,6.0,25.4,14.3,57.1,28.6,0.7,0.0,0.7,0.0,10.1,4.5,26.0,7.5,9.7,27.6,34.2
2486964,17,981358,CIUDAD MOLINA BASKET,HOME,2146670,P. Campeny Lloveras,P. Campeny Lloveras,0,9.2,549.0,0.0,0.0,2.0,0.0,2.0,0.0,4.0,0.0,0.0,0.0,1.0,1.0,0.0,0.0,1.0,0.0,0.0,1.0,0.0,-3.0,-7.0,0.0,0.0,50.0,0.0,0.0,0.0,0.0,0.0,15.0,6.7,0.0,5.6,0.0,0.0,18.7
2486964,17,981358,CIUDAD MOLINA BASKET,HOME,1514342,R. Martínez-Quintanilla Jiménez,R. Martínez-Quintanilla Jiménez,0,7.0,422.0,0.0,0.0,0.0,0.0,1.0,0.0,1.0,0.0,0.0,0.0,1.0,1.0,0.0,0.0,0.0,0.0,0.0,2.0,0.0,-2.0,-1.0,0.0,0.0,100.0,0.0,0.0,0.0,0.0,0.0,19.7,8.8,0.0,0.0,0.0,0.0,6.2
2486964,17,981358,CIUDAD MOLINA BASKET,HOME,2864918,H. Kabasele Kasonga,H. Kabasele Kasonga,0,16.7,1004.0,4.0,2.0,7.0,0.0,0.0,2.0,7.0,0.0,0.0,4.0,2.0,6.0,0.0,1.0,0.0,0.0,0.0,2.0,0.0,2.0,0.0,28.6,28.6,0.0,0.0,0.6,0.0,0.0,26.6,16.5,22.1,0.0,0.0,0.0,12.5,20.6
2486964,17,981358,CIUDAD MOLINA BASKET,HOME,2816662,G. Miladinovic,G. Miladinovic,1,23.3,1396.0,11.0,4.0,4.0,1.0,1.0,5.0,5.0,0.0,0.0,3.0,5.0,8.0,4.0,5.0,2.0,1.0,0.0,2.0,0.0,19.0,8.0,110.0,110.0,20.0,0.0,2.0,3.0,0.0,14.3,29.6,21.1,32.3,4.4,5.7,50.0,18.5
2486964,17,981358,CIUDAD MOLINA BASKET,HOME,1994360,U. Zamora Maña,U. Zamora Maña,1,30.3,1818.0,4.0,1.0,2.0,0.0,3.0,1.0,5.0,2.0,2.0,1.0,7.0,8.0,1.0,1.0,1.0,0.0,0.0,2.0,1.0,8.0,12.0,34.0,20.0,60.0,40.0,1.0,0.0,2.0,3.7,31.9,16.2,4.5,1.7,0.0,14.5,9.8
2486964,17,981358,CIUDAD MOLINA BASKET,HOME,2042118,F. Hernandez Martinez,F. Hernandez Martinez,1,25.7,1540.0,14.0,2.0,4.0,3.0,7.0,5.0,11.0,1.0,1.0,0.0,3.0,3.0,5.0,2.0,1.0,0.0,0.0,0.0,2.0,17.0,5.0,61.2,59.1,63.6,9.1,1.0,1.3,0.5,0.0,16.1,7.2,40.3,2.0,0.0,14.9,22.5
2486964,17,981358,CIUDAD MOLINA BASKET,HOME,2816661,M. Mukendi Mukendi,M. Mukendi Mukendi,1,8.7,522.0,6.0,1.0,2.0,0.0,1.0,1.0,3.0,4.0,6.0,2.0,0.0,2.0,0.0,0.0,0.0,0.0,0.0,3.0,4.0,5.0,-1.0,53.2,33.3,33.3,200.0,1.0,0.0,1.5,25.5,0.0,14.1,0.0,0.0,0.0,0.0,27.9
2486964,17,981358,CIUDAD MOLINA BASKET,HOME,1439463,C. Toledo Zamora,C. Toledo Zamora,0,24.3,1456.0,26.0,9.0,10.0,1.0,2.0,10.0,12.0,5.0,6.0,5.0,1.0,6.0,2.0,0.0,0.0,0.0,0.0,3.0,4.0,32.0,10.0,88.8,87.5,16.7,50.0,1.8,1.5,1.5,22.9,5.7,15.2,27.0,0.0,0.0,0.0,26.0
2486964,17,981358,CIUDAD MOLINA BASKET,HOME,2032122,J. Tavelli,J. Tavelli,1,23.8,1425.0,7.0,2.0,4.0,0.0,0.0,2.0,4.0,3.0,3.0,0.0,3.0,3.0,9.0,2.0,1.0,1.0,0.0,3.0,4.0,18.0,10.0,65.8,50.0,0.0,75.0,1.0,0.0,0.8,0.0,17.4,7.8,58.4,2.2,5.6,27.3,13.3
2486964,17,981305,SOL GIRONÈS BISBAL BÀSQUET,AWAY,2864634,X. Ochu,X. Ochu,0,24.4,1461.0,13.0,1.0,3.0,2.0,7.0,3.0,10.0,5.0,5.0,1.0,1.0,2.0,1.0,3.0,1.0,0.0,0.0,3.0,3.0,7.0,-8.0,53.3,40.0,70.0,50.0,0.7,0.9,1.7,5.7,4.6,5.0,9.3,2.1,0.0,19.7,30.4
2486964,17,981305,SOL GIRONÈS BISBAL BÀSQUET,AWAY,2851798,F. Adebayo,F. Adebayo,1,33.2,1995.0,19.0,4.0,6.0,2.0,5.0,6.0,11.0,5.0,6.0,1.0,3.0,4.0,2.0,0.0,0.0,0.0,1.0,2.0,4.0,21.0,4.0,69.6,63.6,45.5,54.5,1.3,1.2,1.5,4.2,10.0,7.4,16.1,0.0,0.0,0.0,20.0
2486964,17,981305,SOL GIRONÈS BISBAL BÀSQUET,AWAY,1964254,P. Sala Vallmajo,P. Sala Vallmajo,0,10.8,648.0,0.0,0.0,1.0,0.0,3.0,0.0,4.0,0.0,0.0,1.0,3.0,4.0,1.0,0.0,0.0,0.0,0.0,1.0,0.0,0.0,-8.0,0.0,0.0,75.0,0.0,0.0,0.0,0.0,12.8,30.9,22.8,14.5,0.0,0.0,0.0,18.1
2486964,17,981305,SOL GIRONÈS BISBAL BÀSQUET,AWAY,1227597,I. Valera Corominas,I. Valera Corominas,0,11.7,700.0,0.0,0.0,0.0,0.0,1.0,0.0,1.0,0.0,0.0,0.0,2.0,2.0,1.0,0.0,1.0,0.0,0.0,2.0,0.0,1.0,2.0,0.0,0.0,100.0,0.0,0.0,0.0,0.0,0.0,19.0,10.5,14.5,4.4,0.0,0.0,4.2
2486964,17,981305,SOL GIRONÈS BISBAL BÀSQUET,AWAY,1829525,M. Mikhailov Paltarak,M. Mikhailov Paltarak,1,32.7,1960.0,7.0,2.0,7.0,0.0,2.0,2.0,9.0,3.0,6.0,0.0,6.0,6.0,2.0,1.0,1.0,0.0,0.0,2.0,6.0,9.0,-6.0,30.1,22.2,22.2,66.7,0.6,0.0,1.0,0.0,20.4,11.3,12.2,1.6,0.0,7.9,18.9
2486964,17,981305,SOL GIRONÈS BISBAL BÀSQUET,AWAY,2322727,A. Vila I Gómez,A. Vila I Gómez,0,2.0,118.0,0.0,0.0,0.0,0.0,0.0,0.0,0.0,0.0,0.0,0.0,0.0,0.0,0.0,1.0,0.0,0.0,0.0,0.0,0.0,-1.0,-4.0,0.0,0.0,0.0,0.0,0.0,0.0,0.0,0.0,0.0,0.0,0.0,0.0,0.0,100.0,24.4
2486964,17,981305,SOL GIRONÈS BISBAL BÀSQUET,AWAY,2614810,L. Dimitrovic,L. Dimitrovic,0,5.8,351.0,0.0,0.0,0.0,0.0,0.0,0.0,0.0,0.0,0.0,0.0,0.0,0.0,0.0,0.0,0.0,0.0,0.0,0.0,0.0,0.0,-1.0,0.0,0.0,0.0,0.0,0.0,0.0,0.0,0.0,0.0,0.0,0.0,0.0,0.0,0.0,0.0
2486964,17,981305,SOL GIRONÈS BISBAL BÀSQUET,AWAY,1400270,B. Alvarez Torres,B. Alvarez Torres,1,32.4,1943.0,22.0,4.0,10.0,3.0,5.0,7.0,15.0,5.0,6.0,0.0,2.0,2.0,3.0,3.0,4.0,0.0,2.0,3.0,5.0,21.0,-8.0,62.4,56.7,33.3,40.0,0.8,1.8,1.2,0.0,6.9,3.8,26.3,6.3,0.0,14.5,31.1
2486964,17,981305,SOL GIRONÈS BISBAL BÀSQUET,AWAY,2815176,S. Kane,S. Kane,0,7.3,440.0,1.0,0.0,0.0,0.0,0.0,0.0,0.0,1.0,2.0,0.0,1.0,1.0,0.0,0.0,0.0,0.0,0.0,0.0,1.0,2.0,-2.0,56.8,0.0,0.0,0.0,0.0,0.0,2.0,0.0,15.2,8.4,0.0,0.0,0.0,0.0,5.9
2486964,17,981305,SOL GIRONÈS BISBAL BÀSQUET,AWAY,1198592,X. Torrent Bayé,X. Torrent Bayé,1,20.2,1214.0,8.0,1.0,1.0,2.0,2.0,3.0,3.0,0.0,0.0,1.0,1.0,2.0,1.0,6.0,0.0,0.0,0.0,5.0,1.0,1.0,-5.0,133.3,133.3,66.7,0.0,2.0,3.0,0.0,6.8,5.5,6.1,11.8,0.0,0.0,66.7,21.7
2486964,17,981305,SOL GIRONÈS BISBAL BÀSQUET,AWAY,2822552,C. Larousse,C. Larousse,1,19.5,1170.0,4.0,2.0,2.0,0.0,0.0,2.0,2.0,0.0,0.0,0.0,2.0,2.0,0.0,2.0,1.0,0.0,0.0,2.0,1.0,4.0,-4.0,100.0,100.0,0.0,0.0,2.0,0.0,0.0,0.0,11.4,6.3,0.0,2.6,0.0,50.0,10.0
2486965,17,981490,CLUB ESPORTIU BÀSQUET LLÍRIA,HOME,2274877,K. Clement Aigbogun,K. Clement Aigbogun,0,19.6,1175.0,9.0,1.0,4.0,1.0,2.0,2.0,6.0,4.0,4.0,1.0,2.0,3.0,0.0,4.0,0.0,1.0,0.0,2.0,2.0,5.0,8.0,58.0,41.7,33.3,66.7,0.5,1.5,2.0,5.8,11.7,8.7,0.0,0.0,5.1,34.0,28.3
2486965,17,981490,CLUB ESPORTIU BÀSQUET LLÍRIA,HOME,1995160,D. Rivas Palmer,D. Rivas Palmer,1,26.9,1615.0,8.0,0.0,1.0,2.0,7.0,2.0,8.0,2.0,4.0,0.0,2.0,2.0,1.0,1.0,1.0,2.0,0.0,1.0,2.0,6.0,17.0,41.0,37.5,87.5,50.0,0.0,0.9,2.0,0.0,8.5,4.2,6.8,2.0,7.4,9.3,18.9
2486965,17,981490,CLUB ESPORTIU BÀSQUET LLÍRIA,HOME,1882178,J. Palamos Molins,J. Palamos Molins,0,10.2,613.0,5.0,1.0,1.0,1.0,1.0,2.0,2.0,0.0,0.0,1.0,1.0,2.0,1.0,1.0,2.0,0.0,0.0,4.0,0.0,5.0,9.0,125.0,125.0,50.0,0.0,2.0,3.0,0.0,11.2,11.2,11.2,19.2,10.5,0.0,33.3,13.9
2486965,17,981490,CLUB ESPORTIU BÀSQUET LLÍRIA,HOME,2281145,A. Rivas Palmer,A. Rivas Palmer,1,16.1,969.0,8.0,0.0,1.0,1.0,3.0,1.0,4.0,5.0,7.0,1.0,6.0,7.0,3.0,1.0,1.0,0.0,0.0,3.0,4.0,14.0,16.0,56.5,37.5,75.0,175.0,0.0,1.0,1.8,7.1,42.6,24.8,34.9,3.3,0.0,12.4,23.7
2486965,17,981490,CLUB ESPORTIU BÀSQUET LLÍRIA,HOME,1560358,A. Meana Perez,A. Meana Perez,1,29.8,1787.0,10.0,1.0,2.0,1.0,4.0,2.0,6.0,5.0,7.0,1.0,0.0,1.0,4.0,2.0,1.0,0.0,0.0,2.0,4.0,10.0,13.0,55.1,41.7,66.7,116.7,1.0,0.8,1.8,3.8,0.0,1.9,27.0,1.8,0.0,18.1,17.6
2486965,17,981490,CLUB ESPORTIU BÀSQUET LLÍRIA,HOME,1257494,V. Perez Tomas,V. Perez Tomas,0,25.2,1512.0,12.0,0.0,1.0,3.0,8.0,3.0,9.0,3.0,4.0,0.0,3.0,3.0,5.0,3.0,1.0,0.0,0.0,2.0,2.0,11.0,5.0,55.8,50.0,88.9,44.4,0.0,1.1,2.0,0.0,13.6,6.8,43.9,2.1,0.0,21.8,25.8
2486965,17,981490,CLUB ESPORTIU BÀSQUET LLÍRIA,HOME,2665346,D. Kandulu,D. Kandulu,0,14.4,863.0,3.0,1.0,2.0,0.0,0.0,1.0,2.0,1.0,2.0,0.0,1.0,1.0,2.0,0.0,1.0,0.0,0.0,1.0,1.0,5.0,11.0,52.1,50.0,0.0,100.0,1.0,0.0,2.0,0.0,7.9,4.0,23.3,3.7,0.0,0.0,9.4
2486965,17,981490,CLUB ESPORTIU BÀSQUET LLÍRIA,HOME,1761293,P. Bono Soler,P. Bono Soler,0,11.7,704.0,3.0,0.0,1.0,1.0,1.0,1.0,2.0,0.0,0.0,1.0,3.0,4.0,0.0,0.0,0.0,0.0,0.0,4.0,1.0,3.0,1.0,75.0,75.0,50.0,0.0,0.0,3.0,0.0,9.8,29.3,19.5,0.0,0.0,0.0,0.0,8.1
2486965,17,981490,CLUB ESPORTIU BÀSQUET LLÍRIA,HOME,2184821,M. Enabulele Ogunsuyi,M. Enabulele Ogunsuyi,1,25.6,1537.0,13.0,6.0,9.0,0.0,0.0,6.0,9.0,1.0,5.0,6.0,3.0,9.0,0.0,1.0,2.0,0.0,1.0,2.0,5.0,19.0,11.0,58.0,66.7,0.0,55.6,1.3,0.0,1.0,26.8,13.4,20.1,0.0,4.2,0.0,8.2,22.5
2486965,17,981490,CLUB ESPORTIU BÀSQUET LLÍRIA,HOME,1702333,E. Herrera Sauret,E. Herrera Sauret,1,18.6,1114.0,9.0,2.0,2.0,1.0,2.0,3.0,4.0,2.0,3.0,0.0,2.0,2.0,4.0,2.0,2.0,0.0,0.0,3.0,2.0,12.0,19.0,84.6,87.5,50.0,75.0,2.0,1.5,1.5,0.0,12.3,6.1,44.4,5.8,0.0,27.3,18.6
2486965,17,981490,CLUB ESPORTIU BÀSQUET LLÍRIA,HOME,2164761,P. Navarro Maldonado,P. Navarro Maldonado,0,1.9,111.0,3.0,0.0,0.0,1.0,1.0,1.0,1.0,0.0,2.0,0.0,0.0,0.0,0.0,0.0,0.0,0.0,0.0,1.0,1.0,1.0,0.0,79.8,150.0,100.0,200.0,0.0,3.0,2.0,0.0,0.0,0.0,-0.0,0.0,0.0,0.0,46.7
2486965,17,981428,HOMS U.E.MATARÓ,AWAY,2162105,F. Garrido Teban,F. Garrido Teban,0,10.3,618.0,3.0,0.0,1.0,0.0,1.0,0.0,2.0,3.0,4.0,2.0,1.0,3.0,0.0,1.0,0.0,0.0,0.0,2.0,2.0,2.0,-8.0,39.9,0.0,50.0,200.0,0.0,0.0,2.0,22.2,11.1,16.6,0.0,0.0,0.0,21.0,21.4
2486965,17,981428,HOMS U.E.MATARÓ,AWAY,1914611,J. Boix Colet,J. Boix Colet,1,20.3,1220.0,2.0,1.0,3.0,0.0,2.0,1.0,5.0,0.0,0.0,0.0,2.0,2.0,0.0,3.0,1.0,0.0,0.0,4.0,4.0,-2.0,-4.0,20.0,20.0,40.0,0.0,0.7,0.0,0.0,0.0,11.3,5.6,0.0,2.7,0.0,37.5,18.2
2486965,17,981428,HOMS U.E.MATARÓ,AWAY,2534044,J. Tomaic Tomaic,J. Tomaic Tomaic,1,27.1,1624.0,14.0,5.0,8.0,0.0,3.0,5.0,11.0,4.0,4.0,3.0,5.0,8.0,1.0,2.0,2.0,0.0,0.0,3.0,4.0,18.0,-11.0,54.9,45.5,27.3,36.4,1.2,0.0,1.0,12.7,21.1,16.9,11.1,4.0,0.0,13.6,25.2
2486965,17,981428,HOMS U.E.MATARÓ,AWAY,1568569,J. Juanola Madera,J. Juanola Madera,1,30.5,1829.0,16.0,3.0,6.0,1.0,5.0,4.0,11.0,7.0,9.0,1.0,2.0,3.0,3.0,2.0,2.0,0.0,0.0,2.0,8.0,19.0,-24.0,53.5,40.9,45.5,81.8,1.0,0.6,1.1,3.7,7.5,5.6,25.0,3.6,0.0,11.8,25.7
2486965,17,981428,HOMS U.E.MATARÓ,AWAY,1927150,N. Ferrer Iglesia,N. Ferrer Iglesia,0,13.1,785.0,4.0,2.0,2.0,0.0,2.0,2.0,4.0,0.0,0.0,0.0,1.0,1.0,2.0,1.0,0.0,0.0,0.0,2.0,1.0,3.0,-3.0,50.0,50.0,50.0,0.0,2.0,0.0,0.0,0.0,8.7,4.4,50.0,0.0,0.0,20.0,17.7
2486965,17,981428,HOMS U.E.MATARÓ,AWAY,2451498,A. Roker,A. Roker,1,21.9,1315.0,8.0,4.0,7.0,0.0,0.0,4.0,7.0,0.0,0.0,2.0,6.0,8.0,0.0,1.0,0.0,0.0,0.0,2.0,0.0,10.0,-13.0,57.1,57.1,0.0,0.0,1.1,0.0,0.0,10.4,31.3,20.9,0.0,0.0,0.0,12.5,16.9
2486965,17,981428,HOMS U.E.MATARÓ,AWAY,1073368,A. Ventura Pedreño,A. Ventura Pedreño,0,30.4,1827.0,6.0,0.0,1.0,1.0,4.0,1.0,5.0,3.0,5.0,2.0,2.0,4.0,3.0,1.0,4.0,0.0,0.0,2.0,3.0,11.0,-15.0,41.7,30.0,80.0,100.0,0.0,0.8,1.7,7.5,7.5,7.5,20.0,7.1,0.0,12.2,12.5
2486965,17,981428,HOMS U.E.MATARÓ,AWAY,1942837,G. Martinez Rivera,G. Martinez Rivera,1,23.4,1403.0,4.0,1.0,8.0,0.0,3.0,1.0,11.0,2.0,2.0,1.0,2.0,3.0,1.0,2.0,1.0,0.0,2.0,3.0,2.0,-4.0,-18.0,16.8,9.1,27.3,18.2,0.2,0.0,1.0,4.9,9.8,7.3,9.1,2.3,0.0,14.4,27.4
2486965,17,981428,HOMS U.E.MATARÓ,AWAY,2813635,E. Kalu,E. Kalu,0,20.7,1243.0,2.0,1.0,3.0,0.0,0.0,1.0,3.0,0.0,2.0,1.0,3.0,4.0,0.0,1.0,0.0,1.0,1.0,4.0,1.0,-1.0,-12.0,25.8,33.3,0.0,66.7,0.7,0.0,2.0,5.5,16.6,11.0,0.0,0.0,8.1,20.5,10.9
2486965,17,981428,HOMS U.E.MATARÓ,AWAY,1920919,E. Coll Comabella,E. Coll Comabella,0,2.3,136.0,2.0,1.0,1.0,0.0,0.0,1.0,1.0,0.0,0.0,0.0,0.0,0.0,0.0,1.0,0.0,0.0,0.0,0.0,0.0,1.0,-2.0,100.0,100.0,0.0,0.0,2.0,0.0,0.0,0.0,0.0,0.0,0.0,0.0,0.0,50.0,40.2
2486966,17,981275,MADERAS SORLI BENICARLO,HOME,2467065,A. Ikpeze,A. Ikpeze,0,22.5,1349.0,9.0,2.0,6.0,0.0,0.0,2.0,6.0,5.0,6.0,2.0,4.0,6.0,0.0,0.0,2.0,0.0,0.0,3.0,4.0,13.0,-5.0,52.1,33.3,0.0,100.0,0.7,0.0,1.5,6.8,22.2,12.7,0.0,4.5,0.0,0.0,15.0
2486966,17,981275,MADERAS SORLI BENICARLO,HOME,2864230,M. Betch,M. Betch,1,19.4,1167.0,14.0,1.0,4.0,3.0,8.0,4.0,12.0,3.0,3.0,1.0,2.0,3.0,3.0,1.0,0.0,0.0,2.0,5.0,2.0,8.0,-8.0,52.6,45.8,66.7,25.0,0.5,1.1,1.5,4.0,12.9,7.4,31.6,0.0,0.0,7.0,28.8
2486966,17,981275,MADERAS SORLI BENICARLO,HOME,1485040,A. Haro Val,A. Haro Val,0,22.1,1326.0,6.0,3.0,5.0,0.0,5.0,3.0,10.0,0.0,2.0,0.0,1.0,1.0,5.0,2.0,1.0,0.0,1.0,1.0,1.0,2.0,5.0,27.6,30.0,50.0,20.0,1.2,0.0,2.0,0.0,5.7,2.2,37.9,2.3,0.0,15.5,22.8
2486966,17,981275,MADERAS SORLI BENICARLO,HOME,1998365,P. Harguindey Maneiro,P. Harguindey Maneiro,1,32.1,1927.0,11.0,4.0,4.0,1.0,4.0,5.0,8.0,0.0,0.0,2.0,3.0,5.0,1.0,0.0,3.0,0.0,0.0,2.0,0.0,15.0,-9.0,68.8,68.8,50.0,0.0,2.0,0.8,0.0,4.8,11.7,7.4,6.0,4.8,0.0,0.0,9.7
2486966,17,981275,MADERAS SORLI BENICARLO,HOME,2500822,M. Voronin,M. Voronin,0,6.7,401.0,3.0,0.0,0.0,1.0,6.0,1.0,6.0,0.0,0.0,1.0,2.0,3.0,0.0,1.0,1.0,0.0,0.0,1.0,0.0,0.0,-3.0,25.0,25.0,100.0,0.0,0.0,0.5,0.0,11.5,37.3,21.3,0.0,7.6,0.0,14.3,40.8
2486966,17,981275,MADERAS SORLI BENICARLO,HOME,1659850,A. Prior Ruiz,A. Prior Ruiz,0,10.9,652.0,5.0,1.0,2.0,1.0,3.0,2.0,5.0,0.0,0.0,0.0,1.0,1.0,0.0,0.0,1.0,0.0,0.0,1.0,0.0,3.0,-3.0,50.0,50.0,60.0,0.0,1.0,1.0,0.0,0.0,11.5,4.4,0.0,4.7,0.0,0.0,17.9
2486966,17,981275,MADERAS SORLI BENICARLO,HOME,2219986,A. Libroia,A. Libroia,1,31.4,1881.0,15.0,5.0,13.0,1.0,7.0,6.0,20.0,2.0,2.0,1.0,2.0,3.0,0.0,2.0,0.0,0.0,1.0,3.0,8.0,7.0,-4.0,35.9,32.5,35.0,10.0,0.8,0.4,0.2,2.4,8.0,4.5,0.0,0.0,0.0,8.7,28.5
2486966,17,981275,MADERAS SORLI BENICARLO,HOME,2703145,M. Fall,M. Fall,1,15.2,914.0,7.0,2.0,6.0,0.0,0.0,2.0,6.0,3.0,5.0,4.0,2.0,6.0,0.0,0.0,0.0,0.0,1.0,1.0,5.0,11.0,-2.0,42.7,33.3,0.0,83.3,0.7,0.0,1.0,20.2,16.4,18.8,0.0,0.0,0.0,0.0,21.1
2486966,17,981275,MADERAS SORLI BENICARLO,HOME,2536645,R. Ukawuba,R. Ukawuba,0,3.9,236.0,0.0,0.0,0.0,0.0,0.0,0.0,0.0,0.0,0.0,0.0,0.0,0.0,0.0,0.0,0.0,0.0,0.0,0.0,0.0,0.0,5.0,0.0,0.0,0.0,0.0,0.0,0.0,0.0,0.0,0.0,0.0,0.0,0.0,0.0,0.0,0.0
2486966,17,981275,MADERAS SORLI BENICARLO,HOME,2250610,A. Sanchez Perdiguero,A. Sanchez Perdiguero,1,16.9,1016.0,5.0,2.0,4.0,0.0,1.0,2.0,5.0,1.0,6.0,4.0,6.0,10.0,2.0,1.0,0.0,0.0,1.0,3.0,3.0,8.0,-15.0,32.7,40.0,20.0,120.0,1.0,0.0,2.0,18.2,44.4,28.2,22.7,0.0,0.0,11.6,20.0
2486966,17,981275,MADERAS SORLI BENICARLO,HOME,2816381,K. Obiekwe Sam,K. Obiekwe Sam,0,18.9,1131.0,1.0,0.0,1.0,0.0,4.0,0.0,5.0,1.0,2.0,3.0,1.0,4.0,1.0,1.0,0.0,0.0,0.0,2.0,2.0,-1.0,4.0,8.5,0.0,80.0,40.0,0.0,0.0,1.0,12.2,6.6,10.1,7.4,0.0,0.0,14.5,14.2
2486966,17,981281,LOBE HUESCA LA MAGIA,AWAY,2151562,O. Thiam Pedrera,O. Thiam Pedrera,0,7.0,423.0,2.0,1.0,2.0,0.0,0.0,1.0,2.0,0.0,0.0,0.0,4.0,4.0,1.0,1.0,0.0,0.0,0.0,1.0,0.0,4.0,-2.0,50.0,50.0,0.0,0.0,1.0,0.0,0.0,0.0,44.0,27.2,20.8,0.0,0.0,33.3,19.9
2486966,17,981281,LOBE HUESCA LA MAGIA,AWAY,2273469,O. Bieshaar,O. Bieshaar,0,18.0,1081.0,14.0,2.0,3.0,3.0,6.0,5.0,9.0,1.0,2.0,3.0,4.0,7.0,3.0,2.0,0.0,2.0,0.0,3.0,2.0,18.0,5.0,70.9,72.2,66.7,22.2,1.3,1.5,1.0,20.8,17.1,18.5,31.6,0.0,9.9,16.8,30.6
2486966,17,981281,LOBE HUESCA LA MAGIA,AWAY,1756469,H. Figueroa Álvarez,H. Figueroa Álvarez,1,26.5,1589.0,22.0,7.0,9.0,2.0,10.0,9.0,19.0,2.0,2.0,2.0,1.0,3.0,2.0,1.0,1.0,0.0,0.0,2.0,2.0,17.0,2.0,55.3,52.6,52.6,10.5,1.6,0.6,1.0,9.4,2.9,5.4,17.7,1.8,0.0,4.8,36.5
2486966,17,981281,LOBE HUESCA LA MAGIA,AWAY,1759956,I. Corraliza Coba,I. Corraliza Coba,1,24.3,1459.0,6.0,1.0,2.0,1.0,2.0,2.0,4.0,1.0,2.0,1.0,3.0,4.0,3.0,3.0,2.0,1.0,0.0,4.0,2.0,8.0,9.0,61.5,62.5,50.0,50.0,1.0,1.5,1.0,5.1,9.5,7.8,19.5,3.9,3.7,38.1,15.0
2486966,17,981281,LOBE HUESCA LA MAGIA,AWAY,2823388,J. Fritz,J. Fritz,1,25.7,1540.0,8.0,2.0,2.0,0.0,3.0,2.0,5.0,4.0,8.0,1.0,5.0,6.0,4.0,3.0,2.0,0.0,0.0,4.0,7.0,13.0,15.0,46.9,40.0,60.0,160.0,2.0,0.0,1.1,4.9,15.0,11.1,26.0,3.7,0.0,26.0,20.8
2486966,17,981281,LOBE HUESCA LA MAGIA,AWAY,2815543,A. Badmus,A. Badmus,1,22.0,1319.0,4.0,2.0,4.0,0.0,1.0,2.0,5.0,0.0,0.0,0.0,4.0,4.0,0.0,1.0,0.0,2.0,0.0,4.0,0.0,2.0,2.0,40.0,40.0,20.0,0.0,1.0,0.0,0.0,0.0,14.0,8.7,0.0,0.0,8.1,16.7,12.6
2486966,17,981281,LOBE HUESCA LA MAGIA,AWAY,2559072,P. Suárez Custodio,P. Suárez Custodio,0,14.3,860.0,10.0,1.0,1.0,2.0,4.0,3.0,5.0,2.0,3.0,1.0,1.0,2.0,0.0,0.0,0.0,0.0,0.0,1.0,1.0,9.0,-4.0,79.1,80.0,80.0,60.0,2.0,1.5,3.0,8.7,5.4,6.7,0.0,0.0,0.0,0.0,20.5
2486966,17,981281,LOBE HUESCA LA MAGIA,AWAY,1761508,P. Lopez-Sanvicente Reta,P. Lopez-Sanvicente Reta,0,21.2,1275.0,8.0,2.0,2.0,1.0,2.0,3.0,4.0,1.0,2.0,0.0,4.0,4.0,2.0,3.0,0.0,0.0,0.0,1.0,3.0,11.0,-14.0,82.0,87.5,50.0,50.0,2.0,1.5,0.7,0.0,14.5,9.0,17.4,0.0,0.0,38.1,17.2
2486966,17,981281,LOBE HUESCA LA MAGIA,AWAY,2116811,G. Rodriguez Soler,G. Rodriguez Soler,0,12.1,723.0,2.0,1.0,2.0,0.0,1.0,1.0,3.0,0.0,0.0,0.0,0.0,0.0,0.0,1.0,0.0,0.0,0.0,1.0,0.0,-2.0,-4.0,33.3,33.3,33.3,0.0,1.0,0.0,0.0,0.0,0.0,0.0,0.0,0.0,0.0,25.0,15.3
2486966,17,981281,LOBE HUESCA LA MAGIA,AWAY,2054954,G. Vazquez Vallejo,G. Vazquez Vallejo,1,28.9,1731.0,7.0,0.0,0.0,1.0,3.0,1.0,3.0,4.0,9.0,0.0,8.0,8.0,3.0,0.0,0.0,1.0,0.0,4.0,5.0,13.0,26.0,50.3,50.0,100.0,300.0,0.0,1.0,1.8,0.0,21.3,13.2,15.5,0.0,3.1,0.0,11.2
2486967,17,981216,CLASS BASQUET SANT ANTONI,HOME,1394852,G. Blat Baeza,G. Blat Baeza,0,17.4,1042.0,8.0,1.0,2.0,2.0,5.0,3.0,7.0,0.0,2.0,0.0,2.0,2.0,4.0,0.0,0.0,0.0,0.0,2.0,1.0,7.0,-4.0,50.8,57.1,71.4,28.6,1.0,1.2,2.0,0.0,18.4,8.7,46.5,0.0,0.0,0.0,19.9
2486967,17,981216,CLASS BASQUET SANT ANTONI,HOME,2815818,K. Johnson,K. Johnson,1,23.0,1381.0,19.0,3.0,6.0,2.0,4.0,5.0,10.0,7.0,8.0,0.0,1.0,1.0,2.0,0.0,2.0,0.0,1.0,5.0,3.0,16.0,11.0,70.3,60.0,40.0,80.0,1.0,1.5,2.7,0.0,7.0,3.3,16.1,4.8,0.0,0.0,25.8
2486967,17,981216,CLASS BASQUET SANT ANTONI,HOME,2865697,L. Tvrdic,L. Tvrdic,0,3.3,200.0,2.0,1.0,2.0,0.0,0.0,1.0,2.0,0.0,0.0,0.0,0.0,0.0,0.0,0.0,0.0,0.0,0.0,1.0,0.0,0.0,-1.0,50.0,50.0,0.0,0.0,1.0,0.0,0.0,0.0,0.0,0.0,0.0,0.0,0.0,0.0,26.7
2486967,17,981216,CLASS BASQUET SANT ANTONI,HOME,1528610,J. Rodriguez Jimenez,J. Rodriguez Jimenez,0,11.5,690.0,0.0,0.0,0.0,0.0,1.0,0.0,1.0,0.0,0.0,1.0,0.0,1.0,1.0,0.0,0.0,0.0,0.0,1.0,0.0,0.0,0.0,0.0,0.0,100.0,0.0,0.0,0.0,0.0,12.4,0.0,6.6,11.5,0.0,0.0,0.0,3.8
2486967,17,981216,CLASS BASQUET SANT ANTONI,HOME,2363916,D. De La Rua De Agustin,D. De La Rua De Agustin,1,24.8,1487.0,14.0,2.0,3.0,3.0,3.0,5.0,6.0,1.0,2.0,1.0,1.0,2.0,3.0,2.0,3.0,0.0,0.0,2.0,4.0,20.0,4.0,101.7,108.3,50.0,33.3,1.3,3.0,0.5,5.8,6.5,6.1,24.2,6.7,0.0,22.5,15.7
2486967,17,981216,CLASS BASQUET SANT ANTONI,HOME,1397157,R. Gomez Barral,R. Gomez Barral,0,17.1,1026.0,8.0,1.0,2.0,1.0,4.0,2.0,6.0,3.0,4.0,2.0,1.0,3.0,0.0,0.0,1.0,0.0,0.0,1.0,2.0,8.0,7.0,51.5,41.7,66.7,66.7,1.0,0.8,2.0,16.7,9.4,13.2,0.0,3.2,0.0,0.0,20.0
2486967,17,981216,CLASS BASQUET SANT ANTONI,HOME,2462416,E. Stoilov,E. Stoilov,1,28.3,1696.0,13.0,3.0,6.0,0.0,1.0,3.0,7.0,7.0,8.0,3.0,6.0,9.0,1.0,7.0,1.0,1.0,0.0,3.0,8.0,18.0,-6.0,61.8,42.9,14.3,114.3,1.0,0.0,1.0,15.1,33.9,24.0,5.8,1.9,4.3,40.0,27.2
2486967,17,981216,CLASS BASQUET SANT ANTONI,HOME,1834527,S. Paz Vazquez,S. Paz Vazquez,1,28.8,1728.0,5.0,0.0,1.0,1.0,4.0,1.0,5.0,2.0,2.0,0.0,7.0,7.0,1.0,2.0,2.0,0.0,0.0,1.0,1.0,9.0,5.0,42.5,30.0,80.0,40.0,0.0,0.8,2.0,0.0,38.9,18.3,5.2,3.8,0.0,25.4,12.0
2486967,17,981216,CLASS BASQUET SANT ANTONI,HOME,2128433,N. Zizic,N. Zizic,0,11.3,677.0,12.0,5.0,8.0,0.0,0.0,5.0,8.0,2.0,4.0,6.0,1.0,7.0,1.0,0.0,0.0,0.0,0.0,3.0,4.0,16.0,9.0,61.5,62.5,0.0,50.0,1.2,0.0,1.0,75.9,14.2,46.8,27.0,0.0,0.0,0.0,38.0
2486967,17,981216,CLASS BASQUET SANT ANTONI,HOME,2182043,J. Solarin,J. Solarin,1,23.4,1401.0,13.0,0.0,1.0,3.0,6.0,3.0,7.0,4.0,4.0,0.0,1.0,1.0,1.0,2.0,0.0,0.0,0.0,3.0,5.0,11.0,0.0,74.2,64.3,85.7,57.1,0.0,1.5,0.8,0.0,6.8,3.2,6.9,0.0,0.0,18.6,20.2
2486967,17,981216,CLASS BASQUET SANT ANTONI,HOME,1878691,I. Ruiz Gonzalez,I. Ruiz Gonzalez,0,11.2,672.0,2.0,1.0,2.0,0.0,1.0,1.0,3.0,0.0,0.0,2.0,0.0,2.0,0.0,1.0,0.0,0.0,0.0,1.0,0.0,0.0,0.0,33.3,33.3,33.3,0.0,1.0,0.0,0.0,25.5,0.0,13.5,0.0,0.0,0.0,25.0,15.7
2486967,17,979897,BUENO ARENAS ALBACETE BASKET,AWAY,2772828,F. Andrade Amiel,F. Andrade Amiel,1,8.0,477.0,3.0,0.0,2.0,1.0,1.0,1.0,3.0,0.0,0.0,1.0,0.0,1.0,1.0,0.0,0.0,0.0,0.0,1.0,0.0,2.0,-10.0,50.0,50.0,33.3,0.0,0.0,3.0,0.0,20.0,0.0,9.4,19.2,0.0,0.0,0.0,19.3
2486967,17,979897,BUENO ARENAS ALBACETE BASKET,AWAY,1371559,V. Aguilar Hernandez,V. Aguilar Hernandez,1,32.2,1935.0,18.0,4.0,6.0,3.0,5.0,7.0,11.0,1.0,2.0,0.0,2.0,2.0,2.0,2.0,0.0,0.0,1.0,4.0,5.0,16.0,2.0,75.8,77.3,45.5,18.2,1.3,1.8,0.4,0.0,8.9,4.7,11.2,0.0,0.0,14.4,22.2
2486967,17,979897,BUENO ARENAS ALBACETE BASKET,AWAY,2813013,N. Reid,N. Reid,1,34.6,2075.0,22.0,3.0,6.0,4.0,5.0,7.0,11.0,4.0,4.0,1.0,0.0,1.0,0.0,1.0,1.0,0.0,0.0,4.0,2.0,17.0,-3.0,86.2,81.8,45.5,36.4,1.0,2.4,2.0,4.6,0.0,2.2,0.0,1.5,0.0,7.3,20.5
2486967,17,979897,BUENO ARENAS ALBACETE BASKET,AWAY,1947396,V. Muñoz Quiñones,V. Muñoz Quiñones,1,24.8,1488.0,8.0,4.0,4.0,0.0,0.0,4.0,4.0,0.0,0.0,0.0,0.0,0.0,0.0,0.0,1.0,0.0,0.0,5.0,2.0,6.0,-3.0,100.0,100.0,0.0,0.0,2.0,0.0,0.0,0.0,0.0,0.0,0.0,2.1,0.0,0.0,8.3
2486967,17,979897,BUENO ARENAS ALBACETE BASKET,AWAY,2432962,S. Merlo,S. Merlo,0,26.9,1617.0,8.0,2.0,4.0,0.0,1.0,2.0,5.0,4.0,6.0,0.0,5.0,5.0,6.0,3.0,2.0,0.0,0.0,2.0,4.0,15.0,0.0,52.4,40.0,20.0,120.0,1.0,0.0,1.5,0.0,26.6,14.0,30.5,3.9,0.0,28.2,20.4
2486967,17,979897,BUENO ARENAS ALBACETE BASKET,AWAY,1603635,J. Gonzalez Albadalejo,J. Gonzalez Albadalejo,0,25.1,1504.0,8.0,1.0,2.0,2.0,7.0,3.0,9.0,0.0,0.0,1.0,2.0,3.0,3.0,2.0,1.0,0.0,0.0,4.0,2.0,5.0,-1.0,44.4,44.4,77.8,0.0,1.0,0.9,0.0,6.4,11.4,9.0,19.2,2.1,0.0,18.2,22.6
2486967,17,979897,BUENO ARENAS ALBACETE BASKET,AWAY,2817541,O. Bramble,O. Bramble,0,14.9,895.0,6.0,2.0,4.0,0.0,0.0,2.0,4.0,2.0,2.0,0.0,3.0,3.0,0.0,1.0,0.0,0.0,0.0,0.0,1.0,7.0,-3.0,61.5,50.0,0.0,50.0,1.0,0.0,2.0,0.0,28.8,15.2,0.0,0.0,0.0,17.0,20.3
2486967,17,979897,BUENO ARENAS ALBACETE BASKET,AWAY,1981843,B. Vanaclocha Sanchez,B. Vanaclocha Sanchez,0,24.8,1487.0,15.0,4.0,5.0,0.0,0.0,4.0,5.0,7.0,8.0,2.0,0.0,2.0,1.0,2.0,0.0,0.0,0.0,5.0,5.0,14.0,-3.0,88.0,80.0,0.0,160.0,1.6,0.0,1.6,12.9,0.0,6.1,6.8,0.0,0.0,19.0,21.8
2486967,17,979897,BUENO ARENAS ALBACETE BASKET,AWAY,2432412,J. Hierrezuelo Serer,J. Hierrezuelo Serer,1,8.7,522.0,3.0,0.0,0.0,1.0,5.0,1.0,5.0,0.0,0.0,0.0,1.0,1.0,0.0,0.0,0.0,1.0,0.0,5.0,1.0,-3.0,-4.0,30.0,30.0,100.0,0.0,0.0,0.6,0.0,0.0,16.4,8.7,0.0,0.0,13.9,0.0,29.6
2486968,18,979897,BUENO ARENAS ALBACETE BASKET,HOME,1371559,V. Aguilar Hernandez,V. Aguilar Hernandez,1,24.4,1465.0,11.0,2.0,6.0,0.0,4.0,2.0,10.0,7.0,7.0,1.0,5.0,6.0,4.0,2.0,1.0,1.0,0.0,4.0,7.0,16.0,3.0,42.0,20.0,40.0,70.0,0.7,0.0,1.0,5.1,24.1,14.9,32.3,1.9,3.3,13.3,28.1
2486968,18,979897,BUENO ARENAS ALBACETE BASKET,HOME,2813013,N. Reid,N. Reid,1,38.7,2322.0,3.0,0.0,1.0,0.0,3.0,0.0,4.0,3.0,4.0,2.0,3.0,5.0,0.0,0.0,1.0,0.0,0.0,3.0,4.0,5.0,5.0,26.0,0.0,75.0,100.0,0.0,0.0,1.0,6.5,9.1,7.8,0.0,1.2,0.0,0.0,6.8
2486968,18,979897,BUENO ARENAS ALBACETE BASKET,HOME,1947396,V. Muñoz Quiñones,V. Muñoz Quiñones,1,26.0,1562.0,9.0,4.0,6.0,0.0,0.0,4.0,6.0,1.0,2.0,0.0,3.0,3.0,1.0,0.0,1.0,1.0,0.0,4.0,2.0,10.0,4.0,65.4,66.7,0.0,33.3,1.3,0.0,1.0,0.0,13.6,7.0,7.8,1.8,3.1,0.0,12.0
2486968,18,979897,BUENO ARENAS ALBACETE BASKET,HOME,2432962,S. Merlo,S. Merlo,1,30.4,1827.0,21.0,3.0,6.0,2.0,5.0,5.0,11.0,9.0,10.0,1.0,5.0,6.0,4.0,5.0,2.0,3.0,0.0,1.0,8.0,31.0,10.0,68.2,54.5,45.5,90.9,1.0,1.2,1.2,4.1,19.3,12.0,28.2,3.1,7.9,24.5,30.5
2486968,18,979897,BUENO ARENAS ALBACETE BASKET,HOME,1603635,J. Gonzalez Albadalejo,J. Gonzalez Albadalejo,0,27.1,1623.0,10.0,2.0,3.0,2.0,10.0,4.0,13.0,0.0,1.0,0.0,0.0,0.0,1.0,2.0,0.0,0.0,0.0,1.0,3.0,1.0,10.0,37.2,38.5,76.9,7.7,1.3,0.6,0.3,0.0,0.0,0.0,7.8,0.0,0.0,13.0,25.9
2486968,18,979897,BUENO ARENAS ALBACETE BASKET,HOME,2817541,O. Bramble,O. Bramble,0,13.2,795.0,4.0,2.0,3.0,0.0,1.0,2.0,4.0,0.0,0.0,1.0,0.0,1.0,0.0,3.0,0.0,0.0,0.0,2.0,0.0,-2.0,8.0,50.0,50.0,25.0,0.0,1.3,0.0,0.0,9.5,0.0,4.6,0.0,0.0,0.0,42.9,24.1
2486968,18,979897,BUENO ARENAS ALBACETE BASKET,HOME,1981843,B. Vanaclocha Sanchez,B. Vanaclocha Sanchez,0,8.9,535.0,5.0,2.0,4.0,0.0,0.0,2.0,4.0,1.0,1.0,1.0,0.0,1.0,0.0,1.0,0.0,1.0,0.0,3.0,1.0,2.0,-1.0,56.3,50.0,0.0,25.0,1.0,0.0,1.0,14.0,0.0,6.8,0.0,0.0,9.0,18.4,27.8
2486968,18,979897,BUENO ARENAS ALBACETE BASKET,HOME,2432412,J. Hierrezuelo Serer,J. Hierrezuelo Serer,1,31.1,1869.0,15.0,2.0,2.0,3.0,7.0,5.0,9.0,2.0,2.0,0.0,7.0,7.0,2.0,2.0,0.0,0.0,0.0,1.0,2.0,19.0,9.0,75.9,72.2,77.8,22.2,2.0,1.3,1.0,0.0,26.5,13.6,14.1,0.0,0.0,16.8,17.4
2486968,18,981514,SPANISH BASKETBALL ACADEMY,AWAY,2436640,J. Puidet,J. Puidet,0,29.7,1780.0,10.0,2.0,3.0,2.0,4.0,4.0,7.0,0.0,0.0,0.0,1.0,1.0,1.0,2.0,2.0,0.0,0.0,3.0,2.0,8.0,-3.0,71.4,71.4,57.1,0.0,1.3,1.5,0.0,0.0,4.2,2.0,6.7,3.3,0.0,22.2,12.7
2486968,18,981514,SPANISH BASKETBALL ACADEMY,AWAY,2312124,S. Traore,S. Traore,0,14.8,886.0,6.0,3.0,6.0,0.0,0.0,3.0,6.0,0.0,2.0,5.0,1.0,6.0,0.0,1.0,0.0,0.0,1.0,5.0,2.0,3.0,-2.0,43.6,50.0,0.0,33.3,1.0,0.0,1.0,39.7,8.4,24.6,0.0,0.0,0.0,12.7,22.3
2486968,18,981514,SPANISH BASKETBALL ACADEMY,AWAY,1990032,M. Echeverria Fernandez,M. Echeverria Fernandez,0,6.0,358.0,0.0,0.0,1.0,0.0,0.0,0.0,1.0,0.0,0.0,0.0,3.0,3.0,0.0,1.0,0.0,0.0,0.0,0.0,0.0,1.0,-9.0,0.0,0.0,0.0,0.0,0.0,0.0,0.0,0.0,62.5,30.3,0.0,0.0,0.0,50.0,13.9
2486968,18,981514,SPANISH BASKETBALL ACADEMY,AWAY,2846994,K. Curfman,K. Curfman,1,26.9,1617.0,6.0,0.0,2.0,2.0,8.0,2.0,10.0,0.0,0.0,0.0,1.0,1.0,2.0,2.0,2.0,0.0,0.0,1.0,0.0,0.0,-19.0,30.0,30.0,80.0,0.0,0.0,0.8,0.0,0.0,4.6,2.3,11.8,3.6,0.0,16.7,18.7
2486968,18,981514,SPANISH BASKETBALL ACADEMY,AWAY,2065452,J. Santano Bartolome,J. Santano Bartolome,1,8.3,501.0,0.0,0.0,0.0,0.0,0.0,0.0,0.0,0.0,0.0,0.0,0.0,0.0,0.0,1.0,0.0,0.0,0.0,1.0,0.0,-2.0,-13.0,0.0,0.0,0.0,0.0,0.0,0.0,0.0,0.0,0.0,0.0,0.0,0.0,0.0,100.0,5.0
2486968,18,981514,SPANISH BASKETBALL ACADEMY,AWAY,1374966,A. Moreno Trujillo,A. Moreno Trujillo,0,23.2,1395.0,5.0,1.0,5.0,0.0,1.0,1.0,6.0,3.0,4.0,1.0,3.0,4.0,6.0,2.0,1.0,0.0,0.0,4.0,3.0,7.0,4.0,32.2,16.7,16.7,66.7,0.4,0.0,1.3,5.1,16.2,10.4,39.5,2.1,0.0,20.5,17.6
2486968,18,981514,SPANISH BASKETBALL ACADEMY,AWAY,2816737,D. Simeunovic,D. Simeunovic,1,38.0,2283.0,15.0,4.0,12.0,2.0,6.0,6.0,18.0,1.0,2.0,3.0,12.0,15.0,4.0,4.0,2.0,0.0,2.0,5.0,4.0,18.0,-1.0,39.7,38.9,33.3,11.1,0.7,1.0,0.5,9.3,39.5,23.9,21.9,2.6,0.0,17.5,25.2
2486968,18,981514,SPANISH BASKETBALL ACADEMY,AWAY,2752020,E. Medina Roa,E. Medina Roa,1,17.6,1054.0,12.0,6.0,7.0,0.0,0.0,6.0,7.0,0.0,1.0,2.0,4.0,6.0,0.0,2.0,1.0,0.0,0.0,4.0,1.0,12.0,-1.0,80.6,85.7,0.0,14.3,1.7,0.0,1.0,13.4,28.4,20.7,0.0,2.8,0.0,21.2,22.4
2486968,18,981514,SPANISH BASKETBALL ACADEMY,AWAY,1825944,R. Garcia Salame,R. Garcia Salame,1,35.4,2126.0,14.0,5.0,14.0,0.0,4.0,5.0,18.0,4.0,6.0,0.0,1.0,1.0,2.0,1.0,2.0,0.0,3.0,4.0,7.0,6.0,-6.0,33.9,27.8,22.2,33.3,0.7,0.0,0.9,0.0,3.5,1.7,10.4,2.8,0.0,4.6,25.6
2486969,18,981216,CLASS BASQUET SANT ANTONI,HOME,1394852,G. Blat Baeza,G. Blat Baeza,0,19.6,1174.0,12.0,3.0,6.0,2.0,4.0,5.0,10.0,0.0,0.0,1.0,2.0,3.0,1.0,1.0,1.0,0.0,0.0,3.0,0.0,8.0,26.0,60.0,60.0,40.0,0.0,1.0,1.5,0.0,6.4,12.4,9.4,7.7,2.9,0.0,9.1,25.2
2486969,18,981216,CLASS BASQUET SANT ANTONI,HOME,2815818,K. Johnson,K. Johnson,1,18.8,1127.0,11.0,2.0,3.0,2.0,2.0,4.0,5.0,1.0,3.0,0.0,1.0,1.0,2.0,1.0,0.0,0.0,0.0,0.0,3.0,13.0,10.0,87.0,100.0,40.0,60.0,1.3,3.0,1.0,0.0,6.4,3.3,14.3,0.0,0.0,13.7,17.5
2486969,18,981216,CLASS BASQUET SANT ANTONI,HOME,2865697,L. Tvrdic,L. Tvrdic,0,13.6,815.0,7.0,2.0,3.0,1.0,3.0,3.0,6.0,0.0,0.0,1.0,1.0,2.0,0.0,2.0,0.0,0.0,0.0,1.0,0.0,3.0,20.0,58.3,58.3,50.0,0.0,1.3,1.0,0.0,9.2,8.9,9.0,0.0,0.0,0.0,25.0,26.4
2486969,18,981216,CLASS BASQUET SANT ANTONI,HOME,1528610,J. Rodriguez Jimenez,J. Rodriguez Jimenez,0,9.3,558.0,0.0,0.0,0.0,0.0,0.0,0.0,0.0,0.0,0.0,0.0,0.0,0.0,3.0,0.0,0.0,0.0,0.0,1.0,1.0,3.0,11.0,0.0,0.0,0.0,0.0,0.0,0.0,0.0,0.0,0.0,0.0,41.7,0.0,0.0,0.0,0.0
2486969,18,981216,CLASS BASQUET SANT ANTONI,HOME,2363916,D. De La Rua De Agustin,D. De La Rua De Agustin,1,19.2,1151.0,17.0,3.0,4.0,2.0,2.0,5.0,6.0,5.0,8.0,0.0,2.0,2.0,2.0,1.0,0.0,0.0,0.0,0.0,3.0,19.0,20.0,89.3,100.0,33.3,133.3,1.5,3.0,2.7,0.0,12.6,6.4,15.4,0.0,0.0,9.5,24.6
2486969,18,981216,CLASS BASQUET SANT ANTONI,HOME,2818065,M. Issouf,M. Issouf,0,7.2,431.0,3.0,1.0,1.0,0.0,0.0,1.0,1.0,1.0,1.0,0.0,1.0,1.0,0.0,0.0,0.0,0.0,0.0,2.0,1.0,3.0,9.0,104.2,100.0,0.0,100.0,2.0,0.0,1.0,0.0,16.8,8.5,0.0,0.0,0.0,0.0,9.0
2486969,18,981216,CLASS BASQUET SANT ANTONI,HOME,1397157,R. Gomez Barral,R. Gomez Barral,0,21.9,1315.0,9.0,4.0,8.0,0.0,3.0,4.0,11.0,1.0,2.0,3.0,7.0,10.0,2.0,3.0,4.0,2.0,0.0,3.0,1.0,14.0,37.0,37.9,36.4,27.3,18.2,1.0,0.0,2.0,17.1,38.7,28.1,14.3,10.2,12.2,20.2,30.5
2486969,18,981216,CLASS BASQUET SANT ANTONI,HOME,2462416,E. Stoilov,E. Stoilov,1,17.9,1076.0,11.0,3.0,5.0,0.0,0.0,3.0,5.0,5.0,5.0,2.0,2.0,4.0,1.0,2.0,0.0,1.0,0.0,2.0,3.0,14.0,15.0,76.4,60.0,0.0,100.0,1.2,0.0,1.7,14.0,13.5,13.8,8.8,0.0,7.4,21.7,23.1
2486969,18,981216,CLASS BASQUET SANT ANTONI,HOME,1834527,S. Paz Vazquez,S. Paz Vazquez,1,22.8,1366.0,13.0,1.0,4.0,3.0,6.0,4.0,10.0,2.0,4.0,3.0,5.0,8.0,1.0,0.0,0.0,0.0,0.0,2.0,3.0,15.0,23.0,55.3,55.0,60.0,40.0,0.5,1.5,1.3,16.4,26.6,21.6,5.7,0.0,0.0,0.0,23.2
2486969,18,981216,CLASS BASQUET SANT ANTONI,HOME,2128433,N. Zizic,N. Zizic,0,16.4,984.0,2.0,1.0,4.0,0.0,0.0,1.0,4.0,0.0,0.0,2.0,1.0,3.0,1.0,1.0,0.0,0.0,0.0,1.0,0.0,1.0,19.0,25.0,25.0,0.0,0.0,0.5,0.0,0.0,15.2,7.4,11.3,7.5,0.0,0.0,20.0,13.7
2486969,18,981216,CLASS BASQUET SANT ANTONI,HOME,2182043,J. Solarin,J. Solarin,1,18.1,1085.0,9.0,3.0,3.0,1.0,4.0,4.0,7.0,0.0,0.0,2.0,2.0,4.0,1.0,0.0,0.0,0.0,0.0,0.0,0.0,11.0,7.0,64.3,64.3,57.1,0.0,2.0,0.8,0.0,13.8,13.4,13.6,7.1,0.0,0.0,0.0,17.4
2486969,18,981216,CLASS BASQUET SANT ANTONI,HOME,1878691,I. Ruiz Gonzalez,I. Ruiz Gonzalez,0,15.3,918.0,4.0,2.0,3.0,0.0,0.0,2.0,3.0,0.0,0.0,1.0,3.0,4.0,0.0,0.0,1.0,0.0,1.0,1.0,1.0,8.0,23.0,66.7,66.7,0.0,0.0,1.3,0.0,0.0,8.2,23.8,16.1,0.0,3.7,0.0,0.0,8.8
2486969,18,981275,MADERAS SORLI BENICARLO,AWAY,2467065,A. Ikpeze,A. Ikpeze,1,29.8,1786.0,8.0,4.0,8.0,0.0,0.0,4.0,8.0,0.0,0.0,1.0,3.0,4.0,0.0,1.0,0.0,0.0,1.0,4.0,2.0,5.0,-38.0,50.0,50.0,0.0,0.0,1.0,0.0,0.0,4.1,12.6,8.3,0.0,0.0,0.0,11.1,15.6
2486969,18,981275,MADERAS SORLI BENICARLO,AWAY,2864230,M. Betch,M. Betch,0,22.8,1368.0,12.0,0.0,2.0,4.0,9.0,4.0,11.0,0.0,0.0,0.0,1.0,1.0,3.0,1.0,1.0,0.0,2.0,1.0,0.0,8.0,-21.0,54.5,54.5,81.8,0.0,0.0,1.3,0.0,0.0,5.5,2.7,37.5,2.4,0.0,8.3,27.2
2486969,18,981275,MADERAS SORLI BENICARLO,AWAY,1938475,P. Llorach Cornelles,P. Llorach Cornelles,0,3.1,185.0,0.0,0.0,0.0,0.0,0.0,0.0,0.0,0.0,0.0,0.0,0.0,0.0,1.0,1.0,0.0,0.0,0.0,0.0,0.0,0.0,-7.0,0.0,0.0,0.0,0.0,0.0,0.0,0.0,0.0,0.0,0.0,50.0,0.0,0.0,100.0,16.7
2486969,18,981275,MADERAS SORLI BENICARLO,AWAY,1485040,A. Haro Val,A. Haro Val,1,23.6,1418.0,9.0,1.0,3.0,2.0,9.0,3.0,12.0,1.0,3.0,0.0,1.0,1.0,3.0,3.0,2.0,0.0,0.0,0.0,6.0,7.0,-35.0,33.8,33.3,75.0,25.0,0.7,0.7,0.5,0.0,5.3,2.6,33.3,4.6,0.0,18.4,35.7
2486969,18,981275,MADERAS SORLI BENICARLO,AWAY,1998365,P. Harguindey Maneiro,P. Harguindey Maneiro,1,26.2,1575.0,5.0,2.0,3.0,0.0,2.0,2.0,5.0,1.0,1.0,0.0,1.0,1.0,1.0,2.0,0.0,0.0,0.0,2.0,2.0,2.0,-22.0,46.0,40.0,40.0,20.0,1.3,0.0,0.5,0.0,4.8,2.3,8.3,0.0,0.0,26.9,14.7
2486969,18,981275,MADERAS SORLI BENICARLO,AWAY,2500822,M. Voronin,M. Voronin,0,3.4,204.0,0.0,0.0,0.0,0.0,1.0,0.0,1.0,0.0,0.0,0.0,1.0,1.0,0.0,1.0,0.0,0.0,0.0,0.0,0.0,-1.0,-3.0,0.0,0.0,100.0,0.0,0.0,0.0,0.0,0.0,36.8,18.1,0.0,0.0,0.0,50.0,30.4
2486969,18,981275,MADERAS SORLI BENICARLO,AWAY,1659850,A. Prior Ruiz,A. Prior Ruiz,1,16.5,990.0,0.0,0.0,3.0,0.0,0.0,0.0,3.0,0.0,0.0,1.0,2.0,3.0,0.0,1.0,1.0,0.0,0.0,3.0,0.0,-3.0,-14.0,0.0,0.0,0.0,0.0,0.0,0.0,0.0,7.3,15.2,11.2,0.0,3.3,0.0,25.0,12.5
2486969,18,981275,MADERAS SORLI BENICARLO,AWAY,2219986,A. Libroia,A. Libroia,1,27.9,1674.0,15.0,3.0,7.0,2.0,4.0,5.0,11.0,3.0,4.0,1.0,3.0,4.0,4.0,2.0,0.0,0.0,0.0,1.0,2.0,15.0,-23.0,58.8,54.5,36.4,36.4,0.9,1.5,2.0,4.3,13.4,8.8,44.4,0.0,0.0,13.6,27.3
2486969,18,981275,MADERAS SORLI BENICARLO,AWAY,2703145,M. Fall,M. Fall,0,3.4,205.0,0.0,0.0,0.0,0.0,0.0,0.0,0.0,0.0,0.0,2.0,0.0,2.0,0.0,0.0,0.0,0.0,0.0,0.0,0.0,2.0,-5.0,0.0,0.0,0.0,0.0,0.0,0.0,0.0,71.3,0.0,36.2,0.0,0.0,0.0,0.0,0.0
2486969,18,981275,MADERAS SORLI BENICARLO,AWAY,2536645,R. Ukawuba,R. Ukawuba,0,11.5,688.0,3.0,0.0,1.0,1.0,3.0,1.0,4.0,0.0,0.0,0.0,1.0,1.0,0.0,0.0,1.0,0.0,0.0,2.0,1.0,1.0,-17.0,37.5,37.5,75.0,0.0,0.0,1.0,0.0,0.0,10.9,5.4,0.0,4.7,0.0,0.0,18.0
2486969,18,981275,MADERAS SORLI BENICARLO,AWAY,2250610,A. Sanchez Perdiguero,A. Sanchez Perdiguero,0,15.5,928.0,2.0,1.0,3.0,0.0,0.0,1.0,3.0,0.0,2.0,1.0,4.0,5.0,0.0,3.0,1.0,1.0,0.0,2.0,2.0,2.0,-17.0,25.8,33.3,0.0,66.7,0.7,0.0,1.0,7.8,32.3,19.9,0.0,3.5,5.9,43.6,22.9
2486969,18,981275,MADERAS SORLI BENICARLO,AWAY,2816381,K. Obiekwe Sam,K. Obiekwe Sam,0,16.3,979.0,0.0,0.0,0.0,0.0,0.0,0.0,0.0,0.0,0.0,0.0,0.0,0.0,0.0,0.0,1.0,0.0,0.0,1.0,1.0,1.0,-18.0,0.0,0.0,0.0,0.0,0.0,0.0,0.0,0.0,0.0,0.0,0.0,3.3,0.0,0.0,0.0
2486970,18,981281,LOBE HUESCA LA MAGIA,HOME,2151562,O. Thiam Pedrera,O. Thiam Pedrera,0,12.7,762.0,3.0,0.0,1.0,1.0,2.0,1.0,3.0,0.0,0.0,1.0,1.0,2.0,0.0,0.0,0.0,1.0,0.0,0.0,1.0,5.0,3.0,50.0,50.0,66.7,0.0,0.0,1.5,0.0,7.5,10.9,8.9,0.0,0.0,13.1,0.0,10.8
2486970,18,981281,LOBE HUESCA LA MAGIA,HOME,2273469,O. Bieshaar,O. Bieshaar,0,7.0,422.0,4.0,2.0,3.0,0.0,0.0,2.0,3.0,0.0,0.0,0.0,1.0,1.0,1.0,0.0,0.0,0.0,0.0,3.0,2.0,4.0,-1.0,66.7,66.7,0.0,0.0,1.3,0.0,0.0,0.0,19.7,8.0,33.3,0.0,0.0,0.0,19.6
2486970,18,981281,LOBE HUESCA LA MAGIA,HOME,1756469,H. Figueroa Álvarez,H. Figueroa Álvarez,1,26.6,1595.0,23.0,2.0,5.0,3.0,8.0,5.0,13.0,10.0,12.0,0.0,4.0,4.0,1.0,2.0,3.0,0.0,0.0,2.0,7.0,24.0,-4.0,62.9,50.0,61.5,92.3,0.8,1.1,1.7,0.0,20.7,8.5,8.0,6.0,0.0,9.9,34.9
2486970,18,981281,LOBE HUESCA LA MAGIA,HOME,1759956,I. Corraliza Coba,I. Corraliza Coba,1,26.7,1600.0,6.0,3.0,6.0,0.0,4.0,3.0,10.0,0.0,0.0,1.0,2.0,3.0,4.0,0.0,1.0,0.0,0.0,1.0,1.0,7.0,-16.0,30.0,30.0,40.0,0.0,1.0,0.0,0.0,3.6,10.3,6.3,27.6,2.0,0.0,0.0,17.1
2486970,18,981281,LOBE HUESCA LA MAGIA,HOME,2815292,A. Smith,A. Smith,0,3.2,193.0,3.0,1.0,1.0,0.0,0.0,1.0,1.0,1.0,2.0,1.0,0.0,1.0,0.0,0.0,0.0,0.0,0.0,1.0,1.0,3.0,-2.0,79.8,100.0,0.0,200.0,2.0,0.0,2.0,29.8,0.0,17.6,0.0,0.0,0.0,0.0,26.9
2486970,18,981281,LOBE HUESCA LA MAGIA,HOME,2823388,J. Fritz,J. Fritz,1,19.1,1147.0,5.0,2.0,4.0,0.0,1.0,2.0,5.0,1.0,2.0,2.0,3.0,5.0,4.0,0.0,0.0,0.0,0.0,5.0,4.0,9.0,0.0,42.5,40.0,20.0,40.0,1.0,0.0,0.5,10.0,21.7,14.7,38.1,0.0,0.0,0.0,14.1
2486970,18,981281,LOBE HUESCA LA MAGIA,HOME,2815543,A. Badmus,A. Badmus,1,23.9,1437.0,8.0,4.0,6.0,0.0,0.0,4.0,6.0,0.0,0.0,2.0,2.0,4.0,0.0,0.0,0.0,0.0,0.0,2.0,2.0,10.0,-14.0,66.7,66.7,0.0,0.0,1.3,0.0,0.0,8.0,11.5,9.4,0.0,0.0,0.0,0.0,11.5
2486970,18,981281,LOBE HUESCA LA MAGIA,HOME,2559072,P. Suárez Custodio,P. Suárez Custodio,0,19.7,1181.0,3.0,0.0,0.0,1.0,8.0,1.0,8.0,0.0,0.0,1.0,0.0,1.0,1.0,0.0,1.0,0.0,0.0,2.0,0.0,-3.0,8.0,18.8,18.8,100.0,0.0,0.0,0.4,0.0,4.8,0.0,2.9,8.7,2.7,0.0,0.0,18.6
2486970,18,981281,LOBE HUESCA LA MAGIA,HOME,1761508,P. Lopez-Sanvicente Reta,P. Lopez-Sanvicente Reta,0,21.1,1269.0,5.0,1.0,2.0,0.0,4.0,1.0,6.0,3.0,3.0,3.0,3.0,6.0,3.0,1.0,0.0,0.0,0.0,1.0,2.0,9.0,-7.0,34.2,16.7,66.7,50.0,1.0,0.0,1.5,13.5,19.6,16.0,26.1,0.0,0.0,12.0,18.0
2486970,18,981281,LOBE HUESCA LA MAGIA,HOME,2116811,G. Rodriguez Soler,G. Rodriguez Soler,0,13.1,784.0,5.0,1.0,3.0,1.0,3.0,2.0,6.0,0.0,2.0,1.0,1.0,2.0,2.0,0.0,1.0,0.0,0.0,1.0,1.0,4.0,7.0,36.3,41.7,50.0,33.3,0.7,1.0,2.0,7.3,10.5,8.6,36.4,4.1,0.0,0.0,24.0
2486970,18,981281,LOBE HUESCA LA MAGIA,HOME,2054954,G. Vazquez Vallejo,G. Vazquez Vallejo,1,26.8,1610.0,11.0,2.0,3.0,1.0,8.0,3.0,11.0,4.0,5.0,0.0,3.0,3.0,1.0,1.0,1.0,0.0,0.0,1.0,3.0,8.0,-19.0,41.7,31.8,72.7,45.5,1.3,0.4,1.7,0.0,15.4,6.3,6.9,2.0,0.0,7.0,24.2
2486970,18,981490,CLUB ESPORTIU BÀSQUET LLÍRIA,AWAY,2274877,K. Clement Aigbogun,K. Clement Aigbogun,0,23.2,1395.0,12.0,2.0,5.0,2.0,6.0,4.0,11.0,2.0,2.0,0.0,2.0,2.0,0.0,1.0,0.0,0.0,0.0,2.0,2.0,6.0,12.0,50.5,45.5,54.5,18.2,0.8,1.0,1.0,0.0,8.2,4.9,0.0,0.0,0.0,7.8,26.6
2486970,18,981490,CLUB ESPORTIU BÀSQUET LLÍRIA,AWAY,1995160,D. Rivas Palmer,D. Rivas Palmer,1,26.5,1588.0,11.0,0.0,0.0,3.0,7.0,3.0,7.0,2.0,2.0,0.0,1.0,1.0,1.0,1.0,0.0,0.0,0.0,2.0,2.0,8.0,3.0,69.8,64.3,100.0,28.6,0.0,1.3,1.0,0.0,3.6,2.1,6.0,0.0,0.0,11.3,16.0
2486970,18,981490,CLUB ESPORTIU BÀSQUET LLÍRIA,AWAY,1882178,J. Palamos Molins,J. Palamos Molins,0,11.9,716.0,0.0,0.0,0.0,0.0,3.0,0.0,3.0,0.0,0.0,0.0,1.0,1.0,2.0,0.0,0.0,0.0,0.0,3.0,1.0,-2.0,-3.0,0.0,0.0,100.0,0.0,0.0,0.0,0.0,0.0,8.0,4.7,23.8,0.0,0.0,0.0,12.1
2486970,18,981490,CLUB ESPORTIU BÀSQUET LLÍRIA,AWAY,2281145,A. Rivas Palmer,A. Rivas Palmer,1,24.9,1495.0,16.0,3.0,6.0,3.0,6.0,6.0,12.0,1.0,1.0,0.0,5.0,5.0,4.0,0.0,0.0,0.0,0.0,1.0,1.0,19.0,2.0,64.3,62.5,50.0,8.3,1.0,1.5,1.0,0.0,19.1,11.3,37.0,0.0,0.0,0.0,23.9
2486970,18,981490,CLUB ESPORTIU BÀSQUET LLÍRIA,AWAY,1560358,A. Meana Perez,A. Meana Perez,1,30.2,1812.0,14.0,1.0,3.0,4.0,9.0,5.0,12.0,0.0,0.0,1.0,4.0,5.0,6.0,2.0,0.0,0.0,1.0,2.0,2.0,16.0,8.0,58.3,58.3,75.0,0.0,0.7,1.3,0.0,4.6,12.6,9.3,34.5,0.0,0.0,14.3,22.2
2486970,18,981490,CLUB ESPORTIU BÀSQUET LLÍRIA,AWAY,1257494,V. Perez Tomas,V. Perez Tomas,0,21.4,1284.0,11.0,2.0,2.0,2.0,6.0,4.0,8.0,1.0,1.0,0.0,1.0,1.0,3.0,3.0,1.0,0.0,0.0,3.0,2.0,8.0,8.0,65.2,62.5,75.0,12.5,2.0,1.0,0.5,0.0,4.5,2.6,30.0,2.5,0.0,26.2,25.6
2486970,18,981490,CLUB ESPORTIU BÀSQUET LLÍRIA,AWAY,2665346,D. Kandulu,D. Kandulu,0,12.8,770.0,3.0,0.0,1.0,0.0,0.0,0.0,1.0,3.0,4.0,4.0,8.0,12.0,1.0,2.0,0.0,0.0,0.0,3.0,2.0,11.0,4.0,54.3,0.0,0.0,400.0,0.0,0.0,2.0,43.1,59.5,52.8,11.9,0.0,0.0,42.0,17.8
2486970,18,981490,CLUB ESPORTIU BÀSQUET LLÍRIA,AWAY,1761293,P. Bono Soler,P. Bono Soler,0,11.8,707.0,0.0,0.0,0.0,0.0,1.0,0.0,1.0,0.0,0.0,1.0,2.0,3.0,0.0,0.0,0.0,0.0,0.0,0.0,0.0,2.0,8.0,0.0,0.0,100.0,0.0,0.0,0.0,0.0,11.7,16.1,14.3,0.0,0.0,0.0,0.0,4.1
2486970,18,981490,CLUB ESPORTIU BÀSQUET LLÍRIA,AWAY,2184821,M. Enabulele Ogunsuyi,M. Enabulele Ogunsuyi,1,18.9,1132.0,6.0,3.0,4.0,0.0,0.0,3.0,4.0,0.0,0.0,1.0,3.0,4.0,0.0,2.0,0.0,0.0,0.0,5.0,1.0,3.0,6.0,75.0,75.0,0.0,0.0,1.5,0.0,0.0,7.3,15.1,11.9,0.0,0.0,0.0,33.3,15.2
2486970,18,981490,CLUB ESPORTIU BÀSQUET LLÍRIA,AWAY,1702333,E. Herrera Sauret,E. Herrera Sauret,1,16.3,976.0,10.0,2.0,3.0,1.0,2.0,3.0,5.0,3.0,3.0,2.0,3.0,5.0,1.0,1.0,1.0,0.0,0.0,3.0,5.0,16.0,4.0,79.1,70.0,40.0,60.0,1.3,1.5,0.6,16.9,17.5,17.3,12.2,3.3,0.0,13.7,21.5
2486970,18,981490,CLUB ESPORTIU BÀSQUET LLÍRIA,AWAY,2222436,S. Gallego Mogro,S. Gallego Mogro,0,2.1,125.0,2.0,0.0,0.0,0.0,0.0,0.0,0.0,2.0,2.0,0.0,0.0,0.0,0.0,1.0,0.0,0.0,0.0,1.0,1.0,1.0,-7.0,113.6,0.0,0.0,0.0,0.0,0.0,2.0,0.0,0.0,0.0,0.0,0.0,0.0,53.2,42.8
2486971,18,981428,HOMS U.E.MATARÓ,HOME,2162105,F. Garrido Teban,F. Garrido Teban,0,24.9,1494.0,9.0,0.0,0.0,3.0,4.0,3.0,4.0,0.0,0.0,0.0,3.0,3.0,1.0,0.0,1.0,0.0,0.0,2.0,1.0,12.0,12.0,112.5,112.5,100.0,0.0,0.0,2.2,0.0,0.0,12.9,7.2,8.8,2.3,0.0,0.0,8.1
2486971,18,981428,HOMS U.E.MATARÓ,HOME,1914611,J. Boix Colet,J. Boix Colet,0,29.4,1767.0,20.0,5.0,9.0,2.0,5.0,7.0,14.0,4.0,5.0,1.0,4.0,5.0,4.0,3.0,1.0,1.0,1.0,2.0,7.0,25.0,2.0,61.7,57.1,35.7,35.7,1.1,1.2,0.7,4.6,14.6,10.2,40.8,2.0,3.9,15.6,32.9
2486971,18,981428,HOMS U.E.MATARÓ,HOME,2534044,J. Tomaic Tomaic,J. Tomaic Tomaic,1,11.0,658.0,2.0,0.0,1.0,0.0,2.0,0.0,3.0,2.0,2.0,0.0,0.0,0.0,1.0,1.0,0.0,1.0,1.0,5.0,1.0,-4.0,-8.0,25.8,0.0,66.7,66.7,0.0,0.0,2.0,0.0,0.0,0.0,20.8,0.0,10.5,20.5,22.4
2486971,18,981428,HOMS U.E.MATARÓ,HOME,1568569,J. Juanola Madera,J. Juanola Madera,1,31.9,1913.0,15.0,5.0,8.0,0.0,4.0,5.0,12.0,5.0,6.0,4.0,5.0,9.0,7.0,2.0,1.0,0.0,0.0,3.0,6.0,25.0,4.0,51.2,41.7,33.3,50.0,1.2,0.0,1.0,17.1,16.8,16.9,59.3,1.8,0.0,12.0,26.3
2486971,18,981428,HOMS U.E.MATARÓ,HOME,1927150,N. Ferrer Iglesia,N. Ferrer Iglesia,1,14.2,849.0,2.0,1.0,1.0,0.0,2.0,1.0,3.0,0.0,0.0,0.0,0.0,0.0,1.0,0.0,2.0,0.0,0.0,2.0,0.0,1.0,2.0,33.3,33.3,66.7,0.0,2.0,0.0,0.0,0.0,0.0,0.0,16.1,8.2,0.0,0.0,10.6
2486971,18,981428,HOMS U.E.MATARÓ,HOME,2451498,A. Roker,A. Roker,0,18.2,1095.0,8.0,2.0,3.0,0.0,0.0,2.0,3.0,4.0,7.0,2.0,0.0,2.0,1.0,1.0,0.0,0.0,0.0,2.0,4.0,8.0,-7.0,65.8,66.7,0.0,233.3,1.3,0.0,1.8,15.0,0.0,6.6,13.2,0.0,0.0,14.1,19.6
2486971,18,981428,HOMS U.E.MATARÓ,HOME,1073368,A. Ventura Pedreño,A. Ventura Pedreño,0,25.4,1521.0,6.0,0.0,1.0,2.0,6.0,2.0,7.0,0.0,0.0,1.0,2.0,3.0,1.0,0.0,2.0,0.0,0.0,3.0,0.0,4.0,0.0,42.9,42.9,85.7,0.0,0.0,1.0,0.0,5.4,8.4,7.1,8.1,4.6,0.0,0.0,13.9
2486971,18,981428,HOMS U.E.MATARÓ,HOME,1942837,G. Martinez Rivera,G. Martinez Rivera,1,30.8,1847.0,8.0,0.0,4.0,1.0,5.0,1.0,9.0,5.0,6.0,1.0,5.0,6.0,1.0,2.0,1.0,0.0,2.0,2.0,4.0,7.0,-2.0,34.4,16.7,55.6,66.7,0.0,0.6,1.5,4.4,17.4,11.7,6.3,1.9,0.0,14.7,22.3
2486971,18,981428,HOMS U.E.MATARÓ,HOME,2813635,E. Kalu,E. Kalu,1,34.9,2096.0,8.0,3.0,7.0,0.0,0.0,3.0,7.0,2.0,2.0,4.0,4.0,8.0,1.0,4.0,1.0,1.0,0.0,4.0,2.0,9.0,14.0,50.8,42.9,0.0,28.6,0.9,0.0,1.0,15.6,12.3,13.8,6.2,1.7,3.3,33.7,17.1
2486971,18,981428,HOMS U.E.MATARÓ,HOME,1920919,E. Coll Comabella,E. Coll Comabella,0,4.3,260.0,0.0,0.0,0.0,0.0,1.0,0.0,1.0,0.0,0.0,0.0,1.0,1.0,0.0,1.0,0.0,0.0,0.0,1.0,0.0,-2.0,-2.0,0.0,0.0,100.0,0.0,0.0,0.0,0.0,0.0,24.9,14.0,0.0,0.0,0.0,50.0,23.4
2486971,18,981358,CIUDAD MOLINA BASKET,AWAY,2816300,A. Duval,A. Duval,0,19.6,1177.0,20.0,0.0,1.0,6.0,11.0,6.0,12.0,2.0,2.0,2.0,2.0,4.0,1.0,1.0,1.0,0.0,0.0,2.0,4.0,21.0,3.0,77.6,75.0,91.7,16.7,0.0,1.6,0.5,10.9,13.9,12.2,31.2,3.0,0.0,7.2,33.3
2486971,18,981358,CIUDAD MOLINA BASKET,AWAY,1899744,J. Cascales Fernandez,J. Cascales Fernandez,0,1.6,93.0,0.0,0.0,1.0,0.0,0.0,0.0,1.0,0.0,0.0,0.0,1.0,1.0,1.0,0.0,0.0,0.0,0.0,0.0,0.0,1.0,0.0,0.0,0.0,0.0,0.0,0.0,0.0,0.0,0.0,85.2,37.5,0.0,0.0,0.0,0.0,29.4
2486971,18,981358,CIUDAD MOLINA BASKET,AWAY,1532799,R. Timoner Gimenez,R. Timoner Gimenez,0,15.8,949.0,1.0,0.0,0.0,0.0,1.0,0.0,1.0,1.0,2.0,0.0,0.0,0.0,5.0,0.0,0.0,0.0,0.0,2.0,2.0,4.0,-7.0,26.6,0.0,100.0,200.0,0.0,0.0,1.0,0.0,0.0,0.0,54.3,0.0,0.0,0.0,5.6
2486971,18,981358,CIUDAD MOLINA BASKET,AWAY,2146670,P. Campeny Lloveras,P. Campeny Lloveras,1,19.1,1148.0,5.0,1.0,1.0,1.0,4.0,2.0,5.0,0.0,0.0,0.0,3.0,3.0,0.0,2.0,1.0,0.0,0.0,4.0,1.0,1.0,-5.0,50.0,50.0,80.0,0.0,2.0,0.8,0.0,0.0,21.4,9.4,0.0,3.1,0.0,28.6,17.3
2486971,18,981358,CIUDAD MOLINA BASKET,AWAY,1514342,R. Martínez-Quintanilla Jiménez,R. Martínez-Quintanilla Jiménez,0,9.8,587.0,0.0,0.0,1.0,0.0,2.0,0.0,3.0,0.0,0.0,0.0,1.0,1.0,1.0,2.0,0.0,0.0,0.0,2.0,0.0,-5.0,-8.0,0.0,0.0,66.7,0.0,0.0,0.0,0.0,0.0,13.9,6.1,21.7,0.0,0.0,40.0,24.0
2486971,18,981358,CIUDAD MOLINA BASKET,AWAY,2864918,H. Kabasele Kasonga,H. Kabasele Kasonga,0,14.9,894.0,7.0,3.0,8.0,0.0,0.0,3.0,8.0,1.0,1.0,2.0,0.0,2.0,1.0,1.0,0.0,2.0,0.0,3.0,2.0,5.0,-4.0,41.5,37.5,0.0,12.5,0.8,0.0,0.5,14.4,0.0,8.1,25.6,0.0,17.8,10.6,29.8
2486971,18,981358,CIUDAD MOLINA BASKET,AWAY,2816662,G. Miladinovic,G. Miladinovic,1,29.9,1794.0,6.0,1.0,9.0,0.0,0.0,1.0,9.0,4.0,6.0,1.0,4.0,5.0,2.0,0.0,1.0,2.0,1.0,3.0,3.0,6.0,1.0,25.8,11.1,0.0,66.7,0.2,0.0,2.0,3.6,18.2,10.0,13.2,2.0,8.9,0.0,18.3
2486971,18,981358,CIUDAD MOLINA BASKET,AWAY,1994360,U. Zamora Maña,U. Zamora Maña,0,23.9,1432.0,5.0,0.0,1.0,0.0,1.0,0.0,2.0,5.0,6.0,3.0,2.0,5.0,1.0,1.0,1.0,0.0,0.0,4.0,5.0,9.0,2.0,53.9,0.0,50.0,300.0,0.0,0.0,1.2,13.4,11.4,12.6,8.7,2.5,0.0,17.7,11.1
2486971,18,981358,CIUDAD MOLINA BASKET,AWAY,2042118,F. Hernandez Martinez,F. Hernandez Martinez,1,27.1,1624.0,10.0,1.0,3.0,2.0,8.0,3.0,11.0,2.0,2.0,2.0,1.0,3.0,1.0,0.0,0.0,0.0,1.0,0.0,2.0,8.0,-3.0,42.1,36.4,72.7,18.2,0.7,0.8,1.0,7.9,5.0,6.6,9.3,0.0,0.0,0.0,20.6
2486971,18,981358,CIUDAD MOLINA BASKET,AWAY,1439463,C. Toledo Zamora,C. Toledo Zamora,1,34.9,2091.0,15.0,5.0,7.0,1.0,5.0,6.0,12.0,2.0,2.0,7.0,3.0,10.0,2.0,2.0,0.0,0.0,1.0,2.0,5.0,22.0,5.0,58.2,54.2,41.7,16.7,1.4,0.6,0.4,21.5,11.7,17.2,16.1,0.0,0.0,13.4,20.1
2486971,18,981358,CIUDAD MOLINA BASKET,AWAY,2032122,J. Tavelli,J. Tavelli,1,28.5,1711.0,6.0,2.0,7.0,0.0,2.0,2.0,9.0,2.0,3.0,1.0,3.0,4.0,4.0,3.0,3.0,0.0,0.0,3.0,2.0,5.0,1.0,29.1,22.2,22.2,33.3,0.6,0.0,1.5,3.8,14.4,8.4,33.9,6.2,0.0,22.5,22.0
2486972,18,981305,SOL GIRONÈS BISBAL BÀSQUET,HOME,2864634,X. Ochu,X. Ochu,1,33.5,2008.0,9.0,4.0,8.0,0.0,2.0,4.0,10.0,1.0,4.0,0.0,5.0,5.0,3.0,3.0,8.0,0.0,0.0,2.0,3.0,14.0,10.0,38.3,40.0,20.0,40.0,1.0,0.0,1.3,0.0,15.7,8.1,12.9,12.1,0.0,20.3,19.8
2486972,18,981305,SOL GIRONÈS BISBAL BÀSQUET,HOME,2851798,F. Adebayo,F. Adebayo,0,34.5,2068.0,21.0,5.0,8.0,2.0,7.0,7.0,15.0,5.0,10.0,2.0,9.0,11.0,6.0,1.0,1.0,0.0,0.0,2.0,7.0,30.0,20.0,54.1,53.3,46.7,66.7,1.2,0.9,1.4,6.4,27.5,17.2,25.4,1.5,0.0,4.9,26.6
2486972,18,981305,SOL GIRONÈS BISBAL BÀSQUET,HOME,1964254,P. Sala Vallmajo,P. Sala Vallmajo,0,3.1,187.0,3.0,0.0,0.0,1.0,1.0,1.0,1.0,0.0,0.0,0.0,0.0,0.0,0.0,0.0,0.0,0.0,0.0,0.0,0.0,3.0,2.0,150.0,150.0,100.0,0.0,0.0,3.0,0.0,0.0,0.0,0.0,0.0,0.0,0.0,0.0,14.5
2486972,18,981305,SOL GIRONÈS BISBAL BÀSQUET,HOME,1227597,I. Valera Corominas,I. Valera Corominas,0,12.4,743.0,2.0,1.0,1.0,0.0,1.0,1.0,2.0,0.0,0.0,1.0,2.0,3.0,0.0,1.0,1.0,0.0,0.0,1.0,0.0,3.0,5.0,50.0,50.0,50.0,0.0,2.0,0.0,0.0,9.0,17.0,13.1,0.0,4.1,0.0,33.3,10.9
2486972,18,981305,SOL GIRONÈS BISBAL BÀSQUET,HOME,1829525,M. Mikhailov Paltarak,M. Mikhailov Paltarak,1,31.2,1872.0,19.0,9.0,14.0,0.0,1.0,9.0,15.0,1.0,1.0,3.0,9.0,12.0,0.0,3.0,2.0,1.0,0.0,3.0,3.0,25.0,4.0,61.5,60.0,6.7,6.7,1.3,0.0,0.3,10.7,30.4,20.8,0.0,3.2,4.1,16.3,26.6
2486972,18,981305,SOL GIRONÈS BISBAL BÀSQUET,HOME,1400270,B. Alvarez Torres,B. Alvarez Torres,1,25.6,1537.0,0.0,0.0,3.0,0.0,3.0,0.0,6.0,0.0,0.0,0.0,4.0,4.0,6.0,1.0,0.0,0.0,0.0,1.0,1.0,3.0,7.0,0.0,0.0,50.0,0.0,0.0,0.0,0.0,0.0,16.4,8.4,29.4,0.0,0.0,14.3,12.3
2486972,18,981305,SOL GIRONÈS BISBAL BÀSQUET,HOME,2815176,S. Kane,S. Kane,0,8.8,528.0,4.0,2.0,2.0,0.0,0.0,2.0,2.0,0.0,1.0,1.0,0.0,1.0,0.0,0.0,1.0,0.0,0.0,0.0,1.0,6.0,12.0,82.0,100.0,0.0,50.0,2.0,0.0,1.0,12.6,0.0,6.1,0.0,5.8,0.0,0.0,12.5
2486972,18,981305,SOL GIRONÈS BISBAL BÀSQUET,HOME,1198592,X. Torrent Bayé,X. Torrent Bayé,1,22.6,1354.0,12.0,2.0,2.0,2.0,9.0,4.0,11.0,2.0,3.0,0.0,2.0,2.0,1.0,0.0,0.0,0.0,0.0,4.0,5.0,8.0,7.0,48.7,45.5,81.8,27.3,2.0,0.7,0.6,0.0,9.3,4.8,6.1,0.0,0.0,0.0,24.6
2486972,18,981305,SOL GIRONÈS BISBAL BÀSQUET,HOME,2822552,C. Larousse,C. Larousse,1,28.4,1703.0,12.0,6.0,6.0,0.0,0.0,6.0,6.0,0.0,1.0,5.0,2.0,7.0,0.0,3.0,0.0,0.0,0.0,3.0,2.0,14.0,11.0,93.2,100.0,0.0,16.7,2.0,0.0,0.5,19.6,7.4,13.3,0.0,0.0,0.0,31.8,15.0
2486972,18,981347,PROINBENI UPB GANDIA,AWAY,1824880,G. Perez Ramirez,G. Perez Ramirez,1,18.1,1089.0,12.0,0.0,0.0,4.0,10.0,4.0,10.0,0.0,0.0,0.0,3.0,3.0,1.0,0.0,0.0,0.0,0.0,4.0,0.0,6.0,1.0,60.0,60.0,100.0,0.0,0.0,1.2,0.0,0.0,18.4,9.0,12.5,0.0,0.0,0.0,26.3
2486972,18,981347,PROINBENI UPB GANDIA,AWAY,1837816,C. Hurtado Cervantes,C. Hurtado Cervantes,0,16.9,1017.0,7.0,2.0,4.0,1.0,3.0,3.0,7.0,0.0,0.0,0.0,2.0,2.0,1.0,1.0,1.0,0.0,0.0,2.0,3.0,7.0,-18.0,50.0,50.0,42.9,0.0,1.0,1.0,0.0,0.0,13.1,6.4,15.2,3.1,0.0,12.5,22.6
2486972,18,981347,PROINBENI UPB GANDIA,AWAY,2736564,K. Greeley,K. Greeley,1,30.9,1852.0,23.0,4.0,6.0,4.0,6.0,8.0,12.0,3.0,4.0,1.0,5.0,6.0,3.0,2.0,3.0,0.0,0.0,1.0,3.0,30.0,-6.0,83.6,83.3,50.0,33.3,1.3,2.0,1.3,3.4,18.0,10.5,26.8,5.1,0.0,12.7,24.3
2486972,18,981347,PROINBENI UPB GANDIA,AWAY,2378347,J. Molina Martinez,J. Molina Martinez,0,31.5,1891.0,3.0,0.0,0.0,1.0,4.0,1.0,4.0,0.0,0.0,0.0,2.0,2.0,0.0,4.0,1.0,0.0,0.0,2.0,2.0,-1.0,-19.0,37.5,37.5,100.0,0.0,0.0,0.8,0.0,0.0,7.1,3.4,0.0,1.7,0.0,50.0,12.1
2486972,18,981347,PROINBENI UPB GANDIA,AWAY,1673764,L. Ferrando Ortells,L. Ferrando Ortells,1,25.9,1554.0,8.0,4.0,6.0,0.0,3.0,4.0,9.0,0.0,1.0,0.0,1.0,1.0,2.0,2.0,1.0,0.0,0.0,4.0,2.0,2.0,-2.0,42.4,44.4,33.3,11.1,1.3,0.0,0.5,0.0,4.3,2.1,19.2,2.0,0.0,17.5,21.0
2486972,18,981347,PROINBENI UPB GANDIA,AWAY,1996333,M. Montilla Diaz,M. Montilla Diaz,1,25.3,1517.0,3.0,1.0,6.0,0.0,0.0,1.0,6.0,1.0,2.0,2.0,8.0,10.0,1.0,1.0,1.0,0.0,1.0,1.0,1.0,8.0,-7.0,21.8,16.7,0.0,33.3,0.3,0.0,2.0,8.3,35.1,21.4,7.5,2.1,0.0,12.7,14.8
2486972,18,981347,PROINBENI UPB GANDIA,AWAY,1857448,J. Santana Luchoro,J. Santana Luchoro,0,11.4,686.0,0.0,0.0,1.0,0.0,2.0,0.0,3.0,0.0,0.0,0.0,1.0,1.0,0.0,1.0,0.0,0.0,0.0,4.0,0.0,-7.0,-6.0,0.0,0.0,66.7,0.0,0.0,0.0,0.0,0.0,9.7,4.7,0.0,0.0,0.0,25.0,16.7
2486972,18,981347,PROINBENI UPB GANDIA,AWAY,1851026,A. Bellver Valiente,A. Bellver Valiente,0,9.8,590.0,3.0,0.0,0.0,1.0,3.0,1.0,3.0,0.0,0.0,0.0,1.0,1.0,1.0,0.0,1.0,0.0,0.0,3.0,1.0,2.0,-11.0,50.0,50.0,100.0,0.0,0.0,1.0,0.0,0.0,11.3,5.5,26.3,5.3,0.0,0.0,14.6
2486972,18,981347,PROINBENI UPB GANDIA,AWAY,2335802,J. Bitjaa Kody,J. Bitjaa Kody,1,30.1,1804.0,7.0,1.0,8.0,1.0,2.0,2.0,10.0,2.0,2.0,2.0,1.0,3.0,2.0,5.0,1.0,0.0,0.0,1.0,3.0,2.0,-12.0,32.2,25.0,20.0,20.0,0.2,1.5,0.7,7.0,3.7,5.4,11.6,1.7,0.0,31.5,25.1
2486973,18,981207,OCA GLOBAL C.B. SALOU,HOME,2451495,D. Knowles,D. Knowles,1,18.7,1121.0,13.0,5.0,6.0,0.0,0.0,5.0,6.0,3.0,5.0,0.0,1.0,1.0,0.0,0.0,2.0,1.0,0.0,5.0,4.0,13.0,5.0,79.3,83.3,0.0,83.3,1.7,0.0,1.2,0.0,6.5,3.1,0.0,5.2,6.5,0.0,20.2
2486973,18,981207,OCA GLOBAL C.B. SALOU,HOME,2218994,K. Mendes Kovacs,K. Mendes Kovacs,0,3.4,205.0,0.0,0.0,0.0,0.0,0.0,0.0,0.0,0.0,0.0,0.0,0.0,0.0,0.0,1.0,1.0,0.0,0.0,1.0,0.0,-1.0,0.0,0.0,0.0,0.0,0.0,0.0,0.0,0.0,0.0,0.0,0.0,0.0,14.4,0.0,100.0,13.6
2486973,18,981207,OCA GLOBAL C.B. SALOU,HOME,2715040,B. Traore,B. Traore,0,26.8,1605.0,5.0,2.0,4.0,0.0,0.0,2.0,4.0,1.0,2.0,2.0,2.0,4.0,0.0,1.0,3.0,0.0,0.0,1.0,3.0,10.0,-7.0,51.2,50.0,0.0,50.0,1.0,0.0,0.7,8.3,9.0,8.7,0.0,5.5,0.0,17.0,10.1
2486973,18,981207,OCA GLOBAL C.B. SALOU,HOME,1271466,D. Cuellar Garcia,D. Cuellar Garcia,1,21.1,1264.0,4.0,0.0,2.0,1.0,2.0,1.0,4.0,1.0,2.0,2.0,4.0,6.0,2.0,1.0,0.0,0.0,1.0,4.0,1.0,4.0,-11.0,41.0,37.5,50.0,50.0,0.0,1.5,2.0,10.5,23.0,16.5,14.8,0.0,0.0,17.0,12.9
2486973,18,981207,OCA GLOBAL C.B. SALOU,HOME,2242531,E. Moure Colombo,E. Moure Colombo,0,10.4,627.0,0.0,0.0,1.0,0.0,2.0,0.0,3.0,0.0,0.0,0.0,1.0,1.0,1.0,0.0,0.0,0.0,0.0,3.0,1.0,-3.0,-9.0,0.0,0.0,66.7,0.0,0.0,0.0,0.0,0.0,11.7,5.6,11.5,0.0,0.0,0.0,13.3
2486973,18,981207,OCA GLOBAL C.B. SALOU,HOME,2814887,P. Renane,P. Renane,0,2.7,164.0,0.0,0.0,1.0,0.0,0.0,0.0,1.0,0.0,0.0,0.0,0.0,0.0,0.0,0.0,0.0,0.0,0.0,0.0,0.0,-1.0,-8.0,0.0,0.0,0.0,0.0,0.0,0.0,0.0,0.0,0.0,0.0,0.0,0.0,0.0,0.0,17.1
2486973,18,981207,OCA GLOBAL C.B. SALOU,HOME,1938487,A. Llorca Castillo,A. Llorca Castillo,1,30.3,1818.0,11.0,4.0,10.0,1.0,7.0,5.0,17.0,0.0,0.0,0.0,2.0,2.0,8.0,0.0,3.0,0.0,0.0,2.0,4.0,14.0,20.0,32.4,32.4,41.2,0.0,0.8,0.4,0.0,0.0,8.0,3.8,44.0,4.9,0.0,0.0,25.9
2486973,18,981207,OCA GLOBAL C.B. SALOU,HOME,2827753,O. Okenchi,O. Okenchi,0,18.3,1100.0,6.0,3.0,4.0,0.0,0.0,3.0,4.0,0.0,5.0,1.0,0.0,1.0,0.0,4.0,1.0,1.0,0.0,2.0,4.0,1.0,-12.0,48.4,75.0,0.0,125.0,1.5,0.0,1.2,6.1,0.0,3.2,0.0,2.7,6.6,39.2,25.7
2486973,18,981207,OCA GLOBAL C.B. SALOU,HOME,2284777,C. Knowles,C. Knowles,1,35.9,2156.0,24.0,5.0,8.0,3.0,6.0,8.0,14.0,5.0,6.0,1.0,6.0,7.0,1.0,4.0,2.0,1.0,1.0,3.0,5.0,26.0,-4.0,72.1,67.9,42.9,42.9,1.2,1.5,1.2,3.1,20.3,11.3,5.5,2.7,3.4,19.4,26.5
2486973,18,981207,OCA GLOBAL C.B. SALOU,HOME,1610350,E. Martinez Pretel,E. Martinez Pretel,1,29.6,1773.0,16.0,1.0,2.0,4.0,9.0,5.0,11.0,2.0,2.0,1.0,3.0,4.0,0.0,2.0,2.0,0.0,0.0,4.0,2.0,12.0,6.0,67.3,63.6,81.8,18.2,1.0,1.3,1.0,3.8,12.3,7.8,0.0,3.3,0.0,14.4,21.6
2486973,18,981207,OCA GLOBAL C.B. SALOU,HOME,2274746,P. Salo Blaya,P. Salo Blaya,0,2.8,167.0,0.0,0.0,0.0,0.0,0.0,0.0,0.0,0.0,0.0,0.0,0.0,0.0,0.0,0.0,0.0,0.0,0.0,0.0,0.0,0.0,5.0,0.0,0.0,0.0,0.0,0.0,0.0,0.0,0.0,0.0,0.0,0.0,0.0,0.0,0.0,0.0
2486973,18,981491,C.B. GETAFE,AWAY,1223461,J. Tejera Tejo,J. Tejera Tejo,0,11.3,679.0,2.0,1.0,4.0,0.0,1.0,1.0,5.0,0.0,0.0,0.0,0.0,0.0,0.0,0.0,1.0,1.0,0.0,0.0,0.0,0.0,-1.0,20.0,20.0,20.0,0.0,0.5,0.0,0.0,0.0,0.0,0.0,0.0,4.4,9.3,0.0,18.5
2486973,18,981491,C.B. GETAFE,AWAY,2816388,M. Abdulsalam,M. Abdulsalam,1,20.4,1224.0,10.0,3.0,4.0,0.0,0.0,3.0,4.0,4.0,4.0,3.0,8.0,11.0,0.0,2.0,1.0,0.0,0.0,5.0,7.0,21.0,4.0,86.8,75.0,0.0,100.0,1.5,0.0,0.6,17.8,43.6,31.3,0.0,2.5,0.0,25.8,15.9
2486973,18,981491,C.B. GETAFE,AWAY,1590474,G. Kasanzi Obama,G. Kasanzi Obama,0,22.4,1341.0,12.0,1.0,3.0,1.0,3.0,2.0,6.0,7.0,11.0,3.0,1.0,4.0,3.0,1.0,0.0,0.0,1.0,3.0,7.0,14.0,17.0,55.4,41.7,50.0,183.3,0.7,1.0,1.6,16.2,5.0,10.4,24.2,0.0,0.0,8.4,22.1
2486973,18,981491,C.B. GETAFE,AWAY,1789964,E. Ortiz Torres,E. Ortiz Torres,0,15.6,933.0,3.0,0.0,0.0,1.0,2.0,1.0,2.0,0.0,0.0,1.0,2.0,3.0,3.0,3.0,2.0,0.0,0.0,2.0,2.0,7.0,10.0,75.0,75.0,100.0,0.0,0.0,1.5,0.0,7.8,14.2,11.1,34.9,6.4,0.0,60.0,13.4
2486973,18,981491,C.B. GETAFE,AWAY,2815898,C. Henderson,C. Henderson,1,30.1,1808.0,12.0,0.0,1.0,3.0,9.0,3.0,10.0,3.0,3.0,0.0,5.0,5.0,0.0,0.0,0.0,0.0,0.0,2.0,1.0,9.0,-2.0,53.0,45.0,90.0,30.0,0.0,1.0,3.0,0.0,18.5,9.6,0.0,0.0,0.0,0.0,15.7
2486973,18,981491,C.B. GETAFE,AWAY,1328788,M. Alvarez Puertas,M. Alvarez Puertas,0,8.2,489.0,2.0,1.0,1.0,0.0,2.0,1.0,3.0,0.0,0.0,1.0,1.0,2.0,0.0,1.0,0.0,0.0,0.0,0.0,0.0,1.0,1.0,33.3,33.3,66.7,0.0,2.0,0.0,0.0,14.8,13.6,14.1,0.0,0.0,0.0,25.0,20.4
2486973,18,981491,C.B. GETAFE,AWAY,1674978,G. Mulero Maldonado,G. Mulero Maldonado,1,24.6,1478.0,16.0,4.0,7.0,2.0,4.0,6.0,11.0,2.0,3.0,0.0,1.0,1.0,3.0,3.0,1.0,0.0,2.0,4.0,1.0,9.0,-5.0,64.9,63.6,36.4,27.3,1.1,1.5,3.0,0.0,4.5,2.4,35.7,2.0,0.0,19.6,26.0
2486973,18,981491,C.B. GETAFE,AWAY,1582089,J. Parra Baez,J. Parra Baez,1,31.2,1873.0,16.0,1.0,6.0,3.0,7.0,4.0,13.0,5.0,6.0,2.0,6.0,8.0,1.0,4.0,1.0,1.0,0.0,1.0,2.0,14.0,-3.0,51.2,42.3,53.8,46.2,0.3,1.3,3.0,7.8,21.4,14.9,6.6,1.6,3.4,20.4,26.3
2486973,18,981491,C.B. GETAFE,AWAY,2816389,J. Nve Maleva,J. Nve Maleva,0,11.8,708.0,7.0,2.0,5.0,0.0,0.0,2.0,5.0,3.0,4.0,4.0,2.0,6.0,0.0,1.0,0.0,0.0,0.0,3.0,2.0,7.0,1.0,51.8,40.0,0.0,80.0,0.8,0.0,2.0,41.1,18.8,29.5,0.0,0.0,0.0,12.9,27.5
2486973,18,981491,C.B. GETAFE,AWAY,1876223,A. Montero Isla,A. Montero Isla,1,24.4,1467.0,2.0,1.0,2.0,0.0,1.0,1.0,3.0,0.0,0.0,0.0,3.0,3.0,4.0,5.0,0.0,0.0,0.0,4.0,1.0,-1.0,-7.0,33.3,33.3,33.3,0.0,1.0,0.0,0.0,0.0,13.7,7.1,29.9,0.0,0.0,62.5,13.7
2486974,18,981294,C.B. ZARAGOZA,HOME,1802050,D. Muñoz Samatan,D. Muñoz Samatan,0,16.8,1009.0,9.0,3.0,4.0,0.0,0.0,3.0,4.0,3.0,6.0,4.0,2.0,6.0,1.0,1.0,0.0,0.0,1.0,2.0,5.0,14.0,-6.0,67.8,75.0,0.0,150.0,1.5,0.0,1.2,29.8,12.5,20.4,15.2,0.0,0.0,13.1,19.7
2486974,18,981294,C.B. ZARAGOZA,HOME,1798932,D. Arjol Lopez,D. Arjol Lopez,0,21.3,1280.0,13.0,5.0,7.0,0.0,1.0,5.0,8.0,3.0,3.0,0.0,2.0,2.0,1.0,5.0,4.0,0.0,0.0,2.0,2.0,12.0,-5.0,69.7,62.5,12.5,37.5,1.4,0.0,1.5,0.0,9.9,5.4,14.3,8.9,0.0,34.9,29.1
2486974,18,981294,C.B. ZARAGOZA,HOME,1250976,O. Alvarado Rodriguez,O. Alvarado Rodriguez,1,33.3,1997.0,2.0,0.0,0.0,0.0,4.0,0.0,4.0,2.0,4.0,0.0,6.0,6.0,6.0,2.0,0.0,0.0,0.0,3.0,4.0,7.0,12.0,17.4,0.0,100.0,100.0,0.0,0.0,1.0,0.0,19.0,10.3,31.2,0.0,0.0,25.8,10.1
2486974,18,981294,C.B. ZARAGOZA,HOME,1861515,P. Aso Jimenez,P. Aso Jimenez,1,19.0,1140.0,0.0,0.0,0.0,0.0,1.0,0.0,1.0,0.0,0.0,0.0,2.0,2.0,2.0,0.0,0.0,0.0,0.0,1.0,0.0,2.0,-6.0,0.0,0.0,100.0,0.0,0.0,0.0,0.0,0.0,11.1,6.0,16.7,0.0,0.0,0.0,2.3
2486974,18,981294,C.B. ZARAGOZA,HOME,1446949,J. Jiménez Jiménez,J. Jiménez Jiménez,1,24.6,1477.0,13.0,1.0,3.0,1.0,5.0,2.0,8.0,8.0,10.0,0.0,2.0,2.0,0.0,1.0,1.0,0.0,0.0,5.0,4.0,6.0,7.0,52.4,31.2,62.5,125.0,0.7,0.6,2.5,0.0,8.6,4.6,0.0,1.9,0.0,7.5,23.6
2486974,18,981294,C.B. ZARAGOZA,HOME,2704882,Y. Kolo,Y. Kolo,1,22.7,1362.0,11.0,3.0,5.0,1.0,1.0,4.0,6.0,2.0,3.0,2.0,3.0,5.0,0.0,4.0,0.0,0.0,0.0,4.0,3.0,8.0,5.0,75.1,75.0,16.7,50.0,1.2,3.0,1.0,11.0,13.9,12.6,0.0,0.0,0.0,35.3,21.6
2486974,18,981294,C.B. ZARAGOZA,HOME,2815312,J. Zhao Olmos,J. Zhao Olmos,1,28.9,1736.0,11.0,1.0,5.0,2.0,3.0,3.0,8.0,3.0,3.0,0.0,5.0,5.0,3.0,3.0,0.0,0.0,0.0,3.0,3.0,11.0,3.0,59.0,50.0,37.5,37.5,0.4,2.0,1.0,0.0,18.2,9.9,21.7,0.0,0.0,24.4,18.4
2486974,18,981294,C.B. ZARAGOZA,HOME,1556128,G. Colom Barrufet,G. Colom Barrufet,0,14.8,887.0,11.0,3.0,5.0,1.0,4.0,4.0,9.0,2.0,2.0,1.0,1.0,2.0,0.0,2.0,0.0,0.0,1.0,1.0,0.0,5.0,1.0,55.7,50.0,44.4,22.2,1.2,0.8,0.0,8.4,7.1,7.7,0.0,0.0,0.0,16.8,34.7
2486974,18,981294,C.B. ZARAGOZA,HOME,1910411,A. Aragones Navais,A. Aragones Navais,0,18.5,1112.0,8.0,3.0,6.0,0.0,4.0,3.0,10.0,2.0,2.0,0.0,2.0,2.0,0.0,2.0,2.0,1.0,0.0,3.0,3.0,4.0,-1.0,36.8,30.0,40.0,20.0,1.0,0.0,0.7,0.0,11.4,6.2,0.0,5.1,6.0,15.5,30.1
2486974,18,979996,AMICS CASTELLÓ,AWAY,2149001,R. Fabrega Urpina,R. Fabrega Urpina,0,21.6,1298.0,9.0,1.0,2.0,2.0,5.0,3.0,7.0,1.0,4.0,2.0,4.0,6.0,5.0,3.0,3.0,0.0,0.0,2.0,4.0,15.0,-11.0,51.4,57.1,71.4,57.1,1.0,1.2,1.0,9.7,23.1,15.9,45.5,6.5,0.0,25.5,22.4
2486974,18,979996,AMICS CASTELLÓ,AWAY,273780,J. Faner Catala,J. Faner Catala,1,24.1,1443.0,7.0,2.0,3.0,1.0,4.0,3.0,7.0,0.0,1.0,1.0,2.0,3.0,6.0,2.0,0.0,0.0,0.0,2.0,3.0,10.0,4.0,47.0,50.0,57.1,14.3,1.3,0.8,0.3,4.4,10.4,7.1,43.5,0.0,0.0,21.2,16.1
2486974,18,979996,AMICS CASTELLÓ,AWAY,2818901,O. Russell,O. Russell,0,23.6,1415.0,15.0,4.0,6.0,2.0,5.0,6.0,11.0,1.0,2.0,1.0,3.0,4.0,3.0,3.0,1.0,0.0,0.0,2.0,3.0,15.0,11.0,63.1,63.6,45.5,18.2,1.3,1.2,0.7,4.5,15.9,9.7,27.8,2.0,0.0,20.2,25.9
2486974,18,979996,AMICS CASTELLÓ,AWAY,2816147,D. Bah,D. Bah,1,14.5,868.0,1.0,0.0,1.0,0.0,0.0,0.0,1.0,1.0,4.0,2.0,0.0,2.0,0.0,2.0,0.0,0.0,1.0,3.0,3.0,-3.0,-7.0,18.1,0.0,0.0,400.0,0.0,0.0,1.3,14.5,0.0,7.9,0.0,0.0,0.0,42.0,13.5
2486974,18,979996,AMICS CASTELLÓ,AWAY,1817496,P. Garcia Carrero,P. Garcia Carrero,1,25.8,1549.0,8.0,4.0,4.0,0.0,3.0,4.0,7.0,0.0,1.0,2.0,3.0,5.0,0.0,0.0,1.0,0.0,0.0,2.0,1.0,9.0,8.0,53.8,57.1,42.9,14.3,2.0,0.0,1.0,8.2,14.5,11.1,0.0,1.8,0.0,0.0,11.9
2486974,18,979996,AMICS CASTELLÓ,AWAY,1535344,I. Rosa Pompido,I. Rosa Pompido,0,11.2,672.0,4.0,1.0,3.0,0.0,2.0,1.0,5.0,2.0,2.0,0.0,1.0,1.0,0.0,1.0,2.0,1.0,0.0,4.0,1.0,0.0,-7.0,34.0,20.0,40.0,40.0,0.7,0.0,2.0,0.0,11.2,5.1,0.0,8.4,10.2,14.5,25.3
2486974,18,979996,AMICS CASTELLÓ,AWAY,2816738,K. Newton,K. Newton,0,12.2,731.0,6.0,0.0,0.0,2.0,6.0,2.0,6.0,0.0,0.0,0.0,3.0,3.0,0.0,0.0,0.0,0.0,0.0,2.0,1.0,4.0,-12.0,50.0,50.0,100.0,0.0,0.0,1.0,0.0,0.0,30.7,14.1,0.0,0.0,0.0,0.0,20.2
2486974,18,979996,AMICS CASTELLÓ,AWAY,2641325,M. Andreatta,M. Andreatta,0,24.2,1454.0,11.0,3.0,5.0,1.0,2.0,4.0,7.0,2.0,3.0,3.0,5.0,8.0,0.0,3.0,1.0,0.0,0.0,4.0,4.0,13.0,2.0,66.1,64.3,28.6,42.9,1.2,1.5,0.8,13.0,25.8,18.9,0.0,1.9,0.0,26.5,19.2
2486974,18,979996,AMICS CASTELLÓ,AWAY,2325314,F. Stutz,F. Stutz,1,25.3,1518.0,15.0,4.0,12.0,1.0,4.0,5.0,16.0,4.0,4.0,2.0,1.0,3.0,0.0,1.0,1.0,1.0,0.0,3.0,3.0,8.0,10.0,42.2,34.4,25.0,25.0,0.7,0.8,1.3,8.3,4.9,6.8,0.0,1.8,4.5,5.3,30.5
2486974,18,979996,AMICS CASTELLÓ,AWAY,1627889,A. Tamayo Lesmes,A. Tamayo Lesmes,1,17.5,1052.0,0.0,0.0,0.0,0.0,3.0,0.0,3.0,0.0,0.0,0.0,3.0,3.0,0.0,3.0,0.0,0.0,0.0,1.0,0.0,-4.0,-8.0,0.0,0.0,100.0,0.0,0.0,0.0,0.0,0.0,21.4,9.8,0.0,0.0,0.0,50.0,14.1
2486975,19,981514,SPANISH BASKETBALL ACADEMY,HOME,2436640,J. Puidet,J. Puidet,1,36.3,2177.0,16.0,2.0,3.0,4.0,7.0,6.0,10.0,0.0,2.0,4.0,2.0,6.0,5.0,1.0,0.0,0.0,0.0,4.0,2.0,18.0,7.0,73.5,80.0,70.0,20.0,1.3,1.7,1.0,12.7,5.6,9.0,22.7,0.0,0.0,8.4,14.9
2486975,19,981514,SPANISH BASKETBALL ACADEMY,HOME,2312124,S. Traore,S. Traore,0,22.5,1348.0,6.0,2.0,4.0,0.0,0.0,2.0,4.0,2.0,4.0,1.0,2.0,3.0,0.0,3.0,0.0,0.0,0.0,4.0,2.0,0.0,-5.0,52.1,50.0,0.0,100.0,1.0,0.0,2.0,5.1,9.1,7.2,0.0,0.0,0.0,34.2,17.7
2486975,19,981514,SPANISH BASKETBALL ACADEMY,HOME,1990032,M. Echeverria Fernandez,M. Echeverria Fernandez,0,14.4,866.0,0.0,0.0,0.0,0.0,2.0,0.0,2.0,0.0,2.0,1.0,2.0,3.0,0.0,1.0,0.0,0.0,0.0,0.0,1.0,-1.0,6.0,0.0,0.0,100.0,100.0,0.0,0.0,2.0,8.0,14.2,11.3,0.0,0.0,0.0,25.8,12.3
2486975,19,981514,SPANISH BASKETBALL ACADEMY,HOME,2846994,K. Curfman,K. Curfman,0,33.2,1995.0,30.0,0.0,0.0,9.0,14.0,9.0,14.0,3.0,4.0,1.0,1.0,2.0,3.0,0.0,0.0,0.0,0.0,1.0,4.0,32.0,14.0,95.2,96.4,100.0,28.6,0.0,1.9,1.0,3.5,3.1,3.3,19.4,0.0,0.0,0.0,21.6
2486975,19,981514,SPANISH BASKETBALL ACADEMY,HOME,2065452,J. Santano Bartolome,J. Santano Bartolome,1,11.8,705.0,4.0,1.0,4.0,0.0,2.0,1.0,6.0,2.0,4.0,2.0,2.0,4.0,0.0,0.0,0.0,0.0,1.0,0.0,2.0,3.0,-5.0,25.8,16.7,33.3,66.7,0.5,0.0,2.0,19.6,17.3,18.4,0.0,0.0,0.0,0.0,30.0
2486975,19,981514,SPANISH BASKETBALL ACADEMY,HOME,1374966,A. Moreno Trujillo,A. Moreno Trujillo,0,15.0,898.0,6.0,3.0,4.0,0.0,3.0,3.0,7.0,0.0,1.0,0.0,1.0,1.0,6.0,1.0,0.0,0.0,0.0,3.0,2.0,6.0,3.0,40.3,42.9,42.9,14.3,1.5,0.0,0.5,0.0,6.8,3.6,80.0,0.0,0.0,11.8,25.6
2486975,19,981514,SPANISH BASKETBALL ACADEMY,HOME,2816737,D. Simeunovic,D. Simeunovic,1,42.9,2576.0,20.0,7.0,8.0,2.0,7.0,9.0,15.0,0.0,0.0,2.0,14.0,16.0,5.0,1.0,2.0,0.0,0.0,2.0,2.0,36.0,7.0,66.7,66.7,46.7,0.0,1.8,0.9,0.0,5.4,33.4,20.2,19.2,2.4,0.0,6.2,17.0
2486975,19,981514,SPANISH BASKETBALL ACADEMY,HOME,2752020,E. Medina Roa,E. Medina Roa,1,11.9,717.0,0.0,0.0,2.0,0.0,0.0,0.0,2.0,0.0,0.0,3.0,3.0,6.0,0.0,2.0,0.0,2.0,0.0,1.0,0.0,3.0,-3.0,0.0,0.0,0.0,0.0,0.0,0.0,0.0,29.1,25.8,27.3,0.0,0.0,16.8,50.0,15.3
2486975,19,981514,SPANISH BASKETBALL ACADEMY,HOME,1825944,R. Garcia Salame,R. Garcia Salame,1,37.0,2218.0,21.0,3.0,10.0,2.0,4.0,5.0,14.0,9.0,12.0,0.0,2.0,2.0,7.0,3.0,3.0,0.0,2.0,3.0,7.0,22.0,11.0,54.5,42.9,28.6,85.7,0.6,1.5,1.7,0.0,5.5,2.9,30.4,4.2,0.0,13.5,27.4
2486975,19,981294,C.B. ZARAGOZA,AWAY,1802050,D. Muñoz Samatan,D. Muñoz Samatan,1,22.4,1346.0,8.0,4.0,7.0,0.0,1.0,4.0,8.0,0.0,4.0,3.0,2.0,5.0,0.0,0.0,0.0,0.0,0.0,3.0,2.0,4.0,-31.0,41.0,50.0,12.5,50.0,1.1,0.0,2.0,13.7,10.3,12.1,0.0,0.0,0.0,0.0,19.2
2486975,19,981294,C.B. ZARAGOZA,AWAY,1798932,D. Arjol Lopez,D. Arjol Lopez,0,17.6,1058.0,5.0,2.0,5.0,0.0,0.0,2.0,5.0,1.0,1.0,1.0,0.0,1.0,3.0,0.0,0.0,0.0,1.0,5.0,3.0,4.0,-3.0,46.0,40.0,0.0,20.0,0.8,0.0,0.3,5.8,0.0,3.1,24.2,0.0,0.0,0.0,13.6
2486975,19,981294,C.B. ZARAGOZA,AWAY,1250976,O. Alvarado Rodriguez,O. Alvarado Rodriguez,1,38.5,2312.0,9.0,0.0,0.0,3.0,7.0,3.0,7.0,0.0,0.0,1.0,3.0,4.0,12.0,1.0,3.0,0.0,0.0,4.0,3.0,22.0,-4.0,64.3,64.3,100.0,0.0,0.0,1.3,0.0,2.7,9.0,5.6,40.8,4.1,0.0,12.5,9.2
2486975,19,981294,C.B. ZARAGOZA,AWAY,361567,E. Gatell Sanz,E. Gatell Sanz,0,22.4,1347.0,14.0,4.0,8.0,1.0,1.0,5.0,9.0,3.0,4.0,2.0,7.0,9.0,1.0,0.0,0.0,2.0,1.0,2.0,4.0,23.0,28.0,65.1,61.1,11.1,44.4,1.0,3.0,1.0,9.1,36.1,21.8,7.7,0.0,11.5,0.0,21.2
2486975,19,981294,C.B. ZARAGOZA,AWAY,1861515,P. Aso Jimenez,P. Aso Jimenez,0,15.9,954.0,11.0,2.0,3.0,2.0,5.0,4.0,8.0,1.0,1.0,2.0,3.0,5.0,0.0,0.0,0.0,0.0,0.0,0.0,1.0,13.0,7.0,65.2,62.5,62.5,12.5,1.3,1.2,1.0,12.9,21.8,17.0,0.0,0.0,0.0,0.0,23.4
2486975,19,981294,C.B. ZARAGOZA,AWAY,1446949,J. Jiménez Jiménez,J. Jiménez Jiménez,0,23.4,1402.0,14.0,1.0,4.0,4.0,9.0,5.0,13.0,0.0,0.0,0.0,4.0,4.0,2.0,2.0,0.0,0.0,0.0,2.0,1.0,9.0,9.0,53.8,53.8,69.2,0.0,0.5,1.3,0.0,0.0,19.7,9.3,15.4,0.0,0.0,13.3,28.2
2486975,19,981294,C.B. ZARAGOZA,AWAY,2704882,Y. Kolo,Y. Kolo,1,18.5,1109.0,10.0,1.0,3.0,2.0,6.0,3.0,9.0,2.0,2.0,1.0,0.0,1.0,2.0,2.0,0.0,0.0,0.0,1.0,1.0,5.0,-19.0,50.6,44.4,66.7,22.2,0.7,1.0,2.0,5.5,0.0,2.9,17.5,0.0,0.0,16.8,28.3
2486975,19,981294,C.B. ZARAGOZA,AWAY,2815312,J. Zhao Olmos,J. Zhao Olmos,1,32.2,1934.0,10.0,1.0,5.0,2.0,9.0,3.0,14.0,2.0,2.0,3.0,2.0,5.0,1.0,1.0,1.0,1.0,0.0,3.0,2.0,5.0,-1.0,33.6,28.6,64.3,14.3,0.4,0.7,1.0,9.5,7.2,8.4,4.5,1.6,4.0,6.3,21.7
2486975,19,981294,C.B. ZARAGOZA,AWAY,1556128,G. Colom Barrufet,G. Colom Barrufet,1,12.5,750.0,6.0,3.0,4.0,0.0,3.0,3.0,7.0,0.0,0.0,1.0,1.0,2.0,2.0,1.0,0.0,0.0,0.0,3.0,1.0,3.0,-23.0,42.9,42.9,42.9,0.0,1.5,0.0,0.0,8.2,9.2,8.7,25.6,0.0,0.0,12.5,28.2
2486975,19,981294,C.B. ZARAGOZA,AWAY,1910411,A. Aragones Navais,A. Aragones Navais,0,21.5,1288.0,9.0,3.0,6.0,1.0,1.0,4.0,7.0,0.0,0.0,1.0,3.0,4.0,2.0,2.0,1.0,0.0,0.0,2.0,0.0,9.0,2.0,64.3,64.3,14.3,0.0,1.0,3.0,0.0,4.8,16.1,10.1,14.3,2.5,0.0,22.2,18.4
2486976,19,979996,AMICS CASTELLÓ,HOME,2149001,R. Fabrega Urpina,R. Fabrega Urpina,0,22.5,1350.0,12.0,5.0,8.0,0.0,3.0,5.0,11.0,2.0,2.0,1.0,3.0,4.0,6.0,2.0,2.0,0.0,1.0,1.0,4.0,19.0,5.0,50.5,45.5,27.3,18.2,1.2,0.0,0.5,5.4,16.7,10.9,44.1,5.0,0.0,14.4,28.1
2486976,19,979996,AMICS CASTELLÓ,HOME,273780,J. Faner Catala,J. Faner Catala,1,17.5,1050.0,7.0,2.0,2.0,1.0,5.0,3.0,7.0,0.0,0.0,1.0,0.0,1.0,6.0,2.0,0.0,0.0,0.0,2.0,1.0,7.0,2.0,50.0,50.0,71.4,0.0,2.0,0.6,0.0,6.9,0.0,3.5,63.8,0.0,0.0,22.2,23.4
2486976,19,979996,AMICS CASTELLÓ,HOME,2818901,O. Russell,O. Russell,1,22.6,1355.0,9.0,0.0,0.0,3.0,5.0,3.0,5.0,0.0,0.0,0.0,2.0,2.0,5.0,4.0,0.0,0.0,0.0,3.0,0.0,7.0,12.0,90.0,90.0,100.0,0.0,0.0,1.8,0.0,0.0,11.1,5.4,32.1,0.0,0.0,44.4,18.1
2486976,19,979996,AMICS CASTELLÓ,HOME,2816147,D. Bah,D. Bah,1,21.8,1306.0,11.0,4.0,6.0,0.0,0.0,4.0,6.0,3.0,6.0,4.0,2.0,6.0,1.0,1.0,1.0,1.0,0.0,2.0,3.0,15.0,-1.0,63.7,66.7,0.0,100.0,1.3,0.0,2.0,22.2,11.5,16.9,8.7,2.6,4.2,10.4,20.1
2486976,19,979996,AMICS CASTELLÓ,HOME,1817496,P. Garcia Carrero,P. Garcia Carrero,0,16.4,983.0,3.0,1.0,1.0,0.0,2.0,1.0,3.0,1.0,2.0,1.0,2.0,3.0,1.0,1.0,0.0,2.0,0.0,1.0,2.0,6.0,4.0,38.7,33.3,66.7,66.7,2.0,0.0,1.0,7.4,15.2,11.3,8.8,0.0,11.1,20.5,13.5
2486976,19,979996,AMICS CASTELLÓ,HOME,1535344,I. Rosa Pompido,I. Rosa Pompido,0,14.9,894.0,7.0,2.0,2.0,1.0,4.0,3.0,6.0,0.0,0.0,1.0,3.0,4.0,1.0,1.0,0.0,1.0,0.0,2.0,1.0,8.0,4.0,58.3,58.3,66.7,0.0,2.0,0.8,0.0,8.1,25.2,16.5,10.6,0.0,6.1,14.3,21.4
2486976,19,979996,AMICS CASTELLÓ,HOME,2816738,K. Newton,K. Newton,0,14.3,861.0,6.0,0.0,0.0,2.0,5.0,2.0,5.0,0.0,0.0,0.0,1.0,1.0,0.0,1.0,1.0,0.0,0.0,2.0,0.0,2.0,-11.0,60.0,60.0,100.0,0.0,0.0,1.2,0.0,0.0,8.7,4.3,0.0,3.9,0.0,16.7,19.1
2486976,19,979996,AMICS CASTELLÓ,HOME,2816661,M. Mukendi Mukendi,M. Mukendi Mukendi,0,5.0,303.0,0.0,0.0,0.0,0.0,0.0,0.0,0.0,0.0,2.0,0.0,0.0,0.0,0.0,0.0,0.0,0.0,0.0,1.0,1.0,-2.0,-6.0,0.0,0.0,0.0,0.0,0.0,0.0,2.0,0.0,0.0,0.0,0.0,0.0,0.0,0.0,8.0
2486976,19,979996,AMICS CASTELLÓ,HOME,2641325,M. Andreatta,M. Andreatta,0,10.9,655.0,0.0,0.0,0.0,0.0,3.0,0.0,3.0,0.0,0.0,1.0,2.0,3.0,0.0,0.0,0.0,1.0,0.0,1.0,1.0,1.0,14.0,0.0,0.0,100.0,0.0,0.0,0.0,0.0,11.1,22.9,16.9,0.0,0.0,8.3,0.0,12.5
2486976,19,979996,AMICS CASTELLÓ,HOME,2325314,F. Stutz,F. Stutz,1,26.4,1585.0,18.0,4.0,7.0,2.0,5.0,6.0,12.0,4.0,4.0,3.0,3.0,6.0,1.0,0.0,0.0,0.0,0.0,2.0,3.0,20.0,3.0,65.4,58.3,41.7,33.3,1.1,1.2,1.3,13.8,14.2,14.0,6.4,0.0,0.0,0.0,23.7
2486976,19,979996,AMICS CASTELLÓ,HOME,1627889,A. Tamayo Lesmes,A. Tamayo Lesmes,1,27.6,1658.0,12.0,2.0,4.0,2.0,4.0,4.0,8.0,2.0,2.0,2.0,6.0,8.0,4.0,2.0,0.0,0.0,0.0,1.0,2.0,19.0,9.0,67.6,62.5,50.0,25.0,1.0,1.5,1.0,8.8,27.2,17.8,22.6,0.0,0.0,18.4,17.9
2486976,19,981207,OCA GLOBAL C.B. SALOU,AWAY,2451495,D. Knowles,D. Knowles,1,30.1,1803.0,13.0,6.0,8.0,0.0,1.0,6.0,9.0,1.0,2.0,2.0,3.0,5.0,2.0,0.0,1.0,1.0,0.0,2.0,2.0,18.0,-11.0,65.8,66.7,11.1,22.2,1.5,0.0,1.0,8.3,12.1,10.2,11.1,1.8,4.4,0.0,16.6
2486976,19,981207,OCA GLOBAL C.B. SALOU,AWAY,2715040,B. Traore,B. Traore,1,30.0,1800.0,12.0,3.0,7.0,0.0,2.0,3.0,9.0,6.0,10.0,3.0,8.0,11.0,0.0,4.0,0.0,0.0,1.0,3.0,6.0,12.0,-2.0,44.8,33.3,22.2,111.1,0.9,0.0,1.7,12.5,32.3,22.6,0.0,0.0,0.0,23.0,29.4
2486976,19,981207,OCA GLOBAL C.B. SALOU,AWAY,1271466,D. Cuellar Garcia,D. Cuellar Garcia,0,16.8,1008.0,5.0,1.0,1.0,1.0,2.0,2.0,3.0,0.0,0.0,1.0,0.0,1.0,0.0,0.0,1.0,0.0,0.0,2.0,0.0,4.0,-7.0,83.3,83.3,66.7,0.0,2.0,1.5,0.0,7.4,0.0,3.7,0.0,3.2,0.0,0.0,9.0
2486976,19,981207,OCA GLOBAL C.B. SALOU,AWAY,2242531,E. Moure Colombo,E. Moure Colombo,0,7.1,424.0,3.0,0.0,2.0,1.0,1.0,1.0,3.0,0.0,0.0,0.0,0.0,0.0,0.0,1.0,0.0,0.0,1.0,1.0,0.0,-1.0,-10.0,50.0,50.0,33.3,0.0,0.0,3.0,0.0,0.0,0.0,0.0,0.0,0.0,0.0,25.0,28.5
2486976,19,981207,OCA GLOBAL C.B. SALOU,AWAY,2814887,P. Renane,P. Renane,0,8.6,518.0,3.0,0.0,1.0,1.0,1.0,1.0,2.0,0.0,0.0,0.0,0.0,0.0,0.0,1.0,0.0,0.0,1.0,1.0,0.0,0.0,-10.0,75.0,75.0,50.0,0.0,0.0,3.0,0.0,0.0,0.0,0.0,0.0,0.0,0.0,33.3,17.7
2486976,19,981207,OCA GLOBAL C.B. SALOU,AWAY,1938487,A. Llorca Castillo,A. Llorca Castillo,1,37.3,2237.0,23.0,6.0,9.0,3.0,5.0,9.0,14.0,2.0,2.0,1.0,5.0,6.0,4.0,1.0,1.0,0.0,1.0,1.0,4.0,31.0,-2.0,77.3,75.0,35.7,14.3,1.3,1.8,0.5,3.4,16.2,9.9,22.2,1.5,0.0,6.3,21.5
2486976,19,981207,OCA GLOBAL C.B. SALOU,AWAY,2827753,O. Okenchi,O. Okenchi,0,8.1,485.0,2.0,1.0,2.0,0.0,0.0,1.0,2.0,0.0,0.0,0.0,0.0,0.0,0.0,1.0,0.0,0.0,0.0,1.0,0.0,-1.0,5.0,50.0,50.0,0.0,0.0,1.0,0.0,0.0,0.0,0.0,0.0,0.0,0.0,0.0,33.3,18.7
2486976,19,981207,OCA GLOBAL C.B. SALOU,AWAY,2284777,C. Knowles,C. Knowles,1,27.6,1656.0,10.0,5.0,7.0,0.0,3.0,5.0,10.0,0.0,0.0,1.0,2.0,3.0,4.0,0.0,2.0,0.0,0.0,5.0,1.0,10.0,-3.0,50.0,50.0,30.0,0.0,1.4,0.0,0.0,4.5,8.8,6.7,25.0,3.9,0.0,0.0,18.3
2486976,19,981207,OCA GLOBAL C.B. SALOU,AWAY,1610350,E. Martinez Pretel,E. Martinez Pretel,1,32.9,1976.0,7.0,1.0,6.0,1.0,5.0,2.0,11.0,2.0,2.0,0.0,1.0,1.0,4.0,0.0,2.0,0.0,0.0,1.0,5.0,9.0,3.0,29.5,22.7,45.5,18.2,0.3,0.6,0.4,0.0,3.7,1.9,18.2,3.3,0.0,0.0,18.3
2486976,19,981207,OCA GLOBAL C.B. SALOU,AWAY,2274746,P. Salo Blaya,P. Salo Blaya,0,1.6,93.0,0.0,0.0,1.0,0.0,0.0,0.0,1.0,0.0,0.0,0.0,0.0,0.0,0.0,0.0,0.0,0.0,1.0,1.0,0.0,-2.0,2.0,0.0,0.0,0.0,0.0,0.0,0.0,0.0,0.0,0.0,0.0,0.0,0.0,0.0,0.0,31.6
2486977,19,981491,C.B. GETAFE,HOME,1223461,J. Tejera Tejo,J. Tejera Tejo,0,8.5,508.0,0.0,0.0,1.0,0.0,0.0,0.0,1.0,0.0,0.0,0.0,1.0,1.0,0.0,1.0,0.0,0.0,0.0,0.0,0.0,-1.0,-19.0,0.0,0.0,0.0,0.0,0.0,0.0,0.0,0.0,14.3,6.4,0.0,0.0,0.0,50.0,10.5
2486977,19,981491,C.B. GETAFE,HOME,2816388,M. Abdulsalam,M. Abdulsalam,1,24.0,1440.0,7.0,3.0,6.0,0.0,0.0,3.0,6.0,1.0,1.0,1.0,9.0,10.0,2.0,2.0,0.0,0.0,0.0,3.0,1.0,12.0,1.0,54.3,50.0,0.0,16.7,1.0,0.0,1.0,4.1,45.5,22.5,18.5,0.0,0.0,23.7,15.7
2486977,19,981491,C.B. GETAFE,HOME,1789964,E. Ortiz Torres,E. Ortiz Torres,0,15.2,911.0,0.0,0.0,0.0,0.0,1.0,0.0,1.0,0.0,2.0,1.0,3.0,4.0,2.0,2.0,0.0,0.0,0.0,1.0,1.0,1.0,-10.0,0.0,0.0,100.0,200.0,0.0,0.0,2.0,6.4,23.9,14.2,21.7,0.0,0.0,51.5,11.4
2486977,19,981491,C.B. GETAFE,HOME,2815898,C. Henderson,C. Henderson,1,14.6,878.0,7.0,1.0,1.0,1.0,6.0,2.0,7.0,2.0,2.0,1.0,3.0,4.0,0.0,0.0,0.0,2.0,0.0,3.0,1.0,6.0,-1.0,44.4,35.7,85.7,28.6,2.0,0.5,2.0,6.7,24.9,14.8,0.0,0.0,15.7,0.0,24.0
2486977,19,981491,C.B. GETAFE,HOME,1328788,M. Alvarez Puertas,M. Alvarez Puertas,0,20.6,1233.0,1.0,0.0,3.0,0.0,2.0,0.0,5.0,1.0,2.0,1.0,1.0,2.0,2.0,1.0,0.0,1.0,0.0,1.0,1.0,-1.0,-7.0,8.5,0.0,40.0,40.0,0.0,0.0,2.0,4.7,5.9,5.2,17.4,0.0,5.5,14.5,14.9
2486977,19,981491,C.B. GETAFE,HOME,1674978,G. Mulero Maldonado,G. Mulero Maldonado,1,29.5,1770.0,11.0,3.0,6.0,1.0,5.0,4.0,11.0,2.0,5.0,3.0,2.0,5.0,4.0,3.0,1.0,0.0,0.0,2.0,4.0,10.0,5.0,41.7,40.9,45.5,45.5,1.0,0.6,1.2,9.9,8.2,9.2,33.1,1.9,0.0,18.5,24.5
2486977,19,981491,C.B. GETAFE,HOME,1582089,J. Parra Baez,J. Parra Baez,1,29.1,1744.0,10.0,0.0,0.0,3.0,8.0,3.0,8.0,1.0,2.0,2.0,2.0,4.0,1.0,2.0,0.0,0.0,0.0,1.0,1.0,7.0,-3.0,56.3,56.2,100.0,25.0,0.0,1.1,2.0,6.7,8.3,7.4,7.6,0.0,0.0,18.4,16.7
2486977,19,981491,C.B. GETAFE,HOME,1590474,G. Kasanzi Obama,G. Kasanzi Obama,0,19.7,1181.0,8.0,1.0,3.0,2.0,5.0,3.0,8.0,0.0,0.0,0.0,1.0,1.0,1.0,3.0,1.0,0.0,1.0,2.0,2.0,3.0,-10.0,50.0,50.0,62.5,0.0,0.7,1.2,0.0,0.0,6.2,2.7,11.8,2.8,0.0,27.3,24.9
2486977,19,981491,C.B. GETAFE,HOME,2816389,J. Nve Maleva,J. Nve Maleva,0,11.3,680.0,8.0,3.0,6.0,0.0,0.0,3.0,6.0,2.0,3.0,3.0,2.0,5.0,0.0,1.0,0.0,0.0,0.0,2.0,2.0,8.0,-1.0,54.6,50.0,0.0,50.0,1.0,0.0,1.5,25.9,21.5,23.9,0.0,0.0,0.0,12.0,32.8
2486977,19,981491,C.B. GETAFE,HOME,1876223,A. Montero Isla,A. Montero Isla,1,27.6,1655.0,13.0,3.0,6.0,2.0,5.0,5.0,11.0,1.0,3.0,1.0,1.0,2.0,5.0,2.0,2.0,0.0,0.0,2.0,5.0,15.0,-5.0,52.8,54.5,45.5,27.3,1.0,1.2,0.6,3.5,4.4,3.9,45.0,4.0,0.0,14.0,23.1
2486977,19,981305,SOL GIRONÈS BISBAL BÀSQUET,AWAY,2851798,F. Adebayo,F. Adebayo,1,33.2,1995.0,20.0,6.0,11.0,1.0,6.0,7.0,17.0,5.0,9.0,1.0,9.0,10.0,1.0,2.0,2.0,1.0,1.0,4.0,6.0,20.0,3.0,47.7,44.1,35.3,52.9,1.1,0.5,1.5,3.7,26.4,16.3,6.8,3.1,3.8,8.7,34.5
2486977,19,981305,SOL GIRONÈS BISBAL BÀSQUET,AWAY,1964254,P. Sala Vallmajo,P. Sala Vallmajo,0,8.6,517.0,0.0,0.0,0.0,0.0,0.0,0.0,0.0,0.0,0.0,0.0,0.0,0.0,1.0,1.0,0.0,0.0,0.0,0.0,0.0,0.0,-1.0,0.0,0.0,0.0,0.0,0.0,0.0,0.0,0.0,0.0,0.0,18.5,0.0,0.0,100.0,5.8
2486977,19,981305,SOL GIRONÈS BISBAL BÀSQUET,AWAY,2053988,A. Dominguez Espelt,A. Dominguez Espelt,0,15.2,910.0,9.0,0.0,2.0,2.0,2.0,2.0,4.0,3.0,5.0,0.0,0.0,0.0,4.0,0.0,1.0,0.0,0.0,0.0,3.0,13.0,3.0,72.6,75.0,50.0,125.0,0.0,3.0,1.7,0.0,0.0,0.0,45.5,3.4,0.0,0.0,20.4
2486977,19,981305,SOL GIRONÈS BISBAL BÀSQUET,AWAY,1227597,I. Valera Corominas,I. Valera Corominas,0,18.0,1078.0,3.0,0.0,1.0,1.0,4.0,1.0,5.0,0.0,0.0,0.0,0.0,0.0,0.0,0.0,2.0,0.0,0.0,4.0,0.0,-3.0,14.0,30.0,30.0,80.0,0.0,0.0,0.8,0.0,0.0,0.0,0.0,0.0,5.8,0.0,0.0,13.9
2486977,19,981305,SOL GIRONÈS BISBAL BÀSQUET,AWAY,1829525,M. Mikhailov Paltarak,M. Mikhailov Paltarak,1,34.6,2074.0,20.0,10.0,12.0,0.0,1.0,10.0,13.0,0.0,0.0,3.0,11.0,14.0,1.0,3.0,2.0,0.0,0.0,2.0,0.0,29.0,8.0,76.9,76.9,7.7,0.0,1.7,0.0,0.0,10.5,31.0,21.9,7.0,3.0,0.0,18.8,23.1
2486977,19,981305,SOL GIRONÈS BISBAL BÀSQUET,AWAY,2322727,A. Vila I Gómez,A. Vila I Gómez,0,1.5,89.0,0.0,0.0,0.0,0.0,0.0,0.0,0.0,0.0,0.0,0.0,1.0,1.0,0.0,0.0,0.0,0.0,0.0,0.0,0.0,1.0,2.0,0.0,0.0,0.0,0.0,0.0,0.0,0.0,0.0,65.0,36.0,0.0,0.0,0.0,0.0,0.0
2486977,19,981305,SOL GIRONÈS BISBAL BÀSQUET,AWAY,1400270,B. Alvarez Torres,B. Alvarez Torres,1,31.4,1882.0,17.0,1.0,4.0,4.0,5.0,5.0,9.0,3.0,3.0,0.0,0.0,0.0,9.0,1.0,1.0,0.0,1.0,1.0,3.0,24.0,15.0,82.4,77.8,55.6,33.3,0.5,2.4,1.0,0.0,0.0,0.0,54.2,1.7,0.0,8.8,18.0
2486977,19,981305,SOL GIRONÈS BISBAL BÀSQUET,AWAY,2815176,S. Kane,S. Kane,0,5.4,326.0,0.0,0.0,0.0,0.0,0.0,0.0,0.0,0.0,0.0,0.0,2.0,2.0,0.0,2.0,0.0,0.0,0.0,0.0,0.0,0.0,2.0,0.0,0.0,0.0,0.0,0.0,0.0,0.0,0.0,36.1,20.0,0.0,0.0,0.0,100.0,18.5
2486977,19,981305,SOL GIRONÈS BISBAL BÀSQUET,AWAY,1198592,X. Torrent Bayé,X. Torrent Bayé,1,30.8,1847.0,4.0,1.0,1.0,0.0,7.0,1.0,8.0,2.0,2.0,1.0,3.0,4.0,5.0,0.0,1.0,0.0,0.0,3.0,2.0,6.0,10.0,22.5,12.5,87.5,25.0,2.0,0.0,1.0,3.9,9.5,7.0,24.3,1.7,0.0,0.0,14.4
2486977,19,981305,SOL GIRONÈS BISBAL BÀSQUET,AWAY,2822552,C. Larousse,C. Larousse,1,21.4,1282.0,2.0,1.0,4.0,0.0,1.0,1.0,5.0,0.0,4.0,3.0,2.0,5.0,1.0,0.0,0.0,0.0,1.0,4.0,3.0,-1.0,-6.0,14.8,20.0,20.0,80.0,0.5,0.0,1.3,17.0,9.1,12.6,8.0,0.0,0.0,0.0,15.8
2486978,19,981347,PROINBENI UPB GANDIA,HOME,1824880,G. Perez Ramirez,G. Perez Ramirez,1,26.5,1590.0,17.0,1.0,1.0,4.0,10.0,5.0,11.0,3.0,3.0,0.0,4.0,4.0,2.0,1.0,0.0,0.0,0.0,1.0,3.0,18.0,13.0,69.0,63.6,90.9,27.3,2.0,1.2,1.0,0.0,15.1,8.2,14.4,0.0,0.0,7.5,24.0
2486978,19,981347,PROINBENI UPB GANDIA,HOME,1837816,C. Hurtado Cervantes,C. Hurtado Cervantes,0,16.9,1012.0,2.0,1.0,2.0,0.0,1.0,1.0,3.0,0.0,2.0,0.0,4.0,4.0,4.0,1.0,0.0,0.0,0.0,3.0,2.0,4.0,7.0,25.8,33.3,33.3,66.7,1.0,0.0,1.0,0.0,23.7,12.8,40.8,0.0,0.0,20.5,13.8
2486978,19,981347,PROINBENI UPB GANDIA,HOME,2736564,K. Greeley,K. Greeley,1,36.9,2216.0,37.0,14.0,20.0,1.0,7.0,15.0,27.0,6.0,7.0,1.0,5.0,6.0,2.0,2.0,2.0,1.0,0.0,3.0,5.0,35.0,15.0,61.5,57.4,25.9,25.9,1.4,0.4,1.4,3.2,13.6,8.8,21.5,3.1,2.9,6.2,41.6
2486978,19,981347,PROINBENI UPB GANDIA,HOME,1673764,L. Ferrando Ortells,L. Ferrando Ortells,1,22.6,1357.0,3.0,1.0,3.0,0.0,1.0,1.0,4.0,1.0,2.0,0.0,2.0,2.0,2.0,3.0,1.0,0.0,1.0,4.0,3.0,0.0,3.0,30.7,25.0,25.0,50.0,0.7,0.0,0.7,0.0,8.8,4.8,13.2,2.5,0.0,38.1,16.7
2486978,19,981347,PROINBENI UPB GANDIA,HOME,1996333,M. Montilla Diaz,M. Montilla Diaz,1,29.0,1738.0,6.0,2.0,7.0,0.0,2.0,2.0,9.0,2.0,4.0,2.0,3.0,5.0,0.0,0.0,0.0,1.0,1.0,2.0,4.0,5.0,-6.0,27.9,22.2,22.2,44.4,0.6,0.0,1.0,8.1,10.3,9.3,0.0,0.0,3.6,0.0,17.7
2486978,19,981347,PROINBENI UPB GANDIA,HOME,1857448,J. Santana Luchoro,J. Santana Luchoro,0,28.9,1736.0,6.0,2.0,5.0,0.0,1.0,2.0,6.0,2.0,2.0,4.0,6.0,10.0,2.0,2.0,1.0,0.0,0.0,2.0,2.0,13.0,19.0,43.6,33.3,16.7,33.3,0.8,0.0,1.0,16.3,20.8,18.7,11.8,2.0,0.0,22.5,14.7
2486978,19,981347,PROINBENI UPB GANDIA,HOME,1851026,A. Bellver Valiente,A. Bellver Valiente,0,12.2,733.0,0.0,0.0,1.0,0.0,2.0,0.0,3.0,0.0,0.0,1.0,1.0,2.0,0.0,0.0,0.0,0.0,0.0,2.0,0.0,-3.0,11.0,0.0,0.0,66.7,0.0,0.0,0.0,0.0,9.6,8.2,8.9,0.0,0.0,0.0,0.0,11.8
2486978,19,981347,PROINBENI UPB GANDIA,HOME,2335802,J. Bitjaa Kody,J. Bitjaa Kody,1,26.1,1568.0,3.0,1.0,1.0,0.0,0.0,1.0,1.0,1.0,2.0,1.0,5.0,6.0,1.0,1.0,0.0,1.0,0.0,3.0,2.0,8.0,-10.0,79.8,100.0,0.0,200.0,2.0,0.0,1.0,4.5,19.2,12.4,5.6,0.0,4.0,34.7,5.3
2486978,19,981347,PROINBENI UPB GANDIA,HOME,2261243,J. Barber Terrades,J. Barber Terrades,0,0.8,50.0,0.0,0.0,0.0,0.0,0.0,0.0,0.0,0.0,0.0,0.0,0.0,0.0,0.0,0.0,0.0,0.0,0.0,0.0,0.0,0.0,-2.0,0.0,0.0,0.0,0.0,0.0,0.0,0.0,0.0,0.0,0.0,0.0,0.0,0.0,0.0,0.0
2486978,19,981428,HOMS U.E.MATARÓ,AWAY,2162105,F. Garrido Teban,F. Garrido Teban,0,13.2,790.0,0.0,0.0,1.0,0.0,0.0,0.0,1.0,0.0,0.0,0.0,1.0,1.0,1.0,0.0,0.0,0.0,0.0,1.0,0.0,0.0,-5.0,0.0,0.0,0.0,0.0,0.0,0.0,0.0,0.0,8.9,4.1,16.7,0.0,0.0,0.0,3.8
2486978,19,981428,HOMS U.E.MATARÓ,AWAY,1914611,J. Boix Colet,J. Boix Colet,0,29.6,1777.0,16.0,5.0,8.0,2.0,5.0,7.0,13.0,0.0,0.0,0.0,3.0,3.0,2.0,4.0,2.0,0.0,0.0,2.0,6.0,17.0,-10.0,61.5,61.5,38.5,0.0,1.2,1.2,0.0,0.0,11.9,5.5,28.6,3.6,0.0,23.5,28.8
2486978,19,981428,HOMS U.E.MATARÓ,AWAY,2534044,J. Tomaic Tomaic,J. Tomaic Tomaic,1,26.0,1562.0,10.0,1.0,5.0,2.0,4.0,3.0,9.0,2.0,2.0,3.0,5.0,8.0,1.0,2.0,2.0,1.0,1.0,4.0,1.0,11.0,0.0,50.6,44.4,44.4,22.2,0.4,1.5,2.0,11.5,22.6,16.6,9.1,4.1,3.8,16.8,22.9
2486978,19,981428,HOMS U.E.MATARÓ,AWAY,1591966,J. Castillo Carrasco,J. Castillo Carrasco,0,5.0,297.0,0.0,0.0,0.0,0.0,0.0,0.0,0.0,0.0,0.0,0.0,1.0,1.0,0.0,0.0,0.0,0.0,0.0,2.0,0.0,-1.0,-8.0,0.0,0.0,0.0,0.0,0.0,0.0,0.0,0.0,23.5,10.8,0.0,0.0,0.0,0.0,0.0
2486978,19,981428,HOMS U.E.MATARÓ,AWAY,1568569,J. Juanola Madera,J. Juanola Madera,1,30.8,1849.0,7.0,1.0,8.0,0.0,3.0,1.0,11.0,5.0,8.0,2.0,2.0,4.0,4.0,1.0,1.0,0.0,0.0,1.0,5.0,6.0,-2.0,24.1,9.1,27.3,72.7,0.2,0.0,1.6,6.5,7.6,7.0,26.7,1.7,0.0,6.4,25.3
2486978,19,981428,HOMS U.E.MATARÓ,AWAY,1927150,N. Ferrer Iglesia,N. Ferrer Iglesia,1,12.3,741.0,4.0,1.0,3.0,0.0,2.0,1.0,5.0,2.0,2.0,2.0,4.0,6.0,2.0,0.0,0.0,0.0,1.0,3.0,1.0,6.0,2.0,34.0,20.0,40.0,40.0,0.7,0.0,2.0,16.3,38.3,26.4,40.0,0.0,0.0,0.0,24.0
2486978,19,981428,HOMS U.E.MATARÓ,AWAY,2451498,A. Roker,A. Roker,0,10.8,645.0,3.0,1.0,3.0,0.0,0.0,1.0,3.0,1.0,2.0,2.0,4.0,6.0,0.0,1.0,0.0,1.0,0.0,3.0,1.0,4.0,-9.0,38.7,33.3,0.0,66.7,0.7,0.0,2.0,18.5,43.6,30.0,0.0,0.0,9.3,20.5,22.7
2486978,19,981428,HOMS U.E.MATARÓ,AWAY,1073368,A. Ventura Pedreño,A. Ventura Pedreño,0,18.2,1094.0,6.0,0.0,0.0,2.0,5.0,2.0,5.0,0.0,0.0,1.0,1.0,2.0,0.0,1.0,0.0,0.0,0.0,2.0,1.0,3.0,-14.0,60.0,60.0,100.0,0.0,0.0,1.2,0.0,5.5,6.5,5.9,0.0,0.0,0.0,16.7,16.5
2486978,19,981428,HOMS U.E.MATARÓ,AWAY,1942837,G. Martinez Rivera,G. Martinez Rivera,1,24.8,1490.0,16.0,2.0,8.0,2.0,3.0,4.0,11.0,6.0,8.0,0.0,3.0,3.0,2.0,1.0,1.0,0.0,1.0,2.0,4.0,14.0,-3.0,55.1,45.5,27.3,72.7,0.5,2.0,2.0,0.0,14.2,6.5,25.0,2.2,0.0,6.4,31.4
2486978,19,981428,HOMS U.E.MATARÓ,AWAY,2813635,E. Kalu,E. Kalu,1,29.2,1755.0,2.0,1.0,2.0,0.0,0.0,1.0,2.0,0.0,0.0,0.0,1.0,1.0,0.0,0.0,1.0,0.0,0.0,1.0,1.0,3.0,-1.0,50.0,50.0,0.0,0.0,1.0,0.0,0.0,0.0,4.0,1.9,0.0,1.8,0.0,0.0,3.4
2486979,19,981358,CIUDAD MOLINA BASKET,HOME,2816300,A. Duval,A. Duval,0,21.1,1263.0,5.0,1.0,1.0,0.0,6.0,1.0,7.0,3.0,4.0,0.0,4.0,4.0,3.0,0.0,0.0,0.0,0.0,2.0,3.0,6.0,9.0,28.5,14.3,85.7,57.1,2.0,0.0,1.3,0.0,18.1,11.0,26.1,0.0,0.0,0.0,19.7
2486979,19,981358,CIUDAD MOLINA BASKET,HOME,1532799,R. Timoner Gimenez,R. Timoner Gimenez,0,25.9,1557.0,6.0,1.0,2.0,0.0,0.0,1.0,2.0,4.0,4.0,0.0,3.0,3.0,8.0,6.0,2.0,0.0,0.0,5.0,5.0,12.0,12.0,79.8,50.0,0.0,200.0,1.0,0.0,0.8,0.0,11.0,6.7,57.1,3.9,0.0,61.5,17.8
2486979,19,981358,CIUDAD MOLINA BASKET,HOME,2146670,P. Campeny Lloveras,P. Campeny Lloveras,0,16.0,958.0,5.0,0.0,2.0,1.0,3.0,1.0,5.0,2.0,2.0,1.0,1.0,2.0,2.0,0.0,0.0,1.0,0.0,1.0,1.0,6.0,1.0,42.5,30.0,60.0,40.0,0.0,1.0,2.0,9.3,6.0,7.2,22.2,0.0,6.6,0.0,17.4
2486979,19,981358,CIUDAD MOLINA BASKET,HOME,1514342,R. Martínez-Quintanilla Jiménez,R. Martínez-Quintanilla Jiménez,0,11.6,694.0,8.0,1.0,1.0,2.0,3.0,3.0,4.0,0.0,0.0,0.0,2.0,2.0,1.0,0.0,0.0,0.0,0.0,3.0,1.0,8.0,1.0,100.0,100.0,75.0,0.0,2.0,2.0,0.0,0.0,16.4,10.0,22.2,0.0,0.0,0.0,16.3
2486979,19,981358,CIUDAD MOLINA BASKET,HOME,2864918,H. Kabasele Kasonga,H. Kabasele Kasonga,0,23.6,1414.0,14.0,6.0,10.0,0.0,0.0,6.0,10.0,2.0,2.0,2.0,3.0,5.0,0.0,1.0,1.0,1.0,0.0,0.0,1.0,17.0,-3.0,64.3,60.0,0.0,20.0,1.2,0.0,2.0,12.6,12.1,12.3,0.0,2.1,4.5,8.4,23.8
2486979,19,981358,CIUDAD MOLINA BASKET,HOME,2816662,G. Miladinovic,G. Miladinovic,1,16.3,980.0,4.0,1.0,3.0,0.0,0.0,1.0,3.0,2.0,2.0,0.0,3.0,3.0,1.0,2.0,0.0,0.0,0.0,2.0,1.0,3.0,-4.0,51.5,33.3,0.0,66.7,0.7,0.0,2.0,0.0,17.5,10.7,11.1,0.0,0.0,34.0,17.1
2486979,19,981358,CIUDAD MOLINA BASKET,HOME,1994360,U. Zamora Maña,U. Zamora Maña,1,20.5,1232.0,4.0,2.0,2.0,0.0,2.0,2.0,4.0,0.0,0.0,0.0,3.0,3.0,0.0,1.0,2.0,1.0,0.0,3.0,1.0,5.0,-11.0,50.0,50.0,50.0,0.0,2.0,0.0,0.0,0.0,13.9,8.5,0.0,4.9,5.1,20.0,11.5
2486979,19,981358,CIUDAD MOLINA BASKET,HOME,2042118,F. Hernandez Martinez,F. Hernandez Martinez,1,20.4,1223.0,6.0,1.0,4.0,1.0,8.0,2.0,12.0,1.0,2.0,2.0,3.0,5.0,1.0,4.0,1.0,0.0,2.0,2.0,4.0,0.0,-19.0,23.3,20.8,66.7,16.7,0.5,0.4,0.5,14.5,14.0,14.2,9.5,2.5,0.0,23.7,39.2
2486979,19,981358,CIUDAD MOLINA BASKET,HOME,1439463,C. Toledo Zamora,C. Toledo Zamora,1,27.7,1661.0,15.0,7.0,8.0,0.0,1.0,7.0,9.0,1.0,1.0,3.0,6.0,9.0,0.0,1.0,1.0,0.0,0.0,2.0,2.0,22.0,-7.0,79.4,77.8,11.1,11.1,1.8,0.0,0.5,16.0,20.6,18.8,0.0,1.8,0.0,9.6,17.8
2486979,19,981358,CIUDAD MOLINA BASKET,HOME,2032122,J. Tavelli,J. Tavelli,1,17.0,1018.0,2.0,1.0,3.0,0.0,2.0,1.0,5.0,0.0,0.0,0.0,2.0,2.0,1.0,1.0,0.0,1.0,0.0,2.0,3.0,2.0,-14.0,20.0,20.0,40.0,0.0,0.7,0.0,0.0,0.0,11.2,6.8,11.1,0.0,6.2,16.7,16.7
2486979,19,981281,LOBE HUESCA LA MAGIA,AWAY,2151562,O. Thiam Pedrera,O. Thiam Pedrera,0,1.1,66.0,0.0,0.0,0.0,0.0,0.0,0.0,0.0,0.0,0.0,0.0,0.0,0.0,0.0,0.0,0.0,0.0,0.0,0.0,0.0,0.0,1.0,0.0,0.0,0.0,0.0,0.0,0.0,0.0,0.0,0.0,0.0,0.0,0.0,0.0,0.0,0.0
2486979,19,981281,LOBE HUESCA LA MAGIA,AWAY,2273469,O. Bieshaar,O. Bieshaar,1,17.4,1044.0,5.0,1.0,1.0,1.0,4.0,2.0,5.0,0.0,0.0,2.0,1.0,3.0,1.0,1.0,1.0,1.0,0.0,3.0,0.0,4.0,-1.0,50.0,50.0,80.0,0.0,2.0,0.8,0.0,10.9,8.5,10.0,12.5,3.0,6.4,16.7,15.2
2486979,19,981281,LOBE HUESCA LA MAGIA,AWAY,1756469,H. Figueroa Álvarez,H. Figueroa Álvarez,1,24.9,1497.0,27.0,4.0,7.0,4.0,6.0,8.0,13.0,7.0,7.0,0.0,1.0,1.0,0.0,2.0,1.0,0.0,0.0,1.0,4.0,25.0,8.0,84.0,76.9,46.2,53.8,1.1,2.0,1.8,0.0,5.9,2.3,0.0,2.1,0.0,11.1,31.9
2486979,19,981281,LOBE HUESCA LA MAGIA,AWAY,1759956,I. Corraliza Coba,I. Corraliza Coba,1,22.2,1332.0,15.0,4.0,11.0,2.0,7.0,6.0,18.0,1.0,1.0,0.0,4.0,4.0,4.0,1.0,0.0,0.0,2.0,3.0,5.0,12.0,17.0,40.7,38.9,38.9,5.6,0.7,0.9,0.2,0.0,26.7,10.4,44.4,0.0,0.0,5.1,38.5
2486979,19,981281,LOBE HUESCA LA MAGIA,AWAY,2815292,A. Smith,A. Smith,0,13.6,816.0,4.0,1.0,2.0,0.0,2.0,1.0,4.0,2.0,2.0,0.0,0.0,0.0,0.0,0.0,1.0,0.0,0.0,0.0,3.0,5.0,-8.0,41.0,25.0,50.0,50.0,1.0,0.0,0.7,0.0,0.0,0.0,0.0,3.8,0.0,0.0,15.8
2486979,19,981281,LOBE HUESCA LA MAGIA,AWAY,2823388,J. Fritz,J. Fritz,1,22.3,1337.0,8.0,1.0,4.0,2.0,4.0,3.0,8.0,0.0,0.0,1.0,2.0,3.0,3.0,2.0,0.0,1.0,0.0,3.0,1.0,6.0,15.0,50.0,50.0,50.0,0.0,0.5,1.5,0.0,4.3,13.3,7.8,25.0,0.0,5.0,20.0,19.7
2486979,19,981281,LOBE HUESCA LA MAGIA,AWAY,2815543,A. Badmus,A. Badmus,0,22.4,1347.0,5.0,1.0,6.0,0.0,0.0,1.0,6.0,3.0,4.0,3.0,4.0,7.0,2.0,0.0,0.0,0.0,0.0,2.0,4.0,10.0,-3.0,32.2,16.7,0.0,66.7,0.3,0.0,1.0,12.8,26.5,18.1,14.3,0.0,0.0,0.0,15.2
2486979,19,981281,LOBE HUESCA LA MAGIA,AWAY,2559072,P. Suárez Custodio,P. Suárez Custodio,0,18.1,1089.0,0.0,0.0,1.0,0.0,2.0,0.0,3.0,0.0,0.0,0.0,1.0,1.0,0.0,0.0,0.0,0.0,0.0,1.0,0.0,-3.0,7.0,0.0,0.0,66.7,0.0,0.0,0.0,0.0,0.0,8.2,3.2,0.0,0.0,0.0,0.0,7.3
2486979,19,981281,LOBE HUESCA LA MAGIA,AWAY,1761508,P. Lopez-Sanvicente Reta,P. Lopez-Sanvicente Reta,0,18.1,1085.0,1.0,0.0,0.0,0.0,1.0,0.0,1.0,1.0,2.0,0.0,0.0,0.0,1.0,2.0,1.0,0.0,0.0,1.0,2.0,0.0,2.0,26.6,0.0,100.0,200.0,0.0,0.0,1.0,0.0,0.0,0.0,8.0,2.9,0.0,51.5,9.4
2486979,19,981281,LOBE HUESCA LA MAGIA,AWAY,2116811,G. Rodriguez Soler,G. Rodriguez Soler,0,14.4,862.0,5.0,1.0,2.0,1.0,1.0,2.0,3.0,0.0,0.0,2.0,0.0,2.0,2.0,1.0,0.0,0.0,0.0,3.0,2.0,6.0,-13.0,83.3,83.3,33.3,0.0,1.0,3.0,0.0,13.2,0.0,8.1,25.0,0.0,0.0,25.0,12.2
2486979,19,981281,LOBE HUESCA LA MAGIA,AWAY,2054954,G. Vazquez Vallejo,G. Vazquez Vallejo,1,25.4,1525.0,6.0,1.0,4.0,1.0,6.0,2.0,10.0,1.0,2.0,4.0,6.0,10.0,0.0,3.0,3.0,0.0,2.0,5.0,1.0,3.0,10.0,27.6,25.0,60.0,20.0,0.5,0.5,2.0,15.0,35.0,22.8,0.0,6.2,0.0,21.6,24.0
2486980,19,981490,CLUB ESPORTIU BÀSQUET LLÍRIA,HOME,2274877,K. Clement Aigbogun,K. Clement Aigbogun,0,23.9,1435.0,11.0,3.0,3.0,1.0,3.0,4.0,6.0,2.0,3.0,1.0,3.0,4.0,0.0,0.0,3.0,0.0,0.0,2.0,3.0,16.0,19.0,75.1,75.0,50.0,50.0,2.0,1.0,1.0,6.4,11.2,9.4,0.0,6.5,0.0,0.0,14.8
2486980,19,981490,CLUB ESPORTIU BÀSQUET LLÍRIA,HOME,1995160,D. Rivas Palmer,D. Rivas Palmer,1,21.1,1268.0,20.0,5.0,6.0,3.0,6.0,8.0,12.0,1.0,3.0,0.0,3.0,3.0,2.0,3.0,0.0,0.0,0.0,2.0,4.0,18.0,25.0,75.1,79.2,50.0,25.0,1.7,1.5,0.8,0.0,12.6,8.0,22.2,0.0,0.0,18.4,37.3
2486980,19,981490,CLUB ESPORTIU BÀSQUET LLÍRIA,HOME,1882178,J. Palamos Molins,J. Palamos Molins,0,17.9,1072.0,13.0,5.0,6.0,1.0,3.0,6.0,9.0,0.0,0.0,0.0,0.0,0.0,2.0,1.0,0.0,0.0,0.0,2.0,0.0,9.0,8.0,72.2,72.2,33.3,0.0,1.7,1.0,0.0,0.0,0.0,0.0,26.3,0.0,0.0,10.0,26.9
2486980,19,981490,CLUB ESPORTIU BÀSQUET LLÍRIA,HOME,2281145,A. Rivas Palmer,A. Rivas Palmer,1,18.2,1090.0,8.0,1.0,2.0,2.0,3.0,3.0,5.0,0.0,0.0,0.0,3.0,3.0,2.0,2.0,0.0,2.0,1.0,2.0,0.0,9.0,21.0,80.0,80.0,60.0,0.0,1.0,2.0,0.0,0.0,14.7,9.3,14.3,0.0,9.4,28.6,18.5
2486980,19,981490,CLUB ESPORTIU BÀSQUET LLÍRIA,HOME,1560358,A. Meana Perez,A. Meana Perez,1,22.7,1364.0,12.0,1.0,3.0,2.0,5.0,3.0,8.0,4.0,6.0,1.0,3.0,4.0,5.0,0.0,2.0,0.0,0.0,2.0,5.0,19.0,28.0,56.4,50.0,62.5,75.0,0.7,1.2,1.2,6.8,11.7,9.9,28.7,4.6,0.0,0.0,22.6
2486980,19,981490,CLUB ESPORTIU BÀSQUET LLÍRIA,HOME,1257494,V. Perez Tomas,V. Perez Tomas,0,17.9,1071.0,14.0,2.0,2.0,2.0,4.0,4.0,6.0,4.0,4.0,0.0,1.0,1.0,2.0,2.0,1.0,1.0,0.0,2.0,4.0,17.0,9.0,90.2,83.3,66.7,66.7,2.0,1.5,1.0,0.0,5.0,3.1,20.8,2.9,4.8,20.5,26.3
2486980,19,981490,CLUB ESPORTIU BÀSQUET LLÍRIA,HOME,2665346,D. Kandulu,D. Kandulu,1,11.0,661.0,2.0,1.0,2.0,0.0,0.0,1.0,2.0,0.0,0.0,2.0,5.0,7.0,0.0,1.0,0.0,1.0,0.0,5.0,0.0,3.0,11.0,50.0,50.0,0.0,0.0,1.0,0.0,0.0,28.0,40.4,35.9,0.0,0.0,7.7,33.3,13.1
2486980,19,981490,CLUB ESPORTIU BÀSQUET LLÍRIA,HOME,1761293,P. Bono Soler,P. Bono Soler,0,18.0,1079.0,5.0,1.0,1.0,0.0,0.0,1.0,1.0,3.0,4.0,0.0,3.0,3.0,1.0,0.0,1.0,0.0,0.0,1.0,2.0,10.0,11.0,90.6,100.0,0.0,400.0,2.0,0.0,2.0,0.0,14.8,9.4,6.2,2.9,0.0,0.0,7.4
2486980,19,981490,CLUB ESPORTIU BÀSQUET LLÍRIA,HOME,2184821,M. Enabulele Ogunsuyi,M. Enabulele Ogunsuyi,0,25.4,1524.0,3.0,1.0,4.0,0.0,0.0,1.0,4.0,1.0,3.0,2.0,7.0,9.0,0.0,2.0,0.0,1.0,2.0,0.0,2.0,8.0,27.0,28.2,25.0,0.0,75.0,0.5,0.0,1.5,12.1,24.5,20.0,0.0,0.0,3.4,27.3,13.9
2486980,19,981490,CLUB ESPORTIU BÀSQUET LLÍRIA,HOME,1702333,E. Herrera Sauret,E. Herrera Sauret,1,21.0,1262.0,10.0,1.0,4.0,2.0,2.0,3.0,6.0,2.0,2.0,1.0,1.0,2.0,2.0,0.0,0.0,0.0,0.0,4.0,3.0,10.0,24.0,72.7,66.7,33.3,33.3,0.5,3.0,0.7,7.3,4.2,5.4,14.3,0.0,0.0,0.0,15.8
2486980,19,981490,CLUB ESPORTIU BÀSQUET LLÍRIA,HOME,2164761,P. Navarro Maldonado,P. Navarro Maldonado,0,2.9,174.0,0.0,0.0,0.0,0.0,0.0,0.0,0.0,0.0,0.0,0.0,0.0,0.0,0.0,2.0,0.0,0.0,0.0,0.0,0.0,-2.0,-3.0,0.0,0.0,0.0,0.0,0.0,0.0,0.0,0.0,0.0,0.0,0.0,0.0,0.0,100.0,33.2
2486980,19,981216,CLASS BASQUET SANT ANTONI,AWAY,1394852,G. Blat Baeza,G. Blat Baeza,0,31.7,1900.0,10.0,2.0,4.0,1.0,8.0,3.0,12.0,3.0,4.0,2.0,2.0,4.0,3.0,1.0,2.0,1.0,0.0,3.0,6.0,12.0,-28.0,36.3,29.2,66.7,33.3,1.0,0.4,0.7,5.6,9.7,7.1,21.7,3.3,3.8,6.8,20.0
2486980,19,981216,CLASS BASQUET SANT ANTONI,AWAY,2815818,K. Johnson,K. Johnson,1,29.1,1745.0,10.0,1.0,8.0,1.0,3.0,2.0,11.0,5.0,8.0,1.0,3.0,4.0,1.0,0.0,2.0,1.0,2.0,3.0,5.0,8.0,-19.0,34.4,22.7,27.3,72.7,0.2,1.0,1.6,3.1,15.9,7.7,7.9,3.6,4.2,0.0,21.4
2486980,19,981216,CLASS BASQUET SANT ANTONI,AWAY,2865697,L. Tvrdic,L. Tvrdic,0,27.9,1676.0,15.0,3.0,8.0,2.0,5.0,5.0,13.0,3.0,4.0,1.0,0.0,1.0,0.0,1.0,0.0,0.0,0.0,3.0,3.0,6.0,-22.0,50.8,46.2,38.5,30.8,0.8,1.2,1.3,3.2,0.0,2.0,0.0,0.0,0.0,6.3,24.3
2486980,19,981216,CLASS BASQUET SANT ANTONI,AWAY,1528610,J. Rodriguez Jimenez,J. Rodriguez Jimenez,0,11.3,677.0,1.0,0.0,0.0,0.0,1.0,0.0,1.0,1.0,2.0,0.0,0.0,0.0,0.0,0.0,0.0,0.0,0.0,2.0,1.0,-2.0,-17.0,26.6,0.0,100.0,200.0,0.0,0.0,2.0,0.0,0.0,0.0,0.0,0.0,0.0,0.0,7.1
2486980,19,981216,CLASS BASQUET SANT ANTONI,AWAY,2363916,D. De La Rua De Agustin,D. De La Rua De Agustin,1,13.0,782.0,3.0,0.0,4.0,1.0,1.0,1.0,5.0,0.0,0.0,0.0,0.0,0.0,3.0,2.0,1.0,0.0,1.0,2.0,1.0,0.0,-15.0,30.0,30.0,20.0,0.0,0.0,3.0,0.0,0.0,0.0,0.0,56.6,4.0,0.0,28.6,23.1
2486980,19,981216,CLASS BASQUET SANT ANTONI,AWAY,2818065,M. Issouf,M. Issouf,0,2.9,174.0,0.0,0.0,0.0,0.0,0.0,0.0,0.0,0.0,0.0,0.0,0.0,0.0,0.0,1.0,0.0,0.0,0.0,1.0,0.0,-2.0,3.0,0.0,0.0,0.0,0.0,0.0,0.0,0.0,0.0,0.0,0.0,0.0,0.0,0.0,100.0,14.8
2486980,19,981216,CLASS BASQUET SANT ANTONI,AWAY,1397157,R. Gomez Barral,R. Gomez Barral,0,13.0,780.0,2.0,1.0,2.0,0.0,1.0,1.0,3.0,0.0,0.0,4.0,1.0,5.0,2.0,2.0,1.0,0.0,0.0,2.0,0.0,4.0,-13.0,33.3,33.3,33.3,0.0,1.0,0.0,0.0,27.4,11.8,21.7,37.7,4.0,0.0,40.0,16.5
2486980,19,981216,CLASS BASQUET SANT ANTONI,AWAY,2462416,E. Stoilov,E. Stoilov,1,16.5,989.0,6.0,3.0,7.0,0.0,0.0,3.0,7.0,0.0,1.0,0.0,7.0,7.0,0.0,3.0,2.0,1.0,0.0,1.0,2.0,9.0,-11.0,40.3,42.9,0.0,14.3,0.9,0.0,0.5,0.0,65.3,23.9,0.0,6.4,7.3,28.7,27.2
2486980,19,981216,CLASS BASQUET SANT ANTONI,AWAY,2128433,N. Zizic,N. Zizic,0,20.8,1250.0,13.0,5.0,10.0,0.0,0.0,5.0,10.0,3.0,4.0,7.0,2.0,9.0,2.0,0.0,0.0,0.0,1.0,1.0,2.0,19.0,-23.0,55.3,50.0,0.0,40.0,1.0,0.0,2.0,29.9,14.8,24.4,36.4,0.0,0.0,0.0,24.3
2486980,19,981216,CLASS BASQUET SANT ANTONI,AWAY,2182043,J. Solarin,J. Solarin,1,17.4,1045.0,2.0,1.0,2.0,0.0,3.0,1.0,5.0,0.0,0.0,0.0,2.0,2.0,1.0,2.0,0.0,0.0,0.0,4.0,2.0,-3.0,-14.0,20.0,20.0,60.0,0.0,1.0,0.0,0.0,0.0,17.7,6.5,13.5,0.0,0.0,28.6,17.3
2486980,19,981216,CLASS BASQUET SANT ANTONI,AWAY,1878691,I. Ruiz Gonzalez,I. Ruiz Gonzalez,1,16.4,982.0,0.0,0.0,2.0,0.0,1.0,0.0,3.0,0.0,0.0,1.0,2.0,3.0,1.0,1.0,0.0,0.0,1.0,2.0,0.0,-2.0,-21.0,0.0,0.0,33.3,0.0,0.0,0.0,0.0,5.4,18.8,10.3,11.9,0.0,0.0,25.0,10.5
2486981,19,981275,MADERAS SORLI BENICARLO,HOME,2467065,A. Ikpeze,A. Ikpeze,1,10.9,657.0,2.0,1.0,2.0,0.0,0.0,1.0,2.0,0.0,0.0,0.0,2.0,2.0,0.0,1.0,0.0,0.0,0.0,3.0,0.0,-1.0,-10.0,50.0,50.0,0.0,0.0,1.0,0.0,0.0,0.0,21.0,10.2,0.0,0.0,0.0,33.3,11.8
2486981,19,981275,MADERAS SORLI BENICARLO,HOME,2864230,M. Betch,M. Betch,0,19.3,1157.0,13.0,2.0,3.0,3.0,6.0,5.0,9.0,0.0,0.0,1.0,2.0,3.0,0.0,1.0,1.0,0.0,0.0,4.0,0.0,8.0,2.0,72.2,72.2,66.7,0.0,1.3,1.5,0.0,5.6,11.8,8.6,0.0,2.6,0.0,10.0,22.3
2486981,19,981275,MADERAS SORLI BENICARLO,HOME,1485040,A. Haro Val,A. Haro Val,1,32.7,1962.0,17.0,6.0,7.0,1.0,6.0,7.0,13.0,2.0,2.0,0.0,2.0,2.0,2.0,3.0,3.0,0.0,0.0,1.0,6.0,20.0,-18.0,61.2,57.7,46.2,15.4,1.7,0.5,0.3,0.0,7.0,3.4,12.3,4.6,0.0,17.8,22.2
2486981,19,981275,MADERAS SORLI BENICARLO,HOME,1998365,P. Harguindey Maneiro,P. Harguindey Maneiro,1,33.6,2017.0,3.0,1.0,2.0,0.0,3.0,1.0,5.0,1.0,2.0,0.0,3.0,3.0,1.0,1.0,2.0,1.0,0.0,5.0,1.0,0.0,-15.0,25.5,20.0,60.0,40.0,1.0,0.0,2.0,0.0,10.2,5.0,4.5,3.0,2.7,14.5,8.8
2486981,19,981275,MADERAS SORLI BENICARLO,HOME,1659850,A. Prior Ruiz,A. Prior Ruiz,0,17.2,1033.0,5.0,1.0,3.0,1.0,8.0,2.0,11.0,0.0,0.0,3.0,3.0,6.0,0.0,1.0,0.0,0.0,0.0,0.0,1.0,2.0,-4.0,22.7,22.7,72.7,0.0,0.7,0.4,0.0,18.9,19.9,19.4,0.0,0.0,0.0,8.3,30.0
2486981,19,981275,MADERAS SORLI BENICARLO,HOME,2219986,A. Libroia,A. Libroia,1,35.8,2150.0,12.0,3.0,7.0,1.0,5.0,4.0,12.0,3.0,4.0,0.0,4.0,4.0,8.0,4.0,1.0,0.0,1.0,1.0,7.0,18.0,-6.0,43.6,37.5,41.7,33.3,0.9,0.6,0.6,0.0,12.8,6.2,36.2,1.4,0.0,22.5,21.3
2486981,19,981275,MADERAS SORLI BENICARLO,HOME,2536645,R. Ukawuba,R. Ukawuba,0,4.6,274.0,0.0,0.0,0.0,0.0,0.0,0.0,0.0,0.0,0.0,0.0,0.0,0.0,0.0,0.0,0.0,0.0,0.0,0.0,0.0,0.0,3.0,0.0,0.0,0.0,0.0,0.0,0.0,0.0,0.0,0.0,0.0,0.0,0.0,0.0,0.0,0.0
2486981,19,981275,MADERAS SORLI BENICARLO,HOME,2250610,A. Sanchez Perdiguero,A. Sanchez Perdiguero,0,28.4,1703.0,16.0,7.0,9.0,0.0,0.0,7.0,9.0,2.0,8.0,3.0,6.0,9.0,1.0,3.0,2.0,1.0,1.0,5.0,4.0,17.0,0.0,63.9,77.8,0.0,88.9,1.6,0.0,2.0,11.4,24.1,17.6,7.5,3.6,3.2,19.3,23.5
2486981,19,981275,MADERAS SORLI BENICARLO,HOME,2816381,K. Obiekwe Sam,K. Obiekwe Sam,1,17.4,1047.0,4.0,2.0,5.0,0.0,6.0,2.0,11.0,0.0,0.0,4.0,4.0,8.0,0.0,0.0,1.0,0.0,0.0,3.0,1.0,2.0,-12.0,18.2,18.2,54.5,0.0,0.8,0.0,0.0,24.9,26.3,25.5,0.0,2.9,0.0,0.0,27.2
2486981,19,979897,BUENO ARENAS ALBACETE BASKET,AWAY,1371559,V. Aguilar Hernandez,V. Aguilar Hernandez,1,29.1,1743.0,12.0,2.0,6.0,2.0,3.0,4.0,9.0,2.0,2.0,0.0,7.0,7.0,8.0,4.0,0.0,0.0,0.0,1.0,2.0,19.0,8.0,60.7,55.6,33.3,22.2,0.7,2.0,1.0,0.0,26.0,13.4,47.1,0.0,0.0,28.8,21.7
2486981,19,979897,BUENO ARENAS ALBACETE BASKET,AWAY,2813013,N. Reid,N. Reid,1,35.4,2126.0,16.0,2.0,6.0,2.0,5.0,4.0,11.0,6.0,6.0,2.0,4.0,6.0,1.0,0.0,1.0,0.0,0.0,4.0,3.0,16.0,15.0,58.7,45.5,45.5,54.5,0.7,1.2,2.0,6.5,12.2,9.4,4.3,1.4,0.0,0.0,17.5
2486981,19,979897,BUENO ARENAS ALBACETE BASKET,AWAY,1947396,V. Muñoz Quiñones,V. Muñoz Quiñones,1,18.9,1131.0,15.0,6.0,10.0,0.0,0.0,6.0,10.0,3.0,5.0,2.0,2.0,4.0,0.0,0.0,1.0,1.0,0.0,3.0,5.0,17.0,16.0,61.5,60.0,0.0,50.0,1.2,0.0,1.0,12.1,11.4,11.8,0.0,2.6,5.6,0.0,29.3
2486981,19,979897,BUENO ARENAS ALBACETE BASKET,AWAY,2735659,A. Vera Picazo,A. Vera Picazo,0,1.5,91.0,0.0,0.0,0.0,0.0,0.0,0.0,0.0,0.0,0.0,0.0,0.0,0.0,0.0,1.0,0.0,0.0,0.0,1.0,0.0,-2.0,-1.0,0.0,0.0,0.0,0.0,0.0,0.0,0.0,0.0,0.0,0.0,0.0,0.0,0.0,100.0,30.3
2486981,19,979897,BUENO ARENAS ALBACETE BASKET,AWAY,2432962,S. Merlo,S. Merlo,1,25.9,1554.0,10.0,4.0,5.0,0.0,1.0,4.0,6.0,2.0,4.0,1.0,5.0,6.0,7.0,3.0,2.0,0.0,0.0,4.0,4.0,18.0,13.0,64.4,66.7,16.7,66.7,1.6,0.0,1.0,4.4,20.9,12.9,50.0,3.8,0.0,27.9,18.9
2486981,19,979897,BUENO ARENAS ALBACETE BASKET,AWAY,1603635,J. Gonzalez Albadalejo,J. Gonzalez Albadalejo,0,33.2,1994.0,4.0,0.0,3.0,0.0,6.0,0.0,9.0,4.0,4.0,0.0,2.0,2.0,3.0,2.0,1.0,0.0,1.0,2.0,6.0,3.0,9.0,18.6,0.0,66.7,44.4,0.0,0.0,0.7,0.0,6.5,3.3,12.5,1.5,0.0,15.7,17.4
2486981,19,979897,BUENO ARENAS ALBACETE BASKET,AWAY,2817541,O. Bramble,O. Bramble,0,5.7,343.0,2.0,1.0,1.0,0.0,1.0,1.0,2.0,0.0,0.0,0.0,0.0,0.0,0.0,0.0,0.0,0.0,0.0,0.0,0.0,1.0,-5.0,50.0,50.0,50.0,0.0,2.0,0.0,0.0,0.0,0.0,0.0,0.0,0.0,0.0,0.0,15.9
2486981,19,979897,BUENO ARENAS ALBACETE BASKET,AWAY,1981843,B. Vanaclocha Sanchez,B. Vanaclocha Sanchez,0,7.7,460.0,2.0,1.0,3.0,0.0,0.0,1.0,3.0,0.0,2.0,2.0,3.0,5.0,0.0,2.0,0.0,1.0,1.0,2.0,2.0,2.0,-5.0,25.8,33.3,0.0,66.7,0.7,0.0,1.0,29.7,42.1,36.1,0.0,0.0,13.7,34.0,34.7
2486981,19,979897,BUENO ARENAS ALBACETE BASKET,AWAY,2432412,J. Hierrezuelo Serer,J. Hierrezuelo Serer,1,20.1,1208.0,8.0,1.0,2.0,2.0,3.0,3.0,5.0,0.0,0.0,0.0,2.0,2.0,2.0,0.0,0.0,0.0,0.0,3.0,0.0,7.0,10.0,80.0,80.0,60.0,0.0,1.0,2.0,0.0,0.0,10.8,5.5,16.7,0.0,0.0,0.0,11.3
2486981,19,979897,BUENO ARENAS ALBACETE BASKET,AWAY,2156303,A. Garcia Borrego,A. Garcia Borrego,0,22.5,1350.0,15.0,6.0,8.0,1.0,2.0,7.0,10.0,0.0,0.0,2.0,1.0,3.0,0.0,1.0,1.0,0.0,0.0,0.0,0.0,15.0,0.0,75.0,75.0,20.0,0.0,1.5,1.5,0.0,10.2,4.8,7.4,0.0,2.2,0.0,9.1,22.2
2486982,20,981275,MADERAS SORLI BENICARLO,HOME,2467065,A. Ikpeze,A. Ikpeze,1,30.7,1840.0,13.0,6.0,10.0,0.0,0.0,6.0,10.0,1.0,6.0,5.0,5.0,10.0,0.0,4.0,1.0,1.0,0.0,4.0,3.0,11.0,9.0,51.4,60.0,0.0,60.0,1.2,0.0,2.0,20.9,17.3,18.9,0.0,1.8,3.3,24.0,27.4
2486982,20,981275,MADERAS SORLI BENICARLO,HOME,2864230,M. Becht,M. Becht,1,36.9,2216.0,15.0,2.0,2.0,3.0,9.0,5.0,11.0,2.0,2.0,0.0,2.0,2.0,2.0,1.0,1.0,0.0,0.0,2.0,2.0,13.0,5.0,63.1,59.1,81.8,18.2,2.0,1.0,1.0,0.0,5.8,3.2,12.0,1.5,0.0,7.8,17.7
2486982,20,981275,MADERAS SORLI BENICARLO,HOME,1485040,A. Haro Val,A. Haro Val,0,10.2,614.0,2.0,1.0,1.0,0.0,1.0,1.0,2.0,0.0,0.0,0.0,1.0,1.0,2.0,4.0,0.0,0.0,0.0,3.0,1.0,-2.0,2.0,50.0,50.0,50.0,0.0,2.0,0.0,0.0,0.0,10.4,5.7,38.5,0.0,0.0,66.7,29.8
2486982,20,981275,MADERAS SORLI BENICARLO,HOME,1998365,P. Harguindey Maneiro,P. Harguindey Maneiro,1,35.4,2124.0,7.0,0.0,1.0,2.0,3.0,2.0,4.0,1.0,2.0,0.0,6.0,6.0,1.0,0.0,1.0,1.0,0.0,5.0,2.0,10.0,-1.0,71.7,75.0,75.0,50.0,0.0,2.0,1.0,0.0,18.0,9.9,5.1,1.6,2.8,0.0,7.0
2486982,20,981275,MADERAS SORLI BENICARLO,HOME,1659850,A. Prior Ruiz,A. Prior Ruiz,0,20.8,1250.0,6.0,3.0,3.0,0.0,2.0,3.0,5.0,0.0,0.0,1.0,3.0,4.0,1.0,0.0,1.0,1.0,0.0,1.0,1.0,11.0,-7.0,60.0,60.0,40.0,0.0,2.0,0.0,0.0,6.2,15.3,11.2,10.6,2.6,4.8,0.0,12.2
2486982,20,981275,MADERAS SORLI BENICARLO,HOME,2219986,A. Libroia,A. Libroia,1,42.2,2532.0,25.0,6.0,13.0,3.0,8.0,9.0,21.0,4.0,8.0,1.0,3.0,4.0,6.0,5.0,0.0,0.0,2.0,3.0,9.0,20.0,0.0,51.0,50.0,38.1,38.1,0.9,1.1,0.9,3.0,7.6,5.5,38.0,0.0,0.0,16.9,35.4
2486982,20,981275,MADERAS SORLI BENICARLO,HOME,2703145,M. Fall,M. Fall,0,18.0,1079.0,2.0,1.0,2.0,0.0,0.0,1.0,2.0,0.0,0.0,0.0,4.0,4.0,0.0,0.0,0.0,1.0,0.0,1.0,0.0,5.0,-10.0,50.0,50.0,0.0,0.0,1.0,0.0,0.0,0.0,23.6,12.9,0.0,0.0,5.6,0.0,5.6
2486982,20,981275,MADERAS SORLI BENICARLO,HOME,1512091,N. Rakocevic,N. Rakocevic,0,32.1,1927.0,14.0,2.0,7.0,1.0,4.0,3.0,11.0,7.0,7.0,1.0,1.0,2.0,0.0,0.0,0.0,0.0,0.0,1.0,5.0,12.0,-20.0,49.7,31.8,36.4,63.6,0.6,0.8,1.4,4.0,3.3,3.6,0.0,0.0,0.0,0.0,22.2
2486982,20,981275,MADERAS SORLI BENICARLO,HOME,2250610,A. Sanchez Perdiguero,A. Sanchez Perdiguero,1,18.2,1091.0,3.0,1.0,2.0,0.0,1.0,1.0,3.0,1.0,4.0,2.0,3.0,5.0,0.0,2.0,0.0,0.0,0.0,5.0,3.0,-1.0,-3.0,31.5,33.3,33.3,133.3,1.0,0.0,1.3,14.1,17.5,16.0,0.0,0.0,0.0,29.6,18.8
2486982,20,981275,MADERAS SORLI BENICARLO,HOME,2816381,K. Obiekwe Sam,K. Obiekwe Sam,0,5.5,327.0,0.0,0.0,0.0,0.0,1.0,0.0,1.0,0.0,0.0,0.0,3.0,3.0,0.0,0.0,1.0,0.0,0.0,0.0,0.0,3.0,0.0,0.0,0.0,100.0,0.0,0.0,0.0,0.0,0.0,58.0,31.7,0.0,10.0,0.0,0.0,9.2
2486982,20,981514,SPANISH BASKETBALL ACADEMY,AWAY,2436640,J. Puidet,J. Puidet,1,35.8,2149.0,8.0,1.0,2.0,2.0,4.0,3.0,6.0,0.0,0.0,1.0,5.0,6.0,4.0,0.0,0.0,0.0,0.0,3.0,1.0,13.0,0.0,66.7,66.7,66.7,0.0,1.0,1.5,0.0,3.0,17.9,9.7,20.6,0.0,0.0,0.0,7.8
2486982,20,981514,SPANISH BASKETBALL ACADEMY,AWAY,2312124,S. Traore,S. Traore,0,7.4,446.0,0.0,0.0,0.0,0.0,0.0,0.0,0.0,0.0,0.0,2.0,2.0,4.0,0.0,0.0,0.0,0.0,0.0,0.0,0.0,4.0,5.0,0.0,0.0,0.0,0.0,0.0,0.0,0.0,28.8,34.7,31.4,0.0,0.0,0.0,0.0,0.0
2486982,20,981514,SPANISH BASKETBALL ACADEMY,AWAY,1990032,M. Echeverria Fernandez,M. Echeverria Fernandez,0,14.6,876.0,2.0,1.0,5.0,0.0,1.0,1.0,6.0,0.0,0.0,2.0,1.0,3.0,0.0,1.0,1.0,0.0,0.0,1.0,0.0,-1.0,-13.0,16.7,16.7,16.7,0.0,0.4,0.0,0.0,14.6,8.8,11.9,0.0,3.9,0.0,14.3,22.4
2486982,20,981514,SPANISH BASKETBALL ACADEMY,AWAY,2846994,K. Curfman,K. Curfman,0,37.5,2248.0,13.0,1.0,4.0,2.0,11.0,3.0,15.0,5.0,6.0,1.0,1.0,2.0,0.0,0.0,1.0,0.0,1.0,4.0,1.0,0.0,12.0,36.8,26.7,73.3,40.0,0.5,0.5,6.0,2.8,3.4,3.1,0.0,1.5,0.0,0.0,22.0
2486982,20,981514,SPANISH BASKETBALL ACADEMY,AWAY,2065452,J. Santano Bartolome,J. Santano Bartolome,1,21.9,1315.0,11.0,5.0,8.0,0.0,2.0,5.0,10.0,1.0,1.0,5.0,4.0,9.0,1.0,0.0,1.0,0.0,1.0,3.0,1.0,15.0,5.0,52.7,50.0,20.0,10.0,1.2,0.0,1.0,24.3,23.4,23.9,12.8,2.6,0.0,0.0,22.3
2486982,20,981514,SPANISH BASKETBALL ACADEMY,AWAY,1374966,A. Moreno Trujillo,A. Moreno Trujillo,0,24.6,1474.0,15.0,3.0,8.0,3.0,8.0,6.0,16.0,0.0,0.0,1.0,1.0,2.0,4.0,3.0,3.0,0.0,0.0,5.0,1.0,7.0,13.0,46.9,46.9,50.0,0.0,0.8,1.1,0.0,4.3,5.2,4.7,40.0,6.9,0.0,15.8,36.1
2486982,20,981514,SPANISH BASKETBALL ACADEMY,AWAY,2816737,D. Simeunovic,D. Simeunovic,1,45.7,2743.0,23.0,8.0,13.0,1.0,6.0,9.0,19.0,4.0,6.0,1.0,11.0,12.0,6.0,4.0,2.0,1.0,0.0,3.0,6.0,31.0,3.0,53.1,50.0,31.6,31.6,1.2,0.5,1.0,2.3,30.9,15.3,30.3,2.5,2.7,15.6,26.2
2486982,20,981514,SPANISH BASKETBALL ACADEMY,AWAY,2752020,E. Medina Roa,E. Medina Roa,1,23.5,1410.0,6.0,3.0,4.0,0.0,0.0,3.0,4.0,0.0,0.0,2.0,2.0,4.0,0.0,2.0,0.0,1.0,0.0,2.0,4.0,10.0,-5.0,75.0,75.0,0.0,0.0,1.5,0.0,0.0,9.1,10.9,9.9,0.0,0.0,5.2,33.3,11.9
2486982,20,981514,SPANISH BASKETBALL ACADEMY,AWAY,1825944,R. Garcia Salame,R. Garcia Salame,1,39.0,2339.0,14.0,1.0,6.0,1.0,4.0,2.0,10.0,9.0,10.0,1.0,2.0,3.0,2.0,1.0,0.0,0.0,2.0,5.0,9.0,13.0,5.0,48.6,25.0,40.0,100.0,0.3,0.8,1.1,2.7,6.6,4.5,8.5,0.0,0.0,6.5,18.4
2486983,20,979897,BUENO ARENAS ALBACETE BASKET,HOME,1371559,V. Aguilar Hernandez,V. Aguilar Hernandez,1,34.7,2081.0,18.0,9.0,13.0,0.0,1.0,9.0,14.0,0.0,0.0,0.0,5.0,5.0,9.0,1.0,0.0,0.0,1.0,3.0,6.0,29.0,-7.0,64.3,64.3,7.1,0.0,1.4,0.0,0.0,0.0,15.6,7.6,47.6,0.0,0.0,6.7,18.3
2486983,20,979897,BUENO ARENAS ALBACETE BASKET,HOME,2813013,N. Reid,N. Reid,1,30.6,1837.0,0.0,0.0,3.0,0.0,3.0,0.0,6.0,0.0,0.0,0.0,6.0,6.0,0.0,0.0,0.0,0.0,0.0,3.0,1.0,-2.0,-2.0,0.0,0.0,50.0,0.0,0.0,0.0,0.0,0.0,21.2,10.3,0.0,0.0,0.0,0.0,8.3
2486983,20,979897,BUENO ARENAS ALBACETE BASKET,HOME,1947396,V. Muñoz Quiñones,V. Muñoz Quiñones,1,33.0,1977.0,19.0,9.0,14.0,0.0,0.0,9.0,14.0,1.0,2.0,7.0,1.0,8.0,2.0,2.0,2.0,0.0,1.0,5.0,3.0,21.0,-4.0,63.8,64.3,0.0,14.3,1.3,0.0,0.7,21.8,3.3,12.8,12.7,3.4,0.0,11.8,21.6
2486983,20,979897,BUENO ARENAS ALBACETE BASKET,HOME,2735659,A. Vera Picazo,A. Vera Picazo,0,3.0,180.0,0.0,0.0,1.0,0.0,1.0,0.0,2.0,0.0,0.0,0.0,1.0,1.0,0.0,0.0,0.0,0.0,0.0,2.0,0.0,-3.0,-4.0,0.0,0.0,50.0,0.0,0.0,0.0,0.0,0.0,36.0,17.5,0.0,0.0,0.0,0.0,28.2
2486983,20,979897,BUENO ARENAS ALBACETE BASKET,HOME,2432962,S. Merlo,S. Merlo,1,29.1,1743.0,12.0,4.0,15.0,0.0,4.0,4.0,19.0,4.0,7.0,2.0,4.0,6.0,2.0,3.0,0.0,0.0,1.0,2.0,5.0,2.0,-9.0,27.2,21.1,21.1,36.8,0.5,0.0,1.4,7.0,14.9,10.9,11.3,0.0,0.0,12.0,36.4
2486983,20,979897,BUENO ARENAS ALBACETE BASKET,HOME,1603635,J. Gonzalez Albadalejo,J. Gonzalez Albadalejo,0,16.9,1013.0,4.0,0.0,3.0,1.0,5.0,1.0,8.0,1.0,1.0,0.0,1.0,1.0,0.0,2.0,1.0,0.0,0.0,4.0,1.0,-6.0,-13.0,23.7,18.8,62.5,12.5,0.0,0.6,1.0,0.0,6.4,3.1,0.0,3.3,0.0,19.2,26.1
2486983,20,979897,BUENO ARENAS ALBACETE BASKET,HOME,2817541,O. Bramble,O. Bramble,0,8.3,498.0,2.0,1.0,2.0,0.0,1.0,1.0,3.0,0.0,0.0,3.0,1.0,4.0,0.0,0.0,0.0,0.0,0.0,1.0,0.0,3.0,-13.0,33.3,33.3,33.3,0.0,1.0,0.0,0.0,37.1,13.0,25.4,0.0,0.0,0.0,0.0,15.3
2486983,20,979897,BUENO ARENAS ALBACETE BASKET,HOME,1981843,B. Vanaclocha Sanchez,B. Vanaclocha Sanchez,0,11.4,686.0,4.0,2.0,4.0,0.0,0.0,2.0,4.0,0.0,0.0,0.0,1.0,1.0,0.0,1.0,0.0,0.0,1.0,3.0,1.0,0.0,-8.0,50.0,50.0,0.0,0.0,1.0,0.0,0.0,0.0,9.5,4.6,0.0,0.0,0.0,20.0,18.5
2486983,20,979897,BUENO ARENAS ALBACETE BASKET,HOME,2432412,J. Hierrezuelo Serer,J. Hierrezuelo Serer,1,13.2,793.0,3.0,1.0,2.0,0.0,2.0,1.0,4.0,1.0,3.0,1.0,3.0,4.0,0.0,1.0,1.0,0.0,0.0,2.0,2.0,2.0,0.0,28.2,25.0,50.0,75.0,1.0,0.0,1.5,7.8,24.6,15.9,0.0,4.3,0.0,15.8,20.2
2486983,20,979897,BUENO ARENAS ALBACETE BASKET,HOME,2156303,A. Garcia Borrego,A. Garcia Borrego,0,19.9,1192.0,8.0,4.0,5.0,0.0,0.0,4.0,5.0,0.0,0.0,2.0,1.0,3.0,0.0,0.0,0.0,0.0,0.0,2.0,0.0,8.0,-20.0,80.0,80.0,0.0,0.0,1.6,0.0,0.0,10.3,5.4,7.9,0.0,0.0,0.0,0.0,10.6
2486983,20,981490,CLUB ESPORTIU BÀSQUET LLÍRIA,AWAY,1995160,D. Rivas Palmer,D. Rivas Palmer,1,33.9,2036.0,10.0,1.0,3.0,2.0,7.0,3.0,10.0,2.0,2.0,1.0,3.0,4.0,3.0,1.0,1.0,0.0,0.0,3.0,1.0,8.0,14.0,46.0,40.0,70.0,20.0,0.7,0.9,2.0,3.2,9.1,6.2,19.5,1.5,0.0,8.4,16.7
2486983,20,981490,CLUB ESPORTIU BÀSQUET LLÍRIA,AWAY,1882178,J. Palamos Molins,J. Palamos Molins,1,18.6,1118.0,4.0,0.0,1.0,1.0,4.0,1.0,5.0,1.0,2.0,1.0,2.0,3.0,4.0,0.0,1.0,1.0,0.0,0.0,4.0,12.0,-10.0,34.0,30.0,80.0,40.0,0.0,0.8,0.5,5.8,11.0,8.5,38.1,2.7,3.5,0.0,15.1
2486983,20,981490,CLUB ESPORTIU BÀSQUET LLÍRIA,AWAY,2281145,A. Rivas Palmer,A. Rivas Palmer,1,28.4,1704.0,11.0,0.0,2.0,2.0,6.0,2.0,8.0,5.0,8.0,1.0,3.0,4.0,2.0,2.0,1.0,0.0,0.0,2.0,5.0,10.0,15.0,47.7,37.5,75.0,100.0,0.0,1.0,1.6,3.8,10.8,7.4,14.2,1.8,0.0,14.8,22.7
2486983,20,981490,CLUB ESPORTIU BÀSQUET LLÍRIA,AWAY,2646201,H. Salomon,H. Salomon,0,7.5,447.0,0.0,0.0,0.0,0.0,1.0,0.0,1.0,0.0,0.0,1.0,1.0,2.0,1.0,0.0,0.0,0.0,0.0,2.0,2.0,2.0,-4.0,0.0,0.0,100.0,0.0,0.0,0.0,0.0,14.4,13.7,14.0,21.7,0.0,0.0,0.0,6.4
2486983,20,981490,CLUB ESPORTIU BÀSQUET LLÍRIA,AWAY,1560358,A. Meana Perez,A. Meana Perez,1,27.1,1623.0,25.0,1.0,1.0,4.0,12.0,5.0,13.0,11.0,12.0,0.0,1.0,1.0,7.0,2.0,2.0,0.0,0.0,3.0,7.0,28.0,20.0,68.4,53.8,92.3,92.3,2.0,1.0,1.7,0.0,3.8,1.9,63.1,3.7,0.0,9.9,35.7
2486983,20,981490,CLUB ESPORTIU BÀSQUET LLÍRIA,AWAY,2665346,D. Kandulu,D. Kandulu,0,26.0,1560.0,19.0,6.0,7.0,0.0,0.0,6.0,7.0,7.0,8.0,4.0,6.0,10.0,0.0,1.0,1.0,3.0,0.0,2.0,5.0,33.0,21.0,90.3,85.7,0.0,114.3,1.7,0.0,1.6,16.6,23.7,20.2,0.0,1.9,7.4,8.7,21.1
2486983,20,981490,CLUB ESPORTIU BÀSQUET LLÍRIA,AWAY,1761293,P. Bono Soler,P. Bono Soler,0,11.5,690.0,5.0,1.0,1.0,1.0,3.0,2.0,4.0,0.0,0.0,1.0,3.0,4.0,0.0,1.0,0.0,0.0,0.0,3.0,0.0,3.0,-2.0,62.5,62.5,75.0,0.0,2.0,1.0,0.0,9.4,26.8,18.3,0.0,0.0,0.0,20.0,20.7
2486983,20,981490,CLUB ESPORTIU BÀSQUET LLÍRIA,AWAY,2184821,M. Enabulele Ogunsuyi,M. Enabulele Ogunsuyi,1,21.2,1272.0,4.0,2.0,4.0,0.0,0.0,2.0,4.0,0.0,0.0,3.0,1.0,4.0,2.0,1.0,0.0,0.0,0.0,2.0,0.0,5.0,4.0,50.0,50.0,0.0,0.0,1.0,0.0,0.0,15.3,4.8,9.9,21.1,0.0,0.0,20.0,11.2
2486983,20,981490,CLUB ESPORTIU BÀSQUET LLÍRIA,AWAY,1702333,E. Herrera Sauret,E. Herrera Sauret,0,23.0,1380.0,5.0,0.0,1.0,1.0,7.0,1.0,8.0,2.0,2.0,1.0,3.0,4.0,0.0,0.0,0.0,0.0,0.0,4.0,1.0,-1.0,11.0,28.2,18.8,87.5,25.0,0.0,0.4,2.0,4.7,13.4,9.2,0.0,0.0,0.0,0.0,18.4
2486983,20,981490,CLUB ESPORTIU BÀSQUET LLÍRIA,AWAY,2164761,P. Navarro Maldonado,P. Navarro Maldonado,0,2.8,170.0,3.0,0.0,0.0,1.0,1.0,1.0,1.0,0.0,0.0,0.0,1.0,1.0,0.0,0.0,0.0,0.0,0.0,0.0,0.0,4.0,11.0,150.0,150.0,100.0,0.0,0.0,3.0,0.0,0.0,36.6,18.8,0.0,0.0,0.0,0.0,17.0
2486984,20,981216,CLASS BASQUET SANT ANTONI,HOME,2534687,G. Gantt,G. Gantt,0,15.0,899.0,16.0,2.0,2.0,4.0,6.0,6.0,8.0,0.0,0.0,1.0,0.0,1.0,1.0,0.0,0.0,0.0,0.0,2.0,0.0,14.0,4.0,100.0,100.0,75.0,0.0,2.0,2.0,0.0,9.5,0.0,3.7,17.9,0.0,0.0,0.0,25.5
2486984,20,981216,CLASS BASQUET SANT ANTONI,HOME,1394852,G. Blat Baeza,G. Blat Baeza,0,17.1,1026.0,5.0,0.0,4.0,1.0,3.0,1.0,7.0,2.0,2.0,0.0,4.0,4.0,4.0,1.0,1.0,0.0,2.0,2.0,3.0,8.0,1.0,31.7,21.4,42.9,28.6,0.0,1.0,0.7,0.0,21.3,13.0,37.7,3.2,0.0,11.3,24.8
2486984,20,981216,CLASS BASQUET SANT ANTONI,HOME,2815818,K. Johnson,K. Johnson,1,21.8,1309.0,10.0,2.0,3.0,1.0,2.0,3.0,5.0,3.0,4.0,1.0,3.0,4.0,0.0,3.0,0.0,0.0,0.0,0.0,2.0,10.0,19.0,74.0,70.0,40.0,80.0,1.3,1.5,2.0,6.6,12.5,10.2,0.0,0.0,0.0,30.7,21.4
2486984,20,981216,CLASS BASQUET SANT ANTONI,HOME,2865697,L. Tvrdic,L. Tvrdic,0,12.8,765.0,11.0,2.0,2.0,2.0,5.0,4.0,7.0,1.0,1.0,1.0,1.0,2.0,1.0,3.0,0.0,0.0,0.0,2.0,1.0,7.0,6.0,73.9,71.4,71.4,14.3,2.0,1.2,1.0,11.2,7.1,8.7,21.3,0.0,0.0,28.7,39.0
2486984,20,981216,CLASS BASQUET SANT ANTONI,HOME,1528610,J. Rodriguez Jimenez,J. Rodriguez Jimenez,0,11.4,684.0,0.0,0.0,0.0,0.0,0.0,0.0,0.0,0.0,0.0,2.0,0.0,2.0,0.0,0.0,0.0,0.0,0.0,1.0,0.0,1.0,0.0,0.0,0.0,0.0,0.0,0.0,0.0,0.0,25.1,0.0,9.7,0.0,0.0,0.0,0.0,0.0
2486984,20,981216,CLASS BASQUET SANT ANTONI,HOME,2363916,D. De La Rua De Agustin,D. De La Rua De Agustin,1,19.1,1149.0,13.0,3.0,5.0,1.0,5.0,4.0,10.0,4.0,6.0,0.0,3.0,3.0,7.0,1.0,0.0,0.0,0.0,1.0,7.0,20.0,24.0,51.4,45.0,50.0,60.0,1.2,0.6,0.9,0.0,14.3,8.7,66.7,0.0,0.0,7.3,34.1
2486984,20,981216,CLASS BASQUET SANT ANTONI,HOME,1397157,R. Gomez Barral,R. Gomez Barral,0,24.6,1475.0,5.0,1.0,2.0,1.0,2.0,2.0,4.0,0.0,0.0,1.0,6.0,7.0,1.0,2.0,0.0,0.0,0.0,3.0,0.0,6.0,12.0,62.5,62.5,50.0,0.0,1.0,1.5,0.0,5.8,22.2,15.8,6.5,0.0,0.0,33.3,11.6
2486984,20,981216,CLASS BASQUET SANT ANTONI,HOME,2462416,E. Stoilov,E. Stoilov,1,21.7,1300.0,12.0,2.0,4.0,0.0,0.0,2.0,4.0,8.0,8.0,0.0,7.0,7.0,1.0,1.0,0.0,1.0,0.0,2.0,6.0,22.0,18.0,79.8,50.0,0.0,200.0,1.0,0.0,1.3,0.0,29.3,17.9,8.0,0.0,4.3,11.7,18.8
2486984,20,981216,CLASS BASQUET SANT ANTONI,HOME,1834527,S. Paz Vazquez,S. Paz Vazquez,1,16.3,980.0,8.0,4.0,4.0,0.0,3.0,4.0,7.0,0.0,1.0,0.0,3.0,3.0,1.0,0.0,1.0,0.0,0.0,0.0,1.0,10.0,22.0,53.8,57.1,42.9,14.3,2.0,0.0,1.0,0.0,16.7,10.2,13.2,3.4,0.0,0.0,21.8
2486984,20,981216,CLASS BASQUET SANT ANTONI,HOME,2128433,N. Zizic,N. Zizic,0,18.3,1100.0,9.0,3.0,5.0,0.0,0.0,3.0,5.0,3.0,5.0,1.0,1.0,2.0,0.0,0.0,1.0,1.0,0.0,1.0,3.0,11.0,10.0,62.5,60.0,0.0,100.0,1.2,0.0,1.7,7.8,5.0,6.1,0.0,3.0,5.1,0.0,18.8
2486984,20,981216,CLASS BASQUET SANT ANTONI,HOME,2182043,J. Solarin,J. Solarin,1,14.9,893.0,0.0,0.0,1.0,0.0,2.0,0.0,3.0,0.0,0.0,0.0,6.0,6.0,1.0,0.0,0.0,0.0,0.0,2.0,3.0,5.0,15.0,0.0,0.0,66.7,0.0,0.0,0.0,0.0,0.0,36.6,22.4,8.6,0.0,0.0,0.0,9.6
2486984,20,981216,CLASS BASQUET SANT ANTONI,HOME,1878691,I. Ruiz Gonzalez,I. Ruiz Gonzalez,0,7.0,420.0,2.0,0.0,0.0,0.0,0.0,0.0,0.0,2.0,2.0,1.0,3.0,4.0,2.0,0.0,0.0,0.0,0.0,1.0,1.0,8.0,9.0,113.6,0.0,0.0,0.0,0.0,0.0,2.0,20.4,39.0,31.7,34.5,0.0,0.0,0.0,6.0
2486984,20,981358,CIUDAD MOLINA BASKET,AWAY,2816300,A. Duval,A. Duval,1,22.5,1352.0,9.0,1.0,3.0,2.0,5.0,3.0,8.0,1.0,4.0,0.0,1.0,1.0,0.0,1.0,1.0,0.0,0.0,4.0,2.0,0.0,-18.0,46.1,50.0,62.5,50.0,0.7,1.2,2.0,0.0,6.3,2.5,0.0,2.3,0.0,9.3,23.9
2486984,20,981358,CIUDAD MOLINA BASKET,AWAY,1532799,R. Timoner Gimenez,R. Timoner Gimenez,0,22.1,1326.0,7.0,2.0,4.0,1.0,3.0,3.0,7.0,0.0,1.0,0.0,1.0,1.0,1.0,1.0,0.0,0.0,0.0,3.0,1.0,1.0,-29.0,47.0,50.0,42.9,14.3,1.0,1.0,1.0,0.0,6.5,2.5,8.3,0.0,0.0,11.8,19.1
2486984,20,981358,CIUDAD MOLINA BASKET,AWAY,1514342,R. Martínez-Quintanilla Jiménez,R. Martínez-Quintanilla Jiménez,0,18.2,1095.0,10.0,1.0,2.0,2.0,5.0,3.0,7.0,2.0,2.0,2.0,3.0,5.0,1.0,1.0,1.0,0.0,0.0,1.0,3.0,14.0,-5.0,63.5,57.1,71.4,28.6,1.0,1.2,0.7,10.0,23.5,15.3,10.5,2.9,0.0,11.3,24.3
2486984,20,981358,CIUDAD MOLINA BASKET,AWAY,2864918,H. Kabasele Kasonga,H. Kabasele Kasonga,1,15.1,903.0,9.0,4.0,7.0,0.0,0.0,4.0,7.0,1.0,3.0,1.0,5.0,6.0,0.0,1.0,0.0,1.0,1.0,2.0,2.0,10.0,-9.0,54.1,57.1,0.0,42.9,1.1,0.0,1.5,6.0,47.3,22.1,0.0,0.0,8.3,10.7,30.8
2486984,20,981358,CIUDAD MOLINA BASKET,AWAY,2414699,T. Boundi,T. Boundi,0,4.5,268.0,3.0,0.0,0.0,1.0,1.0,1.0,1.0,0.0,0.0,0.0,0.0,0.0,0.0,0.0,0.0,0.0,0.0,1.0,0.0,2.0,-3.0,150.0,150.0,100.0,0.0,0.0,3.0,0.0,0.0,0.0,0.0,0.0,0.0,0.0,0.0,11.1
2486984,20,981358,CIUDAD MOLINA BASKET,AWAY,2816662,G. Miladinovic,G. Miladinovic,0,23.5,1409.0,9.0,4.0,9.0,0.0,1.0,4.0,10.0,1.0,1.0,2.0,5.0,7.0,2.0,0.0,0.0,0.0,1.0,4.0,1.0,9.0,-16.0,43.1,40.0,10.0,10.0,0.9,0.0,1.0,7.7,30.4,16.5,18.2,0.0,0.0,0.0,22.2
2486984,20,981358,CIUDAD MOLINA BASKET,AWAY,2557720,M. Garcia Rosello,M. Garcia Rosello,0,13.0,778.0,0.0,0.0,0.0,0.0,3.0,0.0,3.0,0.0,0.0,0.0,0.0,0.0,0.0,0.0,0.0,0.0,0.0,2.0,0.0,-5.0,-23.0,0.0,0.0,100.0,0.0,0.0,0.0,0.0,0.0,0.0,0.0,0.0,0.0,0.0,0.0,11.5
2486984,20,981358,CIUDAD MOLINA BASKET,AWAY,1994360,U. Zamora Maña,U. Zamora Maña,1,17.9,1075.0,3.0,1.0,2.0,0.0,1.0,1.0,3.0,1.0,2.0,0.0,1.0,1.0,1.0,0.0,0.0,0.0,0.0,1.0,2.0,3.0,-1.0,38.7,33.3,33.3,66.7,1.0,0.0,1.0,0.0,8.0,3.1,11.1,0.0,0.0,0.0,10.8
2486984,20,981358,CIUDAD MOLINA BASKET,AWAY,2042118,F. Hernandez Martinez,F. Hernandez Martinez,0,21.9,1317.0,7.0,2.0,5.0,1.0,5.0,3.0,10.0,0.0,0.0,1.0,2.0,3.0,1.0,1.0,1.0,0.0,0.0,2.0,2.0,4.0,-16.0,35.0,35.0,50.0,0.0,0.8,0.6,0.0,4.2,13.0,7.6,10.5,2.4,0.0,9.1,25.1
2486984,20,981358,CIUDAD MOLINA BASKET,AWAY,1439463,C. Toledo Zamora,C. Toledo Zamora,1,19.3,1159.0,2.0,1.0,5.0,0.0,0.0,1.0,5.0,0.0,0.0,1.0,0.0,1.0,1.0,0.0,0.0,0.0,0.0,4.0,0.0,-4.0,-23.0,20.0,20.0,0.0,0.0,0.4,0.0,0.0,4.7,0.0,2.9,8.7,0.0,0.0,0.0,12.9
2486984,20,981358,CIUDAD MOLINA BASKET,AWAY,2032122,J. Tavelli,J. Tavelli,1,22.0,1318.0,4.0,2.0,6.0,0.0,2.0,2.0,8.0,0.0,1.0,0.0,2.0,2.0,4.0,0.0,2.0,1.0,0.0,4.0,3.0,5.0,3.0,23.7,25.0,25.0,12.5,0.7,0.0,0.3,0.0,13.0,5.1,30.8,4.8,5.7,0.0,19.1
2486985,20,981281,LOBE HUESCA LA MAGIA,HOME,2151562,O. Thiam Pedrera,O. Thiam Pedrera,1,17.7,1061.0,6.0,3.0,7.0,0.0,3.0,3.0,10.0,0.0,0.0,2.0,3.0,5.0,0.0,2.0,0.0,0.0,0.0,4.0,1.0,-1.0,1.0,30.0,30.0,30.0,0.0,0.9,0.0,0.0,11.3,18.8,14.9,0.0,0.0,0.0,16.7,27.9
2486985,20,981281,LOBE HUESCA LA MAGIA,HOME,2273469,O. Bieshaar,O. Bieshaar,1,16.4,987.0,4.0,2.0,5.0,0.0,0.0,2.0,5.0,0.0,0.0,1.0,0.0,1.0,1.0,2.0,1.0,3.0,0.0,3.0,1.0,3.0,0.0,40.0,40.0,0.0,0.0,0.8,0.0,0.0,6.1,0.0,3.2,10.0,3.0,17.4,28.6,17.6
2486985,20,981281,LOBE HUESCA LA MAGIA,HOME,1756469,H. Figueroa Álvarez,H. Figueroa Álvarez,1,23.3,1400.0,9.0,2.0,3.0,1.0,7.0,3.0,10.0,2.0,2.0,1.0,1.0,2.0,3.0,2.0,0.0,0.0,1.0,3.0,4.0,6.0,-11.0,41.4,35.0,70.0,20.0,1.3,0.4,0.5,4.3,4.8,4.5,20.0,0.0,0.0,15.5,22.8
2486985,20,981281,LOBE HUESCA LA MAGIA,HOME,2815292,A. Smith,A. Smith,0,19.7,1181.0,10.0,2.0,6.0,1.0,1.0,3.0,7.0,3.0,5.0,1.0,1.0,2.0,1.0,2.0,2.0,0.0,0.0,1.0,5.0,11.0,7.0,54.3,50.0,14.3,71.4,0.7,3.0,1.0,5.1,5.6,5.3,8.3,5.0,0.0,17.9,23.4
2486985,20,981281,LOBE HUESCA LA MAGIA,HOME,2823388,J. Fritz,J. Fritz,0,24.2,1451.0,10.0,5.0,11.0,0.0,1.0,5.0,12.0,0.0,1.0,1.0,5.0,6.0,3.0,1.0,0.0,1.0,0.0,5.0,1.0,7.0,9.0,40.2,41.7,8.3,8.3,0.9,0.0,1.0,4.1,23.0,13.0,23.1,0.0,3.9,7.4,22.9
2486985,20,981281,LOBE HUESCA LA MAGIA,HOME,2815543,A. Badmus,A. Badmus,0,20.8,1245.0,6.0,3.0,5.0,0.0,0.0,3.0,5.0,0.0,1.0,2.0,3.0,5.0,2.0,0.0,0.0,0.0,0.0,2.0,4.0,12.0,1.0,55.1,60.0,0.0,20.0,1.2,0.0,0.2,9.6,16.0,12.7,16.7,0.0,0.0,0.0,10.8
2486985,20,981281,LOBE HUESCA LA MAGIA,HOME,2559072,P. Suárez Custodio,P. Suárez Custodio,0,11.7,701.0,4.0,0.0,2.0,1.0,3.0,1.0,5.0,1.0,2.0,1.0,1.0,2.0,1.0,2.0,2.0,0.0,0.0,2.0,1.0,1.0,9.0,34.0,30.0,60.0,40.0,0.0,1.0,2.0,8.5,9.5,9.0,12.5,8.4,0.0,25.4,27.8
2486985,20,981281,LOBE HUESCA LA MAGIA,HOME,1761508,P. Lopez-Sanvicente Reta,P. Lopez-Sanvicente Reta,0,23.8,1425.0,11.0,4.0,7.0,0.0,1.0,4.0,8.0,3.0,3.0,1.0,3.0,4.0,1.0,1.0,1.0,0.0,0.0,1.0,1.0,12.0,1.0,59.0,50.0,12.5,37.5,1.1,0.0,3.0,4.2,14.0,8.8,7.1,2.1,0.0,9.7,17.9
2486985,20,981281,LOBE HUESCA LA MAGIA,HOME,2116811,G. Rodriguez Soler,G. Rodriguez Soler,1,20.3,1219.0,8.0,2.0,2.0,1.0,4.0,3.0,6.0,1.0,2.0,2.0,4.0,6.0,2.0,1.0,0.0,0.0,0.0,3.0,2.0,10.0,-3.0,58.1,58.3,66.7,33.3,2.0,0.8,1.0,9.9,21.9,15.6,16.7,0.0,0.0,12.7,16.0
2486985,20,981281,LOBE HUESCA LA MAGIA,HOME,2054954,G. Vazquez Vallejo,G. Vazquez Vallejo,1,22.2,1330.0,9.0,0.0,2.0,3.0,4.0,3.0,6.0,0.0,0.0,2.0,10.0,12.0,3.0,3.0,3.0,0.0,1.0,5.0,0.0,16.0,6.0,75.0,75.0,66.7,0.0,0.0,2.2,0.0,9.0,50.1,28.4,20.0,6.6,0.0,33.3,16.7
2486985,20,981347,PROINBENI UPB GANDIA,AWAY,1824880,G. Perez Ramirez,G. Perez Ramirez,1,26.8,1610.0,4.0,0.0,1.0,0.0,3.0,0.0,4.0,4.0,4.0,0.0,9.0,9.0,2.0,1.0,0.0,0.0,0.0,0.0,1.0,11.0,2.0,34.7,0.0,75.0,100.0,0.0,0.0,4.0,0.0,33.6,17.7,11.4,0.0,0.0,14.8,11.7
2486985,20,981347,PROINBENI UPB GANDIA,AWAY,1837816,C. Hurtado Cervantes,C. Hurtado Cervantes,0,19.5,1171.0,10.0,1.0,2.0,1.0,3.0,2.0,5.0,5.0,7.0,0.0,0.0,0.0,1.0,2.0,1.0,0.0,0.0,3.0,8.0,10.0,-2.0,61.9,50.0,60.0,140.0,1.0,1.0,0.9,0.0,0.0,0.0,9.5,2.5,0.0,19.8,23.9
2486985,20,981347,PROINBENI UPB GANDIA,AWAY,2736564,K. Greeley,K. Greeley,1,34.2,2052.0,21.0,6.0,14.0,1.0,4.0,7.0,18.0,6.0,6.0,0.0,4.0,4.0,3.0,1.0,0.0,1.0,2.0,0.0,6.0,23.0,-6.0,50.9,41.7,22.2,33.3,0.9,0.8,1.0,0.0,11.7,6.2,19.4,0.0,2.3,4.6,29.2
2486985,20,981347,PROINBENI UPB GANDIA,AWAY,2378347,J. Molina Martinez,J. Molina Martinez,0,29.1,1743.0,9.0,4.0,5.0,0.0,4.0,4.0,9.0,1.0,2.0,0.0,5.0,5.0,1.0,2.0,1.0,1.0,0.0,3.0,4.0,10.0,2.0,45.5,44.4,44.4,22.2,1.6,0.0,0.5,0.0,17.2,9.0,7.4,1.7,2.7,16.8,18.9
2486985,20,981347,PROINBENI UPB GANDIA,AWAY,1673764,L. Ferrando Ortells,L. Ferrando Ortells,1,27.5,1649.0,8.0,2.0,6.0,1.0,3.0,3.0,9.0,1.0,1.0,2.0,3.0,5.0,3.0,3.0,0.0,0.0,0.0,4.0,6.0,9.0,4.0,42.4,38.9,33.3,11.1,0.7,1.0,0.2,8.1,10.9,9.6,20.7,0.0,0.0,24.1,20.9
2486985,20,981347,PROINBENI UPB GANDIA,AWAY,2868534,C. Osaikhwuwuomwan,C. Osaikhwuwuomwan,0,9.0,538.0,2.0,1.0,2.0,0.0,0.0,1.0,2.0,0.0,0.0,0.0,0.0,0.0,0.0,1.0,1.0,0.0,0.0,4.0,0.0,-3.0,-11.0,50.0,50.0,0.0,0.0,1.0,0.0,0.0,0.0,0.0,0.0,0.0,5.4,0.0,33.3,15.4
2486985,20,981347,PROINBENI UPB GANDIA,AWAY,1996333,M. Montilla Diaz,M. Montilla Diaz,1,12.1,726.0,5.0,2.0,2.0,0.0,1.0,2.0,3.0,1.0,2.0,1.0,0.0,1.0,2.0,1.0,1.0,0.0,0.0,1.0,1.0,6.0,-18.0,64.4,66.7,33.3,66.7,2.0,0.0,2.0,9.2,0.0,4.3,36.4,4.0,0.0,20.5,18.6
2486985,20,981347,PROINBENI UPB GANDIA,AWAY,1851026,A. Bellver Valiente,A. Bellver Valiente,0,11.0,660.0,0.0,0.0,0.0,0.0,2.0,0.0,2.0,0.0,0.0,0.0,0.0,0.0,1.0,0.0,0.0,0.0,0.0,3.0,1.0,-3.0,2.0,0.0,0.0,100.0,0.0,0.0,0.0,0.0,0.0,0.0,0.0,13.3,0.0,0.0,0.0,8.4
2486985,20,981347,PROINBENI UPB GANDIA,AWAY,2335802,J. Bitjaa Kody,J. Bitjaa Kody,1,30.9,1851.0,14.0,6.0,10.0,0.0,1.0,6.0,11.0,2.0,2.0,2.0,5.0,7.0,0.0,2.0,0.0,0.0,2.0,4.0,1.0,11.0,7.0,58.9,54.5,9.1,18.2,1.2,0.0,2.0,7.2,16.2,11.9,0.0,0.0,0.0,14.4,20.8
2486986,20,981428,HOMS U.E.MATARÓ,HOME,2162105,F. Garrido Teban,F. Garrido Teban,0,15.0,902.0,0.0,0.0,0.0,0.0,2.0,0.0,2.0,0.0,0.0,2.0,0.0,2.0,1.0,0.0,0.0,0.0,0.0,3.0,0.0,-2.0,8.0,0.0,0.0,100.0,0.0,0.0,0.0,0.0,17.8,0.0,9.2,8.3,0.0,0.0,0.0,6.5
2486986,20,981428,HOMS U.E.MATARÓ,HOME,1914611,J. Boix Colet,J. Boix Colet,0,21.9,1311.0,14.0,5.0,10.0,0.0,7.0,5.0,17.0,4.0,5.0,1.0,3.0,4.0,3.0,4.0,1.0,0.0,2.0,2.0,4.0,7.0,6.0,36.5,29.4,41.2,29.4,1.0,0.0,1.2,6.1,19.6,12.6,30.0,2.6,0.0,17.2,51.3
2486986,20,981428,HOMS U.E.MATARÓ,HOME,2534044,J. Tomaic Tomaic,J. Tomaic Tomaic,0,18.7,1121.0,6.0,0.0,1.0,2.0,5.0,2.0,6.0,0.0,0.0,0.0,3.0,3.0,2.0,0.0,1.0,0.0,0.0,3.0,0.0,5.0,5.0,50.0,50.0,83.3,0.0,0.0,1.2,0.0,0.0,22.9,11.1,15.4,3.1,0.0,0.0,15.5
2486986,20,981428,HOMS U.E.MATARÓ,HOME,1591966,J. Castillo Carrasco,J. Castillo Carrasco,1,18.6,1116.0,6.0,0.0,1.0,1.0,3.0,1.0,4.0,3.0,3.0,0.0,1.0,1.0,1.0,0.0,2.0,0.0,0.0,2.0,1.0,6.0,13.0,56.4,37.5,75.0,75.0,0.0,1.0,3.0,0.0,7.7,3.7,7.1,6.1,0.0,0.0,13.8
2486986,20,981428,HOMS U.E.MATARÓ,HOME,1568569,J. Juanola Madera,J. Juanola Madera,1,26.3,1578.0,14.0,2.0,4.0,2.0,3.0,4.0,7.0,4.0,5.0,1.0,5.0,6.0,5.0,2.0,0.0,0.0,0.0,0.0,5.0,24.0,4.0,76.1,71.4,42.9,71.4,1.0,2.0,1.0,5.1,27.2,15.7,29.4,0.0,0.0,17.9,20.6
2486986,20,981428,HOMS U.E.MATARÓ,HOME,1927150,N. Ferrer Iglesia,N. Ferrer Iglesia,1,17.5,1048.0,9.0,3.0,3.0,1.0,1.0,4.0,4.0,0.0,0.0,0.0,0.0,0.0,2.0,1.0,0.0,1.0,0.0,4.0,0.0,7.0,17.0,112.5,112.5,25.0,0.0,2.0,3.0,0.0,0.0,0.0,0.0,25.0,0.0,6.5,20.0,13.8
2486986,20,981428,HOMS U.E.MATARÓ,HOME,2451498,A. Roker,A. Roker,0,22.0,1319.0,10.0,5.0,5.0,0.0,0.0,5.0,5.0,0.0,2.0,2.0,7.0,9.0,0.0,3.0,2.0,0.0,0.0,2.0,1.0,15.0,11.0,85.0,100.0,0.0,40.0,2.0,0.0,2.0,12.1,45.5,28.2,0.0,5.2,0.0,33.8,19.5
2486986,20,981428,HOMS U.E.MATARÓ,HOME,1073368,A. Ventura Pedreño,A. Ventura Pedreño,0,11.6,695.0,3.0,0.0,1.0,1.0,2.0,1.0,3.0,0.0,0.0,1.0,0.0,1.0,0.0,1.0,0.0,0.0,0.0,0.0,1.0,2.0,-10.0,50.0,50.0,66.7,0.0,0.0,1.5,0.0,11.5,0.0,5.9,0.0,0.0,0.0,25.0,16.7
2486986,20,981428,HOMS U.E.MATARÓ,HOME,1942837,G. Martinez Rivera,G. Martinez Rivera,1,27.8,1666.0,14.0,3.0,5.0,2.0,5.0,5.0,10.0,2.0,2.0,1.0,1.0,2.0,4.0,0.0,2.0,0.0,0.0,2.0,2.0,17.0,17.0,64.3,60.0,50.0,20.0,1.2,1.2,1.0,4.8,5.1,5.0,25.0,4.1,0.0,0.0,18.9
2486986,20,981428,HOMS U.E.MATARÓ,HOME,2813635,E. Kalu,E. Kalu,1,16.1,967.0,6.0,2.0,2.0,0.0,0.0,2.0,2.0,2.0,5.0,2.0,0.0,2.0,0.0,0.0,0.0,1.0,0.0,2.0,3.0,7.0,0.0,71.4,100.0,0.0,250.0,2.0,0.0,1.7,16.6,0.0,8.6,0.0,0.0,7.1,0.0,12.6
2486986,20,981428,HOMS U.E.MATARÓ,HOME,1920919,E. Coll Comabella,E. Coll Comabella,0,4.6,277.0,3.0,0.0,0.0,1.0,2.0,1.0,2.0,0.0,0.0,0.0,0.0,0.0,0.0,0.0,1.0,0.0,0.0,0.0,0.0,3.0,-1.0,75.0,75.0,100.0,0.0,0.0,1.5,0.0,0.0,0.0,0.0,0.0,12.4,0.0,0.0,21.0
2486986,20,981491,C.B. GETAFE,AWAY,1223461,J. Tejera Tejo,J. Tejera Tejo,0,7.7,462.0,2.0,1.0,2.0,0.0,0.0,1.0,2.0,0.0,0.0,0.0,1.0,1.0,0.0,0.0,0.0,0.0,0.0,0.0,0.0,2.0,-6.0,50.0,50.0,0.0,0.0,1.0,0.0,0.0,0.0,17.3,9.0,0.0,0.0,0.0,0.0,13.3
2486986,20,981491,C.B. GETAFE,AWAY,2816388,M. Abdulsalam,M. Abdulsalam,0,24.5,1469.0,13.0,3.0,8.0,0.0,1.0,3.0,9.0,7.0,10.0,5.0,2.0,7.0,1.0,2.0,1.0,1.0,0.0,2.0,6.0,16.0,-7.0,48.5,33.3,11.1,111.1,0.8,0.0,1.7,29.2,10.9,19.7,8.8,2.2,5.1,13.0,32.2
2486986,20,981491,C.B. GETAFE,AWAY,1789964,E. Ortiz Torres,E. Ortiz Torres,0,21.2,1275.0,7.0,2.0,3.0,1.0,2.0,3.0,5.0,0.0,0.0,0.0,1.0,1.0,1.0,1.0,1.0,0.0,0.0,3.0,0.0,4.0,2.0,70.0,70.0,40.0,0.0,1.3,1.5,0.0,0.0,6.3,3.3,11.1,2.6,0.0,16.7,14.5
2486986,20,981491,C.B. GETAFE,AWAY,2815898,C. Henderson,C. Henderson,1,22.4,1342.0,14.0,1.0,3.0,3.0,4.0,4.0,7.0,3.0,3.0,0.0,2.0,2.0,0.0,1.0,1.0,1.0,0.0,4.0,1.0,11.0,-15.0,84.1,78.6,57.1,42.9,0.7,2.2,3.0,0.0,11.9,6.2,0.0,2.5,5.6,10.7,21.3
2486986,20,981491,C.B. GETAFE,AWAY,1328788,M. Alvarez Puertas,M. Alvarez Puertas,0,8.8,531.0,0.0,0.0,1.0,0.0,0.0,0.0,1.0,0.0,0.0,0.0,2.0,2.0,0.0,0.0,0.0,0.0,0.0,0.0,0.0,1.0,5.0,0.0,0.0,0.0,0.0,0.0,0.0,0.0,0.0,30.3,15.7,0.0,0.0,0.0,0.0,5.8
2486986,20,981491,C.B. GETAFE,AWAY,1674978,G. Mulero Maldonado,G. Mulero Maldonado,1,26.8,1608.0,12.0,3.0,6.0,1.0,2.0,4.0,8.0,3.0,4.0,0.0,7.0,7.0,0.0,3.0,1.0,0.0,1.0,1.0,4.0,15.0,-6.0,61.5,56.2,25.0,50.0,1.0,1.5,1.0,0.0,34.8,18.0,0.0,2.1,0.0,23.5,24.4
2486986,20,981491,C.B. GETAFE,AWAY,1582089,J. Parra Baez,J. Parra Baez,1,32.6,1954.0,11.0,3.0,4.0,1.0,9.0,4.0,13.0,2.0,3.0,0.0,2.0,2.0,3.0,1.0,2.0,0.0,0.0,2.0,3.0,8.0,-19.0,38.4,34.6,69.2,23.1,1.5,0.3,1.0,0.0,8.2,4.2,19.7,3.4,0.0,6.5,24.1
2486986,20,981491,C.B. GETAFE,AWAY,1590474,G. Kasanzi Obama,G. Kasanzi Obama,0,21.7,1303.0,9.0,3.0,4.0,1.0,3.0,4.0,7.0,0.0,1.0,1.0,1.0,2.0,2.0,2.0,0.0,0.0,0.0,0.0,4.0,11.0,-1.0,60.5,64.3,42.9,14.3,1.5,1.0,0.2,6.6,6.1,6.4,25.0,0.0,0.0,21.2,22.3
2486986,20,981491,C.B. GETAFE,AWAY,2816389,J. Nve Maleva,J. Nve Maleva,1,15.5,931.0,3.0,1.0,3.0,0.0,0.0,1.0,3.0,1.0,2.0,2.0,2.0,4.0,0.0,1.0,0.0,0.0,1.0,4.0,1.0,0.0,-7.0,38.7,33.3,0.0,66.7,0.7,0.0,2.0,18.4,17.2,17.8,0.0,0.0,0.0,20.5,16.1
2486986,20,981491,C.B. GETAFE,AWAY,1876223,A. Montero Isla,A. Montero Isla,1,18.8,1125.0,0.0,0.0,1.0,0.0,0.0,0.0,1.0,0.0,0.0,0.0,0.0,0.0,2.0,1.0,1.0,0.0,0.0,1.0,1.0,1.0,-16.0,0.0,0.0,0.0,0.0,0.0,0.0,0.0,0.0,0.0,0.0,16.7,2.9,0.0,50.0,5.4
2486987,20,981305,SOL GIRONÈS BISBAL BÀSQUET,HOME,1964254,P. Sala Vallmajo,P. Sala Vallmajo,1,22.6,1358.0,14.0,3.0,3.0,2.0,4.0,5.0,7.0,2.0,2.0,1.0,0.0,1.0,0.0,1.0,1.0,0.0,0.0,3.0,2.0,12.0,8.0,88.8,85.7,57.1,28.6,2.0,1.5,1.0,6.0,0.0,2.8,0.0,2.5,0.0,11.3,20.2
2486987,20,981305,SOL GIRONÈS BISBAL BÀSQUET,HOME,2053988,A. Dominguez Espelt,A. Dominguez Espelt,1,37.4,2243.0,13.0,5.0,7.0,0.0,5.0,5.0,12.0,3.0,6.0,1.0,1.0,2.0,5.0,1.0,1.0,0.0,0.0,2.0,7.0,15.0,2.0,44.4,41.7,41.7,50.0,1.4,0.0,0.9,3.6,3.3,3.4,25.3,1.5,0.0,6.4,21.5
2486987,20,981305,SOL GIRONÈS BISBAL BÀSQUET,HOME,1227597,I. Valera Corominas,I. Valera Corominas,0,27.1,1628.0,4.0,0.0,1.0,0.0,2.0,0.0,3.0,4.0,4.0,0.0,2.0,2.0,0.0,1.0,3.0,0.0,1.0,4.0,2.0,3.0,-13.0,42.0,0.0,66.7,133.3,0.0,0.0,2.0,0.0,9.0,4.7,0.0,6.3,0.0,17.4,10.9
2486987,20,981305,SOL GIRONÈS BISBAL BÀSQUET,HOME,1829525,M. Mikhailov Paltarak,M. Mikhailov Paltarak,1,42.2,2531.0,21.0,8.0,14.0,0.0,0.0,8.0,14.0,5.0,7.0,4.0,8.0,12.0,0.0,3.0,2.0,2.0,1.0,2.0,7.0,31.0,0.0,61.5,57.1,0.0,50.0,1.1,0.0,1.0,12.9,23.1,18.3,0.0,2.7,8.5,14.9,24.5
2486987,20,981305,SOL GIRONÈS BISBAL BÀSQUET,HOME,2233052,D. Efambe,D. Efambe,0,2.8,169.0,0.0,0.0,1.0,0.0,0.0,0.0,1.0,0.0,0.0,1.0,0.0,1.0,0.0,0.0,0.0,0.0,0.0,0.0,0.0,0.0,-2.0,0.0,0.0,0.0,0.0,0.0,0.0,0.0,48.7,0.0,23.0,0.0,0.0,0.0,0.0,18.4
2486987,20,981305,SOL GIRONÈS BISBAL BÀSQUET,HOME,2322727,A. Vila I Gómez,A. Vila I Gómez,0,9.3,559.0,2.0,1.0,2.0,0.0,1.0,1.0,3.0,0.0,0.0,3.0,0.0,3.0,1.0,0.0,2.0,0.0,0.0,2.0,0.0,4.0,0.0,33.3,33.3,33.3,0.0,1.0,0.0,0.0,44.0,0.0,20.7,19.2,12.2,0.0,0.0,16.6
2486987,20,981305,SOL GIRONÈS BISBAL BÀSQUET,HOME,1400270,B. Alvarez Torres,B. Alvarez Torres,1,42.0,2518.0,17.0,4.0,10.0,3.0,8.0,7.0,18.0,0.0,0.0,0.0,6.0,6.0,6.0,2.0,1.0,0.0,1.0,3.0,3.0,17.0,-6.0,47.2,47.2,44.4,0.0,0.8,1.1,0.0,0.0,17.4,9.2,28.7,1.3,0.0,10.0,24.5
2486987,20,981305,SOL GIRONÈS BISBAL BÀSQUET,HOME,2815176,S. Kane,S. Kane,0,8.8,527.0,0.0,0.0,1.0,0.0,0.0,0.0,1.0,0.0,0.0,1.0,1.0,2.0,0.0,1.0,0.0,0.0,0.0,1.0,0.0,-1.0,5.0,0.0,0.0,0.0,0.0,0.0,0.0,0.0,15.5,13.8,14.6,0.0,0.0,0.0,50.0,11.7
2486987,20,981305,SOL GIRONÈS BISBAL BÀSQUET,HOME,2822552,C. Larousse,C. Larousse,1,32.8,1967.0,10.0,5.0,8.0,0.0,1.0,5.0,9.0,0.0,0.0,2.0,1.0,3.0,0.0,2.0,1.0,1.0,0.0,2.0,1.0,8.0,-4.0,55.6,55.6,11.1,0.0,1.2,0.0,0.0,8.3,3.7,5.9,0.0,1.7,5.5,18.2,17.3
2486987,20,979996,AMICS CASTELLÓ,AWAY,2149001,R. Fabrega Urpina,R. Fabrega Urpina,1,33.3,1996.0,12.0,2.0,3.0,2.0,4.0,4.0,7.0,2.0,2.0,4.0,3.0,7.0,9.0,0.0,3.0,0.0,0.0,2.0,3.0,29.0,10.0,76.1,71.4,57.1,28.6,1.3,1.5,0.7,14.6,12.3,13.5,57.7,5.5,0.0,0.0,10.9
2486987,20,979996,AMICS CASTELLÓ,AWAY,273780,J. Faner Catala,J. Faner Catala,0,9.3,561.0,3.0,0.0,1.0,1.0,2.0,1.0,3.0,0.0,0.0,1.0,0.0,1.0,0.0,5.0,0.0,0.0,0.0,2.0,1.0,-4.0,-9.0,50.0,50.0,66.7,0.0,0.0,1.5,0.0,13.1,0.0,6.9,0.0,0.0,0.0,62.5,39.7
2486987,20,979996,AMICS CASTELLÓ,AWAY,2818901,O. Russell,O. Russell,1,23.0,1382.0,5.0,1.0,3.0,1.0,9.0,2.0,12.0,0.0,0.0,1.0,1.0,2.0,4.0,1.0,1.0,0.0,2.0,3.0,2.0,0.0,3.0,20.8,20.8,75.0,0.0,0.7,0.3,0.0,5.3,5.9,5.6,33.3,2.6,0.0,7.7,26.1
2486987,20,979996,AMICS CASTELLÓ,AWAY,2816147,D. Bah,D. Bah,1,28.5,1711.0,5.0,2.0,3.0,0.0,0.0,2.0,3.0,1.0,1.0,3.0,1.0,4.0,0.0,2.0,0.0,1.0,1.0,2.0,2.0,7.0,4.0,72.7,66.7,0.0,33.3,1.3,0.0,0.5,12.8,4.8,9.0,0.0,0.0,3.4,36.8,8.8
2486987,20,979996,AMICS CASTELLÓ,AWAY,1817496,P. Garcia Carrero,P. Garcia Carrero,0,28.5,1711.0,9.0,3.0,3.0,1.0,4.0,4.0,7.0,0.0,0.0,2.0,4.0,6.0,4.0,1.0,0.0,0.0,0.0,2.0,0.0,13.0,2.0,64.3,64.3,57.1,0.0,2.0,0.8,0.0,8.5,19.1,13.5,31.2,0.0,0.0,12.5,13.0
2486987,20,979996,AMICS CASTELLÓ,AWAY,1535344,I. Rosa Pompido,I. Rosa Pompido,0,11.2,675.0,0.0,0.0,1.0,0.0,0.0,0.0,1.0,0.0,0.0,1.0,3.0,4.0,2.0,2.0,0.0,1.0,0.0,0.0,1.0,5.0,0.0,0.0,0.0,0.0,0.0,0.0,0.0,0.0,10.9,36.5,23.0,35.7,0.0,8.5,66.7,12.4
2486987,20,979996,AMICS CASTELLÓ,AWAY,2816738,K. Newton,K. Newton,0,22.6,1354.0,9.0,0.0,1.0,3.0,14.0,3.0,15.0,0.0,0.0,0.0,0.0,0.0,0.0,0.0,0.0,0.0,0.0,3.0,0.0,-6.0,-1.0,30.0,30.0,93.3,0.0,0.0,0.6,0.0,0.0,0.0,0.0,0.0,0.0,0.0,0.0,30.6
2486987,20,979996,AMICS CASTELLÓ,AWAY,2816661,M. Mukendi Mukendi,M. Mukendi Mukendi,0,8.9,535.0,4.0,0.0,1.0,0.0,0.0,0.0,1.0,4.0,6.0,2.0,2.0,4.0,0.0,1.0,0.0,0.0,0.0,3.0,3.0,4.0,-4.0,54.9,0.0,0.0,600.0,0.0,0.0,2.0,27.3,30.6,28.9,0.0,0.0,0.0,21.6,24.1
2486987,20,979996,AMICS CASTELLÓ,AWAY,2641325,M. Andreatta,M. Andreatta,0,15.0,898.0,9.0,0.0,0.0,3.0,5.0,3.0,5.0,0.0,0.0,1.0,0.0,1.0,0.0,1.0,0.0,1.0,0.0,3.0,0.0,5.0,6.0,90.0,90.0,100.0,0.0,0.0,1.8,0.0,8.1,0.0,4.3,0.0,0.0,6.4,16.7,18.5
2486987,20,979996,AMICS CASTELLÓ,AWAY,2325314,F. Stutz,F. Stutz,1,30.1,1808.0,22.0,6.0,8.0,2.0,4.0,8.0,12.0,4.0,4.0,3.0,4.0,7.0,0.0,2.0,0.0,0.0,0.0,1.0,4.0,26.0,-2.0,79.9,75.0,33.3,33.3,1.5,1.5,1.0,12.1,18.1,15.0,0.0,0.0,0.0,12.7,24.2
2486987,20,979996,AMICS CASTELLÓ,AWAY,1627889,A. Tamayo Lesmes,A. Tamayo Lesmes,1,14.5,869.0,5.0,0.0,1.0,1.0,7.0,1.0,8.0,2.0,4.0,0.0,2.0,2.0,1.0,1.0,1.0,0.0,0.0,1.0,3.0,1.0,1.0,25.6,18.8,87.5,50.0,0.0,0.4,1.3,0.0,18.8,8.9,13.5,4.2,0.0,9.3,34.3
2486988,20,981207,OCA GLOBAL C.B. SALOU,HOME,2451495,D. Knowles,D. Knowles,0,24.4,1462.0,10.0,5.0,8.0,0.0,0.0,5.0,8.0,0.0,1.0,6.0,6.0,12.0,1.0,2.0,0.0,0.0,0.0,2.0,2.0,17.0,4.0,59.2,62.5,0.0,12.5,1.2,0.0,0.5,20.5,34.6,25.7,8.7,0.0,0.0,19.2,16.6
2486988,20,981207,OCA GLOBAL C.B. SALOU,HOME,2218994,K. Mendes Kovacs,K. Mendes Kovacs,1,11.4,683.0,8.0,1.0,4.0,2.0,5.0,3.0,9.0,0.0,0.0,3.0,0.0,3.0,3.0,2.0,2.0,0.0,0.0,3.0,0.0,5.0,2.0,44.4,44.4,55.6,0.0,0.5,1.2,0.0,21.9,0.0,13.8,43.5,8.5,0.0,18.2,37.5
2486988,20,981207,OCA GLOBAL C.B. SALOU,HOME,2715040,B. Traore,B. Traore,1,27.4,1642.0,21.0,2.0,4.0,2.0,5.0,4.0,9.0,11.0,15.0,3.0,4.0,7.0,0.0,2.0,3.0,0.0,1.0,2.0,9.0,27.0,4.0,67.3,55.6,55.6,166.7,1.0,1.2,1.7,9.1,20.5,13.4,0.0,5.3,0.0,11.4,25.0
2486988,20,981207,OCA GLOBAL C.B. SALOU,HOME,1271466,D. Cuellar Garcia,D. Cuellar Garcia,0,27.2,1630.0,4.0,2.0,2.0,0.0,7.0,2.0,9.0,0.0,0.0,1.0,2.0,3.0,0.0,0.0,1.0,0.0,0.0,3.0,2.0,0.0,-1.0,22.2,22.2,77.8,0.0,2.0,0.0,0.0,3.1,10.3,5.8,0.0,1.8,0.0,0.0,12.9
2486988,20,981207,OCA GLOBAL C.B. SALOU,HOME,2242531,E. Moure Colombo,E. Moure Colombo,0,6.5,387.0,0.0,0.0,0.0,0.0,1.0,0.0,1.0,0.0,0.0,2.0,0.0,2.0,1.0,0.0,0.0,0.0,1.0,3.0,0.0,-1.0,0.0,0.0,0.0,100.0,0.0,0.0,0.0,0.0,25.6,0.0,16.1,30.3,0.0,0.0,0.0,6.0
2486988,20,981207,OCA GLOBAL C.B. SALOU,HOME,2814887,P. Renane,P. Renane,0,6.3,378.0,3.0,0.0,1.0,1.0,2.0,1.0,3.0,0.0,0.0,0.0,0.0,0.0,1.0,0.0,0.0,0.0,0.0,2.0,1.0,1.0,-9.0,50.0,50.0,66.7,0.0,0.0,1.5,0.0,0.0,0.0,0.0,43.5,0.0,0.0,0.0,18.5
2486988,20,981207,OCA GLOBAL C.B. SALOU,HOME,1938487,A. Llorca Castillo,A. Llorca Castillo,0,27.7,1660.0,16.0,5.0,10.0,1.0,6.0,6.0,16.0,3.0,3.0,1.0,4.0,5.0,5.0,2.0,1.0,0.0,0.0,4.0,3.0,14.0,14.0,46.2,40.6,37.5,18.8,1.0,0.5,1.0,3.0,20.3,9.4,36.2,1.7,0.0,10.4,27.1
2486988,20,981207,OCA GLOBAL C.B. SALOU,HOME,2827753,O. Okenchi,O. Okenchi,1,5.9,354.0,1.0,0.0,1.0,0.0,0.0,0.0,1.0,1.0,2.0,1.0,1.0,2.0,0.0,0.0,0.0,0.0,0.0,1.0,1.0,1.0,-1.0,26.6,0.0,0.0,200.0,0.0,0.0,2.0,14.1,23.8,17.7,0.0,0.0,0.0,0.0,12.4
2486988,20,981207,OCA GLOBAL C.B. SALOU,HOME,2284777,C. Knowles,C. Knowles,1,35.1,2107.0,17.0,3.0,10.0,3.0,9.0,6.0,19.0,2.0,2.0,1.0,3.0,4.0,4.0,3.0,2.0,0.0,3.0,1.0,2.0,12.0,14.0,42.8,39.5,47.4,10.5,0.6,1.0,1.0,2.4,12.0,6.0,19.6,2.8,0.0,13.1,25.3
2486988,20,981207,OCA GLOBAL C.B. SALOU,HOME,1610350,E. Martinez Pretel,E. Martinez Pretel,1,38.5,2313.0,14.0,3.0,6.0,1.0,7.0,4.0,13.0,5.0,6.0,5.0,1.0,6.0,4.0,0.0,2.0,0.0,0.0,3.0,4.0,17.0,8.0,44.8,34.6,53.8,46.2,1.0,0.4,1.5,10.8,3.7,8.2,15.6,2.5,0.0,0.0,15.8
2486988,20,981207,OCA GLOBAL C.B. SALOU,HOME,2274746,P. Salo Blaya,P. Salo Blaya,0,14.7,884.0,4.0,2.0,2.0,0.0,0.0,2.0,2.0,0.0,0.0,1.0,0.0,1.0,0.0,2.0,2.0,0.0,0.0,4.0,1.0,2.0,5.0,100.0,100.0,0.0,0.0,2.0,0.0,0.0,5.7,0.0,3.6,0.0,6.6,0.0,50.0,10.6
2486988,20,981294,C.B. ZARAGOZA,AWAY,1802050,D. Muñoz Samatan,D. Muñoz Samatan,0,14.1,844.0,9.0,3.0,5.0,0.0,1.0,3.0,6.0,3.0,5.0,3.0,0.0,3.0,0.0,0.0,1.0,0.0,0.0,2.0,4.0,10.0,-3.0,54.9,50.0,16.7,83.3,1.2,0.0,1.2,29.9,0.0,11.1,0.0,3.5,0.0,0.0,25.1
2486988,20,981294,C.B. ZARAGOZA,AWAY,1798932,D. Arjol Lopez,D. Arjol Lopez,1,35.8,2149.0,1.0,0.0,2.0,0.0,2.0,0.0,4.0,1.0,2.0,1.0,6.0,7.0,10.0,4.0,1.0,0.0,0.0,3.0,3.0,10.0,-11.0,10.2,0.0,50.0,50.0,0.0,0.0,0.7,3.9,14.0,10.2,40.3,1.4,0.0,45.0,10.7
2486988,20,981294,C.B. ZARAGOZA,AWAY,361567,E. Gatell Sanz,E. Gatell Sanz,1,32.3,1936.0,13.0,5.0,5.0,0.0,0.0,5.0,5.0,3.0,5.0,0.0,9.0,9.0,0.0,3.0,1.0,3.0,0.0,3.0,3.0,21.0,-11.0,90.3,100.0,0.0,100.0,2.0,0.0,1.7,0.0,23.2,14.6,0.0,1.5,8.7,29.4,13.6
2486988,20,981294,C.B. ZARAGOZA,AWAY,1861515,P. Aso Jimenez,P. Aso Jimenez,1,15.6,936.0,3.0,0.0,0.0,1.0,2.0,1.0,2.0,0.0,0.0,0.0,4.0,4.0,2.0,0.0,0.0,0.0,0.0,3.0,0.0,5.0,5.0,75.0,75.0,100.0,0.0,0.0,1.5,0.0,0.0,21.4,13.4,24.1,0.0,0.0,0.0,5.5
2486988,20,981294,C.B. ZARAGOZA,AWAY,1446949,J. Jiménez Jiménez,J. Jiménez Jiménez,0,31.1,1863.0,14.0,2.0,4.0,2.0,7.0,4.0,11.0,4.0,4.0,1.0,2.0,3.0,3.0,5.0,0.0,0.0,0.0,3.0,6.0,11.0,-6.0,54.9,45.5,63.6,36.4,1.0,0.9,0.7,4.5,5.4,5.0,16.9,0.0,0.0,28.2,24.7
2486988,20,981294,C.B. ZARAGOZA,AWAY,2704882,Y. Kolo,Y. Kolo,0,18.1,1086.0,6.0,3.0,3.0,0.0,0.0,3.0,3.0,0.0,4.0,2.0,4.0,6.0,2.0,3.0,1.0,1.0,0.0,4.0,3.0,8.0,5.0,63.0,100.0,0.0,133.3,2.0,0.0,1.3,15.5,18.4,17.3,21.3,2.7,5.2,38.7,18.5
2486988,20,981294,C.B. ZARAGOZA,AWAY,2815312,J. Zhao Olmos,J. Zhao Olmos,1,36.4,2182.0,30.0,6.0,8.0,4.0,7.0,10.0,15.0,6.0,7.0,0.0,2.0,2.0,2.0,5.0,1.0,0.0,0.0,3.0,4.0,25.0,-9.0,83.0,80.0,46.7,46.7,1.5,1.7,1.8,0.0,4.6,2.9,13.5,1.3,0.0,21.7,27.4
2486988,20,981294,C.B. ZARAGOZA,AWAY,1556128,G. Colom Barrufet,G. Colom Barrufet,0,14.8,890.0,5.0,0.0,0.0,1.0,4.0,1.0,4.0,2.0,2.0,0.0,2.0,2.0,3.0,2.0,0.0,1.0,0.0,1.0,1.0,6.0,0.0,51.2,37.5,100.0,50.0,0.0,0.8,2.0,0.0,11.3,7.1,36.1,0.0,6.3,29.1,20.1
2486988,20,981294,C.B. ZARAGOZA,AWAY,1910411,A. Aragones Navais,A. Aragones Navais,1,26.9,1614.0,9.0,4.0,12.0,0.0,4.0,4.0,16.0,1.0,1.0,4.0,1.0,5.0,1.0,3.0,2.0,0.0,0.0,4.0,3.0,1.0,-10.0,27.4,25.0,25.0,6.2,0.7,0.0,0.3,20.9,3.1,9.7,6.8,3.6,0.0,15.4,31.2
2486989,21,981514,SPANISH BASKETBALL ACADEMY,HOME,2436640,J. Puidet,J. Puidet,1,33.5,2008.0,9.0,1.0,1.0,1.0,2.0,2.0,3.0,4.0,4.0,0.0,4.0,4.0,3.0,0.0,1.0,0.0,0.0,3.0,3.0,16.0,13.0,94.5,83.3,66.7,133.3,2.0,1.5,1.3,0.0,13.6,7.6,14.2,1.6,0.0,0.0,6.7
2486989,21,981514,SPANISH BASKETBALL ACADEMY,HOME,2312124,S. Traore,S. Traore,0,18.6,1116.0,8.0,3.0,3.0,0.0,0.0,3.0,3.0,2.0,2.0,0.0,3.0,3.0,0.0,2.0,0.0,0.0,0.0,4.0,2.0,7.0,0.0,103.1,100.0,0.0,66.7,2.0,0.0,1.0,0.0,18.4,10.2,0.0,0.0,0.0,34.0,14.8
2486989,21,981514,SPANISH BASKETBALL ACADEMY,HOME,1990032,M. Echeverria Fernandez,M. Echeverria Fernandez,0,18.0,1078.0,2.0,1.0,1.0,0.0,1.0,1.0,2.0,0.0,0.0,1.0,0.0,1.0,2.0,0.0,1.0,0.0,0.0,1.0,1.0,5.0,6.0,50.0,50.0,50.0,0.0,2.0,0.0,0.0,7.9,0.0,3.5,14.8,3.0,0.0,0.0,5.2
2486989,21,981514,SPANISH BASKETBALL ACADEMY,HOME,2846994,K. Curfman,K. Curfman,0,23.1,1384.0,13.0,0.0,0.0,4.0,7.0,4.0,7.0,1.0,1.0,1.0,2.0,3.0,2.0,2.0,1.0,0.0,0.0,1.0,2.0,15.0,-2.0,87.4,85.7,100.0,14.3,0.0,1.7,0.5,6.2,9.9,8.2,14.9,2.4,0.0,21.2,19.1
2486989,21,981514,SPANISH BASKETBALL ACADEMY,HOME,2065452,J. Santano Bartolome,J. Santano Bartolome,1,18.6,1115.0,9.0,3.0,5.0,0.0,0.0,3.0,5.0,3.0,3.0,3.0,2.0,5.0,3.0,3.0,0.0,0.0,0.0,0.0,2.0,14.0,-5.0,71.2,60.0,0.0,60.0,1.2,0.0,1.5,23.0,12.3,17.1,26.1,0.0,0.0,32.2,23.5
2486989,21,981514,SPANISH BASKETBALL ACADEMY,HOME,1374966,A. Moreno Trujillo,A. Moreno Trujillo,0,12.0,722.0,2.0,1.0,5.0,0.0,2.0,1.0,7.0,0.0,0.0,0.0,3.0,3.0,1.0,2.0,1.0,1.0,0.0,3.0,1.0,-2.0,-1.0,14.3,14.3,28.6,0.0,0.4,0.0,0.0,0.0,28.6,15.9,13.0,4.6,7.8,22.2,35.1
2486989,21,981514,SPANISH BASKETBALL ACADEMY,HOME,2816737,D. Simeunovic,D. Simeunovic,1,33.5,2010.0,23.0,5.0,12.0,3.0,6.0,8.0,18.0,4.0,8.0,2.0,4.0,6.0,2.0,2.0,0.0,0.0,0.0,4.0,8.0,19.0,0.0,53.4,52.8,33.3,44.4,0.8,1.5,1.0,8.5,13.6,11.4,13.2,0.0,0.0,8.5,32.9
2486989,21,981514,SPANISH BASKETBALL ACADEMY,HOME,2752020,E. Medina Roa,E. Medina Roa,1,13.8,829.0,6.0,2.0,3.0,0.0,0.0,2.0,3.0,2.0,2.0,1.0,3.0,4.0,0.0,1.0,0.0,0.0,0.0,4.0,2.0,6.0,2.0,77.3,66.7,0.0,66.7,1.3,0.0,1.0,10.4,24.8,18.4,0.0,0.0,0.0,20.5,16.6
2486989,21,981514,SPANISH BASKETBALL ACADEMY,HOME,1825944,R. Garcia Salame,R. Garcia Salame,1,29.0,1738.0,16.0,3.0,8.0,2.0,3.0,5.0,11.0,4.0,6.0,0.0,4.0,4.0,9.0,3.0,1.0,0.0,1.0,3.0,4.0,20.0,2.0,58.7,54.5,27.3,54.5,0.8,2.0,1.5,0.0,15.8,8.8,58.8,1.9,0.0,18.0,26.9
2486989,21,981207,OCA GLOBAL C.B. SALOU,AWAY,2451495,D. Knowles,D. Knowles,0,18.6,1115.0,11.0,4.0,6.0,0.0,0.0,4.0,6.0,3.0,6.0,1.0,1.0,2.0,1.0,0.0,0.0,0.0,0.0,3.0,3.0,9.0,-4.0,63.7,66.7,0.0,100.0,1.3,0.0,2.0,6.1,7.7,6.8,9.5,0.0,0.0,0.0,22.4
2486989,21,981207,OCA GLOBAL C.B. SALOU,AWAY,2218994,K. Mendes Kovacs,K. Mendes Kovacs,1,12.5,751.0,0.0,0.0,0.0,0.0,1.0,0.0,1.0,0.0,0.0,1.0,2.0,3.0,2.0,1.0,0.0,0.0,0.0,3.0,1.0,1.0,10.0,0.0,0.0,100.0,0.0,0.0,0.0,0.0,9.1,22.9,15.2,23.0,0.0,0.0,50.0,7.7
2486989,21,981207,OCA GLOBAL C.B. SALOU,AWAY,2715040,B. Traore,B. Traore,1,26.8,1605.0,17.0,4.0,7.0,1.0,2.0,5.0,9.0,6.0,7.0,2.0,5.0,7.0,2.0,1.0,1.0,0.0,0.0,4.0,6.0,23.0,4.0,70.4,61.1,22.2,77.8,1.1,1.5,1.2,8.5,26.7,16.6,13.1,1.9,0.0,7.6,23.5
2486989,21,981207,OCA GLOBAL C.B. SALOU,AWAY,1271466,D. Cuellar Garcia,D. Cuellar Garcia,0,16.5,991.0,2.0,1.0,2.0,0.0,1.0,1.0,3.0,0.0,0.0,0.0,2.0,2.0,2.0,1.0,0.0,0.0,0.0,1.0,0.0,2.0,-10.0,33.3,33.3,33.3,0.0,1.0,0.0,0.0,0.0,17.3,7.7,18.9,0.0,0.0,25.0,11.7
2486989,21,981207,OCA GLOBAL C.B. SALOU,AWAY,2242531,E. Moure Colombo,E. Moure Colombo,0,10.2,613.0,0.0,0.0,3.0,0.0,0.0,0.0,3.0,0.0,0.0,0.0,0.0,0.0,3.0,1.0,0.0,0.0,1.0,3.0,0.0,-4.0,3.0,0.0,0.0,0.0,0.0,0.0,0.0,0.0,0.0,0.0,0.0,34.5,0.0,0.0,25.0,18.9
2486989,21,981207,OCA GLOBAL C.B. SALOU,AWAY,2814887,P. Renane,P. Renane,0,13.1,788.0,8.0,1.0,3.0,2.0,4.0,3.0,7.0,0.0,0.0,2.0,2.0,4.0,1.0,1.0,0.0,0.0,0.0,3.0,0.0,5.0,-9.0,57.1,57.1,57.1,0.0,0.7,1.5,0.0,17.4,21.8,19.4,17.5,0.0,0.0,12.5,29.4
2486989,21,981207,OCA GLOBAL C.B. SALOU,AWAY,1938487,A. Llorca Castillo,A. Llorca Castillo,0,21.9,1317.0,10.0,1.0,4.0,1.0,2.0,2.0,6.0,5.0,6.0,0.0,3.0,3.0,3.0,0.0,0.0,0.0,0.0,3.0,5.0,13.0,-8.0,57.9,41.7,33.3,100.0,0.5,1.5,1.2,0.0,19.6,8.7,24.0,0.0,0.0,0.0,19.0
2486989,21,981207,OCA GLOBAL C.B. SALOU,AWAY,2827753,O. Okenchi,O. Okenchi,1,2.6,154.0,0.0,0.0,1.0,0.0,0.0,0.0,1.0,0.0,0.0,0.0,0.0,0.0,0.0,0.0,0.0,0.0,0.0,0.0,0.0,-1.0,-5.0,0.0,0.0,0.0,0.0,0.0,0.0,0.0,0.0,0.0,0.0,0.0,0.0,0.0,0.0,18.5
2486989,21,981207,OCA GLOBAL C.B. SALOU,AWAY,2284777,C. Knowles,C. Knowles,1,29.4,1761.0,15.0,3.0,5.0,3.0,10.0,6.0,15.0,0.0,0.0,1.0,2.0,3.0,4.0,1.0,5.0,0.0,0.0,3.0,2.0,16.0,2.0,50.0,50.0,66.7,0.0,1.2,0.9,0.0,3.9,9.7,6.5,28.0,8.8,0.0,6.2,26.2
2486989,21,981207,OCA GLOBAL C.B. SALOU,AWAY,1610350,E. Martinez Pretel,E. Martinez Pretel,1,29.8,1787.0,8.0,0.0,4.0,2.0,4.0,2.0,8.0,2.0,2.0,3.0,3.0,6.0,4.0,0.0,1.0,0.0,0.0,2.0,4.0,15.0,-6.0,45.0,37.5,50.0,25.0,0.0,1.5,0.5,11.5,14.4,12.8,21.9,1.7,0.0,0.0,14.3
2486989,21,981207,OCA GLOBAL C.B. SALOU,AWAY,2274746,P. Salo Blaya,P. Salo Blaya,0,18.6,1118.0,14.0,6.0,8.0,0.0,0.0,6.0,8.0,2.0,2.0,0.0,0.0,0.0,1.0,0.0,2.0,1.0,0.0,0.0,2.0,18.0,8.0,78.8,75.0,0.0,25.0,1.5,0.0,1.0,0.0,0.0,0.0,11.8,5.6,5.7,0.0,23.0
2486990,21,981294,C.B. ZARAGOZA,HOME,1802050,D. Muñoz Samatan,D. Muñoz Samatan,1,17.6,1057.0,5.0,2.0,5.0,0.0,1.0,2.0,6.0,1.0,2.0,1.0,3.0,4.0,1.0,2.0,0.0,0.0,1.0,1.0,2.0,4.0,-2.0,36.3,33.3,16.7,33.3,0.8,0.0,1.0,7.1,16.6,12.5,8.9,0.0,0.0,22.5,24.0
2486990,21,981294,C.B. ZARAGOZA,HOME,1798932,D. Arjol Lopez,D. Arjol Lopez,1,30.9,1852.0,10.0,3.0,7.0,1.0,2.0,4.0,9.0,1.0,1.0,2.0,3.0,5.0,5.0,1.0,4.0,1.0,0.0,1.0,7.0,25.0,-2.0,53.0,50.0,22.2,11.1,0.9,1.5,0.1,8.1,9.5,8.9,22.3,6.5,2.7,9.6,16.1
2486990,21,981294,C.B. ZARAGOZA,HOME,1778241,P. Cabañero Puertas,P. Cabañero Puertas,0,9.1,548.0,2.0,1.0,1.0,0.0,0.0,1.0,1.0,0.0,0.0,0.0,0.0,0.0,2.0,0.0,2.0,0.0,0.0,4.0,1.0,3.0,8.0,100.0,100.0,0.0,0.0,2.0,0.0,0.0,0.0,0.0,0.0,35.7,11.1,0.0,0.0,5.2
2486990,21,981294,C.B. ZARAGOZA,HOME,361567,E. Gatell Sanz,E. Gatell Sanz,1,23.8,1427.0,2.0,1.0,3.0,0.0,0.0,1.0,3.0,0.0,0.0,1.0,6.0,7.0,2.0,4.0,1.0,1.0,0.0,2.0,0.0,5.0,-14.0,33.3,33.3,0.0,0.0,0.7,0.0,0.0,5.3,24.6,16.1,10.6,2.1,3.5,57.1,14.0
2486990,21,981294,C.B. ZARAGOZA,HOME,1861515,P. Aso Jimenez,P. Aso Jimenez,0,13.1,784.0,6.0,0.0,1.0,2.0,4.0,2.0,5.0,0.0,0.0,2.0,3.0,5.0,1.0,1.0,1.0,0.0,0.0,1.0,0.0,8.0,15.0,60.0,60.0,80.0,0.0,0.0,1.5,0.0,19.1,22.3,20.9,12.7,3.9,0.0,16.7,21.8
2486990,21,981294,C.B. ZARAGOZA,HOME,1446949,J. Jiménez Jiménez,J. Jiménez Jiménez,1,25.3,1517.0,12.0,3.0,5.0,2.0,4.0,5.0,9.0,0.0,0.0,0.0,1.0,1.0,1.0,1.0,0.0,0.0,0.0,4.0,2.0,7.0,-2.0,66.7,66.7,44.4,0.0,1.2,1.5,0.0,0.0,3.9,2.2,6.8,0.0,0.0,10.0,18.8
2486990,21,981294,C.B. ZARAGOZA,HOME,2704882,Y. Kolo,Y. Kolo,0,24.4,1465.0,9.0,3.0,7.0,1.0,1.0,4.0,8.0,0.0,1.0,1.0,5.0,6.0,2.0,1.0,0.0,1.0,0.0,1.0,2.0,13.0,12.0,53.3,56.2,12.5,12.5,0.9,3.0,0.5,5.1,20.0,13.5,12.7,0.0,3.4,10.6,18.4
2486990,21,981294,C.B. ZARAGOZA,HOME,2815312,J. Zhao Olmos,J. Zhao Olmos,1,22.2,1333.0,13.0,5.0,7.0,1.0,3.0,6.0,10.0,0.0,0.0,0.0,0.0,0.0,2.0,0.0,0.0,0.0,0.0,4.0,0.0,7.0,-9.0,65.0,65.0,30.0,0.0,1.4,1.0,0.0,0.0,0.0,0.0,14.5,0.0,0.0,0.0,21.4
2486990,21,981294,C.B. ZARAGOZA,HOME,1556128,G. Colom Barrufet,G. Colom Barrufet,0,17.1,1028.0,17.0,2.0,2.0,4.0,9.0,6.0,11.0,1.0,1.0,0.0,2.0,2.0,1.0,1.0,0.0,0.0,0.0,0.0,2.0,16.0,13.0,74.3,72.7,81.8,9.1,2.0,1.3,0.5,0.0,11.4,6.4,13.9,0.0,0.0,8.0,34.6
2486990,21,981294,C.B. ZARAGOZA,HOME,1910411,A. Aragones Navais,A. Aragones Navais,0,16.5,989.0,5.0,2.0,2.0,0.0,2.0,2.0,4.0,1.0,2.0,0.0,2.0,2.0,2.0,4.0,1.0,0.0,0.0,1.0,2.0,4.0,11.0,51.2,50.0,50.0,50.0,2.0,0.0,1.0,0.0,11.8,6.6,17.9,3.1,0.0,45.0,25.6
2486990,21,981305,SOL GIRONÈS BISBAL BÀSQUET,AWAY,2851798,F. Adebayo,F. Adebayo,1,34.6,2074.0,19.0,8.0,11.0,0.0,5.0,8.0,16.0,3.0,6.0,0.0,0.0,0.0,4.0,1.0,1.0,1.0,0.0,3.0,5.0,15.0,-5.0,51.0,50.0,31.2,37.5,1.5,0.0,1.2,0.0,0.0,0.0,21.1,1.5,2.9,5.1,23.9
2486990,21,981305,SOL GIRONÈS BISBAL BÀSQUET,AWAY,1964254,P. Sala Vallmajo,P. Sala Vallmajo,0,10.1,606.0,2.0,1.0,1.0,0.0,1.0,1.0,2.0,0.0,0.0,0.0,0.0,0.0,0.0,1.0,1.0,0.0,0.0,3.0,0.0,-2.0,-2.0,50.0,50.0,50.0,0.0,2.0,0.0,0.0,0.0,0.0,0.0,0.0,5.1,0.0,33.3,12.5
2486990,21,981305,SOL GIRONÈS BISBAL BÀSQUET,AWAY,2053988,A. Dominguez Espelt,A. Dominguez Espelt,1,25.7,1540.0,14.0,4.0,7.0,1.0,4.0,5.0,11.0,3.0,4.0,2.0,2.0,4.0,1.0,4.0,0.0,0.0,1.0,1.0,9.0,16.0,2.0,54.9,50.0,36.4,36.4,1.1,0.8,0.4,7.6,9.7,8.5,7.7,0.0,0.0,23.9,27.4
2486990,21,981305,SOL GIRONÈS BISBAL BÀSQUET,AWAY,1227597,I. Valera Corominas,I. Valera Corominas,0,5.2,313.0,0.0,0.0,1.0,0.0,1.0,0.0,2.0,0.0,0.0,0.0,1.0,1.0,0.0,1.0,0.0,0.0,0.0,1.0,0.0,-3.0,-2.0,0.0,0.0,50.0,0.0,0.0,0.0,0.0,0.0,24.0,10.5,0.0,0.0,0.0,33.3,24.3
2486990,21,981305,SOL GIRONÈS BISBAL BÀSQUET,AWAY,1829525,M. Mikhailov Paltarak,M. Mikhailov Paltarak,1,32.5,1952.0,16.0,8.0,13.0,0.0,3.0,8.0,16.0,0.0,0.0,5.0,10.0,15.0,1.0,3.0,2.0,0.0,0.0,4.0,1.0,20.0,3.0,50.0,50.0,18.8,0.0,1.2,0.0,0.0,15.0,38.5,25.3,6.2,3.2,0.0,15.8,24.6
2486990,21,981305,SOL GIRONÈS BISBAL BÀSQUET,AWAY,2322727,A. Vila I Gómez,A. Vila I Gómez,0,0.2,11.0,0.0,0.0,0.0,0.0,0.0,0.0,0.0,0.0,0.0,0.0,0.0,0.0,0.0,0.0,0.0,0.0,0.0,0.0,0.0,0.0,0.0,0.0,0.0,0.0,0.0,0.0,0.0,0.0,0.0,0.0,0.0,0.0,0.0,0.0,0.0,0.0
2486990,21,981305,SOL GIRONÈS BISBAL BÀSQUET,AWAY,1400270,B. Alvarez Torres,B. Alvarez Torres,1,29.8,1785.0,16.0,1.0,7.0,4.0,7.0,5.0,14.0,2.0,2.0,1.0,3.0,4.0,2.0,4.0,0.0,0.0,0.0,0.0,1.0,10.0,1.0,53.8,50.0,50.0,14.3,0.3,1.7,2.0,3.3,12.6,7.4,12.5,0.0,0.0,21.2,26.6
2486990,21,981305,SOL GIRONÈS BISBAL BÀSQUET,AWAY,2815176,S. Kane,S. Kane,0,7.9,475.0,2.0,1.0,2.0,0.0,0.0,1.0,2.0,0.0,0.0,2.0,3.0,5.0,0.0,0.0,0.0,0.0,0.0,0.0,0.0,6.0,-10.0,50.0,50.0,0.0,0.0,1.0,0.0,0.0,24.7,47.5,34.7,0.0,0.0,0.0,0.0,10.6
2486990,21,981305,SOL GIRONÈS BISBAL BÀSQUET,AWAY,1198592,X. Torrent Bayé,X. Torrent Bayé,0,19.9,1191.0,0.0,0.0,2.0,0.0,4.0,0.0,6.0,0.0,0.0,2.0,0.0,2.0,3.0,0.0,1.0,0.0,1.0,2.0,1.0,-1.0,-14.0,0.0,0.0,66.7,0.0,0.0,0.0,0.0,9.8,0.0,5.5,20.0,2.6,0.0,0.0,12.7
2486990,21,981305,SOL GIRONÈS BISBAL BÀSQUET,AWAY,2822552,C. Larousse,C. Larousse,1,34.2,2053.0,6.0,2.0,4.0,0.0,1.0,2.0,5.0,2.0,2.0,4.0,6.0,10.0,2.0,1.0,0.0,0.0,1.0,4.0,2.0,12.0,-3.0,51.0,40.0,20.0,40.0,1.0,0.0,1.0,11.4,21.9,16.0,8.0,0.0,0.0,14.5,8.5
2486991,21,979996,AMICS CASTELLÓ,HOME,2149001,R. Fabrega Urpina,R. Fabrega Urpina,0,18.0,1081.0,8.0,0.0,1.0,2.0,2.0,2.0,3.0,2.0,3.0,0.0,1.0,1.0,7.0,1.0,0.0,0.0,0.0,1.0,2.0,14.0,23.0,92.6,100.0,66.7,100.0,0.0,3.0,1.5,0.0,7.2,3.3,51.9,0.0,0.0,18.8,12.1
2486991,21,979996,AMICS CASTELLÓ,HOME,273780,J. Faner Catala,J. Faner Catala,1,22.0,1319.0,8.0,1.0,1.0,2.0,6.0,3.0,7.0,0.0,0.0,0.0,1.0,1.0,4.0,3.0,4.0,0.0,0.0,3.0,4.0,11.0,-2.0,57.1,57.1,85.7,0.0,2.0,1.0,0.0,0.0,5.9,2.7,25.6,9.4,0.0,30.0,18.6
2486991,21,979996,AMICS CASTELLÓ,HOME,2818901,O. Russell,O. Russell,1,19.5,1170.0,14.0,1.0,1.0,3.0,11.0,4.0,12.0,3.0,3.0,0.0,3.0,3.0,4.0,4.0,3.0,0.0,0.0,3.0,1.0,10.0,10.0,52.6,45.8,91.7,25.0,2.0,0.8,3.0,0.0,19.9,9.0,34.8,7.9,0.0,23.1,36.4
2486991,21,979996,AMICS CASTELLÓ,HOME,2816147,D. Bah,D. Bah,0,19.3,1160.0,8.0,3.0,5.0,0.0,0.0,3.0,5.0,2.0,3.0,3.0,3.0,6.0,1.0,0.0,0.0,0.0,0.0,1.0,3.0,14.0,15.0,63.3,60.0,0.0,60.0,1.2,0.0,1.0,16.8,20.1,18.3,8.0,0.0,0.0,0.0,13.4
2486991,21,979996,AMICS CASTELLÓ,HOME,1817496,P. Garcia Carrero,P. Garcia Carrero,0,26.6,1593.0,4.0,1.0,2.0,0.0,3.0,1.0,5.0,2.0,2.0,2.0,7.0,9.0,0.0,0.0,1.0,1.0,0.0,3.0,2.0,10.0,25.0,34.0,20.0,60.0,40.0,1.0,0.0,1.0,8.1,34.0,19.9,0.0,1.9,4.1,0.0,9.1
2486991,21,979996,AMICS CASTELLÓ,HOME,1535344,I. Rosa Pompido,I. Rosa Pompido,0,15.6,934.0,13.0,1.0,2.0,1.0,5.0,2.0,7.0,8.0,10.0,3.0,1.0,4.0,1.0,0.0,0.0,0.0,0.0,4.0,5.0,12.0,-1.0,57.0,35.7,71.4,142.9,1.0,0.6,2.0,20.8,8.3,15.1,9.6,0.0,0.0,0.0,29.9
2486991,21,979996,AMICS CASTELLÓ,HOME,2816661,M. Mukendi Mukendi,M. Mukendi Mukendi,1,16.8,1009.0,8.0,3.0,3.0,0.0,0.0,3.0,3.0,2.0,3.0,2.0,1.0,3.0,0.0,2.0,0.0,1.0,0.0,3.0,2.0,8.0,8.0,92.6,100.0,0.0,100.0,2.0,0.0,1.5,12.9,7.7,10.5,0.0,0.0,6.4,31.6,15.4
2486991,21,979996,AMICS CASTELLÓ,HOME,2641325,M. Andreatta,M. Andreatta,0,15.6,938.0,10.0,1.0,1.0,2.0,4.0,3.0,5.0,2.0,3.0,1.0,4.0,5.0,0.0,1.0,1.0,2.0,0.0,0.0,2.0,16.0,1.0,79.1,80.0,80.0,60.0,2.0,1.5,1.5,6.9,33.1,18.9,0.0,3.3,13.9,13.7,19.2
2486991,21,979996,AMICS CASTELLÓ,HOME,2325314,F. Stutz,F. Stutz,1,20.3,1219.0,18.0,3.0,5.0,3.0,6.0,6.0,11.0,3.0,4.0,3.0,3.0,6.0,0.0,1.0,0.0,0.0,1.0,3.0,4.0,18.0,14.0,70.5,68.2,54.5,36.4,1.2,1.5,1.0,16.0,19.1,17.4,0.0,0.0,0.0,7.3,27.8
2486991,21,979996,AMICS CASTELLÓ,HOME,1627889,A. Tamayo Lesmes,A. Tamayo Lesmes,1,26.3,1577.0,10.0,2.0,5.0,2.0,7.0,4.0,12.0,0.0,0.0,3.0,0.0,3.0,4.0,2.0,0.0,0.0,1.0,2.0,0.0,5.0,12.0,41.7,41.7,58.3,0.0,0.8,0.9,0.0,12.3,0.0,6.7,22.6,0.0,0.0,14.3,21.8
2486991,21,981428,HOMS U.E.MATARÓ,AWAY,2162105,F. Garrido Teban,F. Garrido Teban,0,18.1,1087.0,3.0,0.0,0.0,1.0,4.0,1.0,4.0,0.0,0.0,0.0,0.0,0.0,0.0,0.0,1.0,0.0,0.0,1.0,1.0,1.0,-23.0,37.5,37.5,100.0,0.0,0.0,0.8,0.0,0.0,0.0,0.0,0.0,2.7,0.0,0.0,10.4
2486991,21,981428,HOMS U.E.MATARÓ,AWAY,1914611,J. Boix Colet,J. Boix Colet,0,22.1,1326.0,16.0,6.0,8.0,0.0,1.0,6.0,9.0,4.0,6.0,0.0,0.0,0.0,6.0,3.0,2.0,0.0,1.0,3.0,4.0,17.0,-5.0,68.7,66.7,11.1,66.7,1.5,0.0,1.5,0.0,0.0,0.0,58.8,4.5,0.0,20.5,31.3
2486991,21,981428,HOMS U.E.MATARÓ,AWAY,2534044,J. Tomaic Tomaic,J. Tomaic Tomaic,0,19.8,1185.0,0.0,0.0,2.0,0.0,1.0,0.0,3.0,0.0,0.0,1.0,4.0,5.0,0.0,2.0,1.0,0.0,0.0,3.0,1.0,-1.0,-20.0,0.0,0.0,33.3,0.0,0.0,0.0,0.0,6.5,21.8,14.9,0.0,2.5,0.0,40.0,11.9
2486991,21,981428,HOMS U.E.MATARÓ,AWAY,1591966,J. Castillo Carrasco,J. Castillo Carrasco,1,20.2,1215.0,9.0,0.0,0.0,3.0,7.0,3.0,7.0,0.0,0.0,0.0,4.0,4.0,0.0,1.0,1.0,0.0,0.0,3.0,1.0,7.0,-1.0,64.3,64.3,100.0,0.0,0.0,1.3,0.0,0.0,21.4,11.6,0.0,2.5,0.0,12.5,18.7
2486991,21,981428,HOMS U.E.MATARÓ,AWAY,1568569,J. Juanola Madera,J. Juanola Madera,1,30.9,1853.0,21.0,2.0,7.0,4.0,8.0,6.0,15.0,5.0,5.0,0.0,3.0,3.0,1.0,2.0,0.0,0.0,1.0,2.0,5.0,17.0,-14.0,61.0,53.3,53.3,33.3,0.6,1.5,1.0,0.0,10.5,5.7,6.4,0.0,0.0,10.4,29.4
2486991,21,981428,HOMS U.E.MATARÓ,AWAY,1927150,N. Ferrer Iglesia,N. Ferrer Iglesia,1,17.7,1064.0,5.0,1.0,3.0,1.0,1.0,2.0,4.0,0.0,0.0,2.0,1.0,3.0,0.0,1.0,0.0,1.0,0.0,3.0,0.0,3.0,-2.0,62.5,62.5,25.0,0.0,0.7,3.0,0.0,14.6,6.1,10.0,0.0,0.0,8.7,20.0,13.3
2486991,21,981428,HOMS U.E.MATARÓ,AWAY,2451498,A. Roker,A. Roker,0,21.6,1299.0,8.0,4.0,4.0,0.0,0.0,4.0,4.0,0.0,0.0,1.0,7.0,8.0,0.0,0.0,0.0,0.0,0.0,4.0,0.0,12.0,-8.0,100.0,100.0,0.0,0.0,2.0,0.0,0.0,6.0,35.0,21.8,0.0,0.0,0.0,0.0,8.7
2486991,21,981428,HOMS U.E.MATARÓ,AWAY,1942837,G. Martinez Rivera,G. Martinez Rivera,1,22.3,1336.0,14.0,4.0,10.0,0.0,1.0,4.0,11.0,6.0,7.0,2.0,1.0,3.0,2.0,4.0,2.0,0.0,2.0,2.0,7.0,14.0,-13.0,49.7,36.4,9.1,63.6,0.8,0.0,1.0,11.6,4.8,7.9,16.4,4.4,0.0,22.1,38.3
2486991,21,981428,HOMS U.E.MATARÓ,AWAY,2813635,E. Kalu,E. Kalu,1,18.4,1101.0,2.0,0.0,1.0,0.0,0.0,0.0,1.0,2.0,4.0,1.0,0.0,1.0,2.0,1.0,1.0,1.0,0.0,3.0,3.0,3.0,-13.0,36.2,0.0,0.0,400.0,0.0,0.0,1.3,7.0,0.0,3.2,14.8,2.7,8.4,26.6,9.7
2486991,21,981428,HOMS U.E.MATARÓ,AWAY,1920919,E. Coll Comabella,E. Coll Comabella,0,8.9,534.0,2.0,1.0,2.0,0.0,0.0,1.0,2.0,0.0,0.0,0.0,0.0,0.0,2.0,1.0,1.0,0.0,0.0,1.0,1.0,3.0,-6.0,50.0,50.0,0.0,0.0,1.0,0.0,0.0,0.0,0.0,0.0,45.5,5.6,0.0,33.3,15.9
2486992,21,981491,C.B. GETAFE,HOME,2816388,M. Abdulsalam,M. Abdulsalam,1,21.6,1298.0,17.0,6.0,8.0,0.0,0.0,6.0,8.0,5.0,6.0,1.0,10.0,11.0,1.0,3.0,1.0,2.0,0.0,5.0,5.0,26.0,5.0,79.9,75.0,0.0,75.0,1.5,0.0,1.2,6.4,47.5,30.0,9.5,2.3,9.5,22.0,29.0
2486992,21,981491,C.B. GETAFE,HOME,1789964,E. Ortiz Torres,E. Ortiz Torres,0,22.8,1367.0,4.0,0.0,2.0,1.0,2.0,1.0,4.0,1.0,2.0,2.0,2.0,4.0,4.0,2.0,1.0,0.0,0.0,1.0,2.0,8.0,12.0,41.0,37.5,50.0,50.0,0.0,1.5,1.0,12.1,9.0,10.3,21.3,2.2,0.0,29.1,13.8
2486992,21,981491,C.B. GETAFE,HOME,1876667,M. Garcia Martin,M. Garcia Martin,0,0.3,16.0,0.0,0.0,0.0,0.0,0.0,0.0,0.0,0.0,0.0,0.0,0.0,0.0,0.0,0.0,0.0,0.0,0.0,0.0,0.0,0.0,-1.0,0.0,0.0,0.0,0.0,0.0,0.0,0.0,0.0,0.0,0.0,0.0,0.0,0.0,0.0,0.0
2486992,21,981491,C.B. GETAFE,HOME,2815898,C. Henderson,C. Henderson,1,24.5,1471.0,12.0,3.0,3.0,2.0,4.0,5.0,7.0,0.0,0.0,0.0,1.0,1.0,0.0,2.0,1.0,0.0,0.0,4.0,0.0,6.0,-1.0,85.7,85.7,57.1,0.0,2.0,1.5,0.0,0.0,4.2,2.4,0.0,2.0,0.0,22.2,16.8
2486992,21,981491,C.B. GETAFE,HOME,1328788,M. Alvarez Puertas,M. Alvarez Puertas,0,15.7,943.0,2.0,1.0,3.0,0.0,0.0,1.0,3.0,0.0,2.0,0.0,1.0,1.0,1.0,0.0,1.0,1.0,0.0,1.0,1.0,2.0,9.0,25.8,33.3,0.0,66.7,0.7,0.0,2.0,0.0,6.5,3.7,8.2,3.2,6.5,0.0,11.3
2486992,21,981491,C.B. GETAFE,HOME,1674978,G. Mulero Maldonado,G. Mulero Maldonado,1,24.2,1455.0,15.0,5.0,9.0,1.0,3.0,6.0,12.0,2.0,4.0,0.0,0.0,0.0,3.0,1.0,0.0,0.0,1.0,2.0,2.0,9.0,8.0,54.5,54.2,25.0,33.3,1.1,1.0,2.0,0.0,0.0,0.0,21.7,0.0,0.0,6.8,28.0
2486992,21,981491,C.B. GETAFE,HOME,1582089,J. Parra Baez,J. Parra Baez,0,23.1,1383.0,9.0,0.0,3.0,3.0,10.0,3.0,13.0,0.0,0.0,1.0,2.0,3.0,6.0,0.0,1.0,0.0,0.0,0.0,2.0,11.0,3.0,34.6,34.6,76.9,0.0,0.0,0.9,0.0,6.0,8.9,7.6,35.7,2.1,0.0,0.0,25.8
2486992,21,981491,C.B. GETAFE,HOME,1820240,P. Arribas Gomez,P. Arribas Gomez,1,6.2,371.0,3.0,0.0,0.0,1.0,1.0,1.0,1.0,0.0,0.0,0.0,0.0,0.0,0.0,0.0,0.0,0.0,0.0,0.0,0.0,3.0,-5.0,150.0,150.0,100.0,0.0,0.0,3.0,0.0,0.0,0.0,0.0,0.0,0.0,0.0,0.0,7.4
2486992,21,981491,C.B. GETAFE,HOME,1590474,G. Kasanzi Obama,G. Kasanzi Obama,0,25.1,1504.0,7.0,3.0,6.0,0.0,2.0,3.0,8.0,1.0,2.0,2.0,3.0,5.0,1.0,1.0,3.0,0.0,0.0,1.0,1.0,9.0,12.0,39.4,37.5,25.0,25.0,1.0,0.0,2.0,11.0,12.3,11.7,6.0,5.9,0.0,10.1,18.0
2486992,21,981491,C.B. GETAFE,HOME,2816389,J. Nve Maleva,J. Nve Maleva,0,18.1,1088.0,12.0,5.0,5.0,0.0,0.0,5.0,5.0,2.0,3.0,2.0,8.0,10.0,1.0,1.0,1.0,2.0,0.0,2.0,3.0,25.0,3.0,94.9,100.0,0.0,60.0,2.0,0.0,1.0,15.2,45.3,32.5,8.7,2.7,11.3,13.7,18.5
2486992,21,981491,C.B. GETAFE,HOME,1876223,A. Montero Isla,A. Montero Isla,1,18.4,1104.0,7.0,1.0,3.0,1.0,4.0,2.0,7.0,2.0,2.0,0.0,1.0,1.0,3.0,0.0,1.0,0.0,1.0,3.0,4.0,8.0,-5.0,44.4,35.7,57.1,28.6,0.7,0.8,0.5,0.0,5.6,3.2,20.7,2.7,0.0,0.0,19.6
2486992,21,981281,LOBE HUESCA LA MAGIA,AWAY,2151562,O. Thiam Pedrera,O. Thiam Pedrera,1,16.3,977.0,5.0,1.0,2.0,1.0,1.0,2.0,3.0,0.0,0.0,0.0,1.0,1.0,1.0,1.0,0.0,0.0,1.0,1.0,0.0,4.0,3.0,83.3,83.3,33.3,0.0,1.0,3.0,0.0,0.0,8.5,3.6,10.0,0.0,0.0,25.0,10.7
2486992,21,981281,LOBE HUESCA LA MAGIA,AWAY,2273469,O. Bieshaar,O. Bieshaar,1,14.3,859.0,5.0,1.0,2.0,1.0,4.0,2.0,6.0,0.0,0.0,0.0,2.0,2.0,3.0,1.0,0.0,0.0,0.0,3.0,0.0,2.0,-1.0,41.7,41.7,66.7,0.0,1.0,0.8,0.0,0.0,19.3,8.2,30.0,0.0,0.0,14.3,21.3
2486992,21,981281,LOBE HUESCA LA MAGIA,AWAY,1756469,H. Figueroa Álvarez,H. Figueroa Álvarez,1,26.1,1564.0,21.0,5.0,7.0,2.0,7.0,7.0,14.0,5.0,8.0,0.0,1.0,1.0,1.0,2.0,1.0,1.0,0.0,2.0,5.0,16.0,2.0,59.9,57.1,50.0,57.1,1.4,0.9,1.6,0.0,5.3,2.3,7.1,1.9,3.6,10.2,32.6
2486992,21,981281,LOBE HUESCA LA MAGIA,AWAY,2815292,A. Smith,A. Smith,0,19.3,1160.0,11.0,4.0,9.0,0.0,2.0,4.0,11.0,3.0,4.0,2.0,0.0,2.0,2.0,1.0,1.0,0.0,2.0,0.0,3.0,10.0,-11.0,43.1,36.4,18.2,36.4,0.9,0.0,1.3,10.6,0.0,6.1,18.2,2.6,0.0,7.3,31.1
2486992,21,981281,LOBE HUESCA LA MAGIA,AWAY,2823388,J. Fritz,J. Fritz,0,27.0,1619.0,4.0,2.0,6.0,0.0,1.0,2.0,7.0,0.0,2.0,1.0,4.0,5.0,3.0,2.0,0.0,1.0,1.0,2.0,3.0,5.0,-12.0,25.4,28.6,14.3,28.6,0.7,0.0,0.7,3.8,20.4,10.9,15.8,0.0,3.5,20.2,15.9
2486992,21,981281,LOBE HUESCA LA MAGIA,AWAY,2815543,A. Badmus,A. Badmus,0,15.7,941.0,2.0,1.0,1.0,0.0,0.0,1.0,1.0,0.0,0.0,0.0,2.0,2.0,0.0,2.0,0.0,0.0,0.0,2.0,1.0,1.0,-7.0,100.0,100.0,0.0,0.0,2.0,0.0,0.0,0.0,17.6,7.5,0.0,0.0,0.0,66.7,8.3
2486992,21,981281,LOBE HUESCA LA MAGIA,AWAY,2559072,P. Suárez Custodio,P. Suárez Custodio,0,14.8,889.0,3.0,0.0,0.0,1.0,4.0,1.0,4.0,0.0,0.0,0.0,2.0,2.0,1.0,2.0,0.0,0.0,0.0,2.0,1.0,0.0,-9.0,37.5,37.5,100.0,0.0,0.0,0.8,0.0,0.0,18.6,7.9,9.1,0.0,0.0,33.3,17.7
2486992,21,981281,LOBE HUESCA LA MAGIA,AWAY,1761508,P. Lopez-Sanvicente Reta,P. Lopez-Sanvicente Reta,0,20.7,1241.0,11.0,2.0,4.0,2.0,4.0,4.0,8.0,1.0,4.0,4.0,4.0,8.0,1.0,1.0,0.0,0.0,1.0,0.0,2.0,14.0,-8.0,56.4,62.5,50.0,50.0,1.0,1.5,2.0,19.8,26.7,22.7,9.1,0.0,0.0,9.3,22.6
2486992,21,981281,LOBE HUESCA LA MAGIA,AWAY,2116811,G. Rodriguez Soler,G. Rodriguez Soler,1,18.9,1132.0,6.0,0.0,2.0,2.0,2.0,2.0,4.0,0.0,0.0,1.0,1.0,2.0,0.0,1.0,1.0,0.0,0.0,4.0,1.0,3.0,4.0,75.0,75.0,50.0,0.0,0.0,3.0,0.0,5.4,7.3,6.2,0.0,2.7,0.0,20.0,11.5
2486992,21,981281,LOBE HUESCA LA MAGIA,AWAY,2054954,G. Vazquez Vallejo,G. Vazquez Vallejo,1,27.0,1618.0,12.0,4.0,6.0,1.0,3.0,5.0,9.0,1.0,2.0,3.0,4.0,7.0,1.0,3.0,0.0,0.0,0.0,4.0,3.0,11.0,-1.0,60.7,61.1,33.3,22.2,1.3,1.0,0.7,11.4,20.4,15.3,6.2,0.0,0.0,23.3,20.8
2486993,21,981347,PROINBENI UPB GANDIA,HOME,1824880,G. Perez Ramirez,G. Perez Ramirez,0,25.1,1509.0,10.0,2.0,4.0,2.0,7.0,4.0,11.0,0.0,0.0,1.0,5.0,6.0,1.0,1.0,1.0,0.0,1.0,2.0,1.0,9.0,0.0,45.5,45.5,63.6,0.0,1.0,0.9,0.0,4.4,24.1,13.9,7.1,2.0,0.0,8.3,21.2
2486993,21,981347,PROINBENI UPB GANDIA,HOME,1837816,C. Hurtado Cervantes,C. Hurtado Cervantes,1,18.8,1129.0,3.0,1.0,4.0,0.0,3.0,1.0,7.0,1.0,1.0,0.0,2.0,2.0,5.0,2.0,2.0,0.0,1.0,2.0,3.0,5.0,9.0,20.2,14.3,42.9,14.3,0.5,0.0,0.3,0.0,12.9,6.2,35.7,5.3,0.0,21.2,22.3
2486993,21,981347,PROINBENI UPB GANDIA,HOME,2736564,K. Greeley,K. Greeley,1,33.6,2015.0,33.0,10.0,12.0,0.0,3.0,10.0,15.0,13.0,14.0,0.0,6.0,6.0,4.0,1.0,1.0,0.0,0.0,2.0,10.0,45.0,1.0,78.0,66.7,20.0,93.3,1.7,0.0,1.4,0.0,21.6,10.4,28.6,1.5,0.0,4.5,29.2
2486993,21,981347,PROINBENI UPB GANDIA,HOME,2378347,J. Molina Martinez,J. Molina Martinez,0,17.1,1023.0,6.0,1.0,2.0,1.0,2.0,2.0,4.0,1.0,2.0,2.0,3.0,5.0,0.0,0.0,1.0,0.0,0.0,4.0,1.0,6.0,-8.0,61.5,62.5,50.0,50.0,1.0,1.5,2.0,13.0,21.3,17.0,0.0,2.9,0.0,0.0,12.6
2486993,21,981347,PROINBENI UPB GANDIA,HOME,1673764,L. Ferrando Ortells,L. Ferrando Ortells,0,20.6,1234.0,3.0,0.0,4.0,1.0,4.0,1.0,8.0,0.0,0.0,0.0,0.0,0.0,7.0,2.0,3.0,0.0,3.0,5.0,5.0,4.0,-7.0,18.8,18.8,50.0,0.0,0.0,0.8,0.0,0.0,0.0,0.0,50.0,7.3,0.0,20.0,21.5
2486993,21,981347,PROINBENI UPB GANDIA,HOME,2868534,C. Osaikhwuwuomwan,C. Osaikhwuwuomwan,0,14.5,869.0,6.0,3.0,4.0,0.0,1.0,3.0,5.0,0.0,0.0,0.0,4.0,4.0,0.0,0.0,1.0,0.0,0.0,3.0,0.0,6.0,-14.0,60.0,60.0,20.0,0.0,1.5,0.0,0.0,0.0,33.4,16.0,0.0,3.4,0.0,0.0,15.3
2486993,21,981347,PROINBENI UPB GANDIA,HOME,1996333,M. Montilla Diaz,M. Montilla Diaz,1,17.0,1021.0,6.0,3.0,8.0,0.0,0.0,3.0,8.0,0.0,2.0,2.0,0.0,2.0,0.0,0.0,1.0,0.0,0.0,2.0,2.0,2.0,3.0,33.8,37.5,0.0,25.0,0.8,0.0,1.0,13.1,0.0,6.8,0.0,2.9,0.0,0.0,23.2
2486993,21,981347,PROINBENI UPB GANDIA,HOME,1827011,J. Soler Cirujeda,J. Soler Cirujeda,0,3.0,179.0,2.0,1.0,1.0,0.0,2.0,1.0,3.0,0.0,0.0,0.0,0.0,0.0,0.0,0.0,1.0,0.0,1.0,0.0,1.0,2.0,-4.0,33.3,33.3,66.7,0.0,2.0,0.0,0.0,0.0,0.0,0.0,0.0,16.7,0.0,0.0,44.3
2486993,21,981347,PROINBENI UPB GANDIA,HOME,1857448,J. Santana Luchoro,J. Santana Luchoro,1,17.0,1018.0,3.0,1.0,1.0,0.0,1.0,1.0,2.0,1.0,2.0,1.0,1.0,2.0,0.0,3.0,1.0,0.0,0.0,3.0,1.0,-1.0,0.0,52.1,50.0,50.0,100.0,2.0,0.0,2.0,6.5,7.1,6.8,0.0,2.9,0.0,51.0,15.3
2486993,21,981347,PROINBENI UPB GANDIA,HOME,1851026,A. Bellver Valiente,A. Bellver Valiente,0,8.0,479.0,0.0,0.0,0.0,0.0,0.0,0.0,0.0,0.0,0.0,0.0,0.0,0.0,1.0,1.0,0.0,0.0,0.0,1.0,1.0,0.0,-2.0,0.0,0.0,0.0,0.0,0.0,0.0,0.0,0.0,0.0,0.0,16.7,0.0,0.0,100.0,5.5
2486993,21,981347,PROINBENI UPB GANDIA,HOME,2335802,J. Bitjaa Kody,J. Bitjaa Kody,1,25.4,1524.0,10.0,2.0,5.0,2.0,3.0,4.0,8.0,0.0,0.0,3.0,3.0,6.0,1.0,0.0,0.0,1.0,1.0,1.0,0.0,13.0,12.0,62.5,62.5,37.5,0.0,0.8,2.0,0.0,13.1,14.3,13.7,7.1,0.0,4.3,0.0,14.0
2486993,21,981216,CLASS BASQUET SANT ANTONI,AWAY,2534687,G. Gantt,G. Gantt,0,18.9,1136.0,3.0,0.0,0.0,1.0,3.0,1.0,3.0,0.0,0.0,0.0,0.0,0.0,1.0,0.0,0.0,1.0,0.0,0.0,2.0,5.0,-6.0,50.0,50.0,100.0,0.0,0.0,1.0,0.0,0.0,0.0,0.0,6.9,0.0,4.7,0.0,7.1
2486993,21,981216,CLASS BASQUET SANT ANTONI,AWAY,1394852,G. Blat Baeza,G. Blat Baeza,0,24.2,1455.0,4.0,2.0,5.0,0.0,2.0,2.0,7.0,0.0,4.0,1.0,3.0,4.0,6.0,3.0,2.0,1.0,0.0,1.0,4.0,8.0,-4.0,22.8,28.6,28.6,57.1,0.8,0.0,1.0,5.0,13.8,9.6,36.1,4.1,3.7,25.5,21.8
2486993,21,981216,CLASS BASQUET SANT ANTONI,AWAY,2815818,K. Johnson,K. Johnson,1,13.1,788.0,3.0,1.0,3.0,0.0,0.0,1.0,3.0,1.0,2.0,0.0,1.0,1.0,2.0,1.0,0.0,0.0,0.0,1.0,3.0,4.0,0.0,38.7,33.3,0.0,66.7,0.7,0.0,0.7,0.0,8.5,4.4,24.1,0.0,0.0,20.5,16.7
2486993,21,981216,CLASS BASQUET SANT ANTONI,AWAY,2865697,L. Tvrdic,L. Tvrdic,0,22.4,1345.0,9.0,2.0,4.0,1.0,4.0,3.0,8.0,2.0,2.0,0.0,1.0,1.0,0.0,1.0,1.0,0.0,0.0,3.0,3.0,5.0,0.0,50.7,43.8,50.0,25.0,1.0,0.8,0.7,0.0,5.0,2.6,0.0,2.2,0.0,10.1,19.8
2486993,21,981216,CLASS BASQUET SANT ANTONI,AWAY,1528610,J. Rodriguez Jimenez,J. Rodriguez Jimenez,0,2.8,169.0,0.0,0.0,0.0,0.0,0.0,0.0,0.0,0.0,0.0,0.0,1.0,1.0,0.0,0.0,0.0,0.0,0.0,1.0,0.0,0.0,-4.0,0.0,0.0,0.0,0.0,0.0,0.0,0.0,0.0,39.7,20.7,0.0,0.0,0.0,0.0,0.0
2486993,21,981216,CLASS BASQUET SANT ANTONI,AWAY,2363916,D. De La Rua De Agustin,D. De La Rua De Agustin,1,21.4,1285.0,11.0,4.0,7.0,0.0,0.0,4.0,7.0,3.0,6.0,1.0,1.0,2.0,8.0,1.0,1.0,0.0,1.0,4.0,4.0,15.0,6.0,57.1,57.1,0.0,85.7,1.1,0.0,1.5,5.7,5.2,5.4,69.6,2.3,0.0,9.4,22.3
2486993,21,981216,CLASS BASQUET SANT ANTONI,AWAY,1397157,R. Gomez Barral,R. Gomez Barral,0,22.1,1325.0,13.0,2.0,2.0,3.0,5.0,5.0,7.0,0.0,0.0,1.0,3.0,4.0,1.0,0.0,0.0,0.0,0.0,3.0,1.0,14.0,19.0,92.9,92.9,71.4,0.0,2.0,1.8,0.0,5.5,15.1,10.5,7.4,0.0,0.0,0.0,14.2
2486993,21,981216,CLASS BASQUET SANT ANTONI,AWAY,2462416,E. Stoilov,E. Stoilov,1,20.9,1253.0,9.0,4.0,7.0,0.0,0.0,4.0,7.0,1.0,3.0,3.0,5.0,8.0,0.0,5.0,0.0,2.0,0.0,4.0,3.0,8.0,1.0,54.1,57.1,0.0,42.9,1.1,0.0,1.0,17.4,26.6,22.2,0.0,0.0,8.5,37.5,28.6
2486993,21,981216,CLASS BASQUET SANT ANTONI,AWAY,1834527,S. Paz Vazquez,S. Paz Vazquez,1,18.8,1129.0,14.0,2.0,3.0,3.0,5.0,5.0,8.0,1.0,2.0,1.0,5.0,6.0,1.0,1.0,1.0,0.0,0.0,1.0,2.0,18.0,6.0,78.8,81.2,62.5,25.0,1.3,1.8,1.0,6.4,29.6,18.5,9.5,2.6,0.0,10.1,23.6
2486993,21,981216,CLASS BASQUET SANT ANTONI,AWAY,2128433,N. Zizic,N. Zizic,0,12.5,748.0,4.0,2.0,3.0,0.0,0.0,2.0,3.0,0.0,0.0,1.0,2.0,3.0,1.0,2.0,0.0,1.0,0.0,3.0,0.0,3.0,-4.0,66.7,66.7,0.0,0.0,1.3,0.0,0.0,9.7,17.8,13.9,13.7,0.0,7.1,40.0,18.0
2486993,21,981216,CLASS BASQUET SANT ANTONI,AWAY,2182043,J. Solarin,J. Solarin,1,19.4,1165.0,14.0,2.0,3.0,2.0,6.0,4.0,9.0,4.0,6.0,1.0,5.0,6.0,1.0,2.0,0.0,2.0,0.0,3.0,3.0,14.0,1.0,60.1,55.6,66.7,66.7,1.3,1.0,2.0,6.2,28.6,17.9,8.7,0.0,9.2,14.7,31.6
2486993,21,981216,CLASS BASQUET SANT ANTONI,AWAY,1878691,I. Ruiz Gonzalez,I. Ruiz Gonzalez,0,3.4,202.0,0.0,0.0,0.0,0.0,0.0,0.0,0.0,0.0,0.0,0.0,0.0,0.0,0.0,0.0,0.0,0.0,0.0,1.0,0.0,-1.0,-5.0,0.0,0.0,0.0,0.0,0.0,0.0,0.0,0.0,0.0,0.0,0.0,0.0,0.0,0.0,0.0
2486994,21,981358,CIUDAD MOLINA BASKET,HOME,2816300,A. Duval,A. Duval,1,23.6,1418.0,21.0,1.0,1.0,6.0,11.0,7.0,12.0,1.0,2.0,1.0,1.0,2.0,1.0,1.0,1.0,0.0,0.0,5.0,3.0,16.0,10.0,81.5,83.3,91.7,16.7,2.0,1.6,0.7,4.3,4.5,4.4,10.9,2.3,0.0,7.2,26.6
2486994,21,981358,CIUDAD MOLINA BASKET,HOME,1767254,G. Cadme Arias,G. Cadme Arias,0,10.8,645.0,2.0,1.0,1.0,0.0,2.0,1.0,3.0,0.0,0.0,0.0,2.0,2.0,1.0,0.0,0.0,0.0,0.0,0.0,0.0,3.0,6.0,33.3,33.3,66.7,0.0,2.0,0.0,0.0,0.0,19.5,9.6,14.1,0.0,0.0,0.0,12.5
2486994,21,981358,CIUDAD MOLINA BASKET,HOME,1532799,R. Timoner Gimenez,R. Timoner Gimenez,0,22.6,1358.0,4.0,2.0,4.0,0.0,5.0,2.0,9.0,0.0,0.0,0.0,3.0,3.0,8.0,2.0,0.0,0.0,0.0,2.0,1.0,5.0,-7.0,22.2,22.2,55.6,0.0,1.0,0.0,0.0,0.0,14.0,6.9,56.3,0.0,0.0,18.2,22.0
2486994,21,981358,CIUDAD MOLINA BASKET,HOME,1514342,R. Martínez-Quintanilla Jiménez,R. Martínez-Quintanilla Jiménez,1,22.5,1350.0,4.0,2.0,3.0,0.0,4.0,2.0,7.0,0.0,0.0,1.0,2.0,3.0,1.0,0.0,0.0,0.0,1.0,4.0,0.0,-1.0,-6.0,28.6,28.6,57.1,0.0,1.3,0.0,0.0,4.6,9.4,6.9,7.0,0.0,0.0,0.0,14.0
2486994,21,981358,CIUDAD MOLINA BASKET,HOME,2864918,H. Kabasele Kasonga,H. Kabasele Kasonga,0,20.4,1221.0,7.0,3.0,7.0,0.0,0.0,3.0,7.0,1.0,2.0,5.0,4.0,9.0,0.0,2.0,0.0,3.0,1.0,3.0,2.0,11.0,-13.0,44.4,42.9,0.0,28.6,0.9,0.0,1.0,25.1,20.6,22.9,0.0,0.0,17.8,20.2,21.9
2486994,21,981358,CIUDAD MOLINA BASKET,HOME,2414699,T. Boundi,T. Boundi,0,4.4,266.0,0.0,0.0,0.0,0.0,0.0,0.0,0.0,0.0,0.0,0.0,0.0,0.0,0.0,0.0,0.0,0.0,0.0,2.0,0.0,-2.0,-5.0,0.0,0.0,0.0,0.0,0.0,0.0,0.0,0.0,0.0,0.0,0.0,0.0,0.0,0.0,0.0
2486994,21,981358,CIUDAD MOLINA BASKET,HOME,2816662,G. Miladinovic,G. Miladinovic,1,19.6,1179.0,10.0,4.0,7.0,0.0,0.0,4.0,7.0,2.0,2.0,0.0,2.0,2.0,0.0,2.0,1.0,2.0,0.0,5.0,3.0,8.0,5.0,63.5,57.1,0.0,28.6,1.1,0.0,0.7,0.0,10.7,5.3,0.0,2.7,12.4,20.2,22.8
2486994,21,981358,CIUDAD MOLINA BASKET,HOME,1994360,U. Zamora Maña,U. Zamora Maña,0,11.2,675.0,0.0,0.0,0.0,0.0,2.0,0.0,2.0,0.0,0.0,1.0,2.0,3.0,1.0,1.0,0.0,0.0,0.0,2.0,1.0,0.0,-6.0,0.0,0.0,100.0,0.0,0.0,0.0,0.0,9.2,18.8,13.9,12.3,0.0,0.0,33.3,12.1
2486994,21,981358,CIUDAD MOLINA BASKET,HOME,2042118,F. Hernandez Martinez,F. Hernandez Martinez,0,15.6,933.0,6.0,1.0,4.0,1.0,4.0,2.0,8.0,1.0,2.0,0.0,4.0,4.0,1.0,0.0,0.0,0.0,1.0,3.0,1.0,2.0,-13.0,33.8,31.2,50.0,25.0,0.5,0.8,2.0,0.0,27.0,13.3,11.4,0.0,0.0,0.0,25.7
2486994,21,981358,CIUDAD MOLINA BASKET,HOME,1439463,C. Toledo Zamora,C. Toledo Zamora,1,30.4,1826.0,9.0,3.0,5.0,0.0,2.0,3.0,7.0,3.0,7.0,4.0,7.0,11.0,0.0,3.0,1.0,0.0,0.0,3.0,6.0,13.0,-4.0,44.6,42.9,28.6,100.0,1.2,0.0,1.2,13.5,24.2,18.8,0.0,1.8,0.0,22.9,19.4
2486994,21,981358,CIUDAD MOLINA BASKET,HOME,2032122,J. Tavelli,J. Tavelli,1,18.8,1129.0,7.0,2.0,2.0,1.0,5.0,3.0,7.0,0.0,0.0,0.0,2.0,2.0,3.0,2.0,2.0,0.0,0.0,4.0,0.0,4.0,-7.0,50.0,50.0,71.4,0.0,2.0,0.6,0.0,0.0,11.2,5.5,28.6,5.7,0.0,22.2,21.6
2486994,21,979897,BUENO ARENAS ALBACETE BASKET,AWAY,2772828,F. Andrade Amiel,F. Andrade Amiel,1,15.9,953.0,3.0,0.0,3.0,1.0,2.0,1.0,5.0,0.0,0.0,0.0,0.0,0.0,1.0,0.0,0.0,0.0,0.0,2.0,1.0,-1.0,10.0,30.0,30.0,40.0,0.0,0.0,1.5,0.0,0.0,0.0,0.0,13.5,0.0,0.0,0.0,15.0
2486994,21,979897,BUENO ARENAS ALBACETE BASKET,AWAY,1371559,V. Aguilar Hernandez,V. Aguilar Hernandez,1,27.5,1650.0,17.0,3.0,4.0,1.0,3.0,4.0,7.0,8.0,10.0,0.0,6.0,6.0,2.0,5.0,2.0,1.0,0.0,3.0,9.0,24.0,-1.0,74.6,64.3,42.9,142.9,1.5,1.0,1.1,0.0,22.4,11.3,18.7,3.8,4.3,30.5,28.5
2486994,21,979897,BUENO ARENAS ALBACETE BASKET,AWAY,2813013,N. Reid,N. Reid,1,21.4,1282.0,6.0,1.0,1.0,0.0,3.0,1.0,4.0,4.0,6.0,0.0,1.0,1.0,1.0,0.0,0.0,0.0,0.0,3.0,4.0,4.0,-5.0,45.2,25.0,75.0,150.0,2.0,0.0,1.5,0.0,4.8,2.4,10.5,0.0,0.0,0.0,14.8
2486994,21,979897,BUENO ARENAS ALBACETE BASKET,AWAY,1947396,V. Muñoz Quiñones,V. Muñoz Quiñones,0,20.9,1255.0,0.0,0.0,1.0,0.0,0.0,0.0,1.0,0.0,2.0,2.0,8.0,10.0,0.0,0.0,2.0,0.0,0.0,4.0,2.0,7.0,4.0,0.0,0.0,0.0,200.0,0.0,0.0,1.0,10.1,39.3,24.9,0.0,5.0,0.0,0.0,4.3
2486994,21,979897,BUENO ARENAS ALBACETE BASKET,AWAY,2432962,S. Merlo,S. Merlo,0,28.5,1710.0,16.0,4.0,9.0,1.0,4.0,5.0,13.0,5.0,8.0,2.0,5.0,7.0,6.0,2.0,3.0,1.0,2.0,3.0,7.0,24.0,10.0,48.4,42.3,30.8,61.5,0.9,0.8,1.1,7.4,18.0,12.8,61.9,5.5,4.1,10.8,31.1
2486994,21,979897,BUENO ARENAS ALBACETE BASKET,AWAY,1603635,J. Gonzalez Albadalejo,J. Gonzalez Albadalejo,0,28.1,1686.0,12.0,2.0,6.0,1.0,4.0,3.0,10.0,5.0,8.0,1.0,1.0,2.0,3.0,0.0,0.0,0.0,1.0,1.0,6.0,12.0,8.0,44.4,35.0,40.0,80.0,0.7,0.8,1.3,3.7,3.6,3.7,25.6,0.0,0.0,0.0,23.0
2486994,21,979897,BUENO ARENAS ALBACETE BASKET,AWAY,2500822,M. Voronin,M. Voronin,0,7.2,431.0,3.0,0.0,2.0,1.0,1.0,1.0,3.0,0.0,0.0,1.0,0.0,1.0,0.0,1.0,0.0,0.0,0.0,0.0,0.0,1.0,1.0,50.0,50.0,33.3,0.0,0.0,3.0,0.0,14.6,0.0,7.2,0.0,0.0,0.0,25.0,26.6
2486994,21,979897,BUENO ARENAS ALBACETE BASKET,AWAY,2817541,O. Bramble,O. Bramble,1,12.7,764.0,0.0,0.0,2.0,0.0,1.0,0.0,3.0,0.0,0.0,2.0,1.0,3.0,0.0,1.0,0.0,0.0,0.0,1.0,0.0,-2.0,7.0,0.0,0.0,33.3,0.0,0.0,0.0,0.0,16.6,8.1,12.3,0.0,0.0,0.0,25.0,15.1
2486994,21,979897,BUENO ARENAS ALBACETE BASKET,AWAY,1981843,B. Vanaclocha Sanchez,B. Vanaclocha Sanchez,1,9.9,597.0,4.0,0.0,1.0,0.0,0.0,0.0,1.0,4.0,4.0,1.0,0.0,1.0,0.0,0.0,0.0,0.0,1.0,0.0,2.0,6.0,-2.0,72.5,0.0,0.0,400.0,0.0,0.0,2.0,10.6,0.0,5.2,0.0,0.0,0.0,0.0,13.3
2486994,21,979897,BUENO ARENAS ALBACETE BASKET,AWAY,2432412,J. Hierrezuelo Serer,J. Hierrezuelo Serer,0,27.9,1672.0,17.0,3.0,4.0,3.0,6.0,6.0,10.0,2.0,2.0,0.0,5.0,5.0,0.0,0.0,1.0,1.0,1.0,0.0,1.0,21.0,8.0,78.1,75.0,60.0,20.0,1.5,1.5,2.0,0.0,18.4,9.3,0.0,1.9,4.2,0.0,18.7
2486995,21,981490,CLUB ESPORTIU BÀSQUET LLÍRIA,HOME,2274877,K. Clement Aigbogun,K. Clement Aigbogun,1,21.0,1260.0,4.0,1.0,2.0,0.0,3.0,1.0,5.0,2.0,3.0,0.0,3.0,3.0,2.0,1.0,0.0,0.0,0.0,2.0,3.0,4.0,-2.0,31.6,20.0,60.0,60.0,1.0,0.0,1.0,0.0,11.9,7.7,25.0,0.0,0.0,13.7,17.1
2486995,21,981490,CLUB ESPORTIU BÀSQUET LLÍRIA,HOME,1995160,D. Rivas Palmer,D. Rivas Palmer,0,22.6,1355.0,8.0,1.0,2.0,2.0,5.0,3.0,7.0,0.0,0.0,0.0,8.0,8.0,2.0,3.0,0.0,2.0,0.0,2.0,0.0,11.0,3.0,57.1,57.1,71.4,0.0,1.0,1.2,0.0,0.0,29.5,19.1,25.6,0.0,7.1,30.0,21.6
2486995,21,981490,CLUB ESPORTIU BÀSQUET LLÍRIA,HOME,1882178,J. Palamos Molins,J. Palamos Molins,0,20.7,1244.0,9.0,2.0,5.0,1.0,3.0,3.0,8.0,2.0,2.0,0.0,1.0,1.0,3.0,3.0,3.0,0.0,0.0,2.0,2.0,8.0,-1.0,50.7,43.8,37.5,25.0,0.8,1.0,1.0,0.0,4.0,2.6,50.0,7.3,0.0,25.3,28.1
2486995,21,981490,CLUB ESPORTIU BÀSQUET LLÍRIA,HOME,2281145,A. Rivas Palmer,A. Rivas Palmer,1,21.9,1313.0,5.0,0.0,1.0,1.0,4.0,1.0,5.0,2.0,2.0,0.0,2.0,2.0,2.0,0.0,0.0,0.0,0.0,0.0,2.0,7.0,7.0,42.5,30.0,80.0,40.0,0.0,0.8,1.0,0.0,7.6,4.9,25.0,0.0,0.0,0.0,13.1
2486995,21,981490,CLUB ESPORTIU BÀSQUET LLÍRIA,HOME,2646201,H. Salomon,H. Salomon,0,10.5,631.0,1.0,0.0,4.0,0.0,2.0,0.0,6.0,1.0,1.0,0.0,1.0,1.0,0.0,3.0,0.0,0.0,1.0,4.0,1.0,-10.0,-3.0,7.8,0.0,33.3,16.7,0.0,0.0,1.0,0.0,7.9,5.1,0.0,0.0,0.0,31.8,44.0
2486995,21,981490,CLUB ESPORTIU BÀSQUET LLÍRIA,HOME,1560358,A. Meana Perez,A. Meana Perez,1,22.1,1329.0,15.0,0.0,2.0,3.0,5.0,3.0,7.0,6.0,6.0,0.0,3.0,3.0,4.0,3.0,1.0,0.0,0.0,1.0,5.0,20.0,2.0,77.8,64.3,71.4,85.7,0.0,1.8,1.2,0.0,11.3,7.3,51.3,2.3,0.0,23.7,28.0
2486995,21,981490,CLUB ESPORTIU BÀSQUET LLÍRIA,HOME,2665346,D. Kandulu,D. Kandulu,0,16.1,968.0,7.0,1.0,2.0,0.0,0.0,1.0,2.0,5.0,6.0,1.0,5.0,6.0,0.0,1.0,0.0,1.0,0.0,2.0,3.0,12.0,-3.0,75.4,50.0,0.0,300.0,1.0,0.0,2.0,9.6,25.9,20.1,0.0,0.0,5.0,17.7,17.1
2486995,21,981490,CLUB ESPORTIU BÀSQUET LLÍRIA,HOME,1761293,P. Bono Soler,P. Bono Soler,0,15.8,947.0,0.0,0.0,0.0,0.0,0.0,0.0,0.0,0.0,0.0,0.0,6.0,6.0,0.0,0.0,0.0,0.0,0.0,1.0,0.0,5.0,6.0,0.0,0.0,0.0,0.0,0.0,0.0,0.0,0.0,31.6,20.5,0.0,0.0,0.0,0.0,0.0
2486995,21,981490,CLUB ESPORTIU BÀSQUET LLÍRIA,HOME,2184821,M. Enabulele Ogunsuyi,M. Enabulele Ogunsuyi,1,23.6,1415.0,7.0,2.0,4.0,0.0,0.0,2.0,4.0,3.0,8.0,1.0,6.0,7.0,0.0,1.0,0.0,2.0,0.0,2.0,4.0,10.0,8.0,46.5,50.0,0.0,200.0,1.0,0.0,2.0,6.5,21.2,16.0,0.0,0.0,6.8,11.7,17.7
2486995,21,981490,CLUB ESPORTIU BÀSQUET LLÍRIA,HOME,1702333,E. Herrera Sauret,E. Herrera Sauret,1,25.3,1517.0,11.0,1.0,2.0,3.0,6.0,4.0,8.0,0.0,1.0,0.0,4.0,4.0,3.0,2.0,0.0,0.0,1.0,1.0,1.0,11.0,8.0,65.2,68.8,75.0,12.5,1.0,1.5,1.0,0.0,13.2,8.5,44.1,0.0,0.0,19.2,20.2
2486995,21,981490,CLUB ESPORTIU BÀSQUET LLÍRIA,HOME,2164761,P. Navarro Maldonado,P. Navarro Maldonado,0,0.3,21.0,0.0,0.0,0.0,0.0,0.0,0.0,0.0,0.0,0.0,0.0,0.0,0.0,0.0,0.0,0.0,0.0,0.0,0.0,0.0,0.0,0.0,0.0,0.0,0.0,0.0,0.0,0.0,0.0,0.0,0.0,0.0,0.0,0.0,0.0,0.0,0.0
2486995,21,981275,MADERAS SORLI BENICARLO,AWAY,2467065,A. Ikpeze,A. Ikpeze,0,17.4,1044.0,6.0,3.0,8.0,0.0,0.0,3.0,8.0,0.0,0.0,0.0,6.0,6.0,1.0,1.0,2.0,0.0,0.0,1.0,0.0,8.0,-3.0,37.5,37.5,0.0,0.0,0.8,0.0,0.0,0.0,53.1,18.6,15.2,5.8,0.0,11.1,23.3
2486995,21,981275,MADERAS SORLI BENICARLO,AWAY,2864230,M. Becht,M. Becht,1,19.1,1149.0,8.0,1.0,3.0,1.0,8.0,2.0,11.0,3.0,3.0,0.0,0.0,0.0,0.0,1.0,2.0,0.0,0.0,1.0,1.0,0.0,0.0,32.5,22.7,72.7,27.3,0.7,0.4,3.0,0.0,0.0,0.0,0.0,5.3,0.0,7.5,31.4
2486995,21,981275,MADERAS SORLI BENICARLO,AWAY,1485040,A. Haro Val,A. Haro Val,0,25.2,1510.0,5.0,2.0,7.0,0.0,4.0,2.0,11.0,1.0,2.0,1.0,4.0,5.0,1.0,1.0,0.0,1.0,2.0,2.0,3.0,2.0,-1.0,21.0,18.2,36.4,18.2,0.6,0.0,0.7,3.3,24.4,10.7,8.1,0.0,6.6,7.8,23.0
2486995,21,981275,MADERAS SORLI BENICARLO,AWAY,1998365,P. Harguindey Maneiro,P. Harguindey Maneiro,1,26.9,1612.0,4.0,2.0,2.0,0.0,2.0,2.0,4.0,0.0,0.0,1.0,1.0,2.0,1.0,0.0,1.0,0.0,1.0,5.0,1.0,2.0,-10.0,50.0,50.0,50.0,0.0,2.0,0.0,0.0,3.1,5.7,4.0,6.8,1.9,0.0,0.0,6.7
2486995,21,981275,MADERAS SORLI BENICARLO,AWAY,1659850,A. Prior Ruiz,A. Prior Ruiz,0,18.4,1106.0,2.0,1.0,3.0,0.0,1.0,1.0,4.0,0.0,0.0,3.0,3.0,6.0,1.0,2.0,2.0,1.0,1.0,2.0,0.0,5.0,-9.0,25.0,25.0,25.0,0.0,0.7,0.0,0.0,13.6,25.1,17.6,9.1,5.5,9.1,33.3,14.7
2486995,21,981275,MADERAS SORLI BENICARLO,AWAY,2219986,A. Libroia,A. Libroia,1,38.1,2287.0,21.0,7.0,17.0,2.0,6.0,9.0,23.0,1.0,1.0,0.0,2.0,2.0,4.0,1.0,3.0,0.0,0.0,3.0,4.0,16.0,-5.0,44.8,43.5,26.1,4.3,0.8,1.0,0.2,0.0,8.1,2.8,26.7,3.9,0.0,4.1,28.9
2486995,21,981275,MADERAS SORLI BENICARLO,AWAY,2703145,M. Fall,M. Fall,1,16.2,970.0,5.0,2.0,3.0,0.0,0.0,2.0,3.0,1.0,3.0,2.0,1.0,3.0,2.0,0.0,0.0,0.0,0.0,2.0,2.0,7.0,-4.0,57.9,66.7,0.0,100.0,1.3,0.0,1.5,10.3,9.5,10.0,26.3,0.0,0.0,0.0,12.0
2486995,21,981275,MADERAS SORLI BENICARLO,AWAY,2250610,A. Sanchez Perdiguero,A. Sanchez Perdiguero,1,21.6,1294.0,11.0,3.0,5.0,0.0,1.0,3.0,6.0,5.0,9.0,2.0,5.0,7.0,1.0,2.0,0.0,0.0,1.0,4.0,5.0,11.0,4.0,55.2,50.0,16.7,150.0,1.2,0.0,1.8,7.7,35.6,17.5,11.1,0.0,0.0,16.7,24.9
2486995,21,981275,MADERAS SORLI BENICARLO,AWAY,2816381,K. Obiekwe Sam,K. Obiekwe Sam,0,17.1,1028.0,0.0,0.0,2.0,0.0,0.0,0.0,2.0,0.0,0.0,0.0,2.0,2.0,1.0,1.0,1.0,0.0,0.0,3.0,0.0,-2.0,3.0,0.0,0.0,0.0,0.0,0.0,0.0,0.0,0.0,18.0,6.3,10.4,2.9,0.0,33.3,7.9
2486996,22,981490,CLUB ESPORTIU BÀSQUET LLÍRIA,HOME,2274877,K. Clement Aigbogun,K. Clement Aigbogun,1,23.9,1433.0,4.0,1.0,3.0,0.0,1.0,1.0,4.0,2.0,2.0,2.0,1.0,3.0,1.0,2.0,0.0,0.0,0.0,3.0,3.0,3.0,-18.0,41.0,25.0,25.0,50.0,0.7,0.0,0.7,7.0,5.4,6.4,10.2,0.0,0.0,29.1,12.6
2486996,22,981490,CLUB ESPORTIU BÀSQUET LLÍRIA,HOME,1995160,D. Rivas Palmer,D. Rivas Palmer,0,18.6,1113.0,2.0,1.0,1.0,0.0,4.0,1.0,5.0,0.0,2.0,0.0,1.0,1.0,1.0,2.0,0.0,0.0,0.0,1.0,1.0,-4.0,-15.0,17.0,20.0,80.0,40.0,2.0,0.0,2.0,0.0,6.9,2.7,12.5,0.0,0.0,25.4,18.6
2486996,22,981490,CLUB ESPORTIU BÀSQUET LLÍRIA,HOME,1882178,J. Palamos Molins,J. Palamos Molins,0,18.2,1094.0,0.0,0.0,2.0,0.0,2.0,0.0,4.0,0.0,0.0,1.0,0.0,1.0,1.0,2.0,3.0,0.0,0.0,3.0,1.0,-3.0,-13.0,0.0,0.0,50.0,0.0,0.0,0.0,0.0,4.6,0.0,2.8,11.1,9.3,0.0,33.3,14.5
2486996,22,981490,CLUB ESPORTIU BÀSQUET LLÍRIA,HOME,2281145,A. Rivas Palmer,A. Rivas Palmer,1,20.8,1247.0,7.0,0.0,5.0,1.0,4.0,1.0,9.0,4.0,4.0,2.0,1.0,3.0,1.0,1.0,1.0,0.0,2.0,2.0,4.0,5.0,-22.0,32.5,16.7,44.4,44.4,0.0,0.8,1.0,8.0,6.2,7.3,12.5,2.7,0.0,8.5,24.8
2486996,22,981490,CLUB ESPORTIU BÀSQUET LLÍRIA,HOME,2646201,H. Salomon,H. Salomon,0,7.7,462.0,3.0,0.0,0.0,1.0,2.0,1.0,2.0,0.0,0.0,0.0,0.0,0.0,0.0,0.0,0.0,0.0,0.0,2.0,0.0,0.0,3.0,75.0,75.0,100.0,0.0,0.0,1.5,0.0,0.0,0.0,0.0,0.0,0.0,0.0,0.0,11.4
2486996,22,981490,CLUB ESPORTIU BÀSQUET LLÍRIA,HOME,1560358,A. Meana Perez,A. Meana Perez,1,26.6,1595.0,1.0,0.0,4.0,0.0,6.0,0.0,10.0,1.0,4.0,1.0,1.0,2.0,1.0,1.0,1.0,0.0,0.0,1.0,5.0,-5.0,-14.0,4.3,0.0,60.0,40.0,0.0,0.0,0.8,3.1,4.9,3.8,7.9,2.1,0.0,7.8,21.1
2486996,22,981490,CLUB ESPORTIU BÀSQUET LLÍRIA,HOME,2665346,D. Kandulu,D. Kandulu,0,12.4,745.0,12.0,6.0,8.0,0.0,0.0,6.0,8.0,0.0,2.0,5.0,3.0,8.0,0.0,1.0,1.0,0.0,2.0,5.0,3.0,14.0,1.0,67.6,75.0,0.0,25.0,1.5,0.0,0.7,33.6,31.2,32.7,-0.0,4.6,0.0,10.1,35.0
2486996,22,981490,CLUB ESPORTIU BÀSQUET LLÍRIA,HOME,1761293,P. Bono Soler,P. Bono Soler,0,5.3,316.0,0.0,0.0,0.0,0.0,1.0,0.0,1.0,0.0,0.0,0.0,2.0,2.0,0.0,0.0,0.0,0.0,0.0,2.0,0.0,-1.0,-1.0,0.0,0.0,100.0,0.0,0.0,0.0,0.0,0.0,48.7,19.1,0.0,0.0,0.0,0.0,8.3
2486996,22,981490,CLUB ESPORTIU BÀSQUET LLÍRIA,HOME,2184821,M. Enabulele Ogunsuyi,M. Enabulele Ogunsuyi,1,27.1,1626.0,10.0,4.0,8.0,0.0,0.0,4.0,8.0,2.0,7.0,3.0,8.0,11.0,1.0,1.0,0.0,1.0,2.0,1.0,4.0,16.0,-27.0,45.1,50.0,0.0,87.5,1.0,0.0,1.8,9.2,38.1,20.6,11.6,0.0,3.8,8.3,19.6
2486996,22,981490,CLUB ESPORTIU BÀSQUET LLÍRIA,HOME,1702333,E. Herrera Sauret,E. Herrera Sauret,1,28.2,1693.0,9.0,2.0,5.0,1.0,8.0,3.0,13.0,2.0,2.0,0.0,0.0,0.0,1.0,1.0,0.0,0.0,0.0,4.0,2.0,-3.0,-25.0,32.4,26.9,61.5,15.4,0.8,0.4,1.0,0.0,0.0,0.0,10.4,0.0,0.0,6.7,23.2
2486996,22,981490,CLUB ESPORTIU BÀSQUET LLÍRIA,HOME,2222436,S. Gallego Mogro,S. Gallego Mogro,0,11.3,676.0,3.0,0.0,2.0,1.0,3.0,1.0,5.0,0.0,0.0,0.0,3.0,3.0,0.0,1.0,1.0,0.0,1.0,1.0,0.0,1.0,1.0,30.0,30.0,60.0,0.0,0.0,1.0,0.0,0.0,34.3,13.4,0.0,5.0,0.0,16.7,23.3
2486996,22,981514,SPANISH BASKETBALL ACADEMY,AWAY,2643320,T. Trifonov,T. Trifonov,0,1.6,93.0,0.0,0.0,0.0,0.0,0.0,0.0,0.0,0.0,0.0,0.0,0.0,0.0,0.0,3.0,1.0,0.0,0.0,0.0,0.0,-2.0,0.0,0.0,0.0,0.0,0.0,0.0,0.0,0.0,0.0,0.0,0.0,0.0,32.4,0.0,100.0,92.0
2486996,22,981514,SPANISH BASKETBALL ACADEMY,AWAY,2436640,J. Puidet,J. Puidet,1,28.8,1730.0,14.0,1.0,1.0,4.0,6.0,5.0,7.0,0.0,0.0,0.0,4.0,4.0,3.0,2.0,1.0,0.0,0.0,3.0,1.0,16.0,19.0,100.0,100.0,85.7,0.0,2.0,2.0,0.0,0.0,11.6,7.0,22.7,1.8,0.0,22.2,15.3
2486996,22,981514,SPANISH BASKETBALL ACADEMY,AWAY,2312124,S. Traore,S. Traore,0,15.6,936.0,1.0,0.0,0.0,0.0,0.0,0.0,0.0,1.0,4.0,2.0,3.0,5.0,0.0,1.0,0.0,1.0,0.0,4.0,3.0,2.0,1.0,28.4,0.0,0.0,0.0,0.0,0.0,1.3,16.5,16.0,16.2,0.0,0.0,6.7,36.2,8.7
2486996,22,981514,SPANISH BASKETBALL ACADEMY,AWAY,1990032,M. Echeverria Fernandez,M. Echeverria Fernandez,0,23.6,1413.0,4.0,2.0,3.0,0.0,0.0,2.0,3.0,0.0,0.0,2.0,7.0,9.0,1.0,1.0,2.0,0.0,0.0,4.0,0.0,10.0,18.0,66.7,66.7,0.0,0.0,1.3,0.0,0.0,10.9,24.7,19.3,7.4,4.4,0.0,25.0,8.3
2486996,22,981514,SPANISH BASKETBALL ACADEMY,AWAY,2481590,A. Butko,A. Butko,0,1.6,93.0,0.0,0.0,0.0,0.0,0.0,0.0,0.0,0.0,0.0,0.0,0.0,0.0,0.0,0.0,0.0,0.0,0.0,0.0,0.0,0.0,0.0,0.0,0.0,0.0,0.0,0.0,0.0,0.0,0.0,0.0,0.0,0.0,0.0,0.0,0.0,0.0
2486996,22,981514,SPANISH BASKETBALL ACADEMY,AWAY,2846994,K. Curfman,K. Curfman,0,24.1,1444.0,11.0,2.0,2.0,1.0,7.0,3.0,9.0,4.0,4.0,0.0,2.0,2.0,1.0,2.0,1.0,0.0,0.0,0.0,2.0,9.0,7.0,51.1,38.9,77.8,44.4,2.0,0.4,2.0,0.0,6.9,4.2,7.9,2.2,0.0,15.7,26.0
2486996,22,981514,SPANISH BASKETBALL ACADEMY,AWAY,2203181,J. Ortega Mora,J. Ortega Mora,0,1.5,92.0,0.0,0.0,0.0,0.0,0.0,0.0,0.0,0.0,0.0,0.0,0.0,0.0,0.0,0.0,0.0,0.0,0.0,0.0,0.0,0.0,0.0,0.0,0.0,0.0,0.0,0.0,0.0,0.0,0.0,0.0,0.0,0.0,0.0,0.0,0.0,0.0
2486996,22,981514,SPANISH BASKETBALL ACADEMY,AWAY,2065452,J. Santano Bartolome,J. Santano Bartolome,1,19.0,1142.0,2.0,1.0,3.0,0.0,0.0,1.0,3.0,0.0,0.0,0.0,2.0,2.0,1.0,1.0,0.0,1.0,1.0,2.0,1.0,2.0,22.0,33.3,33.3,0.0,0.0,0.7,0.0,0.0,0.0,8.8,5.3,8.3,0.0,5.5,25.0,10.3
2486996,22,981514,SPANISH BASKETBALL ACADEMY,AWAY,1374966,A. Moreno Trujillo,A. Moreno Trujillo,0,10.5,629.0,3.0,0.0,2.0,0.0,0.0,0.0,2.0,3.0,4.0,1.0,2.0,3.0,3.0,1.0,0.0,0.0,0.0,1.0,4.0,8.0,5.0,39.9,0.0,0.0,200.0,0.0,0.0,1.0,12.3,15.9,14.5,38.5,0.0,0.0,21.0,22.2
2486996,22,981514,SPANISH BASKETBALL ACADEMY,AWAY,2816737,D. Simeunovic,D. Simeunovic,1,25.9,1552.0,22.0,6.0,13.0,2.0,2.0,8.0,15.0,4.0,6.0,2.0,6.0,8.0,2.0,0.0,0.0,1.0,0.0,3.0,8.0,29.0,14.0,62.4,60.0,13.3,40.0,0.9,3.0,0.8,10.0,19.3,15.6,26.3,0.0,4.1,0.0,33.4
2486996,22,981514,SPANISH BASKETBALL ACADEMY,AWAY,2752020,E. Medina Roa,E. Medina Roa,1,21.8,1305.0,6.0,1.0,6.0,0.0,0.0,1.0,6.0,4.0,4.0,3.0,5.0,8.0,0.0,1.0,0.0,4.0,0.0,3.0,2.0,11.0,22.0,38.7,16.7,0.0,66.7,0.3,0.0,2.0,17.8,19.1,18.6,0.0,0.0,19.3,11.4,19.7
2486996,22,981514,SPANISH BASKETBALL ACADEMY,AWAY,1825944,R. Garcia Salame,R. Garcia Salame,1,26.2,1571.0,14.0,6.0,9.0,0.0,4.0,6.0,13.0,2.0,2.0,1.0,3.0,4.0,3.0,1.0,2.0,0.0,0.0,3.0,4.0,16.0,22.0,50.4,46.2,30.8,15.4,1.3,0.0,0.5,4.9,9.5,7.7,24.6,4.0,0.0,6.7,27.9
2486997,22,981275,MADERAS SORLI BENICARLO,HOME,2467065,A. Ikpeze,A. Ikpeze,0,12.2,735.0,8.0,4.0,6.0,0.0,0.0,4.0,6.0,0.0,0.0,1.0,4.0,5.0,0.0,0.0,0.0,0.0,0.0,1.0,0.0,10.0,-3.0,66.7,66.7,0.0,0.0,1.3,0.0,0.0,8.4,37.5,22.2,0.0,0.0,0.0,0.0,24.8
2486997,22,981275,MADERAS SORLI BENICARLO,HOME,2864230,M. Becht,M. Becht,0,20.0,1198.0,11.0,1.0,3.0,3.0,8.0,4.0,11.0,0.0,0.0,0.0,5.0,5.0,2.0,0.0,1.0,0.0,0.0,4.0,2.0,10.0,-1.0,50.0,50.0,72.7,0.0,0.7,1.1,0.0,0.0,28.6,13.5,26.7,2.8,0.0,0.0,27.7
2486997,22,981275,MADERAS SORLI BENICARLO,HOME,1485040,A. Haro Val,A. Haro Val,0,21.2,1273.0,10.0,3.0,4.0,1.0,6.0,4.0,10.0,1.0,1.0,0.0,0.0,0.0,6.0,1.0,1.0,0.0,0.0,1.0,1.0,10.0,-1.0,47.9,45.0,60.0,10.0,1.5,0.5,1.0,0.0,0.0,0.0,80.0,2.6,0.0,8.7,27.2
2486997,22,981275,MADERAS SORLI BENICARLO,HOME,1998365,P. Harguindey Maneiro,P. Harguindey Maneiro,0,16.6,996.0,5.0,1.0,2.0,1.0,4.0,2.0,6.0,0.0,0.0,0.0,3.0,3.0,0.0,0.0,0.0,0.0,0.0,3.0,0.0,1.0,-9.0,41.7,41.7,66.7,0.0,1.0,0.8,0.0,0.0,20.7,9.8,0.0,0.0,0.0,0.0,18.2
2486997,22,981275,MADERAS SORLI BENICARLO,HOME,1659850,A. Prior Ruiz,A. Prior Ruiz,0,14.1,845.0,3.0,0.0,1.0,1.0,2.0,1.0,3.0,0.0,0.0,1.0,0.0,1.0,1.0,0.0,1.0,0.0,0.0,1.0,1.0,4.0,-2.0,50.0,50.0,66.7,0.0,0.0,1.5,0.0,7.3,0.0,3.8,12.2,4.0,0.0,0.0,10.7
2486997,22,981275,MADERAS SORLI BENICARLO,HOME,2219986,A. Libroia,A. Libroia,1,26.2,1571.0,6.0,1.0,5.0,1.0,3.0,2.0,8.0,1.0,2.0,0.0,2.0,2.0,2.0,2.0,0.0,0.0,1.0,3.0,3.0,1.0,-6.0,33.8,31.2,37.5,25.0,0.4,1.0,0.7,0.0,8.7,4.1,14.2,0.0,0.0,18.4,20.9
2486997,22,981275,MADERAS SORLI BENICARLO,HOME,2703145,M. Fall,M. Fall,1,19.9,1196.0,4.0,1.0,1.0,0.0,0.0,1.0,1.0,2.0,4.0,3.0,2.0,5.0,0.0,1.0,0.0,0.0,0.0,2.0,3.0,7.0,-6.0,72.5,100.0,0.0,400.0,2.0,0.0,1.3,15.5,11.5,13.6,0.0,0.0,0.0,26.6,9.5
2486997,22,981275,MADERAS SORLI BENICARLO,HOME,1512091,N. Rakocevic,N. Rakocevic,1,24.6,1479.0,9.0,3.0,8.0,0.0,5.0,3.0,13.0,3.0,4.0,0.0,2.0,2.0,1.0,0.0,0.0,0.0,0.0,2.0,2.0,1.0,-6.0,30.5,23.1,38.5,30.8,0.8,0.0,2.0,0.0,9.3,4.4,9.3,0.0,0.0,0.0,30.2
2486997,22,981275,MADERAS SORLI BENICARLO,HOME,2250610,A. Sanchez Perdiguero,A. Sanchez Perdiguero,1,27.2,1630.0,5.0,1.0,3.0,0.0,1.0,1.0,4.0,3.0,6.0,5.0,2.0,7.0,0.0,3.0,1.0,0.0,0.0,4.0,7.0,7.0,-6.0,37.7,25.0,25.0,150.0,0.7,0.0,0.9,18.9,8.4,13.9,0.0,2.1,0.0,31.1,17.8
2486997,22,981275,MADERAS SORLI BENICARLO,HOME,2816381,K. Obiekwe Sam,K. Obiekwe Sam,1,17.9,1077.0,3.0,0.0,0.0,1.0,3.0,1.0,3.0,0.0,0.0,0.0,2.0,2.0,0.0,0.0,1.0,0.0,0.0,2.0,0.0,2.0,-5.0,50.0,50.0,100.0,0.0,0.0,1.0,0.0,0.0,12.8,6.0,0.0,3.1,0.0,0.0,8.4
2486997,22,981358,CIUDAD MOLINA BASKET,AWAY,2816300,A. Duval,A. Duval,1,23.5,1410.0,5.0,0.0,1.0,1.0,6.0,1.0,7.0,2.0,2.0,0.0,3.0,3.0,1.0,0.0,0.0,0.0,0.0,1.0,3.0,5.0,3.0,31.7,21.4,85.7,28.6,0.0,0.5,0.7,0.0,13.1,6.9,6.8,0.0,0.0,0.0,15.9
2486997,22,981358,CIUDAD MOLINA BASKET,AWAY,1767254,G. Cadme Arias,G. Cadme Arias,0,5.7,344.0,0.0,0.0,0.0,0.0,1.0,0.0,1.0,0.0,0.0,0.0,0.0,0.0,0.0,0.0,0.0,0.0,0.0,0.0,0.0,-1.0,-5.0,0.0,0.0,100.0,0.0,0.0,0.0,0.0,0.0,0.0,0.0,0.0,0.0,0.0,0.0,8.3
2486997,22,981358,CIUDAD MOLINA BASKET,AWAY,1532799,R. Timoner Gimenez,R. Timoner Gimenez,0,22.0,1318.0,8.0,3.0,3.0,0.0,3.0,3.0,6.0,2.0,4.0,0.0,4.0,4.0,4.0,3.0,0.0,0.0,0.0,2.0,2.0,8.0,5.0,51.5,50.0,50.0,66.7,2.0,0.0,2.0,0.0,18.6,9.8,31.7,0.0,0.0,27.9,23.2
2486997,22,981358,CIUDAD MOLINA BASKET,AWAY,1514342,R. Martínez-Quintanilla Jiménez,R. Martínez-Quintanilla Jiménez,0,14.3,856.0,5.0,1.0,2.0,1.0,3.0,2.0,5.0,0.0,0.0,0.0,1.0,1.0,0.0,2.0,1.0,0.0,0.0,1.0,1.0,2.0,0.0,50.0,50.0,60.0,0.0,1.0,1.0,0.0,0.0,7.2,3.8,0.0,4.0,0.0,28.6,23.2
2486997,22,981358,CIUDAD MOLINA BASKET,AWAY,2864918,H. Kabasele Kasonga,H. Kabasele Kasonga,1,24.2,1455.0,10.0,4.0,9.0,0.0,0.0,4.0,9.0,2.0,4.0,5.0,2.0,7.0,2.0,1.0,2.0,1.0,0.0,0.0,5.0,19.0,17.0,46.5,44.4,0.0,44.4,0.9,0.0,0.8,23.6,8.5,15.6,17.2,4.8,5.0,8.5,23.1
2486997,22,981358,CIUDAD MOLINA BASKET,AWAY,2414699,T. Boundi,T. Boundi,0,0.6,33.0,0.0,0.0,0.0,0.0,1.0,0.0,1.0,0.0,0.0,0.0,0.0,0.0,0.0,0.0,0.0,0.0,0.0,1.0,0.0,-2.0,1.0,0.0,0.0,100.0,0.0,0.0,0.0,0.0,0.0,0.0,0.0,0.0,0.0,0.0,0.0,79.1
2486997,22,981358,CIUDAD MOLINA BASKET,AWAY,2816662,G. Miladinovic,G. Miladinovic,0,14.3,857.0,6.0,3.0,4.0,0.0,0.0,3.0,4.0,0.0,0.0,1.0,2.0,3.0,1.0,2.0,0.0,0.0,0.0,4.0,0.0,3.0,-4.0,75.0,75.0,0.0,0.0,1.5,0.0,0.0,8.0,14.3,11.3,13.5,0.0,0.0,33.3,19.9
2486997,22,981358,CIUDAD MOLINA BASKET,AWAY,1994360,U. Zamora Maña,U. Zamora Maña,1,23.2,1393.0,3.0,0.0,0.0,1.0,3.0,1.0,3.0,0.0,0.0,2.0,5.0,7.0,2.0,0.0,0.0,0.0,0.0,3.0,2.0,9.0,14.0,50.0,50.0,100.0,0.0,0.0,1.0,0.0,9.9,22.1,16.3,13.7,0.0,0.0,0.0,6.1
2486997,22,981358,CIUDAD MOLINA BASKET,AWAY,2042118,F. Hernandez Martinez,F. Hernandez Martinez,0,23.4,1405.0,19.0,4.0,5.0,1.0,4.0,5.0,9.0,8.0,9.0,0.0,6.0,6.0,1.0,1.0,0.0,0.0,0.0,2.0,5.0,23.0,4.0,73.3,61.1,44.4,100.0,1.6,0.8,1.8,0.0,26.3,13.9,9.4,0.0,0.0,7.2,28.3
2486997,22,981358,CIUDAD MOLINA BASKET,AWAY,1439463,C. Toledo Zamora,C. Toledo Zamora,1,24.4,1467.0,11.0,3.0,8.0,1.0,3.0,4.0,11.0,2.0,2.0,4.0,2.0,6.0,3.0,1.0,0.0,0.0,0.0,3.0,2.0,11.0,6.0,46.3,40.9,27.3,18.2,0.8,1.0,1.0,18.7,8.4,13.3,25.9,0.0,0.0,7.8,25.1
2486997,22,981358,CIUDAD MOLINA BASKET,AWAY,2032122,J. Tavelli,J. Tavelli,1,24.4,1462.0,6.0,3.0,5.0,0.0,4.0,3.0,9.0,0.0,0.0,1.0,4.0,5.0,5.0,0.0,0.0,0.0,0.0,3.0,3.0,10.0,4.0,33.3,33.3,44.4,0.0,1.2,0.0,0.0,4.7,16.8,11.1,39.7,0.0,0.0,0.0,17.5
2486998,22,979897,BUENO ARENAS ALBACETE BASKET,HOME,2772828,F. Andrade Amiel,F. Andrade Amiel,1,15.9,956.0,4.0,1.0,2.0,0.0,4.0,1.0,6.0,2.0,2.0,0.0,1.0,1.0,3.0,2.0,1.0,0.0,0.0,1.0,2.0,3.0,17.0,29.1,16.7,66.7,33.3,1.0,0.0,1.0,0.0,6.3,3.5,28.3,3.2,0.0,22.5,25.0
2486998,22,979897,BUENO ARENAS ALBACETE BASKET,HOME,1371559,V. Aguilar Hernandez,V. Aguilar Hernandez,1,25.4,1524.0,9.0,3.0,4.0,0.0,1.0,3.0,5.0,3.0,5.0,2.0,4.0,6.0,8.0,4.0,3.0,0.0,0.0,1.0,7.0,24.0,-6.0,62.5,60.0,20.0,100.0,1.5,0.0,0.7,10.2,15.7,13.3,55.6,6.0,0.0,35.7,19.7
2486998,22,979897,BUENO ARENAS ALBACETE BASKET,HOME,2813013,N. Reid,N. Reid,1,29.5,1768.0,17.0,2.0,4.0,2.0,6.0,4.0,10.0,7.0,7.0,0.0,8.0,8.0,0.0,1.0,0.0,0.0,0.0,3.0,4.0,19.0,8.0,65.0,50.0,60.0,70.0,1.0,1.0,1.8,0.0,27.1,15.3,0.0,0.0,0.0,7.1,21.4
2486998,22,979897,BUENO ARENAS ALBACETE BASKET,HOME,1947396,V. Muñoz Quiñones,V. Muñoz Quiñones,0,16.4,987.0,5.0,1.0,3.0,1.0,1.0,2.0,4.0,0.0,2.0,1.0,1.0,2.0,0.0,3.0,1.0,0.0,0.0,4.0,2.0,-1.0,15.0,51.2,62.5,25.0,50.0,0.7,3.0,1.0,7.9,6.1,6.9,0.0,3.1,0.0,38.1,21.5
2486998,22,979897,BUENO ARENAS ALBACETE BASKET,HOME,2432962,S. Merlo,S. Merlo,0,24.3,1460.0,11.0,3.0,6.0,1.0,7.0,4.0,13.0,2.0,3.0,0.0,5.0,5.0,1.0,2.0,3.0,0.0,0.0,3.0,4.0,9.0,11.0,38.4,34.6,53.8,23.1,1.0,0.4,0.8,0.0,20.6,11.6,7.5,6.2,0.0,12.3,30.1
2486998,22,979897,BUENO ARENAS ALBACETE BASKET,HOME,1603635,J. Gonzalez Albadalejo,J. Gonzalez Albadalejo,0,19.2,1155.0,15.0,2.0,7.0,2.0,5.0,4.0,12.0,5.0,5.0,0.0,1.0,1.0,2.0,0.0,0.0,0.0,1.0,2.0,4.0,12.0,-6.0,52.8,41.7,41.7,41.7,0.6,1.2,1.2,0.0,5.2,2.9,19.0,0.0,0.0,0.0,33.1
2486998,22,979897,BUENO ARENAS ALBACETE BASKET,HOME,2500822,M. Voronin,M. Voronin,0,5.1,304.0,0.0,0.0,0.0,0.0,0.0,0.0,0.0,0.0,0.0,0.0,0.0,0.0,0.0,0.0,0.0,0.0,0.0,0.0,0.0,0.0,1.0,0.0,0.0,0.0,0.0,0.0,0.0,0.0,0.0,0.0,0.0,0.0,0.0,0.0,0.0,0.0
2486998,22,979897,BUENO ARENAS ALBACETE BASKET,HOME,2817541,O. Bramble,O. Bramble,1,21.7,1303.0,15.0,6.0,6.0,1.0,1.0,7.0,7.0,0.0,0.0,2.0,3.0,5.0,0.0,1.0,0.0,1.0,0.0,2.0,0.0,18.0,-10.0,107.1,107.1,14.3,0.0,2.0,3.0,0.0,11.9,13.8,13.0,0.0,0.0,4.9,12.5,16.5
2486998,22,979897,BUENO ARENAS ALBACETE BASKET,HOME,1981843,B. Vanaclocha Sanchez,B. Vanaclocha Sanchez,0,11.9,713.0,8.0,2.0,2.0,0.0,0.0,2.0,2.0,4.0,4.0,2.0,2.0,4.0,0.0,0.0,0.0,0.0,0.0,2.0,2.0,12.0,18.0,106.4,100.0,0.0,200.0,2.0,0.0,2.0,21.7,16.8,18.9,0.0,0.0,0.0,0.0,14.1
2486998,22,979897,BUENO ARENAS ALBACETE BASKET,HOME,2432412,J. Hierrezuelo Serer,J. Hierrezuelo Serer,0,8.7,524.0,0.0,0.0,0.0,0.0,0.0,0.0,0.0,0.0,0.0,0.0,1.0,1.0,1.0,0.0,1.0,0.0,0.0,1.0,1.0,3.0,-5.0,0.0,0.0,0.0,0.0,0.0,0.0,0.0,0.0,11.5,6.5,17.2,5.8,0.0,0.0,0.0
2486998,22,979897,BUENO ARENAS ALBACETE BASKET,HOME,2156303,A. Garcia Borrego,A. Garcia Borrego,1,21.8,1306.0,5.0,1.0,4.0,1.0,1.0,2.0,5.0,0.0,0.0,2.0,2.0,4.0,0.0,0.0,0.0,0.0,0.0,2.0,0.0,4.0,-13.0,50.0,50.0,20.0,0.0,0.5,3.0,0.0,11.8,9.2,10.3,0.0,0.0,0.0,0.0,10.3
2486998,22,981347,PROINBENI UPB GANDIA,AWAY,1824880,G. Perez Ramirez,G. Perez Ramirez,0,21.2,1271.0,4.0,1.0,3.0,0.0,4.0,1.0,7.0,2.0,2.0,1.0,1.0,2.0,2.0,1.0,0.0,0.0,0.0,0.0,1.0,2.0,-7.0,25.4,14.3,57.1,28.6,0.7,0.0,2.0,4.7,6.1,5.3,15.4,0.0,0.0,11.3,18.4
2486998,22,981347,PROINBENI UPB GANDIA,AWAY,1837816,C. Hurtado Cervantes,C. Hurtado Cervantes,0,18.5,1110.0,10.0,1.0,3.0,2.0,5.0,3.0,8.0,2.0,2.0,0.0,1.0,1.0,1.0,1.0,0.0,0.0,1.0,1.0,3.0,8.0,7.0,56.3,50.0,62.5,25.0,0.7,1.2,0.7,0.0,7.0,3.0,9.1,0.0,0.0,10.1,23.4
2486998,22,981347,PROINBENI UPB GANDIA,AWAY,2736564,K. Greeley,K. Greeley,1,30.4,1822.0,22.0,5.0,8.0,3.0,9.0,8.0,17.0,3.0,3.0,0.0,2.0,2.0,2.0,3.0,0.0,0.0,0.0,3.0,2.0,13.0,-2.0,60.0,55.9,52.9,17.6,1.2,1.0,1.5,0.0,8.5,3.7,13.9,0.0,0.0,14.1,30.8
2486998,22,981347,PROINBENI UPB GANDIA,AWAY,2378347,J. Molina Martinez,J. Molina Martinez,0,20.0,1199.0,8.0,1.0,2.0,2.0,3.0,3.0,5.0,0.0,0.0,1.0,5.0,6.0,4.0,0.0,0.0,0.0,0.0,5.0,2.0,13.0,-11.0,80.0,80.0,60.0,0.0,1.0,2.0,0.0,5.0,32.3,16.9,36.4,0.0,0.0,0.0,11.0
2486998,22,981347,PROINBENI UPB GANDIA,AWAY,1673764,L. Ferrando Ortells,L. Ferrando Ortells,1,18.8,1130.0,5.0,2.0,3.0,0.0,0.0,2.0,3.0,1.0,2.0,2.0,0.0,2.0,3.0,4.0,1.0,0.0,0.0,5.0,2.0,2.0,-13.0,64.4,66.7,0.0,66.7,1.3,0.0,1.0,10.6,0.0,6.0,25.0,2.6,0.0,50.8,18.4
2486998,22,981347,PROINBENI UPB GANDIA,AWAY,1996333,M. Montilla Diaz,M. Montilla Diaz,1,13.5,810.0,10.0,5.0,6.0,0.0,0.0,5.0,6.0,0.0,1.0,3.0,2.0,5.0,0.0,0.0,0.0,0.0,0.0,2.0,1.0,12.0,10.0,77.6,83.3,0.0,16.7,1.7,0.0,1.0,22.2,19.1,20.9,0.0,0.0,0.0,0.0,20.9
2486998,22,981347,PROINBENI UPB GANDIA,AWAY,1827011,J. Soler Cirujeda,J. Soler Cirujeda,0,13.1,786.0,4.0,1.0,4.0,0.0,2.0,1.0,6.0,2.0,3.0,0.0,1.0,1.0,0.0,1.0,0.0,0.0,0.0,2.0,2.0,-2.0,-10.0,27.3,16.7,33.3,50.0,0.5,0.0,1.5,0.0,9.8,4.3,0.0,0.0,0.0,12.0,27.9
2486998,22,981347,PROINBENI UPB GANDIA,AWAY,1857448,J. Santana Luchoro,J. Santana Luchoro,1,24.9,1496.0,5.0,1.0,6.0,0.0,2.0,1.0,8.0,3.0,4.0,2.0,4.0,6.0,2.0,2.0,2.0,1.0,0.0,4.0,2.0,4.0,-13.0,25.6,12.5,25.0,50.0,0.3,0.0,2.0,8.0,20.7,13.6,12.7,4.0,4.2,17.0,20.7
2486998,22,981347,PROINBENI UPB GANDIA,AWAY,1851026,A. Bellver Valiente,A. Bellver Valiente,0,5.0,300.0,0.0,0.0,0.0,0.0,1.0,0.0,1.0,0.0,0.0,1.0,0.0,1.0,0.0,0.0,0.0,0.0,0.0,1.0,0.0,-1.0,3.0,0.0,0.0,100.0,0.0,0.0,0.0,0.0,20.0,0.0,11.3,0.0,0.0,0.0,0.0,8.8
2486998,22,981347,PROINBENI UPB GANDIA,AWAY,2868534,C. Osaikhwuwuomwan,C. Osaikhwuwuomwan,1,23.3,1396.0,9.0,0.0,0.0,1.0,4.0,1.0,4.0,6.0,6.0,2.0,6.0,8.0,0.0,0.0,3.0,0.0,0.0,1.0,4.0,20.0,-2.0,67.8,37.5,100.0,150.0,0.0,0.8,1.5,8.6,33.2,19.3,0.0,6.4,0.0,0.0,12.5
2486998,22,981347,PROINBENI UPB GANDIA,AWAY,2335802,J. Bitjaa Kody,J. Bitjaa Kody,0,11.3,680.0,6.0,3.0,3.0,0.0,1.0,3.0,4.0,0.0,0.0,0.0,0.0,0.0,3.0,0.0,0.0,0.0,0.0,2.0,2.0,8.0,8.0,75.0,75.0,25.0,0.0,2.0,0.0,0.0,0.0,0.0,0.0,55.6,0.0,0.0,0.0,15.5
2486999,22,981216,CLASS BASQUET SANT ANTONI,HOME,2534687,G. Gantt,G. Gantt,0,15.1,907.0,8.0,1.0,2.0,2.0,6.0,3.0,8.0,0.0,0.0,0.0,1.0,1.0,0.0,0.0,0.0,1.0,0.0,1.0,1.0,5.0,6.0,50.0,50.0,75.0,0.0,1.0,1.0,0.0,0.0,7.8,3.8,0.0,0.0,6.8,0.0,24.0
2486999,22,981216,CLASS BASQUET SANT ANTONI,HOME,1394852,G. Blat Baeza,G. Blat Baeza,0,12.3,740.0,3.0,1.0,1.0,0.0,1.0,1.0,2.0,1.0,2.0,0.0,4.0,4.0,5.0,0.0,1.0,0.0,0.0,3.0,2.0,10.0,5.0,52.1,50.0,50.0,100.0,2.0,0.0,1.0,0.0,38.3,18.6,52.6,4.5,0.0,0.0,10.6
2486999,22,981216,CLASS BASQUET SANT ANTONI,HOME,2815818,K. Johnson,K. Johnson,1,21.1,1266.0,11.0,4.0,9.0,1.0,2.0,5.0,11.0,0.0,0.0,1.0,4.0,5.0,2.0,3.0,2.0,0.0,0.0,2.0,0.0,9.0,35.0,50.0,50.0,18.2,0.0,0.9,1.5,0.0,5.3,22.3,13.5,16.0,5.3,0.0,21.4,30.1
2486999,22,981216,CLASS BASQUET SANT ANTONI,HOME,2865697,L. Tvrdic,L. Tvrdic,0,15.8,948.0,4.0,2.0,4.0,0.0,2.0,2.0,6.0,0.0,0.0,0.0,0.0,0.0,0.0,0.0,1.0,0.0,0.0,2.0,0.0,-1.0,11.0,33.3,33.3,33.3,0.0,1.0,0.0,0.0,0.0,0.0,0.0,0.0,3.5,0.0,0.0,17.2
2486999,22,981216,CLASS BASQUET SANT ANTONI,HOME,1528610,J. Rodriguez Jimenez,J. Rodriguez Jimenez,0,9.8,590.0,5.0,1.0,2.0,1.0,1.0,2.0,3.0,0.0,0.0,0.0,1.0,1.0,1.0,0.0,0.0,0.0,0.0,0.0,0.0,6.0,9.0,83.3,83.3,33.3,0.0,1.0,3.0,0.0,0.0,12.0,5.8,20.0,0.0,0.0,0.0,13.9
2486999,22,981216,CLASS BASQUET SANT ANTONI,HOME,2363916,D. De La Rua De Agustin,D. De La Rua De Agustin,1,26.1,1568.0,13.0,4.0,5.0,1.0,4.0,5.0,9.0,2.0,2.0,0.0,3.0,3.0,6.0,1.0,2.0,0.0,0.0,1.0,1.0,19.0,30.0,65.8,61.1,44.4,22.2,1.6,0.8,2.0,0.0,13.5,6.6,30.8,4.3,0.0,9.2,18.9
2486999,22,981216,CLASS BASQUET SANT ANTONI,HOME,1397157,R. Gomez Barral,R. Gomez Barral,0,15.8,945.0,2.0,1.0,1.0,0.0,3.0,1.0,4.0,0.0,0.0,4.0,2.0,6.0,0.0,1.0,0.0,1.0,0.0,0.0,2.0,7.0,9.0,25.0,25.0,75.0,0.0,2.0,0.0,0.0,28.1,14.9,21.7,0.0,0.0,6.5,20.0,14.4
2486999,22,981216,CLASS BASQUET SANT ANTONI,HOME,2462416,E. Stoilov,E. Stoilov,1,22.5,1350.0,15.0,5.0,7.0,0.0,0.0,5.0,7.0,5.0,7.0,4.0,9.0,13.0,2.0,3.0,1.0,0.0,0.0,4.0,4.0,24.0,36.0,74.4,71.4,0.0,100.0,1.4,0.0,1.8,19.8,47.1,33.0,12.5,2.5,0.0,22.9,26.4
2486999,22,981216,CLASS BASQUET SANT ANTONI,HOME,1834527,S. Paz Vazquez,S. Paz Vazquez,1,17.0,1021.0,9.0,2.0,2.0,1.0,7.0,3.0,9.0,2.0,2.0,4.0,1.0,5.0,1.0,1.0,2.0,0.0,0.0,1.0,1.0,10.0,13.0,45.5,38.9,77.8,22.2,2.0,0.4,2.0,26.1,6.9,16.8,9.1,6.6,0.0,9.2,29.0
2486999,22,981216,CLASS BASQUET SANT ANTONI,HOME,2128433,N. Zizic,N. Zizic,0,17.5,1050.0,6.0,3.0,6.0,0.0,0.0,3.0,6.0,0.0,1.0,3.0,1.0,4.0,2.0,0.0,1.0,0.0,0.0,0.0,5.0,14.0,1.0,46.6,50.0,0.0,16.7,1.0,0.0,0.2,19.0,6.7,13.1,18.2,3.2,0.0,0.0,16.7
2486999,22,981216,CLASS BASQUET SANT ANTONI,HOME,2182043,J. Solarin,J. Solarin,1,22.7,1362.0,4.0,2.0,3.0,0.0,2.0,2.0,5.0,0.0,0.0,2.0,1.0,3.0,1.0,0.0,1.0,0.0,0.0,1.0,0.0,5.0,17.0,40.0,40.0,40.0,0.0,1.3,0.0,0.0,9.8,5.2,7.6,5.3,2.5,0.0,0.0,10.0
2486999,22,981216,CLASS BASQUET SANT ANTONI,HOME,1878691,I. Ruiz Gonzalez,I. Ruiz Gonzalez,0,4.2,253.0,7.0,2.0,2.0,1.0,1.0,3.0,3.0,0.0,0.0,0.0,1.0,1.0,0.0,0.0,0.0,1.0,0.0,0.0,0.0,9.0,13.0,116.7,116.7,33.3,0.0,2.0,3.0,0.0,0.0,28.0,13.6,0.0,0.0,24.4,0.0,32.4
2486999,22,981491,C.B. GETAFE,AWAY,1223461,J. Tejera Tejo,J. Tejera Tejo,0,3.4,203.0,0.0,0.0,0.0,0.0,0.0,0.0,0.0,0.0,0.0,0.0,0.0,0.0,0.0,0.0,0.0,0.0,0.0,0.0,0.0,0.0,2.0,0.0,0.0,0.0,0.0,0.0,0.0,0.0,0.0,0.0,0.0,0.0,0.0,0.0,0.0,0.0
2486999,22,981491,C.B. GETAFE,AWAY,2816388,M. Abdulsalam,M. Abdulsalam,1,29.1,1744.0,13.0,6.0,10.0,0.0,0.0,6.0,10.0,1.0,4.0,3.0,5.0,8.0,0.0,4.0,1.0,0.0,1.0,5.0,3.0,9.0,-14.0,55.3,60.0,0.0,40.0,1.2,0.0,1.3,12.1,19.1,15.7,0.0,2.0,0.0,25.4,27.8
2486999,22,981491,C.B. GETAFE,AWAY,1789964,E. Ortiz Torres,E. Ortiz Torres,0,17.0,1021.0,0.0,0.0,2.0,0.0,1.0,0.0,3.0,0.0,0.0,1.0,0.0,1.0,2.0,3.0,1.0,0.0,0.0,2.0,1.0,-3.0,-7.0,0.0,0.0,33.3,0.0,0.0,0.0,0.0,6.9,0.0,3.4,25.0,3.4,0.0,50.0,18.1
2486999,22,981491,C.B. GETAFE,AWAY,2815898,C. Henderson,C. Henderson,1,23.6,1419.0,12.0,2.0,6.0,2.0,4.0,4.0,10.0,2.0,2.0,2.0,2.0,4.0,0.0,3.0,0.0,0.0,1.0,3.0,1.0,5.0,-30.0,55.1,50.0,40.0,20.0,0.7,1.5,2.0,10.0,9.4,9.7,0.0,0.0,0.0,21.6,30.2
2486999,22,981491,C.B. GETAFE,AWAY,1328788,M. Alvarez Puertas,M. Alvarez Puertas,0,13.5,809.0,5.0,1.0,3.0,1.0,1.0,2.0,4.0,0.0,0.0,0.0,1.0,1.0,0.0,0.0,0.0,0.0,0.0,0.0,0.0,4.0,-1.0,62.5,62.5,25.0,0.0,0.7,3.0,0.0,0.0,8.2,4.2,0.0,0.0,0.0,0.0,15.2
2486999,22,981491,C.B. GETAFE,AWAY,1674978,G. Mulero Maldonado,G. Mulero Maldonado,0,23.0,1382.0,4.0,2.0,6.0,0.0,2.0,2.0,8.0,0.0,0.0,0.0,2.0,2.0,3.0,3.0,0.0,0.0,0.0,2.0,4.0,2.0,-23.0,25.0,25.0,25.0,0.0,0.7,0.0,0.0,0.0,9.7,5.0,30.0,0.0,0.0,27.3,24.6
2486999,22,981491,C.B. GETAFE,AWAY,1582089,J. Parra Baez,J. Parra Baez,1,27.5,1651.0,4.0,1.0,4.0,0.0,4.0,1.0,8.0,2.0,2.0,0.0,1.0,1.0,2.0,3.0,0.0,0.0,0.0,1.0,2.0,-2.0,-25.0,22.5,12.5,50.0,25.0,0.5,0.0,1.0,0.0,4.0,2.1,15.4,0.0,0.0,25.3,22.2
2486999,22,981491,C.B. GETAFE,AWAY,1820240,P. Arribas Gomez,P. Arribas Gomez,0,4.2,255.0,2.0,1.0,1.0,0.0,0.0,1.0,1.0,0.0,0.0,0.0,0.0,0.0,0.0,0.0,0.0,0.0,0.0,0.0,0.0,2.0,-6.0,100.0,100.0,0.0,0.0,2.0,0.0,0.0,0.0,0.0,0.0,0.0,0.0,0.0,0.0,12.2
2486999,22,981491,C.B. GETAFE,AWAY,1590474,G. Kasanzi Obama,G. Kasanzi Obama,1,18.7,1123.0,6.0,3.0,5.0,0.0,2.0,3.0,7.0,0.0,0.0,0.0,2.0,2.0,0.0,0.0,1.0,0.0,1.0,1.0,1.0,5.0,-24.0,42.9,42.9,28.6,0.0,1.2,0.0,0.0,0.0,11.9,6.1,0.0,3.0,0.0,0.0,19.2
2486999,22,981491,C.B. GETAFE,AWAY,2816389,J. Nve Maleva,J. Nve Maleva,0,10.9,656.0,0.0,0.0,0.0,0.0,0.0,0.0,0.0,0.0,0.0,0.0,2.0,2.0,0.0,1.0,0.0,0.0,0.0,1.0,0.0,0.0,-23.0,0.0,0.0,0.0,0.0,0.0,0.0,0.0,0.0,20.4,10.5,0.0,0.0,0.0,100.0,4.7
2486999,22,981491,C.B. GETAFE,AWAY,1876223,A. Montero Isla,A. Montero Isla,1,28.9,1737.0,4.0,1.0,2.0,0.0,1.0,1.0,3.0,2.0,3.0,0.0,3.0,3.0,4.0,2.0,0.0,0.0,0.0,1.0,3.0,8.0,-34.0,46.3,33.3,33.3,100.0,1.0,0.0,1.0,0.0,11.5,5.9,30.8,0.0,0.0,31.6,11.2
2487000,22,981281,LOBE HUESCA LA MAGIA,HOME,2151562,O. Thiam Pedrera,O. Thiam Pedrera,1,24.2,1452.0,10.0,3.0,6.0,0.0,1.0,3.0,7.0,4.0,5.0,2.0,6.0,8.0,2.0,2.0,1.0,0.0,0.0,0.0,3.0,17.0,2.0,54.3,42.9,14.3,71.4,1.0,0.0,1.7,10.7,26.8,19.4,16.7,2.0,0.0,17.9,21.2
2487000,22,981281,LOBE HUESCA LA MAGIA,HOME,2273469,O. Bieshaar,O. Bieshaar,0,16.5,988.0,3.0,0.0,0.0,1.0,3.0,1.0,3.0,0.0,0.0,0.0,9.0,9.0,2.0,3.0,0.0,1.0,0.0,2.0,1.0,9.0,-13.0,50.0,50.0,100.0,0.0,0.0,1.0,0.0,0.0,59.0,32.1,22.2,0.0,7.1,50.0,16.7
2487000,22,981281,LOBE HUESCA LA MAGIA,HOME,1756469,H. Figueroa Álvarez,H. Figueroa Álvarez,1,26.3,1580.0,17.0,0.0,2.0,4.0,8.0,4.0,10.0,5.0,6.0,0.0,0.0,0.0,1.0,1.0,0.0,0.0,0.0,0.0,5.0,15.0,-11.0,67.2,60.0,80.0,60.0,0.0,1.5,1.2,0.0,0.0,0.0,7.4,0.0,0.0,7.3,23.8
2487000,22,981281,LOBE HUESCA LA MAGIA,HOME,2815292,A. Smith,A. Smith,0,21.5,1291.0,12.0,4.0,6.0,0.0,0.0,4.0,6.0,4.0,6.0,0.0,2.0,2.0,3.0,1.0,2.0,0.0,0.0,1.0,3.0,16.0,-17.0,69.4,66.7,0.0,100.0,1.3,0.0,2.0,0.0,10.1,5.5,35.3,4.6,0.0,10.4,20.5
2487000,22,981281,LOBE HUESCA LA MAGIA,HOME,2823388,J. Fritz,J. Fritz,1,9.7,581.0,4.0,1.0,3.0,0.0,0.0,1.0,3.0,2.0,4.0,1.0,3.0,4.0,1.0,0.0,0.0,0.0,1.0,0.0,2.0,7.0,1.0,42.0,33.3,0.0,133.3,0.7,0.0,2.0,13.3,33.4,24.3,25.0,0.0,0.0,0.0,22.5
2487000,22,981281,LOBE HUESCA LA MAGIA,HOME,2815543,A. Badmus,A. Badmus,0,20.5,1228.0,4.0,2.0,4.0,0.0,0.0,2.0,4.0,0.0,1.0,2.0,0.0,2.0,2.0,4.0,0.0,0.0,1.0,4.0,3.0,0.0,-9.0,45.0,50.0,0.0,25.0,1.0,0.0,0.3,12.6,0.0,5.7,19.0,0.0,0.0,47.4,18.9
2487000,22,981281,LOBE HUESCA LA MAGIA,HOME,2559072,P. Suárez Custodio,P. Suárez Custodio,0,19.7,1183.0,9.0,3.0,3.0,1.0,5.0,4.0,8.0,0.0,0.0,1.0,0.0,1.0,0.0,2.0,0.0,0.0,0.0,3.0,0.0,1.0,-20.0,56.2,56.2,62.5,0.0,2.0,0.6,0.0,6.5,0.0,3.0,0.0,0.0,0.0,20.0,23.3
2487000,22,981281,LOBE HUESCA LA MAGIA,HOME,1761508,P. Lopez-Sanvicente Reta,P. Lopez-Sanvicente Reta,0,21.3,1279.0,6.0,3.0,5.0,0.0,2.0,3.0,7.0,0.0,0.0,1.0,2.0,3.0,0.0,1.0,2.0,0.0,0.0,3.0,0.0,3.0,-27.0,42.9,42.9,28.6,0.0,1.2,0.0,0.0,6.1,10.2,8.3,0.0,4.6,0.0,12.5,17.2
2487000,22,981281,LOBE HUESCA LA MAGIA,HOME,2116811,G. Rodriguez Soler,G. Rodriguez Soler,1,18.1,1086.0,3.0,0.0,1.0,1.0,2.0,1.0,3.0,0.0,0.0,1.0,1.0,2.0,5.0,2.0,1.0,0.0,0.0,2.0,3.0,8.0,-2.0,50.0,50.0,66.7,0.0,0.0,1.5,0.0,7.1,6.0,6.5,43.5,2.7,0.0,40.0,12.7
2487000,22,981281,LOBE HUESCA LA MAGIA,HOME,2054954,G. Vazquez Vallejo,G. Vazquez Vallejo,1,22.2,1332.0,9.0,1.0,3.0,1.0,3.0,2.0,6.0,4.0,6.0,0.0,4.0,4.0,2.0,2.0,0.0,0.0,0.0,5.0,6.0,8.0,6.0,52.1,41.7,50.0,100.0,0.7,1.0,1.0,0.0,19.5,10.6,15.4,0.0,0.0,18.8,22.0
2487000,22,979996,AMICS CASTELLÓ,AWAY,2149001,R. Fabrega Urpina,R. Fabrega Urpina,0,21.0,1260.0,0.0,0.0,1.0,0.0,2.0,0.0,3.0,0.0,0.0,0.0,3.0,3.0,6.0,3.0,1.0,0.0,0.0,0.0,0.0,4.0,13.0,0.0,0.0,66.7,0.0,0.0,0.0,0.0,0.0,18.4,8.4,35.3,2.4,0.0,50.0,12.6
2487000,22,979996,AMICS CASTELLÓ,AWAY,273780,J. Faner Catala,J. Faner Catala,1,24.6,1473.0,15.0,3.0,4.0,2.0,4.0,5.0,8.0,3.0,4.0,0.0,3.0,3.0,6.0,1.0,2.0,0.0,0.0,2.0,2.0,21.0,0.0,76.8,75.0,50.0,50.0,1.5,1.5,2.0,0.0,15.7,7.2,39.0,4.1,0.0,9.3,19.3
2487000,22,979996,AMICS CASTELLÓ,AWAY,2818901,O. Russell,O. Russell,1,25.9,1557.0,23.0,3.0,5.0,5.0,11.0,8.0,16.0,2.0,2.0,0.0,1.0,1.0,4.0,2.0,2.0,0.0,0.0,4.0,4.0,20.0,20.0,68.1,65.6,68.8,12.5,1.2,1.4,0.5,0.0,5.0,2.3,32.3,3.9,0.0,10.6,32.1
2487000,22,979996,AMICS CASTELLÓ,AWAY,2816147,D. Bah,D. Bah,1,14.6,873.0,14.0,6.0,8.0,0.0,0.0,6.0,8.0,2.0,3.0,3.0,1.0,4.0,1.0,0.0,1.0,0.0,0.0,3.0,3.0,17.0,6.0,75.1,75.0,0.0,37.5,1.5,0.0,1.0,22.2,8.8,16.1,13.2,3.5,0.0,0.0,28.1
2487000,22,979996,AMICS CASTELLÓ,AWAY,1817496,P. Garcia Carrero,P. Garcia Carrero,0,14.8,890.0,2.0,1.0,1.0,0.0,2.0,1.0,3.0,0.0,0.0,1.0,2.0,3.0,1.0,1.0,0.0,0.0,0.0,3.0,0.0,0.0,14.0,33.3,33.3,66.7,0.0,2.0,0.0,0.0,7.3,17.4,11.9,7.9,0.0,0.0,25.0,11.9
2487000,22,979996,AMICS CASTELLÓ,AWAY,1535344,I. Rosa Pompido,I. Rosa Pompido,0,17.4,1046.0,17.0,2.0,3.0,4.0,5.0,6.0,8.0,1.0,2.0,2.0,2.0,4.0,2.0,1.0,0.0,1.0,1.0,4.0,2.0,18.0,15.0,95.7,100.0,62.5,25.0,1.3,2.4,1.0,12.4,14.8,13.5,26.3,0.0,7.0,10.1,25.0
2487000,22,979996,AMICS CASTELLÓ,AWAY,2816661,M. Mukendi Mukendi,M. Mukendi Mukendi,0,10.4,627.0,2.0,0.0,1.0,0.0,0.0,0.0,1.0,2.0,6.0,0.0,1.0,1.0,0.0,1.0,0.0,0.0,0.0,3.0,3.0,-3.0,-9.0,27.5,0.0,0.0,600.0,0.0,0.0,2.0,0.0,12.4,5.7,0.0,0.0,0.0,21.6,19.7
2487000,22,979996,AMICS CASTELLÓ,AWAY,2641325,M. Andreatta,M. Andreatta,0,15.9,952.0,4.0,1.0,2.0,0.0,3.0,1.0,5.0,2.0,2.0,0.0,4.0,4.0,0.0,0.0,1.0,1.0,0.0,1.0,2.0,7.0,8.0,34.0,20.0,60.0,40.0,1.0,0.0,1.0,0.0,32.5,14.8,0.0,3.2,7.6,0.0,16.3
2487000,22,979996,AMICS CASTELLÓ,AWAY,2325314,F. Stutz,F. Stutz,1,25.9,1557.0,8.0,2.0,5.0,1.0,3.0,3.0,8.0,1.0,1.0,0.0,3.0,3.0,1.0,1.0,0.0,0.0,0.0,2.0,1.0,5.0,16.0,47.4,43.8,37.5,12.5,0.8,1.0,1.0,0.0,14.9,6.8,5.7,0.0,0.0,10.6,16.1
2487000,22,979996,AMICS CASTELLÓ,AWAY,1627889,A. Tamayo Lesmes,A. Tamayo Lesmes,1,29.4,1765.0,10.0,2.0,4.0,2.0,7.0,4.0,11.0,0.0,0.0,4.0,3.0,7.0,2.0,1.0,2.0,0.0,0.0,4.0,2.0,11.0,7.0,45.5,45.5,63.6,0.0,1.0,0.9,0.0,14.7,13.2,14.0,10.1,3.4,0.0,8.3,18.0
2487001,22,981428,HOMS U.E.MATARÓ,HOME,2162105,F. Garrido Teban,F. Garrido Teban,0,16.3,980.0,4.0,1.0,3.0,0.0,2.0,1.0,5.0,2.0,2.0,0.0,0.0,0.0,1.0,0.0,0.0,0.0,0.0,0.0,1.0,2.0,-18.0,34.0,20.0,40.0,40.0,0.7,0.0,2.0,0.0,0.0,0.0,13.5,0.0,0.0,0.0,17.1
2487001,22,981428,HOMS U.E.MATARÓ,HOME,1914611,J. Boix Colet,J. Boix Colet,1,31.5,1891.0,7.0,2.0,12.0,1.0,4.0,3.0,16.0,0.0,0.0,1.0,3.0,4.0,6.0,1.0,0.0,1.0,0.0,5.0,3.0,2.0,-19.0,21.9,21.9,25.0,0.0,0.3,0.8,0.0,3.1,10.6,6.6,43.5,0.0,2.6,5.9,25.6
2487001,22,981428,HOMS U.E.MATARÓ,HOME,2534044,J. Tomaic Tomaic,J. Tomaic Tomaic,0,19.1,1147.0,4.0,2.0,3.0,0.0,3.0,2.0,6.0,0.0,0.0,1.0,3.0,4.0,2.0,1.0,0.0,0.0,0.0,3.0,0.0,2.0,-20.0,33.3,33.3,50.0,0.0,1.3,0.0,0.0,5.1,17.5,10.9,23.5,0.0,0.0,14.3,17.4
2487001,22,981428,HOMS U.E.MATARÓ,HOME,1591966,J. Castillo Carrasco,J. Castillo Carrasco,1,21.0,1262.0,3.0,0.0,0.0,1.0,5.0,1.0,5.0,0.0,0.0,0.0,3.0,3.0,2.0,0.0,2.0,2.0,0.0,3.0,0.0,5.0,-6.0,30.0,30.0,100.0,0.0,0.0,0.6,0.0,0.0,15.9,7.4,21.1,5.1,7.8,0.0,11.3
2487001,22,981428,HOMS U.E.MATARÓ,HOME,1568569,J. Juanola Madera,J. Juanola Madera,1,26.6,1599.0,4.0,0.0,4.0,1.0,5.0,1.0,9.0,1.0,1.0,1.0,2.0,3.0,2.0,2.0,0.0,0.0,0.0,0.0,3.0,2.0,-17.0,21.2,16.7,55.6,11.1,0.0,0.6,0.3,3.7,8.4,5.9,14.6,0.0,0.0,17.5,20.4
2487001,22,981428,HOMS U.E.MATARÓ,HOME,1927150,N. Ferrer Iglesia,N. Ferrer Iglesia,1,22.4,1344.0,10.0,3.0,3.0,1.0,2.0,4.0,5.0,1.0,1.0,2.0,3.0,5.0,0.0,3.0,0.0,0.0,0.0,4.0,1.0,8.0,-8.0,91.9,90.0,40.0,20.0,2.0,1.5,1.0,8.7,14.9,11.6,0.0,0.0,0.0,35.5,17.9
2487001,22,981428,HOMS U.E.MATARÓ,HOME,1942837,G. Martinez Rivera,G. Martinez Rivera,0,23.6,1418.0,10.0,2.0,6.0,1.0,6.0,3.0,12.0,3.0,4.0,0.0,4.0,4.0,2.0,2.0,0.0,0.0,1.0,1.0,3.0,6.0,-20.0,36.3,29.2,50.0,33.3,0.7,0.5,1.3,0.0,18.8,8.8,20.8,0.0,0.0,12.7,31.7
2487001,22,981428,HOMS U.E.MATARÓ,HOME,2813635,E. Kalu,E. Kalu,1,31.6,1896.0,14.0,5.0,8.0,0.0,0.0,5.0,8.0,4.0,4.0,3.0,5.0,8.0,1.0,2.0,1.0,4.0,0.0,1.0,3.0,25.0,-10.0,71.7,62.5,0.0,50.0,1.2,0.0,1.3,9.3,17.6,13.2,8.5,1.7,10.3,17.0,17.7
2487001,22,981428,HOMS U.E.MATARÓ,HOME,1920919,E. Coll Comabella,E. Coll Comabella,0,7.7,463.0,2.0,1.0,1.0,0.0,1.0,1.0,2.0,0.0,0.0,0.0,0.0,0.0,0.0,0.0,0.0,0.0,0.0,0.0,0.0,1.0,-12.0,50.0,50.0,50.0,0.0,2.0,0.0,0.0,0.0,0.0,0.0,0.0,0.0,0.0,0.0,12.3
2487001,22,981294,C.B. ZARAGOZA,AWAY,1802050,D. Muñoz Samatan,D. Muñoz Samatan,1,18.9,1135.0,2.0,1.0,2.0,0.0,0.0,1.0,2.0,0.0,0.0,3.0,0.0,3.0,1.0,1.0,0.0,0.0,0.0,2.0,1.0,3.0,13.0,50.0,50.0,0.0,0.0,1.0,0.0,0.0,17.6,0.0,8.2,6.2,0.0,0.0,33.3,7.2
2487001,22,981294,C.B. ZARAGOZA,AWAY,1798932,D. Arjol Lopez,D. Arjol Lopez,1,33.1,1988.0,14.0,4.0,9.0,2.0,4.0,6.0,13.0,0.0,0.0,1.0,10.0,11.0,7.0,2.0,1.0,0.0,2.0,1.0,2.0,25.0,25.0,53.8,53.8,30.8,0.0,0.9,1.5,0.0,3.4,29.5,17.3,33.0,1.6,0.0,13.3,20.6
2487001,22,981294,C.B. ZARAGOZA,AWAY,2291622,L. Andres Arenas,L. Andres Arenas,0,4.2,251.0,0.0,0.0,3.0,0.0,1.0,0.0,4.0,0.0,0.0,0.0,0.0,0.0,0.0,0.0,0.0,0.0,2.0,1.0,0.0,-5.0,-3.0,0.0,0.0,25.0,0.0,0.0,0.0,0.0,0.0,0.0,0.0,0.0,0.0,0.0,0.0,43.2
2487001,22,981294,C.B. ZARAGOZA,AWAY,361567,E. Gatell Sanz,E. Gatell Sanz,0,18.9,1137.0,6.0,3.0,5.0,0.0,1.0,3.0,6.0,0.0,1.0,3.0,4.0,7.0,0.0,2.0,1.0,0.0,0.0,4.0,2.0,6.0,14.0,46.6,50.0,16.7,16.7,1.2,0.0,0.5,17.6,20.6,19.2,0.0,2.8,0.0,23.7,20.3
2487001,22,981294,C.B. ZARAGOZA,AWAY,1861515,P. Aso Jimenez,P. Aso Jimenez,0,15.7,940.0,2.0,1.0,1.0,0.0,1.0,1.0,2.0,0.0,0.0,2.0,3.0,5.0,0.0,0.0,0.0,0.0,0.0,0.0,0.0,6.0,5.0,50.0,50.0,50.0,0.0,2.0,0.0,0.0,14.2,18.6,16.5,0.0,0.0,0.0,0.0,5.8
2487001,22,981294,C.B. ZARAGOZA,AWAY,2704882,Y. Kolo,Y. Kolo,1,26.5,1588.0,10.0,3.0,8.0,1.0,3.0,4.0,11.0,1.0,2.0,4.0,8.0,12.0,4.0,1.0,0.0,1.0,1.0,2.0,1.0,17.0,20.0,42.1,40.9,27.3,18.2,0.8,1.0,2.0,16.8,29.5,23.5,20.2,0.0,3.8,7.8,22.1
2487001,22,981294,C.B. ZARAGOZA,AWAY,2815312,J. Zhao Olmos,J. Zhao Olmos,1,34.8,2086.0,21.0,5.0,11.0,2.0,6.0,7.0,17.0,5.0,9.0,0.0,3.0,3.0,3.0,0.0,3.0,0.0,1.0,1.0,9.0,24.0,24.0,50.1,47.1,35.3,52.9,0.9,1.0,1.0,0.0,8.4,4.5,12.7,4.5,0.0,0.0,27.3
2487001,22,981294,C.B. ZARAGOZA,AWAY,1556128,G. Colom Barrufet,G. Colom Barrufet,0,21.1,1266.0,17.0,5.0,5.0,2.0,5.0,7.0,10.0,1.0,2.0,0.0,2.0,2.0,1.0,2.0,0.0,0.0,0.0,3.0,2.0,13.0,24.0,78.1,80.0,50.0,20.0,2.0,1.2,1.0,0.0,9.2,4.9,10.0,0.0,0.0,15.5,27.7
2487001,22,981294,C.B. ZARAGOZA,AWAY,1910411,A. Aragones Navais,A. Aragones Navais,1,26.8,1609.0,12.0,3.0,5.0,2.0,3.0,5.0,8.0,0.0,0.0,0.0,3.0,3.0,2.0,1.0,0.0,0.0,1.0,1.0,0.0,12.0,8.0,75.0,75.0,37.5,0.0,1.2,2.0,0.0,0.0,10.9,5.8,10.6,0.0,0.0,11.1,15.2
2487002,22,981305,SOL GIRONÈS BISBAL BÀSQUET,HOME,2864634,X. Ochu,X. Ochu,1,28.9,1732.0,4.0,2.0,4.0,0.0,5.0,2.0,9.0,0.0,0.0,1.0,4.0,5.0,2.0,0.0,2.0,0.0,0.0,5.0,1.0,2.0,-2.0,22.2,22.2,55.6,0.0,1.0,0.0,0.0,3.8,15.4,9.6,12.9,3.3,0.0,0.0,13.8
2487002,22,981305,SOL GIRONÈS BISBAL BÀSQUET,HOME,2851798,F. Adebayo,F. Adebayo,1,33.3,1997.0,23.0,5.0,13.0,1.0,2.0,6.0,15.0,10.0,11.0,1.0,8.0,9.0,3.0,1.0,1.0,0.0,2.0,5.0,7.0,27.0,6.0,58.0,43.3,13.3,73.3,0.8,1.5,1.6,3.3,26.7,15.0,21.4,1.4,0.0,4.8,27.7
2487002,22,981305,SOL GIRONÈS BISBAL BÀSQUET,HOME,1964254,P. Sala Vallmajo,P. Sala Vallmajo,0,1.7,102.0,0.0,0.0,0.0,0.0,0.0,0.0,0.0,0.0,0.0,0.0,0.0,0.0,0.0,0.0,0.0,0.0,0.0,0.0,0.0,0.0,0.0,0.0,0.0,0.0,0.0,0.0,0.0,0.0,0.0,0.0,0.0,0.0,0.0,0.0,0.0,0.0
2487002,22,981305,SOL GIRONÈS BISBAL BÀSQUET,HOME,2053988,A. Dominguez Espelt,A. Dominguez Espelt,0,20.4,1222.0,12.0,2.0,4.0,0.0,3.0,2.0,7.0,8.0,10.0,0.0,1.0,1.0,5.0,0.0,3.0,0.0,0.0,2.0,6.0,18.0,3.0,52.6,28.6,42.9,142.9,1.0,0.0,1.7,0.0,5.4,2.7,47.6,7.0,0.0,0.0,24.7
2487002,22,981305,SOL GIRONÈS BISBAL BÀSQUET,HOME,1227597,I. Valera Corominas,I. Valera Corominas,0,19.6,1174.0,2.0,1.0,3.0,0.0,1.0,1.0,4.0,0.0,2.0,1.0,3.0,4.0,0.0,1.0,0.0,0.0,0.0,2.0,1.0,-1.0,-2.0,20.5,25.0,25.0,50.0,0.7,0.0,2.0,5.7,17.0,11.3,0.0,0.0,0.0,17.0,13.3
2487002,22,981305,SOL GIRONÈS BISBAL BÀSQUET,HOME,1829525,M. Mikhailov Paltarak,M. Mikhailov Paltarak,1,36.6,2197.0,19.0,7.0,11.0,0.0,0.0,7.0,11.0,5.0,8.0,3.0,8.0,11.0,0.0,8.0,4.0,0.0,0.0,2.0,6.0,23.0,1.0,65.4,63.6,0.0,72.7,1.3,0.0,1.3,9.1,24.3,16.7,0.0,5.2,0.0,35.5,27.2
2487002,22,981305,SOL GIRONÈS BISBAL BÀSQUET,HOME,2233052,D. Efambe,D. Efambe,0,0.3,17.0,0.0,0.0,0.0,0.0,0.0,0.0,0.0,0.0,0.0,0.0,0.0,0.0,0.0,0.0,0.0,0.0,0.0,0.0,0.0,0.0,-1.0,0.0,0.0,0.0,0.0,0.0,0.0,0.0,0.0,0.0,0.0,0.0,0.0,0.0,0.0,0.0
2487002,22,981305,SOL GIRONÈS BISBAL BÀSQUET,HOME,2322727,A. Vila I Gómez,A. Vila I Gómez,0,0.5,30.0,0.0,0.0,0.0,0.0,0.0,0.0,0.0,0.0,0.0,0.0,0.0,0.0,0.0,0.0,0.0,0.0,0.0,0.0,0.0,0.0,-1.0,0.0,0.0,0.0,0.0,0.0,0.0,0.0,0.0,0.0,0.0,0.0,0.0,0.0,0.0,0.0
2487002,22,981305,SOL GIRONÈS BISBAL BÀSQUET,HOME,1400270,B. Alvarez Torres,B. Alvarez Torres,1,19.2,1155.0,5.0,1.0,3.0,1.0,3.0,2.0,6.0,0.0,0.0,0.0,1.0,1.0,5.0,0.0,1.0,0.0,0.0,2.0,0.0,6.0,0.0,41.7,41.7,50.0,0.0,0.7,1.0,0.0,0.0,5.8,2.9,47.6,2.5,0.0,0.0,13.8
2487002,22,981305,SOL GIRONÈS BISBAL BÀSQUET,HOME,2815176,S. Kane,S. Kane,0,3.0,179.0,0.0,0.0,0.0,0.0,0.0,0.0,0.0,0.0,0.0,0.0,1.0,1.0,0.0,0.0,0.0,0.0,0.0,0.0,0.0,1.0,-1.0,0.0,0.0,0.0,0.0,0.0,0.0,0.0,0.0,37.0,18.5,0.0,0.0,0.0,0.0,0.0
2487002,22,981305,SOL GIRONÈS BISBAL BÀSQUET,HOME,1198592,X. Torrent Bayé,X. Torrent Bayé,0,21.9,1315.0,5.0,0.0,0.0,1.0,4.0,1.0,4.0,2.0,2.0,0.0,0.0,0.0,1.0,1.0,2.0,0.0,0.0,1.0,4.0,7.0,-5.0,51.2,37.5,100.0,50.0,0.0,0.8,0.5,0.0,0.0,0.0,8.7,4.3,0.0,17.0,11.9
2487002,22,981305,SOL GIRONÈS BISBAL BÀSQUET,HOME,2822552,C. Larousse,C. Larousse,1,14.7,880.0,8.0,4.0,7.0,0.0,0.0,4.0,7.0,0.0,0.0,1.0,1.0,2.0,0.0,2.0,2.0,0.0,0.0,5.0,1.0,3.0,12.0,57.1,57.1,0.0,0.0,1.1,0.0,0.0,7.6,7.6,7.6,0.0,6.5,0.0,22.2,27.1
2487002,22,981207,OCA GLOBAL C.B. SALOU,AWAY,2715040,B. Traore,B. Traore,1,28.1,1689.0,16.0,4.0,7.0,1.0,4.0,5.0,11.0,5.0,9.0,4.0,9.0,13.0,1.0,3.0,2.0,1.0,0.0,3.0,7.0,24.0,-1.0,53.5,50.0,36.4,81.8,1.1,0.8,1.3,15.8,35.6,25.7,8.0,3.4,3.2,16.7,27.5
2487002,22,981207,OCA GLOBAL C.B. SALOU,AWAY,1271466,D. Cuellar Garcia,D. Cuellar Garcia,0,21.4,1287.0,8.0,1.0,2.0,2.0,3.0,3.0,5.0,0.0,0.0,0.0,4.0,4.0,2.0,2.0,0.0,0.0,0.0,4.0,1.0,7.0,12.0,80.0,80.0,60.0,0.0,1.0,2.0,0.0,0.0,20.8,10.4,21.1,0.0,0.0,28.6,14.1
2487002,22,981207,OCA GLOBAL C.B. SALOU,AWAY,2242531,E. Moure Colombo,E. Moure Colombo,0,9.9,596.0,3.0,0.0,0.0,1.0,2.0,1.0,2.0,0.0,0.0,1.0,4.0,5.0,1.0,2.0,0.0,0.0,0.0,1.0,2.0,7.0,3.0,75.0,75.0,100.0,0.0,0.0,1.5,0.0,11.2,44.9,28.1,25.0,0.0,0.0,50.0,17.4
2487002,22,981207,OCA GLOBAL C.B. SALOU,AWAY,2814887,P. Renane,P. Renane,0,12.3,738.0,5.0,1.0,4.0,1.0,2.0,2.0,6.0,0.0,0.0,0.0,1.0,1.0,0.0,0.0,0.0,0.0,0.0,0.0,0.0,2.0,-1.0,41.7,41.7,33.3,0.0,0.5,1.5,0.0,0.0,9.0,4.5,0.0,0.0,0.0,0.0,21.0
2487002,22,981207,OCA GLOBAL C.B. SALOU,AWAY,1938487,A. Llorca Castillo,A. Llorca Castillo,1,30.3,1817.0,6.0,0.0,4.0,1.0,6.0,1.0,10.0,3.0,4.0,1.0,3.0,4.0,1.0,6.0,1.0,0.0,0.0,2.0,4.0,-2.0,-6.0,25.5,15.0,60.0,40.0,0.0,0.5,1.0,3.7,11.0,7.3,5.3,1.6,0.0,33.8,25.2
2487002,22,981207,OCA GLOBAL C.B. SALOU,AWAY,2827753,O. Okenchi,O. Okenchi,1,16.6,995.0,5.0,2.0,6.0,0.0,0.0,2.0,6.0,1.0,2.0,0.0,4.0,4.0,1.0,2.0,1.0,0.0,0.0,3.0,3.0,4.0,-15.0,36.3,33.3,0.0,33.3,0.7,0.0,0.7,0.0,26.8,13.4,12.5,2.9,0.0,22.5,23.0
2487002,22,981207,OCA GLOBAL C.B. SALOU,AWAY,2284777,C. Knowles,C. Knowles,1,23.6,1417.0,7.0,3.0,5.0,0.0,4.0,3.0,9.0,1.0,2.0,0.0,2.0,2.0,0.0,3.0,1.0,1.0,0.0,5.0,1.0,-3.0,-7.0,35.4,33.3,44.4,22.2,1.2,0.0,2.0,0.0,9.4,4.7,0.0,2.0,3.8,23.3,23.4
2487002,22,981207,OCA GLOBAL C.B. SALOU,AWAY,1610350,E. Martinez Pretel,E. Martinez Pretel,1,29.6,1777.0,13.0,2.0,2.0,3.0,4.0,5.0,6.0,0.0,0.0,1.0,0.0,1.0,2.0,1.0,2.0,0.0,0.0,2.0,3.0,17.0,-5.0,108.3,108.3,66.7,0.0,2.0,2.2,0.0,3.8,0.0,1.9,16.0,3.2,0.0,14.3,10.2
2487002,22,981207,OCA GLOBAL C.B. SALOU,AWAY,2274746,P. Salo Blaya,P. Salo Blaya,0,17.4,1047.0,4.0,2.0,2.0,0.0,0.0,2.0,2.0,0.0,0.0,2.0,2.0,4.0,0.0,1.0,1.0,0.0,0.0,3.0,0.0,5.0,5.0,100.0,100.0,0.0,0.0,2.0,0.0,0.0,12.8,12.8,12.8,0.0,2.8,0.0,33.3,7.4
2487002,22,981207,OCA GLOBAL C.B. SALOU,AWAY,2534398,J. Sánchez,J. Sánchez,0,10.6,637.0,9.0,0.0,2.0,1.0,4.0,1.0,6.0,6.0,6.0,0.0,0.0,0.0,3.0,0.0,0.0,0.0,0.0,3.0,3.0,7.0,5.0,52.1,25.0,66.7,100.0,0.0,0.8,2.0,0.0,0.0,0.0,46.2,0.0,0.0,0.0,35.0
2487003,23,981514,SPANISH BASKETBALL ACADEMY,HOME,2436640,J. Puidet,J. Puidet,1,27.5,1648.0,6.0,2.0,2.0,0.0,6.0,2.0,8.0,2.0,3.0,1.0,5.0,6.0,3.0,0.0,3.0,0.0,0.0,2.0,2.0,11.0,6.0,32.2,25.0,75.0,37.5,2.0,0.0,1.5,4.5,17.3,11.8,17.0,5.6,0.0,0.0,16.0
2487003,23,981514,SPANISH BASKETBALL ACADEMY,HOME,2312124,S. Traore,S. Traore,0,19.8,1190.0,8.0,4.0,4.0,0.0,0.0,4.0,4.0,0.0,0.0,0.0,6.0,6.0,0.0,0.0,1.0,1.0,0.0,2.0,0.0,14.0,7.0,100.0,100.0,0.0,0.0,2.0,0.0,0.0,0.0,28.9,16.4,0.0,2.6,4.1,0.0,9.5
2487003,23,981514,SPANISH BASKETBALL ACADEMY,HOME,1990032,M. Echeverria Fernandez,M. Echeverria Fernandez,0,11.3,681.0,0.0,0.0,0.0,0.0,2.0,0.0,2.0,0.0,0.0,0.0,7.0,7.0,0.0,0.0,0.0,0.0,0.0,1.0,0.0,4.0,-10.0,0.0,0.0,100.0,0.0,0.0,0.0,0.0,0.0,59.0,33.5,0.0,0.0,0.0,0.0,8.3
2487003,23,981514,SPANISH BASKETBALL ACADEMY,HOME,2846994,K. Curfman,K. Curfman,0,24.0,1440.0,11.0,1.0,1.0,2.0,7.0,3.0,8.0,3.0,4.0,0.0,1.0,1.0,1.0,2.0,1.0,0.0,0.0,2.0,2.0,6.0,3.0,56.4,50.0,87.5,50.0,2.0,0.9,2.0,0.0,4.0,2.3,7.2,2.2,0.0,17.0,23.1
2487003,23,981514,SPANISH BASKETBALL ACADEMY,HOME,2065452,J. Santano Bartolome,J. Santano Bartolome,1,26.2,1572.0,8.0,4.0,4.0,0.0,0.0,4.0,4.0,0.0,0.0,2.0,1.0,3.0,1.0,0.0,2.0,1.0,0.0,2.0,1.0,14.0,16.0,100.0,100.0,0.0,0.0,2.0,0.0,0.0,9.5,3.6,6.2,6.4,4.0,3.1,0.0,7.2
2487003,23,981514,SPANISH BASKETBALL ACADEMY,HOME,1374966,A. Moreno Trujillo,A. Moreno Trujillo,0,14.6,877.0,3.0,1.0,4.0,0.0,1.0,1.0,5.0,1.0,2.0,0.0,2.0,2.0,4.0,5.0,0.0,0.0,0.0,3.0,1.0,-3.0,-3.0,25.5,20.0,20.0,40.0,0.5,0.0,2.0,0.0,13.0,7.4,39.2,0.0,0.0,46.0,35.1
2487003,23,981514,SPANISH BASKETBALL ACADEMY,HOME,2816737,D. Simeunovic,D. Simeunovic,1,36.3,2177.0,30.0,7.0,15.0,4.0,8.0,11.0,23.0,4.0,7.0,4.0,2.0,6.0,3.0,2.0,1.0,0.0,0.0,2.0,7.0,28.0,17.0,57.5,56.5,34.8,30.4,0.9,1.5,1.0,13.8,5.2,8.9,21.1,1.4,0.0,7.1,36.4
2487003,23,981514,SPANISH BASKETBALL ACADEMY,HOME,2752020,E. Medina Roa,E. Medina Roa,1,14.9,892.0,2.0,1.0,2.0,0.0,0.0,1.0,2.0,0.0,0.0,0.0,5.0,5.0,1.0,5.0,0.0,2.0,1.0,1.0,0.0,3.0,9.0,50.0,50.0,0.0,0.0,1.0,0.0,0.0,0.0,32.0,18.1,9.8,0.0,11.0,71.4,22.1
2487003,23,981514,SPANISH BASKETBALL ACADEMY,HOME,1825944,R. Garcia Salame,R. Garcia Salame,1,25.4,1523.0,6.0,1.0,3.0,1.0,4.0,2.0,7.0,1.0,2.0,0.0,3.0,3.0,7.0,0.0,1.0,0.0,0.0,3.0,4.0,12.0,15.0,38.1,35.7,57.1,28.6,0.7,0.8,0.5,0.0,11.2,6.4,47.3,2.0,0.0,0.0,14.6
2487003,23,981305,SOL GIRONÈS BISBAL BÀSQUET,AWAY,2864634,X. Ochu,X. Ochu,1,21.3,1276.0,6.0,2.0,4.0,0.0,3.0,2.0,7.0,2.0,2.0,1.0,1.0,2.0,2.0,1.0,0.0,0.0,1.0,1.0,2.0,5.0,-9.0,38.1,28.6,42.9,28.6,1.0,0.0,1.0,4.5,5.9,5.1,22.2,0.0,0.0,11.3,19.1
2487003,23,981305,SOL GIRONÈS BISBAL BÀSQUET,AWAY,2851798,F. Adebayo,F. Adebayo,1,34.1,2045.0,17.0,7.0,12.0,0.0,2.0,7.0,14.0,3.0,3.0,0.0,6.0,6.0,1.0,2.0,1.0,0.0,1.0,4.0,4.0,16.0,-6.0,55.5,50.0,14.3,21.4,1.2,0.0,0.8,0.0,22.0,9.5,7.8,1.5,0.0,11.5,23.3
2487003,23,981305,SOL GIRONÈS BISBAL BÀSQUET,AWAY,1964254,P. Sala Vallmajo,P. Sala Vallmajo,0,6.6,395.0,0.0,0.0,0.0,0.0,1.0,0.0,1.0,0.0,0.0,1.0,0.0,1.0,2.0,1.0,0.0,0.0,0.0,1.0,0.0,0.0,-1.0,0.0,0.0,100.0,0.0,0.0,0.0,0.0,14.4,0.0,8.2,45.5,0.0,0.0,50.0,13.9
2487003,23,981305,SOL GIRONÈS BISBAL BÀSQUET,AWAY,2053988,A. Dominguez Espelt,A. Dominguez Espelt,1,24.1,1446.0,9.0,2.0,4.0,0.0,5.0,2.0,9.0,5.0,5.0,1.0,2.0,3.0,2.0,0.0,3.0,0.0,0.0,0.0,4.0,14.0,-9.0,40.2,22.2,55.6,55.6,1.0,0.0,1.2,4.0,10.4,6.7,17.9,6.4,0.0,0.0,21.3
2487003,23,981305,SOL GIRONÈS BISBAL BÀSQUET,AWAY,1227597,I. Valera Corominas,I. Valera Corominas,0,11.6,698.0,0.0,0.0,1.0,0.0,1.0,0.0,2.0,0.0,0.0,0.0,3.0,3.0,1.0,0.0,0.0,0.0,0.0,2.0,0.0,0.0,6.0,0.0,0.0,50.0,0.0,0.0,0.0,0.0,0.0,32.3,14.0,15.2,0.0,0.0,0.0,7.9
2487003,23,981305,SOL GIRONÈS BISBAL BÀSQUET,AWAY,1829525,M. Mikhailov Paltarak,M. Mikhailov Paltarak,1,35.9,2153.0,20.0,7.0,15.0,0.0,0.0,7.0,15.0,6.0,6.0,4.0,7.0,11.0,2.0,2.0,1.0,1.0,1.0,1.0,3.0,27.0,-12.0,56.7,46.7,0.0,40.0,0.9,0.0,2.0,10.6,24.4,16.6,15.6,1.4,3.2,10.2,25.1
2487003,23,981305,SOL GIRONÈS BISBAL BÀSQUET,AWAY,2233052,D. Efambe,D. Efambe,0,4.1,247.0,0.0,0.0,2.0,0.0,0.0,0.0,2.0,0.0,0.0,0.0,0.0,0.0,0.0,0.0,0.0,0.0,0.0,1.0,0.0,-3.0,0.0,0.0,0.0,0.0,0.0,0.0,0.0,0.0,0.0,0.0,0.0,0.0,0.0,0.0,0.0,22.4
2487003,23,981305,SOL GIRONÈS BISBAL BÀSQUET,AWAY,1400270,B. Alvarez Torres,B. Alvarez Torres,0,15.9,954.0,4.0,2.0,4.0,0.0,3.0,2.0,7.0,0.0,0.0,0.0,1.0,1.0,2.0,3.0,2.0,0.0,0.0,1.0,0.0,0.0,-3.0,28.6,28.6,42.9,0.0,1.0,0.0,0.0,0.0,7.9,3.4,29.4,6.5,0.0,30.0,28.8
2487003,23,981305,SOL GIRONÈS BISBAL BÀSQUET,AWAY,1198592,X. Torrent Bayé,X. Torrent Bayé,0,18.5,1112.0,0.0,0.0,1.0,0.0,2.0,0.0,3.0,0.0,0.0,0.0,2.0,2.0,0.0,2.0,1.0,0.0,0.0,4.0,1.0,-5.0,-11.0,0.0,0.0,66.7,0.0,0.0,0.0,0.0,0.0,13.5,5.8,0.0,2.8,0.0,40.0,12.4
2487003,23,981305,SOL GIRONÈS BISBAL BÀSQUET,AWAY,2822552,C. Larousse,C. Larousse,1,27.9,1674.0,6.0,2.0,6.0,0.0,0.0,2.0,6.0,2.0,5.0,3.0,3.0,6.0,1.0,1.0,0.0,0.0,1.0,2.0,4.0,7.0,-15.0,36.6,33.3,0.0,83.3,0.7,0.0,1.2,10.2,13.4,11.6,7.5,0.0,0.0,10.9,15.1
2487004,23,981207,OCA GLOBAL C.B. SALOU,HOME,2451495,D. Knowles,D. Knowles,0,19.7,1180.0,5.0,2.0,3.0,0.0,0.0,2.0,3.0,1.0,2.0,3.0,3.0,6.0,1.0,0.0,1.0,0.0,0.0,1.0,2.0,12.0,6.0,64.4,66.7,0.0,66.7,1.3,0.0,1.0,22.6,19.6,21.0,7.7,2.7,0.0,0.0,10.0
2487004,23,981207,OCA GLOBAL C.B. SALOU,HOME,2284777,C. Knowles,C. Knowles,1,30.4,1821.0,18.0,5.0,8.0,2.0,6.0,7.0,14.0,2.0,2.0,0.0,5.0,5.0,4.0,1.0,3.0,0.0,0.0,1.0,4.0,25.0,4.0,60.5,57.1,42.9,14.3,1.2,1.0,0.5,0.0,21.2,11.3,23.5,5.2,0.0,6.3,26.5
2487004,23,981207,OCA GLOBAL C.B. SALOU,HOME,2715040,B. Traore,B. Traore,0,26.9,1613.0,16.0,3.0,5.0,1.0,3.0,4.0,8.0,7.0,8.0,2.0,4.0,6.0,1.0,0.0,0.0,0.0,0.0,2.0,5.0,21.0,9.0,69.4,56.2,37.5,100.0,1.2,1.0,1.6,11.0,19.2,15.4,5.9,0.0,0.0,0.0,21.7
2487004,23,981207,OCA GLOBAL C.B. SALOU,HOME,1271466,D. Cuellar Garcia,D. Cuellar Garcia,0,22.6,1356.0,10.0,2.0,2.0,2.0,3.0,4.0,5.0,0.0,0.0,1.0,2.0,3.0,1.0,1.0,0.0,0.0,0.0,2.0,1.0,11.0,1.0,100.0,100.0,60.0,0.0,2.0,2.0,0.0,6.6,11.4,9.2,7.1,0.0,0.0,16.7,13.5
2487004,23,981207,OCA GLOBAL C.B. SALOU,HOME,2242531,E. Moure Colombo,E. Moure Colombo,1,14.5,872.0,4.0,0.0,2.0,1.0,1.0,1.0,3.0,1.0,2.0,0.0,0.0,0.0,1.0,0.0,1.0,0.0,1.0,5.0,1.0,-1.0,11.0,51.5,50.0,33.3,66.7,0.0,3.0,2.0,0.0,0.0,0.0,9.1,3.6,0.0,0.0,13.6
2487004,23,981207,OCA GLOBAL C.B. SALOU,HOME,1938487,A. Llorca Castillo,A. Llorca Castillo,1,27.2,1632.0,10.0,3.0,7.0,1.0,2.0,4.0,9.0,1.0,2.0,0.0,1.0,1.0,1.0,2.0,4.0,0.0,0.0,3.0,4.0,9.0,-1.0,50.6,50.0,22.2,22.2,0.9,1.5,0.5,0.0,4.7,2.5,5.9,7.8,0.0,16.8,22.1
2487004,23,981207,OCA GLOBAL C.B. SALOU,HOME,1610350,E. Martinez Pretel,E. Martinez Pretel,0,18.5,1112.0,0.0,0.0,2.0,0.0,2.0,0.0,4.0,0.0,0.0,0.0,2.0,2.0,6.0,1.0,0.0,0.0,0.0,4.0,2.0,1.0,5.0,0.0,0.0,50.0,0.0,0.0,0.0,0.0,0.0,13.9,7.5,40.0,0.0,0.0,20.0,13.7
2487004,23,981207,OCA GLOBAL C.B. SALOU,HOME,2274746,P. Salo Blaya,P. Salo Blaya,1,20.3,1220.0,12.0,5.0,7.0,0.0,0.0,5.0,7.0,2.0,2.0,2.0,3.0,5.0,0.0,2.0,0.0,0.0,0.0,4.0,1.0,10.0,1.0,76.1,71.4,0.0,28.6,1.4,0.0,2.0,14.6,19.1,17.0,0.0,0.0,0.0,20.2,24.7
2487004,23,981207,OCA GLOBAL C.B. SALOU,HOME,2534398,J. Sánchez,J. Sánchez,0,15.2,912.0,8.0,1.0,1.0,2.0,6.0,3.0,7.0,0.0,0.0,0.0,1.0,1.0,4.0,2.0,0.0,0.0,0.0,2.0,1.0,6.0,-4.0,57.1,57.1,85.7,0.0,2.0,1.0,0.0,0.0,8.5,4.5,44.4,0.0,0.0,22.2,30.0
2487004,23,981207,OCA GLOBAL C.B. SALOU,HOME,2814887,P. Renane,P. Renane,1,4.7,282.0,0.0,0.0,1.0,0.0,1.0,0.0,2.0,0.0,0.0,0.0,1.0,1.0,1.0,0.0,0.0,0.0,0.0,0.0,0.0,0.0,3.0,0.0,0.0,50.0,0.0,0.0,0.0,0.0,0.0,27.5,14.7,33.3,0.0,0.0,0.0,21.6
2487004,23,981428,HOMS U.E.MATARÓ,AWAY,2162105,F. Garrido Teban,F. Garrido Teban,0,7.4,444.0,7.0,1.0,1.0,0.0,0.0,1.0,1.0,5.0,5.0,0.0,0.0,0.0,0.0,0.0,0.0,0.0,0.0,0.0,2.0,9.0,-3.0,109.4,100.0,0.0,500.0,2.0,0.0,2.5,0.0,0.0,0.0,0.0,0.0,0.0,0.0,20.4
2487004,23,981428,HOMS U.E.MATARÓ,AWAY,1914611,J. Boix Colet,J. Boix Colet,1,24.7,1483.0,5.0,0.0,3.0,1.0,6.0,1.0,9.0,2.0,4.0,1.0,1.0,2.0,5.0,2.0,1.0,0.0,0.0,3.0,6.0,4.0,-17.0,23.2,16.7,66.7,44.4,0.0,0.5,0.7,5.2,6.0,5.6,35.7,2.3,0.0,15.7,24.3
2487004,23,981428,HOMS U.E.MATARÓ,AWAY,2534044,J. Tomaic Tomaic,J. Tomaic Tomaic,1,24.5,1471.0,8.0,3.0,4.0,0.0,1.0,3.0,5.0,2.0,2.0,1.0,6.0,7.0,2.0,3.0,0.0,0.0,0.0,5.0,1.0,8.0,-8.0,68.0,60.0,20.0,40.0,1.5,0.0,2.0,5.3,36.3,19.7,16.7,0.0,0.0,33.8,17.1
2487004,23,981428,HOMS U.E.MATARÓ,AWAY,1591966,J. Castillo Carrasco,J. Castillo Carrasco,0,12.6,757.0,2.0,0.0,1.0,0.0,2.0,0.0,3.0,2.0,2.0,0.0,2.0,2.0,1.0,0.0,0.0,0.0,0.0,3.0,1.0,0.0,6.0,25.8,0.0,66.7,66.7,0.0,0.0,2.0,0.0,23.5,10.9,13.3,0.0,0.0,0.0,14.5
2487004,23,981428,HOMS U.E.MATARÓ,AWAY,1568569,J. Juanola Madera,J. Juanola Madera,1,32.6,1958.0,6.0,1.0,6.0,0.0,3.0,1.0,9.0,4.0,6.0,0.0,2.0,2.0,4.0,3.0,1.0,0.0,0.0,1.0,3.0,2.0,-4.0,25.8,11.1,33.3,66.7,0.3,0.0,2.0,0.0,9.1,4.2,21.1,1.7,0.0,20.5,21.2
2487004,23,981428,HOMS U.E.MATARÓ,AWAY,1073368,A. Ventura Pedreño,A. Ventura Pedreño,1,24.6,1479.0,6.0,0.0,1.0,2.0,6.0,2.0,7.0,0.0,0.0,1.0,2.0,3.0,2.0,0.0,1.0,0.0,0.0,1.0,0.0,6.0,-6.0,42.9,42.9,85.7,0.0,0.0,1.0,0.0,5.2,12.0,8.4,15.4,2.3,0.0,0.0,13.4
2487004,23,981428,HOMS U.E.MATARÓ,AWAY,1942837,G. Martinez Rivera,G. Martinez Rivera,0,30.8,1845.0,21.0,5.0,8.0,2.0,5.0,7.0,13.0,5.0,6.0,1.0,1.0,2.0,4.0,2.0,0.0,0.0,0.0,2.0,8.0,24.0,6.0,67.1,61.5,38.5,46.2,1.2,1.2,0.8,4.2,4.8,4.5,30.8,0.0,0.0,11.3,27.0
2487004,23,981428,HOMS U.E.MATARÓ,AWAY,2813635,E. Kalu,E. Kalu,1,30.6,1834.0,15.0,7.0,10.0,0.0,0.0,7.0,10.0,1.0,2.0,5.0,3.0,8.0,0.0,1.0,0.0,1.0,0.0,3.0,2.0,18.0,-5.0,68.9,70.0,0.0,20.0,1.4,0.0,1.0,21.1,14.5,18.0,0.0,0.0,3.4,8.4,18.3
2487004,23,981428,HOMS U.E.MATARÓ,AWAY,1920919,E. Coll Comabella,E. Coll Comabella,0,2.7,163.0,2.0,1.0,1.0,0.0,1.0,1.0,2.0,0.0,0.0,0.0,0.0,0.0,0.0,0.0,0.0,0.0,0.0,1.0,0.0,0.0,-2.0,50.0,50.0,50.0,0.0,2.0,0.0,0.0,0.0,0.0,0.0,0.0,0.0,0.0,0.0,34.9
2487004,23,981428,HOMS U.E.MATARÓ,AWAY,2451498,A. Roker,A. Roker,0,9.4,566.0,4.0,2.0,2.0,0.0,0.0,2.0,2.0,0.0,0.0,0.0,2.0,2.0,1.0,1.0,0.0,0.0,0.0,2.0,0.0,4.0,-2.0,100.0,100.0,0.0,0.0,2.0,0.0,0.0,0.0,31.5,14.7,33.3,0.0,0.0,33.3,15.0
2487005,23,981294,C.B. ZARAGOZA,HOME,1802050,D. Muñoz Samatan,D. Muñoz Samatan,0,28.0,1682.0,10.0,5.0,7.0,0.0,1.0,5.0,8.0,0.0,0.0,5.0,2.0,7.0,5.0,1.0,0.0,0.0,0.0,1.0,2.0,19.0,1.0,62.5,62.5,12.5,0.0,1.4,0.0,0.0,18.7,5.6,11.2,35.2,0.0,0.0,11.1,15.3
2487005,23,981294,C.B. ZARAGOZA,HOME,1798932,D. Arjol Lopez,D. Arjol Lopez,1,37.9,2276.0,5.0,1.0,6.0,1.0,3.0,2.0,9.0,0.0,3.0,0.0,9.0,9.0,6.0,1.0,2.0,1.0,1.0,4.0,6.0,14.0,8.0,24.2,27.8,33.3,33.3,0.3,1.0,0.5,0.0,18.7,10.7,25.4,2.7,3.4,8.8,14.2
2487005,23,981294,C.B. ZARAGOZA,HOME,361567,E. Gatell Sanz,E. Gatell Sanz,1,23.5,1409.0,4.0,2.0,4.0,0.0,1.0,2.0,5.0,0.0,0.0,0.0,8.0,8.0,2.0,2.0,0.0,2.0,0.0,4.0,1.0,8.0,10.0,40.0,40.0,20.0,0.0,1.0,0.0,0.0,0.0,26.9,15.3,14.3,0.0,10.9,28.6,14.2
2487005,23,981294,C.B. ZARAGOZA,HOME,1861515,P. Aso Jimenez,P. Aso Jimenez,1,16.5,989.0,0.0,0.0,0.0,0.0,0.0,0.0,0.0,0.0,0.0,0.0,3.0,3.0,0.0,1.0,1.0,0.0,0.0,0.0,0.0,3.0,0.0,0.0,0.0,0.0,0.0,0.0,0.0,0.0,0.0,14.4,8.2,0.0,3.1,0.0,100.0,2.9
2487005,23,981294,C.B. ZARAGOZA,HOME,1446949,J. Jiménez Jiménez,J. Jiménez Jiménez,0,15.9,953.0,9.0,2.0,3.0,1.0,4.0,3.0,7.0,2.0,2.0,0.0,1.0,1.0,0.0,0.0,0.0,0.0,0.0,2.0,4.0,8.0,-4.0,57.1,50.0,57.1,28.6,1.3,0.8,0.5,0.0,5.0,2.8,0.0,0.0,0.0,0.0,23.6
2487005,23,981294,C.B. ZARAGOZA,HOME,2704882,Y. Kolo,Y. Kolo,0,21.9,1311.0,11.0,3.0,7.0,1.0,3.0,4.0,10.0,2.0,4.0,0.0,6.0,6.0,1.0,2.0,1.0,0.0,1.0,2.0,2.0,9.0,9.0,46.8,45.0,30.0,40.0,0.9,1.0,2.0,0.0,21.6,12.3,8.3,2.3,0.0,14.5,29.9
2487005,23,981294,C.B. ZARAGOZA,HOME,2815312,J. Zhao Olmos,J. Zhao Olmos,1,30.9,1855.0,34.0,5.0,9.0,6.0,12.0,11.0,21.0,6.0,7.0,1.0,2.0,3.0,0.0,0.0,1.0,0.0,0.0,4.0,2.0,25.0,21.0,70.6,66.7,57.1,33.3,1.1,1.5,3.5,3.4,5.1,4.4,0.0,1.6,0.0,0.0,37.0
2487005,23,981294,C.B. ZARAGOZA,HOME,1556128,G. Colom Barrufet,G. Colom Barrufet,0,17.8,1065.0,3.0,1.0,2.0,0.0,4.0,1.0,6.0,1.0,2.0,0.0,1.0,1.0,1.0,0.0,1.0,0.0,0.0,4.0,1.0,-3.0,-10.0,21.8,16.7,66.7,33.3,1.0,0.0,2.0,0.0,4.4,2.5,8.5,2.9,0.0,0.0,18.4
2487005,23,981294,C.B. ZARAGOZA,HOME,1910411,A. Aragones Navais,A. Aragones Navais,1,32.7,1960.0,13.0,3.0,7.0,1.0,3.0,4.0,10.0,4.0,4.0,2.0,7.0,9.0,2.0,2.0,2.0,0.0,0.0,4.0,2.0,16.0,15.0,55.3,45.0,30.0,40.0,0.9,1.0,2.0,6.4,16.9,12.4,10.9,3.1,0.0,14.5,20.0
2487005,23,981281,LOBE HUESCA LA MAGIA,AWAY,2151562,O. Thiam Pedrera,O. Thiam Pedrera,0,20.1,1209.0,4.0,2.0,4.0,0.0,2.0,2.0,6.0,0.0,0.0,4.0,3.0,7.0,2.0,0.0,1.0,0.0,0.0,0.0,0.0,10.0,1.0,33.3,33.3,33.3,0.0,1.0,0.0,0.0,15.7,15.6,15.7,21.7,2.6,0.0,0.0,12.6
2487005,23,981281,LOBE HUESCA LA MAGIA,AWAY,2273469,O. Bieshaar,O. Bieshaar,1,27.5,1652.0,14.0,2.0,2.0,2.0,5.0,4.0,7.0,4.0,6.0,0.0,8.0,8.0,2.0,3.0,0.0,1.0,0.0,2.0,6.0,21.0,-5.0,72.6,71.4,71.4,85.7,2.0,1.2,1.0,0.0,30.4,13.1,15.6,0.0,3.6,23.7,19.5
2487005,23,981281,LOBE HUESCA LA MAGIA,AWAY,1756469,H. Figueroa Álvarez,H. Figueroa Álvarez,0,32.6,1954.0,14.0,2.0,4.0,3.0,14.0,5.0,18.0,1.0,1.0,0.0,0.0,0.0,2.0,1.0,1.0,0.0,0.0,3.0,2.0,2.0,-6.0,38.0,36.1,77.8,5.6,1.0,0.6,0.5,0.0,0.0,0.0,13.7,1.6,0.0,5.1,25.2
2487005,23,981281,LOBE HUESCA LA MAGIA,AWAY,2815292,A. Smith,A. Smith,1,14.9,896.0,4.0,1.0,4.0,0.0,1.0,1.0,5.0,2.0,2.0,0.0,2.0,2.0,0.0,2.0,0.0,0.0,0.0,3.0,1.0,-2.0,9.0,34.0,20.0,20.0,40.0,0.5,0.0,2.0,0.0,14.0,6.0,0.0,0.0,0.0,25.4,22.4
2487005,23,981281,LOBE HUESCA LA MAGIA,AWAY,2815543,A. Badmus,A. Badmus,0,17.5,1048.0,12.0,6.0,9.0,0.0,0.0,6.0,9.0,0.0,5.0,1.0,3.0,4.0,0.0,3.0,0.0,1.0,1.0,2.0,3.0,7.0,-5.0,53.6,66.7,0.0,55.6,1.3,0.0,1.7,4.5,17.9,10.3,0.0,0.0,5.7,21.1,34.3
2487005,23,981281,LOBE HUESCA LA MAGIA,AWAY,2559072,P. Suárez Custodio,P. Suárez Custodio,1,21.7,1301.0,6.0,0.0,3.0,2.0,9.0,2.0,12.0,0.0,0.0,3.0,1.0,4.0,3.0,0.0,0.0,0.0,1.0,3.0,1.0,1.0,-10.0,25.0,25.0,75.0,0.0,0.0,0.7,0.0,10.9,4.8,8.3,25.0,0.0,0.0,0.0,23.4
2487005,23,981281,LOBE HUESCA LA MAGIA,AWAY,1761508,P. Lopez-Sanvicente Reta,P. Lopez-Sanvicente Reta,1,32.7,1960.0,13.0,4.0,4.0,1.0,4.0,5.0,8.0,2.0,2.0,3.0,5.0,8.0,0.0,0.0,1.0,0.0,1.0,0.0,2.0,21.0,-8.0,73.2,68.8,50.0,25.0,2.0,0.8,1.0,7.2,16.0,11.0,0.0,1.6,0.0,0.0,11.5
2487005,23,981281,LOBE HUESCA LA MAGIA,AWAY,2116811,G. Rodriguez Soler,G. Rodriguez Soler,0,30.3,1818.0,5.0,1.0,2.0,0.0,5.0,1.0,7.0,3.0,4.0,4.0,9.0,13.0,3.0,2.0,1.0,0.0,0.0,2.0,2.0,13.0,-23.0,28.5,14.3,71.4,57.1,1.0,0.0,2.0,10.4,31.1,19.3,16.1,1.7,0.0,18.6,15.0
2487005,23,981281,LOBE HUESCA LA MAGIA,AWAY,2054954,G. Vazquez Vallejo,G. Vazquez Vallejo,1,27.7,1662.0,7.0,1.0,3.0,1.0,7.0,2.0,10.0,2.0,8.0,3.0,4.0,7.0,0.0,1.0,2.0,0.0,0.0,5.0,8.0,4.0,-3.0,25.9,25.0,70.0,80.0,0.7,0.4,1.0,8.6,15.1,11.4,0.0,3.7,0.0,6.9,22.2
2487006,23,979996,AMICS CASTELLÓ,HOME,2149001,R. Fabrega Urpina,R. Fabrega Urpina,1,25.6,1534.0,4.0,1.0,3.0,0.0,3.0,1.0,6.0,2.0,2.0,0.0,1.0,1.0,6.0,2.0,1.0,0.0,1.0,2.0,2.0,5.0,-5.0,29.1,16.7,50.0,33.3,0.7,0.0,1.0,0.0,4.7,2.2,39.5,2.2,0.0,22.5,16.4
2487006,23,979996,AMICS CASTELLÓ,HOME,273780,J. Faner Catala,J. Faner Catala,0,22.5,1348.0,11.0,1.0,2.0,3.0,6.0,4.0,8.0,0.0,0.0,0.0,3.0,3.0,3.0,2.0,3.0,0.0,0.0,2.0,1.0,13.0,6.0,68.8,68.8,75.0,0.0,1.0,1.5,0.0,0.0,16.2,7.4,24.6,7.6,0.0,20.0,21.0
2487006,23,979996,AMICS CASTELLÓ,HOME,2818901,O. Russell,O. Russell,1,22.4,1347.0,18.0,3.0,7.0,3.0,8.0,6.0,15.0,3.0,4.0,2.0,4.0,6.0,7.0,0.0,0.0,0.0,2.0,2.0,3.0,22.0,24.0,53.7,50.0,53.3,26.7,0.9,1.1,1.3,9.2,21.6,14.9,68.6,0.0,0.0,0.0,35.3
2487006,23,979996,AMICS CASTELLÓ,HOME,2816147,D. Bah,D. Bah,0,15.3,917.0,10.0,5.0,5.0,0.0,0.0,5.0,5.0,0.0,0.0,0.0,1.0,1.0,0.0,0.0,0.0,0.0,0.0,0.0,1.0,12.0,-7.0,100.0,100.0,0.0,0.0,2.0,0.0,0.0,0.0,7.9,3.6,0.0,0.0,0.0,0.0,15.4
2487006,23,979996,AMICS CASTELLÓ,HOME,1817496,P. Garcia Carrero,P. Garcia Carrero,1,26.9,1617.0,4.0,1.0,3.0,0.0,2.0,1.0,5.0,2.0,4.0,3.0,1.0,4.0,0.0,1.0,0.0,1.0,0.0,3.0,3.0,2.0,-4.0,29.6,20.0,40.0,80.0,0.7,0.0,1.3,11.4,4.5,8.3,0.0,0.0,4.2,12.9,13.6
2487006,23,979996,AMICS CASTELLÓ,HOME,1535344,I. Rosa Pompido,I. Rosa Pompido,0,25.5,1530.0,15.0,0.0,3.0,5.0,6.0,5.0,9.0,0.0,0.0,1.0,3.0,4.0,2.0,0.0,0.0,0.0,0.0,4.0,5.0,18.0,18.0,83.3,83.3,66.7,0.0,0.0,2.5,0.0,4.0,14.3,8.7,17.9,0.0,0.0,0.0,16.7
2487006,23,979996,AMICS CASTELLÓ,HOME,2816661,M. Mukendi Mukendi,M. Mukendi Mukendi,1,11.7,700.0,0.0,0.0,1.0,0.0,0.0,0.0,1.0,0.0,0.0,0.0,1.0,1.0,0.0,2.0,0.0,0.0,0.0,4.0,1.0,-5.0,-7.0,0.0,0.0,0.0,0.0,0.0,0.0,0.0,0.0,10.4,4.7,0.0,0.0,0.0,66.7,12.1
2487006,23,979996,AMICS CASTELLÓ,HOME,2641325,M. Andreatta,M. Andreatta,0,9.2,555.0,2.0,0.0,3.0,0.0,1.0,0.0,4.0,2.0,2.0,1.0,1.0,2.0,0.0,0.0,0.0,0.0,0.0,3.0,1.0,-2.0,16.0,20.5,0.0,25.0,50.0,0.0,0.0,2.0,11.1,13.2,12.1,0.0,0.0,0.0,0.0,25.0
2487006,23,979996,AMICS CASTELLÓ,HOME,2325314,F. Stutz,F. Stutz,1,27.3,1640.0,12.0,4.0,10.0,1.0,4.0,5.0,14.0,1.0,1.0,2.0,2.0,4.0,1.0,2.0,2.0,3.0,0.0,3.0,3.0,11.0,-4.0,41.6,39.3,28.6,7.1,0.8,0.8,0.3,7.5,8.9,8.1,7.2,4.2,12.6,12.2,28.4
2487006,23,979996,AMICS CASTELLÓ,HOME,1627889,A. Tamayo Lesmes,A. Tamayo Lesmes,0,13.5,812.0,0.0,0.0,2.0,0.0,1.0,0.0,3.0,0.0,0.0,2.0,3.0,5.0,1.0,0.0,0.0,0.0,0.0,0.0,0.0,3.0,-17.0,0.0,0.0,33.3,0.0,0.0,0.0,0.0,15.2,26.9,20.6,12.3,0.0,0.0,0.0,10.5
2487006,23,981216,CLASS BASQUET SANT ANTONI,AWAY,2534687,G. Gantt,G. Gantt,0,12.8,766.0,0.0,0.0,0.0,0.0,2.0,0.0,2.0,0.0,0.0,0.0,0.0,0.0,0.0,1.0,0.0,0.0,0.0,2.0,0.0,-5.0,-7.0,0.0,0.0,100.0,0.0,0.0,0.0,0.0,0.0,0.0,0.0,0.0,0.0,0.0,33.3,11.2
2487006,23,981216,CLASS BASQUET SANT ANTONI,AWAY,1394852,G. Blat Baeza,G. Blat Baeza,0,19.6,1177.0,8.0,2.0,2.0,1.0,4.0,3.0,6.0,1.0,2.0,0.0,2.0,2.0,0.0,1.0,1.0,0.0,0.0,3.0,2.0,5.0,-3.0,58.1,58.3,66.7,33.3,2.0,0.8,1.0,0.0,10.5,5.7,0.0,2.8,0.0,12.7,19.3
2487006,23,981216,CLASS BASQUET SANT ANTONI,AWAY,2815818,K. Johnson,K. Johnson,1,23.2,1395.0,10.0,4.0,9.0,0.0,0.0,4.0,9.0,2.0,2.0,2.0,3.0,5.0,3.0,0.0,0.0,1.0,2.0,5.0,1.0,10.0,13.0,50.6,44.4,0.0,22.2,0.9,0.0,2.0,10.4,13.3,12.0,30.6,0.0,4.4,0.0,20.4
2487006,23,981216,CLASS BASQUET SANT ANTONI,AWAY,2865697,L. Tvrdic,L. Tvrdic,0,5.3,317.0,0.0,0.0,0.0,0.0,0.0,0.0,0.0,0.0,0.0,0.0,0.0,0.0,0.0,1.0,0.0,0.0,0.0,0.0,0.0,-1.0,-9.0,0.0,0.0,0.0,0.0,0.0,0.0,0.0,0.0,0.0,0.0,0.0,0.0,0.0,100.0,9.0
2487006,23,981216,CLASS BASQUET SANT ANTONI,AWAY,1528610,J. Rodriguez Jimenez,J. Rodriguez Jimenez,0,0.1,8.0,0.0,0.0,0.0,0.0,0.0,0.0,0.0,0.0,0.0,0.0,0.0,0.0,0.0,0.0,0.0,0.0,0.0,0.0,0.0,0.0,0.0,0.0,0.0,0.0,0.0,0.0,0.0,0.0,0.0,0.0,0.0,0.0,0.0,0.0,0.0,0.0
2487006,23,981216,CLASS BASQUET SANT ANTONI,AWAY,2363916,D. De La Rua De Agustin,D. De La Rua De Agustin,1,25.6,1537.0,13.0,1.0,3.0,2.0,6.0,3.0,9.0,5.0,5.0,0.0,2.0,2.0,1.0,1.0,1.0,0.0,0.0,4.0,6.0,12.0,4.0,58.0,44.4,66.7,55.6,0.7,1.0,0.8,0.0,8.0,4.3,9.3,2.1,0.0,8.2,22.8
2487006,23,981216,CLASS BASQUET SANT ANTONI,AWAY,1397157,R. Gomez Barral,R. Gomez Barral,0,13.3,796.0,0.0,0.0,0.0,0.0,3.0,0.0,3.0,0.0,0.0,1.0,1.0,2.0,1.0,0.0,1.0,0.0,0.0,0.0,1.0,2.0,-11.0,0.0,0.0,100.0,0.0,0.0,0.0,0.0,9.1,7.7,8.4,14.5,4.1,0.0,0.0,10.8
2487006,23,981216,CLASS BASQUET SANT ANTONI,AWAY,2462416,E. Stoilov,E. Stoilov,1,25.2,1510.0,12.0,4.0,8.0,0.0,0.0,4.0,8.0,4.0,7.0,5.0,6.0,11.0,1.0,1.0,0.0,2.0,1.0,4.0,5.0,19.0,18.0,54.2,50.0,0.0,87.5,1.0,0.0,1.4,24.1,24.4,24.3,10.2,0.0,8.1,8.3,23.0
2487006,23,981216,CLASS BASQUET SANT ANTONI,AWAY,1834527,S. Paz Vazquez,S. Paz Vazquez,1,29.6,1779.0,9.0,2.0,2.0,1.0,4.0,3.0,6.0,2.0,4.0,1.0,8.0,9.0,1.0,2.0,1.0,0.0,0.0,1.0,3.0,15.0,-6.0,58.0,58.3,66.7,66.7,2.0,0.8,1.3,4.1,27.7,16.9,7.6,1.8,0.0,20.5,15.8
2487006,23,981216,CLASS BASQUET SANT ANTONI,AWAY,2128433,N. Zizic,N. Zizic,0,11.0,659.0,6.0,2.0,7.0,0.0,0.0,2.0,7.0,2.0,2.0,1.0,2.0,3.0,0.0,0.0,0.0,0.0,1.0,1.0,2.0,5.0,-20.0,38.1,28.6,0.0,28.6,0.6,0.0,1.0,11.0,18.6,15.2,0.0,0.0,0.0,0.0,34.3
2487006,23,981216,CLASS BASQUET SANT ANTONI,AWAY,2182043,J. Solarin,J. Solarin,1,34.3,2056.0,14.0,1.0,4.0,3.0,6.0,4.0,10.0,3.0,4.0,3.0,4.0,7.0,0.0,5.0,1.0,0.0,0.0,0.0,2.0,12.0,1.0,59.5,55.0,60.0,40.0,0.5,1.5,2.0,10.6,12.0,11.3,0.0,1.6,0.0,29.8,23.4
2487007,23,981491,C.B. GETAFE,HOME,1223461,J. Tejera Tejo,J. Tejera Tejo,0,2.0,121.0,0.0,0.0,0.0,0.0,0.0,0.0,0.0,0.0,0.0,0.0,0.0,0.0,0.0,0.0,0.0,0.0,0.0,1.0,0.0,-1.0,-7.0,0.0,0.0,0.0,0.0,0.0,0.0,0.0,0.0,0.0,0.0,0.0,0.0,0.0,0.0,0.0
2487007,23,981491,C.B. GETAFE,HOME,2816388,M. Abdulsalam,M. Abdulsalam,1,31.4,1881.0,20.0,6.0,13.0,0.0,0.0,6.0,13.0,8.0,12.0,8.0,7.0,15.0,0.0,2.0,0.0,1.0,0.0,3.0,8.0,28.0,2.0,54.7,46.2,0.0,92.3,0.9,0.0,1.5,24.9,26.2,25.5,0.0,0.0,3.9,9.9,29.8
2487007,23,981491,C.B. GETAFE,HOME,1789964,E. Ortiz Torres,E. Ortiz Torres,0,10.3,619.0,0.0,0.0,1.0,0.0,1.0,0.0,2.0,0.0,0.0,0.0,0.0,0.0,1.0,1.0,0.0,0.0,0.0,3.0,0.0,-5.0,-12.0,0.0,0.0,50.0,0.0,0.0,0.0,0.0,0.0,0.0,0.0,16.7,0.0,0.0,33.3,13.4
2487007,23,981491,C.B. GETAFE,HOME,2815898,C. Henderson,C. Henderson,1,30.6,1835.0,19.0,5.0,9.0,2.0,8.0,7.0,17.0,3.0,3.0,2.0,6.0,8.0,3.0,1.0,0.0,0.0,0.0,2.0,2.0,19.0,9.0,51.9,47.1,47.1,17.6,1.1,0.8,1.5,6.4,23.1,13.9,33.3,0.0,0.0,5.2,29.1
2487007,23,981491,C.B. GETAFE,HOME,1328788,M. Alvarez Puertas,M. Alvarez Puertas,0,8.4,503.0,3.0,0.0,0.0,1.0,1.0,1.0,1.0,0.0,0.0,0.0,0.0,0.0,0.0,1.0,0.0,0.0,0.0,0.0,0.0,2.0,-9.0,150.0,150.0,100.0,0.0,0.0,3.0,0.0,0.0,0.0,0.0,0.0,0.0,0.0,50.0,11.0
2487007,23,981491,C.B. GETAFE,HOME,1674978,G. Mulero Maldonado,G. Mulero Maldonado,1,20.8,1245.0,1.0,0.0,3.0,0.0,3.0,0.0,6.0,1.0,2.0,0.0,2.0,2.0,4.0,2.0,2.0,0.0,1.0,3.0,2.0,-1.0,-20.0,7.3,0.0,50.0,33.3,0.0,0.0,1.0,0.0,11.3,5.1,40.0,5.0,0.0,22.5,19.7
2487007,23,981491,C.B. GETAFE,HOME,1582089,J. Parra Baez,J. Parra Baez,0,22.3,1340.0,12.0,1.0,2.0,2.0,7.0,3.0,9.0,4.0,4.0,1.0,4.0,5.0,1.0,1.0,1.0,0.0,1.0,2.0,4.0,14.0,-9.0,55.8,44.4,77.8,44.4,1.0,0.9,1.0,4.4,21.1,12.0,11.1,2.3,0.0,8.5,24.3
2487007,23,981491,C.B. GETAFE,HOME,1820240,P. Arribas Gomez,P. Arribas Gomez,0,8.6,517.0,0.0,0.0,0.0,0.0,1.0,0.0,1.0,0.0,0.0,0.0,1.0,1.0,2.0,0.0,0.0,0.0,0.0,2.0,0.0,0.0,8.0,0.0,0.0,100.0,0.0,0.0,0.0,0.0,0.0,13.7,6.2,50.0,0.0,0.0,0.0,5.4
2487007,23,981491,C.B. GETAFE,HOME,1590474,G. Kasanzi Obama,G. Kasanzi Obama,1,28.3,1698.0,7.0,0.0,3.0,1.0,5.0,1.0,8.0,4.0,6.0,1.0,5.0,6.0,0.0,1.0,0.0,0.0,0.0,1.0,3.0,5.0,11.0,32.9,18.8,62.5,75.0,0.0,0.6,2.0,3.4,20.8,11.3,0.0,0.0,0.0,8.6,19.0
2487007,23,981491,C.B. GETAFE,HOME,2816389,J. Nve Maleva,J. Nve Maleva,0,7.7,460.0,0.0,0.0,1.0,0.0,0.0,0.0,1.0,0.0,2.0,0.0,2.0,2.0,0.0,0.0,0.0,0.0,0.0,0.0,1.0,0.0,-5.0,0.0,0.0,0.0,200.0,0.0,0.0,2.0,0.0,30.6,13.9,0.0,0.0,0.0,0.0,11.3
2487007,23,981491,C.B. GETAFE,HOME,1876223,A. Montero Isla,A. Montero Isla,1,29.7,1781.0,5.0,2.0,3.0,0.0,2.0,2.0,5.0,1.0,2.0,0.0,4.0,4.0,5.0,1.0,1.0,0.0,0.0,1.0,3.0,12.0,7.0,42.5,40.0,40.0,40.0,1.3,0.0,0.7,0.0,15.8,7.2,41.7,1.7,0.0,14.5,10.7
2487007,23,979897,BUENO ARENAS ALBACETE BASKET,AWAY,2772828,F. Andrade Amiel,F. Andrade Amiel,1,8.7,519.0,5.0,1.0,2.0,1.0,4.0,2.0,6.0,0.0,0.0,0.0,1.0,1.0,1.0,1.0,0.0,0.0,0.0,1.0,1.0,2.0,-7.0,41.7,41.7,66.7,0.0,1.0,0.8,0.0,0.0,11.2,6.1,33.3,0.0,0.0,14.3,40.1
2487007,23,979897,BUENO ARENAS ALBACETE BASKET,AWAY,1371559,V. Aguilar Hernandez,V. Aguilar Hernandez,1,22.9,1375.0,8.0,2.0,5.0,1.0,3.0,3.0,8.0,1.0,2.0,1.0,0.0,1.0,2.0,1.0,1.0,0.0,0.0,3.0,1.0,3.0,-9.0,45.0,43.8,37.5,25.0,0.8,1.0,2.0,5.1,0.0,2.3,16.7,2.3,0.0,10.1,21.5
2487007,23,979897,BUENO ARENAS ALBACETE BASKET,AWAY,2813013,N. Reid,N. Reid,1,25.7,1543.0,12.0,2.0,4.0,2.0,5.0,4.0,9.0,2.0,2.0,0.0,6.0,6.0,0.0,0.0,1.0,0.0,0.0,4.0,1.0,11.0,1.0,60.7,55.6,55.6,22.2,1.0,1.2,2.0,0.0,22.8,12.5,0.0,2.1,0.0,0.0,19.2
2487007,23,979897,BUENO ARENAS ALBACETE BASKET,AWAY,1947396,V. Muñoz Quiñones,V. Muñoz Quiñones,1,10.0,601.0,0.0,0.0,0.0,0.0,1.0,0.0,1.0,0.0,0.0,0.0,1.0,1.0,0.0,0.0,0.0,0.0,0.0,3.0,0.0,-3.0,-1.0,0.0,0.0,100.0,0.0,0.0,0.0,0.0,0.0,9.8,5.3,0.0,0.0,0.0,0.0,5.0
2487007,23,979897,BUENO ARENAS ALBACETE BASKET,AWAY,2432962,S. Merlo,S. Merlo,0,29.4,1762.0,13.0,4.0,5.0,1.0,4.0,5.0,9.0,2.0,3.0,0.0,10.0,10.0,8.0,0.0,1.0,0.0,1.0,2.0,3.0,28.0,9.0,63.0,61.1,44.4,33.3,1.6,0.8,1.0,0.0,33.2,18.1,64.0,1.8,0.0,0.0,17.5
2487007,23,979897,BUENO ARENAS ALBACETE BASKET,AWAY,1603635,J. Gonzalez Albadalejo,J. Gonzalez Albadalejo,0,25.5,1532.0,10.0,2.0,6.0,0.0,2.0,2.0,8.0,6.0,7.0,1.0,1.0,2.0,1.0,3.0,0.0,0.0,0.0,1.0,6.0,8.0,11.0,45.1,25.0,25.0,87.5,0.7,0.0,1.2,4.6,3.8,4.2,7.7,0.0,0.0,21.3,27.5
2487007,23,979897,BUENO ARENAS ALBACETE BASKET,AWAY,2500822,M. Voronin,M. Voronin,0,22.6,1353.0,8.0,2.0,2.0,1.0,3.0,3.0,5.0,1.0,1.0,0.0,0.0,0.0,1.0,2.0,1.0,0.0,0.0,2.0,1.0,5.0,8.0,73.5,70.0,60.0,20.0,2.0,1.0,1.0,0.0,0.0,0.0,8.3,2.4,0.0,26.9,16.4
2487007,23,979897,BUENO ARENAS ALBACETE BASKET,AWAY,2817541,O. Bramble,O. Bramble,0,15.4,926.0,2.0,1.0,2.0,0.0,1.0,1.0,3.0,0.0,0.0,0.0,1.0,1.0,1.0,0.0,0.0,0.0,0.0,4.0,0.0,-2.0,10.0,33.3,33.3,33.3,0.0,1.0,0.0,0.0,0.0,6.3,3.5,11.1,0.0,0.0,0.0,9.7
2487007,23,979897,BUENO ARENAS ALBACETE BASKET,AWAY,1981843,B. Vanaclocha Sanchez,B. Vanaclocha Sanchez,1,22.8,1368.0,11.0,5.0,6.0,0.0,1.0,5.0,7.0,1.0,1.0,1.0,4.0,5.0,0.0,1.0,0.0,1.0,0.0,3.0,3.0,14.0,4.0,73.9,71.4,14.3,14.3,1.7,0.0,0.3,5.2,17.1,11.7,0.0,0.0,5.0,11.8,18.5
2487007,23,979897,BUENO ARENAS ALBACETE BASKET,AWAY,2432412,J. Hierrezuelo Serer,J. Hierrezuelo Serer,0,17.0,1021.0,3.0,0.0,1.0,0.0,5.0,0.0,6.0,3.0,5.0,0.0,5.0,5.0,0.0,1.0,1.0,1.0,0.0,1.0,2.0,2.0,-1.0,18.3,0.0,83.3,83.3,0.0,0.0,2.5,0.0,28.7,15.7,0.0,3.2,6.7,10.9,27.0
2487008,23,981347,PROINBENI UPB GANDIA,HOME,1824880,G. Perez Ramirez,G. Perez Ramirez,0,13.9,837.0,2.0,1.0,1.0,0.0,3.0,1.0,4.0,0.0,0.0,0.0,1.0,1.0,0.0,2.0,0.0,0.0,0.0,1.0,0.0,-3.0,-1.0,25.0,25.0,75.0,0.0,2.0,0.0,0.0,0.0,7.0,4.1,0.0,0.0,0.0,33.3,20.8
2487008,23,981347,PROINBENI UPB GANDIA,HOME,1837816,C. Hurtado Cervantes,C. Hurtado Cervantes,0,11.9,715.0,2.0,1.0,3.0,0.0,2.0,1.0,5.0,0.0,0.0,0.0,1.0,1.0,1.0,1.0,0.0,0.0,0.0,1.0,3.0,1.0,0.0,20.0,20.0,40.0,0.0,0.7,0.0,0.0,0.0,8.2,4.8,14.7,0.0,0.0,16.7,24.2
2487008,23,981347,PROINBENI UPB GANDIA,HOME,2736564,K. Greeley,K. Greeley,1,27.7,1660.0,22.0,5.0,8.0,1.0,1.0,6.0,9.0,9.0,9.0,2.0,4.0,6.0,3.0,1.0,0.0,0.0,0.0,3.0,5.0,29.0,16.0,84.9,72.2,11.1,100.0,1.2,3.0,1.8,10.0,14.1,12.4,24.6,0.0,0.0,7.2,24.2
2487008,23,981347,PROINBENI UPB GANDIA,HOME,2378347,J. Molina Martinez,J. Molina Martinez,1,23.0,1380.0,6.0,2.0,2.0,0.0,0.0,2.0,2.0,2.0,2.0,1.0,5.0,6.0,0.0,1.0,2.0,0.0,0.0,3.0,3.0,13.0,5.0,104.2,100.0,0.0,100.0,2.0,0.0,0.7,6.0,21.2,14.9,0.0,4.6,0.0,25.8,8.1
2487008,23,981347,PROINBENI UPB GANDIA,HOME,1673764,L. Ferrando Ortells,L. Ferrando Ortells,1,27.7,1661.0,12.0,2.0,4.0,1.0,4.0,3.0,8.0,5.0,6.0,0.0,4.0,4.0,5.0,2.0,3.0,1.0,0.0,3.0,4.0,18.0,13.0,56.4,43.8,50.0,75.0,1.0,0.8,1.5,0.0,14.1,8.3,32.9,5.7,4.1,15.8,21.9
2487008,23,981347,PROINBENI UPB GANDIA,HOME,1996333,M. Montilla Diaz,M. Montilla Diaz,1,12.7,759.0,5.0,2.0,4.0,0.0,0.0,2.0,4.0,1.0,2.0,1.0,2.0,3.0,0.0,1.0,0.0,1.0,0.0,1.0,1.0,5.0,4.0,51.2,50.0,0.0,50.0,1.0,0.0,2.0,10.9,15.4,13.5,0.0,0.0,9.0,17.0,22.3
2487008,23,981347,PROINBENI UPB GANDIA,HOME,1827011,J. Soler Cirujeda,J. Soler Cirujeda,0,15.0,898.0,8.0,1.0,1.0,1.0,4.0,2.0,5.0,3.0,4.0,0.0,2.0,2.0,1.0,0.0,3.0,0.0,0.0,2.0,5.0,13.0,14.0,59.2,50.0,80.0,80.0,2.0,0.8,0.8,0.0,13.0,7.6,11.9,10.5,0.0,0.0,21.7
2487008,23,981347,PROINBENI UPB GANDIA,HOME,1857448,J. Santana Luchoro,J. Santana Luchoro,0,19.2,1152.0,7.0,3.0,6.0,0.0,0.0,3.0,6.0,1.0,2.0,1.0,2.0,3.0,0.0,1.0,0.0,1.0,0.0,1.0,2.0,7.0,12.0,50.9,50.0,0.0,33.3,1.0,0.0,1.0,7.2,10.2,8.9,0.0,0.0,6.0,12.7,19.7
2487008,23,981347,PROINBENI UPB GANDIA,HOME,1851026,A. Bellver Valiente,A. Bellver Valiente,0,11.5,691.0,5.0,1.0,1.0,0.0,3.0,1.0,4.0,3.0,3.0,0.0,3.0,3.0,0.0,0.0,0.0,1.0,0.0,3.0,2.0,5.0,-1.0,47.0,25.0,75.0,75.0,2.0,0.0,1.5,0.0,25.5,14.9,0.0,0.0,9.9,0.0,22.2
2487008,23,981347,PROINBENI UPB GANDIA,HOME,2868534,C. Osaikhwuwuomwan,C. Osaikhwuwuomwan,0,19.3,1158.0,10.0,2.0,4.0,2.0,3.0,4.0,7.0,0.0,0.0,0.0,5.0,5.0,0.0,0.0,0.0,0.0,0.0,0.0,1.0,13.0,6.0,71.4,71.4,42.9,0.0,1.0,2.0,0.0,0.0,25.3,14.8,0.0,0.0,0.0,0.0,17.4
2487008,23,981347,PROINBENI UPB GANDIA,HOME,2335802,J. Bitjaa Kody,J. Bitjaa Kody,1,18.1,1089.0,3.0,1.0,3.0,0.0,2.0,1.0,5.0,1.0,2.0,1.0,0.0,1.0,1.0,2.0,0.0,0.0,0.0,1.0,2.0,-1.0,7.0,25.5,20.0,40.0,40.0,0.7,0.0,1.0,7.6,0.0,3.2,8.3,0.0,0.0,25.4,20.9
2487008,23,981275,MADERAS SORLI BENICARLO,AWAY,2467065,A. Ikpeze,A. Ikpeze,0,11.8,711.0,4.0,2.0,3.0,0.0,0.0,2.0,3.0,0.0,0.0,2.0,3.0,5.0,0.0,0.0,0.0,0.0,0.0,5.0,0.0,3.0,-3.0,66.7,66.7,0.0,0.0,1.3,0.0,0.0,16.5,35.1,24.2,0.0,0.0,0.0,0.0,11.6
2487008,23,981275,MADERAS SORLI BENICARLO,AWAY,2864230,M. Becht,M. Becht,0,13.8,830.0,3.0,1.0,1.0,0.0,3.0,1.0,4.0,1.0,2.0,0.0,1.0,1.0,0.0,0.0,0.0,0.0,0.0,2.0,2.0,0.0,-10.0,30.7,25.0,75.0,50.0,2.0,0.0,1.0,0.0,10.0,4.1,0.0,0.0,0.0,0.0,16.1
2487008,23,981275,MADERAS SORLI BENICARLO,AWAY,1485040,A. Haro Val,A. Haro Val,0,25.9,1555.0,13.0,2.0,4.0,3.0,9.0,5.0,13.0,0.0,2.0,1.0,0.0,1.0,3.0,0.0,5.0,0.0,1.0,2.0,4.0,14.0,-8.0,46.8,50.0,69.2,15.4,1.0,1.0,0.5,3.8,0.0,2.2,31.9,10.0,0.0,0.0,24.4
2487008,23,981275,MADERAS SORLI BENICARLO,AWAY,1998365,P. Harguindey Maneiro,P. Harguindey Maneiro,1,29.8,1787.0,3.0,0.0,1.0,1.0,3.0,1.0,4.0,0.0,0.0,0.0,2.0,2.0,3.0,3.0,1.0,0.0,0.0,2.0,1.0,2.0,-16.0,37.5,37.5,75.0,0.0,0.0,1.0,0.0,0.0,9.3,3.8,19.0,1.7,0.0,42.9,10.7
2487008,23,981275,MADERAS SORLI BENICARLO,AWAY,1659850,A. Prior Ruiz,A. Prior Ruiz,0,17.4,1043.0,12.0,3.0,6.0,2.0,3.0,5.0,9.0,0.0,0.0,2.0,3.0,5.0,0.0,1.0,0.0,0.0,0.0,0.0,1.0,13.0,-11.0,66.7,66.7,33.3,0.0,1.0,2.0,0.0,11.2,23.8,16.4,0.0,0.0,0.0,10.0,26.1
2487008,23,981275,MADERAS SORLI BENICARLO,AWAY,2219986,A. Libroia,A. Libroia,1,26.2,1570.0,6.0,2.0,7.0,0.0,5.0,2.0,12.0,2.0,4.0,1.0,1.0,2.0,4.0,0.0,1.0,0.0,2.0,4.0,2.0,-1.0,-6.0,21.8,16.7,41.7,33.3,0.6,0.0,2.0,3.7,5.3,4.4,27.0,2.0,0.0,0.0,23.9
2487008,23,981275,MADERAS SORLI BENICARLO,AWAY,2703145,M. Fall,M. Fall,1,20.9,1255.0,2.0,1.0,1.0,0.0,0.0,1.0,1.0,0.0,0.0,3.0,6.0,9.0,0.0,3.0,0.0,0.0,0.0,5.0,0.0,3.0,-11.0,100.0,100.0,0.0,0.0,2.0,0.0,0.0,14.0,39.6,24.6,0.0,0.0,0.0,75.0,8.7
2487008,23,981275,MADERAS SORLI BENICARLO,AWAY,1512091,N. Rakocevic,N. Rakocevic,1,16.7,1002.0,14.0,2.0,6.0,2.0,4.0,4.0,10.0,4.0,4.0,0.0,1.0,1.0,2.0,2.0,1.0,0.0,1.0,3.0,4.0,11.0,-2.0,59.5,50.0,40.0,40.0,0.7,1.5,1.0,0.0,8.3,3.4,35.7,3.1,0.0,14.5,37.5
2487008,23,981275,MADERAS SORLI BENICARLO,AWAY,2250610,A. Sanchez Perdiguero,A. Sanchez Perdiguero,1,24.8,1487.0,10.0,3.0,6.0,0.0,1.0,3.0,7.0,4.0,6.0,2.0,5.0,7.0,0.0,4.0,1.0,0.0,0.0,5.0,5.0,8.0,-3.0,51.9,42.9,14.3,85.7,1.0,0.0,1.2,7.9,27.8,16.1,0.0,2.1,0.0,29.3,25.0
2487008,23,981275,MADERAS SORLI BENICARLO,AWAY,2816381,K. Obiekwe Sam,K. Obiekwe Sam,0,12.7,760.0,0.0,0.0,0.0,0.0,3.0,0.0,3.0,0.0,0.0,1.0,1.0,2.0,0.0,1.0,0.0,0.0,0.0,0.0,0.0,-2.0,-5.0,0.0,0.0,100.0,0.0,0.0,0.0,0.0,7.7,10.9,9.0,0.0,0.0,0.0,25.0,14.3
2487009,23,981358,CIUDAD MOLINA BASKET,HOME,2816300,A. Duval,A. Duval,1,24.4,1464.0,6.0,1.0,2.0,1.0,5.0,2.0,7.0,1.0,2.0,1.0,2.0,3.0,0.0,2.0,1.0,0.0,0.0,1.0,1.0,2.0,13.0,38.1,35.7,71.4,28.6,1.0,0.6,2.0,4.0,12.1,7.2,0.0,2.0,0.0,20.2,17.5
2487009,23,981358,CIUDAD MOLINA BASKET,HOME,1767254,G. Cadme Arias,G. Cadme Arias,0,9.8,585.0,0.0,0.0,1.0,0.0,1.0,0.0,2.0,0.0,0.0,1.0,1.0,2.0,0.0,0.0,0.0,0.0,0.0,0.0,1.0,1.0,-6.0,0.0,0.0,50.0,0.0,0.0,0.0,0.0,10.0,15.1,12.0,0.0,0.0,0.0,0.0,8.8
2487009,23,981358,CIUDAD MOLINA BASKET,HOME,1532799,R. Timoner Gimenez,R. Timoner Gimenez,0,20.7,1240.0,8.0,0.0,2.0,2.0,4.0,2.0,6.0,2.0,4.0,1.0,0.0,1.0,3.0,3.0,3.0,0.0,0.0,3.0,5.0,8.0,-13.0,51.5,50.0,66.7,66.7,0.0,1.5,0.8,4.7,0.0,2.8,23.1,7.1,0.0,27.9,22.4
2487009,23,981358,CIUDAD MOLINA BASKET,HOME,1514342,R. Martínez-Quintanilla Jiménez,R. Martínez-Quintanilla Jiménez,0,10.5,628.0,3.0,0.0,1.0,1.0,2.0,1.0,3.0,0.0,0.0,2.0,0.0,2.0,0.0,0.0,0.0,0.0,0.0,0.0,0.0,3.0,-9.0,50.0,50.0,66.7,0.0,0.0,1.5,0.0,18.6,0.0,11.2,0.0,0.0,0.0,0.0,12.3
2487009,23,981358,CIUDAD MOLINA BASKET,HOME,2864918,H. Kabasele Kasonga,H. Kabasele Kasonga,1,21.9,1311.0,24.0,10.0,13.0,0.0,0.0,10.0,13.0,4.0,6.0,3.0,6.0,9.0,0.0,1.0,0.0,2.0,0.0,5.0,4.0,28.0,19.0,76.7,76.9,0.0,46.2,1.5,0.0,1.5,13.4,40.6,24.2,0.0,0.0,15.2,6.0,32.8
2487009,23,981358,CIUDAD MOLINA BASKET,HOME,2414699,T. Boundi,T. Boundi,0,2.8,166.0,0.0,0.0,0.0,0.0,0.0,0.0,0.0,0.0,0.0,0.0,0.0,0.0,0.0,0.0,0.0,0.0,0.0,1.0,0.0,-1.0,-6.0,0.0,0.0,0.0,0.0,0.0,0.0,0.0,0.0,0.0,0.0,0.0,0.0,0.0,0.0,0.0
2487009,23,981358,CIUDAD MOLINA BASKET,HOME,2816662,G. Miladinovic,G. Miladinovic,0,15.0,902.0,5.0,1.0,6.0,1.0,1.0,2.0,7.0,0.0,0.0,2.0,4.0,6.0,1.0,2.0,0.0,0.0,0.0,4.0,0.0,1.0,-15.0,35.7,35.7,14.3,0.0,0.3,3.0,0.0,13.0,39.5,23.5,10.0,0.0,0.0,22.2,25.9
2487009,23,981358,CIUDAD MOLINA BASKET,HOME,1994360,U. Zamora Maña,U. Zamora Maña,1,24.7,1480.0,5.0,1.0,1.0,1.0,2.0,2.0,3.0,0.0,0.0,0.0,3.0,3.0,5.0,0.0,4.0,1.0,0.0,4.0,4.0,17.0,27.0,83.3,83.3,66.7,0.0,2.0,1.5,0.0,0.0,18.0,7.1,31.2,7.9,6.7,0.0,5.2
2487009,23,981358,CIUDAD MOLINA BASKET,HOME,2042118,F. Hernandez Martinez,F. Hernandez Martinez,0,16.3,980.0,8.0,2.0,4.0,1.0,4.0,3.0,8.0,1.0,2.0,0.0,1.0,1.0,0.0,0.0,0.0,0.0,0.0,0.0,2.0,5.0,-8.0,45.0,43.8,50.0,25.0,1.0,0.8,1.0,0.0,9.1,3.6,0.0,0.0,0.0,0.0,23.5
2487009,23,981358,CIUDAD MOLINA BASKET,HOME,1439463,C. Toledo Zamora,C. Toledo Zamora,1,30.1,1806.0,11.0,4.0,7.0,0.0,1.0,4.0,8.0,3.0,8.0,1.0,4.0,5.0,3.0,2.0,0.0,1.0,0.0,4.0,5.0,10.0,15.0,47.7,50.0,12.5,100.0,1.1,0.0,1.6,3.2,19.7,9.8,15.0,0.0,5.5,14.8,19.4
2487009,23,981358,CIUDAD MOLINA BASKET,HOME,2032122,J. Tavelli,J. Tavelli,1,24.0,1438.0,13.0,4.0,12.0,0.0,1.0,4.0,13.0,5.0,7.0,2.0,2.0,4.0,9.0,0.0,2.0,0.0,0.0,3.0,3.0,17.0,23.0,40.4,30.8,7.7,53.8,0.7,0.0,2.3,8.1,12.3,9.8,64.3,4.1,0.0,0.0,28.9
2487009,23,981490,CLUB ESPORTIU BÀSQUET LLÍRIA,AWAY,2274877,K. Clement Aigbogun,K. Clement Aigbogun,0,17.8,1069.0,3.0,0.0,1.0,0.0,1.0,0.0,2.0,3.0,4.0,0.0,1.0,1.0,0.0,3.0,0.0,0.0,1.0,2.0,2.0,-2.0,-11.0,39.9,0.0,50.0,200.0,0.0,0.0,2.0,0.0,5.5,3.3,0.0,0.0,0.0,44.4,17.7
2487009,23,981490,CLUB ESPORTIU BÀSQUET LLÍRIA,AWAY,1995160,D. Rivas Palmer,D. Rivas Palmer,1,20.9,1257.0,6.0,0.0,2.0,2.0,6.0,2.0,8.0,0.0,0.0,1.0,1.0,2.0,0.0,1.0,0.0,0.0,0.0,0.0,0.0,1.0,-9.0,37.5,37.5,75.0,0.0,0.0,1.0,0.0,7.1,4.7,5.6,0.0,0.0,0.0,11.1,20.0
2487009,23,981490,CLUB ESPORTIU BÀSQUET LLÍRIA,AWAY,1882178,J. Palamos Molins,J. Palamos Molins,0,16.9,1016.0,12.0,3.0,4.0,2.0,5.0,5.0,9.0,0.0,0.0,0.0,3.0,3.0,1.0,3.0,4.0,0.0,0.0,3.0,3.0,13.0,0.0,66.7,66.7,55.6,0.0,1.5,1.2,0.0,0.0,17.3,10.4,23.8,11.9,0.0,25.0,33.0
2487009,23,981490,CLUB ESPORTIU BÀSQUET LLÍRIA,AWAY,2281145,A. Rivas Palmer,A. Rivas Palmer,1,24.4,1467.0,8.0,1.0,3.0,2.0,5.0,3.0,8.0,0.0,0.0,0.0,2.0,2.0,2.0,1.0,1.0,0.0,1.0,5.0,2.0,4.0,-2.0,50.0,50.0,62.5,0.0,0.7,1.2,0.0,0.0,8.0,4.8,18.5,2.1,0.0,11.1,17.2
2487009,23,981490,CLUB ESPORTIU BÀSQUET LLÍRIA,AWAY,2646201,H. Salomon,H. Salomon,0,6.9,413.0,7.0,2.0,2.0,1.0,3.0,3.0,5.0,0.0,0.0,0.0,0.0,0.0,1.0,0.0,0.0,0.0,0.0,0.0,0.0,6.0,-2.0,70.0,70.0,60.0,0.0,2.0,1.0,0.0,0.0,0.0,0.0,62.5,0.0,0.0,0.0,33.7
2487009,23,981490,CLUB ESPORTIU BÀSQUET LLÍRIA,AWAY,1560358,A. Meana Perez,A. Meana Perez,1,25.6,1537.0,12.0,0.0,1.0,3.0,8.0,3.0,9.0,3.0,4.0,0.0,3.0,3.0,7.0,3.0,0.0,0.0,1.0,3.0,7.0,16.0,-2.0,55.8,50.0,88.9,44.4,0.0,1.1,0.6,0.0,11.4,6.9,64.8,0.0,0.0,21.8,25.0
2487009,23,981490,CLUB ESPORTIU BÀSQUET LLÍRIA,AWAY,2665346,D. Kandulu,D. Kandulu,0,20.4,1226.0,7.0,1.0,1.0,0.0,0.0,1.0,1.0,5.0,6.0,1.0,8.0,9.0,0.0,2.0,0.0,0.0,0.0,3.0,5.0,15.0,-8.0,96.2,100.0,0.0,600.0,2.0,0.0,1.2,7.3,38.3,26.0,0.0,0.0,0.0,35.5,12.9
2487009,23,981490,CLUB ESPORTIU BÀSQUET LLÍRIA,AWAY,1761293,P. Bono Soler,P. Bono Soler,0,8.9,536.0,5.0,1.0,1.0,0.0,0.0,1.0,1.0,3.0,3.0,0.0,2.0,2.0,0.0,0.0,0.0,0.0,0.0,1.0,1.0,7.0,7.0,107.8,100.0,0.0,300.0,2.0,0.0,3.0,0.0,21.9,13.2,0.0,0.0,0.0,0.0,12.1
2487009,23,981490,CLUB ESPORTIU BÀSQUET LLÍRIA,AWAY,2184821,M. Enabulele Ogunsuyi,M. Enabulele Ogunsuyi,1,19.1,1147.0,4.0,1.0,2.0,0.0,0.0,1.0,2.0,2.0,3.0,0.0,3.0,3.0,0.0,1.0,0.0,0.0,1.0,3.0,2.0,3.0,4.0,60.2,50.0,0.0,150.0,1.0,0.0,1.5,0.0,15.3,9.2,0.0,0.0,0.0,23.1,10.5
2487009,23,981490,CLUB ESPORTIU BÀSQUET LLÍRIA,AWAY,1702333,E. Herrera Sauret,E. Herrera Sauret,1,23.2,1390.0,4.0,0.0,4.0,1.0,6.0,1.0,10.0,1.0,3.0,1.0,3.0,4.0,1.0,3.0,1.0,0.0,0.0,2.0,2.0,-4.0,-16.0,17.7,15.0,60.0,30.0,0.0,0.5,1.5,6.4,12.6,10.1,7.8,2.2,0.0,20.9,28.7
2487009,23,981490,CLUB ESPORTIU BÀSQUET LLÍRIA,AWAY,2222436,S. Gallego Mogro,S. Gallego Mogro,0,15.7,942.0,7.0,3.0,3.0,0.0,0.0,3.0,3.0,1.0,2.0,1.0,2.0,3.0,0.0,0.0,1.0,0.0,0.0,3.0,1.0,8.0,-1.0,90.2,100.0,0.0,66.7,2.0,0.0,2.0,9.4,12.4,11.2,0.0,3.2,0.0,0.0,11.5
2487010,24,981358,CIUDAD MOLINA BASKET,HOME,2816300,A. Duval,A. Duval,1,18.7,1124.0,8.0,1.0,2.0,2.0,8.0,3.0,10.0,0.0,2.0,0.0,2.0,2.0,2.0,1.0,0.0,0.0,0.0,4.0,2.0,0.0,-19.0,36.8,40.0,80.0,20.0,1.0,0.8,1.0,0.0,17.8,6.0,28.6,0.0,0.0,8.4,29.2
2487010,24,981358,CIUDAD MOLINA BASKET,HOME,1767254,G. Cadme Arias,G. Cadme Arias,0,13.3,800.0,3.0,0.0,0.0,1.0,2.0,1.0,2.0,0.0,0.0,3.0,1.0,4.0,0.0,1.0,1.0,0.0,0.0,0.0,1.0,7.0,-7.0,75.0,75.0,100.0,0.0,0.0,1.5,0.0,19.2,12.5,16.9,0.0,4.3,0.0,33.3,10.4
2487010,24,981358,CIUDAD MOLINA BASKET,HOME,1532799,R. Timoner Gimenez,R. Timoner Gimenez,0,24.9,1494.0,3.0,1.0,3.0,0.0,3.0,1.0,6.0,1.0,2.0,2.0,1.0,3.0,2.0,1.0,1.0,0.0,0.0,1.0,3.0,4.0,-11.0,21.8,16.7,50.0,33.3,0.7,0.0,0.7,6.8,6.7,6.8,18.2,2.3,0.0,12.7,14.5
2487010,24,981358,CIUDAD MOLINA BASKET,HOME,1514342,R. Martínez-Quintanilla Jiménez,R. Martínez-Quintanilla Jiménez,0,14.3,859.0,3.0,0.0,0.0,1.0,4.0,1.0,4.0,0.0,0.0,1.0,1.0,2.0,1.0,1.0,1.0,0.0,0.0,1.0,0.0,2.0,-14.0,37.5,37.5,100.0,0.0,0.0,0.8,0.0,6.0,11.7,7.9,14.3,4.0,0.0,20.0,16.1
2487010,24,981358,CIUDAD MOLINA BASKET,HOME,2864918,H. Kabasele Kasonga,H. Kabasele Kasonga,1,23.7,1421.0,10.0,4.0,12.0,0.0,0.0,4.0,12.0,2.0,3.0,3.0,2.0,5.0,1.0,3.0,2.0,0.0,0.0,2.0,2.0,6.0,-14.0,37.5,33.3,0.0,25.0,0.7,0.0,1.5,10.8,14.1,11.9,12.5,4.8,0.0,18.4,31.6
2487010,24,981358,CIUDAD MOLINA BASKET,HOME,2816662,G. Miladinovic,G. Miladinovic,0,15.2,909.0,4.0,0.0,4.0,0.0,0.0,0.0,4.0,4.0,4.0,2.0,2.0,4.0,1.0,2.0,1.0,1.0,0.0,3.0,2.0,4.0,-5.0,34.7,0.0,0.0,100.0,0.0,0.0,2.0,11.2,21.9,14.8,12.5,3.8,9.7,25.8,23.5
2487010,24,981358,CIUDAD MOLINA BASKET,HOME,1994360,U. Zamora Maña,U. Zamora Maña,1,21.7,1301.0,4.0,2.0,3.0,0.0,1.0,2.0,4.0,0.0,0.0,1.0,2.0,3.0,2.0,0.0,0.0,0.0,0.0,2.0,1.0,6.0,0.0,50.0,50.0,25.0,0.0,1.3,0.0,0.0,3.9,15.4,7.8,25.0,0.0,0.0,0.0,8.5
2487010,24,981358,CIUDAD MOLINA BASKET,HOME,2042118,F. Hernandez Martinez,F. Hernandez Martinez,0,20.6,1237.0,5.0,1.0,6.0,1.0,6.0,2.0,12.0,0.0,0.0,1.0,0.0,1.0,1.0,0.0,0.0,0.0,1.0,1.0,1.0,-3.0,0.0,20.8,20.8,50.0,0.0,0.3,0.5,0.0,4.1,0.0,2.7,12.5,0.0,0.0,0.0,26.8
2487010,24,981358,CIUDAD MOLINA BASKET,HOME,1439463,C. Toledo Zamora,C. Toledo Zamora,1,23.8,1427.0,10.0,1.0,2.0,2.0,4.0,3.0,6.0,2.0,2.0,1.0,2.0,3.0,0.0,1.0,0.0,0.0,0.0,4.0,2.0,7.0,-8.0,72.7,66.7,66.7,33.3,1.0,1.5,1.0,3.6,14.0,7.1,0.0,0.0,0.0,12.7,15.2
2487010,24,981358,CIUDAD MOLINA BASKET,HOME,2032122,J. Tavelli,J. Tavelli,1,23.8,1428.0,8.0,3.0,8.0,0.0,2.0,3.0,10.0,2.0,3.0,2.0,2.0,4.0,5.0,0.0,2.0,0.0,0.0,3.0,2.0,10.0,-17.0,35.3,30.0,20.0,30.0,0.8,0.0,1.5,7.2,14.0,9.5,55.6,4.8,0.0,0.0,21.9
2487010,24,981514,SPANISH BASKETBALL ACADEMY,AWAY,2643320,T. Trifonov,T. Trifonov,0,2.8,168.0,0.0,0.0,0.0,0.0,0.0,0.0,0.0,0.0,0.0,0.0,0.0,0.0,0.0,0.0,0.0,0.0,0.0,0.0,0.0,0.0,2.0,0.0,0.0,0.0,0.0,0.0,0.0,0.0,0.0,0.0,0.0,0.0,0.0,0.0,0.0,0.0
2487010,24,981514,SPANISH BASKETBALL ACADEMY,AWAY,2436640,J. Puidet,J. Puidet,1,28.4,1706.0,5.0,0.0,0.0,1.0,2.0,1.0,2.0,2.0,2.0,0.0,4.0,4.0,3.0,3.0,0.0,1.0,0.0,2.0,2.0,9.0,11.0,86.8,75.0,100.0,100.0,0.0,1.5,1.0,0.0,12.0,7.9,18.2,0.0,3.5,51.0,10.5
2487010,24,981514,SPANISH BASKETBALL ACADEMY,AWAY,2312124,S. Traore,S. Traore,1,17.0,1018.0,7.0,1.0,1.0,0.0,0.0,1.0,1.0,5.0,6.0,2.0,4.0,6.0,0.0,0.0,0.0,0.0,0.0,3.0,4.0,13.0,3.0,96.2,100.0,0.0,600.0,2.0,0.0,1.5,19.6,20.0,19.9,0.0,0.0,0.0,0.0,10.9
2487010,24,981514,SPANISH BASKETBALL ACADEMY,AWAY,1990032,M. Echeverria Fernandez,M. Echeverria Fernandez,0,24.3,1459.0,6.0,2.0,2.0,0.0,0.0,2.0,2.0,2.0,2.0,4.0,5.0,9.0,3.0,0.0,0.0,0.0,0.0,1.0,1.0,18.0,18.0,104.2,100.0,0.0,100.0,2.0,0.0,2.0,27.4,17.5,20.9,23.1,0.0,0.0,0.0,6.0
2487010,24,981514,SPANISH BASKETBALL ACADEMY,AWAY,2481590,A. Butko,A. Butko,0,1.4,82.0,0.0,0.0,0.0,0.0,1.0,0.0,1.0,0.0,0.0,0.0,0.0,0.0,0.0,0.0,0.0,0.0,0.0,0.0,0.0,-1.0,2.0,0.0,0.0,100.0,0.0,0.0,0.0,0.0,0.0,0.0,0.0,0.0,0.0,0.0,0.0,36.2
2487010,24,981514,SPANISH BASKETBALL ACADEMY,AWAY,2846994,K. Curfman,K. Curfman,0,24.1,1449.0,19.0,1.0,2.0,5.0,9.0,6.0,11.0,2.0,3.0,0.0,1.0,1.0,1.0,0.0,0.0,0.0,0.0,0.0,2.0,17.0,17.0,77.1,77.3,81.8,27.3,1.0,1.7,1.5,0.0,3.5,2.3,11.1,0.0,0.0,0.0,25.9
2487010,24,981514,SPANISH BASKETBALL ACADEMY,AWAY,2065452,J. Santano Bartolome,J. Santano Bartolome,1,15.7,941.0,2.0,1.0,2.0,0.0,4.0,1.0,6.0,0.0,2.0,0.0,6.0,6.0,0.0,0.0,1.0,0.0,0.0,0.0,1.0,3.0,1.0,14.5,16.7,66.7,33.3,1.0,0.0,2.0,0.0,32.5,21.5,0.0,3.6,0.0,0.0,22.2
2487010,24,981514,SPANISH BASKETBALL ACADEMY,AWAY,1374966,A. Moreno Trujillo,A. Moreno Trujillo,0,14.4,865.0,6.0,1.0,3.0,1.0,3.0,2.0,6.0,1.0,2.0,0.0,2.0,2.0,5.0,1.0,1.0,0.0,0.0,4.0,1.0,5.0,11.0,43.6,41.7,50.0,33.3,0.7,1.0,2.0,0.0,11.8,7.8,62.5,3.9,0.0,12.7,27.7
2487010,24,981514,SPANISH BASKETBALL ACADEMY,AWAY,2816737,D. Simeunovic,D. Simeunovic,1,24.6,1475.0,13.0,4.0,6.0,1.0,4.0,5.0,10.0,2.0,2.0,2.0,2.0,4.0,1.0,2.0,0.0,0.0,0.0,1.0,3.0,13.0,7.0,59.7,55.0,40.0,20.0,1.3,0.8,0.7,13.6,6.9,9.2,10.0,0.0,0.0,15.5,26.6
2487010,24,981514,SPANISH BASKETBALL ACADEMY,AWAY,2752020,E. Medina Roa,E. Medina Roa,0,21.7,1302.0,6.0,2.0,4.0,0.0,0.0,2.0,4.0,2.0,4.0,1.0,3.0,4.0,0.0,2.0,0.0,0.0,1.0,3.0,2.0,3.0,15.0,52.1,50.0,0.0,100.0,1.0,0.0,2.0,7.7,11.8,10.4,0.0,0.0,0.0,25.8,18.1
2487010,24,981514,SPANISH BASKETBALL ACADEMY,AWAY,1825944,R. Garcia Salame,R. Garcia Salame,1,25.6,1535.0,13.0,5.0,7.0,0.0,3.0,5.0,10.0,3.0,4.0,0.0,4.0,4.0,4.0,6.0,0.0,0.0,0.0,3.0,5.0,11.0,8.0,55.3,50.0,30.0,40.0,1.4,0.0,0.8,0.0,13.3,8.8,40.0,0.0,0.0,33.8,35.2
2487011,24,981490,CLUB ESPORTIU BÀSQUET LLÍRIA,HOME,2274877,K. Clement Aigbogun,K. Clement Aigbogun,0,21.9,1317.0,6.0,1.0,3.0,0.0,3.0,1.0,6.0,4.0,4.0,1.0,2.0,3.0,1.0,1.0,1.0,0.0,1.0,3.0,3.0,5.0,16.0,38.7,16.7,50.0,66.7,0.7,0.0,1.3,5.7,12.2,8.8,7.4,2.3,0.0,11.4,17.6
2487011,24,981490,CLUB ESPORTIU BÀSQUET LLÍRIA,HOME,1995160,D. Rivas Palmer,D. Rivas Palmer,1,16.0,958.0,1.0,0.0,4.0,0.0,3.0,0.0,7.0,1.0,2.0,0.0,1.0,1.0,0.0,0.0,0.0,0.0,1.0,3.0,2.0,-7.0,-9.0,6.3,0.0,42.9,28.6,0.0,0.0,1.0,0.0,8.3,4.0,0.0,0.0,0.0,0.0,21.7
2487011,24,981490,CLUB ESPORTIU BÀSQUET LLÍRIA,HOME,1882178,J. Palamos Molins,J. Palamos Molins,0,12.7,764.0,0.0,0.0,1.0,0.0,0.0,0.0,1.0,0.0,0.0,1.0,0.0,1.0,6.0,1.0,0.0,0.0,0.0,2.0,1.0,4.0,5.0,0.0,0.0,0.0,0.0,0.0,0.0,0.0,9.8,0.0,5.1,69.0,0.0,0.0,50.0,6.9
2487011,24,981490,CLUB ESPORTIU BÀSQUET LLÍRIA,HOME,2281145,A. Rivas Palmer,A. Rivas Palmer,1,21.8,1307.0,16.0,2.0,4.0,4.0,9.0,6.0,13.0,0.0,0.0,0.0,4.0,4.0,3.0,2.0,0.0,0.0,0.0,5.0,1.0,10.0,16.0,61.5,61.5,69.2,0.0,1.0,1.3,0.0,0.0,24.5,11.8,35.3,0.0,0.0,13.3,30.3
2487011,24,981490,CLUB ESPORTIU BÀSQUET LLÍRIA,HOME,2646201,H. Salomon,H. Salomon,0,11.5,688.0,9.0,1.0,1.0,2.0,4.0,3.0,5.0,1.0,1.0,0.0,0.0,0.0,1.0,2.0,0.0,0.0,0.0,2.0,3.0,7.0,3.0,82.7,80.0,80.0,20.0,2.0,1.5,0.3,0.0,0.0,0.0,17.5,0.0,0.0,26.9,28.5
2487011,24,981490,CLUB ESPORTIU BÀSQUET LLÍRIA,HOME,1560358,A. Meana Perez,A. Meana Perez,1,27.9,1676.0,9.0,0.0,3.0,3.0,7.0,3.0,10.0,0.0,0.0,0.0,1.0,1.0,8.0,3.0,1.0,0.0,1.0,3.0,4.0,10.0,4.0,45.0,45.0,70.0,0.0,0.0,1.3,0.0,0.0,4.8,2.3,46.2,1.8,0.0,23.1,20.5
2487011,24,981490,CLUB ESPORTIU BÀSQUET LLÍRIA,HOME,1257494,V. Perez Tomas,V. Perez Tomas,0,10.6,636.0,9.0,0.0,2.0,3.0,6.0,3.0,8.0,0.0,0.0,0.0,0.0,0.0,0.0,4.0,1.0,0.0,1.0,1.0,1.0,1.0,-6.0,56.2,56.2,75.0,0.0,0.0,1.5,0.0,0.0,0.0,0.0,0.0,4.7,0.0,33.3,49.9
2487011,24,981490,CLUB ESPORTIU BÀSQUET LLÍRIA,HOME,2665346,D. Kandulu,D. Kandulu,0,20.6,1239.0,6.0,3.0,4.0,0.0,0.0,3.0,4.0,0.0,0.0,4.0,8.0,12.0,0.0,0.0,0.0,1.0,1.0,2.0,1.0,17.0,12.0,75.0,75.0,0.0,0.0,1.5,0.0,0.0,24.3,51.8,37.6,0.0,0.0,5.0,0.0,8.6
2487011,24,981490,CLUB ESPORTIU BÀSQUET LLÍRIA,HOME,1761293,P. Bono Soler,P. Bono Soler,0,3.5,208.0,0.0,0.0,0.0,0.0,0.0,0.0,0.0,0.0,0.0,0.0,1.0,1.0,0.0,0.0,0.0,0.0,0.0,1.0,0.0,0.0,0.0,0.0,0.0,0.0,0.0,0.0,0.0,0.0,0.0,38.1,18.4,0.0,0.0,0.0,0.0,0.0
2487011,24,981490,CLUB ESPORTIU BÀSQUET LLÍRIA,HOME,2184821,M. Enabulele Ogunsuyi,M. Enabulele Ogunsuyi,1,18.3,1100.0,10.0,5.0,5.0,0.0,0.0,5.0,5.0,0.0,1.0,4.0,2.0,6.0,0.0,1.0,1.0,1.0,0.0,1.0,1.0,16.0,0.0,91.9,100.0,0.0,20.0,2.0,0.0,1.0,27.3,14.6,21.2,0.0,2.7,5.6,15.5,15.5
2487011,24,981490,CLUB ESPORTIU BÀSQUET LLÍRIA,HOME,1702333,E. Herrera Sauret,E. Herrera Sauret,1,18.6,1113.0,9.0,1.0,4.0,2.0,2.0,3.0,6.0,1.0,1.0,1.0,2.0,3.0,3.0,0.0,1.0,1.0,0.0,4.0,3.0,13.0,14.0,69.9,66.7,33.3,16.7,0.5,3.0,0.3,6.7,14.3,10.4,26.1,2.7,5.5,0.0,15.3
2487011,24,981490,CLUB ESPORTIU BÀSQUET LLÍRIA,HOME,2222436,S. Gallego Mogro,S. Gallego Mogro,0,16.6,994.0,8.0,1.0,4.0,1.0,2.0,2.0,6.0,3.0,4.0,1.0,2.0,3.0,0.0,0.0,1.0,0.0,0.0,1.0,2.0,8.0,-5.0,51.5,41.7,33.3,66.7,0.5,1.5,2.0,7.5,16.1,11.7,0.0,3.0,0.0,0.0,20.6
2487011,24,981347,PROINBENI UPB GANDIA,AWAY,1837816,C. Hurtado Cervantes,C. Hurtado Cervantes,0,16.5,988.0,10.0,0.0,1.0,2.0,5.0,2.0,6.0,4.0,4.0,0.0,2.0,2.0,3.0,2.0,0.0,1.0,1.0,2.0,3.0,11.0,3.0,64.4,50.0,83.3,66.7,0.0,1.2,1.3,0.0,15.2,7.8,39.5,0.0,6.9,20.5,27.1
2487011,24,981347,PROINBENI UPB GANDIA,AWAY,2736564,K. Greeley,K. Greeley,1,29.9,1792.0,22.0,6.0,10.0,2.0,2.0,8.0,12.0,4.0,6.0,0.0,2.0,2.0,3.0,2.0,0.0,0.0,0.0,2.0,6.0,23.0,-7.0,75.1,75.0,16.7,50.0,1.2,3.0,1.0,0.0,8.4,4.3,34.1,0.0,0.0,12.0,25.5
2487011,24,981347,PROINBENI UPB GANDIA,AWAY,2378347,J. Molina Martinez,J. Molina Martinez,0,24.1,1449.0,7.0,2.0,2.0,0.0,0.0,2.0,2.0,3.0,4.0,1.0,3.0,4.0,1.0,2.0,1.0,1.0,0.0,3.0,4.0,12.0,0.0,93.1,100.0,0.0,200.0,2.0,0.0,1.0,5.5,15.6,10.7,8.1,2.1,4.7,34.7,10.9
2487011,24,981347,PROINBENI UPB GANDIA,AWAY,1673764,L. Ferrando Ortells,L. Ferrando Ortells,1,25.8,1549.0,9.0,1.0,3.0,1.0,4.0,2.0,7.0,4.0,6.0,1.0,1.0,2.0,5.0,2.0,4.0,0.0,1.0,3.0,4.0,12.0,-10.0,46.7,35.7,57.1,85.7,0.7,0.8,1.5,5.2,4.8,5.0,40.3,7.9,0.0,17.2,20.7
2487011,24,981347,PROINBENI UPB GANDIA,AWAY,1996333,M. Montilla Diaz,M. Montilla Diaz,1,13.0,778.0,2.0,1.0,5.0,0.0,1.0,1.0,6.0,0.0,2.0,2.0,1.0,3.0,0.0,3.0,0.0,0.0,0.0,3.0,4.0,-4.0,-3.0,14.5,16.7,16.7,33.3,0.4,0.0,0.5,20.5,9.6,14.9,0.0,0.0,0.0,30.4,34.8
2487011,24,981347,PROINBENI UPB GANDIA,AWAY,1827011,J. Soler Cirujeda,J. Soler Cirujeda,0,21.1,1265.0,9.0,3.0,7.0,0.0,2.0,3.0,9.0,3.0,4.0,2.0,2.0,4.0,1.0,1.0,1.0,0.0,1.0,2.0,4.0,9.0,-8.0,41.8,33.3,22.2,44.4,0.9,0.0,1.0,12.6,11.8,12.2,11.1,2.4,0.0,8.5,25.5
2487011,24,981347,PROINBENI UPB GANDIA,AWAY,1857448,J. Santana Luchoro,J. Santana Luchoro,1,20.1,1205.0,2.0,0.0,1.0,0.0,1.0,0.0,2.0,2.0,2.0,0.0,2.0,2.0,0.0,1.0,1.0,1.0,0.0,2.0,1.0,2.0,-8.0,34.7,0.0,50.0,100.0,0.0,0.0,2.0,0.0,12.4,6.4,0.0,2.5,5.7,25.8,8.8
2487011,24,981347,PROINBENI UPB GANDIA,AWAY,1851026,A. Bellver Valiente,A. Bellver Valiente,0,10.1,608.0,0.0,0.0,0.0,0.0,2.0,0.0,2.0,0.0,0.0,0.0,0.0,0.0,0.0,1.0,2.0,1.0,0.0,2.0,0.0,-2.0,-3.0,0.0,0.0,100.0,0.0,0.0,0.0,0.0,0.0,0.0,0.0,0.0,10.1,11.3,33.3,13.6
2487011,24,981347,PROINBENI UPB GANDIA,AWAY,2868534,C. Osaikhwuwuomwan,C. Osaikhwuwuomwan,0,12.5,748.0,2.0,1.0,3.0,0.0,2.0,1.0,5.0,0.0,0.0,0.0,3.0,3.0,0.0,0.0,0.0,1.0,0.0,2.0,2.0,2.0,-7.0,20.0,20.0,40.0,0.0,0.7,0.0,0.0,0.0,30.0,15.5,0.0,0.0,9.1,0.0,18.3
2487011,24,981347,PROINBENI UPB GANDIA,AWAY,2335802,J. Bitjaa Kody,J. Bitjaa Kody,1,27.0,1618.0,10.0,5.0,7.0,0.0,0.0,5.0,7.0,0.0,0.0,1.0,4.0,5.0,0.0,3.0,0.0,0.0,0.0,1.0,0.0,9.0,-7.0,71.4,71.4,0.0,0.0,1.4,0.0,0.0,4.9,18.5,11.9,0.0,0.0,0.0,30.0,17.0
2487013,24,979897,BUENO ARENAS ALBACETE BASKET,HOME,2772828,F. Andrade Amiel,F. Andrade Amiel,1,6.0,359.0,0.0,0.0,0.0,0.0,1.0,0.0,1.0,0.0,0.0,0.0,1.0,1.0,0.0,1.0,0.0,0.0,0.0,3.0,0.0,-4.0,-3.0,0.0,0.0,100.0,0.0,0.0,0.0,0.0,0.0,18.5,7.8,0.0,0.0,0.0,50.0,15.4
2487013,24,979897,BUENO ARENAS ALBACETE BASKET,HOME,1371559,V. Aguilar Hernandez,V. Aguilar Hernandez,1,25.8,1545.0,7.0,0.0,1.0,2.0,7.0,2.0,8.0,1.0,2.0,0.0,1.0,1.0,2.0,1.0,5.0,0.0,0.0,1.0,5.0,11.0,-8.0,39.4,37.5,87.5,25.0,0.0,0.9,0.4,0.0,4.3,1.8,31.2,10.3,0.0,10.1,17.7
2487013,24,979897,BUENO ARENAS ALBACETE BASKET,HOME,2813013,N. Reid,N. Reid,1,23.0,1381.0,6.0,2.0,4.0,0.0,3.0,2.0,7.0,2.0,2.0,2.0,1.0,3.0,0.0,2.0,2.0,0.0,0.0,4.0,2.0,2.0,-9.0,38.1,28.6,42.9,28.6,1.0,0.0,1.0,7.1,4.8,6.1,0.0,4.6,0.0,20.2,19.9
2487013,24,979897,BUENO ARENAS ALBACETE BASKET,HOME,1947396,V. Muñoz Quiñones,V. Muñoz Quiñones,0,19.3,1158.0,3.0,1.0,2.0,0.0,0.0,1.0,2.0,1.0,2.0,3.0,1.0,4.0,1.0,0.0,0.0,0.0,0.0,3.0,2.0,5.0,6.0,52.1,50.0,0.0,100.0,1.0,0.0,1.0,12.7,5.8,9.8,16.7,0.0,0.0,0.0,6.9
2487013,24,979897,BUENO ARENAS ALBACETE BASKET,HOME,2735659,A. Vera Picazo,A. Vera Picazo,0,8.4,502.0,0.0,0.0,0.0,0.0,2.0,0.0,2.0,0.0,0.0,0.0,0.0,0.0,0.0,0.0,1.0,0.0,0.0,1.0,0.0,-2.0,-18.0,0.0,0.0,100.0,0.0,0.0,0.0,0.0,0.0,0.0,0.0,0.0,6.3,0.0,0.0,11.0
2487013,24,979897,BUENO ARENAS ALBACETE BASKET,HOME,2432962,S. Merlo,S. Merlo,0,30.3,1818.0,7.0,1.0,10.0,1.0,6.0,2.0,16.0,2.0,5.0,2.0,6.0,8.0,3.0,1.0,5.0,0.0,0.0,3.0,8.0,10.0,-19.0,19.2,15.6,37.5,31.2,0.2,0.5,0.6,5.4,22.0,12.4,32.6,8.8,0.0,5.2,29.3
2487013,24,979897,BUENO ARENAS ALBACETE BASKET,HOME,1603635,J. Gonzalez Albadalejo,J. Gonzalez Albadalejo,0,20.3,1216.0,5.0,0.0,5.0,1.0,6.0,1.0,11.0,2.0,4.0,0.0,2.0,2.0,1.0,1.0,4.0,0.0,0.0,0.0,2.0,1.0,-14.0,19.6,13.6,54.5,36.4,0.0,0.5,2.0,0.0,10.9,4.6,16.7,10.5,0.0,7.3,31.4
2487013,24,979897,BUENO ARENAS ALBACETE BASKET,HOME,2500822,M. Voronin,M. Voronin,1,11.0,662.0,0.0,0.0,2.0,0.0,2.0,0.0,4.0,0.0,0.0,0.0,0.0,0.0,0.0,0.0,0.0,0.0,0.0,1.0,0.0,-5.0,-14.0,0.0,0.0,50.0,0.0,0.0,0.0,0.0,0.0,0.0,0.0,0.0,0.0,0.0,0.0,16.8
2487013,24,979897,BUENO ARENAS ALBACETE BASKET,HOME,2817541,O. Bramble,O. Bramble,1,19.8,1186.0,7.0,2.0,6.0,1.0,1.0,3.0,7.0,0.0,0.0,3.0,3.0,6.0,0.0,3.0,0.0,0.0,0.0,1.0,0.0,5.0,-12.0,50.0,50.0,14.3,0.0,0.7,3.0,0.0,12.4,16.8,14.3,0.0,0.0,0.0,30.0,23.4
2487013,24,979897,BUENO ARENAS ALBACETE BASKET,HOME,1981843,B. Vanaclocha Sanchez,B. Vanaclocha Sanchez,0,8.5,511.0,2.0,0.0,0.0,0.0,0.0,0.0,0.0,2.0,2.0,0.0,0.0,0.0,0.0,0.0,0.0,0.0,0.0,1.0,2.0,3.0,-7.0,113.6,0.0,0.0,0.0,0.0,0.0,1.0,0.0,0.0,0.0,0.0,0.0,0.0,0.0,4.8
2487013,24,979897,BUENO ARENAS ALBACETE BASKET,HOME,2432412,J. Hierrezuelo Serer,J. Hierrezuelo Serer,0,15.6,938.0,4.0,1.0,2.0,0.0,2.0,1.0,4.0,2.0,2.0,0.0,2.0,2.0,0.0,2.0,0.0,0.0,0.0,0.0,1.0,2.0,-18.0,41.0,25.0,50.0,50.0,1.0,0.0,2.0,0.0,14.2,6.0,0.0,0.0,0.0,29.1,20.4
2487013,24,979897,BUENO ARENAS ALBACETE BASKET,HOME,2156303,A. Garcia Borrego,A. Garcia Borrego,0,12.1,724.0,4.0,2.0,4.0,0.0,1.0,2.0,5.0,0.0,0.0,1.0,3.0,4.0,0.0,0.0,0.0,0.0,1.0,1.0,0.0,4.0,-24.0,40.0,40.0,20.0,0.0,1.0,0.0,0.0,6.7,27.5,15.6,0.0,0.0,0.0,0.0,19.1
2487013,24,979996,AMICS CASTELLÓ,AWAY,2149001,R. Fabrega Urpina,R. Fabrega Urpina,0,22.6,1359.0,16.0,3.0,5.0,2.0,5.0,5.0,10.0,4.0,4.0,1.0,2.0,3.0,4.0,3.0,2.0,0.0,0.0,2.0,2.0,17.0,10.0,68.0,60.0,50.0,40.0,1.2,1.2,2.0,4.9,7.2,6.2,42.6,4.7,0.0,20.3,28.7
2487013,24,979996,AMICS CASTELLÓ,AWAY,273780,J. Faner Catala,J. Faner Catala,1,29.9,1795.0,5.0,0.0,0.0,1.0,6.0,1.0,6.0,2.0,3.0,0.0,6.0,6.0,6.0,4.0,1.0,0.0,0.0,2.0,3.0,9.0,38.0,34.2,25.0,100.0,50.0,0.0,0.5,1.0,0.0,16.4,9.4,38.0,1.8,0.0,35.3,16.6
2487013,24,979996,AMICS CASTELLÓ,AWAY,2818901,O. Russell,O. Russell,1,25.4,1523.0,11.0,1.0,3.0,3.0,7.0,4.0,10.0,0.0,0.0,1.0,0.0,1.0,2.0,2.0,1.0,0.0,0.0,3.0,4.0,8.0,15.0,55.0,55.0,70.0,0.0,0.7,1.3,0.0,4.4,0.0,1.9,19.2,2.1,0.0,16.7,20.8
2487013,24,979996,AMICS CASTELLÓ,AWAY,2816147,D. Bah,D. Bah,1,25.3,1518.0,6.0,3.0,5.0,0.0,0.0,3.0,5.0,0.0,0.0,5.0,8.0,13.0,2.0,2.0,2.0,0.0,0.0,2.0,0.0,17.0,18.0,60.0,60.0,0.0,0.0,1.2,0.0,0.0,22.0,25.8,24.2,17.5,4.2,0.0,28.6,12.2
2487013,24,979996,AMICS CASTELLÓ,AWAY,1817496,P. Garcia Carrero,P. Garcia Carrero,1,30.0,1801.0,15.0,3.0,6.0,3.0,7.0,6.0,13.0,0.0,0.0,3.0,11.0,14.0,2.0,2.0,0.0,0.0,0.0,3.0,0.0,19.0,17.0,57.7,57.7,53.8,0.0,1.0,1.3,0.0,11.1,29.9,22.0,15.2,0.0,0.0,13.3,22.0
2487013,24,979996,AMICS CASTELLÓ,AWAY,1535344,I. Rosa Pompido,I. Rosa Pompido,0,17.5,1052.0,3.0,1.0,3.0,0.0,2.0,1.0,5.0,1.0,1.0,3.0,4.0,7.0,0.0,2.0,1.0,1.0,0.0,4.0,3.0,5.0,6.0,27.6,20.0,40.0,20.0,0.7,0.0,0.3,19.0,18.7,18.8,0.0,3.0,6.3,26.9,18.7
2487013,24,979996,AMICS CASTELLÓ,AWAY,2087878,D. Saez Gil,D. Saez Gil,0,2.4,141.0,0.0,0.0,0.0,0.0,1.0,0.0,1.0,0.0,0.0,0.0,0.0,0.0,0.0,0.0,0.0,0.0,0.0,0.0,0.0,-1.0,8.0,0.0,0.0,100.0,0.0,0.0,0.0,0.0,0.0,0.0,0.0,0.0,0.0,0.0,0.0,18.3
2487013,24,979996,AMICS CASTELLÓ,AWAY,2816661,M. Mukendi Mukendi,M. Mukendi Mukendi,0,9.0,538.0,0.0,0.0,2.0,0.0,0.0,0.0,2.0,0.0,0.0,1.0,2.0,3.0,0.0,1.0,1.0,0.0,0.0,1.0,0.0,0.0,1.0,0.0,0.0,0.0,0.0,0.0,0.0,0.0,12.3,18.1,15.7,0.0,5.9,0.0,33.3,14.6
2487013,24,979996,AMICS CASTELLÓ,AWAY,2641325,M. Andreatta,M. Andreatta,0,20.0,1202.0,7.0,0.0,2.0,1.0,4.0,1.0,6.0,4.0,4.0,1.0,3.0,4.0,2.0,0.0,0.0,0.0,0.0,2.0,3.0,9.0,0.0,45.1,25.0,66.7,66.7,0.0,0.8,1.3,5.6,12.2,9.4,18.2,0.0,0.0,0.0,17.0
2487013,24,979996,AMICS CASTELLÓ,AWAY,2325314,F. Stutz,F. Stutz,1,17.9,1071.0,10.0,2.0,4.0,1.0,3.0,3.0,7.0,3.0,4.0,1.0,2.0,3.0,0.0,3.0,0.0,0.0,0.0,3.0,4.0,6.0,27.0,57.1,50.0,42.9,57.1,1.0,1.0,1.0,6.2,9.1,7.9,0.0,0.0,0.0,25.5,28.9
2487014,24,981216,CLASS BASQUET SANT ANTONI,HOME,2534687,G. Gantt,G. Gantt,1,19.9,1195.0,0.0,0.0,0.0,0.0,4.0,0.0,4.0,0.0,0.0,0.0,0.0,0.0,1.0,0.0,0.0,1.0,0.0,1.0,0.0,-3.0,14.0,0.0,0.0,100.0,0.0,0.0,0.0,0.0,0.0,0.0,0.0,5.6,0.0,5.6,0.0,9.9
2487014,24,981216,CLASS BASQUET SANT ANTONI,HOME,1394852,G. Blat Baeza,G. Blat Baeza,1,24.4,1466.0,11.0,3.0,3.0,1.0,2.0,4.0,5.0,2.0,3.0,1.0,5.0,6.0,4.0,0.0,3.0,0.0,0.0,2.0,3.0,23.0,19.0,87.0,90.0,40.0,60.0,2.0,1.5,1.0,5.1,21.6,14.1,22.7,7.1,0.0,0.0,12.7
2487014,24,981216,CLASS BASQUET SANT ANTONI,HOME,2815818,K. Johnson,K. Johnson,0,26.6,1599.0,30.0,6.0,7.0,5.0,6.0,11.0,13.0,3.0,4.0,0.0,7.0,7.0,2.0,4.0,1.0,1.0,1.0,1.0,3.0,36.0,24.0,101.6,103.8,46.2,30.8,1.7,2.5,1.3,0.0,27.7,15.0,14.1,2.2,4.2,21.3,34.6
2487014,24,981216,CLASS BASQUET SANT ANTONI,HOME,2865697,L. Tvrdic,L. Tvrdic,0,22.3,1338.0,3.0,0.0,4.0,1.0,6.0,1.0,10.0,0.0,0.0,0.0,4.0,4.0,2.0,0.0,0.0,0.0,1.0,2.0,0.0,-2.0,12.0,15.0,15.0,60.0,0.0,0.0,0.5,0.0,0.0,18.9,10.2,9.7,0.0,0.0,0.0,22.0
2487014,24,981216,CLASS BASQUET SANT ANTONI,HOME,1528610,J. Rodriguez Jimenez,J. Rodriguez Jimenez,0,20.1,1205.0,3.0,0.0,0.0,1.0,4.0,1.0,4.0,0.0,0.0,0.0,2.0,2.0,2.0,0.0,1.0,0.0,0.0,3.0,0.0,2.0,14.0,37.5,37.5,100.0,0.0,0.0,0.8,0.0,0.0,10.5,5.7,11.8,2.9,0.0,0.0,9.8
2487014,24,981216,CLASS BASQUET SANT ANTONI,HOME,2363916,D. De La Rua De Agustin,D. De La Rua De Agustin,0,1.2,74.0,0.0,0.0,0.0,0.0,0.0,0.0,0.0,0.0,0.0,0.0,0.0,0.0,0.0,0.0,0.0,0.0,0.0,0.0,0.0,0.0,-2.0,0.0,0.0,0.0,0.0,0.0,0.0,0.0,0.0,0.0,0.0,0.0,0.0,0.0,0.0,0.0
2487014,24,981216,CLASS BASQUET SANT ANTONI,HOME,1397157,R. Gomez Barral,R. Gomez Barral,0,25.0,1498.0,16.0,3.0,3.0,3.0,7.0,6.0,10.0,1.0,2.0,2.0,5.0,7.0,4.0,0.0,1.0,0.0,0.0,0.0,2.0,25.0,15.0,73.5,75.0,70.0,20.0,2.0,1.3,1.0,10.0,21.1,16.0,25.6,2.3,0.0,0.0,21.4
2487014,24,981216,CLASS BASQUET SANT ANTONI,HOME,2462416,E. Stoilov,E. Stoilov,1,19.8,1188.0,13.0,5.0,7.0,0.0,0.0,5.0,7.0,3.0,6.0,3.0,3.0,6.0,1.0,0.0,1.0,1.0,0.0,0.0,3.0,20.0,18.0,67.4,71.4,0.0,85.7,1.4,0.0,2.0,18.9,15.9,17.3,7.7,2.9,5.6,0.0,23.9
2487014,24,981216,CLASS BASQUET SANT ANTONI,HOME,1834527,S. Paz Vazquez,S. Paz Vazquez,1,5.4,323.0,2.0,1.0,2.0,0.0,2.0,1.0,4.0,0.0,0.0,1.0,1.0,2.0,1.0,0.0,1.0,0.0,0.0,0.0,0.0,3.0,3.0,25.0,25.0,50.0,0.0,1.0,0.0,0.0,23.1,19.5,21.2,38.5,10.7,0.0,0.0,36.4
2487014,24,981216,CLASS BASQUET SANT ANTONI,HOME,2128433,N. Zizic,N. Zizic,0,17.4,1044.0,11.0,5.0,8.0,0.0,0.0,5.0,8.0,1.0,2.0,3.0,3.0,6.0,1.0,0.0,0.0,0.0,0.0,2.0,2.0,14.0,10.0,61.9,62.5,0.0,25.0,1.2,0.0,1.0,21.6,18.1,19.7,10.6,0.0,0.0,0.0,25.1
2487014,24,981216,CLASS BASQUET SANT ANTONI,HOME,2182043,J. Solarin,J. Solarin,1,12.8,767.0,3.0,0.0,1.0,1.0,3.0,1.0,4.0,0.0,0.0,0.0,0.0,0.0,1.0,0.0,0.0,0.0,0.0,3.0,0.0,-2.0,9.0,37.5,37.5,75.0,0.0,0.0,1.0,0.0,0.0,0.0,0.0,10.2,0.0,0.0,0.0,15.3
2487014,24,981216,CLASS BASQUET SANT ANTONI,HOME,1878691,I. Ruiz Gonzalez,I. Ruiz Gonzalez,0,5.0,303.0,2.0,1.0,1.0,0.0,0.0,1.0,1.0,0.0,0.0,1.0,1.0,2.0,1.0,0.0,0.0,0.0,0.0,1.0,1.0,5.0,4.0,100.0,100.0,0.0,0.0,2.0,0.0,0.0,25.0,21.1,22.9,38.5,0.0,0.0,0.0,9.8
2487014,24,981294,C.B. ZARAGOZA,AWAY,1802050,D. Muñoz Samatan,D. Muñoz Samatan,1,20.5,1229.0,13.0,4.0,7.0,0.0,0.0,4.0,7.0,5.0,8.0,1.0,0.0,1.0,1.0,3.0,0.0,0.0,0.0,2.0,5.0,9.0,-12.0,61.8,57.1,0.0,114.3,1.1,0.0,1.6,5.1,0.0,2.8,13.3,0.0,0.0,22.2,34.5
2487014,24,981294,C.B. ZARAGOZA,AWAY,1798932,D. Arjol Lopez,D. Arjol Lopez,1,21.9,1315.0,2.0,1.0,1.0,0.0,2.0,1.0,3.0,0.0,1.0,0.0,2.0,2.0,2.0,0.0,0.0,0.0,0.0,2.0,3.0,4.0,-21.0,29.1,33.3,66.7,33.3,2.0,0.0,0.3,0.0,11.4,5.2,19.0,0.0,0.0,0.0,8.2
2487014,24,981294,C.B. ZARAGOZA,AWAY,1250976,O. Alvarado Rodriguez,O. Alvarado Rodriguez,1,27.0,1619.0,4.0,0.0,0.0,0.0,1.0,0.0,1.0,4.0,4.0,1.0,4.0,5.0,5.0,1.0,0.0,0.0,0.0,1.0,1.0,12.0,-13.0,72.5,0.0,100.0,400.0,0.0,0.0,4.0,3.9,18.5,10.6,31.1,0.0,0.0,26.6,7.3
2487014,24,981294,C.B. ZARAGOZA,AWAY,361567,E. Gatell Sanz,E. Gatell Sanz,1,23.1,1386.0,8.0,3.0,7.0,0.0,1.0,3.0,8.0,2.0,2.0,1.0,5.0,6.0,2.0,1.0,0.0,2.0,0.0,3.0,1.0,10.0,-12.0,45.0,37.5,12.5,25.0,0.9,0.0,2.0,4.6,27.1,14.8,18.5,0.0,9.6,10.1,22.4
2487014,24,981294,C.B. ZARAGOZA,AWAY,1861515,P. Aso Jimenez,P. Aso Jimenez,0,16.1,965.0,6.0,0.0,0.0,2.0,2.0,2.0,2.0,0.0,0.0,0.0,2.0,2.0,0.0,0.0,1.0,0.0,0.0,0.0,0.0,9.0,-7.0,150.0,150.0,100.0,0.0,0.0,3.0,0.0,0.0,15.5,7.1,0.0,3.5,0.0,0.0,6.5
2487014,24,981294,C.B. ZARAGOZA,AWAY,1446949,J. Jiménez Jiménez,J. Jiménez Jiménez,0,13.3,797.0,2.0,1.0,5.0,0.0,2.0,1.0,7.0,0.0,0.0,0.0,0.0,0.0,0.0,1.0,0.0,0.0,2.0,0.0,1.0,-4.0,-20.0,14.3,14.3,28.6,0.0,0.4,0.0,0.0,0.0,0.0,0.0,0.0,0.0,0.0,12.5,31.5
2487014,24,981294,C.B. ZARAGOZA,AWAY,2704882,Y. Kolo,Y. Kolo,0,20.3,1220.0,4.0,2.0,4.0,0.0,2.0,2.0,6.0,0.0,0.0,2.0,1.0,3.0,2.0,0.0,0.0,0.0,0.0,2.0,1.0,4.0,-25.0,33.3,33.3,33.3,0.0,1.0,0.0,0.0,10.4,6.2,8.4,21.1,0.0,0.0,0.0,15.5
2487014,24,981294,C.B. ZARAGOZA,AWAY,2815312,J. Zhao Olmos,J. Zhao Olmos,1,26.5,1589.0,17.0,2.0,4.0,4.0,8.0,6.0,12.0,1.0,2.0,0.0,2.0,2.0,2.0,2.0,0.0,0.0,1.0,1.0,2.0,13.0,-12.0,66.0,66.7,66.7,16.7,1.0,1.5,1.0,0.0,9.4,4.3,19.8,0.0,0.0,13.4,29.4
2487014,24,981294,C.B. ZARAGOZA,AWAY,1556128,G. Colom Barrufet,G. Colom Barrufet,0,14.8,891.0,6.0,0.0,4.0,2.0,4.0,2.0,8.0,0.0,0.0,1.0,4.0,5.0,0.0,0.0,1.0,0.0,0.0,1.0,1.0,6.0,-2.0,37.5,37.5,50.0,0.0,0.0,1.5,0.0,7.1,33.8,19.3,0.0,3.8,0.0,0.0,28.3
2487014,24,981294,C.B. ZARAGOZA,AWAY,1910411,A. Aragones Navais,A. Aragones Navais,0,16.5,989.0,4.0,2.0,4.0,0.0,2.0,2.0,6.0,0.0,0.0,1.0,1.0,2.0,0.0,1.0,0.0,0.0,0.0,2.0,0.0,-1.0,-16.0,33.3,33.3,33.3,0.0,1.0,0.0,0.0,6.4,7.6,6.9,0.0,0.0,0.0,14.3,22.2
2487015,24,981281,LOBE HUESCA LA MAGIA,HOME,2151562,O. Thiam Pedrera,O. Thiam Pedrera,1,26.4,1581.0,11.0,0.0,2.0,3.0,7.0,3.0,9.0,2.0,2.0,4.0,3.0,7.0,1.0,2.0,1.0,0.0,0.0,1.0,1.0,12.0,-12.0,55.7,50.0,77.8,22.2,0.0,1.3,2.0,13.8,14.7,14.1,6.3,1.9,0.0,16.8,19.8
2487015,24,981281,LOBE HUESCA LA MAGIA,HOME,2273469,O. Bieshaar,O. Bieshaar,0,8.5,509.0,3.0,0.0,0.0,1.0,2.0,1.0,2.0,0.0,0.0,1.0,0.0,1.0,1.0,0.0,0.0,0.0,0.0,3.0,1.0,2.0,-12.0,75.0,75.0,100.0,0.0,0.0,1.5,0.0,10.7,0.0,6.3,22.7,0.0,0.0,0.0,10.3
2487015,24,981281,LOBE HUESCA LA MAGIA,HOME,1756469,H. Figueroa Álvarez,H. Figueroa Álvarez,1,30.8,1846.0,16.0,2.0,4.0,2.0,7.0,4.0,11.0,6.0,6.0,0.0,4.0,4.0,5.0,1.0,3.0,1.0,0.0,0.0,7.0,28.0,1.0,58.7,45.5,63.6,54.5,1.0,0.9,0.9,0.0,16.8,6.9,28.4,4.9,3.4,6.8,20.9
2487015,24,981281,LOBE HUESCA LA MAGIA,HOME,2815292,A. Smith,A. Smith,0,24.4,1467.0,12.0,6.0,12.0,0.0,4.0,6.0,16.0,0.0,0.0,0.0,3.0,3.0,3.0,0.0,1.0,0.0,1.0,2.0,0.0,7.0,3.0,37.5,37.5,25.0,0.0,1.0,0.0,0.0,0.0,15.9,6.6,29.4,2.0,0.0,0.0,28.8
2487015,24,981281,LOBE HUESCA LA MAGIA,HOME,2815543,A. Badmus,A. Badmus,1,20.3,1219.0,7.0,3.0,5.0,0.0,0.0,3.0,5.0,1.0,3.0,6.0,4.0,10.0,2.0,1.0,0.0,0.0,0.0,0.0,4.0,18.0,3.0,55.4,60.0,0.0,60.0,1.2,0.0,0.8,26.9,25.4,26.3,19.0,0.0,0.0,13.7,15.9
2487015,24,981281,LOBE HUESCA LA MAGIA,HOME,2559072,P. Suárez Custodio,P. Suárez Custodio,0,16.7,1004.0,3.0,0.0,1.0,1.0,2.0,1.0,3.0,0.0,0.0,0.0,1.0,1.0,0.0,0.0,0.0,0.0,0.0,4.0,0.0,-2.0,1.0,50.0,50.0,66.7,0.0,0.0,1.5,0.0,0.0,7.7,3.2,0.0,0.0,0.0,0.0,7.9
2487015,24,981281,LOBE HUESCA LA MAGIA,HOME,1761508,P. Lopez-Sanvicente Reta,P. Lopez-Sanvicente Reta,0,26.8,1608.0,20.0,5.0,7.0,0.0,3.0,5.0,10.0,10.0,10.0,1.0,3.0,4.0,2.0,1.0,5.0,1.0,0.0,3.0,5.0,28.0,17.0,69.4,50.0,30.0,100.0,1.4,0.0,2.0,3.4,14.4,8.0,14.4,9.3,3.9,6.5,25.3
2487015,24,981281,LOBE HUESCA LA MAGIA,HOME,2116811,G. Rodriguez Soler,G. Rodriguez Soler,1,17.9,1075.0,3.0,1.0,2.0,0.0,2.0,1.0,4.0,1.0,2.0,1.0,0.0,1.0,1.0,3.0,2.0,0.0,0.0,3.0,1.0,-2.0,-9.0,30.7,25.0,50.0,50.0,1.0,0.0,2.0,5.1,0.0,3.0,10.2,5.6,0.0,38.1,19.4
2487015,24,981281,LOBE HUESCA LA MAGIA,HOME,2054954,G. Vazquez Vallejo,G. Vazquez Vallejo,1,28.2,1691.0,7.0,3.0,6.0,0.0,5.0,3.0,11.0,1.0,2.0,1.0,1.0,2.0,3.0,1.0,2.0,0.0,0.0,3.0,1.0,2.0,-7.0,29.5,27.3,45.5,18.2,1.0,0.0,2.0,3.2,4.6,3.8,18.9,3.5,0.0,7.8,20.1
2487015,24,981207,OCA GLOBAL C.B. SALOU,AWAY,2451495,D. Knowles,D. Knowles,1,24.5,1470.0,7.0,3.0,9.0,0.0,0.0,3.0,9.0,1.0,4.0,3.0,2.0,5.0,1.0,0.0,0.0,0.0,1.0,4.0,3.0,3.0,7.0,32.5,33.3,0.0,44.4,0.7,0.0,1.3,15.8,7.4,10.9,6.2,0.0,0.0,0.0,19.0
2487015,24,981207,OCA GLOBAL C.B. SALOU,AWAY,2218994,K. Mendes Kovacs,K. Mendes Kovacs,1,10.2,615.0,0.0,0.0,0.0,0.0,1.0,0.0,1.0,0.0,0.0,2.0,1.0,3.0,0.0,1.0,0.0,0.0,0.0,2.0,0.0,-1.0,6.0,0.0,0.0,100.0,0.0,0.0,0.0,0.0,25.3,8.9,15.7,0.0,0.0,0.0,50.0,8.5
2487015,24,981207,OCA GLOBAL C.B. SALOU,AWAY,2715040,B. Traore,B. Traore,0,25.5,1531.0,14.0,3.0,6.0,2.0,3.0,5.0,9.0,2.0,2.0,1.0,4.0,5.0,0.0,1.0,0.0,0.0,0.0,2.0,2.0,14.0,-6.0,70.9,66.7,33.3,22.2,1.0,2.0,1.0,5.1,14.3,10.5,0.0,0.0,0.0,9.2,18.5
2487015,24,981207,OCA GLOBAL C.B. SALOU,AWAY,1271466,D. Cuellar Garcia,D. Cuellar Garcia,1,24.6,1474.0,3.0,0.0,2.0,1.0,6.0,1.0,8.0,0.0,0.0,0.0,6.0,6.0,4.0,3.0,0.0,0.0,0.0,1.0,2.0,4.0,6.0,18.8,18.8,75.0,0.0,0.0,0.5,0.0,0.0,22.2,13.0,22.0,0.0,0.0,27.3,19.4
2487015,24,981207,OCA GLOBAL C.B. SALOU,AWAY,2242531,E. Moure Colombo,E. Moure Colombo,0,6.6,394.0,0.0,0.0,0.0,0.0,0.0,0.0,0.0,0.0,0.0,0.0,0.0,0.0,0.0,0.0,0.0,0.0,0.0,2.0,1.0,-1.0,-2.0,0.0,0.0,0.0,0.0,0.0,0.0,0.0,0.0,0.0,0.0,0.0,0.0,0.0,0.0,0.0
2487015,24,981207,OCA GLOBAL C.B. SALOU,AWAY,1938487,A. Llorca Castillo,A. Llorca Castillo,0,25.3,1519.0,15.0,3.0,5.0,3.0,5.0,6.0,10.0,0.0,0.0,0.0,2.0,2.0,4.0,5.0,1.0,0.0,0.0,0.0,1.0,14.0,-9.0,75.0,75.0,50.0,0.0,1.2,1.8,0.0,0.0,7.2,4.2,30.3,2.1,0.0,33.3,25.7
2487015,24,981207,OCA GLOBAL C.B. SALOU,AWAY,2827753,O. Okenchi,O. Okenchi,0,3.0,180.0,0.0,0.0,0.0,0.0,0.0,0.0,0.0,0.0,0.0,1.0,0.0,1.0,0.0,2.0,0.0,0.0,0.0,0.0,2.0,1.0,-1.0,0.0,0.0,0.0,0.0,0.0,0.0,0.0,43.0,0.0,17.8,0.0,0.0,0.0,100.0,28.9
2487015,24,981207,OCA GLOBAL C.B. SALOU,AWAY,2284777,C. Knowles,C. Knowles,1,25.7,1544.0,17.0,5.0,8.0,2.0,4.0,7.0,12.0,1.0,1.0,1.0,5.0,6.0,2.0,1.0,1.0,1.0,0.0,4.0,2.0,19.0,8.0,68.3,66.7,33.3,8.3,1.2,1.5,0.5,5.0,17.7,12.5,16.4,2.0,4.0,7.4,22.7
2487015,24,981207,OCA GLOBAL C.B. SALOU,AWAY,1610350,E. Martinez Pretel,E. Martinez Pretel,1,28.2,1691.0,16.0,0.0,0.0,4.0,7.0,4.0,7.0,4.0,5.0,0.0,2.0,2.0,3.0,4.0,0.0,0.0,0.0,1.0,4.0,16.0,12.0,87.0,85.7,100.0,71.4,0.0,1.7,1.2,0.0,6.4,3.8,16.3,0.0,0.0,30.3,20.3
2487015,24,981207,OCA GLOBAL C.B. SALOU,AWAY,2274746,P. Salo Blaya,P. Salo Blaya,0,12.4,744.0,6.0,3.0,4.0,0.0,0.0,3.0,4.0,0.0,0.0,3.0,5.0,8.0,1.0,1.0,0.0,0.0,1.0,2.0,0.0,11.0,-3.0,75.0,75.0,0.0,0.0,1.5,0.0,0.0,31.2,36.7,34.4,15.2,0.0,0.0,20.0,17.5
2487015,24,981207,OCA GLOBAL C.B. SALOU,AWAY,2534398,J. Sánchez,J. Sánchez,0,14.0,838.0,7.0,2.0,4.0,1.0,4.0,3.0,8.0,0.0,0.0,1.0,3.0,4.0,1.0,1.0,1.0,0.0,0.0,2.0,2.0,7.0,-3.0,43.8,43.8,50.0,0.0,1.0,0.8,0.0,9.2,19.5,15.2,15.2,3.7,0.0,11.1,27.9
2487016,24,981428,HOMS U.E.MATARÓ,HOME,2162105,F. Garrido Teban,F. Garrido Teban,0,14.5,871.0,0.0,0.0,1.0,0.0,2.0,0.0,3.0,0.0,0.0,0.0,1.0,1.0,0.0,0.0,0.0,0.0,0.0,2.0,0.0,-4.0,-10.0,0.0,0.0,66.7,0.0,0.0,0.0,0.0,0.0,7.3,4.2,0.0,0.0,0.0,0.0,11.1
2487016,24,981428,HOMS U.E.MATARÓ,HOME,1914611,J. Boix Colet,J. Boix Colet,0,24.6,1475.0,2.0,1.0,1.0,0.0,3.0,1.0,4.0,0.0,2.0,0.0,2.0,2.0,3.0,1.0,1.0,0.0,0.0,3.0,3.0,2.0,-9.0,20.5,25.0,75.0,50.0,2.0,0.0,0.7,0.0,8.6,5.0,20.5,2.4,0.0,17.0,12.8
2487016,24,981428,HOMS U.E.MATARÓ,HOME,2534044,J. Tomaic Tomaic,J. Tomaic Tomaic,1,24.3,1457.0,12.0,0.0,2.0,3.0,5.0,3.0,7.0,3.0,3.0,0.0,5.0,5.0,2.0,1.0,0.0,0.0,0.0,5.0,3.0,12.0,-6.0,72.1,64.3,71.4,42.9,0.0,1.8,1.0,0.0,21.7,12.7,15.9,0.0,0.0,10.7,20.6
2487016,24,981428,HOMS U.E.MATARÓ,HOME,1591966,J. Castillo Carrasco,J. Castillo Carrasco,0,15.1,904.0,2.0,0.0,0.0,0.0,3.0,0.0,3.0,2.0,2.0,0.0,5.0,5.0,0.0,1.0,0.0,0.0,0.0,0.0,2.0,5.0,-3.0,25.8,0.0,100.0,66.7,0.0,0.0,1.0,0.0,34.9,20.4,0.0,0.0,0.0,20.5,17.4
2487016,24,981428,HOMS U.E.MATARÓ,HOME,1568569,J. Juanola Madera,J. Juanola Madera,1,32.2,1931.0,19.0,4.0,6.0,3.0,6.0,7.0,12.0,2.0,3.0,0.0,1.0,1.0,4.0,7.0,0.0,0.0,0.0,3.0,5.0,13.0,3.0,71.3,70.8,50.0,25.0,1.3,1.5,0.6,0.0,3.3,1.9,29.0,0.0,0.0,34.4,33.9
2487016,24,981428,HOMS U.E.MATARÓ,HOME,1927150,N. Ferrer Iglesia,N. Ferrer Iglesia,1,18.1,1083.0,8.0,4.0,6.0,0.0,1.0,4.0,7.0,0.0,0.0,0.0,1.0,1.0,0.0,0.0,1.0,0.0,0.0,0.0,0.0,7.0,-2.0,57.1,57.1,14.3,0.0,1.3,0.0,0.0,0.0,5.8,3.4,0.0,3.2,0.0,0.0,20.8
2487016,24,981428,HOMS U.E.MATARÓ,HOME,2451498,A. Roker,A. Roker,0,11.0,659.0,4.0,1.0,3.0,0.0,0.0,1.0,3.0,2.0,4.0,1.0,2.0,3.0,0.0,0.0,0.0,1.0,0.0,3.0,2.0,3.0,-5.0,42.0,33.3,0.0,133.3,0.7,0.0,2.0,13.5,19.1,16.8,0.0,0.0,11.4,0.0,23.2
2487016,24,981428,HOMS U.E.MATARÓ,HOME,1073368,A. Ventura Pedreño,A. Ventura Pedreño,0,3.6,214.0,0.0,0.0,0.0,0.0,0.0,0.0,0.0,0.0,0.0,0.0,1.0,1.0,0.0,0.0,0.0,0.0,0.0,0.0,0.0,1.0,-9.0,0.0,0.0,0.0,0.0,0.0,0.0,0.0,0.0,29.2,17.1,0.0,0.0,0.0,0.0,0.0
2487016,24,981428,HOMS U.E.MATARÓ,HOME,1942837,G. Martinez Rivera,G. Martinez Rivera,1,27.4,1647.0,18.0,5.0,7.0,2.0,3.0,7.0,10.0,2.0,2.0,2.0,3.0,5.0,3.0,2.0,2.0,0.0,2.0,5.0,2.0,20.0,-1.0,82.7,80.0,30.0,20.0,1.4,2.0,1.0,10.8,11.5,11.2,26.8,4.2,0.0,15.5,25.2
2487016,24,981428,HOMS U.E.MATARÓ,HOME,2813635,E. Kalu,E. Kalu,1,29.3,1759.0,7.0,3.0,5.0,0.0,0.0,3.0,5.0,1.0,1.0,2.0,2.0,4.0,1.0,1.0,1.0,2.0,0.0,3.0,2.0,11.0,-3.0,64.3,60.0,0.0,20.0,1.2,0.0,0.5,10.1,7.2,8.4,6.6,2.0,8.5,15.5,11.8
2487016,24,981305,SOL GIRONÈS BISBAL BÀSQUET,AWAY,2851798,F. Adebayo,F. Adebayo,1,34.3,2056.0,7.0,2.0,6.0,0.0,1.0,2.0,7.0,3.0,6.0,1.0,2.0,3.0,3.0,2.0,2.0,2.0,0.0,2.0,6.0,11.0,9.0,36.3,28.6,14.3,85.7,0.7,0.0,1.0,3.1,8.6,5.4,14.6,3.4,7.5,17.2,16.2
2487016,24,981305,SOL GIRONÈS BISBAL BÀSQUET,AWAY,1964254,P. Sala Vallmajo,P. Sala Vallmajo,0,9.0,539.0,0.0,0.0,0.0,0.0,0.0,0.0,0.0,0.0,0.0,0.0,0.0,0.0,0.0,0.0,0.0,0.0,0.0,1.0,0.0,-1.0,-1.0,0.0,0.0,0.0,0.0,0.0,0.0,0.0,0.0,0.0,0.0,0.0,0.0,0.0,0.0,0.0
2487016,24,981305,SOL GIRONÈS BISBAL BÀSQUET,AWAY,2053988,A. Dominguez Espelt,A. Dominguez Espelt,0,17.8,1068.0,8.0,0.0,1.0,2.0,5.0,2.0,6.0,2.0,2.0,1.0,0.0,1.0,3.0,0.0,1.0,0.0,0.0,2.0,2.0,9.0,0.0,58.1,50.0,83.3,33.3,0.0,1.2,1.0,5.9,0.0,3.5,37.5,3.2,0.0,0.0,18.5
2487016,24,981305,SOL GIRONÈS BISBAL BÀSQUET,AWAY,1227597,I. Valera Corominas,I. Valera Corominas,0,10.1,608.0,0.0,0.0,0.0,0.0,2.0,0.0,2.0,0.0,0.0,1.0,2.0,3.0,1.0,0.0,1.0,0.0,0.0,3.0,0.0,0.0,4.0,0.0,0.0,100.0,0.0,0.0,0.0,0.0,10.4,29.3,18.3,13.3,5.7,0.0,0.0,9.5
2487016,24,981305,SOL GIRONÈS BISBAL BÀSQUET,AWAY,1829525,M. Mikhailov Paltarak,M. Mikhailov Paltarak,1,30.8,1845.0,18.0,8.0,10.0,0.0,0.0,8.0,10.0,2.0,2.0,3.0,6.0,9.0,0.0,3.0,1.0,0.0,0.0,1.0,1.0,23.0,14.0,82.7,80.0,0.0,20.0,1.6,0.0,2.0,10.3,28.9,18.0,0.0,1.9,0.0,21.6,21.5
2487016,24,981305,SOL GIRONÈS BISBAL BÀSQUET,AWAY,2322727,A. Vila I Gómez,A. Vila I Gómez,0,1.1,63.0,3.0,0.0,0.0,1.0,1.0,1.0,1.0,0.0,0.0,0.0,0.0,0.0,0.0,0.0,0.0,0.0,0.0,0.0,0.0,3.0,2.0,150.0,150.0,100.0,0.0,0.0,3.0,0.0,0.0,0.0,0.0,-0.0,0.0,0.0,0.0,43.4
2487016,24,981305,SOL GIRONÈS BISBAL BÀSQUET,AWAY,1400270,B. Alvarez Torres,B. Alvarez Torres,1,28.3,1696.0,17.0,2.0,4.0,3.0,9.0,5.0,13.0,4.0,5.0,0.0,5.0,5.0,3.0,0.0,2.0,0.0,0.0,4.0,5.0,19.0,8.0,55.9,50.0,69.2,38.5,1.0,1.0,1.0,0.0,26.2,10.9,24.0,4.1,0.0,0.0,25.6
2487016,24,981305,SOL GIRONÈS BISBAL BÀSQUET,AWAY,2815176,S. Kane,S. Kane,0,9.2,555.0,2.0,1.0,3.0,0.0,0.0,1.0,3.0,0.0,0.0,3.0,3.0,6.0,0.0,1.0,0.0,0.0,0.0,2.0,0.0,3.0,-5.0,33.3,33.3,0.0,0.0,0.7,0.0,0.0,34.3,48.3,40.1,0.0,0.0,0.0,25.0,20.8
2487016,24,981305,SOL GIRONÈS BISBAL BÀSQUET,AWAY,1198592,X. Torrent Bayé,X. Torrent Bayé,1,29.6,1778.0,20.0,1.0,2.0,4.0,10.0,5.0,12.0,6.0,6.0,0.0,1.0,1.0,2.0,1.0,1.0,0.0,1.0,0.0,6.0,22.0,9.0,68.3,58.3,83.3,50.0,1.0,1.2,1.0,0.0,5.0,2.1,16.0,1.9,0.0,6.4,25.2
2487016,24,981305,SOL GIRONÈS BISBAL BÀSQUET,AWAY,2822552,C. Larousse,C. Larousse,1,29.9,1792.0,6.0,0.0,6.0,1.0,2.0,1.0,8.0,3.0,8.0,6.0,3.0,9.0,3.0,2.0,1.0,0.0,2.0,4.0,4.0,5.0,5.0,26.0,18.8,25.0,100.0,0.0,1.5,2.0,21.1,14.9,18.5,18.2,1.9,0.0,14.8,21.6
