MATCHID,ROUND,TEAM_ID,TEAM,LOCATION,P1_ID,P1_NAME,P1_POS,P2_ID,P2_NAME,P2_POS,P3_ID,P3_NAME,P3_POS,P4_ID,P4_NAME,P4_POS,P5_ID,P5_NAME,P5_POS,MINUTES,SECONDS,PTS_FOR,PTS_AGAINST,PLUS_MINUS,PTS_FOR_PER40,PTS_AGT_PER40,NET_PER40
2512748,Final,984926,FUNDACIÓN CB CANARIAS,HOME,2137337,A. Perez Lopez,PG,2181003,R. Rodriguez Galvan,PG,2007163,D. Fernandez Trujillo,SG,2044955,X. Lopez Rodriguez,SF,2362551,E. Lima Teixeira,C,0.8,47.0,0.0,3.0,-3.0,0.0,153.2,-153.2
2512748,Final,984926,FUNDACIÓN CB CANARIAS,HOME,2137337,A. Perez Lopez,PG,2181003,R. Rodriguez Galvan,PG,2734732,E. Prekevicius,SG,2444602,L. Riga,SF,1856308,D. Acosta Moliné,C,0.9,57.0,0.0,3.0,-3.0,0.0,126.3,-126.3
2512748,Final,984926,FUNDACIÓN CB CANARIAS,HOME,2137337,A. Perez Lopez,PG,2734732,E. Prekevicius,SG,2007163,D. Fernandez Trujillo,SG,2362551,E. Lima Teixeira,C,1856308,D. Acosta Moliné,C,0.5,28.0,1.0,2.0,-1.0,85.7,171.4,-85.7
2512748,Final,984926,FUNDACIÓN CB CANARIAS,HOME,2137337,A. Perez Lopez,PG,2734732,E. Prekevicius,SG,2444602,L. Riga,SF,1856308,D. Acosta Moliné,C,2129281,G. Hernández Expósito,C,0.7999999999999999,49.0,4.0,2.0,2.0,195.9,98.0,98.0
2512748,Final,984926,FUNDACIÓN CB CANARIAS,HOME,2137337,A. Perez Lopez,PG,2829962,D. Bordón Dri,PG,2181003,R. Rodriguez Galvan,PG,2444602,L. Riga,SF,1856308,D. Acosta Moliné,C,0.9,54.0,0.0,2.0,-2.0,0.0,88.9,-88.9
2512748,Final,984926,FUNDACIÓN CB CANARIAS,HOME,2181003,R. Rodriguez Galvan,PG,2007163,D. Fernandez Trujillo,SG,2044955,X. Lopez Rodriguez,SF,1856308,D. Acosta Moliné,C,2129281,G. Hernández Expósito,C,0.7,44.0,0.0,3.0,-3.0,0.0,163.6,-163.6
2512748,Final,984926,FUNDACIÓN CB CANARIAS,HOME,2181003,R. Rodriguez Galvan,PG,2007163,D. Fernandez Trujillo,SG,2734732,E. Prekevicius,SG,2044955,X. Lopez Rodriguez,SF,1856308,D. Acosta Moliné,C,2.4000000000000004,145.0,3.0,2.0,1.0,49.7,33.1,16.6
2512748,Final,984926,FUNDACIÓN CB CANARIAS,HOME,2181003,R. Rodriguez Galvan,PG,2734732,E. Prekevicius,SG,2007163,D. Fernandez Trujillo,SG,2044955,X. Lopez Rodriguez,SF,1856308,D. Acosta Moliné,C,2.2,130.0,9.0,3.0,6.0,166.2,55.4,110.8
2512748,Final,984926,FUNDACIÓN CB CANARIAS,HOME,2181003,R. Rodriguez Galvan,PG,2734732,E. Prekevicius,SG,2007163,D. Fernandez Trujillo,SG,2444602,L. Riga,SF,2362551,E. Lima Teixeira,C,2.0,124.0,3.0,0.0,3.0,58.1,0.0,58.1
2512748,Final,984926,FUNDACIÓN CB CANARIAS,HOME,2829962,D. Bordón Dri,PG,2007163,D. Fernandez Trujillo,SG,2044955,X. Lopez Rodriguez,SF,2444602,L. Riga,SF,2476064,B. Lipasi Yitu,PF,3.2,192.0,2.0,4.0,-2.0,25.0,50.0,-25.0
2512748,Final,984926,FUNDACIÓN CB CANARIAS,HOME,2829962,D. Bordón Dri,PG,2007163,D. Fernandez Trujillo,SG,2734732,E. Prekevicius,SG,2044955,X. Lopez Rodriguez,SF,1856308,D. Acosta Moliné,C,1.4000000000000001,86.0,6.0,0.0,6.0,167.4,0.0,167.4
2512748,Final,984926,FUNDACIÓN CB CANARIAS,HOME,2829962,D. Bordón Dri,PG,2007163,D. Fernandez Trujillo,SG,2734732,E. Prekevicius,SG,2444602,L. Riga,SF,1856308,D. Acosta Moliné,C,0.6,38.0,5.0,0.0,5.0,315.8,0.0,315.8
2512748,Final,984926,FUNDACIÓN CB CANARIAS,HOME,2829962,D. Bordón Dri,PG,2007163,D. Fernandez Trujillo,SG,2734732,E. Prekevicius,SG,2444602,L. Riga,SF,2476064,B. Lipasi Yitu,PF,0.4,25.0,1.0,2.0,-1.0,96.0,192.0,-96.0
2512748,Final,984926,FUNDACIÓN CB CANARIAS,HOME,2829962,D. Bordón Dri,PG,2181003,R. Rodriguez Galvan,PG,2007163,D. Fernandez Trujillo,SG,2044955,X. Lopez Rodriguez,SF,1856308,D. Acosta Moliné,C,1.0,57.0,3.0,2.0,1.0,126.3,84.2,42.1
2512748,Final,984926,FUNDACIÓN CB CANARIAS,HOME,2829962,D. Bordón Dri,PG,2181003,R. Rodriguez Galvan,PG,2007163,D. Fernandez Trujillo,SG,2044955,X. Lopez Rodriguez,SF,2362551,E. Lima Teixeira,C,0.4,25.0,3.0,0.0,3.0,288.0,0.0,288.0
2512748,Final,984926,FUNDACIÓN CB CANARIAS,HOME,2829962,D. Bordón Dri,PG,2181003,R. Rodriguez Galvan,PG,2007163,D. Fernandez Trujillo,SG,2044955,X. Lopez Rodriguez,SF,2476064,B. Lipasi Yitu,PF,1.1,67.0,2.0,1.0,1.0,71.6,35.8,35.8
2512748,Final,984926,FUNDACIÓN CB CANARIAS,HOME,2829962,D. Bordón Dri,PG,2181003,R. Rodriguez Galvan,PG,2007163,D. Fernandez Trujillo,SG,2444602,L. Riga,SF,1856308,D. Acosta Moliné,C,2.0,120.0,3.0,3.0,0.0,60.0,60.0,0.0
2512748,Final,984926,FUNDACIÓN CB CANARIAS,HOME,2829962,D. Bordón Dri,PG,2181003,R. Rodriguez Galvan,PG,2007163,D. Fernandez Trujillo,SG,2444602,L. Riga,SF,2362551,E. Lima Teixeira,C,0.6,34.0,0.0,1.0,-1.0,0.0,70.6,-70.6
2512748,Final,984926,FUNDACIÓN CB CANARIAS,HOME,2829962,D. Bordón Dri,PG,2181003,R. Rodriguez Galvan,PG,2007163,D. Fernandez Trujillo,SG,2734732,E. Prekevicius,SG,1856308,D. Acosta Moliné,C,0.9,52.0,4.0,0.0,4.0,184.6,0.0,184.6
2512748,Final,984926,FUNDACIÓN CB CANARIAS,HOME,2829962,D. Bordón Dri,PG,2181003,R. Rodriguez Galvan,PG,2007163,D. Fernandez Trujillo,SG,2734732,E. Prekevicius,SG,2044955,X. Lopez Rodriguez,SF,0.1,6.0,0.0,1.0,-1.0,0.0,400.0,-400.0
2512748,Final,984926,FUNDACIÓN CB CANARIAS,HOME,2829962,D. Bordón Dri,PG,2181003,R. Rodriguez Galvan,PG,2007163,D. Fernandez Trujillo,SG,2734732,E. Prekevicius,SG,2362551,E. Lima Teixeira,C,2.6,151.0,7.0,5.0,2.0,111.3,79.5,31.8
2512748,Final,984926,FUNDACIÓN CB CANARIAS,HOME,2829962,D. Bordón Dri,PG,2181003,R. Rodriguez Galvan,PG,2044955,X. Lopez Rodriguez,SF,2444602,L. Riga,SF,1856308,D. Acosta Moliné,C,9.5,567.0,19.0,7.0,12.0,80.4,29.6,50.8
2512748,Final,984926,FUNDACIÓN CB CANARIAS,HOME,2829962,D. Bordón Dri,PG,2181003,R. Rodriguez Galvan,PG,2044955,X. Lopez Rodriguez,SF,2444602,L. Riga,SF,2476064,B. Lipasi Yitu,PF,2.1,129.0,4.0,4.0,0.0,74.4,74.4,0.0
2512748,Final,984926,FUNDACIÓN CB CANARIAS,HOME,2829962,D. Bordón Dri,PG,2181003,R. Rodriguez Galvan,PG,2044955,X. Lopez Rodriguez,SF,2476064,B. Lipasi Yitu,PF,1856308,D. Acosta Moliné,C,0.2,14.0,0.0,0.0,0.0,0.0,0.0,0.0
2512748,Final,984926,FUNDACIÓN CB CANARIAS,HOME,2829962,D. Bordón Dri,PG,2181003,R. Rodriguez Galvan,PG,2734732,E. Prekevicius,SG,2444602,L. Riga,SF,1856308,D. Acosta Moliné,C,1.1,65.0,3.0,0.0,3.0,110.8,0.0,110.8
2512748,Final,984926,FUNDACIÓN CB CANARIAS,HOME,2829962,D. Bordón Dri,PG,2734732,E. Prekevicius,SG,2007163,D. Fernandez Trujillo,SG,2362551,E. Lima Teixeira,C,1856308,D. Acosta Moliné,C,0.7,44.0,0.0,5.0,-5.0,0.0,272.7,-272.7
2512748,Final,984926,FUNDACIÓN CB CANARIAS,HOME,2829962,D. Bordón Dri,PG,2734732,E. Prekevicius,SG,2007163,D. Fernandez Trujillo,SG,2444602,L. Riga,SF,2362551,E. Lima Teixeira,C,0.8,50.0,2.0,3.0,-1.0,96.0,144.0,-48.0
2512748,Final,984931,BÀSQUET GIRONA,AWAY,1938336,J. Llinas Terradas,SF,2059345,S. Juher Valdayo,SF,2076102,P. Coll Quintanas,SF,1928511,O. Fuentes Pelufo,SF,2735828,K. Brunot,SF,0.2,9.0,0.0,0.0,0.0,0.0,0.0,0.0
2512748,Final,984931,BÀSQUET GIRONA,AWAY,1938336,J. Llinas Terradas,SF,2059345,S. Juher Valdayo,SF,2076102,P. Coll Quintanas,SF,2148183,B. Vinyet Riera,SF,2151522,I. Soler Valenzuela,SF,0.6,36.0,0.0,2.0,-2.0,0.0,133.3,-133.3
2512748,Final,984931,BÀSQUET GIRONA,AWAY,1938336,J. Llinas Terradas,SF,2059345,S. Juher Valdayo,SF,2076102,P. Coll Quintanas,SF,2148183,B. Vinyet Riera,SF,2735828,K. Brunot,SF,3.2,192.0,4.0,2.0,2.0,50.0,25.0,25.0
2512748,Final,984931,BÀSQUET GIRONA,AWAY,1938336,J. Llinas Terradas,SF,2059345,S. Juher Valdayo,SF,2076102,P. Coll Quintanas,SF,2191243,O. Molist Segalés,SF,1928511,O. Fuentes Pelufo,SF,2.2,134.0,2.0,9.0,-7.0,35.8,161.2,-125.4
2512748,Final,984931,BÀSQUET GIRONA,AWAY,1938336,J. Llinas Terradas,SF,2059345,S. Juher Valdayo,SF,2076102,P. Coll Quintanas,SF,2191243,O. Molist Segalés,SF,2148183,B. Vinyet Riera,SF,3.8000000000000003,235.0,6.0,8.0,-2.0,61.3,81.7,-20.4
2512748,Final,984931,BÀSQUET GIRONA,AWAY,1938336,J. Llinas Terradas,SF,2059345,S. Juher Valdayo,SF,2076102,P. Coll Quintanas,SF,2191243,O. Molist Segalés,SF,2461266,A. Serkan Stefanov,SF,2.3,141.0,2.0,2.0,0.0,34.0,34.0,0.0
2512748,Final,984931,BÀSQUET GIRONA,AWAY,1938336,J. Llinas Terradas,SF,2059345,S. Juher Valdayo,SF,2076102,P. Coll Quintanas,SF,2461266,A. Serkan Stefanov,SF,2148183,B. Vinyet Riera,SF,1.9,117.0,4.0,4.0,0.0,82.1,82.1,0.0
2512748,Final,984931,BÀSQUET GIRONA,AWAY,1938336,J. Llinas Terradas,SF,2059345,S. Juher Valdayo,SF,2076102,P. Coll Quintanas,SF,2461266,A. Serkan Stefanov,SF,2151522,I. Soler Valenzuela,SF,0.6,36.0,0.0,0.0,0.0,0.0,0.0,0.0
2512748,Final,984931,BÀSQUET GIRONA,AWAY,1938336,J. Llinas Terradas,SF,2059345,S. Juher Valdayo,SF,2076102,P. Coll Quintanas,SF,2461266,A. Serkan Stefanov,SF,2735828,K. Brunot,SF,1.8,105.0,4.0,8.0,-4.0,91.4,182.9,-91.4
2512748,Final,984931,BÀSQUET GIRONA,AWAY,1938336,J. Llinas Terradas,SF,2059345,S. Juher Valdayo,SF,2076102,P. Coll Quintanas,SF,2735828,K. Brunot,SF,2148183,B. Vinyet Riera,SF,2.5,152.0,5.0,3.0,2.0,78.9,47.4,31.6
2512748,Final,984931,BÀSQUET GIRONA,AWAY,1938336,J. Llinas Terradas,SF,2076102,P. Coll Quintanas,SF,2191243,O. Molist Segalés,SF,2148183,B. Vinyet Riera,SF,2151522,I. Soler Valenzuela,SF,2.8,167.0,3.0,2.0,1.0,43.1,28.7,14.4
2512748,Final,984931,BÀSQUET GIRONA,AWAY,1938336,J. Llinas Terradas,SF,2076102,P. Coll Quintanas,SF,2191243,O. Molist Segalés,SF,2148183,B. Vinyet Riera,SF,2461266,A. Serkan Stefanov,SF,1.1,65.0,0.0,3.0,-3.0,0.0,110.8,-110.8
2512748,Final,984931,BÀSQUET GIRONA,AWAY,1938336,J. Llinas Terradas,SF,2076102,P. Coll Quintanas,SF,2191243,O. Molist Segalés,SF,2148183,B. Vinyet Riera,SF,2735828,K. Brunot,SF,1.0,63.0,2.0,6.0,-4.0,76.2,228.6,-152.4
2512748,Final,984931,BÀSQUET GIRONA,AWAY,1938336,J. Llinas Terradas,SF,2076102,P. Coll Quintanas,SF,2191243,O. Molist Segalés,SF,2151522,I. Soler Valenzuela,SF,2735828,K. Brunot,SF,3.9,235.0,0.0,7.0,-7.0,0.0,71.5,-71.5
2512748,Final,984931,BÀSQUET GIRONA,AWAY,1938336,J. Llinas Terradas,SF,2076102,P. Coll Quintanas,SF,2735828,K. Brunot,SF,2148183,B. Vinyet Riera,SF,2151522,I. Soler Valenzuela,SF,0.1,6.0,1.0,0.0,1.0,400.0,0.0,400.0
2512748,Final,984931,BÀSQUET GIRONA,AWAY,1938336,J. Llinas Terradas,SF,2189953,J. Esqueu Porras,SF,2059345,S. Juher Valdayo,SF,2076102,P. Coll Quintanas,SF,2148183,B. Vinyet Riera,SF,0.7,41.0,2.0,2.0,0.0,117.1,117.1,0.0
2512748,Final,984931,BÀSQUET GIRONA,AWAY,1938336,J. Llinas Terradas,SF,2189953,J. Esqueu Porras,SF,2076102,P. Coll Quintanas,SF,2151522,I. Soler Valenzuela,SF,2735828,K. Brunot,SF,1.6,97.0,2.0,3.0,-1.0,49.5,74.2,-24.7
2512748,Final,984931,BÀSQUET GIRONA,AWAY,1938336,J. Llinas Terradas,SF,2189953,J. Esqueu Porras,SF,2076102,P. Coll Quintanas,SF,2191243,O. Molist Segalés,SF,2148183,B. Vinyet Riera,SF,6.1,366.0,19.0,14.0,5.0,124.6,91.8,32.8
2512748,Final,984931,BÀSQUET GIRONA,AWAY,1938336,J. Llinas Terradas,SF,2189953,J. Esqueu Porras,SF,2076102,P. Coll Quintanas,SF,2191243,O. Molist Segalés,SF,2461266,A. Serkan Stefanov,SF,1.1,63.0,2.0,2.0,0.0,76.2,76.2,0.0
2512748,Final,984931,BÀSQUET GIRONA,AWAY,1938336,J. Llinas Terradas,SF,2189953,J. Esqueu Porras,SF,2076102,P. Coll Quintanas,SF,2461266,A. Serkan Stefanov,SF,2735828,K. Brunot,SF,1.7000000000000002,100.0,0.0,4.0,-4.0,0.0,96.0,-96.0
2512748,Final,984931,BÀSQUET GIRONA,AWAY,1938336,J. Llinas Terradas,SF,2189953,J. Esqueu Porras,SF,2076102,P. Coll Quintanas,SF,2735828,K. Brunot,SF,2148183,B. Vinyet Riera,SF,0.7,40.0,0.0,3.0,-3.0,0.0,180.0,-180.0
2512752,Final,984923,GRAN CANARIA,AWAY,2441048,E. Heinonen,SG,1885980,F. Díaz Herrera,SG,2087418,G. Baez Pierson,SF,2760153,C. Mbengue,C,2651631,M. Miteo,C,0.9,53.0,2.0,4.0,-2.0,90.6,181.1,-90.6
2512752,Final,984923,GRAN CANARIA,AWAY,2441048,E. Heinonen,SG,1885980,F. Díaz Herrera,SG,2087418,G. Baez Pierson,SF,2834161,W. Tsafack,PF,2651631,M. Miteo,C,1.3,77.0,4.0,2.0,2.0,124.7,62.3,62.3
2512752,Final,984923,GRAN CANARIA,AWAY,2441048,E. Heinonen,SG,1885980,F. Díaz Herrera,SG,2452090,L. Nzambi Maniema,SG,2087418,G. Baez Pierson,SF,2760153,C. Mbengue,C,0.3,19.0,3.0,0.0,3.0,378.9,0.0,378.9
2512752,Final,984923,GRAN CANARIA,AWAY,2441048,E. Heinonen,SG,1885980,F. Díaz Herrera,SG,2452090,L. Nzambi Maniema,SG,2087418,G. Baez Pierson,SF,2834161,W. Tsafack,PF,2.8,168.0,8.0,10.0,-2.0,114.3,142.9,-28.6
2512752,Final,984923,GRAN CANARIA,AWAY,2651641,A. Panasiuk,PG,2441048,E. Heinonen,SG,1885980,F. Díaz Herrera,SG,2087418,G. Baez Pierson,SF,2834161,W. Tsafack,PF,2.0,121.0,6.0,5.0,1.0,119.0,99.2,19.8
2512752,Final,984923,GRAN CANARIA,AWAY,2651641,A. Panasiuk,PG,2441048,E. Heinonen,SG,1885980,F. Díaz Herrera,SG,2834161,W. Tsafack,PF,2651631,M. Miteo,C,3.5,211.0,10.0,9.0,1.0,113.7,102.4,11.4
2512752,Final,984923,GRAN CANARIA,AWAY,2651641,A. Panasiuk,PG,2441048,E. Heinonen,SG,2452090,L. Nzambi Maniema,SG,2834161,W. Tsafack,PF,2760153,C. Mbengue,C,1.8,108.0,0.0,5.0,-5.0,0.0,111.1,-111.1
2512752,Final,984923,GRAN CANARIA,AWAY,2827856,B. González Ramírez,PG,2441048,E. Heinonen,SG,1885980,F. Díaz Herrera,SG,2452090,L. Nzambi Maniema,SG,2760153,C. Mbengue,C,9.5,570.0,24.0,20.0,4.0,101.1,84.2,16.8
2512752,Final,984923,GRAN CANARIA,AWAY,2827856,B. González Ramírez,PG,2441048,E. Heinonen,SG,1885980,F. Díaz Herrera,SG,2760153,C. Mbengue,C,2651631,M. Miteo,C,0.4,26.0,2.0,1.0,1.0,184.6,92.3,92.3
2512752,Final,984923,GRAN CANARIA,AWAY,2827856,B. González Ramírez,PG,2441048,E. Heinonen,SG,2452090,L. Nzambi Maniema,SG,2087418,G. Baez Pierson,SF,2651631,M. Miteo,C,1.0,60.0,0.0,2.0,-2.0,0.0,80.0,-80.0
2512752,Final,984923,GRAN CANARIA,AWAY,2827856,B. González Ramírez,PG,2441048,E. Heinonen,SG,2452090,L. Nzambi Maniema,SG,2087418,G. Baez Pierson,SF,2760153,C. Mbengue,C,1.5,92.0,0.0,3.0,-3.0,0.0,78.3,-78.3
2512752,Final,984923,GRAN CANARIA,AWAY,2827856,B. González Ramírez,PG,2441048,E. Heinonen,SG,2452090,L. Nzambi Maniema,SG,2760153,C. Mbengue,C,2651631,M. Miteo,C,1.4000000000000001,86.0,5.0,6.0,-1.0,139.5,167.4,-27.9
2512752,Final,984923,GRAN CANARIA,AWAY,2827856,B. González Ramírez,PG,2441048,E. Heinonen,SG,2452090,L. Nzambi Maniema,SG,2834161,W. Tsafack,PF,2651631,M. Miteo,C,0.6,38.0,0.0,0.0,0.0,0.0,0.0,0.0
2512752,Final,984923,GRAN CANARIA,AWAY,2827856,B. González Ramírez,PG,2441048,E. Heinonen,SG,2452090,L. Nzambi Maniema,SG,2834161,W. Tsafack,PF,2760153,C. Mbengue,C,12.9,771.0,27.0,20.0,7.0,84.0,62.3,21.8
2512752,Final,984924,VALENCIA BASKET,HOME,2144461,J. Carot Hernandez,SF,2180937,T. Talcis Grikietis,SF,2377844,G. Tazo Camacho,SF,2087872,V. Iglesias Martinez,SF,2743397,M. Leitao Ribeiro Do Sacramento E,SF,4.4,263.0,9.0,10.0,-1.0,82.1,91.3,-9.1
2512752,Final,984924,VALENCIA BASKET,HOME,2144461,J. Carot Hernandez,SF,2180937,T. Talcis Grikietis,SF,2377844,G. Tazo Camacho,SF,2558496,D. Osayi James,SF,2087872,V. Iglesias Martinez,SF,1.2,75.0,3.0,0.0,3.0,96.0,0.0,96.0
2512752,Final,984924,VALENCIA BASKET,HOME,2144461,J. Carot Hernandez,SF,2180937,T. Talcis Grikietis,SF,2649709,N. Tolan,SF,2377844,G. Tazo Camacho,SF,2024478,A. Blanco Cardona,SF,1.1,65.0,3.0,2.0,1.0,110.8,73.8,36.9
2512752,Final,984924,VALENCIA BASKET,HOME,2144461,J. Carot Hernandez,SF,2649709,N. Tolan,SF,2171580,M. Grau Maeso,SF,2743397,M. Leitao Ribeiro Do Sacramento E,SF,2024478,A. Blanco Cardona,SF,4.7,283.0,7.0,7.0,0.0,59.4,59.4,0.0
2512752,Final,984924,VALENCIA BASKET,HOME,2144461,J. Carot Hernandez,SF,2649709,N. Tolan,SF,2743397,M. Leitao Ribeiro Do Sacramento E,SF,2171580,M. Grau Maeso,SF,2087872,V. Iglesias Martinez,SF,3.4,201.0,4.0,9.0,-5.0,47.8,107.5,-59.7
2512752,Final,984924,VALENCIA BASKET,HOME,2180937,T. Talcis Grikietis,SF,2144461,J. Carot Hernandez,SF,2649709,N. Tolan,SF,2377844,G. Tazo Camacho,SF,2087872,V. Iglesias Martinez,SF,5.7,347.0,21.0,15.0,6.0,145.2,103.7,41.5
2512752,Final,984924,VALENCIA BASKET,HOME,2180937,T. Talcis Grikietis,SF,2144461,J. Carot Hernandez,SF,2649709,N. Tolan,SF,2377844,G. Tazo Camacho,SF,2171580,M. Grau Maeso,SF,2.5,149.0,6.0,9.0,-3.0,96.6,145.0,-48.3
2512752,Final,984924,VALENCIA BASKET,HOME,2180937,T. Talcis Grikietis,SF,2144461,J. Carot Hernandez,SF,2743397,M. Leitao Ribeiro Do Sacramento E,SF,2171580,M. Grau Maeso,SF,2087872,V. Iglesias Martinez,SF,0.3,20.0,0.0,0.0,0.0,0.0,0.0,0.0
2512752,Final,984924,VALENCIA BASKET,HOME,2180937,T. Talcis Grikietis,SF,2144461,J. Carot Hernandez,SF,2743397,M. Leitao Ribeiro Do Sacramento E,SF,2377844,G. Tazo Camacho,SF,2087872,V. Iglesias Martinez,SF,6.800000000000001,411.0,10.0,9.0,1.0,58.4,52.6,5.8
2512752,Final,984924,VALENCIA BASKET,HOME,2180937,T. Talcis Grikietis,SF,2377844,G. Tazo Camacho,SF,2558496,D. Osayi James,SF,2087872,V. Iglesias Martinez,SF,2743397,M. Leitao Ribeiro Do Sacramento E,SF,2.9,177.0,10.0,6.0,4.0,135.6,81.4,54.2
2512752,Final,984924,VALENCIA BASKET,HOME,2180937,T. Talcis Grikietis,SF,2649709,N. Tolan,SF,2377844,G. Tazo Camacho,SF,2558496,D. Osayi James,SF,2087872,V. Iglesias Martinez,SF,1.8,109.0,4.0,10.0,-6.0,88.1,220.2,-132.1
2512752,Final,984924,VALENCIA BASKET,HOME,2180937,T. Talcis Grikietis,SF,2649709,N. Tolan,SF,2377844,G. Tazo Camacho,SF,2743397,M. Leitao Ribeiro Do Sacramento E,SF,2087872,V. Iglesias Martinez,SF,0.8,47.0,2.0,4.0,-2.0,102.1,204.3,-102.1
2512752,Final,984924,VALENCIA BASKET,HOME,2180937,T. Talcis Grikietis,SF,2649709,N. Tolan,SF,2558496,D. Osayi James,SF,2171580,M. Grau Maeso,SF,2087872,V. Iglesias Martinez,SF,1.1,63.0,3.0,0.0,3.0,114.3,0.0,114.3
2512752,Final,984924,VALENCIA BASKET,HOME,2180937,T. Talcis Grikietis,SF,2649709,N. Tolan,SF,2743397,M. Leitao Ribeiro Do Sacramento E,SF,2377844,G. Tazo Camacho,SF,2087872,V. Iglesias Martinez,SF,1.2,72.0,3.0,3.0,0.0,100.0,100.0,0.0
2512752,Final,984924,VALENCIA BASKET,HOME,2649709,N. Tolan,SF,2558496,D. Osayi James,SF,2171580,M. Grau Maeso,SF,2087872,V. Iglesias Martinez,SF,2743397,M. Leitao Ribeiro Do Sacramento E,SF,2.0,118.0,2.0,7.0,-5.0,40.7,142.4,-101.7
2513291,Cuartos de Final,984791,BURGOS GRUPO DE SANTIAGO,HOME,2103560,A. Reyes Abad,SG,2610623,L. Krispin,SG,2535384,M. Bella Cabañas,SG,2690845,F. Nuñez,SG,2790234,J. Taboada Lühers,SF,0.9,56.0,2.0,2.0,0.0,85.7,85.7,0.0
2513291,Cuartos de Final,984791,BURGOS GRUPO DE SANTIAGO,HOME,2162563,A. Laso Careaga,PG,2103560,A. Reyes Abad,SG,2610623,L. Krispin,SG,2535384,M. Bella Cabañas,SG,2690845,F. Nuñez,SG,3.5999999999999996,213.0,10.0,4.0,6.0,112.7,45.1,67.6
2513291,Cuartos de Final,984791,BURGOS GRUPO DE SANTIAGO,HOME,2162563,A. Laso Careaga,PG,2220551,M. Garcia Varona,SG,2610623,L. Krispin,SG,2300932,S. Martin Diez,PF,2045029,D. Rodriguez Ramos,PF,0.6,35.0,0.0,2.0,-2.0,0.0,137.1,-137.1
2513291,Cuartos de Final,984791,BURGOS GRUPO DE SANTIAGO,HOME,2162563,A. Laso Careaga,PG,2610623,L. Krispin,SG,2535384,M. Bella Cabañas,SG,2690845,F. Nuñez,SG,2790234,J. Taboada Lühers,SF,0.7,43.0,0.0,3.0,-3.0,0.0,167.4,-167.4
2513291,Cuartos de Final,984791,BURGOS GRUPO DE SANTIAGO,HOME,2162563,A. Laso Careaga,PG,2661261,R. Rodriguez,PG,2610623,L. Krispin,SG,2790234,J. Taboada Lühers,SF,2045029,D. Rodriguez Ramos,PF,1.6,94.0,0.0,3.0,-3.0,0.0,76.6,-76.6
2513291,Cuartos de Final,984791,BURGOS GRUPO DE SANTIAGO,HOME,2162563,A. Laso Careaga,PG,2661261,R. Rodriguez,PG,2610623,L. Krispin,SG,2790234,J. Taboada Lühers,SF,2210291,E. Franco Sanz,C,0.8,46.0,0.0,5.0,-5.0,0.0,260.9,-260.9
2513291,Cuartos de Final,984791,BURGOS GRUPO DE SANTIAGO,HOME,2661261,R. Rodriguez,PG,2103560,A. Reyes Abad,SG,2610623,L. Krispin,SG,2535384,M. Bella Cabañas,SG,2436134,A. Traore,C,1.9,116.0,2.0,0.0,2.0,41.4,0.0,41.4
2513291,Cuartos de Final,984791,BURGOS GRUPO DE SANTIAGO,HOME,2661261,R. Rodriguez,PG,2103560,A. Reyes Abad,SG,2610623,L. Krispin,SG,2535384,M. Bella Cabañas,SG,2790234,J. Taboada Lühers,SF,4.3,260.0,3.0,10.0,-7.0,27.7,92.3,-64.6
2513291,Cuartos de Final,984791,BURGOS GRUPO DE SANTIAGO,HOME,2661261,R. Rodriguez,PG,2162563,A. Laso Careaga,PG,2220551,M. Garcia Varona,SG,2610623,L. Krispin,SG,2300932,S. Martin Diez,PF,0.0,2.0,0.0,1.0,-1.0,0.0,1200.0,-1200.0
2513291,Cuartos de Final,984791,BURGOS GRUPO DE SANTIAGO,HOME,2661261,R. Rodriguez,PG,2610623,L. Krispin,SG,2535384,M. Bella Cabañas,SG,2690845,F. Nuñez,SG,2790234,J. Taboada Lühers,SF,1.9,117.0,5.0,2.0,3.0,102.6,41.0,61.5
2513291,Cuartos de Final,984791,BURGOS GRUPO DE SANTIAGO,HOME,2661261,R. Rodriguez,PG,2610623,L. Krispin,SG,2535384,M. Bella Cabañas,SG,2790234,J. Taboada Lühers,SF,2045029,D. Rodriguez Ramos,PF,2.1,124.0,4.0,2.0,2.0,77.4,38.7,38.7
2513291,Cuartos de Final,984791,BURGOS GRUPO DE SANTIAGO,HOME,2661261,R. Rodriguez,PG,2610623,L. Krispin,SG,2690845,F. Nuñez,SG,2790234,J. Taboada Lühers,SF,2210291,E. Franco Sanz,C,1.1,64.0,5.0,3.0,2.0,187.5,112.5,75.0
2513291,Cuartos de Final,984791,BURGOS GRUPO DE SANTIAGO,HOME,2661261,R. Rodriguez,PG,2610623,L. Krispin,SG,2790234,J. Taboada Lühers,SF,2045029,D. Rodriguez Ramos,PF,2210291,E. Franco Sanz,C,1.3,80.0,2.0,2.0,0.0,60.0,60.0,0.0
2513291,Cuartos de Final,984791,BURGOS GRUPO DE SANTIAGO,HOME,2661261,R. Rodriguez,PG,2610623,L. Krispin,SG,2790234,J. Taboada Lühers,SF,2045029,D. Rodriguez Ramos,PF,2436134,A. Traore,C,4.3,260.0,8.0,11.0,-3.0,73.8,101.5,-27.7
2513291,Cuartos de Final,984791,BURGOS GRUPO DE SANTIAGO,HOME,2661261,R. Rodriguez,PG,2690845,F. Nuñez,SG,2103560,A. Reyes Abad,SG,2610623,L. Krispin,SG,2436134,A. Traore,C,0.7,43.0,0.0,6.0,-6.0,0.0,334.9,-334.9
2513291,Cuartos de Final,984791,BURGOS GRUPO DE SANTIAGO,HOME,2661261,R. Rodriguez,PG,2690845,F. Nuñez,SG,2103560,A. Reyes Abad,SG,2610623,L. Krispin,SG,2790234,J. Taboada Lühers,SF,6.1000000000000005,372.0,18.0,2.0,16.0,116.1,12.9,103.2
2513291,Cuartos de Final,984791,BURGOS GRUPO DE SANTIAGO,HOME,2690845,F. Nuñez,SG,2103560,A. Reyes Abad,SG,2610623,L. Krispin,SG,2535384,M. Bella Cabañas,SG,2790234,J. Taboada Lühers,SF,3.6,212.0,11.0,4.0,7.0,124.5,45.3,79.2
2513291,Cuartos de Final,984791,BURGOS GRUPO DE SANTIAGO,HOME,2690845,F. Nuñez,SG,2610623,L. Krispin,SG,2535384,M. Bella Cabañas,SG,2790234,J. Taboada Lühers,SF,2045029,D. Rodriguez Ramos,PF,4.4,263.0,8.0,6.0,2.0,73.0,54.8,18.3
2513291,Cuartos de Final,984926,FUNDACIÓN CB CANARIAS,AWAY,2007163,D. Fernandez Trujillo,SG,2734732,E. Prekevicius,SG,2044955,X. Lopez Rodriguez,SF,2476064,B. Lipasi Yitu,PF,2470375,M. Sangare,C,0.4,24.0,0.0,0.0,0.0,0.0,0.0,0.0
2513291,Cuartos de Final,984926,FUNDACIÓN CB CANARIAS,AWAY,2137337,A. Perez Lopez,PG,2734732,E. Prekevicius,SG,2444602,L. Riga,SF,2362551,E. Lima Teixeira,C,1856308,D. Acosta Moliné,C,0.6,37.0,3.0,0.0,3.0,194.6,0.0,194.6
2513291,Cuartos de Final,984926,FUNDACIÓN CB CANARIAS,AWAY,2181003,R. Rodriguez Galvan,PG,2007163,D. Fernandez Trujillo,SG,2044955,X. Lopez Rodriguez,SF,2444602,L. Riga,SF,1856308,D. Acosta Moliné,C,0.7,43.0,3.0,0.0,3.0,167.4,0.0,167.4
2513291,Cuartos de Final,984926,FUNDACIÓN CB CANARIAS,AWAY,2181003,R. Rodriguez Galvan,PG,2007163,D. Fernandez Trujillo,SG,2044955,X. Lopez Rodriguez,SF,2444602,L. Riga,SF,2470375,M. Sangare,C,1.9,112.0,4.0,6.0,-2.0,85.7,128.6,-42.9
2513291,Cuartos de Final,984926,FUNDACIÓN CB CANARIAS,AWAY,2181003,R. Rodriguez Galvan,PG,2007163,D. Fernandez Trujillo,SG,2044955,X. Lopez Rodriguez,SF,2444602,L. Riga,SF,2476064,B. Lipasi Yitu,PF,1.9,117.0,2.0,5.0,-3.0,41.0,102.6,-61.5
2513291,Cuartos de Final,984926,FUNDACIÓN CB CANARIAS,AWAY,2181003,R. Rodriguez Galvan,PG,2734732,E. Prekevicius,SG,2044955,X. Lopez Rodriguez,SF,2444602,L. Riga,SF,2470375,M. Sangare,C,1.5,92.0,0.0,2.0,-2.0,0.0,52.2,-52.2
2513291,Cuartos de Final,984926,FUNDACIÓN CB CANARIAS,AWAY,2181003,R. Rodriguez Galvan,PG,2734732,E. Prekevicius,SG,2044955,X. Lopez Rodriguez,SF,2470375,M. Sangare,C,1856308,D. Acosta Moliné,C,0.7,43.0,6.0,0.0,6.0,334.9,0.0,334.9
2513291,Cuartos de Final,984926,FUNDACIÓN CB CANARIAS,AWAY,2829962,D. Bordón Dri,PG,2007163,D. Fernandez Trujillo,SG,2044955,X. Lopez Rodriguez,SF,2444602,L. Riga,SF,1856308,D. Acosta Moliné,C,0.7999999999999999,50.0,0.0,4.0,-4.0,0.0,192.0,-192.0
2513291,Cuartos de Final,984926,FUNDACIÓN CB CANARIAS,AWAY,2829962,D. Bordón Dri,PG,2007163,D. Fernandez Trujillo,SG,2044955,X. Lopez Rodriguez,SF,2444602,L. Riga,SF,2476064,B. Lipasi Yitu,PF,0.3,16.0,0.0,1.0,-1.0,0.0,150.0,-150.0
2513291,Cuartos de Final,984926,FUNDACIÓN CB CANARIAS,AWAY,2829962,D. Bordón Dri,PG,2007163,D. Fernandez Trujillo,SG,2734732,E. Prekevicius,SG,2444602,L. Riga,SF,2476064,B. Lipasi Yitu,PF,1.7,101.0,0.0,4.0,-4.0,0.0,95.0,-95.0
2513291,Cuartos de Final,984926,FUNDACIÓN CB CANARIAS,AWAY,2829962,D. Bordón Dri,PG,2181003,R. Rodriguez Galvan,PG,2007163,D. Fernandez Trujillo,SG,2444602,L. Riga,SF,2476064,B. Lipasi Yitu,PF,0.9,56.0,2.0,2.0,0.0,85.7,85.7,0.0
2513291,Cuartos de Final,984926,FUNDACIÓN CB CANARIAS,AWAY,2829962,D. Bordón Dri,PG,2181003,R. Rodriguez Galvan,PG,2044955,X. Lopez Rodriguez,SF,2444602,L. Riga,SF,1856308,D. Acosta Moliné,C,1.4000000000000001,81.0,4.0,5.0,-1.0,118.5,148.1,-29.6
2513291,Cuartos de Final,984926,FUNDACIÓN CB CANARIAS,AWAY,2829962,D. Bordón Dri,PG,2181003,R. Rodriguez Galvan,PG,2044955,X. Lopez Rodriguez,SF,2444602,L. Riga,SF,2470375,M. Sangare,C,6.0,358.0,6.0,14.0,-8.0,40.2,93.9,-53.6
2513291,Cuartos de Final,984926,FUNDACIÓN CB CANARIAS,AWAY,2829962,D. Bordón Dri,PG,2181003,R. Rodriguez Galvan,PG,2044955,X. Lopez Rodriguez,SF,2444602,L. Riga,SF,2476064,B. Lipasi Yitu,PF,1.4,85.0,2.0,0.0,2.0,56.5,0.0,56.5
2513291,Cuartos de Final,984926,FUNDACIÓN CB CANARIAS,AWAY,2829962,D. Bordón Dri,PG,2181003,R. Rodriguez Galvan,PG,2044955,X. Lopez Rodriguez,SF,2470375,M. Sangare,C,1856308,D. Acosta Moliné,C,6.3,384.0,13.0,10.0,3.0,81.2,62.5,18.8
2513291,Cuartos de Final,984926,FUNDACIÓN CB CANARIAS,AWAY,2829962,D. Bordón Dri,PG,2181003,R. Rodriguez Galvan,PG,2734732,E. Prekevicius,SG,2444602,L. Riga,SF,1856308,D. Acosta Moliné,C,0.5,32.0,0.0,1.0,-1.0,0.0,75.0,-75.0
2513291,Cuartos de Final,984926,FUNDACIÓN CB CANARIAS,AWAY,2829962,D. Bordón Dri,PG,2181003,R. Rodriguez Galvan,PG,2734732,E. Prekevicius,SG,2444602,L. Riga,SF,2470375,M. Sangare,C,0.9,55.0,1.0,2.0,-1.0,43.6,87.3,-43.6
2513291,Cuartos de Final,984926,FUNDACIÓN CB CANARIAS,AWAY,2829962,D. Bordón Dri,PG,2181003,R. Rodriguez Galvan,PG,2734732,E. Prekevicius,SG,2444602,L. Riga,SF,2476064,B. Lipasi Yitu,PF,0.8,45.0,1.0,3.0,-2.0,53.3,160.0,-106.7
2513291,Cuartos de Final,984926,FUNDACIÓN CB CANARIAS,AWAY,2829962,D. Bordón Dri,PG,2181003,R. Rodriguez Galvan,PG,2734732,E. Prekevicius,SG,2470375,M. Sangare,C,1856308,D. Acosta Moliné,C,2.6,157.0,8.0,3.0,5.0,122.3,45.9,76.4
2513291,Cuartos de Final,984926,FUNDACIÓN CB CANARIAS,AWAY,2829962,D. Bordón Dri,PG,2734732,E. Prekevicius,SG,2044955,X. Lopez Rodriguez,SF,2444602,L. Riga,SF,1856308,D. Acosta Moliné,C,1.1,66.0,0.0,3.0,-3.0,0.0,109.1,-109.1
2513291,Cuartos de Final,984926,FUNDACIÓN CB CANARIAS,AWAY,2829962,D. Bordón Dri,PG,2734732,E. Prekevicius,SG,2044955,X. Lopez Rodriguez,SF,2444602,L. Riga,SF,2470375,M. Sangare,C,6.4,378.0,13.0,10.0,3.0,82.5,63.5,19.0
2513291,Cuartos de Final,984926,FUNDACIÓN CB CANARIAS,AWAY,2829962,D. Bordón Dri,PG,2734732,E. Prekevicius,SG,2044955,X. Lopez Rodriguez,SF,2470375,M. Sangare,C,1856308,D. Acosta Moliné,C,1.1,68.0,0.0,3.0,-3.0,0.0,105.9,-105.9
2513293,Cuartos de Final,984923,GRAN CANARIA,AWAY,2441048,E. Heinonen,SG,1885980,F. Díaz Herrera,SG,2087418,G. Baez Pierson,SF,2044256,J. Arteaga Giner,SF,2760153,C. Mbengue,C,1.7000000000000002,105.0,8.0,2.0,6.0,182.9,45.7,137.1
2513293,Cuartos de Final,984923,GRAN CANARIA,AWAY,2441048,E. Heinonen,SG,1885980,F. Díaz Herrera,SG,2087418,G. Baez Pierson,SF,2563387,M. Coulibaly,C,2651631,M. Miteo,C,0.3,18.0,1.0,0.0,1.0,133.3,0.0,133.3
2513293,Cuartos de Final,984923,GRAN CANARIA,AWAY,2441048,E. Heinonen,SG,1885980,F. Díaz Herrera,SG,2087418,G. Baez Pierson,SF,2760153,C. Mbengue,C,2651631,M. Miteo,C,1.3,77.0,3.0,5.0,-2.0,93.5,155.8,-62.3
2513293,Cuartos de Final,984923,GRAN CANARIA,AWAY,2441048,E. Heinonen,SG,1885980,F. Díaz Herrera,SG,2452090,L. Nzambi Maniema,SG,2044256,J. Arteaga Giner,SF,2760153,C. Mbengue,C,2.4,149.0,2.0,5.0,-3.0,32.2,80.5,-48.3
2513293,Cuartos de Final,984923,GRAN CANARIA,AWAY,2441048,E. Heinonen,SG,1885980,F. Díaz Herrera,SG,2452090,L. Nzambi Maniema,SG,2087418,G. Baez Pierson,SF,2044256,J. Arteaga Giner,SF,6.0,357.0,17.0,17.0,0.0,114.3,114.3,0.0
2513293,Cuartos de Final,984923,GRAN CANARIA,AWAY,2441048,E. Heinonen,SG,1885980,F. Díaz Herrera,SG,2452090,L. Nzambi Maniema,SG,2087418,G. Baez Pierson,SF,2563387,M. Coulibaly,C,3.0,177.0,8.0,9.0,-1.0,108.5,122.0,-13.6
2513293,Cuartos de Final,984923,GRAN CANARIA,AWAY,2441048,E. Heinonen,SG,1885980,F. Díaz Herrera,SG,2452090,L. Nzambi Maniema,SG,2087418,G. Baez Pierson,SF,2834161,W. Tsafack,PF,1.2,71.0,0.0,2.0,-2.0,0.0,67.6,-67.6
2513293,Cuartos de Final,984923,GRAN CANARIA,AWAY,2441048,E. Heinonen,SG,2452090,L. Nzambi Maniema,SG,2087418,G. Baez Pierson,SF,2044256,J. Arteaga Giner,SF,2651631,M. Miteo,C,0.3,20.0,0.0,2.0,-2.0,0.0,240.0,-240.0
2513293,Cuartos de Final,984923,GRAN CANARIA,AWAY,2441048,E. Heinonen,SG,2452090,L. Nzambi Maniema,SG,2087418,G. Baez Pierson,SF,2044256,J. Arteaga Giner,SF,2760153,C. Mbengue,C,0.1,4.0,0.0,0.0,0.0,0.0,0.0,0.0
2513293,Cuartos de Final,984923,GRAN CANARIA,AWAY,2441048,E. Heinonen,SG,2452090,L. Nzambi Maniema,SG,2087418,G. Baez Pierson,SF,2563387,M. Coulibaly,C,2651631,M. Miteo,C,0.7,41.0,0.0,0.0,0.0,0.0,0.0,0.0
2513293,Cuartos de Final,984923,GRAN CANARIA,AWAY,2441048,E. Heinonen,SG,2452090,L. Nzambi Maniema,SG,2087418,G. Baez Pierson,SF,2760153,C. Mbengue,C,2651631,M. Miteo,C,0.5,31.0,3.0,2.0,1.0,232.3,154.8,77.4
2513293,Cuartos de Final,984923,GRAN CANARIA,AWAY,2827856,B. González Ramírez,PG,2441048,E. Heinonen,SG,1885980,F. Díaz Herrera,SG,2452090,L. Nzambi Maniema,SG,2044256,J. Arteaga Giner,SF,0.8,51.0,2.0,3.0,-1.0,94.1,141.2,-47.1
2513293,Cuartos de Final,984923,GRAN CANARIA,AWAY,2827856,B. González Ramírez,PG,2441048,E. Heinonen,SG,1885980,F. Díaz Herrera,SG,2760153,C. Mbengue,C,2651631,M. Miteo,C,1.4,85.0,0.0,6.0,-6.0,0.0,169.4,-169.4
2513293,Cuartos de Final,984923,GRAN CANARIA,AWAY,2827856,B. González Ramírez,PG,2441048,E. Heinonen,SG,2087418,G. Baez Pierson,SF,2760153,C. Mbengue,C,2651631,M. Miteo,C,1.4,85.0,3.0,3.0,0.0,84.7,84.7,0.0
2513293,Cuartos de Final,984923,GRAN CANARIA,AWAY,2827856,B. González Ramírez,PG,2441048,E. Heinonen,SG,2452090,L. Nzambi Maniema,SG,2044256,J. Arteaga Giner,SF,2760153,C. Mbengue,C,8.9,534.0,16.0,22.0,-6.0,71.9,98.9,-27.0
2513293,Cuartos de Final,984923,GRAN CANARIA,AWAY,2827856,B. González Ramírez,PG,2441048,E. Heinonen,SG,2452090,L. Nzambi Maniema,SG,2760153,C. Mbengue,C,2651631,M. Miteo,C,6.4,383.0,18.0,15.0,3.0,112.8,94.0,18.8
2513293,Cuartos de Final,984923,GRAN CANARIA,AWAY,2827856,B. González Ramírez,PG,2441048,E. Heinonen,SG,2452090,L. Nzambi Maniema,SG,2834161,W. Tsafack,PF,2760153,C. Mbengue,C,3.5,212.0,8.0,8.0,0.0,90.6,90.6,0.0
2513293,Cuartos de Final,984927,CASADEMONT ZARAGOZA,HOME,1975428,C. Alias Bermudez,SG,2016757,P. Campo Teruel,SF,2382801,J. Prieto Alejandre,PF,2125634,J. Garcia Sanchez,PF,2648124,A. Rodriguez Aguila,C,0.8,51.0,3.0,2.0,1.0,141.2,94.1,47.1
2513293,Cuartos de Final,984927,CASADEMONT ZARAGOZA,HOME,2008960,A. Moreno Valero,PG,2382801,J. Prieto Alejandre,PF,2125634,J. Garcia Sanchez,PF,2340834,Y. Traore,C,2736780,S. Faye,C,0.6000000000000001,34.0,3.0,0.0,3.0,211.8,0.0,211.8
2513293,Cuartos de Final,984927,CASADEMONT ZARAGOZA,HOME,2008960,A. Moreno Valero,PG,2438847,A. Savkov,PG,1975428,C. Alias Bermudez,SG,2125634,J. Garcia Sanchez,PF,2340834,Y. Traore,C,1.7,102.0,4.0,4.0,0.0,94.1,94.1,0.0
2513293,Cuartos de Final,984927,CASADEMONT ZARAGOZA,HOME,2008960,A. Moreno Valero,PG,2438847,A. Savkov,PG,1975428,C. Alias Bermudez,SG,2382632,A. Cativiela Aisa,SG,2125634,J. Garcia Sanchez,PF,1.7,101.0,11.0,2.0,9.0,261.4,47.5,213.9
2513293,Cuartos de Final,984927,CASADEMONT ZARAGOZA,HOME,2008960,A. Moreno Valero,PG,2438847,A. Savkov,PG,2125634,J. Garcia Sanchez,PF,2340834,Y. Traore,C,2736780,S. Faye,C,2.5,155.0,9.0,6.0,3.0,139.4,92.9,46.5
2513293,Cuartos de Final,984927,CASADEMONT ZARAGOZA,HOME,2008960,A. Moreno Valero,PG,2438847,A. Savkov,PG,2382632,A. Cativiela Aisa,SG,2125634,J. Garcia Sanchez,PF,2340834,Y. Traore,C,2.0,119.0,5.0,5.0,0.0,100.8,100.8,0.0
2513293,Cuartos de Final,984927,CASADEMONT ZARAGOZA,HOME,2008960,A. Moreno Valero,PG,2438847,A. Savkov,PG,2382632,A. Cativiela Aisa,SG,2125634,J. Garcia Sanchez,PF,2736780,S. Faye,C,0.8,50.0,2.0,4.0,-2.0,96.0,192.0,-96.0
2513293,Cuartos de Final,984927,CASADEMONT ZARAGOZA,HOME,2008960,A. Moreno Valero,PG,2438847,A. Savkov,PG,2382632,A. Cativiela Aisa,SG,2736780,S. Faye,C,2648124,A. Rodriguez Aguila,C,0.5,31.0,2.0,3.0,-1.0,154.8,232.3,-77.4
2513293,Cuartos de Final,984927,CASADEMONT ZARAGOZA,HOME,2438847,A. Savkov,PG,2382632,A. Cativiela Aisa,SG,2016757,P. Campo Teruel,SF,2382801,J. Prieto Alejandre,PF,2736780,S. Faye,C,0.3,20.0,2.0,0.0,2.0,240.0,0.0,240.0
2513293,Cuartos de Final,984927,CASADEMONT ZARAGOZA,HOME,2438847,A. Savkov,PG,2382632,A. Cativiela Aisa,SG,2125634,J. Garcia Sanchez,PF,2340834,Y. Traore,C,2648124,A. Rodriguez Aguila,C,1.3,76.0,2.0,6.0,-4.0,63.2,189.5,-126.3
2513293,Cuartos de Final,984927,CASADEMONT ZARAGOZA,HOME,2438847,A. Savkov,PG,2382632,A. Cativiela Aisa,SG,2382801,J. Prieto Alejandre,PF,2736780,S. Faye,C,2648124,A. Rodriguez Aguila,C,0.7,41.0,0.0,0.0,0.0,0.0,0.0,0.0
2513293,Cuartos de Final,984927,CASADEMONT ZARAGOZA,HOME,2646355,M. Lukic,PG,1975428,C. Alias Bermudez,SG,2125634,J. Garcia Sanchez,PF,2340834,Y. Traore,C,2736780,S. Faye,C,0.5,29.0,0.0,0.0,0.0,0.0,0.0,0.0
2513293,Cuartos de Final,984927,CASADEMONT ZARAGOZA,HOME,2646355,M. Lukic,PG,1975428,C. Alias Bermudez,SG,2382632,A. Cativiela Aisa,SG,2736780,S. Faye,C,2648124,A. Rodriguez Aguila,C,0.9,53.0,0.0,0.0,0.0,0.0,0.0,0.0
2513293,Cuartos de Final,984927,CASADEMONT ZARAGOZA,HOME,2646355,M. Lukic,PG,2008960,A. Moreno Valero,PG,1975428,C. Alias Bermudez,SG,2340834,Y. Traore,C,2736780,S. Faye,C,2.8,165.0,7.0,4.0,3.0,101.8,58.2,43.6
2513293,Cuartos de Final,984927,CASADEMONT ZARAGOZA,HOME,2646355,M. Lukic,PG,2008960,A. Moreno Valero,PG,1975428,C. Alias Bermudez,SG,2382632,A. Cativiela Aisa,SG,2340834,Y. Traore,C,1.4,87.0,0.0,1.0,-1.0,0.0,27.6,-27.6
2513293,Cuartos de Final,984927,CASADEMONT ZARAGOZA,HOME,2646355,M. Lukic,PG,2008960,A. Moreno Valero,PG,2125634,J. Garcia Sanchez,PF,2340834,Y. Traore,C,2736780,S. Faye,C,1.0,61.0,2.0,2.0,0.0,78.7,78.7,0.0
2513293,Cuartos de Final,984927,CASADEMONT ZARAGOZA,HOME,2646355,M. Lukic,PG,2008960,A. Moreno Valero,PG,2382801,J. Prieto Alejandre,PF,2340834,Y. Traore,C,2648124,A. Rodriguez Aguila,C,0.3,16.0,0.0,0.0,0.0,0.0,0.0,0.0
2513293,Cuartos de Final,984927,CASADEMONT ZARAGOZA,HOME,2646355,M. Lukic,PG,2008960,A. Moreno Valero,PG,2382801,J. Prieto Alejandre,PF,2340834,Y. Traore,C,2736780,S. Faye,C,1.1,64.0,3.0,3.0,0.0,112.5,112.5,0.0
2513293,Cuartos de Final,984927,CASADEMONT ZARAGOZA,HOME,2646355,M. Lukic,PG,2008960,A. Moreno Valero,PG,2382801,J. Prieto Alejandre,PF,2736780,S. Faye,C,2648124,A. Rodriguez Aguila,C,1.6,98.0,6.0,5.0,1.0,146.9,122.4,24.5
2513293,Cuartos de Final,984927,CASADEMONT ZARAGOZA,HOME,2646355,M. Lukic,PG,2008960,A. Moreno Valero,PG,2438847,A. Savkov,PG,1975428,C. Alias Bermudez,SG,2382632,A. Cativiela Aisa,SG,0.8,45.0,0.0,2.0,-2.0,0.0,106.7,-106.7
2513293,Cuartos de Final,984927,CASADEMONT ZARAGOZA,HOME,2646355,M. Lukic,PG,2008960,A. Moreno Valero,PG,2438847,A. Savkov,PG,2125634,J. Garcia Sanchez,PF,2340834,Y. Traore,C,1.8,109.0,5.0,6.0,-1.0,110.1,132.1,-22.0
2513293,Cuartos de Final,984927,CASADEMONT ZARAGOZA,HOME,2646355,M. Lukic,PG,2008960,A. Moreno Valero,PG,2438847,A. Savkov,PG,2382632,A. Cativiela Aisa,SG,2340834,Y. Traore,C,3.4,202.0,7.0,8.0,-1.0,83.2,95.0,-11.9
2513293,Cuartos de Final,984927,CASADEMONT ZARAGOZA,HOME,2646355,M. Lukic,PG,2008960,A. Moreno Valero,PG,2438847,A. Savkov,PG,2382801,J. Prieto Alejandre,PF,2340834,Y. Traore,C,0.6,33.0,3.0,3.0,0.0,218.2,218.2,0.0
2513293,Cuartos de Final,984927,CASADEMONT ZARAGOZA,HOME,2646355,M. Lukic,PG,2382632,A. Cativiela Aisa,SG,2382801,J. Prieto Alejandre,PF,2340834,Y. Traore,C,2736780,S. Faye,C,0.5,32.0,2.0,2.0,0.0,150.0,150.0,0.0
2513293,Cuartos de Final,984927,CASADEMONT ZARAGOZA,HOME,2646355,M. Lukic,PG,2382632,A. Cativiela Aisa,SG,2382801,J. Prieto Alejandre,PF,2736780,S. Faye,C,2648124,A. Rodriguez Aguila,C,2.2,133.0,3.0,2.0,1.0,54.1,36.1,18.0
2513293,Cuartos de Final,984927,CASADEMONT ZARAGOZA,HOME,2646355,M. Lukic,PG,2438847,A. Savkov,PG,1975428,C. Alias Bermudez,SG,2382632,A. Cativiela Aisa,SG,2340834,Y. Traore,C,0.9,55.0,3.0,4.0,-1.0,130.9,174.5,-43.6
2513293,Cuartos de Final,984927,CASADEMONT ZARAGOZA,HOME,2646355,M. Lukic,PG,2438847,A. Savkov,PG,1975428,C. Alias Bermudez,SG,2382632,A. Cativiela Aisa,SG,2736780,S. Faye,C,1.4,85.0,6.0,0.0,6.0,169.4,0.0,169.4
2513293,Cuartos de Final,984927,CASADEMONT ZARAGOZA,HOME,2646355,M. Lukic,PG,2438847,A. Savkov,PG,2382632,A. Cativiela Aisa,SG,2073295,R. Valero Lopez,SF,2648124,A. Rodriguez Aguila,C,2.3,139.0,6.0,6.0,0.0,103.6,103.6,0.0
2513293,Cuartos de Final,984927,CASADEMONT ZARAGOZA,HOME,2646355,M. Lukic,PG,2438847,A. Savkov,PG,2382632,A. Cativiela Aisa,SG,2125634,J. Garcia Sanchez,PF,2340834,Y. Traore,C,1.1,68.0,4.0,2.0,2.0,141.2,70.6,70.6
2513293,Cuartos de Final,984927,CASADEMONT ZARAGOZA,HOME,2646355,M. Lukic,PG,2438847,A. Savkov,PG,2382632,A. Cativiela Aisa,SG,2382801,J. Prieto Alejandre,PF,2340834,Y. Traore,C,0.9,55.0,0.0,4.0,-4.0,0.0,174.5,-174.5
2513293,Cuartos de Final,984927,CASADEMONT ZARAGOZA,HOME,2646355,M. Lukic,PG,2438847,A. Savkov,PG,2382632,A. Cativiela Aisa,SG,2382801,J. Prieto Alejandre,PF,2736780,S. Faye,C,1.5,91.0,1.0,3.0,-2.0,26.4,79.1,-52.7
2513592,Semifinal,984927,CASADEMONT ZARAGOZA,AWAY,2008960,A. Moreno Valero,PG,1975428,C. Alias Bermudez,SG,2073295,R. Valero Lopez,SF,2382801,J. Prieto Alejandre,PF,2648124,A. Rodriguez Aguila,C,2.5,145.0,4.0,4.0,0.0,66.2,66.2,0.0
2513592,Semifinal,984927,CASADEMONT ZARAGOZA,AWAY,2008960,A. Moreno Valero,PG,1975428,C. Alias Bermudez,SG,2073295,R. Valero Lopez,SF,2382801,J. Prieto Alejandre,PF,2736780,S. Faye,C,1.4,81.0,2.0,2.0,0.0,59.3,59.3,0.0
2513592,Semifinal,984927,CASADEMONT ZARAGOZA,AWAY,2008960,A. Moreno Valero,PG,1975428,C. Alias Bermudez,SG,2382632,A. Cativiela Aisa,SG,2382801,J. Prieto Alejandre,PF,2648124,A. Rodriguez Aguila,C,2.1,129.0,7.0,10.0,-3.0,130.2,186.0,-55.8
2513592,Semifinal,984927,CASADEMONT ZARAGOZA,AWAY,2008960,A. Moreno Valero,PG,2199699,H. Valle Paramio,SF,2073295,R. Valero Lopez,SF,2382801,J. Prieto Alejandre,PF,2736780,S. Faye,C,1.8,110.0,4.0,7.0,-3.0,87.3,152.7,-65.5
2513592,Semifinal,984927,CASADEMONT ZARAGOZA,AWAY,2008960,A. Moreno Valero,PG,2382632,A. Cativiela Aisa,SG,2073295,R. Valero Lopez,SF,2382801,J. Prieto Alejandre,PF,2648124,A. Rodriguez Aguila,C,1.1,63.0,2.0,3.0,-1.0,76.2,114.3,-38.1
2513592,Semifinal,984927,CASADEMONT ZARAGOZA,AWAY,2008960,A. Moreno Valero,PG,2438847,A. Savkov,PG,1975428,C. Alias Bermudez,SG,2382632,A. Cativiela Aisa,SG,2648124,A. Rodriguez Aguila,C,0.4,24.0,0.0,3.0,-3.0,0.0,300.0,-300.0
2513592,Semifinal,984927,CASADEMONT ZARAGOZA,AWAY,2008960,A. Moreno Valero,PG,2438847,A. Savkov,PG,1975428,C. Alias Bermudez,SG,2382632,A. Cativiela Aisa,SG,2736780,S. Faye,C,0.5,27.0,2.0,2.0,0.0,177.8,177.8,0.0
2513592,Semifinal,984927,CASADEMONT ZARAGOZA,AWAY,2008960,A. Moreno Valero,PG,2646355,M. Lukic,PG,2199699,H. Valle Paramio,SF,2073295,R. Valero Lopez,SF,2648124,A. Rodriguez Aguila,C,0.5,27.0,0.0,2.0,-2.0,0.0,177.8,-177.8
2513592,Semifinal,984927,CASADEMONT ZARAGOZA,AWAY,2008960,A. Moreno Valero,PG,2646355,M. Lukic,PG,2382632,A. Cativiela Aisa,SG,2199699,H. Valle Paramio,SF,2648124,A. Rodriguez Aguila,C,0.3,20.0,2.0,2.0,0.0,240.0,240.0,0.0
2513592,Semifinal,984927,CASADEMONT ZARAGOZA,AWAY,2008960,A. Moreno Valero,PG,2646355,M. Lukic,PG,2438847,A. Savkov,PG,1975428,C. Alias Bermudez,SG,2199699,H. Valle Paramio,SF,0.8,49.0,4.0,5.0,-1.0,195.9,244.9,-49.0
2513592,Semifinal,984927,CASADEMONT ZARAGOZA,AWAY,2008960,A. Moreno Valero,PG,2646355,M. Lukic,PG,2438847,A. Savkov,PG,1975428,C. Alias Bermudez,SG,2382632,A. Cativiela Aisa,SG,1.0,60.0,4.0,0.0,4.0,160.0,0.0,160.0
2513592,Semifinal,984927,CASADEMONT ZARAGOZA,AWAY,2008960,A. Moreno Valero,PG,2646355,M. Lukic,PG,2438847,A. Savkov,PG,2016757,P. Campo Teruel,SF,2736780,S. Faye,C,1.5,90.0,4.0,4.0,0.0,106.7,106.7,0.0
2513592,Semifinal,984927,CASADEMONT ZARAGOZA,AWAY,2008960,A. Moreno Valero,PG,2646355,M. Lukic,PG,2438847,A. Savkov,PG,2382632,A. Cativiela Aisa,SG,2648124,A. Rodriguez Aguila,C,1.2,76.0,4.0,5.0,-1.0,126.3,157.9,-31.6
2513592,Semifinal,984927,CASADEMONT ZARAGOZA,AWAY,2008960,A. Moreno Valero,PG,2646355,M. Lukic,PG,2438847,A. Savkov,PG,2382801,J. Prieto Alejandre,PF,2648124,A. Rodriguez Aguila,C,0.2,10.0,0.0,0.0,0.0,0.0,0.0,0.0
2513592,Semifinal,984927,CASADEMONT ZARAGOZA,AWAY,2008960,A. Moreno Valero,PG,2646355,M. Lukic,PG,2438847,A. Savkov,PG,2382801,J. Prieto Alejandre,PF,2736780,S. Faye,C,0.5,29.0,0.0,0.0,0.0,0.0,0.0,0.0
2513592,Semifinal,984927,CASADEMONT ZARAGOZA,AWAY,2438847,A. Savkov,PG,1975428,C. Alias Bermudez,SG,2199699,H. Valle Paramio,SF,2382801,J. Prieto Alejandre,PF,2736780,S. Faye,C,0.2,14.0,0.0,0.0,0.0,0.0,0.0,0.0
2513592,Semifinal,984927,CASADEMONT ZARAGOZA,AWAY,2438847,A. Savkov,PG,1975428,C. Alias Bermudez,SG,2382801,J. Prieto Alejandre,PF,2125634,J. Garcia Sanchez,PF,2648124,A. Rodriguez Aguila,C,0.1,7.0,0.0,0.0,0.0,0.0,0.0,0.0
2513592,Semifinal,984927,CASADEMONT ZARAGOZA,AWAY,2646355,M. Lukic,PG,1975428,C. Alias Bermudez,SG,2073295,R. Valero Lopez,SF,2125634,J. Garcia Sanchez,PF,2736780,S. Faye,C,1.6,94.0,4.0,5.0,-1.0,102.1,127.7,-25.5
2513592,Semifinal,984927,CASADEMONT ZARAGOZA,AWAY,2646355,M. Lukic,PG,1975428,C. Alias Bermudez,SG,2382632,A. Cativiela Aisa,SG,2073295,R. Valero Lopez,SF,2648124,A. Rodriguez Aguila,C,0.9,52.0,2.0,0.0,2.0,92.3,0.0,92.3
2513592,Semifinal,984927,CASADEMONT ZARAGOZA,AWAY,2646355,M. Lukic,PG,1975428,C. Alias Bermudez,SG,2382632,A. Cativiela Aisa,SG,2073295,R. Valero Lopez,SF,2736780,S. Faye,C,0.3,21.0,0.0,0.0,0.0,0.0,0.0,0.0
2513592,Semifinal,984927,CASADEMONT ZARAGOZA,AWAY,2646355,M. Lukic,PG,2008960,A. Moreno Valero,PG,2382632,A. Cativiela Aisa,SG,2073295,R. Valero Lopez,SF,2736780,S. Faye,C,0.3,16.0,0.0,0.0,0.0,0.0,0.0,0.0
2513592,Semifinal,984927,CASADEMONT ZARAGOZA,AWAY,2646355,M. Lukic,PG,2008960,A. Moreno Valero,PG,2382632,A. Cativiela Aisa,SG,2382801,J. Prieto Alejandre,PF,2736780,S. Faye,C,1.4000000000000001,85.0,3.0,3.0,0.0,84.7,84.7,0.0
2513592,Semifinal,984927,CASADEMONT ZARAGOZA,AWAY,2646355,M. Lukic,PG,2008960,A. Moreno Valero,PG,2438847,A. Savkov,PG,1975428,C. Alias Bermudez,SG,2125634,J. Garcia Sanchez,PF,0.7,42.0,4.0,2.0,2.0,228.6,114.3,114.3
2513592,Semifinal,984927,CASADEMONT ZARAGOZA,AWAY,2646355,M. Lukic,PG,2008960,A. Moreno Valero,PG,2438847,A. Savkov,PG,1975428,C. Alias Bermudez,SG,2382801,J. Prieto Alejandre,PF,0.3,20.0,0.0,3.0,-3.0,0.0,360.0,-360.0
2513592,Semifinal,984927,CASADEMONT ZARAGOZA,AWAY,2646355,M. Lukic,PG,2008960,A. Moreno Valero,PG,2438847,A. Savkov,PG,1975428,C. Alias Bermudez,SG,2648124,A. Rodriguez Aguila,C,2.4000000000000004,144.0,2.0,4.0,-2.0,33.3,66.7,-33.3
2513592,Semifinal,984927,CASADEMONT ZARAGOZA,AWAY,2646355,M. Lukic,PG,2008960,A. Moreno Valero,PG,2438847,A. Savkov,PG,1975428,C. Alias Bermudez,SG,2736780,S. Faye,C,1.0,59.0,0.0,4.0,-4.0,0.0,162.7,-162.7
2513592,Semifinal,984927,CASADEMONT ZARAGOZA,AWAY,2646355,M. Lukic,PG,2008960,A. Moreno Valero,PG,2438847,A. Savkov,PG,2125634,J. Garcia Sanchez,PF,2736780,S. Faye,C,1.0,62.0,2.0,3.0,-1.0,77.4,116.1,-38.7
2513592,Semifinal,984927,CASADEMONT ZARAGOZA,AWAY,2646355,M. Lukic,PG,2199699,H. Valle Paramio,SF,2073295,R. Valero Lopez,SF,2125634,J. Garcia Sanchez,PF,2736780,S. Faye,C,0.6,37.0,3.0,2.0,1.0,194.6,129.7,64.9
2513592,Semifinal,984927,CASADEMONT ZARAGOZA,AWAY,2646355,M. Lukic,PG,2438847,A. Savkov,PG,1975428,C. Alias Bermudez,SG,2125634,J. Garcia Sanchez,PF,2648124,A. Rodriguez Aguila,C,1.1,69.0,2.0,2.0,0.0,69.6,69.6,0.0
2513592,Semifinal,984927,CASADEMONT ZARAGOZA,AWAY,2646355,M. Lukic,PG,2438847,A. Savkov,PG,1975428,C. Alias Bermudez,SG,2125634,J. Garcia Sanchez,PF,2736780,S. Faye,C,2.4,143.0,4.0,5.0,-1.0,67.1,83.9,-16.8
2513592,Semifinal,984927,CASADEMONT ZARAGOZA,AWAY,2646355,M. Lukic,PG,2438847,A. Savkov,PG,1975428,C. Alias Bermudez,SG,2382801,J. Prieto Alejandre,PF,2736780,S. Faye,C,0.6,34.0,0.0,1.0,-1.0,0.0,70.6,-70.6
2513592,Semifinal,984927,CASADEMONT ZARAGOZA,AWAY,2646355,M. Lukic,PG,2438847,A. Savkov,PG,2016757,P. Campo Teruel,SF,2125634,J. Garcia Sanchez,PF,2648124,A. Rodriguez Aguila,C,1.2,75.0,2.0,0.0,2.0,64.0,0.0,64.0
2513592,Semifinal,984927,CASADEMONT ZARAGOZA,AWAY,2646355,M. Lukic,PG,2438847,A. Savkov,PG,2016757,P. Campo Teruel,SF,2125634,J. Garcia Sanchez,PF,2736780,S. Faye,C,0.4,23.0,0.0,0.0,0.0,0.0,0.0,0.0
2513592,Semifinal,984927,CASADEMONT ZARAGOZA,AWAY,2646355,M. Lukic,PG,2438847,A. Savkov,PG,2073295,R. Valero Lopez,SF,2016757,P. Campo Teruel,SF,2125634,J. Garcia Sanchez,PF,1.2,75.0,2.0,0.0,2.0,64.0,0.0,64.0
2513592,Semifinal,984927,CASADEMONT ZARAGOZA,AWAY,2646355,M. Lukic,PG,2438847,A. Savkov,PG,2199699,H. Valle Paramio,SF,2073295,R. Valero Lopez,SF,2125634,J. Garcia Sanchez,PF,0.4,24.0,2.0,2.0,0.0,200.0,200.0,0.0
2513592,Semifinal,984927,CASADEMONT ZARAGOZA,AWAY,2646355,M. Lukic,PG,2438847,A. Savkov,PG,2382632,A. Cativiela Aisa,SG,2073295,R. Valero Lopez,SF,2016757,P. Campo Teruel,SF,0.7,39.0,0.0,2.0,-2.0,0.0,123.1,-123.1
2513592,Semifinal,984927,CASADEMONT ZARAGOZA,AWAY,2646355,M. Lukic,PG,2438847,A. Savkov,PG,2382632,A. Cativiela Aisa,SG,2125634,J. Garcia Sanchez,PF,2736780,S. Faye,C,5.4,325.0,17.0,11.0,6.0,125.5,81.2,44.3
2513592,Semifinal,984928,BARÇA ATLÈTIC,HOME,2082056,N. Poza Cervantes,PG,2256034,J. Cerdan Palacios,PG,2561463,D. Ferreras Camarero,SF,2641337,J. Boumtje Boumtje,C,2642481,M. Dabone,C,3.3000000000000003,199.0,6.0,4.0,2.0,72.4,48.2,24.1
2513592,Semifinal,984928,BARÇA ATLÈTIC,HOME,2082056,N. Poza Cervantes,PG,2256034,J. Cerdan Palacios,PG,2561463,D. Ferreras Camarero,SF,2642482,A. Kone,C,2641337,J. Boumtje Boumtje,C,1.2,75.0,6.0,5.0,1.0,192.0,160.0,32.0
2513592,Semifinal,984928,BARÇA ATLÈTIC,HOME,2082056,N. Poza Cervantes,PG,2256034,J. Cerdan Palacios,PG,2561463,D. Ferreras Camarero,SF,2642482,A. Kone,C,2647995,M. Keita,C,0.8,48.0,4.0,2.0,2.0,200.0,100.0,100.0
2513592,Semifinal,984928,BARÇA ATLÈTIC,HOME,2082056,N. Poza Cervantes,PG,2256034,J. Cerdan Palacios,PG,2642172,J. Siftar,PG,2641337,J. Boumtje Boumtje,C,2647995,M. Keita,C,0.3,19.0,0.0,1.0,-1.0,0.0,126.3,-126.3
2513592,Semifinal,984928,BARÇA ATLÈTIC,HOME,2082056,N. Poza Cervantes,PG,2256034,J. Cerdan Palacios,PG,2642172,J. Siftar,PG,2642482,A. Kone,C,2641337,J. Boumtje Boumtje,C,2.4,145.0,9.0,5.0,4.0,149.0,82.8,66.2
2513592,Semifinal,984928,BARÇA ATLÈTIC,HOME,2082056,N. Poza Cervantes,PG,2561463,D. Ferreras Camarero,SF,2647995,M. Keita,C,2641337,J. Boumtje Boumtje,C,2642481,M. Dabone,C,3.5,213.0,11.0,6.0,5.0,123.9,67.6,56.3
2513592,Semifinal,984928,BARÇA ATLÈTIC,HOME,2082056,N. Poza Cervantes,PG,2642172,J. Siftar,PG,2561463,D. Ferreras Camarero,SF,2641337,J. Boumtje Boumtje,C,2642481,M. Dabone,C,5.0,299.0,11.0,16.0,-5.0,88.3,128.4,-40.1
2513592,Semifinal,984928,BARÇA ATLÈTIC,HOME,2218824,O. Filba Gonzalez,PG,2082056,N. Poza Cervantes,PG,2561463,D. Ferreras Camarero,SF,2647995,M. Keita,C,2641337,J. Boumtje Boumtje,C,0.7,41.0,2.0,2.0,0.0,117.1,117.1,0.0
2513592,Semifinal,984928,BARÇA ATLÈTIC,HOME,2218824,O. Filba Gonzalez,PG,2082056,N. Poza Cervantes,PG,2647995,M. Keita,C,2641337,J. Boumtje Boumtje,C,2642481,M. Dabone,C,4.3,257.0,16.0,13.0,3.0,149.4,121.4,28.0
2513592,Semifinal,984928,BARÇA ATLÈTIC,HOME,2218824,O. Filba Gonzalez,PG,2256034,J. Cerdan Palacios,PG,2082056,N. Poza Cervantes,PG,2561463,D. Ferreras Camarero,SF,2641337,J. Boumtje Boumtje,C,0.5,27.0,2.0,0.0,2.0,177.8,0.0,177.8
2513592,Semifinal,984928,BARÇA ATLÈTIC,HOME,2218824,O. Filba Gonzalez,PG,2256034,J. Cerdan Palacios,PG,2082056,N. Poza Cervantes,PG,2641337,J. Boumtje Boumtje,C,2642481,M. Dabone,C,1.0,62.0,0.0,2.0,-2.0,0.0,77.4,-77.4
2513592,Semifinal,984928,BARÇA ATLÈTIC,HOME,2218824,O. Filba Gonzalez,PG,2256034,J. Cerdan Palacios,PG,2561463,D. Ferreras Camarero,SF,2641337,J. Boumtje Boumtje,C,2642481,M. Dabone,C,0.8,48.0,2.0,0.0,2.0,100.0,0.0,100.0
2513592,Semifinal,984928,BARÇA ATLÈTIC,HOME,2218824,O. Filba Gonzalez,PG,2256034,J. Cerdan Palacios,PG,2561463,D. Ferreras Camarero,SF,2642482,A. Kone,C,2647995,M. Keita,C,1.4,81.0,2.0,2.0,0.0,59.3,59.3,0.0
2513592,Semifinal,984928,BARÇA ATLÈTIC,HOME,2218824,O. Filba Gonzalez,PG,2256034,J. Cerdan Palacios,PG,2642172,J. Siftar,PG,2641337,J. Boumtje Boumtje,C,2642481,M. Dabone,C,0.30000000000000004,17.0,0.0,0.0,0.0,0.0,0.0,0.0
2513592,Semifinal,984928,BARÇA ATLÈTIC,HOME,2218824,O. Filba Gonzalez,PG,2256034,J. Cerdan Palacios,PG,2642172,J. Siftar,PG,2642482,A. Kone,C,2641337,J. Boumtje Boumtje,C,0.4,26.0,0.0,0.0,0.0,0.0,0.0,0.0
2513592,Semifinal,984928,BARÇA ATLÈTIC,HOME,2218824,O. Filba Gonzalez,PG,2256034,J. Cerdan Palacios,PG,2642172,J. Siftar,PG,2647995,M. Keita,C,2642481,M. Dabone,C,0.8,49.0,5.0,4.0,1.0,244.9,195.9,49.0
2513592,Semifinal,984928,BARÇA ATLÈTIC,HOME,2218824,O. Filba Gonzalez,PG,2642172,J. Siftar,PG,2561463,D. Ferreras Camarero,SF,2641337,J. Boumtje Boumtje,C,2642481,M. Dabone,C,1.2,70.0,2.0,2.0,0.0,68.6,68.6,0.0
2513592,Semifinal,984928,BARÇA ATLÈTIC,HOME,2218824,O. Filba Gonzalez,PG,2642172,J. Siftar,PG,2561463,D. Ferreras Camarero,SF,2647995,M. Keita,C,2642481,M. Dabone,C,2.0,119.0,2.0,5.0,-3.0,40.3,100.8,-60.5
2513592,Semifinal,984928,BARÇA ATLÈTIC,HOME,2458688,E. Montaner García,PG,2082056,N. Poza Cervantes,PG,2256034,J. Cerdan Palacios,PG,2561463,D. Ferreras Camarero,SF,2647995,M. Keita,C,0.9,55.0,2.0,0.0,2.0,87.3,0.0,87.3
2513592,Semifinal,984928,BARÇA ATLÈTIC,HOME,2458688,E. Montaner García,PG,2082056,N. Poza Cervantes,PG,2256034,J. Cerdan Palacios,PG,2641337,J. Boumtje Boumtje,C,2642481,M. Dabone,C,0.3,19.0,0.0,0.0,0.0,0.0,0.0,0.0
2513592,Semifinal,984928,BARÇA ATLÈTIC,HOME,2458688,E. Montaner García,PG,2082056,N. Poza Cervantes,PG,2256034,J. Cerdan Palacios,PG,2641337,J. Boumtje Boumtje,C,2647995,M. Keita,C,1.2,67.0,2.0,1.0,1.0,71.6,35.8,35.8
2513592,Semifinal,984928,BARÇA ATLÈTIC,HOME,2458688,E. Montaner García,PG,2082056,N. Poza Cervantes,PG,2256034,J. Cerdan Palacios,PG,2642482,A. Kone,C,2641337,J. Boumtje Boumtje,C,1.5,89.0,0.0,2.0,-2.0,0.0,53.9,-53.9
2513592,Semifinal,984928,BARÇA ATLÈTIC,HOME,2458688,E. Montaner García,PG,2082056,N. Poza Cervantes,PG,2561463,D. Ferreras Camarero,SF,2641337,J. Boumtje Boumtje,C,2647995,M. Keita,C,0.4,24.0,1.0,2.0,-1.0,100.0,200.0,-100.0
2513592,Semifinal,984928,BARÇA ATLÈTIC,HOME,2458688,E. Montaner García,PG,2082056,N. Poza Cervantes,PG,2642172,J. Siftar,PG,2641337,J. Boumtje Boumtje,C,2642481,M. Dabone,C,1.2,75.0,0.0,2.0,-2.0,0.0,64.0,-64.0
2513592,Semifinal,984928,BARÇA ATLÈTIC,HOME,2458688,E. Montaner García,PG,2218824,O. Filba Gonzalez,PG,2256034,J. Cerdan Palacios,PG,2641337,J. Boumtje Boumtje,C,2642481,M. Dabone,C,1.3,80.0,2.0,4.0,-2.0,60.0,120.0,-60.0
2513592,Semifinal,984928,BARÇA ATLÈTIC,HOME,2458688,E. Montaner García,PG,2218824,O. Filba Gonzalez,PG,2256034,J. Cerdan Palacios,PG,2642482,A. Kone,C,2641337,J. Boumtje Boumtje,C,3.1,184.0,10.0,8.0,2.0,130.4,104.3,26.1
2513592,Semifinal,984928,BARÇA ATLÈTIC,HOME,2458688,E. Montaner García,PG,2218824,O. Filba Gonzalez,PG,2256034,J. Cerdan Palacios,PG,2647995,M. Keita,C,2642481,M. Dabone,C,0.2,12.0,1.0,0.0,1.0,200.0,0.0,200.0
2513593,Semifinal,984791,BURGOS GRUPO DE SANTIAGO,HOME,2162563,A. Laso Careaga,PG,2103560,A. Reyes Abad,SG,2220551,M. Garcia Varona,SG,2610623,L. Krispin,SG,2535384,M. Bella Cabañas,SG,0.1,8.0,0.0,2.0,-2.0,0.0,600.0,-600.0
2513593,Semifinal,984791,BURGOS GRUPO DE SANTIAGO,HOME,2162563,A. Laso Careaga,PG,2103560,A. Reyes Abad,SG,2535384,M. Bella Cabañas,SG,2790234,J. Taboada Lühers,SF,2210291,E. Franco Sanz,C,2.5,147.0,4.0,2.0,2.0,65.3,32.7,32.7
2513593,Semifinal,984791,BURGOS GRUPO DE SANTIAGO,HOME,2162563,A. Laso Careaga,PG,2103560,A. Reyes Abad,SG,2535384,M. Bella Cabañas,SG,2790234,J. Taboada Lühers,SF,2436134,A. Traore,C,0.9,54.0,0.0,0.0,0.0,0.0,0.0,0.0
2513593,Semifinal,984791,BURGOS GRUPO DE SANTIAGO,HOME,2162563,A. Laso Careaga,PG,2103560,A. Reyes Abad,SG,2610623,L. Krispin,SG,2535384,M. Bella Cabañas,SG,2210291,E. Franco Sanz,C,1.1,64.0,1.0,5.0,-4.0,37.5,187.5,-150.0
2513593,Semifinal,984791,BURGOS GRUPO DE SANTIAGO,HOME,2162563,A. Laso Careaga,PG,2103560,A. Reyes Abad,SG,2610623,L. Krispin,SG,2535384,M. Bella Cabañas,SG,2790234,J. Taboada Lühers,SF,1.0,61.0,2.0,2.0,0.0,78.7,78.7,0.0
2513593,Semifinal,984791,BURGOS GRUPO DE SANTIAGO,HOME,2162563,A. Laso Careaga,PG,2103560,A. Reyes Abad,SG,2610623,L. Krispin,SG,2690845,F. Nuñez,SG,2790234,J. Taboada Lühers,SF,2.5,147.0,5.0,8.0,-3.0,81.6,130.6,-49.0
2513593,Semifinal,984791,BURGOS GRUPO DE SANTIAGO,HOME,2162563,A. Laso Careaga,PG,2535384,M. Bella Cabañas,SG,2790234,J. Taboada Lühers,SF,2045029,D. Rodriguez Ramos,PF,2436134,A. Traore,C,0.6,32.0,2.0,0.0,2.0,150.0,0.0,150.0
2513593,Semifinal,984791,BURGOS GRUPO DE SANTIAGO,HOME,2162563,A. Laso Careaga,PG,2661261,R. Rodriguez,PG,2103560,A. Reyes Abad,SG,2535384,M. Bella Cabañas,SG,2610623,L. Krispin,SG,1.8,107.0,2.0,4.0,-2.0,44.9,89.7,-44.9
2513593,Semifinal,984791,BURGOS GRUPO DE SANTIAGO,HOME,2162563,A. Laso Careaga,PG,2661261,R. Rodriguez,PG,2103560,A. Reyes Abad,SG,2610623,L. Krispin,SG,2690845,F. Nuñez,SG,3.1,190.0,8.0,5.0,3.0,101.1,63.2,37.9
2513593,Semifinal,984791,BURGOS GRUPO DE SANTIAGO,HOME,2162563,A. Laso Careaga,PG,2661261,R. Rodriguez,PG,2103560,A. Reyes Abad,SG,2610623,L. Krispin,SG,2790234,J. Taboada Lühers,SF,0.5,28.0,0.0,0.0,0.0,0.0,0.0,0.0
2513593,Semifinal,984791,BURGOS GRUPO DE SANTIAGO,HOME,2162563,A. Laso Careaga,PG,2661261,R. Rodriguez,PG,2535384,M. Bella Cabañas,SG,2610623,L. Krispin,SG,2045029,D. Rodriguez Ramos,PF,1.5,91.0,0.0,5.0,-5.0,0.0,131.9,-131.9
2513593,Semifinal,984791,BURGOS GRUPO DE SANTIAGO,HOME,2162563,A. Laso Careaga,PG,2661261,R. Rodriguez,PG,2535384,M. Bella Cabañas,SG,2610623,L. Krispin,SG,2790234,J. Taboada Lühers,SF,3.2,192.0,4.0,5.0,-1.0,50.0,62.5,-12.5
2513593,Semifinal,984791,BURGOS GRUPO DE SANTIAGO,HOME,2220551,M. Garcia Varona,SG,2610623,L. Krispin,SG,2045029,D. Rodriguez Ramos,PF,2300932,S. Martin Diez,PF,2210291,E. Franco Sanz,C,2.7,170.0,2.0,9.0,-7.0,28.2,127.1,-98.8
2513593,Semifinal,984791,BURGOS GRUPO DE SANTIAGO,HOME,2535384,M. Bella Cabañas,SG,2610623,L. Krispin,SG,2790234,J. Taboada Lühers,SF,2045029,D. Rodriguez Ramos,PF,2436134,A. Traore,C,3.4,206.0,9.0,15.0,-6.0,104.9,174.8,-69.9
2513593,Semifinal,984791,BURGOS GRUPO DE SANTIAGO,HOME,2661261,R. Rodriguez,PG,2103560,A. Reyes Abad,SG,2535384,M. Bella Cabañas,SG,2610623,L. Krispin,SG,2790234,J. Taboada Lühers,SF,1.7,102.0,5.0,0.0,5.0,117.6,0.0,117.6
2513593,Semifinal,984791,BURGOS GRUPO DE SANTIAGO,HOME,2661261,R. Rodriguez,PG,2103560,A. Reyes Abad,SG,2610623,L. Krispin,SG,2690845,F. Nuñez,SG,2436134,A. Traore,C,1.7,102.0,2.0,6.0,-4.0,47.1,141.2,-94.1
2513593,Semifinal,984791,BURGOS GRUPO DE SANTIAGO,HOME,2661261,R. Rodriguez,PG,2103560,A. Reyes Abad,SG,2610623,L. Krispin,SG,2690845,F. Nuñez,SG,2790234,J. Taboada Lühers,SF,1.0,59.0,0.0,4.0,-4.0,0.0,162.7,-162.7
2513593,Semifinal,984791,BURGOS GRUPO DE SANTIAGO,HOME,2661261,R. Rodriguez,PG,2535384,M. Bella Cabañas,SG,2610623,L. Krispin,SG,2690845,F. Nuñez,SG,2045029,D. Rodriguez Ramos,PF,2.0,122.0,7.0,4.0,3.0,137.7,78.7,59.0
2513593,Semifinal,984791,BURGOS GRUPO DE SANTIAGO,HOME,2661261,R. Rodriguez,PG,2610623,L. Krispin,SG,2690845,F. Nuñez,SG,2790234,J. Taboada Lühers,SF,2045029,D. Rodriguez Ramos,PF,2.6,159.0,9.0,6.0,3.0,135.8,90.6,45.3
2513593,Semifinal,984791,BURGOS GRUPO DE SANTIAGO,HOME,2661261,R. Rodriguez,PG,2690845,F. Nuñez,SG,2790234,J. Taboada Lühers,SF,2045029,D. Rodriguez Ramos,PF,2436134,A. Traore,C,6.0,359.0,12.0,20.0,-8.0,80.2,133.7,-53.5
2513593,Semifinal,984792,REAL MADRID,AWAY,2094410,H. Alonso Martinez,PG,2662049,A. Bjelic,SG,2480762,G. Grinvalds,SF,2817763,E. Amosov,SF,2679004,O. Diarra,C,7.7,459.0,19.0,11.0,8.0,99.3,57.5,41.8
2513593,Semifinal,984792,REAL MADRID,AWAY,2645392,O. Kutluay,PG,2094410,H. Alonso Martinez,PG,2227587,G. Tavier Montoya,SF,2480762,G. Grinvalds,SF,2286044,I. Ruperez Nuñez-Morgades,C,2.1,129.0,5.0,2.0,3.0,93.0,37.2,55.8
2513593,Semifinal,984792,REAL MADRID,AWAY,2645392,O. Kutluay,PG,2094410,H. Alonso Martinez,PG,2662049,A. Bjelic,SG,2029762,D. Krohnert Moto,SF,2480762,G. Grinvalds,SF,0.5,31.0,0.0,3.0,-3.0,0.0,232.3,-232.3
2513593,Semifinal,984792,REAL MADRID,AWAY,2645392,O. Kutluay,PG,2094410,H. Alonso Martinez,PG,2662049,A. Bjelic,SG,2480762,G. Grinvalds,SF,2817763,E. Amosov,SF,3.0,183.0,8.0,9.0,-1.0,104.9,118.0,-13.1
2513593,Semifinal,984792,REAL MADRID,AWAY,2645392,O. Kutluay,PG,2735493,F. Kayser,PG,2094410,H. Alonso Martinez,PG,2227587,G. Tavier Montoya,SF,2480762,G. Grinvalds,SF,0.4,26.0,0.0,0.0,0.0,0.0,0.0,0.0
2513593,Semifinal,984792,REAL MADRID,AWAY,2645392,O. Kutluay,PG,2735493,F. Kayser,PG,2094410,H. Alonso Martinez,PG,2662049,A. Bjelic,SG,2029762,D. Krohnert Moto,SF,3.6,212.0,11.0,3.0,8.0,124.5,34.0,90.6
2513593,Semifinal,984792,REAL MADRID,AWAY,2645392,O. Kutluay,PG,2735493,F. Kayser,PG,2094410,H. Alonso Martinez,PG,2662049,A. Bjelic,SG,2480762,G. Grinvalds,SF,6.5,392.0,21.0,13.0,8.0,128.6,79.6,49.0
2513593,Semifinal,984792,REAL MADRID,AWAY,2735493,F. Kayser,PG,2094410,H. Alonso Martinez,PG,2029762,D. Krohnert Moto,SF,2480762,G. Grinvalds,SF,2817763,E. Amosov,SF,1.3,81.0,3.0,0.0,3.0,88.9,0.0,88.9
2513593,Semifinal,984792,REAL MADRID,AWAY,2735493,F. Kayser,PG,2094410,H. Alonso Martinez,PG,2480762,G. Grinvalds,SF,2817763,E. Amosov,SF,2679004,O. Diarra,C,11.2,672.0,30.0,28.0,2.0,107.1,100.0,7.1
2513593,Semifinal,984792,REAL MADRID,AWAY,2735493,F. Kayser,PG,2094410,H. Alonso Martinez,PG,2662049,A. Bjelic,SG,2480762,G. Grinvalds,SF,2817763,E. Amosov,SF,3.6,215.0,5.0,5.0,0.0,55.8,55.8,0.0
2509188,1,984928,BARÇA ATLÈTIC,HOME,2166517,D. Gonzalez Castro,SF,2256034,J. Cerdan Palacios,SF,2647995,M. Keita,SF,2218824,O. Filba Gonzalez,SF,2642481,M. Dabone,SF,2.6,158.0,2.0,2.0,0.0,30.4,30.4,0.0
2509188,1,984928,BARÇA ATLÈTIC,HOME,2166517,D. Gonzalez Castro,SF,2642481,M. Dabone,SF,2256034,J. Cerdan Palacios,SF,2218824,O. Filba Gonzalez,SF,2561463,D. Ferreras Camarero,SF,1.9,112.0,2.0,5.0,-3.0,42.9,107.1,-64.3
2509188,1,984928,BARÇA ATLÈTIC,HOME,2166517,D. Gonzalez Castro,SF,2642481,M. Dabone,SF,2256034,J. Cerdan Palacios,SF,2218824,O. Filba Gonzalez,SF,2641337,J. Boumtje Boumtje,SF,1.6,95.0,5.0,2.0,3.0,126.3,50.5,75.8
2509188,1,984928,BARÇA ATLÈTIC,HOME,2166517,D. Gonzalez Castro,SF,2642481,M. Dabone,SF,2647995,M. Keita,SF,2218824,O. Filba Gonzalez,SF,2641337,J. Boumtje Boumtje,SF,1.0,62.0,2.0,0.0,2.0,77.4,0.0,77.4
2509188,1,984928,BARÇA ATLÈTIC,HOME,2166517,D. Gonzalez Castro,SF,2642481,M. Dabone,SF,2647995,M. Keita,SF,2256034,J. Cerdan Palacios,SF,2218824,O. Filba Gonzalez,SF,2.5,149.0,4.0,5.0,-1.0,64.4,80.5,-16.1
2509188,1,984928,BARÇA ATLÈTIC,HOME,2166517,D. Gonzalez Castro,SF,2642482,A. Kone,SF,2647995,M. Keita,SF,2218824,O. Filba Gonzalez,SF,2561463,D. Ferreras Camarero,SF,4.3,257.0,13.0,5.0,8.0,121.4,46.7,74.7
2509188,1,984928,BARÇA ATLÈTIC,HOME,2166517,D. Gonzalez Castro,SF,2642482,A. Kone,SF,2647995,M. Keita,SF,2256034,J. Cerdan Palacios,SF,2218824,O. Filba Gonzalez,SF,4.2,249.0,11.0,2.0,9.0,106.0,19.3,86.7
2509188,1,984928,BARÇA ATLÈTIC,HOME,2166517,D. Gonzalez Castro,SF,2642482,A. Kone,SF,2647995,M. Keita,SF,2561463,D. Ferreras Camarero,SF,2082056,N. Poza Cervantes,SF,1.9,114.0,4.0,2.0,2.0,84.2,42.1,42.1
2509188,1,984928,BARÇA ATLÈTIC,HOME,2256034,J. Cerdan Palacios,SF,2641337,J. Boumtje Boumtje,SF,2642481,M. Dabone,SF,2082056,N. Poza Cervantes,SF,2642172,J. Siftar,SF,3.9,233.0,2.0,2.0,0.0,20.6,20.6,0.0
2509188,1,984928,BARÇA ATLÈTIC,HOME,2641337,J. Boumtje Boumtje,SF,2642481,M. Dabone,SF,2561463,D. Ferreras Camarero,SF,2082056,N. Poza Cervantes,SF,2642172,J. Siftar,SF,1.4,85.0,7.0,2.0,5.0,197.6,56.5,141.2
2509188,1,984928,BARÇA ATLÈTIC,HOME,2642481,M. Dabone,SF,2256034,J. Cerdan Palacios,SF,2641337,J. Boumtje Boumtje,SF,2082056,N. Poza Cervantes,SF,2642172,J. Siftar,SF,1.6,97.0,7.0,1.0,6.0,173.2,24.7,148.5
2509188,1,984928,BARÇA ATLÈTIC,HOME,2642481,M. Dabone,SF,2561463,D. Ferreras Camarero,SF,2641337,J. Boumtje Boumtje,SF,2082056,N. Poza Cervantes,SF,2642172,J. Siftar,SF,3.7,222.0,4.0,5.0,-1.0,43.2,54.1,-10.8
2509188,1,984928,BARÇA ATLÈTIC,HOME,2642481,M. Dabone,SF,2647995,M. Keita,SF,2561463,D. Ferreras Camarero,SF,2082056,N. Poza Cervantes,SF,2642172,J. Siftar,SF,0.2,15.0,0.0,1.0,-1.0,0.0,160.0,-160.0
2509188,1,984928,BARÇA ATLÈTIC,HOME,2642481,M. Dabone,SF,2647995,M. Keita,SF,2641337,J. Boumtje Boumtje,SF,2082056,N. Poza Cervantes,SF,2642172,J. Siftar,SF,1.8,109.0,5.0,3.0,2.0,110.1,66.1,44.0
2509188,1,984928,BARÇA ATLÈTIC,HOME,2642482,A. Kone,SF,2256034,J. Cerdan Palacios,SF,2641337,J. Boumtje Boumtje,SF,2082056,N. Poza Cervantes,SF,2642172,J. Siftar,SF,1.8,108.0,4.0,6.0,-2.0,88.9,133.3,-44.4
2509188,1,984928,BARÇA ATLÈTIC,HOME,2642482,A. Kone,SF,2647995,M. Keita,SF,2256034,J. Cerdan Palacios,SF,2082056,N. Poza Cervantes,SF,2642172,J. Siftar,SF,1.5,91.0,4.0,0.0,4.0,105.5,0.0,105.5
2509188,1,984928,BARÇA ATLÈTIC,HOME,2642482,A. Kone,SF,2647995,M. Keita,SF,2561463,D. Ferreras Camarero,SF,2082056,N. Poza Cervantes,SF,2642172,J. Siftar,SF,4.1,244.0,16.0,0.0,16.0,157.4,0.0,157.4
2509188,1,984929,JOVENTUT BADALONA,AWAY,1943849,F. Mauri Guillen,SF,2023675,A. Torres De La Torre,SF,2081709,E. Del Castillo Lindo,SF,2641899,G. Graae Barbosa,SF,2243143,T. Thomas I García,SF,5.3,318.0,4.0,9.0,-5.0,30.2,67.9,-37.7
2509188,1,984929,JOVENTUT BADALONA,AWAY,1943849,F. Mauri Guillen,SF,2023675,A. Torres De La Torre,SF,2452873,M. Gil Llimona,SF,2081709,E. Del Castillo Lindo,SF,2845979,M. Buben,SF,1.8,109.0,3.0,5.0,-2.0,66.1,110.1,-44.0
2509188,1,984929,JOVENTUT BADALONA,AWAY,1943849,F. Mauri Guillen,SF,2081709,E. Del Castillo Lindo,SF,2641899,G. Graae Barbosa,SF,2845979,M. Buben,SF,2528952,D. Niebla Santos,SF,5.8,351.0,8.0,8.0,0.0,54.7,54.7,0.0
2509188,1,984929,JOVENTUT BADALONA,AWAY,2023675,A. Torres De La Torre,SF,2452873,M. Gil Llimona,SF,2081709,E. Del Castillo Lindo,SF,2641899,G. Graae Barbosa,SF,2243143,T. Thomas I García,SF,1.9,116.0,2.0,2.0,0.0,41.4,41.4,0.0
2509188,1,984929,JOVENTUT BADALONA,AWAY,2023675,A. Torres De La Torre,SF,2452873,M. Gil Llimona,SF,2081709,E. Del Castillo Lindo,SF,2845979,M. Buben,SF,2241509,H. Ruiz Zamorano,SF,2.9,174.0,0.0,6.0,-6.0,0.0,82.8,-82.8
2509188,1,984929,JOVENTUT BADALONA,AWAY,2081017,M. Julia Del Pozo,SF,1943849,F. Mauri Guillen,SF,2023675,A. Torres De La Torre,SF,2081709,E. Del Castillo Lindo,SF,2641899,G. Graae Barbosa,SF,2.8,170.0,7.0,6.0,1.0,98.8,84.7,14.1
2509188,1,984929,JOVENTUT BADALONA,AWAY,2081017,M. Julia Del Pozo,SF,1943849,F. Mauri Guillen,SF,2023675,A. Torres De La Torre,SF,2081709,E. Del Castillo Lindo,SF,2845979,M. Buben,SF,0.6,35.0,0.0,5.0,-5.0,0.0,342.9,-342.9
2509188,1,984929,JOVENTUT BADALONA,AWAY,2081017,M. Julia Del Pozo,SF,1943849,F. Mauri Guillen,SF,2081709,E. Del Castillo Lindo,SF,2641899,G. Graae Barbosa,SF,2243143,T. Thomas I García,SF,1.5,91.0,0.0,4.0,-4.0,0.0,105.5,-105.5
2509188,1,984929,JOVENTUT BADALONA,AWAY,2081017,M. Julia Del Pozo,SF,2023675,A. Torres De La Torre,SF,2081709,E. Del Castillo Lindo,SF,2243143,T. Thomas I García,SF,2241509,H. Ruiz Zamorano,SF,1.4,83.0,0.0,4.0,-4.0,0.0,115.7,-115.7
2509188,1,984929,JOVENTUT BADALONA,AWAY,2081017,M. Julia Del Pozo,SF,2023675,A. Torres De La Torre,SF,2081709,E. Del Castillo Lindo,SF,2641899,G. Graae Barbosa,SF,2845979,M. Buben,SF,2.8,166.0,2.0,7.0,-5.0,28.9,101.2,-72.3
2509188,1,984929,JOVENTUT BADALONA,AWAY,2081017,M. Julia Del Pozo,SF,2081709,E. Del Castillo Lindo,SF,2243143,T. Thomas I García,SF,2535717,K. Macías Book,SF,2453512,P. Batlle Sole,SF,0.7,43.0,0.0,3.0,-3.0,0.0,167.4,-167.4
2509188,1,984929,JOVENTUT BADALONA,AWAY,2452873,M. Gil Llimona,SF,2023675,A. Torres De La Torre,SF,2081709,E. Del Castillo Lindo,SF,2243143,T. Thomas I García,SF,2241509,H. Ruiz Zamorano,SF,4.1,244.0,7.0,9.0,-2.0,68.9,88.5,-19.7
2509188,1,984929,JOVENTUT BADALONA,AWAY,2452873,M. Gil Llimona,SF,2081709,E. Del Castillo Lindo,SF,2243143,T. Thomas I García,SF,2241509,H. Ruiz Zamorano,SF,2535717,K. Macías Book,SF,0.3,18.0,3.0,0.0,3.0,400.0,0.0,400.0
2509188,1,984929,JOVENTUT BADALONA,AWAY,2452873,M. Gil Llimona,SF,2081709,E. Del Castillo Lindo,SF,2243143,T. Thomas I García,SF,2535717,K. Macías Book,SF,2453512,P. Batlle Sole,SF,5.0,295.0,2.0,15.0,-13.0,16.3,122.0,-105.8
2509188,1,984929,JOVENTUT BADALONA,AWAY,2452873,M. Gil Llimona,SF,2081709,E. Del Castillo Lindo,SF,2845979,M. Buben,SF,2241509,H. Ruiz Zamorano,SF,2535717,K. Macías Book,SF,3.1,187.0,5.0,9.0,-4.0,64.2,115.5,-51.3
2509189,1,984923,GRAN CANARIA,HOME,2441048,E. Heinonen,SF,2044256,J. Arteaga Giner,SF,2760153,C. Mbengue,SF,2651631,M. Miteo,SF,2087418,G. Baez Pierson,SF,2.6,160.0,8.0,2.0,6.0,120.0,30.0,90.0
2509189,1,984923,GRAN CANARIA,HOME,2441048,E. Heinonen,SF,2177916,P. Pasqua Amat,SF,2760153,C. Mbengue,SF,2651631,M. Miteo,SF,2087418,G. Baez Pierson,SF,2.9,172.0,3.0,8.0,-5.0,41.9,111.6,-69.8
2509189,1,984923,GRAN CANARIA,HOME,2441048,E. Heinonen,SF,2834161,W. Tsafack,SF,1885980,F. Díaz Herrera,SF,2044256,J. Arteaga Giner,SF,2177916,P. Pasqua Amat,SF,2.8,171.0,1.0,10.0,-9.0,14.0,140.4,-126.3
2509189,1,984923,GRAN CANARIA,HOME,2441048,E. Heinonen,SF,2834161,W. Tsafack,SF,1885980,F. Díaz Herrera,SF,2044256,J. Arteaga Giner,SF,2563387,M. Coulibaly,SF,3.0,173.0,4.0,4.0,0.0,55.5,55.5,0.0
2509189,1,984923,GRAN CANARIA,HOME,2441048,E. Heinonen,SF,2834161,W. Tsafack,SF,1885980,F. Díaz Herrera,SF,2044256,J. Arteaga Giner,SF,2651631,M. Miteo,SF,2.2,129.0,4.0,2.0,2.0,74.4,37.2,37.2
2509189,1,984923,GRAN CANARIA,HOME,2441048,E. Heinonen,SF,2834161,W. Tsafack,SF,2044256,J. Arteaga Giner,SF,1885980,F. Díaz Herrera,SF,2087418,G. Baez Pierson,SF,4.1,246.0,14.0,4.0,10.0,136.6,39.0,97.6
2509189,1,984923,GRAN CANARIA,HOME,2441048,E. Heinonen,SF,2834161,W. Tsafack,SF,2279529,H. Díaz Guillén,SF,2044256,J. Arteaga Giner,SF,2087418,G. Baez Pierson,SF,0.1,5.0,0.0,0.0,0.0,0.0,0.0,0.0
2509189,1,984923,GRAN CANARIA,HOME,2441048,E. Heinonen,SF,2834161,W. Tsafack,SF,2279529,H. Díaz Guillén,SF,2044256,J. Arteaga Giner,SF,2563387,M. Coulibaly,SF,0.1,5.0,0.0,0.0,0.0,0.0,0.0,0.0
2509189,1,984923,GRAN CANARIA,HOME,2441048,E. Heinonen,SF,2834161,W. Tsafack,SF,2827856,B. González Ramírez,SF,2044256,J. Arteaga Giner,SF,1885980,F. Díaz Herrera,SF,1.6,101.0,4.0,4.0,0.0,95.0,95.0,0.0
2509189,1,984923,GRAN CANARIA,HOME,2441048,E. Heinonen,SF,2834161,W. Tsafack,SF,2827856,B. González Ramírez,SF,2044256,J. Arteaga Giner,SF,2177916,P. Pasqua Amat,SF,7.4,446.0,17.0,13.0,4.0,91.5,70.0,21.5
2509189,1,984923,GRAN CANARIA,HOME,2441048,E. Heinonen,SF,2834161,W. Tsafack,SF,2827856,B. González Ramírez,SF,2044256,J. Arteaga Giner,SF,2651631,M. Miteo,SF,3.2,192.0,2.0,8.0,-6.0,25.0,100.0,-75.0
2509189,1,984923,GRAN CANARIA,HOME,2834161,W. Tsafack,SF,2441048,E. Heinonen,SF,1885980,F. Díaz Herrera,SF,2651631,M. Miteo,SF,2827856,B. González Ramírez,SF,6.9,416.0,6.0,14.0,-8.0,34.6,80.8,-46.2
2509189,1,984923,GRAN CANARIA,HOME,2834161,W. Tsafack,SF,2441048,E. Heinonen,SF,1885980,F. Díaz Herrera,SF,2760153,C. Mbengue,SF,2087418,G. Baez Pierson,SF,1.7,104.0,4.0,6.0,-2.0,92.3,138.5,-46.2
2509189,1,984923,GRAN CANARIA,HOME,2834161,W. Tsafack,SF,2441048,E. Heinonen,SF,2177916,P. Pasqua Amat,SF,2760153,C. Mbengue,SF,2087418,G. Baez Pierson,SF,1.3,80.0,0.0,2.0,-2.0,0.0,60.0,-60.0
2509189,1,984926,FUNDACIÓN CB CANARIAS,AWAY,1856308,D. Acosta Moliné,SF,2044955,X. Lopez Rodriguez,SF,2444602,L. Riga,SF,2181003,R. Rodriguez Galvan,SF,2007163,D. Fernandez Trujillo,SF,1.0,62.0,0.0,3.0,-3.0,0.0,116.1,-116.1
2509189,1,984926,FUNDACIÓN CB CANARIAS,AWAY,1856308,D. Acosta Moliné,SF,2044955,X. Lopez Rodriguez,SF,2829962,D. Bordón Dri,SF,2444602,L. Riga,SF,2007163,D. Fernandez Trujillo,SF,3.2,195.0,7.0,1.0,6.0,86.2,12.3,73.8
2509189,1,984926,FUNDACIÓN CB CANARIAS,AWAY,1856308,D. Acosta Moliné,SF,2044955,X. Lopez Rodriguez,SF,2829962,D. Bordón Dri,SF,2444602,L. Riga,SF,2181003,R. Rodriguez Galvan,SF,3.3,197.0,8.0,2.0,6.0,97.5,24.4,73.1
2509189,1,984926,FUNDACIÓN CB CANARIAS,AWAY,1856308,D. Acosta Moliné,SF,2137337,A. Perez Lopez,SF,2007163,D. Fernandez Trujillo,SF,2129281,G. Hernández Expósito,SF,2470375,M. Sangare,SF,1.5,88.0,1.0,8.0,-7.0,27.3,218.2,-190.9
2509189,1,984926,FUNDACIÓN CB CANARIAS,AWAY,1856308,D. Acosta Moliné,SF,2829962,D. Bordón Dri,SF,2044955,X. Lopez Rodriguez,SF,2007163,D. Fernandez Trujillo,SF,2470375,M. Sangare,SF,1.4,87.0,3.0,3.0,0.0,82.8,82.8,0.0
2509189,1,984926,FUNDACIÓN CB CANARIAS,AWAY,1856308,D. Acosta Moliné,SF,2829962,D. Bordón Dri,SF,2044955,X. Lopez Rodriguez,SF,2181003,R. Rodriguez Galvan,SF,2470375,M. Sangare,SF,2.6,157.0,2.0,7.0,-5.0,30.6,107.0,-76.4
2509189,1,984926,FUNDACIÓN CB CANARIAS,AWAY,2362551,E. Lima Teixeira,SF,1856308,D. Acosta Moliné,SF,2044955,X. Lopez Rodriguez,SF,2181003,R. Rodriguez Galvan,SF,2007163,D. Fernandez Trujillo,SF,0.4,24.0,0.0,0.0,0.0,0.0,0.0,0.0
2509189,1,984926,FUNDACIÓN CB CANARIAS,AWAY,2362551,E. Lima Teixeira,SF,1856308,D. Acosta Moliné,SF,2044955,X. Lopez Rodriguez,SF,2829962,D. Bordón Dri,SF,2181003,R. Rodriguez Galvan,SF,0.6,33.0,0.0,2.0,-2.0,0.0,145.5,-145.5
2509189,1,984926,FUNDACIÓN CB CANARIAS,AWAY,2362551,E. Lima Teixeira,SF,1856308,D. Acosta Moliné,SF,2044955,X. Lopez Rodriguez,SF,2829962,D. Bordón Dri,SF,2444602,L. Riga,SF,1.9,112.0,4.0,0.0,4.0,85.7,0.0,85.7
2509189,1,984926,FUNDACIÓN CB CANARIAS,AWAY,2362551,E. Lima Teixeira,SF,2829962,D. Bordón Dri,SF,1856308,D. Acosta Moliné,SF,2181003,R. Rodriguez Galvan,SF,2007163,D. Fernandez Trujillo,SF,0.4,25.0,2.0,0.0,2.0,192.0,0.0,192.0
2509189,1,984926,FUNDACIÓN CB CANARIAS,AWAY,2362551,E. Lima Teixeira,SF,2829962,D. Bordón Dri,SF,1856308,D. Acosta Moliné,SF,2181003,R. Rodriguez Galvan,SF,2470375,M. Sangare,SF,2.2,135.0,6.0,4.0,2.0,106.7,71.1,35.6
2509189,1,984926,FUNDACIÓN CB CANARIAS,AWAY,2734732,E. Prekevicius,SF,1856308,D. Acosta Moliné,SF,2044955,X. Lopez Rodriguez,SF,2444602,L. Riga,SF,2181003,R. Rodriguez Galvan,SF,2.1,126.0,0.0,2.0,-2.0,0.0,38.1,-38.1
2509189,1,984926,FUNDACIÓN CB CANARIAS,AWAY,2734732,E. Prekevicius,SF,1856308,D. Acosta Moliné,SF,2044955,X. Lopez Rodriguez,SF,2829962,D. Bordón Dri,SF,2444602,L. Riga,SF,2.2,133.0,6.0,8.0,-2.0,108.3,144.4,-36.1
2509189,1,984926,FUNDACIÓN CB CANARIAS,AWAY,2734732,E. Prekevicius,SF,1856308,D. Acosta Moliné,SF,2829962,D. Bordón Dri,SF,2181003,R. Rodriguez Galvan,SF,2470375,M. Sangare,SF,1.6,102.0,7.0,0.0,7.0,164.7,0.0,164.7
2509189,1,984926,FUNDACIÓN CB CANARIAS,AWAY,2734732,E. Prekevicius,SF,1856308,D. Acosta Moliné,SF,2829962,D. Bordón Dri,SF,2444602,L. Riga,SF,2181003,R. Rodriguez Galvan,SF,2.8,166.0,5.0,7.0,-2.0,72.3,101.2,-28.9
2509189,1,984926,FUNDACIÓN CB CANARIAS,AWAY,2734732,E. Prekevicius,SF,2064159,M. Crujeiras Moreiras,SF,1856308,D. Acosta Moliné,SF,2829962,D. Bordón Dri,SF,2181003,R. Rodriguez Galvan,SF,1.4,81.0,2.0,4.0,-2.0,59.3,118.5,-59.3
2509189,1,984926,FUNDACIÓN CB CANARIAS,AWAY,2734732,E. Prekevicius,SF,2362551,E. Lima Teixeira,SF,1856308,D. Acosta Moliné,SF,2044955,X. Lopez Rodriguez,SF,2444602,L. Riga,SF,0.0,1.0,0.0,2.0,-2.0,0.0,4800.0,-4800.0
2509189,1,984926,FUNDACIÓN CB CANARIAS,AWAY,2734732,E. Prekevicius,SF,2362551,E. Lima Teixeira,SF,1856308,D. Acosta Moliné,SF,2829962,D. Bordón Dri,SF,2181003,R. Rodriguez Galvan,SF,0.7,37.0,0.0,2.0,-2.0,0.0,129.7,-129.7
2509189,1,984926,FUNDACIÓN CB CANARIAS,AWAY,2829962,D. Bordón Dri,SF,1856308,D. Acosta Moliné,SF,2044955,X. Lopez Rodriguez,SF,2181003,R. Rodriguez Galvan,SF,2470375,M. Sangare,SF,6.9,416.0,14.0,6.0,8.0,80.8,34.6,46.2
2509189,1,984926,FUNDACIÓN CB CANARIAS,AWAY,2829962,D. Bordón Dri,SF,1856308,D. Acosta Moliné,SF,2044955,X. Lopez Rodriguez,SF,2444602,L. Riga,SF,2007163,D. Fernandez Trujillo,SF,3.7,223.0,10.0,6.0,4.0,107.6,64.6,43.0
2509190,1,984792,REAL MADRID,AWAY,2094410,H. Alonso Martinez,SF,2679004,O. Diarra,SF,2043083,R. Rioja Achiaga,SF,2735493,F. Kayser,SF,2370180,O. Hadi Adegbite,SF,1.8,107.0,2.0,2.0,0.0,44.9,44.9,0.0
2509190,1,984792,REAL MADRID,AWAY,2094410,H. Alonso Martinez,SF,2679004,O. Diarra,SF,2227587,G. Tavier Montoya,SF,2735493,F. Kayser,SF,2286044,I. Ruperez Nuñez-Morgades,SF,0.5,27.0,0.0,0.0,0.0,0.0,0.0,0.0
2509190,1,984792,REAL MADRID,AWAY,2094410,H. Alonso Martinez,SF,2679004,O. Diarra,SF,2227587,G. Tavier Montoya,SF,2735493,F. Kayser,SF,2370180,O. Hadi Adegbite,SF,2.4,143.0,9.0,0.0,9.0,151.0,0.0,151.0
2509190,1,984792,REAL MADRID,AWAY,2094410,H. Alonso Martinez,SF,2679004,O. Diarra,SF,2227587,G. Tavier Montoya,SF,2735493,F. Kayser,SF,2662049,A. Bjelic,SF,5.0,299.0,13.0,10.0,3.0,104.3,80.3,24.1
2509190,1,984792,REAL MADRID,AWAY,2094410,H. Alonso Martinez,SF,2679004,O. Diarra,SF,2227587,G. Tavier Montoya,SF,2735493,F. Kayser,SF,2817763,E. Amosov,SF,0.7,42.0,0.0,0.0,0.0,0.0,0.0,0.0
2509190,1,984792,REAL MADRID,AWAY,2094410,H. Alonso Martinez,SF,2679004,O. Diarra,SF,2735493,F. Kayser,SF,2817763,E. Amosov,SF,2370180,O. Hadi Adegbite,SF,2.5,147.0,2.0,2.0,0.0,32.7,32.7,0.0
2509190,1,984792,REAL MADRID,AWAY,2094410,H. Alonso Martinez,SF,2679004,O. Diarra,SF,2735493,F. Kayser,SF,2817763,E. Amosov,SF,2662049,A. Bjelic,SF,2.4,141.0,8.0,7.0,1.0,136.2,119.1,17.0
2509190,1,984792,REAL MADRID,AWAY,2094410,H. Alonso Martinez,SF,2679004,O. Diarra,SF,2817763,E. Amosov,SF,2286044,I. Ruperez Nuñez-Morgades,SF,2370180,O. Hadi Adegbite,SF,0.9,56.0,3.0,0.0,3.0,128.6,0.0,128.6
2509190,1,984792,REAL MADRID,AWAY,2642414,I. Frolov,SF,2094410,H. Alonso Martinez,SF,2227587,G. Tavier Montoya,SF,2735493,F. Kayser,SF,2817763,E. Amosov,SF,0.8,47.0,0.0,0.0,0.0,0.0,0.0,0.0
2509190,1,984792,REAL MADRID,AWAY,2642414,I. Frolov,SF,2094410,H. Alonso Martinez,SF,2227587,G. Tavier Montoya,SF,2817763,E. Amosov,SF,2286044,I. Ruperez Nuñez-Morgades,SF,2.8,166.0,2.0,2.0,0.0,28.9,28.9,0.0
2509190,1,984792,REAL MADRID,AWAY,2642414,I. Frolov,SF,2094410,H. Alonso Martinez,SF,2679004,O. Diarra,SF,2735493,F. Kayser,SF,2662049,A. Bjelic,SF,4.2,253.0,10.0,9.0,1.0,94.9,85.4,9.5
2509190,1,984792,REAL MADRID,AWAY,2642414,I. Frolov,SF,2094410,H. Alonso Martinez,SF,2679004,O. Diarra,SF,2735493,F. Kayser,SF,2817763,E. Amosov,SF,0.4,25.0,3.0,0.0,3.0,288.0,0.0,288.0
2509190,1,984792,REAL MADRID,AWAY,2642414,I. Frolov,SF,2645392,O. Kutluay,SF,2094410,H. Alonso Martinez,SF,2227587,G. Tavier Montoya,SF,2817763,E. Amosov,SF,3.5,212.0,11.0,2.0,9.0,124.5,22.6,101.9
2509190,1,984792,REAL MADRID,AWAY,2642414,I. Frolov,SF,2645392,O. Kutluay,SF,2094410,H. Alonso Martinez,SF,2817763,E. Amosov,SF,2286044,I. Ruperez Nuñez-Morgades,SF,2.4,145.0,6.0,8.0,-2.0,99.3,132.4,-33.1
2509190,1,984792,REAL MADRID,AWAY,2645392,O. Kutluay,SF,2094410,H. Alonso Martinez,SF,2227587,G. Tavier Montoya,SF,2735493,F. Kayser,SF,2817763,E. Amosov,SF,1.8,108.0,2.0,2.0,0.0,44.4,44.4,0.0
2509190,1,984792,REAL MADRID,AWAY,2645392,O. Kutluay,SF,2094410,H. Alonso Martinez,SF,2227587,G. Tavier Montoya,SF,2817763,E. Amosov,SF,2662049,A. Bjelic,SF,1.6,98.0,6.0,5.0,1.0,146.9,122.4,24.5
2509190,1,984792,REAL MADRID,AWAY,2645392,O. Kutluay,SF,2094410,H. Alonso Martinez,SF,2679004,O. Diarra,SF,2043083,R. Rioja Achiaga,SF,2662049,A. Bjelic,SF,1.9,114.0,5.0,5.0,0.0,105.3,105.3,0.0
2509190,1,984792,REAL MADRID,AWAY,2645392,O. Kutluay,SF,2094410,H. Alonso Martinez,SF,2679004,O. Diarra,SF,2043083,R. Rioja Achiaga,SF,2735493,F. Kayser,SF,1.0,62.0,5.0,4.0,1.0,193.5,154.8,38.7
2509190,1,984792,REAL MADRID,AWAY,2645392,O. Kutluay,SF,2094410,H. Alonso Martinez,SF,2679004,O. Diarra,SF,2227587,G. Tavier Montoya,SF,2735493,F. Kayser,SF,1.1,70.0,5.0,5.0,0.0,171.4,171.4,0.0
2509190,1,984792,REAL MADRID,AWAY,2645392,O. Kutluay,SF,2094410,H. Alonso Martinez,SF,2679004,O. Diarra,SF,2735493,F. Kayser,SF,2817763,E. Amosov,SF,2.3,138.0,7.0,2.0,5.0,121.7,34.8,87.0
2509190,1,984930,BAXI MANRESA,HOME,1959173,M. Rosell Lanza,SF,2081670,G. Naspler Perez,SF,2153495,J. Salo Blaya,SF,2145902,F. Torreblanca Catalan,SF,2815468,S. Lederman,SF,0.4,22.0,0.0,2.0,-2.0,0.0,218.2,-218.2
2509190,1,984930,BAXI MANRESA,HOME,2080257,M. Olvera Gimenez,SF,2081670,G. Naspler Perez,SF,2153495,J. Salo Blaya,SF,2145902,F. Torreblanca Catalan,SF,2815468,S. Lederman,SF,1.6,98.0,5.0,6.0,-1.0,122.4,146.9,-24.5
2509190,1,984930,BAXI MANRESA,HOME,2080257,M. Olvera Gimenez,SF,2739297,I. Francisco,SF,2081670,G. Naspler Perez,SF,2738788,L. Bergseng,SF,2145902,F. Torreblanca Catalan,SF,2.0,118.0,0.0,2.0,-2.0,0.0,40.7,-40.7
2509190,1,984930,BAXI MANRESA,HOME,2295371,G. Ecker Alberti,SF,1959173,M. Rosell Lanza,SF,2145902,F. Torreblanca Catalan,SF,2153495,J. Salo Blaya,SF,2815468,S. Lederman,SF,0.2,12.0,0.0,0.0,0.0,0.0,0.0,0.0
2509190,1,984930,BAXI MANRESA,HOME,2295371,G. Ecker Alberti,SF,1959173,M. Rosell Lanza,SF,2145902,F. Torreblanca Catalan,SF,2738788,L. Bergseng,SF,2815468,S. Lederman,SF,0.9,53.0,0.0,4.0,-4.0,0.0,181.1,-181.1
2509190,1,984930,BAXI MANRESA,HOME,2295371,G. Ecker Alberti,SF,2739297,I. Francisco,SF,1959173,M. Rosell Lanza,SF,2145902,F. Torreblanca Catalan,SF,2153495,J. Salo Blaya,SF,4.6,280.0,3.0,13.0,-10.0,25.7,111.4,-85.7
2509190,1,984930,BAXI MANRESA,HOME,2295371,G. Ecker Alberti,SF,2739297,I. Francisco,SF,1959173,M. Rosell Lanza,SF,2153495,J. Salo Blaya,SF,2145902,F. Torreblanca Catalan,SF,1.9,114.0,5.0,5.0,0.0,105.3,105.3,0.0
2509190,1,984930,BAXI MANRESA,HOME,2334297,L. Sanchez Fernandez,SF,1959173,M. Rosell Lanza,SF,2081670,G. Naspler Perez,SF,2153495,J. Salo Blaya,SF,2815468,S. Lederman,SF,1.4,86.0,2.0,0.0,2.0,55.8,0.0,55.8
2509190,1,984930,BAXI MANRESA,HOME,2334297,L. Sanchez Fernandez,SF,1959173,M. Rosell Lanza,SF,2150510,J. Pumarola Aguilar,SF,2081670,G. Naspler Perez,SF,2153495,J. Salo Blaya,SF,0.5,32.0,3.0,3.0,0.0,225.0,225.0,0.0
2509190,1,984930,BAXI MANRESA,HOME,2334297,L. Sanchez Fernandez,SF,1959173,M. Rosell Lanza,SF,2150510,J. Pumarola Aguilar,SF,2145902,F. Torreblanca Catalan,SF,2153495,J. Salo Blaya,SF,3.0,183.0,7.0,10.0,-3.0,91.8,131.1,-39.3
2509190,1,984930,BAXI MANRESA,HOME,2334297,L. Sanchez Fernandez,SF,1959173,M. Rosell Lanza,SF,2150510,J. Pumarola Aguilar,SF,2153495,J. Salo Blaya,SF,2528977,B. Jekabsons,SF,1.3,80.0,3.0,7.0,-4.0,90.0,210.0,-120.0
2509190,1,984930,BAXI MANRESA,HOME,2334297,L. Sanchez Fernandez,SF,1959173,M. Rosell Lanza,SF,2738788,L. Bergseng,SF,2081670,G. Naspler Perez,SF,2815468,S. Lederman,SF,1.4,83.0,2.0,0.0,2.0,57.8,0.0,57.8
2509190,1,984930,BAXI MANRESA,HOME,2334297,L. Sanchez Fernandez,SF,2150510,J. Pumarola Aguilar,SF,2738788,L. Bergseng,SF,2081670,G. Naspler Perez,SF,2815468,S. Lederman,SF,2.8,169.0,8.0,6.0,2.0,113.6,85.2,28.4
2509190,1,984930,BAXI MANRESA,HOME,2334297,L. Sanchez Fernandez,SF,2295371,G. Ecker Alberti,SF,1959173,M. Rosell Lanza,SF,2153495,J. Salo Blaya,SF,2528977,B. Jekabsons,SF,2.4,141.0,7.0,8.0,-1.0,119.1,136.2,-17.0
2509190,1,984930,BAXI MANRESA,HOME,2334297,L. Sanchez Fernandez,SF,2739297,I. Francisco,SF,1959173,M. Rosell Lanza,SF,2150510,J. Pumarola Aguilar,SF,2145902,F. Torreblanca Catalan,SF,0.5,27.0,0.0,0.0,0.0,0.0,0.0,0.0
2509190,1,984930,BAXI MANRESA,HOME,2528977,B. Jekabsons,SF,2080257,M. Olvera Gimenez,SF,2739297,I. Francisco,SF,2081670,G. Naspler Perez,SF,2738788,L. Bergseng,SF,0.8,48.0,2.0,0.0,2.0,100.0,0.0,100.0
2509190,1,984930,BAXI MANRESA,HOME,2528977,B. Jekabsons,SF,2334297,L. Sanchez Fernandez,SF,1959173,M. Rosell Lanza,SF,2150510,J. Pumarola Aguilar,SF,2153495,J. Salo Blaya,SF,2.0,121.0,2.0,4.0,-2.0,39.7,79.3,-39.7
2509190,1,984930,BAXI MANRESA,HOME,2528977,B. Jekabsons,SF,2334297,L. Sanchez Fernandez,SF,1959173,M. Rosell Lanza,SF,2150510,J. Pumarola Aguilar,SF,2738788,L. Bergseng,SF,1.7,101.0,0.0,6.0,-6.0,0.0,142.6,-142.6
2509190,1,984930,BAXI MANRESA,HOME,2528977,B. Jekabsons,SF,2334297,L. Sanchez Fernandez,SF,2150510,J. Pumarola Aguilar,SF,2081670,G. Naspler Perez,SF,2738788,L. Bergseng,SF,0.8,46.0,2.0,0.0,2.0,104.3,0.0,104.3
2509190,1,984930,BAXI MANRESA,HOME,2528977,B. Jekabsons,SF,2334297,L. Sanchez Fernandez,SF,2150510,J. Pumarola Aguilar,SF,2738788,L. Bergseng,SF,2081670,G. Naspler Perez,SF,2.1,125.0,0.0,5.0,-5.0,0.0,96.0,-96.0
2509190,1,984930,BAXI MANRESA,HOME,2528977,B. Jekabsons,SF,2739297,I. Francisco,SF,1959173,M. Rosell Lanza,SF,2150510,J. Pumarola Aguilar,SF,2738788,L. Bergseng,SF,1.6,96.0,2.0,6.0,-4.0,50.0,150.0,-100.0
2509190,1,984930,BAXI MANRESA,HOME,2528977,B. Jekabsons,SF,2739297,I. Francisco,SF,1959173,M. Rosell Lanza,SF,2153495,J. Salo Blaya,SF,2081670,G. Naspler Perez,SF,0.4,23.0,0.0,2.0,-2.0,0.0,208.7,-208.7
2509190,1,984930,BAXI MANRESA,HOME,2528977,B. Jekabsons,SF,2739297,I. Francisco,SF,1959173,M. Rosell Lanza,SF,2153495,J. Salo Blaya,SF,2145902,F. Torreblanca Catalan,SF,2.8,169.0,6.0,7.0,-1.0,85.2,99.4,-14.2
2509190,1,984930,BAXI MANRESA,HOME,2739297,I. Francisco,SF,1959173,M. Rosell Lanza,SF,2150510,J. Pumarola Aguilar,SF,2145902,F. Torreblanca Catalan,SF,2738788,L. Bergseng,SF,0.8,47.0,6.0,0.0,6.0,306.4,0.0,306.4
2509190,1,984930,BAXI MANRESA,HOME,2739297,I. Francisco,SF,2150510,J. Pumarola Aguilar,SF,2145902,F. Torreblanca Catalan,SF,2738788,L. Bergseng,SF,2081670,G. Naspler Perez,SF,2.1,126.0,0.0,3.0,-3.0,0.0,57.1,-57.1
2509191,1,984791,BURGOS GRUPO DE SANTIAGO,HOME,2535384,M. Bella Cabañas,SF,2790234,J. Taboada Lühers,SF,2661261,R. Rodriguez,SF,2103560,A. Reyes Abad,SF,2436134,A. Traore,SF,3.4,206.0,7.0,3.0,4.0,81.6,35.0,46.6
2509191,1,984791,BURGOS GRUPO DE SANTIAGO,HOME,2610623,L. Krispin,SF,2162563,A. Laso Careaga,SF,2045029,D. Rodriguez Ramos,SF,2210291,E. Franco Sanz,SF,2690845,F. Nuñez,SF,3.1,190.0,9.0,8.0,1.0,113.7,101.1,12.6
2509191,1,984791,BURGOS GRUPO DE SANTIAGO,HOME,2610623,L. Krispin,SF,2162563,A. Laso Careaga,SF,2661261,R. Rodriguez,SF,2045029,D. Rodriguez Ramos,SF,2210291,E. Franco Sanz,SF,1.8,111.0,2.0,2.0,0.0,43.2,43.2,0.0
2509191,1,984791,BURGOS GRUPO DE SANTIAGO,HOME,2610623,L. Krispin,SF,2162563,A. Laso Careaga,SF,2661261,R. Rodriguez,SF,2045029,D. Rodriguez Ramos,SF,2436134,A. Traore,SF,2.2,136.0,8.0,4.0,4.0,141.2,70.6,70.6
2509191,1,984791,BURGOS GRUPO DE SANTIAGO,HOME,2610623,L. Krispin,SF,2162563,A. Laso Careaga,SF,2661261,R. Rodriguez,SF,2103560,A. Reyes Abad,SF,2436134,A. Traore,SF,1.9,111.0,4.0,3.0,1.0,86.5,64.9,21.6
2509191,1,984791,BURGOS GRUPO DE SANTIAGO,HOME,2610623,L. Krispin,SF,2162563,A. Laso Careaga,SF,2661261,R. Rodriguez,SF,2790234,J. Taboada Lühers,SF,2103560,A. Reyes Abad,SF,0.1,7.0,0.0,0.0,0.0,0.0,0.0,0.0
2509191,1,984791,BURGOS GRUPO DE SANTIAGO,HOME,2610623,L. Krispin,SF,2535384,M. Bella Cabañas,SF,2045029,D. Rodriguez Ramos,SF,2210291,E. Franco Sanz,SF,2690845,F. Nuñez,SF,0.8,47.0,3.0,3.0,0.0,153.2,153.2,0.0
2509191,1,984791,BURGOS GRUPO DE SANTIAGO,HOME,2610623,L. Krispin,SF,2535384,M. Bella Cabañas,SF,2045029,D. Rodriguez Ramos,SF,2436134,A. Traore,SF,2690845,F. Nuñez,SF,0.7,43.0,1.0,4.0,-3.0,55.8,223.3,-167.4
2509191,1,984791,BURGOS GRUPO DE SANTIAGO,HOME,2610623,L. Krispin,SF,2535384,M. Bella Cabañas,SF,2162563,A. Laso Careaga,SF,2103560,A. Reyes Abad,SF,2436134,A. Traore,SF,0.6,37.0,2.0,2.0,0.0,129.7,129.7,0.0
2509191,1,984791,BURGOS GRUPO DE SANTIAGO,HOME,2610623,L. Krispin,SF,2535384,M. Bella Cabañas,SF,2162563,A. Laso Careaga,SF,2661261,R. Rodriguez,SF,2045029,D. Rodriguez Ramos,SF,1.1,64.0,4.0,2.0,2.0,150.0,75.0,75.0
2509191,1,984791,BURGOS GRUPO DE SANTIAGO,HOME,2610623,L. Krispin,SF,2535384,M. Bella Cabañas,SF,2162563,A. Laso Careaga,SF,2661261,R. Rodriguez,SF,2103560,A. Reyes Abad,SF,0.3,21.0,0.0,0.0,0.0,0.0,0.0,0.0
2509191,1,984791,BURGOS GRUPO DE SANTIAGO,HOME,2610623,L. Krispin,SF,2535384,M. Bella Cabañas,SF,2162563,A. Laso Careaga,SF,2790234,J. Taboada Lühers,SF,2045029,D. Rodriguez Ramos,SF,0.9,54.0,3.0,2.0,1.0,133.3,88.9,44.4
2509191,1,984791,BURGOS GRUPO DE SANTIAGO,HOME,2610623,L. Krispin,SF,2535384,M. Bella Cabañas,SF,2162563,A. Laso Careaga,SF,2790234,J. Taboada Lühers,SF,2103560,A. Reyes Abad,SF,5.2,313.0,7.0,9.0,-2.0,53.7,69.0,-15.3
2509191,1,984791,BURGOS GRUPO DE SANTIAGO,HOME,2610623,L. Krispin,SF,2535384,M. Bella Cabañas,SF,2661261,R. Rodriguez,SF,2045029,D. Rodriguez Ramos,SF,2690845,F. Nuñez,SF,0.8,51.0,3.0,0.0,3.0,141.2,0.0,141.2
2509191,1,984791,BURGOS GRUPO DE SANTIAGO,HOME,2610623,L. Krispin,SF,2535384,M. Bella Cabañas,SF,2661261,R. Rodriguez,SF,2103560,A. Reyes Abad,SF,2436134,A. Traore,SF,2.0,123.0,4.0,2.0,2.0,78.0,39.0,39.0
2509191,1,984791,BURGOS GRUPO DE SANTIAGO,HOME,2610623,L. Krispin,SF,2535384,M. Bella Cabañas,SF,2661261,R. Rodriguez,SF,2436134,A. Traore,SF,2690845,F. Nuñez,SF,0.4,22.0,0.0,3.0,-3.0,0.0,327.3,-327.3
2509191,1,984791,BURGOS GRUPO DE SANTIAGO,HOME,2610623,L. Krispin,SF,2535384,M. Bella Cabañas,SF,2661261,R. Rodriguez,SF,2790234,J. Taboada Lühers,SF,2103560,A. Reyes Abad,SF,0.7,42.0,1.0,2.0,-1.0,57.1,114.3,-57.1
2509191,1,984791,BURGOS GRUPO DE SANTIAGO,HOME,2610623,L. Krispin,SF,2535384,M. Bella Cabañas,SF,2790234,J. Taboada Lühers,SF,2162563,A. Laso Careaga,SF,2436134,A. Traore,SF,2.0,119.0,5.0,5.0,0.0,100.8,100.8,0.0
2509191,1,984791,BURGOS GRUPO DE SANTIAGO,HOME,2610623,L. Krispin,SF,2535384,M. Bella Cabañas,SF,2790234,J. Taboada Lühers,SF,2661261,R. Rodriguez,SF,2103560,A. Reyes Abad,SF,0.4,22.0,2.0,0.0,2.0,218.2,0.0,218.2
2509191,1,984791,BURGOS GRUPO DE SANTIAGO,HOME,2610623,L. Krispin,SF,2535384,M. Bella Cabañas,SF,2790234,J. Taboada Lühers,SF,2661261,R. Rodriguez,SF,2436134,A. Traore,SF,0.3,19.0,0.0,0.0,0.0,0.0,0.0,0.0
2509191,1,984791,BURGOS GRUPO DE SANTIAGO,HOME,2610623,L. Krispin,SF,2661261,R. Rodriguez,SF,2103560,A. Reyes Abad,SF,2436134,A. Traore,SF,2690845,F. Nuñez,SF,2.2,130.0,3.0,7.0,-4.0,55.4,129.2,-73.8
2509191,1,984791,BURGOS GRUPO DE SANTIAGO,HOME,2610623,L. Krispin,SF,2790234,J. Taboada Lühers,SF,2103560,A. Reyes Abad,SF,2436134,A. Traore,SF,2690845,F. Nuñez,SF,2.7,165.0,2.0,4.0,-2.0,29.1,58.2,-29.1
2509191,1,984791,BURGOS GRUPO DE SANTIAGO,HOME,2610623,L. Krispin,SF,2790234,J. Taboada Lühers,SF,2162563,A. Laso Careaga,SF,2103560,A. Reyes Abad,SF,2436134,A. Traore,SF,1.0,59.0,2.0,2.0,0.0,81.4,81.4,0.0
2509191,1,984791,BURGOS GRUPO DE SANTIAGO,HOME,2610623,L. Krispin,SF,2790234,J. Taboada Lühers,SF,2162563,A. Laso Careaga,SF,2661261,R. Rodriguez,SF,2045029,D. Rodriguez Ramos,SF,0.7,41.0,2.0,4.0,-2.0,117.1,234.1,-117.1
2509191,1,984791,BURGOS GRUPO DE SANTIAGO,HOME,2610623,L. Krispin,SF,2790234,J. Taboada Lühers,SF,2162563,A. Laso Careaga,SF,2661261,R. Rodriguez,SF,2103560,A. Reyes Abad,SF,0.6,36.0,2.0,0.0,2.0,133.3,0.0,133.3
2509191,1,984791,BURGOS GRUPO DE SANTIAGO,HOME,2610623,L. Krispin,SF,2790234,J. Taboada Lühers,SF,2661261,R. Rodriguez,SF,2045029,D. Rodriguez Ramos,SF,2220551,M. Garcia Varona,SF,0.4,22.0,1.0,0.0,1.0,109.1,0.0,109.1
2509191,1,984791,BURGOS GRUPO DE SANTIAGO,HOME,2610623,L. Krispin,SF,2790234,J. Taboada Lühers,SF,2661261,R. Rodriguez,SF,2045029,D. Rodriguez Ramos,SF,2690845,F. Nuñez,SF,1.8,110.0,7.0,6.0,1.0,152.7,130.9,21.8
2509191,1,984791,BURGOS GRUPO DE SANTIAGO,HOME,2610623,L. Krispin,SF,2790234,J. Taboada Lühers,SF,2661261,R. Rodriguez,SF,2103560,A. Reyes Abad,SF,2436134,A. Traore,SF,1.6,93.0,5.0,2.0,3.0,129.0,51.6,77.4
2509191,1,984791,BURGOS GRUPO DE SANTIAGO,HOME,2610623,L. Krispin,SF,2790234,J. Taboada Lühers,SF,2661261,R. Rodriguez,SF,2162563,A. Laso Careaga,SF,2103560,A. Reyes Abad,SF,0.1,6.0,0.0,0.0,0.0,0.0,0.0,0.0
2509191,1,984927,CASADEMONT ZARAGOZA,AWAY,1975428,C. Alias Bermudez,SF,2125634,J. Garcia Sanchez,SF,2704549,K. Soumalia Salif,SF,2008960,A. Moreno Valero,SF,2382632,A. Cativiela Aisa,SF,2.7,160.0,8.0,5.0,3.0,120.0,75.0,45.0
2509191,1,984927,CASADEMONT ZARAGOZA,AWAY,1975428,C. Alias Bermudez,SF,2125634,J. Garcia Sanchez,SF,2704549,K. Soumalia Salif,SF,2438847,A. Savkov,SF,2646355,M. Lukic,SF,2.5,147.0,0.0,2.0,-2.0,0.0,32.7,-32.7
2509191,1,984927,CASADEMONT ZARAGOZA,AWAY,1975428,C. Alias Bermudez,SF,2125634,J. Garcia Sanchez,SF,2704549,K. Soumalia Salif,SF,2646355,M. Lukic,SF,2382632,A. Cativiela Aisa,SF,0.8,51.0,0.0,3.0,-3.0,0.0,141.2,-141.2
2509191,1,984927,CASADEMONT ZARAGOZA,AWAY,1975428,C. Alias Bermudez,SF,2382801,J. Prieto Alejandre,SF,2125634,J. Garcia Sanchez,SF,2704549,K. Soumalia Salif,SF,2008960,A. Moreno Valero,SF,1.9,117.0,4.0,5.0,-1.0,82.1,102.6,-20.5
2509191,1,984927,CASADEMONT ZARAGOZA,AWAY,1975428,C. Alias Bermudez,SF,2382801,J. Prieto Alejandre,SF,2125634,J. Garcia Sanchez,SF,2704549,K. Soumalia Salif,SF,2646355,M. Lukic,SF,0.7,44.0,0.0,0.0,0.0,0.0,0.0,0.0
2509191,1,984927,CASADEMONT ZARAGOZA,AWAY,1975428,C. Alias Bermudez,SF,2438847,A. Savkov,SF,2646355,M. Lukic,SF,2008960,A. Moreno Valero,SF,2382632,A. Cativiela Aisa,SF,0.8,50.0,2.0,3.0,-1.0,96.0,144.0,-48.0
2509191,1,984927,CASADEMONT ZARAGOZA,AWAY,1975428,C. Alias Bermudez,SF,2648124,A. Rodriguez Aguila,SF,2382801,J. Prieto Alejandre,SF,2125634,J. Garcia Sanchez,SF,2008960,A. Moreno Valero,SF,1.0,60.0,4.0,5.0,-1.0,160.0,200.0,-40.0
2509191,1,984927,CASADEMONT ZARAGOZA,AWAY,1975428,C. Alias Bermudez,SF,2648124,A. Rodriguez Aguila,SF,2382801,J. Prieto Alejandre,SF,2125634,J. Garcia Sanchez,SF,2646355,M. Lukic,SF,0.9,55.0,3.0,0.0,3.0,130.9,0.0,130.9
2509191,1,984927,CASADEMONT ZARAGOZA,AWAY,1975428,C. Alias Bermudez,SF,2648124,A. Rodriguez Aguila,SF,2646355,M. Lukic,SF,2008960,A. Moreno Valero,SF,2438847,A. Savkov,SF,2.5,151.0,0.0,7.0,-7.0,0.0,111.3,-111.3
2509191,1,984927,CASADEMONT ZARAGOZA,AWAY,1975428,C. Alias Bermudez,SF,2648124,A. Rodriguez Aguila,SF,2736780,S. Faye,SF,2125634,J. Garcia Sanchez,SF,2646355,M. Lukic,SF,3.9,236.0,8.0,7.0,1.0,81.4,71.2,10.2
2509191,1,984927,CASADEMONT ZARAGOZA,AWAY,1975428,C. Alias Bermudez,SF,2736780,S. Faye,SF,2073295,R. Valero Lopez,SF,2008960,A. Moreno Valero,SF,2438847,A. Savkov,SF,1.6,98.0,2.0,5.0,-3.0,49.0,122.4,-73.5
2509191,1,984927,CASADEMONT ZARAGOZA,AWAY,1975428,C. Alias Bermudez,SF,2736780,S. Faye,SF,2125634,J. Garcia Sanchez,SF,2646355,M. Lukic,SF,2008960,A. Moreno Valero,SF,1.6,95.0,2.0,4.0,-2.0,50.5,101.1,-50.5
2509191,1,984927,CASADEMONT ZARAGOZA,AWAY,1975428,C. Alias Bermudez,SF,2736780,S. Faye,SF,2438847,A. Savkov,SF,2646355,M. Lukic,SF,2008960,A. Moreno Valero,SF,3.0,181.0,6.0,6.0,0.0,79.6,79.6,0.0
2509191,1,984927,CASADEMONT ZARAGOZA,AWAY,1975428,C. Alias Bermudez,SF,2736780,S. Faye,SF,2646355,M. Lukic,SF,2008960,A. Moreno Valero,SF,2382632,A. Cativiela Aisa,SF,1.0,60.0,2.0,5.0,-3.0,80.0,200.0,-120.0
2509191,1,984927,CASADEMONT ZARAGOZA,AWAY,1975428,C. Alias Bermudez,SF,2736780,S. Faye,SF,2704549,K. Soumalia Salif,SF,2125634,J. Garcia Sanchez,SF,2646355,M. Lukic,SF,1.7,101.0,7.0,1.0,6.0,166.3,23.8,142.6
2509191,1,984927,CASADEMONT ZARAGOZA,AWAY,2125634,J. Garcia Sanchez,SF,2704549,K. Soumalia Salif,SF,2073295,R. Valero Lopez,SF,2008960,A. Moreno Valero,SF,2382632,A. Cativiela Aisa,SF,1.6,99.0,7.0,4.0,3.0,169.7,97.0,72.7
2509191,1,984927,CASADEMONT ZARAGOZA,AWAY,2382801,J. Prieto Alejandre,SF,2125634,J. Garcia Sanchez,SF,2704549,K. Soumalia Salif,SF,2008960,A. Moreno Valero,SF,2382632,A. Cativiela Aisa,SF,2.7,159.0,6.0,6.0,0.0,90.6,90.6,0.0
2509191,1,984927,CASADEMONT ZARAGOZA,AWAY,2648124,A. Rodriguez Aguila,SF,2382801,J. Prieto Alejandre,SF,2073295,R. Valero Lopez,SF,2646355,M. Lukic,SF,2438847,A. Savkov,SF,1.0,62.0,2.0,0.0,2.0,77.4,0.0,77.4
2509191,1,984927,CASADEMONT ZARAGOZA,AWAY,2648124,A. Rodriguez Aguila,SF,2382801,J. Prieto Alejandre,SF,2125634,J. Garcia Sanchez,SF,2008960,A. Moreno Valero,SF,2382632,A. Cativiela Aisa,SF,2.0,123.0,7.0,3.0,4.0,136.6,58.5,78.0
2509191,1,984927,CASADEMONT ZARAGOZA,AWAY,2648124,A. Rodriguez Aguila,SF,2382801,J. Prieto Alejandre,SF,2646355,M. Lukic,SF,2438847,A. Savkov,SF,2382632,A. Cativiela Aisa,SF,1.8,109.0,2.0,5.0,-3.0,44.0,110.1,-66.1
2509191,1,984927,CASADEMONT ZARAGOZA,AWAY,2648124,A. Rodriguez Aguila,SF,2736780,S. Faye,SF,2125634,J. Garcia Sanchez,SF,2008960,A. Moreno Valero,SF,2382632,A. Cativiela Aisa,SF,2.7,157.0,4.0,9.0,-5.0,61.1,137.6,-76.4
2509191,1,984927,CASADEMONT ZARAGOZA,AWAY,2736780,S. Faye,SF,2125634,J. Garcia Sanchez,SF,2438847,A. Savkov,SF,2008960,A. Moreno Valero,SF,2382632,A. Cativiela Aisa,SF,0.5,27.0,1.0,2.0,-1.0,88.9,177.8,-88.9
2509191,1,984927,CASADEMONT ZARAGOZA,AWAY,2736780,S. Faye,SF,2125634,J. Garcia Sanchez,SF,2438847,A. Savkov,SF,2646355,M. Lukic,SF,2008960,A. Moreno Valero,SF,0.9,58.0,2.0,2.0,0.0,82.8,82.8,0.0
2509192,2,984792,REAL MADRID,HOME,2094410,H. Alonso Martinez,SF,2122875,I. Almansa Perez,SF,2227587,G. Tavier Montoya,SF,2817763,E. Amosov,SF,2662049,A. Bjelic,SF,1.3,77.0,0.0,4.0,-4.0,0.0,124.7,-124.7
2509192,2,984792,REAL MADRID,HOME,2094410,H. Alonso Martinez,SF,2122875,I. Almansa Perez,SF,2735493,F. Kayser,SF,2662049,A. Bjelic,SF,2370180,O. Hadi Adegbite,SF,1.2,75.0,2.0,1.0,1.0,64.0,32.0,32.0
2509192,2,984792,REAL MADRID,HOME,2094410,H. Alonso Martinez,SF,2122875,I. Almansa Perez,SF,2735493,F. Kayser,SF,2817763,E. Amosov,SF,2370180,O. Hadi Adegbite,SF,0.4,24.0,0.0,2.0,-2.0,0.0,200.0,-200.0
2509192,2,984792,REAL MADRID,HOME,2094410,H. Alonso Martinez,SF,2122875,I. Almansa Perez,SF,2735493,F. Kayser,SF,2817763,E. Amosov,SF,2662049,A. Bjelic,SF,0.6,35.0,1.0,0.0,1.0,68.6,0.0,68.6
2509192,2,984792,REAL MADRID,HOME,2094410,H. Alonso Martinez,SF,2122875,I. Almansa Perez,SF,2817763,E. Amosov,SF,2662049,A. Bjelic,SF,2286044,I. Ruperez Nuñez-Morgades,SF,1.4,82.0,0.0,2.0,-2.0,0.0,58.5,-58.5
2509192,2,984792,REAL MADRID,HOME,2094410,H. Alonso Martinez,SF,2679004,O. Diarra,SF,2122875,I. Almansa Perez,SF,2735493,F. Kayser,SF,2662049,A. Bjelic,SF,7.0,418.0,14.0,5.0,9.0,80.4,28.7,51.7
2509192,2,984792,REAL MADRID,HOME,2094410,H. Alonso Martinez,SF,2679004,O. Diarra,SF,2122875,I. Almansa Perez,SF,2735493,F. Kayser,SF,2817763,E. Amosov,SF,1.0,59.0,3.0,3.0,0.0,122.0,122.0,0.0
2509192,2,984792,REAL MADRID,HOME,2094410,H. Alonso Martinez,SF,2679004,O. Diarra,SF,2122875,I. Almansa Perez,SF,2817763,E. Amosov,SF,2662049,A. Bjelic,SF,1.0,60.0,2.0,6.0,-4.0,80.0,240.0,-160.0
2509192,2,984792,REAL MADRID,HOME,2094410,H. Alonso Martinez,SF,2679004,O. Diarra,SF,2735493,F. Kayser,SF,2817763,E. Amosov,SF,2662049,A. Bjelic,SF,1.7,100.0,2.0,2.0,0.0,48.0,48.0,0.0
2509192,2,984792,REAL MADRID,HOME,2094410,H. Alonso Martinez,SF,2679004,O. Diarra,SF,2817763,E. Amosov,SF,2662049,A. Bjelic,SF,2286044,I. Ruperez Nuñez-Morgades,SF,0.3,19.0,0.0,2.0,-2.0,0.0,252.6,-252.6
2509192,2,984792,REAL MADRID,HOME,2642414,I. Frolov,SF,2094410,H. Alonso Martinez,SF,2122875,I. Almansa Perez,SF,2735493,F. Kayser,SF,2662049,A. Bjelic,SF,5.0,298.0,12.0,15.0,-3.0,96.6,120.8,-24.2
2509192,2,984792,REAL MADRID,HOME,2642414,I. Frolov,SF,2094410,H. Alonso Martinez,SF,2122875,I. Almansa Perez,SF,2735493,F. Kayser,SF,2817763,E. Amosov,SF,3.0,181.0,7.0,4.0,3.0,92.8,53.0,39.8
2509192,2,984792,REAL MADRID,HOME,2642414,I. Frolov,SF,2094410,H. Alonso Martinez,SF,2122875,I. Almansa Perez,SF,2817763,E. Amosov,SF,2662049,A. Bjelic,SF,0.3,22.0,2.0,0.0,2.0,218.2,0.0,218.2
2509192,2,984792,REAL MADRID,HOME,2642414,I. Frolov,SF,2094410,H. Alonso Martinez,SF,2679004,O. Diarra,SF,2735493,F. Kayser,SF,2662049,A. Bjelic,SF,3.1,187.0,2.0,7.0,-5.0,25.7,89.8,-64.2
2509192,2,984792,REAL MADRID,HOME,2642414,I. Frolov,SF,2645392,O. Kutluay,SF,2094410,H. Alonso Martinez,SF,2122875,I. Almansa Perez,SF,2735493,F. Kayser,SF,0.8,49.0,2.0,4.0,-2.0,98.0,195.9,-98.0
2509192,2,984792,REAL MADRID,HOME,2642414,I. Frolov,SF,2645392,O. Kutluay,SF,2094410,H. Alonso Martinez,SF,2122875,I. Almansa Perez,SF,2817763,E. Amosov,SF,1.9,113.0,3.0,4.0,-1.0,63.7,85.0,-21.2
2509192,2,984792,REAL MADRID,HOME,2645392,O. Kutluay,SF,2094410,H. Alonso Martinez,SF,2122875,I. Almansa Perez,SF,2227587,G. Tavier Montoya,SF,2817763,E. Amosov,SF,4.5,273.0,9.0,7.0,2.0,79.1,61.5,17.6
2509192,2,984792,REAL MADRID,HOME,2645392,O. Kutluay,SF,2094410,H. Alonso Martinez,SF,2122875,I. Almansa Perez,SF,2735493,F. Kayser,SF,2370180,O. Hadi Adegbite,SF,1.8,109.0,4.0,3.0,1.0,88.1,66.1,22.0
2509192,2,984792,REAL MADRID,HOME,2645392,O. Kutluay,SF,2094410,H. Alonso Martinez,SF,2122875,I. Almansa Perez,SF,2735493,F. Kayser,SF,2817763,E. Amosov,SF,1.1,69.0,2.0,0.0,2.0,69.6,0.0,69.6
2509192,2,984792,REAL MADRID,HOME,2645392,O. Kutluay,SF,2094410,H. Alonso Martinez,SF,2679004,O. Diarra,SF,2122875,I. Almansa Perez,SF,2817763,E. Amosov,SF,2.5,150.0,3.0,5.0,-2.0,48.0,80.0,-32.0
2509192,2,984928,BARÇA ATLÈTIC,AWAY,2166517,D. Gonzalez Castro,SF,2550554,S. Keita,SF,2218824,O. Filba Gonzalez,SF,2641337,J. Boumtje Boumtje,SF,2646614,N. Kusturica,SF,1.4,84.0,4.0,0.0,4.0,114.3,0.0,114.3
2509192,2,984928,BARÇA ATLÈTIC,AWAY,2166517,D. Gonzalez Castro,SF,2550554,S. Keita,SF,2256034,J. Cerdan Palacios,SF,2218824,O. Filba Gonzalez,SF,2641337,J. Boumtje Boumtje,SF,2.7,166.0,5.0,3.0,2.0,72.3,43.4,28.9
2509192,2,984928,BARÇA ATLÈTIC,AWAY,2166517,D. Gonzalez Castro,SF,2550554,S. Keita,SF,2256034,J. Cerdan Palacios,SF,2641337,J. Boumtje Boumtje,SF,2561463,D. Ferreras Camarero,SF,1.3,80.0,3.0,1.0,2.0,90.0,30.0,60.0
2509192,2,984928,BARÇA ATLÈTIC,AWAY,2166517,D. Gonzalez Castro,SF,2550554,S. Keita,SF,2256034,J. Cerdan Palacios,SF,2641337,J. Boumtje Boumtje,SF,2646614,N. Kusturica,SF,1.4,87.0,3.0,2.0,1.0,82.8,55.2,27.6
2509192,2,984928,BARÇA ATLÈTIC,AWAY,2166517,D. Gonzalez Castro,SF,2642482,A. Kone,SF,2641337,J. Boumtje Boumtje,SF,2561463,D. Ferreras Camarero,SF,2082056,N. Poza Cervantes,SF,2.6,160.0,2.0,3.0,-1.0,30.0,45.0,-15.0
2509192,2,984928,BARÇA ATLÈTIC,AWAY,2166517,D. Gonzalez Castro,SF,2642482,A. Kone,SF,2642172,J. Siftar,SF,2218824,O. Filba Gonzalez,SF,2641337,J. Boumtje Boumtje,SF,0.9,53.0,1.0,4.0,-3.0,45.3,181.1,-135.8
2509192,2,984928,BARÇA ATLÈTIC,AWAY,2166517,D. Gonzalez Castro,SF,2642482,A. Kone,SF,2642172,J. Siftar,SF,2256034,J. Cerdan Palacios,SF,2641337,J. Boumtje Boumtje,SF,3.9,232.0,6.0,9.0,-3.0,62.1,93.1,-31.0
2509192,2,984928,BARÇA ATLÈTIC,AWAY,2166517,D. Gonzalez Castro,SF,2642482,A. Kone,SF,2642172,J. Siftar,SF,2641337,J. Boumtje Boumtje,SF,2561463,D. Ferreras Camarero,SF,0.8,49.0,4.0,2.0,2.0,195.9,98.0,98.0
2509192,2,984928,BARÇA ATLÈTIC,AWAY,2166517,D. Gonzalez Castro,SF,2646614,N. Kusturica,SF,2642482,A. Kone,SF,2218824,O. Filba Gonzalez,SF,2641337,J. Boumtje Boumtje,SF,3.2,193.0,0.0,7.0,-7.0,0.0,87.0,-87.0
2509192,2,984928,BARÇA ATLÈTIC,AWAY,2166517,D. Gonzalez Castro,SF,2646614,N. Kusturica,SF,2642482,A. Kone,SF,2641337,J. Boumtje Boumtje,SF,2561463,D. Ferreras Camarero,SF,1.2,70.0,2.0,2.0,0.0,68.6,68.6,0.0
2509192,2,984928,BARÇA ATLÈTIC,AWAY,2166517,D. Gonzalez Castro,SF,2646614,N. Kusturica,SF,2642482,A. Kone,SF,2642481,M. Dabone,SF,2082056,N. Poza Cervantes,SF,0.3,18.0,2.0,0.0,2.0,266.7,0.0,266.7
2509192,2,984928,BARÇA ATLÈTIC,AWAY,2166517,D. Gonzalez Castro,SF,2646614,N. Kusturica,SF,2642482,A. Kone,SF,2642481,M. Dabone,SF,2561463,D. Ferreras Camarero,SF,2.0,119.0,5.0,3.0,2.0,100.8,60.5,40.3
2509192,2,984928,BARÇA ATLÈTIC,AWAY,2550554,S. Keita,SF,2218824,O. Filba Gonzalez,SF,2641337,J. Boumtje Boumtje,SF,2646614,N. Kusturica,SF,2561463,D. Ferreras Camarero,SF,0.5,31.0,2.0,2.0,0.0,154.8,154.8,0.0
2509192,2,984928,BARÇA ATLÈTIC,AWAY,2550554,S. Keita,SF,2642481,M. Dabone,SF,2218824,O. Filba Gonzalez,SF,2646614,N. Kusturica,SF,2561463,D. Ferreras Camarero,SF,2.6,158.0,4.0,2.0,2.0,60.8,30.4,30.4
2509192,2,984928,BARÇA ATLÈTIC,AWAY,2550554,S. Keita,SF,2642481,M. Dabone,SF,2561463,D. Ferreras Camarero,SF,2082056,N. Poza Cervantes,SF,2642172,J. Siftar,SF,1.5,89.0,4.0,4.0,0.0,107.9,107.9,0.0
2509192,2,984928,BARÇA ATLÈTIC,AWAY,2550554,S. Keita,SF,2646614,N. Kusturica,SF,2561463,D. Ferreras Camarero,SF,2082056,N. Poza Cervantes,SF,2642481,M. Dabone,SF,3.8,227.0,9.0,5.0,4.0,95.2,52.9,42.3
2509192,2,984928,BARÇA ATLÈTIC,AWAY,2642481,M. Dabone,SF,2642482,A. Kone,SF,2561463,D. Ferreras Camarero,SF,2082056,N. Poza Cervantes,SF,2642172,J. Siftar,SF,0.6,35.0,0.0,2.0,-2.0,0.0,137.1,-137.1
2509192,2,984928,BARÇA ATLÈTIC,AWAY,2642482,A. Kone,SF,2642172,J. Siftar,SF,2561463,D. Ferreras Camarero,SF,2082056,N. Poza Cervantes,SF,2642481,M. Dabone,SF,1.5,92.0,5.0,2.0,3.0,130.4,52.2,78.3
2509192,2,984928,BARÇA ATLÈTIC,AWAY,2642482,A. Kone,SF,2642481,M. Dabone,SF,2646614,N. Kusturica,SF,2561463,D. Ferreras Camarero,SF,2082056,N. Poza Cervantes,SF,0.5,27.0,0.0,0.0,0.0,0.0,0.0,0.0
2509192,2,984928,BARÇA ATLÈTIC,AWAY,2646614,N. Kusturica,SF,2550554,S. Keita,SF,2642481,M. Dabone,SF,2082056,N. Poza Cervantes,SF,2642172,J. Siftar,SF,1.8,108.0,6.0,5.0,1.0,133.3,111.1,22.2
2509192,2,984928,BARÇA ATLÈTIC,AWAY,2646614,N. Kusturica,SF,2642481,M. Dabone,SF,2642482,A. Kone,SF,2082056,N. Poza Cervantes,SF,2642172,J. Siftar,SF,2.6,157.0,8.0,5.0,3.0,122.3,76.4,45.9
2509192,2,984928,BARÇA ATLÈTIC,AWAY,2646614,N. Kusturica,SF,2642482,A. Kone,SF,2641337,J. Boumtje Boumtje,SF,2082056,N. Poza Cervantes,SF,2642172,J. Siftar,SF,0.3,18.0,0.0,0.0,0.0,0.0,0.0,0.0
2509192,2,984928,BARÇA ATLÈTIC,AWAY,2646614,N. Kusturica,SF,2642482,A. Kone,SF,2642172,J. Siftar,SF,2642481,M. Dabone,SF,2082056,N. Poza Cervantes,SF,2.5,147.0,1.0,7.0,-6.0,16.3,114.3,-98.0
2509193,2,984923,GRAN CANARIA,AWAY,2441048,E. Heinonen,SF,1885980,F. Díaz Herrera,SF,2279529,H. Díaz Guillén,SF,2044256,J. Arteaga Giner,SF,2563387,M. Coulibaly,SF,2.3,139.0,7.0,4.0,3.0,120.9,69.1,51.8
2509193,2,984923,GRAN CANARIA,AWAY,2441048,E. Heinonen,SF,1885980,F. Díaz Herrera,SF,2279529,H. Díaz Guillén,SF,2044256,J. Arteaga Giner,SF,2651631,M. Miteo,SF,1.9,111.0,2.0,3.0,-1.0,43.2,64.9,-21.6
2509193,2,984923,GRAN CANARIA,AWAY,2441048,E. Heinonen,SF,2279529,H. Díaz Guillén,SF,1885980,F. Díaz Herrera,SF,2044256,J. Arteaga Giner,SF,2087418,G. Baez Pierson,SF,1.7,105.0,8.0,4.0,4.0,182.9,91.4,91.4
2509193,2,984923,GRAN CANARIA,AWAY,2441048,E. Heinonen,SF,2279529,H. Díaz Guillén,SF,1885980,F. Díaz Herrera,SF,2044256,J. Arteaga Giner,SF,2563387,M. Coulibaly,SF,1.2,66.0,2.0,6.0,-4.0,72.7,218.2,-145.5
2509193,2,984923,GRAN CANARIA,AWAY,2441048,E. Heinonen,SF,2279529,H. Díaz Guillén,SF,1885980,F. Díaz Herrera,SF,2044256,J. Arteaga Giner,SF,2651631,M. Miteo,SF,0.7,41.0,0.0,2.0,-2.0,0.0,117.1,-117.1
2509193,2,984923,GRAN CANARIA,AWAY,2441048,E. Heinonen,SF,2834161,W. Tsafack,SF,1885980,F. Díaz Herrera,SF,2044256,J. Arteaga Giner,SF,2563387,M. Coulibaly,SF,5.0,296.0,14.0,17.0,-3.0,113.5,137.8,-24.3
2509193,2,984923,GRAN CANARIA,AWAY,2441048,E. Heinonen,SF,2834161,W. Tsafack,SF,1885980,F. Díaz Herrera,SF,2044256,J. Arteaga Giner,SF,2651631,M. Miteo,SF,1.7,106.0,0.0,6.0,-6.0,0.0,135.8,-135.8
2509193,2,984923,GRAN CANARIA,AWAY,2441048,E. Heinonen,SF,2834161,W. Tsafack,SF,2044256,J. Arteaga Giner,SF,1885980,F. Díaz Herrera,SF,2651631,M. Miteo,SF,0.3,21.0,0.0,3.0,-3.0,0.0,342.9,-342.9
2509193,2,984923,GRAN CANARIA,AWAY,2441048,E. Heinonen,SF,2834161,W. Tsafack,SF,2827856,B. González Ramírez,SF,2044256,J. Arteaga Giner,SF,1885980,F. Díaz Herrera,SF,4.3,259.0,14.0,13.0,1.0,129.7,120.5,9.3
2509193,2,984923,GRAN CANARIA,AWAY,2441048,E. Heinonen,SF,2834161,W. Tsafack,SF,2827856,B. González Ramírez,SF,2044256,J. Arteaga Giner,SF,2651631,M. Miteo,SF,13.2,795.0,33.0,25.0,8.0,99.6,75.5,24.2
2509193,2,984923,GRAN CANARIA,AWAY,2834161,W. Tsafack,SF,2441048,E. Heinonen,SF,1885980,F. Díaz Herrera,SF,2044256,J. Arteaga Giner,SF,2563387,M. Coulibaly,SF,1.1,67.0,5.0,2.0,3.0,179.1,71.6,107.5
2509193,2,984923,GRAN CANARIA,AWAY,2834161,W. Tsafack,SF,2441048,E. Heinonen,SF,1885980,F. Díaz Herrera,SF,2563387,M. Coulibaly,SF,2827856,B. González Ramírez,SF,0.4,26.0,2.0,0.0,2.0,184.6,0.0,184.6
2509193,2,984923,GRAN CANARIA,AWAY,2834161,W. Tsafack,SF,2441048,E. Heinonen,SF,2087418,G. Baez Pierson,SF,2563387,M. Coulibaly,SF,2827856,B. González Ramírez,SF,0.5,32.0,0.0,3.0,-3.0,0.0,225.0,-225.0
2509193,2,984923,GRAN CANARIA,AWAY,2834161,W. Tsafack,SF,2441048,E. Heinonen,SF,2651631,M. Miteo,SF,2087418,G. Baez Pierson,SF,2827856,B. González Ramírez,SF,5.6,336.0,8.0,13.0,-5.0,57.1,92.9,-35.7
2509193,2,984927,CASADEMONT ZARAGOZA,HOME,1975428,C. Alias Bermudez,SF,2648124,A. Rodriguez Aguila,SF,2008960,A. Moreno Valero,SF,2438847,A. Savkov,SF,2382632,A. Cativiela Aisa,SF,0.5,31.0,0.0,0.0,0.0,0.0,0.0,0.0
2509193,2,984927,CASADEMONT ZARAGOZA,HOME,1975428,C. Alias Bermudez,SF,2648124,A. Rodriguez Aguila,SF,2073295,R. Valero Lopez,SF,2008960,A. Moreno Valero,SF,2382632,A. Cativiela Aisa,SF,0.6,38.0,2.0,2.0,0.0,126.3,126.3,0.0
2509193,2,984927,CASADEMONT ZARAGOZA,HOME,1975428,C. Alias Bermudez,SF,2648124,A. Rodriguez Aguila,SF,2073295,R. Valero Lopez,SF,2646355,M. Lukic,SF,2008960,A. Moreno Valero,SF,0.0,1.0,0.0,0.0,0.0,0.0,0.0,0.0
2509193,2,984927,CASADEMONT ZARAGOZA,HOME,1975428,C. Alias Bermudez,SF,2648124,A. Rodriguez Aguila,SF,2125634,J. Garcia Sanchez,SF,2008960,A. Moreno Valero,SF,2438847,A. Savkov,SF,3.7,223.0,7.0,10.0,-3.0,75.3,107.6,-32.3
2509193,2,984927,CASADEMONT ZARAGOZA,HOME,1975428,C. Alias Bermudez,SF,2648124,A. Rodriguez Aguila,SF,2125634,J. Garcia Sanchez,SF,2646355,M. Lukic,SF,2438847,A. Savkov,SF,1.4,87.0,4.0,2.0,2.0,110.3,55.2,55.2
2509193,2,984927,CASADEMONT ZARAGOZA,HOME,1975428,C. Alias Bermudez,SF,2648124,A. Rodriguez Aguila,SF,2382801,J. Prieto Alejandre,SF,2008960,A. Moreno Valero,SF,2438847,A. Savkov,SF,1.1,65.0,2.0,2.0,0.0,73.8,73.8,0.0
2509193,2,984927,CASADEMONT ZARAGOZA,HOME,1975428,C. Alias Bermudez,SF,2648124,A. Rodriguez Aguila,SF,2382801,J. Prieto Alejandre,SF,2073295,R. Valero Lopez,SF,2008960,A. Moreno Valero,SF,1.1,66.0,4.0,0.0,4.0,145.5,0.0,145.5
2509193,2,984927,CASADEMONT ZARAGOZA,HOME,1975428,C. Alias Bermudez,SF,2648124,A. Rodriguez Aguila,SF,2382801,J. Prieto Alejandre,SF,2125634,J. Garcia Sanchez,SF,2646355,M. Lukic,SF,1.1,64.0,2.0,0.0,2.0,75.0,0.0,75.0
2509193,2,984927,CASADEMONT ZARAGOZA,HOME,1975428,C. Alias Bermudez,SF,2648124,A. Rodriguez Aguila,SF,2646355,M. Lukic,SF,2008960,A. Moreno Valero,SF,2438847,A. Savkov,SF,1.7,100.0,7.0,6.0,1.0,168.0,144.0,24.0
2509193,2,984927,CASADEMONT ZARAGOZA,HOME,1975428,C. Alias Bermudez,SF,2648124,A. Rodriguez Aguila,SF,2646355,M. Lukic,SF,2438847,A. Savkov,SF,2382632,A. Cativiela Aisa,SF,0.8,46.0,2.0,3.0,-1.0,104.3,156.5,-52.2
2509193,2,984927,CASADEMONT ZARAGOZA,HOME,1975428,C. Alias Bermudez,SF,2736780,S. Faye,SF,2008960,A. Moreno Valero,SF,2438847,A. Savkov,SF,2382632,A. Cativiela Aisa,SF,1.0,62.0,2.0,0.0,2.0,77.4,0.0,77.4
2509193,2,984927,CASADEMONT ZARAGOZA,HOME,1975428,C. Alias Bermudez,SF,2736780,S. Faye,SF,2073295,R. Valero Lopez,SF,2646355,M. Lukic,SF,2008960,A. Moreno Valero,SF,1.4,85.0,4.0,5.0,-1.0,112.9,141.2,-28.2
2509193,2,984927,CASADEMONT ZARAGOZA,HOME,1975428,C. Alias Bermudez,SF,2736780,S. Faye,SF,2125634,J. Garcia Sanchez,SF,2438847,A. Savkov,SF,2382632,A. Cativiela Aisa,SF,0.3,21.0,3.0,0.0,3.0,342.9,0.0,342.9
2509193,2,984927,CASADEMONT ZARAGOZA,HOME,1975428,C. Alias Bermudez,SF,2736780,S. Faye,SF,2125634,J. Garcia Sanchez,SF,2646355,M. Lukic,SF,2438847,A. Savkov,SF,6.1,367.0,13.0,16.0,-3.0,85.0,104.6,-19.6
2509193,2,984927,CASADEMONT ZARAGOZA,HOME,1975428,C. Alias Bermudez,SF,2736780,S. Faye,SF,2646355,M. Lukic,SF,2008960,A. Moreno Valero,SF,2438847,A. Savkov,SF,5.7,338.0,13.0,9.0,4.0,92.3,63.9,28.4
2509193,2,984927,CASADEMONT ZARAGOZA,HOME,1975428,C. Alias Bermudez,SF,2736780,S. Faye,SF,2646355,M. Lukic,SF,2438847,A. Savkov,SF,2382632,A. Cativiela Aisa,SF,0.6,38.0,0.0,4.0,-4.0,0.0,252.6,-252.6
2509193,2,984927,CASADEMONT ZARAGOZA,HOME,2648124,A. Rodriguez Aguila,SF,2073295,R. Valero Lopez,SF,2008960,A. Moreno Valero,SF,2438847,A. Savkov,SF,2382632,A. Cativiela Aisa,SF,0.4,26.0,1.0,2.0,-1.0,92.3,184.6,-92.3
2509193,2,984927,CASADEMONT ZARAGOZA,HOME,2648124,A. Rodriguez Aguila,SF,2073295,R. Valero Lopez,SF,2646355,M. Lukic,SF,2008960,A. Moreno Valero,SF,2382632,A. Cativiela Aisa,SF,0.5,27.0,3.0,0.0,3.0,266.7,0.0,266.7
2509193,2,984927,CASADEMONT ZARAGOZA,HOME,2648124,A. Rodriguez Aguila,SF,2125634,J. Garcia Sanchez,SF,2073295,R. Valero Lopez,SF,2008960,A. Moreno Valero,SF,2382632,A. Cativiela Aisa,SF,0.8,47.0,0.0,2.0,-2.0,0.0,102.1,-102.1
2509193,2,984927,CASADEMONT ZARAGOZA,HOME,2648124,A. Rodriguez Aguila,SF,2125634,J. Garcia Sanchez,SF,2073295,R. Valero Lopez,SF,2008960,A. Moreno Valero,SF,2438847,A. Savkov,SF,0.9,57.0,6.0,0.0,6.0,252.6,0.0,252.6
2509193,2,984927,CASADEMONT ZARAGOZA,HOME,2648124,A. Rodriguez Aguila,SF,2125634,J. Garcia Sanchez,SF,2073295,R. Valero Lopez,SF,2646355,M. Lukic,SF,2008960,A. Moreno Valero,SF,1.3,73.0,5.0,2.0,3.0,164.4,65.8,98.6
2509193,2,984927,CASADEMONT ZARAGOZA,HOME,2648124,A. Rodriguez Aguila,SF,2125634,J. Garcia Sanchez,SF,2073295,R. Valero Lopez,SF,2646355,M. Lukic,SF,2438847,A. Savkov,SF,1.2,71.0,0.0,3.0,-3.0,0.0,101.4,-101.4
2509193,2,984927,CASADEMONT ZARAGOZA,HOME,2648124,A. Rodriguez Aguila,SF,2382801,J. Prieto Alejandre,SF,2073295,R. Valero Lopez,SF,2008960,A. Moreno Valero,SF,2382632,A. Cativiela Aisa,SF,1.5,90.0,0.0,5.0,-5.0,0.0,133.3,-133.3
2509193,2,984927,CASADEMONT ZARAGOZA,HOME,2648124,A. Rodriguez Aguila,SF,2646355,M. Lukic,SF,2008960,A. Moreno Valero,SF,2438847,A. Savkov,SF,2382632,A. Cativiela Aisa,SF,0.3,21.0,2.0,1.0,1.0,228.6,114.3,114.3
2509193,2,984927,CASADEMONT ZARAGOZA,HOME,2736780,S. Faye,SF,2125634,J. Garcia Sanchez,SF,2073295,R. Valero Lopez,SF,2008960,A. Moreno Valero,SF,2382632,A. Cativiela Aisa,SF,0.5,32.0,3.0,0.0,3.0,225.0,0.0,225.0
2509193,2,984927,CASADEMONT ZARAGOZA,HOME,2736780,S. Faye,SF,2125634,J. Garcia Sanchez,SF,2073295,R. Valero Lopez,SF,2646355,M. Lukic,SF,2008960,A. Moreno Valero,SF,0.9,52.0,4.0,4.0,0.0,184.6,184.6,0.0
2509193,2,984927,CASADEMONT ZARAGOZA,HOME,2736780,S. Faye,SF,2125634,J. Garcia Sanchez,SF,2073295,R. Valero Lopez,SF,2646355,M. Lukic,SF,2382632,A. Cativiela Aisa,SF,1.5,93.0,2.0,7.0,-5.0,51.6,180.6,-129.0
2509193,2,984927,CASADEMONT ZARAGOZA,HOME,2736780,S. Faye,SF,2125634,J. Garcia Sanchez,SF,2073295,R. Valero Lopez,SF,2646355,M. Lukic,SF,2438847,A. Savkov,SF,0.3,16.0,0.0,0.0,0.0,0.0,0.0,0.0
2509193,2,984927,CASADEMONT ZARAGOZA,HOME,2736780,S. Faye,SF,2125634,J. Garcia Sanchez,SF,2646355,M. Lukic,SF,2438847,A. Savkov,SF,2382632,A. Cativiela Aisa,SF,2.2,136.0,8.0,8.0,0.0,141.2,141.2,0.0
2509193,2,984927,CASADEMONT ZARAGOZA,HOME,2736780,S. Faye,SF,2382801,J. Prieto Alejandre,SF,2073295,R. Valero Lopez,SF,2646355,M. Lukic,SF,2008960,A. Moreno Valero,SF,0.5,27.0,2.0,2.0,0.0,177.8,177.8,0.0
2509194,2,984791,BURGOS GRUPO DE SANTIAGO,AWAY,2535384,M. Bella Cabañas,SF,2790234,J. Taboada Lühers,SF,2661261,R. Rodriguez,SF,2045029,D. Rodriguez Ramos,SF,2103560,A. Reyes Abad,SF,0.5,29.0,0.0,3.0,-3.0,0.0,248.3,-248.3
2509194,2,984791,BURGOS GRUPO DE SANTIAGO,AWAY,2535384,M. Bella Cabañas,SF,2790234,J. Taboada Lühers,SF,2661261,R. Rodriguez,SF,2103560,A. Reyes Abad,SF,2436134,A. Traore,SF,5.4,323.0,12.0,10.0,2.0,89.2,74.3,14.9
2509194,2,984791,BURGOS GRUPO DE SANTIAGO,AWAY,2610623,L. Krispin,SF,2535384,M. Bella Cabañas,SF,2162563,A. Laso Careaga,SF,2661261,R. Rodriguez,SF,2045029,D. Rodriguez Ramos,SF,3.5,211.0,3.0,7.0,-4.0,34.1,79.6,-45.5
2509194,2,984791,BURGOS GRUPO DE SANTIAGO,AWAY,2610623,L. Krispin,SF,2535384,M. Bella Cabañas,SF,2790234,J. Taboada Lühers,SF,2162563,A. Laso Careaga,SF,2045029,D. Rodriguez Ramos,SF,0.1,6.0,0.0,4.0,-4.0,0.0,1600.0,-1600.0
2509194,2,984791,BURGOS GRUPO DE SANTIAGO,AWAY,2610623,L. Krispin,SF,2535384,M. Bella Cabañas,SF,2790234,J. Taboada Lühers,SF,2162563,A. Laso Careaga,SF,2103560,A. Reyes Abad,SF,3.1,190.0,1.0,4.0,-3.0,12.6,50.5,-37.9
2509194,2,984791,BURGOS GRUPO DE SANTIAGO,AWAY,2610623,L. Krispin,SF,2535384,M. Bella Cabañas,SF,2790234,J. Taboada Lühers,SF,2162563,A. Laso Careaga,SF,2210291,E. Franco Sanz,SF,0.6,36.0,0.0,3.0,-3.0,0.0,200.0,-200.0
2509194,2,984791,BURGOS GRUPO DE SANTIAGO,AWAY,2610623,L. Krispin,SF,2535384,M. Bella Cabañas,SF,2790234,J. Taboada Lühers,SF,2162563,A. Laso Careaga,SF,2436134,A. Traore,SF,2.7,164.0,9.0,6.0,3.0,131.7,87.8,43.9
2509194,2,984791,BURGOS GRUPO DE SANTIAGO,AWAY,2610623,L. Krispin,SF,2535384,M. Bella Cabañas,SF,2790234,J. Taboada Lühers,SF,2661261,R. Rodriguez,SF,2045029,D. Rodriguez Ramos,SF,2.6,156.0,8.0,4.0,4.0,123.1,61.5,61.5
2509194,2,984791,BURGOS GRUPO DE SANTIAGO,AWAY,2610623,L. Krispin,SF,2535384,M. Bella Cabañas,SF,2790234,J. Taboada Lühers,SF,2661261,R. Rodriguez,SF,2103560,A. Reyes Abad,SF,1.7,104.0,4.0,4.0,0.0,92.3,92.3,0.0
2509194,2,984791,BURGOS GRUPO DE SANTIAGO,AWAY,2610623,L. Krispin,SF,2535384,M. Bella Cabañas,SF,2790234,J. Taboada Lühers,SF,2661261,R. Rodriguez,SF,2210291,E. Franco Sanz,SF,1.1,66.0,2.0,6.0,-4.0,72.7,218.2,-145.5
2509194,2,984791,BURGOS GRUPO DE SANTIAGO,AWAY,2610623,L. Krispin,SF,2661261,R. Rodriguez,SF,2045029,D. Rodriguez Ramos,SF,2436134,A. Traore,SF,2690845,F. Nuñez,SF,1.9,111.0,2.0,2.0,0.0,43.2,43.2,0.0
2509194,2,984791,BURGOS GRUPO DE SANTIAGO,AWAY,2610623,L. Krispin,SF,2790234,J. Taboada Lühers,SF,2162563,A. Laso Careaga,SF,2436134,A. Traore,SF,2690845,F. Nuñez,SF,1.5,89.0,1.0,5.0,-4.0,27.0,134.8,-107.9
2509194,2,984791,BURGOS GRUPO DE SANTIAGO,AWAY,2610623,L. Krispin,SF,2790234,J. Taboada Lühers,SF,2162563,A. Laso Careaga,SF,2661261,R. Rodriguez,SF,2045029,D. Rodriguez Ramos,SF,1.4,84.0,3.0,6.0,-3.0,85.7,171.4,-85.7
2509194,2,984791,BURGOS GRUPO DE SANTIAGO,AWAY,2610623,L. Krispin,SF,2790234,J. Taboada Lühers,SF,2162563,A. Laso Careaga,SF,2661261,R. Rodriguez,SF,2103560,A. Reyes Abad,SF,1.3,76.0,5.0,0.0,5.0,157.9,0.0,157.9
2509194,2,984791,BURGOS GRUPO DE SANTIAGO,AWAY,2610623,L. Krispin,SF,2790234,J. Taboada Lühers,SF,2661261,R. Rodriguez,SF,2045029,D. Rodriguez Ramos,SF,2103560,A. Reyes Abad,SF,4.6,277.0,18.0,11.0,7.0,156.0,95.3,60.6
2509194,2,984791,BURGOS GRUPO DE SANTIAGO,AWAY,2610623,L. Krispin,SF,2790234,J. Taboada Lühers,SF,2661261,R. Rodriguez,SF,2045029,D. Rodriguez Ramos,SF,2210291,E. Franco Sanz,SF,5.8,344.0,2.0,15.0,-13.0,14.0,104.7,-90.7
2509194,2,984791,BURGOS GRUPO DE SANTIAGO,AWAY,2610623,L. Krispin,SF,2790234,J. Taboada Lühers,SF,2661261,R. Rodriguez,SF,2045029,D. Rodriguez Ramos,SF,2436134,A. Traore,SF,1.6,93.0,6.0,1.0,5.0,154.8,25.8,129.0
2509194,2,984791,BURGOS GRUPO DE SANTIAGO,AWAY,2610623,L. Krispin,SF,2790234,J. Taboada Lühers,SF,2661261,R. Rodriguez,SF,2045029,D. Rodriguez Ramos,SF,2690845,F. Nuñez,SF,0.6,41.0,2.0,2.0,0.0,117.1,117.1,0.0
2509194,2,984926,FUNDACIÓN CB CANARIAS,HOME,1856308,D. Acosta Moliné,SF,2829962,D. Bordón Dri,SF,2044955,X. Lopez Rodriguez,SF,2181003,R. Rodriguez Galvan,SF,2470375,M. Sangare,SF,2.4,146.0,3.0,4.0,-1.0,49.3,65.8,-16.4
2509194,2,984926,FUNDACIÓN CB CANARIAS,HOME,1856308,D. Acosta Moliné,SF,2829962,D. Bordón Dri,SF,2044955,X. Lopez Rodriguez,SF,2444602,L. Riga,SF,2181003,R. Rodriguez Galvan,SF,4.3,259.0,17.0,11.0,6.0,157.5,101.9,55.6
2509194,2,984926,FUNDACIÓN CB CANARIAS,HOME,1856308,D. Acosta Moliné,SF,2829962,D. Bordón Dri,SF,2181003,R. Rodriguez Galvan,SF,2007163,D. Fernandez Trujillo,SF,2470375,M. Sangare,SF,1.4,83.0,2.0,0.0,2.0,57.8,0.0,57.8
2509194,2,984926,FUNDACIÓN CB CANARIAS,HOME,1856308,D. Acosta Moliné,SF,2829962,D. Bordón Dri,SF,2444602,L. Riga,SF,2044955,X. Lopez Rodriguez,SF,2007163,D. Fernandez Trujillo,SF,3.6,218.0,9.0,2.0,7.0,99.1,22.0,77.1
2509194,2,984926,FUNDACIÓN CB CANARIAS,HOME,1856308,D. Acosta Moliné,SF,2829962,D. Bordón Dri,SF,2444602,L. Riga,SF,2044955,X. Lopez Rodriguez,SF,2181003,R. Rodriguez Galvan,SF,3.3,197.0,3.0,10.0,-7.0,36.5,121.8,-85.3
2509194,2,984926,FUNDACIÓN CB CANARIAS,HOME,1856308,D. Acosta Moliné,SF,2829962,D. Bordón Dri,SF,2444602,L. Riga,SF,2181003,R. Rodriguez Galvan,SF,2007163,D. Fernandez Trujillo,SF,1.1,67.0,5.0,5.0,0.0,179.1,179.1,0.0
2509194,2,984926,FUNDACIÓN CB CANARIAS,HOME,2734732,E. Prekevicius,SF,1856308,D. Acosta Moliné,SF,2044955,X. Lopez Rodriguez,SF,2181003,R. Rodriguez Galvan,SF,2470375,M. Sangare,SF,2.1,129.0,2.0,1.0,1.0,37.2,18.6,18.6
2509194,2,984926,FUNDACIÓN CB CANARIAS,HOME,2734732,E. Prekevicius,SF,1856308,D. Acosta Moliné,SF,2444602,L. Riga,SF,2044955,X. Lopez Rodriguez,SF,2181003,R. Rodriguez Galvan,SF,1.1,67.0,2.0,0.0,2.0,71.6,0.0,71.6
2509194,2,984926,FUNDACIÓN CB CANARIAS,HOME,2734732,E. Prekevicius,SF,1856308,D. Acosta Moliné,SF,2829962,D. Bordón Dri,SF,2044955,X. Lopez Rodriguez,SF,2470375,M. Sangare,SF,3.1,184.0,4.0,8.0,-4.0,52.2,104.3,-52.2
2509194,2,984926,FUNDACIÓN CB CANARIAS,HOME,2734732,E. Prekevicius,SF,1856308,D. Acosta Moliné,SF,2829962,D. Bordón Dri,SF,2181003,R. Rodriguez Galvan,SF,2470375,M. Sangare,SF,1.1,66.0,6.0,2.0,4.0,218.2,72.7,145.5
2509194,2,984926,FUNDACIÓN CB CANARIAS,HOME,2734732,E. Prekevicius,SF,1856308,D. Acosta Moliné,SF,2829962,D. Bordón Dri,SF,2444602,L. Riga,SF,2007163,D. Fernandez Trujillo,SF,0.4,22.0,2.0,2.0,0.0,218.2,218.2,0.0
2509194,2,984926,FUNDACIÓN CB CANARIAS,HOME,2734732,E. Prekevicius,SF,2362551,E. Lima Teixeira,SF,1856308,D. Acosta Moliné,SF,2044955,X. Lopez Rodriguez,SF,2181003,R. Rodriguez Galvan,SF,1.8,110.0,6.0,3.0,3.0,130.9,65.5,65.5
2509194,2,984926,FUNDACIÓN CB CANARIAS,HOME,2734732,E. Prekevicius,SF,2362551,E. Lima Teixeira,SF,1856308,D. Acosta Moliné,SF,2829962,D. Bordón Dri,SF,2444602,L. Riga,SF,0.7,39.0,4.0,0.0,4.0,246.2,0.0,246.2
2509194,2,984926,FUNDACIÓN CB CANARIAS,HOME,2734732,E. Prekevicius,SF,2362551,E. Lima Teixeira,SF,2829962,D. Bordón Dri,SF,1856308,D. Acosta Moliné,SF,2007163,D. Fernandez Trujillo,SF,0.8,46.0,0.0,0.0,0.0,0.0,0.0,0.0
2509194,2,984926,FUNDACIÓN CB CANARIAS,HOME,2734732,E. Prekevicius,SF,2362551,E. Lima Teixeira,SF,2829962,D. Bordón Dri,SF,1856308,D. Acosta Moliné,SF,2181003,R. Rodriguez Galvan,SF,0.8,48.0,2.0,3.0,-1.0,100.0,150.0,-50.0
2509194,2,984926,FUNDACIÓN CB CANARIAS,HOME,2734732,E. Prekevicius,SF,2829962,D. Bordón Dri,SF,1856308,D. Acosta Moliné,SF,2007163,D. Fernandez Trujillo,SF,2470375,M. Sangare,SF,2.0,119.0,7.0,3.0,4.0,141.2,60.5,80.7
2509194,2,984926,FUNDACIÓN CB CANARIAS,HOME,2829962,D. Bordón Dri,SF,1856308,D. Acosta Moliné,SF,2044955,X. Lopez Rodriguez,SF,2181003,R. Rodriguez Galvan,SF,2470375,M. Sangare,SF,3.4,207.0,5.0,5.0,0.0,58.0,58.0,0.0
2509194,2,984926,FUNDACIÓN CB CANARIAS,HOME,2829962,D. Bordón Dri,SF,1856308,D. Acosta Moliné,SF,2044955,X. Lopez Rodriguez,SF,2444602,L. Riga,SF,2181003,R. Rodriguez Galvan,SF,4.4,259.0,12.0,14.0,-2.0,111.2,129.7,-18.5
2509194,2,984926,FUNDACIÓN CB CANARIAS,HOME,2829962,D. Bordón Dri,SF,1856308,D. Acosta Moliné,SF,2181003,R. Rodriguez Galvan,SF,2007163,D. Fernandez Trujillo,SF,2470375,M. Sangare,SF,2.1,126.0,2.0,4.0,-2.0,38.1,76.2,-38.1
2509194,2,984926,FUNDACIÓN CB CANARIAS,HOME,2829962,D. Bordón Dri,SF,1856308,D. Acosta Moliné,SF,2444602,L. Riga,SF,2181003,R. Rodriguez Galvan,SF,2007163,D. Fernandez Trujillo,SF,0.1,8.0,0.0,1.0,-1.0,0.0,300.0,-300.0
2509195,2,984929,JOVENTUT BADALONA,HOME,1943849,F. Mauri Guillen,SF,2023675,A. Torres De La Torre,SF,2081709,E. Del Castillo Lindo,SF,2241509,H. Ruiz Zamorano,SF,2535717,K. Macías Book,SF,7.3,443.0,12.0,11.0,1.0,65.0,59.6,5.4
2509195,2,984929,JOVENTUT BADALONA,HOME,1943849,F. Mauri Guillen,SF,2023675,A. Torres De La Torre,SF,2081709,E. Del Castillo Lindo,SF,2641899,G. Graae Barbosa,SF,2241509,H. Ruiz Zamorano,SF,1.7,104.0,0.0,3.0,-3.0,0.0,69.2,-69.2
2509195,2,984929,JOVENTUT BADALONA,HOME,1943849,F. Mauri Guillen,SF,2023675,A. Torres De La Torre,SF,2081709,E. Del Castillo Lindo,SF,2845979,M. Buben,SF,2241509,H. Ruiz Zamorano,SF,7.9,472.0,18.0,13.0,5.0,91.5,66.1,25.4
2509195,2,984929,JOVENTUT BADALONA,HOME,1943849,F. Mauri Guillen,SF,2023675,A. Torres De La Torre,SF,2081709,E. Del Castillo Lindo,SF,2845979,M. Buben,SF,2528952,D. Niebla Santos,SF,1.0,61.0,2.0,6.0,-4.0,78.7,236.1,-157.4
2509195,2,984929,JOVENTUT BADALONA,HOME,1943849,F. Mauri Guillen,SF,2023675,A. Torres De La Torre,SF,2081709,E. Del Castillo Lindo,SF,2845979,M. Buben,SF,2535717,K. Macías Book,SF,8.4,502.0,14.0,17.0,-3.0,66.9,81.3,-14.3
2509195,2,984929,JOVENTUT BADALONA,HOME,2023675,A. Torres De La Torre,SF,2452873,M. Gil Llimona,SF,2081709,E. Del Castillo Lindo,SF,2641899,G. Graae Barbosa,SF,2241509,H. Ruiz Zamorano,SF,3.1,185.0,4.0,6.0,-2.0,51.9,77.8,-25.9
2509195,2,984929,JOVENTUT BADALONA,HOME,2023675,A. Torres De La Torre,SF,2452873,M. Gil Llimona,SF,2081709,E. Del Castillo Lindo,SF,2845979,M. Buben,SF,2241509,H. Ruiz Zamorano,SF,3.2,190.0,9.0,4.0,5.0,113.7,50.5,63.2
2509195,2,984929,JOVENTUT BADALONA,HOME,2023675,A. Torres De La Torre,SF,2452873,M. Gil Llimona,SF,2081709,E. Del Castillo Lindo,SF,2845979,M. Buben,SF,2535717,K. Macías Book,SF,5.1,313.0,9.0,15.0,-6.0,69.0,115.0,-46.0
2509195,2,984929,JOVENTUT BADALONA,HOME,2452873,M. Gil Llimona,SF,2023675,A. Torres De La Torre,SF,2081709,E. Del Castillo Lindo,SF,2845979,M. Buben,SF,2528952,D. Niebla Santos,SF,1.4,81.0,2.0,7.0,-5.0,59.3,207.4,-148.1
2509195,2,984929,JOVENTUT BADALONA,HOME,2452873,M. Gil Llimona,SF,2081709,E. Del Castillo Lindo,SF,2641899,G. Graae Barbosa,SF,2241509,H. Ruiz Zamorano,SF,2535717,K. Macías Book,SF,1.8,107.0,2.0,2.0,0.0,44.9,44.9,0.0
2509195,2,984929,JOVENTUT BADALONA,HOME,2452873,M. Gil Llimona,SF,2081709,E. Del Castillo Lindo,SF,2845979,M. Buben,SF,2241509,H. Ruiz Zamorano,SF,2535717,K. Macías Book,SF,1.1,68.0,2.0,5.0,-3.0,70.6,176.5,-105.9
2509195,2,984929,JOVENTUT BADALONA,HOME,2452873,M. Gil Llimona,SF,2081709,E. Del Castillo Lindo,SF,2845979,M. Buben,SF,2535717,K. Macías Book,SF,2528952,D. Niebla Santos,SF,2.9,174.0,6.0,3.0,3.0,82.8,41.4,41.4
2509195,2,984930,BAXI MANRESA,AWAY,2080257,M. Olvera Gimenez,SF,1959173,M. Rosell Lanza,SF,2145902,F. Torreblanca Catalan,SF,2738788,L. Bergseng,SF,2815468,S. Lederman,SF,1.0,61.0,0.0,0.0,0.0,0.0,0.0,0.0
2509195,2,984930,BAXI MANRESA,AWAY,2080257,M. Olvera Gimenez,SF,2739297,I. Francisco,SF,1959173,M. Rosell Lanza,SF,2145902,F. Torreblanca Catalan,SF,2738788,L. Bergseng,SF,1.6,95.0,3.0,3.0,0.0,75.8,75.8,0.0
2509195,2,984930,BAXI MANRESA,AWAY,2295371,G. Ecker Alberti,SF,1959173,M. Rosell Lanza,SF,2145902,F. Torreblanca Catalan,SF,2153495,J. Salo Blaya,SF,2815468,S. Lederman,SF,1.1,66.0,3.0,1.0,2.0,109.1,36.4,72.7
2509195,2,984930,BAXI MANRESA,AWAY,2295371,G. Ecker Alberti,SF,2145902,F. Torreblanca Catalan,SF,2153495,J. Salo Blaya,SF,2815468,S. Lederman,SF,2081670,G. Naspler Perez,SF,0.1,6.0,0.0,0.0,0.0,0.0,0.0,0.0
2509195,2,984930,BAXI MANRESA,AWAY,2334297,L. Sanchez Fernandez,SF,1959173,M. Rosell Lanza,SF,2081670,G. Naspler Perez,SF,2145902,F. Torreblanca Catalan,SF,2153495,J. Salo Blaya,SF,1.0,58.0,2.0,2.0,0.0,82.8,82.8,0.0
2509195,2,984930,BAXI MANRESA,AWAY,2334297,L. Sanchez Fernandez,SF,1959173,M. Rosell Lanza,SF,2081670,G. Naspler Perez,SF,2145902,F. Torreblanca Catalan,SF,2738788,L. Bergseng,SF,1.7,100.0,5.0,2.0,3.0,120.0,48.0,72.0
2509195,2,984930,BAXI MANRESA,AWAY,2334297,L. Sanchez Fernandez,SF,1959173,M. Rosell Lanza,SF,2081670,G. Naspler Perez,SF,2153495,J. Salo Blaya,SF,2145902,F. Torreblanca Catalan,SF,0.9,56.0,3.0,4.0,-1.0,128.6,171.4,-42.9
2509195,2,984930,BAXI MANRESA,AWAY,2334297,L. Sanchez Fernandez,SF,2150510,J. Pumarola Aguilar,SF,1959173,M. Rosell Lanza,SF,2081670,G. Naspler Perez,SF,2145902,F. Torreblanca Catalan,SF,2.4,142.0,13.0,4.0,9.0,219.7,67.6,152.1
2509195,2,984930,BAXI MANRESA,AWAY,2334297,L. Sanchez Fernandez,SF,2150510,J. Pumarola Aguilar,SF,2081670,G. Naspler Perez,SF,2145902,F. Torreblanca Catalan,SF,2738788,L. Bergseng,SF,2.6,157.0,4.0,4.0,0.0,61.1,61.1,0.0
2509195,2,984930,BAXI MANRESA,AWAY,2334297,L. Sanchez Fernandez,SF,2150510,J. Pumarola Aguilar,SF,2145902,F. Torreblanca Catalan,SF,2153495,J. Salo Blaya,SF,2815468,S. Lederman,SF,1.9,112.0,2.0,5.0,-3.0,42.9,107.1,-64.3
2509195,2,984930,BAXI MANRESA,AWAY,2334297,L. Sanchez Fernandez,SF,2150510,J. Pumarola Aguilar,SF,2738788,L. Bergseng,SF,2081670,G. Naspler Perez,SF,2528977,B. Jekabsons,SF,0.9,57.0,3.0,2.0,1.0,126.3,84.2,42.1
2509195,2,984930,BAXI MANRESA,AWAY,2334297,L. Sanchez Fernandez,SF,2295371,G. Ecker Alberti,SF,2153495,J. Salo Blaya,SF,2081670,G. Naspler Perez,SF,2528977,B. Jekabsons,SF,2.6,159.0,7.0,5.0,2.0,105.7,75.5,30.2
2509195,2,984930,BAXI MANRESA,AWAY,2334297,L. Sanchez Fernandez,SF,2295371,G. Ecker Alberti,SF,2153495,J. Salo Blaya,SF,2815468,S. Lederman,SF,2081670,G. Naspler Perez,SF,1.8,107.0,2.0,2.0,0.0,44.9,44.9,0.0
2509195,2,984930,BAXI MANRESA,AWAY,2334297,L. Sanchez Fernandez,SF,2528977,B. Jekabsons,SF,1959173,M. Rosell Lanza,SF,2081670,G. Naspler Perez,SF,2153495,J. Salo Blaya,SF,1.3,76.0,0.0,1.0,-1.0,0.0,31.6,-31.6
2509195,2,984930,BAXI MANRESA,AWAY,2334297,L. Sanchez Fernandez,SF,2528977,B. Jekabsons,SF,2295371,G. Ecker Alberti,SF,1959173,M. Rosell Lanza,SF,2153495,J. Salo Blaya,SF,2.8,170.0,4.0,2.0,2.0,56.5,28.2,28.2
2509195,2,984930,BAXI MANRESA,AWAY,2528977,B. Jekabsons,SF,2150510,J. Pumarola Aguilar,SF,2738788,L. Bergseng,SF,2145902,F. Torreblanca Catalan,SF,2815468,S. Lederman,SF,1.9,115.0,3.0,2.0,1.0,62.6,41.7,20.9
2509195,2,984930,BAXI MANRESA,AWAY,2528977,B. Jekabsons,SF,2295371,G. Ecker Alberti,SF,2150510,J. Pumarola Aguilar,SF,2145902,F. Torreblanca Catalan,SF,2815468,S. Lederman,SF,1.7,102.0,5.0,5.0,0.0,117.6,117.6,0.0
2509195,2,984930,BAXI MANRESA,AWAY,2528977,B. Jekabsons,SF,2334297,L. Sanchez Fernandez,SF,1959173,M. Rosell Lanza,SF,2081670,G. Naspler Perez,SF,2153495,J. Salo Blaya,SF,1.4,85.0,2.0,0.0,2.0,56.5,0.0,56.5
2509195,2,984930,BAXI MANRESA,AWAY,2528977,B. Jekabsons,SF,2334297,L. Sanchez Fernandez,SF,1959173,M. Rosell Lanza,SF,2150510,J. Pumarola Aguilar,SF,2738788,L. Bergseng,SF,1.8,109.0,4.0,6.0,-2.0,88.1,132.1,-44.0
2509195,2,984930,BAXI MANRESA,AWAY,2528977,B. Jekabsons,SF,2334297,L. Sanchez Fernandez,SF,2150510,J. Pumarola Aguilar,SF,2081670,G. Naspler Perez,SF,2738788,L. Bergseng,SF,1.2,72.0,2.0,2.0,0.0,66.7,66.7,0.0
2509195,2,984930,BAXI MANRESA,AWAY,2528977,B. Jekabsons,SF,2334297,L. Sanchez Fernandez,SF,2150510,J. Pumarola Aguilar,SF,2145902,F. Torreblanca Catalan,SF,2153495,J. Salo Blaya,SF,2.1,127.0,4.0,4.0,0.0,75.6,75.6,0.0
2509195,2,984930,BAXI MANRESA,AWAY,2528977,B. Jekabsons,SF,2739297,I. Francisco,SF,1959173,M. Rosell Lanza,SF,2150510,J. Pumarola Aguilar,SF,2738788,L. Bergseng,SF,1.6,96.0,3.0,2.0,1.0,75.0,50.0,25.0
2509195,2,984930,BAXI MANRESA,AWAY,2739297,I. Francisco,SF,1959173,M. Rosell Lanza,SF,2081670,G. Naspler Perez,SF,2145902,F. Torreblanca Catalan,SF,2153495,J. Salo Blaya,SF,1.3,78.0,4.0,5.0,-1.0,123.1,153.8,-30.8
2509195,2,984930,BAXI MANRESA,AWAY,2739297,I. Francisco,SF,1959173,M. Rosell Lanza,SF,2081670,G. Naspler Perez,SF,2145902,F. Torreblanca Catalan,SF,2738788,L. Bergseng,SF,2.2,130.0,5.0,5.0,0.0,92.3,92.3,0.0
2509195,2,984930,BAXI MANRESA,AWAY,2739297,I. Francisco,SF,1959173,M. Rosell Lanza,SF,2081670,G. Naspler Perez,SF,2153495,J. Salo Blaya,SF,2145902,F. Torreblanca Catalan,SF,0.7,42.0,0.0,2.0,-2.0,0.0,114.3,-114.3
2509195,2,984930,BAXI MANRESA,AWAY,2739297,I. Francisco,SF,1959173,M. Rosell Lanza,SF,2150510,J. Pumarola Aguilar,SF,2145902,F. Torreblanca Catalan,SF,2738788,L. Bergseng,SF,3.4,205.0,6.0,7.0,-1.0,70.2,82.0,-11.7
2509195,2,984930,BAXI MANRESA,AWAY,2739297,I. Francisco,SF,2150510,J. Pumarola Aguilar,SF,2081670,G. Naspler Perez,SF,2145902,F. Torreblanca Catalan,SF,2738788,L. Bergseng,SF,0.7,44.0,2.0,1.0,1.0,109.1,54.5,54.5
2509195,2,984930,BAXI MANRESA,AWAY,2739297,I. Francisco,SF,2150510,J. Pumarola Aguilar,SF,2081670,G. Naspler Perez,SF,2738788,L. Bergseng,SF,2145902,F. Torreblanca Catalan,SF,1.2,73.0,1.0,2.0,-1.0,32.9,65.8,-32.9
2509196,3,984791,BURGOS GRUPO DE SANTIAGO,AWAY,2610623,L. Krispin,SF,2162563,A. Laso Careaga,SF,2661261,R. Rodriguez,SF,2045029,D. Rodriguez Ramos,SF,2103560,A. Reyes Abad,SF,1.3,80.0,2.0,3.0,-1.0,60.0,90.0,-30.0
2509196,3,984791,BURGOS GRUPO DE SANTIAGO,AWAY,2610623,L. Krispin,SF,2535384,M. Bella Cabañas,SF,2045029,D. Rodriguez Ramos,SF,2103560,A. Reyes Abad,SF,2690845,F. Nuñez,SF,0.9,56.0,2.0,0.0,2.0,85.7,0.0,85.7
2509196,3,984791,BURGOS GRUPO DE SANTIAGO,AWAY,2610623,L. Krispin,SF,2535384,M. Bella Cabañas,SF,2045029,D. Rodriguez Ramos,SF,2436134,A. Traore,SF,2690845,F. Nuñez,SF,4.0,246.0,8.0,6.0,2.0,78.0,58.5,19.5
2509196,3,984791,BURGOS GRUPO DE SANTIAGO,AWAY,2610623,L. Krispin,SF,2535384,M. Bella Cabañas,SF,2103560,A. Reyes Abad,SF,2436134,A. Traore,SF,2690845,F. Nuñez,SF,0.4,25.0,2.0,2.0,0.0,192.0,192.0,0.0
2509196,3,984791,BURGOS GRUPO DE SANTIAGO,AWAY,2610623,L. Krispin,SF,2535384,M. Bella Cabañas,SF,2162563,A. Laso Careaga,SF,2045029,D. Rodriguez Ramos,SF,2103560,A. Reyes Abad,SF,1.9,113.0,1.0,2.0,-1.0,21.2,42.5,-21.2
2509196,3,984791,BURGOS GRUPO DE SANTIAGO,AWAY,2610623,L. Krispin,SF,2535384,M. Bella Cabañas,SF,2162563,A. Laso Careaga,SF,2045029,D. Rodriguez Ramos,SF,2436134,A. Traore,SF,2.7,165.0,2.0,3.0,-1.0,29.1,43.6,-14.5
2509196,3,984791,BURGOS GRUPO DE SANTIAGO,AWAY,2610623,L. Krispin,SF,2535384,M. Bella Cabañas,SF,2162563,A. Laso Careaga,SF,2661261,R. Rodriguez,SF,2045029,D. Rodriguez Ramos,SF,0.7,39.0,0.0,1.0,-1.0,0.0,61.5,-61.5
2509196,3,984791,BURGOS GRUPO DE SANTIAGO,AWAY,2610623,L. Krispin,SF,2535384,M. Bella Cabañas,SF,2661261,R. Rodriguez,SF,2045029,D. Rodriguez Ramos,SF,2103560,A. Reyes Abad,SF,0.1,5.0,2.0,3.0,-1.0,960.0,1440.0,-480.0
2509196,3,984791,BURGOS GRUPO DE SANTIAGO,AWAY,2610623,L. Krispin,SF,2535384,M. Bella Cabañas,SF,2661261,R. Rodriguez,SF,2045029,D. Rodriguez Ramos,SF,2436134,A. Traore,SF,1.1,68.0,0.0,5.0,-5.0,0.0,176.5,-176.5
2509196,3,984791,BURGOS GRUPO DE SANTIAGO,AWAY,2610623,L. Krispin,SF,2535384,M. Bella Cabañas,SF,2661261,R. Rodriguez,SF,2045029,D. Rodriguez Ramos,SF,2690845,F. Nuñez,SF,0.5,28.0,2.0,2.0,0.0,171.4,171.4,0.0
2509196,3,984791,BURGOS GRUPO DE SANTIAGO,AWAY,2610623,L. Krispin,SF,2535384,M. Bella Cabañas,SF,2661261,R. Rodriguez,SF,2210291,E. Franco Sanz,SF,2103560,A. Reyes Abad,SF,4.4,259.0,6.0,10.0,-4.0,55.6,92.7,-37.1
2509196,3,984791,BURGOS GRUPO DE SANTIAGO,AWAY,2610623,L. Krispin,SF,2535384,M. Bella Cabañas,SF,2790234,J. Taboada Lühers,SF,2103560,A. Reyes Abad,SF,2436134,A. Traore,SF,2.9,173.0,4.0,3.0,1.0,55.5,41.6,13.9
2509196,3,984791,BURGOS GRUPO DE SANTIAGO,AWAY,2610623,L. Krispin,SF,2535384,M. Bella Cabañas,SF,2790234,J. Taboada Lühers,SF,2103560,A. Reyes Abad,SF,2690845,F. Nuñez,SF,1.8,109.0,5.0,2.0,3.0,110.1,44.0,66.1
2509196,3,984791,BURGOS GRUPO DE SANTIAGO,AWAY,2610623,L. Krispin,SF,2535384,M. Bella Cabañas,SF,2790234,J. Taboada Lühers,SF,2661261,R. Rodriguez,SF,2103560,A. Reyes Abad,SF,1.6,93.0,3.0,6.0,-3.0,77.4,154.8,-77.4
2509196,3,984791,BURGOS GRUPO DE SANTIAGO,AWAY,2610623,L. Krispin,SF,2661261,R. Rodriguez,SF,2103560,A. Reyes Abad,SF,2436134,A. Traore,SF,2690845,F. Nuñez,SF,0.9,56.0,0.0,3.0,-3.0,0.0,128.6,-128.6
2509196,3,984791,BURGOS GRUPO DE SANTIAGO,AWAY,2610623,L. Krispin,SF,2790234,J. Taboada Lühers,SF,2103560,A. Reyes Abad,SF,2436134,A. Traore,SF,2690845,F. Nuñez,SF,0.3,21.0,0.0,0.0,0.0,0.0,0.0,0.0
2509196,3,984791,BURGOS GRUPO DE SANTIAGO,AWAY,2610623,L. Krispin,SF,2790234,J. Taboada Lühers,SF,2162563,A. Laso Careaga,SF,2661261,R. Rodriguez,SF,2045029,D. Rodriguez Ramos,SF,0.8,46.0,0.0,0.0,0.0,0.0,0.0,0.0
2509196,3,984791,BURGOS GRUPO DE SANTIAGO,AWAY,2610623,L. Krispin,SF,2790234,J. Taboada Lühers,SF,2162563,A. Laso Careaga,SF,2661261,R. Rodriguez,SF,2103560,A. Reyes Abad,SF,6.0,365.0,14.0,13.0,1.0,92.1,85.5,6.6
2509196,3,984791,BURGOS GRUPO DE SANTIAGO,AWAY,2610623,L. Krispin,SF,2790234,J. Taboada Lühers,SF,2661261,R. Rodriguez,SF,2045029,D. Rodriguez Ramos,SF,2436134,A. Traore,SF,5.2,316.0,9.0,10.0,-1.0,68.4,75.9,-7.6
2509196,3,984791,BURGOS GRUPO DE SANTIAGO,AWAY,2610623,L. Krispin,SF,2790234,J. Taboada Lühers,SF,2661261,R. Rodriguez,SF,2103560,A. Reyes Abad,SF,2436134,A. Traore,SF,1.5,90.0,5.0,2.0,3.0,133.3,53.3,80.0
2509196,3,984791,BURGOS GRUPO DE SANTIAGO,AWAY,2610623,L. Krispin,SF,2790234,J. Taboada Lühers,SF,2661261,R. Rodriguez,SF,2436134,A. Traore,SF,2690845,F. Nuñez,SF,0.8,47.0,0.0,2.0,-2.0,0.0,102.1,-102.1
2509196,3,984928,BARÇA ATLÈTIC,HOME,2166517,D. Gonzalez Castro,SF,2550554,S. Keita,SF,2256034,J. Cerdan Palacios,SF,2458688,E. Montaner García,SF,2641337,J. Boumtje Boumtje,SF,1.2,75.0,2.0,2.0,0.0,64.0,64.0,0.0
2509196,3,984928,BARÇA ATLÈTIC,HOME,2166517,D. Gonzalez Castro,SF,2550554,S. Keita,SF,2256034,J. Cerdan Palacios,SF,2641337,J. Boumtje Boumtje,SF,2561463,D. Ferreras Camarero,SF,0.9,54.0,0.0,0.0,0.0,0.0,0.0,0.0
2509196,3,984928,BARÇA ATLÈTIC,HOME,2166517,D. Gonzalez Castro,SF,2550554,S. Keita,SF,2256034,J. Cerdan Palacios,SF,2641337,J. Boumtje Boumtje,SF,2642172,J. Siftar,SF,1.5,95.0,5.0,4.0,1.0,126.3,101.1,25.3
2509196,3,984928,BARÇA ATLÈTIC,HOME,2166517,D. Gonzalez Castro,SF,2550554,S. Keita,SF,2256034,J. Cerdan Palacios,SF,2647995,M. Keita,SF,2642172,J. Siftar,SF,0.7,40.0,0.0,0.0,0.0,0.0,0.0,0.0
2509196,3,984928,BARÇA ATLÈTIC,HOME,2166517,D. Gonzalez Castro,SF,2550554,S. Keita,SF,2561463,D. Ferreras Camarero,SF,2256034,J. Cerdan Palacios,SF,2641337,J. Boumtje Boumtje,SF,0.1,9.0,2.0,0.0,2.0,533.3,0.0,533.3
2509196,3,984928,BARÇA ATLÈTIC,HOME,2166517,D. Gonzalez Castro,SF,2550554,S. Keita,SF,2561463,D. Ferreras Camarero,SF,2641337,J. Boumtje Boumtje,SF,2646614,N. Kusturica,SF,11.9,718.0,33.0,21.0,12.0,110.3,70.2,40.1
2509196,3,984928,BARÇA ATLÈTIC,HOME,2166517,D. Gonzalez Castro,SF,2550554,S. Keita,SF,2641337,J. Boumtje Boumtje,SF,2646614,N. Kusturica,SF,2561463,D. Ferreras Camarero,SF,1.8,106.0,2.0,3.0,-1.0,45.3,67.9,-22.6
2509196,3,984928,BARÇA ATLÈTIC,HOME,2166517,D. Gonzalez Castro,SF,2550554,S. Keita,SF,2641337,J. Boumtje Boumtje,SF,2646614,N. Kusturica,SF,2642172,J. Siftar,SF,0.7,40.0,4.0,0.0,4.0,240.0,0.0,240.0
2509196,3,984928,BARÇA ATLÈTIC,HOME,2166517,D. Gonzalez Castro,SF,2550554,S. Keita,SF,2647995,M. Keita,SF,2256034,J. Cerdan Palacios,SF,2646614,N. Kusturica,SF,0.2,15.0,0.0,0.0,0.0,0.0,0.0,0.0
2509196,3,984928,BARÇA ATLÈTIC,HOME,2166517,D. Gonzalez Castro,SF,2550554,S. Keita,SF,2647995,M. Keita,SF,2561463,D. Ferreras Camarero,SF,2646614,N. Kusturica,SF,2.6,159.0,2.0,7.0,-5.0,30.2,105.7,-75.5
2509196,3,984928,BARÇA ATLÈTIC,HOME,2166517,D. Gonzalez Castro,SF,2561463,D. Ferreras Camarero,SF,2256034,J. Cerdan Palacios,SF,2458688,E. Montaner García,SF,2641337,J. Boumtje Boumtje,SF,0.3,16.0,2.0,1.0,1.0,300.0,150.0,150.0
2509196,3,984928,BARÇA ATLÈTIC,HOME,2166517,D. Gonzalez Castro,SF,2642482,A. Kone,SF,2256034,J. Cerdan Palacios,SF,2458688,E. Montaner García,SF,2641337,J. Boumtje Boumtje,SF,0.9,56.0,0.0,2.0,-2.0,0.0,85.7,-85.7
2509196,3,984928,BARÇA ATLÈTIC,HOME,2166517,D. Gonzalez Castro,SF,2642482,A. Kone,SF,2256034,J. Cerdan Palacios,SF,2647995,M. Keita,SF,2642172,J. Siftar,SF,2.3,135.0,2.0,1.0,1.0,35.6,17.8,17.8
2509196,3,984928,BARÇA ATLÈTIC,HOME,2166517,D. Gonzalez Castro,SF,2642482,A. Kone,SF,2641337,J. Boumtje Boumtje,SF,2646614,N. Kusturica,SF,2561463,D. Ferreras Camarero,SF,2.2,135.0,6.0,6.0,0.0,106.7,106.7,0.0
2509196,3,984928,BARÇA ATLÈTIC,HOME,2166517,D. Gonzalez Castro,SF,2642482,A. Kone,SF,2647995,M. Keita,SF,2256034,J. Cerdan Palacios,SF,2646614,N. Kusturica,SF,2.2,134.0,4.0,7.0,-3.0,71.6,125.4,-53.7
2509196,3,984928,BARÇA ATLÈTIC,HOME,2166517,D. Gonzalez Castro,SF,2642482,A. Kone,SF,2647995,M. Keita,SF,2646614,N. Kusturica,SF,2642172,J. Siftar,SF,1.8,108.0,4.0,5.0,-1.0,88.9,111.1,-22.2
2509196,3,984928,BARÇA ATLÈTIC,HOME,2166517,D. Gonzalez Castro,SF,2647995,M. Keita,SF,2256034,J. Cerdan Palacios,SF,2641337,J. Boumtje Boumtje,SF,2646614,N. Kusturica,SF,2.3,137.0,4.0,4.0,0.0,70.1,70.1,0.0
2509196,3,984928,BARÇA ATLÈTIC,HOME,2550554,S. Keita,SF,2561463,D. Ferreras Camarero,SF,2641337,J. Boumtje Boumtje,SF,2646614,N. Kusturica,SF,2642172,J. Siftar,SF,1.5,85.0,1.0,0.0,1.0,28.2,0.0,28.2
2509196,3,984928,BARÇA ATLÈTIC,HOME,2642482,A. Kone,SF,2256034,J. Cerdan Palacios,SF,2647995,M. Keita,SF,2218824,O. Filba Gonzalez,SF,2642172,J. Siftar,SF,0.6,35.0,0.0,0.0,0.0,0.0,0.0,0.0
2509196,3,984928,BARÇA ATLÈTIC,HOME,2642482,A. Kone,SF,2561463,D. Ferreras Camarero,SF,2641337,J. Boumtje Boumtje,SF,2646614,N. Kusturica,SF,2642172,J. Siftar,SF,2.0,123.0,3.0,2.0,1.0,58.5,39.0,19.5
2509196,3,984928,BARÇA ATLÈTIC,HOME,2642482,A. Kone,SF,2647995,M. Keita,SF,2561463,D. Ferreras Camarero,SF,2256034,J. Cerdan Palacios,SF,2458688,E. Montaner García,SF,1.1,66.0,2.0,0.0,2.0,72.7,0.0,72.7
2509196,3,984928,BARÇA ATLÈTIC,HOME,2642482,A. Kone,SF,2647995,M. Keita,SF,2561463,D. Ferreras Camarero,SF,2256034,J. Cerdan Palacios,SF,2642172,J. Siftar,SF,0.8,47.0,0.0,1.0,-1.0,0.0,51.1,-51.1
2509196,3,984928,BARÇA ATLÈTIC,HOME,2647995,M. Keita,SF,2561463,D. Ferreras Camarero,SF,2256034,J. Cerdan Palacios,SF,2458688,E. Montaner García,SF,2641337,J. Boumtje Boumtje,SF,0.2,12.0,0.0,1.0,-1.0,0.0,200.0,-200.0
2509197,3,984926,FUNDACIÓN CB CANARIAS,HOME,2044955,X. Lopez Rodriguez,SF,2444602,L. Riga,SF,2181003,R. Rodriguez Galvan,SF,2007163,D. Fernandez Trujillo,SF,2470375,M. Sangare,SF,0.9,55.0,3.0,2.0,1.0,130.9,87.3,43.6
2509197,3,984926,FUNDACIÓN CB CANARIAS,HOME,2362551,E. Lima Teixeira,SF,2829962,D. Bordón Dri,SF,2044955,X. Lopez Rodriguez,SF,2444602,L. Riga,SF,2181003,R. Rodriguez Galvan,SF,1.1,68.0,5.0,3.0,2.0,176.5,105.9,70.6
2509197,3,984926,FUNDACIÓN CB CANARIAS,HOME,2362551,E. Lima Teixeira,SF,2829962,D. Bordón Dri,SF,2181003,R. Rodriguez Galvan,SF,2007163,D. Fernandez Trujillo,SF,2470375,M. Sangare,SF,0.4,23.0,0.0,0.0,0.0,0.0,0.0,0.0
2509197,3,984926,FUNDACIÓN CB CANARIAS,HOME,2476064,B. Lipasi Yitu,SF,2044955,X. Lopez Rodriguez,SF,2181003,R. Rodriguez Galvan,SF,2007163,D. Fernandez Trujillo,SF,2470375,M. Sangare,SF,1.0,60.0,5.0,2.0,3.0,200.0,80.0,120.0
2509197,3,984926,FUNDACIÓN CB CANARIAS,HOME,2476064,B. Lipasi Yitu,SF,2362551,E. Lima Teixeira,SF,2829962,D. Bordón Dri,SF,2044955,X. Lopez Rodriguez,SF,2181003,R. Rodriguez Galvan,SF,0.1,8.0,2.0,0.0,2.0,600.0,0.0,600.0
2509197,3,984926,FUNDACIÓN CB CANARIAS,HOME,2476064,B. Lipasi Yitu,SF,2362551,E. Lima Teixeira,SF,2829962,D. Bordón Dri,SF,2181003,R. Rodriguez Galvan,SF,2007163,D. Fernandez Trujillo,SF,1.4,84.0,4.0,2.0,2.0,114.3,57.1,57.1
2509197,3,984926,FUNDACIÓN CB CANARIAS,HOME,2476064,B. Lipasi Yitu,SF,2829962,D. Bordón Dri,SF,2044955,X. Lopez Rodriguez,SF,2007163,D. Fernandez Trujillo,SF,2470375,M. Sangare,SF,3.1,182.0,6.0,4.0,2.0,79.1,52.7,26.4
2509197,3,984926,FUNDACIÓN CB CANARIAS,HOME,2476064,B. Lipasi Yitu,SF,2829962,D. Bordón Dri,SF,2044955,X. Lopez Rodriguez,SF,2181003,R. Rodriguez Galvan,SF,2007163,D. Fernandez Trujillo,SF,0.1,8.0,2.0,1.0,1.0,600.0,300.0,300.0
2509197,3,984926,FUNDACIÓN CB CANARIAS,HOME,2476064,B. Lipasi Yitu,SF,2829962,D. Bordón Dri,SF,2044955,X. Lopez Rodriguez,SF,2181003,R. Rodriguez Galvan,SF,2470375,M. Sangare,SF,4.3,258.0,2.0,14.0,-12.0,18.6,130.2,-111.6
2509197,3,984926,FUNDACIÓN CB CANARIAS,HOME,2476064,B. Lipasi Yitu,SF,2829962,D. Bordón Dri,SF,2181003,R. Rodriguez Galvan,SF,2007163,D. Fernandez Trujillo,SF,2470375,M. Sangare,SF,2.0,125.0,2.0,7.0,-5.0,38.4,134.4,-96.0
2509197,3,984926,FUNDACIÓN CB CANARIAS,HOME,2476064,B. Lipasi Yitu,SF,2829962,D. Bordón Dri,SF,2444602,L. Riga,SF,2181003,R. Rodriguez Galvan,SF,2007163,D. Fernandez Trujillo,SF,0.3,19.0,0.0,0.0,0.0,0.0,0.0,0.0
2509197,3,984926,FUNDACIÓN CB CANARIAS,HOME,2734732,E. Prekevicius,SF,2362551,E. Lima Teixeira,SF,2829962,D. Bordón Dri,SF,2044955,X. Lopez Rodriguez,SF,2470375,M. Sangare,SF,2.7,159.0,7.0,14.0,-7.0,105.7,211.3,-105.7
2509197,3,984926,FUNDACIÓN CB CANARIAS,HOME,2734732,E. Prekevicius,SF,2362551,E. Lima Teixeira,SF,2829962,D. Bordón Dri,SF,2444602,L. Riga,SF,2044955,X. Lopez Rodriguez,SF,1.9,117.0,7.0,6.0,1.0,143.6,123.1,20.5
2509197,3,984926,FUNDACIÓN CB CANARIAS,HOME,2734732,E. Prekevicius,SF,2362551,E. Lima Teixeira,SF,2829962,D. Bordón Dri,SF,2444602,L. Riga,SF,2181003,R. Rodriguez Galvan,SF,1.3,79.0,2.0,4.0,-2.0,60.8,121.5,-60.8
2509197,3,984926,FUNDACIÓN CB CANARIAS,HOME,2734732,E. Prekevicius,SF,2476064,B. Lipasi Yitu,SF,2362551,E. Lima Teixeira,SF,2829962,D. Bordón Dri,SF,2007163,D. Fernandez Trujillo,SF,0.2,15.0,2.0,0.0,2.0,320.0,0.0,320.0
2509197,3,984926,FUNDACIÓN CB CANARIAS,HOME,2734732,E. Prekevicius,SF,2476064,B. Lipasi Yitu,SF,2362551,E. Lima Teixeira,SF,2829962,D. Bordón Dri,SF,2181003,R. Rodriguez Galvan,SF,3.5,217.0,6.0,5.0,1.0,66.4,55.3,11.1
2509197,3,984926,FUNDACIÓN CB CANARIAS,HOME,2734732,E. Prekevicius,SF,2476064,B. Lipasi Yitu,SF,2829962,D. Bordón Dri,SF,2044955,X. Lopez Rodriguez,SF,2470375,M. Sangare,SF,0.9,50.0,4.0,2.0,2.0,192.0,96.0,96.0
2509197,3,984926,FUNDACIÓN CB CANARIAS,HOME,2734732,E. Prekevicius,SF,2476064,B. Lipasi Yitu,SF,2829962,D. Bordón Dri,SF,2444602,L. Riga,SF,2044955,X. Lopez Rodriguez,SF,0.4,26.0,0.0,0.0,0.0,0.0,0.0,0.0
2509197,3,984926,FUNDACIÓN CB CANARIAS,HOME,2734732,E. Prekevicius,SF,2829962,D. Bordón Dri,SF,2044955,X. Lopez Rodriguez,SF,2181003,R. Rodriguez Galvan,SF,2470375,M. Sangare,SF,4.0,237.0,11.0,7.0,4.0,111.4,70.9,40.5
2509197,3,984926,FUNDACIÓN CB CANARIAS,HOME,2734732,E. Prekevicius,SF,2829962,D. Bordón Dri,SF,2044955,X. Lopez Rodriguez,SF,2444602,L. Riga,SF,2470375,M. Sangare,SF,1.7,104.0,4.0,3.0,1.0,92.3,69.2,23.1
2509197,3,984926,FUNDACIÓN CB CANARIAS,HOME,2734732,E. Prekevicius,SF,2829962,D. Bordón Dri,SF,2444602,L. Riga,SF,2044955,X. Lopez Rodriguez,SF,2181003,R. Rodriguez Galvan,SF,0.2,13.0,0.0,2.0,-2.0,0.0,369.2,-369.2
2509197,3,984926,FUNDACIÓN CB CANARIAS,HOME,2829962,D. Bordón Dri,SF,2044955,X. Lopez Rodriguez,SF,2444602,L. Riga,SF,2181003,R. Rodriguez Galvan,SF,2470375,M. Sangare,SF,4.3,258.0,9.0,9.0,0.0,83.7,83.7,0.0
2509197,3,984926,FUNDACIÓN CB CANARIAS,HOME,2829962,D. Bordón Dri,SF,2444602,L. Riga,SF,2044955,X. Lopez Rodriguez,SF,2007163,D. Fernandez Trujillo,SF,2470375,M. Sangare,SF,2.1,123.0,7.0,4.0,3.0,136.6,78.0,58.5
2509197,3,984926,FUNDACIÓN CB CANARIAS,HOME,2829962,D. Bordón Dri,SF,2444602,L. Riga,SF,2044955,X. Lopez Rodriguez,SF,2181003,R. Rodriguez Galvan,SF,2470375,M. Sangare,SF,4.7,284.0,4.0,6.0,-2.0,33.8,50.7,-16.9
2509197,3,984926,FUNDACIÓN CB CANARIAS,HOME,2829962,D. Bordón Dri,SF,2444602,L. Riga,SF,2181003,R. Rodriguez Galvan,SF,2007163,D. Fernandez Trujillo,SF,2470375,M. Sangare,SF,2.1,128.0,8.0,6.0,2.0,150.0,112.5,37.5
2509197,3,984927,CASADEMONT ZARAGOZA,AWAY,1975428,C. Alias Bermudez,SF,2125634,J. Garcia Sanchez,SF,2438847,A. Savkov,SF,2646355,M. Lukic,SF,2008960,A. Moreno Valero,SF,0.2,13.0,2.0,0.0,2.0,369.2,0.0,369.2
2509197,3,984927,CASADEMONT ZARAGOZA,AWAY,1975428,C. Alias Bermudez,SF,2125634,J. Garcia Sanchez,SF,2704549,K. Soumalia Salif,SF,2646355,M. Lukic,SF,2438847,A. Savkov,SF,3.5,208.0,11.0,2.0,9.0,126.9,23.1,103.8
2509197,3,984927,CASADEMONT ZARAGOZA,AWAY,1975428,C. Alias Bermudez,SF,2648124,A. Rodriguez Aguila,SF,2073295,R. Valero Lopez,SF,2646355,M. Lukic,SF,2382632,A. Cativiela Aisa,SF,0.8,48.0,2.0,4.0,-2.0,100.0,200.0,-100.0
2509197,3,984927,CASADEMONT ZARAGOZA,AWAY,1975428,C. Alias Bermudez,SF,2648124,A. Rodriguez Aguila,SF,2125634,J. Garcia Sanchez,SF,2008960,A. Moreno Valero,SF,2207996,M. Auciello Cubells,SF,0.4,23.0,2.0,2.0,0.0,208.7,208.7,0.0
2509197,3,984927,CASADEMONT ZARAGOZA,AWAY,1975428,C. Alias Bermudez,SF,2648124,A. Rodriguez Aguila,SF,2125634,J. Garcia Sanchez,SF,2073295,R. Valero Lopez,SF,2646355,M. Lukic,SF,0.3,17.0,0.0,1.0,-1.0,0.0,141.2,-141.2
2509197,3,984927,CASADEMONT ZARAGOZA,AWAY,1975428,C. Alias Bermudez,SF,2648124,A. Rodriguez Aguila,SF,2125634,J. Garcia Sanchez,SF,2438847,A. Savkov,SF,2646355,M. Lukic,SF,2.9,171.0,6.0,11.0,-5.0,84.2,154.4,-70.2
2509197,3,984927,CASADEMONT ZARAGOZA,AWAY,1975428,C. Alias Bermudez,SF,2648124,A. Rodriguez Aguila,SF,2125634,J. Garcia Sanchez,SF,2646355,M. Lukic,SF,2438847,A. Savkov,SF,0.8,44.0,4.0,2.0,2.0,218.2,109.1,109.1
2509197,3,984927,CASADEMONT ZARAGOZA,AWAY,1975428,C. Alias Bermudez,SF,2648124,A. Rodriguez Aguila,SF,2646355,M. Lukic,SF,2008960,A. Moreno Valero,SF,2438847,A. Savkov,SF,4.3,258.0,9.0,9.0,0.0,83.7,83.7,0.0
2509197,3,984927,CASADEMONT ZARAGOZA,AWAY,1975428,C. Alias Bermudez,SF,2704549,K. Soumalia Salif,SF,2125634,J. Garcia Sanchez,SF,2438847,A. Savkov,SF,2646355,M. Lukic,SF,3.1,185.0,3.0,4.0,-1.0,38.9,51.9,-13.0
2509197,3,984927,CASADEMONT ZARAGOZA,AWAY,1975428,C. Alias Bermudez,SF,2736780,S. Faye,SF,2438847,A. Savkov,SF,2008960,A. Moreno Valero,SF,2382632,A. Cativiela Aisa,SF,0.8,50.0,5.0,0.0,5.0,240.0,0.0,240.0
2509197,3,984927,CASADEMONT ZARAGOZA,AWAY,1975428,C. Alias Bermudez,SF,2736780,S. Faye,SF,2438847,A. Savkov,SF,2646355,M. Lukic,SF,2008960,A. Moreno Valero,SF,3.2,194.0,7.0,7.0,0.0,86.6,86.6,0.0
2509197,3,984927,CASADEMONT ZARAGOZA,AWAY,1975428,C. Alias Bermudez,SF,2736780,S. Faye,SF,2438847,A. Savkov,SF,2646355,M. Lukic,SF,2382632,A. Cativiela Aisa,SF,2.7,162.0,6.0,5.0,1.0,88.9,74.1,14.8
2509197,3,984927,CASADEMONT ZARAGOZA,AWAY,1975428,C. Alias Bermudez,SF,2736780,S. Faye,SF,2646355,M. Lukic,SF,2008960,A. Moreno Valero,SF,2438847,A. Savkov,SF,0.4,26.0,0.0,0.0,0.0,0.0,0.0,0.0
2509197,3,984927,CASADEMONT ZARAGOZA,AWAY,1975428,C. Alias Bermudez,SF,2736780,S. Faye,SF,2648124,A. Rodriguez Aguila,SF,2646355,M. Lukic,SF,2382632,A. Cativiela Aisa,SF,0.7,43.0,0.0,5.0,-5.0,0.0,279.1,-279.1
2509197,3,984927,CASADEMONT ZARAGOZA,AWAY,1975428,C. Alias Bermudez,SF,2736780,S. Faye,SF,2704549,K. Soumalia Salif,SF,2008960,A. Moreno Valero,SF,2382632,A. Cativiela Aisa,SF,2.1,128.0,6.0,8.0,-2.0,112.5,150.0,-37.5
2509197,3,984927,CASADEMONT ZARAGOZA,AWAY,2073295,R. Valero Lopez,SF,2125634,J. Garcia Sanchez,SF,2704549,K. Soumalia Salif,SF,2008960,A. Moreno Valero,SF,2382632,A. Cativiela Aisa,SF,2.0,121.0,3.0,2.0,1.0,59.5,39.7,19.8
2509197,3,984927,CASADEMONT ZARAGOZA,AWAY,2073295,R. Valero Lopez,SF,2125634,J. Garcia Sanchez,SF,2704549,K. Soumalia Salif,SF,2646355,M. Lukic,SF,2008960,A. Moreno Valero,SF,0.7,44.0,0.0,2.0,-2.0,0.0,109.1,-109.1
2509197,3,984927,CASADEMONT ZARAGOZA,AWAY,2125634,J. Garcia Sanchez,SF,2704549,K. Soumalia Salif,SF,2008960,A. Moreno Valero,SF,2207996,M. Auciello Cubells,SF,2382632,A. Cativiela Aisa,SF,0.8,46.0,0.0,2.0,-2.0,0.0,104.3,-104.3
2509197,3,984927,CASADEMONT ZARAGOZA,AWAY,2125634,J. Garcia Sanchez,SF,2704549,K. Soumalia Salif,SF,2073295,R. Valero Lopez,SF,2008960,A. Moreno Valero,SF,2382632,A. Cativiela Aisa,SF,1.8,110.0,8.0,2.0,6.0,174.5,43.6,130.9
2509197,3,984927,CASADEMONT ZARAGOZA,AWAY,2648124,A. Rodriguez Aguila,SF,2073295,R. Valero Lopez,SF,2125634,J. Garcia Sanchez,SF,2008960,A. Moreno Valero,SF,2382632,A. Cativiela Aisa,SF,0.5,32.0,2.0,0.0,2.0,150.0,0.0,150.0
2509197,3,984927,CASADEMONT ZARAGOZA,AWAY,2648124,A. Rodriguez Aguila,SF,2125634,J. Garcia Sanchez,SF,2438847,A. Savkov,SF,2646355,M. Lukic,SF,2008960,A. Moreno Valero,SF,2.9,174.0,6.0,2.0,4.0,82.8,27.6,55.2
2509197,3,984927,CASADEMONT ZARAGOZA,AWAY,2648124,A. Rodriguez Aguila,SF,2125634,J. Garcia Sanchez,SF,2646355,M. Lukic,SF,2008960,A. Moreno Valero,SF,2207996,M. Auciello Cubells,SF,1.4,90.0,2.0,2.0,0.0,53.3,53.3,0.0
2509197,3,984927,CASADEMONT ZARAGOZA,AWAY,2648124,A. Rodriguez Aguila,SF,2125634,J. Garcia Sanchez,SF,2646355,M. Lukic,SF,2438847,A. Savkov,SF,2382632,A. Cativiela Aisa,SF,1.9,117.0,6.0,7.0,-1.0,123.1,143.6,-20.5
2509197,3,984927,CASADEMONT ZARAGOZA,AWAY,2648124,A. Rodriguez Aguila,SF,2704549,K. Soumalia Salif,SF,2125634,J. Garcia Sanchez,SF,2008960,A. Moreno Valero,SF,2382632,A. Cativiela Aisa,SF,1.7,107.0,4.0,6.0,-2.0,89.7,134.6,-44.9
2509197,3,984927,CASADEMONT ZARAGOZA,AWAY,2736780,S. Faye,SF,2125634,J. Garcia Sanchez,SF,2008960,A. Moreno Valero,SF,2207996,M. Auciello Cubells,SF,2382632,A. Cativiela Aisa,SF,0.1,8.0,1.0,2.0,-1.0,300.0,600.0,-300.0
2509197,3,984927,CASADEMONT ZARAGOZA,AWAY,2736780,S. Faye,SF,2125634,J. Garcia Sanchez,SF,2704549,K. Soumalia Salif,SF,2073295,R. Valero Lopez,SF,2382632,A. Cativiela Aisa,SF,2.3,139.0,2.0,9.0,-7.0,34.5,155.4,-120.9
2509197,3,984927,CASADEMONT ZARAGOZA,AWAY,2736780,S. Faye,SF,2125634,J. Garcia Sanchez,SF,2704549,K. Soumalia Salif,SF,2646355,M. Lukic,SF,2382632,A. Cativiela Aisa,SF,0.8,47.0,3.0,2.0,1.0,153.2,102.1,51.1
2509197,3,984927,CASADEMONT ZARAGOZA,AWAY,2736780,S. Faye,SF,2438847,A. Savkov,SF,2125634,J. Garcia Sanchez,SF,2008960,A. Moreno Valero,SF,2382632,A. Cativiela Aisa,SF,1.2,71.0,0.0,4.0,-4.0,0.0,135.2,-135.2
2509197,3,984927,CASADEMONT ZARAGOZA,AWAY,2736780,S. Faye,SF,2704549,K. Soumalia Salif,SF,2125634,J. Garcia Sanchez,SF,2008960,A. Moreno Valero,SF,2382632,A. Cativiela Aisa,SF,0.4,24.0,3.0,0.0,3.0,300.0,0.0,300.0
2509198,3,984792,REAL MADRID,AWAY,2094410,H. Alonso Martinez,SF,2227587,G. Tavier Montoya,SF,2370180,O. Hadi Adegbite,SF,2817763,E. Amosov,SF,2286044,I. Ruperez Nuñez-Morgades,SF,0.2,10.0,0.0,2.0,-2.0,0.0,480.0,-480.0
2509198,3,984792,REAL MADRID,AWAY,2094410,H. Alonso Martinez,SF,2679004,O. Diarra,SF,2043083,R. Rioja Achiaga,SF,2370180,O. Hadi Adegbite,SF,2662049,A. Bjelic,SF,1.8,105.0,6.0,3.0,3.0,137.1,68.6,68.6
2509198,3,984792,REAL MADRID,AWAY,2094410,H. Alonso Martinez,SF,2679004,O. Diarra,SF,2227587,G. Tavier Montoya,SF,2370180,O. Hadi Adegbite,SF,2817763,E. Amosov,SF,3.9,237.0,9.0,6.0,3.0,91.1,60.8,30.4
2509198,3,984792,REAL MADRID,AWAY,2094410,H. Alonso Martinez,SF,2679004,O. Diarra,SF,2227587,G. Tavier Montoya,SF,2662049,A. Bjelic,SF,2480762,G. Grinvalds,SF,3.6,219.0,4.0,8.0,-4.0,43.8,87.7,-43.8
2509198,3,984792,REAL MADRID,AWAY,2094410,H. Alonso Martinez,SF,2679004,O. Diarra,SF,2227587,G. Tavier Montoya,SF,2735493,F. Kayser,SF,2662049,A. Bjelic,SF,1.2,70.0,2.0,1.0,1.0,68.6,34.3,34.3
2509198,3,984792,REAL MADRID,AWAY,2094410,H. Alonso Martinez,SF,2679004,O. Diarra,SF,2370180,O. Hadi Adegbite,SF,2817763,E. Amosov,SF,2029762,D. Krohnert Moto,SF,1.3,76.0,0.0,3.0,-3.0,0.0,94.7,-94.7
2509198,3,984792,REAL MADRID,AWAY,2094410,H. Alonso Martinez,SF,2679004,O. Diarra,SF,2370180,O. Hadi Adegbite,SF,2817763,E. Amosov,SF,2286044,I. Ruperez Nuñez-Morgades,SF,1.4,84.0,2.0,0.0,2.0,57.1,0.0,57.1
2509198,3,984792,REAL MADRID,AWAY,2094410,H. Alonso Martinez,SF,2679004,O. Diarra,SF,2735493,F. Kayser,SF,2662049,A. Bjelic,SF,2029762,D. Krohnert Moto,SF,0.5,28.0,2.0,0.0,2.0,171.4,0.0,171.4
2509198,3,984792,REAL MADRID,AWAY,2094410,H. Alonso Martinez,SF,2679004,O. Diarra,SF,2735493,F. Kayser,SF,2662049,A. Bjelic,SF,2480762,G. Grinvalds,SF,1.5,88.0,2.0,3.0,-1.0,54.5,81.8,-27.3
2509198,3,984792,REAL MADRID,AWAY,2094410,H. Alonso Martinez,SF,2679004,O. Diarra,SF,2735493,F. Kayser,SF,2817763,E. Amosov,SF,2662049,A. Bjelic,SF,2.0,122.0,6.0,6.0,0.0,118.0,118.0,0.0
2509198,3,984792,REAL MADRID,AWAY,2094410,H. Alonso Martinez,SF,2679004,O. Diarra,SF,2817763,E. Amosov,SF,2286044,I. Ruperez Nuñez-Morgades,SF,2480762,G. Grinvalds,SF,0.3,21.0,1.0,0.0,1.0,114.3,0.0,114.3
2509198,3,984792,REAL MADRID,AWAY,2094410,H. Alonso Martinez,SF,2679004,O. Diarra,SF,2817763,E. Amosov,SF,2662049,A. Bjelic,SF,2029762,D. Krohnert Moto,SF,1.3,77.0,2.0,0.0,2.0,62.3,0.0,62.3
2509198,3,984792,REAL MADRID,AWAY,2642414,I. Frolov,SF,2094410,H. Alonso Martinez,SF,2227587,G. Tavier Montoya,SF,2370180,O. Hadi Adegbite,SF,2735493,F. Kayser,SF,0.9,55.0,0.0,0.0,0.0,0.0,0.0,0.0
2509198,3,984792,REAL MADRID,AWAY,2642414,I. Frolov,SF,2094410,H. Alonso Martinez,SF,2227587,G. Tavier Montoya,SF,2370180,O. Hadi Adegbite,SF,2817763,E. Amosov,SF,0.6,36.0,2.0,0.0,2.0,133.3,0.0,133.3
2509198,3,984792,REAL MADRID,AWAY,2642414,I. Frolov,SF,2094410,H. Alonso Martinez,SF,2227587,G. Tavier Montoya,SF,2735493,F. Kayser,SF,2662049,A. Bjelic,SF,0.1,4.0,0.0,0.0,0.0,0.0,0.0,0.0
2509198,3,984792,REAL MADRID,AWAY,2642414,I. Frolov,SF,2094410,H. Alonso Martinez,SF,2370180,O. Hadi Adegbite,SF,2817763,E. Amosov,SF,2480762,G. Grinvalds,SF,2.5,150.0,4.0,7.0,-3.0,64.0,112.0,-48.0
2509198,3,984792,REAL MADRID,AWAY,2642414,I. Frolov,SF,2094410,H. Alonso Martinez,SF,2679004,O. Diarra,SF,2735493,F. Kayser,SF,2662049,A. Bjelic,SF,2.9,176.0,5.0,0.0,5.0,68.2,0.0,68.2
2509198,3,984792,REAL MADRID,AWAY,2642414,I. Frolov,SF,2094410,H. Alonso Martinez,SF,2679004,O. Diarra,SF,2817763,E. Amosov,SF,2286044,I. Ruperez Nuñez-Morgades,SF,0.7,43.0,0.0,2.0,-2.0,0.0,111.6,-111.6
2509198,3,984792,REAL MADRID,AWAY,2642414,I. Frolov,SF,2094410,H. Alonso Martinez,SF,2679004,O. Diarra,SF,2817763,E. Amosov,SF,2662049,A. Bjelic,SF,2.8,169.0,5.0,2.0,3.0,71.0,28.4,42.6
2509198,3,984792,REAL MADRID,AWAY,2642414,I. Frolov,SF,2094410,H. Alonso Martinez,SF,2735493,F. Kayser,SF,2662049,A. Bjelic,SF,2480762,G. Grinvalds,SF,5.2,310.0,15.0,7.0,8.0,116.1,54.2,61.9
2509198,3,984792,REAL MADRID,AWAY,2642414,I. Frolov,SF,2094410,H. Alonso Martinez,SF,2735493,F. Kayser,SF,2817763,E. Amosov,SF,2480762,G. Grinvalds,SF,1.6,96.0,4.0,2.0,2.0,100.0,50.0,50.0
2509198,3,984792,REAL MADRID,AWAY,2642414,I. Frolov,SF,2094410,H. Alonso Martinez,SF,2735493,F. Kayser,SF,2817763,E. Amosov,SF,2662049,A. Bjelic,SF,2.1,127.0,4.0,3.0,1.0,75.6,56.7,18.9
2509198,3,984792,REAL MADRID,AWAY,2642414,I. Frolov,SF,2094410,H. Alonso Martinez,SF,2817763,E. Amosov,SF,2286044,I. Ruperez Nuñez-Morgades,SF,2480762,G. Grinvalds,SF,1.6,97.0,6.0,2.0,4.0,148.5,49.5,99.0
2509198,3,984929,JOVENTUT BADALONA,HOME,1943849,F. Mauri Guillen,SF,2023675,A. Torres De La Torre,SF,2081709,E. Del Castillo Lindo,SF,2241509,H. Ruiz Zamorano,SF,2535717,K. Macías Book,SF,0.4,24.0,0.0,0.0,0.0,0.0,0.0,0.0
2509198,3,984929,JOVENTUT BADALONA,HOME,1943849,F. Mauri Guillen,SF,2023675,A. Torres De La Torre,SF,2081709,E. Del Castillo Lindo,SF,2845979,M. Buben,SF,2241509,H. Ruiz Zamorano,SF,9.6,572.0,14.0,25.0,-11.0,58.7,104.9,-46.2
2509198,3,984929,JOVENTUT BADALONA,HOME,1943849,F. Mauri Guillen,SF,2023675,A. Torres De La Torre,SF,2452873,M. Gil Llimona,SF,2081709,E. Del Castillo Lindo,SF,2156562,R. Torras Ferrer,SF,1.3,79.0,0.0,0.0,0.0,0.0,0.0,0.0
2509198,3,984929,JOVENTUT BADALONA,HOME,1943849,F. Mauri Guillen,SF,2023675,A. Torres De La Torre,SF,2452873,M. Gil Llimona,SF,2081709,E. Del Castillo Lindo,SF,2535717,K. Macías Book,SF,3.8,229.0,5.0,9.0,-4.0,52.4,94.3,-41.9
2509198,3,984929,JOVENTUT BADALONA,HOME,1943849,F. Mauri Guillen,SF,2023675,A. Torres De La Torre,SF,2452873,M. Gil Llimona,SF,2081709,E. Del Castillo Lindo,SF,2641899,G. Graae Barbosa,SF,1.9,111.0,3.0,2.0,1.0,64.9,43.2,21.6
2509198,3,984929,JOVENTUT BADALONA,HOME,1943849,F. Mauri Guillen,SF,2023675,A. Torres De La Torre,SF,2452873,M. Gil Llimona,SF,2081709,E. Del Castillo Lindo,SF,2845979,M. Buben,SF,4.8,289.0,8.0,6.0,2.0,66.4,49.8,16.6
2509198,3,984929,JOVENTUT BADALONA,HOME,1943849,F. Mauri Guillen,SF,2081709,E. Del Castillo Lindo,SF,2845979,M. Buben,SF,2241509,H. Ruiz Zamorano,SF,2535717,K. Macías Book,SF,1.2,71.0,0.0,3.0,-3.0,0.0,101.4,-101.4
2509198,3,984929,JOVENTUT BADALONA,HOME,1943849,F. Mauri Guillen,SF,2081709,E. Del Castillo Lindo,SF,2845979,M. Buben,SF,2641899,G. Graae Barbosa,SF,2241509,H. Ruiz Zamorano,SF,1.2,74.0,2.0,2.0,0.0,64.9,64.9,0.0
2509198,3,984929,JOVENTUT BADALONA,HOME,1943849,F. Mauri Guillen,SF,2452873,M. Gil Llimona,SF,2081709,E. Del Castillo Lindo,SF,2641899,G. Graae Barbosa,SF,2243143,T. Thomas I García,SF,2.3,143.0,3.0,7.0,-4.0,50.3,117.5,-67.1
2509198,3,984929,JOVENTUT BADALONA,HOME,1943849,F. Mauri Guillen,SF,2452873,M. Gil Llimona,SF,2081709,E. Del Castillo Lindo,SF,2845979,M. Buben,SF,2535717,K. Macías Book,SF,1.6,98.0,0.0,3.0,-3.0,0.0,73.5,-73.5
2509198,3,984929,JOVENTUT BADALONA,HOME,2023675,A. Torres De La Torre,SF,2452873,M. Gil Llimona,SF,2081709,E. Del Castillo Lindo,SF,2241509,H. Ruiz Zamorano,SF,2535717,K. Macías Book,SF,1.6,93.0,5.0,7.0,-2.0,129.0,180.6,-51.6
2509198,3,984929,JOVENTUT BADALONA,HOME,2023675,A. Torres De La Torre,SF,2452873,M. Gil Llimona,SF,2081709,E. Del Castillo Lindo,SF,2641899,G. Graae Barbosa,SF,2241509,H. Ruiz Zamorano,SF,0.3,18.0,0.0,0.0,0.0,0.0,0.0,0.0
2509198,3,984929,JOVENTUT BADALONA,HOME,2023675,A. Torres De La Torre,SF,2452873,M. Gil Llimona,SF,2081709,E. Del Castillo Lindo,SF,2845979,M. Buben,SF,2241509,H. Ruiz Zamorano,SF,1.6,96.0,4.0,6.0,-2.0,100.0,150.0,-50.0
2509198,3,984929,JOVENTUT BADALONA,HOME,2081017,M. Julia Del Pozo,SF,1943849,F. Mauri Guillen,SF,2023675,A. Torres De La Torre,SF,2081709,E. Del Castillo Lindo,SF,2156562,R. Torras Ferrer,SF,1.1,68.0,3.0,0.0,3.0,105.9,0.0,105.9
2509198,3,984929,JOVENTUT BADALONA,HOME,2081017,M. Julia Del Pozo,SF,1943849,F. Mauri Guillen,SF,2023675,A. Torres De La Torre,SF,2081709,E. Del Castillo Lindo,SF,2241509,H. Ruiz Zamorano,SF,1.1,66.0,0.0,1.0,-1.0,0.0,36.4,-36.4
2509198,3,984929,JOVENTUT BADALONA,HOME,2081017,M. Julia Del Pozo,SF,1943849,F. Mauri Guillen,SF,2023675,A. Torres De La Torre,SF,2081709,E. Del Castillo Lindo,SF,2641899,G. Graae Barbosa,SF,0.7,45.0,4.0,0.0,4.0,213.3,0.0,213.3
2509198,3,984929,JOVENTUT BADALONA,HOME,2081017,M. Julia Del Pozo,SF,1943849,F. Mauri Guillen,SF,2023675,A. Torres De La Torre,SF,2081709,E. Del Castillo Lindo,SF,2845979,M. Buben,SF,1.2,71.0,3.0,0.0,3.0,101.4,0.0,101.4
2509198,3,984929,JOVENTUT BADALONA,HOME,2081017,M. Julia Del Pozo,SF,2023675,A. Torres De La Torre,SF,2081709,E. Del Castillo Lindo,SF,2156562,R. Torras Ferrer,SF,2845979,M. Buben,SF,2.4,141.0,1.0,4.0,-3.0,17.0,68.1,-51.1
2509198,3,984929,JOVENTUT BADALONA,HOME,2081017,M. Julia Del Pozo,SF,2023675,A. Torres De La Torre,SF,2081709,E. Del Castillo Lindo,SF,2641899,G. Graae Barbosa,SF,2241509,H. Ruiz Zamorano,SF,1.6,95.0,0.0,6.0,-6.0,0.0,151.6,-151.6
2509198,3,984929,JOVENTUT BADALONA,HOME,2081017,M. Julia Del Pozo,SF,2023675,A. Torres De La Torre,SF,2452873,M. Gil Llimona,SF,2081709,E. Del Castillo Lindo,SF,2535717,K. Macías Book,SF,0.2,10.0,2.0,0.0,2.0,480.0,0.0,480.0
2509198,3,984929,JOVENTUT BADALONA,HOME,2452873,M. Gil Llimona,SF,2081709,E. Del Castillo Lindo,SF,2641899,G. Graae Barbosa,SF,2241509,H. Ruiz Zamorano,SF,2535717,K. Macías Book,SF,0.1,7.0,0.0,0.0,0.0,0.0,0.0,0.0
2509199,3,984923,GRAN CANARIA,HOME,2441048,E. Heinonen,SF,1885980,F. Díaz Herrera,SF,2044256,J. Arteaga Giner,SF,2834161,W. Tsafack,SF,2129323,J. Yánez García,SF,1.3,79.0,5.0,2.0,3.0,151.9,60.8,91.1
2509199,3,984923,GRAN CANARIA,HOME,2441048,E. Heinonen,SF,1885980,F. Díaz Herrera,SF,2177916,P. Pasqua Amat,SF,2044256,J. Arteaga Giner,SF,2279529,H. Díaz Guillén,SF,3.5,212.0,4.0,7.0,-3.0,45.3,79.2,-34.0
2509199,3,984923,GRAN CANARIA,HOME,2441048,E. Heinonen,SF,2044256,J. Arteaga Giner,SF,1885980,F. Díaz Herrera,SF,2177916,P. Pasqua Amat,SF,2279529,H. Díaz Guillén,SF,3.0,176.0,9.0,3.0,6.0,122.7,40.9,81.8
2509199,3,984923,GRAN CANARIA,HOME,2441048,E. Heinonen,SF,2044256,J. Arteaga Giner,SF,1885980,F. Díaz Herrera,SF,2279529,H. Díaz Guillén,SF,2651631,M. Miteo,SF,0.6,33.0,0.0,0.0,0.0,0.0,0.0,0.0
2509199,3,984923,GRAN CANARIA,HOME,2441048,E. Heinonen,SF,2044256,J. Arteaga Giner,SF,2177916,P. Pasqua Amat,SF,2651631,M. Miteo,SF,2279529,H. Díaz Guillén,SF,1.1,68.0,0.0,5.0,-5.0,0.0,176.5,-176.5
2509199,3,984923,GRAN CANARIA,HOME,2441048,E. Heinonen,SF,2044256,J. Arteaga Giner,SF,2177916,P. Pasqua Amat,SF,2651631,M. Miteo,SF,2834161,W. Tsafack,SF,1.1,65.0,4.0,6.0,-2.0,147.7,221.5,-73.8
2509199,3,984923,GRAN CANARIA,HOME,2441048,E. Heinonen,SF,2044256,J. Arteaga Giner,SF,2177916,P. Pasqua Amat,SF,2834161,W. Tsafack,SF,2279529,H. Díaz Guillén,SF,0.4,22.0,0.0,1.0,-1.0,0.0,109.1,-109.1
2509199,3,984923,GRAN CANARIA,HOME,2441048,E. Heinonen,SF,2044256,J. Arteaga Giner,SF,2177916,P. Pasqua Amat,SF,2834161,W. Tsafack,SF,2827856,B. González Ramírez,SF,0.8,50.0,0.0,2.0,-2.0,0.0,96.0,-96.0
2509199,3,984923,GRAN CANARIA,HOME,2441048,E. Heinonen,SF,2044256,J. Arteaga Giner,SF,2279529,H. Díaz Guillén,SF,2651631,M. Miteo,SF,2827856,B. González Ramírez,SF,1.0,59.0,2.0,2.0,0.0,81.4,81.4,0.0
2509199,3,984923,GRAN CANARIA,HOME,2441048,E. Heinonen,SF,2044256,J. Arteaga Giner,SF,2834161,W. Tsafack,SF,2279529,H. Díaz Guillén,SF,1885980,F. Díaz Herrera,SF,1.2,75.0,3.0,4.0,-1.0,96.0,128.0,-32.0
2509199,3,984923,GRAN CANARIA,HOME,2441048,E. Heinonen,SF,2044256,J. Arteaga Giner,SF,2834161,W. Tsafack,SF,2279529,H. Díaz Guillén,SF,2827856,B. González Ramírez,SF,3.2,189.0,10.0,0.0,10.0,127.0,0.0,127.0
2509199,3,984923,GRAN CANARIA,HOME,2441048,E. Heinonen,SF,2044256,J. Arteaga Giner,SF,2834161,W. Tsafack,SF,2651631,M. Miteo,SF,2827856,B. González Ramírez,SF,5.2,307.0,10.0,8.0,2.0,78.2,62.5,15.6
2509199,3,984923,GRAN CANARIA,HOME,2441048,E. Heinonen,SF,2177916,P. Pasqua Amat,SF,2044256,J. Arteaga Giner,SF,2834161,W. Tsafack,SF,2651631,M. Miteo,SF,2.0,118.0,9.0,0.0,9.0,183.1,0.0,183.1
2509199,3,984923,GRAN CANARIA,HOME,2441048,E. Heinonen,SF,2279529,H. Díaz Guillén,SF,1885980,F. Díaz Herrera,SF,2044256,J. Arteaga Giner,SF,2651631,M. Miteo,SF,1.2,69.0,2.0,3.0,-1.0,69.6,104.3,-34.8
2509199,3,984923,GRAN CANARIA,HOME,2441048,E. Heinonen,SF,2279529,H. Díaz Guillén,SF,1885980,F. Díaz Herrera,SF,2044256,J. Arteaga Giner,SF,2834161,W. Tsafack,SF,1.3,76.0,2.0,2.0,0.0,63.2,63.2,0.0
2509199,3,984923,GRAN CANARIA,HOME,2441048,E. Heinonen,SF,2827856,B. González Ramírez,SF,2044256,J. Arteaga Giner,SF,2279529,H. Díaz Guillén,SF,2087418,G. Baez Pierson,SF,1.6,101.0,7.0,7.0,0.0,166.3,166.3,0.0
2509199,3,984923,GRAN CANARIA,HOME,2441048,E. Heinonen,SF,2827856,B. González Ramírez,SF,2044256,J. Arteaga Giner,SF,2279529,H. Díaz Guillén,SF,2177916,P. Pasqua Amat,SF,0.1,6.0,0.0,0.0,0.0,0.0,0.0,0.0
2509199,3,984923,GRAN CANARIA,HOME,2441048,E. Heinonen,SF,2827856,B. González Ramírez,SF,2044256,J. Arteaga Giner,SF,2279529,H. Díaz Guillén,SF,2651631,M. Miteo,SF,0.8,46.0,0.0,0.0,0.0,0.0,0.0,0.0
2509199,3,984923,GRAN CANARIA,HOME,2441048,E. Heinonen,SF,2827856,B. González Ramírez,SF,2044256,J. Arteaga Giner,SF,2834161,W. Tsafack,SF,2087418,G. Baez Pierson,SF,0.6,36.0,0.0,0.0,0.0,0.0,0.0,0.0
2509199,3,984923,GRAN CANARIA,HOME,2441048,E. Heinonen,SF,2827856,B. González Ramírez,SF,2044256,J. Arteaga Giner,SF,2834161,W. Tsafack,SF,2651631,M. Miteo,SF,3.8,225.0,12.0,6.0,6.0,128.0,64.0,64.0
2509199,3,984923,GRAN CANARIA,HOME,2834161,W. Tsafack,SF,2441048,E. Heinonen,SF,1885980,F. Díaz Herrera,SF,2177916,P. Pasqua Amat,SF,2563387,M. Coulibaly,SF,0.9,57.0,0.0,2.0,-2.0,0.0,84.2,-84.2
2509199,3,984923,GRAN CANARIA,HOME,2834161,W. Tsafack,SF,2441048,E. Heinonen,SF,2087418,G. Baez Pierson,SF,2563387,M. Coulibaly,SF,2827856,B. González Ramírez,SF,2.2,133.0,5.0,6.0,-1.0,90.2,108.3,-18.0
2509199,3,984923,GRAN CANARIA,HOME,2834161,W. Tsafack,SF,2441048,E. Heinonen,SF,2651631,M. Miteo,SF,2087418,G. Baez Pierson,SF,2827856,B. González Ramírez,SF,3.3,198.0,6.0,7.0,-1.0,72.7,84.8,-12.1
2509199,3,984930,BAXI MANRESA,AWAY,1959173,M. Rosell Lanza,SF,2150510,J. Pumarola Aguilar,SF,2153495,J. Salo Blaya,SF,2145902,F. Torreblanca Catalan,SF,2077155,M. Gaspa Ibañez,SF,0.6,36.0,0.0,0.0,0.0,0.0,0.0,0.0
2509199,3,984930,BAXI MANRESA,AWAY,1959173,M. Rosell Lanza,SF,2150510,J. Pumarola Aguilar,SF,2738788,L. Bergseng,SF,2145902,F. Torreblanca Catalan,SF,2077155,M. Gaspa Ibañez,SF,0.4,23.0,0.0,2.0,-2.0,0.0,208.7,-208.7
2509199,3,984930,BAXI MANRESA,AWAY,2081822,A. Muncunill Ferrer,SF,2150510,J. Pumarola Aguilar,SF,1959173,M. Rosell Lanza,SF,2081670,G. Naspler Perez,SF,2077155,M. Gaspa Ibañez,SF,1.6,92.0,2.0,2.0,0.0,52.2,52.2,0.0
2509199,3,984930,BAXI MANRESA,AWAY,2081822,A. Muncunill Ferrer,SF,2150510,J. Pumarola Aguilar,SF,2145902,F. Torreblanca Catalan,SF,2738788,L. Bergseng,SF,2815468,S. Lederman,SF,0.6,37.0,0.0,4.0,-4.0,0.0,259.5,-259.5
2509199,3,984930,BAXI MANRESA,AWAY,2081822,A. Muncunill Ferrer,SF,2739297,I. Francisco,SF,2150510,J. Pumarola Aguilar,SF,2738788,L. Bergseng,SF,2081670,G. Naspler Perez,SF,0.4,24.0,0.0,0.0,0.0,0.0,0.0,0.0
2509199,3,984930,BAXI MANRESA,AWAY,2150510,J. Pumarola Aguilar,SF,2081670,G. Naspler Perez,SF,2153495,J. Salo Blaya,SF,2145902,F. Torreblanca Catalan,SF,2077155,M. Gaspa Ibañez,SF,0.7,44.0,5.0,2.0,3.0,272.7,109.1,163.6
2509199,3,984930,BAXI MANRESA,AWAY,2295371,G. Ecker Alberti,SF,2081670,G. Naspler Perez,SF,2153495,J. Salo Blaya,SF,2145902,F. Torreblanca Catalan,SF,2077155,M. Gaspa Ibañez,SF,0.3,21.0,2.0,2.0,0.0,228.6,228.6,0.0
2509199,3,984930,BAXI MANRESA,AWAY,2295371,G. Ecker Alberti,SF,2081822,A. Muncunill Ferrer,SF,2145902,F. Torreblanca Catalan,SF,2153495,J. Salo Blaya,SF,2815468,S. Lederman,SF,0.8,49.0,0.0,2.0,-2.0,0.0,98.0,-98.0
2509199,3,984930,BAXI MANRESA,AWAY,2295371,G. Ecker Alberti,SF,2081822,A. Muncunill Ferrer,SF,2150510,J. Pumarola Aguilar,SF,2145902,F. Torreblanca Catalan,SF,2815468,S. Lederman,SF,1.4,81.0,0.0,5.0,-5.0,0.0,148.1,-148.1
2509199,3,984930,BAXI MANRESA,AWAY,2295371,G. Ecker Alberti,SF,2145902,F. Torreblanca Catalan,SF,2153495,J. Salo Blaya,SF,2077155,M. Gaspa Ibañez,SF,2815468,S. Lederman,SF,0.5,28.0,4.0,2.0,2.0,342.9,171.4,171.4
2509199,3,984930,BAXI MANRESA,AWAY,2295371,G. Ecker Alberti,SF,2739297,I. Francisco,SF,2081670,G. Naspler Perez,SF,2153495,J. Salo Blaya,SF,2077155,M. Gaspa Ibañez,SF,0.6,36.0,0.0,3.0,-3.0,0.0,200.0,-200.0
2509199,3,984930,BAXI MANRESA,AWAY,2295371,G. Ecker Alberti,SF,2739297,I. Francisco,SF,2081670,G. Naspler Perez,SF,2738788,L. Bergseng,SF,2077155,M. Gaspa Ibañez,SF,1.3,76.0,2.0,2.0,0.0,63.2,63.2,0.0
2509199,3,984930,BAXI MANRESA,AWAY,2295371,G. Ecker Alberti,SF,2739297,I. Francisco,SF,2150510,J. Pumarola Aguilar,SF,2081670,G. Naspler Perez,SF,2077155,M. Gaspa Ibañez,SF,1.7,100.0,1.0,7.0,-6.0,24.0,168.0,-144.0
2509199,3,984930,BAXI MANRESA,AWAY,2334297,L. Sanchez Fernandez,SF,1959173,M. Rosell Lanza,SF,2081670,G. Naspler Perez,SF,2153495,J. Salo Blaya,SF,2145902,F. Torreblanca Catalan,SF,2.3,133.0,2.0,7.0,-5.0,36.1,126.3,-90.2
2509199,3,984930,BAXI MANRESA,AWAY,2334297,L. Sanchez Fernandez,SF,1959173,M. Rosell Lanza,SF,2150510,J. Pumarola Aguilar,SF,2738788,L. Bergseng,SF,2145902,F. Torreblanca Catalan,SF,2.9,172.0,6.0,8.0,-2.0,83.7,111.6,-27.9
2509199,3,984930,BAXI MANRESA,AWAY,2334297,L. Sanchez Fernandez,SF,1959173,M. Rosell Lanza,SF,2738788,L. Bergseng,SF,2077155,M. Gaspa Ibañez,SF,2081670,G. Naspler Perez,SF,2.2,134.0,6.0,5.0,1.0,107.5,89.6,17.9
2509199,3,984930,BAXI MANRESA,AWAY,2334297,L. Sanchez Fernandez,SF,2081822,A. Muncunill Ferrer,SF,1959173,M. Rosell Lanza,SF,2153495,J. Salo Blaya,SF,2145902,F. Torreblanca Catalan,SF,3.3,196.0,5.0,2.0,3.0,61.2,24.5,36.7
2509199,3,984930,BAXI MANRESA,AWAY,2334297,L. Sanchez Fernandez,SF,2081822,A. Muncunill Ferrer,SF,2150510,J. Pumarola Aguilar,SF,2738788,L. Bergseng,SF,2081670,G. Naspler Perez,SF,0.4,23.0,0.0,3.0,-3.0,0.0,313.0,-313.0
2509199,3,984930,BAXI MANRESA,AWAY,2334297,L. Sanchez Fernandez,SF,2145902,F. Torreblanca Catalan,SF,2081670,G. Naspler Perez,SF,2153495,J. Salo Blaya,SF,2077155,M. Gaspa Ibañez,SF,3.4,205.0,14.0,4.0,10.0,163.9,46.8,117.1
2509199,3,984930,BAXI MANRESA,AWAY,2334297,L. Sanchez Fernandez,SF,2150510,J. Pumarola Aguilar,SF,2081670,G. Naspler Perez,SF,2153495,J. Salo Blaya,SF,2145902,F. Torreblanca Catalan,SF,2.0,117.0,3.0,2.0,1.0,61.5,41.0,20.5
2509199,3,984930,BAXI MANRESA,AWAY,2334297,L. Sanchez Fernandez,SF,2150510,J. Pumarola Aguilar,SF,2145902,F. Torreblanca Catalan,SF,2738788,L. Bergseng,SF,2081670,G. Naspler Perez,SF,0.8,49.0,0.0,2.0,-2.0,0.0,98.0,-98.0
2509199,3,984930,BAXI MANRESA,AWAY,2334297,L. Sanchez Fernandez,SF,2295371,G. Ecker Alberti,SF,1959173,M. Rosell Lanza,SF,2153495,J. Salo Blaya,SF,2077155,M. Gaspa Ibañez,SF,3.1,192.0,5.0,0.0,5.0,62.5,0.0,62.5
2509199,3,984930,BAXI MANRESA,AWAY,2334297,L. Sanchez Fernandez,SF,2739297,I. Francisco,SF,2150510,J. Pumarola Aguilar,SF,2081670,G. Naspler Perez,SF,2153495,J. Salo Blaya,SF,0.8,51.0,2.0,2.0,0.0,94.1,94.1,0.0
2509199,3,984930,BAXI MANRESA,AWAY,2739297,I. Francisco,SF,2081822,A. Muncunill Ferrer,SF,2150510,J. Pumarola Aguilar,SF,2145902,F. Torreblanca Catalan,SF,2738788,L. Bergseng,SF,0.7,39.0,0.0,5.0,-5.0,0.0,307.7,-307.7
2509199,3,984930,BAXI MANRESA,AWAY,2739297,I. Francisco,SF,2150510,J. Pumarola Aguilar,SF,2081670,G. Naspler Perez,SF,2738788,L. Bergseng,SF,2077155,M. Gaspa Ibañez,SF,2.4,142.0,3.0,5.0,-2.0,50.7,84.5,-33.8
2509199,3,984930,BAXI MANRESA,AWAY,2739297,I. Francisco,SF,2150510,J. Pumarola Aguilar,SF,2145902,F. Torreblanca Catalan,SF,2081670,G. Naspler Perez,SF,2077155,M. Gaspa Ibañez,SF,0.8,50.0,2.0,1.0,1.0,96.0,48.0,48.0
2509199,3,984930,BAXI MANRESA,AWAY,2739297,I. Francisco,SF,2150510,J. Pumarola Aguilar,SF,2145902,F. Torreblanca Catalan,SF,2738788,L. Bergseng,SF,2081670,G. Naspler Perez,SF,2.5,148.0,7.0,4.0,3.0,113.5,64.9,48.6
2509199,3,984930,BAXI MANRESA,AWAY,2739297,I. Francisco,SF,2150510,J. Pumarola Aguilar,SF,2738788,L. Bergseng,SF,2081670,G. Naspler Perez,SF,2077155,M. Gaspa Ibañez,SF,1.7,102.0,2.0,7.0,-5.0,47.1,164.7,-117.6
2509200,4,984792,REAL MADRID,HOME,2094410,H. Alonso Martinez,SF,2679004,O. Diarra,SF,2662049,A. Bjelic,SF,2286044,I. Ruperez Nuñez-Morgades,SF,2370180,O. Hadi Adegbite,SF,3.2,190.0,6.0,13.0,-7.0,75.8,164.2,-88.4
2509200,4,984792,REAL MADRID,HOME,2094410,H. Alonso Martinez,SF,2679004,O. Diarra,SF,2817763,E. Amosov,SF,2029762,D. Krohnert Moto,SF,2286044,I. Ruperez Nuñez-Morgades,SF,3.0,177.0,5.0,5.0,0.0,67.8,67.8,0.0
2509200,4,984792,REAL MADRID,HOME,2642414,I. Frolov,SF,2094410,H. Alonso Martinez,SF,2043083,R. Rioja Achiaga,SF,2662049,A. Bjelic,SF,2480762,G. Grinvalds,SF,1.6,95.0,4.0,2.0,2.0,101.1,50.5,50.5
2509200,4,984792,REAL MADRID,HOME,2642414,I. Frolov,SF,2094410,H. Alonso Martinez,SF,2122875,I. Almansa Perez,SF,2817763,E. Amosov,SF,2662049,A. Bjelic,SF,2.6,157.0,10.0,3.0,7.0,152.9,45.9,107.0
2509200,4,984792,REAL MADRID,HOME,2642414,I. Frolov,SF,2094410,H. Alonso Martinez,SF,2679004,O. Diarra,SF,2662049,A. Bjelic,SF,2370180,O. Hadi Adegbite,SF,0.6,35.0,0.0,0.0,0.0,0.0,0.0,0.0
2509200,4,984792,REAL MADRID,HOME,2642414,I. Frolov,SF,2094410,H. Alonso Martinez,SF,2679004,O. Diarra,SF,2662049,A. Bjelic,SF,2480762,G. Grinvalds,SF,2.6,157.0,4.0,3.0,1.0,61.1,45.9,15.3
2509200,4,984792,REAL MADRID,HOME,2642414,I. Frolov,SF,2094410,H. Alonso Martinez,SF,2679004,O. Diarra,SF,2817763,E. Amosov,SF,2662049,A. Bjelic,SF,1.8,106.0,7.0,4.0,3.0,158.5,90.6,67.9
2509200,4,984792,REAL MADRID,HOME,2642414,I. Frolov,SF,2645392,O. Kutluay,SF,2094410,H. Alonso Martinez,SF,2043083,R. Rioja Achiaga,SF,2662049,A. Bjelic,SF,3.2,198.0,13.0,6.0,7.0,157.6,72.7,84.8
2509200,4,984792,REAL MADRID,HOME,2642414,I. Frolov,SF,2645392,O. Kutluay,SF,2094410,H. Alonso Martinez,SF,2122875,I. Almansa Perez,SF,2817763,E. Amosov,SF,4.3,252.0,14.0,5.0,9.0,133.3,47.6,85.7
2509200,4,984792,REAL MADRID,HOME,2642414,I. Frolov,SF,2645392,O. Kutluay,SF,2094410,H. Alonso Martinez,SF,2679004,O. Diarra,SF,2662049,A. Bjelic,SF,0.2,13.0,0.0,0.0,0.0,0.0,0.0,0.0
2509200,4,984792,REAL MADRID,HOME,2642414,I. Frolov,SF,2645392,O. Kutluay,SF,2094410,H. Alonso Martinez,SF,2679004,O. Diarra,SF,2817763,E. Amosov,SF,4.0,243.0,11.0,7.0,4.0,108.6,69.1,39.5
2509200,4,984792,REAL MADRID,HOME,2645392,O. Kutluay,SF,2094410,H. Alonso Martinez,SF,2122875,I. Almansa Perez,SF,2817763,E. Amosov,SF,2029762,D. Krohnert Moto,SF,1.8,103.0,3.0,4.0,-1.0,69.9,93.2,-23.3
2509200,4,984792,REAL MADRID,HOME,2645392,O. Kutluay,SF,2094410,H. Alonso Martinez,SF,2122875,I. Almansa Perez,SF,2817763,E. Amosov,SF,2286044,I. Ruperez Nuñez-Morgades,SF,0.7,43.0,0.0,0.0,0.0,0.0,0.0,0.0
2509200,4,984792,REAL MADRID,HOME,2645392,O. Kutluay,SF,2094410,H. Alonso Martinez,SF,2679004,O. Diarra,SF,2043083,R. Rioja Achiaga,SF,2662049,A. Bjelic,SF,1.4,82.0,4.0,5.0,-1.0,117.1,146.3,-29.3
2509200,4,984792,REAL MADRID,HOME,2645392,O. Kutluay,SF,2094410,H. Alonso Martinez,SF,2679004,O. Diarra,SF,2122875,I. Almansa Perez,SF,2662049,A. Bjelic,SF,4.3,260.0,11.0,4.0,7.0,101.5,36.9,64.6
2509200,4,984792,REAL MADRID,HOME,2645392,O. Kutluay,SF,2094410,H. Alonso Martinez,SF,2679004,O. Diarra,SF,2662049,A. Bjelic,SF,2029762,D. Krohnert Moto,SF,1.6,95.0,4.0,2.0,2.0,101.1,50.5,50.5
2509200,4,984792,REAL MADRID,HOME,2645392,O. Kutluay,SF,2094410,H. Alonso Martinez,SF,2679004,O. Diarra,SF,2817763,E. Amosov,SF,2029762,D. Krohnert Moto,SF,3.2,194.0,2.0,6.0,-4.0,24.7,74.2,-49.5
2509200,4,984926,FUNDACIÓN CB CANARIAS,AWAY,2044955,X. Lopez Rodriguez,SF,2444602,L. Riga,SF,2181003,R. Rodriguez Galvan,SF,2007163,D. Fernandez Trujillo,SF,2470375,M. Sangare,SF,5.6,338.0,8.0,13.0,-5.0,56.8,92.3,-35.5
2509200,4,984926,FUNDACIÓN CB CANARIAS,AWAY,2362551,E. Lima Teixeira,SF,2044955,X. Lopez Rodriguez,SF,2181003,R. Rodriguez Galvan,SF,2007163,D. Fernandez Trujillo,SF,2470375,M. Sangare,SF,1.5,92.0,2.0,7.0,-5.0,52.2,182.6,-130.4
2509200,4,984926,FUNDACIÓN CB CANARIAS,AWAY,2362551,E. Lima Teixeira,SF,2044955,X. Lopez Rodriguez,SF,2444602,L. Riga,SF,2137337,A. Perez Lopez,SF,2470375,M. Sangare,SF,1.0,59.0,0.0,6.0,-6.0,0.0,244.1,-244.1
2509200,4,984926,FUNDACIÓN CB CANARIAS,AWAY,2476064,B. Lipasi Yitu,SF,2044955,X. Lopez Rodriguez,SF,2137337,A. Perez Lopez,SF,2181003,R. Rodriguez Galvan,SF,2470375,M. Sangare,SF,0.7,43.0,0.0,0.0,0.0,0.0,0.0,0.0
2509200,4,984926,FUNDACIÓN CB CANARIAS,AWAY,2476064,B. Lipasi Yitu,SF,2044955,X. Lopez Rodriguez,SF,2181003,R. Rodriguez Galvan,SF,2007163,D. Fernandez Trujillo,SF,2470375,M. Sangare,SF,1.4,86.0,2.0,0.0,2.0,55.8,0.0,55.8
2509200,4,984926,FUNDACIÓN CB CANARIAS,AWAY,2476064,B. Lipasi Yitu,SF,2044955,X. Lopez Rodriguez,SF,2444602,L. Riga,SF,2181003,R. Rodriguez Galvan,SF,2470375,M. Sangare,SF,4.3,260.0,4.0,11.0,-7.0,36.9,101.5,-64.6
2509200,4,984926,FUNDACIÓN CB CANARIAS,AWAY,2734732,E. Prekevicius,SF,2044955,X. Lopez Rodriguez,SF,2137337,A. Perez Lopez,SF,2181003,R. Rodriguez Galvan,SF,2470375,M. Sangare,SF,0.9,54.0,0.0,1.0,-1.0,0.0,44.4,-44.4
2509200,4,984926,FUNDACIÓN CB CANARIAS,AWAY,2734732,E. Prekevicius,SF,2044955,X. Lopez Rodriguez,SF,2181003,R. Rodriguez Galvan,SF,2007163,D. Fernandez Trujillo,SF,2470375,M. Sangare,SF,3.2,190.0,13.0,6.0,7.0,164.2,75.8,88.4
2509200,4,984926,FUNDACIÓN CB CANARIAS,AWAY,2734732,E. Prekevicius,SF,2044955,X. Lopez Rodriguez,SF,2444602,L. Riga,SF,2007163,D. Fernandez Trujillo,SF,2470375,M. Sangare,SF,0.8,44.0,1.0,0.0,1.0,54.5,0.0,54.5
2509200,4,984926,FUNDACIÓN CB CANARIAS,AWAY,2734732,E. Prekevicius,SF,2044955,X. Lopez Rodriguez,SF,2444602,L. Riga,SF,2181003,R. Rodriguez Galvan,SF,2470375,M. Sangare,SF,2.7,161.0,2.0,12.0,-10.0,29.8,178.9,-149.1
2509200,4,984926,FUNDACIÓN CB CANARIAS,AWAY,2734732,E. Prekevicius,SF,2362551,E. Lima Teixeira,SF,2044955,X. Lopez Rodriguez,SF,2007163,D. Fernandez Trujillo,SF,2470375,M. Sangare,SF,0.6,35.0,0.0,0.0,0.0,0.0,0.0,0.0
2509200,4,984926,FUNDACIÓN CB CANARIAS,AWAY,2734732,E. Prekevicius,SF,2362551,E. Lima Teixeira,SF,2044955,X. Lopez Rodriguez,SF,2137337,A. Perez Lopez,SF,2470375,M. Sangare,SF,1.4,82.0,5.0,0.0,5.0,146.3,0.0,146.3
2509200,4,984926,FUNDACIÓN CB CANARIAS,AWAY,2734732,E. Prekevicius,SF,2362551,E. Lima Teixeira,SF,2044955,X. Lopez Rodriguez,SF,2181003,R. Rodriguez Galvan,SF,2470375,M. Sangare,SF,2.6,160.0,8.0,6.0,2.0,120.0,90.0,30.0
2509200,4,984926,FUNDACIÓN CB CANARIAS,AWAY,2734732,E. Prekevicius,SF,2362551,E. Lima Teixeira,SF,2181003,R. Rodriguez Galvan,SF,2007163,D. Fernandez Trujillo,SF,2470375,M. Sangare,SF,1.8,107.0,2.0,6.0,-4.0,44.9,134.6,-89.7
2509200,4,984926,FUNDACIÓN CB CANARIAS,AWAY,2734732,E. Prekevicius,SF,2362551,E. Lima Teixeira,SF,2444602,L. Riga,SF,2007163,D. Fernandez Trujillo,SF,2470375,M. Sangare,SF,0.6,34.0,2.0,0.0,2.0,141.2,0.0,141.2
2509200,4,984926,FUNDACIÓN CB CANARIAS,AWAY,2734732,E. Prekevicius,SF,2362551,E. Lima Teixeira,SF,2444602,L. Riga,SF,2181003,R. Rodriguez Galvan,SF,2470375,M. Sangare,SF,2.9,170.0,3.0,9.0,-6.0,42.4,127.1,-84.7
2509200,4,984926,FUNDACIÓN CB CANARIAS,AWAY,2734732,E. Prekevicius,SF,2444602,L. Riga,SF,2137337,A. Perez Lopez,SF,2181003,R. Rodriguez Galvan,SF,2470375,M. Sangare,SF,0.5,29.0,0.0,2.0,-2.0,0.0,165.5,-165.5
2509200,4,984926,FUNDACIÓN CB CANARIAS,AWAY,2734732,E. Prekevicius,SF,2444602,L. Riga,SF,2181003,R. Rodriguez Galvan,SF,2007163,D. Fernandez Trujillo,SF,2470375,M. Sangare,SF,0.5,33.0,3.0,0.0,3.0,218.2,0.0,218.2
2509200,4,984926,FUNDACIÓN CB CANARIAS,AWAY,2734732,E. Prekevicius,SF,2476064,B. Lipasi Yitu,SF,2044955,X. Lopez Rodriguez,SF,2181003,R. Rodriguez Galvan,SF,2470375,M. Sangare,SF,1.9,115.0,2.0,5.0,-3.0,41.7,104.3,-62.6
2509200,4,984926,FUNDACIÓN CB CANARIAS,AWAY,2734732,E. Prekevicius,SF,2476064,B. Lipasi Yitu,SF,2444602,L. Riga,SF,2181003,R. Rodriguez Galvan,SF,2007163,D. Fernandez Trujillo,SF,0.3,19.0,1.0,0.0,1.0,126.3,0.0,126.3
2509200,4,984926,FUNDACIÓN CB CANARIAS,AWAY,2734732,E. Prekevicius,SF,2476064,B. Lipasi Yitu,SF,2444602,L. Riga,SF,2181003,R. Rodriguez Galvan,SF,2470375,M. Sangare,SF,0.5,28.0,0.0,1.0,-1.0,0.0,85.7,-85.7
2509200,4,984926,FUNDACIÓN CB CANARIAS,AWAY,2734732,E. Prekevicius,SF,2476064,B. Lipasi Yitu,SF,2819094,P. Bilous,SF,2044955,X. Lopez Rodriguez,SF,2444602,L. Riga,SF,0.8,46.0,3.0,2.0,1.0,156.5,104.3,52.2
2509200,4,984926,FUNDACIÓN CB CANARIAS,AWAY,2734732,E. Prekevicius,SF,2819094,P. Bilous,SF,2044955,X. Lopez Rodriguez,SF,2444602,L. Riga,SF,2470375,M. Sangare,SF,0.8,46.0,0.0,1.0,-1.0,0.0,52.2,-52.2
2509200,4,984926,FUNDACIÓN CB CANARIAS,AWAY,2819094,P. Bilous,SF,2044955,X. Lopez Rodriguez,SF,2181003,R. Rodriguez Galvan,SF,2007163,D. Fernandez Trujillo,SF,2470375,M. Sangare,SF,1.2,74.0,3.0,4.0,-1.0,97.3,129.7,-32.4
2509200,4,984926,FUNDACIÓN CB CANARIAS,AWAY,2819094,P. Bilous,SF,2444602,L. Riga,SF,2181003,R. Rodriguez Galvan,SF,2007163,D. Fernandez Trujillo,SF,2470375,M. Sangare,SF,1.6,95.0,5.0,6.0,-1.0,126.3,151.6,-25.3
2509201,4,984927,CASADEMONT ZARAGOZA,HOME,1975428,C. Alias Bermudez,SF,2382801,J. Prieto Alejandre,SF,2704549,K. Soumalia Salif,SF,2125634,J. Garcia Sanchez,SF,2646355,M. Lukic,SF,0.8,51.0,1.0,0.0,1.0,47.1,0.0,47.1
2509201,4,984927,CASADEMONT ZARAGOZA,HOME,1975428,C. Alias Bermudez,SF,2382801,J. Prieto Alejandre,SF,2704549,K. Soumalia Salif,SF,2646355,M. Lukic,SF,2382632,A. Cativiela Aisa,SF,0.4,25.0,2.0,2.0,0.0,192.0,192.0,0.0
2509201,4,984927,CASADEMONT ZARAGOZA,HOME,1975428,C. Alias Bermudez,SF,2648124,A. Rodriguez Aguila,SF,2073295,R. Valero Lopez,SF,2125634,J. Garcia Sanchez,SF,2008960,A. Moreno Valero,SF,0.9,55.0,0.0,3.0,-3.0,0.0,130.9,-130.9
2509201,4,984927,CASADEMONT ZARAGOZA,HOME,1975428,C. Alias Bermudez,SF,2648124,A. Rodriguez Aguila,SF,2073295,R. Valero Lopez,SF,2646355,M. Lukic,SF,2008960,A. Moreno Valero,SF,1.2,70.0,2.0,0.0,2.0,68.6,0.0,68.6
2509201,4,984927,CASADEMONT ZARAGOZA,HOME,1975428,C. Alias Bermudez,SF,2648124,A. Rodriguez Aguila,SF,2382801,J. Prieto Alejandre,SF,2125634,J. Garcia Sanchez,SF,2646355,M. Lukic,SF,0.9,57.0,0.0,2.0,-2.0,0.0,84.2,-84.2
2509201,4,984927,CASADEMONT ZARAGOZA,HOME,1975428,C. Alias Bermudez,SF,2648124,A. Rodriguez Aguila,SF,2438847,A. Savkov,SF,2125634,J. Garcia Sanchez,SF,2646355,M. Lukic,SF,3.1,187.0,8.0,2.0,6.0,102.7,25.7,77.0
2509201,4,984927,CASADEMONT ZARAGOZA,HOME,1975428,C. Alias Bermudez,SF,2648124,A. Rodriguez Aguila,SF,2646355,M. Lukic,SF,2008960,A. Moreno Valero,SF,2438847,A. Savkov,SF,2.3,140.0,8.0,4.0,4.0,137.1,68.6,68.6
2509201,4,984927,CASADEMONT ZARAGOZA,HOME,1975428,C. Alias Bermudez,SF,2704549,K. Soumalia Salif,SF,2073295,R. Valero Lopez,SF,2646355,M. Lukic,SF,2008960,A. Moreno Valero,SF,1.6,93.0,6.0,5.0,1.0,154.8,129.0,25.8
2509201,4,984927,CASADEMONT ZARAGOZA,HOME,1975428,C. Alias Bermudez,SF,2704549,K. Soumalia Salif,SF,2438847,A. Savkov,SF,2008960,A. Moreno Valero,SF,2382632,A. Cativiela Aisa,SF,1.2,73.0,8.0,0.0,8.0,263.0,0.0,263.0
2509201,4,984927,CASADEMONT ZARAGOZA,HOME,1975428,C. Alias Bermudez,SF,2704549,K. Soumalia Salif,SF,2438847,A. Savkov,SF,2125634,J. Garcia Sanchez,SF,2646355,M. Lukic,SF,1.0,61.0,0.0,0.0,0.0,0.0,0.0,0.0
2509201,4,984927,CASADEMONT ZARAGOZA,HOME,1975428,C. Alias Bermudez,SF,2736780,S. Faye,SF,2382801,J. Prieto Alejandre,SF,2125634,J. Garcia Sanchez,SF,2704549,K. Soumalia Salif,SF,2.5,151.0,5.0,2.0,3.0,79.5,31.8,47.7
2509201,4,984927,CASADEMONT ZARAGOZA,HOME,1975428,C. Alias Bermudez,SF,2736780,S. Faye,SF,2704549,K. Soumalia Salif,SF,2073295,R. Valero Lopez,SF,2008960,A. Moreno Valero,SF,0.5,30.0,0.0,0.0,0.0,0.0,0.0,0.0
2509201,4,984927,CASADEMONT ZARAGOZA,HOME,2125634,J. Garcia Sanchez,SF,2438847,A. Savkov,SF,2704549,K. Soumalia Salif,SF,2008960,A. Moreno Valero,SF,2382632,A. Cativiela Aisa,SF,1.2,70.0,0.0,5.0,-5.0,0.0,171.4,-171.4
2509201,4,984927,CASADEMONT ZARAGOZA,HOME,2382801,J. Prieto Alejandre,SF,2073295,R. Valero Lopez,SF,2438847,A. Savkov,SF,2704549,K. Soumalia Salif,SF,2646355,M. Lukic,SF,1.0,58.0,2.0,0.0,2.0,82.8,0.0,82.8
2509201,4,984927,CASADEMONT ZARAGOZA,HOME,2382801,J. Prieto Alejandre,SF,2704549,K. Soumalia Salif,SF,2438847,A. Savkov,SF,2646355,M. Lukic,SF,2382632,A. Cativiela Aisa,SF,0.7,41.0,2.0,5.0,-3.0,117.1,292.7,-175.6
2509201,4,984927,CASADEMONT ZARAGOZA,HOME,2438847,A. Savkov,SF,2704549,K. Soumalia Salif,SF,2646355,M. Lukic,SF,2008960,A. Moreno Valero,SF,2382632,A. Cativiela Aisa,SF,0.6,35.0,0.0,0.0,0.0,0.0,0.0,0.0
2509201,4,984927,CASADEMONT ZARAGOZA,HOME,2646355,M. Lukic,SF,2073295,R. Valero Lopez,SF,2438847,A. Savkov,SF,2084765,C. Iglesias Gracia,SF,2125634,J. Garcia Sanchez,SF,0.3,20.0,2.0,0.0,2.0,240.0,0.0,240.0
2509201,4,984927,CASADEMONT ZARAGOZA,HOME,2646355,M. Lukic,SF,2382801,J. Prieto Alejandre,SF,2073295,R. Valero Lopez,SF,2438847,A. Savkov,SF,2084765,C. Iglesias Gracia,SF,1.0,59.0,0.0,0.0,0.0,0.0,0.0,0.0
2509201,4,984927,CASADEMONT ZARAGOZA,HOME,2646355,M. Lukic,SF,2382801,J. Prieto Alejandre,SF,2073295,R. Valero Lopez,SF,2438847,A. Savkov,SF,2382632,A. Cativiela Aisa,SF,2.0,119.0,0.0,2.0,-2.0,0.0,40.3,-40.3
2509201,4,984927,CASADEMONT ZARAGOZA,HOME,2648124,A. Rodriguez Aguila,SF,2008960,A. Moreno Valero,SF,2073295,R. Valero Lopez,SF,2438847,A. Savkov,SF,2084765,C. Iglesias Gracia,SF,0.9,56.0,1.0,4.0,-3.0,42.9,171.4,-128.6
2509201,4,984927,CASADEMONT ZARAGOZA,HOME,2648124,A. Rodriguez Aguila,SF,2008960,A. Moreno Valero,SF,2073295,R. Valero Lopez,SF,2438847,A. Savkov,SF,2646355,M. Lukic,SF,1.1,65.0,0.0,2.0,-2.0,0.0,73.8,-73.8
2509201,4,984927,CASADEMONT ZARAGOZA,HOME,2648124,A. Rodriguez Aguila,SF,2073295,R. Valero Lopez,SF,2125634,J. Garcia Sanchez,SF,2008960,A. Moreno Valero,SF,2382632,A. Cativiela Aisa,SF,0.7,41.0,2.0,0.0,2.0,117.1,0.0,117.1
2509201,4,984927,CASADEMONT ZARAGOZA,HOME,2648124,A. Rodriguez Aguila,SF,2073295,R. Valero Lopez,SF,2438847,A. Savkov,SF,2084765,C. Iglesias Gracia,SF,2125634,J. Garcia Sanchez,SF,0.8,45.0,2.0,0.0,2.0,106.7,0.0,106.7
2509201,4,984927,CASADEMONT ZARAGOZA,HOME,2648124,A. Rodriguez Aguila,SF,2073295,R. Valero Lopez,SF,2438847,A. Savkov,SF,2646355,M. Lukic,SF,2382632,A. Cativiela Aisa,SF,1.1,62.0,2.0,3.0,-1.0,77.4,116.1,-38.7
2509201,4,984927,CASADEMONT ZARAGOZA,HOME,2648124,A. Rodriguez Aguila,SF,2125634,J. Garcia Sanchez,SF,2646355,M. Lukic,SF,2438847,A. Savkov,SF,2382632,A. Cativiela Aisa,SF,0.8,46.0,0.0,3.0,-3.0,0.0,156.5,-156.5
2509201,4,984927,CASADEMONT ZARAGOZA,HOME,2648124,A. Rodriguez Aguila,SF,2382801,J. Prieto Alejandre,SF,2073295,R. Valero Lopez,SF,2008960,A. Moreno Valero,SF,2382632,A. Cativiela Aisa,SF,0.6,38.0,4.0,0.0,4.0,252.6,0.0,252.6
2509201,4,984927,CASADEMONT ZARAGOZA,HOME,2648124,A. Rodriguez Aguila,SF,2382801,J. Prieto Alejandre,SF,2073295,R. Valero Lopez,SF,2125634,J. Garcia Sanchez,SF,2646355,M. Lukic,SF,0.3,16.0,1.0,0.0,1.0,150.0,0.0,150.0
2509201,4,984927,CASADEMONT ZARAGOZA,HOME,2648124,A. Rodriguez Aguila,SF,2382801,J. Prieto Alejandre,SF,2073295,R. Valero Lopez,SF,2438847,A. Savkov,SF,2646355,M. Lukic,SF,0.7,44.0,0.0,0.0,0.0,0.0,0.0,0.0
2509201,4,984927,CASADEMONT ZARAGOZA,HOME,2648124,A. Rodriguez Aguila,SF,2382801,J. Prieto Alejandre,SF,2438847,A. Savkov,SF,2646355,M. Lukic,SF,2382632,A. Cativiela Aisa,SF,2.3,137.0,4.0,0.0,4.0,70.1,0.0,70.1
2509201,4,984927,CASADEMONT ZARAGOZA,HOME,2648124,A. Rodriguez Aguila,SF,2438847,A. Savkov,SF,2646355,M. Lukic,SF,2008960,A. Moreno Valero,SF,2382632,A. Cativiela Aisa,SF,1.3,79.0,0.0,5.0,-5.0,0.0,151.9,-151.9
2509201,4,984927,CASADEMONT ZARAGOZA,HOME,2648124,A. Rodriguez Aguila,SF,2646355,M. Lukic,SF,2008960,A. Moreno Valero,SF,2438847,A. Savkov,SF,2382632,A. Cativiela Aisa,SF,1.4,80.0,8.0,2.0,6.0,240.0,60.0,180.0
2509201,4,984927,CASADEMONT ZARAGOZA,HOME,2704549,K. Soumalia Salif,SF,2073295,R. Valero Lopez,SF,2084765,C. Iglesias Gracia,SF,2008960,A. Moreno Valero,SF,2382632,A. Cativiela Aisa,SF,1.1,66.0,0.0,4.0,-4.0,0.0,145.5,-145.5
2509201,4,984927,CASADEMONT ZARAGOZA,HOME,2704549,K. Soumalia Salif,SF,2438847,A. Savkov,SF,2084765,C. Iglesias Gracia,SF,2008960,A. Moreno Valero,SF,2382632,A. Cativiela Aisa,SF,0.3,18.0,1.0,0.0,1.0,133.3,0.0,133.3
2509201,4,984927,CASADEMONT ZARAGOZA,HOME,2736780,S. Faye,SF,2125634,J. Garcia Sanchez,SF,2438847,A. Savkov,SF,2008960,A. Moreno Valero,SF,2382632,A. Cativiela Aisa,SF,0.4,21.0,2.0,0.0,2.0,228.6,0.0,228.6
2509201,4,984927,CASADEMONT ZARAGOZA,HOME,2736780,S. Faye,SF,2382801,J. Prieto Alejandre,SF,2125634,J. Garcia Sanchez,SF,2704549,K. Soumalia Salif,SF,2382632,A. Cativiela Aisa,SF,1.0,60.0,0.0,0.0,0.0,0.0,0.0,0.0
2509201,4,984927,CASADEMONT ZARAGOZA,HOME,2736780,S. Faye,SF,2438847,A. Savkov,SF,2646355,M. Lukic,SF,2008960,A. Moreno Valero,SF,2382632,A. Cativiela Aisa,SF,0.8,48.0,3.0,0.0,3.0,150.0,0.0,150.0
2509201,4,984927,CASADEMONT ZARAGOZA,HOME,2736780,S. Faye,SF,2704549,K. Soumalia Salif,SF,2084765,C. Iglesias Gracia,SF,2008960,A. Moreno Valero,SF,2382632,A. Cativiela Aisa,SF,1.4,83.0,4.0,2.0,2.0,115.7,57.8,57.8
2509201,4,984929,JOVENTUT BADALONA,AWAY,1943849,F. Mauri Guillen,SF,2023675,A. Torres De La Torre,SF,2081709,E. Del Castillo Lindo,SF,2641899,G. Graae Barbosa,SF,2241509,H. Ruiz Zamorano,SF,0.7,39.0,0.0,2.0,-2.0,0.0,123.1,-123.1
2509201,4,984929,JOVENTUT BADALONA,AWAY,1943849,F. Mauri Guillen,SF,2023675,A. Torres De La Torre,SF,2081709,E. Del Castillo Lindo,SF,2641899,G. Graae Barbosa,SF,2243143,T. Thomas I García,SF,2.1,133.0,4.0,3.0,1.0,72.2,54.1,18.0
2509201,4,984929,JOVENTUT BADALONA,AWAY,1943849,F. Mauri Guillen,SF,2023675,A. Torres De La Torre,SF,2081709,E. Del Castillo Lindo,SF,2845979,M. Buben,SF,2241509,H. Ruiz Zamorano,SF,3.1,188.0,4.0,11.0,-7.0,51.1,140.4,-89.4
2509201,4,984929,JOVENTUT BADALONA,AWAY,1943849,F. Mauri Guillen,SF,2023675,A. Torres De La Torre,SF,2452873,M. Gil Llimona,SF,2081709,E. Del Castillo Lindo,SF,2241509,H. Ruiz Zamorano,SF,1.8,106.0,3.0,0.0,3.0,67.9,0.0,67.9
2509201,4,984929,JOVENTUT BADALONA,AWAY,1943849,F. Mauri Guillen,SF,2023675,A. Torres De La Torre,SF,2452873,M. Gil Llimona,SF,2081709,E. Del Castillo Lindo,SF,2845979,M. Buben,SF,1.1,63.0,2.0,5.0,-3.0,76.2,190.5,-114.3
2509201,4,984929,JOVENTUT BADALONA,AWAY,1943849,F. Mauri Guillen,SF,2081709,E. Del Castillo Lindo,SF,2641899,G. Graae Barbosa,SF,2241509,H. Ruiz Zamorano,SF,2453512,P. Batlle Sole,SF,1.9,114.0,3.0,3.0,0.0,63.2,63.2,0.0
2509201,4,984929,JOVENTUT BADALONA,AWAY,1943849,F. Mauri Guillen,SF,2081709,E. Del Castillo Lindo,SF,2845979,M. Buben,SF,2641899,G. Graae Barbosa,SF,2241509,H. Ruiz Zamorano,SF,1.2,73.0,0.0,8.0,-8.0,0.0,263.0,-263.0
2509201,4,984929,JOVENTUT BADALONA,AWAY,1943849,F. Mauri Guillen,SF,2452873,M. Gil Llimona,SF,2081709,E. Del Castillo Lindo,SF,2156562,R. Torras Ferrer,SF,2243143,T. Thomas I García,SF,2.0,119.0,2.0,0.0,2.0,40.3,0.0,40.3
2509201,4,984929,JOVENTUT BADALONA,AWAY,1943849,F. Mauri Guillen,SF,2452873,M. Gil Llimona,SF,2081709,E. Del Castillo Lindo,SF,2641899,G. Graae Barbosa,SF,2241509,H. Ruiz Zamorano,SF,0.3,16.0,0.0,1.0,-1.0,0.0,150.0,-150.0
2509201,4,984929,JOVENTUT BADALONA,AWAY,1943849,F. Mauri Guillen,SF,2452873,M. Gil Llimona,SF,2081709,E. Del Castillo Lindo,SF,2845979,M. Buben,SF,2535717,K. Macías Book,SF,2.1,123.0,5.0,6.0,-1.0,97.6,117.1,-19.5
2509201,4,984929,JOVENTUT BADALONA,AWAY,2023675,A. Torres De La Torre,SF,2452873,M. Gil Llimona,SF,2081709,E. Del Castillo Lindo,SF,2241509,H. Ruiz Zamorano,SF,2535717,K. Macías Book,SF,1.3,79.0,2.0,2.0,0.0,60.8,60.8,0.0
2509201,4,984929,JOVENTUT BADALONA,AWAY,2081017,M. Julia Del Pozo,SF,1943849,F. Mauri Guillen,SF,2023675,A. Torres De La Torre,SF,2081709,E. Del Castillo Lindo,SF,2243143,T. Thomas I García,SF,1.3,77.0,0.0,4.0,-4.0,0.0,124.7,-124.7
2509201,4,984929,JOVENTUT BADALONA,AWAY,2081017,M. Julia Del Pozo,SF,1943849,F. Mauri Guillen,SF,2023675,A. Torres De La Torre,SF,2081709,E. Del Castillo Lindo,SF,2641899,G. Graae Barbosa,SF,5.2,306.0,13.0,7.0,6.0,102.0,54.9,47.1
2509201,4,984929,JOVENTUT BADALONA,AWAY,2081017,M. Julia Del Pozo,SF,1943849,F. Mauri Guillen,SF,2023675,A. Torres De La Torre,SF,2081709,E. Del Castillo Lindo,SF,2845979,M. Buben,SF,2.1,126.0,2.0,6.0,-4.0,38.1,114.3,-76.2
2509201,4,984929,JOVENTUT BADALONA,AWAY,2081017,M. Julia Del Pozo,SF,1943849,F. Mauri Guillen,SF,2081709,E. Del Castillo Lindo,SF,2845979,M. Buben,SF,2241509,H. Ruiz Zamorano,SF,3.0,180.0,3.0,5.0,-2.0,40.0,66.7,-26.7
2509201,4,984929,JOVENTUT BADALONA,AWAY,2081017,M. Julia Del Pozo,SF,1943849,F. Mauri Guillen,SF,2081709,E. Del Castillo Lindo,SF,2845979,M. Buben,SF,2243143,T. Thomas I García,SF,1.1,65.0,2.0,0.0,2.0,73.8,0.0,73.8
2509201,4,984929,JOVENTUT BADALONA,AWAY,2081017,M. Julia Del Pozo,SF,1943849,F. Mauri Guillen,SF,2452873,M. Gil Llimona,SF,2023675,A. Torres De La Torre,SF,2081709,E. Del Castillo Lindo,SF,2.0,116.0,5.0,2.0,3.0,103.4,41.4,62.1
2509201,4,984929,JOVENTUT BADALONA,AWAY,2081017,M. Julia Del Pozo,SF,2081709,E. Del Castillo Lindo,SF,2156562,R. Torras Ferrer,SF,2845979,M. Buben,SF,2241509,H. Ruiz Zamorano,SF,1.1,65.0,1.0,2.0,-1.0,36.9,73.8,-36.9
2509201,4,984929,JOVENTUT BADALONA,AWAY,2081017,M. Julia Del Pozo,SF,2452873,M. Gil Llimona,SF,2023675,A. Torres De La Torre,SF,2081709,E. Del Castillo Lindo,SF,2845979,M. Buben,SF,1.8,112.0,0.0,4.0,-4.0,0.0,85.7,-85.7
2509201,4,984929,JOVENTUT BADALONA,AWAY,2452873,M. Gil Llimona,SF,2081709,E. Del Castillo Lindo,SF,2156562,R. Torras Ferrer,SF,2243143,T. Thomas I García,SF,2241509,H. Ruiz Zamorano,SF,1.3,79.0,0.0,2.0,-2.0,0.0,60.8,-60.8
2509201,4,984929,JOVENTUT BADALONA,AWAY,2452873,M. Gil Llimona,SF,2081709,E. Del Castillo Lindo,SF,2641899,G. Graae Barbosa,SF,2241509,H. Ruiz Zamorano,SF,2453512,P. Batlle Sole,SF,2.5,149.0,6.0,4.0,2.0,96.6,64.4,32.2
2509201,4,984929,JOVENTUT BADALONA,AWAY,2452873,M. Gil Llimona,SF,2081709,E. Del Castillo Lindo,SF,2845979,M. Buben,SF,2241509,H. Ruiz Zamorano,SF,2535717,K. Macías Book,SF,1.2,72.0,0.0,3.0,-3.0,0.0,100.0,-100.0
2509202,4,984928,BARÇA ATLÈTIC,AWAY,2166517,D. Gonzalez Castro,SF,2642481,M. Dabone,SF,2256034,J. Cerdan Palacios,SF,2647995,M. Keita,SF,2561463,D. Ferreras Camarero,SF,2.5,149.0,5.0,4.0,1.0,80.5,64.4,16.1
2509202,4,984928,BARÇA ATLÈTIC,AWAY,2166517,D. Gonzalez Castro,SF,2642481,M. Dabone,SF,2647995,M. Keita,SF,2256034,J. Cerdan Palacios,SF,2642172,J. Siftar,SF,0.9,56.0,1.0,2.0,-1.0,42.9,85.7,-42.9
2509202,4,984928,BARÇA ATLÈTIC,AWAY,2166517,D. Gonzalez Castro,SF,2642481,M. Dabone,SF,2647995,M. Keita,SF,2646614,N. Kusturica,SF,2561463,D. Ferreras Camarero,SF,3.8,227.0,5.0,7.0,-2.0,52.9,74.0,-21.1
2509202,4,984928,BARÇA ATLÈTIC,AWAY,2166517,D. Gonzalez Castro,SF,2642481,M. Dabone,SF,2647995,M. Keita,SF,2646614,N. Kusturica,SF,2642172,J. Siftar,SF,0.6,36.0,2.0,0.0,2.0,133.3,0.0,133.3
2509202,4,984928,BARÇA ATLÈTIC,AWAY,2166517,D. Gonzalez Castro,SF,2642482,A. Kone,SF,2256034,J. Cerdan Palacios,SF,2641337,J. Boumtje Boumtje,SF,2642172,J. Siftar,SF,2.4,146.0,11.0,4.0,7.0,180.8,65.8,115.1
2509202,4,984928,BARÇA ATLÈTIC,AWAY,2166517,D. Gonzalez Castro,SF,2642482,A. Kone,SF,2641337,J. Boumtje Boumtje,SF,2646614,N. Kusturica,SF,2642172,J. Siftar,SF,8.0,477.0,16.0,23.0,-7.0,80.5,115.7,-35.2
2509202,4,984928,BARÇA ATLÈTIC,AWAY,2166517,D. Gonzalez Castro,SF,2642482,A. Kone,SF,2647995,M. Keita,SF,2646614,N. Kusturica,SF,2642172,J. Siftar,SF,0.7,45.0,5.0,3.0,2.0,266.7,160.0,106.7
2509202,4,984928,BARÇA ATLÈTIC,AWAY,2166517,D. Gonzalez Castro,SF,2647995,M. Keita,SF,2256034,J. Cerdan Palacios,SF,2641337,J. Boumtje Boumtje,SF,2642172,J. Siftar,SF,2.1,127.0,3.0,6.0,-3.0,56.7,113.4,-56.7
2509202,4,984928,BARÇA ATLÈTIC,AWAY,2166517,D. Gonzalez Castro,SF,2647995,M. Keita,SF,2641337,J. Boumtje Boumtje,SF,2646614,N. Kusturica,SF,2642172,J. Siftar,SF,1.2,75.0,4.0,0.0,4.0,128.0,0.0,128.0
2509202,4,984928,BARÇA ATLÈTIC,AWAY,2642481,M. Dabone,SF,2218824,O. Filba Gonzalez,SF,2641337,J. Boumtje Boumtje,SF,2646614,N. Kusturica,SF,2561463,D. Ferreras Camarero,SF,0.2,15.0,2.0,0.0,2.0,320.0,0.0,320.0
2509202,4,984928,BARÇA ATLÈTIC,AWAY,2642481,M. Dabone,SF,2647995,M. Keita,SF,2218824,O. Filba Gonzalez,SF,2646614,N. Kusturica,SF,2561463,D. Ferreras Camarero,SF,2.7,160.0,6.0,7.0,-1.0,90.0,105.0,-15.0
2509202,4,984928,BARÇA ATLÈTIC,AWAY,2642481,M. Dabone,SF,2647995,M. Keita,SF,2218824,O. Filba Gonzalez,SF,2646614,N. Kusturica,SF,2642172,J. Siftar,SF,0.8,48.0,0.0,0.0,0.0,0.0,0.0,0.0
2509202,4,984928,BARÇA ATLÈTIC,AWAY,2642481,M. Dabone,SF,2647995,M. Keita,SF,2256034,J. Cerdan Palacios,SF,2218824,O. Filba Gonzalez,SF,2561463,D. Ferreras Camarero,SF,4.1,247.0,12.0,2.0,10.0,116.6,19.4,97.2
2509202,4,984928,BARÇA ATLÈTIC,AWAY,2642482,A. Kone,SF,2218824,O. Filba Gonzalez,SF,2641337,J. Boumtje Boumtje,SF,2646614,N. Kusturica,SF,2561463,D. Ferreras Camarero,SF,5.3,323.0,7.0,10.0,-3.0,52.0,74.3,-22.3
2509202,4,984928,BARÇA ATLÈTIC,AWAY,2642482,A. Kone,SF,2561463,D. Ferreras Camarero,SF,2218824,O. Filba Gonzalez,SF,2641337,J. Boumtje Boumtje,SF,2646614,N. Kusturica,SF,3.3,203.0,5.0,11.0,-6.0,59.1,130.0,-70.9
2509202,4,984928,BARÇA ATLÈTIC,AWAY,2647995,M. Keita,SF,2218824,O. Filba Gonzalez,SF,2641337,J. Boumtje Boumtje,SF,2646614,N. Kusturica,SF,2561463,D. Ferreras Camarero,SF,0.8,46.0,5.0,2.0,3.0,260.9,104.3,156.5
2509202,4,984928,BARÇA ATLÈTIC,AWAY,2647995,M. Keita,SF,2561463,D. Ferreras Camarero,SF,2218824,O. Filba Gonzalez,SF,2641337,J. Boumtje Boumtje,SF,2646614,N. Kusturica,SF,0.3,20.0,0.0,0.0,0.0,0.0,0.0,0.0
2509202,4,984930,BAXI MANRESA,HOME,1959173,M. Rosell Lanza,SF,2081670,G. Naspler Perez,SF,2145902,F. Torreblanca Catalan,SF,2738788,L. Bergseng,SF,2815468,S. Lederman,SF,2.7,161.0,8.0,10.0,-2.0,119.3,149.1,-29.8
2509202,4,984930,BAXI MANRESA,HOME,2081822,A. Muncunill Ferrer,SF,1959173,M. Rosell Lanza,SF,2081670,G. Naspler Perez,SF,2738788,L. Bergseng,SF,2815468,S. Lederman,SF,1.6,95.0,0.0,4.0,-4.0,0.0,101.1,-101.1
2509202,4,984930,BAXI MANRESA,HOME,2295371,G. Ecker Alberti,SF,1959173,M. Rosell Lanza,SF,2153495,J. Salo Blaya,SF,2815468,S. Lederman,SF,2528977,B. Jekabsons,SF,1.4,85.0,0.0,5.0,-5.0,0.0,141.2,-141.2
2509202,4,984930,BAXI MANRESA,HOME,2295371,G. Ecker Alberti,SF,2081822,A. Muncunill Ferrer,SF,1959173,M. Rosell Lanza,SF,2153495,J. Salo Blaya,SF,2815468,S. Lederman,SF,0.2,13.0,0.0,0.0,0.0,0.0,0.0,0.0
2509202,4,984930,BAXI MANRESA,HOME,2295371,G. Ecker Alberti,SF,2081822,A. Muncunill Ferrer,SF,1959173,M. Rosell Lanza,SF,2738788,L. Bergseng,SF,2815468,S. Lederman,SF,0.1,5.0,0.0,1.0,-1.0,0.0,480.0,-480.0
2509202,4,984930,BAXI MANRESA,HOME,2334297,L. Sanchez Fernandez,SF,1959173,M. Rosell Lanza,SF,2081670,G. Naspler Perez,SF,2145902,F. Torreblanca Catalan,SF,2153495,J. Salo Blaya,SF,0.9,56.0,2.0,1.0,1.0,85.7,42.9,42.9
2509202,4,984930,BAXI MANRESA,HOME,2334297,L. Sanchez Fernandez,SF,1959173,M. Rosell Lanza,SF,2081670,G. Naspler Perez,SF,2145902,F. Torreblanca Catalan,SF,2738788,L. Bergseng,SF,1.1,69.0,3.0,0.0,3.0,104.3,0.0,104.3
2509202,4,984930,BAXI MANRESA,HOME,2334297,L. Sanchez Fernandez,SF,2081822,A. Muncunill Ferrer,SF,2150510,J. Pumarola Aguilar,SF,2081670,G. Naspler Perez,SF,2153495,J. Salo Blaya,SF,0.3,16.0,1.0,5.0,-4.0,150.0,750.0,-600.0
2509202,4,984930,BAXI MANRESA,HOME,2334297,L. Sanchez Fernandez,SF,2081822,A. Muncunill Ferrer,SF,2150510,J. Pumarola Aguilar,SF,2081670,G. Naspler Perez,SF,2738788,L. Bergseng,SF,1.3,84.0,0.0,4.0,-4.0,0.0,114.3,-114.3
2509202,4,984930,BAXI MANRESA,HOME,2334297,L. Sanchez Fernandez,SF,2150510,J. Pumarola Aguilar,SF,2081670,G. Naspler Perez,SF,2145902,F. Torreblanca Catalan,SF,2738788,L. Bergseng,SF,2.2,136.0,7.0,2.0,5.0,123.5,35.3,88.2
2509202,4,984930,BAXI MANRESA,HOME,2334297,L. Sanchez Fernandez,SF,2150510,J. Pumarola Aguilar,SF,2081670,G. Naspler Perez,SF,2153495,J. Salo Blaya,SF,2528977,B. Jekabsons,SF,1.8,112.0,6.0,3.0,3.0,128.6,64.3,64.3
2509202,4,984930,BAXI MANRESA,HOME,2334297,L. Sanchez Fernandez,SF,2150510,J. Pumarola Aguilar,SF,2145902,F. Torreblanca Catalan,SF,2738788,L. Bergseng,SF,2081670,G. Naspler Perez,SF,1.7,100.0,5.0,2.0,3.0,120.0,48.0,72.0
2509202,4,984930,BAXI MANRESA,HOME,2334297,L. Sanchez Fernandez,SF,2295371,G. Ecker Alberti,SF,1959173,M. Rosell Lanza,SF,2153495,J. Salo Blaya,SF,2081670,G. Naspler Perez,SF,2.5,148.0,8.0,4.0,4.0,129.7,64.9,64.9
2509202,4,984930,BAXI MANRESA,HOME,2334297,L. Sanchez Fernandez,SF,2295371,G. Ecker Alberti,SF,2153495,J. Salo Blaya,SF,2081670,G. Naspler Perez,SF,2528977,B. Jekabsons,SF,0.6,36.0,0.0,2.0,-2.0,0.0,133.3,-133.3
2509202,4,984930,BAXI MANRESA,HOME,2528977,B. Jekabsons,SF,2334297,L. Sanchez Fernandez,SF,1959173,M. Rosell Lanza,SF,2081670,G. Naspler Perez,SF,2153495,J. Salo Blaya,SF,0.8,48.0,0.0,0.0,0.0,0.0,0.0,0.0
2509202,4,984930,BAXI MANRESA,HOME,2528977,B. Jekabsons,SF,2334297,L. Sanchez Fernandez,SF,2150510,J. Pumarola Aguilar,SF,2081670,G. Naspler Perez,SF,2153495,J. Salo Blaya,SF,0.9,57.0,4.0,2.0,2.0,168.4,84.2,84.2
2509202,4,984930,BAXI MANRESA,HOME,2528977,B. Jekabsons,SF,2334297,L. Sanchez Fernandez,SF,2150510,J. Pumarola Aguilar,SF,2081670,G. Naspler Perez,SF,2738788,L. Bergseng,SF,2.6,156.0,3.0,6.0,-3.0,46.2,92.3,-46.2
2509202,4,984930,BAXI MANRESA,HOME,2528977,B. Jekabsons,SF,2334297,L. Sanchez Fernandez,SF,2295371,G. Ecker Alberti,SF,2081670,G. Naspler Perez,SF,2153495,J. Salo Blaya,SF,2.3,136.0,6.0,7.0,-1.0,105.9,123.5,-17.6
2509202,4,984930,BAXI MANRESA,HOME,2528977,B. Jekabsons,SF,2739297,I. Francisco,SF,1959173,M. Rosell Lanza,SF,2150510,J. Pumarola Aguilar,SF,2738788,L. Bergseng,SF,0.4,22.0,0.0,0.0,0.0,0.0,0.0,0.0
2509202,4,984930,BAXI MANRESA,HOME,2528977,B. Jekabsons,SF,2739297,I. Francisco,SF,2150510,J. Pumarola Aguilar,SF,2081670,G. Naspler Perez,SF,2738788,L. Bergseng,SF,0.8,48.0,0.0,0.0,0.0,0.0,0.0,0.0
2509202,4,984930,BAXI MANRESA,HOME,2739297,I. Francisco,SF,1959173,M. Rosell Lanza,SF,2081670,G. Naspler Perez,SF,2738788,L. Bergseng,SF,2145902,F. Torreblanca Catalan,SF,1.9,114.0,5.0,4.0,1.0,105.3,84.2,21.1
2509202,4,984930,BAXI MANRESA,HOME,2739297,I. Francisco,SF,1959173,M. Rosell Lanza,SF,2150510,J. Pumarola Aguilar,SF,2145902,F. Torreblanca Catalan,SF,2738788,L. Bergseng,SF,4.1,245.0,10.0,7.0,3.0,98.0,68.6,29.4
2509202,4,984930,BAXI MANRESA,HOME,2739297,I. Francisco,SF,1959173,M. Rosell Lanza,SF,2150510,J. Pumarola Aguilar,SF,2738788,L. Bergseng,SF,2145902,F. Torreblanca Catalan,SF,2.9,179.0,3.0,7.0,-4.0,40.2,93.9,-53.6
2509202,4,984930,BAXI MANRESA,HOME,2739297,I. Francisco,SF,2150510,J. Pumarola Aguilar,SF,1959173,M. Rosell Lanza,SF,2145902,F. Torreblanca Catalan,SF,2738788,L. Bergseng,SF,3.0,184.0,8.0,9.0,-1.0,104.3,117.4,-13.0
2509202,4,984930,BAXI MANRESA,HOME,2739297,I. Francisco,SF,2150510,J. Pumarola Aguilar,SF,2145902,F. Torreblanca Catalan,SF,2738788,L. Bergseng,SF,2081670,G. Naspler Perez,SF,1.6,95.0,2.0,4.0,-2.0,50.5,101.1,-50.5
2509203,4,984791,BURGOS GRUPO DE SANTIAGO,HOME,2535384,M. Bella Cabañas,SF,2790234,J. Taboada Lühers,SF,2162563,A. Laso Careaga,SF,2045029,D. Rodriguez Ramos,SF,2436134,A. Traore,SF,1.7,103.0,7.0,2.0,5.0,163.1,46.6,116.5
2509203,4,984791,BURGOS GRUPO DE SANTIAGO,HOME,2535384,M. Bella Cabañas,SF,2790234,J. Taboada Lühers,SF,2661261,R. Rodriguez,SF,2045029,D. Rodriguez Ramos,SF,2210291,E. Franco Sanz,SF,0.6,33.0,3.0,3.0,0.0,218.2,218.2,0.0
2509203,4,984791,BURGOS GRUPO DE SANTIAGO,HOME,2610623,L. Krispin,SF,2535384,M. Bella Cabañas,SF,2162563,A. Laso Careaga,SF,2045029,D. Rodriguez Ramos,SF,2436134,A. Traore,SF,3.3,200.0,3.0,9.0,-6.0,36.0,108.0,-72.0
2509203,4,984791,BURGOS GRUPO DE SANTIAGO,HOME,2610623,L. Krispin,SF,2535384,M. Bella Cabañas,SF,2162563,A. Laso Careaga,SF,2210291,E. Franco Sanz,SF,2045029,D. Rodriguez Ramos,SF,1.7,100.0,6.0,5.0,1.0,144.0,120.0,24.0
2509203,4,984791,BURGOS GRUPO DE SANTIAGO,HOME,2610623,L. Krispin,SF,2535384,M. Bella Cabañas,SF,2162563,A. Laso Careaga,SF,2436134,A. Traore,SF,2690845,F. Nuñez,SF,2.3,139.0,7.0,11.0,-4.0,120.9,189.9,-69.1
2509203,4,984791,BURGOS GRUPO DE SANTIAGO,HOME,2610623,L. Krispin,SF,2535384,M. Bella Cabañas,SF,2162563,A. Laso Careaga,SF,2790234,J. Taboada Lühers,SF,2436134,A. Traore,SF,2.9,173.0,7.0,0.0,7.0,97.1,0.0,97.1
2509203,4,984791,BURGOS GRUPO DE SANTIAGO,HOME,2610623,L. Krispin,SF,2535384,M. Bella Cabañas,SF,2790234,J. Taboada Lühers,SF,2045029,D. Rodriguez Ramos,SF,2220551,M. Garcia Varona,SF,0.2,12.0,4.0,0.0,4.0,800.0,0.0,800.0
2509203,4,984791,BURGOS GRUPO DE SANTIAGO,HOME,2610623,L. Krispin,SF,2535384,M. Bella Cabañas,SF,2790234,J. Taboada Lühers,SF,2045029,D. Rodriguez Ramos,SF,2436134,A. Traore,SF,5.6,340.0,12.0,8.0,4.0,84.7,56.5,28.2
2509203,4,984791,BURGOS GRUPO DE SANTIAGO,HOME,2610623,L. Krispin,SF,2535384,M. Bella Cabañas,SF,2790234,J. Taboada Lühers,SF,2162563,A. Laso Careaga,SF,2045029,D. Rodriguez Ramos,SF,0.4,22.0,2.0,1.0,1.0,218.2,109.1,109.1
2509203,4,984791,BURGOS GRUPO DE SANTIAGO,HOME,2610623,L. Krispin,SF,2535384,M. Bella Cabañas,SF,2790234,J. Taboada Lühers,SF,2162563,A. Laso Careaga,SF,2436134,A. Traore,SF,3.2,194.0,9.0,7.0,2.0,111.3,86.6,24.7
2509203,4,984791,BURGOS GRUPO DE SANTIAGO,HOME,2610623,L. Krispin,SF,2535384,M. Bella Cabañas,SF,2790234,J. Taboada Lühers,SF,2661261,R. Rodriguez,SF,2045029,D. Rodriguez Ramos,SF,1.8,109.0,4.0,2.0,2.0,88.1,44.0,44.0
2509203,4,984791,BURGOS GRUPO DE SANTIAGO,HOME,2610623,L. Krispin,SF,2535384,M. Bella Cabañas,SF,2790234,J. Taboada Lühers,SF,2661261,R. Rodriguez,SF,2436134,A. Traore,SF,1.4,84.0,0.0,2.0,-2.0,0.0,57.1,-57.1
2509203,4,984791,BURGOS GRUPO DE SANTIAGO,HOME,2610623,L. Krispin,SF,2661261,R. Rodriguez,SF,2045029,D. Rodriguez Ramos,SF,2436134,A. Traore,SF,2690845,F. Nuñez,SF,1.4,83.0,0.0,4.0,-4.0,0.0,115.7,-115.7
2509203,4,984791,BURGOS GRUPO DE SANTIAGO,HOME,2610623,L. Krispin,SF,2790234,J. Taboada Lühers,SF,2162563,A. Laso Careaga,SF,2045029,D. Rodriguez Ramos,SF,2228400,M. Perez Gundin,SF,1.9,117.0,4.0,4.0,0.0,82.1,82.1,0.0
2509203,4,984791,BURGOS GRUPO DE SANTIAGO,HOME,2610623,L. Krispin,SF,2790234,J. Taboada Lühers,SF,2162563,A. Laso Careaga,SF,2045029,D. Rodriguez Ramos,SF,2436134,A. Traore,SF,4.3,253.0,8.0,11.0,-3.0,75.9,104.3,-28.5
2509203,4,984791,BURGOS GRUPO DE SANTIAGO,HOME,2610623,L. Krispin,SF,2790234,J. Taboada Lühers,SF,2162563,A. Laso Careaga,SF,2436134,A. Traore,SF,2228400,M. Perez Gundin,SF,1.5,89.0,4.0,0.0,4.0,107.9,0.0,107.9
2509203,4,984791,BURGOS GRUPO DE SANTIAGO,HOME,2610623,L. Krispin,SF,2790234,J. Taboada Lühers,SF,2661261,R. Rodriguez,SF,2045029,D. Rodriguez Ramos,SF,2436134,A. Traore,SF,3.3,199.0,4.0,3.0,1.0,48.2,36.2,12.1
2509203,4,984791,BURGOS GRUPO DE SANTIAGO,HOME,2610623,L. Krispin,SF,2790234,J. Taboada Lühers,SF,2661261,R. Rodriguez,SF,2045029,D. Rodriguez Ramos,SF,2690845,F. Nuñez,SF,2.5,147.0,7.0,5.0,2.0,114.3,81.6,32.7
2509203,4,984791,BURGOS GRUPO DE SANTIAGO,HOME,2790234,J. Taboada Lühers,SF,2661261,R. Rodriguez,SF,2045029,D. Rodriguez Ramos,SF,2210291,E. Franco Sanz,SF,2690845,F. Nuñez,SF,5.0,303.0,6.0,16.0,-10.0,47.5,126.7,-79.2
2509203,4,984923,GRAN CANARIA,AWAY,2441048,E. Heinonen,SF,1885980,F. Díaz Herrera,SF,2177916,P. Pasqua Amat,SF,2279529,H. Díaz Guillén,SF,2044256,J. Arteaga Giner,SF,1.8,110.0,0.0,2.0,-2.0,0.0,43.6,-43.6
2509203,4,984923,GRAN CANARIA,AWAY,2441048,E. Heinonen,SF,1885980,F. Díaz Herrera,SF,2177916,P. Pasqua Amat,SF,2279529,H. Díaz Guillén,SF,2760153,C. Mbengue,SF,1.1,63.0,0.0,5.0,-5.0,0.0,190.5,-190.5
2509203,4,984923,GRAN CANARIA,AWAY,2441048,E. Heinonen,SF,1885980,F. Díaz Herrera,SF,2177916,P. Pasqua Amat,SF,2834161,W. Tsafack,SF,2044256,J. Arteaga Giner,SF,1.8,104.0,5.0,6.0,-1.0,115.4,138.5,-23.1
2509203,4,984923,GRAN CANARIA,AWAY,2441048,E. Heinonen,SF,1885980,F. Díaz Herrera,SF,2827856,B. González Ramírez,SF,2279529,H. Díaz Guillén,SF,2044256,J. Arteaga Giner,SF,2.3,139.0,11.0,7.0,4.0,189.9,120.9,69.1
2509203,4,984923,GRAN CANARIA,AWAY,2441048,E. Heinonen,SF,1885980,F. Díaz Herrera,SF,2827856,B. González Ramírez,SF,2834161,W. Tsafack,SF,2044256,J. Arteaga Giner,SF,12.4,741.0,18.0,31.0,-13.0,58.3,100.4,-42.1
2509203,4,984923,GRAN CANARIA,AWAY,2441048,E. Heinonen,SF,1885980,F. Díaz Herrera,SF,2834161,W. Tsafack,SF,2044256,J. Arteaga Giner,SF,2651631,M. Miteo,SF,3.6,214.0,12.0,5.0,7.0,134.6,56.1,78.5
2509203,4,984923,GRAN CANARIA,AWAY,2441048,E. Heinonen,SF,1885980,F. Díaz Herrera,SF,2834161,W. Tsafack,SF,2044256,J. Arteaga Giner,SF,2760153,C. Mbengue,SF,0.2,12.0,0.0,0.0,0.0,0.0,0.0,0.0
2509203,4,984923,GRAN CANARIA,AWAY,2441048,E. Heinonen,SF,2827856,B. González Ramírez,SF,2279529,H. Díaz Guillén,SF,2044256,J. Arteaga Giner,SF,2087418,G. Baez Pierson,SF,2.0,121.0,2.0,8.0,-6.0,39.7,158.7,-119.0
2509203,4,984923,GRAN CANARIA,AWAY,2441048,E. Heinonen,SF,2827856,B. González Ramírez,SF,2834161,W. Tsafack,SF,2044256,J. Arteaga Giner,SF,2651631,M. Miteo,SF,10.2,616.0,20.0,13.0,7.0,77.9,50.6,27.3
2509203,4,984923,GRAN CANARIA,AWAY,2441048,E. Heinonen,SF,2827856,B. González Ramírez,SF,2834161,W. Tsafack,SF,2044256,J. Arteaga Giner,SF,2760153,C. Mbengue,SF,0.7,43.0,0.0,4.0,-4.0,0.0,223.3,-223.3
2509203,4,984923,GRAN CANARIA,AWAY,2834161,W. Tsafack,SF,2441048,E. Heinonen,SF,1885980,F. Díaz Herrera,SF,2177916,P. Pasqua Amat,SF,2760153,C. Mbengue,SF,1.6,98.0,4.0,0.0,4.0,98.0,0.0,98.0
2509203,4,984923,GRAN CANARIA,AWAY,2834161,W. Tsafack,SF,2441048,E. Heinonen,SF,1885980,F. Díaz Herrera,SF,2760153,C. Mbengue,SF,2087418,G. Baez Pierson,SF,1.7,103.0,2.0,7.0,-5.0,46.6,163.1,-116.5
2509203,4,984923,GRAN CANARIA,AWAY,2834161,W. Tsafack,SF,2441048,E. Heinonen,SF,2651631,M. Miteo,SF,2087418,G. Baez Pierson,SF,2827856,B. González Ramírez,SF,5.6,336.0,19.0,9.0,10.0,135.7,64.3,71.4
2509204,5,984927,CASADEMONT ZARAGOZA,AWAY,1975428,C. Alias Bermudez,SF,2008960,A. Moreno Valero,SF,2438847,A. Savkov,SF,2646355,M. Lukic,SF,2382632,A. Cativiela Aisa,SF,1.8,107.0,2.0,2.0,0.0,44.9,44.9,0.0
2509204,5,984927,CASADEMONT ZARAGOZA,AWAY,1975428,C. Alias Bermudez,SF,2125634,J. Garcia Sanchez,SF,2438847,A. Savkov,SF,2073295,R. Valero Lopez,SF,2704549,K. Soumalia Salif,SF,1.2,73.0,2.0,0.0,2.0,65.8,0.0,65.8
2509204,5,984927,CASADEMONT ZARAGOZA,AWAY,1975428,C. Alias Bermudez,SF,2125634,J. Garcia Sanchez,SF,2438847,A. Savkov,SF,2704549,K. Soumalia Salif,SF,2646355,M. Lukic,SF,1.6,95.0,3.0,4.0,-1.0,75.8,101.1,-25.3
2509204,5,984927,CASADEMONT ZARAGOZA,AWAY,1975428,C. Alias Bermudez,SF,2125634,J. Garcia Sanchez,SF,2704549,K. Soumalia Salif,SF,2008960,A. Moreno Valero,SF,2438847,A. Savkov,SF,0.5,31.0,0.0,1.0,-1.0,0.0,77.4,-77.4
2509204,5,984927,CASADEMONT ZARAGOZA,AWAY,1975428,C. Alias Bermudez,SF,2125634,J. Garcia Sanchez,SF,2704549,K. Soumalia Salif,SF,2073295,R. Valero Lopez,SF,2008960,A. Moreno Valero,SF,0.2,12.0,0.0,2.0,-2.0,0.0,400.0,-400.0
2509204,5,984927,CASADEMONT ZARAGOZA,AWAY,1975428,C. Alias Bermudez,SF,2438847,A. Savkov,SF,2125634,J. Garcia Sanchez,SF,2646355,M. Lukic,SF,2382632,A. Cativiela Aisa,SF,0.4,26.0,0.0,5.0,-5.0,0.0,461.5,-461.5
2509204,5,984927,CASADEMONT ZARAGOZA,AWAY,1975428,C. Alias Bermudez,SF,2438847,A. Savkov,SF,2704549,K. Soumalia Salif,SF,2646355,M. Lukic,SF,2382632,A. Cativiela Aisa,SF,2.4,143.0,9.0,5.0,4.0,151.0,83.9,67.1
2509204,5,984927,CASADEMONT ZARAGOZA,AWAY,1975428,C. Alias Bermudez,SF,2648124,A. Rodriguez Aguila,SF,2008960,A. Moreno Valero,SF,2438847,A. Savkov,SF,2646355,M. Lukic,SF,0.7,40.0,0.0,2.0,-2.0,0.0,120.0,-120.0
2509204,5,984927,CASADEMONT ZARAGOZA,AWAY,1975428,C. Alias Bermudez,SF,2648124,A. Rodriguez Aguila,SF,2073295,R. Valero Lopez,SF,2008960,A. Moreno Valero,SF,2382632,A. Cativiela Aisa,SF,2.0,119.0,9.0,0.0,9.0,181.5,0.0,181.5
2509204,5,984927,CASADEMONT ZARAGOZA,AWAY,1975428,C. Alias Bermudez,SF,2648124,A. Rodriguez Aguila,SF,2073295,R. Valero Lopez,SF,2646355,M. Lukic,SF,2008960,A. Moreno Valero,SF,1.8,105.0,2.0,9.0,-7.0,45.7,205.7,-160.0
2509204,5,984927,CASADEMONT ZARAGOZA,AWAY,1975428,C. Alias Bermudez,SF,2648124,A. Rodriguez Aguila,SF,2125634,J. Garcia Sanchez,SF,2073295,R. Valero Lopez,SF,2008960,A. Moreno Valero,SF,0.8,47.0,0.0,2.0,-2.0,0.0,102.1,-102.1
2509204,5,984927,CASADEMONT ZARAGOZA,AWAY,1975428,C. Alias Bermudez,SF,2648124,A. Rodriguez Aguila,SF,2125634,J. Garcia Sanchez,SF,2073295,R. Valero Lopez,SF,2646355,M. Lukic,SF,1.9,114.0,6.0,4.0,2.0,126.3,84.2,42.1
2509204,5,984927,CASADEMONT ZARAGOZA,AWAY,1975428,C. Alias Bermudez,SF,2648124,A. Rodriguez Aguila,SF,2125634,J. Garcia Sanchez,SF,2073295,R. Valero Lopez,SF,2704549,K. Soumalia Salif,SF,0.8,48.0,0.0,4.0,-4.0,0.0,200.0,-200.0
2509204,5,984927,CASADEMONT ZARAGOZA,AWAY,1975428,C. Alias Bermudez,SF,2648124,A. Rodriguez Aguila,SF,2125634,J. Garcia Sanchez,SF,2084765,C. Iglesias Gracia,SF,2438847,A. Savkov,SF,1.8,105.0,0.0,4.0,-4.0,0.0,91.4,-91.4
2509204,5,984927,CASADEMONT ZARAGOZA,AWAY,1975428,C. Alias Bermudez,SF,2648124,A. Rodriguez Aguila,SF,2125634,J. Garcia Sanchez,SF,2438847,A. Savkov,SF,2646355,M. Lukic,SF,2.1,124.0,2.0,10.0,-8.0,38.7,193.5,-154.8
2509204,5,984927,CASADEMONT ZARAGOZA,AWAY,1975428,C. Alias Bermudez,SF,2648124,A. Rodriguez Aguila,SF,2125634,J. Garcia Sanchez,SF,2646355,M. Lukic,SF,2438847,A. Savkov,SF,5.1,303.0,11.0,9.0,2.0,87.1,71.3,15.8
2509204,5,984927,CASADEMONT ZARAGOZA,AWAY,1975428,C. Alias Bermudez,SF,2648124,A. Rodriguez Aguila,SF,2438847,A. Savkov,SF,2008960,A. Moreno Valero,SF,2382632,A. Cativiela Aisa,SF,0.8,47.0,3.0,2.0,1.0,153.2,102.1,51.1
2509204,5,984927,CASADEMONT ZARAGOZA,AWAY,1975428,C. Alias Bermudez,SF,2648124,A. Rodriguez Aguila,SF,2438847,A. Savkov,SF,2125634,J. Garcia Sanchez,SF,2382632,A. Cativiela Aisa,SF,0.5,29.0,0.0,3.0,-3.0,0.0,248.3,-248.3
2509204,5,984927,CASADEMONT ZARAGOZA,AWAY,1975428,C. Alias Bermudez,SF,2648124,A. Rodriguez Aguila,SF,2438847,A. Savkov,SF,2646355,M. Lukic,SF,2008960,A. Moreno Valero,SF,1.2,72.0,3.0,2.0,1.0,100.0,66.7,33.3
2509204,5,984927,CASADEMONT ZARAGOZA,AWAY,1975428,C. Alias Bermudez,SF,2704549,K. Soumalia Salif,SF,2073295,R. Valero Lopez,SF,2008960,A. Moreno Valero,SF,2382632,A. Cativiela Aisa,SF,1.3,77.0,2.0,5.0,-3.0,62.3,155.8,-93.5
2509204,5,984927,CASADEMONT ZARAGOZA,AWAY,1975428,C. Alias Bermudez,SF,2704549,K. Soumalia Salif,SF,2073295,R. Valero Lopez,SF,2125634,J. Garcia Sanchez,SF,2382632,A. Cativiela Aisa,SF,1.0,58.0,1.0,6.0,-5.0,41.4,248.3,-206.9
2509204,5,984927,CASADEMONT ZARAGOZA,AWAY,1975428,C. Alias Bermudez,SF,2704549,K. Soumalia Salif,SF,2438847,A. Savkov,SF,2008960,A. Moreno Valero,SF,2382632,A. Cativiela Aisa,SF,1.6,94.0,1.0,7.0,-6.0,25.5,178.7,-153.2
2509204,5,984927,CASADEMONT ZARAGOZA,AWAY,1975428,C. Alias Bermudez,SF,2704549,K. Soumalia Salif,SF,2438847,A. Savkov,SF,2125634,J. Garcia Sanchez,SF,2382632,A. Cativiela Aisa,SF,0.6,35.0,2.0,0.0,2.0,137.1,0.0,137.1
2509204,5,984927,CASADEMONT ZARAGOZA,AWAY,2438847,A. Savkov,SF,2073295,R. Valero Lopez,SF,2704549,K. Soumalia Salif,SF,2646355,M. Lukic,SF,2382632,A. Cativiela Aisa,SF,0.7,44.0,0.0,2.0,-2.0,0.0,109.1,-109.1
2509204,5,984927,CASADEMONT ZARAGOZA,AWAY,2648124,A. Rodriguez Aguila,SF,2073295,R. Valero Lopez,SF,2125634,J. Garcia Sanchez,SF,2008960,A. Moreno Valero,SF,2382632,A. Cativiela Aisa,SF,0.1,8.0,0.0,0.0,0.0,0.0,0.0,0.0
2509204,5,984927,CASADEMONT ZARAGOZA,AWAY,2648124,A. Rodriguez Aguila,SF,2125634,J. Garcia Sanchez,SF,2084765,C. Iglesias Gracia,SF,2438847,A. Savkov,SF,2382632,A. Cativiela Aisa,SF,0.7,39.0,2.0,2.0,0.0,123.1,123.1,0.0
2509204,5,984927,CASADEMONT ZARAGOZA,AWAY,2648124,A. Rodriguez Aguila,SF,2199699,H. Valle Paramio,SF,2125634,J. Garcia Sanchez,SF,2073295,R. Valero Lopez,SF,2382632,A. Cativiela Aisa,SF,1.1,67.0,0.0,0.0,0.0,0.0,0.0,0.0
2509204,5,984927,CASADEMONT ZARAGOZA,AWAY,2648124,A. Rodriguez Aguila,SF,2199699,H. Valle Paramio,SF,2125634,J. Garcia Sanchez,SF,2073295,R. Valero Lopez,SF,2646355,M. Lukic,SF,1.2,73.0,4.0,0.0,4.0,131.5,0.0,131.5
2509204,5,984927,CASADEMONT ZARAGOZA,AWAY,2648124,A. Rodriguez Aguila,SF,2438847,A. Savkov,SF,2125634,J. Garcia Sanchez,SF,2704549,K. Soumalia Salif,SF,2382632,A. Cativiela Aisa,SF,1.3,81.0,3.0,3.0,0.0,88.9,88.9,0.0
2509204,5,984927,CASADEMONT ZARAGOZA,AWAY,2648124,A. Rodriguez Aguila,SF,2704549,K. Soumalia Salif,SF,2073295,R. Valero Lopez,SF,2008960,A. Moreno Valero,SF,2382632,A. Cativiela Aisa,SF,0.5,28.0,0.0,1.0,-1.0,0.0,85.7,-85.7
2509204,5,984927,CASADEMONT ZARAGOZA,AWAY,2648124,A. Rodriguez Aguila,SF,2704549,K. Soumalia Salif,SF,2199699,H. Valle Paramio,SF,2008960,A. Moreno Valero,SF,2382632,A. Cativiela Aisa,SF,0.7,41.0,2.0,2.0,0.0,117.1,117.1,0.0
2509204,5,984927,CASADEMONT ZARAGOZA,AWAY,2704549,K. Soumalia Salif,SF,2073295,R. Valero Lopez,SF,2125634,J. Garcia Sanchez,SF,2008960,A. Moreno Valero,SF,2382632,A. Cativiela Aisa,SF,0.5,32.0,2.0,0.0,2.0,150.0,0.0,150.0
2509204,5,984927,CASADEMONT ZARAGOZA,AWAY,2704549,K. Soumalia Salif,SF,2073295,R. Valero Lopez,SF,2646355,M. Lukic,SF,2008960,A. Moreno Valero,SF,2382632,A. Cativiela Aisa,SF,1.4,83.0,4.0,4.0,0.0,115.7,115.7,0.0
2509204,5,984928,BARÇA ATLÈTIC,HOME,2166517,D. Gonzalez Castro,SF,2256034,J. Cerdan Palacios,SF,2647995,M. Keita,SF,2218824,O. Filba Gonzalez,SF,2646614,N. Kusturica,SF,0.7,40.0,2.0,0.0,2.0,120.0,0.0,120.0
2509204,5,984928,BARÇA ATLÈTIC,HOME,2166517,D. Gonzalez Castro,SF,2550554,S. Keita,SF,2256034,J. Cerdan Palacios,SF,2647995,M. Keita,SF,2646614,N. Kusturica,SF,1.1,63.0,0.0,2.0,-2.0,0.0,76.2,-76.2
2509204,5,984928,BARÇA ATLÈTIC,HOME,2166517,D. Gonzalez Castro,SF,2550554,S. Keita,SF,2642481,M. Dabone,SF,2256034,J. Cerdan Palacios,SF,2218824,O. Filba Gonzalez,SF,3.3,200.0,8.0,11.0,-3.0,96.0,132.0,-36.0
2509204,5,984928,BARÇA ATLÈTIC,HOME,2166517,D. Gonzalez Castro,SF,2550554,S. Keita,SF,2647995,M. Keita,SF,2218824,O. Filba Gonzalez,SF,2646614,N. Kusturica,SF,3.9,231.0,6.0,8.0,-2.0,62.3,83.1,-20.8
2509204,5,984928,BARÇA ATLÈTIC,HOME,2166517,D. Gonzalez Castro,SF,2642481,M. Dabone,SF,2256034,J. Cerdan Palacios,SF,2218824,O. Filba Gonzalez,SF,2646614,N. Kusturica,SF,2.1,127.0,7.0,3.0,4.0,132.3,56.7,75.6
2509204,5,984928,BARÇA ATLÈTIC,HOME,2166517,D. Gonzalez Castro,SF,2642481,M. Dabone,SF,2642482,A. Kone,SF,2256034,J. Cerdan Palacios,SF,2218824,O. Filba Gonzalez,SF,1.5,91.0,0.0,1.0,-1.0,0.0,26.4,-26.4
2509204,5,984928,BARÇA ATLÈTIC,HOME,2166517,D. Gonzalez Castro,SF,2642482,A. Kone,SF,2256034,J. Cerdan Palacios,SF,2218824,O. Filba Gonzalez,SF,2646614,N. Kusturica,SF,1.0,58.0,5.0,2.0,3.0,206.9,82.8,124.1
2509204,5,984928,BARÇA ATLÈTIC,HOME,2166517,D. Gonzalez Castro,SF,2642482,A. Kone,SF,2256034,J. Cerdan Palacios,SF,2647995,M. Keita,SF,2218824,O. Filba Gonzalez,SF,1.7,102.0,2.0,6.0,-4.0,47.1,141.2,-94.1
2509204,5,984928,BARÇA ATLÈTIC,HOME,2166517,D. Gonzalez Castro,SF,2642482,A. Kone,SF,2646614,N. Kusturica,SF,2082056,N. Poza Cervantes,SF,2642481,M. Dabone,SF,0.5,31.0,1.0,0.0,1.0,77.4,0.0,77.4
2509204,5,984928,BARÇA ATLÈTIC,HOME,2166517,D. Gonzalez Castro,SF,2642482,A. Kone,SF,2647995,M. Keita,SF,2218824,O. Filba Gonzalez,SF,2646614,N. Kusturica,SF,3.0,180.0,6.0,7.0,-1.0,80.0,93.3,-13.3
2509204,5,984928,BARÇA ATLÈTIC,HOME,2166517,D. Gonzalez Castro,SF,2642482,A. Kone,SF,2647995,M. Keita,SF,2646614,N. Kusturica,SF,2082056,N. Poza Cervantes,SF,2.0,119.0,5.0,3.0,2.0,100.8,60.5,40.3
2509204,5,984928,BARÇA ATLÈTIC,HOME,2550554,S. Keita,SF,2642172,J. Siftar,SF,2256034,J. Cerdan Palacios,SF,2082056,N. Poza Cervantes,SF,2642481,M. Dabone,SF,2.1,125.0,3.0,9.0,-6.0,57.6,172.8,-115.2
2509204,5,984928,BARÇA ATLÈTIC,HOME,2550554,S. Keita,SF,2642172,J. Siftar,SF,2256034,J. Cerdan Palacios,SF,2647995,M. Keita,SF,2082056,N. Poza Cervantes,SF,0.1,7.0,0.0,0.0,0.0,0.0,0.0,0.0
2509204,5,984928,BARÇA ATLÈTIC,HOME,2550554,S. Keita,SF,2642172,J. Siftar,SF,2647995,M. Keita,SF,2646614,N. Kusturica,SF,2082056,N. Poza Cervantes,SF,1.1,66.0,0.0,2.0,-2.0,0.0,72.7,-72.7
2509204,5,984928,BARÇA ATLÈTIC,HOME,2550554,S. Keita,SF,2642481,M. Dabone,SF,2642172,J. Siftar,SF,2256034,J. Cerdan Palacios,SF,2082056,N. Poza Cervantes,SF,0.7,44.0,2.0,0.0,2.0,109.1,0.0,109.1
2509204,5,984928,BARÇA ATLÈTIC,HOME,2550554,S. Keita,SF,2642481,M. Dabone,SF,2646614,N. Kusturica,SF,2082056,N. Poza Cervantes,SF,2642172,J. Siftar,SF,4.8,284.0,17.0,10.0,7.0,143.7,84.5,59.2
2509204,5,984928,BARÇA ATLÈTIC,HOME,2550554,S. Keita,SF,2647995,M. Keita,SF,2646614,N. Kusturica,SF,2082056,N. Poza Cervantes,SF,2642172,J. Siftar,SF,2.9,174.0,10.0,2.0,8.0,137.9,27.6,110.3
2509204,5,984928,BARÇA ATLÈTIC,HOME,2642481,M. Dabone,SF,2642172,J. Siftar,SF,2647995,M. Keita,SF,2646614,N. Kusturica,SF,2082056,N. Poza Cervantes,SF,3.3,192.0,10.0,2.0,8.0,125.0,25.0,100.0
2509204,5,984928,BARÇA ATLÈTIC,HOME,2642482,A. Kone,SF,2642172,J. Siftar,SF,2256034,J. Cerdan Palacios,SF,2082056,N. Poza Cervantes,SF,2642481,M. Dabone,SF,2.9,171.0,12.0,3.0,9.0,168.4,42.1,126.3
2509204,5,984928,BARÇA ATLÈTIC,HOME,2642482,A. Kone,SF,2642172,J. Siftar,SF,2646614,N. Kusturica,SF,2082056,N. Poza Cervantes,SF,2642481,M. Dabone,SF,1.6,95.0,6.0,4.0,2.0,151.6,101.1,50.5
2509205,5,984792,REAL MADRID,AWAY,2642414,I. Frolov,SF,2645392,O. Kutluay,SF,2679004,O. Diarra,SF,2735493,F. Kayser,SF,2480762,G. Grinvalds,SF,3.0,181.0,6.0,4.0,2.0,79.6,53.0,26.5
2509205,5,984792,REAL MADRID,AWAY,2642414,I. Frolov,SF,2645392,O. Kutluay,SF,2679004,O. Diarra,SF,2739845,R. Robinson,SF,2370180,O. Hadi Adegbite,SF,3.2,191.0,0.0,2.0,-2.0,0.0,25.1,-25.1
2509205,5,984792,REAL MADRID,AWAY,2642414,I. Frolov,SF,2645392,O. Kutluay,SF,2679004,O. Diarra,SF,2739845,R. Robinson,SF,2735493,F. Kayser,SF,2.4,137.0,6.0,0.0,6.0,105.1,0.0,105.1
2509205,5,984792,REAL MADRID,AWAY,2642414,I. Frolov,SF,2645392,O. Kutluay,SF,2679004,O. Diarra,SF,2739845,R. Robinson,SF,2817763,E. Amosov,SF,3.2,194.0,6.0,13.0,-7.0,74.2,160.8,-86.6
2509205,5,984792,REAL MADRID,AWAY,2642414,I. Frolov,SF,2645392,O. Kutluay,SF,2735493,F. Kayser,SF,2029762,D. Krohnert Moto,SF,2480762,G. Grinvalds,SF,2.9,170.0,4.0,2.0,2.0,56.5,28.2,28.2
2509205,5,984792,REAL MADRID,AWAY,2642414,I. Frolov,SF,2645392,O. Kutluay,SF,2739845,R. Robinson,SF,2735493,F. Kayser,SF,2817763,E. Amosov,SF,1.5,92.0,2.0,7.0,-5.0,52.2,182.6,-130.4
2509205,5,984792,REAL MADRID,AWAY,2642414,I. Frolov,SF,2645392,O. Kutluay,SF,2739845,R. Robinson,SF,2817763,E. Amosov,SF,2480762,G. Grinvalds,SF,6.0,358.0,13.0,12.0,1.0,87.2,80.4,6.7
2509205,5,984792,REAL MADRID,AWAY,2642414,I. Frolov,SF,2679004,O. Diarra,SF,2739845,R. Robinson,SF,2370180,O. Hadi Adegbite,SF,2735493,F. Kayser,SF,3.8,228.0,4.0,8.0,-4.0,42.1,84.2,-42.1
2509205,5,984792,REAL MADRID,AWAY,2642414,I. Frolov,SF,2735493,F. Kayser,SF,2817763,E. Amosov,SF,2029762,D. Krohnert Moto,SF,2480762,G. Grinvalds,SF,0.8,45.0,0.0,0.0,0.0,0.0,0.0,0.0
2509205,5,984792,REAL MADRID,AWAY,2642414,I. Frolov,SF,2739845,R. Robinson,SF,2043083,R. Rioja Achiaga,SF,2735493,F. Kayser,SF,2817763,E. Amosov,SF,1.3,77.0,6.0,2.0,4.0,187.0,62.3,124.7
2509205,5,984792,REAL MADRID,AWAY,2642414,I. Frolov,SF,2739845,R. Robinson,SF,2370180,O. Hadi Adegbite,SF,2817763,E. Amosov,SF,2029762,D. Krohnert Moto,SF,0.8,51.0,3.0,4.0,-1.0,141.2,188.2,-47.1
2509205,5,984792,REAL MADRID,AWAY,2642414,I. Frolov,SF,2739845,R. Robinson,SF,2735493,F. Kayser,SF,2817763,E. Amosov,SF,2029762,D. Krohnert Moto,SF,2.9,173.0,9.0,6.0,3.0,124.9,83.2,41.6
2509205,5,984792,REAL MADRID,AWAY,2645392,O. Kutluay,SF,2679004,O. Diarra,SF,2739845,R. Robinson,SF,2029762,D. Krohnert Moto,SF,2480762,G. Grinvalds,SF,1.2,74.0,2.0,2.0,0.0,64.9,64.9,0.0
2509205,5,984792,REAL MADRID,AWAY,2645392,O. Kutluay,SF,2679004,O. Diarra,SF,2739845,R. Robinson,SF,2817763,E. Amosov,SF,2029762,D. Krohnert Moto,SF,3.2,191.0,6.0,0.0,6.0,75.4,0.0,75.4
2509205,5,984792,REAL MADRID,AWAY,2645392,O. Kutluay,SF,2679004,O. Diarra,SF,2739845,R. Robinson,SF,2817763,E. Amosov,SF,2480762,G. Grinvalds,SF,2.5,146.0,8.0,4.0,4.0,131.5,65.8,65.8
2509205,5,984792,REAL MADRID,AWAY,2739845,R. Robinson,SF,2043083,R. Rioja Achiaga,SF,2735493,F. Kayser,SF,2817763,E. Amosov,SF,2029762,D. Krohnert Moto,SF,0.5,27.0,0.0,1.0,-1.0,0.0,88.9,-88.9
2509205,5,984792,REAL MADRID,AWAY,2739845,R. Robinson,SF,2227587,G. Tavier Montoya,SF,2735493,F. Kayser,SF,2817763,E. Amosov,SF,2029762,D. Krohnert Moto,SF,1.0,65.0,2.0,3.0,-1.0,73.8,110.8,-36.9
2509205,5,984923,GRAN CANARIA,HOME,2441048,E. Heinonen,SF,2279529,H. Díaz Guillén,SF,1885980,F. Díaz Herrera,SF,2044256,J. Arteaga Giner,SF,2177916,P. Pasqua Amat,SF,1.8,112.0,8.0,3.0,5.0,171.4,64.3,107.1
2509205,5,984923,GRAN CANARIA,HOME,2441048,E. Heinonen,SF,2279529,H. Díaz Guillén,SF,1885980,F. Díaz Herrera,SF,2044256,J. Arteaga Giner,SF,2651631,M. Miteo,SF,3.1,186.0,3.0,7.0,-4.0,38.7,90.3,-51.6
2509205,5,984923,GRAN CANARIA,HOME,2441048,E. Heinonen,SF,2279529,H. Díaz Guillén,SF,1885980,F. Díaz Herrera,SF,2177916,P. Pasqua Amat,SF,2651631,M. Miteo,SF,0.2,14.0,0.0,0.0,0.0,0.0,0.0,0.0
2509205,5,984923,GRAN CANARIA,HOME,2441048,E. Heinonen,SF,2279529,H. Díaz Guillén,SF,1885980,F. Díaz Herrera,SF,2177916,P. Pasqua Amat,SF,2760153,C. Mbengue,SF,1.3,78.0,2.0,3.0,-1.0,61.5,92.3,-30.8
2509205,5,984923,GRAN CANARIA,HOME,2441048,E. Heinonen,SF,2834161,W. Tsafack,SF,1885980,F. Díaz Herrera,SF,2177916,P. Pasqua Amat,SF,2044256,J. Arteaga Giner,SF,1.3,78.0,4.0,2.0,2.0,123.1,61.5,61.5
2509205,5,984923,GRAN CANARIA,HOME,2441048,E. Heinonen,SF,2834161,W. Tsafack,SF,2827856,B. González Ramírez,SF,2177916,P. Pasqua Amat,SF,2044256,J. Arteaga Giner,SF,1.2,72.0,0.0,1.0,-1.0,0.0,33.3,-33.3
2509205,5,984923,GRAN CANARIA,HOME,2452090,L. Nzambi Maniema,SF,2441048,E. Heinonen,SF,2044256,J. Arteaga Giner,SF,2834161,W. Tsafack,SF,2563387,M. Coulibaly,SF,2.1,126.0,6.0,6.0,0.0,114.3,114.3,0.0
2509205,5,984923,GRAN CANARIA,HOME,2452090,L. Nzambi Maniema,SF,2441048,E. Heinonen,SF,2279529,H. Díaz Guillén,SF,1885980,F. Díaz Herrera,SF,2044256,J. Arteaga Giner,SF,1.4,80.0,2.0,6.0,-4.0,60.0,180.0,-120.0
2509205,5,984923,GRAN CANARIA,HOME,2452090,L. Nzambi Maniema,SF,2441048,E. Heinonen,SF,2279529,H. Díaz Guillén,SF,1885980,F. Díaz Herrera,SF,2760153,C. Mbengue,SF,2.2,125.0,0.0,6.0,-6.0,0.0,115.2,-115.2
2509205,5,984923,GRAN CANARIA,HOME,2452090,L. Nzambi Maniema,SF,2441048,E. Heinonen,SF,2279529,H. Díaz Guillén,SF,2044256,J. Arteaga Giner,SF,1885980,F. Díaz Herrera,SF,2.2,127.0,5.0,8.0,-3.0,94.5,151.2,-56.7
2509205,5,984923,GRAN CANARIA,HOME,2452090,L. Nzambi Maniema,SF,2441048,E. Heinonen,SF,2279529,H. Díaz Guillén,SF,2760153,C. Mbengue,SF,2827856,B. González Ramírez,SF,0.6,34.0,0.0,2.0,-2.0,0.0,141.2,-141.2
2509205,5,984923,GRAN CANARIA,HOME,2452090,L. Nzambi Maniema,SF,2441048,E. Heinonen,SF,2279529,H. Díaz Guillén,SF,2827856,B. González Ramírez,SF,2044256,J. Arteaga Giner,SF,0.8,45.0,0.0,0.0,0.0,0.0,0.0,0.0
2509205,5,984923,GRAN CANARIA,HOME,2452090,L. Nzambi Maniema,SF,2441048,E. Heinonen,SF,2827856,B. González Ramírez,SF,2044256,J. Arteaga Giner,SF,1885980,F. Díaz Herrera,SF,2.7,161.0,9.0,3.0,6.0,134.2,44.7,89.4
2509205,5,984923,GRAN CANARIA,HOME,2452090,L. Nzambi Maniema,SF,2441048,E. Heinonen,SF,2834161,W. Tsafack,SF,1885980,F. Díaz Herrera,SF,2044256,J. Arteaga Giner,SF,6.8,409.0,7.0,4.0,3.0,41.1,23.5,17.6
2509205,5,984923,GRAN CANARIA,HOME,2452090,L. Nzambi Maniema,SF,2441048,E. Heinonen,SF,2834161,W. Tsafack,SF,2827856,B. González Ramírez,SF,2044256,J. Arteaga Giner,SF,8.0,482.0,18.0,18.0,0.0,89.6,89.6,0.0
2509205,5,984923,GRAN CANARIA,HOME,2452090,L. Nzambi Maniema,SF,2834161,W. Tsafack,SF,2441048,E. Heinonen,SF,2651631,M. Miteo,SF,2827856,B. González Ramírez,SF,4.0,241.0,6.0,8.0,-2.0,59.8,79.7,-19.9
2509205,5,984923,GRAN CANARIA,HOME,2452090,L. Nzambi Maniema,SF,2834161,W. Tsafack,SF,2441048,E. Heinonen,SF,2760153,C. Mbengue,SF,2827856,B. González Ramírez,SF,0.5,30.0,0.0,0.0,0.0,0.0,0.0,0.0
2509206,5,984926,FUNDACIÓN CB CANARIAS,AWAY,1856308,D. Acosta Moliné,SF,2044955,X. Lopez Rodriguez,SF,2444602,L. Riga,SF,2007163,D. Fernandez Trujillo,SF,2470375,M. Sangare,SF,9.4,564.0,26.0,13.0,13.0,110.6,55.3,55.3
2509206,5,984926,FUNDACIÓN CB CANARIAS,AWAY,1856308,D. Acosta Moliné,SF,2444602,L. Riga,SF,2044955,X. Lopez Rodriguez,SF,2129281,G. Hernández Expósito,SF,2470375,M. Sangare,SF,0.4,25.0,1.0,2.0,-1.0,96.0,192.0,-96.0
2509206,5,984926,FUNDACIÓN CB CANARIAS,AWAY,1856308,D. Acosta Moliné,SF,2444602,L. Riga,SF,2044955,X. Lopez Rodriguez,SF,2137337,A. Perez Lopez,SF,2470375,M. Sangare,SF,4.8,284.0,10.0,0.0,10.0,84.5,0.0,84.5
2509206,5,984926,FUNDACIÓN CB CANARIAS,AWAY,1856308,D. Acosta Moliné,SF,2444602,L. Riga,SF,2229563,H. Dorta Perez,SF,2129281,G. Hernández Expósito,SF,2470375,M. Sangare,SF,0.5,32.0,0.0,0.0,0.0,0.0,0.0,0.0
2509206,5,984926,FUNDACIÓN CB CANARIAS,AWAY,2362551,E. Lima Teixeira,SF,1856308,D. Acosta Moliné,SF,2044955,X. Lopez Rodriguez,SF,2444602,L. Riga,SF,2007163,D. Fernandez Trujillo,SF,1.9,112.0,8.0,7.0,1.0,171.4,150.0,21.4
2509206,5,984926,FUNDACIÓN CB CANARIAS,AWAY,2362551,E. Lima Teixeira,SF,1856308,D. Acosta Moliné,SF,2044955,X. Lopez Rodriguez,SF,2444602,L. Riga,SF,2137337,A. Perez Lopez,SF,0.7,42.0,0.0,0.0,0.0,0.0,0.0,0.0
2509206,5,984926,FUNDACIÓN CB CANARIAS,AWAY,2362551,E. Lima Teixeira,SF,1856308,D. Acosta Moliné,SF,2444602,L. Riga,SF,2229563,H. Dorta Perez,SF,2129281,G. Hernández Expósito,SF,0.2,13.0,2.0,0.0,2.0,369.2,0.0,369.2
2509206,5,984926,FUNDACIÓN CB CANARIAS,AWAY,2362551,E. Lima Teixeira,SF,2770289,I. Embwo Kasol,SF,1856308,D. Acosta Moliné,SF,2444602,L. Riga,SF,2229563,H. Dorta Perez,SF,0.5,27.0,1.0,2.0,-1.0,88.9,177.8,-88.9
2509206,5,984926,FUNDACIÓN CB CANARIAS,AWAY,2476064,B. Lipasi Yitu,SF,1856308,D. Acosta Moliné,SF,2044955,X. Lopez Rodriguez,SF,2137337,A. Perez Lopez,SF,2007163,D. Fernandez Trujillo,SF,4.5,271.0,9.0,9.0,0.0,79.7,79.7,0.0
2509206,5,984926,FUNDACIÓN CB CANARIAS,AWAY,2476064,B. Lipasi Yitu,SF,1856308,D. Acosta Moliné,SF,2044955,X. Lopez Rodriguez,SF,2444602,L. Riga,SF,2007163,D. Fernandez Trujillo,SF,0.5,29.0,0.0,2.0,-2.0,0.0,165.5,-165.5
2509206,5,984926,FUNDACIÓN CB CANARIAS,AWAY,2476064,B. Lipasi Yitu,SF,1856308,D. Acosta Moliné,SF,2044955,X. Lopez Rodriguez,SF,2444602,L. Riga,SF,2137337,A. Perez Lopez,SF,1.6,93.0,5.0,0.0,5.0,129.0,0.0,129.0
2509206,5,984926,FUNDACIÓN CB CANARIAS,AWAY,2476064,B. Lipasi Yitu,SF,1856308,D. Acosta Moliné,SF,2444602,L. Riga,SF,2044955,X. Lopez Rodriguez,SF,2137337,A. Perez Lopez,SF,1.8,108.0,3.0,7.0,-4.0,66.7,155.6,-88.9
2509206,5,984926,FUNDACIÓN CB CANARIAS,AWAY,2734732,E. Prekevicius,SF,1856308,D. Acosta Moliné,SF,2044955,X. Lopez Rodriguez,SF,2007163,D. Fernandez Trujillo,SF,2470375,M. Sangare,SF,1.5,91.0,3.0,0.0,3.0,79.1,0.0,79.1
2509206,5,984926,FUNDACIÓN CB CANARIAS,AWAY,2734732,E. Prekevicius,SF,1856308,D. Acosta Moliné,SF,2044955,X. Lopez Rodriguez,SF,2137337,A. Perez Lopez,SF,2470375,M. Sangare,SF,1.9,111.0,7.0,6.0,1.0,151.4,129.7,21.6
2509206,5,984926,FUNDACIÓN CB CANARIAS,AWAY,2734732,E. Prekevicius,SF,1856308,D. Acosta Moliné,SF,2044955,X. Lopez Rodriguez,SF,2444602,L. Riga,SF,2007163,D. Fernandez Trujillo,SF,0.4,26.0,0.0,0.0,0.0,0.0,0.0,0.0
2509206,5,984926,FUNDACIÓN CB CANARIAS,AWAY,2734732,E. Prekevicius,SF,2362551,E. Lima Teixeira,SF,1856308,D. Acosta Moliné,SF,2044955,X. Lopez Rodriguez,SF,2007163,D. Fernandez Trujillo,SF,0.6,36.0,0.0,3.0,-3.0,0.0,200.0,-200.0
2509206,5,984926,FUNDACIÓN CB CANARIAS,AWAY,2734732,E. Prekevicius,SF,2362551,E. Lima Teixeira,SF,1856308,D. Acosta Moliné,SF,2044955,X. Lopez Rodriguez,SF,2137337,A. Perez Lopez,SF,0.6,37.0,2.0,2.0,0.0,129.7,129.7,0.0
2509206,5,984926,FUNDACIÓN CB CANARIAS,AWAY,2734732,E. Prekevicius,SF,2362551,E. Lima Teixeira,SF,1856308,D. Acosta Moliné,SF,2444602,L. Riga,SF,2007163,D. Fernandez Trujillo,SF,0.3,19.0,0.0,0.0,0.0,0.0,0.0,0.0
2509206,5,984926,FUNDACIÓN CB CANARIAS,AWAY,2734732,E. Prekevicius,SF,2362551,E. Lima Teixeira,SF,1856308,D. Acosta Moliné,SF,2444602,L. Riga,SF,2137337,A. Perez Lopez,SF,0.8,47.0,3.0,0.0,3.0,153.2,0.0,153.2
2509206,5,984926,FUNDACIÓN CB CANARIAS,AWAY,2734732,E. Prekevicius,SF,2476064,B. Lipasi Yitu,SF,1856308,D. Acosta Moliné,SF,2044955,X. Lopez Rodriguez,SF,2007163,D. Fernandez Trujillo,SF,2.8,168.0,8.0,5.0,3.0,114.3,71.4,42.9
2509206,5,984926,FUNDACIÓN CB CANARIAS,AWAY,2734732,E. Prekevicius,SF,2476064,B. Lipasi Yitu,SF,1856308,D. Acosta Moliné,SF,2044955,X. Lopez Rodriguez,SF,2137337,A. Perez Lopez,SF,1.2,77.0,3.0,2.0,1.0,93.5,62.3,31.2
2509206,5,984926,FUNDACIÓN CB CANARIAS,AWAY,2734732,E. Prekevicius,SF,2476064,B. Lipasi Yitu,SF,1856308,D. Acosta Moliné,SF,2044955,X. Lopez Rodriguez,SF,2444602,L. Riga,SF,1.1,66.0,2.0,7.0,-5.0,72.7,254.5,-181.8
2509206,5,984926,FUNDACIÓN CB CANARIAS,AWAY,2734732,E. Prekevicius,SF,2770289,I. Embwo Kasol,SF,1856308,D. Acosta Moliné,SF,2044955,X. Lopez Rodriguez,SF,2007163,D. Fernandez Trujillo,SF,1.5,87.0,2.0,1.0,1.0,55.2,27.6,27.6
2509206,5,984926,FUNDACIÓN CB CANARIAS,AWAY,2770289,I. Embwo Kasol,SF,1856308,D. Acosta Moliné,SF,2444602,L. Riga,SF,2007163,D. Fernandez Trujillo,SF,2470375,M. Sangare,SF,0.6,35.0,2.0,0.0,2.0,137.1,0.0,137.1
2509206,5,984930,BAXI MANRESA,HOME,1959173,M. Rosell Lanza,SF,2145902,F. Torreblanca Catalan,SF,2081670,G. Naspler Perez,SF,2153495,J. Salo Blaya,SF,2077155,M. Gaspa Ibañez,SF,0.7,43.0,0.0,4.0,-4.0,0.0,223.3,-223.3
2509206,5,984930,BAXI MANRESA,HOME,2080004,G. Fernandez Gimenez,SF,1959173,M. Rosell Lanza,SF,2081670,G. Naspler Perez,SF,2153495,J. Salo Blaya,SF,2077155,M. Gaspa Ibañez,SF,0.3,19.0,3.0,2.0,1.0,378.9,252.6,126.3
2509206,5,984930,BAXI MANRESA,HOME,2080004,G. Fernandez Gimenez,SF,1959173,M. Rosell Lanza,SF,2150510,J. Pumarola Aguilar,SF,2081670,G. Naspler Perez,SF,2077155,M. Gaspa Ibañez,SF,0.8,48.0,2.0,0.0,2.0,100.0,0.0,100.0
2509206,5,984930,BAXI MANRESA,HOME,2080004,G. Fernandez Gimenez,SF,1959173,M. Rosell Lanza,SF,2738788,L. Bergseng,SF,2077155,M. Gaspa Ibañez,SF,2081670,G. Naspler Perez,SF,1.1,68.0,0.0,3.0,-3.0,0.0,105.9,-105.9
2509206,5,984930,BAXI MANRESA,HOME,2080004,G. Fernandez Gimenez,SF,2150510,J. Pumarola Aguilar,SF,1959173,M. Rosell Lanza,SF,2153495,J. Salo Blaya,SF,2077155,M. Gaspa Ibañez,SF,5.0,298.0,10.0,9.0,1.0,80.5,72.5,8.1
2509206,5,984930,BAXI MANRESA,HOME,2081822,A. Muncunill Ferrer,SF,2080004,G. Fernandez Gimenez,SF,1959173,M. Rosell Lanza,SF,2145902,F. Torreblanca Catalan,SF,2738788,L. Bergseng,SF,1.5,92.0,4.0,5.0,-1.0,104.3,130.4,-26.1
2509206,5,984930,BAXI MANRESA,HOME,2081822,A. Muncunill Ferrer,SF,2080004,G. Fernandez Gimenez,SF,1959173,M. Rosell Lanza,SF,2150510,J. Pumarola Aguilar,SF,2077155,M. Gaspa Ibañez,SF,1.1,63.0,0.0,2.0,-2.0,0.0,76.2,-76.2
2509206,5,984930,BAXI MANRESA,HOME,2081822,A. Muncunill Ferrer,SF,2080004,G. Fernandez Gimenez,SF,1959173,M. Rosell Lanza,SF,2738788,L. Bergseng,SF,2077155,M. Gaspa Ibañez,SF,1.5,88.0,5.0,5.0,0.0,136.4,136.4,0.0
2509206,5,984930,BAXI MANRESA,HOME,2081822,A. Muncunill Ferrer,SF,2145902,F. Torreblanca Catalan,SF,2081670,G. Naspler Perez,SF,2738788,L. Bergseng,SF,2815468,S. Lederman,SF,2.1,127.0,0.0,3.0,-3.0,0.0,56.7,-56.7
2509206,5,984930,BAXI MANRESA,HOME,2150510,J. Pumarola Aguilar,SF,2145902,F. Torreblanca Catalan,SF,2081670,G. Naspler Perez,SF,2153495,J. Salo Blaya,SF,2077155,M. Gaspa Ibañez,SF,2.0,120.0,4.0,6.0,-2.0,80.0,120.0,-40.0
2509206,5,984930,BAXI MANRESA,HOME,2295371,G. Ecker Alberti,SF,2080004,G. Fernandez Gimenez,SF,1959173,M. Rosell Lanza,SF,2153495,J. Salo Blaya,SF,2077155,M. Gaspa Ibañez,SF,2.8,167.0,10.0,8.0,2.0,143.7,115.0,28.7
2509206,5,984930,BAXI MANRESA,HOME,2295371,G. Ecker Alberti,SF,2080004,G. Fernandez Gimenez,SF,2081670,G. Naspler Perez,SF,2738788,L. Bergseng,SF,2077155,M. Gaspa Ibañez,SF,1.3,79.0,0.0,4.0,-4.0,0.0,121.5,-121.5
2509206,5,984930,BAXI MANRESA,HOME,2295371,G. Ecker Alberti,SF,2080004,G. Fernandez Gimenez,SF,2150510,J. Pumarola Aguilar,SF,2145902,F. Torreblanca Catalan,SF,2077155,M. Gaspa Ibañez,SF,0.4,25.0,0.0,0.0,0.0,0.0,0.0,0.0
2509206,5,984930,BAXI MANRESA,HOME,2295371,G. Ecker Alberti,SF,2081670,G. Naspler Perez,SF,2145902,F. Torreblanca Catalan,SF,2153495,J. Salo Blaya,SF,2077155,M. Gaspa Ibañez,SF,1.7,103.0,3.0,0.0,3.0,69.9,0.0,69.9
2509206,5,984930,BAXI MANRESA,HOME,2295371,G. Ecker Alberti,SF,2081822,A. Muncunill Ferrer,SF,1959173,M. Rosell Lanza,SF,2153495,J. Salo Blaya,SF,2077155,M. Gaspa Ibañez,SF,0.9,55.0,2.0,2.0,0.0,87.3,87.3,0.0
2509206,5,984930,BAXI MANRESA,HOME,2295371,G. Ecker Alberti,SF,2081822,A. Muncunill Ferrer,SF,2145902,F. Torreblanca Catalan,SF,2153495,J. Salo Blaya,SF,2077155,M. Gaspa Ibañez,SF,1.8,107.0,2.0,6.0,-4.0,44.9,134.6,-89.7
2509206,5,984930,BAXI MANRESA,HOME,2295371,G. Ecker Alberti,SF,2145902,F. Torreblanca Catalan,SF,2081670,G. Naspler Perez,SF,2738788,L. Bergseng,SF,2077155,M. Gaspa Ibañez,SF,1.6,97.0,4.0,4.0,0.0,99.0,99.0,0.0
2509206,5,984930,BAXI MANRESA,HOME,2739297,I. Francisco,SF,2080004,G. Fernandez Gimenez,SF,2150510,J. Pumarola Aguilar,SF,1959173,M. Rosell Lanza,SF,2153495,J. Salo Blaya,SF,1.3,76.0,3.0,5.0,-2.0,94.7,157.9,-63.2
2509206,5,984930,BAXI MANRESA,HOME,2739297,I. Francisco,SF,2080004,G. Fernandez Gimenez,SF,2150510,J. Pumarola Aguilar,SF,1959173,M. Rosell Lanza,SF,2738788,L. Bergseng,SF,0.9,57.0,2.0,3.0,-1.0,84.2,126.3,-42.1
2509206,5,984930,BAXI MANRESA,HOME,2739297,I. Francisco,SF,2080004,G. Fernandez Gimenez,SF,2150510,J. Pumarola Aguilar,SF,2081670,G. Naspler Perez,SF,2738788,L. Bergseng,SF,0.3,20.0,0.0,0.0,0.0,0.0,0.0,0.0
2509206,5,984930,BAXI MANRESA,HOME,2739297,I. Francisco,SF,2080004,G. Fernandez Gimenez,SF,2150510,J. Pumarola Aguilar,SF,2738788,L. Bergseng,SF,2081670,G. Naspler Perez,SF,0.7,41.0,0.0,2.0,-2.0,0.0,117.1,-117.1
2509206,5,984930,BAXI MANRESA,HOME,2739297,I. Francisco,SF,2081822,A. Muncunill Ferrer,SF,2081670,G. Naspler Perez,SF,2145902,F. Torreblanca Catalan,SF,2738788,L. Bergseng,SF,3.2,190.0,6.0,9.0,-3.0,75.8,113.7,-37.9
2509206,5,984930,BAXI MANRESA,HOME,2739297,I. Francisco,SF,2081822,A. Muncunill Ferrer,SF,2145902,F. Torreblanca Catalan,SF,2081670,G. Naspler Perez,SF,2738788,L. Bergseng,SF,1.3,77.0,1.0,2.0,-1.0,31.2,62.3,-31.2
2509206,5,984930,BAXI MANRESA,HOME,2739297,I. Francisco,SF,2150510,J. Pumarola Aguilar,SF,1959173,M. Rosell Lanza,SF,2145902,F. Torreblanca Catalan,SF,2153495,J. Salo Blaya,SF,0.8,45.0,0.0,2.0,-2.0,0.0,106.7,-106.7
2509206,5,984930,BAXI MANRESA,HOME,2739297,I. Francisco,SF,2150510,J. Pumarola Aguilar,SF,2145902,F. Torreblanca Catalan,SF,2081670,G. Naspler Perez,SF,2153495,J. Salo Blaya,SF,0.6,33.0,2.0,3.0,-1.0,145.5,218.2,-72.7
2509206,5,984930,BAXI MANRESA,HOME,2739297,I. Francisco,SF,2150510,J. Pumarola Aguilar,SF,2145902,F. Torreblanca Catalan,SF,2081670,G. Naspler Perez,SF,2738788,L. Bergseng,SF,1.7,100.0,1.0,4.0,-3.0,24.0,96.0,-72.0
2509206,5,984930,BAXI MANRESA,HOME,2739297,I. Francisco,SF,2150510,J. Pumarola Aguilar,SF,2145902,F. Torreblanca Catalan,SF,2738788,L. Bergseng,SF,2081670,G. Naspler Perez,SF,2.7,162.0,4.0,4.0,0.0,59.3,59.3,0.0
2509207,5,984791,BURGOS GRUPO DE SANTIAGO,HOME,2535384,M. Bella Cabañas,SF,2661261,R. Rodriguez,SF,2045029,D. Rodriguez Ramos,SF,2436134,A. Traore,SF,2690845,F. Nuñez,SF,4.8,286.0,11.0,12.0,-1.0,92.3,100.7,-8.4
2509207,5,984791,BURGOS GRUPO DE SANTIAGO,HOME,2610623,L. Krispin,SF,2162563,A. Laso Careaga,SF,2045029,D. Rodriguez Ramos,SF,2220551,M. Garcia Varona,SF,2436134,A. Traore,SF,2.0,121.0,7.0,4.0,3.0,138.8,79.3,59.5
2509207,5,984791,BURGOS GRUPO DE SANTIAGO,HOME,2610623,L. Krispin,SF,2162563,A. Laso Careaga,SF,2661261,R. Rodriguez,SF,2210291,E. Franco Sanz,SF,2228400,M. Perez Gundin,SF,2.4,143.0,4.0,8.0,-4.0,67.1,134.3,-67.1
2509207,5,984791,BURGOS GRUPO DE SANTIAGO,HOME,2610623,L. Krispin,SF,2162563,A. Laso Careaga,SF,2790234,J. Taboada Lühers,SF,2220551,M. Garcia Varona,SF,2436134,A. Traore,SF,3.2,194.0,8.0,4.0,4.0,99.0,49.5,49.5
2509207,5,984791,BURGOS GRUPO DE SANTIAGO,HOME,2610623,L. Krispin,SF,2535384,M. Bella Cabañas,SF,2045029,D. Rodriguez Ramos,SF,2436134,A. Traore,SF,2228400,M. Perez Gundin,SF,1.9,114.0,6.0,11.0,-5.0,126.3,231.6,-105.3
2509207,5,984791,BURGOS GRUPO DE SANTIAGO,HOME,2610623,L. Krispin,SF,2535384,M. Bella Cabañas,SF,2162563,A. Laso Careaga,SF,2045029,D. Rodriguez Ramos,SF,2436134,A. Traore,SF,1.5,91.0,5.0,2.0,3.0,131.9,52.7,79.1
2509207,5,984791,BURGOS GRUPO DE SANTIAGO,HOME,2610623,L. Krispin,SF,2535384,M. Bella Cabañas,SF,2661261,R. Rodriguez,SF,2045029,D. Rodriguez Ramos,SF,2228400,M. Perez Gundin,SF,3.4,206.0,5.0,6.0,-1.0,58.3,69.9,-11.7
2509207,5,984791,BURGOS GRUPO DE SANTIAGO,HOME,2610623,L. Krispin,SF,2535384,M. Bella Cabañas,SF,2661261,R. Rodriguez,SF,2045029,D. Rodriguez Ramos,SF,2436134,A. Traore,SF,1.3,80.0,2.0,0.0,2.0,60.0,0.0,60.0
2509207,5,984791,BURGOS GRUPO DE SANTIAGO,HOME,2610623,L. Krispin,SF,2535384,M. Bella Cabañas,SF,2661261,R. Rodriguez,SF,2436134,A. Traore,SF,2228400,M. Perez Gundin,SF,1.6,92.0,4.0,3.0,1.0,104.3,78.3,26.1
2509207,5,984791,BURGOS GRUPO DE SANTIAGO,HOME,2610623,L. Krispin,SF,2535384,M. Bella Cabañas,SF,2790234,J. Taboada Lühers,SF,2045029,D. Rodriguez Ramos,SF,2228400,M. Perez Gundin,SF,1.8,109.0,4.0,3.0,1.0,88.1,66.1,22.0
2509207,5,984791,BURGOS GRUPO DE SANTIAGO,HOME,2610623,L. Krispin,SF,2535384,M. Bella Cabañas,SF,2790234,J. Taboada Lühers,SF,2045029,D. Rodriguez Ramos,SF,2436134,A. Traore,SF,0.1,4.0,0.0,0.0,0.0,0.0,0.0,0.0
2509207,5,984791,BURGOS GRUPO DE SANTIAGO,HOME,2610623,L. Krispin,SF,2535384,M. Bella Cabañas,SF,2790234,J. Taboada Lühers,SF,2162563,A. Laso Careaga,SF,2045029,D. Rodriguez Ramos,SF,9.7,584.0,26.0,24.0,2.0,106.8,98.6,8.2
2509207,5,984791,BURGOS GRUPO DE SANTIAGO,HOME,2610623,L. Krispin,SF,2535384,M. Bella Cabañas,SF,2790234,J. Taboada Lühers,SF,2162563,A. Laso Careaga,SF,2436134,A. Traore,SF,1.9,113.0,7.0,8.0,-1.0,148.7,169.9,-21.2
2509207,5,984791,BURGOS GRUPO DE SANTIAGO,HOME,2610623,L. Krispin,SF,2535384,M. Bella Cabañas,SF,2790234,J. Taboada Lühers,SF,2661261,R. Rodriguez,SF,2045029,D. Rodriguez Ramos,SF,0.3,17.0,1.0,1.0,0.0,141.2,141.2,0.0
2509207,5,984791,BURGOS GRUPO DE SANTIAGO,HOME,2610623,L. Krispin,SF,2535384,M. Bella Cabañas,SF,2790234,J. Taboada Lühers,SF,2661261,R. Rodriguez,SF,2436134,A. Traore,SF,1.0,59.0,0.0,0.0,0.0,0.0,0.0,0.0
2509207,5,984791,BURGOS GRUPO DE SANTIAGO,HOME,2610623,L. Krispin,SF,2661261,R. Rodriguez,SF,2045029,D. Rodriguez Ramos,SF,2436134,A. Traore,SF,2228400,M. Perez Gundin,SF,1.6,97.0,6.0,5.0,1.0,148.5,123.7,24.7
2509207,5,984791,BURGOS GRUPO DE SANTIAGO,HOME,2610623,L. Krispin,SF,2661261,R. Rodriguez,SF,2790234,J. Taboada Lühers,SF,2045029,D. Rodriguez Ramos,SF,2228400,M. Perez Gundin,SF,0.4,25.0,1.0,3.0,-2.0,96.0,288.0,-192.0
2509207,5,984791,BURGOS GRUPO DE SANTIAGO,HOME,2610623,L. Krispin,SF,2790234,J. Taboada Lühers,SF,2210291,E. Franco Sanz,SF,2220551,M. Garcia Varona,SF,2228400,M. Perez Gundin,SF,0.7,39.0,2.0,0.0,2.0,123.1,0.0,123.1
2509207,5,984791,BURGOS GRUPO DE SANTIAGO,HOME,2610623,L. Krispin,SF,2790234,J. Taboada Lühers,SF,2220551,M. Garcia Varona,SF,2228400,M. Perez Gundin,SF,2690845,F. Nuñez,SF,0.4,26.0,2.0,0.0,2.0,184.6,0.0,184.6
2509207,5,984929,JOVENTUT BADALONA,AWAY,1943849,F. Mauri Guillen,SF,2023675,A. Torres De La Torre,SF,2081709,E. Del Castillo Lindo,SF,2156562,R. Torras Ferrer,SF,2241509,H. Ruiz Zamorano,SF,1.4,84.0,3.0,3.0,0.0,85.7,85.7,0.0
2509207,5,984929,JOVENTUT BADALONA,AWAY,1943849,F. Mauri Guillen,SF,2023675,A. Torres De La Torre,SF,2081709,E. Del Castillo Lindo,SF,2241509,H. Ruiz Zamorano,SF,2535717,K. Macías Book,SF,13.7,824.0,30.0,30.0,0.0,87.4,87.4,0.0
2509207,5,984929,JOVENTUT BADALONA,AWAY,1943849,F. Mauri Guillen,SF,2023675,A. Torres De La Torre,SF,2081709,E. Del Castillo Lindo,SF,2845979,M. Buben,SF,2241509,H. Ruiz Zamorano,SF,2.0,123.0,10.0,6.0,4.0,195.1,117.1,78.0
2509207,5,984929,JOVENTUT BADALONA,AWAY,1943849,F. Mauri Guillen,SF,2023675,A. Torres De La Torre,SF,2452873,M. Gil Llimona,SF,2081709,E. Del Castillo Lindo,SF,2845979,M. Buben,SF,2.3,139.0,0.0,2.0,-2.0,0.0,34.5,-34.5
2509207,5,984929,JOVENTUT BADALONA,AWAY,1943849,F. Mauri Guillen,SF,2081709,E. Del Castillo Lindo,SF,2156562,R. Torras Ferrer,SF,2241509,H. Ruiz Zamorano,SF,2535717,K. Macías Book,SF,1.9,113.0,8.0,7.0,1.0,169.9,148.7,21.2
2509207,5,984929,JOVENTUT BADALONA,AWAY,1943849,F. Mauri Guillen,SF,2452873,M. Gil Llimona,SF,2023675,A. Torres De La Torre,SF,2081709,E. Del Castillo Lindo,SF,2641899,G. Graae Barbosa,SF,0.2,13.0,0.0,2.0,-2.0,0.0,369.2,-369.2
2509207,5,984929,JOVENTUT BADALONA,AWAY,2081017,M. Julia Del Pozo,SF,1943849,F. Mauri Guillen,SF,2023675,A. Torres De La Torre,SF,2081709,E. Del Castillo Lindo,SF,2156562,R. Torras Ferrer,SF,3.7,219.0,10.0,11.0,-1.0,109.6,120.5,-11.0
2509207,5,984929,JOVENTUT BADALONA,AWAY,2081017,M. Julia Del Pozo,SF,1943849,F. Mauri Guillen,SF,2023675,A. Torres De La Torre,SF,2081709,E. Del Castillo Lindo,SF,2241509,H. Ruiz Zamorano,SF,0.4,26.0,0.0,2.0,-2.0,0.0,184.6,-184.6
2509207,5,984929,JOVENTUT BADALONA,AWAY,2081017,M. Julia Del Pozo,SF,1943849,F. Mauri Guillen,SF,2023675,A. Torres De La Torre,SF,2081709,E. Del Castillo Lindo,SF,2535717,K. Macías Book,SF,0.7,39.0,0.0,2.0,-2.0,0.0,123.1,-123.1
2509207,5,984929,JOVENTUT BADALONA,AWAY,2081017,M. Julia Del Pozo,SF,1943849,F. Mauri Guillen,SF,2023675,A. Torres De La Torre,SF,2081709,E. Del Castillo Lindo,SF,2641899,G. Graae Barbosa,SF,1.1,69.0,1.0,3.0,-2.0,34.8,104.3,-69.6
2509207,5,984929,JOVENTUT BADALONA,AWAY,2081017,M. Julia Del Pozo,SF,1943849,F. Mauri Guillen,SF,2023675,A. Torres De La Torre,SF,2081709,E. Del Castillo Lindo,SF,2845979,M. Buben,SF,1.9,112.0,3.0,6.0,-3.0,64.3,128.6,-64.3
2509207,5,984929,JOVENTUT BADALONA,AWAY,2081017,M. Julia Del Pozo,SF,1943849,F. Mauri Guillen,SF,2023675,A. Torres De La Torre,SF,2845979,M. Buben,SF,2241509,H. Ruiz Zamorano,SF,4.8,286.0,12.0,11.0,1.0,100.7,92.3,8.4
2509207,5,984929,JOVENTUT BADALONA,AWAY,2081017,M. Julia Del Pozo,SF,1943849,F. Mauri Guillen,SF,2081709,E. Del Castillo Lindo,SF,2156562,R. Torras Ferrer,SF,2535717,K. Macías Book,SF,1.4,82.0,6.0,3.0,3.0,175.6,87.8,87.8
2509207,5,984929,JOVENTUT BADALONA,AWAY,2081017,M. Julia Del Pozo,SF,1943849,F. Mauri Guillen,SF,2081709,E. Del Castillo Lindo,SF,2845979,M. Buben,SF,2241509,H. Ruiz Zamorano,SF,1.9,114.0,2.0,7.0,-5.0,42.1,147.4,-105.3
2509207,5,984929,JOVENTUT BADALONA,AWAY,2081017,M. Julia Del Pozo,SF,2023675,A. Torres De La Torre,SF,2081709,E. Del Castillo Lindo,SF,2241509,H. Ruiz Zamorano,SF,2535717,K. Macías Book,SF,1.0,59.0,5.0,1.0,4.0,203.4,40.7,162.7
2509207,5,984929,JOVENTUT BADALONA,AWAY,2081017,M. Julia Del Pozo,SF,2023675,A. Torres De La Torre,SF,2081709,E. Del Castillo Lindo,SF,2845979,M. Buben,SF,2241509,H. Ruiz Zamorano,SF,1.6,98.0,4.0,5.0,-1.0,98.0,122.4,-24.5
2509208,6,984923,GRAN CANARIA,HOME,2173751,J. Castro Estévez,SF,2441048,E. Heinonen,SF,1885980,F. Díaz Herrera,SF,2044256,J. Arteaga Giner,SF,2129323,J. Yánez García,SF,0.2,12.0,0.0,0.0,0.0,0.0,0.0,0.0
2509208,6,984923,GRAN CANARIA,HOME,2173751,J. Castro Estévez,SF,2441048,E. Heinonen,SF,1885980,F. Díaz Herrera,SF,2044256,J. Arteaga Giner,SF,2177916,P. Pasqua Amat,SF,0.8,48.0,0.0,4.0,-4.0,0.0,200.0,-200.0
2509208,6,984923,GRAN CANARIA,HOME,2173751,J. Castro Estévez,SF,2441048,E. Heinonen,SF,1885980,F. Díaz Herrera,SF,2177916,P. Pasqua Amat,SF,2044256,J. Arteaga Giner,SF,0.4,22.0,0.0,0.0,0.0,0.0,0.0,0.0
2509208,6,984923,GRAN CANARIA,HOME,2173751,J. Castro Estévez,SF,2441048,E. Heinonen,SF,1885980,F. Díaz Herrera,SF,2834161,W. Tsafack,SF,2044256,J. Arteaga Giner,SF,3.0,179.0,6.0,3.0,3.0,80.4,40.2,40.2
2509208,6,984923,GRAN CANARIA,HOME,2173751,J. Castro Estévez,SF,2441048,E. Heinonen,SF,2044256,J. Arteaga Giner,SF,1885980,F. Díaz Herrera,SF,2563387,M. Coulibaly,SF,1.7,101.0,6.0,8.0,-2.0,142.6,190.1,-47.5
2509208,6,984923,GRAN CANARIA,HOME,2173751,J. Castro Estévez,SF,2441048,E. Heinonen,SF,2834161,W. Tsafack,SF,2044256,J. Arteaga Giner,SF,1885980,F. Díaz Herrera,SF,0.7,45.0,3.0,0.0,3.0,160.0,0.0,160.0
2509208,6,984923,GRAN CANARIA,HOME,2173751,J. Castro Estévez,SF,2834161,W. Tsafack,SF,2441048,E. Heinonen,SF,1885980,F. Díaz Herrera,SF,2177916,P. Pasqua Amat,SF,3.5,213.0,8.0,6.0,2.0,90.1,67.6,22.5
2509208,6,984923,GRAN CANARIA,HOME,2173751,J. Castro Estévez,SF,2834161,W. Tsafack,SF,2441048,E. Heinonen,SF,2177916,P. Pasqua Amat,SF,2044256,J. Arteaga Giner,SF,1.4,81.0,4.0,4.0,0.0,118.5,118.5,0.0
2509208,6,984923,GRAN CANARIA,HOME,2231047,D. Lorenzo Avomo,SF,2441048,E. Heinonen,SF,1885980,F. Díaz Herrera,SF,2044256,J. Arteaga Giner,SF,2177916,P. Pasqua Amat,SF,0.5,32.0,0.0,4.0,-4.0,0.0,300.0,-300.0
2509208,6,984923,GRAN CANARIA,HOME,2231047,D. Lorenzo Avomo,SF,2441048,E. Heinonen,SF,2044256,J. Arteaga Giner,SF,2087418,G. Baez Pierson,SF,2563387,M. Coulibaly,SF,2.7,160.0,8.0,7.0,1.0,120.0,105.0,15.0
2509208,6,984923,GRAN CANARIA,HOME,2231047,D. Lorenzo Avomo,SF,2441048,E. Heinonen,SF,2834161,W. Tsafack,SF,1885980,F. Díaz Herrera,SF,2044256,J. Arteaga Giner,SF,3.0,173.0,3.0,4.0,-1.0,41.6,55.5,-13.9
2509208,6,984923,GRAN CANARIA,HOME,2231047,D. Lorenzo Avomo,SF,2441048,E. Heinonen,SF,2834161,W. Tsafack,SF,2044256,J. Arteaga Giner,SF,2087418,G. Baez Pierson,SF,0.5,28.0,0.0,2.0,-2.0,0.0,171.4,-171.4
2509208,6,984923,GRAN CANARIA,HOME,2231047,D. Lorenzo Avomo,SF,2441048,E. Heinonen,SF,2834161,W. Tsafack,SF,2044256,J. Arteaga Giner,SF,2827856,B. González Ramírez,SF,0.9,55.0,0.0,2.0,-2.0,0.0,87.3,-87.3
2509208,6,984923,GRAN CANARIA,HOME,2441048,E. Heinonen,SF,1885980,F. Díaz Herrera,SF,2044256,J. Arteaga Giner,SF,2177916,P. Pasqua Amat,SF,2563387,M. Coulibaly,SF,0.4,24.0,0.0,0.0,0.0,0.0,0.0,0.0
2509208,6,984923,GRAN CANARIA,HOME,2441048,E. Heinonen,SF,1885980,F. Díaz Herrera,SF,2177916,P. Pasqua Amat,SF,2044256,J. Arteaga Giner,SF,2087418,G. Baez Pierson,SF,1.4,82.0,3.0,2.0,1.0,87.8,58.5,29.3
2509208,6,984923,GRAN CANARIA,HOME,2441048,E. Heinonen,SF,1885980,F. Díaz Herrera,SF,2177916,P. Pasqua Amat,SF,2044256,J. Arteaga Giner,SF,2129323,J. Yánez García,SF,0.4,23.0,0.0,1.0,-1.0,0.0,104.3,-104.3
2509208,6,984923,GRAN CANARIA,HOME,2441048,E. Heinonen,SF,2044256,J. Arteaga Giner,SF,2827856,B. González Ramírez,SF,2087418,G. Baez Pierson,SF,2563387,M. Coulibaly,SF,5.2,310.0,9.0,8.0,1.0,69.7,61.9,7.7
2509208,6,984923,GRAN CANARIA,HOME,2441048,E. Heinonen,SF,2177916,P. Pasqua Amat,SF,2044256,J. Arteaga Giner,SF,2087418,G. Baez Pierson,SF,2563387,M. Coulibaly,SF,0.8,50.0,2.0,6.0,-4.0,96.0,288.0,-192.0
2509208,6,984923,GRAN CANARIA,HOME,2441048,E. Heinonen,SF,2177916,P. Pasqua Amat,SF,2044256,J. Arteaga Giner,SF,2087418,G. Baez Pierson,SF,2827856,B. González Ramírez,SF,0.1,8.0,2.0,0.0,2.0,600.0,0.0,600.0
2509208,6,984923,GRAN CANARIA,HOME,2441048,E. Heinonen,SF,2834161,W. Tsafack,SF,2044256,J. Arteaga Giner,SF,1885980,F. Díaz Herrera,SF,2087418,G. Baez Pierson,SF,1.2,71.0,3.0,5.0,-2.0,101.4,169.0,-67.6
2509208,6,984923,GRAN CANARIA,HOME,2441048,E. Heinonen,SF,2834161,W. Tsafack,SF,2044256,J. Arteaga Giner,SF,1885980,F. Díaz Herrera,SF,2177916,P. Pasqua Amat,SF,0.3,24.0,4.0,3.0,1.0,400.0,300.0,100.0
2509208,6,984923,GRAN CANARIA,HOME,2441048,E. Heinonen,SF,2834161,W. Tsafack,SF,2044256,J. Arteaga Giner,SF,1885980,F. Díaz Herrera,SF,2827856,B. González Ramírez,SF,0.8,49.0,0.0,2.0,-2.0,0.0,98.0,-98.0
2509208,6,984923,GRAN CANARIA,HOME,2441048,E. Heinonen,SF,2834161,W. Tsafack,SF,2044256,J. Arteaga Giner,SF,2087418,G. Baez Pierson,SF,2827856,B. González Ramírez,SF,3.7,224.0,12.0,6.0,6.0,128.6,64.3,64.3
2509208,6,984923,GRAN CANARIA,HOME,2441048,E. Heinonen,SF,2834161,W. Tsafack,SF,2044256,J. Arteaga Giner,SF,2827856,B. González Ramírez,SF,2087418,G. Baez Pierson,SF,0.7,44.0,5.0,2.0,3.0,272.7,109.1,163.6
2509208,6,984923,GRAN CANARIA,HOME,2441048,E. Heinonen,SF,2834161,W. Tsafack,SF,2177916,P. Pasqua Amat,SF,2044256,J. Arteaga Giner,SF,2087418,G. Baez Pierson,SF,1.0,58.0,0.0,0.0,0.0,0.0,0.0,0.0
2509208,6,984923,GRAN CANARIA,HOME,2834161,W. Tsafack,SF,2441048,E. Heinonen,SF,2044256,J. Arteaga Giner,SF,2087418,G. Baez Pierson,SF,2563387,M. Coulibaly,SF,1.2,77.0,2.0,2.0,0.0,62.3,62.3,0.0
2509208,6,984923,GRAN CANARIA,HOME,2834161,W. Tsafack,SF,2441048,E. Heinonen,SF,2087418,G. Baez Pierson,SF,2563387,M. Coulibaly,SF,2827856,B. González Ramírez,SF,3.5,207.0,2.0,9.0,-7.0,23.2,104.3,-81.2
2509208,6,984928,BARÇA ATLÈTIC,AWAY,2166517,D. Gonzalez Castro,SF,2256034,J. Cerdan Palacios,SF,2647995,M. Keita,SF,2641337,J. Boumtje Boumtje,SF,2561463,D. Ferreras Camarero,SF,1.4,81.0,4.0,4.0,0.0,118.5,118.5,0.0
2509208,6,984928,BARÇA ATLÈTIC,AWAY,2166517,D. Gonzalez Castro,SF,2642481,M. Dabone,SF,2642172,J. Siftar,SF,2561463,D. Ferreras Camarero,SF,2082056,N. Poza Cervantes,SF,2.1,126.0,2.0,0.0,2.0,38.1,0.0,38.1
2509208,6,984928,BARÇA ATLÈTIC,AWAY,2166517,D. Gonzalez Castro,SF,2642481,M. Dabone,SF,2642482,A. Kone,SF,2256034,J. Cerdan Palacios,SF,2646614,N. Kusturica,SF,3.1,184.0,6.0,9.0,-3.0,78.3,117.4,-39.1
2509208,6,984928,BARÇA ATLÈTIC,AWAY,2166517,D. Gonzalez Castro,SF,2642481,M. Dabone,SF,2647995,M. Keita,SF,2256034,J. Cerdan Palacios,SF,2646614,N. Kusturica,SF,0.7,44.0,2.0,5.0,-3.0,109.1,272.7,-163.6
2509208,6,984928,BARÇA ATLÈTIC,AWAY,2166517,D. Gonzalez Castro,SF,2646614,N. Kusturica,SF,2256034,J. Cerdan Palacios,SF,2647995,M. Keita,SF,2641337,J. Boumtje Boumtje,SF,0.6,38.0,2.0,2.0,0.0,126.3,126.3,0.0
2509208,6,984928,BARÇA ATLÈTIC,AWAY,2166517,D. Gonzalez Castro,SF,2646614,N. Kusturica,SF,2642481,M. Dabone,SF,2082056,N. Poza Cervantes,SF,2642172,J. Siftar,SF,1.1,64.0,0.0,0.0,0.0,0.0,0.0,0.0
2509208,6,984928,BARÇA ATLÈTIC,AWAY,2166517,D. Gonzalez Castro,SF,2646614,N. Kusturica,SF,2642482,A. Kone,SF,2218824,O. Filba Gonzalez,SF,2641337,J. Boumtje Boumtje,SF,1.5,90.0,2.0,2.0,0.0,53.3,53.3,0.0
2509208,6,984928,BARÇA ATLÈTIC,AWAY,2166517,D. Gonzalez Castro,SF,2646614,N. Kusturica,SF,2642482,A. Kone,SF,2218824,O. Filba Gonzalez,SF,2642172,J. Siftar,SF,2.0,117.0,3.0,3.0,0.0,61.5,61.5,0.0
2509208,6,984928,BARÇA ATLÈTIC,AWAY,2166517,D. Gonzalez Castro,SF,2646614,N. Kusturica,SF,2642482,A. Kone,SF,2256034,J. Cerdan Palacios,SF,2641337,J. Boumtje Boumtje,SF,0.1,5.0,1.0,0.0,1.0,480.0,0.0,480.0
2509208,6,984928,BARÇA ATLÈTIC,AWAY,2166517,D. Gonzalez Castro,SF,2646614,N. Kusturica,SF,2642482,A. Kone,SF,2647995,M. Keita,SF,2218824,O. Filba Gonzalez,SF,1.3,80.0,1.0,4.0,-3.0,30.0,120.0,-90.0
2509208,6,984928,BARÇA ATLÈTIC,AWAY,2166517,D. Gonzalez Castro,SF,2646614,N. Kusturica,SF,2642482,A. Kone,SF,2647995,M. Keita,SF,2642172,J. Siftar,SF,1.8,108.0,6.0,2.0,4.0,133.3,44.4,88.9
2509208,6,984928,BARÇA ATLÈTIC,AWAY,2166517,D. Gonzalez Castro,SF,2646614,N. Kusturica,SF,2647995,M. Keita,SF,2641337,J. Boumtje Boumtje,SF,2642172,J. Siftar,SF,0.1,8.0,0.0,2.0,-2.0,0.0,600.0,-600.0
2509208,6,984928,BARÇA ATLÈTIC,AWAY,2166517,D. Gonzalez Castro,SF,2646614,N. Kusturica,SF,2647995,M. Keita,SF,2642481,M. Dabone,SF,2082056,N. Poza Cervantes,SF,0.4,22.0,0.0,0.0,0.0,0.0,0.0,0.0
2509208,6,984928,BARÇA ATLÈTIC,AWAY,2166517,D. Gonzalez Castro,SF,2647995,M. Keita,SF,2256034,J. Cerdan Palacios,SF,2641337,J. Boumtje Boumtje,SF,2646614,N. Kusturica,SF,0.9,55.0,2.0,0.0,2.0,87.3,0.0,87.3
2509208,6,984928,BARÇA ATLÈTIC,AWAY,2166517,D. Gonzalez Castro,SF,2647995,M. Keita,SF,2561463,D. Ferreras Camarero,SF,2641337,J. Boumtje Boumtje,SF,2642172,J. Siftar,SF,0.5,27.0,2.0,0.0,2.0,177.8,0.0,177.8
2509208,6,984928,BARÇA ATLÈTIC,AWAY,2166517,D. Gonzalez Castro,SF,2647995,M. Keita,SF,2641337,J. Boumtje Boumtje,SF,2646614,N. Kusturica,SF,2642172,J. Siftar,SF,1.7,100.0,2.0,3.0,-1.0,48.0,72.0,-24.0
2509208,6,984928,BARÇA ATLÈTIC,AWAY,2641337,J. Boumtje Boumtje,SF,2642481,M. Dabone,SF,2561463,D. Ferreras Camarero,SF,2082056,N. Poza Cervantes,SF,2642172,J. Siftar,SF,3.5,207.0,9.0,2.0,7.0,104.3,23.2,81.2
2509208,6,984928,BARÇA ATLÈTIC,AWAY,2642172,J. Siftar,SF,2647995,M. Keita,SF,2561463,D. Ferreras Camarero,SF,2641337,J. Boumtje Boumtje,SF,2082056,N. Poza Cervantes,SF,0.0,1.0,0.0,0.0,0.0,0.0,0.0,0.0
2509208,6,984928,BARÇA ATLÈTIC,AWAY,2642481,M. Dabone,SF,2256034,J. Cerdan Palacios,SF,2561463,D. Ferreras Camarero,SF,2082056,N. Poza Cervantes,SF,2642172,J. Siftar,SF,2.4,143.0,5.0,6.0,-1.0,83.9,100.7,-16.8
2509208,6,984928,BARÇA ATLÈTIC,AWAY,2642481,M. Dabone,SF,2256034,J. Cerdan Palacios,SF,2641337,J. Boumtje Boumtje,SF,2561463,D. Ferreras Camarero,SF,2082056,N. Poza Cervantes,SF,2.7,160.0,7.0,8.0,-1.0,105.0,120.0,-15.0
2509208,6,984928,BARÇA ATLÈTIC,AWAY,2642481,M. Dabone,SF,2561463,D. Ferreras Camarero,SF,2641337,J. Boumtje Boumtje,SF,2082056,N. Poza Cervantes,SF,2642172,J. Siftar,SF,3.7,224.0,6.0,12.0,-6.0,64.3,128.6,-64.3
2509208,6,984928,BARÇA ATLÈTIC,AWAY,2642481,M. Dabone,SF,2642172,J. Siftar,SF,2561463,D. Ferreras Camarero,SF,2641337,J. Boumtje Boumtje,SF,2082056,N. Poza Cervantes,SF,4.7,289.0,18.0,16.0,2.0,149.5,132.9,16.6
2509208,6,984928,BARÇA ATLÈTIC,AWAY,2646614,N. Kusturica,SF,2641337,J. Boumtje Boumtje,SF,2642481,M. Dabone,SF,2082056,N. Poza Cervantes,SF,2642172,J. Siftar,SF,0.3,21.0,0.0,0.0,0.0,0.0,0.0,0.0
2509208,6,984928,BARÇA ATLÈTIC,AWAY,2646614,N. Kusturica,SF,2647995,M. Keita,SF,2642481,M. Dabone,SF,2082056,N. Poza Cervantes,SF,2642172,J. Siftar,SF,0.9,56.0,2.0,2.0,0.0,85.7,85.7,0.0
2509208,6,984928,BARÇA ATLÈTIC,AWAY,2647995,M. Keita,SF,2561463,D. Ferreras Camarero,SF,2641337,J. Boumtje Boumtje,SF,2082056,N. Poza Cervantes,SF,2642172,J. Siftar,SF,2.5,150.0,8.0,0.0,8.0,128.0,0.0,128.0
2509209,6,984791,BURGOS GRUPO DE SANTIAGO,AWAY,2535384,M. Bella Cabañas,SF,2790234,J. Taboada Lühers,SF,2661261,R. Rodriguez,SF,2045029,D. Rodriguez Ramos,SF,2436134,A. Traore,SF,4.5,272.0,9.0,12.0,-3.0,79.4,105.9,-26.5
2509209,6,984791,BURGOS GRUPO DE SANTIAGO,AWAY,2610623,L. Krispin,SF,2162563,A. Laso Careaga,SF,2661261,R. Rodriguez,SF,2790234,J. Taboada Lühers,SF,2045029,D. Rodriguez Ramos,SF,7.1,421.0,20.0,15.0,5.0,114.0,85.5,28.5
2509209,6,984791,BURGOS GRUPO DE SANTIAGO,AWAY,2610623,L. Krispin,SF,2162563,A. Laso Careaga,SF,2790234,J. Taboada Lühers,SF,2661261,R. Rodriguez,SF,2045029,D. Rodriguez Ramos,SF,0.5,29.0,2.0,0.0,2.0,165.5,0.0,165.5
2509209,6,984791,BURGOS GRUPO DE SANTIAGO,AWAY,2610623,L. Krispin,SF,2535384,M. Bella Cabañas,SF,2045029,D. Rodriguez Ramos,SF,2103560,A. Reyes Abad,SF,2228400,M. Perez Gundin,SF,1.4,87.0,2.0,4.0,-2.0,55.2,110.3,-55.2
2509209,6,984791,BURGOS GRUPO DE SANTIAGO,AWAY,2610623,L. Krispin,SF,2535384,M. Bella Cabañas,SF,2162563,A. Laso Careaga,SF,2045029,D. Rodriguez Ramos,SF,2103560,A. Reyes Abad,SF,6.0,360.0,12.0,22.0,-10.0,80.0,146.7,-66.7
2509209,6,984791,BURGOS GRUPO DE SANTIAGO,AWAY,2610623,L. Krispin,SF,2535384,M. Bella Cabañas,SF,2162563,A. Laso Careaga,SF,2790234,J. Taboada Lühers,SF,2103560,A. Reyes Abad,SF,2.1,128.0,2.0,4.0,-2.0,37.5,75.0,-37.5
2509209,6,984791,BURGOS GRUPO DE SANTIAGO,AWAY,2610623,L. Krispin,SF,2535384,M. Bella Cabañas,SF,2661261,R. Rodriguez,SF,2045029,D. Rodriguez Ramos,SF,2228400,M. Perez Gundin,SF,1.3,76.0,0.0,2.0,-2.0,0.0,63.2,-63.2
2509209,6,984791,BURGOS GRUPO DE SANTIAGO,AWAY,2610623,L. Krispin,SF,2535384,M. Bella Cabañas,SF,2661261,R. Rodriguez,SF,2790234,J. Taboada Lühers,SF,2045029,D. Rodriguez Ramos,SF,1.4,82.0,2.0,2.0,0.0,58.5,58.5,0.0
2509209,6,984791,BURGOS GRUPO DE SANTIAGO,AWAY,2610623,L. Krispin,SF,2535384,M. Bella Cabañas,SF,2790234,J. Taboada Lühers,SF,2045029,D. Rodriguez Ramos,SF,2103560,A. Reyes Abad,SF,1.6,97.0,0.0,2.0,-2.0,0.0,49.5,-49.5
2509209,6,984791,BURGOS GRUPO DE SANTIAGO,AWAY,2610623,L. Krispin,SF,2535384,M. Bella Cabañas,SF,2790234,J. Taboada Lühers,SF,2661261,R. Rodriguez,SF,2103560,A. Reyes Abad,SF,4.4,263.0,11.0,8.0,3.0,100.4,73.0,27.4
2509209,6,984791,BURGOS GRUPO DE SANTIAGO,AWAY,2610623,L. Krispin,SF,2661261,R. Rodriguez,SF,2045029,D. Rodriguez Ramos,SF,2103560,A. Reyes Abad,SF,2228400,M. Perez Gundin,SF,0.1,6.0,0.0,0.0,0.0,0.0,0.0,0.0
2509209,6,984791,BURGOS GRUPO DE SANTIAGO,AWAY,2610623,L. Krispin,SF,2790234,J. Taboada Lühers,SF,2661261,R. Rodriguez,SF,2045029,D. Rodriguez Ramos,SF,2436134,A. Traore,SF,3.0,181.0,6.0,9.0,-3.0,79.6,119.3,-39.8
2509209,6,984791,BURGOS GRUPO DE SANTIAGO,AWAY,2610623,L. Krispin,SF,2790234,J. Taboada Lühers,SF,2661261,R. Rodriguez,SF,2103560,A. Reyes Abad,SF,2436134,A. Traore,SF,0.3,21.0,0.0,2.0,-2.0,0.0,228.6,-228.6
2509209,6,984791,BURGOS GRUPO DE SANTIAGO,AWAY,2610623,L. Krispin,SF,2790234,J. Taboada Lühers,SF,2661261,R. Rodriguez,SF,2210291,E. Franco Sanz,SF,2103560,A. Reyes Abad,SF,0.9,56.0,4.0,0.0,4.0,171.4,0.0,171.4
2509209,6,984791,BURGOS GRUPO DE SANTIAGO,AWAY,2610623,L. Krispin,SF,2790234,J. Taboada Lühers,SF,2661261,R. Rodriguez,SF,2210291,E. Franco Sanz,SF,2228400,M. Perez Gundin,SF,2.0,118.0,6.0,2.0,4.0,122.0,40.7,81.4
2509209,6,984791,BURGOS GRUPO DE SANTIAGO,AWAY,2790234,J. Taboada Lühers,SF,2661261,R. Rodriguez,SF,2045029,D. Rodriguez Ramos,SF,2436134,A. Traore,SF,2690845,F. Nuñez,SF,1.2,72.0,3.0,2.0,1.0,100.0,66.7,33.3
2509209,6,984791,BURGOS GRUPO DE SANTIAGO,AWAY,2790234,J. Taboada Lühers,SF,2661261,R. Rodriguez,SF,2103560,A. Reyes Abad,SF,2436134,A. Traore,SF,2228400,M. Perez Gundin,SF,1.3,78.0,3.0,0.0,3.0,92.3,0.0,92.3
2509209,6,984791,BURGOS GRUPO DE SANTIAGO,AWAY,2790234,J. Taboada Lühers,SF,2661261,R. Rodriguez,SF,2436134,A. Traore,SF,2228400,M. Perez Gundin,SF,2690845,F. Nuñez,SF,0.9,53.0,0.0,0.0,0.0,0.0,0.0,0.0
2509209,6,984792,REAL MADRID,HOME,2043083,R. Rioja Achiaga,SF,2739845,R. Robinson,SF,2386746,P. Mera Seco,SF,2029762,D. Krohnert Moto,SF,2480762,G. Grinvalds,SF,0.0,2.0,3.0,3.0,0.0,3600.0,3600.0,0.0
2509209,6,984792,REAL MADRID,HOME,2043083,R. Rioja Achiaga,SF,2739845,R. Robinson,SF,2386746,P. Mera Seco,SF,2662049,A. Bjelic,SF,2029762,D. Krohnert Moto,SF,1.9,113.0,2.0,1.0,1.0,42.5,21.2,21.2
2509209,6,984792,REAL MADRID,HOME,2043083,R. Rioja Achiaga,SF,2739845,R. Robinson,SF,2735493,F. Kayser,SF,2662049,A. Bjelic,SF,2029762,D. Krohnert Moto,SF,0.5,28.0,2.0,0.0,2.0,171.4,0.0,171.4
2509209,6,984792,REAL MADRID,HOME,2043083,R. Rioja Achiaga,SF,2739845,R. Robinson,SF,2817763,E. Amosov,SF,2735493,F. Kayser,SF,2480762,G. Grinvalds,SF,1.6,95.0,0.0,8.0,-8.0,0.0,202.1,-202.1
2509209,6,984792,REAL MADRID,HOME,2043083,R. Rioja Achiaga,SF,2739845,R. Robinson,SF,2817763,E. Amosov,SF,2735493,F. Kayser,SF,2662049,A. Bjelic,SF,2.7,163.0,6.0,5.0,1.0,88.3,73.6,14.7
2509209,6,984792,REAL MADRID,HOME,2043083,R. Rioja Achiaga,SF,2817763,E. Amosov,SF,2386746,P. Mera Seco,SF,2286044,I. Ruperez Nuñez-Morgades,SF,2029762,D. Krohnert Moto,SF,6.1,366.0,22.0,12.0,10.0,144.3,78.7,65.6
2509209,6,984792,REAL MADRID,HOME,2642414,I. Frolov,SF,2043083,R. Rioja Achiaga,SF,2739845,R. Robinson,SF,2386746,P. Mera Seco,SF,2480762,G. Grinvalds,SF,1.2,72.0,0.0,6.0,-6.0,0.0,200.0,-200.0
2509209,6,984792,REAL MADRID,HOME,2642414,I. Frolov,SF,2043083,R. Rioja Achiaga,SF,2739845,R. Robinson,SF,2735493,F. Kayser,SF,2480762,G. Grinvalds,SF,0.8,46.0,2.0,0.0,2.0,104.3,0.0,104.3
2509209,6,984792,REAL MADRID,HOME,2642414,I. Frolov,SF,2043083,R. Rioja Achiaga,SF,2739845,R. Robinson,SF,2735493,F. Kayser,SF,2662049,A. Bjelic,SF,0.6,38.0,2.0,2.0,0.0,126.3,126.3,0.0
2509209,6,984792,REAL MADRID,HOME,2642414,I. Frolov,SF,2043083,R. Rioja Achiaga,SF,2739845,R. Robinson,SF,2735493,F. Kayser,SF,2817763,E. Amosov,SF,0.3,21.0,2.0,0.0,2.0,228.6,0.0,228.6
2509209,6,984792,REAL MADRID,HOME,2642414,I. Frolov,SF,2679004,O. Diarra,SF,2735493,F. Kayser,SF,2662049,A. Bjelic,SF,2480762,G. Grinvalds,SF,3.6,215.0,9.0,5.0,4.0,100.5,55.8,44.7
2509209,6,984792,REAL MADRID,HOME,2642414,I. Frolov,SF,2679004,O. Diarra,SF,2739845,R. Robinson,SF,2735493,F. Kayser,SF,2817763,E. Amosov,SF,3.9,229.0,7.0,10.0,-3.0,73.4,104.8,-31.4
2509209,6,984792,REAL MADRID,HOME,2642414,I. Frolov,SF,2679004,O. Diarra,SF,2739845,R. Robinson,SF,2817763,E. Amosov,SF,2370180,O. Hadi Adegbite,SF,1.0,60.0,0.0,5.0,-5.0,0.0,200.0,-200.0
2509209,6,984792,REAL MADRID,HOME,2642414,I. Frolov,SF,2739845,R. Robinson,SF,2735493,F. Kayser,SF,2817763,E. Amosov,SF,2029762,D. Krohnert Moto,SF,2.7,163.0,6.0,2.0,4.0,88.3,29.4,58.9
2509209,6,984792,REAL MADRID,HOME,2642414,I. Frolov,SF,2739845,R. Robinson,SF,2735493,F. Kayser,SF,2817763,E. Amosov,SF,2286044,I. Ruperez Nuñez-Morgades,SF,1.6,97.0,2.0,0.0,2.0,49.5,0.0,49.5
2509209,6,984792,REAL MADRID,HOME,2642414,I. Frolov,SF,2739845,R. Robinson,SF,2735493,F. Kayser,SF,2817763,E. Amosov,SF,2662049,A. Bjelic,SF,0.4,23.0,1.0,0.0,1.0,104.3,0.0,104.3
2509209,6,984792,REAL MADRID,HOME,2642414,I. Frolov,SF,2739845,R. Robinson,SF,2817763,E. Amosov,SF,2286044,I. Ruperez Nuñez-Morgades,SF,2370180,O. Hadi Adegbite,SF,3.2,191.0,9.0,7.0,2.0,113.1,88.0,25.1
2509209,6,984792,REAL MADRID,HOME,2679004,O. Diarra,SF,2043083,R. Rioja Achiaga,SF,2739845,R. Robinson,SF,2817763,E. Amosov,SF,2386746,P. Mera Seco,SF,2.1,128.0,4.0,2.0,2.0,75.0,37.5,37.5
2509209,6,984792,REAL MADRID,HOME,2679004,O. Diarra,SF,2735493,F. Kayser,SF,2662049,A. Bjelic,SF,2029762,D. Krohnert Moto,SF,2480762,G. Grinvalds,SF,2.1,129.0,5.0,7.0,-2.0,93.0,130.2,-37.2
2509209,6,984792,REAL MADRID,HOME,2679004,O. Diarra,SF,2735493,F. Kayser,SF,2817763,E. Amosov,SF,2662049,A. Bjelic,SF,2029762,D. Krohnert Moto,SF,2.2,131.0,0.0,3.0,-3.0,0.0,55.0,-55.0
2509209,6,984792,REAL MADRID,HOME,2679004,O. Diarra,SF,2739845,R. Robinson,SF,2735493,F. Kayser,SF,2662049,A. Bjelic,SF,2029762,D. Krohnert Moto,SF,1.0,61.0,2.0,2.0,0.0,78.7,78.7,0.0
2509209,6,984792,REAL MADRID,HOME,2739845,R. Robinson,SF,2386746,P. Mera Seco,SF,2286044,I. Ruperez Nuñez-Morgades,SF,2029762,D. Krohnert Moto,SF,2480762,G. Grinvalds,SF,0.5,29.0,0.0,2.0,-2.0,0.0,165.5,-165.5
2509210,6,984927,CASADEMONT ZARAGOZA,HOME,1975428,C. Alias Bermudez,SF,2125634,J. Garcia Sanchez,SF,2073295,R. Valero Lopez,SF,2704549,K. Soumalia Salif,SF,2438847,A. Savkov,SF,1.0,62.0,0.0,0.0,0.0,0.0,0.0,0.0
2509210,6,984927,CASADEMONT ZARAGOZA,HOME,1975428,C. Alias Bermudez,SF,2340834,Y. Traore,SF,2125634,J. Garcia Sanchez,SF,2073295,R. Valero Lopez,SF,2438847,A. Savkov,SF,2.7,160.0,6.0,1.0,5.0,90.0,15.0,75.0
2509210,6,984927,CASADEMONT ZARAGOZA,HOME,1975428,C. Alias Bermudez,SF,2340834,Y. Traore,SF,2125634,J. Garcia Sanchez,SF,2073295,R. Valero Lopez,SF,2646355,M. Lukic,SF,1.1,64.0,2.0,2.0,0.0,75.0,75.0,0.0
2509210,6,984927,CASADEMONT ZARAGOZA,HOME,1975428,C. Alias Bermudez,SF,2340834,Y. Traore,SF,2125634,J. Garcia Sanchez,SF,2646355,M. Lukic,SF,2008960,A. Moreno Valero,SF,0.6,39.0,0.0,1.0,-1.0,0.0,61.5,-61.5
2509210,6,984927,CASADEMONT ZARAGOZA,HOME,1975428,C. Alias Bermudez,SF,2340834,Y. Traore,SF,2125634,J. Garcia Sanchez,SF,2646355,M. Lukic,SF,2438847,A. Savkov,SF,1.4,87.0,2.0,2.0,0.0,55.2,55.2,0.0
2509210,6,984927,CASADEMONT ZARAGOZA,HOME,1975428,C. Alias Bermudez,SF,2340834,Y. Traore,SF,2125634,J. Garcia Sanchez,SF,2704549,K. Soumalia Salif,SF,2646355,M. Lukic,SF,0.3,18.0,0.0,3.0,-3.0,0.0,400.0,-400.0
2509210,6,984927,CASADEMONT ZARAGOZA,HOME,1975428,C. Alias Bermudez,SF,2340834,Y. Traore,SF,2382632,A. Cativiela Aisa,SF,2125634,J. Garcia Sanchez,SF,2646355,M. Lukic,SF,0.5,32.0,0.0,1.0,-1.0,0.0,75.0,-75.0
2509210,6,984927,CASADEMONT ZARAGOZA,HOME,1975428,C. Alias Bermudez,SF,2340834,Y. Traore,SF,2382632,A. Cativiela Aisa,SF,2438847,A. Savkov,SF,2008960,A. Moreno Valero,SF,2.1,127.0,2.0,3.0,-1.0,37.8,56.7,-18.9
2509210,6,984927,CASADEMONT ZARAGOZA,HOME,1975428,C. Alias Bermudez,SF,2340834,Y. Traore,SF,2382632,A. Cativiela Aisa,SF,2646355,M. Lukic,SF,2008960,A. Moreno Valero,SF,2.0,126.0,7.0,6.0,1.0,133.3,114.3,19.0
2509210,6,984927,CASADEMONT ZARAGOZA,HOME,1975428,C. Alias Bermudez,SF,2340834,Y. Traore,SF,2382801,J. Prieto Alejandre,SF,2125634,J. Garcia Sanchez,SF,2073295,R. Valero Lopez,SF,0.7,43.0,2.0,3.0,-1.0,111.6,167.4,-55.8
2509210,6,984927,CASADEMONT ZARAGOZA,HOME,1975428,C. Alias Bermudez,SF,2340834,Y. Traore,SF,2438847,A. Savkov,SF,2646355,M. Lukic,SF,2008960,A. Moreno Valero,SF,1.5,91.0,1.0,0.0,1.0,26.4,0.0,26.4
2509210,6,984927,CASADEMONT ZARAGOZA,HOME,1975428,C. Alias Bermudez,SF,2382632,A. Cativiela Aisa,SF,2125634,J. Garcia Sanchez,SF,2704549,K. Soumalia Salif,SF,2438847,A. Savkov,SF,0.7,44.0,1.0,0.0,1.0,54.5,0.0,54.5
2509210,6,984927,CASADEMONT ZARAGOZA,HOME,1975428,C. Alias Bermudez,SF,2382632,A. Cativiela Aisa,SF,2125634,J. Garcia Sanchez,SF,2704549,K. Soumalia Salif,SF,2646355,M. Lukic,SF,1.4,87.0,2.0,2.0,0.0,55.2,55.2,0.0
2509210,6,984927,CASADEMONT ZARAGOZA,HOME,1975428,C. Alias Bermudez,SF,2382632,A. Cativiela Aisa,SF,2704549,K. Soumalia Salif,SF,2438847,A. Savkov,SF,2008960,A. Moreno Valero,SF,0.7,40.0,2.0,2.0,0.0,120.0,120.0,0.0
2509210,6,984927,CASADEMONT ZARAGOZA,HOME,1975428,C. Alias Bermudez,SF,2382632,A. Cativiela Aisa,SF,2704549,K. Soumalia Salif,SF,2646355,M. Lukic,SF,2008960,A. Moreno Valero,SF,1.7,105.0,4.0,4.0,0.0,91.4,91.4,0.0
2509210,6,984927,CASADEMONT ZARAGOZA,HOME,1975428,C. Alias Bermudez,SF,2648124,A. Rodriguez Aguila,SF,2125634,J. Garcia Sanchez,SF,2073295,R. Valero Lopez,SF,2704549,K. Soumalia Salif,SF,1.1,69.0,2.0,4.0,-2.0,69.6,139.1,-69.6
2509210,6,984927,CASADEMONT ZARAGOZA,HOME,1975428,C. Alias Bermudez,SF,2648124,A. Rodriguez Aguila,SF,2340834,Y. Traore,SF,2073295,R. Valero Lopez,SF,2646355,M. Lukic,SF,1.8,112.0,4.0,6.0,-2.0,85.7,128.6,-42.9
2509210,6,984927,CASADEMONT ZARAGOZA,HOME,1975428,C. Alias Bermudez,SF,2648124,A. Rodriguez Aguila,SF,2382632,A. Cativiela Aisa,SF,2646355,M. Lukic,SF,2008960,A. Moreno Valero,SF,1.1,65.0,2.0,0.0,2.0,73.8,0.0,73.8
2509210,6,984927,CASADEMONT ZARAGOZA,HOME,1975428,C. Alias Bermudez,SF,2648124,A. Rodriguez Aguila,SF,2646355,M. Lukic,SF,2008960,A. Moreno Valero,SF,2340834,Y. Traore,SF,2.4,142.0,5.0,5.0,0.0,84.5,84.5,0.0
2509210,6,984927,CASADEMONT ZARAGOZA,HOME,1975428,C. Alias Bermudez,SF,2704549,K. Soumalia Salif,SF,2646355,M. Lukic,SF,2008960,A. Moreno Valero,SF,2340834,Y. Traore,SF,0.8,48.0,4.0,3.0,1.0,200.0,150.0,50.0
2509210,6,984927,CASADEMONT ZARAGOZA,HOME,2125634,J. Garcia Sanchez,SF,2704549,K. Soumalia Salif,SF,2646355,M. Lukic,SF,2008960,A. Moreno Valero,SF,2438847,A. Savkov,SF,1.8,103.0,4.0,0.0,4.0,93.2,0.0,93.2
2509210,6,984927,CASADEMONT ZARAGOZA,HOME,2125634,J. Garcia Sanchez,SF,2704549,K. Soumalia Salif,SF,2646355,M. Lukic,SF,2438847,A. Savkov,SF,2382632,A. Cativiela Aisa,SF,0.6,38.0,1.0,0.0,1.0,63.2,0.0,63.2
2509210,6,984927,CASADEMONT ZARAGOZA,HOME,2340834,Y. Traore,SF,2125634,J. Garcia Sanchez,SF,2073295,R. Valero Lopez,SF,2646355,M. Lukic,SF,2008960,A. Moreno Valero,SF,1.0,58.0,3.0,2.0,1.0,124.1,82.8,41.4
2509210,6,984927,CASADEMONT ZARAGOZA,HOME,2340834,Y. Traore,SF,2125634,J. Garcia Sanchez,SF,2646355,M. Lukic,SF,2008960,A. Moreno Valero,SF,2438847,A. Savkov,SF,1.3,78.0,4.0,2.0,2.0,123.1,61.5,61.5
2509210,6,984927,CASADEMONT ZARAGOZA,HOME,2340834,Y. Traore,SF,2125634,J. Garcia Sanchez,SF,2704549,K. Soumalia Salif,SF,2646355,M. Lukic,SF,2008960,A. Moreno Valero,SF,1.3,80.0,0.0,2.0,-2.0,0.0,60.0,-60.0
2509210,6,984927,CASADEMONT ZARAGOZA,HOME,2340834,Y. Traore,SF,2382632,A. Cativiela Aisa,SF,2646355,M. Lukic,SF,2008960,A. Moreno Valero,SF,2438847,A. Savkov,SF,0.4,25.0,3.0,0.0,3.0,288.0,0.0,288.0
2509210,6,984927,CASADEMONT ZARAGOZA,HOME,2340834,Y. Traore,SF,2382801,J. Prieto Alejandre,SF,2125634,J. Garcia Sanchez,SF,2438847,A. Savkov,SF,2382632,A. Cativiela Aisa,SF,0.5,31.0,0.0,0.0,0.0,0.0,0.0,0.0
2509210,6,984927,CASADEMONT ZARAGOZA,HOME,2382632,A. Cativiela Aisa,SF,2340834,Y. Traore,SF,2125634,J. Garcia Sanchez,SF,2646355,M. Lukic,SF,2438847,A. Savkov,SF,0.9,55.0,0.0,2.0,-2.0,0.0,87.3,-87.3
2509210,6,984927,CASADEMONT ZARAGOZA,HOME,2382801,J. Prieto Alejandre,SF,2125634,J. Garcia Sanchez,SF,2704549,K. Soumalia Salif,SF,2438847,A. Savkov,SF,2382632,A. Cativiela Aisa,SF,1.2,73.0,3.0,3.0,0.0,98.6,98.6,0.0
2509210,6,984927,CASADEMONT ZARAGOZA,HOME,2648124,A. Rodriguez Aguila,SF,2340834,Y. Traore,SF,2125634,J. Garcia Sanchez,SF,2073295,R. Valero Lopez,SF,2646355,M. Lukic,SF,0.9,52.0,4.0,2.0,2.0,184.6,92.3,92.3
2509210,6,984927,CASADEMONT ZARAGOZA,HOME,2648124,A. Rodriguez Aguila,SF,2340834,Y. Traore,SF,2125634,J. Garcia Sanchez,SF,2646355,M. Lukic,SF,2008960,A. Moreno Valero,SF,1.3,79.0,4.0,4.0,0.0,121.5,121.5,0.0
2509210,6,984927,CASADEMONT ZARAGOZA,HOME,2648124,A. Rodriguez Aguila,SF,2382632,A. Cativiela Aisa,SF,2125634,J. Garcia Sanchez,SF,2646355,M. Lukic,SF,2008960,A. Moreno Valero,SF,0.8,49.0,2.0,0.0,2.0,98.0,0.0,98.0
2509210,6,984927,CASADEMONT ZARAGOZA,HOME,2648124,A. Rodriguez Aguila,SF,2382632,A. Cativiela Aisa,SF,2382801,J. Prieto Alejandre,SF,2646355,M. Lukic,SF,2008960,A. Moreno Valero,SF,1.0,59.0,0.0,2.0,-2.0,0.0,81.4,-81.4
2509210,6,984927,CASADEMONT ZARAGOZA,HOME,2648124,A. Rodriguez Aguila,SF,2382632,A. Cativiela Aisa,SF,2646355,M. Lukic,SF,2008960,A. Moreno Valero,SF,2438847,A. Savkov,SF,1.0,59.0,0.0,2.0,-2.0,0.0,81.4,-81.4
2509210,6,984930,BAXI MANRESA,AWAY,2080004,G. Fernandez Gimenez,SF,2150510,J. Pumarola Aguilar,SF,2081670,G. Naspler Perez,SF,2145902,F. Torreblanca Catalan,SF,2077155,M. Gaspa Ibañez,SF,0.2,13.0,0.0,0.0,0.0,0.0,0.0,0.0
2509210,6,984930,BAXI MANRESA,AWAY,2295371,G. Ecker Alberti,SF,1959173,M. Rosell Lanza,SF,2153495,J. Salo Blaya,SF,2077155,M. Gaspa Ibañez,SF,2528977,B. Jekabsons,SF,0.4,24.0,0.0,2.0,-2.0,0.0,200.0,-200.0
2509210,6,984930,BAXI MANRESA,AWAY,2295371,G. Ecker Alberti,SF,2080004,G. Fernandez Gimenez,SF,2081670,G. Naspler Perez,SF,2153495,J. Salo Blaya,SF,2528977,B. Jekabsons,SF,1.1,64.0,2.0,2.0,0.0,75.0,75.0,0.0
2509210,6,984930,BAXI MANRESA,AWAY,2334297,L. Sanchez Fernandez,SF,1959173,M. Rosell Lanza,SF,2081670,G. Naspler Perez,SF,2153495,J. Salo Blaya,SF,2077155,M. Gaspa Ibañez,SF,0.6,37.0,1.0,0.0,1.0,64.9,0.0,64.9
2509210,6,984930,BAXI MANRESA,AWAY,2334297,L. Sanchez Fernandez,SF,1959173,M. Rosell Lanza,SF,2150510,J. Pumarola Aguilar,SF,2077155,M. Gaspa Ibañez,SF,2081670,G. Naspler Perez,SF,0.7,40.0,0.0,2.0,-2.0,0.0,120.0,-120.0
2509210,6,984930,BAXI MANRESA,AWAY,2334297,L. Sanchez Fernandez,SF,1959173,M. Rosell Lanza,SF,2150510,J. Pumarola Aguilar,SF,2081670,G. Naspler Perez,SF,2077155,M. Gaspa Ibañez,SF,0.9,52.0,2.0,4.0,-2.0,92.3,184.6,-92.3
2509210,6,984930,BAXI MANRESA,AWAY,2334297,L. Sanchez Fernandez,SF,1959173,M. Rosell Lanza,SF,2153495,J. Salo Blaya,SF,2077155,M. Gaspa Ibañez,SF,2081670,G. Naspler Perez,SF,1.1,63.0,0.0,2.0,-2.0,0.0,76.2,-76.2
2509210,6,984930,BAXI MANRESA,AWAY,2334297,L. Sanchez Fernandez,SF,2080004,G. Fernandez Gimenez,SF,2081670,G. Naspler Perez,SF,2153495,J. Salo Blaya,SF,2077155,M. Gaspa Ibañez,SF,0.2,12.0,1.0,0.0,1.0,200.0,0.0,200.0
2509210,6,984930,BAXI MANRESA,AWAY,2334297,L. Sanchez Fernandez,SF,2080004,G. Fernandez Gimenez,SF,2145902,F. Torreblanca Catalan,SF,2081670,G. Naspler Perez,SF,2153495,J. Salo Blaya,SF,3.0,185.0,7.0,2.0,5.0,90.8,25.9,64.9
2509210,6,984930,BAXI MANRESA,AWAY,2334297,L. Sanchez Fernandez,SF,2080004,G. Fernandez Gimenez,SF,2150510,J. Pumarola Aguilar,SF,2081670,G. Naspler Perez,SF,2077155,M. Gaspa Ibañez,SF,0.7,46.0,1.0,0.0,1.0,52.2,0.0,52.2
2509210,6,984930,BAXI MANRESA,AWAY,2334297,L. Sanchez Fernandez,SF,2080004,G. Fernandez Gimenez,SF,2150510,J. Pumarola Aguilar,SF,2081670,G. Naspler Perez,SF,2145902,F. Torreblanca Catalan,SF,3.6,221.0,8.0,6.0,2.0,86.9,65.2,21.7
2509210,6,984930,BAXI MANRESA,AWAY,2334297,L. Sanchez Fernandez,SF,2080004,G. Fernandez Gimenez,SF,2150510,J. Pumarola Aguilar,SF,2145902,F. Torreblanca Catalan,SF,2081670,G. Naspler Perez,SF,4.0,241.0,13.0,14.0,-1.0,129.5,139.4,-10.0
2509210,6,984930,BAXI MANRESA,AWAY,2334297,L. Sanchez Fernandez,SF,2080004,G. Fernandez Gimenez,SF,2150510,J. Pumarola Aguilar,SF,2145902,F. Torreblanca Catalan,SF,2153495,J. Salo Blaya,SF,1.2,69.0,4.0,0.0,4.0,139.1,0.0,139.1
2509210,6,984930,BAXI MANRESA,AWAY,2334297,L. Sanchez Fernandez,SF,2150510,J. Pumarola Aguilar,SF,2081670,G. Naspler Perez,SF,2145902,F. Torreblanca Catalan,SF,2077155,M. Gaspa Ibañez,SF,1.5,91.0,0.0,1.0,-1.0,0.0,26.4,-26.4
2509210,6,984930,BAXI MANRESA,AWAY,2334297,L. Sanchez Fernandez,SF,2295371,G. Ecker Alberti,SF,1959173,M. Rosell Lanza,SF,2150510,J. Pumarola Aguilar,SF,2077155,M. Gaspa Ibañez,SF,0.8,46.0,0.0,2.0,-2.0,0.0,104.3,-104.3
2509210,6,984930,BAXI MANRESA,AWAY,2334297,L. Sanchez Fernandez,SF,2295371,G. Ecker Alberti,SF,1959173,M. Rosell Lanza,SF,2153495,J. Salo Blaya,SF,2077155,M. Gaspa Ibañez,SF,0.6,38.0,3.0,1.0,2.0,189.5,63.2,126.3
2509210,6,984930,BAXI MANRESA,AWAY,2334297,L. Sanchez Fernandez,SF,2295371,G. Ecker Alberti,SF,2080004,G. Fernandez Gimenez,SF,2150510,J. Pumarola Aguilar,SF,2145902,F. Torreblanca Catalan,SF,0.4,23.0,0.0,0.0,0.0,0.0,0.0,0.0
2509210,6,984930,BAXI MANRESA,AWAY,2334297,L. Sanchez Fernandez,SF,2295371,G. Ecker Alberti,SF,2150510,J. Pumarola Aguilar,SF,2145902,F. Torreblanca Catalan,SF,2077155,M. Gaspa Ibañez,SF,0.9,57.0,0.0,2.0,-2.0,0.0,84.2,-84.2
2509210,6,984930,BAXI MANRESA,AWAY,2353230,M. Ndiaye,SF,2080004,G. Fernandez Gimenez,SF,2150510,J. Pumarola Aguilar,SF,2081670,G. Naspler Perez,SF,2528977,B. Jekabsons,SF,2.3,136.0,4.0,7.0,-3.0,70.6,123.5,-52.9
2509210,6,984930,BAXI MANRESA,AWAY,2353230,M. Ndiaye,SF,2334297,L. Sanchez Fernandez,SF,2080004,G. Fernandez Gimenez,SF,2150510,J. Pumarola Aguilar,SF,2081670,G. Naspler Perez,SF,0.8,51.0,0.0,3.0,-3.0,0.0,141.2,-141.2
2509210,6,984930,BAXI MANRESA,AWAY,2528977,B. Jekabsons,SF,1959173,M. Rosell Lanza,SF,2081670,G. Naspler Perez,SF,2153495,J. Salo Blaya,SF,2077155,M. Gaspa Ibañez,SF,1.3,79.0,3.0,4.0,-1.0,91.1,121.5,-30.4
2509210,6,984930,BAXI MANRESA,AWAY,2528977,B. Jekabsons,SF,2080004,G. Fernandez Gimenez,SF,1959173,M. Rosell Lanza,SF,2150510,J. Pumarola Aguilar,SF,2077155,M. Gaspa Ibañez,SF,1.7,98.0,1.0,2.0,-1.0,24.5,49.0,-24.5
2509210,6,984930,BAXI MANRESA,AWAY,2528977,B. Jekabsons,SF,2739297,I. Francisco,SF,2080004,G. Fernandez Gimenez,SF,1959173,M. Rosell Lanza,SF,2150510,J. Pumarola Aguilar,SF,1.0,62.0,0.0,4.0,-4.0,0.0,154.8,-154.8
2509210,6,984930,BAXI MANRESA,AWAY,2739297,I. Francisco,SF,1959173,M. Rosell Lanza,SF,2150510,J. Pumarola Aguilar,SF,2081670,G. Naspler Perez,SF,2077155,M. Gaspa Ibañez,SF,2.0,116.0,5.0,4.0,1.0,103.4,82.8,20.7
2509210,6,984930,BAXI MANRESA,AWAY,2739297,I. Francisco,SF,2150510,J. Pumarola Aguilar,SF,2145902,F. Torreblanca Catalan,SF,2081670,G. Naspler Perez,SF,2077155,M. Gaspa Ibañez,SF,2.0,126.0,1.0,2.0,-1.0,19.0,38.1,-19.0
2509210,6,984930,BAXI MANRESA,AWAY,2739297,I. Francisco,SF,2295371,G. Ecker Alberti,SF,1959173,M. Rosell Lanza,SF,2150510,J. Pumarola Aguilar,SF,2077155,M. Gaspa Ibañez,SF,0.7,44.0,0.0,1.0,-1.0,0.0,54.5,-54.5
2509210,6,984930,BAXI MANRESA,AWAY,2739297,I. Francisco,SF,2295371,G. Ecker Alberti,SF,1959173,M. Rosell Lanza,SF,2153495,J. Salo Blaya,SF,2077155,M. Gaspa Ibañez,SF,5.9,366.0,13.0,9.0,4.0,85.2,59.0,26.2
2509211,6,984926,FUNDACIÓN CB CANARIAS,HOME,1856308,D. Acosta Moliné,SF,2044955,X. Lopez Rodriguez,SF,2137337,A. Perez Lopez,SF,2007163,D. Fernandez Trujillo,SF,2470375,M. Sangare,SF,3.5,213.0,7.0,8.0,-1.0,78.9,90.1,-11.3
2509211,6,984926,FUNDACIÓN CB CANARIAS,HOME,1856308,D. Acosta Moliné,SF,2044955,X. Lopez Rodriguez,SF,2181003,R. Rodriguez Galvan,SF,2007163,D. Fernandez Trujillo,SF,2470375,M. Sangare,SF,4.2,250.0,7.0,12.0,-5.0,67.2,115.2,-48.0
2509211,6,984926,FUNDACIÓN CB CANARIAS,HOME,1856308,D. Acosta Moliné,SF,2044955,X. Lopez Rodriguez,SF,2444602,L. Riga,SF,2007163,D. Fernandez Trujillo,SF,2470375,M. Sangare,SF,3.4,201.0,12.0,6.0,6.0,143.3,71.6,71.6
2509211,6,984926,FUNDACIÓN CB CANARIAS,HOME,1856308,D. Acosta Moliné,SF,2044955,X. Lopez Rodriguez,SF,2444602,L. Riga,SF,2137337,A. Perez Lopez,SF,2007163,D. Fernandez Trujillo,SF,0.1,9.0,0.0,3.0,-3.0,0.0,800.0,-800.0
2509211,6,984926,FUNDACIÓN CB CANARIAS,HOME,1856308,D. Acosta Moliné,SF,2044955,X. Lopez Rodriguez,SF,2444602,L. Riga,SF,2181003,R. Rodriguez Galvan,SF,2007163,D. Fernandez Trujillo,SF,2.7,162.0,3.0,6.0,-3.0,44.4,88.9,-44.4
2509211,6,984926,FUNDACIÓN CB CANARIAS,HOME,1856308,D. Acosta Moliné,SF,2044955,X. Lopez Rodriguez,SF,2444602,L. Riga,SF,2181003,R. Rodriguez Galvan,SF,2137337,A. Perez Lopez,SF,0.2,11.0,3.0,0.0,3.0,654.5,0.0,654.5
2509211,6,984926,FUNDACIÓN CB CANARIAS,HOME,1856308,D. Acosta Moliné,SF,2444602,L. Riga,SF,2181003,R. Rodriguez Galvan,SF,2007163,D. Fernandez Trujillo,SF,2470375,M. Sangare,SF,2.6,158.0,6.0,2.0,4.0,91.1,30.4,60.8
2509211,6,984926,FUNDACIÓN CB CANARIAS,HOME,2362551,E. Lima Teixeira,SF,1856308,D. Acosta Moliné,SF,2044955,X. Lopez Rodriguez,SF,2444602,L. Riga,SF,2137337,A. Perez Lopez,SF,1.2,72.0,3.0,3.0,0.0,100.0,100.0,0.0
2509211,6,984926,FUNDACIÓN CB CANARIAS,HOME,2362551,E. Lima Teixeira,SF,1856308,D. Acosta Moliné,SF,2044955,X. Lopez Rodriguez,SF,2444602,L. Riga,SF,2181003,R. Rodriguez Galvan,SF,3.9,234.0,8.0,7.0,1.0,82.1,71.8,10.3
2509211,6,984926,FUNDACIÓN CB CANARIAS,HOME,2362551,E. Lima Teixeira,SF,1856308,D. Acosta Moliné,SF,2444602,L. Riga,SF,2137337,A. Perez Lopez,SF,2007163,D. Fernandez Trujillo,SF,3.4,199.0,10.0,1.0,9.0,120.6,12.1,108.5
2509211,6,984926,FUNDACIÓN CB CANARIAS,HOME,2362551,E. Lima Teixeira,SF,1856308,D. Acosta Moliné,SF,2444602,L. Riga,SF,2181003,R. Rodriguez Galvan,SF,2007163,D. Fernandez Trujillo,SF,1.4,79.0,4.0,2.0,2.0,121.5,60.8,60.8
2509211,6,984926,FUNDACIÓN CB CANARIAS,HOME,2362551,E. Lima Teixeira,SF,2819094,P. Bilous,SF,1856308,D. Acosta Moliné,SF,2044955,X. Lopez Rodriguez,SF,2137337,A. Perez Lopez,SF,0.2,13.0,2.0,0.0,2.0,369.2,0.0,369.2
2509211,6,984926,FUNDACIÓN CB CANARIAS,HOME,2476064,B. Lipasi Yitu,SF,1856308,D. Acosta Moliné,SF,2044955,X. Lopez Rodriguez,SF,2181003,R. Rodriguez Galvan,SF,2007163,D. Fernandez Trujillo,SF,1.4,81.0,0.0,4.0,-4.0,0.0,118.5,-118.5
2509211,6,984926,FUNDACIÓN CB CANARIAS,HOME,2476064,B. Lipasi Yitu,SF,1856308,D. Acosta Moliné,SF,2044955,X. Lopez Rodriguez,SF,2444602,L. Riga,SF,2007163,D. Fernandez Trujillo,SF,0.1,4.0,0.0,0.0,0.0,0.0,0.0,0.0
2509211,6,984926,FUNDACIÓN CB CANARIAS,HOME,2476064,B. Lipasi Yitu,SF,1856308,D. Acosta Moliné,SF,2044955,X. Lopez Rodriguez,SF,2444602,L. Riga,SF,2137337,A. Perez Lopez,SF,3.1,184.0,2.0,7.0,-5.0,26.1,91.3,-65.2
2509211,6,984926,FUNDACIÓN CB CANARIAS,HOME,2476064,B. Lipasi Yitu,SF,1856308,D. Acosta Moliné,SF,2044955,X. Lopez Rodriguez,SF,2444602,L. Riga,SF,2181003,R. Rodriguez Galvan,SF,3.5,212.0,5.0,13.0,-8.0,56.6,147.2,-90.6
2509211,6,984926,FUNDACIÓN CB CANARIAS,HOME,2476064,B. Lipasi Yitu,SF,1856308,D. Acosta Moliné,SF,2444602,L. Riga,SF,2181003,R. Rodriguez Galvan,SF,2137337,A. Perez Lopez,SF,0.4,22.0,0.0,2.0,-2.0,0.0,218.2,-218.2
2509211,6,984926,FUNDACIÓN CB CANARIAS,HOME,2476064,B. Lipasi Yitu,SF,2362551,E. Lima Teixeira,SF,1856308,D. Acosta Moliné,SF,2044955,X. Lopez Rodriguez,SF,2444602,L. Riga,SF,1.7,100.0,3.0,0.0,3.0,72.0,0.0,72.0
2509211,6,984926,FUNDACIÓN CB CANARIAS,HOME,2476064,B. Lipasi Yitu,SF,2362551,E. Lima Teixeira,SF,1856308,D. Acosta Moliné,SF,2444602,L. Riga,SF,2137337,A. Perez Lopez,SF,1.8,104.0,1.0,0.0,1.0,23.1,0.0,23.1
2509211,6,984926,FUNDACIÓN CB CANARIAS,HOME,2476064,B. Lipasi Yitu,SF,2362551,E. Lima Teixeira,SF,1856308,D. Acosta Moliné,SF,2444602,L. Riga,SF,2181003,R. Rodriguez Galvan,SF,1.5,92.0,0.0,2.0,-2.0,0.0,52.2,-52.2
2509211,6,984929,JOVENTUT BADALONA,AWAY,1943849,F. Mauri Guillen,SF,2023675,A. Torres De La Torre,SF,2081709,E. Del Castillo Lindo,SF,2156562,R. Torras Ferrer,SF,2535717,K. Macías Book,SF,3.3,194.0,13.0,4.0,9.0,160.8,49.5,111.3
2509211,6,984929,JOVENTUT BADALONA,AWAY,1943849,F. Mauri Guillen,SF,2023675,A. Torres De La Torre,SF,2081709,E. Del Castillo Lindo,SF,2156562,R. Torras Ferrer,SF,2845979,M. Buben,SF,0.7,39.0,0.0,1.0,-1.0,0.0,61.5,-61.5
2509211,6,984929,JOVENTUT BADALONA,AWAY,1943849,F. Mauri Guillen,SF,2023675,A. Torres De La Torre,SF,2081709,E. Del Castillo Lindo,SF,2241509,H. Ruiz Zamorano,SF,2535717,K. Macías Book,SF,2.0,124.0,8.0,2.0,6.0,154.8,38.7,116.1
2509211,6,984929,JOVENTUT BADALONA,AWAY,1943849,F. Mauri Guillen,SF,2023675,A. Torres De La Torre,SF,2081709,E. Del Castillo Lindo,SF,2535717,K. Macías Book,SF,2528952,D. Niebla Santos,SF,12.3,724.0,18.0,33.0,-15.0,59.7,109.4,-49.7
2509211,6,984929,JOVENTUT BADALONA,AWAY,1943849,F. Mauri Guillen,SF,2023675,A. Torres De La Torre,SF,2081709,E. Del Castillo Lindo,SF,2641899,G. Graae Barbosa,SF,2241509,H. Ruiz Zamorano,SF,1.7,104.0,0.0,4.0,-4.0,0.0,92.3,-92.3
2509211,6,984929,JOVENTUT BADALONA,AWAY,1943849,F. Mauri Guillen,SF,2023675,A. Torres De La Torre,SF,2081709,E. Del Castillo Lindo,SF,2845979,M. Buben,SF,2241509,H. Ruiz Zamorano,SF,0.5,29.0,3.0,2.0,1.0,248.3,165.5,82.8
2509211,6,984929,JOVENTUT BADALONA,AWAY,1943849,F. Mauri Guillen,SF,2023675,A. Torres De La Torre,SF,2081709,E. Del Castillo Lindo,SF,2845979,M. Buben,SF,2528952,D. Niebla Santos,SF,10.1,606.0,27.0,16.0,11.0,106.9,63.4,43.6
2509211,6,984929,JOVENTUT BADALONA,AWAY,1943849,F. Mauri Guillen,SF,2081709,E. Del Castillo Lindo,SF,2845979,M. Buben,SF,2241509,H. Ruiz Zamorano,SF,2535717,K. Macías Book,SF,2.7,162.0,2.0,3.0,-1.0,29.6,44.4,-14.8
2509211,6,984929,JOVENTUT BADALONA,AWAY,1943849,F. Mauri Guillen,SF,2081709,E. Del Castillo Lindo,SF,2845979,M. Buben,SF,2528952,D. Niebla Santos,SF,2453512,P. Batlle Sole,SF,0.8,48.0,0.0,1.0,-1.0,0.0,50.0,-50.0
2509211,6,984929,JOVENTUT BADALONA,AWAY,1943849,F. Mauri Guillen,SF,2081709,E. Del Castillo Lindo,SF,2845979,M. Buben,SF,2535717,K. Macías Book,SF,2528952,D. Niebla Santos,SF,1.0,58.0,0.0,0.0,0.0,0.0,0.0,0.0
2509211,6,984929,JOVENTUT BADALONA,AWAY,2081017,M. Julia Del Pozo,SF,1943849,F. Mauri Guillen,SF,2023675,A. Torres De La Torre,SF,2081709,E. Del Castillo Lindo,SF,2156562,R. Torras Ferrer,SF,2.1,129.0,4.0,1.0,3.0,74.4,18.6,55.8
2509211,6,984929,JOVENTUT BADALONA,AWAY,2081017,M. Julia Del Pozo,SF,2023675,A. Torres De La Torre,SF,2081709,E. Del Castillo Lindo,SF,2156562,R. Torras Ferrer,SF,2241509,H. Ruiz Zamorano,SF,0.2,11.0,0.0,3.0,-3.0,0.0,654.5,-654.5
2509211,6,984929,JOVENTUT BADALONA,AWAY,2081017,M. Julia Del Pozo,SF,2023675,A. Torres De La Torre,SF,2081709,E. Del Castillo Lindo,SF,2641899,G. Graae Barbosa,SF,2241509,H. Ruiz Zamorano,SF,1.2,70.0,3.0,3.0,0.0,102.9,102.9,0.0
2509211,6,984929,JOVENTUT BADALONA,AWAY,2081017,M. Julia Del Pozo,SF,2023675,A. Torres De La Torre,SF,2081709,E. Del Castillo Lindo,SF,2845979,M. Buben,SF,2241509,H. Ruiz Zamorano,SF,1.7,102.0,0.0,3.0,-3.0,0.0,70.6,-70.6
2509212,7,984792,REAL MADRID,HOME,2642414,I. Frolov,SF,2645392,O. Kutluay,SF,2679004,O. Diarra,SF,2735493,F. Kayser,SF,2662049,A. Bjelic,SF,1.6,93.0,2.0,2.0,0.0,51.6,51.6,0.0
2509212,7,984792,REAL MADRID,HOME,2642414,I. Frolov,SF,2645392,O. Kutluay,SF,2679004,O. Diarra,SF,2739845,R. Robinson,SF,2817763,E. Amosov,SF,5.4,327.0,17.0,6.0,11.0,124.8,44.0,80.7
2509212,7,984792,REAL MADRID,HOME,2642414,I. Frolov,SF,2645392,O. Kutluay,SF,2679004,O. Diarra,SF,2817763,E. Amosov,SF,2662049,A. Bjelic,SF,0.5,30.0,0.0,4.0,-4.0,0.0,320.0,-320.0
2509212,7,984792,REAL MADRID,HOME,2642414,I. Frolov,SF,2645392,O. Kutluay,SF,2739845,R. Robinson,SF,2043083,R. Rioja Achiaga,SF,2817763,E. Amosov,SF,1.4,86.0,0.0,0.0,0.0,0.0,0.0,0.0
2509212,7,984792,REAL MADRID,HOME,2642414,I. Frolov,SF,2679004,O. Diarra,SF,2739845,R. Robinson,SF,2662049,A. Bjelic,SF,2286044,I. Ruperez Nuñez-Morgades,SF,1.5,88.0,3.0,6.0,-3.0,81.8,163.6,-81.8
2509212,7,984792,REAL MADRID,HOME,2642414,I. Frolov,SF,2679004,O. Diarra,SF,2739845,R. Robinson,SF,2662049,A. Bjelic,SF,2370180,O. Hadi Adegbite,SF,0.7,41.0,0.0,0.0,0.0,0.0,0.0,0.0
2509212,7,984792,REAL MADRID,HOME,2642414,I. Frolov,SF,2679004,O. Diarra,SF,2739845,R. Robinson,SF,2735493,F. Kayser,SF,2662049,A. Bjelic,SF,9.2,552.0,26.0,7.0,19.0,113.0,30.4,82.6
2509212,7,984792,REAL MADRID,HOME,2642414,I. Frolov,SF,2679004,O. Diarra,SF,2739845,R. Robinson,SF,2735493,F. Kayser,SF,2817763,E. Amosov,SF,1.0,62.0,0.0,3.0,-3.0,0.0,116.1,-116.1
2509212,7,984792,REAL MADRID,HOME,2642414,I. Frolov,SF,2679004,O. Diarra,SF,2817763,E. Amosov,SF,2662049,A. Bjelic,SF,2370180,O. Hadi Adegbite,SF,2.8,170.0,8.0,2.0,6.0,112.9,28.2,84.7
2509212,7,984792,REAL MADRID,HOME,2642414,I. Frolov,SF,2739845,R. Robinson,SF,2043083,R. Rioja Achiaga,SF,2662049,A. Bjelic,SF,2286044,I. Ruperez Nuñez-Morgades,SF,0.7,43.0,0.0,2.0,-2.0,0.0,111.6,-111.6
2509212,7,984792,REAL MADRID,HOME,2642414,I. Frolov,SF,2739845,R. Robinson,SF,2043083,R. Rioja Achiaga,SF,2735493,F. Kayser,SF,2662049,A. Bjelic,SF,0.8,51.0,0.0,2.0,-2.0,0.0,94.1,-94.1
2509212,7,984792,REAL MADRID,HOME,2642414,I. Frolov,SF,2739845,R. Robinson,SF,2043083,R. Rioja Achiaga,SF,2735493,F. Kayser,SF,2817763,E. Amosov,SF,2.2,132.0,6.0,7.0,-1.0,109.1,127.3,-18.2
2509212,7,984792,REAL MADRID,HOME,2642414,I. Frolov,SF,2739845,R. Robinson,SF,2043083,R. Rioja Achiaga,SF,2817763,E. Amosov,SF,2662049,A. Bjelic,SF,2.4,142.0,8.0,6.0,2.0,135.2,101.4,33.8
2509212,7,984792,REAL MADRID,HOME,2642414,I. Frolov,SF,2739845,R. Robinson,SF,2370180,O. Hadi Adegbite,SF,2735493,F. Kayser,SF,2662049,A. Bjelic,SF,1.5,86.0,2.0,3.0,-1.0,55.8,83.7,-27.9
2509212,7,984792,REAL MADRID,HOME,2642414,I. Frolov,SF,2739845,R. Robinson,SF,2662049,A. Bjelic,SF,2029762,D. Krohnert Moto,SF,2370180,O. Hadi Adegbite,SF,1.5,90.0,2.0,2.0,0.0,53.3,53.3,0.0
2509212,7,984792,REAL MADRID,HOME,2642414,I. Frolov,SF,2739845,R. Robinson,SF,2735493,F. Kayser,SF,2817763,E. Amosov,SF,2286044,I. Ruperez Nuñez-Morgades,SF,1.7,106.0,0.0,0.0,0.0,0.0,0.0,0.0
2509212,7,984792,REAL MADRID,HOME,2642414,I. Frolov,SF,2739845,R. Robinson,SF,2735493,F. Kayser,SF,2817763,E. Amosov,SF,2662049,A. Bjelic,SF,0.4,26.0,0.0,0.0,0.0,0.0,0.0,0.0
2509212,7,984792,REAL MADRID,HOME,2679004,O. Diarra,SF,2739845,R. Robinson,SF,2662049,A. Bjelic,SF,2029762,D. Krohnert Moto,SF,2370180,O. Hadi Adegbite,SF,0.8,51.0,2.0,2.0,0.0,94.1,94.1,0.0
2509212,7,984792,REAL MADRID,HOME,2679004,O. Diarra,SF,2739845,R. Robinson,SF,2735493,F. Kayser,SF,2662049,A. Bjelic,SF,2029762,D. Krohnert Moto,SF,2.1,125.0,0.0,4.0,-4.0,0.0,76.8,-76.8
2509212,7,984792,REAL MADRID,HOME,2679004,O. Diarra,SF,2739845,R. Robinson,SF,2735493,F. Kayser,SF,2662049,A. Bjelic,SF,2286044,I. Ruperez Nuñez-Morgades,SF,1.3,79.0,2.0,2.0,0.0,60.8,60.8,0.0
2509212,7,984792,REAL MADRID,HOME,2739845,R. Robinson,SF,2370180,O. Hadi Adegbite,SF,2043083,R. Rioja Achiaga,SF,2735493,F. Kayser,SF,2029762,D. Krohnert Moto,SF,0.3,20.0,0.0,0.0,0.0,0.0,0.0,0.0
2509212,7,984927,CASADEMONT ZARAGOZA,AWAY,1975428,C. Alias Bermudez,SF,2125634,J. Garcia Sanchez,SF,2073295,R. Valero Lopez,SF,2704549,K. Soumalia Salif,SF,2207996,M. Auciello Cubells,SF,1.2,73.0,2.0,0.0,2.0,65.8,0.0,65.8
2509212,7,984927,CASADEMONT ZARAGOZA,AWAY,1975428,C. Alias Bermudez,SF,2125634,J. Garcia Sanchez,SF,2704549,K. Soumalia Salif,SF,2073295,R. Valero Lopez,SF,2008960,A. Moreno Valero,SF,1.4,85.0,3.0,5.0,-2.0,84.7,141.2,-56.5
2509212,7,984927,CASADEMONT ZARAGOZA,AWAY,1975428,C. Alias Bermudez,SF,2382801,J. Prieto Alejandre,SF,2125634,J. Garcia Sanchez,SF,2073295,R. Valero Lopez,SF,2207996,M. Auciello Cubells,SF,0.2,12.0,0.0,0.0,0.0,0.0,0.0,0.0
2509212,7,984927,CASADEMONT ZARAGOZA,AWAY,1975428,C. Alias Bermudez,SF,2382801,J. Prieto Alejandre,SF,2125634,J. Garcia Sanchez,SF,2073295,R. Valero Lopez,SF,2704549,K. Soumalia Salif,SF,1.6,96.0,1.0,2.0,-1.0,25.0,50.0,-25.0
2509212,7,984927,CASADEMONT ZARAGOZA,AWAY,1975428,C. Alias Bermudez,SF,2382801,J. Prieto Alejandre,SF,2125634,J. Garcia Sanchez,SF,2704549,K. Soumalia Salif,SF,2008960,A. Moreno Valero,SF,4.9,294.0,7.0,7.0,0.0,57.1,57.1,0.0
2509212,7,984927,CASADEMONT ZARAGOZA,AWAY,1975428,C. Alias Bermudez,SF,2382801,J. Prieto Alejandre,SF,2125634,J. Garcia Sanchez,SF,2704549,K. Soumalia Salif,SF,2084765,C. Iglesias Gracia,SF,2.0,126.0,4.0,2.0,2.0,76.2,38.1,38.1
2509212,7,984927,CASADEMONT ZARAGOZA,AWAY,1975428,C. Alias Bermudez,SF,2382801,J. Prieto Alejandre,SF,2125634,J. Garcia Sanchez,SF,2704549,K. Soumalia Salif,SF,2207996,M. Auciello Cubells,SF,2.9,174.0,4.0,8.0,-4.0,55.2,110.3,-55.2
2509212,7,984927,CASADEMONT ZARAGOZA,AWAY,1975428,C. Alias Bermudez,SF,2382801,J. Prieto Alejandre,SF,2704549,K. Soumalia Salif,SF,2084765,C. Iglesias Gracia,SF,2207996,M. Auciello Cubells,SF,1.9,119.0,3.0,3.0,0.0,60.5,60.5,0.0
2509212,7,984927,CASADEMONT ZARAGOZA,AWAY,1975428,C. Alias Bermudez,SF,2648124,A. Rodriguez Aguila,SF,2073295,R. Valero Lopez,SF,2084765,C. Iglesias Gracia,SF,2008960,A. Moreno Valero,SF,2.4,147.0,8.0,5.0,3.0,130.6,81.6,49.0
2509212,7,984927,CASADEMONT ZARAGOZA,AWAY,1975428,C. Alias Bermudez,SF,2648124,A. Rodriguez Aguila,SF,2125634,J. Garcia Sanchez,SF,2073295,R. Valero Lopez,SF,2008960,A. Moreno Valero,SF,6.5,387.0,11.0,16.0,-5.0,68.2,99.2,-31.0
2509212,7,984927,CASADEMONT ZARAGOZA,AWAY,1975428,C. Alias Bermudez,SF,2648124,A. Rodriguez Aguila,SF,2382801,J. Prieto Alejandre,SF,2073295,R. Valero Lopez,SF,2008960,A. Moreno Valero,SF,1.2,72.0,4.0,0.0,4.0,133.3,0.0,133.3
2509212,7,984927,CASADEMONT ZARAGOZA,AWAY,1975428,C. Alias Bermudez,SF,2648124,A. Rodriguez Aguila,SF,2382801,J. Prieto Alejandre,SF,2084765,C. Iglesias Gracia,SF,2008960,A. Moreno Valero,SF,1.2,75.0,0.0,0.0,0.0,0.0,0.0,0.0
2509212,7,984927,CASADEMONT ZARAGOZA,AWAY,1975428,C. Alias Bermudez,SF,2648124,A. Rodriguez Aguila,SF,2382801,J. Prieto Alejandre,SF,2125634,J. Garcia Sanchez,SF,2073295,R. Valero Lopez,SF,0.8,45.0,0.0,3.0,-3.0,0.0,160.0,-160.0
2509212,7,984927,CASADEMONT ZARAGOZA,AWAY,1975428,C. Alias Bermudez,SF,2648124,A. Rodriguez Aguila,SF,2382801,J. Prieto Alejandre,SF,2125634,J. Garcia Sanchez,SF,2084765,C. Iglesias Gracia,SF,0.8,50.0,2.0,3.0,-1.0,96.0,144.0,-48.0
2509212,7,984927,CASADEMONT ZARAGOZA,AWAY,1975428,C. Alias Bermudez,SF,2648124,A. Rodriguez Aguila,SF,2382801,J. Prieto Alejandre,SF,2704549,K. Soumalia Salif,SF,2008960,A. Moreno Valero,SF,0.9,53.0,0.0,0.0,0.0,0.0,0.0,0.0
2509212,7,984927,CASADEMONT ZARAGOZA,AWAY,2125634,J. Garcia Sanchez,SF,2073295,R. Valero Lopez,SF,2084765,C. Iglesias Gracia,SF,2704549,K. Soumalia Salif,SF,2207996,M. Auciello Cubells,SF,0.7,41.0,0.0,2.0,-2.0,0.0,117.1,-117.1
2509212,7,984927,CASADEMONT ZARAGOZA,AWAY,2382801,J. Prieto Alejandre,SF,2125634,J. Garcia Sanchez,SF,2704549,K. Soumalia Salif,SF,2008960,A. Moreno Valero,SF,2207996,M. Auciello Cubells,SF,1.2,72.0,0.0,3.0,-3.0,0.0,100.0,-100.0
2509212,7,984927,CASADEMONT ZARAGOZA,AWAY,2382801,J. Prieto Alejandre,SF,2125634,J. Garcia Sanchez,SF,2704549,K. Soumalia Salif,SF,2073295,R. Valero Lopez,SF,2008960,A. Moreno Valero,SF,0.6,36.0,2.0,2.0,0.0,133.3,133.3,0.0
2509212,7,984927,CASADEMONT ZARAGOZA,AWAY,2382801,J. Prieto Alejandre,SF,2125634,J. Garcia Sanchez,SF,2704549,K. Soumalia Salif,SF,2073295,R. Valero Lopez,SF,2207996,M. Auciello Cubells,SF,0.9,54.0,0.0,0.0,0.0,0.0,0.0,0.0
2509212,7,984927,CASADEMONT ZARAGOZA,AWAY,2648124,A. Rodriguez Aguila,SF,2382801,J. Prieto Alejandre,SF,2073295,R. Valero Lopez,SF,2008960,A. Moreno Valero,SF,2207996,M. Auciello Cubells,SF,0.3,20.0,0.0,0.0,0.0,0.0,0.0,0.0
2509212,7,984927,CASADEMONT ZARAGOZA,AWAY,2648124,A. Rodriguez Aguila,SF,2382801,J. Prieto Alejandre,SF,2125634,J. Garcia Sanchez,SF,2073295,R. Valero Lopez,SF,2008960,A. Moreno Valero,SF,2.8,168.0,8.0,8.0,0.0,114.3,114.3,0.0
2509212,7,984927,CASADEMONT ZARAGOZA,AWAY,2648124,A. Rodriguez Aguila,SF,2382801,J. Prieto Alejandre,SF,2125634,J. Garcia Sanchez,SF,2073295,R. Valero Lopez,SF,2084765,C. Iglesias Gracia,SF,0.7,44.0,0.0,0.0,0.0,0.0,0.0,0.0
2509212,7,984927,CASADEMONT ZARAGOZA,AWAY,2648124,A. Rodriguez Aguila,SF,2382801,J. Prieto Alejandre,SF,2125634,J. Garcia Sanchez,SF,2704549,K. Soumalia Salif,SF,2084765,C. Iglesias Gracia,SF,1.6,93.0,0.0,7.0,-7.0,0.0,180.6,-180.6
2509212,7,984927,CASADEMONT ZARAGOZA,AWAY,2648124,A. Rodriguez Aguila,SF,2382801,J. Prieto Alejandre,SF,2704549,K. Soumalia Salif,SF,2073295,R. Valero Lopez,SF,2008960,A. Moreno Valero,SF,1.1,64.0,1.0,2.0,-1.0,37.5,75.0,-37.5
2509213,7,984926,FUNDACIÓN CB CANARIAS,HOME,1856308,D. Acosta Moliné,SF,2044955,X. Lopez Rodriguez,SF,2444602,L. Riga,SF,2007163,D. Fernandez Trujillo,SF,2470375,M. Sangare,SF,11.0,663.0,34.0,30.0,4.0,123.1,108.6,14.5
2509213,7,984926,FUNDACIÓN CB CANARIAS,HOME,1856308,D. Acosta Moliné,SF,2044955,X. Lopez Rodriguez,SF,2444602,L. Riga,SF,2137337,A. Perez Lopez,SF,2007163,D. Fernandez Trujillo,SF,3.0,183.0,4.0,9.0,-5.0,52.5,118.0,-65.6
2509213,7,984926,FUNDACIÓN CB CANARIAS,HOME,1856308,D. Acosta Moliné,SF,2044955,X. Lopez Rodriguez,SF,2444602,L. Riga,SF,2137337,A. Perez Lopez,SF,2470375,M. Sangare,SF,1.1,64.0,5.0,4.0,1.0,187.5,150.0,37.5
2509213,7,984926,FUNDACIÓN CB CANARIAS,HOME,1856308,D. Acosta Moliné,SF,2044955,X. Lopez Rodriguez,SF,2444602,L. Riga,SF,2229563,H. Dorta Perez,SF,2470375,M. Sangare,SF,1.9,119.0,2.0,4.0,-2.0,40.3,80.7,-40.3
2509213,7,984926,FUNDACIÓN CB CANARIAS,HOME,2362551,E. Lima Teixeira,SF,1856308,D. Acosta Moliné,SF,2044955,X. Lopez Rodriguez,SF,2444602,L. Riga,SF,2007163,D. Fernandez Trujillo,SF,2.9,180.0,7.0,5.0,2.0,93.3,66.7,26.7
2509213,7,984926,FUNDACIÓN CB CANARIAS,HOME,2362551,E. Lima Teixeira,SF,1856308,D. Acosta Moliné,SF,2044955,X. Lopez Rodriguez,SF,2444602,L. Riga,SF,2137337,A. Perez Lopez,SF,2.5,147.0,4.0,12.0,-8.0,65.3,195.9,-130.6
2509213,7,984926,FUNDACIÓN CB CANARIAS,HOME,2362551,E. Lima Teixeira,SF,1856308,D. Acosta Moliné,SF,2044955,X. Lopez Rodriguez,SF,2444602,L. Riga,SF,2229563,H. Dorta Perez,SF,1.1,66.0,2.0,6.0,-4.0,72.7,218.2,-145.5
2509213,7,984926,FUNDACIÓN CB CANARIAS,HOME,2362551,E. Lima Teixeira,SF,1856308,D. Acosta Moliné,SF,2444602,L. Riga,SF,2137337,A. Perez Lopez,SF,2007163,D. Fernandez Trujillo,SF,2.2,128.0,4.0,1.0,3.0,75.0,18.8,56.2
2509213,7,984926,FUNDACIÓN CB CANARIAS,HOME,2362551,E. Lima Teixeira,SF,1856308,D. Acosta Moliné,SF,2444602,L. Riga,SF,2229563,H. Dorta Perez,SF,2007163,D. Fernandez Trujillo,SF,1.3,76.0,0.0,5.0,-5.0,0.0,157.9,-157.9
2509213,7,984926,FUNDACIÓN CB CANARIAS,HOME,2476064,B. Lipasi Yitu,SF,1856308,D. Acosta Moliné,SF,2044955,X. Lopez Rodriguez,SF,2137337,A. Perez Lopez,SF,2007163,D. Fernandez Trujillo,SF,3.9,239.0,13.0,11.0,2.0,130.5,110.5,20.1
2509213,7,984926,FUNDACIÓN CB CANARIAS,HOME,2476064,B. Lipasi Yitu,SF,1856308,D. Acosta Moliné,SF,2044955,X. Lopez Rodriguez,SF,2444602,L. Riga,SF,2007163,D. Fernandez Trujillo,SF,1.9,110.0,6.0,7.0,-1.0,130.9,152.7,-21.8
2509213,7,984926,FUNDACIÓN CB CANARIAS,HOME,2476064,B. Lipasi Yitu,SF,1856308,D. Acosta Moliné,SF,2044955,X. Lopez Rodriguez,SF,2444602,L. Riga,SF,2137337,A. Perez Lopez,SF,3.9,237.0,11.0,6.0,5.0,111.4,60.8,50.6
2509213,7,984926,FUNDACIÓN CB CANARIAS,HOME,2476064,B. Lipasi Yitu,SF,2362551,E. Lima Teixeira,SF,1856308,D. Acosta Moliné,SF,2044955,X. Lopez Rodriguez,SF,2444602,L. Riga,SF,0.7,40.0,0.0,0.0,0.0,0.0,0.0,0.0
2509213,7,984926,FUNDACIÓN CB CANARIAS,HOME,2476064,B. Lipasi Yitu,SF,2362551,E. Lima Teixeira,SF,1856308,D. Acosta Moliné,SF,2444602,L. Riga,SF,2137337,A. Perez Lopez,SF,1.1,65.0,0.0,2.0,-2.0,0.0,73.8,-73.8
2509213,7,984926,FUNDACIÓN CB CANARIAS,HOME,2476064,B. Lipasi Yitu,SF,2362551,E. Lima Teixeira,SF,2819094,P. Bilous,SF,1856308,D. Acosta Moliné,SF,2044955,X. Lopez Rodriguez,SF,0.3,17.0,2.0,0.0,2.0,282.4,0.0,282.4
2509213,7,984926,FUNDACIÓN CB CANARIAS,HOME,2476064,B. Lipasi Yitu,SF,2819094,P. Bilous,SF,1856308,D. Acosta Moliné,SF,2044955,X. Lopez Rodriguez,SF,2137337,A. Perez Lopez,SF,1.1,66.0,5.0,2.0,3.0,181.8,72.7,109.1
2509213,7,984928,BARÇA ATLÈTIC,AWAY,2166517,D. Gonzalez Castro,SF,2642481,M. Dabone,SF,2218824,O. Filba Gonzalez,SF,2641337,J. Boumtje Boumtje,SF,2642172,J. Siftar,SF,2.4,142.0,5.0,6.0,-1.0,84.5,101.4,-16.9
2509213,7,984928,BARÇA ATLÈTIC,AWAY,2166517,D. Gonzalez Castro,SF,2642481,M. Dabone,SF,2218824,O. Filba Gonzalez,SF,2641337,J. Boumtje Boumtje,SF,2646614,N. Kusturica,SF,1.8,109.0,6.0,7.0,-1.0,132.1,154.1,-22.0
2509213,7,984928,BARÇA ATLÈTIC,AWAY,2166517,D. Gonzalez Castro,SF,2642481,M. Dabone,SF,2561463,D. Ferreras Camarero,SF,2218824,O. Filba Gonzalez,SF,2641337,J. Boumtje Boumtje,SF,3.8,230.0,14.0,10.0,4.0,146.1,104.3,41.7
2509213,7,984928,BARÇA ATLÈTIC,AWAY,2166517,D. Gonzalez Castro,SF,2642481,M. Dabone,SF,2561463,D. Ferreras Camarero,SF,2646614,N. Kusturica,SF,2082056,N. Poza Cervantes,SF,2.2,136.0,7.0,4.0,3.0,123.5,70.6,52.9
2509213,7,984928,BARÇA ATLÈTIC,AWAY,2166517,D. Gonzalez Castro,SF,2642481,M. Dabone,SF,2641337,J. Boumtje Boumtje,SF,2646614,N. Kusturica,SF,2082056,N. Poza Cervantes,SF,0.4,26.0,2.0,0.0,2.0,184.6,0.0,184.6
2509213,7,984928,BARÇA ATLÈTIC,AWAY,2166517,D. Gonzalez Castro,SF,2642482,A. Kone,SF,2218824,O. Filba Gonzalez,SF,2641337,J. Boumtje Boumtje,SF,2642172,J. Siftar,SF,2.9,173.0,10.0,9.0,1.0,138.7,124.9,13.9
2509213,7,984928,BARÇA ATLÈTIC,AWAY,2166517,D. Gonzalez Castro,SF,2642482,A. Kone,SF,2218824,O. Filba Gonzalez,SF,2641337,J. Boumtje Boumtje,SF,2646614,N. Kusturica,SF,1.0,59.0,3.0,5.0,-2.0,122.0,203.4,-81.4
2509213,7,984928,BARÇA ATLÈTIC,AWAY,2166517,D. Gonzalez Castro,SF,2642482,A. Kone,SF,2256034,J. Cerdan Palacios,SF,2218824,O. Filba Gonzalez,SF,2641337,J. Boumtje Boumtje,SF,2.5,149.0,7.0,3.0,4.0,112.8,48.3,64.4
2509213,7,984928,BARÇA ATLÈTIC,AWAY,2166517,D. Gonzalez Castro,SF,2642482,A. Kone,SF,2641337,J. Boumtje Boumtje,SF,2646614,N. Kusturica,SF,2082056,N. Poza Cervantes,SF,0.7,39.0,0.0,2.0,-2.0,0.0,123.1,-123.1
2509213,7,984928,BARÇA ATLÈTIC,AWAY,2166517,D. Gonzalez Castro,SF,2642482,A. Kone,SF,2647995,M. Keita,SF,2256034,J. Cerdan Palacios,SF,2082056,N. Poza Cervantes,SF,1.1,66.0,6.0,2.0,4.0,218.2,72.7,145.5
2509213,7,984928,BARÇA ATLÈTIC,AWAY,2166517,D. Gonzalez Castro,SF,2642482,A. Kone,SF,2647995,M. Keita,SF,2561463,D. Ferreras Camarero,SF,2218824,O. Filba Gonzalez,SF,2.6,155.0,7.0,7.0,0.0,108.4,108.4,0.0
2509213,7,984928,BARÇA ATLÈTIC,AWAY,2642481,M. Dabone,SF,2256034,J. Cerdan Palacios,SF,2641337,J. Boumtje Boumtje,SF,2561463,D. Ferreras Camarero,SF,2082056,N. Poza Cervantes,SF,3.9,231.0,7.0,7.0,0.0,72.7,72.7,0.0
2509213,7,984928,BARÇA ATLÈTIC,AWAY,2642481,M. Dabone,SF,2256034,J. Cerdan Palacios,SF,2641337,J. Boumtje Boumtje,SF,2646614,N. Kusturica,SF,2082056,N. Poza Cervantes,SF,0.1,5.0,3.0,0.0,3.0,1440.0,0.0,1440.0
2509213,7,984928,BARÇA ATLÈTIC,AWAY,2642481,M. Dabone,SF,2561463,D. Ferreras Camarero,SF,2641337,J. Boumtje Boumtje,SF,2646614,N. Kusturica,SF,2082056,N. Poza Cervantes,SF,0.6,37.0,0.0,5.0,-5.0,0.0,324.3,-324.3
2509213,7,984928,BARÇA ATLÈTIC,AWAY,2642481,M. Dabone,SF,2641337,J. Boumtje Boumtje,SF,2646614,N. Kusturica,SF,2082056,N. Poza Cervantes,SF,2642172,J. Siftar,SF,2.8,169.0,2.0,6.0,-4.0,28.4,85.2,-56.8
2509213,7,984928,BARÇA ATLÈTIC,AWAY,2642481,M. Dabone,SF,2647995,M. Keita,SF,2646614,N. Kusturica,SF,2082056,N. Poza Cervantes,SF,2642172,J. Siftar,SF,0.3,16.0,1.0,0.0,1.0,150.0,0.0,150.0
2509213,7,984928,BARÇA ATLÈTIC,AWAY,2642482,A. Kone,SF,2561463,D. Ferreras Camarero,SF,2641337,J. Boumtje Boumtje,SF,2646614,N. Kusturica,SF,2082056,N. Poza Cervantes,SF,0.4,22.0,0.0,3.0,-3.0,0.0,327.3,-327.3
2509213,7,984928,BARÇA ATLÈTIC,AWAY,2642482,A. Kone,SF,2641337,J. Boumtje Boumtje,SF,2646614,N. Kusturica,SF,2082056,N. Poza Cervantes,SF,2642172,J. Siftar,SF,1.2,74.0,3.0,0.0,3.0,97.3,0.0,97.3
2509213,7,984928,BARÇA ATLÈTIC,AWAY,2642482,A. Kone,SF,2647995,M. Keita,SF,2256034,J. Cerdan Palacios,SF,2561463,D. Ferreras Camarero,SF,2082056,N. Poza Cervantes,SF,0.8,50.0,2.0,2.0,0.0,96.0,96.0,0.0
2509213,7,984928,BARÇA ATLÈTIC,AWAY,2642482,A. Kone,SF,2647995,M. Keita,SF,2561463,D. Ferreras Camarero,SF,2646614,N. Kusturica,SF,2082056,N. Poza Cervantes,SF,3.4,207.0,9.0,7.0,2.0,104.3,81.2,23.2
2509213,7,984928,BARÇA ATLÈTIC,AWAY,2642482,A. Kone,SF,2647995,M. Keita,SF,2646614,N. Kusturica,SF,2082056,N. Poza Cervantes,SF,2642172,J. Siftar,SF,1.3,77.0,1.0,2.0,-1.0,31.2,62.3,-31.2
2509213,7,984928,BARÇA ATLÈTIC,AWAY,2647995,M. Keita,SF,2646614,N. Kusturica,SF,2561463,D. Ferreras Camarero,SF,2082056,N. Poza Cervantes,SF,2642481,M. Dabone,SF,3.7,228.0,9.0,12.0,-3.0,94.7,126.3,-31.6
2509214,7,984923,GRAN CANARIA,HOME,2173751,J. Castro Estévez,SF,2441048,E. Heinonen,SF,1885980,F. Díaz Herrera,SF,2044256,J. Arteaga Giner,SF,2834161,W. Tsafack,SF,6.4,384.0,15.0,5.0,10.0,93.8,31.2,62.5
2509214,7,984923,GRAN CANARIA,HOME,2173751,J. Castro Estévez,SF,2441048,E. Heinonen,SF,2044256,J. Arteaga Giner,SF,2834161,W. Tsafack,SF,2760153,C. Mbengue,SF,4.1,242.0,11.0,14.0,-3.0,109.1,138.8,-29.8
2509214,7,984923,GRAN CANARIA,HOME,2173751,J. Castro Estévez,SF,2441048,E. Heinonen,SF,2827856,B. González Ramírez,SF,2044256,J. Arteaga Giner,SF,2834161,W. Tsafack,SF,2.4,144.0,2.0,3.0,-1.0,33.3,50.0,-16.7
2509214,7,984923,GRAN CANARIA,HOME,2441048,E. Heinonen,SF,1885980,F. Díaz Herrera,SF,2044256,J. Arteaga Giner,SF,2834161,W. Tsafack,SF,2087418,G. Baez Pierson,SF,0.2,12.0,0.0,0.0,0.0,0.0,0.0,0.0
2509214,7,984923,GRAN CANARIA,HOME,2441048,E. Heinonen,SF,1885980,F. Díaz Herrera,SF,2044256,J. Arteaga Giner,SF,2834161,W. Tsafack,SF,2563387,M. Coulibaly,SF,3.8,225.0,4.0,9.0,-5.0,42.7,96.0,-53.3
2509214,7,984923,GRAN CANARIA,HOME,2441048,E. Heinonen,SF,1885980,F. Díaz Herrera,SF,2044256,J. Arteaga Giner,SF,2834161,W. Tsafack,SF,2760153,C. Mbengue,SF,1.0,61.0,3.0,0.0,3.0,118.0,0.0,118.0
2509214,7,984923,GRAN CANARIA,HOME,2441048,E. Heinonen,SF,2279529,H. Díaz Guillén,SF,1885980,F. Díaz Herrera,SF,2044256,J. Arteaga Giner,SF,2177916,P. Pasqua Amat,SF,3.0,181.0,3.0,7.0,-4.0,39.8,92.8,-53.0
2509214,7,984923,GRAN CANARIA,HOME,2441048,E. Heinonen,SF,2279529,H. Díaz Guillén,SF,2827856,B. González Ramírez,SF,2044256,J. Arteaga Giner,SF,2177916,P. Pasqua Amat,SF,1.8,111.0,2.0,5.0,-3.0,43.2,108.1,-64.9
2509214,7,984923,GRAN CANARIA,HOME,2441048,E. Heinonen,SF,2827856,B. González Ramírez,SF,2044256,J. Arteaga Giner,SF,2834161,W. Tsafack,SF,2760153,C. Mbengue,SF,10.4,627.0,26.0,19.0,7.0,99.5,72.7,26.8
2509214,7,984923,GRAN CANARIA,HOME,2834161,W. Tsafack,SF,2441048,E. Heinonen,SF,2087418,G. Baez Pierson,SF,2563387,M. Coulibaly,SF,2827856,B. González Ramírez,SF,2.2,133.0,7.0,2.0,5.0,126.3,36.1,90.2
2509214,7,984923,GRAN CANARIA,HOME,2834161,W. Tsafack,SF,2441048,E. Heinonen,SF,2760153,C. Mbengue,SF,2087418,G. Baez Pierson,SF,2827856,B. González Ramírez,SF,4.7,280.0,9.0,10.0,-1.0,77.1,85.7,-8.6
2509214,7,984929,JOVENTUT BADALONA,AWAY,1943849,F. Mauri Guillen,SF,2081709,E. Del Castillo Lindo,SF,2156562,R. Torras Ferrer,SF,2535717,K. Macías Book,SF,2528952,D. Niebla Santos,SF,0.6,33.0,6.0,0.0,6.0,436.4,0.0,436.4
2509214,7,984929,JOVENTUT BADALONA,AWAY,1943849,F. Mauri Guillen,SF,2081709,E. Del Castillo Lindo,SF,2241509,H. Ruiz Zamorano,SF,2535717,K. Macías Book,SF,2528952,D. Niebla Santos,SF,0.5,32.0,0.0,0.0,0.0,0.0,0.0,0.0
2509214,7,984929,JOVENTUT BADALONA,AWAY,1943849,F. Mauri Guillen,SF,2081709,E. Del Castillo Lindo,SF,2641899,G. Graae Barbosa,SF,2535717,K. Macías Book,SF,2528952,D. Niebla Santos,SF,1.1,66.0,2.0,3.0,-1.0,72.7,109.1,-36.4
2509214,7,984929,JOVENTUT BADALONA,AWAY,1943849,F. Mauri Guillen,SF,2081709,E. Del Castillo Lindo,SF,2641899,G. Graae Barbosa,SF,2845979,M. Buben,SF,2528952,D. Niebla Santos,SF,2.6,155.0,1.0,5.0,-4.0,15.5,77.4,-61.9
2509214,7,984929,JOVENTUT BADALONA,AWAY,1943849,F. Mauri Guillen,SF,2081709,E. Del Castillo Lindo,SF,2845979,M. Buben,SF,2241509,H. Ruiz Zamorano,SF,2528952,D. Niebla Santos,SF,0.1,7.0,0.0,0.0,0.0,0.0,0.0,0.0
2509214,7,984929,JOVENTUT BADALONA,AWAY,1943849,F. Mauri Guillen,SF,2081709,E. Del Castillo Lindo,SF,2845979,M. Buben,SF,2241509,H. Ruiz Zamorano,SF,2535717,K. Macías Book,SF,1.7,101.0,5.0,7.0,-2.0,118.8,166.3,-47.5
2509214,7,984929,JOVENTUT BADALONA,AWAY,1943849,F. Mauri Guillen,SF,2081709,E. Del Castillo Lindo,SF,2845979,M. Buben,SF,2535717,K. Macías Book,SF,2528952,D. Niebla Santos,SF,10.7,638.0,16.0,21.0,-5.0,60.2,79.0,-18.8
2509214,7,984929,JOVENTUT BADALONA,AWAY,1943849,F. Mauri Guillen,SF,2081709,E. Del Castillo Lindo,SF,2845979,M. Buben,SF,2641899,G. Graae Barbosa,SF,2528952,D. Niebla Santos,SF,2.2,133.0,2.0,7.0,-5.0,36.1,126.3,-90.2
2509214,7,984929,JOVENTUT BADALONA,AWAY,2081017,M. Julia Del Pozo,SF,1943849,F. Mauri Guillen,SF,2081709,E. Del Castillo Lindo,SF,2535717,K. Macías Book,SF,2528952,D. Niebla Santos,SF,2.4,142.0,7.0,9.0,-2.0,118.3,152.1,-33.8
2509214,7,984929,JOVENTUT BADALONA,AWAY,2081017,M. Julia Del Pozo,SF,1943849,F. Mauri Guillen,SF,2081709,E. Del Castillo Lindo,SF,2641899,G. Graae Barbosa,SF,2535717,K. Macías Book,SF,1.1,65.0,1.0,2.0,-1.0,36.9,73.8,-36.9
2509214,7,984929,JOVENTUT BADALONA,AWAY,2081017,M. Julia Del Pozo,SF,1943849,F. Mauri Guillen,SF,2081709,E. Del Castillo Lindo,SF,2845979,M. Buben,SF,2453512,P. Batlle Sole,SF,2.9,176.0,6.0,8.0,-2.0,81.8,109.1,-27.3
2509214,7,984929,JOVENTUT BADALONA,AWAY,2081017,M. Julia Del Pozo,SF,1943849,F. Mauri Guillen,SF,2081709,E. Del Castillo Lindo,SF,2845979,M. Buben,SF,2535717,K. Macías Book,SF,3.0,180.0,6.0,6.0,0.0,80.0,80.0,0.0
2509214,7,984929,JOVENTUT BADALONA,AWAY,2081017,M. Julia Del Pozo,SF,2081709,E. Del Castillo Lindo,SF,2156562,R. Torras Ferrer,SF,2641899,G. Graae Barbosa,SF,2535717,K. Macías Book,SF,0.4,26.0,0.0,0.0,0.0,0.0,0.0,0.0
2509214,7,984929,JOVENTUT BADALONA,AWAY,2081017,M. Julia Del Pozo,SF,2081709,E. Del Castillo Lindo,SF,2156562,R. Torras Ferrer,SF,2845979,M. Buben,SF,2535717,K. Macías Book,SF,1.7,103.0,3.0,4.0,-1.0,69.9,93.2,-23.3
2509214,7,984929,JOVENTUT BADALONA,AWAY,2081017,M. Julia Del Pozo,SF,2081709,E. Del Castillo Lindo,SF,2641899,G. Graae Barbosa,SF,2241509,H. Ruiz Zamorano,SF,2528952,D. Niebla Santos,SF,3.9,236.0,10.0,4.0,6.0,101.7,40.7,61.0
2509214,7,984929,JOVENTUT BADALONA,AWAY,2081017,M. Julia Del Pozo,SF,2081709,E. Del Castillo Lindo,SF,2845979,M. Buben,SF,2241509,H. Ruiz Zamorano,SF,2535717,K. Macías Book,SF,3.3,197.0,7.0,3.0,4.0,85.3,36.5,48.7
2509214,7,984929,JOVENTUT BADALONA,AWAY,2081017,M. Julia Del Pozo,SF,2081709,E. Del Castillo Lindo,SF,2845979,M. Buben,SF,2535717,K. Macías Book,SF,2528952,D. Niebla Santos,SF,1.1,65.0,0.0,3.0,-3.0,0.0,110.8,-110.8
2509214,7,984929,JOVENTUT BADALONA,AWAY,2081709,E. Del Castillo Lindo,SF,2156562,R. Torras Ferrer,SF,2845979,M. Buben,SF,2535717,K. Macías Book,SF,2528952,D. Niebla Santos,SF,0.6,37.0,2.0,0.0,2.0,129.7,0.0,129.7
2509214,7,984929,JOVENTUT BADALONA,AWAY,2081709,E. Del Castillo Lindo,SF,2845979,M. Buben,SF,2156562,R. Torras Ferrer,SF,2535717,K. Macías Book,SF,2528952,D. Niebla Santos,SF,0.1,8.0,0.0,0.0,0.0,0.0,0.0,0.0
2509215,7,984791,BURGOS GRUPO DE SANTIAGO,AWAY,2610623,L. Krispin,SF,2162563,A. Laso Careaga,SF,2045029,D. Rodriguez Ramos,SF,2103560,A. Reyes Abad,SF,2690845,F. Nuñez,SF,3.2,198.0,0.0,7.0,-7.0,0.0,84.8,-84.8
2509215,7,984791,BURGOS GRUPO DE SANTIAGO,AWAY,2610623,L. Krispin,SF,2162563,A. Laso Careaga,SF,2210291,E. Franco Sanz,SF,2045029,D. Rodriguez Ramos,SF,2690845,F. Nuñez,SF,1.0,61.0,2.0,3.0,-1.0,78.7,118.0,-39.3
2509215,7,984791,BURGOS GRUPO DE SANTIAGO,AWAY,2610623,L. Krispin,SF,2162563,A. Laso Careaga,SF,2661261,R. Rodriguez,SF,2045029,D. Rodriguez Ramos,SF,2103560,A. Reyes Abad,SF,3.9,235.0,8.0,9.0,-1.0,81.7,91.9,-10.2
2509215,7,984791,BURGOS GRUPO DE SANTIAGO,AWAY,2610623,L. Krispin,SF,2162563,A. Laso Careaga,SF,2661261,R. Rodriguez,SF,2045029,D. Rodriguez Ramos,SF,2690845,F. Nuñez,SF,1.7,103.0,0.0,2.0,-2.0,0.0,46.6,-46.6
2509215,7,984791,BURGOS GRUPO DE SANTIAGO,AWAY,2610623,L. Krispin,SF,2162563,A. Laso Careaga,SF,2661261,R. Rodriguez,SF,2210291,E. Franco Sanz,SF,2045029,D. Rodriguez Ramos,SF,0.3,17.0,0.0,0.0,0.0,0.0,0.0,0.0
2509215,7,984791,BURGOS GRUPO DE SANTIAGO,AWAY,2610623,L. Krispin,SF,2535384,M. Bella Cabañas,SF,2162563,A. Laso Careaga,SF,2045029,D. Rodriguez Ramos,SF,2690845,F. Nuñez,SF,6.0,361.0,11.0,20.0,-9.0,73.1,133.0,-59.8
2509215,7,984791,BURGOS GRUPO DE SANTIAGO,AWAY,2610623,L. Krispin,SF,2535384,M. Bella Cabañas,SF,2162563,A. Laso Careaga,SF,2210291,E. Franco Sanz,SF,2690845,F. Nuñez,SF,3.4,201.0,7.0,0.0,7.0,83.6,0.0,83.6
2509215,7,984791,BURGOS GRUPO DE SANTIAGO,AWAY,2610623,L. Krispin,SF,2535384,M. Bella Cabañas,SF,2162563,A. Laso Careaga,SF,2661261,R. Rodriguez,SF,2045029,D. Rodriguez Ramos,SF,0.6,33.0,0.0,1.0,-1.0,0.0,72.7,-72.7
2509215,7,984791,BURGOS GRUPO DE SANTIAGO,AWAY,2610623,L. Krispin,SF,2535384,M. Bella Cabañas,SF,2162563,A. Laso Careaga,SF,2661261,R. Rodriguez,SF,2103560,A. Reyes Abad,SF,1.5,88.0,2.0,10.0,-8.0,54.5,272.7,-218.2
2509215,7,984791,BURGOS GRUPO DE SANTIAGO,AWAY,2610623,L. Krispin,SF,2535384,M. Bella Cabañas,SF,2162563,A. Laso Careaga,SF,2661261,R. Rodriguez,SF,2210291,E. Franco Sanz,SF,4.2,249.0,7.0,8.0,-1.0,67.5,77.1,-9.6
2509215,7,984791,BURGOS GRUPO DE SANTIAGO,AWAY,2610623,L. Krispin,SF,2535384,M. Bella Cabañas,SF,2661261,R. Rodriguez,SF,2045029,D. Rodriguez Ramos,SF,2103560,A. Reyes Abad,SF,4.3,254.0,7.0,9.0,-2.0,66.1,85.0,-18.9
2509215,7,984791,BURGOS GRUPO DE SANTIAGO,AWAY,2610623,L. Krispin,SF,2535384,M. Bella Cabañas,SF,2661261,R. Rodriguez,SF,2045029,D. Rodriguez Ramos,SF,2220551,M. Garcia Varona,SF,3.4,202.0,4.0,3.0,1.0,47.5,35.6,11.9
2509215,7,984791,BURGOS GRUPO DE SANTIAGO,AWAY,2610623,L. Krispin,SF,2535384,M. Bella Cabañas,SF,2661261,R. Rodriguez,SF,2045029,D. Rodriguez Ramos,SF,2690845,F. Nuñez,SF,0.7,44.0,5.0,0.0,5.0,272.7,0.0,272.7
2509215,7,984791,BURGOS GRUPO DE SANTIAGO,AWAY,2610623,L. Krispin,SF,2535384,M. Bella Cabañas,SF,2661261,R. Rodriguez,SF,2103560,A. Reyes Abad,SF,2690845,F. Nuñez,SF,4.6,280.0,18.0,13.0,5.0,154.3,111.4,42.9
2509215,7,984791,BURGOS GRUPO DE SANTIAGO,AWAY,2610623,L. Krispin,SF,2535384,M. Bella Cabañas,SF,2661261,R. Rodriguez,SF,2210291,E. Franco Sanz,SF,2103560,A. Reyes Abad,SF,1.2,74.0,0.0,5.0,-5.0,0.0,162.2,-162.2
2509215,7,984930,BAXI MANRESA,HOME,1959173,M. Rosell Lanza,SF,2150510,J. Pumarola Aguilar,SF,2153495,J. Salo Blaya,SF,2077155,M. Gaspa Ibañez,SF,2815468,S. Lederman,SF,1.3,78.0,3.0,2.0,1.0,92.3,61.5,30.8
2509215,7,984930,BAXI MANRESA,HOME,2295371,G. Ecker Alberti,SF,1959173,M. Rosell Lanza,SF,2150510,J. Pumarola Aguilar,SF,2077155,M. Gaspa Ibañez,SF,2815468,S. Lederman,SF,1.7,103.0,5.0,0.0,5.0,116.5,0.0,116.5
2509215,7,984930,BAXI MANRESA,HOME,2295371,G. Ecker Alberti,SF,2080004,G. Fernandez Gimenez,SF,2153495,J. Salo Blaya,SF,2077155,M. Gaspa Ibañez,SF,2815468,S. Lederman,SF,0.6,34.0,0.0,0.0,0.0,0.0,0.0,0.0
2509215,7,984930,BAXI MANRESA,HOME,2295371,G. Ecker Alberti,SF,2080004,G. Fernandez Gimenez,SF,2738788,L. Bergseng,SF,2077155,M. Gaspa Ibañez,SF,2815468,S. Lederman,SF,1.3,79.0,0.0,5.0,-5.0,0.0,151.9,-151.9
2509215,7,984930,BAXI MANRESA,HOME,2295371,G. Ecker Alberti,SF,2150510,J. Pumarola Aguilar,SF,2145902,F. Torreblanca Catalan,SF,2077155,M. Gaspa Ibañez,SF,2815468,S. Lederman,SF,1.5,95.0,2.0,0.0,2.0,50.5,0.0,50.5
2509215,7,984930,BAXI MANRESA,HOME,2334297,L. Sanchez Fernandez,SF,1959173,M. Rosell Lanza,SF,2081670,G. Naspler Perez,SF,2145902,F. Torreblanca Catalan,SF,2738788,L. Bergseng,SF,0.8,47.0,0.0,0.0,0.0,0.0,0.0,0.0
2509215,7,984930,BAXI MANRESA,HOME,2334297,L. Sanchez Fernandez,SF,1959173,M. Rosell Lanza,SF,2081670,G. Naspler Perez,SF,2153495,J. Salo Blaya,SF,2077155,M. Gaspa Ibañez,SF,1.1,66.0,2.0,2.0,0.0,72.7,72.7,0.0
2509215,7,984930,BAXI MANRESA,HOME,2334297,L. Sanchez Fernandez,SF,1959173,M. Rosell Lanza,SF,2081670,G. Naspler Perez,SF,2738788,L. Bergseng,SF,2077155,M. Gaspa Ibañez,SF,1.7,102.0,2.0,2.0,0.0,47.1,47.1,0.0
2509215,7,984930,BAXI MANRESA,HOME,2334297,L. Sanchez Fernandez,SF,2080004,G. Fernandez Gimenez,SF,2081670,G. Naspler Perez,SF,2145902,F. Torreblanca Catalan,SF,2738788,L. Bergseng,SF,0.2,13.0,1.0,0.0,1.0,184.6,0.0,184.6
2509215,7,984930,BAXI MANRESA,HOME,2334297,L. Sanchez Fernandez,SF,2080004,G. Fernandez Gimenez,SF,2081670,G. Naspler Perez,SF,2153495,J. Salo Blaya,SF,2738788,L. Bergseng,SF,0.3,17.0,0.0,0.0,0.0,0.0,0.0,0.0
2509215,7,984930,BAXI MANRESA,HOME,2334297,L. Sanchez Fernandez,SF,2080004,G. Fernandez Gimenez,SF,2150510,J. Pumarola Aguilar,SF,2081670,G. Naspler Perez,SF,2145902,F. Torreblanca Catalan,SF,0.7,40.0,0.0,2.0,-2.0,0.0,120.0,-120.0
2509215,7,984930,BAXI MANRESA,HOME,2334297,L. Sanchez Fernandez,SF,2080004,G. Fernandez Gimenez,SF,2150510,J. Pumarola Aguilar,SF,2145902,F. Torreblanca Catalan,SF,2081670,G. Naspler Perez,SF,2.4,145.0,10.0,7.0,3.0,165.5,115.9,49.7
2509215,7,984930,BAXI MANRESA,HOME,2334297,L. Sanchez Fernandez,SF,2081670,G. Naspler Perez,SF,2153495,J. Salo Blaya,SF,2738788,L. Bergseng,SF,2077155,M. Gaspa Ibañez,SF,0.6,33.0,0.0,2.0,-2.0,0.0,145.5,-145.5
2509215,7,984930,BAXI MANRESA,HOME,2334297,L. Sanchez Fernandez,SF,2145902,F. Torreblanca Catalan,SF,2738788,L. Bergseng,SF,2077155,M. Gaspa Ibañez,SF,2081670,G. Naspler Perez,SF,2.2,135.0,3.0,11.0,-8.0,53.3,195.6,-142.2
2509215,7,984930,BAXI MANRESA,HOME,2334297,L. Sanchez Fernandez,SF,2150510,J. Pumarola Aguilar,SF,1959173,M. Rosell Lanza,SF,2081670,G. Naspler Perez,SF,2145902,F. Torreblanca Catalan,SF,2.0,119.0,10.0,2.0,8.0,201.7,40.3,161.3
2509215,7,984930,BAXI MANRESA,HOME,2334297,L. Sanchez Fernandez,SF,2150510,J. Pumarola Aguilar,SF,1959173,M. Rosell Lanza,SF,2738788,L. Bergseng,SF,2145902,F. Torreblanca Catalan,SF,0.9,56.0,0.0,4.0,-4.0,0.0,171.4,-171.4
2509215,7,984930,BAXI MANRESA,HOME,2334297,L. Sanchez Fernandez,SF,2150510,J. Pumarola Aguilar,SF,2080004,G. Fernandez Gimenez,SF,2738788,L. Bergseng,SF,2077155,M. Gaspa Ibañez,SF,1.0,59.0,0.0,1.0,-1.0,0.0,40.7,-40.7
2509215,7,984930,BAXI MANRESA,HOME,2334297,L. Sanchez Fernandez,SF,2150510,J. Pumarola Aguilar,SF,2080004,G. Fernandez Gimenez,SF,2738788,L. Bergseng,SF,2145902,F. Torreblanca Catalan,SF,1.3,78.0,4.0,0.0,4.0,123.1,0.0,123.1
2509215,7,984930,BAXI MANRESA,HOME,2334297,L. Sanchez Fernandez,SF,2150510,J. Pumarola Aguilar,SF,2081670,G. Naspler Perez,SF,2153495,J. Salo Blaya,SF,2077155,M. Gaspa Ibañez,SF,2.2,133.0,7.0,2.0,5.0,126.3,36.1,90.2
2509215,7,984930,BAXI MANRESA,HOME,2334297,L. Sanchez Fernandez,SF,2150510,J. Pumarola Aguilar,SF,2081670,G. Naspler Perez,SF,2738788,L. Bergseng,SF,2077155,M. Gaspa Ibañez,SF,3.5,208.0,12.0,5.0,7.0,138.5,57.7,80.8
2509215,7,984930,BAXI MANRESA,HOME,2334297,L. Sanchez Fernandez,SF,2295371,G. Ecker Alberti,SF,2080004,G. Fernandez Gimenez,SF,2150510,J. Pumarola Aguilar,SF,2145902,F. Torreblanca Catalan,SF,0.8,48.0,5.0,0.0,5.0,250.0,0.0,250.0
2509215,7,984930,BAXI MANRESA,HOME,2334297,L. Sanchez Fernandez,SF,2295371,G. Ecker Alberti,SF,2150510,J. Pumarola Aguilar,SF,2145902,F. Torreblanca Catalan,SF,2077155,M. Gaspa Ibañez,SF,0.7,40.0,5.0,2.0,3.0,300.0,120.0,180.0
2509215,7,984930,BAXI MANRESA,HOME,2334297,L. Sanchez Fernandez,SF,2739297,I. Francisco,SF,2081670,G. Naspler Perez,SF,2153495,J. Salo Blaya,SF,2738788,L. Bergseng,SF,0.6,37.0,1.0,3.0,-2.0,64.9,194.6,-129.7
2509215,7,984930,BAXI MANRESA,HOME,2739297,I. Francisco,SF,1959173,M. Rosell Lanza,SF,2080004,G. Fernandez Gimenez,SF,2153495,J. Salo Blaya,SF,2077155,M. Gaspa Ibañez,SF,0.7,43.0,2.0,0.0,2.0,111.6,0.0,111.6
2509215,7,984930,BAXI MANRESA,HOME,2739297,I. Francisco,SF,1959173,M. Rosell Lanza,SF,2081670,G. Naspler Perez,SF,2153495,J. Salo Blaya,SF,2077155,M. Gaspa Ibañez,SF,0.4,24.0,0.0,0.0,0.0,0.0,0.0,0.0
2509215,7,984930,BAXI MANRESA,HOME,2739297,I. Francisco,SF,1959173,M. Rosell Lanza,SF,2150510,J. Pumarola Aguilar,SF,2153495,J. Salo Blaya,SF,2077155,M. Gaspa Ibañez,SF,4.3,257.0,9.0,8.0,1.0,84.0,74.7,9.3
2509215,7,984930,BAXI MANRESA,HOME,2739297,I. Francisco,SF,1959173,M. Rosell Lanza,SF,2150510,J. Pumarola Aguilar,SF,2738788,L. Bergseng,SF,2077155,M. Gaspa Ibañez,SF,0.2,14.0,0.0,0.0,0.0,0.0,0.0,0.0
2509215,7,984930,BAXI MANRESA,HOME,2739297,I. Francisco,SF,1959173,M. Rosell Lanza,SF,2738788,L. Bergseng,SF,2077155,M. Gaspa Ibañez,SF,2081670,G. Naspler Perez,SF,0.5,27.0,0.0,0.0,0.0,0.0,0.0,0.0
2509215,7,984930,BAXI MANRESA,HOME,2739297,I. Francisco,SF,2150510,J. Pumarola Aguilar,SF,1959173,M. Rosell Lanza,SF,2081670,G. Naspler Perez,SF,2077155,M. Gaspa Ibañez,SF,1.7,104.0,7.0,6.0,1.0,161.5,138.5,23.1
2509215,7,984930,BAXI MANRESA,HOME,2739297,I. Francisco,SF,2150510,J. Pumarola Aguilar,SF,2081670,G. Naspler Perez,SF,2153495,J. Salo Blaya,SF,2077155,M. Gaspa Ibañez,SF,2.1,125.0,0.0,5.0,-5.0,0.0,96.0,-96.0
2509215,7,984930,BAXI MANRESA,HOME,2739297,I. Francisco,SF,2295371,G. Ecker Alberti,SF,2150510,J. Pumarola Aguilar,SF,2081670,G. Naspler Perez,SF,2077155,M. Gaspa Ibañez,SF,0.7,41.0,0.0,0.0,0.0,0.0,0.0,0.0
2509216,8,984792,REAL MADRID,AWAY,2094410,H. Alonso Martinez,SF,2122875,I. Almansa Perez,SF,2735493,F. Kayser,SF,2662049,A. Bjelic,SF,2286044,I. Ruperez Nuñez-Morgades,SF,2.1,124.0,4.0,0.0,4.0,77.4,0.0,77.4
2509216,8,984792,REAL MADRID,AWAY,2094410,H. Alonso Martinez,SF,2122875,I. Almansa Perez,SF,2735493,F. Kayser,SF,2817763,E. Amosov,SF,2286044,I. Ruperez Nuñez-Morgades,SF,0.1,4.0,0.0,0.0,0.0,0.0,0.0,0.0
2509216,8,984792,REAL MADRID,AWAY,2094410,H. Alonso Martinez,SF,2122875,I. Almansa Perez,SF,2735493,F. Kayser,SF,2817763,E. Amosov,SF,2662049,A. Bjelic,SF,0.4,25.0,0.0,0.0,0.0,0.0,0.0,0.0
2509216,8,984792,REAL MADRID,AWAY,2094410,H. Alonso Martinez,SF,2122875,I. Almansa Perez,SF,2817763,E. Amosov,SF,2662049,A. Bjelic,SF,2286044,I. Ruperez Nuñez-Morgades,SF,3.2,194.0,7.0,10.0,-3.0,86.6,123.7,-37.1
2509216,8,984792,REAL MADRID,AWAY,2094410,H. Alonso Martinez,SF,2122875,I. Almansa Perez,SF,2817763,E. Amosov,SF,2662049,A. Bjelic,SF,2480762,G. Grinvalds,SF,3.6,221.0,8.0,8.0,0.0,86.9,86.9,0.0
2509216,8,984792,REAL MADRID,AWAY,2094410,H. Alonso Martinez,SF,2122875,I. Almansa Perez,SF,2817763,E. Amosov,SF,2735493,F. Kayser,SF,2286044,I. Ruperez Nuñez-Morgades,SF,0.3,20.0,2.0,0.0,2.0,240.0,0.0,240.0
2509216,8,984792,REAL MADRID,AWAY,2094410,H. Alonso Martinez,SF,2122875,I. Almansa Perez,SF,2817763,E. Amosov,SF,2735493,F. Kayser,SF,2662049,A. Bjelic,SF,8.2,490.0,14.0,10.0,4.0,68.6,49.0,19.6
2509216,8,984792,REAL MADRID,AWAY,2094410,H. Alonso Martinez,SF,2679004,O. Diarra,SF,2122875,I. Almansa Perez,SF,2735493,F. Kayser,SF,2662049,A. Bjelic,SF,3.9,230.0,7.0,4.0,3.0,73.0,41.7,31.3
2509216,8,984792,REAL MADRID,AWAY,2094410,H. Alonso Martinez,SF,2679004,O. Diarra,SF,2122875,I. Almansa Perez,SF,2817763,E. Amosov,SF,2286044,I. Ruperez Nuñez-Morgades,SF,0.8,45.0,3.0,4.0,-1.0,160.0,213.3,-53.3
2509216,8,984792,REAL MADRID,AWAY,2094410,H. Alonso Martinez,SF,2679004,O. Diarra,SF,2122875,I. Almansa Perez,SF,2817763,E. Amosov,SF,2480762,G. Grinvalds,SF,1.5,89.0,4.0,2.0,2.0,107.9,53.9,53.9
2509216,8,984792,REAL MADRID,AWAY,2094410,H. Alonso Martinez,SF,2679004,O. Diarra,SF,2122875,I. Almansa Perez,SF,2817763,E. Amosov,SF,2662049,A. Bjelic,SF,5.9,353.0,9.0,9.0,0.0,61.2,61.2,0.0
2509216,8,984792,REAL MADRID,AWAY,2094410,H. Alonso Martinez,SF,2679004,O. Diarra,SF,2122875,I. Almansa Perez,SF,2817763,E. Amosov,SF,2735493,F. Kayser,SF,1.4,83.0,0.0,4.0,-4.0,0.0,115.7,-115.7
2509216,8,984792,REAL MADRID,AWAY,2094410,H. Alonso Martinez,SF,2679004,O. Diarra,SF,2817763,E. Amosov,SF,2662049,A. Bjelic,SF,2480762,G. Grinvalds,SF,6.7,396.0,15.0,15.0,0.0,90.9,90.9,0.0
2509216,8,984792,REAL MADRID,AWAY,2094410,H. Alonso Martinez,SF,2679004,O. Diarra,SF,2817763,E. Amosov,SF,2735493,F. Kayser,SF,2286044,I. Ruperez Nuñez-Morgades,SF,1.1,71.0,0.0,6.0,-6.0,0.0,202.8,-202.8
2509216,8,984792,REAL MADRID,AWAY,2094410,H. Alonso Martinez,SF,2679004,O. Diarra,SF,2817763,E. Amosov,SF,2735493,F. Kayser,SF,2662049,A. Bjelic,SF,0.9,55.0,3.0,0.0,3.0,130.9,0.0,130.9
2509216,8,984928,BARÇA ATLÈTIC,HOME,2166517,D. Gonzalez Castro,SF,2256034,J. Cerdan Palacios,SF,2218824,O. Filba Gonzalez,SF,2641337,J. Boumtje Boumtje,SF,2642481,M. Dabone,SF,1.5,91.0,6.0,7.0,-1.0,158.2,184.6,-26.4
2509216,8,984928,BARÇA ATLÈTIC,HOME,2166517,D. Gonzalez Castro,SF,2256034,J. Cerdan Palacios,SF,2641337,J. Boumtje Boumtje,SF,2082056,N. Poza Cervantes,SF,2642481,M. Dabone,SF,0.6,34.0,2.0,0.0,2.0,141.2,0.0,141.2
2509216,8,984928,BARÇA ATLÈTIC,HOME,2166517,D. Gonzalez Castro,SF,2550554,S. Keita,SF,2256034,J. Cerdan Palacios,SF,2218824,O. Filba Gonzalez,SF,2641337,J. Boumtje Boumtje,SF,0.6,37.0,0.0,3.0,-3.0,0.0,194.6,-194.6
2509216,8,984928,BARÇA ATLÈTIC,HOME,2166517,D. Gonzalez Castro,SF,2550554,S. Keita,SF,2561463,D. Ferreras Camarero,SF,2641337,J. Boumtje Boumtje,SF,2082056,N. Poza Cervantes,SF,2.8,167.0,10.0,7.0,3.0,143.7,100.6,43.1
2509216,8,984928,BARÇA ATLÈTIC,HOME,2166517,D. Gonzalez Castro,SF,2550554,S. Keita,SF,2641337,J. Boumtje Boumtje,SF,2561463,D. Ferreras Camarero,SF,2082056,N. Poza Cervantes,SF,3.9,233.0,13.0,10.0,3.0,133.9,103.0,30.9
2509216,8,984928,BARÇA ATLÈTIC,HOME,2166517,D. Gonzalez Castro,SF,2550554,S. Keita,SF,2642172,J. Siftar,SF,2082056,N. Poza Cervantes,SF,2642481,M. Dabone,SF,1.6,101.0,3.0,4.0,-1.0,71.3,95.0,-23.8
2509216,8,984928,BARÇA ATLÈTIC,HOME,2166517,D. Gonzalez Castro,SF,2550554,S. Keita,SF,2642172,J. Siftar,SF,2256034,J. Cerdan Palacios,SF,2218824,O. Filba Gonzalez,SF,1.7,102.0,5.0,5.0,0.0,117.6,117.6,0.0
2509216,8,984928,BARÇA ATLÈTIC,HOME,2166517,D. Gonzalez Castro,SF,2550554,S. Keita,SF,2642172,J. Siftar,SF,2647995,M. Keita,SF,2218824,O. Filba Gonzalez,SF,1.4,82.0,0.0,0.0,0.0,0.0,0.0,0.0
2509216,8,984928,BARÇA ATLÈTIC,HOME,2166517,D. Gonzalez Castro,SF,2561463,D. Ferreras Camarero,SF,2641337,J. Boumtje Boumtje,SF,2082056,N. Poza Cervantes,SF,2642481,M. Dabone,SF,5.8,348.0,11.0,5.0,6.0,75.9,34.5,41.4
2509216,8,984928,BARÇA ATLÈTIC,HOME,2166517,D. Gonzalez Castro,SF,2641337,J. Boumtje Boumtje,SF,2561463,D. Ferreras Camarero,SF,2082056,N. Poza Cervantes,SF,2642481,M. Dabone,SF,2.3,137.0,0.0,4.0,-4.0,0.0,70.1,-70.1
2509216,8,984928,BARÇA ATLÈTIC,HOME,2166517,D. Gonzalez Castro,SF,2642172,J. Siftar,SF,2647995,M. Keita,SF,2082056,N. Poza Cervantes,SF,2642481,M. Dabone,SF,1.1,65.0,0.0,1.0,-1.0,0.0,36.9,-36.9
2509216,8,984928,BARÇA ATLÈTIC,HOME,2166517,D. Gonzalez Castro,SF,2642172,J. Siftar,SF,2647995,M. Keita,SF,2218824,O. Filba Gonzalez,SF,2641337,J. Boumtje Boumtje,SF,1.0,59.0,0.0,2.0,-2.0,0.0,81.4,-81.4
2509216,8,984928,BARÇA ATLÈTIC,HOME,2166517,D. Gonzalez Castro,SF,2642172,J. Siftar,SF,2647995,M. Keita,SF,2218824,O. Filba Gonzalez,SF,2642481,M. Dabone,SF,0.9,55.0,0.0,3.0,-3.0,0.0,130.9,-130.9
2509216,8,984928,BARÇA ATLÈTIC,HOME,2166517,D. Gonzalez Castro,SF,2642172,J. Siftar,SF,2647995,M. Keita,SF,2641337,J. Boumtje Boumtje,SF,2082056,N. Poza Cervantes,SF,1.9,112.0,0.0,4.0,-4.0,0.0,85.7,-85.7
2509216,8,984928,BARÇA ATLÈTIC,HOME,2550554,S. Keita,SF,2256034,J. Cerdan Palacios,SF,2641337,J. Boumtje Boumtje,SF,2561463,D. Ferreras Camarero,SF,2082056,N. Poza Cervantes,SF,4.0,233.0,10.0,7.0,3.0,103.0,72.1,30.9
2509216,8,984928,BARÇA ATLÈTIC,HOME,2550554,S. Keita,SF,2642172,J. Siftar,SF,2256034,J. Cerdan Palacios,SF,2641337,J. Boumtje Boumtje,SF,2082056,N. Poza Cervantes,SF,1.6,94.0,2.0,0.0,2.0,51.1,0.0,51.1
2509216,8,984928,BARÇA ATLÈTIC,HOME,2642172,J. Siftar,SF,2256034,J. Cerdan Palacios,SF,2218824,O. Filba Gonzalez,SF,2641337,J. Boumtje Boumtje,SF,2642481,M. Dabone,SF,3.8,231.0,7.0,10.0,-3.0,72.7,103.9,-31.2
2509216,8,984928,BARÇA ATLÈTIC,HOME,2642172,J. Siftar,SF,2561463,D. Ferreras Camarero,SF,2641337,J. Boumtje Boumtje,SF,2082056,N. Poza Cervantes,SF,2642481,M. Dabone,SF,2.8,168.0,0.0,4.0,-4.0,0.0,57.1,-57.1
2509216,8,984928,BARÇA ATLÈTIC,HOME,2642172,J. Siftar,SF,2647995,M. Keita,SF,2256034,J. Cerdan Palacios,SF,2218824,O. Filba Gonzalez,SF,2642481,M. Dabone,SF,0.8,51.0,3.0,0.0,3.0,141.2,0.0,141.2
2509217,8,984926,FUNDACIÓN CB CANARIAS,AWAY,1856308,D. Acosta Moliné,SF,2044955,X. Lopez Rodriguez,SF,2829962,D. Bordón Dri,SF,2007163,D. Fernandez Trujillo,SF,2470375,M. Sangare,SF,1.5,88.0,3.0,4.0,-1.0,81.8,109.1,-27.3
2509217,8,984926,FUNDACIÓN CB CANARIAS,AWAY,1856308,D. Acosta Moliné,SF,2044955,X. Lopez Rodriguez,SF,2829962,D. Bordón Dri,SF,2181003,R. Rodriguez Galvan,SF,2470375,M. Sangare,SF,3.1,184.0,7.0,7.0,0.0,91.3,91.3,0.0
2509217,8,984926,FUNDACIÓN CB CANARIAS,AWAY,1856308,D. Acosta Moliné,SF,2044955,X. Lopez Rodriguez,SF,2829962,D. Bordón Dri,SF,2444602,L. Riga,SF,2007163,D. Fernandez Trujillo,SF,1.0,57.0,0.0,1.0,-1.0,0.0,42.1,-42.1
2509217,8,984926,FUNDACIÓN CB CANARIAS,AWAY,1856308,D. Acosta Moliné,SF,2044955,X. Lopez Rodriguez,SF,2829962,D. Bordón Dri,SF,2444602,L. Riga,SF,2137337,A. Perez Lopez,SF,1.0,61.0,2.0,0.0,2.0,78.7,0.0,78.7
2509217,8,984926,FUNDACIÓN CB CANARIAS,AWAY,1856308,D. Acosta Moliné,SF,2829962,D. Bordón Dri,SF,2044955,X. Lopez Rodriguez,SF,2181003,R. Rodriguez Galvan,SF,2007163,D. Fernandez Trujillo,SF,1.1,65.0,0.0,4.0,-4.0,0.0,147.7,-147.7
2509217,8,984926,FUNDACIÓN CB CANARIAS,AWAY,1856308,D. Acosta Moliné,SF,2829962,D. Bordón Dri,SF,2044955,X. Lopez Rodriguez,SF,2181003,R. Rodriguez Galvan,SF,2470375,M. Sangare,SF,1.9,114.0,2.0,8.0,-6.0,42.1,168.4,-126.3
2509217,8,984926,FUNDACIÓN CB CANARIAS,AWAY,1856308,D. Acosta Moliné,SF,2829962,D. Bordón Dri,SF,2044955,X. Lopez Rodriguez,SF,2444602,L. Riga,SF,2181003,R. Rodriguez Galvan,SF,1.6,94.0,9.0,4.0,5.0,229.8,102.1,127.7
2509217,8,984926,FUNDACIÓN CB CANARIAS,AWAY,1856308,D. Acosta Moliné,SF,2829962,D. Bordón Dri,SF,2044955,X. Lopez Rodriguez,SF,2444602,L. Riga,SF,2470375,M. Sangare,SF,0.1,7.0,0.0,0.0,0.0,0.0,0.0,0.0
2509217,8,984926,FUNDACIÓN CB CANARIAS,AWAY,1856308,D. Acosta Moliné,SF,2829962,D. Bordón Dri,SF,2444602,L. Riga,SF,2181003,R. Rodriguez Galvan,SF,2007163,D. Fernandez Trujillo,SF,0.1,8.0,0.0,0.0,0.0,0.0,0.0,0.0
2509217,8,984926,FUNDACIÓN CB CANARIAS,AWAY,2362551,E. Lima Teixeira,SF,1856308,D. Acosta Moliné,SF,2829962,D. Bordón Dri,SF,2444602,L. Riga,SF,2007163,D. Fernandez Trujillo,SF,1.7,106.0,2.0,2.0,0.0,45.3,45.3,0.0
2509217,8,984926,FUNDACIÓN CB CANARIAS,AWAY,2476064,B. Lipasi Yitu,SF,1856308,D. Acosta Moliné,SF,2044955,X. Lopez Rodriguez,SF,2181003,R. Rodriguez Galvan,SF,2007163,D. Fernandez Trujillo,SF,0.6,37.0,2.0,0.0,2.0,129.7,0.0,129.7
2509217,8,984926,FUNDACIÓN CB CANARIAS,AWAY,2476064,B. Lipasi Yitu,SF,1856308,D. Acosta Moliné,SF,2044955,X. Lopez Rodriguez,SF,2829962,D. Bordón Dri,SF,2444602,L. Riga,SF,0.2,12.0,0.0,2.0,-2.0,0.0,400.0,-400.0
2509217,8,984926,FUNDACIÓN CB CANARIAS,AWAY,2476064,B. Lipasi Yitu,SF,1856308,D. Acosta Moliné,SF,2444602,L. Riga,SF,2181003,R. Rodriguez Galvan,SF,2007163,D. Fernandez Trujillo,SF,1.2,73.0,0.0,2.0,-2.0,0.0,65.8,-65.8
2509217,8,984926,FUNDACIÓN CB CANARIAS,AWAY,2476064,B. Lipasi Yitu,SF,1856308,D. Acosta Moliné,SF,2829962,D. Bordón Dri,SF,2044955,X. Lopez Rodriguez,SF,2007163,D. Fernandez Trujillo,SF,0.3,19.0,0.0,1.0,-1.0,0.0,126.3,-126.3
2509217,8,984926,FUNDACIÓN CB CANARIAS,AWAY,2476064,B. Lipasi Yitu,SF,1856308,D. Acosta Moliné,SF,2829962,D. Bordón Dri,SF,2044955,X. Lopez Rodriguez,SF,2181003,R. Rodriguez Galvan,SF,6.9,413.0,17.0,11.0,6.0,98.8,63.9,34.9
2509217,8,984926,FUNDACIÓN CB CANARIAS,AWAY,2476064,B. Lipasi Yitu,SF,1856308,D. Acosta Moliné,SF,2829962,D. Bordón Dri,SF,2044955,X. Lopez Rodriguez,SF,2444602,L. Riga,SF,2.3,134.0,2.0,5.0,-3.0,35.8,89.6,-53.7
2509217,8,984926,FUNDACIÓN CB CANARIAS,AWAY,2476064,B. Lipasi Yitu,SF,1856308,D. Acosta Moliné,SF,2829962,D. Bordón Dri,SF,2181003,R. Rodriguez Galvan,SF,2007163,D. Fernandez Trujillo,SF,1.1,71.0,3.0,2.0,1.0,101.4,67.6,33.8
2509217,8,984926,FUNDACIÓN CB CANARIAS,AWAY,2476064,B. Lipasi Yitu,SF,2362551,E. Lima Teixeira,SF,1856308,D. Acosta Moliné,SF,2829962,D. Bordón Dri,SF,2044955,X. Lopez Rodriguez,SF,0.6,36.0,2.0,0.0,2.0,133.3,0.0,133.3
2509217,8,984926,FUNDACIÓN CB CANARIAS,AWAY,2734732,E. Prekevicius,SF,2476064,B. Lipasi Yitu,SF,1856308,D. Acosta Moliné,SF,2829962,D. Bordón Dri,SF,2007163,D. Fernandez Trujillo,SF,1.1,69.0,3.0,5.0,-2.0,104.3,173.9,-69.6
2509217,8,984926,FUNDACIÓN CB CANARIAS,AWAY,2829962,D. Bordón Dri,SF,1856308,D. Acosta Moliné,SF,2044955,X. Lopez Rodriguez,SF,2181003,R. Rodriguez Galvan,SF,2470375,M. Sangare,SF,5.8,345.0,14.0,14.0,0.0,97.4,97.4,0.0
2509217,8,984926,FUNDACIÓN CB CANARIAS,AWAY,2829962,D. Bordón Dri,SF,1856308,D. Acosta Moliné,SF,2044955,X. Lopez Rodriguez,SF,2444602,L. Riga,SF,2007163,D. Fernandez Trujillo,SF,3.5,213.0,5.0,9.0,-4.0,56.3,101.4,-45.1
2509217,8,984926,FUNDACIÓN CB CANARIAS,AWAY,2829962,D. Bordón Dri,SF,1856308,D. Acosta Moliné,SF,2044955,X. Lopez Rodriguez,SF,2444602,L. Riga,SF,2137337,A. Perez Lopez,SF,2.4,141.0,7.0,5.0,2.0,119.1,85.1,34.0
2509217,8,984926,FUNDACIÓN CB CANARIAS,AWAY,2829962,D. Bordón Dri,SF,1856308,D. Acosta Moliné,SF,2044955,X. Lopez Rodriguez,SF,2444602,L. Riga,SF,2181003,R. Rodriguez Galvan,SF,0.1,3.0,3.0,0.0,3.0,2400.0,0.0,2400.0
2509217,8,984926,FUNDACIÓN CB CANARIAS,AWAY,2829962,D. Bordón Dri,SF,1856308,D. Acosta Moliné,SF,2444602,L. Riga,SF,2181003,R. Rodriguez Galvan,SF,2007163,D. Fernandez Trujillo,SF,0.8,50.0,0.0,0.0,0.0,0.0,0.0,0.0
2509217,8,984927,CASADEMONT ZARAGOZA,HOME,1975428,C. Alias Bermudez,SF,2008960,A. Moreno Valero,SF,2125634,J. Garcia Sanchez,SF,2340834,Y. Traore,SF,2382632,A. Cativiela Aisa,SF,2.8,167.0,9.0,4.0,5.0,129.3,57.5,71.9
2509217,8,984927,CASADEMONT ZARAGOZA,HOME,1975428,C. Alias Bermudez,SF,2008960,A. Moreno Valero,SF,2125634,J. Garcia Sanchez,SF,2646355,M. Lukic,SF,2340834,Y. Traore,SF,1.0,57.0,1.0,2.0,-1.0,42.1,84.2,-42.1
2509217,8,984927,CASADEMONT ZARAGOZA,HOME,1975428,C. Alias Bermudez,SF,2008960,A. Moreno Valero,SF,2438847,A. Savkov,SF,2125634,J. Garcia Sanchez,SF,2340834,Y. Traore,SF,1.8,106.0,4.0,5.0,-1.0,90.6,113.2,-22.6
2509217,8,984927,CASADEMONT ZARAGOZA,HOME,1975428,C. Alias Bermudez,SF,2008960,A. Moreno Valero,SF,2438847,A. Savkov,SF,2646355,M. Lukic,SF,2340834,Y. Traore,SF,0.8,45.0,0.0,0.0,0.0,0.0,0.0,0.0
2509217,8,984927,CASADEMONT ZARAGOZA,HOME,1975428,C. Alias Bermudez,SF,2125634,J. Garcia Sanchez,SF,2438847,A. Savkov,SF,2008960,A. Moreno Valero,SF,2340834,Y. Traore,SF,1.7,102.0,4.0,4.0,0.0,94.1,94.1,0.0
2509217,8,984927,CASADEMONT ZARAGOZA,HOME,1975428,C. Alias Bermudez,SF,2125634,J. Garcia Sanchez,SF,2438847,A. Savkov,SF,2646355,M. Lukic,SF,2340834,Y. Traore,SF,0.8,50.0,0.0,0.0,0.0,0.0,0.0,0.0
2509217,8,984927,CASADEMONT ZARAGOZA,HOME,1975428,C. Alias Bermudez,SF,2125634,J. Garcia Sanchez,SF,2438847,A. Savkov,SF,2704549,K. Soumalia Salif,SF,2646355,M. Lukic,SF,1.2,73.0,2.0,0.0,2.0,65.8,0.0,65.8
2509217,8,984927,CASADEMONT ZARAGOZA,HOME,1975428,C. Alias Bermudez,SF,2125634,J. Garcia Sanchez,SF,2704549,K. Soumalia Salif,SF,2646355,M. Lukic,SF,2340834,Y. Traore,SF,0.9,53.0,0.0,0.0,0.0,0.0,0.0,0.0
2509217,8,984927,CASADEMONT ZARAGOZA,HOME,1975428,C. Alias Bermudez,SF,2382801,J. Prieto Alejandre,SF,2008960,A. Moreno Valero,SF,2125634,J. Garcia Sanchez,SF,2340834,Y. Traore,SF,0.1,8.0,0.0,0.0,0.0,0.0,0.0,0.0
2509217,8,984927,CASADEMONT ZARAGOZA,HOME,1975428,C. Alias Bermudez,SF,2382801,J. Prieto Alejandre,SF,2008960,A. Moreno Valero,SF,2125634,J. Garcia Sanchez,SF,2438847,A. Savkov,SF,0.5,32.0,0.0,2.0,-2.0,0.0,150.0,-150.0
2509217,8,984927,CASADEMONT ZARAGOZA,HOME,1975428,C. Alias Bermudez,SF,2382801,J. Prieto Alejandre,SF,2438847,A. Savkov,SF,2008960,A. Moreno Valero,SF,2340834,Y. Traore,SF,0.7,39.0,1.0,3.0,-2.0,61.5,184.6,-123.1
2509217,8,984927,CASADEMONT ZARAGOZA,HOME,1975428,C. Alias Bermudez,SF,2648124,A. Rodriguez Aguila,SF,2008960,A. Moreno Valero,SF,2073295,R. Valero Lopez,SF,2646355,M. Lukic,SF,0.8,49.0,0.0,4.0,-4.0,0.0,195.9,-195.9
2509217,8,984927,CASADEMONT ZARAGOZA,HOME,1975428,C. Alias Bermudez,SF,2648124,A. Rodriguez Aguila,SF,2008960,A. Moreno Valero,SF,2125634,J. Garcia Sanchez,SF,2340834,Y. Traore,SF,0.1,7.0,0.0,0.0,0.0,0.0,0.0,0.0
2509217,8,984927,CASADEMONT ZARAGOZA,HOME,1975428,C. Alias Bermudez,SF,2648124,A. Rodriguez Aguila,SF,2008960,A. Moreno Valero,SF,2125634,J. Garcia Sanchez,SF,2382632,A. Cativiela Aisa,SF,0.1,4.0,2.0,2.0,0.0,1200.0,1200.0,0.0
2509217,8,984927,CASADEMONT ZARAGOZA,HOME,1975428,C. Alias Bermudez,SF,2648124,A. Rodriguez Aguila,SF,2008960,A. Moreno Valero,SF,2125634,J. Garcia Sanchez,SF,2438847,A. Savkov,SF,0.8,49.0,0.0,0.0,0.0,0.0,0.0,0.0
2509217,8,984927,CASADEMONT ZARAGOZA,HOME,1975428,C. Alias Bermudez,SF,2648124,A. Rodriguez Aguila,SF,2008960,A. Moreno Valero,SF,2438847,A. Savkov,SF,2340834,Y. Traore,SF,0.2,12.0,2.0,0.0,2.0,400.0,0.0,400.0
2509217,8,984927,CASADEMONT ZARAGOZA,HOME,1975428,C. Alias Bermudez,SF,2648124,A. Rodriguez Aguila,SF,2008960,A. Moreno Valero,SF,2646355,M. Lukic,SF,2340834,Y. Traore,SF,3.1,184.0,7.0,7.0,0.0,91.3,91.3,0.0
2509217,8,984927,CASADEMONT ZARAGOZA,HOME,1975428,C. Alias Bermudez,SF,2648124,A. Rodriguez Aguila,SF,2073295,R. Valero Lopez,SF,2646355,M. Lukic,SF,2382632,A. Cativiela Aisa,SF,0.6,37.0,0.0,2.0,-2.0,0.0,129.7,-129.7
2509217,8,984927,CASADEMONT ZARAGOZA,HOME,1975428,C. Alias Bermudez,SF,2648124,A. Rodriguez Aguila,SF,2125634,J. Garcia Sanchez,SF,2646355,M. Lukic,SF,2340834,Y. Traore,SF,2.8,165.0,8.0,9.0,-1.0,116.4,130.9,-14.5
2509217,8,984927,CASADEMONT ZARAGOZA,HOME,1975428,C. Alias Bermudez,SF,2648124,A. Rodriguez Aguila,SF,2382801,J. Prieto Alejandre,SF,2073295,R. Valero Lopez,SF,2008960,A. Moreno Valero,SF,1.4,80.0,3.0,3.0,0.0,90.0,90.0,0.0
2509217,8,984927,CASADEMONT ZARAGOZA,HOME,1975428,C. Alias Bermudez,SF,2648124,A. Rodriguez Aguila,SF,2438847,A. Savkov,SF,2125634,J. Garcia Sanchez,SF,2340834,Y. Traore,SF,2.9,172.0,10.0,4.0,6.0,139.5,55.8,83.7
2509217,8,984927,CASADEMONT ZARAGOZA,HOME,1975428,C. Alias Bermudez,SF,2704549,K. Soumalia Salif,SF,2125634,J. Garcia Sanchez,SF,2073295,R. Valero Lopez,SF,2646355,M. Lukic,SF,1.5,89.0,3.0,5.0,-2.0,80.9,134.8,-53.9
2509217,8,984927,CASADEMONT ZARAGOZA,HOME,1975428,C. Alias Bermudez,SF,2704549,K. Soumalia Salif,SF,2125634,J. Garcia Sanchez,SF,2438847,A. Savkov,SF,2646355,M. Lukic,SF,1.3,83.0,2.0,5.0,-3.0,57.8,144.6,-86.7
2509217,8,984927,CASADEMONT ZARAGOZA,HOME,2008960,A. Moreno Valero,SF,2125634,J. Garcia Sanchez,SF,2438847,A. Savkov,SF,2340834,Y. Traore,SF,2382632,A. Cativiela Aisa,SF,0.9,52.0,2.0,0.0,2.0,92.3,0.0,92.3
2509217,8,984927,CASADEMONT ZARAGOZA,HOME,2008960,A. Moreno Valero,SF,2438847,A. Savkov,SF,2125634,J. Garcia Sanchez,SF,2340834,Y. Traore,SF,2382632,A. Cativiela Aisa,SF,0.7,43.0,0.0,2.0,-2.0,0.0,111.6,-111.6
2509217,8,984927,CASADEMONT ZARAGOZA,HOME,2008960,A. Moreno Valero,SF,2438847,A. Savkov,SF,2646355,M. Lukic,SF,2340834,Y. Traore,SF,2382632,A. Cativiela Aisa,SF,1.3,77.0,3.0,3.0,0.0,93.5,93.5,0.0
2509217,8,984927,CASADEMONT ZARAGOZA,HOME,2008960,A. Moreno Valero,SF,2704549,K. Soumalia Salif,SF,2125634,J. Garcia Sanchez,SF,2438847,A. Savkov,SF,2382632,A. Cativiela Aisa,SF,0.1,9.0,0.0,0.0,0.0,0.0,0.0,0.0
2509217,8,984927,CASADEMONT ZARAGOZA,HOME,2125634,J. Garcia Sanchez,SF,2704549,K. Soumalia Salif,SF,2646355,M. Lukic,SF,2340834,Y. Traore,SF,2382632,A. Cativiela Aisa,SF,2.1,127.0,6.0,5.0,1.0,113.4,94.5,18.9
2509217,8,984927,CASADEMONT ZARAGOZA,HOME,2648124,A. Rodriguez Aguila,SF,2008960,A. Moreno Valero,SF,2073295,R. Valero Lopez,SF,2646355,M. Lukic,SF,2382632,A. Cativiela Aisa,SF,2.5,151.0,9.0,3.0,6.0,143.0,47.7,95.4
2509217,8,984927,CASADEMONT ZARAGOZA,HOME,2648124,A. Rodriguez Aguila,SF,2008960,A. Moreno Valero,SF,2438847,A. Savkov,SF,2646355,M. Lukic,SF,2340834,Y. Traore,SF,0.9,57.0,2.0,2.0,0.0,84.2,84.2,0.0
2509217,8,984927,CASADEMONT ZARAGOZA,HOME,2648124,A. Rodriguez Aguila,SF,2382801,J. Prieto Alejandre,SF,2073295,R. Valero Lopez,SF,2008960,A. Moreno Valero,SF,2382632,A. Cativiela Aisa,SF,1.1,68.0,4.0,3.0,1.0,141.2,105.9,35.3
2509217,8,984927,CASADEMONT ZARAGOZA,HOME,2648124,A. Rodriguez Aguila,SF,2438847,A. Savkov,SF,2125634,J. Garcia Sanchez,SF,2340834,Y. Traore,SF,2382632,A. Cativiela Aisa,SF,1.4,85.0,0.0,2.0,-2.0,0.0,56.5,-56.5
2509217,8,984927,CASADEMONT ZARAGOZA,HOME,2704549,K. Soumalia Salif,SF,2073295,R. Valero Lopez,SF,2008960,A. Moreno Valero,SF,2438847,A. Savkov,SF,2382632,A. Cativiela Aisa,SF,1.1,68.0,2.0,2.0,0.0,70.6,70.6,0.0
2509218,8,984791,BURGOS GRUPO DE SANTIAGO,AWAY,2610623,L. Krispin,SF,2162563,A. Laso Careaga,SF,2210291,E. Franco Sanz,SF,2045029,D. Rodriguez Ramos,SF,2690845,F. Nuñez,SF,3.5,204.0,14.0,6.0,8.0,164.7,70.6,94.1
2509218,8,984791,BURGOS GRUPO DE SANTIAGO,AWAY,2610623,L. Krispin,SF,2162563,A. Laso Careaga,SF,2661261,R. Rodriguez,SF,2045029,D. Rodriguez Ramos,SF,2436134,A. Traore,SF,2.6,161.0,5.0,0.0,5.0,74.5,0.0,74.5
2509218,8,984791,BURGOS GRUPO DE SANTIAGO,AWAY,2610623,L. Krispin,SF,2162563,A. Laso Careaga,SF,2661261,R. Rodriguez,SF,2210291,E. Franco Sanz,SF,2103560,A. Reyes Abad,SF,3.4,204.0,3.0,7.0,-4.0,35.3,82.4,-47.1
2509218,8,984791,BURGOS GRUPO DE SANTIAGO,AWAY,2610623,L. Krispin,SF,2535384,M. Bella Cabañas,SF,2162563,A. Laso Careaga,SF,2210291,E. Franco Sanz,SF,2045029,D. Rodriguez Ramos,SF,2.3,135.0,2.0,7.0,-5.0,35.6,124.4,-88.9
2509218,8,984791,BURGOS GRUPO DE SANTIAGO,AWAY,2610623,L. Krispin,SF,2535384,M. Bella Cabañas,SF,2162563,A. Laso Careaga,SF,2210291,E. Franco Sanz,SF,2103560,A. Reyes Abad,SF,1.1,66.0,6.0,2.0,4.0,218.2,72.7,145.5
2509218,8,984791,BURGOS GRUPO DE SANTIAGO,AWAY,2610623,L. Krispin,SF,2535384,M. Bella Cabañas,SF,2162563,A. Laso Careaga,SF,2210291,E. Franco Sanz,SF,2690845,F. Nuñez,SF,1.1,64.0,5.0,0.0,5.0,187.5,0.0,187.5
2509218,8,984791,BURGOS GRUPO DE SANTIAGO,AWAY,2610623,L. Krispin,SF,2535384,M. Bella Cabañas,SF,2162563,A. Laso Careaga,SF,2220551,M. Garcia Varona,SF,2436134,A. Traore,SF,1.9,111.0,5.0,5.0,0.0,108.1,108.1,0.0
2509218,8,984791,BURGOS GRUPO DE SANTIAGO,AWAY,2610623,L. Krispin,SF,2535384,M. Bella Cabañas,SF,2162563,A. Laso Careaga,SF,2661261,R. Rodriguez,SF,2045029,D. Rodriguez Ramos,SF,1.7,104.0,3.0,4.0,-1.0,69.2,92.3,-23.1
2509218,8,984791,BURGOS GRUPO DE SANTIAGO,AWAY,2610623,L. Krispin,SF,2535384,M. Bella Cabañas,SF,2162563,A. Laso Careaga,SF,2661261,R. Rodriguez,SF,2103560,A. Reyes Abad,SF,5.8,348.0,7.0,11.0,-4.0,48.3,75.9,-27.6
2509218,8,984791,BURGOS GRUPO DE SANTIAGO,AWAY,2610623,L. Krispin,SF,2535384,M. Bella Cabañas,SF,2210291,E. Franco Sanz,SF,2045029,D. Rodriguez Ramos,SF,2690845,F. Nuñez,SF,1.8,110.0,3.0,2.0,1.0,65.5,43.6,21.8
2509218,8,984791,BURGOS GRUPO DE SANTIAGO,AWAY,2610623,L. Krispin,SF,2535384,M. Bella Cabañas,SF,2661261,R. Rodriguez,SF,2045029,D. Rodriguez Ramos,SF,2436134,A. Traore,SF,1.2,75.0,0.0,0.0,0.0,0.0,0.0,0.0
2509218,8,984791,BURGOS GRUPO DE SANTIAGO,AWAY,2610623,L. Krispin,SF,2535384,M. Bella Cabañas,SF,2661261,R. Rodriguez,SF,2045029,D. Rodriguez Ramos,SF,2690845,F. Nuñez,SF,0.9,55.0,0.0,2.0,-2.0,0.0,87.3,-87.3
2509218,8,984791,BURGOS GRUPO DE SANTIAGO,AWAY,2610623,L. Krispin,SF,2535384,M. Bella Cabañas,SF,2661261,R. Rodriguez,SF,2103560,A. Reyes Abad,SF,2436134,A. Traore,SF,5.7,347.0,15.0,16.0,-1.0,103.7,110.7,-6.9
2509218,8,984791,BURGOS GRUPO DE SANTIAGO,AWAY,2610623,L. Krispin,SF,2535384,M. Bella Cabañas,SF,2661261,R. Rodriguez,SF,2210291,E. Franco Sanz,SF,2103560,A. Reyes Abad,SF,2.1,124.0,6.0,4.0,2.0,116.1,77.4,38.7
2509218,8,984791,BURGOS GRUPO DE SANTIAGO,AWAY,2610623,L. Krispin,SF,2535384,M. Bella Cabañas,SF,2661261,R. Rodriguez,SF,2210291,E. Franco Sanz,SF,2690845,F. Nuñez,SF,0.6,36.0,0.0,0.0,0.0,0.0,0.0,0.0
2509218,8,984791,BURGOS GRUPO DE SANTIAGO,AWAY,2610623,L. Krispin,SF,2535384,M. Bella Cabañas,SF,2661261,R. Rodriguez,SF,2436134,A. Traore,SF,2690845,F. Nuñez,SF,1.3,78.0,2.0,2.0,0.0,61.5,61.5,0.0
2509218,8,984791,BURGOS GRUPO DE SANTIAGO,AWAY,2610623,L. Krispin,SF,2661261,R. Rodriguez,SF,2103560,A. Reyes Abad,SF,2436134,A. Traore,SF,2690845,F. Nuñez,SF,3.0,178.0,13.0,6.0,7.0,175.3,80.9,94.4
2509218,8,984929,JOVENTUT BADALONA,HOME,1943849,F. Mauri Guillen,SF,2023675,A. Torres De La Torre,SF,2081709,E. Del Castillo Lindo,SF,2156562,R. Torras Ferrer,SF,2535717,K. Macías Book,SF,4.9,289.0,14.0,9.0,5.0,116.3,74.7,41.5
2509218,8,984929,JOVENTUT BADALONA,HOME,1943849,F. Mauri Guillen,SF,2023675,A. Torres De La Torre,SF,2081709,E. Del Castillo Lindo,SF,2156562,R. Torras Ferrer,SF,2845979,M. Buben,SF,0.3,17.0,2.0,0.0,2.0,282.4,0.0,282.4
2509218,8,984929,JOVENTUT BADALONA,HOME,1943849,F. Mauri Guillen,SF,2023675,A. Torres De La Torre,SF,2081709,E. Del Castillo Lindo,SF,2241509,H. Ruiz Zamorano,SF,2535717,K. Macías Book,SF,3.4,208.0,4.0,8.0,-4.0,46.2,92.3,-46.2
2509218,8,984929,JOVENTUT BADALONA,HOME,1943849,F. Mauri Guillen,SF,2023675,A. Torres De La Torre,SF,2081709,E. Del Castillo Lindo,SF,2535717,K. Macías Book,SF,2528952,D. Niebla Santos,SF,4.8,289.0,13.0,10.0,3.0,108.0,83.0,24.9
2509218,8,984929,JOVENTUT BADALONA,HOME,1943849,F. Mauri Guillen,SF,2023675,A. Torres De La Torre,SF,2081709,E. Del Castillo Lindo,SF,2845979,M. Buben,SF,2241509,H. Ruiz Zamorano,SF,3.3,202.0,6.0,16.0,-10.0,71.3,190.1,-118.8
2509218,8,984929,JOVENTUT BADALONA,HOME,1943849,F. Mauri Guillen,SF,2023675,A. Torres De La Torre,SF,2081709,E. Del Castillo Lindo,SF,2845979,M. Buben,SF,2528952,D. Niebla Santos,SF,0.4,23.0,0.0,2.0,-2.0,0.0,208.7,-208.7
2509218,8,984929,JOVENTUT BADALONA,HOME,1943849,F. Mauri Guillen,SF,2081709,E. Del Castillo Lindo,SF,2156562,R. Torras Ferrer,SF,2845979,M. Buben,SF,2241509,H. Ruiz Zamorano,SF,2.8,169.0,4.0,7.0,-3.0,56.8,99.4,-42.6
2509218,8,984929,JOVENTUT BADALONA,HOME,2081017,M. Julia Del Pozo,SF,2023675,A. Torres De La Torre,SF,2081709,E. Del Castillo Lindo,SF,2156562,R. Torras Ferrer,SF,2535717,K. Macías Book,SF,0.6,36.0,0.0,0.0,0.0,0.0,0.0,0.0
2509218,8,984929,JOVENTUT BADALONA,HOME,2081017,M. Julia Del Pozo,SF,2023675,A. Torres De La Torre,SF,2081709,E. Del Castillo Lindo,SF,2156562,R. Torras Ferrer,SF,2845979,M. Buben,SF,2.9,175.0,5.0,9.0,-4.0,68.6,123.4,-54.9
2509218,8,984929,JOVENTUT BADALONA,HOME,2081017,M. Julia Del Pozo,SF,2023675,A. Torres De La Torre,SF,2081709,E. Del Castillo Lindo,SF,2241509,H. Ruiz Zamorano,SF,2535717,K. Macías Book,SF,3.1,182.0,4.0,10.0,-6.0,52.7,131.9,-79.1
2509218,8,984929,JOVENTUT BADALONA,HOME,2081017,M. Julia Del Pozo,SF,2023675,A. Torres De La Torre,SF,2081709,E. Del Castillo Lindo,SF,2535717,K. Macías Book,SF,2528952,D. Niebla Santos,SF,6.7,405.0,11.0,7.0,4.0,65.2,41.5,23.7
2509218,8,984929,JOVENTUT BADALONA,HOME,2081017,M. Julia Del Pozo,SF,2023675,A. Torres De La Torre,SF,2081709,E. Del Castillo Lindo,SF,2845979,M. Buben,SF,2241509,H. Ruiz Zamorano,SF,3.8,229.0,6.0,4.0,2.0,62.9,41.9,21.0
2509218,8,984929,JOVENTUT BADALONA,HOME,2081017,M. Julia Del Pozo,SF,2023675,A. Torres De La Torre,SF,2081709,E. Del Castillo Lindo,SF,2845979,M. Buben,SF,2528952,D. Niebla Santos,SF,0.2,13.0,1.0,0.0,1.0,184.6,0.0,184.6
2509218,8,984929,JOVENTUT BADALONA,HOME,2081017,M. Julia Del Pozo,SF,2081709,E. Del Castillo Lindo,SF,2156562,R. Torras Ferrer,SF,2845979,M. Buben,SF,2241509,H. Ruiz Zamorano,SF,2.8,163.0,4.0,7.0,-3.0,58.9,103.1,-44.2
2509219,8,984923,GRAN CANARIA,AWAY,2441048,E. Heinonen,SF,1885980,F. Díaz Herrera,SF,2279529,H. Díaz Guillén,SF,2044256,J. Arteaga Giner,SF,2651631,M. Miteo,SF,4.3,256.0,9.0,7.0,2.0,84.4,65.6,18.8
2509219,8,984923,GRAN CANARIA,AWAY,2441048,E. Heinonen,SF,1885980,F. Díaz Herrera,SF,2279529,H. Díaz Guillén,SF,2044256,J. Arteaga Giner,SF,2760153,C. Mbengue,SF,3.3,198.0,5.0,2.0,3.0,60.6,24.2,36.4
2509219,8,984923,GRAN CANARIA,AWAY,2441048,E. Heinonen,SF,1885980,F. Díaz Herrera,SF,2834161,W. Tsafack,SF,2044256,J. Arteaga Giner,SF,2563387,M. Coulibaly,SF,0.6,36.0,3.0,0.0,3.0,200.0,0.0,200.0
2509219,8,984923,GRAN CANARIA,AWAY,2441048,E. Heinonen,SF,1885980,F. Díaz Herrera,SF,2834161,W. Tsafack,SF,2044256,J. Arteaga Giner,SF,2651631,M. Miteo,SF,1.4,83.0,0.0,2.0,-2.0,0.0,57.8,-57.8
2509219,8,984923,GRAN CANARIA,AWAY,2441048,E. Heinonen,SF,1885980,F. Díaz Herrera,SF,2834161,W. Tsafack,SF,2044256,J. Arteaga Giner,SF,2760153,C. Mbengue,SF,6.0,366.0,8.0,13.0,-5.0,52.5,85.2,-32.8
2509219,8,984923,GRAN CANARIA,AWAY,2441048,E. Heinonen,SF,2279529,H. Díaz Guillén,SF,2044256,J. Arteaga Giner,SF,2651631,M. Miteo,SF,2087418,G. Baez Pierson,SF,1.3,76.0,6.0,0.0,6.0,189.5,0.0,189.5
2509219,8,984923,GRAN CANARIA,AWAY,2441048,E. Heinonen,SF,2279529,H. Díaz Guillén,SF,2044256,J. Arteaga Giner,SF,2760153,C. Mbengue,SF,2087418,G. Baez Pierson,SF,0.8,47.0,5.0,0.0,5.0,255.3,0.0,255.3
2509219,8,984923,GRAN CANARIA,AWAY,2441048,E. Heinonen,SF,2834161,W. Tsafack,SF,2044256,J. Arteaga Giner,SF,2651631,M. Miteo,SF,2087418,G. Baez Pierson,SF,6.1,367.0,16.0,15.0,1.0,104.6,98.1,6.5
2509219,8,984923,GRAN CANARIA,AWAY,2441048,E. Heinonen,SF,2834161,W. Tsafack,SF,2044256,J. Arteaga Giner,SF,2760153,C. Mbengue,SF,2087418,G. Baez Pierson,SF,1.3,79.0,2.0,2.0,0.0,60.8,60.8,0.0
2509219,8,984923,GRAN CANARIA,AWAY,2441048,E. Heinonen,SF,2834161,W. Tsafack,SF,2044256,J. Arteaga Giner,SF,2760153,C. Mbengue,SF,2651631,M. Miteo,SF,0.4,22.0,0.0,0.0,0.0,0.0,0.0,0.0
2509219,8,984923,GRAN CANARIA,AWAY,2441048,E. Heinonen,SF,2834161,W. Tsafack,SF,2044256,J. Arteaga Giner,SF,2760153,C. Mbengue,SF,2827856,B. González Ramírez,SF,6.4,380.0,20.0,14.0,6.0,126.3,88.4,37.9
2509219,8,984923,GRAN CANARIA,AWAY,2834161,W. Tsafack,SF,2441048,E. Heinonen,SF,1885980,F. Díaz Herrera,SF,2044256,J. Arteaga Giner,SF,2651631,M. Miteo,SF,0.8,46.0,2.0,1.0,1.0,104.3,52.2,52.2
2509219,8,984923,GRAN CANARIA,AWAY,2834161,W. Tsafack,SF,2441048,E. Heinonen,SF,1885980,F. Díaz Herrera,SF,2651631,M. Miteo,SF,2827856,B. González Ramírez,SF,3.7,227.0,14.0,5.0,9.0,148.0,52.9,95.2
2509219,8,984923,GRAN CANARIA,AWAY,2834161,W. Tsafack,SF,2441048,E. Heinonen,SF,2760153,C. Mbengue,SF,2087418,G. Baez Pierson,SF,2827856,B. González Ramírez,SF,3.6,217.0,4.0,16.0,-12.0,44.2,177.0,-132.7
2509219,8,984930,BAXI MANRESA,HOME,1959173,M. Rosell Lanza,SF,2738788,L. Bergseng,SF,2153495,J. Salo Blaya,SF,2077155,M. Gaspa Ibañez,SF,2815468,S. Lederman,SF,2.7,158.0,3.0,8.0,-5.0,45.6,121.5,-75.9
2509219,8,984930,BAXI MANRESA,HOME,2295371,G. Ecker Alberti,SF,1959173,M. Rosell Lanza,SF,2738788,L. Bergseng,SF,2077155,M. Gaspa Ibañez,SF,2815468,S. Lederman,SF,1.3,76.0,0.0,6.0,-6.0,0.0,189.5,-189.5
2509219,8,984930,BAXI MANRESA,HOME,2295371,G. Ecker Alberti,SF,2153495,J. Salo Blaya,SF,2815468,S. Lederman,SF,2081670,G. Naspler Perez,SF,2528977,B. Jekabsons,SF,0.4,23.0,0.0,0.0,0.0,0.0,0.0,0.0
2509219,8,984930,BAXI MANRESA,HOME,2334297,L. Sanchez Fernandez,SF,1959173,M. Rosell Lanza,SF,2153495,J. Salo Blaya,SF,2077155,M. Gaspa Ibañez,SF,2528977,B. Jekabsons,SF,0.2,12.0,4.0,0.0,4.0,800.0,0.0,800.0
2509219,8,984930,BAXI MANRESA,HOME,2334297,L. Sanchez Fernandez,SF,1959173,M. Rosell Lanza,SF,2738788,L. Bergseng,SF,2153495,J. Salo Blaya,SF,2077155,M. Gaspa Ibañez,SF,1.1,63.0,2.0,2.0,0.0,76.2,76.2,0.0
2509219,8,984930,BAXI MANRESA,HOME,2334297,L. Sanchez Fernandez,SF,2295371,G. Ecker Alberti,SF,1959173,M. Rosell Lanza,SF,2153495,J. Salo Blaya,SF,2077155,M. Gaspa Ibañez,SF,3.1,186.0,10.0,7.0,3.0,129.0,90.3,38.7
2509219,8,984930,BAXI MANRESA,HOME,2334297,L. Sanchez Fernandez,SF,2295371,G. Ecker Alberti,SF,1959173,M. Rosell Lanza,SF,2153495,J. Salo Blaya,SF,2528977,B. Jekabsons,SF,2.1,129.0,2.0,14.0,-12.0,37.2,260.5,-223.3
2509219,8,984930,BAXI MANRESA,HOME,2334297,L. Sanchez Fernandez,SF,2295371,G. Ecker Alberti,SF,1959173,M. Rosell Lanza,SF,2738788,L. Bergseng,SF,2077155,M. Gaspa Ibañez,SF,2.7,164.0,2.0,7.0,-5.0,29.3,102.4,-73.2
2509219,8,984930,BAXI MANRESA,HOME,2334297,L. Sanchez Fernandez,SF,2295371,G. Ecker Alberti,SF,2153495,J. Salo Blaya,SF,2077155,M. Gaspa Ibañez,SF,2081670,G. Naspler Perez,SF,0.7,40.0,2.0,2.0,0.0,120.0,120.0,0.0
2509219,8,984930,BAXI MANRESA,HOME,2334297,L. Sanchez Fernandez,SF,2295371,G. Ecker Alberti,SF,2153495,J. Salo Blaya,SF,2077155,M. Gaspa Ibañez,SF,2528977,B. Jekabsons,SF,1.3,78.0,2.0,2.0,0.0,61.5,61.5,0.0
2509219,8,984930,BAXI MANRESA,HOME,2334297,L. Sanchez Fernandez,SF,2295371,G. Ecker Alberti,SF,2153495,J. Salo Blaya,SF,2081670,G. Naspler Perez,SF,2528977,B. Jekabsons,SF,5.1,307.0,9.0,9.0,0.0,70.4,70.4,0.0
2509219,8,984930,BAXI MANRESA,HOME,2334297,L. Sanchez Fernandez,SF,2738788,L. Bergseng,SF,2153495,J. Salo Blaya,SF,2077155,M. Gaspa Ibañez,SF,2081670,G. Naspler Perez,SF,1.4,86.0,3.0,2.0,1.0,83.7,55.8,27.9
2509219,8,984930,BAXI MANRESA,HOME,2334297,L. Sanchez Fernandez,SF,2739297,I. Francisco,SF,1959173,M. Rosell Lanza,SF,2738788,L. Bergseng,SF,2081670,G. Naspler Perez,SF,2.7,161.0,4.0,8.0,-4.0,59.6,119.3,-59.6
2509219,8,984930,BAXI MANRESA,HOME,2334297,L. Sanchez Fernandez,SF,2739297,I. Francisco,SF,2738788,L. Bergseng,SF,2153495,J. Salo Blaya,SF,2077155,M. Gaspa Ibañez,SF,1.8,108.0,4.0,7.0,-3.0,88.9,155.6,-66.7
2509219,8,984930,BAXI MANRESA,HOME,2353230,M. Ndiaye,SF,2739297,I. Francisco,SF,1959173,M. Rosell Lanza,SF,2738788,L. Bergseng,SF,2815468,S. Lederman,SF,0.8,46.0,2.0,0.0,2.0,104.3,0.0,104.3
2509219,8,984930,BAXI MANRESA,HOME,2353230,M. Ndiaye,SF,2739297,I. Francisco,SF,2738788,L. Bergseng,SF,2077155,M. Gaspa Ibañez,SF,2528977,B. Jekabsons,SF,0.9,57.0,3.0,2.0,1.0,126.3,84.2,42.1
2509219,8,984930,BAXI MANRESA,HOME,2353230,M. Ndiaye,SF,2739297,I. Francisco,SF,2738788,L. Bergseng,SF,2815468,S. Lederman,SF,2081670,G. Naspler Perez,SF,1.7,104.0,2.0,2.0,0.0,46.2,46.2,0.0
2509219,8,984930,BAXI MANRESA,HOME,2738788,L. Bergseng,SF,2153495,J. Salo Blaya,SF,2077155,M. Gaspa Ibañez,SF,2815468,S. Lederman,SF,2081670,G. Naspler Perez,SF,0.8,48.0,2.0,2.0,0.0,100.0,100.0,0.0
2509219,8,984930,BAXI MANRESA,HOME,2739297,I. Francisco,SF,1959173,M. Rosell Lanza,SF,2738788,L. Bergseng,SF,2077155,M. Gaspa Ibañez,SF,2081670,G. Naspler Perez,SF,6.6,395.0,21.0,9.0,12.0,127.6,54.7,72.9
2509219,8,984930,BAXI MANRESA,HOME,2739297,I. Francisco,SF,1959173,M. Rosell Lanza,SF,2738788,L. Bergseng,SF,2153495,J. Salo Blaya,SF,2077155,M. Gaspa Ibañez,SF,0.3,17.0,0.0,3.0,-3.0,0.0,423.5,-423.5
2509219,8,984930,BAXI MANRESA,HOME,2739297,I. Francisco,SF,2153495,J. Salo Blaya,SF,2738788,L. Bergseng,SF,2815468,S. Lederman,SF,2081670,G. Naspler Perez,SF,1.6,98.0,0.0,2.0,-2.0,0.0,49.0,-49.0
2509219,8,984930,BAXI MANRESA,HOME,2739297,I. Francisco,SF,2295371,G. Ecker Alberti,SF,1959173,M. Rosell Lanza,SF,2738788,L. Bergseng,SF,2077155,M. Gaspa Ibañez,SF,0.7,44.0,0.0,0.0,0.0,0.0,0.0,0.0
2509220,9,984928,BARÇA ATLÈTIC,AWAY,2166517,D. Gonzalez Castro,SF,2256034,J. Cerdan Palacios,SF,2218824,O. Filba Gonzalez,SF,2641337,J. Boumtje Boumtje,SF,2642481,M. Dabone,SF,3.2,193.0,8.0,3.0,5.0,99.5,37.3,62.2
2509220,9,984928,BARÇA ATLÈTIC,AWAY,2166517,D. Gonzalez Castro,SF,2550554,S. Keita,SF,2218824,O. Filba Gonzalez,SF,2641337,J. Boumtje Boumtje,SF,2646614,N. Kusturica,SF,1.3,77.0,5.0,3.0,2.0,155.8,93.5,62.3
2509220,9,984928,BARÇA ATLÈTIC,AWAY,2166517,D. Gonzalez Castro,SF,2550554,S. Keita,SF,2256034,J. Cerdan Palacios,SF,2218824,O. Filba Gonzalez,SF,2641337,J. Boumtje Boumtje,SF,4.0,245.0,12.0,8.0,4.0,117.6,78.4,39.2
2509220,9,984928,BARÇA ATLÈTIC,AWAY,2166517,D. Gonzalez Castro,SF,2550554,S. Keita,SF,2647995,M. Keita,SF,2256034,J. Cerdan Palacios,SF,2218824,O. Filba Gonzalez,SF,0.8,51.0,2.0,2.0,0.0,94.1,94.1,0.0
2509220,9,984928,BARÇA ATLÈTIC,AWAY,2166517,D. Gonzalez Castro,SF,2646614,N. Kusturica,SF,2218824,O. Filba Gonzalez,SF,2641337,J. Boumtje Boumtje,SF,2642481,M. Dabone,SF,2.8,170.0,4.0,2.0,2.0,56.5,28.2,28.2
2509220,9,984928,BARÇA ATLÈTIC,AWAY,2166517,D. Gonzalez Castro,SF,2646614,N. Kusturica,SF,2550554,S. Keita,SF,2642481,M. Dabone,SF,2082056,N. Poza Cervantes,SF,3.5,212.0,4.0,5.0,-1.0,45.3,56.6,-11.3
2509220,9,984928,BARÇA ATLÈTIC,AWAY,2166517,D. Gonzalez Castro,SF,2646614,N. Kusturica,SF,2641337,J. Boumtje Boumtje,SF,2642481,M. Dabone,SF,2082056,N. Poza Cervantes,SF,1.1,68.0,0.0,3.0,-3.0,0.0,105.9,-105.9
2509220,9,984928,BARÇA ATLÈTIC,AWAY,2166517,D. Gonzalez Castro,SF,2647995,M. Keita,SF,2218824,O. Filba Gonzalez,SF,2641337,J. Boumtje Boumtje,SF,2561463,D. Ferreras Camarero,SF,0.5,29.0,2.0,2.0,0.0,165.5,165.5,0.0
2509220,9,984928,BARÇA ATLÈTIC,AWAY,2166517,D. Gonzalez Castro,SF,2647995,M. Keita,SF,2218824,O. Filba Gonzalez,SF,2641337,J. Boumtje Boumtje,SF,2646614,N. Kusturica,SF,0.9,55.0,2.0,3.0,-1.0,87.3,130.9,-43.6
2509220,9,984928,BARÇA ATLÈTIC,AWAY,2166517,D. Gonzalez Castro,SF,2647995,M. Keita,SF,2256034,J. Cerdan Palacios,SF,2218824,O. Filba Gonzalez,SF,2641337,J. Boumtje Boumtje,SF,2.3,138.0,6.0,3.0,3.0,104.3,52.2,52.2
2509220,9,984928,BARÇA ATLÈTIC,AWAY,2550554,S. Keita,SF,2642172,J. Siftar,SF,2641337,J. Boumtje Boumtje,SF,2646614,N. Kusturica,SF,2082056,N. Poza Cervantes,SF,0.3,20.0,2.0,0.0,2.0,240.0,0.0,240.0
2509220,9,984928,BARÇA ATLÈTIC,AWAY,2550554,S. Keita,SF,2642172,J. Siftar,SF,2646614,N. Kusturica,SF,2082056,N. Poza Cervantes,SF,2642481,M. Dabone,SF,4.7,281.0,10.0,11.0,-1.0,85.4,94.0,-8.5
2509220,9,984928,BARÇA ATLÈTIC,AWAY,2550554,S. Keita,SF,2642172,J. Siftar,SF,2647995,M. Keita,SF,2256034,J. Cerdan Palacios,SF,2218824,O. Filba Gonzalez,SF,2.0,120.0,3.0,4.0,-1.0,60.0,80.0,-20.0
2509220,9,984928,BARÇA ATLÈTIC,AWAY,2642172,J. Siftar,SF,2218824,O. Filba Gonzalez,SF,2641337,J. Boumtje Boumtje,SF,2642481,M. Dabone,SF,2561463,D. Ferreras Camarero,SF,0.9,55.0,2.0,2.0,0.0,87.3,87.3,0.0
2509220,9,984928,BARÇA ATLÈTIC,AWAY,2642172,J. Siftar,SF,2647995,M. Keita,SF,2218824,O. Filba Gonzalez,SF,2641337,J. Boumtje Boumtje,SF,2561463,D. Ferreras Camarero,SF,0.9,54.0,0.0,0.0,0.0,0.0,0.0,0.0
2509220,9,984928,BARÇA ATLÈTIC,AWAY,2646614,N. Kusturica,SF,2550554,S. Keita,SF,2642172,J. Siftar,SF,2642481,M. Dabone,SF,2082056,N. Poza Cervantes,SF,1.2,73.0,3.0,5.0,-2.0,98.6,164.4,-65.8
2509220,9,984928,BARÇA ATLÈTIC,AWAY,2646614,N. Kusturica,SF,2550554,S. Keita,SF,2642172,J. Siftar,SF,2647995,M. Keita,SF,2218824,O. Filba Gonzalez,SF,0.8,48.0,0.0,0.0,0.0,0.0,0.0,0.0
2509220,9,984928,BARÇA ATLÈTIC,AWAY,2646614,N. Kusturica,SF,2561463,D. Ferreras Camarero,SF,2641337,J. Boumtje Boumtje,SF,2642481,M. Dabone,SF,2082056,N. Poza Cervantes,SF,4.2,255.0,10.0,7.0,3.0,94.1,65.9,28.2
2509220,9,984928,BARÇA ATLÈTIC,AWAY,2646614,N. Kusturica,SF,2642172,J. Siftar,SF,2641337,J. Boumtje Boumtje,SF,2642481,M. Dabone,SF,2082056,N. Poza Cervantes,SF,2.3,138.0,4.0,4.0,0.0,69.6,69.6,0.0
2509220,9,984928,BARÇA ATLÈTIC,AWAY,2646614,N. Kusturica,SF,2647995,M. Keita,SF,2561463,D. Ferreras Camarero,SF,2642481,M. Dabone,SF,2082056,N. Poza Cervantes,SF,2.0,118.0,2.0,5.0,-3.0,40.7,101.7,-61.0
2509220,9,984929,JOVENTUT BADALONA,HOME,1943849,F. Mauri Guillen,SF,2023675,A. Torres De La Torre,SF,2081709,E. Del Castillo Lindo,SF,2241509,H. Ruiz Zamorano,SF,2535717,K. Macías Book,SF,7.9,477.0,12.0,16.0,-4.0,60.4,80.5,-20.1
2509220,9,984929,JOVENTUT BADALONA,HOME,1943849,F. Mauri Guillen,SF,2023675,A. Torres De La Torre,SF,2081709,E. Del Castillo Lindo,SF,2535717,K. Macías Book,SF,2528952,D. Niebla Santos,SF,7.8,466.0,14.0,12.0,2.0,72.1,61.8,10.3
2509220,9,984929,JOVENTUT BADALONA,HOME,1943849,F. Mauri Guillen,SF,2023675,A. Torres De La Torre,SF,2081709,E. Del Castillo Lindo,SF,2845979,M. Buben,SF,2241509,H. Ruiz Zamorano,SF,4.1,246.0,11.0,11.0,0.0,107.3,107.3,0.0
2509220,9,984929,JOVENTUT BADALONA,HOME,1943849,F. Mauri Guillen,SF,2023675,A. Torres De La Torre,SF,2081709,E. Del Castillo Lindo,SF,2845979,M. Buben,SF,2528952,D. Niebla Santos,SF,1.1,69.0,3.0,4.0,-1.0,104.3,139.1,-34.8
2509220,9,984929,JOVENTUT BADALONA,HOME,1943849,F. Mauri Guillen,SF,2082268,S. Merebashvili Khutashvili,SF,2081709,E. Del Castillo Lindo,SF,2156562,R. Torras Ferrer,SF,2845979,M. Buben,SF,2.3,140.0,6.0,4.0,2.0,102.9,68.6,34.3
2509220,9,984929,JOVENTUT BADALONA,HOME,1943849,F. Mauri Guillen,SF,2082268,S. Merebashvili Khutashvili,SF,2081709,E. Del Castillo Lindo,SF,2535717,K. Macías Book,SF,2528952,D. Niebla Santos,SF,1.2,73.0,2.0,0.0,2.0,65.8,0.0,65.8
2509220,9,984929,JOVENTUT BADALONA,HOME,1943849,F. Mauri Guillen,SF,2082268,S. Merebashvili Khutashvili,SF,2081709,E. Del Castillo Lindo,SF,2845979,M. Buben,SF,2241509,H. Ruiz Zamorano,SF,2.7,165.0,4.0,6.0,-2.0,58.2,87.3,-29.1
2509220,9,984929,JOVENTUT BADALONA,HOME,1943849,F. Mauri Guillen,SF,2082268,S. Merebashvili Khutashvili,SF,2081709,E. Del Castillo Lindo,SF,2845979,M. Buben,SF,2528952,D. Niebla Santos,SF,4.6,279.0,7.0,14.0,-7.0,60.2,120.4,-60.2
2509220,9,984929,JOVENTUT BADALONA,HOME,2023675,A. Torres De La Torre,SF,2081709,E. Del Castillo Lindo,SF,2156562,R. Torras Ferrer,SF,2241509,H. Ruiz Zamorano,SF,2535717,K. Macías Book,SF,1.1,68.0,0.0,2.0,-2.0,0.0,70.6,-70.6
2509220,9,984929,JOVENTUT BADALONA,HOME,2023675,A. Torres De La Torre,SF,2081709,E. Del Castillo Lindo,SF,2156562,R. Torras Ferrer,SF,2845979,M. Buben,SF,2241509,H. Ruiz Zamorano,SF,1.7,103.0,3.0,3.0,0.0,69.9,69.9,0.0
2509220,9,984929,JOVENTUT BADALONA,HOME,2023675,A. Torres De La Torre,SF,2082268,S. Merebashvili Khutashvili,SF,2081709,E. Del Castillo Lindo,SF,2156562,R. Torras Ferrer,SF,2241509,H. Ruiz Zamorano,SF,2.0,120.0,4.0,3.0,1.0,80.0,60.0,20.0
2509220,9,984929,JOVENTUT BADALONA,HOME,2082268,S. Merebashvili Khutashvili,SF,2081709,E. Del Castillo Lindo,SF,2156562,R. Torras Ferrer,SF,2845979,M. Buben,SF,2241509,H. Ruiz Zamorano,SF,1.9,114.0,2.0,2.0,0.0,42.1,42.1,0.0
2509220,9,984929,JOVENTUT BADALONA,HOME,2082268,S. Merebashvili Khutashvili,SF,2081709,E. Del Castillo Lindo,SF,2156562,R. Torras Ferrer,SF,2845979,M. Buben,SF,2528952,D. Niebla Santos,SF,0.8,51.0,2.0,2.0,0.0,94.1,94.1,0.0
2509220,9,984929,JOVENTUT BADALONA,HOME,2082268,S. Merebashvili Khutashvili,SF,2081709,E. Del Castillo Lindo,SF,2845979,M. Buben,SF,2198044,P. Escuert Martín,SF,2528952,D. Niebla Santos,SF,0.5,29.0,2.0,2.0,0.0,165.5,165.5,0.0
2509221,9,984926,FUNDACIÓN CB CANARIAS,HOME,1856308,D. Acosta Moliné,SF,2044955,X. Lopez Rodriguez,SF,2181003,R. Rodriguez Galvan,SF,2007163,D. Fernandez Trujillo,SF,2470375,M. Sangare,SF,1.4,83.0,5.0,3.0,2.0,144.6,86.7,57.8
2509221,9,984926,FUNDACIÓN CB CANARIAS,HOME,1856308,D. Acosta Moliné,SF,2044955,X. Lopez Rodriguez,SF,2444602,L. Riga,SF,2181003,R. Rodriguez Galvan,SF,2007163,D. Fernandez Trujillo,SF,0.7,44.0,0.0,3.0,-3.0,0.0,163.6,-163.6
2509221,9,984926,FUNDACIÓN CB CANARIAS,HOME,1856308,D. Acosta Moliné,SF,2044955,X. Lopez Rodriguez,SF,2829962,D. Bordón Dri,SF,2007163,D. Fernandez Trujillo,SF,2470375,M. Sangare,SF,4.7,281.0,9.0,12.0,-3.0,76.9,102.5,-25.6
2509221,9,984926,FUNDACIÓN CB CANARIAS,HOME,1856308,D. Acosta Moliné,SF,2137337,A. Perez Lopez,SF,2181003,R. Rodriguez Galvan,SF,2007163,D. Fernandez Trujillo,SF,2470375,M. Sangare,SF,1.5,92.0,3.0,2.0,1.0,78.3,52.2,26.1
2509221,9,984926,FUNDACIÓN CB CANARIAS,HOME,2362551,E. Lima Teixeira,SF,1856308,D. Acosta Moliné,SF,2137337,A. Perez Lopez,SF,2181003,R. Rodriguez Galvan,SF,2007163,D. Fernandez Trujillo,SF,1.4,83.0,6.0,4.0,2.0,173.5,115.7,57.8
2509221,9,984926,FUNDACIÓN CB CANARIAS,HOME,2362551,E. Lima Teixeira,SF,2817776,I. Beton,SF,1856308,D. Acosta Moliné,SF,2137337,A. Perez Lopez,SF,2181003,R. Rodriguez Galvan,SF,1.3,79.0,0.0,2.0,-2.0,0.0,60.8,-60.8
2509221,9,984926,FUNDACIÓN CB CANARIAS,HOME,2734732,E. Prekevicius,SF,1856308,D. Acosta Moliné,SF,2044955,X. Lopez Rodriguez,SF,2829962,D. Bordón Dri,SF,2129281,G. Hernández Expósito,SF,0.8,45.0,0.0,0.0,0.0,0.0,0.0,0.0
2509221,9,984926,FUNDACIÓN CB CANARIAS,HOME,2734732,E. Prekevicius,SF,1856308,D. Acosta Moliné,SF,2044955,X. Lopez Rodriguez,SF,2829962,D. Bordón Dri,SF,2470375,M. Sangare,SF,3.2,193.0,13.0,0.0,13.0,161.7,0.0,161.7
2509221,9,984926,FUNDACIÓN CB CANARIAS,HOME,2734732,E. Prekevicius,SF,1856308,D. Acosta Moliné,SF,2444602,L. Riga,SF,2137337,A. Perez Lopez,SF,2181003,R. Rodriguez Galvan,SF,1.6,93.0,9.0,3.0,6.0,232.3,77.4,154.8
2509221,9,984926,FUNDACIÓN CB CANARIAS,HOME,2734732,E. Prekevicius,SF,1856308,D. Acosta Moliné,SF,2829962,D. Bordón Dri,SF,2181003,R. Rodriguez Galvan,SF,2470375,M. Sangare,SF,0.6,36.0,0.0,2.0,-2.0,0.0,133.3,-133.3
2509221,9,984926,FUNDACIÓN CB CANARIAS,HOME,2734732,E. Prekevicius,SF,1856308,D. Acosta Moliné,SF,2829962,D. Bordón Dri,SF,2444602,L. Riga,SF,2181003,R. Rodriguez Galvan,SF,0.7,41.0,1.0,0.0,1.0,58.5,0.0,58.5
2509221,9,984926,FUNDACIÓN CB CANARIAS,HOME,2734732,E. Prekevicius,SF,2129281,G. Hernández Expósito,SF,2362551,E. Lima Teixeira,SF,1856308,D. Acosta Moliné,SF,2181003,R. Rodriguez Galvan,SF,1.7,99.0,0.0,2.0,-2.0,0.0,48.5,-48.5
2509221,9,984926,FUNDACIÓN CB CANARIAS,HOME,2734732,E. Prekevicius,SF,2362551,E. Lima Teixeira,SF,1856308,D. Acosta Moliné,SF,2044955,X. Lopez Rodriguez,SF,2444602,L. Riga,SF,1.0,58.0,0.0,2.0,-2.0,0.0,82.8,-82.8
2509221,9,984926,FUNDACIÓN CB CANARIAS,HOME,2734732,E. Prekevicius,SF,2362551,E. Lima Teixeira,SF,1856308,D. Acosta Moliné,SF,2044955,X. Lopez Rodriguez,SF,2829962,D. Bordón Dri,SF,1.8,109.0,1.0,4.0,-3.0,22.0,88.1,-66.1
2509221,9,984926,FUNDACIÓN CB CANARIAS,HOME,2734732,E. Prekevicius,SF,2362551,E. Lima Teixeira,SF,1856308,D. Acosta Moliné,SF,2181003,R. Rodriguez Galvan,SF,2137337,A. Perez Lopez,SF,3.2,191.0,4.0,0.0,4.0,50.3,0.0,50.3
2509221,9,984926,FUNDACIÓN CB CANARIAS,HOME,2734732,E. Prekevicius,SF,2362551,E. Lima Teixeira,SF,1856308,D. Acosta Moliné,SF,2444602,L. Riga,SF,2137337,A. Perez Lopez,SF,2.2,137.0,4.0,7.0,-3.0,70.1,122.6,-52.6
2509221,9,984926,FUNDACIÓN CB CANARIAS,HOME,2734732,E. Prekevicius,SF,2362551,E. Lima Teixeira,SF,1856308,D. Acosta Moliné,SF,2829962,D. Bordón Dri,SF,2181003,R. Rodriguez Galvan,SF,3.9,236.0,8.0,2.0,6.0,81.4,20.3,61.0
2509221,9,984926,FUNDACIÓN CB CANARIAS,HOME,2734732,E. Prekevicius,SF,2829962,D. Bordón Dri,SF,1856308,D. Acosta Moliné,SF,2444602,L. Riga,SF,2007163,D. Fernandez Trujillo,SF,0.2,15.0,0.0,0.0,0.0,0.0,0.0,0.0
2509221,9,984926,FUNDACIÓN CB CANARIAS,HOME,2734732,E. Prekevicius,SF,2829962,D. Bordón Dri,SF,1856308,D. Acosta Moliné,SF,2444602,L. Riga,SF,2181003,R. Rodriguez Galvan,SF,1.3,77.0,5.0,0.0,5.0,155.8,0.0,155.8
2509221,9,984926,FUNDACIÓN CB CANARIAS,HOME,2829962,D. Bordón Dri,SF,1856308,D. Acosta Moliné,SF,2044955,X. Lopez Rodriguez,SF,2181003,R. Rodriguez Galvan,SF,2470375,M. Sangare,SF,3.5,208.0,4.0,12.0,-8.0,46.2,138.5,-92.3
2509221,9,984926,FUNDACIÓN CB CANARIAS,HOME,2829962,D. Bordón Dri,SF,1856308,D. Acosta Moliné,SF,2044955,X. Lopez Rodriguez,SF,2444602,L. Riga,SF,2007163,D. Fernandez Trujillo,SF,1.5,92.0,2.0,4.0,-2.0,52.2,104.3,-52.2
2509221,9,984926,FUNDACIÓN CB CANARIAS,HOME,2829962,D. Bordón Dri,SF,1856308,D. Acosta Moliné,SF,2181003,R. Rodriguez Galvan,SF,2007163,D. Fernandez Trujillo,SF,2470375,M. Sangare,SF,1.8,108.0,7.0,2.0,5.0,155.6,44.4,111.1
2509221,9,984930,BAXI MANRESA,AWAY,2081822,A. Muncunill Ferrer,SF,2145902,F. Torreblanca Catalan,SF,2081670,G. Naspler Perez,SF,2738788,L. Bergseng,SF,2528977,B. Jekabsons,SF,3.1,184.0,8.0,6.0,2.0,104.3,78.3,26.1
2509221,9,984930,BAXI MANRESA,AWAY,2081822,A. Muncunill Ferrer,SF,2145902,F. Torreblanca Catalan,SF,2081670,G. Naspler Perez,SF,2738788,L. Bergseng,SF,2815468,S. Lederman,SF,1.3,77.0,0.0,0.0,0.0,0.0,0.0,0.0
2509221,9,984930,BAXI MANRESA,AWAY,2081822,A. Muncunill Ferrer,SF,2153495,J. Salo Blaya,SF,2815468,S. Lederman,SF,2081670,G. Naspler Perez,SF,2528977,B. Jekabsons,SF,0.5,31.0,0.0,0.0,0.0,0.0,0.0,0.0
2509221,9,984930,BAXI MANRESA,AWAY,2081822,A. Muncunill Ferrer,SF,2738788,L. Bergseng,SF,2153495,J. Salo Blaya,SF,2815468,S. Lederman,SF,2528977,B. Jekabsons,SF,2.8,168.0,8.0,11.0,-3.0,114.3,157.1,-42.9
2509221,9,984930,BAXI MANRESA,AWAY,2295371,G. Ecker Alberti,SF,1959173,M. Rosell Lanza,SF,2145902,F. Torreblanca Catalan,SF,2738788,L. Bergseng,SF,2815468,S. Lederman,SF,1.3,78.0,0.0,0.0,0.0,0.0,0.0,0.0
2509221,9,984930,BAXI MANRESA,AWAY,2295371,G. Ecker Alberti,SF,2081822,A. Muncunill Ferrer,SF,1959173,M. Rosell Lanza,SF,2738788,L. Bergseng,SF,2815468,S. Lederman,SF,3.9,236.0,2.0,8.0,-6.0,20.3,81.4,-61.0
2509221,9,984930,BAXI MANRESA,AWAY,2295371,G. Ecker Alberti,SF,2081822,A. Muncunill Ferrer,SF,2145902,F. Torreblanca Catalan,SF,2738788,L. Bergseng,SF,2815468,S. Lederman,SF,1.4,85.0,2.0,5.0,-3.0,56.5,141.2,-84.7
2509221,9,984930,BAXI MANRESA,AWAY,2295371,G. Ecker Alberti,SF,2081822,A. Muncunill Ferrer,SF,2153495,J. Salo Blaya,SF,2081670,G. Naspler Perez,SF,2528977,B. Jekabsons,SF,1.1,63.0,0.0,2.0,-2.0,0.0,76.2,-76.2
2509221,9,984930,BAXI MANRESA,AWAY,2295371,G. Ecker Alberti,SF,2081822,A. Muncunill Ferrer,SF,2153495,J. Salo Blaya,SF,2815468,S. Lederman,SF,2081670,G. Naspler Perez,SF,2.0,123.0,6.0,5.0,1.0,117.1,97.6,19.5
2509221,9,984930,BAXI MANRESA,AWAY,2295371,G. Ecker Alberti,SF,2145902,F. Torreblanca Catalan,SF,2153495,J. Salo Blaya,SF,2081670,G. Naspler Perez,SF,2528977,B. Jekabsons,SF,1.8,110.0,0.0,10.0,-10.0,0.0,218.2,-218.2
2509221,9,984930,BAXI MANRESA,AWAY,2295371,G. Ecker Alberti,SF,2145902,F. Torreblanca Catalan,SF,2153495,J. Salo Blaya,SF,2815468,S. Lederman,SF,2528977,B. Jekabsons,SF,2.0,120.0,4.0,2.0,2.0,80.0,40.0,40.0
2509221,9,984930,BAXI MANRESA,AWAY,2353230,M. Ndiaye,SF,1959173,M. Rosell Lanza,SF,2145902,F. Torreblanca Catalan,SF,2081670,G. Naspler Perez,SF,2528977,B. Jekabsons,SF,1.5,90.0,0.0,3.0,-3.0,0.0,80.0,-80.0
2509221,9,984930,BAXI MANRESA,AWAY,2353230,M. Ndiaye,SF,1959173,M. Rosell Lanza,SF,2145902,F. Torreblanca Catalan,SF,2738788,L. Bergseng,SF,2815468,S. Lederman,SF,0.4,23.0,0.0,1.0,-1.0,0.0,104.3,-104.3
2509221,9,984930,BAXI MANRESA,AWAY,2353230,M. Ndiaye,SF,2739297,I. Francisco,SF,1959173,M. Rosell Lanza,SF,2145902,F. Torreblanca Catalan,SF,2081670,G. Naspler Perez,SF,1.7,103.0,2.0,0.0,2.0,46.6,0.0,46.6
2509221,9,984930,BAXI MANRESA,AWAY,2353230,M. Ndiaye,SF,2739297,I. Francisco,SF,2145902,F. Torreblanca Catalan,SF,2081670,G. Naspler Perez,SF,2528977,B. Jekabsons,SF,2.4,142.0,2.0,6.0,-4.0,33.8,101.4,-67.6
2509221,9,984930,BAXI MANRESA,AWAY,2739297,I. Francisco,SF,1959173,M. Rosell Lanza,SF,2081670,G. Naspler Perez,SF,2738788,L. Bergseng,SF,2528977,B. Jekabsons,SF,1.4,86.0,2.0,3.0,-1.0,55.8,83.7,-27.9
2509221,9,984930,BAXI MANRESA,AWAY,2739297,I. Francisco,SF,1959173,M. Rosell Lanza,SF,2145902,F. Torreblanca Catalan,SF,2738788,L. Bergseng,SF,2081670,G. Naspler Perez,SF,2.8,170.0,5.0,7.0,-2.0,70.6,98.8,-28.2
2509221,9,984930,BAXI MANRESA,AWAY,2739297,I. Francisco,SF,1959173,M. Rosell Lanza,SF,2145902,F. Torreblanca Catalan,SF,2738788,L. Bergseng,SF,2815468,S. Lederman,SF,3.5,208.0,12.0,4.0,8.0,138.5,46.2,92.3
2509221,9,984930,BAXI MANRESA,AWAY,2739297,I. Francisco,SF,1959173,M. Rosell Lanza,SF,2153495,J. Salo Blaya,SF,2738788,L. Bergseng,SF,2528977,B. Jekabsons,SF,0.6,33.0,0.0,2.0,-2.0,0.0,145.5,-145.5
2509221,9,984930,BAXI MANRESA,AWAY,2739297,I. Francisco,SF,2081822,A. Muncunill Ferrer,SF,2145902,F. Torreblanca Catalan,SF,2738788,L. Bergseng,SF,2081670,G. Naspler Perez,SF,0.4,25.0,2.0,0.0,2.0,192.0,0.0,192.0
2509221,9,984930,BAXI MANRESA,AWAY,2739297,I. Francisco,SF,2081822,A. Muncunill Ferrer,SF,2145902,F. Torreblanca Catalan,SF,2738788,L. Bergseng,SF,2153495,J. Salo Blaya,SF,0.9,52.0,0.0,1.0,-1.0,0.0,46.2,-46.2
2509221,9,984930,BAXI MANRESA,AWAY,2739297,I. Francisco,SF,2081822,A. Muncunill Ferrer,SF,2153495,J. Salo Blaya,SF,2081670,G. Naspler Perez,SF,2528977,B. Jekabsons,SF,1.2,76.0,4.0,2.0,2.0,126.3,63.2,63.2
2509221,9,984930,BAXI MANRESA,AWAY,2739297,I. Francisco,SF,2295371,G. Ecker Alberti,SF,1959173,M. Rosell Lanza,SF,2145902,F. Torreblanca Catalan,SF,2738788,L. Bergseng,SF,2.0,117.0,7.0,3.0,4.0,143.6,61.5,82.1
2509222,9,984923,GRAN CANARIA,HOME,2441048,E. Heinonen,SF,1885980,F. Díaz Herrera,SF,2044256,J. Arteaga Giner,SF,2651631,M. Miteo,SF,2563387,M. Coulibaly,SF,2.5,152.0,9.0,4.0,5.0,142.1,63.2,78.9
2509222,9,984923,GRAN CANARIA,HOME,2441048,E. Heinonen,SF,1885980,F. Díaz Herrera,SF,2044256,J. Arteaga Giner,SF,2651631,M. Miteo,SF,2760153,C. Mbengue,SF,6.8,402.0,12.0,18.0,-6.0,71.6,107.5,-35.8
2509222,9,984923,GRAN CANARIA,HOME,2441048,E. Heinonen,SF,1885980,F. Díaz Herrera,SF,2044256,J. Arteaga Giner,SF,2760153,C. Mbengue,SF,2563387,M. Coulibaly,SF,1.4,86.0,0.0,2.0,-2.0,0.0,55.8,-55.8
2509222,9,984923,GRAN CANARIA,HOME,2441048,E. Heinonen,SF,1885980,F. Díaz Herrera,SF,2827856,B. González Ramírez,SF,2044256,J. Arteaga Giner,SF,2651631,M. Miteo,SF,4.2,254.0,12.0,6.0,6.0,113.4,56.7,56.7
2509222,9,984923,GRAN CANARIA,HOME,2441048,E. Heinonen,SF,2044256,J. Arteaga Giner,SF,2651631,M. Miteo,SF,2087418,G. Baez Pierson,SF,2563387,M. Coulibaly,SF,0.9,56.0,4.0,3.0,1.0,171.4,128.6,42.9
2509222,9,984923,GRAN CANARIA,HOME,2441048,E. Heinonen,SF,2044256,J. Arteaga Giner,SF,2651631,M. Miteo,SF,2760153,C. Mbengue,SF,2087418,G. Baez Pierson,SF,1.0,58.0,0.0,4.0,-4.0,0.0,165.5,-165.5
2509222,9,984923,GRAN CANARIA,HOME,2441048,E. Heinonen,SF,2044256,J. Arteaga Giner,SF,2760153,C. Mbengue,SF,2087418,G. Baez Pierson,SF,2563387,M. Coulibaly,SF,6.3,381.0,6.0,11.0,-5.0,37.8,69.3,-31.5
2509222,9,984923,GRAN CANARIA,HOME,2441048,E. Heinonen,SF,2827856,B. González Ramírez,SF,2044256,J. Arteaga Giner,SF,2651631,M. Miteo,SF,2760153,C. Mbengue,SF,2.1,125.0,3.0,6.0,-3.0,57.6,115.2,-57.6
2509222,9,984923,GRAN CANARIA,HOME,2441048,E. Heinonen,SF,2834161,W. Tsafack,SF,2044256,J. Arteaga Giner,SF,2760153,C. Mbengue,SF,2087418,G. Baez Pierson,SF,3.4,200.0,7.0,4.0,3.0,84.0,48.0,36.0
2509222,9,984923,GRAN CANARIA,HOME,2441048,E. Heinonen,SF,2834161,W. Tsafack,SF,2827856,B. González Ramírez,SF,2044256,J. Arteaga Giner,SF,2760153,C. Mbengue,SF,1.1,66.0,0.0,3.0,-3.0,0.0,109.1,-109.1
2509222,9,984923,GRAN CANARIA,HOME,2834161,W. Tsafack,SF,2441048,E. Heinonen,SF,1885980,F. Díaz Herrera,SF,2044256,J. Arteaga Giner,SF,2760153,C. Mbengue,SF,3.6,213.0,3.0,5.0,-2.0,33.8,56.3,-22.5
2509222,9,984923,GRAN CANARIA,HOME,2834161,W. Tsafack,SF,2441048,E. Heinonen,SF,1885980,F. Díaz Herrera,SF,2651631,M. Miteo,SF,2651641,A. Panasiuk,SF,2.3,140.0,6.0,6.0,0.0,102.9,102.9,0.0
2509222,9,984923,GRAN CANARIA,HOME,2834161,W. Tsafack,SF,2441048,E. Heinonen,SF,2651631,M. Miteo,SF,2087418,G. Baez Pierson,SF,2827856,B. González Ramírez,SF,0.4,22.0,0.0,4.0,-4.0,0.0,436.4,-436.4
2509222,9,984923,GRAN CANARIA,HOME,2834161,W. Tsafack,SF,2441048,E. Heinonen,SF,2760153,C. Mbengue,SF,2087418,G. Baez Pierson,SF,2827856,B. González Ramírez,SF,4.1,245.0,6.0,5.0,1.0,58.8,49.0,9.8
2509222,9,984927,CASADEMONT ZARAGOZA,AWAY,1975428,C. Alias Bermudez,SF,2125634,J. Garcia Sanchez,SF,2073295,R. Valero Lopez,SF,2704549,K. Soumalia Salif,SF,2008960,A. Moreno Valero,SF,2.0,120.0,4.0,4.0,0.0,80.0,80.0,0.0
2509222,9,984927,CASADEMONT ZARAGOZA,AWAY,1975428,C. Alias Bermudez,SF,2382801,J. Prieto Alejandre,SF,2125634,J. Garcia Sanchez,SF,2704549,K. Soumalia Salif,SF,2340834,Y. Traore,SF,1.4,86.0,2.0,0.0,2.0,55.8,0.0,55.8
2509222,9,984927,CASADEMONT ZARAGOZA,AWAY,1975428,C. Alias Bermudez,SF,2382801,J. Prieto Alejandre,SF,2438847,A. Savkov,SF,2008960,A. Moreno Valero,SF,2340834,Y. Traore,SF,0.8,47.0,1.0,5.0,-4.0,51.1,255.3,-204.3
2509222,9,984927,CASADEMONT ZARAGOZA,AWAY,1975428,C. Alias Bermudez,SF,2648124,A. Rodriguez Aguila,SF,2073295,R. Valero Lopez,SF,2008960,A. Moreno Valero,SF,2340834,Y. Traore,SF,2.5,147.0,4.0,3.0,1.0,65.3,49.0,16.3
2509222,9,984927,CASADEMONT ZARAGOZA,AWAY,1975428,C. Alias Bermudez,SF,2648124,A. Rodriguez Aguila,SF,2125634,J. Garcia Sanchez,SF,2073295,R. Valero Lopez,SF,2340834,Y. Traore,SF,5.1,305.0,8.0,8.0,0.0,63.0,63.0,0.0
2509222,9,984927,CASADEMONT ZARAGOZA,AWAY,1975428,C. Alias Bermudez,SF,2648124,A. Rodriguez Aguila,SF,2125634,J. Garcia Sanchez,SF,2438847,A. Savkov,SF,2340834,Y. Traore,SF,3.2,192.0,3.0,5.0,-2.0,37.5,62.5,-25.0
2509222,9,984927,CASADEMONT ZARAGOZA,AWAY,1975428,C. Alias Bermudez,SF,2648124,A. Rodriguez Aguila,SF,2382801,J. Prieto Alejandre,SF,2125634,J. Garcia Sanchez,SF,2340834,Y. Traore,SF,0.7,44.0,2.0,0.0,2.0,109.1,0.0,109.1
2509222,9,984927,CASADEMONT ZARAGOZA,AWAY,1975428,C. Alias Bermudez,SF,2736780,S. Faye,SF,2125634,J. Garcia Sanchez,SF,2438847,A. Savkov,SF,2008960,A. Moreno Valero,SF,0.4,22.0,4.0,0.0,4.0,436.4,0.0,436.4
2509222,9,984927,CASADEMONT ZARAGOZA,AWAY,1975428,C. Alias Bermudez,SF,2736780,S. Faye,SF,2704549,K. Soumalia Salif,SF,2438847,A. Savkov,SF,2008960,A. Moreno Valero,SF,1.2,74.0,0.0,0.0,0.0,0.0,0.0,0.0
2509222,9,984927,CASADEMONT ZARAGOZA,AWAY,2382801,J. Prieto Alejandre,SF,2125634,J. Garcia Sanchez,SF,2438847,A. Savkov,SF,2008960,A. Moreno Valero,SF,2340834,Y. Traore,SF,0.9,52.0,0.0,2.0,-2.0,0.0,92.3,-92.3
2509222,9,984927,CASADEMONT ZARAGOZA,AWAY,2382801,J. Prieto Alejandre,SF,2125634,J. Garcia Sanchez,SF,2438847,A. Savkov,SF,2340834,Y. Traore,SF,2382632,A. Cativiela Aisa,SF,1.6,95.0,2.0,1.0,1.0,50.5,25.3,25.3
2509222,9,984927,CASADEMONT ZARAGOZA,AWAY,2382801,J. Prieto Alejandre,SF,2125634,J. Garcia Sanchez,SF,2704549,K. Soumalia Salif,SF,2073295,R. Valero Lopez,SF,2008960,A. Moreno Valero,SF,0.5,32.0,1.0,4.0,-3.0,75.0,300.0,-225.0
2509222,9,984927,CASADEMONT ZARAGOZA,AWAY,2382801,J. Prieto Alejandre,SF,2438847,A. Savkov,SF,2008960,A. Moreno Valero,SF,2340834,Y. Traore,SF,2382632,A. Cativiela Aisa,SF,1.1,65.0,4.0,1.0,3.0,147.7,36.9,110.8
2509222,9,984927,CASADEMONT ZARAGOZA,AWAY,2382801,J. Prieto Alejandre,SF,2648124,A. Rodriguez Aguila,SF,2704549,K. Soumalia Salif,SF,2008960,A. Moreno Valero,SF,2382632,A. Cativiela Aisa,SF,1.7,100.0,2.0,4.0,-2.0,48.0,96.0,-48.0
2509222,9,984927,CASADEMONT ZARAGOZA,AWAY,2382801,J. Prieto Alejandre,SF,2704549,K. Soumalia Salif,SF,2073295,R. Valero Lopez,SF,2008960,A. Moreno Valero,SF,2382632,A. Cativiela Aisa,SF,0.9,54.0,0.0,3.0,-3.0,0.0,133.3,-133.3
2509222,9,984927,CASADEMONT ZARAGOZA,AWAY,2382801,J. Prieto Alejandre,SF,2704549,K. Soumalia Salif,SF,2073295,R. Valero Lopez,SF,2008960,A. Moreno Valero,SF,2438847,A. Savkov,SF,0.5,30.0,3.0,1.0,2.0,240.0,80.0,160.0
2509222,9,984927,CASADEMONT ZARAGOZA,AWAY,2382801,J. Prieto Alejandre,SF,2736780,S. Faye,SF,2438847,A. Savkov,SF,2125634,J. Garcia Sanchez,SF,2340834,Y. Traore,SF,1.8,105.0,5.0,5.0,0.0,114.3,114.3,0.0
2509222,9,984927,CASADEMONT ZARAGOZA,AWAY,2382801,J. Prieto Alejandre,SF,2736780,S. Faye,SF,2438847,A. Savkov,SF,2704549,K. Soumalia Salif,SF,2008960,A. Moreno Valero,SF,1.4,88.0,3.0,9.0,-6.0,81.8,245.5,-163.6
2509222,9,984927,CASADEMONT ZARAGOZA,AWAY,2648124,A. Rodriguez Aguila,SF,2073295,R. Valero Lopez,SF,2008960,A. Moreno Valero,SF,2340834,Y. Traore,SF,2382632,A. Cativiela Aisa,SF,0.9,53.0,0.0,4.0,-4.0,0.0,181.1,-181.1
2509222,9,984927,CASADEMONT ZARAGOZA,AWAY,2648124,A. Rodriguez Aguila,SF,2125634,J. Garcia Sanchez,SF,2438847,A. Savkov,SF,2340834,Y. Traore,SF,2382632,A. Cativiela Aisa,SF,3.1,183.0,9.0,3.0,6.0,118.0,39.3,78.7
2509222,9,984927,CASADEMONT ZARAGOZA,AWAY,2648124,A. Rodriguez Aguila,SF,2125634,J. Garcia Sanchez,SF,2704549,K. Soumalia Salif,SF,2438847,A. Savkov,SF,2382632,A. Cativiela Aisa,SF,0.6,38.0,0.0,0.0,0.0,0.0,0.0,0.0
2509222,9,984927,CASADEMONT ZARAGOZA,AWAY,2736780,S. Faye,SF,2125634,J. Garcia Sanchez,SF,2438847,A. Savkov,SF,2008960,A. Moreno Valero,SF,2382632,A. Cativiela Aisa,SF,2.3,140.0,6.0,6.0,0.0,102.9,102.9,0.0
2509222,9,984927,CASADEMONT ZARAGOZA,AWAY,2736780,S. Faye,SF,2125634,J. Garcia Sanchez,SF,2704549,K. Soumalia Salif,SF,2073295,R. Valero Lopez,SF,2382632,A. Cativiela Aisa,SF,1.0,61.0,4.0,0.0,4.0,157.4,0.0,157.4
2509222,9,984927,CASADEMONT ZARAGOZA,AWAY,2736780,S. Faye,SF,2382801,J. Prieto Alejandre,SF,2438847,A. Savkov,SF,2008960,A. Moreno Valero,SF,2382632,A. Cativiela Aisa,SF,1.3,76.0,2.0,0.0,2.0,63.2,0.0,63.2
2509222,9,984927,CASADEMONT ZARAGOZA,AWAY,2736780,S. Faye,SF,2438847,A. Savkov,SF,2125634,J. Garcia Sanchez,SF,2340834,Y. Traore,SF,2382632,A. Cativiela Aisa,SF,1.5,87.0,8.0,0.0,8.0,220.7,0.0,220.7
2509222,9,984927,CASADEMONT ZARAGOZA,AWAY,2736780,S. Faye,SF,2704549,K. Soumalia Salif,SF,2073295,R. Valero Lopez,SF,2008960,A. Moreno Valero,SF,2382632,A. Cativiela Aisa,SF,1.2,73.0,4.0,0.0,4.0,131.5,0.0,131.5
2509222,9,984927,CASADEMONT ZARAGOZA,AWAY,2736780,S. Faye,SF,2704549,K. Soumalia Salif,SF,2438847,A. Savkov,SF,2008960,A. Moreno Valero,SF,2382632,A. Cativiela Aisa,SF,0.5,31.0,0.0,0.0,0.0,0.0,0.0,0.0
2509223,9,984791,BURGOS GRUPO DE SANTIAGO,HOME,2535384,M. Bella Cabañas,SF,2661261,R. Rodriguez,SF,2210291,E. Franco Sanz,SF,2103560,A. Reyes Abad,SF,2690845,F. Nuñez,SF,5.8,342.0,11.0,8.0,3.0,77.2,56.1,21.1
2509223,9,984791,BURGOS GRUPO DE SANTIAGO,HOME,2610623,L. Krispin,SF,2162563,A. Laso Careaga,SF,2661261,R. Rodriguez,SF,2045029,D. Rodriguez Ramos,SF,2210291,E. Franco Sanz,SF,2.2,132.0,2.0,3.0,-1.0,36.4,54.5,-18.2
2509223,9,984791,BURGOS GRUPO DE SANTIAGO,HOME,2610623,L. Krispin,SF,2162563,A. Laso Careaga,SF,2661261,R. Rodriguez,SF,2045029,D. Rodriguez Ramos,SF,2436134,A. Traore,SF,5.5,325.0,8.0,10.0,-2.0,59.1,73.8,-14.8
2509223,9,984791,BURGOS GRUPO DE SANTIAGO,HOME,2610623,L. Krispin,SF,2162563,A. Laso Careaga,SF,2661261,R. Rodriguez,SF,2045029,D. Rodriguez Ramos,SF,2690845,F. Nuñez,SF,0.3,20.0,0.0,1.0,-1.0,0.0,120.0,-120.0
2509223,9,984791,BURGOS GRUPO DE SANTIAGO,HOME,2610623,L. Krispin,SF,2162563,A. Laso Careaga,SF,2661261,R. Rodriguez,SF,2436134,A. Traore,SF,2690845,F. Nuñez,SF,0.6,37.0,0.0,1.0,-1.0,0.0,64.9,-64.9
2509223,9,984791,BURGOS GRUPO DE SANTIAGO,HOME,2610623,L. Krispin,SF,2535384,M. Bella Cabañas,SF,2045029,D. Rodriguez Ramos,SF,2210291,E. Franco Sanz,SF,2690845,F. Nuñez,SF,2.4,144.0,6.0,8.0,-2.0,100.0,133.3,-33.3
2509223,9,984791,BURGOS GRUPO DE SANTIAGO,HOME,2610623,L. Krispin,SF,2535384,M. Bella Cabañas,SF,2045029,D. Rodriguez Ramos,SF,2220551,M. Garcia Varona,SF,2436134,A. Traore,SF,1.9,112.0,6.0,6.0,0.0,128.6,128.6,0.0
2509223,9,984791,BURGOS GRUPO DE SANTIAGO,HOME,2610623,L. Krispin,SF,2535384,M. Bella Cabañas,SF,2045029,D. Rodriguez Ramos,SF,2436134,A. Traore,SF,2690845,F. Nuñez,SF,0.6,38.0,0.0,1.0,-1.0,0.0,63.2,-63.2
2509223,9,984791,BURGOS GRUPO DE SANTIAGO,HOME,2610623,L. Krispin,SF,2535384,M. Bella Cabañas,SF,2162563,A. Laso Careaga,SF,2045029,D. Rodriguez Ramos,SF,2210291,E. Franco Sanz,SF,2.1,125.0,2.0,4.0,-2.0,38.4,76.8,-38.4
2509223,9,984791,BURGOS GRUPO DE SANTIAGO,HOME,2610623,L. Krispin,SF,2535384,M. Bella Cabañas,SF,2162563,A. Laso Careaga,SF,2045029,D. Rodriguez Ramos,SF,2436134,A. Traore,SF,2.9,177.0,8.0,4.0,4.0,108.5,54.2,54.2
2509223,9,984791,BURGOS GRUPO DE SANTIAGO,HOME,2610623,L. Krispin,SF,2535384,M. Bella Cabañas,SF,2162563,A. Laso Careaga,SF,2103560,A. Reyes Abad,SF,2436134,A. Traore,SF,3.2,193.0,1.0,3.0,-2.0,12.4,37.3,-24.9
2509223,9,984791,BURGOS GRUPO DE SANTIAGO,HOME,2610623,L. Krispin,SF,2535384,M. Bella Cabañas,SF,2162563,A. Laso Careaga,SF,2436134,A. Traore,SF,2690845,F. Nuñez,SF,0.4,26.0,0.0,1.0,-1.0,0.0,92.3,-92.3
2509223,9,984791,BURGOS GRUPO DE SANTIAGO,HOME,2610623,L. Krispin,SF,2535384,M. Bella Cabañas,SF,2162563,A. Laso Careaga,SF,2661261,R. Rodriguez,SF,2436134,A. Traore,SF,8.2,494.0,20.0,21.0,-1.0,97.2,102.0,-4.9
2509223,9,984791,BURGOS GRUPO DE SANTIAGO,HOME,2610623,L. Krispin,SF,2535384,M. Bella Cabañas,SF,2661261,R. Rodriguez,SF,2045029,D. Rodriguez Ramos,SF,2210291,E. Franco Sanz,SF,1.6,96.0,5.0,2.0,3.0,125.0,50.0,75.0
2509223,9,984791,BURGOS GRUPO DE SANTIAGO,HOME,2610623,L. Krispin,SF,2535384,M. Bella Cabañas,SF,2661261,R. Rodriguez,SF,2045029,D. Rodriguez Ramos,SF,2436134,A. Traore,SF,0.1,9.0,0.0,0.0,0.0,0.0,0.0,0.0
2509223,9,984791,BURGOS GRUPO DE SANTIAGO,HOME,2610623,L. Krispin,SF,2535384,M. Bella Cabañas,SF,2661261,R. Rodriguez,SF,2103560,A. Reyes Abad,SF,2436134,A. Traore,SF,4.6,274.0,5.0,4.0,1.0,43.8,35.0,8.8
2509223,9,984791,BURGOS GRUPO DE SANTIAGO,HOME,2610623,L. Krispin,SF,2535384,M. Bella Cabañas,SF,2661261,R. Rodriguez,SF,2210291,E. Franco Sanz,SF,2103560,A. Reyes Abad,SF,1.1,66.0,2.0,3.0,-1.0,72.7,109.1,-36.4
2509223,9,984791,BURGOS GRUPO DE SANTIAGO,HOME,2610623,L. Krispin,SF,2535384,M. Bella Cabañas,SF,2661261,R. Rodriguez,SF,2210291,E. Franco Sanz,SF,2690845,F. Nuñez,SF,0.8,47.0,0.0,2.0,-2.0,0.0,102.1,-102.1
2509223,9,984791,BURGOS GRUPO DE SANTIAGO,HOME,2610623,L. Krispin,SF,2535384,M. Bella Cabañas,SF,2661261,R. Rodriguez,SF,2436134,A. Traore,SF,2690845,F. Nuñez,SF,0.7,43.0,4.0,3.0,1.0,223.3,167.4,55.8
2509223,9,984792,REAL MADRID,AWAY,2094410,H. Alonso Martinez,SF,2043083,R. Rioja Achiaga,SF,2735493,F. Kayser,SF,2370180,O. Hadi Adegbite,SF,2480762,G. Grinvalds,SF,0.3,17.0,0.0,0.0,0.0,0.0,0.0,0.0
2509223,9,984792,REAL MADRID,AWAY,2094410,H. Alonso Martinez,SF,2043083,R. Rioja Achiaga,SF,2735493,F. Kayser,SF,2817763,E. Amosov,SF,2370180,O. Hadi Adegbite,SF,4.5,269.0,10.0,8.0,2.0,89.2,71.4,17.8
2509223,9,984792,REAL MADRID,AWAY,2094410,H. Alonso Martinez,SF,2043083,R. Rioja Achiaga,SF,2817763,E. Amosov,SF,2662049,A. Bjelic,SF,2370180,O. Hadi Adegbite,SF,0.7,39.0,0.0,0.0,0.0,0.0,0.0,0.0
2509223,9,984792,REAL MADRID,AWAY,2094410,H. Alonso Martinez,SF,2043083,R. Rioja Achiaga,SF,2817763,E. Amosov,SF,2662049,A. Bjelic,SF,2480762,G. Grinvalds,SF,3.9,232.0,11.0,12.0,-1.0,113.8,124.1,-10.3
2509223,9,984792,REAL MADRID,AWAY,2094410,H. Alonso Martinez,SF,2679004,O. Diarra,SF,2043083,R. Rioja Achiaga,SF,2735493,F. Kayser,SF,2662049,A. Bjelic,SF,0.1,6.0,0.0,0.0,0.0,0.0,0.0,0.0
2509223,9,984792,REAL MADRID,AWAY,2094410,H. Alonso Martinez,SF,2679004,O. Diarra,SF,2043083,R. Rioja Achiaga,SF,2735493,F. Kayser,SF,2817763,E. Amosov,SF,5.4,325.0,8.0,11.0,-3.0,59.1,81.2,-22.2
2509223,9,984792,REAL MADRID,AWAY,2094410,H. Alonso Martinez,SF,2679004,O. Diarra,SF,2043083,R. Rioja Achiaga,SF,2817763,E. Amosov,SF,2662049,A. Bjelic,SF,0.6,33.0,0.0,0.0,0.0,0.0,0.0,0.0
2509223,9,984792,REAL MADRID,AWAY,2094410,H. Alonso Martinez,SF,2679004,O. Diarra,SF,2735493,F. Kayser,SF,2662049,A. Bjelic,SF,2286044,I. Ruperez Nuñez-Morgades,SF,1.5,90.0,2.0,0.0,2.0,53.3,0.0,53.3
2509223,9,984792,REAL MADRID,AWAY,2094410,H. Alonso Martinez,SF,2679004,O. Diarra,SF,2735493,F. Kayser,SF,2817763,E. Amosov,SF,2286044,I. Ruperez Nuñez-Morgades,SF,3.5,208.0,8.0,2.0,6.0,92.3,23.1,69.2
2509223,9,984792,REAL MADRID,AWAY,2094410,H. Alonso Martinez,SF,2679004,O. Diarra,SF,2735493,F. Kayser,SF,2817763,E. Amosov,SF,2370180,O. Hadi Adegbite,SF,3.8,230.0,9.0,7.0,2.0,93.9,73.0,20.9
2509223,9,984792,REAL MADRID,AWAY,2094410,H. Alonso Martinez,SF,2679004,O. Diarra,SF,2735493,F. Kayser,SF,2817763,E. Amosov,SF,2662049,A. Bjelic,SF,12.4,745.0,23.0,25.0,-2.0,74.1,80.5,-6.4
2509223,9,984792,REAL MADRID,AWAY,2094410,H. Alonso Martinez,SF,2679004,O. Diarra,SF,2817763,E. Amosov,SF,2286044,I. Ruperez Nuñez-Morgades,SF,2370180,O. Hadi Adegbite,SF,2.8,171.0,4.0,2.0,2.0,56.1,28.1,28.1
2509223,9,984792,REAL MADRID,AWAY,2094410,H. Alonso Martinez,SF,2679004,O. Diarra,SF,2817763,E. Amosov,SF,2662049,A. Bjelic,SF,2029762,D. Krohnert Moto,SF,2.5,148.0,3.0,7.0,-4.0,48.6,113.5,-64.9
2509223,9,984792,REAL MADRID,AWAY,2094410,H. Alonso Martinez,SF,2679004,O. Diarra,SF,2817763,E. Amosov,SF,2662049,A. Bjelic,SF,2370180,O. Hadi Adegbite,SF,1.7,108.0,3.0,3.0,0.0,66.7,66.7,0.0
2509223,9,984792,REAL MADRID,AWAY,2094410,H. Alonso Martinez,SF,2679004,O. Diarra,SF,2817763,E. Amosov,SF,2662049,A. Bjelic,SF,2480762,G. Grinvalds,SF,1.3,79.0,4.0,3.0,1.0,121.5,91.1,30.4
2509224,10,984792,REAL MADRID,HOME,2094410,H. Alonso Martinez,SF,2122875,I. Almansa Perez,SF,2227587,G. Tavier Montoya,SF,2735493,F. Kayser,SF,2817763,E. Amosov,SF,6.9,405.0,16.0,10.0,6.0,94.8,59.3,35.6
2509224,10,984792,REAL MADRID,HOME,2094410,H. Alonso Martinez,SF,2122875,I. Almansa Perez,SF,2662049,A. Bjelic,SF,2029762,D. Krohnert Moto,SF,2480762,G. Grinvalds,SF,1.0,60.0,1.0,2.0,-1.0,40.0,80.0,-40.0
2509224,10,984792,REAL MADRID,HOME,2094410,H. Alonso Martinez,SF,2122875,I. Almansa Perez,SF,2735493,F. Kayser,SF,2286044,I. Ruperez Nuñez-Morgades,SF,2029762,D. Krohnert Moto,SF,2.3,135.0,8.0,4.0,4.0,142.2,71.1,71.1
2509224,10,984792,REAL MADRID,HOME,2094410,H. Alonso Martinez,SF,2122875,I. Almansa Perez,SF,2735493,F. Kayser,SF,2662049,A. Bjelic,SF,2029762,D. Krohnert Moto,SF,1.6,93.0,0.0,2.0,-2.0,0.0,51.6,-51.6
2509224,10,984792,REAL MADRID,HOME,2094410,H. Alonso Martinez,SF,2122875,I. Almansa Perez,SF,2735493,F. Kayser,SF,2735491,A. Fantic,SF,2286044,I. Ruperez Nuñez-Morgades,SF,0.6,38.0,3.0,2.0,1.0,189.5,126.3,63.2
2509224,10,984792,REAL MADRID,HOME,2094410,H. Alonso Martinez,SF,2122875,I. Almansa Perez,SF,2735493,F. Kayser,SF,2735491,A. Fantic,SF,2662049,A. Bjelic,SF,0.5,27.0,4.0,0.0,4.0,355.6,0.0,355.6
2509224,10,984792,REAL MADRID,HOME,2094410,H. Alonso Martinez,SF,2122875,I. Almansa Perez,SF,2735493,F. Kayser,SF,2817763,E. Amosov,SF,2662049,A. Bjelic,SF,0.5,31.0,0.0,0.0,0.0,0.0,0.0,0.0
2509224,10,984792,REAL MADRID,HOME,2094410,H. Alonso Martinez,SF,2122875,I. Almansa Perez,SF,2817763,E. Amosov,SF,2029762,D. Krohnert Moto,SF,2480762,G. Grinvalds,SF,1.5,90.0,3.0,5.0,-2.0,80.0,133.3,-53.3
2509224,10,984792,REAL MADRID,HOME,2094410,H. Alonso Martinez,SF,2122875,I. Almansa Perez,SF,2817763,E. Amosov,SF,2662049,A. Bjelic,SF,2480762,G. Grinvalds,SF,0.2,11.0,0.0,4.0,-4.0,0.0,872.7,-872.7
2509224,10,984792,REAL MADRID,HOME,2094410,H. Alonso Martinez,SF,2679004,O. Diarra,SF,2043083,R. Rioja Achiaga,SF,2817763,E. Amosov,SF,2662049,A. Bjelic,SF,5.5,330.0,12.0,4.0,8.0,87.3,29.1,58.2
2509224,10,984792,REAL MADRID,HOME,2094410,H. Alonso Martinez,SF,2679004,O. Diarra,SF,2122875,I. Almansa Perez,SF,2735491,A. Fantic,SF,2662049,A. Bjelic,SF,1.9,116.0,6.0,0.0,6.0,124.1,0.0,124.1
2509224,10,984792,REAL MADRID,HOME,2094410,H. Alonso Martinez,SF,2679004,O. Diarra,SF,2227587,G. Tavier Montoya,SF,2735491,A. Fantic,SF,2662049,A. Bjelic,SF,1.2,70.0,0.0,2.0,-2.0,0.0,68.6,-68.6
2509224,10,984792,REAL MADRID,HOME,2094410,H. Alonso Martinez,SF,2679004,O. Diarra,SF,2227587,G. Tavier Montoya,SF,2735493,F. Kayser,SF,2735491,A. Fantic,SF,0.4,25.0,0.0,2.0,-2.0,0.0,192.0,-192.0
2509224,10,984792,REAL MADRID,HOME,2094410,H. Alonso Martinez,SF,2679004,O. Diarra,SF,2227587,G. Tavier Montoya,SF,2735493,F. Kayser,SF,2817763,E. Amosov,SF,2.8,170.0,8.0,4.0,4.0,112.9,56.5,56.5
2509224,10,984792,REAL MADRID,HOME,2094410,H. Alonso Martinez,SF,2679004,O. Diarra,SF,2227587,G. Tavier Montoya,SF,2817763,E. Amosov,SF,2286044,I. Ruperez Nuñez-Morgades,SF,7.1,428.0,18.0,10.0,8.0,100.9,56.1,44.9
2509224,10,984792,REAL MADRID,HOME,2094410,H. Alonso Martinez,SF,2679004,O. Diarra,SF,2735493,F. Kayser,SF,2817763,E. Amosov,SF,2662049,A. Bjelic,SF,2.2,135.0,4.0,3.0,1.0,71.1,53.3,17.8
2509224,10,984792,REAL MADRID,HOME,2094410,H. Alonso Martinez,SF,2679004,O. Diarra,SF,2817763,E. Amosov,SF,2029762,D. Krohnert Moto,SF,2480762,G. Grinvalds,SF,0.4,22.0,2.0,0.0,2.0,218.2,0.0,218.2
2509224,10,984792,REAL MADRID,HOME,2094410,H. Alonso Martinez,SF,2679004,O. Diarra,SF,2817763,E. Amosov,SF,2735491,A. Fantic,SF,2662049,A. Bjelic,SF,3.5,214.0,14.0,7.0,7.0,157.0,78.5,78.5
2509224,10,984930,BAXI MANRESA,AWAY,2024613,M. Villalonga Asensio,SF,2295371,G. Ecker Alberti,SF,2145902,F. Torreblanca Catalan,SF,2738788,L. Bergseng,SF,2815468,S. Lederman,SF,0.5,31.0,0.0,0.0,0.0,0.0,0.0,0.0
2509224,10,984930,BAXI MANRESA,AWAY,2081822,A. Muncunill Ferrer,SF,1959173,M. Rosell Lanza,SF,2081670,G. Naspler Perez,SF,2153495,J. Salo Blaya,SF,2528977,B. Jekabsons,SF,2.3,136.0,2.0,7.0,-5.0,35.3,123.5,-88.2
2509224,10,984930,BAXI MANRESA,AWAY,2081822,A. Muncunill Ferrer,SF,1959173,M. Rosell Lanza,SF,2081670,G. Naspler Perez,SF,2153495,J. Salo Blaya,SF,2815468,S. Lederman,SF,1.1,63.0,2.0,4.0,-2.0,76.2,152.4,-76.2
2509224,10,984930,BAXI MANRESA,AWAY,2081822,A. Muncunill Ferrer,SF,1959173,M. Rosell Lanza,SF,2145902,F. Torreblanca Catalan,SF,2081670,G. Naspler Perez,SF,2153495,J. Salo Blaya,SF,0.2,11.0,4.0,0.0,4.0,872.7,0.0,872.7
2509224,10,984930,BAXI MANRESA,AWAY,2081822,A. Muncunill Ferrer,SF,1959173,M. Rosell Lanza,SF,2153495,J. Salo Blaya,SF,2815468,S. Lederman,SF,2528977,B. Jekabsons,SF,2.6,155.0,4.0,6.0,-2.0,61.9,92.9,-31.0
2509224,10,984930,BAXI MANRESA,AWAY,2081822,A. Muncunill Ferrer,SF,2145902,F. Torreblanca Catalan,SF,2738788,L. Bergseng,SF,2815468,S. Lederman,SF,2081670,G. Naspler Perez,SF,1.0,58.0,2.0,2.0,0.0,82.8,82.8,0.0
2509224,10,984930,BAXI MANRESA,AWAY,2081822,A. Muncunill Ferrer,SF,2153495,J. Salo Blaya,SF,2815468,S. Lederman,SF,2081670,G. Naspler Perez,SF,2528977,B. Jekabsons,SF,3.2,195.0,8.0,6.0,2.0,98.5,73.8,24.6
2509224,10,984930,BAXI MANRESA,AWAY,2081822,A. Muncunill Ferrer,SF,2295371,G. Ecker Alberti,SF,1959173,M. Rosell Lanza,SF,2153495,J. Salo Blaya,SF,2815468,S. Lederman,SF,3.2,196.0,0.0,8.0,-8.0,0.0,98.0,-98.0
2509224,10,984930,BAXI MANRESA,AWAY,2081822,A. Muncunill Ferrer,SF,2295371,G. Ecker Alberti,SF,2081670,G. Naspler Perez,SF,2153495,J. Salo Blaya,SF,2815468,S. Lederman,SF,1.9,114.0,2.0,3.0,-1.0,42.1,63.2,-21.1
2509224,10,984930,BAXI MANRESA,AWAY,2081822,A. Muncunill Ferrer,SF,2739297,I. Francisco,SF,2145902,F. Torreblanca Catalan,SF,2153495,J. Salo Blaya,SF,2738788,L. Bergseng,SF,1.3,77.0,3.0,3.0,0.0,93.5,93.5,0.0
2509224,10,984930,BAXI MANRESA,AWAY,2081822,A. Muncunill Ferrer,SF,2739297,I. Francisco,SF,2153495,J. Salo Blaya,SF,2081670,G. Naspler Perez,SF,2528977,B. Jekabsons,SF,0.4,22.0,0.0,2.0,-2.0,0.0,218.2,-218.2
2509224,10,984930,BAXI MANRESA,AWAY,2081822,A. Muncunill Ferrer,SF,2739297,I. Francisco,SF,2153495,J. Salo Blaya,SF,2738788,L. Bergseng,SF,2528977,B. Jekabsons,SF,0.2,13.0,2.0,0.0,2.0,369.2,0.0,369.2
2509224,10,984930,BAXI MANRESA,AWAY,2145902,F. Torreblanca Catalan,SF,2081670,G. Naspler Perez,SF,2738788,L. Bergseng,SF,2815468,S. Lederman,SF,2528977,B. Jekabsons,SF,1.6,96.0,7.0,8.0,-1.0,175.0,200.0,-25.0
2509224,10,984930,BAXI MANRESA,AWAY,2295371,G. Ecker Alberti,SF,1959173,M. Rosell Lanza,SF,2145902,F. Torreblanca Catalan,SF,2738788,L. Bergseng,SF,2815468,S. Lederman,SF,2.2,135.0,3.0,4.0,-1.0,53.3,71.1,-17.8
2509224,10,984930,BAXI MANRESA,AWAY,2295371,G. Ecker Alberti,SF,1959173,M. Rosell Lanza,SF,2153495,J. Salo Blaya,SF,2815468,S. Lederman,SF,2528977,B. Jekabsons,SF,1.8,109.0,0.0,6.0,-6.0,0.0,132.1,-132.1
2509224,10,984930,BAXI MANRESA,AWAY,2295371,G. Ecker Alberti,SF,2739297,I. Francisco,SF,1959173,M. Rosell Lanza,SF,2145902,F. Torreblanca Catalan,SF,2738788,L. Bergseng,SF,2.9,175.0,0.0,10.0,-10.0,0.0,137.1,-137.1
2509224,10,984930,BAXI MANRESA,AWAY,2295371,G. Ecker Alberti,SF,2739297,I. Francisco,SF,2081670,G. Naspler Perez,SF,2145902,F. Torreblanca Catalan,SF,2738788,L. Bergseng,SF,1.1,65.0,2.0,7.0,-5.0,73.8,258.5,-184.6
2509224,10,984930,BAXI MANRESA,AWAY,2353230,M. Ndiaye,SF,2024613,M. Villalonga Asensio,SF,1959173,M. Rosell Lanza,SF,2145902,F. Torreblanca Catalan,SF,2738788,L. Bergseng,SF,0.3,21.0,2.0,0.0,2.0,228.6,0.0,228.6
2509224,10,984930,BAXI MANRESA,AWAY,2353230,M. Ndiaye,SF,2024613,M. Villalonga Asensio,SF,2739297,I. Francisco,SF,2145902,F. Torreblanca Catalan,SF,2738788,L. Bergseng,SF,2.3,132.0,2.0,1.0,1.0,36.4,18.2,18.2
2509224,10,984930,BAXI MANRESA,AWAY,2353230,M. Ndiaye,SF,2081822,A. Muncunill Ferrer,SF,2739297,I. Francisco,SF,2738788,L. Bergseng,SF,2528977,B. Jekabsons,SF,2.0,122.0,4.0,4.0,0.0,78.7,78.7,0.0
2509224,10,984930,BAXI MANRESA,AWAY,2739297,I. Francisco,SF,1959173,M. Rosell Lanza,SF,2145902,F. Torreblanca Catalan,SF,2081670,G. Naspler Perez,SF,2153495,J. Salo Blaya,SF,0.6,34.0,0.0,0.0,0.0,0.0,0.0,0.0
2509224,10,984930,BAXI MANRESA,AWAY,2739297,I. Francisco,SF,2081670,G. Naspler Perez,SF,2145902,F. Torreblanca Catalan,SF,2738788,L. Bergseng,SF,2153495,J. Salo Blaya,SF,0.5,28.0,0.0,2.0,-2.0,0.0,171.4,-171.4
2509224,10,984930,BAXI MANRESA,AWAY,2739297,I. Francisco,SF,2081670,G. Naspler Perez,SF,2145902,F. Torreblanca Catalan,SF,2738788,L. Bergseng,SF,2528977,B. Jekabsons,SF,1.8,107.0,4.0,6.0,-2.0,89.7,134.6,-44.9
2509224,10,984930,BAXI MANRESA,AWAY,2739297,I. Francisco,SF,2145902,F. Torreblanca Catalan,SF,2081670,G. Naspler Perez,SF,2738788,L. Bergseng,SF,2528977,B. Jekabsons,SF,1.7,104.0,4.0,0.0,4.0,92.3,0.0,92.3
2509224,10,984930,BAXI MANRESA,AWAY,2739297,I. Francisco,SF,2295371,G. Ecker Alberti,SF,2145902,F. Torreblanca Catalan,SF,2081670,G. Naspler Perez,SF,2738788,L. Bergseng,SF,3.4,201.0,4.0,10.0,-6.0,47.8,119.4,-71.6
2509225,10,984927,CASADEMONT ZARAGOZA,HOME,1975428,C. Alias Bermudez,SF,2340834,Y. Traore,SF,2073295,R. Valero Lopez,SF,2125634,J. Garcia Sanchez,SF,2438847,A. Savkov,SF,1.0,62.0,2.0,2.0,0.0,77.4,77.4,0.0
2509225,10,984927,CASADEMONT ZARAGOZA,HOME,1975428,C. Alias Bermudez,SF,2340834,Y. Traore,SF,2125634,J. Garcia Sanchez,SF,2073295,R. Valero Lopez,SF,2438847,A. Savkov,SF,3.6,219.0,8.0,8.0,0.0,87.7,87.7,0.0
2509225,10,984927,CASADEMONT ZARAGOZA,HOME,1975428,C. Alias Bermudez,SF,2340834,Y. Traore,SF,2382632,A. Cativiela Aisa,SF,2008960,A. Moreno Valero,SF,2438847,A. Savkov,SF,0.2,10.0,0.0,0.0,0.0,0.0,0.0,0.0
2509225,10,984927,CASADEMONT ZARAGOZA,HOME,1975428,C. Alias Bermudez,SF,2340834,Y. Traore,SF,2382632,A. Cativiela Aisa,SF,2125634,J. Garcia Sanchez,SF,2438847,A. Savkov,SF,2.2,131.0,7.0,7.0,0.0,128.2,128.2,0.0
2509225,10,984927,CASADEMONT ZARAGOZA,HOME,1975428,C. Alias Bermudez,SF,2340834,Y. Traore,SF,2382632,A. Cativiela Aisa,SF,2736780,S. Faye,SF,2125634,J. Garcia Sanchez,SF,2.4,142.0,4.0,2.0,2.0,67.6,33.8,33.8
2509225,10,984927,CASADEMONT ZARAGOZA,HOME,1975428,C. Alias Bermudez,SF,2340834,Y. Traore,SF,2382801,J. Prieto Alejandre,SF,2125634,J. Garcia Sanchez,SF,2073295,R. Valero Lopez,SF,0.8,45.0,2.0,0.0,2.0,106.7,0.0,106.7
2509225,10,984927,CASADEMONT ZARAGOZA,HOME,1975428,C. Alias Bermudez,SF,2340834,Y. Traore,SF,2648124,A. Rodriguez Aguila,SF,2382632,A. Cativiela Aisa,SF,2125634,J. Garcia Sanchez,SF,0.6,38.0,1.0,4.0,-3.0,63.2,252.6,-189.5
2509225,10,984927,CASADEMONT ZARAGOZA,HOME,1975428,C. Alias Bermudez,SF,2340834,Y. Traore,SF,2648124,A. Rodriguez Aguila,SF,2382801,J. Prieto Alejandre,SF,2382632,A. Cativiela Aisa,SF,0.3,17.0,0.0,1.0,-1.0,0.0,141.2,-141.2
2509225,10,984927,CASADEMONT ZARAGOZA,HOME,1975428,C. Alias Bermudez,SF,2340834,Y. Traore,SF,2704549,K. Soumalia Salif,SF,2008960,A. Moreno Valero,SF,2382632,A. Cativiela Aisa,SF,1.2,74.0,0.0,3.0,-3.0,0.0,97.3,-97.3
2509225,10,984927,CASADEMONT ZARAGOZA,HOME,1975428,C. Alias Bermudez,SF,2382632,A. Cativiela Aisa,SF,2340834,Y. Traore,SF,2073295,R. Valero Lopez,SF,2438847,A. Savkov,SF,1.7,106.0,6.0,7.0,-1.0,135.8,158.5,-22.6
2509225,10,984927,CASADEMONT ZARAGOZA,HOME,1975428,C. Alias Bermudez,SF,2382632,A. Cativiela Aisa,SF,2340834,Y. Traore,SF,2125634,J. Garcia Sanchez,SF,2008960,A. Moreno Valero,SF,0.7,40.0,2.0,0.0,2.0,120.0,0.0,120.0
2509225,10,984927,CASADEMONT ZARAGOZA,HOME,1975428,C. Alias Bermudez,SF,2382632,A. Cativiela Aisa,SF,2382801,J. Prieto Alejandre,SF,2340834,Y. Traore,SF,2073295,R. Valero Lopez,SF,0.5,27.0,2.0,0.0,2.0,177.8,0.0,177.8
2509225,10,984927,CASADEMONT ZARAGOZA,HOME,1975428,C. Alias Bermudez,SF,2382632,A. Cativiela Aisa,SF,2704549,K. Soumalia Salif,SF,2008960,A. Moreno Valero,SF,2207996,M. Auciello Cubells,SF,1.0,59.0,0.0,3.0,-3.0,0.0,122.0,-122.0
2509225,10,984927,CASADEMONT ZARAGOZA,HOME,1975428,C. Alias Bermudez,SF,2382801,J. Prieto Alejandre,SF,2125634,J. Garcia Sanchez,SF,2704549,K. Soumalia Salif,SF,2008960,A. Moreno Valero,SF,0.9,56.0,1.0,0.0,1.0,42.9,0.0,42.9
2509225,10,984927,CASADEMONT ZARAGOZA,HOME,1975428,C. Alias Bermudez,SF,2382801,J. Prieto Alejandre,SF,2340834,Y. Traore,SF,2073295,R. Valero Lopez,SF,2008960,A. Moreno Valero,SF,0.9,52.0,0.0,0.0,0.0,0.0,0.0,0.0
2509225,10,984927,CASADEMONT ZARAGOZA,HOME,1975428,C. Alias Bermudez,SF,2382801,J. Prieto Alejandre,SF,2340834,Y. Traore,SF,2125634,J. Garcia Sanchez,SF,2008960,A. Moreno Valero,SF,1.0,61.0,3.0,0.0,3.0,118.0,0.0,118.0
2509225,10,984927,CASADEMONT ZARAGOZA,HOME,1975428,C. Alias Bermudez,SF,2382801,J. Prieto Alejandre,SF,2340834,Y. Traore,SF,2125634,J. Garcia Sanchez,SF,2438847,A. Savkov,SF,0.9,52.0,0.0,6.0,-6.0,0.0,276.9,-276.9
2509225,10,984927,CASADEMONT ZARAGOZA,HOME,1975428,C. Alias Bermudez,SF,2382801,J. Prieto Alejandre,SF,2382632,A. Cativiela Aisa,SF,2704549,K. Soumalia Salif,SF,2008960,A. Moreno Valero,SF,0.6,35.0,0.0,0.0,0.0,0.0,0.0,0.0
2509225,10,984927,CASADEMONT ZARAGOZA,HOME,1975428,C. Alias Bermudez,SF,2648124,A. Rodriguez Aguila,SF,2125634,J. Garcia Sanchez,SF,2438847,A. Savkov,SF,2382632,A. Cativiela Aisa,SF,0.9,55.0,0.0,2.0,-2.0,0.0,87.3,-87.3
2509225,10,984927,CASADEMONT ZARAGOZA,HOME,1975428,C. Alias Bermudez,SF,2736780,S. Faye,SF,2125634,J. Garcia Sanchez,SF,2704549,K. Soumalia Salif,SF,2382632,A. Cativiela Aisa,SF,2.3,138.0,3.0,4.0,-1.0,52.2,69.6,-17.4
2509225,10,984927,CASADEMONT ZARAGOZA,HOME,1975428,C. Alias Bermudez,SF,2736780,S. Faye,SF,2704549,K. Soumalia Salif,SF,2008960,A. Moreno Valero,SF,2382632,A. Cativiela Aisa,SF,0.4,26.0,0.0,2.0,-2.0,0.0,184.6,-184.6
2509225,10,984927,CASADEMONT ZARAGOZA,HOME,2340834,Y. Traore,SF,2125634,J. Garcia Sanchez,SF,2073295,R. Valero Lopez,SF,2008960,A. Moreno Valero,SF,2438847,A. Savkov,SF,3.3,202.0,4.0,5.0,-1.0,47.5,59.4,-11.9
2509225,10,984927,CASADEMONT ZARAGOZA,HOME,2340834,Y. Traore,SF,2382632,A. Cativiela Aisa,SF,2073295,R. Valero Lopez,SF,2008960,A. Moreno Valero,SF,2438847,A. Savkov,SF,2.0,120.0,4.0,4.0,0.0,80.0,80.0,0.0
2509225,10,984927,CASADEMONT ZARAGOZA,HOME,2340834,Y. Traore,SF,2382801,J. Prieto Alejandre,SF,2125634,J. Garcia Sanchez,SF,2073295,R. Valero Lopez,SF,2008960,A. Moreno Valero,SF,1.6,94.0,0.0,5.0,-5.0,0.0,127.7,-127.7
2509225,10,984927,CASADEMONT ZARAGOZA,HOME,2340834,Y. Traore,SF,2648124,A. Rodriguez Aguila,SF,2382801,J. Prieto Alejandre,SF,2125634,J. Garcia Sanchez,SF,2008960,A. Moreno Valero,SF,1.2,71.0,3.0,0.0,3.0,101.4,0.0,101.4
2509225,10,984927,CASADEMONT ZARAGOZA,HOME,2340834,Y. Traore,SF,2648124,A. Rodriguez Aguila,SF,2382801,J. Prieto Alejandre,SF,2125634,J. Garcia Sanchez,SF,2438847,A. Savkov,SF,0.6,34.0,0.0,1.0,-1.0,0.0,70.6,-70.6
2509225,10,984927,CASADEMONT ZARAGOZA,HOME,2382632,A. Cativiela Aisa,SF,2340834,Y. Traore,SF,2125634,J. Garcia Sanchez,SF,2438847,A. Savkov,SF,2008960,A. Moreno Valero,SF,1.4,86.0,2.0,6.0,-4.0,55.8,167.4,-111.6
2509225,10,984927,CASADEMONT ZARAGOZA,HOME,2382632,A. Cativiela Aisa,SF,2382801,J. Prieto Alejandre,SF,2340834,Y. Traore,SF,2125634,J. Garcia Sanchez,SF,2073295,R. Valero Lopez,SF,0.5,31.0,0.0,0.0,0.0,0.0,0.0,0.0
2509225,10,984927,CASADEMONT ZARAGOZA,HOME,2382632,A. Cativiela Aisa,SF,2382801,J. Prieto Alejandre,SF,2340834,Y. Traore,SF,2125634,J. Garcia Sanchez,SF,2438847,A. Savkov,SF,0.3,19.0,0.0,0.0,0.0,0.0,0.0,0.0
2509225,10,984927,CASADEMONT ZARAGOZA,HOME,2382632,A. Cativiela Aisa,SF,2382801,J. Prieto Alejandre,SF,2648124,A. Rodriguez Aguila,SF,2125634,J. Garcia Sanchez,SF,2073295,R. Valero Lopez,SF,1.3,73.0,0.0,1.0,-1.0,0.0,32.9,-32.9
2509225,10,984927,CASADEMONT ZARAGOZA,HOME,2382632,A. Cativiela Aisa,SF,2736780,S. Faye,SF,2382801,J. Prieto Alejandre,SF,2648124,A. Rodriguez Aguila,SF,2125634,J. Garcia Sanchez,SF,0.1,5.0,0.0,0.0,0.0,0.0,0.0,0.0
2509225,10,984927,CASADEMONT ZARAGOZA,HOME,2382632,A. Cativiela Aisa,SF,2736780,S. Faye,SF,2382801,J. Prieto Alejandre,SF,2704549,K. Soumalia Salif,SF,2008960,A. Moreno Valero,SF,1.3,77.0,0.0,6.0,-6.0,0.0,187.0,-187.0
2509225,10,984927,CASADEMONT ZARAGOZA,HOME,2382801,J. Prieto Alejandre,SF,2382632,A. Cativiela Aisa,SF,2704549,K. Soumalia Salif,SF,2073295,R. Valero Lopez,SF,2008960,A. Moreno Valero,SF,0.6,36.0,0.0,0.0,0.0,0.0,0.0,0.0
2509225,10,984927,CASADEMONT ZARAGOZA,HOME,2648124,A. Rodriguez Aguila,SF,2382801,J. Prieto Alejandre,SF,2382632,A. Cativiela Aisa,SF,2704549,K. Soumalia Salif,SF,2008960,A. Moreno Valero,SF,1.8,107.0,6.0,2.0,4.0,134.6,44.9,89.7
2509225,10,984928,BARÇA ATLÈTIC,AWAY,2166517,D. Gonzalez Castro,SF,2256034,J. Cerdan Palacios,SF,2218824,O. Filba Gonzalez,SF,2641337,J. Boumtje Boumtje,SF,2642481,M. Dabone,SF,0.3,17.0,0.0,0.0,0.0,0.0,0.0,0.0
2509225,10,984928,BARÇA ATLÈTIC,AWAY,2166517,D. Gonzalez Castro,SF,2256034,J. Cerdan Palacios,SF,2218824,O. Filba Gonzalez,SF,2642481,M. Dabone,SF,2561463,D. Ferreras Camarero,SF,2.2,133.0,7.0,6.0,1.0,126.3,108.3,18.0
2509225,10,984928,BARÇA ATLÈTIC,AWAY,2166517,D. Gonzalez Castro,SF,2256034,J. Cerdan Palacios,SF,2641337,J. Boumtje Boumtje,SF,2642481,M. Dabone,SF,2082056,N. Poza Cervantes,SF,3.8,229.0,12.0,4.0,8.0,125.8,41.9,83.8
2509225,10,984928,BARÇA ATLÈTIC,AWAY,2166517,D. Gonzalez Castro,SF,2256034,J. Cerdan Palacios,SF,2647995,M. Keita,SF,2561463,D. Ferreras Camarero,SF,2082056,N. Poza Cervantes,SF,1.1,64.0,2.0,3.0,-1.0,75.0,112.5,-37.5
2509225,10,984928,BARÇA ATLÈTIC,AWAY,2166517,D. Gonzalez Castro,SF,2256034,J. Cerdan Palacios,SF,2647995,M. Keita,SF,2641337,J. Boumtje Boumtje,SF,2082056,N. Poza Cervantes,SF,1.5,88.0,3.0,3.0,0.0,81.8,81.8,0.0
2509225,10,984928,BARÇA ATLÈTIC,AWAY,2166517,D. Gonzalez Castro,SF,2256034,J. Cerdan Palacios,SF,2647995,M. Keita,SF,2641337,J. Boumtje Boumtje,SF,2642172,J. Siftar,SF,0.9,56.0,0.0,1.0,-1.0,0.0,42.9,-42.9
2509225,10,984928,BARÇA ATLÈTIC,AWAY,2166517,D. Gonzalez Castro,SF,2561463,D. Ferreras Camarero,SF,2641337,J. Boumtje Boumtje,SF,2642481,M. Dabone,SF,2082056,N. Poza Cervantes,SF,1.3,77.0,6.0,0.0,6.0,187.0,0.0,187.0
2509225,10,984928,BARÇA ATLÈTIC,AWAY,2166517,D. Gonzalez Castro,SF,2641337,J. Boumtje Boumtje,SF,2642481,M. Dabone,SF,2082056,N. Poza Cervantes,SF,2642172,J. Siftar,SF,4.2,257.0,6.0,12.0,-6.0,56.0,112.1,-56.0
2509225,10,984928,BARÇA ATLÈTIC,AWAY,2166517,D. Gonzalez Castro,SF,2641337,J. Boumtje Boumtje,SF,2642481,M. Dabone,SF,2561463,D. Ferreras Camarero,SF,2082056,N. Poza Cervantes,SF,1.0,62.0,3.0,0.0,3.0,116.1,0.0,116.1
2509225,10,984928,BARÇA ATLÈTIC,AWAY,2166517,D. Gonzalez Castro,SF,2647995,M. Keita,SF,2256034,J. Cerdan Palacios,SF,2561463,D. Ferreras Camarero,SF,2082056,N. Poza Cervantes,SF,1.6,100.0,5.0,0.0,5.0,120.0,0.0,120.0
2509225,10,984928,BARÇA ATLÈTIC,AWAY,2166517,D. Gonzalez Castro,SF,2647995,M. Keita,SF,2256034,J. Cerdan Palacios,SF,2642481,M. Dabone,SF,2082056,N. Poza Cervantes,SF,1.6,94.0,5.0,0.0,5.0,127.7,0.0,127.7
2509225,10,984928,BARÇA ATLÈTIC,AWAY,2166517,D. Gonzalez Castro,SF,2647995,M. Keita,SF,2561463,D. Ferreras Camarero,SF,2641337,J. Boumtje Boumtje,SF,2082056,N. Poza Cervantes,SF,2.4,142.0,2.0,4.0,-2.0,33.8,67.6,-33.8
2509225,10,984928,BARÇA ATLÈTIC,AWAY,2166517,D. Gonzalez Castro,SF,2647995,M. Keita,SF,2561463,D. Ferreras Camarero,SF,2642481,M. Dabone,SF,2082056,N. Poza Cervantes,SF,0.8,45.0,0.0,2.0,-2.0,0.0,106.7,-106.7
2509225,10,984928,BARÇA ATLÈTIC,AWAY,2166517,D. Gonzalez Castro,SF,2647995,M. Keita,SF,2641337,J. Boumtje Boumtje,SF,2082056,N. Poza Cervantes,SF,2642172,J. Siftar,SF,2.6,154.0,4.0,0.0,4.0,62.3,0.0,62.3
2509225,10,984928,BARÇA ATLÈTIC,AWAY,2166517,D. Gonzalez Castro,SF,2647995,M. Keita,SF,2641337,J. Boumtje Boumtje,SF,2561463,D. Ferreras Camarero,SF,2082056,N. Poza Cervantes,SF,1.3,79.0,0.0,3.0,-3.0,0.0,91.1,-91.1
2509225,10,984928,BARÇA ATLÈTIC,AWAY,2166517,D. Gonzalez Castro,SF,2647995,M. Keita,SF,2641337,J. Boumtje Boumtje,SF,2561463,D. Ferreras Camarero,SF,2642172,J. Siftar,SF,0.8,45.0,0.0,0.0,0.0,0.0,0.0,0.0
2509225,10,984928,BARÇA ATLÈTIC,AWAY,2218824,O. Filba Gonzalez,SF,2641337,J. Boumtje Boumtje,SF,2642481,M. Dabone,SF,2561463,D. Ferreras Camarero,SF,2082056,N. Poza Cervantes,SF,1.0,62.0,2.0,2.0,0.0,77.4,77.4,0.0
2509225,10,984928,BARÇA ATLÈTIC,AWAY,2218824,O. Filba Gonzalez,SF,2641337,J. Boumtje Boumtje,SF,2642481,M. Dabone,SF,2561463,D. Ferreras Camarero,SF,2642172,J. Siftar,SF,1.1,65.0,2.0,0.0,2.0,73.8,0.0,73.8
2509225,10,984928,BARÇA ATLÈTIC,AWAY,2256034,J. Cerdan Palacios,SF,2218824,O. Filba Gonzalez,SF,2458688,E. Montaner García,SF,2642481,M. Dabone,SF,2642172,J. Siftar,SF,0.8,50.0,1.0,2.0,-1.0,48.0,96.0,-48.0
2509225,10,984928,BARÇA ATLÈTIC,AWAY,2256034,J. Cerdan Palacios,SF,2218824,O. Filba Gonzalez,SF,2641337,J. Boumtje Boumtje,SF,2561463,D. Ferreras Camarero,SF,2082056,N. Poza Cervantes,SF,0.9,53.0,5.0,2.0,3.0,226.4,90.6,135.8
2509225,10,984928,BARÇA ATLÈTIC,AWAY,2256034,J. Cerdan Palacios,SF,2218824,O. Filba Gonzalez,SF,2641337,J. Boumtje Boumtje,SF,2642481,M. Dabone,SF,2642172,J. Siftar,SF,1.3,78.0,1.0,3.0,-2.0,30.8,92.3,-61.5
2509225,10,984928,BARÇA ATLÈTIC,AWAY,2256034,J. Cerdan Palacios,SF,2561463,D. Ferreras Camarero,SF,2218824,O. Filba Gonzalez,SF,2642481,M. Dabone,SF,2642172,J. Siftar,SF,0.5,27.0,0.0,0.0,0.0,0.0,0.0,0.0
2509225,10,984928,BARÇA ATLÈTIC,AWAY,2256034,J. Cerdan Palacios,SF,2647995,M. Keita,SF,2218824,O. Filba Gonzalez,SF,2458688,E. Montaner García,SF,2642172,J. Siftar,SF,1.9,114.0,6.0,6.0,0.0,126.3,126.3,0.0
2509225,10,984928,BARÇA ATLÈTIC,AWAY,2561463,D. Ferreras Camarero,SF,2218824,O. Filba Gonzalez,SF,2641337,J. Boumtje Boumtje,SF,2642481,M. Dabone,SF,2642172,J. Siftar,SF,0.9,51.0,1.0,0.0,1.0,47.1,0.0,47.1
2509225,10,984928,BARÇA ATLÈTIC,AWAY,2647995,M. Keita,SF,2218824,O. Filba Gonzalez,SF,2641337,J. Boumtje Boumtje,SF,2561463,D. Ferreras Camarero,SF,2642172,J. Siftar,SF,1.2,70.0,2.0,2.0,0.0,68.6,68.6,0.0
2509225,10,984928,BARÇA ATLÈTIC,AWAY,2647995,M. Keita,SF,2256034,J. Cerdan Palacios,SF,2218824,O. Filba Gonzalez,SF,2561463,D. Ferreras Camarero,SF,2642172,J. Siftar,SF,1.1,68.0,2.0,1.0,1.0,70.6,35.3,35.3
2509225,10,984928,BARÇA ATLÈTIC,AWAY,2647995,M. Keita,SF,2641337,J. Boumtje Boumtje,SF,2561463,D. Ferreras Camarero,SF,2082056,N. Poza Cervantes,SF,2642172,J. Siftar,SF,2.0,120.0,4.0,4.0,0.0,80.0,80.0,0.0
2509226,10,984923,GRAN CANARIA,AWAY,2441048,E. Heinonen,SF,1885980,F. Díaz Herrera,SF,2044256,J. Arteaga Giner,SF,2760153,C. Mbengue,SF,2651631,M. Miteo,SF,1.4,83.0,2.0,2.0,0.0,57.8,57.8,0.0
2509226,10,984923,GRAN CANARIA,AWAY,2441048,E. Heinonen,SF,1885980,F. Díaz Herrera,SF,2044256,J. Arteaga Giner,SF,2760153,C. Mbengue,SF,2651641,A. Panasiuk,SF,0.1,8.0,1.0,0.0,1.0,300.0,0.0,300.0
2509226,10,984923,GRAN CANARIA,AWAY,2441048,E. Heinonen,SF,1885980,F. Díaz Herrera,SF,2760153,C. Mbengue,SF,2651631,M. Miteo,SF,2651641,A. Panasiuk,SF,1.1,63.0,0.0,0.0,0.0,0.0,0.0,0.0
2509226,10,984923,GRAN CANARIA,AWAY,2441048,E. Heinonen,SF,1885980,F. Díaz Herrera,SF,2834161,W. Tsafack,SF,2044256,J. Arteaga Giner,SF,2651631,M. Miteo,SF,3.7,223.0,7.0,4.0,3.0,75.3,43.0,32.3
2509226,10,984923,GRAN CANARIA,AWAY,2441048,E. Heinonen,SF,1885980,F. Díaz Herrera,SF,2834161,W. Tsafack,SF,2044256,J. Arteaga Giner,SF,2760153,C. Mbengue,SF,3.8,228.0,2.0,7.0,-5.0,21.1,73.7,-52.6
2509226,10,984923,GRAN CANARIA,AWAY,2441048,E. Heinonen,SF,2044256,J. Arteaga Giner,SF,2651631,M. Miteo,SF,2760153,C. Mbengue,SF,2087418,G. Baez Pierson,SF,5.0,301.0,9.0,7.0,2.0,71.8,55.8,15.9
2509226,10,984923,GRAN CANARIA,AWAY,2441048,E. Heinonen,SF,2044256,J. Arteaga Giner,SF,2760153,C. Mbengue,SF,2827856,B. González Ramírez,SF,2033475,M. Oliver Gracia,SF,0.6,37.0,4.0,3.0,1.0,259.5,194.6,64.9
2509226,10,984923,GRAN CANARIA,AWAY,2441048,E. Heinonen,SF,2834161,W. Tsafack,SF,1885980,F. Díaz Herrera,SF,2044256,J. Arteaga Giner,SF,2651631,M. Miteo,SF,5.9,356.0,8.0,12.0,-4.0,53.9,80.9,-27.0
2509226,10,984923,GRAN CANARIA,AWAY,2441048,E. Heinonen,SF,2834161,W. Tsafack,SF,1885980,F. Díaz Herrera,SF,2044256,J. Arteaga Giner,SF,2760153,C. Mbengue,SF,0.9,58.0,4.0,0.0,4.0,165.5,0.0,165.5
2509226,10,984923,GRAN CANARIA,AWAY,2441048,E. Heinonen,SF,2834161,W. Tsafack,SF,2044256,J. Arteaga Giner,SF,2760153,C. Mbengue,SF,2087418,G. Baez Pierson,SF,0.6,34.0,2.0,2.0,0.0,141.2,141.2,0.0
2509226,10,984923,GRAN CANARIA,AWAY,2834161,W. Tsafack,SF,2441048,E. Heinonen,SF,1885980,F. Díaz Herrera,SF,2044256,J. Arteaga Giner,SF,2760153,C. Mbengue,SF,3.0,182.0,4.0,2.0,2.0,52.7,26.4,26.4
2509226,10,984923,GRAN CANARIA,AWAY,2834161,W. Tsafack,SF,2441048,E. Heinonen,SF,2044256,J. Arteaga Giner,SF,2087418,G. Baez Pierson,SF,2563387,M. Coulibaly,SF,0.4,22.0,0.0,0.0,0.0,0.0,0.0,0.0
2509226,10,984923,GRAN CANARIA,AWAY,2834161,W. Tsafack,SF,2441048,E. Heinonen,SF,2044256,J. Arteaga Giner,SF,2563387,M. Coulibaly,SF,2827856,B. González Ramírez,SF,2.0,121.0,0.0,4.0,-4.0,0.0,79.3,-79.3
2509226,10,984923,GRAN CANARIA,AWAY,2834161,W. Tsafack,SF,2441048,E. Heinonen,SF,2044256,J. Arteaga Giner,SF,2760153,C. Mbengue,SF,2087418,G. Baez Pierson,SF,4.0,238.0,13.0,5.0,8.0,131.1,50.4,80.7
2509226,10,984923,GRAN CANARIA,AWAY,2834161,W. Tsafack,SF,2441048,E. Heinonen,SF,2651631,M. Miteo,SF,2087418,G. Baez Pierson,SF,2827856,B. González Ramírez,SF,5.4,326.0,9.0,11.0,-2.0,66.3,81.0,-14.7
2509226,10,984923,GRAN CANARIA,AWAY,2834161,W. Tsafack,SF,2441048,E. Heinonen,SF,2760153,C. Mbengue,SF,2087418,G. Baez Pierson,SF,2651641,A. Panasiuk,SF,2.0,120.0,4.0,0.0,4.0,80.0,0.0,80.0
2509226,10,984929,JOVENTUT BADALONA,HOME,1943849,F. Mauri Guillen,SF,2023675,A. Torres De La Torre,SF,2081709,E. Del Castillo Lindo,SF,2156562,R. Torras Ferrer,SF,2535717,K. Macías Book,SF,1.1,63.0,0.0,0.0,0.0,0.0,0.0,0.0
2509226,10,984929,JOVENTUT BADALONA,HOME,1943849,F. Mauri Guillen,SF,2023675,A. Torres De La Torre,SF,2081709,E. Del Castillo Lindo,SF,2241509,H. Ruiz Zamorano,SF,2535717,K. Macías Book,SF,11.7,708.0,15.0,12.0,3.0,50.8,40.7,10.2
2509226,10,984929,JOVENTUT BADALONA,HOME,1943849,F. Mauri Guillen,SF,2023675,A. Torres De La Torre,SF,2081709,E. Del Castillo Lindo,SF,2535717,K. Macías Book,SF,2528952,D. Niebla Santos,SF,4.3,256.0,7.0,12.0,-5.0,65.6,112.5,-46.9
2509226,10,984929,JOVENTUT BADALONA,HOME,1943849,F. Mauri Guillen,SF,2023675,A. Torres De La Torre,SF,2081709,E. Del Castillo Lindo,SF,2845979,M. Buben,SF,2241509,H. Ruiz Zamorano,SF,4.9,297.0,12.0,9.0,3.0,97.0,72.7,24.2
2509226,10,984929,JOVENTUT BADALONA,HOME,1943849,F. Mauri Guillen,SF,2023675,A. Torres De La Torre,SF,2081709,E. Del Castillo Lindo,SF,2845979,M. Buben,SF,2641899,G. Graae Barbosa,SF,0.3,17.0,0.0,0.0,0.0,0.0,0.0,0.0
2509226,10,984929,JOVENTUT BADALONA,HOME,1943849,F. Mauri Guillen,SF,2023675,A. Torres De La Torre,SF,2154246,I. Perez Vasco,SF,2081709,E. Del Castillo Lindo,SF,2845979,M. Buben,SF,1.6,99.0,2.0,6.0,-4.0,48.5,145.5,-97.0
2509226,10,984929,JOVENTUT BADALONA,HOME,1943849,F. Mauri Guillen,SF,2081709,E. Del Castillo Lindo,SF,2845979,M. Buben,SF,2641899,G. Graae Barbosa,SF,2528952,D. Niebla Santos,SF,2.4,144.0,3.0,9.0,-6.0,50.0,150.0,-100.0
2509226,10,984929,JOVENTUT BADALONA,HOME,2023675,A. Torres De La Torre,SF,2154246,I. Perez Vasco,SF,2081709,E. Del Castillo Lindo,SF,2241509,H. Ruiz Zamorano,SF,2535717,K. Macías Book,SF,0.4,24.0,0.0,3.0,-3.0,0.0,300.0,-300.0
2509226,10,984929,JOVENTUT BADALONA,HOME,2081017,M. Julia Del Pozo,SF,1943849,F. Mauri Guillen,SF,2023675,A. Torres De La Torre,SF,2081709,E. Del Castillo Lindo,SF,2241509,H. Ruiz Zamorano,SF,0.0,2.0,0.0,1.0,-1.0,0.0,1200.0,-1200.0
2509226,10,984929,JOVENTUT BADALONA,HOME,2081017,M. Julia Del Pozo,SF,1943849,F. Mauri Guillen,SF,2023675,A. Torres De La Torre,SF,2081709,E. Del Castillo Lindo,SF,2845979,M. Buben,SF,1.5,90.0,2.0,0.0,2.0,53.3,0.0,53.3
2509226,10,984929,JOVENTUT BADALONA,HOME,2081017,M. Julia Del Pozo,SF,1943849,F. Mauri Guillen,SF,2081709,E. Del Castillo Lindo,SF,2845979,M. Buben,SF,2641899,G. Graae Barbosa,SF,1.0,60.0,0.0,2.0,-2.0,0.0,80.0,-80.0
2509226,10,984929,JOVENTUT BADALONA,HOME,2081017,M. Julia Del Pozo,SF,2023675,A. Torres De La Torre,SF,2081709,E. Del Castillo Lindo,SF,2156562,R. Torras Ferrer,SF,2241509,H. Ruiz Zamorano,SF,1.3,81.0,2.0,3.0,-1.0,59.3,88.9,-29.6
2509226,10,984929,JOVENTUT BADALONA,HOME,2081017,M. Julia Del Pozo,SF,2023675,A. Torres De La Torre,SF,2081709,E. Del Castillo Lindo,SF,2156562,R. Torras Ferrer,SF,2535717,K. Macías Book,SF,3.1,185.0,6.0,3.0,3.0,77.8,38.9,38.9
2509226,10,984929,JOVENTUT BADALONA,HOME,2081017,M. Julia Del Pozo,SF,2023675,A. Torres De La Torre,SF,2081709,E. Del Castillo Lindo,SF,2156562,R. Torras Ferrer,SF,2845979,M. Buben,SF,0.6,37.0,0.0,1.0,-1.0,0.0,64.9,-64.9
2509226,10,984929,JOVENTUT BADALONA,HOME,2081017,M. Julia Del Pozo,SF,2023675,A. Torres De La Torre,SF,2081709,E. Del Castillo Lindo,SF,2845979,M. Buben,SF,2241509,H. Ruiz Zamorano,SF,2.6,154.0,5.0,4.0,1.0,77.9,62.3,15.6
2509226,10,984929,JOVENTUT BADALONA,HOME,2081017,M. Julia Del Pozo,SF,2023675,A. Torres De La Torre,SF,2154246,I. Perez Vasco,SF,2081709,E. Del Castillo Lindo,SF,2535717,K. Macías Book,SF,2.7,159.0,4.0,2.0,2.0,60.4,30.2,30.2
2509226,10,984929,JOVENTUT BADALONA,HOME,2081017,M. Julia Del Pozo,SF,2154246,I. Perez Vasco,SF,2081709,E. Del Castillo Lindo,SF,2845979,M. Buben,SF,2535717,K. Macías Book,SF,0.4,24.0,1.0,2.0,-1.0,100.0,200.0,-100.0
2509227,10,984791,BURGOS GRUPO DE SANTIAGO,HOME,2535384,M. Bella Cabañas,SF,2661261,R. Rodriguez,SF,2045029,D. Rodriguez Ramos,SF,2436134,A. Traore,SF,2690845,F. Nuñez,SF,4.5,273.0,14.0,11.0,3.0,123.1,96.7,26.4
2509227,10,984791,BURGOS GRUPO DE SANTIAGO,HOME,2610623,L. Krispin,SF,2162563,A. Laso Careaga,SF,2045029,D. Rodriguez Ramos,SF,2103560,A. Reyes Abad,SF,2690845,F. Nuñez,SF,0.4,24.0,2.0,0.0,2.0,200.0,0.0,200.0
2509227,10,984791,BURGOS GRUPO DE SANTIAGO,HOME,2610623,L. Krispin,SF,2162563,A. Laso Careaga,SF,2045029,D. Rodriguez Ramos,SF,2210291,E. Franco Sanz,SF,2103560,A. Reyes Abad,SF,1.3,79.0,3.0,3.0,0.0,91.1,91.1,0.0
2509227,10,984791,BURGOS GRUPO DE SANTIAGO,HOME,2610623,L. Krispin,SF,2162563,A. Laso Careaga,SF,2210291,E. Franco Sanz,SF,2103560,A. Reyes Abad,SF,2690845,F. Nuñez,SF,1.2,72.0,2.0,4.0,-2.0,66.7,133.3,-66.7
2509227,10,984791,BURGOS GRUPO DE SANTIAGO,HOME,2610623,L. Krispin,SF,2162563,A. Laso Careaga,SF,2661261,R. Rodriguez,SF,2210291,E. Franco Sanz,SF,2045029,D. Rodriguez Ramos,SF,1.0,62.0,5.0,2.0,3.0,193.5,77.4,116.1
2509227,10,984791,BURGOS GRUPO DE SANTIAGO,HOME,2610623,L. Krispin,SF,2535384,M. Bella Cabañas,SF,2045029,D. Rodriguez Ramos,SF,2436134,A. Traore,SF,2690845,F. Nuñez,SF,1.1,69.0,9.0,0.0,9.0,313.0,0.0,313.0
2509227,10,984791,BURGOS GRUPO DE SANTIAGO,HOME,2610623,L. Krispin,SF,2535384,M. Bella Cabañas,SF,2162563,A. Laso Careaga,SF,2045029,D. Rodriguez Ramos,SF,2436134,A. Traore,SF,0.2,11.0,0.0,2.0,-2.0,0.0,436.4,-436.4
2509227,10,984791,BURGOS GRUPO DE SANTIAGO,HOME,2610623,L. Krispin,SF,2535384,M. Bella Cabañas,SF,2162563,A. Laso Careaga,SF,2103560,A. Reyes Abad,SF,2436134,A. Traore,SF,2.6,152.0,8.0,7.0,1.0,126.3,110.5,15.8
2509227,10,984791,BURGOS GRUPO DE SANTIAGO,HOME,2610623,L. Krispin,SF,2535384,M. Bella Cabañas,SF,2162563,A. Laso Careaga,SF,2210291,E. Franco Sanz,SF,2103560,A. Reyes Abad,SF,4.6,275.0,8.0,14.0,-6.0,69.8,122.2,-52.4
2509227,10,984791,BURGOS GRUPO DE SANTIAGO,HOME,2610623,L. Krispin,SF,2535384,M. Bella Cabañas,SF,2162563,A. Laso Careaga,SF,2661261,R. Rodriguez,SF,2103560,A. Reyes Abad,SF,1.3,79.0,5.0,7.0,-2.0,151.9,212.7,-60.8
2509227,10,984791,BURGOS GRUPO DE SANTIAGO,HOME,2610623,L. Krispin,SF,2535384,M. Bella Cabañas,SF,2162563,A. Laso Careaga,SF,2661261,R. Rodriguez,SF,2210291,E. Franco Sanz,SF,1.4,85.0,5.0,0.0,5.0,141.2,0.0,141.2
2509227,10,984791,BURGOS GRUPO DE SANTIAGO,HOME,2610623,L. Krispin,SF,2535384,M. Bella Cabañas,SF,2661261,R. Rodriguez,SF,2045029,D. Rodriguez Ramos,SF,2103560,A. Reyes Abad,SF,1.5,88.0,2.0,4.0,-2.0,54.5,109.1,-54.5
2509227,10,984791,BURGOS GRUPO DE SANTIAGO,HOME,2610623,L. Krispin,SF,2535384,M. Bella Cabañas,SF,2661261,R. Rodriguez,SF,2045029,D. Rodriguez Ramos,SF,2436134,A. Traore,SF,4.4,268.0,14.0,10.0,4.0,125.4,89.6,35.8
2509227,10,984791,BURGOS GRUPO DE SANTIAGO,HOME,2610623,L. Krispin,SF,2535384,M. Bella Cabañas,SF,2661261,R. Rodriguez,SF,2210291,E. Franco Sanz,SF,2045029,D. Rodriguez Ramos,SF,0.7,41.0,1.0,2.0,-1.0,58.5,117.1,-58.5
2509227,10,984791,BURGOS GRUPO DE SANTIAGO,HOME,2610623,L. Krispin,SF,2661261,R. Rodriguez,SF,2045029,D. Rodriguez Ramos,SF,2103560,A. Reyes Abad,SF,2690845,F. Nuñez,SF,5.0,299.0,9.0,11.0,-2.0,72.2,88.3,-16.1
2509227,10,984791,BURGOS GRUPO DE SANTIAGO,HOME,2610623,L. Krispin,SF,2661261,R. Rodriguez,SF,2045029,D. Rodriguez Ramos,SF,2210291,E. Franco Sanz,SF,2690845,F. Nuñez,SF,1.0,61.0,0.0,2.0,-2.0,0.0,78.7,-78.7
2509227,10,984791,BURGOS GRUPO DE SANTIAGO,HOME,2610623,L. Krispin,SF,2661261,R. Rodriguez,SF,2045029,D. Rodriguez Ramos,SF,2436134,A. Traore,SF,2690845,F. Nuñez,SF,6.0,361.0,19.0,9.0,10.0,126.3,59.8,66.5
2509227,10,984791,BURGOS GRUPO DE SANTIAGO,HOME,2610623,L. Krispin,SF,2661261,R. Rodriguez,SF,2210291,E. Franco Sanz,SF,2045029,D. Rodriguez Ramos,SF,2690845,F. Nuñez,SF,1.7,101.0,4.0,5.0,-1.0,95.0,118.8,-23.8
2509227,10,984926,FUNDACIÓN CB CANARIAS,AWAY,1856308,D. Acosta Moliné,SF,2044955,X. Lopez Rodriguez,SF,2181003,R. Rodriguez Galvan,SF,2007163,D. Fernandez Trujillo,SF,2470375,M. Sangare,SF,0.8,48.0,2.0,5.0,-3.0,100.0,250.0,-150.0
2509227,10,984926,FUNDACIÓN CB CANARIAS,AWAY,1856308,D. Acosta Moliné,SF,2044955,X. Lopez Rodriguez,SF,2444602,L. Riga,SF,2181003,R. Rodriguez Galvan,SF,2470375,M. Sangare,SF,0.6,37.0,0.0,2.0,-2.0,0.0,129.7,-129.7
2509227,10,984926,FUNDACIÓN CB CANARIAS,AWAY,1856308,D. Acosta Moliné,SF,2044955,X. Lopez Rodriguez,SF,2829962,D. Bordón Dri,SF,2181003,R. Rodriguez Galvan,SF,2470375,M. Sangare,SF,1.6,95.0,2.0,2.0,0.0,50.5,50.5,0.0
2509227,10,984926,FUNDACIÓN CB CANARIAS,AWAY,1856308,D. Acosta Moliné,SF,2044955,X. Lopez Rodriguez,SF,2829962,D. Bordón Dri,SF,2444602,L. Riga,SF,2181003,R. Rodriguez Galvan,SF,1.9,117.0,2.0,11.0,-9.0,41.0,225.6,-184.6
2509227,10,984926,FUNDACIÓN CB CANARIAS,AWAY,1856308,D. Acosta Moliné,SF,2829962,D. Bordón Dri,SF,2044955,X. Lopez Rodriguez,SF,2181003,R. Rodriguez Galvan,SF,2007163,D. Fernandez Trujillo,SF,3.2,191.0,2.0,4.0,-2.0,25.1,50.3,-25.1
2509227,10,984926,FUNDACIÓN CB CANARIAS,AWAY,1856308,D. Acosta Moliné,SF,2829962,D. Bordón Dri,SF,2044955,X. Lopez Rodriguez,SF,2181003,R. Rodriguez Galvan,SF,2470375,M. Sangare,SF,0.3,18.0,5.0,2.0,3.0,666.7,266.7,400.0
2509227,10,984926,FUNDACIÓN CB CANARIAS,AWAY,1856308,D. Acosta Moliné,SF,2829962,D. Bordón Dri,SF,2444602,L. Riga,SF,2181003,R. Rodriguez Galvan,SF,2007163,D. Fernandez Trujillo,SF,0.2,13.0,0.0,2.0,-2.0,0.0,369.2,-369.2
2509227,10,984926,FUNDACIÓN CB CANARIAS,AWAY,2734732,E. Prekevicius,SF,1856308,D. Acosta Moliné,SF,2044955,X. Lopez Rodriguez,SF,2181003,R. Rodriguez Galvan,SF,2007163,D. Fernandez Trujillo,SF,0.0,2.0,0.0,0.0,0.0,0.0,0.0,0.0
2509227,10,984926,FUNDACIÓN CB CANARIAS,AWAY,2734732,E. Prekevicius,SF,1856308,D. Acosta Moliné,SF,2044955,X. Lopez Rodriguez,SF,2444602,L. Riga,SF,2181003,R. Rodriguez Galvan,SF,2.4,142.0,7.0,5.0,2.0,118.3,84.5,33.8
2509227,10,984926,FUNDACIÓN CB CANARIAS,AWAY,2734732,E. Prekevicius,SF,1856308,D. Acosta Moliné,SF,2044955,X. Lopez Rodriguez,SF,2829962,D. Bordón Dri,SF,2444602,L. Riga,SF,3.4,202.0,8.0,8.0,0.0,95.0,95.0,0.0
2509227,10,984926,FUNDACIÓN CB CANARIAS,AWAY,2734732,E. Prekevicius,SF,1856308,D. Acosta Moliné,SF,2829962,D. Bordón Dri,SF,2044955,X. Lopez Rodriguez,SF,2007163,D. Fernandez Trujillo,SF,1.0,60.0,0.0,4.0,-4.0,0.0,160.0,-160.0
2509227,10,984926,FUNDACIÓN CB CANARIAS,AWAY,2734732,E. Prekevicius,SF,1856308,D. Acosta Moliné,SF,2829962,D. Bordón Dri,SF,2044955,X. Lopez Rodriguez,SF,2181003,R. Rodriguez Galvan,SF,1.6,96.0,5.0,2.0,3.0,125.0,50.0,75.0
2509227,10,984926,FUNDACIÓN CB CANARIAS,AWAY,2734732,E. Prekevicius,SF,1856308,D. Acosta Moliné,SF,2829962,D. Bordón Dri,SF,2444602,L. Riga,SF,2181003,R. Rodriguez Galvan,SF,6.4,384.0,22.0,20.0,2.0,137.5,125.0,12.5
2509227,10,984926,FUNDACIÓN CB CANARIAS,AWAY,2734732,E. Prekevicius,SF,2362551,E. Lima Teixeira,SF,1856308,D. Acosta Moliné,SF,2044955,X. Lopez Rodriguez,SF,2444602,L. Riga,SF,0.6,38.0,0.0,3.0,-3.0,0.0,189.5,-189.5
2509227,10,984926,FUNDACIÓN CB CANARIAS,AWAY,2734732,E. Prekevicius,SF,2362551,E. Lima Teixeira,SF,2829962,D. Bordón Dri,SF,1856308,D. Acosta Moliné,SF,2444602,L. Riga,SF,0.7,41.0,0.0,2.0,-2.0,0.0,117.1,-117.1
2509227,10,984926,FUNDACIÓN CB CANARIAS,AWAY,2734732,E. Prekevicius,SF,2829962,D. Bordón Dri,SF,1856308,D. Acosta Moliné,SF,2007163,D. Fernandez Trujillo,SF,2470375,M. Sangare,SF,1.2,72.0,4.0,2.0,2.0,133.3,66.7,66.7
2509227,10,984926,FUNDACIÓN CB CANARIAS,AWAY,2734732,E. Prekevicius,SF,2829962,D. Bordón Dri,SF,1856308,D. Acosta Moliné,SF,2044955,X. Lopez Rodriguez,SF,2444602,L. Riga,SF,1.7,102.0,6.0,8.0,-2.0,141.2,188.2,-47.1
2509227,10,984926,FUNDACIÓN CB CANARIAS,AWAY,2734732,E. Prekevicius,SF,2829962,D. Bordón Dri,SF,1856308,D. Acosta Moliné,SF,2444602,L. Riga,SF,2007163,D. Fernandez Trujillo,SF,1.2,73.0,6.0,0.0,6.0,197.3,0.0,197.3
2509227,10,984926,FUNDACIÓN CB CANARIAS,AWAY,2829962,D. Bordón Dri,SF,1856308,D. Acosta Moliné,SF,2044955,X. Lopez Rodriguez,SF,2007163,D. Fernandez Trujillo,SF,2470375,M. Sangare,SF,1.7,103.0,2.0,4.0,-2.0,46.6,93.2,-46.6
2509227,10,984926,FUNDACIÓN CB CANARIAS,AWAY,2829962,D. Bordón Dri,SF,1856308,D. Acosta Moliné,SF,2044955,X. Lopez Rodriguez,SF,2181003,R. Rodriguez Galvan,SF,2470375,M. Sangare,SF,4.5,273.0,11.0,14.0,-3.0,96.7,123.1,-26.4
2509227,10,984926,FUNDACIÓN CB CANARIAS,AWAY,2829962,D. Bordón Dri,SF,1856308,D. Acosta Moliné,SF,2044955,X. Lopez Rodriguez,SF,2444602,L. Riga,SF,2007163,D. Fernandez Trujillo,SF,3.4,203.0,6.0,4.0,2.0,70.9,47.3,23.6
2509227,10,984926,FUNDACIÓN CB CANARIAS,AWAY,2829962,D. Bordón Dri,SF,1856308,D. Acosta Moliné,SF,2044955,X. Lopez Rodriguez,SF,2444602,L. Riga,SF,2470375,M. Sangare,SF,1.5,90.0,3.0,6.0,-3.0,80.0,160.0,-80.0
2509228,11,984791,BURGOS GRUPO DE SANTIAGO,AWAY,2535384,M. Bella Cabañas,SF,2790234,J. Taboada Lühers,SF,2661261,R. Rodriguez,SF,2436134,A. Traore,SF,2690845,F. Nuñez,SF,4.6,274.0,6.0,9.0,-3.0,52.6,78.8,-26.3
2509228,11,984791,BURGOS GRUPO DE SANTIAGO,AWAY,2610623,L. Krispin,SF,2162563,A. Laso Careaga,SF,2661261,R. Rodriguez,SF,2045029,D. Rodriguez Ramos,SF,2103560,A. Reyes Abad,SF,1.2,75.0,2.0,0.0,2.0,64.0,0.0,64.0
2509228,11,984791,BURGOS GRUPO DE SANTIAGO,AWAY,2610623,L. Krispin,SF,2162563,A. Laso Careaga,SF,2661261,R. Rodriguez,SF,2045029,D. Rodriguez Ramos,SF,2436134,A. Traore,SF,6.3,381.0,13.0,22.0,-9.0,81.9,138.6,-56.7
2509228,11,984791,BURGOS GRUPO DE SANTIAGO,AWAY,2610623,L. Krispin,SF,2535384,M. Bella Cabañas,SF,2162563,A. Laso Careaga,SF,2045029,D. Rodriguez Ramos,SF,2103560,A. Reyes Abad,SF,1.8,110.0,8.0,7.0,1.0,174.5,152.7,21.8
2509228,11,984791,BURGOS GRUPO DE SANTIAGO,AWAY,2610623,L. Krispin,SF,2535384,M. Bella Cabañas,SF,2162563,A. Laso Careaga,SF,2045029,D. Rodriguez Ramos,SF,2436134,A. Traore,SF,1.2,72.0,3.0,4.0,-1.0,100.0,133.3,-33.3
2509228,11,984791,BURGOS GRUPO DE SANTIAGO,AWAY,2610623,L. Krispin,SF,2535384,M. Bella Cabañas,SF,2162563,A. Laso Careaga,SF,2661261,R. Rodriguez,SF,2436134,A. Traore,SF,2.6,154.0,3.0,5.0,-2.0,46.8,77.9,-31.2
2509228,11,984791,BURGOS GRUPO DE SANTIAGO,AWAY,2610623,L. Krispin,SF,2535384,M. Bella Cabañas,SF,2661261,R. Rodriguez,SF,2045029,D. Rodriguez Ramos,SF,2103560,A. Reyes Abad,SF,3.0,180.0,6.0,12.0,-6.0,80.0,160.0,-80.0
2509228,11,984791,BURGOS GRUPO DE SANTIAGO,AWAY,2610623,L. Krispin,SF,2535384,M. Bella Cabañas,SF,2790234,J. Taboada Lühers,SF,2045029,D. Rodriguez Ramos,SF,2103560,A. Reyes Abad,SF,0.6,38.0,3.0,0.0,3.0,189.5,0.0,189.5
2509228,11,984791,BURGOS GRUPO DE SANTIAGO,AWAY,2610623,L. Krispin,SF,2535384,M. Bella Cabañas,SF,2790234,J. Taboada Lühers,SF,2045029,D. Rodriguez Ramos,SF,2436134,A. Traore,SF,2.2,131.0,2.0,2.0,0.0,36.6,36.6,0.0
2509228,11,984791,BURGOS GRUPO DE SANTIAGO,AWAY,2610623,L. Krispin,SF,2535384,M. Bella Cabañas,SF,2790234,J. Taboada Lühers,SF,2103560,A. Reyes Abad,SF,2436134,A. Traore,SF,3.9,233.0,10.0,12.0,-2.0,103.0,123.6,-20.6
2509228,11,984791,BURGOS GRUPO DE SANTIAGO,AWAY,2610623,L. Krispin,SF,2535384,M. Bella Cabañas,SF,2790234,J. Taboada Lühers,SF,2162563,A. Laso Careaga,SF,2661261,R. Rodriguez,SF,3.8,226.0,14.0,3.0,11.0,148.7,31.9,116.8
2509228,11,984791,BURGOS GRUPO DE SANTIAGO,AWAY,2610623,L. Krispin,SF,2535384,M. Bella Cabañas,SF,2790234,J. Taboada Lühers,SF,2210291,E. Franco Sanz,SF,2103560,A. Reyes Abad,SF,1.4,81.0,0.0,3.0,-3.0,0.0,88.9,-88.9
2509228,11,984791,BURGOS GRUPO DE SANTIAGO,AWAY,2610623,L. Krispin,SF,2790234,J. Taboada Lühers,SF,2162563,A. Laso Careaga,SF,2661261,R. Rodriguez,SF,2103560,A. Reyes Abad,SF,1.2,70.0,0.0,5.0,-5.0,0.0,171.4,-171.4
2509228,11,984791,BURGOS GRUPO DE SANTIAGO,AWAY,2610623,L. Krispin,SF,2790234,J. Taboada Lühers,SF,2661261,R. Rodriguez,SF,2045029,D. Rodriguez Ramos,SF,2103560,A. Reyes Abad,SF,3.3,196.0,13.0,7.0,6.0,159.2,85.7,73.5
2509228,11,984791,BURGOS GRUPO DE SANTIAGO,AWAY,2610623,L. Krispin,SF,2790234,J. Taboada Lühers,SF,2661261,R. Rodriguez,SF,2045029,D. Rodriguez Ramos,SF,2436134,A. Traore,SF,1.0,57.0,0.0,5.0,-5.0,0.0,210.5,-210.5
2509228,11,984791,BURGOS GRUPO DE SANTIAGO,AWAY,2610623,L. Krispin,SF,2790234,J. Taboada Lühers,SF,2661261,R. Rodriguez,SF,2210291,E. Franco Sanz,SF,2103560,A. Reyes Abad,SF,1.1,68.0,0.0,4.0,-4.0,0.0,141.2,-141.2
2509228,11,984791,BURGOS GRUPO DE SANTIAGO,AWAY,2610623,L. Krispin,SF,2790234,J. Taboada Lühers,SF,2661261,R. Rodriguez,SF,2436134,A. Traore,SF,2690845,F. Nuñez,SF,0.9,54.0,2.0,2.0,0.0,88.9,88.9,0.0
2509228,11,984927,CASADEMONT ZARAGOZA,HOME,1975428,C. Alias Bermudez,SF,2073295,R. Valero Lopez,SF,2646355,M. Lukic,SF,2008960,A. Moreno Valero,SF,2438847,A. Savkov,SF,0.1,4.0,0.0,3.0,-3.0,0.0,1800.0,-1800.0
2509228,11,984927,CASADEMONT ZARAGOZA,HOME,1975428,C. Alias Bermudez,SF,2125634,J. Garcia Sanchez,SF,2704549,K. Soumalia Salif,SF,2008960,A. Moreno Valero,SF,2438847,A. Savkov,SF,0.5,27.0,0.0,3.0,-3.0,0.0,266.7,-266.7
2509228,11,984927,CASADEMONT ZARAGOZA,HOME,1975428,C. Alias Bermudez,SF,2340834,Y. Traore,SF,2125634,J. Garcia Sanchez,SF,2008960,A. Moreno Valero,SF,2438847,A. Savkov,SF,1.2,72.0,4.0,2.0,2.0,133.3,66.7,66.7
2509228,11,984927,CASADEMONT ZARAGOZA,HOME,1975428,C. Alias Bermudez,SF,2340834,Y. Traore,SF,2125634,J. Garcia Sanchez,SF,2073295,R. Valero Lopez,SF,2438847,A. Savkov,SF,4.3,256.0,7.0,6.0,1.0,65.6,56.2,9.4
2509228,11,984927,CASADEMONT ZARAGOZA,HOME,1975428,C. Alias Bermudez,SF,2340834,Y. Traore,SF,2125634,J. Garcia Sanchez,SF,2438847,A. Savkov,SF,2646355,M. Lukic,SF,1.9,111.0,5.0,2.0,3.0,108.1,43.2,64.9
2509228,11,984927,CASADEMONT ZARAGOZA,HOME,1975428,C. Alias Bermudez,SF,2340834,Y. Traore,SF,2125634,J. Garcia Sanchez,SF,2646355,M. Lukic,SF,2438847,A. Savkov,SF,0.8,48.0,0.0,4.0,-4.0,0.0,200.0,-200.0
2509228,11,984927,CASADEMONT ZARAGOZA,HOME,1975428,C. Alias Bermudez,SF,2340834,Y. Traore,SF,2125634,J. Garcia Sanchez,SF,2704549,K. Soumalia Salif,SF,2438847,A. Savkov,SF,0.6,35.0,0.0,0.0,0.0,0.0,0.0,0.0
2509228,11,984927,CASADEMONT ZARAGOZA,HOME,1975428,C. Alias Bermudez,SF,2340834,Y. Traore,SF,2125634,J. Garcia Sanchez,SF,2704549,K. Soumalia Salif,SF,2646355,M. Lukic,SF,1.9,113.0,2.0,5.0,-3.0,42.5,106.2,-63.7
2509228,11,984927,CASADEMONT ZARAGOZA,HOME,1975428,C. Alias Bermudez,SF,2340834,Y. Traore,SF,2382632,A. Cativiela Aisa,SF,2125634,J. Garcia Sanchez,SF,2438847,A. Savkov,SF,4.4,263.0,16.0,3.0,13.0,146.0,27.4,118.6
2509228,11,984927,CASADEMONT ZARAGOZA,HOME,1975428,C. Alias Bermudez,SF,2340834,Y. Traore,SF,2438847,A. Savkov,SF,2646355,M. Lukic,SF,2008960,A. Moreno Valero,SF,1.2,75.0,4.0,5.0,-1.0,128.0,160.0,-32.0
2509228,11,984927,CASADEMONT ZARAGOZA,HOME,1975428,C. Alias Bermudez,SF,2340834,Y. Traore,SF,2704549,K. Soumalia Salif,SF,2008960,A. Moreno Valero,SF,2438847,A. Savkov,SF,1.4,82.0,0.0,2.0,-2.0,0.0,58.5,-58.5
2509228,11,984927,CASADEMONT ZARAGOZA,HOME,1975428,C. Alias Bermudez,SF,2340834,Y. Traore,SF,2704549,K. Soumalia Salif,SF,2646355,M. Lukic,SF,2008960,A. Moreno Valero,SF,1.6,98.0,6.0,3.0,3.0,146.9,73.5,73.5
2509228,11,984927,CASADEMONT ZARAGOZA,HOME,1975428,C. Alias Bermudez,SF,2382632,A. Cativiela Aisa,SF,2340834,Y. Traore,SF,2438847,A. Savkov,SF,2008960,A. Moreno Valero,SF,0.8,47.0,3.0,3.0,0.0,153.2,153.2,0.0
2509228,11,984927,CASADEMONT ZARAGOZA,HOME,1975428,C. Alias Bermudez,SF,2648124,A. Rodriguez Aguila,SF,2073295,R. Valero Lopez,SF,2008960,A. Moreno Valero,SF,2438847,A. Savkov,SF,0.6,37.0,3.0,2.0,1.0,194.6,129.7,64.9
2509228,11,984927,CASADEMONT ZARAGOZA,HOME,1975428,C. Alias Bermudez,SF,2648124,A. Rodriguez Aguila,SF,2073295,R. Valero Lopez,SF,2646355,M. Lukic,SF,2008960,A. Moreno Valero,SF,0.7,42.0,0.0,4.0,-4.0,0.0,228.6,-228.6
2509228,11,984927,CASADEMONT ZARAGOZA,HOME,1975428,C. Alias Bermudez,SF,2648124,A. Rodriguez Aguila,SF,2073295,R. Valero Lopez,SF,2704549,K. Soumalia Salif,SF,2008960,A. Moreno Valero,SF,0.1,4.0,2.0,0.0,2.0,1200.0,0.0,1200.0
2509228,11,984927,CASADEMONT ZARAGOZA,HOME,1975428,C. Alias Bermudez,SF,2648124,A. Rodriguez Aguila,SF,2125634,J. Garcia Sanchez,SF,2008960,A. Moreno Valero,SF,2438847,A. Savkov,SF,0.5,29.0,2.0,2.0,0.0,165.5,165.5,0.0
2509228,11,984927,CASADEMONT ZARAGOZA,HOME,1975428,C. Alias Bermudez,SF,2648124,A. Rodriguez Aguila,SF,2125634,J. Garcia Sanchez,SF,2646355,M. Lukic,SF,2438847,A. Savkov,SF,2.4,145.0,8.0,8.0,0.0,132.4,132.4,0.0
2509228,11,984927,CASADEMONT ZARAGOZA,HOME,1975428,C. Alias Bermudez,SF,2648124,A. Rodriguez Aguila,SF,2646355,M. Lukic,SF,2008960,A. Moreno Valero,SF,2438847,A. Savkov,SF,0.8,50.0,4.0,5.0,-1.0,192.0,240.0,-48.0
2509228,11,984927,CASADEMONT ZARAGOZA,HOME,2340834,Y. Traore,SF,2382801,J. Prieto Alejandre,SF,2125634,J. Garcia Sanchez,SF,2008960,A. Moreno Valero,SF,2438847,A. Savkov,SF,0.6,37.0,0.0,1.0,-1.0,0.0,64.9,-64.9
2509228,11,984927,CASADEMONT ZARAGOZA,HOME,2340834,Y. Traore,SF,2648124,A. Rodriguez Aguila,SF,2125634,J. Garcia Sanchez,SF,2008960,A. Moreno Valero,SF,2382632,A. Cativiela Aisa,SF,1.1,68.0,4.0,0.0,4.0,141.2,0.0,141.2
2509228,11,984927,CASADEMONT ZARAGOZA,HOME,2340834,Y. Traore,SF,2736780,S. Faye,SF,2382801,J. Prieto Alejandre,SF,2125634,J. Garcia Sanchez,SF,2438847,A. Savkov,SF,1.2,71.0,3.0,1.0,2.0,101.4,33.8,67.6
2509228,11,984927,CASADEMONT ZARAGOZA,HOME,2382632,A. Cativiela Aisa,SF,2340834,Y. Traore,SF,2073295,R. Valero Lopez,SF,2704549,K. Soumalia Salif,SF,2008960,A. Moreno Valero,SF,3.9,236.0,11.0,6.0,5.0,111.9,61.0,50.8
2509228,11,984927,CASADEMONT ZARAGOZA,HOME,2382632,A. Cativiela Aisa,SF,2340834,Y. Traore,SF,2125634,J. Garcia Sanchez,SF,2704549,K. Soumalia Salif,SF,2438847,A. Savkov,SF,1.1,68.0,3.0,3.0,0.0,105.9,105.9,0.0
2509228,11,984927,CASADEMONT ZARAGOZA,HOME,2382632,A. Cativiela Aisa,SF,2340834,Y. Traore,SF,2736780,S. Faye,SF,2125634,J. Garcia Sanchez,SF,2438847,A. Savkov,SF,1.6,97.0,7.0,5.0,2.0,173.2,123.7,49.5
2509228,11,984927,CASADEMONT ZARAGOZA,HOME,2382632,A. Cativiela Aisa,SF,2648124,A. Rodriguez Aguila,SF,2073295,R. Valero Lopez,SF,2438847,A. Savkov,SF,2008960,A. Moreno Valero,SF,2.2,131.0,2.0,2.0,0.0,36.6,36.6,0.0
2509228,11,984927,CASADEMONT ZARAGOZA,HOME,2648124,A. Rodriguez Aguila,SF,2073295,R. Valero Lopez,SF,2008960,A. Moreno Valero,SF,2438847,A. Savkov,SF,2382632,A. Cativiela Aisa,SF,1.2,71.0,3.0,2.0,1.0,101.4,67.6,33.8
2509228,11,984927,CASADEMONT ZARAGOZA,HOME,2648124,A. Rodriguez Aguila,SF,2125634,J. Garcia Sanchez,SF,2008960,A. Moreno Valero,SF,2438847,A. Savkov,SF,2382632,A. Cativiela Aisa,SF,0.4,23.0,0.0,0.0,0.0,0.0,0.0,0.0
2509228,11,984927,CASADEMONT ZARAGOZA,HOME,2648124,A. Rodriguez Aguila,SF,2646355,M. Lukic,SF,2008960,A. Moreno Valero,SF,2438847,A. Savkov,SF,2382632,A. Cativiela Aisa,SF,1.0,60.0,3.0,3.0,0.0,120.0,120.0,0.0
2509229,11,984792,REAL MADRID,AWAY,2094410,H. Alonso Martinez,SF,2043083,R. Rioja Achiaga,SF,2735493,F. Kayser,SF,2662049,A. Bjelic,SF,2286044,I. Ruperez Nuñez-Morgades,SF,1.5,90.0,1.0,3.0,-2.0,26.7,80.0,-53.3
2509229,11,984792,REAL MADRID,AWAY,2094410,H. Alonso Martinez,SF,2043083,R. Rioja Achiaga,SF,2817763,E. Amosov,SF,2029762,D. Krohnert Moto,SF,2480762,G. Grinvalds,SF,0.9,54.0,0.0,2.0,-2.0,0.0,88.9,-88.9
2509229,11,984792,REAL MADRID,AWAY,2094410,H. Alonso Martinez,SF,2043083,R. Rioja Achiaga,SF,2817763,E. Amosov,SF,2286044,I. Ruperez Nuñez-Morgades,SF,2029762,D. Krohnert Moto,SF,1.1,63.0,0.0,2.0,-2.0,0.0,76.2,-76.2
2509229,11,984792,REAL MADRID,AWAY,2094410,H. Alonso Martinez,SF,2679004,O. Diarra,SF,2662049,A. Bjelic,SF,2029762,D. Krohnert Moto,SF,2480762,G. Grinvalds,SF,7.7,459.0,23.0,11.0,12.0,120.3,57.5,62.7
2509229,11,984792,REAL MADRID,AWAY,2094410,H. Alonso Martinez,SF,2679004,O. Diarra,SF,2662049,A. Bjelic,SF,2286044,I. Ruperez Nuñez-Morgades,SF,2029762,D. Krohnert Moto,SF,0.2,12.0,3.0,0.0,3.0,600.0,0.0,600.0
2509229,11,984792,REAL MADRID,AWAY,2094410,H. Alonso Martinez,SF,2679004,O. Diarra,SF,2662049,A. Bjelic,SF,2286044,I. Ruperez Nuñez-Morgades,SF,2480762,G. Grinvalds,SF,4.6,279.0,12.0,10.0,2.0,103.2,86.0,17.2
2509229,11,984792,REAL MADRID,AWAY,2094410,H. Alonso Martinez,SF,2679004,O. Diarra,SF,2735491,A. Fantic,SF,2662049,A. Bjelic,SF,2286044,I. Ruperez Nuñez-Morgades,SF,1.2,70.0,0.0,5.0,-5.0,0.0,171.4,-171.4
2509229,11,984792,REAL MADRID,AWAY,2094410,H. Alonso Martinez,SF,2679004,O. Diarra,SF,2735493,F. Kayser,SF,2662049,A. Bjelic,SF,2286044,I. Ruperez Nuñez-Morgades,SF,1.9,115.0,0.0,3.0,-3.0,0.0,62.6,-62.6
2509229,11,984792,REAL MADRID,AWAY,2094410,H. Alonso Martinez,SF,2679004,O. Diarra,SF,2735493,F. Kayser,SF,2662049,A. Bjelic,SF,2480762,G. Grinvalds,SF,0.4,25.0,0.0,4.0,-4.0,0.0,384.0,-384.0
2509229,11,984792,REAL MADRID,AWAY,2094410,H. Alonso Martinez,SF,2679004,O. Diarra,SF,2817763,E. Amosov,SF,2029762,D. Krohnert Moto,SF,2480762,G. Grinvalds,SF,4.1,246.0,7.0,2.0,5.0,68.3,19.5,48.8
2509229,11,984792,REAL MADRID,AWAY,2094410,H. Alonso Martinez,SF,2679004,O. Diarra,SF,2817763,E. Amosov,SF,2662049,A. Bjelic,SF,2029762,D. Krohnert Moto,SF,4.7,276.0,9.0,16.0,-7.0,78.3,139.1,-60.9
2509229,11,984792,REAL MADRID,AWAY,2094410,H. Alonso Martinez,SF,2679004,O. Diarra,SF,2817763,E. Amosov,SF,2662049,A. Bjelic,SF,2286044,I. Ruperez Nuñez-Morgades,SF,0.6,38.0,0.0,2.0,-2.0,0.0,126.3,-126.3
2509229,11,984792,REAL MADRID,AWAY,2094410,H. Alonso Martinez,SF,2679004,O. Diarra,SF,2817763,E. Amosov,SF,2662049,A. Bjelic,SF,2480762,G. Grinvalds,SF,3.8,227.0,9.0,5.0,4.0,95.2,52.9,42.3
2509229,11,984792,REAL MADRID,AWAY,2094410,H. Alonso Martinez,SF,2679004,O. Diarra,SF,2817763,E. Amosov,SF,2735491,A. Fantic,SF,2662049,A. Bjelic,SF,4.3,251.0,15.0,6.0,9.0,143.4,57.4,86.1
2509229,11,984792,REAL MADRID,AWAY,2094410,H. Alonso Martinez,SF,2679004,O. Diarra,SF,2817763,E. Amosov,SF,2735493,F. Kayser,SF,2480762,G. Grinvalds,SF,3.2,195.0,5.0,11.0,-6.0,61.5,135.4,-73.8
2509229,11,984926,FUNDACIÓN CB CANARIAS,HOME,1856308,D. Acosta Moliné,SF,2044955,X. Lopez Rodriguez,SF,2137337,A. Perez Lopez,SF,2007163,D. Fernandez Trujillo,SF,2470375,M. Sangare,SF,1.6,92.0,5.0,0.0,5.0,130.4,0.0,130.4
2509229,11,984926,FUNDACIÓN CB CANARIAS,HOME,1856308,D. Acosta Moliné,SF,2137337,A. Perez Lopez,SF,2181003,R. Rodriguez Galvan,SF,2007163,D. Fernandez Trujillo,SF,2470375,M. Sangare,SF,1.6,93.0,2.0,3.0,-1.0,51.6,77.4,-25.8
2509229,11,984926,FUNDACIÓN CB CANARIAS,HOME,1856308,D. Acosta Moliné,SF,2444602,L. Riga,SF,2181003,R. Rodriguez Galvan,SF,2007163,D. Fernandez Trujillo,SF,2470375,M. Sangare,SF,2.0,118.0,5.0,5.0,0.0,101.7,101.7,0.0
2509229,11,984926,FUNDACIÓN CB CANARIAS,HOME,1856308,D. Acosta Moliné,SF,2829962,D. Bordón Dri,SF,2044955,X. Lopez Rodriguez,SF,2007163,D. Fernandez Trujillo,SF,2470375,M. Sangare,SF,0.8,49.0,0.0,0.0,0.0,0.0,0.0,0.0
2509229,11,984926,FUNDACIÓN CB CANARIAS,HOME,1856308,D. Acosta Moliné,SF,2829962,D. Bordón Dri,SF,2044955,X. Lopez Rodriguez,SF,2181003,R. Rodriguez Galvan,SF,2470375,M. Sangare,SF,8.1,486.0,19.0,21.0,-2.0,93.8,103.7,-9.9
2509229,11,984926,FUNDACIÓN CB CANARIAS,HOME,1856308,D. Acosta Moliné,SF,2829962,D. Bordón Dri,SF,2044955,X. Lopez Rodriguez,SF,2444602,L. Riga,SF,2007163,D. Fernandez Trujillo,SF,1.2,76.0,2.0,3.0,-1.0,63.2,94.7,-31.6
2509229,11,984926,FUNDACIÓN CB CANARIAS,HOME,1856308,D. Acosta Moliné,SF,2829962,D. Bordón Dri,SF,2044955,X. Lopez Rodriguez,SF,2444602,L. Riga,SF,2181003,R. Rodriguez Galvan,SF,3.1,183.0,4.0,12.0,-8.0,52.5,157.4,-104.9
2509229,11,984926,FUNDACIÓN CB CANARIAS,HOME,1856308,D. Acosta Moliné,SF,2829962,D. Bordón Dri,SF,2444602,L. Riga,SF,2044955,X. Lopez Rodriguez,SF,2470375,M. Sangare,SF,2.0,117.0,4.0,0.0,4.0,82.1,0.0,82.1
2509229,11,984926,FUNDACIÓN CB CANARIAS,HOME,1856308,D. Acosta Moliné,SF,2829962,D. Bordón Dri,SF,2444602,L. Riga,SF,2137337,A. Perez Lopez,SF,2007163,D. Fernandez Trujillo,SF,3.4,205.0,6.0,1.0,5.0,70.2,11.7,58.5
2509229,11,984926,FUNDACIÓN CB CANARIAS,HOME,1856308,D. Acosta Moliné,SF,2829962,D. Bordón Dri,SF,2444602,L. Riga,SF,2181003,R. Rodriguez Galvan,SF,2007163,D. Fernandez Trujillo,SF,0.1,3.0,0.0,1.0,-1.0,0.0,800.0,-800.0
2509229,11,984926,FUNDACIÓN CB CANARIAS,HOME,2362551,E. Lima Teixeira,SF,1856308,D. Acosta Moliné,SF,2044955,X. Lopez Rodriguez,SF,2181003,R. Rodriguez Galvan,SF,2007163,D. Fernandez Trujillo,SF,2.0,118.0,3.0,4.0,-1.0,61.0,81.4,-20.3
2509229,11,984926,FUNDACIÓN CB CANARIAS,HOME,2362551,E. Lima Teixeira,SF,1856308,D. Acosta Moliné,SF,2044955,X. Lopez Rodriguez,SF,2444602,L. Riga,SF,2181003,R. Rodriguez Galvan,SF,2.7,164.0,4.0,7.0,-3.0,58.5,102.4,-43.9
2509229,11,984926,FUNDACIÓN CB CANARIAS,HOME,2362551,E. Lima Teixeira,SF,1856308,D. Acosta Moliné,SF,2829962,D. Bordón Dri,SF,2044955,X. Lopez Rodriguez,SF,2181003,R. Rodriguez Galvan,SF,1.0,59.0,4.0,0.0,4.0,162.7,0.0,162.7
2509229,11,984926,FUNDACIÓN CB CANARIAS,HOME,2362551,E. Lima Teixeira,SF,1856308,D. Acosta Moliné,SF,2829962,D. Bordón Dri,SF,2044955,X. Lopez Rodriguez,SF,2444602,L. Riga,SF,2.7,162.0,6.0,10.0,-4.0,88.9,148.1,-59.3
2509229,11,984926,FUNDACIÓN CB CANARIAS,HOME,2362551,E. Lima Teixeira,SF,1856308,D. Acosta Moliné,SF,2829962,D. Bordón Dri,SF,2181003,R. Rodriguez Galvan,SF,2007163,D. Fernandez Trujillo,SF,0.7,39.0,2.0,3.0,-1.0,123.1,184.6,-61.5
2509229,11,984926,FUNDACIÓN CB CANARIAS,HOME,2362551,E. Lima Teixeira,SF,2829962,D. Bordón Dri,SF,1856308,D. Acosta Moliné,SF,2444602,L. Riga,SF,2181003,R. Rodriguez Galvan,SF,0.2,14.0,0.0,0.0,0.0,0.0,0.0,0.0
2509229,11,984926,FUNDACIÓN CB CANARIAS,HOME,2829962,D. Bordón Dri,SF,1856308,D. Acosta Moliné,SF,2044955,X. Lopez Rodriguez,SF,2007163,D. Fernandez Trujillo,SF,2470375,M. Sangare,SF,2.0,118.0,4.0,5.0,-1.0,81.4,101.7,-20.3
2509229,11,984926,FUNDACIÓN CB CANARIAS,HOME,2829962,D. Bordón Dri,SF,1856308,D. Acosta Moliné,SF,2044955,X. Lopez Rodriguez,SF,2181003,R. Rodriguez Galvan,SF,2470375,M. Sangare,SF,5.0,304.0,12.0,9.0,3.0,94.7,71.1,23.7
2509230,11,984923,GRAN CANARIA,AWAY,2441048,E. Heinonen,SF,1885980,F. Díaz Herrera,SF,2044256,J. Arteaga Giner,SF,2129323,J. Yánez García,SF,2033475,M. Oliver Gracia,SF,0.2,10.0,3.0,0.0,3.0,720.0,0.0,720.0
2509230,11,984923,GRAN CANARIA,AWAY,2441048,E. Heinonen,SF,1885980,F. Díaz Herrera,SF,2044256,J. Arteaga Giner,SF,2129323,J. Yánez García,SF,2563387,M. Coulibaly,SF,1.6,96.0,8.0,2.0,6.0,200.0,50.0,150.0
2509230,11,984923,GRAN CANARIA,AWAY,2441048,E. Heinonen,SF,1885980,F. Díaz Herrera,SF,2044256,J. Arteaga Giner,SF,2760153,C. Mbengue,SF,2087418,G. Baez Pierson,SF,2.8,166.0,4.0,7.0,-3.0,57.8,101.2,-43.4
2509230,11,984923,GRAN CANARIA,AWAY,2441048,E. Heinonen,SF,1885980,F. Díaz Herrera,SF,2177916,P. Pasqua Amat,SF,2044256,J. Arteaga Giner,SF,2087418,G. Baez Pierson,SF,2.2,135.0,8.0,4.0,4.0,142.2,71.1,71.1
2509230,11,984923,GRAN CANARIA,AWAY,2441048,E. Heinonen,SF,1885980,F. Díaz Herrera,SF,2177916,P. Pasqua Amat,SF,2044256,J. Arteaga Giner,SF,2563387,M. Coulibaly,SF,2.5,152.0,10.0,9.0,1.0,157.9,142.1,15.8
2509230,11,984923,GRAN CANARIA,AWAY,2441048,E. Heinonen,SF,1885980,F. Díaz Herrera,SF,2177916,P. Pasqua Amat,SF,2044256,J. Arteaga Giner,SF,2760153,C. Mbengue,SF,1.0,62.0,2.0,3.0,-1.0,77.4,116.1,-38.7
2509230,11,984923,GRAN CANARIA,AWAY,2441048,E. Heinonen,SF,1885980,F. Díaz Herrera,SF,2834161,W. Tsafack,SF,2044256,J. Arteaga Giner,SF,2760153,C. Mbengue,SF,2.3,138.0,2.0,8.0,-6.0,34.8,139.1,-104.3
2509230,11,984923,GRAN CANARIA,AWAY,2441048,E. Heinonen,SF,2044256,J. Arteaga Giner,SF,2129323,J. Yánez García,SF,2563387,M. Coulibaly,SF,2827856,B. González Ramírez,SF,0.8,47.0,0.0,2.0,-2.0,0.0,102.1,-102.1
2509230,11,984923,GRAN CANARIA,AWAY,2441048,E. Heinonen,SF,2834161,W. Tsafack,SF,2044256,J. Arteaga Giner,SF,2087418,G. Baez Pierson,SF,2563387,M. Coulibaly,SF,0.7,43.0,2.0,0.0,2.0,111.6,0.0,111.6
2509230,11,984923,GRAN CANARIA,AWAY,2441048,E. Heinonen,SF,2834161,W. Tsafack,SF,2044256,J. Arteaga Giner,SF,2129323,J. Yánez García,SF,2563387,M. Coulibaly,SF,1.3,77.0,7.0,2.0,5.0,218.2,62.3,155.8
2509230,11,984923,GRAN CANARIA,AWAY,2441048,E. Heinonen,SF,2834161,W. Tsafack,SF,2044256,J. Arteaga Giner,SF,2760153,C. Mbengue,SF,2087418,G. Baez Pierson,SF,1.5,87.0,2.0,5.0,-3.0,55.2,137.9,-82.8
2509230,11,984923,GRAN CANARIA,AWAY,2441048,E. Heinonen,SF,2834161,W. Tsafack,SF,2827856,B. González Ramírez,SF,2044256,J. Arteaga Giner,SF,2087418,G. Baez Pierson,SF,2.2,135.0,7.0,6.0,1.0,124.4,106.7,17.8
2509230,11,984923,GRAN CANARIA,AWAY,2441048,E. Heinonen,SF,2834161,W. Tsafack,SF,2827856,B. González Ramírez,SF,2044256,J. Arteaga Giner,SF,2760153,C. Mbengue,SF,5.2,313.0,14.0,8.0,6.0,107.3,61.3,46.0
2509230,11,984923,GRAN CANARIA,AWAY,2834161,W. Tsafack,SF,2441048,E. Heinonen,SF,1885980,F. Díaz Herrera,SF,2177916,P. Pasqua Amat,SF,2044256,J. Arteaga Giner,SF,1.3,76.0,2.0,2.0,0.0,63.2,63.2,0.0
2509230,11,984923,GRAN CANARIA,AWAY,2834161,W. Tsafack,SF,2441048,E. Heinonen,SF,1885980,F. Díaz Herrera,SF,2563387,M. Coulibaly,SF,2827856,B. González Ramírez,SF,0.7,42.0,0.0,0.0,0.0,0.0,0.0,0.0
2509230,11,984923,GRAN CANARIA,AWAY,2834161,W. Tsafack,SF,2441048,E. Heinonen,SF,1885980,F. Díaz Herrera,SF,2760153,C. Mbengue,SF,2827856,B. González Ramírez,SF,0.3,21.0,0.0,0.0,0.0,0.0,0.0,0.0
2509230,11,984923,GRAN CANARIA,AWAY,2834161,W. Tsafack,SF,2441048,E. Heinonen,SF,1885980,F. Díaz Herrera,SF,2827856,B. González Ramírez,SF,2044256,J. Arteaga Giner,SF,2.9,174.0,7.0,4.0,3.0,96.6,55.2,41.4
2509230,11,984923,GRAN CANARIA,AWAY,2834161,W. Tsafack,SF,2441048,E. Heinonen,SF,2760153,C. Mbengue,SF,2087418,G. Baez Pierson,SF,2827856,B. González Ramírez,SF,4.3,262.0,8.0,10.0,-2.0,73.3,91.6,-18.3
2509230,11,984923,GRAN CANARIA,AWAY,2834161,W. Tsafack,SF,2441048,E. Heinonen,SF,2827856,B. González Ramírez,SF,2044256,J. Arteaga Giner,SF,2087418,G. Baez Pierson,SF,0.9,57.0,2.0,2.0,0.0,84.2,84.2,0.0
2509230,11,984923,GRAN CANARIA,AWAY,2834161,W. Tsafack,SF,2441048,E. Heinonen,SF,2827856,B. González Ramírez,SF,2044256,J. Arteaga Giner,SF,2760153,C. Mbengue,SF,5.1,307.0,4.0,5.0,-1.0,31.3,39.1,-7.8
2509230,11,984928,BARÇA ATLÈTIC,HOME,2166517,D. Gonzalez Castro,SF,2550554,S. Keita,SF,2256034,J. Cerdan Palacios,SF,2218824,O. Filba Gonzalez,SF,2641337,J. Boumtje Boumtje,SF,1.5,90.0,2.0,3.0,-1.0,53.3,80.0,-26.7
2509230,11,984928,BARÇA ATLÈTIC,HOME,2166517,D. Gonzalez Castro,SF,2550554,S. Keita,SF,2256034,J. Cerdan Palacios,SF,2646614,N. Kusturica,SF,2082056,N. Poza Cervantes,SF,1.2,72.0,4.0,3.0,1.0,133.3,100.0,33.3
2509230,11,984928,BARÇA ATLÈTIC,HOME,2166517,D. Gonzalez Castro,SF,2550554,S. Keita,SF,2641337,J. Boumtje Boumtje,SF,2646614,N. Kusturica,SF,2082056,N. Poza Cervantes,SF,1.7,102.0,5.0,2.0,3.0,117.6,47.1,70.6
2509230,11,984928,BARÇA ATLÈTIC,HOME,2166517,D. Gonzalez Castro,SF,2550554,S. Keita,SF,2642481,M. Dabone,SF,2218824,O. Filba Gonzalez,SF,2641337,J. Boumtje Boumtje,SF,3.0,182.0,4.0,2.0,2.0,52.7,26.4,26.4
2509230,11,984928,BARÇA ATLÈTIC,HOME,2166517,D. Gonzalez Castro,SF,2550554,S. Keita,SF,2646614,N. Kusturica,SF,2082056,N. Poza Cervantes,SF,2642481,M. Dabone,SF,1.1,72.0,0.0,0.0,0.0,0.0,0.0,0.0
2509230,11,984928,BARÇA ATLÈTIC,HOME,2166517,D. Gonzalez Castro,SF,2642481,M. Dabone,SF,2218824,O. Filba Gonzalez,SF,2641337,J. Boumtje Boumtje,SF,2082056,N. Poza Cervantes,SF,2.4,145.0,3.0,4.0,-1.0,49.7,66.2,-16.6
2509230,11,984928,BARÇA ATLÈTIC,HOME,2166517,D. Gonzalez Castro,SF,2642481,M. Dabone,SF,2641337,J. Boumtje Boumtje,SF,2082056,N. Poza Cervantes,SF,2642172,J. Siftar,SF,0.9,55.0,2.0,2.0,0.0,87.3,87.3,0.0
2509230,11,984928,BARÇA ATLÈTIC,HOME,2166517,D. Gonzalez Castro,SF,2642482,A. Kone,SF,2256034,J. Cerdan Palacios,SF,2218824,O. Filba Gonzalez,SF,2641337,J. Boumtje Boumtje,SF,5.5,329.0,10.0,22.0,-12.0,72.9,160.5,-87.5
2509230,11,984928,BARÇA ATLÈTIC,HOME,2166517,D. Gonzalez Castro,SF,2642482,A. Kone,SF,2256034,J. Cerdan Palacios,SF,2641337,J. Boumtje Boumtje,SF,2082056,N. Poza Cervantes,SF,1.3,76.0,2.0,2.0,0.0,63.2,63.2,0.0
2509230,11,984928,BARÇA ATLÈTIC,HOME,2166517,D. Gonzalez Castro,SF,2642482,A. Kone,SF,2256034,J. Cerdan Palacios,SF,2646614,N. Kusturica,SF,2082056,N. Poza Cervantes,SF,1.3,80.0,5.0,7.0,-2.0,150.0,210.0,-60.0
2509230,11,984928,BARÇA ATLÈTIC,HOME,2166517,D. Gonzalez Castro,SF,2642482,A. Kone,SF,2641337,J. Boumtje Boumtje,SF,2646614,N. Kusturica,SF,2082056,N. Poza Cervantes,SF,1.8,107.0,3.0,2.0,1.0,67.3,44.9,22.4
2509230,11,984928,BARÇA ATLÈTIC,HOME,2550554,S. Keita,SF,2218824,O. Filba Gonzalez,SF,2641337,J. Boumtje Boumtje,SF,2646614,N. Kusturica,SF,2082056,N. Poza Cervantes,SF,1.1,67.0,0.0,2.0,-2.0,0.0,71.6,-71.6
2509230,11,984928,BARÇA ATLÈTIC,HOME,2550554,S. Keita,SF,2642172,J. Siftar,SF,2256034,J. Cerdan Palacios,SF,2641337,J. Boumtje Boumtje,SF,2082056,N. Poza Cervantes,SF,3.8,232.0,10.0,13.0,-3.0,103.4,134.5,-31.0
2509230,11,984928,BARÇA ATLÈTIC,HOME,2550554,S. Keita,SF,2642172,J. Siftar,SF,2641337,J. Boumtje Boumtje,SF,2646614,N. Kusturica,SF,2082056,N. Poza Cervantes,SF,2.2,131.0,3.0,4.0,-1.0,55.0,73.3,-18.3
2509230,11,984928,BARÇA ATLÈTIC,HOME,2550554,S. Keita,SF,2642172,J. Siftar,SF,2646614,N. Kusturica,SF,2082056,N. Poza Cervantes,SF,2642481,M. Dabone,SF,3.5,211.0,10.0,8.0,2.0,113.7,91.0,22.7
2509230,11,984928,BARÇA ATLÈTIC,HOME,2550554,S. Keita,SF,2642481,M. Dabone,SF,2642172,J. Siftar,SF,2646614,N. Kusturica,SF,2082056,N. Poza Cervantes,SF,1.4,85.0,1.0,4.0,-3.0,28.2,112.9,-84.7
2509230,11,984928,BARÇA ATLÈTIC,HOME,2550554,S. Keita,SF,2642481,M. Dabone,SF,2646614,N. Kusturica,SF,2082056,N. Poza Cervantes,SF,2642172,J. Siftar,SF,2.3,138.0,8.0,2.0,6.0,139.1,34.8,104.3
2509230,11,984928,BARÇA ATLÈTIC,HOME,2642172,J. Siftar,SF,2256034,J. Cerdan Palacios,SF,2218824,O. Filba Gonzalez,SF,2641337,J. Boumtje Boumtje,SF,2646614,N. Kusturica,SF,0.2,10.0,0.0,3.0,-3.0,0.0,720.0,-720.0
2509230,11,984928,BARÇA ATLÈTIC,HOME,2642481,M. Dabone,SF,2642172,J. Siftar,SF,2256034,J. Cerdan Palacios,SF,2646614,N. Kusturica,SF,2082056,N. Poza Cervantes,SF,1.0,62.0,3.0,2.0,1.0,116.1,77.4,38.7
2509230,11,984928,BARÇA ATLÈTIC,HOME,2642481,M. Dabone,SF,2642172,J. Siftar,SF,2641337,J. Boumtje Boumtje,SF,2646614,N. Kusturica,SF,2082056,N. Poza Cervantes,SF,1.5,89.0,2.0,3.0,-1.0,53.9,80.9,-27.0
2509230,11,984928,BARÇA ATLÈTIC,HOME,2642482,A. Kone,SF,2642481,M. Dabone,SF,2646614,N. Kusturica,SF,2082056,N. Poza Cervantes,SF,2642172,J. Siftar,SF,1.1,65.0,2.0,2.0,0.0,73.8,73.8,0.0
2509231,11,984929,JOVENTUT BADALONA,AWAY,1943849,F. Mauri Guillen,SF,2023675,A. Torres De La Torre,SF,2081709,E. Del Castillo Lindo,SF,2156562,R. Torras Ferrer,SF,2535717,K. Macías Book,SF,1.4,87.0,0.0,0.0,0.0,0.0,0.0,0.0
2509231,11,984929,JOVENTUT BADALONA,AWAY,1943849,F. Mauri Guillen,SF,2023675,A. Torres De La Torre,SF,2081709,E. Del Castillo Lindo,SF,2241509,H. Ruiz Zamorano,SF,2535717,K. Macías Book,SF,10.5,639.0,18.0,22.0,-4.0,67.6,82.6,-15.0
2509231,11,984929,JOVENTUT BADALONA,AWAY,1943849,F. Mauri Guillen,SF,2023675,A. Torres De La Torre,SF,2081709,E. Del Castillo Lindo,SF,2535717,K. Macías Book,SF,2528952,D. Niebla Santos,SF,3.4,203.0,5.0,6.0,-1.0,59.1,70.9,-11.8
2509231,11,984929,JOVENTUT BADALONA,AWAY,1943849,F. Mauri Guillen,SF,2023675,A. Torres De La Torre,SF,2081709,E. Del Castillo Lindo,SF,2845979,M. Buben,SF,2241509,H. Ruiz Zamorano,SF,2.2,137.0,4.0,7.0,-3.0,70.1,122.6,-52.6
2509231,11,984929,JOVENTUT BADALONA,AWAY,2023675,A. Torres De La Torre,SF,2081709,E. Del Castillo Lindo,SF,2156562,R. Torras Ferrer,SF,2241509,H. Ruiz Zamorano,SF,2535717,K. Macías Book,SF,3.2,188.0,5.0,2.0,3.0,63.8,25.5,38.3
2509231,11,984929,JOVENTUT BADALONA,AWAY,2023675,A. Torres De La Torre,SF,2081709,E. Del Castillo Lindo,SF,2156562,R. Torras Ferrer,SF,2535717,K. Macías Book,SF,2528952,D. Niebla Santos,SF,0.1,4.0,2.0,0.0,2.0,1200.0,0.0,1200.0
2509231,11,984929,JOVENTUT BADALONA,AWAY,2023675,A. Torres De La Torre,SF,2081709,E. Del Castillo Lindo,SF,2156562,R. Torras Ferrer,SF,2845979,M. Buben,SF,2241509,H. Ruiz Zamorano,SF,1.0,60.0,0.0,0.0,0.0,0.0,0.0,0.0
2509231,11,984929,JOVENTUT BADALONA,AWAY,2023675,A. Torres De La Torre,SF,2082268,S. Merebashvili Khutashvili,SF,2081709,E. Del Castillo Lindo,SF,2156562,R. Torras Ferrer,SF,2241509,H. Ruiz Zamorano,SF,0.2,14.0,0.0,1.0,-1.0,0.0,171.4,-171.4
2509231,11,984929,JOVENTUT BADALONA,AWAY,2023675,A. Torres De La Torre,SF,2082268,S. Merebashvili Khutashvili,SF,2081709,E. Del Castillo Lindo,SF,2156562,R. Torras Ferrer,SF,2535717,K. Macías Book,SF,1.2,72.0,4.0,0.0,4.0,133.3,0.0,133.3
2509231,11,984929,JOVENTUT BADALONA,AWAY,2023675,A. Torres De La Torre,SF,2082268,S. Merebashvili Khutashvili,SF,2081709,E. Del Castillo Lindo,SF,2241509,H. Ruiz Zamorano,SF,2535717,K. Macías Book,SF,1.4,84.0,3.0,8.0,-5.0,85.7,228.6,-142.9
2509231,11,984929,JOVENTUT BADALONA,AWAY,2023675,A. Torres De La Torre,SF,2082268,S. Merebashvili Khutashvili,SF,2081709,E. Del Castillo Lindo,SF,2845979,M. Buben,SF,2241509,H. Ruiz Zamorano,SF,1.6,96.0,0.0,2.0,-2.0,0.0,50.0,-50.0
2509231,11,984929,JOVENTUT BADALONA,AWAY,2081017,M. Julia Del Pozo,SF,2023675,A. Torres De La Torre,SF,2081709,E. Del Castillo Lindo,SF,2845979,M. Buben,SF,2241509,H. Ruiz Zamorano,SF,4.9,294.0,8.0,13.0,-5.0,65.3,106.1,-40.8
2509231,11,984929,JOVENTUT BADALONA,AWAY,2081017,M. Julia Del Pozo,SF,2023675,A. Torres De La Torre,SF,2081709,E. Del Castillo Lindo,SF,2845979,M. Buben,SF,2528952,D. Niebla Santos,SF,2.7,168.0,6.0,0.0,6.0,85.7,0.0,85.7
2509231,11,984929,JOVENTUT BADALONA,AWAY,2081017,M. Julia Del Pozo,SF,2023675,A. Torres De La Torre,SF,2082268,S. Merebashvili Khutashvili,SF,2081709,E. Del Castillo Lindo,SF,2535717,K. Macías Book,SF,1.7,103.0,5.0,2.0,3.0,116.5,46.6,69.9
2509231,11,984929,JOVENTUT BADALONA,AWAY,2081017,M. Julia Del Pozo,SF,2023675,A. Torres De La Torre,SF,2082268,S. Merebashvili Khutashvili,SF,2081709,E. Del Castillo Lindo,SF,2845979,M. Buben,SF,1.4,80.0,2.0,2.0,0.0,60.0,60.0,0.0
2509231,11,984929,JOVENTUT BADALONA,AWAY,2081017,M. Julia Del Pozo,SF,2082268,S. Merebashvili Khutashvili,SF,2081709,E. Del Castillo Lindo,SF,2845979,M. Buben,SF,2528952,D. Niebla Santos,SF,2.8,171.0,7.0,6.0,1.0,98.2,84.2,14.0
2509231,11,984930,BAXI MANRESA,HOME,1959173,M. Rosell Lanza,SF,2081822,A. Muncunill Ferrer,SF,2081670,G. Naspler Perez,SF,2738788,L. Bergseng,SF,2528977,B. Jekabsons,SF,0.7,41.0,2.0,0.0,2.0,117.1,0.0,117.1
2509231,11,984930,BAXI MANRESA,HOME,1959173,M. Rosell Lanza,SF,2081822,A. Muncunill Ferrer,SF,2153495,J. Salo Blaya,SF,2081670,G. Naspler Perez,SF,2528977,B. Jekabsons,SF,1.0,62.0,1.0,3.0,-2.0,38.7,116.1,-77.4
2509231,11,984930,BAXI MANRESA,HOME,1959173,M. Rosell Lanza,SF,2081822,A. Muncunill Ferrer,SF,2738788,L. Bergseng,SF,2081670,G. Naspler Perez,SF,2528977,B. Jekabsons,SF,1.4,83.0,5.0,0.0,5.0,144.6,0.0,144.6
2509231,11,984930,BAXI MANRESA,HOME,1959173,M. Rosell Lanza,SF,2081822,A. Muncunill Ferrer,SF,2738788,L. Bergseng,SF,2145902,F. Torreblanca Catalan,SF,2081670,G. Naspler Perez,SF,2.7,162.0,8.0,4.0,4.0,118.5,59.3,59.3
2509231,11,984930,BAXI MANRESA,HOME,1959173,M. Rosell Lanza,SF,2081822,A. Muncunill Ferrer,SF,2738788,L. Bergseng,SF,2145902,F. Torreblanca Catalan,SF,2153495,J. Salo Blaya,SF,1.6,95.0,5.0,2.0,3.0,126.3,50.5,75.8
2509231,11,984930,BAXI MANRESA,HOME,1959173,M. Rosell Lanza,SF,2145902,F. Torreblanca Catalan,SF,2153495,J. Salo Blaya,SF,2738788,L. Bergseng,SF,2081670,G. Naspler Perez,SF,0.1,4.0,0.0,2.0,-2.0,0.0,1200.0,-1200.0
2509231,11,984930,BAXI MANRESA,HOME,1959173,M. Rosell Lanza,SF,2145902,F. Torreblanca Catalan,SF,2738788,L. Bergseng,SF,2081670,G. Naspler Perez,SF,2528977,B. Jekabsons,SF,0.9,57.0,2.0,0.0,2.0,84.2,0.0,84.2
2509231,11,984930,BAXI MANRESA,HOME,1959173,M. Rosell Lanza,SF,2739297,I. Francisco,SF,2081670,G. Naspler Perez,SF,2738788,L. Bergseng,SF,2145902,F. Torreblanca Catalan,SF,2.1,129.0,7.0,2.0,5.0,130.2,37.2,93.0
2509231,11,984930,BAXI MANRESA,HOME,1959173,M. Rosell Lanza,SF,2739297,I. Francisco,SF,2081670,G. Naspler Perez,SF,2738788,L. Bergseng,SF,2528977,B. Jekabsons,SF,0.6,38.0,3.0,0.0,3.0,189.5,0.0,189.5
2509231,11,984930,BAXI MANRESA,HOME,2024613,M. Villalonga Asensio,SF,1959173,M. Rosell Lanza,SF,2081822,A. Muncunill Ferrer,SF,2153495,J. Salo Blaya,SF,2528977,B. Jekabsons,SF,0.3,16.0,0.0,0.0,0.0,0.0,0.0,0.0
2509231,11,984930,BAXI MANRESA,HOME,2024613,M. Villalonga Asensio,SF,1959173,M. Rosell Lanza,SF,2145902,F. Torreblanca Catalan,SF,2153495,J. Salo Blaya,SF,2738788,L. Bergseng,SF,1.5,90.0,0.0,0.0,0.0,0.0,0.0,0.0
2509231,11,984930,BAXI MANRESA,HOME,2024613,M. Villalonga Asensio,SF,1959173,M. Rosell Lanza,SF,2295371,G. Ecker Alberti,SF,2145902,F. Torreblanca Catalan,SF,2153495,J. Salo Blaya,SF,1.3,76.0,2.0,0.0,2.0,63.2,0.0,63.2
2509231,11,984930,BAXI MANRESA,HOME,2024613,M. Villalonga Asensio,SF,2081822,A. Muncunill Ferrer,SF,2153495,J. Salo Blaya,SF,2081670,G. Naspler Perez,SF,2528977,B. Jekabsons,SF,2.5,150.0,4.0,7.0,-3.0,64.0,112.0,-48.0
2509231,11,984930,BAXI MANRESA,HOME,2024613,M. Villalonga Asensio,SF,2081822,A. Muncunill Ferrer,SF,2738788,L. Bergseng,SF,2081670,G. Naspler Perez,SF,2528977,B. Jekabsons,SF,1.2,74.0,2.0,4.0,-2.0,64.9,129.7,-64.9
2509231,11,984930,BAXI MANRESA,HOME,2024613,M. Villalonga Asensio,SF,2295371,G. Ecker Alberti,SF,2145902,F. Torreblanca Catalan,SF,2153495,J. Salo Blaya,SF,2081670,G. Naspler Perez,SF,0.3,20.0,0.0,0.0,0.0,0.0,0.0,0.0
2509231,11,984930,BAXI MANRESA,HOME,2024613,M. Villalonga Asensio,SF,2739297,I. Francisco,SF,2081670,G. Naspler Perez,SF,2738788,L. Bergseng,SF,2145902,F. Torreblanca Catalan,SF,2.2,135.0,0.0,0.0,0.0,0.0,0.0,0.0
2509231,11,984930,BAXI MANRESA,HOME,2024613,M. Villalonga Asensio,SF,2739297,I. Francisco,SF,2145902,F. Torreblanca Catalan,SF,2153495,J. Salo Blaya,SF,2081670,G. Naspler Perez,SF,1.1,69.0,2.0,0.0,2.0,69.6,0.0,69.6
2509231,11,984930,BAXI MANRESA,HOME,2081822,A. Muncunill Ferrer,SF,1959173,M. Rosell Lanza,SF,2145902,F. Torreblanca Catalan,SF,2738788,L. Bergseng,SF,2081670,G. Naspler Perez,SF,1.3,77.0,0.0,2.0,-2.0,0.0,62.3,-62.3
2509231,11,984930,BAXI MANRESA,HOME,2081822,A. Muncunill Ferrer,SF,1959173,M. Rosell Lanza,SF,2153495,J. Salo Blaya,SF,2081670,G. Naspler Perez,SF,2528977,B. Jekabsons,SF,1.1,62.0,0.0,2.0,-2.0,0.0,77.4,-77.4
2509231,11,984930,BAXI MANRESA,HOME,2081822,A. Muncunill Ferrer,SF,2295371,G. Ecker Alberti,SF,2145902,F. Torreblanca Catalan,SF,2153495,J. Salo Blaya,SF,2081670,G. Naspler Perez,SF,1.4,84.0,8.0,3.0,5.0,228.6,85.7,142.9
2509231,11,984930,BAXI MANRESA,HOME,2081822,A. Muncunill Ferrer,SF,2295371,G. Ecker Alberti,SF,2153495,J. Salo Blaya,SF,2081670,G. Naspler Perez,SF,2528977,B. Jekabsons,SF,1.2,71.0,2.0,3.0,-1.0,67.6,101.4,-33.8
2509231,11,984930,BAXI MANRESA,HOME,2295371,G. Ecker Alberti,SF,2739297,I. Francisco,SF,1959173,M. Rosell Lanza,SF,2145902,F. Torreblanca Catalan,SF,2738788,L. Bergseng,SF,3.2,195.0,3.0,8.0,-5.0,36.9,98.5,-61.5
2509231,11,984930,BAXI MANRESA,HOME,2353230,M. Ndiaye,SF,2024613,M. Villalonga Asensio,SF,1959173,M. Rosell Lanza,SF,2081822,A. Muncunill Ferrer,SF,2145902,F. Torreblanca Catalan,SF,2.3,140.0,3.0,4.0,-1.0,51.4,68.6,-17.1
2509231,11,984930,BAXI MANRESA,HOME,2353230,M. Ndiaye,SF,2024613,M. Villalonga Asensio,SF,1959173,M. Rosell Lanza,SF,2081822,A. Muncunill Ferrer,SF,2528977,B. Jekabsons,SF,0.2,10.0,0.0,2.0,-2.0,0.0,480.0,-480.0
2509231,11,984930,BAXI MANRESA,HOME,2353230,M. Ndiaye,SF,2024613,M. Villalonga Asensio,SF,2739297,I. Francisco,SF,2145902,F. Torreblanca Catalan,SF,2738788,L. Bergseng,SF,1.2,76.0,2.0,5.0,-3.0,63.2,157.9,-94.7
2509231,11,984930,BAXI MANRESA,HOME,2353230,M. Ndiaye,SF,2081822,A. Muncunill Ferrer,SF,1959173,M. Rosell Lanza,SF,2145902,F. Torreblanca Catalan,SF,2738788,L. Bergseng,SF,0.4,26.0,0.0,2.0,-2.0,0.0,184.6,-184.6
2509231,11,984930,BAXI MANRESA,HOME,2353230,M. Ndiaye,SF,2739297,I. Francisco,SF,1959173,M. Rosell Lanza,SF,2145902,F. Torreblanca Catalan,SF,2738788,L. Bergseng,SF,1.1,69.0,0.0,2.0,-2.0,0.0,69.6,-69.6
2509231,11,984930,BAXI MANRESA,HOME,2739297,I. Francisco,SF,2081822,A. Muncunill Ferrer,SF,2153495,J. Salo Blaya,SF,2081670,G. Naspler Perez,SF,2528977,B. Jekabsons,SF,0.2,13.0,0.0,3.0,-3.0,0.0,553.8,-553.8
2509231,11,984930,BAXI MANRESA,HOME,2739297,I. Francisco,SF,2295371,G. Ecker Alberti,SF,2145902,F. Torreblanca Catalan,SF,2738788,L. Bergseng,SF,2081670,G. Naspler Perez,SF,3.3,197.0,6.0,5.0,1.0,73.1,60.9,12.2
2509231,11,984930,BAXI MANRESA,HOME,2739297,I. Francisco,SF,2295371,G. Ecker Alberti,SF,2738788,L. Bergseng,SF,2081670,G. Naspler Perez,SF,2528977,B. Jekabsons,SF,1.3,79.0,4.0,4.0,0.0,121.5,121.5,0.0
2509232,12,984926,FUNDACIÓN CB CANARIAS,AWAY,1856308,D. Acosta Moliné,SF,2044955,X. Lopez Rodriguez,SF,2444602,L. Riga,SF,2181003,R. Rodriguez Galvan,SF,2007163,D. Fernandez Trujillo,SF,0.9,53.0,0.0,0.0,0.0,0.0,0.0,0.0
2509232,12,984926,FUNDACIÓN CB CANARIAS,AWAY,1856308,D. Acosta Moliné,SF,2044955,X. Lopez Rodriguez,SF,2829962,D. Bordón Dri,SF,2181003,R. Rodriguez Galvan,SF,2470375,M. Sangare,SF,7.7,468.0,21.0,20.0,1.0,107.7,102.6,5.1
2509232,12,984926,FUNDACIÓN CB CANARIAS,AWAY,1856308,D. Acosta Moliné,SF,2044955,X. Lopez Rodriguez,SF,2829962,D. Bordón Dri,SF,2444602,L. Riga,SF,2007163,D. Fernandez Trujillo,SF,1.5,90.0,0.0,4.0,-4.0,0.0,106.7,-106.7
2509232,12,984926,FUNDACIÓN CB CANARIAS,AWAY,1856308,D. Acosta Moliné,SF,2044955,X. Lopez Rodriguez,SF,2829962,D. Bordón Dri,SF,2444602,L. Riga,SF,2181003,R. Rodriguez Galvan,SF,6.6,397.0,13.0,7.0,6.0,78.6,42.3,36.3
2509232,12,984926,FUNDACIÓN CB CANARIAS,AWAY,2734732,E. Prekevicius,SF,1856308,D. Acosta Moliné,SF,2044955,X. Lopez Rodriguez,SF,2181003,R. Rodriguez Galvan,SF,2129281,G. Hernández Expósito,SF,1.7,106.0,5.0,2.0,3.0,113.2,45.3,67.9
2509232,12,984926,FUNDACIÓN CB CANARIAS,AWAY,2734732,E. Prekevicius,SF,1856308,D. Acosta Moliné,SF,2044955,X. Lopez Rodriguez,SF,2181003,R. Rodriguez Galvan,SF,2470375,M. Sangare,SF,2.3,140.0,0.0,4.0,-4.0,0.0,68.6,-68.6
2509232,12,984926,FUNDACIÓN CB CANARIAS,AWAY,2734732,E. Prekevicius,SF,1856308,D. Acosta Moliné,SF,2044955,X. Lopez Rodriguez,SF,2444602,L. Riga,SF,2829962,D. Bordón Dri,SF,0.4,25.0,0.0,4.0,-4.0,0.0,384.0,-384.0
2509232,12,984926,FUNDACIÓN CB CANARIAS,AWAY,2734732,E. Prekevicius,SF,1856308,D. Acosta Moliné,SF,2044955,X. Lopez Rodriguez,SF,2829962,D. Bordón Dri,SF,2181003,R. Rodriguez Galvan,SF,1.6,96.0,5.0,6.0,-1.0,125.0,150.0,-25.0
2509232,12,984926,FUNDACIÓN CB CANARIAS,AWAY,2734732,E. Prekevicius,SF,1856308,D. Acosta Moliné,SF,2044955,X. Lopez Rodriguez,SF,2829962,D. Bordón Dri,SF,2444602,L. Riga,SF,1.4,81.0,2.0,4.0,-2.0,59.3,118.5,-59.3
2509232,12,984926,FUNDACIÓN CB CANARIAS,AWAY,2734732,E. Prekevicius,SF,1856308,D. Acosta Moliné,SF,2044955,X. Lopez Rodriguez,SF,2829962,D. Bordón Dri,SF,2470375,M. Sangare,SF,1.6,95.0,3.0,0.0,3.0,75.8,0.0,75.8
2509232,12,984926,FUNDACIÓN CB CANARIAS,AWAY,2734732,E. Prekevicius,SF,1856308,D. Acosta Moliné,SF,2829962,D. Bordón Dri,SF,2444602,L. Riga,SF,2181003,R. Rodriguez Galvan,SF,1.7,106.0,2.0,5.0,-3.0,45.3,113.2,-67.9
2509232,12,984926,FUNDACIÓN CB CANARIAS,AWAY,2829962,D. Bordón Dri,SF,1856308,D. Acosta Moliné,SF,2044955,X. Lopez Rodriguez,SF,2007163,D. Fernandez Trujillo,SF,2470375,M. Sangare,SF,1.5,92.0,0.0,2.0,-2.0,0.0,52.2,-52.2
2509232,12,984926,FUNDACIÓN CB CANARIAS,AWAY,2829962,D. Bordón Dri,SF,1856308,D. Acosta Moliné,SF,2044955,X. Lopez Rodriguez,SF,2181003,R. Rodriguez Galvan,SF,2470375,M. Sangare,SF,4.3,258.0,10.0,8.0,2.0,93.0,74.4,18.6
2509232,12,984926,FUNDACIÓN CB CANARIAS,AWAY,2829962,D. Bordón Dri,SF,1856308,D. Acosta Moliné,SF,2044955,X. Lopez Rodriguez,SF,2444602,L. Riga,SF,2181003,R. Rodriguez Galvan,SF,3.3,196.0,6.0,2.0,4.0,73.5,24.5,49.0
2509232,12,984926,FUNDACIÓN CB CANARIAS,AWAY,2829962,D. Bordón Dri,SF,1856308,D. Acosta Moliné,SF,2444602,L. Riga,SF,2181003,R. Rodriguez Galvan,SF,2007163,D. Fernandez Trujillo,SF,3.3,197.0,4.0,9.0,-5.0,48.7,109.6,-60.9
2509232,12,984928,BARÇA ATLÈTIC,HOME,2166517,D. Gonzalez Castro,SF,2550554,S. Keita,SF,2647995,M. Keita,SF,2218824,O. Filba Gonzalez,SF,2642172,J. Siftar,SF,3.9,238.0,7.0,10.0,-3.0,70.6,100.8,-30.3
2509232,12,984928,BARÇA ATLÈTIC,HOME,2166517,D. Gonzalez Castro,SF,2550554,S. Keita,SF,2647995,M. Keita,SF,2218824,O. Filba Gonzalez,SF,2646614,N. Kusturica,SF,1.4,81.0,4.0,2.0,2.0,118.5,59.3,59.3
2509232,12,984928,BARÇA ATLÈTIC,HOME,2166517,D. Gonzalez Castro,SF,2642482,A. Kone,SF,2641337,J. Boumtje Boumtje,SF,2646614,N. Kusturica,SF,2082056,N. Poza Cervantes,SF,1.8,107.0,2.0,7.0,-5.0,44.9,157.0,-112.1
2509232,12,984928,BARÇA ATLÈTIC,HOME,2166517,D. Gonzalez Castro,SF,2642482,A. Kone,SF,2647995,M. Keita,SF,2082056,N. Poza Cervantes,SF,2642172,J. Siftar,SF,1.5,92.0,4.0,4.0,0.0,104.3,104.3,0.0
2509232,12,984928,BARÇA ATLÈTIC,HOME,2166517,D. Gonzalez Castro,SF,2642482,A. Kone,SF,2647995,M. Keita,SF,2218824,O. Filba Gonzalez,SF,2641337,J. Boumtje Boumtje,SF,0.5,28.0,1.0,0.0,1.0,85.7,0.0,85.7
2509232,12,984928,BARÇA ATLÈTIC,HOME,2166517,D. Gonzalez Castro,SF,2642482,A. Kone,SF,2647995,M. Keita,SF,2218824,O. Filba Gonzalez,SF,2642172,J. Siftar,SF,1.6,97.0,0.0,5.0,-5.0,0.0,123.7,-123.7
2509232,12,984928,BARÇA ATLÈTIC,HOME,2166517,D. Gonzalez Castro,SF,2642482,A. Kone,SF,2647995,M. Keita,SF,2646614,N. Kusturica,SF,2082056,N. Poza Cervantes,SF,4.6,278.0,13.0,5.0,8.0,112.2,43.2,69.1
2509232,12,984928,BARÇA ATLÈTIC,HOME,2166517,D. Gonzalez Castro,SF,2647995,M. Keita,SF,2218824,O. Filba Gonzalez,SF,2641337,J. Boumtje Boumtje,SF,2646614,N. Kusturica,SF,0.5,29.0,3.0,0.0,3.0,248.3,0.0,248.3
2509232,12,984928,BARÇA ATLÈTIC,HOME,2550554,S. Keita,SF,2218824,O. Filba Gonzalez,SF,2641337,J. Boumtje Boumtje,SF,2646614,N. Kusturica,SF,2642172,J. Siftar,SF,1.6,95.0,2.0,1.0,1.0,50.5,25.3,25.3
2509232,12,984928,BARÇA ATLÈTIC,HOME,2550554,S. Keita,SF,2458688,E. Montaner García,SF,2641337,J. Boumtje Boumtje,SF,2646614,N. Kusturica,SF,2082056,N. Poza Cervantes,SF,10.3,620.0,18.0,19.0,-1.0,69.7,73.5,-3.9
2509232,12,984928,BARÇA ATLÈTIC,HOME,2550554,S. Keita,SF,2641337,J. Boumtje Boumtje,SF,2646614,N. Kusturica,SF,2082056,N. Poza Cervantes,SF,2642172,J. Siftar,SF,0.8,47.0,2.0,0.0,2.0,102.1,0.0,102.1
2509232,12,984928,BARÇA ATLÈTIC,HOME,2550554,S. Keita,SF,2647995,M. Keita,SF,2458688,E. Montaner García,SF,2641337,J. Boumtje Boumtje,SF,2082056,N. Poza Cervantes,SF,0.9,57.0,4.0,0.0,4.0,168.4,0.0,168.4
2509232,12,984928,BARÇA ATLÈTIC,HOME,2550554,S. Keita,SF,2647995,M. Keita,SF,2641337,J. Boumtje Boumtje,SF,2646614,N. Kusturica,SF,2082056,N. Poza Cervantes,SF,2.4,145.0,9.0,3.0,6.0,149.0,49.7,99.3
2509232,12,984928,BARÇA ATLÈTIC,HOME,2642482,A. Kone,SF,2458688,E. Montaner García,SF,2641337,J. Boumtje Boumtje,SF,2646614,N. Kusturica,SF,2082056,N. Poza Cervantes,SF,1.9,115.0,0.0,8.0,-8.0,0.0,167.0,-167.0
2509232,12,984928,BARÇA ATLÈTIC,HOME,2642482,A. Kone,SF,2641337,J. Boumtje Boumtje,SF,2646614,N. Kusturica,SF,2082056,N. Poza Cervantes,SF,2642172,J. Siftar,SF,1.6,95.0,0.0,3.0,-3.0,0.0,75.8,-75.8
2509232,12,984928,BARÇA ATLÈTIC,HOME,2642482,A. Kone,SF,2647995,M. Keita,SF,2218824,O. Filba Gonzalez,SF,2641337,J. Boumtje Boumtje,SF,2642172,J. Siftar,SF,0.8,47.0,2.0,2.0,0.0,102.1,102.1,0.0
2509232,12,984928,BARÇA ATLÈTIC,HOME,2642482,A. Kone,SF,2647995,M. Keita,SF,2458688,E. Montaner García,SF,2646614,N. Kusturica,SF,2082056,N. Poza Cervantes,SF,1.4,88.0,2.0,0.0,2.0,54.5,0.0,54.5
2509232,12,984928,BARÇA ATLÈTIC,HOME,2642482,A. Kone,SF,2647995,M. Keita,SF,2641337,J. Boumtje Boumtje,SF,2082056,N. Poza Cervantes,SF,2642172,J. Siftar,SF,1.5,90.0,4.0,0.0,4.0,106.7,0.0,106.7
2509232,12,984928,BARÇA ATLÈTIC,HOME,2642482,A. Kone,SF,2647995,M. Keita,SF,2641337,J. Boumtje Boumtje,SF,2646614,N. Kusturica,SF,2082056,N. Poza Cervantes,SF,0.8,51.0,0.0,2.0,-2.0,0.0,94.1,-94.1
2509233,12,984792,REAL MADRID,HOME,2094410,H. Alonso Martinez,SF,2122875,I. Almansa Perez,SF,2735493,F. Kayser,SF,2662049,A. Bjelic,SF,2480762,G. Grinvalds,SF,2.1,126.0,0.0,2.0,-2.0,0.0,38.1,-38.1
2509233,12,984792,REAL MADRID,HOME,2094410,H. Alonso Martinez,SF,2122875,I. Almansa Perez,SF,2817763,E. Amosov,SF,2286044,I. Ruperez Nuñez-Morgades,SF,2480762,G. Grinvalds,SF,0.6,36.0,0.0,2.0,-2.0,0.0,133.3,-133.3
2509233,12,984792,REAL MADRID,HOME,2094410,H. Alonso Martinez,SF,2122875,I. Almansa Perez,SF,2817763,E. Amosov,SF,2662049,A. Bjelic,SF,2480762,G. Grinvalds,SF,0.8,49.0,1.0,0.0,1.0,49.0,0.0,49.0
2509233,12,984792,REAL MADRID,HOME,2094410,H. Alonso Martinez,SF,2679004,O. Diarra,SF,2122875,I. Almansa Perez,SF,2817763,E. Amosov,SF,2370180,O. Hadi Adegbite,SF,2.5,150.0,2.0,4.0,-2.0,32.0,64.0,-32.0
2509233,12,984792,REAL MADRID,HOME,2094410,H. Alonso Martinez,SF,2679004,O. Diarra,SF,2122875,I. Almansa Perez,SF,2817763,E. Amosov,SF,2735493,F. Kayser,SF,2.8,164.0,7.0,2.0,5.0,102.4,29.3,73.2
2509233,12,984792,REAL MADRID,HOME,2094410,H. Alonso Martinez,SF,2679004,O. Diarra,SF,2735493,F. Kayser,SF,2662049,A. Bjelic,SF,2480762,G. Grinvalds,SF,7.1,418.0,20.0,7.0,13.0,114.8,40.2,74.6
2509233,12,984792,REAL MADRID,HOME,2094410,H. Alonso Martinez,SF,2679004,O. Diarra,SF,2817763,E. Amosov,SF,2662049,A. Bjelic,SF,2480762,G. Grinvalds,SF,1.4,84.0,3.0,2.0,1.0,85.7,57.1,28.6
2509233,12,984792,REAL MADRID,HOME,2094410,H. Alonso Martinez,SF,2679004,O. Diarra,SF,2817763,E. Amosov,SF,2735493,F. Kayser,SF,2480762,G. Grinvalds,SF,0.2,12.0,0.0,0.0,0.0,0.0,0.0,0.0
2509233,12,984792,REAL MADRID,HOME,2645392,O. Kutluay,SF,2094410,H. Alonso Martinez,SF,2122875,I. Almansa Perez,SF,2227587,G. Tavier Montoya,SF,2817763,E. Amosov,SF,2.3,142.0,7.0,0.0,7.0,118.3,0.0,118.3
2509233,12,984792,REAL MADRID,HOME,2645392,O. Kutluay,SF,2094410,H. Alonso Martinez,SF,2122875,I. Almansa Perez,SF,2817763,E. Amosov,SF,2286044,I. Ruperez Nuñez-Morgades,SF,4.4,265.0,8.0,7.0,1.0,72.5,63.4,9.1
2509233,12,984792,REAL MADRID,HOME,2645392,O. Kutluay,SF,2094410,H. Alonso Martinez,SF,2122875,I. Almansa Perez,SF,2817763,E. Amosov,SF,2662049,A. Bjelic,SF,2.4,141.0,9.0,7.0,2.0,153.2,119.1,34.0
2509233,12,984792,REAL MADRID,HOME,2645392,O. Kutluay,SF,2094410,H. Alonso Martinez,SF,2122875,I. Almansa Perez,SF,2817763,E. Amosov,SF,2735493,F. Kayser,SF,2.5,148.0,8.0,2.0,6.0,129.7,32.4,97.3
2509233,12,984792,REAL MADRID,HOME,2645392,O. Kutluay,SF,2094410,H. Alonso Martinez,SF,2227587,G. Tavier Montoya,SF,2043083,R. Rioja Achiaga,SF,2286044,I. Ruperez Nuñez-Morgades,SF,3.0,182.0,7.0,0.0,7.0,92.3,0.0,92.3
2509233,12,984792,REAL MADRID,HOME,2645392,O. Kutluay,SF,2094410,H. Alonso Martinez,SF,2679004,O. Diarra,SF,2043083,R. Rioja Achiaga,SF,2817763,E. Amosov,SF,2.7,161.0,8.0,6.0,2.0,119.3,89.4,29.8
2509233,12,984792,REAL MADRID,HOME,2645392,O. Kutluay,SF,2094410,H. Alonso Martinez,SF,2679004,O. Diarra,SF,2122875,I. Almansa Perez,SF,2817763,E. Amosov,SF,5.3,322.0,12.0,12.0,0.0,89.4,89.4,0.0
2509233,12,984923,GRAN CANARIA,AWAY,2441048,E. Heinonen,SF,1885980,F. Díaz Herrera,SF,2044256,J. Arteaga Giner,SF,2651631,M. Miteo,SF,2087418,G. Baez Pierson,SF,2.4,140.0,1.0,8.0,-7.0,17.1,137.1,-120.0
2509233,12,984923,GRAN CANARIA,AWAY,2441048,E. Heinonen,SF,1885980,F. Díaz Herrera,SF,2044256,J. Arteaga Giner,SF,2651631,M. Miteo,SF,2760153,C. Mbengue,SF,7.1,426.0,11.0,19.0,-8.0,62.0,107.0,-45.1
2509233,12,984923,GRAN CANARIA,AWAY,2441048,E. Heinonen,SF,1885980,F. Díaz Herrera,SF,2044256,J. Arteaga Giner,SF,2760153,C. Mbengue,SF,2651631,M. Miteo,SF,0.4,23.0,0.0,0.0,0.0,0.0,0.0,0.0
2509233,12,984923,GRAN CANARIA,AWAY,2441048,E. Heinonen,SF,2044256,J. Arteaga Giner,SF,2177916,P. Pasqua Amat,SF,2129323,J. Yánez García,SF,2563387,M. Coulibaly,SF,3.0,182.0,0.0,7.0,-7.0,0.0,92.3,-92.3
2509233,12,984923,GRAN CANARIA,AWAY,2441048,E. Heinonen,SF,2827856,B. González Ramírez,SF,2044256,J. Arteaga Giner,SF,2177916,P. Pasqua Amat,SF,2563387,M. Coulibaly,SF,2.7,161.0,6.0,8.0,-2.0,89.4,119.3,-29.8
2509233,12,984923,GRAN CANARIA,AWAY,2441048,E. Heinonen,SF,2834161,W. Tsafack,SF,1885980,F. Díaz Herrera,SF,2044256,J. Arteaga Giner,SF,2087418,G. Baez Pierson,SF,1.1,69.0,0.0,6.0,-6.0,0.0,208.7,-208.7
2509233,12,984923,GRAN CANARIA,AWAY,2441048,E. Heinonen,SF,2834161,W. Tsafack,SF,1885980,F. Díaz Herrera,SF,2044256,J. Arteaga Giner,SF,2651631,M. Miteo,SF,3.6,214.0,4.0,10.0,-6.0,44.9,112.1,-67.3
2509233,12,984923,GRAN CANARIA,AWAY,2441048,E. Heinonen,SF,2834161,W. Tsafack,SF,1885980,F. Díaz Herrera,SF,2044256,J. Arteaga Giner,SF,2760153,C. Mbengue,SF,1.4,81.0,0.0,3.0,-3.0,0.0,88.9,-88.9
2509233,12,984923,GRAN CANARIA,AWAY,2441048,E. Heinonen,SF,2834161,W. Tsafack,SF,2044256,J. Arteaga Giner,SF,2651631,M. Miteo,SF,2087418,G. Baez Pierson,SF,0.9,52.0,0.0,2.0,-2.0,0.0,92.3,-92.3
2509233,12,984923,GRAN CANARIA,AWAY,2441048,E. Heinonen,SF,2834161,W. Tsafack,SF,2044256,J. Arteaga Giner,SF,2760153,C. Mbengue,SF,2087418,G. Baez Pierson,SF,1.4,84.0,2.0,2.0,0.0,57.1,57.1,0.0
2509233,12,984923,GRAN CANARIA,AWAY,2441048,E. Heinonen,SF,2834161,W. Tsafack,SF,2044256,J. Arteaga Giner,SF,2760153,C. Mbengue,SF,2827856,B. González Ramírez,SF,3.5,212.0,12.0,7.0,5.0,135.8,79.2,56.6
2509233,12,984923,GRAN CANARIA,AWAY,2441048,E. Heinonen,SF,2834161,W. Tsafack,SF,2177916,P. Pasqua Amat,SF,2044256,J. Arteaga Giner,SF,2563387,M. Coulibaly,SF,1.8,108.0,2.0,2.0,0.0,44.4,44.4,0.0
2509233,12,984923,GRAN CANARIA,AWAY,2441048,E. Heinonen,SF,2834161,W. Tsafack,SF,2177916,P. Pasqua Amat,SF,2044256,J. Arteaga Giner,SF,2760153,C. Mbengue,SF,1.9,116.0,2.0,6.0,-4.0,41.4,124.1,-82.8
2509233,12,984923,GRAN CANARIA,AWAY,2441048,E. Heinonen,SF,2834161,W. Tsafack,SF,2827856,B. González Ramírez,SF,2044256,J. Arteaga Giner,SF,2087418,G. Baez Pierson,SF,2.0,118.0,4.0,3.0,1.0,81.4,61.0,20.3
2509233,12,984923,GRAN CANARIA,AWAY,2834161,W. Tsafack,SF,2441048,E. Heinonen,SF,1885980,F. Díaz Herrera,SF,2044256,J. Arteaga Giner,SF,2651631,M. Miteo,SF,2.6,158.0,5.0,5.0,0.0,75.9,75.9,0.0
2509233,12,984923,GRAN CANARIA,AWAY,2834161,W. Tsafack,SF,2441048,E. Heinonen,SF,2044256,J. Arteaga Giner,SF,2760153,C. Mbengue,SF,2827856,B. González Ramírez,SF,4.3,256.0,4.0,4.0,0.0,37.5,37.5,0.0
2509234,12,984927,CASADEMONT ZARAGOZA,AWAY,1975428,C. Alias Bermudez,SF,2382801,J. Prieto Alejandre,SF,2736780,S. Faye,SF,2646355,M. Lukic,SF,2008960,A. Moreno Valero,SF,2.7,165.0,2.0,6.0,-4.0,29.1,87.3,-58.2
2509234,12,984927,CASADEMONT ZARAGOZA,AWAY,1975428,C. Alias Bermudez,SF,2438847,A. Savkov,SF,2646355,M. Lukic,SF,2008960,A. Moreno Valero,SF,2382632,A. Cativiela Aisa,SF,0.1,6.0,0.0,0.0,0.0,0.0,0.0,0.0
2509234,12,984927,CASADEMONT ZARAGOZA,AWAY,1975428,C. Alias Bermudez,SF,2648124,A. Rodriguez Aguila,SF,2008960,A. Moreno Valero,SF,2438847,A. Savkov,SF,2382632,A. Cativiela Aisa,SF,0.7,43.0,0.0,2.0,-2.0,0.0,111.6,-111.6
2509234,12,984927,CASADEMONT ZARAGOZA,AWAY,1975428,C. Alias Bermudez,SF,2648124,A. Rodriguez Aguila,SF,2125634,J. Garcia Sanchez,SF,2438847,A. Savkov,SF,2008960,A. Moreno Valero,SF,1.1,66.0,0.0,4.0,-4.0,0.0,145.5,-145.5
2509234,12,984927,CASADEMONT ZARAGOZA,AWAY,1975428,C. Alias Bermudez,SF,2648124,A. Rodriguez Aguila,SF,2125634,J. Garcia Sanchez,SF,2438847,A. Savkov,SF,2382632,A. Cativiela Aisa,SF,3.3,198.0,1.0,6.0,-5.0,12.1,72.7,-60.6
2509234,12,984927,CASADEMONT ZARAGOZA,AWAY,1975428,C. Alias Bermudez,SF,2648124,A. Rodriguez Aguila,SF,2125634,J. Garcia Sanchez,SF,2646355,M. Lukic,SF,2438847,A. Savkov,SF,3.5,211.0,6.0,5.0,1.0,68.2,56.9,11.4
2509234,12,984927,CASADEMONT ZARAGOZA,AWAY,1975428,C. Alias Bermudez,SF,2648124,A. Rodriguez Aguila,SF,2382801,J. Prieto Alejandre,SF,2125634,J. Garcia Sanchez,SF,2382632,A. Cativiela Aisa,SF,1.0,58.0,0.0,2.0,-2.0,0.0,82.8,-82.8
2509234,12,984927,CASADEMONT ZARAGOZA,AWAY,1975428,C. Alias Bermudez,SF,2648124,A. Rodriguez Aguila,SF,2382801,J. Prieto Alejandre,SF,2125634,J. Garcia Sanchez,SF,2438847,A. Savkov,SF,0.5,31.0,2.0,3.0,-1.0,154.8,232.3,-77.4
2509234,12,984927,CASADEMONT ZARAGOZA,AWAY,1975428,C. Alias Bermudez,SF,2648124,A. Rodriguez Aguila,SF,2438847,A. Savkov,SF,2646355,M. Lukic,SF,2008960,A. Moreno Valero,SF,0.0,2.0,0.0,0.0,0.0,0.0,0.0,0.0
2509234,12,984927,CASADEMONT ZARAGOZA,AWAY,1975428,C. Alias Bermudez,SF,2648124,A. Rodriguez Aguila,SF,2646355,M. Lukic,SF,2008960,A. Moreno Valero,SF,2438847,A. Savkov,SF,2.5,150.0,6.0,5.0,1.0,96.0,80.0,16.0
2509234,12,984927,CASADEMONT ZARAGOZA,AWAY,1975428,C. Alias Bermudez,SF,2736780,S. Faye,SF,2008960,A. Moreno Valero,SF,2438847,A. Savkov,SF,2382632,A. Cativiela Aisa,SF,1.5,91.0,6.0,0.0,6.0,158.2,0.0,158.2
2509234,12,984927,CASADEMONT ZARAGOZA,AWAY,1975428,C. Alias Bermudez,SF,2736780,S. Faye,SF,2125634,J. Garcia Sanchez,SF,2438847,A. Savkov,SF,2382632,A. Cativiela Aisa,SF,0.5,27.0,0.0,0.0,0.0,0.0,0.0,0.0
2509234,12,984927,CASADEMONT ZARAGOZA,AWAY,1975428,C. Alias Bermudez,SF,2736780,S. Faye,SF,2125634,J. Garcia Sanchez,SF,2438847,A. Savkov,SF,2646355,M. Lukic,SF,0.6,37.0,0.0,1.0,-1.0,0.0,64.9,-64.9
2509234,12,984927,CASADEMONT ZARAGOZA,AWAY,1975428,C. Alias Bermudez,SF,2736780,S. Faye,SF,2382801,J. Prieto Alejandre,SF,2008960,A. Moreno Valero,SF,2382632,A. Cativiela Aisa,SF,1.1,69.0,2.0,3.0,-1.0,69.6,104.3,-34.8
2509234,12,984927,CASADEMONT ZARAGOZA,AWAY,1975428,C. Alias Bermudez,SF,2736780,S. Faye,SF,2382801,J. Prieto Alejandre,SF,2125634,J. Garcia Sanchez,SF,2438847,A. Savkov,SF,2.2,128.0,3.0,3.0,0.0,56.2,56.2,0.0
2509234,12,984927,CASADEMONT ZARAGOZA,AWAY,1975428,C. Alias Bermudez,SF,2736780,S. Faye,SF,2438847,A. Savkov,SF,2008960,A. Moreno Valero,SF,2382632,A. Cativiela Aisa,SF,3.1,193.0,8.0,9.0,-1.0,99.5,111.9,-12.4
2509234,12,984927,CASADEMONT ZARAGOZA,AWAY,1975428,C. Alias Bermudez,SF,2736780,S. Faye,SF,2438847,A. Savkov,SF,2646355,M. Lukic,SF,2008960,A. Moreno Valero,SF,0.7,40.0,0.0,3.0,-3.0,0.0,180.0,-180.0
2509234,12,984927,CASADEMONT ZARAGOZA,AWAY,1975428,C. Alias Bermudez,SF,2736780,S. Faye,SF,2648124,A. Rodriguez Aguila,SF,2008960,A. Moreno Valero,SF,2382632,A. Cativiela Aisa,SF,0.7,39.0,2.0,0.0,2.0,123.1,0.0,123.1
2509234,12,984927,CASADEMONT ZARAGOZA,AWAY,1975428,C. Alias Bermudez,SF,2736780,S. Faye,SF,2648124,A. Rodriguez Aguila,SF,2438847,A. Savkov,SF,2382632,A. Cativiela Aisa,SF,0.0,1.0,0.0,0.0,0.0,0.0,0.0,0.0
2509234,12,984927,CASADEMONT ZARAGOZA,AWAY,2648124,A. Rodriguez Aguila,SF,2125634,J. Garcia Sanchez,SF,2438847,A. Savkov,SF,2646355,M. Lukic,SF,2008960,A. Moreno Valero,SF,2.8,171.0,2.0,4.0,-2.0,28.1,56.1,-28.1
2509234,12,984927,CASADEMONT ZARAGOZA,AWAY,2648124,A. Rodriguez Aguila,SF,2125634,J. Garcia Sanchez,SF,2646355,M. Lukic,SF,2008960,A. Moreno Valero,SF,2438847,A. Savkov,SF,0.7,41.0,2.0,2.0,0.0,117.1,117.1,0.0
2509234,12,984927,CASADEMONT ZARAGOZA,AWAY,2736780,S. Faye,SF,2125634,J. Garcia Sanchez,SF,2199699,H. Valle Paramio,SF,2646355,M. Lukic,SF,2438847,A. Savkov,SF,1.5,86.0,3.0,3.0,0.0,83.7,83.7,0.0
2509234,12,984927,CASADEMONT ZARAGOZA,AWAY,2736780,S. Faye,SF,2199699,H. Valle Paramio,SF,2646355,M. Lukic,SF,2008960,A. Moreno Valero,SF,2438847,A. Savkov,SF,1.8,110.0,2.0,2.0,0.0,43.6,43.6,0.0
2509234,12,984927,CASADEMONT ZARAGOZA,AWAY,2736780,S. Faye,SF,2382801,J. Prieto Alejandre,SF,2125634,J. Garcia Sanchez,SF,2008960,A. Moreno Valero,SF,2382632,A. Cativiela Aisa,SF,1.9,117.0,6.0,2.0,4.0,123.1,41.0,82.1
2509234,12,984927,CASADEMONT ZARAGOZA,AWAY,2736780,S. Faye,SF,2382801,J. Prieto Alejandre,SF,2125634,J. Garcia Sanchez,SF,2008960,A. Moreno Valero,SF,2438847,A. Savkov,SF,1.2,71.0,6.0,2.0,4.0,202.8,67.6,135.2
2509234,12,984927,CASADEMONT ZARAGOZA,AWAY,2736780,S. Faye,SF,2382801,J. Prieto Alejandre,SF,2125634,J. Garcia Sanchez,SF,2199699,H. Valle Paramio,SF,2438847,A. Savkov,SF,0.5,31.0,0.0,2.0,-2.0,0.0,154.8,-154.8
2509234,12,984927,CASADEMONT ZARAGOZA,AWAY,2736780,S. Faye,SF,2382801,J. Prieto Alejandre,SF,2125634,J. Garcia Sanchez,SF,2438847,A. Savkov,SF,2382632,A. Cativiela Aisa,SF,1.4,83.0,5.0,2.0,3.0,144.6,57.8,86.7
2509234,12,984927,CASADEMONT ZARAGOZA,AWAY,2736780,S. Faye,SF,2648124,A. Rodriguez Aguila,SF,2438847,A. Savkov,SF,2008960,A. Moreno Valero,SF,2382632,A. Cativiela Aisa,SF,2.3,135.0,5.0,0.0,5.0,88.9,0.0,88.9
2509234,12,984929,JOVENTUT BADALONA,HOME,1943849,F. Mauri Guillen,SF,2023675,A. Torres De La Torre,SF,2081709,E. Del Castillo Lindo,SF,2156562,R. Torras Ferrer,SF,2845979,M. Buben,SF,1.1,69.0,3.0,2.0,1.0,104.3,69.6,34.8
2509234,12,984929,JOVENTUT BADALONA,HOME,1943849,F. Mauri Guillen,SF,2023675,A. Torres De La Torre,SF,2081709,E. Del Castillo Lindo,SF,2241509,H. Ruiz Zamorano,SF,2453512,P. Batlle Sole,SF,0.1,6.0,0.0,0.0,0.0,0.0,0.0,0.0
2509234,12,984929,JOVENTUT BADALONA,HOME,1943849,F. Mauri Guillen,SF,2023675,A. Torres De La Torre,SF,2081709,E. Del Castillo Lindo,SF,2241509,H. Ruiz Zamorano,SF,2535717,K. Macías Book,SF,14.7,888.0,31.0,26.0,5.0,83.8,70.3,13.5
2509234,12,984929,JOVENTUT BADALONA,HOME,1943849,F. Mauri Guillen,SF,2023675,A. Torres De La Torre,SF,2081709,E. Del Castillo Lindo,SF,2535717,K. Macías Book,SF,2453512,P. Batlle Sole,SF,0.4,23.0,0.0,2.0,-2.0,0.0,208.7,-208.7
2509234,12,984929,JOVENTUT BADALONA,HOME,1943849,F. Mauri Guillen,SF,2023675,A. Torres De La Torre,SF,2082268,S. Merebashvili Khutashvili,SF,2081709,E. Del Castillo Lindo,SF,2156562,R. Torras Ferrer,SF,0.9,55.0,2.0,6.0,-4.0,87.3,261.8,-174.5
2509234,12,984929,JOVENTUT BADALONA,HOME,1943849,F. Mauri Guillen,SF,2081709,E. Del Castillo Lindo,SF,2241509,H. Ruiz Zamorano,SF,2535717,K. Macías Book,SF,2453512,P. Batlle Sole,SF,0.3,21.0,0.0,0.0,0.0,0.0,0.0,0.0
2509234,12,984929,JOVENTUT BADALONA,HOME,1943849,F. Mauri Guillen,SF,2081709,E. Del Castillo Lindo,SF,2845979,M. Buben,SF,2241509,H. Ruiz Zamorano,SF,2535717,K. Macías Book,SF,1.8,104.0,2.0,3.0,-1.0,46.2,69.2,-23.1
2509234,12,984929,JOVENTUT BADALONA,HOME,1943849,F. Mauri Guillen,SF,2082268,S. Merebashvili Khutashvili,SF,2081709,E. Del Castillo Lindo,SF,2156562,R. Torras Ferrer,SF,2845979,M. Buben,SF,0.4,24.0,0.0,3.0,-3.0,0.0,300.0,-300.0
2509234,12,984929,JOVENTUT BADALONA,HOME,1943849,F. Mauri Guillen,SF,2082268,S. Merebashvili Khutashvili,SF,2081709,E. Del Castillo Lindo,SF,2241509,H. Ruiz Zamorano,SF,2535717,K. Macías Book,SF,2.2,131.0,7.0,5.0,2.0,128.2,91.6,36.6
2509234,12,984929,JOVENTUT BADALONA,HOME,1943849,F. Mauri Guillen,SF,2082268,S. Merebashvili Khutashvili,SF,2081709,E. Del Castillo Lindo,SF,2535717,K. Macías Book,SF,2453512,P. Batlle Sole,SF,2.3,134.0,0.0,2.0,-2.0,0.0,35.8,-35.8
2509234,12,984929,JOVENTUT BADALONA,HOME,1943849,F. Mauri Guillen,SF,2082385,H. Tamayo Mengual,SF,2023675,A. Torres De La Torre,SF,2081709,E. Del Castillo Lindo,SF,2535717,K. Macías Book,SF,0.7,39.0,0.0,2.0,-2.0,0.0,123.1,-123.1
2509234,12,984929,JOVENTUT BADALONA,HOME,2081017,M. Julia Del Pozo,SF,1943849,F. Mauri Guillen,SF,2023675,A. Torres De La Torre,SF,2081709,E. Del Castillo Lindo,SF,2156562,R. Torras Ferrer,SF,2.0,122.0,3.0,2.0,1.0,59.0,39.3,19.7
2509234,12,984929,JOVENTUT BADALONA,HOME,2081017,M. Julia Del Pozo,SF,1943849,F. Mauri Guillen,SF,2023675,A. Torres De La Torre,SF,2081709,E. Del Castillo Lindo,SF,2535717,K. Macías Book,SF,7.5,457.0,16.0,8.0,8.0,84.0,42.0,42.0
2509234,12,984929,JOVENTUT BADALONA,HOME,2081017,M. Julia Del Pozo,SF,1943849,F. Mauri Guillen,SF,2023675,A. Torres De La Torre,SF,2081709,E. Del Castillo Lindo,SF,2641899,G. Graae Barbosa,SF,0.1,4.0,0.0,0.0,0.0,0.0,0.0,0.0
2509234,12,984929,JOVENTUT BADALONA,HOME,2081017,M. Julia Del Pozo,SF,1943849,F. Mauri Guillen,SF,2023675,A. Torres De La Torre,SF,2081709,E. Del Castillo Lindo,SF,2845979,M. Buben,SF,0.8,49.0,1.0,0.0,1.0,49.0,0.0,49.0
2509234,12,984929,JOVENTUT BADALONA,HOME,2081017,M. Julia Del Pozo,SF,2023675,A. Torres De La Torre,SF,2081709,E. Del Castillo Lindo,SF,2156562,R. Torras Ferrer,SF,2641899,G. Graae Barbosa,SF,0.7,41.0,2.0,2.0,0.0,117.1,117.1,0.0
2509234,12,984929,JOVENTUT BADALONA,HOME,2081017,M. Julia Del Pozo,SF,2023675,A. Torres De La Torre,SF,2082268,S. Merebashvili Khutashvili,SF,2081709,E. Del Castillo Lindo,SF,2156562,R. Torras Ferrer,SF,2.2,133.0,2.0,6.0,-4.0,36.1,108.3,-72.2
2509234,12,984929,JOVENTUT BADALONA,HOME,2081017,M. Julia Del Pozo,SF,2023675,A. Torres De La Torre,SF,2082268,S. Merebashvili Khutashvili,SF,2081709,E. Del Castillo Lindo,SF,2535717,K. Macías Book,SF,1.2,72.0,2.0,0.0,2.0,66.7,0.0,66.7
2509234,12,984929,JOVENTUT BADALONA,HOME,2081017,M. Julia Del Pozo,SF,2082268,S. Merebashvili Khutashvili,SF,2081709,E. Del Castillo Lindo,SF,2535717,K. Macías Book,SF,2453512,P. Batlle Sole,SF,0.5,28.0,0.0,0.0,0.0,0.0,0.0,0.0
2509235,12,984791,BURGOS GRUPO DE SANTIAGO,HOME,2300932,S. Martin Diez,SF,2610623,L. Krispin,SF,2162563,A. Laso Careaga,SF,2045029,D. Rodriguez Ramos,SF,2103560,A. Reyes Abad,SF,1.6,93.0,4.0,4.0,0.0,103.2,103.2,0.0
2509235,12,984791,BURGOS GRUPO DE SANTIAGO,HOME,2300932,S. Martin Diez,SF,2610623,L. Krispin,SF,2790234,J. Taboada Lühers,SF,2045029,D. Rodriguez Ramos,SF,2103560,A. Reyes Abad,SF,2.8,163.0,3.0,2.0,1.0,44.2,29.4,14.7
2509235,12,984791,BURGOS GRUPO DE SANTIAGO,HOME,2300932,S. Martin Diez,SF,2610623,L. Krispin,SF,2790234,J. Taboada Lühers,SF,2162563,A. Laso Careaga,SF,2045029,D. Rodriguez Ramos,SF,2.9,176.0,8.0,6.0,2.0,109.1,81.8,27.3
2509235,12,984791,BURGOS GRUPO DE SANTIAGO,HOME,2300932,S. Martin Diez,SF,2610623,L. Krispin,SF,2790234,J. Taboada Lühers,SF,2162563,A. Laso Careaga,SF,2103560,A. Reyes Abad,SF,2.6,161.0,0.0,6.0,-6.0,0.0,89.4,-89.4
2509235,12,984791,BURGOS GRUPO DE SANTIAGO,HOME,2300932,S. Martin Diez,SF,2610623,L. Krispin,SF,2790234,J. Taboada Lühers,SF,2162563,A. Laso Careaga,SF,2661261,R. Rodriguez,SF,3.6,219.0,6.0,12.0,-6.0,65.8,131.5,-65.8
2509235,12,984791,BURGOS GRUPO DE SANTIAGO,HOME,2300932,S. Martin Diez,SF,2610623,L. Krispin,SF,2790234,J. Taboada Lühers,SF,2661261,R. Rodriguez,SF,2045029,D. Rodriguez Ramos,SF,7.0,424.0,16.0,5.0,11.0,90.6,28.3,62.3
2509235,12,984791,BURGOS GRUPO DE SANTIAGO,HOME,2300932,S. Martin Diez,SF,2610623,L. Krispin,SF,2790234,J. Taboada Lühers,SF,2661261,R. Rodriguez,SF,2103560,A. Reyes Abad,SF,1.3,77.0,0.0,4.0,-4.0,0.0,124.7,-124.7
2509235,12,984791,BURGOS GRUPO DE SANTIAGO,HOME,2300932,S. Martin Diez,SF,2610623,L. Krispin,SF,2790234,J. Taboada Lühers,SF,2661261,R. Rodriguez,SF,2220551,M. Garcia Varona,SF,2.3,131.0,12.0,1.0,11.0,219.8,18.3,201.5
2509235,12,984791,BURGOS GRUPO DE SANTIAGO,HOME,2610623,L. Krispin,SF,2162563,A. Laso Careaga,SF,2661261,R. Rodriguez,SF,2103560,A. Reyes Abad,SF,2436134,A. Traore,SF,2.6,156.0,6.0,5.0,1.0,92.3,76.9,15.4
2509235,12,984791,BURGOS GRUPO DE SANTIAGO,HOME,2610623,L. Krispin,SF,2790234,J. Taboada Lühers,SF,2162563,A. Laso Careaga,SF,2103560,A. Reyes Abad,SF,2436134,A. Traore,SF,1.3,79.0,3.0,4.0,-1.0,91.1,121.5,-30.4
2509235,12,984791,BURGOS GRUPO DE SANTIAGO,HOME,2610623,L. Krispin,SF,2790234,J. Taboada Lühers,SF,2162563,A. Laso Careaga,SF,2210291,E. Franco Sanz,SF,2103560,A. Reyes Abad,SF,1.9,117.0,7.0,4.0,3.0,143.6,82.1,61.5
2509235,12,984791,BURGOS GRUPO DE SANTIAGO,HOME,2610623,L. Krispin,SF,2790234,J. Taboada Lühers,SF,2162563,A. Laso Careaga,SF,2661261,R. Rodriguez,SF,2045029,D. Rodriguez Ramos,SF,1.6,100.0,4.0,2.0,2.0,96.0,48.0,48.0
2509235,12,984791,BURGOS GRUPO DE SANTIAGO,HOME,2610623,L. Krispin,SF,2790234,J. Taboada Lühers,SF,2162563,A. Laso Careaga,SF,2661261,R. Rodriguez,SF,2103560,A. Reyes Abad,SF,0.9,54.0,0.0,0.0,0.0,0.0,0.0,0.0
2509235,12,984791,BURGOS GRUPO DE SANTIAGO,HOME,2610623,L. Krispin,SF,2790234,J. Taboada Lühers,SF,2661261,R. Rodriguez,SF,2045029,D. Rodriguez Ramos,SF,2103560,A. Reyes Abad,SF,2.0,118.0,6.0,3.0,3.0,122.0,61.0,61.0
2509235,12,984791,BURGOS GRUPO DE SANTIAGO,HOME,2610623,L. Krispin,SF,2790234,J. Taboada Lühers,SF,2661261,R. Rodriguez,SF,2045029,D. Rodriguez Ramos,SF,2436134,A. Traore,SF,5.1,308.0,7.0,15.0,-8.0,54.5,116.9,-62.3
2509235,12,984791,BURGOS GRUPO DE SANTIAGO,HOME,2610623,L. Krispin,SF,2790234,J. Taboada Lühers,SF,2661261,R. Rodriguez,SF,2210291,E. Franco Sanz,SF,2103560,A. Reyes Abad,SF,0.4,24.0,3.0,2.0,1.0,300.0,200.0,100.0
2509235,12,984930,BAXI MANRESA,AWAY,2024613,M. Villalonga Asensio,SF,1959173,M. Rosell Lanza,SF,2145902,F. Torreblanca Catalan,SF,2738788,L. Bergseng,SF,2081670,G. Naspler Perez,SF,0.2,13.0,0.0,0.0,0.0,0.0,0.0,0.0
2509235,12,984930,BAXI MANRESA,AWAY,2024613,M. Villalonga Asensio,SF,2081822,A. Muncunill Ferrer,SF,1959173,M. Rosell Lanza,SF,2145902,F. Torreblanca Catalan,SF,2081670,G. Naspler Perez,SF,1.1,68.0,3.0,0.0,3.0,105.9,0.0,105.9
2509235,12,984930,BAXI MANRESA,AWAY,2024613,M. Villalonga Asensio,SF,2739297,I. Francisco,SF,2295371,G. Ecker Alberti,SF,1959173,M. Rosell Lanza,SF,2738788,L. Bergseng,SF,2.0,119.0,5.0,6.0,-1.0,100.8,121.0,-20.2
2509235,12,984930,BAXI MANRESA,AWAY,2081822,A. Muncunill Ferrer,SF,1959173,M. Rosell Lanza,SF,2145902,F. Torreblanca Catalan,SF,2081670,G. Naspler Perez,SF,2738788,L. Bergseng,SF,0.1,6.0,0.0,0.0,0.0,0.0,0.0,0.0
2509235,12,984930,BAXI MANRESA,AWAY,2081822,A. Muncunill Ferrer,SF,1959173,M. Rosell Lanza,SF,2145902,F. Torreblanca Catalan,SF,2153495,J. Salo Blaya,SF,2081670,G. Naspler Perez,SF,1.2,70.0,2.0,0.0,2.0,68.6,0.0,68.6
2509235,12,984930,BAXI MANRESA,AWAY,2081822,A. Muncunill Ferrer,SF,1959173,M. Rosell Lanza,SF,2145902,F. Torreblanca Catalan,SF,2738788,L. Bergseng,SF,2081670,G. Naspler Perez,SF,1.1,67.0,2.0,0.0,2.0,71.6,0.0,71.6
2509235,12,984930,BAXI MANRESA,AWAY,2081822,A. Muncunill Ferrer,SF,2150510,J. Pumarola Aguilar,SF,1959173,M. Rosell Lanza,SF,2145902,F. Torreblanca Catalan,SF,2153495,J. Salo Blaya,SF,1.6,93.0,0.0,3.0,-3.0,0.0,77.4,-77.4
2509235,12,984930,BAXI MANRESA,AWAY,2081822,A. Muncunill Ferrer,SF,2150510,J. Pumarola Aguilar,SF,2081670,G. Naspler Perez,SF,2145902,F. Torreblanca Catalan,SF,2738788,L. Bergseng,SF,0.7,40.0,2.0,0.0,2.0,120.0,0.0,120.0
2509235,12,984930,BAXI MANRESA,AWAY,2081822,A. Muncunill Ferrer,SF,2150510,J. Pumarola Aguilar,SF,2145902,F. Torreblanca Catalan,SF,2081670,G. Naspler Perez,SF,2738788,L. Bergseng,SF,2.6,158.0,10.0,3.0,7.0,151.9,45.6,106.3
2509235,12,984930,BAXI MANRESA,AWAY,2081822,A. Muncunill Ferrer,SF,2150510,J. Pumarola Aguilar,SF,2145902,F. Torreblanca Catalan,SF,2153495,J. Salo Blaya,SF,2081670,G. Naspler Perez,SF,0.6,35.0,3.0,2.0,1.0,205.7,137.1,68.6
2509235,12,984930,BAXI MANRESA,AWAY,2081822,A. Muncunill Ferrer,SF,2150510,J. Pumarola Aguilar,SF,2145902,F. Torreblanca Catalan,SF,2738788,L. Bergseng,SF,2081670,G. Naspler Perez,SF,1.5,89.0,0.0,4.0,-4.0,0.0,107.9,-107.9
2509235,12,984930,BAXI MANRESA,AWAY,2295371,G. Ecker Alberti,SF,2739297,I. Francisco,SF,1959173,M. Rosell Lanza,SF,2145902,F. Torreblanca Catalan,SF,2738788,L. Bergseng,SF,1.9,113.0,6.0,0.0,6.0,127.4,0.0,127.4
2509235,12,984930,BAXI MANRESA,AWAY,2295371,G. Ecker Alberti,SF,2739297,I. Francisco,SF,2081822,A. Muncunill Ferrer,SF,1959173,M. Rosell Lanza,SF,2738788,L. Bergseng,SF,1.2,74.0,4.0,5.0,-1.0,129.7,162.2,-32.4
2509235,12,984930,BAXI MANRESA,AWAY,2353230,M. Ndiaye,SF,2024613,M. Villalonga Asensio,SF,1959173,M. Rosell Lanza,SF,2145902,F. Torreblanca Catalan,SF,2738788,L. Bergseng,SF,1.9,116.0,4.0,3.0,1.0,82.8,62.1,20.7
2509235,12,984930,BAXI MANRESA,AWAY,2353230,M. Ndiaye,SF,2024613,M. Villalonga Asensio,SF,2150510,J. Pumarola Aguilar,SF,2145902,F. Torreblanca Catalan,SF,2081670,G. Naspler Perez,SF,1.6,98.0,2.0,5.0,-3.0,49.0,122.4,-73.5
2509235,12,984930,BAXI MANRESA,AWAY,2353230,M. Ndiaye,SF,2081822,A. Muncunill Ferrer,SF,2150510,J. Pumarola Aguilar,SF,2145902,F. Torreblanca Catalan,SF,2081670,G. Naspler Perez,SF,0.7,43.0,4.0,5.0,-1.0,223.3,279.1,-55.8
2509235,12,984930,BAXI MANRESA,AWAY,2739297,I. Francisco,SF,1959173,M. Rosell Lanza,SF,2081670,G. Naspler Perez,SF,2153495,J. Salo Blaya,SF,2738788,L. Bergseng,SF,0.4,22.0,0.0,2.0,-2.0,0.0,218.2,-218.2
2509235,12,984930,BAXI MANRESA,AWAY,2739297,I. Francisco,SF,1959173,M. Rosell Lanza,SF,2081822,A. Muncunill Ferrer,SF,2150510,J. Pumarola Aguilar,SF,2738788,L. Bergseng,SF,0.2,10.0,0.0,0.0,0.0,0.0,0.0,0.0
2509235,12,984930,BAXI MANRESA,AWAY,2739297,I. Francisco,SF,1959173,M. Rosell Lanza,SF,2081822,A. Muncunill Ferrer,SF,2153495,J. Salo Blaya,SF,2738788,L. Bergseng,SF,1.0,59.0,0.0,5.0,-5.0,0.0,203.4,-203.4
2509235,12,984930,BAXI MANRESA,AWAY,2739297,I. Francisco,SF,1959173,M. Rosell Lanza,SF,2145902,F. Torreblanca Catalan,SF,2081670,G. Naspler Perez,SF,2738788,L. Bergseng,SF,2.8,167.0,7.0,4.0,3.0,100.6,57.5,43.1
2509235,12,984930,BAXI MANRESA,AWAY,2739297,I. Francisco,SF,1959173,M. Rosell Lanza,SF,2150510,J. Pumarola Aguilar,SF,2081670,G. Naspler Perez,SF,2738788,L. Bergseng,SF,0.7,40.0,1.0,5.0,-4.0,60.0,300.0,-240.0
2509235,12,984930,BAXI MANRESA,AWAY,2739297,I. Francisco,SF,2081822,A. Muncunill Ferrer,SF,2150510,J. Pumarola Aguilar,SF,1959173,M. Rosell Lanza,SF,2153495,J. Salo Blaya,SF,1.8,109.0,3.0,5.0,-2.0,66.1,110.1,-44.0
2509235,12,984930,BAXI MANRESA,AWAY,2739297,I. Francisco,SF,2081822,A. Muncunill Ferrer,SF,2150510,J. Pumarola Aguilar,SF,2081670,G. Naspler Perez,SF,2153495,J. Salo Blaya,SF,1.3,81.0,0.0,2.0,-2.0,0.0,59.3,-59.3
2509235,12,984930,BAXI MANRESA,AWAY,2739297,I. Francisco,SF,2081822,A. Muncunill Ferrer,SF,2150510,J. Pumarola Aguilar,SF,2081670,G. Naspler Perez,SF,2738788,L. Bergseng,SF,1.2,75.0,2.0,4.0,-2.0,64.0,128.0,-64.0
2509235,12,984930,BAXI MANRESA,AWAY,2739297,I. Francisco,SF,2081822,A. Muncunill Ferrer,SF,2150510,J. Pumarola Aguilar,SF,2145902,F. Torreblanca Catalan,SF,2153495,J. Salo Blaya,SF,0.5,27.0,0.0,2.0,-2.0,0.0,177.8,-177.8
2509235,12,984930,BAXI MANRESA,AWAY,2739297,I. Francisco,SF,2081822,A. Muncunill Ferrer,SF,2150510,J. Pumarola Aguilar,SF,2153495,J. Salo Blaya,SF,2081670,G. Naspler Perez,SF,3.0,183.0,5.0,5.0,0.0,65.6,65.6,0.0
2509235,12,984930,BAXI MANRESA,AWAY,2739297,I. Francisco,SF,2081822,A. Muncunill Ferrer,SF,2150510,J. Pumarola Aguilar,SF,2738788,L. Bergseng,SF,2081670,G. Naspler Perez,SF,0.6,36.0,3.0,2.0,1.0,200.0,133.3,66.7
2509235,12,984930,BAXI MANRESA,AWAY,2739297,I. Francisco,SF,2150510,J. Pumarola Aguilar,SF,1959173,M. Rosell Lanza,SF,2145902,F. Torreblanca Catalan,SF,2081670,G. Naspler Perez,SF,1.1,67.0,3.0,3.0,0.0,107.5,107.5,0.0
2509235,12,984930,BAXI MANRESA,AWAY,2739297,I. Francisco,SF,2150510,J. Pumarola Aguilar,SF,2081670,G. Naspler Perez,SF,2145902,F. Torreblanca Catalan,SF,2738788,L. Bergseng,SF,0.6,37.0,2.0,0.0,2.0,129.7,0.0,129.7
2509235,12,984930,BAXI MANRESA,AWAY,2739297,I. Francisco,SF,2295371,G. Ecker Alberti,SF,1959173,M. Rosell Lanza,SF,2081670,G. Naspler Perez,SF,2738788,L. Bergseng,SF,0.9,54.0,0.0,0.0,0.0,0.0,0.0,0.0
2509235,12,984930,BAXI MANRESA,AWAY,2739297,I. Francisco,SF,2295371,G. Ecker Alberti,SF,1959173,M. Rosell Lanza,SF,2145902,F. Torreblanca Catalan,SF,2738788,L. Bergseng,SF,2.8,170.0,0.0,7.0,-7.0,0.0,98.8,-98.8
2509235,12,984930,BAXI MANRESA,AWAY,2796764,N. Tihak,SF,2081822,A. Muncunill Ferrer,SF,2081670,G. Naspler Perez,SF,2145902,F. Torreblanca Catalan,SF,2738788,L. Bergseng,SF,1.0,61.0,2.0,3.0,-1.0,78.7,118.0,-39.3
2509236,13,984928,BARÇA ATLÈTIC,HOME,2320857,A. Puig Lluch,SF,2642481,M. Dabone,SF,2647995,M. Keita,SF,2641337,J. Boumtje Boumtje,SF,2642172,J. Siftar,SF,2.3,141.0,2.0,1.0,1.0,34.0,17.0,17.0
2509236,13,984928,BARÇA ATLÈTIC,HOME,2320857,A. Puig Lluch,SF,2642482,A. Kone,SF,2647995,M. Keita,SF,2641337,J. Boumtje Boumtje,SF,2082056,N. Poza Cervantes,SF,2.4,146.0,4.0,5.0,-1.0,65.8,82.2,-16.4
2509236,13,984928,BARÇA ATLÈTIC,HOME,2320857,A. Puig Lluch,SF,2642482,A. Kone,SF,2647995,M. Keita,SF,2641337,J. Boumtje Boumtje,SF,2642172,J. Siftar,SF,0.7,43.0,2.0,0.0,2.0,111.6,0.0,111.6
2509236,13,984928,BARÇA ATLÈTIC,HOME,2320857,A. Puig Lluch,SF,2743264,M. Gueye,SF,2642481,M. Dabone,SF,2641337,J. Boumtje Boumtje,SF,2082056,N. Poza Cervantes,SF,0.1,4.0,0.0,0.0,0.0,0.0,0.0,0.0
2509236,13,984928,BARÇA ATLÈTIC,HOME,2320857,A. Puig Lluch,SF,2743264,M. Gueye,SF,2642481,M. Dabone,SF,2647995,M. Keita,SF,2641337,J. Boumtje Boumtje,SF,0.4,24.0,2.0,0.0,2.0,200.0,0.0,200.0
2509236,13,984928,BARÇA ATLÈTIC,HOME,2320857,A. Puig Lluch,SF,2743264,M. Gueye,SF,2642482,A. Kone,SF,2641337,J. Boumtje Boumtje,SF,2082056,N. Poza Cervantes,SF,1.9,115.0,4.0,0.0,4.0,83.5,0.0,83.5
2509236,13,984928,BARÇA ATLÈTIC,HOME,2458688,E. Montaner García,SF,2641337,J. Boumtje Boumtje,SF,2642481,M. Dabone,SF,2082056,N. Poza Cervantes,SF,2642172,J. Siftar,SF,1.6,99.0,7.0,3.0,4.0,169.7,72.7,97.0
2509236,13,984928,BARÇA ATLÈTIC,HOME,2642481,M. Dabone,SF,2458688,E. Montaner García,SF,2641337,J. Boumtje Boumtje,SF,2082056,N. Poza Cervantes,SF,2642172,J. Siftar,SF,1.9,113.0,8.0,7.0,1.0,169.9,148.7,21.2
2509236,13,984928,BARÇA ATLÈTIC,HOME,2642481,M. Dabone,SF,2647995,M. Keita,SF,2458688,E. Montaner García,SF,2082056,N. Poza Cervantes,SF,2642172,J. Siftar,SF,1.2,72.0,2.0,0.0,2.0,66.7,0.0,66.7
2509236,13,984928,BARÇA ATLÈTIC,HOME,2642481,M. Dabone,SF,2647995,M. Keita,SF,2458688,E. Montaner García,SF,2641337,J. Boumtje Boumtje,SF,2082056,N. Poza Cervantes,SF,0.5,30.0,0.0,3.0,-3.0,0.0,240.0,-240.0
2509236,13,984928,BARÇA ATLÈTIC,HOME,2642481,M. Dabone,SF,2647995,M. Keita,SF,2641337,J. Boumtje Boumtje,SF,2082056,N. Poza Cervantes,SF,2642172,J. Siftar,SF,7.1,427.0,11.0,8.0,3.0,61.8,45.0,16.9
2509236,13,984928,BARÇA ATLÈTIC,HOME,2642482,A. Kone,SF,2458688,E. Montaner García,SF,2641337,J. Boumtje Boumtje,SF,2082056,N. Poza Cervantes,SF,2642172,J. Siftar,SF,0.2,13.0,0.0,0.0,0.0,0.0,0.0,0.0
2509236,13,984928,BARÇA ATLÈTIC,HOME,2642482,A. Kone,SF,2458688,E. Montaner García,SF,2641337,J. Boumtje Boumtje,SF,2642481,M. Dabone,SF,2642172,J. Siftar,SF,2.1,127.0,5.0,4.0,1.0,94.5,75.6,18.9
2509236,13,984928,BARÇA ATLÈTIC,HOME,2642482,A. Kone,SF,2647995,M. Keita,SF,2458688,E. Montaner García,SF,2641337,J. Boumtje Boumtje,SF,2082056,N. Poza Cervantes,SF,1.9,111.0,4.0,0.0,4.0,86.5,0.0,86.5
2509236,13,984928,BARÇA ATLÈTIC,HOME,2642482,A. Kone,SF,2647995,M. Keita,SF,2458688,E. Montaner García,SF,2642481,M. Dabone,SF,2082056,N. Poza Cervantes,SF,1.4,86.0,2.0,0.0,2.0,55.8,0.0,55.8
2509236,13,984928,BARÇA ATLÈTIC,HOME,2647995,M. Keita,SF,2641337,J. Boumtje Boumtje,SF,2642481,M. Dabone,SF,2082056,N. Poza Cervantes,SF,2642172,J. Siftar,SF,4.3,257.0,8.0,10.0,-2.0,74.7,93.4,-18.7
2509236,13,984928,BARÇA ATLÈTIC,HOME,2743264,M. Gueye,SF,2320857,A. Puig Lluch,SF,2642482,A. Kone,SF,2641337,J. Boumtje Boumtje,SF,2642481,M. Dabone,SF,2.0,124.0,5.0,4.0,1.0,96.8,77.4,19.4
2509236,13,984928,BARÇA ATLÈTIC,HOME,2743264,M. Gueye,SF,2458688,E. Montaner García,SF,2641337,J. Boumtje Boumtje,SF,2642481,M. Dabone,SF,2642172,J. Siftar,SF,1.5,92.0,4.0,3.0,1.0,104.3,78.3,26.1
2509236,13,984928,BARÇA ATLÈTIC,HOME,2743264,M. Gueye,SF,2642481,M. Dabone,SF,2458688,E. Montaner García,SF,2641337,J. Boumtje Boumtje,SF,2082056,N. Poza Cervantes,SF,1.1,66.0,7.0,3.0,4.0,254.5,109.1,145.5
2509236,13,984928,BARÇA ATLÈTIC,HOME,2743264,M. Gueye,SF,2642481,M. Dabone,SF,2458688,E. Montaner García,SF,2641337,J. Boumtje Boumtje,SF,2642172,J. Siftar,SF,1.6,96.0,6.0,8.0,-2.0,150.0,200.0,-50.0
2509236,13,984928,BARÇA ATLÈTIC,HOME,2743264,M. Gueye,SF,2642482,A. Kone,SF,2458688,E. Montaner García,SF,2641337,J. Boumtje Boumtje,SF,2082056,N. Poza Cervantes,SF,1.7,100.0,0.0,7.0,-7.0,0.0,168.0,-168.0
2509236,13,984928,BARÇA ATLÈTIC,HOME,2743264,M. Gueye,SF,2642482,A. Kone,SF,2458688,E. Montaner García,SF,2642481,M. Dabone,SF,2082056,N. Poza Cervantes,SF,0.5,30.0,3.0,0.0,3.0,240.0,0.0,240.0
2509236,13,984928,BARÇA ATLÈTIC,HOME,2743264,M. Gueye,SF,2642482,A. Kone,SF,2647995,M. Keita,SF,2458688,E. Montaner García,SF,2082056,N. Poza Cervantes,SF,1.4,84.0,0.0,1.0,-1.0,0.0,28.6,-28.6
2509236,13,984930,BAXI MANRESA,AWAY,1959173,M. Rosell Lanza,SF,2295371,G. Ecker Alberti,SF,2739297,I. Francisco,SF,2145902,F. Torreblanca Catalan,SF,2738788,L. Bergseng,SF,2.8,166.0,5.0,7.0,-2.0,72.3,101.2,-28.9
2509236,13,984930,BAXI MANRESA,AWAY,1959173,M. Rosell Lanza,SF,2739297,I. Francisco,SF,2150510,J. Pumarola Aguilar,SF,2145902,F. Torreblanca Catalan,SF,2738788,L. Bergseng,SF,0.9,55.0,0.0,2.0,-2.0,0.0,87.3,-87.3
2509236,13,984930,BAXI MANRESA,AWAY,2024613,M. Villalonga Asensio,SF,1959173,M. Rosell Lanza,SF,2295371,G. Ecker Alberti,SF,2150510,J. Pumarola Aguilar,SF,2145902,F. Torreblanca Catalan,SF,1.1,66.0,3.0,7.0,-4.0,109.1,254.5,-145.5
2509236,13,984930,BAXI MANRESA,AWAY,2024613,M. Villalonga Asensio,SF,2081822,A. Muncunill Ferrer,SF,2150510,J. Pumarola Aguilar,SF,2081670,G. Naspler Perez,SF,2738788,L. Bergseng,SF,0.3,18.0,0.0,2.0,-2.0,0.0,266.7,-266.7
2509236,13,984930,BAXI MANRESA,AWAY,2024613,M. Villalonga Asensio,SF,2081822,A. Muncunill Ferrer,SF,2150510,J. Pumarola Aguilar,SF,2153495,J. Salo Blaya,SF,2081670,G. Naspler Perez,SF,2.8,168.0,7.0,7.0,0.0,100.0,100.0,0.0
2509236,13,984930,BAXI MANRESA,AWAY,2024613,M. Villalonga Asensio,SF,2081822,A. Muncunill Ferrer,SF,2295371,G. Ecker Alberti,SF,2150510,J. Pumarola Aguilar,SF,2081670,G. Naspler Perez,SF,0.8,46.0,5.0,4.0,1.0,260.9,208.7,52.2
2509236,13,984930,BAXI MANRESA,AWAY,2024613,M. Villalonga Asensio,SF,2150510,J. Pumarola Aguilar,SF,2081822,A. Muncunill Ferrer,SF,2081670,G. Naspler Perez,SF,2153495,J. Salo Blaya,SF,2.3,137.0,1.0,0.0,1.0,17.5,0.0,17.5
2509236,13,984930,BAXI MANRESA,AWAY,2024613,M. Villalonga Asensio,SF,2739297,I. Francisco,SF,2150510,J. Pumarola Aguilar,SF,2153495,J. Salo Blaya,SF,2081670,G. Naspler Perez,SF,0.4,23.0,0.0,0.0,0.0,0.0,0.0,0.0
2509236,13,984930,BAXI MANRESA,AWAY,2081822,A. Muncunill Ferrer,SF,1959173,M. Rosell Lanza,SF,2145902,F. Torreblanca Catalan,SF,2738788,L. Bergseng,SF,2153495,J. Salo Blaya,SF,1.4,83.0,3.0,2.0,1.0,86.7,57.8,28.9
2509236,13,984930,BAXI MANRESA,AWAY,2081822,A. Muncunill Ferrer,SF,1959173,M. Rosell Lanza,SF,2150510,J. Pumarola Aguilar,SF,2081670,G. Naspler Perez,SF,2153495,J. Salo Blaya,SF,1.9,115.0,7.0,8.0,-1.0,146.1,167.0,-20.9
2509236,13,984930,BAXI MANRESA,AWAY,2081822,A. Muncunill Ferrer,SF,1959173,M. Rosell Lanza,SF,2150510,J. Pumarola Aguilar,SF,2081670,G. Naspler Perez,SF,2738788,L. Bergseng,SF,0.5,30.0,3.0,0.0,3.0,240.0,0.0,240.0
2509236,13,984930,BAXI MANRESA,AWAY,2081822,A. Muncunill Ferrer,SF,1959173,M. Rosell Lanza,SF,2150510,J. Pumarola Aguilar,SF,2145902,F. Torreblanca Catalan,SF,2738788,L. Bergseng,SF,0.8,47.0,2.0,0.0,2.0,102.1,0.0,102.1
2509236,13,984930,BAXI MANRESA,AWAY,2081822,A. Muncunill Ferrer,SF,1959173,M. Rosell Lanza,SF,2295371,G. Ecker Alberti,SF,2150510,J. Pumarola Aguilar,SF,2145902,F. Torreblanca Catalan,SF,0.5,30.0,3.0,0.0,3.0,240.0,0.0,240.0
2509236,13,984930,BAXI MANRESA,AWAY,2081822,A. Muncunill Ferrer,SF,1959173,M. Rosell Lanza,SF,2739297,I. Francisco,SF,2150510,J. Pumarola Aguilar,SF,2738788,L. Bergseng,SF,1.9,114.0,0.0,4.0,-4.0,0.0,84.2,-84.2
2509236,13,984930,BAXI MANRESA,AWAY,2081822,A. Muncunill Ferrer,SF,2150510,J. Pumarola Aguilar,SF,2145902,F. Torreblanca Catalan,SF,2153495,J. Salo Blaya,SF,2081670,G. Naspler Perez,SF,1.7,107.0,0.0,2.0,-2.0,0.0,44.9,-44.9
2509236,13,984930,BAXI MANRESA,AWAY,2081822,A. Muncunill Ferrer,SF,2150510,J. Pumarola Aguilar,SF,2145902,F. Torreblanca Catalan,SF,2738788,L. Bergseng,SF,2081670,G. Naspler Perez,SF,2.2,136.0,4.0,7.0,-3.0,70.6,123.5,-52.9
2509236,13,984930,BAXI MANRESA,AWAY,2081822,A. Muncunill Ferrer,SF,2739297,I. Francisco,SF,2150510,J. Pumarola Aguilar,SF,2153495,J. Salo Blaya,SF,2081670,G. Naspler Perez,SF,0.7,40.0,0.0,2.0,-2.0,0.0,120.0,-120.0
2509236,13,984930,BAXI MANRESA,AWAY,2150510,J. Pumarola Aguilar,SF,2081822,A. Muncunill Ferrer,SF,2145902,F. Torreblanca Catalan,SF,2081670,G. Naspler Perez,SF,2153495,J. Salo Blaya,SF,1.2,76.0,0.0,2.0,-2.0,0.0,63.2,-63.2
2509236,13,984930,BAXI MANRESA,AWAY,2150510,J. Pumarola Aguilar,SF,2739297,I. Francisco,SF,2145902,F. Torreblanca Catalan,SF,2081670,G. Naspler Perez,SF,2153495,J. Salo Blaya,SF,0.9,55.0,0.0,0.0,0.0,0.0,0.0,0.0
2509236,13,984930,BAXI MANRESA,AWAY,2295371,G. Ecker Alberti,SF,2081822,A. Muncunill Ferrer,SF,1959173,M. Rosell Lanza,SF,2145902,F. Torreblanca Catalan,SF,2153495,J. Salo Blaya,SF,2.5,149.0,3.0,4.0,-1.0,48.3,64.4,-16.1
2509236,13,984930,BAXI MANRESA,AWAY,2295371,G. Ecker Alberti,SF,2081822,A. Muncunill Ferrer,SF,1959173,M. Rosell Lanza,SF,2145902,F. Torreblanca Catalan,SF,2738788,L. Bergseng,SF,1.1,64.0,2.0,4.0,-2.0,75.0,150.0,-75.0
2509236,13,984930,BAXI MANRESA,AWAY,2295371,G. Ecker Alberti,SF,2739297,I. Francisco,SF,1959173,M. Rosell Lanza,SF,2145902,F. Torreblanca Catalan,SF,2738788,L. Bergseng,SF,4.8,292.0,11.0,8.0,3.0,90.4,65.8,24.7
2509236,13,984930,BAXI MANRESA,AWAY,2353230,M. Ndiaye,SF,1959173,M. Rosell Lanza,SF,2739297,I. Francisco,SF,2145902,F. Torreblanca Catalan,SF,2738788,L. Bergseng,SF,1.4,86.0,1.0,0.0,1.0,27.9,0.0,27.9
2509236,13,984930,BAXI MANRESA,AWAY,2353230,M. Ndiaye,SF,2024613,M. Villalonga Asensio,SF,2081822,A. Muncunill Ferrer,SF,2081670,G. Naspler Perez,SF,2738788,L. Bergseng,SF,2.3,138.0,3.0,4.0,-1.0,52.2,69.6,-17.4
2509236,13,984930,BAXI MANRESA,AWAY,2353230,M. Ndiaye,SF,2024613,M. Villalonga Asensio,SF,2739297,I. Francisco,SF,2145902,F. Torreblanca Catalan,SF,2738788,L. Bergseng,SF,2.5,150.0,3.0,7.0,-4.0,48.0,112.0,-64.0
2509236,13,984930,BAXI MANRESA,AWAY,2353230,M. Ndiaye,SF,2024613,M. Villalonga Asensio,SF,2739297,I. Francisco,SF,2738788,L. Bergseng,SF,2081670,G. Naspler Perez,SF,0.1,9.0,1.0,3.0,-2.0,266.7,800.0,-533.3
2509237,13,984792,REAL MADRID,AWAY,2094410,H. Alonso Martinez,PG,2645392,O. Kutluay,PG,2480762,G. Grinvalds,SF,2817763,E. Amosov,SF,2122875,I. Almansa Perez,PF,1.6,96.0,4.0,5.0,-1.0,100.0,125.0,-25.0
2509237,13,984792,REAL MADRID,AWAY,2094410,H. Alonso Martinez,PG,2645392,O. Kutluay,PG,2662049,A. Bjelic,SG,2480762,G. Grinvalds,SF,2029762,D. Krohnert Moto,SF,1.4000000000000001,83.0,0.0,2.0,-2.0,0.0,57.8,-57.8
2509237,13,984792,REAL MADRID,AWAY,2094410,H. Alonso Martinez,PG,2645392,O. Kutluay,PG,2662049,A. Bjelic,SG,2480762,G. Grinvalds,SF,2817763,E. Amosov,SF,0.9,52.0,0.0,2.0,-2.0,0.0,92.3,-92.3
2509237,13,984792,REAL MADRID,AWAY,2094410,H. Alonso Martinez,PG,2645392,O. Kutluay,PG,2735493,F. Kayser,PG,2480762,G. Grinvalds,SF,2029762,D. Krohnert Moto,SF,4.0,244.0,8.0,3.0,5.0,78.7,29.5,49.2
2509237,13,984792,REAL MADRID,AWAY,2094410,H. Alonso Martinez,PG,2645392,O. Kutluay,PG,2735493,F. Kayser,PG,2480762,G. Grinvalds,SF,2817763,E. Amosov,SF,2.1,125.0,0.0,5.0,-5.0,0.0,96.0,-96.0
2509237,13,984792,REAL MADRID,AWAY,2094410,H. Alonso Martinez,PG,2645392,O. Kutluay,PG,2735493,F. Kayser,PG,2662049,A. Bjelic,SG,2480762,G. Grinvalds,SF,2.3,141.0,0.0,0.0,0.0,0.0,0.0,0.0
2509237,13,984792,REAL MADRID,AWAY,2094410,H. Alonso Martinez,PG,2662049,A. Bjelic,SG,2480762,G. Grinvalds,SF,2029762,D. Krohnert Moto,SF,2817763,E. Amosov,SF,7.2,428.0,15.0,9.0,6.0,84.1,50.5,33.6
2509237,13,984792,REAL MADRID,AWAY,2094410,H. Alonso Martinez,PG,2662049,A. Bjelic,SG,2480762,G. Grinvalds,SF,2122875,I. Almansa Perez,PF,2370180,O. Hadi Adegbite,C,1.2,73.0,0.0,3.0,-3.0,0.0,98.6,-98.6
2509237,13,984792,REAL MADRID,AWAY,2094410,H. Alonso Martinez,PG,2662049,A. Bjelic,SG,2480762,G. Grinvalds,SF,2122875,I. Almansa Perez,PF,2679004,O. Diarra,C,5.8,344.0,12.0,14.0,-2.0,83.7,97.7,-14.0
2509237,13,984792,REAL MADRID,AWAY,2094410,H. Alonso Martinez,PG,2662049,A. Bjelic,SG,2480762,G. Grinvalds,SF,2817763,E. Amosov,SF,2122875,I. Almansa Perez,PF,4.1000000000000005,246.0,0.0,10.0,-10.0,0.0,97.6,-97.6
2509237,13,984792,REAL MADRID,AWAY,2094410,H. Alonso Martinez,PG,2662049,A. Bjelic,SG,2480762,G. Grinvalds,SF,2817763,E. Amosov,SF,2679004,O. Diarra,C,6.9,412.0,7.0,8.0,-1.0,40.8,46.6,-5.8
2509237,13,984792,REAL MADRID,AWAY,2094410,H. Alonso Martinez,PG,2735493,F. Kayser,PG,2480762,G. Grinvalds,SF,2029762,D. Krohnert Moto,SF,2817763,E. Amosov,SF,1.6,99.0,7.0,0.0,7.0,169.7,0.0,169.7
2509237,13,984792,REAL MADRID,AWAY,2094410,H. Alonso Martinez,PG,2735493,F. Kayser,PG,2480762,G. Grinvalds,SF,2817763,E. Amosov,SF,2122875,I. Almansa Perez,PF,0.8,45.0,2.0,2.0,0.0,106.7,106.7,0.0
2509237,13,984792,REAL MADRID,AWAY,2094410,H. Alonso Martinez,PG,2735493,F. Kayser,PG,2662049,A. Bjelic,SG,2480762,G. Grinvalds,SF,2817763,E. Amosov,SF,0.2,12.0,0.0,0.0,0.0,0.0,0.0,0.0
2509237,13,984927,CASADEMONT ZARAGOZA,HOME,1975428,C. Alias Bermudez,SG,2073295,R. Valero Lopez,SF,2125634,J. Garcia Sanchez,PF,2340834,Y. Traore,C,2736780,S. Faye,C,0.9,53.0,2.0,0.0,2.0,90.6,0.0,90.6
2509237,13,984927,CASADEMONT ZARAGOZA,HOME,2008960,A. Moreno Valero,PG,2382632,A. Cativiela Aisa,SG,1975428,C. Alias Bermudez,SG,2648124,A. Rodriguez Aguila,C,2736780,S. Faye,C,0.2,12.0,0.0,0.0,0.0,0.0,0.0,0.0
2509237,13,984927,CASADEMONT ZARAGOZA,HOME,2008960,A. Moreno Valero,PG,2382632,A. Cativiela Aisa,SG,2073295,R. Valero Lopez,SF,2340834,Y. Traore,C,2736780,S. Faye,C,0.8,49.0,1.0,0.0,1.0,49.0,0.0,49.0
2509237,13,984927,CASADEMONT ZARAGOZA,HOME,2382632,A. Cativiela Aisa,SG,1975428,C. Alias Bermudez,SG,2073295,R. Valero Lopez,SF,2125634,J. Garcia Sanchez,PF,2340834,Y. Traore,C,1.7000000000000002,98.0,2.0,2.0,0.0,49.0,49.0,0.0
2509237,13,984927,CASADEMONT ZARAGOZA,HOME,2382632,A. Cativiela Aisa,SG,2073295,R. Valero Lopez,SF,2125634,J. Garcia Sanchez,PF,2340834,Y. Traore,C,2736780,S. Faye,C,2.6,158.0,10.0,4.0,6.0,151.9,60.8,91.1
2509237,13,984927,CASADEMONT ZARAGOZA,HOME,2438847,A. Savkov,PG,1975428,C. Alias Bermudez,SG,2125634,J. Garcia Sanchez,PF,2340834,Y. Traore,C,2736780,S. Faye,C,1.1,63.0,0.0,0.0,0.0,0.0,0.0,0.0
2509237,13,984927,CASADEMONT ZARAGOZA,HOME,2438847,A. Savkov,PG,1975428,C. Alias Bermudez,SG,2382801,J. Prieto Alejandre,PF,2125634,J. Garcia Sanchez,PF,2340834,Y. Traore,C,2.1,128.0,1.0,4.0,-3.0,18.8,75.0,-56.2
2509237,13,984927,CASADEMONT ZARAGOZA,HOME,2438847,A. Savkov,PG,2008960,A. Moreno Valero,PG,1975428,C. Alias Bermudez,SG,2125634,J. Garcia Sanchez,PF,2340834,Y. Traore,C,1.3,77.0,3.0,2.0,1.0,93.5,62.3,31.2
2509237,13,984927,CASADEMONT ZARAGOZA,HOME,2438847,A. Savkov,PG,2008960,A. Moreno Valero,PG,2382632,A. Cativiela Aisa,SG,1975428,C. Alias Bermudez,SG,2340834,Y. Traore,C,3.3000000000000003,201.0,8.0,5.0,3.0,95.5,59.7,35.8
2509237,13,984927,CASADEMONT ZARAGOZA,HOME,2438847,A. Savkov,PG,2008960,A. Moreno Valero,PG,2382632,A. Cativiela Aisa,SG,1975428,C. Alias Bermudez,SG,2736780,S. Faye,C,1.4,84.0,2.0,2.0,0.0,57.1,57.1,0.0
2509237,13,984927,CASADEMONT ZARAGOZA,HOME,2438847,A. Savkov,PG,2008960,A. Moreno Valero,PG,2382632,A. Cativiela Aisa,SG,2073295,R. Valero Lopez,SF,2648124,A. Rodriguez Aguila,C,1.2,70.0,0.0,0.0,0.0,0.0,0.0,0.0
2509237,13,984927,CASADEMONT ZARAGOZA,HOME,2438847,A. Savkov,PG,2008960,A. Moreno Valero,PG,2382632,A. Cativiela Aisa,SG,2073295,R. Valero Lopez,SF,2736780,S. Faye,C,1.1,63.0,4.0,0.0,4.0,152.4,0.0,152.4
2509237,13,984927,CASADEMONT ZARAGOZA,HOME,2438847,A. Savkov,PG,2008960,A. Moreno Valero,PG,2382632,A. Cativiela Aisa,SG,2340834,Y. Traore,C,2736780,S. Faye,C,1.1,64.0,1.0,0.0,1.0,37.5,0.0,37.5
2509237,13,984927,CASADEMONT ZARAGOZA,HOME,2438847,A. Savkov,PG,2008960,A. Moreno Valero,PG,2382632,A. Cativiela Aisa,SG,2382801,J. Prieto Alejandre,PF,2736780,S. Faye,C,1.8,109.0,3.0,0.0,3.0,66.1,0.0,66.1
2509237,13,984927,CASADEMONT ZARAGOZA,HOME,2438847,A. Savkov,PG,2008960,A. Moreno Valero,PG,2382801,J. Prieto Alejandre,PF,2125634,J. Garcia Sanchez,PF,2340834,Y. Traore,C,1.4,81.0,3.0,6.0,-3.0,88.9,177.8,-88.9
2509237,13,984927,CASADEMONT ZARAGOZA,HOME,2438847,A. Savkov,PG,2008960,A. Moreno Valero,PG,2382801,J. Prieto Alejandre,PF,2125634,J. Garcia Sanchez,PF,2736780,S. Faye,C,1.0,60.0,0.0,0.0,0.0,0.0,0.0,0.0
2509237,13,984927,CASADEMONT ZARAGOZA,HOME,2438847,A. Savkov,PG,2125634,J. Garcia Sanchez,PF,2648124,A. Rodriguez Aguila,C,2736780,S. Faye,C,2199699,H. Valle Paramio,,0.6,33.0,3.0,4.0,-1.0,218.2,290.9,-72.7
2509237,13,984927,CASADEMONT ZARAGOZA,HOME,2438847,A. Savkov,PG,2382632,A. Cativiela Aisa,SG,2073295,R. Valero Lopez,SF,2125634,J. Garcia Sanchez,PF,2340834,Y. Traore,C,2.5,147.0,7.0,0.0,7.0,114.3,0.0,114.3
2509237,13,984927,CASADEMONT ZARAGOZA,HOME,2646355,M. Lukic,PG,1975428,C. Alias Bermudez,SG,2073295,R. Valero Lopez,SF,2125634,J. Garcia Sanchez,PF,2340834,Y. Traore,C,2.0,121.0,4.0,5.0,-1.0,79.3,99.2,-19.8
2509237,13,984927,CASADEMONT ZARAGOZA,HOME,2646355,M. Lukic,PG,2008960,A. Moreno Valero,PG,1975428,C. Alias Bermudez,SG,2648124,A. Rodriguez Aguila,C,2736780,S. Faye,C,2.1,130.0,0.0,7.0,-7.0,0.0,129.2,-129.2
2509237,13,984927,CASADEMONT ZARAGOZA,HOME,2646355,M. Lukic,PG,2008960,A. Moreno Valero,PG,2382801,J. Prieto Alejandre,PF,2125634,J. Garcia Sanchez,PF,2648124,A. Rodriguez Aguila,C,4.0,242.0,7.0,8.0,-1.0,69.4,79.3,-9.9
2509237,13,984927,CASADEMONT ZARAGOZA,HOME,2646355,M. Lukic,PG,2382632,A. Cativiela Aisa,SG,1975428,C. Alias Bermudez,SG,2125634,J. Garcia Sanchez,PF,2340834,Y. Traore,C,0.0,2.0,0.0,0.0,0.0,0.0,0.0,0.0
2509237,13,984927,CASADEMONT ZARAGOZA,HOME,2646355,M. Lukic,PG,2382632,A. Cativiela Aisa,SG,2073295,R. Valero Lopez,SF,2125634,J. Garcia Sanchez,PF,2648124,A. Rodriguez Aguila,C,1.2,74.0,0.0,2.0,-2.0,0.0,64.9,-64.9
2509237,13,984927,CASADEMONT ZARAGOZA,HOME,2646355,M. Lukic,PG,2438847,A. Savkov,PG,1975428,C. Alias Bermudez,SG,2125634,J. Garcia Sanchez,PF,2340834,Y. Traore,C,1.4,84.0,0.0,0.0,0.0,0.0,0.0,0.0
2509237,13,984927,CASADEMONT ZARAGOZA,HOME,2646355,M. Lukic,PG,2438847,A. Savkov,PG,2008960,A. Moreno Valero,PG,1975428,C. Alias Bermudez,SG,2340834,Y. Traore,C,1.7,104.0,2.0,4.0,-2.0,46.2,92.3,-46.2
2509237,13,984927,CASADEMONT ZARAGOZA,HOME,2646355,M. Lukic,PG,2438847,A. Savkov,PG,2382632,A. Cativiela Aisa,SG,1975428,C. Alias Bermudez,SG,2340834,Y. Traore,C,1.5999999999999999,93.0,0.0,0.0,0.0,0.0,0.0,0.0
2509238,13,984926,FUNDACIÓN CB CANARIAS,AWAY,1856308,D. Acosta Moliné,SF,2044955,X. Lopez Rodriguez,SF,2137337,A. Perez Lopez,SF,2181003,R. Rodriguez Galvan,SF,2007163,D. Fernandez Trujillo,SF,1.1,66.0,3.0,2.0,1.0,109.1,72.7,36.4
2509238,13,984926,FUNDACIÓN CB CANARIAS,AWAY,1856308,D. Acosta Moliné,SF,2044955,X. Lopez Rodriguez,SF,2444602,L. Riga,SF,2181003,R. Rodriguez Galvan,SF,2007163,D. Fernandez Trujillo,SF,1.9,115.0,2.0,4.0,-2.0,41.7,83.5,-41.7
2509238,13,984926,FUNDACIÓN CB CANARIAS,AWAY,2734732,E. Prekevicius,SF,1856308,D. Acosta Moliné,SF,2444602,L. Riga,SF,2007163,D. Fernandez Trujillo,SF,2129281,G. Hernández Expósito,SF,1.2,74.0,0.0,2.0,-2.0,0.0,64.9,-64.9
2509238,13,984926,FUNDACIÓN CB CANARIAS,AWAY,2734732,E. Prekevicius,SF,1856308,D. Acosta Moliné,SF,2444602,L. Riga,SF,2137337,A. Perez Lopez,SF,2007163,D. Fernandez Trujillo,SF,4.6,272.0,9.0,7.0,2.0,79.4,61.8,17.6
2509238,13,984926,FUNDACIÓN CB CANARIAS,AWAY,2734732,E. Prekevicius,SF,1856308,D. Acosta Moliné,SF,2444602,L. Riga,SF,2137337,A. Perez Lopez,SF,2181003,R. Rodriguez Galvan,SF,1.2,75.0,4.0,4.0,0.0,128.0,128.0,0.0
2509238,13,984926,FUNDACIÓN CB CANARIAS,AWAY,2734732,E. Prekevicius,SF,1856308,D. Acosta Moliné,SF,2444602,L. Riga,SF,2181003,R. Rodriguez Galvan,SF,2007163,D. Fernandez Trujillo,SF,1.7,105.0,7.0,1.0,6.0,160.0,22.9,137.1
2509238,13,984926,FUNDACIÓN CB CANARIAS,AWAY,2734732,E. Prekevicius,SF,1856308,D. Acosta Moliné,SF,2829962,D. Bordón Dri,SF,2444602,L. Riga,SF,2181003,R. Rodriguez Galvan,SF,1.1,69.0,0.0,0.0,0.0,0.0,0.0,0.0
2509238,13,984926,FUNDACIÓN CB CANARIAS,AWAY,2734732,E. Prekevicius,SF,2770289,I. Embwo Kasol,SF,1856308,D. Acosta Moliné,SF,2137337,A. Perez Lopez,SF,2181003,R. Rodriguez Galvan,SF,1.5,92.0,3.0,9.0,-6.0,78.3,234.8,-156.5
2509238,13,984926,FUNDACIÓN CB CANARIAS,AWAY,2734732,E. Prekevicius,SF,2817776,I. Beton,SF,1856308,D. Acosta Moliné,SF,2444602,L. Riga,SF,2137337,A. Perez Lopez,SF,1.3,80.0,0.0,4.0,-4.0,0.0,120.0,-120.0
2509238,13,984926,FUNDACIÓN CB CANARIAS,AWAY,2734732,E. Prekevicius,SF,2829962,D. Bordón Dri,SF,1856308,D. Acosta Moliné,SF,2044955,X. Lopez Rodriguez,SF,2181003,R. Rodriguez Galvan,SF,4.3,257.0,8.0,8.0,0.0,74.7,74.7,0.0
2509238,13,984926,FUNDACIÓN CB CANARIAS,AWAY,2734732,E. Prekevicius,SF,2829962,D. Bordón Dri,SF,1856308,D. Acosta Moliné,SF,2044955,X. Lopez Rodriguez,SF,2444602,L. Riga,SF,2.1,131.0,9.0,2.0,7.0,164.9,36.6,128.2
2509238,13,984926,FUNDACIÓN CB CANARIAS,AWAY,2734732,E. Prekevicius,SF,2829962,D. Bordón Dri,SF,1856308,D. Acosta Moliné,SF,2181003,R. Rodriguez Galvan,SF,2007163,D. Fernandez Trujillo,SF,1.6,93.0,3.0,4.0,-1.0,77.4,103.2,-25.8
2509238,13,984926,FUNDACIÓN CB CANARIAS,AWAY,2734732,E. Prekevicius,SF,2829962,D. Bordón Dri,SF,1856308,D. Acosta Moliné,SF,2181003,R. Rodriguez Galvan,SF,2470375,M. Sangare,SF,2.5,150.0,3.0,4.0,-1.0,48.0,64.0,-16.0
2509238,13,984926,FUNDACIÓN CB CANARIAS,AWAY,2734732,E. Prekevicius,SF,2829962,D. Bordón Dri,SF,1856308,D. Acosta Moliné,SF,2444602,L. Riga,SF,2181003,R. Rodriguez Galvan,SF,3.3,197.0,8.0,2.0,6.0,97.5,24.4,73.1
2509238,13,984926,FUNDACIÓN CB CANARIAS,AWAY,2817776,I. Beton,SF,1856308,D. Acosta Moliné,SF,2444602,L. Riga,SF,2181003,R. Rodriguez Galvan,SF,2007163,D. Fernandez Trujillo,SF,2.3,137.0,0.0,4.0,-4.0,0.0,70.1,-70.1
2509238,13,984926,FUNDACIÓN CB CANARIAS,AWAY,2829962,D. Bordón Dri,SF,1856308,D. Acosta Moliné,SF,2044955,X. Lopez Rodriguez,SF,2137337,A. Perez Lopez,SF,2007163,D. Fernandez Trujillo,SF,1.1,69.0,3.0,0.0,3.0,104.3,0.0,104.3
2509238,13,984926,FUNDACIÓN CB CANARIAS,AWAY,2829962,D. Bordón Dri,SF,1856308,D. Acosta Moliné,SF,2044955,X. Lopez Rodriguez,SF,2181003,R. Rodriguez Galvan,SF,2470375,M. Sangare,SF,4.0,245.0,10.0,2.0,8.0,98.0,19.6,78.4
2509238,13,984926,FUNDACIÓN CB CANARIAS,AWAY,2829962,D. Bordón Dri,SF,1856308,D. Acosta Moliné,SF,2044955,X. Lopez Rodriguez,SF,2444602,L. Riga,SF,2007163,D. Fernandez Trujillo,SF,2.0,122.0,2.0,2.0,0.0,39.3,39.3,0.0
2509238,13,984926,FUNDACIÓN CB CANARIAS,AWAY,2829962,D. Bordón Dri,SF,1856308,D. Acosta Moliné,SF,2044955,X. Lopez Rodriguez,SF,2444602,L. Riga,SF,2181003,R. Rodriguez Galvan,SF,0.8,51.0,0.0,3.0,-3.0,0.0,141.2,-141.2
2509238,13,984929,JOVENTUT BADALONA,HOME,2081709,E. Del Castillo Lindo,SF,2641899,G. Graae Barbosa,SF,2156562,R. Torras Ferrer,SF,2535717,K. Macías Book,SF,2453512,P. Batlle Sole,SF,0.8,49.0,3.0,3.0,0.0,146.9,146.9,0.0
2509238,13,984929,JOVENTUT BADALONA,HOME,2081709,E. Del Castillo Lindo,SF,2641899,G. Graae Barbosa,SF,2156562,R. Torras Ferrer,SF,2845979,M. Buben,SF,2453512,P. Batlle Sole,SF,1.7,105.0,0.0,3.0,-3.0,0.0,68.6,-68.6
2509238,13,984929,JOVENTUT BADALONA,HOME,2082268,S. Merebashvili Khutashvili,SF,2081709,E. Del Castillo Lindo,SF,2641899,G. Graae Barbosa,SF,2156562,R. Torras Ferrer,SF,2535717,K. Macías Book,SF,2.5,155.0,8.0,4.0,4.0,123.9,61.9,61.9
2509238,13,984929,JOVENTUT BADALONA,HOME,2082268,S. Merebashvili Khutashvili,SF,2081709,E. Del Castillo Lindo,SF,2845979,M. Buben,SF,2156562,R. Torras Ferrer,SF,2535717,K. Macías Book,SF,1.8,113.0,3.0,4.0,-1.0,63.7,85.0,-21.2
2509238,13,984929,JOVENTUT BADALONA,HOME,2082268,S. Merebashvili Khutashvili,SF,2156562,R. Torras Ferrer,SF,2081709,E. Del Castillo Lindo,SF,2535717,K. Macías Book,SF,2453512,P. Batlle Sole,SF,1.6,97.0,4.0,4.0,0.0,99.0,99.0,0.0
2509238,13,984929,JOVENTUT BADALONA,HOME,2082385,H. Tamayo Mengual,SF,2081709,E. Del Castillo Lindo,SF,2156562,R. Torras Ferrer,SF,2535717,K. Macías Book,SF,2453512,P. Batlle Sole,SF,0.8,45.0,0.0,2.0,-2.0,0.0,106.7,-106.7
2509238,13,984929,JOVENTUT BADALONA,HOME,2082385,H. Tamayo Mengual,SF,2081709,E. Del Castillo Lindo,SF,2641899,G. Graae Barbosa,SF,2156562,R. Torras Ferrer,SF,2845979,M. Buben,SF,4.6,276.0,7.0,7.0,0.0,60.9,60.9,0.0
2509238,13,984929,JOVENTUT BADALONA,HOME,2082385,H. Tamayo Mengual,SF,2081709,E. Del Castillo Lindo,SF,2845979,M. Buben,SF,2535717,K. Macías Book,SF,2453512,P. Batlle Sole,SF,0.6,37.0,0.0,2.0,-2.0,0.0,129.7,-129.7
2509238,13,984929,JOVENTUT BADALONA,HOME,2082385,H. Tamayo Mengual,SF,2082268,S. Merebashvili Khutashvili,SF,2081709,E. Del Castillo Lindo,SF,2156562,R. Torras Ferrer,SF,2535717,K. Macías Book,SF,3.9,235.0,11.0,11.0,0.0,112.3,112.3,0.0
2509238,13,984929,JOVENTUT BADALONA,HOME,2082385,H. Tamayo Mengual,SF,2082268,S. Merebashvili Khutashvili,SF,2081709,E. Del Castillo Lindo,SF,2535717,K. Macías Book,SF,2453512,P. Batlle Sole,SF,7.4,448.0,10.0,11.0,-1.0,53.6,58.9,-5.4
2509238,13,984929,JOVENTUT BADALONA,HOME,2082385,H. Tamayo Mengual,SF,2082268,S. Merebashvili Khutashvili,SF,2081709,E. Del Castillo Lindo,SF,2641899,G. Graae Barbosa,SF,2535717,K. Macías Book,SF,4.6,280.0,6.0,3.0,3.0,51.4,25.7,25.7
2509238,13,984929,JOVENTUT BADALONA,HOME,2082385,H. Tamayo Mengual,SF,2082268,S. Merebashvili Khutashvili,SF,2081709,E. Del Castillo Lindo,SF,2641899,G. Graae Barbosa,SF,2845979,M. Buben,SF,0.9,53.0,0.0,4.0,-4.0,0.0,181.1,-181.1
2509238,13,984929,JOVENTUT BADALONA,HOME,2082385,H. Tamayo Mengual,SF,2082268,S. Merebashvili Khutashvili,SF,2156562,R. Torras Ferrer,SF,2081709,E. Del Castillo Lindo,SF,2641899,G. Graae Barbosa,SF,0.0,2.0,0.0,0.0,0.0,0.0,0.0,0.0
2509238,13,984929,JOVENTUT BADALONA,HOME,2082385,H. Tamayo Mengual,SF,2156562,R. Torras Ferrer,SF,2081709,E. Del Castillo Lindo,SF,2641899,G. Graae Barbosa,SF,2845979,M. Buben,SF,3.0,179.0,6.0,5.0,1.0,80.4,67.0,13.4
2509238,13,984929,JOVENTUT BADALONA,HOME,2082385,H. Tamayo Mengual,SF,2156562,R. Torras Ferrer,SF,2081709,E. Del Castillo Lindo,SF,2845979,M. Buben,SF,2535717,K. Macías Book,SF,1.3,82.0,0.0,7.0,-7.0,0.0,204.9,-204.9
2509238,13,984929,JOVENTUT BADALONA,HOME,2156562,R. Torras Ferrer,SF,2081709,E. Del Castillo Lindo,SF,2641899,G. Graae Barbosa,SF,2845979,M. Buben,SF,2453512,P. Batlle Sole,SF,1.4,84.0,2.0,0.0,2.0,57.1,0.0,57.1
2509238,13,984929,JOVENTUT BADALONA,HOME,2156562,R. Torras Ferrer,SF,2081709,E. Del Castillo Lindo,SF,2845979,M. Buben,SF,2535717,K. Macías Book,SF,2453512,P. Batlle Sole,SF,2.7,160.0,4.0,4.0,0.0,60.0,60.0,0.0
2509239,13,984791,BURGOS GRUPO DE SANTIAGO,AWAY,2162563,A. Laso Careaga,,2103560,A. Reyes Abad,,2610623,L. Krispin,,2045029,D. Rodriguez Ramos,,2661261,R. Rodriguez,,2.5,148.0,8.0,8.0,0.0,129.7,129.7,0.0
2509239,13,984791,BURGOS GRUPO DE SANTIAGO,AWAY,2162563,A. Laso Careaga,,2103560,A. Reyes Abad,,2610623,L. Krispin,,2045029,D. Rodriguez Ramos,,2690845,F. Nuñez,,1.0,58.0,0.0,4.0,-4.0,0.0,165.5,-165.5
2509239,13,984791,BURGOS GRUPO DE SANTIAGO,AWAY,2162563,A. Laso Careaga,,2103560,A. Reyes Abad,,2610623,L. Krispin,,2690845,F. Nuñez,,2661261,R. Rodriguez,,0.7,42.0,0.0,0.0,0.0,0.0,0.0,0.0
2509239,13,984791,BURGOS GRUPO DE SANTIAGO,AWAY,2162563,A. Laso Careaga,,2210291,E. Franco Sanz,,2610623,L. Krispin,,2045029,D. Rodriguez Ramos,,2690845,F. Nuñez,,1.9000000000000001,115.0,4.0,6.0,-2.0,83.5,125.2,-41.7
2509239,13,984791,BURGOS GRUPO DE SANTIAGO,AWAY,2162563,A. Laso Careaga,,2210291,E. Franco Sanz,,2610623,L. Krispin,,2690845,F. Nuñez,,2661261,R. Rodriguez,,3.7,219.0,3.0,4.0,-1.0,32.9,43.8,-11.0
2509239,13,984791,BURGOS GRUPO DE SANTIAGO,AWAY,2162563,A. Laso Careaga,,2228400,M. Perez Gundin,,2103560,A. Reyes Abad,,2610623,L. Krispin,,2300932,S. Martin Diez,,2.4,140.0,2.0,8.0,-6.0,34.3,137.1,-102.9
2509239,13,984791,BURGOS GRUPO DE SANTIAGO,AWAY,2162563,A. Laso Careaga,,2228400,M. Perez Gundin,,2103560,A. Reyes Abad,,2610623,L. Krispin,,2690845,F. Nuñez,,1.2,75.0,4.0,2.0,2.0,128.0,64.0,64.0
2509239,13,984791,BURGOS GRUPO DE SANTIAGO,AWAY,2162563,A. Laso Careaga,,2790234,J. Taboada Lühers,,2210291,E. Franco Sanz,,2610623,L. Krispin,,2045029,D. Rodriguez Ramos,,0.2,15.0,0.0,2.0,-2.0,0.0,320.0,-320.0
2509239,13,984791,BURGOS GRUPO DE SANTIAGO,AWAY,2162563,A. Laso Careaga,,2790234,J. Taboada Lühers,,2210291,E. Franco Sanz,,2610623,L. Krispin,,2690845,F. Nuñez,,2.0,120.0,4.0,5.0,-1.0,80.0,100.0,-20.0
2509239,13,984791,BURGOS GRUPO DE SANTIAGO,AWAY,2162563,A. Laso Careaga,,2790234,J. Taboada Lühers,,2610623,L. Krispin,,2045029,D. Rodriguez Ramos,,2436134,A. Traore,,2.9,177.0,2.0,2.0,0.0,27.1,27.1,0.0
2509239,13,984791,BURGOS GRUPO DE SANTIAGO,AWAY,2228400,M. Perez Gundin,,2103560,A. Reyes Abad,,2610623,L. Krispin,,2045029,D. Rodriguez Ramos,,2300932,S. Martin Diez,,2.0,124.0,1.0,7.0,-6.0,19.4,135.5,-116.1
2509239,13,984791,BURGOS GRUPO DE SANTIAGO,AWAY,2790234,J. Taboada Lühers,,2103560,A. Reyes Abad,,2610623,L. Krispin,,2045029,D. Rodriguez Ramos,,2436134,A. Traore,,5.0,300.0,13.0,12.0,1.0,104.0,96.0,8.0
2509239,13,984791,BURGOS GRUPO DE SANTIAGO,AWAY,2790234,J. Taboada Lühers,,2103560,A. Reyes Abad,,2610623,L. Krispin,,2045029,D. Rodriguez Ramos,,2690845,F. Nuñez,,1.5,88.0,0.0,3.0,-3.0,0.0,81.8,-81.8
2509239,13,984791,BURGOS GRUPO DE SANTIAGO,AWAY,2790234,J. Taboada Lühers,,2103560,A. Reyes Abad,,2610623,L. Krispin,,2220551,M. Garcia Varona,,2661261,R. Rodriguez,,0.6,37.0,2.0,5.0,-3.0,129.7,324.3,-194.6
2509239,13,984791,BURGOS GRUPO DE SANTIAGO,AWAY,2790234,J. Taboada Lühers,,2103560,A. Reyes Abad,,2610623,L. Krispin,,2436134,A. Traore,,2220551,M. Garcia Varona,,0.5,28.0,2.0,0.0,2.0,171.4,0.0,171.4
2509239,13,984791,BURGOS GRUPO DE SANTIAGO,AWAY,2790234,J. Taboada Lühers,,2103560,A. Reyes Abad,,2610623,L. Krispin,,2436134,A. Traore,,2690845,F. Nuñez,,1.1,66.0,4.0,0.0,4.0,145.5,0.0,145.5
2509239,13,984791,BURGOS GRUPO DE SANTIAGO,AWAY,2790234,J. Taboada Lühers,,2210291,E. Franco Sanz,,2103560,A. Reyes Abad,,2610623,L. Krispin,,2220551,M. Garcia Varona,,2.1,126.0,2.0,8.0,-6.0,38.1,152.4,-114.3
2509239,13,984791,BURGOS GRUPO DE SANTIAGO,AWAY,2790234,J. Taboada Lühers,,2210291,E. Franco Sanz,,2610623,L. Krispin,,2690845,F. Nuñez,,2661261,R. Rodriguez,,0.8,49.0,2.0,2.0,0.0,98.0,98.0,0.0
2509239,13,984791,BURGOS GRUPO DE SANTIAGO,AWAY,2790234,J. Taboada Lühers,,2610623,L. Krispin,,2045029,D. Rodriguez Ramos,,2436134,A. Traore,,2661261,R. Rodriguez,,0.6,38.0,0.0,2.0,-2.0,0.0,126.3,-126.3
2509239,13,984791,BURGOS GRUPO DE SANTIAGO,AWAY,2790234,J. Taboada Lühers,,2610623,L. Krispin,,2103560,A. Reyes Abad,,2661261,R. Rodriguez,,2690845,F. Nuñez,,5.2,313.0,13.0,16.0,-3.0,99.7,122.7,-23.0
2509239,13,984791,BURGOS GRUPO DE SANTIAGO,AWAY,2790234,J. Taboada Lühers,,2610623,L. Krispin,,2436134,A. Traore,,2103560,A. Reyes Abad,,2661261,R. Rodriguez,,0.9,57.0,4.0,3.0,1.0,168.4,126.3,42.1
2509239,13,984791,BURGOS GRUPO DE SANTIAGO,AWAY,2790234,J. Taboada Lühers,,2610623,L. Krispin,,2436134,A. Traore,,2690845,F. Nuñez,,2661261,R. Rodriguez,,1.1,65.0,5.0,5.0,0.0,184.6,184.6,0.0
2509239,13,984923,GRAN CANARIA,HOME,2044256,J. Arteaga Giner,,2441048,E. Heinonen,,2087418,G. Baez Pierson,,2760153,C. Mbengue,,1885980,F. Díaz Herrera,,1.5,88.0,2.0,3.0,-1.0,54.5,81.8,-27.3
2509239,13,984923,GRAN CANARIA,HOME,2044256,J. Arteaga Giner,,2441048,E. Heinonen,,2087418,G. Baez Pierson,,2827856,B. González Ramírez,,2760153,C. Mbengue,,0.8,47.0,2.0,0.0,2.0,102.1,0.0,102.1
2509239,13,984923,GRAN CANARIA,HOME,2044256,J. Arteaga Giner,,2441048,E. Heinonen,,2087418,G. Baez Pierson,,2827856,B. González Ramírez,,2834161,W. Tsafack,,0.2,11.0,2.0,0.0,2.0,436.4,0.0,436.4
2509239,13,984923,GRAN CANARIA,HOME,2044256,J. Arteaga Giner,,2441048,E. Heinonen,,2087418,G. Baez Pierson,,2834161,W. Tsafack,,2760153,C. Mbengue,,1.8,107.0,6.0,4.0,2.0,134.6,89.7,44.9
2509239,13,984923,GRAN CANARIA,HOME,2044256,J. Arteaga Giner,,2441048,E. Heinonen,,2129323,J. Yánez García,,2087418,G. Baez Pierson,,2563387,M. Coulibaly,,1.0,60.0,4.0,2.0,2.0,160.0,80.0,80.0
2509239,13,984923,GRAN CANARIA,HOME,2044256,J. Arteaga Giner,,2441048,E. Heinonen,,2129323,J. Yánez García,,2827856,B. González Ramírez,,2563387,M. Coulibaly,,1.2,74.0,5.0,1.0,4.0,162.2,32.4,129.7
2509239,13,984923,GRAN CANARIA,HOME,2044256,J. Arteaga Giner,,2441048,E. Heinonen,,2452090,L. Nzambi Maniema,,2087418,G. Baez Pierson,,2827856,B. González Ramírez,,1.5,88.0,3.0,0.0,3.0,81.8,0.0,81.8
2509239,13,984923,GRAN CANARIA,HOME,2044256,J. Arteaga Giner,,2441048,E. Heinonen,,2452090,L. Nzambi Maniema,,2651631,M. Miteo,,1885980,F. Díaz Herrera,,0.1,8.0,0.0,0.0,0.0,0.0,0.0,0.0
2509239,13,984923,GRAN CANARIA,HOME,2044256,J. Arteaga Giner,,2441048,E. Heinonen,,2452090,L. Nzambi Maniema,,2651631,M. Miteo,,2087418,G. Baez Pierson,,2.3,138.0,4.0,8.0,-4.0,69.6,139.1,-69.6
2509239,13,984923,GRAN CANARIA,HOME,2044256,J. Arteaga Giner,,2441048,E. Heinonen,,2452090,L. Nzambi Maniema,,2651631,M. Miteo,,2827856,B. González Ramírez,,6.1,365.0,17.0,17.0,0.0,111.8,111.8,0.0
2509239,13,984923,GRAN CANARIA,HOME,2044256,J. Arteaga Giner,,2441048,E. Heinonen,,2452090,L. Nzambi Maniema,,2651631,M. Miteo,,2834161,W. Tsafack,,2.0,118.0,8.0,2.0,6.0,162.7,40.7,122.0
2509239,13,984923,GRAN CANARIA,HOME,2044256,J. Arteaga Giner,,2441048,E. Heinonen,,2452090,L. Nzambi Maniema,,2760153,C. Mbengue,,1885980,F. Díaz Herrera,,1.9,117.0,2.0,4.0,-2.0,41.0,82.1,-41.0
2509239,13,984923,GRAN CANARIA,HOME,2044256,J. Arteaga Giner,,2441048,E. Heinonen,,2452090,L. Nzambi Maniema,,2834161,W. Tsafack,,2087418,G. Baez Pierson,,0.1,7.0,0.0,0.0,0.0,0.0,0.0,0.0
2509239,13,984923,GRAN CANARIA,HOME,2044256,J. Arteaga Giner,,2441048,E. Heinonen,,2452090,L. Nzambi Maniema,,2834161,W. Tsafack,,2651631,M. Miteo,,2.4000000000000004,144.0,7.0,4.0,3.0,116.7,66.7,50.0
2509239,13,984923,GRAN CANARIA,HOME,2044256,J. Arteaga Giner,,2441048,E. Heinonen,,2452090,L. Nzambi Maniema,,2834161,W. Tsafack,,2760153,C. Mbengue,,1.4,80.0,5.0,5.0,0.0,150.0,150.0,0.0
2509239,13,984923,GRAN CANARIA,HOME,2044256,J. Arteaga Giner,,2441048,E. Heinonen,,2452090,L. Nzambi Maniema,,2834161,W. Tsafack,,2827856,B. González Ramírez,,3.2,192.0,8.0,6.0,2.0,100.0,75.0,25.0
2509239,13,984923,GRAN CANARIA,HOME,2044256,J. Arteaga Giner,,2441048,E. Heinonen,,2651631,M. Miteo,,2087418,G. Baez Pierson,,1885980,F. Díaz Herrera,,2.2,131.0,2.0,0.0,2.0,36.6,0.0,36.6
2509239,13,984923,GRAN CANARIA,HOME,2044256,J. Arteaga Giner,,2441048,E. Heinonen,,2651631,M. Miteo,,2087418,G. Baez Pierson,,2834161,W. Tsafack,,2.6999999999999997,167.0,4.0,2.0,2.0,57.5,28.7,28.7
2509239,13,984923,GRAN CANARIA,HOME,2044256,J. Arteaga Giner,,2441048,E. Heinonen,,2651631,M. Miteo,,2827856,B. González Ramírez,,2760153,C. Mbengue,,0.1,8.0,0.0,0.0,0.0,0.0,0.0,0.0
2509239,13,984923,GRAN CANARIA,HOME,2044256,J. Arteaga Giner,,2441048,E. Heinonen,,2651631,M. Miteo,,2834161,W. Tsafack,,2827856,B. González Ramírez,,0.7,42.0,2.0,0.0,2.0,114.3,0.0,114.3
2509239,13,984923,GRAN CANARIA,HOME,2441048,E. Heinonen,,2452090,L. Nzambi Maniema,,2827856,B. González Ramírez,,2834161,W. Tsafack,,2760153,C. Mbengue,,6.1000000000000005,370.0,19.0,17.0,2.0,123.2,110.3,13.0
2509239,13,984923,GRAN CANARIA,HOME,2441048,E. Heinonen,,2452090,L. Nzambi Maniema,,2834161,W. Tsafack,,2760153,C. Mbengue,,1885980,F. Díaz Herrera,,0.6,38.0,2.0,0.0,2.0,126.3,0.0,126.3
2509240,14,984792,REAL MADRID,HOME,2480762,G. Grinvalds,SF,2817763,E. Amosov,SF,2122875,I. Almansa Perez,PF,2043083,R. Rioja Achiaga,C,2370180,O. Hadi Adegbite,C,2.6,150.0,5.0,2.0,3.0,80.0,32.0,48.0
2509240,14,984792,REAL MADRID,HOME,2645392,O. Kutluay,PG,2662049,A. Bjelic,SG,2480762,G. Grinvalds,SF,2029762,D. Krohnert Moto,SF,2370180,O. Hadi Adegbite,C,0.6,36.0,2.0,0.0,2.0,133.3,0.0,133.3
2509240,14,984792,REAL MADRID,HOME,2645392,O. Kutluay,PG,2662049,A. Bjelic,SG,2480762,G. Grinvalds,SF,2029762,D. Krohnert Moto,SF,2817763,E. Amosov,SF,3.7,224.0,0.0,5.0,-5.0,0.0,53.6,-53.6
2509240,14,984792,REAL MADRID,HOME,2645392,O. Kutluay,PG,2662049,A. Bjelic,SG,2480762,G. Grinvalds,SF,2122875,I. Almansa Perez,PF,2370180,O. Hadi Adegbite,C,1.0,58.0,0.0,0.0,0.0,0.0,0.0,0.0
2509240,14,984792,REAL MADRID,HOME,2645392,O. Kutluay,PG,2662049,A. Bjelic,SG,2480762,G. Grinvalds,SF,2817763,E. Amosov,SF,2122875,I. Almansa Perez,PF,1.1,65.0,3.0,3.0,0.0,110.8,110.8,0.0
2509240,14,984792,REAL MADRID,HOME,2645392,O. Kutluay,PG,2662049,A. Bjelic,SG,2480762,G. Grinvalds,SF,2817763,E. Amosov,SF,2679004,O. Diarra,C,1.1,66.0,1.0,0.0,1.0,36.4,0.0,36.4
2509240,14,984792,REAL MADRID,HOME,2645392,O. Kutluay,PG,2735493,F. Kayser,PG,2480762,G. Grinvalds,SF,2817763,E. Amosov,SF,2679004,O. Diarra,C,4.3,259.0,6.0,11.0,-5.0,55.6,101.9,-46.3
2509240,14,984792,REAL MADRID,HOME,2662049,A. Bjelic,SG,2480762,G. Grinvalds,SF,2029762,D. Krohnert Moto,SF,2122875,I. Almansa Perez,PF,2370180,O. Hadi Adegbite,C,6.6000000000000005,409.0,18.0,2.0,16.0,105.6,11.7,93.9
2509240,14,984792,REAL MADRID,HOME,2662049,A. Bjelic,SG,2480762,G. Grinvalds,SF,2122875,I. Almansa Perez,PF,2043083,R. Rioja Achiaga,C,2370180,O. Hadi Adegbite,C,1.5,89.0,0.0,1.0,-1.0,0.0,27.0,-27.0
2509240,14,984792,REAL MADRID,HOME,2735493,F. Kayser,PG,2480762,G. Grinvalds,SF,2029762,D. Krohnert Moto,SF,2817763,E. Amosov,SF,2122875,I. Almansa Perez,PF,4.6,273.0,8.0,11.0,-3.0,70.3,96.7,-26.4
2509240,14,984792,REAL MADRID,HOME,2735493,F. Kayser,PG,2480762,G. Grinvalds,SF,2227587,G. Tavier Montoya,SF,2817763,E. Amosov,SF,2370180,O. Hadi Adegbite,C,2.1,124.0,2.0,0.0,2.0,38.7,0.0,38.7
2509240,14,984792,REAL MADRID,HOME,2735493,F. Kayser,PG,2480762,G. Grinvalds,SF,2817763,E. Amosov,SF,2122875,I. Almansa Perez,PF,2043083,R. Rioja Achiaga,C,1.5,88.0,4.0,2.0,2.0,109.1,54.5,54.5
2509240,14,984792,REAL MADRID,HOME,2735493,F. Kayser,PG,2480762,G. Grinvalds,SF,2817763,E. Amosov,SF,2122875,I. Almansa Perez,PF,2370180,O. Hadi Adegbite,C,0.6,38.0,0.0,0.0,0.0,0.0,0.0,0.0
2509240,14,984792,REAL MADRID,HOME,2735493,F. Kayser,PG,2480762,G. Grinvalds,SF,2817763,E. Amosov,SF,2370180,O. Hadi Adegbite,C,2679004,O. Diarra,C,1.4,82.0,4.0,4.0,0.0,117.1,117.1,0.0
2509240,14,984792,REAL MADRID,HOME,2735493,F. Kayser,PG,2645392,O. Kutluay,PG,2480762,G. Grinvalds,SF,2029762,D. Krohnert Moto,SF,2817763,E. Amosov,SF,1.0,59.0,2.0,2.0,0.0,81.4,81.4,0.0
2509240,14,984792,REAL MADRID,HOME,2735493,F. Kayser,PG,2645392,O. Kutluay,PG,2480762,G. Grinvalds,SF,2817763,E. Amosov,SF,2122875,I. Almansa Perez,PF,1.8,109.0,3.0,0.0,3.0,66.1,0.0,66.1
2509240,14,984792,REAL MADRID,HOME,2735493,F. Kayser,PG,2662049,A. Bjelic,SG,2480762,G. Grinvalds,SF,2122875,I. Almansa Perez,PF,2370180,O. Hadi Adegbite,C,1.3,76.0,3.0,3.0,0.0,94.7,94.7,0.0
2509240,14,984792,REAL MADRID,HOME,2735493,F. Kayser,PG,2662049,A. Bjelic,SG,2480762,G. Grinvalds,SF,2227587,G. Tavier Montoya,SF,2122875,I. Almansa Perez,PF,1.0,59.0,0.0,4.0,-4.0,0.0,162.7,-162.7
2509240,14,984792,REAL MADRID,HOME,2735493,F. Kayser,PG,2662049,A. Bjelic,SG,2480762,G. Grinvalds,SF,2227587,G. Tavier Montoya,SF,2817763,E. Amosov,SF,2.2,136.0,11.0,1.0,10.0,194.1,17.6,176.5
2509240,14,984929,JOVENTUT BADALONA,AWAY,1943849,F. Mauri Guillen,PG,2081709,E. Del Castillo Lindo,SG,2023675,A. Torres De La Torre,SF,2156562,R. Torras Ferrer,PF,2641899,G. Graae Barbosa,C,3.4,200.0,5.0,8.0,-3.0,60.0,96.0,-36.0
2509240,14,984929,JOVENTUT BADALONA,AWAY,1943849,F. Mauri Guillen,PG,2081709,E. Del Castillo Lindo,SG,2023675,A. Torres De La Torre,SF,2535717,K. Macías Book,PF,2156562,R. Torras Ferrer,PF,0.8,46.0,3.0,3.0,0.0,156.5,156.5,0.0
2509240,14,984929,JOVENTUT BADALONA,AWAY,1943849,F. Mauri Guillen,PG,2081709,E. Del Castillo Lindo,SG,2453512,P. Batlle Sole,SF,2023675,A. Torres De La Torre,SF,2082385,H. Tamayo Mengual,PF,2.2,134.0,6.0,3.0,3.0,107.5,53.7,53.7
2509240,14,984929,JOVENTUT BADALONA,AWAY,1943849,F. Mauri Guillen,PG,2081709,E. Del Castillo Lindo,SG,2453512,P. Batlle Sole,SF,2023675,A. Torres De La Torre,SF,2156562,R. Torras Ferrer,PF,1.1,65.0,0.0,2.0,-2.0,0.0,73.8,-73.8
2509240,14,984929,JOVENTUT BADALONA,AWAY,1943849,F. Mauri Guillen,PG,2081709,E. Del Castillo Lindo,SG,2453512,P. Batlle Sole,SF,2082385,H. Tamayo Mengual,PF,2156562,R. Torras Ferrer,PF,0.3,19.0,0.0,0.0,0.0,0.0,0.0,0.0
2509240,14,984929,JOVENTUT BADALONA,AWAY,1943849,F. Mauri Guillen,PG,2081709,E. Del Castillo Lindo,SG,2453512,P. Batlle Sole,SF,2082385,H. Tamayo Mengual,PF,2641899,G. Graae Barbosa,C,0.4,25.0,0.0,2.0,-2.0,0.0,192.0,-192.0
2509240,14,984929,JOVENTUT BADALONA,AWAY,1943849,F. Mauri Guillen,PG,2081709,E. Del Castillo Lindo,SG,2453512,P. Batlle Sole,SF,2156562,R. Torras Ferrer,PF,2641899,G. Graae Barbosa,C,1.0,58.0,0.0,0.0,0.0,0.0,0.0,0.0
2509240,14,984929,JOVENTUT BADALONA,AWAY,1943849,F. Mauri Guillen,PG,2081709,E. Del Castillo Lindo,SG,2453512,P. Batlle Sole,SF,2535717,K. Macías Book,PF,2156562,R. Torras Ferrer,PF,1.6,99.0,0.0,4.0,-4.0,0.0,97.0,-97.0
2509240,14,984929,JOVENTUT BADALONA,AWAY,1943849,F. Mauri Guillen,PG,2081709,E. Del Castillo Lindo,SG,2528952,D. Niebla Santos,SG,2023675,A. Torres De La Torre,SF,2243143,T. Thomas I García,PF,0.3,19.0,0.0,0.0,0.0,0.0,0.0,0.0
2509240,14,984929,JOVENTUT BADALONA,AWAY,1943849,F. Mauri Guillen,PG,2081709,E. Del Castillo Lindo,SG,2528952,D. Niebla Santos,SG,2023675,A. Torres De La Torre,SF,2535717,K. Macías Book,PF,9.5,568.0,14.0,13.0,1.0,59.2,54.9,4.2
2509240,14,984929,JOVENTUT BADALONA,AWAY,1943849,F. Mauri Guillen,PG,2081709,E. Del Castillo Lindo,SG,2528952,D. Niebla Santos,SG,2023675,A. Torres De La Torre,SF,2641899,G. Graae Barbosa,C,5.8,353.0,11.0,7.0,4.0,74.8,47.6,27.2
2509240,14,984929,JOVENTUT BADALONA,AWAY,1943849,F. Mauri Guillen,PG,2081709,E. Del Castillo Lindo,SG,2528952,D. Niebla Santos,SG,2156562,R. Torras Ferrer,PF,2243143,T. Thomas I García,PF,1.8,105.0,3.0,3.0,0.0,68.6,68.6,0.0
2509240,14,984929,JOVENTUT BADALONA,AWAY,1943849,F. Mauri Guillen,PG,2081709,E. Del Castillo Lindo,SG,2528952,D. Niebla Santos,SG,2453512,P. Batlle Sole,SF,2023675,A. Torres De La Torre,SF,2.0,122.0,1.0,11.0,-10.0,19.7,216.4,-196.7
2509240,14,984929,JOVENTUT BADALONA,AWAY,1943849,F. Mauri Guillen,PG,2081709,E. Del Castillo Lindo,SG,2528952,D. Niebla Santos,SG,2535717,K. Macías Book,PF,2156562,R. Torras Ferrer,PF,1.2,75.0,0.0,4.0,-4.0,0.0,128.0,-128.0
2509240,14,984929,JOVENTUT BADALONA,AWAY,2081709,E. Del Castillo Lindo,SG,2453512,P. Batlle Sole,SF,2023675,A. Torres De La Torre,SF,2082385,H. Tamayo Mengual,PF,2156562,R. Torras Ferrer,PF,0.7,40.0,0.0,5.0,-5.0,0.0,300.0,-300.0
2509240,14,984929,JOVENTUT BADALONA,AWAY,2081709,E. Del Castillo Lindo,SG,2453512,P. Batlle Sole,SF,2082385,H. Tamayo Mengual,PF,2156562,R. Torras Ferrer,PF,2641899,G. Graae Barbosa,C,0.1,6.0,0.0,0.0,0.0,0.0,0.0,0.0
2509240,14,984929,JOVENTUT BADALONA,AWAY,2081709,E. Del Castillo Lindo,SG,2453512,P. Batlle Sole,SF,2535717,K. Macías Book,PF,2082385,H. Tamayo Mengual,PF,2156562,R. Torras Ferrer,PF,0.2,11.0,0.0,2.0,-2.0,0.0,436.4,-436.4
2509240,14,984929,JOVENTUT BADALONA,AWAY,2081709,E. Del Castillo Lindo,SG,2528952,D. Niebla Santos,SG,2453512,P. Batlle Sole,SF,2082385,H. Tamayo Mengual,PF,2641899,G. Graae Barbosa,C,3.0,177.0,3.0,0.0,3.0,40.7,0.0,40.7
2509240,14,984929,JOVENTUT BADALONA,AWAY,2081709,E. Del Castillo Lindo,SG,2528952,D. Niebla Santos,SG,2453512,P. Batlle Sole,SF,2243143,T. Thomas I García,PF,2641899,G. Graae Barbosa,C,2.4,143.0,5.0,0.0,5.0,83.9,0.0,83.9
2509240,14,984929,JOVENTUT BADALONA,AWAY,2081709,E. Del Castillo Lindo,SG,2528952,D. Niebla Santos,SG,2535717,K. Macías Book,PF,2156562,R. Torras Ferrer,PF,2243143,T. Thomas I García,PF,2.2,135.0,0.0,5.0,-5.0,0.0,88.9,-88.9
2509241,14,984923,GRAN CANARIA,AWAY,2441048,E. Heinonen,SG,1885980,F. Díaz Herrera,SG,2044256,J. Arteaga Giner,SF,2087418,G. Baez Pierson,SF,2651631,M. Miteo,C,3.5999999999999996,216.0,5.0,9.0,-4.0,55.6,100.0,-44.4
2509241,14,984923,GRAN CANARIA,AWAY,2441048,E. Heinonen,SG,1885980,F. Díaz Herrera,SG,2044256,J. Arteaga Giner,SF,2087418,G. Baez Pierson,SF,2760153,C. Mbengue,C,1.8,109.0,2.0,0.0,2.0,44.0,0.0,44.0
2509241,14,984923,GRAN CANARIA,AWAY,2441048,E. Heinonen,SG,1885980,F. Díaz Herrera,SG,2044256,J. Arteaga Giner,SF,2087418,G. Baez Pierson,SF,2834161,W. Tsafack,PF,1.7000000000000002,102.0,2.0,7.0,-5.0,47.1,164.7,-117.6
2509241,14,984923,GRAN CANARIA,AWAY,2452090,L. Nzambi Maniema,SG,2441048,E. Heinonen,SG,1885980,F. Díaz Herrera,SG,2044256,J. Arteaga Giner,SF,2087418,G. Baez Pierson,SF,1.0,57.0,2.0,0.0,2.0,84.2,0.0,84.2
2509241,14,984923,GRAN CANARIA,AWAY,2452090,L. Nzambi Maniema,SG,2441048,E. Heinonen,SG,1885980,F. Díaz Herrera,SG,2044256,J. Arteaga Giner,SF,2834161,W. Tsafack,PF,0.8,47.0,2.0,2.0,0.0,102.1,102.1,0.0
2509241,14,984923,GRAN CANARIA,AWAY,2452090,L. Nzambi Maniema,SG,2441048,E. Heinonen,SG,2044256,J. Arteaga Giner,SF,2087418,G. Baez Pierson,SF,2834161,W. Tsafack,PF,2.6,157.0,4.0,4.0,0.0,61.1,61.1,0.0
2509241,14,984923,GRAN CANARIA,AWAY,2827856,B. González Ramírez,PG,2452090,L. Nzambi Maniema,SG,2441048,E. Heinonen,SG,1885980,F. Díaz Herrera,SG,2044256,J. Arteaga Giner,SF,1.5,92.0,2.0,4.0,-2.0,52.2,104.3,-52.2
2509241,14,984923,GRAN CANARIA,AWAY,2827856,B. González Ramírez,PG,2452090,L. Nzambi Maniema,SG,2441048,E. Heinonen,SG,2044256,J. Arteaga Giner,SF,2834161,W. Tsafack,PF,23.7,1416.0,42.0,42.0,0.0,71.2,71.2,0.0
2509241,14,984923,GRAN CANARIA,AWAY,2827856,B. González Ramírez,PG,2452090,L. Nzambi Maniema,SG,2441048,E. Heinonen,SG,2087418,G. Baez Pierson,SF,2760153,C. Mbengue,C,3.9,234.0,7.0,4.0,3.0,71.8,41.0,30.8
2509241,14,984923,GRAN CANARIA,AWAY,2827856,B. González Ramírez,PG,2452090,L. Nzambi Maniema,SG,2441048,E. Heinonen,SG,2760153,C. Mbengue,C,2651631,M. Miteo,C,2.4000000000000004,141.0,5.0,4.0,1.0,85.1,68.1,17.0
2509241,14,984923,GRAN CANARIA,AWAY,2827856,B. González Ramírez,PG,2452090,L. Nzambi Maniema,SG,2441048,E. Heinonen,SG,2834161,W. Tsafack,PF,2760153,C. Mbengue,C,2.1,129.0,3.0,7.0,-4.0,55.8,130.2,-74.4
2509241,14,984926,FUNDACIÓN CB CANARIAS,HOME,2137337,A. Perez Lopez,PG,2734732,E. Prekevicius,SG,2444602,L. Riga,SF,2044955,X. Lopez Rodriguez,SF,2476064,B. Lipasi Yitu,PF,0.2,14.0,2.0,0.0,2.0,342.9,0.0,342.9
2509241,14,984926,FUNDACIÓN CB CANARIAS,HOME,2181003,R. Rodriguez Galvan,PG,2007163,D. Fernandez Trujillo,SG,2734732,E. Prekevicius,SG,2444602,L. Riga,SF,2476064,B. Lipasi Yitu,PF,0.4,23.0,0.0,2.0,-2.0,0.0,208.7,-208.7
2509241,14,984926,FUNDACIÓN CB CANARIAS,HOME,2181003,R. Rodriguez Galvan,PG,2137337,A. Perez Lopez,PG,2734732,E. Prekevicius,SG,2444602,L. Riga,SF,1856308,D. Acosta Moliné,C,1.8,109.0,0.0,2.0,-2.0,0.0,44.0,-44.0
2509241,14,984926,FUNDACIÓN CB CANARIAS,HOME,2181003,R. Rodriguez Galvan,PG,2734732,E. Prekevicius,SG,2044955,X. Lopez Rodriguez,SF,2476064,B. Lipasi Yitu,PF,1856308,D. Acosta Moliné,C,2.7,161.0,9.0,7.0,2.0,134.2,104.3,29.8
2509241,14,984926,FUNDACIÓN CB CANARIAS,HOME,2181003,R. Rodriguez Galvan,PG,2734732,E. Prekevicius,SG,2444602,L. Riga,SF,2044955,X. Lopez Rodriguez,SF,1856308,D. Acosta Moliné,C,2.0,120.0,4.0,3.0,1.0,80.0,60.0,20.0
2509241,14,984926,FUNDACIÓN CB CANARIAS,HOME,2181003,R. Rodriguez Galvan,PG,2829962,D. Bordón Dri,PG,2007163,D. Fernandez Trujillo,SG,2476064,B. Lipasi Yitu,PF,1856308,D. Acosta Moliné,C,4.6,273.0,4.0,7.0,-3.0,35.2,61.5,-26.4
2509241,14,984926,FUNDACIÓN CB CANARIAS,HOME,2181003,R. Rodriguez Galvan,PG,2829962,D. Bordón Dri,PG,2044955,X. Lopez Rodriguez,SF,2470375,M. Sangare,C,1856308,D. Acosta Moliné,C,9.100000000000001,544.0,17.0,15.0,2.0,75.0,66.2,8.8
2509241,14,984926,FUNDACIÓN CB CANARIAS,HOME,2181003,R. Rodriguez Galvan,PG,2829962,D. Bordón Dri,PG,2044955,X. Lopez Rodriguez,SF,2476064,B. Lipasi Yitu,PF,1856308,D. Acosta Moliné,C,3.6,216.0,2.0,8.0,-6.0,22.2,88.9,-66.7
2509241,14,984926,FUNDACIÓN CB CANARIAS,HOME,2181003,R. Rodriguez Galvan,PG,2829962,D. Bordón Dri,PG,2444602,L. Riga,SF,2044955,X. Lopez Rodriguez,SF,2476064,B. Lipasi Yitu,PF,1.4,84.0,4.0,3.0,1.0,114.3,85.7,28.6
2509241,14,984926,FUNDACIÓN CB CANARIAS,HOME,2181003,R. Rodriguez Galvan,PG,2829962,D. Bordón Dri,PG,2734732,E. Prekevicius,SG,2444602,L. Riga,SF,1856308,D. Acosta Moliné,C,0.8,44.0,4.0,1.0,3.0,218.2,54.5,163.6
2509241,14,984926,FUNDACIÓN CB CANARIAS,HOME,2181003,R. Rodriguez Galvan,PG,2829962,D. Bordón Dri,PG,2734732,E. Prekevicius,SG,2476064,B. Lipasi Yitu,PF,1856308,D. Acosta Moliné,C,2.9000000000000004,175.0,3.0,6.0,-3.0,41.1,82.3,-41.1
2509241,14,984926,FUNDACIÓN CB CANARIAS,HOME,2829962,D. Bordón Dri,PG,2007163,D. Fernandez Trujillo,SG,2444602,L. Riga,SF,2044955,X. Lopez Rodriguez,SF,2476064,B. Lipasi Yitu,PF,1.4,82.0,3.0,2.0,1.0,87.8,58.5,29.3
2509241,14,984926,FUNDACIÓN CB CANARIAS,HOME,2829962,D. Bordón Dri,PG,2007163,D. Fernandez Trujillo,SG,2734732,E. Prekevicius,SG,2444602,L. Riga,SF,2476064,B. Lipasi Yitu,PF,0.6,34.0,0.0,0.0,0.0,0.0,0.0,0.0
2509241,14,984926,FUNDACIÓN CB CANARIAS,HOME,2829962,D. Bordón Dri,PG,2007163,D. Fernandez Trujillo,SG,2734732,E. Prekevicius,SG,2476064,B. Lipasi Yitu,PF,1856308,D. Acosta Moliné,C,2.3,140.0,6.0,4.0,2.0,102.9,68.6,34.3
2509241,14,984926,FUNDACIÓN CB CANARIAS,HOME,2829962,D. Bordón Dri,PG,2137337,A. Perez Lopez,PG,2444602,L. Riga,SF,2044955,X. Lopez Rodriguez,SF,2476064,B. Lipasi Yitu,PF,3.2,190.0,10.0,4.0,6.0,126.3,50.5,75.8
2509241,14,984926,FUNDACIÓN CB CANARIAS,HOME,2829962,D. Bordón Dri,PG,2734732,E. Prekevicius,SG,2044955,X. Lopez Rodriguez,SF,2470375,M. Sangare,C,1856308,D. Acosta Moliné,C,1.7000000000000002,105.0,2.0,3.0,-1.0,45.7,68.6,-22.9
2509241,14,984926,FUNDACIÓN CB CANARIAS,HOME,2829962,D. Bordón Dri,PG,2734732,E. Prekevicius,SG,2044955,X. Lopez Rodriguez,SF,2476064,B. Lipasi Yitu,PF,1856308,D. Acosta Moliné,C,2.5,151.0,6.0,3.0,3.0,95.4,47.7,47.7
2509241,14,984926,FUNDACIÓN CB CANARIAS,HOME,2829962,D. Bordón Dri,PG,2734732,E. Prekevicius,SG,2444602,L. Riga,SF,2044955,X. Lopez Rodriguez,SF,1856308,D. Acosta Moliné,C,3.3000000000000003,197.0,7.0,6.0,1.0,85.3,73.1,12.2
2509241,14,984926,FUNDACIÓN CB CANARIAS,HOME,2829962,D. Bordón Dri,PG,2734732,E. Prekevicius,SG,2444602,L. Riga,SF,2476064,B. Lipasi Yitu,PF,1856308,D. Acosta Moliné,C,0.6,38.0,0.0,0.0,0.0,0.0,0.0,0.0
2509242,14,984927,CASADEMONT ZARAGOZA,AWAY,1975428,C. Alias Bermudez,SG,2016757,P. Campo Teruel,SF,2073295,R. Valero Lopez,SF,2125634,J. Garcia Sanchez,PF,2736780,S. Faye,C,0.6,36.0,0.0,0.0,0.0,0.0,0.0,0.0
2509242,14,984927,CASADEMONT ZARAGOZA,AWAY,2008960,A. Moreno Valero,PG,1975428,C. Alias Bermudez,SG,2016757,P. Campo Teruel,SF,2073295,R. Valero Lopez,SF,2648124,A. Rodriguez Aguila,C,1.7,101.0,0.0,1.0,-1.0,0.0,23.8,-23.8
2509242,14,984927,CASADEMONT ZARAGOZA,AWAY,2008960,A. Moreno Valero,PG,1975428,C. Alias Bermudez,SG,2016757,P. Campo Teruel,SF,2073295,R. Valero Lopez,SF,2736780,S. Faye,C,1.5999999999999999,100.0,5.0,7.0,-2.0,120.0,168.0,-48.0
2509242,14,984927,CASADEMONT ZARAGOZA,AWAY,2008960,A. Moreno Valero,PG,1975428,C. Alias Bermudez,SG,2073295,R. Valero Lopez,SF,2125634,J. Garcia Sanchez,PF,2648124,A. Rodriguez Aguila,C,1.5,92.0,4.0,2.0,2.0,104.3,52.2,52.2
2509242,14,984927,CASADEMONT ZARAGOZA,AWAY,2008960,A. Moreno Valero,PG,1975428,C. Alias Bermudez,SG,2073295,R. Valero Lopez,SF,2125634,J. Garcia Sanchez,PF,2736780,S. Faye,C,1.5,87.0,4.0,0.0,4.0,110.3,0.0,110.3
2509242,14,984927,CASADEMONT ZARAGOZA,AWAY,2008960,A. Moreno Valero,PG,1975428,C. Alias Bermudez,SG,2073295,R. Valero Lopez,SF,2648124,A. Rodriguez Aguila,C,2736780,S. Faye,C,1.9,117.0,2.0,5.0,-3.0,41.0,102.6,-61.5
2509242,14,984927,CASADEMONT ZARAGOZA,AWAY,2008960,A. Moreno Valero,PG,1975428,C. Alias Bermudez,SG,2199699,H. Valle Paramio,SF,2073295,R. Valero Lopez,SF,2648124,A. Rodriguez Aguila,C,0.2,13.0,0.0,0.0,0.0,0.0,0.0,0.0
2509242,14,984927,CASADEMONT ZARAGOZA,AWAY,2008960,A. Moreno Valero,PG,2016757,P. Campo Teruel,SF,2073295,R. Valero Lopez,SF,2125634,J. Garcia Sanchez,PF,2736780,S. Faye,C,1.8,109.0,1.0,4.0,-3.0,22.0,88.1,-66.1
2509242,14,984927,CASADEMONT ZARAGOZA,AWAY,2008960,A. Moreno Valero,PG,2199699,H. Valle Paramio,SF,2016757,P. Campo Teruel,SF,2125634,J. Garcia Sanchez,PF,2207996,M. Auciello Cubells,C,0.4,25.0,0.0,2.0,-2.0,0.0,192.0,-192.0
2509242,14,984927,CASADEMONT ZARAGOZA,AWAY,2008960,A. Moreno Valero,PG,2199699,H. Valle Paramio,SF,2073295,R. Valero Lopez,SF,2125634,J. Garcia Sanchez,PF,2736780,S. Faye,C,1.4,81.0,0.0,5.0,-5.0,0.0,148.1,-148.1
2509242,14,984927,CASADEMONT ZARAGOZA,AWAY,2008960,A. Moreno Valero,PG,2199699,H. Valle Paramio,SF,2125634,J. Garcia Sanchez,PF,2648124,A. Rodriguez Aguila,C,2736780,S. Faye,C,0.7,44.0,3.0,2.0,1.0,163.6,109.1,54.5
2509242,14,984927,CASADEMONT ZARAGOZA,AWAY,2008960,A. Moreno Valero,PG,2646355,M. Lukic,PG,1975428,C. Alias Bermudez,SG,2016757,P. Campo Teruel,SF,2736780,S. Faye,C,1.1,67.0,2.0,2.0,0.0,71.6,71.6,0.0
2509242,14,984927,CASADEMONT ZARAGOZA,AWAY,2008960,A. Moreno Valero,PG,2646355,M. Lukic,PG,1975428,C. Alias Bermudez,SG,2073295,R. Valero Lopez,SF,2736780,S. Faye,C,1.1,66.0,1.0,2.0,-1.0,36.4,72.7,-36.4
2509242,14,984927,CASADEMONT ZARAGOZA,AWAY,2008960,A. Moreno Valero,PG,2646355,M. Lukic,PG,1975428,C. Alias Bermudez,SG,2125634,J. Garcia Sanchez,PF,2648124,A. Rodriguez Aguila,C,2.5,149.0,4.0,5.0,-1.0,64.4,80.5,-16.1
2509242,14,984927,CASADEMONT ZARAGOZA,AWAY,2008960,A. Moreno Valero,PG,2646355,M. Lukic,PG,1975428,C. Alias Bermudez,SG,2648124,A. Rodriguez Aguila,C,2207996,M. Auciello Cubells,C,0.5,31.0,2.0,0.0,2.0,154.8,0.0,154.8
2509242,14,984927,CASADEMONT ZARAGOZA,AWAY,2008960,A. Moreno Valero,PG,2646355,M. Lukic,PG,2016757,P. Campo Teruel,SF,2073295,R. Valero Lopez,SF,2736780,S. Faye,C,2.1,131.0,2.0,2.0,0.0,36.6,36.6,0.0
2509242,14,984927,CASADEMONT ZARAGOZA,AWAY,2008960,A. Moreno Valero,PG,2646355,M. Lukic,PG,2016757,P. Campo Teruel,SF,2125634,J. Garcia Sanchez,PF,2648124,A. Rodriguez Aguila,C,0.9,52.0,3.0,2.0,1.0,138.5,92.3,46.2
2509242,14,984927,CASADEMONT ZARAGOZA,AWAY,2008960,A. Moreno Valero,PG,2646355,M. Lukic,PG,2016757,P. Campo Teruel,SF,2648124,A. Rodriguez Aguila,C,2207996,M. Auciello Cubells,C,1.0,62.0,2.0,2.0,0.0,77.4,77.4,0.0
2509242,14,984927,CASADEMONT ZARAGOZA,AWAY,2008960,A. Moreno Valero,PG,2646355,M. Lukic,PG,2073295,R. Valero Lopez,SF,2125634,J. Garcia Sanchez,PF,2648124,A. Rodriguez Aguila,C,3.8,226.0,11.0,3.0,8.0,116.8,31.9,85.0
2509242,14,984927,CASADEMONT ZARAGOZA,AWAY,2008960,A. Moreno Valero,PG,2646355,M. Lukic,PG,2073295,R. Valero Lopez,SF,2125634,J. Garcia Sanchez,PF,2736780,S. Faye,C,2.5999999999999996,160.0,8.0,4.0,4.0,120.0,60.0,60.0
2509242,14,984927,CASADEMONT ZARAGOZA,AWAY,2008960,A. Moreno Valero,PG,2646355,M. Lukic,PG,2125634,J. Garcia Sanchez,PF,2648124,A. Rodriguez Aguila,C,2736780,S. Faye,C,0.8,47.0,0.0,5.0,-5.0,0.0,255.3,-255.3
2509242,14,984927,CASADEMONT ZARAGOZA,AWAY,2646355,M. Lukic,PG,1975428,C. Alias Bermudez,SG,2016757,P. Campo Teruel,SF,2073295,R. Valero Lopez,SF,2736780,S. Faye,C,1.0,62.0,5.0,3.0,2.0,193.5,116.1,77.4
2509242,14,984927,CASADEMONT ZARAGOZA,AWAY,2646355,M. Lukic,PG,1975428,C. Alias Bermudez,SG,2016757,P. Campo Teruel,SF,2125634,J. Garcia Sanchez,PF,2648124,A. Rodriguez Aguila,C,2.4000000000000004,148.0,4.0,1.0,3.0,64.9,16.2,48.6
2509242,14,984927,CASADEMONT ZARAGOZA,AWAY,2646355,M. Lukic,PG,1975428,C. Alias Bermudez,SG,2016757,P. Campo Teruel,SF,2125634,J. Garcia Sanchez,PF,2736780,S. Faye,C,0.6,33.0,2.0,0.0,2.0,145.5,0.0,145.5
2509242,14,984927,CASADEMONT ZARAGOZA,AWAY,2646355,M. Lukic,PG,1975428,C. Alias Bermudez,SG,2016757,P. Campo Teruel,SF,2648124,A. Rodriguez Aguila,C,2736780,S. Faye,C,1.3,77.0,1.0,0.0,1.0,31.2,0.0,31.2
2509242,14,984927,CASADEMONT ZARAGOZA,AWAY,2646355,M. Lukic,PG,1975428,C. Alias Bermudez,SG,2125634,J. Garcia Sanchez,PF,2648124,A. Rodriguez Aguila,C,2736780,S. Faye,C,1.8,110.0,3.0,5.0,-2.0,65.5,109.1,-43.6
2509242,14,984927,CASADEMONT ZARAGOZA,AWAY,2646355,M. Lukic,PG,1975428,C. Alias Bermudez,SG,2125634,J. Garcia Sanchez,PF,2736780,S. Faye,C,2207996,M. Auciello Cubells,C,1.7,100.0,4.0,3.0,1.0,96.0,72.0,24.0
2509242,14,984927,CASADEMONT ZARAGOZA,AWAY,2646355,M. Lukic,PG,2016757,P. Campo Teruel,SF,2125634,J. Garcia Sanchez,PF,2648124,A. Rodriguez Aguila,C,2736780,S. Faye,C,0.3,18.0,2.0,0.0,2.0,266.7,0.0,266.7
2509242,14,984927,CASADEMONT ZARAGOZA,AWAY,2646355,M. Lukic,PG,2199699,H. Valle Paramio,SF,2016757,P. Campo Teruel,SF,2125634,J. Garcia Sanchez,PF,2648124,A. Rodriguez Aguila,C,0.9,56.0,0.0,5.0,-5.0,0.0,214.3,-214.3
2509242,14,984930,BAXI MANRESA,HOME,2077155,M. Gaspa Ibañez,PG,1959173,M. Rosell Lanza,SF,2815468,S. Lederman,SF,2150510,J. Pumarola Aguilar,C,2353230,M. Ndiaye,C,5.0,305.0,12.0,11.0,1.0,94.4,86.6,7.9
2509242,14,984930,BAXI MANRESA,HOME,2077155,M. Gaspa Ibañez,PG,1959173,M. Rosell Lanza,SF,2815468,S. Lederman,SF,2150510,J. Pumarola Aguilar,C,2738788,L. Bergseng,C,0.6,37.0,0.0,2.0,-2.0,0.0,129.7,-129.7
2509242,14,984930,BAXI MANRESA,HOME,2077155,M. Gaspa Ibañez,PG,2024613,M. Villalonga Asensio,SF,2815468,S. Lederman,SF,2150510,J. Pumarola Aguilar,C,2353230,M. Ndiaye,C,1.0,61.0,3.0,2.0,1.0,118.0,78.7,39.3
2509242,14,984930,BAXI MANRESA,HOME,2077155,M. Gaspa Ibañez,PG,2081670,G. Naspler Perez,SF,1959173,M. Rosell Lanza,SF,2815468,S. Lederman,SF,2150510,J. Pumarola Aguilar,C,0.9,52.0,2.0,0.0,2.0,92.3,0.0,92.3
2509242,14,984930,BAXI MANRESA,HOME,2077155,M. Gaspa Ibañez,PG,2081670,G. Naspler Perez,SF,2024613,M. Villalonga Asensio,SF,2815468,S. Lederman,SF,2150510,J. Pumarola Aguilar,C,1.0,62.0,2.0,2.0,0.0,77.4,77.4,0.0
2509242,14,984930,BAXI MANRESA,HOME,2077155,M. Gaspa Ibañez,PG,2081670,G. Naspler Perez,SF,2024613,M. Villalonga Asensio,SF,2815468,S. Lederman,SF,2738788,L. Bergseng,C,0.5,31.0,0.0,2.0,-2.0,0.0,154.8,-154.8
2509242,14,984930,BAXI MANRESA,HOME,2077155,M. Gaspa Ibañez,PG,2081670,G. Naspler Perez,SF,2815468,S. Lederman,SF,2150510,J. Pumarola Aguilar,C,2353230,M. Ndiaye,C,0.5,30.0,0.0,0.0,0.0,0.0,0.0,0.0
2509242,14,984930,BAXI MANRESA,HOME,2077155,M. Gaspa Ibañez,PG,2081670,G. Naspler Perez,SF,2815468,S. Lederman,SF,2150510,J. Pumarola Aguilar,C,2738788,L. Bergseng,C,1.2,72.0,2.0,3.0,-1.0,66.7,100.0,-33.3
2509242,14,984930,BAXI MANRESA,HOME,2077155,M. Gaspa Ibañez,PG,2081822,A. Muncunill Ferrer,SG,1959173,M. Rosell Lanza,SF,2150510,J. Pumarola Aguilar,C,2738788,L. Bergseng,C,0.9,54.0,0.0,0.0,0.0,0.0,0.0,0.0
2509242,14,984930,BAXI MANRESA,HOME,2077155,M. Gaspa Ibañez,PG,2081822,A. Muncunill Ferrer,SG,1959173,M. Rosell Lanza,SF,2815468,S. Lederman,SF,2150510,J. Pumarola Aguilar,C,1.5,90.0,2.0,3.0,-1.0,53.3,80.0,-26.7
2509242,14,984930,BAXI MANRESA,HOME,2077155,M. Gaspa Ibañez,PG,2081822,A. Muncunill Ferrer,SG,1959173,M. Rosell Lanza,SF,2815468,S. Lederman,SF,2738788,L. Bergseng,C,1.0,62.0,1.0,0.0,1.0,38.7,0.0,38.7
2509242,14,984930,BAXI MANRESA,HOME,2077155,M. Gaspa Ibañez,PG,2081822,A. Muncunill Ferrer,SG,2081670,G. Naspler Perez,SF,1959173,M. Rosell Lanza,SF,2738788,L. Bergseng,C,1.0,63.0,5.0,2.0,3.0,190.5,76.2,114.3
2509242,14,984930,BAXI MANRESA,HOME,2077155,M. Gaspa Ibañez,PG,2081822,A. Muncunill Ferrer,SG,2815468,S. Lederman,SF,2150510,J. Pumarola Aguilar,C,2353230,M. Ndiaye,C,0.7,39.0,0.0,2.0,-2.0,0.0,123.1,-123.1
2509242,14,984930,BAXI MANRESA,HOME,2077155,M. Gaspa Ibañez,PG,2145902,F. Torreblanca Catalan,PG,2081822,A. Muncunill Ferrer,SG,1959173,M. Rosell Lanza,SF,2150510,J. Pumarola Aguilar,C,1.6,97.0,0.0,4.0,-4.0,0.0,99.0,-99.0
2509242,14,984930,BAXI MANRESA,HOME,2077155,M. Gaspa Ibañez,PG,2145902,F. Torreblanca Catalan,PG,2081822,A. Muncunill Ferrer,SG,1959173,M. Rosell Lanza,SF,2738788,L. Bergseng,C,0.9,56.0,5.0,0.0,5.0,214.3,0.0,214.3
2509242,14,984930,BAXI MANRESA,HOME,2145902,F. Torreblanca Catalan,PG,2077155,M. Gaspa Ibañez,PG,2081670,G. Naspler Perez,SF,2150510,J. Pumarola Aguilar,C,2738788,L. Bergseng,C,2.7,159.0,6.0,7.0,-1.0,90.6,105.7,-15.1
2509242,14,984930,BAXI MANRESA,HOME,2145902,F. Torreblanca Catalan,PG,2077155,M. Gaspa Ibañez,PG,2081822,A. Muncunill Ferrer,SG,2150510,J. Pumarola Aguilar,C,2353230,M. Ndiaye,C,1.8,110.0,5.0,3.0,2.0,109.1,65.5,43.6
2509242,14,984930,BAXI MANRESA,HOME,2145902,F. Torreblanca Catalan,PG,2081670,G. Naspler Perez,SF,2024613,M. Villalonga Asensio,SF,2815468,S. Lederman,SF,2738788,L. Bergseng,C,0.9,56.0,2.0,0.0,2.0,85.7,0.0,85.7
2509242,14,984930,BAXI MANRESA,HOME,2145902,F. Torreblanca Catalan,PG,2081670,G. Naspler Perez,SF,2815468,S. Lederman,SF,2150510,J. Pumarola Aguilar,C,2738788,L. Bergseng,C,1.2,71.0,0.0,5.0,-5.0,0.0,169.0,-169.0
2509242,14,984930,BAXI MANRESA,HOME,2145902,F. Torreblanca Catalan,PG,2081822,A. Muncunill Ferrer,SG,1959173,M. Rosell Lanza,SF,2815468,S. Lederman,SF,2738788,L. Bergseng,C,1.4,87.0,3.0,0.0,3.0,82.8,0.0,82.8
2509242,14,984930,BAXI MANRESA,HOME,2145902,F. Torreblanca Catalan,PG,2081822,A. Muncunill Ferrer,SG,2081670,G. Naspler Perez,SF,1959173,M. Rosell Lanza,SF,2738788,L. Bergseng,C,1.2,74.0,2.0,3.0,-1.0,64.9,97.3,-32.4
2509242,14,984930,BAXI MANRESA,HOME,2145902,F. Torreblanca Catalan,PG,2739297,I. Francisco,PG,2081670,G. Naspler Perez,SF,2295371,G. Ecker Alberti,C,2738788,L. Bergseng,C,3.2,193.0,3.0,4.0,-1.0,37.3,49.7,-12.4
2509242,14,984930,BAXI MANRESA,HOME,2145902,F. Torreblanca Catalan,PG,2739297,I. Francisco,PG,2081822,A. Muncunill Ferrer,SG,2081670,G. Naspler Perez,SF,2738788,L. Bergseng,C,0.4,25.0,2.0,0.0,2.0,192.0,0.0,192.0
2509242,14,984930,BAXI MANRESA,HOME,2145902,F. Torreblanca Catalan,PG,2739297,I. Francisco,PG,2081822,A. Muncunill Ferrer,SG,2295371,G. Ecker Alberti,C,2738788,L. Bergseng,C,1.0,61.0,4.0,3.0,1.0,157.4,118.0,39.3
2509242,14,984930,BAXI MANRESA,HOME,2739297,I. Francisco,PG,2077155,M. Gaspa Ibañez,PG,2081670,G. Naspler Perez,SF,2150510,J. Pumarola Aguilar,C,2738788,L. Bergseng,C,0.4,26.0,0.0,0.0,0.0,0.0,0.0,0.0
2509242,14,984930,BAXI MANRESA,HOME,2739297,I. Francisco,PG,2145902,F. Torreblanca Catalan,PG,2081670,G. Naspler Perez,SF,2150510,J. Pumarola Aguilar,C,2738788,L. Bergseng,C,2.2,129.0,0.0,8.0,-8.0,0.0,148.8,-148.8
2509242,14,984930,BAXI MANRESA,HOME,2739297,I. Francisco,PG,2145902,F. Torreblanca Catalan,PG,2081670,G. Naspler Perez,SF,2295371,G. Ecker Alberti,C,2738788,L. Bergseng,C,2.4,143.0,3.0,7.0,-4.0,50.3,117.5,-67.1
2509242,14,984930,BAXI MANRESA,HOME,2739297,I. Francisco,PG,2145902,F. Torreblanca Catalan,PG,2081822,A. Muncunill Ferrer,SG,2081670,G. Naspler Perez,SF,2738788,L. Bergseng,C,2.5999999999999996,155.0,8.0,2.0,6.0,123.9,31.0,92.9
2509243,14,984791,BURGOS GRUPO DE SANTIAGO,HOME,2162563,A. Laso Careaga,PG,2610623,L. Krispin,SG,2220551,M. Garcia Varona,SG,2690845,F. Nuñez,SG,2045029,D. Rodriguez Ramos,PF,0.6,38.0,0.0,6.0,-6.0,0.0,378.9,-378.9
2509243,14,984791,BURGOS GRUPO DE SANTIAGO,HOME,2162563,A. Laso Careaga,PG,2610623,L. Krispin,SG,2535384,M. Bella Cabañas,SG,2690845,F. Nuñez,SG,2300932,S. Martin Diez,PF,1.0,60.0,1.0,0.0,1.0,40.0,0.0,40.0
2509243,14,984791,BURGOS GRUPO DE SANTIAGO,HOME,2162563,A. Laso Careaga,PG,2610623,L. Krispin,SG,2535384,M. Bella Cabañas,SG,2790234,J. Taboada Lühers,SF,2300932,S. Martin Diez,PF,1.7,103.0,5.0,5.0,0.0,116.5,116.5,0.0
2509243,14,984791,BURGOS GRUPO DE SANTIAGO,HOME,2162563,A. Laso Careaga,PG,2610623,L. Krispin,SG,2690845,F. Nuñez,SG,2045029,D. Rodriguez Ramos,PF,2300932,S. Martin Diez,PF,4.9,292.0,15.0,7.0,8.0,123.3,57.5,65.8
2509243,14,984791,BURGOS GRUPO DE SANTIAGO,HOME,2162563,A. Laso Careaga,PG,2661261,R. Rodriguez,PG,2610623,L. Krispin,SG,2045029,D. Rodriguez Ramos,PF,2300932,S. Martin Diez,PF,0.6,34.0,1.0,2.0,-1.0,70.6,141.2,-70.6
2509243,14,984791,BURGOS GRUPO DE SANTIAGO,HOME,2162563,A. Laso Careaga,PG,2661261,R. Rodriguez,PG,2610623,L. Krispin,SG,2535384,M. Bella Cabañas,SG,2790234,J. Taboada Lühers,SF,0.7,41.0,1.0,5.0,-4.0,58.5,292.7,-234.1
2509243,14,984791,BURGOS GRUPO DE SANTIAGO,HOME,2162563,A. Laso Careaga,PG,2661261,R. Rodriguez,PG,2610623,L. Krispin,SG,2690845,F. Nuñez,SG,2045029,D. Rodriguez Ramos,PF,2.8,170.0,7.0,7.0,0.0,98.8,98.8,0.0
2509243,14,984791,BURGOS GRUPO DE SANTIAGO,HOME,2162563,A. Laso Careaga,PG,2661261,R. Rodriguez,PG,2610623,L. Krispin,SG,2790234,J. Taboada Lühers,SF,2045029,D. Rodriguez Ramos,PF,0.1,4.0,0.0,2.0,-2.0,0.0,1200.0,-1200.0
2509243,14,984791,BURGOS GRUPO DE SANTIAGO,HOME,2162563,A. Laso Careaga,PG,2661261,R. Rodriguez,PG,2610623,L. Krispin,SG,2790234,J. Taboada Lühers,SF,2300932,S. Martin Diez,PF,4.4,262.0,20.0,2.0,18.0,183.2,18.3,164.9
2509243,14,984791,BURGOS GRUPO DE SANTIAGO,HOME,2610623,L. Krispin,SG,2535384,M. Bella Cabañas,SG,2220551,M. Garcia Varona,SG,2690845,F. Nuñez,SG,2045029,D. Rodriguez Ramos,PF,1.1,67.0,0.0,2.0,-2.0,0.0,71.6,-71.6
2509243,14,984791,BURGOS GRUPO DE SANTIAGO,HOME,2610623,L. Krispin,SG,2535384,M. Bella Cabañas,SG,2690845,F. Nuñez,SG,2045029,D. Rodriguez Ramos,PF,2210291,E. Franco Sanz,C,3.9000000000000004,235.0,10.0,13.0,-3.0,102.1,132.8,-30.6
2509243,14,984791,BURGOS GRUPO DE SANTIAGO,HOME,2610623,L. Krispin,SG,2535384,M. Bella Cabañas,SG,2690845,F. Nuñez,SG,2045029,D. Rodriguez Ramos,PF,2436134,A. Traore,C,1.7,101.0,7.0,2.0,5.0,166.3,47.5,118.8
2509243,14,984791,BURGOS GRUPO DE SANTIAGO,HOME,2661261,R. Rodriguez,PG,2535384,M. Bella Cabañas,SG,2103560,A. Reyes Abad,SG,2790234,J. Taboada Lühers,SF,2436134,A. Traore,C,4.800000000000001,288.0,13.0,11.0,2.0,108.3,91.7,16.7
2509243,14,984791,BURGOS GRUPO DE SANTIAGO,HOME,2661261,R. Rodriguez,PG,2610623,L. Krispin,SG,2103560,A. Reyes Abad,SG,2790234,J. Taboada Lühers,SF,2436134,A. Traore,C,0.1,4.0,0.0,0.0,0.0,0.0,0.0,0.0
2509243,14,984791,BURGOS GRUPO DE SANTIAGO,HOME,2661261,R. Rodriguez,PG,2610623,L. Krispin,SG,2535384,M. Bella Cabañas,SG,2045029,D. Rodriguez Ramos,PF,2300932,S. Martin Diez,PF,0.5,30.0,0.0,0.0,0.0,0.0,0.0,0.0
2509243,14,984791,BURGOS GRUPO DE SANTIAGO,HOME,2661261,R. Rodriguez,PG,2610623,L. Krispin,SG,2535384,M. Bella Cabañas,SG,2690845,F. Nuñez,SG,2045029,D. Rodriguez Ramos,PF,0.9,52.0,2.0,1.0,1.0,92.3,46.2,46.2
2509243,14,984791,BURGOS GRUPO DE SANTIAGO,HOME,2661261,R. Rodriguez,PG,2610623,L. Krispin,SG,2535384,M. Bella Cabañas,SG,2690845,F. Nuñez,SG,2103560,A. Reyes Abad,SG,1.8,104.0,5.0,3.0,2.0,115.4,69.2,46.2
2509243,14,984791,BURGOS GRUPO DE SANTIAGO,HOME,2661261,R. Rodriguez,PG,2610623,L. Krispin,SG,2535384,M. Bella Cabañas,SG,2690845,F. Nuñez,SG,2300932,S. Martin Diez,PF,0.5,27.0,0.0,1.0,-1.0,0.0,88.9,-88.9
2509243,14,984791,BURGOS GRUPO DE SANTIAGO,HOME,2661261,R. Rodriguez,PG,2610623,L. Krispin,SG,2535384,M. Bella Cabañas,SG,2690845,F. Nuñez,SG,2790234,J. Taboada Lühers,SF,0.2,13.0,0.0,0.0,0.0,0.0,0.0,0.0
2509243,14,984791,BURGOS GRUPO DE SANTIAGO,HOME,2661261,R. Rodriguez,PG,2610623,L. Krispin,SG,2535384,M. Bella Cabañas,SG,2790234,J. Taboada Lühers,SF,2045029,D. Rodriguez Ramos,PF,4.0,239.0,10.0,7.0,3.0,100.4,70.3,30.1
2509243,14,984791,BURGOS GRUPO DE SANTIAGO,HOME,2661261,R. Rodriguez,PG,2610623,L. Krispin,SG,2535384,M. Bella Cabañas,SG,2790234,J. Taboada Lühers,SF,2300932,S. Martin Diez,PF,0.2,13.0,0.0,0.0,0.0,0.0,0.0,0.0
2509243,14,984791,BURGOS GRUPO DE SANTIAGO,HOME,2661261,R. Rodriguez,PG,2610623,L. Krispin,SG,2690845,F. Nuñez,SG,2790234,J. Taboada Lühers,SF,2045029,D. Rodriguez Ramos,PF,0.5,27.0,0.0,0.0,0.0,0.0,0.0,0.0
2509243,14,984791,BURGOS GRUPO DE SANTIAGO,HOME,2661261,R. Rodriguez,PG,2610623,L. Krispin,SG,2690845,F. Nuñez,SG,2790234,J. Taboada Lühers,SF,2300932,S. Martin Diez,PF,1.0,61.0,2.0,4.0,-2.0,78.7,157.4,-78.7
2509243,14,984791,BURGOS GRUPO DE SANTIAGO,HOME,2661261,R. Rodriguez,PG,2610623,L. Krispin,SG,2790234,J. Taboada Lühers,SF,2045029,D. Rodriguez Ramos,PF,2436134,A. Traore,C,2.3,135.0,6.0,6.0,0.0,106.7,106.7,0.0
2509243,14,984928,BARÇA ATLÈTIC,AWAY,2082056,N. Poza Cervantes,PG,2166517,D. Gonzalez Castro,PG,2550554,S. Keita,C,2647995,M. Keita,C,2642481,M. Dabone,C,0.8,48.0,2.0,0.0,2.0,100.0,0.0,100.0
2509243,14,984928,BARÇA ATLÈTIC,AWAY,2082056,N. Poza Cervantes,PG,2166517,D. Gonzalez Castro,PG,2561463,D. Ferreras Camarero,SF,2641337,J. Boumtje Boumtje,C,2647995,M. Keita,C,0.4,23.0,0.0,2.0,-2.0,0.0,208.7,-208.7
2509243,14,984928,BARÇA ATLÈTIC,AWAY,2256034,J. Cerdan Palacios,PG,2082056,N. Poza Cervantes,PG,2166517,D. Gonzalez Castro,PG,2550554,S. Keita,C,2647995,M. Keita,C,4.7,279.0,6.0,20.0,-14.0,51.6,172.0,-120.4
2509243,14,984928,BARÇA ATLÈTIC,AWAY,2256034,J. Cerdan Palacios,PG,2082056,N. Poza Cervantes,PG,2166517,D. Gonzalez Castro,PG,2561463,D. Ferreras Camarero,SF,2642482,A. Kone,C,0.7,39.0,0.0,0.0,0.0,0.0,0.0,0.0
2509243,14,984928,BARÇA ATLÈTIC,AWAY,2256034,J. Cerdan Palacios,PG,2082056,N. Poza Cervantes,PG,2166517,D. Gonzalez Castro,PG,2561463,D. Ferreras Camarero,SF,2647995,M. Keita,C,0.5,29.0,0.0,1.0,-1.0,0.0,82.8,-82.8
2509243,14,984928,BARÇA ATLÈTIC,AWAY,2256034,J. Cerdan Palacios,PG,2082056,N. Poza Cervantes,PG,2166517,D. Gonzalez Castro,PG,2641337,J. Boumtje Boumtje,C,2642482,A. Kone,C,2.2,133.0,5.0,10.0,-5.0,90.2,180.5,-90.2
2509243,14,984928,BARÇA ATLÈTIC,AWAY,2256034,J. Cerdan Palacios,PG,2082056,N. Poza Cervantes,PG,2458688,E. Montaner García,PG,2550554,S. Keita,C,2641337,J. Boumtje Boumtje,C,0.4,26.0,0.0,0.0,0.0,0.0,0.0,0.0
2509243,14,984928,BARÇA ATLÈTIC,AWAY,2256034,J. Cerdan Palacios,PG,2082056,N. Poza Cervantes,PG,2458688,E. Montaner García,PG,2561463,D. Ferreras Camarero,SF,2550554,S. Keita,C,0.9,53.0,4.0,2.0,2.0,181.1,90.6,90.6
2509243,14,984928,BARÇA ATLÈTIC,AWAY,2256034,J. Cerdan Palacios,PG,2218824,O. Filba Gonzalez,PG,2166517,D. Gonzalez Castro,PG,2550554,S. Keita,C,2641337,J. Boumtje Boumtje,C,0.4,26.0,0.0,3.0,-3.0,0.0,276.9,-276.9
2509243,14,984928,BARÇA ATLÈTIC,AWAY,2256034,J. Cerdan Palacios,PG,2218824,O. Filba Gonzalez,PG,2458688,E. Montaner García,PG,2561463,D. Ferreras Camarero,SF,2550554,S. Keita,C,0.9,54.0,1.0,3.0,-2.0,44.4,133.3,-88.9
2509243,14,984928,BARÇA ATLÈTIC,AWAY,2256034,J. Cerdan Palacios,PG,2218824,O. Filba Gonzalez,PG,2458688,E. Montaner García,PG,2561463,D. Ferreras Camarero,SF,2642482,A. Kone,C,3.8,228.0,4.0,10.0,-6.0,42.1,105.3,-63.2
2509243,14,984928,BARÇA ATLÈTIC,AWAY,2256034,J. Cerdan Palacios,PG,2218824,O. Filba Gonzalez,PG,2561463,D. Ferreras Camarero,SF,2641337,J. Boumtje Boumtje,C,2642482,A. Kone,C,3.2,190.0,8.0,7.0,1.0,101.1,88.4,12.6
2509243,14,984928,BARÇA ATLÈTIC,AWAY,2642172,J. Siftar,PG,2082056,N. Poza Cervantes,PG,2166517,D. Gonzalez Castro,PG,2550554,S. Keita,C,2647995,M. Keita,C,3.0999999999999996,187.0,7.0,7.0,0.0,89.8,89.8,0.0
2509243,14,984928,BARÇA ATLÈTIC,AWAY,2642172,J. Siftar,PG,2082056,N. Poza Cervantes,PG,2166517,D. Gonzalez Castro,PG,2641337,J. Boumtje Boumtje,C,2647995,M. Keita,C,1.2,74.0,5.0,5.0,0.0,162.2,162.2,0.0
2509243,14,984928,BARÇA ATLÈTIC,AWAY,2642172,J. Siftar,PG,2082056,N. Poza Cervantes,PG,2166517,D. Gonzalez Castro,PG,2642482,A. Kone,C,2647995,M. Keita,C,4.2,248.0,12.0,3.0,9.0,116.1,29.0,87.1
2509243,14,984928,BARÇA ATLÈTIC,AWAY,2642172,J. Siftar,PG,2082056,N. Poza Cervantes,PG,2550554,S. Keita,C,2641337,J. Boumtje Boumtje,C,2647995,M. Keita,C,2.0,118.0,5.0,5.0,0.0,101.7,101.7,0.0
2509243,14,984928,BARÇA ATLÈTIC,AWAY,2642172,J. Siftar,PG,2082056,N. Poza Cervantes,PG,2550554,S. Keita,C,2642481,M. Dabone,C,2641337,J. Boumtje Boumtje,C,2.0,121.0,2.0,5.0,-3.0,39.7,99.2,-59.5
2509243,14,984928,BARÇA ATLÈTIC,AWAY,2642172,J. Siftar,PG,2082056,N. Poza Cervantes,PG,2550554,S. Keita,C,2647995,M. Keita,C,2642481,M. Dabone,C,1.3,76.0,4.0,2.0,2.0,126.3,63.2,63.2
2509243,14,984928,BARÇA ATLÈTIC,AWAY,2642172,J. Siftar,PG,2082056,N. Poza Cervantes,PG,2641337,J. Boumtje Boumtje,C,2647995,M. Keita,C,2642481,M. Dabone,C,1.1,63.0,2.0,4.0,-2.0,76.2,152.4,-76.2
2509243,14,984928,BARÇA ATLÈTIC,AWAY,2642172,J. Siftar,PG,2218824,O. Filba Gonzalez,PG,2550554,S. Keita,C,2641337,J. Boumtje Boumtje,C,2647995,M. Keita,C,3.5,208.0,10.0,6.0,4.0,115.4,69.2,46.2
2509243,14,984928,BARÇA ATLÈTIC,AWAY,2642172,J. Siftar,PG,2218824,O. Filba Gonzalez,PG,2641337,J. Boumtje Boumtje,C,2647995,M. Keita,C,2642481,M. Dabone,C,1.7,101.0,2.0,7.0,-5.0,47.5,166.3,-118.8
2509243,14,984928,BARÇA ATLÈTIC,AWAY,2642172,J. Siftar,PG,2256034,J. Cerdan Palacios,PG,2218824,O. Filba Gonzalez,PG,2550554,S. Keita,C,2641337,J. Boumtje Boumtje,C,0.1,4.0,2.0,0.0,2.0,1200.0,0.0,1200.0
2509243,14,984928,BARÇA ATLÈTIC,AWAY,2642172,J. Siftar,PG,2256034,J. Cerdan Palacios,PG,2218824,O. Filba Gonzalez,PG,2641337,J. Boumtje Boumtje,C,2642482,A. Kone,C,1.2,72.0,5.0,3.0,2.0,166.7,100.0,66.7
