PLAYER_ID,PLAYER_NAME,TEAM_ID,TEAM,POSITION,POS_ORDER,ROLE_NAME,DORSAL,PHOTO_URL,GP,GS,MIN_PG,PTS_PG,ORB_PG,DRB_PG,TRB_PG,AST_PG,STL_PG,BLK_PG,BLKA_PG,TOV_PG,PF_PG,PFD_PG,PLUS_MINUS_PG,PIR_PG,FGM_2_PG,FGA_2_PG,FG2_PCT,FGM_3_PG,FGA_3_PG,FG3_PCT,FTM_PG,FTA_PG,FT_PCT,TS_PCT,EFG_PCT,3PAr,FTr,TOV_PCT,GMSC_PG,ROLE_EFG_PCT,ROLE_TS_PCT,ROLE_TOV_PCT,ROLE_ORB_PCT,ROLE_FTr,ROLE_USG_PCT,PTS,TRB,AST,STL,BLK,TOV,PIR,FGM_2,FGA_2,FGM_3,FGA_3,FTM,FTA,MIN_TOTAL,MIN_SECS_TOTAL
2818901,O. Russell,979996,AMICS CASTELLÓ,PG,1,Lead Guard,10.0,https://imagenes.feb.es/Foto.aspx?c=2818901,31,20,23.4,13.6,0.6,2.3,2.9,3.3,1.5,0.1,0.4,1.8,2.6,3.4,6.6,14.2,1.8,3.9,45.5,2.3,5.8,39.2,3.2,3.7,85.3,59.8,53.5,59.9,38.4,13.9,10.4,54.6,60.8,13.6,3.1,40.1,25.7,422.0,90.0,103.0,47.0,3.0,57.0,439.0,55.0,121.0,71.0,181.0,99.0,116.0,724.3,43465.0
2149001,R. Fabrega Urpina,979996,AMICS CASTELLÓ,PG,1,Offensive Engine,4.0,https://imagenes.feb.es/Foto.aspx?c=2149001,31,12,23.5,8.6,0.6,3.9,4.5,6.2,1.2,0.0,0.5,1.9,1.5,3.0,7.4,15.1,2.0,3.9,50.8,1.0,3.2,30.3,1.7,2.7,63.5,51.9,48.4,45.2,38.8,18.4,9.1,47.8,51.5,18.7,3.2,43.4,19.8,266.0,141.0,191.0,38.0,1.0,58.0,468.0,61.0,120.0,30.0,99.0,54.0,85.0,727.4,43645.0
273780,J. Faner Catala,979996,AMICS CASTELLÓ,PG,1,Lead Guard,8.0,https://imagenes.feb.es/Foto.aspx?c=273780,31,19,20.6,7.9,0.5,1.7,2.2,3.7,1.6,0.0,0.0,2.3,2.3,2.2,3.4,9.2,1.1,1.9,58.3,1.5,4.2,34.9,1.3,1.7,75.5,57.7,54.2,68.3,28.0,25.1,6.4,56.4,60.0,24.5,2.9,31.4,20.2,245.0,68.0,115.0,51.0,0.0,71.0,284.0,35.0,60.0,45.0,129.0,40.0,53.0,638.5,38307.0
1769425,A. Roig Barbera,979996,AMICS CASTELLÓ,PG,1,Shooter Specialist,,https://imagenes.feb.es/Foto.aspx?c=1769425,2,0,10.6,4.0,0.5,0.5,1.0,1.0,0.5,0.0,0.0,1.0,1.0,1.5,8.0,4.0,1.0,1.0,100.0,0.5,1.5,33.3,0.5,1.5,33.3,63.3,70.0,60.0,60.0,24.0,2.7,57.2,62.9,22.4,6.7,16.3,17.0,8.0,2.0,2.0,1.0,0.0,2.0,8.0,2.0,2.0,1.0,3.0,1.0,3.0,21.3,1274.0
2816738,K. Newton,979996,AMICS CASTELLÓ,SG,2,High Volume Scorer,22.0,https://imagenes.feb.es/Foto.aspx?c=2816738,22,8,16.4,8.5,0.2,1.4,1.6,1.3,0.3,0.0,0.0,0.9,1.7,1.0,1.8,5.4,0.7,1.3,57.1,2.0,6.1,33.6,1.0,1.2,80.8,54.2,51.5,82.7,16.0,9.9,4.6,53.4,56.5,9.9,1.5,15.4,24.6,188.0,35.0,28.0,6.0,0.0,19.0,118.0,16.0,28.0,45.0,134.0,21.0,26.0,361.7,21701.0
1627889,A. Tamayo Lesmes,979996,AMICS CASTELLÓ,SF,3,3&D Wing,67.0,https://imagenes.feb.es/Foto.aspx?c=1627889,29,20,23.4,7.5,1.5,2.3,3.9,1.1,0.8,0.1,0.1,1.5,1.7,1.3,0.2,6.2,1.3,2.9,47.0,1.2,4.6,27.3,1.1,1.5,72.1,46.4,43.3,61.4,20.0,15.5,4.4,42.3,45.5,15.8,7.2,21.7,18.7,217.0,112.0,32.0,22.0,3.0,43.0,181.0,39.0,83.0,36.0,132.0,31.0,43.0,677.2,40648.0
1817496,P. Garcia Carrero,979996,AMICS CASTELLÓ,SF,3,Stretch Big,13.0,https://imagenes.feb.es/Foto.aspx?c=1817496,26,12,23.8,7.3,1.8,4.7,6.5,1.0,0.4,0.4,0.0,1.0,2.1,1.7,8.3,10.9,2.2,3.3,65.1,0.7,2.2,29.3,1.0,1.4,70.3,59.0,56.6,40.3,25.7,14.4,6.5,58.7,60.4,12.5,9.5,36.9,13.8,189.0,169.0,25.0,10.0,10.0,27.0,284.0,56.0,86.0,17.0,58.0,26.0,37.0,617.5,37046.0
2087878,D. Saez Gil,979996,AMICS CASTELLÓ,SF,3,3&D Wing,25.0,https://imagenes.feb.es/Foto.aspx?c=2087878,7,0,2.4,0.9,0.0,0.1,0.1,0.0,0.0,0.0,0.0,0.0,0.3,0.1,1.6,0.3,0.1,0.1,100.0,0.1,0.6,25.0,0.1,0.3,50.0,51.0,50.0,80.0,40.0,0.0,0.3,35.9,46.2,0.0,0.0,36.4,16.3,6.0,1.0,0.0,0.0,0.0,0.0,2.0,1.0,1.0,1.0,4.0,1.0,2.0,16.5,991.0
1535344,I. Rosa Pompido,979996,AMICS CASTELLÓ,PF,4,Stretch Big,15.0,https://imagenes.feb.es/Foto.aspx?c=1535344,14,3,20.6,10.4,2.1,2.1,4.1,1.1,0.4,0.6,0.2,1.1,3.3,3.0,5.5,10.6,1.9,3.2,57.8,1.5,4.1,36.8,2.2,2.9,77.5,61.0,56.4,55.9,39.2,11.8,7.6,53.5,58.0,13.3,11.7,43.7,21.2,146.0,58.0,15.0,6.0,8.0,16.0,149.0,26.0,45.0,21.0,57.0,31.0,40.0,287.7,17266.0
1871776,A. Balada Segovia,979996,AMICS CASTELLÓ,PF,4,Rolling Big,,https://imagenes.feb.es/Foto.aspx?c=1871776,5,1,6.8,1.2,0.2,0.8,1.0,0.4,0.2,0.2,0.0,0.0,1.0,0.2,-4.0,-0.6,0.0,0.2,0.0,0.4,2.4,16.7,0.0,0.6,0.0,20.9,23.1,92.3,23.1,0.0,-0.1,20.4,17.6,0.0,3.6,23.1,20.2,6.0,5.0,2.0,1.0,1.0,0.0,-3.0,0.0,1.0,2.0,12.0,0.0,3.0,33.8,2026.0
1840859,V. Rodriguez Gil,979996,AMICS CASTELLÓ,PF,4,Rolling Big,,https://imagenes.feb.es/Foto.aspx?c=1840859,14,0,4.2,0.5,0.1,0.3,0.4,0.1,0.1,0.0,0.1,0.1,0.4,0.4,-0.1,0.6,0.2,0.4,50.0,0.0,0.0,0.0,0.1,0.1,50.0,50.9,50.0,0.0,33.3,22.5,0.3,18.8,20.0,21.8,3.7,15.3,6.8,7.0,6.0,2.0,1.0,0.0,2.0,9.0,3.0,6.0,0.0,0.0,1.0,2.0,59.2,3539.0
2325314,F. Stutz,979996,AMICS CASTELLÓ,C,5,Stretch Big,42.0,https://imagenes.feb.es/Foto.aspx?c=2325314,23,22,24.9,12.9,1.5,3.1,4.6,1.0,0.6,0.5,0.2,1.2,2.7,2.9,6.3,13.0,3.1,6.0,51.8,1.3,3.5,38.3,2.6,3.1,83.1,58.9,53.9,36.8,32.3,10.0,9.1,54.1,59.4,10.1,7.1,37.3,22.3,296.0,106.0,23.0,14.0,12.0,28.0,298.0,72.0,139.0,31.0,81.0,59.0,71.0,573.7,34434.0
2743181,K.  Baoko,979996,AMICS CASTELLÓ,C,5,Traditional Center,,https://imagenes.feb.es/Foto.aspx?c=2743181,15,10,17.9,8.9,1.6,2.5,4.1,0.2,0.3,1.5,0.3,1.9,3.1,3.0,3.5,9.9,3.4,5.6,60.7,0.0,0.0,0.0,2.1,3.1,67.4,63.8,60.7,0.0,54.8,21.2,6.2,65.6,66.5,21.3,11.4,75.4,22.9,133.0,62.0,3.0,5.0,22.0,28.0,148.0,51.0,84.0,0.0,0.0,31.0,46.0,268.8,16140.0
2816147,D. Bah,979996,AMICS CASTELLÓ,C,5,Stretch Big,,https://imagenes.feb.es/Foto.aspx?c=2816147,26,14,20.0,8.0,2.2,2.4,4.6,0.5,0.5,0.2,0.3,1.2,2.1,1.9,5.1,9.3,3.2,5.5,59.2,0.0,0.0,100.0,1.5,2.4,61.3,61.4,59.8,0.7,43.4,15.0,6.4,54.8,58.2,16.1,12.7,53.2,17.4,209.0,120.0,13.0,12.0,6.0,30.0,243.0,84.0,142.0,1.0,1.0,38.0,62.0,519.8,31185.0
2641325,M. Andreatta,979996,AMICS CASTELLÓ,C,5,3&D Wing,33.0,https://imagenes.feb.es/Foto.aspx?c=2641325,31,9,17.5,6.5,1.3,2.6,3.8,0.5,0.5,0.4,0.1,0.8,2.4,1.4,3.1,6.2,1.0,2.2,46.4,1.1,3.2,35.0,1.1,1.5,70.2,53.2,50.0,59.2,27.8,11.6,4.4,48.4,51.0,10.9,8.3,29.9,18.1,202.0,119.0,17.0,14.0,12.0,25.0,192.0,32.0,69.0,35.0,100.0,33.0,47.0,541.2,32475.0
2816661,M. Mukendi Mukendi,979996,AMICS CASTELLÓ,C,5,Traditional Center,26.0,https://imagenes.feb.es/Foto.aspx?c=2816661,13,5,11.6,3.8,1.0,1.2,2.2,0.2,0.4,0.6,0.1,0.8,2.2,2.0,-1.1,2.8,1.0,2.5,39.4,0.0,0.0,0.0,1.8,3.6,51.1,46.6,39.4,0.0,142.4,15.7,2.1,41.2,54.6,15.2,8.2,120.8,19.5,50.0,28.0,2.0,5.0,8.0,10.0,37.0,13.0,33.0,0.0,0.0,24.0,47.0,151.1,9060.0
2816661,M. Mukendi Mukendi,979996,AMICS CASTELLÓ,C,5,Traditional Center,26.0,https://imagenes.feb.es/Foto.aspx?c=2816661,13,5,11.6,3.8,1.0,1.2,2.2,0.2,0.4,0.6,0.1,0.8,2.2,2.0,-1.1,2.8,1.0,2.5,39.4,0.0,0.0,0.0,1.8,3.6,51.1,46.6,39.4,0.0,142.4,15.7,2.1,41.2,54.6,15.2,8.2,120.8,19.5,50.0,28.0,2.0,5.0,8.0,10.0,37.0,13.0,33.0,0.0,0.0,24.0,47.0,151.1,9060.0
2264756,L. Garcia Jimenez,979996,AMICS CASTELLÓ,,6,,,https://imagenes.feb.es/Foto.aspx?c=2264756,1,0,5.0,0.0,1.0,0.0,1.0,0.0,0.0,0.0,0.0,1.0,0.0,0.0,0.0,-1.0,0.0,1.0,0.0,0.0,0.0,0.0,0.0,0.0,0.0,0.0,0.0,0.0,0.0,50.0,-1.0,,,,,,,0.0,1.0,0.0,0.0,0.0,1.0,-1.0,0.0,1.0,0.0,0.0,0.0,0.0,5.0,298.0
2082635,I. Aizpitarte Aranza,979913,BIELE ISB,PG,1,High Volume Scorer,7.0,https://imagenes.feb.es/Foto.aspx?c=2082635,4,3,24.8,17.5,0.5,1.5,2.0,1.8,1.2,0.0,0.0,1.5,2.2,2.8,1.8,11.0,2.0,4.2,47.1,4.0,11.2,35.6,1.5,2.5,60.0,52.7,51.6,72.6,16.1,8.3,9.5,51.3,52.2,8.4,1.9,13.9,31.4,70.0,8.0,7.0,5.0,0.0,6.0,44.0,8.0,17.0,16.0,45.0,6.0,10.0,99.3,5959.0
1945582,A. Moncanut More,979913,BIELE ISB,PG,1,Offensive Engine,8.0,https://imagenes.feb.es/Foto.aspx?c=1945582,4,4,26.6,10.5,0.8,2.5,3.2,3.5,1.0,0.0,0.2,1.2,1.5,5.2,0.2,13.8,3.5,6.5,53.8,0.5,3.5,14.3,2.0,3.0,66.7,46.4,42.5,35.0,30.0,9.9,7.6,40.2,45.0,12.0,2.7,41.7,20.4,42.0,13.0,14.0,4.0,0.0,5.0,55.0,14.0,26.0,2.0,14.0,8.0,12.0,106.6,6396.0
2415762,O. Inda Hernandez,979913,BIELE ISB,PG,1,Offensive Engine,50.0,https://imagenes.feb.es/Foto.aspx?c=2415762,4,0,12.3,2.8,0.8,0.8,1.5,2.2,0.5,0.0,0.2,0.5,1.0,1.2,-1.8,4.2,0.8,2.2,33.3,0.2,1.2,20.0,0.5,0.5,100.0,37.0,32.1,35.7,14.3,11.8,2.6,32.9,35.6,13.2,5.9,14.4,14.9,11.0,6.0,9.0,2.0,0.0,2.0,17.0,3.0,9.0,1.0,5.0,2.0,2.0,49.2,2956.0
2859608,N. Williams,979913,BIELE ISB,SG,2,Offensive Engine,1.0,https://imagenes.feb.es/Foto.aspx?c=2859608,4,1,18.8,8.8,0.8,0.5,1.2,1.0,1.0,0.0,0.8,1.0,2.8,3.0,-5.2,2.5,2.2,6.2,36.0,0.5,4.8,10.5,2.8,3.2,84.6,35.2,27.3,43.2,29.5,7.4,2.2,27.3,34.5,7.5,3.9,29.1,30.9,35.0,5.0,4.0,4.0,0.0,4.0,10.0,9.0,25.0,2.0,19.0,11.0,13.0,75.0,4500.0
2001274,O. Ardanza Bernaola,979913,BIELE ISB,SG,2,Traditional Center,10.0,https://imagenes.feb.es/Foto.aspx?c=2001274,4,2,18.2,4.2,2.2,5.0,7.2,0.8,0.2,0.2,0.0,1.0,1.5,0.8,-5.2,7.2,1.5,2.8,54.5,0.2,2.5,10.0,0.5,0.8,66.7,38.1,35.7,47.6,14.3,15.2,3.6,36.3,38.6,13.5,11.5,15.2,15.7,17.0,29.0,3.0,1.0,1.0,4.0,29.0,6.0,11.0,1.0,10.0,2.0,3.0,73.0,4371.0
2276120,I. Miranda Garcia,979913,BIELE ISB,SG,2,3&D Wing,30.0,https://imagenes.feb.es/Foto.aspx?c=2276120,4,2,15.6,3.2,0.5,1.8,2.2,0.8,0.8,0.0,0.2,0.5,1.2,1.0,4.0,5.0,0.8,1.2,60.0,0.2,0.8,33.3,1.0,1.2,80.0,63.7,56.2,37.5,62.5,16.4,3.3,47.1,57.0,11.0,3.1,53.7,8.4,13.0,9.0,3.0,3.0,0.0,2.0,20.0,3.0,5.0,1.0,3.0,4.0,5.0,62.6,3756.0
2093087,A. Acha Cortabarria,979913,BIELE ISB,SF,3,Stretch Big,42.0,https://imagenes.feb.es/Foto.aspx?c=2093087,4,3,13.2,4.5,0.2,3.0,3.2,0.2,0.2,0.0,0.2,0.5,3.5,1.5,-3.0,1.8,0.5,2.0,25.0,0.5,2.5,20.0,2.0,2.5,80.0,40.2,27.8,55.6,55.6,8.2,1.2,17.2,44.5,5.9,1.8,239.9,20.2,18.0,13.0,1.0,1.0,0.0,2.0,7.0,2.0,8.0,2.0,10.0,8.0,10.0,52.9,3179.0
2137835,M. Olaizola Garin,979913,BIELE ISB,SF,3,Rolling Big,13.0,https://imagenes.feb.es/Foto.aspx?c=2137835,4,1,18.6,3.0,1.0,4.2,5.2,0.8,0.0,0.2,0.0,0.0,2.5,0.2,2.8,3.5,0.8,1.5,50.0,0.5,3.2,15.4,0.0,0.0,0.0,31.6,31.6,68.4,0.0,0.0,1.8,26.2,26.2,0.0,4.8,0.0,11.0,12.0,21.0,3.0,0.0,1.0,0.0,14.0,3.0,6.0,2.0,13.0,0.0,0.0,74.6,4482.0
2121808,M. Niang Ndongo,979913,BIELE ISB,PF,4,3&D Wing,15.0,https://imagenes.feb.es/Foto.aspx?c=2121808,4,4,22.9,9.2,3.0,3.5,6.5,0.2,1.2,0.0,0.8,2.5,3.2,1.8,-3.5,9.2,2.8,4.8,57.9,0.8,2.5,30.0,1.5,1.8,85.7,57.7,53.4,34.5,24.1,23.8,6.3,49.0,55.2,25.4,12.3,27.1,19.8,37.0,26.0,1.0,5.0,0.0,10.0,37.0,11.0,19.0,3.0,10.0,6.0,7.0,91.6,5495.0
2790955,T. Sagna,979913,BIELE ISB,C,5,Traditional Center,14.0,https://imagenes.feb.es/Foto.aspx?c=2790955,4,0,23.5,13.5,4.2,4.0,8.2,0.8,1.0,0.0,0.0,1.5,3.2,3.0,-2.5,17.8,5.2,7.5,70.0,0.0,0.0,0.0,3.0,4.8,63.2,70.4,70.0,0.0,63.3,13.5,12.5,71.0,70.7,13.9,17.1,63.4,20.3,54.0,33.0,3.0,4.0,0.0,6.0,71.0,21.0,30.0,0.0,0.0,12.0,19.0,93.9,5634.0
1731705,J. Cebolla Herrera,979913,BIELE ISB,C,5,Rolling Big,17.0,https://imagenes.feb.es/Foto.aspx?c=1731705,3,0,7.1,1.0,0.3,0.0,0.3,0.3,0.3,0.0,0.0,0.7,0.3,1.3,-1.7,0.0,0.3,0.7,50.0,0.0,1.0,0.0,0.3,1.3,25.0,22.2,20.0,60.0,80.0,22.8,-0.4,11.8,13.1,13.4,4.1,47.2,17.6,3.0,1.0,1.0,1.0,0.0,2.0,0.0,1.0,2.0,0.0,3.0,1.0,4.0,21.2,1272.0
2432962,S. Merlo,979897,BUENO ARENAS ALBACETE BASKET,PG,1,Lead Guard,10.0,https://imagenes.feb.es/Foto.aspx?c=2432962,31,13,27.7,10.3,0.6,7.2,7.8,6.1,2.0,0.2,0.4,2.1,2.3,4.3,4.4,19.5,2.2,5.1,43.7,1.0,3.5,28.0,2.9,4.3,68.9,49.4,43.0,40.4,49.8,16.7,11.0,44.0,49.6,16.6,2.2,57.5,20.9,319.0,242.0,188.0,61.0,6.0,65.0,606.0,69.0,158.0,30.0,107.0,91.0,132.0,858.0,51479.0
1371559,V. Aguilar Hernandez,979897,BUENO ARENAS ALBACETE BASKET,PG,1,Offensive Engine,3.0,https://imagenes.feb.es/Foto.aspx?c=1371559,31,21,24.8,10.1,0.6,3.4,4.0,4.0,1.3,0.1,0.2,2.3,2.8,3.4,1.1,12.7,2.2,4.1,53.9,1.3,3.6,34.5,1.8,2.5,75.0,56.8,52.9,46.9,31.5,20.3,7.9,53.0,56.9,20.0,2.8,35.8,20.8,312.0,123.0,123.0,39.0,2.0,70.0,394.0,69.0,128.0,39.0,113.0,57.0,76.0,768.9,46131.0
2772828,F. Andrade Amiel,979897,BUENO ARENAS ALBACETE BASKET,PG,1,Offensive Engine,2.0,https://imagenes.feb.es/Foto.aspx?c=2772828,28,25,15.6,4.3,0.2,1.3,1.5,1.6,0.6,0.0,0.3,0.9,2.5,1.2,2.2,1.4,1.0,2.9,34.1,0.6,2.6,21.9,0.6,1.1,56.7,36.0,33.5,47.1,19.4,12.9,1.2,33.9,35.8,14.2,1.9,17.1,20.7,121.0,43.0,44.0,17.0,0.0,25.0,39.0,28.0,82.0,16.0,73.0,17.0,30.0,436.9,26199.0
2735659,A. Vera Picazo,979897,BUENO ARENAS ALBACETE BASKET,PG,1,Offensive Engine,8.0,https://imagenes.feb.es/Foto.aspx?c=2735659,8,0,8.1,1.6,0.0,0.4,0.4,0.8,0.9,0.0,0.0,0.5,1.6,0.4,-0.8,-0.4,0.1,0.8,16.7,0.2,1.6,15.4,0.6,0.9,71.4,29.4,21.1,68.4,36.8,15.3,0.4,24.1,27.2,13.2,0.0,48.4,18.2,13.0,3.0,6.0,7.0,0.0,4.0,-3.0,1.0,6.0,2.0,13.0,5.0,7.0,64.6,3867.0
1603635,J. Gonzalez Albadalejo,979897,BUENO ARENAS ALBACETE BASKET,SG,2,Offensive Engine,11.0,https://imagenes.feb.es/Foto.aspx?c=1603635,30,6,25.2,11.2,0.3,1.7,2.0,2.0,0.8,0.0,0.3,1.5,2.4,3.6,4.9,7.9,1.2,4.1,29.0,2.0,6.2,31.6,2.9,3.7,78.6,46.8,40.0,60.1,36.0,10.9,5.4,39.9,46.5,11.1,1.2,37.9,24.9,337.0,60.0,61.0,23.0,1.0,44.0,236.0,36.0,124.0,59.0,187.0,88.0,112.0,755.6,45345.0
2813013,N. Reid,979897,BUENO ARENAS ALBACETE BASKET,SF,3,3&D Wing,5.0,https://imagenes.feb.es/Foto.aspx?c=2813013,31,31,30.6,13.3,1.2,4.1,5.3,0.9,0.5,0.2,0.1,0.9,2.9,3.0,3.3,12.7,2.2,4.7,47.6,1.7,5.1,33.5,3.7,4.4,83.2,56.6,49.0,52.1,45.2,7.4,9.0,46.4,54.0,7.1,4.1,49.4,19.3,411.0,163.0,27.0,17.0,7.0,29.0,395.0,69.0,145.0,53.0,158.0,114.0,137.0,947.6,56847.0
2156303,A. Garcia Borrego,979897,BUENO ARENAS ALBACETE BASKET,SF,3,3&D Wing,50.0,https://imagenes.feb.es/Foto.aspx?c=2156303,11,7,17.9,7.2,1.5,1.9,3.4,0.2,0.3,0.0,0.1,0.3,1.6,0.9,-4.3,6.8,2.5,3.9,62.8,0.5,1.6,27.8,0.9,1.5,62.5,58.1,56.6,29.5,26.2,4.2,5.3,57.7,59.9,4.1,8.9,41.3,16.7,79.0,37.0,2.0,3.0,0.0,3.0,75.0,27.0,43.0,5.0,18.0,10.0,16.0,196.8,11800.0
2500822,M. Voronin,979897,BUENO ARENAS ALBACETE BASKET,SF,3,3&D Wing,21.0,https://imagenes.feb.es/Foto.aspx?c=2500822,11,2,17.0,5.5,0.2,0.5,0.6,0.6,0.5,0.0,0.0,0.4,2.0,1.5,3.2,3.5,1.2,2.5,48.1,0.6,2.1,30.4,1.3,1.5,82.4,53.1,47.0,46.0,34.0,6.5,3.1,39.2,44.2,12.9,3.8,28.5,17.5,61.0,7.0,7.0,6.0,0.0,4.0,39.0,13.0,27.0,7.0,23.0,14.0,17.0,186.5,11183.0
2500822,M. Voronin,979897,BUENO ARENAS ALBACETE BASKET,SF,3,Offensive Engine,21.0,https://imagenes.feb.es/Foto.aspx?c=2500822,11,2,17.0,5.5,0.2,0.5,0.6,0.6,0.5,0.0,0.0,0.4,2.0,1.5,3.2,3.5,1.2,2.5,48.1,0.6,2.1,30.4,1.3,1.5,82.4,53.1,47.0,46.0,34.0,6.5,3.1,39.2,44.2,12.9,3.8,28.5,17.5,61.0,7.0,7.0,6.0,0.0,4.0,39.0,13.0,27.0,7.0,23.0,14.0,17.0,186.5,11183.0
2364931,A. Perez Conti,979897,BUENO ARENAS ALBACETE BASKET,SF,3,Rolling Big,,https://imagenes.feb.es/Foto.aspx?c=2364931,7,5,8.7,0.9,0.4,0.4,0.9,0.3,0.0,0.0,0.0,0.3,2.4,0.1,-4.6,-1.9,0.4,1.0,42.9,0.0,0.6,0.0,0.0,0.1,0.0,26.2,27.3,36.4,9.1,14.9,-0.8,22.5,21.5,11.2,5.2,8.1,10.3,6.0,6.0,2.0,0.0,0.0,2.0,-13.0,3.0,7.0,0.0,4.0,0.0,1.0,60.9,3655.0
1947396,V. Muñoz Quiñones,979897,BUENO ARENAS ALBACETE BASKET,PF,4,Stretch Big,,https://imagenes.feb.es/Foto.aspx?c=1947396,25,11,21.4,9.1,1.8,2.9,4.6,0.6,0.8,0.5,0.1,0.8,3.6,1.9,4.8,10.1,3.8,5.6,68.1,0.2,0.5,33.3,0.9,1.8,50.0,65.5,66.7,7.8,30.1,10.8,7.5,65.4,64.8,9.7,8.7,37.7,16.6,227.0,116.0,14.0,21.0,13.0,21.0,253.0,96.0,141.0,4.0,12.0,23.0,46.0,535.8,32145.0
2817541,O. Bramble,979897,BUENO ARENAS ALBACETE BASKET,PF,4,Stretch Big,24.0,https://imagenes.feb.es/Foto.aspx?c=2817541,31,7,14.2,5.7,1.0,1.8,2.9,0.3,0.3,0.1,0.3,0.9,1.5,0.9,1.2,5.5,2.1,3.5,59.6,0.2,0.6,26.3,1.0,1.3,75.6,60.3,56.6,14.8,32.0,16.1,3.9,52.0,56.5,14.7,7.9,38.1,18.4,176.0,89.0,10.0,10.0,3.0,28.0,171.0,65.0,109.0,5.0,19.0,31.0,41.0,441.2,26482.0
2432412,J. Hierrezuelo Serer,979897,BUENO ARENAS ALBACETE BASKET,C,5,3&D Wing,47.0,https://imagenes.feb.es/Foto.aspx?c=2432412,31,11,18.5,7.4,0.7,2.7,3.4,0.7,0.4,0.3,0.1,0.5,1.8,1.7,2.1,6.8,1.1,2.3,48.6,1.3,4.2,31.0,1.3,2.0,65.6,50.5,47.3,64.2,30.3,5.8,4.8,48.2,52.0,6.3,3.8,30.1,19.7,230.0,105.0,21.0,13.0,8.0,14.0,212.0,35.0,72.0,40.0,129.0,40.0,61.0,573.7,34429.0
1981843,B. Vanaclocha Sanchez,979897,BUENO ARENAS ALBACETE BASKET,C,5,Traditional Center,44.0,https://imagenes.feb.es/Foto.aspx?c=1981843,31,16,14.5,7.2,1.5,1.7,3.3,0.3,0.3,0.4,0.3,0.8,2.0,1.8,0.2,8.2,2.8,4.5,62.1,0.0,0.0,0.0,1.5,2.0,76.2,65.8,61.7,0.7,44.7,12.9,5.6,60.9,66.9,12.1,12.0,55.7,20.1,222.0,102.0,8.0,8.0,12.0,25.0,253.0,87.0,140.0,0.0,1.0,48.0,63.0,449.0,26936.0
2816390,A. Akinwole,981491,C.B. GETAFE,PG,1,High Volume Scorer,,https://imagenes.feb.es/Foto.aspx?c=2816390,16,7,20.0,9.7,0.5,2.1,2.6,2.0,0.9,0.1,0.2,1.2,1.8,2.0,-0.4,10.4,2.4,4.2,56.7,1.1,3.0,35.4,1.8,1.9,93.3,60.5,55.2,41.7,26.1,13.5,7.4,55.4,59.9,14.3,3.1,30.6,20.5,155.0,42.0,32.0,15.0,1.0,20.0,167.0,38.0,67.0,17.0,48.0,28.0,30.0,319.8,19193.0
1876223,A. Montero Isla,981491,C.B. GETAFE,PG,1,High Volume Scorer,,https://imagenes.feb.es/Foto.aspx?c=1876223,26,25,24.2,9.3,0.4,1.3,1.7,3.1,0.7,0.0,0.2,1.5,2.0,3.3,-2.6,10.8,1.7,3.0,57.7,1.3,3.0,44.2,1.9,2.8,68.5,64.7,61.9,49.7,47.1,17.2,7.2,58.8,62.5,17.8,1.8,52.9,16.2,242.0,44.0,80.0,17.0,0.0,39.0,280.0,45.0,78.0,34.0,77.0,50.0,73.0,628.2,37685.0
1789964,E. Ortiz Torres,981491,C.B. GETAFE,PG,1,Offensive Engine,,https://imagenes.feb.es/Foto.aspx?c=1789964,25,1,15.6,3.6,0.6,1.2,1.8,2.1,0.9,0.2,0.2,1.6,2.6,1.2,1.0,3.1,1.1,2.4,45.0,0.3,1.3,25.0,0.5,0.8,68.4,45.3,42.4,34.8,20.7,28.0,2.2,38.9,41.6,30.2,4.8,32.2,16.2,91.0,44.0,53.0,22.0,4.0,39.0,77.0,27.0,60.0,8.0,32.0,13.0,19.0,390.5,23440.0
1674978,G. Mulero Maldonado,981491,C.B. GETAFE,SG,2,High Volume Scorer,,https://imagenes.feb.es/Foto.aspx?c=1674978,26,20,24.9,13.1,0.9,2.2,3.2,2.5,0.8,0.0,0.6,2.6,1.9,3.6,0.2,12.3,3.6,6.8,52.2,1.2,2.8,40.5,2.5,3.8,65.0,57.6,54.8,29.4,39.7,18.7,8.1,54.7,57.7,19.0,4.3,39.9,25.4,341.0,82.0,64.0,20.0,1.0,68.0,321.0,93.0,178.0,30.0,74.0,65.0,100.0,646.5,38792.0
1582089,J. Parra Baez,981491,C.B. GETAFE,SG,2,Offensive Engine,,https://imagenes.feb.es/Foto.aspx?c=1582089,26,18,25.5,11.0,0.8,2.3,3.2,2.3,0.5,0.2,0.2,1.6,0.9,1.6,-2.2,7.9,2.0,4.9,41.4,1.8,6.7,27.6,1.4,1.9,74.0,44.3,41.4,57.6,16.6,11.5,5.7,39.9,42.7,11.8,3.9,17.8,24.9,287.0,82.0,60.0,12.0,4.0,42.0,206.0,53.0,128.0,48.0,174.0,37.0,50.0,663.8,39831.0
1590474,G. Kasanzi Obama,981491,C.B. GETAFE,SF,3,3&D Wing,,https://imagenes.feb.es/Foto.aspx?c=1590474,9,2,22.6,8.6,0.9,2.3,3.2,1.4,0.8,0.0,0.4,1.3,1.2,2.8,2.9,9.0,2.1,4.1,51.4,0.9,3.1,28.6,1.7,2.7,62.5,51.0,47.7,43.1,36.9,13.7,5.6,46.6,50.5,12.6,4.8,41.4,20.0,77.0,29.0,13.0,7.0,0.0,12.0,81.0,19.0,37.0,8.0,28.0,15.0,24.0,203.4,12199.0
1820240,P. Arribas Gomez,981491,C.B. GETAFE,SF,3,3&D Wing,,https://imagenes.feb.es/Foto.aspx?c=1820240,19,5,6.9,1.7,0.3,0.1,0.4,0.2,0.1,0.0,0.1,0.2,0.9,0.2,0.4,0.5,0.2,0.3,66.7,0.4,1.3,33.3,0.1,0.1,50.0,53.4,53.3,80.0,6.7,8.9,0.8,45.8,46.2,7.2,4.2,4.6,11.2,33.0,7.0,4.0,1.0,0.0,3.0,10.0,4.0,6.0,8.0,24.0,1.0,2.0,130.5,7848.0
1587611,I. Ibañez Zamalloa,981491,C.B. GETAFE,SF,3,Rolling Big,,https://imagenes.feb.es/Foto.aspx?c=1587611,6,0,10.8,0.8,0.5,0.3,0.8,1.2,0.5,0.0,0.2,0.8,1.0,0.7,1.0,0.3,0.2,0.7,25.0,0.2,1.3,12.5,0.0,0.2,0.0,20.1,20.8,66.7,8.3,28.7,0.0,13.7,13.7,22.8,5.5,10.8,11.8,5.0,5.0,7.0,3.0,0.0,5.0,2.0,1.0,4.0,1.0,8.0,0.0,1.0,64.8,3890.0
1515390,C. Martos Infantes,981491,C.B. GETAFE,SF,3,3&D Wing,,https://imagenes.feb.es/Foto.aspx?c=1515390,3,0,3.0,0.7,0.0,0.3,0.3,0.3,0.0,0.0,0.0,0.0,0.0,0.0,4.7,0.3,0.3,0.3,100.0,0.0,1.0,0.0,0.0,0.0,0.0,25.0,25.0,75.0,0.0,0.0,0.2,22.8,22.8,0.0,0.0,0.0,17.9,2.0,1.0,1.0,0.0,0.0,0.0,1.0,1.0,1.0,0.0,3.0,0.0,0.0,8.9,534.0
2815898,C. Henderson,981491,C.B. GETAFE,PF,4,3&D Wing,,https://imagenes.feb.es/Foto.aspx?c=2815898,25,17,19.1,9.3,0.9,3.0,3.8,0.4,0.5,0.3,0.2,1.0,2.3,0.9,-0.9,7.6,1.8,3.3,56.1,1.6,4.1,37.9,0.9,1.1,85.2,58.9,56.5,55.7,14.6,11.7,5.9,55.0,58.2,12.5,5.2,14.7,21.0,232.0,96.0,10.0,12.0,7.0,26.0,191.0,46.0,82.0,39.0,103.0,23.0,27.0,478.5,28709.0
1328788,M. Alvarez Puertas,981491,C.B. GETAFE,PF,4,3&D Wing,,https://imagenes.feb.es/Foto.aspx?c=1328788,25,5,16.2,4.5,0.8,2.6,3.4,1.0,0.3,0.2,0.1,0.5,0.8,0.8,-0.5,5.8,1.3,2.7,48.5,0.5,1.6,31.7,0.3,0.8,40.0,48.0,48.2,37.6,18.3,9.9,3.6,49.5,50.1,10.2,5.5,18.8,14.5,113.0,84.0,24.0,7.0,5.0,13.0,146.0,33.0,68.0,13.0,41.0,8.0,20.0,405.7,24336.0
1223461,J. Tejera Tejo,981491,C.B. GETAFE,PF,4,3&D Wing,,https://imagenes.feb.es/Foto.aspx?c=1223461,23,2,10.5,2.4,0.6,1.3,2.0,0.6,0.3,0.0,0.1,0.3,0.6,0.6,-0.2,3.2,0.7,1.7,42.5,0.3,0.9,30.0,0.1,0.3,50.0,43.9,43.3,33.3,10.0,10.1,1.9,40.0,40.5,15.5,6.4,5.0,12.7,55.0,45.0,13.0,6.0,1.0,7.0,74.0,17.0,40.0,6.0,20.0,3.0,6.0,241.5,14490.0
2816388,M. Abdulsalam,981491,C.B. GETAFE,C,5,Traditional Center,,https://imagenes.feb.es/Foto.aspx?c=2816388,26,23,22.1,10.8,2.6,6.3,8.8,1.1,0.7,0.7,0.1,2.5,3.2,3.7,1.4,15.3,3.7,6.7,55.7,0.0,0.3,11.1,3.2,4.7,68.6,59.3,53.8,4.9,66.1,21.6,8.6,54.2,60.2,21.4,13.9,68.3,23.9,280.0,230.0,28.0,18.0,17.0,65.0,399.0,97.0,174.0,1.0,9.0,83.0,121.0,575.3,34512.0
1521251,W. Cabral Bueriberi,981491,C.B. GETAFE,C,5,Stretch Big,5.0,https://imagenes.feb.es/Foto.aspx?c=1521251,5,2,18.6,8.0,2.2,3.8,6.0,1.0,0.6,0.4,0.0,0.2,2.0,3.0,0.0,13.0,1.8,3.8,47.4,0.6,2.0,30.0,2.6,3.0,86.7,56.2,46.6,34.5,51.7,2.7,8.0,44.5,49.5,8.5,10.5,49.7,23.9,40.0,30.0,5.0,3.0,2.0,1.0,65.0,9.0,19.0,3.0,10.0,13.0,15.0,93.0,5581.0
1521251,W. Cabral Bueriberi,981491,C.B. GETAFE,C,5,Stretch Big,5.0,https://imagenes.feb.es/Foto.aspx?c=1521251,5,2,18.6,8.0,2.2,3.8,6.0,1.0,0.6,0.4,0.0,0.2,2.0,3.0,0.0,13.0,1.8,3.8,47.4,0.6,2.0,30.0,2.6,3.0,86.7,56.2,46.6,34.5,51.7,2.7,8.0,44.5,49.5,8.5,10.5,49.7,23.9,40.0,30.0,5.0,3.0,2.0,1.0,65.0,9.0,19.0,3.0,10.0,13.0,15.0,93.0,5581.0
2816389,J. Nve Maleva,981491,C.B. GETAFE,C,5,Traditional Center,,https://imagenes.feb.es/Foto.aspx?c=2816389,25,3,14.0,5.7,2.0,3.4,5.4,0.3,0.3,0.1,0.2,1.4,2.1,1.5,-1.1,7.0,2.3,4.0,57.6,0.0,0.0,0.0,1.2,2.3,50.9,57.2,57.0,1.0,57.0,22.3,4.1,51.3,52.4,24.0,16.7,63.5,20.6,143.0,136.0,7.0,8.0,2.0,36.0,174.0,57.0,99.0,0.0,1.0,29.0,57.0,348.9,20944.0
1876667,M. Garcia Martin,981491,C.B. GETAFE,,6,,,https://imagenes.feb.es/Foto.aspx?c=1876667,1,0,0.3,0.0,0.0,0.0,0.0,0.0,0.0,0.0,0.0,0.0,0.0,0.0,-1.0,0.0,0.0,0.0,0.0,0.0,0.0,0.0,0.0,0.0,0.0,0.0,0.0,0.0,0.0,0.0,0.0,,,,,,,0.0,0.0,0.0,0.0,0.0,0.0,0.0,0.0,0.0,0.0,0.0,0.0,0.0,0.3,16.0
1356913,J. Marin Ortega,981336,C.B. STARLABS MORÓN,PG,1,Offensive Engine,,https://imagenes.feb.es/Foto.aspx?c=1356913,4,4,23.4,8.5,1.2,2.8,4.0,3.8,0.8,0.2,0.2,2.0,3.5,2.5,1.2,9.8,1.8,4.8,36.8,1.2,2.8,45.5,1.2,1.2,100.0,52.8,48.3,36.7,16.7,19.9,6.3,46.1,49.4,21.1,5.9,16.6,20.6,34.0,16.0,15.0,3.0,1.0,8.0,39.0,7.0,19.0,5.0,11.0,5.0,5.0,93.4,5601.0
2817428,Z. Williams,981336,C.B. STARLABS MORÓN,PG,1,3&D Wing,,https://imagenes.feb.es/Foto.aspx?c=2817428,4,0,18.6,8.5,1.8,2.2,4.0,1.0,0.8,0.0,0.2,2.0,3.0,2.2,-4.2,5.8,3.2,5.8,56.5,0.5,2.8,18.2,0.5,1.5,33.3,46.4,47.1,32.4,17.6,17.9,3.8,48.0,47.2,18.0,11.3,17.4,29.1,34.0,16.0,4.0,3.0,0.0,8.0,23.0,13.0,23.0,2.0,11.0,2.0,6.0,74.3,4459.0
1777875,A. Herrera Dominguez,981336,C.B. STARLABS MORÓN,PG,1,Offensive Engine,,https://imagenes.feb.es/Foto.aspx?c=1777875,4,0,13.8,4.8,0.2,0.8,1.0,1.8,0.5,0.0,0.0,1.5,2.5,1.8,-4.5,3.5,1.0,2.5,40.0,0.5,1.0,50.0,1.2,1.5,83.3,57.1,50.0,28.6,42.9,26.5,2.4,52.0,58.1,26.7,1.8,64.6,19.6,19.0,4.0,7.0,2.0,0.0,6.0,14.0,4.0,10.0,2.0,4.0,5.0,6.0,55.4,3323.0
1086474,A. Marin Ortega,981336,C.B. STARLABS MORÓN,SG,2,Offensive Engine,,https://imagenes.feb.es/Foto.aspx?c=1086474,4,0,18.9,8.0,0.0,1.8,1.8,2.0,0.2,0.2,0.5,1.8,2.0,2.2,-6.2,6.0,1.8,4.0,43.8,1.2,3.0,41.7,0.8,1.5,50.0,52.2,51.8,42.9,21.4,18.6,3.8,50.0,50.6,17.5,0.0,28.4,23.7,32.0,7.0,8.0,1.0,1.0,7.0,24.0,7.0,16.0,5.0,12.0,3.0,6.0,75.7,4537.0
718637,L. Parejo Camacho,981336,C.B. STARLABS MORÓN,SG,2,Rolling Big,,https://imagenes.feb.es/Foto.aspx?c=718637,4,0,8.0,1.5,0.2,0.8,1.0,0.2,0.8,0.2,0.2,0.5,1.8,1.0,-5.8,0.2,0.0,0.0,0.0,0.5,2.2,22.2,0.0,0.5,0.0,30.4,33.3,100.0,22.2,16.8,0.2,35.0,28.7,14.2,4.3,23.4,17.3,6.0,4.0,1.0,3.0,1.0,2.0,1.0,0.0,0.0,2.0,9.0,0.0,2.0,32.1,1924.0
1447521,J. Jiménez González,981336,C.B. STARLABS MORÓN,SF,3,3&D Wing,,https://imagenes.feb.es/Foto.aspx?c=1447521,4,4,31.5,9.0,1.0,5.2,6.2,2.2,2.2,0.2,0.2,1.2,2.0,3.8,-2.0,15.0,1.5,2.2,66.7,1.5,5.8,26.1,1.5,2.0,75.0,50.7,46.9,71.9,25.0,12.3,8.6,46.1,50.5,12.6,3.3,32.7,15.5,36.0,25.0,9.0,9.0,1.0,5.0,60.0,6.0,9.0,6.0,23.0,6.0,8.0,126.0,7562.0
2047768,G. Fernandez Diaz,981336,C.B. STARLABS MORÓN,SF,3,Offensive Engine,,https://imagenes.feb.es/Foto.aspx?c=2047768,4,4,16.4,5.0,0.8,1.5,2.2,1.5,0.8,0.0,0.2,0.2,3.0,1.5,-1.0,2.8,0.8,2.8,27.3,0.8,2.8,27.3,1.2,2.2,55.6,38.5,34.1,50.0,40.9,3.7,2.7,27.9,33.7,3.0,5.4,57.5,19.4,20.0,9.0,6.0,3.0,0.0,1.0,11.0,3.0,11.0,3.0,11.0,5.0,9.0,65.6,3936.0
2042568,A. Burgos Caballero,981336,C.B. STARLABS MORÓN,PF,4,3&D Wing,,https://imagenes.feb.es/Foto.aspx?c=2042568,4,4,28.6,11.5,1.0,2.8,3.8,0.5,0.5,0.0,0.2,1.2,2.5,1.5,-7.2,8.0,2.0,3.2,61.5,2.0,5.8,34.8,1.5,2.5,60.0,56.9,55.6,63.9,27.8,11.0,6.5,57.2,58.4,10.1,4.1,38.7,19.0,46.0,15.0,2.0,2.0,0.0,5.0,32.0,8.0,13.0,8.0,23.0,6.0,10.0,114.4,6862.0
1593195,V. Orlov Sturman Maurin,981336,C.B. STARLABS MORÓN,C,5,Traditional Center,,https://imagenes.feb.es/Foto.aspx?c=1593195,4,1,22.6,8.0,1.5,3.5,5.0,0.8,0.0,0.8,0.2,2.0,1.2,2.2,-6.2,10.2,2.8,5.8,47.8,0.0,0.0,0.0,2.5,2.8,90.9,57.5,47.8,0.0,47.8,22.3,5.6,44.3,52.7,21.7,8.0,45.0,19.1,32.0,20.0,3.0,0.0,3.0,8.0,41.0,11.0,23.0,0.0,0.0,10.0,11.0,90.4,5422.0
2817429,S. Correia,981336,C.B. STARLABS MORÓN,C,5,Traditional Center,,https://imagenes.feb.es/Foto.aspx?c=2817429,4,3,17.2,4.0,1.2,3.8,5.0,0.5,0.8,0.2,0.0,2.2,2.0,3.2,-1.2,5.5,1.8,3.0,58.3,0.0,0.0,0.0,0.5,3.2,15.4,45.1,58.3,0.0,108.3,33.7,1.7,64.8,55.4,27.6,8.2,128.2,18.8,16.0,20.0,2.0,3.0,1.0,9.0,22.0,7.0,12.0,0.0,0.0,2.0,13.0,68.9,4135.0
1508394,K. Navarro Arrue,981336,C.B. STARLABS MORÓN,,6,,,https://imagenes.feb.es/Foto.aspx?c=1508394,1,0,4.0,3.0,0.0,0.0,0.0,0.0,0.0,0.0,0.0,0.0,0.0,0.0,-1.0,3.0,0.0,0.0,0.0,1.0,1.0,100.0,0.0,0.0,0.0,150.0,150.0,100.0,0.0,0.0,2.7,,,,,,,3.0,0.0,0.0,0.0,0.0,0.0,3.0,0.0,0.0,1.0,1.0,0.0,0.0,4.0,239.0
1798932,D. Arjol Lopez,981294,C.B. ZARAGOZA,PG,1,Offensive Engine,,https://imagenes.feb.es/Foto.aspx?c=1798932,28,8,25.4,9.3,0.7,3.2,3.9,4.4,1.2,0.1,0.5,2.2,2.5,3.7,-1.0,12.0,3.1,6.0,51.8,0.5,2.3,20.0,1.7,3.0,56.6,48.2,45.7,27.9,35.6,18.7,7.1,43.0,44.6,18.0,3.2,34.7,21.0,260.0,110.0,124.0,35.0,3.0,62.0,335.0,87.0,168.0,13.0,65.0,47.0,83.0,710.9,42661.0
1250976,O. Alvarado Rodriguez,981294,C.B. ZARAGOZA,PG,1,Offensive Engine,,https://imagenes.feb.es/Foto.aspx?c=1250976,24,23,28.7,7.2,0.6,3.0,3.5,5.8,1.0,0.0,0.0,1.5,1.6,2.7,0.8,13.2,0.3,1.0,33.3,1.9,4.7,40.7,0.8,1.2,62.1,57.4,56.2,82.5,21.2,18.9,8.1,58.2,60.4,18.6,2.2,41.2,12.0,172.0,85.0,140.0,23.0,0.0,35.0,317.0,8.0,24.0,46.0,113.0,18.0,29.0,689.4,41374.0
1910411,A. Aragones Navais,981294,C.B. ZARAGOZA,SG,2,Lead Guard,,https://imagenes.feb.es/Foto.aspx?c=1910411,24,14,20.8,9.5,1.1,2.8,3.8,1.2,1.3,0.2,0.2,1.7,2.1,1.6,1.2,8.1,2.8,5.5,49.6,0.9,3.1,29.3,1.2,1.9,64.4,49.8,47.6,36.1,21.6,15.3,5.9,47.7,50.2,15.2,6.2,22.4,24.3,227.0,92.0,30.0,32.0,4.0,41.0,195.0,66.0,133.0,22.0,75.0,29.0,45.0,498.2,29898.0
1556128,G. Colom Barrufet,981294,C.B. ZARAGOZA,SG,2,High Volume Scorer,,https://imagenes.feb.es/Foto.aspx?c=1556128,27,2,12.9,6.8,0.2,1.0,1.2,1.1,0.4,0.0,0.2,0.7,1.6,0.9,0.3,3.6,1.4,3.2,43.0,1.1,3.9,28.8,0.7,0.9,80.0,45.8,43.2,54.7,13.2,8.2,3.2,45.3,47.7,9.0,1.8,16.3,28.3,184.0,33.0,31.0,11.0,1.0,18.0,96.0,37.0,86.0,30.0,104.0,20.0,25.0,349.1,20955.0
2815312,J. Zhao Olmos,981294,C.B. ZARAGOZA,SF,3,High Volume Scorer,,https://imagenes.feb.es/Foto.aspx?c=2815312,27,24,28.1,18.3,0.8,2.9,3.6,1.5,1.1,0.1,0.4,2.0,2.6,3.1,1.7,15.1,3.5,6.7,51.6,2.7,6.9,39.2,3.3,3.9,83.0,59.7,55.3,50.5,28.8,11.3,11.7,54.4,58.6,11.2,3.0,31.7,27.7,495.0,98.0,40.0,31.0,4.0,53.0,409.0,94.0,182.0,73.0,186.0,88.0,106.0,760.0,45592.0
1446949,J. Jiménez Jiménez,981294,C.B. ZARAGOZA,SF,3,3&D Wing,,https://imagenes.feb.es/Foto.aspx?c=1446949,25,10,22.9,10.2,0.8,2.5,3.3,1.5,0.7,0.1,0.3,1.4,2.6,2.8,0.4,7.8,1.6,3.8,43.6,1.6,5.5,28.5,2.2,2.8,80.0,48.7,43.1,59.3,30.3,12.1,5.4,44.1,49.6,11.7,3.7,34.5,23.3,255.0,82.0,37.0,17.0,2.0,36.0,196.0,41.0,94.0,39.0,137.0,56.0,70.0,573.6,34422.0
2704882,Y. Kolo,981294,C.B. ZARAGOZA,PF,4,Stretch Big,,https://imagenes.feb.es/Foto.aspx?c=2704882,17,9,20.5,9.5,1.6,4.3,5.9,1.1,0.3,0.3,0.1,1.2,2.1,2.1,-1.4,10.8,2.9,5.1,57.0,0.8,2.6,31.8,1.2,2.4,52.5,54.5,53.8,33.8,30.8,12.5,6.8,55.7,54.6,12.1,9.4,35.0,22.1,161.0,101.0,18.0,5.0,5.0,21.0,184.0,49.0,86.0,14.0,44.0,21.0,40.0,348.1,20876.0
1861515,P. Aso Jimenez,981294,C.B. ZARAGOZA,PF,4,3&D Wing,,https://imagenes.feb.es/Foto.aspx?c=1861515,28,18,16.8,3.6,1.1,2.6,3.8,0.8,0.4,0.1,0.1,0.3,1.2,0.5,1.2,5.2,0.8,1.5,51.2,0.6,2.0,29.8,0.2,0.4,63.6,48.6,47.4,58.2,11.2,8.0,3.4,48.4,48.3,10.8,8.0,15.3,10.8,100.0,105.0,22.0,12.0,2.0,9.0,147.0,21.0,41.0,17.0,57.0,7.0,11.0,470.8,28227.0
2815361,I. Okeke,981294,C.B. ZARAGOZA,PF,4,Traditional Center,,https://imagenes.feb.es/Foto.aspx?c=2815361,6,0,9.5,2.7,0.5,1.7,2.2,0.2,0.5,0.5,0.0,1.2,1.5,0.7,-1.5,2.7,0.8,1.7,50.0,0.2,0.5,33.3,0.5,0.7,75.0,54.2,50.0,23.1,30.8,32.2,1.5,38.1,43.0,31.2,5.7,31.1,16.8,16.0,13.0,1.0,3.0,3.0,7.0,16.0,5.0,10.0,1.0,3.0,3.0,4.0,57.3,3436.0
361567,E. Gatell Sanz,981294,C.B. ZARAGOZA,C,5,Traditional Center,,https://imagenes.feb.es/Foto.aspx?c=361567,26,14,23.1,7.4,1.6,5.6,7.2,1.6,0.6,1.5,0.1,1.8,3.0,2.0,3.6,12.2,3.1,5.5,56.6,0.1,0.4,20.0,1.0,1.6,61.0,56.4,54.9,6.5,26.8,21.6,6.9,56.6,56.9,22.0,7.5,31.1,16.5,193.0,187.0,42.0,16.0,38.0,47.0,317.0,81.0,143.0,2.0,10.0,25.0,41.0,600.7,36034.0
1802050,D. Muñoz Samatan,981294,C.B. ZARAGOZA,C,5,3&D Wing,,https://imagenes.feb.es/Foto.aspx?c=1802050,28,13,19.0,6.4,2.2,1.6,3.8,1.2,0.3,0.0,0.2,1.1,2.0,2.4,-2.9,7.7,2.4,4.0,58.4,0.1,0.6,23.5,1.2,2.2,54.0,56.4,55.4,13.1,48.5,16.4,4.9,57.9,58.6,17.5,12.7,50.9,16.1,178.0,105.0,34.0,9.0,0.0,31.0,215.0,66.0,113.0,4.0,17.0,34.0,63.0,532.4,31942.0
2451495,D. Knowles,981294,C.B. ZARAGOZA,C,5,Traditional Center,,https://imagenes.feb.es/Foto.aspx?c=2451495,8,5,11.7,4.2,1.1,2.2,3.4,0.1,0.4,0.2,0.0,1.4,2.0,1.9,-3.0,4.1,1.8,3.2,53.8,0.0,0.0,0.0,0.8,2.0,37.5,51.5,53.8,0.0,61.5,25.0,2.1,60.5,59.0,16.5,10.3,50.3,17.9,34.0,27.0,1.0,3.0,2.0,11.0,33.0,14.0,26.0,0.0,0.0,6.0,16.0,93.6,5612.0
2451495,D. Knowles,981294,C.B. ZARAGOZA,C,5,Traditional Center,,https://imagenes.feb.es/Foto.aspx?c=2451495,8,5,11.7,4.2,1.1,2.2,3.4,0.1,0.4,0.2,0.0,1.4,2.0,1.9,-3.0,4.1,1.8,3.2,53.8,0.0,0.0,0.0,0.8,2.0,37.5,51.5,53.8,0.0,61.5,25.0,2.1,60.5,59.0,16.5,10.3,50.3,17.9,34.0,27.0,1.0,3.0,2.0,11.0,33.0,14.0,26.0,0.0,0.0,6.0,16.0,93.6,5612.0
2816551,G. Georgiou,981294,C.B. ZARAGOZA,,6,Traditional Center,,https://imagenes.feb.es/Foto.aspx?c=2816551,3,0,9.1,2.7,0.3,1.7,2.0,0.0,0.0,0.3,0.3,0.3,1.3,0.7,5.3,1.7,1.0,2.3,42.9,0.0,1.0,0.0,0.7,0.7,100.0,36.8,30.0,30.0,20.0,8.4,0.8,34.2,39.2,11.2,3.9,14.4,18.2,8.0,6.0,0.0,0.0,1.0,1.0,5.0,3.0,7.0,0.0,3.0,2.0,2.0,27.3,1634.0
1778241,P. Cabañero Puertas,981294,C.B. ZARAGOZA,,6,,,https://imagenes.feb.es/Foto.aspx?c=1778241,1,0,9.1,2.0,0.0,0.0,0.0,2.0,2.0,0.0,0.0,0.0,4.0,1.0,8.0,3.0,1.0,1.0,100.0,0.0,0.0,0.0,0.0,0.0,0.0,100.0,100.0,0.0,0.0,0.0,3.5,,,,,,,2.0,0.0,2.0,2.0,0.0,0.0,3.0,1.0,1.0,0.0,0.0,0.0,0.0,9.1,548.0
1722778,R. Borges Pino,981294,C.B. ZARAGOZA,,6,,,https://imagenes.feb.es/Foto.aspx?c=1722778,1,0,0.3,0.0,0.0,0.0,0.0,0.0,0.0,0.0,0.0,0.0,0.0,0.0,-3.0,0.0,0.0,0.0,0.0,0.0,0.0,0.0,0.0,0.0,0.0,0.0,0.0,0.0,0.0,0.0,0.0,,,,,,,0.0,0.0,0.0,0.0,0.0,0.0,0.0,0.0,0.0,0.0,0.0,0.0,0.0,0.3,16.0
1887591,M. Casado Fajo,981294,C.B. ZARAGOZA,,6,,,https://imagenes.feb.es/Foto.aspx?c=1887591,1,0,0.4,0.0,0.0,0.0,0.0,0.0,0.0,0.0,0.0,0.0,0.0,0.0,0.0,0.0,0.0,0.0,0.0,0.0,0.0,0.0,0.0,0.0,0.0,0.0,0.0,0.0,0.0,0.0,0.0,,,,,,,0.0,0.0,0.0,0.0,0.0,0.0,0.0,0.0,0.0,0.0,0.0,0.0,0.0,0.4,22.0
2291622,L. Andres Arenas,981294,C.B. ZARAGOZA,,6,,,https://imagenes.feb.es/Foto.aspx?c=2291622,1,0,4.2,0.0,0.0,0.0,0.0,0.0,0.0,0.0,2.0,0.0,1.0,0.0,-3.0,-5.0,0.0,3.0,0.0,0.0,1.0,0.0,0.0,0.0,0.0,0.0,0.0,25.0,0.0,0.0,-3.2,,,,,,,0.0,0.0,0.0,0.0,0.0,0.0,-5.0,0.0,3.0,0.0,1.0,0.0,0.0,4.2,251.0
1494619,A. Lafuente Siso,981168,CACERES PATRIMONIO DE LA HUMANIDAD,PG,1,Offensive Engine,,https://imagenes.feb.es/Foto.aspx?c=1494619,2,2,29.2,15.5,1.5,2.5,4.0,1.5,1.0,0.0,0.5,1.5,2.0,5.0,-9.0,13.5,3.0,8.0,37.5,1.5,5.5,27.3,5.0,6.0,83.3,48.0,38.9,40.7,44.4,8.5,9.0,38.7,47.7,8.4,6.0,43.5,29.1,31.0,8.0,3.0,2.0,0.0,3.0,27.0,6.0,16.0,3.0,11.0,10.0,12.0,58.3,3500.0
2745079,L. Paul,981168,CACERES PATRIMONIO DE LA HUMANIDAD,SG,2,High Volume Scorer,,https://imagenes.feb.es/Foto.aspx?c=2745079,2,0,13.1,6.0,0.0,1.0,1.0,1.0,0.5,0.0,0.0,0.5,2.0,0.5,-3.0,4.5,2.0,3.5,57.1,0.5,1.0,50.0,0.5,0.5,100.0,63.6,61.1,22.2,11.1,9.6,4.1,71.0,73.6,8.4,0.0,9.9,19.4,12.0,2.0,2.0,1.0,0.0,1.0,9.0,4.0,7.0,1.0,2.0,1.0,1.0,26.2,1576.0
1622369,A. Palazuelos Perez,981168,CACERES PATRIMONIO DE LA HUMANIDAD,SG,2,Rolling Big,,https://imagenes.feb.es/Foto.aspx?c=1622369,2,2,19.0,2.5,1.0,2.0,3.0,0.0,0.0,0.0,0.0,1.0,3.0,1.5,-16.0,-2.0,0.5,2.5,20.0,0.5,3.5,14.3,0.0,0.0,0.0,20.8,20.8,58.3,0.0,14.3,-2.2,21.8,21.8,9.7,6.4,0.0,17.8,5.0,6.0,0.0,0.0,0.0,2.0,-4.0,1.0,5.0,1.0,7.0,0.0,0.0,38.0,2278.0
2816313,M. Strikker,981168,CACERES PATRIMONIO DE LA HUMANIDAD,SF,3,Offensive Engine,,https://imagenes.feb.es/Foto.aspx?c=2816313,2,2,26.0,9.0,0.5,2.5,3.0,1.5,0.5,0.0,0.0,2.0,3.0,3.0,-13.5,8.5,2.5,4.5,55.6,0.0,1.5,0.0,4.0,4.0,100.0,58.0,41.7,25.0,66.7,20.5,5.2,41.5,53.3,23.1,2.4,57.3,18.2,18.0,6.0,3.0,1.0,0.0,4.0,17.0,5.0,9.0,0.0,3.0,8.0,8.0,51.9,3119.0
2816314,P. Mendes Lima,981168,CACERES PATRIMONIO DE LA HUMANIDAD,SF,3,Traditional Center,,https://imagenes.feb.es/Foto.aspx?c=2816314,2,0,17.2,4.0,1.5,1.0,2.5,1.5,0.0,0.5,0.0,2.0,0.5,1.5,-10.0,7.5,1.0,1.0,100.0,0.0,0.0,0.0,2.0,2.0,100.0,106.4,100.0,0.0,200.0,51.5,4.2,100.0,104.0,51.0,10.2,182.0,10.8,8.0,5.0,3.0,0.0,1.0,4.0,15.0,2.0,2.0,0.0,0.0,4.0,4.0,34.5,2068.0
2029483,E. Kalinicenko,981168,CACERES PATRIMONIO DE LA HUMANIDAD,SF,3,Rolling Big,,https://imagenes.feb.es/Foto.aspx?c=2029483,2,0,18.5,3.5,0.5,1.0,1.5,0.5,0.5,0.0,0.0,2.5,0.0,0.5,-12.5,-0.5,1.0,1.0,100.0,0.5,5.0,10.0,0.0,0.0,0.0,29.2,29.2,83.3,0.0,29.4,-1.1,22.3,22.3,30.2,3.0,0.0,22.2,7.0,3.0,1.0,1.0,0.0,5.0,-1.0,2.0,2.0,1.0,10.0,0.0,0.0,36.9,2213.0
2146670,P. Campeny Lloveras,981168,CACERES PATRIMONIO DE LA HUMANIDAD,SF,3,Rolling Big,,https://imagenes.feb.es/Foto.aspx?c=2146670,2,0,9.3,1.5,0.5,1.0,1.5,0.0,0.5,0.0,0.5,0.0,0.5,0.0,-3.0,0.0,0.0,1.5,0.0,0.5,2.0,25.0,0.0,0.0,0.0,21.4,21.4,57.1,0.0,0.0,0.2,42.4,45.4,10.1,3.0,16.6,18.4,3.0,3.0,0.0,1.0,0.0,0.0,0.0,0.0,3.0,1.0,4.0,0.0,0.0,18.6,1116.0
2146670,P. Campeny Lloveras,981168,CACERES PATRIMONIO DE LA HUMANIDAD,SF,3,3&D Wing,,https://imagenes.feb.es/Foto.aspx?c=2146670,2,0,9.3,1.5,0.5,1.0,1.5,0.0,0.5,0.0,0.5,0.0,0.5,0.0,-3.0,0.0,0.0,1.5,0.0,0.5,2.0,25.0,0.0,0.0,0.0,21.4,21.4,57.1,0.0,0.0,0.2,42.4,45.4,10.1,3.0,16.6,18.4,3.0,3.0,0.0,1.0,0.0,0.0,0.0,0.0,3.0,1.0,4.0,0.0,0.0,18.6,1116.0
1465358,A. Mazaira Gomez,981168,CACERES PATRIMONIO DE LA HUMANIDAD,PF,4,3&D Wing,,https://imagenes.feb.es/Foto.aspx?c=1465358,2,2,31.8,11.0,1.5,2.5,4.0,0.5,0.0,0.0,0.0,1.0,2.5,1.5,-22.0,5.5,2.0,4.5,44.4,2.0,7.0,28.6,1.0,1.5,66.7,45.2,43.5,60.9,13.0,7.6,4.5,42.9,45.1,7.6,5.5,14.2,19.9,22.0,8.0,1.0,0.0,0.0,2.0,11.0,4.0,9.0,4.0,14.0,2.0,3.0,63.7,3824.0
2752100,W. Leveque,981168,CACERES PATRIMONIO DE LA HUMANIDAD,C,5,Stretch Big,,https://imagenes.feb.es/Foto.aspx?c=2752100,2,2,34.4,13.5,3.5,9.5,13.0,1.0,2.0,1.0,0.0,2.5,3.5,4.0,-17.0,22.5,4.5,9.0,50.0,0.5,1.0,50.0,3.0,4.0,75.0,57.4,52.5,10.0,40.0,17.5,12.9,52.0,55.6,16.0,11.4,39.5,20.1,27.0,26.0,2.0,4.0,2.0,5.0,45.0,9.0,18.0,1.0,2.0,6.0,8.0,68.8,4128.0
2866901,P. Uniacke,981168,CACERES PATRIMONIO DE LA HUMANIDAD,,6,,,https://imagenes.feb.es/Foto.aspx?c=2866901,1,0,3.0,0.0,0.0,1.0,1.0,0.0,0.0,0.0,0.0,0.0,0.0,0.0,-8.0,1.0,0.0,0.0,0.0,0.0,0.0,0.0,0.0,0.0,0.0,0.0,0.0,0.0,0.0,0.0,0.3,,,,,,,0.0,1.0,0.0,0.0,0.0,0.0,1.0,0.0,0.0,0.0,0.0,0.0,0.0,3.0,178.0
1532799,R. Timoner Gimenez,981358,CIUDAD MOLINA BASKET,PG,1,Offensive Engine,,https://imagenes.feb.es/Foto.aspx?c=1532799,28,8,23.8,6.7,0.8,1.9,2.6,4.2,0.8,0.1,0.2,1.8,2.0,2.9,-6.2,8.2,1.1,2.9,40.0,0.9,3.6,24.5,1.7,2.6,65.8,43.7,38.2,56.0,40.1,18.6,5.0,38.5,44.0,17.8,3.2,55.8,18.0,187.0,73.0,118.0,23.0,4.0,49.0,231.0,32.0,80.0,25.0,102.0,48.0,73.0,666.0,39977.0
2032122,J. Tavelli,981358,CIUDAD MOLINA BASKET,PG,1,Lead Guard,,https://imagenes.feb.es/Foto.aspx?c=2032122,28,20,19.8,6.6,0.5,2.4,2.9,3.8,1.5,0.2,0.0,1.7,2.8,2.1,-1.8,8.0,1.7,3.8,44.9,0.5,2.4,20.6,1.7,2.4,72.7,45.6,39.4,38.9,37.7,19.0,5.5,41.6,48.8,19.5,2.8,42.9,20.8,186.0,81.0,107.0,43.0,5.0,48.0,224.0,48.0,107.0,14.0,68.0,48.0,66.0,554.9,33282.0
1899744,J. Cascales Fernandez,981358,CIUDAD MOLINA BASKET,PG,1,Rolling Big,,https://imagenes.feb.es/Foto.aspx?c=1899744,12,0,5.5,0.7,0.1,0.5,0.6,1.1,0.3,0.0,0.2,0.3,0.8,1.0,-0.9,0.8,0.2,1.2,13.3,0.0,0.3,0.0,0.3,0.7,50.0,17.8,10.5,21.1,42.1,15.1,0.2,6.4,14.7,17.4,1.6,80.9,18.3,8.0,7.0,13.0,4.0,0.0,4.0,10.0,2.0,15.0,0.0,4.0,4.0,8.0,65.8,3946.0
2133764,P. Parra Gomez,981358,CIUDAD MOLINA BASKET,PG,1,Lead Guard,,https://imagenes.feb.es/Foto.aspx?c=2133764,3,0,3.5,0.7,0.0,0.3,0.3,0.0,0.3,0.0,0.0,0.7,0.0,0.0,3.7,0.3,0.3,0.7,50.0,0.0,0.0,0.0,0.0,0.0,0.0,50.0,50.0,0.0,0.0,50.0,0.1,67.3,67.3,47.1,0.0,0.0,18.1,2.0,1.0,0.0,1.0,0.0,2.0,1.0,1.0,2.0,0.0,0.0,0.0,0.0,10.4,623.0
2816300,A. Duval,981358,CIUDAD MOLINA BASKET,SG,2,3&D Wing,,https://imagenes.feb.es/Foto.aspx?c=2816300,28,16,18.8,9.5,0.4,1.3,1.7,0.6,0.7,0.0,0.2,1.1,2.6,2.2,-4.1,4.1,0.9,2.6,35.6,2.0,6.5,31.3,1.6,2.4,64.7,46.9,43.7,71.4,26.7,9.5,3.7,42.4,46.5,9.3,1.9,30.2,27.2,267.0,47.0,17.0,20.0,0.0,30.0,114.0,26.0,73.0,57.0,182.0,44.0,68.0,525.0,31515.0
2557720,M. Garcia Rosello,981358,CIUDAD MOLINA BASKET,SF,3,3&D Wing,,https://imagenes.feb.es/Foto.aspx?c=2557720,13,7,21.5,8.6,0.9,3.6,4.5,1.1,0.7,0.1,0.2,0.9,2.8,1.2,0.7,7.4,1.8,3.2,56.1,1.5,4.5,32.8,0.7,1.4,50.0,52.4,52.0,58.6,18.2,10.1,5.5,51.2,51.7,10.2,4.2,24.3,18.8,112.0,59.0,14.0,9.0,1.0,12.0,96.0,23.0,41.0,19.0,58.0,9.0,18.0,279.6,16771.0
2146670,P. Campeny Lloveras,981358,CIUDAD MOLINA BASKET,SF,3,Rolling Big,,https://imagenes.feb.es/Foto.aspx?c=2146670,18,7,16.8,5.9,0.4,1.8,2.2,0.7,0.8,0.1,0.2,0.7,1.4,1.0,-6.9,5.0,1.2,2.8,43.1,0.8,2.7,30.6,0.9,1.1,89.5,48.9,44.5,49.0,19.0,10.7,3.7,42.4,45.4,10.1,3.0,16.6,18.4,106.0,40.0,12.0,15.0,2.0,13.0,90.0,22.0,51.0,15.0,49.0,17.0,19.0,303.2,18192.0
2146670,P. Campeny Lloveras,981358,CIUDAD MOLINA BASKET,SF,3,3&D Wing,,https://imagenes.feb.es/Foto.aspx?c=2146670,18,7,16.8,5.9,0.4,1.8,2.2,0.7,0.8,0.1,0.2,0.7,1.4,1.0,-6.9,5.0,1.2,2.8,43.1,0.8,2.7,30.6,0.9,1.1,89.5,48.9,44.5,49.0,19.0,10.7,3.7,42.4,45.4,10.1,3.0,16.6,18.4,106.0,40.0,12.0,15.0,2.0,13.0,90.0,22.0,51.0,15.0,49.0,17.0,19.0,303.2,18192.0
1767254,G. Cadme Arias,981358,CIUDAD MOLINA BASKET,SF,3,3&D Wing,,https://imagenes.feb.es/Foto.aspx?c=1767254,16,3,14.0,4.1,1.4,1.6,3.0,0.4,0.5,0.0,0.2,0.8,0.9,0.8,-2.8,4.2,0.8,2.0,37.5,0.7,2.1,33.3,0.6,0.9,64.3,46.4,43.8,50.8,21.5,14.4,2.9,42.2,45.7,13.8,9.4,21.0,16.4,66.0,48.0,7.0,8.0,0.0,12.0,67.0,12.0,32.0,11.0,33.0,9.0,14.0,224.5,13465.0
1895175,A. López Martinez,981358,CIUDAD MOLINA BASKET,SF,3,Lead Guard,,https://imagenes.feb.es/Foto.aspx?c=1895175,3,0,4.9,1.0,0.0,0.3,0.3,0.0,0.7,0.0,0.0,0.0,0.3,0.3,-2.7,1.7,0.0,0.0,0.0,0.3,0.7,50.0,0.0,0.0,0.0,75.0,75.0,100.0,0.0,0.0,1.3,50.3,50.3,0.0,0.0,0.0,6.0,3.0,1.0,0.0,2.0,0.0,0.0,5.0,0.0,0.0,1.0,2.0,0.0,0.0,14.6,873.0
2414699,T. Boundi,981358,CIUDAD MOLINA BASKET,SF,3,Stretch Big,,https://imagenes.feb.es/Foto.aspx?c=2414699,7,0,4.1,1.0,0.1,0.9,1.0,0.1,0.0,0.0,0.0,0.0,1.0,0.3,-4.0,1.0,0.1,0.1,100.0,0.1,0.3,50.0,0.3,0.6,50.0,73.5,83.3,66.7,133.3,0.0,0.8,67.0,64.2,0.0,3.4,87.2,8.0,7.0,7.0,1.0,0.0,0.0,0.0,7.0,1.0,1.0,1.0,2.0,2.0,4.0,28.9,1730.0
1439463,C. Toledo Zamora,981358,CIUDAD MOLINA BASKET,PF,4,Stretch Big,,https://imagenes.feb.es/Foto.aspx?c=1439463,28,27,24.1,9.3,2.8,3.5,6.3,1.1,0.4,0.1,0.3,1.2,3.0,3.3,-2.9,11.1,3.0,5.5,53.9,0.4,1.6,22.2,2.3,3.7,61.5,53.1,49.2,22.6,52.3,12.2,6.9,46.4,51.4,14.3,12.4,55.8,18.6,260.0,176.0,32.0,10.0,4.0,34.0,310.0,83.0,154.0,10.0,45.0,64.0,104.0,675.8,40548.0
1514342,R. Martínez-Quintanilla Jiménez,981358,CIUDAD MOLINA BASKET,PF,4,3&D Wing,,https://imagenes.feb.es/Foto.aspx?c=1514342,27,2,12.7,3.7,0.6,1.0,1.6,0.4,0.4,0.0,0.1,0.8,2.1,0.4,-6.0,0.9,0.3,1.1,31.0,1.0,3.2,31.4,0.1,0.1,100.0,43.6,43.0,74.8,1.7,15.3,1.1,40.9,41.2,14.6,4.7,1.5,18.2,101.0,44.0,11.0,12.0,0.0,21.0,23.0,9.0,29.0,27.0,86.0,2.0,2.0,343.4,20605.0
1994360,U. Zamora Maña,981358,CIUDAD MOLINA BASKET,PF,4,3&D Wing,,https://imagenes.feb.es/Foto.aspx?c=1994360,14,10,20.5,3.6,1.1,2.9,4.0,1.1,1.0,0.1,0.0,0.6,1.9,1.4,2.3,6.4,0.6,1.1,56.2,0.6,2.3,25.0,0.6,0.9,75.0,47.9,43.8,66.7,25.0,14.5,3.8,46.5,53.0,13.0,6.2,36.7,10.1,51.0,56.0,16.0,14.0,2.0,9.0,89.0,9.0,16.0,8.0,32.0,9.0,12.0,287.0,17225.0
2042118,F. Hernandez Martinez,981358,CIUDAD MOLINA BASKET,C,5,Offensive Engine,,https://imagenes.feb.es/Foto.aspx?c=2042118,28,11,22.3,9.9,0.7,2.4,3.1,1.4,0.7,0.0,0.4,1.5,1.5,2.6,-4.5,7.8,1.9,4.0,46.0,1.3,5.1,26.1,2.2,3.2,67.8,46.8,42.2,55.7,35.3,12.5,5.2,42.9,46.8,13.3,3.4,37.5,24.5,276.0,86.0,39.0,20.0,1.0,42.0,217.0,52.0,113.0,37.0,142.0,61.0,90.0,625.8,37526.0
2864918,H. Kabasele Kasonga,981358,CIUDAD MOLINA BASKET,C,5,Traditional Center,,https://imagenes.feb.es/Foto.aspx?c=2864918,14,8,20.0,8.6,2.3,2.9,5.2,0.5,0.4,1.4,0.1,1.2,2.4,1.9,-0.1,10.1,3.6,6.9,52.6,0.0,0.1,0.0,1.3,2.2,58.1,53.3,51.5,2.0,31.3,13.1,6.7,53.1,53.5,14.5,12.2,34.3,21.5,120.0,73.0,7.0,5.0,20.0,17.0,141.0,51.0,97.0,0.0,2.0,18.0,31.0,279.4,16761.0
2816661,M. Mukendi Mukendi,981358,CIUDAD MOLINA BASKET,C,5,Traditional Center,26.0,https://imagenes.feb.es/Foto.aspx?c=2816661,17,8,19.2,8.2,1.2,2.6,3.8,0.4,0.2,0.8,0.2,1.2,2.8,3.4,-3.6,9.0,2.5,4.9,50.0,0.1,0.3,20.0,3.1,4.2,73.6,58.0,48.9,5.6,80.9,14.8,5.5,41.2,54.6,15.2,8.2,120.8,19.5,140.0,65.0,6.0,4.0,14.0,21.0,153.0,42.0,84.0,1.0,5.0,53.0,72.0,325.7,19534.0
2816661,M. Mukendi Mukendi,981358,CIUDAD MOLINA BASKET,C,5,Traditional Center,26.0,https://imagenes.feb.es/Foto.aspx?c=2816661,17,8,19.2,8.2,1.2,2.6,3.8,0.4,0.2,0.8,0.2,1.2,2.8,3.4,-3.6,9.0,2.5,4.9,50.0,0.1,0.3,20.0,3.1,4.2,73.6,58.0,48.9,5.6,80.9,14.8,5.5,41.2,54.6,15.2,8.2,120.8,19.5,140.0,65.0,6.0,4.0,14.0,21.0,153.0,42.0,84.0,1.0,5.0,53.0,72.0,325.7,19534.0
2816662,G. Miladinovic,981358,CIUDAD MOLINA BASKET,C,5,Traditional Center,,https://imagenes.feb.es/Foto.aspx?c=2816662,28,13,17.5,6.4,1.4,3.3,4.7,0.8,0.5,0.5,0.2,1.6,2.6,1.8,-7.3,6.5,2.4,5.3,44.6,0.1,0.4,16.7,1.5,2.1,69.5,48.1,43.1,7.5,36.9,19.8,3.8,43.8,49.3,20.6,8.0,43.2,21.5,179.0,132.0,23.0,14.0,13.0,46.0,181.0,66.0,148.0,2.0,12.0,41.0,59.0,489.7,29381.0
2334582,A. Lugo Nitsche,981358,CIUDAD MOLINA BASKET,,6,,,https://imagenes.feb.es/Foto.aspx?c=2334582,1,0,0.8,0.0,0.0,0.0,0.0,0.0,0.0,0.0,0.0,0.0,0.0,0.0,-1.0,0.0,0.0,0.0,0.0,0.0,0.0,0.0,0.0,0.0,0.0,0.0,0.0,0.0,0.0,0.0,0.0,,,,,,,0.0,0.0,0.0,0.0,0.0,0.0,0.0,0.0,0.0,0.0,0.0,0.0,0.0,0.8,46.0
2815818,K. Johnson,981216,CLASS BASQUET SANT ANTONI,PG,1,High Volume Scorer,5.0,https://imagenes.feb.es/Foto.aspx?c=2815818,31,25,23.2,13.1,0.8,2.4,3.2,2.1,1.1,0.3,0.6,2.0,2.2,3.0,8.6,12.1,3.3,6.6,50.2,1.3,3.3,38.8,2.6,3.6,71.4,56.8,52.9,33.4,36.4,14.8,8.7,52.4,56.4,14.7,3.8,39.9,26.3,406.0,98.0,65.0,33.0,9.0,62.0,376.0,103.0,205.0,40.0,103.0,80.0,112.0,718.9,43131.0
2363916,D. De La Rua De Agustin,981216,CLASS BASQUET SANT ANTONI,PG,1,Offensive Engine,10.0,https://imagenes.feb.es/Foto.aspx?c=2363916,30,26,23.6,10.2,0.6,2.8,3.4,5.0,1.4,0.1,0.1,2.0,2.1,4.2,7.1,14.4,2.2,4.9,44.2,1.1,3.3,33.3,2.6,3.5,74.0,52.4,46.5,40.2,42.3,16.8,8.8,45.8,51.8,17.1,2.7,47.8,22.2,306.0,103.0,149.0,42.0,2.0,59.0,433.0,65.0,147.0,33.0,99.0,77.0,104.0,707.0,42431.0
1394852,G. Blat Baeza,981216,CLASS BASQUET SANT ANTONI,PG,1,Lead Guard,4.0,https://imagenes.feb.es/Foto.aspx?c=1394852,32,6,20.6,7.2,0.5,2.3,2.8,3.7,1.7,0.1,0.1,1.2,2.4,2.1,3.5,8.4,1.5,3.5,43.8,1.2,4.0,29.1,0.7,1.5,46.9,44.5,43.7,53.1,20.5,13.0,6.0,41.9,42.6,13.0,2.9,23.9,20.4,232.0,91.0,117.0,55.0,3.0,39.0,270.0,49.0,112.0,37.0,127.0,23.0,49.0,659.9,39610.0
2534687,G. Gantt,981216,CLASS BASQUET SANT ANTONI,SG,2,3&D Wing,2.0,https://imagenes.feb.es/Foto.aspx?c=2534687,27,10,21.5,9.1,0.6,1.0,1.6,0.6,0.3,0.1,0.1,0.5,2.0,0.7,4.7,5.6,0.5,1.4,35.9,2.5,5.9,42.4,0.6,0.7,80.0,59.5,58.1,80.2,10.2,5.9,5.4,57.2,58.0,5.8,2.7,9.9,17.0,245.0,43.0,17.0,9.0,4.0,13.0,150.0,14.0,39.0,67.0,158.0,16.0,20.0,580.6,34836.0
2865697,L. Tvrdic,981216,CLASS BASQUET SANT ANTONI,SG,2,3&D Wing,7.0,https://imagenes.feb.es/Foto.aspx?c=2865697,16,0,12.8,5.7,0.4,0.8,1.2,0.3,0.2,0.0,0.1,0.6,1.4,0.6,2.0,2.4,1.2,3.0,41.7,0.9,2.6,34.1,0.6,0.7,81.8,48.5,46.1,46.1,12.4,9.6,2.3,44.2,47.0,9.6,4.2,13.9,23.5,91.0,20.0,5.0,3.0,0.0,10.0,39.0,20.0,48.0,14.0,41.0,9.0,11.0,205.5,12330.0
1528610,J. Rodriguez Jimenez,981216,CLASS BASQUET SANT ANTONI,SG,2,Rolling Big,9.0,https://imagenes.feb.es/Foto.aspx?c=1528610,29,4,9.8,1.1,0.3,0.7,1.0,0.5,0.3,0.0,0.0,0.2,0.9,0.5,1.6,1.0,0.3,0.6,50.0,0.1,1.1,12.9,0.1,0.3,50.0,31.7,29.8,66.0,17.0,12.2,0.6,19.4,21.7,11.2,3.5,21.2,9.1,32.0,29.0,15.0,9.0,0.0,7.0,28.0,8.0,16.0,4.0,31.0,4.0,8.0,285.2,17113.0
1834527,S. Paz Vazquez,981216,CLASS BASQUET SANT ANTONI,SF,3,3&D Wing,19.0,https://imagenes.feb.es/Foto.aspx?c=1834527,31,23,19.1,7.8,1.5,3.5,4.9,0.9,0.9,0.3,0.1,1.0,1.0,1.3,6.2,9.5,1.8,3.2,56.1,1.2,3.7,31.0,0.8,1.5,54.3,51.9,50.9,54.2,21.5,11.7,6.3,49.0,51.4,12.1,8.6,23.5,20.1,243.0,152.0,27.0,28.0,9.0,31.0,294.0,55.0,98.0,36.0,116.0,25.0,46.0,593.3,35596.0
2182043,J. Solarin,981216,CLASS BASQUET SANT ANTONI,SF,3,3&D Wing,32.0,https://imagenes.feb.es/Foto.aspx?c=2182043,30,14,19.7,7.3,0.9,2.6,3.5,0.7,0.5,0.1,0.0,0.9,2.0,1.8,4.3,6.7,1.4,2.8,50.6,1.1,3.2,33.0,1.2,2.0,61.0,52.4,50.0,53.3,32.4,11.5,4.6,48.5,51.3,10.3,5.4,34.2,18.0,218.0,106.0,22.0,16.0,3.0,27.0,200.0,43.0,85.0,32.0,97.0,36.0,59.0,589.9,35388.0
1878691,I. Ruiz Gonzalez,981216,CLASS BASQUET SANT ANTONI,SF,3,Traditional Center,,https://imagenes.feb.es/Foto.aspx?c=1878691,24,3,8.5,2.0,0.8,1.1,1.8,0.3,0.1,0.2,0.2,0.5,1.3,0.8,-0.4,2.2,0.6,1.2,51.7,0.0,0.5,9.1,0.7,1.0,64.0,48.0,41.2,27.5,62.5,19.0,1.3,31.7,42.6,15.1,9.9,47.8,13.7,49.0,44.0,8.0,3.0,5.0,12.0,52.0,15.0,29.0,1.0,11.0,16.0,25.0,203.6,12228.0
1397157,R. Gomez Barral,981216,CLASS BASQUET SANT ANTONI,PF,4,3&D Wing,14.0,https://imagenes.feb.es/Foto.aspx?c=1397157,32,17,19.6,7.2,2.0,3.3,5.3,1.2,0.6,0.2,0.1,1.0,2.2,0.9,7.1,8.2,1.8,3.1,57.0,1.1,3.4,31.2,0.5,0.7,68.2,52.8,51.7,52.2,10.5,12.8,5.8,51.0,52.6,11.9,10.9,10.4,18.0,231.0,169.0,37.0,20.0,8.0,32.0,264.0,57.0,100.0,34.0,109.0,15.0,22.0,628.4,37676.0
2818065,M. Issouf,981216,CLASS BASQUET SANT ANTONI,PF,4,Rolling Big,,https://imagenes.feb.es/Foto.aspx?c=2818065,7,0,4.2,0.4,0.4,0.7,1.1,0.0,0.0,0.0,0.1,0.6,1.4,0.1,0.3,-1.3,0.1,1.1,12.5,0.0,0.0,0.0,0.1,0.1,100.0,17.8,12.5,0.0,12.5,32.2,-0.9,24.5,25.5,36.5,9.8,24.5,18.8,3.0,8.0,0.0,0.0,0.0,4.0,-9.0,1.0,8.0,0.0,0.0,1.0,1.0,29.4,1763.0
2462416,E. Stoilov,981216,CLASS BASQUET SANT ANTONI,C,5,Traditional Center,17.0,https://imagenes.feb.es/Foto.aspx?c=2462416,32,31,22.8,11.7,2.6,4.9,7.5,1.1,0.4,0.6,0.3,2.0,2.8,4.2,9.4,16.9,4.1,6.8,60.6,0.0,0.1,0.0,3.4,4.4,77.5,66.2,60.0,0.9,64.5,18.5,9.8,60.3,66.1,18.3,12.3,72.3,21.4,374.0,240.0,35.0,12.0,20.0,64.0,541.0,132.0,218.0,0.0,2.0,110.0,142.0,730.4,43830.0
2128433,N. Zizic,981216,CLASS BASQUET SANT ANTONI,C,5,Traditional Center,20.0,https://imagenes.feb.es/Foto.aspx?c=2128433,31,1,16.7,7.4,3.0,2.2,5.2,0.5,0.3,0.3,0.1,0.8,1.7,1.7,1.0,9.1,3.1,6.1,50.8,0.0,0.0,0.0,1.2,1.9,62.1,52.9,50.5,0.5,30.5,10.0,6.2,51.8,52.7,10.6,19.9,35.0,20.8,228.0,160.0,16.0,9.0,10.0,24.0,281.0,96.0,189.0,0.0,1.0,36.0,58.0,517.9,31068.0
1560358,A. Meana Perez,981490,CLUB ESPORTIU BÀSQUET LLÍRIA,PG,1,Offensive Engine,12.0,https://imagenes.feb.es/Foto.aspx?c=1560358,30,30,25.3,14.3,0.6,2.4,3.0,4.7,1.0,0.0,0.2,2.5,2.7,5.6,1.4,16.2,1.3,3.7,34.5,2.4,6.3,38.8,4.5,5.4,82.7,58.1,49.5,63.1,54.4,16.9,10.3,49.4,57.7,17.2,2.6,58.6,26.3,429.0,90.0,141.0,29.0,1.0,75.0,487.0,38.0,110.0,73.0,188.0,134.0,162.0,759.9,45594.0
1882178,J. Palamos Molins,981490,CLUB ESPORTIU BÀSQUET LLÍRIA,PG,1,Offensive Engine,7.0,https://imagenes.feb.es/Foto.aspx?c=1882178,30,1,16.0,3.8,0.6,1.3,1.9,2.5,0.9,0.1,0.1,1.7,2.5,1.8,-0.1,3.7,0.7,1.9,36.8,0.6,2.4,26.4,0.5,0.7,76.2,41.6,38.4,55.8,16.3,26.9,2.1,37.5,39.8,25.7,3.9,18.9,17.8,115.0,56.0,75.0,28.0,2.0,51.0,111.0,21.0,57.0,19.0,72.0,16.0,21.0,481.5,28900.0
1257494,V. Perez Tomas,981490,CLUB ESPORTIU BÀSQUET LLÍRIA,SG,2,High Volume Scorer,13.0,https://imagenes.feb.es/Foto.aspx?c=1257494,26,0,17.3,9.3,0.2,1.6,1.8,2.3,0.8,0.1,0.1,1.7,1.7,1.4,-0.7,7.2,1.2,2.6,45.6,2.0,5.3,37.2,1.0,1.3,77.1,54.9,52.4,66.8,17.1,17.0,5.6,54.5,57.0,16.6,1.3,16.4,26.1,242.0,48.0,60.0,20.0,2.0,45.0,188.0,31.0,68.0,51.0,137.0,27.0,35.0,450.7,27038.0
1702333,E. Herrera Sauret,981490,CLUB ESPORTIU BÀSQUET LLÍRIA,SG,2,Offensive Engine,22.0,https://imagenes.feb.es/Foto.aspx?c=1702333,30,20,17.7,8.3,0.5,1.9,2.3,1.7,0.8,0.1,0.4,1.3,2.5,2.2,2.9,6.4,1.3,3.4,38.6,1.3,4.1,32.8,1.7,2.2,78.5,49.5,44.4,54.7,29.1,13.4,4.6,46.8,51.6,12.5,3.2,33.4,24.6,249.0,70.0,52.0,24.0,2.0,39.0,191.0,39.0,101.0,40.0,122.0,51.0,65.0,532.3,31927.0
2646201,H. Salomon,981490,CLUB ESPORTIU BÀSQUET LLÍRIA,SG,2,3&D Wing,9.0,https://imagenes.feb.es/Foto.aspx?c=2646201,16,4,11.0,5.3,0.4,0.6,1.0,0.2,0.4,0.0,0.1,0.6,1.7,1.2,-2.0,3.1,0.9,1.8,50.0,0.8,2.2,36.1,1.1,1.6,72.0,56.7,52.3,56.2,39.1,11.8,2.7,50.9,55.8,8.4,4.1,52.1,21.8,85.0,16.0,4.0,6.0,0.0,10.0,49.0,14.0,28.0,13.0,36.0,18.0,25.0,175.4,10530.0
1995160,D. Rivas Palmer,981490,CLUB ESPORTIU BÀSQUET LLÍRIA,SF,3,3&D Wing,5.0,https://imagenes.feb.es/Foto.aspx?c=1995160,30,23,21.1,7.0,0.7,1.9,2.7,1.1,0.6,0.3,0.1,1.1,1.7,1.3,0.4,4.8,0.9,2.3,37.7,1.5,4.5,33.1,0.7,1.5,50.0,46.6,45.6,66.3,21.5,12.5,3.7,44.6,45.3,12.6,3.9,23.7,18.5,209.0,80.0,32.0,17.0,8.0,32.0,144.0,26.0,69.0,45.0,136.0,22.0,44.0,634.0,38033.0
2274877,K. Clement Aigbogun,981490,CLUB ESPORTIU BÀSQUET LLÍRIA,SF,3,3&D Wing,0.0,https://imagenes.feb.es/Foto.aspx?c=2274877,29,9,19.5,6.9,0.8,2.0,2.8,0.6,0.5,0.2,0.2,1.6,2.4,2.0,0.7,4.3,1.6,3.1,52.2,0.7,3.0,24.1,1.5,2.4,63.8,48.5,44.4,49.2,39.0,18.2,2.9,41.1,47.8,18.9,4.5,44.8,20.3,201.0,80.0,16.0,14.0,7.0,46.0,126.0,47.0,90.0,21.0,87.0,44.0,69.0,564.9,33894.0
2222436,S. Gallego Mogro,981490,CLUB ESPORTIU BÀSQUET LLÍRIA,SF,3,3&D Wing,30.0,https://imagenes.feb.es/Foto.aspx?c=2222436,24,13,17.5,6.0,1.4,2.0,3.4,0.5,0.5,0.1,0.3,0.6,1.5,0.8,0.0,5.9,1.7,3.1,55.4,0.7,2.2,30.8,0.5,0.8,68.4,53.2,51.6,41.3,15.1,10.0,4.4,51.6,51.4,9.9,9.2,18.9,15.8,143.0,81.0,11.0,13.0,3.0,15.0,142.0,41.0,74.0,16.0,52.0,13.0,19.0,419.6,25172.0
2164761,P. Navarro Maldonado,981490,CLUB ESPORTIU BÀSQUET LLÍRIA,SF,3,Rolling Big,,https://imagenes.feb.es/Foto.aspx?c=2164761,6,0,2.2,1.0,0.0,0.2,0.2,0.0,0.0,0.0,0.0,0.3,0.3,0.2,0.2,-0.2,0.0,0.2,0.0,0.3,0.7,50.0,0.0,0.3,0.0,51.0,60.0,80.0,40.0,25.4,-0.0,54.7,44.3,22.5,0.0,29.5,28.3,6.0,1.0,0.0,0.0,0.0,2.0,-1.0,0.0,1.0,2.0,4.0,0.0,2.0,12.9,771.0
2281145,A. Rivas Palmer,981490,CLUB ESPORTIU BÀSQUET LLÍRIA,PF,4,3&D Wing,8.0,https://imagenes.feb.es/Foto.aspx?c=2281145,24,20,22.3,8.2,0.8,3.7,4.5,1.3,0.9,0.3,0.3,1.1,2.5,1.8,-0.1,7.2,1.0,2.9,34.3,1.7,5.6,29.6,1.2,1.6,76.9,44.6,41.0,65.9,19.0,10.8,4.7,39.9,43.5,9.9,3.5,21.6,21.1,198.0,107.0,31.0,22.0,7.0,27.0,172.0,24.0,70.0,40.0,135.0,30.0,39.0,534.9,32103.0
1761293,P. Bono Soler,981490,CLUB ESPORTIU BÀSQUET LLÍRIA,PF,4,3&D Wing,16.0,https://imagenes.feb.es/Foto.aspx?c=1761293,26,0,11.4,1.8,0.7,2.3,2.9,0.5,0.2,0.1,0.2,0.3,1.0,0.4,0.5,3.5,0.5,0.9,52.2,0.2,0.6,31.2,0.3,0.5,64.3,53.1,50.0,41.0,35.9,16.6,2.0,37.6,39.6,11.2,6.6,41.7,8.2,48.0,76.0,13.0,5.0,2.0,9.0,92.0,12.0,23.0,5.0,16.0,9.0,14.0,296.0,17744.0
2184821,M. Enabulele Ogunsuyi,981490,CLUB ESPORTIU BÀSQUET LLÍRIA,C,5,Traditional Center,18.0,https://imagenes.feb.es/Foto.aspx?c=2184821,30,17,22.4,7.7,2.5,3.1,5.7,0.4,0.4,0.7,0.3,1.1,2.1,2.2,-0.3,10.3,3.3,4.9,66.9,0.0,0.1,0.0,1.1,2.9,37.9,61.3,66.0,1.3,58.0,15.3,6.7,66.1,60.6,16.5,12.6,69.4,14.9,231.0,170.0,12.0,12.0,20.0,34.0,309.0,99.0,148.0,0.0,2.0,33.0,87.0,670.6,40241.0
2665346,D. Kandulu,981490,CLUB ESPORTIU BÀSQUET LLÍRIA,C,5,Traditional Center,14.0,https://imagenes.feb.es/Foto.aspx?c=2665346,30,13,16.4,6.7,2.8,4.2,7.1,0.4,0.6,0.5,0.2,1.4,3.1,2.9,2.9,10.6,2.4,4.1,59.8,0.0,0.0,0.0,1.8,3.2,56.8,61.1,59.8,0.0,77.9,20.8,6.1,58.9,61.2,20.3,19.5,131.1,18.9,200.0,212.0,11.0,19.0,16.0,43.0,319.0,73.0,122.0,0.0,0.0,54.0,95.0,492.5,29553.0
1949291,D. Orrit Serrano,979786,CLÍNICA PONFERRADA SDP,PG,1,Offensive Engine,,https://imagenes.feb.es/Foto.aspx?c=1949291,2,2,33.6,12.5,0.0,4.0,4.0,6.5,0.0,0.0,0.0,2.5,1.0,2.5,-5.0,14.5,3.0,6.5,46.2,1.0,4.0,25.0,3.5,4.5,77.8,50.1,42.9,38.1,42.9,16.7,9.2,39.9,44.4,18.0,0.0,33.9,19.7,25.0,8.0,13.0,0.0,0.0,5.0,29.0,6.0,13.0,2.0,8.0,7.0,9.0,67.1,4026.0
2222587,J. Cera Rodriguez,979786,CLÍNICA PONFERRADA SDP,PG,1,Offensive Engine,,https://imagenes.feb.es/Foto.aspx?c=2222587,2,0,29.5,7.0,0.5,2.0,2.5,1.5,2.0,0.0,0.0,1.0,2.5,1.5,-4.0,2.0,1.0,6.5,15.4,1.5,4.5,33.3,0.5,1.0,50.0,30.6,29.5,40.9,9.1,8.0,2.1,29.6,30.8,6.7,1.8,10.6,18.8,14.0,5.0,3.0,4.0,0.0,2.0,4.0,2.0,13.0,3.0,9.0,1.0,2.0,59.0,3537.0
2815520,N. Okeke,979786,CLÍNICA PONFERRADA SDP,SF,3,3&D Wing,,https://imagenes.feb.es/Foto.aspx?c=2815520,2,2,31.3,16.0,1.5,5.5,7.0,0.0,0.5,0.0,0.5,2.0,2.5,4.0,6.0,15.0,3.5,7.5,46.7,2.0,5.5,36.4,3.0,3.5,85.7,55.0,50.0,42.3,26.9,12.1,9.1,39.7,44.6,9.3,3.6,36.9,23.4,32.0,14.0,0.0,1.0,0.0,4.0,30.0,7.0,15.0,4.0,11.0,6.0,7.0,62.6,3759.0
2815520,N. Okeke,979786,CLÍNICA PONFERRADA SDP,SF,3,3&D Wing,,https://imagenes.feb.es/Foto.aspx?c=2815520,2,2,31.3,16.0,1.5,5.5,7.0,0.0,0.5,0.0,0.5,2.0,2.5,4.0,6.0,15.0,3.5,7.5,46.7,2.0,5.5,36.4,3.0,3.5,85.7,55.0,50.0,42.3,26.9,12.1,9.1,39.7,44.6,9.3,3.6,36.9,23.4,32.0,14.0,0.0,1.0,0.0,4.0,30.0,7.0,15.0,4.0,11.0,6.0,7.0,62.6,3759.0
2869460,D. Gueye,979786,CLÍNICA PONFERRADA SDP,SF,3,Shooter Specialist,,https://imagenes.feb.es/Foto.aspx?c=2869460,2,0,11.8,6.0,0.0,1.5,1.5,0.0,0.0,0.0,0.0,1.0,3.0,1.0,-4.5,2.5,1.0,1.5,66.7,1.0,2.5,40.0,1.0,1.0,100.0,67.6,62.5,62.5,25.0,18.4,2.2,57.9,68.7,18.3,0.0,28.1,20.6,12.0,3.0,0.0,0.0,0.0,2.0,5.0,2.0,3.0,2.0,5.0,2.0,2.0,23.5,1408.0
2152156,O. Sima Fatty,979786,CLÍNICA PONFERRADA SDP,SF,3,Stretch Big,,https://imagenes.feb.es/Foto.aspx?c=2152156,2,0,12.2,3.5,1.5,3.0,4.5,0.0,0.5,0.0,0.0,0.5,2.0,1.0,-3.5,5.0,0.5,1.5,33.3,0.5,0.5,100.0,1.0,2.0,50.0,60.8,62.5,25.0,100.0,14.8,3.2,65.4,66.6,20.5,11.0,77.0,12.3,7.0,9.0,0.0,1.0,0.0,1.0,10.0,1.0,3.0,1.0,1.0,2.0,4.0,24.4,1467.0
1634709,S. Romero Sanchez,979786,CLÍNICA PONFERRADA SDP,SF,3,3&D Wing,,https://imagenes.feb.es/Foto.aspx?c=1634709,2,2,13.4,2.5,0.5,1.0,1.5,1.0,0.5,0.0,0.0,0.0,1.5,0.0,0.5,2.5,0.5,1.5,33.3,0.5,1.0,50.0,0.0,0.0,0.0,50.0,50.0,40.0,0.0,0.0,2.4,46.6,46.6,0.0,4.0,0.0,8.4,5.0,3.0,2.0,1.0,0.0,0.0,5.0,1.0,3.0,1.0,2.0,0.0,0.0,26.7,1601.0
2647147,R. Blak Moller,979786,CLÍNICA PONFERRADA SDP,SF,3,Rolling Big,,https://imagenes.feb.es/Foto.aspx?c=2647147,2,0,10.6,1.5,0.5,3.0,3.5,1.0,0.5,0.0,0.5,0.0,2.5,0.5,-1.5,2.0,0.0,1.5,0.0,0.5,1.5,33.3,0.0,0.0,0.0,25.0,25.0,50.0,0.0,0.0,1.0,19.9,19.9,0.0,4.9,0.0,12.6,3.0,7.0,2.0,1.0,0.0,0.0,4.0,0.0,3.0,1.0,3.0,0.0,0.0,21.3,1278.0
2816729,R. Hayes,979786,CLÍNICA PONFERRADA SDP,C,5,Traditional Center,,https://imagenes.feb.es/Foto.aspx?c=2816729,2,2,26.0,14.5,2.5,6.0,8.5,1.0,0.5,0.0,0.0,3.5,2.5,9.0,-2.5,19.0,5.0,11.0,45.5,0.0,0.0,0.0,4.5,7.0,64.3,51.5,45.5,0.0,63.6,19.9,8.0,48.5,50.5,21.6,9.7,58.2,30.3,29.0,17.0,2.0,1.0,0.0,7.0,38.0,10.0,22.0,0.0,0.0,9.0,14.0,51.9,3111.0
1438515,A. Morales Ros,979786,CLÍNICA PONFERRADA SDP,C,5,Rolling Big,,https://imagenes.feb.es/Foto.aspx?c=1438515,2,2,26.2,3.5,3.0,4.5,7.5,1.0,0.5,0.5,0.0,1.0,4.0,1.5,-1.5,2.0,1.0,3.5,28.6,0.5,3.5,14.3,0.0,2.0,0.0,22.2,25.0,50.0,28.6,11.3,0.8,37.1,38.3,13.4,6.5,23.2,19.1,7.0,15.0,2.0,1.0,1.0,2.0,4.0,2.0,7.0,1.0,7.0,0.0,4.0,52.4,3146.0
1438515,A. Morales Ros,979786,CLÍNICA PONFERRADA SDP,C,5,3&D Wing,,https://imagenes.feb.es/Foto.aspx?c=1438515,2,2,26.2,3.5,3.0,4.5,7.5,1.0,0.5,0.5,0.0,1.0,4.0,1.5,-1.5,2.0,1.0,3.5,28.6,0.5,3.5,14.3,0.0,2.0,0.0,22.2,25.0,50.0,28.6,11.3,0.8,37.1,38.3,13.4,6.5,23.2,19.1,7.0,15.0,2.0,1.0,1.0,2.0,4.0,2.0,7.0,1.0,7.0,0.0,4.0,52.4,3146.0
2257674,J. Larrea Ibarburu,979786,CLÍNICA PONFERRADA SDP,,6,,,https://imagenes.feb.es/Foto.aspx?c=2257674,1,0,11.1,14.0,3.0,1.0,4.0,0.0,0.0,0.0,0.0,2.0,3.0,3.0,2.0,12.0,1.0,3.0,33.3,3.0,4.0,75.0,3.0,4.0,75.0,79.9,78.6,57.1,57.1,18.6,9.5,,,,,,,14.0,4.0,0.0,0.0,0.0,2.0,12.0,1.0,3.0,3.0,4.0,3.0,4.0,11.1,667.0
1888039,P. Sanchez Infantes,981308,COTO CÓRDOBA CB,PG,1,Lead Guard,,https://imagenes.feb.es/Foto.aspx?c=1888039,2,0,17.0,10.5,0.5,2.0,2.5,3.0,1.0,0.0,0.5,3.5,1.5,6.0,-4.5,11.5,1.0,4.0,25.0,1.5,3.5,42.9,4.0,5.5,72.7,52.9,43.3,46.7,73.3,26.1,5.6,42.6,54.0,24.8,3.8,73.8,36.4,21.0,5.0,6.0,2.0,0.0,7.0,23.0,2.0,8.0,3.0,7.0,8.0,11.0,34.1,2044.0
1885638,G. Orozco Dominguez,981308,COTO CÓRDOBA CB,PG,1,High Volume Scorer,,https://imagenes.feb.es/Foto.aspx?c=1885638,2,2,24.8,9.5,0.0,0.5,0.5,5.5,1.5,0.5,0.0,2.0,3.5,2.5,6.5,12.0,2.5,4.5,55.6,1.0,1.5,66.7,1.5,1.5,100.0,71.3,66.7,25.0,25.0,23.1,9.2,67.2,73.0,18.5,0.0,24.4,16.5,19.0,1.0,11.0,3.0,1.0,4.0,24.0,5.0,9.0,2.0,3.0,3.0,3.0,49.7,2985.0
2735125,J. Black,981308,COTO CÓRDOBA CB,SG,2,Lead Guard,,https://imagenes.feb.es/Foto.aspx?c=2735125,2,2,23.6,15.5,1.5,2.5,4.0,1.5,1.5,0.0,0.0,2.0,3.0,2.5,4.0,13.0,2.5,4.5,55.6,3.0,7.5,40.0,1.5,2.0,75.0,60.2,58.3,62.5,16.7,13.4,10.3,57.8,59.3,12.5,8.4,17.2,29.2,31.0,8.0,3.0,3.0,0.0,4.0,26.0,5.0,9.0,6.0,15.0,3.0,4.0,47.2,2831.0
2815453,J. Sienche Guemeta,981308,COTO CÓRDOBA CB,SG,2,3&D Wing,,https://imagenes.feb.es/Foto.aspx?c=2815453,2,0,17.5,7.0,0.0,1.0,1.0,1.0,1.0,0.0,0.0,2.0,2.0,0.5,-2.0,3.5,2.0,4.0,50.0,1.0,2.0,50.0,0.0,0.0,0.0,58.3,58.3,33.3,0.0,25.0,3.2,53.8,53.8,24.9,0.0,0.0,21.5,14.0,2.0,2.0,2.0,0.0,4.0,7.0,4.0,8.0,2.0,4.0,0.0,0.0,35.0,2101.0
1998389,F. Bello Moure,981308,COTO CÓRDOBA CB,SF,3,3&D Wing,,https://imagenes.feb.es/Foto.aspx?c=1998389,2,2,25.6,8.0,2.0,3.5,5.5,2.5,1.0,0.5,0.5,1.5,3.5,2.0,9.5,9.5,1.0,3.5,28.6,1.5,3.5,42.9,1.5,2.0,75.0,50.8,46.4,50.0,28.6,16.0,6.6,47.1,50.8,16.9,10.1,30.6,17.0,16.0,11.0,5.0,2.0,1.0,3.0,19.0,2.0,7.0,3.0,7.0,3.0,4.0,51.3,3075.0
2864295,D. Rollins,981308,COTO CÓRDOBA CB,SF,3,Shooter Specialist,,https://imagenes.feb.es/Foto.aspx?c=2864295,2,0,12.8,6.0,0.0,2.0,2.0,0.0,0.5,0.0,0.5,1.5,2.5,0.0,-1.0,2.0,0.0,1.0,0.0,2.0,3.5,57.1,0.0,0.0,0.0,66.7,66.7,77.8,0.0,25.0,2.2,102.6,102.6,30.3,0.0,0.0,22.1,12.0,4.0,0.0,1.0,0.0,3.0,4.0,0.0,2.0,4.0,7.0,0.0,0.0,25.6,1536.0
2653343,A. Rodriguez Aguilar,981308,COTO CÓRDOBA CB,PF,4,3&D Wing,,https://imagenes.feb.es/Foto.aspx?c=2653343,2,2,28.8,6.0,0.5,4.0,4.5,1.0,0.5,0.0,0.0,1.0,2.5,2.0,-3.0,3.5,0.5,1.0,50.0,1.5,5.5,27.3,0.5,3.0,16.7,38.4,42.3,84.6,46.2,11.3,2.0,41.4,38.0,11.6,2.3,56.0,14.4,12.0,9.0,2.0,1.0,0.0,2.0,7.0,1.0,2.0,3.0,11.0,1.0,6.0,57.7,3463.0
1865529,S. Ndiaye,981308,COTO CÓRDOBA CB,PF,4,Traditional Center,,https://imagenes.feb.es/Foto.aspx?c=1865529,2,0,13.2,5.5,0.5,3.0,3.5,0.0,1.5,0.5,0.0,0.5,2.5,1.5,3.0,5.5,1.5,3.0,50.0,0.5,1.0,50.0,1.0,3.0,33.3,51.7,56.2,25.0,75.0,8.6,4.3,54.3,51.0,8.5,4.9,144.9,20.7,11.0,7.0,0.0,3.0,1.0,1.0,11.0,3.0,6.0,1.0,2.0,2.0,6.0,26.3,1577.0
2813935,K. Schutte,981308,COTO CÓRDOBA CB,C,5,Traditional Center,,https://imagenes.feb.es/Foto.aspx?c=2813935,2,2,24.2,10.0,2.5,2.5,5.0,1.0,0.5,0.0,0.0,1.0,2.0,3.0,5.0,14.5,4.5,5.5,81.8,0.0,0.0,0.0,1.0,2.0,50.0,78.4,81.8,0.0,36.4,13.6,9.4,76.6,78.0,17.7,13.6,46.8,14.2,20.0,10.0,2.0,1.0,0.0,2.0,29.0,9.0,11.0,0.0,0.0,2.0,4.0,48.3,2901.0
2819701,N. Sagnia,981308,COTO CÓRDOBA CB,C,5,Traditional Center,,https://imagenes.feb.es/Foto.aspx?c=2819701,2,0,12.4,4.0,3.5,0.5,4.0,0.5,0.0,0.5,0.0,0.5,1.0,1.5,-2.5,7.5,1.5,2.0,75.0,0.0,0.0,0.0,1.0,2.0,50.0,69.4,75.0,0.0,100.0,14.8,5.2,46.6,66.1,20.2,36.8,31.0,12.5,8.0,8.0,1.0,0.0,1.0,1.0,15.0,3.0,4.0,0.0,0.0,2.0,4.0,24.8,1487.0
1914611,J. Boix Colet,981428,HOMS U.E.MATARÓ,PG,1,Offensive Engine,,https://imagenes.feb.es/Foto.aspx?c=1914611,25,20,26.3,9.0,0.8,2.4,3.2,3.8,1.4,0.1,0.4,2.5,3.1,4.6,-4.2,9.8,2.4,5.2,45.0,0.7,3.2,21.2,2.3,3.7,62.0,44.9,40.0,37.9,43.6,19.8,5.5,39.3,44.1,20.3,3.6,53.9,22.4,226.0,79.0,96.0,34.0,3.0,62.0,245.0,59.0,131.0,17.0,80.0,57.0,92.0,657.6,39455.0
1927150,N. Ferrer Iglesia,981428,HOMS U.E.MATARÓ,PG,1,3&D Wing,,https://imagenes.feb.es/Foto.aspx?c=1927150,24,12,12.3,3.6,0.5,0.9,1.4,0.7,0.5,0.1,0.2,0.9,1.7,0.7,0.9,2.8,1.0,1.8,56.8,0.4,1.1,38.5,0.2,0.4,66.7,58.1,57.1,37.1,12.9,22.9,2.1,59.0,58.1,20.6,5.6,18.1,15.6,86.0,34.0,16.0,11.0,3.0,22.0,66.0,25.0,44.0,10.0,26.0,6.0,9.0,294.4,17663.0
1942837,G. Martinez Rivera,981428,HOMS U.E.MATARÓ,SG,2,Offensive Engine,,https://imagenes.feb.es/Foto.aspx?c=1942837,25,12,24.5,12.5,1.0,2.2,3.2,1.5,1.0,0.2,0.7,2.0,2.4,3.7,-5.3,10.1,3.0,7.4,39.8,1.0,3.0,32.9,3.6,4.6,77.4,49.9,42.6,29.0,43.9,13.6,6.9,43.3,50.6,13.4,5.0,44.6,27.9,312.0,81.0,37.0,24.0,5.0,49.0,253.0,74.0,186.0,25.0,76.0,89.0,115.0,611.7,36702.0
1920919,E. Coll Comabella,981428,HOMS U.E.MATARÓ,SG,2,Offensive Engine,,https://imagenes.feb.es/Foto.aspx?c=1920919,24,0,9.9,2.8,0.0,0.5,0.5,0.7,0.4,0.0,0.2,0.8,1.1,1.0,-4.8,1.3,0.9,1.4,64.7,0.1,1.4,8.8,0.6,1.0,58.3,42.6,39.0,50.0,35.3,20.3,0.9,34.7,38.0,21.1,0.5,41.0,19.2,67.0,13.0,17.0,10.0,0.0,20.0,31.0,22.0,34.0,3.0,34.0,14.0,24.0,237.0,14220.0
1568569,J. Juanola Madera,981428,HOMS U.E.MATARÓ,SF,3,High Volume Scorer,,https://imagenes.feb.es/Foto.aspx?c=1568569,26,26,30.1,18.2,0.9,3.1,4.0,3.2,0.7,0.0,0.4,3.2,1.9,5.2,-6.0,17.8,3.7,6.9,53.6,2.0,5.6,36.3,4.7,6.2,75.2,59.6,54.0,44.9,49.5,17.2,11.6,55.3,60.3,17.6,3.7,56.7,28.6,472.0,104.0,82.0,17.0,0.0,82.0,463.0,96.0,179.0,53.0,146.0,121.0,161.0,783.0,46992.0
1073368,A. Ventura Pedreño,981428,HOMS U.E.MATARÓ,SF,3,3&D Wing,,https://imagenes.feb.es/Foto.aspx?c=1073368,16,3,20.2,6.4,0.6,1.9,2.5,1.3,0.7,0.0,0.0,1.1,1.2,1.5,-6.8,6.3,0.6,1.2,45.0,1.4,4.0,35.9,0.9,1.4,65.2,54.2,51.8,76.2,27.4,15.3,4.3,51.8,53.1,13.2,3.8,30.3,16.1,102.0,40.0,21.0,11.0,0.0,17.0,101.0,9.0,20.0,23.0,64.0,15.0,23.0,323.8,19427.0
1591966,J. Castillo Carrasco,981428,HOMS U.E.MATARÓ,SF,3,Shooter Specialist,,https://imagenes.feb.es/Foto.aspx?c=1591966,24,5,14.3,4.1,0.3,1.6,2.0,0.5,0.7,0.1,0.0,0.5,1.9,0.7,-0.8,3.8,0.1,0.4,33.3,1.1,2.6,41.9,0.6,0.7,87.5,62.8,59.2,87.3,22.5,13.3,3.0,72.1,73.9,9.8,2.9,33.1,12.3,98.0,47.0,11.0,16.0,3.0,12.0,90.0,3.0,9.0,26.0,62.0,14.0,16.0,343.3,20609.0
2319991,S. Niang Beye,981428,HOMS U.E.MATARÓ,PF,4,3&D Wing,,https://imagenes.feb.es/Foto.aspx?c=2319991,10,6,23.9,7.1,1.4,4.9,6.3,0.9,0.8,0.1,0.1,1.3,2.5,1.8,-5.1,7.8,1.3,3.0,43.3,1.2,4.1,29.3,0.9,1.7,52.9,45.2,43.7,57.7,23.9,14.2,4.5,41.6,40.9,15.3,6.7,30.0,17.4,71.0,63.0,9.0,8.0,1.0,13.0,78.0,13.0,30.0,12.0,41.0,9.0,17.0,238.6,14326.0
2534044,J. Tomaic Tomaic,981428,HOMS U.E.MATARÓ,PF,4,3&D Wing,,https://imagenes.feb.es/Foto.aspx?c=2534044,13,10,21.6,7.0,0.8,3.6,4.5,0.9,0.7,0.2,0.2,1.2,3.5,1.5,-5.9,5.1,1.7,3.9,43.1,0.8,3.0,25.6,1.3,1.8,73.9,45.4,41.1,43.3,25.6,13.8,3.5,39.6,43.8,13.6,4.4,27.3,20.1,91.0,58.0,12.0,9.0,3.0,16.0,66.0,22.0,51.0,10.0,39.0,17.0,23.0,280.5,16819.0
2813591,S. Hall,981428,HOMS U.E.MATARÓ,PF,4,3&D Wing,,https://imagenes.feb.es/Foto.aspx?c=2813591,11,3,18.7,6.3,1.3,3.8,5.1,1.2,0.5,0.2,0.1,1.1,2.0,0.9,-7.3,6.8,2.3,4.9,46.3,0.4,1.7,21.1,0.6,0.8,77.8,44.8,42.5,26.0,12.3,13.5,4.2,39.9,42.1,12.5,8.5,12.3,20.2,69.0,56.0,13.0,5.0,2.0,12.0,75.0,25.0,54.0,4.0,19.0,7.0,9.0,205.8,12340.0
2162105,F. Garrido Teban,981428,HOMS U.E.MATARÓ,PF,4,3&D Wing,,https://imagenes.feb.es/Foto.aspx?c=2162105,25,10,16.4,4.0,0.7,1.5,2.2,0.5,0.3,0.1,0.0,0.6,2.0,0.9,-4.5,3.0,0.6,1.2,45.2,0.6,2.0,32.7,0.9,1.2,74.2,52.9,47.5,61.3,38.8,13.8,2.3,43.6,49.2,12.7,4.8,51.9,12.4,99.0,55.0,12.0,8.0,2.0,15.0,75.0,14.0,31.0,16.0,49.0,23.0,31.0,409.2,24552.0
2451498,A. Roker,981428,HOMS U.E.MATARÓ,C,5,Traditional Center,,https://imagenes.feb.es/Foto.aspx?c=2451498,10,1,17.4,6.6,1.5,4.5,6.0,0.4,0.3,0.3,0.0,1.5,2.3,1.4,-3.2,8.3,2.8,4.2,66.7,0.0,0.0,0.0,1.0,2.5,40.0,62.3,66.7,0.0,59.5,22.1,5.0,67.2,65.0,21.0,10.7,63.7,19.1,66.0,60.0,4.0,3.0,3.0,15.0,83.0,28.0,42.0,0.0,0.0,10.0,25.0,174.0,10446.0
2813635,E. Kalu,981428,HOMS U.E.MATARÓ,C,5,Traditional Center,,https://imagenes.feb.es/Foto.aspx?c=2813635,26,21,23.4,6.6,1.9,3.3,5.2,0.5,0.5,1.3,0.2,1.2,3.3,1.9,-3.8,8.8,2.6,4.4,58.8,0.0,0.0,0.0,1.5,2.3,63.3,61.3,58.8,0.0,52.6,18.1,5.8,55.3,60.6,18.6,10.3,61.9,13.3,172.0,135.0,12.0,13.0,35.0,31.0,230.0,67.0,114.0,0.0,0.0,38.0,60.0,608.6,36526.0
2834418,D. Acosta Almonte,981428,HOMS U.E.MATARÓ,C,5,Rolling Big,,https://imagenes.feb.es/Foto.aspx?c=2834418,6,1,7.2,0.8,1.2,1.2,2.3,0.2,0.0,0.3,0.2,1.8,2.2,0.7,-5.5,-1.2,0.3,1.5,22.2,0.0,0.0,0.0,0.2,0.5,33.3,24.2,22.2,0.0,33.3,51.6,-1.4,13.5,15.1,57.8,18.9,17.9,22.3,5.0,14.0,1.0,0.0,2.0,11.0,-7.0,2.0,9.0,0.0,0.0,1.0,3.0,43.4,2603.0
2239484,B. Font Martinez,981428,HOMS U.E.MATARÓ,,6,,,https://imagenes.feb.es/Foto.aspx?c=2239484,1,0,11.6,8.0,1.0,1.0,2.0,0.0,0.0,0.0,0.0,0.0,1.0,2.0,5.0,10.0,3.0,3.0,100.0,0.0,0.0,0.0,2.0,3.0,66.7,92.6,100.0,0.0,100.0,0.0,7.3,,,,,,,8.0,2.0,0.0,0.0,0.0,0.0,10.0,3.0,3.0,0.0,0.0,2.0,3.0,11.6,694.0
2079983,X. Mayo Periago,981428,HOMS U.E.MATARÓ,,6,,,https://imagenes.feb.es/Foto.aspx?c=2079983,1,0,2.1,0.0,0.0,0.0,0.0,0.0,0.0,0.0,0.0,0.0,0.0,0.0,4.0,-1.0,0.0,0.0,0.0,0.0,1.0,0.0,0.0,0.0,0.0,0.0,0.0,100.0,0.0,0.0,-0.7,,,,,,,0.0,0.0,0.0,0.0,0.0,0.0,-1.0,0.0,0.0,0.0,1.0,0.0,0.0,2.1,126.0
1072760,J. Franch De Pablo,981309,INSOLAC CAJA 87,PG,1,Lead Guard,30.0,https://imagenes.feb.es/Foto.aspx?c=1072760,6,5,23.7,10.3,0.3,3.5,3.8,4.8,2.0,0.0,0.0,1.3,1.2,2.5,3.8,16.7,1.2,2.7,43.8,2.2,4.8,44.8,1.5,1.7,90.0,62.8,58.9,64.4,22.2,13.9,11.2,53.4,59.8,14.0,1.6,29.2,18.7,62.0,23.0,29.0,12.0,0.0,8.0,100.0,7.0,16.0,13.0,29.0,9.0,10.0,141.9,8515.0
2736228,G. Clarke,981309,INSOLAC CAJA 87,PG,1,Offensive Engine,1.0,https://imagenes.feb.es/Foto.aspx?c=2736228,6,4,16.0,4.7,0.5,1.8,2.3,1.0,0.2,0.0,0.0,1.2,1.5,1.2,4.0,2.7,0.5,2.7,18.8,0.8,2.5,33.3,1.2,1.3,87.5,40.6,33.9,48.4,25.8,16.9,1.5,33.0,39.9,14.8,3.6,31.4,19.7,28.0,14.0,6.0,1.0,0.0,7.0,16.0,3.0,16.0,5.0,15.0,7.0,8.0,95.9,5752.0
2035431,R. Santos Jimenez,981309,INSOLAC CAJA 87,PG,1,Rolling Big,6.0,https://imagenes.feb.es/Foto.aspx?c=2035431,3,0,4.6,0.0,0.0,0.3,0.3,0.0,0.3,0.0,0.0,0.3,0.3,0.0,-2.7,-1.7,0.0,1.0,0.0,0.0,0.7,0.0,0.0,0.0,0.0,0.0,0.0,40.0,0.0,16.7,-1.2,0.0,0.0,10.1,0.0,0.0,20.9,0.0,1.0,0.0,1.0,0.0,1.0,-5.0,0.0,3.0,0.0,2.0,0.0,0.0,13.8,822.0
2734740,A. Moody,981309,INSOLAC CAJA 87,SG,2,High Volume Scorer,11.0,https://imagenes.feb.es/Foto.aspx?c=2734740,6,2,18.9,9.5,0.8,1.0,1.8,1.3,0.5,0.0,0.2,1.3,1.7,2.3,3.0,6.7,1.5,4.5,33.3,1.2,3.7,31.8,3.0,3.3,90.0,49.3,39.8,44.9,40.8,12.2,5.0,40.8,49.2,12.0,4.5,42.5,26.4,57.0,11.0,8.0,3.0,0.0,8.0,40.0,9.0,27.0,7.0,22.0,18.0,20.0,113.6,6819.0
2863950,L. Soumbey-Alley,981309,INSOLAC CAJA 87,SF,3,High Volume Scorer,3.0,https://imagenes.feb.es/Foto.aspx?c=2863950,6,1,19.2,10.0,0.5,2.0,2.5,2.7,0.7,0.0,0.7,1.3,2.3,2.2,2.5,9.0,1.3,4.7,28.6,2.2,4.2,52.0,0.8,0.8,100.0,54.3,51.9,47.2,9.4,12.7,6.4,48.4,51.3,11.6,3.0,10.9,25.2,60.0,15.0,16.0,4.0,0.0,8.0,54.0,8.0,28.0,13.0,25.0,5.0,5.0,115.2,6913.0
1723311,S. Cecilia Perez,981309,INSOLAC CAJA 87,SF,3,3&D Wing,0.0,https://imagenes.feb.es/Foto.aspx?c=1723311,6,5,20.4,8.7,1.0,2.2,3.2,0.7,1.3,0.0,0.0,0.7,2.2,2.2,0.2,9.2,0.8,1.3,62.5,1.5,4.5,33.3,2.5,3.0,83.3,60.6,52.9,77.1,51.4,8.5,6.9,44.3,52.3,7.5,5.5,66.2,17.5,52.0,19.0,4.0,8.0,0.0,4.0,55.0,5.0,8.0,9.0,27.0,15.0,18.0,122.3,7335.0
2816383,N. Dedovic,981309,INSOLAC CAJA 87,SF,3,3&D Wing,16.0,https://imagenes.feb.es/Foto.aspx?c=2816383,6,1,20.7,6.0,0.5,1.2,1.7,0.7,0.2,0.0,0.2,0.5,1.8,1.3,4.2,3.3,0.7,1.7,40.0,1.3,4.2,32.0,0.7,1.0,66.7,47.8,45.7,71.4,17.1,7.4,2.7,51.4,53.4,9.2,2.4,25.2,14.8,36.0,10.0,4.0,1.0,0.0,3.0,20.0,4.0,10.0,8.0,25.0,4.0,6.0,124.4,7463.0
1791266,A. Latorre Sanchez,981309,INSOLAC CAJA 87,PF,4,Traditional Center,18.0,https://imagenes.feb.es/Foto.aspx?c=1791266,6,3,20.8,8.0,2.2,4.0,6.2,0.5,0.7,0.3,0.7,0.5,2.5,1.7,6.0,11.0,3.7,6.7,55.0,0.0,0.0,0.0,0.7,1.0,66.7,56.3,55.0,0.0,15.0,6.6,7.1,51.3,52.2,7.7,11.2,15.2,16.6,48.0,37.0,3.0,4.0,2.0,3.0,66.0,22.0,40.0,0.0,0.0,4.0,6.0,124.7,7489.0
1521251,W. Cabral Bueriberi,981309,INSOLAC CAJA 87,C,5,Stretch Big,5.0,https://imagenes.feb.es/Foto.aspx?c=1521251,6,1,20.5,10.0,1.5,4.2,5.7,0.8,0.5,0.2,0.2,1.8,1.5,3.2,-1.7,9.5,3.0,6.2,48.6,0.8,3.2,26.3,1.5,3.5,42.9,46.0,45.5,33.9,37.5,14.4,5.3,44.5,49.5,8.5,10.5,49.7,23.9,60.0,34.0,5.0,3.0,1.0,11.0,57.0,18.0,37.0,5.0,19.0,9.0,21.0,122.9,7375.0
1521251,W. Cabral Bueriberi,981309,INSOLAC CAJA 87,C,5,Stretch Big,5.0,https://imagenes.feb.es/Foto.aspx?c=1521251,6,1,20.5,10.0,1.5,4.2,5.7,0.8,0.5,0.2,0.2,1.8,1.5,3.2,-1.7,9.5,3.0,6.2,48.6,0.8,3.2,26.3,1.5,3.5,42.9,46.0,45.5,33.9,37.5,14.4,5.3,44.5,49.5,8.5,10.5,49.7,23.9,60.0,34.0,5.0,3.0,1.0,11.0,57.0,18.0,37.0,5.0,19.0,9.0,21.0,122.9,7375.0
2816358,M. Jankovic,981309,INSOLAC CAJA 87,C,5,Lead Guard,4.0,https://imagenes.feb.es/Foto.aspx?c=2816358,6,5,22.1,8.5,3.5,2.3,5.8,2.3,1.5,0.2,0.2,1.3,3.0,1.2,12.2,11.0,3.8,7.0,54.8,0.2,0.8,20.0,0.3,0.7,50.0,52.3,52.1,10.6,8.5,14.1,8.4,53.4,52.9,14.3,16.7,14.1,19.8,51.0,35.0,14.0,9.0,1.0,8.0,66.0,23.0,42.0,1.0,5.0,2.0,4.0,132.6,7954.0
2333741,L. Dibba,981309,INSOLAC CAJA 87,C,5,Traditional Center,17.0,https://imagenes.feb.es/Foto.aspx?c=2333741,6,3,15.4,2.8,1.7,2.8,4.5,0.7,0.2,0.7,0.0,1.2,2.2,1.3,-2.0,5.2,1.2,2.2,53.8,0.0,0.2,0.0,0.5,1.0,50.0,51.1,50.0,7.1,42.9,29.6,2.6,52.0,50.4,26.6,11.7,66.0,11.7,17.0,27.0,4.0,1.0,4.0,7.0,31.0,7.0,13.0,0.0,1.0,3.0,6.0,92.7,5563.0
1587901,G. Vergara Harboe,981320,JAEN PARAÍSO INTERIOR CB,PG,1,Lead Guard,,https://imagenes.feb.es/Foto.aspx?c=1587901,2,0,21.2,15.0,0.5,2.0,2.5,2.5,1.5,0.0,0.5,0.5,3.5,3.5,-3.0,13.0,3.0,6.5,46.2,1.5,4.5,33.3,4.5,6.0,75.0,55.0,47.7,40.9,54.5,3.5,10.8,46.8,55.2,3.1,2.6,65.6,30.4,30.0,5.0,5.0,3.0,0.0,1.0,26.0,6.0,13.0,3.0,9.0,9.0,12.0,42.3,2539.0
2524832,G. Boahen,981320,JAEN PARAÍSO INTERIOR CB,PG,1,High Volume Scorer,,https://imagenes.feb.es/Foto.aspx?c=2524832,2,1,24.0,12.5,0.5,2.0,2.5,3.5,0.0,0.0,0.5,1.0,3.5,2.0,0.0,9.0,2.5,6.5,38.5,2.0,4.5,44.4,1.5,2.0,75.0,52.6,50.0,40.9,18.2,7.8,7.4,49.5,52.5,7.9,2.3,18.7,24.1,25.0,5.0,7.0,0.0,0.0,2.0,18.0,5.0,13.0,4.0,9.0,3.0,4.0,48.1,2884.0
1997802,I. Casas Garrido,981320,JAEN PARAÍSO INTERIOR CB,PG,1,Offensive Engine,,https://imagenes.feb.es/Foto.aspx?c=1997802,2,1,13.7,1.0,0.5,1.5,2.0,3.5,1.0,0.0,0.5,0.0,0.5,1.5,-5.0,4.5,0.0,0.0,0.0,0.0,3.5,0.0,1.0,1.5,66.7,12.0,0.0,100.0,42.9,0.0,2.4,0.0,12.1,0.0,4.0,52.2,13.8,2.0,4.0,7.0,2.0,0.0,0.0,9.0,0.0,0.0,0.0,7.0,2.0,3.0,27.4,1641.0
2816085,L. Faial,981320,JAEN PARAÍSO INTERIOR CB,SG,2,High Volume Scorer,,https://imagenes.feb.es/Foto.aspx?c=2816085,2,0,22.7,13.5,1.0,3.5,4.5,0.0,0.0,0.0,0.0,2.5,2.5,2.5,-3.5,11.0,1.5,3.5,42.9,2.5,5.0,50.0,3.0,3.0,100.0,68.7,61.8,58.8,35.3,20.3,7.4,62.0,69.0,19.5,4.8,35.0,24.5,27.0,9.0,0.0,0.0,0.0,5.0,22.0,3.0,7.0,5.0,10.0,6.0,6.0,45.4,2723.0
2790879,C. Fields,981320,JAEN PARAÍSO INTERIOR CB,SG,2,Lead Guard,,https://imagenes.feb.es/Foto.aspx?c=2790879,2,2,26.9,10.5,0.5,4.0,4.5,1.5,2.0,0.0,0.0,2.5,2.0,3.0,2.5,9.5,3.5,6.5,53.8,0.0,4.5,0.0,3.5,3.5,100.0,41.9,31.8,40.9,31.8,16.6,5.5,31.8,40.7,16.5,2.0,31.5,25.2,21.0,9.0,3.0,4.0,0.0,5.0,19.0,7.0,13.0,0.0,9.0,7.0,7.0,53.8,3228.0
1763885,J. Santa Barbara Carcelen,981320,JAEN PARAÍSO INTERIOR CB,SF,3,3&D Wing,,https://imagenes.feb.es/Foto.aspx?c=1763885,2,2,23.9,11.0,3.0,5.0,8.0,0.0,0.0,0.0,0.5,1.0,1.5,3.0,-2.0,14.0,3.0,4.0,75.0,0.5,4.0,12.5,3.5,4.5,77.8,55.1,46.9,50.0,56.2,9.1,8.4,45.5,53.5,9.9,13.9,53.9,20.7,22.0,16.0,0.0,0.0,0.0,2.0,28.0,6.0,8.0,1.0,8.0,7.0,9.0,47.8,2865.0
1881948,J. Martinez Megias,981320,JAEN PARAÍSO INTERIOR CB,PF,4,Traditional Center,,https://imagenes.feb.es/Foto.aspx?c=1881948,2,0,16.5,6.0,2.0,5.0,7.0,0.0,0.5,0.5,0.0,0.5,2.0,2.0,-5.5,10.0,2.5,4.0,62.5,0.0,0.0,0.0,1.0,3.0,33.3,56.4,62.5,0.0,75.0,8.6,5.9,59.5,59.2,6.5,13.3,81.0,15.7,12.0,14.0,0.0,1.0,1.0,1.0,20.0,5.0,8.0,0.0,0.0,2.0,6.0,33.0,1981.0
2816084,A. Lopes Marques,981320,JAEN PARAÍSO INTERIOR CB,PF,4,Stretch Big,,https://imagenes.feb.es/Foto.aspx?c=2816084,2,1,10.4,3.0,0.0,1.0,1.0,0.5,0.0,0.0,0.5,1.5,1.5,2.5,2.5,2.5,0.5,1.0,50.0,0.5,1.0,50.0,0.5,1.0,50.0,61.5,62.5,50.0,50.0,38.1,0.4,57.0,65.4,34.2,0.0,63.2,17.3,6.0,2.0,1.0,0.0,0.0,3.0,5.0,1.0,2.0,1.0,2.0,1.0,2.0,20.9,1254.0
1881959,F. Lopez Jimenez,981320,JAEN PARAÍSO INTERIOR CB,PF,4,Rolling Big,,https://imagenes.feb.es/Foto.aspx?c=1881959,2,0,3.0,1.5,0.0,0.5,0.5,0.0,0.0,0.0,0.0,0.0,1.5,1.0,2.0,1.0,0.0,0.0,0.0,0.0,0.0,0.0,1.5,2.0,75.0,85.2,0.0,0.0,0.0,0.0,0.8,0.0,89.9,0.0,0.0,0.0,13.2,3.0,1.0,0.0,0.0,0.0,0.0,2.0,0.0,0.0,0.0,0.0,3.0,4.0,6.0,360.0
2432407,K. Felizor,981320,JAEN PARAÍSO INTERIOR CB,PF,4,Rolling Big,,https://imagenes.feb.es/Foto.aspx?c=2432407,2,2,17.8,1.5,2.5,2.0,4.5,0.0,0.0,0.0,0.0,0.5,4.5,3.5,2.5,-1.0,0.5,2.0,25.0,0.0,2.0,0.0,0.5,2.5,20.0,14.7,12.5,50.0,62.5,8.9,-1.8,11.7,12.2,10.3,15.4,58.7,14.3,3.0,9.0,0.0,0.0,0.0,1.0,-2.0,1.0,4.0,0.0,4.0,1.0,5.0,35.6,2132.0
2037465,J. Moreno Poza,981320,JAEN PARAÍSO INTERIOR CB,C,5,Rolling Big,,https://imagenes.feb.es/Foto.aspx?c=2037465,2,1,11.0,0.0,1.5,1.5,3.0,0.0,0.0,0.0,0.0,1.5,2.0,1.0,2.0,-0.5,0.0,0.0,0.0,0.0,0.0,0.0,0.0,1.0,0.0,0.0,0.0,0.0,0.0,77.3,-1.2,0.0,0.0,81.6,15.0,0.0,8.0,0.0,6.0,0.0,0.0,0.0,3.0,-1.0,0.0,0.0,0.0,0.0,0.0,2.0,21.9,1315.0
2863985,M. Tikhonenko Andriyashchenko,981320,JAEN PARAÍSO INTERIOR CB,C,5,Rolling Big,,https://imagenes.feb.es/Foto.aspx?c=2863985,2,0,9.0,0.0,1.0,0.0,1.0,0.0,0.5,0.0,0.0,0.5,1.5,0.0,0.0,-1.0,0.0,0.5,0.0,0.0,0.0,0.0,0.0,0.0,0.0,0.0,0.0,0.0,0.0,50.0,-0.3,0.0,0.0,64.4,12.2,0.0,5.0,0.0,2.0,0.0,1.0,0.0,1.0,-2.0,0.0,1.0,0.0,0.0,0.0,0.0,18.0,1078.0
1759956,I. Corraliza Coba,981281,LOBE HUESCA LA MAGIA,PG,1,Offensive Engine,,https://imagenes.feb.es/Foto.aspx?c=1759956,17,16,23.9,10.2,1.4,2.2,3.5,3.5,1.6,0.5,0.4,2.1,1.5,3.0,4.2,12.0,2.2,5.7,38.1,1.2,3.4,36.8,2.2,3.4,63.8,48.5,44.5,37.0,37.7,16.3,8.2,44.1,48.0,17.4,5.9,43.7,22.7,174.0,60.0,60.0,28.0,9.0,35.0,204.0,37.0,97.0,21.0,57.0,37.0,58.0,405.7,24349.0
2116811,G. Rodriguez Soler,981281,LOBE HUESCA LA MAGIA,PG,1,Offensive Engine,,https://imagenes.feb.es/Foto.aspx?c=2116811,24,9,16.8,4.5,1.2,1.1,2.3,1.9,0.9,0.0,0.1,1.5,2.2,1.7,-2.5,4.5,1.0,2.0,52.1,0.6,2.5,25.4,0.5,1.0,54.2,45.9,44.4,55.1,22.4,22.9,3.0,42.9,45.5,22.6,7.1,26.3,16.2,108.0,55.0,46.0,22.0,1.0,35.0,108.0,25.0,48.0,15.0,59.0,13.0,24.0,404.3,24242.0
2061400,A. Rubin De Celis Ferrando,981281,LOBE HUESCA LA MAGIA,PG,1,Stretch Big,,https://imagenes.feb.es/Foto.aspx?c=2061400,3,0,10.9,3.0,0.7,1.7,2.3,1.3,0.7,0.0,0.0,1.3,0.3,3.0,-0.3,7.3,0.0,0.0,0.0,0.3,0.3,100.0,2.0,3.3,60.0,83.3,150.0,100.0,1000.0,42.6,3.5,83.7,72.3,39.2,6.8,335.0,12.5,9.0,7.0,4.0,2.0,0.0,4.0,22.0,0.0,0.0,1.0,1.0,6.0,10.0,32.6,1953.0
2275700,I. Terreros Rivas,981281,LOBE HUESCA LA MAGIA,PG,1,Offensive Engine,,https://imagenes.feb.es/Foto.aspx?c=2275700,4,0,9.9,2.8,0.0,1.5,1.5,1.8,0.8,0.0,0.0,0.2,2.2,1.0,5.8,3.8,0.0,0.0,0.0,0.5,1.8,28.6,1.2,1.5,83.3,57.1,42.9,100.0,85.7,9.4,2.9,41.3,78.5,5.1,0.0,48.1,11.2,11.0,6.0,7.0,3.0,0.0,1.0,15.0,0.0,0.0,2.0,7.0,5.0,6.0,39.5,2367.0
1756469,H. Figueroa Álvarez,981281,LOBE HUESCA LA MAGIA,SG,2,High Volume Scorer,,https://imagenes.feb.es/Foto.aspx?c=1756469,28,24,24.3,16.5,0.6,1.9,2.5,1.9,0.9,0.1,0.1,1.4,2.1,3.2,0.2,14.1,2.2,3.7,60.2,3.0,8.3,35.8,3.2,3.9,82.6,60.5,55.7,69.3,32.5,9.5,10.9,55.3,60.1,9.1,2.7,33.6,26.8,463.0,71.0,53.0,25.0,2.0,40.0,394.0,62.0,103.0,83.0,232.0,90.0,109.0,680.1,40797.0
2815547,J. Wells,981281,LOBE HUESCA LA MAGIA,SG,2,High Volume Scorer,,https://imagenes.feb.es/Foto.aspx?c=2815547,6,4,23.9,15.0,0.8,2.0,2.8,2.7,0.5,0.0,0.2,1.8,3.2,1.8,-1.7,11.2,2.2,3.8,56.5,2.8,7.7,37.0,2.2,2.3,92.9,59.9,55.8,66.7,20.3,12.8,9.3,56.3,60.4,12.8,3.7,20.4,25.7,90.0,17.0,16.0,3.0,0.0,11.0,67.0,13.0,23.0,17.0,46.0,13.0,14.0,143.2,8596.0
2815292,A. Smith,981281,LOBE HUESCA LA MAGIA,SG,2,Lead Guard,,https://imagenes.feb.es/Foto.aspx?c=2815292,17,2,17.9,8.8,0.7,0.8,1.5,1.2,1.1,0.3,0.2,1.1,1.6,2.3,-1.7,6.8,2.4,5.5,42.6,0.6,2.4,26.8,2.2,2.9,75.5,47.9,41.9,30.4,36.3,10.3,5.3,43.2,48.1,9.7,3.9,41.6,24.9,150.0,26.0,20.0,18.0,5.0,18.0,116.0,40.0,94.0,11.0,41.0,37.0,49.0,304.2,18249.0
2054954,G. Vazquez Vallejo,981281,LOBE HUESCA LA MAGIA,SF,3,3&D Wing,,https://imagenes.feb.es/Foto.aspx?c=2054954,28,24,23.8,8.6,1.4,4.0,5.4,1.1,1.1,0.1,0.3,1.9,3.1,2.6,0.9,7.4,1.6,3.8,43.8,1.1,4.2,26.9,1.9,3.1,59.8,45.8,42.0,53.1,38.8,16.5,4.6,41.8,45.7,16.2,5.7,47.6,20.4,240.0,150.0,32.0,30.0,3.0,52.0,207.0,46.0,105.0,32.0,119.0,52.0,87.0,665.8,39944.0
2815923,M. Carreira Kreps,981281,LOBE HUESCA LA MAGIA,SF,3,3&D Wing,,https://imagenes.feb.es/Foto.aspx?c=2815923,11,0,14.8,5.1,1.7,1.4,3.1,1.5,0.5,0.5,0.1,1.3,2.1,1.1,2.1,5.7,1.4,2.5,53.6,0.6,1.6,38.9,0.5,0.9,50.0,55.6,55.4,39.1,21.7,21.7,4.2,59.5,58.8,21.2,12.3,18.0,16.6,56.0,34.0,16.0,6.0,5.0,14.0,63.0,15.0,28.0,7.0,18.0,5.0,10.0,162.8,9764.0
2559072,P. Suárez Custodio,981281,LOBE HUESCA LA MAGIA,SF,3,3&D Wing,,https://imagenes.feb.es/Foto.aspx?c=2559072,16,1,14.9,4.2,0.6,0.9,1.6,0.8,0.7,0.0,0.1,0.5,2.0,0.5,-4.4,1.2,0.4,1.2,36.8,1.0,4.0,25.0,0.3,0.5,62.5,38.7,37.3,77.1,9.6,8.5,1.7,33.4,33.5,7.4,4.1,8.5,17.4,67.0,25.0,12.0,11.0,0.0,8.0,20.0,7.0,19.0,16.0,64.0,5.0,8.0,239.0,14352.0
2823388,J. Fritz,981281,LOBE HUESCA LA MAGIA,PF,4,Stretch Big,,https://imagenes.feb.es/Foto.aspx?c=2823388,26,13,20.8,9.5,1.3,4.2,5.5,2.2,0.4,0.4,0.2,1.7,2.8,4.2,4.2,12.0,2.3,4.8,47.2,0.7,1.9,34.0,3.0,4.8,61.9,53.6,48.3,28.6,72.0,16.3,6.8,47.7,52.6,16.1,6.7,81.3,22.0,247.0,143.0,57.0,11.0,11.0,45.0,313.0,59.0,125.0,17.0,50.0,78.0,126.0,542.1,32514.0
1761508,P. Lopez-Sanvicente Reta,981281,LOBE HUESCA LA MAGIA,PF,4,Stretch Big,,https://imagenes.feb.es/Foto.aspx?c=1761508,28,4,20.6,8.5,1.5,3.7,5.2,1.3,0.9,0.2,0.1,1.1,1.4,1.9,-2.4,12.0,2.4,3.9,63.0,0.7,2.2,30.6,1.6,2.2,73.8,60.5,56.8,36.5,35.9,13.2,7.7,57.6,59.7,13.6,7.2,43.3,17.0,238.0,146.0,36.0,24.0,6.0,30.0,335.0,68.0,108.0,19.0,62.0,45.0,61.0,577.0,34621.0
2273469,O. Bieshaar,981281,LOBE HUESCA LA MAGIA,PF,4,3&D Wing,,https://imagenes.feb.es/Foto.aspx?c=2273469,24,14,18.0,6.6,1.0,2.7,3.7,1.3,0.4,0.6,0.0,1.0,2.3,1.4,-1.6,7.5,1.1,1.9,57.8,1.1,3.3,32.9,1.2,1.6,76.3,56.5,52.4,63.7,30.6,14.0,5.2,47.9,52.3,18.3,6.1,32.2,16.2,159.0,89.0,32.0,10.0,15.0,23.0,179.0,26.0,45.0,26.0,79.0,29.0,38.0,432.4,25945.0
2815543,A. Badmus,981281,LOBE HUESCA LA MAGIA,PF,4,Traditional Center,,https://imagenes.feb.es/Foto.aspx?c=2815543,28,15,20.2,6.2,1.9,3.2,5.1,1.5,0.2,0.4,0.2,1.7,2.8,2.5,-2.6,7.1,2.6,5.3,49.0,0.1,0.4,20.0,0.8,2.2,37.7,47.1,47.8,6.3,38.4,20.2,3.8,47.0,47.4,19.0,9.6,37.1,17.7,175.0,142.0,42.0,7.0,10.0,47.0,199.0,73.0,149.0,2.0,10.0,23.0,61.0,565.0,33891.0
2151562,O. Thiam Pedrera,981281,LOBE HUESCA LA MAGIA,PF,4,3&D Wing,,https://imagenes.feb.es/Foto.aspx?c=2151562,28,14,15.4,4.5,1.5,2.1,3.6,0.8,0.4,0.1,0.1,1.0,1.8,0.9,0.2,4.2,1.2,2.7,45.3,0.4,1.9,23.1,0.8,1.2,69.7,44.9,40.9,40.9,26.0,17.0,2.8,41.2,44.1,18.1,9.6,31.6,17.0,127.0,101.0,21.0,12.0,3.0,29.0,119.0,34.0,75.0,12.0,52.0,23.0,33.0,429.9,25788.0
1895950,P. Gallego Broto,981281,LOBE HUESCA LA MAGIA,,6,,,https://imagenes.feb.es/Foto.aspx?c=1895950,1,0,2.1,0.0,0.0,0.0,0.0,0.0,0.0,0.0,0.0,0.0,2.0,0.0,-4.0,-2.0,0.0,0.0,0.0,0.0,0.0,0.0,0.0,0.0,0.0,0.0,0.0,0.0,0.0,0.0,-0.8,,,,,,,0.0,0.0,0.0,0.0,0.0,0.0,-2.0,0.0,0.0,0.0,0.0,0.0,0.0,2.1,128.0
2219986,A. Libroia,981275,MADERAS SORLI BENICARLO,PG,1,Offensive Engine,,https://imagenes.feb.es/Foto.aspx?c=2219986,26,20,28.8,14.2,0.8,2.3,3.0,4.0,1.2,0.0,0.5,2.0,2.3,4.2,-0.6,13.9,3.6,8.4,42.5,1.6,4.3,37.2,2.2,2.9,74.7,50.4,47.0,34.0,22.6,12.5,9.3,47.2,50.9,11.9,3.0,23.9,25.6,368.0,79.0,104.0,31.0,0.0,52.0,362.0,93.0,219.0,42.0,113.0,56.0,75.0,748.4,44883.0
2534405,L. Soumbey-Alley,981275,MADERAS SORLI BENICARLO,PG,1,Offensive Engine,,https://imagenes.feb.es/Foto.aspx?c=2534405,11,11,25.5,12.5,1.1,3.1,4.2,2.5,1.5,0.1,0.4,2.0,2.9,2.1,-0.5,9.7,2.3,6.8,33.3,2.0,5.0,40.0,2.0,2.7,73.3,48.2,44.6,42.3,23.1,13.3,7.5,45.1,48.4,12.5,4.7,29.0,26.3,138.0,46.0,28.0,16.0,1.0,22.0,107.0,25.0,75.0,22.0,55.0,22.0,30.0,280.0,16797.0
1485040,A. Haro Val,981275,MADERAS SORLI BENICARLO,PG,1,Offensive Engine,,https://imagenes.feb.es/Foto.aspx?c=1485040,26,9,22.9,8.7,0.5,1.4,1.9,3.7,1.4,0.2,0.4,2.0,1.3,3.5,-5.2,9.0,1.8,3.8,48.0,1.2,5.2,23.1,1.4,2.4,58.1,43.1,40.4,57.3,26.5,16.9,5.4,40.1,43.0,16.4,2.2,27.6,24.1,225.0,50.0,95.0,36.0,5.0,53.0,233.0,48.0,100.0,31.0,134.0,36.0,62.0,596.2,35778.0
1512091,N. Rakocevic,981275,MADERAS SORLI BENICARLO,SG,2,Offensive Engine,,https://imagenes.feb.es/Foto.aspx?c=1512091,6,4,23.6,10.5,0.7,1.8,2.5,1.3,0.5,0.0,0.2,0.5,2.0,3.2,-6.0,7.5,2.2,5.5,39.4,1.0,5.2,19.4,3.2,3.7,86.4,42.8,34.4,48.4,34.4,3.9,5.2,34.4,42.6,3.0,3.1,36.0,26.4,63.0,15.0,8.0,3.0,0.0,3.0,45.0,13.0,33.0,6.0,31.0,19.0,22.0,141.3,8486.0
2864230,M. Becht,981275,MADERAS SORLI BENICARLO,SG,2,3&D Wing,,https://imagenes.feb.es/Foto.aspx?c=2864230,4,2,22.4,9.2,0.0,2.0,2.0,1.0,1.0,0.0,0.0,0.5,2.2,1.8,-1.5,5.8,1.2,2.2,55.6,1.8,7.0,25.0,1.5,1.8,85.7,46.2,41.9,75.7,18.9,4.8,4.8,39.8,43.4,6.0,1.7,14.7,23.4,37.0,8.0,4.0,4.0,0.0,2.0,23.0,5.0,9.0,7.0,28.0,6.0,7.0,89.8,5393.0
2864230,M. Becht,981275,MADERAS SORLI BENICARLO,SG,2,Offensive Engine,,https://imagenes.feb.es/Foto.aspx?c=2864230,4,2,22.4,9.2,0.0,2.0,2.0,1.0,1.0,0.0,0.0,0.5,2.2,1.8,-1.5,5.8,1.2,2.2,55.6,1.8,7.0,25.0,1.5,1.8,85.7,46.2,41.9,75.7,18.9,4.8,4.8,39.8,43.4,6.0,1.7,14.7,23.4,37.0,8.0,4.0,4.0,0.0,2.0,23.0,5.0,9.0,7.0,28.0,6.0,7.0,89.8,5393.0
2864230,M. Betch,981275,MADERAS SORLI BENICARLO,SG,2,3&D Wing,,https://imagenes.feb.es/Foto.aspx?c=2864230,8,1,13.1,5.6,0.4,1.2,1.6,1.0,0.4,0.0,0.5,0.5,1.9,0.5,-5.4,2.4,0.4,1.6,23.1,1.4,4.5,30.6,0.8,0.8,100.0,43.6,39.8,73.5,12.2,7.2,2.5,39.8,43.4,6.0,1.7,14.7,23.4,45.0,13.0,8.0,3.0,0.0,4.0,19.0,3.0,13.0,11.0,36.0,6.0,6.0,104.5,6276.0
2864230,M. Betch,981275,MADERAS SORLI BENICARLO,SG,2,Offensive Engine,,https://imagenes.feb.es/Foto.aspx?c=2864230,8,1,13.1,5.6,0.4,1.2,1.6,1.0,0.4,0.0,0.5,0.5,1.9,0.5,-5.4,2.4,0.4,1.6,23.1,1.4,4.5,30.6,0.8,0.8,100.0,43.6,39.8,73.5,12.2,7.2,2.5,39.8,43.4,6.0,1.7,14.7,23.4,45.0,13.0,8.0,3.0,0.0,4.0,19.0,3.0,13.0,11.0,36.0,6.0,6.0,104.5,6276.0
2536645,R. Ukawuba,981275,MADERAS SORLI BENICARLO,SG,2,3&D Wing,,https://imagenes.feb.es/Foto.aspx?c=2536645,17,3,11.8,4.2,0.6,0.8,1.4,0.4,0.4,0.1,0.1,0.4,1.1,1.3,-0.8,3.5,0.6,2.1,31.4,0.5,1.7,27.6,1.5,1.7,86.2,46.2,35.9,45.3,45.3,7.2,2.5,34.0,41.0,7.4,4.9,35.9,18.3,71.0,24.0,7.0,6.0,2.0,6.0,59.0,11.0,35.0,8.0,29.0,25.0,29.0,201.0,12049.0
2536645,R. Ukawuba,981275,MADERAS SORLI BENICARLO,SG,2,3&D Wing,,https://imagenes.feb.es/Foto.aspx?c=2536645,17,3,11.8,4.2,0.6,0.8,1.4,0.4,0.4,0.1,0.1,0.4,1.1,1.3,-0.8,3.5,0.6,2.1,31.4,0.5,1.7,27.6,1.5,1.7,86.2,46.2,35.9,45.3,45.3,7.2,2.5,34.0,41.0,7.4,4.9,35.9,18.3,71.0,24.0,7.0,6.0,2.0,6.0,59.0,11.0,35.0,8.0,29.0,25.0,29.0,201.0,12049.0
1938475,P. Llorach Cornelles,981275,MADERAS SORLI BENICARLO,SG,2,Rolling Big,,https://imagenes.feb.es/Foto.aspx?c=1938475,5,0,2.1,0.0,0.0,0.0,0.0,0.6,0.0,0.0,0.2,0.4,0.2,0.0,-2.8,-0.4,0.0,0.2,0.0,0.0,0.2,0.0,0.0,0.0,0.0,0.0,0.0,50.0,0.0,50.0,-0.3,0.0,0.0,36.2,0.0,0.0,17.2,0.0,0.0,3.0,0.0,0.0,2.0,-2.0,0.0,1.0,0.0,1.0,0.0,0.0,10.6,628.0
1998365,P. Harguindey Maneiro,981275,MADERAS SORLI BENICARLO,SF,3,3&D Wing,,https://imagenes.feb.es/Foto.aspx?c=1998365,26,20,23.0,5.0,0.5,2.2,2.7,1.1,0.8,0.2,0.2,0.8,2.5,0.8,-6.1,4.5,1.0,1.6,61.9,0.9,2.7,33.3,0.3,0.6,50.0,54.6,54.5,62.2,14.4,15.7,3.4,53.5,53.3,14.3,1.9,16.6,10.7,129.0,69.0,28.0,22.0,4.0,22.0,116.0,26.0,42.0,23.0,69.0,8.0,16.0,598.4,35915.0
2500822,M. Voronin,981275,MADERAS SORLI BENICARLO,SF,3,3&D Wing,21.0,https://imagenes.feb.es/Foto.aspx?c=2500822,18,6,16.6,5.0,0.8,0.8,1.6,1.1,0.7,0.0,0.0,1.0,0.8,0.9,-1.1,3.6,1.0,2.4,41.9,0.7,2.9,22.6,1.0,1.2,81.8,42.6,37.5,55.2,22.9,14.6,2.8,39.2,44.2,12.9,3.8,28.5,17.5,90.0,29.0,20.0,12.0,0.0,18.0,65.0,18.0,43.0,12.0,53.0,18.0,22.0,298.7,17912.0
2500822,M. Voronin,981275,MADERAS SORLI BENICARLO,SF,3,Offensive Engine,21.0,https://imagenes.feb.es/Foto.aspx?c=2500822,18,6,16.6,5.0,0.8,0.8,1.6,1.1,0.7,0.0,0.0,1.0,0.8,0.9,-1.1,3.6,1.0,2.4,41.9,0.7,2.9,22.6,1.0,1.2,81.8,42.6,37.5,55.2,22.9,14.6,2.8,39.2,44.2,12.9,3.8,28.5,17.5,90.0,29.0,20.0,12.0,0.0,18.0,65.0,18.0,43.0,12.0,53.0,18.0,22.0,298.7,17912.0
2816381,K. Obiekwe Sam,981275,MADERAS SORLI BENICARLO,SF,3,3&D Wing,,https://imagenes.feb.es/Foto.aspx?c=2816381,17,5,14.5,3.4,1.1,1.4,2.5,0.2,1.0,0.1,0.0,0.4,1.5,0.4,-2.0,2.7,0.8,1.4,58.3,0.5,2.8,19.1,0.1,0.2,50.0,39.2,38.7,66.2,5.6,8.8,2.3,33.9,34.5,8.4,7.4,6.9,14.3,57.0,42.0,4.0,17.0,1.0,7.0,46.0,14.0,24.0,9.0,47.0,2.0,4.0,246.4,14792.0
2250610,A. Sanchez Perdiguero,981275,MADERAS SORLI BENICARLO,PF,4,Traditional Center,,https://imagenes.feb.es/Foto.aspx?c=2250610,26,16,22.8,8.6,3.0,4.6,7.6,1.1,1.2,0.3,0.3,2.0,3.9,4.4,0.7,11.1,3.0,5.2,57.5,0.2,1.2,12.5,2.2,5.2,42.6,49.6,50.0,19.3,81.9,18.7,6.3,47.4,49.1,19.3,14.1,102.1,21.4,224.0,198.0,29.0,31.0,8.0,52.0,288.0,77.0,134.0,4.0,32.0,58.0,136.0,594.0,35626.0
1659850,A. Prior Ruiz,981275,MADERAS SORLI BENICARLO,PF,4,3&D Wing,,https://imagenes.feb.es/Foto.aspx?c=1659850,25,9,18.7,5.6,1.2,2.4,3.6,0.9,0.4,0.2,0.0,0.6,1.6,0.8,-5.6,5.8,1.3,2.8,45.7,0.8,2.7,29.4,0.7,0.8,81.0,47.9,44.9,49.3,15.2,9.8,4.0,45.3,49.0,9.9,6.6,17.9,15.8,141.0,89.0,22.0,11.0,6.0,16.0,144.0,32.0,70.0,20.0,68.0,17.0,21.0,467.7,28059.0
2439615,O. Ndour,981275,MADERAS SORLI BENICARLO,C,5,Stretch Big,,https://imagenes.feb.es/Foto.aspx?c=2439615,11,7,20.4,10.2,2.3,2.8,5.1,0.9,0.6,0.5,0.3,1.7,3.9,2.4,0.8,10.5,4.3,6.3,68.1,0.1,0.2,50.0,1.4,2.8,48.4,66.2,68.3,2.8,43.7,18.3,7.6,68.2,66.1,17.6,12.1,55.3,20.8,112.0,56.0,10.0,7.0,6.0,19.0,116.0,47.0,69.0,1.0,2.0,15.0,31.0,224.4,13461.0
2467065,A. Ikpeze,981275,MADERAS SORLI BENICARLO,C,5,Traditional Center,,https://imagenes.feb.es/Foto.aspx?c=2467065,26,11,17.0,6.9,1.4,2.9,4.3,0.2,0.3,0.4,0.3,0.8,2.9,1.2,-4.1,6.1,3.0,5.8,50.7,0.0,0.0,0.0,1.0,1.6,59.5,52.5,50.7,0.0,27.6,11.4,4.3,52.4,53.6,10.8,9.3,31.8,20.1,179.0,113.0,6.0,7.0,10.0,22.0,158.0,77.0,152.0,0.0,0.0,25.0,42.0,441.1,26460.0
2703145,M. Fall,981275,MADERAS SORLI BENICARLO,C,5,Traditional Center,,https://imagenes.feb.es/Foto.aspx?c=2703145,14,6,14.3,4.0,2.2,2.2,4.4,0.1,0.2,0.1,0.2,0.9,1.9,2.2,-6.1,5.9,1.3,2.4,52.9,0.0,0.0,0.0,1.4,2.8,51.3,54.7,52.9,0.0,114.7,19.0,3.3,54.5,57.1,21.5,15.5,104.4,14.2,56.0,62.0,2.0,3.0,1.0,12.0,82.0,18.0,34.0,0.0,0.0,20.0,39.0,199.9,11995.0
2279239,G. Folla-Cisneros Gimeno,981275,MADERAS SORLI BENICARLO,C,5,Rolling Big,,https://imagenes.feb.es/Foto.aspx?c=2279239,4,0,2.0,0.0,0.0,0.0,0.0,0.0,0.0,0.0,0.0,0.0,0.8,0.2,-4.5,-0.5,0.0,0.0,0.0,0.0,0.0,0.0,0.0,0.0,0.0,0.0,0.0,0.0,0.0,0.0,-0.3,0.0,0.0,0.0,0.0,0.0,0.0,0.0,0.0,0.0,0.0,0.0,0.0,-2.0,0.0,0.0,0.0,0.0,0.0,0.0,8.2,490.0
1938487,A. Llorca Castillo,981207,OCA GLOBAL C.B. SALOU,PG,1,Lead Guard,,https://imagenes.feb.es/Foto.aspx?c=1938487,18,14,28.6,13.4,1.1,3.0,4.1,3.2,1.6,0.0,0.3,2.6,2.3,4.6,-4.2,14.6,2.9,6.5,45.3,1.8,5.1,35.2,2.2,2.7,81.6,52.7,48.6,43.8,23.6,17.0,9.0,48.7,53.4,16.7,4.1,28.2,24.7,242.0,73.0,57.0,29.0,0.0,47.0,262.0,53.0,117.0,32.0,91.0,40.0,49.0,514.3,30865.0
1610350,E. Martinez Pretel,981207,OCA GLOBAL C.B. SALOU,PG,1,Offensive Engine,,https://imagenes.feb.es/Foto.aspx?c=1610350,25,15,25.5,7.1,0.9,1.9,2.8,2.7,1.0,0.0,0.1,1.6,2.5,2.6,-4.0,7.2,0.8,2.2,37.5,1.4,4.5,30.4,1.4,1.8,77.3,47.5,42.9,66.7,26.2,17.6,4.6,43.4,47.1,17.1,3.9,29.2,16.0,178.0,70.0,67.0,25.0,1.0,40.0,181.0,21.0,56.0,34.0,112.0,34.0,44.0,637.5,38250.0
2242531,E. Moure Colombo,981207,OCA GLOBAL C.B. SALOU,PG,1,Offensive Engine,,https://imagenes.feb.es/Foto.aspx?c=2242531,24,9,11.2,2.9,0.5,0.9,1.5,1.5,0.3,0.0,0.2,0.8,2.2,0.6,-3.1,1.6,0.7,2.2,30.8,0.5,1.2,42.9,0.1,0.2,40.0,42.6,42.5,35.0,6.2,18.8,1.4,39.7,40.1,15.0,4.5,6.3,17.0,70.0,35.0,36.0,8.0,0.0,19.0,38.0,16.0,52.0,12.0,28.0,2.0,5.0,269.8,16184.0
2218994,K. Mendes Kovacs,981207,OCA GLOBAL C.B. SALOU,PG,1,Rolling Big,,https://imagenes.feb.es/Foto.aspx?c=2218994,7,4,9.2,1.6,1.3,1.0,2.3,1.0,0.4,0.0,0.0,1.0,1.7,0.4,0.3,0.4,0.3,1.6,18.2,0.3,1.1,25.0,0.1,0.6,25.0,26.5,26.3,42.1,21.1,25.2,0.4,11.2,12.5,36.7,14.1,14.9,18.4,11.0,16.0,7.0,3.0,0.0,7.0,3.0,2.0,11.0,2.0,8.0,1.0,4.0,64.4,3871.0
2284777,C. Knowles,981207,OCA GLOBAL C.B. SALOU,SG,2,Lead Guard,,https://imagenes.feb.es/Foto.aspx?c=2284777,13,13,29.3,14.3,0.8,3.5,4.3,2.2,1.8,0.5,0.8,1.7,2.4,2.6,-3.1,13.5,3.8,7.7,50.0,1.8,5.5,32.4,1.3,1.9,68.0,51.1,49.4,41.5,14.6,10.8,9.8,49.7,51.1,10.2,3.0,14.9,24.5,186.0,56.0,29.0,23.0,7.0,22.0,176.0,50.0,100.0,23.0,71.0,17.0,25.0,380.4,22823.0
2825543,D. Jackson,981207,OCA GLOBAL C.B. SALOU,SG,2,Lead Guard,,https://imagenes.feb.es/Foto.aspx?c=2825543,12,10,28.5,11.2,1.3,2.9,4.2,2.5,2.0,0.1,0.8,2.5,3.2,2.2,-8.9,9.3,4.0,8.3,48.0,0.6,2.7,21.9,1.5,2.2,66.7,46.9,44.3,24.2,20.5,17.3,6.9,45.2,48.1,17.7,5.2,19.9,22.2,135.0,51.0,30.0,24.0,1.0,30.0,112.0,48.0,100.0,7.0,32.0,18.0,27.0,341.8,20511.0
2534398,J. Sánchez,981207,OCA GLOBAL C.B. SALOU,SG,2,Offensive Engine,,https://imagenes.feb.es/Foto.aspx?c=2534398,20,4,18.7,8.5,0.6,1.6,2.1,2.0,1.0,0.0,0.2,1.8,3.0,1.7,-2.0,4.4,1.6,4.1,39.0,1.4,4.6,29.3,1.2,1.5,83.3,45.4,41.7,52.9,17.2,16.1,3.7,41.8,45.0,16.2,3.0,17.3,26.7,170.0,42.0,40.0,19.0,0.0,36.0,88.0,32.0,82.0,27.0,92.0,25.0,30.0,373.8,22421.0
1271466,D. Cuellar Garcia,981207,OCA GLOBAL C.B. SALOU,SG,2,3&D Wing,,https://imagenes.feb.es/Foto.aspx?c=1271466,26,16,25.6,6.3,1.2,3.5,4.8,1.3,0.7,0.1,0.1,1.3,1.9,1.7,-8.1,7.1,1.0,2.1,47.3,1.2,4.1,30.2,0.6,1.2,50.0,46.8,46.0,65.8,18.6,16.3,4.1,45.3,46.6,15.5,5.3,21.5,13.8,163.0,124.0,35.0,18.0,2.0,34.0,185.0,26.0,55.0,32.0,106.0,15.0,30.0,666.7,39999.0
1967605,E. Sims Serra,981207,OCA GLOBAL C.B. SALOU,SG,2,Lead Guard,,https://imagenes.feb.es/Foto.aspx?c=1967605,11,1,11.2,5.1,0.5,0.9,1.4,0.5,0.7,0.1,0.4,1.3,1.7,0.7,-6.3,2.1,1.5,2.8,54.8,0.5,2.4,19.2,0.6,0.9,70.0,45.6,43.0,45.6,17.5,18.6,2.0,47.1,49.5,20.3,3.9,16.8,25.9,56.0,15.0,6.0,8.0,1.0,14.0,23.0,17.0,31.0,5.0,26.0,7.0,10.0,123.0,7375.0
2827753,O. Okenchi,981207,OCA GLOBAL C.B. SALOU,SF,3,Traditional Center,,https://imagenes.feb.es/Foto.aspx?c=2827753,21,11,12.9,3.7,0.9,1.4,2.3,0.3,0.3,0.0,0.1,1.4,2.5,2.2,-3.1,1.9,1.5,3.2,47.1,0.0,0.0,0.0,0.6,1.9,32.5,44.5,46.4,1.4,58.0,25.1,0.7,47.4,45.9,21.4,7.6,65.4,18.9,77.0,48.0,7.0,6.0,1.0,29.0,40.0,32.0,68.0,0.0,1.0,13.0,40.0,270.2,16216.0
2274746,P. Salo Blaya,981207,OCA GLOBAL C.B. SALOU,PF,4,Traditional Center,,https://imagenes.feb.es/Foto.aspx?c=2274746,23,6,11.5,4.3,1.0,1.0,2.0,0.1,0.3,0.2,0.1,0.7,1.9,1.0,-2.3,3.9,1.8,2.7,66.7,0.0,0.0,0.0,0.7,1.2,57.1,66.4,66.7,0.0,44.4,17.5,3.0,65.6,70.8,17.5,9.4,56.0,15.5,100.0,46.0,3.0,7.0,5.0,16.0,90.0,42.0,63.0,0.0,0.0,16.0,28.0,265.3,15929.0
2814887,P. Renane,981207,OCA GLOBAL C.B. SALOU,PF,4,3&D Wing,,https://imagenes.feb.es/Foto.aspx?c=2814887,10,4,11.1,3.3,0.5,1.2,1.7,0.5,0.2,0.0,0.2,0.6,1.1,0.5,-3.4,2.2,0.6,1.9,31.6,0.5,1.5,33.3,0.6,0.6,100.0,45.0,39.7,44.1,17.6,14.1,1.6,44.8,50.2,15.0,6.3,18.6,17.2,33.0,17.0,5.0,2.0,0.0,6.0,22.0,6.0,19.0,5.0,15.0,6.0,6.0,111.0,6670.0
2814887,P. Renane,981207,OCA GLOBAL C.B. SALOU,PF,4,3&D Wing,,https://imagenes.feb.es/Foto.aspx?c=2814887,10,4,11.1,3.3,0.5,1.2,1.7,0.5,0.2,0.0,0.2,0.6,1.1,0.5,-3.4,2.2,0.6,1.9,31.6,0.5,1.5,33.3,0.6,0.6,100.0,45.0,39.7,44.1,17.6,14.1,1.6,44.8,50.2,15.0,6.3,18.6,17.2,33.0,17.0,5.0,2.0,0.0,6.0,22.0,6.0,19.0,5.0,15.0,6.0,6.0,111.0,6670.0
2790712,J. Cajelli Triver,981207,OCA GLOBAL C.B. SALOU,PF,4,Shooter Specialist,,https://imagenes.feb.es/Foto.aspx?c=2790712,3,0,5.5,1.7,0.3,0.3,0.7,0.0,0.3,0.0,0.0,0.7,2.7,0.0,4.7,-0.7,0.3,0.3,100.0,0.3,0.3,100.0,0.0,0.0,0.0,125.0,125.0,50.0,0.0,50.0,0.4,79.3,79.3,31.7,7.9,0.0,10.5,5.0,2.0,0.0,1.0,0.0,2.0,-2.0,1.0,1.0,1.0,1.0,0.0,0.0,16.4,988.0
2715040,B. Traore,981207,OCA GLOBAL C.B. SALOU,C,5,Stretch Big,,https://imagenes.feb.es/Foto.aspx?c=2715040,23,13,24.3,12.5,1.8,4.3,6.1,0.4,1.0,0.3,0.3,1.8,2.3,4.1,-7.0,13.3,2.7,5.3,51.2,1.0,3.5,27.5,4.1,6.0,69.3,54.5,47.3,39.4,67.5,13.8,8.3,48.5,54.6,13.7,8.0,70.9,24.3,287.0,140.0,10.0,23.0,6.0,42.0,305.0,63.0,123.0,22.0,80.0,95.0,137.0,558.8,33519.0
2451495,D. Knowles,981207,OCA GLOBAL C.B. SALOU,C,5,Traditional Center,,https://imagenes.feb.es/Foto.aspx?c=2451495,17,6,21.1,8.1,2.0,2.4,4.4,1.1,0.3,0.3,0.2,1.2,2.2,1.9,-5.9,9.2,3.5,5.6,63.2,0.0,0.1,0.0,1.0,2.3,43.6,60.0,61.9,2.1,40.2,14.9,6.3,60.5,59.0,16.5,10.3,50.3,17.9,137.0,75.0,18.0,5.0,5.0,20.0,156.0,60.0,95.0,0.0,2.0,17.0,39.0,358.2,21474.0
2451495,D. Knowles,981207,OCA GLOBAL C.B. SALOU,C,5,Traditional Center,,https://imagenes.feb.es/Foto.aspx?c=2451495,17,6,21.1,8.1,2.0,2.4,4.4,1.1,0.3,0.3,0.2,1.2,2.2,1.9,-5.9,9.2,3.5,5.6,63.2,0.0,0.1,0.0,1.0,2.3,43.6,60.0,61.9,2.1,40.2,14.9,6.3,60.5,59.0,16.5,10.3,50.3,17.9,137.0,75.0,18.0,5.0,5.0,20.0,156.0,60.0,95.0,0.0,2.0,17.0,39.0,358.2,21474.0
1438515,A. Morales Ros,981207,OCA GLOBAL C.B. SALOU,C,5,Rolling Big,,https://imagenes.feb.es/Foto.aspx?c=1438515,12,4,22.8,7.2,1.2,3.0,4.2,0.6,0.9,0.2,0.2,1.3,2.8,2.9,-4.2,5.2,1.0,2.8,35.3,1.5,5.5,27.3,0.8,1.7,45.0,40.0,39.0,66.0,20.0,12.8,2.9,37.1,38.3,13.4,6.5,23.2,19.1,87.0,51.0,7.0,11.0,3.0,16.0,63.0,12.0,34.0,18.0,66.0,9.0,20.0,273.5,16405.0
1438515,A. Morales Ros,981207,OCA GLOBAL C.B. SALOU,C,5,3&D Wing,,https://imagenes.feb.es/Foto.aspx?c=1438515,12,4,22.8,7.2,1.2,3.0,4.2,0.6,0.9,0.2,0.2,1.3,2.8,2.9,-4.2,5.2,1.0,2.8,35.3,1.5,5.5,27.3,0.8,1.7,45.0,40.0,39.0,66.0,20.0,12.8,2.9,37.1,38.3,13.4,6.5,23.2,19.1,87.0,51.0,7.0,11.0,3.0,16.0,63.0,12.0,34.0,18.0,66.0,9.0,20.0,273.5,16405.0
1673764,L. Ferrando Ortells,981347,PROINBENI UPB GANDIA,PG,1,Lead Guard,,https://imagenes.feb.es/Foto.aspx?c=1673764,26,20,23.1,8.6,0.5,2.1,2.6,4.5,2.0,0.0,0.4,2.5,3.1,3.2,3.4,9.9,2.0,5.3,37.4,0.9,2.4,38.1,1.8,2.5,73.4,48.4,43.6,31.2,31.7,22.0,6.5,42.4,47.0,22.0,2.5,32.8,22.2,223.0,68.0,118.0,52.0,1.0,65.0,258.0,52.0,139.0,24.0,63.0,47.0,64.0,599.4,35966.0
1837816,C. Hurtado Cervantes,981347,PROINBENI UPB GANDIA,PG,1,Offensive Engine,,https://imagenes.feb.es/Foto.aspx?c=1837816,26,7,17.9,7.8,0.2,1.3,1.4,2.7,1.0,0.1,0.4,1.7,2.3,3.7,1.8,7.4,1.0,3.0,33.8,1.0,3.8,27.6,2.7,3.3,81.6,47.8,38.0,56.0,49.7,16.8,4.5,35.6,45.2,16.6,1.0,56.0,24.9,204.0,37.0,70.0,25.0,2.0,43.0,193.0,26.0,77.0,27.0,98.0,71.0,87.0,466.1,27973.0
2736564,K. Greeley,981347,PROINBENI UPB GANDIA,SG,2,Stretch Big,,https://imagenes.feb.es/Foto.aspx?c=2736564,28,28,28.3,20.1,1.1,3.4,4.5,2.3,1.0,0.3,0.4,1.4,1.6,4.3,5.4,22.5,5.3,9.4,56.4,1.6,3.8,41.1,4.8,5.5,86.5,64.2,58.0,28.8,41.8,8.2,15.9,58.9,65.0,8.0,4.8,44.7,27.3,564.0,127.0,64.0,28.0,9.0,39.0,630.0,149.0,264.0,44.0,107.0,134.0,155.0,793.1,47564.0
1827011,J. Soler Cirujeda,981347,PROINBENI UPB GANDIA,SG,2,Lead Guard,,https://imagenes.feb.es/Foto.aspx?c=1827011,25,2,15.1,6.7,0.5,1.8,2.3,1.3,0.9,0.2,0.2,1.5,2.2,2.1,2.4,5.9,1.4,3.2,45.0,0.7,2.2,30.4,1.8,2.4,73.8,51.6,45.2,41.2,44.9,18.5,4.0,48.4,53.4,19.2,3.9,54.7,23.9,168.0,57.0,33.0,23.0,5.0,37.0,147.0,36.0,80.0,17.0,56.0,45.0,61.0,377.6,22660.0
1851026,A. Bellver Valiente,981347,PROINBENI UPB GANDIA,SG,2,3&D Wing,,https://imagenes.feb.es/Foto.aspx?c=1851026,28,0,11.2,3.0,0.6,0.9,1.5,0.8,0.4,0.1,0.1,0.5,1.9,0.7,0.6,2.0,0.4,0.8,43.5,0.6,2.1,31.0,0.3,0.5,60.0,47.4,45.7,71.6,18.5,12.9,1.7,36.1,37.7,12.0,5.7,25.3,14.5,83.0,41.0,23.0,12.0,2.0,13.0,55.0,10.0,23.0,18.0,58.0,9.0,15.0,313.9,18839.0
2261243,J. Barber Terrades,981347,PROINBENI UPB GANDIA,SG,2,Lead Guard,,https://imagenes.feb.es/Foto.aspx?c=2261243,6,0,2.4,1.0,0.0,0.2,0.2,0.0,0.2,0.0,0.0,1.0,0.5,0.3,-1.8,-0.8,0.2,0.5,33.3,0.2,0.7,25.0,0.2,0.3,50.0,38.1,35.7,57.1,28.6,43.2,-0.7,36.5,29.2,37.5,0.0,33.3,44.0,6.0,1.0,0.0,1.0,0.0,6.0,-5.0,1.0,3.0,1.0,4.0,1.0,2.0,14.4,868.0
1824880,G. Perez Ramirez,981347,PROINBENI UPB GANDIA,SF,3,3&D Wing,,https://imagenes.feb.es/Foto.aspx?c=1824880,27,14,21.3,9.0,0.9,2.5,3.3,1.3,0.7,0.2,0.1,0.8,1.1,1.0,3.3,8.9,1.0,1.8,58.3,1.9,5.4,34.7,1.2,1.6,76.7,56.6,53.6,75.4,22.1,8.9,6.8,51.4,55.5,9.0,4.5,30.0,18.4,242.0,90.0,36.0,18.0,5.0,21.0,240.0,28.0,48.0,51.0,147.0,33.0,43.0,575.9,34555.0
1996333,M. Montilla Diaz,981347,PROINBENI UPB GANDIA,SF,3,Stretch Big,,https://imagenes.feb.es/Foto.aspx?c=1996333,28,23,15.7,5.8,1.5,1.8,3.3,0.4,0.6,0.2,0.2,1.1,1.9,1.8,2.7,5.4,2.2,4.3,51.2,0.2,0.6,27.8,0.8,1.9,40.7,49.5,50.0,12.9,38.8,16.4,3.6,47.2,47.7,15.8,10.9,49.7,20.0,161.0,92.0,12.0,18.0,7.0,32.0,151.0,62.0,121.0,5.0,18.0,22.0,54.0,440.4,26416.0
2378347,J. Molina Martinez,981347,PROINBENI UPB GANDIA,SF,3,3&D Wing,,https://imagenes.feb.es/Foto.aspx?c=2378347,27,8,23.8,5.7,1.0,3.4,4.4,1.3,1.4,0.4,0.1,1.0,2.7,2.0,2.5,8.6,1.1,1.6,65.9,1.0,2.8,34.2,0.6,1.0,60.7,57.8,56.7,63.3,23.3,16.9,5.4,56.6,58.1,17.0,4.9,34.0,11.2,153.0,119.0,36.0,37.0,10.0,27.0,232.0,29.0,44.0,26.0,76.0,17.0,28.0,643.0,38578.0
1857448,J. Santana Luchoro,981347,PROINBENI UPB GANDIA,PF,4,Stretch Big,,https://imagenes.feb.es/Foto.aspx?c=1857448,21,10,20.0,5.5,1.3,3.1,4.5,0.9,0.5,0.4,0.0,1.4,2.0,1.1,1.2,6.4,1.5,3.2,46.3,0.5,1.4,37.9,1.0,1.5,67.7,52.9,49.5,30.2,32.3,21.5,3.9,55.1,56.8,21.7,7.3,49.7,15.0,116.0,94.0,18.0,10.0,9.0,30.0,134.0,31.0,67.0,11.0,29.0,21.0,31.0,419.9,25198.0
2868534,C. Osaikhwuwuomwan,981347,PROINBENI UPB GANDIA,PF,4,3&D Wing,,https://imagenes.feb.es/Foto.aspx?c=2868534,9,1,13.4,3.8,0.7,2.7,3.3,0.1,0.7,0.1,0.0,0.7,1.6,1.0,-3.7,4.2,0.9,1.7,53.3,0.3,2.0,16.7,1.0,1.1,90.0,45.5,37.9,54.5,30.3,13.8,2.5,33.6,43.6,16.1,5.4,43.1,16.3,34.0,30.0,1.0,6.0,1.0,6.0,38.0,8.0,15.0,3.0,18.0,9.0,10.0,120.8,7246.0
2335802,J. Bitjaa Kody,981347,PROINBENI UPB GANDIA,C,5,Stretch Big,,https://imagenes.feb.es/Foto.aspx?c=2335802,28,25,24.3,8.5,1.9,3.7,5.6,1.1,0.4,0.4,0.5,1.5,1.9,2.5,5.6,11.4,2.6,4.8,54.1,0.6,1.7,34.0,1.6,2.0,78.6,57.6,53.3,25.8,30.8,16.6,6.8,55.4,58.9,17.0,9.4,41.7,16.6,238.0,156.0,32.0,12.0,10.0,41.0,319.0,73.0,135.0,16.0,47.0,44.0,56.0,680.0,40801.0
2711878,D. Ilincic,981347,PROINBENI UPB GANDIA,C,5,Stretch Big,,https://imagenes.feb.es/Foto.aspx?c=2711878,16,2,12.5,7.1,1.1,2.2,3.3,0.4,0.2,0.1,0.6,1.9,1.6,1.9,-0.6,5.8,2.2,4.8,46.1,0.2,0.6,33.3,2.1,3.0,70.8,53.2,46.5,10.6,56.5,22.0,3.4,47.4,54.0,20.1,9.6,70.8,30.3,113.0,53.0,7.0,3.0,2.0,30.0,92.0,35.0,76.0,3.0,9.0,34.0,48.0,199.9,11995.0
2034816,J. Climent Figueres,981347,PROINBENI UPB GANDIA,,6,,,https://imagenes.feb.es/Foto.aspx?c=2034816,3,0,1.9,0.0,0.0,0.0,0.0,0.0,0.0,0.0,0.0,0.0,0.0,0.0,-2.3,0.0,0.0,0.0,0.0,0.0,0.0,0.0,0.0,0.0,0.0,0.0,0.0,0.0,0.0,0.0,0.0,,,,,,,0.0,0.0,0.0,0.0,0.0,0.0,0.0,0.0,0.0,0.0,0.0,0.0,0.0,5.7,341.0
1555336,M. De Pablo Del Castillo,981342,REINA PROTEÍNAS CLAVIJO,PG,1,Lead Guard,,https://imagenes.feb.es/Foto.aspx?c=1555336,2,2,28.1,11.5,0.0,2.5,2.5,3.0,3.0,0.0,0.0,2.5,3.5,3.5,-11.5,9.5,1.0,2.0,50.0,2.5,8.0,31.2,2.0,3.5,57.1,49.8,47.5,80.0,35.0,17.8,7.2,39.2,44.6,18.4,0.0,38.9,22.7,23.0,5.0,6.0,6.0,0.0,5.0,19.0,2.0,4.0,5.0,16.0,4.0,7.0,56.2,3369.0
2527922,C. Jacobs,981342,REINA PROTEÍNAS CLAVIJO,SG,2,Offensive Engine,,https://imagenes.feb.es/Foto.aspx?c=2527922,2,2,25.8,10.0,0.5,3.0,3.5,2.0,0.5,0.0,1.5,0.5,4.0,2.5,-3.0,3.5,1.0,6.5,15.4,2.0,7.0,28.6,2.0,2.0,100.0,34.8,29.6,51.9,14.8,3.4,2.8,29.4,34.7,3.3,1.9,14.8,26.1,20.0,7.0,4.0,1.0,0.0,1.0,7.0,2.0,13.0,4.0,14.0,4.0,4.0,51.6,3097.0
2049104,K. Torres Cuevas,981342,REINA PROTEÍNAS CLAVIJO,SG,2,Offensive Engine,,https://imagenes.feb.es/Foto.aspx?c=2049104,2,0,23.0,8.0,0.0,2.5,2.5,2.0,0.5,0.0,0.0,4.0,3.5,3.5,1.5,2.5,0.5,2.5,20.0,1.5,5.0,30.0,2.5,3.5,71.4,44.2,36.7,66.7,46.7,30.7,0.4,36.9,43.3,34.2,0.0,47.7,25.7,16.0,5.0,4.0,1.0,0.0,8.0,5.0,1.0,5.0,3.0,10.0,5.0,7.0,46.0,2761.0
2536645,R. Ukawuba,981342,REINA PROTEÍNAS CLAVIJO,SG,2,3&D Wing,,https://imagenes.feb.es/Foto.aspx?c=2536645,2,0,14.6,4.0,0.0,2.0,2.0,1.0,0.5,0.0,0.0,1.0,1.5,1.5,-2.0,3.0,0.5,1.0,50.0,1.0,3.5,28.6,0.0,0.5,0.0,42.4,44.4,77.8,11.1,17.5,1.4,34.0,41.0,7.4,4.9,35.9,18.3,8.0,4.0,2.0,1.0,0.0,2.0,6.0,1.0,2.0,2.0,7.0,0.0,1.0,29.2,1753.0
2536645,R. Ukawuba,981342,REINA PROTEÍNAS CLAVIJO,SG,2,3&D Wing,,https://imagenes.feb.es/Foto.aspx?c=2536645,2,0,14.6,4.0,0.0,2.0,2.0,1.0,0.5,0.0,0.0,1.0,1.5,1.5,-2.0,3.0,0.5,1.0,50.0,1.0,3.5,28.6,0.0,0.5,0.0,42.4,44.4,77.8,11.1,17.5,1.4,34.0,41.0,7.4,4.9,35.9,18.3,8.0,4.0,2.0,1.0,0.0,2.0,6.0,1.0,2.0,2.0,7.0,0.0,1.0,29.2,1753.0
2736783,V. Hrabar,981342,REINA PROTEÍNAS CLAVIJO,SF,3,Offensive Engine,,https://imagenes.feb.es/Foto.aspx?c=2736783,2,2,20.4,9.5,2.0,0.5,2.5,0.5,1.0,0.0,0.0,2.0,2.0,2.5,-2.5,6.5,2.0,3.5,57.1,1.0,4.0,25.0,2.5,3.5,71.4,52.5,46.7,53.3,46.7,18.1,5.1,47.8,53.7,20.5,10.4,55.7,24.3,19.0,5.0,1.0,2.0,0.0,4.0,13.0,4.0,7.0,2.0,8.0,5.0,7.0,40.9,2457.0
1950468,J. Pardina Molina,981342,REINA PROTEÍNAS CLAVIJO,SF,3,Offensive Engine,,https://imagenes.feb.es/Foto.aspx?c=1950468,2,0,24.8,2.0,2.5,3.0,5.5,3.0,1.0,0.0,0.0,0.0,2.0,2.5,-6.5,9.5,0.5,1.0,50.0,0.0,1.5,0.0,1.0,1.5,66.7,31.6,20.0,60.0,60.0,0.0,5.2,22.2,26.8,0.0,10.5,66.7,5.8,4.0,11.0,6.0,2.0,0.0,0.0,19.0,1.0,2.0,0.0,3.0,2.0,3.0,49.5,2968.0
2137815,H. Arbosa Roldan,981342,REINA PROTEÍNAS CLAVIJO,PF,4,Traditional Center,,https://imagenes.feb.es/Foto.aspx?c=2137815,2,2,24.6,5.0,3.5,4.5,8.0,2.0,0.5,1.0,1.0,3.0,3.0,4.0,-7.5,10.0,1.5,4.5,33.3,0.0,1.0,0.0,2.0,2.5,80.0,37.9,27.3,18.2,45.5,31.2,3.8,26.6,35.8,33.5,15.3,46.8,17.7,10.0,16.0,4.0,1.0,2.0,6.0,20.0,3.0,9.0,0.0,2.0,4.0,5.0,49.1,2949.0
2340126,E. A Nongo Berthold,981342,REINA PROTEÍNAS CLAVIJO,C,5,Traditional Center,,https://imagenes.feb.es/Foto.aspx?c=2340126,2,0,17.6,8.5,1.5,3.5,5.0,0.0,1.0,2.0,0.0,1.5,4.0,2.0,-2.5,11.5,4.0,4.5,88.9,0.0,0.0,0.0,0.5,1.5,33.3,82.4,88.9,0.0,33.3,22.5,8.0,91.0,82.9,22.9,8.8,46.2,17.0,17.0,10.0,0.0,2.0,4.0,3.0,23.0,8.0,9.0,0.0,0.0,1.0,3.0,35.2,2111.0
2816401,P. Diene,981342,REINA PROTEÍNAS CLAVIJO,C,5,Traditional Center,,https://imagenes.feb.es/Foto.aspx?c=2816401,2,2,17.2,5.0,3.0,2.0,5.0,0.5,0.0,0.5,0.5,1.5,2.0,3.0,-2.5,5.5,2.0,4.0,50.0,0.0,2.0,0.0,1.0,2.0,50.0,36.3,33.3,33.3,33.3,17.9,2.3,33.3,34.3,19.0,18.9,33.3,21.9,10.0,10.0,1.0,0.0,1.0,3.0,11.0,4.0,8.0,0.0,4.0,2.0,4.0,34.5,2072.0
2862128,O. Okafor,981342,REINA PROTEÍNAS CLAVIJO,,6,,,https://imagenes.feb.es/Foto.aspx?c=2862128,1,0,7.7,0.0,0.0,1.0,1.0,0.0,0.0,0.0,1.0,1.0,0.0,0.0,-17.0,-3.0,0.0,2.0,0.0,0.0,1.0,0.0,0.0,0.0,0.0,0.0,0.0,33.3,0.0,25.0,-2.8,,,,,,,0.0,1.0,0.0,0.0,0.0,1.0,-3.0,0.0,2.0,0.0,1.0,0.0,0.0,7.7,463.0
1400270,B. Alvarez Torres,981305,SOL GIRONÈS BISBAL BÀSQUET,PG,1,Offensive Engine,,https://imagenes.feb.es/Foto.aspx?c=1400270,26,20,26.6,12.0,0.3,2.3,2.6,4.1,1.7,0.0,0.3,1.9,1.5,2.6,-2.6,12.8,2.5,6.2,40.4,1.8,4.5,39.7,1.7,2.0,86.3,52.1,48.4,41.9,18.4,14.3,9.0,47.0,50.7,14.1,1.1,19.5,23.2,312.0,67.0,107.0,43.0,0.0,50.0,334.0,65.0,161.0,46.0,116.0,44.0,51.0,692.8,41564.0
2053988,A. Dominguez Espelt,981305,SOL GIRONÈS BISBAL BÀSQUET,PG,1,Lead Guard,,https://imagenes.feb.es/Foto.aspx?c=2053988,8,3,23.6,11.2,0.6,0.9,1.5,3.2,1.5,0.0,0.5,1.0,1.2,4.5,1.1,13.8,2.9,5.0,57.5,0.8,3.5,21.4,3.2,4.4,74.3,54.0,47.1,41.2,51.5,8.8,9.3,45.9,52.6,8.3,2.8,53.9,22.9,90.0,12.0,26.0,12.0,0.0,8.0,110.0,23.0,40.0,6.0,28.0,26.0,35.0,188.8,11316.0
2864634,X. Ochu,981305,SOL GIRONÈS BISBAL BÀSQUET,PG,1,Lead Guard,,https://imagenes.feb.es/Foto.aspx?c=2864634,5,3,26.6,9.0,1.0,2.4,3.4,1.8,2.6,0.0,0.4,1.6,2.8,2.4,0.4,6.8,2.8,6.0,46.7,0.4,4.4,9.1,2.2,3.0,73.3,38.4,32.7,42.3,28.8,12.0,5.2,32.7,37.2,11.5,4.1,28.5,22.3,45.0,17.0,9.0,13.0,0.0,8.0,34.0,14.0,30.0,2.0,22.0,11.0,15.0,132.9,7962.0
1446313,J. Carrasco Martin,981305,SOL GIRONÈS BISBAL BÀSQUET,PG,1,Offensive Engine,,https://imagenes.feb.es/Foto.aspx?c=1446313,13,4,12.5,3.8,0.8,1.2,2.0,0.9,0.5,0.0,0.2,1.7,1.9,1.4,-6.5,2.3,1.2,2.2,53.6,0.3,1.6,19.0,0.5,0.8,63.6,45.5,42.9,42.9,22.4,29.0,1.1,44.7,46.9,28.9,6.3,26.8,21.7,49.0,26.0,12.0,6.0,0.0,22.0,30.0,15.0,28.0,4.0,21.0,7.0,11.0,162.1,9733.0
1964254,P. Sala Vallmajo,981305,SOL GIRONÈS BISBAL BÀSQUET,PG,1,3&D Wing,,https://imagenes.feb.es/Foto.aspx?c=1964254,24,1,11.0,1.9,0.3,0.4,0.7,0.8,0.5,0.0,0.0,0.5,1.3,0.2,-1.0,1.2,0.3,0.5,66.7,0.4,1.4,26.5,0.1,0.2,75.0,48.2,46.7,73.9,8.7,20.1,1.2,43.4,43.8,15.5,3.2,4.8,10.6,46.0,17.0,20.0,12.0,1.0,12.0,28.0,8.0,12.0,9.0,34.0,3.0,4.0,264.1,15864.0
2814874,J. Golson,981305,SOL GIRONÈS BISBAL BÀSQUET,SG,2,High Volume Scorer,,https://imagenes.feb.es/Foto.aspx?c=2814874,9,2,18.4,9.3,0.1,0.6,0.7,0.4,0.7,0.0,0.1,0.9,1.7,1.1,-4.4,5.2,0.4,0.9,50.0,2.1,5.8,36.5,2.1,2.4,86.4,60.3,54.2,86.7,36.7,10.3,5.2,55.2,61.7,9.8,0.6,41.6,21.9,84.0,6.0,4.0,6.0,0.0,8.0,47.0,4.0,8.0,19.0,52.0,19.0,22.0,165.6,9928.0
1198592,X. Torrent Bayé,981305,SOL GIRONÈS BISBAL BÀSQUET,SG,2,Offensive Engine,,https://imagenes.feb.es/Foto.aspx?c=1198592,24,20,26.0,7.1,0.7,1.6,2.3,2.7,0.8,0.1,0.3,1.2,2.7,3.8,-2.3,6.5,0.7,2.0,36.2,1.3,6.1,21.8,1.7,2.0,83.3,39.5,33.5,75.8,24.7,11.9,3.6,37.4,42.2,13.2,2.9,21.0,17.8,170.0,55.0,65.0,20.0,2.0,29.0,157.0,17.0,47.0,32.0,147.0,40.0,48.0,624.5,37475.0
2815520,N. Okeke,981305,SOL GIRONÈS BISBAL BÀSQUET,SF,3,3&D Wing,,https://imagenes.feb.es/Foto.aspx?c=2815520,14,11,26.5,10.5,0.9,2.3,3.1,1.1,1.4,0.1,0.3,1.2,2.4,2.9,-10.1,7.0,2.3,5.5,41.6,1.2,5.4,22.7,2.3,3.4,66.7,42.5,37.8,49.3,31.6,8.9,5.2,39.7,44.6,9.3,3.6,36.9,23.4,147.0,44.0,16.0,20.0,1.0,17.0,98.0,32.0,77.0,17.0,75.0,32.0,48.0,370.7,22231.0
2815520,N. Okeke,981305,SOL GIRONÈS BISBAL BÀSQUET,SF,3,3&D Wing,,https://imagenes.feb.es/Foto.aspx?c=2815520,14,11,26.5,10.5,0.9,2.3,3.1,1.1,1.4,0.1,0.3,1.2,2.4,2.9,-10.1,7.0,2.3,5.5,41.6,1.2,5.4,22.7,2.3,3.4,66.7,42.5,37.8,49.3,31.6,8.9,5.2,39.7,44.6,9.3,3.6,36.9,23.4,147.0,44.0,16.0,20.0,1.0,17.0,98.0,32.0,77.0,17.0,75.0,32.0,48.0,370.7,22231.0
1227597,I. Valera Corominas,981305,SOL GIRONÈS BISBAL BÀSQUET,SF,3,Offensive Engine,,https://imagenes.feb.es/Foto.aspx?c=1227597,26,5,15.7,2.8,0.3,1.8,2.1,0.9,1.0,0.0,0.1,0.7,2.4,0.8,-1.5,1.4,0.7,1.8,35.4,0.3,1.7,17.8,0.5,1.0,56.0,34.6,31.2,48.4,26.9,14.0,1.2,28.5,31.5,12.7,2.4,27.5,13.7,72.0,55.0,23.0,25.0,0.0,17.0,37.0,17.0,48.0,8.0,45.0,14.0,25.0,408.0,24464.0
2322727,A. Vila I Gómez,981305,SOL GIRONÈS BISBAL BÀSQUET,SF,3,3&D Wing,,https://imagenes.feb.es/Foto.aspx?c=2322727,15,1,7.1,1.5,0.6,0.7,1.3,0.1,0.3,0.0,0.1,0.3,0.7,0.3,-2.1,1.1,0.3,0.7,40.0,0.3,1.0,26.7,0.2,0.4,50.0,41.6,40.0,60.0,24.0,12.6,0.9,42.6,44.2,12.4,9.3,23.9,13.6,23.0,19.0,2.0,4.0,0.0,4.0,17.0,4.0,10.0,4.0,15.0,3.0,6.0,107.1,6422.0
1829525,M. Mikhailov Paltarak,981305,SOL GIRONÈS BISBAL BÀSQUET,PF,4,Traditional Center,,https://imagenes.feb.es/Foto.aspx?c=1829525,25,25,30.4,16.9,2.8,7.5,10.3,0.6,1.2,0.4,0.3,2.4,2.2,3.6,-3.4,22.0,7.0,11.6,60.1,0.0,0.5,8.3,2.8,4.2,66.3,60.5,58.3,4.0,34.3,14.9,13.6,58.3,60.8,14.3,10.1,39.6,24.7,422.0,258.0,16.0,31.0,11.0,61.0,550.0,175.0,291.0,1.0,12.0,69.0,104.0,760.9,45654.0
2851798,F. Adebayo,981305,SOL GIRONÈS BISBAL BÀSQUET,PF,4,Stretch Big,,https://imagenes.feb.es/Foto.aspx?c=2851798,16,14,30.3,14.4,0.8,4.8,5.6,2.4,1.0,0.6,0.6,2.0,3.2,4.8,3.7,14.6,4.2,8.6,48.9,0.8,3.0,27.1,3.6,6.1,59.8,50.7,46.8,25.9,52.4,12.3,9.2,45.8,49.8,13.1,3.0,55.8,24.4,231.0,89.0,39.0,16.0,9.0,32.0,233.0,67.0,137.0,13.0,48.0,58.0,97.0,484.8,29076.0
2814887,P. Renane,981305,SOL GIRONÈS BISBAL BÀSQUET,PF,4,3&D Wing,,https://imagenes.feb.es/Foto.aspx?c=2814887,13,10,20.5,6.1,1.4,3.4,4.8,0.5,0.7,0.1,0.2,1.1,2.2,1.2,-6.5,5.8,0.8,2.8,30.6,1.2,3.2,39.0,0.7,1.0,69.2,47.8,45.5,53.2,16.9,14.5,3.8,44.8,50.2,15.0,6.3,18.6,17.2,79.0,62.0,6.0,9.0,1.0,14.0,76.0,11.0,36.0,16.0,41.0,9.0,13.0,266.0,15960.0
2814887,P. Renane,981305,SOL GIRONÈS BISBAL BÀSQUET,PF,4,3&D Wing,,https://imagenes.feb.es/Foto.aspx?c=2814887,13,10,20.5,6.1,1.4,3.4,4.8,0.5,0.7,0.1,0.2,1.1,2.2,1.2,-6.5,5.8,0.8,2.8,30.6,1.2,3.2,39.0,0.7,1.0,69.2,47.8,45.5,53.2,16.9,14.5,3.8,44.8,50.2,15.0,6.3,18.6,17.2,79.0,62.0,6.0,9.0,1.0,14.0,76.0,11.0,36.0,16.0,41.0,9.0,13.0,266.0,15960.0
2815046,N. Cledjo Houngues,981305,SOL GIRONÈS BISBAL BÀSQUET,PF,4,Rolling Big,,https://imagenes.feb.es/Foto.aspx?c=2815046,3,0,2.2,0.7,0.0,0.0,0.0,0.0,0.0,0.0,0.0,0.3,0.3,0.3,0.3,0.3,0.3,0.3,100.0,0.0,0.0,0.0,0.0,0.0,0.0,100.0,100.0,0.0,0.0,50.0,0.1,44.8,44.8,26.9,0.0,0.0,14.5,2.0,0.0,0.0,0.0,0.0,1.0,1.0,1.0,1.0,0.0,0.0,0.0,0.0,6.7,404.0
2822552,C. Larousse,981305,SOL GIRONÈS BISBAL BÀSQUET,C,5,Traditional Center,,https://imagenes.feb.es/Foto.aspx?c=2822552,10,10,25.4,7.1,3.1,3.1,6.2,0.8,0.5,0.1,0.5,1.8,3.0,2.5,-1.2,7.3,2.9,5.8,50.0,0.1,0.5,20.0,1.0,2.8,35.7,47.1,48.4,7.9,44.4,19.3,4.4,50.7,51.9,19.5,13.2,44.9,16.8,71.0,62.0,8.0,5.0,1.0,18.0,73.0,29.0,58.0,1.0,5.0,10.0,28.0,254.0,15237.0
2117260,G. Sabater Martinez,981305,SOL GIRONÈS BISBAL BÀSQUET,C,5,,,https://imagenes.feb.es/Foto.aspx?c=2117260,1,0,1.8,2.0,0.0,0.0,0.0,0.0,0.0,0.0,0.0,0.0,0.0,1.0,2.0,2.0,0.0,0.0,0.0,0.0,0.0,0.0,2.0,3.0,66.7,75.8,0.0,0.0,0.0,0.0,1.6,,,,,,,2.0,0.0,0.0,0.0,0.0,0.0,2.0,0.0,0.0,0.0,0.0,2.0,3.0,1.8,106.0
2815176,S. Kane,981305,SOL GIRONÈS BISBAL BÀSQUET,C,5,Traditional Center,,https://imagenes.feb.es/Foto.aspx?c=2815176,24,1,12.8,2.0,1.6,2.8,4.4,0.2,0.3,0.4,0.0,1.0,1.2,0.9,-1.0,3.9,0.9,2.2,38.9,0.0,0.0,0.0,0.3,1.0,28.0,37.7,38.9,0.0,46.3,27.0,1.7,37.8,38.8,22.4,13.3,56.4,13.5,49.0,105.0,4.0,8.0,10.0,24.0,94.0,21.0,54.0,0.0,0.0,7.0,25.0,306.6,18396.0
2233052,D. Efambe,981305,SOL GIRONÈS BISBAL BÀSQUET,C,5,Rolling Big,,https://imagenes.feb.es/Foto.aspx?c=2233052,5,0,4.5,1.6,1.0,0.2,1.2,0.0,0.0,0.0,0.0,0.8,0.8,0.2,-2.0,0.0,0.6,2.0,30.0,0.0,0.0,0.0,0.4,0.4,100.0,36.8,30.0,0.0,20.0,26.9,0.1,30.0,34.9,22.2,25.3,20.0,29.8,8.0,6.0,0.0,0.0,0.0,4.0,0.0,3.0,10.0,0.0,0.0,2.0,2.0,22.5,1354.0
2614810,L. Dimitrovic,981305,SOL GIRONÈS BISBAL BÀSQUET,C,5,Rolling Big,,https://imagenes.feb.es/Foto.aspx?c=2614810,2,0,2.9,0.0,0.0,0.0,0.0,0.0,0.0,0.0,0.0,0.0,0.0,0.0,-0.5,0.0,0.0,0.0,0.0,0.0,0.0,0.0,0.0,0.0,0.0,0.0,0.0,0.0,0.0,0.0,0.0,0.0,0.0,0.0,0.0,0.0,0.0,0.0,0.0,0.0,0.0,0.0,0.0,0.0,0.0,0.0,0.0,0.0,0.0,0.0,5.9,354.0
1825944,R. Garcia Salame,981514,SPANISH BASKETBALL ACADEMY,PG,1,Offensive Engine,,https://imagenes.feb.es/Foto.aspx?c=1825944,30,28,30.9,12.5,0.5,3.1,3.7,5.5,1.4,0.0,0.4,2.4,2.7,5.6,5.7,15.5,2.6,6.5,39.3,1.3,4.2,29.9,3.6,4.9,74.0,48.5,41.5,39.3,45.2,15.5,9.2,40.6,47.9,15.1,2.0,47.9,22.4,376.0,110.0,166.0,43.0,0.0,71.0,466.0,77.0,196.0,38.0,127.0,108.0,146.0,927.1,55612.0
1374966,A. Moreno Trujillo,981514,SPANISH BASKETBALL ACADEMY,PG,1,Lead Guard,,https://imagenes.feb.es/Foto.aspx?c=1374966,28,1,17.7,5.9,0.7,2.1,2.8,3.1,1.4,0.2,0.2,2.3,3.5,1.7,0.4,3.4,1.7,4.6,36.4,0.5,3.0,15.5,1.2,1.6,73.3,35.7,31.2,39.4,21.1,21.8,2.4,27.9,35.9,22.6,4.4,35.8,27.2,166.0,77.0,86.0,40.0,6.0,65.0,96.0,47.0,129.0,13.0,84.0,33.0,45.0,496.2,29778.0
2816555,L. Savikjevikj,981514,SPANISH BASKETBALL ACADEMY,PG,1,Rolling Big,,https://imagenes.feb.es/Foto.aspx?c=2816555,4,0,12.0,1.5,0.0,0.8,0.8,1.2,0.0,0.0,0.0,0.8,1.5,0.5,-5.0,-0.2,0.0,0.2,0.0,0.5,2.2,22.2,0.0,0.0,0.0,30.0,30.0,90.0,0.0,23.1,-0.3,18.7,18.7,14.0,0.0,0.0,12.5,6.0,3.0,5.0,0.0,0.0,3.0,-1.0,0.0,1.0,2.0,9.0,0.0,0.0,48.0,2879.0
2846994,K. Curfman,981514,SPANISH BASKETBALL ACADEMY,SG,2,High Volume Scorer,,https://imagenes.feb.es/Foto.aspx?c=2846994,25,10,26.7,14.0,0.2,1.2,1.4,1.7,0.7,0.0,0.2,1.3,2.0,1.9,6.7,10.0,1.1,2.1,51.9,3.4,8.3,40.9,1.7,2.2,76.4,61.8,59.4,80.0,21.2,10.1,8.7,60.5,62.9,9.9,0.8,22.4,21.4,351.0,35.0,43.0,17.0,0.0,32.0,251.0,27.0,52.0,85.0,208.0,42.0,55.0,668.4,40120.0
2436640,J. Puidet,981514,SPANISH BASKETBALL ACADEMY,SG,2,3&D Wing,,https://imagenes.feb.es/Foto.aspx?c=2436640,30,23,29.6,8.9,1.6,4.2,5.8,3.1,1.1,0.2,0.1,1.7,2.4,2.1,4.5,12.2,1.6,3.0,53.3,1.5,4.7,32.9,1.1,1.4,76.2,53.5,50.9,60.9,18.3,17.0,7.7,54.8,57.1,17.0,6.1,23.9,15.3,266.0,174.0,93.0,32.0,5.0,51.0,365.0,48.0,90.0,46.0,140.0,32.0,42.0,886.8,53202.0
2065452,J. Santano Bartolome,981514,SPANISH BASKETBALL ACADEMY,SG,2,Traditional Center,,https://imagenes.feb.es/Foto.aspx?c=2065452,29,25,20.1,6.0,1.3,2.7,4.0,1.0,0.8,0.3,0.3,0.8,1.6,1.6,4.4,7.6,2.2,4.1,54.2,0.1,1.0,10.0,1.2,2.2,54.0,48.7,46.3,20.0,42.0,11.0,5.0,46.8,49.9,10.9,7.5,41.6,15.6,173.0,117.0,29.0,24.0,10.0,22.0,221.0,65.0,120.0,3.0,30.0,34.0,63.0,581.6,34885.0
1990032,M. Echeverria Fernandez,981514,SPANISH BASKETBALL ACADEMY,SF,3,3&D Wing,,https://imagenes.feb.es/Foto.aspx?c=1990032,26,3,16.8,2.5,1.9,2.3,4.3,0.6,0.8,0.0,0.1,0.7,1.2,0.6,-0.0,4.8,1.0,2.1,50.0,0.0,0.7,5.6,0.3,0.6,50.0,41.1,39.6,25.0,22.2,18.5,2.9,44.1,44.6,15.1,13.8,26.6,10.0,65.0,111.0,15.0,20.0,0.0,18.0,124.0,27.0,54.0,1.0,18.0,8.0,16.0,437.1,26218.0
2643320,T. Trifonov,981514,SPANISH BASKETBALL ACADEMY,SF,3,Rolling Big,,https://imagenes.feb.es/Foto.aspx?c=2643320,9,0,2.7,0.8,0.0,0.0,0.0,0.1,0.1,0.0,0.0,0.8,0.6,0.0,-1.7,-1.1,0.2,0.6,40.0,0.1,0.6,20.0,0.0,0.0,0.0,35.0,35.0,50.0,0.0,41.2,-0.7,29.6,29.6,24.3,0.0,0.0,31.7,7.0,0.0,1.0,1.0,0.0,7.0,-10.0,2.0,5.0,1.0,5.0,0.0,0.0,23.9,1435.0
2203181,J. Ortega Mora,981514,SPANISH BASKETBALL ACADEMY,SF,3,Rolling Big,,https://imagenes.feb.es/Foto.aspx?c=2203181,5,0,2.3,0.6,0.0,0.0,0.0,0.0,0.0,0.0,0.0,0.2,0.6,0.0,-1.2,-0.8,0.0,0.2,0.0,0.2,0.6,33.3,0.0,0.0,0.0,37.5,37.5,75.0,0.0,20.0,-0.3,20.4,20.4,5.7,0.0,0.0,18.8,3.0,0.0,0.0,0.0,0.0,1.0,-4.0,0.0,1.0,1.0,3.0,0.0,0.0,11.4,681.0
2481590,A. Butko,981514,SPANISH BASKETBALL ACADEMY,SF,3,Offensive Engine,,https://imagenes.feb.es/Foto.aspx?c=2481590,10,0,3.9,0.6,0.0,0.2,0.2,0.1,0.3,0.0,0.0,0.2,0.8,0.1,-1.2,-0.3,0.2,0.5,40.0,0.0,0.3,0.0,0.2,0.2,100.0,33.8,25.0,37.5,25.0,18.4,0.0,20.8,23.4,23.7,0.0,9.6,12.3,6.0,2.0,1.0,3.0,0.0,2.0,-3.0,2.0,5.0,0.0,3.0,2.0,2.0,39.4,2365.0
2816737,D. Simeunovic,981514,SPANISH BASKETBALL ACADEMY,PF,4,Stretch Big,,https://imagenes.feb.es/Foto.aspx?c=2816737,29,29,34.1,20.1,2.4,5.7,8.1,2.9,1.1,0.4,0.3,2.2,2.6,5.0,4.8,22.2,6.4,11.4,55.9,1.3,5.2,24.5,3.5,5.2,66.9,53.1,49.9,31.3,31.3,10.6,14.4,50.1,53.3,10.5,8.6,31.0,27.9,582.0,236.0,85.0,32.0,13.0,65.0,643.0,185.0,331.0,37.0,151.0,101.0,151.0,988.4,59289.0
1549741,E. Arques Lopez,981514,SPANISH BASKETBALL ACADEMY,PF,4,3&D Wing,,https://imagenes.feb.es/Foto.aspx?c=1549741,2,0,22.9,10.0,0.5,3.5,4.0,1.5,0.0,0.5,0.0,0.5,1.5,3.5,-6.0,10.5,1.5,5.5,27.3,2.0,3.0,66.7,1.0,3.0,33.3,50.9,52.9,35.3,35.3,4.8,6.4,47.6,46.6,5.0,6.1,18.0,19.9,20.0,8.0,3.0,0.0,1.0,1.0,21.0,3.0,11.0,4.0,6.0,2.0,6.0,45.8,2748.0
1549741,E. Arques Lopez,981514,SPANISH BASKETBALL ACADEMY,PF,4,Stretch Big,,https://imagenes.feb.es/Foto.aspx?c=1549741,2,0,22.9,10.0,0.5,3.5,4.0,1.5,0.0,0.5,0.0,0.5,1.5,3.5,-6.0,10.5,1.5,5.5,27.3,2.0,3.0,66.7,1.0,3.0,33.3,50.9,52.9,35.3,35.3,4.8,6.4,47.6,46.6,5.0,6.1,18.0,19.9,20.0,8.0,3.0,0.0,1.0,1.0,21.0,3.0,11.0,4.0,6.0,2.0,6.0,45.8,2748.0
2752020,E. Medina Roa,981514,SPANISH BASKETBALL ACADEMY,C,5,Traditional Center,,https://imagenes.feb.es/Foto.aspx?c=2752020,30,20,19.2,8.7,2.4,3.3,5.6,0.3,0.2,1.0,0.1,1.9,2.7,2.3,2.8,11.4,3.7,5.0,75.2,0.0,0.0,0.0,1.3,2.2,56.7,73.4,75.2,0.0,45.0,23.9,7.2,74.0,71.9,23.7,14.8,56.8,18.4,262.0,169.0,9.0,7.0,30.0,56.0,341.0,112.0,149.0,0.0,0.0,38.0,67.0,575.5,34525.0
2312124,S. Traore,981514,SPANISH BASKETBALL ACADEMY,C,5,Traditional Center,,https://imagenes.feb.es/Foto.aspx?c=2312124,29,11,14.4,4.4,1.7,2.8,4.4,0.2,0.2,0.5,0.1,0.9,2.6,1.8,0.7,5.8,1.5,2.6,57.3,0.0,0.0,0.0,1.4,2.6,56.0,58.7,56.6,1.3,98.7,19.3,3.5,51.3,60.0,18.4,13.6,122.6,14.6,128.0,128.0,6.0,6.0,14.0,26.0,168.0,43.0,75.0,0.0,1.0,42.0,75.0,418.3,25102.0
2596649,R. Rotcenkovs,981514,SPANISH BASKETBALL ACADEMY,,6,,,https://imagenes.feb.es/Foto.aspx?c=2596649,1,0,2.7,0.0,0.0,0.0,0.0,0.0,0.0,0.0,1.0,0.0,1.0,0.0,1.0,-2.0,0.0,1.0,0.0,0.0,0.0,0.0,0.0,0.0,0.0,0.0,0.0,0.0,0.0,0.0,-1.1,,,,,,,0.0,0.0,0.0,0.0,0.0,0.0,-2.0,0.0,1.0,0.0,0.0,0.0,0.0,2.7,161.0
1664877,P. Isern Maza,981241,UEMC BALONCESTO VALLADOLID,PG,1,Offensive Engine,,https://imagenes.feb.es/Foto.aspx?c=1664877,2,0,20.6,10.0,0.0,1.5,1.5,2.0,1.0,0.0,0.0,2.0,2.5,2.5,-2.0,8.0,3.0,6.0,50.0,0.5,1.5,33.3,2.5,3.0,83.3,56.7,50.0,20.0,40.0,18.5,5.8,48.6,56.6,17.6,0.0,42.2,22.4,20.0,3.0,4.0,2.0,0.0,4.0,16.0,6.0,12.0,1.0,3.0,5.0,6.0,41.3,2477.0
1765552,P. Marin Fontan,981241,UEMC BALONCESTO VALLADOLID,PG,1,Offensive Engine,,https://imagenes.feb.es/Foto.aspx?c=1765552,2,2,22.0,5.0,0.5,3.5,4.0,5.5,0.5,0.0,0.0,1.0,4.0,2.5,-9.0,9.5,0.5,1.5,33.3,0.5,2.0,25.0,2.5,3.0,83.3,51.9,35.7,57.1,85.7,17.2,5.9,32.3,55.4,14.1,2.3,91.8,11.2,10.0,8.0,11.0,1.0,0.0,2.0,19.0,1.0,3.0,1.0,4.0,5.0,6.0,44.1,2649.0
2814865,I. Haney,981241,UEMC BALONCESTO VALLADOLID,SG,2,3&D Wing,,https://imagenes.feb.es/Foto.aspx?c=2814865,2,2,27.9,12.0,0.5,3.0,3.5,0.5,0.0,0.0,0.0,1.0,2.0,7.5,-2.0,9.0,2.5,7.5,33.3,0.5,3.5,14.3,5.5,9.0,61.1,40.1,29.5,31.8,81.8,6.3,3.9,29.0,40.2,6.4,1.8,85.5,24.5,24.0,7.0,1.0,0.0,0.0,2.0,18.0,5.0,15.0,1.0,7.0,11.0,18.0,55.8,3343.0
2814956,J. Hanna,981241,UEMC BALONCESTO VALLADOLID,SG,2,Stretch Big,,https://imagenes.feb.es/Foto.aspx?c=2814956,2,0,23.1,9.5,1.5,1.5,3.0,0.5,0.5,0.0,0.5,0.5,3.0,3.5,-3.0,9.0,2.0,3.5,57.1,0.5,1.5,33.3,4.0,6.0,66.7,62.2,55.0,30.0,120.0,6.1,6.8,53.6,60.4,4.8,6.5,141.9,15.0,19.0,6.0,1.0,1.0,0.0,1.0,18.0,4.0,7.0,1.0,3.0,8.0,12.0,46.2,2776.0
2130102,J. Garcia-Abril Guerrero,981241,UEMC BALONCESTO VALLADOLID,SF,3,Rolling Big,,https://imagenes.feb.es/Foto.aspx?c=2130102,2,0,7.9,1.0,0.0,0.5,0.5,0.0,0.5,0.0,0.5,0.5,1.0,1.5,-5.0,-1.0,0.0,1.0,0.0,0.0,1.0,0.0,1.0,2.0,50.0,17.4,0.0,50.0,100.0,14.8,-1.0,0.0,14.0,15.3,0.0,154.4,18.2,2.0,1.0,0.0,1.0,0.0,1.0,-2.0,0.0,2.0,0.0,2.0,2.0,4.0,15.8,947.0
1842301,P. Martin Martin,981241,UEMC BALONCESTO VALLADOLID,PF,4,Shooter Specialist,,https://imagenes.feb.es/Foto.aspx?c=1842301,2,2,19.0,14.5,1.5,1.5,3.0,0.5,0.0,0.0,0.0,0.5,2.0,2.5,-3.0,14.5,6.0,7.5,80.0,0.5,2.5,20.0,1.0,1.0,100.0,69.4,67.5,25.0,10.0,4.6,10.6,70.8,72.6,3.6,7.9,11.4,24.7,29.0,6.0,1.0,0.0,0.0,1.0,29.0,12.0,15.0,1.0,5.0,2.0,2.0,38.0,2281.0
1990894,I. Ordoñez Ochoa,981241,UEMC BALONCESTO VALLADOLID,PF,4,Traditional Center,,https://imagenes.feb.es/Foto.aspx?c=1990894,2,2,21.2,9.5,2.5,4.5,7.0,2.0,0.0,0.0,0.5,1.0,1.0,5.5,-7.5,15.0,2.0,5.0,40.0,0.0,0.5,0.0,5.5,9.0,61.1,50.2,36.4,9.1,163.6,9.6,8.2,35.8,50.5,8.9,11.7,193.3,21.0,19.0,14.0,4.0,0.0,0.0,2.0,30.0,4.0,10.0,0.0,1.0,11.0,18.0,42.5,2553.0
1549741,E. Arques Lopez,981241,UEMC BALONCESTO VALLADOLID,PF,4,3&D Wing,,https://imagenes.feb.es/Foto.aspx?c=1549741,2,0,21.2,7.0,2.0,4.0,6.0,1.5,1.0,0.0,0.0,0.5,0.0,0.0,-0.5,10.0,3.5,7.5,46.7,0.0,1.0,0.0,0.0,0.0,0.0,41.2,41.2,11.8,0.0,5.6,6.6,47.6,46.6,5.0,6.1,18.0,19.9,14.0,12.0,3.0,2.0,0.0,1.0,20.0,7.0,15.0,0.0,2.0,0.0,0.0,42.3,2537.0
1549741,E. Arques Lopez,981241,UEMC BALONCESTO VALLADOLID,PF,4,Stretch Big,,https://imagenes.feb.es/Foto.aspx?c=1549741,2,0,21.2,7.0,2.0,4.0,6.0,1.5,1.0,0.0,0.0,0.5,0.0,0.0,-0.5,10.0,3.5,7.5,46.7,0.0,1.0,0.0,0.0,0.0,0.0,41.2,41.2,11.8,0.0,5.6,6.6,47.6,46.6,5.0,6.1,18.0,19.9,14.0,12.0,3.0,2.0,0.0,1.0,20.0,7.0,15.0,0.0,2.0,0.0,0.0,42.3,2537.0
2814863,M. Ochi,981241,UEMC BALONCESTO VALLADOLID,C,5,Traditional Center,,https://imagenes.feb.es/Foto.aspx?c=2814863,2,2,26.8,9.0,3.0,3.5,6.5,0.5,0.0,1.0,0.0,2.5,4.0,1.5,0.5,4.5,3.5,8.5,41.2,0.0,1.5,0.0,2.0,3.0,66.7,39.8,35.0,15.0,30.0,18.1,3.1,34.9,39.3,17.3,11.2,29.7,22.1,18.0,13.0,1.0,0.0,2.0,5.0,9.0,7.0,17.0,0.0,3.0,4.0,6.0,53.5,3209.0
2641236,S. Taiwo,981241,UEMC BALONCESTO VALLADOLID,C,5,Rolling Big,,https://imagenes.feb.es/Foto.aspx?c=2641236,2,0,10.2,3.5,2.0,0.5,2.5,0.0,0.5,0.0,0.5,1.0,3.0,1.5,-8.5,0.5,1.5,3.5,42.9,0.0,0.0,0.0,0.5,2.0,25.0,40.0,42.9,0.0,57.1,18.6,0.9,44.0,40.2,18.3,19.5,56.0,22.4,7.0,5.0,0.0,1.0,0.0,2.0,1.0,3.0,7.0,0.0,0.0,1.0,4.0,20.5,1228.0
