PLAYER_ID,PLAYER_NAME,TEAM_ID,TEAM,POSITION,POS_ORDER,ROLE_NAME,PHOTO_URL,GP,GS,MIN_PG,PTS_PG,ORB_PG,DRB_PG,TRB_PG,AST_PG,STL_PG,BLK_PG,BLKA_PG,TOV_PG,PF_PG,PFD_PG,PLUS_MINUS_PG,PIR_PG,FGM_2_PG,FGA_2_PG,FG2_PCT,FGM_3_PG,FGA_3_PG,FG3_PCT,FTM_PG,FTA_PG,FT_PCT,TS_PCT,EFG_PCT,3PAr,FTr,TOV_PCT,GMSC_PG,ROLE_EFG_PCT,ROLE_TS_PCT,ROLE_TOV_PCT,ROLE_ORB_PCT,ROLE_FTr,ROLE_USG_PCT,PTS,TRB,AST,STL,BLK,TOV,PIR,FGM_2,FGA_2,FGM_3,FGA_3,FTM,FTA,MIN_TOTAL,MIN_SECS_TOTAL
2839186,M. Townes Villar,981124,ALIMERKA OVIEDO BALONCESTO,PG,1,Lead Guard,https://imagenes.feb.es/Foto.aspx?c=2839186,26,23,27.3,15.8,0.8,4.3,5.1,4.2,1.3,0.2,0.7,3.1,2.0,4.3,2.7,18.0,3.7,7.5,48.5,1.7,4.5,36.8,3.6,4.7,76.2,56.2,51.0,37.4,39.0,18.1,11.4,51.4,55.8,18.1,3.5,43.0,29.3,412.0,132.0,109.0,34.0,6.0,81.0,468.0,95.0,196.0,43.0,117.0,93.0,122.0,710.0,42594.0
2815325,G. Parham Ii,981124,ALIMERKA OVIEDO BALONCESTO,PG,1,High Volume Scorer,https://imagenes.feb.es/Foto.aspx?c=2815325,30,22,26.6,13.7,0.5,2.2,2.7,2.7,0.5,0.1,0.3,2.2,2.0,2.6,4.6,11.0,2.8,5.8,49.1,2.0,5.7,34.9,2.0,2.4,83.6,54.5,50.7,49.9,21.2,14.9,7.9,48.1,51.6,14.9,2.2,20.7,25.5,411.0,80.0,80.0,15.0,3.0,66.0,330.0,85.0,173.0,60.0,172.0,61.0,73.0,799.3,47944.0
2822575,D. Duscak,981124,ALIMERKA OVIEDO BALONCESTO,PG,1,Offensive Engine,https://imagenes.feb.es/Foto.aspx?c=2822575,30,6,20.9,6.9,0.6,1.6,2.2,3.4,1.2,0.0,0.2,1.4,2.9,3.8,3.2,8.7,0.8,2.2,36.9,1.2,3.5,33.0,1.8,2.5,69.7,50.4,44.7,62.0,44.4,17.4,5.3,45.1,50.9,16.3,3.6,50.4,18.0,206.0,66.0,102.0,37.0,0.0,43.0,261.0,24.0,65.0,35.0,106.0,53.0,76.0,628.3,37678.0
1978545,R. Lobaco Muñoz,981124,ALIMERKA OVIEDO BALONCESTO,SG,2,3&D Wing,https://imagenes.feb.es/Foto.aspx?c=1978545,27,24,28.5,12.0,1.1,3.1,4.3,1.4,0.9,0.3,0.0,1.4,2.4,2.5,4.0,11.8,1.4,2.6,52.1,2.5,6.6,38.4,1.7,2.3,77.0,59.1,56.0,71.4,24.6,11.9,8.4,55.8,59.1,12.7,4.8,27.4,18.6,325.0,115.0,37.0,24.0,9.0,37.0,318.0,37.0,71.0,68.0,177.0,47.0,61.0,769.5,46176.0
1821152,P. Gonzalez Longarela,981124,ALIMERKA OVIEDO BALONCESTO,SG,2,3&D Wing,https://imagenes.feb.es/Foto.aspx?c=1821152,12,1,7.4,2.2,0.4,0.6,1.0,0.4,0.4,0.1,0.0,0.3,1.8,0.7,0.4,0.9,0.2,0.6,42.9,0.3,1.5,22.2,0.7,0.9,72.7,43.6,36.0,72.0,44.0,11.8,1.0,33.7,41.5,9.2,6.3,57.0,17.8,26.0,12.0,5.0,5.0,1.0,4.0,11.0,3.0,7.0,4.0,18.0,8.0,11.0,88.3,5293.0
2735658,C. Hermanson,981124,ALIMERKA OVIEDO BALONCESTO,SF,3,3&D Wing,https://imagenes.feb.es/Foto.aspx?c=2735658,25,9,15.4,7.8,0.4,1.2,1.6,0.6,0.6,0.0,0.2,0.7,1.3,1.1,-1.4,4.8,0.8,1.8,45.7,1.6,5.4,30.6,1.2,1.6,76.9,49.5,45.8,74.4,21.7,7.9,4.2,44.7,47.7,8.1,3.2,23.4,25.7,195.0,41.0,16.0,15.0,1.0,17.0,119.0,21.0,46.0,41.0,134.0,30.0,39.0,383.8,23039.0
2819514,F. Nwaokorie,981124,ALIMERKA OVIEDO BALONCESTO,SF,3,3&D Wing,https://imagenes.feb.es/Foto.aspx?c=2819514,30,21,23.9,7.2,1.3,2.7,4.0,0.6,0.9,0.4,0.3,1.0,1.7,1.6,1.2,7.0,1.3,2.3,58.8,1.1,4.6,24.6,1.2,1.8,64.8,47.2,44.2,67.0,26.2,11.5,4.8,44.8,47.5,11.8,6.3,25.4,16.7,217.0,120.0,17.0,28.0,13.0,30.0,210.0,40.0,68.0,34.0,138.0,35.0,54.0,718.4,43114.0
2822577,F. Copes,981124,ALIMERKA OVIEDO BALONCESTO,SF,3,3&D Wing,https://imagenes.feb.es/Foto.aspx?c=2822577,23,4,10.1,3.4,0.3,1.5,1.9,0.6,0.3,0.0,0.2,0.6,1.3,1.1,-1.6,3.0,0.8,2.0,41.3,0.3,1.0,30.4,0.9,1.4,62.5,47.5,42.8,33.3,46.4,14.4,1.8,43.3,46.5,12.3,3.8,57.0,18.9,79.0,43.0,13.0,7.0,0.0,14.0,68.0,19.0,46.0,7.0,23.0,20.0,32.0,232.6,13965.0
1981938,J. Arias Gonzalez,981124,ALIMERKA OVIEDO BALONCESTO,SF,3,Shooter Specialist,https://imagenes.feb.es/Foto.aspx?c=1981938,13,0,9.2,3.0,0.5,0.5,1.1,0.2,0.2,0.0,0.0,0.3,0.9,0.4,3.0,3.2,0.5,0.6,87.5,0.5,0.9,58.3,0.3,0.3,100.0,89.6,87.5,60.0,20.0,15.5,2.6,73.9,82.3,22.0,7.1,4.4,10.0,39.0,14.0,2.0,3.0,0.0,4.0,41.0,7.0,8.0,7.0,12.0,4.0,4.0,119.6,7173.0
1853585,A. Faure Ribes,981124,ALIMERKA OVIEDO BALONCESTO,C,5,Stretch Big,https://imagenes.feb.es/Foto.aspx?c=1853585,29,13,17.0,7.8,1.9,3.4,5.4,0.5,0.7,0.2,0.4,1.5,2.5,1.9,0.6,9.6,2.9,4.6,63.9,0.2,0.4,50.0,1.3,2.4,56.5,64.7,64.8,8.3,47.6,19.7,6.3,67.3,66.2,19.5,13.2,51.7,20.4,227.0,156.0,15.0,20.0,5.0,43.0,279.0,85.0,133.0,6.0,12.0,39.0,69.0,492.7,29565.0
2822578,D. Shelist,981124,ALIMERKA OVIEDO BALONCESTO,C,5,3&D Wing,https://imagenes.feb.es/Foto.aspx?c=2822578,30,11,18.1,6.0,1.1,2.2,3.3,0.8,0.5,0.1,0.2,1.1,2.1,1.1,1.4,6.2,1.7,2.4,68.5,0.5,1.8,29.1,1.0,1.4,75.6,61.3,57.8,43.0,32.0,18.4,4.4,52.2,56.3,16.7,6.9,37.0,15.0,179.0,99.0,24.0,15.0,4.0,33.0,186.0,50.0,73.0,16.0,55.0,31.0,41.0,542.6,32551.0
1662155,R. Cosialls Borras,981124,ALIMERKA OVIEDO BALONCESTO,C,5,Stretch Big,https://imagenes.feb.es/Foto.aspx?c=1662155,29,16,18.6,5.0,2.6,2.8,5.4,1.5,0.7,0.2,0.2,1.0,2.4,1.8,3.9,9.2,1.6,2.7,59.7,0.2,0.6,43.8,1.1,1.7,66.0,63.5,60.8,17.2,53.8,19.6,5.9,63.8,63.6,17.6,16.9,61.8,12.1,146.0,157.0,43.0,20.0,5.0,28.0,268.0,46.0,77.0,7.0,16.0,33.0,50.0,540.0,32408.0
2813978,T. Roberts,981125,CAJA RURAL CB ZAMORA,PG,1,Lead Guard,https://imagenes.feb.es/Foto.aspx?c=2813978,21,20,22.0,15.6,0.3,1.5,1.8,3.0,1.1,0.1,0.3,2.3,2.0,3.7,1.3,11.8,2.8,6.8,40.8,2.2,7.0,31.8,3.4,3.8,88.8,50.4,44.3,51.0,27.6,13.1,8.6,44.4,50.2,13.4,1.4,29.0,36.3,328.0,37.0,64.0,23.0,2.0,49.0,248.0,58.0,142.0,47.0,148.0,71.0,80.0,462.1,27730.0
1947677,T. Naspler Peraire,981125,CAJA RURAL CB ZAMORA,PG,1,Offensive Engine,https://imagenes.feb.es/Foto.aspx?c=1947677,29,18,19.6,4.1,0.7,2.3,3.0,3.7,1.3,0.1,0.2,2.1,2.6,1.2,-2.9,6.5,1.1,2.3,46.3,0.5,1.3,37.8,0.5,0.8,65.2,52.1,50.0,35.6,22.1,34.5,4.1,49.0,54.4,32.3,4.2,24.2,14.0,119.0,87.0,108.0,37.0,4.0,60.0,188.0,31.0,67.0,14.0,37.0,15.0,23.0,568.0,34072.0
1702420,J. Peris Crespo,981125,CAJA RURAL CB ZAMORA,SG,2,High Volume Scorer,https://imagenes.feb.es/Foto.aspx?c=1702420,30,0,19.5,12.7,0.3,2.1,2.4,1.9,1.0,0.0,0.2,1.9,2.2,3.0,-1.8,11.3,2.4,4.6,52.9,1.5,4.6,32.6,3.4,3.8,88.6,58.6,50.9,50.0,41.3,14.7,8.1,52.3,58.8,15.6,1.6,42.4,29.8,382.0,72.0,56.0,31.0,1.0,56.0,339.0,73.0,138.0,45.0,138.0,101.0,114.0,585.8,35133.0
2814246,C. Rogers,981125,CAJA RURAL CB ZAMORA,SG,2,High Volume Scorer,https://imagenes.feb.es/Foto.aspx?c=2814246,29,20,22.4,11.1,0.6,1.3,1.9,0.8,0.4,0.2,0.2,1.4,2.1,1.1,-2.8,5.5,1.4,3.7,38.7,2.4,6.4,37.1,1.1,1.3,86.5,52.1,49.5,63.7,12.7,11.5,5.2,48.5,51.0,11.4,3.2,12.5,24.2,321.0,55.0,22.0,13.0,6.0,40.0,160.0,41.0,106.0,69.0,186.0,32.0,37.0,650.4,39028.0
2335424,J. Round,981125,CAJA RURAL CB ZAMORA,SG,2,Shooter Specialist,https://imagenes.feb.es/Foto.aspx?c=2335424,27,2,16.7,4.6,0.4,1.2,1.6,0.8,0.3,0.1,0.0,0.7,1.8,0.6,1.4,3.9,0.6,1.0,55.6,1.0,2.1,48.3,0.4,0.6,66.7,67.7,67.1,68.2,17.6,16.4,3.2,60.7,62.4,15.6,3.0,38.2,10.9,124.0,44.0,21.0,9.0,4.0,18.0,105.0,15.0,27.0,28.0,58.0,10.0,15.0,452.0,27107.0
1890908,A. Martinez Clariana,981125,CAJA RURAL CB ZAMORA,SF,3,Stretch Big,https://imagenes.feb.es/Foto.aspx?c=1890908,30,25,21.1,8.9,1.8,3.4,5.2,1.0,0.8,0.2,0.2,0.9,1.0,3.2,0.0,14.0,2.2,4.1,52.8,0.5,1.2,41.7,3.0,3.8,79.1,63.5,55.0,22.6,72.3,11.0,8.5,55.7,64.1,10.8,10.8,82.6,16.9,266.0,156.0,29.0,23.0,7.0,26.0,419.0,65.0,123.0,15.0,36.0,91.0,115.0,634.2,38047.0
2814245,S. Thrastarson,981125,CAJA RURAL CB ZAMORA,SF,3,Stretch Big,https://imagenes.feb.es/Foto.aspx?c=2814245,29,7,21.1,8.4,0.8,2.3,3.0,1.3,0.7,0.2,0.3,1.3,2.0,2.8,-1.1,8.4,2.0,4.8,42.4,0.7,1.8,37.3,2.3,3.1,74.7,52.8,46.1,26.8,47.9,14.5,5.4,43.8,50.5,14.3,4.6,54.6,19.9,243.0,88.0,37.0,20.0,6.0,39.0,244.0,59.0,139.0,19.0,51.0,68.0,91.0,611.8,36718.0
1440545,A. Bouzan Cumplido,981125,CAJA RURAL CB ZAMORA,SF,3,3&D Wing,https://imagenes.feb.es/Foto.aspx?c=1440545,3,0,7.5,2.3,0.0,0.3,0.3,0.0,0.0,0.0,0.3,0.0,0.7,0.3,2.7,0.3,0.0,0.3,0.0,0.7,1.7,40.0,0.3,1.0,33.3,47.8,50.0,83.3,50.0,0.0,0.8,59.8,65.1,0.0,0.0,52.2,15.8,7.0,1.0,0.0,0.0,0.0,0.0,1.0,0.0,1.0,2.0,5.0,1.0,3.0,22.4,1341.0
2863857,B. Prepelic,981125,CAJA RURAL CB ZAMORA,PF,4,Offensive Engine,https://imagenes.feb.es/Foto.aspx?c=2863857,6,6,17.7,3.8,1.8,2.5,4.3,1.3,0.8,0.0,0.2,0.8,1.7,2.5,-0.2,6.7,1.2,2.8,41.2,0.0,1.2,0.0,1.5,2.3,64.3,38.1,29.2,29.2,58.3,14.2,3.5,26.6,39.9,15.6,12.1,91.6,15.2,23.0,26.0,8.0,5.0,0.0,5.0,40.0,7.0,17.0,0.0,7.0,9.0,14.0,106.1,6370.0
2335179,J. Van Zegeren,981125,CAJA RURAL CB ZAMORA,C,5,Traditional Center,https://imagenes.feb.es/Foto.aspx?c=2335179,26,16,20.1,8.5,2.0,2.9,4.9,0.5,0.4,1.0,0.3,1.2,2.8,1.8,-0.7,9.6,3.7,6.1,60.8,0.0,0.0,0.0,1.1,2.3,49.2,60.1,60.8,0.0,37.3,14.4,6.7,57.7,55.1,15.7,12.4,43.5,18.5,221.0,128.0,13.0,11.0,25.0,31.0,250.0,96.0,158.0,0.0,0.0,29.0,59.0,522.1,31318.0
2432888,O. Lo,981125,CAJA RURAL CB ZAMORA,C,5,Traditional Center,https://imagenes.feb.es/Foto.aspx?c=2432888,30,21,21.5,8.2,1.3,3.0,4.3,0.6,0.7,0.1,0.2,1.6,1.6,2.7,-1.9,9.2,3.1,5.8,53.8,0.0,0.3,12.5,1.9,3.3,58.0,54.9,52.2,4.4,55.2,17.3,5.5,50.3,53.1,17.0,6.8,81.7,19.2,247.0,129.0,19.0,21.0,3.0,47.0,277.0,93.0,173.0,1.0,8.0,58.0,100.0,644.7,38676.0
2334629,J. Paukstè,981125,CAJA RURAL CB ZAMORA,C,5,Traditional Center,https://imagenes.feb.es/Foto.aspx?c=2334629,29,10,15.9,6.1,1.7,3.3,5.0,0.1,0.1,0.3,0.3,1.1,2.1,2.1,-1.4,7.9,2.1,4.2,50.0,0.0,0.0,0.0,1.9,2.5,75.0,57.3,50.0,0.0,59.0,16.8,4.4,47.9,54.2,15.2,13.1,70.2,18.3,176.0,144.0,4.0,4.0,10.0,31.0,229.0,61.0,122.0,0.0,0.0,54.0,72.0,460.8,27652.0
2819218,D. Kristensen,981125,CAJA RURAL CB ZAMORA,C,5,Traditional Center,https://imagenes.feb.es/Foto.aspx?c=2819218,29,5,11.3,1.9,0.7,0.9,1.6,0.3,0.2,0.1,0.1,0.4,2.4,0.8,-1.8,1.0,0.7,1.1,59.4,0.0,0.2,20.0,0.4,0.8,56.5,57.3,55.4,13.5,62.2,20.3,0.9,45.4,51.9,20.7,8.0,71.6,8.3,54.0,45.0,8.0,6.0,3.0,12.0,30.0,19.0,32.0,1.0,5.0,13.0,23.0,326.7,19590.0
2185034,R. Hernandez Gallardo,981125,CAJA RURAL CB ZAMORA,,6,,https://imagenes.feb.es/Foto.aspx?c=2185034,2,0,1.1,1.0,0.0,0.0,0.0,0.0,0.0,0.0,0.0,0.0,0.5,0.0,0.5,0.0,0.5,1.0,50.0,0.0,0.0,0.0,0.0,0.0,0.0,50.0,50.0,0.0,0.0,0.0,0.3,,,,,,,2.0,0.0,0.0,0.0,0.0,0.0,0.0,1.0,2.0,0.0,0.0,0.0,0.0,2.2,134.0
2261338,C. Arranz Blanco,981125,CAJA RURAL CB ZAMORA,,6,,https://imagenes.feb.es/Foto.aspx?c=2261338,1,0,1.4,0.0,0.0,0.0,0.0,0.0,0.0,0.0,0.0,0.0,0.0,0.0,-3.0,-1.0,0.0,1.0,0.0,0.0,0.0,0.0,0.0,0.0,0.0,0.0,0.0,0.0,0.0,0.0,-0.7,,,,,,,0.0,0.0,0.0,0.0,0.0,0.0,-1.0,0.0,1.0,0.0,0.0,0.0,0.0,1.4,84.0
2650871,R. Dias Marques Lisboa Santos,981493,CLOUD.GAL OURENSE BALONCESTO,PG,1,High Volume Scorer,https://imagenes.feb.es/Foto.aspx?c=2650871,30,26,25.3,12.4,0.9,1.4,2.3,3.5,0.8,0.0,0.4,1.7,2.3,1.8,-3.1,11.0,2.5,5.2,48.4,1.9,4.8,38.6,1.8,2.0,88.5,56.9,53.0,48.3,20.3,13.5,8.8,52.1,56.0,14.1,4.2,23.0,22.9,372.0,69.0,106.0,23.0,1.0,51.0,329.0,75.0,155.0,56.0,145.0,54.0,61.0,758.7,45515.0
1778999,I. Vazquez Perez,981493,CLOUD.GAL OURENSE BALONCESTO,PG,1,Offensive Engine,https://imagenes.feb.es/Foto.aspx?c=1778999,30,4,19.0,7.6,1.0,2.2,3.2,3.1,1.0,0.2,0.1,0.8,2.7,2.5,0.1,9.8,1.7,3.4,51.5,0.9,2.8,31.8,1.4,2.1,66.7,53.1,49.7,45.7,33.9,10.5,6.8,50.2,54.2,10.2,6.1,42.7,19.3,227.0,96.0,92.0,31.0,5.0,25.0,294.0,52.0,101.0,27.0,85.0,42.0,63.0,569.9,34183.0
2819335,C. Jürgens,981493,CLOUD.GAL OURENSE BALONCESTO,PG,1,Lead Guard,https://imagenes.feb.es/Foto.aspx?c=2819335,22,7,17.8,6.1,1.0,1.3,2.3,1.6,1.1,0.3,0.4,1.0,2.1,1.9,-0.1,4.8,2.0,4.6,43.6,0.3,2.1,13.0,1.3,2.3,56.0,39.6,36.1,31.3,34.0,11.5,3.6,38.3,39.7,11.6,5.9,45.2,22.5,134.0,50.0,36.0,25.0,6.0,22.0,106.0,44.0,101.0,6.0,46.0,28.0,50.0,390.7,23436.0
2819327,G. Kalscheur,981493,CLOUD.GAL OURENSE BALONCESTO,SG,2,High Volume Scorer,https://imagenes.feb.es/Foto.aspx?c=2819327,28,26,24.0,11.7,0.8,1.5,2.3,1.6,0.6,0.1,0.1,1.6,2.3,3.2,-2.2,9.4,2.2,4.6,48.5,1.6,4.9,32.6,2.4,2.9,82.5,53.9,48.7,51.5,29.9,13.2,6.6,49.0,53.6,14.1,3.8,31.3,23.8,327.0,64.0,46.0,16.0,3.0,46.0,263.0,63.0,130.0,45.0,138.0,66.0,80.0,672.1,40323.0
1886852,M. Fernandez Carballo,981493,CLOUD.GAL OURENSE BALONCESTO,SG,2,Stretch Big,https://imagenes.feb.es/Foto.aspx?c=1886852,27,1,12.5,7.4,0.6,1.3,2.0,0.7,0.4,0.0,0.3,0.8,1.1,2.5,-0.5,7.3,1.8,4.1,43.2,0.3,1.1,30.0,2.9,3.7,78.8,54.5,43.6,21.3,70.2,10.2,4.9,41.7,52.6,10.3,5.2,78.5,27.8,201.0,53.0,19.0,12.0,0.0,21.0,198.0,48.0,111.0,9.0,30.0,78.0,99.0,338.4,20299.0
2781800,S. Mc Donnell,981493,CLOUD.GAL OURENSE BALONCESTO,SF,3,3&D Wing,https://imagenes.feb.es/Foto.aspx?c=2781800,30,29,26.0,7.9,1.8,2.6,4.4,1.5,0.9,0.2,0.3,1.0,2.4,2.6,-1.5,9.8,1.7,3.9,44.1,1.0,2.5,38.7,1.5,2.2,70.8,53.5,49.5,38.9,33.7,11.9,6.4,50.2,53.8,12.6,8.0,35.2,14.9,237.0,133.0,44.0,28.0,6.0,30.0,294.0,52.0,118.0,29.0,75.0,46.0,65.0,779.0,46749.0
2819338,K. Smith,981493,CLOUD.GAL OURENSE BALONCESTO,SF,3,3&D Wing,https://imagenes.feb.es/Foto.aspx?c=2819338,21,13,18.6,6.2,1.2,1.7,2.9,0.8,0.7,0.3,0.0,0.8,1.6,0.8,3.0,6.0,1.3,2.7,47.4,1.2,2.8,42.4,0.1,0.4,22.2,54.6,55.6,50.9,7.8,11.8,4.6,54.4,53.8,10.7,7.6,6.2,15.9,131.0,61.0,16.0,15.0,7.0,16.0,126.0,27.0,57.0,25.0,59.0,2.0,9.0,389.9,23402.0
2819332,D. Saraiva Seixas,981493,CLOUD.GAL OURENSE BALONCESTO,SF,3,3&D Wing,https://imagenes.feb.es/Foto.aspx?c=2819332,28,3,13.4,3.6,0.4,1.4,1.8,0.6,0.2,0.0,0.1,0.6,2.2,1.1,0.9,1.9,0.8,1.8,42.9,0.5,1.6,31.1,0.6,1.2,52.9,46.8,44.7,47.9,36.2,13.5,1.4,44.6,47.2,15.2,3.3,41.6,15.6,102.0,49.0,17.0,7.0,0.0,17.0,52.0,21.0,49.0,14.0,45.0,18.0,34.0,374.5,22446.0
1765084,S. Huguet Carrasco,981493,CLOUD.GAL OURENSE BALONCESTO,SF,3,3&D Wing,https://imagenes.feb.es/Foto.aspx?c=1765084,28,1,9.7,2.4,0.7,0.6,1.3,0.4,0.3,0.0,0.1,0.4,0.7,0.4,-2.4,1.5,0.6,1.1,56.7,0.3,1.8,18.4,0.2,0.6,31.2,38.4,38.6,62.0,20.3,11.3,1.2,41.3,41.3,8.7,7.5,22.6,16.4,66.0,37.0,12.0,9.0,0.0,11.0,41.0,17.0,30.0,9.0,49.0,5.0,16.0,272.0,16312.0
2867056,A. Vrabac,981493,CLOUD.GAL OURENSE BALONCESTO,PF,4,Rolling Big,https://imagenes.feb.es/Foto.aspx?c=2867056,12,10,20.1,3.8,0.8,1.9,2.7,1.3,0.6,0.2,0.4,1.6,2.5,2.2,-10.5,2.0,1.0,3.4,29.3,0.3,1.7,20.0,0.8,1.8,47.6,32.7,29.5,32.8,34.4,21.3,0.6,28.6,30.6,23.9,3.9,35.5,16.8,46.0,32.0,16.0,7.0,2.0,19.0,24.0,12.0,41.0,4.0,20.0,10.0,21.0,240.9,14465.0
2819330,C. Okanu,981493,CLOUD.GAL OURENSE BALONCESTO,C,5,Traditional Center,https://imagenes.feb.es/Foto.aspx?c=2819330,30,6,15.6,8.4,2.2,2.1,4.3,0.4,0.4,0.4,0.3,1.2,2.6,3.3,-4.6,9.5,2.9,5.6,52.4,0.0,0.0,0.0,2.6,3.8,67.0,57.6,52.1,0.6,68.0,14.1,6.1,53.3,59.5,13.8,16.2,71.5,24.9,253.0,129.0,13.0,13.0,12.0,36.0,286.0,88.0,168.0,0.0,1.0,77.0,115.0,469.0,28129.0
2654188,R. Gill,981493,CLOUD.GAL OURENSE BALONCESTO,C,5,Traditional Center,https://imagenes.feb.es/Foto.aspx?c=2654188,30,23,17.0,5.7,1.9,4.0,5.9,0.2,0.3,1.0,0.2,1.0,2.9,1.6,1.0,7.7,2.4,4.6,52.2,0.0,0.0,0.0,0.9,1.8,50.9,53.0,52.2,0.0,38.4,16.1,4.6,52.9,52.3,14.9,12.4,46.0,17.4,171.0,176.0,7.0,10.0,30.0,31.0,231.0,72.0,138.0,0.0,0.0,27.0,53.0,508.9,30544.0
1863291,M. Iglesias Fernandez,981493,CLOUD.GAL OURENSE BALONCESTO,C,5,Traditional Center,https://imagenes.feb.es/Foto.aspx?c=1863291,21,1,11.3,4.8,1.7,1.9,3.5,0.6,0.2,0.1,0.1,0.7,1.8,1.6,1.2,6.0,1.5,3.1,49.2,0.0,0.1,0.0,1.7,2.3,75.0,56.1,47.1,4.4,70.6,14.4,3.9,47.5,54.6,19.3,17.5,95.1,20.0,100.0,74.0,13.0,4.0,3.0,15.0,127.0,32.0,65.0,0.0,3.0,36.0,48.0,236.7,14197.0
2818075,L. Capalbo,981214,FIBWI MALLORCA BASQUET PALMA,PG,1,Lead Guard,https://imagenes.feb.es/Foto.aspx?c=2818075,26,26,24.4,10.9,0.6,2.1,2.7,4.4,1.3,0.0,0.4,2.4,3.2,3.1,-3.8,11.8,3.0,5.0,59.2,1.3,3.8,35.0,1.0,1.4,69.4,57.8,56.3,43.5,15.7,20.4,8.0,54.9,57.2,20.1,3.3,19.8,23.4,284.0,70.0,115.0,33.0,0.0,63.0,307.0,77.0,130.0,35.0,100.0,25.0,36.0,634.0,38038.0
1843906,A. Scariolo Ares,981214,FIBWI MALLORCA BASQUET PALMA,PG,1,Offensive Engine,https://imagenes.feb.es/Foto.aspx?c=1843906,20,0,14.5,5.3,0.3,1.2,1.6,2.2,0.4,0.0,0.5,1.3,1.2,2.1,-1.8,6.4,1.4,2.9,46.6,0.4,1.0,35.0,1.6,2.1,73.8,54.9,48.1,25.6,53.8,21.2,3.9,44.4,52.3,19.0,2.8,53.0,22.1,106.0,31.0,44.0,9.0,1.0,26.0,128.0,27.0,58.0,7.0,20.0,31.0,42.0,290.3,17413.0
1843906,A. Scariolo Ares,981214,FIBWI MALLORCA BASQUET PALMA,PG,1,Offensive Engine,https://imagenes.feb.es/Foto.aspx?c=1843906,20,0,14.5,5.3,0.3,1.2,1.6,2.2,0.4,0.0,0.5,1.3,1.2,2.1,-1.8,6.4,1.4,2.9,46.6,0.4,1.0,35.0,1.6,2.1,73.8,54.9,48.1,25.6,53.8,21.2,3.9,44.4,52.3,19.0,2.8,53.0,22.1,106.0,31.0,44.0,9.0,1.0,26.0,128.0,27.0,58.0,7.0,20.0,31.0,42.0,290.3,17413.0
1241485,J. Martinez Cabezudo,981214,FIBWI MALLORCA BASQUET PALMA,PG,1,Offensive Engine,https://imagenes.feb.es/Foto.aspx?c=1241485,13,0,9.3,1.1,0.4,0.8,1.2,1.6,0.6,0.0,0.0,0.8,1.5,0.5,-2.3,0.8,0.3,0.5,57.1,0.2,1.8,8.7,0.0,0.1,0.0,23.0,23.3,76.7,3.3,26.5,0.5,16.5,16.2,22.0,4.8,1.7,16.3,14.0,16.0,21.0,8.0,0.0,11.0,10.0,4.0,7.0,2.0,23.0,0.0,1.0,121.3,7272.0
2008018,O. Siquier Costa,981214,FIBWI MALLORCA BASQUET PALMA,PG,1,Rolling Big,https://imagenes.feb.es/Foto.aspx?c=2008018,8,0,3.6,0.6,0.4,0.2,0.6,0.2,0.1,0.0,0.1,0.0,0.5,0.0,0.6,-0.1,0.1,0.6,20.0,0.1,0.9,14.3,0.0,0.0,0.0,20.8,20.8,58.3,0.0,0.0,0.1,21.5,21.5,0.0,12.1,0.0,19.6,5.0,5.0,2.0,1.0,0.0,0.0,-1.0,1.0,5.0,1.0,7.0,0.0,0.0,28.9,1733.0
2783882,B. Vazquez Arraiza,981214,FIBWI MALLORCA BASQUET PALMA,SG,2,High Volume Scorer,https://imagenes.feb.es/Foto.aspx?c=2783882,30,5,22.3,13.6,0.3,1.1,1.4,1.2,0.8,0.1,0.2,2.1,2.5,1.9,-4.3,8.3,2.1,4.0,53.8,2.4,6.1,39.3,2.1,2.6,81.0,60.6,57.0,60.6,26.2,16.0,7.3,59.2,63.0,15.7,1.6,31.2,28.8,408.0,41.0,35.0,25.0,2.0,64.0,248.0,64.0,119.0,72.0,183.0,64.0,79.0,668.3,40095.0
2583212,L. Bracey,981214,FIBWI MALLORCA BASQUET PALMA,SG,2,Offensive Engine,https://imagenes.feb.es/Foto.aspx?c=2583212,30,23,24.6,10.6,0.8,0.8,1.6,2.1,1.0,0.0,0.4,1.6,2.1,3.0,-3.2,8.4,2.2,5.0,43.7,1.2,4.1,28.7,2.7,3.2,82.5,50.2,43.4,44.7,35.5,13.0,6.2,44.5,50.4,12.9,4.0,50.2,23.7,317.0,48.0,63.0,30.0,1.0,47.0,252.0,66.0,151.0,35.0,122.0,80.0,97.0,739.1,44338.0
2821058,J. Bocca,981214,FIBWI MALLORCA BASQUET PALMA,SG,2,3&D Wing,https://imagenes.feb.es/Foto.aspx?c=2821058,28,15,19.1,3.8,0.5,0.8,1.3,0.8,1.0,0.1,0.1,0.9,2.3,1.0,-3.8,1.8,0.4,0.9,42.3,0.8,3.0,27.1,0.6,0.8,69.6,44.2,41.0,76.6,20.7,16.5,1.8,45.9,47.4,15.0,3.7,22.7,12.9,107.0,37.0,22.0,27.0,2.0,24.0,51.0,11.0,26.0,23.0,85.0,16.0,23.0,535.9,32167.0
2027826,O. Matulionis,981214,FIBWI MALLORCA BASQUET PALMA,SF,3,3&D Wing,https://imagenes.feb.es/Foto.aspx?c=2027826,27,21,24.4,7.6,0.6,1.6,2.2,1.2,1.1,0.1,0.1,1.0,1.8,1.4,-4.0,6.1,1.6,3.1,50.6,1.3,4.1,30.4,0.7,1.0,66.7,49.3,47.7,57.4,13.8,11.5,4.8,42.2,45.4,12.6,3.2,16.4,17.3,204.0,60.0,33.0,31.0,3.0,27.0,164.0,42.0,83.0,34.0,112.0,18.0,27.0,659.5,39563.0
2838797,L. Menuge,981214,FIBWI MALLORCA BASQUET PALMA,SF,3,Shooter Specialist,https://imagenes.feb.es/Foto.aspx?c=2838797,10,0,12.8,4.2,0.3,1.8,2.1,0.6,0.3,0.0,0.1,0.1,1.5,0.4,-4.5,4.2,0.9,1.6,56.2,0.7,1.7,41.2,0.3,0.4,75.0,60.4,59.1,51.5,12.1,2.8,3.3,69.6,70.8,2.2,3.0,12.4,13.1,42.0,21.0,6.0,3.0,0.0,1.0,42.0,9.0,16.0,7.0,17.0,3.0,4.0,128.2,7693.0
1509876,J. Aramburu Lamy,981214,FIBWI MALLORCA BASQUET PALMA,PF,4,Stretch Big,https://imagenes.feb.es/Foto.aspx?c=1509876,30,28,26.7,7.4,1.3,4.3,5.6,1.7,1.4,0.5,0.1,1.0,2.3,2.9,-3.0,11.8,1.9,3.3,57.1,0.7,2.4,28.8,1.5,2.7,57.5,53.6,51.2,42.7,46.8,13.1,7.1,50.0,52.7,11.3,6.3,51.4,14.2,221.0,167.0,50.0,41.0,15.0,31.0,353.0,56.0,98.0,21.0,73.0,46.0,80.0,800.4,48026.0
2527396,P. Santos Spencer,981214,FIBWI MALLORCA BASQUET PALMA,PF,4,3&D Wing,https://imagenes.feb.es/Foto.aspx?c=2527396,4,0,10.5,3.2,0.2,1.5,1.8,0.5,0.2,0.0,0.2,1.0,2.2,1.0,-1.2,1.5,1.0,1.5,66.7,0.2,1.8,14.3,0.5,0.5,100.0,46.8,42.3,53.8,15.4,22.4,0.8,32.8,37.6,28.2,4.0,17.8,20.0,13.0,7.0,2.0,1.0,0.0,4.0,6.0,4.0,6.0,1.0,7.0,2.0,2.0,41.9,2512.0
2819257,P. Bombino Parada,981214,FIBWI MALLORCA BASQUET PALMA,C,5,Traditional Center,https://imagenes.feb.es/Foto.aspx?c=2819257,29,28,22.9,11.8,1.6,3.4,5.0,1.7,0.9,0.3,0.2,2.3,2.9,3.9,-5.1,13.3,4.4,7.8,56.4,0.0,0.0,0.0,3.0,4.7,63.5,59.5,56.1,0.4,60.1,18.9,8.4,53.7,58.1,18.8,8.8,73.1,25.8,343.0,145.0,48.0,27.0,10.0,67.0,386.0,128.0,227.0,0.0,1.0,87.0,137.0,664.1,39841.0
2788739,L. Smith,981214,FIBWI MALLORCA BASQUET PALMA,C,5,Traditional Center,https://imagenes.feb.es/Foto.aspx?c=2788739,30,2,16.6,5.0,1.9,2.2,4.1,0.4,0.3,0.9,0.3,0.9,2.3,1.5,-3.0,6.0,2.2,4.0,54.2,0.0,0.1,0.0,0.6,1.7,37.3,51.6,53.3,1.6,41.8,15.7,3.9,56.2,53.6,13.4,13.9,50.6,16.5,149.0,123.0,11.0,10.0,26.0,27.0,180.0,65.0,120.0,0.0,2.0,19.0,51.0,499.1,29934.0
2319991,S. Niang Beye,981214,FIBWI MALLORCA BASQUET PALMA,C,5,3&D Wing,https://imagenes.feb.es/Foto.aspx?c=2319991,14,2,17.1,4.5,1.4,3.0,4.4,0.6,0.4,0.1,0.1,0.5,1.8,0.9,-1.9,5.9,0.9,1.6,52.2,0.7,2.3,31.2,0.6,1.1,60.0,51.1,49.1,58.2,27.3,10.2,3.8,44.0,44.4,11.6,9.5,26.2,13.8,63.0,61.0,9.0,5.0,2.0,7.0,82.0,12.0,23.0,10.0,32.0,9.0,15.0,239.6,14364.0
1597927,A. Bosch Domingo,981214,FIBWI MALLORCA BASQUET PALMA,,6,,https://imagenes.feb.es/Foto.aspx?c=1597927,1,0,0.2,0.0,0.0,0.0,0.0,0.0,0.0,0.0,0.0,0.0,0.0,0.0,0.0,0.0,0.0,0.0,0.0,0.0,0.0,0.0,0.0,0.0,0.0,0.0,0.0,0.0,0.0,0.0,0.0,,,,,,,0.0,0.0,0.0,0.0,0.0,0.0,0.0,0.0,0.0,0.0,0.0,0.0,0.0,0.2,11.0
2736767,M. Diaz,981525,FLEXICAR FUENLABRADA,PG,1,High Volume Scorer,https://imagenes.feb.es/Foto.aspx?c=2736767,31,27,27.7,13.6,0.4,4.1,4.5,4.2,1.2,0.1,0.3,2.4,2.7,4.3,2.8,16.9,2.5,5.2,48.8,1.9,4.6,40.6,2.9,3.5,84.3,60.0,54.4,46.9,35.4,17.2,10.6,55.0,59.5,18.1,1.8,34.1,23.9,423.0,140.0,129.0,38.0,4.0,73.0,523.0,79.0,162.0,58.0,143.0,91.0,108.0,858.4,51508.0
2236015,G. Renfroe,981525,FLEXICAR FUENLABRADA,PG,1,Offensive Engine,https://imagenes.feb.es/Foto.aspx?c=2236015,22,5,22.4,4.5,0.7,2.7,3.4,4.5,0.8,0.0,0.2,1.5,2.0,1.7,0.6,8.2,0.7,2.0,36.4,0.6,2.2,28.6,1.2,1.6,74.3,46.1,39.8,52.7,37.6,23.9,4.9,37.8,44.0,23.8,4.2,45.7,13.7,100.0,75.0,100.0,18.0,1.0,34.0,180.0,16.0,44.0,14.0,49.0,26.0,35.0,493.9,29622.0
2819305,L. Nikkarinen,981525,FLEXICAR FUENLABRADA,PG,1,Rolling Big,https://imagenes.feb.es/Foto.aspx?c=2819305,8,0,11.5,0.8,0.1,0.5,0.6,1.0,0.2,0.0,0.0,0.5,2.2,0.8,-2.5,-1.4,0.0,0.9,0.0,0.1,1.1,11.1,0.4,0.5,75.0,16.9,9.4,56.2,25.0,18.4,-0.9,9.9,19.1,9.5,1.5,28.1,11.5,6.0,5.0,8.0,2.0,0.0,4.0,-11.0,0.0,7.0,1.0,9.0,3.0,4.0,92.4,5543.0
2157874,V. Alves Benite,981525,FLEXICAR FUENLABRADA,SG,2,High Volume Scorer,https://imagenes.feb.es/Foto.aspx?c=2157874,29,29,28.0,16.1,0.2,2.4,2.7,2.4,0.6,0.0,0.2,2.3,1.9,3.0,0.8,13.7,2.2,4.6,48.5,3.0,7.1,42.5,2.6,3.1,83.5,61.7,57.8,61.1,26.8,15.0,10.0,58.0,61.9,14.2,1.1,28.2,26.5,468.0,77.0,71.0,18.0,1.0,67.0,397.0,64.0,132.0,88.0,207.0,76.0,91.0,812.9,48765.0
1710454,D. Manchon Crespo,981525,FLEXICAR FUENLABRADA,SG,2,Lead Guard,https://imagenes.feb.es/Foto.aspx?c=1710454,31,30,26.6,11.3,0.5,2.5,3.0,2.3,1.9,0.0,0.6,1.7,2.1,2.4,-1.6,11.2,3.0,5.4,56.6,1.2,3.6,33.3,1.6,2.8,58.0,55.4,54.0,40.1,31.8,14.1,8.3,54.8,56.4,14.2,2.3,39.0,21.4,350.0,92.0,70.0,60.0,1.0,52.0,347.0,94.0,166.0,37.0,111.0,51.0,88.0,825.4,49523.0
2642637,A. Murphy,981525,FLEXICAR FUENLABRADA,SF,3,Shooter Specialist,https://imagenes.feb.es/Foto.aspx?c=2642637,7,7,24.7,11.6,0.7,3.3,4.0,0.6,0.7,0.1,0.1,0.4,2.0,2.0,0.4,12.4,3.3,5.0,65.7,1.4,3.3,43.5,0.7,1.3,55.6,65.4,65.5,39.7,15.5,4.6,8.9,63.5,63.6,5.5,4.0,15.5,18.4,81.0,28.0,4.0,5.0,1.0,3.0,87.0,23.0,35.0,10.0,23.0,5.0,9.0,172.9,10373.0
2820728,J. Belemene-Dzabatou,981525,FLEXICAR FUENLABRADA,SF,3,3&D Wing,https://imagenes.feb.es/Foto.aspx?c=2820728,31,15,22.2,5.3,1.0,2.7,3.7,0.8,1.0,0.5,0.1,0.5,2.3,1.7,0.1,6.5,1.1,2.1,51.5,0.8,2.7,28.2,0.7,1.5,50.0,47.6,46.4,56.3,30.5,9.0,4.3,46.0,47.7,8.5,5.9,43.5,13.1,163.0,115.0,26.0,31.0,15.0,17.0,200.0,34.0,66.0,24.0,85.0,23.0,46.0,686.8,41211.0
2820729,P. Rigot,981525,FLEXICAR FUENLABRADA,SF,3,3&D Wing,https://imagenes.feb.es/Foto.aspx?c=2820729,30,2,15.0,5.1,0.4,1.3,1.8,0.2,0.1,0.0,0.1,0.6,1.2,0.9,-3.7,3.6,0.8,1.8,46.3,0.8,2.5,33.8,0.9,1.1,84.4,53.5,48.8,57.8,25.0,11.2,2.6,46.0,51.5,9.9,3.7,28.2,17.1,152.0,53.0,7.0,4.0,0.0,18.0,107.0,25.0,54.0,25.0,74.0,27.0,32.0,448.9,26931.0
1992879,P. Rodriguez Pascual,981525,FLEXICAR FUENLABRADA,SF,3,3&D Wing,https://imagenes.feb.es/Foto.aspx?c=1992879,12,0,2.4,1.0,0.0,0.4,0.4,0.0,0.1,0.1,0.0,0.7,0.5,0.2,-2.1,-0.2,0.1,0.2,50.0,0.2,0.8,33.3,0.1,0.3,25.0,47.0,50.0,81.8,36.4,38.5,-0.2,54.0,47.9,25.1,0.0,36.3,33.7,12.0,5.0,0.0,1.0,1.0,8.0,-3.0,1.0,2.0,3.0,9.0,1.0,4.0,29.1,1742.0
2559072,P. Suárez Custodio,981525,FLEXICAR FUENLABRADA,SF,3,3&D Wing,https://imagenes.feb.es/Foto.aspx?c=2559072,4,0,4.3,0.8,0.2,0.2,0.5,0.0,0.0,0.0,0.0,0.0,1.0,0.0,-10.8,-0.2,0.0,0.0,0.0,0.2,0.8,33.3,0.0,0.0,0.0,50.0,50.0,100.0,0.0,0.0,0.2,75.4,75.4,0.0,7.5,0.0,8.2,3.0,2.0,0.0,0.0,0.0,0.0,-1.0,0.0,0.0,1.0,3.0,0.0,0.0,17.1,1026.0
2820727,J. Kasibabu Shilala,981525,FLEXICAR FUENLABRADA,PF,4,Stretch Big,https://imagenes.feb.es/Foto.aspx?c=2820727,28,19,21.5,8.9,1.5,3.2,4.7,1.0,0.4,0.4,0.1,1.6,2.9,3.3,-1.3,10.3,2.8,4.6,60.2,0.3,1.0,27.6,2.5,3.8,66.0,60.9,56.7,18.5,67.5,18.4,6.3,55.4,59.6,17.8,9.4,76.7,19.8,248.0,132.0,27.0,12.0,12.0,46.0,289.0,77.0,128.0,8.0,29.0,70.0,106.0,601.3,36077.0
2446631,P. Ali,981525,FLEXICAR FUENLABRADA,PF,4,Stretch Big,https://imagenes.feb.es/Foto.aspx?c=2446631,8,0,15.7,8.6,0.1,2.1,2.2,1.0,0.4,0.4,0.0,1.0,1.1,2.0,0.0,10.1,1.9,3.1,60.0,0.9,1.6,53.8,2.2,2.6,85.7,73.0,67.1,34.2,55.3,14.5,6.9,65.0,70.0,14.6,1.2,59.3,21.1,69.0,18.0,8.0,3.0,3.0,8.0,81.0,15.0,25.0,7.0,13.0,18.0,21.0,125.9,7554.0
2736363,D. Stolbetskiy,981525,FLEXICAR FUENLABRADA,PF,4,3&D Wing,https://imagenes.feb.es/Foto.aspx?c=2736363,20,2,4.9,1.6,0.2,0.4,0.6,0.2,0.0,0.0,0.0,0.3,1.2,0.2,-1.8,0.4,0.6,1.3,50.0,0.0,0.2,25.0,0.2,0.2,60.0,49.7,48.3,13.3,16.7,15.7,0.5,41.2,44.2,12.2,6.3,25.9,18.4,32.0,13.0,4.0,1.0,0.0,6.0,7.0,13.0,26.0,1.0,4.0,3.0,5.0,98.4,5902.0
1384981,I. Aurrecoechea Alcolado,981525,FLEXICAR FUENLABRADA,C,5,Traditional Center,https://imagenes.feb.es/Foto.aspx?c=1384981,10,7,24.8,13.8,3.4,5.3,8.7,2.0,0.1,0.2,0.7,2.2,1.3,4.3,3.9,21.1,5.2,8.3,62.7,0.0,0.1,0.0,3.4,4.7,72.3,65.9,61.9,1.2,56.0,17.4,12.4,62.2,65.8,17.3,17.8,60.4,24.2,138.0,87.0,20.0,1.0,2.0,22.0,211.0,52.0,83.0,0.0,1.0,34.0,47.0,247.7,14864.0
2703151,B. De Bisschop,981525,FLEXICAR FUENLABRADA,C,5,Traditional Center,https://imagenes.feb.es/Foto.aspx?c=2703151,21,12,23.0,7.4,1.6,3.8,5.4,1.5,0.7,0.7,0.5,1.2,2.0,2.0,-0.1,9.6,3.3,6.5,51.5,0.0,0.1,0.0,0.8,2.4,32.0,48.4,50.4,2.2,36.0,13.9,6.0,51.0,48.2,13.9,9.1,36.1,18.6,156.0,113.0,32.0,15.0,14.0,26.0,201.0,70.0,136.0,0.0,3.0,16.0,50.0,483.8,29018.0
1583271,A. Lima Brito,981525,FLEXICAR FUENLABRADA,C,5,Traditional Center,https://imagenes.feb.es/Foto.aspx?c=1583271,5,0,18.1,6.8,1.4,4.2,5.6,1.8,0.6,0.4,0.4,1.8,1.6,1.8,0.0,9.6,2.6,5.0,52.0,0.0,0.4,0.0,1.6,2.8,57.1,51.3,48.1,7.4,51.9,21.3,5.5,40.4,50.0,23.6,9.9,28.9,22.0,34.0,28.0,9.0,3.0,2.0,9.0,48.0,13.0,25.0,0.0,2.0,8.0,14.0,90.3,5419.0
2819302,C. Martin,981525,FLEXICAR FUENLABRADA,C,5,Stretch Big,https://imagenes.feb.es/Foto.aspx?c=2819302,6,0,15.2,5.7,1.2,2.7,3.8,1.0,0.2,0.0,0.3,1.7,2.5,2.7,-4.2,5.8,1.0,2.8,35.3,0.5,1.2,42.9,2.2,3.0,72.2,53.3,43.8,29.2,75.0,23.9,3.0,46.5,54.6,21.8,10.5,110.8,22.3,34.0,23.0,6.0,1.0,0.0,10.0,35.0,6.0,17.0,3.0,7.0,13.0,18.0,91.5,5491.0
2222612,A. Gomez Fraile,981525,FLEXICAR FUENLABRADA,C,5,Rolling Big,https://imagenes.feb.es/Foto.aspx?c=2222612,2,0,2.4,0.0,0.0,1.0,1.0,0.0,0.0,0.0,0.0,0.0,0.5,0.0,-2.0,0.0,0.0,0.5,0.0,0.0,0.0,0.0,0.0,0.0,0.0,0.0,0.0,0.0,0.0,0.0,-0.2,0.0,0.0,0.0,0.0,0.0,9.3,0.0,2.0,0.0,0.0,0.0,0.0,0.0,0.0,1.0,0.0,0.0,0.0,0.0,4.9,294.0
2178977,B. Vidarte Cano,981525,FLEXICAR FUENLABRADA,,6,Rolling Big,https://imagenes.feb.es/Foto.aspx?c=2178977,14,0,2.9,0.5,0.1,0.4,0.5,0.1,0.0,0.0,0.0,0.4,0.7,0.1,0.7,-0.3,0.0,0.1,0.0,0.1,0.3,50.0,0.1,0.1,50.0,50.9,50.0,66.7,33.3,42.1,-0.2,21.5,25.2,38.0,6.6,27.7,14.0,7.0,7.0,1.0,0.0,0.0,5.0,-4.0,0.0,2.0,2.0,4.0,1.0,2.0,41.1,2462.0
2223407,A. Diaz Carballo,981525,FLEXICAR FUENLABRADA,,6,,https://imagenes.feb.es/Foto.aspx?c=2223407,1,0,0.9,0.0,0.0,0.0,0.0,0.0,0.0,0.0,0.0,0.0,0.0,0.0,-2.0,0.0,0.0,0.0,0.0,0.0,0.0,0.0,0.0,0.0,0.0,0.0,0.0,0.0,0.0,0.0,0.0,,,,,,,0.0,0.0,0.0,0.0,0.0,0.0,0.0,0.0,0.0,0.0,0.0,0.0,0.0,0.9,52.0
2224747,A. Rupérez Vázquez,981525,FLEXICAR FUENLABRADA,,6,,https://imagenes.feb.es/Foto.aspx?c=2224747,3,0,0.7,0.0,0.0,0.0,0.0,0.0,0.0,0.0,0.0,0.0,0.0,0.0,-0.7,0.0,0.0,0.0,0.0,0.0,0.0,0.0,0.0,0.0,0.0,0.0,0.0,0.0,0.0,0.0,0.0,,,,,,,0.0,0.0,0.0,0.0,0.0,0.0,0.0,0.0,0.0,0.0,0.0,0.0,0.0,2.1,123.0
2274998,R. Johnson Jr,979907,GRUPO ALEGA CANTABRIA,PG,1,High Volume Scorer,https://imagenes.feb.es/Foto.aspx?c=2274998,28,28,27.5,15.8,0.2,1.6,1.8,3.6,0.9,0.0,0.4,2.8,2.7,3.6,-1.9,13.2,4.1,7.7,52.8,1.6,4.4,35.8,2.9,3.4,86.3,58.0,53.1,36.3,28.0,16.8,9.5,54.4,59.0,16.7,0.9,30.4,28.9,442.0,50.0,100.0,24.0,1.0,77.0,371.0,114.0,216.0,44.0,123.0,82.0,95.0,769.1,46152.0
2334516,J. Powell,979907,GRUPO ALEGA CANTABRIA,PG,1,Offensive Engine,https://imagenes.feb.es/Foto.aspx?c=2334516,29,3,19.2,7.5,0.4,1.4,1.8,2.3,1.0,0.0,0.2,2.0,2.7,1.4,-3.1,4.7,1.2,2.7,44.9,1.3,4.3,30.4,1.2,1.3,87.2,49.5,45.3,61.6,19.2,20.9,3.8,42.3,47.7,21.3,2.7,24.2,24.3,218.0,51.0,68.0,28.0,1.0,58.0,136.0,35.0,78.0,38.0,125.0,34.0,39.0,557.4,33455.0
2869662,D. Love,979907,GRUPO ALEGA CANTABRIA,PG,1,Offensive Engine,https://imagenes.feb.es/Foto.aspx?c=2869662,5,1,14.8,5.0,0.4,2.0,2.4,1.8,0.8,0.0,0.4,1.0,1.8,1.4,-5.6,5.4,1.0,2.4,41.7,0.8,2.0,40.0,0.6,1.2,50.0,50.7,50.0,45.5,27.3,16.9,3.6,43.3,53.9,24.0,4.0,19.0,20.0,25.0,12.0,9.0,4.0,0.0,5.0,27.0,5.0,12.0,4.0,10.0,3.0,6.0,73.8,4425.0
2867402,D. Van Oostrum,979907,GRUPO ALEGA CANTABRIA,PG,1,Offensive Engine,https://imagenes.feb.es/Foto.aspx?c=2867402,11,0,12.2,3.2,0.1,1.0,1.1,2.3,0.2,0.0,0.1,1.4,0.9,1.2,-5.5,2.8,0.5,0.5,100.0,0.5,3.2,17.1,0.6,0.8,77.8,39.8,35.0,87.5,22.5,25.4,1.4,30.9,35.6,24.8,1.1,22.2,21.6,35.0,12.0,25.0,2.0,0.0,15.0,31.0,5.0,5.0,6.0,35.0,7.0,9.0,133.8,8029.0
2820629,J. Perez Perez,979907,GRUPO ALEGA CANTABRIA,SG,2,High Volume Scorer,https://imagenes.feb.es/Foto.aspx?c=2820629,9,8,28.2,15.1,0.8,3.3,4.1,3.3,1.3,0.4,0.6,2.2,3.4,3.6,-6.1,16.6,2.7,5.3,50.0,2.2,4.4,50.0,3.1,3.9,80.0,65.8,61.4,45.5,39.8,16.2,11.8,60.4,63.0,15.6,3.9,37.8,23.3,136.0,37.0,30.0,12.0,4.0,20.0,149.0,24.0,48.0,20.0,40.0,28.0,35.0,253.9,15232.0
2864604,M. Lapornik,979907,GRUPO ALEGA CANTABRIA,SG,2,High Volume Scorer,https://imagenes.feb.es/Foto.aspx?c=2864604,11,6,27.2,13.5,0.3,2.4,2.6,1.7,1.2,0.1,0.1,1.5,1.5,3.3,-3.7,13.1,1.4,2.6,51.7,2.5,6.5,38.9,3.2,4.2,76.1,61.4,56.4,71.3,45.5,12.3,9.5,56.3,61.3,12.8,1.2,44.0,22.7,149.0,29.0,19.0,13.0,1.0,17.0,144.0,15.0,29.0,28.0,72.0,35.0,46.0,299.0,17929.0
2820639,D. Addae-Wusu,979907,GRUPO ALEGA CANTABRIA,SG,2,,https://imagenes.feb.es/Foto.aspx?c=2820639,1,0,17.5,12.0,1.0,0.0,1.0,0.0,3.0,0.0,1.0,4.0,3.0,2.0,-14.0,4.0,2.0,5.0,40.0,2.0,4.0,50.0,2.0,4.0,50.0,55.8,55.6,44.4,44.4,27.1,5.0,,,,,,,12.0,1.0,0.0,3.0,0.0,4.0,4.0,2.0,5.0,2.0,4.0,2.0,4.0,17.5,1048.0
1821694,G. Martinez Diaz,979907,GRUPO ALEGA CANTABRIA,SG,2,Offensive Engine,https://imagenes.feb.es/Foto.aspx?c=1821694,23,16,21.7,7.0,0.8,2.5,3.3,2.4,0.8,0.1,0.1,1.6,3.7,1.9,-1.2,5.9,1.0,2.4,41.1,1.3,3.7,35.3,1.1,1.5,73.5,51.6,48.2,60.3,24.1,18.8,4.3,47.8,51.6,19.2,5.1,31.0,18.5,161.0,76.0,55.0,18.0,2.0,36.0,136.0,23.0,56.0,30.0,85.0,25.0,34.0,498.9,29947.0
2815518,C. Lutete Iv,979907,GRUPO ALEGA CANTABRIA,SF,3,Stretch Big,https://imagenes.feb.es/Foto.aspx?c=2815518,11,2,17.1,8.6,0.5,3.1,3.6,1.1,0.6,0.0,0.2,1.5,1.4,1.6,-3.5,8.4,2.0,3.9,51.2,1.1,2.8,38.7,1.4,2.2,62.5,56.2,54.1,41.9,32.4,15.9,5.5,50.8,54.3,13.6,4.6,38.4,26.3,95.0,40.0,12.0,7.0,0.0,16.0,92.0,22.0,43.0,12.0,31.0,15.0,24.0,187.9,11279.0
1442713,P. Hernandez Montenegro,979907,GRUPO ALEGA CANTABRIA,SF,3,3&D Wing,https://imagenes.feb.es/Foto.aspx?c=1442713,29,14,20.9,7.7,0.5,1.8,2.3,0.9,0.3,0.0,0.2,1.0,2.2,1.4,-3.9,5.9,1.2,2.7,43.6,1.3,3.2,41.3,1.4,1.7,87.5,58.6,53.5,54.1,28.2,13.6,4.5,53.4,58.5,14.0,3.2,30.3,17.9,224.0,66.0,27.0,9.0,1.0,30.0,170.0,34.0,78.0,38.0,92.0,42.0,48.0,606.2,36367.0
1676845,D. Alderete Diaz,979907,GRUPO ALEGA CANTABRIA,SF,3,3&D Wing,https://imagenes.feb.es/Foto.aspx?c=1676845,23,15,19.0,3.3,1.4,2.7,4.2,0.8,1.0,0.0,0.2,0.6,1.6,1.3,-2.5,6.2,1.1,1.8,61.9,0.3,1.2,21.4,0.3,0.9,35.0,48.9,50.0,40.0,28.6,14.2,3.7,46.4,43.8,12.8,9.8,27.2,10.2,77.0,96.0,18.0,22.0,0.0,13.0,143.0,26.0,42.0,6.0,28.0,7.0,20.0,435.9,26161.0
2173109,B. De La Llama Ruiz,979907,GRUPO ALEGA CANTABRIA,SF,3,Shooter Specialist,https://imagenes.feb.es/Foto.aspx?c=2173109,3,0,4.2,2.3,0.3,0.0,0.3,0.3,0.0,0.0,0.0,0.0,1.0,0.0,3.0,1.7,0.7,0.7,100.0,0.3,0.7,50.0,0.0,0.0,0.0,87.5,87.5,50.0,0.0,0.0,1.9,65.7,65.7,0.0,13.9,0.0,16.6,7.0,1.0,1.0,0.0,0.0,0.0,5.0,2.0,2.0,1.0,2.0,0.0,0.0,12.5,750.0
841966,S. Rodríguez Ramos,979907,GRUPO ALEGA CANTABRIA,PF,4,Stretch Big,https://imagenes.feb.es/Foto.aspx?c=841966,27,22,24.6,9.0,0.8,3.5,4.3,1.5,0.8,0.1,0.1,1.2,1.7,4.1,-0.1,12.8,1.2,2.4,50.8,1.1,3.3,34.1,3.2,4.0,81.3,60.7,51.0,57.5,69.9,14.2,7.3,52.1,62.9,16.2,4.5,70.0,16.9,243.0,116.0,41.0,22.0,3.0,33.0,345.0,33.0,65.0,30.0,88.0,87.0,107.0,663.6,39804.0
2481151,B. Lugarini,979907,GRUPO ALEGA CANTABRIA,PF,4,3&D Wing,https://imagenes.feb.es/Foto.aspx?c=2481151,16,5,18.6,5.1,0.6,2.8,3.4,0.8,0.2,0.1,0.4,1.2,1.9,2.0,-6.8,4.6,0.9,2.5,37.5,0.6,2.2,28.6,1.3,1.9,67.7,45.7,40.0,46.7,41.3,18.4,2.3,37.6,42.1,18.1,4.8,40.6,17.9,81.0,54.0,12.0,4.0,2.0,20.0,74.0,15.0,40.0,10.0,35.0,21.0,31.0,297.1,17820.0
2815820,J. Yu,979907,GRUPO ALEGA CANTABRIA,C,5,Traditional Center,https://imagenes.feb.es/Foto.aspx?c=2815820,27,20,22.4,9.6,1.4,3.8,5.2,1.0,0.2,0.6,0.2,1.6,2.0,4.1,0.0,13.8,2.4,4.3,57.4,0.2,0.7,25.0,4.1,4.9,84.2,66.9,54.4,14.8,98.5,18.2,7.8,48.4,63.2,20.3,8.6,87.2,18.9,259.0,141.0,26.0,5.0,15.0,43.0,373.0,66.0,115.0,5.0,20.0,112.0,133.0,603.9,36234.0
2446696,G. Kande Kieli,979907,GRUPO ALEGA CANTABRIA,C,5,Traditional Center,https://imagenes.feb.es/Foto.aspx?c=2446696,30,10,17.6,5.8,1.1,2.4,3.5,0.3,0.1,0.4,0.0,0.7,2.7,1.3,-4.5,6.0,2.5,4.0,62.0,0.0,0.0,0.0,0.8,1.2,66.7,63.1,61.5,0.8,29.5,13.8,4.1,64.0,64.7,14.3,7.9,30.1,14.6,174.0,105.0,9.0,4.0,12.0,22.0,180.0,75.0,121.0,0.0,1.0,24.0,36.0,528.4,31714.0
1899194,C. Taboada Heiskanen,979907,GRUPO ALEGA CANTABRIA,C,5,Rolling Big,https://imagenes.feb.es/Foto.aspx?c=1899194,15,0,4.1,0.5,0.3,0.3,0.7,0.1,0.1,0.0,0.0,0.3,1.1,0.2,-1.3,-0.7,0.1,0.5,28.6,0.1,0.6,11.1,0.1,0.1,50.0,23.7,21.9,56.2,12.5,22.9,-0.4,13.0,15.3,21.9,9.8,17.0,18.0,8.0,10.0,1.0,2.0,0.0,5.0,-11.0,2.0,7.0,1.0,9.0,1.0,2.0,61.0,3653.0
2862296,K. Webster,981251,GRUPO CAESA SEGUROS FC CARTAGENA CB,PG,1,Lead Guard,https://imagenes.feb.es/Foto.aspx?c=2862296,21,18,26.4,11.8,0.4,1.9,2.2,3.0,1.6,0.0,0.4,1.6,2.0,2.9,-5.3,11.1,3.0,5.6,52.5,1.4,4.6,30.9,1.6,2.5,65.4,52.1,49.8,45.1,24.2,12.5,8.1,49.1,51.5,11.9,1.6,27.4,23.9,248.0,47.0,63.0,33.0,0.0,34.0,233.0,62.0,118.0,30.0,97.0,34.0,52.0,554.1,33261.0
1525747,J. Lopez Santana,981251,GRUPO CAESA SEGUROS FC CARTAGENA CB,PG,1,Offensive Engine,https://imagenes.feb.es/Foto.aspx?c=1525747,11,5,23.4,9.2,0.4,1.4,1.7,4.5,0.7,0.0,0.3,2.3,0.8,1.8,-2.6,9.8,2.0,4.2,47.8,1.4,3.9,34.9,1.1,1.4,80.0,52.8,50.0,48.3,16.9,20.7,6.7,50.9,52.3,19.2,1.9,20.5,22.7,101.0,19.0,49.0,8.0,0.0,25.0,108.0,22.0,46.0,15.0,43.0,12.0,15.0,257.3,15436.0
2816798,S. Thomas,981251,GRUPO CAESA SEGUROS FC CARTAGENA CB,PG,1,Offensive Engine,https://imagenes.feb.es/Foto.aspx?c=2816798,5,5,21.3,9.0,0.6,1.8,2.4,2.6,0.2,0.0,0.4,2.6,1.4,3.4,-11.4,8.6,3.2,5.8,55.2,0.2,1.8,11.1,2.0,2.8,71.4,51.0,46.1,23.7,36.8,22.7,4.5,50.2,53.3,22.0,3.8,48.2,25.9,45.0,12.0,13.0,1.0,0.0,13.0,43.0,16.0,29.0,1.0,9.0,10.0,14.0,106.4,6383.0
2371571,J. Davis,981251,GRUPO CAESA SEGUROS FC CARTAGENA CB,PG,1,Offensive Engine,https://imagenes.feb.es/Foto.aspx?c=2371571,5,4,22.7,6.0,0.2,1.8,2.0,3.2,1.0,0.4,0.4,2.4,2.6,2.4,-9.0,1.8,2.4,7.2,33.3,0.0,1.8,0.0,1.2,2.8,42.9,29.3,26.7,20.0,31.1,19.0,0.8,26.6,28.8,17.2,0.8,34.9,26.4,30.0,10.0,16.0,5.0,2.0,12.0,9.0,12.0,36.0,0.0,9.0,6.0,14.0,113.7,6819.0
1384223,A. Martin Marin,981251,GRUPO CAESA SEGUROS FC CARTAGENA CB,PG,1,Offensive Engine,https://imagenes.feb.es/Foto.aspx?c=1384223,30,8,17.6,4.8,0.4,1.2,1.5,3.2,1.1,0.0,0.1,1.6,2.4,2.5,-2.3,5.6,0.8,1.9,42.1,0.7,2.6,26.0,1.2,1.8,67.9,45.8,40.3,57.5,39.6,23.4,3.4,38.3,42.7,21.0,2.6,47.9,18.8,144.0,46.0,97.0,32.0,0.0,48.0,167.0,24.0,57.0,20.0,77.0,36.0,53.0,527.8,31677.0
2816854,T. Suokas,981251,GRUPO CAESA SEGUROS FC CARTAGENA CB,PG,1,Offensive Engine,https://imagenes.feb.es/Foto.aspx?c=2816854,9,0,14.6,4.4,0.4,0.8,1.2,1.3,0.2,0.1,0.3,1.2,2.1,1.6,-8.7,2.2,0.9,2.2,40.0,0.4,2.1,21.1,1.3,1.7,80.0,43.9,35.9,48.7,38.5,19.4,1.5,48.3,53.4,21.1,3.7,42.7,20.6,40.0,11.0,12.0,2.0,1.0,11.0,20.0,8.0,20.0,4.0,19.0,12.0,15.0,131.1,7871.0
2816849,S. Svejcar,981251,GRUPO CAESA SEGUROS FC CARTAGENA CB,SG,2,High Volume Scorer,https://imagenes.feb.es/Foto.aspx?c=2816849,29,20,23.3,9.0,0.7,1.2,1.9,1.2,0.7,0.0,0.3,1.4,2.0,1.9,-8.1,6.4,1.3,3.2,41.5,1.5,4.1,36.1,1.9,2.4,79.7,53.8,48.6,55.9,32.4,14.4,5.1,48.9,54.4,13.2,3.5,36.8,20.2,262.0,55.0,36.0,21.0,0.0,41.0,185.0,39.0,94.0,43.0,119.0,55.0,69.0,676.4,40595.0
2159336,A. Garuba Alari,981251,GRUPO CAESA SEGUROS FC CARTAGENA CB,SG,2,3&D Wing,https://imagenes.feb.es/Foto.aspx?c=2159336,28,21,17.7,7.0,1.0,1.8,2.8,1.1,0.9,0.1,0.2,1.1,2.6,2.4,-1.7,6.8,1.8,3.1,58.1,0.6,2.3,27.7,1.5,2.2,69.4,55.3,51.0,43.0,41.1,14.8,4.7,49.0,52.8,16.5,7.0,45.3,20.4,197.0,77.0,31.0,24.0,2.0,31.0,191.0,50.0,86.0,18.0,65.0,43.0,62.0,495.5,29743.0
2736779,M. Ayesa Rodriguez,981251,GRUPO CAESA SEGUROS FC CARTAGENA CB,SG,2,3&D Wing,https://imagenes.feb.es/Foto.aspx?c=2736779,19,0,8.7,3.3,0.4,0.4,0.7,0.2,0.4,0.1,0.0,0.4,0.8,0.2,-1.8,1.9,0.2,0.2,75.0,1.0,2.6,38.8,0.0,0.0,0.0,59.4,59.4,92.5,0.0,13.1,2.0,54.0,54.0,13.6,5.3,0.0,17.7,63.0,14.0,3.0,7.0,1.0,8.0,37.0,3.0,4.0,19.0,49.0,0.0,0.0,165.9,9956.0
2816796,I. Rivera Carroll,981251,GRUPO CAESA SEGUROS FC CARTAGENA CB,SF,3,3&D Wing,https://imagenes.feb.es/Foto.aspx?c=2816796,30,9,19.7,8.7,0.5,2.0,2.5,0.8,0.8,0.0,0.2,0.9,2.0,1.7,-6.5,7.4,2.1,3.7,57.1,1.1,3.0,35.2,1.2,1.8,66.7,57.3,55.2,44.8,26.6,11.0,5.6,52.3,54.3,12.3,3.2,27.5,20.8,260.0,75.0,24.0,24.0,1.0,28.0,221.0,64.0,112.0,32.0,91.0,36.0,54.0,589.9,35399.0
1997544,A. Harguindey Maneiro,981251,GRUPO CAESA SEGUROS FC CARTAGENA CB,SF,3,3&D Wing,https://imagenes.feb.es/Foto.aspx?c=1997544,24,3,12.0,2.2,0.4,1.0,1.5,0.5,0.4,0.3,0.1,0.5,1.3,0.8,-5.5,2.0,0.3,0.9,36.4,0.4,1.2,32.1,0.5,1.0,47.8,44.9,43.0,56.0,46.0,17.8,1.4,41.4,38.8,15.0,4.1,61.6,12.1,54.0,35.0,11.0,10.0,8.0,13.0,47.0,8.0,22.0,9.0,28.0,11.0,23.0,287.9,17274.0
1923881,A. Domenech Fontana,981251,GRUPO CAESA SEGUROS FC CARTAGENA CB,PF,4,3&D Wing,https://imagenes.feb.es/Foto.aspx?c=1923881,27,19,22.4,6.8,0.9,2.9,3.8,0.7,0.6,0.4,0.3,0.8,2.4,1.7,-4.4,6.9,1.4,2.6,54.3,0.9,3.2,28.7,1.2,1.5,80.0,52.4,48.1,55.4,25.5,11.2,4.6,47.9,52.6,11.7,4.9,28.9,15.8,183.0,103.0,18.0,16.0,11.0,22.0,187.0,38.0,70.0,25.0,87.0,32.0,40.0,604.9,36305.0
2820135,V. Faverani Tatsch,981251,GRUPO CAESA SEGUROS FC CARTAGENA CB,C,5,Stretch Big,https://imagenes.feb.es/Foto.aspx?c=2820135,27,11,23.7,11.9,1.7,5.0,6.7,1.0,0.4,0.7,0.3,2.1,2.5,4.0,-4.6,15.5,3.3,5.4,61.6,0.7,2.5,29.4,3.0,3.8,78.6,61.9,56.1,31.8,48.1,17.8,8.9,58.4,63.7,18.5,8.7,56.0,23.6,321.0,180.0,26.0,12.0,20.0,56.0,419.0,90.0,146.0,20.0,68.0,81.0,103.0,640.4,38412.0
2816848,A. Kelly,981251,GRUPO CAESA SEGUROS FC CARTAGENA CB,C,5,3&D Wing,https://imagenes.feb.es/Foto.aspx?c=2816848,9,6,19.9,7.2,0.4,4.0,4.4,0.7,0.7,0.2,0.1,1.7,3.1,1.8,-11.0,7.0,2.2,3.8,58.8,0.6,1.9,29.4,1.1,1.4,76.9,57.3,53.9,33.3,25.5,20.9,4.1,55.2,59.3,20.5,3.1,25.9,19.3,65.0,40.0,6.0,6.0,2.0,15.0,63.0,20.0,34.0,5.0,17.0,10.0,13.0,179.5,10764.0
2862304,C. Polynice,981251,GRUPO CAESA SEGUROS FC CARTAGENA CB,C,5,Traditional Center,https://imagenes.feb.es/Foto.aspx?c=2862304,21,4,16.1,5.3,0.8,2.9,3.7,0.7,0.2,0.9,0.1,0.8,1.7,0.8,-3.9,5.3,1.7,3.6,46.1,0.5,2.0,24.4,0.5,0.8,68.8,44.7,42.7,35.0,13.7,12.1,3.4,42.4,44.5,13.5,5.8,17.0,20.3,111.0,77.0,14.0,5.0,18.0,17.0,111.0,35.0,76.0,10.0,41.0,11.0,16.0,337.1,20230.0
2525411,E. Idehen Idehen,981251,GRUPO CAESA SEGUROS FC CARTAGENA CB,C,5,Stretch Big,https://imagenes.feb.es/Foto.aspx?c=2525411,25,17,15.2,3.6,1.4,2.6,4.0,0.4,0.3,0.2,0.3,1.2,2.8,1.2,-6.1,3.1,1.5,3.1,47.4,0.1,0.2,40.0,0.4,1.3,34.4,46.9,48.2,6.0,38.6,23.0,1.8,48.6,45.8,21.6,11.0,54.0,15.9,91.0,100.0,10.0,7.0,5.0,29.0,77.0,37.0,78.0,2.0,5.0,11.0,32.0,381.0,22873.0
2814906,F. Terins,979920,GRUPO URETA TIZONA BURGOS,PG,1,High Volume Scorer,https://imagenes.feb.es/Foto.aspx?c=2814906,26,17,17.9,8.2,0.5,1.6,2.1,2.4,0.6,0.1,0.2,1.9,2.7,2.3,-1.3,8.0,1.0,1.8,56.2,1.4,3.3,43.0,1.9,2.2,86.0,67.3,61.6,64.2,42.5,23.9,5.6,61.6,66.5,24.1,3.6,45.6,20.9,214.0,55.0,63.0,15.0,2.0,50.0,209.0,27.0,48.0,37.0,86.0,49.0,57.0,465.8,27947.0
2138600,A. Huelves Garcia,979920,GRUPO URETA TIZONA BURGOS,PG,1,Offensive Engine,https://imagenes.feb.es/Foto.aspx?c=2138600,26,2,12.8,4.6,0.6,1.0,1.6,1.5,0.6,0.0,0.3,1.1,2.2,1.8,-0.2,3.7,1.1,2.6,41.2,0.3,1.7,20.0,1.4,1.6,87.8,45.4,36.7,39.8,36.3,18.1,2.4,35.9,43.4,18.7,5.9,37.4,21.9,119.0,42.0,38.0,16.0,0.0,29.0,95.0,28.0,68.0,9.0,45.0,36.0,41.0,334.0,20048.0
2325671,A. Alonso Ruiz,979920,GRUPO URETA TIZONA BURGOS,PG,1,Offensive Engine,https://imagenes.feb.es/Foto.aspx?c=2325671,28,5,13.6,4.5,0.4,1.1,1.5,1.4,0.6,0.0,0.1,1.1,1.8,1.9,-1.5,4.6,1.1,2.0,54.4,0.4,1.0,37.0,1.2,1.9,62.3,58.2,54.8,32.1,63.1,21.8,3.0,48.7,54.2,18.4,3.2,66.6,16.5,125.0,41.0,39.0,16.0,0.0,30.0,130.0,31.0,57.0,10.0,27.0,33.0,53.0,382.1,22921.0
2814904,M. Jackson,979920,GRUPO URETA TIZONA BURGOS,SG,2,High Volume Scorer,https://imagenes.feb.es/Foto.aspx?c=2814904,29,26,24.1,10.3,0.6,1.2,1.8,2.5,0.9,0.1,0.2,1.1,1.9,1.7,-4.5,9.2,1.7,3.7,45.8,1.8,4.4,40.6,1.6,2.0,77.6,57.4,54.0,54.5,24.7,11.2,7.5,54.3,58.6,11.2,3.1,28.4,19.3,299.0,52.0,73.0,27.0,3.0,33.0,268.0,49.0,107.0,52.0,128.0,45.0,58.0,699.7,41956.0
1787363,G. Jofresa Sarret,979920,GRUPO URETA TIZONA BURGOS,SG,2,High Volume Scorer,https://imagenes.feb.es/Foto.aspx?c=1787363,30,6,17.6,9.2,0.5,1.9,2.4,1.1,0.8,0.0,0.0,1.3,1.8,1.9,-3.4,7.6,1.2,2.7,43.9,1.6,4.6,34.5,2.0,2.3,87.1,55.0,48.9,62.9,31.7,13.1,5.6,49.7,55.3,13.3,3.2,33.1,25.2,277.0,71.0,34.0,24.0,1.0,38.0,228.0,36.0,82.0,48.0,139.0,61.0,70.0,526.6,31597.0
1625687,R. Seoane Rodicio,979920,GRUPO URETA TIZONA BURGOS,SF,3,3&D Wing,https://imagenes.feb.es/Foto.aspx?c=1625687,26,21,21.3,6.2,1.0,2.3,3.3,0.8,0.6,0.1,0.2,1.0,2.2,1.2,-6.5,5.3,1.2,3.2,39.0,1.0,2.5,37.9,0.8,1.0,84.6,50.5,47.0,44.6,17.6,14.5,3.7,43.6,47.0,13.3,5.9,21.5,15.3,161.0,86.0,22.0,15.0,2.0,27.0,137.0,32.0,82.0,25.0,66.0,22.0,26.0,554.2,33235.0
1879609,A. Alonso Cuevas,979920,GRUPO URETA TIZONA BURGOS,SF,3,3&D Wing,https://imagenes.feb.es/Foto.aspx?c=1879609,20,7,14.6,3.7,0.9,2.0,2.9,1.2,0.7,0.0,0.1,0.8,1.8,0.9,-3.1,4.6,0.7,1.0,70.0,0.6,2.3,26.1,0.5,0.8,62.5,50.7,48.5,69.7,24.2,17.0,3.1,45.2,46.3,16.8,7.3,25.5,13.6,74.0,58.0,23.0,14.0,1.0,15.0,91.0,14.0,20.0,12.0,46.0,10.0,16.0,292.2,17532.0
1787348,A. Parrado Calabria,979920,GRUPO URETA TIZONA BURGOS,PF,4,Offensive Engine,https://imagenes.feb.es/Foto.aspx?c=1787348,30,25,20.5,8.8,1.6,3.4,5.0,1.6,0.7,0.1,0.3,2.3,3.0,3.6,-3.2,7.7,1.9,4.9,39.2,0.9,3.5,26.9,2.1,3.5,61.5,44.3,39.7,41.3,41.3,18.6,4.1,37.6,41.9,18.9,9.4,41.9,27.3,264.0,151.0,47.0,21.0,2.0,68.0,231.0,58.0,148.0,28.0,104.0,64.0,104.0,614.3,36855.0
1808439,G. Gil Garcia,979920,GRUPO URETA TIZONA BURGOS,PF,4,3&D Wing,https://imagenes.feb.es/Foto.aspx?c=1808439,25,8,17.6,5.1,1.1,2.5,3.6,1.2,0.8,0.1,0.2,0.9,2.4,1.5,-2.7,5.0,1.0,2.3,45.6,0.7,3.0,24.3,0.9,1.3,68.8,44.1,40.5,56.5,24.4,13.7,3.3,38.0,41.6,12.5,7.4,29.2,17.5,128.0,89.0,30.0,20.0,2.0,23.0,126.0,26.0,57.0,18.0,74.0,22.0,32.0,439.1,26354.0
2736183,J. Zidek,979920,GRUPO URETA TIZONA BURGOS,C,5,Shooter Specialist,https://imagenes.feb.es/Foto.aspx?c=2736183,29,2,16.5,9.3,0.8,1.3,2.1,0.6,0.4,0.1,0.1,0.9,1.2,1.8,-2.7,8.9,1.5,2.5,59.7,1.5,3.5,42.2,1.9,2.2,84.4,66.5,61.8,58.6,36.8,11.0,6.7,61.6,65.3,9.3,5.8,40.1,21.7,269.0,62.0,18.0,13.0,2.0,25.0,257.0,43.0,72.0,43.0,102.0,54.0,64.0,477.3,28633.0
1572466,R. Vila Soley,979920,GRUPO URETA TIZONA BURGOS,C,5,Stretch Big,https://imagenes.feb.es/Foto.aspx?c=1572466,30,14,19.5,8.4,1.5,1.7,3.1,1.1,0.4,0.2,0.2,1.1,2.5,2.1,-2.6,8.6,3.2,5.1,62.1,0.3,0.8,32.0,1.3,2.0,63.9,61.8,60.1,14.0,34.3,14.2,6.1,62.2,64.0,14.9,9.1,43.0,18.7,253.0,94.0,33.0,13.0,7.0,34.0,259.0,95.0,153.0,8.0,25.0,39.0,61.0,586.2,35172.0
2814907,J. Brown-Ferguson,979920,GRUPO URETA TIZONA BURGOS,C,5,Traditional Center,https://imagenes.feb.es/Foto.aspx?c=2814907,30,14,16.3,6.3,1.6,2.6,4.2,0.6,0.3,0.9,0.1,1.0,2.5,1.9,-3.4,9.0,2.6,3.4,74.8,0.0,0.0,0.0,1.2,2.0,59.3,73.3,74.8,0.0,57.3,18.4,5.8,72.9,72.1,18.4,12.6,58.7,14.9,189.0,127.0,17.0,8.0,26.0,29.0,270.0,77.0,103.0,0.0,0.0,35.0,59.0,487.9,29272.0
2869253,M. Nugu,979920,GRUPO URETA TIZONA BURGOS,SG,6,Lead Guard,https://imagenes.feb.es/Foto.aspx?c=2869253,6,0,21.7,14.8,0.8,2.2,3.0,2.0,1.5,0.5,0.7,1.7,2.0,2.0,1.5,12.5,3.7,7.5,48.9,2.0,5.2,38.7,1.5,2.2,69.2,54.5,52.6,40.8,17.1,10.9,10.0,54.5,56.4,11.3,4.6,18.6,32.5,89.0,18.0,12.0,9.0,3.0,10.0,75.0,22.0,45.0,12.0,31.0,9.0,13.0,129.9,7795.0
2870010,C. Czerapowicz,979920,GRUPO URETA TIZONA BURGOS,,6,Offensive Engine,https://imagenes.feb.es/Foto.aspx?c=2870010,4,3,21.6,4.2,0.5,3.5,4.0,2.5,1.0,0.0,0.0,0.5,2.5,1.8,-8.5,4.2,1.5,4.0,37.5,0.2,3.2,7.7,0.5,1.2,40.0,27.2,25.9,44.8,17.2,6.0,2.2,24.5,26.6,5.9,3.0,17.0,18.1,17.0,16.0,10.0,4.0,0.0,2.0,17.0,6.0,16.0,1.0,13.0,2.0,5.0,86.4,5183.0
2446720,F. Zurbriggen,981300,HESTIA MENORCA,PG,1,Stretch Big,https://imagenes.feb.es/Foto.aspx?c=2446720,23,20,25.3,12.9,0.8,4.1,4.9,4.7,0.9,0.4,0.2,1.7,3.1,5.8,6.4,20.2,2.9,4.6,62.9,0.9,2.9,29.9,4.5,5.5,81.9,64.9,55.8,39.0,73.8,14.3,12.2,57.7,67.2,13.0,4.5,84.3,22.7,296.0,113.0,109.0,21.0,9.0,38.0,464.0,66.0,105.0,20.0,67.0,104.0,127.0,582.3,34945.0
2785180,J. Cone,981300,HESTIA MENORCA,PG,1,High Volume Scorer,https://imagenes.feb.es/Foto.aspx?c=2785180,30,6,16.3,6.7,0.5,1.1,1.6,1.4,0.4,0.0,0.1,1.6,2.1,2.1,0.8,4.8,0.8,1.5,52.2,1.4,4.1,33.6,1.0,1.3,74.4,54.0,50.9,72.6,23.2,20.6,3.2,49.4,52.2,19.3,3.9,21.8,22.8,200.0,48.0,43.0,13.0,1.0,48.0,145.0,24.0,46.0,41.0,122.0,29.0,39.0,490.3,29422.0
1496030,P. Figueras Lopez,981300,HESTIA MENORCA,PG,1,Offensive Engine,https://imagenes.feb.es/Foto.aspx?c=1496030,6,3,17.7,5.8,0.3,0.8,1.2,3.5,0.7,0.0,0.2,2.2,1.8,2.2,-3.2,4.3,1.2,2.8,41.2,0.7,3.5,19.0,1.5,2.0,75.0,40.4,34.2,55.3,31.6,23.1,2.6,38.9,45.4,24.2,2.2,38.7,24.1,35.0,7.0,21.0,4.0,0.0,13.0,26.0,7.0,17.0,4.0,21.0,9.0,12.0,106.1,6374.0
1784407,P. Molins Calderon,981300,HESTIA MENORCA,PG,1,Rolling Big,https://imagenes.feb.es/Foto.aspx?c=1784407,16,1,5.1,0.8,0.1,0.4,0.6,0.8,0.2,0.1,0.1,0.6,0.9,0.6,-1.9,0.2,0.1,0.6,22.2,0.1,0.6,10.0,0.3,0.5,62.5,26.6,18.4,52.6,42.1,28.6,-0.0,11.2,14.2,25.6,3.2,16.5,17.9,12.0,9.0,12.0,3.0,1.0,9.0,4.0,2.0,9.0,1.0,10.0,5.0,8.0,81.0,4845.0
2650859,S. Littleson,981300,HESTIA MENORCA,SG,2,High Volume Scorer,https://imagenes.feb.es/Foto.aspx?c=2650859,29,19,28.3,16.9,0.5,1.4,1.9,2.4,0.9,0.0,0.3,1.6,2.3,2.7,2.4,12.8,3.9,8.1,47.9,2.2,5.7,38.0,2.6,2.7,93.7,56.0,51.6,41.3,19.7,9.7,10.3,52.1,56.6,9.6,2.2,20.6,28.7,489.0,56.0,70.0,25.0,0.0,47.0,371.0,113.0,236.0,63.0,166.0,74.0,79.0,822.0,49316.0
2325133,T. Mcfadden,981300,HESTIA MENORCA,SG,2,Lead Guard,https://imagenes.feb.es/Foto.aspx?c=2325133,14,10,24.6,13.0,0.6,1.4,1.9,2.9,1.5,0.0,0.4,1.8,1.5,2.3,5.5,10.4,1.6,3.2,48.9,2.5,8.2,30.4,2.4,3.0,78.6,51.0,46.6,71.9,26.2,12.3,8.3,45.1,49.7,12.4,3.1,26.8,29.7,182.0,27.0,41.0,21.0,0.0,25.0,145.0,22.0,45.0,35.0,115.0,33.0,42.0,343.7,20619.0
1938697,J. Lobo Martorell,981300,HESTIA MENORCA,SG,2,High Volume Scorer,https://imagenes.feb.es/Foto.aspx?c=1938697,26,6,15.0,9.0,0.3,0.4,0.7,1.1,0.5,0.0,0.4,0.9,2.6,2.2,-1.6,6.0,0.8,1.9,44.0,1.7,4.4,38.3,2.3,2.7,85.5,60.1,53.3,69.7,41.8,10.5,5.2,52.3,58.7,11.0,2.7,44.5,27.3,235.0,19.0,29.0,14.0,0.0,23.0,155.0,22.0,50.0,44.0,115.0,59.0,69.0,389.6,23368.0
1875914,A. Sola Iddrisu,981300,HESTIA MENORCA,SF,3,3&D Wing,https://imagenes.feb.es/Foto.aspx?c=1875914,30,24,26.9,5.7,1.9,3.5,5.4,1.4,0.7,0.0,0.2,0.5,1.1,2.1,3.8,10.8,1.2,2.2,53.8,0.8,2.4,33.3,1.0,1.5,66.7,54.8,51.8,52.6,32.8,8.2,6.3,51.0,53.6,7.7,8.9,38.2,10.2,172.0,162.0,43.0,22.0,0.0,14.0,323.0,35.0,65.0,24.0,72.0,30.0,45.0,806.8,48403.0
2869790,T. Rotegard,981300,HESTIA MENORCA,SF,3,Rolling Big,https://imagenes.feb.es/Foto.aspx?c=2869790,4,1,5.9,0.8,0.0,1.0,1.0,0.0,0.0,0.0,0.0,0.5,1.2,0.0,-2.0,-0.8,0.0,0.2,0.0,0.2,0.8,33.3,0.0,0.0,0.0,37.5,37.5,75.0,0.0,33.3,-0.6,17.2,17.2,34.4,0.0,0.0,13.2,3.0,4.0,0.0,0.0,0.0,2.0,-3.0,0.0,1.0,1.0,3.0,0.0,0.0,23.6,1415.0
2820270,N. Galette,981300,HESTIA MENORCA,PF,4,3&D Wing,https://imagenes.feb.es/Foto.aspx?c=2820270,30,7,14.9,5.5,1.0,1.8,2.8,0.6,0.7,0.2,0.2,0.6,2.2,0.9,1.4,5.4,1.0,1.6,61.7,1.0,2.5,38.2,0.7,1.1,62.5,60.2,58.9,61.8,26.0,11.0,4.3,59.0,58.8,9.6,8.6,24.1,16.8,165.0,84.0,17.0,22.0,5.0,17.0,162.0,29.0,47.0,29.0,76.0,20.0,32.0,447.3,26834.0
2662856,F. Schott,981300,HESTIA MENORCA,PF,4,Traditional Center,https://imagenes.feb.es/Foto.aspx?c=2662856,25,18,14.5,2.3,1.2,2.0,3.3,0.7,0.3,0.3,0.2,0.6,3.1,1.2,1.6,3.0,0.9,1.5,60.5,0.0,0.0,0.0,0.4,1.2,37.9,55.1,59.0,2.6,74.4,23.6,1.9,39.2,38.0,27.8,11.2,47.8,9.2,57.0,82.0,18.0,8.0,8.0,16.0,76.0,23.0,38.0,0.0,1.0,11.0,29.0,363.4,21815.0
1535344,I. Rosa Pompido,981300,HESTIA MENORCA,PF,4,3&D Wing,https://imagenes.feb.es/Foto.aspx?c=1535344,5,0,4.2,0.6,0.2,0.2,0.4,0.6,0.0,0.0,0.0,0.6,1.0,0.4,0.0,-0.8,0.0,0.4,0.0,0.2,1.0,20.0,0.0,0.0,0.0,21.4,21.4,71.4,0.0,30.0,-0.7,31.6,32.4,18.0,9.9,40.5,19.7,3.0,2.0,3.0,0.0,0.0,3.0,-4.0,0.0,2.0,1.0,5.0,0.0,0.0,21.2,1271.0
1535344,I. Rosa Pompido,981300,HESTIA MENORCA,PF,4,Rolling Big,https://imagenes.feb.es/Foto.aspx?c=1535344,5,0,4.2,0.6,0.2,0.2,0.4,0.6,0.0,0.0,0.0,0.6,1.0,0.4,0.0,-0.8,0.0,0.4,0.0,0.2,1.0,20.0,0.0,0.0,0.0,21.4,21.4,71.4,0.0,30.0,-0.7,31.6,32.4,18.0,9.9,40.5,19.7,3.0,2.0,3.0,0.0,0.0,3.0,-4.0,0.0,2.0,1.0,5.0,0.0,0.0,21.2,1271.0
1715117,E. Vicedo Ayala,981300,HESTIA MENORCA,C,5,3&D Wing,https://imagenes.feb.es/Foto.aspx?c=1715117,27,22,23.8,8.0,0.9,4.0,4.9,0.7,0.6,0.2,0.1,0.7,1.8,1.0,2.6,8.5,1.4,2.4,56.9,1.6,4.7,33.6,0.4,0.6,75.0,53.7,52.6,66.3,8.3,8.7,5.6,51.5,52.6,8.2,4.7,8.8,16.9,215.0,132.0,18.0,15.0,5.0,19.0,229.0,37.0,65.0,43.0,128.0,12.0,16.0,643.6,38610.0
2702840,E. Wembi,981300,HESTIA MENORCA,C,5,Traditional Center,https://imagenes.feb.es/Foto.aspx?c=2702840,30,9,17.9,6.4,1.5,1.9,3.4,1.0,0.6,0.4,0.1,0.8,2.9,2.0,1.5,7.4,2.5,4.1,60.5,0.0,0.1,0.0,1.4,2.3,60.0,60.8,59.1,2.4,55.1,12.7,5.3,57.7,60.2,10.6,10.3,66.8,16.5,192.0,101.0,30.0,17.0,13.0,23.0,223.0,75.0,124.0,0.0,3.0,42.0,70.0,536.1,32161.0
1382456,V. Arteaga Gonzalez,981300,HESTIA MENORCA,C,5,Traditional Center,https://imagenes.feb.es/Foto.aspx?c=1382456,30,4,12.1,5.0,1.2,1.4,2.6,0.3,0.2,0.5,0.0,1.1,2.0,1.0,0.2,4.2,2.0,3.7,53.2,0.0,0.0,0.0,1.1,1.5,72.7,57.1,52.7,0.9,39.3,20.1,3.1,53.3,55.2,20.1,12.3,49.2,21.8,150.0,77.0,10.0,5.0,14.0,33.0,126.0,59.0,111.0,0.0,1.0,32.0,44.0,364.3,21857.0
1921541,M. Corbera Busqueta,981300,HESTIA MENORCA,,6,,https://imagenes.feb.es/Foto.aspx?c=1921541,1,0,2.2,0.0,0.0,0.0,0.0,0.0,0.0,0.0,0.0,1.0,0.0,0.0,-4.0,-1.0,0.0,0.0,0.0,0.0,0.0,0.0,0.0,0.0,0.0,0.0,0.0,0.0,0.0,100.0,-1.0,,,,,,,0.0,0.0,0.0,0.0,0.0,1.0,-1.0,0.0,0.0,0.0,0.0,0.0,0.0,2.2,132.0
2339515,I. Pons Pons,981300,HESTIA MENORCA,,6,,https://imagenes.feb.es/Foto.aspx?c=2339515,1,0,1.9,0.0,0.0,0.0,0.0,0.0,0.0,0.0,0.0,1.0,0.0,0.0,-2.0,-1.0,0.0,0.0,0.0,0.0,0.0,0.0,0.0,0.0,0.0,0.0,0.0,0.0,0.0,100.0,-1.0,,,,,,,0.0,0.0,0.0,0.0,0.0,1.0,-1.0,0.0,0.0,0.0,0.0,0.0,0.0,1.9,113.0
1285873,M. Torres Cuevas,979989,HLA ALICANTE,PG,1,High Volume Scorer,https://imagenes.feb.es/Foto.aspx?c=1285873,28,27,24.0,10.0,0.6,1.5,2.1,3.2,0.8,0.1,0.2,1.4,3.0,3.9,-1.4,10.7,2.1,4.6,46.1,1.1,3.0,36.9,2.4,3.0,81.0,56.0,49.8,39.6,39.6,13.5,7.0,50.1,57.6,14.2,3.1,42.8,20.9,279.0,59.0,89.0,22.0,2.0,39.0,299.0,59.0,128.0,31.0,84.0,68.0,84.0,671.6,40317.0
2868750,Y. Joseph,979989,HLA ALICANTE,PG,1,Stretch Big,https://imagenes.feb.es/Foto.aspx?c=2868750,9,1,15.2,6.1,0.6,1.7,2.2,2.0,0.2,0.1,0.1,1.6,2.8,1.4,-1.9,4.6,1.1,2.8,40.0,0.9,2.4,36.4,1.2,1.2,100.0,53.0,46.8,46.8,23.4,21.3,3.2,44.7,58.1,20.8,3.9,78.1,22.8,55.0,20.0,18.0,2.0,1.0,14.0,41.0,10.0,25.0,8.0,22.0,11.0,11.0,136.7,8198.0
2787126,S. Ceccardi,979989,HLA ALICANTE,PG,1,High Volume Scorer,https://imagenes.feb.es/Foto.aspx?c=2787126,20,0,15.0,5.8,0.2,1.6,1.8,2.8,0.2,0.0,0.2,1.6,2.4,1.8,3.4,6.0,1.0,2.0,48.8,0.7,2.0,34.1,1.6,1.8,94.3,59.0,50.0,50.0,42.7,25.3,3.8,49.7,56.8,20.3,1.8,37.4,22.6,115.0,36.0,57.0,5.0,0.0,33.0,119.0,20.0,41.0,14.0,41.0,33.0,35.0,301.0,18063.0
2787126,S. Ceccardi,979989,HLA ALICANTE,PG,1,High Volume Scorer,https://imagenes.feb.es/Foto.aspx?c=2787126,20,0,15.0,5.8,0.2,1.6,1.8,2.8,0.2,0.0,0.2,1.6,2.4,1.8,3.4,6.0,1.0,2.0,48.8,0.7,2.0,34.1,1.6,1.8,94.3,59.0,50.0,50.0,42.7,25.3,3.8,49.7,56.8,20.3,1.8,37.4,22.6,115.0,36.0,57.0,5.0,0.0,33.0,119.0,20.0,41.0,14.0,41.0,33.0,35.0,301.0,18063.0
1381662,S. Llorente Paz,979989,HLA ALICANTE,PG,1,Offensive Engine,https://imagenes.feb.es/Foto.aspx?c=1381662,19,2,7.1,1.4,0.2,0.4,0.6,0.5,0.2,0.0,0.1,0.5,1.7,0.3,-0.9,-0.1,0.2,0.3,50.0,0.3,0.9,33.3,0.1,0.1,100.0,52.3,50.0,75.0,8.3,26.6,0.3,41.0,41.3,29.3,3.7,6.2,11.9,26.0,11.0,10.0,4.0,0.0,9.0,-1.0,3.0,6.0,6.0,18.0,2.0,2.0,135.4,8122.0
2736303,J. Walker,979989,HLA ALICANTE,SG,2,High Volume Scorer,https://imagenes.feb.es/Foto.aspx?c=2736303,12,9,28.0,16.8,0.7,2.3,3.0,3.2,1.4,0.1,0.4,2.6,2.4,3.7,9.7,16.0,3.1,6.2,49.3,2.6,5.8,44.3,2.9,3.7,79.5,61.5,57.6,48.3,30.3,15.9,11.6,58.9,62.1,15.8,3.0,35.9,28.2,202.0,36.0,38.0,17.0,1.0,31.0,192.0,37.0,75.0,31.0,70.0,35.0,44.0,335.5,20132.0
2868623,J. Bone,979989,HLA ALICANTE,SG,2,3&D Wing,https://imagenes.feb.es/Foto.aspx?c=2868623,7,3,23.6,10.1,0.6,2.0,2.6,1.1,0.3,0.0,0.3,0.9,2.1,1.3,-4.0,6.6,0.9,3.3,26.1,2.7,5.4,50.0,0.3,1.0,28.6,55.4,56.6,62.3,11.5,8.6,5.6,53.8,52.7,6.6,2.3,13.0,20.3,71.0,18.0,8.0,2.0,0.0,6.0,46.0,6.0,23.0,19.0,38.0,2.0,7.0,165.3,9916.0
2735928,B. Davison,979989,HLA ALICANTE,SG,2,,https://imagenes.feb.es/Foto.aspx?c=2735928,1,1,16.5,3.0,0.0,0.0,0.0,5.0,1.0,0.0,1.0,1.0,4.0,2.0,0.0,4.0,0.0,1.0,0.0,1.0,2.0,50.0,0.0,0.0,0.0,50.0,50.0,66.7,0.0,25.0,3.2,,,,,,,3.0,0.0,5.0,1.0,0.0,1.0,4.0,0.0,1.0,1.0,2.0,0.0,0.0,16.5,988.0
2863973,E. Polanco Tavarez,979989,HLA ALICANTE,SF,3,High Volume Scorer,https://imagenes.feb.es/Foto.aspx?c=2863973,17,7,19.9,11.5,0.9,2.2,3.1,1.8,0.4,0.1,0.4,1.7,1.6,3.5,-4.2,11.6,1.9,4.6,41.0,1.2,2.9,42.9,4.1,4.9,82.1,59.8,50.0,38.6,66.1,15.0,7.7,45.7,55.9,15.1,4.9,68.9,27.6,196.0,52.0,30.0,6.0,1.0,29.0,198.0,32.0,78.0,21.0,49.0,69.0,84.0,337.6,20266.0
2825760,S. Hollanders,979989,HLA ALICANTE,SF,3,3&D Wing,https://imagenes.feb.es/Foto.aspx?c=2825760,11,10,21.2,8.5,0.5,2.3,2.7,0.7,0.5,0.0,0.3,0.8,2.0,0.8,-5.2,6.7,1.0,2.0,50.0,2.1,4.6,45.1,0.3,0.5,60.0,62.5,62.3,69.9,6.8,10.7,5.4,64.2,64.9,10.2,2.7,6.2,17.3,94.0,30.0,8.0,5.0,0.0,9.0,74.0,11.0,22.0,23.0,51.0,3.0,5.0,233.1,13997.0
1676991,A. Jorda Rodriguez,979989,HLA ALICANTE,SF,3,High Volume Scorer,https://imagenes.feb.es/Foto.aspx?c=1676991,30,9,17.3,6.9,0.3,1.1,1.4,1.3,0.5,0.0,0.2,0.9,2.5,0.7,2.0,4.0,1.0,2.3,44.9,1.4,3.4,40.2,0.7,0.8,95.7,57.1,54.1,59.6,13.5,13.4,3.8,55.1,58.0,12.7,2.3,14.6,19.4,207.0,41.0,38.0,14.0,1.0,28.0,119.0,31.0,69.0,41.0,102.0,22.0,23.0,519.1,31150.0
1869378,U. Mendicote Rubio,979989,HLA ALICANTE,SF,3,Stretch Big,https://imagenes.feb.es/Foto.aspx?c=1869378,25,4,19.3,6.5,1.2,2.1,3.3,0.8,0.6,0.0,0.3,0.6,1.3,2.6,0.4,8.7,1.6,2.9,53.4,0.4,1.3,33.3,2.0,3.0,67.1,58.1,52.4,31.1,71.7,9.1,5.5,44.8,55.1,7.7,7.2,100.5,15.3,162.0,83.0,19.0,15.0,1.0,14.0,217.0,39.0,73.0,11.0,33.0,51.0,76.0,483.7,29025.0
2836470,T. Richardson,979989,HLA ALICANTE,SF,3,3&D Wing,https://imagenes.feb.es/Foto.aspx?c=2836470,17,13,20.6,6.1,0.5,3.2,3.7,1.8,0.7,0.2,0.1,1.0,1.5,1.3,5.2,7.5,1.8,3.4,53.4,0.5,2.3,23.1,0.8,1.2,66.7,48.5,45.9,40.2,21.6,13.8,4.7,45.3,48.7,12.4,3.2,26.7,16.8,103.0,63.0,31.0,12.0,4.0,17.0,128.0,31.0,58.0,9.0,39.0,14.0,21.0,350.6,21033.0
2734619,J. Mwema,979989,HLA ALICANTE,SF,3,3&D Wing,https://imagenes.feb.es/Foto.aspx?c=2734619,27,8,19.5,5.6,0.4,3.1,3.5,0.9,0.8,0.0,0.1,0.7,1.9,1.4,-1.2,6.6,0.6,1.2,50.0,1.1,3.4,33.0,1.0,1.1,90.3,54.9,49.6,74.0,25.2,12.8,4.2,47.3,51.7,11.1,2.7,26.4,14.6,150.0,94.0,23.0,22.0,1.0,20.0,177.0,16.0,32.0,30.0,91.0,28.0,31.0,527.4,31656.0
2817123,D. Geu,979989,HLA ALICANTE,PF,4,3&D Wing,https://imagenes.feb.es/Foto.aspx?c=2817123,29,22,17.2,5.7,1.1,2.5,3.7,0.4,0.3,0.1,0.3,0.6,1.8,1.2,0.3,5.8,1.5,3.0,48.9,0.6,1.9,32.7,0.8,1.2,70.6,51.9,49.0,38.5,23.8,9.7,3.9,50.2,51.6,9.1,7.9,22.7,16.8,164.0,106.0,13.0,10.0,4.0,17.0,169.0,43.0,88.0,18.0,55.0,24.0,34.0,500.0,30009.0
1997161,I. Tamba Villen,979989,HLA ALICANTE,PF,4,Stretch Big,https://imagenes.feb.es/Foto.aspx?c=1997161,23,5,8.1,2.3,0.6,1.0,1.6,0.2,0.0,0.3,0.1,0.4,1.0,0.3,-1.7,1.9,0.8,1.8,45.2,0.1,0.4,33.3,0.3,0.3,75.0,48.6,46.1,17.6,15.7,14.2,1.4,51.9,53.7,12.4,9.5,17.3,16.5,53.0,36.0,5.0,0.0,6.0,9.0,44.0,19.0,42.0,3.0,9.0,6.0,8.0,185.8,11133.0
2433482,K. Larsen,979989,HLA ALICANTE,C,5,Stretch Big,https://imagenes.feb.es/Foto.aspx?c=2433482,30,27,27.9,16.7,1.9,3.7,5.6,2.5,0.7,0.4,0.2,1.2,1.4,4.4,0.6,20.2,4.1,8.4,49.0,1.1,3.6,31.5,5.1,5.9,87.0,57.5,48.5,30.1,49.3,7.8,13.5,48.1,57.2,7.7,8.3,52.9,27.4,502.0,168.0,75.0,20.0,12.0,37.0,606.0,123.0,251.0,34.0,108.0,154.0,177.0,836.3,50187.0
2818653,B. Coulibaly,979989,HLA ALICANTE,C,5,Traditional Center,https://imagenes.feb.es/Foto.aspx?c=2818653,30,2,10.5,2.7,1.4,2.5,3.9,0.2,0.4,0.6,0.1,0.7,1.7,0.9,0.5,5.2,1.0,1.6,63.3,0.0,0.0,0.0,0.7,1.1,58.8,63.1,62.0,2.0,68.0,24.4,3.1,50.1,56.8,25.2,16.5,36.2,13.2,82.0,117.0,6.0,11.0,18.0,21.0,157.0,31.0,49.0,0.0,1.0,20.0,34.0,313.6,18808.0
2275973,I. Arroyo Varela,981203,INVEREADY GIPUZKOA,PG,1,Offensive Engine,https://imagenes.feb.es/Foto.aspx?c=2275973,28,23,22.6,7.6,0.6,1.6,2.2,3.4,0.7,0.1,0.1,1.4,1.8,1.8,2.2,8.5,1.0,2.1,48.3,1.5,4.3,35.0,1.1,1.5,78.0,54.6,51.1,67.4,23.0,16.2,6.0,51.6,54.7,16.8,3.6,23.7,17.7,214.0,63.0,95.0,20.0,2.0,38.0,237.0,28.0,58.0,42.0,120.0,32.0,41.0,631.8,37912.0
1822814,G. Maiza Apecechea,981203,INVEREADY GIPUZKOA,PG,1,Offensive Engine,https://imagenes.feb.es/Foto.aspx?c=1822814,29,10,18.0,6.1,0.4,0.9,1.3,2.6,0.3,0.1,0.2,1.3,1.8,2.2,1.0,5.6,0.7,1.9,38.2,1.1,3.7,30.8,1.2,1.4,85.7,49.0,43.5,66.0,25.9,17.0,3.6,44.3,50.3,19.0,2.9,29.4,19.9,177.0,38.0,75.0,8.0,2.0,37.0,163.0,21.0,55.0,33.0,107.0,36.0,42.0,520.9,31250.0
1749125,A. Zubizarreta Aranbarri,981203,INVEREADY GIPUZKOA,PG,1,Offensive Engine,https://imagenes.feb.es/Foto.aspx?c=1749125,23,3,13.6,3.3,0.5,1.2,1.7,1.8,0.3,0.0,0.1,1.4,1.8,1.8,1.5,3.4,0.7,1.4,46.9,0.3,1.9,18.6,1.0,1.1,88.5,44.5,36.0,57.3,34.7,27.6,1.6,40.2,45.8,27.4,4.6,59.9,18.0,77.0,39.0,42.0,7.0,1.0,33.0,78.0,15.0,32.0,8.0,43.0,23.0,26.0,312.1,18725.0
2813563,L. Terry,981203,INVEREADY GIPUZKOA,SG,2,Lead Guard,https://imagenes.feb.es/Foto.aspx?c=2813563,8,5,19.9,10.2,0.6,1.2,1.9,1.2,1.1,0.1,0.4,2.5,2.5,2.5,-2.5,6.1,3.0,5.8,52.2,0.6,3.4,18.5,2.4,2.9,82.6,49.3,43.2,37.0,31.5,19.4,4.5,42.7,49.2,20.2,3.6,31.9,31.3,82.0,15.0,10.0,9.0,1.0,20.0,49.0,24.0,46.0,5.0,27.0,19.0,23.0,159.0,9539.0
1447983,M. Motos Cabodevilla,981203,INVEREADY GIPUZKOA,SG,2,3&D Wing,https://imagenes.feb.es/Foto.aspx?c=1447983,25,7,15.2,2.9,0.8,1.7,2.6,1.1,0.6,0.0,0.0,0.7,1.7,0.8,0.3,3.3,0.8,1.5,52.6,0.4,1.7,20.9,0.2,0.4,54.5,42.5,41.4,53.1,13.6,17.3,2.1,40.2,41.2,15.4,7.0,14.6,13.0,73.0,64.0,28.0,14.0,0.0,18.0,82.0,20.0,38.0,9.0,43.0,6.0,11.0,379.7,22782.0
2862573,J. Tate,981203,INVEREADY GIPUZKOA,SF,3,High Volume Scorer,https://imagenes.feb.es/Foto.aspx?c=2862573,17,10,22.2,12.5,0.6,1.6,2.2,3.9,0.8,0.0,0.6,2.0,3.2,2.8,8.5,11.8,4.1,6.7,61.4,0.9,2.9,30.6,1.6,2.2,73.0,59.1,56.7,30.1,22.7,15.9,8.7,58.9,60.7,16.7,3.2,23.1,27.1,212.0,37.0,67.0,13.0,0.0,34.0,200.0,70.0,114.0,15.0,49.0,27.0,37.0,377.6,22657.0
2814207,T. Mcghie,981203,INVEREADY GIPUZKOA,SF,3,3&D Wing,https://imagenes.feb.es/Foto.aspx?c=2814207,28,15,21.4,8.8,0.3,2.1,2.4,0.8,0.5,0.4,0.2,0.9,1.4,1.1,1.4,6.6,1.2,2.5,48.6,1.9,5.4,34.4,0.8,1.0,81.5,52.8,50.7,68.3,12.2,9.7,5.1,49.2,51.8,10.1,1.6,13.4,20.6,246.0,67.0,23.0,14.0,10.0,25.0,186.0,34.0,70.0,52.0,151.0,22.0,27.0,598.1,35904.0
2082685,M. Ansorregui Deba,981203,INVEREADY GIPUZKOA,SF,3,3&D Wing,https://imagenes.feb.es/Foto.aspx?c=2082685,30,15,22.8,8.7,1.8,3.7,5.5,1.2,1.2,0.3,0.3,0.8,1.6,1.5,2.2,11.4,3.0,5.8,51.4,0.5,1.6,29.2,1.3,1.8,72.7,53.0,49.8,21.7,24.9,8.9,7.8,49.0,52.4,7.8,9.7,25.1,18.9,260.0,164.0,35.0,36.0,8.0,24.0,343.0,89.0,173.0,14.0,48.0,40.0,55.0,684.0,41026.0
2678649,O. Hanzlik,981203,INVEREADY GIPUZKOA,SF,3,3&D Wing,https://imagenes.feb.es/Foto.aspx?c=2678649,30,15,20.4,7.6,0.7,1.8,2.5,0.9,0.6,0.2,0.0,0.3,1.2,0.9,2.0,7.2,0.8,1.1,67.6,1.7,5.2,33.5,0.8,1.1,78.1,55.9,53.4,82.0,16.9,4.2,5.7,52.3,58.2,4.2,4.5,19.6,16.6,227.0,75.0,28.0,18.0,7.0,9.0,216.0,23.0,34.0,52.0,155.0,25.0,32.0,612.7,36773.0
2813562,G. Korsantia,981203,INVEREADY GIPUZKOA,PF,4,Traditional Center,https://imagenes.feb.es/Foto.aspx?c=2813562,30,17,20.9,9.3,2.9,4.3,7.3,1.4,0.9,0.2,0.3,1.8,2.7,2.8,2.4,12.6,3.3,6.3,52.9,0.2,1.2,14.3,2.2,3.1,69.9,52.8,48.0,15.6,41.5,16.9,7.7,48.7,53.8,17.8,17.2,46.6,24.5,280.0,218.0,43.0,28.0,6.0,54.0,378.0,100.0,189.0,5.0,35.0,65.0,93.0,626.0,37572.0
1535344,I. Rosa Pompido,981203,INVEREADY GIPUZKOA,PF,4,3&D Wing,https://imagenes.feb.es/Foto.aspx?c=1535344,7,0,8.1,1.9,0.7,0.9,1.6,0.1,0.3,0.1,0.0,0.4,2.1,1.0,-0.7,0.3,0.4,1.0,42.9,0.1,1.1,12.5,0.6,1.1,50.0,35.1,30.0,53.3,53.3,13.9,0.3,31.6,32.4,18.0,9.9,40.5,19.7,13.0,11.0,1.0,2.0,1.0,3.0,2.0,3.0,7.0,1.0,8.0,4.0,8.0,56.7,3396.0
1535344,I. Rosa Pompido,981203,INVEREADY GIPUZKOA,PF,4,Rolling Big,https://imagenes.feb.es/Foto.aspx?c=1535344,7,0,8.1,1.9,0.7,0.9,1.6,0.1,0.3,0.1,0.0,0.4,2.1,1.0,-0.7,0.3,0.4,1.0,42.9,0.1,1.1,12.5,0.6,1.1,50.0,35.1,30.0,53.3,53.3,13.9,0.3,31.6,32.4,18.0,9.9,40.5,19.7,13.0,11.0,1.0,2.0,1.0,3.0,2.0,3.0,7.0,1.0,8.0,4.0,8.0,56.7,3396.0
2640663,A. Ngom,981203,INVEREADY GIPUZKOA,C,5,Traditional Center,https://imagenes.feb.es/Foto.aspx?c=2640663,29,7,17.3,9.6,1.6,4.4,6.0,0.6,0.4,1.3,0.1,1.6,2.7,3.2,2.9,14.0,3.6,4.9,72.0,0.1,0.2,33.3,2.3,3.5,64.7,71.7,71.1,4.0,68.5,19.2,8.4,69.3,69.7,19.8,11.6,72.5,22.8,278.0,173.0,16.0,11.0,39.0,46.0,406.0,103.0,143.0,2.0,6.0,66.0,102.0,501.2,30066.0
1988355,J. Nicolau Aledon,981203,INVEREADY GIPUZKOA,C,5,Stretch Big,https://imagenes.feb.es/Foto.aspx?c=1988355,30,23,18.7,7.6,1.1,2.3,3.3,1.1,0.5,1.1,0.2,1.0,2.7,2.6,3.0,9.6,2.7,4.4,61.8,0.1,0.2,66.7,1.8,3.0,61.8,65.0,63.5,4.4,65.0,14.6,6.5,60.5,62.5,14.6,7.5,74.4,17.8,229.0,100.0,33.0,15.0,32.0,30.0,288.0,81.0,131.0,4.0,6.0,55.0,89.0,559.8,33586.0
2180409,A. Anabitarte Soroa,981203,INVEREADY GIPUZKOA,,6,,https://imagenes.feb.es/Foto.aspx?c=2180409,4,0,1.2,0.0,0.0,0.0,0.0,0.0,0.0,0.0,0.0,0.0,0.0,0.0,-0.8,0.0,0.0,0.0,0.0,0.0,0.0,0.0,0.0,0.0,0.0,0.0,0.0,0.0,0.0,0.0,0.0,,,,,,,0.0,0.0,0.0,0.0,0.0,0.0,0.0,0.0,0.0,0.0,0.0,0.0,0.0,4.6,274.0
2303399,E. Martinez Cendon,981203,INVEREADY GIPUZKOA,,6,,https://imagenes.feb.es/Foto.aspx?c=2303399,1,0,0.6,0.0,1.0,0.0,1.0,0.0,0.0,0.0,0.0,0.0,0.0,0.0,0.0,1.0,0.0,0.0,0.0,0.0,0.0,0.0,0.0,0.0,0.0,0.0,0.0,0.0,0.0,0.0,0.7,,,,,,,0.0,1.0,0.0,0.0,0.0,0.0,1.0,0.0,0.0,0.0,0.0,0.0,0.0,0.6,38.0
2644143,C. De Souza Pacheco,980004,LEYMA CORUÑA,PG,1,Offensive Engine,https://imagenes.feb.es/Foto.aspx?c=2644143,29,16,21.6,11.5,0.4,1.4,1.8,4.7,1.0,0.0,0.2,1.8,2.1,3.2,5.1,12.8,2.5,5.2,47.4,1.4,3.7,39.3,2.2,2.8,79.0,56.7,52.1,41.3,31.3,15.0,8.9,54.0,58.1,15.5,2.0,31.0,25.0,334.0,52.0,136.0,28.0,1.0,52.0,370.0,72.0,152.0,42.0,107.0,64.0,81.0,625.5,37531.0
2557970,D. Cuevas Simarro,980004,LEYMA CORUÑA,PG,1,Lead Guard,https://imagenes.feb.es/Foto.aspx?c=2557970,31,15,20.9,6.9,0.7,2.2,2.9,5.7,1.6,0.0,0.3,1.7,1.2,2.7,6.5,11.5,0.9,2.5,38.2,1.1,4.3,26.1,1.7,2.5,66.7,44.0,38.8,63.8,37.1,18.1,7.2,41.3,47.1,19.3,4.0,52.2,20.5,215.0,90.0,178.0,49.0,0.0,54.0,355.0,29.0,76.0,35.0,134.0,52.0,78.0,648.7,38916.0
2371535,P. Jorgensen,980004,LEYMA CORUÑA,SG,2,High Volume Scorer,https://imagenes.feb.es/Foto.aspx?c=2371535,31,16,22.1,12.4,0.5,2.3,2.8,2.0,1.0,0.1,0.4,0.9,1.7,2.5,5.0,11.9,2.7,5.6,48.6,1.8,4.7,38.6,1.6,2.2,73.1,55.4,52.8,45.6,21.1,7.5,8.8,52.6,55.4,7.3,2.7,22.2,24.7,385.0,86.0,62.0,32.0,3.0,28.0,368.0,84.0,173.0,56.0,145.0,49.0,67.0,685.5,41136.0
2452677,J. Cremo,980004,LEYMA CORUÑA,SG,2,High Volume Scorer,https://imagenes.feb.es/Foto.aspx?c=2452677,31,15,22.0,11.6,0.9,1.8,2.6,2.1,0.7,0.1,0.1,1.3,2.2,2.6,8.0,10.6,1.8,4.3,42.9,1.7,4.5,38.3,2.7,3.1,87.6,57.0,50.4,51.5,35.4,11.5,7.9,51.2,57.5,11.2,4.7,37.8,23.6,361.0,82.0,66.0,21.0,2.0,41.0,329.0,57.0,133.0,54.0,141.0,85.0,97.0,683.4,41015.0
2843861,D. Radoncic,980004,LEYMA CORUÑA,SF,3,Stretch Big,https://imagenes.feb.es/Foto.aspx?c=2843861,20,19,20.5,9.3,1.2,2.8,3.9,2.0,0.5,0.2,0.1,1.4,2.0,2.4,10.4,12.6,3.1,3.9,79.5,0.4,1.2,36.0,1.8,2.4,74.5,75.2,73.3,24.3,45.6,19.0,8.3,74.8,76.7,19.1,6.5,61.2,16.8,186.0,78.0,41.0,10.0,3.0,29.0,251.0,62.0,78.0,9.0,25.0,35.0,47.0,409.8,24575.0
1541543,J. Diaz Alejano,980004,LEYMA CORUÑA,SF,3,Shooter Specialist,https://imagenes.feb.es/Foto.aspx?c=1541543,27,1,17.7,8.4,1.2,2.6,3.8,0.7,0.6,0.2,0.1,0.6,1.8,1.1,6.5,9.7,1.8,2.8,64.0,1.3,2.9,45.6,0.9,1.0,85.2,68.4,66.2,51.3,17.5,8.3,7.2,69.3,71.6,7.5,7.9,20.0,16.9,227.0,102.0,18.0,17.0,6.0,15.0,262.0,48.0,75.0,36.0,79.0,23.0,27.0,479.0,28733.0
1491674,G. Jou Coll,980004,LEYMA CORUÑA,SF,3,3&D Wing,https://imagenes.feb.es/Foto.aspx?c=1491674,31,29,18.6,7.2,1.2,2.6,3.8,1.0,0.7,0.0,0.0,0.3,1.8,1.5,7.0,8.8,0.6,1.1,57.6,1.6,4.0,41.1,1.0,1.4,70.5,62.9,60.8,79.0,28.0,5.4,6.4,54.9,58.8,6.2,7.9,36.4,14.5,222.0,119.0,30.0,23.0,1.0,10.0,274.0,19.0,33.0,51.0,124.0,31.0,44.0,575.8,34554.0
2869453,S. Micovic,980004,LEYMA CORUÑA,SF,3,3&D Wing,https://imagenes.feb.es/Foto.aspx?c=2869453,6,5,17.2,5.3,0.7,1.7,2.3,0.8,0.2,0.2,0.2,0.7,1.7,0.5,3.8,3.5,1.2,2.2,53.8,1.0,3.5,28.6,0.0,0.0,0.0,47.1,47.1,61.8,0.0,10.5,2.7,47.5,47.5,10.2,4.4,0.0,16.9,32.0,14.0,5.0,1.0,1.0,4.0,21.0,7.0,13.0,6.0,21.0,0.0,0.0,102.9,6173.0
2814190,D. Brnovic,980004,LEYMA CORUÑA,SF,3,3&D Wing,https://imagenes.feb.es/Foto.aspx?c=2814190,30,3,11.5,4.1,0.7,1.0,1.7,0.5,0.2,0.0,0.1,0.3,1.0,0.8,1.7,3.9,0.6,1.1,55.9,0.7,2.0,35.6,0.7,1.0,67.7,57.2,54.3,63.4,33.3,8.6,2.9,47.1,49.6,8.2,6.9,45.2,15.1,122.0,50.0,15.0,6.0,0.0,10.0,116.0,19.0,34.0,21.0,59.0,21.0,31.0,346.3,20762.0
2651052,Y. Mencia Hernandez,980004,LEYMA CORUÑA,PF,4,Lead Guard,https://imagenes.feb.es/Foto.aspx?c=2651052,3,3,20.5,8.7,1.3,4.3,5.7,0.3,2.7,0.0,0.3,2.3,2.3,3.0,7.7,10.0,3.0,5.7,52.9,0.3,2.3,14.3,1.7,2.7,62.5,47.2,43.8,29.2,33.3,20.3,5.9,32.7,45.2,24.9,6.8,54.1,24.2,26.0,17.0,1.0,8.0,0.0,7.0,30.0,9.0,17.0,1.0,7.0,5.0,8.0,61.6,3693.0
2814191,M. Braz,980004,LEYMA CORUÑA,PF,4,Traditional Center,https://imagenes.feb.es/Foto.aspx?c=2814191,21,2,5.7,2.1,0.5,0.6,1.1,0.0,0.0,0.1,0.0,0.2,1.3,0.5,-1.0,1.3,0.8,1.4,53.3,0.0,0.2,25.0,0.5,0.9,55.6,53.7,51.5,11.8,52.9,8.7,1.2,52.4,52.1,6.9,11.7,56.8,17.3,45.0,23.0,1.0,1.0,3.0,4.0,27.0,16.0,30.0,1.0,4.0,10.0,18.0,118.8,7128.0
1848359,I. Diop Gaye,980004,LEYMA CORUÑA,C,5,Traditional Center,https://imagenes.feb.es/Foto.aspx?c=1848359,31,8,19.1,8.1,1.9,3.3,5.2,0.7,0.6,0.6,0.2,1.4,2.8,2.5,8.2,10.0,2.6,4.5,57.4,0.2,1.1,14.3,2.4,3.0,79.8,58.0,50.3,19.9,53.4,16.2,6.4,53.7,60.2,18.3,12.4,86.4,19.6,252.0,160.0,23.0,18.0,20.0,42.0,311.0,81.0,141.0,5.0,35.0,75.0,94.0,592.6,35548.0
2862313,S. Barro,980004,LEYMA CORUÑA,C,5,Traditional Center,https://imagenes.feb.es/Foto.aspx?c=2862313,22,15,14.4,7.8,1.6,2.5,4.1,0.2,0.4,0.3,0.2,0.8,2.5,2.4,2.6,9.6,2.7,4.1,65.6,0.0,0.0,0.0,2.4,3.1,77.9,70.7,64.8,1.1,74.7,13.0,6.4,64.3,68.6,13.9,14.3,101.0,19.8,171.0,90.0,4.0,8.0,6.0,18.0,212.0,59.0,90.0,0.0,1.0,53.0,68.0,316.2,18989.0
2815798,A. Thiam,980004,LEYMA CORUÑA,C,5,Stretch Big,https://imagenes.feb.es/Foto.aspx?c=2815798,31,8,16.7,7.0,1.9,3.2,5.1,0.4,0.5,0.2,0.3,0.8,2.8,1.5,4.1,8.1,2.8,5.5,50.6,0.0,0.0,100.0,1.3,1.6,79.6,55.5,51.2,0.6,28.3,11.0,5.5,49.4,54.1,12.8,13.7,32.8,18.9,216.0,157.0,13.0,17.0,7.0,24.0,250.0,87.0,172.0,1.0,1.0,39.0,49.0,517.1,31043.0
2039654,C. Varela Romero,980004,LEYMA CORUÑA,SF,6,Offensive Engine,https://imagenes.feb.es/Foto.aspx?c=2039654,8,0,4.4,1.0,0.1,0.2,0.4,0.6,0.2,0.0,0.0,0.4,0.9,0.5,1.0,1.0,0.1,0.2,50.0,0.2,0.6,40.0,0.0,0.0,0.0,57.1,57.1,71.4,0.0,30.0,0.7,34.6,34.6,13.1,3.6,0.0,12.7,8.0,3.0,5.0,2.0,0.0,3.0,8.0,1.0,2.0,2.0,5.0,0.0,0.0,35.1,2108.0
2739841,M. Oillataguerre,980004,LEYMA CORUÑA,,6,,https://imagenes.feb.es/Foto.aspx?c=2739841,1,0,1.6,0.0,0.0,0.0,0.0,0.0,0.0,0.0,0.0,1.0,1.0,0.0,0.0,-2.0,0.0,0.0,0.0,0.0,0.0,0.0,0.0,0.0,0.0,0.0,0.0,0.0,0.0,100.0,-1.4,,,,,,,0.0,0.0,0.0,0.0,0.0,1.0,-2.0,0.0,0.0,0.0,0.0,0.0,0.0,1.6,96.0
2787126,S. Ceccardi,979769,MELILLA CIUDAD DEL DEPORTE,PG,1,High Volume Scorer,https://imagenes.feb.es/Foto.aspx?c=2787126,9,9,21.5,12.9,0.7,2.0,2.7,2.0,0.3,0.0,0.8,1.3,2.8,2.6,-3.7,11.4,2.6,4.3,59.0,1.8,4.8,37.2,2.4,2.6,95.7,63.0,57.3,52.4,28.0,11.5,8.6,49.7,56.8,20.3,1.8,37.4,22.6,116.0,24.0,18.0,3.0,0.0,12.0,103.0,23.0,39.0,16.0,43.0,22.0,23.0,193.4,11603.0
2787126,S. Ceccardi,979769,MELILLA CIUDAD DEL DEPORTE,PG,1,High Volume Scorer,https://imagenes.feb.es/Foto.aspx?c=2787126,9,9,21.5,12.9,0.7,2.0,2.7,2.0,0.3,0.0,0.8,1.3,2.8,2.6,-3.7,11.4,2.6,4.3,59.0,1.8,4.8,37.2,2.4,2.6,95.7,63.0,57.3,52.4,28.0,11.5,8.6,49.7,56.8,20.3,1.8,37.4,22.6,116.0,24.0,18.0,3.0,0.0,12.0,103.0,23.0,39.0,16.0,43.0,22.0,23.0,193.4,11603.0
1251001,C. Diaz Rodriguez,979769,MELILLA CIUDAD DEL DEPORTE,PG,1,Offensive Engine,https://imagenes.feb.es/Foto.aspx?c=1251001,29,10,20.4,7.2,0.6,1.1,1.6,2.9,0.8,0.0,0.2,2.0,2.2,4.0,-3.2,8.3,1.2,3.1,37.4,0.7,2.3,28.8,2.9,3.3,86.5,52.2,39.8,42.0,61.1,22.5,4.6,36.4,51.6,22.1,3.2,67.4,20.0,208.0,47.0,85.0,23.0,0.0,58.0,241.0,34.0,91.0,19.0,66.0,83.0,96.0,591.6,35512.0
1978541,J. Garcia Sanchez,979769,MELILLA CIUDAD DEL DEPORTE,PG,1,Offensive Engine,https://imagenes.feb.es/Foto.aspx?c=1978541,30,12,20.8,6.8,0.4,1.5,1.9,3.1,0.5,0.0,0.1,1.4,2.1,1.5,-5.3,5.6,0.8,2.1,36.5,1.5,4.7,32.9,0.6,0.9,73.1,47.3,45.3,69.0,12.8,16.1,4.1,41.2,44.4,16.9,2.1,21.1,18.8,203.0,56.0,94.0,16.0,0.0,41.0,167.0,23.0,63.0,46.0,140.0,19.0,26.0,622.7,37354.0
2864599,J. Ezquerra Trelles,979769,MELILLA CIUDAD DEL DEPORTE,PG,1,Rolling Big,https://imagenes.feb.es/Foto.aspx?c=2864599,6,1,11.9,1.5,0.8,0.3,1.2,1.5,0.7,0.0,0.3,2.3,1.3,0.7,-8.8,-1.7,0.5,3.0,16.7,0.2,1.2,14.3,0.0,0.0,0.0,18.0,18.0,28.0,0.0,35.9,-1.6,14.4,14.4,33.2,7.4,0.0,24.3,9.0,7.0,9.0,4.0,0.0,14.0,-10.0,3.0,18.0,1.0,7.0,0.0,0.0,71.2,4271.0
2814862,S. Peno,979769,MELILLA CIUDAD DEL DEPORTE,PG,1,Offensive Engine,https://imagenes.feb.es/Foto.aspx?c=2814862,12,0,8.0,1.1,0.1,0.2,0.3,0.8,0.1,0.0,0.0,0.9,1.2,0.8,-5.3,-0.2,0.0,0.6,0.0,0.2,0.8,30.0,0.3,0.3,100.0,34.6,26.5,58.8,23.5,37.0,-0.5,21.3,40.0,39.4,1.0,29.3,14.2,13.0,4.0,9.0,1.0,0.0,11.0,-3.0,0.0,7.0,3.0,10.0,4.0,4.0,95.5,5735.0
2819191,M. Heron,979769,MELILLA CIUDAD DEL DEPORTE,SG,2,High Volume Scorer,https://imagenes.feb.es/Foto.aspx?c=2819191,16,11,23.2,13.6,0.6,1.6,2.1,0.9,0.6,0.1,0.1,2.6,2.6,3.3,-6.6,9.6,3.3,6.1,54.6,1.4,3.6,37.9,2.8,3.6,77.6,60.1,55.5,37.4,37.4,18.9,6.9,50.6,55.2,18.5,3.2,37.1,26.9,217.0,34.0,15.0,10.0,1.0,42.0,154.0,53.0,97.0,22.0,58.0,45.0,58.0,371.1,22260.0
2819191,M. Heron,979769,MELILLA CIUDAD DEL DEPORTE,SG,2,High Volume Scorer,https://imagenes.feb.es/Foto.aspx?c=2819191,16,11,23.2,13.6,0.6,1.6,2.1,0.9,0.6,0.1,0.1,2.6,2.6,3.3,-6.6,9.6,3.3,6.1,54.6,1.4,3.6,37.9,2.8,3.6,77.6,60.1,55.5,37.4,37.4,18.9,6.9,50.6,55.2,18.5,3.2,37.1,26.9,217.0,34.0,15.0,10.0,1.0,42.0,154.0,53.0,97.0,22.0,58.0,45.0,58.0,371.1,22260.0
2532075,N. Hoover,979769,MELILLA CIUDAD DEL DEPORTE,SG,2,High Volume Scorer,https://imagenes.feb.es/Foto.aspx?c=2532075,12,9,23.9,8.8,0.4,1.2,1.7,1.5,0.6,0.0,0.2,1.3,1.6,2.1,-0.9,6.5,1.3,2.9,45.7,1.6,5.0,31.7,1.4,1.7,85.0,51.1,46.8,63.2,21.1,13.4,4.7,48.9,52.6,13.2,1.8,21.1,19.3,106.0,20.0,18.0,7.0,0.0,16.0,78.0,16.0,35.0,19.0,60.0,17.0,20.0,287.1,17227.0
1677841,P. Cordoba Muro,979769,MELILLA CIUDAD DEL DEPORTE,SG,2,3&D Wing,https://imagenes.feb.es/Foto.aspx?c=1677841,30,17,19.9,6.8,1.2,2.0,3.2,1.4,1.0,0.0,0.3,1.0,2.5,1.9,-5.2,6.4,1.8,3.7,47.7,0.7,2.6,25.3,1.3,1.8,70.4,47.7,43.7,41.6,28.4,12.7,4.6,44.3,49.8,13.2,7.1,39.6,18.8,204.0,97.0,42.0,30.0,1.0,31.0,193.0,53.0,111.0,20.0,79.0,38.0,54.0,596.9,35806.0
1373532,S. Rodriguez Febles,979769,MELILLA CIUDAD DEL DEPORTE,SF,3,3&D Wing,https://imagenes.feb.es/Foto.aspx?c=1373532,16,2,20.1,8.5,1.5,2.3,3.8,0.9,0.6,0.2,0.2,1.3,2.1,2.5,-4.1,8.7,1.9,3.5,53.6,1.2,3.5,35.7,1.0,1.6,61.5,55.1,53.6,50.0,23.2,14.5,5.6,55.7,56.6,14.4,8.0,23.0,20.8,136.0,61.0,15.0,10.0,3.0,21.0,139.0,30.0,56.0,20.0,56.0,16.0,26.0,321.8,19315.0
2866764,M. Caicedo Sanchez,979769,MELILLA CIUDAD DEL DEPORTE,SF,3,Lead Guard,https://imagenes.feb.es/Foto.aspx?c=2866764,13,13,23.5,7.2,1.6,3.5,5.2,2.3,1.7,0.2,0.3,1.8,1.8,2.5,-3.6,10.3,2.1,4.3,48.2,0.6,2.7,22.9,1.2,1.9,60.0,45.6,42.9,38.5,27.5,18.4,6.2,43.4,46.4,18.3,7.3,30.3,18.8,93.0,67.0,30.0,22.0,3.0,23.0,134.0,27.0,56.0,8.0,35.0,15.0,25.0,306.0,18364.0
2734873,P. Krutous,979769,MELILLA CIUDAD DEL DEPORTE,SF,3,3&D Wing,https://imagenes.feb.es/Foto.aspx?c=2734873,25,5,14.4,2.7,0.5,0.9,1.4,0.5,0.2,0.0,0.1,0.4,1.1,0.3,-2.6,2.3,0.5,0.8,57.1,0.5,1.4,35.3,0.3,0.4,88.9,57.7,54.5,61.8,16.4,14.5,1.8,47.8,51.5,9.3,3.9,19.7,8.8,68.0,34.0,13.0,4.0,0.0,10.0,57.0,12.0,21.0,12.0,34.0,8.0,9.0,359.0,21554.0
2037865,C. Palomares Calderon,979769,MELILLA CIUDAD DEL DEPORTE,SF,3,3&D Wing,https://imagenes.feb.es/Foto.aspx?c=2037865,2,0,2.5,1.5,0.0,0.0,0.0,0.0,0.0,0.0,0.0,0.0,0.5,0.0,-6.0,0.0,0.0,0.5,0.0,0.5,1.0,50.0,0.0,0.0,0.0,50.0,50.0,66.7,0.0,0.0,0.5,61.5,61.5,0.0,0.0,0.0,25.8,3.0,0.0,0.0,0.0,0.0,0.0,0.0,0.0,1.0,1.0,2.0,0.0,0.0,5.0,303.0
1382710,I. Cruz Uceda,979769,MELILLA CIUDAD DEL DEPORTE,PF,4,Stretch Big,https://imagenes.feb.es/Foto.aspx?c=1382710,19,19,23.5,12.4,2.1,5.7,7.8,2.3,0.7,0.1,0.2,1.4,1.4,1.9,-3.8,16.7,2.7,5.7,48.1,2.0,4.5,44.2,0.9,1.1,81.0,57.8,56.2,44.3,10.8,11.7,10.6,56.5,58.1,11.4,9.4,11.0,23.3,235.0,148.0,44.0,14.0,1.0,27.0,318.0,52.0,108.0,38.0,86.0,17.0,21.0,446.4,26783.0
2739848,R. Stumbris,979769,MELILLA CIUDAD DEL DEPORTE,PF,4,3&D Wing,https://imagenes.feb.es/Foto.aspx?c=2739848,10,9,24.1,7.6,0.9,2.1,3.0,1.3,0.5,0.2,0.1,1.4,2.3,1.6,-7.4,5.5,1.8,3.5,51.4,1.0,3.9,25.6,1.0,1.4,71.4,47.4,44.6,52.7,18.9,14.9,3.9,50.7,55.5,12.6,5.0,29.1,17.2,76.0,30.0,13.0,5.0,2.0,14.0,55.0,18.0,35.0,10.0,39.0,10.0,14.0,241.3,14477.0
2739848,R. Stumbris,979769,MELILLA CIUDAD DEL DEPORTE,PF,4,3&D Wing,https://imagenes.feb.es/Foto.aspx?c=2739848,10,9,24.1,7.6,0.9,2.1,3.0,1.3,0.5,0.2,0.1,1.4,2.3,1.6,-7.4,5.5,1.8,3.5,51.4,1.0,3.9,25.6,1.0,1.4,71.4,47.4,44.6,52.7,18.9,14.9,3.9,50.7,55.5,12.6,5.0,29.1,17.2,76.0,30.0,13.0,5.0,2.0,14.0,55.0,18.0,35.0,10.0,39.0,10.0,14.0,241.3,14477.0
2734242,M. Stilma,979769,MELILLA CIUDAD DEL DEPORTE,PF,4,3&D Wing,https://imagenes.feb.es/Foto.aspx?c=2734242,26,3,12.3,4.4,0.7,1.7,2.3,0.7,0.3,0.1,0.2,1.2,1.9,1.3,-3.3,3.4,1.0,1.8,54.2,0.5,2.0,25.0,0.9,1.2,74.2,50.2,45.5,52.0,31.0,22.0,2.1,42.5,49.4,23.0,6.0,33.5,21.1,114.0,61.0,19.0,9.0,3.0,32.0,89.0,26.0,48.0,13.0,52.0,23.0,31.0,319.0,19128.0
1878729,J. Godspower Johnson,979769,MELILLA CIUDAD DEL DEPORTE,PF,4,3&D Wing,https://imagenes.feb.es/Foto.aspx?c=1878729,29,10,14.5,4.2,0.5,2.2,2.7,0.8,0.6,0.2,0.0,0.8,1.6,0.3,-0.5,3.4,0.5,1.2,41.2,1.0,3.1,31.1,0.3,0.4,69.2,46.6,45.2,72.6,10.5,14.5,2.6,40.6,42.7,14.0,3.6,16.5,16.7,121.0,77.0,22.0,18.0,6.0,22.0,99.0,14.0,34.0,28.0,90.0,9.0,13.0,420.2,25220.0
2451278,D. Poirier,979769,MELILLA CIUDAD DEL DEPORTE,C,5,Stretch Big,https://imagenes.feb.es/Foto.aspx?c=2451278,15,9,20.9,11.4,1.1,6.2,7.3,0.9,0.2,0.4,0.2,2.0,2.1,2.5,-6.2,14.5,3.3,5.6,58.3,1.0,2.1,48.4,1.9,2.5,75.7,65.1,62.2,27.0,32.2,18.6,8.4,61.7,63.4,19.6,6.0,34.2,24.2,171.0,109.0,14.0,3.0,6.0,30.0,218.0,49.0,84.0,15.0,31.0,28.0,37.0,314.0,18840.0
2647156,L. Debaut,979769,MELILLA CIUDAD DEL DEPORTE,C,5,Stretch Big,https://imagenes.feb.es/Foto.aspx?c=2647156,17,7,17.3,8.0,2.5,3.4,5.9,0.5,0.5,0.2,0.2,1.4,2.0,2.6,-8.3,10.9,2.6,4.6,57.7,0.2,0.6,36.4,2.0,3.1,65.4,60.8,57.3,12.4,58.4,17.1,6.7,57.0,59.7,17.0,17.6,70.2,21.1,136.0,100.0,8.0,8.0,4.0,23.0,186.0,45.0,78.0,4.0,11.0,34.0,52.0,294.9,17695.0
2869128,N. Mc Mullen,979769,MELILLA CIUDAD DEL DEPORTE,C,5,Traditional Center,https://imagenes.feb.es/Foto.aspx?c=2869128,7,2,15.4,5.0,2.6,3.3,5.9,1.0,0.1,0.4,0.6,1.3,2.1,2.1,-6.1,6.9,1.4,4.1,34.5,0.1,0.9,16.7,1.7,2.6,66.7,40.8,32.9,17.1,51.4,17.3,3.6,33.2,40.4,16.8,17.1,62.8,21.8,35.0,41.0,7.0,1.0,3.0,9.0,48.0,10.0,29.0,1.0,6.0,12.0,18.0,107.9,6472.0
2865599,J. Bergstedt,979769,MELILLA CIUDAD DEL DEPORTE,C,5,Traditional Center,https://imagenes.feb.es/Foto.aspx?c=2865599,7,2,8.5,3.6,1.0,1.4,2.4,0.4,0.3,0.1,0.4,0.9,1.1,2.0,-5.1,3.7,1.0,2.7,36.8,0.1,0.7,20.0,1.1,2.0,57.1,41.4,35.4,20.8,58.3,16.6,1.8,26.8,44.2,13.6,11.3,103.5,27.2,25.0,17.0,3.0,2.0,1.0,6.0,26.0,7.0,19.0,1.0,5.0,8.0,14.0,59.8,3581.0
2436780,L. Westermann,981421,MONBUS OBRADOIRO,PG,1,Offensive Engine,https://imagenes.feb.es/Foto.aspx?c=2436780,30,30,21.4,11.1,0.4,2.2,2.6,5.1,1.1,0.0,0.0,2.7,2.5,3.1,9.4,12.7,1.6,3.5,46.2,1.9,4.4,44.3,2.1,2.8,74.7,61.1,57.4,55.3,35.0,22.8,8.6,56.6,60.6,23.1,2.4,36.5,25.9,334.0,79.0,152.0,33.0,0.0,81.0,382.0,49.0,106.0,58.0,131.0,62.0,83.0,643.4,38607.0
2433193,M. Speight,981421,MONBUS OBRADOIRO,PG,1,Lead Guard,https://imagenes.feb.es/Foto.aspx?c=2433193,11,0,17.4,7.8,0.7,1.9,2.6,2.7,1.3,0.0,0.2,2.0,1.5,2.3,8.1,9.6,1.1,2.9,37.5,1.5,2.9,50.0,1.3,1.5,82.4,60.2,56.2,50.0,26.6,23.5,6.3,51.8,54.9,23.6,6.4,40.6,22.7,86.0,29.0,30.0,14.0,0.0,22.0,106.0,12.0,32.0,16.0,32.0,14.0,17.0,191.0,11463.0
2533473,A. Grela Rojas,981421,MONBUS OBRADOIRO,PG,1,Offensive Engine,https://imagenes.feb.es/Foto.aspx?c=2533473,16,0,5.5,0.6,0.0,0.6,0.6,0.6,0.2,0.0,0.0,0.6,1.2,0.4,1.4,-0.2,0.1,0.4,14.3,0.1,0.5,12.5,0.2,0.2,100.0,26.8,16.7,53.3,26.7,34.9,-0.2,16.8,28.5,30.9,0.0,0.0,13.8,9.0,9.0,10.0,4.0,0.0,9.0,-3.0,1.0,7.0,1.0,8.0,4.0,4.0,87.7,5268.0
2640794,A. Barcello,981421,MONBUS OBRADOIRO,SG,2,Lead Guard,https://imagenes.feb.es/Foto.aspx?c=2640794,30,28,22.5,13.2,1.0,1.8,2.8,3.0,1.4,0.1,0.2,1.0,1.4,3.2,8.4,15.8,2.5,5.0,49.7,1.6,3.8,43.0,3.4,4.1,83.6,62.7,56.1,43.3,46.4,8.7,11.6,55.7,62.7,8.5,6.1,51.1,24.1,397.0,83.0,89.0,41.0,2.0,30.0,475.0,74.0,149.0,49.0,114.0,102.0,122.0,675.0,40499.0
2220063,S. Quintela Salvador,981421,MONBUS OBRADOIRO,SG,2,Lead Guard,https://imagenes.feb.es/Foto.aspx?c=2220063,30,2,17.7,7.4,0.6,1.9,2.5,2.1,1.9,0.0,0.1,1.1,2.1,2.7,7.0,9.0,2.1,4.7,44.7,0.4,2.0,20.3,2.0,2.3,88.2,48.3,40.5,29.5,34.0,12.9,6.0,42.1,49.5,12.6,4.8,40.6,23.3,222.0,75.0,64.0,56.0,0.0,34.0,269.0,63.0,141.0,12.0,59.0,60.0,68.0,529.6,31771.0
2870053,A. Holder,981421,MONBUS OBRADOIRO,SG,2,Lead Guard,https://imagenes.feb.es/Foto.aspx?c=2870053,2,0,5.4,2.0,0.0,0.0,0.0,0.5,0.5,0.0,1.0,1.0,0.5,1.5,3.5,0.5,0.5,1.0,50.0,0.0,1.0,0.0,1.0,2.0,50.0,34.7,25.0,50.0,100.0,25.8,0.1,23.1,32.1,21.1,0.0,92.6,35.5,4.0,0.0,1.0,1.0,0.0,2.0,1.0,1.0,2.0,0.0,2.0,2.0,4.0,10.8,652.0
2524267,Y. Barrueta,981421,MONBUS OBRADOIRO,SF,3,Shooter Specialist,https://imagenes.feb.es/Foto.aspx?c=2524267,30,30,22.4,11.8,1.2,2.7,3.9,0.9,0.4,0.0,0.3,0.6,1.8,1.5,7.1,11.5,1.6,2.5,62.7,2.4,5.8,40.8,1.6,1.8,87.3,65.0,61.6,69.9,22.1,5.9,8.8,64.2,67.0,5.5,7.2,26.2,20.3,355.0,117.0,26.0,11.0,1.0,17.0,346.0,47.0,75.0,71.0,174.0,48.0,55.0,671.0,40280.0
2528063,D. De Sousa Anjo Brito,981421,MONBUS OBRADOIRO,SF,3,3&D Wing,https://imagenes.feb.es/Foto.aspx?c=2528063,30,0,19.0,8.4,0.6,2.2,2.9,1.9,1.0,0.1,0.2,1.1,1.4,1.5,7.4,9.2,1.8,3.0,60.7,1.1,3.4,33.0,1.4,2.0,71.2,57.8,54.7,53.6,30.7,12.8,6.7,53.4,56.5,11.0,4.6,33.2,20.6,252.0,86.0,56.0,30.0,4.0,32.0,276.0,54.0,89.0,34.0,103.0,42.0,59.0,569.5,34171.0
2482605,K. Lundqvist,981421,MONBUS OBRADOIRO,SF,3,Traditional Center,https://imagenes.feb.es/Foto.aspx?c=2482605,7,0,13.5,8.1,0.3,1.6,1.9,1.4,0.6,0.4,0.1,1.3,2.0,2.7,4.4,8.9,2.4,3.3,73.9,0.4,1.7,25.0,2.0,2.9,70.0,65.1,61.4,34.3,57.1,17.0,5.9,63.2,62.9,18.4,2.5,60.9,25.9,57.0,13.0,10.0,4.0,3.0,9.0,62.0,17.0,23.0,3.0,12.0,14.0,20.0,94.7,5686.0
2734244,T. Munnings,981421,MONBUS OBRADOIRO,SF,3,Shooter Specialist,https://imagenes.feb.es/Foto.aspx?c=2734244,14,0,18.2,6.6,1.1,2.4,3.4,1.4,0.6,0.1,0.0,0.6,2.2,0.9,9.2,8.0,1.2,1.8,68.0,1.3,2.9,45.0,0.4,0.6,62.5,67.9,67.7,61.5,12.3,10.5,6.0,62.5,62.4,8.5,8.6,12.2,14.1,93.0,48.0,20.0,9.0,1.0,8.0,112.0,17.0,25.0,18.0,40.0,5.0,8.0,255.4,15325.0
1836771,A. Galan Pozo,981421,MONBUS OBRADOIRO,PF,4,3&D Wing,https://imagenes.feb.es/Foto.aspx?c=1836771,30,25,20.0,7.4,0.5,2.4,2.9,1.3,0.7,0.3,0.2,0.7,2.9,2.2,9.5,8.3,1.8,2.9,62.8,0.7,2.2,32.8,1.6,2.0,81.7,62.2,56.9,43.8,39.2,10.0,5.8,53.4,57.9,8.4,3.2,41.9,15.5,223.0,87.0,38.0,22.0,8.0,20.0,250.0,54.0,86.0,22.0,67.0,49.0,60.0,598.6,35916.0
2524084,R. Andersson,981421,MONBUS OBRADOIRO,PF,4,Shooter Specialist,https://imagenes.feb.es/Foto.aspx?c=2524084,29,4,17.7,4.9,0.7,1.8,2.5,0.6,0.6,0.6,0.1,0.4,2.5,1.2,6.3,5.3,0.7,0.9,80.0,0.8,2.4,33.3,1.1,1.4,78.0,62.9,58.0,73.4,43.6,10.4,4.0,54.7,58.9,10.9,5.1,43.3,11.4,141.0,72.0,17.0,17.0,16.0,13.0,154.0,20.0,25.0,23.0,69.0,32.0,41.0,512.0,30722.0
2219665,F. Dos Anjos De Paula,981421,MONBUS OBRADOIRO,C,5,Traditional Center,https://imagenes.feb.es/Foto.aspx?c=2219665,30,29,21.1,11.0,2.0,2.8,4.9,0.7,0.4,0.6,0.0,1.1,2.0,3.3,10.4,14.8,4.4,6.2,71.0,0.0,0.0,0.0,2.2,3.5,64.4,71.4,71.0,0.0,55.9,12.8,9.6,72.8,72.0,13.6,12.9,71.3,19.8,331.0,146.0,20.0,13.0,18.0,34.0,444.0,132.0,186.0,0.0,0.0,67.0,104.0,632.1,37915.0
2371461,D. Kravic,981421,MONBUS OBRADOIRO,C,5,Traditional Center,https://imagenes.feb.es/Foto.aspx?c=2371461,26,0,16.8,8.3,1.7,2.7,4.4,1.8,0.2,0.4,0.2,1.0,1.0,1.5,5.5,11.3,3.8,6.0,62.8,0.0,0.0,0.0,0.7,1.7,42.2,61.1,62.8,0.0,28.8,13.3,7.5,63.2,60.8,12.8,14.7,37.7,21.7,215.0,115.0,46.0,6.0,11.0,27.0,294.0,98.0,156.0,0.0,0.0,19.0,45.0,435.6,26144.0
2026110,G. Huskic,981421,MONBUS OBRADOIRO,C,5,,https://imagenes.feb.es/Foto.aspx?c=2026110,1,1,7.6,5.0,0.0,1.0,1.0,1.0,1.0,0.0,0.0,1.0,2.0,3.0,-7.0,5.0,2.0,4.0,50.0,0.0,0.0,0.0,1.0,2.0,50.0,51.2,50.0,0.0,50.0,17.0,2.8,,,,,,,5.0,1.0,1.0,1.0,0.0,1.0,5.0,2.0,4.0,0.0,0.0,1.0,2.0,7.6,454.0
2082696,A. Etxeguren Gonzalez,981421,MONBUS OBRADOIRO,C,5,Traditional Center,https://imagenes.feb.es/Foto.aspx?c=2082696,19,1,8.3,2.2,0.6,0.6,1.2,0.4,0.3,0.2,0.1,0.3,1.2,0.8,1.3,3.0,0.9,1.1,81.0,0.0,0.0,0.0,0.4,0.8,46.7,74.3,81.0,0.0,71.4,15.3,2.2,44.3,51.4,9.7,9.0,8.0,9.6,41.0,23.0,8.0,6.0,4.0,5.0,57.0,17.0,21.0,0.0,0.0,7.0,15.0,157.0,9409.0
2108616,D. Maseda Soilan,981421,MONBUS OBRADOIRO,,6,,https://imagenes.feb.es/Foto.aspx?c=2108616,1,0,0.3,0.0,0.0,0.0,0.0,0.0,0.0,0.0,0.0,0.0,0.0,0.0,-3.0,0.0,0.0,0.0,0.0,0.0,0.0,0.0,0.0,0.0,0.0,0.0,0.0,0.0,0.0,0.0,0.0,,,,,,,0.0,0.0,0.0,0.0,0.0,0.0,0.0,0.0,0.0,0.0,0.0,0.0,0.0,0.3,19.0
2128178,R. Díaz Del Valle,981421,MONBUS OBRADOIRO,,6,,https://imagenes.feb.es/Foto.aspx?c=2128178,2,0,1.6,0.0,0.0,0.5,0.5,0.0,0.0,0.0,0.0,0.0,1.0,0.0,-2.5,-1.0,0.0,0.0,0.0,0.0,0.5,0.0,0.0,0.0,0.0,0.0,0.0,100.0,0.0,0.0,-0.6,,,,,,,0.0,1.0,0.0,0.0,0.0,0.0,-2.0,0.0,0.0,0.0,1.0,0.0,0.0,3.3,199.0
2734234,J. Granger,981431,MOVISTAR ESTUDIANTES,PG,1,Offensive Engine,https://imagenes.feb.es/Foto.aspx?c=2734234,25,19,25.9,13.2,0.7,2.7,3.4,6.1,0.8,0.0,0.2,1.8,1.4,3.9,6.1,17.1,2.2,4.6,48.2,2.2,6.3,34.8,2.2,2.7,79.4,54.5,50.6,58.1,25.0,13.2,11.1,47.8,51.9,12.8,3.5,25.8,25.9,329.0,85.0,152.0,21.0,1.0,46.0,428.0,55.0,114.0,55.0,158.0,54.0,68.0,647.4,38848.0
1517914,S. Garcia Calvo,981431,MOVISTAR ESTUDIANTES,PG,1,Offensive Engine,https://imagenes.feb.es/Foto.aspx?c=1517914,18,9,22.0,5.9,0.7,2.8,3.4,3.5,0.9,0.1,0.1,2.1,1.8,2.3,3.2,9.0,0.8,1.9,44.1,1.0,2.9,34.0,1.2,1.6,78.6,53.4,48.3,60.9,32.2,27.7,5.1,44.7,51.1,27.0,4.3,46.3,17.1,106.0,62.0,63.0,17.0,2.0,38.0,162.0,15.0,34.0,18.0,53.0,22.0,28.0,395.8,23743.0
2524266,G. Filipovic,981431,MOVISTAR ESTUDIANTES,PG,1,Offensive Engine,https://imagenes.feb.es/Foto.aspx?c=2524266,17,2,13.7,5.9,0.4,1.1,1.5,1.4,0.4,0.0,0.1,0.8,1.9,1.9,-0.6,4.2,1.2,2.8,42.6,0.6,2.7,23.9,1.6,2.0,79.4,46.3,39.2,49.5,36.6,11.5,2.9,37.8,45.1,12.6,3.5,37.0,25.1,100.0,25.0,23.0,6.0,0.0,14.0,72.0,20.0,47.0,11.0,46.0,27.0,34.0,233.2,13997.0
2533643,H. Atencia Suarez,981431,MOVISTAR ESTUDIANTES,PG,1,Offensive Engine,https://imagenes.feb.es/Foto.aspx?c=2533643,2,0,12.0,5.0,0.5,0.0,0.5,1.5,0.5,0.0,0.0,1.0,1.5,0.0,-10.0,3.0,1.0,1.5,66.7,1.0,2.5,40.0,0.0,0.0,0.0,62.5,62.5,62.5,0.0,20.0,3.3,40.3,47.4,13.0,0.9,29.0,28.4,10.0,1.0,3.0,1.0,0.0,2.0,6.0,2.0,3.0,2.0,5.0,0.0,0.0,23.9,1438.0
2533643,H. Atencia Suarez,981431,MOVISTAR ESTUDIANTES,PG,1,Lead Guard,https://imagenes.feb.es/Foto.aspx?c=2533643,2,0,12.0,5.0,0.5,0.0,0.5,1.5,0.5,0.0,0.0,1.0,1.5,0.0,-10.0,3.0,1.0,1.5,66.7,1.0,2.5,40.0,0.0,0.0,0.0,62.5,62.5,62.5,0.0,20.0,3.3,40.3,47.4,13.0,0.9,29.0,28.4,10.0,1.0,3.0,1.0,0.0,2.0,6.0,2.0,3.0,2.0,5.0,0.0,0.0,23.9,1438.0
2790189,O. Silverio Grullon,981431,MOVISTAR ESTUDIANTES,SG,2,High Volume Scorer,https://imagenes.feb.es/Foto.aspx?c=2790189,25,16,22.1,13.3,0.4,1.5,1.9,1.7,0.8,0.0,0.2,1.4,1.4,2.8,0.0,12.4,2.2,4.0,54.0,2.1,5.2,41.1,2.6,3.1,85.7,63.3,58.3,56.3,33.6,12.0,9.2,58.8,63.2,11.9,2.3,34.0,26.3,333.0,47.0,42.0,21.0,1.0,36.0,310.0,54.0,100.0,53.0,129.0,66.0,77.0,552.3,33134.0
2815072,S. Salin,981431,MOVISTAR ESTUDIANTES,SG,2,High Volume Scorer,https://imagenes.feb.es/Foto.aspx?c=2815072,25,14,20.0,9.7,0.4,1.8,2.2,1.4,0.5,0.0,0.0,0.8,1.9,1.9,1.9,8.2,0.6,1.4,45.7,2.3,6.1,37.9,1.5,1.8,84.1,58.6,54.8,81.4,23.4,8.8,6.2,51.1,54.9,8.5,2.3,26.1,21.8,243.0,54.0,34.0,12.0,1.0,20.0,204.0,16.0,35.0,58.0,153.0,37.0,44.0,501.0,30069.0
2275135,P. Garino Gullotta,981431,MOVISTAR ESTUDIANTES,SF,3,Shooter Specialist,https://imagenes.feb.es/Foto.aspx?c=2275135,29,26,24.8,10.3,0.7,2.3,2.9,0.9,1.1,0.1,0.2,0.9,2.4,1.8,3.6,10.2,2.0,3.3,60.0,1.5,3.8,40.4,1.8,1.9,92.9,65.2,60.3,53.4,27.5,9.9,7.8,61.3,65.7,8.9,3.3,30.1,17.1,298.0,85.0,25.0,31.0,4.0,25.0,295.0,57.0,95.0,44.0,109.0,52.0,56.0,719.2,43154.0
2433615,L. Giovannetti,981431,MOVISTAR ESTUDIANTES,SF,3,3&D Wing,https://imagenes.feb.es/Foto.aspx?c=2433615,30,4,16.1,4.2,0.9,1.2,2.1,0.6,0.6,0.3,0.1,0.5,2.1,0.6,0.7,4.1,0.9,1.4,65.1,0.6,1.7,36.0,0.5,0.7,75.0,61.4,59.1,53.8,21.5,12.1,3.5,51.4,53.8,10.6,8.2,30.0,11.6,125.0,64.0,19.0,19.0,8.0,14.0,124.0,28.0,43.0,18.0,50.0,15.0,20.0,482.7,28955.0
2451497,C. Barton,981431,MOVISTAR ESTUDIANTES,SF,3,3&D Wing,https://imagenes.feb.es/Foto.aspx?c=2451497,8,0,8.5,2.8,0.1,0.4,0.5,0.6,0.2,0.1,0.1,0.5,1.4,0.6,0.4,1.0,0.5,1.0,50.0,0.5,1.6,30.8,0.2,0.6,40.0,47.4,47.6,61.9,23.8,14.7,1.1,43.9,41.6,11.1,1.7,18.8,19.5,22.0,4.0,5.0,2.0,1.0,4.0,8.0,4.0,8.0,4.0,13.0,2.0,5.0,67.8,4070.0
2161529,M. Sola Idrisu,981431,MOVISTAR ESTUDIANTES,SF,3,Rolling Big,https://imagenes.feb.es/Foto.aspx?c=2161529,12,0,3.9,0.5,0.1,0.4,0.5,0.1,0.0,0.0,0.0,0.2,0.5,0.0,0.4,-0.1,0.0,0.2,0.0,0.2,0.4,40.0,0.0,0.0,0.0,42.9,42.9,71.4,0.0,30.0,-0.0,36.9,36.9,25.5,4.8,0.0,10.3,6.0,6.0,1.0,0.0,0.0,3.0,-1.0,0.0,2.0,2.0,5.0,0.0,0.0,46.5,2793.0
2818741,J. Vaulet,981431,MOVISTAR ESTUDIANTES,PF,4,Stretch Big,https://imagenes.feb.es/Foto.aspx?c=2818741,18,12,20.1,10.3,1.3,3.1,4.4,0.5,0.4,0.5,0.1,1.6,1.9,3.3,-1.8,11.9,3.5,5.5,63.6,0.4,1.4,28.0,2.1,3.1,67.9,62.2,59.3,20.2,45.2,15.9,7.2,61.1,64.1,17.2,8.3,49.3,23.5,185.0,79.0,9.0,7.0,9.0,28.0,215.0,63.0,99.0,7.0,25.0,38.0,56.0,362.1,21735.0
2818742,T. Mc Grew,981431,MOVISTAR ESTUDIANTES,PF,4,Stretch Big,https://imagenes.feb.es/Foto.aspx?c=2818742,30,13,22.9,9.0,1.2,3.3,4.5,1.9,0.5,0.5,0.1,1.1,2.4,2.5,4.1,11.4,2.2,3.5,62.3,1.0,2.9,35.6,1.5,2.4,64.8,60.4,58.3,45.1,36.8,12.8,7.4,57.3,59.4,12.5,7.2,45.2,18.1,271.0,134.0,56.0,15.0,16.0,33.0,342.0,66.0,106.0,31.0,87.0,46.0,71.0,686.6,41206.0
2739848,R. Stumbris,981431,MOVISTAR ESTUDIANTES,PF,4,3&D Wing,https://imagenes.feb.es/Foto.aspx?c=2739848,10,6,18.7,6.8,0.8,2.3,3.1,1.0,0.6,0.3,0.0,0.9,2.3,1.0,3.2,7.0,1.4,2.2,63.6,0.8,2.4,33.3,1.6,1.8,88.9,63.1,56.5,52.2,39.1,14.3,5.3,50.7,55.5,12.6,5.0,29.1,17.2,68.0,31.0,10.0,6.0,3.0,9.0,70.0,14.0,22.0,8.0,24.0,16.0,18.0,186.8,11204.0
2739848,R. Stumbris,981431,MOVISTAR ESTUDIANTES,PF,4,3&D Wing,https://imagenes.feb.es/Foto.aspx?c=2739848,10,6,18.7,6.8,0.8,2.3,3.1,1.0,0.6,0.3,0.0,0.9,2.3,1.0,3.2,7.0,1.4,2.2,63.6,0.8,2.4,33.3,1.6,1.8,88.9,63.1,56.5,52.2,39.1,14.3,5.3,50.7,55.5,12.6,5.0,29.1,17.2,68.0,31.0,10.0,6.0,3.0,9.0,70.0,14.0,22.0,8.0,24.0,16.0,18.0,186.8,11204.0
2094445,A. González Pérez,981431,MOVISTAR ESTUDIANTES,PF,4,Traditional Center,https://imagenes.feb.es/Foto.aspx?c=2094445,27,5,11.8,3.8,1.1,1.8,3.0,0.2,0.3,0.1,0.1,0.8,1.4,1.5,-0.9,5.1,1.2,2.1,56.1,0.0,0.0,0.0,1.4,2.1,69.6,63.1,56.1,0.0,98.2,20.5,3.1,45.2,62.0,22.0,12.9,135.7,15.7,103.0,80.0,5.0,9.0,2.0,21.0,139.0,32.0,57.0,0.0,0.0,39.0,56.0,319.4,19158.0
2648543,L. Nwogbo,981431,MOVISTAR ESTUDIANTES,C,5,Traditional Center,https://imagenes.feb.es/Foto.aspx?c=2648543,25,17,16.9,9.7,1.3,2.4,3.7,0.8,0.9,0.4,0.2,1.7,3.2,3.9,5.0,11.4,3.4,5.6,60.4,0.0,0.1,0.0,3.0,3.9,76.5,66.0,59.6,1.4,69.5,18.6,7.2,60.8,66.0,18.2,10.8,79.6,25.9,243.0,93.0,19.0,23.0,11.0,42.0,284.0,84.0,139.0,0.0,2.0,75.0,98.0,422.0,25325.0
2746502,A. Brimah,981431,MOVISTAR ESTUDIANTES,C,5,Traditional Center,https://imagenes.feb.es/Foto.aspx?c=2746502,8,6,16.4,4.2,0.6,2.4,3.0,0.4,0.2,1.2,0.4,1.5,2.6,1.6,3.1,5.0,1.6,2.9,56.5,0.0,0.0,0.0,1.0,1.4,72.7,61.1,56.5,0.0,47.8,30.1,2.7,47.9,53.9,28.1,4.5,39.4,14.2,34.0,24.0,3.0,2.0,10.0,12.0,40.0,13.0,23.0,0.0,0.0,8.0,11.0,131.3,7880.0
2865685,M. Niang,981431,MOVISTAR ESTUDIANTES,C,5,Traditional Center,https://imagenes.feb.es/Foto.aspx?c=2865685,4,1,8.3,4.2,0.2,0.5,0.8,0.0,0.0,0.2,0.0,1.0,1.5,0.5,-3.5,2.5,2.0,2.0,100.0,0.0,0.0,0.0,0.2,1.0,25.0,87.1,100.0,0.0,50.0,29.1,2.2,74.3,72.2,22.4,4.7,14.3,20.5,17.0,3.0,0.0,0.0,1.0,4.0,10.0,8.0,8.0,0.0,0.0,1.0,4.0,33.1,1988.0
2032354,H. Lopez Barrantes,981431,MOVISTAR ESTUDIANTES,C,5,Traditional Center,https://imagenes.feb.es/Foto.aspx?c=2032354,15,0,11.0,2.6,1.3,2.5,3.7,0.5,0.1,0.3,0.0,0.6,2.5,1.4,2.0,3.9,1.0,1.7,60.0,0.0,0.0,0.0,0.6,1.6,37.5,54.8,60.0,0.0,96.0,20.2,2.1,54.2,55.3,17.8,16.9,75.2,13.2,39.0,56.0,7.0,2.0,4.0,9.0,58.0,15.0,25.0,0.0,0.0,9.0,24.0,165.7,9936.0
2284278,A. Amon Bystrova,981431,MOVISTAR ESTUDIANTES,C,5,Traditional Center,https://imagenes.feb.es/Foto.aspx?c=2284278,3,0,7.0,2.3,1.0,2.0,3.0,0.0,0.0,0.0,0.0,0.3,1.0,0.3,0.3,3.3,1.0,1.7,60.0,0.0,0.0,0.0,0.3,0.7,50.0,59.5,60.0,0.0,40.0,14.5,2.0,76.8,66.0,18.6,18.7,107.2,15.8,7.0,9.0,0.0,0.0,0.0,1.0,10.0,3.0,5.0,0.0,0.0,1.0,2.0,20.9,1252.0
2166715,F. Diaz Martinez,981431,MOVISTAR ESTUDIANTES,,6,,https://imagenes.feb.es/Foto.aspx?c=2166715,1,0,1.9,0.0,1.0,0.0,1.0,0.0,0.0,0.0,0.0,1.0,2.0,0.0,0.0,-2.0,0.0,0.0,0.0,0.0,0.0,0.0,0.0,0.0,0.0,0.0,0.0,0.0,0.0,100.0,-1.1,,,,,,,0.0,1.0,0.0,0.0,0.0,1.0,-2.0,0.0,0.0,0.0,0.0,0.0,0.0,1.9,115.0
2533643,H. Atencia Suarez,981215,PALMER BASKET MALLORCA PALMA,PG,1,Offensive Engine,https://imagenes.feb.es/Foto.aspx?c=2533643,26,15,25.0,12.3,0.2,1.4,1.5,3.6,1.1,0.0,0.2,2.0,2.3,3.0,-6.0,9.2,2.4,6.1,39.9,1.5,5.6,26.2,3.0,3.4,89.8,46.7,39.6,47.9,29.0,13.0,6.8,40.3,47.4,13.0,0.9,29.0,28.4,319.0,40.0,93.0,28.0,1.0,51.0,238.0,63.0,158.0,38.0,145.0,79.0,88.0,651.3,39081.0
2533643,H. Atencia Suarez,981215,PALMER BASKET MALLORCA PALMA,PG,1,Lead Guard,https://imagenes.feb.es/Foto.aspx?c=2533643,26,15,25.0,12.3,0.2,1.4,1.5,3.6,1.1,0.0,0.2,2.0,2.3,3.0,-6.0,9.2,2.4,6.1,39.9,1.5,5.6,26.2,3.0,3.4,89.8,46.7,39.6,47.9,29.0,13.0,6.8,40.3,47.4,13.0,0.9,29.0,28.4,319.0,40.0,93.0,28.0,1.0,51.0,238.0,63.0,158.0,38.0,145.0,79.0,88.0,651.3,39081.0
2815272,T. Hollowell,981215,PALMER BASKET MALLORCA PALMA,PG,1,Offensive Engine,https://imagenes.feb.es/Foto.aspx?c=2815272,7,4,15.7,7.1,0.1,1.0,1.1,1.0,0.4,0.0,0.1,1.0,1.6,1.3,-11.6,3.0,0.4,1.7,25.0,1.7,5.7,30.0,1.1,1.3,88.9,44.7,40.4,76.9,17.3,11.1,2.6,38.1,42.5,10.5,1.1,17.1,27.8,50.0,8.0,7.0,3.0,0.0,7.0,21.0,3.0,12.0,12.0,40.0,8.0,9.0,110.0,6596.0
1843906,A. Scariolo Ares,981215,PALMER BASKET MALLORCA PALMA,PG,1,Offensive Engine,https://imagenes.feb.es/Foto.aspx?c=1843906,8,0,11.6,4.9,0.4,1.2,1.6,1.0,0.6,0.1,0.4,1.2,0.8,1.6,-2.4,4.6,1.2,3.5,35.7,0.4,1.1,33.3,1.2,1.5,83.3,46.1,39.2,24.3,32.4,19.1,2.7,44.4,52.3,19.0,2.8,53.0,22.1,39.0,13.0,8.0,5.0,1.0,10.0,37.0,10.0,28.0,3.0,9.0,10.0,12.0,92.5,5546.0
1843906,A. Scariolo Ares,981215,PALMER BASKET MALLORCA PALMA,PG,1,Offensive Engine,https://imagenes.feb.es/Foto.aspx?c=1843906,8,0,11.6,4.9,0.4,1.2,1.6,1.0,0.6,0.1,0.4,1.2,0.8,1.6,-2.4,4.6,1.2,3.5,35.7,0.4,1.1,33.3,1.2,1.5,83.3,46.1,39.2,24.3,32.4,19.1,2.7,44.4,52.3,19.0,2.8,53.0,22.1,39.0,13.0,8.0,5.0,1.0,10.0,37.0,10.0,28.0,3.0,9.0,10.0,12.0,92.5,5546.0
1197937,A. Chapela Lage,981215,PALMER BASKET MALLORCA PALMA,PG,1,Offensive Engine,https://imagenes.feb.es/Foto.aspx?c=1197937,14,1,13.6,3.3,0.1,1.4,1.5,2.0,0.9,0.1,0.1,0.9,0.7,1.1,-4.0,3.6,0.3,1.5,19.0,0.8,3.0,26.2,0.4,0.6,62.5,34.6,32.5,66.7,12.7,15.3,2.2,32.5,33.5,14.6,1.1,16.7,19.6,46.0,21.0,28.0,12.0,1.0,12.0,50.0,4.0,21.0,11.0,42.0,5.0,8.0,189.9,11386.0
2070535,R. Vicente Simo,981215,PALMER BASKET MALLORCA PALMA,PG,1,Rolling Big,https://imagenes.feb.es/Foto.aspx?c=2070535,3,0,3.2,0.0,0.3,0.0,0.3,0.0,0.3,0.0,0.0,0.3,0.7,0.0,-4.0,-1.3,0.0,0.0,0.0,0.0,1.0,0.0,0.0,0.0,0.0,0.0,0.0,100.0,0.0,25.0,-0.7,0.0,0.0,18.0,13.9,0.0,19.8,0.0,1.0,0.0,1.0,0.0,1.0,-4.0,0.0,0.0,0.0,3.0,0.0,0.0,9.6,579.0
2863891,P. Scrubb,981215,PALMER BASKET MALLORCA PALMA,SG,2,Offensive Engine,https://imagenes.feb.es/Foto.aspx?c=2863891,14,14,29.4,15.5,0.3,2.4,2.6,6.1,0.9,0.4,0.1,2.4,1.5,5.2,0.1,20.3,1.9,4.1,44.8,2.4,5.9,39.8,4.7,5.5,85.7,62.0,53.5,58.9,54.6,15.9,13.2,52.4,60.7,14.5,1.1,55.7,23.9,217.0,37.0,86.0,12.0,6.0,33.0,284.0,26.0,58.0,33.0,83.0,66.0,77.0,411.1,24669.0
2850268,D. Sanadze,981215,PALMER BASKET MALLORCA PALMA,SG,2,Offensive Engine,https://imagenes.feb.es/Foto.aspx?c=2850268,22,18,24.1,12.0,0.3,1.4,1.7,1.3,0.8,0.0,0.4,2.5,2.3,2.8,-7.5,6.6,2.9,6.7,42.6,1.3,4.4,30.2,2.4,2.8,83.9,48.8,43.6,39.3,25.4,16.6,4.8,42.6,47.8,16.4,1.7,27.8,29.1,265.0,37.0,29.0,17.0,1.0,54.0,145.0,63.0,148.0,29.0,96.0,52.0,62.0,529.3,31763.0
1688669,J. Feliu Espejo,981215,PALMER BASKET MALLORCA PALMA,SG,2,3&D Wing,https://imagenes.feb.es/Foto.aspx?c=1688669,22,6,18.4,7.2,1.0,1.6,2.6,0.8,0.9,0.0,0.1,1.1,1.5,2.2,-6.2,7.0,1.6,3.3,50.0,0.9,2.7,33.3,1.2,1.7,68.4,53.1,50.0,45.5,28.8,13.9,4.7,47.3,50.6,13.0,6.4,27.4,20.9,158.0,58.0,18.0,19.0,0.0,24.0,155.0,36.0,72.0,20.0,60.0,26.0,38.0,405.2,24318.0
2815271,M. Frierson,981215,PALMER BASKET MALLORCA PALMA,SG,2,3&D Wing,https://imagenes.feb.es/Foto.aspx?c=2815271,5,3,16.9,6.4,0.2,1.0,1.2,1.0,0.2,0.0,0.0,0.0,2.6,1.0,-2.8,3.8,0.6,1.2,50.0,1.4,4.0,35.0,1.0,1.2,83.3,55.9,51.9,76.9,23.1,0.0,3.8,50.3,54.9,0.0,1.2,23.8,16.4,32.0,6.0,5.0,1.0,0.0,0.0,19.0,3.0,6.0,7.0,20.0,5.0,6.0,84.7,5088.0
2815273,N. Camacho De Sá,981215,PALMER BASKET MALLORCA PALMA,SF,3,3&D Wing,https://imagenes.feb.es/Foto.aspx?c=2815273,23,20,20.1,6.4,1.7,2.4,4.1,0.5,0.3,0.0,0.2,0.8,1.7,2.7,-3.5,6.8,1.3,2.8,45.3,0.7,2.9,23.9,1.8,2.9,63.6,46.2,40.5,51.1,50.4,10.1,3.9,41.6,46.9,10.6,9.7,59.7,18.3,148.0,95.0,11.0,7.0,1.0,18.0,157.0,29.0,64.0,16.0,67.0,42.0,66.0,462.3,27744.0
1593686,A. Urdiain Labayen,981215,PALMER BASKET MALLORCA PALMA,SF,3,3&D Wing,https://imagenes.feb.es/Foto.aspx?c=1593686,30,10,18.3,6.2,0.6,2.0,2.7,0.5,0.6,0.0,0.2,0.7,1.7,1.1,-5.0,4.4,0.9,1.9,47.4,1.2,4.0,29.8,0.8,1.3,64.1,47.9,45.5,68.0,21.9,9.7,3.3,43.3,45.4,9.9,4.2,24.2,18.9,187.0,80.0,15.0,17.0,0.0,21.0,132.0,27.0,57.0,36.0,121.0,25.0,39.0,549.4,32970.0
1591996,J. Carralero Martin,981215,PALMER BASKET MALLORCA PALMA,PF,4,Stretch Big,https://imagenes.feb.es/Foto.aspx?c=1591996,28,19,19.7,6.6,1.4,1.9,3.3,1.1,0.5,0.6,0.3,1.0,2.5,2.1,-4.0,6.9,1.2,3.0,42.2,0.7,2.2,30.2,2.0,2.5,81.4,52.0,43.5,43.2,47.9,14.1,4.7,45.7,52.9,15.0,7.8,54.5,17.9,184.0,92.0,30.0,14.0,17.0,29.0,193.0,35.0,83.0,19.0,63.0,57.0,70.0,550.2,33011.0
1766217,A. Comendador Femenias,981215,PALMER BASKET MALLORCA PALMA,PF,4,Stretch Big,https://imagenes.feb.es/Foto.aspx?c=1766217,26,6,16.2,6.2,1.2,1.7,2.9,0.5,0.5,0.4,0.1,0.8,1.7,1.9,-5.2,8.1,2.2,3.4,64.8,0.2,0.4,45.5,1.2,1.7,72.7,68.0,65.2,11.1,44.4,14.5,5.3,68.4,70.7,15.2,8.1,65.1,15.7,161.0,76.0,14.0,12.0,10.0,20.0,211.0,57.0,88.0,5.0,11.0,32.0,44.0,421.3,25295.0
2818866,I. Massoud Rodríguez,981215,PALMER BASKET MALLORCA PALMA,PF,4,3&D Wing,https://imagenes.feb.es/Foto.aspx?c=2818866,8,2,17.8,5.8,0.2,0.8,1.0,0.0,0.8,0.0,0.1,0.8,1.5,0.2,-11.5,2.4,0.9,2.0,43.8,1.2,3.2,38.5,0.2,0.2,100.0,53.6,52.4,61.9,4.8,12.3,2.7,50.7,52.6,12.6,1.6,6.3,16.3,46.0,8.0,0.0,6.0,0.0,6.0,19.0,7.0,16.0,10.0,26.0,2.0,2.0,142.7,8570.0
2860169,J. Roberts,981215,PALMER BASKET MALLORCA PALMA,PF,4,Traditional Center,https://imagenes.feb.es/Foto.aspx?c=2860169,22,2,13.4,4.5,1.3,2.6,3.9,0.5,0.1,0.4,0.1,0.5,1.2,1.3,-1.5,7.4,1.8,3.0,61.5,0.0,0.0,0.0,0.9,1.3,69.0,63.5,60.6,1.5,43.9,13.2,4.4,62.9,63.6,11.9,11.4,43.9,14.6,100.0,86.0,11.0,2.0,9.0,12.0,163.0,40.0,65.0,0.0,1.0,20.0,29.0,295.2,17708.0
2812898,A. Izaw Bolavie,981215,PALMER BASKET MALLORCA PALMA,C,5,Traditional Center,https://imagenes.feb.es/Foto.aspx?c=2812898,22,20,23.6,5.8,1.6,4.0,5.6,0.4,1.4,1.8,0.3,1.8,3.3,2.1,-5.8,8.0,2.2,4.8,45.3,0.0,0.0,0.0,1.4,2.8,50.0,47.6,45.3,0.0,58.5,23.1,4.9,48.0,48.9,22.9,7.9,65.3,16.0,127.0,123.0,9.0,31.0,40.0,40.0,175.0,48.0,106.0,0.0,0.0,31.0,62.0,519.5,31183.0
2093770,D. Agbelese,981215,PALMER BASKET MALLORCA PALMA,C,5,Traditional Center,https://imagenes.feb.es/Foto.aspx?c=2093770,4,2,15.1,3.8,0.5,2.5,3.0,0.8,0.0,0.5,0.2,2.0,4.0,1.8,-0.5,1.2,1.5,3.0,50.0,0.0,0.0,0.0,0.8,1.8,42.9,49.7,50.0,0.0,58.3,34.7,0.2,44.9,43.6,36.5,3.3,59.2,17.8,15.0,12.0,3.0,0.0,2.0,8.0,5.0,6.0,12.0,0.0,0.0,3.0,7.0,60.4,3626.0
1759354,G. Dike Egun,981215,PALMER BASKET MALLORCA PALMA,C,5,3&D Wing,https://imagenes.feb.es/Foto.aspx?c=1759354,26,8,19.0,3.2,1.3,2.6,4.0,0.9,0.4,0.2,0.0,0.9,2.4,1.2,-5.6,4.3,1.1,2.1,53.7,0.2,0.7,33.3,0.3,1.2,23.3,48.7,52.8,25.0,41.7,21.3,2.5,45.9,43.1,20.2,8.2,36.6,10.5,83.0,103.0,24.0,10.0,6.0,23.0,112.0,29.0,54.0,6.0,18.0,7.0,30.0,493.1,29584.0
2616996,M. N´Guessan,981215,PALMER BASKET MALLORCA PALMA,C,5,Traditional Center,https://imagenes.feb.es/Foto.aspx?c=2616996,2,0,17.0,3.0,1.5,2.0,3.5,1.0,0.0,2.0,0.0,1.0,2.0,2.5,-9.5,5.5,0.5,2.0,25.0,0.0,0.0,0.0,2.0,4.0,50.0,39.9,25.0,0.0,200.0,21.0,3.0,24.5,42.0,20.1,10.4,202.1,13.6,6.0,7.0,2.0,0.0,4.0,2.0,11.0,1.0,4.0,0.0,0.0,4.0,8.0,34.1,2047.0
1909300,A. Almenta Macias,981215,PALMER BASKET MALLORCA PALMA,C,5,Rolling Big,https://imagenes.feb.es/Foto.aspx?c=1909300,2,0,6.2,2.0,1.5,1.0,2.5,0.0,0.0,0.0,0.5,1.0,2.0,0.0,-3.0,1.0,1.0,1.5,66.7,0.0,0.0,0.0,0.0,0.0,0.0,66.7,66.7,0.0,0.0,40.0,0.9,48.3,48.3,28.9,25.5,0.0,20.0,4.0,5.0,0.0,0.0,0.0,2.0,2.0,2.0,3.0,0.0,0.0,0.0,0.0,12.3,736.0
2276415,A. Wintering,981343,SÚPER AGROPAL PALENCIA,PG,1,Lead Guard,https://imagenes.feb.es/Foto.aspx?c=2276415,27,11,20.7,11.6,0.8,2.4,3.3,2.7,1.3,0.0,0.3,1.3,2.3,3.0,4.4,12.6,3.7,7.1,51.6,0.9,2.6,32.4,1.7,2.3,75.8,54.1,50.8,27.0,23.6,11.0,8.7,50.9,54.4,11.3,5.4,24.4,27.5,314.0,88.0,73.0,36.0,1.0,36.0,339.0,99.0,192.0,23.0,71.0,47.0,62.0,558.8,33516.0
2533871,I. Jakovics,981343,SÚPER AGROPAL PALENCIA,PG,1,High Volume Scorer,https://imagenes.feb.es/Foto.aspx?c=2533871,30,19,22.6,11.3,0.4,2.0,2.4,2.8,0.9,0.0,0.2,1.3,2.1,3.2,7.5,11.6,1.2,2.6,46.8,2.1,5.7,36.5,2.7,3.4,79.6,58.2,52.2,68.8,41.7,11.8,8.2,50.9,58.1,11.5,2.1,50.6,23.2,340.0,71.0,84.0,27.0,1.0,39.0,347.0,36.0,77.0,62.0,170.0,82.0,103.0,678.3,40705.0
1750421,X. Oroz Uria,981343,SÚPER AGROPAL PALENCIA,PG,1,3&D Wing,https://imagenes.feb.es/Foto.aspx?c=1750421,30,13,15.1,2.8,0.8,2.1,2.8,1.4,0.8,0.0,0.1,0.7,1.2,0.7,2.9,5.0,0.9,1.6,55.3,0.2,1.2,18.9,0.4,0.5,78.6,46.6,43.5,44.0,16.7,18.2,3.1,43.2,45.2,18.3,6.3,13.7,11.5,84.0,85.0,42.0,25.0,1.0,20.0,150.0,26.0,47.0,7.0,37.0,11.0,14.0,454.3,27267.0
2734949,A. Kunkel,981343,SÚPER AGROPAL PALENCIA,SG,2,High Volume Scorer,https://imagenes.feb.es/Foto.aspx?c=2734949,16,7,19.3,13.5,0.8,1.5,2.2,1.2,0.6,0.1,0.3,1.6,2.9,2.2,4.2,8.6,2.8,5.1,53.7,2.1,6.0,34.4,1.8,2.3,78.4,55.6,52.5,53.9,20.8,11.4,7.2,52.7,55.4,11.7,4.4,19.2,33.0,216.0,36.0,19.0,9.0,2.0,25.0,137.0,44.0,82.0,33.0,96.0,29.0,37.0,309.5,18576.0
2092465,T. Borg,981343,SÚPER AGROPAL PALENCIA,SG,2,High Volume Scorer,https://imagenes.feb.es/Foto.aspx?c=2092465,28,16,24.7,9.7,0.5,1.6,2.1,2.1,0.8,0.1,0.2,1.7,2.2,2.5,8.1,8.9,1.4,2.9,48.8,1.8,4.4,41.1,1.5,2.0,74.5,59.6,56.6,60.8,27.0,17.1,6.3,53.5,56.4,15.6,2.4,30.4,18.9,272.0,58.0,60.0,21.0,4.0,47.0,250.0,39.0,80.0,51.0,124.0,41.0,55.0,692.4,41545.0
2819191,M. Heron,981343,SÚPER AGROPAL PALENCIA,SG,2,High Volume Scorer,https://imagenes.feb.es/Foto.aspx?c=2819191,12,5,14.5,6.9,0.3,1.0,1.3,0.8,0.5,0.2,0.2,1.3,1.9,1.4,4.0,4.2,1.7,3.2,51.3,0.9,2.3,39.3,0.8,1.5,55.6,55.4,54.5,41.8,26.9,17.6,3.4,50.6,55.2,18.5,3.2,37.1,26.9,83.0,16.0,9.0,6.0,2.0,16.0,50.0,20.0,39.0,11.0,28.0,10.0,18.0,174.5,10473.0
2819191,M. Heron,981343,SÚPER AGROPAL PALENCIA,SG,2,High Volume Scorer,https://imagenes.feb.es/Foto.aspx?c=2819191,12,5,14.5,6.9,0.3,1.0,1.3,0.8,0.5,0.2,0.2,1.3,1.9,1.4,4.0,4.2,1.7,3.2,51.3,0.9,2.3,39.3,0.8,1.5,55.6,55.4,54.5,41.8,26.9,17.6,3.4,50.6,55.2,18.5,3.2,37.1,26.9,83.0,16.0,9.0,6.0,2.0,16.0,50.0,20.0,39.0,11.0,28.0,10.0,18.0,174.5,10473.0
1376540,M. Rodriguez Barrientos,981343,SÚPER AGROPAL PALENCIA,SG,2,Offensive Engine,https://imagenes.feb.es/Foto.aspx?c=1376540,22,3,10.2,3.4,0.4,0.7,1.1,0.6,0.5,0.0,0.1,0.3,1.9,0.5,-0.4,1.5,0.3,1.3,20.7,0.8,2.0,40.0,0.4,0.5,75.0,47.3,44.6,60.8,16.2,7.0,1.8,39.0,42.0,10.5,4.8,19.1,17.9,75.0,24.0,13.0,10.0,0.0,6.0,33.0,6.0,29.0,18.0,45.0,9.0,12.0,224.1,13437.0
2734950,M. Kamba,981343,SÚPER AGROPAL PALENCIA,SF,3,Shooter Specialist,https://imagenes.feb.es/Foto.aspx?c=2734950,30,17,22.2,7.6,1.2,3.2,4.4,1.2,1.1,0.2,0.2,0.9,1.4,1.7,6.6,11.1,2.0,2.9,68.6,0.9,2.2,40.0,1.1,1.6,67.3,66.4,64.9,43.0,32.5,14.0,7.4,64.2,66.7,12.2,7.3,34.8,14.3,229.0,132.0,35.0,32.0,6.0,28.0,333.0,59.0,86.0,26.0,65.0,33.0,49.0,666.5,39991.0
1253254,A. Muñoz Borchers,981343,SÚPER AGROPAL PALENCIA,SF,3,3&D Wing,https://imagenes.feb.es/Foto.aspx?c=1253254,22,4,16.6,5.9,0.7,1.8,2.5,0.9,0.5,0.3,0.1,0.5,1.5,1.1,4.9,5.4,0.9,2.1,41.3,1.0,3.4,31.1,1.0,1.3,78.6,48.7,44.6,61.7,23.3,7.0,4.0,45.6,48.6,6.9,5.3,25.0,18.4,129.0,55.0,19.0,12.0,6.0,10.0,118.0,19.0,46.0,23.0,74.0,22.0,28.0,365.9,21962.0
2640789,J. Vrankic,981343,SÚPER AGROPAL PALENCIA,PF,4,Stretch Big,https://imagenes.feb.es/Foto.aspx?c=2640789,30,25,23.2,12.1,1.3,3.2,4.5,1.6,1.0,0.5,0.2,0.7,2.8,2.6,6.4,13.5,3.6,5.9,61.0,0.9,2.9,29.9,2.3,3.2,71.9,59.3,55.7,33.0,36.4,6.1,9.9,55.3,59.5,6.3,6.4,38.7,22.1,363.0,135.0,49.0,29.0,14.0,20.0,406.0,108.0,177.0,26.0,87.0,69.0,96.0,696.8,41811.0
2217440,V. Vucetic,981343,SÚPER AGROPAL PALENCIA,C,5,Stretch Big,https://imagenes.feb.es/Foto.aspx?c=2217440,13,0,15.7,7.2,1.1,2.2,3.2,0.7,0.3,0.0,0.1,0.3,2.4,2.1,5.1,7.9,1.3,2.7,48.6,0.9,1.6,57.1,1.8,2.5,69.7,65.9,62.5,37.5,58.9,5.4,5.7,65.7,67.5,8.5,8.7,68.9,17.4,93.0,42.0,9.0,4.0,0.0,4.0,103.0,17.0,35.0,12.0,21.0,23.0,33.0,204.4,12263.0
2738742,S. Ugochukwu,981343,SÚPER AGROPAL PALENCIA,C,5,Traditional Center,https://imagenes.feb.es/Foto.aspx?c=2738742,15,1,13.7,6.3,1.1,1.9,3.0,0.3,0.3,0.3,0.3,0.6,1.9,1.4,2.0,6.3,2.6,4.7,54.9,0.0,0.1,0.0,1.1,1.6,70.8,57.5,54.2,1.4,33.3,9.8,4.4,57.0,59.1,8.8,8.1,37.6,20.9,95.0,45.0,4.0,4.0,4.0,9.0,95.0,39.0,71.0,0.0,1.0,17.0,24.0,204.8,12290.0
2818672,M. Armus,981343,SÚPER AGROPAL PALENCIA,C,5,Stretch Big,https://imagenes.feb.es/Foto.aspx?c=2818672,30,28,20.0,5.4,2.6,3.3,5.9,0.8,0.7,0.2,0.5,1.4,2.2,1.7,7.0,7.4,2.3,4.7,48.6,0.0,0.1,33.3,0.7,1.9,35.1,47.3,48.6,2.1,39.3,19.8,4.4,48.3,49.8,21.0,15.5,43.6,16.6,161.0,178.0,25.0,21.0,6.0,42.0,222.0,69.0,142.0,1.0,3.0,20.0,57.0,601.4,36092.0
2867081,G. Levy,981343,SÚPER AGROPAL PALENCIA,C,5,Traditional Center,https://imagenes.feb.es/Foto.aspx?c=2867081,8,0,5.5,1.8,0.4,1.4,1.8,0.2,0.0,0.1,0.2,0.9,0.6,0.2,-1.8,1.6,0.9,1.6,53.8,0.0,0.1,0.0,0.0,0.1,0.0,48.5,50.0,7.1,7.1,32.6,0.6,42.4,41.4,36.0,7.6,5.0,22.9,14.0,14.0,2.0,0.0,1.0,7.0,13.0,7.0,13.0,0.0,1.0,0.0,1.0,44.0,2649.0
1382607,J. Gonzalez Calvo,981343,SÚPER AGROPAL PALENCIA,C,5,Traditional Center,https://imagenes.feb.es/Foto.aspx?c=1382607,13,1,7.8,1.6,0.8,0.9,1.7,0.4,0.1,0.0,0.0,0.5,1.1,1.0,1.4,2.5,0.5,0.8,63.6,0.0,0.0,0.0,0.5,1.0,53.8,62.8,63.6,0.0,118.2,26.4,1.3,34.9,39.9,26.3,13.1,71.8,10.4,21.0,22.0,5.0,1.0,0.0,6.0,32.0,7.0,11.0,0.0,0.0,7.0,13.0,101.2,6067.0
2866321,G. Levy,981343,SÚPER AGROPAL PALENCIA,C,5,Rolling Big,https://imagenes.feb.es/Foto.aspx?c=2866321,4,0,3.7,1.0,0.2,0.8,1.0,0.0,0.0,0.0,0.2,0.5,1.8,0.0,-2.8,-1.0,0.5,1.2,40.0,0.0,0.0,0.0,0.0,0.0,0.0,40.0,40.0,0.0,0.0,28.6,-0.5,43.6,43.6,18.7,10.4,0.0,23.2,4.0,4.0,0.0,0.0,0.0,2.0,-4.0,2.0,5.0,0.0,0.0,0.0,0.0,14.8,884.0
2186516,O. Gomez Fernandez,981343,SÚPER AGROPAL PALENCIA,,6,,https://imagenes.feb.es/Foto.aspx?c=2186516,5,0,1.6,0.0,0.0,0.2,0.2,0.0,0.0,0.0,0.0,0.2,0.2,0.0,-0.8,-0.6,0.0,0.0,0.0,0.0,0.4,0.0,0.0,0.0,0.0,0.0,0.0,100.0,0.0,33.3,-0.5,,,,,,,0.0,1.0,0.0,0.0,0.0,1.0,-3.0,0.0,0.0,0.0,2.0,0.0,0.0,7.9,472.0
