MATCHID,ROUND,TEAM_ID,TEAM,LOCATION,POSS,PACE,O_RTG,D_RTG,NET_RTG,TS%,eFG%,TOV%,ORB%,DRB%,TRB%,AST_TOV_RATIO,FTr,MIN,MIN_SECS,PTS,FGM_2,FGA_2,FGM_3,FGA_3,FGM,FGA,FTM,FTA,ORB,DRB,TRB,AST,TOV,STL,BLK,BLKA,PF,PFD,PIR,PLUS_MINUS
2512654,Cuartos de Final,981356,BOSONIT UNIBASKET,HOME,70.2,70.4,71.2,85.1,-13.9,34.6,30.2,14.2,33.3,66.7,46.4,1.2,33.3,200,12000.0,50.0,10.0,38.0,6.0,25.0,16.0,63.0,12.0,21.0,14.0,18.0,32.0,14.0,12.0,11.0,3.0,0.0,17.0,20.0,45.0,-50.0
2512654,Cuartos de Final,981492,CELTA  FEMXA ZORKA,AWAY,70.5,70.3,85.1,71.2,13.9,49.6,44.3,23.9,33.3,66.7,53.6,0.6,32.1,200,12000.0,60.0,16.0,37.0,5.0,16.0,21.0,53.0,13.0,17.0,9.0,28.0,37.0,11.0,19.0,6.0,0.0,3.0,20.0,17.0,56.0,50.0
2512655,Cuartos de Final,981356,BOSONIT UNIBASKET,AWAY,69.7,71.2,58.8,93.7,-34.9,29.4,27.3,13.6,22.9,61.3,38.0,0.8,20.3,200,12000.0,41.0,7.0,31.0,7.0,33.0,14.0,64.0,6.0,13.0,11.0,19.0,30.0,9.0,11.0,6.0,1.0,1.0,17.0,15.0,17.0,-135.0
2512655,Cuartos de Final,981492,CELTA  FEMXA ZORKA,HOME,72.6,71.2,93.7,58.8,34.9,47.5,46.2,15.4,38.7,77.1,62.0,1.3,23.1,200,12000.0,68.0,27.0,47.0,2.0,18.0,29.0,65.0,8.0,15.0,12.0,37.0,49.0,17.0,13.0,8.0,1.0,1.0,15.0,17.0,89.0,135.0
2512656,Cuartos de Final,981206,MCR LIMA-HORTA BARCELONA,HOME,73.8,75.3,86.7,76.9,9.8,42.8,39.3,12.8,28.6,74.4,50.6,1.5,15.7,200,12000.0,64.0,20.0,44.0,5.0,26.0,25.0,70.0,9.0,11.0,12.0,29.0,41.0,17.0,11.0,8.0,1.0,4.0,16.0,16.0,73.0,25.0
2512656,Cuartos de Final,981334,UNICAJA MIJAS,AWAY,76.7,75.3,76.9,86.7,-9.8,41.7,39.2,18.5,25.6,71.4,49.4,0.9,20.0,200,12000.0,59.0,12.0,35.0,9.0,30.0,21.0,65.0,8.0,13.0,10.0,30.0,40.0,15.0,16.0,7.0,4.0,1.0,16.0,16.0,60.0,-25.0
2512657,Cuartos de Final,981206,MCR LIMA-HORTA BARCELONA,AWAY,70.4,72.0,65.4,103.1,-37.7,35.7,30.4,19.9,27.0,61.3,42.6,0.6,33.9,200,12000.0,46.0,11.0,35.0,4.0,21.0,15.0,56.0,12.0,19.0,10.0,19.0,29.0,9.0,16.0,8.0,4.0,3.0,15.0,20.0,37.0,-150.0
2512657,Cuartos de Final,981334,UNICAJA MIJAS,HOME,73.7,72.0,103.1,65.4,37.7,51.5,47.8,14.0,38.7,73.0,57.4,1.6,19.1,200,12000.0,76.0,25.0,46.0,5.0,22.0,30.0,68.0,11.0,13.0,12.0,27.0,39.0,19.0,12.0,9.0,3.0,4.0,20.0,15.0,89.0,150.0
2512658,Cuartos de Final,981208,ALTER ENERSUN AL-QÁZERES EXTREMADURA,HOME,71.7,72.5,78.1,99.3,-21.2,42.0,39.5,13.0,14.7,73.3,42.2,0.6,38.6,200,12000.0,56.0,12.0,31.0,7.0,26.0,19.0,57.0,11.0,22.0,5.0,22.0,27.0,6.0,10.0,5.0,0.0,0.0,16.0,17.0,36.0,-85.0
2512658,Cuartos de Final,979971,OSES CONSTRUCCION,AWAY,73.5,72.6,99.3,78.1,21.2,52.5,48.4,14.7,26.7,85.3,57.8,0.7,27.4,200,12000.0,73.0,21.0,46.0,6.0,16.0,27.0,62.0,13.0,17.0,8.0,29.0,37.0,8.0,12.0,6.0,0.0,0.0,17.0,16.0,72.0,85.0
2512659,Cuartos de Final,981208,ALTER ENERSUN AL-QÁZERES EXTREMADURA,AWAY,68.6,69.5,97.6,82.4,15.2,50.3,47.7,19.4,41.2,87.5,63.6,0.6,9.4,200,12000.0,67.0,26.0,42.0,3.0,22.0,29.0,64.0,6.0,6.0,14.0,28.0,42.0,9.0,16.0,5.0,1.0,0.0,13.0,13.0,73.0,45.0
2512659,Cuartos de Final,979971,OSES CONSTRUCCION,HOME,70.4,69.5,82.4,97.6,-15.2,45.7,42.4,14.8,12.5,58.8,36.4,0.9,16.9,200,12000.0,58.0,19.0,41.0,4.0,18.0,23.0,59.0,8.0,10.0,4.0,20.0,24.0,10.0,11.0,5.0,0.0,1.0,13.0,13.0,48.0,-45.0
2512660,Cuartos de Final,979770,MELILLA CIUDAD DEL DEPORTE LA SALLE,AWAY,68.2,69.4,74.7,76.4,-1.7,37.9,33.6,12.9,23.7,75.6,50.6,0.7,36.2,200,12000.0,51.0,12.0,39.0,5.0,19.0,17.0,58.0,12.0,21.0,9.0,31.0,40.0,7.0,10.0,6.0,1.0,0.0,13.0,20.0,52.0,-15.0
2512660,Cuartos de Final,979919,RECOLETAS ZAMORA,HOME,70.6,69.4,76.4,74.7,1.7,39.3,37.9,14.9,24.4,76.3,49.4,1.0,9.1,200,12000.0,54.0,16.0,39.0,6.0,27.0,22.0,66.0,4.0,6.0,10.0,29.0,39.0,12.0,12.0,4.0,0.0,1.0,20.0,13.0,44.0,15.0
2512661,Cuartos de Final,979770,MELILLA CIUDAD DEL DEPORTE LA SALLE,HOME,74.9,74.1,101.4,86.0,15.4,54.3,51.6,15.7,24.2,73.9,53.2,1.2,29.0,200,12000.0,76.0,14.0,36.0,12.0,26.0,26.0,62.0,12.0,18.0,8.0,34.0,42.0,16.0,13.0,6.0,3.0,0.0,21.0,21.0,88.0,65.0
2512661,Cuartos de Final,979919,RECOLETAS ZAMORA,AWAY,73.2,74.1,86.0,101.4,-15.4,42.4,36.2,12.9,26.1,75.8,46.8,1.1,32.3,200,12000.0,63.0,10.0,32.0,9.0,33.0,19.0,65.0,16.0,21.0,12.0,25.0,37.0,12.0,11.0,8.0,0.0,3.0,21.0,21.0,58.0,-65.0
2513298,Semifinal,981492,CELTA  FEMXA ZORKA,HOME,72.1,71.2,99.9,68.3,31.6,44.4,39.6,10.0,40.0,86.1,60.5,2.1,47.8,200,12000.0,72.0,19.0,50.0,5.0,17.0,24.0,67.0,19.0,32.0,18.0,31.0,49.0,19.0,9.0,7.0,1.0,2.0,19.0,26.0,90.0,120.0
2513298,Semifinal,979770,MELILLA CIUDAD DEL DEPORTE LA SALLE,AWAY,70.3,71.2,68.3,99.9,-31.6,40.5,36.1,21.3,13.9,60.0,39.5,0.6,22.2,200,12000.0,48.0,9.0,25.0,7.0,29.0,16.0,54.0,9.0,12.0,5.0,27.0,32.0,9.0,16.0,5.0,2.0,1.0,26.0,19.0,32.0,-120.0
2513299,Semifinal,979971,OSES CONSTRUCCION,AWAY,63.4,65.3,85.2,79.0,6.2,41.3,36.9,8.4,20.5,71.4,41.8,0.8,16.4,200,12000.0,54.0,18.0,39.0,3.0,22.0,21.0,61.0,9.0,10.0,8.0,20.0,28.0,5.0,6.0,10.0,1.0,2.0,14.0,15.0,52.0,5.0
2513299,Semifinal,981334,UNICAJA MIJAS,HOME,67.1,65.3,79.0,85.2,-6.2,47.3,43.4,25.3,28.6,79.5,58.2,0.6,13.2,200,12000.0,53.0,14.0,33.0,6.0,20.0,20.0,53.0,7.0,7.0,8.0,31.0,39.0,12.0,19.0,5.0,2.0,1.0,15.0,14.0,58.0,-5.0
2480105,1,981206,MCR LIMA-HORTA BARCELONA,HOME,77.7,78.7,72.1,77.7,-5.6,36.5,35.2,16.4,30.4,77.8,51.2,1.1,18.3,200,12000.0,56.0,16.0,46.0,6.0,25.0,22.0,71.0,6.0,13.0,14.0,28.0,42.0,16.0,15.0,9.0,1.0,6.0,15.0,18.0,56.0,-30.0
2480105,1,979770,MELILLA CIUDAD DEL DEPORTE LA SALLE,AWAY,79.8,78.7,77.7,72.1,5.6,45.0,43.0,21.6,22.2,69.6,48.8,0.8,17.2,200,12000.0,62.0,20.0,36.0,5.0,28.0,25.0,64.0,7.0,11.0,8.0,32.0,40.0,15.0,19.0,7.0,6.0,1.0,18.0,15.0,65.0,30.0
2480106,1,981208,ALTER ENERSUN AL-QÁZERES EXTREMADURA,AWAY,73.0,72.7,102.8,91.1,11.7,56.9,54.8,16.5,20.0,85.2,50.9,1.3,14.5,200,12000.0,75.0,22.0,40.0,8.0,22.0,30.0,62.0,7.0,9.0,6.0,23.0,29.0,17.0,13.0,11.0,0.0,1.0,20.0,14.0,79.0,45.0
2480106,1,981288,SERNOVA RENOVABLES REAL CANOE,HOME,72.5,72.7,91.1,102.8,-11.7,56.4,51.0,23.5,14.8,80.0,49.1,0.8,33.3,200,12000.0,66.0,17.0,26.0,6.0,25.0,23.0,51.0,14.0,17.0,4.0,24.0,28.0,15.0,18.0,4.0,1.0,0.0,14.0,20.0,71.0,-45.0
2480107,1,979988,FUSTECMA NBF CASTELLÓ,HOME,73.0,71.1,76.8,98.1,-21.3,36.9,36.1,19.2,46.7,73.3,57.3,0.2,12.5,200,12000.0,56.0,17.0,39.0,6.0,33.0,23.0,72.0,4.0,9.0,21.0,22.0,43.0,3.0,18.0,8.0,0.0,0.0,22.0,20.0,36.0,-60.0
2480107,1,979919,RECOLETAS ZAMORA,AWAY,69.3,71.1,98.1,76.8,21.3,52.9,42.3,16.8,26.7,53.3,42.7,0.6,53.8,200,12000.0,68.0,16.0,38.0,4.0,14.0,20.0,52.0,24.0,28.0,8.0,24.0,32.0,8.0,13.0,8.0,0.0,0.0,20.0,22.0,69.0,60.0
2480108,1,981213,AZULMARINO MALLORCA PALMA,AWAY,74.0,71.7,112.2,76.3,35.9,61.0,57.9,20.0,42.3,87.2,69.2,0.6,43.9,200,12000.0,83.0,27.0,43.0,4.0,14.0,31.0,57.0,17.0,25.0,11.0,34.0,45.0,10.0,17.0,4.0,1.0,1.0,24.0,23.0,91.0,150.0
2480108,1,979971,OSES CONSTRUCCION,HOME,69.5,71.7,76.3,112.2,-35.9,39.3,35.8,9.4,12.8,57.7,30.8,1.3,28.3,200,12000.0,53.0,14.0,34.0,5.0,26.0,19.0,60.0,10.0,17.0,5.0,15.0,20.0,9.0,7.0,8.0,1.0,1.0,23.0,24.0,37.0,-150.0
2480109,1,981306,CAJASOL BALONCESTO SEVILLA FEMENINO,AWAY,81.1,80.2,75.2,104.5,-29.3,46.8,40.0,27.7,25.0,84.8,53.6,0.5,41.8,200,12000.0,61.0,10.0,28.0,8.0,27.0,18.0,55.0,17.0,23.0,9.0,28.0,37.0,12.0,25.0,4.0,1.0,1.0,23.0,19.0,43.0,-110.0
2480109,1,981492,CELTA  FEMXA ZORKA,HOME,79.4,80.3,104.5,75.2,29.3,54.3,52.3,9.5,15.2,75.0,46.4,2.0,40.0,200,12000.0,83.0,25.0,47.0,6.0,18.0,31.0,65.0,15.0,26.0,5.0,27.0,32.0,16.0,8.0,15.0,1.0,1.0,19.0,23.0,98.0,110.0
2480110,1,981334,UNICAJA MIJAS,AWAY,69.3,69.7,96.7,94.2,2.5,51.3,49.2,16.6,27.3,67.6,47.8,0.7,20.0,200,12000.0,67.0,22.0,42.0,5.0,18.0,27.0,60.0,8.0,12.0,9.0,23.0,32.0,9.0,13.0,5.0,1.0,0.0,21.0,19.0,62.0,5.0
2480110,1,979952,VEGA LAGUNERA TOYOTA  ADAREVA TENERIFE,HOME,70.0,69.7,94.2,96.7,-2.5,48.5,42.6,16.0,32.4,72.7,52.2,0.8,26.2,200,12000.0,66.0,17.0,39.0,6.0,22.0,23.0,61.0,14.0,16.0,11.0,24.0,35.0,10.0,13.0,5.0,0.0,1.0,19.0,21.0,65.0,-5.0
2480111,1,981356,BOSONIT UNIBASKET,AWAY,75.5,74.2,95.4,86.4,9.0,49.0,46.2,14.0,27.8,72.5,51.3,1.9,25.8,200,12000.0,72.0,23.0,48.0,5.0,18.0,28.0,66.0,11.0,17.0,10.0,29.0,39.0,23.0,12.0,10.0,2.0,0.0,21.0,21.0,90.0,45.0
2480111,1,981346,LA CORDÁ DE PATERNA NB,HOME,72.9,74.2,86.4,95.4,-9.0,46.4,43.3,19.1,27.5,72.2,48.7,0.9,30.0,200,12000.0,63.0,11.0,27.0,10.0,33.0,21.0,60.0,11.0,18.0,11.0,26.0,37.0,14.0,16.0,9.0,0.0,2.0,21.0,21.0,61.0,-45.0
2480112,1,981242,C.B. SANTFELIUENC,AWAY,77.2,77.5,86.7,104.2,-17.5,54.7,51.0,24.6,16.7,62.2,44.3,0.4,40.4,200,12000.0,67.0,16.0,34.0,7.0,18.0,23.0,52.0,14.0,21.0,4.0,23.0,27.0,8.0,20.0,9.0,0.0,1.0,17.0,19.0,57.0,-70.0
2480112,1,979912,DOMUSA TEKNIK ISB,HOME,77.7,77.5,104.2,86.7,17.5,51.4,48.6,14.2,37.8,83.3,55.7,1.6,17.8,200,12000.0,81.0,28.0,51.0,5.0,22.0,33.0,73.0,10.0,13.0,14.0,20.0,34.0,21.0,13.0,15.0,1.0,0.0,19.0,17.0,94.0,70.0
2480113,2,981242,C.B. SANTFELIUENC,HOME,74.0,71.3,77.0,91.8,-14.8,40.7,36.4,18.6,34.3,55.3,45.2,0.8,42.4,200,12000.0,57.0,14.0,35.0,5.0,24.0,19.0,59.0,14.0,25.0,12.0,21.0,33.0,13.0,16.0,6.0,2.0,3.0,24.0,24.0,44.0,-30.0
2480113,2,981206,MCR LIMA-HORTA BARCELONA,AWAY,68.6,71.3,91.8,77.0,14.8,43.4,38.1,15.2,44.7,65.7,54.8,1.0,52.5,200,12000.0,63.0,15.0,39.0,5.0,20.0,20.0,59.0,18.0,31.0,17.0,23.0,40.0,13.0,13.0,10.0,3.0,2.0,24.0,22.0,62.0,30.0
2480114,2,981356,BOSONIT UNIBASKET,HOME,72.1,73.1,76.3,90.4,-14.1,38.1,33.9,16.3,34.1,72.5,53.1,0.5,37.1,200,12000.0,55.0,15.0,41.0,4.0,21.0,19.0,62.0,13.0,23.0,14.0,29.0,43.0,7.0,14.0,6.0,1.0,0.0,21.0,23.0,47.0,-60.0
2480114,2,979912,DOMUSA TEKNIK ISB,AWAY,74.1,73.1,90.4,76.3,14.1,44.6,40.8,11.7,27.5,65.9,46.9,1.7,35.4,200,12000.0,67.0,16.0,40.0,7.0,25.0,23.0,65.0,14.0,23.0,11.0,27.0,38.0,17.0,10.0,8.0,0.0,1.0,24.0,21.0,66.0,60.0
2480115,2,981346,LA CORDÁ DE PATERNA NB,AWAY,81.2,78.1,94.8,123.8,-29.0,50.5,46.0,16.4,28.6,60.0,43.1,1.1,47.6,200,12000.0,77.0,23.0,41.0,4.0,22.0,27.0,63.0,19.0,30.0,10.0,18.0,28.0,16.0,15.0,4.0,1.0,5.0,21.0,24.0,67.0,-80.0
2480115,2,981334,UNICAJA MIJAS,HOME,75.1,78.1,123.8,94.8,29.0,64.5,59.7,17.2,40.0,71.4,56.9,1.5,37.1,200,12000.0,93.0,19.0,39.0,12.0,23.0,31.0,62.0,19.0,23.0,12.0,25.0,37.0,23.0,15.0,10.0,5.0,1.0,24.0,21.0,115.0,80.0
2480116,2,981306,CAJASOL BALONCESTO SEVILLA FEMENINO,HOME,76.2,77.0,101.0,111.8,-10.8,50.5,49.3,10.6,25.0,78.3,45.8,1.4,31.3,200,12000.0,77.0,21.0,45.0,8.0,22.0,29.0,67.0,11.0,21.0,9.0,18.0,27.0,13.0,9.0,11.0,1.0,2.0,24.0,18.0,66.0,-50.0
2480116,2,979952,VEGA LAGUNERA TOYOTA  ADAREVA TENERIFE,AWAY,77.8,77.0,111.8,101.0,10.8,65.1,59.5,19.3,21.7,75.0,54.2,1.1,34.5,200,12000.0,87.0,18.0,37.0,11.0,21.0,29.0,58.0,18.0,20.0,5.0,27.0,32.0,18.0,16.0,5.0,2.0,1.0,18.0,24.0,103.0,50.0
2480117,2,981213,AZULMARINO MALLORCA PALMA,HOME,81.3,82.8,86.1,60.4,25.7,41.0,37.0,16.6,44.7,75.0,60.0,1.2,38.4,200,12000.0,70.0,15.0,42.0,8.0,31.0,23.0,73.0,16.0,28.0,21.0,36.0,57.0,20.0,17.0,7.0,2.0,0.0,22.0,23.0,78.0,95.0
2480117,2,981492,CELTA  FEMXA ZORKA,AWAY,84.4,82.9,60.4,86.1,-25.7,30.6,28.5,13.5,25.0,55.3,40.0,1.1,36.1,200,12000.0,51.0,16.0,52.0,3.0,20.0,19.0,72.0,10.0,26.0,12.0,26.0,38.0,14.0,13.0,11.0,0.0,2.0,23.0,22.0,31.0,-95.0
2480118,2,979971,OSES CONSTRUCCION,AWAY,73.0,76.6,108.2,88.6,19.6,58.1,53.3,15.0,21.2,83.3,50.8,1.1,26.2,200,12000.0,79.0,19.0,38.0,9.0,23.0,28.0,61.0,14.0,16.0,7.0,25.0,32.0,13.0,12.0,7.0,0.0,0.0,21.0,21.0,84.0,40.0
2480118,2,979919,RECOLETAS ZAMORA,HOME,80.1,76.6,88.6,108.2,-19.6,50.6,45.0,17.6,16.7,78.8,49.2,0.6,38.3,200,12000.0,71.0,18.0,32.0,6.0,28.0,24.0,60.0,17.0,23.0,5.0,26.0,31.0,9.0,15.0,6.0,0.0,0.0,21.0,21.0,60.0,-40.0
2480119,2,981208,ALTER ENERSUN AL-QÁZERES EXTREMADURA,HOME,77.4,77.3,93.0,86.7,6.3,54.2,49.1,18.4,13.3,70.6,43.8,1.2,47.3,200,12000.0,72.0,15.0,28.0,8.0,27.0,23.0,55.0,18.0,26.0,4.0,24.0,28.0,18.0,15.0,12.0,1.0,2.0,17.0,24.0,83.0,25.0
2480119,2,979988,FUSTECMA NBF CASTELLÓ,AWAY,77.2,77.3,86.7,93.0,-6.3,49.1,46.6,21.8,29.4,86.7,56.2,0.6,35.6,200,12000.0,67.0,17.0,32.0,7.0,27.0,24.0,59.0,12.0,21.0,10.0,26.0,36.0,12.0,19.0,7.0,2.0,1.0,24.0,17.0,54.0,-25.0
2480120,2,979770,MELILLA CIUDAD DEL DEPORTE LA SALLE,HOME,75.4,76.1,96.9,80.7,16.2,51.1,46.8,20.1,35.9,72.5,54.4,1.0,30.2,200,12000.0,73.0,10.0,31.0,13.0,32.0,23.0,63.0,14.0,19.0,14.0,29.0,43.0,18.0,18.0,9.0,1.0,1.0,22.0,18.0,77.0,55.0
2480120,2,981288,SERNOVA RENOVABLES REAL CANOE,AWAY,76.8,76.1,80.7,96.9,-16.2,43.8,39.5,19.4,27.5,64.1,45.6,0.8,32.3,200,12000.0,62.0,14.0,36.0,7.0,26.0,21.0,62.0,13.0,20.0,11.0,25.0,36.0,13.0,17.0,9.0,1.0,1.0,18.0,22.0,60.0,-55.0
2480121,3,981206,MCR LIMA-HORTA BARCELONA,HOME,66.8,70.0,103.3,87.4,15.9,54.1,55.5,18.0,37.9,77.1,59.4,1.3,36.4,200,12000.0,69.0,23.0,38.0,5.0,17.0,28.0,55.0,8.0,20.0,11.0,27.0,38.0,18.0,14.0,7.0,1.0,3.0,19.0,17.0,78.0,25.0
2480121,3,981288,SERNOVA RENOVABLES REAL CANOE,AWAY,73.2,70.0,87.4,103.3,-15.9,44.9,43.5,12.3,22.9,62.1,40.6,1.3,33.9,200,12000.0,64.0,21.0,45.0,4.0,17.0,25.0,62.0,10.0,21.0,8.0,18.0,26.0,13.0,10.0,10.0,3.0,1.0,17.0,19.0,60.0,-25.0
2480122,3,979988,FUSTECMA NBF CASTELLÓ,HOME,75.5,74.6,58.3,86.8,-28.5,34.1,32.0,18.9,11.1,80.8,40.3,0.7,13.1,200,12000.0,44.0,9.0,37.0,7.0,24.0,16.0,61.0,5.0,8.0,4.0,21.0,25.0,10.0,15.0,13.0,2.0,1.0,19.0,14.0,26.0,-100.0
2480122,3,979770,MELILLA CIUDAD DEL DEPORTE LA SALLE,AWAY,73.7,74.7,86.8,58.3,28.5,52.7,48.2,22.9,19.2,88.9,59.7,0.7,23.6,200,12000.0,64.0,16.0,33.0,7.0,22.0,23.0,55.0,11.0,13.0,5.0,32.0,37.0,12.0,18.0,8.0,1.0,2.0,14.0,19.0,75.0,100.0
2480123,3,981208,ALTER ENERSUN AL-QÁZERES EXTREMADURA,AWAY,71.7,70.2,73.9,123.9,-50.0,37.5,35.4,23.7,47.7,76.0,58.0,0.6,20.0,200,12000.0,53.0,17.0,44.0,4.0,21.0,21.0,65.0,7.0,13.0,21.0,19.0,40.0,14.0,22.0,6.0,2.0,3.0,14.0,17.0,46.0,-160.0
2480123,3,979971,OSES CONSTRUCCION,HOME,68.6,70.1,123.9,73.9,50.0,64.8,63.6,12.1,24.0,52.3,42.0,1.8,25.4,200,12000.0,85.0,18.0,34.0,13.0,25.0,31.0,59.0,10.0,15.0,6.0,23.0,29.0,16.0,9.0,15.0,3.0,2.0,17.0,14.0,103.0,160.0
2480124,3,981492,CELTA  FEMXA ZORKA,HOME,72.6,74.2,108.8,103.0,5.8,55.2,53.1,16.4,36.1,64.0,47.5,1.3,23.1,200,12000.0,79.0,24.0,43.0,7.0,22.0,31.0,65.0,10.0,15.0,13.0,16.0,29.0,18.0,14.0,11.0,1.0,1.0,26.0,22.0,81.0,5.0
2480124,3,979919,RECOLETAS ZAMORA,AWAY,75.8,74.2,103.0,108.8,-5.8,57.6,51.8,20.1,36.0,63.9,52.5,0.4,52.7,200,12000.0,78.0,18.0,38.0,7.0,17.0,25.0,55.0,21.0,29.0,9.0,23.0,32.0,6.0,17.0,10.0,1.0,1.0,22.0,26.0,76.0,-5.0
2480125,3,981213,AZULMARINO MALLORCA PALMA,AWAY,73.6,73.6,76.1,73.5,2.6,43.4,35.2,17.8,14.3,87.5,53.3,0.5,44.4,200,12000.0,56.0,16.0,37.0,2.0,17.0,18.0,54.0,18.0,24.0,5.0,35.0,40.0,7.0,14.0,4.0,0.0,0.0,18.0,22.0,55.0,10.0
2480125,3,979952,VEGA LAGUNERA TOYOTA  ADAREVA TENERIFE,HOME,73.5,73.5,73.5,76.1,-2.6,40.6,33.1,15.3,12.5,85.7,46.7,0.8,28.8,200,12000.0,54.0,9.0,34.0,7.0,25.0,16.0,59.0,15.0,17.0,5.0,30.0,35.0,10.0,12.0,8.0,0.0,0.0,22.0,18.0,46.0,-10.0
2480126,3,981306,CAJASOL BALONCESTO SEVILLA FEMENINO,AWAY,73.5,75.0,93.9,112.3,-18.4,51.1,44.3,15.1,17.6,66.7,41.8,1.2,62.3,200,12000.0,69.0,13.0,36.0,7.0,17.0,20.0,53.0,22.0,33.0,6.0,22.0,28.0,15.0,12.0,11.0,0.0,2.0,27.0,27.0,67.0,-85.0
2480126,3,981346,LA CORDÁ DE PATERNA NB,HOME,76.6,75.0,112.3,93.9,18.4,59.3,55.6,17.1,33.3,82.4,58.2,0.9,38.7,200,12000.0,86.0,21.0,37.0,9.0,25.0,30.0,62.0,17.0,24.0,11.0,28.0,39.0,14.0,15.0,8.0,2.0,0.0,27.0,27.0,95.0,85.0
2480127,3,979912,DOMUSA TEKNIK ISB,HOME,74.9,75.5,68.1,77.3,-9.2,36.0,30.2,16.5,23.3,64.3,43.5,0.5,28.6,200,12000.0,51.0,16.0,45.0,2.0,18.0,18.0,63.0,13.0,18.0,10.0,27.0,37.0,7.0,14.0,12.0,2.0,4.0,19.0,20.0,46.0,-40.0
2480127,3,981334,UNICAJA MIJAS,AWAY,76.3,75.6,77.3,68.1,9.2,41.4,39.4,21.9,35.7,76.7,56.5,0.6,18.2,200,12000.0,59.0,17.0,39.0,6.0,27.0,23.0,66.0,7.0,12.0,15.0,33.0,48.0,11.0,20.0,8.0,4.0,2.0,20.0,19.0,61.0,40.0
2480128,3,981356,BOSONIT UNIBASKET,AWAY,75.1,73.5,74.5,89.0,-14.5,38.8,30.6,15.3,27.0,81.6,54.7,0.6,37.1,200,12000.0,56.0,10.0,38.0,6.0,24.0,16.0,62.0,18.0,23.0,10.0,31.0,41.0,8.0,13.0,5.0,4.0,0.0,18.0,22.0,54.0,-40.0
2480128,3,981242,C.B. SANTFELIUENC,HOME,71.9,73.6,89.0,74.5,14.5,47.1,43.3,13.9,18.4,73.0,45.3,1.2,30.0,200,12000.0,64.0,11.0,29.0,10.0,31.0,21.0,60.0,12.0,18.0,7.0,27.0,34.0,13.0,11.0,7.0,0.0,4.0,22.0,18.0,58.0,40.0
2480129,4,981356,BOSONIT UNIBASKET,HOME,68.4,68.5,93.6,65.7,27.9,50.5,47.3,18.1,30.0,77.4,54.1,0.4,34.5,200,12000.0,64.0,11.0,29.0,10.0,26.0,21.0,55.0,12.0,19.0,9.0,24.0,33.0,5.0,14.0,9.0,1.0,0.0,20.0,18.0,55.0,95.0
2480129,4,981206,MCR LIMA-HORTA BARCELONA,AWAY,68.5,68.5,65.7,93.6,-27.9,37.8,30.8,21.2,22.6,70.0,45.9,0.1,32.7,200,12000.0,45.0,10.0,27.0,4.0,25.0,14.0,52.0,13.0,17.0,7.0,21.0,28.0,2.0,16.0,7.0,0.0,1.0,18.0,20.0,26.0,-95.0
2480130,4,981242,C.B. SANTFELIUENC,AWAY,79.6,77.7,74.1,128.0,-53.9,40.6,40.2,17.1,20.0,63.6,39.7,1.0,22.7,200,12000.0,59.0,16.0,37.0,7.0,29.0,23.0,66.0,6.0,15.0,8.0,21.0,29.0,15.0,15.0,7.0,3.0,2.0,19.0,16.0,43.0,-190.0
2480130,4,981334,UNICAJA MIJAS,HOME,75.8,77.7,128.0,74.1,53.9,61.5,57.9,10.3,36.4,80.0,60.3,2.9,28.6,200,12000.0,97.0,18.0,38.0,15.0,32.0,33.0,70.0,16.0,20.0,12.0,32.0,44.0,26.0,9.0,9.0,2.0,3.0,16.0,19.0,131.0,190.0
2480131,4,981306,CAJASOL BALONCESTO SEVILLA FEMENINO,HOME,83.5,81.9,94.6,88.5,6.1,50.3,40.0,19.5,40.0,68.9,56.2,0.6,70.0,200,12000.0,79.0,15.0,39.0,6.0,21.0,21.0,60.0,31.0,42.0,14.0,31.0,45.0,11.0,19.0,9.0,1.0,2.0,24.0,25.0,77.0,40.0
2480131,4,979912,DOMUSA TEKNIK ISB,AWAY,80.2,81.9,88.5,94.6,-6.1,42.6,37.8,11.7,31.1,60.0,43.8,1.2,28.4,200,12000.0,71.0,16.0,41.0,8.0,33.0,24.0,74.0,15.0,21.0,14.0,21.0,35.0,13.0,11.0,12.0,2.0,1.0,25.0,24.0,65.0,-40.0
2480132,4,981213,AZULMARINO MALLORCA PALMA,HOME,74.8,74.0,117.6,62.9,54.7,58.8,53.4,15.8,45.2,61.5,54.3,1.1,61.0,200,12000.0,88.0,21.0,36.0,7.0,23.0,28.0,59.0,25.0,36.0,14.0,24.0,38.0,16.0,14.0,11.0,4.0,2.0,19.0,27.0,109.0,210.0
2480132,4,981346,LA CORDÁ DE PATERNA NB,AWAY,73.2,74.0,62.9,117.6,-54.7,35.3,33.1,26.1,38.5,54.8,45.7,0.4,23.7,200,12000.0,46.0,6.0,31.0,9.0,28.0,15.0,59.0,7.0,14.0,15.0,17.0,32.0,10.0,23.0,8.0,2.0,4.0,27.0,19.0,16.0,-210.0
2480133,4,979919,RECOLETAS ZAMORA,HOME,77.1,78.3,85.6,90.6,-5.0,46.4,37.7,12.3,12.9,80.0,42.9,0.9,37.7,200,12000.0,66.0,20.0,42.0,2.0,19.0,22.0,61.0,20.0,23.0,4.0,20.0,24.0,9.0,10.0,11.0,0.0,0.0,24.0,20.0,54.0,-30.0
2480133,4,979952,VEGA LAGUNERA TOYOTA  ADAREVA TENERIFE,AWAY,79.5,78.3,90.6,85.6,5.0,55.8,50.0,23.7,20.0,87.1,57.1,0.7,29.8,200,12000.0,72.0,18.0,38.0,7.0,19.0,25.0,57.0,15.0,17.0,5.0,27.0,32.0,13.0,20.0,5.0,0.0,0.0,20.0,24.0,72.0,30.0
2480134,4,981208,ALTER ENERSUN AL-QÁZERES EXTREMADURA,HOME,75.5,76.1,76.8,87.4,-10.6,37.9,31.9,8.4,21.6,83.3,49.3,1.6,24.6,200,12000.0,58.0,16.0,44.0,4.0,25.0,20.0,69.0,14.0,17.0,8.0,25.0,33.0,11.0,7.0,5.0,0.0,1.0,20.0,22.0,50.0,-45.0
2480134,4,981492,CELTA  FEMXA ZORKA,AWAY,76.7,76.0,87.4,76.8,10.6,47.4,42.6,13.5,16.7,78.4,50.7,1.0,36.1,200,12000.0,67.0,20.0,49.0,4.0,12.0,24.0,61.0,15.0,22.0,5.0,29.0,34.0,11.0,11.0,5.0,1.0,0.0,22.0,20.0,61.0,45.0
2480135,4,979770,MELILLA CIUDAD DEL DEPORTE LA SALLE,HOME,67.0,67.9,104.5,75.4,29.1,52.2,42.9,16.2,39.4,72.7,58.4,1.3,44.6,200,12000.0,70.0,15.0,35.0,6.0,21.0,21.0,56.0,22.0,25.0,13.0,32.0,45.0,17.0,13.0,7.0,2.0,0.0,22.0,20.0,88.0,90.0
2480135,4,979971,OSES CONSTRUCCION,AWAY,68.9,68.0,75.4,104.5,-29.1,36.7,33.3,12.4,27.3,60.6,41.6,1.0,28.6,200,12000.0,52.0,12.0,30.0,6.0,33.0,18.0,63.0,10.0,18.0,12.0,20.0,32.0,10.0,10.0,10.0,0.0,2.0,20.0,22.0,43.0,-90.0
2480136,4,979988,FUSTECMA NBF CASTELLÓ,AWAY,76.0,74.8,72.3,77.4,-5.1,35.7,32.1,17.2,39.5,80.0,56.2,0.8,22.9,200,12000.0,55.0,15.0,42.0,5.0,28.0,20.0,70.0,10.0,16.0,17.0,24.0,41.0,13.0,16.0,12.0,1.0,6.0,17.0,17.0,50.0,-10.0
2480136,4,981288,SERNOVA RENOVABLES REAL CANOE,HOME,73.6,74.9,77.4,72.3,5.1,51.3,50.0,30.2,20.0,60.5,43.8,0.4,30.6,200,12000.0,57.0,14.0,36.0,7.0,13.0,21.0,49.0,8.0,15.0,6.0,26.0,32.0,10.0,24.0,7.0,6.0,1.0,17.0,17.0,53.0,10.0
2480137,5,979988,FUSTECMA NBF CASTELLÓ,AWAY,70.9,73.0,76.2,86.6,-10.4,41.6,34.9,18.8,22.5,59.1,35.5,0.3,50.9,200,12000.0,54.0,14.0,36.0,3.0,17.0,17.0,53.0,17.0,27.0,9.0,13.0,22.0,5.0,15.0,18.0,1.0,0.0,18.0,20.0,41.0,-55.0
2480137,5,981206,MCR LIMA-HORTA BARCELONA,HOME,75.0,73.0,86.6,76.2,10.4,55.0,52.9,29.7,40.9,77.5,64.5,0.5,30.8,200,12000.0,65.0,20.0,40.0,5.0,12.0,25.0,52.0,10.0,16.0,9.0,31.0,40.0,13.0,25.0,6.0,0.0,1.0,20.0,18.0,64.0,55.0
2480138,5,979971,OSES CONSTRUCCION,HOME,71.8,70.4,93.3,84.3,9.0,49.4,46.8,15.0,24.2,72.4,46.8,1.4,17.5,200,12000.0,67.0,19.0,39.0,7.0,24.0,26.0,63.0,8.0,11.0,8.0,21.0,29.0,17.0,12.0,11.0,3.0,3.0,20.0,16.0,71.0,45.0
2480138,5,981288,SERNOVA RENOVABLES REAL CANOE,AWAY,68.8,70.3,84.3,93.3,-9.0,48.5,44.1,22.1,27.6,75.8,53.2,0.8,39.2,200,12000.0,58.0,12.0,29.0,7.0,22.0,19.0,51.0,13.0,20.0,8.0,25.0,33.0,14.0,17.0,2.0,3.0,3.0,16.0,20.0,58.0,-45.0
2480139,5,981492,CELTA  FEMXA ZORKA,HOME,80.4,69.9,94.6,91.1,3.5,47.9,44.4,7.0,13.5,76.7,41.8,2.2,26.8,225,13500.0,76.0,18.0,46.0,9.0,25.0,27.0,71.0,13.0,19.0,5.0,23.0,28.0,13.0,6.0,10.0,1.0,1.0,19.0,24.0,77.0,30.0
2480139,5,979770,MELILLA CIUDAD DEL DEPORTE LA SALLE,AWAY,76.8,69.9,91.1,94.6,-3.5,51.6,47.6,19.1,23.3,86.5,58.2,0.8,17.5,225,13500.0,70.0,15.0,36.0,10.0,27.0,25.0,63.0,10.0,11.0,7.0,32.0,39.0,12.0,16.0,3.0,1.0,1.0,24.0,19.0,65.0,-30.0
2480140,5,981208,ALTER ENERSUN AL-QÁZERES EXTREMADURA,AWAY,70.5,68.9,107.8,93.6,14.2,58.0,50.9,16.6,27.6,63.6,46.8,1.0,29.3,200,12000.0,76.0,19.0,35.0,7.0,23.0,26.0,58.0,17.0,17.0,8.0,21.0,29.0,13.0,13.0,5.0,0.0,1.0,16.0,14.0,76.0,65.0
2480140,5,979952,LA LAGUNA TOYOTA  ADAREVA,HOME,67.3,68.8,93.6,107.8,-14.2,46.8,43.5,15.1,36.4,72.4,53.2,1.2,19.4,200,12000.0,63.0,21.0,41.0,4.0,21.0,25.0,62.0,9.0,12.0,12.0,21.0,33.0,14.0,12.0,6.0,1.0,0.0,14.0,16.0,67.0,-65.0
2480141,5,981346,LA CORDÁ DE PATERNA NB,HOME,81.8,82.0,74.5,96.2,-21.7,50.1,46.4,29.9,17.2,70.5,49.3,0.5,19.6,200,12000.0,61.0,14.0,31.0,8.0,25.0,22.0,56.0,9.0,11.0,5.0,31.0,36.0,12.0,26.0,5.0,3.0,0.0,26.0,16.0,45.0,-90.0
2480141,5,979919,RECOLETAS ZAMORA,AWAY,82.1,82.0,96.2,74.5,21.7,47.0,41.4,11.6,29.5,82.8,50.7,1.7,45.7,200,12000.0,79.0,20.0,48.0,6.0,22.0,26.0,70.0,21.0,32.0,13.0,24.0,37.0,19.0,11.0,18.0,0.0,3.0,16.0,24.0,95.0,90.0
2480142,5,981213,AZULMARINO MALLORCA PALMA,AWAY,77.6,74.2,113.5,83.3,30.2,63.3,58.5,17.7,28.0,82.4,59.3,0.4,40.7,200,12000.0,88.0,21.0,39.0,9.0,20.0,30.0,59.0,19.0,24.0,7.0,28.0,35.0,6.0,15.0,12.0,0.0,1.0,20.0,24.0,96.0,145.0
2480142,5,979912,DOMUSA TEKNIK ISB,HOME,70.8,74.2,83.3,113.5,-30.2,47.7,45.6,19.5,17.6,72.0,40.7,0.3,19.3,200,12000.0,59.0,14.0,43.0,8.0,14.0,22.0,57.0,7.0,11.0,6.0,18.0,24.0,4.0,15.0,6.0,1.0,0.0,24.0,20.0,36.0,-145.0
2480143,5,981242,C.B. SANTFELIUENC,HOME,77.7,75.8,74.6,86.5,-11.9,37.3,34.0,16.2,32.6,78.8,51.9,1.1,18.1,200,12000.0,58.0,11.0,36.0,9.0,36.0,20.0,72.0,9.0,13.0,15.0,26.0,41.0,16.0,15.0,5.0,1.0,0.0,21.0,18.0,47.0,-30.0
2480143,5,981306,CAJASOL BALONCESTO SEVILLA FEMENINO,AWAY,74.0,75.9,86.5,74.6,11.9,45.7,42.4,13.6,21.2,67.4,48.1,1.4,42.4,200,12000.0,64.0,22.0,42.0,2.0,17.0,24.0,59.0,14.0,25.0,7.0,31.0,38.0,15.0,11.0,8.0,0.0,1.0,18.0,21.0,71.0,30.0
2480144,5,981356,BOSONIT UNIBASKET,HOME,68.9,68.5,111.7,71.9,39.8,56.7,51.7,8.1,15.6,60.5,40.0,2.0,30.0,200,12000.0,77.0,13.0,35.0,12.0,25.0,25.0,60.0,15.0,18.0,5.0,23.0,28.0,12.0,6.0,9.0,1.0,1.0,18.0,21.0,86.0,140.0
2480144,5,981334,UNICAJA MIJAS,AWAY,68.2,68.5,71.9,111.7,-39.8,34.0,31.1,13.2,39.5,84.4,60.0,1.2,21.2,200,12000.0,49.0,10.0,36.0,7.0,30.0,17.0,66.0,8.0,14.0,15.0,27.0,42.0,13.0,11.0,4.0,1.0,1.0,21.0,18.0,40.0,-140.0
2480145,6,981206,MCR LIMA-HORTA BARCELONA,AWAY,77.8,78.6,60.4,113.5,-53.1,40.6,39.6,30.2,17.2,50.0,37.0,0.4,20.8,200,12000.0,47.0,18.0,41.0,2.0,12.0,20.0,53.0,5.0,11.0,5.0,22.0,27.0,9.0,25.0,8.0,0.0,1.0,14.0,17.0,30.0,-215.0
2480145,6,981334,UNICAJA MIJAS,HOME,79.3,78.6,113.5,60.4,53.1,52.8,50.6,15.8,50.0,82.8,63.0,1.5,15.0,200,12000.0,90.0,24.0,42.0,11.0,38.0,35.0,80.0,9.0,12.0,22.0,24.0,46.0,24.0,16.0,16.0,1.0,0.0,17.0,14.0,110.0,215.0
2480146,6,981356,BOSONIT UNIBASKET,AWAY,82.7,74.4,85.8,77.9,7.9,41.4,33.3,8.5,24.4,62.8,43.2,1.1,55.1,225,13500.0,71.0,14.0,46.0,6.0,23.0,20.0,69.0,25.0,38.0,11.0,27.0,38.0,9.0,8.0,13.0,5.0,1.0,19.0,26.0,73.0,25.0
2480146,6,981306,CAJASOL BALONCESTO SEVILLA FEMENINO,HOME,84.7,74.4,77.9,85.8,-7.9,40.9,37.3,19.9,37.2,75.6,56.8,0.4,31.0,225,13500.0,66.0,19.0,44.0,5.0,27.0,24.0,71.0,13.0,22.0,16.0,34.0,50.0,8.0,20.0,6.0,1.0,5.0,26.0,19.0,48.0,-25.0
2480147,6,981213,AZULMARINO MALLORCA PALMA,HOME,76.9,77.5,106.7,79.4,27.3,54.0,50.8,13.7,36.7,74.3,56.9,2.3,42.2,200,12000.0,82.0,22.0,38.0,7.0,26.0,29.0,64.0,17.0,27.0,11.0,26.0,37.0,28.0,12.0,8.0,4.0,1.0,19.0,21.0,104.0,100.0
2480147,6,981242,C.B. SANTFELIUENC,AWAY,78.1,77.5,79.4,106.7,-27.3,43.0,39.5,17.2,25.7,63.3,43.1,1.1,37.1,200,12000.0,62.0,14.0,43.0,7.0,19.0,21.0,62.0,13.0,23.0,9.0,19.0,28.0,16.0,15.0,8.0,1.0,4.0,21.0,19.0,47.0,-100.0
2480148,6,979912,DOMUSA TEKNIK ISB,AWAY,74.8,75.4,62.8,69.7,-6.9,36.8,33.1,23.9,29.0,82.4,56.9,0.2,18.6,200,12000.0,47.0,18.0,42.0,1.0,17.0,19.0,59.0,8.0,11.0,9.0,28.0,37.0,5.0,20.0,6.0,2.0,3.0,19.0,17.0,32.0,-30.0
2480148,6,979919,RECOLETAS ZAMORA,HOME,76.0,75.4,69.7,62.8,6.9,39.5,35.8,18.3,17.6,71.0,43.1,0.4,26.7,200,12000.0,53.0,14.0,32.0,5.0,28.0,19.0,60.0,10.0,16.0,6.0,22.0,28.0,6.0,15.0,12.0,3.0,2.0,18.0,19.0,41.0,30.0
2480149,6,981208,ALTER ENERSUN AL-QÁZERES EXTREMADURA,HOME,75.8,75.6,98.9,91.5,7.4,52.2,47.6,19.1,37.1,71.0,53.0,0.8,31.7,200,12000.0,75.0,12.0,29.0,12.0,34.0,24.0,63.0,15.0,20.0,13.0,22.0,35.0,13.0,17.0,10.0,0.0,3.0,16.0,22.0,78.0,30.0
2480149,6,981346,LA CORDÁ DE PATERNA NB,AWAY,75.4,75.6,91.5,98.9,-7.4,51.2,47.6,20.1,29.0,62.9,47.0,0.5,15.9,200,12000.0,69.0,18.0,41.0,8.0,22.0,26.0,63.0,9.0,10.0,9.0,22.0,31.0,9.0,17.0,12.0,3.0,0.0,22.0,16.0,63.0,-30.0
2480150,6,979952,LA LAGUNA TOYOTA  ADAREVA,AWAY,78.8,77.3,95.2,89.7,5.5,54.5,50.0,15.9,10.3,87.2,54.4,1.5,33.3,200,12000.0,75.0,15.0,34.0,10.0,26.0,25.0,60.0,15.0,20.0,3.0,34.0,37.0,19.0,13.0,3.0,0.0,0.0,20.0,20.0,81.0,35.0
2480150,6,979770,MELILLA CIUDAD DEL DEPORTE LA SALLE,HOME,75.8,77.3,89.7,95.2,-5.5,48.0,46.0,12.4,12.8,89.7,45.6,1.8,32.3,200,12000.0,68.0,15.0,37.0,9.0,25.0,24.0,62.0,11.0,20.0,5.0,26.0,31.0,18.0,10.0,6.0,0.0,0.0,21.0,20.0,65.0,-35.0
2480151,6,981492,CELTA  FEMXA ZORKA,AWAY,83.6,82.0,99.3,78.4,20.9,54.2,52.9,19.0,32.4,82.8,55.6,0.9,21.4,200,12000.0,83.0,28.0,51.0,6.0,19.0,34.0,70.0,9.0,15.0,11.0,24.0,35.0,16.0,18.0,16.0,2.0,3.0,17.0,14.0,89.0,100.0
2480151,6,981288,SERNOVA RENOVABLES REAL CANOE,HOME,80.4,82.0,78.4,99.3,-20.9,53.1,51.0,30.5,17.2,67.6,44.4,0.5,37.3,200,12000.0,63.0,14.0,31.0,8.0,20.0,22.0,51.0,11.0,19.0,5.0,23.0,28.0,12.0,26.0,9.0,3.0,2.0,14.0,17.0,55.0,-100.0
2480152,6,979988,FUSTECMA NBF CASTELLÓ,HOME,69.0,69.6,88.4,89.9,-1.5,42.9,40.6,13.4,33.3,63.6,44.3,1.5,25.0,200,12000.0,61.0,14.0,37.0,8.0,27.0,22.0,64.0,9.0,16.0,13.0,14.0,27.0,16.0,11.0,7.0,2.0,2.0,18.0,18.0,53.0,-10.0
2480152,6,979971,OSES CONSTRUCCION,AWAY,70.0,69.5,89.9,88.4,1.5,50.8,48.2,20.5,36.4,66.7,55.7,0.8,29.1,200,12000.0,63.0,19.0,38.0,5.0,17.0,24.0,55.0,10.0,16.0,8.0,26.0,34.0,12.0,16.0,7.0,2.0,2.0,19.0,17.0,63.0,10.0
2480153,7,981206,MCR LIMA-HORTA BARCELONA,HOME,73.0,72.5,76.8,129.0,-52.2,40.6,37.7,15.9,24.3,65.5,42.4,0.8,13.8,200,12000.0,56.0,14.0,37.0,7.0,28.0,21.0,65.0,7.0,9.0,9.0,19.0,28.0,11.0,13.0,3.0,0.0,4.0,20.0,15.0,34.0,-185.0
2480153,7,979971,OSES CONSTRUCCION,AWAY,72.1,72.5,129.0,76.8,52.2,66.3,62.5,14.6,34.5,75.7,57.6,2.0,38.3,200,12000.0,93.0,12.0,26.0,17.0,34.0,29.0,60.0,18.0,23.0,10.0,28.0,38.0,24.0,12.0,8.0,4.0,0.0,15.0,20.0,124.0,185.0
2480154,7,981492,CELTA  FEMXA ZORKA,HOME,68.8,67.6,88.7,67.9,20.8,45.0,38.2,16.1,34.3,67.6,50.7,1.2,52.7,200,12000.0,61.0,21.0,43.0,0.0,12.0,21.0,55.0,19.0,29.0,12.0,23.0,35.0,15.0,13.0,9.0,0.0,1.0,17.0,20.0,66.0,80.0
2480154,7,979988,FUSTECMA NBF CASTELLÓ,AWAY,66.3,67.5,67.9,88.7,-20.8,36.1,35.1,19.4,32.4,65.7,49.3,0.7,21.1,200,12000.0,45.0,14.0,33.0,4.0,24.0,18.0,57.0,5.0,12.0,11.0,23.0,34.0,10.0,15.0,5.0,1.0,0.0,20.0,17.0,31.0,-80.0
2480155,7,979952,LA LAGUNA TOYOTA  ADAREVA,HOME,70.8,68.6,79.1,81.4,-2.3,41.3,38.1,16.1,26.3,67.6,45.8,1.0,17.5,200,12000.0,56.0,15.0,39.0,6.0,24.0,21.0,63.0,8.0,11.0,10.0,23.0,33.0,13.0,13.0,4.0,1.0,1.0,15.0,13.0,47.0,10.0
2480155,7,981288,SERNOVA RENOVABLES REAL CANOE,AWAY,66.4,68.6,81.4,79.1,2.3,40.7,35.3,14.2,32.4,73.7,54.2,0.0,32.8,200,12000.0,54.0,19.0,44.0,1.0,14.0,20.0,58.0,13.0,19.0,11.0,28.0,39.0,0.0,11.0,4.0,1.0,1.0,13.0,15.0,45.0,-10.0
2480156,7,981346,LA CORDÁ DE PATERNA NB,HOME,70.7,72.1,84.8,108.9,-24.1,45.6,43.3,20.6,34.3,73.5,53.6,0.9,21.7,200,12000.0,60.0,11.0,29.0,10.0,31.0,21.0,60.0,8.0,13.0,12.0,25.0,37.0,16.0,17.0,6.0,1.0,2.0,19.0,18.0,58.0,-100.0
2480156,7,979770,MELILLA CIUDAD DEL DEPORTE LA SALLE,AWAY,73.5,72.1,108.9,84.8,24.1,55.2,51.5,12.1,26.5,65.7,46.4,2.0,26.2,200,12000.0,80.0,20.0,34.0,9.0,31.0,29.0,65.0,13.0,17.0,9.0,23.0,32.0,20.0,10.0,10.0,2.0,1.0,18.0,19.0,95.0,100.0
2480157,7,981208,ALTER ENERSUN AL-QÁZERES EXTREMADURA,AWAY,76.8,76.8,85.9,97.8,-11.9,47.9,44.5,19.8,24.3,74.1,45.3,0.7,17.2,200,12000.0,66.0,18.0,40.0,7.0,24.0,25.0,64.0,9.0,11.0,9.0,20.0,29.0,12.0,17.0,12.0,1.0,0.0,15.0,15.0,62.0,-45.0
2480157,7,979912,DOMUSA TEKNIK ISB,HOME,76.7,76.8,97.8,85.9,11.9,57.1,52.5,21.5,25.9,75.7,54.7,0.9,21.7,200,12000.0,75.0,27.0,50.0,3.0,10.0,30.0,60.0,12.0,13.0,7.0,28.0,35.0,16.0,18.0,7.0,0.0,1.0,17.0,15.0,82.0,45.0
2480158,7,981242,C.B. SANTFELIUENC,HOME,75.6,74.9,84.7,94.4,-9.7,48.0,45.0,19.4,24.1,83.3,54.2,0.9,25.0,200,12000.0,64.0,18.0,41.0,6.0,19.0,24.0,60.0,10.0,15.0,7.0,25.0,32.0,14.0,16.0,7.0,1.0,2.0,18.0,15.0,58.0,-30.0
2480158,7,979919,RECOLETAS ZAMORA,AWAY,74.1,74.9,94.4,84.7,9.7,50.6,42.4,12.6,16.7,75.9,45.8,1.2,39.0,200,12000.0,70.0,19.0,46.0,4.0,13.0,23.0,59.0,20.0,23.0,5.0,22.0,27.0,12.0,10.0,9.0,2.0,1.0,15.0,18.0,74.0,30.0
2480159,7,981213,AZULMARINO MALLORCA PALMA,AWAY,73.0,71.5,132.9,71.3,61.6,64.7,63.3,10.7,42.3,75.0,62.9,2.9,39.1,200,12000.0,97.0,27.0,43.0,9.0,21.0,36.0,64.0,16.0,25.0,11.0,33.0,44.0,26.0,9.0,8.0,1.0,1.0,19.0,24.0,135.0,235.0
2480159,7,981356,BOSONIT UNIBASKET,HOME,70.2,71.5,71.3,132.9,-61.6,35.1,33.1,12.3,25.0,57.7,37.1,1.1,21.5,200,12000.0,50.0,14.0,44.0,5.0,21.0,19.0,65.0,7.0,14.0,11.0,15.0,26.0,11.0,10.0,8.0,1.0,1.0,24.0,19.0,28.0,-235.0
2480160,7,981306,CAJASOL BALONCESTO SEVILLA FEMENINO,AWAY,78.0,80.0,75.6,122.1,-46.5,47.5,45.5,25.3,16.1,45.2,32.9,0.8,29.1,200,12000.0,59.0,19.0,40.0,4.0,15.0,23.0,55.0,9.0,16.0,5.0,19.0,24.0,17.0,21.0,9.0,2.0,2.0,27.0,22.0,46.0,-205.0
2480160,7,981334,UNICAJA MIJAS,HOME,81.9,80.0,122.1,75.6,46.5,55.6,53.2,14.3,54.8,83.9,67.1,1.3,34.6,200,12000.0,100.0,19.0,43.0,15.0,35.0,34.0,78.0,17.0,27.0,23.0,26.0,49.0,19.0,15.0,12.0,2.0,2.0,22.0,26.0,117.0,205.0
2480161,8,981306,CAJASOL BALONCESTO SEVILLA FEMENINO,HOME,78.4,78.0,98.2,107.0,-8.8,52.4,46.8,18.8,32.4,65.6,47.8,1.2,41.9,200,12000.0,77.0,14.0,39.0,10.0,23.0,24.0,62.0,19.0,26.0,12.0,21.0,33.0,20.0,17.0,10.0,1.0,0.0,26.0,23.0,76.0,-30.0
2480161,8,981206,MCR LIMA-HORTA BARCELONA,AWAY,77.6,78.0,107.0,98.2,8.8,58.8,56.7,20.3,34.4,67.6,52.2,0.9,40.0,200,12000.0,83.0,16.0,31.0,12.0,29.0,28.0,60.0,15.0,24.0,11.0,25.0,36.0,17.0,18.0,10.0,0.0,1.0,24.0,26.0,89.0,30.0
2480162,8,981213,AZULMARINO MALLORCA PALMA,HOME,75.2,75.4,98.5,80.6,17.9,48.0,45.1,9.4,27.8,66.7,48.0,2.0,19.7,200,12000.0,74.0,20.0,48.0,8.0,23.0,28.0,71.0,10.0,14.0,10.0,26.0,36.0,16.0,8.0,12.0,2.0,3.0,16.0,16.0,85.0,65.0
2480162,8,981334,UNICAJA MIJAS,AWAY,75.7,75.4,80.6,98.5,-17.9,42.5,37.1,19.2,33.3,72.2,52.0,0.8,19.7,200,12000.0,61.0,17.0,41.0,5.0,25.0,22.0,66.0,12.0,13.0,13.0,26.0,39.0,14.0,17.0,3.0,3.0,2.0,16.0,16.0,58.0,-65.0
2480163,8,981356,BOSONIT UNIBASKET,AWAY,76.5,75.6,79.8,85.6,-5.8,40.4,39.7,14.7,30.0,75.0,48.5,0.9,25.0,200,12000.0,61.0,18.0,44.0,6.0,24.0,24.0,68.0,7.0,17.0,12.0,21.0,33.0,12.0,13.0,9.0,1.0,1.0,25.0,22.0,46.0,-15.0
2480163,8,979919,RECOLETAS ZAMORA,HOME,74.8,75.6,85.6,79.8,5.8,49.4,39.4,20.8,25.0,70.0,51.5,0.5,55.8,200,12000.0,64.0,13.0,32.0,5.0,20.0,18.0,52.0,23.0,29.0,7.0,28.0,35.0,9.0,17.0,6.0,1.0,1.0,22.0,25.0,61.0,15.0
2480164,8,981208,ALTER ENERSUN AL-QÁZERES EXTREMADURA,HOME,73.6,73.6,95.2,77.5,17.7,50.3,44.9,14.7,25.8,71.4,52.1,1.2,40.7,200,12000.0,70.0,19.0,37.0,5.0,22.0,24.0,59.0,17.0,24.0,8.0,30.0,38.0,15.0,12.0,4.0,1.0,0.0,9.0,23.0,88.0,65.0
2480164,8,981242,C.B. SANTFELIUENC,AWAY,73.5,73.5,77.5,95.2,-17.7,38.2,35.9,12.9,28.6,74.2,47.9,0.5,11.3,200,12000.0,57.0,21.0,53.0,3.0,18.0,24.0,71.0,6.0,8.0,12.0,23.0,35.0,5.0,11.0,8.0,0.0,1.0,23.0,9.0,31.0,-65.0
2480165,8,979912,DOMUSA TEKNIK ISB,AWAY,79.0,77.0,78.5,99.9,-21.4,42.5,37.1,16.1,18.6,67.9,38.0,0.6,40.3,200,12000.0,62.0,17.0,47.0,4.0,15.0,21.0,62.0,16.0,25.0,8.0,19.0,27.0,9.0,14.0,14.0,1.0,1.0,14.0,23.0,58.0,-65.0
2480165,8,979770,MELILLA CIUDAD DEL DEPORTE LA SALLE,HOME,75.0,77.0,99.9,78.5,21.4,60.4,60.0,26.2,32.1,81.4,62.0,0.7,29.1,200,12000.0,75.0,12.0,27.0,14.0,28.0,26.0,55.0,9.0,16.0,9.0,35.0,44.0,15.0,22.0,8.0,1.0,1.0,23.0,14.0,76.0,65.0
2480166,8,981346,LA CORDÁ DE PATERNA NB,AWAY,73.0,71.6,101.3,74.2,27.1,53.6,49.2,15.8,33.3,77.8,61.1,1.2,25.8,200,12000.0,74.0,20.0,36.0,7.0,26.0,27.0,62.0,13.0,16.0,9.0,35.0,44.0,16.0,13.0,5.0,3.0,3.0,26.0,18.0,83.0,110.0
2480166,8,981288,SERNOVA RENOVABLES REAL CANOE,HOME,70.1,71.5,74.2,101.3,-27.1,38.2,31.5,15.0,22.2,66.7,38.9,0.8,59.3,200,12000.0,52.0,14.0,36.0,2.0,18.0,16.0,54.0,18.0,32.0,10.0,18.0,28.0,9.0,12.0,4.0,3.0,3.0,18.0,26.0,40.0,-110.0
2480167,8,979988,FUSTECMA NBF CASTELLÓ,HOME,77.4,75.9,60.8,79.4,-18.6,35.4,32.8,21.3,18.9,77.1,47.2,0.6,32.8,200,12000.0,47.0,13.0,39.0,4.0,19.0,17.0,58.0,9.0,19.0,7.0,27.0,34.0,10.0,18.0,8.0,6.0,1.0,30.0,15.0,21.0,-60.0
2480167,8,979952,LA LAGUNA TOYOTA  ADAREVA,AWAY,74.3,75.8,79.4,60.8,18.6,42.6,36.8,15.8,22.9,81.1,52.8,1.1,49.1,200,12000.0,59.0,12.0,38.0,6.0,19.0,18.0,57.0,17.0,28.0,8.0,30.0,38.0,14.0,13.0,7.0,1.0,6.0,16.0,29.0,69.0,60.0
2480168,8,981492,CELTA  FEMXA ZORKA,AWAY,77.1,73.7,85.6,88.1,-2.5,44.0,36.1,15.7,27.9,66.7,47.1,0.5,52.5,200,12000.0,66.0,16.0,40.0,4.0,21.0,20.0,61.0,22.0,32.0,12.0,28.0,40.0,7.0,14.0,7.0,2.0,0.0,25.0,23.0,55.0,20.0
2480168,8,979971,OSES CONSTRUCCION,HOME,70.4,73.7,88.1,85.6,2.5,42.8,39.1,14.2,33.3,72.1,52.9,0.9,29.7,200,12000.0,62.0,16.0,35.0,6.0,29.0,22.0,64.0,12.0,19.0,14.0,31.0,45.0,11.0,12.0,9.0,0.0,2.0,24.0,25.0,67.0,-20.0
2480169,9,981492,CELTA  FEMXA ZORKA,HOME,83.0,82.2,102.4,85.8,16.6,59.0,56.2,21.7,29.0,66.7,50.0,1.1,24.6,200,12000.0,85.0,26.0,44.0,7.0,21.0,33.0,65.0,12.0,16.0,9.0,26.0,35.0,21.0,20.0,11.0,1.0,0.0,18.0,17.0,96.0,75.0
2480169,9,981206,MCR LIMA-HORTA BARCELONA,AWAY,81.6,82.4,85.8,102.4,-16.6,48.2,45.5,23.3,33.3,71.0,50.0,0.6,22.7,200,12000.0,70.0,15.0,34.0,10.0,32.0,25.0,66.0,10.0,15.0,13.0,22.0,35.0,14.0,22.0,11.0,0.0,1.0,17.0,18.0,63.0,-75.0
2480170,9,979952,LA LAGUNA TOYOTA  ADAREVA,HOME,69.3,69.5,96.7,99.0,-2.3,58.5,55.8,23.9,24.0,83.3,56.4,0.6,23.1,200,12000.0,67.0,20.0,38.0,6.0,14.0,26.0,52.0,9.0,12.0,6.0,25.0,31.0,11.0,18.0,6.0,0.0,1.0,17.0,14.0,65.0,-10.0
2480170,9,979971,OSES CONSTRUCCION,AWAY,69.7,69.5,99.0,96.7,2.3,52.5,49.2,12.0,16.7,76.0,43.6,1.1,21.7,200,12000.0,69.0,19.0,36.0,7.0,24.0,26.0,60.0,10.0,13.0,5.0,19.0,24.0,10.0,9.0,12.0,1.0,0.0,14.0,16.0,72.0,10.0
2480171,9,979988,FUSTECMA NBF CASTELLÓ,AWAY,78.1,77.4,92.2,69.2,23.0,49.2,48.4,20.6,40.0,64.1,52.7,1.0,36.5,200,12000.0,72.0,23.0,45.0,5.0,18.0,28.0,63.0,11.0,23.0,14.0,25.0,39.0,19.0,19.0,12.0,6.0,2.0,27.0,23.0,78.0,95.0
2480171,9,981346,LA CORDÁ DE PATERNA NB,HOME,76.6,77.4,69.2,92.2,-23.0,38.1,26.8,23.2,35.9,60.0,47.3,0.3,55.4,200,12000.0,53.0,9.0,27.0,4.0,29.0,13.0,56.0,23.0,31.0,14.0,21.0,35.0,6.0,21.0,12.0,2.0,6.0,24.0,27.0,39.0,-95.0
2480172,9,979912,DOMUSA TEKNIK ISB,HOME,73.1,73.7,78.0,55.0,23.0,43.8,41.9,19.7,28.6,79.1,59.2,0.8,11.3,200,12000.0,57.0,20.0,45.0,4.0,17.0,24.0,62.0,5.0,7.0,8.0,34.0,42.0,12.0,16.0,14.0,1.0,1.0,16.0,9.0,63.0,80.0
2480172,9,981288,SERNOVA RENOVABLES REAL CANOE,AWAY,74.5,73.8,55.0,78.0,-23.0,31.8,27.2,22.8,20.9,71.4,40.8,0.2,29.8,200,12000.0,41.0,8.0,31.0,5.0,26.0,13.0,57.0,10.0,17.0,9.0,20.0,29.0,4.0,19.0,10.0,1.0,1.0,9.0,16.0,22.0,-80.0
2480173,9,981242,C.B. SANTFELIUENC,HOME,77.7,77.5,68.2,99.8,-31.6,36.9,32.6,20.1,31.6,54.5,42.3,0.6,19.7,200,12000.0,53.0,14.0,34.0,5.0,32.0,19.0,66.0,10.0,13.0,12.0,18.0,30.0,10.0,18.0,14.0,6.0,0.0,19.0,16.0,42.0,-120.0
2480173,9,979770,MELILLA CIUDAD DEL DEPORTE LA SALLE,AWAY,77.2,77.5,99.8,68.2,31.6,53.4,51.5,21.7,45.5,68.4,57.7,1.3,21.2,200,12000.0,77.0,16.0,37.0,12.0,29.0,28.0,66.0,9.0,14.0,15.0,26.0,41.0,26.0,20.0,11.0,0.0,6.0,16.0,19.0,95.0,120.0
2480174,9,981208,ALTER ENERSUN AL-QÁZERES EXTREMADURA,AWAY,70.4,70.1,89.5,71.6,17.9,48.9,44.6,16.8,21.9,75.0,51.4,1.4,33.9,200,12000.0,63.0,16.0,40.0,6.0,16.0,22.0,56.0,13.0,19.0,7.0,30.0,37.0,18.0,13.0,6.0,0.0,2.0,15.0,20.0,76.0,65.0
2480174,9,981356,BOSONIT UNIBASKET,HOME,69.8,70.1,71.6,89.5,-17.9,35.8,33.8,12.5,25.0,78.1,48.6,1.4,16.9,200,12000.0,50.0,13.0,40.0,6.0,25.0,19.0,65.0,6.0,11.0,10.0,25.0,35.0,14.0,10.0,7.0,2.0,0.0,21.0,15.0,41.0,-65.0
2480175,9,979919,RECOLETAS ZAMORA,AWAY,82.6,71.7,82.4,96.4,-14.0,42.2,36.4,13.9,26.8,57.1,40.8,1.3,34.3,225,13500.0,68.0,21.0,45.0,3.0,25.0,24.0,70.0,17.0,24.0,11.0,20.0,31.0,17.0,13.0,6.0,0.0,3.0,24.0,22.0,54.0,-40.0
2480175,9,981334,UNICAJA MIJAS,HOME,78.8,71.7,96.4,82.4,14.0,47.6,43.7,14.9,42.9,73.2,59.2,0.9,28.2,225,13500.0,76.0,22.0,46.0,6.0,25.0,28.0,71.0,14.0,20.0,15.0,30.0,45.0,13.0,14.0,5.0,3.0,0.0,22.0,24.0,81.0,40.0
2480176,9,981213,AZULMARINO MALLORCA PALMA,AWAY,75.4,76.5,108.7,77.3,31.4,56.6,50.8,14.2,37.5,79.4,62.1,1.5,42.6,200,12000.0,82.0,22.0,38.0,6.0,23.0,28.0,61.0,20.0,26.0,9.0,27.0,36.0,18.0,12.0,11.0,1.0,1.0,18.0,25.0,104.0,110.0
2480176,9,981306,CAJASOL BALONCESTO SEVILLA FEMENINO,HOME,77.6,76.6,77.3,108.7,-31.4,45.7,42.4,22.5,20.6,62.5,37.9,0.8,25.4,200,12000.0,60.0,19.0,39.0,4.0,20.0,23.0,59.0,10.0,15.0,7.0,15.0,22.0,15.0,19.0,2.0,1.0,1.0,26.0,18.0,32.0,-110.0
2480177,10,981213,AZULMARINO MALLORCA PALMA,HOME,81.0,79.1,123.5,89.2,34.3,68.5,66.1,19.8,38.5,74.3,59.0,1.8,40.3,200,12000.0,100.0,26.0,38.0,10.0,24.0,36.0,62.0,18.0,25.0,10.0,26.0,36.0,33.0,18.0,6.0,6.0,2.0,21.0,21.0,130.0,155.0
2480177,10,981206,MCR LIMA-HORTA BARCELONA,AWAY,77.4,79.2,89.2,123.5,-34.3,47.7,46.1,16.2,25.7,61.5,41.0,1.3,29.7,200,12000.0,69.0,22.0,45.0,5.0,19.0,27.0,64.0,10.0,19.0,9.0,16.0,25.0,18.0,14.0,9.0,2.0,5.0,21.0,20.0,62.0,-155.0
2480178,10,981306,CAJASOL BALONCESTO SEVILLA FEMENINO,AWAY,78.6,78.3,78.9,122.0,-43.1,50.3,47.3,27.2,20.7,75.0,42.9,0.4,27.3,200,12000.0,62.0,23.0,42.0,2.0,13.0,25.0,55.0,10.0,15.0,6.0,15.0,21.0,10.0,23.0,6.0,1.0,0.0,21.0,20.0,41.0,-165.0
2480178,10,979919,RECOLETAS ZAMORA,HOME,77.9,78.2,122.0,78.9,43.1,69.0,67.5,16.9,25.0,79.3,57.1,1.3,47.4,200,12000.0,95.0,22.0,34.0,11.0,23.0,33.0,57.0,18.0,27.0,5.0,23.0,28.0,18.0,14.0,17.0,0.0,1.0,20.0,21.0,112.0,165.0
2480179,10,981208,ALTER ENERSUN AL-QÁZERES EXTREMADURA,HOME,71.3,69.8,80.0,100.9,-20.9,41.1,35.9,9.2,12.2,60.7,31.9,1.4,18.8,200,12000.0,57.0,11.0,41.0,8.0,23.0,19.0,64.0,11.0,12.0,5.0,17.0,22.0,10.0,7.0,8.0,1.0,3.0,15.0,15.0,45.0,-60.0
2480179,10,981334,UNICAJA MIJAS,AWAY,68.4,69.8,100.9,80.0,20.9,54.4,52.5,20.2,39.3,87.8,68.1,0.8,16.9,200,12000.0,69.0,19.0,36.0,8.0,23.0,27.0,59.0,7.0,10.0,11.0,36.0,47.0,12.0,16.0,3.0,3.0,1.0,16.0,15.0,82.0,60.0
2480180,10,981356,BOSONIT UNIBASKET,AWAY,72.9,75.7,89.1,86.6,2.5,54.2,51.0,22.1,14.3,77.8,50.0,0.7,34.6,200,12000.0,65.0,13.0,28.0,9.0,24.0,22.0,52.0,12.0,18.0,4.0,28.0,32.0,12.0,17.0,5.0,1.0,0.0,21.0,21.0,62.0,-15.0
2480180,10,979770,MELILLA CIUDAD DEL DEPORTE LA SALLE,HOME,78.5,75.7,86.6,89.1,-2.5,47.6,41.4,17.3,22.2,85.7,50.0,0.8,26.6,200,12000.0,68.0,16.0,41.0,7.0,23.0,23.0,64.0,15.0,17.0,8.0,24.0,32.0,12.0,15.0,7.0,0.0,1.0,21.0,21.0,61.0,15.0
2480181,10,981242,C.B. SANTFELIUENC,AWAY,78.8,77.7,64.8,87.5,-22.7,37.1,35.8,18.9,15.0,73.3,40.0,0.9,6.0,200,12000.0,51.0,15.0,51.0,6.0,16.0,21.0,67.0,3.0,4.0,6.0,22.0,28.0,14.0,16.0,11.0,5.0,5.0,16.0,12.0,42.0,-80.0
2480181,10,981288,SERNOVA RENOVABLES REAL CANOE,HOME,76.6,77.7,87.5,64.8,22.7,48.8,43.5,18.9,26.7,85.0,60.0,0.6,24.2,200,12000.0,67.0,24.0,45.0,2.0,17.0,26.0,62.0,13.0,15.0,8.0,34.0,42.0,9.0,16.0,8.0,5.0,5.0,12.0,16.0,81.0,80.0
2480182,10,979912,DOMUSA TEKNIK ISB,AWAY,76.6,77.9,69.2,88.3,-19.1,36.5,33.1,16.2,23.8,68.4,45.0,0.7,38.7,200,12000.0,53.0,16.0,49.0,3.0,13.0,19.0,62.0,12.0,24.0,10.0,26.0,36.0,10.0,14.0,11.0,0.0,0.0,24.0,22.0,39.0,-85.0
2480182,10,979988,FUSTECMA NBF CASTELLÓ,HOME,79.3,77.9,88.3,69.2,19.1,48.4,45.0,20.8,31.6,76.2,55.0,0.9,46.7,200,12000.0,70.0,12.0,30.0,10.0,30.0,22.0,60.0,16.0,28.0,12.0,32.0,44.0,18.0,19.0,9.0,0.0,0.0,22.0,24.0,74.0,85.0
2480183,10,981346,LA CORDÁ DE PATERNA NB,AWAY,70.7,71.2,69.3,86.4,-17.1,35.7,33.3,20.8,38.1,73.0,54.4,0.5,20.6,200,12000.0,49.0,12.0,36.0,6.0,27.0,18.0,63.0,7.0,13.0,16.0,27.0,43.0,9.0,18.0,12.0,2.0,1.0,18.0,14.0,42.0,-65.0
2480183,10,979971,OSES CONSTRUCCION,HOME,71.7,71.2,86.4,69.3,17.1,45.8,43.5,17.1,27.0,61.9,45.6,1.1,21.0,200,12000.0,62.0,18.0,37.0,6.0,25.0,24.0,62.0,8.0,13.0,10.0,26.0,36.0,16.0,14.0,10.0,1.0,2.0,14.0,18.0,72.0,65.0
2480184,10,981492,CELTA  FEMXA ZORKA,HOME,60.8,62.6,100.3,63.9,36.4,48.5,47.4,13.7,37.5,72.2,55.9,1.7,19.0,200,12000.0,61.0,20.0,37.0,5.0,21.0,25.0,58.0,6.0,11.0,12.0,26.0,38.0,17.0,10.0,11.0,2.0,1.0,15.0,13.0,79.0,100.0
2480184,10,979952,LA LAGUNA TOYOTA  ADAREVA,AWAY,64.2,62.6,63.9,100.3,-36.4,37.1,34.9,25.6,27.8,62.5,44.1,0.5,9.4,200,12000.0,41.0,8.0,26.0,7.0,27.0,15.0,53.0,4.0,5.0,10.0,20.0,30.0,10.0,19.0,7.0,1.0,2.0,13.0,15.0,33.0,-100.0
2480185,11,979952,LA LAGUNA TOYOTA  ADAREVA,AWAY,74.4,75.0,94.1,96.6,-2.5,55.2,50.0,21.2,21.4,74.2,49.2,1.1,34.5,200,12000.0,70.0,17.0,34.0,7.0,21.0,24.0,55.0,15.0,19.0,6.0,23.0,29.0,18.0,17.0,8.0,3.0,0.0,18.0,20.0,78.0,-15.0
2480185,11,981206,MCR LIMA-HORTA BARCELONA,HOME,75.6,75.0,96.6,94.1,2.5,56.5,54.3,22.7,25.8,78.6,50.8,0.9,25.9,200,12000.0,73.0,15.0,33.0,11.0,25.0,26.0,58.0,10.0,15.0,8.0,22.0,30.0,18.0,19.0,7.0,0.0,3.0,20.0,18.0,70.0,15.0
2480186,11,981492,CELTA  FEMXA ZORKA,AWAY,69.6,69.5,100.6,86.2,14.4,44.6,40.4,13.3,50.0,68.6,58.4,1.2,35.3,200,12000.0,70.0,20.0,48.0,5.0,20.0,25.0,68.0,15.0,24.0,21.0,24.0,45.0,15.0,12.0,8.0,1.0,3.0,14.0,23.0,84.0,50.0
2480186,11,981346,LA CORDÁ DE PATERNA NB,HOME,69.6,69.5,86.2,100.6,-14.4,45.0,42.5,17.4,31.4,50.0,41.6,0.9,25.0,200,12000.0,60.0,12.0,33.0,9.0,27.0,21.0,60.0,9.0,15.0,11.0,21.0,32.0,13.0,14.0,9.0,3.0,1.0,23.0,14.0,49.0,-50.0
2480187,11,979912,DOMUSA TEKNIK ISB,HOME,70.7,71.8,73.6,82.4,-8.8,35.3,32.0,12.0,27.7,85.7,52.4,0.6,34.4,200,12000.0,52.0,16.0,44.0,3.0,20.0,19.0,64.0,11.0,22.0,13.0,30.0,43.0,6.0,10.0,6.0,0.0,0.0,19.0,18.0,40.0,-40.0
2480187,11,979971,OSES CONSTRUCCION,AWAY,72.8,71.7,82.4,73.6,8.8,47.0,41.8,18.0,14.3,72.3,47.6,0.8,36.4,200,12000.0,60.0,8.0,25.0,10.0,30.0,18.0,55.0,14.0,20.0,5.0,34.0,39.0,11.0,14.0,7.0,0.0,0.0,18.0,19.0,61.0,40.0
2480188,11,981242,C.B. SANTFELIUENC,HOME,86.7,86.8,69.2,86.4,-17.2,40.1,38.4,21.9,21.4,72.4,42.3,0.4,18.8,200,12000.0,60.0,19.0,45.0,5.0,24.0,24.0,69.0,7.0,13.0,9.0,21.0,30.0,9.0,21.0,16.0,2.0,1.0,24.0,16.0,37.0,-75.0
2480188,11,979988,FUSTECMA NBF CASTELLÓ,AWAY,86.8,86.7,86.4,69.2,17.2,50.2,42.7,21.1,27.6,78.6,57.7,0.8,46.8,200,12000.0,75.0,25.0,49.0,1.0,13.0,26.0,62.0,22.0,29.0,8.0,33.0,41.0,17.0,20.0,13.0,1.0,2.0,16.0,24.0,92.0,75.0
2480189,11,981356,BOSONIT UNIBASKET,HOME,73.6,72.9,88.3,77.7,10.6,41.9,36.6,13.4,41.0,79.4,58.9,1.7,21.1,200,12000.0,65.0,14.0,46.0,8.0,25.0,22.0,71.0,13.0,15.0,16.0,27.0,43.0,20.0,12.0,8.0,1.0,2.0,14.0,11.0,71.0,45.0
2480189,11,981288,SERNOVA RENOVABLES REAL CANOE,AWAY,72.0,72.8,77.7,88.3,-10.6,44.4,41.1,20.2,20.6,59.0,41.1,0.6,28.6,200,12000.0,56.0,17.0,36.0,4.0,20.0,21.0,56.0,10.0,16.0,7.0,23.0,30.0,10.0,16.0,7.0,2.0,1.0,11.0,14.0,51.0,-45.0
2480190,11,979770,MELILLA CIUDAD DEL DEPORTE LA SALLE,AWAY,72.4,72.2,109.2,115.1,-5.9,59.5,53.4,16.4,26.9,45.7,37.7,1.2,32.8,200,12000.0,79.0,16.0,31.0,10.0,27.0,26.0,58.0,17.0,19.0,7.0,16.0,23.0,16.0,13.0,6.0,2.0,2.0,20.0,21.0,80.0,-20.0
2480190,11,981334,UNICAJA MIJAS,HOME,72.1,72.2,115.1,109.2,5.9,51.2,43.7,11.0,54.3,73.1,62.3,1.5,32.4,200,12000.0,83.0,22.0,45.0,6.0,26.0,28.0,71.0,21.0,23.0,19.0,19.0,38.0,15.0,10.0,9.0,2.0,2.0,21.0,20.0,91.0,20.0
2480191,11,981208,ALTER ENERSUN AL-QÁZERES EXTREMADURA,AWAY,78.7,68.3,85.2,93.3,-8.1,45.5,41.4,20.5,35.9,57.8,47.6,0.6,34.4,225,13500.0,67.0,16.0,33.0,7.0,31.0,23.0,64.0,14.0,22.0,14.0,26.0,40.0,12.0,19.0,6.0,3.0,1.0,21.0,25.0,64.0,-15.0
2480191,11,981306,CAJASOL BALONCESTO SEVILLA FEMENINO,HOME,75.0,68.3,93.3,85.2,8.1,42.2,36.1,11.7,42.2,64.1,52.4,1.6,34.7,225,13500.0,70.0,20.0,55.0,4.0,17.0,24.0,72.0,18.0,25.0,19.0,25.0,44.0,18.0,11.0,12.0,1.0,3.0,25.0,21.0,75.0,15.0
2480192,11,981213,AZULMARINO MALLORCA PALMA,HOME,73.1,76.9,98.5,79.3,19.2,53.7,45.3,18.3,32.1,80.0,56.9,1.2,60.4,200,12000.0,72.0,21.0,36.0,2.0,17.0,23.0,53.0,24.0,32.0,9.0,24.0,33.0,18.0,15.0,8.0,5.0,0.0,20.0,26.0,89.0,40.0
2480192,11,979919,RECOLETAS ZAMORA,AWAY,80.7,76.9,79.3,98.5,-19.2,44.0,38.9,16.2,20.0,67.9,43.1,0.9,34.9,200,12000.0,64.0,14.0,43.0,7.0,20.0,21.0,63.0,15.0,22.0,6.0,19.0,25.0,12.0,14.0,7.0,0.0,5.0,26.0,20.0,39.0,-40.0
2480193,12,981206,MCR LIMA-HORTA BARCELONA,AWAY,73.8,75.6,74.6,105.9,-31.3,46.0,39.4,25.1,20.0,67.9,43.1,0.3,61.7,200,12000.0,55.0,11.0,27.0,5.0,20.0,16.0,47.0,18.0,29.0,6.0,19.0,25.0,6.0,20.0,8.0,1.0,1.0,22.0,22.0,33.0,-135.0
2480193,12,979919,RECOLETAS ZAMORA,HOME,77.4,75.6,105.9,74.6,31.3,59.0,53.4,19.7,32.1,80.0,56.9,0.6,44.8,200,12000.0,82.0,22.0,44.0,6.0,14.0,28.0,58.0,20.0,26.0,9.0,24.0,33.0,10.0,17.0,11.0,1.0,1.0,22.0,22.0,84.0,135.0
2480194,12,981208,ALTER ENERSUN AL-QÁZERES EXTREMADURA,HOME,77.0,77.0,67.5,96.1,-28.6,37.7,29.8,15.8,13.2,66.7,33.9,0.6,25.8,200,12000.0,52.0,11.0,38.0,5.0,24.0,16.0,62.0,15.0,16.0,5.0,16.0,21.0,8.0,13.0,10.0,0.0,0.0,18.0,23.0,36.0,-110.0
2480194,12,981213,AZULMARINO MALLORCA PALMA,AWAY,77.0,77.1,96.1,67.5,28.6,57.8,51.9,24.7,33.3,86.8,66.1,0.7,47.2,200,12000.0,74.0,17.0,31.0,7.0,22.0,24.0,53.0,19.0,25.0,8.0,33.0,41.0,15.0,21.0,7.0,0.0,0.0,23.0,18.0,76.0,110.0
2480195,12,981306,CAJASOL BALONCESTO SEVILLA FEMENINO,AWAY,72.2,71.0,88.6,129.2,-40.6,48.3,42.1,18.5,28.1,47.1,37.9,0.7,36.8,200,12000.0,64.0,15.0,34.0,6.0,23.0,21.0,57.0,16.0,21.0,9.0,16.0,25.0,11.0,15.0,4.0,1.0,1.0,20.0,20.0,49.0,-130.0
2480195,12,979770,MELILLA CIUDAD DEL DEPORTE LA SALLE,HOME,69.7,71.0,129.2,88.6,40.6,59.5,56.1,13.7,52.9,71.9,62.1,1.6,33.3,200,12000.0,90.0,22.0,37.0,10.0,29.0,32.0,66.0,16.0,22.0,18.0,23.0,41.0,19.0,12.0,11.0,1.0,1.0,20.0,20.0,110.0,130.0
2480196,12,981288,SERNOVA RENOVABLES REAL CANOE,HOME,69.0,69.4,86.9,96.1,-9.2,50.0,44.3,18.9,16.1,65.6,41.3,0.6,30.2,200,12000.0,60.0,19.0,36.0,3.0,17.0,22.0,53.0,13.0,16.0,5.0,21.0,26.0,9.0,14.0,8.0,1.0,0.0,17.0,20.0,59.0,-35.0
2480196,12,981334,UNICAJA MIJAS,AWAY,69.7,69.4,96.1,86.9,9.2,49.5,46.0,16.1,34.4,83.9,58.7,0.9,21.0,200,12000.0,67.0,18.0,36.0,7.0,26.0,25.0,62.0,10.0,13.0,11.0,26.0,37.0,12.0,13.0,9.0,0.0,1.0,20.0,17.0,69.0,35.0
2480197,12,981356,BOSONIT UNIBASKET,AWAY,73.0,72.1,76.8,110.9,-34.1,45.9,45.6,28.2,37.5,59.0,49.3,0.4,15.8,200,12000.0,56.0,20.0,42.0,4.0,15.0,24.0,57.0,4.0,9.0,12.0,23.0,35.0,10.0,24.0,3.0,3.0,4.0,16.0,15.0,44.0,-115.0
2480197,12,979988,FUSTECMA NBF CASTELLÓ,HOME,71.2,72.1,110.9,76.8,34.1,52.5,50.0,13.8,41.0,62.5,50.7,1.3,31.8,200,12000.0,79.0,18.0,43.0,10.0,23.0,28.0,66.0,13.0,21.0,16.0,20.0,36.0,16.0,12.0,16.0,4.0,3.0,15.0,16.0,94.0,115.0
2480198,12,981242,C.B. SANTFELIUENC,AWAY,75.0,75.9,90.6,106.9,-16.3,51.5,53.4,18.5,17.1,75.0,46.5,1.3,27.1,200,12000.0,68.0,24.0,42.0,5.0,17.0,29.0,59.0,5.0,16.0,6.0,27.0,33.0,20.0,15.0,3.0,4.0,2.0,17.0,15.0,70.0,-70.0
2480198,12,979971,OSES CONSTRUCCION,HOME,76.7,75.9,106.9,90.6,16.3,52.1,50.7,8.2,25.0,82.9,53.5,3.3,17.8,200,12000.0,82.0,22.0,49.0,10.0,24.0,32.0,73.0,8.0,13.0,9.0,29.0,38.0,23.0,7.0,5.0,2.0,4.0,15.0,17.0,99.0,70.0
2480199,12,981492,CELTA  FEMXA ZORKA,HOME,70.7,75.1,104.7,71.7,33.0,53.9,48.3,11.6,24.1,67.6,48.5,2.1,37.3,200,12000.0,74.0,21.0,39.0,5.0,20.0,26.0,59.0,17.0,22.0,7.0,25.0,32.0,19.0,9.0,15.0,1.0,1.0,16.0,20.0,98.0,85.0
2480199,12,979912,DOMUSA TEKNIK ISB,AWAY,79.5,75.1,71.7,104.7,-33.0,39.9,34.4,21.9,32.4,75.9,51.5,0.5,26.6,200,12000.0,57.0,16.0,43.0,4.0,21.0,20.0,64.0,13.0,17.0,12.0,22.0,34.0,9.0,20.0,4.0,1.0,1.0,21.0,16.0,32.0,-85.0
2480200,12,981346,LA CORDÁ DE PATERNA NB,AWAY,78.2,68.6,97.2,91.8,5.4,51.9,49.3,19.7,41.9,91.4,68.2,0.6,20.9,225,13500.0,76.0,24.0,46.0,6.0,21.0,30.0,67.0,10.0,14.0,13.0,32.0,45.0,11.0,18.0,7.0,0.0,1.0,22.0,20.0,78.0,30.0
2480200,12,979952,LA LAGUNA TOYOTA  ADAREVA,HOME,76.3,68.6,91.8,97.2,-5.4,52.8,48.4,16.4,8.6,58.1,31.8,1.2,19.7,225,13500.0,70.0,16.0,36.0,9.0,25.0,25.0,61.0,11.0,12.0,3.0,18.0,21.0,15.0,13.0,8.0,1.0,0.0,20.0,22.0,67.0,-30.0
2480201,13,981346,LA CORDÁ DE PATERNA NB,AWAY,81.8,77.6,75.8,76.5,-0.7,38.8,36.6,18.4,37.2,74.4,54.9,0.7,28.2,200,12000.0,62.0,14.0,39.0,8.0,32.0,22.0,71.0,10.0,20.0,16.0,29.0,45.0,12.0,18.0,12.0,3.0,1.0,21.0,17.0,53.0,30.0
2480201,13,981206,MCR LIMA-HORTA BARCELONA,HOME,73.2,77.5,76.5,75.8,0.7,41.0,36.4,18.0,25.6,62.8,45.1,1.0,35.6,200,12000.0,56.0,14.0,43.0,5.0,16.0,19.0,59.0,13.0,21.0,10.0,27.0,37.0,15.0,15.0,9.0,1.0,3.0,17.0,20.0,58.0,-30.0
2480202,13,979912,DOMUSA TEKNIK ISB,HOME,76.4,77.5,117.9,106.8,11.1,59.7,59.0,14.7,36.4,76.7,55.6,1.5,28.4,200,12000.0,90.0,26.0,47.0,9.0,20.0,35.0,67.0,11.0,19.0,12.0,23.0,35.0,20.0,13.0,9.0,2.0,2.0,20.0,19.0,102.0,30.0
2480202,13,979952,LA LAGUNA TOYOTA  ADAREVA,AWAY,78.7,77.5,106.8,117.9,-11.1,60.3,54.2,18.7,23.3,63.6,44.4,1.0,36.7,200,12000.0,84.0,16.0,33.0,11.0,27.0,27.0,60.0,19.0,22.0,7.0,21.0,28.0,16.0,16.0,6.0,2.0,2.0,20.0,20.0,84.0,-30.0
2480203,13,981242,C.B. SANTFELIUENC,HOME,80.8,82.1,84.1,93.6,-9.5,49.4,46.1,19.8,15.2,71.1,45.1,0.8,17.2,200,12000.0,68.0,13.0,39.0,11.0,25.0,24.0,64.0,9.0,11.0,5.0,27.0,32.0,14.0,17.0,4.0,3.0,3.0,17.0,13.0,58.0,-50.0
2480203,13,981492,CELTA  FEMXA ZORKA,AWAY,83.4,82.0,93.6,84.1,9.5,47.9,44.5,13.8,28.9,84.8,54.9,1.5,26.0,200,12000.0,78.0,25.0,56.0,5.0,17.0,30.0,73.0,13.0,19.0,11.0,28.0,39.0,20.0,13.0,12.0,3.0,3.0,13.0,17.0,94.0,50.0
2480204,13,981356,BOSONIT UNIBASKET,HOME,76.4,75.8,90.4,97.0,-6.6,47.0,44.6,17.0,36.4,83.3,58.7,0.9,29.2,200,12000.0,69.0,20.0,42.0,6.0,23.0,26.0,65.0,11.0,19.0,12.0,25.0,37.0,13.0,15.0,9.0,3.0,1.0,23.0,17.0,63.0,-20.0
2480204,13,979971,OSES CONSTRUCCION,AWAY,75.2,75.8,97.0,90.4,6.6,55.1,51.8,17.4,16.7,63.6,41.3,1.4,36.8,200,12000.0,73.0,13.0,32.0,11.0,25.0,24.0,57.0,14.0,21.0,5.0,21.0,26.0,19.0,14.0,4.0,1.0,3.0,17.0,22.0,74.0,20.0
2480205,13,979988,FUSTECMA NBF CASTELLÓ,AWAY,74.7,75.0,92.4,102.3,-9.9,51.7,49.1,20.3,30.0,50.0,40.6,0.4,38.6,200,12000.0,69.0,22.0,43.0,4.0,14.0,26.0,57.0,13.0,22.0,9.0,17.0,26.0,6.0,17.0,10.0,1.0,2.0,20.0,21.0,56.0,-40.0
2480205,13,981334,UNICAJA MIJAS,HOME,75.2,75.0,102.3,92.4,9.9,52.6,46.9,20.6,50.0,70.0,59.4,0.8,32.8,200,12000.0,77.0,18.0,37.0,8.0,27.0,26.0,64.0,17.0,21.0,17.0,21.0,38.0,15.0,19.0,7.0,2.0,1.0,21.0,20.0,77.0,40.0
2480206,13,981306,CAJASOL BALONCESTO SEVILLA FEMENINO,HOME,71.2,73.1,80.1,89.3,-9.2,45.1,43.4,24.0,37.5,65.8,52.9,0.5,8.2,200,12000.0,57.0,16.0,37.0,7.0,24.0,23.0,61.0,4.0,5.0,12.0,25.0,37.0,10.0,20.0,6.0,2.0,3.0,24.0,14.0,43.0,-50.0
2480206,13,981288,SERNOVA RENOVABLES REAL CANOE,AWAY,75.0,73.1,89.3,80.1,9.2,44.7,43.0,14.8,34.2,62.5,47.1,0.8,39.1,200,12000.0,67.0,20.0,42.0,5.0,22.0,25.0,64.0,12.0,25.0,13.0,20.0,33.0,11.0,13.0,13.0,3.0,2.0,14.0,24.0,72.0,50.0
2480207,13,981213,AZULMARINO MALLORCA PALMA,HOME,85.1,80.5,95.2,79.0,16.2,54.6,54.7,21.2,37.5,71.1,58.1,1.2,35.9,200,12000.0,81.0,23.0,37.0,8.0,27.0,31.0,64.0,11.0,23.0,9.0,27.0,36.0,24.0,20.0,14.0,1.0,3.0,19.0,22.0,94.0,105.0
2480207,13,979770,MELILLA CIUDAD DEL DEPORTE LA SALLE,AWAY,75.9,80.4,79.0,95.2,-16.2,42.9,38.7,19.6,28.9,62.5,41.9,0.6,29.0,200,12000.0,60.0,18.0,37.0,4.0,25.0,22.0,62.0,12.0,18.0,11.0,15.0,26.0,10.0,17.0,14.0,3.0,1.0,22.0,19.0,47.0,-105.0
2480208,13,981208,ALTER ENERSUN AL-QÁZERES EXTREMADURA,AWAY,68.3,70.8,83.5,72.3,11.2,41.7,38.1,14.9,30.0,63.9,46.1,0.8,19.0,200,12000.0,57.0,18.0,43.0,4.0,20.0,22.0,63.0,9.0,12.0,12.0,23.0,35.0,10.0,12.0,8.0,2.0,0.0,14.0,18.0,60.0,20.0
2480208,13,979919,RECOLETAS ZAMORA,HOME,73.3,70.9,72.3,83.5,-11.2,40.0,36.9,23.2,36.1,70.0,53.9,0.6,19.7,200,12000.0,53.0,15.0,38.0,5.0,23.0,20.0,61.0,8.0,12.0,13.0,28.0,41.0,11.0,20.0,8.0,0.0,2.0,18.0,13.0,43.0,-20.0
2480209,14,981208,ALTER ENERSUN AL-QÁZERES EXTREMADURA,AWAY,82.3,82.5,69.2,61.8,7.4,41.1,35.1,24.1,20.9,82.1,50.0,0.5,49.1,200,12000.0,57.0,11.0,35.0,6.0,22.0,17.0,57.0,17.0,28.0,9.0,32.0,41.0,11.0,22.0,10.0,2.0,2.0,14.0,22.0,56.0,30.0
2480209,14,981206,MCR LIMA-HORTA BARCELONA,HOME,82.5,82.4,61.8,69.2,-7.4,37.2,35.4,23.5,17.9,79.1,50.0,0.7,12.3,200,12000.0,51.0,17.0,40.0,4.0,25.0,21.0,65.0,5.0,8.0,7.0,34.0,41.0,14.0,21.0,10.0,2.0,2.0,23.0,14.0,41.0,-30.0
2480210,14,979770,MELILLA CIUDAD DEL DEPORTE LA SALLE,HOME,72.4,72.0,77.4,100.4,-23.0,43.5,37.5,24.6,39.4,80.6,59.4,0.5,33.9,200,12000.0,56.0,15.0,35.0,4.0,21.0,19.0,56.0,14.0,19.0,13.0,25.0,38.0,10.0,21.0,5.0,1.0,1.0,21.0,22.0,48.0,-80.0
2480210,14,979919,RECOLETAS ZAMORA,AWAY,71.7,71.9,100.4,77.4,23.0,55.7,47.3,16.7,19.4,60.6,40.6,1.2,40.0,200,12000.0,72.0,11.0,28.0,10.0,27.0,21.0,55.0,20.0,22.0,6.0,20.0,26.0,15.0,13.0,10.0,1.0,1.0,22.0,21.0,74.0,80.0
2480211,14,981213,AZULMARINO MALLORCA PALMA,AWAY,73.8,75.8,111.1,79.6,31.5,53.4,52.1,17.2,54.3,93.9,73.5,1.2,15.3,200,12000.0,82.0,24.0,48.0,9.0,24.0,33.0,72.0,7.0,11.0,19.0,31.0,50.0,19.0,16.0,8.0,3.0,0.0,21.0,13.0,95.0,100.0
2480211,14,981288,SERNOVA RENOVABLES REAL CANOE,HOME,77.9,75.8,79.6,111.1,-31.5,45.6,41.7,15.0,6.1,45.7,26.5,1.1,30.0,200,12000.0,62.0,16.0,42.0,6.0,18.0,22.0,60.0,12.0,18.0,2.0,16.0,18.0,13.0,12.0,11.0,0.0,3.0,13.0,21.0,56.0,-100.0
2480212,14,981306,CAJASOL BALONCESTO SEVILLA FEMENINO,AWAY,74.8,75.4,64.1,69.7,-5.6,39.4,36.6,32.3,42.9,75.0,60.8,0.4,19.6,200,12000.0,48.0,10.0,32.0,7.0,24.0,17.0,56.0,7.0,11.0,15.0,33.0,48.0,12.0,29.0,6.0,3.0,4.0,29.0,18.0,34.0,-25.0
2480212,14,979988,FUSTECMA NBF CASTELLÓ,HOME,76.1,75.5,69.7,64.1,5.6,35.3,30.3,13.8,25.0,57.1,39.2,1.4,52.5,200,12000.0,53.0,14.0,42.0,3.0,19.0,17.0,61.0,16.0,32.0,11.0,20.0,31.0,17.0,12.0,16.0,4.0,3.0,19.0,28.0,58.0,25.0
2480213,14,979971,OSES CONSTRUCCION,HOME,80.4,80.7,68.4,83.8,-15.4,37.5,35.5,13.0,10.3,68.3,40.0,1.3,14.5,200,12000.0,55.0,20.0,43.0,3.0,26.0,23.0,69.0,6.0,10.0,4.0,28.0,32.0,14.0,11.0,11.0,2.0,0.0,17.0,15.0,51.0,-65.0
2480213,14,981334,UNICAJA MIJAS,AWAY,81.2,80.8,83.8,68.4,15.4,44.1,42.3,18.1,31.7,89.7,60.0,1.1,19.7,200,12000.0,68.0,21.0,42.0,6.0,29.0,27.0,71.0,8.0,14.0,13.0,35.0,48.0,18.0,17.0,7.0,0.0,2.0,15.0,17.0,76.0,65.0
2480214,14,981356,BOSONIT UNIBASKET,AWAY,74.8,75.5,81.5,101.0,-19.5,54.6,52.9,28.3,13.6,66.7,45.5,0.9,21.6,200,12000.0,61.0,9.0,24.0,12.0,27.0,21.0,51.0,7.0,11.0,3.0,22.0,25.0,19.0,22.0,10.0,1.0,1.0,23.0,14.0,51.0,-80.0
2480214,14,981492,CELTA  FEMXA ZORKA,HOME,76.2,75.4,101.0,81.5,19.5,54.1,50.9,18.3,33.3,86.4,54.5,1.4,51.7,200,12000.0,77.0,22.0,41.0,5.0,17.0,27.0,58.0,18.0,30.0,11.0,19.0,30.0,22.0,16.0,13.0,1.0,1.0,14.0,22.0,92.0,80.0
2480215,14,981242,C.B. SANTFELIUENC,AWAY,76.4,77.7,68.1,97.4,-29.3,34.0,32.6,12.6,22.0,80.6,44.4,0.8,13.9,200,12000.0,52.0,16.0,56.0,5.0,16.0,21.0,72.0,5.0,10.0,11.0,25.0,36.0,9.0,11.0,10.0,1.0,2.0,17.0,11.0,35.0,-125.0
2480215,14,979952,LA LAGUNA TOYOTA  ADAREVA,HOME,79.0,77.8,97.4,68.1,29.3,56.6,50.8,20.0,19.4,78.0,55.6,1.1,26.2,200,12000.0,77.0,22.0,43.0,6.0,18.0,28.0,61.0,15.0,16.0,6.0,39.0,45.0,19.0,17.0,4.0,2.0,1.0,11.0,17.0,102.0,125.0
2480216,14,979912,DOMUSA TEKNIK ISB,AWAY,80.7,82.1,111.5,85.3,26.2,59.4,52.5,12.7,21.4,64.3,47.1,1.5,64.4,200,12000.0,90.0,22.0,39.0,6.0,20.0,28.0,59.0,28.0,38.0,6.0,27.0,33.0,16.0,11.0,17.0,3.0,1.0,15.0,25.0,117.0,95.0
2480216,14,981346,LA CORDÁ DE PATERNA NB,HOME,83.2,81.9,85.3,111.5,-26.2,47.2,40.2,23.4,35.7,78.6,52.9,0.6,31.8,200,12000.0,71.0,10.0,31.0,11.0,35.0,21.0,66.0,18.0,21.0,15.0,22.0,37.0,14.0,23.0,6.0,1.0,3.0,26.0,13.0,45.0,-95.0
2480217,15,979912,DOMUSA TEKNIK ISB,HOME,81.5,79.6,85.9,72.1,13.8,50.3,47.7,19.6,13.5,62.5,36.2,1.0,12.1,200,12000.0,70.0,21.0,43.0,7.0,23.0,28.0,66.0,7.0,8.0,5.0,20.0,25.0,17.0,17.0,11.0,4.0,2.0,18.0,16.0,69.0,70.0
2480217,15,981206,MCR LIMA-HORTA BARCELONA,AWAY,77.7,79.7,72.1,85.9,-13.8,40.2,36.7,22.3,37.5,86.5,63.8,0.3,20.3,200,12000.0,56.0,19.0,40.0,3.0,24.0,22.0,64.0,9.0,13.0,12.0,32.0,44.0,6.0,20.0,9.0,2.0,4.0,16.0,18.0,53.0,-70.0
2480218,15,981242,C.B. SANTFELIUENC,HOME,77.3,76.5,81.5,96.6,-15.1,40.7,33.1,15.3,31.8,80.6,53.8,0.9,43.1,200,12000.0,63.0,14.0,42.0,5.0,23.0,19.0,65.0,20.0,28.0,14.0,29.0,43.0,12.0,14.0,8.0,2.0,1.0,16.0,24.0,68.0,-50.0
2480218,15,981346,LA CORDÁ DE PATERNA NB,AWAY,75.6,76.5,96.6,81.5,15.1,53.2,52.4,16.9,19.4,68.2,46.2,1.2,24.2,200,12000.0,73.0,16.0,34.0,11.0,28.0,27.0,62.0,8.0,15.0,7.0,30.0,37.0,17.0,14.0,5.0,1.0,2.0,24.0,16.0,69.0,50.0
2480219,15,981356,BOSONIT UNIBASKET,HOME,74.9,74.1,86.8,79.1,7.7,44.0,37.9,15.0,33.3,82.4,57.1,1.1,43.5,200,12000.0,65.0,13.0,36.0,7.0,26.0,20.0,62.0,18.0,27.0,12.0,28.0,40.0,14.0,13.0,11.0,0.0,0.0,21.0,24.0,69.0,35.0
2480219,15,979952,LA LAGUNA TOYOTA  ADAREVA,AWAY,73.4,74.1,79.1,86.8,-7.7,47.3,39.6,22.7,17.6,66.7,42.9,0.9,35.8,200,12000.0,58.0,9.0,22.0,8.0,31.0,17.0,53.0,16.0,19.0,6.0,24.0,30.0,16.0,18.0,7.0,0.0,0.0,24.0,21.0,51.0,-35.0
2480220,15,981492,CELTA  FEMXA ZORKA,AWAY,68.0,70.8,107.4,90.9,16.5,57.9,54.8,19.2,32.3,64.9,50.0,0.9,48.1,200,12000.0,73.0,21.0,40.0,5.0,12.0,26.0,52.0,16.0,25.0,10.0,24.0,34.0,13.0,15.0,8.0,2.0,2.0,18.0,17.0,79.0,30.0
2480220,15,981334,UNICAJA MIJAS,HOME,73.7,70.8,90.9,107.4,-16.5,46.1,42.9,16.2,35.1,67.7,50.0,0.8,34.9,200,12000.0,67.0,12.0,30.0,10.0,33.0,22.0,63.0,13.0,22.0,13.0,21.0,34.0,11.0,14.0,7.0,2.0,2.0,17.0,18.0,58.0,-30.0
2480221,15,981306,CAJASOL BALONCESTO SEVILLA FEMENINO,HOME,73.9,74.7,96.0,106.2,-10.2,50.1,47.6,15.5,30.3,76.3,54.9,1.5,28.6,200,12000.0,71.0,18.0,36.0,8.0,27.0,26.0,63.0,11.0,18.0,10.0,29.0,39.0,19.0,13.0,9.0,1.0,0.0,24.0,18.0,76.0,-45.0
2480221,15,979971,OSES CONSTRUCCION,AWAY,75.3,74.7,106.2,96.0,10.2,56.9,56.9,16.6,23.7,69.7,45.1,1.0,48.3,200,12000.0,80.0,12.0,28.0,14.0,30.0,26.0,58.0,14.0,28.0,9.0,23.0,32.0,14.0,14.0,10.0,0.0,1.0,18.0,23.0,81.0,45.0
2480222,15,981213,AZULMARINO MALLORCA PALMA,HOME,78.7,78.8,99.1,68.4,30.7,52.2,50.0,15.8,30.3,72.5,53.4,1.9,18.8,200,12000.0,78.0,24.0,47.0,7.0,22.0,31.0,69.0,9.0,13.0,10.0,29.0,39.0,26.0,14.0,9.0,3.0,0.0,18.0,16.0,97.0,120.0
2480222,15,979988,FUSTECMA NBF CASTELLÓ,AWAY,78.9,78.9,68.4,99.1,-30.7,38.1,35.7,21.1,27.5,69.7,46.6,0.6,28.6,200,12000.0,54.0,18.0,46.0,3.0,17.0,21.0,63.0,9.0,18.0,11.0,23.0,34.0,12.0,19.0,10.0,0.0,3.0,18.0,17.0,39.0,-120.0
2480223,15,979919,RECOLETAS ZAMORA,HOME,68.2,68.9,93.9,88.8,5.1,49.1,44.9,14.4,28.6,75.0,51.8,0.9,23.7,200,12000.0,64.0,19.0,36.0,5.0,23.0,24.0,59.0,11.0,14.0,8.0,21.0,29.0,10.0,11.0,9.0,2.0,2.0,19.0,14.0,60.0,10.0
2480223,15,981288,SERNOVA RENOVABLES REAL CANOE,AWAY,69.8,69.0,88.8,93.9,-5.1,50.2,46.2,19.5,25.0,71.4,48.2,0.4,37.7,200,12000.0,62.0,17.0,38.0,5.0,15.0,22.0,53.0,13.0,20.0,7.0,20.0,27.0,6.0,15.0,7.0,2.0,2.0,14.0,19.0,56.0,-10.0
2480224,15,981208,ALTER ENERSUN AL-QÁZERES EXTREMADURA,HOME,77.1,76.1,73.9,91.9,-18.0,40.1,28.1,14.4,14.6,81.6,46.8,0.6,56.1,200,12000.0,57.0,10.0,35.0,4.0,22.0,14.0,57.0,25.0,32.0,6.0,31.0,37.0,7.0,12.0,6.0,1.0,1.0,19.0,25.0,52.0,-60.0
2480224,15,979770,MELILLA CIUDAD DEL DEPORTE LA SALLE,AWAY,75.1,76.1,91.9,73.9,18.0,49.2,42.5,14.6,18.4,85.4,53.2,1.2,38.3,200,12000.0,69.0,15.0,40.0,7.0,20.0,22.0,60.0,18.0,23.0,7.0,35.0,42.0,14.0,12.0,7.0,1.0,1.0,25.0,19.0,72.0,60.0
2480225,16,981206,MCR LIMA-HORTA BARCELONA,AWAY,89.7,81.1,83.6,81.8,1.8,47.7,42.8,19.5,21.6,71.1,46.7,1.0,31.9,225,13500.0,75.0,16.0,41.0,9.0,28.0,25.0,69.0,16.0,22.0,8.0,27.0,35.0,19.0,19.0,14.0,1.0,1.0,23.0,23.0,75.0,-5.0
2480225,16,979770,MELILLA CIUDAD DEL DEPORTE LA SALLE,HOME,92.9,81.2,81.8,83.6,-1.8,50.7,45.5,27.9,28.9,78.4,53.3,0.6,26.9,225,13500.0,76.0,14.0,33.0,11.0,34.0,25.0,67.0,15.0,18.0,11.0,29.0,40.0,17.0,29.0,11.0,1.0,1.0,23.0,23.0,71.0,5.0
2480226,16,981208,ALTER ENERSUN AL-QÁZERES EXTREMADURA,HOME,72.2,70.9,101.1,99.3,1.8,56.9,55.6,15.7,14.8,88.9,51.9,1.4,8.1,200,12000.0,73.0,15.0,36.0,13.0,26.0,28.0,62.0,4.0,5.0,4.0,24.0,28.0,17.0,12.0,6.0,0.0,1.0,12.0,9.0,74.0,20.0
2480226,16,981288,SERNOVA RENOVABLES REAL CANOE,AWAY,69.5,70.9,99.3,101.1,-1.8,57.0,52.8,16.6,11.1,85.2,48.1,0.7,32.1,200,12000.0,69.0,22.0,40.0,4.0,13.0,26.0,53.0,13.0,17.0,3.0,23.0,26.0,8.0,12.0,9.0,1.0,0.0,10.0,12.0,72.0,-20.0
2480227,16,979988,FUSTECMA NBF CASTELLÓ,AWAY,79.8,77.5,85.2,94.2,-9.0,44.9,42.5,18.3,33.3,60.7,44.8,0.5,29.9,200,12000.0,68.0,21.0,49.0,5.0,18.0,26.0,67.0,11.0,20.0,13.0,17.0,30.0,9.0,17.0,13.0,0.0,0.0,19.0,19.0,53.0,-15.0
2480227,16,979919,RECOLETAS ZAMORA,HOME,75.4,77.5,94.2,85.2,9.0,56.9,50.9,27.8,39.3,66.7,55.2,0.6,35.2,200,12000.0,71.0,17.0,33.0,7.0,21.0,24.0,54.0,16.0,19.0,11.0,26.0,37.0,15.0,24.0,11.0,0.0,0.0,19.0,19.0,77.0,15.0
2480228,16,981213,AZULMARINO MALLORCA PALMA,HOME,75.6,77.2,131.0,68.5,62.5,66.4,64.0,18.6,55.2,85.3,71.4,1.1,22.1,200,12000.0,99.0,27.0,43.0,11.0,25.0,38.0,68.0,12.0,15.0,16.0,29.0,45.0,19.0,17.0,11.0,1.0,0.0,19.0,19.0,125.0,225.0
2480228,16,979971,OSES CONSTRUCCION,AWAY,78.8,77.2,68.5,131.0,-62.5,39.2,35.2,17.9,14.7,44.8,28.6,0.5,17.2,200,12000.0,54.0,18.0,40.0,3.0,24.0,21.0,64.0,9.0,11.0,5.0,13.0,18.0,8.0,15.0,8.0,0.0,1.0,19.0,19.0,28.0,-225.0
2480229,16,981306,CAJASOL BALONCESTO SEVILLA FEMENINO,HOME,70.7,72.4,91.9,99.8,-7.9,52.7,50.0,23.5,33.3,90.0,61.7,0.9,23.2,200,12000.0,65.0,13.0,29.0,10.0,27.0,23.0,56.0,9.0,13.0,10.0,27.0,37.0,17.0,19.0,4.0,0.0,1.0,21.0,16.0,62.0,-45.0
2480229,16,981492,CELTA  FEMXA ZORKA,AWAY,74.1,72.4,99.8,91.9,7.9,55.1,50.0,13.0,10.0,66.7,38.3,1.5,40.4,200,12000.0,74.0,15.0,37.0,9.0,20.0,24.0,57.0,17.0,23.0,3.0,20.0,23.0,15.0,10.0,13.0,1.0,0.0,16.0,21.0,82.0,45.0
2480230,16,979952,LA LAGUNA TOYOTA  ADAREVA,AWAY,72.4,71.9,67.7,108.9,-41.2,40.6,38.4,20.9,12.1,61.3,35.9,0.8,17.9,200,12000.0,49.0,14.0,35.0,5.0,21.0,19.0,56.0,6.0,10.0,4.0,19.0,23.0,12.0,16.0,5.0,1.0,2.0,17.0,18.0,34.0,-145.0
2480230,16,981334,UNICAJA MIJAS,HOME,71.6,72.0,108.9,67.7,41.2,55.2,50.8,15.6,38.7,87.9,64.1,1.5,23.4,200,12000.0,78.0,19.0,35.0,9.0,29.0,28.0,64.0,13.0,15.0,12.0,29.0,41.0,19.0,13.0,8.0,2.0,1.0,18.0,17.0,96.0,145.0
2480231,16,981356,BOSONIT UNIBASKET,HOME,69.9,71.4,93.0,76.9,16.1,47.2,45.1,19.8,42.1,58.5,51.6,1.2,29.5,200,12000.0,65.0,11.0,29.0,11.0,32.0,22.0,61.0,10.0,18.0,16.0,31.0,47.0,21.0,17.0,8.0,0.0,0.0,18.0,21.0,80.0,45.0
2480231,16,981346,LA CORDÁ DE PATERNA NB,AWAY,72.8,71.4,76.9,93.0,-16.1,36.4,34.7,19.0,41.5,57.9,48.4,0.8,15.3,200,12000.0,56.0,10.0,31.0,10.0,41.0,20.0,72.0,6.0,11.0,22.0,22.0,44.0,14.0,18.0,8.0,0.0,0.0,21.0,18.0,44.0,-45.0
2480232,16,981242,C.B. SANTFELIUENC,HOME,73.9,76.2,73.1,73.9,-0.8,38.1,32.5,15.5,27.0,73.7,50.7,0.8,28.6,200,12000.0,54.0,16.0,43.0,3.0,20.0,19.0,63.0,13.0,18.0,10.0,28.0,38.0,11.0,13.0,13.0,2.0,1.0,21.0,20.0,55.0,-20.0
2480232,16,979912,DOMUSA TEKNIK ISB,AWAY,78.5,76.2,73.9,73.1,0.8,41.7,35.5,21.5,26.3,73.0,49.3,0.6,27.4,200,12000.0,58.0,16.0,42.0,4.0,20.0,20.0,62.0,14.0,17.0,10.0,27.0,37.0,11.0,19.0,8.0,1.0,2.0,20.0,20.0,51.0,20.0
2480233,17,981242,C.B. SANTFELIUENC,AWAY,73.4,75.2,62.7,75.2,-12.5,40.8,38.5,28.1,17.9,62.2,45.2,0.5,19.2,200,12000.0,46.0,11.0,35.0,6.0,17.0,17.0,52.0,6.0,10.0,5.0,28.0,33.0,12.0,22.0,8.0,3.0,3.0,18.0,14.0,37.0,-60.0
2480233,17,981206,MCR LIMA-HORTA BARCELONA,HOME,77.2,75.3,75.2,62.7,12.5,36.6,34.2,15.9,37.8,82.1,54.8,0.7,19.2,200,12000.0,58.0,22.0,57.0,2.0,16.0,24.0,73.0,8.0,14.0,17.0,23.0,40.0,10.0,15.0,12.0,3.0,3.0,14.0,18.0,57.0,60.0
2480234,17,981356,BOSONIT UNIBASKET,AWAY,73.9,75.0,79.8,72.4,7.4,50.9,49.0,27.5,20.0,73.7,50.0,0.5,36.0,200,12000.0,59.0,11.0,22.0,9.0,28.0,20.0,50.0,10.0,18.0,6.0,28.0,34.0,10.0,22.0,11.0,3.0,3.0,20.0,19.0,56.0,20.0
2480234,17,979912,DOMUSA TEKNIK ISB,HOME,76.0,75.0,72.4,79.8,-7.4,39.3,31.4,18.6,26.3,80.0,50.0,0.7,42.4,200,12000.0,55.0,14.0,40.0,3.0,19.0,17.0,59.0,18.0,25.0,10.0,24.0,34.0,11.0,16.0,9.0,3.0,3.0,20.0,20.0,47.0,-20.0
2480235,17,981346,LA CORDÁ DE PATERNA NB,HOME,72.4,72.9,80.1,89.9,-9.8,38.0,36.8,12.6,32.6,73.7,51.2,1.4,13.9,200,12000.0,58.0,16.0,42.0,7.0,30.0,23.0,72.0,5.0,10.0,15.0,28.0,43.0,15.0,11.0,5.0,3.0,5.0,13.0,18.0,64.0,-40.0
2480235,17,981334,UNICAJA MIJAS,AWAY,73.4,72.9,89.9,80.1,9.8,46.2,45.5,14.4,26.3,67.4,48.8,1.8,14.9,200,12000.0,66.0,17.0,34.0,9.0,33.0,26.0,67.0,5.0,10.0,10.0,31.0,41.0,22.0,12.0,6.0,5.0,3.0,18.0,13.0,77.0,40.0
2480236,17,981306,CAJASOL BALONCESTO SEVILLA FEMENINO,AWAY,72.0,69.0,80.6,104.5,-23.9,44.0,39.5,16.5,20.6,63.0,39.3,0.9,14.5,200,12000.0,58.0,11.0,41.0,9.0,21.0,20.0,62.0,9.0,9.0,7.0,17.0,24.0,12.0,13.0,9.0,0.0,3.0,18.0,15.0,45.0,-55.0
2480236,17,979952,LA LAGUNA TOYOTA  ADAREVA,HOME,66.0,69.0,104.5,80.6,23.9,54.7,53.6,17.1,37.0,79.4,60.7,1.2,28.6,200,12000.0,69.0,21.0,37.0,6.0,19.0,27.0,56.0,9.0,16.0,10.0,27.0,37.0,15.0,13.0,8.0,3.0,0.0,15.0,18.0,86.0,55.0
2480237,17,981213,AZULMARINO MALLORCA PALMA,AWAY,82.3,81.6,89.9,95.2,-5.3,49.8,42.7,21.2,32.4,73.0,52.7,0.3,45.2,200,12000.0,74.0,16.0,39.0,7.0,23.0,23.0,62.0,21.0,28.0,12.0,27.0,39.0,7.0,20.0,6.0,3.0,4.0,31.0,26.0,58.0,-15.0
2480237,17,981492,CELTA  FEMXA ZORKA,HOME,80.8,81.6,95.2,89.9,5.3,48.2,45.3,12.1,27.0,67.6,47.3,1.4,56.2,200,12000.0,77.0,23.0,46.0,4.0,18.0,27.0,64.0,19.0,36.0,10.0,25.0,35.0,15.0,11.0,13.0,4.0,3.0,26.0,30.0,83.0,15.0
2480238,17,979971,OSES CONSTRUCCION,HOME,74.5,74.3,92.6,82.3,10.3,57.0,56.1,22.9,16.0,59.4,40.4,0.9,14.0,200,12000.0,69.0,23.0,34.0,6.0,23.0,29.0,57.0,5.0,8.0,4.0,19.0,23.0,17.0,18.0,10.0,1.0,0.0,20.0,12.0,63.0,40.0
2480238,17,979919,RECOLETAS ZAMORA,AWAY,74.2,74.3,82.3,92.6,-10.3,45.4,42.6,22.9,40.6,84.0,59.6,0.6,23.0,200,12000.0,61.0,23.0,44.0,2.0,17.0,25.0,61.0,9.0,14.0,13.0,21.0,34.0,11.0,20.0,10.0,0.0,1.0,12.0,20.0,63.0,-40.0
2480239,17,981208,ALTER ENERSUN AL-QÁZERES EXTREMADURA,AWAY,66.8,67.4,98.8,102.9,-4.1,48.0,42.5,13.8,36.1,54.5,44.9,1.4,33.3,200,12000.0,66.0,12.0,34.0,9.0,26.0,21.0,60.0,15.0,20.0,13.0,18.0,31.0,15.0,11.0,7.0,3.0,3.0,18.0,21.0,70.0,-20.0
2480239,17,979988,FUSTECMA NBF CASTELLÓ,HOME,68.0,67.5,102.9,98.8,4.1,51.4,48.4,18.1,45.5,63.9,55.1,1.0,26.2,200,12000.0,70.0,19.0,46.0,7.0,15.0,26.0,61.0,11.0,16.0,15.0,23.0,38.0,15.0,15.0,7.0,3.0,3.0,21.0,18.0,75.0,20.0
2480240,17,979770,MELILLA CIUDAD DEL DEPORTE LA SALLE,AWAY,66.8,67.2,76.3,66.7,9.6,37.0,33.6,12.7,31.6,68.6,49.3,0.8,17.2,200,12000.0,51.0,17.0,45.0,3.0,19.0,20.0,64.0,8.0,11.0,12.0,24.0,36.0,8.0,10.0,13.0,0.0,2.0,18.0,13.0,46.0,30.0
2480240,17,981288,SERNOVA RENOVABLES REAL CANOE,HOME,67.5,67.1,66.7,76.3,-9.6,36.6,31.5,21.7,31.4,68.4,50.7,0.4,31.5,200,12000.0,45.0,11.0,34.0,4.0,20.0,15.0,54.0,11.0,17.0,11.0,26.0,37.0,6.0,17.0,8.0,2.0,0.0,13.0,18.0,41.0,-30.0
2480241,18,981206,MCR LIMA-HORTA BARCELONA,AWAY,75.0,74.1,88.0,57.5,30.5,43.4,37.7,17.4,43.6,76.7,61.0,0.4,38.5,200,12000.0,66.0,17.0,40.0,5.0,25.0,22.0,65.0,17.0,25.0,17.0,33.0,50.0,7.0,16.0,7.0,0.0,1.0,15.0,21.0,69.0,120.0
2480241,18,981288,SERNOVA RENOVABLES REAL CANOE,HOME,73.0,74.1,57.5,88.0,-30.5,30.4,25.0,16.9,23.3,56.4,39.0,0.4,25.8,200,12000.0,42.0,14.0,50.0,1.0,12.0,15.0,62.0,11.0,16.0,10.0,22.0,32.0,5.0,14.0,12.0,1.0,0.0,21.0,15.0,20.0,-120.0
2480242,18,979988,FUSTECMA NBF CASTELLÓ,AWAY,79.6,79.6,60.3,64.0,-3.7,35.5,29.8,22.8,20.0,73.7,46.2,0.5,42.1,200,12000.0,48.0,14.0,41.0,2.0,16.0,16.0,57.0,14.0,24.0,8.0,28.0,36.0,9.0,20.0,9.0,2.0,0.0,22.0,25.0,36.0,-15.0
2480242,18,979770,MELILLA CIUDAD DEL DEPORTE LA SALLE,HOME,79.7,79.6,64.0,60.3,3.7,36.1,29.5,21.2,26.3,80.0,53.8,0.7,36.1,200,12000.0,51.0,15.0,36.0,2.0,25.0,17.0,61.0,15.0,22.0,10.0,32.0,42.0,13.0,19.0,11.0,0.0,2.0,25.0,22.0,44.0,15.0
2480243,18,981208,ALTER ENERSUN AL-QÁZERES EXTREMADURA,HOME,77.0,76.8,91.0,100.5,-9.5,47.3,36.4,16.9,33.3,77.4,53.7,0.6,57.6,200,12000.0,70.0,14.0,43.0,5.0,16.0,19.0,59.0,27.0,34.0,12.0,24.0,36.0,9.0,15.0,13.0,0.0,0.0,28.0,25.0,63.0,-35.0
2480243,18,979971,OSES CONSTRUCCION,AWAY,76.6,76.8,100.5,91.0,9.5,56.9,50.0,19.1,22.6,66.7,46.3,0.6,57.4,200,12000.0,77.0,15.0,30.0,8.0,24.0,23.0,54.0,23.0,31.0,7.0,24.0,31.0,9.0,16.0,8.0,0.0,0.0,26.0,28.0,72.0,35.0
2480244,18,981492,CELTA  FEMXA ZORKA,AWAY,73.2,73.4,105.2,69.3,35.9,57.3,56.6,16.2,28.0,66.7,50.8,1.2,23.0,200,12000.0,77.0,27.0,39.0,5.0,22.0,32.0,61.0,8.0,14.0,7.0,24.0,31.0,15.0,13.0,13.0,1.0,0.0,21.0,18.0,86.0,130.0
2480244,18,979919,RECOLETAS ZAMORA,HOME,73.6,73.3,69.3,105.2,-35.9,37.7,29.8,21.0,33.3,72.0,49.2,0.2,42.1,200,12000.0,51.0,14.0,38.0,2.0,19.0,16.0,57.0,17.0,24.0,12.0,18.0,30.0,4.0,18.0,11.0,0.0,1.0,18.0,21.0,33.0,-130.0
2480245,18,981213,AZULMARINO MALLORCA PALMA,HOME,76.4,75.4,125.6,76.6,49.0,64.5,60.3,14.9,42.3,77.8,60.4,1.8,41.3,200,12000.0,96.0,23.0,32.0,10.0,31.0,33.0,63.0,20.0,26.0,11.0,21.0,32.0,24.0,13.0,15.0,1.0,1.0,20.0,19.0,118.0,195.0
2480245,18,979952,LA LAGUNA TOYOTA  ADAREVA,AWAY,74.4,75.4,76.6,125.6,-49.0,51.4,48.0,31.1,22.2,57.7,39.6,0.4,19.6,200,12000.0,57.0,8.0,27.0,11.0,24.0,19.0,51.0,8.0,10.0,6.0,15.0,21.0,10.0,25.0,7.0,1.0,1.0,19.0,20.0,38.0,-195.0
2480246,18,981306,CAJASOL BALONCESTO SEVILLA FEMENINO,HOME,66.3,66.2,96.5,112.1,-15.6,48.3,46.3,13.1,28.6,56.2,41.8,1.8,51.9,200,12000.0,64.0,13.0,31.0,8.0,23.0,21.0,54.0,14.0,28.0,10.0,18.0,28.0,18.0,10.0,8.0,2.0,0.0,22.0,23.0,64.0,-50.0
2480246,18,981346,LA CORDÁ DE PATERNA NB,AWAY,66.0,66.2,112.1,96.5,15.6,52.1,45.8,11.2,43.8,71.4,58.2,1.6,41.7,200,12000.0,74.0,20.0,37.0,5.0,23.0,25.0,60.0,19.0,25.0,14.0,25.0,39.0,14.0,9.0,7.0,0.0,2.0,24.0,21.0,81.0,50.0
2480247,18,979912,DOMUSA TEKNIK ISB,AWAY,72.3,70.7,91.3,120.4,-29.1,48.3,46.0,19.0,33.3,82.1,54.7,0.9,19.0,200,12000.0,66.0,20.0,41.0,6.0,22.0,26.0,63.0,8.0,12.0,12.0,23.0,35.0,15.0,16.0,5.0,0.0,0.0,16.0,18.0,66.0,-85.0
2480247,18,981334,UNICAJA MIJAS,HOME,68.9,70.6,120.4,91.3,29.1,64.9,64.3,13.5,17.9,66.7,45.3,2.6,32.1,200,12000.0,83.0,18.0,25.0,12.0,31.0,30.0,56.0,11.0,18.0,5.0,24.0,29.0,26.0,10.0,10.0,0.0,0.0,18.0,16.0,103.0,85.0
2480248,18,981356,BOSONIT UNIBASKET,HOME,73.5,73.9,99.3,55.1,44.2,49.0,44.0,12.9,28.6,84.4,52.7,1.3,25.4,200,12000.0,73.0,19.0,44.0,7.0,23.0,26.0,67.0,14.0,17.0,12.0,27.0,39.0,14.0,11.0,12.0,1.0,2.0,14.0,17.0,87.0,160.0
2480248,18,981242,C.B. SANTFELIUENC,AWAY,74.4,73.9,55.1,99.3,-44.2,33.9,31.2,23.9,15.6,71.4,47.3,0.3,17.9,200,12000.0,41.0,7.0,32.0,7.0,24.0,14.0,56.0,6.0,10.0,5.0,30.0,35.0,5.0,19.0,9.0,2.0,1.0,17.0,14.0,24.0,-160.0
2480249,19,981356,BOSONIT UNIBASKET,AWAY,80.7,80.4,66.9,72.4,-5.5,37.7,33.1,22.7,31.6,84.8,56.3,0.5,35.5,200,12000.0,54.0,13.0,38.0,5.0,24.0,18.0,62.0,13.0,22.0,12.0,28.0,40.0,11.0,21.0,12.0,2.0,1.0,18.0,22.0,49.0,-20.0
2480249,19,981206,MCR LIMA-HORTA BARCELONA,HOME,80.2,80.4,72.4,66.9,5.5,45.2,42.2,24.7,15.2,68.4,43.7,0.4,24.1,200,12000.0,58.0,14.0,29.0,7.0,29.0,21.0,58.0,9.0,14.0,5.0,26.0,31.0,9.0,21.0,8.0,1.0,2.0,22.0,18.0,40.0,20.0
2480250,19,981242,C.B. SANTFELIUENC,HOME,81.0,82.9,69.1,106.2,-37.1,37.3,33.8,20.2,33.3,74.3,52.7,0.6,23.5,200,12000.0,56.0,17.0,42.0,4.0,26.0,21.0,68.0,10.0,16.0,13.0,26.0,39.0,11.0,19.0,12.0,3.0,2.0,20.0,17.0,46.0,-170.0
2480250,19,981334,UNICAJA MIJAS,AWAY,84.8,82.9,106.2,69.1,37.1,56.4,50.0,14.9,25.7,66.7,47.3,1.8,43.3,200,12000.0,90.0,23.0,50.0,7.0,17.0,30.0,67.0,23.0,29.0,9.0,26.0,35.0,25.0,14.0,14.0,2.0,3.0,17.0,20.0,112.0,170.0
2480251,19,981306,CAJASOL BALONCESTO SEVILLA FEMENINO,AWAY,74.0,76.3,90.5,78.8,11.7,54.9,50.0,24.7,28.0,83.9,58.9,0.7,50.0,200,12000.0,67.0,16.0,30.0,6.0,20.0,22.0,50.0,17.0,25.0,7.0,26.0,33.0,13.0,20.0,7.0,0.0,2.0,23.0,24.0,65.0,25.0
2480251,19,979912,DOMUSA TEKNIK ISB,HOME,78.7,76.4,78.8,90.5,-11.7,47.2,42.9,21.5,16.1,72.0,41.1,0.4,39.3,200,12000.0,62.0,18.0,38.0,4.0,18.0,22.0,56.0,14.0,22.0,5.0,18.0,23.0,7.0,18.0,11.0,2.0,0.0,24.0,23.0,44.0,-25.0
2480252,19,981213,AZULMARINO MALLORCA PALMA,AWAY,81.8,81.0,122.3,77.3,45.0,57.6,54.1,9.4,35.9,75.7,55.3,3.2,39.2,200,12000.0,100.0,22.0,45.0,12.0,29.0,34.0,74.0,20.0,29.0,14.0,28.0,42.0,29.0,9.0,16.0,3.0,2.0,17.0,25.0,140.0,190.0
2480252,19,981346,LA CORDÁ DE PATERNA NB,HOME,80.2,81.0,77.3,122.3,-45.0,44.8,42.1,22.4,24.3,64.1,44.7,0.8,22.2,200,12000.0,62.0,16.0,37.0,7.0,26.0,23.0,63.0,9.0,14.0,9.0,25.0,34.0,15.0,20.0,7.0,2.0,3.0,25.0,17.0,47.0,-190.0
2480253,19,979952,LA LAGUNA TOYOTA  ADAREVA,HOME,66.2,69.4,96.7,72.9,23.8,58.0,53.1,23.6,23.1,76.2,55.9,0.8,28.6,200,12000.0,64.0,11.0,30.0,10.0,19.0,21.0,49.0,12.0,14.0,6.0,32.0,38.0,14.0,17.0,7.0,0.0,1.0,20.0,17.0,73.0,55.0
2480253,19,979919,RECOLETAS ZAMORA,AWAY,72.7,69.4,72.9,96.7,-23.8,37.5,34.6,14.5,23.8,76.9,44.1,0.4,20.0,200,12000.0,53.0,18.0,44.0,3.0,21.0,21.0,65.0,8.0,13.0,10.0,20.0,30.0,5.0,12.0,8.0,1.0,0.0,17.0,18.0,37.0,-55.0
2480254,19,981208,ALTER ENERSUN AL-QÁZERES EXTREMADURA,AWAY,74.2,74.3,67.3,88.7,-21.4,36.1,27.5,18.8,25.6,93.3,53.4,0.3,35.0,200,12000.0,50.0,9.0,42.0,5.0,18.0,14.0,60.0,17.0,21.0,11.0,28.0,39.0,5.0,16.0,7.0,2.0,2.0,24.0,22.0,35.0,-80.0
2480254,19,981492,CELTA  FEMXA ZORKA,HOME,74.4,74.3,88.7,67.3,21.4,52.9,50.0,18.3,6.7,74.4,46.6,1.4,51.0,200,12000.0,66.0,15.0,35.0,7.0,16.0,22.0,51.0,15.0,26.0,2.0,32.0,34.0,19.0,14.0,10.0,2.0,2.0,22.0,24.0,79.0,80.0
2480255,19,979770,MELILLA CIUDAD DEL DEPORTE LA SALLE,AWAY,68.4,69.3,105.3,97.0,8.3,54.2,54.3,13.1,24.2,74.1,46.7,1.2,32.8,200,12000.0,72.0,21.0,41.0,7.0,17.0,28.0,58.0,9.0,19.0,8.0,20.0,28.0,12.0,10.0,11.0,0.0,1.0,17.0,21.0,77.0,20.0
2480255,19,979971,OSES CONSTRUCCION,HOME,70.1,69.2,97.0,105.3,-8.3,55.7,53.4,20.8,25.9,75.8,53.3,0.9,12.1,200,12000.0,68.0,13.0,27.0,12.0,31.0,25.0,58.0,6.0,7.0,7.0,25.0,32.0,15.0,16.0,4.0,1.0,0.0,22.0,17.0,65.0,-20.0
2480256,19,979988,FUSTECMA NBF CASTELLÓ,HOME,69.8,70.6,70.2,65.9,4.3,37.2,34.4,23.3,44.4,70.6,57.1,0.5,18.0,200,12000.0,49.0,18.0,44.0,2.0,17.0,20.0,61.0,7.0,11.0,16.0,24.0,40.0,9.0,20.0,11.0,1.0,2.0,16.0,17.0,46.0,10.0
2480256,19,981288,SERNOVA RENOVABLES REAL CANOE,AWAY,71.3,70.6,65.9,70.2,-4.3,36.0,33.3,19.7,29.4,55.6,42.9,0.8,20.0,200,12000.0,47.0,17.0,44.0,2.0,16.0,19.0,60.0,7.0,12.0,10.0,20.0,30.0,13.0,16.0,13.0,2.0,1.0,17.0,16.0,42.0,-10.0
2480257,20,979988,FUSTECMA NBF CASTELLÓ,HOME,75.8,75.9,79.2,84.3,-5.1,43.6,41.7,18.9,22.5,87.9,52.1,0.9,33.3,200,12000.0,60.0,13.0,39.0,8.0,21.0,21.0,60.0,10.0,20.0,9.0,29.0,38.0,15.0,16.0,8.0,1.0,2.0,22.0,17.0,52.0,-20.0
2480257,20,981206,MCR LIMA-HORTA BARCELONA,AWAY,75.9,75.8,84.3,79.2,5.1,49.3,45.6,18.8,12.1,77.5,47.9,0.8,31.6,200,12000.0,64.0,17.0,34.0,6.0,23.0,23.0,57.0,12.0,18.0,4.0,31.0,35.0,12.0,15.0,8.0,2.0,1.0,17.0,22.0,71.0,20.0
2480258,20,979971,OSES CONSTRUCCION,AWAY,75.6,75.2,105.8,95.0,10.8,53.6,52.8,12.8,27.8,73.7,51.4,2.0,8.3,200,12000.0,80.0,23.0,41.0,10.0,31.0,33.0,72.0,4.0,6.0,10.0,28.0,38.0,22.0,11.0,6.0,4.0,2.0,13.0,15.0,100.0,45.0
2480258,20,981288,SERNOVA RENOVABLES REAL CANOE,HOME,74.7,75.1,95.0,105.8,-10.8,46.3,43.0,9.4,26.3,72.2,48.6,1.9,18.3,200,12000.0,71.0,23.0,54.0,5.0,17.0,28.0,71.0,10.0,13.0,10.0,26.0,36.0,15.0,8.0,9.0,2.0,4.0,15.0,13.0,77.0,-45.0
2480259,20,981492,CELTA  FEMXA ZORKA,AWAY,78.5,75.5,76.5,79.9,-3.4,43.8,38.5,18.0,14.3,76.9,47.3,0.6,27.9,200,12000.0,60.0,19.0,43.0,3.0,18.0,22.0,61.0,13.0,17.0,5.0,30.0,35.0,9.0,15.0,7.0,1.0,1.0,18.0,19.0,55.0,10.0
2480259,20,979770,MELILLA CIUDAD DEL DEPORTE LA SALLE,HOME,72.6,75.6,79.9,76.5,3.4,44.2,39.0,19.6,23.1,85.7,52.7,0.8,25.4,200,12000.0,58.0,14.0,36.0,6.0,23.0,20.0,59.0,12.0,15.0,9.0,30.0,39.0,12.0,16.0,10.0,1.0,1.0,19.0,18.0,61.0,-10.0
2480260,20,981208,ALTER ENERSUN AL-QÁZERES EXTREMADURA,HOME,75.7,76.4,103.0,72.7,30.3,50.2,45.8,9.3,23.8,77.8,48.7,1.4,18.1,200,12000.0,78.0,18.0,39.0,10.0,33.0,28.0,72.0,12.0,13.0,10.0,28.0,38.0,11.0,8.0,10.0,4.0,0.0,15.0,15.0,88.0,110.0
2480260,20,979952,LA LAGUNA TOYOTA  ADAREVA,AWAY,77.1,76.4,72.7,103.0,-30.3,41.1,37.7,20.0,22.2,76.2,51.3,0.6,10.8,200,12000.0,56.0,20.0,45.0,3.0,20.0,23.0,65.0,7.0,7.0,8.0,32.0,40.0,11.0,17.0,4.0,0.0,4.0,16.0,15.0,51.0,-110.0
2480261,20,981346,LA CORDÁ DE PATERNA NB,AWAY,72.1,72.2,79.0,105.2,-26.2,43.8,35.5,20.7,27.0,61.8,43.7,0.6,41.8,200,12000.0,57.0,9.0,27.0,7.0,28.0,16.0,55.0,18.0,23.0,10.0,21.0,31.0,11.0,17.0,7.0,0.0,0.0,16.0,21.0,50.0,-95.0
2480261,20,979919,RECOLETAS ZAMORA,HOME,72.2,72.2,105.2,79.0,26.2,52.6,46.8,15.3,38.2,73.0,56.3,1.0,33.3,200,12000.0,76.0,19.0,38.0,7.0,25.0,26.0,63.0,17.0,21.0,13.0,27.0,40.0,13.0,13.0,13.0,0.0,0.0,21.0,16.0,83.0,95.0
2480262,20,981213,AZULMARINO MALLORCA PALMA,HOME,74.1,72.5,124.2,74.9,49.3,52.8,48.6,13.0,61.9,74.4,68.2,1.8,43.8,200,12000.0,92.0,22.0,44.0,9.0,29.0,31.0,73.0,21.0,32.0,26.0,32.0,58.0,24.0,13.0,9.0,1.0,0.0,16.0,21.0,123.0,195.0
2480262,20,979912,DOMUSA TEKNIK ISB,AWAY,70.7,72.4,74.9,124.2,-49.3,37.5,35.4,13.5,25.6,38.1,31.8,0.9,20.0,200,12000.0,53.0,14.0,41.0,6.0,24.0,20.0,65.0,7.0,13.0,11.0,16.0,27.0,10.0,11.0,10.0,0.0,1.0,21.0,15.0,32.0,-195.0
2480263,20,981242,C.B. SANTFELIUENC,AWAY,78.3,76.2,102.1,116.5,-14.4,51.7,45.4,15.3,39.4,69.0,53.2,1.2,43.1,200,12000.0,80.0,19.0,46.0,7.0,19.0,26.0,65.0,21.0,28.0,13.0,20.0,33.0,17.0,14.0,6.0,0.0,0.0,30.0,20.0,66.0,-30.0
2480263,20,981306,CAJASOL BALONCESTO SEVILLA FEMENINO,HOME,73.8,76.1,116.5,102.1,14.4,57.5,51.7,9.7,31.0,60.6,46.8,1.6,61.0,200,12000.0,86.0,23.0,38.0,5.0,21.0,28.0,59.0,25.0,36.0,9.0,20.0,29.0,13.0,8.0,8.0,0.0,0.0,20.0,30.0,96.0,30.0
2480264,20,981356,BOSONIT UNIBASKET,AWAY,74.6,75.5,63.0,91.5,-28.5,34.3,29.0,22.6,33.3,65.1,49.4,0.4,24.2,200,12000.0,47.0,9.0,43.0,6.0,19.0,15.0,62.0,11.0,15.0,14.0,28.0,42.0,8.0,20.0,8.0,1.0,5.0,21.0,19.0,33.0,-115.0
2480264,20,981334,UNICAJA MIJAS,HOME,76.5,75.5,91.5,63.0,28.5,46.4,44.1,17.5,34.9,66.7,50.6,1.1,25.0,200,12000.0,70.0,21.0,44.0,6.0,24.0,27.0,68.0,10.0,17.0,15.0,28.0,43.0,17.0,16.0,14.0,5.0,1.0,19.0,21.0,87.0,115.0
2480265,21,981206,MCR LIMA-HORTA BARCELONA,HOME,80.8,82.3,94.1,94.1,0.0,52.2,45.0,18.0,22.9,76.7,47.7,0.6,48.3,200,12000.0,76.0,18.0,39.0,6.0,21.0,24.0,60.0,22.0,29.0,8.0,23.0,31.0,10.0,16.0,4.0,0.0,1.0,17.0,27.0,72.0,-15.0
2480265,21,981334,UNICAJA MIJAS,AWAY,83.9,82.3,94.1,94.1,0.0,53.4,49.2,18.7,23.3,77.1,52.3,0.9,27.3,200,12000.0,79.0,22.0,39.0,7.0,27.0,29.0,66.0,14.0,18.0,7.0,27.0,34.0,16.0,17.0,12.0,1.0,0.0,27.0,17.0,74.0,15.0
2480266,21,981356,BOSONIT UNIBASKET,HOME,66.5,65.3,97.8,78.0,19.8,48.9,49.2,16.4,37.1,71.0,53.0,1.0,28.8,200,12000.0,65.0,14.0,35.0,10.0,24.0,24.0,59.0,7.0,17.0,13.0,22.0,35.0,13.0,13.0,8.0,2.0,0.0,14.0,14.0,65.0,75.0
2480266,21,981306,CAJASOL BALONCESTO SEVILLA FEMENINO,AWAY,64.1,65.2,78.0,97.8,-19.8,42.3,41.1,19.2,29.0,62.9,47.0,0.6,12.5,200,12000.0,50.0,14.0,35.0,6.0,21.0,20.0,56.0,4.0,7.0,9.0,22.0,31.0,9.0,14.0,8.0,0.0,2.0,14.0,14.0,45.0,-75.0
2480267,21,981213,AZULMARINO MALLORCA PALMA,AWAY,90.6,91.0,157.9,66.8,91.1,74.0,72.1,10.2,56.7,83.9,70.5,3.1,27.9,200,12000.0,143.0,41.0,55.0,14.0,31.0,55.0,86.0,19.0,24.0,17.0,26.0,43.0,34.0,11.0,22.0,5.0,1.0,16.0,19.0,203.0,410.0
2480267,21,981242,C.B. SANTFELIUENC,HOME,91.4,91.1,66.8,157.9,-91.1,48.1,42.7,34.2,16.1,43.3,29.5,0.4,34.5,200,12000.0,61.0,16.0,35.0,5.0,20.0,21.0,55.0,14.0,19.0,5.0,13.0,18.0,13.0,33.0,6.0,1.0,5.0,20.0,16.0,23.0,-410.0
2480268,21,979912,DOMUSA TEKNIK ISB,HOME,69.7,69.6,86.1,95.0,-8.9,50.2,45.4,21.1,22.2,65.7,46.8,0.6,24.1,200,12000.0,60.0,17.0,35.0,5.0,19.0,22.0,54.0,11.0,13.0,6.0,23.0,29.0,9.0,16.0,8.0,1.0,1.0,23.0,18.0,52.0,-30.0
2480268,21,979919,RECOLETAS ZAMORA,AWAY,69.4,69.5,95.0,86.1,8.9,48.2,45.6,16.0,34.3,77.8,53.2,0.9,45.6,200,12000.0,66.0,14.0,29.0,8.0,28.0,22.0,57.0,14.0,26.0,12.0,21.0,33.0,12.0,13.0,13.0,1.0,1.0,18.0,23.0,70.0,30.0
2480269,21,981208,ALTER ENERSUN AL-QÁZERES EXTREMADURA,AWAY,73.6,74.4,92.4,97.1,-4.7,51.1,48.3,19.4,25.7,71.0,47.0,1.2,25.0,200,12000.0,68.0,14.0,35.0,10.0,25.0,24.0,60.0,10.0,15.0,9.0,22.0,31.0,19.0,16.0,10.0,1.0,0.0,19.0,19.0,72.0,-25.0
2480269,21,981346,LA CORDÁ DE PATERNA NB,HOME,75.2,74.4,97.1,92.4,4.7,55.2,52.5,21.4,29.0,74.3,53.0,0.8,23.3,200,12000.0,73.0,21.0,34.0,7.0,26.0,28.0,60.0,10.0,14.0,9.0,26.0,35.0,14.0,18.0,10.0,0.0,1.0,19.0,19.0,78.0,25.0
2480270,21,979952,LA LAGUNA TOYOTA  ADAREVA,HOME,72.5,74.0,63.5,82.0,-18.5,36.2,31.2,22.1,23.1,73.2,48.8,0.4,30.4,200,12000.0,46.0,10.0,33.0,5.0,23.0,15.0,56.0,11.0,17.0,9.0,30.0,39.0,8.0,18.0,4.0,2.0,1.0,19.0,17.0,32.0,-80.0
2480270,21,979770,MELILLA CIUDAD DEL DEPORTE LA SALLE,AWAY,75.6,74.0,82.0,63.5,18.5,40.5,39.3,11.5,26.8,76.9,51.2,0.9,21.4,200,12000.0,62.0,26.0,52.0,1.0,18.0,27.0,70.0,7.0,15.0,11.0,30.0,41.0,9.0,10.0,10.0,1.0,2.0,17.0,19.0,64.0,80.0
2480271,21,981492,CELTA  FEMXA ZORKA,HOME,69.7,74.1,107.6,77.7,29.9,54.6,51.6,13.8,30.3,63.9,47.8,1.3,20.6,200,12000.0,75.0,25.0,48.0,5.0,15.0,30.0,63.0,10.0,13.0,10.0,23.0,33.0,14.0,11.0,15.0,3.0,1.0,17.0,11.0,87.0,70.0
2480271,21,981288,SERNOVA RENOVABLES REAL CANOE,AWAY,78.5,74.1,77.7,107.6,-29.9,43.3,37.3,23.0,36.1,69.7,52.2,0.5,27.0,200,12000.0,61.0,16.0,45.0,5.0,18.0,21.0,63.0,14.0,17.0,13.0,23.0,36.0,10.0,21.0,5.0,1.0,3.0,11.0,17.0,53.0,-70.0
2480272,21,979988,FUSTECMA NBF CASTELLÓ,AWAY,76.4,78.4,89.1,95.7,-6.6,48.3,46.0,20.4,32.4,72.7,51.4,0.7,30.6,200,12000.0,68.0,18.0,43.0,7.0,19.0,25.0,62.0,11.0,19.0,12.0,24.0,36.0,13.0,18.0,16.0,1.0,3.0,22.0,19.0,68.0,-45.0
2480272,21,979971,OSES CONSTRUCCION,HOME,80.4,78.5,95.7,89.1,6.6,57.9,53.6,25.7,27.3,67.6,48.6,0.7,47.3,200,12000.0,77.0,10.0,21.0,13.0,34.0,23.0,55.0,18.0,26.0,9.0,25.0,34.0,17.0,23.0,10.0,3.0,1.0,19.0,22.0,81.0,45.0
2480273,22,981206,MCR LIMA-HORTA BARCELONA,AWAY,74.8,72.8,77.5,84.9,-7.4,39.3,36.2,15.0,29.3,70.5,50.6,0.8,30.8,200,12000.0,58.0,19.0,41.0,3.0,24.0,22.0,65.0,11.0,20.0,12.0,31.0,43.0,11.0,13.0,8.0,4.0,2.0,16.0,19.0,62.0,-10.0
2480273,22,979971,OSES CONSTRUCCION,HOME,70.6,72.7,84.9,77.5,7.4,41.9,40.6,14.3,29.5,70.7,49.4,1.0,8.7,200,12000.0,60.0,16.0,41.0,8.0,28.0,24.0,69.0,4.0,6.0,13.0,29.0,42.0,12.0,12.0,5.0,2.0,4.0,19.0,16.0,59.0,10.0
2480274,22,981492,CELTA  FEMXA ZORKA,AWAY,80.0,77.8,102.4,79.5,22.9,56.1,54.5,21.5,41.9,78.9,62.3,1.1,24.2,200,12000.0,82.0,27.0,52.0,6.0,14.0,33.0,66.0,10.0,16.0,13.0,30.0,43.0,21.0,20.0,8.0,2.0,2.0,17.0,20.0,100.0,110.0
2480274,22,979988,FUSTECMA NBF CASTELLÓ,HOME,75.5,77.8,79.5,102.4,-22.9,43.2,41.9,16.8,21.1,58.1,37.7,1.1,27.4,200,12000.0,60.0,14.0,39.0,8.0,23.0,22.0,62.0,8.0,17.0,8.0,18.0,26.0,16.0,14.0,10.0,2.0,2.0,20.0,16.0,47.0,-110.0
2480275,22,979952,LA LAGUNA TOYOTA  ADAREVA,AWAY,70.6,71.5,107.6,98.3,9.3,57.9,53.4,13.2,17.2,79.3,48.3,1.4,25.4,200,12000.0,76.0,21.0,42.0,7.0,17.0,28.0,59.0,13.0,15.0,5.0,23.0,28.0,14.0,10.0,7.0,1.0,2.0,19.0,16.0,80.0,25.0
2480275,22,981288,SERNOVA RENOVABLES REAL CANOE,HOME,72.2,71.4,98.3,107.6,-9.3,52.0,50.8,12.8,20.7,82.8,51.7,1.4,35.6,200,12000.0,71.0,18.0,40.0,8.0,19.0,26.0,59.0,11.0,21.0,6.0,24.0,30.0,14.0,10.0,6.0,2.0,1.0,16.0,19.0,73.0,-25.0
2480276,22,981346,LA CORDÁ DE PATERNA NB,AWAY,74.5,74.1,90.0,92.1,-2.1,42.7,40.1,15.1,40.0,64.3,51.7,0.9,23.9,200,12000.0,67.0,15.0,32.0,9.0,39.0,24.0,71.0,10.0,17.0,18.0,27.0,45.0,13.0,14.0,5.0,1.0,1.0,17.0,19.0,65.0,-5.0
2480276,22,979770,MELILLA CIUDAD DEL DEPORTE LA SALLE,HOME,73.8,74.2,92.1,90.0,2.1,43.7,41.1,12.4,35.7,60.0,48.3,1.4,15.1,200,12000.0,68.0,15.0,43.0,10.0,30.0,25.0,73.0,8.0,11.0,15.0,27.0,42.0,15.0,11.0,8.0,1.0,1.0,19.0,17.0,70.0,5.0
2480277,22,981208,ALTER ENERSUN AL-QÁZERES EXTREMADURA,HOME,73.3,72.2,98.2,103.9,-5.7,46.6,36.9,9.4,32.4,80.8,52.4,0.5,43.1,200,12000.0,72.0,18.0,38.0,4.0,27.0,22.0,65.0,24.0,28.0,12.0,21.0,33.0,4.0,8.0,8.0,0.0,0.0,22.0,24.0,64.0,-10.0
2480277,22,979912,DOMUSA TEKNIK ISB,AWAY,71.2,72.4,103.9,98.2,5.7,59.4,58.5,18.4,19.2,67.6,47.6,1.1,39.6,200,12000.0,74.0,19.0,37.0,8.0,16.0,27.0,53.0,12.0,21.0,5.0,25.0,30.0,16.0,14.0,5.0,0.0,0.0,24.0,22.0,74.0,10.0
2480278,22,981242,C.B. SANTFELIUENC,AWAY,93.2,90.8,62.2,97.3,-35.1,40.1,35.7,28.6,20.5,88.6,52.7,0.1,33.3,200,12000.0,58.0,21.0,48.0,1.0,15.0,22.0,63.0,13.0,21.0,8.0,31.0,39.0,4.0,29.0,10.0,1.0,0.0,18.0,18.0,34.0,-140.0
2480278,22,979919,RECOLETAS ZAMORA,HOME,88.4,90.8,97.3,62.2,35.1,54.9,52.9,15.2,11.4,79.5,47.3,1.7,27.1,200,12000.0,86.0,25.0,53.0,8.0,17.0,33.0,70.0,12.0,19.0,4.0,31.0,35.0,24.0,14.0,18.0,0.0,1.0,18.0,18.0,105.0,140.0
2480279,22,981213,AZULMARINO MALLORCA PALMA,HOME,76.3,73.5,124.5,86.4,38.1,61.4,58.5,11.5,34.4,71.4,53.7,2.2,43.1,200,12000.0,95.0,29.0,43.0,6.0,22.0,35.0,65.0,19.0,28.0,11.0,25.0,36.0,22.0,10.0,8.0,3.0,0.0,18.0,27.0,124.0,170.0
2480279,22,981356,BOSONIT UNIBASKET,AWAY,70.6,73.5,86.4,124.5,-38.1,45.8,44.2,17.4,28.6,65.6,46.3,0.9,25.0,200,12000.0,61.0,16.0,42.0,7.0,18.0,23.0,60.0,8.0,15.0,10.0,21.0,31.0,13.0,14.0,5.0,0.0,3.0,27.0,18.0,43.0,-170.0
2480280,22,981306,CAJASOL BALONCESTO SEVILLA FEMENINO,HOME,66.4,67.9,76.9,112.5,-35.6,38.4,34.5,14.2,29.7,53.1,40.6,0.8,32.8,200,12000.0,51.0,14.0,38.0,4.0,20.0,18.0,58.0,11.0,19.0,11.0,17.0,28.0,9.0,11.0,7.0,1.0,3.0,17.0,20.0,40.0,-135.0
2480280,22,981334,UNICAJA MIJAS,AWAY,69.4,67.8,112.5,76.9,35.6,57.1,54.2,19.0,46.9,70.3,59.4,0.8,31.7,200,12000.0,78.0,22.0,39.0,7.0,21.0,29.0,60.0,13.0,19.0,15.0,26.0,41.0,12.0,16.0,8.0,3.0,1.0,20.0,17.0,86.0,135.0
2480281,23,981306,CAJASOL BALONCESTO SEVILLA FEMENINO,AWAY,69.6,69.5,99.1,83.8,15.3,48.9,43.8,14.5,38.2,79.3,57.1,0.9,23.4,200,12000.0,69.0,19.0,38.0,6.0,26.0,25.0,64.0,13.0,15.0,13.0,23.0,36.0,11.0,12.0,10.0,0.0,3.0,20.0,17.0,70.0,55.0
2480281,23,981206,MCR LIMA-HORTA BARCELONA,HOME,69.2,69.4,83.8,99.1,-15.3,46.6,41.5,17.3,20.7,61.8,42.9,0.6,39.6,200,12000.0,58.0,13.0,34.0,6.0,19.0,19.0,53.0,14.0,21.0,6.0,21.0,27.0,8.0,13.0,6.0,3.0,0.0,17.0,20.0,51.0,-55.0
2480282,23,981213,AZULMARINO MALLORCA PALMA,AWAY,79.6,78.8,108.1,77.0,31.1,49.7,45.4,6.5,31.0,88.9,53.6,3.0,31.6,200,12000.0,86.0,21.0,44.0,9.0,32.0,30.0,76.0,17.0,24.0,13.0,24.0,37.0,18.0,6.0,13.0,0.0,0.0,19.0,21.0,97.0,130.0
2480282,23,981334,UNICAJA MIJAS,HOME,77.9,78.7,77.0,108.1,-31.1,50.1,47.1,26.0,11.1,69.0,46.4,0.6,34.6,200,12000.0,60.0,14.0,30.0,7.0,22.0,21.0,52.0,11.0,18.0,3.0,29.0,32.0,13.0,21.0,4.0,0.0,0.0,21.0,19.0,48.0,-130.0
2480283,23,981356,BOSONIT UNIBASKET,HOME,73.4,69.6,84.5,106.2,-21.7,42.8,40.6,19.9,44.7,65.4,53.1,0.6,29.7,200,12000.0,62.0,14.0,35.0,8.0,29.0,22.0,64.0,10.0,19.0,17.0,17.0,34.0,11.0,18.0,9.0,1.0,0.0,18.0,22.0,52.0,-40.0
2480283,23,979919,RECOLETAS ZAMORA,AWAY,65.9,69.6,106.2,84.5,21.7,61.5,57.1,24.0,34.6,55.3,46.9,0.5,36.7,200,12000.0,70.0,13.0,27.0,10.0,22.0,23.0,49.0,14.0,18.0,9.0,21.0,30.0,9.0,18.0,9.0,0.0,1.0,23.0,18.0,65.0,40.0
2480284,23,981208,ALTER ENERSUN AL-QÁZERES EXTREMADURA,AWAY,85.9,87.0,87.3,59.0,28.3,43.2,38.0,18.7,43.8,79.1,60.4,1.0,36.0,200,12000.0,75.0,21.0,58.0,5.0,17.0,26.0,75.0,18.0,27.0,21.0,34.0,55.0,20.0,20.0,15.0,4.0,8.0,13.0,25.0,103.0,115.0
2480284,23,981242,C.B. SANTFELIUENC,HOME,88.1,86.9,59.0,87.3,-28.3,36.6,36.0,26.8,20.9,56.2,39.6,0.3,10.3,200,12000.0,52.0,20.0,57.0,3.0,11.0,23.0,68.0,3.0,7.0,9.0,27.0,36.0,8.0,26.0,11.0,8.0,4.0,25.0,13.0,28.0,-115.0
2480285,23,979912,DOMUSA TEKNIK ISB,HOME,76.9,68.4,102.8,110.4,-7.6,53.5,45.2,10.9,18.2,62.2,41.4,1.2,43.5,225,13500.0,79.0,13.0,33.0,10.0,29.0,23.0,62.0,23.0,27.0,6.0,23.0,29.0,11.0,9.0,11.0,2.0,1.0,20.0,21.0,81.0,-30.0
2480285,23,979770,MELILLA CIUDAD DEL DEPORTE LA SALLE,AWAY,77.0,68.4,110.4,102.8,7.6,55.9,55.4,16.5,37.8,81.8,58.6,0.9,38.5,225,13500.0,85.0,21.0,39.0,10.0,26.0,31.0,65.0,13.0,25.0,14.0,27.0,41.0,14.0,15.0,8.0,1.0,2.0,21.0,20.0,87.0,30.0
2480286,23,981346,LA CORDÁ DE PATERNA NB,HOME,70.3,73.0,99.6,80.6,19.0,52.8,50.0,19.4,38.7,69.0,56.2,1.3,19.7,200,12000.0,70.0,14.0,33.0,11.0,28.0,25.0,61.0,9.0,12.0,12.0,29.0,41.0,21.0,16.0,8.0,5.0,2.0,20.0,11.0,81.0,45.0
2480286,23,981288,SERNOVA RENOVABLES REAL CANOE,AWAY,75.7,73.0,80.6,99.6,-19.0,39.2,34.0,12.4,31.0,61.3,43.8,1.2,18.1,200,12000.0,61.0,20.0,54.0,3.0,18.0,23.0,72.0,12.0,13.0,13.0,19.0,32.0,13.0,11.0,11.0,2.0,5.0,11.0,20.0,67.0,-45.0
2480287,23,979988,FUSTECMA NBF CASTELLÓ,AWAY,80.3,77.2,97.1,95.8,1.3,52.5,46.0,10.8,10.0,71.1,44.1,1.4,45.2,200,12000.0,78.0,21.0,41.0,5.0,21.0,26.0,62.0,21.0,28.0,3.0,27.0,30.0,13.0,9.0,9.0,0.0,2.0,26.0,26.0,78.0,35.0
2480287,23,979952,LA LAGUNA TOYOTA  ADAREVA,HOME,74.1,77.3,95.8,97.1,-1.3,49.9,38.6,16.5,28.9,90.0,55.9,0.7,56.1,200,12000.0,71.0,10.0,33.0,8.0,24.0,18.0,57.0,27.0,32.0,11.0,27.0,38.0,10.0,14.0,4.0,2.0,0.0,27.0,26.0,66.0,-35.0
2480288,23,981492,CELTA  FEMXA ZORKA,HOME,72.5,73.1,104.8,100.2,4.6,61.8,60.3,22.6,29.2,75.0,53.8,1.4,13.8,200,12000.0,76.0,26.0,40.0,6.0,18.0,32.0,58.0,6.0,8.0,7.0,21.0,28.0,25.0,18.0,6.0,2.0,0.0,14.0,17.0,94.0,10.0
2480288,23,979971,OSES CONSTRUCCION,AWAY,73.8,73.2,100.2,104.8,-4.6,57.1,55.0,19.8,25.0,70.8,46.2,0.9,18.3,200,12000.0,74.0,18.0,25.0,10.0,35.0,28.0,60.0,8.0,11.0,7.0,17.0,24.0,15.0,16.0,7.0,0.0,2.0,17.0,14.0,66.0,-10.0
2480289,24,981492,CELTA  FEMXA ZORKA,AWAY,77.5,78.2,105.8,51.9,53.9,54.3,49.3,14.7,35.5,75.6,59.2,1.9,25.0,200,12000.0,82.0,26.0,52.0,5.0,16.0,31.0,68.0,15.0,17.0,11.0,34.0,45.0,25.0,13.0,11.0,5.0,5.0,11.0,17.0,122.0,205.0
2480289,24,981206,MCR LIMA-HORTA BARCELONA,HOME,79.0,78.2,51.9,105.8,-53.9,28.1,28.3,18.9,24.4,64.5,40.8,0.5,13.0,200,12000.0,41.0,12.0,40.0,5.0,29.0,17.0,69.0,2.0,9.0,11.0,20.0,31.0,8.0,17.0,9.0,5.0,5.0,17.0,11.0,12.0,-205.0
2480290,24,979952,LA LAGUNA TOYOTA  ADAREVA,AWAY,67.7,70.2,79.8,100.5,-20.7,41.1,33.9,17.6,34.3,63.4,50.0,0.9,39.3,200,12000.0,54.0,19.0,41.0,0.0,15.0,19.0,56.0,16.0,22.0,12.0,26.0,38.0,13.0,14.0,7.0,1.0,3.0,16.0,16.0,56.0,-95.0
2480290,24,979971,OSES CONSTRUCCION,HOME,72.6,70.2,100.5,79.8,20.7,48.9,47.9,14.8,36.6,65.7,50.0,1.4,8.3,200,12000.0,73.0,15.0,37.0,13.0,35.0,28.0,72.0,4.0,6.0,15.0,23.0,38.0,18.0,13.0,7.0,3.0,1.0,16.0,16.0,80.0,95.0
2480291,24,979988,FUSTECMA NBF CASTELLÓ,HOME,75.0,76.6,92.0,76.8,15.2,44.8,42.4,15.4,36.4,73.7,53.7,1.4,37.9,200,12000.0,69.0,22.0,49.0,4.0,17.0,26.0,66.0,13.0,25.0,16.0,28.0,44.0,20.0,14.0,13.0,3.0,1.0,19.0,21.0,85.0,45.0
2480291,24,981346,LA CORDÁ DE PATERNA NB,AWAY,78.1,76.6,76.8,92.0,-15.2,44.0,41.4,22.7,26.3,63.6,46.3,0.6,39.7,200,12000.0,60.0,15.0,30.0,6.0,28.0,21.0,58.0,12.0,23.0,10.0,28.0,38.0,12.0,20.0,6.0,1.0,3.0,21.0,19.0,47.0,-45.0
2480292,24,979912,DOMUSA TEKNIK ISB,AWAY,65.2,65.9,87.5,103.4,-15.9,44.4,40.5,13.5,25.0,61.3,41.8,1.0,24.1,200,12000.0,57.0,13.0,33.0,7.0,25.0,20.0,58.0,10.0,14.0,9.0,19.0,28.0,10.0,10.0,4.0,1.0,2.0,11.0,17.0,54.0,-60.0
2480292,24,981288,SERNOVA RENOVABLES REAL CANOE,HOME,66.7,66.0,103.4,87.5,15.9,53.3,50.8,17.8,38.7,75.0,58.2,1.1,22.0,200,12000.0,69.0,21.0,41.0,6.0,18.0,27.0,59.0,9.0,13.0,12.0,27.0,39.0,15.0,14.0,6.0,2.0,1.0,17.0,11.0,75.0,60.0
2480293,24,981242,C.B. SANTFELIUENC,AWAY,80.5,82.2,74.5,116.6,-42.1,43.8,43.1,22.6,19.5,57.9,38.0,0.7,12.3,200,12000.0,60.0,16.0,45.0,8.0,20.0,24.0,65.0,4.0,8.0,8.0,22.0,30.0,13.0,20.0,11.0,6.0,2.0,15.0,16.0,56.0,-190.0
2480293,24,979770,MELILLA CIUDAD DEL DEPORTE LA SALLE,HOME,84.0,82.3,116.6,74.5,42.1,57.6,53.2,15.0,42.1,80.5,62.0,1.7,20.5,200,12000.0,98.0,22.0,47.0,13.0,31.0,35.0,78.0,15.0,16.0,16.0,33.0,49.0,25.0,15.0,13.0,2.0,6.0,16.0,15.0,127.0,190.0
2480294,24,981208,ALTER ENERSUN AL-QÁZERES EXTREMADURA,HOME,69.1,72.5,94.0,73.8,20.2,50.7,43.5,17.9,25.0,72.2,48.6,0.9,42.6,200,12000.0,65.0,10.0,29.0,9.0,25.0,19.0,54.0,18.0,23.0,9.0,26.0,35.0,12.0,14.0,8.0,2.0,1.0,17.0,20.0,71.0,45.0
2480294,24,981356,BOSONIT UNIBASKET,AWAY,75.8,72.5,73.8,94.0,-20.2,36.9,34.5,11.6,27.8,75.0,51.4,1.1,15.5,200,12000.0,56.0,20.0,45.0,3.0,26.0,23.0,71.0,7.0,11.0,10.0,27.0,37.0,11.0,10.0,10.0,1.0,2.0,20.0,17.0,50.0,-45.0
2480295,24,979919,RECOLETAS ZAMORA,HOME,71.6,71.0,53.0,100.6,-47.6,28.5,25.0,13.0,11.9,55.9,31.6,0.8,9.4,200,12000.0,38.0,10.0,42.0,4.0,22.0,14.0,64.0,6.0,6.0,5.0,19.0,24.0,8.0,10.0,8.0,0.0,3.0,20.0,20.0,18.0,-165.0
2480295,24,981334,UNICAJA MIJAS,AWAY,70.6,71.1,100.6,53.0,47.6,50.3,48.4,17.5,44.1,88.1,68.4,1.2,23.4,200,12000.0,71.0,25.0,48.0,4.0,16.0,29.0,64.0,9.0,15.0,15.0,37.0,52.0,18.0,15.0,4.0,3.0,0.0,20.0,20.0,92.0,165.0
2480296,24,981213,AZULMARINO MALLORCA PALMA,HOME,69.7,69.0,114.7,64.3,50.4,52.1,49.3,10.5,42.1,82.9,63.3,2.4,18.3,200,12000.0,80.0,23.0,43.0,8.0,28.0,31.0,71.0,10.0,13.0,16.0,34.0,50.0,22.0,9.0,6.0,3.0,0.0,15.0,17.0,111.0,180.0
2480296,24,981306,CAJASOL BALONCESTO SEVILLA FEMENINO,AWAY,68.4,69.1,64.3,114.7,-50.4,34.7,33.1,15.9,17.1,57.9,36.7,0.7,16.9,200,12000.0,44.0,9.0,25.0,7.0,34.0,16.0,59.0,5.0,10.0,7.0,22.0,29.0,8.0,12.0,5.0,0.0,3.0,17.0,15.0,24.0,-180.0
2480297,25,981213,AZULMARINO MALLORCA PALMA,AWAY,86.7,84.8,102.7,84.3,18.4,51.3,46.8,10.3,23.8,80.0,49.4,2.2,28.6,200,12000.0,89.0,18.0,45.0,12.0,32.0,30.0,77.0,17.0,22.0,10.0,28.0,38.0,22.0,10.0,13.0,4.0,2.0,18.0,19.0,105.0,95.0
2480297,25,981206,MCR LIMA-HORTA BARCELONA,HOME,83.0,84.9,84.3,102.7,-18.4,50.0,47.6,22.2,20.0,76.2,50.6,0.6,25.4,200,12000.0,70.0,21.0,44.0,6.0,19.0,27.0,63.0,10.0,16.0,7.0,32.0,39.0,11.0,20.0,6.0,2.0,4.0,19.0,18.0,65.0,-95.0
2480298,25,981306,CAJASOL BALONCESTO SEVILLA FEMENINO,HOME,69.7,70.5,110.5,99.5,11.0,55.3,51.7,13.6,33.3,86.7,58.7,0.6,36.7,200,12000.0,77.0,16.0,27.0,10.0,33.0,26.0,60.0,15.0,22.0,11.0,26.0,37.0,7.0,11.0,5.0,0.0,0.0,21.0,20.0,73.0,30.0
2480298,25,979919,RECOLETAS ZAMORA,AWAY,71.4,70.5,99.5,110.5,-11.0,53.5,48.3,11.9,13.3,66.7,41.3,1.1,32.8,200,12000.0,71.0,16.0,32.0,8.0,26.0,24.0,58.0,15.0,19.0,4.0,22.0,26.0,10.0,9.0,6.0,0.0,0.0,20.0,21.0,67.0,-30.0
2480299,25,981208,ALTER ENERSUN AL-QÁZERES EXTREMADURA,AWAY,77.3,77.7,87.9,96.0,-8.1,41.8,34.8,6.9,24.4,58.8,40.0,1.8,40.6,200,12000.0,68.0,18.0,48.0,4.0,21.0,22.0,69.0,20.0,28.0,10.0,20.0,30.0,11.0,6.0,13.0,3.0,5.0,16.0,23.0,71.0,-35.0
2480299,25,981334,UNICAJA MIJAS,HOME,78.2,77.7,96.0,87.9,8.1,49.9,47.8,18.4,41.2,75.6,60.0,1.0,20.3,200,12000.0,75.0,21.0,43.0,8.0,26.0,29.0,69.0,9.0,14.0,14.0,31.0,45.0,17.0,17.0,3.0,5.0,3.0,23.0,16.0,76.0,35.0
2480300,25,981356,BOSONIT UNIBASKET,HOME,71.0,69.1,104.3,84.8,19.5,48.7,45.8,9.5,33.3,70.3,51.3,3.0,12.5,200,12000.0,74.0,15.0,37.0,12.0,35.0,27.0,72.0,8.0,9.0,13.0,26.0,39.0,24.0,8.0,6.0,1.0,2.0,21.0,17.0,86.0,85.0
2480300,25,979770,MELILLA CIUDAD DEL DEPORTE LA SALLE,AWAY,67.2,69.1,84.8,104.3,-19.5,42.4,37.1,14.1,29.7,66.7,48.7,1.2,36.2,200,12000.0,57.0,17.0,39.0,3.0,19.0,20.0,58.0,14.0,21.0,11.0,26.0,37.0,13.0,11.0,6.0,2.0,1.0,17.0,21.0,63.0,-85.0
2480301,25,981242,C.B. SANTFELIUENC,HOME,78.7,79.1,83.8,85.6,-1.8,39.4,35.9,12.5,34.0,69.7,48.2,0.8,16.7,200,12000.0,66.0,22.0,61.0,4.0,17.0,26.0,78.0,10.0,13.0,17.0,23.0,40.0,9.0,12.0,12.0,4.0,3.0,20.0,14.0,58.0,-10.0
2480301,25,981288,SERNOVA RENOVABLES REAL CANOE,AWAY,79.4,79.1,85.6,83.8,1.8,47.0,45.6,19.0,30.3,66.0,51.8,1.2,14.7,200,12000.0,68.0,25.0,55.0,4.0,13.0,29.0,68.0,6.0,10.0,10.0,33.0,43.0,20.0,17.0,3.0,3.0,4.0,14.0,20.0,83.0,10.0
2480302,25,979912,DOMUSA TEKNIK ISB,HOME,68.5,68.8,121.2,101.3,19.9,56.5,53.8,12.0,42.9,68.8,55.2,1.6,25.8,200,12000.0,83.0,22.0,42.0,9.0,24.0,31.0,66.0,12.0,17.0,15.0,22.0,37.0,16.0,10.0,7.0,0.0,1.0,27.0,16.0,82.0,65.0
2480302,25,979988,FUSTECMA NBF CASTELLÓ,AWAY,69.1,68.8,101.3,121.2,-19.9,55.5,52.0,20.2,31.2,57.1,44.8,0.4,65.3,200,12000.0,70.0,15.0,27.0,7.0,22.0,22.0,49.0,19.0,32.0,10.0,20.0,30.0,7.0,16.0,5.0,1.0,0.0,16.0,26.0,67.0,-65.0
2480303,25,981346,LA CORDÁ DE PATERNA NB,HOME,74.2,73.1,79.5,102.7,-23.2,40.8,33.3,17.2,36.1,83.3,57.6,0.7,33.3,200,12000.0,59.0,12.0,35.0,6.0,28.0,18.0,63.0,17.0,21.0,13.0,25.0,38.0,10.0,15.0,8.0,1.0,2.0,19.0,21.0,54.0,-75.0
2480303,25,979971,OSES CONSTRUCCION,AWAY,72.0,73.1,102.7,79.5,23.2,56.0,54.2,14.3,16.7,63.9,42.4,1.7,27.1,200,12000.0,74.0,17.0,35.0,10.0,24.0,27.0,59.0,10.0,16.0,5.0,23.0,28.0,19.0,11.0,13.0,2.0,1.0,21.0,19.0,85.0,75.0
2480304,25,981492,CELTA  FEMXA ZORKA,AWAY,73.2,75.0,103.8,68.0,35.8,48.6,44.2,7.1,28.2,73.0,50.0,2.0,30.4,200,12000.0,76.0,26.0,53.0,3.0,16.0,29.0,69.0,15.0,21.0,11.0,27.0,38.0,12.0,6.0,8.0,1.0,0.0,13.0,18.0,88.0,120.0
2480304,25,979952,LA LAGUNA TOYOTA  ADAREVA,HOME,76.5,74.9,68.0,103.8,-35.8,38.5,35.2,22.0,27.0,71.8,50.0,0.7,12.5,200,12000.0,52.0,15.0,45.0,5.0,19.0,20.0,64.0,7.0,8.0,10.0,28.0,38.0,13.0,19.0,4.0,0.0,1.0,18.0,13.0,38.0,-120.0
2480305,26,979952,LA LAGUNA TOYOTA  ADAREVA,HOME,76.4,76.9,75.9,99.4,-23.5,45.0,41.7,23.7,24.2,75.0,49.2,0.6,16.7,200,12000.0,58.0,13.0,42.0,8.0,18.0,21.0,60.0,8.0,10.0,8.0,24.0,32.0,12.0,20.0,6.0,4.0,2.0,15.0,14.0,50.0,-95.0
2480305,26,981206,MCR LIMA-HORTA BARCELONA,AWAY,77.5,76.9,99.4,75.9,23.5,53.1,51.5,15.2,25.0,75.8,50.8,0.8,26.2,200,12000.0,77.0,17.0,37.0,11.0,28.0,28.0,65.0,10.0,17.0,8.0,25.0,33.0,10.0,13.0,4.0,2.0,4.0,14.0,15.0,70.0,95.0
2480306,26,981492,CELTA  FEMXA ZORKA,HOME,74.5,73.8,114.1,80.6,33.5,59.5,57.8,15.4,32.3,61.5,48.6,1.8,26.6,200,12000.0,85.0,25.0,50.0,8.0,14.0,33.0,64.0,11.0,17.0,10.0,24.0,34.0,23.0,13.0,15.0,1.0,1.0,10.0,17.0,115.0,130.0
2480306,26,981346,LA CORDÁ DE PATERNA NB,AWAY,73.2,73.9,80.6,114.1,-33.5,43.9,41.5,23.8,38.5,67.7,51.4,0.7,7.7,200,12000.0,59.0,15.0,32.0,8.0,33.0,23.0,65.0,5.0,5.0,15.0,21.0,36.0,14.0,21.0,9.0,1.0,1.0,17.0,10.0,49.0,-130.0
2480307,26,979912,DOMUSA TEKNIK ISB,AWAY,72.2,71.8,84.5,58.9,25.6,48.3,46.7,23.1,34.5,85.4,64.3,0.6,8.2,200,12000.0,61.0,21.0,38.0,5.0,23.0,26.0,61.0,4.0,5.0,10.0,35.0,45.0,12.0,19.0,9.0,2.0,0.0,16.0,15.0,73.0,95.0
2480307,26,979971,OSES CONSTRUCCION,HOME,71.3,71.8,58.9,84.5,-25.6,33.7,32.5,19.4,14.6,65.5,35.7,0.5,21.1,200,12000.0,42.0,8.0,27.0,7.0,30.0,15.0,57.0,5.0,12.0,6.0,19.0,25.0,8.0,15.0,8.0,0.0,2.0,16.0,16.0,19.0,-95.0
2480308,26,981242,C.B. SANTFELIUENC,AWAY,75.2,76.3,66.5,91.8,-25.3,36.6,28.0,22.7,34.2,45.1,40.4,0.7,35.6,200,12000.0,50.0,15.0,38.0,1.0,21.0,16.0,59.0,17.0,21.0,13.0,23.0,36.0,14.0,20.0,6.0,8.0,4.0,16.0,19.0,50.0,-105.0
2480308,26,979988,FUSTECMA NBF CASTELLÓ,HOME,77.4,76.3,91.8,66.5,25.3,40.2,36.2,16.1,54.9,65.8,59.6,1.4,23.8,200,12000.0,71.0,23.0,59.0,4.0,21.0,27.0,80.0,13.0,19.0,28.0,25.0,53.0,24.0,17.0,14.0,4.0,8.0,19.0,16.0,87.0,105.0
2480309,26,981356,BOSONIT UNIBASKET,AWAY,72.4,72.3,88.4,72.1,16.3,41.9,40.3,13.6,39.0,77.8,57.1,1.2,13.9,200,12000.0,64.0,20.0,44.0,6.0,28.0,26.0,72.0,6.0,10.0,16.0,28.0,44.0,15.0,12.0,9.0,0.0,3.0,21.0,14.0,63.0,60.0
2480309,26,981288,SERNOVA RENOVABLES REAL CANOE,HOME,72.1,72.2,72.1,88.4,-16.3,42.5,40.2,23.7,22.2,61.0,42.9,0.6,45.1,200,12000.0,52.0,13.0,29.0,5.0,22.0,18.0,51.0,11.0,23.0,8.0,25.0,33.0,12.0,19.0,6.0,3.0,0.0,14.0,21.0,49.0,-60.0
2480310,26,979770,MELILLA CIUDAD DEL DEPORTE LA SALLE,HOME,70.5,70.2,83.7,95.8,-12.1,40.1,37.1,16.0,41.5,70.0,53.5,0.6,25.8,200,12000.0,59.0,20.0,44.0,3.0,22.0,23.0,66.0,10.0,17.0,17.0,21.0,38.0,9.0,14.0,8.0,1.0,1.0,21.0,16.0,46.0,-40.0
2480310,26,981334,UNICAJA MIJAS,AWAY,69.9,70.2,95.8,83.7,12.1,52.4,49.1,19.0,30.0,58.5,46.5,1.3,32.1,200,12000.0,67.0,17.0,32.0,7.0,24.0,24.0,56.0,12.0,18.0,9.0,24.0,33.0,19.0,15.0,8.0,1.0,1.0,16.0,21.0,80.0,40.0
2480311,26,981208,ALTER ENERSUN AL-QÁZERES EXTREMADURA,HOME,72.2,72.0,83.1,86.6,-3.5,42.1,37.9,15.4,29.3,66.7,47.5,0.6,33.9,200,12000.0,60.0,13.0,36.0,7.0,26.0,20.0,62.0,13.0,21.0,12.0,26.0,38.0,8.0,13.0,8.0,1.0,2.0,20.0,17.0,49.0,-10.0
2480311,26,981306,CAJASOL BALONCESTO SEVILLA FEMENINO,AWAY,71.6,72.0,86.6,83.1,3.5,45.2,43.5,18.9,33.3,70.7,52.5,0.9,24.2,200,12000.0,62.0,12.0,34.0,10.0,28.0,22.0,62.0,8.0,15.0,13.0,29.0,42.0,15.0,16.0,6.0,2.0,1.0,18.0,20.0,66.0,10.0
2480312,26,981213,AZULMARINO MALLORCA PALMA,AWAY,74.8,73.8,112.3,93.4,18.9,56.1,50.8,18.5,58.6,71.4,66.2,1.2,30.3,200,12000.0,84.0,23.0,39.0,7.0,27.0,30.0,66.0,17.0,20.0,17.0,30.0,47.0,20.0,17.0,5.0,2.0,0.0,22.0,21.0,101.0,80.0
2480312,26,979919,RECOLETAS ZAMORA,HOME,72.8,73.7,93.4,112.3,-18.9,44.3,41.9,9.4,28.6,41.4,33.8,1.4,29.4,200,12000.0,68.0,15.0,38.0,9.0,30.0,24.0,68.0,11.0,20.0,12.0,12.0,24.0,11.0,8.0,10.0,0.0,2.0,22.0,22.0,52.0,-80.0
2480313,27,981206,MCR LIMA-HORTA BARCELONA,HOME,80.0,78.7,80.0,76.1,3.9,44.4,42.3,21.7,33.3,69.2,52.0,0.7,24.6,200,12000.0,64.0,20.0,46.0,5.0,19.0,25.0,65.0,9.0,16.0,12.0,27.0,39.0,13.0,20.0,9.0,4.0,3.0,17.0,20.0,65.0,25.0
2480313,27,979919,RECOLETAS ZAMORA,AWAY,77.5,78.8,76.1,80.0,-3.9,41.3,36.7,20.1,30.8,66.7,48.0,0.7,26.6,200,12000.0,59.0,13.0,41.0,7.0,23.0,20.0,64.0,12.0,17.0,12.0,24.0,36.0,13.0,18.0,16.0,3.0,4.0,21.0,17.0,56.0,-25.0
2480314,27,981208,ALTER ENERSUN AL-QÁZERES EXTREMADURA,AWAY,68.2,69.4,82.2,138.5,-56.3,41.7,36.1,11.8,20.5,41.9,30.0,0.8,23.0,200,12000.0,56.0,13.0,42.0,6.0,19.0,19.0,61.0,12.0,14.0,8.0,13.0,21.0,7.0,9.0,7.0,1.0,4.0,22.0,18.0,35.0,-210.0
2480314,27,981213,AZULMARINO MALLORCA PALMA,HOME,70.8,69.5,138.5,82.2,56.3,63.8,59.4,13.5,58.1,79.5,70.0,1.8,45.3,200,12000.0,98.0,23.0,45.0,10.0,19.0,33.0,64.0,22.0,29.0,18.0,31.0,49.0,22.0,12.0,7.0,4.0,1.0,18.0,22.0,134.0,210.0
2480315,27,981306,CAJASOL BALONCESTO SEVILLA FEMENINO,HOME,74.2,74.2,97.0,87.6,9.4,54.4,53.1,15.3,12.9,76.5,46.2,1.0,7.8,200,12000.0,72.0,16.0,32.0,12.0,32.0,28.0,64.0,4.0,5.0,4.0,26.0,30.0,12.0,12.0,14.0,0.0,3.0,11.0,16.0,84.0,35.0
2480315,27,979770,MELILLA CIUDAD DEL DEPORTE LA SALLE,AWAY,74.2,74.2,87.6,97.0,-9.4,51.4,50.0,23.1,23.5,87.1,53.8,0.4,8.2,200,12000.0,65.0,20.0,42.0,7.0,19.0,27.0,61.0,4.0,5.0,8.0,27.0,35.0,8.0,19.0,8.0,3.0,0.0,16.0,11.0,60.0,-35.0
2480316,27,981288,SERNOVA RENOVABLES REAL CANOE,AWAY,78.1,77.8,81.9,102.1,-20.2,39.9,33.6,14.0,31.9,72.4,47.4,1.2,32.9,200,12000.0,64.0,16.0,49.0,5.0,21.0,21.0,70.0,17.0,23.0,15.0,21.0,36.0,15.0,13.0,12.0,1.0,4.0,14.0,22.0,68.0,-75.0
2480316,27,981334,UNICAJA MIJAS,HOME,77.4,77.7,102.1,81.9,20.2,59.5,54.3,22.3,27.6,68.1,52.6,0.9,32.8,200,12000.0,79.0,21.0,35.0,7.0,23.0,28.0,58.0,16.0,19.0,8.0,32.0,40.0,17.0,19.0,10.0,4.0,1.0,22.0,14.0,90.0,75.0
2480317,27,981356,BOSONIT UNIBASKET,HOME,75.2,76.5,86.4,78.4,8.0,44.4,33.3,16.1,33.3,80.5,58.4,0.9,50.0,200,12000.0,65.0,14.0,40.0,4.0,20.0,18.0,60.0,25.0,30.0,12.0,33.0,45.0,12.0,14.0,10.0,2.0,1.0,21.0,25.0,77.0,20.0
2480317,27,979988,FUSTECMA NBF CASTELLÓ,AWAY,77.8,76.5,78.4,86.4,-8.0,45.0,42.4,21.0,19.5,66.7,41.6,1.0,33.9,200,12000.0,61.0,10.0,31.0,10.0,28.0,20.0,59.0,11.0,20.0,8.0,24.0,32.0,18.0,18.0,8.0,1.0,2.0,25.0,21.0,50.0,-20.0
2480318,27,981242,C.B. SANTFELIUENC,HOME,74.5,75.0,67.1,130.0,-62.9,43.5,42.6,30.3,25.0,66.7,46.2,0.4,14.8,200,12000.0,50.0,14.0,32.0,6.0,22.0,20.0,54.0,4.0,8.0,8.0,22.0,30.0,10.0,25.0,7.0,2.0,2.0,19.0,10.0,27.0,-240.0
2480318,27,979971,OSES CONSTRUCCION,AWAY,75.4,74.9,130.0,67.1,62.9,64.2,61.8,11.6,33.3,75.0,53.8,2.7,27.9,200,12000.0,98.0,27.0,41.0,10.0,27.0,37.0,68.0,14.0,19.0,11.0,24.0,35.0,27.0,10.0,14.0,2.0,2.0,10.0,19.0,139.0,240.0
2480319,27,981492,CELTA  FEMXA ZORKA,AWAY,76.3,79.2,90.4,69.3,21.1,50.5,44.6,19.0,25.0,65.1,48.0,0.9,50.0,200,12000.0,69.0,19.0,33.0,4.0,23.0,23.0,56.0,19.0,28.0,8.0,28.0,36.0,14.0,16.0,15.0,1.0,0.0,19.0,24.0,82.0,60.0
2480319,27,979912,DOMUSA TEKNIK ISB,HOME,82.2,79.3,69.3,90.4,-21.1,36.9,31.6,20.6,34.9,75.0,52.0,0.5,30.9,200,12000.0,57.0,14.0,42.0,5.0,26.0,19.0,68.0,14.0,21.0,15.0,24.0,39.0,10.0,20.0,8.0,0.0,1.0,24.0,19.0,33.0,-60.0
2480320,27,981346,LA CORDÁ DE PATERNA NB,HOME,74.7,75.7,116.4,57.4,59.0,58.2,56.5,16.7,41.7,87.2,65.3,1.3,18.8,200,12000.0,87.0,21.0,38.0,12.0,31.0,33.0,69.0,9.0,13.0,15.0,34.0,49.0,19.0,15.0,11.0,2.0,0.0,19.0,19.0,113.0,215.0
2480320,27,979952,LA LAGUNA TOYOTA  ADAREVA,AWAY,76.7,75.6,57.4,116.4,-59.0,34.0,32.2,20.8,12.8,58.3,34.7,0.6,22.0,200,12000.0,44.0,13.0,44.0,4.0,15.0,17.0,59.0,6.0,13.0,5.0,21.0,26.0,10.0,17.0,5.0,0.0,2.0,19.0,19.0,19.0,-215.0
2480321,28,981346,LA CORDÁ DE PATERNA NB,HOME,78.6,77.3,92.9,118.4,-25.5,53.2,50.0,19.9,26.9,80.0,55.4,1.2,24.2,200,12000.0,73.0,22.0,40.0,6.0,22.0,28.0,62.0,11.0,15.0,7.0,24.0,31.0,20.0,17.0,5.0,1.0,1.0,20.0,17.0,72.0,-85.0
2480321,28,981206,MCR LIMA-HORTA BARCELONA,AWAY,76.0,77.3,118.4,92.9,25.5,61.6,60.6,11.0,20.0,73.1,44.6,2.6,24.2,200,12000.0,90.0,16.0,32.0,16.0,34.0,32.0,66.0,10.0,16.0,6.0,19.0,25.0,23.0,9.0,9.0,1.0,1.0,17.0,20.0,102.0,85.0
2480322,28,979912,DOMUSA TEKNIK ISB,AWAY,65.4,66.2,119.3,88.1,31.2,61.5,60.2,9.9,17.2,72.4,44.8,2.4,16.9,200,12000.0,78.0,22.0,34.0,9.0,25.0,31.0,59.0,7.0,10.0,5.0,21.0,26.0,17.0,7.0,9.0,0.0,0.0,10.0,12.0,94.0,95.0
2480322,28,979952,LA LAGUNA TOYOTA  ADAREVA,HOME,67.0,66.2,88.1,119.3,-31.2,48.4,44.7,18.7,27.6,82.8,55.2,1.1,15.8,200,12000.0,59.0,21.0,41.0,3.0,16.0,24.0,57.0,8.0,9.0,8.0,24.0,32.0,15.0,14.0,3.0,0.0,0.0,12.0,10.0,59.0,-95.0
2480323,28,981242,C.B. SANTFELIUENC,AWAY,84.0,84.1,59.6,118.7,-59.1,45.5,43.1,36.8,12.0,63.9,42.6,0.4,17.6,200,12000.0,50.0,16.0,34.0,4.0,17.0,20.0,51.0,6.0,9.0,3.0,23.0,26.0,12.0,32.0,9.0,3.0,0.0,18.0,9.0,25.0,-250.0
2480323,28,981492,CELTA  FEMXA ZORKA,HOME,84.2,84.1,118.7,59.6,59.1,60.1,59.5,14.4,36.1,88.0,57.4,2.3,28.4,200,12000.0,100.0,35.0,60.0,6.0,14.0,41.0,74.0,12.0,21.0,13.0,22.0,35.0,32.0,14.0,19.0,0.0,3.0,9.0,18.0,139.0,250.0
2480324,28,981356,BOSONIT UNIBASKET,AWAY,71.5,70.3,93.7,118.6,-24.9,43.8,42.8,12.6,37.2,70.4,50.0,1.3,24.6,200,12000.0,67.0,16.0,40.0,9.0,29.0,25.0,69.0,8.0,17.0,16.0,19.0,35.0,14.0,11.0,9.0,1.0,2.0,20.0,21.0,63.0,-75.0
2480324,28,979971,OSES CONSTRUCCION,HOME,69.1,70.3,118.6,93.7,24.9,63.9,61.1,16.9,29.6,62.8,50.0,0.9,42.6,200,12000.0,82.0,18.0,27.0,10.0,27.0,28.0,54.0,16.0,23.0,8.0,27.0,35.0,12.0,13.0,5.0,2.0,1.0,21.0,20.0,89.0,75.0
2480325,28,979988,FUSTECMA NBF CASTELLÓ,HOME,73.4,73.6,76.3,77.3,-1.0,47.1,43.6,24.2,16.7,67.9,41.4,0.7,18.2,200,12000.0,56.0,15.0,39.0,6.0,16.0,21.0,55.0,8.0,10.0,5.0,19.0,24.0,13.0,19.0,10.0,1.0,0.0,15.0,18.0,52.0,-5.0
2480325,28,981334,UNICAJA MIJAS,AWAY,73.7,73.6,77.3,76.3,1.0,44.0,41.5,21.8,32.1,83.3,58.6,1.1,22.0,200,12000.0,57.0,17.0,37.0,5.0,22.0,22.0,59.0,8.0,13.0,9.0,25.0,34.0,19.0,18.0,12.0,0.0,1.0,18.0,15.0,59.0,5.0
2480326,28,981306,CAJASOL BALONCESTO SEVILLA FEMENINO,AWAY,72.2,71.0,84.5,109.1,-24.6,48.3,45.9,19.2,18.2,60.0,38.1,1.1,8.2,200,12000.0,61.0,16.0,37.0,8.0,24.0,24.0,61.0,5.0,5.0,6.0,18.0,24.0,16.0,15.0,8.0,3.0,1.0,20.0,11.0,51.0,-75.0
2480326,28,981288,SERNOVA RENOVABLES REAL CANOE,HOME,69.7,70.9,109.1,84.5,24.6,57.9,56.2,19.6,40.0,81.8,61.9,1.3,39.3,200,12000.0,76.0,18.0,36.0,9.0,20.0,27.0,56.0,13.0,22.0,12.0,27.0,39.0,21.0,16.0,10.0,1.0,3.0,11.0,20.0,102.0,75.0
2480327,28,981213,AZULMARINO MALLORCA PALMA,AWAY,82.4,82.5,114.0,76.4,37.6,55.0,52.0,11.4,33.3,73.3,50.0,1.3,35.1,200,12000.0,94.0,22.0,45.0,11.0,29.0,33.0,74.0,17.0,26.0,14.0,22.0,36.0,14.0,11.0,12.0,3.0,1.0,19.0,27.0,106.0,155.0
2480327,28,979770,MELILLA CIUDAD DEL DEPORTE LA SALLE,HOME,82.5,82.5,76.4,114.0,-37.6,46.7,41.7,25.4,26.7,66.7,50.0,0.4,28.3,200,12000.0,63.0,22.0,49.0,2.0,11.0,24.0,60.0,13.0,17.0,8.0,28.0,36.0,9.0,23.0,5.0,1.0,3.0,27.0,19.0,43.0,-155.0
2480328,28,981208,ALTER ENERSUN AL-QÁZERES EXTREMADURA,HOME,86.4,75.1,84.5,82.4,2.1,40.4,32.9,10.0,25.5,82.9,50.0,1.2,32.9,225,13500.0,73.0,17.0,47.0,6.0,32.0,23.0,79.0,21.0,26.0,14.0,34.0,48.0,12.0,10.0,11.0,1.0,0.0,20.0,19.0,73.0,25.0
2480328,28,979919,RECOLETAS ZAMORA,AWAY,82.6,75.1,82.4,84.5,-2.1,45.0,37.7,15.6,17.1,74.5,50.0,0.6,36.9,225,13500.0,68.0,14.0,33.0,7.0,32.0,21.0,65.0,19.0,24.0,7.0,41.0,48.0,9.0,14.0,5.0,0.0,1.0,19.0,20.0,68.0,-25.0
2480329,29,981208,ALTER ENERSUN AL-QÁZERES EXTREMADURA,HOME,80.3,77.8,78.5,94.4,-15.9,41.8,39.3,17.5,28.9,66.7,48.1,0.8,17.1,200,12000.0,63.0,17.0,40.0,7.0,30.0,24.0,70.0,8.0,12.0,11.0,26.0,37.0,12.0,16.0,7.0,1.0,4.0,18.0,13.0,49.0,-40.0
2480329,29,981206,MCR LIMA-HORTA BARCELONA,AWAY,75.2,77.8,94.4,78.5,15.9,47.2,47.0,14.7,33.3,71.1,51.9,1.0,31.8,200,12000.0,71.0,16.0,41.0,10.0,25.0,26.0,66.0,9.0,21.0,13.0,27.0,40.0,13.0,13.0,9.0,4.0,1.0,13.0,18.0,77.0,40.0
2480330,29,979770,MELILLA CIUDAD DEL DEPORTE LA SALLE,AWAY,72.6,71.6,99.2,106.3,-7.1,53.3,53.3,18.2,34.5,75.8,56.5,1.3,24.6,200,12000.0,72.0,22.0,35.0,7.0,26.0,29.0,61.0,7.0,15.0,10.0,25.0,35.0,20.0,15.0,6.0,0.0,1.0,20.0,19.0,77.0,-15.0
2480330,29,979919,RECOLETAS ZAMORA,HOME,70.6,71.6,106.3,99.2,7.1,54.7,49.1,12.7,24.2,65.5,43.5,1.4,41.4,200,12000.0,75.0,15.0,35.0,9.0,23.0,24.0,58.0,18.0,24.0,8.0,19.0,27.0,14.0,10.0,7.0,1.0,0.0,19.0,20.0,75.0,15.0
2480331,29,981213,AZULMARINO MALLORCA PALMA,HOME,81.9,80.2,130.6,82.8,47.8,62.3,59.6,10.4,40.0,82.4,60.9,2.8,23.1,200,12000.0,107.0,27.0,52.0,13.0,26.0,40.0,78.0,14.0,18.0,14.0,28.0,42.0,28.0,10.0,11.0,2.0,5.0,19.0,20.0,139.0,210.0
2480331,29,981288,SERNOVA RENOVABLES REAL CANOE,AWAY,78.5,80.2,82.8,130.6,-47.8,49.6,46.6,22.5,17.6,60.0,39.1,0.7,29.3,200,12000.0,65.0,18.0,37.0,6.0,21.0,24.0,58.0,11.0,17.0,6.0,21.0,27.0,13.0,19.0,6.0,5.0,2.0,20.0,19.0,56.0,-210.0
2480332,29,981306,CAJASOL BALONCESTO SEVILLA FEMENINO,HOME,75.1,76.5,63.9,79.5,-15.6,39.9,33.0,29.4,28.6,78.4,54.2,0.4,46.0,200,12000.0,48.0,6.0,19.0,7.0,31.0,13.0,50.0,15.0,23.0,10.0,29.0,39.0,11.0,25.0,9.0,2.0,0.0,26.0,23.0,36.0,-70.0
2480332,29,979988,FUSTECMA NBF CASTELLÓ,AWAY,78.0,76.5,79.5,63.9,15.6,44.9,37.1,19.8,21.6,71.4,45.8,0.7,43.1,200,12000.0,62.0,14.0,43.0,5.0,15.0,19.0,58.0,19.0,25.0,8.0,25.0,33.0,12.0,17.0,9.0,0.0,2.0,23.0,24.0,55.0,70.0
2480333,29,979971,OSES CONSTRUCCION,AWAY,65.8,67.5,63.8,97.0,-33.2,35.7,32.4,14.5,8.8,63.2,37.5,0.8,20.4,200,12000.0,42.0,7.0,27.0,7.0,27.0,14.0,54.0,7.0,11.0,3.0,24.0,27.0,8.0,10.0,8.0,0.0,0.0,17.0,16.0,30.0,-125.0
2480333,29,981334,UNICAJA MIJAS,HOME,69.0,67.4,97.0,63.8,33.2,46.5,40.0,13.2,36.8,91.2,62.5,1.4,24.6,200,12000.0,67.0,17.0,40.0,6.0,25.0,23.0,65.0,15.0,16.0,14.0,31.0,45.0,15.0,11.0,9.0,0.0,0.0,16.0,17.0,83.0,125.0
2480334,29,981356,BOSONIT UNIBASKET,HOME,75.9,73.9,84.3,84.7,-0.4,46.4,44.3,21.6,35.3,66.7,50.0,0.8,29.5,200,12000.0,64.0,12.0,28.0,10.0,33.0,22.0,61.0,10.0,18.0,12.0,20.0,32.0,16.0,19.0,9.0,1.0,5.0,21.0,22.0,57.0,15.0
2480334,29,981492,CELTA  FEMXA ZORKA,AWAY,72.0,74.0,84.7,84.3,0.4,48.4,39.4,23.2,33.3,64.7,50.0,1.1,48.1,200,12000.0,61.0,16.0,30.0,3.0,22.0,19.0,52.0,20.0,25.0,10.0,22.0,32.0,20.0,19.0,9.0,5.0,1.0,22.0,21.0,69.0,-15.0
2480335,29,981242,C.B. SANTFELIUENC,HOME,81.3,81.7,65.2,120.5,-55.3,34.3,30.6,15.3,23.3,64.7,41.6,0.1,16.7,200,12000.0,53.0,16.0,52.0,4.0,20.0,20.0,72.0,9.0,12.0,10.0,22.0,32.0,2.0,14.0,8.0,5.0,2.0,11.0,10.0,30.0,-230.0
2480335,29,979952,LA LAGUNA TOYOTA  ADAREVA,AWAY,82.2,81.7,120.5,65.2,55.3,61.8,58.8,14.9,35.3,76.7,58.4,1.6,18.9,200,12000.0,99.0,24.0,44.0,13.0,30.0,37.0,74.0,12.0,14.0,12.0,33.0,45.0,22.0,14.0,7.0,2.0,5.0,10.0,11.0,123.0,230.0
2480336,29,979912,DOMUSA TEKNIK ISB,HOME,79.0,79.5,106.3,100.2,6.1,58.3,56.2,18.2,29.0,84.8,57.8,0.8,24.6,200,12000.0,84.0,23.0,39.0,9.0,26.0,32.0,65.0,11.0,16.0,9.0,28.0,37.0,12.0,16.0,9.0,2.0,2.0,14.0,19.0,95.0,20.0
2480336,29,981346,LA CORDÁ DE PATERNA NB,AWAY,79.8,79.4,100.2,106.3,-6.1,57.3,53.8,17.7,15.2,71.0,42.2,1.1,16.9,200,12000.0,80.0,17.0,33.0,12.0,32.0,29.0,65.0,10.0,11.0,5.0,22.0,27.0,16.0,15.0,9.0,2.0,2.0,19.0,14.0,77.0,-20.0
2480337,30,979912,DOMUSA TEKNIK ISB,AWAY,72.5,71.8,81.4,105.4,-24.0,49.6,47.1,23.2,17.9,56.1,40.6,0.7,32.7,200,12000.0,59.0,20.0,36.0,3.0,16.0,23.0,52.0,10.0,17.0,5.0,23.0,28.0,12.0,18.0,6.0,4.0,2.0,14.0,18.0,59.0,-80.0
2480337,30,981206,MCR LIMA-HORTA BARCELONA,HOME,71.2,71.8,105.4,81.4,24.0,49.9,47.8,15.7,43.9,82.1,59.4,1.2,20.3,200,12000.0,75.0,21.0,44.0,8.0,25.0,29.0,69.0,9.0,14.0,18.0,23.0,41.0,17.0,14.0,12.0,2.0,4.0,18.0,13.0,83.0,80.0
2480338,30,981242,C.B. SANTFELIUENC,AWAY,79.4,79.1,76.8,98.9,-22.1,42.1,39.7,18.1,23.1,78.4,50.0,0.8,14.7,200,12000.0,61.0,24.0,57.0,2.0,11.0,26.0,68.0,7.0,10.0,9.0,29.0,38.0,13.0,16.0,7.0,2.0,1.0,8.0,19.0,71.0,-85.0
2480338,30,981346,LA CORDÁ DE PATERNA NB,HOME,78.9,79.1,98.9,76.8,22.1,55.0,55.0,18.4,21.6,76.9,50.0,1.6,2.9,200,12000.0,78.0,16.0,28.0,15.0,42.0,31.0,70.0,1.0,2.0,8.0,30.0,38.0,25.0,16.0,9.0,1.0,2.0,19.0,7.0,83.0,85.0
2480339,30,981356,BOSONIT UNIBASKET,AWAY,76.2,72.7,90.6,108.2,-17.6,46.5,44.1,11.9,24.2,65.2,41.1,1.5,20.6,200,12000.0,69.0,18.0,38.0,8.0,30.0,26.0,68.0,9.0,14.0,8.0,15.0,23.0,15.0,10.0,9.0,1.0,1.0,20.0,15.0,55.0,-30.0
2480339,30,979952,LA LAGUNA TOYOTA  ADAREVA,HOME,69.3,72.7,108.2,90.6,17.6,61.2,51.0,20.7,34.8,75.8,58.9,0.9,57.1,200,12000.0,75.0,16.0,34.0,6.0,15.0,22.0,49.0,25.0,28.0,8.0,25.0,33.0,15.0,16.0,4.0,1.0,1.0,15.0,20.0,87.0,30.0
2480340,30,981492,CELTA  FEMXA ZORKA,HOME,68.2,66.0,82.2,89.3,-7.1,48.1,44.2,22.6,25.9,59.0,45.5,0.9,26.9,200,12000.0,56.0,20.0,42.0,2.0,10.0,22.0,52.0,10.0,14.0,7.0,23.0,30.0,15.0,17.0,7.0,1.0,3.0,13.0,17.0,62.0,-5.0
2480340,30,981334,UNICAJA MIJAS,AWAY,63.8,66.0,89.3,82.2,7.1,41.4,38.3,13.8,41.0,74.1,54.5,1.2,17.2,200,12000.0,57.0,17.0,35.0,5.0,29.0,22.0,64.0,8.0,11.0,16.0,20.0,36.0,13.0,11.0,7.0,3.0,1.0,17.0,13.0,56.0,5.0
2480341,30,981306,CAJASOL BALONCESTO SEVILLA FEMENINO,AWAY,70.1,70.1,88.5,71.2,17.3,51.6,50.9,23.1,28.6,68.8,53.9,0.4,12.3,200,12000.0,62.0,17.0,28.0,8.0,29.0,25.0,57.0,4.0,7.0,8.0,33.0,41.0,8.0,18.0,6.0,0.0,0.0,24.0,17.0,57.0,60.0
2480341,30,979971,OSES CONSTRUCCION,HOME,70.2,70.2,71.2,88.5,-17.3,32.4,26.5,9.4,31.2,71.4,46.1,0.9,30.9,200,12000.0,50.0,12.0,34.0,4.0,34.0,16.0,68.0,14.0,21.0,15.0,20.0,35.0,7.0,8.0,11.0,0.0,0.0,17.0,24.0,43.0,-60.0
2480342,30,981213,AZULMARINO MALLORCA PALMA,AWAY,79.8,78.5,111.5,70.1,41.4,56.5,55.0,12.2,33.3,69.8,54.8,2.5,28.6,200,12000.0,89.0,34.0,47.0,3.0,23.0,37.0,70.0,12.0,20.0,10.0,30.0,40.0,28.0,11.0,17.0,2.0,3.0,22.0,17.0,119.0,175.0
2480342,30,979988,FUSTECMA NBF CASTELLÓ,HOME,77.0,78.4,70.1,111.5,-41.4,39.1,37.1,23.3,30.2,66.7,45.2,0.7,25.8,200,12000.0,54.0,14.0,45.0,6.0,17.0,20.0,62.0,8.0,16.0,13.0,20.0,33.0,14.0,21.0,4.0,3.0,2.0,18.0,22.0,41.0,-175.0
2480343,30,979919,RECOLETAS ZAMORA,AWAY,78.6,77.8,84.0,81.6,2.4,51.1,47.4,25.4,29.6,71.8,54.5,0.7,25.9,200,12000.0,66.0,23.0,41.0,3.0,17.0,26.0,58.0,11.0,15.0,8.0,28.0,36.0,15.0,22.0,13.0,0.0,1.0,16.0,13.0,69.0,15.0
2480343,30,981288,SERNOVA RENOVABLES REAL CANOE,HOME,77.2,77.9,81.6,84.0,-2.4,45.5,42.9,21.6,28.2,70.4,45.5,0.6,22.2,200,12000.0,63.0,18.0,41.0,6.0,22.0,24.0,63.0,9.0,14.0,11.0,19.0,30.0,12.0,19.0,13.0,1.0,0.0,14.0,15.0,57.0,-15.0
2480344,30,981208,ALTER ENERSUN AL-QÁZERES EXTREMADURA,AWAY,75.8,73.7,98.9,97.9,1.0,50.1,47.7,10.7,22.2,60.5,41.9,0.8,30.3,200,12000.0,75.0,15.0,35.0,11.0,31.0,26.0,66.0,12.0,20.0,8.0,23.0,31.0,7.0,9.0,7.0,1.0,2.0,15.0,20.0,69.0,25.0
2480344,30,979770,MELILLA CIUDAD DEL DEPORTE LA SALLE,HOME,71.5,73.6,97.9,98.9,-1.0,48.3,43.8,16.2,39.5,77.8,58.1,1.3,26.2,200,12000.0,70.0,18.0,39.0,7.0,26.0,25.0,65.0,13.0,17.0,15.0,28.0,43.0,18.0,14.0,4.0,2.0,1.0,20.0,15.0,74.0,-25.0
