MATCHID,ROUND,TEAM_ID,TEAM,LOCATION,POSS,PACE,O_RTG,D_RTG,NET_RTG,TS%,eFG%,TOV%,ORB%,DRB%,TRB%,AST_TOV_RATIO,FTr,MIN,MIN_SECS,PTS,FGM_2,FGA_2,FGM_3,FGA_3,FGM,FGA,FTM,FTA,ORB,DRB,TRB,AST,TOV,STL,BLK,BLKA,PF,PFD,PIR,PLUS_MINUS
2479443,1,981129,KUTXABANK ARASKI,HOME,70.9,71.9,80.4,76.8,3.6,43.2,41.4,19.5,36.7,73.3,55.0,0.9,31.0,200,12000.0,57.0,18.0,39.0,4.0,19.0,22.0,58.0,9.0,18.0,11.0,22.0,33.0,14.0,16.0,9.0,0.0,0.0,18.0,19.0,53.0,5.0
2479443,1,979875,PERFUMERIAS AVENIDA,AWAY,72.9,71.9,76.8,80.4,-3.6,46.0,41.5,24.7,26.7,63.3,45.0,0.8,34.0,200,12000.0,56.0,19.0,34.0,2.0,19.0,21.0,53.0,12.0,18.0,8.0,19.0,27.0,17.0,20.0,10.0,0.0,0.0,19.0,18.0,51.0,-5.0
2479444,1,979930,LOINTEK GERNIKA BIZKAIA,HOME,90.6,79.7,98.3,99.2,-0.9,48.6,46.9,13.3,31.9,73.7,50.6,1.4,29.6,225,13500.0,89.0,26.0,52.0,8.0,29.0,34.0,81.0,13.0,24.0,15.0,28.0,43.0,19.0,14.0,7.0,3.0,7.0,18.0,20.0,91.0,5.0
2479444,1,981426,MOVISTAR ESTUDIANTES,AWAY,88.7,79.7,99.2,98.3,0.9,53.9,52.1,17.2,26.3,68.1,49.4,1.2,30.6,225,13500.0,88.0,27.0,50.0,7.0,22.0,34.0,72.0,13.0,22.0,10.0,32.0,42.0,20.0,17.0,9.0,7.0,3.0,20.0,18.0,100.0,-5.0
2479445,1,979954,CASADEMONT ZARAGOZA,HOME,78.2,79.3,106.1,85.8,20.3,59.9,56.7,24.9,43.8,68.2,57.9,0.8,35.0,200,12000.0,83.0,19.0,37.0,10.0,23.0,29.0,60.0,15.0,21.0,14.0,30.0,44.0,18.0,23.0,10.0,1.0,1.0,19.0,19.0,96.0,70.0
2479445,1,981243,DURÁN MAQUINARIA ENSINO,AWAY,80.4,79.4,85.8,106.1,-20.3,45.2,41.7,19.1,31.8,56.2,42.1,0.8,13.9,200,12000.0,69.0,21.0,48.0,6.0,24.0,27.0,72.0,9.0,10.0,14.0,18.0,32.0,15.0,18.0,12.0,1.0,1.0,19.0,18.0,64.0,-70.0
2479446,1,981322,INGENIERÍA AMBIENTAL CAB ESTEPONA,HOME,71.5,69.5,81.1,118.6,-37.5,42.3,38.5,17.0,31.4,57.1,44.3,1.4,12.3,200,12000.0,58.0,13.0,39.0,8.0,26.0,21.0,65.0,8.0,8.0,11.0,20.0,31.0,20.0,14.0,5.0,0.0,3.0,19.0,17.0,54.0,-110.0
2479446,1,981359,SPAR GIRONA,AWAY,67.5,69.5,118.6,81.1,37.5,57.6,54.0,15.8,42.9,68.6,55.7,1.5,27.4,200,12000.0,80.0,17.0,31.0,11.0,31.0,28.0,62.0,13.0,17.0,15.0,24.0,39.0,19.0,13.0,9.0,3.0,0.0,17.0,19.0,101.0,110.0
2479447,1,979874,IDK EUSKOTREN,HOME,67.5,69.6,88.9,78.1,10.8,46.5,44.7,15.7,26.5,73.3,48.4,1.4,29.8,200,12000.0,60.0,18.0,40.0,5.0,17.0,23.0,57.0,9.0,17.0,9.0,22.0,31.0,17.0,12.0,8.0,0.0,0.0,17.0,20.0,65.0,20.0
2479447,1,979923,SPAR GRAN CANARIA,AWAY,71.7,69.6,78.1,88.9,-10.8,44.6,37.7,21.3,26.7,73.5,51.6,0.6,22.8,200,12000.0,56.0,17.0,40.0,3.0,17.0,20.0,57.0,13.0,13.0,8.0,25.0,33.0,11.0,17.0,8.0,0.0,0.0,20.0,17.0,51.0,-20.0
2479448,1,979864,CADI LA SEU,HOME,77.0,72.2,83.1,107.0,-23.9,42.1,40.6,13.6,28.9,85.7,49.2,1.0,23.2,200,12000.0,64.0,19.0,48.0,6.0,21.0,25.0,69.0,8.0,16.0,11.0,18.0,29.0,12.0,12.0,6.0,0.0,5.0,25.0,18.0,40.0,-40.0
2479448,1,981325,INNOVA-TSN LEGANES,AWAY,67.3,72.2,107.0,83.1,23.9,63.9,63.6,19.9,14.3,71.1,50.8,1.2,63.6,200,12000.0,72.0,19.0,32.0,6.0,12.0,25.0,44.0,16.0,28.0,3.0,27.0,30.0,17.0,14.0,6.0,5.0,0.0,18.0,25.0,92.0,40.0
2479449,1,979289,CLUB JOVENTUT BADALONA,AWAY,73.2,75.1,79.2,74.2,5.0,43.1,43.1,19.2,28.6,90.6,58.2,0.4,36.2,200,12000.0,58.0,16.0,39.0,6.0,19.0,22.0,58.0,8.0,21.0,10.0,29.0,39.0,7.0,16.0,5.0,1.0,0.0,21.0,25.0,49.0,5.0
2479449,1,979981,HOZONO GLOBAL JAIRIS,HOME,76.8,75.1,74.2,79.2,-5.0,42.0,35.6,15.0,9.4,71.4,41.8,0.7,33.9,200,12000.0,57.0,18.0,41.0,2.0,18.0,20.0,59.0,15.0,20.0,3.0,25.0,28.0,8.0,12.0,6.0,0.0,1.0,25.0,21.0,39.0,-5.0
2479450,1,981303,BAXI FERROL,HOME,73.2,72.2,97.0,91.2,5.8,56.2,50.9,23.1,30.0,60.5,47.1,0.7,24.6,200,12000.0,71.0,20.0,36.0,6.0,21.0,26.0,57.0,13.0,14.0,9.0,23.0,32.0,13.0,19.0,11.0,0.0,0.0,19.0,18.0,75.0,30.0
2479450,1,980027,VALENCIA B.C.,AWAY,71.2,72.2,91.2,97.0,-5.8,45.0,38.1,16.2,39.5,70.0,52.9,0.6,33.3,200,12000.0,65.0,21.0,42.0,2.0,21.0,23.0,63.0,17.0,21.0,15.0,21.0,36.0,9.0,14.0,13.0,0.0,0.0,18.0,19.0,66.0,-30.0
2479451,2,981129,KUTXABANK ARASKI,HOME,69.9,70.8,83.0,76.7,6.3,45.4,38.4,19.0,30.0,76.3,55.9,0.7,32.1,200,12000.0,58.0,14.0,39.0,5.0,17.0,19.0,56.0,15.0,18.0,9.0,29.0,38.0,10.0,15.0,5.0,2.0,2.0,16.0,21.0,63.0,15.0
2479451,2,979930,LOINTEK GERNIKA BIZKAIA,AWAY,71.7,70.8,76.7,83.0,-6.3,40.6,37.1,16.1,23.7,70.0,44.1,1.1,21.0,200,12000.0,55.0,11.0,31.0,8.0,31.0,19.0,62.0,9.0,13.0,9.0,21.0,30.0,14.0,13.0,8.0,2.0,2.0,21.0,16.0,44.0,-15.0
2479452,2,979981,HOZONO GLOBAL JAIRIS,AWAY,79.0,77.9,116.5,95.0,21.5,59.0,53.7,14.3,34.3,81.2,56.7,1.5,37.3,200,12000.0,92.0,18.0,41.0,12.0,26.0,30.0,67.0,20.0,25.0,12.0,26.0,38.0,19.0,13.0,6.0,1.0,4.0,22.0,21.0,100.0,95.0
2479452,2,979923,SPAR GRAN CANARIA,HOME,76.9,77.9,95.0,116.5,-21.5,53.0,43.9,16.9,18.8,65.7,43.3,1.3,47.4,200,12000.0,73.0,13.0,33.0,8.0,24.0,21.0,57.0,23.0,27.0,6.0,23.0,29.0,18.0,14.0,7.0,4.0,1.0,22.0,22.0,77.0,-95.0
2479453,2,979864,CADI LA SEU,AWAY,74.8,73.9,76.2,94.5,-18.3,45.4,38.0,24.2,27.6,69.7,50.0,0.3,37.0,200,12000.0,57.0,16.0,36.0,3.0,18.0,19.0,54.0,16.0,20.0,8.0,23.0,31.0,7.0,20.0,6.0,0.0,1.0,26.0,22.0,38.0,-60.0
2479453,2,979875,PERFUMERIAS AVENIDA,HOME,73.0,73.9,94.5,76.2,18.3,51.5,50.0,19.3,30.3,72.4,50.0,0.9,44.6,200,12000.0,69.0,16.0,34.0,8.0,22.0,24.0,56.0,13.0,25.0,10.0,21.0,31.0,15.0,16.0,8.0,1.0,0.0,22.0,26.0,68.0,60.0
2479454,2,979954,CASADEMONT ZARAGOZA,AWAY,74.3,72.5,91.5,66.5,25.0,43.4,39.7,13.3,39.0,60.0,48.7,1.0,16.4,200,12000.0,68.0,26.0,59.0,2.0,14.0,28.0,73.0,10.0,12.0,16.0,21.0,37.0,12.0,12.0,10.0,2.0,7.0,17.0,17.0,70.0,105.0
2479454,2,981325,INNOVA-TSN LEGANES,HOME,70.7,72.5,66.5,91.5,-25.0,36.9,33.6,24.8,40.0,61.0,51.3,0.6,22.4,200,12000.0,47.0,15.0,33.0,3.0,25.0,18.0,58.0,8.0,13.0,14.0,25.0,39.0,13.0,21.0,6.0,7.0,2.0,17.0,17.0,46.0,-105.0
2479455,2,979289,CLUB JOVENTUT BADALONA,AWAY,73.0,74.3,132.8,119.4,13.4,71.3,69.7,16.0,29.6,78.8,56.7,1.7,26.2,200,12000.0,97.0,26.0,43.0,11.0,18.0,37.0,61.0,12.0,16.0,8.0,26.0,34.0,22.0,13.0,5.0,0.0,1.0,23.0,18.0,112.0,35.0
2479455,2,981426,MOVISTAR ESTUDIANTES,HOME,75.4,74.2,119.4,132.8,-13.4,61.3,57.7,10.9,21.2,70.4,43.3,1.7,29.2,200,12000.0,90.0,21.0,38.0,11.0,27.0,32.0,65.0,15.0,19.0,7.0,19.0,26.0,15.0,9.0,9.0,1.0,0.0,18.0,23.0,100.0,-35.0
2479456,2,981243,DURÁN MAQUINARIA ENSINO,HOME,69.8,69.8,124.6,114.6,10.0,55.9,55.5,7.2,43.8,55.9,50.0,4.3,15.1,200,12000.0,87.0,30.0,50.0,7.0,23.0,37.0,73.0,6.0,11.0,14.0,19.0,33.0,26.0,6.0,6.0,1.0,0.0,21.0,16.0,101.0,35.0
2479456,2,981322,INGENIERÍA AMBIENTAL CAB ESTEPONA,AWAY,69.8,69.9,114.6,124.6,-10.0,54.2,49.2,13.0,44.1,56.2,50.0,1.5,30.8,200,12000.0,80.0,20.0,38.0,8.0,27.0,28.0,65.0,16.0,20.0,15.0,18.0,33.0,16.0,11.0,3.0,0.0,1.0,16.0,21.0,85.0,-35.0
2479457,2,981303,BAXI FERROL,AWAY,76.9,77.1,80.6,120.4,-39.8,48.5,48.4,22.9,20.0,48.3,33.9,0.8,3.2,200,12000.0,62.0,17.0,39.0,9.0,24.0,26.0,63.0,1.0,2.0,6.0,14.0,20.0,15.0,19.0,12.0,0.0,3.0,19.0,13.0,46.0,-155.0
2479457,2,981359,SPAR GIRONA,HOME,77.2,77.1,120.4,80.6,39.8,61.0,56.7,17.3,51.7,80.0,66.1,1.1,31.3,200,12000.0,93.0,26.0,42.0,8.0,25.0,34.0,67.0,17.0,21.0,15.0,24.0,39.0,18.0,16.0,19.0,3.0,0.0,13.0,19.0,125.0,155.0
2479458,2,979874,IDK EUSKOTREN,AWAY,75.2,76.2,71.8,89.3,-17.5,38.5,36.0,16.6,23.1,87.5,52.1,1.0,7.4,200,12000.0,54.0,23.0,55.0,1.0,13.0,24.0,68.0,5.0,5.0,9.0,28.0,37.0,14.0,14.0,3.0,7.0,3.0,18.0,14.0,53.0,-75.0
2479458,2,980027,VALENCIA B.C.,HOME,77.2,76.2,89.3,71.8,17.5,49.1,45.1,13.5,12.5,76.9,47.9,1.9,34.4,200,12000.0,69.0,20.0,45.0,5.0,16.0,25.0,61.0,14.0,21.0,4.0,30.0,34.0,21.0,11.0,8.0,3.0,7.0,14.0,18.0,85.0,75.0
2479459,3,979875,PERFUMERIAS AVENIDA,AWAY,73.7,72.1,107.2,110.5,-3.3,52.2,44.7,14.7,45.5,63.6,54.5,1.0,33.3,200,12000.0,79.0,22.0,43.0,5.0,23.0,27.0,66.0,20.0,22.0,15.0,21.0,36.0,13.0,13.0,6.0,1.0,0.0,21.0,17.0,77.0,5.0
2479459,3,979923,SPAR GRAN CANARIA,HOME,70.6,72.1,110.5,107.2,3.3,55.3,50.0,14.5,36.4,54.5,45.5,1.0,40.0,200,12000.0,78.0,24.0,48.0,4.0,12.0,28.0,60.0,18.0,24.0,12.0,18.0,30.0,12.0,12.0,6.0,0.0,1.0,17.0,21.0,80.0,-5.0
2479460,3,979954,CASADEMONT ZARAGOZA,AWAY,75.8,75.1,109.4,130.2,-20.8,56.2,47.4,14.0,33.3,75.0,53.4,1.4,62.1,200,12000.0,83.0,17.0,35.0,7.0,23.0,24.0,58.0,28.0,36.0,10.0,21.0,31.0,17.0,12.0,3.0,2.0,0.0,27.0,26.0,81.0,-70.0
2479460,3,979930,LOINTEK GERNIKA BIZKAIA,HOME,74.5,75.2,130.2,109.4,20.8,66.0,57.6,9.8,25.0,66.7,46.6,2.2,55.9,200,12000.0,97.0,22.0,40.0,8.0,19.0,30.0,59.0,29.0,33.0,7.0,20.0,27.0,18.0,8.0,5.0,0.0,2.0,26.0,27.0,107.0,70.0
2479461,3,981243,DURÁN MAQUINARIA ENSINO,AWAY,73.9,71.9,94.7,84.5,10.2,54.8,52.7,19.0,21.7,67.7,48.1,1.1,32.1,200,12000.0,70.0,19.0,43.0,7.0,13.0,26.0,56.0,11.0,18.0,5.0,21.0,26.0,16.0,15.0,9.0,0.0,3.0,18.0,22.0,73.0,55.0
2479461,3,981325,INNOVA-TSN LEGANES,HOME,69.8,71.9,84.5,94.7,-10.2,46.2,44.1,20.0,32.3,78.3,51.9,0.6,18.6,200,12000.0,59.0,17.0,36.0,6.0,23.0,23.0,59.0,7.0,11.0,10.0,18.0,28.0,9.0,16.0,7.0,3.0,0.0,22.0,18.0,46.0,-55.0
2479462,3,979874,IDK EUSKOTREN,HOME,66.7,66.4,124.5,90.9,33.6,64.2,62.7,12.2,28.0,67.7,50.0,2.1,40.0,200,12000.0,83.0,21.0,34.0,9.0,21.0,30.0,55.0,14.0,22.0,7.0,21.0,28.0,19.0,9.0,6.0,1.0,0.0,18.0,21.0,98.0,115.0
2479462,3,981322,INGENIERÍA AMBIENTAL CAB ESTEPONA,AWAY,66.0,66.4,90.9,124.5,-33.6,46.8,41.2,15.8,32.3,72.0,50.0,0.5,28.1,200,12000.0,60.0,19.0,40.0,3.0,17.0,22.0,57.0,13.0,16.0,10.0,18.0,28.0,6.0,12.0,3.0,0.0,1.0,21.0,18.0,44.0,-115.0
2479463,3,979864,CADI LA SEU,HOME,85.5,82.8,85.4,92.4,-7.0,49.0,46.3,22.8,32.4,63.4,49.3,0.8,25.4,200,12000.0,73.0,22.0,42.0,6.0,25.0,28.0,67.0,11.0,17.0,11.0,26.0,37.0,18.0,22.0,8.0,3.0,4.0,22.0,17.0,67.0,-5.0
2479463,3,980027,VALENCIA B.C.,AWAY,80.1,82.8,92.4,85.4,7.0,46.2,37.9,15.8,36.6,67.6,50.7,1.1,32.9,200,12000.0,74.0,13.0,39.0,9.0,31.0,22.0,70.0,21.0,23.0,15.0,23.0,38.0,17.0,15.0,16.0,4.0,3.0,19.0,22.0,87.0,5.0
2479464,3,979981,HOZONO GLOBAL JAIRIS,HOME,72.4,72.9,95.3,79.1,16.2,49.0,46.2,14.6,29.4,70.7,52.0,1.2,15.2,200,12000.0,69.0,17.0,42.0,9.0,24.0,26.0,66.0,8.0,10.0,10.0,29.0,39.0,15.0,12.0,3.0,1.0,0.0,17.0,14.0,70.0,55.0
2479464,3,981426,MOVISTAR ESTUDIANTES,AWAY,73.4,72.9,79.1,95.3,-16.2,39.0,34.1,12.9,29.3,70.6,48.0,1.1,28.8,200,12000.0,58.0,18.0,42.0,3.0,24.0,21.0,66.0,13.0,19.0,12.0,24.0,36.0,12.0,11.0,8.0,0.0,1.0,14.0,17.0,55.0,-55.0
2479465,3,979289,CLUB JOVENTUT BADALONA,HOME,69.5,69.6,92.1,101.7,-9.6,53.8,47.1,21.2,23.1,67.6,48.3,0.8,32.7,200,12000.0,64.0,17.0,32.0,5.0,20.0,22.0,52.0,15.0,17.0,6.0,23.0,29.0,12.0,16.0,8.0,1.0,0.0,18.0,14.0,62.0,-35.0
2479465,3,981359,SPAR GIRONA,AWAY,69.8,69.7,101.7,92.1,9.6,53.1,49.1,17.3,32.4,76.9,51.7,1.1,34.5,200,12000.0,71.0,18.0,33.0,7.0,25.0,25.0,58.0,14.0,20.0,11.0,20.0,31.0,15.0,14.0,10.0,0.0,1.0,16.0,18.0,76.0,35.0
2479466,3,981303,BAXI FERROL,HOME,79.4,70.1,86.9,79.2,7.7,44.6,37.9,15.3,29.3,83.3,54.5,0.9,39.4,225,13500.0,69.0,19.0,44.0,4.0,22.0,23.0,66.0,19.0,26.0,12.0,30.0,42.0,12.0,14.0,9.0,0.0,5.0,16.0,22.0,74.0,35.0
2479466,3,981129,KUTXABANK ARASKI,AWAY,78.3,70.1,79.2,86.9,-7.7,44.7,39.8,17.8,16.7,70.7,45.5,0.6,18.8,225,13500.0,62.0,21.0,49.0,3.0,15.0,24.0,64.0,11.0,12.0,6.0,29.0,35.0,9.0,15.0,5.0,5.0,0.0,22.0,16.0,54.0,-35.0
2479467,4,981303,BAXI FERROL,AWAY,73.8,73.4,77.2,119.2,-42.0,45.4,44.0,22.3,20.6,61.5,38.3,0.6,19.0,200,12000.0,57.0,12.0,28.0,9.0,30.0,21.0,58.0,6.0,11.0,7.0,16.0,23.0,11.0,18.0,11.0,1.0,0.0,19.0,17.0,41.0,-150.0
2479467,4,979954,CASADEMONT ZARAGOZA,HOME,73.0,73.4,119.2,77.2,42.0,63.0,56.9,16.9,38.5,79.4,61.7,1.9,43.1,200,12000.0,87.0,21.0,43.0,8.0,15.0,29.0,58.0,21.0,25.0,10.0,27.0,37.0,27.0,14.0,12.0,0.0,1.0,17.0,19.0,118.0,150.0
2479468,4,981322,INGENIERÍA AMBIENTAL CAB ESTEPONA,HOME,75.7,75.0,85.9,81.9,4.0,44.7,38.1,17.1,30.0,74.3,50.7,0.7,34.9,200,12000.0,65.0,18.0,40.0,4.0,23.0,22.0,63.0,17.0,22.0,12.0,26.0,38.0,11.0,15.0,10.0,1.0,1.0,21.0,23.0,66.0,20.0
2479468,4,981325,INNOVA-TSN LEGANES,AWAY,74.5,75.1,81.9,85.9,-4.0,47.3,44.7,22.8,25.7,70.0,49.3,0.4,29.8,200,12000.0,61.0,15.0,36.0,7.0,21.0,22.0,57.0,10.0,17.0,9.0,28.0,37.0,8.0,19.0,5.0,1.0,1.0,23.0,21.0,49.0,-20.0
2479469,4,979874,IDK EUSKOTREN,AWAY,72.7,73.1,89.4,77.5,11.9,51.0,48.1,24.8,35.3,70.6,52.9,0.6,40.7,200,12000.0,65.0,14.0,36.0,8.0,18.0,22.0,54.0,13.0,22.0,12.0,24.0,36.0,13.0,21.0,9.0,5.0,2.0,16.0,21.0,71.0,40.0
2479469,4,979875,PERFUMERIAS AVENIDA,HOME,73.5,73.1,77.5,89.4,-11.9,42.2,39.8,19.2,29.4,64.7,47.1,0.6,12.5,200,12000.0,57.0,18.0,47.0,5.0,17.0,23.0,64.0,6.0,8.0,10.0,22.0,32.0,10.0,16.0,10.0,2.0,5.0,21.0,16.0,47.0,-40.0
2479470,4,979864,CADI LA SEU,AWAY,75.9,79.7,109.4,116.1,-6.7,57.7,51.7,14.3,23.5,48.5,35.8,1.2,45.0,200,12000.0,83.0,13.0,39.0,12.0,21.0,25.0,60.0,21.0,27.0,8.0,16.0,24.0,14.0,12.0,7.0,0.0,0.0,24.0,22.0,73.0,-70.0
2479470,4,981426,MOVISTAR ESTUDIANTES,HOME,83.5,79.7,116.1,109.4,6.7,56.7,52.1,14.9,51.5,76.5,64.2,1.5,46.5,200,12000.0,97.0,28.0,46.0,6.0,25.0,34.0,71.0,23.0,33.0,17.0,26.0,43.0,23.0,15.0,9.0,0.0,0.0,23.0,24.0,111.0,70.0
2479471,4,981243,DURÁN MAQUINARIA ENSINO,HOME,74.2,72.0,114.5,119.3,-4.8,57.2,53.8,12.9,35.5,85.2,58.6,1.8,32.3,200,12000.0,85.0,26.0,43.0,6.0,22.0,32.0,65.0,15.0,21.0,11.0,23.0,34.0,20.0,11.0,3.0,0.0,0.0,21.0,21.0,92.0,10.0
2479471,4,979930,LOINTEK GERNIKA BIZKAIA,AWAY,69.6,71.9,119.3,114.5,4.8,60.5,56.9,6.8,14.8,64.5,41.4,3.8,41.4,200,12000.0,83.0,24.0,41.0,6.0,17.0,30.0,58.0,17.0,24.0,4.0,20.0,24.0,19.0,5.0,6.0,0.0,0.0,22.0,21.0,91.0,-10.0
2479472,4,981129,KUTXABANK ARASKI,AWAY,73.7,75.6,66.5,116.3,-49.8,42.4,38.5,26.7,15.6,62.1,37.7,0.3,25.0,200,12000.0,49.0,17.0,41.0,2.0,11.0,19.0,52.0,9.0,13.0,5.0,18.0,23.0,6.0,21.0,10.0,3.0,2.0,15.0,14.0,32.0,-205.0
2479472,4,981359,SPAR GIRONA,HOME,77.4,75.5,116.3,66.5,49.8,59.7,57.0,14.7,37.9,84.4,62.3,1.9,14.1,200,12000.0,90.0,24.0,49.0,11.0,22.0,35.0,71.0,9.0,10.0,11.0,27.0,38.0,25.0,13.0,16.0,2.0,3.0,14.0,15.0,122.0,205.0
2479473,4,979289,CLUB JOVENTUT BADALONA,HOME,80.1,81.2,109.8,92.5,17.3,56.3,56.6,14.3,31.4,72.7,51.5,1.5,33.8,200,12000.0,88.0,28.0,46.0,7.0,22.0,35.0,68.0,11.0,23.0,11.0,24.0,35.0,19.0,13.0,10.0,3.0,2.0,18.0,21.0,100.0,60.0
2479473,4,979923,SPAR GRAN CANARIA,AWAY,82.2,81.2,92.5,109.8,-17.3,50.6,46.4,17.6,27.3,68.6,48.5,1.1,20.3,200,12000.0,76.0,17.0,43.0,10.0,26.0,27.0,69.0,12.0,14.0,9.0,24.0,33.0,18.0,16.0,6.0,2.0,3.0,21.0,18.0,72.0,-60.0
2479474,4,979981,HOZONO GLOBAL JAIRIS,AWAY,73.5,75.8,83.0,81.9,1.1,44.5,42.3,17.0,23.7,82.4,51.4,0.9,12.3,200,12000.0,61.0,20.0,46.0,5.0,19.0,25.0,65.0,6.0,8.0,9.0,28.0,37.0,12.0,14.0,12.0,1.0,0.0,18.0,11.0,60.0,-15.0
2479474,4,980027,VALENCIA B.C.,HOME,78.1,75.8,81.9,83.0,-1.1,46.3,39.0,17.8,17.6,76.3,48.6,1.0,39.0,200,12000.0,64.0,14.0,40.0,6.0,19.0,20.0,59.0,18.0,23.0,6.0,29.0,35.0,15.0,15.0,10.0,0.0,1.0,11.0,18.0,72.0,15.0
2479475,5,979864,CADI LA SEU,AWAY,74.3,72.0,86.2,80.3,5.9,41.4,40.3,17.2,46.3,70.4,55.9,1.2,16.7,200,12000.0,64.0,20.0,44.0,6.0,28.0,26.0,72.0,6.0,12.0,19.0,19.0,38.0,19.0,16.0,11.0,1.0,2.0,16.0,15.0,64.0,40.0
2479475,5,981129,KUTXABANK ARASKI,HOME,69.7,72.0,80.3,86.2,-5.9,48.5,44.2,25.7,29.6,53.7,44.1,0.8,25.0,200,12000.0,56.0,14.0,37.0,6.0,15.0,20.0,52.0,10.0,13.0,8.0,22.0,30.0,17.0,20.0,10.0,2.0,1.0,15.0,16.0,61.0,-40.0
2479476,5,979289,CLUB JOVENTUT BADALONA,AWAY,77.9,77.8,82.1,103.0,-20.9,43.9,42.3,16.1,22.0,56.2,37.0,1.1,27.7,200,12000.0,64.0,20.0,42.0,5.0,23.0,25.0,65.0,9.0,18.0,9.0,18.0,27.0,16.0,14.0,15.0,0.0,1.0,19.0,18.0,58.0,-80.0
2479476,5,979930,LOINTEK GERNIKA BIZKAIA,HOME,77.7,77.8,103.0,82.1,20.9,55.0,46.8,20.7,43.8,78.0,63.0,1.1,34.9,200,12000.0,80.0,22.0,42.0,5.0,21.0,27.0,63.0,21.0,22.0,14.0,32.0,46.0,20.0,19.0,10.0,1.0,0.0,18.0,19.0,102.0,80.0
2479477,5,979954,CASADEMONT ZARAGOZA,HOME,78.3,77.7,98.4,93.2,5.2,53.3,50.0,16.2,25.0,78.6,50.0,0.8,17.9,200,12000.0,77.0,26.0,49.0,5.0,18.0,31.0,67.0,10.0,12.0,8.0,22.0,30.0,11.0,14.0,11.0,1.0,3.0,22.0,19.0,75.0,25.0
2479477,5,981359,SPAR GIRONA,AWAY,77.2,77.7,93.2,98.4,-5.2,58.8,51.0,26.4,21.4,75.0,50.0,0.8,40.4,200,12000.0,72.0,16.0,30.0,7.0,22.0,23.0,52.0,19.0,21.0,6.0,24.0,30.0,17.0,22.0,10.0,3.0,1.0,19.0,22.0,82.0,-25.0
2479478,5,981325,INNOVA-TSN LEGANES,HOME,78.9,80.4,106.4,68.5,37.9,60.9,55.7,18.8,22.2,83.3,54.4,1.5,29.5,200,12000.0,84.0,25.0,44.0,6.0,17.0,31.0,61.0,16.0,18.0,6.0,25.0,31.0,24.0,16.0,14.0,3.0,4.0,20.0,18.0,106.0,140.0
2479478,5,979923,SPAR GRAN CANARIA,AWAY,81.7,80.4,68.5,106.4,-37.9,41.3,35.5,21.9,16.7,77.8,45.6,0.7,21.0,200,12000.0,56.0,19.0,45.0,2.0,17.0,21.0,62.0,12.0,13.0,5.0,21.0,26.0,13.0,19.0,8.0,4.0,3.0,18.0,19.0,47.0,-140.0
2479479,5,981243,DURÁN MAQUINARIA ENSINO,HOME,70.0,71.7,104.3,88.4,15.9,52.9,49.1,15.9,36.4,68.4,53.5,1.3,43.1,200,12000.0,73.0,21.0,38.0,5.0,20.0,26.0,58.0,16.0,25.0,12.0,26.0,38.0,17.0,13.0,10.0,1.0,2.0,15.0,23.0,93.0,40.0
2479479,5,979875,PERFUMERIAS AVENIDA,AWAY,73.5,71.8,88.4,104.3,-15.9,46.1,44.0,17.5,31.6,63.6,46.5,1.1,11.9,200,12000.0,65.0,13.0,38.0,11.0,29.0,24.0,67.0,6.0,8.0,12.0,21.0,33.0,16.0,15.0,7.0,2.0,1.0,23.0,15.0,55.0,-40.0
2479480,5,979981,HOZONO GLOBAL JAIRIS,HOME,78.1,72.6,78.1,105.9,-27.8,41.1,35.2,9.7,10.8,76.9,38.1,1.5,35.9,200,12000.0,61.0,15.0,43.0,5.0,21.0,20.0,64.0,16.0,23.0,4.0,20.0,24.0,12.0,8.0,6.0,2.0,4.0,18.0,20.0,48.0,-50.0
2479480,5,979874,IDK EUSKOTREN,AWAY,67.0,72.7,105.9,78.1,27.8,58.2,53.7,16.4,23.1,89.2,61.9,1.2,29.6,200,12000.0,71.0,20.0,37.0,6.0,17.0,26.0,54.0,13.0,16.0,6.0,33.0,39.0,14.0,12.0,2.0,4.0,2.0,20.0,18.0,85.0,50.0
2479481,5,981303,BAXI FERROL,HOME,73.2,71.1,102.4,138.1,-35.7,53.4,49.2,13.5,28.6,64.7,42.2,1.5,34.4,200,12000.0,75.0,21.0,42.0,6.0,19.0,27.0,61.0,15.0,21.0,8.0,11.0,19.0,16.0,11.0,6.0,0.0,2.0,15.0,21.0,71.0,-100.0
2479481,5,981322,INGENIERÍA AMBIENTAL CAB ESTEPONA,AWAY,68.8,71.0,138.1,102.4,35.7,78.1,73.1,18.7,35.3,71.4,57.8,1.8,38.5,200,12000.0,95.0,23.0,35.0,10.0,17.0,33.0,52.0,19.0,20.0,6.0,20.0,26.0,25.0,14.0,5.0,2.0,0.0,21.0,15.0,113.0,100.0
2479482,5,981426,MOVISTAR ESTUDIANTES,AWAY,77.2,77.0,79.0,109.4,-30.4,42.8,42.0,15.4,17.5,69.7,41.1,1.0,7.2,200,12000.0,61.0,23.0,48.0,4.0,21.0,27.0,69.0,3.0,5.0,7.0,23.0,30.0,13.0,13.0,8.0,0.0,3.0,19.0,13.0,49.0,-115.0
2479482,5,980027,VALENCIA B.C.,HOME,76.8,77.0,109.4,79.0,30.4,59.3,52.4,18.4,30.3,82.5,58.9,1.4,32.3,200,12000.0,84.0,19.0,41.0,9.0,21.0,28.0,62.0,19.0,20.0,10.0,33.0,43.0,22.0,16.0,10.0,3.0,0.0,13.0,19.0,117.0,115.0
2479483,6,981129,KUTXABANK ARASKI,HOME,82.4,79.6,68.0,100.1,-32.1,39.2,32.5,18.3,14.3,81.2,46.3,0.8,30.2,200,12000.0,56.0,16.0,44.0,3.0,19.0,19.0,63.0,15.0,19.0,5.0,26.0,31.0,12.0,16.0,8.0,1.0,4.0,19.0,18.0,43.0,-105.0
2479483,6,980027,VALENCIA B.C.,AWAY,76.9,79.6,100.1,68.0,32.1,55.1,50.8,15.7,18.8,85.7,53.7,2.2,29.0,200,12000.0,77.0,24.0,39.0,5.0,23.0,29.0,62.0,14.0,18.0,6.0,30.0,36.0,28.0,13.0,8.0,4.0,1.0,18.0,19.0,104.0,105.0
2479484,6,981243,DURÁN MAQUINARIA ENSINO,AWAY,75.7,77.9,109.6,98.5,11.1,59.5,57.0,16.7,29.6,77.4,55.2,1.4,20.3,200,12000.0,83.0,23.0,42.0,9.0,22.0,32.0,64.0,10.0,13.0,8.0,24.0,32.0,20.0,14.0,7.0,1.0,1.0,27.0,18.0,85.0,20.0
2479484,6,979923,SPAR GRAN CANARIA,HOME,80.2,78.0,98.5,109.6,-11.1,54.7,50.0,17.2,22.6,70.4,44.8,1.2,50.8,200,12000.0,79.0,16.0,35.0,9.0,24.0,25.0,59.0,20.0,30.0,7.0,19.0,26.0,18.0,15.0,10.0,1.0,1.0,18.0,27.0,84.0,-20.0
2479485,6,979981,HOZONO GLOBAL JAIRIS,AWAY,67.3,66.8,115.9,111.3,4.6,58.8,55.7,12.0,27.6,65.4,45.5,1.7,19.7,200,12000.0,78.0,25.0,39.0,6.0,22.0,31.0,61.0,10.0,12.0,8.0,17.0,25.0,15.0,9.0,1.0,1.0,1.0,21.0,18.0,76.0,20.0
2479485,6,979930,LOINTEK GERNIKA BIZKAIA,HOME,66.5,66.9,111.3,115.9,-4.6,55.7,53.4,11.9,34.6,72.4,54.5,1.9,28.8,200,12000.0,74.0,21.0,35.0,7.0,24.0,28.0,59.0,11.0,17.0,9.0,21.0,30.0,17.0,9.0,5.0,1.0,1.0,19.0,20.0,82.0,-20.0
2479486,6,981322,INGENIERÍA AMBIENTAL CAB ESTEPONA,AWAY,75.6,74.7,64.8,85.4,-20.6,44.1,37.8,33.5,29.6,62.9,48.4,0.2,53.3,200,12000.0,49.0,11.0,30.0,4.0,15.0,15.0,45.0,15.0,24.0,8.0,22.0,30.0,5.0,28.0,13.0,0.0,2.0,18.0,21.0,33.0,-70.0
2479486,6,979875,PERFUMERIAS AVENIDA,HOME,73.8,74.7,85.4,64.8,20.6,47.2,44.0,23.0,37.1,70.4,51.6,0.5,34.5,200,12000.0,63.0,18.0,38.0,5.0,20.0,23.0,58.0,12.0,20.0,13.0,19.0,32.0,9.0,20.0,15.0,2.0,0.0,22.0,17.0,53.0,70.0
2479487,6,979874,IDK EUSKOTREN,HOME,72.2,74.6,113.5,91.0,22.5,68.1,63.7,21.0,21.1,65.6,49.0,1.2,41.2,200,12000.0,82.0,22.0,36.0,7.0,15.0,29.0,51.0,17.0,21.0,4.0,21.0,25.0,19.0,16.0,8.0,0.0,4.0,16.0,17.0,93.0,60.0
2479487,6,981426,MOVISTAR ESTUDIANTES,AWAY,77.0,74.6,91.0,113.5,-22.5,47.3,45.0,15.9,34.4,78.9,51.0,1.1,12.9,200,12000.0,70.0,24.0,49.0,5.0,21.0,29.0,70.0,7.0,9.0,11.0,15.0,26.0,16.0,14.0,8.0,4.0,0.0,17.0,16.0,66.0,-60.0
2479488,6,981303,BAXI FERROL,AWAY,81.4,83.6,109.3,71.2,38.1,65.0,62.3,24.3,32.1,72.5,55.9,1.0,45.6,200,12000.0,89.0,13.0,20.0,15.0,37.0,28.0,57.0,18.0,26.0,9.0,29.0,38.0,21.0,22.0,8.0,2.0,0.0,19.0,25.0,105.0,140.0
2479488,6,979864,CADI LA SEU,HOME,85.7,83.6,71.2,109.3,-38.1,38.8,34.8,18.6,27.5,67.9,44.1,0.7,31.9,200,12000.0,61.0,18.0,42.0,4.0,27.0,22.0,69.0,13.0,22.0,11.0,19.0,30.0,13.0,18.0,13.0,0.0,2.0,25.0,19.0,37.0,-140.0
2479489,6,981325,INNOVA-TSN LEGANES,AWAY,67.9,71.3,111.9,113.8,-1.9,56.8,51.7,14.1,30.3,54.5,40.0,1.1,30.5,200,12000.0,76.0,20.0,45.0,7.0,14.0,27.0,59.0,15.0,18.0,10.0,12.0,22.0,12.0,11.0,16.0,2.0,0.0,21.0,21.0,82.0,-45.0
2479489,6,981359,SPAR GIRONA,HOME,74.7,71.3,113.8,111.9,1.9,64.7,57.1,22.4,45.5,69.7,60.0,0.9,39.3,200,12000.0,85.0,20.0,38.0,8.0,18.0,28.0,56.0,21.0,22.0,10.0,23.0,33.0,17.0,19.0,10.0,0.0,2.0,22.0,20.0,95.0,45.0
2479490,6,979954,CASADEMONT ZARAGOZA,AWAY,80.6,80.6,120.3,105.4,14.9,75.0,66.7,24.5,25.0,78.0,60.7,1.0,60.8,200,12000.0,97.0,22.0,28.0,8.0,23.0,30.0,51.0,29.0,31.0,5.0,32.0,37.0,20.0,21.0,6.0,5.0,0.0,25.0,24.0,120.0,60.0
2479490,6,979289,CLUB JOVENTUT BADALONA,HOME,80.6,80.6,105.4,120.3,-14.9,55.5,46.8,14.5,22.0,75.0,39.3,1.0,49.2,200,12000.0,85.0,13.0,30.0,11.0,33.0,24.0,63.0,26.0,31.0,9.0,15.0,24.0,13.0,13.0,13.0,0.0,5.0,27.0,23.0,74.0,-60.0
2479491,7,979954,CASADEMONT ZARAGOZA,AWAY,76.6,74.1,97.9,97.9,0.0,51.7,50.0,11.0,14.7,80.0,50.0,2.6,22.7,200,12000.0,75.0,27.0,50.0,4.0,16.0,31.0,66.0,9.0,15.0,5.0,32.0,37.0,23.0,9.0,7.0,6.0,2.0,12.0,19.0,105.0,25.0
2479491,7,981322,INGENIERÍA AMBIENTAL CAB ESTEPONA,HOME,71.5,74.1,97.9,97.9,0.0,49.6,47.8,11.3,20.0,85.3,50.0,1.7,11.9,200,12000.0,70.0,20.0,45.0,8.0,22.0,28.0,67.0,6.0,8.0,8.0,29.0,37.0,15.0,9.0,6.0,2.0,6.0,19.0,11.0,72.0,-25.0
2479492,7,979930,LOINTEK GERNIKA BIZKAIA,AWAY,76.2,75.6,78.7,113.3,-34.6,46.0,39.3,24.4,31.2,69.7,50.8,0.4,37.5,200,12000.0,60.0,19.0,38.0,2.0,18.0,21.0,56.0,16.0,21.0,10.0,23.0,33.0,9.0,21.0,5.0,1.0,2.0,21.0,20.0,46.0,-125.0
2479492,7,979875,PERFUMERIAS AVENIDA,HOME,75.0,75.6,113.3,78.7,34.6,59.0,56.9,15.3,30.3,68.8,49.2,1.7,24.6,200,12000.0,85.0,16.0,35.0,14.0,30.0,30.0,65.0,11.0,16.0,10.0,22.0,32.0,22.0,13.0,15.0,2.0,1.0,20.0,21.0,104.0,125.0
2479493,7,981426,MOVISTAR ESTUDIANTES,HOME,71.0,71.6,111.2,122.0,-10.8,51.9,47.1,9.5,32.5,60.9,42.9,1.6,23.2,200,12000.0,79.0,19.0,43.0,9.0,26.0,28.0,69.0,14.0,16.0,13.0,14.0,27.0,13.0,8.0,9.0,1.0,1.0,17.0,17.0,78.0,-45.0
2479493,7,981359,SPAR GIRONA,AWAY,72.1,71.6,122.0,111.2,10.8,65.6,59.6,17.3,39.1,67.5,57.1,1.3,40.4,200,12000.0,88.0,19.0,31.0,10.0,26.0,29.0,57.0,20.0,23.0,9.0,27.0,36.0,18.0,14.0,6.0,1.0,1.0,18.0,17.0,103.0,45.0
2479494,7,981243,DURÁN MAQUINARIA ENSINO,HOME,72.4,72.4,80.2,111.8,-31.6,40.1,35.2,16.2,35.9,65.5,48.5,0.5,29.7,200,12000.0,58.0,18.0,46.0,3.0,18.0,21.0,64.0,13.0,19.0,14.0,19.0,33.0,7.0,14.0,10.0,0.0,1.0,17.0,18.0,46.0,-115.0
2479494,7,979981,HOZONO GLOBAL JAIRIS,AWAY,72.5,72.4,111.8,80.2,31.6,60.0,57.5,18.2,34.5,64.1,51.5,1.6,28.3,200,12000.0,81.0,21.0,35.0,9.0,25.0,30.0,60.0,12.0,17.0,10.0,25.0,35.0,24.0,15.0,7.0,1.0,0.0,18.0,17.0,97.0,115.0
2479495,7,979864,CADI LA SEU,HOME,74.8,76.1,97.5,91.8,5.7,50.1,47.8,16.1,34.3,75.0,53.7,1.4,16.2,200,12000.0,73.0,22.0,47.0,7.0,21.0,29.0,68.0,8.0,11.0,12.0,24.0,36.0,19.0,14.0,7.0,1.0,2.0,21.0,14.0,73.0,10.0
2479495,7,979923,SPAR GRAN CANARIA,AWAY,77.4,76.1,91.8,97.5,-5.7,49.7,45.2,16.4,25.0,65.7,46.3,1.2,30.2,200,12000.0,71.0,18.0,37.0,7.0,26.0,25.0,63.0,14.0,19.0,8.0,23.0,31.0,17.0,14.0,9.0,2.0,1.0,14.0,20.0,79.0,-10.0
2479496,7,979289,CLUB JOVENTUT BADALONA,HOME,82.1,80.2,90.1,102.1,-12.0,54.3,50.9,21.8,19.2,70.3,49.2,0.9,39.7,200,12000.0,74.0,22.0,39.0,5.0,19.0,27.0,58.0,15.0,23.0,5.0,26.0,31.0,17.0,19.0,6.0,1.0,1.0,20.0,22.0,73.0,-30.0
2479496,7,981129,KUTXABANK ARASKI,AWAY,78.4,80.2,102.1,90.1,12.0,53.8,50.8,16.8,29.7,80.8,50.8,1.3,28.8,200,12000.0,80.0,20.0,40.0,9.0,26.0,29.0,66.0,13.0,19.0,11.0,21.0,32.0,19.0,15.0,13.0,1.0,1.0,22.0,20.0,85.0,30.0
2479497,7,981303,BAXI FERROL,HOME,65.5,67.9,100.8,100.7,0.1,48.2,41.8,8.1,25.0,60.0,40.9,2.2,27.9,200,12000.0,66.0,15.0,43.0,7.0,18.0,22.0,61.0,15.0,17.0,9.0,18.0,27.0,13.0,6.0,7.0,2.0,3.0,14.0,20.0,74.0,-25.0
2479497,7,979874,IDK EUSKOTREN,AWAY,70.5,68.0,100.7,100.8,-0.1,51.1,48.4,15.8,40.0,75.0,59.1,1.3,27.4,200,12000.0,71.0,15.0,39.0,10.0,23.0,25.0,62.0,11.0,17.0,12.0,27.0,39.0,17.0,13.0,2.0,3.0,2.0,21.0,13.0,68.0,25.0
2479498,7,981325,INNOVA-TSN LEGANES,AWAY,78.5,77.4,75.2,116.7,-41.5,40.7,33.8,15.2,18.4,84.4,48.6,1.1,26.2,200,12000.0,59.0,19.0,53.0,2.0,12.0,21.0,65.0,15.0,17.0,7.0,27.0,34.0,14.0,13.0,5.0,1.0,5.0,19.0,17.0,52.0,-150.0
2479498,7,980027,VALENCIA B.C.,HOME,76.3,77.4,116.7,75.2,41.5,59.1,57.9,7.4,15.6,81.6,51.4,3.8,17.1,200,12000.0,89.0,27.0,46.0,9.0,24.0,36.0,70.0,8.0,12.0,5.0,31.0,36.0,23.0,6.0,5.0,5.0,1.0,17.0,19.0,116.0,150.0
2479499,8,981303,BAXI FERROL,AWAY,76.0,75.6,106.5,123.5,-17.0,51.9,49.3,14.3,39.5,66.7,48.2,1.2,22.5,200,12000.0,81.0,17.0,32.0,12.0,39.0,29.0,71.0,11.0,16.0,15.0,12.0,27.0,16.0,13.0,6.0,0.0,2.0,17.0,20.0,73.0,-60.0
2479499,8,979923,SPAR GRAN CANARIA,HOME,75.3,75.7,123.5,106.5,17.0,74.7,71.1,23.4,33.3,60.5,51.8,1.3,21.1,200,12000.0,93.0,30.0,45.0,7.0,12.0,37.0,57.0,12.0,12.0,6.0,23.0,29.0,24.0,19.0,8.0,2.0,0.0,20.0,17.0,114.0,60.0
2479500,8,979864,CADI LA SEU,AWAY,74.0,73.0,101.3,87.7,13.6,56.8,51.7,16.4,17.9,72.7,47.5,1.2,27.1,200,12000.0,75.0,17.0,36.0,9.0,23.0,26.0,59.0,14.0,16.0,5.0,24.0,29.0,16.0,13.0,6.0,1.0,2.0,21.0,17.0,75.0,60.0
2479500,8,979930,LOINTEK GERNIKA BIZKAIA,HOME,71.8,72.9,87.7,101.3,-13.6,45.8,39.2,14.9,27.3,82.1,52.5,0.9,33.3,200,12000.0,63.0,10.0,26.0,9.0,34.0,19.0,60.0,16.0,20.0,9.0,23.0,32.0,11.0,12.0,4.0,2.0,1.0,17.0,21.0,59.0,-60.0
2479501,8,979954,CASADEMONT ZARAGOZA,HOME,78.5,78.6,91.7,83.8,7.9,56.7,54.5,24.0,16.1,73.0,47.1,1.1,30.4,200,12000.0,72.0,20.0,36.0,7.0,20.0,27.0,56.0,11.0,17.0,5.0,27.0,32.0,22.0,20.0,10.0,1.0,3.0,15.0,16.0,83.0,30.0
2479501,8,981426,MOVISTAR ESTUDIANTES,AWAY,78.7,78.6,83.8,91.7,-7.9,44.2,42.0,15.8,27.0,83.9,52.9,1.1,18.8,200,12000.0,66.0,20.0,46.0,6.0,23.0,26.0,69.0,8.0,13.0,10.0,26.0,36.0,16.0,14.0,15.0,3.0,1.0,16.0,15.0,73.0,-30.0
2479502,8,981325,INNOVA-TSN LEGANES,HOME,79.0,78.0,81.0,91.0,-10.0,45.7,41.3,18.6,21.9,64.9,44.9,0.3,25.4,200,12000.0,64.0,17.0,41.0,6.0,22.0,23.0,63.0,12.0,16.0,7.0,24.0,31.0,5.0,16.0,8.0,3.0,0.0,26.0,20.0,45.0,-31.0
2479502,8,981129,KUTXABANK ARASKI,AWAY,76.9,77.9,91.0,81.0,10.0,45.5,44.2,14.5,35.1,78.1,55.1,0.7,26.1,200,12000.0,70.0,23.0,53.0,5.0,16.0,28.0,69.0,9.0,18.0,13.0,25.0,38.0,9.0,13.0,9.0,0.0,3.0,20.0,26.0,69.0,30.0
2479503,8,979289,CLUB JOVENTUT BADALONA,AWAY,74.9,75.0,90.8,99.8,-9.0,54.9,50.0,22.5,16.7,61.7,44.2,0.5,33.3,200,12000.0,68.0,21.0,38.0,4.0,16.0,25.0,54.0,14.0,18.0,5.0,29.0,34.0,9.0,18.0,7.0,0.0,1.0,17.0,16.0,66.0,-35.0
2479503,8,979874,IDK EUSKOTREN,HOME,75.2,75.1,99.8,90.8,9.0,46.2,44.0,12.9,38.3,83.3,55.8,1.5,18.7,200,12000.0,75.0,24.0,53.0,6.0,22.0,30.0,75.0,9.0,14.0,18.0,25.0,43.0,18.0,12.0,8.0,1.0,0.0,16.0,17.0,84.0,35.0
2479504,8,979981,HOZONO GLOBAL JAIRIS,HOME,71.5,73.1,90.9,93.7,-2.8,53.7,50.0,20.9,17.9,73.3,46.6,0.8,32.1,200,12000.0,65.0,25.0,41.0,1.0,12.0,26.0,53.0,12.0,17.0,5.0,22.0,27.0,13.0,16.0,4.0,2.0,0.0,15.0,16.0,64.0,-25.0
2479504,8,979875,PERFUMERIAS AVENIDA,AWAY,74.7,73.1,93.7,90.9,2.8,50.9,46.8,16.9,26.7,82.1,53.4,0.8,20.6,200,12000.0,70.0,19.0,44.0,7.0,19.0,26.0,63.0,11.0,13.0,8.0,23.0,31.0,11.0,14.0,7.0,0.0,2.0,16.0,15.0,65.0,25.0
2479505,8,981243,DURÁN MAQUINARIA ENSINO,AWAY,80.5,79.2,80.8,111.7,-30.9,43.1,41.2,17.5,27.5,65.5,43.5,0.9,25.0,200,12000.0,65.0,16.0,46.0,8.0,22.0,24.0,68.0,9.0,17.0,11.0,19.0,30.0,14.0,16.0,11.0,3.0,1.0,21.0,18.0,52.0,-110.0
2479505,8,981359,SPAR GIRONA,HOME,77.9,79.2,111.7,80.8,30.9,62.2,57.3,20.5,34.5,72.5,56.5,1.4,29.0,200,12000.0,87.0,19.0,33.0,11.0,29.0,30.0,62.0,16.0,18.0,10.0,29.0,39.0,25.0,18.0,4.0,1.0,3.0,18.0,21.0,107.0,110.0
2479506,8,981322,INGENIERÍA AMBIENTAL CAB ESTEPONA,AWAY,72.8,71.4,101.6,117.3,-15.7,58.0,55.1,19.0,20.7,61.1,43.1,1.3,18.6,200,12000.0,74.0,22.0,42.0,7.0,17.0,29.0,59.0,9.0,11.0,6.0,22.0,28.0,20.0,15.0,3.0,0.0,2.0,19.0,19.0,78.0,-40.0
2479506,8,980027,VALENCIA B.C.,HOME,69.9,71.4,117.3,101.6,15.7,54.0,51.5,9.5,38.9,79.3,56.9,2.8,26.5,200,12000.0,82.0,20.0,41.0,10.0,27.0,30.0,68.0,12.0,18.0,14.0,23.0,37.0,22.0,8.0,9.0,2.0,0.0,19.0,19.0,100.0,40.0
2479507,9,981129,KUTXABANK ARASKI,HOME,78.4,80.4,98.3,100.7,-2.4,53.2,48.4,16.2,23.5,81.2,51.5,1.3,29.7,200,12000.0,77.0,19.0,44.0,8.0,20.0,27.0,64.0,15.0,19.0,8.0,26.0,34.0,18.0,14.0,7.0,2.0,1.0,22.0,17.0,78.0,-30.0
2479507,9,979923,SPAR GRAN CANARIA,AWAY,82.4,80.4,100.7,98.3,2.4,54.3,46.9,13.6,18.8,76.5,48.5,0.8,40.0,200,12000.0,83.0,26.0,50.0,3.0,15.0,29.0,65.0,22.0,26.0,6.0,26.0,32.0,9.0,12.0,9.0,1.0,2.0,17.0,22.0,87.0,30.0
2479508,9,981322,INGENIERÍA AMBIENTAL CAB ESTEPONA,HOME,70.4,68.1,99.4,130.5,-31.1,51.2,50.0,9.3,16.7,51.9,33.3,2.9,15.6,200,12000.0,70.0,23.0,38.0,6.0,26.0,29.0,64.0,6.0,10.0,5.0,14.0,19.0,20.0,7.0,5.0,1.0,1.0,16.0,18.0,71.0,-80.0
2479508,9,979930,LOINTEK GERNIKA BIZKAIA,AWAY,65.9,68.2,130.5,99.4,31.1,60.6,57.9,10.1,48.1,83.3,66.7,2.2,28.6,200,12000.0,86.0,20.0,35.0,11.0,28.0,31.0,63.0,13.0,18.0,13.0,25.0,38.0,18.0,8.0,5.0,1.0,1.0,18.0,16.0,101.0,80.0
2479509,9,979875,PERFUMERIAS AVENIDA,HOME,73.2,73.1,79.2,78.1,1.1,44.5,42.9,21.6,29.4,82.9,56.5,0.4,7.9,200,12000.0,58.0,15.0,37.0,8.0,26.0,23.0,63.0,4.0,5.0,10.0,29.0,39.0,8.0,18.0,12.0,3.0,3.0,16.0,11.0,56.0,5.0
2479509,9,980027,VALENCIA B.C.,AWAY,73.0,73.1,78.1,79.2,-1.1,45.3,42.4,20.3,17.1,70.6,43.5,0.8,15.3,200,12000.0,57.0,13.0,42.0,8.0,17.0,21.0,59.0,7.0,9.0,6.0,24.0,30.0,13.0,16.0,8.0,3.0,3.0,11.0,14.0,58.0,-5.0
2479510,9,981303,BAXI FERROL,AWAY,73.4,74.6,117.2,109.4,7.8,56.3,54.2,13.6,42.9,80.0,58.3,1.1,13.9,200,12000.0,86.0,21.0,40.0,12.0,32.0,33.0,72.0,8.0,10.0,15.0,20.0,35.0,13.0,12.0,5.0,2.0,4.0,19.0,17.0,86.0,15.0
2479510,9,981426,MOVISTAR ESTUDIANTES,HOME,75.8,74.7,109.4,117.2,-7.8,58.6,57.6,12.4,20.0,57.1,41.7,1.7,16.7,200,12000.0,83.0,20.0,39.0,12.0,27.0,32.0,66.0,7.0,11.0,5.0,20.0,25.0,17.0,10.0,9.0,4.0,2.0,17.0,19.0,92.0,-15.0
2479511,9,981243,DURÁN MAQUINARIA ENSINO,HOME,66.5,63.2,91.7,85.2,6.5,42.1,39.1,11.0,39.5,78.6,56.1,1.4,11.6,200,12000.0,61.0,24.0,56.0,2.0,13.0,26.0,69.0,7.0,8.0,15.0,22.0,37.0,13.0,9.0,7.0,1.0,3.0,15.0,13.0,64.0,50.0
2479511,9,979874,IDK EUSKOTREN,AWAY,59.8,63.2,85.2,91.7,-6.5,45.7,42.2,15.2,21.4,60.5,43.9,0.8,21.6,200,12000.0,51.0,14.0,32.0,5.0,19.0,19.0,51.0,8.0,11.0,6.0,23.0,29.0,8.0,10.0,7.0,3.0,1.0,13.0,15.0,55.0,-50.0
2479512,9,979864,CADI LA SEU,HOME,74.5,74.7,92.6,109.6,-17.0,52.7,47.4,19.6,20.6,57.6,38.8,0.9,29.3,200,12000.0,69.0,14.0,36.0,9.0,22.0,23.0,58.0,14.0,17.0,7.0,19.0,26.0,14.0,16.0,8.0,1.0,1.0,22.0,18.0,60.0,-65.0
2479512,9,979954,CASADEMONT ZARAGOZA,AWAY,74.8,74.7,109.6,92.6,17.0,56.3,50.8,18.0,42.4,79.4,61.2,1.3,31.2,200,12000.0,82.0,19.0,43.0,9.0,21.0,28.0,64.0,17.0,20.0,14.0,27.0,41.0,21.0,16.0,12.0,1.0,1.0,18.0,22.0,106.0,65.0
2479513,9,979981,HOZONO GLOBAL JAIRIS,HOME,66.3,67.5,107.1,112.2,-5.1,52.8,49.2,10.6,32.1,65.7,50.8,2.0,19.4,200,12000.0,71.0,23.0,44.0,5.0,18.0,28.0,62.0,10.0,12.0,9.0,23.0,32.0,16.0,8.0,4.0,2.0,1.0,18.0,13.0,76.0,-30.0
2479513,9,981359,SPAR GIRONA,AWAY,68.6,67.5,112.2,107.1,5.1,54.5,50.0,12.4,34.3,67.9,49.2,1.7,23.4,200,12000.0,77.0,20.0,41.0,8.0,23.0,28.0,64.0,13.0,15.0,12.0,19.0,31.0,17.0,10.0,2.0,1.0,2.0,13.0,18.0,85.0,30.0
2479514,9,979289,CLUB JOVENTUT BADALONA,HOME,90.3,78.1,78.6,76.1,2.5,44.8,40.3,19.3,19.5,78.6,49.4,0.6,41.8,225,13500.0,71.0,21.0,47.0,4.0,20.0,25.0,67.0,17.0,28.0,8.0,33.0,41.0,12.0,19.0,13.0,3.0,3.0,17.0,22.0,73.0,30.0
2479514,9,981325,INNOVA-TSN LEGANES,AWAY,85.4,78.0,76.1,78.6,-2.5,41.5,35.0,17.0,21.4,80.5,50.6,1.0,27.1,225,13500.0,65.0,14.0,35.0,7.0,35.0,21.0,70.0,16.0,19.0,9.0,33.0,42.0,16.0,16.0,13.0,3.0,3.0,22.0,17.0,66.0,-30.0
2479515,10,981322,INGENIERÍA AMBIENTAL CAB ESTEPONA,AWAY,73.8,71.9,123.2,101.4,21.8,71.3,69.5,22.9,37.5,72.7,57.9,1.2,18.6,200,12000.0,91.0,17.0,30.0,16.0,29.0,33.0,59.0,9.0,11.0,9.0,24.0,33.0,22.0,19.0,7.0,0.0,1.0,24.0,16.0,98.0,100.0
2479515,10,981129,KUTXABANK ARASKI,HOME,70.0,72.0,101.4,123.2,-21.8,51.4,45.7,12.7,27.3,62.5,42.1,1.3,43.1,200,12000.0,71.0,16.0,32.0,7.0,26.0,23.0,58.0,18.0,25.0,9.0,15.0,24.0,13.0,10.0,5.0,1.0,0.0,16.0,23.0,69.0,-100.0
2479516,10,979954,CASADEMONT ZARAGOZA,HOME,72.5,74.3,117.3,96.0,21.3,59.5,57.8,12.3,33.3,88.0,59.6,2.7,26.6,200,12000.0,85.0,25.0,45.0,8.0,19.0,33.0,64.0,11.0,17.0,9.0,22.0,31.0,27.0,10.0,14.0,0.0,1.0,17.0,22.0,115.0,60.0
2479516,10,979875,PERFUMERIAS AVENIDA,AWAY,76.0,74.3,96.0,117.3,-21.3,58.8,55.5,21.5,12.0,66.7,40.4,1.2,29.1,200,12000.0,73.0,17.0,36.0,9.0,19.0,26.0,55.0,12.0,16.0,3.0,18.0,21.0,20.0,17.0,10.0,1.0,0.0,22.0,16.0,69.0,-60.0
2479517,10,981325,INNOVA-TSN LEGANES,HOME,67.2,69.3,101.1,85.3,15.8,49.1,44.2,12.6,38.7,77.8,59.7,1.3,35.0,200,12000.0,68.0,22.0,39.0,3.0,21.0,25.0,60.0,15.0,21.0,12.0,28.0,40.0,13.0,10.0,6.0,3.0,4.0,18.0,22.0,83.0,35.0
2479517,10,981426,MOVISTAR ESTUDIANTES,AWAY,71.5,69.3,85.3,101.1,-15.8,45.2,40.0,15.1,22.2,61.3,40.3,0.9,28.3,200,12000.0,61.0,15.0,42.0,6.0,18.0,21.0,60.0,13.0,17.0,8.0,19.0,27.0,11.0,12.0,4.0,4.0,3.0,22.0,18.0,48.0,-35.0
2479518,10,979864,CADI LA SEU,HOME,70.5,71.6,89.3,98.9,-9.6,41.7,38.9,7.4,26.2,75.0,47.3,2.5,11.1,200,12000.0,63.0,19.0,49.0,6.0,23.0,25.0,72.0,7.0,8.0,11.0,24.0,35.0,15.0,6.0,8.0,1.0,3.0,18.0,15.0,65.0,-45.0
2479518,10,979981,HOZONO GLOBAL JAIRIS,AWAY,72.8,71.6,98.9,89.3,9.6,53.1,47.5,16.1,25.0,73.8,52.7,1.2,33.9,200,12000.0,72.0,16.0,38.0,8.0,21.0,24.0,59.0,16.0,20.0,8.0,31.0,39.0,15.0,13.0,6.0,3.0,1.0,15.0,18.0,86.0,45.0
2479519,10,979874,IDK EUSKOTREN,AWAY,71.5,71.0,83.9,100.5,-16.6,51.3,48.2,24.5,24.0,52.2,37.5,0.4,14.5,200,12000.0,60.0,22.0,41.0,3.0,14.0,25.0,55.0,7.0,8.0,6.0,12.0,18.0,7.0,19.0,13.0,0.0,1.0,21.0,18.0,45.0,-55.0
2479519,10,981359,SPAR GIRONA,HOME,70.7,71.1,100.5,83.9,16.6,56.6,50.9,23.3,47.8,76.0,62.5,0.5,41.5,200,12000.0,71.0,21.0,38.0,4.0,15.0,25.0,53.0,17.0,22.0,11.0,19.0,30.0,10.0,19.0,15.0,1.0,0.0,18.0,21.0,78.0,55.0
2479520,10,979289,CLUB JOVENTUT BADALONA,HOME,74.8,74.3,92.3,85.4,6.9,46.8,41.8,13.0,31.2,66.7,50.0,1.4,47.5,200,12000.0,69.0,15.0,36.0,7.0,25.0,22.0,61.0,18.0,29.0,10.0,24.0,34.0,15.0,11.0,9.0,6.0,3.0,20.0,25.0,77.0,30.0
2479520,10,981243,DURÁN MAQUINARIA ENSINO,AWAY,73.8,74.3,85.4,92.3,-6.9,46.5,38.1,21.0,33.3,68.8,50.0,0.8,33.9,200,12000.0,63.0,9.0,32.0,9.0,27.0,18.0,59.0,18.0,20.0,12.0,22.0,34.0,14.0,18.0,5.0,3.0,6.0,25.0,20.0,53.0,-30.0
2479521,10,981303,BAXI FERROL,HOME,70.0,72.1,101.4,76.9,24.5,54.6,53.4,16.7,25.8,74.3,51.5,1.2,27.6,200,12000.0,71.0,16.0,29.0,10.0,29.0,26.0,58.0,9.0,16.0,8.0,26.0,34.0,16.0,13.0,9.0,4.0,2.0,16.0,18.0,84.0,70.0
2479521,10,979930,LOINTEK GERNIKA BIZKAIA,AWAY,74.2,72.1,76.9,101.4,-24.5,43.7,40.7,21.6,25.7,74.2,48.5,0.6,23.7,200,12000.0,57.0,12.0,33.0,8.0,26.0,20.0,59.0,9.0,14.0,9.0,23.0,32.0,10.0,18.0,7.0,2.0,4.0,18.0,16.0,44.0,-70.0
2479522,10,979923,SPAR GRAN CANARIA,AWAY,76.5,75.5,86.3,111.3,-25.0,44.9,39.4,14.0,23.1,72.7,45.8,1.0,25.8,200,12000.0,66.0,20.0,50.0,4.0,16.0,24.0,66.0,14.0,17.0,9.0,24.0,33.0,12.0,12.0,4.0,0.0,2.0,14.0,17.0,61.0,-85.0
2479522,10,980027,VALENCIA B.C.,HOME,74.6,75.5,111.3,86.3,25.0,57.2,54.5,13.2,27.3,76.9,54.2,2.1,22.7,200,12000.0,83.0,21.0,35.0,10.0,31.0,31.0,66.0,11.0,15.0,9.0,30.0,39.0,23.0,11.0,7.0,2.0,0.0,18.0,14.0,100.0,85.0
2479523,11,981359,SPAR GIRONA,AWAY,78.4,76.1,118.6,90.6,28.0,57.1,50.7,12.8,40.5,73.1,54.0,2.1,37.1,200,12000.0,93.0,16.0,44.0,13.0,26.0,29.0,70.0,22.0,26.0,15.0,19.0,34.0,25.0,12.0,10.0,2.0,3.0,18.0,22.0,111.0,130.0
2479523,11,979923,SPAR GRAN CANARIA,HOME,73.9,76.2,90.6,118.6,-28.0,50.8,44.8,18.5,26.9,59.5,46.0,1.0,31.0,200,12000.0,67.0,20.0,44.0,4.0,14.0,24.0,58.0,15.0,18.0,7.0,22.0,29.0,15.0,15.0,10.0,3.0,2.0,22.0,18.0,68.0,-130.0
2479524,11,981325,INNOVA-TSN LEGANES,AWAY,66.4,67.3,114.5,91.0,23.5,61.9,61.4,18.6,32.1,75.8,55.7,1.1,17.5,200,12000.0,76.0,20.0,33.0,10.0,24.0,30.0,57.0,6.0,10.0,9.0,25.0,34.0,15.0,14.0,6.0,0.0,1.0,18.0,17.0,85.0,70.0
2479524,11,979930,LOINTEK GERNIKA BIZKAIA,HOME,68.2,67.3,91.0,114.5,-23.5,49.1,43.9,17.1,24.2,67.9,44.3,1.1,24.6,200,12000.0,62.0,19.0,37.0,4.0,20.0,23.0,57.0,12.0,14.0,8.0,19.0,27.0,14.0,13.0,6.0,1.0,0.0,17.0,18.0,62.0,-70.0
2479525,11,979289,CLUB JOVENTUT BADALONA,AWAY,72.0,71.5,93.1,95.7,-2.6,47.9,42.4,17.6,37.1,61.5,50.0,0.7,42.4,200,12000.0,67.0,16.0,41.0,6.0,18.0,22.0,59.0,17.0,25.0,13.0,24.0,37.0,11.0,15.0,6.0,1.0,3.0,16.0,22.0,68.0,-5.0
2479525,11,979875,PERFUMERIAS AVENIDA,HOME,71.0,71.5,95.7,93.1,2.6,45.9,42.5,13.9,38.5,62.9,50.0,1.2,23.9,200,12000.0,68.0,18.0,40.0,7.0,27.0,25.0,67.0,11.0,16.0,15.0,22.0,37.0,15.0,12.0,9.0,3.0,1.0,22.0,16.0,67.0,5.0
2479526,11,981322,INGENIERÍA AMBIENTAL CAB ESTEPONA,AWAY,69.0,70.0,87.0,119.8,-32.8,42.3,39.6,10.1,23.8,79.2,43.9,1.5,13.4,200,12000.0,60.0,16.0,40.0,7.0,27.0,23.0,67.0,7.0,9.0,10.0,19.0,29.0,12.0,8.0,7.0,2.0,0.0,17.0,15.0,54.0,-125.0
2479526,11,981426,MOVISTAR ESTUDIANTES,HOME,71.0,70.0,119.8,87.0,32.8,65.4,63.1,14.5,20.8,76.2,56.1,2.1,14.8,200,12000.0,85.0,25.0,42.0,9.0,19.0,34.0,61.0,8.0,9.0,5.0,32.0,37.0,23.0,11.0,5.0,0.0,2.0,15.0,17.0,113.0,125.0
2479527,11,981243,DURÁN MAQUINARIA ENSINO,HOME,66.1,68.5,93.8,79.1,14.7,46.2,38.6,16.2,41.2,80.8,58.3,0.7,40.4,200,12000.0,62.0,10.0,28.0,8.0,29.0,18.0,57.0,18.0,23.0,14.0,21.0,35.0,9.0,13.0,13.0,3.0,2.0,17.0,21.0,69.0,30.0
2479527,11,981129,KUTXABANK ARASKI,AWAY,70.8,68.5,79.1,93.8,-14.7,47.6,44.4,22.4,19.2,58.8,41.7,0.6,20.4,200,12000.0,56.0,18.0,33.0,4.0,21.0,22.0,54.0,8.0,11.0,5.0,20.0,25.0,11.0,17.0,4.0,2.0,3.0,21.0,17.0,42.0,-30.0
2479528,11,979864,CADI LA SEU,AWAY,75.8,77.0,99.0,89.5,9.5,57.9,51.0,17.8,11.1,59.0,39.4,0.8,55.8,200,12000.0,75.0,22.0,42.0,3.0,10.0,25.0,52.0,22.0,29.0,3.0,23.0,26.0,11.0,14.0,7.0,2.0,3.0,20.0,25.0,78.0,25.0
2479528,11,979874,IDK EUSKOTREN,HOME,78.2,77.0,89.5,99.0,-9.5,44.2,40.0,15.9,41.0,88.9,60.6,0.9,30.0,200,12000.0,70.0,22.0,55.0,4.0,15.0,26.0,70.0,14.0,21.0,16.0,24.0,40.0,14.0,15.0,9.0,3.0,2.0,26.0,19.0,63.0,-25.0
2479529,11,981303,BAXI FERROL,AWAY,77.7,75.4,79.8,110.8,-31.0,42.6,38.1,16.1,25.7,81.8,52.9,1.1,19.4,200,12000.0,62.0,18.0,41.0,5.0,26.0,23.0,67.0,11.0,13.0,9.0,27.0,36.0,15.0,14.0,4.0,0.0,2.0,12.0,17.0,62.0,-95.0
2479529,11,979981,HOZONO GLOBAL JAIRIS,HOME,73.1,75.4,110.8,79.8,31.0,58.6,56.8,12.6,18.2,74.3,47.1,2.2,10.6,200,12000.0,81.0,21.0,34.0,11.0,32.0,32.0,66.0,6.0,7.0,6.0,26.0,32.0,22.0,10.0,8.0,2.0,0.0,17.0,12.0,95.0,95.0
2479530,11,979954,CASADEMONT ZARAGOZA,AWAY,73.3,72.9,99.6,73.0,26.6,51.2,47.7,15.4,32.4,80.5,58.7,1.5,18.2,200,12000.0,73.0,24.0,48.0,5.0,18.0,29.0,66.0,10.0,12.0,11.0,33.0,44.0,20.0,13.0,7.0,1.0,2.0,17.0,18.0,94.0,100.0
2479530,11,980027,VALENCIA B.C.,HOME,72.6,72.9,73.0,99.6,-26.6,39.8,32.5,17.4,19.5,67.6,41.3,0.6,25.0,200,12000.0,53.0,12.0,34.0,5.0,26.0,17.0,60.0,14.0,15.0,8.0,23.0,31.0,8.0,14.0,10.0,2.0,1.0,18.0,17.0,45.0,-100.0
2479531,12,981129,KUTXABANK ARASKI,HOME,82.4,83.0,91.0,91.0,0.0,54.0,50.0,23.2,25.0,87.1,55.6,0.7,44.8,200,12000.0,75.0,17.0,40.0,8.0,18.0,25.0,58.0,17.0,26.0,8.0,27.0,35.0,15.0,21.0,8.0,0.0,2.0,17.0,19.0,72.0,-5.0
2479531,12,981426,MOVISTAR ESTUDIANTES,AWAY,83.5,83.0,91.0,91.0,0.0,53.9,50.8,19.4,12.9,75.0,44.4,1.1,27.0,200,12000.0,76.0,20.0,42.0,8.0,21.0,28.0,63.0,12.0,17.0,4.0,24.0,28.0,19.0,17.0,12.0,2.0,0.0,19.0,17.0,78.0,5.0
2479532,12,979930,LOINTEK GERNIKA BIZKAIA,AWAY,72.6,72.9,101.9,119.1,-17.2,51.0,47.0,13.2,29.7,64.3,44.6,1.0,22.7,200,12000.0,74.0,19.0,37.0,8.0,29.0,27.0,66.0,12.0,15.0,11.0,18.0,29.0,11.0,11.0,8.0,0.0,2.0,19.0,17.0,67.0,-65.0
2479532,12,979923,SPAR GRAN CANARIA,HOME,73.0,72.8,119.1,101.9,17.2,64.9,61.7,19.3,35.7,70.3,55.4,1.2,26.7,200,12000.0,87.0,19.0,33.0,12.0,27.0,31.0,60.0,13.0,16.0,10.0,26.0,36.0,20.0,16.0,7.0,2.0,0.0,17.0,19.0,106.0,65.0
2479533,12,979289,CLUB JOVENTUT BADALONA,AWAY,75.0,74.3,82.7,89.7,-7.0,50.9,50.0,22.8,14.3,71.4,46.0,0.9,15.8,200,12000.0,62.0,18.0,38.0,7.0,19.0,25.0,57.0,5.0,9.0,4.0,25.0,29.0,16.0,18.0,7.0,3.0,1.0,18.0,14.0,59.0,-20.0
2479533,12,981322,INGENIERÍA AMBIENTAL CAB ESTEPONA,HOME,73.6,74.3,89.7,82.7,7.0,47.4,44.4,16.7,28.6,85.7,54.0,1.4,23.8,200,12000.0,66.0,16.0,34.0,8.0,29.0,24.0,63.0,10.0,15.0,10.0,24.0,34.0,20.0,14.0,11.0,1.0,3.0,14.0,18.0,78.0,20.0
2479534,12,981303,BAXI FERROL,AWAY,76.6,75.9,98.0,107.7,-9.7,61.9,56.0,28.4,32.0,50.0,42.1,0.8,48.0,200,12000.0,75.0,10.0,20.0,12.0,30.0,22.0,50.0,19.0,24.0,8.0,16.0,24.0,19.0,24.0,10.0,3.0,1.0,17.0,21.0,78.0,-30.0
2479534,12,979875,PERFUMERIAS AVENIDA,HOME,75.2,75.9,107.7,98.0,9.7,55.3,47.7,19.7,50.0,68.0,57.9,0.9,32.8,200,12000.0,81.0,17.0,37.0,9.0,27.0,26.0,64.0,20.0,21.0,16.0,17.0,33.0,17.0,18.0,17.0,1.0,3.0,22.0,17.0,87.0,30.0
2479535,12,979864,CADI LA SEU,AWAY,71.2,72.7,80.1,113.3,-33.2,44.4,40.5,20.0,23.1,69.7,44.4,0.6,24.1,200,12000.0,57.0,16.0,41.0,5.0,17.0,21.0,58.0,10.0,14.0,9.0,23.0,32.0,9.0,16.0,3.0,0.0,1.0,17.0,22.0,49.0,-135.0
2479535,12,981243,DURÁN MAQUINARIA ENSINO,HOME,74.2,72.7,113.3,80.1,33.2,55.1,54.3,9.5,30.3,76.9,55.6,3.4,20.0,200,12000.0,84.0,29.0,54.0,6.0,16.0,35.0,70.0,8.0,14.0,10.0,30.0,40.0,27.0,8.0,9.0,1.0,0.0,22.0,17.0,107.0,135.0
2479536,12,979874,IDK EUSKOTREN,HOME,69.3,71.7,86.6,98.6,-12.0,42.1,32.2,15.4,38.5,78.1,56.3,0.4,47.5,200,12000.0,60.0,16.0,42.0,2.0,17.0,18.0,59.0,22.0,28.0,15.0,25.0,40.0,5.0,13.0,3.0,5.0,1.0,22.0,26.0,57.0,-65.0
2479536,12,981325,INNOVA-TSN LEGANES,AWAY,74.0,71.7,98.6,86.6,12.0,50.7,44.3,11.1,21.9,61.5,43.7,0.3,41.0,200,12000.0,73.0,21.0,47.0,4.0,14.0,25.0,61.0,19.0,25.0,7.0,24.0,31.0,3.0,9.0,3.0,1.0,5.0,26.0,21.0,55.0,65.0
2479537,12,979954,CASADEMONT ZARAGOZA,AWAY,77.2,78.9,103.6,77.0,26.6,60.4,55.3,17.4,13.6,72.5,51.6,1.2,36.8,200,12000.0,80.0,24.0,41.0,5.0,16.0,29.0,57.0,17.0,21.0,3.0,29.0,32.0,17.0,14.0,7.0,2.0,0.0,20.0,18.0,90.0,90.0
2479537,12,979981,HOZONO GLOBAL JAIRIS,HOME,80.5,78.9,77.0,103.6,-26.6,41.6,38.1,18.6,27.5,86.4,48.4,1.2,25.4,200,12000.0,62.0,15.0,40.0,7.0,27.0,22.0,67.0,11.0,17.0,11.0,19.0,30.0,21.0,17.0,7.0,0.0,2.0,18.0,20.0,54.0,-90.0
2479538,12,981359,SPAR GIRONA,HOME,81.6,81.0,117.6,84.7,32.9,61.8,56.2,14.3,30.0,80.0,56.9,1.9,48.4,200,12000.0,96.0,24.0,40.0,8.0,24.0,32.0,64.0,24.0,31.0,9.0,28.0,37.0,25.0,13.0,15.0,1.0,1.0,18.0,22.0,126.0,140.0
2479538,12,980027,VALENCIA B.C.,AWAY,80.3,81.0,84.7,117.6,-32.9,47.7,45.5,18.3,20.0,70.0,43.1,0.6,18.2,200,12000.0,68.0,15.0,40.0,10.0,26.0,25.0,66.0,8.0,12.0,7.0,21.0,28.0,10.0,16.0,7.0,1.0,1.0,22.0,18.0,49.0,-140.0
2479539,13,979874,IDK EUSKOTREN,AWAY,74.0,73.1,101.3,111.1,-9.8,50.0,47.1,10.7,31.2,69.2,48.3,1.9,23.5,200,12000.0,75.0,23.0,52.0,6.0,16.0,29.0,68.0,11.0,16.0,10.0,18.0,28.0,17.0,9.0,12.0,1.0,3.0,20.0,16.0,76.0,-25.0
2479539,13,979930,LOINTEK GERNIKA BIZKAIA,HOME,72.0,73.1,111.1,101.3,9.8,62.5,60.4,20.0,30.8,68.8,51.7,0.9,47.2,200,12000.0,80.0,20.0,39.0,8.0,14.0,28.0,53.0,16.0,25.0,8.0,22.0,30.0,15.0,16.0,5.0,3.0,1.0,16.0,19.0,86.0,25.0
2479540,13,979954,CASADEMONT ZARAGOZA,HOME,76.9,76.0,98.8,93.2,5.6,53.6,50.0,14.5,21.4,68.3,49.3,2.0,28.6,200,12000.0,76.0,21.0,34.0,7.0,29.0,28.0,63.0,13.0,18.0,6.0,28.0,34.0,24.0,12.0,7.0,0.0,0.0,13.0,18.0,94.0,30.0
2479540,13,981129,KUTXABANK ARASKI,AWAY,75.1,76.0,93.2,98.8,-5.6,48.6,46.4,18.2,31.7,78.6,50.7,1.1,10.1,200,12000.0,70.0,14.0,42.0,12.0,27.0,26.0,69.0,6.0,7.0,13.0,22.0,35.0,17.0,16.0,6.0,0.0,0.0,18.0,13.0,63.0,-30.0
2479541,13,979981,HOZONO GLOBAL JAIRIS,AWAY,76.4,77.1,100.8,92.5,8.3,53.2,46.9,16.2,27.8,82.5,56.6,1.1,29.7,200,12000.0,77.0,15.0,38.0,10.0,26.0,25.0,64.0,17.0,19.0,10.0,33.0,43.0,15.0,14.0,4.0,1.0,1.0,19.0,16.0,82.0,25.0
2479541,13,981322,INGENIERÍA AMBIENTAL CAB ESTEPONA,HOME,77.8,77.0,92.5,100.8,-8.3,49.5,45.3,14.2,17.5,72.2,43.4,1.2,31.2,200,12000.0,72.0,17.0,38.0,8.0,26.0,25.0,64.0,14.0,20.0,7.0,26.0,33.0,15.0,12.0,6.0,1.0,1.0,16.0,19.0,73.0,-25.0
2479542,13,981325,INNOVA-TSN LEGANES,HOME,71.2,69.8,96.9,93.6,3.3,47.1,42.2,10.9,30.6,65.6,47.1,1.8,32.8,200,12000.0,69.0,18.0,43.0,6.0,21.0,24.0,64.0,15.0,21.0,11.0,21.0,32.0,16.0,9.0,6.0,2.0,3.0,15.0,19.0,74.0,25.0
2479542,13,979875,PERFUMERIAS AVENIDA,AWAY,68.4,69.8,93.6,96.9,-3.3,47.5,46.0,15.1,34.4,69.4,52.9,1.5,15.9,200,12000.0,64.0,23.0,44.0,4.0,19.0,27.0,63.0,6.0,10.0,11.0,25.0,36.0,18.0,12.0,5.0,3.0,2.0,19.0,15.0,70.0,-25.0
2479543,13,981426,MOVISTAR ESTUDIANTES,HOME,77.2,78.6,119.1,86.1,33.0,58.1,54.3,15.0,47.1,72.5,60.8,2.0,30.0,200,12000.0,92.0,23.0,48.0,10.0,22.0,33.0,70.0,16.0,21.0,16.0,29.0,45.0,28.0,14.0,7.0,2.0,3.0,18.0,19.0,119.0,115.0
2479543,13,979923,SPAR GRAN CANARIA,AWAY,80.1,78.7,86.1,119.1,-33.0,43.1,36.4,12.1,27.5,52.9,39.2,1.3,32.9,200,12000.0,69.0,21.0,47.0,3.0,23.0,24.0,70.0,18.0,23.0,11.0,18.0,29.0,14.0,11.0,6.0,3.0,2.0,19.0,18.0,58.0,-115.0
2479544,13,979864,CADI LA SEU,HOME,74.4,74.7,86.1,109.2,-23.1,46.8,38.3,19.0,30.3,58.3,44.9,1.1,31.7,200,12000.0,64.0,17.0,38.0,4.0,22.0,21.0,60.0,18.0,19.0,10.0,21.0,31.0,18.0,16.0,11.0,1.0,2.0,20.0,21.0,70.0,-90.0
2479544,13,981359,SPAR GIRONA,AWAY,75.1,74.7,109.2,86.1,23.1,53.2,48.5,14.4,41.7,69.7,55.1,1.7,34.3,200,12000.0,82.0,22.0,42.0,7.0,25.0,29.0,67.0,17.0,23.0,15.0,23.0,38.0,22.0,13.0,11.0,2.0,1.0,21.0,20.0,97.0,90.0
2479545,13,979289,CLUB JOVENTUT BADALONA,HOME,72.5,73.5,97.9,113.0,-15.1,53.4,50.8,21.3,37.5,68.4,54.3,0.8,12.7,200,12000.0,71.0,26.0,43.0,4.0,20.0,30.0,63.0,7.0,8.0,12.0,26.0,38.0,15.0,18.0,5.0,0.0,3.0,17.0,17.0,77.0,-65.0
2479545,13,980027,VALENCIA B.C.,AWAY,74.4,73.4,113.0,97.9,15.1,52.9,51.4,8.1,31.6,62.5,45.7,3.0,26.8,200,12000.0,84.0,20.0,39.0,11.0,32.0,31.0,71.0,11.0,19.0,12.0,20.0,32.0,21.0,7.0,13.0,3.0,0.0,17.0,16.0,97.0,65.0
2479546,13,981303,BAXI FERROL,HOME,72.8,74.0,97.5,89.1,8.4,55.6,50.0,22.0,39.1,61.5,53.2,0.9,36.4,200,12000.0,71.0,14.0,35.0,9.0,20.0,23.0,55.0,16.0,20.0,9.0,24.0,33.0,17.0,18.0,7.0,3.0,1.0,18.0,23.0,82.0,20.0
2479546,13,981243,DURÁN MAQUINARIA ENSINO,AWAY,75.2,74.0,89.1,97.5,-8.4,42.9,38.2,13.3,38.5,60.9,46.8,1.3,19.4,200,12000.0,67.0,20.0,49.0,5.0,23.0,25.0,72.0,12.0,14.0,15.0,14.0,29.0,16.0,12.0,12.0,1.0,3.0,24.0,18.0,58.0,-20.0
2479547,14,979954,CASADEMONT ZARAGOZA,AWAY,74.0,73.7,110.8,77.7,33.1,53.2,50.0,10.5,32.4,78.9,56.0,2.0,22.9,200,12000.0,82.0,17.0,47.0,12.0,23.0,29.0,70.0,12.0,16.0,12.0,30.0,42.0,18.0,9.0,8.0,1.0,2.0,13.0,18.0,102.0,125.0
2479547,14,979923,SPAR GRAN CANARIA,HOME,73.4,73.8,77.7,110.8,-33.1,42.9,39.5,18.4,21.1,67.6,44.0,0.6,16.1,200,12000.0,57.0,17.0,43.0,5.0,19.0,22.0,62.0,8.0,10.0,8.0,25.0,33.0,9.0,15.0,4.0,2.0,1.0,18.0,13.0,43.0,-125.0
2479548,14,981243,DURÁN MAQUINARIA ENSINO,AWAY,83.7,80.0,93.2,115.4,-22.2,51.5,49.3,19.2,30.3,75.0,49.1,1.0,18.6,200,12000.0,78.0,21.0,43.0,9.0,27.0,30.0,70.0,9.0,13.0,10.0,18.0,28.0,18.0,18.0,10.0,1.0,2.0,21.0,16.0,68.0,-50.0
2479548,14,981426,MOVISTAR ESTUDIANTES,HOME,76.2,79.9,115.4,93.2,22.2,65.4,58.6,18.2,25.0,69.7,50.9,0.9,36.2,200,12000.0,88.0,22.0,36.0,8.0,22.0,30.0,58.0,20.0,21.0,6.0,23.0,29.0,14.0,15.0,7.0,2.0,1.0,17.0,19.0,98.0,50.0
2479549,14,979874,IDK EUSKOTREN,HOME,69.1,69.5,72.4,78.5,-6.1,39.0,39.3,21.0,35.3,89.2,63.4,0.8,11.5,200,12000.0,50.0,15.0,45.0,6.0,16.0,21.0,61.0,2.0,7.0,12.0,33.0,45.0,14.0,17.0,7.0,4.0,1.0,14.0,15.0,59.0,-25.0
2479549,14,981129,KUTXABANK ARASKI,AWAY,70.0,69.6,78.5,72.4,6.1,42.9,37.7,13.5,10.8,64.7,36.6,0.9,28.1,200,12000.0,55.0,17.0,43.0,3.0,14.0,20.0,57.0,12.0,16.0,4.0,22.0,26.0,9.0,10.0,5.0,1.0,4.0,15.0,14.0,44.0,25.0
2479550,14,979864,CADI LA SEU,HOME,73.2,74.1,121.7,93.3,28.4,60.0,57.4,14.9,51.9,88.9,70.4,1.3,20.6,200,12000.0,89.0,24.0,50.0,10.0,18.0,34.0,68.0,11.0,14.0,14.0,24.0,38.0,17.0,13.0,7.0,1.0,2.0,24.0,16.0,94.0,95.0
2479550,14,981322,INGENIERÍA AMBIENTAL CAB ESTEPONA,AWAY,75.0,74.1,93.3,121.7,-28.4,55.6,51.0,19.2,11.1,48.1,29.6,0.9,48.1,200,12000.0,70.0,13.0,28.0,9.0,24.0,22.0,52.0,17.0,25.0,3.0,13.0,16.0,13.0,15.0,6.0,2.0,1.0,17.0,23.0,60.0,-95.0
2479551,14,979981,HOZONO GLOBAL JAIRIS,HOME,70.8,72.9,101.7,85.4,16.3,53.9,47.4,13.0,24.0,69.0,52.2,1.1,34.5,200,12000.0,72.0,20.0,40.0,5.0,18.0,25.0,58.0,17.0,20.0,6.0,29.0,35.0,11.0,10.0,2.0,2.0,1.0,19.0,16.0,73.0,40.0
2479551,14,981325,INNOVA-TSN LEGANES,AWAY,74.9,72.9,85.4,101.7,-16.3,38.1,36.2,4.5,31.0,76.0,47.8,2.0,23.7,200,12000.0,64.0,20.0,54.0,5.0,22.0,25.0,76.0,9.0,18.0,13.0,19.0,32.0,8.0,4.0,7.0,1.0,2.0,16.0,19.0,51.0,-40.0
2479552,14,979875,PERFUMERIAS AVENIDA,AWAY,71.7,71.5,83.7,108.1,-24.4,44.3,38.7,16.1,30.0,63.6,47.6,0.7,21.0,200,12000.0,60.0,21.0,44.0,2.0,18.0,23.0,62.0,12.0,13.0,9.0,21.0,30.0,9.0,13.0,8.0,1.0,1.0,22.0,17.0,50.0,-85.0
2479552,14,981359,SPAR GIRONA,HOME,71.2,71.5,108.1,83.7,24.4,55.6,51.7,16.8,36.4,70.0,52.4,1.3,35.0,200,12000.0,77.0,16.0,36.0,10.0,24.0,26.0,60.0,15.0,21.0,12.0,21.0,33.0,18.0,14.0,12.0,1.0,1.0,19.0,22.0,90.0,85.0
2479553,14,981303,BAXI FERROL,HOME,73.7,71.0,89.5,90.8,-1.3,49.5,47.5,17.3,21.9,71.9,46.9,1.0,21.3,200,12000.0,66.0,11.0,33.0,12.0,28.0,23.0,61.0,8.0,13.0,7.0,23.0,30.0,14.0,14.0,7.0,2.0,2.0,14.0,18.0,66.0,20.0
2479553,14,979289,CLUB JOVENTUT BADALONA,AWAY,68.3,70.9,90.8,89.5,1.3,49.8,45.6,19.4,28.1,78.1,53.1,0.7,21.1,200,12000.0,62.0,20.0,40.0,4.0,17.0,24.0,57.0,10.0,12.0,9.0,25.0,34.0,10.0,15.0,9.0,2.0,2.0,18.0,14.0,63.0,-20.0
2479554,14,979930,LOINTEK GERNIKA BIZKAIA,AWAY,82.0,81.6,64.6,107.2,-42.6,34.0,33.1,17.0,24.0,73.5,44.0,0.8,22.5,200,12000.0,53.0,19.0,50.0,3.0,21.0,22.0,71.0,6.0,16.0,12.0,25.0,37.0,12.0,16.0,7.0,0.0,6.0,20.0,19.0,33.0,-170.0
2479554,14,980027,VALENCIA B.C.,HOME,81.1,81.6,107.2,64.6,42.6,55.7,50.0,13.3,26.5,76.0,56.0,1.6,33.8,200,12000.0,87.0,16.0,36.0,12.0,32.0,28.0,68.0,19.0,23.0,9.0,38.0,47.0,19.0,12.0,11.0,6.0,0.0,19.0,20.0,115.0,170.0
2479555,15,979981,HOZONO GLOBAL JAIRIS,AWAY,72.0,72.2,116.7,102.1,14.6,60.9,57.8,17.9,48.0,76.2,65.7,1.2,43.1,200,12000.0,84.0,17.0,29.0,11.0,29.0,28.0,58.0,17.0,25.0,12.0,32.0,44.0,18.0,15.0,5.0,1.0,1.0,20.0,19.0,98.0,50.0
2479555,15,981129,KUTXABANK ARASKI,HOME,72.5,72.3,102.1,116.7,-14.6,49.7,44.0,9.7,23.8,52.0,34.3,2.1,25.4,200,12000.0,74.0,10.0,34.0,13.0,33.0,23.0,67.0,15.0,17.0,10.0,13.0,23.0,17.0,8.0,5.0,1.0,1.0,19.0,20.0,67.0,-50.0
2479556,15,979930,LOINTEK GERNIKA BIZKAIA,HOME,68.4,67.2,105.2,94.1,11.1,55.9,46.2,15.7,24.2,68.4,47.9,1.3,49.1,200,12000.0,72.0,17.0,37.0,5.0,16.0,22.0,53.0,23.0,26.0,8.0,26.0,34.0,16.0,12.0,7.0,1.0,2.0,20.0,20.0,84.0,50.0
2479556,15,981359,SPAR GIRONA,AWAY,65.9,67.2,94.1,105.2,-11.1,46.3,40.7,14.1,31.6,75.8,52.1,1.7,30.5,200,12000.0,62.0,15.0,32.0,6.0,27.0,21.0,59.0,14.0,18.0,12.0,25.0,37.0,19.0,11.0,4.0,2.0,1.0,21.0,20.0,70.0,-50.0
2479557,15,979954,CASADEMONT ZARAGOZA,HOME,72.0,70.2,72.2,67.1,5.1,36.1,28.7,16.3,33.3,70.6,50.0,1.1,41.0,200,12000.0,52.0,13.0,41.0,3.0,20.0,16.0,61.0,17.0,25.0,14.0,24.0,38.0,15.0,14.0,11.0,4.0,4.0,17.0,21.0,57.0,30.0
2479557,15,979874,IDK EUSKOTREN,AWAY,68.5,70.3,67.1,72.2,-5.1,39.3,35.5,25.5,29.4,66.7,50.0,0.6,14.5,200,12000.0,46.0,15.0,45.0,3.0,10.0,18.0,55.0,7.0,8.0,10.0,28.0,38.0,11.0,20.0,10.0,4.0,4.0,21.0,17.0,47.0,-30.0
2479558,15,981322,INGENIERÍA AMBIENTAL CAB ESTEPONA,HOME,70.8,71.9,113.0,87.6,25.4,59.9,52.6,14.1,24.1,60.0,43.8,1.2,34.5,200,12000.0,80.0,20.0,43.0,7.0,15.0,27.0,58.0,19.0,20.0,7.0,21.0,28.0,13.0,11.0,12.0,0.0,0.0,20.0,15.0,85.0,80.0
2479558,15,979923,SPAR GRAN CANARIA,AWAY,73.0,72.0,87.6,113.0,-25.4,47.0,45.1,21.8,40.0,75.9,56.2,0.9,26.2,200,12000.0,64.0,23.0,43.0,3.0,18.0,26.0,61.0,9.0,16.0,14.0,22.0,36.0,17.0,19.0,6.0,0.0,0.0,17.0,19.0,64.0,-80.0
2479559,15,981426,MOVISTAR ESTUDIANTES,AWAY,77.6,76.7,87.6,93.7,-6.1,46.8,42.4,18.1,30.6,65.7,47.9,1.0,22.7,200,12000.0,68.0,22.0,46.0,4.0,20.0,26.0,66.0,12.0,15.0,11.0,23.0,34.0,16.0,16.0,5.0,3.0,2.0,18.0,18.0,67.0,-15.0
2479559,15,979875,PERFUMERIAS AVENIDA,HOME,75.8,76.7,93.7,87.6,6.1,48.1,42.3,15.9,34.3,69.4,52.1,0.7,30.8,200,12000.0,71.0,17.0,43.0,7.0,22.0,24.0,65.0,16.0,20.0,12.0,25.0,37.0,10.0,14.0,9.0,2.0,3.0,18.0,18.0,70.0,15.0
2479560,15,981303,BAXI FERROL,AWAY,71.6,71.9,102.0,108.0,-6.0,56.5,50.9,18.8,28.6,57.9,45.5,1.1,25.9,200,12000.0,73.0,22.0,36.0,5.0,22.0,27.0,58.0,14.0,15.0,8.0,22.0,30.0,17.0,15.0,6.0,1.0,0.0,21.0,22.0,81.0,-25.0
2479560,15,981325,INNOVA-TSN LEGANES,HOME,72.2,71.9,108.0,102.0,6.0,50.5,47.1,12.5,42.1,71.4,54.5,1.5,30.9,200,12000.0,78.0,20.0,41.0,8.0,27.0,28.0,68.0,14.0,21.0,16.0,20.0,36.0,16.0,11.0,6.0,0.0,1.0,22.0,21.0,77.0,25.0
2479561,15,981243,DURÁN MAQUINARIA ENSINO,HOME,77.3,77.3,97.0,101.0,-4.0,45.6,43.5,12.7,43.6,75.9,57.4,1.4,15.6,200,12000.0,75.0,26.0,56.0,5.0,21.0,31.0,77.0,8.0,12.0,17.0,22.0,39.0,17.0,12.0,7.0,0.0,2.0,19.0,15.0,72.0,-15.0
2479561,15,980027,VALENCIA B.C.,AWAY,77.2,77.2,101.0,97.0,4.0,58.9,52.6,21.4,24.1,56.4,42.6,1.1,36.8,200,12000.0,78.0,15.0,30.0,10.0,27.0,25.0,57.0,18.0,21.0,7.0,22.0,29.0,19.0,18.0,8.0,2.0,0.0,16.0,19.0,86.0,15.0
2479562,15,979864,CADI LA SEU,AWAY,78.4,80.7,105.9,110.8,-4.9,57.4,52.3,16.2,23.5,72.0,44.1,0.9,29.7,200,12000.0,83.0,20.0,41.0,9.0,23.0,29.0,64.0,16.0,19.0,8.0,18.0,26.0,13.0,14.0,9.0,0.0,2.0,23.0,18.0,74.0,-45.0
2479562,15,979289,CLUB JOVENTUT BADALONA,HOME,83.0,80.8,110.8,105.9,4.9,63.0,62.1,18.9,28.0,76.5,55.9,1.3,40.3,200,12000.0,92.0,19.0,34.0,13.0,28.0,32.0,62.0,15.0,25.0,7.0,26.0,33.0,22.0,17.0,8.0,2.0,0.0,18.0,23.0,105.0,45.0
2479563,16,981325,INNOVA-TSN LEGANES,AWAY,76.0,75.7,122.3,71.5,50.8,57.4,53.4,10.0,40.0,65.0,53.3,2.1,21.6,200,12000.0,93.0,29.0,53.0,7.0,21.0,36.0,74.0,14.0,16.0,14.0,26.0,40.0,19.0,9.0,11.0,2.0,3.0,16.0,20.0,120.0,195.0
2479563,16,979923,SPAR GRAN CANARIA,HOME,75.5,75.7,71.5,122.3,-50.8,37.3,31.5,19.0,35.0,60.0,46.7,0.7,26.2,200,12000.0,54.0,16.0,48.0,3.0,17.0,19.0,65.0,13.0,17.0,14.0,21.0,35.0,12.0,17.0,7.0,3.0,2.0,20.0,16.0,40.0,-195.0
2479564,16,979954,CASADEMONT ZARAGOZA,HOME,72.5,73.1,85.5,79.9,5.6,43.4,40.6,17.3,35.0,78.4,55.8,1.2,26.6,200,12000.0,62.0,11.0,34.0,10.0,30.0,21.0,64.0,10.0,17.0,14.0,29.0,43.0,18.0,15.0,8.0,1.0,0.0,17.0,16.0,66.0,15.0
2479564,16,981322,INGENIERÍA AMBIENTAL CAB ESTEPONA,AWAY,73.8,73.2,79.9,85.5,-5.6,42.9,41.4,15.9,21.6,65.0,44.2,1.1,17.2,200,12000.0,59.0,16.0,36.0,7.0,28.0,23.0,64.0,6.0,11.0,8.0,26.0,34.0,14.0,13.0,6.0,0.0,1.0,16.0,17.0,55.0,-15.0
2479565,16,981243,DURÁN MAQUINARIA ENSINO,AWAY,73.9,74.2,100.1,106.0,-5.9,60.7,57.5,21.8,16.0,53.1,36.8,0.7,34.0,200,12000.0,74.0,26.0,43.0,3.0,10.0,29.0,53.0,13.0,18.0,4.0,17.0,21.0,12.0,17.0,8.0,2.0,2.0,22.0,18.0,67.0,-25.0
2479565,16,979874,IDK EUSKOTREN,HOME,74.6,74.3,106.0,100.1,5.9,53.0,50.8,16.7,46.9,84.0,63.2,1.1,37.5,200,12000.0,79.0,22.0,44.0,7.0,20.0,29.0,64.0,14.0,24.0,15.0,21.0,36.0,17.0,15.0,10.0,2.0,2.0,18.0,21.0,87.0,25.0
2479566,16,979864,CADI LA SEU,HOME,71.2,68.3,99.7,101.0,-1.3,45.4,38.4,10.3,40.0,65.8,52.6,1.4,30.4,200,12000.0,71.0,16.0,45.0,7.0,24.0,23.0,69.0,18.0,21.0,16.0,25.0,41.0,13.0,9.0,4.0,2.0,5.0,18.0,19.0,74.0,25.0
2479566,16,981129,KUTXABANK ARASKI,AWAY,65.4,68.3,101.0,99.7,1.3,47.6,41.8,11.5,34.2,60.0,47.4,1.6,31.1,200,12000.0,66.0,12.0,38.0,9.0,23.0,21.0,61.0,15.0,19.0,13.0,24.0,37.0,14.0,9.0,6.0,5.0,2.0,19.0,18.0,74.0,-25.0
2479567,16,979981,HOZONO GLOBAL JAIRIS,HOME,69.6,71.0,130.7,100.7,30.0,69.4,66.1,16.5,39.1,70.0,56.6,1.7,25.4,200,12000.0,91.0,24.0,32.0,10.0,27.0,34.0,59.0,13.0,15.0,9.0,21.0,30.0,22.0,13.0,7.0,1.0,0.0,16.0,20.0,115.0,90.0
2479567,16,979930,LOINTEK GERNIKA BIZKAIA,AWAY,72.5,71.0,100.7,130.7,-30.0,51.8,48.4,13.5,30.0,60.9,43.4,1.1,27.0,200,12000.0,73.0,20.0,41.0,7.0,22.0,27.0,63.0,12.0,17.0,9.0,14.0,23.0,12.0,11.0,10.0,0.0,1.0,20.0,16.0,62.0,-90.0
2479568,16,979289,CLUB JOVENTUT BADALONA,AWAY,71.1,70.5,90.0,97.3,-7.3,46.3,44.7,10.4,19.4,73.3,45.9,2.0,10.6,200,12000.0,64.0,25.0,46.0,3.0,20.0,28.0,66.0,5.0,7.0,6.0,22.0,28.0,16.0,8.0,13.0,1.0,1.0,19.0,15.0,70.0,-20.0
2479568,16,981359,SPAR GIRONA,HOME,69.9,70.5,97.3,90.0,7.3,53.2,46.4,18.0,26.7,80.6,54.1,0.9,32.1,200,12000.0,68.0,20.0,31.0,4.0,25.0,24.0,56.0,16.0,18.0,8.0,25.0,33.0,12.0,14.0,7.0,1.0,1.0,15.0,19.0,77.0,20.0
2479569,16,981303,BAXI FERROL,HOME,71.6,73.6,103.4,71.4,32.0,48.3,44.3,12.6,42.1,70.2,57.6,1.2,21.4,200,12000.0,74.0,19.0,40.0,8.0,30.0,27.0,70.0,12.0,15.0,16.0,33.0,49.0,13.0,11.0,5.0,4.0,3.0,15.0,17.0,90.0,100.0
2479569,16,981426,MOVISTAR ESTUDIANTES,AWAY,75.6,73.6,71.4,103.4,-32.0,33.9,29.5,11.2,29.8,57.9,42.4,1.0,20.5,200,12000.0,54.0,17.0,50.0,3.0,23.0,20.0,73.0,11.0,15.0,14.0,22.0,36.0,10.0,10.0,7.0,3.0,4.0,17.0,15.0,41.0,-100.0
2479570,16,979875,PERFUMERIAS AVENIDA,AWAY,68.4,69.7,78.9,114.0,-35.1,37.3,34.6,15.2,38.6,67.9,50.0,1.1,14.7,200,12000.0,54.0,13.0,45.0,7.0,23.0,20.0,68.0,7.0,10.0,17.0,19.0,36.0,14.0,13.0,7.0,1.0,5.0,19.0,16.0,45.0,-135.0
2479570,16,980027,VALENCIA B.C.,HOME,71.0,69.7,114.0,78.9,35.1,57.0,53.9,11.2,32.1,61.4,50.0,2.1,25.0,200,12000.0,81.0,18.0,38.0,11.0,26.0,29.0,64.0,12.0,16.0,9.0,27.0,36.0,19.0,9.0,6.0,5.0,1.0,16.0,19.0,102.0,135.0
2479571,17,981129,KUTXABANK ARASKI,HOME,73.3,72.2,88.7,109.9,-21.2,45.0,43.3,11.1,20.0,50.0,34.2,1.4,17.9,200,12000.0,65.0,17.0,46.0,8.0,21.0,25.0,67.0,7.0,12.0,8.0,18.0,26.0,13.0,9.0,4.0,1.0,1.0,23.0,14.0,44.0,-65.0
2479571,17,981359,SPAR GIRONA,AWAY,71.0,72.1,109.9,88.7,21.2,51.3,45.4,14.6,50.0,80.0,65.8,1.2,38.5,200,12000.0,78.0,19.0,38.0,7.0,27.0,26.0,65.0,19.0,25.0,18.0,32.0,50.0,16.0,13.0,3.0,1.0,1.0,14.0,23.0,99.0,65.0
2479572,17,979864,CADI LA SEU,AWAY,71.9,73.0,109.8,98.6,11.2,58.2,55.0,17.1,31.2,48.6,40.3,1.4,30.0,200,12000.0,79.0,18.0,32.0,10.0,28.0,28.0,60.0,13.0,18.0,10.0,17.0,27.0,19.0,14.0,13.0,6.0,0.0,21.0,18.0,90.0,30.0
2479572,17,979923,SPAR GRAN CANARIA,HOME,74.0,72.9,98.6,109.8,-11.2,50.0,46.8,20.7,51.4,68.8,59.7,0.6,40.3,200,12000.0,73.0,17.0,40.0,8.0,22.0,25.0,62.0,15.0,25.0,18.0,22.0,40.0,12.0,19.0,8.0,0.0,6.0,18.0,20.0,69.0,-30.0
2479573,17,981243,DURÁN MAQUINARIA ENSINO,AWAY,73.9,73.2,93.4,115.7,-22.3,49.4,42.2,18.6,36.4,64.5,50.0,1.1,46.6,200,12000.0,69.0,17.0,35.0,5.0,23.0,22.0,58.0,20.0,27.0,12.0,20.0,32.0,17.0,16.0,8.0,2.0,1.0,18.0,21.0,72.0,-75.0
2479573,17,979930,LOINTEK GERNIKA BIZKAIA,HOME,72.6,73.2,115.7,93.4,22.3,58.7,56.9,14.4,35.5,63.6,50.0,2.2,23.1,200,12000.0,84.0,25.0,42.0,8.0,23.0,33.0,65.0,10.0,15.0,11.0,21.0,32.0,26.0,12.0,8.0,1.0,2.0,21.0,18.0,99.0,75.0
2479574,17,979954,CASADEMONT ZARAGOZA,AWAY,71.6,72.3,106.1,86.3,19.8,63.8,63.2,22.2,22.7,74.2,52.8,1.2,28.3,200,12000.0,76.0,26.0,37.0,5.0,16.0,31.0,53.0,9.0,15.0,5.0,23.0,28.0,21.0,17.0,9.0,1.0,0.0,12.0,17.0,95.0,65.0
2479574,17,979875,PERFUMERIAS AVENIDA,HOME,73.0,72.2,86.3,106.1,-19.8,49.2,45.8,21.0,25.8,77.3,47.2,0.9,15.0,200,12000.0,63.0,17.0,39.0,7.0,21.0,24.0,60.0,8.0,9.0,8.0,17.0,25.0,16.0,17.0,10.0,0.0,1.0,17.0,12.0,55.0,-65.0
2479575,17,981322,INGENIERÍA AMBIENTAL CAB ESTEPONA,AWAY,76.6,74.0,87.5,99.5,-12.0,47.5,43.0,13.5,15.2,68.3,44.6,1.3,23.4,200,12000.0,67.0,20.0,43.0,5.0,21.0,25.0,64.0,12.0,15.0,5.0,28.0,33.0,14.0,11.0,5.0,2.0,3.0,20.0,17.0,65.0,-20.0
2479575,17,981325,INNOVA-TSN LEGANES,HOME,71.4,74.0,99.5,87.5,12.0,47.7,40.2,11.9,31.7,84.8,55.4,1.8,28.8,200,12000.0,71.0,19.0,48.0,5.0,18.0,24.0,66.0,18.0,19.0,13.0,28.0,41.0,18.0,10.0,4.0,3.0,2.0,17.0,20.0,87.0,20.0
2479576,17,981426,MOVISTAR ESTUDIANTES,HOME,83.4,82.3,85.1,109.5,-24.4,49.7,46.3,22.7,26.5,75.0,51.4,0.8,14.9,200,12000.0,71.0,19.0,38.0,8.0,29.0,27.0,67.0,9.0,10.0,9.0,27.0,36.0,17.0,21.0,10.0,5.0,5.0,14.0,9.0,72.0,-90.0
2479576,17,980027,VALENCIA B.C.,AWAY,81.3,82.3,109.5,85.1,24.4,57.6,55.6,14.4,25.0,73.5,48.6,1.5,16.7,200,12000.0,89.0,22.0,43.0,12.0,29.0,34.0,72.0,9.0,12.0,9.0,25.0,34.0,20.0,13.0,14.0,5.0,5.0,9.0,14.0,113.0,90.0
2479577,17,979289,CLUB JOVENTUT BADALONA,HOME,72.6,71.9,96.4,80.0,16.4,55.0,50.0,21.1,27.6,74.4,54.4,0.6,26.3,200,12000.0,70.0,24.0,44.0,3.0,13.0,27.0,57.0,13.0,15.0,8.0,29.0,37.0,10.0,17.0,6.0,1.0,2.0,22.0,18.0,71.0,65.0
2479577,17,979874,IDK EUSKOTREN,AWAY,71.2,71.9,80.0,96.4,-16.4,42.4,37.1,17.2,25.6,72.4,45.6,0.8,36.2,200,12000.0,57.0,14.0,38.0,5.0,20.0,19.0,58.0,14.0,21.0,10.0,21.0,31.0,11.0,14.0,6.0,2.0,1.0,19.0,22.0,50.0,-65.0
2479578,17,981303,BAXI FERROL,HOME,70.1,70.9,71.3,89.2,-17.9,39.0,37.7,14.7,14.3,83.9,47.0,1.0,11.5,200,12000.0,50.0,14.0,41.0,6.0,20.0,20.0,61.0,4.0,7.0,5.0,26.0,31.0,11.0,11.0,5.0,1.0,1.0,14.0,16.0,45.0,-70.0
2479578,17,979981,HOZONO GLOBAL JAIRIS,AWAY,71.7,70.9,89.2,71.3,17.9,48.7,45.0,14.3,16.1,85.7,53.0,1.6,21.7,200,12000.0,64.0,15.0,36.0,8.0,24.0,23.0,60.0,10.0,13.0,5.0,30.0,35.0,18.0,11.0,2.0,1.0,1.0,16.0,14.0,67.0,70.0
2479579,18,979954,CASADEMONT ZARAGOZA,HOME,73.0,73.3,116.5,96.2,20.3,62.5,60.2,13.9,20.7,85.3,55.6,1.5,14.1,200,12000.0,85.0,22.0,42.0,11.0,22.0,33.0,64.0,8.0,9.0,6.0,29.0,35.0,17.0,11.0,6.0,6.0,0.0,18.0,18.0,106.0,70.0
2479579,18,979981,HOZONO GLOBAL JAIRIS,AWAY,73.8,73.5,96.2,116.5,-20.3,48.8,43.8,7.6,14.7,79.3,44.4,1.7,31.2,200,12000.0,71.0,19.0,47.0,6.0,17.0,25.0,64.0,15.0,20.0,5.0,23.0,28.0,10.0,6.0,10.0,0.0,6.0,18.0,17.0,68.0,-70.0
2479580,18,981303,BAXI FERROL,AWAY,71.6,71.8,68.4,90.2,-21.8,35.7,31.5,21.7,36.4,82.4,56.4,0.6,24.2,200,12000.0,49.0,9.0,30.0,7.0,32.0,16.0,62.0,10.0,15.0,16.0,28.0,44.0,11.0,19.0,3.0,0.0,1.0,16.0,21.0,42.0,-80.0
2479580,18,981322,INGENIERÍA AMBIENTAL CAB ESTEPONA,HOME,72.0,71.8,90.2,68.4,21.8,47.8,41.8,12.8,17.6,63.6,43.6,2.0,26.2,200,12000.0,65.0,12.0,35.0,9.0,26.0,21.0,61.0,14.0,16.0,6.0,28.0,34.0,20.0,10.0,12.0,1.0,0.0,21.0,16.0,75.0,80.0
2479581,18,981325,INNOVA-TSN LEGANES,HOME,82.1,74.6,90.2,77.0,13.2,48.0,43.7,17.2,26.8,68.8,49.4,0.9,50.8,225,13500.0,74.0,17.0,40.0,7.0,23.0,24.0,63.0,19.0,32.0,11.0,33.0,44.0,15.0,16.0,12.0,5.0,4.0,20.0,26.0,88.0,40.0
2479581,18,979930,LOINTEK GERNIKA BIZKAIA,AWAY,85.7,74.6,77.0,90.2,-13.2,39.0,36.7,15.9,31.2,73.2,50.6,1.2,16.5,225,13500.0,66.0,17.0,54.0,8.0,25.0,25.0,79.0,8.0,13.0,15.0,30.0,45.0,20.0,16.0,10.0,4.0,5.0,27.0,19.0,62.0,-40.0
2479582,18,979289,CLUB JOVENTUT BADALONA,AWAY,79.9,82.3,71.3,85.0,-13.7,38.6,34.8,17.8,22.2,74.3,45.0,0.9,27.3,200,12000.0,57.0,14.0,38.0,6.0,28.0,20.0,66.0,11.0,18.0,10.0,26.0,36.0,14.0,16.0,13.0,4.0,4.0,23.0,21.0,53.0,-75.0
2479582,18,981243,DURÁN MAQUINARIA ENSINO,HOME,84.7,82.3,85.0,71.3,13.7,46.3,41.2,17.1,25.7,77.8,55.0,1.1,32.4,200,12000.0,72.0,22.0,42.0,4.0,26.0,26.0,68.0,16.0,22.0,9.0,35.0,44.0,17.0,16.0,10.0,4.0,4.0,21.0,22.0,84.0,75.0
2479583,18,979874,IDK EUSKOTREN,HOME,72.6,73.7,84.1,107.1,-23.0,43.2,35.0,15.6,28.9,51.5,39.4,0.4,40.0,200,12000.0,61.0,18.0,46.0,2.0,14.0,20.0,60.0,19.0,24.0,11.0,17.0,28.0,5.0,13.0,5.0,1.0,2.0,21.0,24.0,45.0,-95.0
2479583,18,979875,PERFUMERIAS AVENIDA,AWAY,74.7,73.6,107.1,84.1,23.0,52.9,47.0,16.5,48.5,71.1,60.6,0.9,33.3,200,12000.0,80.0,25.0,45.0,4.0,21.0,29.0,66.0,18.0,22.0,16.0,27.0,43.0,13.0,15.0,10.0,2.0,1.0,24.0,21.0,89.0,95.0
2479584,18,979864,CADI LA SEU,HOME,74.7,73.8,105.8,93.0,12.8,53.6,47.7,12.0,23.7,65.0,44.9,1.8,34.4,200,12000.0,79.0,17.0,40.0,9.0,24.0,26.0,64.0,18.0,22.0,9.0,26.0,35.0,18.0,10.0,11.0,2.0,3.0,17.0,19.0,95.0,55.0
2479584,18,981426,MOVISTAR ESTUDIANTES,AWAY,73.1,73.9,93.0,105.8,-12.8,45.9,44.4,14.9,35.0,76.3,55.1,1.6,9.9,200,12000.0,68.0,21.0,45.0,7.0,26.0,28.0,71.0,5.0,7.0,14.0,29.0,43.0,21.0,13.0,5.0,3.0,2.0,19.0,17.0,80.0,-55.0
2479585,18,981359,SPAR GIRONA,HOME,82.4,81.6,125.1,81.7,43.4,61.8,58.0,11.7,40.0,67.7,54.1,2.3,25.3,200,12000.0,103.0,27.0,47.0,11.0,28.0,38.0,75.0,16.0,19.0,12.0,21.0,33.0,25.0,11.0,22.0,1.0,4.0,20.0,14.0,127.0,185.0
2479585,18,979923,SPAR GRAN CANARIA,AWAY,80.8,81.6,81.7,125.1,-43.4,48.0,46.7,24.2,32.3,60.0,45.9,0.7,33.3,200,12000.0,66.0,25.0,48.0,2.0,12.0,27.0,60.0,10.0,20.0,10.0,18.0,28.0,15.0,22.0,10.0,4.0,1.0,14.0,19.0,63.0,-185.0
2479586,18,981129,KUTXABANK ARASKI,AWAY,75.7,74.8,80.6,121.8,-41.2,40.3,37.9,11.7,22.2,59.4,37.7,1.5,18.6,200,12000.0,61.0,16.0,43.0,7.0,27.0,23.0,70.0,8.0,13.0,10.0,19.0,29.0,15.0,10.0,4.0,2.0,5.0,20.0,16.0,45.0,-145.0
2479586,18,980027,VALENCIA B.C.,HOME,73.9,74.8,121.8,80.6,41.2,58.5,54.3,11.5,40.6,77.8,62.3,2.1,26.1,200,12000.0,90.0,24.0,44.0,9.0,25.0,33.0,69.0,15.0,18.0,13.0,35.0,48.0,21.0,10.0,7.0,5.0,2.0,16.0,20.0,126.0,145.0
2479587,19,981243,DURÁN MAQUINARIA ENSINO,AWAY,79.7,77.2,89.1,73.5,15.6,48.8,45.5,19.8,32.4,87.9,59.7,0.7,19.4,200,12000.0,71.0,20.0,43.0,7.0,24.0,27.0,67.0,10.0,13.0,11.0,29.0,40.0,12.0,18.0,10.0,0.0,1.0,20.0,19.0,71.0,80.0
2479587,19,981129,KUTXABANK ARASKI,HOME,74.8,77.3,73.5,89.1,-15.6,46.8,44.0,25.4,12.1,67.6,40.3,0.3,40.0,200,12000.0,55.0,13.0,28.0,6.0,22.0,19.0,50.0,11.0,20.0,4.0,23.0,27.0,7.0,20.0,9.0,1.0,0.0,19.0,20.0,40.0,-80.0
2479588,19,979954,CASADEMONT ZARAGOZA,HOME,78.6,78.6,85.3,91.5,-6.2,49.6,43.0,22.0,23.5,80.6,50.8,0.8,42.1,200,12000.0,67.0,20.0,34.0,3.0,23.0,23.0,57.0,18.0,24.0,8.0,25.0,33.0,16.0,19.0,9.0,1.0,1.0,20.0,23.0,70.0,-25.0
2479588,19,980027,VALENCIA B.C.,AWAY,78.7,78.7,91.5,85.3,6.2,52.4,48.3,18.9,19.4,76.5,49.2,0.7,37.3,200,12000.0,72.0,18.0,33.0,7.0,26.0,25.0,59.0,15.0,22.0,6.0,26.0,32.0,11.0,16.0,12.0,1.0,1.0,25.0,19.0,65.0,25.0
2479589,19,981325,INNOVA-TSN LEGANES,AWAY,70.6,68.5,96.4,106.8,-10.4,48.9,45.8,14.7,29.7,61.8,45.1,0.8,40.7,200,12000.0,68.0,18.0,40.0,6.0,19.0,24.0,59.0,14.0,24.0,11.0,21.0,32.0,10.0,12.0,7.0,1.0,1.0,18.0,20.0,63.0,-15.0
2479589,19,979875,PERFUMERIAS AVENIDA,HOME,66.5,68.5,106.8,96.4,10.4,51.1,47.6,12.6,38.2,70.3,54.9,1.6,27.4,200,12000.0,71.0,22.0,49.0,5.0,13.0,27.0,62.0,12.0,17.0,13.0,26.0,39.0,16.0,10.0,9.0,1.0,1.0,20.0,18.0,84.0,15.0
2479590,19,979874,IDK EUSKOTREN,AWAY,79.3,77.8,84.5,120.3,-35.8,47.0,43.2,21.0,30.6,72.0,47.5,0.8,18.2,200,12000.0,67.0,27.0,52.0,1.0,14.0,28.0,66.0,10.0,12.0,11.0,18.0,29.0,16.0,19.0,7.0,1.0,2.0,15.0,15.0,61.0,-125.0
2479590,19,981426,MOVISTAR ESTUDIANTES,HOME,76.5,77.9,120.3,84.5,35.8,65.3,61.9,15.6,28.0,69.4,52.5,1.6,27.0,200,12000.0,92.0,30.0,49.0,6.0,14.0,36.0,63.0,14.0,17.0,7.0,25.0,32.0,21.0,13.0,15.0,2.0,1.0,15.0,15.0,119.0,125.0
2479591,19,979981,HOZONO GLOBAL JAIRIS,HOME,76.0,75.3,157.9,83.1,74.8,76.9,71.6,6.0,29.2,67.4,54.3,6.6,37.3,200,12000.0,120.0,27.0,43.0,14.0,24.0,41.0,67.0,24.0,25.0,7.0,31.0,38.0,33.0,5.0,5.0,1.0,3.0,16.0,19.0,168.0,290.0
2479591,19,979923,SPAR GRAN CANARIA,AWAY,74.6,75.3,83.1,157.9,-74.8,41.0,39.9,15.6,32.6,70.8,45.7,0.8,21.7,200,12000.0,62.0,17.0,45.0,7.0,24.0,24.0,69.0,7.0,15.0,15.0,17.0,32.0,11.0,14.0,2.0,3.0,1.0,19.0,16.0,40.0,-290.0
2479592,19,981322,INGENIERÍA AMBIENTAL CAB ESTEPONA,AWAY,69.9,71.7,88.7,119.7,-31.0,46.3,44.9,15.2,30.0,64.0,45.5,0.5,30.5,200,12000.0,62.0,25.0,43.0,1.0,16.0,26.0,59.0,9.0,18.0,9.0,16.0,25.0,6.0,12.0,8.0,0.0,0.0,13.0,16.0,50.0,-130.0
2479592,19,981359,SPAR GIRONA,HOME,73.5,71.8,119.7,88.7,31.0,62.4,60.4,14.5,36.0,70.0,54.5,1.7,11.9,200,12000.0,88.0,21.0,36.0,13.0,31.0,34.0,67.0,7.0,8.0,9.0,21.0,30.0,20.0,12.0,8.0,0.0,0.0,16.0,13.0,97.0,130.0
2479593,19,979289,CLUB JOVENTUT BADALONA,HOME,74.9,74.7,101.4,84.5,16.9,50.7,47.0,15.7,36.8,65.0,51.3,1.4,26.9,200,12000.0,76.0,21.0,45.0,7.0,22.0,28.0,67.0,13.0,18.0,14.0,26.0,40.0,19.0,14.0,7.0,0.0,1.0,19.0,19.0,84.0,65.0
2479593,19,979930,LOINTEK GERNIKA BIZKAIA,AWAY,74.6,74.7,84.5,101.4,-16.9,40.6,34.3,12.4,35.0,63.2,48.7,0.7,35.8,200,12000.0,63.0,17.0,47.0,4.0,20.0,21.0,67.0,17.0,24.0,14.0,24.0,38.0,8.0,11.0,5.0,1.0,0.0,19.0,19.0,51.0,-65.0
2479594,19,981303,BAXI FERROL,HOME,65.9,65.6,110.7,105.9,4.8,65.3,63.5,18.9,13.0,76.0,45.8,0.9,37.5,200,12000.0,73.0,8.0,24.0,15.0,24.0,23.0,48.0,12.0,18.0,3.0,19.0,22.0,12.0,13.0,7.0,1.0,1.0,15.0,19.0,75.0,20.0
2479594,19,979864,CADI LA SEU,AWAY,65.2,65.5,105.9,110.7,-4.8,60.4,57.8,19.7,24.0,87.0,54.2,1.1,27.5,200,12000.0,69.0,16.0,29.0,9.0,22.0,25.0,51.0,10.0,14.0,6.0,20.0,26.0,16.0,14.0,6.0,1.0,1.0,19.0,15.0,70.0,-20.0
2479595,20,981129,KUTXABANK ARASKI,AWAY,85.7,84.9,89.9,86.8,3.1,44.4,40.9,17.2,41.3,67.6,52.5,0.8,28.6,200,12000.0,77.0,24.0,52.0,5.0,25.0,29.0,77.0,14.0,22.0,19.0,23.0,42.0,15.0,18.0,12.0,0.0,2.0,24.0,23.0,71.0,20.0
2479595,20,979923,SPAR GRAN CANARIA,HOME,84.1,84.9,86.8,89.9,-3.1,50.6,47.4,24.2,32.4,58.7,47.5,0.8,55.2,200,12000.0,73.0,17.0,40.0,7.0,18.0,24.0,58.0,18.0,32.0,11.0,27.0,38.0,19.0,23.0,10.0,2.0,0.0,23.0,24.0,72.0,-20.0
2479596,20,981303,BAXI FERROL,AWAY,74.9,75.1,114.8,102.4,12.4,61.5,59.7,16.7,32.1,67.6,51.6,1.7,29.0,200,12000.0,86.0,19.0,32.0,12.0,30.0,31.0,62.0,12.0,18.0,9.0,23.0,32.0,24.0,14.0,6.0,3.0,0.0,14.0,20.0,106.0,45.0
2479596,20,979930,LOINTEK GERNIKA BIZKAIA,HOME,75.2,75.1,102.4,114.8,-12.4,49.9,48.0,10.4,32.4,67.9,48.4,2.2,6.7,200,12000.0,77.0,24.0,51.0,8.0,24.0,32.0,75.0,5.0,5.0,11.0,19.0,30.0,20.0,9.0,7.0,0.0,3.0,21.0,13.0,74.0,-45.0
2479597,20,981322,INGENIERÍA AMBIENTAL CAB ESTEPONA,HOME,76.3,76.5,87.8,86.1,1.7,52.1,49.2,20.9,20.0,68.4,49.2,0.9,20.3,200,12000.0,67.0,20.0,41.0,6.0,18.0,26.0,59.0,9.0,12.0,5.0,26.0,31.0,16.0,17.0,6.0,2.0,5.0,19.0,17.0,67.0,5.0
2479597,20,980027,VALENCIA B.C.,AWAY,76.7,76.5,86.1,87.8,-1.7,44.8,36.7,16.9,31.6,80.0,50.8,0.7,34.4,200,12000.0,66.0,13.0,39.0,7.0,25.0,20.0,64.0,19.0,22.0,12.0,20.0,32.0,11.0,15.0,8.0,5.0,2.0,18.0,18.0,60.0,-5.0
2479598,20,981325,INNOVA-TSN LEGANES,HOME,66.2,68.6,90.7,104.2,-13.5,44.7,39.3,10.6,25.0,78.4,52.1,1.2,23.0,200,12000.0,60.0,18.0,47.0,4.0,14.0,22.0,61.0,12.0,14.0,9.0,29.0,38.0,10.0,8.0,7.0,1.0,1.0,21.0,14.0,60.0,-70.0
2479598,20,981359,SPAR GIRONA,AWAY,71.0,68.6,104.2,90.7,13.5,52.1,46.9,10.1,21.6,75.0,47.9,2.4,25.0,200,12000.0,74.0,18.0,34.0,8.0,30.0,26.0,64.0,14.0,16.0,8.0,27.0,35.0,19.0,8.0,4.0,1.0,1.0,14.0,21.0,92.0,70.0
2479599,20,979954,CASADEMONT ZARAGOZA,AWAY,78.8,77.9,85.0,90.9,-5.9,48.7,41.7,17.9,15.2,74.3,45.6,1.1,33.3,200,12000.0,67.0,22.0,42.0,2.0,18.0,24.0,60.0,17.0,20.0,5.0,26.0,31.0,17.0,15.0,15.0,1.0,2.0,18.0,20.0,79.0,-15.0
2479599,20,981243,DURÁN MAQUINARIA ENSINO,HOME,77.0,77.9,90.9,85.0,5.9,53.0,51.7,23.2,25.7,84.8,54.4,0.6,27.1,200,12000.0,70.0,20.0,44.0,7.0,15.0,27.0,59.0,9.0,16.0,9.0,28.0,37.0,11.0,20.0,8.0,2.0,1.0,20.0,18.0,67.0,15.0
2479600,20,979981,HOZONO GLOBAL JAIRIS,AWAY,69.5,68.2,103.6,79.2,24.4,55.0,50.0,14.4,25.0,82.9,57.1,1.5,29.3,200,12000.0,72.0,23.0,44.0,4.0,14.0,27.0,58.0,14.0,17.0,7.0,29.0,36.0,16.0,11.0,3.0,2.0,1.0,17.0,19.0,86.0,95.0
2479600,20,979874,IDK EUSKOTREN,HOME,67.0,68.3,79.2,103.6,-24.4,42.1,39.8,13.7,17.1,75.0,42.9,1.3,15.3,200,12000.0,53.0,19.0,44.0,3.0,15.0,22.0,59.0,6.0,9.0,6.0,21.0,27.0,13.0,10.0,8.0,1.0,2.0,19.0,17.0,50.0,-95.0
2479601,20,979864,CADI LA SEU,HOME,75.2,72.3,91.7,100.8,-9.1,46.5,40.8,17.7,42.9,56.2,49.3,1.0,32.3,200,12000.0,69.0,19.0,42.0,5.0,23.0,24.0,65.0,16.0,21.0,15.0,18.0,33.0,16.0,16.0,7.0,1.0,2.0,22.0,20.0,62.0,-5.0
2479601,20,979875,PERFUMERIAS AVENIDA,AWAY,69.4,72.3,100.8,91.7,9.1,51.9,41.1,19.2,43.8,57.1,50.7,0.7,46.4,200,12000.0,70.0,17.0,37.0,4.0,19.0,21.0,56.0,24.0,26.0,14.0,20.0,34.0,11.0,16.0,13.0,2.0,1.0,21.0,22.0,78.0,5.0
2479602,20,979289,CLUB JOVENTUT BADALONA,HOME,80.4,79.5,85.9,109.2,-23.3,44.6,42.0,16.2,30.8,69.2,46.2,0.9,27.5,200,12000.0,69.0,17.0,48.0,8.0,21.0,25.0,69.0,11.0,19.0,12.0,18.0,30.0,14.0,15.0,11.0,1.0,2.0,15.0,20.0,63.0,-85.0
2479602,20,981426,MOVISTAR ESTUDIANTES,AWAY,78.7,79.6,109.2,85.9,23.3,65.4,62.5,24.2,30.8,69.2,53.8,1.0,21.7,200,12000.0,86.0,21.0,33.0,11.0,27.0,32.0,60.0,11.0,13.0,8.0,27.0,35.0,22.0,21.0,6.0,2.0,1.0,20.0,15.0,95.0,85.0
2479603,21,979874,IDK EUSKOTREN,AWAY,76.5,76.5,86.3,99.3,-13.0,44.3,41.0,14.9,30.6,77.4,52.2,1.4,25.4,200,12000.0,66.0,20.0,44.0,5.0,23.0,25.0,67.0,11.0,17.0,11.0,24.0,35.0,18.0,13.0,5.0,2.0,1.0,24.0,19.0,60.0,-50.0
2479603,21,981129,KUTXABANK ARASKI,HOME,76.5,76.5,99.3,86.3,13.0,54.7,47.3,16.8,22.6,69.4,47.8,0.6,60.0,200,12000.0,76.0,14.0,32.0,8.0,23.0,22.0,55.0,24.0,33.0,7.0,25.0,32.0,9.0,14.0,8.0,1.0,2.0,19.0,24.0,75.0,50.0
2479604,21,979954,CASADEMONT ZARAGOZA,HOME,79.5,80.1,106.9,78.0,28.9,58.6,56.9,17.1,23.5,78.1,50.0,1.6,26.2,200,12000.0,85.0,22.0,41.0,10.0,24.0,32.0,65.0,11.0,17.0,8.0,25.0,33.0,24.0,15.0,12.0,0.0,0.0,18.0,18.0,100.0,110.0
2479604,21,979930,LOINTEK GERNIKA BIZKAIA,AWAY,80.7,80.1,78.0,106.9,-28.9,47.9,45.0,25.1,21.9,76.5,50.0,0.6,21.7,200,12000.0,63.0,21.0,43.0,4.0,17.0,25.0,60.0,9.0,13.0,7.0,26.0,33.0,13.0,22.0,5.0,0.0,0.0,18.0,17.0,52.0,-110.0
2479605,21,981243,DURÁN MAQUINARIA ENSINO,AWAY,74.4,75.8,113.0,119.2,-6.2,60.6,61.5,20.6,43.3,80.0,60.0,0.9,31.1,200,12000.0,84.0,27.0,45.0,7.0,16.0,34.0,61.0,9.0,19.0,13.0,20.0,33.0,16.0,18.0,6.0,3.0,0.0,17.0,21.0,91.0,-40.0
2479605,21,981322,INGENIERÍA AMBIENTAL CAB ESTEPONA,HOME,77.2,75.8,119.2,113.0,6.2,64.6,60.8,13.4,20.0,56.7,40.0,1.4,21.5,200,12000.0,92.0,20.0,37.0,13.0,28.0,33.0,65.0,13.0,14.0,5.0,17.0,22.0,15.0,11.0,10.0,0.0,3.0,21.0,17.0,91.0,40.0
2479606,21,979981,HOZONO GLOBAL JAIRIS,AWAY,71.2,70.2,91.3,76.5,14.8,58.9,56.6,25.6,15.0,80.0,58.3,0.7,9.4,200,12000.0,65.0,18.0,31.0,8.0,22.0,26.0,53.0,5.0,5.0,3.0,32.0,35.0,13.0,19.0,6.0,2.0,0.0,18.0,18.0,75.0,60.0
2479606,21,979875,PERFUMERIAS AVENIDA,HOME,69.3,70.3,76.5,91.3,-14.8,39.4,35.5,12.9,20.0,85.0,41.7,0.8,19.4,200,12000.0,53.0,19.0,46.0,2.0,16.0,21.0,62.0,9.0,12.0,8.0,17.0,25.0,8.0,10.0,10.0,0.0,2.0,18.0,18.0,42.0,-60.0
2479607,21,981325,INNOVA-TSN LEGANES,AWAY,74.6,72.7,67.0,86.3,-19.3,30.3,28.9,7.8,30.0,78.4,50.6,1.1,19.7,200,12000.0,50.0,16.0,51.0,4.0,25.0,20.0,76.0,6.0,15.0,15.0,29.0,44.0,8.0,7.0,4.0,0.0,0.0,17.0,14.0,31.0,-55.0
2479607,21,981426,MOVISTAR ESTUDIANTES,HOME,70.7,72.6,86.3,67.0,19.3,43.7,39.1,11.4,21.6,70.0,49.4,0.9,20.3,200,12000.0,61.0,22.0,54.0,2.0,10.0,24.0,64.0,11.0,13.0,8.0,35.0,43.0,8.0,9.0,5.0,0.0,0.0,15.0,16.0,67.0,55.0
2479608,21,979864,CADI LA SEU,AWAY,70.4,71.5,91.0,121.0,-30.0,53.9,50.0,20.2,16.0,66.7,42.3,0.7,37.3,200,12000.0,64.0,18.0,37.0,5.0,14.0,23.0,51.0,13.0,19.0,4.0,18.0,22.0,11.0,15.0,9.0,0.0,0.0,17.0,17.0,57.0,-120.0
2479608,21,981359,SPAR GIRONA,HOME,72.7,71.6,121.0,91.0,30.0,65.9,63.9,18.4,33.3,84.0,57.7,1.7,21.3,200,12000.0,88.0,18.0,30.0,14.0,31.0,32.0,61.0,10.0,13.0,9.0,21.0,30.0,25.0,15.0,8.0,0.0,0.0,17.0,17.0,104.0,120.0
2479609,21,981303,BAXI FERROL,HOME,77.3,77.7,141.0,104.9,36.1,68.7,66.9,13.1,46.7,76.5,62.5,2.0,16.2,200,12000.0,109.0,24.0,36.0,17.0,38.0,41.0,74.0,10.0,12.0,14.0,26.0,40.0,24.0,12.0,6.0,1.0,1.0,16.0,12.0,129.0,135.0
2479609,21,979923,SPAR GRAN CANARIA,AWAY,78.2,77.7,104.9,141.0,-36.1,55.3,51.5,13.9,23.5,53.3,37.5,1.1,20.6,200,12000.0,82.0,23.0,50.0,8.0,18.0,31.0,68.0,12.0,14.0,8.0,16.0,24.0,13.0,12.0,8.0,1.0,1.0,12.0,16.0,81.0,-135.0
2479610,21,979289,CLUB JOVENTUT BADALONA,AWAY,76.6,76.9,74.4,107.4,-33.0,47.8,42.5,26.1,12.9,60.5,39.1,0.8,28.3,200,12000.0,57.0,18.0,38.0,3.0,15.0,21.0,53.0,12.0,15.0,4.0,23.0,27.0,16.0,21.0,8.0,1.0,2.0,20.0,17.0,50.0,-130.0
2479610,21,980027,VALENCIA B.C.,HOME,77.3,76.9,107.4,74.4,33.0,52.3,50.0,14.1,39.5,87.1,60.9,1.6,16.2,200,12000.0,83.0,19.0,40.0,12.0,34.0,31.0,74.0,9.0,12.0,15.0,27.0,42.0,21.0,13.0,11.0,2.0,1.0,17.0,20.0,103.0,130.0
2479611,22,981426,MOVISTAR ESTUDIANTES,AWAY,81.7,84.1,124.9,97.0,27.9,60.9,57.4,11.6,39.4,78.8,59.1,2.5,29.7,200,12000.0,102.0,29.0,49.0,9.0,25.0,38.0,74.0,17.0,22.0,13.0,26.0,39.0,28.0,11.0,6.0,0.0,1.0,16.0,14.0,121.0,90.0
2479611,22,979923,SPAR GRAN CANARIA,HOME,86.6,84.1,97.0,124.9,-27.9,52.8,52.1,15.0,21.2,60.6,40.9,1.4,20.5,200,12000.0,84.0,29.0,50.0,6.0,23.0,35.0,73.0,8.0,15.0,7.0,20.0,27.0,19.0,14.0,5.0,1.0,0.0,14.0,16.0,79.0,-90.0
2479612,22,981129,KUTXABANK ARASKI,AWAY,77.5,78.1,78.7,118.2,-39.5,40.4,38.2,12.7,20.9,58.3,38.0,1.4,25.0,200,12000.0,61.0,14.0,40.0,8.0,28.0,22.0,68.0,9.0,17.0,9.0,21.0,30.0,15.0,11.0,6.0,2.0,2.0,21.0,17.0,45.0,-160.0
2479612,22,979930,LOINTEK GERNIKA BIZKAIA,HOME,78.7,78.1,118.2,78.7,39.5,57.6,54.2,13.9,41.7,79.1,62.0,1.9,31.0,200,12000.0,93.0,22.0,45.0,11.0,26.0,33.0,71.0,16.0,22.0,15.0,34.0,49.0,25.0,13.0,7.0,2.0,2.0,19.0,20.0,120.0,160.0
2479613,22,979954,CASADEMONT ZARAGOZA,HOME,76.6,76.3,122.7,88.2,34.5,61.3,54.8,11.5,31.2,66.7,49.2,2.5,49.2,200,12000.0,94.0,18.0,38.0,11.0,25.0,29.0,63.0,25.0,31.0,10.0,22.0,32.0,25.0,10.0,10.0,1.0,1.0,13.0,24.0,123.0,135.0
2479613,22,979289,CLUB JOVENTUT BADALONA,AWAY,76.0,76.3,88.2,122.7,-34.5,48.6,48.5,20.7,33.3,68.8,50.8,0.8,13.8,200,12000.0,67.0,21.0,44.0,7.0,21.0,28.0,65.0,4.0,9.0,11.0,22.0,33.0,14.0,18.0,5.0,1.0,1.0,24.0,13.0,49.0,-135.0
2479614,22,979875,PERFUMERIAS AVENIDA,HOME,80.8,70.7,102.7,100.8,1.9,56.2,50.8,15.0,20.7,65.6,44.3,1.1,30.8,225,13500.0,83.0,27.0,46.0,4.0,19.0,31.0,65.0,17.0,20.0,6.0,21.0,27.0,14.0,13.0,11.0,1.0,0.0,19.0,21.0,88.0,20.0
2479614,22,981359,SPAR GIRONA,AWAY,78.4,70.8,100.8,102.7,-1.9,54.6,49.2,19.0,34.4,79.3,55.7,0.9,29.7,225,13500.0,79.0,15.0,34.0,11.0,30.0,26.0,64.0,16.0,19.0,11.0,23.0,34.0,15.0,17.0,9.0,0.0,1.0,21.0,19.0,77.0,-20.0
2479615,22,981325,INNOVA-TSN LEGANES,HOME,70.7,70.9,84.8,141.2,-56.4,45.0,41.0,19.3,30.0,70.4,46.3,1.1,21.3,200,12000.0,60.0,16.0,45.0,6.0,16.0,22.0,61.0,10.0,13.0,12.0,19.0,31.0,17.0,16.0,3.0,3.0,3.0,16.0,17.0,57.0,-200.0
2479615,22,980027,VALENCIA B.C.,AWAY,70.8,70.8,141.2,84.8,56.4,70.6,68.2,10.1,29.6,70.0,53.7,2.9,16.7,200,12000.0,100.0,21.0,35.0,16.0,31.0,37.0,66.0,10.0,11.0,8.0,28.0,36.0,23.0,8.0,13.0,3.0,3.0,17.0,16.0,136.0,200.0
2479616,22,981303,BAXI FERROL,AWAY,75.2,72.4,90.5,104.9,-14.4,46.5,46.3,12.0,21.6,54.3,37.5,1.7,20.9,200,12000.0,68.0,19.0,41.0,8.0,26.0,27.0,67.0,6.0,14.0,8.0,19.0,27.0,17.0,10.0,11.0,2.0,0.0,18.0,23.0,72.0,-25.0
2479616,22,981243,DURÁN MAQUINARIA ENSINO,HOME,69.6,72.4,104.9,90.5,14.4,52.5,47.5,18.7,45.7,78.4,62.5,1.0,40.7,200,12000.0,73.0,19.0,43.0,6.0,16.0,25.0,59.0,17.0,24.0,16.0,29.0,45.0,16.0,16.0,6.0,0.0,2.0,23.0,18.0,78.0,25.0
2479617,22,979864,CADI LA SEU,HOME,74.5,73.2,56.4,106.9,-50.5,29.8,27.6,17.5,26.2,67.9,42.9,0.6,11.9,200,12000.0,42.0,17.0,49.0,1.0,18.0,18.0,67.0,5.0,8.0,11.0,19.0,30.0,9.0,15.0,7.0,1.0,3.0,22.0,15.0,15.0,-175.0
2479617,22,979874,IDK EUSKOTREN,AWAY,72.0,73.2,106.9,56.4,50.5,57.5,49.1,17.3,32.1,73.8,57.1,1.3,44.6,200,12000.0,77.0,14.0,33.0,9.0,23.0,23.0,56.0,22.0,25.0,9.0,31.0,40.0,18.0,14.0,9.0,3.0,1.0,15.0,22.0,104.0,175.0
2479618,22,979981,HOZONO GLOBAL JAIRIS,HOME,82.3,73.9,92.4,94.0,-1.6,43.0,41.0,11.1,34.0,82.1,55.1,1.7,14.5,225,13500.0,76.0,19.0,42.0,10.0,41.0,29.0,83.0,8.0,12.0,17.0,32.0,49.0,19.0,11.0,4.0,3.0,1.0,21.0,18.0,79.0,-15.0
2479618,22,981322,INGENIERÍA AMBIENTAL CAB ESTEPONA,AWAY,84.0,73.9,94.0,92.4,1.6,48.8,45.7,11.0,17.9,66.0,44.9,1.7,35.7,225,13500.0,79.0,17.0,46.0,10.0,24.0,27.0,70.0,15.0,25.0,7.0,33.0,40.0,17.0,10.0,7.0,1.0,3.0,18.0,21.0,84.0,15.0
2479619,23,981325,INNOVA-TSN LEGANES,AWAY,77.2,76.1,112.8,53.3,59.5,58.7,55.1,9.7,17.2,83.3,56.3,2.4,20.6,200,12000.0,87.0,18.0,39.0,13.0,29.0,31.0,68.0,12.0,14.0,5.0,35.0,40.0,19.0,8.0,6.0,1.0,3.0,20.0,15.0,101.0,235.0
2479619,23,981129,KUTXABANK ARASKI,HOME,75.0,76.1,53.3,112.8,-59.5,30.3,23.7,19.5,16.7,82.8,43.7,0.3,27.1,200,12000.0,40.0,11.0,40.0,2.0,19.0,13.0,59.0,12.0,16.0,7.0,24.0,31.0,5.0,16.0,6.0,3.0,1.0,15.0,20.0,24.0,-235.0
2479620,23,981322,INGENIERÍA AMBIENTAL CAB ESTEPONA,HOME,73.8,74.0,88.0,122.6,-34.6,50.1,49.2,16.7,14.3,55.9,37.1,1.0,18.3,200,12000.0,65.0,22.0,41.0,5.0,19.0,27.0,60.0,6.0,11.0,4.0,19.0,23.0,13.0,13.0,9.0,0.0,2.0,19.0,18.0,58.0,-130.0
2479620,23,979875,PERFUMERIAS AVENIDA,AWAY,74.2,74.0,122.6,88.0,34.6,58.2,55.8,12.3,44.1,85.7,62.9,2.1,30.4,200,12000.0,91.0,22.0,43.0,11.0,26.0,33.0,69.0,14.0,21.0,15.0,24.0,39.0,23.0,11.0,6.0,2.0,0.0,18.0,19.0,108.0,130.0
2479621,23,979981,HOZONO GLOBAL JAIRIS,AWAY,75.4,74.1,91.6,96.1,-4.5,48.3,43.7,17.4,32.4,87.1,58.5,1.3,30.2,200,12000.0,69.0,20.0,40.0,5.0,23.0,25.0,63.0,14.0,19.0,11.0,27.0,38.0,19.0,15.0,7.0,1.0,1.0,17.0,20.0,79.0,-5.0
2479621,23,981426,MOVISTAR ESTUDIANTES,HOME,72.8,74.1,96.1,91.6,4.5,53.2,50.0,14.3,12.9,67.6,41.5,1.7,18.0,200,12000.0,70.0,23.0,43.0,5.0,18.0,28.0,61.0,9.0,11.0,4.0,23.0,27.0,19.0,11.0,10.0,1.0,1.0,20.0,17.0,78.0,5.0
2479622,23,981243,DURÁN MAQUINARIA ENSINO,HOME,81.0,81.0,125.9,81.6,44.3,57.3,54.5,11.9,52.6,68.4,60.5,1.1,32.1,200,12000.0,102.0,26.0,46.0,11.0,32.0,37.0,78.0,17.0,25.0,20.0,26.0,46.0,13.0,12.0,9.0,2.0,0.0,18.0,19.0,112.0,180.0
2479622,23,979923,SPAR GRAN CANARIA,AWAY,80.9,81.0,81.6,125.9,-44.3,43.5,39.0,18.3,31.6,47.4,39.5,0.5,26.5,200,12000.0,66.0,25.0,51.0,1.0,17.0,26.0,68.0,13.0,18.0,12.0,18.0,30.0,9.0,17.0,11.0,0.0,2.0,19.0,18.0,51.0,-180.0
2479623,23,979954,CASADEMONT ZARAGOZA,AWAY,70.0,70.9,118.5,101.8,16.7,59.3,54.8,11.4,34.6,75.9,56.4,1.2,25.4,200,12000.0,83.0,24.0,44.0,7.0,19.0,31.0,63.0,14.0,16.0,9.0,22.0,31.0,11.0,9.0,12.0,0.0,1.0,14.0,19.0,99.0,50.0
2479623,23,979874,IDK EUSKOTREN,HOME,71.7,70.9,101.8,118.5,-16.7,58.2,54.4,20.3,24.1,65.4,43.6,0.9,22.8,200,12000.0,73.0,22.0,43.0,6.0,14.0,28.0,57.0,11.0,13.0,7.0,17.0,24.0,14.0,16.0,5.0,1.0,0.0,19.0,14.0,65.0,-50.0
2479624,23,979930,LOINTEK GERNIKA BIZKAIA,AWAY,72.6,73.5,96.4,137.3,-40.9,52.6,48.3,15.3,20.7,57.7,38.2,1.1,25.0,200,12000.0,70.0,20.0,43.0,6.0,17.0,26.0,60.0,12.0,15.0,6.0,15.0,21.0,13.0,12.0,10.0,2.0,1.0,19.0,16.0,64.0,-160.0
2479624,23,981359,SPAR GIRONA,HOME,74.3,73.5,137.3,96.4,40.9,68.7,65.9,12.9,42.3,79.3,61.8,1.8,17.4,200,12000.0,102.0,29.0,44.0,11.0,25.0,40.0,69.0,11.0,12.0,11.0,23.0,34.0,20.0,11.0,9.0,1.0,2.0,16.0,18.0,127.0,160.0
2479625,23,981303,BAXI FERROL,AWAY,75.3,76.4,106.2,99.4,6.8,60.3,55.6,20.4,25.8,65.7,47.0,1.2,51.9,200,12000.0,80.0,15.0,28.0,10.0,26.0,25.0,54.0,20.0,28.0,8.0,23.0,31.0,21.0,17.0,7.0,3.0,1.0,18.0,25.0,95.0,15.0
2479625,23,979289,CLUB JOVENTUT BADALONA,HOME,77.5,76.4,99.4,106.2,-6.8,49.1,45.1,12.3,34.3,74.2,53.0,1.5,23.9,200,12000.0,77.0,26.0,53.0,4.0,18.0,30.0,71.0,13.0,17.0,12.0,23.0,35.0,16.0,11.0,11.0,1.0,3.0,25.0,18.0,77.0,-15.0
2479626,23,979864,CADI LA SEU,AWAY,79.1,76.1,55.6,105.4,-49.8,33.8,30.6,26.9,26.3,82.6,47.5,0.3,11.3,200,12000.0,44.0,13.0,43.0,4.0,19.0,17.0,62.0,6.0,7.0,10.0,19.0,29.0,8.0,24.0,10.0,1.0,7.0,20.0,11.0,13.0,-165.0
2479626,23,980027,VALENCIA B.C.,HOME,73.0,76.1,105.4,55.6,49.8,65.2,60.6,23.4,17.4,73.7,52.5,1.3,30.8,200,12000.0,77.0,21.0,36.0,7.0,16.0,28.0,52.0,14.0,16.0,4.0,28.0,32.0,24.0,18.0,19.0,7.0,1.0,11.0,20.0,124.0,165.0
2479627,24,979289,CLUB JOVENTUT BADALONA,AWAY,69.5,71.3,97.9,113.6,-15.7,53.6,47.3,17.0,21.9,61.1,42.6,0.8,30.4,200,12000.0,68.0,19.0,38.0,5.0,18.0,24.0,56.0,15.0,17.0,7.0,22.0,29.0,11.0,13.0,4.0,1.0,2.0,13.0,16.0,69.0,-75.0
2479627,24,981129,KUTXABANK ARASKI,HOME,73.1,71.3,113.6,97.9,15.7,53.8,51.4,11.5,38.9,78.1,57.4,1.8,9.5,200,12000.0,83.0,26.0,51.0,8.0,23.0,34.0,74.0,7.0,7.0,14.0,25.0,39.0,18.0,10.0,6.0,2.0,1.0,16.0,13.0,95.0,75.0
2479628,24,979874,IDK EUSKOTREN,AWAY,75.0,76.6,101.3,80.5,20.8,55.8,50.0,21.8,46.2,78.9,65.6,0.5,26.2,200,12000.0,76.0,20.0,40.0,7.0,21.0,27.0,61.0,15.0,16.0,12.0,30.0,42.0,10.0,19.0,7.0,7.0,0.0,20.0,18.0,86.0,65.0
2479628,24,979923,SPAR GRAN CANARIA,HOME,78.2,76.6,80.5,101.3,-20.8,43.0,38.3,15.1,21.1,53.8,34.4,0.5,32.8,200,12000.0,63.0,23.0,48.0,1.0,16.0,24.0,64.0,14.0,21.0,8.0,14.0,22.0,6.0,13.0,12.0,0.0,7.0,18.0,19.0,44.0,-65.0
2479629,24,979930,LOINTEK GERNIKA BIZKAIA,HOME,79.0,79.4,84.9,85.1,-0.2,50.0,47.6,21.2,22.2,77.1,53.2,0.8,14.3,200,12000.0,67.0,24.0,49.0,4.0,14.0,28.0,63.0,7.0,9.0,6.0,27.0,33.0,15.0,18.0,6.0,1.0,2.0,20.0,20.0,67.0,-5.0
2479629,24,980027,VALENCIA B.C.,AWAY,79.9,79.5,85.1,84.9,0.2,47.3,43.0,18.2,22.9,77.8,46.8,1.1,28.1,200,12000.0,68.0,20.0,41.0,5.0,23.0,25.0,64.0,13.0,18.0,8.0,21.0,29.0,17.0,16.0,10.0,2.0,1.0,20.0,20.0,66.0,5.0
2479630,24,981322,INGENIERÍA AMBIENTAL CAB ESTEPONA,HOME,74.6,74.5,96.6,107.4,-10.8,51.0,45.8,17.5,31.4,77.1,54.3,1.1,40.0,200,12000.0,72.0,20.0,39.0,5.0,21.0,25.0,60.0,17.0,24.0,11.0,27.0,38.0,16.0,15.0,7.0,1.0,1.0,16.0,14.0,75.0,-40.0
2479630,24,981426,MOVISTAR ESTUDIANTES,AWAY,74.5,74.5,107.4,96.6,10.8,55.2,52.2,12.1,22.9,68.6,45.7,1.9,11.6,200,12000.0,80.0,15.0,37.0,14.0,32.0,29.0,69.0,8.0,8.0,8.0,24.0,32.0,19.0,10.0,6.0,1.0,1.0,14.0,16.0,90.0,40.0
2479631,24,979864,CADI LA SEU,AWAY,76.9,75.1,91.0,106.8,-15.8,50.8,46.7,17.9,21.9,70.3,47.8,1.2,29.5,200,12000.0,70.0,21.0,42.0,5.0,19.0,26.0,61.0,13.0,18.0,7.0,26.0,33.0,18.0,15.0,6.0,1.0,2.0,26.0,19.0,66.0,-40.0
2479631,24,981325,INNOVA-TSN LEGANES,HOME,73.0,75.0,106.8,91.0,15.8,52.7,42.9,11.9,29.7,78.1,52.2,1.3,73.2,200,12000.0,78.0,15.0,38.0,6.0,18.0,21.0,56.0,30.0,41.0,11.0,25.0,36.0,13.0,10.0,7.0,2.0,1.0,20.0,26.0,86.0,40.0
2479632,24,981243,DURÁN MAQUINARIA ENSINO,AWAY,74.4,73.4,90.1,109.3,-19.2,49.0,46.9,19.9,34.4,74.2,54.0,0.8,15.6,200,12000.0,67.0,21.0,46.0,6.0,18.0,27.0,64.0,7.0,10.0,11.0,23.0,34.0,13.0,17.0,12.0,1.0,1.0,20.0,18.0,68.0,-60.0
2479632,24,979981,HOZONO GLOBAL JAIRIS,HOME,72.3,73.4,109.3,90.1,19.2,59.6,56.6,17.4,25.8,65.6,46.0,1.6,19.7,200,12000.0,79.0,18.0,33.0,11.0,28.0,29.0,61.0,10.0,12.0,8.0,21.0,29.0,22.0,14.0,13.0,1.0,1.0,18.0,20.0,98.0,60.0
2479633,24,979954,CASADEMONT ZARAGOZA,AWAY,72.5,73.8,111.7,103.8,7.9,62.8,62.3,15.7,16.0,84.6,51.0,1.6,13.1,200,12000.0,81.0,26.0,47.0,8.0,14.0,34.0,61.0,5.0,8.0,4.0,22.0,26.0,19.0,12.0,10.0,1.0,0.0,20.0,16.0,91.0,15.0
2479633,24,981359,SPAR GIRONA,HOME,75.2,73.8,103.8,111.7,-7.9,58.1,53.3,15.2,15.4,84.0,49.0,1.2,23.0,200,12000.0,78.0,19.0,35.0,9.0,26.0,28.0,61.0,13.0,14.0,4.0,21.0,25.0,14.0,12.0,10.0,0.0,1.0,16.0,20.0,85.0,-15.0
2479634,24,981303,BAXI FERROL,HOME,71.4,73.2,84.0,94.6,-10.6,43.2,40.0,12.6,22.2,55.6,36.5,1.4,15.4,200,12000.0,60.0,14.0,37.0,8.0,28.0,22.0,65.0,8.0,10.0,8.0,15.0,23.0,14.0,10.0,10.0,4.0,1.0,16.0,18.0,58.0,-55.0
2479634,24,979875,PERFUMERIAS AVENIDA,AWAY,75.0,73.3,94.6,84.0,10.6,49.3,44.6,17.2,44.4,77.8,63.5,0.8,24.6,200,12000.0,71.0,23.0,44.0,4.0,21.0,27.0,65.0,13.0,16.0,12.0,28.0,40.0,12.0,15.0,4.0,1.0,4.0,18.0,16.0,70.0,55.0
2479635,25,981322,INGENIERÍA AMBIENTAL CAB ESTEPONA,AWAY,72.2,72.8,112.1,103.7,8.4,58.5,53.3,11.5,22.2,55.9,41.0,2.7,35.0,200,12000.0,81.0,20.0,41.0,8.0,19.0,28.0,60.0,17.0,21.0,6.0,19.0,25.0,24.0,9.0,12.0,3.0,3.0,16.0,21.0,105.0,25.0
2479635,25,979930,LOINTEK GERNIKA BIZKAIA,HOME,73.3,72.8,103.7,112.1,-8.4,53.3,50.8,19.3,44.1,77.8,59.0,1.2,18.2,200,12000.0,76.0,23.0,43.0,7.0,23.0,30.0,66.0,9.0,12.0,15.0,21.0,36.0,21.0,17.0,6.0,3.0,3.0,21.0,16.0,81.0,-25.0
2479636,25,979954,CASADEMONT ZARAGOZA,HOME,77.8,75.9,129.8,75.7,54.1,56.9,53.8,11.9,54.8,87.8,71.1,2.3,25.0,200,12000.0,101.0,25.0,40.0,12.0,40.0,37.0,80.0,15.0,20.0,23.0,36.0,59.0,28.0,12.0,10.0,1.0,0.0,8.0,15.0,146.0,225.0
2479636,25,979923,SPAR GRAN CANARIA,AWAY,74.0,75.8,75.7,129.8,-54.1,41.2,40.6,13.9,12.2,45.2,28.9,0.8,14.1,200,12000.0,56.0,17.0,42.0,6.0,22.0,23.0,64.0,4.0,9.0,5.0,19.0,24.0,9.0,11.0,9.0,0.0,1.0,15.0,8.0,34.0,-225.0
2479637,25,981243,DURÁN MAQUINARIA ENSINO,AWAY,79.3,76.4,79.5,89.9,-10.4,49.8,45.7,26.7,30.4,82.6,56.5,0.7,20.7,200,12000.0,63.0,19.0,38.0,5.0,20.0,24.0,58.0,10.0,12.0,7.0,19.0,26.0,17.0,23.0,14.0,1.0,1.0,24.0,18.0,56.0,-15.0
2479637,25,979875,PERFUMERIAS AVENIDA,HOME,73.4,76.3,89.9,79.5,10.4,57.5,46.7,25.8,17.4,69.6,43.5,0.8,56.5,200,12000.0,66.0,14.0,30.0,5.0,16.0,19.0,46.0,23.0,26.0,4.0,16.0,20.0,17.0,20.0,16.0,1.0,1.0,18.0,24.0,76.0,15.0
2479638,25,979981,HOZONO GLOBAL JAIRIS,AWAY,75.4,74.7,94.2,98.6,-4.4,49.1,43.0,12.1,19.4,64.3,43.6,1.2,29.7,200,12000.0,71.0,20.0,44.0,5.0,20.0,25.0,64.0,16.0,19.0,7.0,27.0,34.0,12.0,10.0,7.0,3.0,1.0,18.0,16.0,73.0,-10.0
2479638,25,981325,INNOVA-TSN LEGANES,HOME,74.0,74.6,98.6,94.2,4.4,45.6,43.2,10.1,35.7,80.6,56.4,1.7,21.9,200,12000.0,73.0,24.0,49.0,5.0,24.0,29.0,73.0,10.0,16.0,15.0,29.0,44.0,15.0,9.0,5.0,1.0,3.0,16.0,18.0,81.0,10.0
2479639,25,981129,KUTXABANK ARASKI,AWAY,78.2,78.6,92.1,101.2,-9.1,55.2,53.4,25.2,26.5,62.9,44.9,0.9,23.7,200,12000.0,72.0,15.0,33.0,11.0,26.0,26.0,59.0,9.0,14.0,9.0,22.0,31.0,20.0,22.0,10.0,1.0,3.0,19.0,17.0,72.0,-40.0
2479639,25,981426,MOVISTAR ESTUDIANTES,HOME,79.0,78.6,101.2,92.1,9.1,54.0,52.2,19.6,37.1,73.5,55.1,1.2,23.9,200,12000.0,80.0,26.0,44.0,6.0,23.0,32.0,67.0,10.0,16.0,13.0,25.0,38.0,22.0,18.0,14.0,3.0,1.0,18.0,19.0,99.0,40.0
2479640,25,981303,BAXI FERROL,AWAY,82.0,78.5,62.2,89.3,-27.1,36.4,32.6,20.5,17.6,77.4,46.2,0.6,13.6,200,12000.0,51.0,17.0,39.0,3.0,27.0,20.0,66.0,8.0,9.0,6.0,24.0,30.0,10.0,18.0,6.0,1.0,4.0,16.0,16.0,33.0,-80.0
2479640,25,979874,IDK EUSKOTREN,HOME,75.0,78.5,89.3,62.2,27.1,49.2,42.6,17.1,22.6,82.4,53.8,1.4,26.2,200,12000.0,67.0,17.0,40.0,6.0,21.0,23.0,61.0,15.0,16.0,7.0,28.0,35.0,20.0,14.0,11.0,4.0,1.0,17.0,16.0,83.0,80.0
2479641,25,979864,CADI LA SEU,HOME,80.2,80.3,94.8,81.0,13.8,47.4,40.3,9.1,21.1,82.4,50.0,2.1,44.8,200,12000.0,76.0,21.0,52.0,4.0,15.0,25.0,67.0,22.0,30.0,8.0,28.0,36.0,17.0,8.0,10.0,0.0,2.0,20.0,22.0,83.0,55.0
2479641,25,979289,CLUB JOVENTUT BADALONA,AWAY,80.2,80.2,81.0,94.8,-13.8,46.9,45.8,19.7,17.6,78.9,50.0,0.7,35.0,200,12000.0,65.0,14.0,44.0,9.0,16.0,23.0,60.0,10.0,21.0,6.0,30.0,36.0,12.0,17.0,5.0,2.0,0.0,22.0,20.0,53.0,-55.0
2479642,25,981359,SPAR GIRONA,AWAY,76.9,77.8,96.2,90.3,5.9,49.4,44.8,17.6,35.9,76.2,56.8,1.3,26.9,200,12000.0,74.0,21.0,49.0,6.0,18.0,27.0,67.0,14.0,18.0,14.0,32.0,46.0,21.0,16.0,4.0,3.0,3.0,20.0,20.0,88.0,15.0
2479642,25,980027,VALENCIA B.C.,HOME,78.6,77.7,90.3,96.2,-5.9,46.3,41.4,13.5,23.8,64.1,43.2,1.0,21.4,200,12000.0,71.0,26.0,56.0,2.0,14.0,28.0,70.0,13.0,15.0,10.0,25.0,35.0,12.0,12.0,9.0,3.0,3.0,20.0,19.0,73.0,-15.0
2479643,26,979954,CASADEMONT ZARAGOZA,AWAY,80.3,79.4,104.6,75.1,29.5,59.8,58.5,19.5,28.0,74.3,55.0,1.3,18.5,200,12000.0,84.0,26.0,44.0,8.0,21.0,34.0,65.0,8.0,12.0,7.0,26.0,33.0,22.0,17.0,11.0,1.0,2.0,15.0,20.0,104.0,125.0
2479643,26,981129,KUTXABANK ARASKI,HOME,78.6,79.5,75.1,104.6,-29.5,43.0,39.5,21.7,25.7,72.0,45.0,0.5,24.2,200,12000.0,59.0,17.0,37.0,5.0,25.0,22.0,62.0,10.0,15.0,9.0,18.0,27.0,10.0,19.0,7.0,2.0,1.0,20.0,14.0,35.0,-125.0
2479644,26,979923,SPAR GRAN CANARIA,HOME,78.5,79.1,84.1,139.2,-55.1,45.5,44.9,15.2,17.9,50.0,34.9,0.9,11.6,200,12000.0,66.0,22.0,54.0,6.0,15.0,28.0,69.0,4.0,8.0,7.0,22.0,29.0,12.0,13.0,5.0,1.0,4.0,15.0,11.0,51.0,-225.0
2479644,26,980027,VALENCIA B.C.,AWAY,79.7,79.1,139.2,84.1,55.1,59.9,57.5,8.8,50.0,82.1,65.1,3.2,14.9,200,12000.0,111.0,23.0,44.0,18.0,43.0,41.0,87.0,11.0,13.0,22.0,32.0,54.0,29.0,9.0,8.0,4.0,1.0,11.0,15.0,153.0,225.0
2479645,26,979874,IDK EUSKOTREN,AWAY,70.9,71.5,74.7,86.2,-11.5,41.5,34.8,16.9,20.0,73.3,46.7,0.6,32.1,200,12000.0,53.0,15.0,45.0,3.0,11.0,18.0,56.0,14.0,18.0,6.0,22.0,28.0,8.0,13.0,6.0,0.0,0.0,21.0,16.0,35.0,-45.0
2479645,26,981322,INGENIERÍA AMBIENTAL CAB ESTEPONA,HOME,71.9,71.5,86.2,74.7,11.5,49.3,42.7,21.3,26.7,80.0,53.3,0.9,32.7,200,12000.0,62.0,16.0,43.0,5.0,12.0,21.0,55.0,15.0,18.0,8.0,24.0,32.0,15.0,17.0,7.0,0.0,0.0,17.0,21.0,66.0,45.0
2479646,26,979930,LOINTEK GERNIKA BIZKAIA,AWAY,77.2,78.0,110.0,104.2,5.8,57.2,53.8,18.6,43.8,84.8,64.6,1.1,32.3,200,12000.0,85.0,23.0,44.0,8.0,21.0,31.0,65.0,15.0,21.0,14.0,28.0,42.0,18.0,17.0,8.0,2.0,0.0,20.0,18.0,96.0,15.0
2479646,26,981426,MOVISTAR ESTUDIANTES,HOME,78.7,78.0,104.2,110.0,-5.8,56.4,50.0,13.1,15.2,56.2,35.4,1.6,34.9,200,12000.0,82.0,21.0,42.0,7.0,21.0,28.0,63.0,19.0,22.0,5.0,18.0,23.0,18.0,11.0,10.0,0.0,2.0,18.0,19.0,85.0,-15.0
2479647,26,981243,DURÁN MAQUINARIA ENSINO,HOME,68.4,68.8,100.8,91.1,9.7,49.7,43.1,14.7,38.2,63.9,51.4,1.2,44.8,200,12000.0,69.0,19.0,43.0,4.0,15.0,23.0,58.0,19.0,26.0,13.0,23.0,36.0,14.0,12.0,5.0,1.0,2.0,20.0,22.0,73.0,30.0
2479647,26,981325,INNOVA-TSN LEGANES,AWAY,69.2,68.8,91.1,100.8,-9.7,44.3,41.5,13.4,36.1,61.8,48.6,1.0,21.5,200,12000.0,63.0,18.0,48.0,6.0,17.0,24.0,65.0,9.0,14.0,13.0,21.0,34.0,11.0,11.0,9.0,2.0,1.0,22.0,18.0,58.0,-30.0
2479648,26,979864,CADI LA SEU,AWAY,68.2,69.5,70.4,106.2,-35.8,38.6,36.7,20.5,27.0,55.2,39.4,0.6,8.3,200,12000.0,48.0,16.0,46.0,4.0,14.0,20.0,60.0,4.0,5.0,10.0,16.0,26.0,10.0,16.0,6.0,2.0,5.0,16.0,10.0,29.0,-135.0
2479648,26,979981,HOZONO GLOBAL JAIRIS,HOME,70.6,69.4,106.2,70.4,35.8,53.8,52.2,16.7,44.8,73.0,60.6,1.8,9.0,200,12000.0,75.0,26.0,45.0,6.0,22.0,32.0,67.0,5.0,6.0,13.0,27.0,40.0,25.0,14.0,9.0,5.0,2.0,11.0,16.0,109.0,135.0
2479649,26,979289,CLUB JOVENTUT BADALONA,HOME,80.3,78.6,85.9,87.2,-1.3,43.0,41.3,15.7,34.9,71.0,50.0,1.4,16.0,200,12000.0,69.0,25.0,48.0,4.0,27.0,29.0,75.0,7.0,12.0,15.0,22.0,37.0,21.0,15.0,16.0,4.0,1.0,16.0,14.0,79.0,10.0
2479649,26,979875,PERFUMERIAS AVENIDA,AWAY,76.8,78.6,87.2,85.9,1.3,53.3,50.9,26.8,29.0,65.1,50.0,0.7,19.0,200,12000.0,67.0,16.0,38.0,9.0,20.0,25.0,58.0,8.0,11.0,9.0,28.0,37.0,16.0,23.0,8.0,1.0,4.0,15.0,16.0,71.0,-10.0
2479650,26,981303,BAXI FERROL,HOME,70.0,73.4,107.1,87.2,19.9,54.3,49.2,9.2,17.6,86.7,50.0,2.6,25.8,200,12000.0,75.0,17.0,36.0,9.0,26.0,26.0,62.0,14.0,16.0,6.0,26.0,32.0,18.0,7.0,7.0,1.0,0.0,19.0,19.0,88.0,40.0
2479650,26,981359,SPAR GIRONA,AWAY,76.8,73.4,87.2,107.1,-19.9,48.7,42.5,14.9,13.3,82.4,50.0,1.2,33.3,200,12000.0,67.0,18.0,31.0,5.0,29.0,23.0,60.0,16.0,20.0,4.0,28.0,32.0,15.0,12.0,3.0,0.0,1.0,19.0,19.0,64.0,-40.0
2479651,27,981322,INGENIERÍA AMBIENTAL CAB ESTEPONA,AWAY,76.8,77.4,138.0,99.8,38.2,64.8,61.6,7.9,32.4,69.4,50.7,3.3,27.4,200,12000.0,106.0,18.0,34.0,18.0,39.0,36.0,73.0,16.0,20.0,12.0,25.0,37.0,23.0,7.0,8.0,1.0,0.0,12.0,18.0,133.0,140.0
2479651,27,979923,SPAR GRAN CANARIA,HOME,78.2,77.4,99.8,138.0,-38.2,51.2,51.4,14.6,30.6,67.6,49.3,1.3,20.0,200,12000.0,78.0,24.0,51.0,8.0,19.0,32.0,70.0,6.0,14.0,11.0,25.0,36.0,17.0,13.0,5.0,0.0,1.0,18.0,12.0,71.0,-140.0
2479652,27,979954,CASADEMONT ZARAGOZA,HOME,73.2,73.2,99.8,68.4,31.4,55.2,50.8,17.5,23.3,76.7,54.8,1.2,23.3,200,12000.0,73.0,20.0,42.0,7.0,18.0,27.0,60.0,12.0,14.0,7.0,33.0,40.0,17.0,14.0,7.0,1.0,0.0,17.0,16.0,88.0,115.0
2479652,27,981325,INNOVA-TSN LEGANES,AWAY,73.1,73.1,68.4,99.8,-31.4,34.7,32.6,13.2,23.3,76.7,45.2,0.4,10.1,200,12000.0,50.0,18.0,46.0,3.0,23.0,21.0,69.0,5.0,7.0,10.0,23.0,33.0,4.0,11.0,9.0,0.0,1.0,16.0,17.0,36.0,-115.0
2479653,27,981129,KUTXABANK ARASKI,AWAY,69.3,72.1,103.9,90.7,13.2,56.9,55.2,18.1,25.0,80.0,53.7,1.1,20.7,200,12000.0,72.0,17.0,35.0,10.0,23.0,27.0,58.0,8.0,12.0,8.0,28.0,36.0,15.0,14.0,6.0,1.0,3.0,20.0,17.0,78.0,20.0
2479653,27,979875,PERFUMERIAS AVENIDA,HOME,75.0,72.1,90.7,103.9,-13.2,50.7,40.2,18.3,20.0,75.0,46.3,0.9,44.6,200,12000.0,68.0,15.0,35.0,5.0,21.0,20.0,56.0,23.0,25.0,7.0,24.0,31.0,13.0,15.0,7.0,3.0,1.0,17.0,20.0,72.0,-20.0
2479654,27,979874,IDK EUSKOTREN,HOME,82.8,71.9,86.9,92.5,-5.6,45.1,44.7,16.7,35.1,77.8,56.2,1.2,14.7,225,13500.0,72.0,26.0,53.0,5.0,22.0,31.0,75.0,5.0,11.0,13.0,28.0,41.0,19.0,16.0,8.0,4.0,1.0,21.0,17.0,74.0,-5.0
2479654,27,979930,LOINTEK GERNIKA BIZKAIA,AWAY,78.9,71.9,92.5,86.9,5.6,49.4,42.7,15.0,22.2,64.9,43.8,0.9,43.5,225,13500.0,73.0,22.0,44.0,3.0,18.0,25.0,62.0,20.0,27.0,8.0,24.0,32.0,12.0,13.0,9.0,1.0,4.0,18.0,20.0,72.0,5.0
2479655,27,979864,CADI LA SEU,HOME,72.0,72.6,98.6,83.4,15.2,48.6,47.7,15.1,35.0,75.0,53.9,1.3,24.2,200,12000.0,71.0,15.0,42.0,11.0,24.0,26.0,66.0,8.0,16.0,14.0,27.0,41.0,17.0,13.0,3.0,0.0,2.0,17.0,19.0,73.0,50.0
2479655,27,981243,DURÁN MAQUINARIA ENSINO,AWAY,73.2,72.6,83.4,98.6,-15.2,45.4,41.0,18.3,25.0,65.0,46.1,0.7,23.0,200,12000.0,61.0,16.0,39.0,6.0,22.0,22.0,61.0,11.0,14.0,9.0,26.0,35.0,11.0,15.0,7.0,2.0,0.0,19.0,17.0,57.0,-50.0
2479656,27,981426,MOVISTAR ESTUDIANTES,AWAY,71.8,72.3,80.7,121.0,-40.3,43.4,38.7,14.1,14.6,60.0,31.8,1.0,17.7,200,12000.0,58.0,15.0,44.0,6.0,18.0,21.0,62.0,10.0,11.0,6.0,15.0,21.0,11.0,11.0,8.0,3.0,1.0,21.0,17.0,44.0,-150.0
2479656,27,981359,SPAR GIRONA,HOME,72.7,72.2,121.0,80.7,40.3,62.2,60.0,14.5,40.0,85.4,68.2,1.4,20.0,200,12000.0,88.0,27.0,44.0,8.0,21.0,35.0,65.0,10.0,13.0,10.0,35.0,45.0,17.0,12.0,5.0,1.0,3.0,17.0,21.0,115.0,150.0
2479657,27,979289,CLUB JOVENTUT BADALONA,HOME,70.8,70.1,97.5,96.5,1.0,54.1,54.0,16.9,23.1,62.5,44.8,1.1,6.5,200,12000.0,69.0,23.0,42.0,7.0,20.0,30.0,62.0,2.0,4.0,6.0,20.0,26.0,14.0,13.0,9.0,1.0,2.0,13.0,15.0,74.0,10.0
2479657,27,979981,HOZONO GLOBAL JAIRIS,AWAY,69.4,70.2,96.5,97.5,-1.0,48.3,46.9,14.7,37.5,76.9,55.2,1.2,15.4,200,12000.0,67.0,20.0,37.0,7.0,28.0,27.0,65.0,6.0,10.0,12.0,20.0,32.0,14.0,12.0,10.0,2.0,1.0,15.0,13.0,69.0,-10.0
2479658,27,981303,BAXI FERROL,AWAY,72.7,72.1,101.8,118.9,-17.1,54.6,50.0,19.1,35.5,65.6,50.8,0.8,21.0,200,12000.0,74.0,22.0,39.0,6.0,23.0,28.0,62.0,12.0,13.0,11.0,21.0,32.0,13.0,16.0,6.0,1.0,1.0,16.0,18.0,77.0,-55.0
2479658,27,980027,VALENCIA B.C.,HOME,71.5,72.1,118.9,101.8,17.1,60.3,56.3,14.5,34.4,64.5,49.2,2.2,27.0,200,12000.0,85.0,16.0,38.0,13.0,25.0,29.0,63.0,14.0,17.0,11.0,20.0,31.0,26.0,12.0,10.0,1.0,1.0,19.0,16.0,101.0,55.0
2479659,28,979930,LOINTEK GERNIKA BIZKAIA,HOME,82.9,82.6,131.5,94.9,36.6,59.9,57.2,11.7,51.3,72.7,61.1,2.7,21.7,200,12000.0,109.0,28.0,49.0,13.0,34.0,41.0,83.0,14.0,18.0,20.0,24.0,44.0,32.0,12.0,10.0,3.0,1.0,9.0,17.0,148.0,155.0
2479659,28,979923,SPAR GRAN CANARIA,AWAY,82.2,82.5,94.9,131.5,-36.6,53.3,51.4,19.7,27.3,48.7,38.9,0.9,7.0,200,12000.0,78.0,26.0,52.0,7.0,19.0,33.0,71.0,5.0,5.0,9.0,19.0,28.0,17.0,18.0,6.0,1.0,3.0,17.0,9.0,66.0,-155.0
2479660,28,979864,CADI LA SEU,AWAY,70.3,71.3,93.9,124.3,-30.4,54.7,53.6,22.0,25.9,77.8,51.9,1.1,21.8,200,12000.0,66.0,19.0,30.0,7.0,25.0,26.0,55.0,7.0,12.0,7.0,21.0,28.0,18.0,17.0,3.0,0.0,1.0,17.0,11.0,58.0,-120.0
2479660,28,981322,INGENIERÍA AMBIENTAL CAB ESTEPONA,HOME,72.4,71.3,124.3,93.9,30.4,66.8,65.1,14.0,22.2,74.1,48.1,2.0,15.9,200,12000.0,90.0,20.0,36.0,14.0,27.0,34.0,63.0,8.0,10.0,6.0,20.0,26.0,22.0,11.0,12.0,1.0,0.0,11.0,17.0,115.0,120.0
2479661,28,979289,CLUB JOVENTUT BADALONA,AWAY,73.7,74.2,89.6,89.6,0.0,50.2,48.2,20.6,32.1,60.5,49.3,0.8,39.3,200,12000.0,66.0,24.0,43.0,2.0,13.0,26.0,56.0,12.0,22.0,9.0,26.0,35.0,14.0,17.0,5.0,3.0,1.0,19.0,21.0,68.0,-5.0
2479661,28,981325,INNOVA-TSN LEGANES,HOME,74.8,74.2,89.6,89.6,0.0,41.5,38.2,12.0,39.5,67.9,50.7,1.3,27.8,200,12000.0,67.0,20.0,47.0,5.0,25.0,25.0,72.0,12.0,20.0,17.0,19.0,36.0,14.0,11.0,10.0,1.0,3.0,21.0,19.0,60.0,5.0
2479662,28,981426,MOVISTAR ESTUDIANTES,HOME,75.2,75.8,77.2,79.8,-2.6,46.7,41.1,24.3,25.0,59.0,44.8,0.6,25.0,200,12000.0,58.0,14.0,31.0,6.0,25.0,20.0,56.0,12.0,14.0,7.0,23.0,30.0,12.0,20.0,8.0,4.0,2.0,19.0,19.0,54.0,-15.0
2479662,28,979875,PERFUMERIAS AVENIDA,AWAY,76.4,75.8,79.8,77.2,2.6,43.9,43.1,24.9,41.0,75.0,55.2,0.6,15.4,200,12000.0,61.0,22.0,52.0,4.0,13.0,26.0,65.0,5.0,10.0,16.0,21.0,37.0,13.0,23.0,11.0,2.0,4.0,19.0,19.0,57.0,15.0
2479663,28,981243,DURÁN MAQUINARIA ENSINO,HOME,86.2,73.4,104.4,120.3,-15.9,48.8,43.4,8.9,36.6,89.3,58.0,1.6,25.3,225,13500.0,90.0,27.0,55.0,6.0,28.0,33.0,83.0,18.0,21.0,15.0,25.0,40.0,14.0,9.0,10.0,0.0,1.0,23.0,21.0,90.0,-25.0
2479663,28,981359,SPAR GIRONA,AWAY,79.0,73.4,120.3,104.4,15.9,68.8,67.2,15.9,10.7,63.4,42.0,1.4,43.1,225,13500.0,95.0,21.0,34.0,12.0,24.0,33.0,58.0,17.0,25.0,3.0,26.0,29.0,18.0,13.0,4.0,1.0,0.0,21.0,23.0,103.0,25.0
2479664,28,979874,IDK EUSKOTREN,HOME,72.8,73.8,94.8,76.2,18.6,55.8,51.9,20.6,17.9,84.6,50.0,0.8,37.7,200,12000.0,69.0,20.0,43.0,5.0,10.0,25.0,53.0,14.0,20.0,5.0,22.0,27.0,13.0,16.0,10.0,3.0,1.0,19.0,19.0,72.0,60.0
2479664,28,980027,VALENCIA B.C.,AWAY,74.8,73.8,76.2,94.8,-18.6,48.4,44.4,25.4,15.4,82.1,50.0,0.5,20.4,200,12000.0,57.0,18.0,42.0,4.0,12.0,22.0,54.0,9.0,11.0,4.0,23.0,27.0,10.0,20.0,9.0,1.0,3.0,19.0,19.0,50.0,-60.0
2479665,28,979981,HOZONO GLOBAL JAIRIS,HOME,70.5,74.8,86.5,68.2,18.3,43.9,41.1,15.8,31.6,78.6,56.2,1.3,27.4,200,12000.0,61.0,15.0,37.0,7.0,25.0,22.0,62.0,10.0,17.0,12.0,33.0,45.0,17.0,13.0,6.0,7.0,4.0,15.0,19.0,80.0,35.0
2479665,28,981129,KUTXABANK ARASKI,AWAY,79.2,74.9,68.2,86.5,-18.3,35.5,31.4,13.6,21.4,68.4,43.8,0.8,20.0,200,12000.0,54.0,13.0,45.0,6.0,25.0,19.0,70.0,10.0,14.0,9.0,26.0,35.0,9.0,12.0,8.0,4.0,7.0,19.0,15.0,39.0,-35.0
2479666,28,981303,BAXI FERROL,HOME,75.7,76.0,88.5,90.4,-1.9,50.2,45.9,16.3,12.1,83.3,49.3,0.8,21.3,200,12000.0,67.0,13.0,33.0,10.0,28.0,23.0,61.0,11.0,13.0,4.0,30.0,34.0,11.0,13.0,8.0,2.0,3.0,18.0,18.0,69.0,-10.0
2479666,28,979954,CASADEMONT ZARAGOZA,AWAY,76.4,76.0,90.4,88.5,1.9,48.3,43.7,13.4,16.7,87.9,50.7,1.3,30.2,200,12000.0,69.0,17.0,36.0,7.0,27.0,24.0,63.0,14.0,19.0,6.0,29.0,35.0,14.0,11.0,11.0,3.0,2.0,18.0,18.0,77.0,10.0
2479667,29,981303,BAXI FERROL,AWAY,78.7,79.2,83.8,108.0,-24.2,50.2,48.3,19.6,8.8,69.7,38.8,0.5,21.7,200,12000.0,66.0,17.0,39.0,8.0,21.0,25.0,60.0,8.0,13.0,3.0,23.0,26.0,8.0,16.0,7.0,2.0,2.0,16.0,17.0,54.0,-100.0
2479667,29,981129,KUTXABANK ARASKI,HOME,79.6,79.2,108.0,83.8,24.2,56.1,52.1,14.5,30.3,91.2,61.2,1.5,21.4,200,12000.0,86.0,17.0,43.0,13.0,27.0,30.0,70.0,13.0,15.0,10.0,31.0,41.0,20.0,13.0,9.0,2.0,2.0,17.0,15.0,101.0,100.0
2479668,29,979875,PERFUMERIAS AVENIDA,HOME,76.8,74.5,118.4,81.8,36.6,57.0,53.3,17.6,52.6,62.8,58.0,1.1,14.7,200,12000.0,91.0,19.0,42.0,14.0,33.0,33.0,75.0,11.0,11.0,20.0,27.0,47.0,19.0,17.0,10.0,2.0,0.0,14.0,13.0,109.0,160.0
2479668,29,979923,SPAR GRAN CANARIA,AWAY,72.2,74.5,81.8,118.4,-36.6,39.8,37.5,15.9,37.2,47.4,42.0,0.6,20.6,200,12000.0,59.0,18.0,49.0,5.0,19.0,23.0,68.0,8.0,14.0,16.0,18.0,34.0,8.0,14.0,11.0,0.0,2.0,13.0,14.0,48.0,-160.0
2479669,29,979874,IDK EUSKOTREN,AWAY,76.8,75.1,79.4,118.5,-39.1,40.8,36.4,11.8,20.0,56.2,36.1,1.5,30.3,200,12000.0,61.0,18.0,50.0,4.0,16.0,22.0,66.0,13.0,20.0,8.0,18.0,26.0,15.0,10.0,9.0,3.0,6.0,18.0,22.0,57.0,-130.0
2479669,29,981325,INNOVA-TSN LEGANES,HOME,73.4,75.1,118.5,79.4,39.1,59.2,56.5,16.0,43.8,80.0,63.9,1.7,41.9,200,12000.0,87.0,23.0,40.0,8.0,22.0,31.0,62.0,17.0,26.0,14.0,32.0,46.0,24.0,14.0,8.0,6.0,3.0,22.0,18.0,113.0,130.0
2479671,29,979864,CADI LA SEU,HOME,74.0,74.4,99.9,85.6,14.3,57.8,53.5,19.0,22.7,77.8,53.1,1.1,28.1,200,12000.0,74.0,17.0,31.0,9.0,26.0,26.0,57.0,13.0,16.0,5.0,21.0,26.0,17.0,15.0,9.0,2.0,2.0,22.0,19.0,76.0,50.0
2479671,29,979930,LOINTEK GERNIKA BIZKAIA,AWAY,74.8,74.4,85.6,99.9,-14.3,51.8,45.3,23.5,22.2,77.3,46.9,0.7,37.7,200,12000.0,64.0,18.0,39.0,4.0,14.0,22.0,53.0,16.0,20.0,6.0,17.0,23.0,13.0,19.0,6.0,2.0,2.0,19.0,22.0,57.0,-50.0
2479673,29,979289,CLUB JOVENTUT BADALONA,HOME,77.0,76.8,89.6,96.8,-7.2,46.0,37.5,13.8,25.6,75.0,50.6,1.3,39.1,200,12000.0,69.0,18.0,40.0,4.0,24.0,22.0,64.0,21.0,25.0,10.0,30.0,40.0,16.0,12.0,13.0,0.0,0.0,19.0,22.0,83.0,-25.0
2479673,29,981322,INGENIERÍA AMBIENTAL CAB ESTEPONA,AWAY,76.5,76.7,96.8,89.6,7.2,50.4,46.2,15.0,25.0,74.4,49.4,1.2,25.8,200,12000.0,74.0,11.0,31.0,13.0,35.0,24.0,66.0,13.0,17.0,10.0,29.0,39.0,15.0,13.0,4.0,0.0,0.0,22.0,19.0,70.0,25.0
2479674,29,981243,DURÁN MAQUINARIA ENSINO,AWAY,79.3,76.5,88.3,83.9,4.4,44.7,44.5,16.1,37.8,72.5,55.8,1.1,16.4,200,12000.0,70.0,22.0,54.0,7.0,19.0,29.0,73.0,5.0,12.0,14.0,29.0,43.0,16.0,15.0,7.0,0.0,1.0,23.0,19.0,66.0,40.0
2479674,29,980027,VALENCIA B.C.,HOME,73.9,76.6,83.9,88.3,-4.4,43.7,39.0,16.5,27.5,62.2,44.2,1.1,45.8,200,12000.0,62.0,11.0,33.0,8.0,26.0,19.0,59.0,16.0,27.0,11.0,23.0,34.0,16.0,14.0,7.0,1.0,0.0,19.0,23.0,59.0,-40.0
