MATCHID,ROUND,TEAM_ID,TEAM,LOCATION,POSS,PACE,O_RTG,D_RTG,NET_RTG,TS%,eFG%,TOV%,ORB%,DRB%,TRB%,AST_TOV_RATIO,FTr,MIN,MIN_SECS,PTS,FGM_2,FGA_2,FGM_3,FGA_3,FGM,FGA,FTM,FTA,ORB,DRB,TRB,AST,TOV,STL,BLK,BLKA,PF,PFD,PIR,PLUS_MINUS
2484017,1,982146,CB BOET MATARÓ,HOME,81.8,79.3,80.6,93.7,-13.1,47.9,46.1,24.2,26.5,54.8,42.1,0.9,17.2,200,12000.0,66.0,16.0,32.0,9.0,32.0,25.0,64.0,7.0,11.0,9.0,23.0,32.0,19.0,22.0,6.0,5.0,2.0,15.0,15.0,63.0,-30.0
2484017,1,981218,FLANIGAN CALVIÀ,AWAY,76.8,79.3,93.7,80.6,13.1,45.7,45.3,17.7,45.2,73.5,57.9,0.8,14.9,200,12000.0,72.0,23.0,48.0,7.0,26.0,30.0,74.0,5.0,11.0,19.0,25.0,44.0,13.0,17.0,11.0,2.0,5.0,17.0,14.0,72.0,30.0
2484018,1,981219,IMMO SA MARINA CIUTAT D’INCA BASQUET,AWAY,75.6,74.5,87.3,118.6,-31.3,41.0,36.4,10.0,31.8,53.1,40.8,1.0,34.3,200,12000.0,66.0,15.0,39.0,7.0,31.0,22.0,70.0,15.0,24.0,14.0,17.0,31.0,9.0,9.0,11.0,0.0,1.0,21.0,20.0,50.0,-105.0
2484018,1,979290,PUJOL MOLLERUSSA,HOME,73.4,74.5,118.6,87.3,31.3,61.0,57.9,19.2,46.9,68.2,59.2,1.2,30.2,200,12000.0,87.0,20.0,30.0,11.0,33.0,31.0,63.0,14.0,19.0,15.0,30.0,45.0,20.0,17.0,7.0,1.0,0.0,20.0,21.0,107.0,105.0
2484019,1,981131,CB VALLS TALLERS PABLO MARTÍNEZ,HOME,83.3,83.7,99.7,93.9,5.8,54.4,49.2,19.1,30.6,71.0,49.3,0.9,61.7,200,12000.0,83.0,10.0,23.0,13.0,37.0,23.0,60.0,24.0,37.0,11.0,22.0,33.0,16.0,18.0,18.0,1.0,6.0,19.0,23.0,87.0,20.0
2484019,1,981133,UE SANT CUGAT - OCCIDENT,AWAY,84.1,83.7,93.9,99.7,-5.8,58.0,51.7,26.8,29.0,69.4,50.7,0.8,39.7,200,12000.0,79.0,18.0,37.0,8.0,21.0,26.0,58.0,19.0,23.0,9.0,25.0,34.0,19.0,25.0,8.0,6.0,1.0,23.0,19.0,81.0,-20.0
2484020,1,981130,ALFINDÉN CB,AWAY,78.8,80.3,73.6,104.0,-30.4,40.4,39.0,22.6,29.8,64.3,46.1,0.5,49.2,200,12000.0,58.0,14.0,38.0,6.0,21.0,20.0,59.0,12.0,29.0,14.0,27.0,41.0,10.0,21.0,3.0,8.0,1.0,17.0,25.0,51.0,-135.0
2484020,1,979776,MONBUS - CB IGUALADA,HOME,81.7,80.2,104.0,73.6,30.4,48.4,48.8,9.3,35.7,70.2,53.9,2.2,15.9,200,12000.0,85.0,25.0,56.0,10.0,26.0,35.0,82.0,5.0,13.0,15.0,33.0,48.0,20.0,9.0,13.0,1.0,8.0,25.0,17.0,95.0,135.0
2484021,1,981166,C.B.ROSER,AWAY,81.8,81.4,88.1,82.6,5.5,44.6,39.0,14.8,32.5,88.9,59.2,1.1,42.6,200,12000.0,72.0,19.0,42.0,5.0,26.0,24.0,68.0,19.0,29.0,13.0,32.0,45.0,15.0,14.0,10.0,2.0,3.0,19.0,21.0,78.0,25.0
2484021,1,979311,LETRA CORPOREA BARBASTRO,HOME,81.1,81.4,82.6,88.1,-5.5,47.8,44.2,17.6,11.1,67.5,40.8,1.3,38.3,200,12000.0,67.0,19.0,38.0,5.0,22.0,24.0,60.0,14.0,23.0,4.0,27.0,31.0,19.0,15.0,6.0,3.0,2.0,21.0,19.0,64.0,-25.0
2484022,1,981354,IBERSOL CB TARRAGONA,AWAY,78.6,79.6,113.3,116.4,-3.1,60.5,61.1,16.0,31.0,75.0,52.6,1.1,38.1,200,12000.0,89.0,25.0,46.0,9.0,17.0,34.0,63.0,12.0,24.0,9.0,21.0,30.0,16.0,14.0,11.0,0.0,0.0,23.0,18.0,86.0,-25.0
2484022,1,979865,TIBU-RON CASTELLDEFELS,HOME,80.8,79.7,116.4,113.3,3.1,64.6,64.2,17.1,25.0,69.0,47.4,1.0,48.3,200,12000.0,94.0,22.0,34.0,11.0,26.0,33.0,60.0,17.0,29.0,7.0,20.0,27.0,15.0,15.0,8.0,0.0,0.0,19.0,23.0,94.0,25.0
2484023,1,981301,SA REAL INSTALACIONES AREVALO IBIZA,AWAY,81.7,81.2,77.1,117.6,-40.5,43.3,39.6,18.0,16.7,65.5,36.6,0.8,19.4,200,12000.0,63.0,13.0,24.0,9.0,43.0,22.0,67.0,10.0,13.0,7.0,19.0,26.0,12.0,16.0,8.0,0.0,1.0,22.0,15.0,38.0,-160.0
2484023,1,980002,SANDÁ C.B. L´HOSPITALET,HOME,80.8,81.2,117.6,77.1,40.5,61.1,58.5,14.3,34.5,83.3,63.4,2.0,44.6,200,12000.0,95.0,23.0,41.0,10.0,24.0,33.0,65.0,19.0,29.0,10.0,35.0,45.0,26.0,13.0,5.0,1.0,0.0,17.0,22.0,122.0,160.0
2487031,1,981221,HOTEL 4POSTES - ÁVILA AUTÉNTICA - EL BULEVAR,AWAY,86.3,77.6,79.9,81.6,-1.7,42.4,38.4,18.9,29.8,61.1,46.5,0.5,40.6,225,13500.0,69.0,19.0,43.0,5.0,26.0,24.0,69.0,16.0,28.0,14.0,33.0,47.0,9.0,19.0,12.0,2.0,1.0,24.0,27.0,66.0,-15.0
2487031,1,979921,IRUKI TAKE,HOME,88.2,77.6,81.6,79.9,1.7,39.5,34.8,16.5,38.9,70.2,53.5,0.6,25.6,225,13500.0,72.0,18.0,46.0,7.0,36.0,25.0,82.0,15.0,21.0,21.0,33.0,54.0,10.0,18.0,12.0,1.0,2.0,27.0,23.0,64.0,15.0
2487032,1,982049,CAJA RURAL DE ZAMORA CBCV BOECILLO,HOME,77.0,77.0,66.3,107.6,-41.3,39.9,39.2,23.8,18.9,82.8,47.0,0.5,15.0,200,12000.0,51.0,13.0,40.0,7.0,20.0,20.0,60.0,4.0,9.0,7.0,24.0,31.0,9.0,20.0,9.0,1.0,0.0,18.0,14.0,32.0,-160.0
2487032,1,979970,MEGACALZADO ARDOI,AWAY,77.2,77.1,107.6,66.3,41.3,60.9,58.1,17.0,17.2,81.1,53.0,1.4,22.6,200,12000.0,83.0,21.0,33.0,10.0,29.0,31.0,62.0,11.0,14.0,5.0,30.0,35.0,19.0,14.0,14.0,0.0,1.0,14.0,18.0,107.0,160.0
2487033,1,983015,CONSTRUCCIONES GONZALO CRESPO PAS PIÉLAGOS,HOME,79.4,78.9,93.2,114.7,-21.5,51.1,46.5,15.2,17.6,60.0,40.5,0.9,61.4,200,12000.0,74.0,22.0,35.0,3.0,22.0,25.0,57.0,21.0,35.0,6.0,24.0,30.0,12.0,13.0,6.0,1.0,0.0,20.0,24.0,68.0,-80.0
2487033,1,979777,UNIVERSIDAD DEUSTO LOIOLA INDAUTXU,AWAY,78.5,78.9,114.7,93.2,21.5,53.3,51.3,10.6,40.0,82.4,59.5,2.4,22.1,200,12000.0,90.0,23.0,44.0,11.0,33.0,34.0,77.0,11.0,17.0,16.0,28.0,44.0,24.0,10.0,7.0,0.0,1.0,24.0,20.0,102.0,80.0
2487034,1,982050,GRUPO INMAPA FILIPENSES,AWAY,78.8,80.8,63.5,77.3,-13.8,35.8,27.2,21.4,25.0,70.0,47.5,0.2,50.9,200,12000.0,50.0,14.0,41.0,1.0,16.0,15.0,57.0,19.0,29.0,10.0,28.0,38.0,3.0,19.0,12.0,0.0,2.0,15.0,21.0,38.0,-70.0
2487034,1,981230,ULACIA ZKE,HOME,82.8,80.8,77.3,63.5,13.8,44.5,41.0,24.3,30.0,75.0,52.5,0.5,16.4,200,12000.0,64.0,20.0,35.0,5.0,32.0,25.0,67.0,9.0,11.0,12.0,30.0,42.0,12.0,23.0,9.0,2.0,0.0,22.0,15.0,55.0,70.0
2487035,1,979288,BASKONIA,HOME,88.4,86.3,96.2,65.3,30.9,56.4,56.0,21.8,29.6,76.6,59.5,0.9,28.4,200,12000.0,85.0,30.0,48.0,5.0,19.0,35.0,67.0,10.0,19.0,8.0,36.0,44.0,19.0,21.0,10.0,4.0,6.0,20.0,21.0,101.0,150.0
2487035,1,981440,RECOLETAS SALUD CARBAJOSA,AWAY,84.2,86.4,65.3,96.2,-30.9,35.6,30.1,18.9,23.4,70.4,40.5,0.3,30.9,200,12000.0,55.0,16.0,45.0,3.0,23.0,19.0,68.0,14.0,21.0,11.0,19.0,30.0,6.0,18.0,12.0,6.0,4.0,21.0,20.0,34.0,-150.0
2487036,1,979908,RESTAURANTE LOS ARCOS CB SOLARES,AWAY,80.1,81.3,82.4,133.4,-51.0,47.1,44.2,23.9,32.4,66.7,45.9,0.3,38.3,200,12000.0,66.0,16.0,41.0,7.0,19.0,23.0,60.0,13.0,23.0,12.0,16.0,28.0,7.0,22.0,9.0,1.0,3.0,22.0,22.0,42.0,-220.0
2487036,1,981224,TEKNEI BIZKAIA ZORNOTZA,HOME,82.4,81.3,133.4,82.4,51.0,72.0,68.5,15.5,33.3,67.6,54.1,1.3,40.0,200,12000.0,110.0,22.0,31.0,15.0,34.0,37.0,65.0,21.0,26.0,8.0,25.0,33.0,18.0,14.0,13.0,3.0,1.0,22.0,21.0,129.0,220.0
2487037,1,981423,BLENDIO,HOME,85.7,87.2,113.2,99.1,14.1,64.1,61.4,20.1,29.0,56.2,45.6,1.1,33.3,200,12000.0,97.0,21.0,37.0,13.0,29.0,34.0,66.0,16.0,22.0,9.0,27.0,36.0,20.0,19.0,10.0,0.0,2.0,19.0,19.0,106.0,45.0
2487037,1,981143,DE MORRO FINO CANTBASKET04,AWAY,88.8,87.3,99.1,113.2,-14.1,45.9,41.4,12.8,43.8,71.0,54.4,1.1,23.0,200,12000.0,88.0,27.0,54.0,6.0,33.0,33.0,87.0,16.0,20.0,21.0,22.0,43.0,16.0,14.0,11.0,2.0,0.0,19.0,17.0,86.0,-45.0
2513647,1,981425,C.B. TRES CANTOS,HOME,78.2,77.0,79.3,101.5,-22.2,40.7,37.1,17.4,35.9,63.6,48.6,0.8,20.0,200,12000.0,62.0,14.0,40.0,8.0,30.0,22.0,70.0,10.0,14.0,14.0,21.0,35.0,12.0,16.0,11.0,2.0,2.0,30.0,17.0,41.0,-75.0
2513647,1,981360,VÍTALY LA MAR BCBADAJOZ,AWAY,75.8,77.0,101.5,79.3,22.2,52.9,46.5,17.1,36.4,64.1,51.4,0.7,63.2,200,12000.0,77.0,16.0,34.0,7.0,23.0,23.0,57.0,24.0,36.0,12.0,25.0,37.0,11.0,15.0,9.0,2.0,2.0,17.0,27.0,85.0,75.0
2513648,1,979290,PUJOL MOLLERUSSA,AWAY,76.6,77.3,94.0,93.6,0.4,46.4,43.7,12.4,27.9,73.9,51.7,0.9,21.1,200,12000.0,72.0,19.0,37.0,8.0,34.0,27.0,71.0,10.0,15.0,12.0,34.0,46.0,10.0,11.0,7.0,0.0,2.0,21.0,19.0,73.0,-5.0
2513648,1,979991,VELABASKET CB SUECA,HOME,78.0,77.3,93.6,94.0,-0.4,44.5,42.3,8.9,26.1,72.1,48.3,1.6,35.2,200,12000.0,73.0,18.0,40.0,8.0,31.0,26.0,71.0,13.0,25.0,12.0,31.0,43.0,13.0,8.0,5.0,2.0,0.0,19.0,21.0,73.0,5.0
2484024,2,982146,CB BOET MATARÓ,AWAY,76.4,74.5,98.2,101.7,-3.5,51.1,50.0,16.0,32.4,73.5,52.9,0.9,14.5,200,12000.0,75.0,24.0,50.0,7.0,19.0,31.0,69.0,6.0,10.0,11.0,25.0,36.0,12.0,14.0,9.0,0.0,3.0,23.0,15.0,68.0,5.0
2484024,2,981301,SA REAL INSTALACIONES AREVALO IBIZA,HOME,72.8,74.6,101.7,98.2,3.5,53.0,44.7,14.7,26.5,67.6,47.1,1.3,50.9,200,12000.0,74.0,15.0,31.0,7.0,26.0,22.0,57.0,23.0,29.0,9.0,23.0,32.0,16.0,12.0,11.0,3.0,0.0,15.0,23.0,91.0,-5.0
2484025,2,981354,IBERSOL CB TARRAGONA,HOME,73.8,72.1,93.5,86.7,6.8,45.5,39.6,14.6,45.5,68.4,57.7,1.2,29.9,200,12000.0,69.0,19.0,41.0,5.0,26.0,24.0,67.0,16.0,20.0,15.0,26.0,41.0,15.0,13.0,6.0,2.0,5.0,25.0,21.0,69.0,40.0
2484025,2,980002,SANDÁ C.B. L´HOSPITALET,AWAY,70.3,72.1,86.7,93.5,-6.8,44.0,38.6,15.8,31.6,54.5,42.3,0.9,49.1,200,12000.0,61.0,16.0,36.0,4.0,21.0,20.0,57.0,17.0,28.0,12.0,18.0,30.0,12.0,13.0,8.0,5.0,2.0,22.0,25.0,58.0,-40.0
2484026,2,981166,C.B.ROSER,HOME,74.4,75.6,84.6,103.3,-18.7,44.7,39.8,20.4,38.9,62.2,51.9,0.6,44.1,200,12000.0,63.0,22.0,44.0,1.0,15.0,23.0,59.0,16.0,26.0,14.0,28.0,42.0,10.0,18.0,6.0,2.0,1.0,22.0,19.0,56.0,-80.0
2484026,2,979865,TIBU-RON CASTELLDEFELS,AWAY,76.4,75.5,103.3,84.6,18.7,47.3,45.1,10.7,37.8,61.1,48.1,1.7,36.1,200,12000.0,79.0,22.0,51.0,7.0,21.0,29.0,72.0,14.0,26.0,17.0,22.0,39.0,17.0,10.0,12.0,1.0,2.0,19.0,21.0,85.0,80.0
2484027,2,981130,ALFINDÉN CB,HOME,85.0,82.0,95.2,108.9,-13.7,48.2,45.5,14.3,38.2,63.3,50.0,1.4,20.8,200,12000.0,81.0,26.0,47.0,6.0,30.0,32.0,77.0,11.0,16.0,13.0,19.0,32.0,19.0,14.0,14.0,0.0,1.0,24.0,22.0,80.0,-25.0
2484027,2,979311,LETRA CORPOREA BARBASTRO,AWAY,79.0,82.0,108.9,95.2,13.7,63.2,60.5,24.4,36.7,61.8,50.0,0.9,43.9,200,12000.0,86.0,24.0,33.0,7.0,24.0,31.0,57.0,17.0,25.0,11.0,21.0,32.0,19.0,22.0,6.0,1.0,0.0,23.0,23.0,88.0,25.0
2484028,2,979776,MONBUS - CB IGUALADA,AWAY,79.6,79.2,95.5,87.6,7.9,48.4,46.3,16.0,35.0,66.7,50.0,0.9,35.3,200,12000.0,76.0,21.0,46.0,7.0,22.0,28.0,68.0,13.0,24.0,14.0,24.0,38.0,13.0,15.0,13.0,0.0,5.0,21.0,19.0,72.0,35.0
2484028,2,981133,UE SANT CUGAT - OCCIDENT,HOME,78.8,79.2,87.6,95.5,-7.9,47.4,43.8,19.8,33.3,65.0,50.0,0.3,31.2,200,12000.0,69.0,22.0,40.0,4.0,24.0,26.0,64.0,13.0,20.0,12.0,26.0,38.0,5.0,18.0,9.0,5.0,0.0,20.0,21.0,64.0,-35.0
2484029,2,981131,CB VALLS TALLERS PABLO MARTÍNEZ,AWAY,84.3,83.2,64.1,78.0,-13.9,34.9,32.6,18.9,23.4,75.0,47.1,0.6,16.7,200,12000.0,54.0,16.0,39.0,5.0,33.0,21.0,72.0,7.0,12.0,11.0,30.0,41.0,11.0,18.0,8.0,1.0,3.0,13.0,18.0,46.0,-50.0
2484029,2,981219,IMMO SA MARINA CIUTAT D’INCA BASQUET,HOME,82.0,83.1,78.0,64.1,13.9,45.0,41.4,22.8,25.0,76.6,52.9,0.8,25.0,200,12000.0,64.0,13.0,32.0,9.0,32.0,22.0,64.0,11.0,16.0,10.0,36.0,46.0,17.0,21.0,13.0,3.0,1.0,19.0,13.0,69.0,50.0
2484030,2,981218,FLANIGAN CALVIÀ,HOME,80.6,78.0,79.4,140.7,-61.3,43.5,38.1,16.9,23.5,45.5,32.1,0.3,22.4,200,12000.0,64.0,15.0,39.0,7.0,28.0,22.0,67.0,13.0,15.0,8.0,10.0,18.0,4.0,15.0,10.0,0.0,3.0,21.0,20.0,33.0,-210.0
2484030,2,979290,PUJOL MOLLERUSSA,AWAY,75.4,78.0,140.7,79.4,61.3,71.3,68.9,14.9,54.5,76.5,67.9,1.7,28.8,200,12000.0,106.0,26.0,34.0,13.0,32.0,39.0,66.0,15.0,19.0,12.0,26.0,38.0,22.0,13.0,11.0,3.0,0.0,20.0,21.0,137.0,210.0
2487038,2,981143,DE MORRO FINO CANTBASKET04,HOME,75.8,77.3,91.0,98.8,-7.8,46.1,44.3,17.6,36.6,58.5,47.6,0.6,15.7,200,12000.0,69.0,22.0,48.0,6.0,22.0,28.0,70.0,7.0,11.0,15.0,24.0,39.0,10.0,16.0,7.0,1.0,3.0,13.0,17.0,68.0,-45.0
2487038,2,979921,IRUKI TAKE,AWAY,78.9,77.4,98.8,91.0,7.8,47.6,43.2,14.6,41.5,63.4,52.4,1.2,24.3,200,12000.0,78.0,23.0,45.0,6.0,29.0,29.0,74.0,14.0,18.0,17.0,26.0,43.0,17.0,14.0,10.0,3.0,1.0,17.0,13.0,84.0,45.0
2487039,2,981423,BLENDIO,AWAY,78.0,80.0,70.5,82.9,-12.4,47.4,39.4,33.3,32.1,57.1,48.1,0.4,53.2,200,12000.0,55.0,14.0,27.0,3.0,20.0,17.0,47.0,18.0,25.0,9.0,28.0,37.0,11.0,29.0,8.0,0.0,3.0,26.0,26.0,45.0,-65.0
2487039,2,979908,RESTAURANTE LOS ARCOS CB SOLARES,HOME,82.0,80.0,82.9,70.5,12.4,38.6,34.4,14.6,42.9,67.9,51.9,0.7,32.5,200,12000.0,68.0,19.0,47.0,5.0,30.0,24.0,77.0,15.0,25.0,21.0,19.0,40.0,11.0,15.0,16.0,3.0,0.0,26.0,26.0,60.0,65.0
2487040,2,981440,RECOLETAS SALUD CARBAJOSA,HOME,74.6,74.7,80.4,119.1,-38.7,39.2,35.0,13.5,33.3,58.8,44.7,0.7,21.4,200,12000.0,60.0,17.0,41.0,5.0,29.0,22.0,70.0,11.0,15.0,14.0,20.0,34.0,8.0,12.0,6.0,0.0,2.0,16.0,18.0,46.0,-145.0
2487040,2,981224,TEKNEI BIZKAIA ZORNOTZA,AWAY,74.7,74.7,119.1,80.4,38.7,58.0,57.0,13.5,41.2,66.7,55.3,1.2,18.3,200,12000.0,89.0,21.0,36.0,13.0,35.0,34.0,71.0,8.0,13.0,14.0,28.0,42.0,15.0,12.0,8.0,2.0,0.0,18.0,16.0,100.0,145.0
2487041,2,979288,BASKONIA,AWAY,74.4,75.4,104.8,89.1,15.7,54.6,49.1,18.3,39.4,74.3,57.4,0.4,62.5,200,12000.0,78.0,20.0,36.0,5.0,20.0,25.0,56.0,23.0,35.0,13.0,26.0,39.0,6.0,16.0,6.0,8.0,1.0,22.0,26.0,82.0,50.0
2487041,2,981230,ULACIA ZKE,HOME,76.4,75.4,89.1,104.8,-15.7,48.3,45.2,17.6,25.7,60.6,42.6,0.9,30.6,200,12000.0,68.0,19.0,41.0,6.0,21.0,25.0,62.0,12.0,19.0,9.0,20.0,29.0,13.0,15.0,10.0,1.0,8.0,27.0,21.0,56.0,-50.0
2487042,2,982050,GRUPO INMAPA FILIPENSES,AWAY,79.5,77.4,74.2,91.6,-17.4,31.9,27.6,10.6,45.3,82.9,60.2,1.5,20.0,200,12000.0,59.0,19.0,59.0,3.0,26.0,22.0,85.0,12.0,17.0,24.0,29.0,53.0,17.0,11.0,9.0,0.0,7.0,18.0,22.0,63.0,-50.0
2487042,2,979777,UNIVERSIDAD DEUSTO LOIOLA INDAUTXU,HOME,75.4,77.4,91.6,74.2,17.4,50.5,48.3,16.0,17.1,54.7,39.8,1.2,31.7,200,12000.0,69.0,14.0,29.0,10.0,31.0,24.0,60.0,11.0,19.0,6.0,29.0,35.0,16.0,13.0,7.0,7.0,0.0,23.0,17.0,71.0,50.0
2487043,2,983015,CONSTRUCCIONES GONZALO CRESPO PAS PIÉLAGOS,AWAY,84.2,84.6,102.1,110.4,-8.3,57.2,50.0,20.2,30.3,75.0,52.3,0.7,48.4,200,12000.0,86.0,19.0,37.0,8.0,25.0,27.0,62.0,24.0,30.0,10.0,24.0,34.0,13.0,19.0,13.0,2.0,3.0,22.0,24.0,90.0,-40.0
2487043,2,979970,MEGACALZADO ARDOI,HOME,85.1,84.6,110.4,102.1,8.3,63.4,60.9,20.4,25.0,69.7,47.7,1.1,35.9,200,12000.0,94.0,18.0,31.0,14.0,33.0,32.0,64.0,16.0,23.0,8.0,23.0,31.0,20.0,19.0,12.0,3.0,2.0,24.0,22.0,100.0,40.0
2487044,2,982049,CAJA RURAL DE ZAMORA CBCV BOECILLO,AWAY,80.9,81.7,80.3,92.1,-11.8,45.8,42.9,18.4,17.1,66.7,42.3,0.4,28.6,200,12000.0,65.0,21.0,37.0,4.0,26.0,25.0,63.0,11.0,18.0,6.0,24.0,30.0,7.0,16.0,12.0,0.0,1.0,19.0,18.0,52.0,-55.0
2487044,2,981221,HOTEL 4POSTES - ÁVILA AUTÉNTICA - EL BULEVAR,HOME,82.5,81.7,92.1,80.3,11.8,52.4,48.5,23.3,33.3,82.9,57.7,0.5,26.2,200,12000.0,76.0,24.0,41.0,5.0,24.0,29.0,65.0,13.0,17.0,12.0,29.0,41.0,11.0,22.0,7.0,1.0,0.0,18.0,19.0,75.0,55.0
2484031,3,982146,CB BOET MATARÓ,HOME,75.3,77.0,91.7,109.2,-17.5,46.4,44.9,10.8,20.0,51.3,35.4,1.3,17.4,200,12000.0,69.0,19.0,46.0,8.0,23.0,27.0,69.0,7.0,12.0,8.0,20.0,28.0,12.0,9.0,7.0,5.0,3.0,12.0,14.0,67.0,-85.0
2484031,3,979290,PUJOL MOLLERUSSA,AWAY,78.7,77.0,109.2,91.7,17.5,52.6,50.7,16.4,48.7,80.0,64.6,1.1,17.1,200,12000.0,86.0,25.0,47.0,9.0,29.0,34.0,76.0,9.0,13.0,19.0,32.0,51.0,17.0,16.0,5.0,3.0,5.0,14.0,12.0,98.0,85.0
2484032,3,981131,CB VALLS TALLERS PABLO MARTÍNEZ,HOME,84.2,83.9,84.4,90.7,-6.3,48.5,44.8,22.3,23.8,66.7,44.4,0.7,20.9,200,12000.0,71.0,18.0,34.0,8.0,33.0,26.0,67.0,11.0,14.0,10.0,26.0,36.0,15.0,21.0,12.0,2.0,0.0,21.0,19.0,69.0,-25.0
2484032,3,981218,FLANIGAN CALVIÀ,AWAY,83.8,84.0,90.7,84.4,6.3,48.8,46.4,19.6,33.3,76.2,55.6,0.6,29.0,200,12000.0,76.0,20.0,43.0,8.0,26.0,28.0,69.0,12.0,20.0,13.0,32.0,45.0,12.0,19.0,11.0,0.0,2.0,19.0,21.0,78.0,25.0
2484033,3,981219,IMMO SA MARINA CIUTAT D’INCA BASQUET,AWAY,77.7,76.3,92.6,97.6,-5.0,50.2,47.0,20.1,30.8,76.5,52.1,0.7,19.7,200,12000.0,72.0,16.0,35.0,10.0,31.0,26.0,66.0,10.0,13.0,12.0,26.0,38.0,12.0,18.0,10.0,1.0,2.0,22.0,17.0,67.0,-5.0
2484033,3,979776,MONBUS - CB IGUALADA,HOME,74.8,76.3,97.6,92.6,5.0,52.3,53.3,15.7,23.5,69.2,47.9,1.2,32.8,200,12000.0,73.0,22.0,40.0,7.0,21.0,29.0,61.0,8.0,20.0,8.0,27.0,35.0,16.0,13.0,13.0,2.0,1.0,17.0,22.0,87.0,5.0
2484034,3,979311,LETRA CORPOREA BARBASTRO,HOME,81.3,81.2,83.6,91.1,-7.5,50.5,47.3,24.6,21.6,77.5,50.6,0.8,50.9,200,12000.0,68.0,11.0,22.0,10.0,33.0,21.0,55.0,16.0,28.0,8.0,31.0,39.0,17.0,22.0,8.0,3.0,2.0,23.0,20.0,64.0,-30.0
2484034,3,981133,UE SANT CUGAT - OCCIDENT,AWAY,81.2,81.3,91.1,83.6,7.5,49.2,46.2,16.6,22.5,78.4,49.4,1.1,31.8,200,12000.0,74.0,23.0,46.0,5.0,20.0,28.0,66.0,13.0,21.0,9.0,29.0,38.0,16.0,15.0,17.0,2.0,3.0,20.0,22.0,88.0,30.0
2484035,3,981130,ALFINDÉN CB,AWAY,78.2,77.3,89.6,111.2,-21.6,46.6,44.2,18.4,33.3,69.4,50.0,0.6,20.3,200,12000.0,70.0,26.0,54.0,3.0,15.0,29.0,69.0,9.0,14.0,14.0,25.0,39.0,10.0,17.0,5.0,4.0,1.0,24.0,16.0,58.0,-75.0
2484035,3,979865,TIBU-RON CASTELLDEFELS,HOME,76.4,77.3,111.2,89.6,21.6,54.2,49.3,10.3,30.6,66.7,50.0,2.6,38.8,200,12000.0,85.0,24.0,50.0,6.0,17.0,30.0,67.0,19.0,26.0,11.0,28.0,39.0,23.0,9.0,8.0,1.0,4.0,16.0,21.0,108.0,75.0
2484036,3,981166,C.B.ROSER,AWAY,85.2,76.7,86.9,89.2,-2.3,46.2,43.9,14.9,21.4,80.0,45.8,0.7,18.9,225,13500.0,74.0,13.0,38.0,13.0,36.0,26.0,74.0,9.0,14.0,9.0,24.0,33.0,10.0,14.0,9.0,2.0,4.0,23.0,19.0,57.0,-20.0
2484036,3,980002,SANDÁ C.B. L´HOSPITALET,HOME,87.4,76.7,89.2,86.9,2.3,52.4,46.0,20.3,20.0,78.6,54.2,0.9,41.3,225,13500.0,78.0,20.0,39.0,6.0,24.0,26.0,63.0,20.0,26.0,6.0,33.0,39.0,17.0,19.0,9.0,4.0,2.0,19.0,23.0,89.0,20.0
2484037,3,981354,IBERSOL CB TARRAGONA,AWAY,75.6,74.5,108.5,102.1,6.4,53.5,52.1,11.5,30.6,70.3,50.7,1.9,21.4,200,12000.0,82.0,26.0,45.0,7.0,25.0,33.0,70.0,9.0,15.0,11.0,26.0,37.0,19.0,10.0,8.0,1.0,0.0,16.0,19.0,97.0,35.0
2484037,3,981301,SA REAL INSTALACIONES AREVALO IBIZA,HOME,73.5,74.5,102.1,108.5,-6.4,51.7,47.7,14.2,29.7,69.4,49.3,1.7,26.2,200,12000.0,75.0,16.0,34.0,10.0,31.0,26.0,65.0,13.0,17.0,11.0,25.0,36.0,20.0,12.0,7.0,0.0,1.0,19.0,16.0,80.0,-35.0
2487045,3,982049,CAJA RURAL DE ZAMORA CBCV BOECILLO,AWAY,78.8,78.7,81.2,99.3,-18.1,42.8,39.3,15.8,25.0,77.8,46.3,0.8,15.7,200,12000.0,64.0,17.0,37.0,7.0,33.0,24.0,70.0,9.0,11.0,10.0,21.0,31.0,11.0,14.0,13.0,4.0,3.0,22.0,15.0,54.0,-70.0
2487045,3,979921,IRUKI TAKE,HOME,78.6,78.7,99.3,81.2,18.1,58.6,53.6,21.3,22.2,75.0,53.7,0.6,42.9,200,12000.0,78.0,18.0,37.0,8.0,19.0,26.0,56.0,18.0,24.0,6.0,30.0,36.0,11.0,18.0,6.0,3.0,4.0,15.0,21.0,86.0,70.0
2487046,3,983015,CONSTRUCCIONES GONZALO CRESPO PAS PIÉLAGOS,HOME,84.9,86.8,96.6,96.9,-0.3,53.3,49.3,17.2,27.6,72.7,51.6,0.5,26.1,200,12000.0,82.0,16.0,36.0,12.0,33.0,28.0,69.0,14.0,18.0,8.0,24.0,32.0,8.0,16.0,7.0,3.0,4.0,17.0,20.0,74.0,-20.0
2487046,3,981221,HOTEL 4POSTES - ÁVILA AUTÉNTICA - EL BULEVAR,AWAY,88.7,86.9,96.9,96.6,0.3,52.6,51.3,16.4,27.3,72.4,48.4,1.2,17.1,200,12000.0,86.0,30.0,45.0,6.0,31.0,36.0,76.0,8.0,13.0,9.0,21.0,30.0,20.0,16.0,7.0,4.0,3.0,20.0,17.0,83.0,20.0
2487047,3,982050,GRUPO INMAPA FILIPENSES,HOME,82.9,82.6,91.7,94.8,-3.1,54.4,50.0,22.3,25.0,78.1,53.3,0.6,46.6,200,12000.0,76.0,17.0,32.0,8.0,26.0,25.0,58.0,18.0,27.0,7.0,25.0,32.0,12.0,20.0,6.0,2.0,1.0,16.0,24.0,74.0,-10.0
2487047,3,979970,MEGACALZADO ARDOI,AWAY,82.3,82.6,94.8,91.7,3.1,51.1,50.7,14.6,21.9,75.0,46.7,0.8,16.9,200,12000.0,78.0,24.0,44.0,8.0,27.0,32.0,71.0,6.0,12.0,7.0,21.0,28.0,11.0,13.0,12.0,1.0,2.0,24.0,16.0,64.0,10.0
2487048,3,979288,BASKONIA,HOME,83.3,82.0,92.5,86.8,5.7,48.0,43.0,19.1,47.1,76.9,63.0,0.4,57.8,200,12000.0,77.0,23.0,50.0,3.0,14.0,26.0,64.0,22.0,37.0,16.0,30.0,46.0,8.0,19.0,8.0,1.0,4.0,23.0,28.0,73.0,35.0
2487048,3,979777,UNIVERSIDAD DEUSTO LOIOLA INDAUTXU,AWAY,80.7,82.0,86.8,92.5,-5.7,48.2,46.8,19.0,23.1,52.9,37.0,0.7,34.9,200,12000.0,70.0,16.0,32.0,9.0,31.0,25.0,63.0,11.0,22.0,9.0,18.0,27.0,12.0,17.0,9.0,4.0,1.0,28.0,23.0,51.0,-35.0
2487049,3,981224,TEKNEI BIZKAIA ZORNOTZA,HOME,71.3,70.6,102.4,71.7,30.7,51.9,46.6,13.5,29.4,75.8,52.2,1.1,48.3,200,12000.0,73.0,15.0,33.0,8.0,25.0,23.0,58.0,19.0,28.0,10.0,25.0,35.0,12.0,11.0,8.0,3.0,3.0,19.0,24.0,81.0,115.0
2487049,3,981230,ULACIA ZKE,AWAY,69.7,70.5,71.7,102.4,-30.7,40.5,38.4,20.6,24.2,70.6,47.8,0.5,23.2,200,12000.0,50.0,11.0,38.0,7.0,18.0,18.0,56.0,7.0,13.0,8.0,24.0,32.0,8.0,16.0,7.0,3.0,3.0,25.0,19.0,34.0,-115.0
2487050,3,981423,BLENDIO,HOME,93.9,92.5,93.7,100.8,-7.1,46.8,44.8,14.6,34.0,77.5,54.0,1.1,20.9,200,12000.0,88.0,25.0,50.0,9.0,36.0,34.0,86.0,11.0,18.0,16.0,31.0,47.0,18.0,16.0,9.0,1.0,1.0,24.0,16.0,80.0,-20.0
2487050,3,981440,RECOLETAS SALUD CARBAJOSA,AWAY,91.2,92.6,100.8,93.7,7.1,52.1,51.9,12.0,22.5,66.0,46.0,1.7,26.6,200,12000.0,92.0,29.0,56.0,8.0,23.0,37.0,79.0,10.0,21.0,9.0,31.0,40.0,20.0,12.0,13.0,1.0,1.0,16.0,24.0,109.0,20.0
2487051,3,981143,DE MORRO FINO CANTBASKET04,HOME,85.4,85.5,87.9,85.2,2.7,47.3,42.3,18.5,27.3,63.0,45.6,0.8,26.8,200,12000.0,75.0,15.0,39.0,10.0,32.0,25.0,71.0,15.0,19.0,12.0,29.0,41.0,14.0,18.0,9.0,1.0,2.0,20.0,20.0,72.0,10.0
2487051,3,979908,RESTAURANTE LOS ARCOS CB SOLARES,AWAY,85.7,85.5,85.2,87.9,-2.7,40.7,38.1,12.7,37.0,72.7,54.4,1.1,27.5,200,12000.0,73.0,23.0,55.0,5.0,25.0,28.0,80.0,12.0,22.0,17.0,32.0,49.0,14.0,13.0,12.0,2.0,1.0,21.0,20.0,74.0,-10.0
2484038,4,982146,CB BOET MATARÓ,AWAY,80.4,79.8,82.1,112.3,-30.2,46.2,42.5,17.4,16.7,67.9,39.1,0.8,14.9,200,12000.0,66.0,21.0,43.0,5.0,24.0,26.0,67.0,9.0,10.0,6.0,19.0,25.0,12.0,15.0,8.0,1.0,1.0,18.0,20.0,57.0,-115.0
2484038,4,981354,IBERSOL CB TARRAGONA,HOME,79.2,79.8,112.3,82.1,30.2,62.5,59.7,19.3,32.1,83.3,60.9,1.1,33.9,200,12000.0,89.0,22.0,44.0,10.0,18.0,32.0,62.0,15.0,21.0,9.0,30.0,39.0,19.0,17.0,6.0,1.0,1.0,20.0,17.0,98.0,115.0
2484039,4,981166,C.B.ROSER,HOME,77.5,75.6,78.7,86.7,-8.0,41.5,41.4,17.9,26.7,75.0,48.1,0.6,11.4,200,12000.0,61.0,17.0,45.0,8.0,25.0,25.0,70.0,3.0,8.0,12.0,27.0,39.0,10.0,16.0,11.0,2.0,1.0,20.0,15.0,52.0,-15.0
2484039,4,981301,SA REAL INSTALACIONES AREVALO IBIZA,AWAY,73.8,75.7,86.7,78.7,8.0,49.4,48.2,21.7,25.0,73.3,51.9,1.0,35.7,200,12000.0,64.0,12.0,31.0,10.0,25.0,22.0,56.0,10.0,20.0,9.0,33.0,42.0,18.0,18.0,8.0,1.0,2.0,15.0,20.0,76.0,15.0
2484040,4,981130,ALFINDÉN CB,HOME,77.6,77.1,70.8,109.7,-38.9,43.2,41.0,23.9,20.0,59.3,38.6,0.5,9.8,200,12000.0,55.0,19.0,41.0,4.0,20.0,23.0,61.0,5.0,6.0,6.0,16.0,22.0,10.0,20.0,9.0,2.0,1.0,21.0,15.0,33.0,-145.0
2484040,4,980002,SANDÁ C.B. L´HOSPITALET,AWAY,76.6,77.1,109.7,70.8,38.9,57.9,50.8,17.1,40.7,80.0,61.4,1.3,38.7,200,12000.0,84.0,21.0,36.0,7.0,26.0,28.0,62.0,21.0,24.0,11.0,24.0,35.0,19.0,15.0,12.0,1.0,2.0,15.0,21.0,105.0,145.0
2484041,4,979865,TIBU-RON CASTELLDEFELS,AWAY,84.4,84.8,106.6,70.5,36.1,55.9,50.7,14.8,29.4,67.3,51.8,1.4,37.7,200,12000.0,90.0,26.0,42.0,6.0,27.0,32.0,69.0,20.0,26.0,10.0,33.0,43.0,19.0,14.0,12.0,1.0,1.0,19.0,26.0,115.0,150.0
2484041,4,981133,UE SANT CUGAT - OCCIDENT,HOME,85.2,84.8,70.5,106.6,-36.1,38.9,35.2,23.7,32.7,70.6,48.2,0.5,19.7,200,12000.0,60.0,16.0,46.0,6.0,25.0,22.0,71.0,10.0,14.0,16.0,24.0,40.0,12.0,24.0,6.0,1.0,1.0,27.0,18.0,33.0,-150.0
2484042,4,981219,IMMO SA MARINA CIUTAT D’INCA BASQUET,HOME,79.8,78.0,86.4,94.6,-8.2,38.4,37.1,6.3,34.8,63.3,46.1,2.8,12.9,200,12000.0,69.0,27.0,60.0,3.0,25.0,30.0,85.0,6.0,11.0,16.0,19.0,35.0,17.0,6.0,14.0,3.0,2.0,20.0,15.0,67.0,-15.0
2484042,4,979311,LETRA CORPOREA BARBASTRO,AWAY,76.1,78.0,94.6,86.4,8.2,53.6,49.1,23.0,36.7,65.2,53.9,0.7,40.4,200,12000.0,72.0,16.0,31.0,8.0,26.0,24.0,57.0,16.0,23.0,11.0,30.0,41.0,14.0,20.0,3.0,2.0,3.0,15.0,20.0,77.0,15.0
2484043,4,981218,FLANIGAN CALVIÀ,HOME,77.8,78.4,87.4,99.9,-12.5,42.6,37.3,14.0,33.3,75.0,49.3,0.8,43.3,200,12000.0,68.0,16.0,37.0,6.0,30.0,22.0,67.0,18.0,29.0,15.0,21.0,36.0,10.0,13.0,9.0,0.0,4.0,20.0,21.0,55.0,-55.0
2484043,4,979776,MONBUS - CB IGUALADA,AWAY,79.0,78.4,99.9,87.4,12.5,58.1,56.6,20.9,25.0,66.7,50.7,1.2,26.2,200,12000.0,79.0,24.0,40.0,7.0,21.0,31.0,61.0,10.0,16.0,7.0,30.0,37.0,21.0,18.0,7.0,4.0,0.0,21.0,20.0,93.0,55.0
2484044,4,981131,CB VALLS TALLERS PABLO MARTÍNEZ,AWAY,75.8,77.2,80.5,117.1,-36.6,44.3,39.2,14.9,13.5,55.0,35.1,0.8,33.3,200,12000.0,61.0,19.0,34.0,3.0,26.0,22.0,60.0,14.0,20.0,5.0,22.0,27.0,10.0,12.0,6.0,1.0,0.0,20.0,23.0,52.0,-155.0
2484044,4,979290,PUJOL MOLLERUSSA,HOME,78.6,77.2,117.1,80.5,36.6,53.8,51.3,11.4,45.0,86.5,64.9,2.3,32.0,200,12000.0,92.0,22.0,41.0,11.0,34.0,33.0,75.0,15.0,24.0,18.0,32.0,50.0,25.0,11.0,11.0,0.0,1.0,23.0,20.0,113.0,155.0
2487052,4,979921,IRUKI TAKE,AWAY,81.5,81.3,81.0,76.5,4.5,41.5,37.5,17.6,32.6,65.9,48.3,1.1,23.6,200,12000.0,66.0,12.0,40.0,10.0,32.0,22.0,72.0,12.0,17.0,15.0,27.0,42.0,18.0,17.0,11.0,1.0,3.0,26.0,19.0,59.0,20.0
2487052,4,979908,RESTAURANTE LOS ARCOS CB SOLARES,HOME,81.1,81.3,76.5,81.0,-4.5,42.4,37.3,23.1,34.1,67.4,51.7,0.5,54.2,200,12000.0,62.0,16.0,29.0,4.0,30.0,20.0,59.0,18.0,32.0,14.0,31.0,45.0,12.0,22.0,11.0,3.0,1.0,20.0,26.0,64.0,-20.0
2487053,4,981143,DE MORRO FINO CANTBASKET04,AWAY,90.5,87.9,91.7,98.6,-6.9,48.0,45.6,14.8,23.4,51.6,34.6,0.7,21.5,200,12000.0,83.0,21.0,50.0,10.0,29.0,31.0,79.0,11.0,17.0,11.0,16.0,27.0,11.0,15.0,11.0,2.0,6.0,21.0,19.0,63.0,-5.0
2487053,4,981440,RECOLETAS SALUD CARBAJOSA,HOME,85.2,87.9,98.6,91.7,6.9,54.4,54.7,23.0,48.4,76.6,65.4,0.5,46.9,200,12000.0,84.0,23.0,40.0,8.0,24.0,31.0,64.0,14.0,30.0,15.0,36.0,51.0,12.0,23.0,10.0,6.0,2.0,19.0,21.0,93.0,5.0
2487054,4,981423,BLENDIO,AWAY,80.8,80.9,105.3,94.9,10.4,58.4,55.8,18.9,26.5,80.0,53.6,0.8,48.3,200,12000.0,85.0,17.0,33.0,11.0,27.0,28.0,60.0,18.0,29.0,9.0,28.0,37.0,14.0,17.0,5.0,1.0,2.0,26.0,25.0,81.0,40.0
2487054,4,981230,ULACIA ZKE,HOME,81.1,81.0,94.9,105.3,-10.4,51.3,49.2,14.8,20.0,73.5,46.4,1.2,35.4,200,12000.0,77.0,23.0,44.0,6.0,21.0,29.0,65.0,13.0,23.0,7.0,25.0,32.0,16.0,13.0,9.0,2.0,1.0,25.0,26.0,78.0,-40.0
2487055,4,981224,TEKNEI BIZKAIA ZORNOTZA,AWAY,81.5,81.3,101.8,69.0,32.8,53.5,48.4,15.3,34.5,82.9,60.9,1.4,52.4,200,12000.0,83.0,20.0,39.0,7.0,24.0,27.0,63.0,22.0,33.0,10.0,29.0,39.0,19.0,14.0,11.0,3.0,1.0,25.0,28.0,97.0,135.0
2487055,4,979777,UNIVERSIDAD DEUSTO LOIOLA INDAUTXU,HOME,81.1,81.4,69.0,101.8,-32.8,38.8,37.1,17.2,17.1,65.5,39.1,0.5,37.1,200,12000.0,56.0,14.0,36.0,6.0,26.0,20.0,62.0,10.0,23.0,6.0,19.0,25.0,8.0,15.0,8.0,1.0,3.0,28.0,25.0,25.0,-135.0
2487056,4,979288,BASKONIA,AWAY,70.6,72.8,109.1,90.7,18.4,55.3,53.2,18.7,46.9,77.5,63.9,0.8,23.8,200,12000.0,77.0,26.0,52.0,5.0,11.0,31.0,63.0,10.0,15.0,15.0,31.0,46.0,12.0,16.0,7.0,2.0,0.0,24.0,13.0,80.0,45.0
2487056,4,979970,MEGACALZADO ARDOI,HOME,75.0,72.7,90.7,109.1,-18.4,46.6,42.7,13.1,22.5,53.1,36.1,1.0,40.3,200,12000.0,68.0,13.0,28.0,9.0,34.0,22.0,62.0,15.0,25.0,9.0,17.0,26.0,11.0,11.0,12.0,0.0,2.0,14.0,24.0,66.0,-45.0
2487057,4,982050,GRUPO INMAPA FILIPENSES,AWAY,79.9,79.2,83.9,122.4,-38.5,44.7,42.1,13.8,18.4,36.7,26.5,0.9,42.9,200,12000.0,67.0,19.0,43.0,5.0,20.0,24.0,63.0,14.0,27.0,7.0,11.0,18.0,11.0,12.0,8.0,0.0,5.0,22.0,20.0,38.0,-145.0
2487057,4,981221,HOTEL 4POSTES - ÁVILA AUTÉNTICA - EL BULEVAR,HOME,78.4,79.2,122.4,83.9,38.5,60.4,60.3,18.5,63.3,81.6,73.5,1.0,38.2,200,12000.0,96.0,23.0,40.0,12.0,28.0,35.0,68.0,14.0,26.0,19.0,31.0,50.0,18.0,18.0,5.0,5.0,0.0,20.0,22.0,113.0,145.0
2487058,4,982049,CAJA RURAL DE ZAMORA CBCV BOECILLO,HOME,95.8,84.0,99.1,98.6,0.5,50.1,44.9,12.9,28.3,73.5,47.5,0.8,45.6,225,13500.0,95.0,25.0,56.0,7.0,23.0,32.0,79.0,24.0,36.0,13.0,25.0,38.0,11.0,14.0,16.0,1.0,1.0,31.0,28.0,85.0,15.0
2487058,4,983015,CONSTRUCCIONES GONZALO CRESPO PAS PIÉLAGOS,AWAY,93.3,84.1,98.6,99.1,-0.5,57.3,53.1,21.5,26.5,71.7,52.5,0.7,57.8,225,13500.0,92.0,22.0,34.0,8.0,30.0,30.0,64.0,24.0,37.0,9.0,33.0,42.0,16.0,22.0,9.0,1.0,1.0,28.0,31.0,94.0,-15.0
2484045,5,982146,CB BOET MATARÓ,HOME,87.2,77.0,91.8,106.6,-14.8,49.3,48.7,13.8,17.5,62.2,39.0,1.1,18.7,225,13500.0,80.0,20.0,41.0,11.0,34.0,31.0,75.0,7.0,14.0,7.0,23.0,30.0,14.0,13.0,9.0,1.0,4.0,32.0,16.0,54.0,-60.0
2484045,5,981131,CB VALLS TALLERS PABLO MARTÍNEZ,AWAY,86.3,77.1,106.6,91.8,14.8,55.2,48.5,17.0,37.8,82.5,61.0,0.7,55.2,225,13500.0,92.0,28.0,48.0,3.0,19.0,31.0,67.0,27.0,37.0,14.0,33.0,47.0,12.0,17.0,7.0,4.0,1.0,17.0,31.0,113.0,60.0
2484046,5,979776,MONBUS - CB IGUALADA,HOME,83.3,83.3,86.4,94.8,-8.4,47.2,44.5,16.4,20.5,66.7,40.6,0.9,43.8,200,12000.0,72.0,18.0,39.0,7.0,25.0,25.0,64.0,15.0,28.0,8.0,20.0,28.0,14.0,15.0,11.0,0.0,3.0,22.0,21.0,57.0,-35.0
2484046,5,979290,PUJOL MOLLERUSSA,AWAY,83.4,83.3,94.8,86.4,8.4,51.7,49.3,18.2,33.3,79.5,59.4,0.8,27.9,200,12000.0,79.0,23.0,44.0,7.0,24.0,30.0,68.0,12.0,19.0,10.0,31.0,41.0,14.0,17.0,11.0,3.0,0.0,22.0,22.0,86.0,35.0
2484047,5,981218,FLANIGAN CALVIÀ,AWAY,90.8,80.0,103.5,101.0,2.5,52.9,49.4,14.5,29.5,60.0,43.0,1.2,25.0,225,13500.0,94.0,20.0,41.0,13.0,39.0,33.0,80.0,15.0,20.0,13.0,21.0,34.0,18.0,15.0,15.0,1.0,0.0,28.0,21.0,88.0,20.0
2484047,5,979311,LETRA CORPOREA BARBASTRO,HOME,89.1,79.9,101.0,103.5,-2.5,55.5,52.2,21.3,40.0,70.5,57.0,1.0,47.8,225,13500.0,90.0,26.0,37.0,6.0,30.0,32.0,67.0,20.0,32.0,14.0,31.0,45.0,21.0,22.0,8.0,0.0,1.0,21.0,26.0,100.0,-20.0
2484048,5,981219,IMMO SA MARINA CIUTAT D’INCA BASQUET,AWAY,78.4,78.5,102.1,107.9,-5.8,57.7,56.6,19.7,27.6,68.8,49.2,0.9,31.1,200,12000.0,80.0,18.0,32.0,11.0,29.0,29.0,61.0,11.0,19.0,8.0,22.0,30.0,15.0,17.0,8.0,3.0,0.0,22.0,19.0,76.0,-25.0
2484048,5,979865,TIBU-RON CASTELLDEFELS,HOME,78.8,78.6,107.9,102.1,5.8,56.1,50.0,14.6,31.2,72.4,50.8,1.3,29.9,200,12000.0,85.0,17.0,39.0,11.0,28.0,28.0,67.0,18.0,20.0,10.0,21.0,31.0,17.0,13.0,8.0,0.0,3.0,19.0,22.0,90.0,25.0
2484049,5,980002,SANDÁ C.B. L´HOSPITALET,HOME,71.6,74.3,108.9,88.3,20.6,56.9,48.0,20.8,51.7,72.7,62.9,0.8,78.4,200,12000.0,78.0,11.0,28.0,9.0,23.0,20.0,51.0,29.0,40.0,15.0,24.0,39.0,15.0,18.0,5.0,1.0,5.0,20.0,26.0,84.0,50.0
2484049,5,981133,UE SANT CUGAT - OCCIDENT,AWAY,77.0,76.7,88.3,108.9,-20.6,47.2,43.8,16.3,27.3,48.3,37.1,1.1,24.6,194,11629.0,68.0,18.0,38.0,7.0,27.0,25.0,65.0,11.0,16.0,9.0,14.0,23.0,15.0,14.0,6.0,5.0,1.0,27.0,19.0,50.0,-47.0
2484050,5,981130,ALFINDÉN CB,AWAY,84.8,82.8,93.2,135.0,-41.8,52.1,47.6,20.9,31.4,70.8,47.5,0.7,46.0,200,12000.0,79.0,27.0,44.0,2.0,19.0,29.0,63.0,19.0,29.0,11.0,17.0,28.0,13.0,20.0,6.0,0.0,1.0,20.0,22.0,64.0,-150.0
2484050,5,981301,SA REAL INSTALACIONES AREVALO IBIZA,HOME,80.8,82.8,135.0,93.2,41.8,72.9,72.6,14.8,29.2,68.6,52.5,2.4,46.8,200,12000.0,109.0,24.0,36.0,14.0,26.0,38.0,62.0,19.0,29.0,7.0,24.0,31.0,31.0,13.0,9.0,1.0,0.0,22.0,20.0,132.0,150.0
2484051,5,981166,C.B.ROSER,AWAY,79.2,79.6,82.0,103.8,-21.8,44.4,41.4,14.1,16.2,66.7,42.1,1.1,32.8,200,12000.0,65.0,19.0,42.0,5.0,22.0,24.0,64.0,12.0,21.0,6.0,26.0,32.0,13.0,12.0,8.0,0.0,3.0,26.0,20.0,51.0,-90.0
2484051,5,981354,IBERSOL CB TARRAGONA,HOME,80.0,79.6,103.8,82.0,21.8,52.6,50.0,15.1,33.3,83.8,57.9,1.4,53.1,200,12000.0,83.0,20.0,40.0,8.0,24.0,28.0,64.0,19.0,34.0,13.0,31.0,44.0,19.0,14.0,8.0,3.0,0.0,22.0,26.0,96.0,90.0
2487059,5,983015,CONSTRUCCIONES GONZALO CRESPO PAS PIÉLAGOS,AWAY,79.8,78.8,98.9,99.1,-0.2,55.8,55.3,18.4,21.9,70.3,47.8,0.9,16.7,200,12000.0,79.0,20.0,39.0,11.0,27.0,31.0,66.0,6.0,11.0,7.0,26.0,33.0,14.0,16.0,7.0,3.0,2.0,18.0,16.0,78.0,10.0
2487059,5,979921,IRUKI TAKE,HOME,77.7,78.7,99.1,98.9,0.2,51.5,52.2,15.8,29.7,78.1,52.2,1.6,18.8,200,12000.0,77.0,18.0,40.0,12.0,29.0,30.0,69.0,5.0,13.0,11.0,25.0,36.0,23.0,14.0,9.0,2.0,3.0,16.0,18.0,88.0,-10.0
2487060,5,982049,CAJA RURAL DE ZAMORA CBCV BOECILLO,AWAY,87.4,89.3,93.8,82.3,11.5,51.0,48.6,19.1,30.8,68.8,47.9,0.6,37.7,200,12000.0,82.0,23.0,50.0,7.0,19.0,30.0,69.0,15.0,26.0,12.0,22.0,34.0,12.0,19.0,12.0,3.0,2.0,26.0,21.0,69.0,35.0
2487060,5,982050,GRUPO INMAPA FILIPENSES,HOME,91.1,89.3,82.3,93.8,-11.5,49.3,42.7,24.7,31.2,69.2,52.1,0.4,51.6,200,12000.0,75.0,25.0,43.0,1.0,19.0,26.0,62.0,22.0,32.0,10.0,27.0,37.0,9.0,25.0,8.0,2.0,3.0,21.0,26.0,65.0,-35.0
2487061,5,979288,BASKONIA,HOME,88.6,86.9,91.4,108.1,-16.7,48.4,42.9,20.8,45.9,62.9,54.2,0.8,44.3,200,12000.0,81.0,21.0,50.0,6.0,20.0,27.0,70.0,21.0,31.0,17.0,22.0,39.0,18.0,22.0,6.0,0.0,3.0,25.0,26.0,70.0,-55.0
2487061,5,981221,HOTEL 4POSTES - ÁVILA AUTÉNTICA - EL BULEVAR,AWAY,85.1,86.9,108.1,91.4,16.7,56.7,49.3,17.3,37.1,54.1,45.8,0.9,47.8,200,12000.0,92.0,15.0,37.0,12.0,30.0,27.0,67.0,26.0,32.0,13.0,20.0,33.0,16.0,17.0,16.0,3.0,0.0,26.0,25.0,96.0,55.0
2487062,5,979970,MEGACALZADO ARDOI,AWAY,74.5,74.5,85.9,110.0,-24.1,45.4,42.1,16.6,26.3,56.8,41.3,0.8,27.0,200,12000.0,64.0,16.0,35.0,7.0,28.0,23.0,63.0,11.0,17.0,10.0,21.0,31.0,11.0,14.0,11.0,1.0,3.0,23.0,19.0,54.0,-90.0
2487062,5,981224,TEKNEI BIZKAIA ZORNOTZA,HOME,74.6,74.6,110.0,85.9,24.1,55.0,48.4,17.7,43.2,73.7,58.7,0.6,37.5,200,12000.0,82.0,19.0,34.0,8.0,30.0,27.0,64.0,20.0,24.0,16.0,28.0,44.0,10.0,16.0,10.0,3.0,1.0,20.0,21.0,93.0,90.0
2487063,5,981423,BLENDIO,HOME,80.9,81.9,103.9,85.5,18.4,53.9,47.0,13.4,27.3,61.8,48.9,1.1,40.9,200,12000.0,84.0,19.0,32.0,8.0,34.0,27.0,66.0,22.0,27.0,9.0,34.0,43.0,13.0,12.0,8.0,0.0,2.0,22.0,24.0,94.0,65.0
2487063,5,979777,UNIVERSIDAD DEUSTO LOIOLA INDAUTXU,AWAY,83.0,81.9,85.5,103.9,-18.4,39.9,37.2,14.4,38.2,72.7,51.1,0.9,32.1,200,12000.0,71.0,20.0,47.0,6.0,31.0,26.0,78.0,13.0,25.0,21.0,24.0,45.0,14.0,15.0,8.0,2.0,0.0,25.0,21.0,57.0,-65.0
2487064,5,981143,DE MORRO FINO CANTBASKET04,HOME,82.1,82.7,110.9,90.0,20.9,56.1,50.0,12.9,30.6,68.3,50.6,1.4,47.8,200,12000.0,91.0,17.0,40.0,11.0,27.0,28.0,67.0,24.0,32.0,11.0,28.0,39.0,17.0,12.0,11.0,4.0,4.0,23.0,26.0,106.0,80.0
2487064,5,981230,ULACIA ZKE,AWAY,83.3,82.7,90.0,110.9,-20.9,47.9,43.9,18.7,31.7,69.4,49.4,1.1,42.4,200,12000.0,75.0,23.0,42.0,4.0,24.0,27.0,66.0,17.0,28.0,13.0,25.0,38.0,20.0,18.0,4.0,4.0,4.0,27.0,23.0,69.0,-80.0
2487065,5,981440,RECOLETAS SALUD CARBAJOSA,AWAY,89.1,88.9,83.0,85.7,-2.7,46.2,41.4,18.3,26.5,63.3,48.2,0.7,32.9,200,12000.0,74.0,20.0,45.0,6.0,25.0,26.0,70.0,16.0,23.0,9.0,31.0,40.0,13.0,18.0,12.0,3.0,2.0,25.0,21.0,69.0,-10.0
2487065,5,979908,RESTAURANTE LOS ARCOS CB SOLARES,HOME,88.7,88.9,85.7,83.0,2.7,41.4,39.6,14.1,36.7,73.5,51.8,1.3,26.8,200,12000.0,76.0,25.0,50.0,5.0,32.0,30.0,82.0,11.0,22.0,18.0,25.0,43.0,20.0,15.0,5.0,2.0,3.0,21.0,24.0,71.0,10.0
2484052,6,981166,C.B.ROSER,HOME,78.2,77.9,93.4,100.2,-6.8,45.0,39.7,17.3,50.0,66.7,57.9,0.8,44.1,200,12000.0,73.0,24.0,49.0,2.0,19.0,26.0,68.0,19.0,30.0,20.0,24.0,44.0,14.0,17.0,6.0,2.0,2.0,22.0,27.0,74.0,-25.0
2484052,6,982146,CB BOET MATARÓ,AWAY,77.8,78.0,100.2,93.4,6.8,54.3,50.7,20.0,33.3,50.0,42.1,1.1,16.4,200,12000.0,78.0,19.0,39.0,10.0,28.0,29.0,67.0,10.0,11.0,12.0,20.0,32.0,19.0,18.0,9.0,2.0,2.0,27.0,22.0,78.0,25.0
2484053,6,981130,ALFINDÉN CB,HOME,89.5,87.8,61.5,106.9,-45.4,32.2,26.9,18.2,30.6,74.3,48.8,0.3,21.8,200,12000.0,55.0,15.0,47.0,4.0,31.0,19.0,78.0,13.0,17.0,15.0,26.0,41.0,5.0,19.0,8.0,0.0,3.0,22.0,18.0,23.0,-185.0
2484053,6,981354,IBERSOL CB TARRAGONA,AWAY,86.0,87.8,106.9,61.5,45.4,57.5,56.2,15.8,25.7,69.4,51.2,1.1,21.9,200,12000.0,92.0,29.0,47.0,8.0,26.0,37.0,73.0,10.0,16.0,9.0,34.0,43.0,16.0,15.0,9.0,3.0,0.0,18.0,21.0,109.0,185.0
2484054,6,981301,SA REAL INSTALACIONES AREVALO IBIZA,AWAY,78.5,81.0,99.4,119.8,-20.4,51.7,47.8,15.6,31.4,61.8,46.4,1.5,25.0,200,12000.0,78.0,19.0,38.0,9.0,30.0,28.0,68.0,13.0,17.0,11.0,21.0,32.0,21.0,14.0,12.0,2.0,3.0,20.0,16.0,83.0,-110.0
2484054,6,981133,UE SANT CUGAT - OCCIDENT,HOME,83.5,81.0,119.8,99.4,20.4,59.9,57.2,13.5,38.2,68.6,53.6,1.8,22.4,200,12000.0,100.0,27.0,48.0,11.0,28.0,38.0,76.0,13.0,17.0,13.0,24.0,37.0,23.0,13.0,8.0,3.0,2.0,16.0,20.0,120.0,110.0
2484055,6,981219,IMMO SA MARINA CIUTAT D’INCA BASQUET,HOME,81.7,79.5,94.2,146.2,-52.0,49.5,46.5,17.1,34.3,75.0,49.1,0.8,18.1,200,12000.0,77.0,26.0,47.0,5.0,25.0,31.0,72.0,10.0,13.0,12.0,15.0,27.0,13.0,16.0,5.0,1.0,1.0,26.0,15.0,52.0,-180.0
2484055,6,980002,SANDÁ C.B. L´HOSPITALET,AWAY,77.3,79.5,146.2,94.2,52.0,80.4,75.0,14.6,25.0,65.7,50.9,2.5,68.5,200,12000.0,113.0,18.0,25.0,15.0,29.0,33.0,54.0,32.0,37.0,5.0,23.0,28.0,30.0,12.0,11.0,1.0,1.0,15.0,26.0,156.0,180.0
2484056,6,981218,FLANIGAN CALVIÀ,HOME,84.2,84.1,115.1,120.3,-5.2,57.6,55.3,13.4,34.2,61.3,46.4,2.0,28.0,200,12000.0,97.0,22.0,39.0,13.0,36.0,35.0,75.0,14.0,21.0,13.0,19.0,32.0,26.0,13.0,11.0,1.0,1.0,26.0,20.0,101.0,-20.0
2484056,6,979865,TIBU-RON CASTELLDEFELS,AWAY,84.0,84.1,120.3,115.1,5.2,63.2,63.1,16.7,38.7,65.8,53.6,1.4,52.3,200,12000.0,101.0,29.0,40.0,8.0,25.0,37.0,65.0,19.0,34.0,12.0,25.0,37.0,23.0,16.0,6.0,1.0,1.0,21.0,26.0,114.0,20.0
2484057,6,979311,LETRA CORPOREA BARBASTRO,AWAY,86.0,85.3,77.9,108.9,-31.0,44.6,39.7,19.3,18.9,78.4,48.6,0.8,23.5,200,12000.0,67.0,21.0,42.0,4.0,26.0,25.0,68.0,13.0,16.0,7.0,29.0,36.0,15.0,18.0,8.0,0.0,3.0,16.0,16.0,62.0,-125.0
2484057,6,979290,PUJOL MOLLERUSSA,HOME,84.5,85.3,108.9,77.9,31.0,55.1,53.9,9.7,21.6,81.1,51.4,2.3,22.4,200,12000.0,92.0,20.0,35.0,14.0,41.0,34.0,76.0,10.0,17.0,8.0,30.0,38.0,21.0,9.0,15.0,3.0,0.0,16.0,16.0,111.0,125.0
2484058,6,981131,CB VALLS TALLERS PABLO MARTÍNEZ,HOME,88.9,86.4,94.5,83.3,11.2,57.6,52.5,24.8,22.2,81.0,53.8,0.7,44.3,200,12000.0,84.0,17.0,29.0,10.0,32.0,27.0,61.0,20.0,27.0,8.0,34.0,42.0,16.0,24.0,8.0,0.0,3.0,21.0,23.0,87.0,70.0
2484058,6,979776,MONBUS - CB IGUALADA,AWAY,84.0,86.4,83.3,94.5,-11.2,43.8,39.1,13.0,19.0,77.8,46.2,1.6,36.2,200,12000.0,70.0,21.0,50.0,4.0,19.0,25.0,69.0,16.0,25.0,8.0,28.0,36.0,19.0,12.0,17.0,3.0,0.0,27.0,19.0,72.0,-70.0
2487066,6,979921,IRUKI TAKE,AWAY,80.9,81.0,91.4,79.0,12.4,49.4,44.0,14.8,17.9,77.4,44.3,1.2,26.9,200,12000.0,74.0,16.0,33.0,9.0,34.0,25.0,67.0,15.0,18.0,7.0,24.0,31.0,16.0,13.0,12.0,0.0,6.0,17.0,17.0,75.0,50.0
2487066,6,981440,RECOLETAS SALUD CARBAJOSA,HOME,81.0,81.0,79.0,91.4,-12.4,47.7,44.2,23.9,22.6,82.1,55.7,0.6,26.7,200,12000.0,64.0,13.0,32.0,9.0,28.0,22.0,60.0,11.0,16.0,7.0,32.0,39.0,13.0,21.0,6.0,6.0,0.0,19.0,17.0,62.0,-50.0
2487067,6,979908,RESTAURANTE LOS ARCOS CB SOLARES,AWAY,87.7,91.4,69.5,75.7,-6.2,37.8,28.1,15.7,17.0,85.1,51.1,0.8,59.4,200,12000.0,61.0,12.0,42.0,4.0,22.0,16.0,64.0,25.0,38.0,8.0,40.0,48.0,12.0,15.0,16.0,5.0,3.0,24.0,26.0,68.0,-55.0
2487067,6,981230,ULACIA ZKE,HOME,95.1,91.4,75.7,69.5,6.2,46.1,40.6,23.5,14.9,83.0,48.9,0.7,50.0,200,12000.0,72.0,14.0,42.0,8.0,22.0,22.0,64.0,20.0,32.0,7.0,39.0,46.0,17.0,24.0,9.0,3.0,5.0,26.0,24.0,67.0,55.0
2487068,6,981143,DE MORRO FINO CANTBASKET04,AWAY,97.8,86.7,81.8,73.2,8.6,42.6,38.5,18.3,32.1,77.3,52.6,0.4,46.2,225,13500.0,80.0,21.0,54.0,6.0,24.0,27.0,78.0,20.0,36.0,17.0,34.0,51.0,8.0,21.0,13.0,3.0,3.0,18.0,27.0,76.0,45.0
2487068,6,979777,UNIVERSIDAD DEUSTO LOIOLA INDAUTXU,HOME,97.0,86.6,73.2,81.8,-8.6,39.4,36.1,15.9,22.7,67.9,47.4,0.8,19.3,225,13500.0,71.0,21.0,38.0,6.0,45.0,27.0,83.0,11.0,16.0,10.0,36.0,46.0,13.0,17.0,11.0,3.0,3.0,28.0,18.0,56.0,-45.0
2487069,6,981423,BLENDIO,AWAY,81.4,80.6,97.0,92.8,4.2,49.1,43.5,16.6,37.5,78.3,59.3,0.8,37.7,200,12000.0,79.0,15.0,40.0,10.0,29.0,25.0,69.0,19.0,26.0,15.0,36.0,51.0,12.0,16.0,4.0,1.0,0.0,18.0,22.0,84.0,25.0
2487069,6,979970,MEGACALZADO ARDOI,HOME,79.7,80.6,92.8,97.0,-4.2,45.3,42.8,8.9,21.7,62.5,40.7,2.2,17.1,200,12000.0,74.0,22.0,46.0,7.0,30.0,29.0,76.0,9.0,13.0,10.0,25.0,35.0,18.0,8.0,9.0,0.0,1.0,22.0,17.0,72.0,-25.0
2487070,6,981221,HOTEL 4POSTES - ÁVILA AUTÉNTICA - EL BULEVAR,HOME,80.9,80.6,85.3,112.2,-26.9,46.0,41.0,19.4,31.6,69.0,47.8,0.3,26.9,200,12000.0,69.0,17.0,37.0,7.0,30.0,24.0,67.0,14.0,18.0,12.0,20.0,32.0,5.0,18.0,9.0,0.0,1.0,22.0,15.0,43.0,-105.0
2487070,6,981224,TEKNEI BIZKAIA ZORNOTZA,AWAY,80.2,80.6,112.2,85.3,26.9,63.2,59.5,20.2,31.0,68.4,52.2,0.8,51.7,200,12000.0,90.0,18.0,31.0,11.0,27.0,29.0,58.0,21.0,30.0,9.0,26.0,35.0,15.0,18.0,10.0,1.0,0.0,16.0,22.0,101.0,105.0
2487071,6,979288,BASKONIA,AWAY,79.5,78.8,117.0,66.6,50.4,65.1,64.1,21.0,40.7,78.3,64.4,0.9,26.6,200,12000.0,93.0,29.0,50.0,8.0,14.0,37.0,64.0,11.0,17.0,11.0,36.0,47.0,17.0,19.0,4.0,5.0,1.0,18.0,19.0,115.0,205.0
2487071,6,982049,CAJA RURAL DE ZAMORA CBCV BOECILLO,HOME,78.0,78.8,66.6,117.0,-50.4,33.7,30.0,12.5,21.7,59.3,35.6,0.7,22.9,200,12000.0,52.0,15.0,40.0,4.0,30.0,19.0,70.0,10.0,16.0,10.0,16.0,26.0,8.0,11.0,12.0,1.0,5.0,20.0,18.0,29.0,-205.0
2487072,6,983015,CONSTRUCCIONES GONZALO CRESPO PAS PIÉLAGOS,HOME,75.5,75.9,106.0,85.3,20.7,60.2,60.2,20.4,28.6,65.1,50.7,1.1,28.8,200,12000.0,80.0,25.0,34.0,7.0,25.0,32.0,59.0,9.0,17.0,8.0,28.0,36.0,19.0,17.0,10.0,1.0,0.0,22.0,22.0,94.0,75.0
2487072,6,982050,GRUPO INMAPA FILIPENSES,AWAY,76.2,75.8,85.3,106.0,-20.7,42.1,39.4,15.4,34.9,71.4,49.3,0.6,19.7,200,12000.0,65.0,16.0,40.0,8.0,31.0,24.0,71.0,9.0,14.0,15.0,20.0,35.0,9.0,14.0,8.0,0.0,1.0,22.0,22.0,51.0,-75.0
2484059,7,982146,CB BOET MATARÓ,HOME,72.3,72.1,71.9,109.8,-37.9,44.6,44.3,26.5,22.6,56.8,42.7,0.4,22.6,200,12000.0,52.0,13.0,23.0,7.0,30.0,20.0,53.0,5.0,12.0,7.0,25.0,32.0,9.0,21.0,2.0,1.0,2.0,18.0,18.0,35.0,-135.0
2484059,7,979776,MONBUS - CB IGUALADA,AWAY,71.9,72.1,109.8,71.9,37.9,48.8,44.5,11.0,43.2,77.4,57.3,1.8,24.7,200,12000.0,79.0,22.0,45.0,7.0,28.0,29.0,73.0,14.0,18.0,19.0,24.0,43.0,18.0,10.0,15.0,2.0,1.0,18.0,18.0,99.0,135.0
2484060,7,981131,CB VALLS TALLERS PABLO MARTÍNEZ,HOME,74.3,75.9,98.3,86.3,12.0,52.7,49.2,19.7,31.6,78.9,55.3,1.1,18.8,200,12000.0,73.0,15.0,29.0,11.0,35.0,26.0,64.0,10.0,12.0,12.0,30.0,42.0,18.0,17.0,10.0,2.0,1.0,18.0,13.0,83.0,30.0
2484060,7,979311,LETRA CORPOREA BARBASTRO,AWAY,77.6,75.9,86.3,98.3,-12.0,48.8,44.4,19.9,21.1,68.4,44.7,0.8,24.2,200,12000.0,67.0,11.0,31.0,11.0,31.0,22.0,62.0,12.0,15.0,8.0,26.0,34.0,14.0,17.0,7.0,1.0,2.0,13.0,18.0,68.0,-30.0
2484061,7,979290,PUJOL MOLLERUSSA,AWAY,87.9,79.6,87.6,80.1,7.5,39.3,36.7,11.7,39.0,84.8,59.0,0.9,20.0,225,13500.0,77.0,24.0,53.0,6.0,37.0,30.0,90.0,11.0,18.0,23.0,39.0,62.0,12.0,13.0,6.0,4.0,1.0,24.0,22.0,79.0,20.0
2484061,7,979865,TIBU-RON CASTELLDEFELS,HOME,91.1,79.6,80.1,87.6,-7.5,42.4,38.2,12.2,15.2,61.0,41.0,1.2,30.3,225,13500.0,73.0,23.0,48.0,4.0,28.0,27.0,76.0,15.0,23.0,7.0,36.0,43.0,14.0,12.0,3.0,1.0,4.0,22.0,24.0,67.0,-20.0
2484062,7,981218,FLANIGAN CALVIÀ,AWAY,69.5,68.7,89.2,107.3,-18.1,40.0,36.4,12.4,40.4,63.6,47.8,1.3,24.3,200,12000.0,62.0,15.0,42.0,7.0,28.0,22.0,70.0,11.0,17.0,19.0,14.0,33.0,14.0,11.0,9.0,2.0,3.0,19.0,20.0,56.0,-55.0
2484062,7,980002,SANDÁ C.B. L´HOSPITALET,HOME,68.0,68.7,107.3,89.2,18.1,59.8,58.3,19.7,36.4,59.6,52.2,1.3,29.6,200,12000.0,73.0,18.0,32.0,9.0,22.0,27.0,54.0,10.0,16.0,8.0,28.0,36.0,20.0,15.0,8.0,3.0,2.0,20.0,19.0,91.0,55.0
2484063,7,981219,IMMO SA MARINA CIUTAT D’INCA BASQUET,AWAY,80.7,76.0,95.4,115.0,-19.6,45.5,44.0,13.3,38.6,79.3,54.8,1.4,29.3,200,12000.0,77.0,18.0,42.0,10.0,33.0,28.0,75.0,11.0,22.0,17.0,23.0,40.0,18.0,13.0,5.0,0.0,0.0,23.0,23.0,69.0,-25.0
2484063,7,981301,SA REAL INSTALACIONES AREVALO IBIZA,HOME,71.3,76.1,115.0,95.4,19.6,61.8,57.4,14.2,20.7,61.4,45.2,1.8,51.9,200,12000.0,82.0,16.0,28.0,10.0,26.0,26.0,54.0,20.0,28.0,6.0,27.0,33.0,20.0,11.0,8.0,0.0,0.0,23.0,22.0,95.0,25.0
2484064,7,981354,IBERSOL CB TARRAGONA,HOME,82.4,82.0,109.2,84.7,24.5,56.6,55.1,17.6,40.0,71.4,55.7,1.4,38.2,200,12000.0,90.0,18.0,40.0,13.0,28.0,31.0,68.0,15.0,26.0,14.0,25.0,39.0,23.0,17.0,8.0,2.0,2.0,19.0,21.0,99.0,105.0
2484064,7,981133,UE SANT CUGAT - OCCIDENT,AWAY,81.5,82.0,84.7,109.2,-24.5,48.3,42.2,21.9,28.6,60.0,44.3,0.9,26.6,200,12000.0,69.0,18.0,42.0,6.0,22.0,24.0,64.0,15.0,17.0,10.0,21.0,31.0,18.0,20.0,9.0,2.0,2.0,21.0,19.0,65.0,-105.0
2484065,7,981130,ALFINDÉN CB,AWAY,76.9,76.5,96.3,103.8,-7.5,50.8,50.8,17.1,27.5,65.1,47.0,0.5,44.3,200,12000.0,74.0,22.0,40.0,6.0,21.0,28.0,61.0,12.0,27.0,11.0,28.0,39.0,8.0,15.0,2.0,6.0,0.0,25.0,22.0,63.0,-25.0
2484065,7,981166,C.B.ROSER,HOME,76.1,76.4,103.8,96.3,7.5,45.9,41.0,5.5,34.9,72.5,53.0,1.6,44.4,200,12000.0,79.0,22.0,48.0,5.0,24.0,27.0,72.0,20.0,32.0,15.0,29.0,44.0,8.0,5.0,10.0,0.0,6.0,22.0,25.0,82.0,25.0
2487073,7,982050,GRUPO INMAPA FILIPENSES,AWAY,79.2,79.8,97.2,103.1,-5.9,54.0,49.2,20.2,30.3,80.0,55.9,0.7,33.9,200,12000.0,77.0,17.0,37.0,9.0,25.0,26.0,62.0,16.0,21.0,10.0,28.0,38.0,12.0,18.0,9.0,1.0,2.0,14.0,22.0,86.0,-30.0
2487073,7,979921,IRUKI TAKE,HOME,80.5,79.8,103.1,97.2,5.9,56.4,55.7,16.0,20.0,69.7,44.1,1.6,11.4,200,12000.0,83.0,24.0,39.0,10.0,31.0,34.0,70.0,5.0,8.0,7.0,23.0,30.0,22.0,14.0,10.0,2.0,1.0,22.0,13.0,85.0,30.0
2487074,7,979288,BASKONIA,HOME,85.5,86.2,109.9,83.0,26.9,56.3,50.0,18.5,47.2,75.0,61.8,1.3,47.8,200,12000.0,94.0,24.0,46.0,7.0,23.0,31.0,69.0,25.0,33.0,17.0,30.0,47.0,24.0,19.0,14.0,3.0,1.0,24.0,30.0,123.0,110.0
2487074,7,983015,CONSTRUCCIONES GONZALO CRESPO PAS PIÉLAGOS,AWAY,86.8,86.1,83.0,109.9,-26.9,46.9,40.6,20.7,25.0,52.8,38.2,0.4,45.3,200,12000.0,72.0,23.0,44.0,2.0,20.0,25.0,64.0,20.0,29.0,10.0,19.0,29.0,8.0,20.0,10.0,1.0,3.0,30.0,22.0,44.0,-110.0
2487075,7,982049,CAJA RURAL DE ZAMORA CBCV BOECILLO,AWAY,81.3,80.2,75.0,104.9,-29.9,43.4,39.2,22.2,23.7,60.5,42.1,0.1,18.5,200,12000.0,61.0,18.0,44.0,5.0,21.0,23.0,65.0,10.0,12.0,9.0,23.0,32.0,2.0,20.0,10.0,1.0,2.0,19.0,14.0,37.0,-110.0
2487075,7,981224,TEKNEI BIZKAIA ZORNOTZA,HOME,79.2,80.3,104.9,75.0,29.9,54.5,52.9,19.1,39.5,76.3,57.9,0.7,20.0,200,12000.0,83.0,25.0,41.0,8.0,29.0,33.0,70.0,9.0,14.0,15.0,29.0,44.0,13.0,18.0,14.0,2.0,1.0,14.0,19.0,101.0,110.0
2487076,7,981423,BLENDIO,HOME,88.6,91.0,96.0,101.7,-5.7,52.1,53.5,14.7,18.4,91.9,54.7,1.3,33.8,200,12000.0,85.0,23.0,42.0,10.0,29.0,33.0,71.0,9.0,24.0,7.0,34.0,41.0,18.0,14.0,4.0,1.0,0.0,23.0,20.0,79.0,-50.0
2487076,7,981221,HOTEL 4POSTES - ÁVILA AUTÉNTICA - EL BULEVAR,AWAY,93.4,91.0,101.7,96.0,5.7,56.3,48.6,12.4,8.1,81.6,45.3,1.6,35.6,200,12000.0,95.0,19.0,38.0,11.0,35.0,30.0,73.0,24.0,26.0,3.0,31.0,34.0,19.0,12.0,10.0,0.0,1.0,20.0,22.0,103.0,50.0
2487077,7,981143,DE MORRO FINO CANTBASKET04,HOME,89.8,89.1,121.4,90.6,30.8,70.1,67.4,20.4,32.0,71.1,55.6,0.8,29.0,200,12000.0,109.0,27.0,40.0,13.0,29.0,40.0,69.0,16.0,20.0,8.0,27.0,35.0,17.0,20.0,12.0,4.0,0.0,27.0,24.0,121.0,145.0
2487077,7,979970,MEGACALZADO ARDOI,AWAY,88.3,89.0,90.6,121.4,-30.8,50.4,45.5,20.1,28.9,68.0,44.4,0.8,41.8,200,12000.0,80.0,20.0,45.0,7.0,22.0,27.0,67.0,19.0,28.0,11.0,17.0,28.0,15.0,20.0,11.0,0.0,4.0,24.0,27.0,68.0,-145.0
2487078,7,979908,RESTAURANTE LOS ARCOS CB SOLARES,HOME,84.5,86.2,95.8,85.3,10.5,51.6,48.4,18.6,31.6,55.8,44.4,1.2,51.6,200,12000.0,81.0,22.0,44.0,6.0,20.0,28.0,64.0,19.0,33.0,12.0,24.0,36.0,21.0,18.0,11.0,2.0,4.0,27.0,24.0,80.0,30.0
2487078,7,979777,UNIVERSIDAD DEUSTO LOIOLA INDAUTXU,AWAY,88.0,86.2,85.3,95.8,-10.5,42.6,38.4,17.8,44.2,68.4,55.6,1.1,46.6,200,12000.0,75.0,22.0,43.0,4.0,30.0,26.0,73.0,19.0,34.0,19.0,26.0,45.0,20.0,19.0,12.0,4.0,2.0,25.0,27.0,77.0,-30.0
2487079,7,981440,RECOLETAS SALUD CARBAJOSA,HOME,77.8,79.1,104.1,88.3,15.8,52.7,51.5,14.5,34.3,56.4,45.9,1.1,29.4,200,12000.0,81.0,20.0,39.0,10.0,29.0,30.0,68.0,11.0,20.0,12.0,22.0,34.0,14.0,13.0,9.0,2.0,2.0,25.0,21.0,76.0,50.0
2487079,7,981230,ULACIA ZKE,AWAY,80.4,79.1,88.3,104.1,-15.8,43.6,35.6,16.4,43.6,65.7,54.1,0.9,53.0,200,12000.0,71.0,19.0,43.0,3.0,23.0,22.0,66.0,24.0,35.0,17.0,23.0,40.0,14.0,16.0,6.0,2.0,2.0,22.0,25.0,65.0,-50.0
2484066,8,981130,ALFINDÉN CB,HOME,76.6,77.6,111.0,104.4,6.6,58.6,54.0,16.2,27.8,68.6,47.9,0.9,38.7,200,12000.0,85.0,17.0,39.0,11.0,23.0,28.0,62.0,18.0,24.0,10.0,24.0,34.0,12.0,14.0,5.0,2.0,0.0,19.0,19.0,84.0,15.0
2484066,8,982146,CB BOET MATARÓ,AWAY,78.6,77.6,104.4,111.0,-6.6,53.6,47.0,14.5,31.4,72.2,52.1,1.2,36.4,200,12000.0,82.0,25.0,49.0,4.0,17.0,29.0,66.0,20.0,24.0,11.0,26.0,37.0,16.0,13.0,7.0,0.0,2.0,19.0,17.0,86.0,-15.0
2484067,8,981166,C.B.ROSER,AWAY,78.2,80.3,85.7,84.8,0.9,49.1,45.2,21.8,25.7,65.7,45.7,0.7,22.6,200,12000.0,67.0,16.0,37.0,8.0,25.0,24.0,62.0,11.0,14.0,9.0,23.0,32.0,14.0,19.0,13.0,5.0,3.0,14.0,14.0,71.0,-15.0
2484067,8,981133,UE SANT CUGAT - OCCIDENT,HOME,82.5,80.3,84.8,85.7,-0.9,47.6,45.7,22.2,34.3,74.3,54.3,0.8,11.4,200,12000.0,70.0,20.0,43.0,8.0,27.0,28.0,70.0,6.0,8.0,12.0,26.0,38.0,17.0,21.0,10.0,3.0,5.0,14.0,14.0,73.0,15.0
2484068,8,981354,IBERSOL CB TARRAGONA,AWAY,82.9,80.4,85.7,66.8,18.9,50.1,42.4,22.9,26.5,63.8,50.0,0.6,45.8,200,12000.0,71.0,19.0,41.0,4.0,18.0,23.0,59.0,21.0,27.0,9.0,37.0,46.0,13.0,21.0,6.0,2.0,3.0,23.0,26.0,78.0,95.0
2484068,8,981219,IMMO SA MARINA CIUTAT D’INCA BASQUET,HOME,77.9,80.3,66.8,85.7,-18.9,29.6,24.3,11.1,36.2,73.5,50.0,0.8,35.5,200,12000.0,52.0,11.0,43.0,5.0,33.0,16.0,76.0,15.0,27.0,21.0,25.0,46.0,9.0,11.0,12.0,3.0,2.0,27.0,23.0,35.0,-95.0
2484069,8,981218,FLANIGAN CALVIÀ,HOME,76.1,76.4,114.3,107.0,7.3,56.4,56.7,4.9,14.3,64.9,40.3,4.2,34.3,200,12000.0,87.0,26.0,39.0,8.0,28.0,34.0,67.0,11.0,23.0,5.0,24.0,29.0,17.0,4.0,6.0,2.0,0.0,19.0,20.0,93.0,25.0
2484069,8,981301,SA REAL INSTALACIONES AREVALO IBIZA,AWAY,76.6,76.3,107.0,114.3,-7.3,49.6,46.7,7.8,35.1,85.7,59.7,2.6,19.7,200,12000.0,82.0,25.0,42.0,7.0,34.0,32.0,76.0,11.0,15.0,13.0,30.0,43.0,18.0,7.0,3.0,0.0,2.0,20.0,19.0,90.0,-25.0
2484070,8,979290,PUJOL MOLLERUSSA,HOME,73.4,71.1,125.3,123.8,1.5,61.8,59.3,15.8,48.4,66.7,57.4,1.4,14.3,200,12000.0,92.0,22.0,45.0,13.0,25.0,35.0,70.0,9.0,10.0,15.0,20.0,35.0,20.0,14.0,6.0,2.0,2.0,22.0,17.0,100.0,35.0
2484070,8,980002,SANDÁ C.B. L´HOSPITALET,AWAY,68.7,71.1,123.8,125.3,-1.5,63.7,59.6,15.3,33.3,51.6,42.6,1.6,38.6,200,12000.0,85.0,19.0,33.0,10.0,24.0,29.0,57.0,17.0,22.0,10.0,16.0,26.0,19.0,12.0,7.0,2.0,2.0,18.0,22.0,98.0,-35.0
2484071,8,981131,CB VALLS TALLERS PABLO MARTÍNEZ,HOME,79.0,79.1,103.9,113.7,-9.8,54.0,51.4,14.6,29.4,71.9,50.0,1.5,12.5,200,12000.0,82.0,19.0,39.0,12.0,33.0,31.0,72.0,8.0,9.0,10.0,23.0,33.0,19.0,13.0,3.0,2.0,1.0,16.0,15.0,83.0,-40.0
2484071,8,979865,TIBU-RON CASTELLDEFELS,AWAY,79.2,79.1,113.7,103.9,9.8,60.7,59.6,15.9,28.1,70.6,50.0,1.6,20.6,200,12000.0,90.0,27.0,44.0,9.0,24.0,36.0,68.0,9.0,14.0,9.0,24.0,33.0,22.0,14.0,7.0,1.0,2.0,16.0,16.0,102.0,40.0
2484072,8,979311,LETRA CORPOREA BARBASTRO,AWAY,83.8,82.7,91.9,99.2,-7.3,45.9,41.3,17.7,41.9,80.0,59.0,0.9,26.7,200,12000.0,77.0,16.0,38.0,10.0,37.0,26.0,75.0,15.0,20.0,18.0,28.0,46.0,17.0,18.0,8.0,2.0,4.0,18.0,20.0,80.0,-20.0
2484072,8,979776,MONBUS - CB IGUALADA,HOME,81.7,82.7,99.2,91.9,7.3,54.2,50.8,15.8,20.0,58.1,41.0,1.4,33.8,200,12000.0,81.0,21.0,48.0,8.0,17.0,29.0,65.0,15.0,22.0,7.0,25.0,32.0,20.0,14.0,14.0,4.0,2.0,20.0,18.0,92.0,20.0
2487080,8,979921,IRUKI TAKE,AWAY,76.7,75.5,87.3,91.4,-4.1,47.4,45.4,14.5,15.4,78.1,43.7,0.7,20.0,200,12000.0,67.0,16.0,31.0,9.0,34.0,25.0,65.0,8.0,13.0,6.0,25.0,31.0,8.0,12.0,15.0,1.0,1.0,22.0,15.0,58.0,-5.0
2487080,8,981230,ULACIA ZKE,HOME,74.4,75.6,91.4,87.3,4.1,54.5,50.0,23.4,21.9,84.6,56.3,0.6,35.2,200,12000.0,68.0,12.0,22.0,10.0,32.0,22.0,54.0,14.0,19.0,7.0,33.0,40.0,12.0,19.0,6.0,1.0,1.0,15.0,22.0,78.0,5.0
2487081,8,981440,RECOLETAS SALUD CARBAJOSA,AWAY,77.6,77.9,79.9,85.6,-5.7,45.2,42.2,18.0,17.6,71.0,43.1,0.5,41.4,200,12000.0,62.0,17.0,36.0,5.0,22.0,22.0,58.0,13.0,24.0,6.0,22.0,28.0,8.0,15.0,10.0,0.0,3.0,22.0,21.0,45.0,-25.0
2487081,8,979777,UNIVERSIDAD DEUSTO LOIOLA INDAUTXU,HOME,78.2,77.9,85.6,79.9,5.7,49.1,44.9,21.8,29.0,82.4,56.9,0.4,35.6,200,12000.0,67.0,19.0,33.0,5.0,26.0,24.0,59.0,14.0,21.0,9.0,28.0,37.0,8.0,19.0,8.0,3.0,0.0,21.0,22.0,63.0,25.0
2487082,8,979970,MEGACALZADO ARDOI,HOME,113.0,90.5,83.2,93.6,-10.4,45.2,40.1,19.4,29.6,72.0,50.0,0.9,47.7,250,15000.0,94.0,15.0,43.0,13.0,43.0,28.0,86.0,25.0,41.0,16.0,36.0,52.0,22.0,25.0,20.0,0.0,5.0,38.0,31.0,82.0,-60.0
2487082,8,979908,RESTAURANTE LOS ARCOS CB SOLARES,AWAY,113.2,90.5,93.6,83.2,10.4,52.4,46.3,20.4,28.0,70.4,50.0,0.6,56.8,250,15000.0,106.0,27.0,49.0,7.0,32.0,34.0,81.0,31.0,46.0,14.0,38.0,52.0,15.0,26.0,12.0,5.0,0.0,31.0,38.0,109.0,60.0
2487083,8,981143,DE MORRO FINO CANTBASKET04,AWAY,85.0,86.6,96.5,103.1,-6.6,49.4,43.8,9.8,18.4,63.8,43.5,0.7,34.7,200,12000.0,82.0,24.0,48.0,5.0,24.0,29.0,72.0,19.0,25.0,7.0,30.0,37.0,6.0,9.0,5.0,0.0,1.0,22.0,22.0,72.0,-45.0
2487083,8,981221,HOTEL 4POSTES - ÁVILA AUTÉNTICA - EL BULEVAR,HOME,88.2,86.6,103.1,96.5,6.6,50.4,46.9,14.3,36.2,81.6,56.5,0.4,25.9,200,12000.0,91.0,26.0,47.0,8.0,34.0,34.0,81.0,15.0,21.0,17.0,31.0,48.0,6.0,15.0,2.0,1.0,0.0,22.0,21.0,79.0,45.0
2487084,8,981423,BLENDIO,AWAY,84.7,86.7,119.2,91.3,27.9,68.5,61.4,16.0,10.7,70.0,45.6,0.9,66.7,200,12000.0,101.0,23.0,39.0,8.0,18.0,31.0,57.0,31.0,38.0,3.0,28.0,31.0,12.0,14.0,9.0,1.0,2.0,16.0,25.0,116.0,100.0
2487084,8,982049,CAJA RURAL DE ZAMORA CBCV BOECILLO,HOME,88.7,86.8,91.3,119.2,-27.9,48.4,46.2,16.9,30.0,89.3,54.4,0.8,16.7,200,12000.0,81.0,27.0,52.0,6.0,26.0,33.0,78.0,9.0,13.0,12.0,25.0,37.0,13.0,17.0,6.0,2.0,1.0,26.0,16.0,63.0,-100.0
2487085,8,983015,CONSTRUCCIONES GONZALO CRESPO PAS PIÉLAGOS,HOME,81.4,82.5,90.9,114.8,-23.9,54.9,47.3,25.4,33.3,68.4,53.8,0.3,46.4,200,12000.0,74.0,22.0,41.0,3.0,15.0,25.0,56.0,21.0,26.0,9.0,26.0,35.0,8.0,23.0,5.0,1.0,5.0,26.0,23.0,61.0,-110.0
2487085,8,981224,TEKNEI BIZKAIA ZORNOTZA,AWAY,83.6,82.5,114.8,90.9,23.9,58.1,60.9,13.6,31.6,66.7,46.2,1.5,44.9,200,12000.0,96.0,21.0,37.0,14.0,32.0,35.0,69.0,12.0,31.0,12.0,18.0,30.0,20.0,13.0,14.0,5.0,1.0,23.0,26.0,102.0,110.0
2487086,8,979288,BASKONIA,AWAY,81.8,81.4,117.4,102.6,14.8,58.7,55.5,14.6,41.2,72.5,58.1,0.8,27.4,200,12000.0,96.0,24.0,40.0,11.0,33.0,35.0,73.0,15.0,20.0,14.0,29.0,43.0,11.0,14.0,8.0,0.0,0.0,21.0,22.0,102.0,65.0
2487086,8,982050,GRUPO INMAPA FILIPENSES,HOME,80.9,81.4,102.6,117.4,-14.8,51.9,49.3,13.1,27.5,58.8,41.9,1.2,25.0,200,12000.0,83.0,22.0,44.0,9.0,28.0,31.0,72.0,12.0,18.0,11.0,20.0,31.0,14.0,12.0,10.0,0.0,0.0,23.0,21.0,77.0,-65.0
2484073,9,982146,CB BOET MATARÓ,HOME,71.0,74.2,107.0,90.5,16.5,61.3,60.0,19.5,22.2,75.0,52.4,1.5,29.1,200,12000.0,76.0,18.0,29.0,10.0,26.0,28.0,55.0,10.0,16.0,6.0,27.0,33.0,22.0,15.0,5.0,3.0,0.0,22.0,16.0,85.0,30.0
2484073,9,979311,LETRA CORPOREA BARBASTRO,AWAY,77.4,74.3,90.5,107.0,-16.5,49.7,47.6,18.5,25.0,77.8,47.6,1.2,30.6,200,12000.0,70.0,19.0,36.0,7.0,26.0,26.0,62.0,11.0,19.0,9.0,21.0,30.0,20.0,16.0,8.0,0.0,3.0,17.0,21.0,72.0,-30.0
2484074,9,979776,MONBUS - CB IGUALADA,AWAY,87.6,86.5,108.5,97.1,11.4,58.2,56.3,14.7,22.2,74.3,47.9,1.3,33.8,200,12000.0,95.0,25.0,47.0,10.0,24.0,35.0,71.0,15.0,24.0,8.0,26.0,34.0,18.0,14.0,9.0,0.0,1.0,26.0,23.0,94.0,60.0
2484074,9,979865,TIBU-RON CASTELLDEFELS,HOME,85.5,86.5,97.1,108.5,-11.4,52.9,46.9,16.9,25.7,77.8,52.1,0.9,51.6,200,12000.0,83.0,18.0,39.0,8.0,25.0,26.0,64.0,23.0,33.0,9.0,28.0,37.0,15.0,16.0,8.0,1.0,0.0,23.0,26.0,83.0,-60.0
2484075,9,981131,CB VALLS TALLERS PABLO MARTÍNEZ,AWAY,78.7,79.0,72.4,119.7,-47.3,39.8,36.3,19.2,22.2,78.6,43.8,0.8,35.5,200,12000.0,57.0,15.0,36.0,5.0,26.0,20.0,62.0,12.0,22.0,10.0,22.0,32.0,14.0,17.0,4.0,3.0,2.0,19.0,20.0,42.0,-190.0
2484075,9,980002,SANDÁ C.B. L´HOSPITALET,HOME,79.4,79.1,119.7,72.4,47.3,62.2,62.5,10.5,21.4,77.8,56.2,3.0,27.9,200,12000.0,95.0,26.0,45.0,11.0,23.0,37.0,68.0,10.0,19.0,6.0,35.0,41.0,27.0,9.0,12.0,2.0,3.0,20.0,19.0,127.0,190.0
2484076,9,979290,PUJOL MOLLERUSSA,AWAY,83.8,82.5,107.4,89.9,17.5,50.1,47.5,12.6,43.2,81.2,59.2,1.2,24.7,200,12000.0,90.0,22.0,40.0,11.0,41.0,33.0,81.0,13.0,20.0,19.0,26.0,45.0,16.0,13.0,10.0,1.0,1.0,20.0,22.0,96.0,85.0
2484076,9,981301,SA REAL INSTALACIONES AREVALO IBIZA,HOME,81.2,82.6,89.9,107.4,-17.5,54.3,52.6,22.9,18.8,56.8,40.8,0.5,36.2,200,12000.0,73.0,17.0,31.0,9.0,27.0,26.0,58.0,12.0,21.0,6.0,25.0,31.0,9.0,20.0,8.0,1.0,1.0,22.0,20.0,59.0,-85.0
2484077,9,981218,FLANIGAN CALVIÀ,AWAY,77.3,78.3,125.5,119.9,5.6,64.4,67.5,11.7,24.2,50.0,37.3,2.1,44.4,200,12000.0,97.0,20.0,31.0,15.0,32.0,35.0,63.0,12.0,28.0,8.0,17.0,25.0,21.0,10.0,11.0,1.0,1.0,21.0,25.0,105.0,10.0
2484077,9,981354,IBERSOL CB TARRAGONA,HOME,79.2,78.3,119.9,125.5,-5.6,60.7,55.1,18.7,50.0,75.8,62.7,1.2,30.4,200,12000.0,95.0,23.0,38.0,10.0,31.0,33.0,69.0,19.0,21.0,17.0,25.0,42.0,22.0,18.0,8.0,1.0,1.0,25.0,21.0,108.0,-10.0
2484078,9,981166,C.B.ROSER,HOME,77.1,76.8,105.0,82.3,22.7,57.8,57.5,18.6,29.0,57.7,47.0,1.4,38.3,200,12000.0,81.0,18.0,34.0,11.0,26.0,29.0,60.0,12.0,23.0,9.0,30.0,39.0,22.0,16.0,9.0,2.0,0.0,17.0,20.0,98.0,90.0
2484078,9,981219,IMMO SA MARINA CIUTAT D’INCA BASQUET,AWAY,76.5,76.9,82.3,105.0,-22.7,37.3,34.6,14.2,42.3,71.0,53.0,1.4,9.9,200,12000.0,63.0,16.0,49.0,8.0,32.0,24.0,81.0,7.0,8.0,22.0,22.0,44.0,19.0,14.0,10.0,0.0,2.0,20.0,17.0,61.0,-90.0
2484079,9,981130,ALFINDÉN CB,HOME,85.5,86.6,90.0,91.2,-1.2,47.8,41.7,17.4,30.0,73.0,50.6,0.8,50.0,200,12000.0,77.0,20.0,39.0,5.0,27.0,25.0,66.0,22.0,33.0,12.0,27.0,39.0,14.0,17.0,7.0,3.0,6.0,20.0,26.0,77.0,-15.0
2484079,9,981133,UE SANT CUGAT - OCCIDENT,AWAY,87.8,86.7,91.2,90.0,1.2,50.8,41.7,19.4,27.0,70.0,49.4,0.7,43.9,200,12000.0,80.0,20.0,38.0,5.0,28.0,25.0,66.0,25.0,29.0,10.0,28.0,38.0,13.0,19.0,11.0,6.0,3.0,26.0,20.0,78.0,15.0
2487087,9,979288,BASKONIA,AWAY,79.2,79.1,96.0,110.2,-14.2,54.2,52.3,21.3,30.3,78.6,52.5,0.7,21.9,200,12000.0,76.0,23.0,40.0,7.0,24.0,30.0,64.0,9.0,14.0,10.0,22.0,32.0,14.0,19.0,9.0,1.0,1.0,16.0,19.0,77.0,-55.0
2487087,9,979921,IRUKI TAKE,HOME,79.0,79.0,110.2,96.0,14.2,63.1,60.8,18.8,21.4,69.7,47.5,1.6,13.8,200,12000.0,87.0,17.0,35.0,15.0,30.0,32.0,65.0,8.0,9.0,6.0,23.0,29.0,25.0,16.0,10.0,1.0,1.0,19.0,16.0,99.0,55.0
2487088,9,982050,GRUPO INMAPA FILIPENSES,AWAY,74.6,74.9,65.6,117.4,-51.8,42.5,40.0,28.5,19.4,83.3,50.8,0.3,10.9,200,12000.0,49.0,16.0,39.0,4.0,16.0,20.0,55.0,5.0,6.0,6.0,25.0,31.0,8.0,23.0,7.0,0.0,0.0,14.0,14.0,36.0,-195.0
2487088,9,981224,TEKNEI BIZKAIA ZORNOTZA,HOME,75.0,74.8,117.4,65.6,51.8,62.0,61.2,11.3,16.7,80.6,49.2,2.8,13.4,200,12000.0,88.0,26.0,33.0,10.0,34.0,36.0,67.0,6.0,9.0,5.0,25.0,30.0,25.0,9.0,15.0,0.0,0.0,14.0,14.0,115.0,195.0
2487089,9,981423,BLENDIO,HOME,77.0,76.0,87.0,122.7,-35.7,42.4,35.3,15.1,37.2,75.7,55.0,1.1,36.8,200,12000.0,67.0,15.0,40.0,6.0,28.0,21.0,68.0,19.0,25.0,16.0,28.0,44.0,15.0,14.0,2.0,2.0,2.0,22.0,21.0,62.0,-125.0
2487089,9,983015,CONSTRUCCIONES GONZALO CRESPO PAS PIÉLAGOS,AWAY,75.0,76.0,122.7,87.0,35.7,58.2,54.4,6.0,24.3,62.8,45.0,3.8,36.8,200,12000.0,92.0,22.0,46.0,10.0,22.0,32.0,68.0,18.0,25.0,9.0,27.0,36.0,19.0,5.0,7.0,2.0,2.0,21.0,21.0,108.0,125.0
2487090,9,982049,CAJA RURAL DE ZAMORA CBCV BOECILLO,AWAY,82.7,82.8,78.6,97.8,-19.2,40.8,39.2,14.9,22.9,55.0,37.5,1.0,17.6,200,12000.0,65.0,17.0,45.0,8.0,29.0,25.0,74.0,7.0,13.0,11.0,22.0,33.0,14.0,14.0,7.0,2.0,2.0,15.0,14.0,51.0,-80.0
2487090,9,981143,DE MORRO FINO CANTBASKET04,HOME,82.8,82.8,97.8,78.6,19.2,48.9,45.5,17.9,45.0,77.1,62.5,1.3,14.1,200,12000.0,81.0,22.0,45.0,9.0,33.0,31.0,78.0,10.0,11.0,18.0,37.0,55.0,24.0,18.0,5.0,2.0,2.0,15.0,15.0,101.0,80.0
2487091,9,981221,HOTEL 4POSTES - ÁVILA AUTÉNTICA - EL BULEVAR,AWAY,86.4,86.1,91.4,87.4,4.0,45.7,43.3,15.6,34.8,74.4,53.9,0.9,34.7,200,12000.0,79.0,22.0,43.0,7.0,32.0,29.0,75.0,14.0,26.0,16.0,32.0,48.0,15.0,16.0,8.0,3.0,4.0,21.0,23.0,81.0,20.0
2487091,9,979908,RESTAURANTE LOS ARCOS CB SOLARES,HOME,85.8,86.1,87.4,91.4,-4.0,44.7,44.7,13.4,25.6,65.2,46.1,0.7,26.7,200,12000.0,75.0,26.0,53.0,5.0,22.0,31.0,75.0,8.0,20.0,11.0,30.0,41.0,9.0,13.0,8.0,4.0,3.0,23.0,20.0,65.0,-20.0
2487092,9,979970,MEGACALZADO ARDOI,AWAY,78.2,75.9,90.8,92.2,-1.4,50.6,45.6,21.3,31.4,63.2,47.9,0.6,52.6,200,12000.0,71.0,14.0,31.0,8.0,26.0,22.0,57.0,19.0,30.0,11.0,24.0,35.0,11.0,19.0,5.0,0.0,3.0,22.0,26.0,61.0,15.0
2487092,9,981440,RECOLETAS SALUD CARBAJOSA,HOME,73.8,76.1,92.2,90.8,1.4,46.1,37.7,16.0,36.8,68.6,52.1,0.9,47.5,200,12000.0,68.0,14.0,30.0,6.0,31.0,20.0,61.0,22.0,29.0,14.0,24.0,38.0,12.0,14.0,12.0,3.0,0.0,26.0,22.0,67.0,-15.0
2487093,9,981230,ULACIA ZKE,HOME,73.9,75.3,101.5,74.5,27.0,57.8,52.8,19.8,25.0,86.5,60.0,1.1,50.9,200,12000.0,75.0,19.0,39.0,6.0,14.0,25.0,53.0,19.0,27.0,7.0,32.0,39.0,17.0,16.0,8.0,1.0,2.0,21.0,23.0,90.0,90.0
2487093,9,979777,UNIVERSIDAD DEUSTO LOIOLA INDAUTXU,AWAY,76.6,75.3,74.5,101.5,-27.0,42.2,37.7,17.2,13.5,75.0,40.0,0.6,42.1,200,12000.0,57.0,17.0,34.0,3.0,23.0,20.0,57.0,14.0,24.0,5.0,21.0,26.0,9.0,14.0,12.0,2.0,1.0,24.0,20.0,41.0,-90.0
2484080,10,982146,CB BOET MATARÓ,HOME,79.2,80.4,90.9,77.1,13.8,46.6,41.9,17.2,37.8,48.6,43.2,0.6,30.9,200,12000.0,72.0,21.0,50.0,5.0,18.0,26.0,68.0,15.0,21.0,14.0,18.0,32.0,10.0,16.0,15.0,1.0,7.0,22.0,17.0,61.0,45.0
2484080,10,981133,UE SANT CUGAT - OCCIDENT,AWAY,81.7,80.5,77.1,90.9,-13.8,41.6,37.9,24.8,51.4,62.2,56.8,0.4,33.3,200,12000.0,63.0,19.0,39.0,4.0,27.0,23.0,66.0,13.0,22.0,19.0,23.0,42.0,11.0,25.0,10.0,7.0,1.0,18.0,22.0,60.0,-45.0
2484081,10,981130,ALFINDÉN CB,AWAY,82.4,83.8,89.8,96.2,-6.4,48.4,41.0,19.1,28.6,54.1,40.5,0.8,57.4,200,12000.0,74.0,16.0,36.0,6.0,25.0,22.0,61.0,24.0,35.0,12.0,20.0,32.0,14.0,18.0,4.0,2.0,2.0,23.0,26.0,61.0,-40.0
2484081,10,981219,IMMO SA MARINA CIUTAT D’INCA BASQUET,HOME,85.2,83.8,96.2,89.8,6.4,46.0,40.1,12.7,45.9,71.4,59.5,1.2,39.5,200,12000.0,82.0,26.0,47.0,3.0,29.0,29.0,76.0,21.0,30.0,17.0,30.0,47.0,15.0,13.0,8.0,2.0,2.0,26.0,22.0,81.0,40.0
2484082,10,981166,C.B.ROSER,AWAY,86.2,75.9,102.1,100.4,1.7,51.6,48.6,17.4,38.6,80.6,57.5,1.2,41.7,225,13500.0,88.0,23.0,50.0,8.0,22.0,31.0,72.0,18.0,30.0,17.0,29.0,46.0,21.0,18.0,7.0,2.0,2.0,23.0,23.0,93.0,15.0
2484082,10,981218,FLANIGAN CALVIÀ,HOME,84.7,75.9,100.4,102.1,-1.7,52.0,47.9,10.9,19.4,61.4,42.5,1.3,30.6,225,13500.0,85.0,21.0,35.0,9.0,37.0,30.0,72.0,16.0,22.0,7.0,27.0,34.0,13.0,10.0,9.0,2.0,2.0,23.0,21.0,83.0,-15.0
2484083,10,981354,IBERSOL CB TARRAGONA,AWAY,82.4,82.0,87.4,77.2,10.2,40.7,37.5,8.3,29.8,74.3,48.8,0.9,23.8,200,12000.0,72.0,24.0,52.0,4.0,28.0,28.0,80.0,12.0,19.0,14.0,26.0,40.0,7.0,8.0,12.0,2.0,1.0,22.0,19.0,63.0,45.0
2484083,10,979290,PUJOL MOLLERUSSA,HOME,81.6,82.0,77.2,87.4,-10.2,45.3,38.1,23.2,25.7,70.2,51.2,0.4,40.7,200,12000.0,63.0,12.0,33.0,7.0,26.0,19.0,59.0,18.0,24.0,9.0,33.0,42.0,8.0,21.0,3.0,1.0,2.0,19.0,22.0,53.0,-45.0
2484084,10,981131,CB VALLS TALLERS PABLO MARTÍNEZ,HOME,77.2,76.5,89.4,92.3,-2.9,47.2,45.5,15.1,22.0,69.8,46.4,1.6,20.9,200,12000.0,69.0,14.0,28.0,11.0,39.0,25.0,67.0,8.0,14.0,9.0,30.0,39.0,21.0,13.0,5.0,2.0,1.0,18.0,15.0,72.0,-5.0
2484084,10,981301,SA REAL INSTALACIONES AREVALO IBIZA,AWAY,75.8,76.5,92.3,89.4,2.9,46.1,44.4,14.6,30.2,78.0,53.6,1.1,15.5,200,12000.0,70.0,18.0,44.0,9.0,27.0,27.0,71.0,7.0,11.0,13.0,32.0,45.0,14.0,13.0,8.0,1.0,2.0,16.0,17.0,78.0,5.0
2484085,10,979776,MONBUS - CB IGUALADA,HOME,71.5,71.9,85.3,112.1,-26.8,39.9,37.0,13.6,36.2,74.1,50.0,1.1,24.6,200,12000.0,61.0,15.0,41.0,7.0,28.0,22.0,69.0,10.0,17.0,17.0,20.0,37.0,13.0,12.0,7.0,1.0,5.0,19.0,18.0,52.0,-100.0
2484085,10,980002,SANDÁ C.B. L´HOSPITALET,AWAY,72.3,71.9,112.1,85.3,26.8,63.0,60.2,18.9,25.9,63.8,50.0,1.4,20.3,200,12000.0,81.0,19.0,33.0,11.0,26.0,30.0,59.0,10.0,12.0,7.0,30.0,37.0,21.0,15.0,10.0,5.0,1.0,19.0,17.0,106.0,100.0
2484086,10,979311,LETRA CORPOREA BARBASTRO,HOME,82.4,83.3,115.2,104.5,10.7,56.3,50.7,11.5,36.1,83.9,58.2,1.5,35.6,200,12000.0,95.0,25.0,44.0,8.0,29.0,33.0,73.0,21.0,26.0,13.0,26.0,39.0,17.0,11.0,7.0,0.0,0.0,23.0,23.0,102.0,35.0
2484086,10,979865,TIBU-RON CASTELLDEFELS,AWAY,84.2,83.3,104.5,115.2,-10.7,55.5,55.0,11.2,16.1,63.9,41.8,1.5,30.0,200,12000.0,88.0,22.0,47.0,11.0,23.0,33.0,70.0,11.0,21.0,5.0,23.0,28.0,15.0,10.0,7.0,0.0,0.0,25.0,23.0,79.0,-35.0
2487094,10,979921,IRUKI TAKE,AWAY,71.8,74.7,82.2,88.9,-6.7,40.0,35.4,10.9,27.5,72.7,47.9,1.1,30.8,200,12000.0,59.0,14.0,38.0,6.0,27.0,20.0,65.0,13.0,20.0,11.0,24.0,35.0,10.0,9.0,8.0,1.0,1.0,19.0,18.0,51.0,-50.0
2487094,10,979777,UNIVERSIDAD DEUSTO LOIOLA INDAUTXU,HOME,77.6,74.7,88.9,82.2,6.7,48.2,47.7,17.3,27.3,72.5,52.1,1.3,23.1,200,12000.0,69.0,22.0,33.0,6.0,32.0,28.0,65.0,7.0,15.0,9.0,29.0,38.0,19.0,15.0,1.0,1.0,1.0,18.0,19.0,69.0,50.0
2487095,10,979970,MEGACALZADO ARDOI,HOME,79.6,78.8,90.5,103.8,-13.3,48.3,43.8,12.9,14.6,47.6,31.3,1.3,37.5,200,12000.0,72.0,16.0,31.0,8.0,33.0,24.0,64.0,16.0,24.0,6.0,20.0,26.0,14.0,11.0,13.0,2.0,1.0,22.0,22.0,68.0,-45.0
2487095,10,981230,ULACIA ZKE,AWAY,78.0,78.8,103.8,90.5,13.3,51.3,47.8,21.0,52.4,85.4,68.7,0.7,36.8,200,12000.0,81.0,19.0,49.0,9.0,19.0,28.0,68.0,16.0,25.0,22.0,35.0,57.0,14.0,21.0,8.0,1.0,2.0,22.0,22.0,91.0,45.0
2487096,10,981221,HOTEL 4POSTES - ÁVILA AUTÉNTICA - EL BULEVAR,HOME,82.1,81.7,82.8,99.9,-17.1,42.4,37.9,17.5,34.9,62.8,48.8,1.0,32.9,200,12000.0,68.0,16.0,33.0,7.0,37.0,23.0,70.0,15.0,23.0,15.0,27.0,42.0,17.0,17.0,9.0,0.0,0.0,30.0,19.0,53.0,-65.0
2487096,10,981440,RECOLETAS SALUD CARBAJOSA,AWAY,81.1,81.7,99.9,82.8,17.1,49.3,42.6,15.4,37.2,65.1,51.2,0.9,78.7,200,12000.0,81.0,20.0,42.0,4.0,19.0,24.0,61.0,29.0,48.0,16.0,28.0,44.0,13.0,15.0,10.0,0.0,0.0,19.0,30.0,88.0,65.0
2487097,10,982049,CAJA RURAL DE ZAMORA CBCV BOECILLO,HOME,90.7,88.1,89.3,72.5,16.8,50.8,45.7,18.4,21.9,60.4,45.0,0.7,31.4,200,12000.0,81.0,23.0,47.0,6.0,23.0,29.0,70.0,17.0,22.0,7.0,29.0,36.0,12.0,18.0,13.0,0.0,5.0,22.0,22.0,78.0,95.0
2487097,10,979908,RESTAURANTE LOS ARCOS CB SOLARES,AWAY,85.5,88.1,72.5,89.3,-16.8,37.1,33.6,20.1,39.6,78.1,55.0,0.4,22.4,200,12000.0,62.0,24.0,51.0,1.0,25.0,25.0,76.0,11.0,17.0,19.0,25.0,44.0,9.0,21.0,8.0,5.0,0.0,23.0,21.0,48.0,-95.0
2487098,10,983015,CONSTRUCCIONES GONZALO CRESPO PAS PIÉLAGOS,HOME,85.3,83.1,104.3,101.5,2.8,54.1,47.9,12.7,25.7,61.5,44.6,1.1,40.0,200,12000.0,89.0,23.0,41.0,7.0,29.0,30.0,70.0,22.0,28.0,9.0,24.0,33.0,13.0,12.0,8.0,0.0,0.0,21.0,22.0,86.0,35.0
2487098,10,981143,DE MORRO FINO CANTBASKET04,AWAY,80.8,83.1,101.5,104.3,-2.8,50.1,47.3,14.6,38.5,74.3,55.4,1.4,27.4,200,12000.0,82.0,24.0,50.0,7.0,23.0,31.0,73.0,13.0,20.0,15.0,26.0,41.0,20.0,14.0,9.0,0.0,0.0,22.0,20.0,87.0,-35.0
2487099,10,981423,BLENDIO,AWAY,78.1,80.7,105.0,86.5,18.5,58.5,55.0,15.6,15.6,79.5,52.6,1.2,38.3,200,12000.0,82.0,15.0,25.0,12.0,35.0,27.0,60.0,16.0,23.0,5.0,35.0,40.0,15.0,13.0,2.0,1.0,1.0,16.0,23.0,94.0,50.0
2487099,10,982050,GRUPO INMAPA FILIPENSES,HOME,83.3,80.7,86.5,105.0,-18.5,43.2,42.3,9.8,20.5,84.4,47.4,1.9,15.4,200,12000.0,72.0,21.0,47.0,8.0,31.0,29.0,78.0,6.0,12.0,9.0,27.0,36.0,17.0,9.0,5.0,1.0,1.0,24.0,16.0,59.0,-50.0
2487100,10,979288,BASKONIA,HOME,79.0,78.5,93.7,112.9,-19.2,55.2,49.1,21.2,23.1,64.9,47.6,0.4,44.6,200,12000.0,74.0,20.0,40.0,5.0,16.0,25.0,56.0,19.0,25.0,6.0,24.0,30.0,7.0,18.0,7.0,2.0,1.0,25.0,22.0,62.0,-70.0
2487100,10,981224,TEKNEI BIZKAIA ZORNOTZA,AWAY,77.9,78.5,112.9,93.7,19.2,55.8,50.0,13.2,35.1,76.9,52.4,1.0,25.4,200,12000.0,88.0,19.0,40.0,11.0,31.0,30.0,71.0,17.0,18.0,13.0,20.0,33.0,12.0,12.0,5.0,1.0,2.0,23.0,24.0,86.0,70.0
2484087,11,982146,CB BOET MATARÓ,HOME,89.3,72.8,108.6,112.3,-3.7,55.5,53.3,12.1,22.7,63.3,44.1,1.6,37.3,250,15000.0,97.0,16.0,41.0,16.0,34.0,32.0,75.0,17.0,28.0,10.0,31.0,41.0,19.0,12.0,3.0,1.0,2.0,30.0,24.0,89.0,-35.0
2484087,11,979865,TIBU-RON CASTELLDEFELS,AWAY,92.6,72.8,112.3,108.6,3.7,50.7,44.1,7.2,36.7,77.3,55.9,2.0,47.1,250,15000.0,104.0,21.0,45.0,11.0,40.0,32.0,85.0,29.0,40.0,18.0,34.0,52.0,16.0,8.0,9.0,2.0,1.0,24.0,29.0,116.0,35.0
2484088,11,979311,LETRA CORPOREA BARBASTRO,AWAY,75.8,75.7,93.6,127.0,-33.4,46.2,43.8,10.5,22.7,71.4,41.7,1.4,15.3,200,12000.0,71.0,18.0,39.0,9.0,33.0,27.0,72.0,8.0,11.0,10.0,20.0,30.0,13.0,9.0,7.0,0.0,1.0,16.0,14.0,62.0,-125.0
2484088,11,980002,SANDÁ C.B. L´HOSPITALET,HOME,75.6,75.7,127.0,93.6,33.4,64.3,62.5,10.8,28.6,77.3,58.3,3.1,22.1,200,12000.0,96.0,26.0,40.0,11.0,28.0,37.0,68.0,11.0,15.0,8.0,34.0,42.0,28.0,9.0,5.0,1.0,0.0,14.0,16.0,130.0,125.0
2484089,11,979776,MONBUS - CB IGUALADA,AWAY,72.4,74.2,103.5,83.1,20.4,51.8,49.2,13.2,32.4,76.3,55.6,1.6,42.6,200,12000.0,75.0,21.0,41.0,6.0,20.0,27.0,61.0,15.0,26.0,11.0,29.0,40.0,18.0,11.0,8.0,3.0,1.0,21.0,23.0,90.0,60.0
2484089,11,981301,SA REAL INSTALACIONES AREVALO IBIZA,HOME,75.8,74.1,83.1,103.5,-20.4,42.7,36.9,13.0,23.7,67.6,44.4,0.9,30.8,200,12000.0,63.0,15.0,41.0,6.0,24.0,21.0,65.0,15.0,20.0,9.0,23.0,32.0,10.0,11.0,4.0,1.0,3.0,23.0,21.0,48.0,-60.0
2484090,11,981131,CB VALLS TALLERS PABLO MARTÍNEZ,AWAY,74.8,75.3,78.8,95.1,-16.3,44.1,45.2,23.0,33.3,68.8,53.6,0.7,17.7,200,12000.0,59.0,22.0,36.0,4.0,26.0,26.0,62.0,3.0,11.0,12.0,33.0,45.0,14.0,20.0,2.0,5.0,1.0,19.0,13.0,55.0,-65.0
2484090,11,981354,IBERSOL CB TARRAGONA,HOME,75.7,75.3,95.1,78.8,16.3,44.1,41.7,9.9,31.2,66.7,46.4,1.3,30.6,200,12000.0,72.0,18.0,46.0,8.0,26.0,26.0,72.0,12.0,22.0,15.0,24.0,39.0,12.0,9.0,12.0,1.0,5.0,13.0,18.0,76.0,65.0
2484091,11,981166,C.B.ROSER,HOME,80.3,79.5,77.2,124.5,-47.3,42.3,38.5,17.9,22.5,64.5,40.8,0.3,45.9,200,12000.0,62.0,22.0,44.0,1.0,17.0,23.0,61.0,15.0,28.0,9.0,20.0,29.0,5.0,16.0,8.0,0.0,0.0,17.0,23.0,43.0,-180.0
2484091,11,979290,PUJOL MOLLERUSSA,AWAY,78.7,79.5,124.5,77.2,47.3,63.9,63.4,14.5,35.5,77.5,59.2,1.5,18.3,200,12000.0,98.0,24.0,40.0,14.0,31.0,38.0,71.0,8.0,13.0,11.0,31.0,42.0,19.0,13.0,10.0,0.0,0.0,23.0,17.0,112.0,180.0
2484092,11,981130,ALFINDÉN CB,HOME,82.6,83.0,101.7,94.5,7.2,57.9,54.8,20.8,33.3,55.6,47.2,0.5,38.7,200,12000.0,84.0,25.0,38.0,6.0,24.0,31.0,62.0,16.0,24.0,9.0,25.0,34.0,9.0,19.0,12.0,4.0,2.0,23.0,19.0,81.0,25.0
2484092,11,981218,FLANIGAN CALVIÀ,AWAY,83.6,83.0,94.5,101.7,-7.2,46.7,43.9,18.3,44.4,66.7,52.8,0.4,32.4,200,12000.0,79.0,19.0,47.0,9.0,27.0,28.0,74.0,14.0,24.0,20.0,18.0,38.0,7.0,19.0,13.0,2.0,4.0,19.0,23.0,68.0,-25.0
2484093,11,981219,IMMO SA MARINA CIUTAT D’INCA BASQUET,AWAY,90.4,80.7,108.4,110.5,-2.1,51.3,46.4,17.3,54.3,77.4,63.6,0.5,31.0,225,13500.0,98.0,24.0,54.0,10.0,30.0,34.0,84.0,20.0,26.0,25.0,24.0,49.0,9.0,20.0,13.0,4.0,4.0,27.0,21.0,91.0,-15.0
2484093,11,981133,UE SANT CUGAT - OCCIDENT,HOME,91.4,80.8,110.5,108.4,2.1,64.4,56.3,20.3,22.6,45.7,36.4,0.7,55.6,225,13500.0,101.0,19.0,39.0,11.0,24.0,30.0,63.0,30.0,35.0,7.0,21.0,28.0,14.0,20.0,16.0,4.0,4.0,21.0,26.0,110.0,15.0
2487101,11,979921,IRUKI TAKE,HOME,72.2,74.5,99.7,118.5,-18.8,48.5,45.4,11.9,31.6,67.9,47.0,0.6,32.3,200,12000.0,72.0,19.0,43.0,7.0,22.0,26.0,65.0,13.0,21.0,12.0,19.0,31.0,6.0,10.0,9.0,0.0,2.0,22.0,18.0,57.0,-95.0
2487101,11,981224,TEKNEI BIZKAIA ZORNOTZA,AWAY,76.8,74.5,118.5,99.7,18.8,67.1,67.8,21.0,32.1,68.4,53.0,0.6,33.9,200,12000.0,91.0,25.0,34.0,10.0,25.0,35.0,59.0,11.0,20.0,9.0,26.0,35.0,11.0,18.0,6.0,2.0,0.0,18.0,22.0,98.0,95.0
2487102,11,979288,BASKONIA,AWAY,82.2,82.8,126.5,94.7,31.8,63.2,61.0,12.7,38.7,88.6,65.2,1.3,28.8,200,12000.0,104.0,34.0,54.0,7.0,19.0,41.0,73.0,15.0,21.0,12.0,31.0,43.0,16.0,12.0,11.0,2.0,0.0,20.0,18.0,124.0,125.0
2487102,11,981423,BLENDIO,HOME,83.4,82.8,94.7,126.5,-31.8,55.3,50.0,18.3,11.4,61.3,34.8,0.4,43.3,200,12000.0,79.0,21.0,36.0,6.0,24.0,27.0,60.0,19.0,26.0,4.0,19.0,23.0,7.0,16.0,6.0,0.0,2.0,19.0,20.0,60.0,-125.0
2487103,11,981143,DE MORRO FINO CANTBASKET04,HOME,89.6,92.9,104.9,84.3,20.6,55.6,54.5,18.3,34.1,81.2,59.6,1.0,19.2,200,12000.0,94.0,26.0,46.0,11.0,32.0,37.0,78.0,9.0,15.0,14.0,39.0,53.0,19.0,19.0,10.0,3.0,0.0,21.0,21.0,113.0,65.0
2487103,11,982050,GRUPO INMAPA FILIPENSES,AWAY,96.1,93.0,84.3,104.9,-20.6,46.5,43.5,17.1,18.8,65.9,40.4,0.9,29.9,200,12000.0,81.0,23.0,55.0,7.0,22.0,30.0,77.0,14.0,23.0,9.0,27.0,36.0,16.0,18.0,10.0,0.0,3.0,21.0,21.0,69.0,-65.0
2487104,11,983015,CONSTRUCCIONES GONZALO CRESPO PAS PIÉLAGOS,AWAY,93.4,91.9,93.1,89.6,3.5,50.3,43.7,18.8,34.2,60.0,48.2,0.7,49.3,200,12000.0,87.0,16.0,41.0,10.0,30.0,26.0,71.0,25.0,35.0,13.0,27.0,40.0,13.0,20.0,11.0,3.0,7.0,27.0,27.0,79.0,30.0
2487104,11,979908,RESTAURANTE LOS ARCOS CB SOLARES,HOME,90.4,91.9,89.6,93.1,-3.5,45.8,45.5,18.4,40.0,65.8,51.8,0.7,33.8,200,12000.0,81.0,20.0,47.0,10.0,30.0,30.0,77.0,11.0,26.0,18.0,25.0,43.0,13.0,20.0,10.0,7.0,3.0,28.0,27.0,71.0,-30.0
2487105,11,982049,CAJA RURAL DE ZAMORA CBCV BOECILLO,AWAY,79.8,80.1,90.2,75.9,14.3,51.5,49.2,20.5,23.5,74.4,50.7,0.7,16.9,200,12000.0,72.0,23.0,45.0,6.0,20.0,29.0,65.0,8.0,11.0,8.0,29.0,37.0,13.0,18.0,7.0,1.0,3.0,18.0,16.0,71.0,55.0
2487105,11,981440,RECOLETAS SALUD CARBAJOSA,HOME,80.4,80.1,75.9,90.2,-14.3,42.2,39.8,19.9,25.6,76.5,49.3,0.6,29.7,200,12000.0,61.0,12.0,32.0,9.0,32.0,21.0,64.0,10.0,19.0,10.0,26.0,36.0,11.0,18.0,12.0,3.0,1.0,16.0,18.0,55.0,-55.0
2487106,11,981221,HOTEL 4POSTES - ÁVILA AUTÉNTICA - EL BULEVAR,AWAY,73.9,74.6,109.6,100.8,8.8,56.3,51.6,11.1,20.6,66.7,43.3,1.0,28.1,200,12000.0,81.0,21.0,34.0,8.0,30.0,29.0,64.0,15.0,18.0,7.0,22.0,29.0,9.0,9.0,8.0,0.0,1.0,18.0,20.0,82.0,25.0
2487106,11,981230,ULACIA ZKE,HOME,75.4,74.6,100.8,109.6,-8.8,54.0,51.6,18.5,33.3,79.4,56.7,0.9,30.6,200,12000.0,76.0,26.0,46.0,4.0,16.0,30.0,62.0,12.0,19.0,11.0,27.0,38.0,14.0,16.0,5.0,1.0,0.0,20.0,18.0,77.0,-25.0
2487107,11,979970,MEGACALZADO ARDOI,AWAY,81.8,81.1,89.3,76.9,12.4,45.2,39.0,14.8,30.2,70.3,48.8,1.1,42.6,200,12000.0,73.0,16.0,43.0,7.0,25.0,23.0,68.0,20.0,29.0,13.0,26.0,39.0,15.0,14.0,16.0,0.0,5.0,20.0,22.0,77.0,55.0
2487107,11,979777,UNIVERSIDAD DEUSTO LOIOLA INDAUTXU,HOME,80.6,81.2,76.9,89.3,-12.4,43.9,42.2,22.9,29.7,69.8,51.2,0.6,23.4,200,12000.0,62.0,15.0,39.0,8.0,25.0,23.0,64.0,8.0,15.0,11.0,30.0,41.0,13.0,21.0,8.0,5.0,0.0,24.0,19.0,55.0,-55.0
2484094,12,982146,CB BOET MATARÓ,HOME,88.2,87.3,90.7,125.2,-34.5,51.1,45.7,20.4,28.6,66.7,47.9,0.7,30.4,200,12000.0,80.0,18.0,39.0,9.0,30.0,27.0,69.0,17.0,21.0,10.0,24.0,34.0,13.0,20.0,9.0,1.0,1.0,27.0,18.0,62.0,-140.0
2484094,12,981219,IMMO SA MARINA CIUTAT D’INCA BASQUET,AWAY,86.3,87.2,125.2,90.7,34.5,62.6,57.9,12.2,33.3,71.4,52.1,1.5,52.9,200,12000.0,108.0,30.0,46.0,7.0,24.0,37.0,70.0,27.0,37.0,12.0,25.0,37.0,18.0,12.0,17.0,1.0,1.0,18.0,27.0,135.0,140.0
2484095,12,981218,FLANIGAN CALVIÀ,HOME,78.2,80.4,99.7,121.1,-21.4,49.8,42.2,11.3,25.6,51.9,36.4,0.9,79.3,200,12000.0,78.0,14.0,39.0,7.0,19.0,21.0,58.0,29.0,46.0,10.0,14.0,24.0,9.0,10.0,7.0,2.0,5.0,16.0,25.0,65.0,-110.0
2484095,12,981133,UE SANT CUGAT - OCCIDENT,AWAY,82.6,80.4,121.1,99.7,21.4,62.8,61.6,16.7,48.1,74.4,63.6,1.2,20.5,200,12000.0,100.0,30.0,46.0,10.0,27.0,40.0,73.0,10.0,15.0,13.0,29.0,42.0,20.0,16.0,4.0,5.0,2.0,26.0,16.0,107.0,110.0
2484096,12,981130,ALFINDÉN CB,AWAY,83.4,83.5,81.5,126.6,-45.1,43.4,35.7,16.1,24.4,64.4,45.3,0.6,55.6,195,11675.0,68.0,18.0,40.0,3.0,23.0,21.0,63.0,23.0,35.0,10.0,29.0,39.0,9.0,15.0,5.0,3.0,1.0,22.0,25.0,58.0,-152.0
2484096,12,979290,PUJOL MOLLERUSSA,HOME,79.0,81.2,126.6,81.5,45.1,56.2,53.2,6.3,35.6,75.6,54.7,3.3,32.1,200,12000.0,100.0,19.0,43.0,15.0,35.0,34.0,78.0,17.0,25.0,16.0,31.0,47.0,20.0,6.0,9.0,1.0,3.0,25.0,19.0,113.0,160.0
2484097,12,981166,C.B.ROSER,AWAY,74.9,75.0,90.8,78.6,12.2,45.4,41.3,11.8,23.8,76.3,48.8,1.4,42.9,200,12000.0,68.0,17.0,41.0,6.0,22.0,23.0,63.0,16.0,27.0,10.0,29.0,39.0,14.0,10.0,11.0,1.0,6.0,17.0,21.0,76.0,45.0
2484097,12,981131,CB VALLS TALLERS PABLO MARTÍNEZ,HOME,75.0,75.0,78.6,90.8,-12.2,41.5,38.3,15.5,23.7,76.2,51.2,0.8,25.0,200,12000.0,59.0,17.0,36.0,5.0,28.0,22.0,64.0,10.0,16.0,9.0,32.0,41.0,11.0,13.0,4.0,6.0,1.0,21.0,17.0,56.0,-45.0
2484098,12,981354,IBERSOL CB TARRAGONA,AWAY,74.0,75.6,114.9,98.7,16.2,55.9,55.4,9.5,28.6,59.5,44.4,2.1,38.5,200,12000.0,85.0,18.0,39.0,12.0,26.0,30.0,65.0,13.0,25.0,10.0,22.0,32.0,17.0,8.0,5.0,2.0,5.0,24.0,21.0,83.0,45.0
2484098,12,979776,MONBUS - CB IGUALADA,HOME,77.0,75.5,98.7,114.9,-16.2,50.0,46.2,17.4,40.5,71.4,55.6,1.0,38.5,200,12000.0,76.0,15.0,34.0,10.0,31.0,25.0,65.0,16.0,25.0,15.0,25.0,40.0,16.0,16.0,7.0,5.0,2.0,21.0,24.0,82.0,-45.0
2484099,12,979311,LETRA CORPOREA BARBASTRO,HOME,77.1,75.3,99.8,99.3,0.5,54.1,48.4,21.1,40.6,70.4,54.2,1.0,37.7,200,12000.0,77.0,19.0,35.0,7.0,26.0,26.0,61.0,18.0,23.0,13.0,19.0,32.0,19.0,19.0,5.0,2.0,1.0,21.0,24.0,79.0,20.0
2484099,12,981301,SA REAL INSTALACIONES AREVALO IBIZA,AWAY,73.5,75.3,99.3,99.8,-0.5,51.1,46.1,12.3,29.6,59.4,45.8,1.1,26.6,200,12000.0,73.0,19.0,41.0,7.0,23.0,26.0,64.0,14.0,17.0,8.0,19.0,27.0,11.0,10.0,6.0,1.0,2.0,26.0,20.0,61.0,-20.0
2484100,12,980002,SANDÁ C.B. L´HOSPITALET,AWAY,86.7,75.7,111.9,114.8,-2.9,60.1,52.3,13.9,20.6,77.4,47.7,1.1,59.4,225,13500.0,97.0,20.0,48.0,9.0,16.0,29.0,64.0,30.0,38.0,7.0,24.0,31.0,14.0,13.0,6.0,1.0,1.0,31.0,28.0,90.0,5.0
2484100,12,979865,TIBU-RON CASTELLDEFELS,HOME,83.6,75.7,114.8,111.9,2.9,61.9,55.0,14.3,22.6,79.4,52.3,1.4,66.7,225,13500.0,96.0,27.0,41.0,4.0,19.0,31.0,60.0,30.0,40.0,7.0,27.0,34.0,18.0,13.0,9.0,1.0,1.0,29.0,30.0,107.0,-5.0
2487108,12,979921,IRUKI TAKE,HOME,76.8,77.1,110.7,99.3,11.4,56.1,56.0,15.6,37.1,75.0,56.3,1.0,29.9,200,12000.0,85.0,24.0,42.0,9.0,25.0,33.0,67.0,10.0,20.0,13.0,27.0,40.0,14.0,14.0,8.0,1.0,1.0,20.0,24.0,94.0,40.0
2487108,12,979970,MEGACALZADO ARDOI,AWAY,77.6,77.2,99.3,110.7,-11.4,53.8,52.5,17.3,25.0,62.9,43.7,0.9,39.3,200,12000.0,77.0,17.0,29.0,10.0,32.0,27.0,61.0,13.0,24.0,9.0,22.0,31.0,14.0,15.0,9.0,1.0,1.0,24.0,20.0,68.0,-40.0
2487109,12,981221,HOTEL 4POSTES - ÁVILA AUTÉNTICA - EL BULEVAR,HOME,80.8,82.4,94.0,101.2,-7.2,48.2,45.2,13.2,26.3,78.4,52.0,1.0,57.1,200,12000.0,76.0,15.0,36.0,9.0,27.0,24.0,63.0,19.0,36.0,10.0,29.0,39.0,12.0,12.0,14.0,4.0,1.0,21.0,22.0,78.0,-45.0
2487109,12,979777,UNIVERSIDAD DEUSTO LOIOLA INDAUTXU,AWAY,84.0,82.4,101.2,94.0,7.2,56.7,55.5,18.5,21.6,73.7,48.0,0.8,39.1,200,12000.0,85.0,19.0,35.0,11.0,29.0,30.0,64.0,14.0,25.0,8.0,28.0,36.0,13.0,17.0,9.0,1.0,4.0,22.0,21.0,81.0,45.0
2487110,12,982049,CAJA RURAL DE ZAMORA CBCV BOECILLO,HOME,88.0,77.3,83.0,77.9,5.1,44.5,38.8,16.3,25.6,65.7,44.6,0.4,50.7,225,13500.0,73.0,17.0,42.0,6.0,25.0,23.0,67.0,21.0,34.0,10.0,23.0,33.0,6.0,16.0,11.0,1.0,0.0,28.0,28.0,51.0,30.0
2487110,12,981230,ULACIA ZKE,AWAY,86.0,77.4,77.9,83.0,-5.1,44.7,40.8,23.5,34.3,74.4,55.4,0.6,56.7,225,13500.0,67.0,17.0,40.0,5.0,20.0,22.0,60.0,18.0,34.0,12.0,29.0,41.0,13.0,23.0,11.0,0.0,1.0,28.0,28.0,55.0,-30.0
2487111,12,983015,CONSTRUCCIONES GONZALO CRESPO PAS PIÉLAGOS,HOME,81.3,80.1,97.2,101.4,-4.2,52.5,50.0,11.7,11.4,55.9,33.3,1.2,17.1,200,12000.0,79.0,26.0,49.0,6.0,21.0,32.0,70.0,9.0,12.0,4.0,19.0,23.0,12.0,10.0,10.0,0.0,4.0,20.0,17.0,70.0,-5.0
2487111,12,981440,RECOLETAS SALUD CARBAJOSA,AWAY,78.9,80.1,101.4,97.2,4.2,53.4,50.7,20.2,44.1,88.6,66.7,0.7,26.9,200,12000.0,80.0,16.0,36.0,12.0,31.0,28.0,67.0,12.0,18.0,15.0,31.0,46.0,14.0,19.0,8.0,4.0,0.0,17.0,20.0,91.0,5.0
2487112,12,982050,GRUPO INMAPA FILIPENSES,AWAY,96.8,98.5,76.5,100.7,-24.2,47.0,43.2,24.8,22.2,71.1,49.4,0.5,43.9,200,12000.0,74.0,18.0,37.0,7.0,29.0,25.0,66.0,17.0,29.0,8.0,32.0,40.0,14.0,26.0,10.0,3.0,3.0,24.0,24.0,62.0,-135.0
2487112,12,979908,RESTAURANTE LOS ARCOS CB SOLARES,HOME,100.3,98.5,100.7,76.5,24.2,50.8,50.0,12.4,28.9,77.8,50.6,1.4,32.2,200,12000.0,101.0,27.0,53.0,11.0,34.0,38.0,87.0,14.0,28.0,13.0,28.0,41.0,20.0,14.0,19.0,3.0,3.0,24.0,23.0,106.0,135.0
2487113,12,979288,BASKONIA,HOME,84.2,83.3,122.3,87.4,34.9,55.3,56.2,14.7,56.8,71.4,64.5,1.1,37.5,200,12000.0,103.0,30.0,50.0,10.0,30.0,40.0,80.0,13.0,30.0,25.0,35.0,60.0,17.0,16.0,8.0,5.0,2.0,14.0,20.0,126.0,155.0
2487113,12,981143,DE MORRO FINO CANTBASKET04,AWAY,82.4,83.3,87.4,122.3,-34.9,42.2,41.4,11.4,28.6,43.2,35.5,1.4,12.3,200,12000.0,72.0,20.0,53.0,9.0,28.0,29.0,81.0,5.0,10.0,14.0,19.0,33.0,15.0,11.0,12.0,2.0,5.0,20.0,14.0,60.0,-155.0
2487114,12,981423,BLENDIO,AWAY,77.0,78.4,84.4,109.0,-24.6,44.5,43.9,15.1,23.1,64.7,42.5,0.9,24.2,200,12000.0,65.0,17.0,37.0,8.0,29.0,25.0,66.0,7.0,16.0,9.0,22.0,31.0,12.0,13.0,6.0,1.0,5.0,11.0,21.0,62.0,-110.0
2487114,12,981224,TEKNEI BIZKAIA ZORNOTZA,HOME,79.8,78.5,109.0,84.4,24.6,56.6,54.9,16.3,35.3,76.9,57.5,1.4,15.3,200,12000.0,87.0,17.0,34.0,15.0,38.0,32.0,72.0,8.0,11.0,12.0,30.0,42.0,21.0,15.0,6.0,5.0,1.0,22.0,10.0,91.0,110.0
2484101,13,982146,CB BOET MATARÓ,AWAY,73.3,72.6,76.4,85.0,-8.6,37.7,36.2,15.9,34.9,58.5,46.4,0.6,17.4,200,12000.0,56.0,16.0,43.0,6.0,26.0,22.0,69.0,6.0,12.0,15.0,24.0,39.0,8.0,14.0,11.0,0.0,2.0,23.0,18.0,42.0,-25.0
2484101,13,980002,SANDÁ C.B. L´HOSPITALET,HOME,71.8,72.5,85.0,76.4,8.6,43.7,37.7,21.4,41.5,65.1,53.6,0.7,32.8,200,12000.0,61.0,11.0,32.0,8.0,29.0,19.0,61.0,15.0,20.0,17.0,28.0,45.0,13.0,19.0,5.0,2.0,0.0,18.0,22.0,64.0,25.0
2484102,13,981301,SA REAL INSTALACIONES AREVALO IBIZA,HOME,79.7,78.9,85.3,115.1,-29.8,51.0,48.2,20.3,11.8,70.8,36.2,0.7,38.6,200,12000.0,68.0,17.0,36.0,7.0,21.0,24.0,57.0,13.0,22.0,4.0,17.0,21.0,12.0,17.0,8.0,2.0,0.0,26.0,20.0,46.0,-110.0
2484102,13,979865,TIBU-RON CASTELLDEFELS,AWAY,78.2,78.9,115.1,85.3,29.8,65.0,57.1,18.8,29.2,88.2,63.8,0.9,53.6,200,12000.0,90.0,26.0,43.0,4.0,13.0,30.0,56.0,26.0,30.0,7.0,30.0,37.0,14.0,16.0,8.0,0.0,2.0,20.0,26.0,109.0,110.0
2484103,13,981354,IBERSOL CB TARRAGONA,HOME,89.9,90.4,124.6,74.9,49.7,69.2,68.1,18.2,33.3,77.8,58.7,1.7,39.1,200,12000.0,112.0,26.0,40.0,14.0,29.0,40.0,69.0,18.0,27.0,9.0,28.0,37.0,30.0,18.0,14.0,3.0,1.0,27.0,22.0,135.0,220.0
2484103,13,979311,LETRA CORPOREA BARBASTRO,AWAY,90.8,90.2,74.9,124.6,-49.7,44.3,35.9,22.3,22.2,66.7,41.3,0.5,45.3,200,12000.0,68.0,20.0,43.0,2.0,21.0,22.0,64.0,22.0,29.0,8.0,18.0,26.0,12.0,22.0,8.0,1.0,3.0,23.0,26.0,47.0,-220.0
2484104,13,981166,C.B.ROSER,HOME,77.4,79.5,96.8,89.5,7.3,49.1,44.6,12.6,27.0,59.0,43.4,1.0,40.0,200,12000.0,75.0,20.0,46.0,6.0,19.0,26.0,65.0,17.0,26.0,10.0,23.0,33.0,11.0,11.0,11.0,2.0,0.0,24.0,21.0,70.0,10.0
2484104,13,979776,MONBUS - CB IGUALADA,AWAY,81.6,79.5,89.5,96.8,-7.3,48.3,45.4,22.6,41.0,73.0,56.6,0.6,36.9,200,12000.0,73.0,19.0,40.0,7.0,25.0,26.0,65.0,14.0,24.0,16.0,27.0,43.0,14.0,22.0,5.0,0.0,2.0,21.0,24.0,67.0,-10.0
2484105,13,981130,ALFINDÉN CB,HOME,77.8,78.6,79.7,94.5,-14.8,40.4,36.7,16.3,32.6,64.3,48.2,0.6,45.3,200,12000.0,62.0,16.0,43.0,5.0,21.0,21.0,64.0,15.0,29.0,14.0,27.0,41.0,9.0,15.0,14.0,4.0,3.0,23.0,23.0,58.0,-65.0
2484105,13,981131,CB VALLS TALLERS PABLO MARTÍNEZ,AWAY,79.4,78.6,94.5,79.7,14.8,49.8,47.0,20.1,35.7,67.4,51.8,0.7,28.4,200,12000.0,75.0,15.0,35.0,11.0,32.0,26.0,67.0,12.0,19.0,15.0,29.0,44.0,13.0,19.0,11.0,3.0,4.0,23.0,22.0,78.0,65.0
2484106,13,979290,PUJOL MOLLERUSSA,AWAY,84.8,84.4,119.1,97.6,21.5,57.5,48.5,12.9,41.0,77.5,59.5,1.0,66.2,200,12000.0,101.0,24.0,44.0,6.0,24.0,30.0,68.0,35.0,45.0,16.0,31.0,47.0,13.0,13.0,8.0,0.0,5.0,29.0,29.0,108.0,95.0
2484106,13,981133,UE SANT CUGAT - OCCIDENT,HOME,84.0,84.4,97.6,119.1,-21.5,51.9,44.3,15.0,22.5,59.0,40.5,0.8,67.2,200,12000.0,82.0,12.0,28.0,10.0,33.0,22.0,61.0,28.0,41.0,9.0,23.0,32.0,11.0,14.0,1.0,5.0,0.0,30.0,29.0,64.0,-95.0
2484107,13,981218,FLANIGAN CALVIÀ,AWAY,83.0,84.5,102.4,84.9,17.5,55.9,47.4,16.5,23.5,65.3,48.2,1.1,70.7,200,12000.0,85.0,17.0,36.0,7.0,22.0,24.0,58.0,30.0,41.0,8.0,32.0,40.0,16.0,15.0,11.0,1.0,1.0,21.0,29.0,101.0,60.0
2484107,13,981219,IMMO SA MARINA CIUTAT D’INCA BASQUET,HOME,86.0,84.5,84.9,102.4,-17.5,41.5,40.3,14.6,34.7,76.5,51.8,1.4,32.5,200,12000.0,73.0,25.0,42.0,4.0,35.0,29.0,77.0,11.0,25.0,17.0,26.0,43.0,21.0,15.0,6.0,1.0,1.0,29.0,20.0,58.0,-60.0
2487115,13,981423,BLENDIO,HOME,77.6,78.2,86.3,95.3,-9.0,50.3,47.5,23.1,31.0,65.2,52.0,0.7,25.0,200,12000.0,67.0,18.0,35.0,7.0,25.0,25.0,60.0,10.0,15.0,9.0,30.0,39.0,14.0,20.0,11.0,0.0,2.0,13.0,16.0,74.0,-40.0
2487115,13,979921,IRUKI TAKE,AWAY,78.7,78.1,95.3,86.3,9.0,45.3,41.6,12.7,34.8,69.0,48.0,1.3,16.9,200,12000.0,75.0,20.0,50.0,8.0,27.0,28.0,77.0,11.0,13.0,16.0,20.0,36.0,16.0,12.0,9.0,2.0,0.0,16.0,13.0,72.0,40.0
2487116,13,981143,DE MORRO FINO CANTBASKET04,HOME,83.9,82.0,100.1,98.6,1.5,54.6,53.6,14.5,19.4,61.2,45.0,0.8,26.1,200,12000.0,84.0,19.0,38.0,12.0,31.0,31.0,69.0,10.0,18.0,6.0,30.0,36.0,10.0,13.0,4.0,3.0,5.0,19.0,19.0,78.0,25.0
2487116,13,981224,TEKNEI BIZKAIA ZORNOTZA,AWAY,80.1,82.0,98.6,100.1,-1.5,43.8,43.1,9.1,38.8,80.6,55.0,2.3,28.8,200,12000.0,79.0,21.0,50.0,9.0,30.0,30.0,80.0,10.0,23.0,19.0,25.0,44.0,21.0,9.0,10.0,5.0,3.0,19.0,19.0,87.0,-25.0
2487117,13,979288,BASKONIA,AWAY,90.9,89.2,84.7,72.0,12.7,42.8,38.7,19.7,45.7,88.6,66.7,0.6,60.6,200,12000.0,77.0,17.0,46.0,7.0,25.0,24.0,71.0,22.0,43.0,21.0,39.0,60.0,14.0,22.0,11.0,2.0,2.0,22.0,28.0,80.0,70.0
2487117,13,979908,RESTAURANTE LOS ARCOS CB SOLARES,HOME,87.6,89.2,72.0,84.7,-12.7,41.1,36.4,17.3,11.4,54.3,33.3,0.6,36.4,200,12000.0,63.0,18.0,41.0,4.0,25.0,22.0,66.0,15.0,24.0,5.0,25.0,30.0,10.0,16.0,9.0,2.0,2.0,28.0,22.0,39.0,-70.0
2487118,13,982050,GRUPO INMAPA FILIPENSES,AWAY,88.1,87.6,93.1,100.0,-6.9,47.6,45.4,10.4,21.1,69.2,45.5,1.3,30.3,200,12000.0,82.0,27.0,52.0,5.0,24.0,32.0,76.0,13.0,23.0,8.0,27.0,35.0,13.0,10.0,7.0,1.0,2.0,20.0,21.0,75.0,-25.0
2487118,13,981440,RECOLETAS SALUD CARBAJOSA,HOME,87.0,87.5,100.0,93.1,6.9,51.8,48.6,15.2,30.8,78.9,54.5,0.9,34.2,200,12000.0,87.0,22.0,49.0,9.0,24.0,31.0,73.0,16.0,25.0,12.0,30.0,42.0,13.0,15.0,6.0,2.0,1.0,21.0,20.0,83.0,25.0
2487119,13,983015,CONSTRUCCIONES GONZALO CRESPO PAS PIÉLAGOS,AWAY,83.8,83.8,99.0,106.4,-7.4,48.9,39.9,8.6,22.5,44.4,32.9,0.8,52.2,200,12000.0,83.0,20.0,41.0,5.0,28.0,25.0,69.0,28.0,36.0,9.0,16.0,25.0,6.0,8.0,12.0,1.0,4.0,21.0,24.0,70.0,-30.0
2487119,13,981230,ULACIA ZKE,HOME,83.7,83.8,106.4,99.0,7.4,54.5,51.4,21.2,55.6,77.5,67.1,1.0,30.6,200,12000.0,89.0,28.0,50.0,6.0,22.0,34.0,72.0,15.0,22.0,20.0,31.0,51.0,21.0,22.0,6.0,4.0,1.0,25.0,20.0,99.0,30.0
2487120,13,982049,CAJA RURAL DE ZAMORA CBCV BOECILLO,AWAY,79.0,79.8,88.6,90.7,-2.1,50.0,46.8,19.5,22.9,69.0,48.1,0.9,25.4,200,12000.0,70.0,22.0,42.0,5.0,21.0,27.0,63.0,11.0,16.0,8.0,29.0,37.0,15.0,17.0,8.0,1.0,2.0,22.0,19.0,70.0,-15.0
2487120,13,979777,UNIVERSIDAD DEUSTO LOIOLA INDAUTXU,HOME,80.5,79.7,90.7,88.6,2.1,45.4,42.5,13.9,31.0,77.1,51.9,1.3,23.3,200,12000.0,73.0,19.0,38.0,8.0,35.0,27.0,73.0,11.0,17.0,13.0,27.0,40.0,17.0,13.0,10.0,2.0,1.0,19.0,22.0,80.0,15.0
2487121,13,981221,HOTEL 4POSTES - ÁVILA AUTÉNTICA - EL BULEVAR,AWAY,79.2,77.4,103.5,82.1,21.4,46.5,42.4,8.3,37.8,65.9,51.2,1.5,26.6,200,12000.0,82.0,23.0,57.0,7.0,22.0,30.0,79.0,15.0,21.0,17.0,27.0,44.0,12.0,8.0,10.0,1.0,3.0,20.0,19.0,85.0,100.0
2487121,13,979970,MEGACALZADO ARDOI,HOME,75.5,77.3,82.1,103.5,-21.4,42.2,38.6,17.9,34.1,62.2,48.8,0.9,25.8,200,12000.0,62.0,12.0,29.0,9.0,37.0,21.0,66.0,11.0,17.0,14.0,28.0,42.0,14.0,16.0,3.0,3.0,1.0,19.0,20.0,58.0,-100.0
2484108,14,982146,CB BOET MATARÓ,AWAY,83.0,82.5,63.9,97.7,-33.8,33.5,29.4,10.2,10.9,64.9,34.9,0.8,36.8,200,12000.0,53.0,17.0,44.0,2.0,24.0,19.0,68.0,13.0,25.0,5.0,24.0,29.0,7.0,9.0,8.0,0.0,7.0,21.0,24.0,30.0,-135.0
2484108,14,981218,FLANIGAN CALVIÀ,HOME,81.9,82.5,97.7,63.9,33.8,53.4,52.2,21.1,35.1,89.1,65.1,0.9,26.9,200,12000.0,80.0,23.0,40.0,8.0,27.0,31.0,67.0,10.0,18.0,13.0,41.0,54.0,18.0,20.0,5.0,7.0,0.0,24.0,20.0,96.0,135.0
2484109,14,981219,IMMO SA MARINA CIUTAT D’INCA BASQUET,HOME,82.2,80.9,118.0,101.7,16.3,56.9,52.8,15.0,41.9,55.9,48.1,1.1,41.7,200,12000.0,97.0,20.0,41.0,12.0,31.0,32.0,72.0,21.0,30.0,18.0,19.0,37.0,17.0,15.0,11.0,0.0,0.0,22.0,25.0,101.0,80.0
2484109,14,979290,PUJOL MOLLERUSSA,AWAY,79.7,80.9,101.7,118.0,-16.3,53.5,50.0,20.1,44.1,58.1,51.9,0.6,33.3,200,12000.0,81.0,18.0,37.0,10.0,29.0,28.0,66.0,15.0,22.0,15.0,25.0,40.0,11.0,19.0,10.0,0.0,0.0,26.0,22.0,74.0,-80.0
2484110,14,981131,CB VALLS TALLERS PABLO MARTÍNEZ,AWAY,80.4,80.2,93.2,80.1,13.1,54.0,48.3,19.7,20.7,73.2,51.4,1.1,44.8,200,12000.0,75.0,16.0,31.0,8.0,27.0,24.0,58.0,19.0,26.0,6.0,30.0,36.0,18.0,17.0,9.0,3.0,1.0,21.0,22.0,84.0,55.0
2484110,14,981133,UE SANT CUGAT - OCCIDENT,HOME,79.9,80.2,80.1,93.2,-13.1,44.5,43.0,20.9,26.8,79.3,48.6,0.5,28.1,200,11998.0,64.0,14.0,36.0,9.0,28.0,23.0,64.0,9.0,18.0,11.0,23.0,34.0,10.0,19.0,9.0,1.0,3.0,22.0,21.0,48.0,-55.0
2484111,14,981130,ALFINDÉN CB,HOME,73.4,73.7,99.5,117.8,-18.3,49.1,47.0,13.9,35.1,61.1,47.9,0.7,28.8,200,12000.0,73.0,25.0,47.0,4.0,19.0,29.0,66.0,11.0,19.0,13.0,22.0,35.0,8.0,12.0,2.0,4.0,2.0,21.0,20.0,64.0,-70.0
2484111,14,979776,MONBUS - CB IGUALADA,AWAY,73.9,73.6,117.8,99.5,18.3,52.5,47.9,5.7,38.9,64.9,52.1,3.0,38.0,200,12000.0,87.0,19.0,42.0,10.0,29.0,29.0,71.0,19.0,27.0,14.0,24.0,38.0,15.0,5.0,8.0,2.0,4.0,21.0,21.0,95.0,70.0
2484112,14,981166,C.B.ROSER,HOME,77.1,78.2,85.6,98.2,-12.6,45.8,41.9,17.2,27.0,72.2,49.3,0.9,37.1,200,12000.0,66.0,20.0,41.0,4.0,21.0,24.0,62.0,14.0,23.0,10.0,26.0,36.0,13.0,15.0,11.0,3.0,1.0,19.0,21.0,69.0,-60.0
2484112,14,979311,LETRA CORPOREA BARBASTRO,AWAY,79.4,78.2,98.2,85.6,12.6,51.7,46.9,15.7,27.8,73.0,50.7,1.1,40.6,200,12000.0,78.0,21.0,42.0,6.0,22.0,27.0,64.0,18.0,26.0,10.0,27.0,37.0,15.0,14.0,8.0,1.0,3.0,21.0,18.0,77.0,60.0
2484113,14,981354,IBERSOL CB TARRAGONA,HOME,75.8,76.8,117.4,93.8,23.6,58.7,52.5,18.3,47.2,78.1,61.8,0.9,60.0,200,12000.0,89.0,21.0,37.0,7.0,23.0,28.0,60.0,26.0,36.0,17.0,25.0,42.0,15.0,17.0,8.0,4.0,1.0,20.0,26.0,105.0,80.0
2484113,14,979865,TIBU-RON CASTELLDEFELS,AWAY,77.8,76.8,93.8,117.4,-23.6,52.3,50.8,17.7,21.9,52.8,38.2,0.7,16.9,200,12000.0,73.0,21.0,38.0,8.0,27.0,29.0,65.0,7.0,11.0,7.0,19.0,26.0,10.0,15.0,8.0,1.0,4.0,27.0,20.0,56.0,-80.0
2484114,14,981301,SA REAL INSTALACIONES AREVALO IBIZA,HOME,72.2,73.1,108.1,113.4,-5.3,49.3,47.9,8.1,31.8,65.6,46.1,1.7,19.2,200,12000.0,78.0,17.0,38.0,12.0,35.0,29.0,73.0,8.0,14.0,14.0,21.0,35.0,12.0,7.0,10.0,1.0,2.0,28.0,20.0,71.0,-30.0
2484114,14,980002,SANDÁ C.B. L´HOSPITALET,AWAY,74.1,73.1,113.4,108.1,5.3,59.1,52.6,16.5,34.4,68.2,53.9,1.1,56.1,200,12000.0,84.0,21.0,37.0,6.0,20.0,27.0,57.0,24.0,32.0,11.0,30.0,41.0,16.0,14.0,4.0,2.0,1.0,20.0,28.0,103.0,30.0
2487122,14,981221,HOTEL 4POSTES - ÁVILA AUTÉNTICA - EL BULEVAR,HOME,80.8,82.3,92.9,74.0,18.9,48.9,41.4,20.7,41.0,73.6,59.8,0.4,45.3,200,12000.0,75.0,19.0,45.0,5.0,19.0,24.0,64.0,22.0,29.0,16.0,39.0,55.0,8.0,20.0,4.0,3.0,1.0,21.0,25.0,82.0,65.0
2487122,14,979921,IRUKI TAKE,AWAY,83.8,82.3,74.0,92.9,-18.9,36.1,31.2,12.3,26.4,59.0,40.2,1.0,26.0,200,12000.0,62.0,12.0,39.0,8.0,38.0,20.0,77.0,14.0,20.0,14.0,23.0,37.0,12.0,12.0,13.0,1.0,3.0,25.0,21.0,46.0,-65.0
2487123,14,982049,CAJA RURAL DE ZAMORA CBCV BOECILLO,AWAY,83.4,83.3,98.4,104.5,-6.1,48.0,44.8,12.3,29.2,68.3,47.2,1.0,24.7,200,12000.0,82.0,18.0,46.0,11.0,31.0,29.0,77.0,13.0,19.0,14.0,28.0,42.0,12.0,12.0,9.0,2.0,0.0,21.0,23.0,83.0,-25.0
2487123,14,979970,MEGACALZADO ARDOI,HOME,83.2,83.3,104.5,98.4,6.1,52.9,50.0,14.5,31.7,70.8,52.8,1.4,28.8,200,12000.0,87.0,26.0,49.0,7.0,24.0,33.0,73.0,14.0,21.0,13.0,34.0,47.0,20.0,14.0,6.0,0.0,2.0,23.0,21.0,97.0,25.0
2487124,14,983015,CONSTRUCCIONES GONZALO CRESPO PAS PIÉLAGOS,AWAY,79.7,80.0,95.3,84.7,10.6,50.9,42.2,13.8,20.0,67.6,44.4,1.0,65.5,200,12000.0,76.0,17.0,38.0,5.0,20.0,22.0,58.0,27.0,38.0,7.0,25.0,32.0,12.0,12.0,11.0,0.0,3.0,23.0,28.0,77.0,40.0
2487124,14,979777,UNIVERSIDAD DEUSTO LOIOLA INDAUTXU,HOME,80.2,80.0,84.7,95.3,-10.6,45.8,40.0,19.5,32.4,80.0,55.6,0.9,32.3,200,12000.0,68.0,14.0,34.0,8.0,31.0,22.0,65.0,16.0,21.0,12.0,28.0,40.0,16.0,18.0,7.0,3.0,0.0,28.0,23.0,63.0,-40.0
2487125,14,982050,GRUPO INMAPA FILIPENSES,HOME,82.2,80.1,80.3,111.6,-31.3,50.6,44.6,25.2,13.9,58.8,35.7,0.5,37.5,200,12000.0,66.0,13.0,29.0,8.0,27.0,21.0,56.0,16.0,21.0,5.0,20.0,25.0,12.0,22.0,6.0,2.0,3.0,24.0,19.0,44.0,-105.0
2487125,14,981230,ULACIA ZKE,AWAY,78.0,80.1,111.6,80.3,31.3,55.8,49.2,15.2,41.2,86.1,64.3,1.3,54.0,200,12000.0,87.0,22.0,42.0,6.0,21.0,28.0,63.0,25.0,34.0,14.0,31.0,45.0,18.0,14.0,11.0,3.0,2.0,19.0,23.0,110.0,105.0
2487126,14,979288,BASKONIA,AWAY,85.0,87.4,118.8,96.9,21.9,61.6,62.0,16.3,39.4,82.1,62.5,1.4,35.2,200,12000.0,101.0,32.0,53.0,8.0,18.0,40.0,71.0,13.0,25.0,13.0,32.0,45.0,23.0,16.0,6.0,4.0,2.0,20.0,20.0,120.0,70.0
2487126,14,981440,RECOLETAS SALUD CARBAJOSA,HOME,89.8,87.4,96.9,118.8,-21.9,51.9,47.3,13.4,17.9,60.6,37.5,0.8,26.7,200,12000.0,87.0,22.0,48.0,9.0,27.0,31.0,75.0,16.0,20.0,7.0,20.0,27.0,10.0,13.0,7.0,2.0,4.0,20.0,20.0,72.0,-70.0
2487127,14,979908,RESTAURANTE LOS ARCOS CB SOLARES,HOME,89.6,89.9,79.2,84.2,-5.0,40.0,34.0,16.9,34.0,73.9,53.1,0.7,41.3,200,12000.0,71.0,18.0,52.0,5.0,23.0,23.0,75.0,20.0,31.0,17.0,34.0,51.0,12.0,18.0,13.0,3.0,3.0,31.0,26.0,64.0,-25.0
2487127,14,981224,TEKNEI BIZKAIA ZORNOTZA,AWAY,90.2,89.9,84.2,79.2,5.0,46.2,39.5,19.6,26.1,66.0,46.9,0.6,74.2,200,12000.0,76.0,20.0,36.0,3.0,26.0,23.0,62.0,27.0,46.0,12.0,33.0,45.0,12.0,20.0,15.0,3.0,3.0,26.0,30.0,77.0,25.0
2487128,14,981423,BLENDIO,AWAY,87.4,88.0,100.7,101.5,-0.8,49.2,46.3,14.4,34.0,76.2,53.3,1.2,23.5,200,12000.0,88.0,15.0,46.0,15.0,35.0,30.0,81.0,13.0,19.0,17.0,32.0,49.0,18.0,15.0,9.0,2.0,2.0,20.0,16.0,90.0,-10.0
2487128,14,981143,DE MORRO FINO CANTBASKET04,HOME,88.7,88.1,101.5,100.7,0.8,53.1,49.3,14.2,23.8,66.0,46.7,1.7,29.3,200,12000.0,90.0,16.0,42.0,14.0,33.0,30.0,75.0,16.0,22.0,10.0,33.0,43.0,24.0,14.0,10.0,2.0,2.0,16.0,19.0,107.0,10.0
2484115,15,982146,CB BOET MATARÓ,HOME,82.7,82.7,93.1,105.1,-12.0,49.6,47.1,13.4,19.4,53.6,34.4,0.8,32.4,200,12000.0,77.0,20.0,41.0,8.0,27.0,28.0,68.0,13.0,22.0,7.0,15.0,22.0,9.0,12.0,16.0,2.0,5.0,20.0,23.0,68.0,-50.0
2484115,15,981301,SA REAL INSTALACIONES AREVALO IBIZA,AWAY,82.8,82.7,105.1,93.1,12.0,62.3,59.8,27.1,46.4,80.6,65.6,0.7,32.8,200,12000.0,87.0,20.0,41.0,11.0,20.0,31.0,61.0,14.0,20.0,13.0,29.0,42.0,18.0,26.0,7.0,5.0,2.0,25.0,20.0,92.0,50.0
2484116,15,981354,IBERSOL CB TARRAGONA,AWAY,81.4,78.6,95.9,107.8,-11.9,51.8,47.8,17.5,32.3,75.9,53.3,0.9,28.4,200,12000.0,78.0,23.0,44.0,6.0,23.0,29.0,67.0,14.0,19.0,10.0,22.0,32.0,15.0,16.0,9.0,3.0,6.0,28.0,19.0,69.0,-20.0
2484116,15,980002,SANDÁ C.B. L´HOSPITALET,HOME,76.1,78.8,107.8,95.9,11.9,58.5,49.1,15.6,24.1,67.7,46.7,1.0,57.1,200,12000.0,82.0,11.0,31.0,11.0,25.0,22.0,56.0,27.0,32.0,7.0,21.0,28.0,13.0,13.0,9.0,6.0,3.0,19.0,27.0,94.0,20.0
2484117,15,981166,C.B.ROSER,AWAY,75.8,77.7,92.3,114.2,-21.9,51.6,48.3,18.1,21.2,57.1,37.7,0.9,33.9,200,12000.0,70.0,24.0,40.0,3.0,19.0,27.0,59.0,13.0,20.0,7.0,16.0,23.0,13.0,15.0,6.0,1.0,1.0,19.0,22.0,62.0,-105.0
2484117,15,979865,TIBU-RON CASTELLDEFELS,HOME,79.7,77.7,114.2,92.3,21.9,60.9,57.7,18.5,42.9,78.8,62.3,1.4,33.8,200,12000.0,91.0,30.0,48.0,5.0,17.0,35.0,65.0,16.0,22.0,12.0,26.0,38.0,23.0,17.0,9.0,1.0,1.0,22.0,19.0,106.0,105.0
2484118,15,981130,ALFINDÉN CB,AWAY,76.4,77.8,85.1,83.4,1.7,52.1,52.8,26.1,30.8,82.9,60.7,0.5,35.2,200,12000.0,65.0,24.0,38.0,3.0,16.0,27.0,54.0,8.0,19.0,8.0,29.0,37.0,10.0,22.0,4.0,4.0,0.0,20.0,17.0,57.0,-5.0
2484118,15,979311,LETRA CORPOREA BARBASTRO,HOME,79.2,77.8,83.4,85.1,-1.7,46.4,45.4,16.4,17.1,69.2,39.3,1.1,21.5,200,12000.0,66.0,22.0,46.0,5.0,19.0,27.0,65.0,7.0,14.0,6.0,18.0,24.0,16.0,14.0,11.0,0.0,4.0,18.0,19.0,59.0,5.0
2484119,15,979776,MONBUS - CB IGUALADA,HOME,77.8,78.8,118.3,91.6,26.7,56.9,53.5,13.9,42.1,69.7,54.9,1.5,27.8,200,12000.0,92.0,22.0,50.0,11.0,22.0,33.0,72.0,15.0,20.0,16.0,23.0,39.0,20.0,13.0,13.0,1.0,5.0,20.0,19.0,107.0,95.0
2484119,15,981133,UE SANT CUGAT - OCCIDENT,AWAY,79.7,78.8,91.6,118.3,-26.7,51.6,51.5,21.2,30.3,57.9,45.1,0.9,20.0,200,12000.0,73.0,20.0,41.0,9.0,24.0,29.0,65.0,6.0,13.0,10.0,22.0,32.0,18.0,19.0,8.0,5.0,1.0,19.0,19.0,74.0,-95.0
2484120,15,981131,CB VALLS TALLERS PABLO MARTÍNEZ,HOME,84.9,86.2,91.9,77.7,14.2,55.8,54.3,22.3,14.7,60.0,42.7,1.0,46.6,200,12000.0,78.0,12.0,27.0,13.0,31.0,25.0,58.0,15.0,27.0,5.0,33.0,38.0,20.0,20.0,10.0,5.0,2.0,21.0,22.0,87.0,50.0
2484120,15,981219,IMMO SA MARINA CIUTAT D’INCA BASQUET,AWAY,87.6,86.2,77.7,91.9,-14.2,35.2,33.7,11.9,40.0,85.3,57.3,0.8,27.9,200,12000.0,68.0,20.0,54.0,6.0,32.0,26.0,86.0,10.0,24.0,22.0,29.0,51.0,10.0,13.0,10.0,2.0,5.0,22.0,20.0,52.0,-50.0
2484121,15,981218,FLANIGAN CALVIÀ,AWAY,81.5,82.0,94.5,116.3,-21.8,54.6,54.0,17.5,12.1,56.8,37.7,0.9,27.0,200,12000.0,77.0,19.0,40.0,10.0,23.0,29.0,63.0,9.0,17.0,4.0,25.0,29.0,13.0,15.0,8.0,7.0,7.0,14.0,19.0,82.0,-95.0
2484121,15,979290,PUJOL MOLLERUSSA,HOME,82.5,82.0,116.3,94.5,21.8,53.6,52.9,11.8,43.2,87.9,62.3,2.1,9.3,200,12000.0,96.0,26.0,47.0,13.0,39.0,39.0,86.0,5.0,8.0,19.0,29.0,48.0,25.0,12.0,10.0,7.0,7.0,19.0,14.0,119.0,95.0
2487129,15,981143,DE MORRO FINO CANTBASKET04,AWAY,81.8,80.9,106.4,111.0,-4.6,61.5,53.4,23.7,44.0,68.9,60.0,0.4,50.0,200,12000.0,87.0,22.0,37.0,6.0,21.0,28.0,58.0,25.0,29.0,11.0,31.0,42.0,9.0,22.0,4.0,2.0,1.0,19.0,19.0,88.0,-10.0
2487129,15,979921,IRUKI TAKE,HOME,80.2,81.0,111.0,106.4,4.6,51.6,50.0,8.5,31.1,56.0,40.0,2.5,17.5,200,12000.0,89.0,19.0,38.0,14.0,42.0,33.0,80.0,9.0,14.0,14.0,14.0,28.0,20.0,8.0,11.0,1.0,2.0,19.0,19.0,89.0,10.0
2487130,15,981423,BLENDIO,HOME,89.2,88.1,83.0,98.9,-15.9,47.9,40.6,19.8,17.9,73.3,47.6,0.7,46.9,200,12000.0,74.0,11.0,28.0,10.0,36.0,21.0,64.0,22.0,30.0,7.0,33.0,40.0,13.0,19.0,7.0,0.0,2.0,21.0,23.0,66.0,-60.0
2487130,15,979908,RESTAURANTE LOS ARCOS CB SOLARES,AWAY,87.0,88.1,98.9,83.0,15.9,48.9,47.4,11.1,26.7,82.1,52.4,2.2,32.5,200,12000.0,86.0,20.0,40.0,11.0,37.0,31.0,77.0,13.0,25.0,12.0,32.0,44.0,24.0,11.0,13.0,2.0,0.0,23.0,21.0,98.0,60.0
2487131,15,981440,RECOLETAS SALUD CARBAJOSA,AWAY,82.2,81.4,85.1,111.8,-26.7,49.8,45.1,26.2,35.1,72.5,54.5,0.2,34.4,200,12000.0,70.0,20.0,40.0,5.0,21.0,25.0,61.0,15.0,21.0,13.0,29.0,42.0,6.0,25.0,8.0,1.0,3.0,22.0,23.0,61.0,-100.0
2487131,15,981224,TEKNEI BIZKAIA ZORNOTZA,HOME,80.5,81.4,111.8,85.1,26.7,56.6,53.5,13.1,27.5,64.9,45.5,2.3,23.6,200,12000.0,90.0,19.0,45.0,13.0,27.0,32.0,72.0,13.0,17.0,11.0,24.0,35.0,28.0,12.0,11.0,3.0,1.0,23.0,22.0,110.0,100.0
2487132,15,979288,BASKONIA,HOME,87.0,86.1,93.1,84.5,8.6,50.7,44.6,21.6,40.5,75.7,58.1,0.3,52.3,200,12000.0,81.0,20.0,38.0,6.0,27.0,26.0,65.0,23.0,34.0,15.0,28.0,43.0,7.0,22.0,14.0,1.0,4.0,21.0,24.0,77.0,45.0
2487132,15,981230,ULACIA ZKE,AWAY,85.2,86.1,84.5,93.1,-8.6,51.3,47.5,25.5,24.3,59.5,41.9,0.7,34.4,200,12000.0,72.0,17.0,36.0,8.0,25.0,25.0,61.0,14.0,21.0,9.0,22.0,31.0,17.0,24.0,13.0,4.0,1.0,28.0,20.0,62.0,-45.0
2487133,15,982050,GRUPO INMAPA FILIPENSES,HOME,90.0,88.0,106.6,104.8,1.8,58.5,50.0,21.1,40.0,71.9,55.2,0.5,64.1,200,12000.0,96.0,20.0,39.0,8.0,25.0,28.0,64.0,32.0,41.0,14.0,23.0,37.0,10.0,22.0,6.0,0.0,1.0,26.0,27.0,83.0,30.0
2487133,15,979777,UNIVERSIDAD DEUSTO LOIOLA INDAUTXU,AWAY,85.9,88.0,104.8,106.6,-1.8,57.8,56.1,17.9,28.1,60.0,44.8,0.7,40.9,200,12000.0,90.0,19.0,34.0,12.0,32.0,31.0,66.0,16.0,27.0,9.0,21.0,30.0,12.0,17.0,10.0,1.0,0.0,30.0,26.0,76.0,-30.0
2487134,15,983015,CONSTRUCCIONES GONZALO CRESPO PAS PIÉLAGOS,HOME,76.5,75.5,112.4,110.0,2.4,59.3,56.2,16.2,33.3,80.0,58.5,1.2,26.2,200,12000.0,86.0,20.0,37.0,11.0,28.0,31.0,65.0,13.0,17.0,10.0,28.0,38.0,17.0,14.0,7.0,3.0,2.0,19.0,17.0,97.0,20.0
2487134,15,979970,MEGACALZADO ARDOI,AWAY,74.6,75.5,110.0,112.4,-2.4,57.3,54.9,12.3,20.0,66.7,41.5,2.1,39.3,200,12000.0,82.0,23.0,39.0,7.0,22.0,30.0,61.0,15.0,24.0,7.0,20.0,27.0,21.0,10.0,10.0,2.0,3.0,17.0,19.0,94.0,-20.0
2487135,15,982049,CAJA RURAL DE ZAMORA CBCV BOECILLO,HOME,81.4,79.6,98.2,129.8,-31.6,43.7,38.8,11.6,44.0,50.0,46.5,0.9,32.5,200,12000.0,80.0,22.0,50.0,6.0,30.0,28.0,80.0,18.0,26.0,22.0,18.0,40.0,11.0,12.0,6.0,0.0,1.0,19.0,23.0,69.0,-105.0
2487135,15,981221,HOTEL 4POSTES - ÁVILA AUTÉNTICA - EL BULEVAR,AWAY,77.8,79.6,129.8,98.2,31.6,64.1,61.4,17.7,50.0,56.0,53.5,1.1,28.6,200,12000.0,101.0,19.0,34.0,16.0,36.0,35.0,70.0,15.0,20.0,18.0,28.0,46.0,19.0,17.0,10.0,1.0,0.0,23.0,18.0,115.0,105.0
2484122,16,982146,CB BOET MATARÓ,AWAY,80.9,80.3,82.8,100.4,-17.6,44.7,37.3,16.7,20.5,44.4,32.6,1.0,42.9,200,12000.0,67.0,13.0,38.0,7.0,25.0,20.0,63.0,20.0,27.0,9.0,20.0,29.0,15.0,15.0,9.0,2.0,3.0,23.0,19.0,53.0,-65.0
2484122,16,979290,PUJOL MOLLERUSSA,HOME,79.7,80.3,100.4,82.8,17.6,45.6,43.6,16.2,55.6,79.5,67.4,1.1,28.2,200,12000.0,80.0,22.0,47.0,8.0,31.0,30.0,78.0,12.0,22.0,25.0,35.0,60.0,19.0,17.0,11.0,3.0,2.0,19.0,23.0,102.0,65.0
2484123,16,981131,CB VALLS TALLERS PABLO MARTÍNEZ,AWAY,80.8,73.3,108.9,100.9,8.0,56.6,54.3,15.3,28.2,72.2,49.3,1.3,29.0,225,13500.0,88.0,24.0,37.0,9.0,32.0,33.0,69.0,13.0,20.0,11.0,26.0,37.0,18.0,14.0,4.0,5.0,4.0,26.0,22.0,91.0,15.0
2484123,16,981218,FLANIGAN CALVIÀ,HOME,84.3,73.4,100.9,108.9,-8.0,51.0,46.3,11.7,27.8,71.8,50.7,2.0,55.2,225,13500.0,85.0,22.0,44.0,6.0,23.0,28.0,67.0,23.0,37.0,10.0,28.0,38.0,22.0,11.0,6.0,4.0,5.0,22.0,26.0,95.0,-15.0
2484124,16,981219,IMMO SA MARINA CIUTAT D’INCA BASQUET,HOME,89.5,88.3,78.2,70.1,8.1,38.7,32.9,15.0,35.4,69.6,52.1,0.4,43.4,200,12000.0,70.0,16.0,45.0,6.0,31.0,22.0,76.0,20.0,33.0,17.0,32.0,49.0,7.0,16.0,12.0,1.0,1.0,23.0,25.0,58.0,45.0
2484124,16,979776,MONBUS - CB IGUALADA,AWAY,87.0,88.3,70.1,78.2,-8.1,38.6,33.8,21.8,30.4,64.6,47.9,0.8,36.8,200,11998.0,61.0,17.0,43.0,4.0,25.0,21.0,68.0,15.0,25.0,14.0,31.0,45.0,18.0,22.0,8.0,1.0,1.0,27.0,23.0,50.0,-47.0
2484125,16,979311,LETRA CORPOREA BARBASTRO,AWAY,83.8,83.6,96.7,109.2,-12.5,56.4,48.3,25.8,40.6,65.9,55.3,0.6,49.2,200,12000.0,81.0,24.0,42.0,3.0,17.0,27.0,59.0,24.0,29.0,13.0,29.0,42.0,16.0,25.0,11.0,1.0,3.0,21.0,24.0,92.0,-50.0
2484125,16,981133,UE SANT CUGAT - OCCIDENT,HOME,83.4,83.6,109.2,96.7,12.5,53.3,50.0,13.2,34.1,59.4,44.7,0.9,24.7,200,12000.0,91.0,19.0,36.0,13.0,41.0,32.0,77.0,14.0,19.0,15.0,19.0,34.0,12.0,13.0,14.0,3.0,1.0,25.0,21.0,87.0,50.0
2484126,16,981130,ALFINDÉN CB,HOME,77.0,76.4,85.7,93.4,-7.7,49.2,47.5,20.2,24.1,66.7,50.0,0.7,26.7,200,12000.0,66.0,21.0,38.0,5.0,22.0,26.0,60.0,9.0,16.0,7.0,30.0,37.0,12.0,17.0,6.0,2.0,0.0,25.0,14.0,54.0,-25.0
2484126,16,979865,TIBU-RON CASTELLDEFELS,AWAY,76.0,76.5,93.4,85.7,7.7,43.8,39.3,11.0,33.3,75.9,50.0,1.5,35.7,200,12000.0,71.0,20.0,45.0,5.0,25.0,25.0,70.0,16.0,25.0,15.0,22.0,37.0,15.0,10.0,7.0,0.0,2.0,16.0,24.0,74.0,25.0
2484127,16,981166,C.B.ROSER,HOME,76.4,76.4,91.7,100.7,-9.0,46.4,43.3,10.7,22.9,72.2,47.9,1.8,28.4,200,12000.0,70.0,20.0,44.0,6.0,23.0,26.0,67.0,12.0,19.0,8.0,26.0,34.0,16.0,9.0,6.0,2.0,4.0,25.0,17.0,63.0,-35.0
2484127,16,980002,SANDÁ C.B. L´HOSPITALET,AWAY,76.4,76.4,100.7,91.7,9.0,51.7,48.4,13.9,27.8,77.1,52.1,1.7,41.3,200,12000.0,77.0,23.0,38.0,5.0,25.0,28.0,63.0,16.0,26.0,10.0,27.0,37.0,20.0,12.0,5.0,4.0,2.0,17.0,24.0,93.0,35.0
2484128,16,981354,IBERSOL CB TARRAGONA,HOME,77.2,77.2,108.9,86.7,22.2,59.9,55.5,20.4,34.4,74.4,57.3,1.6,21.9,200,12000.0,84.0,25.0,39.0,7.0,25.0,32.0,64.0,13.0,14.0,11.0,32.0,43.0,29.0,18.0,8.0,5.0,0.0,15.0,17.0,120.0,85.0
2484128,16,981301,SA REAL INSTALACIONES AREVALO IBIZA,AWAY,77.3,77.2,86.7,108.9,-22.2,44.5,43.6,14.7,25.6,65.6,42.7,1.4,17.1,200,12000.0,67.0,17.0,38.0,9.0,32.0,26.0,70.0,6.0,12.0,11.0,21.0,32.0,18.0,13.0,9.0,0.0,5.0,17.0,15.0,61.0,-85.0
2487136,16,982049,CAJA RURAL DE ZAMORA CBCV BOECILLO,HOME,66.0,67.8,103.0,110.8,-7.8,49.2,47.6,13.7,37.8,55.9,46.5,0.8,25.8,200,12000.0,68.0,16.0,37.0,9.0,25.0,25.0,62.0,9.0,16.0,14.0,19.0,33.0,9.0,11.0,4.0,0.0,0.0,17.0,19.0,61.0,-45.0
2487136,16,979921,IRUKI TAKE,AWAY,69.5,67.8,110.8,103.0,7.8,53.1,50.0,14.2,44.1,62.2,53.5,1.0,26.2,200,12000.0,77.0,22.0,39.0,7.0,26.0,29.0,65.0,12.0,17.0,15.0,23.0,38.0,12.0,12.0,8.0,0.0,0.0,19.0,17.0,80.0,45.0
2487137,16,983015,CONSTRUCCIONES GONZALO CRESPO PAS PIÉLAGOS,AWAY,83.0,81.7,90.3,99.7,-9.4,52.1,38.9,25.0,38.2,64.9,52.1,0.6,75.9,200,12000.0,75.0,15.0,30.0,4.0,24.0,19.0,54.0,33.0,41.0,13.0,24.0,37.0,14.0,24.0,7.0,1.0,2.0,18.0,27.0,76.0,-25.0
2487137,16,981221,HOTEL 4POSTES - ÁVILA AUTÉNTICA - EL BULEVAR,HOME,80.2,81.7,99.7,90.3,9.4,53.9,52.3,20.4,35.1,61.8,47.9,0.9,32.3,200,12000.0,80.0,22.0,40.0,8.0,25.0,30.0,65.0,12.0,21.0,13.0,21.0,34.0,18.0,19.0,14.0,2.0,1.0,28.0,18.0,75.0,25.0
2487138,16,982050,GRUPO INMAPA FILIPENSES,AWAY,80.8,81.4,94.1,113.6,-19.5,51.5,45.4,16.9,22.2,77.1,49.3,0.8,30.8,200,12000.0,76.0,22.0,42.0,5.0,23.0,27.0,65.0,17.0,20.0,8.0,27.0,35.0,12.0,15.0,5.0,0.0,0.0,14.0,17.0,75.0,-85.0
2487138,16,979970,MEGACALZADO ARDOI,HOME,81.8,81.3,113.6,94.1,19.5,59.7,58.2,13.4,22.9,77.8,50.7,1.9,15.1,200,12000.0,93.0,26.0,43.0,11.0,30.0,37.0,73.0,8.0,11.0,8.0,28.0,36.0,23.0,12.0,9.0,0.0,0.0,17.0,14.0,107.0,85.0
2487139,16,979288,BASKONIA,AWAY,76.1,76.7,97.2,91.9,5.3,53.5,49.2,19.7,30.3,69.0,52.0,0.6,39.0,200,12000.0,74.0,17.0,42.0,8.0,17.0,25.0,59.0,16.0,23.0,10.0,29.0,39.0,11.0,17.0,8.0,0.0,2.0,19.0,20.0,75.0,15.0
2487139,16,979777,UNIVERSIDAD DEUSTO LOIOLA INDAUTXU,HOME,77.2,76.7,91.9,97.2,-5.3,47.8,47.7,17.7,31.0,69.7,48.0,0.9,32.3,200,12000.0,71.0,22.0,39.0,6.0,26.0,28.0,65.0,9.0,21.0,13.0,23.0,36.0,15.0,16.0,10.0,2.0,0.0,20.0,19.0,68.0,-15.0
2487140,16,981224,TEKNEI BIZKAIA ZORNOTZA,AWAY,80.4,80.5,109.5,78.3,31.2,58.4,58.2,14.7,22.9,67.6,45.8,1.8,28.4,200,12000.0,88.0,24.0,43.0,10.0,24.0,34.0,67.0,10.0,19.0,8.0,25.0,33.0,24.0,13.0,14.0,3.0,3.0,20.0,16.0,103.0,125.0
2487140,16,981230,ULACIA ZKE,HOME,80.5,80.4,78.3,109.5,-31.2,45.3,41.9,24.9,32.4,77.1,54.2,0.6,27.4,200,12000.0,63.0,23.0,40.0,2.0,22.0,25.0,62.0,11.0,17.0,12.0,27.0,39.0,14.0,23.0,7.0,3.0,3.0,16.0,20.0,64.0,-125.0
2487141,16,981423,BLENDIO,AWAY,77.8,79.3,91.3,100.4,-9.1,48.1,42.3,18.7,36.1,61.5,49.3,0.6,30.8,200,12000.0,71.0,17.0,34.0,7.0,31.0,24.0,65.0,16.0,20.0,13.0,24.0,37.0,10.0,17.0,9.0,1.0,4.0,21.0,18.0,63.0,-50.0
2487141,16,981440,RECOLETAS SALUD CARBAJOSA,HOME,80.7,79.2,100.4,91.3,9.1,50.2,45.8,15.7,38.5,63.9,50.7,1.1,31.0,200,12000.0,81.0,25.0,41.0,5.0,30.0,30.0,71.0,16.0,22.0,15.0,23.0,38.0,16.0,15.0,7.0,4.0,1.0,18.0,21.0,87.0,50.0
2487142,16,981143,DE MORRO FINO CANTBASKET04,AWAY,89.1,87.8,66.2,89.0,-22.8,38.8,34.1,24.0,23.9,78.6,50.0,0.4,34.8,200,12000.0,59.0,9.0,35.0,9.0,31.0,18.0,66.0,14.0,23.0,11.0,33.0,44.0,9.0,24.0,6.0,4.0,5.0,21.0,25.0,45.0,-90.0
2487142,16,979908,RESTAURANTE LOS ARCOS CB SOLARES,HOME,86.5,87.8,89.0,66.2,22.8,46.1,45.4,12.6,21.4,76.1,50.0,2.0,22.4,200,12000.0,77.0,24.0,46.0,7.0,30.0,31.0,76.0,8.0,17.0,9.0,35.0,44.0,24.0,12.0,16.0,5.0,4.0,25.0,21.0,96.0,90.0
2484129,17,982146,CB BOET MATARÓ,HOME,76.0,76.9,106.5,116.9,-10.4,60.4,56.7,18.3,18.8,47.9,36.2,0.9,26.7,200,12000.0,81.0,16.0,34.0,12.0,26.0,28.0,60.0,13.0,16.0,6.0,23.0,29.0,13.0,15.0,7.0,1.0,0.0,28.0,15.0,68.0,-50.0
2484129,17,981354,IBERSOL CB TARRAGONA,AWAY,77.8,76.9,116.9,106.5,10.4,50.6,46.6,12.6,52.1,81.2,63.8,2.0,48.6,200,12000.0,91.0,24.0,49.0,7.0,25.0,31.0,74.0,22.0,36.0,25.0,26.0,51.0,26.0,13.0,9.0,0.0,1.0,18.0,26.0,115.0,50.0
2484130,17,981166,C.B.ROSER,AWAY,77.4,78.2,87.9,102.4,-14.5,45.1,41.8,15.7,27.9,74.3,48.7,0.7,28.4,200,12000.0,68.0,22.0,45.0,4.0,22.0,26.0,67.0,12.0,19.0,12.0,26.0,38.0,10.0,14.0,6.0,2.0,1.0,18.0,20.0,64.0,-65.0
2484130,17,981301,SA REAL INSTALACIONES AREVALO IBIZA,HOME,79.1,78.2,102.4,87.9,14.5,51.8,48.5,11.3,25.7,72.1,51.3,1.8,33.8,200,12000.0,81.0,24.0,49.0,6.0,19.0,30.0,68.0,15.0,23.0,9.0,31.0,40.0,18.0,10.0,11.0,1.0,2.0,20.0,18.0,93.0,65.0
2484131,17,981130,ALFINDÉN CB,AWAY,69.4,69.5,89.4,105.1,-15.7,45.3,42.5,18.0,35.9,65.6,49.3,0.8,31.7,200,12000.0,62.0,18.0,44.0,5.0,16.0,23.0,60.0,11.0,19.0,14.0,21.0,35.0,12.0,15.0,4.0,1.0,0.0,16.0,22.0,60.0,-55.0
2484131,17,980002,SANDÁ C.B. L´HOSPITALET,HOME,69.5,69.4,105.1,89.4,15.7,53.3,50.0,14.9,34.4,64.1,50.7,1.3,27.9,200,12000.0,73.0,23.0,44.0,5.0,17.0,28.0,61.0,12.0,17.0,11.0,25.0,36.0,16.0,12.0,5.0,0.0,1.0,22.0,16.0,74.0,55.0
2484132,17,979865,TIBU-RON CASTELLDEFELS,HOME,89.3,88.6,108.6,113.5,-4.9,57.5,49.3,13.4,24.2,70.4,45.0,1.4,54.4,200,12000.0,97.0,20.0,48.0,9.0,20.0,29.0,68.0,30.0,37.0,8.0,19.0,27.0,18.0,13.0,11.0,2.0,7.0,26.0,31.0,101.0,-15.0
2484132,17,981133,UE SANT CUGAT - OCCIDENT,AWAY,88.1,88.7,113.5,108.6,4.9,62.4,60.6,16.7,29.6,75.8,55.0,1.1,48.5,200,12000.0,100.0,25.0,41.0,10.0,25.0,35.0,66.0,20.0,32.0,8.0,25.0,33.0,17.0,16.0,6.0,7.0,2.0,31.0,23.0,96.0,15.0
2484133,17,981219,IMMO SA MARINA CIUTAT D’INCA BASQUET,AWAY,76.9,74.3,92.3,101.8,-9.5,43.3,41.2,13.7,40.9,71.0,53.3,1.1,24.3,200,12000.0,71.0,17.0,41.0,9.0,33.0,26.0,74.0,10.0,18.0,18.0,22.0,40.0,14.0,13.0,11.0,0.0,9.0,22.0,17.0,62.0,-10.0
2484133,17,979311,LETRA CORPOREA BARBASTRO,HOME,71.7,74.3,101.8,92.3,9.5,55.6,51.8,18.6,29.0,59.1,46.7,1.1,39.3,200,12000.0,73.0,11.0,33.0,12.0,23.0,23.0,56.0,15.0,22.0,9.0,26.0,35.0,17.0,15.0,7.0,9.0,0.0,17.0,22.0,91.0,10.0
2484134,17,981218,FLANIGAN CALVIÀ,AWAY,75.1,76.6,90.5,111.5,-21.0,49.2,44.1,17.8,26.5,60.0,43.5,0.9,39.0,200,12000.0,68.0,20.0,38.0,4.0,21.0,24.0,59.0,16.0,23.0,9.0,21.0,30.0,14.0,15.0,13.0,1.0,0.0,18.0,20.0,71.0,-95.0
2484134,17,979776,MONBUS - CB IGUALADA,HOME,78.0,76.7,111.5,90.5,21.0,58.8,56.0,19.6,40.0,73.5,56.5,0.9,23.9,200,12000.0,87.0,18.0,39.0,13.0,28.0,31.0,67.0,12.0,16.0,14.0,25.0,39.0,17.0,18.0,9.0,0.0,1.0,20.0,18.0,92.0,95.0
2484135,17,981131,CB VALLS TALLERS PABLO MARTÍNEZ,HOME,79.7,80.4,92.9,117.2,-24.3,46.4,44.3,11.2,24.4,76.9,44.8,1.2,31.4,200,12000.0,74.0,19.0,44.0,8.0,26.0,27.0,70.0,12.0,22.0,10.0,20.0,30.0,12.0,10.0,6.0,1.0,1.0,17.0,22.0,65.0,-105.0
2484135,17,979290,PUJOL MOLLERUSSA,AWAY,81.0,80.4,117.2,92.9,24.3,66.9,64.8,18.4,23.1,75.6,55.2,1.1,25.0,200,12000.0,95.0,19.0,30.0,15.0,34.0,34.0,64.0,12.0,16.0,6.0,31.0,37.0,18.0,16.0,6.0,1.0,1.0,23.0,15.0,99.0,105.0
2487143,17,979921,IRUKI TAKE,HOME,80.0,78.8,76.3,109.4,-33.1,41.8,39.1,20.7,29.3,80.0,52.6,0.5,13.0,200,12000.0,61.0,15.0,31.0,8.0,38.0,23.0,69.0,7.0,9.0,12.0,28.0,40.0,9.0,19.0,10.0,1.0,0.0,18.0,14.0,50.0,-120.0
2487143,17,979908,RESTAURANTE LOS ARCOS CB SOLARES,AWAY,77.7,78.9,109.4,76.3,33.1,59.3,57.6,15.3,20.0,70.7,47.4,1.8,19.7,200,12000.0,85.0,17.0,37.0,14.0,29.0,31.0,66.0,9.0,13.0,7.0,29.0,36.0,23.0,13.0,14.0,0.0,1.0,14.0,18.0,110.0,120.0
2487144,17,981143,DE MORRO FINO CANTBASKET04,HOME,79.7,80.5,114.2,104.5,9.7,55.0,54.1,11.7,35.0,75.0,53.9,1.5,30.1,200,12000.0,91.0,26.0,49.0,9.0,24.0,35.0,73.0,12.0,22.0,14.0,27.0,41.0,17.0,11.0,4.0,4.0,4.0,17.0,19.0,100.0,30.0
2487144,17,981440,RECOLETAS SALUD CARBAJOSA,AWAY,81.4,80.5,104.5,114.2,-9.7,50.4,48.0,6.6,25.0,65.0,46.1,2.3,25.0,200,12000.0,85.0,26.0,49.0,7.0,27.0,33.0,76.0,12.0,19.0,9.0,26.0,35.0,14.0,6.0,5.0,4.0,4.0,19.0,17.0,85.0,-30.0
2487145,17,981423,BLENDIO,HOME,81.4,83.2,92.1,80.1,12.0,46.6,41.3,12.0,23.8,73.7,47.5,0.9,37.7,200,12000.0,75.0,21.0,42.0,5.0,27.0,26.0,69.0,18.0,26.0,10.0,28.0,38.0,10.0,11.0,10.0,3.0,1.0,22.0,23.0,75.0,35.0
2487145,17,981230,ULACIA ZKE,AWAY,84.9,83.2,80.1,92.1,-12.0,44.8,41.2,20.0,26.3,76.2,52.5,0.7,26.5,200,12000.0,68.0,16.0,36.0,8.0,32.0,24.0,68.0,12.0,18.0,10.0,32.0,42.0,14.0,19.0,6.0,1.0,3.0,23.0,22.0,61.0,-35.0
2487146,17,981224,TEKNEI BIZKAIA ZORNOTZA,HOME,81.2,82.8,89.9,72.3,17.6,52.0,48.2,18.6,12.8,87.8,51.2,0.8,52.6,200,12000.0,73.0,17.0,29.0,7.0,28.0,24.0,57.0,18.0,30.0,5.0,36.0,41.0,13.0,16.0,14.0,3.0,2.0,17.0,22.0,88.0,60.0
2487146,17,979777,UNIVERSIDAD DEUSTO LOIOLA INDAUTXU,AWAY,84.4,82.8,72.3,89.9,-17.6,45.3,45.2,24.6,12.2,87.2,48.8,0.5,15.9,200,12000.0,61.0,12.0,32.0,11.0,31.0,23.0,63.0,4.0,10.0,5.0,34.0,39.0,12.0,22.0,10.0,2.0,3.0,24.0,17.0,49.0,-60.0
2487147,17,979288,BASKONIA,HOME,81.2,80.2,120.6,93.5,27.1,66.9,64.1,17.9,32.0,87.2,65.6,0.9,32.8,200,12000.0,98.0,29.0,47.0,8.0,17.0,37.0,64.0,16.0,21.0,8.0,34.0,42.0,14.0,16.0,6.0,4.0,0.0,23.0,23.0,116.0,120.0
2487147,17,979970,MEGACALZADO ARDOI,AWAY,79.1,80.2,93.5,120.6,-27.1,48.0,40.3,8.3,12.8,68.0,34.4,1.3,34.3,200,12000.0,74.0,21.0,38.0,4.0,29.0,25.0,67.0,20.0,23.0,5.0,17.0,22.0,9.0,7.0,9.0,0.0,4.0,23.0,23.0,62.0,-120.0
2487148,17,982050,GRUPO INMAPA FILIPENSES,HOME,84.4,83.5,91.2,107.6,-16.4,48.5,44.1,14.1,21.1,79.4,48.6,0.8,38.2,200,12000.0,77.0,24.0,48.0,4.0,20.0,28.0,68.0,17.0,26.0,8.0,27.0,35.0,11.0,13.0,4.0,1.0,1.0,29.0,23.0,60.0,-60.0
2487148,17,981221,HOTEL 4POSTES - ÁVILA AUTÉNTICA - EL BULEVAR,AWAY,82.7,83.6,107.6,91.2,16.4,57.3,52.5,13.4,20.6,78.9,51.4,1.2,62.3,200,12000.0,89.0,20.0,39.0,8.0,22.0,28.0,61.0,25.0,38.0,7.0,30.0,37.0,15.0,12.0,11.0,1.0,1.0,24.0,28.0,99.0,60.0
2487149,17,982049,CAJA RURAL DE ZAMORA CBCV BOECILLO,AWAY,81.8,82.5,95.4,111.8,-16.4,48.3,44.4,12.0,23.3,72.4,43.1,1.5,27.8,200,12000.0,78.0,26.0,50.0,4.0,22.0,30.0,72.0,14.0,20.0,10.0,21.0,31.0,16.0,11.0,11.0,1.0,1.0,19.0,16.0,75.0,-75.0
2487149,17,983015,CONSTRUCCIONES GONZALO CRESPO PAS PIÉLAGOS,HOME,83.2,82.5,111.8,95.4,16.4,61.1,59.3,16.5,27.6,76.7,56.9,1.3,20.0,200,12000.0,93.0,28.0,46.0,9.0,24.0,37.0,70.0,10.0,14.0,8.0,33.0,41.0,20.0,15.0,7.0,1.0,1.0,17.0,19.0,112.0,75.0
2484136,18,982146,CB BOET MATARÓ,AWAY,84.4,84.1,73.5,113.3,-39.8,40.6,39.6,15.5,13.6,61.1,35.0,1.4,13.9,200,12000.0,62.0,24.0,53.0,3.0,19.0,27.0,72.0,5.0,10.0,6.0,22.0,28.0,19.0,14.0,10.0,4.0,4.0,22.0,17.0,54.0,-165.0
2484136,18,981131,CB VALLS TALLERS PABLO MARTÍNEZ,HOME,83.9,84.1,113.3,73.5,39.8,59.5,58.8,18.4,38.9,86.4,65.0,1.3,39.7,200,12000.0,95.0,25.0,41.0,10.0,27.0,35.0,68.0,15.0,27.0,14.0,38.0,52.0,23.0,18.0,8.0,4.0,4.0,17.0,21.0,123.0,165.0
2484137,18,979776,MONBUS - CB IGUALADA,AWAY,80.0,78.8,78.7,121.1,-42.4,38.4,35.3,13.7,31.9,66.7,46.2,0.8,21.3,200,12000.0,63.0,19.0,50.0,5.0,25.0,24.0,75.0,10.0,16.0,15.0,22.0,37.0,11.0,13.0,11.0,0.0,4.0,15.0,20.0,57.0,-155.0
2484137,18,979290,PUJOL MOLLERUSSA,HOME,77.6,78.9,121.1,78.7,42.4,64.7,62.1,18.1,33.3,68.1,53.8,1.3,22.7,200,12000.0,94.0,20.0,34.0,14.0,32.0,34.0,66.0,12.0,15.0,11.0,32.0,43.0,21.0,16.0,9.0,4.0,0.0,20.0,15.0,115.0,155.0
2484138,18,981218,FLANIGAN CALVIÀ,HOME,78.2,81.2,113.8,117.6,-3.8,59.1,55.3,15.7,33.3,80.0,53.4,0.9,31.8,200,12000.0,89.0,26.0,42.0,7.0,24.0,33.0,66.0,16.0,21.0,11.0,20.0,31.0,13.0,14.0,12.0,0.0,0.0,17.0,20.0,96.0,-50.0
2484138,18,979311,LETRA CORPOREA BARBASTRO,AWAY,84.2,81.3,117.6,113.8,3.8,70.6,68.0,21.3,20.0,66.7,46.6,1.2,21.9,200,12000.0,99.0,21.0,32.0,15.0,32.0,36.0,64.0,12.0,14.0,5.0,22.0,27.0,23.0,19.0,9.0,0.0,0.0,21.0,15.0,103.0,50.0
2484139,18,981219,IMMO SA MARINA CIUTAT D’INCA BASQUET,HOME,86.6,84.6,105.1,86.0,19.1,52.6,49.3,14.8,36.6,67.4,52.4,1.1,31.6,200,12000.0,91.0,24.0,49.0,9.0,27.0,33.0,76.0,16.0,24.0,15.0,29.0,44.0,17.0,15.0,14.0,1.0,2.0,22.0,18.0,97.0,100.0
2484139,18,979865,TIBU-RON CASTELLDEFELS,AWAY,82.6,84.6,86.0,105.1,-19.1,46.4,43.9,20.7,32.6,63.4,47.6,0.6,36.4,200,12000.0,71.0,20.0,46.0,6.0,20.0,26.0,66.0,13.0,24.0,14.0,26.0,40.0,12.0,20.0,9.0,2.0,1.0,18.0,21.0,66.0,-100.0
2484140,18,980002,SANDÁ C.B. L´HOSPITALET,AWAY,80.5,83.7,118.0,89.9,28.1,62.9,56.6,14.7,25.0,70.3,49.3,1.3,54.1,200,12000.0,95.0,18.0,38.0,11.0,23.0,29.0,61.0,26.0,33.0,8.0,26.0,34.0,17.0,13.0,8.0,2.0,2.0,22.0,24.0,106.0,85.0
2484140,18,981133,UE SANT CUGAT - OCCIDENT,HOME,86.8,83.6,89.9,118.0,-28.1,47.1,41.2,15.3,29.7,75.0,50.7,1.3,27.0,200,12000.0,78.0,14.0,37.0,11.0,37.0,25.0,74.0,17.0,20.0,11.0,24.0,35.0,19.0,15.0,5.0,2.0,2.0,24.0,21.0,69.0,-85.0
2484141,18,981130,ALFINDÉN CB,HOME,75.4,74.1,90.2,111.1,-20.9,52.0,48.2,24.3,36.7,67.6,53.1,1.0,33.3,200,12000.0,68.0,20.0,39.0,5.0,18.0,25.0,57.0,13.0,19.0,11.0,23.0,34.0,20.0,21.0,4.0,4.0,2.0,20.0,23.0,74.0,-65.0
2484141,18,981301,SA REAL INSTALACIONES AREVALO IBIZA,AWAY,72.9,74.1,111.1,90.2,20.9,57.9,55.6,16.7,32.4,63.3,46.9,1.1,29.0,200,12000.0,81.0,18.0,36.0,11.0,26.0,29.0,62.0,12.0,18.0,11.0,19.0,30.0,15.0,14.0,12.0,2.0,4.0,23.0,20.0,84.0,65.0
2484142,18,981166,C.B.ROSER,HOME,79.7,80.6,69.0,108.1,-39.1,37.3,35.3,17.8,23.3,76.0,42.6,0.6,19.1,200,12000.0,55.0,21.0,43.0,2.0,25.0,23.0,68.0,7.0,13.0,10.0,19.0,29.0,9.0,16.0,8.0,1.0,3.0,20.0,21.0,36.0,-165.0
2484142,18,981354,IBERSOL CB TARRAGONA,AWAY,81.4,80.6,108.1,69.0,39.1,62.5,58.5,19.4,24.0,76.7,57.4,1.2,44.1,200,12000.0,88.0,21.0,35.0,9.0,24.0,30.0,59.0,19.0,26.0,6.0,33.0,39.0,21.0,17.0,16.0,3.0,1.0,21.0,20.0,113.0,165.0
2487150,18,983015,CONSTRUCCIONES GONZALO CRESPO PAS PIÉLAGOS,HOME,75.9,76.3,89.6,83.4,6.2,48.6,45.2,13.6,13.2,61.1,36.5,1.1,29.0,200,12000.0,68.0,19.0,38.0,6.0,24.0,25.0,62.0,12.0,18.0,5.0,22.0,27.0,12.0,11.0,10.0,1.0,1.0,17.0,19.0,66.0,20.0
2487150,18,979921,IRUKI TAKE,AWAY,76.7,76.4,83.4,89.6,-6.2,46.6,43.7,24.3,38.9,86.8,63.5,0.6,20.6,200,12000.0,64.0,11.0,28.0,11.0,35.0,22.0,63.0,9.0,13.0,14.0,33.0,47.0,13.0,22.0,4.0,1.0,1.0,19.0,16.0,59.0,-20.0
2487151,18,982049,CAJA RURAL DE ZAMORA CBCV BOECILLO,HOME,82.7,81.4,91.9,101.3,-9.4,44.4,39.5,13.2,36.4,58.8,46.2,0.8,28.9,200,12000.0,76.0,21.0,55.0,6.0,21.0,27.0,76.0,16.0,22.0,16.0,20.0,36.0,11.0,13.0,13.0,2.0,0.0,30.0,22.0,62.0,-25.0
2487151,18,982050,GRUPO INMAPA FILIPENSES,AWAY,80.0,81.3,101.3,91.9,9.4,52.6,45.2,18.1,41.2,63.6,53.8,0.8,54.8,200,12000.0,81.0,19.0,41.0,6.0,21.0,25.0,62.0,25.0,34.0,14.0,28.0,42.0,13.0,17.0,3.0,0.0,2.0,23.0,29.0,82.0,25.0
2487152,18,979288,BASKONIA,AWAY,84.8,83.0,101.4,98.5,2.9,56.0,50.0,21.5,38.2,61.9,51.3,0.6,59.0,200,12000.0,86.0,26.0,44.0,3.0,17.0,29.0,61.0,25.0,36.0,13.0,26.0,39.0,13.0,21.0,8.0,2.0,1.0,20.0,28.0,92.0,30.0
2487152,18,981221,HOTEL 4POSTES - ÁVILA AUTÉNTICA - EL BULEVAR,HOME,81.2,83.1,98.5,101.4,-2.9,49.9,48.6,17.5,38.1,61.8,48.7,0.5,29.6,200,12000.0,80.0,24.0,45.0,7.0,26.0,31.0,71.0,11.0,21.0,16.0,21.0,37.0,9.0,17.0,13.0,1.0,2.0,28.0,20.0,65.0,-30.0
2487153,18,979970,MEGACALZADO ARDOI,HOME,75.4,76.1,88.9,126.4,-37.5,52.1,49.1,19.9,18.5,65.6,44.1,0.9,33.9,200,12000.0,67.0,20.0,36.0,5.0,20.0,25.0,56.0,12.0,19.0,5.0,21.0,26.0,14.0,16.0,7.0,2.0,3.0,21.0,19.0,60.0,-150.0
2487153,18,981224,TEKNEI BIZKAIA ZORNOTZA,AWAY,76.8,76.1,126.4,88.9,37.5,63.2,62.5,12.5,34.4,81.5,55.9,1.6,45.3,200,12000.0,97.0,22.0,34.0,12.0,30.0,34.0,64.0,17.0,29.0,11.0,22.0,33.0,18.0,11.0,8.0,3.0,2.0,19.0,20.0,107.0,150.0
2487154,18,981423,BLENDIO,AWAY,75.8,78.6,117.5,110.8,6.7,58.7,54.0,14.6,31.7,75.8,51.4,1.3,46.0,200,12000.0,89.0,10.0,27.0,16.0,36.0,26.0,63.0,21.0,29.0,13.0,25.0,38.0,17.0,13.0,4.0,1.0,1.0,20.0,26.0,97.0,-5.0
2487154,18,979777,UNIVERSIDAD DEUSTO LOIOLA INDAUTXU,HOME,81.2,78.5,110.8,117.5,-6.7,59.0,56.7,14.6,24.2,68.3,48.6,1.4,31.3,200,12000.0,90.0,23.0,38.0,10.0,29.0,33.0,67.0,14.0,21.0,8.0,28.0,36.0,18.0,13.0,9.0,1.0,1.0,27.0,20.0,93.0,5.0
2487155,18,981143,DE MORRO FINO CANTBASKET04,AWAY,73.3,73.5,94.2,97.7,-3.5,51.3,49.2,14.1,17.9,68.4,47.0,1.3,19.4,200,12000.0,69.0,20.0,39.0,7.0,23.0,27.0,62.0,8.0,12.0,5.0,26.0,31.0,14.0,11.0,6.0,1.0,1.0,17.0,19.0,73.0,-15.0
2487155,18,981230,ULACIA ZKE,HOME,73.7,73.5,97.7,94.2,3.5,48.2,44.6,12.8,31.6,82.1,53.0,1.1,33.8,200,12000.0,72.0,20.0,42.0,6.0,23.0,26.0,65.0,14.0,22.0,12.0,23.0,35.0,12.0,11.0,8.0,1.0,1.0,19.0,17.0,68.0,15.0
2487156,18,981440,RECOLETAS SALUD CARBAJOSA,HOME,79.7,82.0,74.0,80.6,-6.6,38.0,30.9,18.0,33.3,73.5,50.6,0.6,32.4,200,12000.0,59.0,12.0,40.0,6.0,28.0,18.0,68.0,17.0,22.0,15.0,25.0,40.0,10.0,17.0,5.0,3.0,1.0,25.0,23.0,43.0,-45.0
2487156,18,979908,RESTAURANTE LOS ARCOS CB SOLARES,AWAY,84.3,82.0,80.6,74.0,6.6,46.4,40.2,21.4,26.5,66.7,49.4,0.8,45.9,200,12000.0,68.0,17.0,41.0,5.0,20.0,22.0,61.0,19.0,28.0,9.0,30.0,39.0,15.0,20.0,11.0,1.0,3.0,25.0,24.0,65.0,45.0
2484143,19,981166,C.B.ROSER,AWAY,78.2,76.8,103.5,93.0,10.5,49.9,47.2,11.9,35.9,80.6,55.7,1.5,29.2,200,12000.0,81.0,22.0,48.0,8.0,24.0,30.0,72.0,13.0,21.0,14.0,25.0,39.0,16.0,11.0,9.0,5.0,3.0,19.0,19.0,89.0,55.0
2484143,19,982146,CB BOET MATARÓ,HOME,75.3,76.8,93.0,103.5,-10.5,51.3,48.4,16.0,19.4,64.1,44.3,1.1,19.0,200,12000.0,70.0,20.0,37.0,7.0,26.0,27.0,63.0,9.0,12.0,6.0,25.0,31.0,14.0,13.0,7.0,3.0,5.0,20.0,19.0,72.0,-55.0
2484144,19,981130,ALFINDÉN CB,AWAY,84.1,84.3,78.5,105.4,-26.9,51.5,46.3,28.1,17.2,58.5,41.4,0.5,42.6,200,12000.0,66.0,19.0,36.0,4.0,18.0,23.0,54.0,16.0,23.0,5.0,24.0,29.0,12.0,25.0,6.0,3.0,3.0,21.0,24.0,56.0,-115.0
2484144,19,981354,IBERSOL CB TARRAGONA,HOME,84.5,84.3,105.4,78.5,26.9,51.5,48.7,14.8,41.5,82.8,58.6,1.5,21.5,200,12000.0,89.0,28.0,49.0,7.0,30.0,35.0,79.0,12.0,17.0,17.0,24.0,41.0,22.0,15.0,13.0,3.0,3.0,26.0,20.0,98.0,115.0
2484145,19,981301,SA REAL INSTALACIONES AREVALO IBIZA,HOME,76.1,78.6,117.0,106.1,10.9,57.7,54.8,12.5,32.4,60.0,47.6,1.4,50.8,200,12000.0,89.0,18.0,40.0,11.0,23.0,29.0,63.0,20.0,32.0,12.0,27.0,39.0,15.0,11.0,6.0,1.0,0.0,25.0,27.0,95.0,15.0
2484145,19,981133,UE SANT CUGAT - OCCIDENT,AWAY,81.1,78.6,106.1,117.0,-10.9,48.3,44.0,10.1,40.0,67.6,52.4,1.7,42.7,200,12000.0,86.0,18.0,39.0,10.0,36.0,28.0,75.0,20.0,32.0,18.0,25.0,43.0,17.0,10.0,5.0,0.0,1.0,27.0,24.0,79.0,-15.0
2484146,19,981219,IMMO SA MARINA CIUTAT D’INCA BASQUET,AWAY,84.6,82.0,105.3,94.3,11.0,50.2,50.6,9.2,29.5,78.9,52.4,2.3,30.8,200,12000.0,89.0,23.0,48.0,11.0,30.0,34.0,78.0,10.0,24.0,13.0,30.0,43.0,21.0,9.0,9.0,3.0,2.0,24.0,22.0,96.0,70.0
2484146,19,980002,SANDÁ C.B. L´HOSPITALET,HOME,79.5,82.0,94.3,105.3,-11.0,52.4,43.0,18.3,21.1,70.5,47.6,1.1,57.9,200,12000.0,75.0,17.0,37.0,5.0,20.0,22.0,57.0,26.0,33.0,8.0,31.0,39.0,17.0,16.0,4.0,2.0,3.0,22.0,24.0,81.0,-70.0
2484147,19,981218,FLANIGAN CALVIÀ,AWAY,75.0,75.9,104.0,105.3,-1.3,56.5,55.2,18.8,32.3,73.3,52.5,1.1,43.1,200,12000.0,78.0,23.0,35.0,6.0,23.0,29.0,58.0,14.0,25.0,10.0,22.0,32.0,17.0,16.0,8.0,3.0,0.0,22.0,21.0,81.0,-15.0
2484147,19,979865,TIBU-RON CASTELLDEFELS,HOME,76.9,76.0,105.3,104.0,1.3,54.8,52.3,13.0,26.7,67.7,47.5,2.1,27.3,200,12000.0,81.0,21.0,39.0,9.0,27.0,30.0,66.0,12.0,18.0,8.0,21.0,29.0,23.0,11.0,8.0,0.0,3.0,22.0,22.0,88.0,15.0
2484148,19,979311,LETRA CORPOREA BARBASTRO,HOME,81.2,80.9,87.5,97.0,-9.5,47.9,43.4,18.6,26.3,72.2,48.6,1.0,20.6,200,12000.0,71.0,19.0,45.0,7.0,23.0,26.0,68.0,12.0,14.0,10.0,26.0,36.0,17.0,17.0,10.0,1.0,4.0,23.0,13.0,64.0,-35.0
2484148,19,979290,PUJOL MOLLERUSSA,AWAY,80.4,80.8,97.0,87.5,9.5,50.4,47.0,14.4,27.8,73.7,51.4,1.3,39.4,200,12000.0,78.0,13.0,30.0,12.0,36.0,25.0,66.0,16.0,26.0,10.0,28.0,38.0,17.0,13.0,11.0,4.0,1.0,13.0,23.0,94.0,35.0
2484149,19,981131,CB VALLS TALLERS PABLO MARTÍNEZ,AWAY,79.4,79.4,103.2,100.7,2.5,53.6,50.8,12.6,20.5,84.2,51.9,1.5,40.0,200,12000.0,82.0,18.0,35.0,10.0,30.0,28.0,65.0,16.0,26.0,8.0,32.0,40.0,17.0,11.0,5.0,4.0,0.0,20.0,25.0,95.0,10.0
2484149,19,979776,MONBUS - CB IGUALADA,HOME,79.4,79.4,100.7,103.2,-2.5,52.3,48.5,10.5,15.8,79.5,48.1,2.6,40.0,200,12000.0,80.0,21.0,45.0,7.0,20.0,28.0,65.0,17.0,26.0,6.0,31.0,37.0,23.0,9.0,7.0,0.0,4.0,25.0,20.0,87.0,-10.0
2487157,19,979921,IRUKI TAKE,HOME,88.7,77.2,101.5,104.7,-3.2,53.1,50.7,14.2,25.0,69.7,45.2,0.8,29.3,225,13500.0,90.0,23.0,49.0,10.0,26.0,33.0,75.0,14.0,22.0,10.0,23.0,33.0,11.0,14.0,10.0,2.0,6.0,20.0,22.0,84.0,5.0
2487157,19,981440,RECOLETAS SALUD CARBAJOSA,AWAY,85.0,77.3,104.7,101.5,3.2,58.6,52.3,20.0,30.3,75.0,54.8,0.5,38.5,225,13500.0,89.0,19.0,36.0,10.0,29.0,29.0,65.0,21.0,25.0,10.0,30.0,40.0,10.0,19.0,10.0,6.0,2.0,22.0,20.0,94.0,-5.0
2487158,19,979908,RESTAURANTE LOS ARCOS CB SOLARES,HOME,80.6,80.4,90.6,96.0,-5.4,52.4,53.2,18.7,14.3,72.5,45.3,0.9,23.8,200,12000.0,73.0,17.0,37.0,11.0,26.0,28.0,63.0,6.0,15.0,5.0,29.0,34.0,14.0,16.0,8.0,5.0,3.0,26.0,18.0,66.0,-20.0
2487158,19,981230,ULACIA ZKE,AWAY,80.2,80.4,96.0,90.6,5.4,48.6,46.2,13.2,27.5,85.7,54.7,1.2,45.5,200,12000.0,77.0,14.0,43.0,11.0,23.0,25.0,66.0,16.0,30.0,11.0,30.0,41.0,15.0,12.0,9.0,3.0,5.0,18.0,26.0,86.0,20.0
2487159,19,981143,DE MORRO FINO CANTBASKET04,HOME,85.7,86.3,98.0,80.5,17.5,51.4,47.2,18.1,35.0,70.8,54.5,1.0,30.6,200,12000.0,84.0,16.0,35.0,12.0,37.0,28.0,72.0,16.0,22.0,14.0,34.0,48.0,18.0,18.0,13.0,3.0,2.0,23.0,21.0,96.0,70.0
2487159,19,979777,UNIVERSIDAD DEUSTO LOIOLA INDAUTXU,AWAY,87.0,86.4,80.5,98.0,-17.5,43.2,41.4,19.8,29.2,65.0,45.5,0.8,35.7,200,12000.0,70.0,20.0,48.0,6.0,22.0,26.0,70.0,12.0,25.0,14.0,26.0,40.0,17.0,20.0,7.0,2.0,3.0,21.0,22.0,60.0,-70.0
2487160,19,981423,BLENDIO,HOME,78.8,79.7,81.2,105.5,-24.3,47.9,44.4,20.3,13.9,66.7,42.3,0.8,17.7,200,12000.0,64.0,11.0,29.0,11.0,33.0,22.0,62.0,9.0,11.0,5.0,28.0,33.0,13.0,17.0,5.0,1.0,1.0,18.0,20.0,59.0,-105.0
2487160,19,979970,MEGACALZADO ARDOI,AWAY,80.6,79.7,105.5,81.2,24.3,50.2,48.7,10.6,33.3,86.1,57.7,2.6,19.2,200,12000.0,85.0,26.0,56.0,8.0,22.0,34.0,78.0,9.0,15.0,14.0,31.0,45.0,26.0,10.0,8.0,1.0,1.0,20.0,17.0,102.0,105.0
2487161,19,981221,HOTEL 4POSTES - ÁVILA AUTÉNTICA - EL BULEVAR,AWAY,80.0,80.4,78.8,125.0,-46.2,39.9,32.4,15.1,29.5,51.5,39.0,0.6,36.8,200,12000.0,63.0,19.0,46.0,2.0,22.0,21.0,68.0,19.0,25.0,13.0,17.0,30.0,9.0,14.0,15.0,2.0,3.0,19.0,24.0,57.0,-190.0
2487161,19,981224,TEKNEI BIZKAIA ZORNOTZA,HOME,80.8,80.4,125.0,78.8,46.2,64.9,61.6,19.6,48.5,70.5,61.0,1.2,29.0,200,12000.0,101.0,17.0,33.0,17.0,36.0,34.0,69.0,16.0,20.0,16.0,31.0,47.0,22.0,19.0,8.0,3.0,2.0,24.0,19.0,118.0,190.0
2487162,19,979288,BASKONIA,HOME,84.6,85.7,113.5,77.1,36.4,58.1,59.0,18.7,50.0,76.5,65.9,0.7,33.3,200,12000.0,96.0,38.0,54.0,3.0,18.0,41.0,72.0,11.0,24.0,17.0,39.0,56.0,13.0,19.0,7.0,0.0,3.0,18.0,20.0,111.0,145.0
2487162,19,982049,CAJA RURAL DE ZAMORA CBCV BOECILLO,AWAY,86.9,85.7,77.1,113.5,-36.4,39.4,37.7,14.2,23.5,50.0,34.1,1.0,23.4,200,12000.0,67.0,20.0,49.0,6.0,28.0,26.0,77.0,9.0,18.0,12.0,17.0,29.0,14.0,14.0,9.0,3.0,0.0,20.0,18.0,46.0,-145.0
2487163,19,983015,CONSTRUCCIONES GONZALO CRESPO PAS PIÉLAGOS,AWAY,74.4,75.1,102.1,93.9,8.2,50.4,45.3,12.7,28.6,81.2,51.4,1.4,40.6,200,12000.0,76.0,14.0,36.0,10.0,28.0,24.0,64.0,18.0,26.0,12.0,26.0,38.0,15.0,11.0,3.0,0.0,0.0,22.0,21.0,72.0,25.0
2487163,19,982050,GRUPO INMAPA FILIPENSES,HOME,75.6,75.0,93.9,102.1,-8.2,48.9,38.1,11.0,18.8,71.4,48.6,1.1,52.5,200,12000.0,71.0,18.0,45.0,3.0,14.0,21.0,59.0,26.0,31.0,6.0,30.0,36.0,10.0,9.0,5.0,0.0,0.0,21.0,22.0,71.0,-25.0
2484150,20,982146,CB BOET MATARÓ,AWAY,71.8,73.6,94.7,91.6,3.1,50.1,47.6,16.1,25.0,65.9,47.5,1.0,17.5,200,12000.0,68.0,21.0,46.0,6.0,17.0,27.0,63.0,8.0,11.0,9.0,29.0,38.0,13.0,13.0,6.0,0.0,3.0,19.0,16.0,70.0,-5.0
2484150,20,979776,MONBUS - CB IGUALADA,HOME,75.4,73.6,91.6,94.7,-3.1,44.6,41.3,14.4,34.1,75.0,52.5,1.4,27.5,200,12000.0,69.0,18.0,42.0,7.0,27.0,25.0,69.0,12.0,19.0,15.0,27.0,42.0,18.0,13.0,8.0,3.0,0.0,16.0,18.0,78.0,5.0
2484151,20,981131,CB VALLS TALLERS PABLO MARTÍNEZ,AWAY,85.0,83.9,113.0,96.7,16.3,65.8,61.2,19.8,19.4,88.9,56.7,0.8,58.6,200,12000.0,96.0,16.0,30.0,13.0,28.0,29.0,58.0,25.0,34.0,6.0,32.0,38.0,15.0,18.0,5.0,1.0,1.0,24.0,27.0,102.0,80.0
2484151,20,979311,LETRA CORPOREA BARBASTRO,HOME,82.8,83.9,96.7,113.0,-16.3,52.8,45.2,12.7,11.1,80.6,43.3,1.0,46.0,200,12000.0,80.0,24.0,39.0,3.0,24.0,27.0,63.0,23.0,29.0,4.0,25.0,29.0,11.0,11.0,15.0,1.0,1.0,28.0,24.0,79.0,-80.0
2484152,20,979290,PUJOL MOLLERUSSA,HOME,78.7,77.1,125.8,91.3,34.5,64.6,68.7,14.5,40.7,80.5,64.7,1.9,32.8,200,12000.0,99.0,25.0,38.0,14.0,29.0,39.0,67.0,7.0,22.0,11.0,33.0,44.0,25.0,13.0,9.0,4.0,0.0,23.0,17.0,119.0,150.0
2484152,20,979865,TIBU-RON CASTELLDEFELS,AWAY,75.6,77.1,91.3,125.8,-34.5,48.2,42.6,14.4,19.5,59.3,35.3,0.8,39.3,200,12000.0,69.0,14.0,34.0,8.0,27.0,22.0,61.0,17.0,24.0,8.0,16.0,24.0,9.0,12.0,7.0,0.0,4.0,20.0,22.0,53.0,-150.0
2484153,20,981218,FLANIGAN CALVIÀ,HOME,78.0,75.8,73.0,101.9,-28.9,35.6,32.9,13.0,28.6,72.4,44.9,0.9,21.9,200,12000.0,57.0,21.0,46.0,2.0,27.0,23.0,73.0,9.0,16.0,14.0,21.0,35.0,11.0,12.0,7.0,1.0,2.0,19.0,16.0,39.0,-90.0
2484153,20,980002,SANDÁ C.B. L´HOSPITALET,AWAY,73.6,75.8,101.9,73.0,28.9,59.9,58.9,23.3,27.6,71.4,55.1,0.8,26.8,200,12000.0,75.0,21.0,38.0,8.0,18.0,29.0,56.0,9.0,15.0,8.0,35.0,43.0,15.0,19.0,5.0,2.0,1.0,17.0,19.0,90.0,90.0
2484154,20,981219,IMMO SA MARINA CIUTAT D’INCA BASQUET,HOME,77.1,77.1,109.0,111.4,-2.4,49.4,44.4,12.4,46.5,81.1,62.5,1.1,45.1,200,12000.0,84.0,21.0,38.0,7.0,33.0,28.0,71.0,21.0,32.0,20.0,30.0,50.0,13.0,12.0,8.0,2.0,0.0,24.0,30.0,97.0,-10.0
2484154,20,981301,SA REAL INSTALACIONES AREVALO IBIZA,AWAY,77.2,77.1,111.4,109.0,2.4,59.6,54.2,14.3,18.9,53.5,37.5,1.5,50.8,200,12000.0,86.0,14.0,30.0,12.0,29.0,26.0,59.0,22.0,30.0,7.0,23.0,30.0,18.0,12.0,4.0,0.0,2.0,30.0,24.0,79.0,10.0
2484155,20,981354,IBERSOL CB TARRAGONA,AWAY,79.7,81.5,105.4,93.7,11.7,55.5,48.2,16.5,32.4,88.6,60.9,1.0,85.5,200,12000.0,84.0,19.0,42.0,5.0,13.0,24.0,55.0,31.0,47.0,11.0,31.0,42.0,15.0,15.0,6.0,1.0,2.0,20.0,30.0,96.0,30.0
2484155,20,981133,UE SANT CUGAT - OCCIDENT,HOME,83.2,81.5,93.7,105.4,-11.7,51.2,47.0,12.6,11.4,67.6,39.1,1.2,31.3,200,12000.0,78.0,18.0,38.0,9.0,29.0,27.0,67.0,15.0,21.0,4.0,23.0,27.0,13.0,11.0,9.0,2.0,1.0,30.0,19.0,61.0,-30.0
2484156,20,981130,ALFINDÉN CB,HOME,66.7,67.9,106.5,114.4,-7.9,50.9,47.5,10.3,31.4,76.7,52.3,2.1,36.7,200,12000.0,71.0,15.0,33.0,9.0,27.0,24.0,60.0,14.0,22.0,11.0,23.0,34.0,17.0,8.0,4.0,2.0,1.0,16.0,19.0,79.0,-40.0
2484156,20,981166,C.B.ROSER,AWAY,69.0,67.9,114.4,106.5,7.9,57.2,54.0,9.2,23.3,68.6,47.7,1.9,25.8,200,12000.0,79.0,14.0,35.0,13.0,27.0,27.0,62.0,12.0,16.0,7.0,24.0,31.0,13.0,7.0,5.0,1.0,2.0,20.0,16.0,79.0,40.0
2487164,20,982050,GRUPO INMAPA FILIPENSES,HOME,73.6,77.4,103.2,90.0,13.2,52.3,44.9,15.2,34.3,68.6,51.4,1.0,52.5,200,12000.0,76.0,13.0,35.0,9.0,24.0,22.0,59.0,23.0,31.0,12.0,24.0,36.0,13.0,13.0,7.0,0.0,0.0,23.0,21.0,72.0,15.0
2487164,20,979921,IRUKI TAKE,AWAY,81.1,77.5,90.0,103.2,-13.2,45.6,41.4,13.0,31.4,65.7,48.6,1.2,32.9,200,12000.0,73.0,20.0,40.0,6.0,30.0,26.0,70.0,15.0,23.0,11.0,23.0,34.0,14.0,12.0,8.0,0.0,0.0,21.0,23.0,67.0,-15.0
2487165,20,979288,BASKONIA,AWAY,76.0,77.7,99.9,106.0,-6.1,48.7,47.2,19.6,48.8,83.8,65.0,0.6,22.5,200,12000.0,76.0,26.0,50.0,5.0,21.0,31.0,71.0,9.0,16.0,21.0,31.0,52.0,11.0,19.0,4.0,0.0,2.0,21.0,20.0,76.0,-40.0
2487165,20,983015,CONSTRUCCIONES GONZALO CRESPO PAS PIÉLAGOS,HOME,79.2,77.6,106.0,99.9,6.1,55.1,50.7,10.6,16.2,51.2,35.0,1.6,31.3,200,12000.0,84.0,19.0,31.0,10.0,36.0,29.0,67.0,16.0,21.0,6.0,22.0,28.0,14.0,9.0,9.0,2.0,0.0,21.0,20.0,84.0,40.0
2487166,20,982049,CAJA RURAL DE ZAMORA CBCV BOECILLO,HOME,78.3,75.8,76.6,124.2,-47.6,39.9,35.7,15.7,26.8,54.5,36.5,0.4,17.1,200,12000.0,60.0,19.0,44.0,4.0,26.0,23.0,70.0,10.0,12.0,11.0,12.0,23.0,6.0,14.0,9.0,0.0,4.0,21.0,15.0,29.0,-155.0
2487166,20,981224,TEKNEI BIZKAIA ZORNOTZA,AWAY,73.2,75.8,124.2,76.6,47.6,69.7,68.8,21.6,45.5,73.2,63.5,1.3,37.5,200,12000.0,91.0,22.0,34.0,11.0,22.0,33.0,56.0,14.0,21.0,10.0,30.0,40.0,23.0,18.0,10.0,4.0,0.0,15.0,21.0,126.0,155.0
2487167,20,981423,BLENDIO,AWAY,87.9,89.4,87.6,109.1,-21.5,50.7,48.4,19.2,17.6,64.0,45.2,0.5,42.2,200,12000.0,77.0,22.0,40.0,6.0,24.0,28.0,64.0,15.0,27.0,6.0,32.0,38.0,9.0,18.0,3.0,0.0,1.0,19.0,20.0,62.0,-110.0
2487167,20,981221,HOTEL 4POSTES - ÁVILA AUTÉNTICA - EL BULEVAR,HOME,90.8,89.4,109.1,87.6,21.5,50.6,47.1,10.1,36.0,82.4,54.8,1.5,34.1,200,12000.0,99.0,19.0,39.0,14.0,46.0,33.0,85.0,19.0,29.0,18.0,28.0,46.0,17.0,11.0,15.0,1.0,0.0,20.0,19.0,104.0,110.0
2487168,20,981143,DE MORRO FINO CANTBASKET04,AWAY,75.1,73.7,91.9,78.8,13.1,50.7,49.2,20.9,34.4,83.8,60.9,0.8,10.8,200,12000.0,69.0,17.0,32.0,10.0,33.0,27.0,65.0,5.0,7.0,11.0,31.0,42.0,15.0,18.0,9.0,5.0,0.0,18.0,15.0,79.0,60.0
2487168,20,979970,MEGACALZADO ARDOI,HOME,72.4,73.7,78.8,91.9,-13.1,42.9,37.9,15.3,16.2,65.6,39.1,1.0,32.8,200,12000.0,57.0,16.0,35.0,4.0,23.0,20.0,58.0,13.0,19.0,6.0,21.0,27.0,12.0,12.0,10.0,0.0,5.0,16.0,18.0,52.0,-60.0
2487169,20,979908,RESTAURANTE LOS ARCOS CB SOLARES,AWAY,82.7,80.5,112.5,111.1,1.4,61.4,52.7,17.5,31.0,57.9,46.3,1.0,85.5,200,12000.0,93.0,17.0,32.0,8.0,23.0,25.0,55.0,35.0,47.0,9.0,22.0,31.0,16.0,16.0,10.0,1.0,1.0,23.0,30.0,100.0,30.0
2487169,20,979777,UNIVERSIDAD DEUSTO LOIOLA INDAUTXU,HOME,78.3,80.5,111.1,112.5,-1.4,55.5,53.0,17.0,42.1,69.0,53.7,1.0,42.4,200,12000.0,87.0,23.0,38.0,8.0,28.0,31.0,66.0,17.0,28.0,16.0,20.0,36.0,16.0,16.0,12.0,1.0,1.0,30.0,23.0,83.0,-30.0
2487170,20,981440,RECOLETAS SALUD CARBAJOSA,AWAY,75.9,74.3,104.1,105.9,-1.8,53.5,49.2,13.0,25.0,54.5,39.1,0.7,43.5,200,12000.0,79.0,17.0,38.0,9.0,24.0,26.0,62.0,18.0,27.0,9.0,18.0,27.0,8.0,11.0,15.0,5.0,2.0,19.0,23.0,82.0,10.0
2487170,20,981230,ULACIA ZKE,HOME,72.7,74.3,105.9,104.1,1.8,56.0,55.6,21.7,45.5,75.0,60.9,0.7,20.6,200,12000.0,77.0,26.0,49.0,6.0,14.0,32.0,63.0,7.0,13.0,15.0,27.0,42.0,14.0,19.0,6.0,2.0,5.0,23.0,18.0,80.0,-10.0
2484157,21,981130,ALFINDÉN CB,AWAY,80.2,82.2,67.4,83.1,-15.7,37.4,32.6,20.8,26.2,75.5,52.7,0.5,21.2,200,12000.0,54.0,8.0,35.0,9.0,31.0,17.0,66.0,11.0,14.0,11.0,37.0,48.0,9.0,19.0,6.0,5.0,3.0,20.0,17.0,48.0,-80.0
2484157,21,982146,CB BOET MATARÓ,HOME,84.2,82.2,83.1,67.4,15.7,41.1,40.1,11.4,24.5,73.8,47.3,1.2,27.6,200,12000.0,70.0,20.0,57.0,7.0,19.0,27.0,76.0,9.0,21.0,12.0,31.0,43.0,13.0,11.0,14.0,3.0,5.0,17.0,18.0,72.0,80.0
2484158,21,981166,C.B.ROSER,HOME,77.9,77.2,95.0,90.1,4.9,48.7,46.3,10.6,18.9,61.5,40.8,1.2,26.5,200,12000.0,74.0,24.0,47.0,5.0,21.0,29.0,68.0,11.0,18.0,7.0,24.0,31.0,11.0,9.0,9.0,2.0,3.0,20.0,17.0,69.0,25.0
2484158,21,981133,UE SANT CUGAT - OCCIDENT,AWAY,76.6,77.2,90.1,95.0,-4.9,44.5,41.0,15.3,38.5,81.1,59.2,1.0,35.8,200,12000.0,69.0,14.0,36.0,9.0,31.0,23.0,67.0,14.0,24.0,15.0,30.0,45.0,14.0,14.0,5.0,3.0,2.0,17.0,19.0,70.0,-25.0
2484159,21,981354,IBERSOL CB TARRAGONA,HOME,86.2,88.3,113.7,89.6,24.1,58.2,55.6,13.4,28.2,77.1,55.2,1.5,42.3,200,12000.0,98.0,23.0,44.0,11.0,27.0,34.0,71.0,19.0,30.0,11.0,37.0,48.0,20.0,13.0,8.0,5.0,1.0,21.0,25.0,122.0,85.0
2484159,21,981219,IMMO SA MARINA CIUTAT D’INCA BASQUET,AWAY,90.4,88.3,89.6,113.7,-24.1,45.8,44.4,12.8,22.9,71.8,44.8,1.5,23.8,200,12000.0,81.0,25.0,46.0,7.0,34.0,32.0,80.0,10.0,19.0,11.0,28.0,39.0,19.0,13.0,10.0,1.0,5.0,25.0,21.0,76.0,-85.0
2484160,21,981218,FLANIGAN CALVIÀ,AWAY,80.6,79.5,109.1,114.9,-5.8,56.0,51.5,13.2,31.2,74.4,54.9,1.4,47.7,200,12000.0,88.0,23.0,40.0,7.0,25.0,30.0,65.0,21.0,31.0,10.0,29.0,39.0,17.0,12.0,5.0,1.0,0.0,23.0,25.0,95.0,-10.0
2484160,21,981301,SA REAL INSTALACIONES AREVALO IBIZA,HOME,78.3,79.4,114.9,109.1,5.8,56.7,52.2,10.2,25.6,68.8,45.1,2.1,41.8,200,12000.0,90.0,17.0,33.0,12.0,34.0,29.0,67.0,20.0,28.0,10.0,22.0,32.0,19.0,9.0,6.0,0.0,1.0,25.0,22.0,89.0,10.0
2484161,21,979290,PUJOL MOLLERUSSA,AWAY,72.2,72.7,128.7,96.9,31.8,57.2,55.6,7.9,45.7,77.8,59.7,2.3,29.2,200,12000.0,93.0,28.0,45.0,8.0,27.0,36.0,72.0,13.0,21.0,16.0,21.0,37.0,16.0,7.0,9.0,2.0,2.0,21.0,19.0,104.0,110.0
2484161,21,980002,SANDÁ C.B. L´HOSPITALET,HOME,73.2,72.8,96.9,128.7,-31.8,54.4,48.2,17.7,22.2,54.3,40.3,0.9,37.5,200,12000.0,71.0,12.0,27.0,10.0,29.0,22.0,56.0,17.0,21.0,6.0,19.0,25.0,12.0,14.0,3.0,2.0,2.0,19.0,20.0,62.0,-110.0
2484162,21,981131,CB VALLS TALLERS PABLO MARTÍNEZ,AWAY,84.5,85.0,102.9,92.3,10.6,56.1,53.2,18.0,26.3,77.8,51.4,1.1,52.4,200,12000.0,87.0,23.0,41.0,7.0,22.0,30.0,63.0,20.0,33.0,10.0,28.0,38.0,19.0,17.0,4.0,5.0,0.0,20.0,24.0,94.0,40.0
2484162,21,979865,TIBU-RON CASTELLDEFELS,HOME,85.6,85.0,92.3,102.9,-10.6,49.0,42.1,13.9,22.2,73.7,48.6,1.3,34.3,200,12000.0,79.0,16.0,38.0,9.0,32.0,25.0,70.0,20.0,24.0,8.0,28.0,36.0,17.0,13.0,11.0,0.0,5.0,25.0,19.0,75.0,-40.0
2484163,21,979311,LETRA CORPOREA BARBASTRO,HOME,73.9,73.4,98.8,82.5,16.3,52.2,46.8,15.7,28.1,70.4,47.5,1.3,29.0,200,12000.0,73.0,20.0,42.0,6.0,20.0,26.0,62.0,15.0,18.0,9.0,19.0,28.0,17.0,13.0,17.0,2.0,1.0,27.0,20.0,78.0,65.0
2484163,21,979776,MONBUS - CB IGUALADA,AWAY,72.8,73.4,82.5,98.8,-16.3,48.6,42.9,23.5,29.6,71.9,52.5,0.4,59.2,200,12000.0,60.0,15.0,31.0,4.0,18.0,19.0,49.0,18.0,29.0,8.0,23.0,31.0,8.0,19.0,7.0,1.0,2.0,20.0,27.0,54.0,-65.0
2487171,21,979921,IRUKI TAKE,HOME,83.0,71.3,67.4,90.5,-23.1,31.8,29.0,11.1,28.1,78.8,46.7,0.7,19.8,225,13500.0,56.0,13.0,43.0,7.0,38.0,20.0,81.0,9.0,16.0,16.0,26.0,42.0,8.0,11.0,10.0,1.0,7.0,21.0,19.0,36.0,-70.0
2487171,21,981230,ULACIA ZKE,AWAY,77.4,71.3,90.5,67.4,23.1,54.4,48.2,23.7,21.2,71.9,53.3,0.8,33.9,225,13500.0,70.0,12.0,26.0,10.0,30.0,22.0,56.0,16.0,19.0,7.0,41.0,48.0,15.0,20.0,6.0,7.0,1.0,19.0,21.0,91.0,70.0
2487172,21,981440,RECOLETAS SALUD CARBAJOSA,HOME,83.5,83.3,97.0,94.0,3.0,49.7,44.8,16.4,35.0,74.3,53.3,0.9,49.3,200,12000.0,81.0,18.0,40.0,8.0,27.0,26.0,67.0,21.0,33.0,14.0,26.0,40.0,14.0,16.0,8.0,1.0,1.0,26.0,28.0,77.0,15.0
2487172,21,979777,UNIVERSIDAD DEUSTO LOIOLA INDAUTXU,AWAY,83.0,83.3,94.0,97.0,-3.0,50.0,45.2,15.2,25.7,65.0,46.7,1.3,54.0,200,12000.0,78.0,24.0,43.0,3.0,20.0,27.0,63.0,21.0,34.0,9.0,26.0,35.0,18.0,14.0,9.0,1.0,1.0,28.0,26.0,76.0,-15.0
2487173,21,979970,MEGACALZADO ARDOI,AWAY,88.3,85.5,83.8,83.5,0.3,51.9,50.0,22.7,12.5,75.0,50.0,0.9,47.5,200,12000.0,74.0,16.0,31.0,9.0,28.0,25.0,59.0,15.0,28.0,4.0,36.0,40.0,19.0,21.0,5.0,1.0,2.0,23.0,25.0,73.0,25.0
2487173,21,979908,RESTAURANTE LOS ARCOS CB SOLARES,HOME,82.7,85.5,83.5,83.8,-0.3,42.2,36.8,13.7,25.0,87.5,50.0,0.5,30.6,200,12000.0,69.0,22.0,45.0,3.0,27.0,25.0,72.0,16.0,22.0,12.0,28.0,40.0,7.0,13.0,14.0,2.0,1.0,28.0,23.0,61.0,-25.0
2487174,21,981143,DE MORRO FINO CANTBASKET04,HOME,80.1,79.6,89.9,106.3,-16.4,46.7,39.6,9.4,13.9,66.7,41.3,1.6,34.3,200,12000.0,72.0,19.0,38.0,5.0,29.0,24.0,67.0,19.0,23.0,5.0,26.0,31.0,13.0,8.0,8.0,5.0,2.0,21.0,19.0,72.0,-60.0
2487174,21,981221,HOTEL 4POSTES - ÁVILA AUTÉNTICA - EL BULEVAR,AWAY,79.0,79.6,106.3,89.9,16.4,52.5,44.9,13.0,33.3,86.1,58.7,1.8,36.2,200,12000.0,84.0,22.0,42.0,6.0,27.0,28.0,69.0,22.0,25.0,13.0,31.0,44.0,22.0,12.0,5.0,2.0,5.0,19.0,21.0,103.0,60.0
2487175,21,981423,BLENDIO,HOME,96.5,96.8,94.3,84.5,9.8,58.7,57.4,26.5,29.0,71.4,56.3,0.4,10.8,200,12000.0,91.0,29.0,47.0,9.0,27.0,38.0,74.0,6.0,8.0,9.0,40.0,49.0,12.0,28.0,9.0,3.0,4.0,12.0,15.0,101.0,45.0
2487175,21,982049,CAJA RURAL DE ZAMORA CBCV BOECILLO,AWAY,97.1,96.8,84.5,94.3,-9.8,41.0,40.7,11.5,28.6,71.0,43.7,1.3,7.2,200,12000.0,82.0,32.0,66.0,5.0,31.0,37.0,97.0,3.0,7.0,16.0,22.0,38.0,17.0,13.0,15.0,4.0,3.0,15.0,12.0,76.0,-45.0
2487176,21,983015,CONSTRUCCIONES GONZALO CRESPO PAS PIÉLAGOS,AWAY,78.1,78.9,80.6,131.6,-51.0,46.9,44.7,23.0,25.0,71.4,45.3,0.3,40.4,200,12000.0,63.0,12.0,32.0,9.0,25.0,21.0,57.0,12.0,23.0,9.0,20.0,29.0,7.0,20.0,7.0,0.0,1.0,23.0,19.0,35.0,-210.0
2487176,21,981224,TEKNEI BIZKAIA ZORNOTZA,HOME,79.8,78.9,131.6,80.6,51.0,67.5,64.6,11.4,28.6,75.0,54.7,2.5,44.6,200,12000.0,105.0,27.0,39.0,10.0,26.0,37.0,65.0,21.0,29.0,8.0,27.0,35.0,25.0,10.0,8.0,1.0,0.0,21.0,22.0,129.0,210.0
2487177,21,979288,BASKONIA,HOME,83.5,80.9,128.2,90.6,37.6,61.2,61.9,12.1,44.4,77.8,61.1,1.9,21.2,200,12000.0,107.0,27.0,46.0,15.0,34.0,42.0,80.0,8.0,17.0,16.0,28.0,44.0,23.0,12.0,12.0,1.0,0.0,23.0,17.0,122.0,180.0
2487177,21,982050,GRUPO INMAPA FILIPENSES,AWAY,78.4,81.0,90.6,128.2,-37.6,49.7,42.0,17.4,22.2,55.6,38.9,0.3,62.5,200,12000.0,71.0,16.0,37.0,5.0,19.0,21.0,56.0,24.0,35.0,8.0,20.0,28.0,5.0,15.0,8.0,0.0,1.0,17.0,23.0,57.0,-180.0
2484164,22,982146,CB BOET MATARÓ,AWAY,89.9,86.1,76.8,103.2,-26.4,44.9,39.2,20.6,19.4,83.3,48.5,0.5,41.5,200,12000.0,69.0,21.0,42.0,3.0,23.0,24.0,65.0,18.0,27.0,7.0,25.0,32.0,10.0,20.0,7.0,3.0,3.0,24.0,25.0,52.0,-80.0
2484164,22,979311,LETRA CORPOREA BARBASTRO,HOME,82.4,86.1,103.2,76.8,26.4,59.6,57.1,18.3,16.7,80.6,51.5,1.2,30.2,200,12000.0,85.0,21.0,41.0,10.0,22.0,31.0,63.0,13.0,19.0,5.0,29.0,34.0,20.0,16.0,15.0,3.0,3.0,25.0,23.0,101.0,80.0
2484165,22,979776,MONBUS - CB IGUALADA,HOME,75.6,74.6,91.2,111.8,-20.6,48.2,44.0,17.3,28.9,71.0,47.8,1.1,53.4,200,12000.0,69.0,15.0,35.0,7.0,23.0,22.0,58.0,18.0,31.0,11.0,22.0,33.0,17.0,15.0,9.0,1.0,3.0,26.0,23.0,62.0,-65.0
2484165,22,979865,TIBU-RON CASTELLDEFELS,AWAY,73.3,74.6,111.8,91.2,20.6,60.0,56.2,17.0,29.0,71.1,52.2,0.9,50.0,200,12000.0,82.0,21.0,34.0,7.0,22.0,28.0,56.0,19.0,28.0,9.0,27.0,36.0,13.0,14.0,7.0,3.0,1.0,24.0,25.0,91.0,65.0
2484166,22,981131,CB VALLS TALLERS PABLO MARTÍNEZ,HOME,75.4,77.5,99.5,117.8,-18.3,51.8,49.2,15.2,29.4,68.8,48.5,0.9,29.7,200,12000.0,75.0,18.0,32.0,9.0,32.0,27.0,64.0,12.0,19.0,10.0,22.0,32.0,12.0,13.0,10.0,5.0,1.0,18.0,18.0,77.0,-95.0
2484166,22,980002,SANDÁ C.B. L´HOSPITALET,AWAY,79.8,77.5,117.8,99.5,18.3,61.2,56.6,14.5,31.2,70.6,51.5,1.9,29.4,200,12000.0,94.0,25.0,39.0,9.0,29.0,34.0,68.0,17.0,20.0,10.0,24.0,34.0,25.0,13.0,5.0,1.0,5.0,18.0,18.0,109.0,95.0
2484167,22,979290,PUJOL MOLLERUSSA,HOME,81.2,79.3,145.4,91.7,53.7,66.2,64.5,11.9,55.6,77.4,65.7,1.3,16.9,200,12000.0,118.0,25.0,40.0,19.0,43.0,44.0,83.0,11.0,14.0,20.0,24.0,44.0,16.0,12.0,13.0,0.0,0.0,14.0,18.0,141.0,235.0
2484167,22,981301,SA REAL INSTALACIONES AREVALO IBIZA,AWAY,77.4,79.3,91.7,145.4,-53.7,56.0,54.2,24.9,22.6,44.4,34.3,0.6,16.9,200,12000.0,71.0,20.0,39.0,8.0,20.0,28.0,59.0,7.0,10.0,7.0,16.0,23.0,12.0,21.0,7.0,0.0,0.0,18.0,14.0,54.0,-235.0
2484168,22,981218,FLANIGAN CALVIÀ,HOME,71.9,72.8,83.4,84.3,-0.9,42.9,41.1,17.7,31.0,67.7,46.6,0.8,29.0,200,12000.0,60.0,15.0,43.0,7.0,19.0,22.0,62.0,9.0,18.0,13.0,21.0,34.0,12.0,15.0,11.0,2.0,0.0,23.0,18.0,50.0,-10.0
2484168,22,981354,IBERSOL CB TARRAGONA,AWAY,73.6,72.8,84.3,83.4,0.9,46.6,42.9,20.3,32.3,69.0,53.4,0.6,42.9,200,12000.0,62.0,15.0,31.0,6.0,25.0,21.0,56.0,14.0,24.0,10.0,29.0,39.0,10.0,17.0,12.0,0.0,2.0,18.0,23.0,66.0,10.0
2484169,22,981166,C.B.ROSER,AWAY,76.8,77.9,101.6,106.2,-4.6,53.6,49.2,15.2,27.3,56.4,43.1,0.8,48.3,200,12000.0,78.0,19.0,40.0,7.0,20.0,26.0,60.0,19.0,29.0,9.0,22.0,31.0,11.0,13.0,6.0,2.0,0.0,21.0,22.0,72.0,-30.0
2484169,22,981219,IMMO SA MARINA CIUTAT D’INCA BASQUET,HOME,79.1,78.0,106.2,101.6,4.6,51.1,50.0,14.6,43.6,72.7,56.9,1.5,31.9,200,12000.0,84.0,18.0,38.0,12.0,34.0,30.0,72.0,12.0,23.0,17.0,24.0,41.0,21.0,14.0,9.0,0.0,2.0,22.0,21.0,87.0,30.0
2484170,22,981130,ALFINDÉN CB,AWAY,82.6,83.6,83.6,104.0,-20.4,47.5,43.5,18.1,16.2,94.1,53.5,0.9,38.7,200,12000.0,69.0,21.0,46.0,4.0,16.0,25.0,62.0,15.0,24.0,6.0,32.0,38.0,15.0,16.0,9.0,3.0,5.0,18.0,23.0,77.0,-95.0
2484170,22,981133,UE SANT CUGAT - OCCIDENT,HOME,84.6,83.7,104.0,83.6,20.4,57.4,55.7,11.5,5.9,83.8,46.5,2.6,21.4,200,12000.0,88.0,21.0,46.0,12.0,24.0,33.0,70.0,10.0,15.0,2.0,31.0,33.0,26.0,10.0,8.0,5.0,3.0,24.0,17.0,101.0,95.0
2487178,22,979288,BASKONIA,HOME,78.1,78.4,111.4,92.6,18.8,60.3,56.5,15.3,22.6,76.3,52.2,1.2,37.1,200,12000.0,87.0,17.0,32.0,12.0,30.0,29.0,62.0,17.0,23.0,7.0,29.0,36.0,16.0,13.0,10.0,1.0,0.0,14.0,22.0,106.0,70.0
2487178,22,979921,IRUKI TAKE,AWAY,78.8,78.4,92.6,111.4,-18.8,50.8,50.0,18.2,23.7,77.4,47.8,1.0,16.4,200,12000.0,73.0,17.0,39.0,11.0,28.0,28.0,67.0,6.0,11.0,9.0,24.0,33.0,16.0,16.0,8.0,0.0,1.0,22.0,14.0,62.0,-70.0
2487179,22,982050,GRUPO INMAPA FILIPENSES,HOME,74.0,74.4,83.7,137.7,-54.0,44.9,41.1,14.8,18.4,60.9,34.4,1.0,25.8,200,12000.0,62.0,18.0,39.0,5.0,23.0,23.0,62.0,11.0,16.0,7.0,14.0,21.0,12.0,12.0,6.0,0.0,2.0,19.0,18.0,44.0,-205.0
2487179,22,981224,TEKNEI BIZKAIA ZORNOTZA,AWAY,74.8,74.4,137.7,83.7,54.0,71.7,70.6,14.3,39.1,81.6,65.6,2.0,31.7,200,12000.0,103.0,22.0,32.0,15.0,31.0,37.0,63.0,14.0,20.0,9.0,31.0,40.0,24.0,12.0,7.0,2.0,0.0,18.0,19.0,133.0,205.0
2487180,22,981423,BLENDIO,AWAY,73.0,75.5,86.3,121.6,-35.3,47.0,43.3,15.2,17.1,55.3,37.0,0.8,26.7,200,12000.0,63.0,14.0,28.0,8.0,32.0,22.0,60.0,11.0,16.0,6.0,21.0,27.0,10.0,12.0,3.0,3.0,2.0,18.0,14.0,47.0,-160.0
2487180,22,983015,CONSTRUCCIONES GONZALO CRESPO PAS PIÉLAGOS,HOME,78.1,75.6,121.6,86.3,35.3,53.9,49.4,7.4,44.7,82.9,63.0,3.9,29.5,200,12000.0,95.0,19.0,37.0,13.0,41.0,32.0,78.0,18.0,23.0,17.0,29.0,46.0,27.0,7.0,4.0,2.0,3.0,14.0,18.0,120.0,160.0
2487181,22,982049,CAJA RURAL DE ZAMORA CBCV BOECILLO,HOME,82.2,82.7,102.1,124.0,-21.9,55.8,53.0,13.8,15.2,54.1,35.7,1.0,31.8,200,12000.0,84.0,17.0,34.0,12.0,32.0,29.0,66.0,14.0,21.0,5.0,20.0,25.0,12.0,12.0,6.0,0.0,2.0,15.0,16.0,72.0,-95.0
2487181,22,981143,DE MORRO FINO CANTBASKET04,AWAY,83.0,82.6,124.0,102.1,21.9,58.5,56.2,12.0,45.9,84.8,64.3,1.6,19.8,200,12000.0,103.0,32.0,55.0,9.0,26.0,41.0,81.0,12.0,16.0,17.0,28.0,45.0,19.0,12.0,4.0,2.0,0.0,16.0,15.0,116.0,95.0
2487182,22,981221,HOTEL 4POSTES - ÁVILA AUTÉNTICA - EL BULEVAR,HOME,83.7,84.4,113.5,81.1,32.4,58.9,57.7,18.2,41.7,76.7,60.8,0.9,31.0,200,12000.0,95.0,20.0,34.0,14.0,37.0,34.0,71.0,13.0,22.0,15.0,33.0,48.0,17.0,18.0,13.0,0.0,0.0,29.0,18.0,98.0,130.0
2487182,22,979908,RESTAURANTE LOS ARCOS CB SOLARES,AWAY,85.1,84.4,81.1,113.5,-32.4,43.6,37.7,16.8,23.3,58.3,39.2,0.6,49.2,200,12000.0,69.0,17.0,45.0,5.0,20.0,22.0,65.0,20.0,32.0,10.0,21.0,31.0,10.0,16.0,3.0,0.0,0.0,18.0,29.0,53.0,-130.0
2487183,22,979970,MEGACALZADO ARDOI,HOME,74.3,72.9,86.2,110.2,-24.0,46.9,42.9,18.0,24.3,56.7,38.8,0.9,19.0,200,12000.0,64.0,15.0,34.0,8.0,29.0,23.0,63.0,10.0,12.0,9.0,17.0,26.0,14.0,15.0,7.0,0.0,4.0,16.0,16.0,54.0,-75.0
2487183,22,981440,RECOLETAS SALUD CARBAJOSA,AWAY,71.7,73.0,110.2,86.2,24.0,56.7,50.0,17.7,43.3,75.7,61.2,0.9,36.7,200,12000.0,79.0,24.0,46.0,4.0,14.0,28.0,60.0,19.0,22.0,13.0,28.0,41.0,14.0,15.0,11.0,4.0,0.0,16.0,15.0,98.0,75.0
2487184,22,981230,ULACIA ZKE,AWAY,72.0,71.0,102.8,101.5,1.3,49.3,45.3,16.7,47.4,68.6,57.5,1.1,39.1,200,12000.0,74.0,14.0,43.0,10.0,21.0,24.0,64.0,16.0,25.0,18.0,24.0,42.0,17.0,15.0,5.0,5.0,4.0,22.0,23.0,80.0,15.0
2487184,22,979777,UNIVERSIDAD DEUSTO LOIOLA INDAUTXU,HOME,69.9,70.9,101.5,102.8,-1.3,50.1,46.0,12.4,31.4,52.6,42.5,1.9,28.6,200,12000.0,71.0,20.0,34.0,6.0,29.0,26.0,63.0,13.0,18.0,11.0,20.0,31.0,19.0,10.0,7.0,4.0,5.0,23.0,22.0,79.0,-15.0
2484171,23,982146,CB BOET MATARÓ,AWAY,86.8,87.3,67.9,122.9,-55.0,38.4,31.1,23.0,29.5,63.4,45.9,0.3,59.0,200,12000.0,59.0,16.0,45.0,2.0,16.0,18.0,61.0,21.0,36.0,13.0,26.0,39.0,8.0,23.0,11.0,0.0,4.0,23.0,24.0,37.0,-245.0
2484171,23,981133,UE SANT CUGAT - OCCIDENT,HOME,87.9,87.3,122.9,67.9,55.0,61.4,57.2,14.6,36.6,70.5,54.1,2.0,35.5,200,12000.0,108.0,24.0,42.0,13.0,34.0,37.0,76.0,21.0,27.0,15.0,31.0,46.0,30.0,15.0,14.0,4.0,0.0,24.0,22.0,140.0,245.0
2484172,23,981130,ALFINDÉN CB,HOME,90.9,90.7,81.4,89.6,-8.2,43.1,38.5,19.6,32.7,74.4,51.1,0.5,36.5,200,12000.0,74.0,21.0,54.0,5.0,20.0,26.0,74.0,17.0,27.0,16.0,29.0,45.0,10.0,21.0,9.0,3.0,0.0,22.0,21.0,61.0,-35.0
2484172,23,981219,IMMO SA MARINA CIUTAT D’INCA BASQUET,AWAY,90.4,90.6,89.6,81.4,8.2,52.3,49.2,22.9,25.6,67.3,48.9,0.7,39.4,200,12000.0,81.0,22.0,44.0,7.0,22.0,29.0,66.0,16.0,26.0,10.0,33.0,43.0,15.0,23.0,14.0,0.0,3.0,21.0,22.0,84.0,35.0
2484173,23,981166,C.B.ROSER,HOME,76.9,76.4,96.2,116.0,-19.8,47.5,45.0,11.4,27.5,60.5,43.6,1.5,25.7,200,12000.0,74.0,18.0,40.0,9.0,30.0,27.0,70.0,11.0,18.0,11.0,23.0,34.0,15.0,10.0,9.0,0.0,2.0,24.0,20.0,68.0,-70.0
2484173,23,981218,FLANIGAN CALVIÀ,AWAY,75.9,76.4,116.0,96.2,19.8,57.2,57.7,15.4,39.5,72.5,56.4,1.9,41.5,200,12000.0,88.0,21.0,35.0,11.0,30.0,32.0,65.0,13.0,27.0,15.0,29.0,44.0,26.0,14.0,7.0,2.0,0.0,20.0,24.0,110.0,70.0
2484174,23,981354,IBERSOL CB TARRAGONA,HOME,79.9,79.6,105.2,100.9,4.3,53.2,47.8,13.2,31.4,66.7,50.0,1.3,40.3,200,12000.0,84.0,17.0,34.0,10.0,33.0,27.0,67.0,20.0,27.0,11.0,26.0,37.0,16.0,12.0,6.0,2.0,4.0,26.0,22.0,82.0,20.0
2484174,23,979290,PUJOL MOLLERUSSA,AWAY,79.3,79.6,100.9,105.2,-4.3,51.7,47.7,16.2,33.3,68.6,50.0,0.7,43.1,200,12000.0,80.0,16.0,36.0,10.0,29.0,26.0,65.0,18.0,28.0,13.0,24.0,37.0,11.0,15.0,10.0,4.0,2.0,22.0,25.0,81.0,-20.0
2484175,23,981131,CB VALLS TALLERS PABLO MARTÍNEZ,AWAY,80.6,80.8,85.6,91.3,-5.7,43.3,39.0,14.0,29.3,69.2,48.8,0.9,20.5,200,12000.0,69.0,21.0,39.0,5.0,34.0,26.0,73.0,12.0,15.0,12.0,27.0,39.0,12.0,13.0,13.0,6.0,2.0,15.0,20.0,81.0,-25.0
2484175,23,981301,SA REAL INSTALACIONES AREVALO IBIZA,HOME,81.0,80.9,91.3,85.6,5.7,48.0,45.0,17.2,30.8,70.7,51.2,0.9,22.9,200,12000.0,74.0,21.0,43.0,7.0,27.0,28.0,70.0,11.0,16.0,12.0,29.0,41.0,14.0,16.0,6.0,2.0,6.0,20.0,15.0,69.0,25.0
2484176,23,979776,MONBUS - CB IGUALADA,AWAY,90.3,80.1,97.5,104.4,-6.9,47.7,38.8,7.1,20.5,75.0,45.0,2.3,48.7,225,13500.0,88.0,19.0,45.0,7.0,31.0,26.0,76.0,29.0,37.0,9.0,27.0,36.0,16.0,7.0,8.0,2.0,1.0,27.0,27.0,85.0,-30.0
2484176,23,980002,SANDÁ C.B. L´HOSPITALET,HOME,90.1,80.1,104.4,97.5,6.9,58.0,51.5,18.2,25.0,79.5,55.0,0.9,47.8,225,13500.0,94.0,18.0,39.0,11.0,28.0,29.0,67.0,25.0,32.0,9.0,35.0,44.0,17.0,18.0,2.0,1.0,2.0,28.0,25.0,92.0,30.0
2484177,23,979311,LETRA CORPOREA BARBASTRO,AWAY,68.8,72.5,94.5,90.6,3.9,49.4,44.7,17.5,32.4,61.1,47.1,1.1,35.1,200,12000.0,65.0,18.0,38.0,5.0,19.0,23.0,57.0,14.0,20.0,11.0,22.0,33.0,15.0,14.0,6.0,1.0,0.0,28.0,20.0,58.0,-20.0
2484177,23,979865,TIBU-RON CASTELLDEFELS,HOME,76.2,72.5,90.6,94.5,-3.9,45.9,41.9,16.6,38.9,67.6,52.9,1.0,48.4,200,12000.0,69.0,20.0,34.0,4.0,28.0,24.0,62.0,17.0,30.0,14.0,23.0,37.0,15.0,15.0,10.0,0.0,1.0,21.0,28.0,72.0,20.0
2487185,23,979921,IRUKI TAKE,HOME,80.0,80.2,107.5,115.6,-8.1,52.4,48.6,14.6,36.4,82.1,54.2,1.0,35.2,200,12000.0,86.0,24.0,40.0,7.0,31.0,31.0,71.0,17.0,25.0,16.0,23.0,39.0,14.0,14.0,9.0,0.0,2.0,22.0,21.0,85.0,-35.0
2487185,23,979777,UNIVERSIDAD DEUSTO LOIOLA INDAUTXU,AWAY,80.4,80.3,115.6,107.5,8.1,69.0,66.1,21.1,17.9,63.6,45.8,1.2,46.4,200,12000.0,93.0,19.0,30.0,12.0,26.0,31.0,56.0,19.0,26.0,5.0,28.0,33.0,22.0,18.0,9.0,2.0,0.0,21.0,22.0,110.0,35.0
2487186,23,979970,MEGACALZADO ARDOI,AWAY,76.8,77.0,80.7,92.0,-11.3,46.4,46.0,20.3,19.4,74.1,42.9,0.7,17.7,200,12000.0,62.0,18.0,36.0,7.0,26.0,25.0,62.0,5.0,11.0,7.0,20.0,27.0,12.0,17.0,15.0,0.0,2.0,13.0,16.0,59.0,-45.0
2487186,23,981230,ULACIA ZKE,HOME,77.2,77.0,92.0,80.7,11.3,56.2,55.3,25.0,25.9,80.6,57.1,0.7,24.6,200,12000.0,71.0,24.0,38.0,5.0,19.0,29.0,57.0,8.0,14.0,7.0,29.0,36.0,15.0,21.0,12.0,2.0,0.0,16.0,13.0,78.0,45.0
2487187,23,981221,HOTEL 4POSTES - ÁVILA AUTÉNTICA - EL BULEVAR,AWAY,82.7,80.8,93.1,112.5,-19.4,47.1,41.0,18.9,42.9,66.7,54.8,0.5,30.6,200,12000.0,77.0,19.0,44.0,7.0,28.0,26.0,72.0,18.0,22.0,18.0,28.0,46.0,9.0,19.0,3.0,1.0,2.0,26.0,21.0,62.0,-60.0
2487187,23,981440,RECOLETAS SALUD CARBAJOSA,HOME,79.1,80.8,112.5,93.1,19.4,53.6,49.3,10.7,33.3,57.1,45.2,1.3,46.4,200,12000.0,89.0,16.0,36.0,12.0,33.0,28.0,69.0,21.0,32.0,14.0,24.0,38.0,13.0,10.0,7.0,2.0,1.0,21.0,25.0,91.0,60.0
2487188,23,982049,CAJA RURAL DE ZAMORA CBCV BOECILLO,AWAY,84.9,86.1,83.6,109.0,-25.4,40.4,33.6,12.9,30.2,73.3,45.8,0.7,35.5,200,12000.0,71.0,18.0,50.0,5.0,26.0,23.0,76.0,20.0,27.0,16.0,22.0,38.0,9.0,13.0,10.0,2.0,4.0,18.0,22.0,61.0,-120.0
2487188,23,979908,RESTAURANTE LOS ARCOS CB SOLARES,HOME,87.2,86.1,109.0,83.6,25.4,61.6,59.9,18.9,26.7,69.8,54.2,1.6,19.7,200,12000.0,95.0,29.0,49.0,9.0,22.0,38.0,71.0,10.0,14.0,8.0,37.0,45.0,28.0,18.0,8.0,4.0,2.0,22.0,18.0,121.0,120.0
2487189,23,983015,CONSTRUCCIONES GONZALO CRESPO PAS PIÉLAGOS,AWAY,85.5,86.3,98.3,94.2,4.1,52.8,51.4,19.3,36.1,74.4,57.0,1.1,23.6,200,12000.0,84.0,25.0,38.0,8.0,34.0,33.0,72.0,10.0,17.0,13.0,32.0,45.0,20.0,19.0,5.0,1.0,3.0,20.0,19.0,89.0,10.0
2487189,23,981143,DE MORRO FINO CANTBASKET04,HOME,87.0,86.3,94.2,98.3,-4.1,47.1,45.6,11.2,25.6,63.9,43.0,1.2,20.0,200,12000.0,82.0,26.0,51.0,7.0,29.0,33.0,80.0,9.0,16.0,11.0,23.0,34.0,13.0,11.0,13.0,3.0,1.0,19.0,20.0,81.0,-10.0
2487190,23,981423,BLENDIO,HOME,80.3,80.4,85.9,103.0,-17.1,48.4,46.2,15.4,10.5,74.3,41.1,0.8,18.2,200,12000.0,69.0,11.0,28.0,13.0,38.0,24.0,66.0,8.0,12.0,4.0,26.0,30.0,11.0,13.0,5.0,3.0,1.0,17.0,15.0,57.0,-70.0
2487190,23,982050,GRUPO INMAPA FILIPENSES,AWAY,80.6,80.4,103.0,85.9,17.1,51.5,50.0,10.0,25.7,89.5,58.9,2.0,20.3,200,12000.0,83.0,22.0,49.0,10.0,25.0,32.0,74.0,9.0,15.0,9.0,34.0,43.0,18.0,9.0,5.0,1.0,3.0,15.0,16.0,94.0,70.0
2487191,23,979288,BASKONIA,AWAY,72.6,72.6,96.4,106.2,-9.8,43.9,36.4,14.0,50.0,75.8,61.6,1.1,47.0,200,12000.0,70.0,18.0,47.0,4.0,19.0,22.0,66.0,22.0,31.0,20.0,25.0,45.0,14.0,13.0,9.0,1.0,4.0,25.0,24.0,72.0,-35.0
2487191,23,981224,TEKNEI BIZKAIA ZORNOTZA,HOME,72.5,72.6,106.2,96.4,9.8,58.8,52.9,18.6,24.2,50.0,38.4,0.9,64.7,200,12000.0,77.0,15.0,26.0,8.0,25.0,23.0,51.0,23.0,33.0,8.0,20.0,28.0,13.0,15.0,5.0,4.0,1.0,24.0,25.0,75.0,35.0
2484178,24,982146,CB BOET MATARÓ,AWAY,87.0,88.6,94.3,125.1,-30.8,53.2,50.0,19.8,26.5,63.9,45.7,1.0,37.9,200,12000.0,82.0,27.0,51.0,4.0,15.0,31.0,66.0,16.0,25.0,9.0,23.0,32.0,19.0,19.0,7.0,2.0,3.0,18.0,23.0,84.0,-155.0
2484178,24,979865,TIBU-RON CASTELLDEFELS,HOME,90.4,88.6,125.1,94.3,30.8,61.2,61.3,10.6,36.1,73.5,54.3,2.3,22.6,200,12000.0,113.0,32.0,53.0,13.0,31.0,45.0,84.0,10.0,19.0,13.0,25.0,38.0,25.0,11.0,16.0,3.0,2.0,24.0,18.0,130.0,155.0
2484179,24,979311,LETRA CORPOREA BARBASTRO,HOME,92.0,82.0,108.7,103.9,4.8,56.2,53.8,12.7,27.0,76.7,53.8,1.3,32.1,225,13500.0,100.0,33.0,53.0,6.0,25.0,39.0,78.0,16.0,25.0,10.0,33.0,43.0,17.0,13.0,10.0,2.0,1.0,26.0,21.0,106.0,20.0
2484179,24,980002,SANDÁ C.B. L´HOSPITALET,AWAY,92.4,82.0,103.9,108.7,-4.8,54.9,52.0,14.6,23.3,73.0,46.2,1.4,34.2,225,13500.0,96.0,23.0,43.0,11.0,33.0,34.0,76.0,17.0,26.0,10.0,27.0,37.0,21.0,15.0,9.0,1.0,2.0,22.0,26.0,102.0,-20.0
2484180,24,979776,MONBUS - CB IGUALADA,HOME,77.7,79.0,120.9,101.0,19.9,66.5,66.2,16.5,29.2,76.5,56.9,1.8,20.0,200,12000.0,94.0,31.0,44.0,8.0,21.0,39.0,65.0,8.0,13.0,7.0,26.0,33.0,25.0,14.0,10.0,1.0,1.0,14.0,15.0,119.0,65.0
2484180,24,981301,SA REAL INSTALACIONES AREVALO IBIZA,AWAY,80.2,78.9,101.0,120.9,-19.9,56.9,57.2,19.3,23.5,70.8,43.1,1.1,7.2,200,12000.0,81.0,23.0,43.0,11.0,26.0,34.0,69.0,2.0,5.0,8.0,17.0,25.0,19.0,17.0,10.0,1.0,1.0,15.0,13.0,79.0,-65.0
2484181,24,981131,CB VALLS TALLERS PABLO MARTÍNEZ,HOME,92.3,82.2,86.7,81.1,5.6,47.4,42.4,17.6,22.7,71.1,47.2,0.9,38.9,225,13500.0,80.0,17.0,37.0,9.0,35.0,26.0,72.0,19.0,28.0,10.0,32.0,42.0,16.0,18.0,10.0,3.0,1.0,26.0,27.0,79.0,25.0
2484181,24,981354,IBERSOL CB TARRAGONA,AWAY,92.5,82.2,81.1,86.7,-5.6,43.8,35.9,19.0,28.9,77.3,52.8,0.5,46.5,225,13500.0,75.0,15.0,40.0,7.0,31.0,22.0,71.0,24.0,33.0,13.0,34.0,47.0,10.0,20.0,9.0,1.0,3.0,29.0,26.0,61.0,-25.0
2484182,24,981166,C.B.ROSER,AWAY,68.8,68.4,98.8,107.5,-8.7,46.7,46.1,7.6,23.3,57.1,40.0,2.5,31.2,200,12000.0,68.0,25.0,45.0,3.0,19.0,28.0,64.0,9.0,20.0,10.0,24.0,34.0,15.0,6.0,6.0,2.0,0.0,19.0,23.0,76.0,-25.0
2484182,24,979290,PUJOL MOLLERUSSA,HOME,67.9,68.3,107.5,98.8,8.7,48.1,43.4,11.6,42.9,76.7,60.0,1.6,26.5,200,12000.0,73.0,16.0,33.0,9.0,35.0,25.0,68.0,14.0,18.0,18.0,33.0,51.0,16.0,10.0,4.0,0.0,2.0,23.0,19.0,83.0,25.0
2484183,24,981130,ALFINDÉN CB,AWAY,80.7,83.0,70.6,89.0,-18.4,41.5,35.6,18.9,9.8,78.6,44.6,0.5,37.3,200,12000.0,57.0,15.0,38.0,4.0,21.0,19.0,59.0,15.0,22.0,4.0,33.0,37.0,8.0,16.0,6.0,2.0,1.0,22.0,22.0,47.0,-95.0
2484183,24,981218,FLANIGAN CALVIÀ,HOME,85.4,83.0,89.0,70.6,18.4,46.7,43.8,13.8,21.4,90.2,55.4,1.3,26.0,200,12000.0,76.0,20.0,45.0,8.0,28.0,28.0,73.0,12.0,19.0,9.0,37.0,46.0,17.0,13.0,14.0,1.0,2.0,22.0,22.0,89.0,95.0
2484184,24,981219,IMMO SA MARINA CIUTAT D’INCA BASQUET,HOME,76.0,74.0,103.9,96.0,7.9,47.0,41.8,11.6,40.4,67.5,52.9,1.7,34.2,200,12000.0,79.0,17.0,46.0,9.0,27.0,26.0,73.0,18.0,25.0,19.0,27.0,46.0,19.0,11.0,10.0,1.0,1.0,19.0,17.0,88.0,50.0
2484184,24,981133,UE SANT CUGAT - OCCIDENT,AWAY,71.8,73.9,96.0,103.9,-7.9,49.4,46.9,17.7,32.5,59.6,47.1,1.3,16.9,200,12000.0,69.0,17.0,38.0,9.0,27.0,26.0,65.0,8.0,11.0,13.0,28.0,41.0,19.0,15.0,9.0,1.0,1.0,17.0,19.0,84.0,-50.0
2487192,24,979921,IRUKI TAKE,AWAY,78.4,77.3,104.5,113.0,-8.5,55.8,53.2,10.9,11.4,67.9,36.5,1.1,41.9,200,12000.0,82.0,15.0,38.0,12.0,24.0,27.0,62.0,16.0,26.0,4.0,19.0,23.0,10.0,9.0,12.0,0.0,0.0,29.0,25.0,69.0,-20.0
2487192,24,981224,TEKNEI BIZKAIA ZORNOTZA,HOME,76.1,77.2,113.0,104.5,8.5,64.1,60.4,21.2,32.1,88.6,63.5,0.8,60.4,200,12000.0,86.0,14.0,19.0,12.0,34.0,26.0,53.0,22.0,32.0,9.0,31.0,40.0,15.0,18.0,4.0,0.0,0.0,27.0,27.0,90.0,20.0
2487193,24,979288,BASKONIA,HOME,87.7,85.0,104.9,60.8,44.1,55.0,51.4,15.2,30.6,91.5,65.1,0.9,29.7,200,12000.0,92.0,23.0,49.0,10.0,25.0,33.0,74.0,16.0,22.0,11.0,43.0,54.0,13.0,15.0,11.0,3.0,1.0,17.0,15.0,109.0,210.0
2487193,24,981423,BLENDIO,AWAY,82.3,84.9,60.8,104.9,-44.1,34.6,33.6,16.2,8.5,69.4,34.9,0.4,17.9,200,12000.0,50.0,18.0,39.0,3.0,28.0,21.0,67.0,5.0,12.0,4.0,25.0,29.0,5.0,14.0,12.0,1.0,3.0,15.0,17.0,32.0,-210.0
2487194,24,981143,DE MORRO FINO CANTBASKET04,AWAY,81.3,80.3,105.8,101.1,4.7,51.6,45.1,9.7,26.8,63.9,44.2,1.6,39.4,200,12000.0,86.0,17.0,35.0,10.0,36.0,27.0,71.0,22.0,28.0,11.0,23.0,34.0,14.0,9.0,8.0,0.0,0.0,21.0,26.0,88.0,30.0
2487194,24,982050,GRUPO INMAPA FILIPENSES,HOME,79.1,80.2,101.1,105.8,-4.7,53.2,49.2,18.5,36.1,73.2,55.8,0.6,35.4,200,12000.0,80.0,17.0,37.0,10.0,28.0,27.0,65.0,16.0,23.0,13.0,30.0,43.0,11.0,17.0,4.0,0.0,0.0,27.0,21.0,70.0,-30.0
2487195,24,983015,CONSTRUCCIONES GONZALO CRESPO PAS PIÉLAGOS,HOME,84.0,83.1,97.7,91.1,6.6,51.3,43.8,14.0,23.7,70.5,48.8,1.5,52.3,200,12000.0,82.0,21.0,36.0,5.0,29.0,26.0,65.0,25.0,34.0,9.0,31.0,40.0,19.0,13.0,11.0,2.0,5.0,24.0,24.0,93.0,35.0
2487195,24,979908,RESTAURANTE LOS ARCOS CB SOLARES,AWAY,82.3,83.2,91.1,97.7,-6.6,46.7,47.1,15.7,29.5,76.3,51.2,0.7,41.2,200,12000.0,75.0,23.0,43.0,6.0,25.0,29.0,68.0,11.0,28.0,13.0,29.0,42.0,10.0,15.0,5.0,5.0,2.0,24.0,24.0,66.0,-35.0
2487196,24,982049,CAJA RURAL DE ZAMORA CBCV BOECILLO,HOME,81.9,83.0,86.7,85.7,1.0,42.3,38.2,11.6,27.7,55.6,41.3,1.2,23.7,200,12000.0,71.0,23.0,53.0,4.0,23.0,27.0,76.0,13.0,18.0,13.0,25.0,38.0,13.0,11.0,12.0,1.0,4.0,20.0,18.0,68.0,-5.0
2487196,24,981440,RECOLETAS SALUD CARBAJOSA,AWAY,84.0,82.9,85.7,86.7,-1.0,46.8,42.4,26.0,44.4,72.3,58.7,0.2,37.9,200,12000.0,72.0,22.0,44.0,4.0,22.0,26.0,66.0,16.0,25.0,20.0,34.0,54.0,5.0,27.0,10.0,4.0,1.0,18.0,20.0,71.0,5.0
2487197,24,981221,HOTEL 4POSTES - ÁVILA AUTÉNTICA - EL BULEVAR,HOME,72.6,73.9,64.8,101.0,-36.2,35.8,25.5,18.6,20.5,70.4,40.9,0.5,43.6,200,12000.0,47.0,8.0,33.0,4.0,22.0,12.0,55.0,19.0,24.0,8.0,19.0,27.0,7.0,15.0,9.0,1.0,4.0,17.0,22.0,33.0,-145.0
2487197,24,981230,ULACIA ZKE,AWAY,75.3,73.9,101.0,64.8,36.2,58.2,58.3,21.6,29.6,79.5,59.1,1.0,20.0,200,12000.0,76.0,20.0,30.0,10.0,30.0,30.0,60.0,6.0,12.0,8.0,31.0,39.0,18.0,18.0,5.0,4.0,1.0,22.0,16.0,82.0,145.0
2487198,24,979970,MEGACALZADO ARDOI,HOME,85.6,83.0,93.4,93.4,0.0,50.9,41.5,14.2,16.7,73.0,45.2,0.7,47.7,200,12000.0,80.0,18.0,35.0,6.0,30.0,24.0,65.0,26.0,31.0,6.0,27.0,33.0,9.0,13.0,10.0,3.0,5.0,22.0,23.0,77.0,25.0
2487198,24,979777,UNIVERSIDAD DEUSTO LOIOLA INDAUTXU,AWAY,80.3,83.0,93.4,93.4,0.0,49.8,42.1,16.6,27.0,83.3,54.8,0.7,44.4,200,12000.0,75.0,19.0,37.0,5.0,26.0,24.0,63.0,22.0,28.0,10.0,30.0,40.0,10.0,15.0,7.0,5.0,3.0,24.0,21.0,74.0,-25.0
2484185,25,982146,CB BOET MATARÓ,AWAY,86.6,87.4,65.9,78.1,-12.2,41.0,39.0,27.2,21.4,63.3,46.1,0.5,40.7,200,12000.0,57.0,20.0,43.0,2.0,16.0,22.0,59.0,11.0,24.0,9.0,38.0,47.0,14.0,26.0,7.0,2.0,4.0,24.0,22.0,49.0,-60.0
2484185,25,981219,IMMO SA MARINA CIUTAT D’INCA BASQUET,HOME,88.3,87.4,78.1,65.9,12.2,35.8,31.0,12.7,36.7,78.6,53.9,0.8,33.3,200,12000.0,69.0,14.0,44.0,8.0,40.0,22.0,84.0,17.0,28.0,22.0,33.0,55.0,11.0,14.0,15.0,4.0,2.0,22.0,23.0,68.0,60.0
2484186,25,981218,FLANIGAN CALVIÀ,AWAY,83.2,82.8,96.2,81.2,15.0,47.0,45.6,15.0,41.5,64.1,52.5,0.7,57.4,200,12000.0,80.0,25.0,49.0,4.0,19.0,29.0,68.0,18.0,39.0,17.0,25.0,42.0,10.0,15.0,10.0,1.0,4.0,22.0,28.0,74.0,65.0
2484186,25,981133,UE SANT CUGAT - OCCIDENT,HOME,82.5,82.8,81.2,96.2,-15.0,45.0,41.0,22.8,35.9,58.5,47.5,0.6,25.4,200,12000.0,67.0,11.0,30.0,11.0,37.0,22.0,67.0,12.0,17.0,14.0,24.0,38.0,13.0,22.0,7.0,4.0,1.0,28.0,22.0,51.0,-65.0
2484187,25,981130,ALFINDÉN CB,HOME,74.9,72.4,93.4,116.0,-22.6,48.0,41.5,12.1,22.9,51.2,38.2,0.5,27.7,200,12000.0,70.0,18.0,38.0,6.0,27.0,24.0,65.0,16.0,18.0,8.0,21.0,29.0,5.0,10.0,3.0,1.0,2.0,19.0,17.0,53.0,-55.0
2484187,25,979290,PUJOL MOLLERUSSA,AWAY,69.8,72.4,116.0,93.4,22.6,48.9,45.3,7.8,48.8,77.1,61.8,2.3,27.0,200,12000.0,81.0,20.0,42.0,9.0,32.0,29.0,74.0,14.0,20.0,20.0,27.0,47.0,16.0,7.0,5.0,2.0,1.0,17.0,19.0,95.0,55.0
2484188,25,981166,C.B.ROSER,HOME,76.6,77.0,99.2,75.0,24.2,44.4,44.0,9.5,36.7,88.0,54.1,2.1,7.2,200,12000.0,76.0,23.0,50.0,9.0,33.0,32.0,83.0,3.0,6.0,18.0,22.0,40.0,19.0,9.0,10.0,0.0,3.0,19.0,17.0,80.0,90.0
2484188,25,981131,CB VALLS TALLERS PABLO MARTÍNEZ,AWAY,77.4,77.0,75.0,99.2,-24.2,48.0,41.3,24.9,12.0,63.3,45.9,0.6,36.5,200,12000.0,58.0,14.0,27.0,5.0,25.0,19.0,52.0,15.0,19.0,3.0,31.0,34.0,11.0,20.0,4.0,3.0,0.0,17.0,18.0,54.0,-90.0
2484189,25,981354,IBERSOL CB TARRAGONA,HOME,79.8,82.0,100.3,85.3,15.0,50.2,44.0,15.8,42.9,76.9,60.8,0.9,43.3,200,12000.0,80.0,22.0,45.0,5.0,22.0,27.0,67.0,21.0,29.0,15.0,30.0,45.0,14.0,15.0,10.0,3.0,1.0,26.0,24.0,87.0,40.0
2484189,25,979776,MONBUS - CB IGUALADA,AWAY,84.4,82.1,85.3,100.3,-15.0,47.7,43.8,19.3,23.1,57.1,39.2,0.6,40.6,200,12000.0,72.0,13.0,33.0,10.0,31.0,23.0,64.0,16.0,26.0,9.0,20.0,29.0,11.0,18.0,7.0,1.0,3.0,25.0,25.0,51.0,-40.0
2484190,25,979311,LETRA CORPOREA BARBASTRO,AWAY,83.1,82.1,98.7,120.5,-21.8,48.2,44.7,12.4,32.6,81.2,53.3,1.8,30.7,200,12000.0,82.0,26.0,46.0,5.0,29.0,31.0,75.0,15.0,23.0,14.0,26.0,40.0,21.0,12.0,8.0,2.0,1.0,23.0,23.0,89.0,-80.0
2484190,25,981301,SA REAL INSTALACIONES AREVALO IBIZA,HOME,81.3,82.2,120.5,98.7,21.8,62.6,58.3,10.3,18.8,67.4,46.7,2.2,42.4,200,12000.0,98.0,22.0,40.0,11.0,26.0,33.0,66.0,21.0,28.0,6.0,29.0,35.0,20.0,9.0,7.0,1.0,2.0,25.0,23.0,110.0,80.0
2484191,25,980002,SANDÁ C.B. L´HOSPITALET,HOME,78.1,78.0,98.6,97.4,1.2,57.4,52.6,20.2,18.8,69.0,47.3,1.0,40.4,200,12000.0,77.0,18.0,32.0,8.0,25.0,26.0,57.0,17.0,23.0,6.0,29.0,35.0,17.0,17.0,4.0,1.0,1.0,17.0,21.0,84.0,5.0
2484191,25,979865,TIBU-RON CASTELLDEFELS,AWAY,78.0,78.1,97.4,98.6,-1.2,44.7,43.6,6.6,31.0,81.2,52.7,3.8,20.5,200,12000.0,76.0,22.0,48.0,8.0,30.0,30.0,78.0,8.0,16.0,13.0,26.0,39.0,23.0,6.0,9.0,1.0,1.0,22.0,17.0,81.0,-5.0
2487199,25,979921,IRUKI TAKE,AWAY,75.6,76.6,100.5,92.8,7.7,51.6,50.0,18.8,44.1,78.4,62.0,0.8,22.4,200,12000.0,76.0,23.0,35.0,7.0,32.0,30.0,67.0,9.0,15.0,15.0,29.0,44.0,13.0,17.0,12.0,1.0,1.0,22.0,17.0,81.0,20.0
2487199,25,979970,MEGACALZADO ARDOI,HOME,77.6,76.6,92.8,100.5,-7.7,52.5,53.4,19.9,21.6,55.9,38.0,1.1,41.4,200,12000.0,72.0,13.0,25.0,12.0,33.0,25.0,58.0,10.0,24.0,8.0,19.0,27.0,19.0,17.0,12.0,1.0,1.0,17.0,22.0,72.0,-20.0
2487200,25,981221,HOTEL 4POSTES - ÁVILA AUTÉNTICA - EL BULEVAR,AWAY,88.0,86.1,81.8,68.9,12.9,44.4,42.9,21.4,33.3,67.7,47.4,0.4,35.7,200,12000.0,72.0,21.0,43.0,6.0,27.0,27.0,70.0,12.0,25.0,15.0,21.0,36.0,8.0,22.0,17.0,2.0,5.0,23.0,22.0,56.0,70.0
2487200,25,979777,UNIVERSIDAD DEUSTO LOIOLA INDAUTXU,HOME,84.2,86.1,68.9,81.8,-12.9,46.6,43.4,34.0,32.3,66.7,52.6,0.6,39.6,200,12000.0,58.0,17.0,32.0,4.0,21.0,21.0,53.0,12.0,21.0,10.0,30.0,40.0,18.0,32.0,10.0,5.0,2.0,22.0,23.0,59.0,-70.0
2487201,25,982049,CAJA RURAL DE ZAMORA CBCV BOECILLO,AWAY,76.7,76.7,78.2,101.5,-23.3,44.3,35.3,17.1,13.9,70.0,39.4,0.6,37.9,200,12000.0,60.0,16.0,37.0,3.0,21.0,19.0,58.0,19.0,22.0,5.0,21.0,26.0,9.0,14.0,10.0,2.0,3.0,24.0,19.0,46.0,-90.0
2487201,25,981230,ULACIA ZKE,HOME,76.9,76.8,101.5,78.2,23.3,59.2,54.6,23.3,30.0,86.1,60.6,0.9,50.0,200,12000.0,78.0,19.0,35.0,7.0,19.0,26.0,54.0,19.0,27.0,9.0,31.0,40.0,18.0,20.0,9.0,3.0,2.0,19.0,24.0,97.0,90.0
2487202,25,983015,CONSTRUCCIONES GONZALO CRESPO PAS PIÉLAGOS,AWAY,85.6,84.0,95.8,92.1,3.7,53.5,50.7,19.9,37.0,66.7,55.6,0.9,21.4,200,12000.0,82.0,28.0,49.0,5.0,21.0,33.0,70.0,11.0,15.0,10.0,30.0,40.0,18.0,19.0,2.0,3.0,4.0,18.0,16.0,83.0,30.0
2487202,25,981440,RECOLETAS SALUD CARBAJOSA,HOME,82.5,84.0,92.1,95.8,-3.7,45.0,42.2,13.3,33.3,63.0,44.4,1.3,22.1,200,12000.0,76.0,22.0,44.0,7.0,33.0,29.0,77.0,11.0,17.0,15.0,17.0,32.0,17.0,13.0,13.0,4.0,3.0,17.0,18.0,76.0,-30.0
2487203,25,982050,GRUPO INMAPA FILIPENSES,HOME,91.8,89.4,92.6,94.1,-1.5,57.6,52.5,24.5,17.6,71.7,48.8,0.6,47.5,200,12000.0,85.0,14.0,29.0,12.0,32.0,26.0,61.0,21.0,29.0,6.0,33.0,39.0,14.0,24.0,5.0,1.0,2.0,23.0,26.0,80.0,15.0
2487203,25,979908,RESTAURANTE LOS ARCOS CB SOLARES,AWAY,87.1,89.4,94.1,92.6,1.5,44.5,43.3,8.0,28.3,82.4,51.2,1.2,28.0,200,12000.0,82.0,31.0,61.0,3.0,21.0,34.0,82.0,11.0,23.0,13.0,28.0,41.0,10.0,8.0,14.0,2.0,1.0,26.0,23.0,78.0,-15.0
2487204,25,979288,BASKONIA,AWAY,78.7,79.8,100.4,111.2,-10.8,47.8,45.9,11.7,34.1,65.9,49.4,1.4,30.1,200,12000.0,79.0,26.0,46.0,5.0,27.0,31.0,73.0,12.0,22.0,15.0,27.0,42.0,15.0,11.0,9.0,1.0,1.0,20.0,20.0,83.0,-55.0
2487204,25,981143,DE MORRO FINO CANTBASKET04,HOME,80.9,79.9,111.2,100.4,10.8,54.9,51.4,13.7,34.1,65.9,50.6,1.0,24.3,200,12000.0,90.0,14.0,33.0,16.0,41.0,30.0,74.0,14.0,18.0,14.0,29.0,43.0,13.0,13.0,3.0,1.0,1.0,20.0,20.0,89.0,55.0
2487205,25,981423,BLENDIO,HOME,78.2,79.8,99.8,115.4,-15.6,53.3,50.7,16.1,25.7,71.1,49.3,0.6,20.9,200,12000.0,78.0,16.0,35.0,12.0,32.0,28.0,67.0,10.0,14.0,9.0,27.0,36.0,8.0,14.0,6.0,3.0,1.0,24.0,16.0,66.0,-80.0
2487205,25,981224,TEKNEI BIZKAIA ZORNOTZA,AWAY,81.4,79.8,115.4,99.8,15.6,56.3,50.0,9.7,28.9,74.3,50.7,1.2,36.1,200,12000.0,94.0,21.0,40.0,10.0,32.0,31.0,72.0,22.0,26.0,11.0,26.0,37.0,11.0,9.0,7.0,1.0,3.0,16.0,24.0,104.0,80.0
2484192,26,982146,CB BOET MATARÓ,HOME,83.1,83.2,93.8,121.3,-27.5,46.9,43.8,9.8,20.0,75.9,41.9,1.7,31.5,200,12000.0,78.0,23.0,44.0,6.0,29.0,29.0,73.0,14.0,23.0,9.0,22.0,31.0,15.0,9.0,8.0,5.0,2.0,14.0,18.0,79.0,-115.0
2484192,26,980002,SANDÁ C.B. L´HOSPITALET,AWAY,83.3,83.2,121.3,93.8,27.5,66.2,64.1,15.5,24.1,80.0,58.1,2.4,16.9,200,12000.0,101.0,26.0,44.0,13.0,27.0,39.0,71.0,10.0,12.0,7.0,36.0,43.0,33.0,14.0,7.0,2.0,5.0,19.0,14.0,133.0,115.0
2484193,26,981301,SA REAL INSTALACIONES AREVALO IBIZA,AWAY,85.3,84.4,72.7,105.5,-32.8,41.7,38.4,18.6,14.0,56.4,34.1,1.1,17.4,200,12000.0,62.0,16.0,37.0,7.0,32.0,23.0,69.0,9.0,12.0,6.0,22.0,28.0,18.0,17.0,8.0,3.0,1.0,25.0,20.0,48.0,-130.0
2484193,26,979865,TIBU-RON CASTELLDEFELS,HOME,83.4,84.4,105.5,72.7,32.8,53.4,47.2,17.9,43.6,86.0,65.9,1.1,36.6,200,12000.0,88.0,29.0,53.0,3.0,18.0,32.0,71.0,21.0,26.0,17.0,37.0,54.0,19.0,18.0,10.0,1.0,3.0,20.0,25.0,115.0,130.0
2484194,26,981354,IBERSOL CB TARRAGONA,AWAY,81.2,78.2,105.9,97.1,8.8,51.1,49.3,15.1,50.0,76.7,64.6,1.0,42.3,200,12000.0,86.0,23.0,49.0,8.0,22.0,31.0,71.0,16.0,30.0,18.0,33.0,51.0,15.0,15.0,6.0,4.0,4.0,15.0,22.0,100.0,65.0
2484194,26,979311,LETRA CORPOREA BARBASTRO,HOME,75.2,78.2,97.1,105.9,-8.8,47.9,45.9,10.6,23.3,50.0,35.4,2.4,6.8,200,12000.0,73.0,16.0,44.0,12.0,30.0,28.0,74.0,5.0,5.0,10.0,18.0,28.0,22.0,9.0,9.0,4.0,4.0,23.0,15.0,73.0,-65.0
2484195,26,981166,C.B.ROSER,AWAY,70.5,74.0,105.0,65.8,39.2,55.7,55.1,17.4,31.2,75.7,55.1,1.1,28.8,200,12000.0,74.0,16.0,28.0,11.0,31.0,27.0,59.0,9.0,17.0,10.0,28.0,38.0,16.0,14.0,6.0,0.0,0.0,18.0,21.0,83.0,115.0
2484195,26,979776,MONBUS - CB IGUALADA,HOME,77.5,74.0,65.8,105.0,-39.2,35.7,31.2,17.3,24.3,68.8,44.9,0.7,26.6,200,12000.0,51.0,17.0,40.0,2.0,24.0,19.0,64.0,11.0,17.0,9.0,22.0,31.0,10.0,15.0,12.0,0.0,0.0,21.0,18.0,35.0,-115.0
2484196,26,981130,ALFINDÉN CB,AWAY,76.8,77.7,89.8,124.6,-34.8,54.1,51.8,23.9,21.2,86.7,52.4,0.8,36.4,200,12000.0,69.0,15.0,28.0,9.0,27.0,24.0,55.0,12.0,20.0,7.0,26.0,33.0,16.0,20.0,6.0,2.0,1.0,23.0,14.0,58.0,-145.0
2484196,26,981131,CB VALLS TALLERS PABLO MARTÍNEZ,HOME,78.6,77.7,124.6,89.8,34.8,66.5,62.5,10.9,13.3,78.8,47.6,2.8,51.7,200,12000.0,98.0,18.0,31.0,13.0,29.0,31.0,60.0,23.0,31.0,4.0,26.0,30.0,25.0,9.0,11.0,1.0,2.0,14.0,22.0,127.0,145.0
2484197,26,979290,PUJOL MOLLERUSSA,HOME,78.6,77.9,99.3,85.4,13.9,53.0,48.4,18.8,32.4,68.3,51.3,1.2,38.1,200,12000.0,78.0,23.0,40.0,5.0,23.0,28.0,63.0,17.0,24.0,12.0,28.0,40.0,21.0,17.0,11.0,4.0,1.0,16.0,20.0,99.0,60.0
2484197,26,981133,UE SANT CUGAT - OCCIDENT,AWAY,77.3,77.9,85.4,99.3,-13.9,44.4,41.3,17.7,31.7,67.6,48.7,0.7,17.4,200,12000.0,66.0,18.0,44.0,7.0,25.0,25.0,69.0,9.0,12.0,13.0,25.0,38.0,11.0,16.0,11.0,1.0,4.0,20.0,16.0,60.0,-60.0
2484198,26,981218,FLANIGAN CALVIÀ,HOME,76.0,77.6,92.1,85.8,6.3,50.0,48.3,20.5,29.3,73.2,51.2,0.9,42.4,200,12000.0,70.0,12.0,35.0,11.0,24.0,23.0,59.0,13.0,25.0,12.0,30.0,42.0,17.0,18.0,8.0,2.0,3.0,17.0,21.0,77.0,10.0
2484198,26,981219,IMMO SA MARINA CIUTAT D’INCA BASQUET,AWAY,79.3,77.6,85.8,92.1,-6.3,43.4,40.4,13.3,26.8,70.7,48.8,1.5,16.4,200,12000.0,68.0,16.0,42.0,9.0,31.0,25.0,73.0,9.0,12.0,11.0,29.0,40.0,18.0,12.0,12.0,3.0,2.0,21.0,17.0,74.0,-10.0
2487206,26,981423,BLENDIO,AWAY,84.5,82.8,67.5,129.4,-61.9,42.2,35.8,27.0,21.6,67.5,45.5,0.4,28.3,200,12000.0,57.0,11.0,31.0,7.0,29.0,18.0,60.0,14.0,17.0,8.0,27.0,35.0,9.0,25.0,5.0,2.0,2.0,11.0,16.0,43.0,-240.0
2487206,26,979921,IRUKI TAKE,HOME,81.2,82.8,129.4,67.5,61.9,60.9,58.8,8.5,32.5,78.4,54.5,3.1,17.5,200,12000.0,105.0,23.0,42.0,16.0,38.0,39.0,80.0,11.0,14.0,13.0,29.0,42.0,25.0,8.0,13.0,2.0,2.0,16.0,11.0,130.0,240.0
2487207,26,981143,DE MORRO FINO CANTBASKET04,AWAY,78.4,79.8,77.8,106.0,-28.2,44.0,37.7,18.7,17.9,54.1,35.5,0.7,31.1,200,12000.0,61.0,17.0,38.0,4.0,23.0,21.0,61.0,15.0,19.0,7.0,20.0,27.0,11.0,16.0,11.0,2.0,5.0,13.0,20.0,59.0,-125.0
2487207,26,981224,TEKNEI BIZKAIA ZORNOTZA,HOME,81.2,79.7,106.0,77.8,28.2,52.3,50.0,16.3,45.9,82.1,64.5,1.3,18.4,200,12000.0,86.0,23.0,40.0,10.0,36.0,33.0,76.0,10.0,14.0,17.0,32.0,49.0,21.0,16.0,6.0,5.0,2.0,21.0,13.0,96.0,125.0
2487208,26,979288,BASKONIA,HOME,84.7,84.0,100.4,85.2,15.2,49.0,46.1,12.2,32.6,72.5,51.8,1.0,28.6,200,12000.0,85.0,22.0,52.0,9.0,25.0,31.0,77.0,14.0,22.0,14.0,29.0,43.0,12.0,12.0,11.0,2.0,5.0,18.0,21.0,90.0,70.0
2487208,26,979908,RESTAURANTE LOS ARCOS CB SOLARES,AWAY,83.4,84.1,85.2,100.4,-15.2,44.7,40.1,15.9,27.5,67.4,48.2,0.7,26.8,200,12000.0,71.0,24.0,49.0,3.0,22.0,27.0,71.0,14.0,19.0,11.0,29.0,40.0,10.0,15.0,8.0,5.0,2.0,21.0,18.0,67.0,-70.0
2487209,26,982050,GRUPO INMAPA FILIPENSES,HOME,83.6,86.1,104.1,78.8,25.3,47.5,42.0,10.7,38.8,79.1,57.6,1.1,29.6,200,12000.0,87.0,25.0,59.0,6.0,22.0,31.0,81.0,19.0,24.0,19.0,34.0,53.0,12.0,11.0,8.0,1.0,4.0,18.0,21.0,98.0,85.0
2487209,26,981440,RECOLETAS SALUD CARBAJOSA,AWAY,88.8,86.2,78.8,104.1,-25.3,43.3,40.3,17.4,20.9,61.2,42.4,0.6,27.8,200,12000.0,70.0,17.0,30.0,8.0,42.0,25.0,72.0,12.0,20.0,9.0,30.0,39.0,11.0,17.0,5.0,4.0,1.0,21.0,18.0,54.0,-85.0
2487210,26,983015,CONSTRUCCIONES GONZALO CRESPO PAS PIÉLAGOS,HOME,76.8,75.3,75.5,81.2,-5.7,41.5,35.2,17.7,20.0,67.9,39.7,0.5,32.8,200,12000.0,58.0,17.0,36.0,3.0,25.0,20.0,61.0,15.0,20.0,8.0,19.0,27.0,8.0,15.0,14.0,3.0,4.0,25.0,20.0,44.0,-10.0
2487210,26,981230,ULACIA ZKE,AWAY,73.9,75.3,81.2,75.5,5.7,50.1,39.6,27.8,32.1,80.0,60.3,0.3,56.2,200,12000.0,60.0,13.0,32.0,4.0,16.0,17.0,48.0,22.0,27.0,9.0,32.0,41.0,7.0,23.0,9.0,4.0,3.0,20.0,25.0,67.0,10.0
2487211,26,982049,CAJA RURAL DE ZAMORA CBCV BOECILLO,HOME,80.1,77.9,69.9,77.9,-8.0,35.8,34.6,15.2,25.5,79.5,50.0,0.7,33.8,200,12000.0,56.0,13.0,35.0,7.0,33.0,20.0,68.0,9.0,23.0,12.0,31.0,43.0,10.0,14.0,9.0,2.0,2.0,24.0,20.0,40.0,-15.0
2487211,26,979777,UNIVERSIDAD DEUSTO LOIOLA INDAUTXU,AWAY,75.8,78.0,77.9,69.9,8.0,41.7,38.8,15.5,20.5,74.5,50.0,0.8,50.0,200,12000.0,59.0,15.0,35.0,5.0,23.0,20.0,58.0,14.0,29.0,8.0,35.0,43.0,10.0,13.0,6.0,2.0,2.0,21.0,23.0,56.0,15.0
2487212,26,981221,HOTEL 4POSTES - ÁVILA AUTÉNTICA - EL BULEVAR,HOME,76.0,78.7,105.3,74.9,30.4,51.3,51.4,19.6,52.5,86.5,68.8,0.9,12.2,200,12000.0,80.0,23.0,45.0,10.0,29.0,33.0,74.0,4.0,9.0,21.0,32.0,53.0,18.0,19.0,9.0,2.0,1.0,18.0,17.0,96.0,95.0
2487212,26,979970,MEGACALZADO ARDOI,AWAY,81.5,78.8,74.9,105.3,-30.4,43.3,42.1,18.5,13.5,47.5,31.2,0.8,27.0,200,12000.0,61.0,10.0,32.0,11.0,31.0,21.0,63.0,8.0,17.0,5.0,19.0,24.0,12.0,16.0,11.0,1.0,2.0,17.0,18.0,43.0,-95.0
